/**
 * generated by fontconvert.py
 * name: notosans_16_bolditalic
 * size: 16
 * mode: 2-bit
 */
#pragma once
#include "EpdFontData.h"

static const uint8_t notosans_16_bolditalicBitmaps[92725] = {
    0x00, 0x3F, 0xF4, 0x01, 0xFF, 0xC0, 0x07, 0xFF, 0x00, 0x2F, 0xF8, 0x00, 0xFF, 0xD0, 0x03, 0xFF,
    0x00, 0x0F, 0xFC, 0x00, 0x7F, 0xE0, 0x01, 0xFF, 0x40, 0x0B, 0xFC, 0x00, 0x3F, 0xF0, 0x00, 0xFF,
    0x80, 0x03, 0xFD, 0x00, 0x1F, 0xF0, 0x00, 0xBF, 0xC0, 0x02, 0xFE, 0x00, 0x00, 0x00, 0x00, 0x00,
    0x00, 0x01, 0xFD, 0x00, 0x0F, 0xFC, 0x00, 0x7F, 0xF0, 0x02, 0xFF, 0xC0, 0x07, 0xFE, 0x00, 0x0B,
    0xE0, 0x00, 0x2F, 0xF0, 0xFF, 0x4F, 0xF8, 0x3F, 0xC3, 0xFD, 0x1F, 0xF0, 0xFF, 0x07, 0xF8, 0x3F,
    0x82, 0xFD, 0x1F, 0xD0, 0xBF, 0x07, 0xF0, 0x3F, 0x82, 0xFC, 0x0F, 0xD0, 0xBE, 0x03, 0xF0, 0x00,
    0x00, 0x00, 0x2F, 0xC0, 0xFE, 0x00, 0x00, 0x03, 0xF4, 0x1F, 0xC0, 0x00, 0x00, 0x7F, 0x02, 0xFC,
    0x00, 0x00, 0x0B, 0xF0, 0x3F, 0x80, 0x00, 0x00, 0xFE, 0x03, 0xF4, 0x00, 0x00, 0x1F, 0xC0, 0xBF,
    0x00, 0x03, 0xFF, 0xFF, 0xFF, 0xFF, 0xE0, 0x7F, 0xFF, 0xFF, 0xFF, 0xFE, 0x07, 0xFF, 0xFF, 0xFF,
    0xFF, 0xE0, 0x7F, 0xFF, 0xFF, 0xFF, 0xFD, 0x00, 0x0B, 0xF0, 0x3F, 0xC0, 0x00, 0x00, 0xFE, 0x03,
    0xF4, 0x00, 0x00, 0x0F, 0xD0, 0x7F, 0x00, 0x00, 0x01, 0xFC, 0x0B, 0xF0, 0x00, 0x3F, 0xFF, 0xFF,
    0xFF, 0xFF, 0x03, 0xFF, 0xFF, 0xFF, 0xFF, 0xF0, 0x7F, 0xFF, 0xFF, 0xFF, 0xFE, 0x00, 0x0B, 0xF0,
    0x3F, 0x80, 0x00, 0x00, 0xFE, 0x03, 0xF4, 0x00, 0x00, 0x0F, 0xD0, 0x7F, 0x00, 0x00, 0x01, 0xFC,
    0x0B, 0xF0, 0x00, 0x00, 0x2F, 0xC0, 0xFE, 0x00, 0x00, 0x03, 0xF8, 0x1F, 0xD0, 0x00, 0x00, 0x3F,
    0x42, 0xFC, 0x00, 0x00, 0x00, 0x00, 0x01, 0xF0, 0x00, 0x00, 0x00, 0x0B, 0x80, 0x00, 0x00, 0x00,
    0x3E, 0x00, 0x00, 0x00, 0x6F, 0xFF, 0x90, 0x00, 0x0F, 0xFF, 0xFF, 0xF0, 0x00, 0xFF, 0xFF, 0xFF,
    0x80, 0x0F, 0xFF, 0xFF, 0xFD, 0x00, 0x7F, 0xF3, 0xD1, 0xB0, 0x02, 0xFF, 0x4F, 0x40, 0x00, 0x0B,
    0xFC, 0x3C, 0x00, 0x00, 0x2F, 0xF9, 0xF0, 0x00, 0x00, 0x7F, 0xFF, 0x80, 0x00, 0x00, 0xFF, 0xFF,
    0x80, 0x00, 0x00, 0xFF, 0xFF, 0xE0, 0x00, 0x00, 0xBF, 0xFF, 0xE0, 0x00, 0x00, 0x2F, 0xFF, 0xD0,
    0x00, 0x00, 0xBF, 0xFF, 0x80, 0x00, 0x03, 0xD7, 0xFF, 0x00, 0x00, 0x0F, 0x0F, 0xFC, 0x08, 0x00,
    0x7C, 0x7F, 0xE0, 0x3F, 0x52, 0xF7, 0xFF, 0x40, 0xFF, 0xFF, 0xFF, 0xFC, 0x03, 0xFF, 0xFF, 0xFF,
    0xD0, 0x0F, 0xFF, 0xFF, 0xFD, 0x00, 0x06, 0xFF, 0xFE, 0x40, 0x00, 0x00, 0x2E, 0x00, 0x00, 0x00,
    0x00, 0xF4, 0x00, 0x00, 0x00, 0x03, 0xD0, 0x00, 0x00, 0x00, 0x2F, 0xE4, 0x00, 0x00, 0xFF, 0x00,
    0x07, 0xFF, 0xF4, 0x00, 0x0B, 0xF0, 0x00, 0x3F, 0xFF, 0xF0, 0x00, 0x7F, 0x40, 0x03, 0xFF, 0xFF,
    0xC0, 0x03, 0xF8, 0x00, 0x1F, 0xF8, 0xFF, 0x40, 0x3F, 0xC0, 0x00, 0xBF, 0xC2, 0xFD, 0x02, 0xFD,
    0x00, 0x03, 0xFD, 0x0B, 0xF0, 0x1F, 0xE0, 0x00, 0x0F, 0xF0, 0x3F, 0xC0, 0xFF, 0x00, 0x00, 0x3F,
    0xC0, 0xFF, 0x0F, 0xF6, 0xFF, 0x40, 0xFF, 0x0B, 0xF4, 0xBF, 0xBF, 0xFF, 0x43, 0xFC, 0x7F, 0xC7,
    0xFB, 0xFF, 0xFF, 0x0B, 0xFF, 0xFD, 0x3F, 0xEF, 0xFF, 0xFC, 0x0F, 0xFF, 0xD2, 0xFD, 0xFF, 0x8F,
    0xF4, 0x0B, 0xF8, 0x1F, 0xD7, 0xFC, 0x2F, 0xD0, 0x00, 0x00, 0xFE, 0x2F, 0xE0, 0xBF, 0x40, 0x00,
    0x0F, 0xF0, 0xFF, 0x43, 0xFC, 0x00, 0x00, 0xBF, 0x03, 0xFC, 0x0F, 0xF0, 0x00, 0x07, 0xF4, 0x0F,
    0xF0, 0x3F, 0xC0, 0x00, 0x3F, 0x80, 0x3F, 0xC1, 0xFE, 0x00, 0x03, 0xFC, 0x00, 0xFF, 0x0F, 0xF0,
    0x00, 0x2F, 0xD0, 0x03, 0xFC, 0x7F, 0x80, 0x01, 0xFE, 0x00, 0x0B, 0xFF, 0xFC, 0x00, 0x0F, 0xF0,
    0x00, 0x0F, 0xFF, 0xD0, 0x00, 0xFF, 0x00, 0x00, 0x0B, 0xF8, 0x00, 0x00, 0x00, 0x6F, 0xF8, 0x00,
    0x00, 0x00, 0x0F, 0xFF, 0xFC, 0x00, 0x00, 0x00, 0xFF, 0xFF, 0xFC, 0x00, 0x00, 0x0F, 0xFF, 0xFF,
    0xF4, 0x00, 0x00, 0x3F, 0xF4, 0xBF, 0xE0, 0x00, 0x01, 0xFF, 0x40, 0xFF, 0x80, 0x00, 0x07, 0xFC,
    0x03, 0xFD, 0x00, 0x00, 0x1F, 0xF0, 0x2F, 0xF0, 0x00, 0x00, 0x3F, 0xD1, 0xFF, 0x40, 0x00, 0x00,
    0xFF, 0xFF, 0xF4, 0x00, 0x00, 0x01, 0xFF, 0xFE, 0x00, 0x00, 0x00, 0x2F, 0xFF, 0xC0, 0x0F, 0xFC,
    0x03, 0xFF, 0xFF, 0x40, 0x7F, 0xE0, 0x7F, 0xFF, 0xFF, 0x02, 0xFF, 0x03, 0xFF, 0x8B, 0xFF, 0x1F,
    0xF8, 0x1F, 0xF8, 0x0F, 0xFE, 0xFF, 0xC0, 0xFF, 0xD0, 0x0F, 0xFF, 0xFD, 0x03, 0xFF, 0x40, 0x2F,
    0xFF, 0xE0, 0x0F, 0xFE, 0x00, 0x3F, 0xFE, 0x00, 0x2F, 0xFD, 0x06, 0xFF, 0xF8, 0x00, 0x7F, 0xFF,
    0xFF, 0xFF, 0xF0, 0x00, 0xFF, 0xFF, 0xFF, 0xFF, 0xF0, 0x00, 0xFF, 0xFF, 0xFD, 0xFF, 0xE0, 0x00,
    0x6F, 0xFE, 0x41, 0xFF, 0xC0, 0x2F, 0xF3, 0xFE, 0x3F, 0xD3, 0xFC, 0x3F, 0x87, 0xF4, 0x7F, 0x0B,
    0xF0, 0xBE, 0x00, 0x00, 0x00, 0xFF, 0x40, 0x00, 0xFF, 0x40, 0x00, 0xBF, 0x80, 0x00, 0xBF, 0xC0,
    0x00, 0x3F, 0xC0, 0x00, 0x3F, 0xE0, 0x00, 0x1F, 0xF0, 0x00, 0x0F, 0xF8, 0x00, 0x07, 0xFC, 0x00,
    0x03, 0xFE, 0x00, 0x00, 0xFF, 0x00, 0x00, 0xBF, 0xC0, 0x00, 0x3F, 0xE0, 0x00, 0x0F, 0xF4, 0x00,
    0x07, 0xFC, 0x00, 0x01, 0xFF, 0x00, 0x00, 0xBF, 0xC0, 0x00, 0x2F, 0xE0, 0x00, 0x0F, 0xF8, 0x00,
    0x03, 0xFE, 0x00, 0x00, 0xFF, 0x80, 0x00, 0x2F, 0xE0, 0x00, 0x0B, 0xF8, 0x00, 0x02, 0xFF, 0x00,
    0x00, 0x7F, 0xC0, 0x00, 0x0F, 0xF0, 0x00, 0x03, 0xFD, 0x00, 0x00, 0x7F, 0x80, 0x00, 0x0F, 0xF0,
    0x00, 0x02, 0xFD, 0x00, 0x00, 0x00, 0x03, 0xFC, 0x00, 0x00, 0x2F, 0xD0, 0x00, 0x01, 0xFF, 0x00,
    0x00, 0x0F, 0xF0, 0x00, 0x00, 0xFF, 0x40, 0x00, 0x0B, 0xF8, 0x00, 0x00, 0x7F, 0xC0, 0x00, 0x07,
    0xFC, 0x00, 0x00, 0x7F, 0xC0, 0x00, 0x03, 0xFC, 0x00, 0x00, 0x3F, 0xC0, 0x00, 0x03, 0xFC, 0x00,
    0x00, 0x7F, 0xC0, 0x00, 0x07, 0xFC, 0x00, 0x00, 0xBF, 0xC0, 0x00, 0x0B, 0xF8, 0x00, 0x00, 0xFF,
    0x80, 0x00, 0x0F, 0xF4, 0x00, 0x01, 0xFF, 0x00, 0x00, 0x3F, 0xE0, 0x00, 0x03, 0xFD, 0x00, 0x00,
    0xBF, 0xC0, 0x00, 0x0F, 0xF4, 0x00, 0x02, 0xFF, 0x00, 0x00, 0x7F, 0xD0, 0x00, 0x0F, 0xF8, 0x00,
    0x02, 0xFF, 0x00, 0x00, 0x7F, 0xC0, 0x00, 0x0F, 0xF4, 0x00, 0x03, 0xFD, 0x00, 0x00, 0x00, 0x00,
    0x50, 0x00, 0x00, 0x00, 0x3F, 0xD0, 0x00, 0x00, 0x0F, 0xF0, 0x00, 0x00, 0x03, 0xF8, 0x00, 0x0E,
    0x00, 0xFD, 0x00, 0x07, 0xF8, 0x3F, 0x00, 0x03, 0xFF, 0xEF, 0x80, 0x00, 0xFF, 0xFF, 0xFF, 0xFF,
    0x01, 0xBF, 0xFF, 0xFF, 0x80, 0x07, 0xFF, 0xFF, 0xE0, 0x07, 0xFF, 0xD5, 0xB8, 0x07, 0xFF, 0xF8,
    0x00, 0x07, 0xFD, 0x7F, 0x00, 0x03, 0xFE, 0x0F, 0xE0, 0x00, 0x3F, 0x03, 0xFC, 0x00, 0x02, 0x40,
    0xBF, 0x40, 0x00, 0x00, 0x1D, 0x00, 0x00, 0x00, 0x00, 0x00, 0x00, 0x00, 0x03, 0xF8, 0x00, 0x00,
    0x00, 0xFE, 0x00, 0x00, 0x00, 0x3F, 0x80, 0x00, 0x00, 0x0F, 0xE0, 0x00, 0x00, 0x03, 0xF8, 0x00,
    0x00, 0x00, 0xFE, 0x00, 0x00, 0x00, 0x3F, 0x80, 0x00, 0xFF, 0xFF, 0xFF, 0xFF, 0x3F, 0xFF, 0xFF,
    0xFF, 0xCF, 0xFF, 0xFF, 0xFF, 0xF3, 0xFF, 0xFF, 0xFF, 0xFC, 0x00, 0x0F, 0xE0, 0x00, 0x00, 0x03,
    0xF8, 0x00, 0x00, 0x00, 0xFE, 0x00, 0x00, 0x00, 0x3F, 0x80, 0x00, 0x00, 0x0F, 0xE0, 0x00, 0x00,
    0x03, 0xF8, 0x00, 0x00, 0x02, 0xFF, 0x40, 0xFF, 0xC0, 0x7F, 0xD0, 0x2F, 0xF0, 0x0F, 0xF4, 0x0B,
    0xF8, 0x03, 0xFC, 0x01, 0xFD, 0x00, 0x00, 0x00, 0x02, 0xFF, 0xFF, 0x3F, 0xFF, 0xE3, 0xFF, 0xFD,
    0x7F, 0xFF, 0xC0, 0x1F, 0xD0, 0xFF, 0xCB, 0xFF, 0x2F, 0xFC, 0xBF, 0xE0, 0xFE, 0x00, 0x00, 0x00,
    0x00, 0x1F, 0xF4, 0x00, 0x00, 0x00, 0xFF, 0x80, 0x00, 0x00, 0x07, 0xFC, 0x00, 0x00, 0x00, 0x3F,
    0xE0, 0x00, 0x00, 0x02, 0xFF, 0x00, 0x00, 0x00, 0x0F, 0xF4, 0x00, 0x00, 0x00, 0xBF, 0xC0, 0x00,
    0x00, 0x03, 0xFD, 0x00, 0x00, 0x00, 0x3F, 0xF0, 0x00, 0x00, 0x01, 0xFF, 0x00, 0x00, 0x00, 0x0F,
    0xF8, 0x00, 0x00, 0x00, 0x7F, 0xC0, 0x00, 0x00, 0x03, 0xFE, 0x00, 0x00, 0x00, 0x2F, 0xF0, 0x00,
    0x00, 0x00, 0xFF, 0x40, 0x00, 0x00, 0x0B, 0xFC, 0x00, 0x00, 0x00, 0x7F, 0xD0, 0x00, 0x00, 0x03,
    0xFE, 0x00, 0x00, 0x00, 0x1F, 0xF0, 0x00, 0x00, 0x00, 0xFF, 0x80, 0x00, 0x00, 0x0B, 0xFC, 0x00,
    0x00, 0x00, 0x3F, 0xD0, 0x00, 0x00, 0x02, 0xFF, 0x00, 0x00, 0x00, 0x0F, 0xF4, 0x00, 0x00, 0x00,
    0x00, 0x01, 0xFF, 0xD0, 0x00, 0x01, 0xFF, 0xFF, 0xC0, 0x00, 0x7F, 0xFF, 0xFF, 0x00, 0x1F, 0xFF,
    0xFF, 0xF4, 0x03, 0xFF, 0xC2, 0xFF, 0x80, 0xBF, 0xF0, 0x0F, 0xFC, 0x0F, 0xFD, 0x00, 0xFF, 0xC1,
    0xFF, 0xC0, 0x0F, 0xFC, 0x3F, 0xF4, 0x00, 0xFF, 0xC3, 0xFF, 0x00, 0x0F, 0xFC, 0x7F, 0xF0, 0x00,
    0xFF, 0xCB, 0xFE, 0x00, 0x0F, 0xFC, 0xBF, 0xD0, 0x01, 0xFF, 0x8F, 0xFC, 0x00, 0x2F, 0xF4, 0xFF,
    0xC0, 0x03, 0xFF, 0x4F, 0xFC, 0x00, 0x3F, 0xF0, 0xFF, 0xC0, 0x0B, 0xFE, 0x0F, 0xFC, 0x00, 0xFF,
    0xD0, 0xFF, 0xD0, 0x2F, 0xFC, 0x0B, 0xFF, 0x0B, 0xFF, 0x40, 0x3F, 0xFF, 0xFF, 0xE0, 0x02, 0xFF,
    0xFF, 0xF8, 0x00, 0x0F, 0xFF, 0xFE, 0x00, 0x00, 0x1B, 0xFE, 0x00, 0x00, 0x00, 0x00, 0x2F, 0xF0,
    0x00, 0x07, 0xFF, 0xC0, 0x00, 0xBF, 0xFE, 0x00, 0x1F, 0xFF, 0xF8, 0x03, 0xFF, 0xFF, 0xD0, 0xBF,
    0xFF, 0xFF, 0x02, 0xFF, 0xDF, 0xFC, 0x03, 0xF8, 0x3F, 0xE0, 0x07, 0x41, 0xFF, 0x40, 0x00, 0x0B,
    0xFC, 0x00, 0x00, 0x3F, 0xF0, 0x00, 0x00, 0xFF, 0xC0, 0x00, 0x07, 0xFE, 0x00, 0x00, 0x2F, 0xF4,
    0x00, 0x00, 0xBF, 0xC0, 0x00, 0x03, 0xFF, 0x00, 0x00, 0x0F, 0xFC, 0x00, 0x00, 0x7F, 0xE0, 0x00,
    0x02, 0xFF, 0x40, 0x00, 0x0F, 0xFC, 0x00, 0x00, 0x3F, 0xF0, 0x00, 0x00, 0xFF, 0x80, 0x00, 0x07,
    0xFE, 0x00, 0x00, 0x2F, 0xF4, 0x00, 0x00, 0x00, 0x6F, 0xF9, 0x00, 0x00, 0x1F, 0xFF, 0xFF, 0x00,
    0x03, 0xFF, 0xFF, 0xFF, 0x00, 0x3F, 0xFF, 0xFF, 0xFD, 0x00, 0x3F, 0xD0, 0x7F, 0xF8, 0x00, 0x78,
    0x00, 0x7F, 0xF0, 0x00, 0x40, 0x00, 0xFF, 0xC0, 0x00, 0x00, 0x07, 0xFE, 0x00, 0x00, 0x00, 0x2F,
    0xF4, 0x00, 0x00, 0x01, 0xFF, 0xC0, 0x00, 0x00, 0x0F, 0xFD, 0x00, 0x00, 0x00, 0xFF, 0xF0, 0x00,
    0x00, 0x0F, 0xFF, 0x00, 0x00, 0x00, 0xFF, 0xF0, 0x00, 0x00, 0x1F, 0xFF, 0x00, 0x00, 0x01, 0xFF,
    0xE0, 0x00, 0x00, 0x2F, 0xFE, 0x00, 0x00, 0x02, 0xFF, 0xD0, 0x00, 0x00, 0x2F, 0xFD, 0x00, 0x00,
    0x03, 0xFF, 0xC0, 0x00, 0x00, 0x3F, 0xFF, 0xFF, 0xFF, 0x81, 0xFF, 0xFF, 0xFF, 0xFD, 0x07, 0xFF,
    0xFF, 0xFF, 0xF0, 0x2F, 0xFF, 0xFF, 0xFF, 0xC0, 0x00, 0x02, 0xFF, 0xF8, 0x00, 0x02, 0xFF, 0xFF,
    0xF4, 0x00, 0xFF, 0xFF, 0xFF, 0xD0, 0x0B, 0xFF, 0xFF, 0xFE, 0x00, 0x3E, 0x41, 0xFF, 0xF0, 0x00,
    0x00, 0x03, 0xFF, 0x00, 0x00, 0x00, 0x3F, 0xF0, 0x00, 0x00, 0x0B, 0xFD, 0x00, 0x00, 0x07, 0xFF,
    0x80, 0x00, 0xFF, 0xFF, 0xE0, 0x00, 0x1F, 0xFF, 0xE0, 0x00, 0x02, 0xFF, 0xFE, 0x00, 0x00, 0x2F,
    0xFF, 0xFC, 0x00, 0x00, 0x01, 0xFF, 0xF0, 0x00, 0x00, 0x03, 0xFF, 0x40, 0x00, 0x00, 0x1F, 0xF4,
    0x00, 0x00, 0x01, 0xFF, 0x40, 0x00, 0x00, 0x2F, 0xF4, 0x40, 0x00, 0x07, 0xFF, 0x0F, 0x90, 0x06,
    0xFF, 0xE0, 0xFF, 0xFF, 0xFF, 0xFC, 0x0F, 0xFF, 0xFF, 0xFF, 0x00, 0xBF, 0xFF, 0xFF, 0x80, 0x00,
    0xAF, 0xFE, 0x80, 0x00, 0x00, 0x00, 0x00, 0x2F, 0xFC, 0x00, 0x00, 0x01, 0xFF, 0xE0, 0x00, 0x00,
    0x0F, 0xFF, 0x40, 0x00, 0x00, 0xFF, 0xFC, 0x00, 0x00, 0x0F, 0xFF, 0xF0, 0x00, 0x00, 0xBF, 0xFF,
    0xC0, 0x00, 0x07, 0xFF, 0xFE, 0x00, 0x00, 0x7F, 0xDF, 0xF4, 0x00, 0x03, 0xFD, 0x7F, 0xC0, 0x00,
    0x3F, 0xE2, 0xFF, 0x00, 0x03, 0xFE, 0x0F, 0xF8, 0x00, 0x2F, 0xF0, 0x3F, 0xE0, 0x01, 0xFF, 0x01,
    0xFF, 0x40, 0x1F, 0xF0, 0x0B, 0xFC, 0x00, 0xFF, 0x40, 0x3F, 0xF0, 0x0B, 0xFF, 0xFF, 0xFF, 0xFD,
    0x3F, 0xFF, 0xFF, 0xFF, 0xF0, 0xFF, 0xFF, 0xFF, 0xFF, 0xC7, 0xFF, 0xFF, 0xFF, 0xFF, 0x00, 0x00,
    0x03, 0xFF, 0x00, 0x00, 0x00, 0x0F, 0xF8, 0x00, 0x00, 0x00, 0x7F, 0xD0, 0x00, 0x00, 0x02, 0xFF,
    0x00, 0x00, 0x00, 0x0B, 0xFC, 0x00, 0x00, 0x0F, 0xFF, 0xFF, 0xF4, 0x00, 0x7F, 0xFF, 0xFF, 0xC0,
    0x02, 0xFF, 0xFF, 0xFF, 0x00, 0x0F, 0xFF, 0xFF, 0xF8, 0x00, 0x7F, 0xD0, 0x00, 0x00, 0x02, 0xFF,
    0x00, 0x00, 0x00, 0x0F, 0xF8, 0x00, 0x00, 0x00, 0x3F, 0xD0, 0x00, 0x00, 0x01, 0xFF, 0xFF, 0x80,
    0x00, 0x0F, 0xFF, 0xFF, 0xE0, 0x00, 0x3F, 0xFF, 0xFF, 0xD0, 0x00, 0xFF, 0xFF, 0xFF, 0xC0, 0x00,
    0x90, 0x1F, 0xFF, 0x40, 0x00, 0x00, 0x0F, 0xFD, 0x00, 0x00, 0x00, 0x2F, 0xF8, 0x00, 0x00, 0x00,
    0xBF, 0xE0, 0x00, 0x00, 0x02, 0xFF, 0x40, 0x00, 0x00, 0x0F, 0xFC, 0x04, 0x00, 0x00, 0xBF, 0xF0,
    0x2F, 0x40, 0x1F, 0xFF, 0x40, 0xBF, 0xFF, 0xFF, 0xF8, 0x02, 0xFF, 0xFF, 0xFF, 0xC0, 0x07, 0xFF,
    0xFF, 0xF8, 0x00, 0x01, 0xBF, 0xF9, 0x00, 0x00, 0x00, 0x00, 0x1B, 0xFF, 0xD0, 0x00, 0x1F, 0xFF,
    0xFE, 0x00, 0x0F, 0xFF, 0xFF, 0xD0, 0x03, 0xFF, 0xFF, 0xFC, 0x00, 0xFF, 0xF9, 0x00, 0x40, 0x2F,
    0xFC, 0x00, 0x00, 0x03, 0xFF, 0x00, 0x00, 0x00, 0xBF, 0xC0, 0x00, 0x00, 0x0F, 0xF8, 0xBF, 0xD0,
    0x01, 0xFF, 0x7F, 0xFF, 0x80, 0x3F, 0xFF, 0xFF, 0xFD, 0x03, 0xFF, 0xFF, 0xFF, 0xF0, 0x3F, 0xFD,
    0x0B, 0xFF, 0x07, 0xFF, 0x00, 0x3F, 0xF0, 0x7F, 0xE0, 0x03, 0xFF, 0x0B, 0xFD, 0x00, 0x3F, 0xF0,
    0xBF, 0xD0, 0x03, 0xFF, 0x07, 0xFD, 0x00, 0x7F, 0xE0, 0x7F, 0xE0, 0x0F, 0xFD, 0x03, 0xFF, 0x43,
    0xFF, 0xC0, 0x2F, 0xFF, 0xFF, 0xF4, 0x00, 0xFF, 0xFF, 0xFD, 0x00, 0x07, 0xFF, 0xFF, 0x40, 0x00,
    0x0B, 0xFF, 0x80, 0x00, 0x03, 0xFF, 0xFF, 0xFF, 0xF8, 0x1F, 0xFF, 0xFF, 0xFF, 0xD0, 0xBF, 0xFF,
    0xFF, 0xFF, 0x43, 0xFF, 0xFF, 0xFF, 0xFC, 0x00, 0x00, 0x00, 0xFF, 0xD0, 0x00, 0x00, 0x0B, 0xFF,
    0x00, 0x00, 0x00, 0x3F, 0xF0, 0x00, 0x00, 0x03, 0xFF, 0x80, 0x00, 0x00, 0x1F, 0xFC, 0x00, 0x00,
    0x00, 0xFF, 0xD0, 0x00, 0x00, 0x0B, 0xFF, 0x00, 0x00, 0x00, 0x3F, 0xF0, 0x00, 0x00, 0x03, 0xFF,
    0x80, 0x00, 0x00, 0x1F, 0xFC, 0x00, 0x00, 0x00, 0xFF, 0xD0, 0x00, 0x00, 0x0B, 0xFF, 0x00, 0x00,
    0x00, 0x3F, 0xF4, 0x00, 0x00, 0x03, 0xFF, 0x80, 0x00, 0x00, 0x1F, 0xFC, 0x00, 0x00, 0x00, 0xFF,
    0xE0, 0x00, 0x00, 0x0B, 0xFF, 0x00, 0x00, 0x00, 0x3F, 0xF4, 0x00, 0x00, 0x03, 0xFF, 0xC0, 0x00,
    0x00, 0x1F, 0xFC, 0x00, 0x00, 0x00, 0x00, 0x00, 0xBF, 0xF8, 0x00, 0x00, 0x2F, 0xFF, 0xFE, 0x00,
    0x02, 0xFF, 0xFF, 0xFD, 0x00, 0x1F, 0xFF, 0xFF, 0xFC, 0x00, 0xFF, 0xE0, 0x7F, 0xF0, 0x03, 0xFF,
    0x00, 0xBF, 0xD0, 0x0F, 0xF8, 0x01, 0xFF, 0x00, 0x3F, 0xE0, 0x0B, 0xFC, 0x00, 0xBF, 0xC0, 0x3F,
    0xD0, 0x00, 0xFF, 0x83, 0xFE, 0x00, 0x01, 0xFF, 0xFF, 0xD0, 0x00, 0x03, 0xFF, 0xF8, 0x00, 0x00,
    0xBF, 0xFF, 0xF8, 0x00, 0x0F, 0xFF, 0x7F, 0xF8, 0x00, 0xFF, 0xD0, 0x3F, 0xF0, 0x0B, 0xFD, 0x00,
    0x7F, 0xE0, 0x3F, 0xF0, 0x00, 0xFF, 0x80, 0xFF, 0xC0, 0x03, 0xFF, 0x03, 0xFF, 0x00, 0x1F, 0xF8,
    0x0F, 0xFF, 0x41, 0xFF, 0xD0, 0x2F, 0xFF, 0xFF, 0xFF, 0x00, 0x3F, 0xFF, 0xFF, 0xF0, 0x00, 0x3F,
    0xFF, 0xFF, 0x00, 0x00, 0x1B, 0xFF, 0x90, 0x00, 0x00, 0x06, 0xFF, 0x80, 0x00, 0x1F, 0xFF, 0xFE,
    0x00, 0x2F, 0xFF, 0xFF, 0xD0, 0x1F, 0xFF, 0xFF, 0xFC, 0x0F, 0xFF, 0x47, 0xFF, 0x47, 0xFF, 0x00,
    0x7F, 0xE2, 0xFF, 0x40, 0x0F, 0xF8, 0xFF, 0xC0, 0x03, 0xFF, 0x3F, 0xF0, 0x01, 0xFF, 0x8F, 0xFC,
    0x00, 0xFF, 0xE3, 0xFF, 0x81, 0xFF, 0xF8, 0xBF, 0xFF, 0xFF, 0xFD, 0x0F, 0xFF, 0xFF, 0xFF, 0x41,
    0xFF, 0xFD, 0xFF, 0xC0, 0x1F, 0xFD, 0x3F, 0xF0, 0x00, 0x00, 0x2F, 0xF4, 0x00, 0x00, 0x0F, 0xFC,
    0x00, 0x00, 0x0B, 0xFE, 0x00, 0x00, 0x0B, 0xFF, 0x01, 0x40, 0x1F, 0xFF, 0x40, 0xBF, 0xFF, 0xFF,
    0x80, 0x2F, 0xFF, 0xFF, 0x80, 0x0B, 0xFF, 0xFF, 0x40, 0x01, 0xBF, 0xF9, 0x00, 0x00, 0x00, 0x7F,
    0x40, 0x0F, 0xFC, 0x02, 0xFF, 0xC0, 0x3F, 0xFC, 0x02, 0xFF, 0x80, 0x0F, 0xE0, 0x00, 0x00, 0x00,
    0x00, 0x00, 0x00, 0x00, 0x00, 0x00, 0x00, 0x00, 0x00, 0x00, 0x00, 0x00, 0x00, 0x00, 0x01, 0xFD,
    0x00, 0x3F, 0xF0, 0x0B, 0xFF, 0x00, 0xBF, 0xF0, 0x0B, 0xFE, 0x00, 0x3F, 0x80, 0x00, 0x00, 0x07,
    0xF4, 0x00, 0x0F, 0xFC, 0x00, 0x2F, 0xFC, 0x00, 0x3F, 0xFC, 0x00, 0x2F, 0xF8, 0x00, 0x0F, 0xE0,
    0x00, 0x00, 0x00, 0x00, 0x00, 0x00, 0x00, 0x00, 0x00, 0x00, 0x00, 0x00, 0x00, 0x00, 0x00, 0x00,
    0x00, 0x00, 0x00, 0x00, 0x00, 0x00, 0x00, 0x00, 0x00, 0x00, 0x00, 0x00, 0x00, 0x00, 0x03, 0xFF,
    0x00, 0x03, 0xFE, 0x00, 0x0B, 0xFC, 0x00, 0x0F, 0xF8, 0x00, 0x1F, 0xF0, 0x00, 0x2F, 0xD0, 0x00,
    0x3F, 0xC0, 0x00, 0xBF, 0x40, 0x00, 0x00, 0x00, 0x00, 0x00, 0x00, 0x00, 0x00, 0x00, 0xB0, 0x00,
    0x00, 0x02, 0xFC, 0x00, 0x00, 0x0B, 0xFF, 0x00, 0x00, 0x2F, 0xFF, 0xC0, 0x00, 0xBF, 0xFF, 0x40,
    0x02, 0xFF, 0xFD, 0x00, 0x07, 0xFF, 0xE0, 0x00, 0x1F, 0xFF, 0x80, 0x00, 0x0F, 0xFE, 0x00, 0x00,
    0x03, 0xFF, 0xD0, 0x00, 0x00, 0xBF, 0xFF, 0x80, 0x00, 0x02, 0xFF, 0xFE, 0x00, 0x00, 0x07, 0xFF,
    0xFD, 0x00, 0x00, 0x1F, 0xFF, 0xF8, 0x00, 0x00, 0x2F, 0xFF, 0x00, 0x00, 0x00, 0xBF, 0xC0, 0x00,
    0x00, 0x02, 0xF0, 0x00, 0x00, 0x00, 0x04, 0x3F, 0xFF, 0xFF, 0xFF, 0xCF, 0xFF, 0xFF, 0xFF, 0xF3,
    0xFF, 0xFF, 0xFF, 0xFC, 0xFF, 0xFF, 0xFF, 0xFF, 0x00, 0x00, 0x00, 0x00, 0x00, 0x00, 0x00, 0x00,
    0x03, 0xFF, 0xFF, 0xFF, 0xFC, 0xFF, 0xFF, 0xFF, 0xFF, 0x3F, 0xFF, 0xFF, 0xFF, 0xCF, 0xFF, 0xFF,
    0xFF, 0xF0, 0x00, 0x00, 0x00, 0x00, 0x0D, 0x00, 0x00, 0x00, 0x03, 0xF4, 0x00, 0x00, 0x00, 0xFF,
    0xD0, 0x00, 0x00, 0x3F, 0xFF, 0x40, 0x00, 0x01, 0xFF, 0xFD, 0x00, 0x00, 0x07, 0xFF, 0xF4, 0x00,
    0x00, 0x1F, 0xFF, 0xD0, 0x00, 0x00, 0x7F, 0xFF, 0x40, 0x00, 0x01, 0xFF, 0xF0, 0x00, 0x00, 0x7F,
    0xFC, 0x00, 0x02, 0xFF, 0xFD, 0x00, 0x1F, 0xFF, 0xF4, 0x00, 0xBF, 0xFF, 0xD0, 0x02, 0xFF, 0xFE,
    0x00, 0x00, 0xFF, 0xF8, 0x00, 0x00, 0x3F, 0xD0, 0x00, 0x00, 0x0F, 0x40, 0x00, 0x00, 0x01, 0x00,
    0x00, 0x00, 0x00, 0x00, 0x6F, 0xF9, 0x00, 0x2F, 0xFF, 0xFF, 0x03, 0xFF, 0xFF, 0xFE, 0x07, 0xFF,
    0xFF, 0xFC, 0x0F, 0x90, 0x7F, 0xF4, 0x10, 0x00, 0x7F, 0xD0, 0x00, 0x02, 0xFF, 0x00, 0x00, 0x0F,
    0xFC, 0x00, 0x01, 0xFF, 0xD0, 0x00, 0x3F, 0xFD, 0x00, 0x07, 0xFF, 0xC0, 0x00, 0x3F, 0xF8, 0x00,
    0x03, 0xFF, 0x40, 0x00, 0x0F, 0xF4, 0x00, 0x00, 0xBF, 0x80, 0x00, 0x01, 0x54, 0x00, 0x00, 0x00,
    0x00, 0x00, 0x00, 0x00, 0x00, 0x00, 0x00, 0xFD, 0x00, 0x00, 0x0F, 0xFC, 0x00, 0x00, 0x7F, 0xF4,
    0x00, 0x01, 0xFF, 0xC0, 0x00, 0x03, 0xFF, 0x00, 0x00, 0x0B, 0xE0, 0x00, 0x00, 0x00, 0x00, 0x01,
    0xBF, 0xFE, 0x40, 0x00, 0x00, 0x00, 0x2F, 0xFF, 0xFF, 0xF8, 0x00, 0x00, 0x02, 0xFF, 0xFF, 0xFF,
    0xFF, 0x00, 0x00, 0x0F, 0xFE, 0x40, 0x06, 0xFF, 0xC0, 0x00, 0x7F, 0xE0, 0x00, 0x00, 0x3F, 0xE0,
    0x00, 0xFF, 0x40, 0x00, 0x00, 0x0F, 0xF0, 0x03, 0xFD, 0x00, 0x7F, 0xF9, 0x07, 0xF8, 0x07, 0xF8,
    0x07, 0xFF, 0xFF, 0x83, 0xFC, 0x0F, 0xF0, 0x1F, 0xFF, 0xFF, 0x42, 0xFC, 0x1F, 0xD0, 0x3F, 0xD0,
    0xBF, 0x01, 0xFC, 0x3F, 0xC0, 0xFF, 0x40, 0xFF, 0x01, 0xFC, 0x3F, 0x80, 0xFE, 0x00, 0xFE, 0x01,
    0xFC, 0x3F, 0x42, 0xFC, 0x01, 0xFD, 0x02, 0xFC, 0x7F, 0x03, 0xFC, 0x02, 0xFC, 0x03, 0xFC, 0x7F,
    0x03, 0xF8, 0x03, 0xFC, 0x03, 0xF8, 0x7F, 0x03, 0xF8, 0x03, 0xF8, 0x0B, 0xF0, 0x7F, 0x03, 0xF8,
    0x0B, 0xF8, 0x0F, 0xF0, 0x7F, 0x43, 0xFC, 0x2F, 0xF8, 0x7F, 0xC0, 0x3F, 0x82, 0xFF, 0xFF, 0xFF,
    0xFF, 0x40, 0x3F, 0xC0, 0xFF, 0xF8, 0xFF, 0xFD, 0x00, 0x2F, 0xD0, 0x2F, 0xD0, 0x2F, 0xE0, 0x00,
    0x0F, 0xF0, 0x00, 0x00, 0x00, 0x00, 0x00, 0x0B, 0xFD, 0x00, 0x00, 0x00, 0x00, 0x00, 0x03, 0xFF,
    0x90, 0x00, 0x6E, 0x00, 0x00, 0x00, 0xBF, 0xFF, 0xFF, 0xFE, 0x00, 0x00, 0x00, 0x1F, 0xFF, 0xFF,
    0xFD, 0x00, 0x00, 0x00, 0x01, 0xBF, 0xFE, 0x90, 0x00, 0x00, 0x00, 0x00, 0x00, 0xFF, 0xF8, 0x00,
    0x00, 0x00, 0x7F, 0xFE, 0x00, 0x00, 0x00, 0x3F, 0xFF, 0xC0, 0x00, 0x00, 0x1F, 0xFF, 0xF0, 0x00,
    0x00, 0x0F, 0xFB, 0xFC, 0x00, 0x00, 0x07, 0xFC, 0xFF, 0x00, 0x00, 0x03, 0xFE, 0x3F, 0xC0, 0x00,
    0x01, 0xFF, 0x0F, 0xF4, 0x00, 0x00, 0xFF, 0x83, 0xFD, 0x00, 0x00, 0x7F, 0xC0, 0xFF, 0x40, 0x00,
    0x3F, 0xE0, 0x3F, 0xE0, 0x00, 0x2F, 0xF0, 0x0B, 0xF8, 0x00, 0x0F, 0xFC, 0x02, 0xFF, 0x00, 0x0B,
    0xFD, 0x00, 0xBF, 0xC0, 0x03, 0xFF, 0xFF, 0xFF, 0xF0, 0x02, 0xFF, 0xFF, 0xFF, 0xFC, 0x00, 0xFF,
    0xFF, 0xFF, 0xFF, 0x00, 0xBF, 0xFF, 0xFF, 0xFF, 0xD0, 0x3F, 0xF0, 0x00, 0x1F, 0xF4, 0x2F, 0xF4,
    0x00, 0x03, 0xFD, 0x0F, 0xFC, 0x00, 0x00, 0xFF, 0x8B, 0xFD, 0x00, 0x00, 0x3F, 0xE3, 0xFF, 0x00,
    0x00, 0x0F, 0xFE, 0xFF, 0x40, 0x00, 0x03, 0xFF, 0x00, 0x0F, 0xFF, 0xFF, 0x80, 0x00, 0x07, 0xFF,
    0xFF, 0xFE, 0x00, 0x02, 0xFF, 0xFF, 0xFF, 0xE0, 0x00, 0xFF, 0xFF, 0xFF, 0xFC, 0x00, 0x3F, 0xF0,
    0x0B, 0xFF, 0x40, 0x1F, 0xF8, 0x00, 0xFF, 0xD0, 0x07, 0xFD, 0x00, 0x3F, 0xF0, 0x02, 0xFF, 0x00,
    0x0F, 0xFC, 0x00, 0xFF, 0xC0, 0x1F, 0xFD, 0x00, 0x3F, 0xFF, 0xFF, 0xFD, 0x00, 0x1F, 0xFF, 0xFF,
    0xF8, 0x00, 0x0B, 0xFF, 0xFF, 0xF9, 0x00, 0x02, 0xFF, 0xFF, 0xFF, 0xD0, 0x00, 0xFF, 0xC0, 0x2F,
    0xFC, 0x00, 0x3F, 0xF0, 0x02, 0xFF, 0x80, 0x1F, 0xF8, 0x00, 0x7F, 0xE0, 0x0B, 0xFD, 0x00, 0x1F,
    0xF8, 0x03, 0xFF, 0x00, 0x0B, 0xFE, 0x00, 0xFF, 0xC0, 0x03, 0xFF, 0x40, 0x3F, 0xF0, 0x07, 0xFF,
    0xC0, 0x1F, 0xFF, 0xFF, 0xFF, 0xD0, 0x0B, 0xFF, 0xFF, 0xFF, 0xE0, 0x03, 0xFF, 0xFF, 0xFF, 0xD0,
    0x00, 0xFF, 0xFF, 0xFE, 0x40, 0x00, 0x00, 0x00, 0x1B, 0xFF, 0xE0, 0x00, 0x00, 0x7F, 0xFF, 0xFF,
    0xD0, 0x00, 0xBF, 0xFF, 0xFF, 0xF4, 0x00, 0xBF, 0xFF, 0xFF, 0xFC, 0x00, 0xBF, 0xFD, 0x01, 0xBD,
    0x00, 0x7F, 0xF8, 0x00, 0x01, 0x00, 0x3F, 0xFC, 0x00, 0x00, 0x00, 0x1F, 0xFC, 0x00, 0x00, 0x00,
    0x0F, 0xFD, 0x00, 0x00, 0x00, 0x03, 0xFF, 0x00, 0x00, 0x00, 0x01, 0xFF, 0x80, 0x00, 0x00, 0x00,
    0xBF, 0xD0, 0x00, 0x00, 0x00, 0x3F, 0xF4, 0x00, 0x00, 0x00, 0x0F, 0xFC, 0x00, 0x00, 0x00, 0x03,
    0xFF, 0x00, 0x00, 0x00, 0x00, 0xFF, 0xC0, 0x00, 0x00, 0x00, 0x3F, 0xF4, 0x00, 0x00, 0x00, 0x0F,
    0xFE, 0x00, 0x00, 0x00, 0x02, 0xFF, 0xD0, 0x00, 0x00, 0x00, 0x3F, 0xFE, 0x01, 0x6D, 0x00, 0x0B,
    0xFF, 0xFF, 0xFF, 0x40, 0x00, 0xFF, 0xFF, 0xFF, 0xD0, 0x00, 0x0B, 0xFF, 0xFF, 0xF0, 0x00, 0x00,
    0x2F, 0xFF, 0x90, 0x00, 0x00, 0x0F, 0xFF, 0xFE, 0x40, 0x00, 0x01, 0xFF, 0xFF, 0xFF, 0x00, 0x00,
    0x2F, 0xFF, 0xFF, 0xFC, 0x00, 0x03, 0xFF, 0xFF, 0xFF, 0xF0, 0x00, 0x3F, 0xF0, 0x1F, 0xFF, 0x80,
    0x07, 0xFF, 0x00, 0x2F, 0xFC, 0x00, 0x7F, 0xE0, 0x00, 0xFF, 0xD0, 0x0B, 0xFD, 0x00, 0x0F, 0xFD,
    0x00, 0xFF, 0xC0, 0x00, 0xBF, 0xE0, 0x0F, 0xFC, 0x00, 0x0B, 0xFE, 0x01, 0xFF, 0x80, 0x00, 0xBF,
    0xD0, 0x2F, 0xF8, 0x00, 0x0B, 0xFD, 0x02, 0xFF, 0x40, 0x00, 0xFF, 0xD0, 0x3F, 0xF0, 0x00, 0x0F,
    0xFC, 0x03, 0xFF, 0x00, 0x01, 0xFF, 0xC0, 0x7F, 0xE0, 0x00, 0x3F, 0xF8, 0x0B, 0xFE, 0x00, 0x07,
    0xFF, 0x00, 0xFF, 0xD0, 0x00, 0xFF, 0xE0, 0x0F, 0xFC, 0x00, 0x7F, 0xFC, 0x00, 0xFF, 0xC0, 0x6F,
    0xFF, 0x40, 0x1F, 0xFF, 0xFF, 0xFF, 0xD0, 0x02, 0xFF, 0xFF, 0xFF, 0xF4, 0x00, 0x3F, 0xFF, 0xFF,
    0xF8, 0x00, 0x03, 0xFF, 0xFF, 0xE4, 0x00, 0x00, 0x00, 0x0F, 0xFF, 0xFF, 0xFC, 0x00, 0x1F, 0xFF,
    0xFF, 0xFC, 0x00, 0x2F, 0xFF, 0xFF, 0xF8, 0x00, 0x3F, 0xFF, 0xFF, 0xF4, 0x00, 0x3F, 0xF0, 0x00,
    0x00, 0x00, 0x7F, 0xF0, 0x00, 0x00, 0x00, 0x7F, 0xE0, 0x00, 0x00, 0x00, 0xBF, 0xD0, 0x00, 0x00,
    0x00, 0xFF, 0xC0, 0x00, 0x00, 0x00, 0xFF, 0xFF, 0xFF, 0x80, 0x01, 0xFF, 0xFF, 0xFF, 0x40, 0x02,
    0xFF, 0xFF, 0xFF, 0x00, 0x02, 0xFF, 0xFF, 0xFF, 0x00, 0x03, 0xFF, 0x00, 0x00, 0x00, 0x03, 0xFF,
    0x00, 0x00, 0x00, 0x07, 0xFE, 0x00, 0x00, 0x00, 0x0B, 0xFD, 0x00, 0x00, 0x00, 0x0F, 0xFC, 0x00,
    0x00, 0x00, 0x0F, 0xFC, 0x00, 0x00, 0x00, 0x0F, 0xFC, 0x00, 0x00, 0x00, 0x1F, 0xFF, 0xFF, 0xFC,
    0x00, 0x2F, 0xFF, 0xFF, 0xF8, 0x00, 0x3F, 0xFF, 0xFF, 0xF8, 0x00, 0x3F, 0xFF, 0xFF, 0xF4, 0x00,
    0x00, 0x0F, 0xFF, 0xFF, 0xFC, 0x00, 0x1F, 0xFF, 0xFF, 0xFC, 0x00, 0x2F, 0xFF, 0xFF, 0xF8, 0x00,
    0x3F, 0xFF, 0xFF, 0xF4, 0x00, 0x3F, 0xF0, 0x00, 0x00, 0x00, 0x7F, 0xE0, 0x00, 0x00, 0x00, 0x7F,
    0xE0, 0x00, 0x00, 0x00, 0xBF, 0xD0, 0x00, 0x00, 0x00, 0xFF, 0xC0, 0x00, 0x00, 0x00, 0xFF, 0xC0,
    0x00, 0x00, 0x01, 0xFF, 0xFF, 0xFF, 0x40, 0x02, 0xFF, 0xFF, 0xFF, 0x00, 0x02, 0xFF, 0xFF, 0xFF,
    0x00, 0x03, 0xFF, 0xFF, 0xFE, 0x00, 0x03, 0xFF, 0x00, 0x00, 0x00, 0x07, 0xFE, 0x00, 0x00, 0x00,
    0x0B, 0xFD, 0x00, 0x00, 0x00, 0x0F, 0xFC, 0x00, 0x00, 0x00, 0x0F, 0xFC, 0x00, 0x00, 0x00, 0x0F,
    0xFC, 0x00, 0x00, 0x00, 0x1F, 0xF8, 0x00, 0x00, 0x00, 0x2F, 0xF4, 0x00, 0x00, 0x00, 0x3F, 0xF0,
    0x00, 0x00, 0x00, 0x3F, 0xF0, 0x00, 0x00, 0x00, 0x00, 0x00, 0x06, 0xFF, 0xF9, 0x00, 0x00, 0x0B,
    0xFF, 0xFF, 0xFD, 0x00, 0x07, 0xFF, 0xFF, 0xFF, 0xC0, 0x02, 0xFF, 0xFF, 0xFF, 0xF8, 0x00, 0xBF,
    0xFE, 0x40, 0x6F, 0x00, 0x1F, 0xFF, 0x00, 0x00, 0x00, 0x03, 0xFF, 0xC0, 0x00, 0x00, 0x00, 0x7F,
    0xF4, 0x00, 0x00, 0x00, 0x0F, 0xFE, 0x00, 0x00, 0x00, 0x00, 0xFF, 0xC0, 0x00, 0x00, 0x00, 0x2F,
    0xFC, 0x02, 0xFF, 0xFF, 0x42, 0xFF, 0x80, 0x3F, 0xFF, 0xF0, 0x3F, 0xF4, 0x03, 0xFF, 0xFF, 0x03,
    0xFF, 0x00, 0x7F, 0xFF, 0xE0, 0x3F, 0xF0, 0x00, 0x0B, 0xFE, 0x03, 0xFF, 0x00, 0x00, 0xBF, 0xD0,
    0x3F, 0xF4, 0x00, 0x0F, 0xFC, 0x03, 0xFF, 0x80, 0x00, 0xFF, 0xC0, 0x2F, 0xFD, 0x00, 0x1F, 0xF8,
    0x00, 0xFF, 0xF8, 0x06, 0xFF, 0x40, 0x0B, 0xFF, 0xFF, 0xFF, 0xF4, 0x00, 0x2F, 0xFF, 0xFF, 0xFF,
    0x00, 0x00, 0xBF, 0xFF, 0xFF, 0xE0, 0x00, 0x00, 0x7F, 0xFE, 0x90, 0x00, 0x00, 0x0F, 0xFC, 0x00,
    0x0B, 0xFD, 0x00, 0x1F, 0xF8, 0x00, 0x0F, 0xFC, 0x00, 0x2F, 0xF4, 0x00, 0x0F, 0xFC, 0x00, 0x3F,
    0xF0, 0x00, 0x1F, 0xFC, 0x00, 0x3F, 0xF0, 0x00, 0x1F, 0xF8, 0x00, 0x7F, 0xF0, 0x00, 0x2F, 0xF4,
    0x00, 0x7F, 0xE0, 0x00, 0x3F, 0xF0, 0x00, 0xBF, 0xD0, 0x00, 0x3F, 0xF0, 0x00, 0xFF, 0xC0, 0x00,
    0x7F, 0xE0, 0x00, 0xFF, 0xFF, 0xFF, 0xFF, 0xE0, 0x01, 0xFF, 0xFF, 0xFF, 0xFF, 0xD0, 0x02, 0xFF,
    0xFF, 0xFF, 0xFF, 0xC0, 0x02, 0xFF, 0xFF, 0xFF, 0xFF, 0xC0, 0x03, 0xFF, 0x00, 0x02, 0xFF, 0x80,
    0x03, 0xFF, 0x00, 0x02, 0xFF, 0x40, 0x07, 0xFE, 0x00, 0x03, 0xFF, 0x40, 0x0B, 0xFD, 0x00, 0x03,
    0xFF, 0x00, 0x0F, 0xFC, 0x00, 0x07, 0xFF, 0x00, 0x0F, 0xFC, 0x00, 0x07, 0xFE, 0x00, 0x0F, 0xFC,
    0x00, 0x0B, 0xFD, 0x00, 0x1F, 0xF8, 0x00, 0x0F, 0xFC, 0x00, 0x2F, 0xF4, 0x00, 0x0F, 0xFC, 0x00,
    0x3F, 0xF0, 0x00, 0x0F, 0xFC, 0x00, 0x3F, 0xF0, 0x00, 0x1F, 0xF8, 0x00, 0x00, 0x3F, 0xFF, 0xFD,
    0x00, 0x3F, 0xFF, 0xFD, 0x00, 0x7F, 0xFF, 0xFC, 0x00, 0x1F, 0xFF, 0xE0, 0x00, 0x03, 0xFF, 0x00,
    0x00, 0x07, 0xFE, 0x00, 0x00, 0x0B, 0xFD, 0x00, 0x00, 0x0F, 0xFC, 0x00, 0x00, 0x0F, 0xFC, 0x00,
    0x00, 0x0F, 0xFC, 0x00, 0x00, 0x1F, 0xF8, 0x00, 0x00, 0x2F, 0xF4, 0x00, 0x00, 0x3F, 0xF0, 0x00,
    0x00, 0x3F, 0xF0, 0x00, 0x00, 0x3F, 0xE0, 0x00, 0x00, 0x7F, 0xE0, 0x00, 0x00, 0xBF, 0xD0, 0x00,
    0x00, 0xFF, 0xC0, 0x00, 0x00, 0xFF, 0xC0, 0x00, 0x01, 0xFF, 0x80, 0x00, 0x1B, 0xFF, 0xF0, 0x00,
    0x7F, 0xFF, 0xFC, 0x00, 0xBF, 0xFF, 0xFC, 0x00, 0xFF, 0xFF, 0xF8, 0x00, 0x00, 0x00, 0x00, 0xFF,
    0xC0, 0x00, 0x00, 0x0F, 0xFC, 0x00, 0x00, 0x00, 0xFF, 0xC0, 0x00, 0x00, 0x1F, 0xF8, 0x00, 0x00,
    0x02, 0xFF, 0x40, 0x00, 0x00, 0x3F, 0xF0, 0x00, 0x00, 0x03, 0xFF, 0x00, 0x00, 0x00, 0x7F, 0xE0,
    0x00, 0x00, 0x0B, 0xFE, 0x00, 0x00, 0x00, 0xBF, 0xD0, 0x00, 0x00, 0x0F, 0xFC, 0x00, 0x00, 0x00,
    0xFF, 0xC0, 0x00, 0x00, 0x1F, 0xF8, 0x00, 0x00, 0x02, 0xFF, 0x40, 0x00, 0x00, 0x3F, 0xF4, 0x00,
    0x00, 0x03, 0xFF, 0x00, 0x00, 0x00, 0x3F, 0xF0, 0x00, 0x00, 0x07, 0xFE, 0x00, 0x00, 0x00, 0xBF,
    0xD0, 0x00, 0x00, 0x0F, 0xFC, 0x00, 0x00, 0x00, 0xFF, 0xC0, 0x00, 0x00, 0x0F, 0xFC, 0x00, 0x00,
    0x01, 0xFF, 0x80, 0x00, 0x00, 0x2F, 0xF4, 0x00, 0x00, 0x03, 0xFF, 0x00, 0x00, 0x00, 0xBF, 0xF0,
    0x00, 0x00, 0x2F, 0xFD, 0x00, 0x03, 0xFF, 0xFF, 0xC0, 0x00, 0x7F, 0xFF, 0xF4, 0x00, 0x07, 0xFF,
    0xFD, 0x00, 0x00, 0x3F, 0xFE, 0x00, 0x00, 0x00, 0x00, 0x00, 0x00, 0x00, 0x00, 0x0F, 0xFC, 0x00,
    0x3F, 0xFC, 0x00, 0x1F, 0xF8, 0x00, 0xBF, 0xF4, 0x00, 0x2F, 0xF4, 0x01, 0xFF, 0xD0, 0x00, 0x3F,
    0xF0, 0x07, 0xFF, 0x80, 0x00, 0x3F, 0xF0, 0x0F, 0xFE, 0x00, 0x00, 0x7F, 0xE0, 0x3F, 0xFC, 0x00,
    0x00, 0x7F, 0xD0, 0xBF, 0xF0, 0x00, 0x00, 0xBF, 0xC2, 0xFF, 0xC0, 0x00, 0x00, 0xFF, 0xC7, 0xFF,
    0x40, 0x00, 0x00, 0xFF, 0xCF, 0xFE, 0x00, 0x00, 0x01, 0xFF, 0xBF, 0xF8, 0x00, 0x00, 0x02, 0xFF,
    0xFF, 0xF0, 0x00, 0x00, 0x02, 0xFF, 0xFF, 0xF0, 0x00, 0x00, 0x03, 0xFF, 0xFF, 0xF8, 0x00, 0x00,
    0x03, 0xFF, 0xEF, 0xFC, 0x00, 0x00, 0x07, 0xFE, 0x0F, 0xFD, 0x00, 0x00, 0x0B, 0xFD, 0x0B, 0xFE,
    0x00, 0x00, 0x0F, 0xFC, 0x03, 0xFF, 0x00, 0x00, 0x0F, 0xFC, 0x03, 0xFF, 0x40, 0x00, 0x0F, 0xFC,
    0x02, 0xFF, 0xC0, 0x00, 0x1F, 0xF8, 0x00, 0xFF, 0xC0, 0x00, 0x2F, 0xF4, 0x00, 0xFF, 0xE0, 0x00,
    0x3F, 0xF0, 0x00, 0x7F, 0xF0, 0x00, 0x3F, 0xF0, 0x00, 0x3F, 0xF4, 0x00, 0x00, 0x0F, 0xFC, 0x00,
    0x00, 0x1F, 0xF8, 0x00, 0x00, 0x2F, 0xF4, 0x00, 0x00, 0x3F, 0xF0, 0x00, 0x00, 0x3F, 0xF0, 0x00,
    0x00, 0x7F, 0xE0, 0x00, 0x00, 0x7F, 0xE0, 0x00, 0x00, 0xBF, 0xD0, 0x00, 0x00, 0xFF, 0xC0, 0x00,
    0x00, 0xFF, 0xC0, 0x00, 0x01, 0xFF, 0x80, 0x00, 0x02, 0xFF, 0x40, 0x00, 0x02, 0xFF, 0x40, 0x00,
    0x03, 0xFF, 0x00, 0x00, 0x03, 0xFF, 0x00, 0x00, 0x07, 0xFE, 0x00, 0x00, 0x0B, 0xFD, 0x00, 0x00,
    0x0F, 0xFC, 0x00, 0x00, 0x0F, 0xFC, 0x00, 0x00, 0x0F, 0xFC, 0x00, 0x00, 0x1F, 0xFF, 0xFF, 0xFC,
    0x2F, 0xFF, 0xFF, 0xF8, 0x3F, 0xFF, 0xFF, 0xF4, 0x3F, 0xFF, 0xFF, 0xF4, 0x00, 0x0F, 0xFF, 0x40,
    0x00, 0x0B, 0xFF, 0xD0, 0x01, 0xFF, 0xF8, 0x00, 0x00, 0xFF, 0xFC, 0x00, 0x2F, 0xFF, 0x80, 0x00,
    0x2F, 0xFF, 0xC0, 0x03, 0xFF, 0xF8, 0x00, 0x03, 0xFF, 0xFC, 0x00, 0x3F, 0xFF, 0x80, 0x00, 0xBF,
    0xFF, 0x80, 0x07, 0xFF, 0xFC, 0x00, 0x0F, 0xFF, 0xF4, 0x00, 0x7F, 0xFF, 0xC0, 0x02, 0xFE, 0xFF,
    0x00, 0x0B, 0xFB, 0xFC, 0x00, 0x3F, 0xEF, 0xF0, 0x00, 0xFF, 0x7F, 0xC0, 0x0B, 0xF7, 0xFE, 0x00,
    0x0F, 0xF6, 0xFC, 0x00, 0xFF, 0x3F, 0xE0, 0x01, 0xFF, 0x2F, 0xC0, 0x2F, 0xD7, 0xFD, 0x00, 0x2F,
    0xF2, 0xFC, 0x03, 0xFC, 0x7F, 0xC0, 0x02, 0xFE, 0x2F, 0xC0, 0xBF, 0x4B, 0xFC, 0x00, 0x3F, 0xE2,
    0xFD, 0x0F, 0xF0, 0xFF, 0x80, 0x03, 0xFD, 0x1F, 0xD2, 0xFD, 0x0F, 0xF4, 0x00, 0x7F, 0xC1, 0xFD,
    0x3F, 0xC1, 0xFF, 0x40, 0x0B, 0xFC, 0x1F, 0xDB, 0xF4, 0x2F, 0xF0, 0x00, 0xFF, 0x81, 0xFE, 0xFF,
    0x03, 0xFF, 0x00, 0x0F, 0xF4, 0x0F, 0xFF, 0xD0, 0x3F, 0xE0, 0x00, 0xFF, 0x40, 0xFF, 0xFC, 0x03,
    0xFD, 0x00, 0x1F, 0xF0, 0x0F, 0xFF, 0x40, 0x7F, 0xC0, 0x02, 0xFF, 0x00, 0xFF, 0xF0, 0x0B, 0xFC,
    0x00, 0x3F, 0xE0, 0x0F, 0xFD, 0x00, 0xFF, 0xC0, 0x03, 0xFD, 0x00, 0xFF, 0xC0, 0x0F, 0xF8, 0x00,
    0x00, 0x0F, 0xFF, 0x00, 0x00, 0x3F, 0xD0, 0x01, 0xFF, 0xF0, 0x00, 0x07, 0xFC, 0x00, 0x2F, 0xFF,
    0x40, 0x00, 0xBF, 0xC0, 0x03, 0xFF, 0xFC, 0x00, 0x0F, 0xF8, 0x00, 0x3F, 0xFF, 0xC0, 0x00, 0xFF,
    0x40, 0x07, 0xFF, 0xFD, 0x00, 0x1F, 0xF4, 0x00, 0xBF, 0xBF, 0xE0, 0x02, 0xFF, 0x00, 0x0B, 0xFA,
    0xFF, 0x00, 0x2F, 0xF0, 0x00, 0xFF, 0x5F, 0xF4, 0x03, 0xFE, 0x00, 0x0F, 0xF4, 0xFF, 0x80, 0x3F,
    0xD0, 0x01, 0xFF, 0x0B, 0xFC, 0x07, 0xFC, 0x00, 0x2F, 0xF0, 0x7F, 0xD0, 0xBF, 0xC0, 0x03, 0xFF,
    0x03, 0xFE, 0x0F, 0xFC, 0x00, 0x3F, 0xE0, 0x2F, 0xF0, 0xFF, 0x80, 0x03, 0xFD, 0x01, 0xFF, 0x4F,
    0xF4, 0x00, 0x7F, 0xC0, 0x0F, 0xF9, 0xFF, 0x00, 0x0B, 0xFC, 0x00, 0xFF, 0xDF, 0xF0, 0x00, 0xFF,
    0xC0, 0x07, 0xFF, 0xFF, 0x00, 0x0F, 0xF8, 0x00, 0x3F, 0xFF, 0xE0, 0x00, 0xFF, 0x40, 0x03, 0xFF,
    0xFD, 0x00, 0x1F, 0xF0, 0x00, 0x1F, 0xFF, 0xC0, 0x02, 0xFF, 0x00, 0x00, 0xFF, 0xFC, 0x00, 0x3F,
    0xE0, 0x00, 0x0F, 0xFF, 0x80, 0x03, 0xFE, 0x00, 0x00, 0xBF, 0xF4, 0x00, 0x00, 0x00, 0x1B, 0xFF,
    0x90, 0x00, 0x00, 0x07, 0xFF, 0xFF, 0xF0, 0x00, 0x00, 0xBF, 0xFF, 0xFF, 0xF0, 0x00, 0x0F, 0xFF,
    0xFF, 0xFF, 0xF0, 0x00, 0xBF, 0xFD, 0x07, 0xFF, 0xD0, 0x07, 0xFF, 0x80, 0x03, 0xFF, 0xC0, 0x3F,
    0xF8, 0x00, 0x07, 0xFF, 0x02, 0xFF, 0xC0, 0x00, 0x0F, 0xFC, 0x0F, 0xFD, 0x00, 0x00, 0x3F, 0xF4,
    0x3F, 0xF0, 0x00, 0x00, 0xFF, 0xD1, 0xFF, 0x80, 0x00, 0x03, 0xFF, 0x4B, 0xFD, 0x00, 0x00, 0x0F,
    0xFC, 0x3F, 0xF4, 0x00, 0x00, 0x3F, 0xF0, 0xFF, 0xC0, 0x00, 0x01, 0xFF, 0xC3, 0xFF, 0x00, 0x00,
    0x0B, 0xFE, 0x0F, 0xFC, 0x00, 0x00, 0x3F, 0xF4, 0x3F, 0xF4, 0x00, 0x02, 0xFF, 0xC0, 0xFF, 0xE0,
    0x00, 0x1F, 0xFD, 0x02, 0xFF, 0xC0, 0x01, 0xFF, 0xF0, 0x03, 0xFF, 0xD0, 0x2F, 0xFF, 0x00, 0x0B,
    0xFF, 0xFF, 0xFF, 0xF4, 0x00, 0x0B, 0xFF, 0xFF, 0xFF, 0x40, 0x00, 0x0B, 0xFF, 0xFF, 0xE0, 0x00,
    0x00, 0x02, 0xFF, 0xF8, 0x00, 0x00, 0x00, 0x0F, 0xFF, 0xFE, 0x40, 0x00, 0x07, 0xFF, 0xFF, 0xFD,
    0x00, 0x02, 0xFF, 0xFF, 0xFF, 0xC0, 0x00, 0xFF, 0xFF, 0xFF, 0xFC, 0x00, 0x3F, 0xF0, 0x0B, 0xFF,
    0x00, 0x1F, 0xF8, 0x00, 0xFF, 0xD0, 0x07, 0xFD, 0x00, 0x2F, 0xF4, 0x02, 0xFF, 0x40, 0x0B, 0xFD,
    0x00, 0xFF, 0xC0, 0x03, 0xFF, 0x40, 0x3F, 0xF0, 0x01, 0xFF, 0xC0, 0x1F, 0xF8, 0x06, 0xFF, 0xE0,
    0x0B, 0xFF, 0xFF, 0xFF, 0xF0, 0x02, 0xFF, 0xFF, 0xFF, 0xF0, 0x00, 0xFF, 0xFF, 0xFF, 0xE0, 0x00,
    0x3F, 0xFF, 0xFF, 0x80, 0x00, 0x1F, 0xF8, 0x00, 0x00, 0x00, 0x0B, 0xFD, 0x00, 0x00, 0x00, 0x03,
    0xFF, 0x00, 0x00, 0x00, 0x00, 0xFF, 0xC0, 0x00, 0x00, 0x00, 0x3F, 0xE0, 0x00, 0x00, 0x00, 0x1F,
    0xF8, 0x00, 0x00, 0x00, 0x0B, 0xFD, 0x00, 0x00, 0x00, 0x03, 0xFF, 0x00, 0x00, 0x00, 0x00, 0xFF,
    0xC0, 0x00, 0x00, 0x00, 0x00, 0x00, 0x1B, 0xFF, 0x90, 0x00, 0x00, 0x07, 0xFF, 0xFF, 0xF0, 0x00,
    0x00, 0xBF, 0xFF, 0xFF, 0xF0, 0x00, 0x0F, 0xFF, 0xFF, 0xFF, 0xF0, 0x00, 0xBF, 0xFD, 0x07, 0xFF,
    0xD0, 0x07, 0xFF, 0x80, 0x03, 0xFF, 0xC0, 0x3F, 0xF8, 0x00, 0x07, 0xFF, 0x01, 0xFF, 0xC0, 0x00,
    0x0F, 0xFC, 0x0F, 0xFD, 0x00, 0x00, 0x3F, 0xF4, 0x3F, 0xF0, 0x00, 0x00, 0xFF, 0xD1, 0xFF, 0xC0,
    0x00, 0x03, 0xFF, 0x4B, 0xFE, 0x00, 0x00, 0x0F, 0xFC, 0x3F, 0xF4, 0x00, 0x00, 0x3F, 0xF0, 0xFF,
    0xC0, 0x00, 0x01, 0xFF, 0xC3, 0xFF, 0x00, 0x00, 0x0B, 0xFE, 0x0F, 0xFC, 0x00, 0x00, 0x3F, 0xF4,
    0x3F, 0xF4, 0x00, 0x02, 0xFF, 0xC0, 0xFF, 0xE0, 0x00, 0x1F, 0xFD, 0x02, 0xFF, 0xC0, 0x01, 0xFF,
    0xF0, 0x03, 0xFF, 0xD0, 0x6F, 0xFF, 0x00, 0x0B, 0xFF, 0xFF, 0xFF, 0xF4, 0x00, 0x0F, 0xFF, 0xFF,
    0xFF, 0x00, 0x00, 0x0B, 0xFF, 0xFF, 0xE0, 0x00, 0x00, 0x02, 0xFF, 0xFF, 0x00, 0x00, 0x00, 0x00,
    0x0B, 0xFF, 0x00, 0x00, 0x00, 0x00, 0x0F, 0xFD, 0x00, 0x00, 0x00, 0x00, 0x2F, 0xFC, 0x00, 0x00,
    0x00, 0x00, 0x3F, 0xF8, 0x00, 0x00, 0x00, 0x00, 0x7F, 0xF4, 0x00, 0x00, 0x00, 0x00, 0x6A, 0x90,
    0x00, 0x00, 0x0F, 0xFF, 0xFE, 0x00, 0x00, 0x1F, 0xFF, 0xFF, 0xE0, 0x00, 0x2F, 0xFF, 0xFF, 0xF8,
    0x00, 0x3F, 0xFF, 0xFF, 0xFC, 0x00, 0x3F, 0xF0, 0x1F, 0xFE, 0x00, 0x7F, 0xF0, 0x0B, 0xFE, 0x00,
    0x7F, 0xE0, 0x07, 0xFF, 0x00, 0xBF, 0xD0, 0x07, 0xFE, 0x00, 0xFF, 0xC0, 0x0B, 0xFE, 0x00, 0xFF,
    0xC0, 0x0F, 0xFD, 0x01, 0xFF, 0xC0, 0xBF, 0xFC, 0x02, 0xFF, 0xFF, 0xFF, 0xF0, 0x02, 0xFF, 0xFF,
    0xFF, 0xD0, 0x03, 0xFF, 0xFF, 0xFE, 0x00, 0x03, 0xFF, 0xFF, 0xFC, 0x00, 0x07, 0xFE, 0x0F, 0xFD,
    0x00, 0x0B, 0xFE, 0x07, 0xFE, 0x00, 0x0F, 0xFD, 0x03, 0xFF, 0x00, 0x0F, 0xFC, 0x02, 0xFF, 0x80,
    0x0F, 0xFC, 0x01, 0xFF, 0xC0, 0x1F, 0xF8, 0x00, 0xFF, 0xD0, 0x2F, 0xF4, 0x00, 0xBF, 0xF0, 0x3F,
    0xF0, 0x00, 0x3F, 0xF0, 0x3F, 0xF0, 0x00, 0x3F, 0xF8, 0x00, 0x00, 0xBF, 0xF9, 0x00, 0x00, 0x2F,
    0xFF, 0xFF, 0x80, 0x03, 0xFF, 0xFF, 0xFE, 0x00, 0x2F, 0xFF, 0xFF, 0xF0, 0x00, 0xFF, 0xF4, 0x1B,
    0x80, 0x07, 0xFF, 0x00, 0x00, 0x00, 0x2F, 0xF8, 0x00, 0x00, 0x00, 0xBF, 0xE0, 0x00, 0x00, 0x01,
    0xFF, 0xC0, 0x00, 0x00, 0x03, 0xFF, 0xD0, 0x00, 0x00, 0x0B, 0xFF, 0xE0, 0x00, 0x00, 0x0F, 0xFF,
    0xF0, 0x00, 0x00, 0x0F, 0xFF, 0xF0, 0x00, 0x00, 0x0B, 0xFF, 0xE0, 0x00, 0x00, 0x07, 0xFF, 0xC0,
    0x00, 0x00, 0x07, 0xFF, 0x40, 0x00, 0x00, 0x0F, 0xFD, 0x00, 0x00, 0x00, 0x2F, 0xF4, 0x01, 0x00,
    0x00, 0xFF, 0xC0, 0x1F, 0x90, 0x1F, 0xFF, 0x00, 0x7F, 0xFF, 0xFF, 0xF4, 0x01, 0xFF, 0xFF, 0xFF,
    0x80, 0x03, 0xFF, 0xFF, 0xF4, 0x00, 0x01, 0xBF, 0xF9, 0x00, 0x00, 0x1F, 0xFF, 0xFF, 0xFF, 0xF0,
    0xBF, 0xFF, 0xFF, 0xFF, 0x83, 0xFF, 0xFF, 0xFF, 0xFE, 0x0F, 0xFF, 0xFF, 0xFF, 0xF4, 0x00, 0x0B,
    0xFD, 0x00, 0x00, 0x00, 0x3F, 0xF0, 0x00, 0x00, 0x00, 0xFF, 0xC0, 0x00, 0x00, 0x07, 0xFF, 0x00,
    0x00, 0x00, 0x2F, 0xF8, 0x00, 0x00, 0x00, 0xBF, 0xD0, 0x00, 0x00, 0x03, 0xFF, 0x00, 0x00, 0x00,
    0x0F, 0xFC, 0x00, 0x00, 0x00, 0x7F, 0xE0, 0x00, 0x00, 0x02, 0xFF, 0x80, 0x00, 0x00, 0x0B, 0xFD,
    0x00, 0x00, 0x00, 0x3F, 0xF0, 0x00, 0x00, 0x00, 0xFF, 0xC0, 0x00, 0x00, 0x07, 0xFE, 0x00, 0x00,
    0x00, 0x2F, 0xF4, 0x00, 0x00, 0x00, 0xFF, 0xD0, 0x00, 0x00, 0x03, 0xFF, 0x00, 0x00, 0x00, 0x0F,
    0xFC, 0x00, 0x00, 0x00, 0x7F, 0xE0, 0x00, 0x00, 0x02, 0xFF, 0x40, 0x00, 0x00, 0x01, 0xFF, 0x80,
    0x00, 0xFF, 0xC0, 0x2F, 0xF4, 0x00, 0x0F, 0xFC, 0x03, 0xFF, 0x00, 0x00, 0xFF, 0xC0, 0x3F, 0xF0,
    0x00, 0x1F, 0xF8, 0x07, 0xFF, 0x00, 0x02, 0xFF, 0x40, 0x7F, 0xE0, 0x00, 0x3F, 0xF0, 0x0B, 0xFD,
    0x00, 0x03, 0xFF, 0x00, 0xFF, 0xC0, 0x00, 0x7F, 0xE0, 0x0F, 0xFC, 0x00, 0x0B, 0xFE, 0x01, 0xFF,
    0x80, 0x00, 0xBF, 0xD0, 0x2F, 0xF8, 0x00, 0x0F, 0xFC, 0x03, 0xFF, 0x40, 0x00, 0xFF, 0xC0, 0x3F,
    0xF0, 0x00, 0x1F, 0xF8, 0x03, 0xFF, 0x00, 0x02, 0xFF, 0x40, 0x7F, 0xE0, 0x00, 0x3F, 0xF0, 0x0B,
    0xFD, 0x00, 0x03, 0xFF, 0x00, 0xBF, 0xD0, 0x00, 0x7F, 0xF0, 0x0B, 0xFD, 0x00, 0x0B, 0xFD, 0x00,
    0xBF, 0xE0, 0x01, 0xFF, 0xC0, 0x07, 0xFF, 0x80, 0xBF, 0xF8, 0x00, 0x3F, 0xFF, 0xFF, 0xFF, 0x00,
    0x01, 0xFF, 0xFF, 0xFF, 0xC0, 0x00, 0x07, 0xFF, 0xFF, 0xE0, 0x00, 0x00, 0x06, 0xFF, 0xE0, 0x00,
    0x00, 0xFF, 0xC0, 0x00, 0x0B, 0xFD, 0xFF, 0xC0, 0x00, 0x0F, 0xFC, 0xFF, 0xC0, 0x00, 0x2F, 0xF4,
    0xBF, 0xC0, 0x00, 0x3F, 0xF0, 0xBF, 0xC0, 0x00, 0xBF, 0xD0, 0xBF, 0xC0, 0x00, 0xFF, 0xC0, 0x7F,
    0xC0, 0x02, 0xFF, 0x40, 0x7F, 0xC0, 0x03, 0xFF, 0x00, 0x7F, 0xD0, 0x0B, 0xFD, 0x00, 0x3F, 0xD0,
    0x0F, 0xFC, 0x00, 0x3F, 0xD0, 0x1F, 0xF4, 0x00, 0x3F, 0xD0, 0x3F, 0xF0, 0x00, 0x3F, 0xE0, 0x7F,
    0xD0, 0x00, 0x3F, 0xE0, 0xFF, 0xC0, 0x00, 0x3F, 0xE1, 0xFF, 0x40, 0x00, 0x2F, 0xE3, 0xFF, 0x00,
    0x00, 0x2F, 0xE3, 0xFD, 0x00, 0x00, 0x1F, 0xEB, 0xFC, 0x00, 0x00, 0x1F, 0xEF, 0xF4, 0x00, 0x00,
    0x1F, 0xFF, 0xF0, 0x00, 0x00, 0x0F, 0xFF, 0xD0, 0x00, 0x00, 0x0F, 0xFF, 0xC0, 0x00, 0x00, 0x0F,
    0xFF, 0x40, 0x00, 0x00, 0x0F, 0xFF, 0x00, 0x00, 0x00, 0xFF, 0x80, 0x00, 0xBF, 0xC0, 0x00, 0x7F,
    0xEF, 0xF8, 0x00, 0x0F, 0xFC, 0x00, 0x0B, 0xFD, 0xFF, 0x80, 0x01, 0xFF, 0xC0, 0x00, 0xFF, 0xCF,
    0xF8, 0x00, 0x3F, 0xFC, 0x00, 0x2F, 0xF4, 0xFF, 0x80, 0x07, 0xFF, 0xC0, 0x03, 0xFF, 0x0F, 0xF8,
    0x00, 0xFF, 0xFC, 0x00, 0x7F, 0xE0, 0xFF, 0x80, 0x0F, 0xFF, 0xD0, 0x0F, 0xFC, 0x0F, 0xF8, 0x02,
    0xFF, 0xFD, 0x00, 0xFF, 0x80, 0xBF, 0x80, 0x3F, 0xEF, 0xD0, 0x2F, 0xF0, 0x0B, 0xF8, 0x0B, 0xFA,
    0xFD, 0x03, 0xFF, 0x00, 0xBF, 0xC0, 0xFF, 0x2F, 0xD0, 0x7F, 0xD0, 0x0B, 0xFC, 0x1F, 0xF2, 0xFD,
    0x0F, 0xFC, 0x00, 0xBF, 0xC3, 0xFD, 0x2F, 0xD0, 0xFF, 0x40, 0x0B, 0xFC, 0x7F, 0xC1, 0xFD, 0x2F,
    0xF0, 0x00, 0xBF, 0xCB, 0xF4, 0x1F, 0xD3, 0xFE, 0x00, 0x0B, 0xF8, 0xFF, 0x01, 0xFD, 0x7F, 0xC0,
    0x00, 0x7F, 0xAF, 0xE0, 0x1F, 0xDF, 0xF8, 0x00, 0x07, 0xFB, 0xFC, 0x01, 0xFE, 0xFF, 0x00, 0x00,
    0x7F, 0xFF, 0x80, 0x1F, 0xFF, 0xF0, 0x00, 0x07, 0xFF, 0xF0, 0x01, 0xFF, 0xFD, 0x00, 0x00, 0x7F,
    0xFF, 0x00, 0x1F, 0xFF, 0xC0, 0x00, 0x07, 0xFF, 0xD0, 0x01, 0xFF, 0xF4, 0x00, 0x00, 0x7F, 0xFC,
    0x00, 0x1F, 0xFF, 0x00, 0x00, 0x07, 0xFF, 0x40, 0x00, 0xFF, 0xE0, 0x00, 0x00, 0x00, 0x0F, 0xFC,
    0x00, 0x03, 0xFF, 0x80, 0x03, 0xFF, 0x40, 0x03, 0xFF, 0xC0, 0x00, 0xBF, 0xE0, 0x02, 0xFF, 0xC0,
    0x00, 0x0F, 0xFC, 0x01, 0xFF, 0xD0, 0x00, 0x03, 0xFF, 0x00, 0xFF, 0xE0, 0x00, 0x00, 0xBF, 0xE0,
    0xBF, 0xF0, 0x00, 0x00, 0x0F, 0xFC, 0x7F, 0xF0, 0x00, 0x00, 0x03, 0xFF, 0x7F, 0xF4, 0x00, 0x00,
    0x00, 0x7F, 0xFF, 0xF8, 0x00, 0x00, 0x00, 0x0F, 0xFF, 0xF8, 0x00, 0x00, 0x00, 0x03, 0xFF, 0xFC,
    0x00, 0x00, 0x00, 0x00, 0xBF, 0xFD, 0x00, 0x00, 0x00, 0x00, 0x7F, 0xFF, 0x40, 0x00, 0x00, 0x00,
    0x3F, 0xFF, 0xE0, 0x00, 0x00, 0x00, 0x3F, 0xFF, 0xFC, 0x00, 0x00, 0x00, 0x2F, 0xFA, 0xFF, 0x40,
    0x00, 0x00, 0x1F, 0xFC, 0x7F, 0xF0, 0x00, 0x00, 0x0F, 0xFD, 0x0F, 0xFC, 0x00, 0x00, 0x0F, 0xFE,
    0x03, 0xFF, 0x40, 0x00, 0x0B, 0xFF, 0x00, 0x7F, 0xF0, 0x00, 0x07, 0xFF, 0x00, 0x0F, 0xFC, 0x00,
    0x03, 0xFF, 0x80, 0x03, 0xFF, 0x80, 0x03, 0xFF, 0xC0, 0x00, 0xBF, 0xF0, 0x02, 0xFF, 0xC0, 0x00,
    0x1F, 0xFD, 0x00, 0xFF, 0xC0, 0x00, 0x3F, 0xFA, 0xFF, 0x40, 0x02, 0xFF, 0xC7, 0xFE, 0x00, 0x1F,
    0xFC, 0x0F, 0xFC, 0x00, 0xFF, 0xD0, 0x3F, 0xF0, 0x0B, 0xFF, 0x00, 0xBF, 0xD0, 0x3F, 0xF0, 0x01,
    0xFF, 0x83, 0xFF, 0x40, 0x03, 0xFE, 0x1F, 0xFC, 0x00, 0x0F, 0xFC, 0xFF, 0xC0, 0x00, 0x2F, 0xFF,
    0xFD, 0x00, 0x00, 0x7F, 0xFF, 0xE0, 0x00, 0x00, 0xFF, 0xFF, 0x00, 0x00, 0x02, 0xFF, 0xF4, 0x00,
    0x00, 0x07, 0xFF, 0x80, 0x00, 0x00, 0x0F, 0xFC, 0x00, 0x00, 0x00, 0x7F, 0xE0, 0x00, 0x00, 0x01,
    0xFF, 0x40, 0x00, 0x00, 0x0B, 0xFC, 0x00, 0x00, 0x00, 0x3F, 0xF0, 0x00, 0x00, 0x00, 0xFF, 0xC0,
    0x00, 0x00, 0x07, 0xFE, 0x00, 0x00, 0x00, 0x2F, 0xF4, 0x00, 0x00, 0x00, 0xFF, 0xC0, 0x00, 0x00,
    0x03, 0xFF, 0x00, 0x00, 0x00, 0x00, 0x3F, 0xFF, 0xFF, 0xFF, 0x40, 0x0F, 0xFF, 0xFF, 0xFF, 0xC0,
    0x03, 0xFF, 0xFF, 0xFF, 0xF0, 0x01, 0xFF, 0xFF, 0xFF, 0xF8, 0x00, 0x00, 0x00, 0x3F, 0xFC, 0x00,
    0x00, 0x00, 0x3F, 0xFC, 0x00, 0x00, 0x00, 0x2F, 0xFD, 0x00, 0x00, 0x00, 0x1F, 0xFE, 0x00, 0x00,
    0x00, 0x0F, 0xFF, 0x00, 0x00, 0x00, 0x0F, 0xFF, 0x00, 0x00, 0x00, 0x0B, 0xFF, 0x40, 0x00, 0x00,
    0x07, 0xFF, 0x80, 0x00, 0x00, 0x03, 0xFF, 0xC0, 0x00, 0x00, 0x03, 0xFF, 0xC0, 0x00, 0x00, 0x02,
    0xFF, 0xD0, 0x00, 0x00, 0x01, 0xFF, 0xE0, 0x00, 0x00, 0x00, 0xFF, 0xE0, 0x00, 0x00, 0x00, 0xFF,
    0xF0, 0x00, 0x00, 0x00, 0xBF, 0xF0, 0x00, 0x00, 0x00, 0x7F, 0xF8, 0x00, 0x00, 0x00, 0x3F, 0xFF,
    0xFF, 0xFF, 0x80, 0x2F, 0xFF, 0xFF, 0xFF, 0xD0, 0x0B, 0xFF, 0xFF, 0xFF, 0xF4, 0x03, 0xFF, 0xFF,
    0xFF, 0xFC, 0x00, 0x00, 0x0B, 0xFF, 0xF0, 0x00, 0x2F, 0xFF, 0xC0, 0x00, 0xFF, 0xFF, 0x00, 0x03,
    0xFF, 0xF8, 0x00, 0x1F, 0xF0, 0x00, 0x00, 0xBF, 0xC0, 0x00, 0x02, 0xFE, 0x00, 0x00, 0x0F, 0xF4,
    0x00, 0x00, 0x3F, 0xC0, 0x00, 0x01, 0xFF, 0x00, 0x00, 0x07, 0xF8, 0x00, 0x00, 0x2F, 0xE0, 0x00,
    0x00, 0xFF, 0x40, 0x00, 0x03, 0xFC, 0x00, 0x00, 0x1F, 0xF0, 0x00, 0x00, 0x7F, 0x80, 0x00, 0x02,
    0xFE, 0x00, 0x00, 0x0F, 0xF4, 0x00, 0x00, 0x3F, 0xC0, 0x00, 0x01, 0xFF, 0x00, 0x00, 0x07, 0xF8,
    0x00, 0x00, 0x2F, 0xD0, 0x00, 0x00, 0xFF, 0x40, 0x00, 0x03, 0xFC, 0x00, 0x00, 0x1F, 0xF0, 0x00,
    0x00, 0x7F, 0x80, 0x00, 0x02, 0xFD, 0x00, 0x00, 0x0F, 0xFF, 0xE0, 0x00, 0x3F, 0xFF, 0x80, 0x01,
    0xFF, 0xFD, 0x00, 0x07, 0xFF, 0xF0, 0x00, 0x00, 0x00, 0x00, 0x00, 0x7F, 0xC0, 0x0F, 0xF0, 0x03,
    0xFC, 0x00, 0xFF, 0x40, 0x2F, 0xD0, 0x0B, 0xF8, 0x01, 0xFE, 0x00, 0x3F, 0xC0, 0x0F, 0xF0, 0x03,
    0xFC, 0x00, 0xFF, 0x40, 0x2F, 0xE0, 0x07, 0xF8, 0x01, 0xFF, 0x00, 0x3F, 0xC0, 0x0F, 0xF0, 0x03,
    0xFD, 0x00, 0xBF, 0x40, 0x2F, 0xE0, 0x07, 0xFC, 0x00, 0xFF, 0x00, 0x3F, 0xC0, 0x0F, 0xF4, 0x03,
    0xFD, 0x00, 0x03, 0xFF, 0xF8, 0x00, 0x1F, 0xFF, 0xD0, 0x00, 0xBF, 0xFF, 0x00, 0x02, 0xFF, 0xFC,
    0x00, 0x00, 0x1F, 0xE0, 0x00, 0x00, 0xBF, 0x80, 0x00, 0x03, 0xFD, 0x00, 0x00, 0x0F, 0xF0, 0x00,
    0x00, 0x3F, 0xC0, 0x00, 0x01, 0xFE, 0x00, 0x00, 0x0B, 0xF8, 0x00, 0x00, 0x3F, 0xD0, 0x00, 0x00,
    0xFF, 0x00, 0x00, 0x03, 0xFC, 0x00, 0x00, 0x1F, 0xE0, 0x00, 0x00, 0xBF, 0x80, 0x00, 0x03, 0xFD,
    0x00, 0x00, 0x0F, 0xF0, 0x00, 0x00, 0x7F, 0xC0, 0x00, 0x01, 0xFE, 0x00, 0x00, 0x0B, 0xF8, 0x00,
    0x00, 0x3F, 0xD0, 0x00, 0x00, 0xFF, 0x00, 0x00, 0x07, 0xFC, 0x00, 0x00, 0x2F, 0xF0, 0x00, 0x00,
    0xBF, 0x80, 0x00, 0x03, 0xFD, 0x00, 0x0B, 0xFF, 0xF0, 0x00, 0x3F, 0xFF, 0xC0, 0x00, 0xFF, 0xFF,
    0x00, 0x03, 0xFF, 0xF8, 0x00, 0x00, 0x00, 0x00, 0x00, 0x00, 0x00, 0x0B, 0xC0, 0x00, 0x00, 0x01,
    0xFD, 0x00, 0x00, 0x00, 0x3F, 0xE0, 0x00, 0x00, 0x0B, 0xFF, 0x00, 0x00, 0x00, 0xFF, 0xF4, 0x00,
    0x00, 0x3F, 0xFF, 0x80, 0x00, 0x07, 0xF6, 0xFC, 0x00, 0x00, 0xFE, 0x1F, 0xC0, 0x00, 0x2F, 0xC0,
    0xFD, 0x00, 0x07, 0xF8, 0x0F, 0xE0, 0x00, 0xFF, 0x00, 0xBF, 0x00, 0x2F, 0xD0, 0x07, 0xF4, 0x03,
    0xF8, 0x00, 0x3F, 0x80, 0xFF, 0x00, 0x03, 0xFC, 0x2F, 0xD0, 0x00, 0x2F, 0xC3, 0xFC, 0x00, 0x00,
    0xFD, 0x00, 0x00, 0x00, 0x00, 0xBF, 0xFF, 0xFF, 0xE3, 0xFF, 0xFF, 0xFF, 0x40, 0x3F, 0xF0, 0x1F,
    0xF4, 0x0B, 0xFC, 0x02, 0xFD, 0x00, 0xBE, 0x00, 0x0B, 0xFD, 0x0F, 0xF0, 0x01, 0xFF, 0xFD, 0x3F,
    0xC0, 0x0F, 0xFF, 0xFE, 0xFF, 0x00, 0xFF, 0xFF, 0xFF, 0xF8, 0x0B, 0xFF, 0x83, 0xFF, 0xD0, 0x3F,
    0xF8, 0x07, 0xFF, 0x01, 0xFF, 0xC0, 0x0F, 0xFC, 0x0F, 0xFD, 0x00, 0x3F, 0xE0, 0x3F, 0xF0, 0x00,
    0xFF, 0x81, 0xFF, 0xC0, 0x07, 0xFD, 0x07, 0xFE, 0x00, 0x2F, 0xF0, 0x2F, 0xF8, 0x00, 0xFF, 0xC0,
    0xBF, 0xE0, 0x07, 0xFE, 0x01, 0xFF, 0xC0, 0x3F, 0xF8, 0x07, 0xFF, 0x47, 0xFF, 0xD0, 0x0F, 0xFF,
    0xFF, 0xFF, 0x00, 0x2F, 0xFF, 0xFB, 0xFC, 0x00, 0x3F, 0xFF, 0x5F, 0xE0, 0x00, 0x2F, 0xE0, 0xBF,
    0x40, 0x00, 0x00, 0x0F, 0xFC, 0x00, 0x00, 0x00, 0x7F, 0xE0, 0x00, 0x00, 0x02, 0xFF, 0x40, 0x00,
    0x00, 0x0F, 0xFC, 0x00, 0x00, 0x00, 0x3F, 0xF0, 0x00, 0x00, 0x00, 0xFF, 0x80, 0x00, 0x00, 0x07,
    0xFD, 0x00, 0x00, 0x00, 0x2F, 0xF0, 0xBF, 0x40, 0x00, 0xFF, 0xCF, 0xFF, 0x80, 0x03, 0xFF, 0xFF,
    0xFF, 0x40, 0x0F, 0xFF, 0xFF, 0xFF, 0x00, 0x7F, 0xFC, 0x2F, 0xFC, 0x02, 0xFF, 0xC0, 0x3F, 0xF4,
    0x0F, 0xFC, 0x00, 0xBF, 0xD0, 0x3F, 0xE0, 0x02, 0xFF, 0x40, 0xFF, 0x40, 0x0B, 0xFC, 0x07, 0xFC,
    0x00, 0x3F, 0xF0, 0x2F, 0xF0, 0x00, 0xFF, 0xC0, 0xFF, 0xC0, 0x07, 0xFE, 0x03, 0xFF, 0x00, 0x3F,
    0xF4, 0x1F, 0xFC, 0x02, 0xFF, 0xC0, 0x7F, 0xFC, 0x2F, 0xFD, 0x02, 0xFF, 0xFF, 0xFF, 0xF0, 0x0F,
    0xFB, 0xFF, 0xFF, 0x00, 0x3F, 0xCB, 0xFF, 0xF0, 0x01, 0xFE, 0x07, 0xFD, 0x00, 0x00, 0x00, 0x06,
    0xFF, 0xE4, 0x00, 0x2F, 0xFF, 0xFD, 0x00, 0xFF, 0xFF, 0xFC, 0x03, 0xFF, 0xFF, 0xF8, 0x0B, 0xFF,
    0x80, 0x70, 0x0F, 0xFD, 0x00, 0x00, 0x2F, 0xFC, 0x00, 0x00, 0x3F, 0xF4, 0x00, 0x00, 0x3F, 0xF0,
    0x00, 0x00, 0x7F, 0xE0, 0x00, 0x00, 0x7F, 0xE0, 0x00, 0x00, 0xBF, 0xE0, 0x00, 0x00, 0x7F, 0xE0,
    0x00, 0x00, 0x7F, 0xF0, 0x00, 0x00, 0x3F, 0xF8, 0x07, 0x80, 0x3F, 0xFF, 0xFF, 0x80, 0x0F, 0xFF,
    0xFF, 0x80, 0x07, 0xFF, 0xFF, 0x80, 0x00, 0xBF, 0xF8, 0x00, 0x00, 0x00, 0x00, 0x07, 0xFE, 0x00,
    0x00, 0x00, 0x07, 0xFD, 0x00, 0x00, 0x00, 0x0B, 0xFC, 0x00, 0x00, 0x00, 0x0F, 0xFC, 0x00, 0x00,
    0x00, 0x0F, 0xFC, 0x00, 0x00, 0x00, 0x1F, 0xF8, 0x00, 0x00, 0x00, 0x1F, 0xF4, 0x00, 0x0B, 0xF8,
    0x2F, 0xF0, 0x00, 0x3F, 0xFF, 0x2F, 0xF0, 0x00, 0xFF, 0xFF, 0xFF, 0xF0, 0x03, 0xFF, 0xFF, 0xFF,
    0xE0, 0x0B, 0xFF, 0x87, 0xFF, 0xD0, 0x0F, 0xFD, 0x01, 0xFF, 0xC0, 0x1F, 0xFC, 0x00, 0xFF, 0xC0,
    0x3F, 0xF4, 0x00, 0xFF, 0x80, 0x3F, 0xF0, 0x00, 0xFF, 0x80, 0x7F, 0xE0, 0x01, 0xFF, 0x40, 0x7F,
    0xE0, 0x02, 0xFF, 0x00, 0xBF, 0xD0, 0x03, 0xFF, 0x00, 0xBF, 0xD0, 0x07, 0xFE, 0x00, 0x7F, 0xE0,
    0x0F, 0xFD, 0x00, 0x7F, 0xF4, 0x7F, 0xFD, 0x00, 0x3F, 0xFF, 0xFF, 0xFC, 0x00, 0x2F, 0xFF, 0xFB,
    0xFC, 0x00, 0x0F, 0xFF, 0xE3, 0xF8, 0x00, 0x02, 0xFE, 0x47, 0xF4, 0x00, 0x00, 0x02, 0xFF, 0xE0,
    0x00, 0x0B, 0xFF, 0xFF, 0x40, 0x0F, 0xFF, 0xFF, 0xF0, 0x0F, 0xFF, 0xFF, 0xFE, 0x0B, 0xFF, 0x81,
    0xFF, 0x83, 0xFF, 0x40, 0x3F, 0xE2, 0xFF, 0x80, 0x1F, 0xF4, 0xFF, 0xC0, 0x6F, 0xFC, 0x3F, 0xFF,
    0xFF, 0xFC, 0x1F, 0xFF, 0xFF, 0xF8, 0x07, 0xFF, 0xFF, 0x90, 0x02, 0xFF, 0x40, 0x00, 0x00, 0xBF,
    0xE0, 0x00, 0x00, 0x1F, 0xFC, 0x00, 0x04, 0x03, 0xFF, 0xD0, 0x6F, 0x00, 0xFF, 0xFF, 0xFF, 0xC0,
    0x0F, 0xFF, 0xFF, 0xF0, 0x01, 0xFF, 0xFF, 0xF8, 0x00, 0x07, 0xFF, 0x90, 0x00, 0x00, 0x00, 0x00,
    0x2F, 0xF9, 0x00, 0x00, 0x00, 0x7F, 0xFF, 0xC0, 0x00, 0x00, 0x3F, 0xFF, 0xE0, 0x00, 0x00, 0x2F,
    0xFF, 0xF0, 0x00, 0x00, 0x0F, 0xFD, 0x04, 0x00, 0x00, 0x07, 0xFE, 0x00, 0x00, 0x00, 0x02, 0xFF,
    0x40, 0x00, 0x00, 0x01, 0xFF, 0xFF, 0x80, 0x00, 0x07, 0xFF, 0xFF, 0xE0, 0x00, 0x03, 0xFF, 0xFF,
    0xF4, 0x00, 0x01, 0xFF, 0xFF, 0xFC, 0x00, 0x00, 0x02, 0xFF, 0x40, 0x00, 0x00, 0x00, 0xFF, 0xC0,
    0x00, 0x00, 0x00, 0x3F, 0xF0, 0x00, 0x00, 0x00, 0x1F, 0xF8, 0x00, 0x00, 0x00, 0x07, 0xFE, 0x00,
    0x00, 0x00, 0x02, 0xFF, 0x40, 0x00, 0x00, 0x00, 0xFF, 0xC0, 0x00, 0x00, 0x00, 0x3F, 0xF0, 0x00,
    0x00, 0x00, 0x1F, 0xF8, 0x00, 0x00, 0x00, 0x07, 0xFD, 0x00, 0x00, 0x00, 0x02, 0xFF, 0x40, 0x00,
    0x00, 0x00, 0xFF, 0xC0, 0x00, 0x00, 0x00, 0x3F, 0xF0, 0x00, 0x00, 0x00, 0x1F, 0xF8, 0x00, 0x00,
    0x00, 0x0B, 0xFD, 0x00, 0x00, 0x00, 0x02, 0xFF, 0x00, 0x00, 0x00, 0x00, 0xFF, 0xC0, 0x00, 0x00,
    0x00, 0x7F, 0xF0, 0x00, 0x00, 0x00, 0x7F, 0xF4, 0x00, 0x00, 0x0B, 0xFF, 0xFC, 0x00, 0x00, 0x02,
    0xFF, 0xFE, 0x00, 0x00, 0x00, 0xBF, 0xFE, 0x00, 0x00, 0x00, 0x1F, 0xF9, 0x00, 0x00, 0x00, 0x00,
    0x00, 0x02, 0xFF, 0x43, 0xFC, 0x00, 0x1F, 0xFF, 0xD3, 0xFC, 0x00, 0x7F, 0xFF, 0xFB, 0xFC, 0x00,
    0xFF, 0xFF, 0xFF, 0xF8, 0x02, 0xFF, 0xE0, 0xFF, 0xF4, 0x03, 0xFF, 0x80, 0x7F, 0xF0, 0x07, 0xFF,
    0x00, 0x3F, 0xF0, 0x0F, 0xFD, 0x00, 0x3F, 0xE0, 0x0F, 0xFC, 0x00, 0x3F, 0xE0, 0x1F, 0xFC, 0x00,
    0x7F, 0xD0, 0x1F, 0xF8, 0x00, 0xBF, 0xC0, 0x2F, 0xF8, 0x00, 0xFF, 0xC0, 0x2F, 0xF8, 0x01, 0xFF,
    0x80, 0x1F, 0xF8, 0x03, 0xFF, 0x40, 0x1F, 0xFD, 0x1F, 0xFF, 0x40, 0x0F, 0xFF, 0xFF, 0xFF, 0x00,
    0x0F, 0xFF, 0xFF, 0xFF, 0x00, 0x03, 0xFF, 0xF7, 0xFE, 0x00, 0x00, 0xBF, 0x87, 0xFD, 0x00, 0x00,
    0x00, 0x0B, 0xFC, 0x00, 0x00, 0x00, 0x0F, 0xFC, 0x00, 0x00, 0x00, 0x2F, 0xF8, 0x00, 0x79, 0x01,
    0xBF, 0xF0, 0x00, 0x7F, 0xFF, 0xFF, 0xE0, 0x00, 0x7F, 0xFF, 0xFF, 0xC0, 0x00, 0x7F, 0xFF, 0xFE,
    0x00, 0x00, 0x0B, 0xFF, 0xE0, 0x00, 0x00, 0x00, 0x0F, 0xFC, 0x00, 0x00, 0x00, 0x7F, 0xE0, 0x00,
    0x00, 0x02, 0xFF, 0x40, 0x00, 0x00, 0x0F, 0xFC, 0x00, 0x00, 0x00, 0x3F, 0xF0, 0x00, 0x00, 0x00,
    0xFF, 0x80, 0x00, 0x00, 0x07, 0xFD, 0x00, 0x00, 0x00, 0x2F, 0xF0, 0xBF, 0x80, 0x00, 0xFF, 0xCF,
    0xFF, 0xD0, 0x03, 0xFF, 0xFF, 0xFF, 0xC0, 0x0F, 0xFF, 0xFF, 0xFF, 0x00, 0x7F, 0xFD, 0x0F, 0xFD,
    0x02, 0xFF, 0xD0, 0x2F, 0xF4, 0x0F, 0xFE, 0x00, 0xBF, 0xD0, 0x3F, 0xF0, 0x02, 0xFF, 0x00, 0xFF,
    0xC0, 0x0F, 0xFC, 0x07, 0xFE, 0x00, 0x3F, 0xF0, 0x2F, 0xF4, 0x01, 0xFF, 0x80, 0xFF, 0xC0, 0x07,
    0xFD, 0x03, 0xFF, 0x00, 0x2F, 0xF0, 0x1F, 0xF8, 0x00, 0xFF, 0xC0, 0x7F, 0xD0, 0x03, 0xFF, 0x02,
    0xFF, 0x00, 0x1F, 0xF8, 0x0F, 0xFC, 0x00, 0x7F, 0xD0, 0x3F, 0xF0, 0x02, 0xFF, 0x01, 0xFF, 0x80,
    0x0F, 0xFC, 0x00, 0x00, 0x0B, 0xF0, 0x00, 0x7F, 0xE0, 0x03, 0xFF, 0x80, 0x0B, 0xFD, 0x00, 0x0F,
    0xD0, 0x00, 0x00, 0x00, 0x00, 0x00, 0x00, 0x2F, 0xF4, 0x00, 0xFF, 0xC0, 0x03, 0xFF, 0x00, 0x1F,
    0xFC, 0x00, 0x7F, 0xE0, 0x02, 0xFF, 0x40, 0x0F, 0xFC, 0x00, 0x3F, 0xF0, 0x01, 0xFF, 0x80, 0x07,
    0xFE, 0x00, 0x2F, 0xF4, 0x00, 0xFF, 0xC0, 0x03, 0xFF, 0x00, 0x1F, 0xF8, 0x00, 0x7F, 0xD0, 0x02,
    0xFF, 0x40, 0x0F, 0xFC, 0x00, 0x3F, 0xF0, 0x01, 0xFF, 0x80, 0x00, 0x00, 0x00, 0x01, 0xFC, 0x00,
    0x00, 0x07, 0xFE, 0x00, 0x00, 0x0B, 0xFE, 0x00, 0x00, 0x0B, 0xFD, 0x00, 0x00, 0x02, 0xF8, 0x00,
    0x00, 0x00, 0x00, 0x00, 0x00, 0x00, 0x00, 0x00, 0x00, 0x2F, 0xF4, 0x00, 0x00, 0x3F, 0xF0, 0x00,
    0x00, 0x3F, 0xF0, 0x00, 0x00, 0x3F, 0xF0, 0x00, 0x00, 0x7F, 0xE0, 0x00, 0x00, 0xBF, 0xD0, 0x00,
    0x00, 0xFF, 0xC0, 0x00, 0x00, 0xFF, 0xC0, 0x00, 0x00, 0xFF, 0xC0, 0x00, 0x01, 0xFF, 0x80, 0x00,
    0x02, 0xFF, 0x40, 0x00, 0x03, 0xFF, 0x00, 0x00, 0x03, 0xFF, 0x00, 0x00, 0x03, 0xFE, 0x00, 0x00,
    0x07, 0xFE, 0x00, 0x00, 0x0B, 0xFD, 0x00, 0x00, 0x0F, 0xFC, 0x00, 0x00, 0x0F, 0xFC, 0x00, 0x00,
    0x1F, 0xF8, 0x00, 0x00, 0x1F, 0xF4, 0x00, 0x00, 0x2F, 0xF4, 0x00, 0x00, 0x3F, 0xF0, 0x00, 0x01,
    0xFF, 0xE0, 0x00, 0x7F, 0xFF, 0xD0, 0x00, 0x7F, 0xFF, 0x80, 0x00, 0x7F, 0xFF, 0x00, 0x00, 0x3F,
    0xF4, 0x00, 0x00, 0x00, 0x0F, 0xFC, 0x00, 0x00, 0x00, 0x07, 0xFE, 0x00, 0x00, 0x00, 0x02, 0xFF,
    0x40, 0x00, 0x00, 0x00, 0xFF, 0xC0, 0x00, 0x00, 0x00, 0x3F, 0xF0, 0x00, 0x00, 0x00, 0x0F, 0xF8,
    0x00, 0x00, 0x00, 0x07, 0xFE, 0x00, 0x00, 0x00, 0x02, 0xFF, 0x40, 0x1F, 0xFC, 0x00, 0xFF, 0xC0,
    0x1F, 0xFC, 0x00, 0x3F, 0xF0, 0x1F, 0xFC, 0x00, 0x0F, 0xF8, 0x1F, 0xFD, 0x00, 0x07, 0xFD, 0x0F,
    0xFD, 0x00, 0x02, 0xFF, 0x0F, 0xFD, 0x00, 0x00, 0xFF, 0xCF, 0xFD, 0x00, 0x00, 0x3F, 0xEF, 0xFD,
    0x00, 0x00, 0x0F, 0xFF, 0xFE, 0x00, 0x00, 0x07, 0xFF, 0xFF, 0xC0, 0x00, 0x02, 0xFF, 0xFF, 0xF4,
    0x00, 0x00, 0xFF, 0xFF, 0xFF, 0x00, 0x00, 0x3F, 0xF8, 0xFF, 0xC0, 0x00, 0x1F, 0xF8, 0x2F, 0xF8,
    0x00, 0x07, 0xFD, 0x03, 0xFF, 0x00, 0x02, 0xFF, 0x00, 0xFF, 0xE0, 0x00, 0xFF, 0xC0, 0x1F, 0xFC,
    0x00, 0x3F, 0xF0, 0x03, 0xFF, 0x40, 0x1F, 0xF8, 0x00, 0xBF, 0xF0, 0x00, 0x00, 0x0F, 0xFC, 0x00,
    0x7F, 0xE0, 0x02, 0xFF, 0x40, 0x0F, 0xFC, 0x00, 0x3F, 0xF0, 0x00, 0xFF, 0xC0, 0x07, 0xFE, 0x00,
    0x2F, 0xF4, 0x00, 0xFF, 0xC0, 0x03, 0xFF, 0x00, 0x0F, 0xFC, 0x00, 0x7F, 0xE0, 0x02, 0xFF, 0x40,
    0x0F, 0xFC, 0x00, 0x3F, 0xF0, 0x01, 0xFF, 0x80, 0x07, 0xFE, 0x00, 0x2F, 0xF4, 0x00, 0xFF, 0xC0,
    0x03, 0xFF, 0x00, 0x1F, 0xF8, 0x00, 0xBF, 0xD0, 0x02, 0xFF, 0x40, 0x0F, 0xFC, 0x00, 0x3F, 0xF0,
    0x01, 0xFF, 0x80, 0x00, 0x00, 0xBF, 0x02, 0xFE, 0x00, 0x2F, 0xF4, 0x00, 0x3F, 0xC7, 0xFF, 0xF0,
    0x3F, 0xFF, 0x40, 0x0F, 0xF3, 0xFF, 0xFE, 0x3F, 0xFF, 0xF0, 0x03, 0xFF, 0xFF, 0xFF, 0xFF, 0xFF,
    0xFD, 0x01, 0xFF, 0xF0, 0x3F, 0xFF, 0x43, 0xFF, 0x40, 0xBF, 0xF0, 0x0B, 0xFF, 0x40, 0x7F, 0xD0,
    0x3F, 0xF8, 0x02, 0xFF, 0xC0, 0x2F, 0xF4, 0x0F, 0xFC, 0x00, 0xFF, 0xD0, 0x0B, 0xFD, 0x07, 0xFF,
    0x00, 0x3F, 0xF0, 0x03, 0xFF, 0x01, 0xFF, 0x40, 0x1F, 0xF8, 0x00, 0xFF, 0xC0, 0xBF, 0xC0, 0x07,
    0xFD, 0x00, 0x7F, 0xE0, 0x3F, 0xF0, 0x02, 0xFF, 0x00, 0x1F, 0xF4, 0x0F, 0xFC, 0x00, 0xFF, 0xC0,
    0x0B, 0xFD, 0x07, 0xFE, 0x00, 0x3F, 0xF0, 0x03, 0xFF, 0x01, 0xFF, 0x40, 0x1F, 0xF8, 0x00, 0xFF,
    0xC0, 0xBF, 0xC0, 0x07, 0xFD, 0x00, 0x7F, 0xE0, 0x3F, 0xF0, 0x02, 0xFF, 0x00, 0x1F, 0xF4, 0x0F,
    0xFC, 0x00, 0xFF, 0xC0, 0x0B, 0xFC, 0x07, 0xFE, 0x00, 0x3F, 0xF0, 0x03, 0xFF, 0x00, 0x00, 0xBF,
    0x02, 0xFE, 0x00, 0x03, 0xFC, 0x3F, 0xFF, 0x40, 0x0F, 0xF3, 0xFF, 0xFF, 0x00, 0x3F, 0xFF, 0xFF,
    0xFC, 0x01, 0xFF, 0xF4, 0x7F, 0xF4, 0x0B, 0xFF, 0x40, 0xBF, 0xD0, 0x3F, 0xF8, 0x02, 0xFF, 0x40,
    0xFF, 0xD0, 0x0B, 0xFC, 0x07, 0xFF, 0x00, 0x3F, 0xF0, 0x1F, 0xF8, 0x00, 0xFF, 0xC0, 0xBF, 0xD0,
    0x07, 0xFE, 0x03, 0xFF, 0x00, 0x1F, 0xF4, 0x0F, 0xFC, 0x00, 0xBF, 0xC0, 0x7F, 0xE0, 0x03, 0xFF,
    0x01, 0xFF, 0x40, 0x0F, 0xFC, 0x0B, 0xFC, 0x00, 0x7F, 0xE0, 0x3F, 0xF0, 0x01, 0xFF, 0x40, 0xFF,
    0xC0, 0x0B, 0xFC, 0x07, 0xFE, 0x00, 0x3F, 0xF0, 0x00, 0x00, 0x06, 0xFF, 0x90, 0x00, 0x03, 0xFF,
    0xFF, 0x80, 0x01, 0xFF, 0xFF, 0xFE, 0x00, 0x3F, 0xFF, 0xFF, 0xF0, 0x0B, 0xFF, 0x43, 0xFF, 0x81,
    0xFF, 0xD0, 0x0F, 0xFC, 0x2F, 0xF8, 0x00, 0xFF, 0xC3, 0xFF, 0x00, 0x0F, 0xFC, 0x3F, 0xF0, 0x00,
    0xFF, 0xC7, 0xFE, 0x00, 0x0F, 0xFC, 0x7F, 0xE0, 0x01, 0xFF, 0x8B, 0xFD, 0x00, 0x2F, 0xF8, 0xBF,
    0xD0, 0x03, 0xFF, 0x07, 0xFE, 0x00, 0xBF, 0xF0, 0x3F, 0xF4, 0x2F, 0xFD, 0x02, 0xFF, 0xFF, 0xFF,
    0x80, 0x0F, 0xFF, 0xFF, 0xF0, 0x00, 0x3F, 0xFF, 0xF8, 0x00, 0x00, 0x7F, 0xF8, 0x00, 0x00, 0x00,
    0x0B, 0xF0, 0x2F, 0xD0, 0x00, 0x03, 0xFC, 0x7F, 0xFE, 0x00, 0x00, 0xFF, 0x7F, 0xFF, 0xD0, 0x00,
    0x7F, 0xFF, 0xFF, 0xFC, 0x00, 0x1F, 0xFE, 0x0B, 0xFF, 0x00, 0x0B, 0xFF, 0x00, 0xFF, 0xD0, 0x03,
    0xFF, 0x00, 0x2F, 0xF4, 0x00, 0xFF, 0x80, 0x0B, 0xFD, 0x00, 0x7F, 0xD0, 0x02, 0xFF, 0x40, 0x1F,
    0xF0, 0x00, 0xFF, 0xC0, 0x0B, 0xFC, 0x00, 0x3F, 0xF0, 0x03, 0xFF, 0x00, 0x1F, 0xF8, 0x00, 0xFF,
    0xC0, 0x0F, 0xFD, 0x00, 0x7F, 0xF0, 0x0B, 0xFF, 0x00, 0x2F, 0xFF, 0x0B, 0xFF, 0x40, 0x0B, 0xFF,
    0xFF, 0xFF, 0xC0, 0x03, 0xFF, 0xFF, 0xFF, 0xC0, 0x00, 0xFF, 0x9F, 0xFF, 0xC0, 0x00, 0x7F, 0xD1,
    0xFF, 0x40, 0x00, 0x2F, 0xF4, 0x00, 0x00, 0x00, 0x0F, 0xFC, 0x00, 0x00, 0x00, 0x03, 0xFF, 0x00,
    0x00, 0x00, 0x00, 0xFF, 0x80, 0x00, 0x00, 0x00, 0x7F, 0xE0, 0x00, 0x00, 0x00, 0x2F, 0xF4, 0x00,
    0x00, 0x00, 0x0F, 0xFC, 0x00, 0x00, 0x00, 0x03, 0xFF, 0x00, 0x00, 0x00, 0x00, 0x00, 0x0B, 0xFD,
    0x0B, 0xF0, 0x00, 0xFF, 0xFD, 0x3F, 0xC0, 0x0F, 0xFF, 0xFE, 0xFE, 0x00, 0xFF, 0xFF, 0xFF, 0xF8,
    0x0B, 0xFF, 0x87, 0xFF, 0xD0, 0x3F, 0xF4, 0x07, 0xFF, 0x01, 0xFF, 0xC0, 0x0F, 0xFC, 0x0F, 0xFD,
    0x00, 0x3F, 0xE0, 0x3F, 0xF0, 0x00, 0xFF, 0x41, 0xFF, 0x80, 0x07, 0xFD, 0x07, 0xFE, 0x00, 0x2F,
    0xF0, 0x2F, 0xF4, 0x00, 0xFF, 0xC0, 0xBF, 0xD0, 0x07, 0xFE, 0x01, 0xFF, 0x80, 0x3F, 0xF4, 0x07,
    0xFF, 0x42, 0xFF, 0xC0, 0x0F, 0xFF, 0xFF, 0xFF, 0x00, 0x2F, 0xFF, 0xFF, 0xFC, 0x00, 0x3F, 0xFF,
    0x3F, 0xE0, 0x00, 0x2F, 0xE1, 0xFF, 0x40, 0x00, 0x00, 0x0B, 0xFC, 0x00, 0x00, 0x00, 0x3F, 0xF0,
    0x00, 0x00, 0x00, 0xFF, 0xC0, 0x00, 0x00, 0x07, 0xFE, 0x00, 0x00, 0x00, 0x1F, 0xF4, 0x00, 0x00,
    0x00, 0xBF, 0xC0, 0x00, 0x00, 0x03, 0xFF, 0x00, 0x00, 0x00, 0x0F, 0xFC, 0x00, 0x00, 0x00, 0xBF,
    0x42, 0xFC, 0x00, 0xFF, 0x4F, 0xFC, 0x00, 0xFF, 0x7F, 0xFC, 0x01, 0xFF, 0xFF, 0xF8, 0x01, 0xFF,
    0xFF, 0xF4, 0x02, 0xFF, 0xF4, 0x00, 0x03, 0xFF, 0xC0, 0x00, 0x03, 0xFF, 0x80, 0x00, 0x07, 0xFF,
    0x00, 0x00, 0x07, 0xFE, 0x00, 0x00, 0x0B, 0xFD, 0x00, 0x00, 0x0F, 0xFC, 0x00, 0x00, 0x0F, 0xFC,
    0x00, 0x00, 0x1F, 0xF8, 0x00, 0x00, 0x1F, 0xF8, 0x00, 0x00, 0x2F, 0xF4, 0x00, 0x00, 0x3F, 0xF0,
    0x00, 0x00, 0x3F, 0xF0, 0x00, 0x00, 0x7F, 0xE0, 0x00, 0x00, 0x00, 0x1B, 0xFF, 0x80, 0x00, 0xFF,
    0xFF, 0xF8, 0x03, 0xFF, 0xFF, 0xFC, 0x07, 0xFF, 0xFF, 0xF4, 0x0B, 0xFF, 0x01, 0xF0, 0x0B, 0xFD,
    0x00, 0x00, 0x0B, 0xFE, 0x00, 0x00, 0x07, 0xFF, 0xC0, 0x00, 0x02, 0xFF, 0xF8, 0x00, 0x00, 0xBF,
    0xFF, 0x00, 0x00, 0x1F, 0xFF, 0xC0, 0x00, 0x02, 0xFF, 0xD0, 0x00, 0x00, 0xBF, 0xE0, 0x00, 0x00,
    0xBF, 0xE0, 0xB9, 0x01, 0xFF, 0xD0, 0xBF, 0xFF, 0xFF, 0xC0, 0xBF, 0xFF, 0xFF, 0x40, 0xBF, 0xFF,
    0xFD, 0x00, 0x1B, 0xFF, 0x90, 0x00, 0x00, 0x0F, 0xD0, 0x00, 0x01, 0xFC, 0x00, 0x00, 0x3F, 0xC0,
    0x00, 0x07, 0xFC, 0x00, 0x02, 0xFF, 0xFF, 0xC2, 0xFF, 0xFF, 0xFC, 0x3F, 0xFF, 0xFF, 0xC7, 0xFF,
    0xFF, 0xF8, 0x03, 0xFF, 0x00, 0x00, 0x7F, 0xE0, 0x00, 0x0B, 0xFD, 0x00, 0x00, 0xBF, 0xC0, 0x00,
    0x0F, 0xFC, 0x00, 0x00, 0xFF, 0xC0, 0x00, 0x1F, 0xF8, 0x00, 0x02, 0xFF, 0x40, 0x00, 0x3F, 0xF0,
    0x00, 0x03, 0xFF, 0x00, 0x00, 0x3F, 0xF4, 0x10, 0x03, 0xFF, 0xFF, 0x00, 0x3F, 0xFF, 0xF0, 0x01,
    0xFF, 0xFF, 0x00, 0x02, 0xFF, 0x90, 0x00, 0x03, 0xFF, 0x00, 0x1F, 0xF4, 0x0F, 0xFC, 0x00, 0xBF,
    0xD0, 0x3F, 0xE0, 0x03, 0xFF, 0x01, 0xFF, 0x40, 0x0F, 0xFC, 0x0B, 0xFD, 0x00, 0x7F, 0xE0, 0x3F,
    0xF0, 0x01, 0xFF, 0x40, 0xFF, 0xC0, 0x0B, 0xFC, 0x07, 0xFE, 0x00, 0x3F, 0xF0, 0x1F, 0xF4, 0x00,
    0xFF, 0xC0, 0xBF, 0xC0, 0x07, 0xFE, 0x03, 0xFF, 0x00, 0x2F, 0xF4, 0x0F, 0xFC, 0x00, 0xFF, 0xC0,
    0x3F, 0xE0, 0x0B, 0xFF, 0x00, 0xFF, 0x80, 0x3F, 0xFC, 0x03, 0xFF, 0x47, 0xFF, 0xE0, 0x0F, 0xFF,
    0xFF, 0xFF, 0x40, 0x2F, 0xFF, 0xF3, 0xFC, 0x00, 0x3F, 0xFF, 0x4F, 0xF0, 0x00, 0x2F, 0xE0, 0x3F,
    0xC0, 0x00, 0x7F, 0xE0, 0x00, 0xBF, 0xE3, 0xFE, 0x00, 0x0F, 0xFC, 0x3F, 0xE0, 0x01, 0xFF, 0x83,
    0xFE, 0x00, 0x3F, 0xF0, 0x3F, 0xF0, 0x07, 0xFE, 0x02, 0xFF, 0x00, 0xFF, 0xC0, 0x2F, 0xF0, 0x1F,
    0xF8, 0x01, 0xFF, 0x03, 0xFF, 0x00, 0x1F, 0xF0, 0x7F, 0xE0, 0x00, 0xFF, 0x0F, 0xFC, 0x00, 0x0F,
    0xF1, 0xFF, 0x80, 0x00, 0xFF, 0x6F, 0xF0, 0x00, 0x0F, 0xF7, 0xFE, 0x00, 0x00, 0xBF, 0xBF, 0xC0,
    0x00, 0x0B, 0xFF, 0xF8, 0x00, 0x00, 0xBF, 0xFF, 0x00, 0x00, 0x07, 0xFF, 0xD0, 0x00, 0x00, 0x7F,
    0xFC, 0x00, 0x00, 0x03, 0xFF, 0x40, 0x00, 0x00, 0xFF, 0x80, 0x0F, 0xFD, 0x00, 0x3F, 0xEF, 0xF8,
    0x01, 0xFF, 0xD0, 0x0B, 0xFD, 0xFF, 0x80, 0x3F, 0xFD, 0x00, 0xFF, 0xCF, 0xF8, 0x07, 0xFF, 0xD0,
    0x2F, 0xF4, 0xFF, 0x80, 0xBF, 0xFD, 0x03, 0xFF, 0x0B, 0xF8, 0x0F, 0xDF, 0xD0, 0x7F, 0xD0, 0xBF,
    0x82, 0xFC, 0xFD, 0x0F, 0xFC, 0x0B, 0xF8, 0x3F, 0xCF, 0xD0, 0xFF, 0x80, 0xBF, 0x87, 0xF4, 0xFD,
    0x2F, 0xF0, 0x0B, 0xF8, 0xFF, 0x0F, 0xD3, 0xFE, 0x00, 0xBF, 0x8F, 0xE0, 0xFD, 0x7F, 0xC0, 0x07,
    0xFA, 0xFC, 0x0F, 0xDB, 0xF8, 0x00, 0x7F, 0xBF, 0xC0, 0xFD, 0xFF, 0x40, 0x07, 0xFB, 0xF4, 0x0F,
    0xEF, 0xF0, 0x00, 0x7F, 0xFF, 0x00, 0xFF, 0xFD, 0x00, 0x07, 0xFF, 0xE0, 0x0F, 0xFF, 0xC0, 0x00,
    0x7F, 0xFC, 0x00, 0xFF, 0xF4, 0x00, 0x03, 0xFF, 0xC0, 0x0F, 0xFF, 0x00, 0x00, 0x3F, 0xF4, 0x00,
    0xFF, 0xE0, 0x00, 0x00, 0x00, 0x7F, 0xF0, 0x03, 0xFF, 0xC0, 0x03, 0xFF, 0x40, 0x7F, 0xF4, 0x00,
    0x2F, 0xF8, 0x0F, 0xFD, 0x00, 0x00, 0xFF, 0xC2, 0xFF, 0x80, 0x00, 0x0F, 0xFC, 0x7F, 0xF0, 0x00,
    0x00, 0x7F, 0xEF, 0xFC, 0x00, 0x00, 0x03, 0xFF, 0xFF, 0x40, 0x00, 0x00, 0x2F, 0xFF, 0xE0, 0x00,
    0x00, 0x00, 0xFF, 0xF8, 0x00, 0x00, 0x00, 0x0F, 0xFF, 0x00, 0x00, 0x00, 0x03, 0xFF, 0xF4, 0x00,
    0x00, 0x00, 0xBF, 0xFF, 0x80, 0x00, 0x00, 0x2F, 0xFF, 0xFC, 0x00, 0x00, 0x07, 0xFF, 0x7F, 0xE0,
    0x00, 0x00, 0xFF, 0xC3, 0xFF, 0x00, 0x00, 0x3F, 0xF8, 0x2F, 0xF4, 0x00, 0x0B, 0xFF, 0x01, 0xFF,
    0xC0, 0x01, 0xFF, 0xC0, 0x0F, 0xFC, 0x00, 0x7F, 0xF8, 0x00, 0xFF, 0xE0, 0x00, 0x00, 0x7F, 0xE0,
    0x00, 0xBF, 0xF0, 0x00, 0xFF, 0x80, 0x03, 0xFF, 0x40, 0x03, 0xFE, 0x00, 0x1F, 0xF8, 0x00, 0x0F,
    0xFC, 0x00, 0xFF, 0xC0, 0x00, 0x2F, 0xF0, 0x07, 0xFE, 0x00, 0x00, 0xBF, 0xC0, 0x3F, 0xF0, 0x00,
    0x01, 0xFF, 0x01, 0xFF, 0x80, 0x00, 0x07, 0xFC, 0x0F, 0xFC, 0x00, 0x00, 0x0F, 0xF4, 0x7F, 0xE0,
    0x00, 0x00, 0x3F, 0xD2, 0xFF, 0x00, 0x00, 0x00, 0xFF, 0x8F, 0xF8, 0x00, 0x00, 0x02, 0xFE, 0xBF,
    0xC0, 0x00, 0x00, 0x0B, 0xFB, 0xFE, 0x00, 0x00, 0x00, 0x1F, 0xFF, 0xF0, 0x00, 0x00, 0x00, 0x7F,
    0xFF, 0x80, 0x00, 0x00, 0x00, 0xFF, 0xFC, 0x00, 0x00, 0x00, 0x03, 0xFF, 0xE0, 0x00, 0x00, 0x00,
    0x0F, 0xFF, 0x00, 0x00, 0x00, 0x00, 0x2F, 0xF4, 0x00, 0x00, 0x00, 0x00, 0xFF, 0xC0, 0x00, 0x00,
    0x00, 0x0B, 0xFD, 0x00, 0x00, 0x00, 0x00, 0x7F, 0xF0, 0x00, 0x00, 0x00, 0x0B, 0xFF, 0x40, 0x00,
    0x00, 0x1F, 0xFF, 0xF8, 0x00, 0x00, 0x00, 0x7F, 0xFF, 0xC0, 0x00, 0x00, 0x01, 0xFF, 0xF8, 0x00,
    0x00, 0x00, 0x03, 0xFE, 0x00, 0x00, 0x00, 0x00, 0x00, 0x00, 0x7F, 0xFF, 0xFF, 0xC0, 0x2F, 0xFF,
    0xFF, 0xE0, 0x0F, 0xFF, 0xFF, 0xF4, 0x03, 0xFF, 0xFF, 0xFC, 0x00, 0x00, 0x0F, 0xFD, 0x00, 0x00,
    0x0F, 0xFE, 0x00, 0x00, 0x0B, 0xFF, 0x00, 0x00, 0x07, 0xFF, 0x00, 0x00, 0x03, 0xFF, 0x00, 0x00,
    0x03, 0xFF, 0x40, 0x00, 0x02, 0xFF, 0x80, 0x00, 0x02, 0xFF, 0xC0, 0x00, 0x01, 0xFF, 0xC0, 0x00,
    0x00, 0xFF, 0xC0, 0x00, 0x00, 0xFF, 0xE0, 0x00, 0x00, 0xBF, 0xFF, 0xFF, 0xC0, 0x3F, 0xFF, 0xFF,
    0xF0, 0x1F, 0xFF, 0xFF, 0xF8, 0x0B, 0xFF, 0xFF, 0xFD, 0x00, 0x00, 0x00, 0x0B, 0xFC, 0x00, 0x01,
    0xFF, 0xE0, 0x00, 0x0F, 0xFF, 0x40, 0x00, 0x7F, 0xFD, 0x00, 0x03, 0xFF, 0x40, 0x00, 0x0F, 0xF4,
    0x00, 0x00, 0x7F, 0xC0, 0x00, 0x01, 0xFF, 0x00, 0x00, 0x0B, 0xF8, 0x00, 0x00, 0x3F, 0xD0, 0x00,
    0x00, 0xFF, 0x00, 0x00, 0x0B, 0xFC, 0x00, 0x01, 0xBF, 0xE0, 0x00, 0x7F, 0xFF, 0x00, 0x02, 0xFF,
    0xE0, 0x00, 0x0F, 0xFD, 0x00, 0x00, 0x3F, 0xFE, 0x00, 0x00, 0x0B, 0xFC, 0x00, 0x00, 0x0F, 0xF4,
    0x00, 0x00, 0x3F, 0xC0, 0x00, 0x00, 0xFF, 0x00, 0x00, 0x07, 0xFC, 0x00, 0x00, 0x2F, 0xE0, 0x00,
    0x00, 0xBF, 0x40, 0x00, 0x03, 0xFD, 0x00, 0x00, 0x0F, 0xF8, 0x00, 0x00, 0x3F, 0xFD, 0x00, 0x00,
    0xBF, 0xF4, 0x00, 0x00, 0xFF, 0xD0, 0x00, 0x00, 0xBF, 0x40, 0x00, 0x00, 0x00, 0x00, 0x00, 0xBF,
    0xBF, 0xBF, 0xBF, 0xBF, 0xBF, 0xBF, 0xBF, 0xBF, 0xBF, 0xBF, 0xBF, 0xBF, 0xBF, 0xBF, 0xBF, 0xBF,
    0xBF, 0xBF, 0xBF, 0xBF, 0xBF, 0xBF, 0xBF, 0xBF, 0xBF, 0xBF, 0xBF, 0xBF, 0xBF, 0xBF, 0xBF, 0xBF,
    0xBF, 0x00, 0x1F, 0xD0, 0x00, 0x02, 0xFF, 0xC0, 0x00, 0x2F, 0xFD, 0x00, 0x03, 0xFF, 0xE0, 0x00,
    0x07, 0xFF, 0x00, 0x00, 0x2F, 0xE0, 0x00, 0x02, 0xFD, 0x00, 0x00, 0x3F, 0xD0, 0x00, 0x03, 0xFC,
    0x00, 0x00, 0x7F, 0xC0, 0x00, 0x07, 0xF8, 0x00, 0x00, 0xBF, 0xC0, 0x00, 0x07, 0xFE, 0x00, 0x00,
    0x3F, 0xFF, 0x00, 0x00, 0xBF, 0xE0, 0x00, 0x2F, 0xFD, 0x00, 0x0F, 0xFF, 0xC0, 0x03, 0xFF, 0x90,
    0x00, 0x3F, 0xD0, 0x00, 0x07, 0xFC, 0x00, 0x00, 0xBF, 0x80, 0x00, 0x0F, 0xF4, 0x00, 0x00, 0xFF,
    0x00, 0x00, 0x1F, 0xF0, 0x00, 0x02, 0xFF, 0x00, 0x00, 0x7F, 0xE0, 0x00, 0xBF, 0xFC, 0x00, 0x0B,
    0xFF, 0x80, 0x00, 0xBF, 0xF0, 0x00, 0x0B, 0xF8, 0x00, 0x00, 0x00, 0x00, 0x00, 0x00, 0x00, 0x00,
    0x00, 0x00, 0x01, 0xFF, 0x90, 0x00, 0x23, 0xFF, 0xFF, 0x90, 0x7C, 0xFF, 0xFF, 0xFF, 0xFF, 0x3F,
    0xFF, 0xFF, 0xFF, 0xCE, 0x41, 0xBF, 0xFF, 0xE1, 0x00, 0x01, 0xBF, 0xD0, 0x00, 0x00, 0x00, 0x00,
    0x00, 0x07, 0xF0, 0x00, 0x7F, 0xE0, 0x02, 0xFF, 0xC0, 0x0F, 0xFF, 0x00, 0x2F, 0xF4, 0x00, 0x3F,
    0x80, 0x00, 0x00, 0x00, 0x00, 0x00, 0x00, 0x00, 0x00, 0x00, 0xFF, 0x00, 0x07, 0xF8, 0x00, 0x2F,
    0xE0, 0x00, 0xFF, 0x40, 0x03, 0xFC, 0x00, 0x1F, 0xF0, 0x00, 0xBF, 0xC0, 0x03, 0xFE, 0x00, 0x1F,
    0xF8, 0x00, 0xBF, 0xD0, 0x03, 0xFF, 0x00, 0x0F, 0xFC, 0x00, 0x7F, 0xF0, 0x02, 0xFF, 0x80, 0x0F,
    0xFE, 0x00, 0x3F, 0xF4, 0x00, 0x00, 0x00, 0x2F, 0x40, 0x00, 0x00, 0x3F, 0x00, 0x00, 0x00, 0x7F,
    0x00, 0x00, 0x0F, 0xFF, 0xF8, 0x00, 0x7F, 0xFF, 0xFD, 0x01, 0xFF, 0xFF, 0xFC, 0x03, 0xFF, 0xFF,
    0xF8, 0x0F, 0xFF, 0x80, 0x60, 0x0F, 0xFD, 0x00, 0x00, 0x2F, 0xFC, 0x00, 0x00, 0x3F, 0xF4, 0x00,
    0x00, 0x3F, 0xF0, 0x00, 0x00, 0x3F, 0xF0, 0x00, 0x00, 0x7F, 0xE0, 0x00, 0x00, 0x7F, 0xE0, 0x00,
    0x00, 0x7F, 0xF0, 0x00, 0x00, 0x3F, 0xF8, 0x06, 0xC0, 0x3F, 0xFF, 0xFF, 0xC0, 0x0F, 0xFF, 0xFF,
    0xC0, 0x03, 0xFF, 0xFF, 0xC0, 0x00, 0x7F, 0xF9, 0x00, 0x00, 0x3F, 0x00, 0x00, 0x00, 0x7E, 0x00,
    0x00, 0x00, 0xBD, 0x00, 0x00, 0x00, 0x00, 0x01, 0xBF, 0xF9, 0x00, 0x00, 0x00, 0xBF, 0xFF, 0xFC,
    0x00, 0x00, 0x3F, 0xFF, 0xFF, 0x80, 0x00, 0x0B, 0xFF, 0xFF, 0xF0, 0x00, 0x00, 0xFF, 0xE0, 0x1E,
    0x00, 0x00, 0x1F, 0xFC, 0x00, 0x00, 0x00, 0x02, 0xFF, 0x40, 0x00, 0x00, 0x00, 0x3F, 0xF0, 0x00,
    0x00, 0x00, 0x03, 0xFF, 0x00, 0x00, 0x00, 0x00, 0x7F, 0xF0, 0x00, 0x00, 0x02, 0xFF, 0xFF, 0xFF,
    0x40, 0x00, 0x3F, 0xFF, 0xFF, 0xF0, 0x00, 0x03, 0xFF, 0xFF, 0xFF, 0x00, 0x00, 0x3F, 0xFF, 0xFF,
    0xF0, 0x00, 0x00, 0x0F, 0xFC, 0x00, 0x00, 0x00, 0x01, 0xFF, 0x80, 0x00, 0x00, 0x00, 0x2F, 0xF4,
    0x00, 0x00, 0x00, 0x03, 0xFF, 0x00, 0x00, 0x00, 0x00, 0xFF, 0xC0, 0x00, 0x00, 0x00, 0x7F, 0xF0,
    0x00, 0x00, 0x00, 0x2F, 0xFF, 0xFF, 0xFF, 0xE0, 0x02, 0xFF, 0xFF, 0xFF, 0xFE, 0x00, 0x3F, 0xFF,
    0xFF, 0xFF, 0xD0, 0x03, 0xFF, 0xFF, 0xFF, 0xFC, 0x00, 0x00, 0x00, 0x00, 0x00, 0x02, 0xC0, 0x00,
    0x0E, 0x02, 0xFD, 0xBF, 0x9F, 0xE0, 0xBF, 0xFF, 0xFF, 0xF8, 0x0B, 0xFF, 0xFF, 0xF8, 0x01, 0xFF,
    0x03, 0xFD, 0x00, 0xBF, 0x00, 0x3F, 0x80, 0x3F, 0x80, 0x07, 0xF0, 0x0F, 0xD0, 0x01, 0xFC, 0x03,
    0xF8, 0x00, 0x7F, 0x00, 0xBF, 0x00, 0x3F, 0x80, 0x1F, 0xF0, 0x3F, 0xD0, 0x07, 0xFF, 0xFF, 0xF8,
    0x0B, 0xFF, 0xFF, 0xFF, 0x82, 0xFD, 0xBF, 0x9F, 0xE0, 0x1C, 0x00, 0x00, 0xE0, 0x00, 0x00, 0x00,
    0x00, 0x00, 0x0B, 0xFC, 0x00, 0x07, 0xFE, 0x07, 0xFD, 0x00, 0x0F, 0xFC, 0x03, 0xFE, 0x00, 0x2F,
    0xF4, 0x03, 0xFE, 0x00, 0x7F, 0xE0, 0x02, 0xFF, 0x00, 0xFF, 0xC0, 0x01, 0xFF, 0x02, 0xFF, 0x00,
    0x00, 0xFF, 0x43, 0xFE, 0x00, 0x00, 0xFF, 0x8F, 0xFC, 0x00, 0x00, 0xBF, 0x9F, 0xF0, 0x00, 0x00,
    0x7F, 0xFF, 0xD0, 0x00, 0x00, 0x3F, 0xFF, 0xC0, 0x00, 0x00, 0x3F, 0xFF, 0x00, 0x00, 0x0F, 0xFF,
    0xFF, 0xFC, 0x00, 0x0F, 0xFF, 0xFF, 0xFC, 0x00, 0x1F, 0xFF, 0xFF, 0xF8, 0x00, 0x00, 0x2F, 0xF0,
    0x00, 0x00, 0x00, 0x3F, 0xF0, 0x00, 0x00, 0x3F, 0xFF, 0xFF, 0xF0, 0x00, 0x7F, 0xFF, 0xFF, 0xE0,
    0x00, 0x7F, 0xFF, 0xFF, 0xD0, 0x00, 0x00, 0xBF, 0xC0, 0x00, 0x00, 0x00, 0xFF, 0xC0, 0x00, 0x00,
    0x00, 0xFF, 0xC0, 0x00, 0x00, 0x00, 0xFF, 0x80, 0x00, 0x00, 0xBF, 0xBF, 0xBF, 0xBF, 0xBF, 0xBF,
    0xBF, 0xBF, 0xBF, 0xBF, 0xBF, 0xBF, 0xBF, 0xBF, 0x00, 0x00, 0x00, 0x00, 0x00, 0x00, 0xBF, 0xBF,
    0xBF, 0xBF, 0xBF, 0xBF, 0xBF, 0xBF, 0xBF, 0xBF, 0xBF, 0xBF, 0xBF, 0xBF, 0x00, 0x01, 0xBF, 0xF8,
    0x00, 0x03, 0xFF, 0xFF, 0xE0, 0x03, 0xFF, 0xFF, 0xF0, 0x02, 0xFF, 0x40, 0x7C, 0x00, 0xFF, 0x80,
    0x00, 0x00, 0x3F, 0xE0, 0x00, 0x00, 0x0B, 0xFE, 0x00, 0x00, 0x00, 0xFF, 0xF8, 0x00, 0x00, 0x2F,
    0xFF, 0xD0, 0x00, 0x3F, 0xFF, 0xFD, 0x00, 0x2F, 0xD2, 0xFF, 0xC0, 0x0F, 0xE0, 0x1F, 0xF0, 0x07,
    0xF4, 0x03, 0xFC, 0x02, 0xFE, 0x00, 0xFF, 0x00, 0x7F, 0xD0, 0x7F, 0x80, 0x0F, 0xFF, 0xBF, 0xC0,
    0x01, 0xFF, 0xFF, 0xC0, 0x00, 0x0F, 0xFF, 0xD0, 0x00, 0x00, 0x7F, 0xFC, 0x00, 0x00, 0x02, 0xFF,
    0x40, 0x00, 0x00, 0x3F, 0xD0, 0x10, 0x00, 0x0F, 0xF4, 0x0B, 0x90, 0x0F, 0xFC, 0x02, 0xFF, 0xFF,
    0xFD, 0x00, 0xBF, 0xFF, 0xFD, 0x00, 0x06, 0xFF, 0xE4, 0x00, 0x00, 0x00, 0x00, 0x00, 0x1F, 0xC1,
    0xFC, 0x3F, 0xC3, 0xFD, 0x3F, 0xC3, 0xFD, 0x2F, 0x41, 0xF8, 0x00, 0x00, 0x00, 0x00, 0x00, 0x00,
    0x00, 0x00, 0x06, 0xFF, 0xF8, 0x00, 0x00, 0x00, 0x07, 0xFF, 0xFF, 0xFC, 0x00, 0x00, 0x02, 0xFE,
    0x40, 0x1B, 0xF4, 0x00, 0x00, 0xFE, 0x00, 0x00, 0x0F, 0xE0, 0x00, 0x2F, 0x40, 0x00, 0x00, 0x2F,
    0x40, 0x07, 0xD0, 0x0B, 0xFF, 0x80, 0xBC, 0x00, 0xF8, 0x03, 0xFF, 0xFD, 0x03, 0xE0, 0x1F, 0x00,
    0xFE, 0x01, 0x80, 0x1F, 0x03, 0xE0, 0x2F, 0x40, 0x00, 0x00, 0xF8, 0x3D, 0x03, 0xF0, 0x00, 0x00,
    0x0B, 0xC3, 0xC0, 0x3E, 0x00, 0x00, 0x00, 0x7C, 0x7C, 0x07, 0xD0, 0x00, 0x00, 0x07, 0xC7, 0xC0,
    0x7D, 0x00, 0x00, 0x00, 0x3C, 0x7C, 0x07, 0xD0, 0x00, 0x00, 0x07, 0xC3, 0xC0, 0x3E, 0x00, 0x00,
    0x00, 0x7C, 0x3D, 0x03, 0xF0, 0x00, 0x00, 0x0B, 0xC3, 0xE0, 0x2F, 0x40, 0x00, 0x00, 0xF8, 0x1F,
    0x00, 0xFD, 0x01, 0x80, 0x1F, 0x00, 0xF8, 0x07, 0xFF, 0xFC, 0x03, 0xE0, 0x07, 0xD0, 0x0B, 0xFF,
    0x80, 0xBC, 0x00, 0x2F, 0x40, 0x00, 0x00, 0x2F, 0x40, 0x00, 0xFE, 0x00, 0x00, 0x1F, 0xE0, 0x00,
    0x02, 0xFE, 0x50, 0x6F, 0xF4, 0x00, 0x00, 0x07, 0xFF, 0xFF, 0xF8, 0x00, 0x00, 0x00, 0x06, 0xFF,
    0xE8, 0x00, 0x00, 0x00, 0xBE, 0x1F, 0x01, 0xFF, 0xFF, 0xC0, 0xFF, 0x6F, 0xF0, 0xBF, 0x03, 0xF8,
    0x3F, 0x80, 0xFD, 0x1F, 0xC0, 0x3F, 0x07, 0xF0, 0x0F, 0xC2, 0xFC, 0x07, 0xE0, 0xBF, 0x03, 0xF8,
    0x1F, 0xE7, 0xFD, 0x03, 0xFF, 0xFF, 0x00, 0x2F, 0x8F, 0xC0, 0x00, 0x00, 0x00, 0x00, 0x00, 0x00,
    0xE0, 0x00, 0xE0, 0x00, 0x3F, 0xC0, 0x3F, 0xC0, 0x0B, 0xFE, 0x0B, 0xFE, 0x01, 0xFF, 0xC2, 0xFF,
    0xC0, 0x7F, 0xF0, 0x7F, 0xF0, 0x0F, 0xFD, 0x1F, 0xFD, 0x03, 0xFF, 0x83, 0xFF, 0x40, 0xBF, 0xE0,
    0xFF, 0xE0, 0x0B, 0xFE, 0x0B, 0xFE, 0x00, 0x3F, 0xF0, 0x3F, 0xF0, 0x02, 0xFF, 0x42, 0xFF, 0x40,
    0x1F, 0xF8, 0x1F, 0xF8, 0x00, 0xFF, 0xC0, 0xFF, 0xC0, 0x07, 0xFD, 0x07, 0xFD, 0x00, 0x3E, 0x00,
    0x3E, 0x00, 0x01, 0x00, 0x01, 0x00, 0x00, 0x00, 0x00, 0x00, 0x00, 0x0F, 0xFF, 0xFF, 0xFF, 0xF3,
    0xFF, 0xFF, 0xFF, 0xFC, 0xFF, 0xFF, 0xFF, 0xFF, 0x3F, 0xFF, 0xFF, 0xFF, 0xC0, 0x00, 0x00, 0x0B,
    0xF0, 0x00, 0x00, 0x02, 0xFC, 0x00, 0x00, 0x00, 0xBF, 0x00, 0x00, 0x00, 0x2F, 0xC0, 0x00, 0x00,
    0x0B, 0xF0, 0x00, 0x00, 0x02, 0xFC, 0x00, 0x00, 0x02, 0xFF, 0xFF, 0x3F, 0xFF, 0xE3, 0xFF, 0xFD,
    0x7F, 0xFF, 0xC0, 0x00, 0x00, 0x00, 0x00, 0x00, 0x00, 0x00, 0x00, 0x06, 0xFF, 0xF8, 0x00, 0x00,
    0x00, 0x07, 0xFF, 0xFF, 0xFC, 0x00, 0x00, 0x02, 0xFE, 0x40, 0x1B, 0xF4, 0x00, 0x00, 0xFE, 0x00,
    0x00, 0x0F, 0xE0, 0x00, 0x2F, 0x40, 0x00, 0x00, 0x2F, 0x40, 0x07, 0xD0, 0xFF, 0xFD, 0x00, 0xBC,
    0x00, 0xF8, 0x0F, 0xFF, 0xFC, 0x03, 0xE0, 0x1F, 0x00, 0xFC, 0x1B, 0xD0, 0x1F, 0x03, 0xE0, 0x0F,
    0xC0, 0x3E, 0x00, 0xF8, 0x3D, 0x00, 0xFC, 0x03, 0xF0, 0x0B, 0xC3, 0xC0, 0x0F, 0xC0, 0x3E, 0x00,
    0x7C, 0x7C, 0x00, 0xFC, 0x0F, 0xD0, 0x07, 0xC7, 0xC0, 0x0F, 0xFF, 0xF4, 0x00, 0x3C, 0x7C, 0x00,
    0xFF, 0xFD, 0x00, 0x07, 0xC3, 0xC0, 0x0F, 0xC3, 0xF0, 0x00, 0x7C, 0x3D, 0x00, 0xFC, 0x1F, 0x80,
    0x0B, 0xC3, 0xE0, 0x0F, 0xC0, 0xFC, 0x00, 0xF8, 0x1F, 0x00, 0xFC, 0x07, 0xE0, 0x1F, 0x00, 0xF8,
    0x0F, 0xC0, 0x2F, 0x43, 0xE0, 0x07, 0xD0, 0xFC, 0x00, 0xFC, 0xBC, 0x00, 0x2F, 0x40, 0x00, 0x00,
    0x2F, 0x40, 0x00, 0xFE, 0x00, 0x00, 0x1F, 0xE0, 0x00, 0x02, 0xFE, 0x50, 0x6F, 0xF4, 0x00, 0x00,
    0x07, 0xFF, 0xFF, 0xF8, 0x00, 0x00, 0x00, 0x06, 0xFF, 0xE8, 0x00, 0x00, 0x3F, 0xFF, 0xFF, 0xFD,
    0x7F, 0xFF, 0xFF, 0xFC, 0xBF, 0xFF, 0xFF, 0xFC, 0x01, 0xFF, 0x80, 0x0F, 0xFF, 0xF0, 0x3F, 0xFF,
    0xFC, 0x7F, 0x41, 0xFD, 0xBE, 0x00, 0xBE, 0xBE, 0x00, 0x7F, 0xBE, 0x00, 0xBE, 0x7F, 0x41, 0xFD,
    0x3F, 0xFF, 0xFC, 0x0F, 0xFF, 0xF0, 0x01, 0xFF, 0x80, 0x00, 0x03, 0xF8, 0x00, 0x00, 0x00, 0xFE,
    0x00, 0x00, 0x00, 0x3F, 0x80, 0x00, 0x00, 0x0F, 0xE0, 0x00, 0x00, 0x03, 0xF8, 0x00, 0x00, 0x00,
    0xFE, 0x00, 0x00, 0x00, 0x3F, 0x80, 0x00, 0xFF, 0xFF, 0xFF, 0xFF, 0x3F, 0xFF, 0xFF, 0xFF, 0xCF,
    0xFF, 0xFF, 0xFF, 0xF3, 0xFF, 0xFF, 0xFF, 0xFC, 0x00, 0x0F, 0xE0, 0x00, 0x00, 0x03, 0xF8, 0x00,
    0x00, 0x00, 0xFE, 0x00, 0x00, 0x00, 0x3F, 0x80, 0x00, 0x00, 0x0F, 0xE0, 0x00, 0x00, 0x03, 0xF8,
    0x00, 0x00, 0x00, 0x00, 0x00, 0x03, 0xFF, 0xFF, 0xFF, 0xFC, 0xFF, 0xFF, 0xFF, 0xFF, 0x3F, 0xFF,
    0xFF, 0xFF, 0xCF, 0xFF, 0xFF, 0xFF, 0xF0, 0x00, 0x1F, 0xF9, 0x00, 0x1F, 0xFF, 0xF4, 0x02, 0xFF,
    0xFF, 0xC0, 0x0F, 0x9B, 0xFC, 0x00, 0x40, 0x3F, 0xC0, 0x00, 0x03, 0xFC, 0x00, 0x00, 0xBF, 0x40,
    0x00, 0x2F, 0xE0, 0x00, 0x0F, 0xF4, 0x00, 0x07, 0xFD, 0x00, 0x01, 0xFF, 0x00, 0x00, 0xBF, 0xD5,
    0x50, 0x2F, 0xFF, 0xFF, 0x03, 0xFF, 0xFF, 0xE0, 0x3F, 0xFF, 0xFD, 0x00, 0x00, 0x7F, 0xF4, 0x00,
    0xFF, 0xFF, 0x40, 0x3F, 0xFF, 0xF0, 0x0B, 0x97, 0xFC, 0x00, 0x00, 0xBF, 0x00, 0x00, 0x7F, 0x80,
    0x0F, 0xFF, 0x80, 0x07, 0xFF, 0x40, 0x01, 0xFF, 0xF4, 0x00, 0x00, 0xFF, 0x00, 0x00, 0x3F, 0xC2,
    0xE5, 0x7F, 0xF0, 0xBF, 0xFF, 0xF8, 0x2F, 0xFF, 0xF8, 0x01, 0xBF, 0xE0, 0x00, 0x00, 0x6A, 0x90,
    0x1F, 0xFC, 0x03, 0xFF, 0x00, 0xBF, 0xC0, 0x1F, 0xF0, 0x03, 0xF8, 0x00, 0x00, 0x0B, 0xFD, 0x00,
    0x3F, 0xE0, 0x00, 0xFF, 0xC0, 0x07, 0xFD, 0x00, 0x0F, 0xFC, 0x00, 0xBF, 0xD0, 0x01, 0xFF, 0x80,
    0x0F, 0xFC, 0x00, 0x1F, 0xF4, 0x00, 0xFF, 0xC0, 0x02, 0xFF, 0x00, 0x1F, 0xF8, 0x00, 0x3F, 0xF0,
    0x01, 0xFF, 0x40, 0x03, 0xFF, 0x00, 0x2F, 0xF0, 0x00, 0x7F, 0xE0, 0x03, 0xFF, 0x00, 0x07, 0xFD,
    0x00, 0x3F, 0xF0, 0x00, 0xBF, 0xC0, 0x07, 0xFE, 0x00, 0x0F, 0xFC, 0x00, 0xFF, 0xD0, 0x00, 0xFF,
    0xC0, 0x1F, 0xFC, 0x00, 0x1F, 0xFC, 0x03, 0xFF, 0xC0, 0x02, 0xFF, 0xE1, 0xFF, 0xFC, 0x00, 0x2F,
    0xFF, 0xFF, 0xFF, 0x80, 0x03, 0xFF, 0xFF, 0xFB, 0xF4, 0x00, 0x3F, 0xFF, 0xFC, 0xBF, 0x00, 0x07,
    0xFE, 0xBE, 0x0B, 0xF0, 0x00, 0xBF, 0xD0, 0x00, 0x00, 0x00, 0x0F, 0xFC, 0x00, 0x00, 0x00, 0x00,
    0xFF, 0xC0, 0x00, 0x00, 0x00, 0x0F, 0xFC, 0x00, 0x00, 0x00, 0x01, 0xFF, 0x80, 0x00, 0x00, 0x00,
    0x2F, 0xF4, 0x00, 0x00, 0x00, 0x03, 0xFF, 0x00, 0x00, 0x00, 0x00, 0x3F, 0xF0, 0x00, 0x00, 0x00,
    0x00, 0x00, 0x7F, 0xFF, 0xFF, 0xE0, 0x7F, 0xFF, 0xFF, 0xFE, 0x0F, 0xFF, 0xFF, 0xFF, 0xE2, 0xFF,
    0xFF, 0xF0, 0x3E, 0x3F, 0xFF, 0xFF, 0x03, 0xE7, 0xFF, 0xFF, 0xF0, 0x3E, 0x7F, 0xFF, 0xFF, 0x03,
    0xEB, 0xFF, 0xFF, 0xF0, 0x3E, 0xBF, 0xFF, 0xFF, 0x03, 0xEB, 0xFF, 0xFF, 0xF0, 0x3E, 0x7F, 0xFF,
    0xFF, 0x03, 0xE7, 0xFF, 0xFF, 0xF0, 0x3E, 0x3F, 0xFF, 0xFF, 0x03, 0xE2, 0xFF, 0xFF, 0xF0, 0x3E,
    0x0F, 0xFF, 0xFF, 0x03, 0xE0, 0x3F, 0xFF, 0xF0, 0x3E, 0x00, 0x1A, 0xAF, 0x03, 0xE0, 0x00, 0x01,
    0xF0, 0x3E, 0x00, 0x00, 0x1F, 0x03, 0xE0, 0x00, 0x01, 0xF0, 0x3E, 0x00, 0x00, 0x1F, 0x03, 0xE0,
    0x00, 0x01, 0xF0, 0x3E, 0x00, 0x00, 0x1F, 0x03, 0xE0, 0x00, 0x01, 0xF0, 0x3E, 0x00, 0x00, 0x1F,
    0x03, 0xE0, 0x00, 0x01, 0xF0, 0x3E, 0x00, 0x00, 0x1F, 0x03, 0xE0, 0x00, 0x01, 0xF0, 0x3E, 0x00,
    0x00, 0x1F, 0x03, 0xE0, 0x00, 0x01, 0xF0, 0x3E, 0x1F, 0xD0, 0xFF, 0xCB, 0xFF, 0x3F, 0xFC, 0xBF,
    0xE0, 0xFE, 0x00, 0x02, 0xF4, 0x01, 0xFE, 0x00, 0x7F, 0xF0, 0x03, 0xFC, 0x00, 0xFF, 0x1F, 0xFF,
    0xC7, 0xFF, 0xD0, 0xFF, 0x80, 0x00, 0x1F, 0xF0, 0x0F, 0xFE, 0x0B, 0xFF, 0xD7, 0xFF, 0xFC, 0xBF,
    0xFF, 0xC3, 0xD3, 0xF8, 0x10, 0x7F, 0x40, 0x0B, 0xF4, 0x00, 0xFF, 0x00, 0x0F, 0xF0, 0x01, 0xFE,
    0x00, 0x2F, 0xD0, 0x03, 0xFC, 0x00, 0x3F, 0xC0, 0x00, 0xBF, 0xD0, 0x03, 0xFF, 0xF4, 0x0F, 0xF7,
    0xFC, 0x1F, 0xC1, 0xFC, 0x3F, 0x80, 0xFD, 0x3F, 0x40, 0xFD, 0x3F, 0x41, 0xFC, 0x3F, 0x02, 0xFC,
    0x3F, 0x43, 0xF8, 0x3F, 0xDF, 0xF0, 0x1F, 0xFF, 0xC0, 0x07, 0xFE, 0x00, 0x00, 0x00, 0x00, 0x00,
    0x00, 0x07, 0x80, 0x07, 0x80, 0x07, 0xFC, 0x07, 0xFC, 0x00, 0x7F, 0xD0, 0x7F, 0xD0, 0x03, 0xFF,
    0x03, 0xFF, 0x00, 0x2F, 0xF4, 0x2F, 0xF4, 0x00, 0xFF, 0xC0, 0xFF, 0x80, 0x0F, 0xFC, 0x0F, 0xFC,
    0x00, 0xBF, 0xE0, 0xBF, 0xE0, 0x1F, 0xFC, 0x1F, 0xFC, 0x03, 0xFF, 0x07, 0xFF, 0x00, 0xFF, 0xD0,
    0xFF, 0xD0, 0x3F, 0xF4, 0x3F, 0xF4, 0x0B, 0xFE, 0x0B, 0xFE, 0x00, 0x7F, 0xC0, 0x7F, 0x80, 0x00,
    0xF0, 0x00, 0xF0, 0x00, 0x00, 0x00, 0x00, 0x00, 0x00, 0x00, 0x0F, 0xF0, 0x00, 0x03, 0xFC, 0x00,
    0x1F, 0xFC, 0x00, 0x03, 0xFC, 0x00, 0x3F, 0xFE, 0x00, 0x02, 0xFD, 0x00, 0x7F, 0xFF, 0x80, 0x01,
    0xFE, 0x00, 0x7F, 0xFF, 0xD0, 0x00, 0xFF, 0x00, 0x0F, 0xDF, 0xF0, 0x00, 0xBF, 0x00, 0x01, 0xC3,
    0xFC, 0x00, 0x7F, 0x40, 0x00, 0x01, 0xFE, 0x00, 0x3F, 0x80, 0x00, 0x00, 0xBF, 0x80, 0x3F, 0xC0,
    0x00, 0x00, 0x2F, 0xD0, 0x2F, 0xD0, 0x00, 0x00, 0x0F, 0xF0, 0x1F, 0xE0, 0x0F, 0xF4, 0x03, 0xFC,
    0x0F, 0xF0, 0x0F, 0xFD, 0x01, 0xFE, 0x0F, 0xF0, 0x0F, 0xFF, 0x00, 0x7F, 0x8B, 0xF4, 0x0B, 0xFF,
    0xC0, 0x2F, 0xD7, 0xF8, 0x07, 0xFF, 0xE0, 0x00, 0x03, 0xFC, 0x07, 0xF7, 0xF4, 0x00, 0x02, 0xFD,
    0x03, 0xF6, 0xFC, 0x00, 0x01, 0xFE, 0x03, 0xF4, 0xFF, 0x00, 0x00, 0xFF, 0x03, 0xF8, 0x3F, 0xC0,
    0x00, 0xFF, 0x01, 0xFF, 0xFF, 0xFD, 0x00, 0xBF, 0x40, 0xBF, 0xFF, 0xFF, 0x40, 0x7F, 0x80, 0x2F,
    0xFF, 0xFF, 0xC0, 0x3F, 0xC0, 0x00, 0x00, 0xFF, 0x00, 0x2F, 0xC0, 0x00, 0x00, 0x3F, 0xC0, 0x0A,
    0x90, 0x00, 0x00, 0x0A, 0x90, 0x00, 0x00, 0x0F, 0xF0, 0x00, 0x03, 0xF8, 0x00, 0x01, 0xFF, 0xC0,
    0x00, 0x3F, 0xC0, 0x00, 0x2F, 0xFE, 0x00, 0x02, 0xFD, 0x00, 0x07, 0xFF, 0xF8, 0x00, 0x1F, 0xE0,
    0x00, 0x7F, 0xFF, 0xD0, 0x00, 0xFF, 0x00, 0x00, 0xFE, 0xFF, 0x00, 0x0B, 0xF0, 0x00, 0x01, 0xD3,
    0xFC, 0x00, 0x7F, 0x40, 0x00, 0x00, 0x1F, 0xE0, 0x03, 0xFC, 0x00, 0x00, 0x00, 0x7F, 0x80, 0x3F,
    0xC0, 0x00, 0x00, 0x02, 0xFD, 0x02, 0xFD, 0x00, 0x00, 0x00, 0x0F, 0xF0, 0x1F, 0xE0, 0x6F, 0xF4,
    0x00, 0x3F, 0xC0, 0xFF, 0x1F, 0xFF, 0xF4, 0x01, 0xFE, 0x0B, 0xF4, 0x7F, 0xFF, 0xF0, 0x07, 0xF8,
    0x7F, 0x80, 0xB4, 0x3F, 0xD0, 0x2F, 0xD3, 0xFC, 0x00, 0x00, 0xBF, 0x40, 0x00, 0x3F, 0xC0, 0x00,
    0x03, 0xFC, 0x00, 0x02, 0xFD, 0x00, 0x00, 0x2F, 0xE0, 0x00, 0x0F, 0xE0, 0x00, 0x03, 0xFF, 0x00,
    0x00, 0xFF, 0x00, 0x00, 0x3F, 0xF0, 0x00, 0x0B, 0xF4, 0x00, 0x07, 0xFF, 0x00, 0x00, 0x7F, 0x80,
    0x00, 0x7F, 0xE0, 0x00, 0x03, 0xFC, 0x00, 0x0B, 0xFD, 0x00, 0x00, 0x2F, 0xC0, 0x00, 0x7F, 0xFF,
    0xFC, 0x01, 0xFD, 0x00, 0x02, 0xFF, 0xFF, 0xF0, 0x0F, 0xF0, 0x00, 0x0F, 0xFF, 0xFF, 0x80, 0x00,
    0x6F, 0xF4, 0x00, 0x00, 0x2A, 0x80, 0x0F, 0xFF, 0xF8, 0x00, 0x02, 0xFC, 0x00, 0x3F, 0xFF, 0xF0,
    0x00, 0x1F, 0xE0, 0x00, 0x60, 0x2F, 0xD0, 0x00, 0xFF, 0x00, 0x00, 0x00, 0x7F, 0x00, 0x0F, 0xF0,
    0x00, 0x00, 0x07, 0xF8, 0x00, 0xBF, 0x40, 0x00, 0x0F, 0xFF, 0x80, 0x07, 0xF8, 0x00, 0x00, 0x3F,
    0xF4, 0x00, 0x3F, 0xC0, 0x00, 0x01, 0xFF, 0xF8, 0x03, 0xFC, 0x00, 0x00, 0x00, 0x0B, 0xF0, 0x2F,
    0xD0, 0x00, 0x00, 0x00, 0x2F, 0xC1, 0xFE, 0x00, 0xFF, 0x59, 0x01, 0xFF, 0x0F, 0xF0, 0x0F, 0xFD,
    0x7F, 0xFF, 0xF8, 0xBF, 0x00, 0xFF, 0xF1, 0xFF, 0xFF, 0x87, 0xF4, 0x0B, 0xFF, 0xC1, 0xBF, 0xE4,
    0x3F, 0x80, 0x7F, 0xFE, 0x00, 0x00, 0x03, 0xFC, 0x07, 0xF7, 0xF4, 0x00, 0x00, 0x2F, 0xD0, 0x3F,
    0x2F, 0xC0, 0x00, 0x01, 0xFE, 0x03, 0xF4, 0xFF, 0x00, 0x00, 0x0F, 0xF0, 0x3F, 0x43, 0xFC, 0x00,
    0x00, 0xFF, 0x01, 0xFF, 0xFF, 0xFD, 0x00, 0x0B, 0xF4, 0x0B, 0xFF, 0xFF, 0xF4, 0x00, 0x7F, 0x80,
    0x3F, 0xFF, 0xFF, 0xC0, 0x03, 0xFC, 0x00, 0x00, 0x0F, 0xF0, 0x00, 0x3F, 0xC0, 0x00, 0x00, 0x3F,
    0x80, 0x00, 0xA9, 0x00, 0x00, 0x00, 0xA9, 0x00, 0x00, 0x00, 0x1F, 0xC0, 0x00, 0x07, 0xFE, 0x00,
    0x00, 0xBF, 0xF0, 0x00, 0x0F, 0xFF, 0x00, 0x00, 0xBF, 0xD0, 0x00, 0x03, 0xF4, 0x00, 0x00, 0x00,
    0x00, 0x00, 0x00, 0x00, 0x00, 0x00, 0x00, 0x00, 0x00, 0x0F, 0xF0, 0x00, 0x02, 0xFF, 0x00, 0x00,
    0x7F, 0xD0, 0x00, 0x2F, 0xFC, 0x00, 0x0F, 0xFF, 0x40, 0x07, 0xFF, 0xD0, 0x01, 0xFF, 0xF0, 0x00,
    0x3F, 0xF8, 0x00, 0x0B, 0xFD, 0x00, 0x00, 0xFF, 0xC0, 0x00, 0x0F, 0xFC, 0x00, 0x10, 0xFF, 0xE0,
    0x1F, 0x8B, 0xFF, 0xFF, 0xFC, 0x3F, 0xFF, 0xFF, 0xD1, 0xFF, 0xFF, 0xF8, 0x02, 0xFF, 0xE4, 0x00,
    0x00, 0x00, 0x00, 0x00, 0x00, 0x00, 0xFF, 0xC0, 0x00, 0x00, 0x00, 0x1F, 0xF4, 0x00, 0x00, 0x00,
    0x02, 0xFF, 0x00, 0x00, 0x00, 0x00, 0x2F, 0xD0, 0x00, 0x00, 0x00, 0x02, 0xFC, 0x00, 0x00, 0x00,
    0x00, 0x00, 0x00, 0x00, 0x00, 0x00, 0x00, 0x00, 0x00, 0x00, 0x00, 0x00, 0x00, 0x00, 0x00, 0x00,
    0xFF, 0xF8, 0x00, 0x00, 0x00, 0x7F, 0xFE, 0x00, 0x00, 0x00, 0x3F, 0xFF, 0xC0, 0x00, 0x00, 0x1F,
    0xFF, 0xF0, 0x00, 0x00, 0x0F, 0xFB, 0xFC, 0x00, 0x00, 0x07, 0xFC, 0xFF, 0x00, 0x00, 0x03, 0xFE,
    0x3F, 0xC0, 0x00, 0x01, 0xFF, 0x0F, 0xF4, 0x00, 0x00, 0xFF, 0x83, 0xFD, 0x00, 0x00, 0x7F, 0xC0,
    0xFF, 0x40, 0x00, 0x3F, 0xE0, 0x3F, 0xE0, 0x00, 0x2F, 0xF0, 0x0B, 0xF8, 0x00, 0x0F, 0xFC, 0x02,
    0xFF, 0x00, 0x0B, 0xFD, 0x00, 0xBF, 0xC0, 0x03, 0xFF, 0xFF, 0xFF, 0xF0, 0x02, 0xFF, 0xFF, 0xFF,
    0xFC, 0x00, 0xFF, 0xFF, 0xFF, 0xFF, 0x00, 0xBF, 0xFF, 0xFF, 0xFF, 0xD0, 0x3F, 0xF0, 0x00, 0x1F,
    0xF4, 0x2F, 0xF4, 0x00, 0x03, 0xFD, 0x0F, 0xFC, 0x00, 0x00, 0xFF, 0x8B, 0xFD, 0x00, 0x00, 0x3F,
    0xE3, 0xFF, 0x00, 0x00, 0x0F, 0xFE, 0xFF, 0x40, 0x00, 0x03, 0xFF, 0x00, 0x00, 0x00, 0x00, 0x7F,
    0xF0, 0x00, 0x00, 0x00, 0x03, 0xFF, 0x40, 0x00, 0x00, 0x00, 0x2F, 0xF4, 0x00, 0x00, 0x00, 0x01,
    0xFF, 0x00, 0x00, 0x00, 0x00, 0x0F, 0xF0, 0x00, 0x00, 0x00, 0x00, 0x69, 0x00, 0x00, 0x00, 0x00,
    0x00, 0x00, 0x00, 0x00, 0x00, 0x00, 0x00, 0x00, 0x00, 0x00, 0x00, 0x00, 0xFF, 0xF8, 0x00, 0x00,
    0x00, 0x07, 0xFF, 0xE0, 0x00, 0x00, 0x00, 0x3F, 0xFF, 0xC0, 0x00, 0x00, 0x01, 0xFF, 0xFF, 0x00,
    0x00, 0x00, 0x0F, 0xFB, 0xFC, 0x00, 0x00, 0x00, 0x7F, 0xCF, 0xF0, 0x00, 0x00, 0x03, 0xFE, 0x3F,
    0xC0, 0x00, 0x00, 0x1F, 0xF0, 0xFF, 0x40, 0x00, 0x00, 0xFF, 0x83, 0xFD, 0x00, 0x00, 0x07, 0xFC,
    0x0F, 0xF4, 0x00, 0x00, 0x3F, 0xE0, 0x3F, 0xE0, 0x00, 0x02, 0xFF, 0x00, 0xBF, 0x80, 0x00, 0x0F,
    0xFC, 0x02, 0xFF, 0x00, 0x00, 0xBF, 0xD0, 0x0B, 0xFC, 0x00, 0x03, 0xFF, 0xFF, 0xFF, 0xF0, 0x00,
    0x2F, 0xFF, 0xFF, 0xFF, 0xC0, 0x00, 0xFF, 0xFF, 0xFF, 0xFF, 0x00, 0x0B, 0xFF, 0xFF, 0xFF, 0xFD,
    0x00, 0x3F, 0xF0, 0x00, 0x1F, 0xF4, 0x02, 0xFF, 0x40, 0x00, 0x3F, 0xD0, 0x0F, 0xFC, 0x00, 0x00,
    0xFF, 0x80, 0xBF, 0xD0, 0x00, 0x03, 0xFE, 0x03, 0xFF, 0x00, 0x00, 0x0F, 0xFC, 0x2F, 0xF4, 0x00,
    0x00, 0x3F, 0xF0, 0x00, 0x00, 0x00, 0x1F, 0xFF, 0x00, 0x00, 0x00, 0x01, 0xFF, 0xFD, 0x00, 0x00,
    0x00, 0x1F, 0xFB, 0xFC, 0x00, 0x00, 0x02, 0xFF, 0x07, 0xF8, 0x00, 0x00, 0x2F, 0xD0, 0x07, 0xF4,
    0x00, 0x00, 0x00, 0x00, 0x00, 0x00, 0x00, 0x00, 0x00, 0x00, 0x00, 0x00, 0x00, 0x00, 0x00, 0x00,
    0x00, 0x00, 0x00, 0x00, 0xFF, 0xF8, 0x00, 0x00, 0x00, 0x07, 0xFF, 0xE0, 0x00, 0x00, 0x00, 0x3F,
    0xFF, 0xC0, 0x00, 0x00, 0x01, 0xFF, 0xFF, 0x00, 0x00, 0x00, 0x0F, 0xFB, 0xFC, 0x00, 0x00, 0x00,
    0x7F, 0xCF, 0xF0, 0x00, 0x00, 0x03, 0xFE, 0x3F, 0xC0, 0x00, 0x00, 0x1F, 0xF0, 0xFF, 0x40, 0x00,
    0x00, 0xFF, 0x83, 0xFD, 0x00, 0x00, 0x07, 0xFC, 0x0F, 0xF4, 0x00, 0x00, 0x3F, 0xE0, 0x3F, 0xE0,
    0x00, 0x02, 0xFF, 0x00, 0xBF, 0x80, 0x00, 0x0F, 0xFC, 0x02, 0xFF, 0x00, 0x00, 0xBF, 0xD0, 0x0B,
    0xFC, 0x00, 0x03, 0xFF, 0xFF, 0xFF, 0xF0, 0x00, 0x2F, 0xFF, 0xFF, 0xFF, 0xC0, 0x00, 0xFF, 0xFF,
    0xFF, 0xFF, 0x00, 0x0B, 0xFF, 0xFF, 0xFF, 0xFD, 0x00, 0x3F, 0xF0, 0x00, 0x1F, 0xF4, 0x02, 0xFF,
    0x40, 0x00, 0x3F, 0xD0, 0x0F, 0xFC, 0x00, 0x00, 0xFF, 0x80, 0xBF, 0xD0, 0x00, 0x03, 0xFE, 0x03,
    0xFF, 0x00, 0x00, 0x0F, 0xFC, 0x2F, 0xF4, 0x00, 0x00, 0x3F, 0xF0, 0x00, 0x00, 0x00, 0x00, 0x00,
    0x00, 0x00, 0x00, 0x00, 0xFF, 0x40, 0xBC, 0x00, 0x00, 0x03, 0xFF, 0xF6, 0xFC, 0x00, 0x00, 0x0B,
    0xFF, 0xFF, 0xF4, 0x00, 0x00, 0x0F, 0xD7, 0xFF, 0xE0, 0x00, 0x00, 0x1F, 0x40, 0x7F, 0x80, 0x00,
    0x00, 0x00, 0x00, 0x00, 0x00, 0x00, 0x00, 0x00, 0x00, 0x00, 0x00, 0x00, 0x00, 0x00, 0xFF, 0xF8,
    0x00, 0x00, 0x00, 0x01, 0xFF, 0xF8, 0x00, 0x00, 0x00, 0x03, 0xFF, 0xFC, 0x00, 0x00, 0x00, 0x07,
    0xFF, 0xFC, 0x00, 0x00, 0x00, 0x0F, 0xFB, 0xFC, 0x00, 0x00, 0x00, 0x1F, 0xF3, 0xFC, 0x00, 0x00,
    0x00, 0x3F, 0xE3, 0xFC, 0x00, 0x00, 0x00, 0x7F, 0xC3, 0xFD, 0x00, 0x00, 0x00, 0xFF, 0x83, 0xFD,
    0x00, 0x00, 0x01, 0xFF, 0x03, 0xFD, 0x00, 0x00, 0x03, 0xFE, 0x03, 0xFE, 0x00, 0x00, 0x0B, 0xFC,
    0x02, 0xFE, 0x00, 0x00, 0x0F, 0xFC, 0x02, 0xFF, 0x00, 0x00, 0x2F, 0xF4, 0x02, 0xFF, 0x00, 0x00,
    0x3F, 0xFF, 0xFF, 0xFF, 0x00, 0x00, 0xBF, 0xFF, 0xFF, 0xFF, 0x00, 0x00, 0xFF, 0xFF, 0xFF, 0xFF,
    0x00, 0x02, 0xFF, 0xFF, 0xFF, 0xFF, 0x40, 0x03, 0xFF, 0x00, 0x01, 0xFF, 0x40, 0x0B, 0xFD, 0x00,
    0x00, 0xFF, 0x40, 0x0F, 0xFC, 0x00, 0x00, 0xFF, 0x80, 0x2F, 0xF4, 0x00, 0x00, 0xFF, 0x80, 0x3F,
    0xF0, 0x00, 0x00, 0xFF, 0xC0, 0xBF, 0xD0, 0x00, 0x00, 0xFF, 0xC0, 0x00, 0x00, 0x00, 0x00, 0x00,
    0x00, 0x00, 0x00, 0x1F, 0xC0, 0xFD, 0x00, 0x00, 0x03, 0xFE, 0x2F, 0xE0, 0x00, 0x00, 0x3F, 0xD2,
    0xFE, 0x00, 0x00, 0x01, 0xF8, 0x1F, 0xC0, 0x00, 0x00, 0x00, 0x00, 0x00, 0x00, 0x00, 0x00, 0x00,
    0x00, 0x00, 0x00, 0x00, 0x00, 0x00, 0x00, 0x00, 0x00, 0x00, 0xFF, 0xF8, 0x00, 0x00, 0x00, 0x1F,
    0xFF, 0x80, 0x00, 0x00, 0x03, 0xFF, 0xFC, 0x00, 0x00, 0x00, 0x7F, 0xFF, 0xC0, 0x00, 0x00, 0x0F,
    0xFB, 0xFC, 0x00, 0x00, 0x01, 0xFF, 0x3F, 0xC0, 0x00, 0x00, 0x3F, 0xE3, 0xFC, 0x00, 0x00, 0x07,
    0xFC, 0x3F, 0xD0, 0x00, 0x00, 0xFF, 0x83, 0xFD, 0x00, 0x00, 0x1F, 0xF0, 0x3F, 0xD0, 0x00, 0x03,
    0xFE, 0x03, 0xFE, 0x00, 0x00, 0xBF, 0xC0, 0x2F, 0xE0, 0x00, 0x0F, 0xFC, 0x02, 0xFF, 0x00, 0x02,
    0xFF, 0x40, 0x2F, 0xF0, 0x00, 0x3F, 0xFF, 0xFF, 0xFF, 0x00, 0x0B, 0xFF, 0xFF, 0xFF, 0xF0, 0x00,
    0xFF, 0xFF, 0xFF, 0xFF, 0x00, 0x2F, 0xFF, 0xFF, 0xFF, 0xF4, 0x03, 0xFF, 0x00, 0x01, 0xFF, 0x40,
    0xBF, 0xD0, 0x00, 0x0F, 0xF4, 0x0F, 0xFC, 0x00, 0x00, 0xFF, 0x82, 0xFF, 0x40, 0x00, 0x0F, 0xF8,
    0x3F, 0xF0, 0x00, 0x00, 0xFF, 0xCB, 0xFD, 0x00, 0x00, 0x0F, 0xFC, 0x00, 0x00, 0x00, 0x00, 0x00,
    0x00, 0x00, 0x00, 0x03, 0xFE, 0x00, 0x00, 0x00, 0x03, 0xFF, 0xF0, 0x00, 0x00, 0x02, 0xF4, 0x7D,
    0x00, 0x00, 0x00, 0xBC, 0x0F, 0x80, 0x00, 0x00, 0x2F, 0x47, 0xD0, 0x00, 0x00, 0x03, 0xFF, 0xF0,
    0x00, 0x00, 0x00, 0x3F, 0xE0, 0x00, 0x00, 0x00, 0x00, 0x00, 0x00, 0x00, 0x00, 0x00, 0x00, 0x00,
    0x00, 0x00, 0x00, 0x00, 0x00, 0x00, 0x00, 0x03, 0xFF, 0xE0, 0x00, 0x00, 0x01, 0xFF, 0xF8, 0x00,
    0x00, 0x00, 0xFF, 0xFF, 0x00, 0x00, 0x00, 0x7F, 0xFF, 0xC0, 0x00, 0x00, 0x3F, 0xEF, 0xF0, 0x00,
    0x00, 0x1F, 0xF3, 0xFC, 0x00, 0x00, 0x0F, 0xF8, 0xFF, 0x00, 0x00, 0x07, 0xFC, 0x3F, 0xD0, 0x00,
    0x03, 0xFE, 0x0F, 0xF4, 0x00, 0x01, 0xFF, 0x03, 0xFD, 0x00, 0x00, 0xFF, 0x80, 0xFF, 0x80, 0x00,
    0xBF, 0xC0, 0x2F, 0xE0, 0x00, 0x3F, 0xF0, 0x0B, 0xFC, 0x00, 0x2F, 0xF4, 0x02, 0xFF, 0x00, 0x0F,
    0xFF, 0xFF, 0xFF, 0xC0, 0x0B, 0xFF, 0xFF, 0xFF, 0xF0, 0x03, 0xFF, 0xFF, 0xFF, 0xFC, 0x02, 0xFF,
    0xFF, 0xFF, 0xFF, 0x40, 0xFF, 0xC0, 0x00, 0x7F, 0xD0, 0xBF, 0xD0, 0x00, 0x0F, 0xF4, 0x3F, 0xF0,
    0x00, 0x03, 0xFE, 0x2F, 0xF4, 0x00, 0x00, 0xFF, 0x8F, 0xFC, 0x00, 0x00, 0x3F, 0xFB, 0xFD, 0x00,
    0x00, 0x0F, 0xFC, 0x00, 0x00, 0x00, 0x07, 0xFF, 0xFF, 0xFF, 0xFF, 0xC0, 0x00, 0x00, 0x03, 0xFF,
    0xFF, 0xFF, 0xFF, 0xE0, 0x00, 0x00, 0x02, 0xFF, 0xFF, 0xFF, 0xFF, 0xF4, 0x00, 0x00, 0x00, 0xFF,
    0xFF, 0xFF, 0xFF, 0xFC, 0x00, 0x00, 0x00, 0xFF, 0xD7, 0xFE, 0x00, 0x00, 0x00, 0x00, 0x00, 0x7F,
    0xE1, 0xFF, 0x40, 0x00, 0x00, 0x00, 0x00, 0x3F, 0xF0, 0xBF, 0xC0, 0x00, 0x00, 0x00, 0x00, 0x2F,
    0xF4, 0x3F, 0xF0, 0x00, 0x00, 0x00, 0x00, 0x1F, 0xFC, 0x0F, 0xFC, 0x00, 0x00, 0x00, 0x00, 0x0F,
    0xFD, 0x07, 0xFF, 0xFF, 0xFD, 0x00, 0x00, 0x0B, 0xFE, 0x02, 0xFF, 0xFF, 0xFF, 0x00, 0x00, 0x03,
    0xFF, 0x00, 0xBF, 0xFF, 0xFF, 0xC0, 0x00, 0x03, 0xFF, 0x40, 0x3F, 0xFF, 0xFF, 0xE0, 0x00, 0x01,
    0xFF, 0xC0, 0x0F, 0xF8, 0x00, 0x00, 0x00, 0x00, 0xFF, 0xFF, 0xFF, 0xFD, 0x00, 0x00, 0x00, 0x00,
    0xBF, 0xFF, 0xFF, 0xFF, 0x40, 0x00, 0x00, 0x00, 0x7F, 0xFF, 0xFF, 0xFF, 0xC0, 0x00, 0x00, 0x00,
    0x3F, 0xFF, 0xFF, 0xFF, 0xF0, 0x00, 0x00, 0x00, 0x2F, 0xF8, 0x00, 0x1F, 0xF8, 0x00, 0x00, 0x00,
    0x0F, 0xFC, 0x00, 0x07, 0xFE, 0x00, 0x00, 0x00, 0x0F, 0xFD, 0x00, 0x02, 0xFF, 0xFF, 0xFF, 0x80,
    0x07, 0xFF, 0x00, 0x00, 0xFF, 0xFF, 0xFF, 0xD0, 0x03, 0xFF, 0x00, 0x00, 0x3F, 0xFF, 0xFF, 0xF0,
    0x02, 0xFF, 0x80, 0x00, 0x1F, 0xFF, 0xFF, 0xFC, 0x00, 0x00, 0x00, 0x1B, 0xFF, 0xE0, 0x00, 0x00,
    0x7F, 0xFF, 0xFF, 0xD0, 0x00, 0xBF, 0xFF, 0xFF, 0xF4, 0x00, 0xBF, 0xFF, 0xFF, 0xFC, 0x00, 0xBF,
    0xFD, 0x01, 0xBD, 0x00, 0x7F, 0xF8, 0x00, 0x01, 0x00, 0x3F, 0xF8, 0x00, 0x00, 0x00, 0x1F, 0xFC,
    0x00, 0x00, 0x00, 0x0F, 0xFD, 0x00, 0x00, 0x00, 0x03, 0xFF, 0x00, 0x00, 0x00, 0x01, 0xFF, 0x80,
    0x00, 0x00, 0x00, 0xBF, 0xD0, 0x00, 0x00, 0x00, 0x3F, 0xF4, 0x00, 0x00, 0x00, 0x0F, 0xFC, 0x00,
    0x00, 0x00, 0x03, 0xFF, 0x00, 0x00, 0x00, 0x00, 0xFF, 0xC0, 0x00, 0x00, 0x00, 0x3F, 0xF4, 0x00,
    0x00, 0x00, 0x0F, 0xFE, 0x00, 0x00, 0x00, 0x02, 0xFF, 0xD0, 0x00, 0x00, 0x00, 0x3F, 0xFE, 0x41,
    0xBD, 0x00, 0x0B, 0xFF, 0xFF, 0xFF, 0x40, 0x00, 0xFF, 0xFF, 0xFF, 0xD0, 0x00, 0x0B, 0xFF, 0xFF,
    0xF0, 0x00, 0x00, 0x2F, 0xFF, 0x90, 0x00, 0x00, 0x01, 0xFC, 0x00, 0x00, 0x00, 0x00, 0xFF, 0x80,
    0x00, 0x00, 0x00, 0x1F, 0xF8, 0x00, 0x00, 0x00, 0x00, 0xFF, 0x00, 0x00, 0x00, 0x00, 0x7F, 0xC0,
    0x00, 0x00, 0x0B, 0xFF, 0xE0, 0x00, 0x00, 0x02, 0xFF, 0xF0, 0x00, 0x00, 0x00, 0x6F, 0x90, 0x00,
    0x00, 0x00, 0x00, 0x3F, 0xF0, 0x00, 0x00, 0x00, 0x2F, 0xF0, 0x00, 0x00, 0x00, 0x0F, 0xF8, 0x00,
    0x00, 0x00, 0x03, 0xFC, 0x00, 0x00, 0x00, 0x00, 0xFE, 0x00, 0x00, 0x00, 0x00, 0x00, 0x00, 0x00,
    0x00, 0x00, 0x00, 0x00, 0x00, 0x00, 0x00, 0x00, 0x00, 0x00, 0x0F, 0xFF, 0xFF, 0xFC, 0x00, 0x1F,
    0xFF, 0xFF, 0xFC, 0x00, 0x2F, 0xFF, 0xFF, 0xF8, 0x00, 0x3F, 0xFF, 0xFF, 0xF4, 0x00, 0x3F, 0xF0,
    0x00, 0x00, 0x00, 0x7F, 0xF0, 0x00, 0x00, 0x00, 0x7F, 0xE0, 0x00, 0x00, 0x00, 0xBF, 0xD0, 0x00,
    0x00, 0x00, 0xFF, 0xC0, 0x00, 0x00, 0x00, 0xFF, 0xFF, 0xFF, 0x80, 0x01, 0xFF, 0xFF, 0xFF, 0x40,
    0x02, 0xFF, 0xFF, 0xFF, 0x00, 0x02, 0xFF, 0xFF, 0xFF, 0x00, 0x03, 0xFF, 0x00, 0x00, 0x00, 0x03,
    0xFF, 0x00, 0x00, 0x00, 0x07, 0xFE, 0x00, 0x00, 0x00, 0x0B, 0xFD, 0x00, 0x00, 0x00, 0x0F, 0xFC,
    0x00, 0x00, 0x00, 0x0F, 0xFC, 0x00, 0x00, 0x00, 0x0F, 0xFC, 0x00, 0x00, 0x00, 0x1F, 0xFF, 0xFF,
    0xFC, 0x00, 0x2F, 0xFF, 0xFF, 0xF8, 0x00, 0x3F, 0xFF, 0xFF, 0xF8, 0x00, 0x3F, 0xFF, 0xFF, 0xF4,
    0x00, 0x00, 0x00, 0x00, 0x1F, 0xFC, 0x00, 0x00, 0x00, 0x3F, 0xF4, 0x00, 0x00, 0x00, 0xBF, 0xD0,
    0x00, 0x00, 0x01, 0xFF, 0x00, 0x00, 0x00, 0x03, 0xFC, 0x00, 0x00, 0x00, 0x06, 0x90, 0x00, 0x00,
    0x00, 0x00, 0x00, 0x00, 0x00, 0x00, 0x00, 0x00, 0x00, 0x00, 0x0F, 0xFF, 0xFF, 0xFC, 0x00, 0x1F,
    0xFF, 0xFF, 0xFC, 0x00, 0x2F, 0xFF, 0xFF, 0xF8, 0x00, 0x3F, 0xFF, 0xFF, 0xF4, 0x00, 0x3F, 0xF0,
    0x00, 0x00, 0x00, 0x7F, 0xF0, 0x00, 0x00, 0x00, 0x7F, 0xE0, 0x00, 0x00, 0x00, 0xBF, 0xD0, 0x00,
    0x00, 0x00, 0xFF, 0xC0, 0x00, 0x00, 0x00, 0xFF, 0xFF, 0xFF, 0x80, 0x01, 0xFF, 0xFF, 0xFF, 0x40,
    0x02, 0xFF, 0xFF, 0xFF, 0x00, 0x02, 0xFF, 0xFF, 0xFF, 0x00, 0x03, 0xFF, 0x00, 0x00, 0x00, 0x03,
    0xFF, 0x00, 0x00, 0x00, 0x07, 0xFE, 0x00, 0x00, 0x00, 0x0B, 0xFD, 0x00, 0x00, 0x00, 0x0F, 0xFC,
    0x00, 0x00, 0x00, 0x0F, 0xFC, 0x00, 0x00, 0x00, 0x0F, 0xFC, 0x00, 0x00, 0x00, 0x1F, 0xFF, 0xFF,
    0xFC, 0x00, 0x2F, 0xFF, 0xFF, 0xF8, 0x00, 0x3F, 0xFF, 0xFF, 0xF8, 0x00, 0x3F, 0xFF, 0xFF, 0xF4,
    0x00, 0x00, 0x00, 0x07, 0xFF, 0x80, 0x00, 0x00, 0x1F, 0xFF, 0xD0, 0x00, 0x00, 0xBF, 0xEF, 0xF0,
    0x00, 0x02, 0xFE, 0x07, 0xF8, 0x00, 0x0B, 0xF4, 0x02, 0xFC, 0x00, 0x00, 0x00, 0x00, 0x00, 0x00,
    0x00, 0x00, 0x00, 0x00, 0x00, 0x00, 0x00, 0x00, 0x00, 0x00, 0x0F, 0xFF, 0xFF, 0xFC, 0x00, 0x1F,
    0xFF, 0xFF, 0xFC, 0x00, 0x2F, 0xFF, 0xFF, 0xF8, 0x00, 0x3F, 0xFF, 0xFF, 0xF4, 0x00, 0x3F, 0xF0,
    0x00, 0x00, 0x00, 0x7F, 0xF0, 0x00, 0x00, 0x00, 0x7F, 0xE0, 0x00, 0x00, 0x00, 0xBF, 0xD0, 0x00,
    0x00, 0x00, 0xFF, 0xC0, 0x00, 0x00, 0x00, 0xFF, 0xFF, 0xFF, 0x80, 0x01, 0xFF, 0xFF, 0xFF, 0x40,
    0x02, 0xFF, 0xFF, 0xFF, 0x00, 0x02, 0xFF, 0xFF, 0xFF, 0x00, 0x03, 0xFF, 0x00, 0x00, 0x00, 0x03,
    0xFF, 0x00, 0x00, 0x00, 0x07, 0xFE, 0x00, 0x00, 0x00, 0x0B, 0xFD, 0x00, 0x00, 0x00, 0x0F, 0xFC,
    0x00, 0x00, 0x00, 0x0F, 0xFC, 0x00, 0x00, 0x00, 0x0F, 0xFC, 0x00, 0x00, 0x00, 0x1F, 0xFF, 0xFF,
    0xFC, 0x00, 0x2F, 0xFF, 0xFF, 0xF8, 0x00, 0x3F, 0xFF, 0xFF, 0xF8, 0x00, 0x3F, 0xFF, 0xFF, 0xF4,
    0x00, 0x00, 0x00, 0x00, 0x00, 0x00, 0x00, 0x00, 0x7F, 0x03, 0xF4, 0x00, 0x00, 0xFF, 0x4B, 0xF8,
    0x00, 0x00, 0xFF, 0x4F, 0xF8, 0x00, 0x00, 0xBE, 0x07, 0xE0, 0x00, 0x00, 0x00, 0x00, 0x00, 0x00,
    0x00, 0x00, 0x00, 0x00, 0x00, 0x00, 0x00, 0x00, 0x00, 0x00, 0x0F, 0xFF, 0xFF, 0xFC, 0x00, 0x1F,
    0xFF, 0xFF, 0xFC, 0x00, 0x2F, 0xFF, 0xFF, 0xF8, 0x00, 0x3F, 0xFF, 0xFF, 0xF4, 0x00, 0x3F, 0xF0,
    0x00, 0x00, 0x00, 0x7F, 0xF0, 0x00, 0x00, 0x00, 0x7F, 0xE0, 0x00, 0x00, 0x00, 0xBF, 0xD0, 0x00,
    0x00, 0x00, 0xFF, 0xC0, 0x00, 0x00, 0x00, 0xFF, 0xFF, 0xFF, 0x80, 0x01, 0xFF, 0xFF, 0xFF, 0x40,
    0x02, 0xFF, 0xFF, 0xFF, 0x00, 0x02, 0xFF, 0xFF, 0xFF, 0x00, 0x03, 0xFF, 0x00, 0x00, 0x00, 0x03,
    0xFF, 0x00, 0x00, 0x00, 0x07, 0xFE, 0x00, 0x00, 0x00, 0x0B, 0xFD, 0x00, 0x00, 0x00, 0x0F, 0xFC,
    0x00, 0x00, 0x00, 0x0F, 0xFC, 0x00, 0x00, 0x00, 0x0F, 0xFC, 0x00, 0x00, 0x00, 0x1F, 0xFF, 0xFF,
    0xFC, 0x00, 0x2F, 0xFF, 0xFF, 0xF8, 0x00, 0x3F, 0xFF, 0xFF, 0xF8, 0x00, 0x3F, 0xFF, 0xFF, 0xF4,
    0x00, 0x00, 0x07, 0xFF, 0x00, 0x00, 0x02, 0xFF, 0x00, 0x00, 0x00, 0xFF, 0x80, 0x00, 0x00, 0x3F,
    0xC0, 0x00, 0x00, 0x0F, 0xD0, 0x00, 0x00, 0x00, 0x00, 0x00, 0x00, 0x00, 0x00, 0x00, 0x00, 0x00,
    0x00, 0x00, 0x3F, 0xFF, 0xFD, 0x00, 0x3F, 0xFF, 0xFD, 0x00, 0x7F, 0xFF, 0xFC, 0x00, 0x1F, 0xFF,
    0xE0, 0x00, 0x03, 0xFF, 0x00, 0x00, 0x07, 0xFE, 0x00, 0x00, 0x0B, 0xFD, 0x00, 0x00, 0x0F, 0xFC,
    0x00, 0x00, 0x0F, 0xFC, 0x00, 0x00, 0x0F, 0xFC, 0x00, 0x00, 0x1F, 0xF8, 0x00, 0x00, 0x2F, 0xF4,
    0x00, 0x00, 0x3F, 0xF0, 0x00, 0x00, 0x3F, 0xF0, 0x00, 0x00, 0x3F, 0xE0, 0x00, 0x00, 0x7F, 0xE0,
    0x00, 0x00, 0xBF, 0xD0, 0x00, 0x00, 0xFF, 0xC0, 0x00, 0x00, 0xFF, 0xC0, 0x00, 0x01, 0xFF, 0x80,
    0x00, 0x1B, 0xFF, 0xF0, 0x00, 0x7F, 0xFF, 0xFC, 0x00, 0xBF, 0xFF, 0xFC, 0x00, 0xFF, 0xFF, 0xF8,
    0x00, 0x00, 0x00, 0x02, 0xFF, 0xC0, 0x00, 0x00, 0x7F, 0xF0, 0x00, 0x00, 0x0F, 0xFC, 0x00, 0x00,
    0x02, 0xFF, 0x00, 0x00, 0x00, 0x7F, 0x80, 0x00, 0x00, 0x06, 0x90, 0x00, 0x00, 0x00, 0x00, 0x00,
    0x00, 0x00, 0x00, 0x00, 0x00, 0x00, 0x3F, 0xFF, 0xFD, 0x00, 0x03, 0xFF, 0xFF, 0xD0, 0x00, 0x7F,
    0xFF, 0xFC, 0x00, 0x01, 0xFF, 0xFE, 0x00, 0x00, 0x03, 0xFF, 0x00, 0x00, 0x00, 0x7F, 0xE0, 0x00,
    0x00, 0x0B, 0xFD, 0x00, 0x00, 0x00, 0xFF, 0xC0, 0x00, 0x00, 0x0F, 0xFC, 0x00, 0x00, 0x00, 0xFF,
    0xC0, 0x00, 0x00, 0x1F, 0xF8, 0x00, 0x00, 0x02, 0xFF, 0x40, 0x00, 0x00, 0x3F, 0xF0, 0x00, 0x00,
    0x03, 0xFF, 0x00, 0x00, 0x00, 0x3F, 0xE0, 0x00, 0x00, 0x07, 0xFE, 0x00, 0x00, 0x00, 0xBF, 0xD0,
    0x00, 0x00, 0x0F, 0xFC, 0x00, 0x00, 0x00, 0xFF, 0xC0, 0x00, 0x00, 0x1F, 0xF8, 0x00, 0x00, 0x1B,
    0xFF, 0xF0, 0x00, 0x07, 0xFF, 0xFF, 0xC0, 0x00, 0xBF, 0xFF, 0xFC, 0x00, 0x0F, 0xFF, 0xFF, 0x80,
    0x00, 0x00, 0x00, 0xBF, 0xF8, 0x00, 0x00, 0x2F, 0xFF, 0xC0, 0x00, 0x0B, 0xFE, 0xFE, 0x00, 0x03,
    0xFE, 0x0B, 0xF4, 0x00, 0xFF, 0x40, 0x2F, 0xC0, 0x00, 0x00, 0x00, 0x00, 0x00, 0x00, 0x00, 0x00,
    0x00, 0x00, 0x00, 0x00, 0x00, 0x00, 0x3F, 0xFF, 0xFD, 0x00, 0x03, 0xFF, 0xFF, 0xD0, 0x00, 0x7F,
    0xFF, 0xFC, 0x00, 0x01, 0xFF, 0xFE, 0x00, 0x00, 0x03, 0xFF, 0x00, 0x00, 0x00, 0x7F, 0xE0, 0x00,
    0x00, 0x0B, 0xFD, 0x00, 0x00, 0x00, 0xFF, 0xC0, 0x00, 0x00, 0x0F, 0xFC, 0x00, 0x00, 0x00, 0xFF,
    0xC0, 0x00, 0x00, 0x1F, 0xF8, 0x00, 0x00, 0x02, 0xFF, 0x40, 0x00, 0x00, 0x3F, 0xF0, 0x00, 0x00,
    0x03, 0xFF, 0x00, 0x00, 0x00, 0x3F, 0xE0, 0x00, 0x00, 0x07, 0xFE, 0x00, 0x00, 0x00, 0xBF, 0xD0,
    0x00, 0x00, 0x0F, 0xFC, 0x00, 0x00, 0x00, 0xFF, 0xC0, 0x00, 0x00, 0x1F, 0xF8, 0x00, 0x00, 0x1B,
    0xFF, 0xF0, 0x00, 0x07, 0xFF, 0xFF, 0xC0, 0x00, 0xBF, 0xFF, 0xFC, 0x00, 0x0F, 0xFF, 0xFF, 0x80,
    0x00, 0x00, 0x00, 0x00, 0x00, 0x00, 0x02, 0xFC, 0x1F, 0xC0, 0x00, 0xFF, 0x0F, 0xF4, 0x00, 0x3F,
    0xC3, 0xFD, 0x00, 0x0B, 0xD0, 0xBE, 0x00, 0x00, 0x00, 0x00, 0x00, 0x00, 0x00, 0x00, 0x00, 0x00,
    0x00, 0x00, 0x00, 0x00, 0x3F, 0xFF, 0xFD, 0x00, 0x0F, 0xFF, 0xFF, 0x40, 0x07, 0xFF, 0xFF, 0xC0,
    0x00, 0x7F, 0xFF, 0x80, 0x00, 0x03, 0xFF, 0x00, 0x00, 0x01, 0xFF, 0x80, 0x00, 0x00, 0xBF, 0xD0,
    0x00, 0x00, 0x3F, 0xF0, 0x00, 0x00, 0x0F, 0xFC, 0x00, 0x00, 0x03, 0xFF, 0x00, 0x00, 0x01, 0xFF,
    0x80, 0x00, 0x00, 0xBF, 0xD0, 0x00, 0x00, 0x3F, 0xF0, 0x00, 0x00, 0x0F, 0xFC, 0x00, 0x00, 0x03,
    0xFE, 0x00, 0x00, 0x01, 0xFF, 0x80, 0x00, 0x00, 0xBF, 0xD0, 0x00, 0x00, 0x3F, 0xF0, 0x00, 0x00,
    0x0F, 0xFC, 0x00, 0x00, 0x07, 0xFE, 0x00, 0x00, 0x1B, 0xFF, 0xF0, 0x00, 0x1F, 0xFF, 0xFF, 0x00,
    0x0B, 0xFF, 0xFF, 0xC0, 0x03, 0xFF, 0xFF, 0xE0, 0x00, 0x00, 0x0F, 0xFF, 0xFE, 0x40, 0x00, 0x01,
    0xFF, 0xFF, 0xFF, 0x00, 0x00, 0x2F, 0xFF, 0xFF, 0xFC, 0x00, 0x03, 0xFF, 0xFF, 0xFF, 0xF0, 0x00,
    0x3F, 0xF0, 0x1F, 0xFF, 0x80, 0x07, 0xFF, 0x00, 0x2F, 0xFC, 0x00, 0x7F, 0xE0, 0x00, 0xFF, 0xD0,
    0x0B, 0xFD, 0x00, 0x0F, 0xFD, 0x00, 0xFF, 0xC0, 0x00, 0xBF, 0xE0, 0x0F, 0xFC, 0x00, 0x0B, 0xFE,
    0x2F, 0xFF, 0xFF, 0x40, 0xBF, 0xD3, 0xFF, 0xFF, 0xF4, 0x0B, 0xFD, 0x3F, 0xFF, 0xFF, 0x00, 0xFF,
    0xD7, 0xFF, 0xFF, 0xF0, 0x0F, 0xFC, 0x03, 0xFF, 0x00, 0x01, 0xFF, 0xC0, 0x7F, 0xE0, 0x00, 0x3F,
    0xF8, 0x0B, 0xFE, 0x00, 0x07, 0xFF, 0x00, 0xFF, 0xD0, 0x00, 0xFF, 0xE0, 0x0F, 0xFC, 0x00, 0x7F,
    0xFC, 0x00, 0xFF, 0xC0, 0x6F, 0xFF, 0x40, 0x1F, 0xFF, 0xFF, 0xFF, 0xD0, 0x02, 0xFF, 0xFF, 0xFF,
    0xF4, 0x00, 0x3F, 0xFF, 0xFF, 0xF8, 0x00, 0x03, 0xFF, 0xFF, 0xE4, 0x00, 0x00, 0x00, 0x00, 0x00,
    0x00, 0x00, 0x00, 0x00, 0x00, 0x00, 0x0B, 0xF8, 0x03, 0xE0, 0x00, 0x00, 0x02, 0xFF, 0xF9, 0xFC,
    0x00, 0x00, 0x00, 0x3F, 0xFF, 0xFF, 0xC0, 0x00, 0x00, 0x0B, 0xD6, 0xFF, 0xF0, 0x00, 0x00, 0x00,
    0xF8, 0x02, 0xF8, 0x00, 0x00, 0x00, 0x00, 0x00, 0x00, 0x00, 0x00, 0x00, 0x00, 0x00, 0x00, 0x00,
    0x00, 0x00, 0x0F, 0xFF, 0x00, 0x00, 0x3F, 0xD0, 0x01, 0xFF, 0xF0, 0x00, 0x07, 0xFC, 0x00, 0x2F,
    0xFF, 0x40, 0x00, 0xBF, 0xC0, 0x03, 0xFF, 0xFC, 0x00, 0x0F, 0xF8, 0x00, 0x3F, 0xFF, 0xC0, 0x00,
    0xFF, 0x40, 0x07, 0xFF, 0xFD, 0x00, 0x1F, 0xF4, 0x00, 0xBF, 0xBF, 0xE0, 0x02, 0xFF, 0x00, 0x0B,
    0xFA, 0xFF, 0x00, 0x2F, 0xF0, 0x00, 0xFF, 0x5F, 0xF4, 0x03, 0xFE, 0x00, 0x0F, 0xF4, 0xFF, 0x80,
    0x3F, 0xD0, 0x01, 0xFF, 0x0B, 0xFC, 0x07, 0xFC, 0x00, 0x2F, 0xF0, 0x7F, 0xD0, 0xBF, 0xC0, 0x03,
    0xFF, 0x03, 0xFE, 0x0F, 0xFC, 0x00, 0x3F, 0xE0, 0x2F, 0xF0, 0xFF, 0x80, 0x03, 0xFD, 0x01, 0xFF,
    0x4F, 0xF4, 0x00, 0x7F, 0xC0, 0x0F, 0xF9, 0xFF, 0x00, 0x0B, 0xFC, 0x00, 0xFF, 0xDF, 0xF0, 0x00,
    0xFF, 0xC0, 0x07, 0xFF, 0xFF, 0x00, 0x0F, 0xF8, 0x00, 0x3F, 0xFF, 0xE0, 0x00, 0xFF, 0x40, 0x03,
    0xFF, 0xFD, 0x00, 0x1F, 0xF0, 0x00, 0x1F, 0xFF, 0xC0, 0x02, 0xFF, 0x00, 0x00, 0xFF, 0xFC, 0x00,
    0x3F, 0xE0, 0x00, 0x0F, 0xFF, 0x80, 0x03, 0xFE, 0x00, 0x00, 0xBF, 0xF4, 0x00, 0x00, 0x00, 0x0B,
    0xFD, 0x00, 0x00, 0x00, 0x00, 0x0F, 0xFC, 0x00, 0x00, 0x00, 0x00, 0x1F, 0xF0, 0x00, 0x00, 0x00,
    0x00, 0x1F, 0xE0, 0x00, 0x00, 0x00, 0x00, 0x1F, 0xC0, 0x00, 0x00, 0x00, 0x00, 0x00, 0x00, 0x00,
    0x00, 0x00, 0x00, 0x00, 0x00, 0x00, 0x00, 0x00, 0x00, 0x00, 0x00, 0x00, 0x00, 0x1B, 0xFF, 0x90,
    0x00, 0x00, 0x07, 0xFF, 0xFF, 0xF0, 0x00, 0x00, 0xBF, 0xFF, 0xFF, 0xF0, 0x00, 0x0F, 0xFF, 0xFF,
    0xFF, 0xF0, 0x00, 0xBF, 0xFD, 0x07, 0xFF, 0xD0, 0x07, 0xFF, 0x80, 0x03, 0xFF, 0xC0, 0x3F, 0xF8,
    0x00, 0x07, 0xFF, 0x02, 0xFF, 0xC0, 0x00, 0x0F, 0xFC, 0x0F, 0xFD, 0x00, 0x00, 0x3F, 0xF4, 0x3F,
    0xF0, 0x00, 0x00, 0xFF, 0xD1, 0xFF, 0x80, 0x00, 0x03, 0xFF, 0x4B, 0xFD, 0x00, 0x00, 0x0F, 0xFC,
    0x3F, 0xF4, 0x00, 0x00, 0x3F, 0xF0, 0xFF, 0xC0, 0x00, 0x01, 0xFF, 0xC3, 0xFF, 0x00, 0x00, 0x0B,
    0xFE, 0x0F, 0xFC, 0x00, 0x00, 0x3F, 0xF4, 0x3F, 0xF4, 0x00, 0x02, 0xFF, 0xC0, 0xFF, 0xE0, 0x00,
    0x1F, 0xFD, 0x02, 0xFF, 0xC0, 0x01, 0xFF, 0xF0, 0x03, 0xFF, 0xD0, 0x2F, 0xFF, 0x00, 0x0B, 0xFF,
    0xFF, 0xFF, 0xF4, 0x00, 0x0B, 0xFF, 0xFF, 0xFF, 0x40, 0x00, 0x0B, 0xFF, 0xFF, 0xE0, 0x00, 0x00,
    0x02, 0xFF, 0xF8, 0x00, 0x00, 0x00, 0x00, 0x00, 0x01, 0xAA, 0x40, 0x00, 0x00, 0x00, 0x0F, 0xFD,
    0x00, 0x00, 0x00, 0x00, 0xFF, 0xD0, 0x00, 0x00, 0x00, 0x0B, 0xFD, 0x00, 0x00, 0x00, 0x00, 0x3F,
    0xC0, 0x00, 0x00, 0x00, 0x03, 0xFC, 0x00, 0x00, 0x00, 0x00, 0x00, 0x00, 0x00, 0x00, 0x00, 0x00,
    0x00, 0x00, 0x00, 0x00, 0x00, 0x00, 0x00, 0x00, 0x00, 0x00, 0x00, 0x6F, 0xFE, 0x40, 0x00, 0x00,
    0x1F, 0xFF, 0xFF, 0xC0, 0x00, 0x02, 0xFF, 0xFF, 0xFF, 0xC0, 0x00, 0x3F, 0xFF, 0xFF, 0xFF, 0xC0,
    0x02, 0xFF, 0xF4, 0x1F, 0xFF, 0x40, 0x1F, 0xFE, 0x00, 0x0F, 0xFF, 0x00, 0xFF, 0xE0, 0x00, 0x1F,
    0xFC, 0x0B, 0xFF, 0x00, 0x00, 0x3F, 0xF0, 0x3F, 0xF4, 0x00, 0x00, 0xFF, 0xD0, 0xFF, 0xC0, 0x00,
    0x03, 0xFF, 0x47, 0xFE, 0x00, 0x00, 0x0F, 0xFD, 0x2F, 0xF4, 0x00, 0x00, 0x3F, 0xF0, 0xFF, 0xD0,
    0x00, 0x00, 0xFF, 0xC3, 0xFF, 0x00, 0x00, 0x07, 0xFF, 0x0F, 0xFC, 0x00, 0x00, 0x2F, 0xF8, 0x3F,
    0xF0, 0x00, 0x00, 0xFF, 0xD0, 0xFF, 0xD0, 0x00, 0x0B, 0xFF, 0x03, 0xFF, 0x80, 0x00, 0x7F, 0xF4,
    0x0B, 0xFF, 0x00, 0x07, 0xFF, 0xC0, 0x0F, 0xFF, 0x40, 0xBF, 0xFC, 0x00, 0x2F, 0xFF, 0xFF, 0xFF,
    0xD0, 0x00, 0x2F, 0xFF, 0xFF, 0xFD, 0x00, 0x00, 0x2F, 0xFF, 0xFF, 0x80, 0x00, 0x00, 0x0B, 0xFF,
    0xE0, 0x00, 0x00, 0x00, 0x00, 0x00, 0xFF, 0xF4, 0x00, 0x00, 0x00, 0x0F, 0xFF, 0xF0, 0x00, 0x00,
    0x00, 0xFF, 0xBF, 0xD0, 0x00, 0x00, 0x0F, 0xF4, 0x3F, 0xC0, 0x00, 0x00, 0xFF, 0x00, 0x3F, 0xC0,
    0x00, 0x00, 0x00, 0x00, 0x00, 0x00, 0x00, 0x00, 0x00, 0x00, 0x00, 0x00, 0x00, 0x00, 0x00, 0x00,
    0x00, 0x00, 0x00, 0x1B, 0xFF, 0x90, 0x00, 0x00, 0x07, 0xFF, 0xFF, 0xF0, 0x00, 0x00, 0xBF, 0xFF,
    0xFF, 0xF0, 0x00, 0x0F, 0xFF, 0xFF, 0xFF, 0xF0, 0x00, 0xBF, 0xFD, 0x07, 0xFF, 0xD0, 0x07, 0xFF,
    0x80, 0x03, 0xFF, 0xC0, 0x3F, 0xF8, 0x00, 0x07, 0xFF, 0x02, 0xFF, 0xC0, 0x00, 0x0F, 0xFC, 0x0F,
    0xFD, 0x00, 0x00, 0x3F, 0xF4, 0x3F, 0xF0, 0x00, 0x00, 0xFF, 0xD1, 0xFF, 0x80, 0x00, 0x03, 0xFF,
    0x4B, 0xFD, 0x00, 0x00, 0x0F, 0xFC, 0x3F, 0xF4, 0x00, 0x00, 0x3F, 0xF0, 0xFF, 0xC0, 0x00, 0x01,
    0xFF, 0xC3, 0xFF, 0x00, 0x00, 0x0B, 0xFE, 0x0F, 0xFC, 0x00, 0x00, 0x3F, 0xF4, 0x3F, 0xF4, 0x00,
    0x02, 0xFF, 0xC0, 0xFF, 0xE0, 0x00, 0x1F, 0xFD, 0x02, 0xFF, 0xC0, 0x01, 0xFF, 0xF0, 0x03, 0xFF,
    0xD0, 0x2F, 0xFF, 0x00, 0x0B, 0xFF, 0xFF, 0xFF, 0xF4, 0x00, 0x0B, 0xFF, 0xFF, 0xFF, 0x40, 0x00,
    0x0B, 0xFF, 0xFF, 0xE0, 0x00, 0x00, 0x02, 0xFF, 0xF8, 0x00, 0x00, 0x00, 0x00, 0x00, 0x00, 0x00,
    0x00, 0x00, 0x00, 0x1F, 0xF4, 0x0F, 0xC0, 0x00, 0x01, 0xFF, 0xF9, 0xFD, 0x00, 0x00, 0x0F, 0xFF,
    0xFF, 0xF0, 0x00, 0x00, 0x7E, 0x5F, 0xFF, 0x40, 0x00, 0x02, 0xF0, 0x0B, 0xF4, 0x00, 0x00, 0x00,
    0x00, 0x00, 0x00, 0x00, 0x00, 0x00, 0x00, 0x00, 0x00, 0x00, 0x00, 0x1B, 0xFF, 0x90, 0x00, 0x00,
    0x07, 0xFF, 0xFF, 0xF0, 0x00, 0x00, 0xBF, 0xFF, 0xFF, 0xF0, 0x00, 0x0F, 0xFF, 0xFF, 0xFF, 0xF0,
    0x00, 0xBF, 0xFD, 0x07, 0xFF, 0xD0, 0x07, 0xFF, 0x80, 0x03, 0xFF, 0xC0, 0x3F, 0xF8, 0x00, 0x07,
    0xFF, 0x02, 0xFF, 0xC0, 0x00, 0x0F, 0xFC, 0x0F, 0xFD, 0x00, 0x00, 0x3F, 0xF4, 0x3F, 0xF0, 0x00,
    0x00, 0xFF, 0xD1, 0xFF, 0x80, 0x00, 0x03, 0xFF, 0x4B, 0xFD, 0x00, 0x00, 0x0F, 0xFC, 0x3F, 0xF4,
    0x00, 0x00, 0x3F, 0xF0, 0xFF, 0xC0, 0x00, 0x01, 0xFF, 0xC3, 0xFF, 0x00, 0x00, 0x0B, 0xFE, 0x0F,
    0xFC, 0x00, 0x00, 0x3F, 0xF4, 0x3F, 0xF4, 0x00, 0x02, 0xFF, 0xC0, 0xFF, 0xE0, 0x00, 0x1F, 0xFD,
    0x02, 0xFF, 0xC0, 0x01, 0xFF, 0xF0, 0x03, 0xFF, 0xD0, 0x2F, 0xFF, 0x00, 0x0B, 0xFF, 0xFF, 0xFF,
    0xF4, 0x00, 0x0B, 0xFF, 0xFF, 0xFF, 0x40, 0x00, 0x0B, 0xFF, 0xFF, 0xE0, 0x00, 0x00, 0x02, 0xFF,
    0xF8, 0x00, 0x00, 0x00, 0x00, 0x07, 0xE0, 0x7F, 0x00, 0x00, 0x00, 0x3F, 0xC3, 0xFD, 0x00, 0x00,
    0x01, 0xFF, 0x0F, 0xF4, 0x00, 0x00, 0x03, 0xF4, 0x2F, 0x80, 0x00, 0x00, 0x00, 0x00, 0x00, 0x00,
    0x00, 0x00, 0x00, 0x00, 0x00, 0x00, 0x00, 0x00, 0x00, 0x00, 0x00, 0x00, 0x00, 0x00, 0x00, 0x00,
    0x00, 0x00, 0x00, 0x1B, 0xFF, 0x90, 0x00, 0x00, 0x07, 0xFF, 0xFF, 0xF0, 0x00, 0x00, 0xBF, 0xFF,
    0xFF, 0xF0, 0x00, 0x0F, 0xFF, 0xFF, 0xFF, 0xF0, 0x00, 0xBF, 0xFD, 0x07, 0xFF, 0xD0, 0x07, 0xFF,
    0x80, 0x03, 0xFF, 0xC0, 0x3F, 0xF8, 0x00, 0x07, 0xFF, 0x02, 0xFF, 0xC0, 0x00, 0x0F, 0xFC, 0x0F,
    0xFD, 0x00, 0x00, 0x3F, 0xF4, 0x3F, 0xF0, 0x00, 0x00, 0xFF, 0xD1, 0xFF, 0x80, 0x00, 0x03, 0xFF,
    0x4B, 0xFD, 0x00, 0x00, 0x0F, 0xFC, 0x3F, 0xF4, 0x00, 0x00, 0x3F, 0xF0, 0xFF, 0xC0, 0x00, 0x01,
    0xFF, 0xC3, 0xFF, 0x00, 0x00, 0x0B, 0xFE, 0x0F, 0xFC, 0x00, 0x00, 0x3F, 0xF4, 0x3F, 0xF4, 0x00,
    0x02, 0xFF, 0xC0, 0xFF, 0xE0, 0x00, 0x1F, 0xFD, 0x02, 0xFF, 0xC0, 0x01, 0xFF, 0xF0, 0x03, 0xFF,
    0xD0, 0x2F, 0xFF, 0x00, 0x0B, 0xFF, 0xFF, 0xFF, 0xF4, 0x00, 0x0B, 0xFF, 0xFF, 0xFF, 0x40, 0x00,
    0x0B, 0xFF, 0xFF, 0xE0, 0x00, 0x00, 0x02, 0xFF, 0xF8, 0x00, 0x00, 0x04, 0x00, 0x00, 0x40, 0x0F,
    0x00, 0x01, 0xF0, 0x3F, 0xC0, 0x07, 0xFC, 0x3F, 0xF0, 0x1F, 0xF8, 0x0F, 0xFC, 0x7F, 0xE0, 0x03,
    0xFF, 0xFF, 0x80, 0x00, 0xFF, 0xFE, 0x00, 0x00, 0x3F, 0xF8, 0x00, 0x00, 0x7F, 0xFC, 0x00, 0x01,
    0xFF, 0xFF, 0x00, 0x03, 0xFF, 0xFF, 0x80, 0x0F, 0xFC, 0x7F, 0xE0, 0x3F, 0xF0, 0x1F, 0xF8, 0x3F,
    0xC0, 0x07, 0xF8, 0x0F, 0x00, 0x01, 0xE0, 0x00, 0x00, 0x00, 0x00, 0x00, 0x00, 0x00, 0x00, 0x00,
    0x80, 0x00, 0x00, 0x6F, 0xFE, 0x4F, 0xC0, 0x00, 0x1F, 0xFF, 0xFF, 0xFF, 0x40, 0x02, 0xFF, 0xFF,
    0xFF, 0xF8, 0x00, 0x3F, 0xFF, 0xFF, 0xFF, 0xC0, 0x02, 0xFF, 0xF4, 0x1B, 0xFF, 0x40, 0x1F, 0xFE,
    0x00, 0x3F, 0xFF, 0x00, 0xFF, 0xE0, 0x02, 0xFF, 0xFC, 0x07, 0xFF, 0x00, 0x1F, 0xEF, 0xF0, 0x3F,
    0xF4, 0x01, 0xFC, 0xBF, 0xD0, 0xFF, 0xC0, 0x0F, 0xD2, 0xFF, 0x47, 0xFE, 0x00, 0xFE, 0x0B, 0xFC,
    0x2F, 0xF4, 0x0B, 0xF0, 0x3F, 0xF0, 0xFF, 0xC0, 0xBF, 0x00, 0xFF, 0xC3, 0xFF, 0x07, 0xF4, 0x03,
    0xFF, 0x0F, 0xFC, 0x3F, 0x80, 0x2F, 0xF8, 0x3F, 0xF3, 0xF8, 0x00, 0xFF, 0xC0, 0xFF, 0xFF, 0xC0,
    0x07, 0xFF, 0x03, 0xFF, 0xFC, 0x00, 0x3F, 0xF4, 0x0B, 0xFF, 0xD0, 0x03, 0xFF, 0xC0, 0x0F, 0xFF,
    0x40, 0xBF, 0xFC, 0x00, 0x2F, 0xFF, 0xFF, 0xFF, 0xD0, 0x00, 0xFF, 0xFF, 0xFF, 0xFD, 0x00, 0x0F,
    0xFF, 0xFF, 0xFF, 0x80, 0x00, 0x3F, 0x4B, 0xFF, 0x90, 0x00, 0x00, 0x28, 0x00, 0x00, 0x00, 0x00,
    0x00, 0x00, 0x00, 0x00, 0x00, 0x00, 0x00, 0x00, 0x00, 0x7F, 0xE0, 0x00, 0x00, 0x00, 0x03, 0xFF,
    0x00, 0x00, 0x00, 0x00, 0x0F, 0xF4, 0x00, 0x00, 0x00, 0x00, 0x3F, 0xC0, 0x00, 0x00, 0x00, 0x00,
    0xFD, 0x00, 0x00, 0x00, 0x00, 0x00, 0x00, 0x00, 0x00, 0x00, 0x00, 0x00, 0x00, 0x00, 0x00, 0x00,
    0x00, 0x00, 0x00, 0x01, 0xFF, 0x80, 0x00, 0xFF, 0xC0, 0x2F, 0xF4, 0x00, 0x0F, 0xFC, 0x03, 0xFF,
    0x00, 0x00, 0xFF, 0xC0, 0x3F, 0xF0, 0x00, 0x1F, 0xF8, 0x07, 0xFF, 0x00, 0x02, 0xFF, 0x40, 0x7F,
    0xE0, 0x00, 0x3F, 0xF0, 0x0B, 0xFD, 0x00, 0x03, 0xFF, 0x00, 0xFF, 0xC0, 0x00, 0x7F, 0xE0, 0x0F,
    0xFC, 0x00, 0x0B, 0xFE, 0x01, 0xFF, 0x80, 0x00, 0xBF, 0xD0, 0x2F, 0xF8, 0x00, 0x0F, 0xFC, 0x03,
    0xFF, 0x40, 0x00, 0xFF, 0xC0, 0x3F, 0xF0, 0x00, 0x1F, 0xF8, 0x03, 0xFF, 0x00, 0x02, 0xFF, 0x40,
    0x7F, 0xE0, 0x00, 0x3F, 0xF0, 0x0B, 0xFD, 0x00, 0x03, 0xFF, 0x00, 0xBF, 0xD0, 0x00, 0x7F, 0xF0,
    0x0B, 0xFD, 0x00, 0x0B, 0xFD, 0x00, 0xBF, 0xE0, 0x01, 0xFF, 0xC0, 0x07, 0xFF, 0x80, 0xBF, 0xF8,
    0x00, 0x3F, 0xFF, 0xFF, 0xFF, 0x00, 0x01, 0xFF, 0xFF, 0xFF, 0xC0, 0x00, 0x07, 0xFF, 0xFF, 0xE0,
    0x00, 0x00, 0x06, 0xFF, 0xE0, 0x00, 0x00, 0x00, 0x00, 0x00, 0x0A, 0xA8, 0x00, 0x00, 0x00, 0x03,
    0xFF, 0x80, 0x00, 0x00, 0x00, 0xBF, 0xE0, 0x00, 0x00, 0x00, 0x1F, 0xF8, 0x00, 0x00, 0x00, 0x03,
    0xFD, 0x00, 0x00, 0x00, 0x00, 0xBF, 0x40, 0x00, 0x00, 0x00, 0x00, 0x00, 0x00, 0x00, 0x00, 0x00,
    0x00, 0x00, 0x00, 0x00, 0x00, 0x00, 0x00, 0x00, 0x00, 0x1F, 0xF8, 0x00, 0x0F, 0xFC, 0x02, 0xFF,
    0x40, 0x00, 0xFF, 0xC0, 0x3F, 0xF0, 0x00, 0x0F, 0xFC, 0x03, 0xFF, 0x00, 0x01, 0xFF, 0x80, 0x7F,
    0xF0, 0x00, 0x2F, 0xF4, 0x07, 0xFE, 0x00, 0x03, 0xFF, 0x00, 0xBF, 0xD0, 0x00, 0x3F, 0xF0, 0x0F,
    0xFC, 0x00, 0x07, 0xFE, 0x00, 0xFF, 0xC0, 0x00, 0xBF, 0xE0, 0x1F, 0xF8, 0x00, 0x0B, 0xFD, 0x02,
    0xFF, 0x80, 0x00, 0xFF, 0xC0, 0x3F, 0xF4, 0x00, 0x0F, 0xFC, 0x03, 0xFF, 0x00, 0x01, 0xFF, 0x80,
    0x3F, 0xF0, 0x00, 0x2F, 0xF4, 0x07, 0xFE, 0x00, 0x03, 0xFF, 0x00, 0xBF, 0xD0, 0x00, 0x3F, 0xF0,
    0x0B, 0xFD, 0x00, 0x07, 0xFF, 0x00, 0xBF, 0xD0, 0x00, 0xBF, 0xD0, 0x0B, 0xFE, 0x00, 0x1F, 0xFC,
    0x00, 0x7F, 0xF8, 0x0B, 0xFF, 0x80, 0x03, 0xFF, 0xFF, 0xFF, 0xF0, 0x00, 0x1F, 0xFF, 0xFF, 0xFC,
    0x00, 0x00, 0x7F, 0xFF, 0xFE, 0x00, 0x00, 0x00, 0x6F, 0xFE, 0x00, 0x00, 0x00, 0x00, 0x00, 0x0B,
    0xFF, 0x80, 0x00, 0x00, 0x02, 0xFF, 0xFC, 0x00, 0x00, 0x00, 0xBF, 0xEF, 0xE0, 0x00, 0x00, 0x2F,
    0xE0, 0xBF, 0x40, 0x00, 0x0F, 0xF4, 0x02, 0xFC, 0x00, 0x00, 0x00, 0x00, 0x00, 0x00, 0x00, 0x00,
    0x00, 0x00, 0x00, 0x00, 0x00, 0x00, 0x00, 0x00, 0x00, 0x01, 0xFF, 0x80, 0x00, 0xFF, 0xC0, 0x2F,
    0xF4, 0x00, 0x0F, 0xFC, 0x03, 0xFF, 0x00, 0x00, 0xFF, 0xC0, 0x3F, 0xF0, 0x00, 0x1F, 0xF8, 0x07,
    0xFF, 0x00, 0x02, 0xFF, 0x40, 0x7F, 0xE0, 0x00, 0x3F, 0xF0, 0x0B, 0xFD, 0x00, 0x03, 0xFF, 0x00,
    0xFF, 0xC0, 0x00, 0x7F, 0xE0, 0x0F, 0xFC, 0x00, 0x0B, 0xFE, 0x01, 0xFF, 0x80, 0x00, 0xBF, 0xD0,
    0x2F, 0xF8, 0x00, 0x0F, 0xFC, 0x03, 0xFF, 0x40, 0x00, 0xFF, 0xC0, 0x3F, 0xF0, 0x00, 0x1F, 0xF8,
    0x03, 0xFF, 0x00, 0x02, 0xFF, 0x40, 0x7F, 0xE0, 0x00, 0x3F, 0xF0, 0x0B, 0xFD, 0x00, 0x03, 0xFF,
    0x00, 0xBF, 0xD0, 0x00, 0x7F, 0xF0, 0x0B, 0xFD, 0x00, 0x0B, 0xFD, 0x00, 0xBF, 0xE0, 0x01, 0xFF,
    0xC0, 0x07, 0xFF, 0x80, 0xBF, 0xF8, 0x00, 0x3F, 0xFF, 0xFF, 0xFF, 0x00, 0x01, 0xFF, 0xFF, 0xFF,
    0xC0, 0x00, 0x07, 0xFF, 0xFF, 0xE0, 0x00, 0x00, 0x06, 0xFF, 0xE0, 0x00, 0x00, 0x00, 0x00, 0x7F,
    0x03, 0xF4, 0x00, 0x00, 0x0F, 0xF4, 0xBF, 0x80, 0x00, 0x00, 0xFF, 0x4F, 0xF8, 0x00, 0x00, 0x0B,
    0xE0, 0x7F, 0x00, 0x00, 0x00, 0x00, 0x00, 0x00, 0x00, 0x00, 0x00, 0x00, 0x00, 0x00, 0x00, 0x00,
    0x00, 0x00, 0x00, 0x00, 0x00, 0x00, 0x00, 0x00, 0x00, 0x01, 0xFF, 0x80, 0x00, 0xFF, 0xC0, 0x2F,
    0xF4, 0x00, 0x0F, 0xFC, 0x03, 0xFF, 0x00, 0x00, 0xFF, 0xC0, 0x3F, 0xF0, 0x00, 0x1F, 0xF8, 0x07,
    0xFF, 0x00, 0x02, 0xFF, 0x40, 0x7F, 0xE0, 0x00, 0x3F, 0xF0, 0x0B, 0xFD, 0x00, 0x03, 0xFF, 0x00,
    0xFF, 0xC0, 0x00, 0x7F, 0xE0, 0x0F, 0xFC, 0x00, 0x0B, 0xFE, 0x01, 0xFF, 0x80, 0x00, 0xBF, 0xD0,
    0x2F, 0xF8, 0x00, 0x0F, 0xFC, 0x03, 0xFF, 0x40, 0x00, 0xFF, 0xC0, 0x3F, 0xF0, 0x00, 0x1F, 0xF8,
    0x03, 0xFF, 0x00, 0x02, 0xFF, 0x40, 0x7F, 0xE0, 0x00, 0x3F, 0xF0, 0x0B, 0xFD, 0x00, 0x03, 0xFF,
    0x00, 0xBF, 0xD0, 0x00, 0x7F, 0xF0, 0x0B, 0xFD, 0x00, 0x0B, 0xFD, 0x00, 0xBF, 0xE0, 0x01, 0xFF,
    0xC0, 0x07, 0xFF, 0x80, 0xBF, 0xF8, 0x00, 0x3F, 0xFF, 0xFF, 0xFF, 0x00, 0x01, 0xFF, 0xFF, 0xFF,
    0xC0, 0x00, 0x07, 0xFF, 0xFF, 0xE0, 0x00, 0x00, 0x06, 0xFF, 0xE0, 0x00, 0x00, 0x00, 0x00, 0x0F,
    0xFF, 0x00, 0x00, 0x00, 0x7F, 0xF0, 0x00, 0x00, 0x03, 0xFF, 0x00, 0x00, 0x00, 0x3F, 0xE0, 0x00,
    0x00, 0x02, 0xFE, 0x00, 0x00, 0x00, 0x0A, 0x90, 0x00, 0x00, 0x00, 0x00, 0x00, 0x00, 0x00, 0x00,
    0x00, 0x00, 0x00, 0xFF, 0xC0, 0x00, 0x3F, 0xFA, 0xFF, 0x40, 0x02, 0xFF, 0xC7, 0xFE, 0x00, 0x1F,
    0xFC, 0x0F, 0xFC, 0x00, 0xFF, 0xD0, 0x3F, 0xF0, 0x0B, 0xFF, 0x00, 0xBF, 0xD0, 0x3F, 0xF0, 0x01,
    0xFF, 0x83, 0xFF, 0x40, 0x03, 0xFE, 0x1F, 0xFC, 0x00, 0x0F, 0xFC, 0xFF, 0xC0, 0x00, 0x2F, 0xFF,
    0xFD, 0x00, 0x00, 0x7F, 0xFF, 0xE0, 0x00, 0x00, 0xFF, 0xFF, 0x00, 0x00, 0x02, 0xFF, 0xF4, 0x00,
    0x00, 0x07, 0xFF, 0x80, 0x00, 0x00, 0x0F, 0xFC, 0x00, 0x00, 0x00, 0x7F, 0xE0, 0x00, 0x00, 0x01,
    0xFF, 0x40, 0x00, 0x00, 0x0B, 0xFC, 0x00, 0x00, 0x00, 0x3F, 0xF0, 0x00, 0x00, 0x00, 0xFF, 0xC0,
    0x00, 0x00, 0x07, 0xFE, 0x00, 0x00, 0x00, 0x2F, 0xF4, 0x00, 0x00, 0x00, 0xFF, 0xC0, 0x00, 0x00,
    0x03, 0xFF, 0x00, 0x00, 0x00, 0x00, 0x0F, 0xFC, 0x00, 0x00, 0x00, 0x1F, 0xF8, 0x00, 0x00, 0x00,
    0x2F, 0xF4, 0x00, 0x00, 0x00, 0x3F, 0xF4, 0x00, 0x00, 0x00, 0x3F, 0xFF, 0xF9, 0x00, 0x00, 0x7F,
    0xFF, 0xFF, 0xC0, 0x00, 0x7F, 0xFF, 0xFF, 0xF0, 0x00, 0xBF, 0xFF, 0xFF, 0xF4, 0x00, 0xFF, 0xC0,
    0x7F, 0xFC, 0x00, 0xFF, 0xC0, 0x1F, 0xFC, 0x01, 0xFF, 0x80, 0x0F, 0xFC, 0x02, 0xFF, 0x80, 0x0F,
    0xFC, 0x02, 0xFF, 0x40, 0x1F, 0xFC, 0x03, 0xFF, 0x00, 0x3F, 0xF8, 0x03, 0xFF, 0x01, 0xFF, 0xF0,
    0x07, 0xFF, 0xFF, 0xFF, 0xE0, 0x0B, 0xFF, 0xFF, 0xFF, 0x80, 0x0F, 0xFF, 0xFF, 0xFD, 0x00, 0x0F,
    0xFF, 0xFF, 0x90, 0x00, 0x0F, 0xFC, 0x00, 0x00, 0x00, 0x1F, 0xF8, 0x00, 0x00, 0x00, 0x2F, 0xF4,
    0x00, 0x00, 0x00, 0x3F, 0xF0, 0x00, 0x00, 0x00, 0x3F, 0xF0, 0x00, 0x00, 0x00, 0x00, 0x00, 0x00,
    0x06, 0xFF, 0xE4, 0x00, 0x00, 0x00, 0x01, 0xFF, 0xFF, 0xFD, 0x00, 0x00, 0x00, 0x1F, 0xFF, 0xFF,
    0xFC, 0x00, 0x00, 0x00, 0xFF, 0xFF, 0xFF, 0xFC, 0x00, 0x00, 0x0B, 0xFF, 0x41, 0xFF, 0xF0, 0x00,
    0x00, 0x3F, 0xF4, 0x00, 0xFF, 0xC0, 0x00, 0x01, 0xFF, 0xC0, 0x03, 0xFF, 0x00, 0x00, 0x0B, 0xFD,
    0x00, 0x1F, 0xFC, 0x00, 0x00, 0x3F, 0xF4, 0x02, 0xFF, 0xD0, 0x00, 0x00, 0xFF, 0xC0, 0x7F, 0xFD,
    0x00, 0x00, 0x03, 0xFF, 0x0B, 0xFF, 0xD0, 0x00, 0x00, 0x1F, 0xF8, 0x7F, 0xF8, 0x00, 0x00, 0x00,
    0xBF, 0xD2, 0xFF, 0x80, 0x00, 0x00, 0x03, 0xFF, 0x0B, 0xFE, 0x00, 0x00, 0x00, 0x0F, 0xFC, 0x1F,
    0xFE, 0x00, 0x00, 0x00, 0x3F, 0xF0, 0x3F, 0xFF, 0x00, 0x00, 0x01, 0xFF, 0x80, 0x3F, 0xFF, 0x00,
    0x00, 0x0B, 0xFD, 0x00, 0x2F, 0xFE, 0x00, 0x00, 0x3F, 0xF0, 0x00, 0x2F, 0xFC, 0x00, 0x00, 0xFF,
    0xC0, 0x00, 0x3F, 0xF0, 0x00, 0x07, 0xFF, 0x00, 0x00, 0xFF, 0xC0, 0x00, 0x1F, 0xF8, 0xE4, 0x1B,
    0xFF, 0x00, 0x00, 0xBF, 0xD3, 0xFF, 0xFF, 0xF8, 0x00, 0x03, 0xFF, 0x0F, 0xFF, 0xFF, 0xC0, 0x00,
    0x0F, 0xFC, 0x3F, 0xFF, 0xFC, 0x00, 0x00, 0x7F, 0xE0, 0x2F, 0xFE, 0x40, 0x00, 0x01, 0xFF, 0x80,
    0x00, 0x00, 0x00, 0x00, 0x0B, 0xFD, 0x00, 0x00, 0x00, 0x00, 0x00, 0x3F, 0xF0, 0x00, 0x00, 0x00,
    0x00, 0x47, 0xFF, 0xC0, 0x00, 0x00, 0x00, 0x03, 0xFF, 0xFD, 0x00, 0x00, 0x00, 0x00, 0x0F, 0xFF,
    0xF0, 0x00, 0x00, 0x00, 0x00, 0x3F, 0xFF, 0x00, 0x00, 0x00, 0x00, 0x00, 0xFF, 0xD0, 0x00, 0x00,
    0x00, 0x00, 0x00, 0x00, 0x03, 0xFF, 0x00, 0x00, 0x00, 0x07, 0xFD, 0x00, 0x00, 0x00, 0x0B, 0xF8,
    0x00, 0x00, 0x00, 0x0F, 0xF0, 0x00, 0x00, 0x00, 0x0F, 0xE0, 0x00, 0x00, 0x00, 0x00, 0x00, 0x00,
    0x00, 0x00, 0x00, 0x00, 0x00, 0x02, 0xFF, 0x43, 0xFC, 0x00, 0x7F, 0xFF, 0x4F, 0xF0, 0x03, 0xFF,
    0xFF, 0xBF, 0xC0, 0x3F, 0xFF, 0xFF, 0xFE, 0x02, 0xFF, 0xE0, 0xFF, 0xF4, 0x0F, 0xFE, 0x01, 0xFF,
    0xC0, 0x7F, 0xF0, 0x03, 0xFF, 0x03, 0xFF, 0x40, 0x0F, 0xF8, 0x0F, 0xFC, 0x00, 0x3F, 0xE0, 0x7F,
    0xF0, 0x01, 0xFF, 0x41, 0xFF, 0x80, 0x0B, 0xFC, 0x0B, 0xFE, 0x00, 0x3F, 0xF0, 0x2F, 0xF8, 0x01,
    0xFF, 0x80, 0x7F, 0xF0, 0x0F, 0xFE, 0x01, 0xFF, 0xD1, 0xFF, 0xF4, 0x03, 0xFF, 0xFF, 0xFF, 0xC0,
    0x0B, 0xFF, 0xFE, 0xFF, 0x00, 0x0F, 0xFF, 0xD7, 0xF8, 0x00, 0x0B, 0xF8, 0x2F, 0xD0, 0x00, 0x00,
    0x00, 0x00, 0xFF, 0xD0, 0x00, 0x00, 0x0F, 0xFD, 0x00, 0x00, 0x00, 0xBF, 0xD0, 0x00, 0x00, 0x07,
    0xFD, 0x00, 0x00, 0x00, 0x3F, 0xC0, 0x00, 0x00, 0x00, 0x54, 0x00, 0x00, 0x00, 0x00, 0x00, 0x00,
    0x00, 0x02, 0xFF, 0x43, 0xFC, 0x00, 0x7F, 0xFF, 0x4F, 0xF0, 0x03, 0xFF, 0xFF, 0xBF, 0xC0, 0x3F,
    0xFF, 0xFF, 0xFE, 0x02, 0xFF, 0xE0, 0xFF, 0xF4, 0x0F, 0xFE, 0x01, 0xFF, 0xC0, 0x7F, 0xF0, 0x03,
    0xFF, 0x03, 0xFF, 0x40, 0x0F, 0xF8, 0x0F, 0xFC, 0x00, 0x3F, 0xE0, 0x7F, 0xF0, 0x01, 0xFF, 0x41,
    0xFF, 0x80, 0x0B, 0xFC, 0x0B, 0xFE, 0x00, 0x3F, 0xF0, 0x2F, 0xF8, 0x01, 0xFF, 0x80, 0x7F, 0xF0,
    0x0F, 0xFE, 0x01, 0xFF, 0xD1, 0xFF, 0xF4, 0x03, 0xFF, 0xFF, 0xFF, 0xC0, 0x0B, 0xFF, 0xFE, 0xFF,
    0x00, 0x0F, 0xFF, 0xD7, 0xF8, 0x00, 0x0B, 0xF8, 0x2F, 0xD0, 0x00, 0x00, 0x00, 0x7F, 0xFC, 0x00,
    0x00, 0x07, 0xFF, 0xF4, 0x00, 0x00, 0x7F, 0xEF, 0xF0, 0x00, 0x07, 0xFC, 0x1F, 0xE0, 0x00, 0xBF,
    0x80, 0x1F, 0xD0, 0x00, 0x00, 0x00, 0x00, 0x00, 0x00, 0x00, 0x00, 0x00, 0x00, 0x02, 0xFF, 0x43,
    0xFC, 0x00, 0x7F, 0xFF, 0x4F, 0xF0, 0x03, 0xFF, 0xFF, 0xBF, 0xC0, 0x3F, 0xFF, 0xFF, 0xFE, 0x02,
    0xFF, 0xE0, 0xFF, 0xF4, 0x0F, 0xFE, 0x01, 0xFF, 0xC0, 0x7F, 0xF0, 0x03, 0xFF, 0x03, 0xFF, 0x40,
    0x0F, 0xF8, 0x0F, 0xFC, 0x00, 0x3F, 0xE0, 0x7F, 0xF0, 0x01, 0xFF, 0x41, 0xFF, 0x80, 0x0B, 0xFC,
    0x0B, 0xFE, 0x00, 0x3F, 0xF0, 0x2F, 0xF8, 0x01, 0xFF, 0x80, 0x7F, 0xF0, 0x0F, 0xFE, 0x01, 0xFF,
    0xD1, 0xFF, 0xF4, 0x03, 0xFF, 0xFF, 0xFF, 0xC0, 0x0B, 0xFF, 0xFE, 0xFF, 0x00, 0x0F, 0xFF, 0xD7,
    0xF8, 0x00, 0x0B, 0xF8, 0x2F, 0xD0, 0x00, 0x00, 0x00, 0x00, 0x00, 0x00, 0x00, 0x0B, 0xF8, 0x07,
    0xD0, 0x00, 0xFF, 0xFE, 0xBF, 0x00, 0x07, 0xFF, 0xFF, 0xF8, 0x00, 0x3F, 0x5B, 0xFF, 0xC0, 0x00,
    0xF8, 0x02, 0xF8, 0x00, 0x00, 0x00, 0x00, 0x00, 0x00, 0x00, 0x00, 0x00, 0x00, 0x00, 0x0B, 0xFD,
    0x0F, 0xF0, 0x01, 0xFF, 0xFD, 0x3F, 0xC0, 0x0F, 0xFF, 0xFE, 0xFF, 0x00, 0xFF, 0xFF, 0xFF, 0xF8,
    0x0B, 0xFF, 0x83, 0xFF, 0xD0, 0x3F, 0xF8, 0x07, 0xFF, 0x01, 0xFF, 0xC0, 0x0F, 0xFC, 0x0F, 0xFD,
    0x00, 0x3F, 0xE0, 0x3F, 0xF0, 0x00, 0xFF, 0x81, 0xFF, 0xC0, 0x07, 0xFD, 0x07, 0xFE, 0x00, 0x2F,
    0xF0, 0x2F, 0xF8, 0x00, 0xFF, 0xC0, 0xBF, 0xE0, 0x07, 0xFE, 0x01, 0xFF, 0xC0, 0x3F, 0xF8, 0x07,
    0xFF, 0x47, 0xFF, 0xD0, 0x0F, 0xFF, 0xFF, 0xFF, 0x00, 0x2F, 0xFF, 0xFB, 0xFC, 0x00, 0x3F, 0xFF,
    0x5F, 0xE0, 0x00, 0x2F, 0xE0, 0xBF, 0x40, 0x00, 0x00, 0x03, 0xF0, 0x2F, 0x40, 0x00, 0x2F, 0xE1,
    0xFF, 0x00, 0x00, 0xFF, 0x8B, 0xF8, 0x00, 0x01, 0xFC, 0x1F, 0xC0, 0x00, 0x00, 0x00, 0x00, 0x00,
    0x00, 0x00, 0x00, 0x00, 0x00, 0x00, 0x00, 0x00, 0x00, 0x00, 0x02, 0xFF, 0x43, 0xFC, 0x00, 0x7F,
    0xFF, 0x4F, 0xF0, 0x03, 0xFF, 0xFF, 0xBF, 0xC0, 0x3F, 0xFF, 0xFF, 0xFE, 0x02, 0xFF, 0xE0, 0xFF,
    0xF4, 0x0F, 0xFE, 0x01, 0xFF, 0xC0, 0x7F, 0xF0, 0x03, 0xFF, 0x03, 0xFF, 0x40, 0x0F, 0xF8, 0x0F,
    0xFC, 0x00, 0x3F, 0xE0, 0x7F, 0xF0, 0x01, 0xFF, 0x41, 0xFF, 0x80, 0x0B, 0xFC, 0x0B, 0xFE, 0x00,
    0x3F, 0xF0, 0x2F, 0xF8, 0x01, 0xFF, 0x80, 0x7F, 0xF0, 0x0F, 0xFE, 0x01, 0xFF, 0xD1, 0xFF, 0xF4,
    0x03, 0xFF, 0xFF, 0xFF, 0xC0, 0x0B, 0xFF, 0xFE, 0xFF, 0x00, 0x0F, 0xFF, 0xD7, 0xF8, 0x00, 0x0B,
    0xF8, 0x2F, 0xD0, 0x00, 0x00, 0x00, 0x2F, 0xE0, 0x00, 0x00, 0x03, 0xFF, 0xE0, 0x00, 0x00, 0x1F,
    0x8B, 0xD0, 0x00, 0x00, 0xBC, 0x0F, 0x40, 0x00, 0x02, 0xF0, 0x3D, 0x00, 0x00, 0x07, 0xD2, 0xF4,
    0x00, 0x00, 0x0F, 0xFF, 0x80, 0x00, 0x00, 0x0B, 0xF8, 0x00, 0x00, 0x00, 0x00, 0x00, 0x00, 0x00,
    0x00, 0x00, 0x00, 0x00, 0x00, 0xBF, 0xD0, 0xFF, 0x00, 0x1F, 0xFF, 0xD3, 0xFC, 0x00, 0xFF, 0xFF,
    0xEF, 0xF0, 0x0F, 0xFF, 0xFF, 0xFF, 0x80, 0xBF, 0xF8, 0x3F, 0xFD, 0x03, 0xFF, 0x80, 0x7F, 0xF0,
    0x1F, 0xFC, 0x00, 0xFF, 0xC0, 0xFF, 0xD0, 0x03, 0xFE, 0x03, 0xFF, 0x00, 0x0F, 0xF8, 0x1F, 0xFC,
    0x00, 0x7F, 0xD0, 0x7F, 0xE0, 0x02, 0xFF, 0x02, 0xFF, 0x80, 0x0F, 0xFC, 0x0B, 0xFE, 0x00, 0x7F,
    0xE0, 0x1F, 0xFC, 0x03, 0xFF, 0x80, 0x7F, 0xF4, 0x7F, 0xFD, 0x00, 0xFF, 0xFF, 0xFF, 0xF0, 0x02,
    0xFF, 0xFF, 0xBF, 0xC0, 0x03, 0xFF, 0xF5, 0xFE, 0x00, 0x02, 0xFE, 0x0B, 0xF4, 0x00, 0x00, 0x0B,
    0xF8, 0x0F, 0xD2, 0xFF, 0x40, 0x00, 0x7F, 0xFF, 0x0F, 0xEF, 0xFF, 0xF0, 0x01, 0xFF, 0xFF, 0xEF,
    0xFF, 0xFF, 0xF8, 0x03, 0xFF, 0xFF, 0xFF, 0xFF, 0xFF, 0xFC, 0x0B, 0xFF, 0x47, 0xFF, 0xFD, 0x0F,
    0xFC, 0x0F, 0xFD, 0x01, 0xFF, 0xF0, 0x0B, 0xFC, 0x2F, 0xF8, 0x00, 0xFF, 0xC0, 0x0F, 0xFC, 0x3F,
    0xF0, 0x00, 0xFF, 0x80, 0x7F, 0xF4, 0x3F, 0xF0, 0x01, 0xFF, 0xFF, 0xFF, 0xE0, 0x7F, 0xE0, 0x01,
    0xFF, 0xFF, 0xFF, 0x40, 0x7F, 0xE0, 0x02, 0xFF, 0xFF, 0xA4, 0x00, 0xBF, 0xD0, 0x03, 0xFF, 0x00,
    0x00, 0x00, 0xBF, 0xD0, 0x0B, 0xFF, 0x00, 0x00, 0x00, 0x7F, 0xF0, 0x1F, 0xFF, 0x40, 0x00, 0x00,
    0x7F, 0xF9, 0xBF, 0xFF, 0xD0, 0x1B, 0x80, 0x3F, 0xFF, 0xFF, 0xFF, 0xFF, 0xFF, 0x80, 0x2F, 0xFF,
    0xFB, 0xFF, 0xFF, 0xFF, 0x80, 0x0F, 0xFF, 0xD7, 0xFF, 0xFF, 0xFF, 0x40, 0x02, 0xFE, 0x07, 0xE1,
    0xFF, 0xE4, 0x00, 0x00, 0x06, 0xFF, 0xE4, 0x00, 0x2F, 0xFF, 0xFD, 0x00, 0xFF, 0xFF, 0xFC, 0x03,
    0xFF, 0xFF, 0xF8, 0x0B, 0xFF, 0x80, 0x70, 0x0F, 0xFD, 0x00, 0x00, 0x2F, 0xFC, 0x00, 0x00, 0x3F,
    0xF4, 0x00, 0x00, 0x3F, 0xF0, 0x00, 0x00, 0x7F, 0xE0, 0x00, 0x00, 0x7F, 0xE0, 0x00, 0x00, 0xBF,
    0xE0, 0x00, 0x00, 0x7F, 0xE0, 0x00, 0x00, 0x7F, 0xF0, 0x00, 0x00, 0x3F, 0xF8, 0x07, 0x80, 0x3F,
    0xFF, 0xFF, 0x80, 0x0F, 0xFF, 0xFF, 0x80, 0x07, 0xFF, 0xFF, 0x80, 0x00, 0xBF, 0xF8, 0x00, 0x00,
    0x7E, 0x00, 0x00, 0x00, 0xFF, 0x80, 0x00, 0x00, 0x7F, 0xD0, 0x00, 0x00, 0x1F, 0xE0, 0x00, 0x00,
    0x2F, 0xE0, 0x00, 0x0F, 0xFF, 0xD0, 0x00, 0x0F, 0xFF, 0x80, 0x00, 0x0B, 0xF9, 0x00, 0x00, 0x00,
    0x03, 0xFF, 0x00, 0x00, 0x00, 0xBF, 0xD0, 0x00, 0x00, 0x0B, 0xF8, 0x00, 0x00, 0x00, 0xFF, 0x00,
    0x00, 0x00, 0x0F, 0xE0, 0x00, 0x00, 0x00, 0x00, 0x00, 0x00, 0x00, 0x00, 0x00, 0x00, 0x0B, 0xFF,
    0x80, 0x00, 0x2F, 0xFF, 0xFD, 0x00, 0x3F, 0xFF, 0xFF, 0xC0, 0x3F, 0xFF, 0xFF, 0xF8, 0x2F, 0xFE,
    0x07, 0xFE, 0x0F, 0xFD, 0x00, 0xFF, 0x8B, 0xFE, 0x00, 0x7F, 0xD3, 0xFF, 0x01, 0xBF, 0xF0, 0xFF,
    0xFF, 0xFF, 0xF0, 0x7F, 0xFF, 0xFF, 0xE0, 0x1F, 0xFF, 0xFE, 0x40, 0x0B, 0xFD, 0x00, 0x00, 0x02,
    0xFF, 0x80, 0x00, 0x00, 0x7F, 0xF0, 0x00, 0x10, 0x0F, 0xFF, 0x41, 0xBC, 0x03, 0xFF, 0xFF, 0xFF,
    0x00, 0x3F, 0xFF, 0xFF, 0xC0, 0x07, 0xFF, 0xFF, 0xE0, 0x00, 0x1F, 0xFE, 0x40, 0x00, 0x00, 0x00,
    0x02, 0xFF, 0xC0, 0x00, 0x00, 0x7F, 0xF0, 0x00, 0x00, 0x0F, 0xFC, 0x00, 0x00, 0x02, 0xFF, 0x00,
    0x00, 0x00, 0x7F, 0x80, 0x00, 0x00, 0x05, 0x50, 0x00, 0x00, 0x00, 0x00, 0x00, 0x00, 0x00, 0x2F,
    0xFE, 0x00, 0x00, 0x2F, 0xFF, 0xFD, 0x00, 0x0F, 0xFF, 0xFF, 0xF0, 0x03, 0xFF, 0xFF, 0xFF, 0x80,
    0xBF, 0xF8, 0x1F, 0xF8, 0x0F, 0xFD, 0x00, 0xFF, 0x82, 0xFF, 0x80, 0x1F, 0xF4, 0x3F, 0xF0, 0x1B,
    0xFF, 0x03, 0xFF, 0xFF, 0xFF, 0xC0, 0x7F, 0xFF, 0xFF, 0xE0, 0x07, 0xFF, 0xFF, 0x90, 0x00, 0xBF,
    0xD0, 0x00, 0x00, 0x0B, 0xFE, 0x00, 0x00, 0x00, 0x7F, 0xF0, 0x00, 0x10, 0x03, 0xFF, 0xD0, 0x6F,
    0x00, 0x3F, 0xFF, 0xFF, 0xF0, 0x00, 0xFF, 0xFF, 0xFF, 0x00, 0x07, 0xFF, 0xFF, 0xE0, 0x00, 0x07,
    0xFF, 0x90, 0x00, 0x00, 0x00, 0xBF, 0xF8, 0x00, 0x00, 0x2F, 0xFF, 0xC0, 0x00, 0x0B, 0xFE, 0xFF,
    0x00, 0x02, 0xFE, 0x0B, 0xF8, 0x00, 0xFF, 0x40, 0x2F, 0xC0, 0x00, 0x00, 0x00, 0x00, 0x00, 0x00,
    0x00, 0x00, 0x00, 0x00, 0x2F, 0xFE, 0x00, 0x00, 0x2F, 0xFF, 0xFD, 0x00, 0x0F, 0xFF, 0xFF, 0xF0,
    0x03, 0xFF, 0xFF, 0xFF, 0x80, 0xBF, 0xF8, 0x1F, 0xF8, 0x0F, 0xFD, 0x00, 0xFF, 0x82, 0xFF, 0x80,
    0x1F, 0xF4, 0x3F, 0xF0, 0x1B, 0xFF, 0x03, 0xFF, 0xFF, 0xFF, 0xC0, 0x7F, 0xFF, 0xFF, 0xE0, 0x07,
    0xFF, 0xFF, 0x90, 0x00, 0xBF, 0xD0, 0x00, 0x00, 0x0B, 0xFE, 0x00, 0x00, 0x00, 0x7F, 0xF0, 0x00,
    0x10, 0x03, 0xFF, 0xD0, 0x6F, 0x00, 0x3F, 0xFF, 0xFF, 0xF0, 0x00, 0xFF, 0xFF, 0xFF, 0x00, 0x07,
    0xFF, 0xFF, 0xE0, 0x00, 0x07, 0xFF, 0x90, 0x00, 0x00, 0x07, 0xE0, 0x3F, 0x00, 0x03, 0xFD, 0x3F,
    0xE0, 0x00, 0xFF, 0x0F, 0xF4, 0x00, 0x2F, 0x81, 0xFC, 0x00, 0x00, 0x00, 0x00, 0x00, 0x00, 0x00,
    0x00, 0x00, 0x00, 0x00, 0x00, 0x00, 0x00, 0x0B, 0xFF, 0x80, 0x00, 0x2F, 0xFF, 0xFD, 0x00, 0x3F,
    0xFF, 0xFF, 0xC0, 0x3F, 0xFF, 0xFF, 0xF8, 0x2F, 0xFE, 0x07, 0xFE, 0x0F, 0xFD, 0x00, 0xFF, 0x8B,
    0xFE, 0x00, 0x7F, 0xD3, 0xFF, 0x01, 0xBF, 0xF0, 0xFF, 0xFF, 0xFF, 0xF0, 0x7F, 0xFF, 0xFF, 0xE0,
    0x1F, 0xFF, 0xFE, 0x40, 0x0B, 0xFD, 0x00, 0x00, 0x02, 0xFF, 0x80, 0x00, 0x00, 0x7F, 0xF0, 0x00,
    0x10, 0x0F, 0xFF, 0x41, 0xBC, 0x03, 0xFF, 0xFF, 0xFF, 0x00, 0x3F, 0xFF, 0xFF, 0xC0, 0x07, 0xFF,
    0xFF, 0xE0, 0x00, 0x1F, 0xFE, 0x40, 0x00, 0x03, 0xFF, 0x00, 0x1F, 0xF8, 0x00, 0xBF, 0xC0, 0x02,
    0xFD, 0x00, 0x0B, 0xF0, 0x00, 0x00, 0x00, 0x00, 0x00, 0x0B, 0xFD, 0x00, 0xFF, 0xC0, 0x0F, 0xFC,
    0x01, 0xFF, 0xC0, 0x1F, 0xF8, 0x02, 0xFF, 0x40, 0x3F, 0xF0, 0x03, 0xFF, 0x00, 0x7F, 0xE0, 0x07,
    0xFE, 0x00, 0xBF, 0xD0, 0x0F, 0xFC, 0x00, 0xFF, 0xC0, 0x1F, 0xF8, 0x01, 0xFF, 0x40, 0x2F, 0xF4,
    0x03, 0xFF, 0x00, 0x3F, 0xF0, 0x07, 0xFE, 0x00, 0x00, 0x00, 0xFF, 0xD0, 0x00, 0x3F, 0xF4, 0x00,
    0x0B, 0xFD, 0x00, 0x01, 0xFF, 0x00, 0x00, 0x3F, 0x80, 0x00, 0x00, 0x00, 0x00, 0x00, 0x00, 0x00,
    0x00, 0x0B, 0xFD, 0x00, 0x00, 0xFF, 0xC0, 0x00, 0x0F, 0xFC, 0x00, 0x01, 0xFF, 0xC0, 0x00, 0x1F,
    0xF8, 0x00, 0x02, 0xFF, 0x40, 0x00, 0x3F, 0xF0, 0x00, 0x03, 0xFF, 0x00, 0x00, 0x7F, 0xE0, 0x00,
    0x07, 0xFE, 0x00, 0x00, 0xBF, 0xD0, 0x00, 0x0F, 0xFC, 0x00, 0x00, 0xFF, 0xC0, 0x00, 0x1F, 0xF8,
    0x00, 0x01, 0xFF, 0x40, 0x00, 0x2F, 0xF4, 0x00, 0x03, 0xFF, 0x00, 0x00, 0x3F, 0xF0, 0x00, 0x07,
    0xFE, 0x00, 0x00, 0x00, 0x3F, 0xFC, 0x00, 0x0F, 0xFF, 0xE0, 0x07, 0xFE, 0xFF, 0x41, 0xFF, 0x03,
    0xFC, 0x7F, 0x80, 0x1F, 0xE0, 0x00, 0x00, 0x00, 0x00, 0x00, 0x00, 0x00, 0x0B, 0xFD, 0x00, 0x00,
    0xFF, 0xC0, 0x00, 0x0F, 0xFC, 0x00, 0x01, 0xFF, 0xC0, 0x00, 0x1F, 0xF8, 0x00, 0x02, 0xFF, 0x40,
    0x00, 0x3F, 0xF0, 0x00, 0x03, 0xFF, 0x00, 0x00, 0x7F, 0xE0, 0x00, 0x07, 0xFE, 0x00, 0x00, 0xBF,
    0xD0, 0x00, 0x0F, 0xFC, 0x00, 0x00, 0xFF, 0xC0, 0x00, 0x1F, 0xF8, 0x00, 0x01, 0xFF, 0x40, 0x00,
    0x2F, 0xF4, 0x00, 0x03, 0xFF, 0x00, 0x00, 0x3F, 0xF0, 0x00, 0x07, 0xFE, 0x00, 0x00, 0x02, 0xF4,
    0x2F, 0x42, 0xFE, 0x1F, 0xF0, 0xBF, 0x87, 0xFC, 0x1F, 0xC0, 0xFD, 0x00, 0x00, 0x00, 0x00, 0x00,
    0x00, 0x00, 0x00, 0x00, 0x00, 0x02, 0xFF, 0x40, 0x00, 0xFF, 0xC0, 0x00, 0x3F, 0xF0, 0x00, 0x1F,
    0xFC, 0x00, 0x07, 0xFE, 0x00, 0x02, 0xFF, 0x40, 0x00, 0xFF, 0xC0, 0x00, 0x3F, 0xF0, 0x00, 0x1F,
    0xF8, 0x00, 0x07, 0xFE, 0x00, 0x02, 0xFF, 0x40, 0x00, 0xFF, 0xC0, 0x00, 0x3F, 0xF0, 0x00, 0x1F,
    0xF8, 0x00, 0x07, 0xFD, 0x00, 0x02, 0xFF, 0x40, 0x00, 0xFF, 0xC0, 0x00, 0x3F, 0xF0, 0x00, 0x1F,
    0xF8, 0x00, 0x00, 0x00, 0x00, 0x10, 0x00, 0x00, 0x00, 0x0B, 0xC0, 0x7C, 0x00, 0x01, 0xFF, 0xAF,
    0xE0, 0x00, 0x2F, 0xFF, 0xFC, 0x00, 0x00, 0x7F, 0xFD, 0x00, 0x00, 0x1F, 0xFF, 0xC0, 0x00, 0x0B,
    0xFF, 0xFE, 0x00, 0x00, 0xBF, 0x6F, 0xF0, 0x00, 0x03, 0x40, 0xFF, 0x40, 0x00, 0x00, 0x0B, 0xF8,
    0x00, 0x2F, 0xF8, 0x7F, 0xC0, 0x1F, 0xFF, 0xF7, 0xFC, 0x07, 0xFF, 0xFF, 0xFF, 0xC0, 0xFF, 0xFF,
    0xFF, 0xFC, 0x2F, 0xFE, 0x07, 0xFF, 0xC3, 0xFF, 0x40, 0x2F, 0xFC, 0x7F, 0xF0, 0x01, 0xFF, 0xCB,
    0xFD, 0x00, 0x1F, 0xF8, 0xFF, 0xD0, 0x02, 0xFF, 0x8F, 0xFC, 0x00, 0x3F, 0xF4, 0xFF, 0xC0, 0x07,
    0xFF, 0x0B, 0xFD, 0x00, 0xFF, 0xE0, 0x7F, 0xF4, 0x7F, 0xFC, 0x03, 0xFF, 0xFF, 0xFF, 0x40, 0x1F,
    0xFF, 0xFF, 0xE0, 0x00, 0xBF, 0xFF, 0xF4, 0x00, 0x00, 0xBF, 0xF4, 0x00, 0x00, 0x00, 0x00, 0x00,
    0x00, 0x00, 0x00, 0x00, 0x7F, 0xD0, 0x3F, 0x00, 0x01, 0xFF, 0xF9, 0xFD, 0x00, 0x03, 0xFF, 0xFF,
    0xFC, 0x00, 0x07, 0xE5, 0xFF, 0xF4, 0x00, 0x0B, 0xC0, 0x2F, 0xD0, 0x00, 0x00, 0x00, 0x00, 0x00,
    0x00, 0x00, 0x00, 0x00, 0x00, 0x00, 0xBF, 0x02, 0xFE, 0x00, 0x00, 0xFF, 0x0F, 0xFF, 0xD0, 0x00,
    0xFF, 0x3F, 0xFF, 0xF0, 0x00, 0xFF, 0xFF, 0xFF, 0xF0, 0x01, 0xFF, 0xF4, 0x7F, 0xF4, 0x02, 0xFF,
    0xD0, 0x2F, 0xF4, 0x03, 0xFF, 0x80, 0x2F, 0xF4, 0x03, 0xFF, 0x40, 0x2F, 0xF0, 0x07, 0xFF, 0x00,
    0x3F, 0xF0, 0x07, 0xFE, 0x00, 0x3F, 0xF0, 0x0B, 0xFD, 0x00, 0x7F, 0xE0, 0x0F, 0xFC, 0x00, 0x7F,
    0xD0, 0x0F, 0xFC, 0x00, 0xBF, 0xC0, 0x1F, 0xF8, 0x00, 0xFF, 0xC0, 0x1F, 0xF4, 0x00, 0xFF, 0xC0,
    0x2F, 0xF0, 0x01, 0xFF, 0x80, 0x3F, 0xF0, 0x01, 0xFF, 0x40, 0x3F, 0xF0, 0x02, 0xFF, 0x00, 0x7F,
    0xE0, 0x03, 0xFF, 0x00, 0x00, 0x07, 0xFE, 0x00, 0x00, 0x00, 0x3F, 0xF0, 0x00, 0x00, 0x00, 0xFF,
    0x40, 0x00, 0x00, 0x03, 0xFC, 0x00, 0x00, 0x00, 0x0F, 0xD0, 0x00, 0x00, 0x00, 0x00, 0x00, 0x00,
    0x00, 0x00, 0x00, 0x00, 0x00, 0x6F, 0xF9, 0x00, 0x00, 0x3F, 0xFF, 0xF8, 0x00, 0x1F, 0xFF, 0xFF,
    0xE0, 0x03, 0xFF, 0xFF, 0xFF, 0x00, 0xBF, 0xF4, 0x3F, 0xF8, 0x1F, 0xFD, 0x00, 0xFF, 0xC2, 0xFF,
    0x80, 0x0F, 0xFC, 0x3F, 0xF0, 0x00, 0xFF, 0xC3, 0xFF, 0x00, 0x0F, 0xFC, 0x7F, 0xE0, 0x00, 0xFF,
    0xC7, 0xFE, 0x00, 0x1F, 0xF8, 0xBF, 0xD0, 0x02, 0xFF, 0x8B, 0xFD, 0x00, 0x3F, 0xF0, 0x7F, 0xE0,
    0x0B, 0xFF, 0x03, 0xFF, 0x42, 0xFF, 0xD0, 0x2F, 0xFF, 0xFF, 0xF8, 0x00, 0xFF, 0xFF, 0xFF, 0x00,
    0x03, 0xFF, 0xFF, 0x80, 0x00, 0x07, 0xFF, 0x80, 0x00, 0x00, 0x00, 0x02, 0xFF, 0xC0, 0x00, 0x00,
    0x7F, 0xF0, 0x00, 0x00, 0x0F, 0xFC, 0x00, 0x00, 0x02, 0xFF, 0x00, 0x00, 0x00, 0x7F, 0x80, 0x00,
    0x00, 0x05, 0x50, 0x00, 0x00, 0x00, 0x00, 0x00, 0x00, 0x00, 0x6F, 0xF9, 0x00, 0x00, 0x3F, 0xFF,
    0xF8, 0x00, 0x1F, 0xFF, 0xFF, 0xE0, 0x03, 0xFF, 0xFF, 0xFF, 0x00, 0xBF, 0xF4, 0x3F, 0xF8, 0x1F,
    0xFD, 0x00, 0xFF, 0xC2, 0xFF, 0x80, 0x0F, 0xFC, 0x3F, 0xF0, 0x00, 0xFF, 0xC3, 0xFF, 0x00, 0x0F,
    0xFC, 0x7F, 0xE0, 0x00, 0xFF, 0xC7, 0xFE, 0x00, 0x1F, 0xF8, 0xBF, 0xD0, 0x02, 0xFF, 0x8B, 0xFD,
    0x00, 0x3F, 0xF0, 0x7F, 0xE0, 0x0B, 0xFF, 0x03, 0xFF, 0x42, 0xFF, 0xD0, 0x2F, 0xFF, 0xFF, 0xF8,
    0x00, 0xFF, 0xFF, 0xFF, 0x00, 0x03, 0xFF, 0xFF, 0x80, 0x00, 0x07, 0xFF, 0x80, 0x00, 0x00, 0x00,
    0xBF, 0xF8, 0x00, 0x00, 0x2F, 0xFF, 0xC0, 0x00, 0x0B, 0xFE, 0xFF, 0x00, 0x02, 0xFE, 0x0B, 0xF4,
    0x00, 0xFF, 0x40, 0x2F, 0xC0, 0x00, 0x00, 0x00, 0x00, 0x00, 0x00, 0x00, 0x00, 0x00, 0x00, 0x6F,
    0xF9, 0x00, 0x00, 0x3F, 0xFF, 0xF8, 0x00, 0x1F, 0xFF, 0xFF, 0xE0, 0x03, 0xFF, 0xFF, 0xFF, 0x00,
    0xBF, 0xF4, 0x3F, 0xF8, 0x1F, 0xFD, 0x00, 0xFF, 0xC2, 0xFF, 0x80, 0x0F, 0xFC, 0x3F, 0xF0, 0x00,
    0xFF, 0xC3, 0xFF, 0x00, 0x0F, 0xFC, 0x7F, 0xE0, 0x00, 0xFF, 0xC7, 0xFE, 0x00, 0x1F, 0xF8, 0xBF,
    0xD0, 0x02, 0xFF, 0x8B, 0xFD, 0x00, 0x3F, 0xF0, 0x7F, 0xE0, 0x0B, 0xFF, 0x03, 0xFF, 0x42, 0xFF,
    0xD0, 0x2F, 0xFF, 0xFF, 0xF8, 0x00, 0xFF, 0xFF, 0xFF, 0x00, 0x03, 0xFF, 0xFF, 0x80, 0x00, 0x07,
    0xFF, 0x80, 0x00, 0x00, 0x00, 0x00, 0x00, 0x00, 0x00, 0x0F, 0xF4, 0x0B, 0xC0, 0x00, 0xFF, 0xFE,
    0xBF, 0x00, 0x0B, 0xFF, 0xFF, 0xF4, 0x00, 0x3F, 0x5F, 0xFF, 0x80, 0x01, 0xF4, 0x07, 0xF4, 0x00,
    0x00, 0x00, 0x00, 0x00, 0x00, 0x00, 0x00, 0x00, 0x00, 0x00, 0x06, 0xFF, 0x90, 0x00, 0x00, 0xFF,
    0xFF, 0xE0, 0x00, 0x1F, 0xFF, 0xFF, 0xE0, 0x00, 0xFF, 0xFF, 0xFF, 0xC0, 0x0B, 0xFF, 0x43, 0xFF,
    0x80, 0x7F, 0xF4, 0x03, 0xFF, 0x02, 0xFF, 0x80, 0x0F, 0xFC, 0x0F, 0xFC, 0x00, 0x3F, 0xF0, 0x3F,
    0xF0, 0x00, 0xFF, 0xC1, 0xFF, 0x80, 0x03, 0xFF, 0x07, 0xFE, 0x00, 0x1F, 0xF8, 0x2F, 0xF4, 0x00,
    0xBF, 0xE0, 0xBF, 0xD0, 0x03, 0xFF, 0x01, 0xFF, 0x80, 0x2F, 0xFC, 0x03, 0xFF, 0x42, 0xFF, 0xD0,
    0x0B, 0xFF, 0xFF, 0xFE, 0x00, 0x0F, 0xFF, 0xFF, 0xF0, 0x00, 0x0F, 0xFF, 0xFE, 0x00, 0x00, 0x07,
    0xFF, 0x80, 0x00, 0x00, 0x00, 0x07, 0xE0, 0x3F, 0x00, 0x00, 0xFF, 0x4F, 0xF8, 0x00, 0x0F, 0xF0,
    0xFF, 0x40, 0x00, 0xBE, 0x0B, 0xE0, 0x00, 0x00, 0x00, 0x00, 0x00, 0x00, 0x00, 0x00, 0x00, 0x00,
    0x00, 0x00, 0x00, 0x00, 0x00, 0x6F, 0xF9, 0x00, 0x00, 0x3F, 0xFF, 0xF8, 0x00, 0x1F, 0xFF, 0xFF,
    0xE0, 0x03, 0xFF, 0xFF, 0xFF, 0x00, 0xBF, 0xF4, 0x3F, 0xF8, 0x1F, 0xFD, 0x00, 0xFF, 0xC2, 0xFF,
    0x80, 0x0F, 0xFC, 0x3F, 0xF0, 0x00, 0xFF, 0xC3, 0xFF, 0x00, 0x0F, 0xFC, 0x7F, 0xE0, 0x00, 0xFF,
    0xC7, 0xFE, 0x00, 0x1F, 0xF8, 0xBF, 0xD0, 0x02, 0xFF, 0x8B, 0xFD, 0x00, 0x3F, 0xF0, 0x7F, 0xE0,
    0x0B, 0xFF, 0x03, 0xFF, 0x42, 0xFF, 0xD0, 0x2F, 0xFF, 0xFF, 0xF8, 0x00, 0xFF, 0xFF, 0xFF, 0x00,
    0x03, 0xFF, 0xFF, 0x80, 0x00, 0x07, 0xFF, 0x80, 0x00, 0x00, 0x02, 0xF4, 0x00, 0x00, 0x01, 0xFF,
    0x00, 0x00, 0x00, 0x7F, 0xC0, 0x00, 0x00, 0x1F, 0xF0, 0x00, 0x00, 0x02, 0xF4, 0x00, 0x00, 0x00,
    0x00, 0x00, 0x00, 0x00, 0x00, 0x00, 0x00, 0xFF, 0xFF, 0xFF, 0xFF, 0x3F, 0xFF, 0xFF, 0xFF, 0xCF,
    0xFF, 0xFF, 0xFF, 0xF3, 0xFF, 0xFF, 0xFF, 0xFC, 0x00, 0x00, 0x00, 0x00, 0x00, 0x02, 0xF4, 0x00,
    0x00, 0x01, 0xFF, 0x00, 0x00, 0x00, 0x7F, 0xC0, 0x00, 0x00, 0x1F, 0xF0, 0x00, 0x00, 0x02, 0xF4,
    0x00, 0x00, 0x00, 0x00, 0x00, 0x00, 0x00, 0x00, 0x06, 0xFF, 0x9F, 0x40, 0x00, 0xFF, 0xFF, 0xFF,
    0x00, 0x1F, 0xFF, 0xFF, 0xF4, 0x00, 0xFF, 0xFF, 0xFF, 0xC0, 0x0F, 0xFF, 0x43, 0xFF, 0x80, 0x7F,
    0xF0, 0x2F, 0xFF, 0x02, 0xFF, 0x41, 0xFF, 0xFC, 0x0F, 0xFC, 0x1F, 0xFF, 0xF0, 0x3F, 0xE0, 0xFD,
    0xFF, 0xC1, 0xFF, 0x4F, 0xE3, 0xFF, 0x07, 0xFD, 0xFF, 0x0F, 0xF8, 0x2F, 0xFF, 0xF0, 0x7F, 0xE0,
    0xBF, 0xFF, 0x03, 0xFF, 0x01, 0xFF, 0xF4, 0x2F, 0xFC, 0x03, 0xFF, 0x82, 0xFF, 0xD0, 0x0B, 0xFF,
    0xFF, 0xFE, 0x00, 0x3F, 0xFF, 0xFF, 0xF0, 0x02, 0xFF, 0xFF, 0xFE, 0x00, 0x0F, 0xD6, 0xFF, 0x80,
    0x00, 0x0E, 0x00, 0x00, 0x00, 0x00, 0x00, 0x00, 0x00, 0x00, 0x00, 0x00, 0x03, 0xFF, 0x00, 0x00,
    0x00, 0x07, 0xFE, 0x00, 0x00, 0x00, 0x0B, 0xFC, 0x00, 0x00, 0x00, 0x0B, 0xF4, 0x00, 0x00, 0x00,
    0x0B, 0xF0, 0x00, 0x00, 0x00, 0x00, 0x00, 0x00, 0x00, 0x00, 0x00, 0x00, 0x00, 0xFF, 0xC0, 0x07,
    0xFD, 0x03, 0xFF, 0x00, 0x2F, 0xF4, 0x0F, 0xF8, 0x00, 0xFF, 0xC0, 0x7F, 0xD0, 0x03, 0xFF, 0x02,
    0xFF, 0x40, 0x1F, 0xF8, 0x0F, 0xFC, 0x00, 0x7F, 0xD0, 0x3F, 0xF0, 0x02, 0xFF, 0x01, 0xFF, 0x80,
    0x0F, 0xFC, 0x07, 0xFD, 0x00, 0x3F, 0xF0, 0x2F, 0xF0, 0x01, 0xFF, 0x80, 0xFF, 0xC0, 0x0B, 0xFD,
    0x03, 0xFF, 0x00, 0x3F, 0xF0, 0x0F, 0xF8, 0x02, 0xFF, 0xC0, 0x3F, 0xE0, 0x0F, 0xFF, 0x00, 0xFF,
    0xD1, 0xFF, 0xF8, 0x03, 0xFF, 0xFF, 0xFF, 0xD0, 0x0B, 0xFF, 0xFC, 0xFF, 0x00, 0x0F, 0xFF, 0xD3,
    0xFC, 0x00, 0x0B, 0xF8, 0x0F, 0xF0, 0x00, 0x00, 0x00, 0x00, 0xFF, 0xD0, 0x00, 0x00, 0x0F, 0xFD,
    0x00, 0x00, 0x00, 0xBF, 0xD0, 0x00, 0x00, 0x07, 0xFC, 0x00, 0x00, 0x00, 0x3F, 0x80, 0x00, 0x00,
    0x00, 0x00, 0x00, 0x00, 0x00, 0x00, 0x00, 0x00, 0x00, 0xFF, 0xC0, 0x07, 0xFD, 0x03, 0xFF, 0x00,
    0x2F, 0xF4, 0x0F, 0xF8, 0x00, 0xFF, 0xC0, 0x7F, 0xD0, 0x03, 0xFF, 0x02, 0xFF, 0x40, 0x1F, 0xF8,
    0x0F, 0xFC, 0x00, 0x7F, 0xD0, 0x3F, 0xF0, 0x02, 0xFF, 0x01, 0xFF, 0x80, 0x0F, 0xFC, 0x07, 0xFD,
    0x00, 0x3F, 0xF0, 0x2F, 0xF0, 0x01, 0xFF, 0x80, 0xFF, 0xC0, 0x0B, 0xFD, 0x03, 0xFF, 0x00, 0x3F,
    0xF0, 0x0F, 0xF8, 0x02, 0xFF, 0xC0, 0x3F, 0xE0, 0x0F, 0xFF, 0x00, 0xFF, 0xD1, 0xFF, 0xF8, 0x03,
    0xFF, 0xFF, 0xFF, 0xD0, 0x0B, 0xFF, 0xFC, 0xFF, 0x00, 0x0F, 0xFF, 0xD3, 0xFC, 0x00, 0x0B, 0xF8,
    0x0F, 0xF0, 0x00, 0x00, 0x00, 0x3F, 0xFC, 0x00, 0x00, 0x03, 0xFF, 0xF8, 0x00, 0x00, 0x7F, 0xEF,
    0xF0, 0x00, 0x07, 0xFC, 0x0F, 0xF0, 0x00, 0x7F, 0x80, 0x1F, 0xE0, 0x00, 0x00, 0x00, 0x00, 0x00,
    0x00, 0x00, 0x00, 0x00, 0x00, 0xFF, 0xC0, 0x07, 0xFD, 0x03, 0xFF, 0x00, 0x2F, 0xF4, 0x0F, 0xF8,
    0x00, 0xFF, 0xC0, 0x7F, 0xD0, 0x03, 0xFF, 0x02, 0xFF, 0x40, 0x1F, 0xF8, 0x0F, 0xFC, 0x00, 0x7F,
    0xD0, 0x3F, 0xF0, 0x02, 0xFF, 0x01, 0xFF, 0x80, 0x0F, 0xFC, 0x07, 0xFD, 0x00, 0x3F, 0xF0, 0x2F,
    0xF0, 0x01, 0xFF, 0x80, 0xFF, 0xC0, 0x0B, 0xFD, 0x03, 0xFF, 0x00, 0x3F, 0xF0, 0x0F, 0xF8, 0x02,
    0xFF, 0xC0, 0x3F, 0xE0, 0x0F, 0xFF, 0x00, 0xFF, 0xD1, 0xFF, 0xF8, 0x03, 0xFF, 0xFF, 0xFF, 0xD0,
    0x0B, 0xFF, 0xFC, 0xFF, 0x00, 0x0F, 0xFF, 0xD3, 0xFC, 0x00, 0x0B, 0xF8, 0x0F, 0xF0, 0x00, 0x00,
    0x03, 0xF4, 0x2F, 0x40, 0x00, 0x2F, 0xE1, 0xFF, 0x00, 0x00, 0xBF, 0x8B, 0xFC, 0x00, 0x01, 0xFC,
    0x0F, 0xD0, 0x00, 0x00, 0x00, 0x00, 0x00, 0x00, 0x00, 0x00, 0x00, 0x00, 0x00, 0x00, 0x00, 0x00,
    0x00, 0xFF, 0xC0, 0x07, 0xFD, 0x03, 0xFF, 0x00, 0x2F, 0xF4, 0x0F, 0xF8, 0x00, 0xFF, 0xC0, 0x7F,
    0xD0, 0x03, 0xFF, 0x02, 0xFF, 0x40, 0x1F, 0xF8, 0x0F, 0xFC, 0x00, 0x7F, 0xD0, 0x3F, 0xF0, 0x02,
    0xFF, 0x01, 0xFF, 0x80, 0x0F, 0xFC, 0x07, 0xFD, 0x00, 0x3F, 0xF0, 0x2F, 0xF0, 0x01, 0xFF, 0x80,
    0xFF, 0xC0, 0x0B, 0xFD, 0x03, 0xFF, 0x00, 0x3F, 0xF0, 0x0F, 0xF8, 0x02, 0xFF, 0xC0, 0x3F, 0xE0,
    0x0F, 0xFF, 0x00, 0xFF, 0xD1, 0xFF, 0xF8, 0x03, 0xFF, 0xFF, 0xFF, 0xD0, 0x0B, 0xFF, 0xFC, 0xFF,
    0x00, 0x0F, 0xFF, 0xD3, 0xFC, 0x00, 0x0B, 0xF8, 0x0F, 0xF0, 0x00, 0x00, 0x00, 0x00, 0x0F, 0xFD,
    0x00, 0x00, 0x00, 0x00, 0xBF, 0xE0, 0x00, 0x00, 0x00, 0x0B, 0xFD, 0x00, 0x00, 0x00, 0x00, 0x7F,
    0xD0, 0x00, 0x00, 0x00, 0x03, 0xFC, 0x00, 0x00, 0x00, 0x00, 0x00, 0x00, 0x00, 0x00, 0x00, 0x00,
    0x00, 0x00, 0x00, 0x00, 0x1F, 0xF8, 0x00, 0x2F, 0xFC, 0x00, 0x3F, 0xE0, 0x00, 0xFF, 0xD0, 0x00,
    0xFF, 0x80, 0x07, 0xFE, 0x00, 0x03, 0xFF, 0x00, 0x3F, 0xF0, 0x00, 0x0B, 0xFC, 0x01, 0xFF, 0x80,
    0x00, 0x2F, 0xF0, 0x0F, 0xFC, 0x00, 0x00, 0x7F, 0xC0, 0x7F, 0xE0, 0x00, 0x01, 0xFF, 0x03, 0xFF,
    0x00, 0x00, 0x03, 0xFD, 0x1F, 0xF8, 0x00, 0x00, 0x0F, 0xF4, 0xBF, 0xC0, 0x00, 0x00, 0x3F, 0xE3,
    0xFE, 0x00, 0x00, 0x00, 0xBF, 0xAF, 0xF0, 0x00, 0x00, 0x02, 0xFE, 0xFF, 0x80, 0x00, 0x00, 0x07,
    0xFF, 0xFC, 0x00, 0x00, 0x00, 0x1F, 0xFF, 0xE0, 0x00, 0x00, 0x00, 0x3F, 0xFF, 0x00, 0x00, 0x00,
    0x00, 0xFF, 0xF8, 0x00, 0x00, 0x00, 0x03, 0xFF, 0xC0, 0x00, 0x00, 0x00, 0x0B, 0xFD, 0x00, 0x00,
    0x00, 0x00, 0x3F, 0xF0, 0x00, 0x00, 0x00, 0x02, 0xFF, 0x40, 0x00, 0x00, 0x00, 0x1F, 0xFC, 0x00,
    0x00, 0x00, 0x02, 0xFF, 0xD0, 0x00, 0x00, 0x07, 0xFF, 0xFE, 0x00, 0x00, 0x00, 0x1F, 0xFF, 0xF0,
    0x00, 0x00, 0x00, 0x7F, 0xFE, 0x00, 0x00, 0x00, 0x00, 0xFF, 0x80, 0x00, 0x00, 0x00, 0x00, 0x00,
    0x00, 0xFF, 0xC0, 0x00, 0x00, 0x00, 0x7F, 0xE0, 0x00, 0x00, 0x00, 0x2F, 0xF4, 0x00, 0x00, 0x00,
    0x0F, 0xFC, 0x00, 0x00, 0x00, 0x03, 0xFF, 0x00, 0x00, 0x00, 0x00, 0xFF, 0xC0, 0x00, 0x00, 0x00,
    0x7F, 0xE0, 0x00, 0x00, 0x00, 0x2F, 0xF4, 0xBF, 0x40, 0x00, 0x0F, 0xFD, 0xFF, 0xFC, 0x00, 0x03,
    0xFF, 0xFF, 0xFF, 0x80, 0x00, 0xFF, 0xFF, 0xFF, 0xF0, 0x00, 0x7F, 0xFC, 0x1F, 0xFC, 0x00, 0x2F,
    0xFC, 0x03, 0xFF, 0x40, 0x0F, 0xFD, 0x00, 0xBF, 0xD0, 0x03, 0xFF, 0x00, 0x2F, 0xF4, 0x01, 0xFF,
    0x40, 0x0F, 0xFD, 0x00, 0x7F, 0xC0, 0x03, 0xFF, 0x00, 0x2F, 0xF0, 0x00, 0xFF, 0xC0, 0x0F, 0xFC,
    0x00, 0xBF, 0xE0, 0x03, 0xFF, 0x00, 0x3F, 0xF4, 0x01, 0xFF, 0xC0, 0x2F, 0xFC, 0x00, 0xBF, 0xFC,
    0x2F, 0xFD, 0x00, 0x2F, 0xFF, 0xFF, 0xFF, 0x00, 0x0F, 0xFF, 0xFF, 0xFF, 0x00, 0x03, 0xFE, 0x7F,
    0xFF, 0x00, 0x01, 0xFF, 0x82, 0xFD, 0x00, 0x00, 0xBF, 0xD0, 0x00, 0x00, 0x00, 0x2F, 0xF0, 0x00,
    0x00, 0x00, 0x0F, 0xFC, 0x00, 0x00, 0x00, 0x03, 0xFF, 0x00, 0x00, 0x00, 0x01, 0xFF, 0x80, 0x00,
    0x00, 0x00, 0xBF, 0xD0, 0x00, 0x00, 0x00, 0x3F, 0xF0, 0x00, 0x00, 0x00, 0x0F, 0xFC, 0x00, 0x00,
    0x00, 0x00, 0x00, 0x00, 0x2F, 0x42, 0xF8, 0x00, 0x00, 0x01, 0xFF, 0x0F, 0xF0, 0x00, 0x00, 0x0B,
    0xFC, 0x7F, 0xC0, 0x00, 0x00, 0x0F, 0xC0, 0xFD, 0x00, 0x00, 0x00, 0x00, 0x00, 0x00, 0x00, 0x00,
    0x00, 0x00, 0x00, 0x00, 0x00, 0x00, 0x00, 0x00, 0x00, 0x00, 0x00, 0x1F, 0xF8, 0x00, 0x2F, 0xFC,
    0x00, 0x3F, 0xE0, 0x00, 0xFF, 0xD0, 0x00, 0xFF, 0x80, 0x07, 0xFE, 0x00, 0x03, 0xFF, 0x00, 0x3F,
    0xF0, 0x00, 0x0B, 0xFC, 0x01, 0xFF, 0x80, 0x00, 0x2F, 0xF0, 0x0F, 0xFC, 0x00, 0x00, 0x7F, 0xC0,
    0x7F, 0xE0, 0x00, 0x01, 0xFF, 0x03, 0xFF, 0x00, 0x00, 0x03, 0xFD, 0x1F, 0xF8, 0x00, 0x00, 0x0F,
    0xF4, 0xBF, 0xC0, 0x00, 0x00, 0x3F, 0xE3, 0xFE, 0x00, 0x00, 0x00, 0xBF, 0xAF, 0xF0, 0x00, 0x00,
    0x02, 0xFE, 0xFF, 0x80, 0x00, 0x00, 0x07, 0xFF, 0xFC, 0x00, 0x00, 0x00, 0x1F, 0xFF, 0xE0, 0x00,
    0x00, 0x00, 0x3F, 0xFF, 0x00, 0x00, 0x00, 0x00, 0xFF, 0xF8, 0x00, 0x00, 0x00, 0x03, 0xFF, 0xC0,
    0x00, 0x00, 0x00, 0x0B, 0xFD, 0x00, 0x00, 0x00, 0x00, 0x3F, 0xF0, 0x00, 0x00, 0x00, 0x02, 0xFF,
    0x40, 0x00, 0x00, 0x00, 0x1F, 0xFC, 0x00, 0x00, 0x00, 0x02, 0xFF, 0xD0, 0x00, 0x00, 0x07, 0xFF,
    0xFE, 0x00, 0x00, 0x00, 0x1F, 0xFF, 0xF0, 0x00, 0x00, 0x00, 0x7F, 0xFE, 0x00, 0x00, 0x00, 0x00,
    0xFF, 0x80, 0x00, 0x00, 0x00, 0x00, 0x00, 0x00, 0x02, 0xFF, 0xFF, 0xE0, 0x00, 0x00, 0x3F, 0xFF,
    0xFD, 0x00, 0x00, 0x03, 0xFF, 0xFF, 0xC0, 0x00, 0x00, 0x00, 0x00, 0x00, 0x00, 0x00, 0x00, 0x00,
    0x00, 0x00, 0x00, 0x00, 0x00, 0x00, 0x00, 0x00, 0x00, 0x00, 0xFF, 0xF8, 0x00, 0x00, 0x00, 0x1F,
    0xFF, 0x80, 0x00, 0x00, 0x03, 0xFF, 0xFC, 0x00, 0x00, 0x00, 0x7F, 0xFF, 0xC0, 0x00, 0x00, 0x0F,
    0xFB, 0xFC, 0x00, 0x00, 0x01, 0xFF, 0x3F, 0xC0, 0x00, 0x00, 0x3F, 0xE3, 0xFC, 0x00, 0x00, 0x07,
    0xFC, 0x3F, 0xD0, 0x00, 0x00, 0xFF, 0x83, 0xFD, 0x00, 0x00, 0x1F, 0xF0, 0x3F, 0xD0, 0x00, 0x03,
    0xFE, 0x03, 0xFE, 0x00, 0x00, 0xBF, 0xC0, 0x2F, 0xE0, 0x00, 0x0F, 0xFC, 0x02, 0xFF, 0x00, 0x02,
    0xFF, 0x40, 0x2F, 0xF0, 0x00, 0x3F, 0xFF, 0xFF, 0xFF, 0x00, 0x0B, 0xFF, 0xFF, 0xFF, 0xF0, 0x00,
    0xFF, 0xFF, 0xFF, 0xFF, 0x00, 0x2F, 0xFF, 0xFF, 0xFF, 0xF4, 0x03, 0xFF, 0x00, 0x01, 0xFF, 0x40,
    0xBF, 0xD0, 0x00, 0x0F, 0xF4, 0x0F, 0xFC, 0x00, 0x00, 0xFF, 0x82, 0xFF, 0x40, 0x00, 0x0F, 0xF8,
    0x3F, 0xF0, 0x00, 0x00, 0xFF, 0xCB, 0xFD, 0x00, 0x00, 0x0F, 0xFC, 0x00, 0x07, 0xFF, 0xFF, 0x80,
    0x00, 0x2F, 0xFF, 0xFD, 0x00, 0x00, 0xFF, 0xFF, 0xF0, 0x00, 0x00, 0x00, 0x00, 0x00, 0x00, 0x00,
    0x00, 0x00, 0x00, 0x00, 0x2F, 0xF4, 0x3F, 0xC0, 0x07, 0xFF, 0xF4, 0xFF, 0x00, 0x3F, 0xFF, 0xFB,
    0xFC, 0x03, 0xFF, 0xFF, 0xFF, 0xE0, 0x2F, 0xFE, 0x0F, 0xFF, 0x40, 0xFF, 0xE0, 0x1F, 0xFC, 0x07,
    0xFF, 0x00, 0x3F, 0xF0, 0x3F, 0xF4, 0x00, 0xFF, 0x80, 0xFF, 0xC0, 0x03, 0xFE, 0x07, 0xFF, 0x00,
    0x1F, 0xF4, 0x1F, 0xF8, 0x00, 0xBF, 0xC0, 0xBF, 0xE0, 0x03, 0xFF, 0x02, 0xFF, 0x80, 0x1F, 0xF8,
    0x07, 0xFF, 0x00, 0xFF, 0xE0, 0x1F, 0xFD, 0x1F, 0xFF, 0x40, 0x3F, 0xFF, 0xFF, 0xFC, 0x00, 0xBF,
    0xFF, 0xEF, 0xF0, 0x00, 0xFF, 0xFD, 0x7F, 0x80, 0x00, 0xBF, 0x82, 0xFD, 0x00, 0x00, 0x00, 0x07,
    0xE0, 0x02, 0xF4, 0x00, 0x00, 0x1F, 0xD0, 0x2F, 0xC0, 0x00, 0x00, 0x3F, 0xFF, 0xFD, 0x00, 0x00,
    0x00, 0x7F, 0xFF, 0xE0, 0x00, 0x00, 0x00, 0x2F, 0xF8, 0x00, 0x00, 0x00, 0x00, 0x00, 0x00, 0x00,
    0x00, 0x00, 0x00, 0x00, 0x00, 0x00, 0x00, 0x00, 0x00, 0x00, 0x00, 0x00, 0x00, 0x00, 0xFF, 0xF8,
    0x00, 0x00, 0x00, 0x07, 0xFF, 0xE0, 0x00, 0x00, 0x00, 0x3F, 0xFF, 0xC0, 0x00, 0x00, 0x01, 0xFF,
    0xFF, 0x00, 0x00, 0x00, 0x0F, 0xFB, 0xFC, 0x00, 0x00, 0x00, 0x7F, 0xCF, 0xF0, 0x00, 0x00, 0x03,
    0xFE, 0x3F, 0xC0, 0x00, 0x00, 0x1F, 0xF0, 0xFF, 0x40, 0x00, 0x00, 0xFF, 0x83, 0xFD, 0x00, 0x00,
    0x07, 0xFC, 0x0F, 0xF4, 0x00, 0x00, 0x3F, 0xE0, 0x3F, 0xE0, 0x00, 0x02, 0xFF, 0x00, 0xBF, 0x80,
    0x00, 0x0F, 0xFC, 0x02, 0xFF, 0x00, 0x00, 0xBF, 0xD0, 0x0B, 0xFC, 0x00, 0x03, 0xFF, 0xFF, 0xFF,
    0xF0, 0x00, 0x2F, 0xFF, 0xFF, 0xFF, 0xC0, 0x00, 0xFF, 0xFF, 0xFF, 0xFF, 0x00, 0x0B, 0xFF, 0xFF,
    0xFF, 0xFD, 0x00, 0x3F, 0xF0, 0x00, 0x1F, 0xF4, 0x02, 0xFF, 0x40, 0x00, 0x3F, 0xD0, 0x0F, 0xFC,
    0x00, 0x00, 0xFF, 0x80, 0xBF, 0xD0, 0x00, 0x03, 0xFE, 0x03, 0xFF, 0x00, 0x00, 0x0F, 0xFC, 0x2F,
    0xF4, 0x00, 0x00, 0x3F, 0xF0, 0x00, 0x0F, 0xC0, 0x07, 0xE0, 0x00, 0x3F, 0x80, 0x7F, 0x00, 0x00,
    0xBF, 0xFF, 0xF8, 0x00, 0x00, 0xFF, 0xFF, 0xC0, 0x00, 0x00, 0xBF, 0xE4, 0x00, 0x00, 0x00, 0x00,
    0x00, 0x00, 0x00, 0x00, 0x00, 0x00, 0x00, 0x02, 0xFF, 0x43, 0xFC, 0x00, 0x7F, 0xFF, 0x4F, 0xF0,
    0x03, 0xFF, 0xFF, 0xBF, 0xC0, 0x3F, 0xFF, 0xFF, 0xFE, 0x02, 0xFF, 0xE0, 0xFF, 0xF4, 0x0F, 0xFE,
    0x01, 0xFF, 0xC0, 0x7F, 0xF0, 0x03, 0xFF, 0x03, 0xFF, 0x40, 0x0F, 0xF8, 0x0F, 0xFC, 0x00, 0x3F,
    0xE0, 0x7F, 0xF0, 0x01, 0xFF, 0x41, 0xFF, 0x80, 0x0B, 0xFC, 0x0B, 0xFE, 0x00, 0x3F, 0xF0, 0x2F,
    0xF8, 0x01, 0xFF, 0x80, 0x7F, 0xF0, 0x0F, 0xFE, 0x01, 0xFF, 0xD1, 0xFF, 0xF4, 0x03, 0xFF, 0xFF,
    0xFF, 0xC0, 0x0B, 0xFF, 0xFE, 0xFF, 0x00, 0x0F, 0xFF, 0xD7, 0xF8, 0x00, 0x0B, 0xF8, 0x2F, 0xD0,
    0x00, 0x00, 0x00, 0x00, 0xFF, 0xF8, 0x00, 0x00, 0x00, 0x7F, 0xFE, 0x00, 0x00, 0x00, 0x3F, 0xFF,
    0xC0, 0x00, 0x00, 0x1F, 0xFF, 0xF0, 0x00, 0x00, 0x0F, 0xFB, 0xFC, 0x00, 0x00, 0x07, 0xFC, 0xFF,
    0x00, 0x00, 0x03, 0xFE, 0x3F, 0xC0, 0x00, 0x01, 0xFF, 0x0F, 0xF4, 0x00, 0x00, 0xFF, 0x83, 0xFD,
    0x00, 0x00, 0x7F, 0xC0, 0xFF, 0x40, 0x00, 0x3F, 0xE0, 0x3F, 0xE0, 0x00, 0x2F, 0xF0, 0x0B, 0xF8,
    0x00, 0x0F, 0xFC, 0x02, 0xFF, 0x00, 0x0B, 0xFD, 0x00, 0xBF, 0xC0, 0x03, 0xFF, 0xFF, 0xFF, 0xF0,
    0x02, 0xFF, 0xFF, 0xFF, 0xFC, 0x00, 0xFF, 0xFF, 0xFF, 0xFF, 0x00, 0xBF, 0xFF, 0xFF, 0xFF, 0xD0,
    0x3F, 0xF0, 0x00, 0x1F, 0xF4, 0x2F, 0xF4, 0x00, 0x03, 0xFD, 0x0F, 0xFC, 0x00, 0x00, 0xFF, 0x8B,
    0xFD, 0x00, 0x00, 0x3F, 0xE3, 0xFF, 0x00, 0x00, 0x0F, 0xFE, 0xFF, 0x40, 0x00, 0x03, 0xFF, 0x00,
    0x00, 0x00, 0x02, 0xF8, 0x00, 0x00, 0x00, 0x03, 0xF8, 0x00, 0x00, 0x00, 0x02, 0xFC, 0x00, 0x00,
    0x00, 0x00, 0xFD, 0x00, 0x00, 0x00, 0x00, 0x7F, 0x40, 0x00, 0x00, 0x00, 0x1F, 0xFF, 0x00, 0x00,
    0x00, 0x03, 0xFF, 0xC0, 0x00, 0x00, 0x00, 0x2F, 0xE0, 0x00, 0x0B, 0xFD, 0x0F, 0xF0, 0x01, 0xFF,
    0xFD, 0x3F, 0xC0, 0x0F, 0xFF, 0xFE, 0xFF, 0x00, 0xFF, 0xFF, 0xFF, 0xF8, 0x0B, 0xFF, 0x83, 0xFF,
    0xD0, 0x3F, 0xF8, 0x07, 0xFF, 0x01, 0xFF, 0xC0, 0x0F, 0xFC, 0x0F, 0xFD, 0x00, 0x3F, 0xE0, 0x3F,
    0xF0, 0x00, 0xFF, 0x81, 0xFF, 0xC0, 0x07, 0xFD, 0x07, 0xFE, 0x00, 0x2F, 0xF0, 0x2F, 0xF8, 0x00,
    0xFF, 0xC0, 0xBF, 0xE0, 0x07, 0xFE, 0x01, 0xFF, 0xC0, 0x3F, 0xF8, 0x07, 0xFF, 0x47, 0xFF, 0xD0,
    0x0F, 0xFF, 0xFF, 0xFF, 0x00, 0x2F, 0xFF, 0xFB, 0xFC, 0x00, 0x3F, 0xFF, 0x5F, 0xE0, 0x00, 0x2F,
    0xE0, 0xBF, 0x40, 0x00, 0x00, 0x07, 0xF0, 0x00, 0x00, 0x00, 0xBF, 0x00, 0x00, 0x00, 0x07, 0xF0,
    0x00, 0x00, 0x00, 0x3F, 0x80, 0x00, 0x00, 0x00, 0xFF, 0x00, 0x00, 0x00, 0x03, 0xFF, 0xD0, 0x00,
    0x00, 0x0B, 0xFF, 0x40, 0x00, 0x00, 0x0B, 0xFC, 0x00, 0x00, 0x00, 0x00, 0x00, 0x02, 0xAA, 0x00,
    0x00, 0x00, 0x03, 0xFF, 0x80, 0x00, 0x00, 0x01, 0xFF, 0x80, 0x00, 0x00, 0x00, 0xFF, 0x80, 0x00,
    0x00, 0x00, 0xFF, 0x40, 0x00, 0x00, 0x00, 0xBF, 0x40, 0x00, 0x00, 0x00, 0x00, 0x00, 0x00, 0x00,
    0x00, 0x00, 0x00, 0x00, 0x00, 0x00, 0x00, 0x00, 0x00, 0x00, 0x00, 0x06, 0xFF, 0xF8, 0x00, 0x00,
    0x1F, 0xFF, 0xFF, 0xF4, 0x00, 0x2F, 0xFF, 0xFF, 0xFD, 0x00, 0x2F, 0xFF, 0xFF, 0xFF, 0x00, 0x2F,
    0xFF, 0x40, 0x6F, 0x40, 0x1F, 0xFE, 0x00, 0x00, 0x40, 0x0F, 0xFF, 0x00, 0x00, 0x00, 0x07, 0xFF,
    0x00, 0x00, 0x00, 0x03, 0xFF, 0x40, 0x00, 0x00, 0x00, 0xFF, 0xC0, 0x00, 0x00, 0x00, 0x7F, 0xE0,
    0x00, 0x00, 0x00, 0x2F, 0xF4, 0x00, 0x00, 0x00, 0x0F, 0xFD, 0x00, 0x00, 0x00, 0x03, 0xFF, 0x00,
    0x00, 0x00, 0x00, 0xFF, 0xC0, 0x00, 0x00, 0x00, 0x3F, 0xF0, 0x00, 0x00, 0x00, 0x0F, 0xFD, 0x00,
    0x00, 0x00, 0x03, 0xFF, 0x80, 0x00, 0x00, 0x00, 0xBF, 0xF4, 0x00, 0x00, 0x00, 0x0F, 0xFF, 0x80,
    0x5B, 0x40, 0x02, 0xFF, 0xFF, 0xFF, 0xD0, 0x00, 0x3F, 0xFF, 0xFF, 0xF4, 0x00, 0x02, 0xFF, 0xFF,
    0xFC, 0x00, 0x00, 0x0B, 0xFF, 0xE4, 0x00, 0x00, 0x00, 0x00, 0x0B, 0xFF, 0x00, 0x00, 0x03, 0xFF,
    0x00, 0x00, 0x03, 0xFF, 0x00, 0x00, 0x02, 0xFF, 0x00, 0x00, 0x01, 0xFE, 0x00, 0x00, 0x00, 0x55,
    0x00, 0x00, 0x00, 0x00, 0x00, 0x00, 0x00, 0x1B, 0xFF, 0x90, 0x00, 0x2F, 0xFF, 0xFD, 0x00, 0x3F,
    0xFF, 0xFF, 0x00, 0x3F, 0xFF, 0xFF, 0x80, 0x2F, 0xFE, 0x01, 0xC0, 0x0F, 0xFD, 0x00, 0x00, 0x0B,
    0xFF, 0x00, 0x00, 0x03, 0xFF, 0x40, 0x00, 0x00, 0xFF, 0xC0, 0x00, 0x00, 0x7F, 0xE0, 0x00, 0x00,
    0x1F, 0xF8, 0x00, 0x00, 0x0B, 0xFE, 0x00, 0x00, 0x01, 0xFF, 0x80, 0x00, 0x00, 0x7F, 0xF0, 0x00,
    0x00, 0x0F, 0xFE, 0x01, 0xE0, 0x03, 0xFF, 0xFF, 0xF8, 0x00, 0x3F, 0xFF, 0xFE, 0x00, 0x07, 0xFF,
    0xFF, 0x80, 0x00, 0x2F, 0xFE, 0x00, 0x00, 0x00, 0x00, 0x02, 0xFF, 0xE0, 0x00, 0x00, 0x02, 0xFF,
    0xFC, 0x00, 0x00, 0x02, 0xFF, 0xBF, 0xC0, 0x00, 0x02, 0xFE, 0x0B, 0xF4, 0x00, 0x03, 0xFD, 0x00,
    0xBF, 0x00, 0x00, 0x00, 0x00, 0x00, 0x00, 0x00, 0x00, 0x00, 0x00, 0x00, 0x00, 0x00, 0x00, 0x00,
    0x00, 0x00, 0x00, 0x1B, 0xFF, 0xE0, 0x00, 0x00, 0x7F, 0xFF, 0xFF, 0xD0, 0x00, 0xBF, 0xFF, 0xFF,
    0xF4, 0x00, 0xBF, 0xFF, 0xFF, 0xFC, 0x00, 0xBF, 0xFD, 0x01, 0xBD, 0x00, 0x7F, 0xF8, 0x00, 0x01,
    0x00, 0x3F, 0xFC, 0x00, 0x00, 0x00, 0x1F, 0xFC, 0x00, 0x00, 0x00, 0x0F, 0xFD, 0x00, 0x00, 0x00,
    0x03, 0xFF, 0x00, 0x00, 0x00, 0x01, 0xFF, 0x80, 0x00, 0x00, 0x00, 0xBF, 0xD0, 0x00, 0x00, 0x00,
    0x3F, 0xF4, 0x00, 0x00, 0x00, 0x0F, 0xFC, 0x00, 0x00, 0x00, 0x03, 0xFF, 0x00, 0x00, 0x00, 0x00,
    0xFF, 0xC0, 0x00, 0x00, 0x00, 0x3F, 0xF4, 0x00, 0x00, 0x00, 0x0F, 0xFE, 0x00, 0x00, 0x00, 0x02,
    0xFF, 0xD0, 0x00, 0x00, 0x00, 0x3F, 0xFE, 0x01, 0x6D, 0x00, 0x0B, 0xFF, 0xFF, 0xFF, 0x40, 0x00,
    0xFF, 0xFF, 0xFF, 0xD0, 0x00, 0x0B, 0xFF, 0xFF, 0xF0, 0x00, 0x00, 0x2F, 0xFF, 0x90, 0x00, 0x00,
    0x02, 0xFF, 0xE0, 0x00, 0x02, 0xFF, 0xFC, 0x00, 0x02, 0xFF, 0xBF, 0xC0, 0x02, 0xFE, 0x0B, 0xF8,
    0x03, 0xFD, 0x00, 0xBF, 0x00, 0x00, 0x00, 0x00, 0x00, 0x00, 0x00, 0x00, 0x00, 0x00, 0x1B, 0xFF,
    0x90, 0x00, 0x2F, 0xFF, 0xFD, 0x00, 0x3F, 0xFF, 0xFF, 0x00, 0x3F, 0xFF, 0xFF, 0x80, 0x2F, 0xFE,
    0x01, 0xC0, 0x0F, 0xFD, 0x00, 0x00, 0x0B, 0xFF, 0x00, 0x00, 0x03, 0xFF, 0x40, 0x00, 0x00, 0xFF,
    0xC0, 0x00, 0x00, 0x7F, 0xE0, 0x00, 0x00, 0x1F, 0xF8, 0x00, 0x00, 0x0B, 0xFE, 0x00, 0x00, 0x01,
    0xFF, 0x80, 0x00, 0x00, 0x7F, 0xF0, 0x00, 0x00, 0x0F, 0xFE, 0x01, 0xE0, 0x03, 0xFF, 0xFF, 0xF8,
    0x00, 0x3F, 0xFF, 0xFE, 0x00, 0x07, 0xFF, 0xFF, 0x80, 0x00, 0x2F, 0xFE, 0x00, 0x00, 0x00, 0x00,
    0x00, 0x7F, 0x40, 0x00, 0x00, 0x00, 0x3F, 0xF0, 0x00, 0x00, 0x00, 0x1F, 0xFC, 0x00, 0x00, 0x00,
    0x07, 0xFE, 0x00, 0x00, 0x00, 0x00, 0xBE, 0x00, 0x00, 0x00, 0x00, 0x00, 0x00, 0x00, 0x00, 0x00,
    0x00, 0x00, 0x00, 0x00, 0x00, 0x00, 0x00, 0x00, 0x00, 0x00, 0x1B, 0xFF, 0xE0, 0x00, 0x00, 0x7F,
    0xFF, 0xFF, 0xD0, 0x00, 0xBF, 0xFF, 0xFF, 0xF4, 0x00, 0xBF, 0xFF, 0xFF, 0xFC, 0x00, 0xBF, 0xFD,
    0x01, 0xBD, 0x00, 0x7F, 0xF8, 0x00, 0x01, 0x00, 0x3F, 0xFC, 0x00, 0x00, 0x00, 0x1F, 0xFC, 0x00,
    0x00, 0x00, 0x0F, 0xFD, 0x00, 0x00, 0x00, 0x03, 0xFF, 0x00, 0x00, 0x00, 0x01, 0xFF, 0x80, 0x00,
    0x00, 0x00, 0xBF, 0xD0, 0x00, 0x00, 0x00, 0x3F, 0xF4, 0x00, 0x00, 0x00, 0x0F, 0xFC, 0x00, 0x00,
    0x00, 0x03, 0xFF, 0x00, 0x00, 0x00, 0x00, 0xFF, 0xC0, 0x00, 0x00, 0x00, 0x3F, 0xF4, 0x00, 0x00,
    0x00, 0x0F, 0xFE, 0x00, 0x00, 0x00, 0x02, 0xFF, 0xD0, 0x00, 0x00, 0x00, 0x3F, 0xFE, 0x01, 0x6D,
    0x00, 0x0B, 0xFF, 0xFF, 0xFF, 0x40, 0x00, 0xFF, 0xFF, 0xFF, 0xD0, 0x00, 0x0B, 0xFF, 0xFF, 0xF0,
    0x00, 0x00, 0x2F, 0xFF, 0x90, 0x00, 0x00, 0x00, 0x7F, 0x40, 0x00, 0x00, 0xFF, 0xC0, 0x00, 0x01,
    0xFF, 0xC0, 0x00, 0x01, 0xFF, 0x80, 0x00, 0x00, 0xBE, 0x00, 0x00, 0x00, 0x00, 0x00, 0x00, 0x00,
    0x00, 0x00, 0x00, 0x06, 0xFF, 0xE4, 0x00, 0x2F, 0xFF, 0xFD, 0x00, 0xFF, 0xFF, 0xFC, 0x03, 0xFF,
    0xFF, 0xF8, 0x0B, 0xFF, 0x80, 0x70, 0x0F, 0xFD, 0x00, 0x00, 0x2F, 0xFC, 0x00, 0x00, 0x3F, 0xF4,
    0x00, 0x00, 0x3F, 0xF0, 0x00, 0x00, 0x7F, 0xE0, 0x00, 0x00, 0x7F, 0xE0, 0x00, 0x00, 0xBF, 0xE0,
    0x00, 0x00, 0x7F, 0xE0, 0x00, 0x00, 0x7F, 0xF0, 0x00, 0x00, 0x3F, 0xF8, 0x07, 0x80, 0x3F, 0xFF,
    0xFF, 0x80, 0x0F, 0xFF, 0xFF, 0x80, 0x07, 0xFF, 0xFF, 0x80, 0x00, 0xBF, 0xF8, 0x00, 0x00, 0x00,
    0xBF, 0x00, 0x2F, 0xD0, 0x00, 0x03, 0xFC, 0x1F, 0xF0, 0x00, 0x00, 0x1F, 0xFB, 0xFC, 0x00, 0x00,
    0x00, 0xBF, 0xFF, 0x00, 0x00, 0x00, 0x03, 0xFF, 0xC0, 0x00, 0x00, 0x00, 0x00, 0x00, 0x00, 0x00,
    0x00, 0x00, 0x00, 0x00, 0x00, 0x00, 0x00, 0x00, 0x00, 0x00, 0x00, 0x00, 0x1B, 0xFF, 0xE0, 0x00,
    0x00, 0x1F, 0xFF, 0xFF, 0xF4, 0x00, 0x0B, 0xFF, 0xFF, 0xFF, 0x40, 0x02, 0xFF, 0xFF, 0xFF, 0xF0,
    0x00, 0xBF, 0xFD, 0x01, 0xBD, 0x00, 0x1F, 0xFE, 0x00, 0x00, 0x40, 0x03, 0xFF, 0xC0, 0x00, 0x00,
    0x00, 0x7F, 0xF0, 0x00, 0x00, 0x00, 0x0F, 0xFD, 0x00, 0x00, 0x00, 0x00, 0xFF, 0xC0, 0x00, 0x00,
    0x00, 0x1F, 0xF8, 0x00, 0x00, 0x00, 0x02, 0xFF, 0x40, 0x00, 0x00, 0x00, 0x3F, 0xF4, 0x00, 0x00,
    0x00, 0x03, 0xFF, 0x00, 0x00, 0x00, 0x00, 0x3F, 0xF0, 0x00, 0x00, 0x00, 0x03, 0xFF, 0x00, 0x00,
    0x00, 0x00, 0x3F, 0xF4, 0x00, 0x00, 0x00, 0x03, 0xFF, 0x80, 0x00, 0x00, 0x00, 0x2F, 0xFD, 0x00,
    0x00, 0x00, 0x00, 0xFF, 0xF8, 0x05, 0xB4, 0x00, 0x0B, 0xFF, 0xFF, 0xFF, 0x40, 0x00, 0x3F, 0xFF,
    0xFF, 0xF4, 0x00, 0x00, 0xBF, 0xFF, 0xFF, 0x00, 0x00, 0x00, 0xBF, 0xFE, 0x40, 0x00, 0x00, 0xBF,
    0x00, 0x2F, 0xD0, 0x03, 0xFC, 0x1F, 0xF0, 0x00, 0x1F, 0xFB, 0xFC, 0x00, 0x00, 0xBF, 0xFF, 0x00,
    0x00, 0x03, 0xFF, 0xC0, 0x00, 0x00, 0x00, 0x00, 0x00, 0x00, 0x00, 0x00, 0x00, 0x00, 0x00, 0x6F,
    0xFE, 0x40, 0x00, 0x2F, 0xFF, 0xFD, 0x00, 0x0F, 0xFF, 0xFF, 0xC0, 0x03, 0xFF, 0xFF, 0xF8, 0x00,
    0xBF, 0xF8, 0x07, 0x00, 0x0F, 0xFD, 0x00, 0x00, 0x02, 0xFF, 0xC0, 0x00, 0x00, 0x3F, 0xF4, 0x00,
    0x00, 0x03, 0xFF, 0x00, 0x00, 0x00, 0x7F, 0xE0, 0x00, 0x00, 0x07, 0xFE, 0x00, 0x00, 0x00, 0xBF,
    0xE0, 0x00, 0x00, 0x07, 0xFE, 0x00, 0x00, 0x00, 0x7F, 0xF0, 0x00, 0x00, 0x03, 0xFF, 0x80, 0x78,
    0x00, 0x3F, 0xFF, 0xFF, 0x80, 0x00, 0xFF, 0xFF, 0xF8, 0x00, 0x07, 0xFF, 0xFF, 0x80, 0x00, 0x0B,
    0xFF, 0x80, 0x00, 0x00, 0x00, 0x3F, 0xC0, 0x0F, 0xF0, 0x00, 0x00, 0x7F, 0xC2, 0xFF, 0x00, 0x00,
    0x00, 0xBF, 0xBF, 0xF0, 0x00, 0x00, 0x00, 0xFF, 0xFE, 0x00, 0x00, 0x00, 0x01, 0xFF, 0xF0, 0x00,
    0x00, 0x00, 0x00, 0x00, 0x00, 0x00, 0x00, 0x00, 0x00, 0x00, 0x00, 0x00, 0x00, 0x00, 0x00, 0x00,
    0x00, 0x00, 0x0F, 0xFF, 0xFE, 0x40, 0x00, 0x00, 0x7F, 0xFF, 0xFF, 0xC0, 0x00, 0x02, 0xFF, 0xFF,
    0xFF, 0xC0, 0x00, 0x0F, 0xFF, 0xFF, 0xFF, 0xC0, 0x00, 0x3F, 0xF0, 0x1F, 0xFF, 0x80, 0x01, 0xFF,
    0xC0, 0x0B, 0xFF, 0x00, 0x07, 0xFE, 0x00, 0x0F, 0xFD, 0x00, 0x2F, 0xF4, 0x00, 0x3F, 0xF4, 0x00,
    0xFF, 0xC0, 0x00, 0xBF, 0xE0, 0x03, 0xFF, 0x00, 0x02, 0xFF, 0x80, 0x1F, 0xF8, 0x00, 0x0B, 0xFD,
    0x00, 0xBF, 0xE0, 0x00, 0x2F, 0xF4, 0x02, 0xFF, 0x40, 0x00, 0xFF, 0xD0, 0x0F, 0xFC, 0x00, 0x03,
    0xFF, 0x00, 0x3F, 0xF0, 0x00, 0x1F, 0xFC, 0x01, 0xFF, 0x80, 0x00, 0xFF, 0xE0, 0x0B, 0xFE, 0x00,
    0x07, 0xFF, 0x00, 0x3F, 0xF4, 0x00, 0x3F, 0xF8, 0x00, 0xFF, 0xC0, 0x07, 0xFF, 0xC0, 0x03, 0xFF,
    0x01, 0xBF, 0xFD, 0x00, 0x1F, 0xFF, 0xFF, 0xFF, 0xD0, 0x00, 0xBF, 0xFF, 0xFF, 0xFD, 0x00, 0x03,
    0xFF, 0xFF, 0xFF, 0x80, 0x00, 0x0F, 0xFF, 0xFF, 0x90, 0x00, 0x00, 0x00, 0x00, 0x00, 0x07, 0xFE,
    0x0F, 0xF8, 0x00, 0x00, 0x00, 0x1F, 0xF4, 0x7F, 0xC0, 0x00, 0x00, 0x00, 0xBF, 0xC3, 0xFC, 0x00,
    0x00, 0x00, 0x03, 0xFF, 0x1F, 0xD0, 0x00, 0x00, 0x00, 0x0F, 0xFC, 0xFE, 0x00, 0x00, 0x00, 0x00,
    0x7F, 0xE0, 0x00, 0x00, 0x00, 0x00, 0x01, 0xFF, 0x40, 0x00, 0x00, 0x02, 0xFE, 0x0B, 0xFC, 0x00,
    0x00, 0x00, 0x3F, 0xFF, 0x2F, 0xF0, 0x00, 0x00, 0x03, 0xFF, 0xFF, 0xFF, 0xC0, 0x00, 0x00, 0x3F,
    0xFF, 0xFF, 0xFE, 0x00, 0x00, 0x02, 0xFF, 0xE1, 0xFF, 0xF4, 0x00, 0x00, 0x0F, 0xFD, 0x01, 0xFF,
    0xC0, 0x00, 0x00, 0x7F, 0xF0, 0x03, 0xFF, 0x00, 0x00, 0x03, 0xFF, 0x40, 0x0F, 0xF8, 0x00, 0x00,
    0x0F, 0xFC, 0x00, 0x3F, 0xE0, 0x00, 0x00, 0x7F, 0xE0, 0x01, 0xFF, 0x40, 0x00, 0x01, 0xFF, 0x80,
    0x0B, 0xFC, 0x00, 0x00, 0x0B, 0xFD, 0x00, 0x3F, 0xF0, 0x00, 0x00, 0x2F, 0xF4, 0x01, 0xFF, 0x80,
    0x00, 0x00, 0x7F, 0xE0, 0x0F, 0xFD, 0x00, 0x00, 0x01, 0xFF, 0xD1, 0xFF, 0xF4, 0x00, 0x00, 0x03,
    0xFF, 0xFF, 0xFF, 0xC0, 0x00, 0x00, 0x0B, 0xFF, 0xFE, 0xFF, 0x00, 0x00, 0x00, 0x0F, 0xFF, 0xE3,
    0xF8, 0x00, 0x00, 0x00, 0x0B, 0xF9, 0x1F, 0xD0, 0x00, 0x00, 0x00, 0x00, 0x0F, 0xFF, 0xFE, 0x40,
    0x00, 0x01, 0xFF, 0xFF, 0xFF, 0x00, 0x00, 0x2F, 0xFF, 0xFF, 0xFC, 0x00, 0x03, 0xFF, 0xFF, 0xFF,
    0xF0, 0x00, 0x3F, 0xF0, 0x1F, 0xFF, 0x80, 0x07, 0xFF, 0x00, 0x2F, 0xFC, 0x00, 0x7F, 0xE0, 0x00,
    0xFF, 0xD0, 0x0B, 0xFD, 0x00, 0x0F, 0xFD, 0x00, 0xFF, 0xC0, 0x00, 0xBF, 0xE0, 0x0F, 0xFC, 0x00,
    0x0B, 0xFE, 0x2F, 0xFF, 0xFF, 0x40, 0xBF, 0xD3, 0xFF, 0xFF, 0xF4, 0x0B, 0xFD, 0x3F, 0xFF, 0xFF,
    0x00, 0xFF, 0xD7, 0xFF, 0xFF, 0xF0, 0x0F, 0xFC, 0x03, 0xFF, 0x00, 0x01, 0xFF, 0xC0, 0x7F, 0xE0,
    0x00, 0x3F, 0xF8, 0x0B, 0xFE, 0x00, 0x07, 0xFF, 0x00, 0xFF, 0xD0, 0x00, 0xFF, 0xE0, 0x0F, 0xFC,
    0x00, 0x7F, 0xFC, 0x00, 0xFF, 0xC0, 0x6F, 0xFF, 0x40, 0x1F, 0xFF, 0xFF, 0xFF, 0xD0, 0x02, 0xFF,
    0xFF, 0xFF, 0xF4, 0x00, 0x3F, 0xFF, 0xFF, 0xF8, 0x00, 0x03, 0xFF, 0xFF, 0xE4, 0x00, 0x00, 0x00,
    0x00, 0x00, 0x07, 0xFE, 0x00, 0x00, 0x00, 0x00, 0x7F, 0xD0, 0x00, 0x00, 0x00, 0x0B, 0xFD, 0x00,
    0x00, 0x02, 0xFF, 0xFF, 0xFE, 0x00, 0x00, 0x3F, 0xFF, 0xFF, 0xD0, 0x00, 0x03, 0xFF, 0xFF, 0xFC,
    0x00, 0x00, 0x00, 0x1F, 0xF4, 0x00, 0x00, 0x00, 0x02, 0xFF, 0x00, 0x00, 0x1B, 0xFC, 0x3F, 0xF0,
    0x00, 0x0B, 0xFF, 0xF7, 0xFF, 0x00, 0x02, 0xFF, 0xFF, 0xFF, 0xE0, 0x00, 0x7F, 0xFF, 0xFF, 0xFD,
    0x00, 0x0F, 0xFF, 0x43, 0xFF, 0xC0, 0x01, 0xFF, 0xC0, 0x0F, 0xFC, 0x00, 0x2F, 0xF4, 0x00, 0xFF,
    0x80, 0x03, 0xFF, 0x00, 0x0F, 0xF8, 0x00, 0x7F, 0xF0, 0x00, 0xFF, 0x40, 0x07, 0xFE, 0x00, 0x1F,
    0xF0, 0x00, 0xBF, 0xD0, 0x03, 0xFF, 0x00, 0x0B, 0xFD, 0x00, 0x3F, 0xE0, 0x00, 0x7F, 0xE0, 0x0F,
    0xFD, 0x00, 0x07, 0xFF, 0x43, 0xFF, 0xD0, 0x00, 0x3F, 0xFF, 0xFF, 0xFC, 0x00, 0x02, 0xFF, 0xFF,
    0xBF, 0xC0, 0x00, 0x0F, 0xFF, 0xE3, 0xF8, 0x00, 0x00, 0x1F, 0xE4, 0x7F, 0x40, 0x00, 0x00, 0x00,
    0xBF, 0xFF, 0xF4, 0x00, 0x00, 0xFF, 0xFF, 0xF0, 0x00, 0x00, 0xFF, 0xFF, 0xF0, 0x00, 0x00, 0x00,
    0x00, 0x00, 0x00, 0x00, 0x00, 0x00, 0x00, 0x00, 0x00, 0x00, 0x00, 0x00, 0x00, 0x0F, 0xFF, 0xFF,
    0xFC, 0x00, 0x1F, 0xFF, 0xFF, 0xFC, 0x00, 0x2F, 0xFF, 0xFF, 0xF8, 0x00, 0x3F, 0xFF, 0xFF, 0xF4,
    0x00, 0x3F, 0xF0, 0x00, 0x00, 0x00, 0x7F, 0xF0, 0x00, 0x00, 0x00, 0x7F, 0xE0, 0x00, 0x00, 0x00,
    0xBF, 0xD0, 0x00, 0x00, 0x00, 0xFF, 0xC0, 0x00, 0x00, 0x00, 0xFF, 0xFF, 0xFF, 0x80, 0x01, 0xFF,
    0xFF, 0xFF, 0x40, 0x02, 0xFF, 0xFF, 0xFF, 0x00, 0x02, 0xFF, 0xFF, 0xFF, 0x00, 0x03, 0xFF, 0x00,
    0x00, 0x00, 0x03, 0xFF, 0x00, 0x00, 0x00, 0x07, 0xFE, 0x00, 0x00, 0x00, 0x0B, 0xFD, 0x00, 0x00,
    0x00, 0x0F, 0xFC, 0x00, 0x00, 0x00, 0x0F, 0xFC, 0x00, 0x00, 0x00, 0x0F, 0xFC, 0x00, 0x00, 0x00,
    0x1F, 0xFF, 0xFF, 0xFC, 0x00, 0x2F, 0xFF, 0xFF, 0xF8, 0x00, 0x3F, 0xFF, 0xFF, 0xF8, 0x00, 0x3F,
    0xFF, 0xFF, 0xF4, 0x00, 0x00, 0x0F, 0xFF, 0xFF, 0x40, 0x03, 0xFF, 0xFF, 0xC0, 0x00, 0xFF, 0xFF,
    0xF0, 0x00, 0x00, 0x00, 0x00, 0x00, 0x00, 0x00, 0x00, 0x00, 0x00, 0xBF, 0xF8, 0x00, 0x02, 0xFF,
    0xFF, 0xD0, 0x03, 0xFF, 0xFF, 0xFC, 0x03, 0xFF, 0xFF, 0xFF, 0x82, 0xFF, 0xE0, 0x7F, 0xE0, 0xFF,
    0xD0, 0x0F, 0xF8, 0xBF, 0xE0, 0x07, 0xFD, 0x3F, 0xF0, 0x1B, 0xFF, 0x0F, 0xFF, 0xFF, 0xFF, 0x07,
    0xFF, 0xFF, 0xFE, 0x01, 0xFF, 0xFF, 0xE4, 0x00, 0xBF, 0xD0, 0x00, 0x00, 0x2F, 0xF8, 0x00, 0x00,
    0x07, 0xFF, 0x00, 0x01, 0x00, 0xFF, 0xF4, 0x1B, 0xC0, 0x3F, 0xFF, 0xFF, 0xF0, 0x03, 0xFF, 0xFF,
    0xFC, 0x00, 0x7F, 0xFF, 0xFE, 0x00, 0x01, 0xFF, 0xE4, 0x00, 0x00, 0x00, 0xF8, 0x00, 0xBD, 0x00,
    0x00, 0xFD, 0x02, 0xFC, 0x00, 0x00, 0xFF, 0xFF, 0xF8, 0x00, 0x00, 0x3F, 0xFF, 0xE0, 0x00, 0x00,
    0x0B, 0xFE, 0x40, 0x00, 0x00, 0x00, 0x00, 0x00, 0x00, 0x00, 0x00, 0x00, 0x00, 0x00, 0x00, 0x00,
    0x00, 0x00, 0x00, 0x0F, 0xFF, 0xFF, 0xFC, 0x00, 0x1F, 0xFF, 0xFF, 0xFC, 0x00, 0x2F, 0xFF, 0xFF,
    0xF8, 0x00, 0x3F, 0xFF, 0xFF, 0xF4, 0x00, 0x3F, 0xF0, 0x00, 0x00, 0x00, 0x7F, 0xF0, 0x00, 0x00,
    0x00, 0x7F, 0xE0, 0x00, 0x00, 0x00, 0xBF, 0xD0, 0x00, 0x00, 0x00, 0xFF, 0xC0, 0x00, 0x00, 0x00,
    0xFF, 0xFF, 0xFF, 0x80, 0x01, 0xFF, 0xFF, 0xFF, 0x40, 0x02, 0xFF, 0xFF, 0xFF, 0x00, 0x02, 0xFF,
    0xFF, 0xFF, 0x00, 0x03, 0xFF, 0x00, 0x00, 0x00, 0x03, 0xFF, 0x00, 0x00, 0x00, 0x07, 0xFE, 0x00,
    0x00, 0x00, 0x0B, 0xFD, 0x00, 0x00, 0x00, 0x0F, 0xFC, 0x00, 0x00, 0x00, 0x0F, 0xFC, 0x00, 0x00,
    0x00, 0x0F, 0xFC, 0x00, 0x00, 0x00, 0x1F, 0xFF, 0xFF, 0xFC, 0x00, 0x2F, 0xFF, 0xFF, 0xF8, 0x00,
    0x3F, 0xFF, 0xFF, 0xF8, 0x00, 0x3F, 0xFF, 0xFF, 0xF4, 0x00, 0x00, 0x2F, 0x40, 0x0F, 0xC0, 0x01,
    0xFD, 0x02, 0xFC, 0x00, 0x0F, 0xFF, 0xFF, 0x40, 0x00, 0x7F, 0xFF, 0xD0, 0x00, 0x01, 0xBF, 0xE0,
    0x00, 0x00, 0x00, 0x00, 0x00, 0x00, 0x00, 0x00, 0x00, 0x00, 0x00, 0x2F, 0xFE, 0x00, 0x00, 0x2F,
    0xFF, 0xFD, 0x00, 0x0F, 0xFF, 0xFF, 0xF0, 0x03, 0xFF, 0xFF, 0xFF, 0x80, 0xBF, 0xF8, 0x1F, 0xF8,
    0x0F, 0xFD, 0x00, 0xFF, 0x82, 0xFF, 0x80, 0x1F, 0xF4, 0x3F, 0xF0, 0x1B, 0xFF, 0x03, 0xFF, 0xFF,
    0xFF, 0xC0, 0x7F, 0xFF, 0xFF, 0xE0, 0x07, 0xFF, 0xFF, 0x90, 0x00, 0xBF, 0xD0, 0x00, 0x00, 0x0B,
    0xFE, 0x00, 0x00, 0x00, 0x7F, 0xF0, 0x00, 0x10, 0x03, 0xFF, 0xD0, 0x6F, 0x00, 0x3F, 0xFF, 0xFF,
    0xF0, 0x00, 0xFF, 0xFF, 0xFF, 0x00, 0x07, 0xFF, 0xFF, 0xE0, 0x00, 0x07, 0xFF, 0x90, 0x00, 0x00,
    0x00, 0x01, 0xFD, 0x00, 0x00, 0x00, 0x03, 0xFF, 0x00, 0x00, 0x00, 0x07, 0xFF, 0x00, 0x00, 0x00,
    0x07, 0xFF, 0x00, 0x00, 0x00, 0x02, 0xFC, 0x00, 0x00, 0x00, 0x00, 0x00, 0x00, 0x00, 0x00, 0x00,
    0x00, 0x00, 0x00, 0x00, 0x00, 0x00, 0x00, 0x00, 0x0F, 0xFF, 0xFF, 0xFC, 0x00, 0x1F, 0xFF, 0xFF,
    0xFC, 0x00, 0x2F, 0xFF, 0xFF, 0xF8, 0x00, 0x3F, 0xFF, 0xFF, 0xF4, 0x00, 0x3F, 0xF0, 0x00, 0x00,
    0x00, 0x7F, 0xF0, 0x00, 0x00, 0x00, 0x7F, 0xE0, 0x00, 0x00, 0x00, 0xBF, 0xD0, 0x00, 0x00, 0x00,
    0xFF, 0xC0, 0x00, 0x00, 0x00, 0xFF, 0xFF, 0xFF, 0x80, 0x01, 0xFF, 0xFF, 0xFF, 0x40, 0x02, 0xFF,
    0xFF, 0xFF, 0x00, 0x02, 0xFF, 0xFF, 0xFF, 0x00, 0x03, 0xFF, 0x00, 0x00, 0x00, 0x03, 0xFF, 0x00,
    0x00, 0x00, 0x07, 0xFE, 0x00, 0x00, 0x00, 0x0B, 0xFD, 0x00, 0x00, 0x00, 0x0F, 0xFC, 0x00, 0x00,
    0x00, 0x0F, 0xFC, 0x00, 0x00, 0x00, 0x0F, 0xFC, 0x00, 0x00, 0x00, 0x1F, 0xFF, 0xFF, 0xFC, 0x00,
    0x2F, 0xFF, 0xFF, 0xF8, 0x00, 0x3F, 0xFF, 0xFF, 0xF8, 0x00, 0x3F, 0xFF, 0xFF, 0xF4, 0x00, 0x00,
    0x00, 0x1F, 0xD0, 0x00, 0x00, 0x0F, 0xFC, 0x00, 0x00, 0x07, 0xFF, 0x00, 0x00, 0x01, 0xFF, 0x80,
    0x00, 0x00, 0x2F, 0x80, 0x00, 0x00, 0x00, 0x00, 0x00, 0x00, 0x00, 0x00, 0x00, 0x00, 0x0B, 0xFF,
    0x80, 0x00, 0x2F, 0xFF, 0xFD, 0x00, 0x3F, 0xFF, 0xFF, 0xC0, 0x3F, 0xFF, 0xFF, 0xF8, 0x2F, 0xFE,
    0x07, 0xFE, 0x0F, 0xFD, 0x00, 0xFF, 0x8B, 0xFE, 0x00, 0x7F, 0xD3, 0xFF, 0x01, 0xBF, 0xF0, 0xFF,
    0xFF, 0xFF, 0xF0, 0x7F, 0xFF, 0xFF, 0xE0, 0x1F, 0xFF, 0xFE, 0x40, 0x0B, 0xFD, 0x00, 0x00, 0x02,
    0xFF, 0x80, 0x00, 0x00, 0x7F, 0xF0, 0x00, 0x10, 0x0F, 0xFF, 0x41, 0xBC, 0x03, 0xFF, 0xFF, 0xFF,
    0x00, 0x3F, 0xFF, 0xFF, 0xC0, 0x07, 0xFF, 0xFF, 0xE0, 0x00, 0x1F, 0xFE, 0x40, 0x00, 0x00, 0x0F,
    0xFF, 0xFF, 0xFC, 0x00, 0x1F, 0xFF, 0xFF, 0xFC, 0x00, 0x2F, 0xFF, 0xFF, 0xF8, 0x00, 0x3F, 0xFF,
    0xFF, 0xF4, 0x00, 0x3F, 0xF0, 0x00, 0x00, 0x00, 0x7F, 0xF0, 0x00, 0x00, 0x00, 0x7F, 0xE0, 0x00,
    0x00, 0x00, 0xBF, 0xD0, 0x00, 0x00, 0x00, 0xFF, 0xC0, 0x00, 0x00, 0x00, 0xFF, 0xFF, 0xFF, 0x80,
    0x01, 0xFF, 0xFF, 0xFF, 0x40, 0x02, 0xFF, 0xFF, 0xFF, 0x00, 0x02, 0xFF, 0xFF, 0xFF, 0x00, 0x03,
    0xFF, 0x00, 0x00, 0x00, 0x03, 0xFF, 0x00, 0x00, 0x00, 0x07, 0xFE, 0x00, 0x00, 0x00, 0x0B, 0xFD,
    0x00, 0x00, 0x00, 0x0F, 0xFC, 0x00, 0x00, 0x00, 0x0F, 0xFC, 0x00, 0x00, 0x00, 0x0F, 0xFC, 0x00,
    0x00, 0x00, 0x1F, 0xFF, 0xFF, 0xFC, 0x00, 0x2F, 0xFF, 0xFF, 0xF8, 0x00, 0x3F, 0xFF, 0xFF, 0xF8,
    0x00, 0x3F, 0xFF, 0xFF, 0xF4, 0x00, 0x00, 0x00, 0x2F, 0x80, 0x00, 0x00, 0x00, 0xFE, 0x00, 0x00,
    0x00, 0x03, 0xF8, 0x00, 0x00, 0x00, 0x07, 0xF4, 0x00, 0x00, 0x00, 0x0B, 0xF4, 0x00, 0x00, 0x00,
    0x07, 0xFF, 0xC0, 0x00, 0x00, 0x03, 0xFF, 0xC0, 0x00, 0x00, 0x00, 0xBF, 0x80, 0x00, 0x00, 0x02,
    0xFF, 0xE0, 0x00, 0x0B, 0xFF, 0xFF, 0x40, 0x0F, 0xFF, 0xFF, 0xF0, 0x0F, 0xFF, 0xFF, 0xFE, 0x0B,
    0xFF, 0x81, 0xFF, 0x83, 0xFF, 0x40, 0x3F, 0xE2, 0xFF, 0x80, 0x1F, 0xF4, 0xFF, 0xC0, 0x6F, 0xFC,
    0x3F, 0xFF, 0xFF, 0xFC, 0x1F, 0xFF, 0xFF, 0xF8, 0x07, 0xFF, 0xFF, 0x90, 0x02, 0xFF, 0x40, 0x00,
    0x00, 0xBF, 0xE0, 0x00, 0x00, 0x1F, 0xFC, 0x00, 0x04, 0x03, 0xFF, 0xD0, 0x6F, 0x00, 0xFF, 0xFF,
    0xFF, 0xC0, 0x0F, 0xFF, 0xFF, 0xF0, 0x01, 0xFF, 0xFF, 0xF8, 0x00, 0x07, 0xFF, 0xF4, 0x00, 0x00,
    0x03, 0xF0, 0x00, 0x00, 0x03, 0xF4, 0x00, 0x00, 0x03, 0xF8, 0x00, 0x00, 0x01, 0xFD, 0x00, 0x00,
    0x00, 0x7F, 0x40, 0x00, 0x00, 0x1F, 0xFF, 0x00, 0x00, 0x03, 0xFF, 0xC0, 0x00, 0x00, 0x2F, 0xE0,
    0x00, 0x00, 0x02, 0xFD, 0x00, 0xBF, 0x40, 0x00, 0x3F, 0xC0, 0xFF, 0x40, 0x00, 0x03, 0xFE, 0xFF,
    0x40, 0x00, 0x00, 0xBF, 0xFF, 0x00, 0x00, 0x00, 0x0F, 0xFF, 0x00, 0x00, 0x00, 0x00, 0x00, 0x00,
    0x00, 0x00, 0x00, 0x00, 0x00, 0x00, 0x00, 0x00, 0x00, 0x00, 0x00, 0x00, 0x0F, 0xFF, 0xFF, 0xFC,
    0x00, 0x07, 0xFF, 0xFF, 0xFF, 0x00, 0x02, 0xFF, 0xFF, 0xFF, 0x80, 0x00, 0xFF, 0xFF, 0xFF, 0xD0,
    0x00, 0x3F, 0xF0, 0x00, 0x00, 0x00, 0x1F, 0xFC, 0x00, 0x00, 0x00, 0x07, 0xFE, 0x00, 0x00, 0x00,
    0x02, 0xFF, 0x40, 0x00, 0x00, 0x00, 0xFF, 0xC0, 0x00, 0x00, 0x00, 0x3F, 0xFF, 0xFF, 0xE0, 0x00,
    0x1F, 0xFF, 0xFF, 0xF4, 0x00, 0x0B, 0xFF, 0xFF, 0xFC, 0x00, 0x02, 0xFF, 0xFF, 0xFF, 0x00, 0x00,
    0xFF, 0xC0, 0x00, 0x00, 0x00, 0x3F, 0xF0, 0x00, 0x00, 0x00, 0x1F, 0xF8, 0x00, 0x00, 0x00, 0x0B,
    0xFD, 0x00, 0x00, 0x00, 0x03, 0xFF, 0x00, 0x00, 0x00, 0x00, 0xFF, 0xC0, 0x00, 0x00, 0x00, 0x3F,
    0xF0, 0x00, 0x00, 0x00, 0x1F, 0xFF, 0xFF, 0xFC, 0x00, 0x0B, 0xFF, 0xFF, 0xFE, 0x00, 0x03, 0xFF,
    0xFF, 0xFF, 0x80, 0x00, 0xFF, 0xFF, 0xFF, 0xD0, 0x00, 0x00, 0x2F, 0xC0, 0x0B, 0xF4, 0x00, 0x3F,
    0xC1, 0xFF, 0x00, 0x00, 0x7F, 0xEF, 0xF0, 0x00, 0x00, 0xBF, 0xFF, 0x00, 0x00, 0x00, 0xFF, 0xF0,
    0x00, 0x00, 0x00, 0x00, 0x00, 0x00, 0x00, 0x00, 0x00, 0x00, 0x00, 0x00, 0xBF, 0xF8, 0x00, 0x00,
    0x2F, 0xFF, 0xFD, 0x00, 0x03, 0xFF, 0xFF, 0xFC, 0x00, 0x3F, 0xFF, 0xFF, 0xF8, 0x02, 0xFF, 0xE0,
    0x7F, 0xE0, 0x0F, 0xFD, 0x00, 0xFF, 0x80, 0xBF, 0xE0, 0x07, 0xFD, 0x03, 0xFF, 0x01, 0xBF, 0xF0,
    0x0F, 0xFF, 0xFF, 0xFF, 0x00, 0x7F, 0xFF, 0xFF, 0xE0, 0x01, 0xFF, 0xFF, 0xE4, 0x00, 0x0B, 0xFD,
    0x00, 0x00, 0x00, 0x2F, 0xF8, 0x00, 0x00, 0x00, 0x7F, 0xF0, 0x00, 0x10, 0x00, 0xFF, 0xF4, 0x1B,
    0xC0, 0x03, 0xFF, 0xFF, 0xFF, 0x00, 0x03, 0xFF, 0xFF, 0xFC, 0x00, 0x07, 0xFF, 0xFF, 0xE0, 0x00,
    0x01, 0xFF, 0xE4, 0x00, 0x00, 0x00, 0x00, 0x00, 0xFF, 0xF4, 0x00, 0x00, 0x00, 0x2F, 0xFF, 0xC0,
    0x00, 0x00, 0x0F, 0xFE, 0xFE, 0x00, 0x00, 0x03, 0xFE, 0x0F, 0xF4, 0x00, 0x00, 0xFF, 0x00, 0x3F,
    0xC0, 0x00, 0x00, 0x00, 0x00, 0x00, 0x00, 0x00, 0x00, 0x00, 0x00, 0x00, 0x00, 0x00, 0x00, 0x00,
    0x00, 0x00, 0x00, 0x06, 0xFF, 0xF9, 0x00, 0x00, 0x0B, 0xFF, 0xFF, 0xFD, 0x00, 0x07, 0xFF, 0xFF,
    0xFF, 0xC0, 0x02, 0xFF, 0xFF, 0xFF, 0xF8, 0x00, 0xBF, 0xFE, 0x40, 0x6F, 0x00, 0x1F, 0xFF, 0x00,
    0x00, 0x00, 0x03, 0xFF, 0xC0, 0x00, 0x00, 0x00, 0x7F, 0xF4, 0x00, 0x00, 0x00, 0x0F, 0xFE, 0x00,
    0x00, 0x00, 0x00, 0xFF, 0xC0, 0x00, 0x00, 0x00, 0x2F, 0xFC, 0x02, 0xFF, 0xFF, 0x42, 0xFF, 0x80,
    0x3F, 0xFF, 0xF0, 0x3F, 0xF4, 0x03, 0xFF, 0xFF, 0x03, 0xFF, 0x00, 0x7F, 0xFF, 0xE0, 0x3F, 0xF0,
    0x00, 0x0B, 0xFE, 0x03, 0xFF, 0x00, 0x00, 0xBF, 0xD0, 0x3F, 0xF4, 0x00, 0x0F, 0xFC, 0x03, 0xFF,
    0x80, 0x00, 0xFF, 0xC0, 0x2F, 0xFD, 0x00, 0x1F, 0xF8, 0x00, 0xFF, 0xF8, 0x06, 0xFF, 0x40, 0x0B,
    0xFF, 0xFF, 0xFF, 0xF4, 0x00, 0x2F, 0xFF, 0xFF, 0xFF, 0x00, 0x00, 0xBF, 0xFF, 0xFF, 0xE0, 0x00,
    0x00, 0x7F, 0xFE, 0x90, 0x00, 0x00, 0x00, 0x1F, 0xFF, 0x00, 0x00, 0x00, 0x7F, 0xFF, 0x40, 0x00,
    0x02, 0xFF, 0xBF, 0xC0, 0x00, 0x0B, 0xF8, 0x1F, 0xE0, 0x00, 0x2F, 0xD0, 0x0B, 0xF4, 0x00, 0x00,
    0x00, 0x00, 0x00, 0x00, 0x00, 0x00, 0x00, 0x00, 0x00, 0x02, 0xFF, 0x43, 0xFC, 0x00, 0x1F, 0xFF,
    0xD3, 0xFC, 0x00, 0x7F, 0xFF, 0xFB, 0xFC, 0x00, 0xFF, 0xFF, 0xFF, 0xF8, 0x02, 0xFF, 0xE0, 0xFF,
    0xF4, 0x03, 0xFF, 0x80, 0x7F, 0xF0, 0x07, 0xFF, 0x00, 0x3F, 0xF0, 0x0F, 0xFD, 0x00, 0x3F, 0xE0,
    0x0F, 0xFC, 0x00, 0x3F, 0xE0, 0x1F, 0xFC, 0x00, 0x7F, 0xD0, 0x1F, 0xF8, 0x00, 0xBF, 0xC0, 0x2F,
    0xF8, 0x00, 0xFF, 0xC0, 0x2F, 0xF8, 0x01, 0xFF, 0x80, 0x1F, 0xF8, 0x03, 0xFF, 0x40, 0x1F, 0xFD,
    0x1F, 0xFF, 0x40, 0x0F, 0xFF, 0xFF, 0xFF, 0x00, 0x0F, 0xFF, 0xFF, 0xFF, 0x00, 0x03, 0xFF, 0xF7,
    0xFE, 0x00, 0x00, 0xBF, 0x87, 0xFD, 0x00, 0x00, 0x00, 0x0B, 0xFC, 0x00, 0x00, 0x00, 0x0F, 0xFC,
    0x00, 0x00, 0x00, 0x2F, 0xF8, 0x00, 0x79, 0x01, 0xBF, 0xF0, 0x00, 0x7F, 0xFF, 0xFF, 0xE0, 0x00,
    0x7F, 0xFF, 0xFF, 0xC0, 0x00, 0x7F, 0xFF, 0xFE, 0x00, 0x00, 0x0B, 0xFF, 0xE0, 0x00, 0x00, 0x00,
    0x00, 0x1A, 0x00, 0x06, 0x80, 0x00, 0x02, 0xF8, 0x00, 0xFC, 0x00, 0x00, 0x1F, 0xD0, 0x7F, 0x80,
    0x00, 0x00, 0xFF, 0xFF, 0xF0, 0x00, 0x00, 0x07, 0xFF, 0xFD, 0x00, 0x00, 0x00, 0x0B, 0xFE, 0x00,
    0x00, 0x00, 0x00, 0x00, 0x00, 0x00, 0x00, 0x00, 0x00, 0x00, 0x00, 0x00, 0x00, 0x00, 0x00, 0x00,
    0x00, 0x00, 0x00, 0x6F, 0xFF, 0x90, 0x00, 0x00, 0xBF, 0xFF, 0xFF, 0xD0, 0x00, 0x7F, 0xFF, 0xFF,
    0xFC, 0x00, 0x2F, 0xFF, 0xFF, 0xFF, 0x80, 0x0B, 0xFF, 0xE4, 0x06, 0xF0, 0x01, 0xFF, 0xF0, 0x00,
    0x00, 0x00, 0x3F, 0xFC, 0x00, 0x00, 0x00, 0x07, 0xFF, 0x40, 0x00, 0x00, 0x00, 0xFF, 0xE0, 0x00,
    0x00, 0x00, 0x0F, 0xFC, 0x00, 0x00, 0x00, 0x02, 0xFF, 0xC0, 0x2F, 0xFF, 0xF4, 0x2F, 0xF8, 0x03,
    0xFF, 0xFF, 0x03, 0xFF, 0x40, 0x3F, 0xFF, 0xF0, 0x3F, 0xF0, 0x07, 0xFF, 0xFE, 0x03, 0xFF, 0x00,
    0x00, 0xBF, 0xE0, 0x3F, 0xF0, 0x00, 0x0B, 0xFD, 0x03, 0xFF, 0x40, 0x00, 0xFF, 0xC0, 0x3F, 0xF8,
    0x00, 0x0F, 0xFC, 0x02, 0xFF, 0xD0, 0x01, 0xFF, 0x80, 0x0F, 0xFF, 0x80, 0x6F, 0xF4, 0x00, 0xBF,
    0xFF, 0xFF, 0xFF, 0x40, 0x02, 0xFF, 0xFF, 0xFF, 0xF0, 0x00, 0x0B, 0xFF, 0xFF, 0xFE, 0x00, 0x00,
    0x07, 0xFF, 0xE9, 0x00, 0x00, 0x00, 0x03, 0xF0, 0x02, 0xF4, 0x00, 0x03, 0xF4, 0x0B, 0xF0, 0x00,
    0x03, 0xFF, 0xFF, 0xE0, 0x00, 0x00, 0xFF, 0xFF, 0x80, 0x00, 0x00, 0x2F, 0xF9, 0x00, 0x00, 0x00,
    0x00, 0x00, 0x00, 0x00, 0x00, 0x00, 0x00, 0x00, 0x00, 0x02, 0xFF, 0x43, 0xFC, 0x00, 0x1F, 0xFF,
    0xD3, 0xFC, 0x00, 0x7F, 0xFF, 0xFB, 0xFC, 0x00, 0xFF, 0xFF, 0xFF, 0xF8, 0x02, 0xFF, 0xE0, 0xFF,
    0xF4, 0x03, 0xFF, 0x80, 0x7F, 0xF0, 0x07, 0xFF, 0x00, 0x3F, 0xF0, 0x0F, 0xFD, 0x00, 0x3F, 0xE0,
    0x0F, 0xFC, 0x00, 0x3F, 0xE0, 0x1F, 0xFC, 0x00, 0x7F, 0xD0, 0x1F, 0xF8, 0x00, 0xBF, 0xC0, 0x2F,
    0xF8, 0x00, 0xFF, 0xC0, 0x2F, 0xF8, 0x01, 0xFF, 0x80, 0x1F, 0xF8, 0x03, 0xFF, 0x40, 0x1F, 0xFD,
    0x1F, 0xFF, 0x40, 0x0F, 0xFF, 0xFF, 0xFF, 0x00, 0x0F, 0xFF, 0xFF, 0xFF, 0x00, 0x03, 0xFF, 0xF7,
    0xFE, 0x00, 0x00, 0xBF, 0x87, 0xFD, 0x00, 0x00, 0x00, 0x0B, 0xFC, 0x00, 0x00, 0x00, 0x0F, 0xFC,
    0x00, 0x00, 0x00, 0x2F, 0xF8, 0x00, 0x79, 0x01, 0xBF, 0xF0, 0x00, 0x7F, 0xFF, 0xFF, 0xE0, 0x00,
    0x7F, 0xFF, 0xFF, 0xC0, 0x00, 0x7F, 0xFF, 0xFE, 0x00, 0x00, 0x0B, 0xFF, 0xE0, 0x00, 0x00, 0x00,
    0x00, 0x00, 0x1F, 0xC0, 0x00, 0x00, 0x00, 0x07, 0xFF, 0x00, 0x00, 0x00, 0x00, 0xBF, 0xF0, 0x00,
    0x00, 0x00, 0x0B, 0xFE, 0x00, 0x00, 0x00, 0x00, 0x2F, 0x80, 0x00, 0x00, 0x00, 0x00, 0x00, 0x00,
    0x00, 0x00, 0x00, 0x00, 0x00, 0x00, 0x00, 0x00, 0x00, 0x00, 0x00, 0x00, 0x00, 0x06, 0xFF, 0xF9,
    0x00, 0x00, 0x0B, 0xFF, 0xFF, 0xFD, 0x00, 0x07, 0xFF, 0xFF, 0xFF, 0xC0, 0x02, 0xFF, 0xFF, 0xFF,
    0xF8, 0x00, 0xBF, 0xFE, 0x40, 0x6F, 0x00, 0x1F, 0xFF, 0x00, 0x00, 0x00, 0x03, 0xFF, 0xC0, 0x00,
    0x00, 0x00, 0x7F, 0xF4, 0x00, 0x00, 0x00, 0x0F, 0xFE, 0x00, 0x00, 0x00, 0x00, 0xFF, 0xC0, 0x00,
    0x00, 0x00, 0x2F, 0xFC, 0x02, 0xFF, 0xFF, 0x42, 0xFF, 0x80, 0x3F, 0xFF, 0xF0, 0x3F, 0xF4, 0x03,
    0xFF, 0xFF, 0x03, 0xFF, 0x00, 0x7F, 0xFF, 0xE0, 0x3F, 0xF0, 0x00, 0x0B, 0xFE, 0x03, 0xFF, 0x00,
    0x00, 0xBF, 0xD0, 0x3F, 0xF4, 0x00, 0x0F, 0xFC, 0x03, 0xFF, 0x80, 0x00, 0xFF, 0xC0, 0x2F, 0xFD,
    0x00, 0x1F, 0xF8, 0x00, 0xFF, 0xF8, 0x06, 0xFF, 0x40, 0x0B, 0xFF, 0xFF, 0xFF, 0xF4, 0x00, 0x2F,
    0xFF, 0xFF, 0xFF, 0x00, 0x00, 0xBF, 0xFF, 0xFF, 0xE0, 0x00, 0x00, 0x7F, 0xFE, 0x90, 0x00, 0x00,
    0x00, 0x03, 0xF4, 0x00, 0x00, 0x00, 0x0F, 0xFC, 0x00, 0x00, 0x00, 0x1F, 0xFC, 0x00, 0x00, 0x00,
    0x0F, 0xFC, 0x00, 0x00, 0x00, 0x0B, 0xF0, 0x00, 0x00, 0x00, 0x00, 0x00, 0x00, 0x00, 0x00, 0x00,
    0x00, 0x00, 0x00, 0x02, 0xFF, 0x43, 0xFC, 0x00, 0x1F, 0xFF, 0xD3, 0xFC, 0x00, 0x7F, 0xFF, 0xFB,
    0xFC, 0x00, 0xFF, 0xFF, 0xFF, 0xF8, 0x02, 0xFF, 0xE0, 0xFF, 0xF4, 0x03, 0xFF, 0x80, 0x7F, 0xF0,
    0x07, 0xFF, 0x00, 0x3F, 0xF0, 0x0F, 0xFD, 0x00, 0x3F, 0xE0, 0x0F, 0xFC, 0x00, 0x3F, 0xE0, 0x1F,
    0xFC, 0x00, 0x7F, 0xD0, 0x1F, 0xF8, 0x00, 0xBF, 0xC0, 0x2F, 0xF8, 0x00, 0xFF, 0xC0, 0x2F, 0xF8,
    0x01, 0xFF, 0x80, 0x1F, 0xF8, 0x03, 0xFF, 0x40, 0x1F, 0xFD, 0x1F, 0xFF, 0x40, 0x0F, 0xFF, 0xFF,
    0xFF, 0x00, 0x0F, 0xFF, 0xFF, 0xFF, 0x00, 0x03, 0xFF, 0xF7, 0xFE, 0x00, 0x00, 0xBF, 0x87, 0xFD,
    0x00, 0x00, 0x00, 0x0B, 0xFC, 0x00, 0x00, 0x00, 0x0F, 0xFC, 0x00, 0x00, 0x00, 0x2F, 0xF8, 0x00,
    0x79, 0x01, 0xBF, 0xF0, 0x00, 0x7F, 0xFF, 0xFF, 0xE0, 0x00, 0x7F, 0xFF, 0xFF, 0xC0, 0x00, 0x7F,
    0xFF, 0xFE, 0x00, 0x00, 0x0B, 0xFF, 0xE0, 0x00, 0x00, 0x00, 0x00, 0x06, 0xFF, 0xF9, 0x00, 0x00,
    0x0B, 0xFF, 0xFF, 0xFD, 0x00, 0x07, 0xFF, 0xFF, 0xFF, 0xC0, 0x02, 0xFF, 0xFF, 0xFF, 0xF8, 0x00,
    0xBF, 0xFE, 0x40, 0x6F, 0x00, 0x1F, 0xFF, 0x00, 0x00, 0x00, 0x03, 0xFF, 0xC0, 0x00, 0x00, 0x00,
    0x7F, 0xF4, 0x00, 0x00, 0x00, 0x0F, 0xFE, 0x00, 0x00, 0x00, 0x00, 0xFF, 0xC0, 0x00, 0x00, 0x00,
    0x2F, 0xFC, 0x02, 0xFF, 0xFF, 0x42, 0xFF, 0x80, 0x3F, 0xFF, 0xF0, 0x3F, 0xF4, 0x03, 0xFF, 0xFF,
    0x03, 0xFF, 0x00, 0x7F, 0xFF, 0xE0, 0x3F, 0xF0, 0x00, 0x0B, 0xFE, 0x03, 0xFF, 0x00, 0x00, 0xBF,
    0xD0, 0x3F, 0xF4, 0x00, 0x0F, 0xFC, 0x03, 0xFF, 0x80, 0x00, 0xFF, 0xC0, 0x2F, 0xFD, 0x00, 0x1F,
    0xF8, 0x00, 0xFF, 0xF8, 0x06, 0xFF, 0x40, 0x0B, 0xFF, 0xFF, 0xFF, 0xF4, 0x00, 0x2F, 0xFF, 0xFF,
    0xFF, 0x00, 0x00, 0xBF, 0xFF, 0xFF, 0xE0, 0x00, 0x00, 0x7F, 0xFE, 0x90, 0x00, 0x00, 0x00, 0x00,
    0x00, 0x00, 0x00, 0x00, 0x00, 0x00, 0x00, 0x00, 0x00, 0x01, 0xFF, 0x00, 0x00, 0x00, 0x00, 0x3F,
    0xE0, 0x00, 0x00, 0x00, 0x07, 0xFC, 0x00, 0x00, 0x00, 0x00, 0xFF, 0x00, 0x00, 0x00, 0x00, 0x0F,
    0xC0, 0x00, 0x00, 0x00, 0x00, 0x00, 0x00, 0xBE, 0x00, 0x00, 0x00, 0x02, 0xFC, 0x00, 0x00, 0x00,
    0x07, 0xF8, 0x00, 0x00, 0x00, 0x0F, 0xF4, 0x00, 0x00, 0x00, 0x3F, 0xF0, 0x00, 0x00, 0x00, 0x00,
    0x00, 0x00, 0x00, 0x00, 0x00, 0x00, 0x00, 0x00, 0x02, 0xFF, 0x43, 0xFC, 0x00, 0x1F, 0xFF, 0xD3,
    0xFC, 0x00, 0x3F, 0xFF, 0xFB, 0xFC, 0x00, 0xFF, 0xFF, 0xFF, 0xF8, 0x02, 0xFF, 0xE0, 0xFF, 0xF4,
    0x03, 0xFF, 0x80, 0x7F, 0xF0, 0x07, 0xFF, 0x00, 0x3F, 0xF0, 0x0F, 0xFD, 0x00, 0x3F, 0xE0, 0x0F,
    0xFC, 0x00, 0x3F, 0xE0, 0x1F, 0xFC, 0x00, 0x7F, 0xD0, 0x1F, 0xF8, 0x00, 0xBF, 0xC0, 0x2F, 0xF8,
    0x00, 0xFF, 0xC0, 0x2F, 0xF8, 0x01, 0xFF, 0x80, 0x1F, 0xF8, 0x03, 0xFF, 0x40, 0x1F, 0xFD, 0x1F,
    0xFF, 0x40, 0x0F, 0xFF, 0xFF, 0xFF, 0x00, 0x0F, 0xFF, 0xFF, 0xFF, 0x00, 0x03, 0xFF, 0xF7, 0xFE,
    0x00, 0x00, 0xBF, 0x87, 0xFD, 0x00, 0x00, 0x00, 0x0B, 0xFC, 0x00, 0x00, 0x00, 0x0F, 0xFC, 0x00,
    0x00, 0x00, 0x2F, 0xF8, 0x00, 0x79, 0x01, 0xBF, 0xF0, 0x00, 0x7F, 0xFF, 0xFF, 0xE0, 0x00, 0x7F,
    0xFF, 0xFF, 0xC0, 0x00, 0x7F, 0xFF, 0xFE, 0x00, 0x00, 0x0B, 0xFF, 0xE0, 0x00, 0x00, 0x00, 0x00,
    0x00, 0xBF, 0xF8, 0x00, 0x00, 0x00, 0x02, 0xFF, 0xFD, 0x00, 0x00, 0x00, 0x0B, 0xFE, 0xFF, 0x00,
    0x00, 0x00, 0x2F, 0xE0, 0xBF, 0x80, 0x00, 0x00, 0xBF, 0x40, 0x2F, 0xC0, 0x00, 0x00, 0x00, 0x00,
    0x00, 0x00, 0x00, 0x00, 0x00, 0x00, 0x00, 0x00, 0x00, 0x00, 0x00, 0x00, 0x00, 0x00, 0x00, 0x0F,
    0xFC, 0x00, 0x0B, 0xFD, 0x00, 0x1F, 0xF8, 0x00, 0x0F, 0xFC, 0x00, 0x2F, 0xF4, 0x00, 0x0F, 0xFC,
    0x00, 0x3F, 0xF0, 0x00, 0x1F, 0xFC, 0x00, 0x3F, 0xF0, 0x00, 0x1F, 0xF8, 0x00, 0x7F, 0xF0, 0x00,
    0x2F, 0xF4, 0x00, 0x7F, 0xE0, 0x00, 0x3F, 0xF0, 0x00, 0xBF, 0xD0, 0x00, 0x3F, 0xF0, 0x00, 0xFF,
    0xC0, 0x00, 0x7F, 0xE0, 0x00, 0xFF, 0xFF, 0xFF, 0xFF, 0xE0, 0x01, 0xFF, 0xFF, 0xFF, 0xFF, 0xD0,
    0x02, 0xFF, 0xFF, 0xFF, 0xFF, 0xC0, 0x02, 0xFF, 0xFF, 0xFF, 0xFF, 0xC0, 0x03, 0xFF, 0x00, 0x02,
    0xFF, 0x80, 0x03, 0xFF, 0x00, 0x02, 0xFF, 0x40, 0x07, 0xFE, 0x00, 0x03, 0xFF, 0x40, 0x0B, 0xFD,
    0x00, 0x03, 0xFF, 0x00, 0x0F, 0xFC, 0x00, 0x07, 0xFF, 0x00, 0x0F, 0xFC, 0x00, 0x07, 0xFE, 0x00,
    0x0F, 0xFC, 0x00, 0x0B, 0xFD, 0x00, 0x1F, 0xF8, 0x00, 0x0F, 0xFC, 0x00, 0x2F, 0xF4, 0x00, 0x0F,
    0xFC, 0x00, 0x3F, 0xF0, 0x00, 0x0F, 0xFC, 0x00, 0x3F, 0xF0, 0x00, 0x1F, 0xF8, 0x00, 0x00, 0x0B,
    0xFF, 0x80, 0x00, 0x00, 0xBF, 0xFF, 0x00, 0x00, 0x0B, 0xFE, 0xFE, 0x00, 0x00, 0xFF, 0x82, 0xFD,
    0x00, 0x0F, 0xF4, 0x02, 0xFC, 0x00, 0x00, 0x00, 0x00, 0x00, 0x00, 0x00, 0x00, 0x00, 0x00, 0x00,
    0x03, 0xFF, 0x00, 0x00, 0x00, 0x1F, 0xF8, 0x00, 0x00, 0x00, 0xBF, 0xD0, 0x00, 0x00, 0x03, 0xFF,
    0x00, 0x00, 0x00, 0x0F, 0xFC, 0x00, 0x00, 0x00, 0x3F, 0xE0, 0x00, 0x00, 0x01, 0xFF, 0x40, 0x00,
    0x00, 0x0B, 0xFC, 0x2F, 0xE0, 0x00, 0x3F, 0xF3, 0xFF, 0xF4, 0x00, 0xFF, 0xFF, 0xFF, 0xF0, 0x03,
    0xFF, 0xFF, 0xFF, 0xC0, 0x1F, 0xFF, 0x43, 0xFF, 0x40, 0xBF, 0xF4, 0x0B, 0xFD, 0x03, 0xFF, 0x80,
    0x2F, 0xF4, 0x0F, 0xFC, 0x00, 0xBF, 0xC0, 0x3F, 0xF0, 0x03, 0xFF, 0x01, 0xFF, 0x80, 0x0F, 0xFC,
    0x0B, 0xFD, 0x00, 0x7F, 0xE0, 0x3F, 0xF0, 0x01, 0xFF, 0x40, 0xFF, 0xC0, 0x0B, 0xFC, 0x07, 0xFE,
    0x00, 0x3F, 0xF0, 0x1F, 0xF4, 0x00, 0xFF, 0xC0, 0xBF, 0xC0, 0x07, 0xFE, 0x03, 0xFF, 0x00, 0x1F,
    0xF4, 0x0F, 0xFC, 0x00, 0xBF, 0xC0, 0x7F, 0xE0, 0x03, 0xFF, 0x00, 0x00, 0x0F, 0xFC, 0x00, 0x0B,
    0xFD, 0x00, 0x01, 0xFF, 0x80, 0x00, 0xFF, 0xC0, 0x00, 0x2F, 0xF4, 0x00, 0x0F, 0xFC, 0x00, 0xFF,
    0xFF, 0xFF, 0xFF, 0xFF, 0xFE, 0x0F, 0xFF, 0xFF, 0xFF, 0xFF, 0xFF, 0xD0, 0xFF, 0xFF, 0xFF, 0xFF,
    0xFF, 0xFC, 0x00, 0xBF, 0xD0, 0x00, 0x3F, 0xF0, 0x00, 0x0F, 0xFD, 0x00, 0x03, 0xFF, 0x00, 0x00,
    0xFF, 0xC0, 0x00, 0x7F, 0xE0, 0x00, 0x0F, 0xFF, 0xFF, 0xFF, 0xFD, 0x00, 0x01, 0xFF, 0xFF, 0xFF,
    0xFF, 0xC0, 0x00, 0x2F, 0xFF, 0xFF, 0xFF, 0xFC, 0x00, 0x03, 0xFF, 0xFF, 0xFF, 0xFF, 0xC0, 0x00,
    0x3F, 0xF0, 0x00, 0x2F, 0xF8, 0x00, 0x03, 0xFF, 0x00, 0x02, 0xFF, 0x40, 0x00, 0x7F, 0xE0, 0x00,
    0x3F, 0xF0, 0x00, 0x0B, 0xFD, 0x00, 0x03, 0xFF, 0x00, 0x00, 0xFF, 0xC0, 0x00, 0x7F, 0xF0, 0x00,
    0x0F, 0xFC, 0x00, 0x07, 0xFE, 0x00, 0x00, 0xFF, 0xC0, 0x00, 0xBF, 0xD0, 0x00, 0x1F, 0xF8, 0x00,
    0x0F, 0xFC, 0x00, 0x02, 0xFF, 0x40, 0x00, 0xFF, 0xC0, 0x00, 0x3F, 0xF0, 0x00, 0x1F, 0xFC, 0x00,
    0x03, 0xFF, 0x00, 0x01, 0xFF, 0x80, 0x00, 0x00, 0x0F, 0xFC, 0x00, 0x00, 0x00, 0x7F, 0xE0, 0x00,
    0x00, 0x02, 0xFF, 0x40, 0x00, 0x01, 0xFF, 0xFF, 0xFF, 0x00, 0x0B, 0xFF, 0xFF, 0xFC, 0x00, 0x3F,
    0xFF, 0xFF, 0xE0, 0x00, 0x07, 0xFE, 0x00, 0x00, 0x00, 0x2F, 0xF4, 0x00, 0x00, 0x00, 0xFF, 0xC2,
    0xFE, 0x00, 0x03, 0xFE, 0x7F, 0xFF, 0x00, 0x0F, 0xFB, 0xFF, 0xFE, 0x00, 0x7F, 0xFF, 0xFF, 0xFC,
    0x02, 0xFF, 0xF4, 0x7F, 0xF0, 0x0F, 0xFF, 0x00, 0xFF, 0xC0, 0x3F, 0xF8, 0x02, 0xFF, 0x00, 0xFF,
    0xC0, 0x0F, 0xFC, 0x07, 0xFE, 0x00, 0x3F, 0xF0, 0x2F, 0xF4, 0x01, 0xFF, 0x80, 0xFF, 0xC0, 0x07,
    0xFD, 0x03, 0xFF, 0x00, 0x2F, 0xF0, 0x1F, 0xF8, 0x00, 0xFF, 0xC0, 0x7F, 0xD0, 0x03, 0xFF, 0x02,
    0xFF, 0x00, 0x1F, 0xF8, 0x0F, 0xFC, 0x00, 0x7F, 0xD0, 0x3F, 0xF0, 0x02, 0xFF, 0x01, 0xFF, 0x80,
    0x0F, 0xFC, 0x00, 0x00, 0x00, 0x00, 0x00, 0x00, 0x00, 0x7F, 0xD0, 0x3F, 0x00, 0x1F, 0xFF, 0x9F,
    0xD0, 0x03, 0xFF, 0xFF, 0xFC, 0x00, 0x7E, 0x5F, 0xFF, 0x40, 0x0B, 0xC0, 0x2F, 0xD0, 0x00, 0x00,
    0x00, 0x00, 0x00, 0x00, 0x00, 0x00, 0x00, 0x00, 0x3F, 0xFF, 0xFD, 0x00, 0x03, 0xFF, 0xFF, 0xD0,
    0x00, 0x7F, 0xFF, 0xFC, 0x00, 0x01, 0xFF, 0xFE, 0x00, 0x00, 0x03, 0xFF, 0x00, 0x00, 0x00, 0x7F,
    0xE0, 0x00, 0x00, 0x0B, 0xFD, 0x00, 0x00, 0x00, 0xFF, 0xC0, 0x00, 0x00, 0x0F, 0xFC, 0x00, 0x00,
    0x00, 0xFF, 0xC0, 0x00, 0x00, 0x1F, 0xF8, 0x00, 0x00, 0x02, 0xFF, 0x40, 0x00, 0x00, 0x3F, 0xF0,
    0x00, 0x00, 0x03, 0xFF, 0x00, 0x00, 0x00, 0x3F, 0xE0, 0x00, 0x00, 0x07, 0xFE, 0x00, 0x00, 0x00,
    0xBF, 0xD0, 0x00, 0x00, 0x0F, 0xFC, 0x00, 0x00, 0x00, 0xFF, 0xC0, 0x00, 0x00, 0x1F, 0xF8, 0x00,
    0x00, 0x1B, 0xFF, 0xF0, 0x00, 0x07, 0xFF, 0xFF, 0xC0, 0x00, 0xBF, 0xFF, 0xFC, 0x00, 0x0F, 0xFF,
    0xFF, 0x80, 0x00, 0x00, 0x00, 0x00, 0x00, 0x0B, 0xF8, 0x03, 0xE0, 0xBF, 0xFE, 0xBF, 0x43, 0xFF,
    0xFF, 0xFC, 0x2F, 0x9B, 0xFF, 0xC0, 0xF8, 0x02, 0xF8, 0x00, 0x00, 0x00, 0x00, 0x00, 0x00, 0x00,
    0x00, 0x00, 0xBF, 0xD0, 0x00, 0x03, 0xFF, 0x00, 0x00, 0x0F, 0xFC, 0x00, 0x00, 0x7F, 0xF0, 0x00,
    0x01, 0xFF, 0x80, 0x00, 0x0B, 0xFD, 0x00, 0x00, 0x3F, 0xF0, 0x00, 0x00, 0xFF, 0xC0, 0x00, 0x07,
    0xFE, 0x00, 0x00, 0x1F, 0xF8, 0x00, 0x00, 0xBF, 0xD0, 0x00, 0x03, 0xFF, 0x00, 0x00, 0x0F, 0xFC,
    0x00, 0x00, 0x7F, 0xE0, 0x00, 0x01, 0xFF, 0x40, 0x00, 0x0B, 0xFD, 0x00, 0x00, 0x3F, 0xF0, 0x00,
    0x00, 0xFF, 0xC0, 0x00, 0x07, 0xFE, 0x00, 0x00, 0x00, 0x00, 0x0F, 0xFF, 0xFF, 0x00, 0x03, 0xFF,
    0xFF, 0xC0, 0x01, 0xFF, 0xFF, 0xF0, 0x00, 0x00, 0x00, 0x00, 0x00, 0x00, 0x00, 0x00, 0x00, 0x00,
    0x00, 0x00, 0x00, 0x03, 0xFF, 0xFF, 0xD0, 0x00, 0xFF, 0xFF, 0xF4, 0x00, 0x7F, 0xFF, 0xFC, 0x00,
    0x07, 0xFF, 0xF8, 0x00, 0x00, 0x3F, 0xF0, 0x00, 0x00, 0x1F, 0xF8, 0x00, 0x00, 0x0B, 0xFD, 0x00,
    0x00, 0x03, 0xFF, 0x00, 0x00, 0x00, 0xFF, 0xC0, 0x00, 0x00, 0x3F, 0xF0, 0x00, 0x00, 0x1F, 0xF8,
    0x00, 0x00, 0x0B, 0xFD, 0x00, 0x00, 0x03, 0xFF, 0x00, 0x00, 0x00, 0xFF, 0xC0, 0x00, 0x00, 0x3F,
    0xE0, 0x00, 0x00, 0x1F, 0xF8, 0x00, 0x00, 0x0B, 0xFD, 0x00, 0x00, 0x03, 0xFF, 0x00, 0x00, 0x00,
    0xFF, 0xC0, 0x00, 0x00, 0x7F, 0xE0, 0x00, 0x01, 0xBF, 0xFF, 0x00, 0x01, 0xFF, 0xFF, 0xF0, 0x00,
    0xBF, 0xFF, 0xFC, 0x00, 0x3F, 0xFF, 0xFE, 0x00, 0x00, 0x07, 0xFF, 0xFF, 0xC2, 0xFF, 0xFF, 0xE0,
    0xFF, 0xFF, 0xF4, 0x00, 0x00, 0x00, 0x00, 0x00, 0x00, 0x00, 0x2F, 0xF4, 0x00, 0x0F, 0xFC, 0x00,
    0x03, 0xFF, 0x00, 0x01, 0xFF, 0xC0, 0x00, 0x7F, 0xE0, 0x00, 0x2F, 0xF4, 0x00, 0x0F, 0xFC, 0x00,
    0x03, 0xFF, 0x00, 0x01, 0xFF, 0x80, 0x00, 0x7F, 0xE0, 0x00, 0x2F, 0xF4, 0x00, 0x0F, 0xFC, 0x00,
    0x03, 0xFF, 0x00, 0x01, 0xFF, 0x80, 0x00, 0x7F, 0xD0, 0x00, 0x2F, 0xF4, 0x00, 0x0F, 0xFC, 0x00,
    0x03, 0xFF, 0x00, 0x01, 0xFF, 0x80, 0x00, 0x00, 0x2F, 0x40, 0x0F, 0xC0, 0x02, 0xFC, 0x07, 0xF8,
    0x00, 0x1F, 0xFF, 0xFF, 0x00, 0x00, 0xBF, 0xFF, 0xD0, 0x00, 0x01, 0xFF, 0xE0, 0x00, 0x00, 0x00,
    0x00, 0x00, 0x00, 0x00, 0x00, 0x00, 0x00, 0x00, 0x00, 0x00, 0x00, 0x00, 0x3F, 0xFF, 0xFD, 0x00,
    0x03, 0xFF, 0xFF, 0xD0, 0x00, 0x7F, 0xFF, 0xFC, 0x00, 0x01, 0xFF, 0xFE, 0x00, 0x00, 0x03, 0xFF,
    0x00, 0x00, 0x00, 0x7F, 0xE0, 0x00, 0x00, 0x0B, 0xFD, 0x00, 0x00, 0x00, 0xFF, 0xC0, 0x00, 0x00,
    0x0F, 0xFC, 0x00, 0x00, 0x00, 0xFF, 0xC0, 0x00, 0x00, 0x1F, 0xF8, 0x00, 0x00, 0x02, 0xFF, 0x40,
    0x00, 0x00, 0x3F, 0xF0, 0x00, 0x00, 0x03, 0xFF, 0x00, 0x00, 0x00, 0x3F, 0xE0, 0x00, 0x00, 0x07,
    0xFE, 0x00, 0x00, 0x00, 0xBF, 0xD0, 0x00, 0x00, 0x0F, 0xFC, 0x00, 0x00, 0x00, 0xFF, 0xC0, 0x00,
    0x00, 0x1F, 0xF8, 0x00, 0x00, 0x1B, 0xFF, 0xF0, 0x00, 0x07, 0xFF, 0xFF, 0xC0, 0x00, 0xBF, 0xFF,
    0xFC, 0x00, 0x0F, 0xFF, 0xFF, 0x80, 0x00, 0x0F, 0xC0, 0x07, 0xE0, 0xFE, 0x01, 0xFD, 0x0B, 0xFF,
    0xFF, 0xC0, 0x3F, 0xFF, 0xF0, 0x00, 0x7F, 0xF4, 0x00, 0x00, 0x00, 0x00, 0x00, 0x00, 0x00, 0x00,
    0x0B, 0xFD, 0x00, 0x00, 0xFF, 0xC0, 0x00, 0x0F, 0xFC, 0x00, 0x01, 0xFF, 0xC0, 0x00, 0x1F, 0xF8,
    0x00, 0x02, 0xFF, 0x40, 0x00, 0x3F, 0xF0, 0x00, 0x03, 0xFF, 0x00, 0x00, 0x7F, 0xE0, 0x00, 0x07,
    0xFE, 0x00, 0x00, 0xBF, 0xD0, 0x00, 0x0F, 0xFC, 0x00, 0x00, 0xFF, 0xC0, 0x00, 0x1F, 0xF8, 0x00,
    0x01, 0xFF, 0x40, 0x00, 0x2F, 0xF4, 0x00, 0x03, 0xFF, 0x00, 0x00, 0x3F, 0xF0, 0x00, 0x07, 0xFE,
    0x00, 0x00, 0x00, 0x3F, 0xFF, 0xFD, 0x00, 0x3F, 0xFF, 0xFD, 0x00, 0x7F, 0xFF, 0xFC, 0x00, 0x1F,
    0xFF, 0xE0, 0x00, 0x03, 0xFF, 0x00, 0x00, 0x07, 0xFE, 0x00, 0x00, 0x0B, 0xFD, 0x00, 0x00, 0x0F,
    0xFC, 0x00, 0x00, 0x0F, 0xFC, 0x00, 0x00, 0x0F, 0xFC, 0x00, 0x00, 0x1F, 0xF8, 0x00, 0x00, 0x2F,
    0xF4, 0x00, 0x00, 0x3F, 0xF0, 0x00, 0x00, 0x3F, 0xF0, 0x00, 0x00, 0x3F, 0xE0, 0x00, 0x00, 0x7F,
    0xE0, 0x00, 0x00, 0xBF, 0xD0, 0x00, 0x00, 0xFF, 0xC0, 0x00, 0x00, 0xFF, 0xC0, 0x00, 0x01, 0xFF,
    0x80, 0x00, 0x1B, 0xFF, 0xF0, 0x00, 0x7F, 0xFF, 0xFC, 0x00, 0xBF, 0xFF, 0xFC, 0x00, 0xFF, 0xFF,
    0xF8, 0x00, 0x00, 0x7F, 0x00, 0x00, 0x02, 0xFC, 0x00, 0x00, 0x07, 0xF0, 0x00, 0x00, 0x0F, 0xE0,
    0x00, 0x00, 0x0F, 0xF0, 0x00, 0x00, 0x0F, 0xFF, 0x40, 0x00, 0x0B, 0xFF, 0x40, 0x00, 0x02, 0xFF,
    0x00, 0x00, 0x00, 0x00, 0xBF, 0x00, 0x00, 0x7F, 0xE0, 0x00, 0x3F, 0xF8, 0x00, 0x0B, 0xFD, 0x00,
    0x00, 0xFD, 0x00, 0x00, 0x00, 0x00, 0x00, 0x00, 0x00, 0x00, 0x2F, 0xF4, 0x00, 0x0F, 0xFC, 0x00,
    0x03, 0xFF, 0x00, 0x01, 0xFF, 0xC0, 0x00, 0x7F, 0xE0, 0x00, 0x2F, 0xF4, 0x00, 0x0F, 0xFC, 0x00,
    0x03, 0xFF, 0x00, 0x01, 0xFF, 0x80, 0x00, 0x7F, 0xE0, 0x00, 0x2F, 0xF4, 0x00, 0x0F, 0xFC, 0x00,
    0x03, 0xFF, 0x00, 0x01, 0xFF, 0x80, 0x00, 0x7F, 0xD0, 0x00, 0x2F, 0xF4, 0x00, 0x0F, 0xFC, 0x00,
    0x03, 0xFF, 0x00, 0x01, 0xFF, 0x80, 0x00, 0x1F, 0xC0, 0x00, 0x2F, 0xC0, 0x00, 0x1F, 0xC0, 0x00,
    0x0F, 0xE0, 0x00, 0x03, 0xF8, 0x00, 0x00, 0xFF, 0xF0, 0x00, 0x2F, 0xFC, 0x00, 0x02, 0xFF, 0x00,
    0x00, 0x00, 0x00, 0x1F, 0xD0, 0x00, 0x00, 0x7F, 0xF0, 0x00, 0x00, 0xBF, 0xF0, 0x00, 0x00, 0x7F,
    0xE0, 0x00, 0x00, 0x2F, 0x80, 0x00, 0x00, 0x00, 0x00, 0x00, 0x00, 0x00, 0x00, 0x00, 0x00, 0x00,
    0x00, 0x00, 0x3F, 0xFF, 0xFD, 0x00, 0x3F, 0xFF, 0xFD, 0x00, 0x7F, 0xFF, 0xFC, 0x00, 0x1F, 0xFF,
    0xE0, 0x00, 0x03, 0xFF, 0x00, 0x00, 0x07, 0xFE, 0x00, 0x00, 0x0B, 0xFD, 0x00, 0x00, 0x0F, 0xFC,
    0x00, 0x00, 0x0F, 0xFC, 0x00, 0x00, 0x0F, 0xFC, 0x00, 0x00, 0x1F, 0xF8, 0x00, 0x00, 0x2F, 0xF4,
    0x00, 0x00, 0x3F, 0xF0, 0x00, 0x00, 0x3F, 0xF0, 0x00, 0x00, 0x3F, 0xE0, 0x00, 0x00, 0x7F, 0xE0,
    0x00, 0x00, 0xBF, 0xD0, 0x00, 0x00, 0xFF, 0xC0, 0x00, 0x00, 0xFF, 0xC0, 0x00, 0x01, 0xFF, 0x80,
    0x00, 0x1B, 0xFF, 0xF0, 0x00, 0x7F, 0xFF, 0xFC, 0x00, 0xBF, 0xFF, 0xFC, 0x00, 0xFF, 0xFF, 0xF8,
    0x00, 0x00, 0xBF, 0xD0, 0x0F, 0xFC, 0x00, 0xFF, 0xC0, 0x1F, 0xFC, 0x01, 0xFF, 0x80, 0x2F, 0xF4,
    0x03, 0xFF, 0x00, 0x3F, 0xF0, 0x07, 0xFE, 0x00, 0x7F, 0xE0, 0x0B, 0xFD, 0x00, 0xFF, 0xC0, 0x0F,
    0xFC, 0x01, 0xFF, 0x80, 0x1F, 0xF4, 0x02, 0xFF, 0x40, 0x3F, 0xF0, 0x03, 0xFF, 0x00, 0x7F, 0xE0,
    0x00, 0x00, 0x3F, 0xFF, 0xFD, 0x00, 0xFF, 0xC0, 0x03, 0xFF, 0xFF, 0xD0, 0x1F, 0xFC, 0x00, 0x7F,
    0xFF, 0xFC, 0x01, 0xFF, 0x80, 0x01, 0xFF, 0xFE, 0x00, 0x2F, 0xF4, 0x00, 0x03, 0xFF, 0x00, 0x03,
    0xFF, 0x00, 0x00, 0x7F, 0xE0, 0x00, 0x3F, 0xF0, 0x00, 0x0B, 0xFD, 0x00, 0x07, 0xFE, 0x00, 0x00,
    0xFF, 0xC0, 0x00, 0xBF, 0xE0, 0x00, 0x0F, 0xFC, 0x00, 0x0B, 0xFD, 0x00, 0x00, 0xFF, 0xC0, 0x00,
    0xFF, 0xC0, 0x00, 0x1F, 0xF8, 0x00, 0x0F, 0xFC, 0x00, 0x02, 0xFF, 0x40, 0x01, 0xFF, 0x80, 0x00,
    0x3F, 0xF0, 0x00, 0x2F, 0xF4, 0x00, 0x03, 0xFF, 0x00, 0x03, 0xFF, 0x00, 0x00, 0x3F, 0xE0, 0x00,
    0x3F, 0xF0, 0x00, 0x07, 0xFE, 0x00, 0x03, 0xFF, 0x00, 0x00, 0xBF, 0xD0, 0x00, 0x7F, 0xE0, 0x00,
    0x0F, 0xFC, 0x00, 0x0B, 0xFD, 0x00, 0x00, 0xFF, 0xC0, 0x00, 0xFF, 0xC0, 0x00, 0x1F, 0xF8, 0x00,
    0x0F, 0xFC, 0x00, 0x1B, 0xFF, 0xF0, 0x01, 0xFF, 0xC0, 0x07, 0xFF, 0xFF, 0xC0, 0x1F, 0xF8, 0x00,
    0xBF, 0xFF, 0xFC, 0x02, 0xFF, 0x40, 0x0F, 0xFF, 0xFF, 0x80, 0x3F, 0xF0, 0x00, 0x00, 0x00, 0x00,
    0x03, 0xFF, 0x00, 0x00, 0x00, 0x00, 0x00, 0xFF, 0xE0, 0x00, 0x00, 0x00, 0x00, 0x2F, 0xFC, 0x00,
    0x00, 0x00, 0x07, 0xFF, 0xFF, 0x80, 0x00, 0x00, 0x00, 0x7F, 0xFF, 0xF0, 0x00, 0x00, 0x00, 0x07,
    0xFF, 0xFC, 0x00, 0x00, 0x00, 0x00, 0x7F, 0xF9, 0x00, 0x00, 0x00, 0x00, 0x00, 0x00, 0x00, 0x00,
    0x00, 0x00, 0x0B, 0xF0, 0x00, 0xBF, 0x00, 0x07, 0xFE, 0x00, 0x7F, 0xE0, 0x03, 0xFF, 0x80, 0x2F,
    0xF8, 0x00, 0xBF, 0xD0, 0x0B, 0xFD, 0x00, 0x0F, 0xD0, 0x00, 0xFE, 0x00, 0x00, 0x00, 0x00, 0x00,
    0x00, 0x00, 0x00, 0x00, 0x00, 0x00, 0x02, 0xFF, 0x40, 0x2F, 0xF4, 0x00, 0xFF, 0xC0, 0x0F, 0xFC,
    0x00, 0x3F, 0xF0, 0x03, 0xFF, 0x00, 0x1F, 0xFC, 0x00, 0xFF, 0xC0, 0x07, 0xFE, 0x00, 0x7F, 0xE0,
    0x02, 0xFF, 0x40, 0x2F, 0xF4, 0x00, 0xFF, 0xC0, 0x0F, 0xFC, 0x00, 0x3F, 0xF0, 0x03, 0xFF, 0x00,
    0x1F, 0xF8, 0x01, 0xFF, 0x80, 0x07, 0xFE, 0x00, 0x7F, 0xE0, 0x02, 0xFF, 0x40, 0x2F, 0xF4, 0x00,
    0xFF, 0xC0, 0x0F, 0xFC, 0x00, 0x3F, 0xF0, 0x03, 0xFF, 0x00, 0x1F, 0xF8, 0x01, 0xFF, 0x80, 0x07,
    0xFD, 0x00, 0x7F, 0xD0, 0x02, 0xFF, 0x40, 0x2F, 0xF4, 0x00, 0xFF, 0xC0, 0x0F, 0xFC, 0x00, 0x3F,
    0xF0, 0x03, 0xFF, 0x00, 0x1F, 0xF8, 0x01, 0xFF, 0x80, 0x00, 0x00, 0x00, 0xBF, 0xD0, 0x00, 0x00,
    0x00, 0x3F, 0xF4, 0x00, 0x00, 0x00, 0x0F, 0xFC, 0x00, 0x00, 0x00, 0x1F, 0xFE, 0x00, 0x00, 0x01,
    0xFF, 0xFF, 0x40, 0x00, 0x00, 0x7F, 0xFF, 0x80, 0x00, 0x00, 0x1F, 0xFF, 0xC0, 0x00, 0x00, 0x03,
    0xFF, 0x40, 0x00, 0x00, 0x00, 0x00, 0x00, 0x7F, 0xFC, 0x00, 0x00, 0x00, 0x1F, 0xFF, 0xD0, 0x00,
    0x00, 0x07, 0xFE, 0xFF, 0x00, 0x00, 0x02, 0xFF, 0x07, 0xF8, 0x00, 0x00, 0xBF, 0x40, 0x1F, 0xD0,
    0x00, 0x00, 0x00, 0x00, 0x00, 0x00, 0x00, 0x00, 0x00, 0x00, 0x00, 0x00, 0x00, 0x0F, 0xFC, 0x00,
    0x00, 0x00, 0x00, 0xFF, 0xC0, 0x00, 0x00, 0x00, 0x0F, 0xFC, 0x00, 0x00, 0x00, 0x01, 0xFF, 0x80,
    0x00, 0x00, 0x00, 0x2F, 0xF4, 0x00, 0x00, 0x00, 0x03, 0xFF, 0x00, 0x00, 0x00, 0x00, 0x3F, 0xF0,
    0x00, 0x00, 0x00, 0x07, 0xFE, 0x00, 0x00, 0x00, 0x00, 0xBF, 0xE0, 0x00, 0x00, 0x00, 0x0B, 0xFD,
    0x00, 0x00, 0x00, 0x00, 0xFF, 0xC0, 0x00, 0x00, 0x00, 0x0F, 0xFC, 0x00, 0x00, 0x00, 0x01, 0xFF,
    0x80, 0x00, 0x00, 0x00, 0x2F, 0xF4, 0x00, 0x00, 0x00, 0x03, 0xFF, 0x40, 0x00, 0x00, 0x00, 0x3F,
    0xF0, 0x00, 0x00, 0x00, 0x03, 0xFF, 0x00, 0x00, 0x00, 0x00, 0x7F, 0xE0, 0x00, 0x00, 0x00, 0x0B,
    0xFD, 0x00, 0x00, 0x00, 0x00, 0xFF, 0xC0, 0x00, 0x00, 0x00, 0x0F, 0xFC, 0x00, 0x00, 0x00, 0x00,
    0xFF, 0xC0, 0x00, 0x00, 0x00, 0x1F, 0xF8, 0x00, 0x00, 0x00, 0x02, 0xFF, 0x40, 0x00, 0x00, 0x00,
    0x3F, 0xF0, 0x00, 0x00, 0x00, 0x0B, 0xFF, 0x00, 0x00, 0x00, 0x02, 0xFF, 0xD0, 0x00, 0x00, 0x3F,
    0xFF, 0xFC, 0x00, 0x00, 0x07, 0xFF, 0xFF, 0x40, 0x00, 0x00, 0x7F, 0xFF, 0xD0, 0x00, 0x00, 0x03,
    0xFF, 0xE0, 0x00, 0x00, 0x00, 0x00, 0x00, 0x00, 0x00, 0x00, 0x00, 0x00, 0x00, 0x0F, 0xFF, 0x00,
    0x00, 0x00, 0xFF, 0xFE, 0x00, 0x00, 0x1F, 0xFB, 0xFD, 0x00, 0x01, 0xFF, 0x03, 0xFC, 0x00, 0x1F,
    0xE0, 0x07, 0xF8, 0x00, 0x00, 0x00, 0x00, 0x00, 0x00, 0x00, 0x00, 0x00, 0x00, 0x00, 0x0B, 0xFD,
    0x00, 0x00, 0x00, 0x3F, 0xF0, 0x00, 0x00, 0x00, 0xFF, 0xC0, 0x00, 0x00, 0x03, 0xFF, 0x00, 0x00,
    0x00, 0x1F, 0xF8, 0x00, 0x00, 0x00, 0xBF, 0xD0, 0x00, 0x00, 0x03, 0xFF, 0x00, 0x00, 0x00, 0x0F,
    0xFC, 0x00, 0x00, 0x00, 0x3F, 0xF0, 0x00, 0x00, 0x01, 0xFF, 0x80, 0x00, 0x00, 0x0B, 0xFD, 0x00,
    0x00, 0x00, 0x3F, 0xF0, 0x00, 0x00, 0x00, 0xFF, 0xC0, 0x00, 0x00, 0x03, 0xFE, 0x00, 0x00, 0x00,
    0x1F, 0xF8, 0x00, 0x00, 0x00, 0xBF, 0xD0, 0x00, 0x00, 0x03, 0xFF, 0x00, 0x00, 0x00, 0x0F, 0xFC,
    0x00, 0x00, 0x00, 0x7F, 0xE0, 0x00, 0x00, 0x01, 0xFF, 0x40, 0x00, 0x00, 0x0B, 0xFD, 0x00, 0x00,
    0x00, 0x3F, 0xF0, 0x00, 0x00, 0x07, 0xFF, 0x80, 0x00, 0x07, 0xFF, 0xFD, 0x00, 0x00, 0x1F, 0xFF,
    0xE0, 0x00, 0x00, 0x7F, 0xFF, 0x00, 0x00, 0x00, 0xFF, 0xD0, 0x00, 0x00, 0x00, 0x00, 0x0F, 0xFC,
    0x00, 0x3F, 0xFC, 0x00, 0x1F, 0xF8, 0x00, 0xBF, 0xF4, 0x00, 0x2F, 0xF4, 0x01, 0xFF, 0xD0, 0x00,
    0x3F, 0xF0, 0x07, 0xFF, 0x80, 0x00, 0x3F, 0xF0, 0x0F, 0xFE, 0x00, 0x00, 0x7F, 0xE0, 0x3F, 0xFC,
    0x00, 0x00, 0x7F, 0xD0, 0xBF, 0xF0, 0x00, 0x00, 0xBF, 0xC2, 0xFF, 0xC0, 0x00, 0x00, 0xFF, 0xC7,
    0xFF, 0x40, 0x00, 0x00, 0xFF, 0xCF, 0xFE, 0x00, 0x00, 0x01, 0xFF, 0xBF, 0xF8, 0x00, 0x00, 0x02,
    0xFF, 0xFF, 0xF0, 0x00, 0x00, 0x02, 0xFF, 0xFF, 0xF0, 0x00, 0x00, 0x03, 0xFF, 0xFF, 0xF8, 0x00,
    0x00, 0x03, 0xFF, 0xEF, 0xFC, 0x00, 0x00, 0x07, 0xFE, 0x0F, 0xFD, 0x00, 0x00, 0x0B, 0xFD, 0x0B,
    0xFE, 0x00, 0x00, 0x0F, 0xFC, 0x03, 0xFF, 0x00, 0x00, 0x0F, 0xFC, 0x03, 0xFF, 0x40, 0x00, 0x0F,
    0xFC, 0x02, 0xFF, 0xC0, 0x00, 0x1F, 0xF8, 0x00, 0xFF, 0xC0, 0x00, 0x2F, 0xF4, 0x00, 0xFF, 0xE0,
    0x00, 0x3F, 0xF0, 0x00, 0x7F, 0xF0, 0x00, 0x3F, 0xF0, 0x00, 0x3F, 0xF4, 0x00, 0x00, 0x00, 0x00,
    0x00, 0x00, 0x00, 0x00, 0x00, 0x00, 0x00, 0x00, 0x00, 0x00, 0x07, 0xFD, 0x00, 0x00, 0x00, 0x00,
    0x0F, 0xF8, 0x00, 0x00, 0x00, 0x00, 0x0F, 0xF0, 0x00, 0x00, 0x00, 0x00, 0x2F, 0xC0, 0x00, 0x00,
    0x00, 0x00, 0x3F, 0x40, 0x00, 0x00, 0x00, 0x00, 0x0F, 0xFC, 0x00, 0x00, 0x00, 0x07, 0xFE, 0x00,
    0x00, 0x00, 0x02, 0xFF, 0x40, 0x00, 0x00, 0x00, 0xFF, 0xC0, 0x00, 0x00, 0x00, 0x3F, 0xF0, 0x00,
    0x00, 0x00, 0x0F, 0xF8, 0x00, 0x00, 0x00, 0x07, 0xFE, 0x00, 0x00, 0x00, 0x02, 0xFF, 0x40, 0x1F,
    0xFC, 0x00, 0xFF, 0xC0, 0x1F, 0xFC, 0x00, 0x3F, 0xF0, 0x1F, 0xFC, 0x00, 0x0F, 0xF8, 0x1F, 0xFD,
    0x00, 0x07, 0xFD, 0x0F, 0xFD, 0x00, 0x02, 0xFF, 0x0F, 0xFD, 0x00, 0x00, 0xFF, 0xCF, 0xFD, 0x00,
    0x00, 0x3F, 0xEF, 0xFD, 0x00, 0x00, 0x0F, 0xFF, 0xFE, 0x00, 0x00, 0x07, 0xFF, 0xFF, 0xC0, 0x00,
    0x02, 0xFF, 0xFF, 0xF4, 0x00, 0x00, 0xFF, 0xFF, 0xFF, 0x00, 0x00, 0x3F, 0xF8, 0xFF, 0xC0, 0x00,
    0x1F, 0xF8, 0x2F, 0xF8, 0x00, 0x07, 0xFD, 0x03, 0xFF, 0x00, 0x02, 0xFF, 0x00, 0xFF, 0xE0, 0x00,
    0xFF, 0xC0, 0x1F, 0xFC, 0x00, 0x3F, 0xF0, 0x03, 0xFF, 0x40, 0x1F, 0xF8, 0x00, 0xBF, 0xF0, 0x00,
    0x00, 0x00, 0x00, 0x00, 0x00, 0x00, 0x00, 0x00, 0x00, 0x00, 0x00, 0x1F, 0xF4, 0x00, 0x00, 0x00,
    0x0B, 0xFC, 0x00, 0x00, 0x00, 0x03, 0xFC, 0x00, 0x00, 0x00, 0x02, 0xFD, 0x00, 0x00, 0x00, 0x00,
    0xFD, 0x00, 0x00, 0x00, 0x00, 0x00, 0xBF, 0xD0, 0x07, 0xFF, 0x00, 0x3F, 0xF0, 0x07, 0xFF, 0x00,
    0x0F, 0xFC, 0x07, 0xFF, 0x00, 0x03, 0xFE, 0x07, 0xFF, 0x40, 0x01, 0xFF, 0x43, 0xFF, 0x40, 0x00,
    0xBF, 0xC3, 0xFF, 0x40, 0x00, 0x3F, 0xF3, 0xFF, 0x40, 0x00, 0x0F, 0xFB, 0xFF, 0x40, 0x00, 0x07,
    0xFF, 0xFF, 0x80, 0x00, 0x01, 0xFF, 0xFF, 0xF0, 0x00, 0x00, 0xBF, 0xFF, 0xFD, 0x00, 0x00, 0x3F,
    0xFF, 0xFF, 0xC0, 0x00, 0x0F, 0xFE, 0x3F, 0xF0, 0x00, 0x07, 0xFE, 0x0B, 0xFE, 0x00, 0x01, 0xFF,
    0x40, 0xFF, 0xC0, 0x00, 0xBF, 0xC0, 0x3F, 0xF8, 0x00, 0x3F, 0xF0, 0x07, 0xFF, 0x00, 0x0F, 0xFC,
    0x00, 0xFF, 0xD0, 0x07, 0xFE, 0x00, 0x2F, 0xFC, 0x00, 0x00, 0x00, 0x0B, 0xFF, 0x00, 0x00, 0x07,
    0xFF, 0x00, 0x00, 0x03, 0xFF, 0x00, 0x00, 0x02, 0xFF, 0x00, 0x00, 0x01, 0xFE, 0x00, 0x00, 0x00,
    0x69, 0x00, 0x00, 0x00, 0x00, 0x00, 0x00, 0x00, 0x00, 0x00, 0x00, 0x00, 0x0F, 0xFC, 0x00, 0x00,
    0x07, 0xFE, 0x00, 0x00, 0x02, 0xFF, 0x40, 0x00, 0x00, 0xFF, 0xC0, 0x00, 0x00, 0x3F, 0xF0, 0x00,
    0x00, 0x1F, 0xF8, 0x00, 0x00, 0x07, 0xFE, 0x00, 0x00, 0x02, 0xFF, 0x40, 0x00, 0x00, 0xFF, 0xC0,
    0x00, 0x00, 0x3F, 0xF0, 0x00, 0x00, 0x1F, 0xF8, 0x00, 0x00, 0x0B, 0xFD, 0x00, 0x00, 0x02, 0xFF,
    0x40, 0x00, 0x00, 0xFF, 0xC0, 0x00, 0x00, 0x3F, 0xF0, 0x00, 0x00, 0x1F, 0xF8, 0x00, 0x00, 0x0B,
    0xFD, 0x00, 0x00, 0x03, 0xFF, 0x00, 0x00, 0x00, 0xFF, 0xC0, 0x00, 0x00, 0x3F, 0xF0, 0x00, 0x00,
    0x1F, 0xFF, 0xFF, 0xFC, 0x0B, 0xFF, 0xFF, 0xFE, 0x03, 0xFF, 0xFF, 0xFF, 0x40, 0xFF, 0xFF, 0xFF,
    0xD0, 0x00, 0x00, 0x0A, 0xA8, 0x00, 0x00, 0x3F, 0xF8, 0x00, 0x00, 0xBF, 0xE0, 0x00, 0x01, 0xFF,
    0x80, 0x00, 0x03, 0xFD, 0x00, 0x00, 0x0B, 0xF0, 0x00, 0x00, 0x00, 0x00, 0x00, 0x00, 0x00, 0x00,
    0x00, 0x00, 0x0F, 0xFC, 0x00, 0x00, 0x1F, 0xF8, 0x00, 0x00, 0x2F, 0xF4, 0x00, 0x00, 0x3F, 0xF0,
    0x00, 0x00, 0x3F, 0xF0, 0x00, 0x00, 0x3F, 0xF0, 0x00, 0x00, 0x7F, 0xE0, 0x00, 0x00, 0xBF, 0xD0,
    0x00, 0x00, 0xFF, 0xC0, 0x00, 0x00, 0xFF, 0xC0, 0x00, 0x00, 0xFF, 0xC0, 0x00, 0x01, 0xFF, 0x80,
    0x00, 0x02, 0xFF, 0x40, 0x00, 0x03, 0xFF, 0x00, 0x00, 0x03, 0xFF, 0x00, 0x00, 0x07, 0xFE, 0x00,
    0x00, 0x07, 0xFE, 0x00, 0x00, 0x0B, 0xFD, 0x00, 0x00, 0x0F, 0xFC, 0x00, 0x00, 0x0F, 0xFC, 0x00,
    0x00, 0x1F, 0xF8, 0x00, 0x00, 0x2F, 0xF4, 0x00, 0x00, 0x2F, 0xF4, 0x00, 0x00, 0x3F, 0xF0, 0x00,
    0x00, 0x3F, 0xF0, 0x00, 0x00, 0x7F, 0xE0, 0x00, 0x00, 0x00, 0x0F, 0xFC, 0x00, 0x00, 0x1F, 0xF8,
    0x00, 0x00, 0x2F, 0xF4, 0x00, 0x00, 0x3F, 0xF0, 0x00, 0x00, 0x3F, 0xF0, 0x00, 0x00, 0x7F, 0xE0,
    0x00, 0x00, 0x7F, 0xE0, 0x00, 0x00, 0xBF, 0xD0, 0x00, 0x00, 0xFF, 0xC0, 0x00, 0x00, 0xFF, 0xC0,
    0x00, 0x01, 0xFF, 0x80, 0x00, 0x02, 0xFF, 0x40, 0x00, 0x02, 0xFF, 0x40, 0x00, 0x03, 0xFF, 0x00,
    0x00, 0x03, 0xFF, 0x00, 0x00, 0x07, 0xFE, 0x00, 0x00, 0x0B, 0xFD, 0x00, 0x00, 0x0F, 0xFC, 0x00,
    0x00, 0x0F, 0xFC, 0x00, 0x00, 0x0F, 0xFC, 0x00, 0x00, 0x1F, 0xFF, 0xFF, 0xFC, 0x2F, 0xFF, 0xFF,
    0xF8, 0x3F, 0xFF, 0xFF, 0xF4, 0x3F, 0xFF, 0xFF, 0xF4, 0x00, 0x00, 0x00, 0x00, 0x00, 0x00, 0x00,
    0x00, 0x00, 0x3F, 0xF0, 0x00, 0x00, 0x7F, 0xC0, 0x00, 0x00, 0xFF, 0x40, 0x00, 0x00, 0xFE, 0x00,
    0x00, 0x02, 0xF8, 0x00, 0x00, 0x00, 0x00, 0xFF, 0xC0, 0x00, 0x7F, 0xE0, 0x00, 0x2F, 0xF4, 0x00,
    0x0F, 0xFC, 0x00, 0x03, 0xFF, 0x00, 0x00, 0xFF, 0xC0, 0x00, 0x7F, 0xE0, 0x00, 0x2F, 0xF4, 0x00,
    0x0F, 0xFC, 0x00, 0x03, 0xFF, 0x00, 0x00, 0xFF, 0xC0, 0x00, 0x7F, 0xE0, 0x00, 0x2F, 0xF4, 0x00,
    0x0F, 0xFC, 0x00, 0x03, 0xFF, 0x00, 0x01, 0xFF, 0x80, 0x00, 0x7F, 0xE0, 0x00, 0x2F, 0xF4, 0x00,
    0x0F, 0xFC, 0x00, 0x03, 0xFF, 0x00, 0x01, 0xFF, 0x80, 0x00, 0xBF, 0xD0, 0x00, 0x2F, 0xF4, 0x00,
    0x0F, 0xFC, 0x00, 0x03, 0xFF, 0x00, 0x01, 0xFF, 0x80, 0x00, 0x00, 0x00, 0x00, 0x00, 0x00, 0x00,
    0x07, 0xFD, 0x00, 0x03, 0xFE, 0x00, 0x01, 0xFF, 0x00, 0x00, 0xFF, 0x00, 0x00, 0x3F, 0x00, 0x00,
    0x00, 0x00, 0x0F, 0xFC, 0x0B, 0xFC, 0x00, 0x1F, 0xF8, 0x0F, 0xF4, 0x00, 0x2F, 0xF4, 0x2F, 0xE0,
    0x00, 0x3F, 0xF0, 0x3F, 0x80, 0x00, 0x3F, 0xF0, 0x7F, 0x00, 0x00, 0x7F, 0xE0, 0x00, 0x00, 0x00,
    0x7F, 0xE0, 0x00, 0x00, 0x00, 0xBF, 0xD0, 0x00, 0x00, 0x00, 0xFF, 0xC0, 0x00, 0x00, 0x00, 0xFF,
    0xC0, 0x00, 0x00, 0x01, 0xFF, 0x80, 0x00, 0x00, 0x02, 0xFF, 0x40, 0x00, 0x00, 0x02, 0xFF, 0x40,
    0x00, 0x00, 0x03, 0xFF, 0x00, 0x00, 0x00, 0x03, 0xFF, 0x00, 0x00, 0x00, 0x07, 0xFE, 0x00, 0x00,
    0x00, 0x0B, 0xFD, 0x00, 0x00, 0x00, 0x0F, 0xFC, 0x00, 0x00, 0x00, 0x0F, 0xFC, 0x00, 0x00, 0x00,
    0x0F, 0xFC, 0x00, 0x00, 0x00, 0x1F, 0xFF, 0xFF, 0xFC, 0x00, 0x2F, 0xFF, 0xFF, 0xF8, 0x00, 0x3F,
    0xFF, 0xFF, 0xF4, 0x00, 0x3F, 0xFF, 0xFF, 0xF4, 0x00, 0x00, 0x0F, 0xFC, 0x3F, 0xE0, 0x01, 0xFF,
    0x87, 0xFC, 0x00, 0x2F, 0xF4, 0xFF, 0x00, 0x03, 0xFF, 0x1F, 0xD0, 0x00, 0x3F, 0xF3, 0xF8, 0x00,
    0x03, 0xFF, 0x00, 0x00, 0x00, 0x7F, 0xE0, 0x00, 0x00, 0x0B, 0xFD, 0x00, 0x00, 0x00, 0xFF, 0xC0,
    0x00, 0x00, 0x0F, 0xFC, 0x00, 0x00, 0x00, 0xFF, 0xC0, 0x00, 0x00, 0x1F, 0xF8, 0x00, 0x00, 0x02,
    0xFF, 0x40, 0x00, 0x00, 0x3F, 0xF0, 0x00, 0x00, 0x03, 0xFF, 0x00, 0x00, 0x00, 0x7F, 0xE0, 0x00,
    0x00, 0x07, 0xFE, 0x00, 0x00, 0x00, 0xBF, 0xD0, 0x00, 0x00, 0x0F, 0xFC, 0x00, 0x00, 0x00, 0xFF,
    0xC0, 0x00, 0x00, 0x1F, 0xF8, 0x00, 0x00, 0x02, 0xFF, 0x40, 0x00, 0x00, 0x2F, 0xF4, 0x00, 0x00,
    0x03, 0xFF, 0x00, 0x00, 0x00, 0x3F, 0xF0, 0x00, 0x00, 0x07, 0xFE, 0x00, 0x00, 0x00, 0x00, 0x0F,
    0xFC, 0x00, 0x00, 0x07, 0xFE, 0x00, 0x00, 0x02, 0xFF, 0x40, 0x00, 0x00, 0xFF, 0xC0, 0x00, 0x00,
    0x3F, 0xF0, 0x00, 0x00, 0x1F, 0xF8, 0x00, 0x00, 0x07, 0xFE, 0x00, 0x00, 0x02, 0xFF, 0x40, 0x00,
    0x00, 0xFF, 0xC0, 0x00, 0x00, 0x3F, 0xF0, 0x2F, 0xC0, 0x1F, 0xF8, 0x1F, 0xF8, 0x0B, 0xFD, 0x0B,
    0xFF, 0x02, 0xFF, 0x42, 0xFF, 0x40, 0xFF, 0xC0, 0x3F, 0x80, 0x3F, 0xF0, 0x00, 0x00, 0x1F, 0xF8,
    0x00, 0x00, 0x0B, 0xFD, 0x00, 0x00, 0x03, 0xFF, 0x00, 0x00, 0x00, 0xFF, 0xC0, 0x00, 0x00, 0x3F,
    0xF0, 0x00, 0x00, 0x1F, 0xFF, 0xFF, 0xFC, 0x0B, 0xFF, 0xFF, 0xFE, 0x03, 0xFF, 0xFF, 0xFF, 0x40,
    0xFF, 0xFF, 0xFF, 0xD0, 0x00, 0x0F, 0xFC, 0x00, 0x00, 0x1F, 0xF8, 0x00, 0x00, 0x2F, 0xF4, 0x00,
    0x00, 0x3F, 0xF0, 0x00, 0x00, 0x3F, 0xF0, 0x00, 0x00, 0x3F, 0xF0, 0x00, 0x00, 0x7F, 0xE0, 0x00,
    0x00, 0xBF, 0xD0, 0x00, 0x00, 0xFF, 0xC0, 0x00, 0x00, 0xFF, 0xC0, 0x00, 0x00, 0xFF, 0xC0, 0x00,
    0x01, 0xFF, 0x82, 0xF8, 0x02, 0xFF, 0x4B, 0xFE, 0x03, 0xFF, 0x0F, 0xFE, 0x03, 0xFF, 0x0F, 0xFD,
    0x07, 0xFE, 0x03, 0xF8, 0x07, 0xFE, 0x00, 0x00, 0x0B, 0xFD, 0x00, 0x00, 0x0F, 0xFC, 0x00, 0x00,
    0x0F, 0xFC, 0x00, 0x00, 0x1F, 0xF8, 0x00, 0x00, 0x2F, 0xF4, 0x00, 0x00, 0x2F, 0xF4, 0x00, 0x00,
    0x3F, 0xF0, 0x00, 0x00, 0x3F, 0xF0, 0x00, 0x00, 0x7F, 0xE0, 0x00, 0x00, 0x00, 0x03, 0xFF, 0x00,
    0x00, 0x01, 0xFF, 0x80, 0x00, 0x00, 0xBF, 0xD0, 0x00, 0x00, 0x3F, 0xF0, 0x00, 0x00, 0x0F, 0xFC,
    0x00, 0x00, 0x03, 0xFE, 0x00, 0x00, 0x01, 0xFF, 0x80, 0x00, 0x00, 0xBF, 0xD6, 0x00, 0x00, 0x3F,
    0xFF, 0xC0, 0x00, 0x0F, 0xFF, 0xF8, 0x00, 0x07, 0xFF, 0xFF, 0x00, 0x02, 0xFF, 0xFD, 0x00, 0x07,
    0xFF, 0xF4, 0x00, 0x0F, 0xFF, 0xF0, 0x00, 0x01, 0xFF, 0xFC, 0x00, 0x00, 0x3F, 0xFE, 0x00, 0x00,
    0x06, 0xFF, 0x40, 0x00, 0x00, 0xBF, 0xC0, 0x00, 0x00, 0x3F, 0xF0, 0x00, 0x00, 0x0F, 0xFC, 0x00,
    0x00, 0x07, 0xFF, 0xFF, 0xFF, 0x02, 0xFF, 0xFF, 0xFF, 0x80, 0xFF, 0xFF, 0xFF, 0xD0, 0x3F, 0xFF,
    0xFF, 0xF4, 0x00, 0x0B, 0xFC, 0x00, 0x0F, 0xFC, 0x00, 0x0F, 0xF8, 0x00, 0x1F, 0xF8, 0x00, 0x2F,
    0xF4, 0x00, 0x2F, 0xF0, 0x00, 0x3F, 0xF0, 0x00, 0x3F, 0xE0, 0x00, 0x7F, 0xD0, 0x00, 0xBF, 0xD0,
    0x00, 0xFF, 0xF8, 0x00, 0xFF, 0xFC, 0x00, 0xFF, 0xFE, 0x02, 0xFF, 0xFD, 0x1F, 0xFF, 0xD0, 0xFF,
    0xFF, 0x00, 0x7F, 0xFF, 0x00, 0x3F, 0xFE, 0x00, 0x1B, 0xFD, 0x00, 0x0B, 0xFC, 0x00, 0x0F, 0xFC,
    0x00, 0x0F, 0xFC, 0x00, 0x0F, 0xF8, 0x00, 0x1F, 0xF4, 0x00, 0x2F, 0xF0, 0x00, 0x3F, 0xF0, 0x00,
    0x00, 0x00, 0x00, 0x00, 0x3F, 0xF4, 0x00, 0x00, 0x00, 0x00, 0x0B, 0xFE, 0x00, 0x00, 0x00, 0x00,
    0x01, 0xFF, 0x80, 0x00, 0x00, 0x00, 0x00, 0x3F, 0xE0, 0x00, 0x00, 0x00, 0x00, 0x0B, 0xF8, 0x00,
    0x00, 0x00, 0x00, 0x00, 0xFD, 0x00, 0x00, 0x00, 0x00, 0x00, 0x00, 0x00, 0x00, 0x00, 0x00, 0x00,
    0x00, 0x00, 0x00, 0x00, 0x00, 0x0F, 0xFF, 0x00, 0x00, 0x3F, 0xD0, 0x01, 0xFF, 0xF0, 0x00, 0x07,
    0xFC, 0x00, 0x2F, 0xFF, 0x40, 0x00, 0xBF, 0xC0, 0x03, 0xFF, 0xFC, 0x00, 0x0F, 0xF8, 0x00, 0x3F,
    0xFF, 0xC0, 0x00, 0xFF, 0x40, 0x07, 0xFF, 0xFD, 0x00, 0x1F, 0xF4, 0x00, 0xBF, 0xBF, 0xE0, 0x02,
    0xFF, 0x00, 0x0B, 0xFA, 0xFF, 0x00, 0x2F, 0xF0, 0x00, 0xFF, 0x5F, 0xF4, 0x03, 0xFE, 0x00, 0x0F,
    0xF4, 0xFF, 0x80, 0x3F, 0xD0, 0x01, 0xFF, 0x0B, 0xFC, 0x07, 0xFC, 0x00, 0x2F, 0xF0, 0x7F, 0xD0,
    0xBF, 0xC0, 0x03, 0xFF, 0x03, 0xFE, 0x0F, 0xFC, 0x00, 0x3F, 0xE0, 0x2F, 0xF0, 0xFF, 0x80, 0x03,
    0xFD, 0x01, 0xFF, 0x4F, 0xF4, 0x00, 0x7F, 0xC0, 0x0F, 0xF9, 0xFF, 0x00, 0x0B, 0xFC, 0x00, 0xFF,
    0xDF, 0xF0, 0x00, 0xFF, 0xC0, 0x07, 0xFF, 0xFF, 0x00, 0x0F, 0xF8, 0x00, 0x3F, 0xFF, 0xE0, 0x00,
    0xFF, 0x40, 0x03, 0xFF, 0xFD, 0x00, 0x1F, 0xF0, 0x00, 0x1F, 0xFF, 0xC0, 0x02, 0xFF, 0x00, 0x00,
    0xFF, 0xFC, 0x00, 0x3F, 0xE0, 0x00, 0x0F, 0xFF, 0x80, 0x03, 0xFE, 0x00, 0x00, 0xBF, 0xF4, 0x00,
    0x00, 0x00, 0x00, 0x3F, 0xF8, 0x00, 0x00, 0x02, 0xFF, 0x80, 0x00, 0x00, 0x0F, 0xF8, 0x00, 0x00,
    0x00, 0xFF, 0x80, 0x00, 0x00, 0x0B, 0xF4, 0x00, 0x00, 0x00, 0x15, 0x00, 0x00, 0x00, 0x00, 0x00,
    0x00, 0x00, 0x2F, 0xC0, 0xBF, 0x80, 0x00, 0xFF, 0x0F, 0xFF, 0xD0, 0x03, 0xFC, 0xFF, 0xFF, 0xC0,
    0x0F, 0xFF, 0xFF, 0xFF, 0x00, 0x7F, 0xFD, 0x1F, 0xFD, 0x02, 0xFF, 0xD0, 0x2F, 0xF4, 0x0F, 0xFE,
    0x00, 0xBF, 0xD0, 0x3F, 0xF4, 0x02, 0xFF, 0x01, 0xFF, 0xC0, 0x0F, 0xFC, 0x07, 0xFE, 0x00, 0x3F,
    0xF0, 0x2F, 0xF4, 0x01, 0xFF, 0x80, 0xFF, 0xC0, 0x07, 0xFD, 0x03, 0xFF, 0x00, 0x2F, 0xF0, 0x1F,
    0xF8, 0x00, 0xFF, 0xC0, 0x7F, 0xD0, 0x03, 0xFF, 0x02, 0xFF, 0x00, 0x1F, 0xF8, 0x0F, 0xFC, 0x00,
    0x7F, 0xD0, 0x3F, 0xF0, 0x02, 0xFF, 0x01, 0xFF, 0x80, 0x0F, 0xFC, 0x00, 0x00, 0x0F, 0xFF, 0x00,
    0x00, 0x3F, 0xD0, 0x01, 0xFF, 0xF0, 0x00, 0x07, 0xFC, 0x00, 0x2F, 0xFF, 0x40, 0x00, 0xBF, 0xC0,
    0x03, 0xFF, 0xFC, 0x00, 0x0F, 0xF8, 0x00, 0x3F, 0xFF, 0xC0, 0x00, 0xFF, 0x40, 0x07, 0xFF, 0xFD,
    0x00, 0x1F, 0xF4, 0x00, 0xBF, 0xBF, 0xE0, 0x02, 0xFF, 0x00, 0x0B, 0xFA, 0xFF, 0x00, 0x2F, 0xF0,
    0x00, 0xFF, 0x5F, 0xF4, 0x03, 0xFE, 0x00, 0x0F, 0xF4, 0xFF, 0x80, 0x3F, 0xD0, 0x01, 0xFF, 0x0B,
    0xFC, 0x07, 0xFC, 0x00, 0x2F, 0xF0, 0x7F, 0xD0, 0xBF, 0xC0, 0x03, 0xFF, 0x03, 0xFE, 0x0F, 0xFC,
    0x00, 0x3F, 0xE0, 0x2F, 0xF0, 0xFF, 0x80, 0x03, 0xFD, 0x01, 0xFF, 0x4F, 0xF4, 0x00, 0x7F, 0xC0,
    0x0F, 0xF9, 0xFF, 0x00, 0x0B, 0xFC, 0x00, 0xFF, 0xDF, 0xF0, 0x00, 0xFF, 0xC0, 0x07, 0xFF, 0xFF,
    0x00, 0x0F, 0xF8, 0x00, 0x3F, 0xFF, 0xE0, 0x00, 0xFF, 0x40, 0x03, 0xFF, 0xFD, 0x00, 0x1F, 0xF0,
    0x00, 0x1F, 0xFF, 0xC0, 0x02, 0xFF, 0x00, 0x00, 0xFF, 0xFC, 0x00, 0x3F, 0xE0, 0x00, 0x0F, 0xFF,
    0x80, 0x03, 0xFE, 0x00, 0x00, 0xBF, 0xF4, 0x00, 0x00, 0x00, 0x00, 0x00, 0x00, 0x00, 0x00, 0x00,
    0x00, 0x00, 0x00, 0x00, 0x00, 0x00, 0x00, 0xFF, 0x80, 0x00, 0x00, 0x00, 0x00, 0x1F, 0xF0, 0x00,
    0x00, 0x00, 0x00, 0x03, 0xFD, 0x00, 0x00, 0x00, 0x00, 0x00, 0x7F, 0x80, 0x00, 0x00, 0x00, 0x00,
    0x0B, 0xE0, 0x00, 0x00, 0x00, 0x00, 0x00, 0xBF, 0x02, 0xFE, 0x00, 0x03, 0xFC, 0x3F, 0xFF, 0x40,
    0x0F, 0xF3, 0xFF, 0xFF, 0x00, 0x3F, 0xFF, 0xFF, 0xFC, 0x01, 0xFF, 0xF4, 0x7F, 0xF4, 0x0B, 0xFF,
    0x40, 0xBF, 0xD0, 0x3F, 0xF8, 0x02, 0xFF, 0x40, 0xFF, 0xD0, 0x0B, 0xFC, 0x07, 0xFF, 0x00, 0x3F,
    0xF0, 0x1F, 0xF8, 0x00, 0xFF, 0xC0, 0xBF, 0xD0, 0x07, 0xFE, 0x03, 0xFF, 0x00, 0x1F, 0xF4, 0x0F,
    0xFC, 0x00, 0xBF, 0xC0, 0x7F, 0xE0, 0x03, 0xFF, 0x01, 0xFF, 0x40, 0x0F, 0xFC, 0x0B, 0xFC, 0x00,
    0x7F, 0xE0, 0x3F, 0xF0, 0x01, 0xFF, 0x40, 0xFF, 0xC0, 0x0B, 0xFC, 0x07, 0xFE, 0x00, 0x3F, 0xF0,
    0x00, 0x00, 0x00, 0x00, 0x00, 0x00, 0x00, 0x00, 0x00, 0x00, 0x00, 0x7F, 0xD0, 0x00, 0x00, 0x02,
    0xFF, 0x00, 0x00, 0x00, 0x0F, 0xF0, 0x00, 0x00, 0x00, 0xBF, 0x40, 0x00, 0x00, 0x03, 0xF4, 0x00,
    0x00, 0x00, 0x00, 0x00, 0x03, 0xF8, 0x01, 0xFE, 0x00, 0x00, 0x00, 0x2F, 0xD0, 0xBF, 0x80, 0x00,
    0x00, 0x00, 0xFF, 0xBF, 0xE0, 0x00, 0x00, 0x00, 0x07, 0xFF, 0xF4, 0x00, 0x00, 0x00, 0x00, 0x3F,
    0xFD, 0x00, 0x00, 0x00, 0x00, 0x00, 0x00, 0x00, 0x00, 0x00, 0x00, 0x00, 0x00, 0x00, 0x00, 0x00,
    0x00, 0x00, 0x00, 0x00, 0x00, 0x00, 0x00, 0x0F, 0xFF, 0x00, 0x00, 0x3F, 0xD0, 0x01, 0xFF, 0xF0,
    0x00, 0x07, 0xFC, 0x00, 0x2F, 0xFF, 0x40, 0x00, 0xBF, 0xC0, 0x03, 0xFF, 0xFC, 0x00, 0x0F, 0xF8,
    0x00, 0x3F, 0xFF, 0xC0, 0x00, 0xFF, 0x40, 0x07, 0xFF, 0xFD, 0x00, 0x1F, 0xF4, 0x00, 0xBF, 0xBF,
    0xE0, 0x02, 0xFF, 0x00, 0x0B, 0xFA, 0xFF, 0x00, 0x2F, 0xF0, 0x00, 0xFF, 0x5F, 0xF4, 0x03, 0xFE,
    0x00, 0x0F, 0xF4, 0xFF, 0x80, 0x3F, 0xD0, 0x01, 0xFF, 0x0B, 0xFC, 0x07, 0xFC, 0x00, 0x2F, 0xF0,
    0x7F, 0xD0, 0xBF, 0xC0, 0x03, 0xFF, 0x03, 0xFE, 0x0F, 0xFC, 0x00, 0x3F, 0xE0, 0x2F, 0xF0, 0xFF,
    0x80, 0x03, 0xFD, 0x01, 0xFF, 0x4F, 0xF4, 0x00, 0x7F, 0xC0, 0x0F, 0xF9, 0xFF, 0x00, 0x0B, 0xFC,
    0x00, 0xFF, 0xDF, 0xF0, 0x00, 0xFF, 0xC0, 0x07, 0xFF, 0xFF, 0x00, 0x0F, 0xF8, 0x00, 0x3F, 0xFF,
    0xE0, 0x00, 0xFF, 0x40, 0x03, 0xFF, 0xFD, 0x00, 0x1F, 0xF0, 0x00, 0x1F, 0xFF, 0xC0, 0x02, 0xFF,
    0x00, 0x00, 0xFF, 0xFC, 0x00, 0x3F, 0xE0, 0x00, 0x0F, 0xFF, 0x80, 0x03, 0xFE, 0x00, 0x00, 0xBF,
    0xF4, 0x00, 0x00, 0x03, 0xFC, 0x00, 0xFF, 0x00, 0x00, 0x7F, 0x82, 0xFF, 0x00, 0x00, 0x0B, 0xFB,
    0xFE, 0x00, 0x00, 0x00, 0xFF, 0xFE, 0x00, 0x00, 0x00, 0x1F, 0xFE, 0x00, 0x00, 0x00, 0x00, 0x00,
    0x00, 0x00, 0x00, 0x00, 0x00, 0x00, 0x00, 0x02, 0xFC, 0x0B, 0xF8, 0x00, 0x00, 0xFF, 0x0F, 0xFF,
    0xD0, 0x00, 0x3F, 0xCF, 0xFF, 0xFC, 0x00, 0x0F, 0xFF, 0xFF, 0xFF, 0x00, 0x07, 0xFF, 0xD1, 0xFF,
    0xD0, 0x02, 0xFF, 0xD0, 0x2F, 0xF4, 0x00, 0xFF, 0xE0, 0x0B, 0xFD, 0x00, 0x3F, 0xF4, 0x02, 0xFF,
    0x00, 0x1F, 0xFC, 0x00, 0xFF, 0xC0, 0x07, 0xFE, 0x00, 0x3F, 0xF0, 0x02, 0xFF, 0x40, 0x1F, 0xF8,
    0x00, 0xFF, 0xC0, 0x07, 0xFD, 0x00, 0x3F, 0xF0, 0x02, 0xFF, 0x00, 0x1F, 0xF8, 0x00, 0xFF, 0xC0,
    0x07, 0xFD, 0x00, 0x3F, 0xF0, 0x02, 0xFF, 0x00, 0x1F, 0xF8, 0x00, 0xFF, 0xC0, 0x07, 0xFD, 0x00,
    0x3F, 0xF0, 0x02, 0xFF, 0x00, 0x1F, 0xF8, 0x00, 0xFF, 0xC0, 0x00, 0x00, 0xFF, 0x80, 0x00, 0x00,
    0x00, 0x2F, 0xF4, 0x00, 0x00, 0x00, 0x03, 0xFF, 0x00, 0x00, 0x00, 0x00, 0x7F, 0xC0, 0x00, 0x00,
    0x00, 0x0B, 0xF8, 0x00, 0x00, 0x00, 0x00, 0xFF, 0x0F, 0xE0, 0x7F, 0xD0, 0x2F, 0xD1, 0xFD, 0x2F,
    0xFF, 0x83, 0xFC, 0x2F, 0xDB, 0xFF, 0xFD, 0x00, 0x03, 0xFE, 0xFF, 0xFF, 0xE0, 0x00, 0x3F, 0xFE,
    0x0B, 0xFF, 0x00, 0x07, 0xFF, 0xC0, 0x3F, 0xF0, 0x00, 0x7F, 0xF0, 0x03, 0xFF, 0x00, 0x0B, 0xFE,
    0x00, 0x7F, 0xE0, 0x00, 0xFF, 0xD0, 0x07, 0xFD, 0x00, 0x0F, 0xFC, 0x00, 0xBF, 0xC0, 0x01, 0xFF,
    0x80, 0x0F, 0xFC, 0x00, 0x1F, 0xF4, 0x00, 0xFF, 0xC0, 0x02, 0xFF, 0x40, 0x1F, 0xF8, 0x00, 0x3F,
    0xF0, 0x01, 0xFF, 0x40, 0x03, 0xFF, 0x00, 0x2F, 0xF0, 0x00, 0x7F, 0xE0, 0x03, 0xFF, 0x00, 0x07,
    0xFD, 0x00, 0x3F, 0xF0, 0x00, 0xBF, 0xC0, 0x07, 0xFE, 0x00, 0x0F, 0xFC, 0x00, 0xBF, 0xD0, 0x00,
    0x0F, 0xFD, 0x00, 0x00, 0x7F, 0xC0, 0x01, 0xFF, 0xF0, 0x00, 0x07, 0xFC, 0x00, 0x2F, 0xFF, 0x00,
    0x00, 0xBF, 0xC0, 0x03, 0xFF, 0xF8, 0x00, 0x0F, 0xF8, 0x00, 0x3F, 0xFF, 0xC0, 0x00, 0xFF, 0x40,
    0x07, 0xFF, 0xFD, 0x00, 0x1F, 0xF0, 0x00, 0x7F, 0xBF, 0xF0, 0x02, 0xFF, 0x00, 0x0B, 0xF9, 0xFF,
    0x00, 0x3F, 0xF0, 0x00, 0xFF, 0x4F, 0xF8, 0x03, 0xFE, 0x00, 0x0F, 0xF4, 0xBF, 0xC0, 0x3F, 0xD0,
    0x01, 0xFF, 0x07, 0xFD, 0x07, 0xFC, 0x00, 0x2F, 0xF0, 0x3F, 0xE0, 0xBF, 0xC0, 0x02, 0xFE, 0x02,
    0xFF, 0x0F, 0xF8, 0x00, 0x3F, 0xE0, 0x0F, 0xF4, 0xFF, 0x80, 0x03, 0xFD, 0x00, 0xFF, 0xCF, 0xF4,
    0x00, 0x7F, 0xC0, 0x07, 0xFD, 0xFF, 0x00, 0x0B, 0xFC, 0x00, 0x3F, 0xFF, 0xF0, 0x00, 0xFF, 0x80,
    0x02, 0xFF, 0xFE, 0x00, 0x0F, 0xF4, 0x00, 0x1F, 0xFF, 0xD0, 0x00, 0xFF, 0x40, 0x00, 0xFF, 0xFC,
    0x00, 0x1F, 0xF0, 0x00, 0x0B, 0xFF, 0xC0, 0x02, 0xFF, 0x00, 0x00, 0x3F, 0xFC, 0x00, 0x3F, 0xE0,
    0x00, 0x03, 0xFF, 0x80, 0x03, 0xFD, 0x00, 0x00, 0x1F, 0xF4, 0x00, 0x00, 0x00, 0x00, 0x01, 0xFF,
    0x00, 0x00, 0x00, 0x00, 0x00, 0x3F, 0xF0, 0x00, 0x00, 0x00, 0x00, 0x1F, 0xFD, 0x00, 0x00, 0x00,
    0x07, 0xFF, 0xFF, 0xC0, 0x00, 0x00, 0x00, 0x7F, 0xFF, 0xF0, 0x00, 0x00, 0x00, 0x07, 0xFF, 0xFC,
    0x00, 0x00, 0x00, 0x00, 0x3F, 0xFD, 0x00, 0x00, 0x00, 0x00, 0x00, 0x00, 0x00, 0x00, 0x00, 0x00,
    0xBF, 0x02, 0xFE, 0x00, 0x03, 0xFC, 0x3F, 0xFF, 0x40, 0x0F, 0xF3, 0xFF, 0xFF, 0x00, 0x3F, 0xFF,
    0xFF, 0xFC, 0x01, 0xFF, 0xF4, 0x7F, 0xF4, 0x0B, 0xFF, 0x40, 0xBF, 0xD0, 0x3F, 0xF8, 0x02, 0xFF,
    0x40, 0xFF, 0xD0, 0x0B, 0xFC, 0x07, 0xFF, 0x00, 0x3F, 0xF0, 0x1F, 0xF8, 0x00, 0xFF, 0xC0, 0xBF,
    0xD0, 0x07, 0xFE, 0x03, 0xFF, 0x00, 0x1F, 0xF4, 0x0F, 0xFC, 0x00, 0xBF, 0xC0, 0x7F, 0xE0, 0x03,
    0xFF, 0x01, 0xFF, 0x40, 0x0F, 0xFC, 0x0B, 0xFC, 0x00, 0x7F, 0xE0, 0x3F, 0xF0, 0x02, 0xFF, 0x40,
    0xFF, 0xC0, 0x0B, 0xFC, 0x07, 0xFE, 0x00, 0x3F, 0xF0, 0x00, 0x00, 0x00, 0xFF, 0xC0, 0x00, 0x00,
    0x07, 0xFE, 0x00, 0x00, 0x00, 0x3F, 0xF4, 0x00, 0x00, 0x42, 0xFF, 0xC0, 0x00, 0x03, 0xFF, 0xFE,
    0x00, 0x00, 0x0F, 0xFF, 0xF0, 0x00, 0x00, 0x3F, 0xFF, 0x00, 0x00, 0x00, 0xBF, 0xE0, 0x00, 0x00,
    0x00, 0x00, 0x0F, 0xFF, 0xFF, 0x00, 0x00, 0x00, 0x7F, 0xFF, 0xFC, 0x00, 0x00, 0x02, 0xFF, 0xFF,
    0xE0, 0x00, 0x00, 0x00, 0x00, 0x00, 0x00, 0x00, 0x00, 0x00, 0x00, 0x00, 0x00, 0x00, 0x00, 0x00,
    0x00, 0x00, 0x00, 0x00, 0x01, 0xBF, 0xF9, 0x00, 0x00, 0x00, 0x7F, 0xFF, 0xFF, 0x00, 0x00, 0x0B,
    0xFF, 0xFF, 0xFF, 0x00, 0x00, 0xFF, 0xFF, 0xFF, 0xFF, 0x00, 0x0B, 0xFF, 0xD0, 0x7F, 0xFD, 0x00,
    0x7F, 0xF8, 0x00, 0x3F, 0xFC, 0x03, 0xFF, 0x80, 0x00, 0x7F, 0xF0, 0x2F, 0xFC, 0x00, 0x00, 0xFF,
    0xC0, 0xFF, 0xD0, 0x00, 0x03, 0xFF, 0x43, 0xFF, 0x00, 0x00, 0x0F, 0xFD, 0x1F, 0xF8, 0x00, 0x00,
    0x3F, 0xF4, 0xBF, 0xD0, 0x00, 0x00, 0xFF, 0xC3, 0xFF, 0x40, 0x00, 0x03, 0xFF, 0x0F, 0xFC, 0x00,
    0x00, 0x1F, 0xFC, 0x3F, 0xF0, 0x00, 0x00, 0xBF, 0xE0, 0xFF, 0xC0, 0x00, 0x03, 0xFF, 0x43, 0xFF,
    0x40, 0x00, 0x2F, 0xFC, 0x0F, 0xFE, 0x00, 0x01, 0xFF, 0xD0, 0x2F, 0xFC, 0x00, 0x1F, 0xFF, 0x00,
    0x3F, 0xFD, 0x02, 0xFF, 0xF0, 0x00, 0xBF, 0xFF, 0xFF, 0xFF, 0x40, 0x00, 0xBF, 0xFF, 0xFF, 0xF4,
    0x00, 0x00, 0xBF, 0xFF, 0xFE, 0x00, 0x00, 0x00, 0x2F, 0xFF, 0x80, 0x00, 0x00, 0x00, 0x0F, 0xFF,
    0xFF, 0x40, 0x00, 0xFF, 0xFF, 0xF0, 0x00, 0x1F, 0xFF, 0xFF, 0x00, 0x00, 0x00, 0x00, 0x00, 0x00,
    0x00, 0x00, 0x00, 0x00, 0x00, 0x6F, 0xF9, 0x00, 0x00, 0x3F, 0xFF, 0xF8, 0x00, 0x1F, 0xFF, 0xFF,
    0xE0, 0x03, 0xFF, 0xFF, 0xFF, 0x00, 0xBF, 0xF4, 0x3F, 0xF8, 0x1F, 0xFD, 0x00, 0xFF, 0xC2, 0xFF,
    0x80, 0x0F, 0xFC, 0x3F, 0xF0, 0x00, 0xFF, 0xC3, 0xFF, 0x00, 0x0F, 0xFC, 0x7F, 0xE0, 0x00, 0xFF,
    0xC7, 0xFE, 0x00, 0x1F, 0xF8, 0xBF, 0xD0, 0x02, 0xFF, 0x8B, 0xFD, 0x00, 0x3F, 0xF0, 0x7F, 0xE0,
    0x0B, 0xFF, 0x03, 0xFF, 0x42, 0xFF, 0xD0, 0x2F, 0xFF, 0xFF, 0xF8, 0x00, 0xFF, 0xFF, 0xFF, 0x00,
    0x03, 0xFF, 0xFF, 0x80, 0x00, 0x07, 0xFF, 0x80, 0x00, 0x00, 0x00, 0x1A, 0x00, 0x06, 0x80, 0x00,
    0x00, 0xBD, 0x00, 0x3F, 0x00, 0x00, 0x02, 0xFD, 0x07, 0xF4, 0x00, 0x00, 0x03, 0xFF, 0xFF, 0xC0,
    0x00, 0x00, 0x0B, 0xFF, 0xFC, 0x00, 0x00, 0x00, 0x06, 0xFF, 0x40, 0x00, 0x00, 0x00, 0x00, 0x00,
    0x00, 0x00, 0x00, 0x00, 0x00, 0x00, 0x00, 0x00, 0x00, 0x00, 0x00, 0x00, 0x00, 0x00, 0x00, 0x6F,
    0xFE, 0x40, 0x00, 0x00, 0x1F, 0xFF, 0xFF, 0xC0, 0x00, 0x02, 0xFF, 0xFF, 0xFF, 0xC0, 0x00, 0x3F,
    0xFF, 0xFF, 0xFF, 0xC0, 0x02, 0xFF, 0xF4, 0x1F, 0xFF, 0x40, 0x1F, 0xFE, 0x00, 0x0F, 0xFF, 0x00,
    0xFF, 0xE0, 0x00, 0x1F, 0xFC, 0x0B, 0xFF, 0x00, 0x00, 0x3F, 0xF0, 0x3F, 0xF4, 0x00, 0x00, 0xFF,
    0xD0, 0xFF, 0xC0, 0x00, 0x03, 0xFF, 0x47, 0xFE, 0x00, 0x00, 0x0F, 0xFD, 0x2F, 0xF4, 0x00, 0x00,
    0x3F, 0xF0, 0xFF, 0xD0, 0x00, 0x00, 0xFF, 0xC3, 0xFF, 0x00, 0x00, 0x07, 0xFF, 0x0F, 0xFC, 0x00,
    0x00, 0x2F, 0xF8, 0x3F, 0xF0, 0x00, 0x00, 0xFF, 0xD0, 0xFF, 0xD0, 0x00, 0x0B, 0xFF, 0x03, 0xFF,
    0x80, 0x00, 0x7F, 0xF4, 0x0B, 0xFF, 0x00, 0x07, 0xFF, 0xC0, 0x0F, 0xFF, 0x40, 0xBF, 0xFC, 0x00,
    0x2F, 0xFF, 0xFF, 0xFF, 0xD0, 0x00, 0x2F, 0xFF, 0xFF, 0xFD, 0x00, 0x00, 0x2F, 0xFF, 0xFF, 0x80,
    0x00, 0x00, 0x0B, 0xFF, 0xE0, 0x00, 0x00, 0x00, 0x1F, 0x80, 0x0B, 0xD0, 0x01, 0xFD, 0x02, 0xFC,
    0x00, 0x0F, 0xFF, 0xFF, 0x40, 0x00, 0x7F, 0xFF, 0xE0, 0x00, 0x00, 0xBF, 0xE0, 0x00, 0x00, 0x00,
    0x00, 0x00, 0x00, 0x00, 0x00, 0x00, 0x00, 0x00, 0x6F, 0xF9, 0x00, 0x00, 0x3F, 0xFF, 0xF8, 0x00,
    0x1F, 0xFF, 0xFF, 0xE0, 0x03, 0xFF, 0xFF, 0xFF, 0x00, 0xBF, 0xF4, 0x3F, 0xF8, 0x1F, 0xFD, 0x00,
    0xFF, 0xC2, 0xFF, 0x80, 0x0F, 0xFC, 0x3F, 0xF0, 0x00, 0xFF, 0xC3, 0xFF, 0x00, 0x0F, 0xFC, 0x7F,
    0xE0, 0x00, 0xFF, 0xC7, 0xFE, 0x00, 0x1F, 0xF8, 0xBF, 0xD0, 0x02, 0xFF, 0x8B, 0xFD, 0x00, 0x3F,
    0xF0, 0x7F, 0xE0, 0x0B, 0xFF, 0x03, 0xFF, 0x42, 0xFF, 0xD0, 0x2F, 0xFF, 0xFF, 0xF8, 0x00, 0xFF,
    0xFF, 0xFF, 0x00, 0x03, 0xFF, 0xFF, 0x80, 0x00, 0x07, 0xFF, 0x80, 0x00, 0x00, 0x00, 0x00, 0x3F,
    0xF1, 0xFF, 0x80, 0x00, 0x00, 0x3F, 0xF0, 0xFF, 0x80, 0x00, 0x00, 0x2F, 0xE0, 0xFF, 0x40, 0x00,
    0x00, 0x1F, 0xD0, 0xBF, 0x00, 0x00, 0x00, 0x0F, 0xC0, 0x7E, 0x00, 0x00, 0x00, 0x00, 0x00, 0x00,
    0x00, 0x00, 0x00, 0x00, 0x00, 0x00, 0x00, 0x00, 0x00, 0x00, 0x00, 0x00, 0x00, 0x00, 0x00, 0x00,
    0x1B, 0xFF, 0x90, 0x00, 0x00, 0x00, 0x7F, 0xFF, 0xFF, 0x00, 0x00, 0x00, 0xBF, 0xFF, 0xFF, 0xF0,
    0x00, 0x00, 0xFF, 0xFF, 0xFF, 0xFF, 0x00, 0x00, 0xBF, 0xFD, 0x07, 0xFF, 0xD0, 0x00, 0x7F, 0xF8,
    0x00, 0x3F, 0xFC, 0x00, 0x3F, 0xF8, 0x00, 0x07, 0xFF, 0x00, 0x2F, 0xFC, 0x00, 0x00, 0xFF, 0xC0,
    0x0F, 0xFD, 0x00, 0x00, 0x3F, 0xF4, 0x03, 0xFF, 0x00, 0x00, 0x0F, 0xFD, 0x01, 0xFF, 0x80, 0x00,
    0x03, 0xFF, 0x40, 0xBF, 0xD0, 0x00, 0x00, 0xFF, 0xC0, 0x3F, 0xF4, 0x00, 0x00, 0x3F, 0xF0, 0x0F,
    0xFC, 0x00, 0x00, 0x1F, 0xFC, 0x03, 0xFF, 0x00, 0x00, 0x0B, 0xFE, 0x00, 0xFF, 0xC0, 0x00, 0x03,
    0xFF, 0x40, 0x3F, 0xF4, 0x00, 0x02, 0xFF, 0xC0, 0x0F, 0xFE, 0x00, 0x01, 0xFF, 0xD0, 0x02, 0xFF,
    0xC0, 0x01, 0xFF, 0xF0, 0x00, 0x3F, 0xFD, 0x02, 0xFF, 0xF0, 0x00, 0x0B, 0xFF, 0xFF, 0xFF, 0xF4,
    0x00, 0x00, 0xBF, 0xFF, 0xFF, 0xF4, 0x00, 0x00, 0x0B, 0xFF, 0xFF, 0xE0, 0x00, 0x00, 0x00, 0x2F,
    0xFF, 0x80, 0x00, 0x00, 0x00, 0x00, 0x3F, 0xF0, 0xFF, 0xC0, 0x00, 0x0B, 0xFD, 0x3F, 0xF0, 0x00,
    0x01, 0xFF, 0x0B, 0xF8, 0x00, 0x00, 0x3F, 0x81, 0xFD, 0x00, 0x00, 0x0F, 0xD0, 0x3F, 0x00, 0x00,
    0x00, 0x00, 0x00, 0x00, 0x00, 0x00, 0x00, 0x00, 0x00, 0x00, 0x00, 0x00, 0x6F, 0xF9, 0x00, 0x00,
    0x00, 0x3F, 0xFF, 0xF8, 0x00, 0x00, 0x1F, 0xFF, 0xFF, 0xE0, 0x00, 0x03, 0xFF, 0xFF, 0xFF, 0x00,
    0x00, 0xBF, 0xF4, 0x3F, 0xF8, 0x00, 0x1F, 0xFD, 0x00, 0xFF, 0xC0, 0x02, 0xFF, 0x80, 0x0F, 0xFC,
    0x00, 0x3F, 0xF0, 0x00, 0xFF, 0xC0, 0x03, 0xFF, 0x00, 0x0F, 0xFC, 0x00, 0x7F, 0xE0, 0x00, 0xFF,
    0xC0, 0x07, 0xFE, 0x00, 0x1F, 0xF8, 0x00, 0xBF, 0xD0, 0x02, 0xFF, 0x80, 0x0B, 0xFD, 0x00, 0x3F,
    0xF0, 0x00, 0x7F, 0xE0, 0x0B, 0xFF, 0x00, 0x03, 0xFF, 0x42, 0xFF, 0xD0, 0x00, 0x2F, 0xFF, 0xFF,
    0xF8, 0x00, 0x00, 0xFF, 0xFF, 0xFF, 0x00, 0x00, 0x03, 0xFF, 0xFF, 0x80, 0x00, 0x00, 0x07, 0xFF,
    0x80, 0x00, 0x00, 0x00, 0x00, 0x6F, 0xFF, 0xFF, 0xFF, 0xFF, 0xC0, 0x00, 0x7F, 0xFF, 0xFF, 0xFF,
    0xFF, 0xFC, 0x00, 0x2F, 0xFF, 0xFF, 0xFF, 0xFF, 0xFF, 0x80, 0x0F, 0xFF, 0xFF, 0xFF, 0xFF, 0xFF,
    0xF4, 0x02, 0xFF, 0xF4, 0x07, 0xFF, 0x00, 0x00, 0x00, 0x7F, 0xF8, 0x00, 0x7F, 0xE0, 0x00, 0x00,
    0x0F, 0xFE, 0x00, 0x0B, 0xFD, 0x00, 0x00, 0x01, 0xFF, 0xC0, 0x00, 0xBF, 0xC0, 0x00, 0x00, 0x3F,
    0xF4, 0x00, 0x0F, 0xFC, 0x00, 0x00, 0x03, 0xFF, 0x00, 0x00, 0xFF, 0xFF, 0xFF, 0x40, 0x7F, 0xE0,
    0x00, 0x1F, 0xFF, 0xFF, 0xF4, 0x0B, 0xFD, 0x00, 0x02, 0xFF, 0xFF, 0xFF, 0x00, 0xFF, 0xD0, 0x00,
    0x3F, 0xFF, 0xFF, 0xF0, 0x0F, 0xFC, 0x00, 0x03, 0xFF, 0x00, 0x00, 0x00, 0xFF, 0xC0, 0x00, 0x3F,
    0xE0, 0x00, 0x00, 0x0F, 0xFC, 0x00, 0x07, 0xFD, 0x00, 0x00, 0x00, 0xFF, 0xC0, 0x00, 0xBF, 0xD0,
    0x00, 0x00, 0x0F, 0xFD, 0x00, 0x0F, 0xFC, 0x00, 0x00, 0x00, 0xBF, 0xF0, 0x00, 0xFF, 0xC0, 0x00,
    0x00, 0x03, 0xFF, 0xD0, 0x2F, 0xFC, 0x00, 0x00, 0x00, 0x2F, 0xFF, 0xFF, 0xFF, 0xFF, 0xFF, 0xC0,
    0x00, 0xFF, 0xFF, 0xFF, 0xFF, 0xFF, 0xF8, 0x00, 0x02, 0xFF, 0xFF, 0xFF, 0xFF, 0xFF, 0x40, 0x00,
    0x02, 0xFF, 0xFF, 0xFF, 0xFF, 0xF0, 0x00, 0x00, 0x06, 0xFF, 0x40, 0x0B, 0xFF, 0x80, 0x00, 0x7F,
    0xFF, 0xE0, 0x7F, 0xFF, 0xF0, 0x01, 0xFF, 0xFF, 0xFA, 0xFF, 0xFF, 0xFC, 0x03, 0xFF, 0xFF, 0xFF,
    0xFF, 0xFF, 0xFD, 0x0F, 0xFF, 0x47, 0xFF, 0xFE, 0x0B, 0xFE, 0x1F, 0xFC, 0x01, 0xFF, 0xF0, 0x03,
    0xFE, 0x2F, 0xF8, 0x00, 0xFF, 0xD0, 0x0B, 0xFD, 0x3F, 0xF0, 0x00, 0xFF, 0xC0, 0x6F, 0xFC, 0x3F,
    0xF0, 0x00, 0xFF, 0xFF, 0xFF, 0xF0, 0x7F, 0xE0, 0x01, 0xFF, 0xFF, 0xFF, 0x80, 0x7F, 0xD0, 0x02,
    0xFF, 0xFF, 0xE4, 0x00, 0xBF, 0xD0, 0x03, 0xFF, 0x00, 0x00, 0x00, 0xBF, 0xD0, 0x03, 0xFF, 0x40,
    0x00, 0x00, 0x7F, 0xE0, 0x0F, 0xFF, 0x80, 0x00, 0x00, 0x3F, 0xF4, 0x2F, 0xFF, 0xE0, 0x1B, 0xC0,
    0x3F, 0xFF, 0xFF, 0xFF, 0xFF, 0xFF, 0xC0, 0x0F, 0xFF, 0xFF, 0xBF, 0xFF, 0xFF, 0xC0, 0x07, 0xFF,
    0xFE, 0x0F, 0xFF, 0xFF, 0x80, 0x00, 0xBF, 0xE4, 0x01, 0xFF, 0xE4, 0x00, 0x00, 0x00, 0x00, 0x0B,
    0xFF, 0x00, 0x00, 0x00, 0x07, 0xFF, 0x00, 0x00, 0x00, 0x03, 0xFF, 0x00, 0x00, 0x00, 0x02, 0xFF,
    0x00, 0x00, 0x00, 0x01, 0xFE, 0x00, 0x00, 0x00, 0x00, 0x69, 0x00, 0x00, 0x00, 0x00, 0x00, 0x00,
    0x00, 0x00, 0x00, 0x00, 0x00, 0x00, 0x00, 0x0F, 0xFF, 0xFE, 0x00, 0x00, 0x07, 0xFF, 0xFF, 0xF8,
    0x00, 0x02, 0xFF, 0xFF, 0xFF, 0x80, 0x00, 0xFF, 0xFF, 0xFF, 0xF0, 0x00, 0x3F, 0xF0, 0x1F, 0xFE,
    0x00, 0x1F, 0xFC, 0x02, 0xFF, 0x80, 0x07, 0xFE, 0x00, 0x7F, 0xF0, 0x02, 0xFF, 0x40, 0x1F, 0xF8,
    0x00, 0xFF, 0xC0, 0x0B, 0xFE, 0x00, 0x3F, 0xF0, 0x03, 0xFF, 0x40, 0x1F, 0xFC, 0x0B, 0xFF, 0xC0,
    0x0B, 0xFF, 0xFF, 0xFF, 0xC0, 0x02, 0xFF, 0xFF, 0xFF, 0xD0, 0x00, 0xFF, 0xFF, 0xFF, 0x80, 0x00,
    0x3F, 0xFF, 0xFF, 0xC0, 0x00, 0x1F, 0xF8, 0x3F, 0xF4, 0x00, 0x0B, 0xFE, 0x07, 0xFE, 0x00, 0x03,
    0xFF, 0x40, 0xFF, 0xC0, 0x00, 0xFF, 0xC0, 0x2F, 0xF8, 0x00, 0x3F, 0xF0, 0x07, 0xFF, 0x00, 0x1F,
    0xF8, 0x00, 0xFF, 0xD0, 0x0B, 0xFD, 0x00, 0x2F, 0xFC, 0x03, 0xFF, 0x00, 0x03, 0xFF, 0x00, 0xFF,
    0xC0, 0x00, 0xFF, 0xE0, 0x00, 0x00, 0x03, 0xFF, 0x40, 0x00, 0x03, 0xFF, 0x40, 0x00, 0x02, 0xFF,
    0x40, 0x00, 0x00, 0xFF, 0x40, 0x00, 0x00, 0xFF, 0x00, 0x00, 0x00, 0x15, 0x00, 0x00, 0x00, 0x00,
    0x00, 0x00, 0x02, 0xFD, 0x0B, 0xF0, 0x00, 0xFF, 0x4F, 0xFC, 0x00, 0x3F, 0xDF, 0xFF, 0x00, 0x1F,
    0xFF, 0xFF, 0x80, 0x07, 0xFF, 0xFF, 0xD0, 0x02, 0xFF, 0xF4, 0x00, 0x00, 0xFF, 0xF0, 0x00, 0x00,
    0x3F, 0xF8, 0x00, 0x00, 0x1F, 0xFC, 0x00, 0x00, 0x07, 0xFE, 0x00, 0x00, 0x02, 0xFF, 0x40, 0x00,
    0x00, 0xFF, 0xC0, 0x00, 0x00, 0x3F, 0xF0, 0x00, 0x00, 0x1F, 0xF8, 0x00, 0x00, 0x07, 0xFE, 0x00,
    0x00, 0x02, 0xFF, 0x40, 0x00, 0x00, 0xFF, 0xC0, 0x00, 0x00, 0x3F, 0xF0, 0x00, 0x00, 0x1F, 0xF8,
    0x00, 0x00, 0x00, 0x00, 0x0F, 0xFF, 0xFE, 0x00, 0x00, 0x1F, 0xFF, 0xFF, 0xE0, 0x00, 0x2F, 0xFF,
    0xFF, 0xF8, 0x00, 0x3F, 0xFF, 0xFF, 0xFC, 0x00, 0x3F, 0xF0, 0x1F, 0xFE, 0x00, 0x7F, 0xF0, 0x0B,
    0xFE, 0x00, 0x7F, 0xE0, 0x07, 0xFF, 0x00, 0xBF, 0xD0, 0x07, 0xFE, 0x00, 0xFF, 0xC0, 0x0B, 0xFE,
    0x00, 0xFF, 0xC0, 0x0F, 0xFD, 0x01, 0xFF, 0xC0, 0xBF, 0xFC, 0x02, 0xFF, 0xFF, 0xFF, 0xF0, 0x02,
    0xFF, 0xFF, 0xFF, 0xD0, 0x03, 0xFF, 0xFF, 0xFE, 0x00, 0x03, 0xFF, 0xFF, 0xFC, 0x00, 0x07, 0xFE,
    0x0F, 0xFD, 0x00, 0x0B, 0xFE, 0x07, 0xFE, 0x00, 0x0F, 0xFD, 0x03, 0xFF, 0x00, 0x0F, 0xFC, 0x02,
    0xFF, 0x80, 0x0F, 0xFC, 0x01, 0xFF, 0xC0, 0x1F, 0xF8, 0x00, 0xFF, 0xD0, 0x2F, 0xF4, 0x00, 0xBF,
    0xF0, 0x3F, 0xF0, 0x00, 0x3F, 0xF0, 0x3F, 0xF0, 0x00, 0x3F, 0xF8, 0x00, 0x00, 0x00, 0x00, 0x00,
    0x00, 0x00, 0x00, 0x00, 0x00, 0x00, 0x0B, 0xFC, 0x00, 0x00, 0x00, 0x0F, 0xF4, 0x00, 0x00, 0x00,
    0x1F, 0xE0, 0x00, 0x00, 0x00, 0x3F, 0xC0, 0x00, 0x00, 0x00, 0x7F, 0x00, 0x00, 0x00, 0x00, 0x0B,
    0xF4, 0x2F, 0xC0, 0x00, 0xFF, 0x4F, 0xFC, 0x00, 0x0F, 0xF7, 0xFF, 0xC0, 0x01, 0xFF, 0xFF, 0xF8,
    0x00, 0x1F, 0xFF, 0xFF, 0x40, 0x02, 0xFF, 0xF4, 0x00, 0x00, 0x3F, 0xFC, 0x00, 0x00, 0x03, 0xFF,
    0x80, 0x00, 0x00, 0x7F, 0xF0, 0x00, 0x00, 0x07, 0xFE, 0x00, 0x00, 0x00, 0xBF, 0xD0, 0x00, 0x00,
    0x0F, 0xFC, 0x00, 0x00, 0x00, 0xFF, 0xC0, 0x00, 0x00, 0x1F, 0xF8, 0x00, 0x00, 0x01, 0xFF, 0x80,
    0x00, 0x00, 0x2F, 0xF4, 0x00, 0x00, 0x03, 0xFF, 0x00, 0x00, 0x00, 0x3F, 0xF0, 0x00, 0x00, 0x07,
    0xFE, 0x00, 0x00, 0x00, 0x00, 0x00, 0x00, 0x00, 0x00, 0x00, 0x00, 0x00, 0x00, 0x7F, 0xD0, 0x00,
    0x00, 0x0B, 0xFC, 0x00, 0x00, 0x00, 0xFF, 0x00, 0x00, 0x00, 0x2F, 0xD0, 0x00, 0x00, 0x03, 0xF4,
    0x00, 0x00, 0x00, 0x00, 0x00, 0xFF, 0x00, 0x2F, 0xC0, 0x00, 0x03, 0xFC, 0x1F, 0xF0, 0x00, 0x00,
    0x1F, 0xFB, 0xFC, 0x00, 0x00, 0x00, 0xFF, 0xFF, 0x00, 0x00, 0x00, 0x07, 0xFF, 0xC0, 0x00, 0x00,
    0x00, 0x00, 0x00, 0x00, 0x00, 0x00, 0x00, 0x00, 0x00, 0x00, 0x00, 0x00, 0x00, 0x00, 0x00, 0x00,
    0x0F, 0xFF, 0xFE, 0x00, 0x00, 0x01, 0xFF, 0xFF, 0xFE, 0x00, 0x00, 0x2F, 0xFF, 0xFF, 0xF8, 0x00,
    0x03, 0xFF, 0xFF, 0xFF, 0xC0, 0x00, 0x3F, 0xF0, 0x1F, 0xFE, 0x00, 0x07, 0xFF, 0x00, 0xBF, 0xE0,
    0x00, 0x7F, 0xE0, 0x07, 0xFF, 0x00, 0x0B, 0xFD, 0x00, 0x7F, 0xE0, 0x00, 0xFF, 0xC0, 0x0B, 0xFE,
    0x00, 0x0F, 0xFC, 0x00, 0xFF, 0xD0, 0x01, 0xFF, 0xC0, 0xBF, 0xFC, 0x00, 0x2F, 0xFF, 0xFF, 0xFF,
    0x00, 0x02, 0xFF, 0xFF, 0xFF, 0xD0, 0x00, 0x3F, 0xFF, 0xFF, 0xE0, 0x00, 0x03, 0xFF, 0xFF, 0xFC,
    0x00, 0x00, 0x7F, 0xE0, 0xFF, 0xD0, 0x00, 0x0B, 0xFE, 0x07, 0xFE, 0x00, 0x00, 0xFF, 0xD0, 0x3F,
    0xF0, 0x00, 0x0F, 0xFC, 0x02, 0xFF, 0x80, 0x00, 0xFF, 0xC0, 0x1F, 0xFC, 0x00, 0x1F, 0xF8, 0x00,
    0xFF, 0xD0, 0x02, 0xFF, 0x40, 0x0B, 0xFF, 0x00, 0x3F, 0xF0, 0x00, 0x3F, 0xF0, 0x03, 0xFF, 0x00,
    0x03, 0xFF, 0x80, 0x00, 0x7F, 0x80, 0x1F, 0xE0, 0x02, 0xFD, 0x0B, 0xF8, 0x00, 0x0F, 0xFB, 0xFD,
    0x00, 0x00, 0x7F, 0xFF, 0x40, 0x00, 0x03, 0xFF, 0xD0, 0x00, 0x00, 0x00, 0x00, 0x00, 0x00, 0x00,
    0x00, 0x00, 0x00, 0x0B, 0xF4, 0x2F, 0xC0, 0x00, 0xFF, 0x4F, 0xFC, 0x00, 0x0F, 0xF7, 0xFF, 0xC0,
    0x01, 0xFF, 0xFF, 0xF8, 0x00, 0x1F, 0xFF, 0xFF, 0x40, 0x02, 0xFF, 0xF4, 0x00, 0x00, 0x3F, 0xFC,
    0x00, 0x00, 0x03, 0xFF, 0x80, 0x00, 0x00, 0x7F, 0xF0, 0x00, 0x00, 0x07, 0xFE, 0x00, 0x00, 0x00,
    0xBF, 0xD0, 0x00, 0x00, 0x0F, 0xFC, 0x00, 0x00, 0x00, 0xFF, 0xC0, 0x00, 0x00, 0x1F, 0xF8, 0x00,
    0x00, 0x01, 0xFF, 0x80, 0x00, 0x00, 0x2F, 0xF4, 0x00, 0x00, 0x03, 0xFF, 0x00, 0x00, 0x00, 0x3F,
    0xF0, 0x00, 0x00, 0x07, 0xFE, 0x00, 0x00, 0x00, 0x00, 0x00, 0x00, 0x2A, 0xA0, 0x00, 0x00, 0x02,
    0xFF, 0xC0, 0x00, 0x00, 0x1F, 0xFC, 0x00, 0x00, 0x00, 0xFF, 0x80, 0x00, 0x00, 0x0B, 0xF8, 0x00,
    0x00, 0x00, 0x7F, 0x40, 0x00, 0x00, 0x00, 0x00, 0x00, 0x00, 0x00, 0x00, 0x00, 0x00, 0x00, 0x00,
    0x00, 0x00, 0x00, 0x00, 0x02, 0xFF, 0xE4, 0x00, 0x00, 0xBF, 0xFF, 0xFE, 0x00, 0x0F, 0xFF, 0xFF,
    0xF8, 0x00, 0xBF, 0xFF, 0xFF, 0xC0, 0x03, 0xFF, 0xD0, 0x6E, 0x00, 0x1F, 0xFC, 0x00, 0x00, 0x00,
    0xBF, 0xE0, 0x00, 0x00, 0x02, 0xFF, 0x80, 0x00, 0x00, 0x07, 0xFF, 0x00, 0x00, 0x00, 0x0F, 0xFF,
    0x40, 0x00, 0x00, 0x2F, 0xFF, 0x80, 0x00, 0x00, 0x3F, 0xFF, 0xC0, 0x00, 0x00, 0x3F, 0xFF, 0xC0,
    0x00, 0x00, 0x2F, 0xFF, 0x80, 0x00, 0x00, 0x1F, 0xFF, 0x00, 0x00, 0x00, 0x1F, 0xFD, 0x00, 0x00,
    0x00, 0x3F, 0xF4, 0x00, 0x00, 0x00, 0xBF, 0xD0, 0x04, 0x00, 0x03, 0xFF, 0x00, 0x7E, 0x40, 0x7F,
    0xFC, 0x01, 0xFF, 0xFF, 0xFF, 0xD0, 0x07, 0xFF, 0xFF, 0xFE, 0x00, 0x0F, 0xFF, 0xFF, 0xD0, 0x00,
    0x06, 0xFF, 0xE4, 0x00, 0x00, 0x00, 0x00, 0x0B, 0xFF, 0x00, 0x00, 0x07, 0xFF, 0x00, 0x00, 0x03,
    0xFF, 0x00, 0x00, 0x03, 0xFE, 0x00, 0x00, 0x02, 0xFD, 0x00, 0x00, 0x00, 0x54, 0x00, 0x00, 0x00,
    0x00, 0x00, 0x00, 0x00, 0x6F, 0xFE, 0x00, 0x00, 0xFF, 0xFF, 0xF8, 0x00, 0xFF, 0xFF, 0xFF, 0x00,
    0x7F, 0xFF, 0xFF, 0x40, 0x2F, 0xFC, 0x07, 0xC0, 0x0B, 0xFD, 0x00, 0x00, 0x02, 0xFF, 0x80, 0x00,
    0x00, 0x7F, 0xFC, 0x00, 0x00, 0x0B, 0xFF, 0xE0, 0x00, 0x00, 0xBF, 0xFF, 0x00, 0x00, 0x07, 0xFF,
    0xF0, 0x00, 0x00, 0x2F, 0xFD, 0x00, 0x00, 0x02, 0xFF, 0x80, 0x00, 0x00, 0xBF, 0xE0, 0x2E, 0x40,
    0x7F, 0xF4, 0x0B, 0xFF, 0xFF, 0xFC, 0x02, 0xFF, 0xFF, 0xFD, 0x00, 0xBF, 0xFF, 0xFD, 0x00, 0x06,
    0xFF, 0xE4, 0x00, 0x00, 0x00, 0x00, 0x1F, 0xFF, 0x00, 0x00, 0x01, 0xFF, 0xFD, 0x00, 0x00, 0x1F,
    0xFB, 0xFC, 0x00, 0x02, 0xFF, 0x07, 0xF8, 0x00, 0x2F, 0xD0, 0x07, 0xF4, 0x00, 0x00, 0x00, 0x00,
    0x00, 0x00, 0x00, 0x00, 0x00, 0x00, 0x00, 0x00, 0x00, 0x00, 0x00, 0x00, 0xBF, 0xF9, 0x00, 0x00,
    0x2F, 0xFF, 0xFF, 0x80, 0x03, 0xFF, 0xFF, 0xFE, 0x00, 0x2F, 0xFF, 0xFF, 0xF0, 0x00, 0xFF, 0xF4,
    0x1B, 0x80, 0x07, 0xFF, 0x00, 0x00, 0x00, 0x2F, 0xF8, 0x00, 0x00, 0x00, 0xBF, 0xE0, 0x00, 0x00,
    0x01, 0xFF, 0xC0, 0x00, 0x00, 0x03, 0xFF, 0xD0, 0x00, 0x00, 0x0B, 0xFF, 0xE0, 0x00, 0x00, 0x0F,
    0xFF, 0xF0, 0x00, 0x00, 0x0F, 0xFF, 0xF0, 0x00, 0x00, 0x0B, 0xFF, 0xE0, 0x00, 0x00, 0x07, 0xFF,
    0xC0, 0x00, 0x00, 0x07, 0xFF, 0x40, 0x00, 0x00, 0x0F, 0xFD, 0x00, 0x00, 0x00, 0x2F, 0xF4, 0x01,
    0x00, 0x00, 0xFF, 0xC0, 0x1F, 0x90, 0x1F, 0xFF, 0x00, 0x7F, 0xFF, 0xFF, 0xF4, 0x01, 0xFF, 0xFF,
    0xFF, 0x80, 0x03, 0xFF, 0xFF, 0xF4, 0x00, 0x01, 0xBF, 0xF9, 0x00, 0x00, 0x00, 0x03, 0xFF, 0xD0,
    0x00, 0x02, 0xFF, 0xFC, 0x00, 0x03, 0xFF, 0xBF, 0x80, 0x03, 0xFE, 0x0F, 0xF4, 0x03, 0xFC, 0x00,
    0xFF, 0x00, 0x00, 0x00, 0x00, 0x00, 0x00, 0x00, 0x00, 0x00, 0x00, 0x6F, 0xFE, 0x00, 0x00, 0xFF,
    0xFF, 0xF8, 0x00, 0xFF, 0xFF, 0xFF, 0x00, 0x7F, 0xFF, 0xFF, 0x40, 0x2F, 0xFC, 0x07, 0xC0, 0x0B,
    0xFD, 0x00, 0x00, 0x02, 0xFF, 0x80, 0x00, 0x00, 0x7F, 0xFC, 0x00, 0x00, 0x0B, 0xFF, 0xE0, 0x00,
    0x00, 0xBF, 0xFF, 0x00, 0x00, 0x07, 0xFF, 0xF0, 0x00, 0x00, 0x2F, 0xFD, 0x00, 0x00, 0x02, 0xFF,
    0x80, 0x00, 0x00, 0xBF, 0xE0, 0x2E, 0x40, 0x7F, 0xF4, 0x0B, 0xFF, 0xFF, 0xFC, 0x02, 0xFF, 0xFF,
    0xFD, 0x00, 0xBF, 0xFF, 0xFD, 0x00, 0x06, 0xFF, 0xE4, 0x00, 0x00, 0x00, 0x00, 0xBF, 0xF9, 0x00,
    0x00, 0x2F, 0xFF, 0xFF, 0x80, 0x03, 0xFF, 0xFF, 0xFE, 0x00, 0x2F, 0xFF, 0xFF, 0xF0, 0x00, 0xFF,
    0xF4, 0x1B, 0x80, 0x07, 0xFF, 0x00, 0x00, 0x00, 0x2F, 0xF8, 0x00, 0x00, 0x00, 0xBF, 0xE0, 0x00,
    0x00, 0x01, 0xFF, 0xC0, 0x00, 0x00, 0x03, 0xFF, 0xD0, 0x00, 0x00, 0x0B, 0xFF, 0xE0, 0x00, 0x00,
    0x0F, 0xFF, 0xF0, 0x00, 0x00, 0x0F, 0xFF, 0xF0, 0x00, 0x00, 0x0B, 0xFF, 0xE0, 0x00, 0x00, 0x07,
    0xFF, 0xC0, 0x00, 0x00, 0x07, 0xFF, 0x40, 0x00, 0x00, 0x0F, 0xFD, 0x00, 0x00, 0x00, 0x2F, 0xF4,
    0x01, 0x00, 0x00, 0xFF, 0xC0, 0x1F, 0x90, 0x1F, 0xFF, 0x00, 0x7F, 0xFF, 0xFF, 0xF4, 0x01, 0xFF,
    0xFF, 0xFF, 0x80, 0x03, 0xFF, 0xFF, 0xF4, 0x00, 0x01, 0xBF, 0xF9, 0x00, 0x00, 0x00, 0x3F, 0x00,
    0x00, 0x00, 0x02, 0xFF, 0x00, 0x00, 0x00, 0x06, 0xFF, 0x00, 0x00, 0x00, 0x03, 0xFC, 0x00, 0x00,
    0x00, 0x0F, 0xF0, 0x00, 0x00, 0x1F, 0xFF, 0xC0, 0x00, 0x00, 0x7F, 0xFC, 0x00, 0x00, 0x01, 0xBE,
    0x40, 0x00, 0x00, 0x00, 0x1B, 0xFF, 0x80, 0x00, 0xFF, 0xFF, 0xF8, 0x03, 0xFF, 0xFF, 0xFC, 0x07,
    0xFF, 0xFF, 0xF4, 0x0B, 0xFF, 0x01, 0xF0, 0x0B, 0xFD, 0x00, 0x00, 0x0B, 0xFE, 0x00, 0x00, 0x07,
    0xFF, 0xC0, 0x00, 0x03, 0xFF, 0xF8, 0x00, 0x00, 0xFF, 0xFF, 0x00, 0x00, 0x2F, 0xFF, 0xC0, 0x00,
    0x03, 0xFF, 0xD0, 0x00, 0x00, 0xFF, 0xE0, 0x00, 0x00, 0xBF, 0xE0, 0xA0, 0x00, 0xFF, 0xD0, 0xBF,
    0xEF, 0xFF, 0xC0, 0xBF, 0xFF, 0xFF, 0x40, 0xBF, 0xFF, 0xFD, 0x00, 0x1B, 0xFF, 0x90, 0x00, 0x00,
    0xFC, 0x00, 0x00, 0x02, 0xFF, 0x40, 0x00, 0x01, 0xBF, 0xC0, 0x00, 0x00, 0x2F, 0xC0, 0x00, 0x00,
    0x3F, 0xC0, 0x00, 0x1F, 0xFF, 0xC0, 0x00, 0x1F, 0xFF, 0x40, 0x00, 0x0B, 0xE8, 0x00, 0x00, 0x00,
    0x07, 0xF4, 0x02, 0xFD, 0x00, 0x03, 0xFD, 0x0F, 0xF4, 0x00, 0x00, 0xFF, 0xBF, 0xD0, 0x00, 0x00,
    0xBF, 0xFF, 0x40, 0x00, 0x00, 0x3F, 0xFD, 0x00, 0x00, 0x00, 0x00, 0x00, 0x00, 0x00, 0x00, 0x00,
    0x00, 0x00, 0x00, 0x00, 0x00, 0x00, 0x00, 0x00, 0x00, 0xBF, 0xF9, 0x00, 0x00, 0x0B, 0xFF, 0xFF,
    0xE0, 0x00, 0x3F, 0xFF, 0xFF, 0xE0, 0x00, 0xBF, 0xFF, 0xFF, 0xC0, 0x00, 0xFF, 0xF4, 0x1B, 0x80,
    0x01, 0xFF, 0xC0, 0x00, 0x00, 0x02, 0xFF, 0x80, 0x00, 0x00, 0x02, 0xFF, 0x80, 0x00, 0x00, 0x01,
    0xFF, 0xC0, 0x00, 0x00, 0x00, 0xFF, 0xF4, 0x00, 0x00, 0x00, 0xBF, 0xFE, 0x00, 0x00, 0x00, 0x3F,
    0xFF, 0xC0, 0x00, 0x00, 0x0F, 0xFF, 0xF0, 0x00, 0x00, 0x02, 0xFF, 0xF8, 0x00, 0x00, 0x00, 0x7F,
    0xFC, 0x00, 0x00, 0x00, 0x1F, 0xFD, 0x00, 0x00, 0x00, 0x0F, 0xFD, 0x00, 0x00, 0x00, 0x0B, 0xFD,
    0x00, 0x10, 0x00, 0x0F, 0xFC, 0x00, 0x7E, 0x40, 0x7F, 0xFC, 0x00, 0x7F, 0xFF, 0xFF, 0xF4, 0x00,
    0x7F, 0xFF, 0xFF, 0xE0, 0x00, 0x3F, 0xFF, 0xFF, 0x40, 0x00, 0x06, 0xFF, 0xE4, 0x00, 0x00, 0x00,
    0xFF, 0x00, 0x3F, 0xC0, 0x03, 0xFC, 0x1F, 0xF0, 0x00, 0x2F, 0xEB, 0xFC, 0x00, 0x00, 0xFF, 0xFF,
    0x00, 0x00, 0x07, 0xFF, 0xC0, 0x00, 0x00, 0x00, 0x00, 0x00, 0x00, 0x00, 0x00, 0x00, 0x00, 0x01,
    0xBF, 0xF8, 0x00, 0x00, 0xFF, 0xFF, 0xF8, 0x00, 0x3F, 0xFF, 0xFF, 0xC0, 0x07, 0xFF, 0xFF, 0xF4,
    0x00, 0xBF, 0xF0, 0x1F, 0x00, 0x0B, 0xFD, 0x00, 0x00, 0x00, 0xBF, 0xE0, 0x00, 0x00, 0x07, 0xFF,
    0xC0, 0x00, 0x00, 0x2F, 0xFF, 0x80, 0x00, 0x00, 0xBF, 0xFF, 0x00, 0x00, 0x01, 0xFF, 0xFC, 0x00,
    0x00, 0x02, 0xFF, 0xD0, 0x00, 0x00, 0x0B, 0xFE, 0x00, 0x00, 0x00, 0xBF, 0xE0, 0x0B, 0x90, 0x1F,
    0xFD, 0x00, 0xBF, 0xFF, 0xFF, 0xC0, 0x0B, 0xFF, 0xFF, 0xF4, 0x00, 0xBF, 0xFF, 0xFD, 0x00, 0x01,
    0xBF, 0xF9, 0x00, 0x00, 0x1F, 0xFF, 0xFF, 0xFF, 0xF0, 0xBF, 0xFF, 0xFF, 0xFF, 0x83, 0xFF, 0xFF,
    0xFF, 0xFE, 0x0F, 0xFF, 0xFF, 0xFF, 0xF4, 0x00, 0x0B, 0xFD, 0x00, 0x00, 0x00, 0x3F, 0xF0, 0x00,
    0x00, 0x00, 0xFF, 0xC0, 0x00, 0x00, 0x07, 0xFF, 0x00, 0x00, 0x00, 0x2F, 0xF8, 0x00, 0x00, 0x00,
    0xBF, 0xD0, 0x00, 0x00, 0x03, 0xFF, 0x00, 0x00, 0x00, 0x0F, 0xFC, 0x00, 0x00, 0x00, 0x7F, 0xE0,
    0x00, 0x00, 0x02, 0xFF, 0x80, 0x00, 0x00, 0x0B, 0xFD, 0x00, 0x00, 0x00, 0x3F, 0xF0, 0x00, 0x00,
    0x00, 0xFF, 0xC0, 0x00, 0x00, 0x07, 0xFE, 0x00, 0x00, 0x00, 0x2F, 0xF4, 0x00, 0x00, 0x00, 0xFF,
    0xD0, 0x00, 0x00, 0x03, 0xFF, 0x00, 0x00, 0x00, 0x0F, 0xFC, 0x00, 0x00, 0x00, 0x7F, 0xE0, 0x00,
    0x00, 0x02, 0xFF, 0x40, 0x00, 0x00, 0x02, 0xF4, 0x00, 0x00, 0x00, 0x1F, 0xE0, 0x00, 0x00, 0x00,
    0x7F, 0xF0, 0x00, 0x00, 0x00, 0x3F, 0xC0, 0x00, 0x00, 0x00, 0xFF, 0x00, 0x00, 0x01, 0xFF, 0xFC,
    0x00, 0x00, 0x07, 0xFF, 0xD0, 0x00, 0x00, 0x1F, 0xF8, 0x00, 0x00, 0x00, 0x00, 0x0F, 0xD0, 0x00,
    0x01, 0xFC, 0x00, 0x00, 0x3F, 0xC0, 0x00, 0x07, 0xFC, 0x00, 0x02, 0xFF, 0xFF, 0xC2, 0xFF, 0xFF,
    0xFC, 0x3F, 0xFF, 0xFF, 0xC7, 0xFF, 0xFF, 0xF8, 0x03, 0xFF, 0x00, 0x00, 0x7F, 0xE0, 0x00, 0x0B,
    0xFD, 0x00, 0x00, 0xBF, 0xC0, 0x00, 0x0F, 0xFC, 0x00, 0x00, 0xFF, 0xC0, 0x00, 0x1F, 0xF8, 0x00,
    0x02, 0xFF, 0x40, 0x00, 0x3F, 0xF0, 0x00, 0x03, 0xFF, 0x00, 0x00, 0x3F, 0xF4, 0x10, 0x03, 0xFF,
    0xFF, 0x00, 0x3F, 0xFF, 0xF0, 0x01, 0xFF, 0xFF, 0x00, 0x03, 0xFF, 0x90, 0x00, 0x3F, 0x00, 0x00,
    0x0B, 0xFD, 0x00, 0x00, 0x2F, 0xF0, 0x00, 0x00, 0xBF, 0x40, 0x00, 0x0F, 0xF0, 0x00, 0x7F, 0xFF,
    0x00, 0x07, 0xFF, 0xD0, 0x00, 0x2F, 0xA0, 0x00, 0x00, 0x00, 0x3F, 0x80, 0x1F, 0xF0, 0x00, 0x7F,
    0x82, 0xFE, 0x00, 0x00, 0xFF, 0xBF, 0xE0, 0x00, 0x00, 0xFF, 0xFE, 0x00, 0x00, 0x02, 0xFF, 0xE0,
    0x00, 0x00, 0x00, 0x00, 0x00, 0x00, 0x00, 0x00, 0x00, 0x00, 0x00, 0x00, 0x00, 0x00, 0x00, 0x1F,
    0xFF, 0xFF, 0xFF, 0xF0, 0xBF, 0xFF, 0xFF, 0xFF, 0x83, 0xFF, 0xFF, 0xFF, 0xFE, 0x0F, 0xFF, 0xFF,
    0xFF, 0xF4, 0x00, 0x0B, 0xFD, 0x00, 0x00, 0x00, 0x3F, 0xF0, 0x00, 0x00, 0x00, 0xFF, 0xC0, 0x00,
    0x00, 0x07, 0xFF, 0x00, 0x00, 0x00, 0x2F, 0xF8, 0x00, 0x00, 0x00, 0xBF, 0xD0, 0x00, 0x00, 0x03,
    0xFF, 0x00, 0x00, 0x00, 0x0F, 0xFC, 0x00, 0x00, 0x00, 0x7F, 0xE0, 0x00, 0x00, 0x02, 0xFF, 0x80,
    0x00, 0x00, 0x0B, 0xFD, 0x00, 0x00, 0x00, 0x3F, 0xF0, 0x00, 0x00, 0x00, 0xFF, 0xC0, 0x00, 0x00,
    0x07, 0xFE, 0x00, 0x00, 0x00, 0x2F, 0xF4, 0x00, 0x00, 0x00, 0xFF, 0xD0, 0x00, 0x00, 0x03, 0xFF,
    0x00, 0x00, 0x00, 0x0F, 0xFC, 0x00, 0x00, 0x00, 0x7F, 0xE0, 0x00, 0x00, 0x02, 0xFF, 0x40, 0x00,
    0x00, 0x00, 0x00, 0x00, 0xBF, 0xC0, 0x00, 0x00, 0x0F, 0xF4, 0x00, 0x00, 0x01, 0xFE, 0x00, 0x00,
    0xFD, 0x3F, 0xC0, 0x00, 0x1F, 0xC7, 0xF0, 0x00, 0x03, 0xFC, 0x00, 0x00, 0x00, 0x7F, 0xC0, 0x00,
    0x00, 0x2F, 0xFF, 0xFC, 0x00, 0x2F, 0xFF, 0xFF, 0xC0, 0x03, 0xFF, 0xFF, 0xFC, 0x00, 0x7F, 0xFF,
    0xFF, 0x80, 0x00, 0x3F, 0xF0, 0x00, 0x00, 0x07, 0xFE, 0x00, 0x00, 0x00, 0xBF, 0xD0, 0x00, 0x00,
    0x0B, 0xFC, 0x00, 0x00, 0x00, 0xFF, 0xC0, 0x00, 0x00, 0x0F, 0xFC, 0x00, 0x00, 0x01, 0xFF, 0x80,
    0x00, 0x00, 0x2F, 0xF4, 0x00, 0x00, 0x03, 0xFF, 0x00, 0x00, 0x00, 0x3F, 0xF0, 0x00, 0x00, 0x03,
    0xFF, 0x41, 0x00, 0x00, 0x3F, 0xFF, 0xF0, 0x00, 0x03, 0xFF, 0xFF, 0x00, 0x00, 0x1F, 0xFF, 0xF0,
    0x00, 0x00, 0x2F, 0xF9, 0x00, 0x00, 0x1F, 0xFF, 0xFF, 0xFF, 0xF0, 0xBF, 0xFF, 0xFF, 0xFF, 0x83,
    0xFF, 0xFF, 0xFF, 0xFE, 0x0F, 0xFF, 0xFF, 0xFF, 0xF4, 0x00, 0x0B, 0xFD, 0x00, 0x00, 0x00, 0x3F,
    0xF0, 0x00, 0x00, 0x00, 0xFF, 0xC0, 0x00, 0x00, 0x07, 0xFF, 0x00, 0x00, 0x00, 0x2F, 0xF8, 0x00,
    0x00, 0x00, 0xBF, 0xD0, 0x00, 0x02, 0xFF, 0xFF, 0xFF, 0x00, 0x0F, 0xFF, 0xFF, 0xFC, 0x00, 0x3F,
    0xFF, 0xFF, 0xE0, 0x01, 0xFF, 0xFF, 0xFF, 0x40, 0x00, 0x0F, 0xFD, 0x00, 0x00, 0x00, 0x3F, 0xF0,
    0x00, 0x00, 0x00, 0xFF, 0xC0, 0x00, 0x00, 0x07, 0xFE, 0x00, 0x00, 0x00, 0x2F, 0xF4, 0x00, 0x00,
    0x00, 0xFF, 0xD0, 0x00, 0x00, 0x03, 0xFF, 0x00, 0x00, 0x00, 0x0F, 0xFC, 0x00, 0x00, 0x00, 0x7F,
    0xE0, 0x00, 0x00, 0x02, 0xFF, 0x40, 0x00, 0x00, 0x00, 0x03, 0xF4, 0x00, 0x00, 0x1F, 0xC0, 0x00,
    0x00, 0xFF, 0x00, 0x00, 0x07, 0xFC, 0x00, 0x00, 0xBF, 0xFF, 0xF0, 0x2F, 0xFF, 0xFF, 0xC0, 0xFF,
    0xFF, 0xFF, 0x07, 0xFF, 0xFF, 0xF8, 0x00, 0xFF, 0xC0, 0x00, 0x07, 0xFE, 0x00, 0x00, 0x2F, 0xF4,
    0x00, 0x0F, 0xFF, 0xFF, 0xC0, 0x3F, 0xFF, 0xFE, 0x01, 0xFF, 0xFF, 0xF4, 0x00, 0x7F, 0xD0, 0x00,
    0x02, 0xFF, 0x00, 0x00, 0x0F, 0xFC, 0x00, 0x00, 0x3F, 0xF0, 0x00, 0x00, 0xFF, 0xD0, 0x80, 0x03,
    0xFF, 0xFF, 0x00, 0x0F, 0xFF, 0xFC, 0x00, 0x1F, 0xFF, 0xF0, 0x00, 0x0B, 0xFE, 0x40, 0x00, 0x00,
    0x00, 0x00, 0x00, 0x00, 0x00, 0x00, 0x07, 0xFD, 0x02, 0xF0, 0x00, 0x00, 0xFF, 0xFD, 0xBE, 0x00,
    0x00, 0x2F, 0xFF, 0xFF, 0xD0, 0x00, 0x03, 0xF5, 0xFF, 0xF8, 0x00, 0x00, 0x7C, 0x01, 0xFD, 0x00,
    0x00, 0x00, 0x00, 0x00, 0x00, 0x00, 0x00, 0x00, 0x00, 0x00, 0x00, 0x01, 0xFF, 0x80, 0x00, 0xFF,
    0xC0, 0x2F, 0xF4, 0x00, 0x0F, 0xFC, 0x03, 0xFF, 0x00, 0x00, 0xFF, 0xC0, 0x3F, 0xF0, 0x00, 0x1F,
    0xF8, 0x07, 0xFF, 0x00, 0x02, 0xFF, 0x40, 0x7F, 0xE0, 0x00, 0x3F, 0xF0, 0x0B, 0xFD, 0x00, 0x03,
    0xFF, 0x00, 0xFF, 0xC0, 0x00, 0x7F, 0xE0, 0x0F, 0xFC, 0x00, 0x0B, 0xFE, 0x01, 0xFF, 0x80, 0x00,
    0xBF, 0xD0, 0x2F, 0xF8, 0x00, 0x0F, 0xFC, 0x03, 0xFF, 0x40, 0x00, 0xFF, 0xC0, 0x3F, 0xF0, 0x00,
    0x1F, 0xF8, 0x03, 0xFF, 0x00, 0x02, 0xFF, 0x40, 0x7F, 0xE0, 0x00, 0x3F, 0xF0, 0x0B, 0xFD, 0x00,
    0x03, 0xFF, 0x00, 0xBF, 0xD0, 0x00, 0x7F, 0xF0, 0x0B, 0xFD, 0x00, 0x0B, 0xFD, 0x00, 0xBF, 0xE0,
    0x01, 0xFF, 0xC0, 0x07, 0xFF, 0x80, 0xBF, 0xF8, 0x00, 0x3F, 0xFF, 0xFF, 0xFF, 0x00, 0x01, 0xFF,
    0xFF, 0xFF, 0xC0, 0x00, 0x07, 0xFF, 0xFF, 0xE0, 0x00, 0x00, 0x06, 0xFF, 0xE0, 0x00, 0x00, 0x00,
    0x00, 0x00, 0x00, 0x00, 0x00, 0x0B, 0xF8, 0x07, 0xD0, 0x00, 0xBF, 0xFE, 0xBF, 0x00, 0x07, 0xFF,
    0xFF, 0xFC, 0x00, 0x2F, 0x5B, 0xFF, 0xC0, 0x00, 0xF8, 0x02, 0xF8, 0x00, 0x00, 0x00, 0x00, 0x00,
    0x00, 0x00, 0x00, 0x00, 0x00, 0x03, 0xFF, 0x00, 0x1F, 0xF4, 0x0F, 0xFC, 0x00, 0xBF, 0xD0, 0x3F,
    0xE0, 0x03, 0xFF, 0x01, 0xFF, 0x40, 0x0F, 0xFC, 0x0B, 0xFD, 0x00, 0x7F, 0xE0, 0x3F, 0xF0, 0x01,
    0xFF, 0x40, 0xFF, 0xC0, 0x0B, 0xFC, 0x07, 0xFE, 0x00, 0x3F, 0xF0, 0x1F, 0xF4, 0x00, 0xFF, 0xC0,
    0xBF, 0xC0, 0x07, 0xFE, 0x03, 0xFF, 0x00, 0x2F, 0xF4, 0x0F, 0xFC, 0x00, 0xFF, 0xC0, 0x3F, 0xE0,
    0x0B, 0xFF, 0x00, 0xFF, 0x80, 0x3F, 0xFC, 0x03, 0xFF, 0x47, 0xFF, 0xE0, 0x0F, 0xFF, 0xFF, 0xFF,
    0x40, 0x2F, 0xFF, 0xF3, 0xFC, 0x00, 0x3F, 0xFF, 0x4F, 0xF0, 0x00, 0x2F, 0xE0, 0x3F, 0xC0, 0x00,
    0x00, 0x00, 0xFF, 0xFF, 0xF4, 0x00, 0x00, 0x0F, 0xFF, 0xFF, 0x00, 0x00, 0x01, 0xFF, 0xFF, 0xF0,
    0x00, 0x00, 0x00, 0x00, 0x00, 0x00, 0x00, 0x00, 0x00, 0x00, 0x00, 0x00, 0x00, 0x00, 0x00, 0x00,
    0x00, 0x01, 0xFF, 0x80, 0x00, 0xFF, 0xC0, 0x2F, 0xF4, 0x00, 0x0F, 0xFC, 0x03, 0xFF, 0x00, 0x00,
    0xFF, 0xC0, 0x3F, 0xF0, 0x00, 0x1F, 0xF8, 0x07, 0xFF, 0x00, 0x02, 0xFF, 0x40, 0x7F, 0xE0, 0x00,
    0x3F, 0xF0, 0x0B, 0xFD, 0x00, 0x03, 0xFF, 0x00, 0xFF, 0xC0, 0x00, 0x7F, 0xE0, 0x0F, 0xFC, 0x00,
    0x0B, 0xFE, 0x01, 0xFF, 0x80, 0x00, 0xBF, 0xD0, 0x2F, 0xF8, 0x00, 0x0F, 0xFC, 0x03, 0xFF, 0x40,
    0x00, 0xFF, 0xC0, 0x3F, 0xF0, 0x00, 0x1F, 0xF8, 0x03, 0xFF, 0x00, 0x02, 0xFF, 0x40, 0x7F, 0xE0,
    0x00, 0x3F, 0xF0, 0x0B, 0xFD, 0x00, 0x03, 0xFF, 0x00, 0xBF, 0xD0, 0x00, 0x7F, 0xF0, 0x0B, 0xFD,
    0x00, 0x0B, 0xFD, 0x00, 0xBF, 0xE0, 0x01, 0xFF, 0xC0, 0x07, 0xFF, 0x80, 0xBF, 0xF8, 0x00, 0x3F,
    0xFF, 0xFF, 0xFF, 0x00, 0x01, 0xFF, 0xFF, 0xFF, 0xC0, 0x00, 0x07, 0xFF, 0xFF, 0xE0, 0x00, 0x00,
    0x06, 0xFF, 0xE0, 0x00, 0x00, 0x00, 0x07, 0xFF, 0xFF, 0xC0, 0x00, 0x2F, 0xFF, 0xFE, 0x00, 0x00,
    0xFF, 0xFF, 0xF4, 0x00, 0x00, 0x00, 0x00, 0x00, 0x00, 0x00, 0x00, 0x00, 0x00, 0x0F, 0xFC, 0x00,
    0x7F, 0xD0, 0x3F, 0xF0, 0x02, 0xFF, 0x40, 0xFF, 0x80, 0x0F, 0xFC, 0x07, 0xFD, 0x00, 0x3F, 0xF0,
    0x2F, 0xF4, 0x01, 0xFF, 0x80, 0xFF, 0xC0, 0x07, 0xFD, 0x03, 0xFF, 0x00, 0x2F, 0xF0, 0x1F, 0xF8,
    0x00, 0xFF, 0xC0, 0x7F, 0xD0, 0x03, 0xFF, 0x02, 0xFF, 0x00, 0x1F, 0xF8, 0x0F, 0xFC, 0x00, 0xBF,
    0xD0, 0x3F, 0xF0, 0x03, 0xFF, 0x00, 0xFF, 0x80, 0x2F, 0xFC, 0x03, 0xFE, 0x00, 0xFF, 0xF0, 0x0F,
    0xFD, 0x1F, 0xFF, 0x80, 0x3F, 0xFF, 0xFF, 0xFD, 0x00, 0xBF, 0xFF, 0xCF, 0xF0, 0x00, 0xFF, 0xFD,
    0x3F, 0xC0, 0x00, 0xBF, 0x80, 0xFF, 0x00, 0x00, 0x00, 0xA4, 0x00, 0x68, 0x00, 0x00, 0x1F, 0x80,
    0x0F, 0xC0, 0x00, 0x01, 0xFD, 0x03, 0xFC, 0x00, 0x00, 0x0F, 0xFF, 0xFF, 0x00, 0x00, 0x00, 0x7F,
    0xFF, 0xD0, 0x00, 0x00, 0x00, 0xBF, 0xE0, 0x00, 0x00, 0x00, 0x00, 0x00, 0x00, 0x00, 0x00, 0x00,
    0x00, 0x00, 0x00, 0x00, 0x00, 0x00, 0x00, 0x00, 0x00, 0x1F, 0xF8, 0x00, 0x0F, 0xFC, 0x02, 0xFF,
    0x40, 0x00, 0xFF, 0xC0, 0x3F, 0xF0, 0x00, 0x0F, 0xFC, 0x03, 0xFF, 0x00, 0x01, 0xFF, 0x80, 0x7F,
    0xF0, 0x00, 0x2F, 0xF4, 0x07, 0xFE, 0x00, 0x03, 0xFF, 0x00, 0xBF, 0xD0, 0x00, 0x3F, 0xF0, 0x0F,
    0xFC, 0x00, 0x07, 0xFE, 0x00, 0xFF, 0xC0, 0x00, 0xBF, 0xE0, 0x1F, 0xF8, 0x00, 0x0B, 0xFD, 0x02,
    0xFF, 0x80, 0x00, 0xFF, 0xC0, 0x3F, 0xF4, 0x00, 0x0F, 0xFC, 0x03, 0xFF, 0x00, 0x01, 0xFF, 0x80,
    0x3F, 0xF0, 0x00, 0x2F, 0xF4, 0x07, 0xFE, 0x00, 0x03, 0xFF, 0x00, 0xBF, 0xD0, 0x00, 0x3F, 0xF0,
    0x0B, 0xFD, 0x00, 0x07, 0xFF, 0x00, 0xBF, 0xD0, 0x00, 0xBF, 0xD0, 0x0B, 0xFE, 0x00, 0x1F, 0xFC,
    0x00, 0x7F, 0xF8, 0x0B, 0xFF, 0x80, 0x03, 0xFF, 0xFF, 0xFF, 0xF0, 0x00, 0x1F, 0xFF, 0xFF, 0xFC,
    0x00, 0x00, 0x7F, 0xFF, 0xFE, 0x00, 0x00, 0x00, 0x6F, 0xFE, 0x00, 0x00, 0x00, 0x00, 0x0F, 0xC0,
    0x07, 0xE0, 0x00, 0x3F, 0x80, 0x7F, 0x40, 0x00, 0xBF, 0xFF, 0xFC, 0x00, 0x00, 0xFF, 0xFF, 0xC0,
    0x00, 0x00, 0x7F, 0xE4, 0x00, 0x00, 0x00, 0x00, 0x00, 0x00, 0x00, 0x00, 0x00, 0x00, 0x00, 0xFF,
    0xC0, 0x07, 0xFD, 0x03, 0xFF, 0x00, 0x2F, 0xF4, 0x0F, 0xF8, 0x00, 0xFF, 0xC0, 0x7F, 0xD0, 0x03,
    0xFF, 0x02, 0xFF, 0x40, 0x1F, 0xF8, 0x0F, 0xFC, 0x00, 0x7F, 0xD0, 0x3F, 0xF0, 0x02, 0xFF, 0x01,
    0xFF, 0x80, 0x0F, 0xFC, 0x07, 0xFD, 0x00, 0x3F, 0xF0, 0x2F, 0xF0, 0x01, 0xFF, 0x80, 0xFF, 0xC0,
    0x0B, 0xFD, 0x03, 0xFF, 0x00, 0x3F, 0xF0, 0x0F, 0xF8, 0x02, 0xFF, 0xC0, 0x3F, 0xE0, 0x0F, 0xFF,
    0x00, 0xFF, 0xD1, 0xFF, 0xF8, 0x03, 0xFF, 0xFF, 0xFF, 0xD0, 0x0B, 0xFF, 0xFC, 0xFF, 0x00, 0x0F,
    0xFF, 0xD3, 0xFC, 0x00, 0x0B, 0xF8, 0x0F, 0xF0, 0x00, 0x00, 0x00, 0x02, 0xFD, 0x00, 0x00, 0x00,
    0x00, 0xFF, 0xF4, 0x00, 0x00, 0x00, 0x3F, 0x5F, 0xC0, 0x00, 0x00, 0x03, 0xE0, 0x7C, 0x00, 0x00,
    0x00, 0x3E, 0x07, 0xC0, 0x00, 0x00, 0x03, 0xF0, 0xFC, 0x00, 0x00, 0x00, 0x1F, 0xFF, 0x40, 0x00,
    0x00, 0x00, 0x7F, 0xD0, 0x00, 0x00, 0x00, 0x00, 0x00, 0x00, 0x00, 0x00, 0x00, 0x00, 0x00, 0x00,
    0x00, 0x00, 0x00, 0x00, 0x00, 0x00, 0x1F, 0xF8, 0x00, 0x0F, 0xFC, 0x02, 0xFF, 0x40, 0x00, 0xFF,
    0xC0, 0x3F, 0xF0, 0x00, 0x0F, 0xFC, 0x03, 0xFF, 0x00, 0x01, 0xFF, 0x80, 0x7F, 0xF0, 0x00, 0x2F,
    0xF4, 0x07, 0xFE, 0x00, 0x03, 0xFF, 0x00, 0xBF, 0xD0, 0x00, 0x3F, 0xF0, 0x0F, 0xFC, 0x00, 0x07,
    0xFE, 0x00, 0xFF, 0xC0, 0x00, 0xBF, 0xE0, 0x1F, 0xF8, 0x00, 0x0B, 0xFD, 0x02, 0xFF, 0x80, 0x00,
    0xFF, 0xC0, 0x3F, 0xF4, 0x00, 0x0F, 0xFC, 0x03, 0xFF, 0x00, 0x01, 0xFF, 0x80, 0x3F, 0xF0, 0x00,
    0x2F, 0xF4, 0x07, 0xFE, 0x00, 0x03, 0xFF, 0x00, 0xBF, 0xD0, 0x00, 0x3F, 0xF0, 0x0B, 0xFD, 0x00,
    0x07, 0xFF, 0x00, 0xBF, 0xD0, 0x00, 0xBF, 0xD0, 0x0B, 0xFE, 0x00, 0x1F, 0xFC, 0x00, 0x7F, 0xF8,
    0x0B, 0xFF, 0x80, 0x03, 0xFF, 0xFF, 0xFF, 0xF0, 0x00, 0x1F, 0xFF, 0xFF, 0xFC, 0x00, 0x00, 0x7F,
    0xFF, 0xFE, 0x00, 0x00, 0x00, 0x6F, 0xFE, 0x00, 0x00, 0x00, 0x00, 0x00, 0x2F, 0xE0, 0x00, 0x00,
    0x03, 0xFF, 0xF0, 0x00, 0x00, 0x1F, 0x8B, 0xD0, 0x00, 0x00, 0xBC, 0x0F, 0x80, 0x00, 0x02, 0xF0,
    0x3E, 0x00, 0x00, 0x07, 0xE2, 0xF4, 0x00, 0x00, 0x0F, 0xFF, 0xC0, 0x00, 0x00, 0x0B, 0xF8, 0x00,
    0x00, 0x00, 0x00, 0x00, 0x00, 0x00, 0x00, 0x00, 0x00, 0x00, 0x3F, 0xF0, 0x01, 0xFF, 0x40, 0xFF,
    0xC0, 0x0B, 0xFD, 0x03, 0xFE, 0x00, 0x3F, 0xF0, 0x1F, 0xF4, 0x00, 0xFF, 0xC0, 0xBF, 0xD0, 0x07,
    0xFE, 0x03, 0xFF, 0x00, 0x1F, 0xF4, 0x0F, 0xFC, 0x00, 0xBF, 0xC0, 0x7F, 0xE0, 0x03, 0xFF, 0x01,
    0xFF, 0x40, 0x0F, 0xFC, 0x0B, 0xFC, 0x00, 0x7F, 0xE0, 0x3F, 0xF0, 0x02, 0xFF, 0x40, 0xFF, 0xC0,
    0x0F, 0xFC, 0x03, 0xFE, 0x00, 0xBF, 0xF0, 0x0F, 0xF8, 0x03, 0xFF, 0xC0, 0x3F, 0xF4, 0x7F, 0xFE,
    0x00, 0xFF, 0xFF, 0xFF, 0xF4, 0x02, 0xFF, 0xFF, 0x3F, 0xC0, 0x03, 0xFF, 0xF4, 0xFF, 0x00, 0x02,
    0xFE, 0x03, 0xFC, 0x00, 0x00, 0x00, 0x03, 0xFF, 0x0F, 0xFC, 0x00, 0x00, 0x0B, 0xFC, 0x3F, 0xF0,
    0x00, 0x00, 0x1F, 0xF0, 0xBF, 0x80, 0x00, 0x00, 0x3F, 0x81, 0xFD, 0x00, 0x00, 0x00, 0xFD, 0x03,
    0xF0, 0x00, 0x00, 0x00, 0x00, 0x00, 0x00, 0x00, 0x00, 0x00, 0x00, 0x00, 0x00, 0x00, 0x00, 0x00,
    0x00, 0x00, 0x00, 0x00, 0x01, 0xFF, 0x80, 0x00, 0xFF, 0xC0, 0x02, 0xFF, 0x40, 0x00, 0xFF, 0xC0,
    0x03, 0xFF, 0x00, 0x00, 0xFF, 0xC0, 0x03, 0xFF, 0x00, 0x01, 0xFF, 0x80, 0x07, 0xFF, 0x00, 0x02,
    0xFF, 0x40, 0x07, 0xFE, 0x00, 0x03, 0xFF, 0x00, 0x0B, 0xFD, 0x00, 0x03, 0xFF, 0x00, 0x0F, 0xFC,
    0x00, 0x07, 0xFE, 0x00, 0x0F, 0xFC, 0x00, 0x0B, 0xFE, 0x00, 0x1F, 0xF8, 0x00, 0x0B, 0xFD, 0x00,
    0x2F, 0xF8, 0x00, 0x0F, 0xFC, 0x00, 0x3F, 0xF4, 0x00, 0x0F, 0xFC, 0x00, 0x3F, 0xF0, 0x00, 0x1F,
    0xF8, 0x00, 0x3F, 0xF0, 0x00, 0x2F, 0xF4, 0x00, 0x7F, 0xE0, 0x00, 0x3F, 0xF0, 0x00, 0xBF, 0xD0,
    0x00, 0x3F, 0xF0, 0x00, 0xBF, 0xD0, 0x00, 0x7F, 0xF0, 0x00, 0xBF, 0xD0, 0x00, 0xBF, 0xD0, 0x00,
    0xBF, 0xE0, 0x01, 0xFF, 0xC0, 0x00, 0x7F, 0xF8, 0x0B, 0xFF, 0x80, 0x00, 0x3F, 0xFF, 0xFF, 0xFF,
    0x00, 0x00, 0x1F, 0xFF, 0xFF, 0xFC, 0x00, 0x00, 0x07, 0xFF, 0xFF, 0xE0, 0x00, 0x00, 0x00, 0x6F,
    0xFE, 0x00, 0x00, 0x00, 0x00, 0x00, 0x1F, 0xF8, 0xBF, 0xD0, 0x00, 0x03, 0xFE, 0x1F, 0xF4, 0x00,
    0x00, 0xFF, 0x43, 0xFC, 0x00, 0x00, 0x2F, 0xC0, 0xFF, 0x00, 0x00, 0x0B, 0xE0, 0x2F, 0x40, 0x00,
    0x00, 0x00, 0x00, 0x00, 0x00, 0x00, 0x00, 0x00, 0x00, 0x00, 0x00, 0x3F, 0xF0, 0x01, 0xFF, 0x40,
    0x03, 0xFF, 0x00, 0x2F, 0xF4, 0x00, 0x3F, 0xE0, 0x03, 0xFF, 0x00, 0x07, 0xFD, 0x00, 0x3F, 0xF0,
    0x00, 0xBF, 0xD0, 0x07, 0xFE, 0x00, 0x0F, 0xFC, 0x00, 0x7F, 0xD0, 0x00, 0xFF, 0xC0, 0x0B, 0xFC,
    0x00, 0x1F, 0xF8, 0x00, 0xFF, 0xC0, 0x01, 0xFF, 0x40, 0x0F, 0xFC, 0x00, 0x2F, 0xF0, 0x01, 0xFF,
    0x80, 0x03, 0xFF, 0x00, 0x2F, 0xF4, 0x00, 0x3F, 0xF0, 0x03, 0xFF, 0x00, 0x03, 0xFE, 0x00, 0xBF,
    0xF0, 0x00, 0x3F, 0xE0, 0x0F, 0xFF, 0x00, 0x03, 0xFF, 0x47, 0xFF, 0xE0, 0x00, 0x3F, 0xFF, 0xFF,
    0xFD, 0x00, 0x02, 0xFF, 0xFF, 0x3F, 0xC0, 0x00, 0x0F, 0xFF, 0xD3, 0xFC, 0x00, 0x00, 0x2F, 0xE0,
    0x3F, 0xC0, 0x00, 0x01, 0xFF, 0x80, 0x00, 0xFF, 0xC0, 0x2F, 0xF4, 0x00, 0x0F, 0xFC, 0x03, 0xFF,
    0x00, 0x00, 0xFF, 0xC0, 0x3F, 0xF0, 0x00, 0x1F, 0xF8, 0x07, 0xFF, 0x00, 0x02, 0xFF, 0x40, 0x7F,
    0xE0, 0x00, 0x3F, 0xF0, 0x0B, 0xFD, 0x00, 0x03, 0xFF, 0x00, 0xFF, 0xC0, 0x00, 0x7F, 0xE0, 0x0F,
    0xFC, 0x00, 0x0B, 0xFE, 0x01, 0xFF, 0x80, 0x00, 0xBF, 0xD0, 0x2F, 0xF4, 0x00, 0x0F, 0xFC, 0x03,
    0xFF, 0x40, 0x00, 0xFF, 0xC0, 0x3F, 0xF0, 0x00, 0x1F, 0xF8, 0x03, 0xFF, 0x00, 0x02, 0xFF, 0x40,
    0x7F, 0xE0, 0x00, 0x3F, 0xF0, 0x0B, 0xFD, 0x00, 0x03, 0xFF, 0x00, 0xBF, 0xD0, 0x00, 0x7F, 0xF0,
    0x0B, 0xFD, 0x00, 0x0F, 0xFD, 0x00, 0xBF, 0xF0, 0x02, 0xFF, 0xC0, 0x07, 0xFF, 0x95, 0xBF, 0xF8,
    0x00, 0x3F, 0xFF, 0xFF, 0xFF, 0x00, 0x01, 0xFF, 0xFF, 0xFF, 0xC0, 0x00, 0x07, 0xFF, 0xFF, 0xE0,
    0x00, 0x00, 0x06, 0xFF, 0xE0, 0x00, 0x00, 0x00, 0x0B, 0xF0, 0x00, 0x00, 0x00, 0x02, 0xFC, 0x00,
    0x00, 0x00, 0x00, 0x7F, 0x00, 0x00, 0x00, 0x00, 0x0F, 0xE0, 0x00, 0x00, 0x00, 0x00, 0xFF, 0x00,
    0x00, 0x00, 0x00, 0x0F, 0xFF, 0x40, 0x00, 0x00, 0x00, 0xBF, 0xF4, 0x00, 0x00, 0x00, 0x01, 0xFF,
    0x00, 0x00, 0x00, 0x03, 0xFF, 0x00, 0x1F, 0xF4, 0x0F, 0xFC, 0x00, 0xBF, 0xD0, 0x3F, 0xE0, 0x03,
    0xFF, 0x01, 0xFF, 0x40, 0x0F, 0xFC, 0x0B, 0xFD, 0x00, 0x7F, 0xE0, 0x3F, 0xF0, 0x01, 0xFF, 0x40,
    0xFF, 0xC0, 0x0B, 0xFC, 0x07, 0xFE, 0x00, 0x3F, 0xF0, 0x1F, 0xF4, 0x00, 0xFF, 0xC0, 0xBF, 0xC0,
    0x07, 0xFE, 0x03, 0xFF, 0x00, 0x2F, 0xF4, 0x0F, 0xFC, 0x00, 0xFF, 0xC0, 0x3F, 0xE0, 0x0B, 0xFF,
    0x00, 0xFF, 0x80, 0x3F, 0xFC, 0x03, 0xFF, 0x47, 0xFF, 0xE0, 0x0F, 0xFF, 0xFF, 0xFF, 0x40, 0x2F,
    0xFF, 0xF3, 0xFC, 0x00, 0x3F, 0xFF, 0x4F, 0xF0, 0x00, 0x2F, 0xE0, 0x3F, 0xC0, 0x00, 0x00, 0x03,
    0xF4, 0x00, 0x00, 0x00, 0x7F, 0x40, 0x00, 0x00, 0x03, 0xF4, 0x00, 0x00, 0x00, 0x2F, 0xC0, 0x00,
    0x00, 0x00, 0xFF, 0x00, 0x00, 0x00, 0x03, 0xFF, 0xD0, 0x00, 0x00, 0x07, 0xFF, 0x40, 0x00, 0x00,
    0x07, 0xFD, 0x00, 0x00, 0x00, 0x00, 0x00, 0x3F, 0xFC, 0x00, 0x00, 0x00, 0x00, 0x00, 0x0F, 0xFF,
    0xE0, 0x00, 0x00, 0x00, 0x00, 0x07, 0xFE, 0xFF, 0x00, 0x00, 0x00, 0x00, 0x01, 0xFF, 0x43, 0xFC,
    0x00, 0x00, 0x00, 0x00, 0x7F, 0x80, 0x1F, 0xE0, 0x00, 0x00, 0x00, 0x00, 0x00, 0x00, 0x00, 0x00,
    0x00, 0x00, 0x00, 0x00, 0x00, 0x00, 0x00, 0x00, 0x00, 0x00, 0x00, 0x00, 0x00, 0x00, 0x00, 0x00,
    0xFF, 0x80, 0x00, 0xBF, 0xC0, 0x00, 0x7F, 0xEF, 0xF8, 0x00, 0x0F, 0xFC, 0x00, 0x0B, 0xFD, 0xFF,
    0x80, 0x01, 0xFF, 0xC0, 0x00, 0xFF, 0xCF, 0xF8, 0x00, 0x3F, 0xFC, 0x00, 0x2F, 0xF4, 0xFF, 0x80,
    0x07, 0xFF, 0xC0, 0x03, 0xFF, 0x0F, 0xF8, 0x00, 0xFF, 0xFC, 0x00, 0x7F, 0xE0, 0xFF, 0x80, 0x0F,
    0xFF, 0xD0, 0x0F, 0xFC, 0x0F, 0xF8, 0x02, 0xFF, 0xFD, 0x00, 0xFF, 0x80, 0xBF, 0x80, 0x3F, 0xEF,
    0xD0, 0x2F, 0xF0, 0x0B, 0xF8, 0x0B, 0xFA, 0xFD, 0x03, 0xFF, 0x00, 0xBF, 0xC0, 0xFF, 0x2F, 0xD0,
    0x7F, 0xD0, 0x0B, 0xFC, 0x1F, 0xF2, 0xFD, 0x0F, 0xFC, 0x00, 0xBF, 0xC3, 0xFD, 0x2F, 0xD0, 0xFF,
    0x40, 0x0B, 0xFC, 0x7F, 0xC1, 0xFD, 0x2F, 0xF0, 0x00, 0xBF, 0xCB, 0xF4, 0x1F, 0xD3, 0xFE, 0x00,
    0x0B, 0xF8, 0xFF, 0x01, 0xFD, 0x7F, 0xC0, 0x00, 0x7F, 0xAF, 0xE0, 0x1F, 0xDF, 0xF8, 0x00, 0x07,
    0xFB, 0xFC, 0x01, 0xFE, 0xFF, 0x00, 0x00, 0x7F, 0xFF, 0x80, 0x1F, 0xFF, 0xF0, 0x00, 0x07, 0xFF,
    0xF0, 0x01, 0xFF, 0xFD, 0x00, 0x00, 0x7F, 0xFF, 0x00, 0x1F, 0xFF, 0xC0, 0x00, 0x07, 0xFF, 0xD0,
    0x01, 0xFF, 0xF4, 0x00, 0x00, 0x7F, 0xFC, 0x00, 0x1F, 0xFF, 0x00, 0x00, 0x07, 0xFF, 0x40, 0x00,
    0xFF, 0xE0, 0x00, 0x00, 0x00, 0x00, 0x07, 0xFF, 0xC0, 0x00, 0x00, 0x00, 0x01, 0xFF, 0xFE, 0x00,
    0x00, 0x00, 0x00, 0x7F, 0xEF, 0xF0, 0x00, 0x00, 0x00, 0x1F, 0xF0, 0x7F, 0xC0, 0x00, 0x00, 0x07,
    0xF8, 0x01, 0xFD, 0x00, 0x00, 0x00, 0x00, 0x00, 0x00, 0x00, 0x00, 0x00, 0x00, 0x00, 0x00, 0x00,
    0x00, 0x0F, 0xF8, 0x00, 0xFF, 0xD0, 0x03, 0xFE, 0xFF, 0x80, 0x1F, 0xFD, 0x00, 0xBF, 0xDF, 0xF8,
    0x03, 0xFF, 0xD0, 0x0F, 0xFC, 0xFF, 0x80, 0x7F, 0xFD, 0x02, 0xFF, 0x4F, 0xF8, 0x0B, 0xFF, 0xD0,
    0x3F, 0xF0, 0xBF, 0x80, 0xFD, 0xFD, 0x07, 0xFD, 0x0B, 0xF8, 0x2F, 0xCF, 0xD0, 0xFF, 0xC0, 0xBF,
    0x83, 0xFC, 0xFD, 0x0F, 0xF8, 0x0B, 0xF8, 0x7F, 0x4F, 0xD2, 0xFF, 0x00, 0xBF, 0x8F, 0xF0, 0xFD,
    0x3F, 0xE0, 0x0B, 0xF8, 0xFE, 0x0F, 0xD7, 0xFC, 0x00, 0x7F, 0xAF, 0xC0, 0xFD, 0xBF, 0x80, 0x07,
    0xFB, 0xFC, 0x0F, 0xDF, 0xF4, 0x00, 0x7F, 0xBF, 0x40, 0xFE, 0xFF, 0x00, 0x07, 0xFF, 0xF0, 0x0F,
    0xFF, 0xD0, 0x00, 0x7F, 0xFE, 0x00, 0xFF, 0xFC, 0x00, 0x07, 0xFF, 0xC0, 0x0F, 0xFF, 0x40, 0x00,
    0x3F, 0xFC, 0x00, 0xFF, 0xF0, 0x00, 0x03, 0xFF, 0x40, 0x0F, 0xFE, 0x00, 0x00, 0x00, 0x03, 0xFF,
    0xD0, 0x00, 0x00, 0x2F, 0xFF, 0xC0, 0x00, 0x03, 0xFF, 0xBF, 0x80, 0x00, 0x3F, 0xE0, 0xFF, 0x40,
    0x03, 0xFC, 0x00, 0xFF, 0x00, 0x00, 0x00, 0x00, 0x00, 0x00, 0x00, 0x00, 0x00, 0x00, 0x00, 0x00,
    0x00, 0x00, 0x00, 0xFF, 0xC0, 0x00, 0x3F, 0xFA, 0xFF, 0x40, 0x02, 0xFF, 0xC7, 0xFE, 0x00, 0x1F,
    0xFC, 0x0F, 0xFC, 0x00, 0xFF, 0xD0, 0x3F, 0xF0, 0x0B, 0xFF, 0x00, 0xBF, 0xD0, 0x3F, 0xF0, 0x01,
    0xFF, 0x83, 0xFF, 0x40, 0x03, 0xFE, 0x1F, 0xFC, 0x00, 0x0F, 0xFC, 0xFF, 0xC0, 0x00, 0x2F, 0xFF,
    0xFD, 0x00, 0x00, 0x7F, 0xFF, 0xE0, 0x00, 0x00, 0xFF, 0xFF, 0x00, 0x00, 0x02, 0xFF, 0xF4, 0x00,
    0x00, 0x07, 0xFF, 0x80, 0x00, 0x00, 0x0F, 0xFC, 0x00, 0x00, 0x00, 0x7F, 0xE0, 0x00, 0x00, 0x01,
    0xFF, 0x40, 0x00, 0x00, 0x0B, 0xFC, 0x00, 0x00, 0x00, 0x3F, 0xF0, 0x00, 0x00, 0x00, 0xFF, 0xC0,
    0x00, 0x00, 0x07, 0xFE, 0x00, 0x00, 0x00, 0x2F, 0xF4, 0x00, 0x00, 0x00, 0xFF, 0xC0, 0x00, 0x00,
    0x03, 0xFF, 0x00, 0x00, 0x00, 0x00, 0x00, 0x03, 0xFF, 0xC0, 0x00, 0x00, 0x00, 0x3F, 0xFF, 0xC0,
    0x00, 0x00, 0x03, 0xFE, 0xFF, 0x40, 0x00, 0x00, 0x3F, 0xD0, 0xFF, 0x00, 0x00, 0x07, 0xF8, 0x00,
    0xFE, 0x00, 0x00, 0x00, 0x00, 0x00, 0x00, 0x00, 0x00, 0x00, 0x00, 0x00, 0x00, 0x00, 0x1F, 0xF8,
    0x00, 0x2F, 0xFC, 0x00, 0x3F, 0xE0, 0x00, 0xFF, 0xD0, 0x00, 0xFF, 0x80, 0x07, 0xFE, 0x00, 0x03,
    0xFF, 0x00, 0x3F, 0xF0, 0x00, 0x0B, 0xFC, 0x01, 0xFF, 0x80, 0x00, 0x2F, 0xF0, 0x0F, 0xFC, 0x00,
    0x00, 0x7F, 0xC0, 0x7F, 0xE0, 0x00, 0x01, 0xFF, 0x03, 0xFF, 0x00, 0x00, 0x03, 0xFD, 0x1F, 0xF8,
    0x00, 0x00, 0x0F, 0xF4, 0xBF, 0xC0, 0x00, 0x00, 0x3F, 0xE3, 0xFE, 0x00, 0x00, 0x00, 0xBF, 0xAF,
    0xF0, 0x00, 0x00, 0x02, 0xFE, 0xFF, 0x80, 0x00, 0x00, 0x07, 0xFF, 0xFC, 0x00, 0x00, 0x00, 0x1F,
    0xFF, 0xE0, 0x00, 0x00, 0x00, 0x3F, 0xFF, 0x00, 0x00, 0x00, 0x00, 0xFF, 0xF8, 0x00, 0x00, 0x00,
    0x03, 0xFF, 0xC0, 0x00, 0x00, 0x00, 0x0B, 0xFD, 0x00, 0x00, 0x00, 0x00, 0x3F, 0xF0, 0x00, 0x00,
    0x00, 0x02, 0xFF, 0x40, 0x00, 0x00, 0x00, 0x1F, 0xFC, 0x00, 0x00, 0x00, 0x02, 0xFF, 0xD0, 0x00,
    0x00, 0x07, 0xFF, 0xFE, 0x00, 0x00, 0x00, 0x1F, 0xFF, 0xF0, 0x00, 0x00, 0x00, 0x7F, 0xFE, 0x00,
    0x00, 0x00, 0x00, 0xFF, 0x80, 0x00, 0x00, 0x00, 0x00, 0x00, 0x00, 0x00, 0x00, 0x00, 0x00, 0xBE,
    0x07, 0xF0, 0x00, 0x07, 0xFC, 0x3F, 0xD0, 0x00, 0x1F, 0xF0, 0xFF, 0x00, 0x00, 0x3F, 0x42, 0xF8,
    0x00, 0x00, 0x00, 0x00, 0x00, 0x00, 0x00, 0x00, 0x00, 0x00, 0x00, 0x00, 0x00, 0x00, 0x00, 0xFF,
    0xC0, 0x00, 0x3F, 0xFA, 0xFF, 0x40, 0x02, 0xFF, 0xC7, 0xFE, 0x00, 0x1F, 0xFC, 0x0F, 0xFC, 0x00,
    0xFF, 0xD0, 0x3F, 0xF0, 0x0B, 0xFF, 0x00, 0xBF, 0xD0, 0x3F, 0xF0, 0x01, 0xFF, 0x83, 0xFF, 0x40,
    0x03, 0xFE, 0x1F, 0xFC, 0x00, 0x0F, 0xFC, 0xFF, 0xC0, 0x00, 0x2F, 0xFF, 0xFD, 0x00, 0x00, 0x7F,
    0xFF, 0xE0, 0x00, 0x00, 0xFF, 0xFF, 0x00, 0x00, 0x02, 0xFF, 0xF4, 0x00, 0x00, 0x07, 0xFF, 0x80,
    0x00, 0x00, 0x0F, 0xFC, 0x00, 0x00, 0x00, 0x7F, 0xE0, 0x00, 0x00, 0x01, 0xFF, 0x40, 0x00, 0x00,
    0x0B, 0xFC, 0x00, 0x00, 0x00, 0x3F, 0xF0, 0x00, 0x00, 0x00, 0xFF, 0xC0, 0x00, 0x00, 0x07, 0xFE,
    0x00, 0x00, 0x00, 0x2F, 0xF4, 0x00, 0x00, 0x00, 0xFF, 0xC0, 0x00, 0x00, 0x03, 0xFF, 0x00, 0x00,
    0x00, 0x00, 0x00, 0x00, 0x0F, 0xFE, 0x00, 0x00, 0x00, 0x0B, 0xFE, 0x00, 0x00, 0x00, 0x03, 0xFE,
    0x00, 0x00, 0x00, 0x03, 0xFE, 0x00, 0x00, 0x00, 0x02, 0xFD, 0x00, 0x00, 0x00, 0x00, 0xA9, 0x00,
    0x00, 0x00, 0x00, 0x00, 0x00, 0x00, 0x00, 0x00, 0x00, 0x00, 0x00, 0x00, 0x3F, 0xFF, 0xFF, 0xFF,
    0x40, 0x0F, 0xFF, 0xFF, 0xFF, 0xC0, 0x03, 0xFF, 0xFF, 0xFF, 0xF0, 0x01, 0xFF, 0xFF, 0xFF, 0xF8,
    0x00, 0x00, 0x00, 0x3F, 0xFC, 0x00, 0x00, 0x00, 0x3F, 0xFC, 0x00, 0x00, 0x00, 0x2F, 0xFD, 0x00,
    0x00, 0x00, 0x1F, 0xFE, 0x00, 0x00, 0x00, 0x0F, 0xFF, 0x00, 0x00, 0x00, 0x0F, 0xFF, 0x00, 0x00,
    0x00, 0x0B, 0xFF, 0x40, 0x00, 0x00, 0x07, 0xFF, 0x80, 0x00, 0x00, 0x03, 0xFF, 0xC0, 0x00, 0x00,
    0x03, 0xFF, 0xC0, 0x00, 0x00, 0x02, 0xFF, 0xD0, 0x00, 0x00, 0x01, 0xFF, 0xE0, 0x00, 0x00, 0x00,
    0xFF, 0xE0, 0x00, 0x00, 0x00, 0xFF, 0xF0, 0x00, 0x00, 0x00, 0xBF, 0xF0, 0x00, 0x00, 0x00, 0x7F,
    0xF8, 0x00, 0x00, 0x00, 0x3F, 0xFF, 0xFF, 0xFF, 0x80, 0x2F, 0xFF, 0xFF, 0xFF, 0xD0, 0x0B, 0xFF,
    0xFF, 0xFF, 0xF4, 0x03, 0xFF, 0xFF, 0xFF, 0xFC, 0x00, 0x00, 0x00, 0x01, 0xFF, 0xD0, 0x00, 0x00,
    0x3F, 0xF4, 0x00, 0x00, 0x0B, 0xFD, 0x00, 0x00, 0x01, 0xFF, 0x00, 0x00, 0x00, 0x7F, 0x80, 0x00,
    0x00, 0x00, 0x00, 0x00, 0x00, 0x00, 0x00, 0x00, 0x00, 0x07, 0xFF, 0xFF, 0xFC, 0x00, 0xBF, 0xFF,
    0xFF, 0x80, 0x0F, 0xFF, 0xFF, 0xF4, 0x00, 0xFF, 0xFF, 0xFF, 0x00, 0x00, 0x00, 0xFF, 0xD0, 0x00,
    0x00, 0x3F, 0xF8, 0x00, 0x00, 0x0B, 0xFF, 0x00, 0x00, 0x01, 0xFF, 0xC0, 0x00, 0x00, 0x3F, 0xF0,
    0x00, 0x00, 0x0F, 0xFD, 0x00, 0x00, 0x02, 0xFF, 0x80, 0x00, 0x00, 0xBF, 0xF0, 0x00, 0x00, 0x1F,
    0xFC, 0x00, 0x00, 0x03, 0xFF, 0x00, 0x00, 0x00, 0xFF, 0xE0, 0x00, 0x00, 0x2F, 0xFF, 0xFF, 0xF0,
    0x03, 0xFF, 0xFF, 0xFF, 0x00, 0x7F, 0xFF, 0xFF, 0xE0, 0x0B, 0xFF, 0xFF, 0xFD, 0x00, 0x00, 0x00,
    0x00, 0xBF, 0x00, 0x00, 0x00, 0x00, 0x7F, 0xE0, 0x00, 0x00, 0x00, 0x2F, 0xF8, 0x00, 0x00, 0x00,
    0x0B, 0xFD, 0x00, 0x00, 0x00, 0x00, 0xFE, 0x00, 0x00, 0x00, 0x00, 0x00, 0x00, 0x00, 0x00, 0x00,
    0x00, 0x00, 0x00, 0x00, 0x00, 0x00, 0x00, 0x00, 0x00, 0x3F, 0xFF, 0xFF, 0xFF, 0x40, 0x0F, 0xFF,
    0xFF, 0xFF, 0xC0, 0x03, 0xFF, 0xFF, 0xFF, 0xF0, 0x01, 0xFF, 0xFF, 0xFF, 0xF8, 0x00, 0x00, 0x00,
    0x3F, 0xFC, 0x00, 0x00, 0x00, 0x3F, 0xFC, 0x00, 0x00, 0x00, 0x2F, 0xFD, 0x00, 0x00, 0x00, 0x1F,
    0xFE, 0x00, 0x00, 0x00, 0x0F, 0xFF, 0x00, 0x00, 0x00, 0x0F, 0xFF, 0x00, 0x00, 0x00, 0x0B, 0xFF,
    0x40, 0x00, 0x00, 0x07, 0xFF, 0x80, 0x00, 0x00, 0x03, 0xFF, 0xC0, 0x00, 0x00, 0x03, 0xFF, 0xC0,
    0x00, 0x00, 0x02, 0xFF, 0xD0, 0x00, 0x00, 0x01, 0xFF, 0xE0, 0x00, 0x00, 0x00, 0xFF, 0xE0, 0x00,
    0x00, 0x00, 0xFF, 0xF0, 0x00, 0x00, 0x00, 0xBF, 0xF0, 0x00, 0x00, 0x00, 0x7F, 0xF8, 0x00, 0x00,
    0x00, 0x3F, 0xFF, 0xFF, 0xFF, 0x80, 0x2F, 0xFF, 0xFF, 0xFF, 0xD0, 0x0B, 0xFF, 0xFF, 0xFF, 0xF4,
    0x03, 0xFF, 0xFF, 0xFF, 0xFC, 0x00, 0x00, 0x00, 0x0B, 0xE0, 0x00, 0x00, 0x0F, 0xFD, 0x00, 0x00,
    0x03, 0xFF, 0x40, 0x00, 0x00, 0xFF, 0xC0, 0x00, 0x00, 0x1F, 0xD0, 0x00, 0x00, 0x00, 0x00, 0x00,
    0x00, 0x00, 0x00, 0x00, 0x01, 0xFF, 0xFF, 0xFF, 0x00, 0xBF, 0xFF, 0xFF, 0x80, 0x3F, 0xFF, 0xFF,
    0xD0, 0x0F, 0xFF, 0xFF, 0xF0, 0x00, 0x00, 0x3F, 0xF4, 0x00, 0x00, 0x3F, 0xF8, 0x00, 0x00, 0x2F,
    0xFC, 0x00, 0x00, 0x1F, 0xFC, 0x00, 0x00, 0x0F, 0xFC, 0x00, 0x00, 0x0F, 0xFD, 0x00, 0x00, 0x0B,
    0xFE, 0x00, 0x00, 0x0B, 0xFF, 0x00, 0x00, 0x07, 0xFF, 0x00, 0x00, 0x03, 0xFF, 0x00, 0x00, 0x03,
    0xFF, 0x80, 0x00, 0x02, 0xFF, 0xFF, 0xFF, 0x00, 0xFF, 0xFF, 0xFF, 0xC0, 0x7F, 0xFF, 0xFF, 0xE0,
    0x2F, 0xFF, 0xFF, 0xF4, 0x00, 0x00, 0x00, 0xFF, 0x00, 0x3F, 0xC0, 0x00, 0x07, 0xF8, 0x2F, 0xF0,
    0x00, 0x00, 0x2F, 0xEF, 0xF8, 0x00, 0x00, 0x00, 0xFF, 0xFE, 0x00, 0x00, 0x00, 0x07, 0xFF, 0x80,
    0x00, 0x00, 0x00, 0x00, 0x00, 0x00, 0x00, 0x00, 0x00, 0x00, 0x00, 0x00, 0x00, 0x00, 0x00, 0x00,
    0x00, 0x00, 0x3F, 0xFF, 0xFF, 0xFF, 0x40, 0x03, 0xFF, 0xFF, 0xFF, 0xF0, 0x00, 0x3F, 0xFF, 0xFF,
    0xFF, 0x00, 0x07, 0xFF, 0xFF, 0xFF, 0xE0, 0x00, 0x00, 0x00, 0x3F, 0xFC, 0x00, 0x00, 0x00, 0x0F,
    0xFF, 0x00, 0x00, 0x00, 0x02, 0xFF, 0xD0, 0x00, 0x00, 0x00, 0x7F, 0xF8, 0x00, 0x00, 0x00, 0x0F,
    0xFF, 0x00, 0x00, 0x00, 0x03, 0xFF, 0xC0, 0x00, 0x00, 0x00, 0xBF, 0xF4, 0x00, 0x00, 0x00, 0x1F,
    0xFE, 0x00, 0x00, 0x00, 0x03, 0xFF, 0xC0, 0x00, 0x00, 0x00, 0xFF, 0xF0, 0x00, 0x00, 0x00, 0x2F,
    0xFD, 0x00, 0x00, 0x00, 0x07, 0xFF, 0x80, 0x00, 0x00, 0x00, 0xFF, 0xE0, 0x00, 0x00, 0x00, 0x3F,
    0xFC, 0x00, 0x00, 0x00, 0x0B, 0xFF, 0x00, 0x00, 0x00, 0x01, 0xFF, 0xE0, 0x00, 0x00, 0x00, 0x3F,
    0xFF, 0xFF, 0xFF, 0x80, 0x0B, 0xFF, 0xFF, 0xFF, 0xF4, 0x00, 0xBF, 0xFF, 0xFF, 0xFF, 0x40, 0x0F,
    0xFF, 0xFF, 0xFF, 0xF0, 0x00, 0x00, 0x1F, 0xD0, 0x07, 0xF8, 0x00, 0x2F, 0xD0, 0xFF, 0x40, 0x00,
    0x3F, 0xEF, 0xF4, 0x00, 0x00, 0x7F, 0xFF, 0x40, 0x00, 0x00, 0xFF, 0xF4, 0x00, 0x00, 0x00, 0x00,
    0x00, 0x00, 0x00, 0x00, 0x00, 0x00, 0x00, 0x1F, 0xFF, 0xFF, 0xF0, 0x00, 0xBF, 0xFF, 0xFF, 0x80,
    0x03, 0xFF, 0xFF, 0xFD, 0x00, 0x0F, 0xFF, 0xFF, 0xF0, 0x00, 0x00, 0x03, 0xFF, 0x40, 0x00, 0x00,
    0x3F, 0xF8, 0x00, 0x00, 0x02, 0xFF, 0xC0, 0x00, 0x00, 0x1F, 0xFC, 0x00, 0x00, 0x00, 0xFF, 0xC0,
    0x00, 0x00, 0x0F, 0xFD, 0x00, 0x00, 0x00, 0xBF, 0xE0, 0x00, 0x00, 0x0B, 0xFF, 0x00, 0x00, 0x00,
    0x7F, 0xF0, 0x00, 0x00, 0x03, 0xFF, 0x00, 0x00, 0x00, 0x3F, 0xF8, 0x00, 0x00, 0x02, 0xFF, 0xFF,
    0xFF, 0x00, 0x0F, 0xFF, 0xFF, 0xFC, 0x00, 0x7F, 0xFF, 0xFF, 0xE0, 0x02, 0xFF, 0xFF, 0xFF, 0x40,
    0x00, 0x00, 0x00, 0x00, 0x6F, 0xF8, 0x00, 0x00, 0x02, 0xFF, 0xFD, 0x00, 0x00, 0x0B, 0xFF, 0xFC,
    0x00, 0x00, 0x0F, 0xFF, 0xF8, 0x00, 0x00, 0x1F, 0xFC, 0x10, 0x00, 0x00, 0x3F, 0xF0, 0x00, 0x00,
    0x00, 0x3F, 0xF0, 0x00, 0x00, 0x00, 0x3F, 0xE0, 0x00, 0x00, 0x00, 0x7F, 0xD0, 0x00, 0x00, 0x00,
    0xBF, 0xD0, 0x00, 0x00, 0x00, 0xFF, 0xC0, 0x00, 0x00, 0x00, 0xFF, 0xC0, 0x00, 0x00, 0x01, 0xFF,
    0x80, 0x00, 0x00, 0x01, 0xFF, 0x40, 0x00, 0x00, 0x02, 0xFF, 0x00, 0x00, 0x00, 0x03, 0xFF, 0x00,
    0x00, 0x00, 0x03, 0xFF, 0x00, 0x00, 0x00, 0x07, 0xFE, 0x00, 0x00, 0x00, 0x0B, 0xFD, 0x00, 0x00,
    0x00, 0x0B, 0xFC, 0x00, 0x00, 0x00, 0x0F, 0xFC, 0x00, 0x00, 0x00, 0x0F, 0xF8, 0x00, 0x00, 0x00,
    0x1F, 0xF8, 0x00, 0x00, 0x00, 0x2F, 0xF4, 0x00, 0x00, 0x00, 0x3F, 0xF0, 0x00, 0x00, 0x00, 0x3F,
    0xF0, 0x00, 0x00, 0x00, 0x3F, 0xE0, 0x00, 0x00, 0x00, 0x7F, 0xD0, 0x00, 0x00, 0x00, 0xFF, 0xD0,
    0x00, 0x00, 0x42, 0xFF, 0xC0, 0x00, 0x00, 0xFF, 0xFF, 0x80, 0x00, 0x00, 0xFF, 0xFF, 0x00, 0x00,
    0x00, 0xFF, 0xFC, 0x00, 0x00, 0x00, 0xBF, 0xE0, 0x00, 0x00, 0x00, 0xBF, 0xD0, 0x3F, 0xF0, 0x1F,
    0xF0, 0x07, 0xF8, 0x01, 0xFC, 0x00, 0xAA, 0x80, 0x2F, 0xF8, 0x07, 0xFE, 0x00, 0xFF, 0x80, 0x3F,
    0xE0, 0x0B, 0xF4, 0x00, 0x00, 0x3F, 0xFD, 0x00, 0x0F, 0xFF, 0xF0, 0x03, 0xFE, 0xFF, 0x40, 0xFF,
    0x43, 0xFC, 0x3F, 0x80, 0x0F, 0xF0, 0x02, 0xF8, 0x02, 0xF0, 0x3F, 0xFD, 0x1F, 0x83, 0xFF, 0xFF,
    0xFC, 0x0F, 0x83, 0xFF, 0xE0, 0xBC, 0x01, 0xFD, 0x00, 0x7F, 0xFF, 0xFD, 0xFF, 0xFF, 0xEB, 0xFF,
    0xFF, 0x40, 0x00, 0x00, 0x00, 0x00, 0xFF, 0xFF, 0xFF, 0xC7, 0xFF, 0xFF, 0xFF, 0x2F, 0xFF, 0xFF,
    0xFC, 0xBF, 0xFF, 0xFF, 0xE0, 0x68, 0x00, 0x19, 0x2F, 0x40, 0x0F, 0xCB, 0xF4, 0x1F, 0xD0, 0xFF,
    0xFF, 0xF0, 0x2F, 0xFF, 0xF0, 0x01, 0xBF, 0xD0, 0x00, 0x2F, 0xCB, 0xFE, 0xFF, 0xEB, 0xFD, 0x3F,
    0x80, 0x00, 0x00, 0x00, 0x2F, 0x82, 0xF8, 0x7F, 0xC3, 0xFC, 0xBF, 0xC7, 0xFC, 0x3F, 0x02, 0xF4,
    0x6F, 0x90, 0xFF, 0xF8, 0xFF, 0xFC, 0x02, 0xFC, 0x02, 0xFC, 0x1F, 0xF4, 0x3F, 0x80, 0x3F, 0x00,
    0x0B, 0xF4, 0x0F, 0xFF, 0x8B, 0xD3, 0xF3, 0xF0, 0x3D, 0xFC, 0x0F, 0x6F, 0x4F, 0xC3, 0xFF, 0xE0,
    0x2F, 0xD0, 0x00, 0xFF, 0xC7, 0xFE, 0x03, 0xFF, 0x0F, 0xF8, 0x0B, 0xF8, 0x3F, 0xD0, 0x1F, 0xD0,
    0xBF, 0x40, 0x3F, 0x01, 0xF8, 0x00, 0x3F, 0x80, 0x1F, 0xF0, 0x7F, 0x82, 0xFE, 0x00, 0xBF, 0xBF,
    0xE0, 0x00, 0xFF, 0xFE, 0x00, 0x02, 0xFF, 0xE0, 0x00, 0x0F, 0xE0, 0xFD, 0x0F, 0xC1, 0xFC, 0x2F,
    0x83, 0xF8, 0x3F, 0x47, 0xF0, 0x7F, 0x00, 0x0F, 0xD1, 0xFC, 0x1F, 0xC2, 0xFC, 0x1F, 0xC3, 0xF8,
    0x2F, 0x83, 0xF4, 0x3F, 0x43, 0xF0, 0x3F, 0x47, 0xF0, 0x3F, 0xF2, 0xFF, 0x01, 0xFF, 0x0F, 0xF4,
    0x07, 0xF4, 0x3F, 0x80, 0x2F, 0xC1, 0xFC, 0x00, 0xBD, 0x07, 0xE0, 0x00, 0x00, 0x00, 0x00, 0x7F,
    0x00, 0x00, 0xFF, 0x40, 0x10, 0xFF, 0x05, 0xBC, 0x7E, 0x3E, 0x7E, 0x00, 0xBD, 0x3F, 0xFF, 0xFC,
    0x1F, 0xFF, 0xF0, 0x06, 0xFF, 0x40, 0x00, 0xBF, 0xE0, 0x01, 0xFF, 0xFF, 0x41, 0xFF, 0xFF, 0xF0,
    0xFE, 0x01, 0xFD, 0x3F, 0x00, 0x2F, 0x40, 0x00, 0xBF, 0x00, 0x7F, 0x80, 0x3F, 0xC0, 0x2F, 0xF0,
    0x0F, 0xF4, 0x0B, 0xFC, 0x03, 0xFE, 0x02, 0xFF, 0x40, 0x03, 0xFF, 0x00, 0xFF, 0x80, 0xBF, 0xC0,
    0x3F, 0xE0, 0x1F, 0xF0, 0x0B, 0xF8, 0x03, 0xFC, 0x02, 0xFD, 0x00, 0xFF, 0xBF, 0xEF, 0xFA, 0xFE,
    0x7F, 0x9F, 0xE3, 0xF8, 0xFE, 0x03, 0xFF, 0x00, 0xFF, 0x80, 0xBF, 0xC0, 0x3F, 0xE0, 0x1F, 0xF0,
    0x0B, 0xF8, 0x03, 0xFC, 0x02, 0xFD, 0x00, 0x7F, 0xE0, 0x3F, 0xF0, 0x0F, 0xF4, 0x03, 0xFC, 0x00,
    0xFD, 0x00, 0x6A, 0x90, 0x0F, 0xFD, 0x03, 0xFF, 0x40, 0xBF, 0xC0, 0x1F, 0xF0, 0x03, 0xFC, 0x00,
    0x00, 0x24, 0x01, 0xE0, 0x0B, 0x6F, 0xFD, 0xBF, 0xF0, 0x07, 0xC0, 0x2E, 0x00, 0x06, 0x00, 0x0F,
    0x00, 0x1F, 0x00, 0x2F, 0xFD, 0x3F, 0xFC, 0x3D, 0x00, 0x3C, 0x00, 0x00, 0x00, 0x00, 0xFF, 0xFF,
    0xE3, 0xFF, 0xFF, 0x80, 0x00, 0x3D, 0x00, 0x00, 0xF0, 0x00, 0x07, 0xC0, 0x00, 0x2E, 0x00, 0x00,
    0xB4, 0x00, 0x03, 0xD0, 0x00, 0x0F, 0x00, 0x00, 0xFF, 0xC0, 0x0F, 0xFC, 0x02, 0xFF, 0x40, 0x3F,
    0xF0, 0x2F, 0xFC, 0x0B, 0xFF, 0x40, 0xFF, 0x80, 0x0A, 0x40, 0x00, 0x00, 0x00, 0xBC, 0x3F, 0xC7,
    0xD0, 0xBC, 0x0B, 0xC0, 0x7F, 0x02, 0xE0, 0x01, 0x00, 0x00, 0x90, 0x01, 0xE0, 0x02, 0xE0, 0x03,
    0xD0, 0x7F, 0xFD, 0xBF, 0xFD, 0x00, 0x00, 0x0B, 0xFF, 0xC3, 0xFF, 0xF0, 0x0B, 0x40, 0x03, 0xC0,
    0x00, 0xF0, 0x00, 0x24, 0x00, 0x00, 0xA0, 0x01, 0xF0, 0x02, 0xE0, 0x3F, 0xFF, 0x7F, 0xFE, 0x03,
    0xC0, 0x07, 0xC0, 0x02, 0x40, 0x00, 0x00, 0x7F, 0xFF, 0xBF, 0xFE, 0x00, 0x7F, 0x80, 0x2F, 0xD0,
    0x0F, 0xF4, 0x03, 0xFC, 0x01, 0xFF, 0x01, 0xFF, 0x8F, 0xFF, 0xD3, 0xFF, 0xF0, 0xFF, 0xF0, 0x2F,
    0xE0, 0x00, 0x1A, 0x90, 0x2F, 0xD0, 0x3F, 0xC0, 0x3F, 0xC0, 0x7F, 0x80, 0x7F, 0xC0, 0xBF, 0xFE,
    0x7F, 0xFE, 0x2F, 0xFE, 0x0B, 0xFD, 0x0B, 0xE0, 0xFF, 0xD3, 0xFF, 0x4F, 0xFC, 0x1F, 0xD0, 0x00,
    0x00, 0x00, 0x1F, 0xC1, 0xFC, 0x3F, 0xC3, 0xFD, 0x3F, 0xC3, 0xFD, 0x2F, 0x41, 0xF8, 0x0B, 0xF4,
    0x0F, 0xFF, 0x8B, 0xD3, 0xF3, 0xE0, 0x7D, 0xF8, 0x1F, 0x6F, 0x4F, 0xC3, 0xFF, 0xE0, 0x2F, 0xD0,
    0x0F, 0xF8, 0xBF, 0xC3, 0xFC, 0x1F, 0xD0, 0xFD, 0x00, 0x02, 0xF4, 0x00, 0xFE, 0x00, 0x6F, 0xF0,
    0x02, 0xFD, 0x00, 0xBF, 0x4F, 0xFF, 0xC3, 0xFF, 0xE0, 0xFF, 0x90, 0x07, 0xF4, 0x7F, 0x07, 0xF0,
    0x3F, 0xC0, 0xFF, 0x03, 0xFF, 0xDB, 0xFF, 0x47, 0xFC, 0x07, 0xF0, 0x2F, 0xC0, 0xFE, 0x03, 0xF4,
    0x0F, 0xC0, 0x7F, 0x02, 0xF8, 0x0F, 0xD0, 0x3F, 0x40, 0x00, 0x00, 0x00, 0x00, 0xFF, 0xFF, 0xFE,
    0x1F, 0xFF, 0xFF, 0xD2, 0xE0, 0x00, 0x3C, 0x3D, 0x00, 0x03, 0xC3, 0xC0, 0x00, 0x7C, 0x3C, 0x00,
    0x0B, 0x80, 0xB0, 0x1D, 0x03, 0xED, 0x0F, 0x82, 0xE7, 0xFF, 0xFF, 0xF0, 0xBF, 0x4F, 0xE0, 0x7F,
    0x40, 0x2F, 0xD3, 0xFC, 0x0F, 0xF4, 0x0F, 0xFB, 0xFD, 0x00, 0xBF, 0xFF, 0x00, 0x03, 0xFF, 0xD0,
    0x00, 0x00, 0x7F, 0xFC, 0x00, 0x1F, 0xFF, 0xD0, 0x07, 0xFE, 0xFF, 0x01, 0xFF, 0x07, 0xF8, 0xBF,
    0x40, 0x1F, 0xD0, 0x29, 0x00, 0x0A, 0x4F, 0xC0, 0x0B, 0xD3, 0xF8, 0x0B, 0xF0, 0xBF, 0xFF, 0xF8,
    0x0F, 0xFF, 0xF8, 0x00, 0xBF, 0xE4, 0x00, 0x01, 0xBF, 0xE0, 0x02, 0xFF, 0xFF, 0x02, 0xFF, 0xFF,
    0xF0, 0xFD, 0x02, 0xFC, 0xBD, 0x00, 0x3F, 0x00, 0x03, 0xF8, 0x02, 0xF0, 0x3F, 0xFD, 0x1F, 0x83,
    0xFF, 0xFF, 0xFC, 0x1F, 0x87, 0xFF, 0xE0, 0xBC, 0x01, 0xFD, 0x00, 0x2F, 0xFF, 0xFD, 0x3F, 0xFF,
    0xFC, 0x3F, 0xFF, 0xFC, 0x00, 0x00, 0x00, 0x00, 0x0F, 0xFF, 0xFF, 0xFF, 0xC3, 0xFF, 0xFF, 0xFF,
    0xF0, 0x1F, 0xFF, 0xFF, 0xFC, 0x2F, 0xFF, 0xFF, 0xF8, 0x00, 0x00, 0x00, 0x00, 0x00, 0x00, 0x00,
    0x00, 0x00, 0x00, 0x00, 0x00, 0x7F, 0xFF, 0xFF, 0xF0, 0xBF, 0xFF, 0xFF, 0xF0, 0x07, 0xF4, 0x03,
    0xE1, 0xFF, 0xF4, 0xBD, 0x3F, 0xFF, 0xFF, 0xC7, 0xD1, 0xFF, 0xF4, 0xBC, 0x02, 0xFD, 0x00, 0x00,
    0x00, 0x00, 0x00, 0xFF, 0xFF, 0xFF, 0xD3, 0xFF, 0xFF, 0xFF, 0x5F, 0xFF, 0xFF, 0xFC, 0xBF, 0xFF,
    0xFF, 0xF0, 0x00, 0x00, 0x00, 0x00, 0x00, 0x00, 0x02, 0xFF, 0xFF, 0xFF, 0xFF, 0xFF, 0xFC, 0x3F,
    0xFF, 0xFF, 0xFF, 0xFF, 0xFF, 0xC3, 0xFF, 0xFF, 0xFF, 0xFF, 0xFF, 0xFC, 0x3F, 0xFF, 0xFF, 0xFF,
    0xFF, 0xFF, 0x80, 0x00, 0x00, 0x00, 0x00, 0x00, 0x78, 0x00, 0x02, 0xFD, 0x00, 0x1F, 0xFE, 0x01,
    0xFF, 0xF8, 0x0B, 0xFF, 0x80, 0x7F, 0xFD, 0x00, 0x7F, 0xE0, 0x00, 0x3F, 0x00, 0x00, 0x04, 0x00,
    0x00, 0x00, 0x00, 0x00, 0x00, 0xFC, 0x00, 0x00, 0x00, 0x02, 0xF8, 0x00, 0x00, 0x00, 0x03, 0xF0,
    0x00, 0x00, 0x00, 0x0F, 0xD0, 0x00, 0x00, 0x00, 0x1F, 0xC0, 0x00, 0x00, 0x00, 0x3F, 0x40, 0x00,
    0x00, 0x00, 0x7F, 0x00, 0x00, 0x00, 0x00, 0xFD, 0x00, 0x00, 0x00, 0x02, 0xF8, 0x00, 0x00, 0x00,
    0x03, 0xF0, 0x00, 0x00, 0x00, 0x0B, 0xE0, 0x00, 0x00, 0x00, 0x0F, 0xC0, 0x00, 0x00, 0x00, 0x3F,
    0x40, 0x00, 0x00, 0x00, 0x7F, 0x00, 0x00, 0x00, 0x00, 0xFD, 0x00, 0x00, 0x00, 0x01, 0xFC, 0x00,
    0x00, 0x00, 0x03, 0xF0, 0x00, 0x00, 0x00, 0x0B, 0xE0, 0x00, 0x00, 0x00, 0x0F, 0xC0, 0x00, 0x00,
    0x00, 0x2F, 0x80, 0x00, 0x00, 0x00, 0x3F, 0x00, 0x00, 0x00, 0x00, 0xFD, 0x00, 0x00, 0x00, 0x01,
    0xFC, 0x00, 0x00, 0x00, 0x03, 0xF4, 0x00, 0x00, 0x00, 0x07, 0xF0, 0x00, 0x00, 0x00, 0x0F, 0xC0,
    0x00, 0x00, 0x00, 0x2F, 0x80, 0x00, 0x00, 0x00, 0x3F, 0x00, 0x00, 0x00, 0x00, 0x09, 0x00, 0xF8,
    0x0F, 0xC0, 0x3D, 0x03, 0xD0, 0xBC, 0x3F, 0x87, 0xD0, 0x0F, 0x00, 0x01, 0xF0, 0xF0, 0x00, 0x2E,
    0x1F, 0x00, 0x03, 0xD2, 0xE0, 0x00, 0x3C, 0x3F, 0xFF, 0xFF, 0xC3, 0xFF, 0xFF, 0xFC, 0x0B, 0xFF,
    0xFF, 0xD0, 0xFF, 0xFF, 0xFD, 0x0E, 0x00, 0x02, 0xC1, 0xD0, 0x00, 0x3C, 0x2D, 0x00, 0x03, 0x83,
    0xFF, 0xFF, 0xF8, 0x3F, 0xFF, 0xFF, 0x40, 0x06, 0xE0, 0xBD, 0x0B, 0xFF, 0xFF, 0xE7, 0xC2, 0xF4,
    0x7E, 0xC0, 0x74, 0x0F, 0x00, 0x00, 0x1E, 0x1E, 0x2F, 0xBD, 0x0B, 0xF0, 0x0F, 0xF0, 0x3E, 0xF8,
    0x78, 0x78, 0x00, 0x00, 0x00, 0x7C, 0x03, 0xFC, 0x0B, 0xC0, 0x0B, 0x80, 0x07, 0xC0, 0x03, 0xE0,
    0x02, 0xF0, 0x03, 0xE0, 0x2F, 0xC0, 0x3E, 0x00, 0x2F, 0xFF, 0xFF, 0xFC, 0xFF, 0xFF, 0xFF, 0xE0,
    0x00, 0x00, 0x00, 0x00, 0x00, 0x00, 0x00, 0x00, 0x00, 0x00, 0x01, 0xFF, 0xFF, 0xFF, 0xCB, 0xFF,
    0xFF, 0xFE, 0x00, 0x7F, 0xF0, 0x2F, 0xF0, 0x0F, 0xF8, 0x03, 0xFC, 0x00, 0xFD, 0x00, 0xAA, 0x40,
    0x3F, 0xF4, 0x0B, 0xFD, 0x01, 0xFF, 0x40, 0x3F, 0xD0, 0x0F, 0xF0, 0x00, 0x07, 0xF4, 0x03, 0xE1,
    0xFF, 0xF4, 0xBD, 0x3F, 0xFF, 0xFF, 0xC7, 0xD1, 0xFF, 0xF4, 0xFC, 0x02, 0xFD, 0x00, 0x15, 0x07,
    0xFD, 0x7F, 0xF0, 0xBF, 0x0B, 0xE0, 0xFC, 0x02, 0x00, 0x00, 0x01, 0xFF, 0xC0, 0x02, 0xF4, 0x3F,
    0xF4, 0xFD, 0x7F, 0xC7, 0xFE, 0x3F, 0xEB, 0xF8, 0xBF, 0x83, 0xFD, 0x7F, 0x0F, 0xF0, 0x2F, 0x80,
    0x01, 0xFC, 0x00, 0x00, 0x1F, 0xE0, 0xBF, 0x42, 0xFD, 0x0F, 0xFE, 0x3F, 0xF4, 0x3F, 0xC0, 0x00,
    0x00, 0x00, 0x00, 0x1F, 0xFF, 0xFF, 0xFC, 0x2F, 0xFF, 0xFF, 0xFC, 0x3D, 0x00, 0x00, 0x78, 0x3C,
    0x00, 0x00, 0xB4, 0x7C, 0x00, 0x00, 0xF4, 0x24, 0x00, 0x00, 0xA0, 0x1F, 0xFF, 0xFF, 0xFC, 0x2F,
    0xFF, 0xFF, 0xF8, 0x00, 0x00, 0x00, 0x00, 0x00, 0x00, 0x00, 0x00, 0x00, 0x00, 0x00, 0x00, 0x7F,
    0xFF, 0xFF, 0xF0, 0xBF, 0xFF, 0xFF, 0xF0, 0x2F, 0x83, 0xF4, 0xFD, 0x0F, 0xC3, 0xF0, 0x7F, 0x1F,
    0xC2, 0xF8, 0xBF, 0x0F, 0xE2, 0xF8, 0x3F, 0x40, 0x00, 0x01, 0xFF, 0xFB, 0xFF, 0x80, 0x3D, 0x00,
    0xF0, 0x03, 0xC0, 0x1F, 0x00, 0x00, 0x00, 0x00, 0x00, 0x00, 0xF0, 0x00, 0x7F, 0xF4, 0x7C, 0x7F,
    0xFF, 0xFD, 0x3D, 0x3F, 0xFF, 0x0E, 0x1E, 0xBE, 0x00, 0x07, 0x00, 0x00, 0x00, 0x00, 0x00, 0x00,
    0x0F, 0x80, 0x00, 0x0F, 0xF0, 0x00, 0x03, 0xFC, 0x00, 0x00, 0xBE, 0x00, 0x00, 0x00, 0x00, 0x07,
    0xFE, 0x43, 0xC3, 0xFF, 0xFF, 0xE2, 0xD0, 0x7F, 0xE0, 0x00, 0x00, 0x00, 0x00, 0x3F, 0x00, 0x00,
    0x2F, 0xD0, 0x00, 0x0B, 0xF4, 0x00, 0x01, 0xF8, 0x00, 0x00, 0x00, 0x00, 0x00, 0x00, 0x1F, 0xF8,
    0x3D, 0x07, 0xFF, 0xFF, 0x80, 0xF0, 0x2F, 0xD0, 0x00, 0x00, 0x00, 0x00, 0x2F, 0x40, 0xB4, 0x0F,
    0xFF, 0x5F, 0x02, 0xE2, 0xFF, 0xD0, 0x3C, 0x03, 0xF4, 0x00, 0x00, 0x00, 0x00, 0x00, 0x24, 0x14,
    0x00, 0x3C, 0x0B, 0x80, 0xBF, 0xFF, 0xF8, 0x2F, 0xFF, 0xFD, 0x02, 0xD0, 0x3C, 0x00, 0x24, 0x14,
    0x00, 0x00, 0x00, 0x00, 0x00, 0x00, 0x07, 0x00, 0xBE, 0x0B, 0xFD, 0x07, 0xC0, 0x2E, 0x00, 0xF4,
    0x03, 0xC0, 0xFF, 0xD0, 0x2F, 0xF8, 0x07, 0xFF, 0xFF, 0xD0, 0x2F, 0xF8, 0x07, 0xFF, 0xF0, 0x00,
    0x00, 0x00, 0x00, 0x0F, 0xF0, 0x00, 0x02, 0x80, 0x00, 0x0F, 0xA0, 0x00, 0xB2, 0x8E, 0x00, 0x0A,
    0x00, 0x0D, 0xA0, 0x0A, 0x70, 0x00, 0x00, 0x0E, 0x00, 0x00, 0xB0, 0x00, 0x00, 0x00, 0x00, 0x00,
    0x00, 0x00, 0x00, 0x70, 0x00, 0x00, 0x0E, 0x00, 0xF0, 0x70, 0x00, 0x00, 0x09, 0x0F, 0xF0, 0x00,
    0x00, 0x00, 0x00, 0x0F, 0xF0, 0xD0, 0x00, 0x00, 0x07, 0x0F, 0xF0, 0xD0, 0x00, 0x00, 0x07, 0x0F,
    0xF0, 0x00, 0x00, 0x00, 0x00, 0x0F, 0x00, 0x70, 0x00, 0x00, 0x0E, 0x00, 0x00, 0x70, 0x00, 0x00,
    0x09, 0x00, 0x00, 0x0D, 0x00, 0x00, 0x70, 0x00, 0x00, 0x0E, 0x00, 0x00, 0xB0, 0x00, 0x50, 0x00,
    0xB2, 0x8E, 0x00, 0x05, 0xF0, 0x00, 0x62, 0x89, 0x00, 0x0F, 0xF0, 0x00, 0x00, 0x00, 0x00, 0x0F,
    0xF0, 0x00, 0x00, 0x00, 0x00, 0x0F, 0xFF, 0xD0, 0x2F, 0xF8, 0x07, 0xFF, 0xFF, 0xD0, 0x2F, 0xF8,
    0x07, 0xFF, 0xD0, 0x0F, 0xD0, 0x2F, 0xD0, 0x7E, 0x2F, 0xDF, 0xE0, 0xD0, 0x00, 0x00, 0x00, 0xBC,
    0x3F, 0xC7, 0xE0, 0xBC, 0x0B, 0xC0, 0x3F, 0x01, 0xF0, 0x01, 0x00, 0x00, 0xBF, 0x80, 0x0B, 0xFF,
    0xF0, 0x1F, 0xFF, 0xFC, 0x3F, 0x40, 0xFD, 0x7D, 0x00, 0x3E, 0xBC, 0xBE, 0x3E, 0x00, 0xFF, 0x00,
    0x00, 0xFF, 0x00, 0x00, 0xBD, 0x00, 0x08, 0x20, 0x3E, 0xBC, 0x1F, 0xF4, 0x0F, 0xE0, 0x2F, 0xF8,
    0x2D, 0x7C, 0x04, 0x10, 0x00, 0xA0, 0xBE, 0xBF, 0x4F, 0xC0, 0xBF, 0x40, 0xBE, 0x00, 0xA0, 0x34,
    0x00, 0xFD, 0x00, 0xBF, 0x00, 0xBD, 0x0F, 0xF4, 0xFD, 0x03, 0x40, 0x00, 0xA0, 0x00, 0x64, 0x3F,
    0x80, 0x3F, 0x02, 0xFD, 0x1F, 0xC0, 0x1F, 0x8B, 0xB8, 0x2F, 0xE3, 0xCF, 0x2F, 0x81, 0xE2, 0xDA,
    0x00, 0xF0, 0x38, 0x08, 0x01, 0xF4, 0x1F, 0xC0, 0xBC, 0x07, 0xC1, 0xFC, 0x7F, 0x4B, 0x80, 0x2F,
    0x8B, 0xFE, 0xFF, 0xEF, 0xFD, 0x3F, 0x80, 0x02, 0xE0, 0x05, 0x75, 0x42, 0xFF, 0xE0, 0xAF, 0xE8,
    0x07, 0xF4, 0x03, 0xDF, 0x00, 0x22, 0x00, 0x1F, 0xE1, 0xFD, 0x1F, 0xFF, 0xFF, 0xDB, 0x42, 0xF0,
    0x3F, 0xC0, 0x74, 0x0F, 0xB4, 0x2F, 0x03, 0xDF, 0xFF, 0xFF, 0xD1, 0xFE, 0x1F, 0xD0, 0x38, 0x01,
    0xD0, 0x0B, 0xFF, 0x3F, 0xFC, 0x00, 0xE0, 0x07, 0x40, 0x08, 0x00, 0x7F, 0x00, 0x00, 0x00, 0x00,
    0x0F, 0xD3, 0xF8, 0x00, 0x00, 0x00, 0x07, 0xF8, 0x2F, 0xF0, 0x00, 0x00, 0x02, 0xFE, 0x00, 0xFF,
    0xE4, 0x00, 0x1B, 0xFF, 0x80, 0x02, 0xFF, 0xFF, 0xFF, 0xFF, 0xD0, 0x00, 0x07, 0xFF, 0xFF, 0xFF,
    0xE0, 0x00, 0x00, 0x01, 0xBF, 0xFF, 0x90, 0x00, 0x00, 0xBE, 0x00, 0x00, 0x00, 0x00, 0x1F, 0xC7,
    0xF4, 0x00, 0x00, 0x00, 0x07, 0xF4, 0x3F, 0xE0, 0x00, 0x00, 0x07, 0xFE, 0x00, 0xFF, 0xE4, 0x00,
    0x1B, 0xFF, 0x80, 0x03, 0xFF, 0xFF, 0xFF, 0xFF, 0xD0, 0x00, 0x07, 0xFF, 0xFF, 0xFF, 0xD0, 0x00,
    0x00, 0x02, 0xBF, 0xFE, 0x90, 0x00, 0x00, 0x00, 0x00, 0x00, 0x00, 0x03, 0xFF, 0xFF, 0xFF, 0xFF,
    0x7F, 0xFF, 0xFF, 0xFF, 0xEB, 0xFF, 0xFF, 0xFF, 0xFD, 0xFF, 0xFF, 0xFF, 0xFF, 0xD0, 0x00, 0x00,
    0x00, 0x00, 0x00, 0xBF, 0xFF, 0xFF, 0xFF, 0xE2, 0xFF, 0xFF, 0xFF, 0xFF, 0x4F, 0xFF, 0xFF, 0xFF,
    0xFC, 0x3F, 0xFF, 0xFF, 0xFF, 0xF0, 0x00, 0xBF, 0xFA, 0x40, 0x00, 0x01, 0xF4, 0x2F, 0xFF, 0xFF,
    0xF9, 0x00, 0x2F, 0xC2, 0xFF, 0xFF, 0xFF, 0xFF, 0xFF, 0xFC, 0x1F, 0xD0, 0x05, 0xBF, 0xFF, 0xFF,
    0xC0, 0xFC, 0x00, 0x00, 0x06, 0xFF, 0xF4, 0x00, 0x00, 0x00, 0x1B, 0xFF, 0xF9, 0x00, 0x00, 0x00,
    0x1F, 0xFF, 0xFF, 0xFF, 0xD0, 0x00, 0x03, 0xFF, 0xFF, 0xFF, 0xFF, 0xE0, 0x00, 0x7F, 0xF9, 0x00,
    0x05, 0xFF, 0xE0, 0x07, 0xFD, 0x00, 0x00, 0x00, 0x3F, 0xD0, 0x7F, 0x40, 0x00, 0x00, 0x00, 0x2F,
    0xC1, 0xA4, 0x00, 0x00, 0x00, 0x00, 0x1A, 0x00, 0x00, 0x00, 0x00, 0x00, 0x00, 0x00, 0x00, 0x00,
    0x00, 0x00, 0x00, 0x00, 0x70, 0x00, 0x00, 0x00, 0x00, 0x00, 0x02, 0xF4, 0x0F, 0xFF, 0xFF, 0xFF,
    0xFF, 0xFF, 0xF8, 0x7F, 0xFF, 0xFF, 0xFF, 0xFF, 0xFF, 0xE0, 0x00, 0x00, 0x00, 0x00, 0x00, 0x7D,
    0x00, 0x00, 0x00, 0x00, 0x00, 0x01, 0x80, 0x00, 0x00, 0x00, 0x00, 0x00, 0x00, 0x00, 0x07, 0xD7,
    0x47, 0xFF, 0xC3, 0xE2, 0xF1, 0xF0, 0x78, 0xBC, 0x2D, 0x2F, 0x1F, 0x47, 0xFF, 0xC0, 0xBD, 0xF0,
    0x00, 0x00, 0x01, 0xFF, 0x81, 0xF5, 0xF0, 0xF8, 0x7C, 0x3F, 0xF8, 0x0F, 0x40, 0x03, 0xE1, 0x80,
    0x7F, 0xE0, 0x00, 0x00, 0x00, 0x00, 0x01, 0xE0, 0xB8, 0x00, 0x0F, 0x07, 0xC2, 0xE0, 0xF4, 0x3C,
    0x1F, 0x0B, 0x80, 0x02, 0xF4, 0x1F, 0xFD, 0x3E, 0x2F, 0x7C, 0x1F, 0xB8, 0x2F, 0xBC, 0x3D, 0x3F,
    0xFC, 0x1F, 0xE0, 0x2E, 0x0F, 0x4B, 0x43, 0xC3, 0xC1, 0xF0, 0xF0, 0xB8, 0x7C, 0x3E, 0x1F, 0x1F,
    0x47, 0xFF, 0xC0, 0xBC, 0xF0, 0x06, 0xF8, 0x7F, 0xE3, 0xE0, 0x2F, 0x00, 0xB8, 0x02, 0xE0, 0x07,
    0xFF, 0x0B, 0xF4, 0x00, 0x02, 0x80, 0x00, 0x7C, 0x00, 0x0B, 0x80, 0x6D, 0xF4, 0x1F, 0xFF, 0x03,
    0xE2, 0xF0, 0x7C, 0x1E, 0x0B, 0x82, 0xE0, 0xBC, 0x3D, 0x07, 0xFF, 0xC0, 0x2F, 0x7C, 0x00, 0x01,
    0x90, 0x00, 0xF4, 0x00, 0x3C, 0x00, 0x1F, 0x7C, 0x0B, 0xFF, 0xC3, 0xF1, 0xF0, 0xF4, 0x7C, 0x3C,
    0x2E, 0x1F, 0x0F, 0x4B, 0x83, 0xC3, 0xD1, 0xF0, 0x0B, 0x7F, 0x2F, 0x80, 0xFC, 0xBE, 0x7C, 0x0F,
    0x0B, 0xC3, 0xC1, 0xF0, 0xF4, 0x7C, 0x2E, 0x0F, 0x0B, 0x83, 0xD1, 0xF0, 0xB4, 0x3C, 0x2E, 0x0F,
    0x00, 0x0E, 0x68, 0x3F, 0xE1, 0xF4, 0x0B, 0x80, 0x3D, 0x00, 0xF0, 0x07, 0xC0, 0x2E, 0x00, 0x03,
    0xC0, 0x2F, 0x93, 0xFF, 0x43, 0xC0, 0x1F, 0x00, 0xB8, 0x03, 0xD0, 0x0F, 0xF0, 0x1F, 0xC0, 0xF4,
    0x2E, 0xB4, 0x7C, 0xB8, 0xF4, 0x79, 0xE0, 0x3B, 0xC0, 0x3F, 0x40, 0x3F, 0x00, 0x07, 0xC3, 0xE0,
    0x3D, 0xF8, 0x01, 0xFE, 0x00, 0x1F, 0xC0, 0x03, 0xFC, 0x00, 0xF6, 0xE0, 0x3E, 0x1F, 0x00, 0x00,
    0x00, 0x3F, 0xE0, 0x00, 0x00, 0x00, 0x1F, 0xF0, 0x00, 0x00, 0x00, 0x0B, 0xF8, 0x00, 0x00, 0x00,
    0x02, 0xFC, 0x00, 0x00, 0x00, 0x00, 0xFD, 0x00, 0x00, 0x00, 0x00, 0x00, 0x00, 0x00, 0x00, 0x00,
    0x00, 0x00, 0x00, 0x00, 0x00, 0x00, 0x00, 0x00, 0x1F, 0xFF, 0xFF, 0xFC, 0x00, 0x2F, 0xFF, 0xFF,
    0xF8, 0x00, 0x3F, 0xFF, 0xFF, 0xF4, 0x00, 0x3F, 0xFF, 0xFF, 0xF0, 0x00, 0x3F, 0xF0, 0x00, 0x00,
    0x00, 0x7F, 0xE0, 0x00, 0x00, 0x00, 0xBF, 0xD0, 0x00, 0x00, 0x00, 0xFF, 0xC0, 0x00, 0x00, 0x00,
    0xFF, 0xC0, 0x00, 0x00, 0x01, 0xFF, 0xFF, 0xFF, 0x40, 0x01, 0xFF, 0xFF, 0xFF, 0x00, 0x02, 0xFF,
    0xFF, 0xFF, 0x00, 0x03, 0xFF, 0xFF, 0xFE, 0x00, 0x03, 0xFF, 0x00, 0x00, 0x00, 0x07, 0xFE, 0x00,
    0x00, 0x00, 0x0B, 0xFD, 0x00, 0x00, 0x00, 0x0B, 0xFD, 0x00, 0x00, 0x00, 0x0F, 0xFC, 0x00, 0x00,
    0x00, 0x0F, 0xFC, 0x00, 0x00, 0x00, 0x1F, 0xF8, 0x00, 0x00, 0x00, 0x2F, 0xFF, 0xFF, 0xF8, 0x00,
    0x3F, 0xFF, 0xFF, 0xF8, 0x00, 0x3F, 0xFF, 0xFF, 0xF4, 0x00, 0x3F, 0xFF, 0xFF, 0xF0, 0x00, 0x00,
    0x00, 0x7D, 0x07, 0xD0, 0x00, 0x00, 0xFF, 0x0F, 0xF0, 0x00, 0x01, 0xFF, 0x1F, 0xF0, 0x00, 0x01,
    0xFE, 0x1F, 0xE0, 0x00, 0x00, 0xF8, 0x0F, 0xC0, 0x00, 0x00, 0x00, 0x00, 0x00, 0x00, 0x00, 0x00,
    0x00, 0x00, 0x00, 0x00, 0x00, 0x00, 0x00, 0x00, 0x1F, 0xFF, 0xFF, 0xFC, 0x00, 0x2F, 0xFF, 0xFF,
    0xF8, 0x00, 0x3F, 0xFF, 0xFF, 0xF4, 0x00, 0x3F, 0xFF, 0xFF, 0xF0, 0x00, 0x3F, 0xF0, 0x00, 0x00,
    0x00, 0x7F, 0xE0, 0x00, 0x00, 0x00, 0xBF, 0xD0, 0x00, 0x00, 0x00, 0xFF, 0xC0, 0x00, 0x00, 0x00,
    0xFF, 0xC0, 0x00, 0x00, 0x01, 0xFF, 0xFF, 0xFF, 0x40, 0x01, 0xFF, 0xFF, 0xFF, 0x00, 0x02, 0xFF,
    0xFF, 0xFF, 0x00, 0x03, 0xFF, 0xFF, 0xFE, 0x00, 0x03, 0xFF, 0x00, 0x00, 0x00, 0x07, 0xFE, 0x00,
    0x00, 0x00, 0x0B, 0xFD, 0x00, 0x00, 0x00, 0x0B, 0xFD, 0x00, 0x00, 0x00, 0x0F, 0xFC, 0x00, 0x00,
    0x00, 0x0F, 0xFC, 0x00, 0x00, 0x00, 0x1F, 0xF8, 0x00, 0x00, 0x00, 0x2F, 0xFF, 0xFF, 0xF8, 0x00,
    0x3F, 0xFF, 0xFF, 0xF8, 0x00, 0x3F, 0xFF, 0xFF, 0xF4, 0x00, 0x3F, 0xFF, 0xFF, 0xF0, 0x00, 0x2F,
    0xFF, 0xFF, 0xFF, 0xFC, 0x0F, 0xFF, 0xFF, 0xFF, 0xFE, 0x03, 0xFF, 0xFF, 0xFF, 0xFF, 0x40, 0xFF,
    0xFF, 0xFF, 0xFF, 0xC0, 0x00, 0x0B, 0xFC, 0x00, 0x00, 0x00, 0x03, 0xFF, 0x00, 0x00, 0x00, 0x00,
    0xFF, 0xC0, 0x00, 0x00, 0x00, 0x7F, 0xE0, 0x00, 0x00, 0x00, 0x2F, 0xF4, 0x00, 0x00, 0x00, 0x0F,
    0xFF, 0xFF, 0xD0, 0x00, 0x03, 0xFF, 0xFF, 0xFF, 0x00, 0x00, 0xFF, 0xFF, 0xFF, 0xF0, 0x00, 0x7F,
    0xFF, 0xFF, 0xFE, 0x00, 0x2F, 0xF8, 0x03, 0xFF, 0xC0, 0x0F, 0xFC, 0x00, 0x3F, 0xF0, 0x03, 0xFF,
    0x00, 0x0F, 0xFD, 0x00, 0xFF, 0x80, 0x03, 0xFF, 0x00, 0x7F, 0xE0, 0x00, 0xFF, 0xC0, 0x2F, 0xF4,
    0x00, 0x7F, 0xF0, 0x0F, 0xFC, 0x00, 0x7F, 0xF8, 0x03, 0xFF, 0x0F, 0xFF, 0xFC, 0x00, 0xFF, 0x83,
    0xFF, 0xFD, 0x00, 0x7F, 0xE0, 0xFF, 0xFD, 0x00, 0x2F, 0xF4, 0x3F, 0xF8, 0x00, 0x00, 0x00, 0x00,
    0x1F, 0xFD, 0x00, 0x00, 0x00, 0x3F, 0xF4, 0x00, 0x00, 0x00, 0xBF, 0xC0, 0x00, 0x00, 0x01, 0xFF,
    0x00, 0x00, 0x00, 0x03, 0xFC, 0x00, 0x00, 0x00, 0x06, 0x90, 0x00, 0x00, 0x00, 0x00, 0x00, 0x00,
    0x00, 0x00, 0x00, 0x00, 0x00, 0x00, 0x0F, 0xFF, 0xFF, 0xFC, 0x00, 0x1F, 0xFF, 0xFF, 0xFC, 0x00,
    0x2F, 0xFF, 0xFF, 0xF8, 0x00, 0x3F, 0xFF, 0xFF, 0xF4, 0x00, 0x3F, 0xF0, 0x00, 0x00, 0x00, 0x7F,
    0xE0, 0x00, 0x00, 0x00, 0x7F, 0xD0, 0x00, 0x00, 0x00, 0xBF, 0xC0, 0x00, 0x00, 0x00, 0xFF, 0xC0,
    0x00, 0x00, 0x00, 0xFF, 0xC0, 0x00, 0x00, 0x01, 0xFF, 0x80, 0x00, 0x00, 0x02, 0xFF, 0x40, 0x00,
    0x00, 0x02, 0xFF, 0x00, 0x00, 0x00, 0x03, 0xFF, 0x00, 0x00, 0x00, 0x03, 0xFE, 0x00, 0x00, 0x00,
    0x07, 0xFE, 0x00, 0x00, 0x00, 0x0B, 0xFD, 0x00, 0x00, 0x00, 0x0F, 0xFC, 0x00, 0x00, 0x00, 0x0F,
    0xFC, 0x00, 0x00, 0x00, 0x0F, 0xF8, 0x00, 0x00, 0x00, 0x1F, 0xF4, 0x00, 0x00, 0x00, 0x2F, 0xF4,
    0x00, 0x00, 0x00, 0x3F, 0xF0, 0x00, 0x00, 0x00, 0x3F, 0xF0, 0x00, 0x00, 0x00, 0x00, 0x00, 0x1B,
    0xFF, 0xE4, 0x00, 0x00, 0x7F, 0xFF, 0xFF, 0xD0, 0x00, 0xBF, 0xFF, 0xFF, 0xF0, 0x00, 0xFF, 0xFF,
    0xFF, 0xF8, 0x00, 0xBF, 0xF9, 0x00, 0x6C, 0x00, 0x7F, 0xF4, 0x00, 0x00, 0x00, 0x3F, 0xF8, 0x00,
    0x00, 0x00, 0x1F, 0xFC, 0x00, 0x00, 0x00, 0x0F, 0xFD, 0x00, 0x00, 0x00, 0x03, 0xFF, 0xFF, 0xFF,
    0x40, 0x02, 0xFF, 0xFF, 0xFF, 0xC0, 0x00, 0xBF, 0xFF, 0xFF, 0xF0, 0x00, 0x3F, 0xFF, 0xFF, 0xF8,
    0x00, 0x0F, 0xFC, 0x00, 0x00, 0x00, 0x03, 0xFF, 0x00, 0x00, 0x00, 0x00, 0xFF, 0xC0, 0x00, 0x00,
    0x00, 0x3F, 0xF0, 0x00, 0x00, 0x00, 0x0F, 0xFE, 0x00, 0x00, 0x00, 0x01, 0xFF, 0xC0, 0x00, 0x00,
    0x00, 0x3F, 0xFD, 0x00, 0x6C, 0x00, 0x0B, 0xFF, 0xFF, 0xFF, 0x00, 0x00, 0xFF, 0xFF, 0xFF, 0xC0,
    0x00, 0x0B, 0xFF, 0xFF, 0xF0, 0x00, 0x00, 0x2F, 0xFF, 0x90, 0x00, 0x00, 0x00, 0xBF, 0xF9, 0x00,
    0x00, 0x2F, 0xFF, 0xFF, 0x80, 0x03, 0xFF, 0xFF, 0xFE, 0x00, 0x2F, 0xFF, 0xFF, 0xF0, 0x00, 0xFF,
    0xE0, 0x07, 0x80, 0x07, 0xFF, 0x00, 0x00, 0x00, 0x2F, 0xF8, 0x00, 0x00, 0x00, 0xBF, 0xE0, 0x00,
    0x00, 0x01, 0xFF, 0xD0, 0x00, 0x00, 0x03, 0xFF, 0xD0, 0x00, 0x00, 0x0B, 0xFF, 0xE0, 0x00, 0x00,
    0x0F, 0xFF, 0xF0, 0x00, 0x00, 0x0F, 0xFF, 0xF0, 0x00, 0x00, 0x0B, 0xFF, 0xE0, 0x00, 0x00, 0x07,
    0xFF, 0xC0, 0x00, 0x00, 0x07, 0xFF, 0x40, 0x00, 0x00, 0x0F, 0xFD, 0x00, 0x00, 0x00, 0x2F, 0xF4,
    0x01, 0x00, 0x00, 0xFF, 0xC0, 0x1F, 0x40, 0x0B, 0xFF, 0x00, 0x7F, 0xFF, 0xFF, 0xF4, 0x01, 0xFF,
    0xFF, 0xFF, 0x80, 0x03, 0xFF, 0xFF, 0xF4, 0x00, 0x01, 0xBF, 0xF9, 0x00, 0x00, 0x00, 0x1F, 0xF8,
    0x00, 0xBF, 0xD0, 0x03, 0xFF, 0x00, 0x0F, 0xFC, 0x00, 0x3F, 0xF0, 0x01, 0xFF, 0x80, 0x0B, 0xFD,
    0x00, 0x3F, 0xF0, 0x00, 0xFF, 0xC0, 0x07, 0xFF, 0x00, 0x1F, 0xF8, 0x00, 0xBF, 0xD0, 0x03, 0xFF,
    0x00, 0x0F, 0xFC, 0x00, 0x7F, 0xE0, 0x02, 0xFF, 0x80, 0x0B, 0xFD, 0x00, 0x3F, 0xF0, 0x00, 0xFF,
    0xC0, 0x07, 0xFE, 0x00, 0x2F, 0xF4, 0x00, 0xFF, 0xD0, 0x03, 0xFF, 0x00, 0x0F, 0xFC, 0x00, 0x00,
    0x1F, 0x47, 0xD0, 0x00, 0xFF, 0x3F, 0xC0, 0x07, 0xFD, 0xFF, 0x00, 0x1F, 0xE3, 0xFC, 0x00, 0x3E,
    0x0B, 0xC0, 0x00, 0x00, 0x00, 0x00, 0x00, 0x00, 0x00, 0x00, 0x00, 0x00, 0x00, 0x00, 0x1F, 0xF8,
    0x00, 0x00, 0xBF, 0xD0, 0x00, 0x02, 0xFF, 0x00, 0x00, 0x0F, 0xFC, 0x00, 0x00, 0x3F, 0xF0, 0x00,
    0x01, 0xFF, 0x80, 0x00, 0x0B, 0xFD, 0x00, 0x00, 0x3F, 0xF0, 0x00, 0x00, 0xFF, 0xC0, 0x00, 0x03,
    0xFF, 0x00, 0x00, 0x1F, 0xF8, 0x00, 0x00, 0xBF, 0xD0, 0x00, 0x03, 0xFF, 0x00, 0x00, 0x0F, 0xFC,
    0x00, 0x00, 0x7F, 0xE0, 0x00, 0x01, 0xFF, 0x40, 0x00, 0x0B, 0xFD, 0x00, 0x00, 0x3F, 0xF0, 0x00,
    0x00, 0xFF, 0xC0, 0x00, 0x07, 0xFE, 0x00, 0x00, 0x2F, 0xF4, 0x00, 0x00, 0xBF, 0xC0, 0x00, 0x03,
    0xFF, 0x00, 0x00, 0x0F, 0xFC, 0x00, 0x00, 0x00, 0x00, 0x00, 0xFF, 0xC0, 0x00, 0x00, 0x0F, 0xFC,
    0x00, 0x00, 0x01, 0xFF, 0x80, 0x00, 0x00, 0x2F, 0xF4, 0x00, 0x00, 0x03, 0xFF, 0x40, 0x00, 0x00,
    0x3F, 0xF0, 0x00, 0x00, 0x03, 0xFF, 0x00, 0x00, 0x00, 0x7F, 0xE0, 0x00, 0x00, 0x0B, 0xFD, 0x00,
    0x00, 0x00, 0xFF, 0xC0, 0x00, 0x00, 0x0F, 0xFC, 0x00, 0x00, 0x00, 0xFF, 0xC0, 0x00, 0x00, 0x1F,
    0xF8, 0x00, 0x00, 0x02, 0xFF, 0x40, 0x00, 0x00, 0x3F, 0xF0, 0x00, 0x00, 0x03, 0xFF, 0x00, 0x00,
    0x00, 0x7F, 0xE0, 0x00, 0x00, 0x0B, 0xFE, 0x00, 0x00, 0x00, 0xBF, 0xD0, 0x00, 0x00, 0x0F, 0xFC,
    0x00, 0x00, 0x00, 0xFF, 0xC0, 0x00, 0x00, 0x1F, 0xF8, 0x00, 0x00, 0x02, 0xFF, 0x40, 0x00, 0x00,
    0x3F, 0xF0, 0x00, 0x00, 0x03, 0xFF, 0x00, 0x00, 0x00, 0xBF, 0xE0, 0x00, 0x00, 0x2F, 0xFD, 0x00,
    0x07, 0xFF, 0xFF, 0x80, 0x00, 0x7F, 0xFF, 0xF0, 0x00, 0x07, 0xFF, 0xFC, 0x00, 0x00, 0x2F, 0xF9,
    0x00, 0x00, 0x00, 0x00, 0x00, 0x07, 0xFF, 0xFF, 0xFF, 0xD0, 0x00, 0x00, 0x00, 0x00, 0xBF, 0xFF,
    0xFF, 0xFC, 0x00, 0x00, 0x00, 0x00, 0x0F, 0xFF, 0xFF, 0xFF, 0xC0, 0x00, 0x00, 0x00, 0x00, 0xFF,
    0xFF, 0xFF, 0xF8, 0x00, 0x00, 0x00, 0x00, 0x1F, 0xF4, 0x01, 0xFF, 0x40, 0x00, 0x00, 0x00, 0x02,
    0xFF, 0x00, 0x2F, 0xF0, 0x00, 0x00, 0x00, 0x00, 0x3F, 0xF0, 0x03, 0xFF, 0x00, 0x00, 0x00, 0x00,
    0x03, 0xFE, 0x00, 0x3F, 0xF0, 0x00, 0x00, 0x00, 0x00, 0xBF, 0xC0, 0x07, 0xFF, 0xFE, 0x40, 0x00,
    0x00, 0x0F, 0xFC, 0x00, 0xBF, 0xFF, 0xFF, 0x00, 0x00, 0x00, 0xFF, 0x80, 0x0B, 0xFF, 0xFF, 0xFD,
    0x00, 0x00, 0x1F, 0xF4, 0x00, 0xFF, 0xFF, 0xFF, 0xF0, 0x00, 0x02, 0xFF, 0x00, 0x0F, 0xF8, 0x0B,
    0xFF, 0x40, 0x00, 0x3F, 0xF0, 0x01, 0xFF, 0x80, 0x3F, 0xF8, 0x00, 0x03, 0xFE, 0x00, 0x2F, 0xF4,
    0x01, 0xFF, 0xC0, 0x00, 0x7F, 0xD0, 0x03, 0xFF, 0x00, 0x1F, 0xFC, 0x00, 0x0B, 0xFC, 0x00, 0x3F,
    0xF0, 0x01, 0xFF, 0x80, 0x00, 0xFF, 0xC0, 0x03, 0xFF, 0x00, 0x3F, 0xF4, 0x00, 0x2F, 0xF4, 0x00,
    0x7F, 0xE0, 0x07, 0xFF, 0x00, 0x0B, 0xFF, 0x00, 0x0B, 0xFD, 0x01, 0xFF, 0xE0, 0x7F, 0xFF, 0xD0,
    0x00, 0xFF, 0xFF, 0xFF, 0xFC, 0x07, 0xFF, 0xFC, 0x00, 0x0F, 0xFF, 0xFF, 0xFF, 0x00, 0x7F, 0xFE,
    0x00, 0x00, 0xFF, 0xFF, 0xFF, 0xC0, 0x07, 0xFE, 0x40, 0x00, 0x1F, 0xFF, 0xFF, 0x80, 0x00, 0x00,
    0x1F, 0xF8, 0x00, 0x1F, 0xF8, 0x00, 0x00, 0x00, 0xBF, 0xD0, 0x00, 0xBF, 0xD0, 0x00, 0x00, 0x03,
    0xFF, 0x40, 0x03, 0xFF, 0x00, 0x00, 0x00, 0x0F, 0xFC, 0x00, 0x0F, 0xFC, 0x00, 0x00, 0x00, 0x3F,
    0xF0, 0x00, 0x3F, 0xF0, 0x00, 0x00, 0x01, 0xFF, 0x80, 0x01, 0xFF, 0x80, 0x00, 0x00, 0x0B, 0xFD,
    0x00, 0x0B, 0xFD, 0x00, 0x00, 0x00, 0x3F, 0xF0, 0x00, 0x3F, 0xF0, 0x00, 0x00, 0x00, 0xFF, 0xC0,
    0x00, 0xFF, 0xC0, 0x00, 0x00, 0x07, 0xFF, 0xFF, 0xFF, 0xFF, 0xFF, 0x40, 0x00, 0x1F, 0xFF, 0xFF,
    0xFF, 0xFF, 0xFF, 0xD0, 0x00, 0xBF, 0xFF, 0xFF, 0xFF, 0xFF, 0xFF, 0xD0, 0x03, 0xFF, 0xFF, 0xFF,
    0xFF, 0xFF, 0xFF, 0xC0, 0x0F, 0xFC, 0x00, 0x0F, 0xFC, 0x07, 0xFF, 0x80, 0x7F, 0xE0, 0x00, 0x7F,
    0xE0, 0x0B, 0xFE, 0x02, 0xFF, 0x40, 0x02, 0xFF, 0x80, 0x1F, 0xFC, 0x0B, 0xFD, 0x00, 0x0F, 0xFD,
    0x00, 0x7F, 0xE0, 0x3F, 0xF0, 0x00, 0x3F, 0xF0, 0x02, 0xFF, 0x80, 0xFF, 0xC0, 0x00, 0xFF, 0xC0,
    0x0F, 0xFD, 0x07, 0xFE, 0x00, 0x07, 0xFE, 0x01, 0xFF, 0xF0, 0x2F, 0xF4, 0x00, 0x2F, 0xFF, 0xFF,
    0xFF, 0x40, 0xFF, 0xC0, 0x00, 0xFF, 0xFF, 0xFF, 0xF4, 0x03, 0xFF, 0x00, 0x03, 0xFF, 0xFF, 0xFF,
    0x40, 0x0F, 0xFC, 0x00, 0x0F, 0xFF, 0xFF, 0x90, 0x00, 0x2F, 0xFF, 0xFF, 0xFF, 0xFC, 0x0F, 0xFF,
    0xFF, 0xFF, 0xFE, 0x03, 0xFF, 0xFF, 0xFF, 0xFF, 0x40, 0xFF, 0xFF, 0xFF, 0xFF, 0xC0, 0x00, 0x0B,
    0xFC, 0x00, 0x00, 0x00, 0x03, 0xFF, 0x00, 0x00, 0x00, 0x00, 0xFF, 0xC0, 0x00, 0x00, 0x00, 0x7F,
    0xE0, 0x00, 0x00, 0x00, 0x2F, 0xF4, 0x00, 0x00, 0x00, 0x0F, 0xFE, 0xFF, 0xD0, 0x00, 0x03, 0xFF,
    0xFF, 0xFF, 0x40, 0x00, 0xFF, 0xFF, 0xFF, 0xF0, 0x00, 0x7F, 0xFF, 0xFF, 0xFE, 0x00, 0x2F, 0xF8,
    0x03, 0xFF, 0xC0, 0x0F, 0xFC, 0x00, 0x3F, 0xF0, 0x03, 0xFF, 0x00, 0x0F, 0xFC, 0x00, 0xFF, 0x80,
    0x03, 0xFF, 0x00, 0x7F, 0xE0, 0x00, 0xFF, 0xC0, 0x2F, 0xF4, 0x00, 0x7F, 0xE0, 0x0F, 0xFC, 0x00,
    0x2F, 0xF4, 0x03, 0xFF, 0x00, 0x0F, 0xFC, 0x00, 0xFF, 0x80, 0x03, 0xFF, 0x00, 0x7F, 0xE0, 0x00,
    0xFF, 0xC0, 0x2F, 0xF4, 0x00, 0x7F, 0xE0, 0x00, 0x00, 0x00, 0x01, 0xFF, 0xC0, 0x00, 0x00, 0x00,
    0x03, 0xFF, 0x00, 0x00, 0x00, 0x00, 0x0F, 0xFC, 0x00, 0x00, 0x00, 0x00, 0x2F, 0xF0, 0x00, 0x00,
    0x00, 0x00, 0x3F, 0xC0, 0x00, 0x00, 0x00, 0x00, 0x69, 0x00, 0x00, 0x00, 0x00, 0x00, 0x00, 0x00,
    0x00, 0x00, 0x00, 0x00, 0x00, 0x00, 0x00, 0x00, 0x1F, 0xF8, 0x00, 0x2F, 0xFC, 0x00, 0x2F, 0xF4,
    0x00, 0x7F, 0xF0, 0x00, 0x2F, 0xF0, 0x00, 0xFF, 0xD0, 0x00, 0x3F, 0xF0, 0x03, 0xFF, 0x80, 0x00,
    0x3F, 0xF0, 0x0B, 0xFE, 0x00, 0x00, 0x7F, 0xE0, 0x2F, 0xFC, 0x00, 0x00, 0xBF, 0xD0, 0x7F, 0xF0,
    0x00, 0x00, 0xFF, 0xC0, 0xFF, 0xD0, 0x00, 0x00, 0xFF, 0xC3, 0xFF, 0x40, 0x00, 0x00, 0xFF, 0xFF,
    0xFE, 0x00, 0x00, 0x01, 0xFF, 0xFF, 0xFC, 0x00, 0x00, 0x02, 0xFF, 0xFF, 0xF4, 0x00, 0x00, 0x03,
    0xFF, 0xFF, 0xFC, 0x00, 0x00, 0x03, 0xFF, 0x0F, 0xFC, 0x00, 0x00, 0x03, 0xFE, 0x0B, 0xFE, 0x00,
    0x00, 0x07, 0xFE, 0x07, 0xFF, 0x00, 0x00, 0x0B, 0xFD, 0x03, 0xFF, 0x00, 0x00, 0x0F, 0xFC, 0x02,
    0xFF, 0x80, 0x00, 0x0F, 0xFC, 0x01, 0xFF, 0xC0, 0x00, 0x1F, 0xF8, 0x00, 0xFF, 0xD0, 0x00, 0x2F,
    0xF4, 0x00, 0xFF, 0xE0, 0x00, 0x2F, 0xF4, 0x00, 0x7F, 0xF0, 0x00, 0x3F, 0xF0, 0x00, 0x3F, 0xF4,
    0x00, 0x3F, 0xF0, 0x00, 0x3F, 0xF8, 0x00, 0x00, 0x00, 0x02, 0xFF, 0x00, 0x00, 0x00, 0x00, 0x00,
    0xFF, 0x80, 0x00, 0x00, 0x00, 0x00, 0x3F, 0xC0, 0x00, 0x00, 0x00, 0x00, 0x1F, 0xD0, 0x00, 0x00,
    0x00, 0x00, 0x0B, 0xF0, 0x00, 0x00, 0x00, 0x00, 0x00, 0x00, 0x00, 0x00, 0x00, 0x00, 0x00, 0x00,
    0x00, 0x00, 0x00, 0x00, 0x00, 0x00, 0x00, 0x00, 0x1F, 0xF0, 0x00, 0x2F, 0xFE, 0x00, 0x2F, 0xF0,
    0x00, 0x7F, 0xFE, 0x00, 0x3F, 0xF0, 0x00, 0xFF, 0xFD, 0x00, 0x3F, 0xE0, 0x02, 0xFF, 0xFC, 0x00,
    0x3F, 0xD0, 0x07, 0xFF, 0xFC, 0x00, 0x7F, 0xC0, 0x0F, 0xFF, 0xF8, 0x00, 0xBF, 0xC0, 0x2F, 0xFF,
    0xF4, 0x00, 0xFF, 0xC0, 0x3F, 0xDF, 0xF0, 0x00, 0xFF, 0x80, 0xFF, 0xAF, 0xF0, 0x01, 0xFF, 0x41,
    0xFF, 0x3F, 0xF0, 0x01, 0xFF, 0x03, 0xFD, 0x3F, 0xE0, 0x02, 0xFF, 0x0B, 0xF8, 0x3F, 0xD0, 0x03,
    0xFE, 0x1F, 0xF0, 0x7F, 0xC0, 0x03, 0xFD, 0x3F, 0xD0, 0xBF, 0xC0, 0x07, 0xFC, 0xBF, 0xC0, 0xFF,
    0xC0, 0x0B, 0xFD, 0xFF, 0x00, 0xFF, 0x80, 0x0B, 0xFB, 0xFE, 0x01, 0xFF, 0x40, 0x0F, 0xFF, 0xFC,
    0x01, 0xFF, 0x00, 0x0F, 0xFF, 0xF4, 0x02, 0xFF, 0x00, 0x1F, 0xFF, 0xE0, 0x03, 0xFE, 0x00, 0x2F,
    0xFF, 0xC0, 0x03, 0xFE, 0x00, 0x3F, 0xFF, 0x40, 0x07, 0xFD, 0x00, 0x3F, 0xFF, 0x00, 0x0B, 0xFC,
    0x00, 0x3F, 0xFC, 0x00, 0x0F, 0xFC, 0x00, 0x00, 0x01, 0xFD, 0x00, 0xFF, 0x00, 0x00, 0x07, 0xF8,
    0x0B, 0xFC, 0x00, 0x00, 0x0F, 0xFE, 0xFF, 0xC0, 0x00, 0x00, 0x1F, 0xFF, 0xFD, 0x00, 0x00, 0x00,
    0x0B, 0xFF, 0x80, 0x00, 0x00, 0x00, 0x00, 0x00, 0x00, 0x00, 0x00, 0x00, 0x00, 0x00, 0x00, 0x00,
    0x00, 0x00, 0x00, 0x00, 0x00, 0x03, 0xFF, 0x00, 0x00, 0x2F, 0xF8, 0x0B, 0xFD, 0x00, 0x00, 0xFF,
    0xC0, 0x1F, 0xF8, 0x00, 0x0F, 0xFE, 0x00, 0x3F, 0xE0, 0x00, 0x7F, 0xF0, 0x00, 0xFF, 0xC0, 0x03,
    0xFF, 0x40, 0x02, 0xFF, 0x00, 0x1F, 0xFC, 0x00, 0x07, 0xFD, 0x00, 0xFF, 0xC0, 0x00, 0x0F, 0xF8,
    0x07, 0xFE, 0x00, 0x00, 0x3F, 0xF0, 0x3F, 0xF0, 0x00, 0x00, 0xBF, 0xC2, 0xFF, 0x40, 0x00, 0x01,
    0xFF, 0x4F, 0xFC, 0x00, 0x00, 0x03, 0xFE, 0xBF, 0xC0, 0x00, 0x00, 0x0B, 0xFF, 0xFE, 0x00, 0x00,
    0x00, 0x1F, 0xFF, 0xF0, 0x00, 0x00, 0x00, 0x3F, 0xFF, 0x40, 0x00, 0x00, 0x00, 0xFF, 0xFC, 0x00,
    0x00, 0x00, 0x02, 0xFF, 0xD0, 0x00, 0x00, 0x00, 0x0B, 0xFE, 0x00, 0x00, 0x00, 0x00, 0x7F, 0xF0,
    0x00, 0x00, 0x00, 0x0B, 0xFF, 0x40, 0x00, 0x00, 0xBF, 0xFF, 0xF8, 0x00, 0x00, 0x02, 0xFF, 0xFF,
    0xC0, 0x00, 0x00, 0x0B, 0xFF, 0xF8, 0x00, 0x00, 0x00, 0x1F, 0xFE, 0x40, 0x00, 0x00, 0x00, 0x00,
    0x1F, 0xF8, 0x00, 0x0F, 0xFC, 0x00, 0xBF, 0xD0, 0x00, 0x7F, 0xE0, 0x03, 0xFF, 0x40, 0x02, 0xFF,
    0x40, 0x0F, 0xFC, 0x00, 0x0F, 0xFC, 0x00, 0x3F, 0xF0, 0x00, 0x3F, 0xF0, 0x01, 0xFF, 0x80, 0x00,
    0xFF, 0xC0, 0x0B, 0xFD, 0x00, 0x07, 0xFE, 0x00, 0x3F, 0xF0, 0x00, 0x2F, 0xF4, 0x00, 0xFF, 0xC0,
    0x00, 0xFF, 0xC0, 0x07, 0xFF, 0x00, 0x03, 0xFF, 0x00, 0x1F, 0xF8, 0x00, 0x0F, 0xFC, 0x00, 0xBF,
    0xD0, 0x00, 0x7F, 0xE0, 0x03, 0xFF, 0x00, 0x02, 0xFF, 0x40, 0x0F, 0xFC, 0x00, 0x0F, 0xFC, 0x00,
    0x7F, 0xF0, 0x00, 0x3F, 0xF0, 0x02, 0xFF, 0x80, 0x01, 0xFF, 0x80, 0x0B, 0xFD, 0x00, 0x07, 0xFE,
    0x00, 0x3F, 0xF0, 0x00, 0x2F, 0xF4, 0x00, 0xFF, 0xC0, 0x00, 0xFF, 0xC0, 0x07, 0xFE, 0x00, 0x03,
    0xFF, 0x00, 0x2F, 0xFF, 0xFF, 0xFF, 0xF8, 0x00, 0xFF, 0xFF, 0xFF, 0xFF, 0xD0, 0x03, 0xFF, 0xFF,
    0xFF, 0xFF, 0x40, 0x0F, 0xFF, 0xFF, 0xFF, 0xFC, 0x00, 0x00, 0x03, 0xFE, 0x00, 0x00, 0x00, 0x00,
    0x1F, 0xF4, 0x00, 0x00, 0x00, 0x00, 0xBF, 0xD0, 0x00, 0x00, 0x00, 0x03, 0xFF, 0x00, 0x00, 0x00,
    0x00, 0x0F, 0xFC, 0x00, 0x00, 0x00, 0x00, 0x2A, 0x90, 0x00, 0x00, 0x00, 0x00, 0x00, 0x00, 0xBF,
    0xF8, 0x00, 0x00, 0x00, 0x3F, 0xFE, 0x00, 0x00, 0x00, 0x3F, 0xFF, 0xC0, 0x00, 0x00, 0x1F, 0xFF,
    0xF0, 0x00, 0x00, 0x0F, 0xFB, 0xFC, 0x00, 0x00, 0x07, 0xFC, 0xFF, 0x00, 0x00, 0x03, 0xFE, 0x3F,
    0xC0, 0x00, 0x01, 0xFF, 0x4F, 0xF4, 0x00, 0x00, 0xFF, 0xC3, 0xFD, 0x00, 0x00, 0x7F, 0xD0, 0xFF,
    0x80, 0x00, 0x3F, 0xF0, 0x2F, 0xE0, 0x00, 0x1F, 0xF4, 0x0B, 0xF8, 0x00, 0x0F, 0xFC, 0x02, 0xFF,
    0x00, 0x07, 0xFD, 0x00, 0xBF, 0xC0, 0x03, 0xFF, 0xFF, 0xFF, 0xF0, 0x02, 0xFF, 0xFF, 0xFF, 0xFC,
    0x00, 0xFF, 0xFF, 0xFF, 0xFF, 0x00, 0xBF, 0xFF, 0xFF, 0xFF, 0xD0, 0x3F, 0xF0, 0x00, 0x0F, 0xF4,
    0x2F, 0xF4, 0x00, 0x03, 0xFE, 0x0F, 0xFC, 0x00, 0x00, 0xFF, 0x8B, 0xFD, 0x00, 0x00, 0x3F, 0xF3,
    0xFF, 0x00, 0x00, 0x0F, 0xFE, 0xFF, 0x80, 0x00, 0x03, 0xFF, 0x00, 0x1F, 0xFF, 0xFF, 0xFD, 0x00,
    0x2F, 0xFF, 0xFF, 0xFC, 0x00, 0x2F, 0xFF, 0xFF, 0xFC, 0x00, 0x3F, 0xFF, 0xFF, 0xF8, 0x00, 0x3F,
    0xE0, 0x00, 0x00, 0x00, 0x7F, 0xE0, 0x00, 0x00, 0x00, 0xBF, 0xD0, 0x00, 0x00, 0x00, 0xFF, 0xC0,
    0x00, 0x00, 0x00, 0xFF, 0xC0, 0x00, 0x00, 0x00, 0xFF, 0xFF, 0xE0, 0x00, 0x01, 0xFF, 0xFF, 0xFE,
    0x00, 0x02, 0xFF, 0xFF, 0xFF, 0xC0, 0x03, 0xFF, 0xFF, 0xFF, 0xE0, 0x03, 0xFF, 0x01, 0xFF, 0xF0,
    0x03, 0xFE, 0x00, 0x7F, 0xF0, 0x07, 0xFD, 0x00, 0x3F, 0xF0, 0x0B, 0xFC, 0x00, 0x3F, 0xF0, 0x0F,
    0xFC, 0x00, 0x3F, 0xF0, 0x0F, 0xFC, 0x00, 0xBF, 0xE0, 0x1F, 0xF8, 0x02, 0xFF, 0xD0, 0x2F, 0xFF,
    0xFF, 0xFF, 0x80, 0x2F, 0xFF, 0xFF, 0xFF, 0x00, 0x3F, 0xFF, 0xFF, 0xF8, 0x00, 0x3F, 0xFF, 0xFF,
    0x80, 0x00, 0x00, 0x0F, 0xFF, 0xFF, 0x80, 0x00, 0x07, 0xFF, 0xFF, 0xFE, 0x00, 0x02, 0xFF, 0xFF,
    0xFF, 0xE0, 0x00, 0xFF, 0xFF, 0xFF, 0xFC, 0x00, 0x3F, 0xF0, 0x0B, 0xFF, 0x40, 0x1F, 0xF8, 0x00,
    0xFF, 0xD0, 0x07, 0xFD, 0x00, 0x3F, 0xF0, 0x02, 0xFF, 0x00, 0x0F, 0xFC, 0x00, 0xFF, 0xC0, 0x1F,
    0xFD, 0x00, 0x3F, 0xFF, 0xFF, 0xFE, 0x00, 0x1F, 0xFF, 0xFF, 0xF8, 0x00, 0x0B, 0xFF, 0xFF, 0xFD,
    0x00, 0x02, 0xFF, 0xFF, 0xFF, 0xD0, 0x00, 0xFF, 0xC0, 0x1F, 0xFC, 0x00, 0x3F, 0xE0, 0x02, 0xFF,
    0x80, 0x1F, 0xF8, 0x00, 0x7F, 0xE0, 0x0B, 0xFD, 0x00, 0x1F, 0xF8, 0x03, 0xFF, 0x00, 0x0B, 0xFE,
    0x00, 0xFF, 0xC0, 0x03, 0xFF, 0x40, 0x3F, 0xF0, 0x07, 0xFF, 0xC0, 0x1F, 0xFF, 0xFF, 0xFF, 0xD0,
    0x0B, 0xFF, 0xFF, 0xFF, 0xE0, 0x03, 0xFF, 0xFF, 0xFF, 0xE0, 0x00, 0xFF, 0xFF, 0xFE, 0x40, 0x00,
    0x00, 0x0F, 0xFF, 0xFF, 0xFC, 0x00, 0x1F, 0xFF, 0xFF, 0xFC, 0x00, 0x2F, 0xFF, 0xFF, 0xF8, 0x00,
    0x3F, 0xFF, 0xFF, 0xF4, 0x00, 0x3F, 0xF0, 0x00, 0x00, 0x00, 0x7F, 0xE0, 0x00, 0x00, 0x00, 0x7F,
    0xD0, 0x00, 0x00, 0x00, 0xBF, 0xC0, 0x00, 0x00, 0x00, 0xFF, 0xC0, 0x00, 0x00, 0x00, 0xFF, 0xC0,
    0x00, 0x00, 0x01, 0xFF, 0x80, 0x00, 0x00, 0x02, 0xFF, 0x40, 0x00, 0x00, 0x02, 0xFF, 0x00, 0x00,
    0x00, 0x03, 0xFF, 0x00, 0x00, 0x00, 0x03, 0xFE, 0x00, 0x00, 0x00, 0x07, 0xFE, 0x00, 0x00, 0x00,
    0x0B, 0xFD, 0x00, 0x00, 0x00, 0x0F, 0xFC, 0x00, 0x00, 0x00, 0x0F, 0xFC, 0x00, 0x00, 0x00, 0x0F,
    0xF8, 0x00, 0x00, 0x00, 0x1F, 0xF4, 0x00, 0x00, 0x00, 0x2F, 0xF4, 0x00, 0x00, 0x00, 0x3F, 0xF0,
    0x00, 0x00, 0x00, 0x3F, 0xF0, 0x00, 0x00, 0x00, 0x00, 0x00, 0x01, 0xFF, 0xFF, 0xFF, 0xF8, 0x00,
    0x00, 0x0B, 0xFF, 0xFF, 0xFF, 0xE0, 0x00, 0x00, 0x3F, 0xFF, 0xFF, 0xFF, 0x40, 0x00, 0x00, 0xFF,
    0xFF, 0xFF, 0xFC, 0x00, 0x00, 0x07, 0xFD, 0x00, 0x3F, 0xF0, 0x00, 0x00, 0x2F, 0xF0, 0x01, 0xFF,
    0x80, 0x00, 0x00, 0xFF, 0xC0, 0x0B, 0xFD, 0x00, 0x00, 0x03, 0xFE, 0x00, 0x3F, 0xF4, 0x00, 0x00,
    0x1F, 0xF4, 0x00, 0xFF, 0xC0, 0x00, 0x00, 0xFF, 0xC0, 0x03, 0xFF, 0x00, 0x00, 0x03, 0xFF, 0x00,
    0x1F, 0xF8, 0x00, 0x00, 0x1F, 0xF8, 0x00, 0xBF, 0xD0, 0x00, 0x00, 0xBF, 0xC0, 0x03, 0xFF, 0x00,
    0x00, 0x03, 0xFF, 0x00, 0x0F, 0xFC, 0x00, 0x00, 0x1F, 0xF8, 0x00, 0x3F, 0xF0, 0x00, 0x00, 0xBF,
    0xD0, 0x01, 0xFF, 0x80, 0x00, 0x03, 0xFF, 0x00, 0x0B, 0xFD, 0x00, 0x00, 0x3F, 0xF4, 0x00, 0x3F,
    0xF0, 0x00, 0x01, 0xFF, 0xC0, 0x00, 0xFF, 0xC0, 0x00, 0x0F, 0xFD, 0x00, 0x07, 0xFF, 0x00, 0x0F,
    0xFF, 0xFF, 0xFF, 0xFF, 0xFF, 0xE0, 0x3F, 0xFF, 0xFF, 0xFF, 0xFF, 0xFF, 0x81, 0xFF, 0xFF, 0xFF,
    0xFF, 0xFF, 0xFD, 0x0B, 0xFF, 0xFF, 0xFF, 0xFF, 0xFF, 0xF0, 0x3F, 0xF0, 0x00, 0x00, 0x00, 0xFF,
    0xC0, 0xFF, 0xC0, 0x00, 0x00, 0x03, 0xFF, 0x03, 0xFE, 0x00, 0x00, 0x00, 0x1F, 0xF8, 0x1F, 0xF4,
    0x00, 0x00, 0x00, 0xBF, 0xD0, 0xBF, 0xD0, 0x00, 0x00, 0x02, 0xFF, 0x03, 0xFF, 0x00, 0x00, 0x00,
    0x0F, 0xFC, 0x00, 0x00, 0x00, 0x00, 0x00, 0x00, 0x00, 0x00, 0x00, 0x1F, 0xFF, 0xFF, 0xFC, 0x00,
    0x2F, 0xFF, 0xFF, 0xF8, 0x00, 0x3F, 0xFF, 0xFF, 0xF4, 0x00, 0x3F, 0xFF, 0xFF, 0xF0, 0x00, 0x3F,
    0xF0, 0x00, 0x00, 0x00, 0x7F, 0xE0, 0x00, 0x00, 0x00, 0xBF, 0xD0, 0x00, 0x00, 0x00, 0xFF, 0xC0,
    0x00, 0x00, 0x00, 0xFF, 0xC0, 0x00, 0x00, 0x01, 0xFF, 0xFF, 0xFF, 0x40, 0x01, 0xFF, 0xFF, 0xFF,
    0x00, 0x02, 0xFF, 0xFF, 0xFF, 0x00, 0x03, 0xFF, 0xFF, 0xFE, 0x00, 0x03, 0xFF, 0x00, 0x00, 0x00,
    0x07, 0xFE, 0x00, 0x00, 0x00, 0x0B, 0xFD, 0x00, 0x00, 0x00, 0x0B, 0xFD, 0x00, 0x00, 0x00, 0x0F,
    0xFC, 0x00, 0x00, 0x00, 0x0F, 0xFC, 0x00, 0x00, 0x00, 0x1F, 0xF8, 0x00, 0x00, 0x00, 0x2F, 0xFF,
    0xFF, 0xF8, 0x00, 0x3F, 0xFF, 0xFF, 0xF8, 0x00, 0x3F, 0xFF, 0xFF, 0xF4, 0x00, 0x3F, 0xFF, 0xFF,
    0xF0, 0x00, 0x00, 0x0F, 0xFC, 0x00, 0x0F, 0xFC, 0x00, 0x7F, 0xF4, 0x00, 0x1F, 0xF4, 0x00, 0x3F,
    0xE0, 0x03, 0xFF, 0x40, 0x00, 0x3F, 0xF0, 0x01, 0xFF, 0x40, 0x3F, 0xF8, 0x00, 0x00, 0x7F, 0xD0,
    0x0B, 0xFC, 0x02, 0xFF, 0xC0, 0x00, 0x00, 0xFF, 0xC0, 0x3F, 0xF0, 0x1F, 0xFC, 0x00, 0x00, 0x02,
    0xFF, 0x00, 0xFF, 0x80, 0xFF, 0xD0, 0x00, 0x00, 0x03, 0xFE, 0x07, 0xFD, 0x0F, 0xFD, 0x00, 0x00,
    0x00, 0x0B, 0xFC, 0x1F, 0xF4, 0xBF, 0xE0, 0x00, 0x00, 0x00, 0x0F, 0xF8, 0xBF, 0xCB, 0xFF, 0x00,
    0x00, 0x00, 0x00, 0x2F, 0xFF, 0xFF, 0xFF, 0xF0, 0x00, 0x00, 0x00, 0x00, 0xBF, 0xFF, 0xFF, 0xFF,
    0x40, 0x00, 0x00, 0x00, 0x07, 0xFF, 0xFF, 0xFF, 0xFC, 0x00, 0x00, 0x00, 0x00, 0x3F, 0xFF, 0xFF,
    0xFF, 0xF0, 0x00, 0x00, 0x00, 0x03, 0xFF, 0xCB, 0xFC, 0xBF, 0xE0, 0x00, 0x00, 0x00, 0x2F, 0xFD,
    0x3F, 0xF1, 0xFF, 0xC0, 0x00, 0x00, 0x01, 0xFF, 0xE0, 0xFF, 0x83, 0xFF, 0x00, 0x00, 0x00, 0x0F,
    0xFF, 0x07, 0xFD, 0x0B, 0xFE, 0x00, 0x00, 0x00, 0xFF, 0xF0, 0x2F, 0xF0, 0x1F, 0xFC, 0x00, 0x00,
    0x0B, 0xFF, 0x40, 0xFF, 0xC0, 0x3F, 0xF4, 0x00, 0x00, 0x7F, 0xF8, 0x03, 0xFF, 0x00, 0xFF, 0xE0,
    0x00, 0x03, 0xFF, 0xC0, 0x0F, 0xF8, 0x01, 0xFF, 0xC0, 0x00, 0x3F, 0xFD, 0x00, 0x7F, 0xD0, 0x03,
    0xFF, 0x40, 0x02, 0xFF, 0xE0, 0x02, 0xFF, 0x00, 0x0F, 0xFE, 0x00, 0x1F, 0xFF, 0x00, 0x0F, 0xFC,
    0x00, 0x2F, 0xFC, 0x00, 0x00, 0x06, 0xFF, 0xF8, 0x00, 0x01, 0xFF, 0xFF, 0xFF, 0x80, 0x01, 0xFF,
    0xFF, 0xFF, 0xF0, 0x00, 0xFF, 0xFF, 0xFF, 0xF4, 0x00, 0x79, 0x00, 0x7F, 0xFC, 0x00, 0x00, 0x00,
    0x1F, 0xFC, 0x00, 0x00, 0x00, 0x1F, 0xF8, 0x00, 0x00, 0x00, 0x2F, 0xF4, 0x00, 0x00, 0x01, 0xBF,
    0xF0, 0x00, 0x1F, 0xFF, 0xFF, 0x80, 0x00, 0x2F, 0xFF, 0xF8, 0x00, 0x00, 0x3F, 0xFF, 0xE4, 0x00,
    0x00, 0x3F, 0xFF, 0xFE, 0x00, 0x00, 0x00, 0x1B, 0xFF, 0x40, 0x00, 0x00, 0x01, 0xFF, 0xC0, 0x00,
    0x00, 0x00, 0xFF, 0xC0, 0x00, 0x00, 0x00, 0xFF, 0xC0, 0x00, 0x00, 0x00, 0xFF, 0xC0, 0x00, 0x00,
    0x03, 0xFF, 0xC0, 0x79, 0x00, 0x1F, 0xFF, 0x40, 0x7F, 0xFF, 0xFF, 0xFF, 0x00, 0x7F, 0xFF, 0xFF,
    0xFC, 0x00, 0x7F, 0xFF, 0xFF, 0xE0, 0x00, 0x0A, 0xFF, 0xF9, 0x00, 0x00, 0x00, 0x1F, 0xF0, 0x00,
    0x2F, 0xFE, 0x00, 0x2F, 0xF0, 0x00, 0x7F, 0xFE, 0x00, 0x3F, 0xF0, 0x00, 0xFF, 0xFD, 0x00, 0x3F,
    0xE0, 0x02, 0xFF, 0xFC, 0x00, 0x3F, 0xD0, 0x07, 0xFF, 0xFC, 0x00, 0x7F, 0xC0, 0x0F, 0xFF, 0xF8,
    0x00, 0xBF, 0xC0, 0x2F, 0xFF, 0xF4, 0x00, 0xFF, 0xC0, 0x3F, 0xDF, 0xF0, 0x00, 0xFF, 0x80, 0xFF,
    0xAF, 0xF0, 0x01, 0xFF, 0x41, 0xFF, 0x3F, 0xF0, 0x01, 0xFF, 0x03, 0xFD, 0x3F, 0xE0, 0x02, 0xFF,
    0x0B, 0xF8, 0x3F, 0xD0, 0x03, 0xFE, 0x1F, 0xF0, 0x7F, 0xC0, 0x03, 0xFD, 0x3F, 0xD0, 0xBF, 0xC0,
    0x07, 0xFC, 0xBF, 0xC0, 0xFF, 0xC0, 0x0B, 0xFD, 0xFF, 0x00, 0xFF, 0x80, 0x0B, 0xFB, 0xFE, 0x01,
    0xFF, 0x40, 0x0F, 0xFF, 0xFC, 0x01, 0xFF, 0x00, 0x0F, 0xFF, 0xF4, 0x02, 0xFF, 0x00, 0x1F, 0xFF,
    0xE0, 0x03, 0xFE, 0x00, 0x2F, 0xFF, 0xC0, 0x03, 0xFE, 0x00, 0x3F, 0xFF, 0x40, 0x07, 0xFD, 0x00,
    0x3F, 0xFF, 0x00, 0x0B, 0xFC, 0x00, 0x3F, 0xFC, 0x00, 0x0F, 0xFC, 0x00, 0x00, 0x00, 0x2F, 0xD0,
    0x0F, 0xF0, 0x00, 0x00, 0x1F, 0xE0, 0x1F, 0xF0, 0x00, 0x00, 0x0F, 0xF0, 0x3F, 0xD0, 0x00, 0x00,
    0x0F, 0xFF, 0xFF, 0x80, 0x00, 0x00, 0x03, 0xFF, 0xFE, 0x00, 0x00, 0x00, 0x00, 0x6A, 0x90, 0x00,
    0x00, 0x00, 0x00, 0x00, 0x00, 0x00, 0x00, 0x00, 0x00, 0x00, 0x00, 0x00, 0x00, 0x1F, 0xF0, 0x00,
    0x2F, 0xFE, 0x00, 0x2F, 0xF0, 0x00, 0x7F, 0xFE, 0x00, 0x3F, 0xF0, 0x00, 0xFF, 0xFD, 0x00, 0x3F,
    0xE0, 0x02, 0xFF, 0xFC, 0x00, 0x3F, 0xD0, 0x07, 0xFF, 0xFC, 0x00, 0x7F, 0xC0, 0x0F, 0xFF, 0xF8,
    0x00, 0xBF, 0xC0, 0x2F, 0xFF, 0xF4, 0x00, 0xFF, 0xC0, 0x3F, 0xDF, 0xF0, 0x00, 0xFF, 0x80, 0xFF,
    0xAF, 0xF0, 0x01, 0xFF, 0x41, 0xFF, 0x3F, 0xF0, 0x01, 0xFF, 0x03, 0xFD, 0x3F, 0xE0, 0x02, 0xFF,
    0x0B, 0xF8, 0x3F, 0xD0, 0x03, 0xFE, 0x1F, 0xF0, 0x7F, 0xC0, 0x03, 0xFD, 0x3F, 0xD0, 0xBF, 0xC0,
    0x07, 0xFC, 0xBF, 0xC0, 0xFF, 0xC0, 0x0B, 0xFD, 0xFF, 0x00, 0xFF, 0x80, 0x0B, 0xFB, 0xFE, 0x01,
    0xFF, 0x40, 0x0F, 0xFF, 0xFC, 0x01, 0xFF, 0x00, 0x0F, 0xFF, 0xF4, 0x02, 0xFF, 0x00, 0x1F, 0xFF,
    0xE0, 0x03, 0xFE, 0x00, 0x2F, 0xFF, 0xC0, 0x03, 0xFE, 0x00, 0x3F, 0xFF, 0x40, 0x07, 0xFD, 0x00,
    0x3F, 0xFF, 0x00, 0x0B, 0xFC, 0x00, 0x3F, 0xFC, 0x00, 0x0F, 0xFC, 0x00, 0x00, 0x1F, 0xF8, 0x00,
    0x2F, 0xFC, 0x00, 0x2F, 0xF4, 0x00, 0x7F, 0xF0, 0x00, 0x2F, 0xF0, 0x00, 0xFF, 0xD0, 0x00, 0x3F,
    0xF0, 0x03, 0xFF, 0x80, 0x00, 0x3F, 0xF0, 0x0B, 0xFE, 0x00, 0x00, 0x7F, 0xE0, 0x2F, 0xFC, 0x00,
    0x00, 0xBF, 0xD0, 0x7F, 0xF0, 0x00, 0x00, 0xFF, 0xC0, 0xFF, 0xD0, 0x00, 0x00, 0xFF, 0xC3, 0xFF,
    0x40, 0x00, 0x00, 0xFF, 0xFF, 0xFE, 0x00, 0x00, 0x01, 0xFF, 0xFF, 0xFC, 0x00, 0x00, 0x02, 0xFF,
    0xFF, 0xF4, 0x00, 0x00, 0x03, 0xFF, 0xFF, 0xFC, 0x00, 0x00, 0x03, 0xFF, 0x0F, 0xFC, 0x00, 0x00,
    0x03, 0xFE, 0x0B, 0xFE, 0x00, 0x00, 0x07, 0xFE, 0x07, 0xFF, 0x00, 0x00, 0x0B, 0xFD, 0x03, 0xFF,
    0x00, 0x00, 0x0F, 0xFC, 0x02, 0xFF, 0x80, 0x00, 0x0F, 0xFC, 0x01, 0xFF, 0xC0, 0x00, 0x1F, 0xF8,
    0x00, 0xFF, 0xD0, 0x00, 0x2F, 0xF4, 0x00, 0xFF, 0xE0, 0x00, 0x2F, 0xF4, 0x00, 0x7F, 0xF0, 0x00,
    0x3F, 0xF0, 0x00, 0x3F, 0xF4, 0x00, 0x3F, 0xF0, 0x00, 0x3F, 0xF8, 0x00, 0x00, 0x00, 0x0B, 0xFF,
    0xFF, 0xFF, 0xE0, 0x00, 0x00, 0xFF, 0xFF, 0xFF, 0xFD, 0x00, 0x00, 0x0F, 0xFF, 0xFF, 0xFF, 0xC0,
    0x00, 0x01, 0xFF, 0xFF, 0xFF, 0xFC, 0x00, 0x00, 0x2F, 0xF0, 0x01, 0xFF, 0xC0, 0x00, 0x03, 0xFF,
    0x00, 0x2F, 0xF8, 0x00, 0x00, 0x3F, 0xE0, 0x03, 0xFF, 0x40, 0x00, 0x07, 0xFD, 0x00, 0x3F, 0xF0,
    0x00, 0x00, 0xFF, 0xC0, 0x03, 0xFF, 0x00, 0x00, 0x0F, 0xFC, 0x00, 0x7F, 0xE0, 0x00, 0x01, 0xFF,
    0x80, 0x0B, 0xFE, 0x00, 0x00, 0x2F, 0xF4, 0x00, 0xFF, 0xD0, 0x00, 0x03, 0xFF, 0x00, 0x0F, 0xFC,
    0x00, 0x00, 0x3F, 0xE0, 0x00, 0xFF, 0xC0, 0x00, 0x07, 0xFD, 0x00, 0x1F, 0xF8, 0x00, 0x00, 0xBF,
    0xC0, 0x02, 0xFF, 0x40, 0x00, 0x0F, 0xFC, 0x00, 0x3F, 0xF4, 0x00, 0x02, 0xFF, 0x80, 0x03, 0xFF,
    0x00, 0x00, 0xBF, 0xF4, 0x00, 0x3F, 0xF0, 0x03, 0xFF, 0xFF, 0x00, 0x07, 0xFE, 0x00, 0x3F, 0xFF,
    0xD0, 0x00, 0xBF, 0xD0, 0x03, 0xFF, 0xF8, 0x00, 0x0F, 0xFC, 0x00, 0x3F, 0xFE, 0x00, 0x00, 0xFF,
    0xC0, 0x03, 0xFE, 0x40, 0x00, 0x0F, 0xFC, 0x00, 0x00, 0x1F, 0xFF, 0x40, 0x00, 0x0F, 0xFF, 0xD0,
    0x02, 0xFF, 0xF4, 0x00, 0x01, 0xFF, 0xFC, 0x00, 0x2F, 0xFF, 0x80, 0x00, 0x3F, 0xFF, 0xC0, 0x03,
    0xFF, 0xF8, 0x00, 0x07, 0xFF, 0xF8, 0x00, 0x3F, 0xFF, 0x80, 0x00, 0xBF, 0xFF, 0x40, 0x07, 0xFF,
    0xF8, 0x00, 0x0F, 0xFF, 0xF0, 0x00, 0xBF, 0xBF, 0x80, 0x02, 0xFE, 0xFF, 0x00, 0x0F, 0xFB, 0xFC,
    0x00, 0x3F, 0xEF, 0xF0, 0x00, 0xFF, 0x7F, 0xC0, 0x0B, 0xF7, 0xFE, 0x00, 0x0F, 0xF3, 0xFC, 0x00,
    0xFF, 0x3F, 0xD0, 0x01, 0xFF, 0x3F, 0xC0, 0x2F, 0xD7, 0xFC, 0x00, 0x2F, 0xF2, 0xFC, 0x03, 0xFC,
    0xBF, 0xC0, 0x03, 0xFE, 0x2F, 0xC0, 0xBF, 0x4F, 0xFC, 0x00, 0x3F, 0xD2, 0xFC, 0x0F, 0xF0, 0xFF,
    0x80, 0x03, 0xFC, 0x2F, 0xC2, 0xFD, 0x0F, 0xF4, 0x00, 0x7F, 0xC1, 0xFD, 0x3F, 0xC1, 0xFF, 0x00,
    0x0B, 0xFC, 0x1F, 0xDB, 0xF4, 0x2F, 0xF0, 0x00, 0xFF, 0x81, 0xFE, 0xFF, 0x03, 0xFE, 0x00, 0x0F,
    0xF4, 0x1F, 0xFF, 0xD0, 0x3F, 0xE0, 0x01, 0xFF, 0x01, 0xFF, 0xFC, 0x07, 0xFD, 0x00, 0x2F, 0xF0,
    0x0F, 0xFF, 0x40, 0x7F, 0xC0, 0x02, 0xFF, 0x00, 0xFF, 0xF0, 0x0B, 0xFC, 0x00, 0x3F, 0xE0, 0x0F,
    0xFD, 0x00, 0xFF, 0x80, 0x03, 0xFD, 0x00, 0xFF, 0xC0, 0x0F, 0xF4, 0x00, 0x00, 0x1F, 0xF8, 0x00,
    0x0F, 0xFD, 0x00, 0x2F, 0xF4, 0x00, 0x0F, 0xFC, 0x00, 0x3F, 0xF0, 0x00, 0x0F, 0xFC, 0x00, 0x3F,
    0xF0, 0x00, 0x1F, 0xF8, 0x00, 0x3F, 0xF0, 0x00, 0x2F, 0xF4, 0x00, 0x7F, 0xE0, 0x00, 0x3F, 0xF0,
    0x00, 0xBF, 0xD0, 0x00, 0x3F, 0xF0, 0x00, 0xFF, 0xC0, 0x00, 0x7F, 0xF0, 0x00, 0xFF, 0xC0, 0x00,
    0xBF, 0xE0, 0x01, 0xFF, 0xFF, 0xFF, 0xFF, 0xD0, 0x01, 0xFF, 0xFF, 0xFF, 0xFF, 0xC0, 0x02, 0xFF,
    0xFF, 0xFF, 0xFF, 0xC0, 0x03, 0xFF, 0xFF, 0xFF, 0xFF, 0x80, 0x03, 0xFF, 0x00, 0x02, 0xFF, 0x80,
    0x07, 0xFE, 0x00, 0x03, 0xFF, 0x40, 0x0B, 0xFD, 0x00, 0x03, 0xFF, 0x00, 0x0B, 0xFC, 0x00, 0x07,
    0xFF, 0x00, 0x0F, 0xFC, 0x00, 0x07, 0xFE, 0x00, 0x0F, 0xFC, 0x00, 0x0B, 0xFD, 0x00, 0x1F, 0xF8,
    0x00, 0x0F, 0xFD, 0x00, 0x2F, 0xF4, 0x00, 0x0F, 0xFC, 0x00, 0x3F, 0xF0, 0x00, 0x0F, 0xFC, 0x00,
    0x3F, 0xF0, 0x00, 0x1F, 0xF8, 0x00, 0x3F, 0xF0, 0x00, 0x2F, 0xF4, 0x00, 0x00, 0x00, 0x1B, 0xFF,
    0x80, 0x00, 0x00, 0x0B, 0xFF, 0xFF, 0xE0, 0x00, 0x00, 0xFF, 0xFF, 0xFF, 0xF0, 0x00, 0x0F, 0xFF,
    0xFF, 0xFF, 0xE0, 0x00, 0xFF, 0xF8, 0x03, 0xFF, 0xC0, 0x0B, 0xFF, 0x00, 0x03, 0xFF, 0x80, 0x3F,
    0xF4, 0x00, 0x07, 0xFF, 0x02, 0xFF, 0xC0, 0x00, 0x0F, 0xFC, 0x0F, 0xFD, 0x00, 0x00, 0x3F, 0xF0,
    0x3F, 0xF0, 0x00, 0x00, 0xFF, 0xC2, 0xFF, 0x80, 0x00, 0x03, 0xFF, 0x0B, 0xFD, 0x00, 0x00, 0x0F,
    0xFC, 0x3F, 0xF0, 0x00, 0x00, 0x3F, 0xF0, 0xFF, 0xC0, 0x00, 0x01, 0xFF, 0x83, 0xFF, 0x00, 0x00,
    0x0B, 0xFD, 0x0F, 0xFC, 0x00, 0x00, 0x3F, 0xF0, 0x3F, 0xF0, 0x00, 0x02, 0xFF, 0xC0, 0xFF, 0xE0,
    0x00, 0x0F, 0xFD, 0x01, 0xFF, 0xC0, 0x00, 0xFF, 0xF0, 0x03, 0xFF, 0xD0, 0x1F, 0xFF, 0x00, 0x07,
    0xFF, 0xFF, 0xFF, 0xF4, 0x00, 0x0B, 0xFF, 0xFF, 0xFF, 0x40, 0x00, 0x07, 0xFF, 0xFF, 0xE0, 0x00,
    0x00, 0x01, 0xBF, 0xF8, 0x00, 0x00, 0x00, 0x1F, 0xFF, 0xFF, 0xFF, 0xFC, 0x00, 0x2F, 0xFF, 0xFF,
    0xFF, 0xF8, 0x00, 0x3F, 0xFF, 0xFF, 0xFF, 0xF8, 0x00, 0x3F, 0xFF, 0xFF, 0xFF, 0xF4, 0x00, 0x3F,
    0xE0, 0x00, 0x3F, 0xF0, 0x00, 0x7F, 0xE0, 0x00, 0x7F, 0xF0, 0x00, 0xBF, 0xD0, 0x00, 0x7F, 0xE0,
    0x00, 0xFF, 0xC0, 0x00, 0xBF, 0xD0, 0x00, 0xFF, 0xC0, 0x00, 0xFF, 0xD0, 0x01, 0xFF, 0x80, 0x00,
    0xFF, 0xC0, 0x01, 0xFF, 0x40, 0x01, 0xFF, 0xC0, 0x02, 0xFF, 0x40, 0x01, 0xFF, 0x80, 0x03, 0xFF,
    0x00, 0x02, 0xFF, 0x40, 0x03, 0xFF, 0x00, 0x03, 0xFF, 0x00, 0x07, 0xFE, 0x00, 0x03, 0xFF, 0x00,
    0x0B, 0xFD, 0x00, 0x07, 0xFF, 0x00, 0x0B, 0xFD, 0x00, 0x0B, 0xFE, 0x00, 0x0F, 0xFC, 0x00, 0x0B,
    0xFD, 0x00, 0x0F, 0xFC, 0x00, 0x0F, 0xFC, 0x00, 0x1F, 0xF8, 0x00, 0x0F, 0xFC, 0x00, 0x2F, 0xF4,
    0x00, 0x1F, 0xF8, 0x00, 0x3F, 0xF0, 0x00, 0x2F, 0xF8, 0x00, 0x3F, 0xF0, 0x00, 0x2F, 0xF4, 0x00,
    0x3F, 0xF0, 0x00, 0x3F, 0xF0, 0x00, 0x00, 0x1F, 0xFF, 0xF9, 0x00, 0x00, 0x0B, 0xFF, 0xFF, 0xF4,
    0x00, 0x02, 0xFF, 0xFF, 0xFF, 0x80, 0x00, 0xFF, 0xFF, 0xFF, 0xF4, 0x00, 0x3F, 0xF0, 0x1F, 0xFE,
    0x00, 0x1F, 0xF8, 0x01, 0xFF, 0xC0, 0x0B, 0xFD, 0x00, 0x3F, 0xF0, 0x03, 0xFF, 0x00, 0x0F, 0xFC,
    0x00, 0xFF, 0xC0, 0x07, 0xFE, 0x00, 0x3F, 0xE0, 0x03, 0xFF, 0x40, 0x1F, 0xF8, 0x07, 0xFF, 0xC0,
    0x0B, 0xFF, 0xFF, 0xFF, 0xD0, 0x03, 0xFF, 0xFF, 0xFF, 0xE0, 0x00, 0xFF, 0xFF, 0xFF, 0xD0, 0x00,
    0x3F, 0xFF, 0xFE, 0x40, 0x00, 0x1F, 0xF4, 0x00, 0x00, 0x00, 0x0B, 0xFC, 0x00, 0x00, 0x00, 0x03,
    0xFF, 0x00, 0x00, 0x00, 0x00, 0xFF, 0xC0, 0x00, 0x00, 0x00, 0x7F, 0xE0, 0x00, 0x00, 0x00, 0x2F,
    0xF4, 0x00, 0x00, 0x00, 0x0B, 0xFC, 0x00, 0x00, 0x00, 0x03, 0xFF, 0x00, 0x00, 0x00, 0x00, 0xFF,
    0xC0, 0x00, 0x00, 0x00, 0x00, 0x00, 0x1B, 0xFF, 0xE4, 0x00, 0x00, 0x7F, 0xFF, 0xFF, 0xD0, 0x00,
    0xBF, 0xFF, 0xFF, 0xF0, 0x00, 0xFF, 0xFF, 0xFF, 0xF8, 0x00, 0xBF, 0xF9, 0x00, 0x7C, 0x00, 0x7F,
    0xF4, 0x00, 0x01, 0x00, 0x3F, 0xF8, 0x00, 0x00, 0x00, 0x1F, 0xFC, 0x00, 0x00, 0x00, 0x0F, 0xFD,
    0x00, 0x00, 0x00, 0x03, 0xFF, 0x00, 0x00, 0x00, 0x02, 0xFF, 0x80, 0x00, 0x00, 0x00, 0xBF, 0xD0,
    0x00, 0x00, 0x00, 0x3F, 0xF0, 0x00, 0x00, 0x00, 0x0F, 0xFC, 0x00, 0x00, 0x00, 0x03, 0xFF, 0x00,
    0x00, 0x00, 0x00, 0xFF, 0xC0, 0x00, 0x00, 0x00, 0x3F, 0xF0, 0x00, 0x00, 0x00, 0x0F, 0xFE, 0x00,
    0x00, 0x00, 0x01, 0xFF, 0xC0, 0x00, 0x00, 0x00, 0x3F, 0xFD, 0x00, 0x6C, 0x00, 0x0B, 0xFF, 0xFF,
    0xFF, 0x00, 0x00, 0xFF, 0xFF, 0xFF, 0xC0, 0x00, 0x0B, 0xFF, 0xFF, 0xF0, 0x00, 0x00, 0x2F, 0xFF,
    0x90, 0x00, 0x2F, 0xFF, 0xFF, 0xFF, 0xF0, 0xFF, 0xFF, 0xFF, 0xFF, 0x83, 0xFF, 0xFF, 0xFF, 0xFD,
    0x0F, 0xFF, 0xFF, 0xFF, 0xF0, 0x00, 0x0F, 0xFD, 0x00, 0x00, 0x00, 0x3F, 0xF0, 0x00, 0x00, 0x00,
    0xFF, 0xC0, 0x00, 0x00, 0x07, 0xFE, 0x00, 0x00, 0x00, 0x2F, 0xF8, 0x00, 0x00, 0x00, 0xFF, 0xD0,
    0x00, 0x00, 0x03, 0xFF, 0x00, 0x00, 0x00, 0x0F, 0xFC, 0x00, 0x00, 0x00, 0x7F, 0xE0, 0x00, 0x00,
    0x02, 0xFF, 0x40, 0x00, 0x00, 0x0F, 0xFD, 0x00, 0x00, 0x00, 0x3F, 0xF0, 0x00, 0x00, 0x00, 0xFF,
    0xC0, 0x00, 0x00, 0x07, 0xFE, 0x00, 0x00, 0x00, 0x2F, 0xF4, 0x00, 0x00, 0x00, 0xFF, 0xD0, 0x00,
    0x00, 0x03, 0xFF, 0x00, 0x00, 0x00, 0x0F, 0xFC, 0x00, 0x00, 0x00, 0x7F, 0xE0, 0x00, 0x00, 0x02,
    0xFF, 0x40, 0x00, 0x00, 0x03, 0xFF, 0x00, 0x00, 0x2F, 0xF8, 0x0B, 0xFD, 0x00, 0x00, 0xFF, 0xC0,
    0x1F, 0xF8, 0x00, 0x0F, 0xFE, 0x00, 0x3F, 0xE0, 0x00, 0x7F, 0xF0, 0x00, 0xFF, 0xC0, 0x03, 0xFF,
    0x40, 0x02, 0xFF, 0x00, 0x1F, 0xFC, 0x00, 0x07, 0xFD, 0x00, 0xFF, 0xC0, 0x00, 0x0F, 0xF8, 0x07,
    0xFE, 0x00, 0x00, 0x3F, 0xF0, 0x3F, 0xF0, 0x00, 0x00, 0xBF, 0xC2, 0xFF, 0x40, 0x00, 0x01, 0xFF,
    0x4F, 0xFC, 0x00, 0x00, 0x03, 0xFE, 0xBF, 0xC0, 0x00, 0x00, 0x0B, 0xFF, 0xFE, 0x00, 0x00, 0x00,
    0x1F, 0xFF, 0xF0, 0x00, 0x00, 0x00, 0x3F, 0xFF, 0x40, 0x00, 0x00, 0x00, 0xFF, 0xFC, 0x00, 0x00,
    0x00, 0x02, 0xFF, 0xD0, 0x00, 0x00, 0x00, 0x0B, 0xFE, 0x00, 0x00, 0x00, 0x00, 0x7F, 0xF0, 0x00,
    0x00, 0x00, 0x0B, 0xFF, 0x40, 0x00, 0x00, 0xBF, 0xFF, 0xF8, 0x00, 0x00, 0x02, 0xFF, 0xFF, 0xC0,
    0x00, 0x00, 0x0B, 0xFF, 0xF8, 0x00, 0x00, 0x00, 0x1F, 0xFE, 0x40, 0x00, 0x00, 0x00, 0x00, 0x00,
    0x00, 0x0B, 0xFC, 0x00, 0x00, 0x00, 0x00, 0x00, 0x0F, 0xFC, 0x00, 0x00, 0x00, 0x00, 0x1B, 0xFF,
    0xFF, 0x90, 0x00, 0x00, 0x07, 0xFF, 0xFF, 0xFF, 0xFE, 0x00, 0x00, 0x3F, 0xFF, 0xFF, 0xFF, 0xFF,
    0xC0, 0x00, 0xFF, 0xFF, 0xFF, 0xFF, 0xFF, 0xF0, 0x03, 0xFF, 0xE4, 0x3F, 0xE1, 0xBF, 0xF8, 0x0B,
    0xFF, 0x00, 0x3F, 0xD0, 0x1F, 0xFC, 0x0F, 0xFC, 0x00, 0x7F, 0xD0, 0x0F, 0xFD, 0x1F, 0xF8, 0x00,
    0xBF, 0xC0, 0x0B, 0xFD, 0x2F, 0xF4, 0x00, 0xBF, 0xC0, 0x07, 0xFE, 0x3F, 0xF0, 0x00, 0xFF, 0x80,
    0x0B, 0xFD, 0x3F, 0xF0, 0x00, 0xFF, 0x40, 0x0F, 0xFD, 0x3F, 0xF0, 0x01, 0xFF, 0x00, 0x0F, 0xFC,
    0x2F, 0xF4, 0x02, 0xFF, 0x00, 0x2F, 0xF8, 0x1F, 0xFC, 0x03, 0xFE, 0x00, 0xBF, 0xF0, 0x0F, 0xFF,
    0x93, 0xFE, 0x07, 0xFF, 0xE0, 0x07, 0xFF, 0xFF, 0xFF, 0xFF, 0xFF, 0x80, 0x01, 0xFF, 0xFF, 0xFF,
    0xFF, 0xFE, 0x00, 0x00, 0x3F, 0xFF, 0xFF, 0xFF, 0xE0, 0x00, 0x00, 0x02, 0xBF, 0xFF, 0xE5, 0x00,
    0x00, 0x00, 0x00, 0x0F, 0xF4, 0x00, 0x00, 0x00, 0x00, 0x00, 0x1F, 0xF0, 0x00, 0x00, 0x00, 0x00,
    0x00, 0x2F, 0xF0, 0x00, 0x00, 0x00, 0x00, 0x1F, 0xFC, 0x00, 0x03, 0xFF, 0x40, 0x03, 0xFF, 0x40,
    0x03, 0xFF, 0x80, 0x00, 0xBF, 0xE0, 0x02, 0xFF, 0xC0, 0x00, 0x1F, 0xFC, 0x01, 0xFF, 0xC0, 0x00,
    0x03, 0xFF, 0x00, 0xFF, 0xD0, 0x00, 0x00, 0xBF, 0xD0, 0xBF, 0xE0, 0x00, 0x00, 0x1F, 0xFC, 0x7F,
    0xF0, 0x00, 0x00, 0x03, 0xFF, 0x3F, 0xF0, 0x00, 0x00, 0x00, 0xBF, 0xFF, 0xF4, 0x00, 0x00, 0x00,
    0x0F, 0xFF, 0xF8, 0x00, 0x00, 0x00, 0x03, 0xFF, 0xFC, 0x00, 0x00, 0x00, 0x00, 0xFF, 0xFC, 0x00,
    0x00, 0x00, 0x00, 0xBF, 0xFF, 0x40, 0x00, 0x00, 0x00, 0x7F, 0xFF, 0xE0, 0x00, 0x00, 0x00, 0x3F,
    0xFF, 0xFC, 0x00, 0x00, 0x00, 0x2F, 0xFA, 0xFF, 0x40, 0x00, 0x00, 0x1F, 0xFC, 0x7F, 0xE0, 0x00,
    0x00, 0x0F, 0xFD, 0x0F, 0xFC, 0x00, 0x00, 0x0F, 0xFE, 0x03, 0xFF, 0x40, 0x00, 0x0B, 0xFF, 0x00,
    0xBF, 0xF0, 0x00, 0x07, 0xFF, 0x00, 0x0F, 0xFC, 0x00, 0x03, 0xFF, 0x40, 0x03, 0xFF, 0x40, 0x03,
    0xFF, 0x80, 0x00, 0xBF, 0xF0, 0x02, 0xFF, 0xC0, 0x00, 0x1F, 0xFC, 0x00, 0x00, 0x1F, 0xF8, 0x00,
    0x0F, 0xFC, 0x00, 0xBF, 0xD0, 0x00, 0x7F, 0xE0, 0x03, 0xFF, 0x00, 0x02, 0xFF, 0x40, 0x0F, 0xFC,
    0x00, 0x0F, 0xFC, 0x00, 0x3F, 0xF0, 0x00, 0x3F, 0xF0, 0x01, 0xFF, 0x80, 0x00, 0xFF, 0xC0, 0x0B,
    0xFD, 0x00, 0x07, 0xFE, 0x00, 0x3F, 0xF0, 0x00, 0x2F, 0xF4, 0x00, 0xFF, 0xC0, 0x00, 0xFF, 0xC0,
    0x07, 0xFF, 0x00, 0x03, 0xFF, 0x00, 0x1F, 0xF8, 0x00, 0x0F, 0xFC, 0x00, 0xBF, 0xD0, 0x00, 0x7F,
    0xE0, 0x03, 0xFF, 0x00, 0x02, 0xFF, 0x40, 0x0F, 0xFC, 0x00, 0x0F, 0xFC, 0x00, 0x7F, 0xF0, 0x00,
    0x3F, 0xF0, 0x02, 0xFF, 0x80, 0x01, 0xFF, 0x80, 0x0B, 0xFD, 0x00, 0x07, 0xFE, 0x00, 0x3F, 0xF0,
    0x00, 0x2F, 0xF4, 0x00, 0xFF, 0xC0, 0x00, 0xFF, 0xC0, 0x07, 0xFE, 0x00, 0x03, 0xFF, 0x00, 0x2F,
    0xFF, 0xFF, 0xFF, 0xFF, 0xF0, 0xFF, 0xFF, 0xFF, 0xFF, 0xFF, 0xC3, 0xFF, 0xFF, 0xFF, 0xFF, 0xFE,
    0x0F, 0xFF, 0xFF, 0xFF, 0xFF, 0xF4, 0x00, 0x00, 0x00, 0x00, 0xFF, 0xC0, 0x00, 0x00, 0x00, 0x03,
    0xFF, 0x00, 0x00, 0x00, 0x00, 0x0F, 0xFC, 0x00, 0x00, 0x00, 0x00, 0x7F, 0xE0, 0x00, 0x00, 0x00,
    0x02, 0xFF, 0x40, 0x00, 0x00, 0x00, 0x0F, 0xFC, 0x00, 0x00, 0x00, 0x00, 0x00, 0x00, 0x00, 0x03,
    0xFF, 0x00, 0x02, 0xFF, 0x40, 0xFF, 0xC0, 0x00, 0xFF, 0xC0, 0x7F, 0xE0, 0x00, 0x3F, 0xF0, 0x2F,
    0xF4, 0x00, 0x1F, 0xF8, 0x0F, 0xFC, 0x00, 0x0B, 0xFD, 0x03, 0xFF, 0x00, 0x03, 0xFF, 0x41, 0xFF,
    0x80, 0x00, 0xFF, 0xC0, 0xBF, 0xD0, 0x00, 0x3F, 0xF0, 0x2F, 0xF4, 0x00, 0x1F, 0xF8, 0x0B, 0xFE,
    0x00, 0x0B, 0xFD, 0x02, 0xFF, 0xD0, 0x07, 0xFF, 0x00, 0x7F, 0xFF, 0xFF, 0xFF, 0xC0, 0x0F, 0xFF,
    0xFF, 0xFF, 0xF0, 0x00, 0xFF, 0xFF, 0xFF, 0xF8, 0x00, 0x07, 0xFF, 0xEF, 0xFD, 0x00, 0x00, 0x00,
    0x03, 0xFF, 0x00, 0x00, 0x00, 0x00, 0xFF, 0xC0, 0x00, 0x00, 0x00, 0x7F, 0xF0, 0x00, 0x00, 0x00,
    0x1F, 0xF8, 0x00, 0x00, 0x00, 0x0B, 0xFD, 0x00, 0x00, 0x00, 0x03, 0xFF, 0x00, 0x00, 0x00, 0x00,
    0xFF, 0xC0, 0x00, 0x00, 0x00, 0x7F, 0xE0, 0x00, 0x00, 0x00, 0x1F, 0xF4, 0x00, 0x00, 0x0F, 0xFC,
    0x00, 0x3F, 0xF0, 0x00, 0xFF, 0xC0, 0x01, 0xFF, 0x80, 0x07, 0xFE, 0x00, 0x0F, 0xFC, 0x00, 0x2F,
    0xF4, 0x00, 0x7F, 0xE0, 0x01, 0xFF, 0x80, 0x03, 0xFF, 0x00, 0x0B, 0xFD, 0x00, 0x1F, 0xF4, 0x00,
    0x3F, 0xF0, 0x00, 0xFF, 0xC0, 0x02, 0xFF, 0x00, 0x07, 0xFE, 0x00, 0x0F, 0xFC, 0x00, 0x3F, 0xF0,
    0x00, 0x7F, 0xE0, 0x01, 0xFF, 0x80, 0x03, 0xFF, 0x00, 0x0B, 0xFD, 0x00, 0x1F, 0xF4, 0x00, 0x7F,
    0xE0, 0x00, 0xFF, 0xC0, 0x02, 0xFF, 0x40, 0x0B, 0xFD, 0x00, 0x0F, 0xFC, 0x00, 0x3F, 0xF0, 0x00,
    0xBF, 0xC0, 0x01, 0xFF, 0x80, 0x03, 0xFF, 0x00, 0x0F, 0xFC, 0x00, 0x2F, 0xF4, 0x00, 0x7F, 0xE0,
    0x00, 0xFF, 0xC0, 0x02, 0xFF, 0x40, 0x0B, 0xFD, 0x00, 0x1F, 0xF8, 0x00, 0x3F, 0xF0, 0x00, 0xBF,
    0xC0, 0x02, 0xFF, 0x40, 0x03, 0xFF, 0x00, 0x0F, 0xFC, 0x00, 0x3F, 0xF0, 0x00, 0x7F, 0xE0, 0x00,
    0xFF, 0xC0, 0x03, 0xFF, 0x00, 0x0B, 0xFD, 0x00, 0x1F, 0xF8, 0x00, 0x3F, 0xE0, 0x00, 0xFF, 0xC0,
    0x02, 0xFF, 0x40, 0x07, 0xFE, 0x00, 0x0F, 0xFC, 0x00, 0x3F, 0xF0, 0x00, 0xBF, 0xD0, 0x00, 0xFF,
    0xC0, 0x03, 0xFF, 0x00, 0x0F, 0xFC, 0x00, 0x1F, 0xFF, 0xFF, 0xFF, 0xFF, 0xFF, 0xFF, 0xC0, 0x02,
    0xFF, 0xFF, 0xFF, 0xFF, 0xFF, 0xFF, 0xF8, 0x00, 0x3F, 0xFF, 0xFF, 0xFF, 0xFF, 0xFF, 0xFF, 0x40,
    0x03, 0xFF, 0xFF, 0xFF, 0xFF, 0xFF, 0xFF, 0xF4, 0x00, 0x00, 0x1F, 0xF8, 0x00, 0x7F, 0xE0, 0x00,
    0xFF, 0x80, 0x0B, 0xFD, 0x00, 0x1F, 0xF4, 0x00, 0x7F, 0xE0, 0x02, 0xFF, 0x00, 0x0B, 0xFD, 0x00,
    0x2F, 0xF4, 0x00, 0xFF, 0xC0, 0x03, 0xFF, 0x00, 0x0F, 0xFC, 0x00, 0x3F, 0xF0, 0x00, 0xFF, 0xC0,
    0x03, 0xFF, 0x00, 0x1F, 0xF8, 0x00, 0x7F, 0xE0, 0x01, 0xFF, 0x80, 0x0B, 0xFD, 0x00, 0x2F, 0xF4,
    0x00, 0x7F, 0xD0, 0x03, 0xFF, 0x00, 0x0B, 0xFC, 0x00, 0x2F, 0xF4, 0x00, 0xFF, 0xC0, 0x03, 0xFF,
    0x00, 0x0F, 0xFC, 0x00, 0x3F, 0xF0, 0x00, 0xFF, 0xC0, 0x03, 0xFF, 0x00, 0x1F, 0xF8, 0x00, 0x7F,
    0xE0, 0x01, 0xFF, 0x80, 0x0B, 0xFD, 0x00, 0x2F, 0xF4, 0x00, 0xBF, 0xD0, 0x03, 0xFF, 0x00, 0x0F,
    0xFC, 0x00, 0x2F, 0xF4, 0x00, 0xFF, 0xC0, 0x03, 0xFF, 0x00, 0x0F, 0xFC, 0x00, 0x3F, 0xF0, 0x00,
    0xFF, 0xC0, 0x03, 0xFF, 0x00, 0x1F, 0xF8, 0x00, 0x7F, 0xE0, 0x01, 0xFF, 0x80, 0x0B, 0xFD, 0x00,
    0x2F, 0xF4, 0x00, 0xBF, 0xD0, 0x03, 0xFF, 0x00, 0x0F, 0xFC, 0x00, 0x3F, 0xF0, 0x00, 0xFF, 0xC0,
    0x03, 0xFF, 0x00, 0x0F, 0xFC, 0x00, 0x7F, 0xE0, 0x00, 0xFF, 0x80, 0x03, 0xFF, 0x00, 0x2F, 0xFF,
    0xFF, 0xFF, 0xFF, 0xFF, 0xFF, 0xFF, 0x0B, 0xFF, 0xFF, 0xFF, 0xFF, 0xFF, 0xFF, 0xFF, 0x83, 0xFF,
    0xFF, 0xFF, 0xFF, 0xFF, 0xFF, 0xFF, 0xD0, 0xFF, 0xFF, 0xFF, 0xFF, 0xFF, 0xFF, 0xFF, 0xF0, 0x00,
    0x00, 0x00, 0x00, 0x00, 0x00, 0x0F, 0xFC, 0x00, 0x00, 0x00, 0x00, 0x00, 0x00, 0x03, 0xFF, 0x00,
    0x00, 0x00, 0x00, 0x00, 0x00, 0x01, 0xFF, 0x80, 0x00, 0x00, 0x00, 0x00, 0x00, 0x00, 0xBF, 0xD0,
    0x00, 0x00, 0x00, 0x00, 0x00, 0x00, 0x3F, 0xF0, 0x00, 0x00, 0x00, 0x00, 0x00, 0x00, 0x00, 0x00,
    0x00, 0x2F, 0xFF, 0xFF, 0x00, 0x00, 0x0F, 0xFF, 0xFF, 0xC0, 0x00, 0x03, 0xFF, 0xFF, 0xE0, 0x00,
    0x00, 0xFF, 0xFF, 0xF4, 0x00, 0x00, 0x00, 0x0B, 0xFD, 0x00, 0x00, 0x00, 0x03, 0xFF, 0x00, 0x00,
    0x00, 0x00, 0xFF, 0xC0, 0x00, 0x00, 0x00, 0x7F, 0xE0, 0x00, 0x00, 0x00, 0x2F, 0xFF, 0xF9, 0x00,
    0x00, 0x0B, 0xFF, 0xFF, 0xF4, 0x00, 0x03, 0xFF, 0xFF, 0xFF, 0x40, 0x00, 0xFF, 0xFF, 0xFF, 0xF0,
    0x00, 0x7F, 0xD0, 0x2F, 0xFD, 0x00, 0x2F, 0xF4, 0x02, 0xFF, 0xC0, 0x0F, 0xFC, 0x00, 0x7F, 0xF0,
    0x03, 0xFF, 0x00, 0x1F, 0xFC, 0x00, 0xFF, 0xC0, 0x07, 0xFE, 0x00, 0x7F, 0xE0, 0x03, 0xFF, 0x40,
    0x2F, 0xF4, 0x01, 0xFF, 0xC0, 0x0F, 0xFC, 0x01, 0xFF, 0xE0, 0x03, 0xFF, 0xFF, 0xFF, 0xF0, 0x00,
    0xFF, 0xFF, 0xFF, 0xF4, 0x00, 0x7F, 0xFF, 0xFF, 0xF0, 0x00, 0x2F, 0xFF, 0xFF, 0x80, 0x00, 0x00,
    0x1F, 0xF8, 0x00, 0x00, 0x00, 0xBF, 0xE0, 0x02, 0xFF, 0x40, 0x00, 0x00, 0x0F, 0xFD, 0x00, 0x2F,
    0xF0, 0x00, 0x00, 0x00, 0xFF, 0xC0, 0x03, 0xFF, 0x00, 0x00, 0x00, 0x0F, 0xFC, 0x00, 0x3F, 0xF0,
    0x00, 0x00, 0x01, 0xFF, 0x80, 0x07, 0xFE, 0x00, 0x00, 0x00, 0x2F, 0xF8, 0x00, 0xBF, 0xD0, 0x00,
    0x00, 0x03, 0xFF, 0x40, 0x0F, 0xFC, 0x00, 0x00, 0x00, 0x3F, 0xF0, 0x00, 0xFF, 0xFF, 0x90, 0x00,
    0x03, 0xFF, 0x00, 0x0F, 0xFF, 0xFF, 0xD0, 0x00, 0x7F, 0xE0, 0x01, 0xFF, 0xFF, 0xFF, 0x80, 0x0B,
    0xFD, 0x00, 0x2F, 0xFF, 0xFF, 0xFD, 0x00, 0xFF, 0xC0, 0x03, 0xFF, 0x01, 0xFF, 0xF0, 0x0F, 0xFC,
    0x00, 0x3F, 0xF0, 0x07, 0xFF, 0x01, 0xFF, 0xC0, 0x03, 0xFE, 0x00, 0x3F, 0xF0, 0x1F, 0xF8, 0x00,
    0x7F, 0xD0, 0x03, 0xFF, 0x02, 0xFF, 0x40, 0x0B, 0xFD, 0x00, 0x3F, 0xF0, 0x3F, 0xF0, 0x00, 0xFF,
    0xC0, 0x07, 0xFF, 0x03, 0xFF, 0x00, 0x0F, 0xFC, 0x00, 0xFF, 0xD0, 0x7F, 0xF0, 0x01, 0xFF, 0x80,
    0x7F, 0xFC, 0x0B, 0xFE, 0x00, 0x2F, 0xFF, 0xFF, 0xFF, 0x40, 0xBF, 0xD0, 0x02, 0xFF, 0xFF, 0xFF,
    0xE0, 0x0F, 0xFC, 0x00, 0x3F, 0xFF, 0xFF, 0xF4, 0x00, 0xFF, 0xC0, 0x03, 0xFF, 0xFF, 0xE4, 0x00,
    0x1F, 0xF8, 0x00, 0x00, 0x1F, 0xF8, 0x00, 0x00, 0x00, 0xBF, 0xD0, 0x00, 0x00, 0x02, 0xFF, 0x00,
    0x00, 0x00, 0x0F, 0xFC, 0x00, 0x00, 0x00, 0x3F, 0xF0, 0x00, 0x00, 0x01, 0xFF, 0x80, 0x00, 0x00,
    0x0B, 0xFD, 0x00, 0x00, 0x00, 0x3F, 0xF0, 0x00, 0x00, 0x00, 0xFF, 0xFF, 0xE0, 0x00, 0x03, 0xFF,
    0xFF, 0xF8, 0x00, 0x1F, 0xFF, 0xFF, 0xFC, 0x00, 0xBF, 0xFF, 0xFF, 0xF8, 0x03, 0xFF, 0x01, 0xFF,
    0xF0, 0x0F, 0xFC, 0x00, 0xFF, 0xD0, 0x3F, 0xE0, 0x03, 0xFF, 0x41, 0xFF, 0x40, 0x0F, 0xFD, 0x0B,
    0xFD, 0x00, 0x3F, 0xF0, 0x3F, 0xF0, 0x01, 0xFF, 0xC0, 0xFF, 0xC0, 0x0F, 0xFE, 0x07, 0xFE, 0x00,
    0xFF, 0xF0, 0x2F, 0xFF, 0xFF, 0xFF, 0x80, 0xBF, 0xFF, 0xFF, 0xF8, 0x03, 0xFF, 0xFF, 0xFF, 0x40,
    0x0F, 0xFF, 0xFF, 0x90, 0x00, 0x00, 0x06, 0xFF, 0xE4, 0x00, 0x00, 0x3F, 0xFF, 0xFF, 0xD0, 0x00,
    0x0F, 0xFF, 0xFF, 0xFD, 0x00, 0x01, 0xFF, 0xFF, 0xFF, 0xC0, 0x00, 0x34, 0x00, 0x7F, 0xF8, 0x00,
    0x00, 0x00, 0x07, 0xFF, 0x00, 0x00, 0x00, 0x00, 0xFF, 0xD0, 0x00, 0x00, 0x00, 0x2F, 0xF8, 0x00,
    0x00, 0x00, 0x07, 0xFE, 0x00, 0x03, 0xFF, 0xFF, 0xFF, 0x80, 0x01, 0xFF, 0xFF, 0xFF, 0xE0, 0x00,
    0xBF, 0xFF, 0xFF, 0xF4, 0x00, 0x3F, 0xFF, 0xFF, 0xFD, 0x00, 0x00, 0x00, 0x03, 0xFF, 0x00, 0x00,
    0x00, 0x01, 0xFF, 0xC0, 0x00, 0x00, 0x00, 0xFF, 0xE0, 0x00, 0x00, 0x00, 0x3F, 0xF0, 0x00, 0x00,
    0x00, 0x3F, 0xF8, 0x00, 0x00, 0x00, 0x2F, 0xFC, 0x00, 0xE4, 0x00, 0x7F, 0xFE, 0x00, 0x3F, 0xFF,
    0xFF, 0xFE, 0x00, 0x0F, 0xFF, 0xFF, 0xFE, 0x00, 0x03, 0xFF, 0xFF, 0xFD, 0x00, 0x00, 0x1B, 0xFF,
    0xE4, 0x00, 0x00, 0x00, 0x1F, 0xF8, 0x00, 0x01, 0xBF, 0xF8, 0x00, 0x00, 0x0B, 0xFD, 0x00, 0x03,
    0xFF, 0xFF, 0xE0, 0x00, 0x02, 0xFF, 0x00, 0x07, 0xFF, 0xFF, 0xFF, 0x00, 0x00, 0xFF, 0xC0, 0x07,
    0xFF, 0xFF, 0xFF, 0xE0, 0x00, 0x3F, 0xF0, 0x07, 0xFF, 0x80, 0x2F, 0xFC, 0x00, 0x1F, 0xF8, 0x03,
    0xFF, 0x80, 0x03, 0xFF, 0x80, 0x0B, 0xFD, 0x01, 0xFF, 0xC0, 0x00, 0x7F, 0xF0, 0x03, 0xFF, 0x00,
    0xFF, 0xD0, 0x00, 0x0F, 0xFC, 0x00, 0xFF, 0xC0, 0x7F, 0xF0, 0x00, 0x03, 0xFF, 0x00, 0x3F, 0xFF,
    0xFF, 0xF8, 0x00, 0x00, 0xFF, 0xC0, 0x1F, 0xFF, 0xFF, 0xFD, 0x00, 0x00, 0x3F, 0xF0, 0x0B, 0xFF,
    0xFF, 0xFF, 0x00, 0x00, 0x0F, 0xFC, 0x03, 0xFF, 0xFF, 0xFF, 0xC0, 0x00, 0x07, 0xFF, 0x00, 0xFF,
    0xC0, 0x7F, 0xE0, 0x00, 0x01, 0xFF, 0x80, 0x3F, 0xE0, 0x1F, 0xF8, 0x00, 0x00, 0xBF, 0xD0, 0x1F,
    0xF4, 0x07, 0xFE, 0x00, 0x00, 0x3F, 0xF0, 0x0B, 0xFC, 0x01, 0xFF, 0xC0, 0x00, 0x2F, 0xF8, 0x03,
    0xFF, 0x00, 0x3F, 0xF0, 0x00, 0x0F, 0xFD, 0x00, 0xFF, 0xC0, 0x0F, 0xFE, 0x00, 0x0F, 0xFF, 0x00,
    0x7F, 0xE0, 0x01, 0xFF, 0xD0, 0x1F, 0xFF, 0x00, 0x2F, 0xF4, 0x00, 0x3F, 0xFF, 0xFF, 0xFF, 0x40,
    0x0B, 0xFC, 0x00, 0x03, 0xFF, 0xFF, 0xFF, 0x40, 0x03, 0xFF, 0x00, 0x00, 0x3F, 0xFF, 0xFF, 0x00,
    0x00, 0xFF, 0xC0, 0x00, 0x01, 0xBF, 0xF9, 0x00, 0x00, 0x00, 0x00, 0x02, 0xFF, 0xFF, 0xFC, 0x00,
    0x00, 0x2F, 0xFF, 0xFF, 0xFC, 0x00, 0x00, 0xFF, 0xFF, 0xFF, 0xF8, 0x00, 0x03, 0xFF, 0xFF, 0xFF,
    0xF4, 0x00, 0x07, 0xFF, 0x80, 0x3F, 0xF0, 0x00, 0x0B, 0xFE, 0x00, 0x3F, 0xF0, 0x00, 0x0F, 0xFC,
    0x00, 0x7F, 0xF0, 0x00, 0x0F, 0xFC, 0x00, 0x7F, 0xE0, 0x00, 0x0F, 0xFC, 0x00, 0xBF, 0xD0, 0x00,
    0x0F, 0xFD, 0x00, 0xFF, 0xC0, 0x00, 0x0B, 0xFF, 0x40, 0xFF, 0xC0, 0x00, 0x03, 0xFF, 0xFF, 0xFF,
    0x80, 0x00, 0x01, 0xFF, 0xFF, 0xFF, 0x40, 0x00, 0x00, 0xBF, 0xFF, 0xFF, 0x40, 0x00, 0x01, 0xFF,
    0xFF, 0xFF, 0x00, 0x00, 0x03, 0xFF, 0x43, 0xFF, 0x00, 0x00, 0x0F, 0xFE, 0x07, 0xFE, 0x00, 0x00,
    0x2F, 0xFC, 0x0B, 0xFD, 0x00, 0x00, 0x7F, 0xF4, 0x0F, 0xFC, 0x00, 0x00, 0xFF, 0xE0, 0x0F, 0xFC,
    0x00, 0x03, 0xFF, 0xC0, 0x0F, 0xFC, 0x00, 0x0B, 0xFF, 0x00, 0x1F, 0xF8, 0x00, 0x1F, 0xFE, 0x00,
    0x2F, 0xF4, 0x00, 0x3F, 0xFC, 0x00, 0x3F, 0xF0, 0x00, 0x00, 0x02, 0xFE, 0x03, 0xFC, 0x00, 0xBF,
    0xFF, 0x5F, 0xE0, 0x0B, 0xFF, 0xFF, 0xFF, 0x40, 0x7F, 0xFF, 0xFF, 0xFC, 0x03, 0xFF, 0x80, 0xFF,
    0xF0, 0x2F, 0xFC, 0x02, 0xFF, 0xC0, 0xFF, 0xC0, 0x07, 0xFE, 0x07, 0xFF, 0x00, 0x1F, 0xF4, 0x2F,
    0xF8, 0x00, 0x7F, 0xC0, 0xBF, 0xD0, 0x02, 0xFF, 0x03, 0xFF, 0x00, 0x0F, 0xFC, 0x0F, 0xFC, 0x00,
    0x3F, 0xE0, 0x3F, 0xF0, 0x02, 0xFF, 0x40, 0xFF, 0xD0, 0x0F, 0xFC, 0x03, 0xFF, 0xC0, 0xFF, 0xF0,
    0x0B, 0xFF, 0xFF, 0xFF, 0xC0, 0x0F, 0xFF, 0xFF, 0xFE, 0x00, 0x1F, 0xFF, 0xD7, 0xF4, 0x00, 0x1B,
    0xF8, 0x2F, 0xC0, 0x00, 0x00, 0x00, 0x00, 0x00, 0x50, 0x00, 0x00, 0x1A, 0xFF, 0x80, 0x00, 0x0B,
    0xFF, 0xFF, 0x00, 0x01, 0xFF, 0xFF, 0xFC, 0x00, 0x2F, 0xFF, 0xFF, 0xF0, 0x01, 0xFF, 0xFE, 0x90,
    0x00, 0x0F, 0xFF, 0x40, 0x00, 0x00, 0xFF, 0xE0, 0x00, 0x00, 0x07, 0xFF, 0x00, 0x00, 0x00, 0x2F,
    0xF0, 0x7F, 0x80, 0x00, 0xFF, 0xCF, 0xFF, 0xC0, 0x07, 0xFE, 0xFF, 0xFF, 0xC0, 0x2F, 0xFF, 0xFF,
    0xFF, 0x00, 0xFF, 0xFC, 0x1F, 0xFD, 0x03, 0xFF, 0xC0, 0x2F, 0xF8, 0x1F, 0xFD, 0x00, 0x7F, 0xE0,
    0x7F, 0xF0, 0x01, 0xFF, 0x82, 0xFF, 0x80, 0x07, 0xFE, 0x0B, 0xFE, 0x00, 0x2F, 0xF4, 0x2F, 0xF4,
    0x00, 0xFF, 0xC0, 0x7F, 0xE0, 0x03, 0xFF, 0x01, 0xFF, 0xC0, 0x2F, 0xF4, 0x03, 0xFF, 0x42, 0xFF,
    0xC0, 0x0B, 0xFF, 0xFF, 0xFD, 0x00, 0x0F, 0xFF, 0xFF, 0xE0, 0x00, 0x0F, 0xFF, 0xFD, 0x00, 0x00,
    0x07, 0xFF, 0x40, 0x00, 0x00, 0x00, 0x01, 0xBF, 0xE4, 0x00, 0x01, 0xFF, 0xFF, 0xF0, 0x00, 0x7F,
    0xFF, 0xFF, 0xC0, 0x1F, 0xFF, 0xFF, 0xFD, 0x03, 0xFF, 0xC0, 0xBF, 0xE0, 0xBF, 0xF0, 0x07, 0xFE,
    0x0F, 0xFC, 0x00, 0xFF, 0xD1, 0xFF, 0xFF, 0xFF, 0xF8, 0x2F, 0xFF, 0xFF, 0xFE, 0x03, 0xFF, 0xFF,
    0xFF, 0x40, 0x3F, 0xFF, 0xFF, 0xFE, 0x03, 0xFF, 0x00, 0x7F, 0xF0, 0x3F, 0xF0, 0x01, 0xFF, 0x42,
    0xFF, 0x40, 0x1F, 0xF8, 0x1F, 0xFC, 0x07, 0xFF, 0x40, 0xFF, 0xFF, 0xFF, 0xF0, 0x07, 0xFF, 0xFF,
    0xFD, 0x00, 0x1F, 0xFF, 0xFF, 0x40, 0x00, 0x1F, 0xFF, 0x40, 0x00, 0x00, 0x1B, 0xFF, 0x90, 0x00,
    0x3F, 0xFF, 0xFE, 0x00, 0x0F, 0xFF, 0xFF, 0xD0, 0x03, 0xFF, 0xFF, 0xFC, 0x00, 0x74, 0x07, 0xFF,
    0x00, 0x00, 0x00, 0xFF, 0xC0, 0x00, 0x00, 0xBF, 0xF0, 0x00, 0x02, 0xFF, 0xF4, 0x00, 0x1F, 0xFF,
    0xF8, 0x00, 0x7F, 0xFF, 0xF4, 0x00, 0xBF, 0xFF, 0x90, 0x00, 0x3F, 0xFD, 0x00, 0x00, 0x2F, 0xF8,
    0x00, 0x00, 0x0F, 0xFC, 0x00, 0x00, 0x03, 0xFF, 0x80, 0x1F, 0x00, 0xBF, 0xFF, 0xFF, 0xC0, 0x0F,
    0xFF, 0xFF, 0xF0, 0x01, 0xFF, 0xFF, 0xF8, 0x00, 0x0B, 0xFF, 0x90, 0x00, 0x00, 0x6F, 0xFE, 0x40,
    0x00, 0x0F, 0xFF, 0xFF, 0x40, 0x00, 0xBF, 0xFF, 0xFC, 0x00, 0x07, 0xFF, 0xFF, 0xF0, 0x00, 0x10,
    0x07, 0xFF, 0x40, 0x00, 0x00, 0x0F, 0xFC, 0x00, 0x00, 0x00, 0xBF, 0xC0, 0x00, 0x00, 0x07, 0xFD,
    0x00, 0x1F, 0xE0, 0x7F, 0xD0, 0x1F, 0xFF, 0xD7, 0xFE, 0x07, 0xFF, 0xFF, 0x7F, 0xE0, 0xFF, 0xFF,
    0xFF, 0xFE, 0x2F, 0xFD, 0x07, 0xFF, 0xE3, 0xFF, 0x40, 0x1F, 0xFD, 0x7F, 0xF0, 0x00, 0xFF, 0xDB,
    0xFD, 0x00, 0x0F, 0xFC, 0xFF, 0xC0, 0x01, 0xFF, 0xCF, 0xFC, 0x00, 0x2F, 0xF8, 0xFF, 0xC0, 0x03,
    0xFF, 0x4F, 0xFC, 0x00, 0x7F, 0xF0, 0xBF, 0xD0, 0x0F, 0xFD, 0x07, 0xFF, 0x03, 0xFF, 0xC0, 0x3F,
    0xFF, 0xFF, 0xF0, 0x01, 0xFF, 0xFF, 0xFD, 0x00, 0x0B, 0xFF, 0xFF, 0x40, 0x00, 0x0B, 0xFE, 0x40,
    0x00, 0x00, 0x06, 0xFF, 0x90, 0x00, 0x0F, 0xFF, 0xFE, 0x00, 0x1F, 0xFF, 0xFF, 0xD0, 0x0F, 0xFF,
    0xFF, 0xFC, 0x0F, 0xFF, 0x03, 0xFF, 0x07, 0xFF, 0x00, 0xBF, 0xC3, 0xFF, 0x40, 0x3F, 0xF0, 0xFF,
    0xC0, 0xBF, 0xF8, 0xBF, 0xFF, 0xFF, 0xFC, 0x2F, 0xFF, 0xFF, 0xFC, 0x0F, 0xFF, 0xFF, 0xF8, 0x03,
    0xFF, 0xFF, 0x90, 0x00, 0xFF, 0xC0, 0x00, 0x00, 0x3F, 0xF4, 0x00, 0x00, 0x0B, 0xFF, 0x40, 0x1D,
    0x00, 0xFF, 0xFF, 0xFF, 0x40, 0x2F, 0xFF, 0xFF, 0xD0, 0x02, 0xFF, 0xFF, 0xF0, 0x00, 0x0B, 0xFF,
    0x80, 0x00, 0x01, 0xFF, 0x80, 0x00, 0xBF, 0xC0, 0x01, 0xBF, 0xD0, 0x1F, 0xFF, 0x40, 0x0F, 0xFC,
    0x00, 0xFF, 0xFC, 0x01, 0xFF, 0xFD, 0x00, 0xFF, 0x80, 0x3F, 0xFF, 0x80, 0x1F, 0xFF, 0xF0, 0x0F,
    0xF4, 0x0F, 0xFF, 0xF4, 0x00, 0x07, 0xFF, 0x01, 0xFF, 0x42, 0xFF, 0xC0, 0x00, 0x00, 0x2F, 0xF4,
    0x2F, 0xF0, 0x3F, 0xF0, 0x00, 0x00, 0x01, 0xFF, 0x43, 0xFF, 0x0B, 0xFD, 0x00, 0x00, 0x00, 0x1F,
    0xFF, 0xFF, 0xFF, 0xFF, 0xC0, 0x00, 0x00, 0x01, 0xFF, 0xFF, 0xFF, 0xFF, 0xF8, 0x00, 0x00, 0x00,
    0x2F, 0xFF, 0xFF, 0xFF, 0xFF, 0x40, 0x00, 0x00, 0x03, 0xFF, 0xFF, 0xFF, 0xFF, 0xF4, 0x00, 0x00,
    0x00, 0x3F, 0xE0, 0xFF, 0xC2, 0xFF, 0x00, 0x00, 0x00, 0x0B, 0xFD, 0x0F, 0xF8, 0x2F, 0xF4, 0x00,
    0x00, 0x00, 0xFF, 0xC1, 0xFF, 0x41, 0xFF, 0x80, 0x00, 0x00, 0x7F, 0xF4, 0x1F, 0xF0, 0x0F, 0xFD,
    0x00, 0x01, 0xFF, 0xFF, 0x02, 0xFF, 0x00, 0xFF, 0xFF, 0x00, 0x3F, 0xFF, 0xC0, 0x3F, 0xF0, 0x07,
    0xFF, 0xF0, 0x03, 0xFF, 0xE0, 0x03, 0xFE, 0x00, 0x2F, 0xFF, 0x00, 0xBF, 0xE4, 0x00, 0x7F, 0xD0,
    0x00, 0x6F, 0xF0, 0x00, 0x00, 0x6F, 0xFE, 0x40, 0x07, 0xFF, 0xFF, 0xF0, 0x03, 0xFF, 0xFF, 0xFC,
    0x02, 0xFF, 0xFF, 0xFE, 0x01, 0x40, 0x0B, 0xFE, 0x00, 0x00, 0x03, 0xFE, 0x00, 0x00, 0x0B, 0xFD,
    0x00, 0x7F, 0xFF, 0xF8, 0x00, 0xBF, 0xFF, 0x90, 0x00, 0xFF, 0xFF, 0x40, 0x00, 0xFF, 0xFF, 0xF0,
    0x00, 0x00, 0x7F, 0xF4, 0x00, 0x00, 0x1F, 0xF8, 0x00, 0x00, 0x1F, 0xF8, 0x64, 0x00, 0x7F, 0xF4,
    0x7F, 0xFF, 0xFF, 0xF0, 0x7F, 0xFF, 0xFF, 0xD0, 0x7F, 0xFF, 0xFF, 0x40, 0x1B, 0xFF, 0xE4, 0x00,
    0x03, 0xFF, 0x00, 0x2F, 0xF4, 0x0F, 0xF8, 0x00, 0xFF, 0xC0, 0x7F, 0xE0, 0x03, 0xFF, 0x02, 0xFF,
    0x40, 0x0F, 0xF8, 0x0F, 0xFC, 0x00, 0x7F, 0xE0, 0x3F, 0xF0, 0x02, 0xFF, 0x40, 0xFF, 0x80, 0x0F,
    0xFC, 0x07, 0xFE, 0x00, 0x3F, 0xF0, 0x2F, 0xF4, 0x00, 0xFF, 0x80, 0xFF, 0xC0, 0x07, 0xFE, 0x03,
    0xFF, 0x00, 0x3F, 0xF4, 0x0F, 0xF8, 0x00, 0xFF, 0xC0, 0x7F, 0xE0, 0x0B, 0xFF, 0x01, 0xFF, 0x80,
    0x7F, 0xF8, 0x07, 0xFF, 0x07, 0xFF, 0xD0, 0x0F, 0xFF, 0xFF, 0xFF, 0x40, 0x3F, 0xFF, 0xF3, 0xFC,
    0x00, 0x7F, 0xFF, 0x4F, 0xF0, 0x00, 0x2F, 0xE0, 0x3F, 0x80, 0x00, 0x00, 0x1A, 0x80, 0x0A, 0x90,
    0x00, 0xBF, 0x40, 0x7F, 0x80, 0x01, 0xFE, 0x03, 0xFC, 0x00, 0x03, 0xFF, 0xFF, 0xE0, 0x00, 0x07,
    0xFF, 0xFE, 0x00, 0x00, 0x02, 0xFF, 0x90, 0x00, 0x00, 0x00, 0x00, 0x00, 0x00, 0x00, 0x00, 0x00,
    0x00, 0x03, 0xFF, 0x00, 0x2F, 0xF4, 0x0F, 0xF8, 0x00, 0xFF, 0xC0, 0x7F, 0xE0, 0x03, 0xFF, 0x02,
    0xFF, 0x40, 0x0F, 0xF8, 0x0F, 0xFC, 0x00, 0x7F, 0xE0, 0x3F, 0xF0, 0x02, 0xFF, 0x40, 0xFF, 0x80,
    0x0F, 0xFC, 0x07, 0xFE, 0x00, 0x3F, 0xF0, 0x2F, 0xF4, 0x00, 0xFF, 0x80, 0xFF, 0xC0, 0x07, 0xFE,
    0x03, 0xFF, 0x00, 0x3F, 0xF4, 0x0F, 0xF8, 0x00, 0xFF, 0xC0, 0x7F, 0xE0, 0x0B, 0xFF, 0x01, 0xFF,
    0x80, 0x7F, 0xF8, 0x07, 0xFF, 0x07, 0xFF, 0xD0, 0x0F, 0xFF, 0xFF, 0xFF, 0x40, 0x3F, 0xFF, 0xF3,
    0xFC, 0x00, 0x7F, 0xFF, 0x4F, 0xF0, 0x00, 0x2F, 0xE0, 0x3F, 0x80, 0x00, 0x00, 0xFF, 0xC0, 0x0F,
    0xFF, 0x00, 0x3F, 0xF0, 0x0B, 0xFF, 0x00, 0x0F, 0xF8, 0x07, 0xFF, 0x00, 0x07, 0xFD, 0x03, 0xFF,
    0x40, 0x02, 0xFF, 0x43, 0xFF, 0x80, 0x00, 0xFF, 0xC2, 0xFF, 0x80, 0x00, 0x3F, 0xF2, 0xFF, 0xC0,
    0x00, 0x0F, 0xFF, 0xFF, 0xC0, 0x00, 0x07, 0xFF, 0xFF, 0xD0, 0x00, 0x02, 0xFF, 0xFF, 0xF0, 0x00,
    0x00, 0xFF, 0xFF, 0xFC, 0x00, 0x00, 0x3F, 0xF2, 0xFF, 0x80, 0x00, 0x1F, 0xF8, 0x3F, 0xF0, 0x00,
    0x07, 0xFD, 0x0F, 0xFD, 0x00, 0x02, 0xFF, 0x01, 0xFF, 0xC0, 0x00, 0xFF, 0xC0, 0x3F, 0xF4, 0x00,
    0x3F, 0xF0, 0x0B, 0xFE, 0x00, 0x1F, 0xF8, 0x01, 0xFF, 0xC0, 0x07, 0xFD, 0x00, 0x3F, 0xF8, 0x00,
    0x00, 0x03, 0xFF, 0xFF, 0xFF, 0x80, 0x00, 0xFF, 0xFF, 0xFF, 0xE0, 0x00, 0x7F, 0xFF, 0xFF, 0xF4,
    0x00, 0x2F, 0xFF, 0xFF, 0xFC, 0x00, 0x0F, 0xF8, 0x03, 0xFF, 0x00, 0x03, 0xFD, 0x00, 0xFF, 0x80,
    0x01, 0xFF, 0x00, 0x7F, 0xE0, 0x00, 0xFF, 0xC0, 0x2F, 0xF4, 0x00, 0x3F, 0xE0, 0x0F, 0xFC, 0x00,
    0x1F, 0xF4, 0x03, 0xFF, 0x00, 0x0B, 0xFC, 0x00, 0xFF, 0x80, 0x03, 0xFF, 0x00, 0x7F, 0xE0, 0x00,
    0xFF, 0x80, 0x2F, 0xF4, 0x00, 0x7F, 0xD0, 0x0F, 0xFC, 0x00, 0x3F, 0xF0, 0x03, 0xFF, 0x03, 0xFF,
    0xF8, 0x00, 0xFF, 0x80, 0xFF, 0xFC, 0x00, 0x7F, 0xE0, 0x3F, 0xFC, 0x00, 0x2F, 0xF4, 0x0F, 0xF8,
    0x00, 0x0F, 0xFC, 0x00, 0x00, 0xFF, 0xFC, 0x00, 0x0F, 0xFF, 0xC0, 0x0F, 0xFF, 0xC0, 0x01, 0xFF,
    0xFC, 0x00, 0xFF, 0xFC, 0x00, 0x3F, 0xFF, 0xC0, 0x1F, 0xFF, 0xC0, 0x07, 0xFF, 0xF8, 0x02, 0xFF,
    0xFD, 0x00, 0xFF, 0xFF, 0x40, 0x3F, 0xFF, 0xD0, 0x1F, 0xFF, 0xF0, 0x03, 0xFE, 0xFD, 0x03, 0xFE,
    0xFF, 0x00, 0x3F, 0xDF, 0xD0, 0x7F, 0xAF, 0xF0, 0x07, 0xFD, 0xFD, 0x0F, 0xF3, 0xFE, 0x00, 0xBF,
    0xCF, 0xE1, 0xFE, 0x3F, 0xD0, 0x0F, 0xF8, 0xFE, 0x3F, 0xC7, 0xFC, 0x00, 0xFF, 0x4F, 0xE7, 0xF8,
    0xBF, 0xC0, 0x1F, 0xF0, 0xFE, 0xFF, 0x0B, 0xFC, 0x01, 0xFF, 0x0F, 0xFF, 0xE0, 0xFF, 0x80, 0x2F,
    0xF0, 0xFF, 0xFC, 0x0F, 0xF4, 0x03, 0xFE, 0x0F, 0xFF, 0x81, 0xFF, 0x00, 0x3F, 0xD0, 0xFF, 0xF0,
    0x2F, 0xF0, 0x07, 0xFC, 0x0F, 0xFE, 0x03, 0xFE, 0x00, 0x7F, 0xC0, 0xBF, 0xD0, 0x3F, 0xE0, 0x00,
    0x00, 0xFF, 0xC0, 0x0F, 0xFC, 0x00, 0xFF, 0xC0, 0x0F, 0xFC, 0x01, 0xFF, 0x80, 0x1F, 0xF8, 0x02,
    0xFF, 0x40, 0x1F, 0xF8, 0x02, 0xFF, 0x40, 0x2F, 0xF4, 0x03, 0xFF, 0x00, 0x3F, 0xF0, 0x03, 0xFF,
    0x00, 0x3F, 0xF0, 0x07, 0xFF, 0xFF, 0xFF, 0xE0, 0x0B, 0xFF, 0xFF, 0xFF, 0xE0, 0x0B, 0xFF, 0xFF,
    0xFF, 0xD0, 0x0F, 0xFF, 0xFF, 0xFF, 0xC0, 0x0F, 0xFC, 0x00, 0xFF, 0xC0, 0x1F, 0xF8, 0x01, 0xFF,
    0x80, 0x2F, 0xF4, 0x02, 0xFF, 0x80, 0x3F, 0xF0, 0x02, 0xFF, 0x40, 0x3F, 0xF0, 0x03, 0xFF, 0x00,
    0x3F, 0xF0, 0x03, 0xFF, 0x00, 0x7F, 0xE0, 0x07, 0xFE, 0x00, 0xBF, 0xD0, 0x0B, 0xFD, 0x00, 0x00,
    0x01, 0xBF, 0xE0, 0x00, 0x00, 0x7F, 0xFF, 0xF4, 0x00, 0x07, 0xFF, 0xFF, 0xF4, 0x00, 0x7F, 0xFF,
    0xFF, 0xF0, 0x03, 0xFF, 0x80, 0xFF, 0xD0, 0x2F, 0xFC, 0x01, 0xFF, 0x80, 0xFF, 0xD0, 0x07, 0xFF,
    0x07, 0xFF, 0x00, 0x0F, 0xFC, 0x2F, 0xF8, 0x00, 0x7F, 0xF0, 0xBF, 0xD0, 0x01, 0xFF, 0x83, 0xFF,
    0x40, 0x0B, 0xFD, 0x0F, 0xFC, 0x00, 0x3F, 0xF0, 0x3F, 0xF0, 0x01, 0xFF, 0xC0, 0xBF, 0xD0, 0x0F,
    0xFD, 0x01, 0xFF, 0xC0, 0xBF, 0xF0, 0x03, 0xFF, 0xFF, 0xFF, 0x40, 0x07, 0xFF, 0xFF, 0xF4, 0x00,
    0x07, 0xFF, 0xFF, 0x40, 0x00, 0x02, 0xFF, 0x90, 0x00, 0x00, 0x00, 0xFF, 0x02, 0xFE, 0x00, 0x03,
    0xFC, 0x7F, 0xFF, 0x00, 0x0F, 0xF7, 0xFF, 0xFE, 0x00, 0x7F, 0xFF, 0xFF, 0xFC, 0x02, 0xFF, 0xF0,
    0x3F, 0xF0, 0x0F, 0xFF, 0x00, 0xFF, 0xC0, 0x3F, 0xF4, 0x03, 0xFF, 0x01, 0xFF, 0xC0, 0x0F, 0xFC,
    0x07, 0xFE, 0x00, 0x3F, 0xF0, 0x2F, 0xF4, 0x01, 0xFF, 0x80, 0xFF, 0xC0, 0x07, 0xFD, 0x03, 0xFF,
    0x00, 0x2F, 0xF0, 0x1F, 0xF8, 0x00, 0xFF, 0xC0, 0x7F, 0xD0, 0x03, 0xFF, 0x02, 0xFF, 0x00, 0x1F,
    0xF8, 0x0F, 0xFC, 0x00, 0x7F, 0xD0, 0x3F, 0xF0, 0x02, 0xFF, 0x01, 0xFF, 0x80, 0x0F, 0xFC, 0x07,
    0xFD, 0x00, 0x3F, 0xF0, 0x00, 0x00, 0x0B, 0xF0, 0x2F, 0xE0, 0x00, 0x03, 0xFC, 0xBF, 0xFF, 0x40,
    0x00, 0xFF, 0xBF, 0xFF, 0xF0, 0x00, 0x7F, 0xFF, 0xFF, 0xFD, 0x00, 0x1F, 0xFE, 0x03, 0xFF, 0x80,
    0x0B, 0xFF, 0x00, 0x7F, 0xF0, 0x03, 0xFF, 0x00, 0x1F, 0xFC, 0x00, 0xFF, 0xC0, 0x07, 0xFF, 0x00,
    0x7F, 0xE0, 0x01, 0xFF, 0x80, 0x1F, 0xF4, 0x00, 0xBF, 0xE0, 0x0B, 0xFC, 0x00, 0x3F, 0xF4, 0x03,
    0xFF, 0x00, 0x0F, 0xFC, 0x00, 0xFF, 0xC0, 0x07, 0xFF, 0x00, 0x7F, 0xF4, 0x03, 0xFF, 0x40, 0x2F,
    0xFF, 0x03, 0xFF, 0xC0, 0x0B, 0xFF, 0xFF, 0xFF, 0xD0, 0x03, 0xFF, 0xFF, 0xFF, 0xD0, 0x00, 0xFF,
    0x9F, 0xFF, 0xD0, 0x00, 0x7F, 0xD0, 0xBF, 0x80, 0x00, 0x2F, 0xF4, 0x00, 0x00, 0x00, 0x0F, 0xFC,
    0x00, 0x00, 0x00, 0x03, 0xFF, 0x00, 0x00, 0x00, 0x00, 0xFF, 0x80, 0x00, 0x00, 0x00, 0x7F, 0xE0,
    0x00, 0x00, 0x00, 0x2F, 0xF4, 0x00, 0x00, 0x00, 0x0F, 0xFC, 0x00, 0x00, 0x00, 0x03, 0xFF, 0x00,
    0x00, 0x00, 0x00, 0x00, 0x01, 0xFF, 0xE4, 0x00, 0x1F, 0xFF, 0xFF, 0x00, 0xBF, 0xFF, 0xFD, 0x01,
    0xFF, 0xFF, 0xFC, 0x03, 0xFF, 0xC0, 0x14, 0x0B, 0xFF, 0x00, 0x00, 0x0F, 0xFC, 0x00, 0x00, 0x1F,
    0xF8, 0x00, 0x00, 0x2F, 0xF4, 0x00, 0x00, 0x3F, 0xF0, 0x00, 0x00, 0x3F, 0xF0, 0x00, 0x00, 0x3F,
    0xF0, 0x00, 0x00, 0x3F, 0xF0, 0x00, 0x00, 0x3F, 0xF4, 0x00, 0x00, 0x2F, 0xFD, 0x01, 0xC0, 0x0F,
    0xFF, 0xFF, 0xC0, 0x0B, 0xFF, 0xFF, 0xC0, 0x02, 0xFF, 0xFF, 0xC0, 0x00, 0x6F, 0xF9, 0x00, 0x00,
    0xFF, 0x02, 0xFE, 0x00, 0x2F, 0xE0, 0x00, 0x3F, 0xC7, 0xFF, 0xF0, 0x7F, 0xFF, 0x00, 0x0F, 0xF7,
    0xFF, 0xFE, 0x7F, 0xFF, 0xE0, 0x07, 0xFF, 0xFF, 0xFF, 0xFF, 0xFF, 0xFC, 0x02, 0xFF, 0xF0, 0x3F,
    0xFF, 0x03, 0xFF, 0x00, 0xFF, 0xF0, 0x0F, 0xFF, 0x00, 0xBF, 0xC0, 0x3F, 0xF4, 0x03, 0xFF, 0x80,
    0x2F, 0xF0, 0x1F, 0xFC, 0x00, 0xFF, 0xC0, 0x0F, 0xFC, 0x07, 0xFE, 0x00, 0x7F, 0xF0, 0x03, 0xFF,
    0x02, 0xFF, 0x40, 0x1F, 0xF4, 0x01, 0xFF, 0x80, 0xFF, 0xC0, 0x0B, 0xFC, 0x00, 0x7F, 0xD0, 0x3F,
    0xF0, 0x03, 0xFF, 0x00, 0x2F, 0xF4, 0x1F, 0xF8, 0x00, 0xFF, 0xC0, 0x0F, 0xFC, 0x07, 0xFD, 0x00,
    0x7F, 0xE0, 0x03, 0xFF, 0x02, 0xFF, 0x00, 0x1F, 0xF4, 0x01, 0xFF, 0x80, 0xFF, 0xC0, 0x0B, 0xFC,
    0x00, 0x7F, 0xD0, 0x3F, 0xF0, 0x03, 0xFF, 0x00, 0x2F, 0xF0, 0x1F, 0xF8, 0x00, 0xFF, 0xC0, 0x0F,
    0xFC, 0x07, 0xFD, 0x00, 0x7F, 0xE0, 0x03, 0xFF, 0x00, 0x00, 0x3F, 0xF0, 0x00, 0x3F, 0xF0, 0x00,
    0xFF, 0xC0, 0x02, 0xFF, 0x80, 0x02, 0xFF, 0x00, 0x0F, 0xFC, 0x00, 0x0B, 0xFC, 0x00, 0xBF, 0xE0,
    0x00, 0x1F, 0xF4, 0x03, 0xFF, 0x00, 0x00, 0x7F, 0xD0, 0x2F, 0xF8, 0x00, 0x00, 0xFF, 0x80, 0xFF,
    0xC0, 0x00, 0x03, 0xFE, 0x07, 0xFD, 0x00, 0x00, 0x0F, 0xF8, 0x3F, 0xF0, 0x00, 0x00, 0x3F, 0xF1,
    0xFF, 0x40, 0x00, 0x00, 0xBF, 0xCB, 0xFC, 0x00, 0x00, 0x01, 0xFF, 0x3F, 0xD0, 0x00, 0x00, 0x07,
    0xFE, 0xFF, 0x00, 0x00, 0x00, 0x0F, 0xFF, 0xF4, 0x00, 0x00, 0x00, 0x3F, 0xFF, 0xC0, 0x00, 0x00,
    0x00, 0xFF, 0xFD, 0x00, 0x00, 0x00, 0x03, 0xFF, 0xF0, 0x00, 0x00, 0x00, 0x0B, 0xFF, 0x40, 0x00,
    0x00, 0x00, 0x2F, 0xFC, 0x00, 0x00, 0x00, 0x00, 0xBF, 0xD0, 0x00, 0x00, 0x00, 0x07, 0xFF, 0x00,
    0x00, 0x00, 0x00, 0x3F, 0xF4, 0x00, 0x00, 0x00, 0x07, 0xFF, 0x80, 0x00, 0x00, 0x0F, 0xFF, 0xFC,
    0x00, 0x00, 0x00, 0x3F, 0xFF, 0xD0, 0x00, 0x00, 0x00, 0xFF, 0xFD, 0x00, 0x00, 0x00, 0x03, 0xFF,
    0x40, 0x00, 0x00, 0x00, 0x00, 0x00, 0x00, 0x00, 0x00, 0x00, 0x00, 0x00, 0x00, 0x02, 0xFF, 0x00,
    0x00, 0x00, 0x00, 0x0F, 0xFC, 0x00, 0x00, 0x00, 0x00, 0x3F, 0xE0, 0x00, 0x00, 0x00, 0x01, 0xFF,
    0x40, 0x00, 0x00, 0x00, 0x07, 0xFD, 0x00, 0x00, 0x00, 0x00, 0x2F, 0xF0, 0x00, 0x00, 0x00, 0x00,
    0xFF, 0xC0, 0x00, 0x00, 0x01, 0xBF, 0xFF, 0xE0, 0x00, 0x00, 0xBF, 0xFF, 0xFF, 0xF8, 0x00, 0x0F,
    0xFF, 0xFF, 0xFF, 0xF8, 0x00, 0xFF, 0xFF, 0xFF, 0xFF, 0xF4, 0x0F, 0xFF, 0x4F, 0xFC, 0xBF, 0xF0,
    0x7F, 0xF0, 0x3F, 0xE0, 0xFF, 0xD3, 0xFF, 0x41, 0xFF, 0x42, 0xFF, 0x5F, 0xFC, 0x07, 0xFC, 0x07,
    0xFE, 0xBF, 0xD0, 0x2F, 0xF0, 0x1F, 0xFB, 0xFF, 0x00, 0xFF, 0x80, 0x7F, 0xDF, 0xFC, 0x03, 0xFE,
    0x02, 0xFF, 0x7F, 0xF0, 0x1F, 0xF4, 0x0F, 0xFC, 0xFF, 0xD0, 0xBF, 0xC0, 0x7F, 0xE2, 0xFF, 0x83,
    0xFF, 0x07, 0xFF, 0x47, 0xFF, 0x8F, 0xF8, 0xBF, 0xF8, 0x0F, 0xFF, 0xFF, 0xFF, 0xFF, 0xC0, 0x0F,
    0xFF, 0xFF, 0xFF, 0xF8, 0x00, 0x0F, 0xFF, 0xFF, 0xFF, 0x40, 0x00, 0x06, 0xFF, 0xFF, 0x90, 0x00,
    0x00, 0x00, 0xFF, 0x80, 0x00, 0x00, 0x00, 0x03, 0xFD, 0x00, 0x00, 0x00, 0x00, 0x1F, 0xF4, 0x00,
    0x00, 0x00, 0x00, 0xBF, 0xC0, 0x00, 0x00, 0x00, 0x03, 0xFF, 0x00, 0x00, 0x00, 0x00, 0x0F, 0xF8,
    0x00, 0x00, 0x00, 0x00, 0x7F, 0xE0, 0x00, 0x00, 0x00, 0x01, 0xFF, 0x40, 0x00, 0x00, 0x00, 0x00,
    0xBF, 0xE0, 0x03, 0xFF, 0x80, 0x07, 0xFF, 0x00, 0xBF, 0xF0, 0x00, 0x3F, 0xF4, 0x1F, 0xFC, 0x00,
    0x01, 0xFF, 0x83, 0xFF, 0x40, 0x00, 0x0F, 0xFC, 0xBF, 0xE0, 0x00, 0x00, 0xBF, 0xDF, 0xFC, 0x00,
    0x00, 0x07, 0xFF, 0xFF, 0x00, 0x00, 0x00, 0x3F, 0xFF, 0xC0, 0x00, 0x00, 0x02, 0xFF, 0xF4, 0x00,
    0x00, 0x00, 0x1F, 0xFF, 0x00, 0x00, 0x00, 0x07, 0xFF, 0xF0, 0x00, 0x00, 0x00, 0xFF, 0xFF, 0x40,
    0x00, 0x00, 0x3F, 0xFF, 0xFC, 0x00, 0x00, 0x0B, 0xFE, 0xBF, 0xC0, 0x00, 0x01, 0xFF, 0xC7, 0xFE,
    0x00, 0x00, 0x3F, 0xF0, 0x3F, 0xF0, 0x00, 0x0F, 0xFE, 0x02, 0xFF, 0x40, 0x03, 0xFF, 0xC0, 0x1F,
    0xFC, 0x00, 0xBF, 0xF0, 0x00, 0xFF, 0xD0, 0x00, 0x03, 0xFF, 0x00, 0x2F, 0xF4, 0x0F, 0xF8, 0x00,
    0xFF, 0xC0, 0x7F, 0xE0, 0x03, 0xFF, 0x02, 0xFF, 0x40, 0x0F, 0xF8, 0x0F, 0xFC, 0x00, 0x7F, 0xE0,
    0x3F, 0xF0, 0x02, 0xFF, 0x40, 0xFF, 0x80, 0x0F, 0xFC, 0x07, 0xFE, 0x00, 0x3F, 0xF0, 0x2F, 0xF4,
    0x00, 0xFF, 0x80, 0xFF, 0xC0, 0x07, 0xFD, 0x03, 0xFF, 0x00, 0x3F, 0xF4, 0x0F, 0xF8, 0x00, 0xFF,
    0xC0, 0x7F, 0xE0, 0x0B, 0xFF, 0x01, 0xFF, 0x80, 0x7F, 0xF8, 0x07, 0xFF, 0x07, 0xFF, 0xF0, 0x0F,
    0xFF, 0xFF, 0xFF, 0xFC, 0x3F, 0xFF, 0xF3, 0xFF, 0xE0, 0x7F, 0xFF, 0x47, 0xFF, 0x80, 0x2F, 0xE0,
    0x07, 0xFD, 0x00, 0x00, 0x00, 0x1F, 0xF0, 0x00, 0x00, 0x00, 0xBF, 0xC0, 0x00, 0x00, 0x03, 0xFE,
    0x00, 0x00, 0x00, 0x0F, 0xF4, 0x00, 0x2F, 0xF4, 0x00, 0xFF, 0xCB, 0xFC, 0x00, 0x7F, 0xE3, 0xFF,
    0x00, 0x2F, 0xF4, 0xFF, 0xC0, 0x0F, 0xFC, 0x7F, 0xE0, 0x03, 0xFF, 0x1F, 0xF4, 0x01, 0xFF, 0xCB,
    0xFD, 0x00, 0xBF, 0xE2, 0xFF, 0x40, 0x7F, 0xF4, 0xBF, 0xE0, 0x7F, 0xFC, 0x1F, 0xFF, 0xFF, 0xFF,
    0x03, 0xFF, 0xFF, 0xFF, 0xC0, 0xBF, 0xFF, 0x7F, 0xE0, 0x07, 0xFD, 0x2F, 0xF4, 0x00, 0x00, 0x0F,
    0xFC, 0x00, 0x00, 0x03, 0xFF, 0x00, 0x00, 0x00, 0xFF, 0x80, 0x00, 0x00, 0x7F, 0xE0, 0x00, 0x00,
    0x2F, 0xF4, 0x00, 0x00, 0x0F, 0xFC, 0x00, 0x03, 0xFF, 0x00, 0x3F, 0xF0, 0x02, 0xFF, 0x40, 0xFF,
    0x80, 0x0F, 0xFC, 0x00, 0xFF, 0xC0, 0x7F, 0xD0, 0x03, 0xFE, 0x00, 0x3F, 0xF0, 0x2F, 0xF4, 0x01,
    0xFF, 0x40, 0x0F, 0xF8, 0x0F, 0xFC, 0x00, 0xBF, 0xD0, 0x07, 0xFE, 0x03, 0xFF, 0x00, 0x3F, 0xF0,
    0x02, 0xFF, 0x40, 0xFF, 0x80, 0x0F, 0xFC, 0x00, 0xFF, 0xC0, 0x7F, 0xD0, 0x03, 0xFE, 0x00, 0x3F,
    0xF0, 0x2F, 0xF4, 0x01, 0xFF, 0x40, 0x0F, 0xF8, 0x0F, 0xFC, 0x00, 0xBF, 0xD0, 0x07, 0xFD, 0x03,
    0xFF, 0x00, 0x3F, 0xF0, 0x03, 0xFF, 0x40, 0xFF, 0x80, 0x1F, 0xFC, 0x00, 0xFF, 0xC0, 0x7F, 0xE0,
    0x0F, 0xFF, 0x00, 0xBF, 0xF0, 0x1F, 0xF8, 0x07, 0xFF, 0xC0, 0x7F, 0xF8, 0x07, 0xFF, 0x07, 0xFF,
    0xF0, 0x7F, 0xFD, 0x00, 0xFF, 0xFF, 0xFF, 0xFF, 0xFF, 0xFF, 0x40, 0x3F, 0xFF, 0xF2, 0xFF, 0xFF,
    0x3F, 0xC0, 0x07, 0xFF, 0xF0, 0x3F, 0xFF, 0x4F, 0xF0, 0x00, 0x2F, 0xE0, 0x02, 0xFE, 0x03, 0xF8,
    0x00, 0x03, 0xFF, 0x00, 0x3F, 0xF0, 0x02, 0xFF, 0x40, 0xFF, 0x80, 0x0F, 0xFC, 0x00, 0xFF, 0xC0,
    0x7F, 0xD0, 0x03, 0xFE, 0x00, 0x3F, 0xF0, 0x2F, 0xF4, 0x01, 0xFF, 0x40, 0x0F, 0xF8, 0x0F, 0xFC,
    0x00, 0xBF, 0xD0, 0x07, 0xFE, 0x03, 0xFF, 0x00, 0x3F, 0xF0, 0x02, 0xFF, 0x40, 0xFF, 0x80, 0x0F,
    0xFC, 0x00, 0xFF, 0xC0, 0x7F, 0xD0, 0x03, 0xFE, 0x00, 0x3F, 0xF0, 0x2F, 0xF4, 0x01, 0xFF, 0x40,
    0x0F, 0xF8, 0x0F, 0xFC, 0x00, 0xBF, 0xD0, 0x07, 0xFE, 0x03, 0xFF, 0x00, 0x3F, 0xF0, 0x03, 0xFF,
    0x40, 0xFF, 0x80, 0x1F, 0xFC, 0x00, 0xFF, 0xC0, 0x7F, 0xE0, 0x0F, 0xFF, 0x00, 0xBF, 0xF0, 0x1F,
    0xF8, 0x07, 0xFF, 0xC0, 0x7F, 0xFC, 0x07, 0xFF, 0x07, 0xFF, 0xF0, 0x7F, 0xFF, 0x00, 0xFF, 0xFF,
    0xFF, 0xFF, 0xFF, 0xFF, 0xFC, 0x3F, 0xFF, 0xF2, 0xFF, 0xFF, 0x3F, 0xFF, 0x07, 0xFF, 0xF0, 0x3F,
    0xFF, 0x47, 0xFF, 0x80, 0x2F, 0xE0, 0x02, 0xFE, 0x00, 0x7F, 0xD0, 0x00, 0x00, 0x00, 0x00, 0x00,
    0x1F, 0xF0, 0x00, 0x00, 0x00, 0x00, 0x00, 0x0B, 0xFC, 0x00, 0x00, 0x00, 0x00, 0x00, 0x03, 0xFE,
    0x00, 0x00, 0x00, 0x00, 0x00, 0x00, 0xFF, 0x40, 0x3F, 0xFF, 0xF4, 0x00, 0x00, 0xFF, 0xFF, 0xC0,
    0x00, 0x07, 0xFF, 0xFF, 0x00, 0x00, 0x2F, 0xFF, 0xFC, 0x00, 0x00, 0x00, 0x7F, 0xE0, 0x00, 0x00,
    0x02, 0xFF, 0x40, 0x00, 0x00, 0x0B, 0xFE, 0xFF, 0x90, 0x00, 0x3F, 0xFF, 0xFF, 0xE0, 0x00, 0xFF,
    0xFF, 0xFF, 0xE0, 0x07, 0xFF, 0xFF, 0xFF, 0xC0, 0x2F, 0xF4, 0x07, 0xFF, 0x40, 0xBF, 0xC0, 0x07,
    0xFE, 0x03, 0xFF, 0x00, 0x1F, 0xF4, 0x0F, 0xFC, 0x00, 0xFF, 0xD0, 0x3F, 0xF8, 0x0B, 0xFF, 0x00,
    0xBF, 0xFF, 0xFF, 0xF4, 0x00, 0xFF, 0xFF, 0xFF, 0x80, 0x01, 0xFF, 0xFF, 0xF8, 0x00, 0x00, 0x7F,
    0xF9, 0x00, 0x00, 0x03, 0xFF, 0x00, 0x00, 0x00, 0xBF, 0xC0, 0x3F, 0xF0, 0x00, 0x00, 0x0F, 0xFC,
    0x07, 0xFE, 0x00, 0x00, 0x00, 0xFF, 0xC0, 0xBF, 0xD0, 0x00, 0x00, 0x1F, 0xF8, 0x0F, 0xFC, 0x00,
    0x00, 0x02, 0xFF, 0x40, 0xFF, 0xC0, 0x00, 0x00, 0x3F, 0xF0, 0x0F, 0xFE, 0xFE, 0x40, 0x03, 0xFF,
    0x01, 0xFF, 0xFF, 0xFF, 0x00, 0x3F, 0xE0, 0x2F, 0xFF, 0xFF, 0xFC, 0x07, 0xFE, 0x03, 0xFF, 0xFF,
    0xFF, 0xD0, 0xBF, 0xD0, 0x3F, 0xF0, 0x0F, 0xFE, 0x0F, 0xFC, 0x03, 0xFE, 0x00, 0x7F, 0xE0, 0xFF,
    0xC0, 0x7F, 0xE0, 0x07, 0xFD, 0x0F, 0xF8, 0x07, 0xFE, 0x00, 0xBF, 0xD1, 0xFF, 0x80, 0x7F, 0xF0,
    0x1F, 0xFC, 0x2F, 0xF4, 0x03, 0xFF, 0xFF, 0xFF, 0x43, 0xFF, 0x00, 0x2F, 0xFF, 0xFF, 0xE0, 0x3F,
    0xF0, 0x00, 0xBF, 0xFF, 0xF8, 0x03, 0xFE, 0x00, 0x01, 0xBF, 0xF8, 0x00, 0x7F, 0xD0, 0x00, 0x03,
    0xFF, 0x00, 0x00, 0x00, 0xFF, 0xC0, 0x00, 0x00, 0x7F, 0xE0, 0x00, 0x00, 0x2F, 0xF4, 0x00, 0x00,
    0x0F, 0xFC, 0x00, 0x00, 0x03, 0xFF, 0x00, 0x00, 0x00, 0xFF, 0xEF, 0xF8, 0x00, 0x7F, 0xFF, 0xFF,
    0xD0, 0x2F, 0xFF, 0xFF, 0xFC, 0x0F, 0xFF, 0xFF, 0xFF, 0x83, 0xFF, 0x00, 0xBF, 0xF0, 0xFF, 0x80,
    0x0F, 0xFC, 0x7F, 0xE0, 0x03, 0xFF, 0x1F, 0xF8, 0x01, 0xFF, 0xC7, 0xFF, 0x40, 0xFF, 0xD0, 0xFF,
    0xFF, 0xFF, 0xF0, 0x2F, 0xFF, 0xFF, 0xF4, 0x02, 0xFF, 0xFF, 0xF0, 0x00, 0x1B, 0xFF, 0x90, 0x00,
    0x00, 0xBF, 0xF8, 0x00, 0x1F, 0xFF, 0xFD, 0x00, 0x3F, 0xFF, 0xFC, 0x00, 0xFF, 0xFF, 0xFC, 0x01,
    0x40, 0x7F, 0xF0, 0x00, 0x00, 0xBF, 0xD0, 0x00, 0x01, 0xFF, 0x80, 0x3F, 0xFF, 0xFE, 0x00, 0xFF,
    0xFF, 0xF8, 0x07, 0xFF, 0xFF, 0xE0, 0x2F, 0xFF, 0xFF, 0x40, 0x00, 0x0F, 0xFC, 0x00, 0x00, 0x3F,
    0xF0, 0x00, 0x03, 0xFF, 0x82, 0x00, 0x7F, 0xFC, 0x1F, 0xFF, 0xFF, 0xD0, 0x7F, 0xFF, 0xFE, 0x01,
    0xFF, 0xFF, 0xD0, 0x01, 0xBF, 0xF4, 0x00, 0x00, 0x00, 0xFF, 0xC0, 0x01, 0xBF, 0xE0, 0x00, 0x03,
    0xFF, 0x00, 0x3F, 0xFF, 0xF4, 0x00, 0x0F, 0xF8, 0x03, 0xFF, 0xFF, 0xF4, 0x00, 0x7F, 0xD0, 0x3F,
    0xFF, 0xFF, 0xF0, 0x02, 0xFF, 0x42, 0xFF, 0xC0, 0xFF, 0xD0, 0x0F, 0xFC, 0x0F, 0xFC, 0x00, 0xFF,
    0x80, 0x3F, 0xF0, 0x7F, 0xE0, 0x03, 0xFF, 0x00, 0xFF, 0xFF, 0xFF, 0x40, 0x0F, 0xFC, 0x07, 0xFF,
    0xFF, 0xFC, 0x00, 0x3F, 0xF0, 0x2F, 0xFF, 0xFF, 0xF0, 0x01, 0xFF, 0x80, 0xFF, 0xFF, 0xFF, 0x80,
    0x0B, 0xFD, 0x03, 0xFF, 0x03, 0xFE, 0x00, 0x3F, 0xF0, 0x1F, 0xF8, 0x0F, 0xF8, 0x00, 0xFF, 0xC0,
    0x7F, 0xD0, 0x3F, 0xF0, 0x0B, 0xFE, 0x02, 0xFF, 0x00, 0xFF, 0xD0, 0x7F, 0xF0, 0x0F, 0xFC, 0x01,
    0xFF, 0xFF, 0xFF, 0x40, 0x3F, 0xF0, 0x03, 0xFF, 0xFF, 0xF8, 0x01, 0xFF, 0x80, 0x03, 0xFF, 0xFF,
    0x40, 0x07, 0xFD, 0x00, 0x01, 0xBF, 0xE0, 0x00, 0x00, 0x00, 0x00, 0x6F, 0xFF, 0xFF, 0x00, 0x07,
    0xFF, 0xFF, 0xFE, 0x00, 0x2F, 0xFF, 0xFF, 0xFD, 0x00, 0x3F, 0xFF, 0xFF, 0xFD, 0x00, 0xBF, 0xF0,
    0x0F, 0xFC, 0x00, 0xFF, 0xD0, 0x0F, 0xFC, 0x00, 0xFF, 0xC0, 0x1F, 0xF8, 0x00, 0xBF, 0xE0, 0x2F,
    0xF4, 0x00, 0x7F, 0xFF, 0xFF, 0xF4, 0x00, 0x2F, 0xFF, 0xFF, 0xF0, 0x00, 0x0B, 0xFF, 0xFF, 0xF0,
    0x00, 0x0F, 0xFF, 0xFF, 0xE0, 0x00, 0x3F, 0xF8, 0xBF, 0xD0, 0x00, 0xBF, 0xF0, 0xBF, 0xC0, 0x01,
    0xFF, 0xD0, 0xFF, 0xC0, 0x03, 0xFF, 0x80, 0xFF, 0xC0, 0x0B, 0xFF, 0x01, 0xFF, 0x80, 0x1F, 0xFC,
    0x02, 0xFF, 0x40, 0x3F, 0xF4, 0x02, 0xFF, 0x00, 0x00, 0x0B, 0xFC, 0x00, 0x00, 0x00, 0xFF, 0x80,
    0x00, 0x00, 0x0F, 0xF0, 0x00, 0x00, 0x00, 0xFE, 0x00, 0x00, 0x00, 0x1F, 0xC0, 0x00, 0x00, 0x00,
    0x00, 0x00, 0x00, 0x00, 0x00, 0x00, 0x00, 0x1B, 0xFE, 0x40, 0x00, 0x3F, 0xFF, 0xF8, 0x00, 0x7F,
    0xFF, 0xFF, 0x40, 0x3F, 0xFF, 0xFF, 0xF0, 0x3F, 0xFC, 0x0F, 0xFC, 0x1F, 0xFC, 0x02, 0xFF, 0x0F,
    0xFD, 0x00, 0xFF, 0xC3, 0xFF, 0x02, 0xFF, 0xE2, 0xFF, 0xFF, 0xFF, 0xF0, 0xBF, 0xFF, 0xFF, 0xF0,
    0x3F, 0xFF, 0xFF, 0xE0, 0x0F, 0xFF, 0xFE, 0x40, 0x03, 0xFF, 0x00, 0x00, 0x00, 0xFF, 0xD0, 0x00,
    0x00, 0x2F, 0xFD, 0x00, 0x74, 0x03, 0xFF, 0xFF, 0xFD, 0x00, 0xBF, 0xFF, 0xFF, 0x40, 0x0B, 0xFF,
    0xFF, 0xC0, 0x00, 0x2F, 0xFE, 0x00, 0x00, 0x00, 0x0B, 0xC0, 0xBC, 0x00, 0x07, 0xF8, 0x7F, 0x80,
    0x02, 0xFE, 0x2F, 0xE0, 0x00, 0xBF, 0x4B, 0xF8, 0x00, 0x0F, 0x80, 0xF8, 0x00, 0x00, 0x00, 0x00,
    0x00, 0x00, 0x00, 0x00, 0x00, 0x00, 0x1B, 0xFE, 0x40, 0x00, 0x3F, 0xFF, 0xF8, 0x00, 0x7F, 0xFF,
    0xFF, 0x40, 0x3F, 0xFF, 0xFF, 0xF0, 0x3F, 0xFC, 0x0F, 0xFC, 0x1F, 0xFC, 0x02, 0xFF, 0x0F, 0xFD,
    0x00, 0xFF, 0xC3, 0xFF, 0x02, 0xFF, 0xE2, 0xFF, 0xFF, 0xFF, 0xF0, 0xBF, 0xFF, 0xFF, 0xF0, 0x3F,
    0xFF, 0xFF, 0xE0, 0x0F, 0xFF, 0xFE, 0x40, 0x03, 0xFF, 0x00, 0x00, 0x00, 0xFF, 0xD0, 0x00, 0x00,
    0x2F, 0xFD, 0x00, 0x74, 0x03, 0xFF, 0xFF, 0xFD, 0x00, 0xBF, 0xFF, 0xFF, 0x40, 0x0B, 0xFF, 0xFF,
    0xC0, 0x00, 0x2F, 0xFE, 0x00, 0x00, 0x00, 0x1F, 0xF8, 0x00, 0x00, 0x00, 0xBF, 0xD0, 0x00, 0x00,
    0x7F, 0xFF, 0xFF, 0xC0, 0x02, 0xFF, 0xFF, 0xFF, 0x00, 0x0B, 0xFF, 0xFF, 0xF8, 0x00, 0x3F, 0xFF,
    0xFF, 0xD0, 0x00, 0x0B, 0xFD, 0x00, 0x00, 0x00, 0x2F, 0xF0, 0x00, 0x00, 0x00, 0xFF, 0xC2, 0xFE,
    0x00, 0x03, 0xFE, 0x7F, 0xFF, 0x00, 0x1F, 0xFF, 0xFF, 0xFE, 0x00, 0xBF, 0xFF, 0xFF, 0xFC, 0x02,
    0xFF, 0xF0, 0x3F, 0xF0, 0x0F, 0xFF, 0x00, 0xFF, 0xC0, 0x3F, 0xF4, 0x03, 0xFF, 0x01, 0xFF, 0xC0,
    0x0F, 0xFC, 0x0B, 0xFE, 0x00, 0x3F, 0xE0, 0x3F, 0xF4, 0x01, 0xFF, 0x80, 0xFF, 0xC0, 0x0B, 0xFD,
    0x03, 0xFF, 0x00, 0x3F, 0xF0, 0x1F, 0xF8, 0x00, 0xFF, 0xC0, 0xBF, 0xD0, 0x03, 0xFE, 0x03, 0xFF,
    0x00, 0x1F, 0xF4, 0x0F, 0xFC, 0x00, 0xBF, 0xD0, 0x3F, 0xE0, 0x03, 0xFF, 0x01, 0xFF, 0x80, 0x0F,
    0xFC, 0x00, 0x00, 0x00, 0x3F, 0xE0, 0x00, 0x00, 0x01, 0xFF, 0x40, 0x00, 0x00, 0x0F, 0xFC, 0x00,
    0x00, 0x00, 0xBF, 0xF0, 0x00, 0x00, 0xFF, 0xFF, 0x40, 0x00, 0x03, 0xFF, 0xFC, 0x00, 0x00, 0x0F,
    0xFF, 0xC0, 0x00, 0x00, 0x2F, 0xF8, 0x00, 0x00, 0x00, 0x00, 0x00, 0x6A, 0x90, 0x00, 0x00, 0x2F,
    0xF8, 0x00, 0x00, 0x07, 0xFE, 0x00, 0x00, 0x00, 0xFF, 0x80, 0x00, 0x00, 0x2F, 0xE0, 0x00, 0x00,
    0x07, 0xF4, 0x00, 0x00, 0x00, 0x00, 0x00, 0x00, 0x00, 0x00, 0x00, 0x00, 0x00, 0x1B, 0xFF, 0x90,
    0x00, 0x0F, 0xFF, 0xFF, 0x80, 0x00, 0xFF, 0xFF, 0xFD, 0x00, 0x0F, 0xFF, 0xFF, 0xF0, 0x00, 0x74,
    0x07, 0xFF, 0x00, 0x00, 0x00, 0x3F, 0xF0, 0x00, 0x00, 0x0B, 0xFF, 0x00, 0x00, 0x0B, 0xFF, 0xD0,
    0x00, 0x1F, 0xFF, 0xF8, 0x00, 0x1F, 0xFF, 0xFD, 0x00, 0x0B, 0xFF, 0xF9, 0x00, 0x00, 0xFF, 0xF4,
    0x00, 0x00, 0x2F, 0xF8, 0x00, 0x00, 0x03, 0xFF, 0x00, 0x00, 0x00, 0x3F, 0xF8, 0x01, 0xF0, 0x02,
    0xFF, 0xFF, 0xFF, 0x00, 0x0F, 0xFF, 0xFF, 0xF0, 0x00, 0x7F, 0xFF, 0xFE, 0x00, 0x00, 0xBF, 0xF9,
    0x00, 0x00, 0x00, 0x01, 0xFF, 0xE4, 0x00, 0x1F, 0xFF, 0xFF, 0x00, 0x7F, 0xFF, 0xFD, 0x01, 0xFF,
    0xFF, 0xFC, 0x03, 0xFF, 0xC0, 0x14, 0x0B, 0xFF, 0x00, 0x00, 0x0F, 0xFC, 0x00, 0x00, 0x1F, 0xFF,
    0xFF, 0x80, 0x2F, 0xFF, 0xFF, 0x40, 0x3F, 0xFF, 0xFF, 0x00, 0x3F, 0xFF, 0xFF, 0x00, 0x3F, 0xF0,
    0x00, 0x00, 0x3F, 0xF0, 0x00, 0x00, 0x3F, 0xF4, 0x00, 0x00, 0x2F, 0xFC, 0x01, 0xC0, 0x1F, 0xFF,
    0xFF, 0xC0, 0x0F, 0xFF, 0xFF, 0xC0, 0x03, 0xFF, 0xFF, 0xC0, 0x00, 0x6F, 0xF9, 0x00, 0x00, 0x1F,
    0xFE, 0x40, 0x07, 0xFF, 0xFF, 0xD0, 0x3F, 0xFF, 0xFF, 0x82, 0xFF, 0xFF, 0xFC, 0x0F, 0xFD, 0x01,
    0xE0, 0x3F, 0xF0, 0x00, 0x00, 0xFF, 0xE0, 0x00, 0x02, 0xFF, 0xF0, 0x00, 0x03, 0xFF, 0xF8, 0x00,
    0x03, 0xFF, 0xFC, 0x00, 0x02, 0xFF, 0xF8, 0x00, 0x00, 0xFF, 0xF0, 0x00, 0x00, 0xFF, 0xC0, 0x00,
    0x03, 0xFF, 0x0E, 0x40, 0x2F, 0xFC, 0x3F, 0xFF, 0xFF, 0xE0, 0xFF, 0xFF, 0xFF, 0x03, 0xFF, 0xFF,
    0xF0, 0x01, 0xBF, 0xF9, 0x00, 0x00, 0x00, 0x0B, 0xE0, 0x00, 0xBF, 0xD0, 0x03, 0xFF, 0x40, 0x0F,
    0xFC, 0x00, 0x1F, 0xD0, 0x00, 0x00, 0x00, 0x00, 0x00, 0x00, 0x3F, 0xF0, 0x00, 0xFF, 0xC0, 0x03,
    0xFF, 0x00, 0x1F, 0xF8, 0x00, 0xBF, 0xD0, 0x03, 0xFF, 0x00, 0x0F, 0xFC, 0x00, 0x7F, 0xE0, 0x01,
    0xFF, 0x80, 0x0B, 0xFD, 0x00, 0x3F, 0xF0, 0x00, 0xFF, 0xC0, 0x07, 0xFE, 0x00, 0x1F, 0xF8, 0x00,
    0xBF, 0xD0, 0x03, 0xFF, 0x00, 0x0F, 0xFC, 0x00, 0x7F, 0xE0, 0x01, 0xFF, 0x80, 0x00, 0x00, 0xB8,
    0x3E, 0x00, 0x7F, 0x6F, 0xC0, 0x2F, 0xDF, 0xF0, 0x0B, 0xF3, 0xFC, 0x00, 0xF4, 0x7C, 0x00, 0x00,
    0x00, 0x00, 0x00, 0x00, 0x00, 0x03, 0xFF, 0x00, 0x00, 0xFF, 0xC0, 0x00, 0x7F, 0xE0, 0x00, 0x2F,
    0xF4, 0x00, 0x0B, 0xFD, 0x00, 0x03, 0xFF, 0x00, 0x00, 0xFF, 0xC0, 0x00, 0x7F, 0xE0, 0x00, 0x2F,
    0xF4, 0x00, 0x0B, 0xFD, 0x00, 0x03, 0xFF, 0x00, 0x00, 0xFF, 0xC0, 0x00, 0x7F, 0xE0, 0x00, 0x2F,
    0xF4, 0x00, 0x0F, 0xFC, 0x00, 0x03, 0xFF, 0x00, 0x00, 0xFF, 0xC0, 0x00, 0x7F, 0xE0, 0x00, 0x2F,
    0xF4, 0x00, 0x00, 0x00, 0x00, 0x02, 0xF8, 0x00, 0x00, 0x0B, 0xFD, 0x00, 0x00, 0x0F, 0xFD, 0x00,
    0x00, 0x0F, 0xFC, 0x00, 0x00, 0x07, 0xF4, 0x00, 0x00, 0x00, 0x00, 0x00, 0x00, 0x00, 0x00, 0x00,
    0x00, 0x3F, 0xF0, 0x00, 0x00, 0x3F, 0xF0, 0x00, 0x00, 0x3F, 0xF0, 0x00, 0x00, 0x7F, 0xE0, 0x00,
    0x00, 0xBF, 0xD0, 0x00, 0x00, 0xFF, 0xC0, 0x00, 0x00, 0xFF, 0xC0, 0x00, 0x01, 0xFF, 0x80, 0x00,
    0x01, 0xFF, 0x80, 0x00, 0x02, 0xFF, 0x40, 0x00, 0x03, 0xFF, 0x00, 0x00, 0x03, 0xFF, 0x00, 0x00,
    0x07, 0xFE, 0x00, 0x00, 0x07, 0xFD, 0x00, 0x00, 0x0B, 0xFD, 0x00, 0x00, 0x0F, 0xFC, 0x00, 0x00,
    0x0F, 0xFC, 0x00, 0x00, 0x1F, 0xF8, 0x00, 0x00, 0x1F, 0xF4, 0x00, 0x00, 0x2F, 0xF4, 0x00, 0x00,
    0x3F, 0xF0, 0x00, 0x00, 0x3F, 0xF0, 0x00, 0x00, 0xFF, 0xE0, 0x00, 0xBF, 0xFF, 0xC0, 0x00, 0xBF,
    0xFF, 0x80, 0x00, 0xBF, 0xFE, 0x00, 0x00, 0x7F, 0xE4, 0x00, 0x00, 0x00, 0x03, 0xFF, 0xFF, 0xFF,
    0x40, 0x00, 0x00, 0x00, 0xFF, 0xFF, 0xFF, 0xC0, 0x00, 0x00, 0x00, 0x7F, 0xFF, 0xFF, 0xF0, 0x00,
    0x00, 0x00, 0x2F, 0xFF, 0xFF, 0xF8, 0x00, 0x00, 0x00, 0x0F, 0xF8, 0x07, 0xFD, 0x00, 0x00, 0x00,
    0x03, 0xFD, 0x02, 0xFF, 0x00, 0x00, 0x00, 0x01, 0xFF, 0x00, 0xFF, 0xEF, 0xF9, 0x00, 0x00, 0xBF,
    0xC0, 0x3F, 0xFF, 0xFF, 0xE0, 0x00, 0x3F, 0xE0, 0x1F, 0xFF, 0xFF, 0xFD, 0x00, 0x1F, 0xF4, 0x07,
    0xFF, 0xFF, 0xFF, 0xC0, 0x0B, 0xFC, 0x02, 0xFF, 0x40, 0x7F, 0xF0, 0x03, 0xFF, 0x00, 0xFF, 0xC0,
    0x0B, 0xFD, 0x00, 0xFF, 0x80, 0x3F, 0xF0, 0x02, 0xFF, 0x00, 0x7F, 0xD0, 0x0F, 0xFC, 0x00, 0xFF,
    0xC0, 0x3F, 0xF0, 0x03, 0xFF, 0x40, 0xBF, 0xE3, 0xFF, 0xF8, 0x00, 0xBF, 0xFF, 0xFF, 0xF0, 0xFF,
    0xFC, 0x00, 0x0F, 0xFF, 0xFF, 0xF4, 0x3F, 0xFC, 0x00, 0x01, 0xFF, 0xFF, 0xF4, 0x0B, 0xF8, 0x00,
    0x00, 0x0B, 0xFF, 0x90, 0x00, 0x00, 0xFF, 0xC0, 0x0F, 0xFC, 0x00, 0x00, 0x03, 0xFF, 0x00, 0x7F,
    0xE0, 0x00, 0x00, 0x1F, 0xF8, 0x02, 0xFF, 0x40, 0x00, 0x00, 0xBF, 0xE0, 0x0F, 0xFC, 0x00, 0x00,
    0x02, 0xFF, 0x40, 0x3F, 0xF0, 0x00, 0x00, 0x0F, 0xFC, 0x00, 0xFF, 0x80, 0x00, 0x00, 0x3F, 0xF0,
    0x07, 0xFE, 0x00, 0x00, 0x01, 0xFF, 0xFF, 0xFF, 0xFF, 0xFE, 0x40, 0x0B, 0xFF, 0xFF, 0xFF, 0xFF,
    0xFF, 0xC0, 0x2F, 0xFF, 0xFF, 0xFF, 0xFF, 0xFF, 0xC0, 0xFF, 0xFF, 0xFF, 0xFF, 0xFF, 0xFF, 0x43,
    0xFF, 0x00, 0x7F, 0xD0, 0x0F, 0xFE, 0x1F, 0xF8, 0x01, 0xFF, 0x40, 0x2F, 0xF8, 0xBF, 0xD0, 0x07,
    0xFD, 0x00, 0xBF, 0xD3, 0xFF, 0x40, 0x1F, 0xFC, 0x07, 0xFF, 0x0F, 0xFC, 0x00, 0x3F, 0xFF, 0xFF,
    0xF8, 0x3F, 0xF0, 0x00, 0xBF, 0xFF, 0xFF, 0xC1, 0xFF, 0x80, 0x00, 0xBF, 0xFF, 0xFC, 0x0B, 0xFD,
    0x00, 0x00, 0x6F, 0xFE, 0x40, 0x00, 0x00, 0x1F, 0xF8, 0x00, 0x00, 0x00, 0xBF, 0xD0, 0x00, 0x00,
    0x7F, 0xFF, 0xFF, 0xC0, 0x02, 0xFF, 0xFF, 0xFF, 0x00, 0x0B, 0xFF, 0xFF, 0xF8, 0x00, 0x3F, 0xFF,
    0xFF, 0xD0, 0x00, 0x07, 0xFD, 0x00, 0x00, 0x00, 0x2F, 0xF0, 0x00, 0x00, 0x00, 0xFF, 0xC2, 0xFE,
    0x00, 0x03, 0xFE, 0x7F, 0xFF, 0x00, 0x1F, 0xFB, 0xFF, 0xFE, 0x00, 0xBF, 0xFF, 0xFF, 0xFC, 0x02,
    0xFF, 0xF4, 0x7F, 0xF0, 0x0F, 0xFF, 0x00, 0xFF, 0xC0, 0x3F, 0xF4, 0x03, 0xFF, 0x01, 0xFF, 0xC0,
    0x0F, 0xFC, 0x0B, 0xFE, 0x00, 0x3F, 0xE0, 0x2F, 0xF4, 0x01, 0xFF, 0x80, 0xFF, 0xC0, 0x0B, 0xFD,
    0x03, 0xFF, 0x00, 0x3F, 0xF0, 0x1F, 0xF8, 0x00, 0xFF, 0xC0, 0xBF, 0xD0, 0x03, 0xFE, 0x03, 0xFF,
    0x00, 0x1F, 0xF8, 0x0F, 0xFC, 0x00, 0xBF, 0xD0, 0x3F, 0xE0, 0x03, 0xFF, 0x01, 0xFF, 0x80, 0x0F,
    0xFC, 0x00, 0x00, 0x00, 0x00, 0x3F, 0xF8, 0x00, 0x00, 0x00, 0x1F, 0xF8, 0x00, 0x00, 0x00, 0x0F,
    0xF8, 0x00, 0x00, 0x00, 0x0F, 0xF8, 0x00, 0x00, 0x00, 0x0B, 0xF4, 0x00, 0x00, 0x00, 0x02, 0xA4,
    0x00, 0x00, 0x00, 0x00, 0x00, 0x00, 0x00, 0x03, 0xFF, 0x00, 0x3F, 0xFC, 0x00, 0xFF, 0xC0, 0x2F,
    0xFC, 0x00, 0x3F, 0xE0, 0x1F, 0xFC, 0x00, 0x1F, 0xF4, 0x0F, 0xFD, 0x00, 0x0B, 0xFD, 0x0F, 0xFE,
    0x00, 0x03, 0xFF, 0x0B, 0xFE, 0x00, 0x00, 0xFF, 0xCB, 0xFF, 0x00, 0x00, 0x3F, 0xFF, 0xFF, 0x00,
    0x00, 0x1F, 0xFF, 0xFF, 0x40, 0x00, 0x0B, 0xFF, 0xFF, 0xC0, 0x00, 0x03, 0xFF, 0xFF, 0xF0, 0x00,
    0x00, 0xFF, 0xCB, 0xFE, 0x00, 0x00, 0x7F, 0xE0, 0xFF, 0xC0, 0x00, 0x1F, 0xF4, 0x3F, 0xF4, 0x00,
    0x0B, 0xFC, 0x07, 0xFF, 0x00, 0x03, 0xFF, 0x00, 0xFF, 0xD0, 0x00, 0xFF, 0xC0, 0x2F, 0xF8, 0x00,
    0x7F, 0xE0, 0x07, 0xFF, 0x00, 0x1F, 0xF4, 0x00, 0xFF, 0xE0, 0x00, 0x00, 0x03, 0xFF, 0x00, 0x00,
    0x00, 0x03, 0xFD, 0x00, 0x00, 0x00, 0x07, 0xFC, 0x00, 0x00, 0x00, 0x07, 0xF4, 0x00, 0x00, 0x00,
    0x0B, 0xE0, 0x00, 0x00, 0x00, 0x00, 0x00, 0x00, 0x00, 0x00, 0x00, 0x00, 0x00, 0xFF, 0xC0, 0x0B,
    0xFD, 0x03, 0xFE, 0x00, 0x3F, 0xF0, 0x1F, 0xF8, 0x00, 0xFF, 0xC0, 0xBF, 0xD0, 0x03, 0xFE, 0x03,
    0xFF, 0x00, 0x1F, 0xF8, 0x0F, 0xFC, 0x00, 0xBF, 0xD0, 0x3F, 0xE0, 0x03, 0xFF, 0x01, 0xFF, 0x80,
    0x0F, 0xFC, 0x0B, 0xFD, 0x00, 0x3F, 0xE0, 0x3F, 0xF0, 0x01, 0xFF, 0x80, 0xFF, 0xC0, 0x0F, 0xFD,
    0x03, 0xFE, 0x00, 0x3F, 0xF0, 0x1F, 0xF8, 0x02, 0xFF, 0xC0, 0x7F, 0xE0, 0x1F, 0xFE, 0x01, 0xFF,
    0xC1, 0xFF, 0xF4, 0x03, 0xFF, 0xFF, 0xFF, 0xD0, 0x0F, 0xFF, 0xFC, 0xFF, 0x00, 0x1F, 0xFF, 0xD3,
    0xFC, 0x00, 0x0B, 0xF8, 0x0F, 0xE0, 0x00, 0x00, 0x00, 0x6A, 0x00, 0x2A, 0x40, 0x00, 0x02, 0xFD,
    0x01, 0xFE, 0x00, 0x00, 0x0B, 0xF8, 0x0F, 0xF0, 0x00, 0x00, 0x0F, 0xFF, 0xFF, 0x80, 0x00, 0x00,
    0x1F, 0xFF, 0xF8, 0x00, 0x00, 0x00, 0x1B, 0xFE, 0x40, 0x00, 0x00, 0x00, 0x00, 0x00, 0x00, 0x00,
    0x00, 0x00, 0x00, 0x00, 0x00, 0x00, 0x3F, 0xF0, 0x00, 0x3F, 0xF0, 0x00, 0xFF, 0xC0, 0x02, 0xFF,
    0x80, 0x02, 0xFF, 0x00, 0x0F, 0xFC, 0x00, 0x0B, 0xFC, 0x00, 0xBF, 0xE0, 0x00, 0x1F, 0xF4, 0x03,
    0xFF, 0x00, 0x00, 0x7F, 0xD0, 0x2F, 0xF8, 0x00, 0x00, 0xFF, 0x80, 0xFF, 0xC0, 0x00, 0x03, 0xFE,
    0x07, 0xFD, 0x00, 0x00, 0x0F, 0xF8, 0x3F, 0xF0, 0x00, 0x00, 0x3F, 0xF1, 0xFF, 0x40, 0x00, 0x00,
    0xBF, 0xCB, 0xFC, 0x00, 0x00, 0x01, 0xFF, 0x3F, 0xD0, 0x00, 0x00, 0x07, 0xFE, 0xFF, 0x00, 0x00,
    0x00, 0x0F, 0xFF, 0xF4, 0x00, 0x00, 0x00, 0x3F, 0xFF, 0xC0, 0x00, 0x00, 0x00, 0xFF, 0xFD, 0x00,
    0x00, 0x00, 0x03, 0xFF, 0xF0, 0x00, 0x00, 0x00, 0x0B, 0xFF, 0x40, 0x00, 0x00, 0x00, 0x2F, 0xFC,
    0x00, 0x00, 0x00, 0x00, 0xBF, 0xD0, 0x00, 0x00, 0x00, 0x07, 0xFF, 0x00, 0x00, 0x00, 0x00, 0x3F,
    0xF4, 0x00, 0x00, 0x00, 0x07, 0xFF, 0x80, 0x00, 0x00, 0x0F, 0xFF, 0xFC, 0x00, 0x00, 0x00, 0x3F,
    0xFF, 0xD0, 0x00, 0x00, 0x00, 0xFF, 0xFD, 0x00, 0x00, 0x00, 0x03, 0xFF, 0x40, 0x00, 0x00, 0x00,
    0x00, 0x03, 0xFF, 0x00, 0x2F, 0xF4, 0x0F, 0xF8, 0x00, 0xFF, 0xC0, 0x7F, 0xE0, 0x03, 0xFF, 0x02,
    0xFF, 0x40, 0x0F, 0xF8, 0x0F, 0xFC, 0x00, 0x7F, 0xE0, 0x3F, 0xF0, 0x02, 0xFF, 0x40, 0xFF, 0x80,
    0x0F, 0xFC, 0x07, 0xFE, 0x00, 0x3F, 0xF0, 0x2F, 0xF4, 0x00, 0xFF, 0x80, 0xFF, 0xC0, 0x07, 0xFE,
    0x03, 0xFF, 0x00, 0x3F, 0xF4, 0x0F, 0xF8, 0x00, 0xFF, 0xC0, 0x7F, 0xE0, 0x0B, 0xFF, 0x01, 0xFF,
    0x80, 0x7F, 0xF8, 0x07, 0xFF, 0x07, 0xFF, 0xD0, 0x0F, 0xFF, 0xFF, 0xFF, 0x40, 0x3F, 0xFF, 0xF3,
    0xFC, 0x00, 0x7F, 0xFF, 0x4F, 0xF0, 0x00, 0x2F, 0xE0, 0x3F, 0x80, 0x00, 0x00, 0x24, 0x00, 0x00,
    0x00, 0x1B, 0xD0, 0x00, 0x00, 0x01, 0xFF, 0x00, 0x00, 0x00, 0x0B, 0xFC, 0x00, 0x00, 0x00, 0x3F,
    0xE0, 0x00, 0x00, 0x00, 0xFF, 0x40, 0x00, 0x00, 0x02, 0xA8, 0x00, 0x00, 0x00, 0x1F, 0xF8, 0x00,
    0x3F, 0xF0, 0x00, 0x3F, 0xF0, 0xBF, 0xE0, 0x00, 0xFF, 0xC0, 0x01, 0xFF, 0x82, 0xFF, 0x40, 0x07,
    0xFE, 0x00, 0x0B, 0xFD, 0x0F, 0xFD, 0x00, 0x1F, 0xF8, 0x00, 0x3F, 0xF0, 0x3F, 0xF4, 0x00, 0xBF,
    0xD0, 0x00, 0xFF, 0xC0, 0xFF, 0xC0, 0x02, 0xFF, 0x40, 0x07, 0xFE, 0x03, 0xFF, 0x00, 0x0F, 0xFC,
    0x00, 0x2F, 0xF4, 0x0F, 0xFC, 0x00, 0x7F, 0xF0, 0x00, 0xFF, 0xC0, 0x3F, 0xF0, 0x03, 0xFF, 0xC0,
    0x07, 0xFE, 0x00, 0xFF, 0xC0, 0x1F, 0xFF, 0x00, 0x3F, 0xF4, 0x03, 0xFF, 0x00, 0xFF, 0xFC, 0x00,
    0xFF, 0xC0, 0x0F, 0xFC, 0x07, 0xFF, 0xF0, 0x0B, 0xFE, 0x00, 0x3F, 0xF0, 0x3F, 0xFF, 0xC0, 0x3F,
    0xF0, 0x00, 0xFF, 0xC1, 0xFF, 0xFF, 0x02, 0xFF, 0x80, 0x03, 0xFF, 0x4B, 0xFF, 0xFC, 0x0F, 0xFC,
    0x00, 0x0B, 0xFD, 0x3F, 0xEF, 0xF4, 0xBF, 0xE0, 0x00, 0x2F, 0xF6, 0xFD, 0x7F, 0xD3, 0xFF, 0x00,
    0x00, 0x7F, 0xEF, 0xF1, 0xFF, 0xAF, 0xF8, 0x00, 0x01, 0xFF, 0xFF, 0x83, 0xFF, 0xFF, 0xC0, 0x00,
    0x03, 0xFF, 0xFC, 0x0F, 0xFF, 0xFD, 0x00, 0x00, 0x0F, 0xFF, 0xE0, 0x2F, 0xFF, 0xE0, 0x00, 0x00,
    0x2F, 0xFF, 0x40, 0x7F, 0xFF, 0x00, 0x00, 0x00, 0x7F, 0xFC, 0x00, 0xFF, 0xF4, 0x00, 0x00, 0x00,
    0xFF, 0xD0, 0x03, 0xFF, 0x40, 0x00, 0x00, 0x7F, 0xD0, 0x07, 0xFE, 0x00, 0x3F, 0xF1, 0xFF, 0x40,
    0x1F, 0xF4, 0x00, 0xFF, 0xCB, 0xFC, 0x00, 0xBF, 0xD0, 0x07, 0xFD, 0x2F, 0xF0, 0x02, 0xFF, 0x00,
    0x2F, 0xF0, 0xBF, 0xC0, 0x0F, 0xFC, 0x00, 0xFF, 0xC2, 0xFF, 0x00, 0x3F, 0xF0, 0x07, 0xFD, 0x0B,
    0xFC, 0x01, 0xFF, 0xC0, 0x3F, 0xF0, 0x2F, 0xF0, 0x0F, 0xFF, 0x00, 0xFF, 0x80, 0xBF, 0xC0, 0x7F,
    0xFC, 0x0B, 0xFC, 0x02, 0xFF, 0x03, 0xFF, 0xF0, 0x3F, 0xE0, 0x07, 0xFC, 0x2F, 0xFF, 0xC2, 0xFF,
    0x00, 0x1F, 0xF4, 0xFF, 0xFF, 0x0F, 0xF8, 0x00, 0x3F, 0xDB, 0xF7, 0xFD, 0xBF, 0xC0, 0x00, 0xFF,
    0xFF, 0x8F, 0xFB, 0xFD, 0x00, 0x03, 0xFF, 0xFC, 0x2F, 0xFF, 0xF0, 0x00, 0x0B, 0xFF, 0xE0, 0x7F,
    0xFF, 0x00, 0x00, 0x1F, 0xFF, 0x00, 0xFF, 0xF8, 0x00, 0x00, 0x3F, 0xF8, 0x03, 0xFF, 0xC0, 0x00,
    0x00, 0xBF, 0xC0, 0x0B, 0xFC, 0x00, 0x00, 0x00, 0x00, 0x3F, 0xF0, 0x00, 0x00, 0x03, 0xFF, 0x00,
    0x00, 0x00, 0x7F, 0xE0, 0x00, 0x03, 0xFF, 0xFF, 0xFF, 0xD0, 0x7F, 0xFF, 0xFF, 0xFC, 0x0B, 0xFF,
    0xFF, 0xFF, 0xC0, 0xFF, 0xFF, 0xFF, 0xF8, 0x00, 0x1F, 0xF4, 0x00, 0x00, 0x02, 0xFF, 0x40, 0x00,
    0x00, 0x3F, 0xFF, 0xF8, 0x00, 0x03, 0xFF, 0xFF, 0xF8, 0x00, 0x7F, 0xFF, 0xFF, 0xF0, 0x07, 0xFF,
    0xFF, 0xFF, 0x40, 0xBF, 0xC0, 0x7F, 0xFC, 0x0F, 0xFC, 0x00, 0xFF, 0xC0, 0xFF, 0xC0, 0x0F, 0xFC,
    0x1F, 0xF8, 0x00, 0xFF, 0xC2, 0xFF, 0x40, 0x0F, 0xFC, 0x3F, 0xF0, 0x02, 0xFF, 0xC3, 0xFF, 0x00,
    0xBF, 0xF4, 0x3F, 0xFF, 0xFF, 0xFF, 0x07, 0xFF, 0xFF, 0xFF, 0xC0, 0xBF, 0xFF, 0xFF, 0xE0, 0x0F,
    0xFF, 0xFF, 0x90, 0x00, 0x00, 0xBF, 0x02, 0xFE, 0x40, 0x00, 0x00, 0x03, 0xFC, 0x3F, 0xFF, 0x40,
    0x00, 0x00, 0x0F, 0xF3, 0xFF, 0xFF, 0x00, 0x00, 0x00, 0x3F, 0xFF, 0xFF, 0xFD, 0x00, 0x00, 0x01,
    0xFF, 0xF4, 0x3F, 0xF4, 0x00, 0x00, 0x0B, 0xFF, 0x40, 0xBF, 0xD0, 0x00, 0x00, 0x3F, 0xF8, 0x02,
    0xFF, 0x40, 0x00, 0x00, 0xFF, 0xC0, 0x0B, 0xFE, 0xAE, 0x40, 0x07, 0xFF, 0x00, 0x3F, 0xFF, 0xFF,
    0xC0, 0x1F, 0xF8, 0x00, 0xFF, 0xFF, 0xFF, 0xC0, 0xBF, 0xD0, 0x07, 0xFF, 0xAB, 0xFF, 0x43, 0xFF,
    0x00, 0x2F, 0xF4, 0x0B, 0xFE, 0x0F, 0xFC, 0x00, 0xBF, 0xC0, 0x1F, 0xF8, 0x7F, 0xE0, 0x02, 0xFF,
    0x00, 0xBF, 0xD1, 0xFF, 0x40, 0x0B, 0xFE, 0x07, 0xFF, 0x0B, 0xFC, 0x00, 0x1F, 0xFF, 0xFF, 0xF8,
    0x3F, 0xF0, 0x00, 0x3F, 0xFF, 0xFF, 0xC0, 0xFF, 0xC0, 0x00, 0x7F, 0xFF, 0xFC, 0x07, 0xFE, 0x00,
    0x00, 0x2F, 0xFE, 0x40, 0x00, 0x00, 0x0F, 0xFC, 0x00, 0x01, 0xBF, 0xFE, 0x40, 0x00, 0x7F, 0xE0,
    0x00, 0x7F, 0xFF, 0xFF, 0xE0, 0x02, 0xFF, 0x40, 0x0B, 0xFF, 0xFF, 0xFF, 0x40, 0x0F, 0xFC, 0x00,
    0xFF, 0xFF, 0xFF, 0xFC, 0x00, 0x3F, 0xF0, 0x0B, 0xFF, 0xD0, 0x06, 0xD0, 0x01, 0xFF, 0x80, 0x7F,
    0xF8, 0x00, 0x00, 0x00, 0x07, 0xFD, 0x03, 0xFF, 0x80, 0x00, 0x00, 0x00, 0x2F, 0xF0, 0x1F, 0xFC,
    0x00, 0x00, 0x00, 0x00, 0xFF, 0xC0, 0xFF, 0xD0, 0x00, 0x00, 0x00, 0x03, 0xFF, 0xFF, 0xFF, 0xFF,
    0xFF, 0x80, 0x00, 0x1F, 0xFF, 0xFF, 0xFF, 0xFF, 0xFD, 0x00, 0x00, 0xBF, 0xFF, 0xFF, 0xFF, 0xFF,
    0xF0, 0x00, 0x02, 0xFF, 0xFF, 0xFF, 0xFF, 0xFF, 0xC0, 0x00, 0x0F, 0xFC, 0x0F, 0xFD, 0x00, 0x00,
    0x00, 0x00, 0x3F, 0xE0, 0x3F, 0xF0, 0x00, 0x00, 0x00, 0x01, 0xFF, 0x40, 0xFF, 0xD0, 0x00, 0x00,
    0x00, 0x0B, 0xFD, 0x02, 0xFF, 0x40, 0x00, 0x00, 0x00, 0x3F, 0xF0, 0x07, 0xFE, 0x00, 0x00, 0x00,
    0x00, 0xFF, 0xC0, 0x0F, 0xFD, 0x00, 0x00, 0x00, 0x03, 0xFE, 0x00, 0x3F, 0xFD, 0x00, 0x6D, 0x00,
    0x1F, 0xF8, 0x00, 0x7F, 0xFF, 0xFF, 0xF4, 0x00, 0xBF, 0xD0, 0x00, 0xBF, 0xFF, 0xFF, 0xD0, 0x03,
    0xFF, 0x00, 0x00, 0x7F, 0xFF, 0xFF, 0x40, 0x0F, 0xFC, 0x00, 0x00, 0x1F, 0xFF, 0xA4, 0x00, 0x00,
    0xBF, 0xD0, 0x00, 0x6F, 0xFE, 0x40, 0x0F, 0xFC, 0x00, 0x3F, 0xFF, 0xFC, 0x00, 0xFF, 0xC0, 0x1F,
    0xFF, 0xFF, 0x80, 0x0F, 0xF8, 0x03, 0xFF, 0xFF, 0xF4, 0x01, 0xFF, 0x40, 0xFF, 0xF4, 0x06, 0x00,
    0x2F, 0xF4, 0x1F, 0xFC, 0x00, 0x00, 0x03, 0xFF, 0x03, 0xFF, 0x40, 0x00, 0x00, 0x3F, 0xFF, 0xFF,
    0xFF, 0xFF, 0x00, 0x07, 0xFF, 0xFF, 0xFF, 0xFF, 0xE0, 0x00, 0x7F, 0xFF, 0xFF, 0xFF, 0xFD, 0x00,
    0x0B, 0xFF, 0xFF, 0xFF, 0xFF, 0xD0, 0x00, 0xFF, 0xC0, 0xBF, 0xD0, 0x00, 0x00, 0x0F, 0xFC, 0x0B,
    0xFD, 0x00, 0x00, 0x01, 0xFF, 0x80, 0xBF, 0xE0, 0x00, 0x00, 0x1F, 0xF4, 0x07, 0xFF, 0x40, 0x78,
    0x02, 0xFF, 0x00, 0x3F, 0xFF, 0xFF, 0x80, 0x3F, 0xF0, 0x01, 0xFF, 0xFF, 0xF8, 0x03, 0xFF, 0x00,
    0x0B, 0xFF, 0xFF, 0x80, 0x7F, 0xE0, 0x00, 0x0B, 0xFF, 0x90, 0x00, 0x00, 0x00, 0x00, 0x3F, 0xFD,
    0x00, 0x00, 0x00, 0x02, 0xFF, 0xF4, 0x00, 0x00, 0x00, 0x0F, 0xFF, 0xE0, 0x00, 0x00, 0x00, 0xFF,
    0xFF, 0x80, 0x00, 0x00, 0x07, 0xFD, 0xFF, 0x00, 0x00, 0x00, 0x3F, 0xE3, 0xFC, 0x00, 0x00, 0x01,
    0xFF, 0x0F, 0xF0, 0x00, 0x00, 0x0F, 0xF8, 0x3F, 0xC0, 0x00, 0x00, 0x7F, 0xC0, 0xFF, 0x40, 0x00,
    0x03, 0xFF, 0xFF, 0xFD, 0x00, 0x00, 0x2F, 0xFF, 0xFF, 0xF8, 0x00, 0x00, 0xFF, 0xFF, 0xFF, 0xE0,
    0x00, 0x0B, 0xFF, 0xFF, 0xFF, 0xC0, 0x00, 0x3F, 0xDB, 0xF9, 0xFF, 0x00, 0x03, 0xFF, 0x3F, 0xE7,
    0xFC, 0x00, 0x1F, 0xF4, 0xFF, 0x4F, 0xF0, 0x00, 0xFF, 0xC7, 0xFC, 0x3F, 0xD0, 0x07, 0xFD, 0x2F,
    0xF0, 0xFF, 0x40, 0x3F, 0xF0, 0xBF, 0xC3, 0xFE, 0x02, 0xFF, 0x43, 0xFE, 0x0F, 0xF8, 0x0F, 0xFC,
    0x0F, 0xF4, 0x2F, 0xF0, 0xBF, 0xD0, 0x7F, 0xC0, 0xBF, 0xC3, 0xFF, 0x02, 0xFF, 0x01, 0xFF, 0x2F,
    0xF4, 0x0B, 0xFC, 0x07, 0xFC, 0x00, 0x00, 0x02, 0xFF, 0xE0, 0x00, 0x00, 0x00, 0xFF, 0xFC, 0x00,
    0x00, 0x00, 0xBF, 0xFF, 0x00, 0x00, 0x00, 0x7F, 0xFF, 0xC0, 0x00, 0x00, 0x3F, 0xEB, 0xF4, 0x00,
    0x00, 0x1F, 0xF2, 0xFD, 0x00, 0x00, 0x0F, 0xF8, 0x7F, 0x80, 0x00, 0x0B, 0xFC, 0x1F, 0xF0, 0x00,
    0x03, 0xFF, 0xFF, 0xFC, 0x00, 0x02, 0xFF, 0xFF, 0xFF, 0x00, 0x00, 0xFF, 0xFF, 0xFF, 0xD0, 0x00,
    0xFF, 0xFF, 0xFF, 0xF4, 0x00, 0x7F, 0xDB, 0xF7, 0xFE, 0x00, 0x3F, 0xF3, 0xFD, 0xBF, 0x80, 0x1F,
    0xF4, 0xFF, 0x2F, 0xF0, 0x0F, 0xFC, 0x7F, 0xC7, 0xFC, 0x0B, 0xFD, 0x2F, 0xE0, 0xFF, 0x03, 0xFF,
    0x0F, 0xF8, 0x3F, 0xD3, 0xFF, 0x03, 0xFD, 0x0F, 0xF8, 0x00, 0x0F, 0xF8, 0x00, 0x02, 0xFF, 0xF0,
    0x00, 0x07, 0xFD, 0x00, 0x00, 0xFF, 0xFC, 0x00, 0x02, 0xFF, 0x00, 0x00, 0xFF, 0xFF, 0x00, 0x00,
    0xFF, 0xC0, 0x00, 0x7F, 0xFF, 0xC0, 0x00, 0x3F, 0xF0, 0x00, 0x3F, 0xEF, 0xF4, 0x00, 0x1F, 0xF8,
    0x00, 0x1F, 0xF3, 0xFD, 0x00, 0x07, 0xFD, 0x00, 0x0F, 0xF8, 0xBF, 0x80, 0x02, 0xFF, 0x00, 0x0B,
    0xFC, 0x2F, 0xE0, 0x00, 0xFF, 0xC0, 0x03, 0xFE, 0x07, 0xFC, 0x00, 0x3F, 0xFF, 0xFF, 0xFF, 0xFF,
    0xFF, 0x00, 0x1F, 0xFF, 0xFF, 0xFF, 0xFF, 0xFF, 0xC0, 0x0B, 0xFF, 0xFF, 0xFF, 0xFF, 0xFF, 0xF0,
    0x02, 0xFF, 0xFF, 0xFF, 0xFF, 0xFF, 0xFD, 0x00, 0xFF, 0xC0, 0x3F, 0xF7, 0xFC, 0xFF, 0x40, 0x3F,
    0xE0, 0x2F, 0xF5, 0xFF, 0x3F, 0xE0, 0x1F, 0xF4, 0x0F, 0xFC, 0xBF, 0xCB, 0xF8, 0x0B, 0xFC, 0x0B,
    0xFD, 0x3F, 0xE2, 0xFF, 0x03, 0xFF, 0x03, 0xFF, 0x0F, 0xF4, 0x7F, 0xC0, 0xFF, 0xC2, 0xFF, 0x43,
    0xFD, 0x1F, 0xF0, 0x3F, 0xE0, 0xFF, 0xC1, 0xFF, 0x07, 0xFC, 0x1F, 0xF4, 0xBF, 0xD0, 0xBF, 0xC0,
    0xFF, 0x4B, 0xFC, 0x3F, 0xF0, 0x3F, 0xE0, 0x3F, 0xD3, 0xFF, 0x2F, 0xF4, 0x0F, 0xF8, 0x0F, 0xF8,
    0xFF, 0xCF, 0xFC, 0x03, 0xFD, 0x03, 0xFE, 0x00, 0xBF, 0xC0, 0x00, 0x3F, 0xFC, 0x00, 0x03, 0xFE,
    0x00, 0x02, 0xFF, 0xF4, 0x00, 0x0F, 0xF4, 0x00, 0x0F, 0xFF, 0xD0, 0x00, 0x3F, 0xC0, 0x00, 0xBF,
    0xFF, 0x80, 0x01, 0xFF, 0x00, 0x03, 0xFE, 0xFF, 0x00, 0x0B, 0xFC, 0x00, 0x2F, 0xF3, 0xFC, 0x00,
    0x3F, 0xE0, 0x00, 0xFF, 0x4F, 0xF0, 0x00, 0xFF, 0x40, 0x0B, 0xFC, 0x3F, 0xD0, 0x07, 0xFF, 0xFF,
    0xFF, 0xFF, 0xFF, 0x40, 0x1F, 0xFF, 0xFF, 0xFF, 0xFF, 0xFE, 0x00, 0xBF, 0xFF, 0xFF, 0xFF, 0xFF,
    0xFC, 0x03, 0xFD, 0x01, 0xFF, 0x7F, 0xDF, 0xF0, 0x0F, 0xF4, 0x0F, 0xFC, 0xFF, 0x3F, 0xC0, 0x7F,
    0xC0, 0x7F, 0xD7, 0xFC, 0xFF, 0x41, 0xFF, 0x03, 0xFF, 0x2F, 0xE3, 0xFD, 0x0B, 0xF8, 0x2F, 0xF4,
    0xFF, 0x4F, 0xF8, 0x3F, 0xD0, 0xFF, 0xC3, 0xFC, 0x2F, 0xF0, 0xFF, 0x4B, 0xFD, 0x1F, 0xF0, 0xBF,
    0xC7, 0xFC, 0x3F, 0xF0, 0xBF, 0xC1, 0xFF, 0x00, 0x00, 0x01, 0xFF, 0xFF, 0xFF, 0xFF, 0xFC, 0x00,
    0x0B, 0xFF, 0xFF, 0xFF, 0xFF, 0xE0, 0x00, 0x2F, 0xFF, 0xFF, 0xFF, 0xFF, 0x40, 0x00, 0x3F, 0xFF,
    0xFF, 0xFF, 0xF4, 0x00, 0x00, 0xBF, 0xC0, 0x03, 0xFF, 0x80, 0x00, 0x00, 0xFF, 0x80, 0x3F, 0xF8,
    0x00, 0x00, 0x02, 0xFF, 0x02, 0xFF, 0x80, 0x00, 0x00, 0x03, 0xFD, 0x1F, 0xF8, 0x00, 0x00, 0x00,
    0x0B, 0xFC, 0xFF, 0xC0, 0x00, 0x00, 0x00, 0x1F, 0xFF, 0xFC, 0x00, 0x00, 0x00, 0x07, 0xFF, 0xFF,
    0xF8, 0x00, 0x00, 0x00, 0xFF, 0xFF, 0xFF, 0xFC, 0x00, 0x00, 0x0F, 0xFF, 0xFF, 0xFF, 0xF4, 0x00,
    0x00, 0xBF, 0xF7, 0xFF, 0xBF, 0xF0, 0x00, 0x03, 0xFF, 0x0F, 0xFC, 0xBF, 0xC0, 0x00, 0x2F, 0xF4,
    0x7F, 0xE1, 0xFF, 0x40, 0x00, 0xFF, 0xC2, 0xFF, 0x47, 0xFD, 0x00, 0x07, 0xFD, 0x0F, 0xFC, 0x0F,
    0xF4, 0x00, 0x3F, 0xF0, 0x3F, 0xF0, 0x3F, 0xE0, 0x01, 0xFF, 0x80, 0xFF, 0xC0, 0xFF, 0x80, 0x0F,
    0xFC, 0x07, 0xFE, 0x03, 0xFE, 0x00, 0x7F, 0xF0, 0x2F, 0xF4, 0x0F, 0xFC, 0x02, 0xFF, 0x40, 0xFF,
    0xC0, 0x3F, 0xF0, 0x0F, 0xFC, 0x03, 0xFF, 0x00, 0xFF, 0xC0, 0x00, 0x1F, 0xFF, 0xFF, 0xFF, 0xE0,
    0x02, 0xFF, 0xFF, 0xFF, 0xFE, 0x00, 0x1F, 0xFF, 0xFF, 0xFF, 0xC0, 0x00, 0xFF, 0xFF, 0xFF, 0xF0,
    0x00, 0x07, 0xF8, 0x07, 0xFC, 0x00, 0x00, 0x3F, 0xC0, 0xFF, 0x00, 0x00, 0x01, 0xFE, 0x3F, 0xD0,
    0x00, 0x00, 0x0F, 0xFB, 0xF4, 0x00, 0x00, 0x01, 0xFF, 0xFF, 0x40, 0x00, 0x01, 0xFF, 0xFF, 0xFD,
    0x00, 0x00, 0x7F, 0xFF, 0xFF, 0xF0, 0x00, 0x0F, 0xFF, 0xFF, 0xFF, 0x40, 0x01, 0xFF, 0x3F, 0xDB,
    0xF4, 0x00, 0x3F, 0xD3, 0xFC, 0x7F, 0x80, 0x07, 0xFC, 0x3F, 0xC3, 0xFC, 0x00, 0xFF, 0x47, 0xFC,
    0x3F, 0xC0, 0x1F, 0xF0, 0xBF, 0x83, 0xFC, 0x03, 0xFD, 0x0F, 0xF4, 0x3F, 0xC0, 0x7F, 0xC0, 0xFF,
    0x03, 0xFC, 0x00, 0x00, 0x0F, 0xFC, 0x0F, 0xFF, 0xFF, 0xFF, 0xFF, 0xD0, 0x01, 0xFF, 0x80, 0xFF,
    0xFF, 0xFF, 0xFF, 0xFC, 0x00, 0x2F, 0xF4, 0x0F, 0xFF, 0xFF, 0xFF, 0xFF, 0xC0, 0x03, 0xFF, 0x00,
    0xBF, 0xFF, 0xFF, 0xFF, 0xF0, 0x00, 0x3F, 0xF0, 0x03, 0xFE, 0x00, 0x2F, 0xFC, 0x00, 0x07, 0xFE,
    0x00, 0x2F, 0xF0, 0x07, 0xFF, 0x00, 0x00, 0x7F, 0xD0, 0x00, 0xFF, 0x40, 0xFF, 0xC0, 0x00, 0x0B,
    0xFC, 0x00, 0x0B, 0xFC, 0x3F, 0xF0, 0x00, 0x00, 0xFF, 0xC0, 0x00, 0x3F, 0xDB, 0xFC, 0x00, 0x00,
    0x0F, 0xFF, 0xFF, 0xFF, 0xFF, 0xFF, 0x40, 0x00, 0x01, 0xFF, 0xFF, 0xFF, 0xFF, 0xFF, 0xFD, 0x00,
    0x00, 0x2F, 0xFF, 0xFF, 0xFF, 0xFF, 0xFF, 0xF4, 0x00, 0x02, 0xFF, 0xFF, 0xFF, 0xFF, 0xFF, 0xFF,
    0xC0, 0x00, 0x3F, 0xF0, 0x0F, 0xFC, 0xBF, 0xD7, 0xFD, 0x00, 0x03, 0xFE, 0x02, 0xFF, 0x0F, 0xFC,
    0x3F, 0xE0, 0x00, 0x7F, 0xE0, 0x3F, 0xE0, 0xFF, 0xC3, 0xFF, 0x00, 0x0B, 0xFD, 0x0B, 0xFD, 0x0F,
    0xFC, 0x3F, 0xF0, 0x00, 0xFF, 0xC0, 0xFF, 0xC1, 0xFF, 0x82, 0xFF, 0x00, 0x0F, 0xFC, 0x2F, 0xF4,
    0x2F, 0xF4, 0x2F, 0xF0, 0x00, 0xFF, 0x83, 0xFF, 0x02, 0xFF, 0x42, 0xFF, 0x00, 0x1F, 0xF8, 0x7F,
    0xE0, 0x3F, 0xF0, 0x2F, 0xF0, 0x02, 0xFF, 0x4F, 0xFD, 0x03, 0xFF, 0x02, 0xFF, 0x40, 0x3F, 0xF1,
    0xFF, 0xC0, 0x7F, 0xE0, 0x2F, 0xF4, 0x03, 0xFF, 0x2F, 0xF4, 0x0B, 0xFE, 0x01, 0xFF, 0x40, 0x00,
    0xBF, 0xC0, 0xFF, 0xFF, 0xFF, 0xFF, 0x00, 0x3F, 0xE0, 0x7F, 0xFF, 0xFF, 0xFF, 0xC0, 0x0F, 0xF4,
    0x0F, 0xFF, 0xFF, 0xFF, 0xC0, 0x03, 0xFC, 0x01, 0xFF, 0xFF, 0xFF, 0xC0, 0x01, 0xFF, 0x00, 0x3F,
    0xC0, 0x3F, 0xC0, 0x00, 0xBF, 0x80, 0x07, 0xF4, 0x3F, 0xC0, 0x00, 0x3F, 0xE0, 0x00, 0xFF, 0x2F,
    0xD0, 0x00, 0x0F, 0xFF, 0xFF, 0xFF, 0xEF, 0xD0, 0x00, 0x07, 0xFF, 0xFF, 0xFF, 0xFF, 0xFC, 0x00,
    0x01, 0xFF, 0xFF, 0xFF, 0xFF, 0xFF, 0xC0, 0x00, 0xBF, 0xFF, 0xFF, 0xFF, 0xFF, 0xF4, 0x00, 0x3F,
    0xD0, 0x2F, 0xE7, 0xFD, 0xFE, 0x00, 0x0F, 0xF4, 0x1F, 0xF2, 0xFE, 0x3F, 0xC0, 0x07, 0xFC, 0x0F,
    0xF4, 0xFF, 0x4F, 0xF0, 0x01, 0xFF, 0x07, 0xFC, 0x3F, 0xC3, 0xFC, 0x00, 0xBF, 0x83, 0xFE, 0x0F,
    0xF0, 0xFF, 0x00, 0x3F, 0xD0, 0xFF, 0x07, 0xFC, 0x2F, 0xD0, 0x0F, 0xF4, 0xBF, 0x82, 0xFE, 0x0B,
    0xF4, 0x07, 0xFC, 0x3F, 0xC0, 0xFF, 0x42, 0xFE, 0x00, 0x00, 0x00, 0x2F, 0x40, 0x0B, 0xD0, 0x00,
    0x00, 0xFC, 0x07, 0xFE, 0x00, 0x00, 0x0B, 0xE1, 0xFF, 0xE0, 0x00, 0x00, 0x3F, 0xBF, 0xC0, 0x00,
    0x00, 0x02, 0xFF, 0xE0, 0x00, 0x00, 0x00, 0x6F, 0xFD, 0x00, 0x00, 0x01, 0xFF, 0xFF, 0xFD, 0x00,
    0x00, 0xFF, 0xFF, 0xFF, 0xF4, 0x00, 0x0F, 0xFF, 0xFF, 0xFF, 0xC0, 0x00, 0x7F, 0x80, 0x2F, 0xFD,
    0x00, 0x03, 0x40, 0x00, 0xFF, 0xE0, 0x00, 0x00, 0x00, 0x0B, 0xFD, 0x00, 0x00, 0x00, 0x00, 0xFF,
    0xD0, 0x00, 0x00, 0x00, 0x1F, 0xFC, 0x00, 0x00, 0x00, 0x1B, 0xFF, 0x40, 0x00, 0x0F, 0xFF, 0xFF,
    0xD0, 0x00, 0x00, 0xFF, 0xFF, 0x90, 0x00, 0x00, 0x1F, 0xFF, 0xF8, 0x00, 0x00, 0x02, 0xFF, 0xFF,
    0xF4, 0x00, 0x00, 0x00, 0x06, 0xFF, 0xC0, 0x00, 0x00, 0x00, 0x0B, 0xFE, 0x00, 0x00, 0x00, 0x00,
    0x7F, 0xE0, 0x00, 0x00, 0x00, 0x07, 0xFF, 0x00, 0x00, 0x00, 0x00, 0xBF, 0xE0, 0x00, 0x00, 0x00,
    0x2F, 0xFD, 0x00, 0x00, 0x01, 0x6F, 0xFF, 0xC0, 0x00, 0x1B, 0xFF, 0xFF, 0xF4, 0x00, 0x2F, 0xFF,
    0xFF, 0xFD, 0x00, 0x0F, 0xFF, 0xFF, 0xFE, 0x00, 0x03, 0xFF, 0xFF, 0xE9, 0x00, 0x00, 0x3F, 0xF9,
    0x00, 0x00, 0x00, 0x07, 0xFE, 0x00, 0x00, 0x00, 0x00, 0x7F, 0xF0, 0x00, 0x00, 0x00, 0x03, 0xFF,
    0xFF, 0xFF, 0x80, 0x00, 0x2F, 0xFF, 0xFF, 0xFC, 0x00, 0x00, 0xFF, 0xFF, 0xFF, 0xC0, 0x00, 0x01,
    0xFF, 0xFF, 0xFC, 0x00, 0x00, 0x00, 0x00, 0x00, 0x40, 0x00, 0x00, 0x01, 0x50, 0x01, 0xFD, 0x00,
    0x02, 0xF8, 0x0B, 0xFD, 0x00, 0x00, 0xFD, 0x2F, 0xFD, 0x00, 0x00, 0x7F, 0xFF, 0x80, 0x00, 0x01,
    0xBF, 0xFE, 0x00, 0x00, 0x2F, 0xFF, 0xFF, 0xC0, 0x00, 0x2F, 0xFF, 0xFF, 0xF0, 0x00, 0x1F, 0xFA,
    0xFF, 0xF4, 0x00, 0x09, 0x00, 0x1F, 0xF8, 0x00, 0x00, 0x00, 0x1F, 0xF4, 0x00, 0x00, 0x00, 0x7F,
    0xF0, 0x00, 0x02, 0xFF, 0xFF, 0xD0, 0x00, 0x03, 0xFF, 0xFE, 0x00, 0x00, 0x03, 0xFF, 0xFD, 0x00,
    0x00, 0x03, 0xFF, 0xFF, 0x80, 0x00, 0x00, 0x01, 0xFF, 0xC0, 0x00, 0x00, 0x00, 0xBF, 0xD0, 0x00,
    0x00, 0x00, 0xBF, 0xD0, 0x00, 0x00, 0x01, 0xFF, 0xD0, 0x00, 0x06, 0xBF, 0xFF, 0xC0, 0x02, 0xFF,
    0xFF, 0xFF, 0x00, 0x0F, 0xFF, 0xFF, 0xF8, 0x00, 0x3F, 0xFF, 0xFE, 0x40, 0x00, 0x7F, 0xE4, 0x00,
    0x00, 0x00, 0x7F, 0xC0, 0x00, 0x00, 0x00, 0x7F, 0xC0, 0x00, 0x00, 0x00, 0x7F, 0xFF, 0xFF, 0xE0,
    0x00, 0x3F, 0xFF, 0xFF, 0xF0, 0x00, 0x1F, 0xFF, 0xFF, 0xF0, 0x00, 0x02, 0xFF, 0xFF, 0xF0, 0x00,
    0x00, 0x00, 0x00, 0x10, 0x00, 0x07, 0xFD, 0x00, 0xFF, 0xC0, 0x1F, 0xF4, 0x2F, 0xF0, 0x03, 0xFE,
    0x00, 0xBF, 0xC0, 0xFF, 0xC0, 0x1F, 0xF4, 0x03, 0xFF, 0x03, 0xFF, 0x00, 0x7F, 0xD0, 0x0F, 0xFC,
    0x0F, 0xF8, 0x02, 0xFF, 0x00, 0x3F, 0xE0, 0x7F, 0xD0, 0x0F, 0xFC, 0x01, 0xFF, 0x42, 0xFF, 0x00,
    0x3F, 0xE0, 0x0B, 0xFC, 0x0F, 0xFC, 0x01, 0xFF, 0x40, 0x3F, 0xF0, 0x3F, 0xE0, 0x0B, 0xFC, 0x00,
    0xFF, 0x80, 0xFF, 0x80, 0x2F, 0xF0, 0x03, 0xFD, 0x07, 0xFD, 0x00, 0xFF, 0xC0, 0x2F, 0xF0, 0x1F,
    0xF8, 0x03, 0xFE, 0x00, 0xFF, 0xC0, 0x3F, 0xF0, 0x1F, 0xF4, 0x0B, 0xFD, 0x00, 0xFF, 0xE0, 0xBF,
    0xC1, 0xFF, 0xF0, 0x02, 0xFF, 0xFF, 0xFF, 0xFF, 0xFF, 0x00, 0x03, 0xFF, 0xFF, 0xFF, 0xFF, 0xF0,
    0x00, 0x03, 0xFF, 0xFF, 0xFF, 0xFE, 0x00, 0x00, 0x01, 0xBF, 0xFF, 0xFE, 0x40, 0x00, 0x00, 0x00,
    0x0B, 0xFC, 0x00, 0x00, 0x00, 0x00, 0x00, 0x3F, 0xF0, 0x00, 0x00, 0x00, 0x00, 0x00, 0xFF, 0x80,
    0x00, 0x00, 0x00, 0x00, 0x07, 0xFD, 0x00, 0x00, 0x00, 0x00, 0x00, 0x2F, 0xF0, 0x00, 0x00, 0x00,
    0x00, 0x00, 0xBF, 0xC0, 0x00, 0x00, 0x00, 0x00, 0x00, 0x00, 0x3F, 0xF0, 0x00, 0x00, 0x00, 0x00,
    0x0F, 0xF8, 0x00, 0x00, 0x00, 0x00, 0x03, 0xFE, 0x00, 0x00, 0x00, 0x00, 0x01, 0xFF, 0x40, 0x00,
    0x00, 0x00, 0x00, 0xBF, 0xC0, 0x00, 0x00, 0x00, 0x00, 0x3F, 0xF0, 0x00, 0x00, 0x00, 0x00, 0x0F,
    0xF8, 0x00, 0x00, 0x0F, 0xFC, 0x07, 0xFD, 0x0B, 0xFD, 0x03, 0xFF, 0x01, 0xFF, 0x02, 0xFF, 0x41,
    0xFF, 0x80, 0xBF, 0xC0, 0xBF, 0xD0, 0x7F, 0xD0, 0x3F, 0xF0, 0x2F, 0xF4, 0x2F, 0xF0, 0x0F, 0xF8,
    0x0B, 0xFD, 0x0F, 0xFC, 0x07, 0xFD, 0x02, 0xFF, 0x43, 0xFF, 0x02, 0xFF, 0x00, 0xFF, 0xC1, 0xFF,
    0x80, 0xBF, 0xC0, 0x3F, 0xF0, 0x7F, 0xD0, 0x3F, 0xF0, 0x0F, 0xFC, 0x2F, 0xF0, 0x0F, 0xF8, 0x07,
    0xFE, 0x0F, 0xFC, 0x07, 0xFD, 0x02, 0xFF, 0x43, 0xFF, 0x02, 0xFF, 0x00, 0xFF, 0xC0, 0xFF, 0xC0,
    0xFF, 0xC0, 0x7F, 0xF0, 0x3F, 0xF0, 0x3F, 0xE0, 0x3F, 0xF4, 0x0F, 0xFE, 0x0F, 0xF8, 0x7F, 0xF8,
    0x02, 0xFF, 0xFF, 0xFF, 0xFF, 0xFC, 0x00, 0x3F, 0xFF, 0xFF, 0xFF, 0xF8, 0x00, 0x07, 0xFF, 0xFF,
    0xFF, 0xF4, 0x00, 0x00, 0x1B, 0xFF, 0xFF, 0x90, 0x00, 0x00, 0x00, 0x0F, 0xF4, 0x00, 0x00, 0x00,
    0x00, 0x07, 0xFD, 0x00, 0x00, 0x00, 0x00, 0x02, 0xFF, 0x00, 0x00, 0x00, 0x00, 0x00, 0xFF, 0xC0,
    0x00, 0x00, 0x00, 0x00, 0x3F, 0xE0, 0x00, 0x00, 0x00, 0x00, 0x1F, 0xF4, 0x00, 0x00, 0x00, 0x00,
    0x07, 0xFD, 0x00, 0x00, 0x00, 0x00, 0x02, 0xFF, 0x00, 0x00, 0x00, 0x00, 0x00, 0x00, 0x1B, 0xFF,
    0x90, 0x00, 0x00, 0x07, 0xFF, 0xFF, 0xF0, 0x00, 0x00, 0xBF, 0xFF, 0xFF, 0xF0, 0x00, 0x0F, 0xFF,
    0xFF, 0xFF, 0xF0, 0x00, 0xBF, 0xF8, 0x02, 0xFF, 0xD0, 0x07, 0xFF, 0x00, 0x01, 0xFF, 0xC0, 0x3F,
    0xF0, 0x00, 0x03, 0xFF, 0x02, 0xFF, 0x80, 0x00, 0x0B, 0xFC, 0x0F, 0xFC, 0x00, 0x00, 0x2F, 0xF4,
    0x3F, 0xFF, 0xFF, 0xFF, 0xFF, 0xD1, 0xFF, 0xFF, 0xFF, 0xFF, 0xFF, 0x4B, 0xFF, 0xFF, 0xFF, 0xFF,
    0xFC, 0x3F, 0xFF, 0xFF, 0xFF, 0xFF, 0xF0, 0xFF, 0xC0, 0x00, 0x01, 0xFF, 0xC3, 0xFF, 0x00, 0x00,
    0x0B, 0xFE, 0x0F, 0xFC, 0x00, 0x00, 0x3F, 0xF4, 0x3F, 0xF0, 0x00, 0x02, 0xFF, 0xC0, 0xFF, 0xD0,
    0x00, 0x0F, 0xFD, 0x02, 0xFF, 0xC0, 0x00, 0xFF, 0xF0, 0x03, 0xFF, 0xD0, 0x1F, 0xFF, 0x00, 0x0B,
    0xFF, 0xFF, 0xFF, 0xF4, 0x00, 0x0B, 0xFF, 0xFF, 0xFF, 0x40, 0x00, 0x0B, 0xFF, 0xFF, 0xE0, 0x00,
    0x00, 0x02, 0xFF, 0xF8, 0x00, 0x00, 0x00, 0x06, 0xFF, 0x90, 0x00, 0x03, 0xFF, 0xFF, 0x80, 0x01,
    0xFF, 0xFF, 0xFE, 0x00, 0x3F, 0xFF, 0xFF, 0xF0, 0x0B, 0xFF, 0x02, 0xFF, 0x81, 0xFF, 0xC0, 0x0F,
    0xFC, 0x2F, 0xF0, 0x00, 0xFF, 0xC3, 0xFF, 0xFF, 0xFF, 0xFC, 0x3F, 0xFF, 0xFF, 0xFF, 0xC7, 0xFF,
    0xFF, 0xFF, 0xFC, 0x7F, 0xFF, 0xFF, 0xFF, 0x8B, 0xFD, 0x00, 0x2F, 0xF8, 0xBF, 0xD0, 0x03, 0xFF,
    0x07, 0xFE, 0x00, 0xBF, 0xF0, 0x3F, 0xF4, 0x1F, 0xFD, 0x02, 0xFF, 0xFF, 0xFF, 0x80, 0x0F, 0xFF,
    0xFF, 0xF0, 0x00, 0x3F, 0xFF, 0xF8, 0x00, 0x00, 0x7F, 0xF8, 0x00, 0x00, 0xFF, 0xC0, 0x00, 0x00,
    0xBF, 0xFF, 0xF0, 0x00, 0x01, 0xFF, 0xFF, 0xFC, 0x00, 0x01, 0xFF, 0xFE, 0xFF, 0x00, 0x00, 0xFF,
    0xFF, 0xBF, 0xC0, 0x00, 0xBF, 0xF0, 0x2F, 0xF0, 0x00, 0x3F, 0xF0, 0x07, 0xFC, 0x00, 0x2F, 0xF4,
    0x01, 0xFF, 0x00, 0x0F, 0xFC, 0x00, 0x7F, 0xD0, 0x0B, 0xFD, 0x00, 0x0F, 0xF4, 0x03, 0xFF, 0x00,
    0x03, 0xFD, 0x02, 0xFF, 0x40, 0x00, 0xFF, 0x40, 0xFF, 0xC0, 0x00, 0x3F, 0xE0, 0xBF, 0xD0, 0x00,
    0x0F, 0xF8, 0x3F, 0xF0, 0x00, 0x03, 0xFE, 0x1F, 0xF4, 0x00, 0x00, 0xBF, 0x8F, 0xFC, 0x00, 0x00,
    0x2F, 0xE7, 0xFD, 0x00, 0x00, 0x07, 0xFA, 0xFF, 0x00, 0x00, 0x01, 0xFE, 0xFF, 0x40, 0x00, 0x00,
    0x7F, 0xFF, 0xC0, 0x00, 0x00, 0x0F, 0xFF, 0xD0, 0x00, 0x00, 0x03, 0xFF, 0xF0, 0x00, 0x00, 0x00,
    0xFF, 0xF4, 0x00, 0x00, 0x00, 0x3F, 0xFC, 0x00, 0x00, 0x00, 0x7F, 0xE0, 0x00, 0x1B, 0xF4, 0xFF,
    0x80, 0x01, 0xFF, 0xD3, 0xFE, 0x00, 0x1F, 0xFF, 0x4F, 0xF8, 0x00, 0xFF, 0xFD, 0x3F, 0xF0, 0x07,
    0xFF, 0x00, 0xBF, 0xC0, 0x3F, 0xF0, 0x02, 0xFF, 0x01, 0xFF, 0x80, 0x07, 0xFC, 0x0F, 0xFC, 0x00,
    0x1F, 0xF0, 0x7F, 0xE0, 0x00, 0x3F, 0xC3, 0xFF, 0x00, 0x00, 0xFF, 0x1F, 0xF8, 0x00, 0x03, 0xFD,
    0xBF, 0xC0, 0x00, 0x0F, 0xF7, 0xFE, 0x00, 0x00, 0x2F, 0xFF, 0xF0, 0x00, 0x00, 0xBF, 0xFF, 0x40,
    0x00, 0x02, 0xFF, 0xFC, 0x00, 0x00, 0x07, 0xFF, 0xD0, 0x00, 0x00, 0x1F, 0xFF, 0x00, 0x00, 0x00,
    0x3F, 0xF4, 0x00, 0x00, 0x00, 0x2F, 0xF1, 0xFF, 0x40, 0x00, 0x03, 0xFD, 0x2F, 0xE0, 0x00, 0x00,
    0x3F, 0xC3, 0xFC, 0x00, 0x00, 0x07, 0xF4, 0x3F, 0x80, 0x00, 0x00, 0x7E, 0x03, 0xF0, 0x00, 0x00,
    0x00, 0x00, 0x00, 0x00, 0x00, 0x00, 0x00, 0x00, 0x00, 0x00, 0x00, 0x00, 0x00, 0x00, 0x00, 0xFF,
    0xC0, 0x00, 0x00, 0xBF, 0xFF, 0xF0, 0x00, 0x01, 0xFF, 0xFF, 0xFC, 0x00, 0x01, 0xFF, 0xFE, 0xFF,
    0x00, 0x00, 0xFF, 0xFF, 0xBF, 0xC0, 0x00, 0xBF, 0xF0, 0x2F, 0xF0, 0x00, 0x3F, 0xF0, 0x07, 0xFC,
    0x00, 0x2F, 0xF4, 0x01, 0xFF, 0x00, 0x0F, 0xFC, 0x00, 0x7F, 0xD0, 0x0B, 0xFD, 0x00, 0x0F, 0xF4,
    0x03, 0xFF, 0x00, 0x03, 0xFD, 0x02, 0xFF, 0x40, 0x00, 0xFF, 0x40, 0xFF, 0xC0, 0x00, 0x3F, 0xE0,
    0xBF, 0xD0, 0x00, 0x0F, 0xF8, 0x3F, 0xF0, 0x00, 0x03, 0xFE, 0x1F, 0xF4, 0x00, 0x00, 0xBF, 0x8F,
    0xFC, 0x00, 0x00, 0x2F, 0xE7, 0xFD, 0x00, 0x00, 0x07, 0xFA, 0xFF, 0x00, 0x00, 0x01, 0xFE, 0xFF,
    0x40, 0x00, 0x00, 0x7F, 0xFF, 0xC0, 0x00, 0x00, 0x0F, 0xFF, 0xD0, 0x00, 0x00, 0x03, 0xFF, 0xF0,
    0x00, 0x00, 0x00, 0xFF, 0xF4, 0x00, 0x00, 0x00, 0x3F, 0xFC, 0x00, 0x00, 0x00, 0x3F, 0xF2, 0xFF,
    0x00, 0x00, 0x7F, 0xC3, 0xFD, 0x00, 0x00, 0x7F, 0x43, 0xF8, 0x00, 0x00, 0xBF, 0x07, 0xF0, 0x00,
    0x00, 0xBD, 0x07, 0xE0, 0x00, 0x00, 0x00, 0x00, 0x00, 0x00, 0x00, 0x00, 0x00, 0x00, 0x1F, 0xF8,
    0x00, 0x06, 0xFD, 0x3F, 0xE0, 0x00, 0x7F, 0xF4, 0xFF, 0x80, 0x07, 0xFF, 0xD3, 0xFE, 0x00, 0x3F,
    0xFF, 0x4F, 0xFC, 0x01, 0xFF, 0xC0, 0x2F, 0xF0, 0x0F, 0xFC, 0x00, 0xBF, 0xC0, 0x7F, 0xE0, 0x01,
    0xFF, 0x03, 0xFF, 0x00, 0x07, 0xFC, 0x1F, 0xF8, 0x00, 0x0F, 0xF0, 0xFF, 0xC0, 0x00, 0x3F, 0xC7,
    0xFE, 0x00, 0x00, 0xFF, 0x6F, 0xF0, 0x00, 0x03, 0xFD, 0xFF, 0x80, 0x00, 0x0B, 0xFF, 0xFC, 0x00,
    0x00, 0x2F, 0xFF, 0xD0, 0x00, 0x00, 0xBF, 0xFF, 0x00, 0x00, 0x01, 0xFF, 0xF4, 0x00, 0x00, 0x07,
    0xFF, 0xC0, 0x00, 0x00, 0x0F, 0xFD, 0x00, 0x00, 0x00, 0x00, 0x00, 0x1B, 0xFF, 0x90, 0x00, 0x00,
    0x00, 0x00, 0x00, 0x00, 0x00, 0x07, 0xFF, 0xFF, 0xF0, 0x00, 0x00, 0x00, 0x00, 0x00, 0x00, 0x00,
    0xBF, 0xFF, 0xFF, 0xF0, 0x00, 0x00, 0x00, 0x00, 0x00, 0x00, 0x0F, 0xFF, 0xFF, 0xFF, 0xF0, 0x00,
    0x00, 0x00, 0x00, 0x00, 0x00, 0xBF, 0xF8, 0x02, 0xFF, 0xD0, 0x00, 0x00, 0x00, 0x00, 0x00, 0x07,
    0xFF, 0x40, 0x02, 0xFF, 0xC0, 0xFF, 0xC0, 0x00, 0xFF, 0xC0, 0x3F, 0xF8, 0x00, 0x03, 0xFF, 0x03,
    0xFF, 0x00, 0x0B, 0xFE, 0x02, 0xFF, 0xC0, 0x00, 0x0F, 0xFC, 0x0B, 0xFC, 0x00, 0x3F, 0xF0, 0x0F,
    0xFD, 0x00, 0x00, 0x3F, 0xF4, 0x2F, 0xF0, 0x02, 0xFF, 0x80, 0x3F, 0xF0, 0x00, 0x00, 0xFF, 0xD0,
    0x7F, 0xC0, 0x0F, 0xFC, 0x01, 0xFF, 0x80, 0x00, 0x03, 0xFF, 0x40, 0xFF, 0x40, 0x7F, 0xE0, 0x0B,
    0xFD, 0x00, 0x00, 0x0F, 0xFC, 0x03, 0xFD, 0x03, 0xFF, 0x00, 0x3F, 0xF4, 0x00, 0x00, 0x3F, 0xF0,
    0x0F, 0xF8, 0x1F, 0xF4, 0x00, 0xFF, 0xC0, 0x00, 0x01, 0xFF, 0xC0, 0x3F, 0xE0, 0xFF, 0xC0, 0x03,
    0xFF, 0x00, 0x00, 0x0B, 0xFE, 0x00, 0xBF, 0xC7, 0xFD, 0x00, 0x0F, 0xFC, 0x00, 0x00, 0x3F, 0xF4,
    0x02, 0xFF, 0x2F, 0xF0, 0x00, 0x3F, 0xF4, 0x00, 0x02, 0xFF, 0xC0, 0x07, 0xFC, 0xFF, 0x40, 0x00,
    0xFF, 0xE0, 0x00, 0x0F, 0xFD, 0x00, 0x0F, 0xF7, 0xFC, 0x00, 0x02, 0xFF, 0xC0, 0x00, 0xFF, 0xF0,
    0x00, 0x3F, 0xFF, 0xD0, 0x00, 0x03, 0xFF, 0xD0, 0x1F, 0xFF, 0x00, 0x00, 0xFF, 0xFF, 0x00, 0x00,
    0x0B, 0xFF, 0xFF, 0xFF, 0xF4, 0x00, 0x03, 0xFF, 0xF4, 0x00, 0x00, 0x0B, 0xFF, 0xFF, 0xFF, 0x40,
    0x00, 0x0B, 0xFF, 0xC0, 0x00, 0x00, 0x0B, 0xFF, 0xFF, 0xE0, 0x00, 0x00, 0x2F, 0xFD, 0x00, 0x00,
    0x00, 0x02, 0xFF, 0xF8, 0x00, 0x00, 0x00, 0x7F, 0xF0, 0x00, 0x00, 0x00, 0x00, 0x00, 0x00, 0x00,
    0x00, 0x02, 0xFF, 0x40, 0x00, 0x00, 0x00, 0x00, 0x00, 0x00, 0x00, 0x00, 0x1F, 0xFC, 0x00, 0x00,
    0x00, 0x00, 0x00, 0x00, 0x00, 0x00, 0x00, 0xFF, 0xD0, 0x00, 0x00, 0x00, 0x00, 0x00, 0x00, 0x00,
    0x00, 0x1F, 0xFE, 0x00, 0x00, 0x00, 0x00, 0x00, 0x00, 0x00, 0x00, 0x3F, 0xFF, 0xF0, 0x00, 0x00,
    0x00, 0x00, 0x00, 0x00, 0x00, 0x00, 0xFF, 0xFF, 0x00, 0x00, 0x00, 0x00, 0x00, 0x00, 0x00, 0x00,
    0x03, 0xFF, 0xF0, 0x00, 0x00, 0x00, 0x00, 0x00, 0x00, 0x00, 0x00, 0x0F, 0xF9, 0x00, 0x00, 0x00,
    0x00, 0x00, 0x06, 0xFF, 0x90, 0x00, 0xFF, 0xC0, 0x00, 0xFF, 0xD0, 0x03, 0xFF, 0xFF, 0x80, 0x0B,
    0xFC, 0x00, 0x2F, 0xFC, 0x01, 0xFF, 0xFF, 0xFE, 0x00, 0x7F, 0xC0, 0x03, 0xFF, 0x00, 0x3F, 0xFF,
    0xFF, 0xF0, 0x07, 0xFD, 0x00, 0x7F, 0xE0, 0x0B, 0xFF, 0x42, 0xFF, 0x80, 0x3F, 0xD0, 0x0F, 0xFC,
    0x01, 0xFF, 0xC0, 0x0F, 0xFC, 0x03, 0xFE, 0x01, 0xFF, 0x80, 0x2F, 0xF8, 0x00, 0xFF, 0xC0, 0x3F,
    0xE0, 0x3F, 0xF0, 0x03, 0xFF, 0x00, 0x0F, 0xFC, 0x03, 0xFE, 0x07, 0xFE, 0x00, 0x3F, 0xF0, 0x00,
    0xFF, 0xC0, 0x2F, 0xF0, 0xFF, 0xC0, 0x07, 0xFE, 0x00, 0x0F, 0xFC, 0x01, 0xFF, 0x0F, 0xF8, 0x00,
    0x7F, 0xE0, 0x01, 0xFF, 0x80, 0x1F, 0xF2, 0xFF, 0x00, 0x0B, 0xFD, 0x00, 0x2F, 0xF8, 0x00, 0xFF,
    0x3F, 0xE0, 0x00, 0xBF, 0xD0, 0x03, 0xFF, 0x00, 0x0F, 0xF7, 0xFC, 0x00, 0x07, 0xFE, 0x00, 0xBF,
    0xF0, 0x00, 0xFF, 0xFF, 0x80, 0x00, 0x3F, 0xF4, 0x2F, 0xFD, 0x00, 0x0F, 0xFF, 0xF0, 0x00, 0x02,
    0xFF, 0xFF, 0xFF, 0x80, 0x00, 0xBF, 0xFE, 0x00, 0x00, 0x0F, 0xFF, 0xFF, 0xF0, 0x00, 0x07, 0xFF,
    0xC0, 0x00, 0x00, 0x3F, 0xFF, 0xF8, 0x00, 0x00, 0x7F, 0xF8, 0x00, 0x00, 0x00, 0x7F, 0xF8, 0x00,
    0x00, 0x03, 0xFF, 0x00, 0x00, 0x00, 0x00, 0x00, 0x00, 0x00, 0x00, 0xBF, 0xD0, 0x00, 0x00, 0x00,
    0x00, 0x00, 0x00, 0x00, 0x0F, 0xFC, 0x00, 0x00, 0x00, 0x00, 0x00, 0x00, 0x00, 0x03, 0xFF, 0x40,
    0x00, 0x00, 0x00, 0x00, 0x00, 0x00, 0x00, 0xFF, 0xF0, 0x00, 0x00, 0x00, 0x00, 0x00, 0x00, 0x0F,
    0xFF, 0xFC, 0x00, 0x00, 0x00, 0x00, 0x00, 0x00, 0x00, 0xFF, 0xFF, 0x40, 0x00, 0x00, 0x00, 0x00,
    0x00, 0x00, 0x0F, 0xFF, 0xD0, 0x00, 0x00, 0x00, 0x00, 0x00, 0x00, 0x00, 0xBF, 0xD0, 0x00, 0x00,
    0x00, 0x00, 0x00, 0x00, 0x01, 0xF4, 0x00, 0x00, 0x00, 0x00, 0x0F, 0xF0, 0x00, 0x00, 0x00, 0x0B,
    0xFF, 0xF8, 0x00, 0x00, 0x02, 0xFF, 0xFF, 0xFE, 0x00, 0x00, 0x3F, 0xFF, 0xFF, 0xFE, 0x00, 0x03,
    0xFF, 0xFF, 0xFF, 0xFD, 0x00, 0x3F, 0xFF, 0xFF, 0xFF, 0xFC, 0x02, 0xFF, 0xF0, 0xF8, 0x7F, 0xF4,
    0x0F, 0xFF, 0x00, 0x00, 0xBF, 0xF0, 0xBF, 0xF0, 0x00, 0x01, 0xFF, 0xC3, 0xFF, 0x40, 0x00, 0x03,
    0xFF, 0x1F, 0xFC, 0x00, 0x00, 0x0F, 0xFC, 0xBF, 0xE0, 0x00, 0x00, 0x3F, 0xF2, 0xFF, 0x40, 0x00,
    0x00, 0xFF, 0xCF, 0xFC, 0x00, 0x00, 0x03, 0xFF, 0x3F, 0xF0, 0x00, 0x00, 0x0F, 0xFC, 0xFF, 0xC0,
    0x00, 0x00, 0xBF, 0xE3, 0xFF, 0x00, 0x00, 0x03, 0xFF, 0x4F, 0xFC, 0x00, 0x00, 0x1F, 0xFC, 0x2F,
    0xF8, 0x00, 0x00, 0xFF, 0xF0, 0xBF, 0xF0, 0x00, 0x0F, 0xFF, 0x40, 0xFF, 0xF1, 0xF4, 0xFF, 0xFC,
    0x02, 0xFF, 0xFF, 0xFF, 0xFF, 0xC0, 0x03, 0xFF, 0xFF, 0xFF, 0xFD, 0x00, 0x07, 0xFF, 0xFF, 0xFF,
    0xD0, 0x00, 0x07, 0xFF, 0xFF, 0xFC, 0x00, 0x00, 0x01, 0xFF, 0xFE, 0x00, 0x00, 0x00, 0x00, 0xBF,
    0x40, 0x00, 0x00, 0x00, 0x00, 0xF8, 0x00, 0x00, 0x00, 0x00, 0x00, 0x2F, 0x40, 0x00, 0x00, 0x06,
    0xFF, 0x80, 0x00, 0x02, 0xFF, 0xFF, 0xE0, 0x00, 0x3F, 0xFF, 0xFF, 0xE0, 0x03, 0xFF, 0xFF, 0xFF,
    0xD0, 0x2F, 0xFF, 0xFF, 0xFF, 0xC0, 0xFF, 0xD3, 0xE3, 0xFF, 0x4B, 0xFE, 0x00, 0x07, 0xFD, 0x3F,
    0xF0, 0x00, 0x1F, 0xF8, 0xFF, 0xC0, 0x00, 0x7F, 0xE7, 0xFE, 0x00, 0x01, 0xFF, 0x9F, 0xF4, 0x00,
    0x0B, 0xFD, 0xBF, 0xD0, 0x00, 0x3F, 0xF5, 0xFF, 0x40, 0x00, 0xFF, 0xC7, 0xFE, 0x00, 0x0B, 0xFE,
    0x0F, 0xFD, 0x7D, 0xBF, 0xF0, 0x2F, 0xFF, 0xFF, 0xFF, 0x80, 0x3F, 0xFF, 0xFF, 0xFC, 0x00, 0x3F,
    0xFF, 0xFF, 0x80, 0x00, 0x2F, 0xFF, 0xF4, 0x00, 0x00, 0x0B, 0xF4, 0x00, 0x00, 0x00, 0x0F, 0x80,
    0x00, 0x00, 0x00, 0x00, 0x00, 0x00, 0x00, 0x00, 0x00, 0x00, 0x00, 0x00, 0x00, 0x0B, 0xFF, 0x90,
    0x00, 0x00, 0x00, 0x00, 0x00, 0xFF, 0xFF, 0xFD, 0x00, 0x00, 0x00, 0x00, 0x0B, 0xC0, 0x6F, 0xF0,
    0x00, 0x00, 0x00, 0x00, 0x00, 0x3F, 0x00, 0x00, 0x00, 0x00, 0x00, 0x00, 0x00, 0xFD, 0x00, 0x00,
    0x00, 0x00, 0x00, 0x00, 0x01, 0xF4, 0x00, 0x00, 0x00, 0x00, 0x00, 0x00, 0x02, 0xD0, 0x00, 0x00,
    0x00, 0x00, 0x00, 0x00, 0x1E, 0x00, 0x00, 0x00, 0x00, 0x00, 0x00, 0x01, 0xE0, 0x00, 0x00, 0x00,
    0x00, 0x00, 0x00, 0x04, 0x00, 0x00, 0x00, 0x00, 0x00, 0x00, 0x00, 0x00, 0x00, 0x00, 0x00, 0x00,
    0x01, 0xBF, 0xE4, 0x00, 0x6F, 0xF4, 0x00, 0x00, 0x7F, 0xFF, 0xF8, 0x0F, 0xFF, 0xFC, 0x00, 0x0B,
    0xFF, 0xFF, 0xD0, 0x3F, 0xFF, 0xFC, 0x00, 0xBF, 0xFF, 0xFF, 0x00, 0x7F, 0xFF, 0xF8, 0x03, 0xFF,
    0xC0, 0x20, 0x00, 0x80, 0xBF, 0xF0, 0x3F, 0xFC, 0x00, 0x00, 0x00, 0x00, 0xFF, 0xD1, 0xFF, 0xC0,
    0x00, 0x00, 0x00, 0x02, 0xFF, 0x8B, 0xFE, 0x00, 0x00, 0x00, 0x00, 0x07, 0xFE, 0x3F, 0xF0, 0x00,
    0x00, 0x00, 0x00, 0x1F, 0xFD, 0xFF, 0xC0, 0x00, 0x00, 0x00, 0x00, 0x7F, 0xE7, 0xFE, 0x00, 0x00,
    0x00, 0x00, 0x02, 0xFF, 0xAF, 0xF4, 0x00, 0x00, 0x00, 0x00, 0x0B, 0xFE, 0xFF, 0xD0, 0x00, 0x7F,
    0xE0, 0x00, 0x3F, 0xF7, 0xFF, 0x00, 0x02, 0xFF, 0x40, 0x00, 0xFF, 0xCF, 0xFC, 0x00, 0x0F, 0xFC,
    0x00, 0x0B, 0xFF, 0x3F, 0xF4, 0x00, 0x3F, 0xF0, 0x00, 0x3F, 0xF8, 0xBF, 0xE0, 0x00, 0xFF, 0x80,
    0x02, 0xFF, 0xC2, 0xFF, 0xC0, 0x07, 0xFD, 0x00, 0x1F, 0xFE, 0x07, 0xFF, 0xC0, 0x7F, 0xFD, 0x06,
    0xFF, 0xF0, 0x0F, 0xFF, 0xFF, 0xFF, 0xFF, 0xFF, 0xFF, 0x80, 0x1F, 0xFF, 0xFF, 0xFF, 0xFF, 0xFF,
    0xF8, 0x00, 0x2F, 0xFF, 0xFF, 0xBF, 0xFF, 0xFF, 0x80, 0x00, 0x2F, 0xFF, 0xF4, 0x7F, 0xFF, 0xF4,
    0x00, 0x00, 0x0B, 0xFE, 0x00, 0x1F, 0xF9, 0x00, 0x00, 0x00, 0x00, 0x00, 0x00, 0x00, 0x00, 0x00,
    0x00, 0x00, 0x01, 0xFF, 0x90, 0x00, 0x00, 0x00, 0x00, 0x1F, 0xFF, 0xF4, 0x00, 0x00, 0x00, 0x00,
    0xF8, 0x1B, 0xFF, 0x00, 0x00, 0x00, 0x03, 0xC1, 0x42, 0xF8, 0x00, 0x00, 0x00, 0x00, 0x2F, 0xC0,
    0x00, 0x00, 0x00, 0x00, 0x00, 0x3F, 0x00, 0x00, 0x00, 0x00, 0x00, 0x00, 0x3C, 0x00, 0x00, 0x00,
    0x00, 0x00, 0x02, 0xD0, 0x00, 0x00, 0x00, 0x00, 0x00, 0x3C, 0x00, 0x00, 0x00, 0x00, 0x00, 0x00,
    0x00, 0x00, 0x00, 0x00, 0x00, 0x00, 0x00, 0x00, 0x00, 0x00, 0x00, 0x07, 0xFF, 0x40, 0x1F, 0xF8,
    0x00, 0x01, 0xFF, 0xFF, 0x43, 0xFF, 0xFD, 0x00, 0x1F, 0xFF, 0xFC, 0x0B, 0xFF, 0xFD, 0x00, 0xFF,
    0xFF, 0xE0, 0x1F, 0xFF, 0xFC, 0x0F, 0xFF, 0x01, 0x00, 0x10, 0x7F, 0xF0, 0x7F, 0xF0, 0x00, 0x00,
    0x00, 0xFF, 0xD2, 0xFF, 0x40, 0x00, 0x00, 0x02, 0xFF, 0x4F, 0xFC, 0x00, 0x00, 0x00, 0x0B, 0xFD,
    0x3F, 0xE0, 0x00, 0x00, 0x00, 0x2F, 0xF5, 0xFF, 0x40, 0x0F, 0xFC, 0x00, 0xBF, 0xC7, 0xFD, 0x00,
    0x3F, 0xE0, 0x03, 0xFF, 0x2F, 0xF4, 0x01, 0xFF, 0x40, 0x0F, 0xFC, 0xBF, 0xD0, 0x0B, 0xFC, 0x00,
    0xBF, 0xE1, 0xFF, 0x80, 0x3F, 0xF0, 0x03, 0xFF, 0x07, 0xFF, 0x42, 0xFF, 0xE0, 0x3F, 0xF8, 0x0F,
    0xFF, 0xFF, 0xFF, 0xFF, 0xFF, 0xC0, 0x1F, 0xFF, 0xFF, 0xFF, 0xFF, 0xFD, 0x00, 0x2F, 0xFF, 0xF0,
    0xBF, 0xFF, 0xD0, 0x00, 0x1B, 0xFD, 0x00, 0x6F, 0xF4, 0x00, 0x00, 0x00, 0x00, 0x03, 0xFF, 0xFF,
    0xFF, 0x40, 0x00, 0x00, 0x00, 0x0F, 0xFF, 0xFF, 0xFC, 0x00, 0x00, 0x00, 0x00, 0x3F, 0xFF, 0xFF,
    0xE0, 0x00, 0x00, 0x00, 0x00, 0xB4, 0x3C, 0x0F, 0x00, 0x00, 0x00, 0x00, 0x01, 0x80, 0x50, 0x24,
    0x00, 0x00, 0x00, 0x00, 0x00, 0x00, 0x00, 0x00, 0x00, 0x00, 0x00, 0x00, 0x00, 0x00, 0x00, 0x00,
    0x00, 0x07, 0xFE, 0x00, 0x0F, 0xFC, 0x00, 0x0F, 0xFC, 0x2F, 0xF8, 0x00, 0x3F, 0xF0, 0x00, 0x7F,
    0xE0, 0xBF, 0xD0, 0x01, 0xFF, 0x80, 0x02, 0xFF, 0x43, 0xFF, 0x40, 0x07, 0xFE, 0x00, 0x0F, 0xFC,
    0x0F, 0xFD, 0x00, 0x2F, 0xF4, 0x00, 0x3F, 0xF0, 0x3F, 0xF0, 0x00, 0xBF, 0xD0, 0x01, 0xFF, 0x80,
    0xFF, 0xC0, 0x03, 0xFF, 0x00, 0x0B, 0xFD, 0x03, 0xFF, 0x00, 0x1F, 0xFC, 0x00, 0x3F, 0xF0, 0x0F,
    0xFC, 0x00, 0xFF, 0xF0, 0x01, 0xFF, 0x80, 0x3F, 0xF0, 0x07, 0xFF, 0xC0, 0x0F, 0xFD, 0x00, 0xFF,
    0xC0, 0x3F, 0xFF, 0x00, 0x3F, 0xF0, 0x03, 0xFF, 0x01, 0xFF, 0xFC, 0x02, 0xFF, 0x80, 0x0F, 0xFC,
    0x0F, 0xFF, 0xF0, 0x0F, 0xFC, 0x00, 0x3F, 0xF0, 0x7F, 0xFF, 0xC0, 0xBF, 0xE0, 0x00, 0xFF, 0xD2,
    0xFF, 0xFF, 0x03, 0xFF, 0x00, 0x02, 0xFF, 0x4F, 0xFB, 0xFD, 0x2F, 0xF8, 0x00, 0x0B, 0xFD, 0xBF,
    0x5F, 0xF4, 0xFF, 0xC0, 0x00, 0x1F, 0xFB, 0xFC, 0x7F, 0xEB, 0xFE, 0x00, 0x00, 0x7F, 0xFF, 0xE0,
    0xFF, 0xFF, 0xF0, 0x00, 0x00, 0xFF, 0xFF, 0x03, 0xFF, 0xFF, 0x40, 0x00, 0x03, 0xFF, 0xF8, 0x0B,
    0xFF, 0xF8, 0x00, 0x00, 0x0B, 0xFF, 0xD0, 0x1F, 0xFF, 0xC0, 0x00, 0x00, 0x1F, 0xFF, 0x00, 0x3F,
    0xFD, 0x00, 0x00, 0x00, 0x3F, 0xF4, 0x00, 0xFF, 0xD0, 0x00, 0x00, 0x00, 0x00, 0x02, 0xFF, 0xFF,
    0xFF, 0x80, 0x00, 0x00, 0x0B, 0xFF, 0xFF, 0xFD, 0x00, 0x00, 0x00, 0x1F, 0xFF, 0xFF, 0xF0, 0x00,
    0x00, 0x00, 0x78, 0x2D, 0x0B, 0x00, 0x00, 0x00, 0x00, 0x00, 0x00, 0x00, 0x00, 0x00, 0x00, 0x00,
    0x00, 0x00, 0x00, 0x00, 0x07, 0xFD, 0x00, 0x7F, 0xE0, 0x03, 0xFF, 0x1F, 0xF4, 0x01, 0xFF, 0x40,
    0x0F, 0xFC, 0xBF, 0xC0, 0x0B, 0xFD, 0x00, 0x7F, 0xD2, 0xFF, 0x00, 0x2F, 0xF0, 0x02, 0xFF, 0x0B,
    0xFC, 0x00, 0xFF, 0xC0, 0x0F, 0xFC, 0x2F, 0xF0, 0x03, 0xFF, 0x00, 0x7F, 0xD0, 0xBF, 0xC0, 0x1F,
    0xFC, 0x03, 0xFF, 0x02, 0xFF, 0x00, 0xFF, 0xF0, 0x0F, 0xF8, 0x0B, 0xFC, 0x07, 0xFF, 0xC0, 0xBF,
    0xC0, 0x2F, 0xF0, 0x3F, 0xFF, 0x03, 0xFE, 0x00, 0x7F, 0xC2, 0xFF, 0xFC, 0x2F, 0xF0, 0x01, 0xFF,
    0x4F, 0xFF, 0xF0, 0xFF, 0x80, 0x03, 0xFD, 0xBF, 0x7F, 0xDB, 0xFC, 0x00, 0x0F, 0xFF, 0xF8, 0xFF,
    0xBF, 0xD0, 0x00, 0x3F, 0xFF, 0xC2, 0xFF, 0xFF, 0x00, 0x00, 0xBF, 0xFE, 0x07, 0xFF, 0xF0, 0x00,
    0x01, 0xFF, 0xF0, 0x0F, 0xFF, 0x80, 0x00, 0x03, 0xFF, 0x80, 0x3F, 0xFC, 0x00, 0x00, 0x0B, 0xFC,
    0x00, 0xBF, 0xC0, 0x00, 0x00, 0x00, 0x00, 0x1B, 0xFF, 0xE4, 0x00, 0x00, 0x7F, 0xFF, 0xFF, 0xD0,
    0x00, 0xBF, 0xFF, 0xFF, 0xF4, 0x00, 0xBF, 0xFF, 0xFF, 0xFC, 0x00, 0xBF, 0xFD, 0x00, 0x7D, 0x00,
    0x7F, 0xF8, 0x00, 0x01, 0x00, 0x3F, 0xF8, 0x00, 0x00, 0x00, 0x1F, 0xFC, 0x00, 0x00, 0x00, 0x0F,
    0xFD, 0x00, 0x00, 0x00, 0x03, 0xFF, 0x00, 0x00, 0x00, 0x01, 0xFF, 0x80, 0x00, 0x00, 0x00, 0xBF,
    0xD0, 0x00, 0x00, 0x00, 0x3F, 0xF4, 0x00, 0x00, 0x00, 0x0F, 0xFC, 0x00, 0x00, 0x00, 0x03, 0xFF,
    0x00, 0x00, 0x00, 0x00, 0xFF, 0xC0, 0x00, 0x00, 0x00, 0x3F, 0xF4, 0x00, 0x00, 0x00, 0x0F, 0xFE,
    0x00, 0x00, 0x00, 0x02, 0xFF, 0xC0, 0x00, 0x00, 0x00, 0x3F, 0xFD, 0x00, 0x10, 0x00, 0x0B, 0xFF,
    0xFF, 0xFC, 0x00, 0x00, 0xFF, 0xFF, 0xFE, 0x00, 0x00, 0x0F, 0xFF, 0xFF, 0x40, 0x00, 0x00, 0x6F,
    0xFF, 0xC0, 0x00, 0x00, 0x00, 0x3F, 0xF0, 0x00, 0x00, 0x00, 0x1F, 0xFC, 0x00, 0x00, 0x00, 0x0B,
    0xFE, 0x00, 0x00, 0x00, 0x02, 0xFF, 0x40, 0x00, 0x00, 0x00, 0xFF, 0xC0, 0x00, 0x00, 0x00, 0x3F,
    0xF0, 0x00, 0x00, 0x00, 0x1F, 0xF8, 0x00, 0x00, 0x00, 0x0B, 0xFD, 0x00, 0x00, 0x00, 0x06, 0xFF,
    0xE4, 0x00, 0x2F, 0xFF, 0xFD, 0x00, 0xFF, 0xFF, 0xFC, 0x03, 0xFF, 0xFF, 0xF8, 0x0B, 0xFF, 0x40,
    0x60, 0x0F, 0xFD, 0x00, 0x00, 0x2F, 0xF8, 0x00, 0x00, 0x3F, 0xF0, 0x00, 0x00, 0x3F, 0xF0, 0x00,
    0x00, 0x7F, 0xE0, 0x00, 0x00, 0x7F, 0xE0, 0x00, 0x00, 0xBF, 0xE0, 0x00, 0x00, 0xBF, 0xE0, 0x00,
    0x00, 0x7F, 0xF0, 0x00, 0x00, 0x3F, 0xF8, 0x05, 0x00, 0x3F, 0xFF, 0xFE, 0x00, 0x1F, 0xFF, 0xFD,
    0x00, 0x0B, 0xFF, 0xFC, 0x00, 0x00, 0xBF, 0xFC, 0x00, 0x00, 0x1F, 0xF8, 0x00, 0x00, 0x2F, 0xF4,
    0x00, 0x00, 0x3F, 0xF0, 0x00, 0x00, 0x3F, 0xF0, 0x00, 0x00, 0x3F, 0xF0, 0x00, 0x00, 0x7F, 0xE0,
    0x00, 0x00, 0xBF, 0xD0, 0x00, 0x00, 0xFF, 0xC0, 0x00, 0x00, 0x00, 0x00, 0x00, 0x00, 0x00, 0x00,
    0x02, 0xE0, 0x00, 0x00, 0x00, 0x7D, 0x00, 0x00, 0xD0, 0x0F, 0xC0, 0x00, 0x2F, 0x81, 0xF4, 0x00,
    0x01, 0xFF, 0xBF, 0x00, 0x00, 0x01, 0xFF, 0xC0, 0x00, 0x00, 0x02, 0xFE, 0x00, 0x00, 0x00, 0x2F,
    0xFE, 0x00, 0x00, 0x03, 0xE7, 0xFD, 0x00, 0x00, 0xFC, 0x0B, 0xC2, 0xC0, 0x1F, 0x40, 0x04, 0x3F,
    0x83, 0xF0, 0x00, 0x01, 0xFF, 0xBD, 0x00, 0x00, 0x02, 0xFF, 0xC0, 0x00, 0x00, 0x03, 0xFE, 0x00,
    0x00, 0x00, 0x3F, 0xFD, 0x00, 0x00, 0x0F, 0xCB, 0xFC, 0x00, 0x01, 0xF4, 0x0B, 0x80, 0x00, 0x3F,
    0x00, 0x10, 0x00, 0x07, 0xD0, 0x00, 0x00, 0x00, 0x2C, 0x00, 0x00, 0x00, 0x00, 0x00, 0x00, 0x00,
    0x00, 0x00, 0x00, 0x0F, 0x8B, 0xFF, 0xFF, 0xFB, 0xFF, 0xFF, 0xFF, 0xFF, 0xFF, 0xFD, 0xFD, 0x00,
    0x00, 0x05, 0x00, 0x00, 0x00, 0x00, 0x01, 0xBE, 0x00, 0x00, 0xBF, 0xF8, 0x00, 0xBF, 0xFF, 0xC3,
    0xFF, 0xFF, 0xFD, 0x3F, 0xFE, 0x0F, 0xD3, 0xF9, 0x00, 0xBD, 0x1F, 0xC7, 0xFD, 0xBF, 0xCB, 0xD0,
    0x7D, 0x02, 0xFC, 0x02, 0x80, 0x0B, 0xE0, 0x7F, 0xD0, 0xFF, 0x40, 0xBD, 0x07, 0xF0, 0xFE, 0x02,
    0x80, 0x00, 0x02, 0xF9, 0x00, 0x01, 0xFF, 0xF8, 0x00, 0x3F, 0xFF, 0xF8, 0x07, 0xFF, 0xFF, 0xFD,
    0xBF, 0x07, 0xFF, 0xCF, 0xD0, 0x02, 0xFC, 0x00, 0x00, 0x00, 0x00, 0x00, 0x00, 0x00, 0x00, 0x00,
    0x00, 0x00, 0x00, 0x00, 0x0B, 0xFC, 0x00, 0x00, 0x00, 0x00, 0x00, 0x00, 0x00, 0x02, 0xFF, 0xF0,
    0x00, 0x00, 0x00, 0x00, 0x00, 0x00, 0x00, 0x38, 0x07, 0x80, 0x00, 0x00, 0x00, 0x00, 0x00, 0x00,
    0x03, 0x00, 0x2C, 0x00, 0x00, 0x00, 0x00, 0x00, 0x00, 0x00, 0x00, 0x00, 0x00, 0x00, 0x00, 0x00,
    0x00, 0x00, 0x00, 0x00, 0x00, 0x00, 0x00, 0x00, 0x00, 0x00, 0x02, 0xFF, 0x00, 0x00, 0x00, 0x00,
    0x1F, 0xF8, 0x00, 0x00, 0xFF, 0xFC, 0x00, 0x00, 0x00, 0x07, 0xFF, 0xE0, 0x00, 0x1D, 0x01, 0xD0,
    0x00, 0x00, 0x00, 0xF0, 0x0F, 0x00, 0x01, 0x80, 0x09, 0x00, 0x00, 0x00, 0x09, 0x00, 0x20, 0x00,
    0x00, 0x00, 0x00, 0x00, 0x00, 0x00, 0x00, 0x00, 0x00, 0x00, 0x00, 0x00, 0x00, 0x00, 0x00, 0x00,
    0x00, 0x00, 0x00, 0x00, 0x00, 0x00, 0x00, 0x00, 0x00, 0x00, 0x00, 0x00, 0x00, 0x00, 0x00, 0x00,
    0x00, 0x00, 0x00, 0x00, 0x00, 0x00, 0x00, 0x00, 0x00, 0x00, 0x00, 0x00, 0x00, 0x00, 0x00, 0x1F,
    0xF4, 0x00, 0x00, 0x00, 0x00, 0x00, 0x01, 0xFE, 0x03, 0xFF, 0xD0, 0x00, 0x00, 0x00, 0x00, 0x00,
    0xBF, 0xFC, 0xB4, 0x1F, 0x00, 0x00, 0x00, 0x00, 0x00, 0x0F, 0x41, 0xEE, 0x00, 0x70, 0x00, 0x00,
    0x00, 0x00, 0x00, 0xD0, 0x0B, 0x00, 0x00, 0x00, 0x00, 0x00, 0x00, 0x00, 0x00, 0x00, 0x00, 0x00,
    0x00, 0x00, 0x00, 0x00, 0x00, 0x00, 0x00, 0x00, 0x00, 0x00, 0x00, 0x00, 0x00, 0x00, 0x00, 0x00,
    0x00, 0x00, 0x00, 0x00, 0x00, 0x00, 0x00, 0x00, 0x00, 0x00, 0x00, 0x00, 0x00, 0x00, 0x00, 0x00,
    0x00, 0x00, 0x00, 0x00, 0x00, 0x00, 0x00, 0x00, 0x00, 0x00, 0x00, 0x00, 0x00, 0x00, 0x00, 0x2F,
    0xE0, 0x00, 0x00, 0x00, 0x01, 0xFF, 0x40, 0x00, 0x0B, 0xFF, 0xC0, 0x00, 0x00, 0x00, 0x3F, 0xFD,
    0x00, 0x00, 0xE0, 0x2D, 0x00, 0x00, 0x00, 0x0B, 0x41, 0xF0, 0x00, 0x1C, 0x00, 0xE0, 0x00, 0x00,
    0x00, 0xE0, 0x07, 0x00, 0x00, 0x00, 0x00, 0x00, 0x00, 0x00, 0x00, 0x00, 0x00, 0x00, 0x00, 0x00,
    0x00, 0x00, 0x00, 0x00, 0x00, 0x00, 0x00, 0x00, 0x00, 0x00, 0x00, 0xBF, 0xD0, 0x00, 0x00, 0x00,
    0x00, 0x00, 0x00, 0x00, 0x2F, 0xFF, 0x00, 0x00, 0x00, 0x00, 0x00, 0x00, 0x00, 0x03, 0x80, 0x78,
    0x00, 0x00, 0x00, 0x00, 0x00, 0x00, 0x00, 0x20, 0x01, 0x40, 0x00, 0x00, 0x00, 0x00, 0x00, 0x00,
    0x00, 0x03, 0xC0, 0x00, 0x00, 0x00, 0x00, 0x00, 0x00, 0x00, 0x00, 0x7C, 0x00, 0x00, 0x00, 0x00,
    0x00, 0x00, 0x00, 0x00, 0x0F, 0x80, 0x00, 0x00, 0x00, 0x00, 0x00, 0x00, 0x00, 0x00, 0xF4, 0x00,
    0x00, 0x00, 0x00, 0x00, 0x01, 0x00, 0x00, 0x1F, 0x00, 0x00, 0x00, 0x00, 0x00, 0x00, 0x70, 0x00,
    0x03, 0xF0, 0x00, 0x00, 0x00, 0x00, 0x00, 0x0B, 0xC0, 0x00, 0x3F, 0x00, 0x00, 0x02, 0x80, 0x00,
    0x00, 0x3D, 0x00, 0x00, 0x00, 0x00, 0x07, 0xFC, 0x00, 0x00, 0x02, 0xF0, 0x00, 0x00, 0x00, 0x03,
    0xFF, 0x00, 0x00, 0x00, 0x0F, 0xC0, 0x00, 0x00, 0x00, 0xFF, 0x40, 0x00, 0x00, 0x00, 0xFC, 0x00,
    0x00, 0x00, 0x07, 0xC0, 0x00, 0x00, 0x00, 0x07, 0x40, 0x00, 0x00, 0x00, 0x00, 0x00, 0x00, 0x00,
    0x00, 0x00, 0x00, 0x00, 0x00, 0x00, 0x00, 0x00, 0x00, 0x00, 0x00, 0x00, 0x00, 0x00, 0x00, 0x00,
    0x00, 0x00, 0x00, 0x00, 0x00, 0x00, 0x00, 0x00, 0x00, 0x00, 0x00, 0x00, 0x00, 0x00, 0x00, 0x00,
    0x00, 0x00, 0x00, 0x00, 0x00, 0x00, 0x00, 0x00, 0x00, 0x00, 0x00, 0x00, 0x00, 0x00, 0x07, 0xE4,
    0x00, 0x00, 0x00, 0x00, 0x00, 0x00, 0xB9, 0x00, 0x7F, 0xFD, 0x00, 0x00, 0x00, 0x00, 0x00, 0x0B,
    0xFE, 0x00, 0xBF, 0xE0, 0x00, 0x00, 0x00, 0x00, 0x00, 0x7F, 0xFD, 0x00, 0x6E, 0x00, 0x00, 0x00,
    0x00, 0x00, 0x00, 0x1B, 0xD0, 0x00, 0x00, 0x00, 0x00, 0x00, 0x00, 0x00, 0x00, 0x00, 0x00, 0x00,
    0x00, 0x00, 0x00, 0x00, 0x00, 0x00, 0x00, 0x00, 0x00, 0x00, 0x00, 0x00, 0x00, 0x00, 0x00, 0x00,
    0x00, 0x00, 0x00, 0x00, 0x00, 0x00, 0x00, 0x00, 0x00, 0x00, 0x00, 0x00, 0x00, 0x00, 0x00, 0x00,
    0x00, 0x00, 0x00, 0x00, 0x00, 0x00, 0x00, 0x00, 0x00, 0x00, 0x00, 0x40, 0x00, 0x00, 0x00, 0x00,
    0x40, 0x00, 0x00, 0x00, 0x1D, 0x00, 0x00, 0x00, 0x00, 0x7D, 0x00, 0x00, 0x00, 0x03, 0xF0, 0x00,
    0x00, 0x00, 0x2F, 0xF0, 0x00, 0x00, 0x00, 0x3F, 0x00, 0x00, 0x00, 0x0F, 0xF8, 0x00, 0x00, 0x00,
    0x00, 0xF8, 0x00, 0x00, 0x03, 0xF8, 0x00, 0x00, 0xFC, 0x00, 0x07, 0xC0, 0x00, 0x00, 0x18, 0x00,
    0x00, 0x0F, 0xC0, 0x00, 0x3E, 0x00, 0x00, 0x00, 0x00, 0x00, 0x00, 0xF8, 0x00, 0x00, 0xD0, 0x00,
    0x00, 0x00, 0x00, 0x00, 0x1F, 0x00, 0x00, 0x00, 0x00, 0x00, 0x00, 0x00, 0x00, 0x02, 0xF0, 0x00,
    0x00, 0x00, 0x00, 0x00, 0x00, 0x00, 0x00, 0x3D, 0x00, 0x00, 0x00, 0x00, 0x00, 0x00, 0x00, 0x00,
    0x03, 0xC0, 0x00, 0x00, 0x00, 0x00, 0x00, 0x00, 0x2A, 0x80, 0x00, 0xAA, 0x00, 0x00, 0x00, 0xFF,
    0x00, 0x0B, 0xFC, 0x00, 0x00, 0x03, 0xFD, 0x00, 0x3F, 0xE0, 0x00, 0x00, 0x0B, 0xFD, 0x07, 0xFF,
    0x00, 0x00, 0x00, 0x1F, 0xFF, 0xFF, 0xF4, 0x00, 0x00, 0x00, 0x1F, 0xFF, 0xFF, 0x40, 0x00, 0x00,
    0x00, 0x06, 0xFF, 0x90, 0x00, 0x00, 0x00, 0x00, 0x00, 0x00, 0x00, 0x00, 0x00, 0x00, 0x00, 0x00,
    0x00, 0x00, 0x00, 0x00, 0x3F, 0xD0, 0x00, 0x0F, 0xFF, 0x00, 0x01, 0xFF, 0x00, 0x00, 0xFF, 0xFC,
    0x00, 0x0B, 0xFC, 0x00, 0x0B, 0xFF, 0xF0, 0x00, 0x3F, 0xE0, 0x00, 0x7F, 0xFF, 0x80, 0x00, 0xFF,
    0x80, 0x03, 0xFF, 0xFD, 0x00, 0x07, 0xFD, 0x00, 0x2F, 0xFF, 0xF0, 0x00, 0x1F, 0xF0, 0x01, 0xFF,
    0xFF, 0xC0, 0x00, 0xBF, 0xC0, 0x0F, 0xFA, 0xFF, 0x00, 0x03, 0xFE, 0x00, 0xFF, 0xCF, 0xF8, 0x00,
    0x0F, 0xF4, 0x0B, 0xFD, 0x3F, 0xD0, 0x00, 0x7F, 0xD0, 0x7F, 0xE1, 0xFF, 0x00, 0x02, 0xFF, 0x03,
    0xFF, 0x0B, 0xFC, 0x00, 0x0B, 0xFC, 0x3F, 0xF0, 0x3F, 0xE0, 0x00, 0x3F, 0xE1, 0xFF, 0x40, 0xFF,
    0x40, 0x00, 0xFF, 0x4F, 0xF8, 0x03, 0xFD, 0x00, 0x07, 0xFC, 0xFF, 0xC0, 0x1F, 0xF0, 0x00, 0x2F,
    0xFB, 0xFD, 0x00, 0xBF, 0xC0, 0x00, 0xFF, 0xFF, 0xE0, 0x03, 0xFE, 0x00, 0x03, 0xFF, 0xFF, 0x00,
    0x0F, 0xF4, 0x00, 0x0F, 0xFF, 0xF0, 0x00, 0x7F, 0xE5, 0x50, 0x7F, 0xFF, 0x40, 0x01, 0xFF, 0xFF,
    0xC2, 0xFF, 0xF8, 0x00, 0x0B, 0xFF, 0xFD, 0x0F, 0xFF, 0xC0, 0x00, 0x3F, 0xFF, 0xF0, 0x3F, 0xFD,
    0x00, 0x00, 0xFF, 0xFF, 0x40, 0x00, 0x00, 0x00, 0x00, 0x0B, 0xFC, 0x00, 0x00, 0x00, 0x00, 0x00,
    0x3F, 0xE0, 0x00, 0x00, 0x00, 0x00, 0x03, 0xFF, 0x00, 0x00, 0x00, 0x00, 0x00, 0x1F, 0xF8, 0x00,
    0x00, 0x00, 0x00, 0x00, 0xFF, 0xC0, 0x00, 0x00, 0x00, 0x00, 0x0B, 0xFF, 0x00, 0x00, 0x00, 0x00,
    0x00, 0x3F, 0xF4, 0x00, 0x00, 0x6A, 0x40, 0x01, 0xA9, 0x00, 0xBF, 0x80, 0x03, 0xFD, 0x00, 0xBF,
    0xC0, 0x0B, 0xFC, 0x00, 0x7F, 0xE0, 0x2F, 0xF4, 0x00, 0x3F, 0xFF, 0xFF, 0xE0, 0x00, 0x0F, 0xFF,
    0xFF, 0x80, 0x00, 0x01, 0xBF, 0xE4, 0x00, 0x00, 0x00, 0x00, 0x00, 0x00, 0x00, 0x00, 0x00, 0x00,
    0x00, 0x03, 0xFF, 0x00, 0x1F, 0xF4, 0x03, 0xFF, 0x00, 0x2F, 0xF4, 0x03, 0xFE, 0x00, 0x3F, 0xF0,
    0x07, 0xFD, 0x00, 0x3F, 0xF0, 0x0B, 0xFD, 0x00, 0x7F, 0xE0, 0x0F, 0xFC, 0x00, 0x7F, 0xD0, 0x0F,
    0xFC, 0x00, 0xBF, 0xC0, 0x1F, 0xF8, 0x00, 0xFF, 0xC0, 0x1F, 0xF4, 0x00, 0xFF, 0xC0, 0x2F, 0xF4,
    0x01, 0xFF, 0x80, 0x3F, 0xF0, 0x02, 0xFF, 0x40, 0x3F, 0xF0, 0x03, 0xFF, 0x00, 0x3F, 0xE0, 0x07,
    0xFF, 0x00, 0x7F, 0xE0, 0x0F, 0xFF, 0x00, 0x3F, 0xF0, 0x3F, 0xFE, 0x00, 0x3F, 0xFF, 0xFF, 0xFF,
    0xFD, 0x2F, 0xFF, 0xF7, 0xFF, 0xFC, 0x0F, 0xFF, 0xD3, 0xFF, 0xF8, 0x02, 0xFE, 0x03, 0xFF, 0xF0,
    0x00, 0x00, 0x00, 0x2F, 0xE0, 0x00, 0x00, 0x00, 0x3F, 0xC0, 0x00, 0x00, 0x00, 0xBF, 0x80, 0x00,
    0x00, 0x01, 0xFF, 0x40, 0x00, 0x00, 0x03, 0xFF, 0x00, 0x00, 0x00, 0x0B, 0xFD, 0x00, 0x00, 0x0F,
    0xFC, 0x00, 0x00, 0x01, 0xFF, 0x80, 0x00, 0x03, 0xFF, 0xFF, 0xF4, 0x00, 0x7F, 0xFF, 0xFF, 0x40,
    0x07, 0xFF, 0xFF, 0xF0, 0x00, 0xBF, 0xFF, 0xFF, 0x00, 0x00, 0xBF, 0xD0, 0x00, 0x00, 0x0F, 0xFD,
    0x00, 0x00, 0x00, 0xFF, 0xC0, 0x00, 0x00, 0x0F, 0xFF, 0xF9, 0x00, 0x01, 0xFF, 0xFF, 0xFD, 0x00,
    0x2F, 0xFF, 0xFF, 0xF4, 0x03, 0xFF, 0xFF, 0xFF, 0xC0, 0x3F, 0xF0, 0x1F, 0xFE, 0x03, 0xFF, 0x00,
    0xBF, 0xE0, 0x7F, 0xE0, 0x07, 0xFF, 0x0B, 0xFD, 0x00, 0x7F, 0xF0, 0xFF, 0xC0, 0x0B, 0xFE, 0x0F,
    0xFC, 0x00, 0xFF, 0xD0, 0xFF, 0xC0, 0x7F, 0xFC, 0x1F, 0xFF, 0xFF, 0xFF, 0x42, 0xFF, 0xFF, 0xFF,
    0xE0, 0x3F, 0xFF, 0xFF, 0xF4, 0x03, 0xFF, 0xFF, 0xE4, 0x00, 0x00, 0x2A, 0x90, 0x00, 0x00, 0x0F,
    0xF8, 0x00, 0x00, 0x07, 0xFD, 0x00, 0x00, 0x02, 0xFF, 0x00, 0x00, 0x1F, 0xFF, 0xFF, 0xF0, 0x0B,
    0xFF, 0xFF, 0xFC, 0x03, 0xFF, 0xFF, 0xFE, 0x00, 0xFF, 0xFF, 0xFF, 0x40, 0x02, 0xFF, 0x40, 0x00,
    0x00, 0xFF, 0xC0, 0x00, 0x00, 0x3F, 0xF0, 0x00, 0x00, 0x0F, 0xF8, 0x00, 0x00, 0x07, 0xFD, 0x00,
    0x00, 0x02, 0xFF, 0x00, 0x00, 0x00, 0xFF, 0xC0, 0x00, 0x00, 0x3F, 0xFB, 0xFE, 0x40, 0x1F, 0xFF,
    0xFF, 0xF8, 0x07, 0xFF, 0xFF, 0xFF, 0x42, 0xFF, 0xFF, 0xFF, 0xF0, 0xFF, 0xC0, 0x1F, 0xFC, 0x3F,
    0xF0, 0x03, 0xFF, 0x0F, 0xFC, 0x00, 0xFF, 0xC3, 0xFF, 0x40, 0xFF, 0xE0, 0xFF, 0xFF, 0xFF, 0xF0,
    0x1F, 0xFF, 0xFF, 0xF4, 0x02, 0xFF, 0xFF, 0xF4, 0x00, 0x0B, 0xFF, 0x90, 0x00, 0x00, 0x0F, 0xFF,
    0xFE, 0x40, 0x00, 0x07, 0xFF, 0xFF, 0xFD, 0x00, 0x02, 0xFF, 0xFF, 0xFF, 0xD0, 0x00, 0xFF, 0xFF,
    0xFF, 0xFC, 0x00, 0x3F, 0xF0, 0x0B, 0xFF, 0x00, 0x1F, 0xF8, 0x00, 0xFF, 0xD0, 0x07, 0xFD, 0x00,
    0x2F, 0xF4, 0x02, 0xFF, 0x40, 0x0B, 0xFD, 0x00, 0xFF, 0xC1, 0xE3, 0xFF, 0x40, 0x3F, 0xF0, 0xFE,
    0xFF, 0xC0, 0x1F, 0xF8, 0x3F, 0xFF, 0xE0, 0x0B, 0xFF, 0xFF, 0xFF, 0xF0, 0x02, 0xFF, 0xFF, 0xFF,
    0xF0, 0x00, 0xFF, 0xFF, 0xFF, 0xE0, 0x00, 0x3F, 0xFF, 0xFF, 0xF8, 0x00, 0x1F, 0xF4, 0x00, 0x7F,
    0x00, 0x0B, 0xFD, 0x00, 0x0D, 0x00, 0x03, 0xFF, 0x00, 0x00, 0x00, 0x00, 0xFF, 0xC0, 0x00, 0x00,
    0x00, 0x3F, 0xE0, 0x00, 0x00, 0x00, 0x1F, 0xF8, 0x00, 0x00, 0x00, 0x0B, 0xFD, 0x00, 0x00, 0x00,
    0x03, 0xFF, 0x00, 0x00, 0x00, 0x00, 0xFF, 0xC0, 0x00, 0x00, 0x00, 0x00, 0x0B, 0xF0, 0x2F, 0xD0,
    0x00, 0x03, 0xFC, 0xBF, 0xFE, 0x00, 0x00, 0xFF, 0xBF, 0xFF, 0xD0, 0x00, 0x7F, 0xFF, 0xFF, 0xFC,
    0x00, 0x1F, 0xFE, 0x07, 0xFF, 0x00, 0x0B, 0xFE, 0x00, 0xFF, 0xD0, 0x03, 0xFF, 0x00, 0x2F, 0xF4,
    0x00, 0xFF, 0x80, 0x0B, 0xFD, 0x00, 0x7F, 0xD0, 0x02, 0xFF, 0x40, 0x1F, 0xF0, 0x00, 0xFF, 0xC0,
    0x0B, 0xFC, 0x00, 0x3F, 0xF0, 0x03, 0xFF, 0x02, 0x1F, 0xF8, 0x00, 0xFF, 0xCB, 0xEF, 0xFD, 0x00,
    0x7F, 0xF2, 0xFF, 0xFF, 0x00, 0x2F, 0xFE, 0x3F, 0xFF, 0x40, 0x0B, 0xFF, 0xFF, 0xFF, 0xC0, 0x03,
    0xFF, 0xFF, 0xFF, 0xC0, 0x00, 0xFF, 0x9F, 0xFF, 0xE0, 0x00, 0x7F, 0xD1, 0xFF, 0xFC, 0x00, 0x2F,
    0xF4, 0x00, 0x3F, 0x80, 0x0F, 0xFC, 0x00, 0x07, 0x80, 0x03, 0xFF, 0x00, 0x00, 0x00, 0x00, 0xFF,
    0x80, 0x00, 0x00, 0x00, 0x7F, 0xE0, 0x00, 0x00, 0x00, 0x2F, 0xF4, 0x00, 0x00, 0x00, 0x0F, 0xFC,
    0x00, 0x00, 0x00, 0x03, 0xFF, 0x00, 0x00, 0x00, 0x00, 0x00, 0x00, 0x00, 0x00, 0xAA, 0x00, 0x00,
    0x00, 0x00, 0xBF, 0xC0, 0x00, 0x00, 0x00, 0x3F, 0xE0, 0x00, 0x00, 0x00, 0x0F, 0xF8, 0x00, 0x00,
    0x00, 0x03, 0xFD, 0x00, 0x00, 0x00, 0x01, 0xFF, 0x00, 0x00, 0xFF, 0xFF, 0xFF, 0xC0, 0x00, 0x7F,
    0xFF, 0xFF, 0xE0, 0x00, 0x2F, 0xFF, 0xFF, 0xF4, 0x00, 0x0F, 0xFF, 0xFF, 0xFD, 0x00, 0x03, 0xFF,
    0x00, 0x00, 0x00, 0x01, 0xFF, 0x80, 0x00, 0x00, 0x00, 0x7F, 0xE0, 0x00, 0x00, 0x00, 0x2F, 0xF4,
    0x00, 0x00, 0x00, 0x0F, 0xFC, 0x00, 0x00, 0x00, 0x03, 0xFF, 0x00, 0x00, 0x00, 0x01, 0xFF, 0x80,
    0x00, 0x00, 0x00, 0xBF, 0xD0, 0x00, 0x00, 0x00, 0x2F, 0xF4, 0x00, 0x00, 0x00, 0x0F, 0xFC, 0x00,
    0x00, 0x00, 0x03, 0xFF, 0x00, 0x00, 0x00, 0x01, 0xFF, 0x80, 0x00, 0x00, 0x00, 0xBF, 0xD0, 0x00,
    0x00, 0x00, 0x3F, 0xF0, 0x00, 0x00, 0x00, 0x0F, 0xFC, 0x00, 0x00, 0x00, 0x03, 0xFF, 0x00, 0x00,
    0x00, 0x01, 0xFF, 0x80, 0x00, 0x00, 0x00, 0xBF, 0xD0, 0x00, 0x00, 0x00, 0x3F, 0xF0, 0x00, 0x00,
    0x00, 0x0F, 0xFC, 0x00, 0x00, 0x00, 0x00, 0x00, 0x00, 0x00, 0x2A, 0x80, 0x00, 0x00, 0x07, 0xFC,
    0x00, 0x00, 0x00, 0xBF, 0xC0, 0x00, 0x00, 0x0F, 0xFC, 0x00, 0x00, 0x00, 0xFF, 0x80, 0x0B, 0xFF,
    0xFF, 0xF4, 0x00, 0xFF, 0xFF, 0xFF, 0x00, 0x0F, 0xFF, 0xFF, 0xF0, 0x01, 0xFF, 0xFF, 0xFE, 0x00,
    0x1F, 0xF4, 0x00, 0x00, 0x02, 0xFF, 0x40, 0x00, 0x00, 0x3F, 0xF0, 0x00, 0x00, 0x03, 0xFF, 0x00,
    0x00, 0x00, 0x7F, 0xE0, 0x00, 0x00, 0x07, 0xFD, 0x00, 0x00, 0x00, 0xBF, 0xD0, 0x00, 0x00, 0x0F,
    0xFC, 0x00, 0x00, 0x00, 0xFF, 0xC0, 0x00, 0x00, 0x1F, 0xF8, 0x00, 0x00, 0x01, 0xFF, 0x40, 0x00,
    0x00, 0x2F, 0xF4, 0x00, 0x00, 0x03, 0xFF, 0x00, 0x00, 0x00, 0x3F, 0xF0, 0x00, 0x00, 0x07, 0xFE,
    0x00, 0x00, 0x00, 0x00, 0x0F, 0xFF, 0xFF, 0xFC, 0x00, 0x1F, 0xFF, 0xFF, 0xFC, 0x00, 0x2F, 0xFF,
    0xFF, 0xF8, 0x00, 0x3F, 0xFF, 0xFF, 0xF4, 0x00, 0x3F, 0xF0, 0x00, 0x00, 0x00, 0x7F, 0xE0, 0x00,
    0x00, 0x00, 0x7F, 0xE0, 0x00, 0x00, 0x00, 0xBF, 0xD0, 0x00, 0x00, 0x00, 0xFF, 0xC0, 0x00, 0x00,
    0x00, 0xFF, 0xC0, 0x00, 0x00, 0x2F, 0xFF, 0xFF, 0xE0, 0x00, 0x3F, 0xFF, 0xFF, 0xD0, 0x00, 0x3F,
    0xFF, 0xFF, 0xC0, 0x00, 0x7F, 0xFF, 0xFF, 0xC0, 0x00, 0x03, 0xFF, 0x00, 0x00, 0x00, 0x07, 0xFE,
    0x00, 0x00, 0x00, 0x0B, 0xFD, 0x00, 0x00, 0x00, 0x0F, 0xFC, 0x00, 0x00, 0x00, 0x0F, 0xFC, 0x00,
    0x00, 0x00, 0x0F, 0xFC, 0x00, 0x00, 0x00, 0x1F, 0xF8, 0x00, 0x00, 0x00, 0x2F, 0xF4, 0x00, 0x00,
    0x00, 0x3F, 0xF0, 0x00, 0x00, 0x00, 0x3F, 0xF0, 0x00, 0x00, 0x00, 0x00, 0x2F, 0xFF, 0xFF, 0xD0,
    0x03, 0xFF, 0xFF, 0xFC, 0x00, 0x3F, 0xFF, 0xFF, 0xC0, 0x03, 0xFF, 0xFF, 0xF8, 0x00, 0x7F, 0xD0,
    0x00, 0x00, 0x0B, 0xFC, 0x00, 0x00, 0x00, 0xFF, 0xC0, 0x00, 0x00, 0x0F, 0xFC, 0x00, 0x00, 0x1F,
    0xFF, 0xFF, 0xC0, 0x02, 0xFF, 0xFF, 0xF8, 0x00, 0x3F, 0xFF, 0xFF, 0x80, 0x03, 0xFF, 0xFF, 0xF4,
    0x00, 0x03, 0xFF, 0x00, 0x00, 0x00, 0x7F, 0xE0, 0x00, 0x00, 0x07, 0xFD, 0x00, 0x00, 0x00, 0xBF,
    0xC0, 0x00, 0x00, 0x0F, 0xFC, 0x00, 0x00, 0x00, 0xFF, 0xC0, 0x00, 0x00, 0x1F, 0xF8, 0x00, 0x00,
    0x00, 0x00, 0x0F, 0xFF, 0xFF, 0xFC, 0x00, 0x1F, 0xFF, 0xFF, 0xFC, 0x00, 0x2F, 0xFF, 0xFF, 0xF8,
    0x00, 0x3F, 0xFF, 0xFF, 0xF4, 0x00, 0x3F, 0xF0, 0x00, 0x00, 0x00, 0x7F, 0xE0, 0x00, 0x00, 0x00,
    0x7F, 0xD0, 0x00, 0x00, 0x00, 0xBF, 0xC0, 0x00, 0x00, 0x00, 0xFF, 0xC0, 0x00, 0x00, 0x00, 0xFF,
    0x80, 0x00, 0x00, 0x01, 0xFF, 0xFF, 0xE4, 0x00, 0x02, 0xFF, 0xFF, 0xFF, 0x00, 0x02, 0xFF, 0xFF,
    0xFF, 0xC0, 0x03, 0xFF, 0xFF, 0xFF, 0xF0, 0x03, 0xFE, 0x00, 0xFF, 0xF4, 0x07, 0xFD, 0x00, 0x3F,
    0xFC, 0x0B, 0xFC, 0x00, 0x1F, 0xFC, 0x0F, 0xFC, 0x00, 0x0F, 0xFD, 0x0F, 0xFC, 0x00, 0x0F, 0xFD,
    0x0F, 0xF8, 0x00, 0x0B, 0xFD, 0x1F, 0xF4, 0x00, 0x0B, 0xFD, 0x2F, 0xF0, 0x00, 0x0F, 0xFC, 0x3F,
    0xF0, 0x00, 0x0F, 0xFC, 0x3F, 0xF0, 0x00, 0x1F, 0xFC, 0x00, 0x00, 0x00, 0x2F, 0xF8, 0x00, 0x00,
    0x00, 0x3F, 0xF0, 0x00, 0x00, 0x00, 0xFF, 0xE0, 0x00, 0x90, 0x07, 0xFF, 0xC0, 0x00, 0xFF, 0xFF,
    0xFF, 0x40, 0x00, 0xFF, 0xFF, 0xFD, 0x00, 0x00, 0xFF, 0xFF, 0xF4, 0x00, 0x00, 0x6F, 0xFE, 0x40,
    0x00, 0x00, 0xBF, 0xFF, 0xFF, 0x40, 0x3F, 0xFF, 0xFF, 0xC0, 0x0F, 0xFF, 0xFF, 0xF0, 0x03, 0xFF,
    0xFF, 0xF8, 0x01, 0xFF, 0x40, 0x00, 0x00, 0xBF, 0xC0, 0x00, 0x00, 0x3F, 0xF0, 0x00, 0x00, 0x0F,
    0xFC, 0x00, 0x00, 0x07, 0xFF, 0xFF, 0x40, 0x01, 0xFF, 0xFF, 0xFC, 0x00, 0xBF, 0xFF, 0xFF, 0x80,
    0x3F, 0xFF, 0xFF, 0xF0, 0x0F, 0xFC, 0x1F, 0xFE, 0x07, 0xFE, 0x01, 0xFF, 0xC1, 0xFF, 0x40, 0x3F,
    0xF0, 0xBF, 0xC0, 0x0F, 0xFC, 0x3F, 0xF0, 0x03, 0xFF, 0x0F, 0xFC, 0x00, 0xFF, 0xC7, 0xFE, 0x00,
    0x3F, 0xE0, 0x00, 0x00, 0x1F, 0xF8, 0x00, 0x00, 0x0F, 0xFC, 0x00, 0x00, 0x0B, 0xFF, 0x00, 0x50,
    0x0B, 0xFF, 0x40, 0x1F, 0xFF, 0xFF, 0x80, 0x07, 0xFF, 0xFF, 0xC0, 0x01, 0xFF, 0xFF, 0x80, 0x00,
    0x2F, 0xFE, 0x00, 0x00, 0x00, 0x07, 0xFE, 0x00, 0x0F, 0xFC, 0x00, 0x3F, 0xF0, 0x00, 0x0F, 0xFC,
    0x00, 0x3F, 0xE0, 0x03, 0xFF, 0x40, 0x00, 0x1F, 0xF4, 0x01, 0xFF, 0x40, 0x2F, 0xF8, 0x00, 0x00,
    0x3F, 0xF0, 0x0B, 0xFC, 0x01, 0xFF, 0xC0, 0x00, 0x00, 0xBF, 0xC0, 0x3F, 0xF0, 0x0F, 0xFC, 0x00,
    0x00, 0x01, 0xFF, 0x80, 0xFF, 0x80, 0xFF, 0xC0, 0x00, 0x00, 0x03, 0xFF, 0x03, 0xFE, 0x0F, 0xFD,
    0x00, 0x00, 0x00, 0x07, 0xFD, 0x1F, 0xF4, 0xBF, 0xE0, 0x00, 0x00, 0x00, 0x0F, 0xF8, 0xBF, 0xC7,
    0xFF, 0x00, 0x00, 0x00, 0x00, 0x2F, 0xF3, 0xFF, 0x3F, 0xF0, 0x00, 0x00, 0x00, 0x00, 0x7F, 0xEF,
    0xFB, 0xFF, 0x00, 0x00, 0x00, 0x00, 0x00, 0xFF, 0xFF, 0xFF, 0xF4, 0x00, 0x00, 0x00, 0x00, 0x0F,
    0xFF, 0xFF, 0xFF, 0xD0, 0x00, 0x00, 0x00, 0x00, 0xFF, 0xEB, 0xFD, 0xFF, 0xC0, 0x00, 0x00, 0x00,
    0x0B, 0xFF, 0x3F, 0xF3, 0xFF, 0x00, 0x00, 0x00, 0x00, 0x7F, 0xF0, 0xFF, 0x87, 0xFE, 0x00, 0x00,
    0x00, 0x03, 0xFF, 0x47, 0xFD, 0x0F, 0xFC, 0x00, 0x00, 0x00, 0x3F, 0xF8, 0x2F, 0xF0, 0x2F, 0xF4,
    0x00, 0x00, 0x02, 0xFF, 0x80, 0xFF, 0xC0, 0x7F, 0xE0, 0x00, 0x00, 0x1F, 0xFC, 0x03, 0xFF, 0x00,
    0xFF, 0xC0, 0x00, 0x01, 0xFF, 0xC0, 0x0F, 0xF8, 0x02, 0xFF, 0xFE, 0x00, 0x0F, 0xFD, 0x00, 0x7F,
    0xD0, 0x03, 0xFF, 0xF4, 0x00, 0xFF, 0xE0, 0x02, 0xFF, 0x00, 0x0F, 0xFF, 0xC0, 0x0B, 0xFF, 0x00,
    0x0F, 0xFC, 0x00, 0x1F, 0xFF, 0x00, 0x00, 0x00, 0x00, 0x00, 0x00, 0x00, 0x0F, 0xFC, 0x00, 0x00,
    0x00, 0x00, 0x00, 0x00, 0x00, 0x7F, 0xE0, 0x00, 0x00, 0x00, 0x00, 0x00, 0x00, 0x02, 0xFF, 0x40,
    0x00, 0x00, 0x00, 0x00, 0x00, 0x00, 0x0F, 0xFC, 0x00, 0x00, 0x00, 0x00, 0x00, 0x00, 0x00, 0x3F,
    0xF0, 0x00, 0x00, 0x00, 0x00, 0x00, 0x00, 0x00, 0xFF, 0x80, 0x00, 0x00, 0x00, 0x00, 0x00, 0x00,
    0x07, 0xFE, 0x00, 0x00, 0x02, 0xFF, 0x80, 0x00, 0xBF, 0xC0, 0x01, 0xBF, 0xC0, 0x3F, 0xFF, 0x40,
    0x0F, 0xFC, 0x00, 0xFF, 0xFC, 0x03, 0xFF, 0xFC, 0x00, 0xFF, 0x80, 0x7F, 0xFF, 0xC0, 0x3F, 0xFF,
    0xF0, 0x1F, 0xF4, 0x0F, 0xFF, 0xF8, 0x00, 0x07, 0xFF, 0x02, 0xFF, 0x02, 0xFF, 0xD0, 0x00, 0x00,
    0x3F, 0xF0, 0x2F, 0xF0, 0x7F, 0xF4, 0x00, 0x00, 0x02, 0xFF, 0x03, 0xFE, 0x0B, 0xFE, 0x00, 0x00,
    0x00, 0x2F, 0xFF, 0xFF, 0xFF, 0xFF, 0xD0, 0x00, 0x00, 0x02, 0xFF, 0xFF, 0xFF, 0xFF, 0xFC, 0x00,
    0x00, 0x00, 0x3F, 0xFF, 0xFF, 0xFF, 0xFF, 0x80, 0x00, 0x00, 0x03, 0xFF, 0xFF, 0xFF, 0xFF, 0xF8,
    0x00, 0x00, 0x00, 0x7F, 0xE0, 0xFF, 0xC1, 0xFF, 0x80, 0x00, 0x00, 0x0F, 0xFD, 0x0F, 0xF8, 0x1F,
    0xF8, 0x00, 0x00, 0x01, 0xFF, 0xC1, 0xFF, 0x40, 0xFF, 0xC0, 0x00, 0x00, 0x7F, 0xF4, 0x1F, 0xF0,
    0x0F, 0xFD, 0x00, 0x02, 0xFF, 0xFE, 0x02, 0xFF, 0x00, 0xBF, 0xFF, 0xD0, 0x3F, 0xFF, 0xC0, 0x3F,
    0xF0, 0x03, 0xFF, 0xFC, 0x03, 0xFF, 0xE0, 0x03, 0xFE, 0x00, 0x0F, 0xFF, 0xC0, 0x3F, 0xE0, 0x00,
    0x7F, 0xD0, 0x00, 0x1F, 0xF8, 0x00, 0x00, 0x00, 0x00, 0x00, 0x00, 0x00, 0xFF, 0x80, 0x00, 0x00,
    0x00, 0x00, 0x00, 0x00, 0x0F, 0xF4, 0x00, 0x00, 0x00, 0x00, 0x00, 0x00, 0x01, 0xFF, 0x00, 0x00,
    0x00, 0x00, 0x00, 0x00, 0x00, 0x2F, 0xF0, 0x00, 0x00, 0x00, 0x00, 0x00, 0x00, 0x03, 0xFE, 0x00,
    0x00, 0x00, 0x00, 0x00, 0x00, 0x00, 0x3F, 0xD0, 0x00, 0x00, 0x00, 0x00, 0x00, 0x00, 0x00, 0x00,
    0x00, 0x00, 0x06, 0xFF, 0xF8, 0x00, 0x01, 0xFF, 0xFF, 0xFF, 0x80, 0x01, 0xFF, 0xFF, 0xFF, 0xF0,
    0x00, 0xFF, 0xFF, 0xFF, 0xF4, 0x00, 0x79, 0x00, 0x7F, 0xFC, 0x00, 0x00, 0x00, 0x1F, 0xFC, 0x00,
    0x00, 0x00, 0x1F, 0xF8, 0x00, 0x00, 0x00, 0x2F, 0xF4, 0x00, 0x00, 0x01, 0xBF, 0xF0, 0x00, 0x1F,
    0xFF, 0xFF, 0x80, 0x00, 0x2F, 0xFF, 0xF8, 0x00, 0x00, 0x3F, 0xFF, 0xE4, 0x00, 0x00, 0x3F, 0xFF,
    0xFE, 0x00, 0x00, 0x00, 0x1B, 0xFF, 0x40, 0x00, 0x00, 0x01, 0xFF, 0xC0, 0x00, 0x00, 0x00, 0xFF,
    0xC0, 0x00, 0x00, 0x00, 0xFF, 0xC0, 0x00, 0x00, 0x01, 0xFF, 0xC0, 0x00, 0x00, 0x03, 0xFF, 0xC0,
    0x7D, 0x40, 0x6F, 0xFF, 0x40, 0x7F, 0xFF, 0xFF, 0xFF, 0x00, 0x7F, 0xFF, 0xFF, 0xFC, 0x00, 0x7F,
    0xFF, 0xFF, 0xE0, 0x00, 0x06, 0xFF, 0xF9, 0x00, 0x00, 0x00, 0x07, 0xF0, 0x00, 0x00, 0x00, 0x03,
    0xF4, 0x00, 0x00, 0x00, 0x02, 0xF8, 0x00, 0x00, 0x00, 0x02, 0xFC, 0x00, 0x00, 0x00, 0x03, 0xFC,
    0x00, 0x00, 0x01, 0xFF, 0xF8, 0x00, 0x00, 0x01, 0xFF, 0xF0, 0x00, 0x00, 0x01, 0xFF, 0x80, 0x00,
    0x00, 0x00, 0x6F, 0xFE, 0x40, 0x07, 0xFF, 0xFF, 0xF0, 0x03, 0xFF, 0xFF, 0xFC, 0x02, 0xFF, 0xFF,
    0xFE, 0x01, 0x40, 0x0B, 0xFE, 0x00, 0x00, 0x03, 0xFE, 0x00, 0x00, 0x0B, 0xFD, 0x00, 0x7F, 0xFF,
    0xF8, 0x00, 0xBF, 0xFF, 0x90, 0x00, 0xFF, 0xFF, 0x40, 0x00, 0xFF, 0xFF, 0xF0, 0x00, 0x00, 0x7F,
    0xF4, 0x00, 0x00, 0x1F, 0xF8, 0x00, 0x00, 0x1F, 0xF8, 0x60, 0x00, 0x7F, 0xF4, 0x7F, 0xFF, 0xFF,
    0xF0, 0x7F, 0xFF, 0xFF, 0xD0, 0x7F, 0xFF, 0xFF, 0x40, 0x1B, 0xFF, 0xE4, 0x00, 0x00, 0x0F, 0xC0,
    0x00, 0x00, 0x0B, 0xE0, 0x00, 0x00, 0x07, 0xF0, 0x00, 0x00, 0x07, 0xF0, 0x00, 0x00, 0x0F, 0xF0,
    0x00, 0x03, 0xFF, 0xF0, 0x00, 0x07, 0xFF, 0xC0, 0x00, 0x03, 0xFE, 0x00, 0x00, 0x00, 0x0F, 0xFC,
    0x00, 0x3F, 0xF4, 0x00, 0x7F, 0xE0, 0x03, 0xFF, 0x80, 0x02, 0xFF, 0x40, 0x2F, 0xFC, 0x00, 0x0F,
    0xFC, 0x01, 0xFF, 0xC0, 0x00, 0x3F, 0xF0, 0x0F, 0xFD, 0x00, 0x01, 0xFF, 0x80, 0xFF, 0xE0, 0x00,
    0x07, 0xFD, 0x0F, 0xFE, 0x00, 0x00, 0x2F, 0xF4, 0xBF, 0xF0, 0x00, 0x00, 0xFF, 0xC7, 0xFF, 0x00,
    0x00, 0x03, 0xFF, 0x3F, 0xF4, 0x00, 0x00, 0x1F, 0xFB, 0xFF, 0x80, 0x00, 0x00, 0xBF, 0xFF, 0xF8,
    0x00, 0x00, 0x02, 0xFF, 0xFF, 0xE0, 0x00, 0x00, 0x0F, 0xFD, 0xFF, 0xC0, 0x00, 0x00, 0x3F, 0xF3,
    0xFF, 0x40, 0x00, 0x01, 0xFF, 0x87, 0xFF, 0x00, 0x00, 0x0B, 0xFD, 0x0F, 0xFD, 0x00, 0x00, 0x3F,
    0xF0, 0x2F, 0xF8, 0x00, 0x00, 0xFF, 0xC0, 0x7F, 0xF0, 0x00, 0x03, 0xFF, 0x00, 0xFF, 0xD0, 0x00,
    0x1F, 0xF8, 0x02, 0xFF, 0xFF, 0xD0, 0xBF, 0xD0, 0x03, 0xFF, 0xFF, 0x03, 0xFF, 0x00, 0x0F, 0xFF,
    0xFC, 0x0F, 0xFC, 0x00, 0x1F, 0xFF, 0xE0, 0x00, 0x00, 0x00, 0x01, 0xFF, 0x40, 0x00, 0x00, 0x00,
    0x0B, 0xFC, 0x00, 0x00, 0x00, 0x00, 0x3F, 0xF0, 0x00, 0x00, 0x00, 0x00, 0xFF, 0xC0, 0x00, 0x00,
    0x00, 0x07, 0xFE, 0x00, 0x00, 0x00, 0x00, 0x2F, 0xF4, 0x00, 0x00, 0x00, 0x00, 0xFF, 0xC0, 0x00,
    0x00, 0xBF, 0xD0, 0x0B, 0xFF, 0x00, 0x3F, 0xF0, 0x07, 0xFF, 0x00, 0x0F, 0xFC, 0x03, 0xFF, 0x40,
    0x03, 0xFE, 0x03, 0xFF, 0x80, 0x01, 0xFF, 0x83, 0xFF, 0x80, 0x00, 0xBF, 0xD2, 0xFF, 0xC0, 0x00,
    0x3F, 0xF1, 0xFF, 0xC0, 0x00, 0x0F, 0xFC, 0xFF, 0xD0, 0x00, 0x07, 0xFF, 0xFF, 0xE0, 0x00, 0x01,
    0xFF, 0xFF, 0xF0, 0x00, 0x00, 0xBF, 0xEF, 0xFC, 0x00, 0x00, 0x3F, 0xF3, 0xFF, 0x40, 0x00, 0x0F,
    0xFC, 0x7F, 0xF0, 0x00, 0x07, 0xFE, 0x0F, 0xFD, 0x00, 0x01, 0xFF, 0x41, 0xFF, 0xC0, 0x00, 0xBF,
    0xC0, 0x3F, 0xFF, 0xF0, 0x3F, 0xF0, 0x0B, 0xFF, 0xF8, 0x0F, 0xFC, 0x00, 0xFF, 0xFE, 0x07, 0xFE,
    0x00, 0x2F, 0xFF, 0x40, 0x00, 0x00, 0x00, 0x7F, 0xC0, 0x00, 0x00, 0x00, 0x2F, 0xF0, 0x00, 0x00,
    0x00, 0x0B, 0xF8, 0x00, 0x00, 0x00, 0x03, 0xFE, 0x00, 0x00, 0x00, 0x00, 0xFF, 0x40, 0x00, 0x00,
    0x00, 0x7F, 0xC0, 0x00, 0x00, 0x00, 0x2F, 0xF0, 0x00, 0x00, 0x0F, 0xFC, 0x00, 0x1F, 0xFC, 0x00,
    0x1F, 0xF8, 0x00, 0x3F, 0xF4, 0x00, 0x2F, 0xF4, 0xB8, 0xFF, 0xD0, 0x00, 0x3F, 0xF0, 0xFB, 0xFF,
    0x80, 0x00, 0x3F, 0xF0, 0xFF, 0xFF, 0x00, 0x00, 0x7F, 0xF0, 0xFF, 0xFC, 0x00, 0x00, 0x7F, 0xE1,
    0xFF, 0xF0, 0x00, 0x00, 0xBF, 0xD2, 0xFF, 0xD0, 0x00, 0x00, 0xFF, 0xC3, 0xFF, 0x40, 0x00, 0x00,
    0xFF, 0xCB, 0xFE, 0x00, 0x00, 0x01, 0xFF, 0xEF, 0xF8, 0x00, 0x00, 0x02, 0xFF, 0xFF, 0xF0, 0x00,
    0x00, 0x02, 0xFF, 0xFF, 0xD0, 0x00, 0x00, 0x03, 0xFF, 0x7F, 0xF0, 0x00, 0x00, 0x03, 0xFF, 0x2F,
    0xF4, 0x00, 0x00, 0x07, 0xFE, 0x1F, 0xFC, 0x00, 0x00, 0x0B, 0xFE, 0x1F, 0xFD, 0x00, 0x00, 0x0F,
    0xFD, 0x2F, 0xFF, 0x00, 0x00, 0x0F, 0xFC, 0x3F, 0xFF, 0x40, 0x00, 0x0F, 0xFC, 0x3E, 0xFF, 0xC0,
    0x00, 0x1F, 0xF8, 0x7C, 0xFF, 0xD0, 0x00, 0x2F, 0xF4, 0x7C, 0xBF, 0xF0, 0x00, 0x3F, 0xF0, 0x00,
    0x3F, 0xF0, 0x00, 0x3F, 0xF0, 0x00, 0x2F, 0xF8, 0x00, 0x00, 0xBF, 0xC0, 0x0B, 0xFF, 0x00, 0x3F,
    0xF0, 0x07, 0xFF, 0x00, 0x0F, 0xFC, 0xF7, 0xFF, 0x00, 0x07, 0xFE, 0x7F, 0xFF, 0x40, 0x02, 0xFF,
    0x6F, 0xFF, 0x40, 0x00, 0xFF, 0xCF, 0xFF, 0x80, 0x00, 0x3F, 0xF3, 0xFF, 0xC0, 0x00, 0x0F, 0xFA,
    0xFF, 0xC0, 0x00, 0x07, 0xFF, 0xFF, 0xC0, 0x00, 0x02, 0xFF, 0xFF, 0xE0, 0x00, 0x00, 0xFF, 0xDF,
    0xFC, 0x00, 0x00, 0x3F, 0xF3, 0xFF, 0x40, 0x00, 0x0F, 0xF9, 0xFF, 0xF0, 0x00, 0x07, 0xFD, 0x7F,
    0xFD, 0x00, 0x02, 0xFF, 0x6F, 0xFF, 0xC0, 0x00, 0xFF, 0xCF, 0x7F, 0xF4, 0x00, 0x3F, 0xF3, 0xCB,
    0xFE, 0x00, 0x0F, 0xF8, 0x00, 0xFF, 0xC0, 0x07, 0xFD, 0x00, 0x2F, 0xF8, 0x00, 0x00, 0x0F, 0xFC,
    0x00, 0x3F, 0xFC, 0x00, 0x1F, 0xF8, 0x00, 0xBF, 0xF0, 0x03, 0xFF, 0xFF, 0x42, 0xFF, 0xC0, 0x03,
    0xFF, 0xFF, 0x47, 0xFF, 0x40, 0x07, 0xFF, 0xFF, 0x0F, 0xFD, 0x00, 0x0B, 0xFF, 0xFE, 0x3F, 0xF8,
    0x00, 0x00, 0xBF, 0xD0, 0xFF, 0xE0, 0x00, 0x00, 0xFF, 0xC2, 0xFF, 0xC0, 0x00, 0x00, 0xFF, 0xC7,
    0xFF, 0x00, 0x00, 0x00, 0xFF, 0xCF, 0xFC, 0x00, 0x00, 0x01, 0xFF, 0xFF, 0xF4, 0x00, 0x00, 0x02,
    0xFF, 0xFF, 0xE0, 0x00, 0x00, 0x03, 0xFF, 0xBF, 0xF0, 0x00, 0x00, 0x03, 0xFF, 0x3F, 0xF0, 0x00,
    0x00, 0x03, 0xFF, 0x2F, 0xF8, 0x00, 0x00, 0x07, 0xFE, 0x1F, 0xFC, 0x00, 0x00, 0x0B, 0xFD, 0x0F,
    0xFD, 0x00, 0x00, 0x0F, 0xFC, 0x07, 0xFF, 0x00, 0x00, 0x0F, 0xFC, 0x03, 0xFF, 0x40, 0x00, 0x0F,
    0xFC, 0x02, 0xFF, 0x80, 0x00, 0x1F, 0xF8, 0x01, 0xFF, 0xC0, 0x00, 0x2F, 0xF4, 0x00, 0xFF, 0xE0,
    0x00, 0x3F, 0xF0, 0x00, 0xBF, 0xF0, 0x00, 0x3F, 0xF0, 0x00, 0x3F, 0xF4, 0x00, 0x00, 0x0F, 0xFC,
    0x00, 0x00, 0x00, 0x07, 0xFE, 0x00, 0x00, 0x00, 0x3F, 0xFF, 0xFF, 0xC0, 0x00, 0x1F, 0xFF, 0xFF,
    0xF0, 0x00, 0x0B, 0xFF, 0xFF, 0xFC, 0x00, 0x03, 0xFF, 0xFF, 0xFE, 0x00, 0x00, 0x07, 0xFE, 0x00,
    0x00, 0x00, 0x02, 0xFF, 0x40, 0x2F, 0xFC, 0x00, 0xFF, 0xC0, 0x1F, 0xFC, 0x00, 0x3F, 0xF0, 0x1F,
    0xFD, 0x00, 0x0F, 0xF8, 0x0F, 0xFD, 0x00, 0x07, 0xFE, 0x0F, 0xFE, 0x00, 0x02, 0xFF, 0x4B, 0xFF,
    0x00, 0x00, 0xFF, 0xCB, 0xFF, 0x00, 0x00, 0x3F, 0xF7, 0xFF, 0x00, 0x00, 0x0F, 0xFF, 0xFF, 0x40,
    0x00, 0x07, 0xFF, 0xFF, 0x80, 0x00, 0x02, 0xFF, 0xBF, 0xF0, 0x00, 0x00, 0xFF, 0xCF, 0xFD, 0x00,
    0x00, 0x3F, 0xF1, 0xFF, 0xC0, 0x00, 0x1F, 0xF8, 0x3F, 0xF4, 0x00, 0x07, 0xFD, 0x07, 0xFF, 0x00,
    0x02, 0xFF, 0x00, 0xFF, 0xD0, 0x00, 0xFF, 0xC0, 0x2F, 0xFC, 0x00, 0x3F, 0xF0, 0x03, 0xFF, 0x40,
    0x1F, 0xF8, 0x00, 0xBF, 0xF0, 0x00, 0x1F, 0xFF, 0xFF, 0x00, 0x0F, 0xFE, 0x0B, 0xFF, 0xFF, 0x80,
    0x0F, 0xFF, 0x03, 0xFF, 0xFF, 0xD0, 0x0B, 0xFF, 0x00, 0xFF, 0xFF, 0xF0, 0x07, 0xFF, 0x00, 0x00,
    0x0F, 0xFC, 0x03, 0xFF, 0x40, 0x00, 0x07, 0xFE, 0x03, 0xFF, 0x80, 0x00, 0x02, 0xFF, 0x43, 0xFF,
    0x80, 0x00, 0x00, 0xFF, 0xD2, 0xFF, 0xC0, 0x00, 0x00, 0x3F, 0xF1, 0xFF, 0xC0, 0x00, 0x00, 0x0F,
    0xFC, 0xFF, 0xD0, 0x00, 0x00, 0x07, 0xFE, 0xFF, 0xD0, 0x00, 0x00, 0x02, 0xFF, 0xFF, 0xE0, 0x00,
    0x00, 0x00, 0xFF, 0xEF, 0xF8, 0x00, 0x00, 0x00, 0x3F, 0xF3, 0xFF, 0x00, 0x00, 0x00, 0x0F, 0xFC,
    0xBF, 0xE0, 0x00, 0x00, 0x07, 0xFE, 0x1F, 0xFC, 0x00, 0x00, 0x02, 0xFF, 0x43, 0xFF, 0x40, 0x00,
    0x00, 0xFF, 0xC0, 0xBF, 0xF0, 0x00, 0x00, 0x3F, 0xF0, 0x0F, 0xFC, 0x00, 0x00, 0x1F, 0xFC, 0x03,
    0xFF, 0x80, 0x00, 0x07, 0xFE, 0x00, 0x7F, 0xF0, 0x00, 0x02, 0xFF, 0x40, 0x0F, 0xFD, 0x00, 0x00,
    0xFF, 0xC0, 0x02, 0xFF, 0xC0, 0x00, 0x3F, 0xF0, 0x00, 0x7F, 0xF4, 0x00, 0x3F, 0xFF, 0xFC, 0x00,
    0xFF, 0xF1, 0xFF, 0xFF, 0xF0, 0x0B, 0xFF, 0x0B, 0xFF, 0xFF, 0xC0, 0x7F, 0xF0, 0x2F, 0xFF, 0xFE,
    0x03, 0xFF, 0x40, 0x00, 0x2F, 0xF4, 0x3F, 0xF8, 0x00, 0x00, 0xFF, 0xC3, 0xFF, 0x80, 0x00, 0x03,
    0xFF, 0x2F, 0xFC, 0x00, 0x00, 0x0F, 0xF9, 0xFF, 0xC0, 0x00, 0x00, 0x7F, 0xFF, 0xFD, 0x00, 0x00,
    0x02, 0xFF, 0xFF, 0xE0, 0x00, 0x00, 0x0F, 0xFE, 0xFF, 0xC0, 0x00, 0x00, 0x3F, 0xF3, 0xFF, 0x40,
    0x00, 0x00, 0xFF, 0x8B, 0xFF, 0x00, 0x00, 0x07, 0xFD, 0x0F, 0xFD, 0x00, 0x00, 0x2F, 0xF4, 0x2F,
    0xFC, 0x00, 0x00, 0xFF, 0xC0, 0x3F, 0xF4, 0x00, 0x03, 0xFF, 0x00, 0xBF, 0xE0, 0x00, 0x0F, 0xF8,
    0x00, 0xFF, 0xC0, 0x00, 0x7F, 0xD0, 0x03, 0xFF, 0x80, 0x00, 0x00, 0x0F, 0xFC, 0x00, 0x0B, 0xFD,
    0x00, 0x1F, 0xF8, 0x00, 0x0F, 0xFC, 0x00, 0x2F, 0xF4, 0x00, 0x0F, 0xFC, 0x00, 0x3F, 0xF0, 0x00,
    0x0F, 0xFC, 0x00, 0x3F, 0xF0, 0x00, 0x1F, 0xF8, 0x00, 0x7F, 0xE0, 0x00, 0x2F, 0xF4, 0x00, 0x7F,
    0xD0, 0x00, 0x3F, 0xF0, 0x00, 0xBF, 0xC0, 0x00, 0x3F, 0xF0, 0x00, 0xFF, 0xC0, 0x00, 0x7F, 0xE0,
    0x00, 0xFF, 0xFF, 0xFF, 0xFF, 0xE0, 0x01, 0xFF, 0xFF, 0xFF, 0xFF, 0xD0, 0x02, 0xFF, 0xFF, 0xFF,
    0xFF, 0xC0, 0x02, 0xFF, 0xFF, 0xFF, 0xFF, 0xC0, 0x03, 0xFF, 0x00, 0x01, 0xFF, 0x80, 0x03, 0xFE,
    0x00, 0x02, 0xFF, 0x40, 0x07, 0xFE, 0x00, 0x03, 0xFF, 0x00, 0x0B, 0xFD, 0x00, 0x03, 0xFF, 0x00,
    0x0F, 0xFC, 0x00, 0x03, 0xFF, 0x00, 0x0F, 0xFC, 0x00, 0x07, 0xFE, 0x00, 0x0F, 0xF8, 0x00, 0x0B,
    0xFD, 0x00, 0x1F, 0xF8, 0x00, 0x0F, 0xFF, 0xFF, 0x2F, 0xF4, 0x00, 0x0F, 0xFF, 0xFE, 0x3F, 0xF0,
    0x00, 0x0F, 0xFF, 0xFD, 0x3F, 0xF0, 0x00, 0x1F, 0xFF, 0xFC, 0x00, 0x00, 0x00, 0x00, 0x0F, 0xFC,
    0x00, 0x00, 0x00, 0x00, 0x0F, 0xFC, 0x00, 0x00, 0x00, 0x00, 0x1F, 0xF8, 0x00, 0x00, 0x00, 0x00,
    0x2F, 0xF4, 0x00, 0x00, 0x00, 0x00, 0x3F, 0xF0, 0x00, 0x00, 0x00, 0x00, 0x3F, 0xF0, 0x00, 0x00,
    0x00, 0x00, 0x3F, 0xE0, 0x00, 0xBF, 0xD0, 0x03, 0xFF, 0x00, 0x3F, 0xF0, 0x01, 0xFF, 0x80, 0x0F,
    0xFC, 0x00, 0xBF, 0xD0, 0x03, 0xFE, 0x00, 0x3F, 0xF0, 0x01, 0xFF, 0x80, 0x0F, 0xFC, 0x00, 0xBF,
    0xD0, 0x03, 0xFF, 0x00, 0x3F, 0xF0, 0x01, 0xFF, 0x80, 0x0F, 0xFF, 0xFF, 0xFF, 0xD0, 0x07, 0xFF,
    0xFF, 0xFF, 0xF0, 0x01, 0xFF, 0xFF, 0xFF, 0xFC, 0x00, 0xBF, 0xFF, 0xFF, 0xFF, 0x00, 0x3F, 0xF0,
    0x01, 0xFF, 0x80, 0x0F, 0xFC, 0x00, 0xBF, 0xD0, 0x07, 0xFE, 0x00, 0x3F, 0xF0, 0x01, 0xFF, 0x40,
    0x0F, 0xFC, 0x00, 0xBF, 0xD0, 0x03, 0xFF, 0xFE, 0x3F, 0xF0, 0x01, 0xFF, 0xFF, 0x4F, 0xFC, 0x00,
    0xBF, 0xFF, 0xC7, 0xFE, 0x00, 0x3F, 0xFF, 0xF0, 0x00, 0x00, 0x00, 0x0F, 0xFC, 0x00, 0x00, 0x00,
    0x03, 0xFE, 0x00, 0x00, 0x00, 0x01, 0xFF, 0x40, 0x00, 0x00, 0x00, 0xBF, 0xC0, 0x00, 0x00, 0x00,
    0x2F, 0xF0, 0x00, 0x00, 0x00, 0x0F, 0xFC, 0x00, 0x00, 0x00, 0x03, 0xFE, 0x00, 0x00, 0x0F, 0xFC,
    0x00, 0x0B, 0xFF, 0xFF, 0x40, 0x07, 0xFE, 0x00, 0x03, 0xFF, 0xFF, 0xC0, 0x02, 0xFF, 0x40, 0x00,
    0xFF, 0xFF, 0xF0, 0x00, 0xFF, 0xC0, 0x00, 0x3F, 0xFF, 0xF8, 0x00, 0x3F, 0xF0, 0x00, 0x1F, 0xF4,
    0x00, 0x00, 0x1F, 0xF8, 0x00, 0x0B, 0xFD, 0x00, 0x00, 0x07, 0xFD, 0x00, 0x03, 0xFF, 0x00, 0x00,
    0x02, 0xFF, 0x00, 0x00, 0xFF, 0xC0, 0x00, 0x00, 0xFF, 0xC0, 0x00, 0x7F, 0xE0, 0x00, 0x00, 0x3F,
    0xFF, 0xFF, 0xFF, 0xF4, 0x00, 0x00, 0x1F, 0xFF, 0xFF, 0xFF, 0xFC, 0x00, 0x00, 0x0B, 0xFF, 0xFF,
    0xFF, 0xFF, 0x00, 0x00, 0x02, 0xFF, 0xFF, 0xFF, 0xFF, 0xC0, 0x00, 0x00, 0xFF, 0xC0, 0x00, 0x7F,
    0xE0, 0x00, 0x00, 0x3F, 0xE0, 0x00, 0x2F, 0xF4, 0x00, 0x00, 0x1F, 0xF8, 0x00, 0x0F, 0xFC, 0x00,
    0x00, 0x0B, 0xFD, 0x00, 0x03, 0xFF, 0x00, 0x00, 0x03, 0xFF, 0x00, 0x00, 0xFF, 0xC0, 0x00, 0x00,
    0xFF, 0xC0, 0x00, 0x7F, 0xE0, 0x00, 0x00, 0x3F, 0xE0, 0x00, 0x2F, 0xF4, 0x00, 0x00, 0x1F, 0xF8,
    0x00, 0x0F, 0xFC, 0x00, 0x00, 0x0B, 0xFD, 0x00, 0x03, 0xFF, 0x00, 0x00, 0x03, 0xFF, 0x00, 0x00,
    0xFF, 0xC0, 0x00, 0x00, 0xFF, 0xC0, 0x00, 0x7F, 0xE0, 0x00, 0x00, 0x00, 0xBF, 0xD0, 0x03, 0xFF,
    0xFF, 0xD0, 0x0F, 0xFC, 0x00, 0x7F, 0xFF, 0xFC, 0x00, 0xFF, 0xC0, 0x07, 0xFF, 0xFF, 0xC0, 0x0F,
    0xF8, 0x00, 0xBF, 0xFF, 0xFC, 0x01, 0xFF, 0x40, 0x0F, 0xFC, 0x00, 0x00, 0x2F, 0xF4, 0x00, 0xFF,
    0xC0, 0x00, 0x03, 0xFF, 0x00, 0x1F, 0xF8, 0x00, 0x00, 0x3F, 0xFF, 0xFF, 0xFF, 0x40, 0x00, 0x07,
    0xFF, 0xFF, 0xFF, 0xF0, 0x00, 0x00, 0x7F, 0xFF, 0xFF, 0xFF, 0x00, 0x00, 0x0B, 0xFF, 0xFF, 0xFF,
    0xF0, 0x00, 0x00, 0xFF, 0xC0, 0x07, 0xFE, 0x00, 0x00, 0x0F, 0xFC, 0x00, 0xBF, 0xD0, 0x00, 0x01,
    0xFF, 0x80, 0x0B, 0xFC, 0x00, 0x00, 0x1F, 0xF4, 0x00, 0xFF, 0xC0, 0x00, 0x02, 0xFF, 0x00, 0x0F,
    0xFC, 0x00, 0x00, 0x3F, 0xF0, 0x01, 0xFF, 0x80, 0x00, 0x03, 0xFF, 0x00, 0x2F, 0xF4, 0x00, 0x00,
    0x7F, 0xE0, 0x02, 0xFF, 0x00, 0x00, 0x00, 0x00, 0x0F, 0xFF, 0xFF, 0xFF, 0xFC, 0x00, 0x00, 0x00,
    0x1F, 0xFF, 0xFF, 0xFF, 0xF8, 0x00, 0x00, 0x00, 0x2F, 0xFF, 0xFF, 0xFF, 0xF4, 0x00, 0x00, 0x00,
    0x3F, 0xFF, 0xFF, 0xFF, 0xF0, 0x00, 0x00, 0x00, 0x3F, 0xF0, 0x00, 0x3F, 0xF0, 0x00, 0x00, 0x00,
    0x7F, 0xE0, 0x00, 0x3F, 0xF0, 0x00, 0x00, 0x00, 0x7F, 0xD0, 0x00, 0x7F, 0xE0, 0x00, 0x00, 0x00,
    0xBF, 0xD0, 0x00, 0xBF, 0xD0, 0x00, 0x00, 0x00, 0xFF, 0xC0, 0x00, 0xFF, 0xC0, 0x00, 0x00, 0x00,
    0xFF, 0xC0, 0x00, 0xFF, 0xC0, 0x00, 0x00, 0x01, 0xFF, 0x80, 0x00, 0xFF, 0xFF, 0xE4, 0x00, 0x02,
    0xFF, 0x40, 0x01, 0xFF, 0xFF, 0xFF, 0x40, 0x02, 0xFF, 0x00, 0x02, 0xFF, 0xFF, 0xFF, 0xD0, 0x03,
    0xFF, 0x00, 0x03, 0xFF, 0xFF, 0xFF, 0xF0, 0x03, 0xFF, 0x00, 0x03, 0xFF, 0x00, 0xBF, 0xF8, 0x07,
    0xFE, 0x00, 0x03, 0xFE, 0x00, 0x2F, 0xFC, 0x0B, 0xFD, 0x00, 0x07, 0xFD, 0x00, 0x0F, 0xFD, 0x0F,
    0xFC, 0x00, 0x0B, 0xFC, 0x00, 0x0B, 0xFD, 0x0F, 0xFC, 0x00, 0x0F, 0xFC, 0x00, 0x0B, 0xFE, 0x0F,
    0xFC, 0x00, 0x0F, 0xFC, 0x00, 0x0B, 0xFE, 0x1F, 0xF8, 0x00, 0x0F, 0xF8, 0x00, 0x0B, 0xFE, 0x2F,
    0xF4, 0x00, 0x1F, 0xF4, 0x00, 0x0B, 0xFD, 0x3F, 0xF0, 0x00, 0x2F, 0xF4, 0x00, 0x0F, 0xFD, 0x3F,
    0xF0, 0x00, 0x3F, 0xF0, 0x00, 0x0F, 0xFC, 0x00, 0x00, 0x00, 0x00, 0x00, 0x00, 0x1F, 0xF8, 0x00,
    0x00, 0x00, 0x00, 0x00, 0x00, 0x3F, 0xF4, 0x00, 0x00, 0x00, 0x00, 0x00, 0x00, 0xBF, 0xF0, 0x00,
    0x00, 0x00, 0x00, 0x50, 0x07, 0xFF, 0xD0, 0x00, 0x00, 0x00, 0x00, 0xFF, 0xFF, 0xFF, 0x80, 0x00,
    0x00, 0x00, 0x00, 0xFF, 0xFF, 0xFE, 0x00, 0x00, 0x00, 0x00, 0x00, 0xFF, 0xFF, 0xF4, 0x00, 0x00,
    0x00, 0x00, 0x00, 0x6F, 0xFE, 0x40, 0x00, 0x00, 0xBF, 0xFF, 0xFF, 0xFE, 0x00, 0x00, 0x03, 0xFF,
    0xFF, 0xFF, 0xF4, 0x00, 0x00, 0x0F, 0xFF, 0xFF, 0xFF, 0xC0, 0x00, 0x00, 0x3F, 0xFF, 0xFF, 0xFF,
    0x00, 0x00, 0x01, 0xFF, 0x40, 0x0F, 0xF8, 0x00, 0x00, 0x0B, 0xFD, 0x00, 0x7F, 0xD0, 0x00, 0x00,
    0x3F, 0xF0, 0x02, 0xFF, 0x40, 0x00, 0x00, 0xFF, 0xC0, 0x0F, 0xFC, 0x00, 0x00, 0x07, 0xFE, 0x00,
    0x3F, 0xFF, 0xF8, 0x00, 0x1F, 0xF4, 0x00, 0xFF, 0xFF, 0xFC, 0x00, 0xBF, 0xD0, 0x07, 0xFF, 0xFF,
    0xFC, 0x03, 0xFF, 0x00, 0x2F, 0xFF, 0xFF, 0xF4, 0x0F, 0xFC, 0x00, 0xFF, 0xC0, 0xFF, 0xF0, 0x7F,
    0xE0, 0x03, 0xFF, 0x00, 0xFF, 0xC1, 0xFF, 0x40, 0x0F, 0xF8, 0x03, 0xFF, 0x0B, 0xFC, 0x00, 0x7F,
    0xD0, 0x0F, 0xFC, 0x3F, 0xF0, 0x02, 0xFF, 0x00, 0x3F, 0xF0, 0xFF, 0xC0, 0x0F, 0xFC, 0x00, 0xFF,
    0xC7, 0xFE, 0x00, 0x3F, 0xF0, 0x03, 0xFF, 0x00, 0x00, 0x00, 0x00, 0x00, 0x0F, 0xFC, 0x00, 0x00,
    0x00, 0x00, 0x00, 0xBF, 0xD0, 0x00, 0x00, 0x00, 0x00, 0x07, 0xFF, 0x00, 0x00, 0x00, 0x01, 0x00,
    0x7F, 0xF8, 0x00, 0x00, 0x00, 0x0F, 0xFF, 0xFF, 0xC0, 0x00, 0x00, 0x00, 0x3F, 0xFF, 0xFC, 0x00,
    0x00, 0x00, 0x00, 0xFF, 0xFF, 0xC0, 0x00, 0x00, 0x00, 0x02, 0xFF, 0xE4, 0x00, 0x00, 0x00, 0x00,
    0x6F, 0xFE, 0x00, 0x00, 0x01, 0xFF, 0xFF, 0xD0, 0x00, 0x02, 0xFF, 0xFF, 0xF0, 0x00, 0x03, 0xFF,
    0xFF, 0xF8, 0x00, 0x02, 0xFF, 0xF4, 0x00, 0x00, 0x01, 0xFF, 0xE0, 0x0B, 0xF9, 0x00, 0xFF, 0xE0,
    0x1F, 0xFF, 0xE0, 0x7F, 0xF0, 0x1F, 0xFF, 0xFD, 0x3F, 0xF4, 0x0F, 0xFF, 0xFF, 0x8F, 0xFC, 0x0B,
    0xFD, 0x2F, 0xF7, 0xFE, 0x03, 0xFE, 0x0B, 0xFE, 0xFF, 0x41, 0xFF, 0x42, 0xFF, 0xFF, 0xD0, 0x7F,
    0xC0, 0xBF, 0xFF, 0xF0, 0x2F, 0xF0, 0x3F, 0xEF, 0xFC, 0x0B, 0xFC, 0x0F, 0xF7, 0xFF, 0x02, 0xFF,
    0x0B, 0xFC, 0xFF, 0xC0, 0xBF, 0xC3, 0xFE, 0x3F, 0xF4, 0x1F, 0xF2, 0xFF, 0x0B, 0xFF, 0x03, 0xFF,
    0xFF, 0x40, 0xFF, 0xE0, 0xFF, 0xFF, 0x80, 0x2F, 0xFF, 0xFF, 0xFF, 0x80, 0x02, 0xFF, 0xFF, 0xFF,
    0xFF, 0xC0, 0x2F, 0xFF, 0xFF, 0xFF, 0xF0, 0x00, 0xBF, 0xFA, 0xFF, 0xFC, 0x00, 0x00, 0x00, 0x0B,
    0xFE, 0x00, 0x00, 0x06, 0xFF, 0xD0, 0x00, 0x03, 0xFF, 0xFD, 0x00, 0x01, 0xFF, 0xFF, 0xC0, 0x00,
    0x3F, 0xFF, 0xF8, 0x00, 0x0F, 0xFF, 0x42, 0xFD, 0x01, 0xFF, 0xC1, 0xFF, 0xFC, 0x2F, 0xF8, 0x7F,
    0xFF, 0xE3, 0xFF, 0x0F, 0xFF, 0xFF, 0x3F, 0xF0, 0xFF, 0x4F, 0xF7, 0xFE, 0x1F, 0xF0, 0xFF, 0x7F,
    0xD1, 0xFE, 0x0F, 0xFB, 0xFD, 0x2F, 0xD1, 0xFE, 0x7F, 0xD1, 0xFE, 0x3F, 0xC7, 0xFE, 0x1F, 0xE7,
    0xF8, 0x3F, 0xF4, 0xFF, 0xFF, 0x02, 0xFF, 0xFF, 0xFF, 0xC0, 0x0F, 0xFF, 0xFF, 0xFF, 0xD0, 0x7F,
    0xFF, 0xFF, 0xFD, 0x00, 0xBF, 0xE7, 0xFF, 0xD0, 0x00, 0x00, 0x07, 0xFC, 0x00, 0x00, 0x1B, 0xFF,
    0xE4, 0x00, 0x00, 0x7F, 0xFF, 0xFF, 0xD0, 0x00, 0xBF, 0xFF, 0xFF, 0xF4, 0x00, 0xBF, 0xFF, 0xFF,
    0xFC, 0x00, 0xBF, 0xFD, 0x00, 0x7D, 0x00, 0x7F, 0xF8, 0x00, 0x01, 0x00, 0x3F, 0xF8, 0x00, 0x00,
    0x00, 0x1F, 0xFC, 0x00, 0x00, 0x00, 0x0F, 0xFD, 0x00, 0x00, 0x00, 0x03, 0xFF, 0x00, 0x00, 0x00,
    0x01, 0xFF, 0x80, 0x00, 0x00, 0x00, 0xBF, 0xD0, 0x00, 0x00, 0x00, 0x3F, 0xF4, 0x00, 0x00, 0x00,
    0x0F, 0xFC, 0x00, 0x00, 0x00, 0x03, 0xFF, 0x00, 0x00, 0x00, 0x00, 0xFF, 0xC0, 0x00, 0x00, 0x00,
    0x3F, 0xF4, 0x00, 0x00, 0x00, 0x0F, 0xFE, 0x00, 0x00, 0x00, 0x02, 0xFF, 0xD0, 0x00, 0x00, 0x00,
    0x3F, 0xFE, 0x45, 0xBD, 0x00, 0x0B, 0xFF, 0xFF, 0xFF, 0x40, 0x00, 0xFF, 0xFF, 0xFF, 0xD0, 0x00,
    0x0B, 0xFF, 0xFF, 0xF0, 0x00, 0x00, 0x2F, 0xFF, 0x90, 0x00, 0x00, 0x00, 0x3F, 0x00, 0x00, 0x00,
    0x00, 0x0B, 0xE0, 0x00, 0x00, 0x00, 0x01, 0xFC, 0x00, 0x00, 0x00, 0x00, 0x7F, 0x00, 0x00, 0x00,
    0x00, 0x3F, 0xC0, 0x00, 0x00, 0x03, 0xFF, 0xF0, 0x00, 0x00, 0x00, 0xFF, 0xF4, 0x00, 0x00, 0x00,
    0x3F, 0xE0, 0x00, 0x00, 0x00, 0x06, 0xFF, 0xE4, 0x00, 0x2F, 0xFF, 0xFD, 0x00, 0xFF, 0xFF, 0xFC,
    0x03, 0xFF, 0xFF, 0xF4, 0x0B, 0xFF, 0x40, 0x60, 0x0F, 0xFD, 0x00, 0x00, 0x2F, 0xF8, 0x00, 0x00,
    0x3F, 0xF0, 0x00, 0x00, 0x3F, 0xF0, 0x00, 0x00, 0x7F, 0xE0, 0x00, 0x00, 0x7F, 0xE0, 0x00, 0x00,
    0xBF, 0xE0, 0x00, 0x00, 0x7F, 0xE0, 0x00, 0x00, 0x7F, 0xF0, 0x00, 0x00, 0x3F, 0xF8, 0x07, 0x80,
    0x3F, 0xFF, 0xFF, 0x80, 0x0F, 0xFF, 0xFF, 0x80, 0x07, 0xFF, 0xFF, 0x80, 0x00, 0xBF, 0xF8, 0x00,
    0x00, 0x1F, 0xC0, 0x00, 0x00, 0x0F, 0xD0, 0x00, 0x00, 0x0B, 0xF0, 0x00, 0x00, 0x0B, 0xF0, 0x00,
    0x00, 0x0F, 0xF0, 0x00, 0x07, 0xFF, 0xE0, 0x00, 0x07, 0xFF, 0xC0, 0x00, 0x07, 0xFE, 0x00, 0x00,
    0x1F, 0xFF, 0xFF, 0xFF, 0xF0, 0xBF, 0xFF, 0xFF, 0xFF, 0x83, 0xFF, 0xFF, 0xFF, 0xFD, 0x0F, 0xFF,
    0xFF, 0xFF, 0xF0, 0x00, 0x0B, 0xFD, 0x00, 0x00, 0x00, 0x3F, 0xF0, 0x00, 0x00, 0x00, 0xFF, 0xC0,
    0x00, 0x00, 0x07, 0xFE, 0x00, 0x00, 0x00, 0x1F, 0xF4, 0x00, 0x00, 0x00, 0xBF, 0xD0, 0x00, 0x00,
    0x03, 0xFF, 0x00, 0x00, 0x00, 0x0F, 0xFC, 0x00, 0x00, 0x00, 0x7F, 0xE0, 0x00, 0x00, 0x02, 0xFF,
    0x40, 0x00, 0x00, 0x0B, 0xFD, 0x00, 0x00, 0x00, 0x3F, 0xF0, 0x00, 0x00, 0x00, 0xFF, 0xC0, 0x00,
    0x00, 0x07, 0xFE, 0x00, 0x00, 0x00, 0x2F, 0xF4, 0x00, 0x00, 0x00, 0xBF, 0xC0, 0x00, 0x00, 0x03,
    0xFF, 0xFF, 0x80, 0x00, 0x0F, 0xFF, 0xFD, 0x00, 0x00, 0x7F, 0xFF, 0xF0, 0x00, 0x02, 0xFF, 0xFF,
    0xC0, 0x00, 0x00, 0x03, 0xFF, 0x00, 0x00, 0x00, 0x1F, 0xF8, 0x00, 0x00, 0x00, 0xBF, 0xD0, 0x00,
    0x00, 0x03, 0xFF, 0x00, 0x00, 0x00, 0x0F, 0xFC, 0x00, 0x00, 0x00, 0x3F, 0xF0, 0x00, 0x00, 0x01,
    0xFF, 0x80, 0x00, 0x00, 0x00, 0xBF, 0x02, 0xFE, 0x00, 0x2F, 0xF4, 0x00, 0x0F, 0xF1, 0xFF, 0xFC,
    0x0F, 0xFF, 0xD0, 0x00, 0xFF, 0x7F, 0xFF, 0xE3, 0xFF, 0xFF, 0x00, 0x0F, 0xFF, 0xFF, 0xFF, 0xFF,
    0xFF, 0xF4, 0x01, 0xFF, 0xF0, 0x3F, 0xFF, 0x43, 0xFF, 0x40, 0x2F, 0xFC, 0x02, 0xFF, 0xD0, 0x2F,
    0xF4, 0x03, 0xFF, 0x80, 0x2F, 0xFC, 0x02, 0xFF, 0x40, 0x3F, 0xF0, 0x03, 0xFF, 0x40, 0x2F, 0xF0,
    0x07, 0xFF, 0x00, 0x3F, 0xF0, 0x03, 0xFF, 0x00, 0x7F, 0xD0, 0x07, 0xFE, 0x00, 0x3F, 0xF0, 0x0B,
    0xFC, 0x00, 0x7F, 0xD0, 0x03, 0xFE, 0x00, 0xFF, 0xC0, 0x0B, 0xFC, 0x00, 0x7F, 0xD0, 0x0F, 0xFC,
    0x00, 0xFF, 0xC0, 0x0B, 0xFC, 0x01, 0xFF, 0x80, 0x0F, 0xFC, 0x00, 0xFF, 0xC0, 0x1F, 0xF4, 0x01,
    0xFF, 0x80, 0x0F, 0xFC, 0x02, 0xFF, 0x00, 0x1F, 0xF4, 0x00, 0xFF, 0xFD, 0x3F, 0xF0, 0x02, 0xFF,
    0x00, 0x0F, 0xFF, 0xC3, 0xFF, 0x00, 0x3F, 0xF0, 0x00, 0xBF, 0xFC, 0x7F, 0xE0, 0x03, 0xFF, 0x00,
    0x02, 0xFF, 0xC0, 0x00, 0x00, 0x00, 0x00, 0x00, 0x0F, 0xF8, 0x00, 0x00, 0x00, 0x00, 0x00, 0x00,
    0xFF, 0x40, 0x00, 0x00, 0x00, 0x00, 0x00, 0x0F, 0xF0, 0x00, 0x00, 0x00, 0x00, 0x00, 0x01, 0xFF,
    0x00, 0x00, 0x00, 0x00, 0x00, 0x00, 0x2F, 0xF0, 0x00, 0x00, 0x00, 0x00, 0x00, 0x03, 0xFE, 0x00,
    0x00, 0x00, 0x00, 0x00, 0x00, 0x3F, 0xD0, 0xFF, 0xC0, 0x00, 0x3F, 0xFA, 0xFF, 0x40, 0x02, 0xFF,
    0xC7, 0xFE, 0x00, 0x1F, 0xFC, 0x0F, 0xFC, 0x00, 0xFF, 0xD0, 0x3F, 0xF0, 0x0B, 0xFF, 0x00, 0xBF,
    0xD0, 0x3F, 0xF0, 0x01, 0xFF, 0x83, 0xFF, 0x40, 0x03, 0xFE, 0x1F, 0xFC, 0x00, 0x0F, 0xFC, 0xFF,
    0xC0, 0x00, 0x2F, 0xFF, 0xFD, 0x00, 0x00, 0x7F, 0xFF, 0xE0, 0x00, 0x00, 0xFF, 0xFF, 0x00, 0x00,
    0x02, 0xFF, 0xF4, 0x00, 0x00, 0x07, 0xFF, 0x80, 0x00, 0x00, 0x0F, 0xFC, 0x00, 0x00, 0x00, 0x7F,
    0xE0, 0x00, 0x00, 0x01, 0xFF, 0x40, 0x00, 0x00, 0x0B, 0xFC, 0x00, 0x00, 0x00, 0x3F, 0xF0, 0x00,
    0x00, 0x00, 0xFF, 0xC0, 0x00, 0x00, 0x07, 0xFE, 0x00, 0x00, 0x00, 0x2F, 0xF4, 0x00, 0x00, 0x00,
    0xFF, 0xC0, 0x00, 0x00, 0x03, 0xFF, 0x00, 0x00, 0x00, 0x7F, 0xE0, 0x00, 0xBF, 0xE3, 0xFE, 0x00,
    0x0F, 0xFC, 0x3F, 0xE0, 0x01, 0xFF, 0x83, 0xFE, 0x00, 0x3F, 0xF0, 0x3F, 0xF0, 0x07, 0xFE, 0x02,
    0xFF, 0x00, 0xFF, 0xC0, 0x2F, 0xF0, 0x1F, 0xF8, 0x01, 0xFF, 0x03, 0xFF, 0x00, 0x1F, 0xF0, 0x7F,
    0xD0, 0x00, 0xFF, 0x0F, 0xFC, 0x00, 0x0F, 0xF1, 0xFF, 0x40, 0x00, 0xFF, 0x7F, 0xF0, 0x00, 0x0F,
    0xF7, 0xFD, 0x00, 0x00, 0xBF, 0xFF, 0xC0, 0x00, 0x0B, 0xFF, 0xF4, 0x00, 0x00, 0x7F, 0xFF, 0x00,
    0x00, 0x07, 0xFF, 0xD0, 0x00, 0x00, 0x3F, 0xF8, 0x00, 0x00, 0x03, 0xFF, 0x00, 0x00, 0x00, 0x3F,
    0xF0, 0x00, 0x00, 0x07, 0xFE, 0x00, 0x00, 0x00, 0xBF, 0xD0, 0x00, 0x00, 0x0F, 0xFD, 0x00, 0x00,
    0x00, 0xFF, 0xC0, 0x00, 0x00, 0x0F, 0xFC, 0x00, 0x00, 0x01, 0xFF, 0x80, 0x00, 0x00, 0x2F, 0xF4,
    0x00, 0x00, 0x00, 0x0F, 0xFC, 0x00, 0x03, 0xFF, 0x82, 0xFF, 0x40, 0x02, 0xFF, 0xC0, 0x7F, 0xE0,
    0x01, 0xFF, 0xC0, 0x0F, 0xFC, 0x00, 0xFF, 0xD0, 0x03, 0xFF, 0x00, 0xBF, 0xE0, 0x00, 0xBF, 0xD0,
    0x3F, 0xF0, 0x00, 0x1F, 0xF8, 0x3F, 0xF4, 0x00, 0x03, 0xFF, 0x1F, 0xF8, 0x00, 0x00, 0xBF, 0xCF,
    0xFC, 0x00, 0x00, 0x1F, 0xFF, 0xFD, 0x00, 0x00, 0x03, 0xFF, 0xFE, 0x00, 0x00, 0x00, 0xFF, 0xFF,
    0x00, 0x00, 0x00, 0x2F, 0xFF, 0x00, 0x00, 0x00, 0x07, 0xFF, 0x80, 0x00, 0x00, 0x00, 0xFF, 0xC0,
    0x00, 0x00, 0xFF, 0xFF, 0xFF, 0xF4, 0x00, 0x3F, 0xFF, 0xFF, 0xFC, 0x00, 0x1F, 0xFF, 0xFF, 0xFF,
    0x00, 0x0B, 0xFF, 0xFF, 0xFF, 0x80, 0x00, 0x00, 0xFF, 0x80, 0x00, 0x00, 0x00, 0x7F, 0xE0, 0x00,
    0x00, 0x00, 0x2F, 0xF4, 0x00, 0x00, 0x00, 0x0F, 0xFC, 0x00, 0x00, 0x00, 0x03, 0xFF, 0x00, 0x00,
    0x00, 0x07, 0xFE, 0x00, 0x0B, 0xFE, 0x03, 0xFE, 0x00, 0x0F, 0xFC, 0x03, 0xFE, 0x00, 0x1F, 0xF8,
    0x03, 0xFE, 0x00, 0x3F, 0xF0, 0x03, 0xFF, 0x00, 0x7F, 0xE0, 0x02, 0xFF, 0x00, 0xFF, 0xC0, 0x02,
    0xFF, 0x01, 0xFF, 0x80, 0x01, 0xFF, 0x03, 0xFF, 0x00, 0x01, 0xFF, 0x07, 0xFE, 0x00, 0x00, 0xFF,
    0x0F, 0xFC, 0x00, 0x00, 0xFF, 0x1F, 0xF8, 0x00, 0x00, 0xFF, 0x6F, 0xF0, 0x00, 0x00, 0xFF, 0x7F,
    0xD0, 0x00, 0x00, 0xBF, 0xFF, 0xC0, 0x00, 0x00, 0xBF, 0xFF, 0x40, 0x00, 0x00, 0x7F, 0xFF, 0x00,
    0x00, 0x00, 0x7F, 0xFD, 0x00, 0x00, 0x00, 0x3F, 0xFC, 0x00, 0x00, 0x00, 0x3F, 0xF4, 0x00, 0x00,
    0x7F, 0xFF, 0xFF, 0xF4, 0x00, 0xBF, 0xFF, 0xFF, 0xF0, 0x00, 0xBF, 0xFF, 0xFF, 0xF0, 0x00, 0xFF,
    0xFF, 0xFF, 0xF0, 0x00, 0x00, 0xFF, 0xC0, 0x00, 0x00, 0x00, 0xFF, 0xC0, 0x00, 0x00, 0x01, 0xFF,
    0x80, 0x00, 0x00, 0x02, 0xFF, 0x40, 0x00, 0x00, 0x00, 0x0F, 0xFC, 0x00, 0x03, 0xFF, 0x40, 0x03,
    0xFF, 0x00, 0x03, 0xFF, 0x80, 0x00, 0xBF, 0xE0, 0x02, 0xFF, 0xC0, 0x00, 0x0F, 0xFC, 0x00, 0xFF,
    0xC0, 0x00, 0x03, 0xFF, 0x00, 0xFF, 0xD0, 0x00, 0x00, 0xBF, 0xD0, 0xBF, 0xE0, 0x00, 0x00, 0x0F,
    0xF8, 0x7F, 0xF0, 0x00, 0x00, 0x03, 0xFF, 0x3F, 0xF0, 0x00, 0x00, 0x00, 0xBF, 0xFF, 0xF4, 0x00,
    0x00, 0x00, 0x0F, 0xFF, 0xF8, 0x00, 0x00, 0x00, 0x03, 0xFF, 0xFC, 0x00, 0x00, 0x00, 0x00, 0xBF,
    0xFD, 0x00, 0x00, 0x00, 0x00, 0x7F, 0xFF, 0x00, 0x00, 0x00, 0x00, 0x3F, 0xFF, 0xE0, 0x00, 0x00,
    0x00, 0x3F, 0xFF, 0xFC, 0x00, 0x00, 0x00, 0x2F, 0xFF, 0xFF, 0x00, 0x00, 0x00, 0x1F, 0xFC, 0x7F,
    0xE0, 0x00, 0x00, 0x0F, 0xFD, 0x0F, 0xFC, 0x00, 0x00, 0x0F, 0xFE, 0x03, 0xFF, 0x40, 0x00, 0x0B,
    0xFF, 0x00, 0xBF, 0xE0, 0x00, 0x07, 0xFF, 0x00, 0x0F, 0xFF, 0xFC, 0x03, 0xFF, 0x40, 0x03, 0xFF,
    0xFF, 0x03, 0xFF, 0x80, 0x00, 0xBF, 0xFF, 0x82, 0xFF, 0xC0, 0x00, 0x1F, 0xFF, 0xD0, 0x00, 0x00,
    0x00, 0x00, 0x3F, 0xF0, 0x00, 0x00, 0x00, 0x00, 0x0F, 0xFC, 0x00, 0x00, 0x00, 0x00, 0x03, 0xFF,
    0x00, 0x00, 0x00, 0x00, 0x01, 0xFF, 0x80, 0x00, 0x00, 0x00, 0x00, 0xBF, 0xD0, 0x00, 0x00, 0x00,
    0x00, 0x3F, 0xF0, 0x00, 0x00, 0x00, 0x00, 0x0F, 0xFC, 0x00, 0x00, 0x3F, 0xF4, 0x01, 0xFF, 0xD0,
    0x02, 0xFF, 0x80, 0x3F, 0xF8, 0x00, 0x0F, 0xFC, 0x0B, 0xFF, 0x00, 0x00, 0xFF, 0xC1, 0xFF, 0xC0,
    0x00, 0x07, 0xFE, 0x3F, 0xF4, 0x00, 0x00, 0x3F, 0xFB, 0xFE, 0x00, 0x00, 0x02, 0xFF, 0xFF, 0x80,
    0x00, 0x00, 0x1F, 0xFF, 0xF0, 0x00, 0x00, 0x00, 0xFF, 0xFC, 0x00, 0x00, 0x00, 0x0F, 0xFF, 0x40,
    0x00, 0x00, 0x02, 0xFF, 0xF8, 0x00, 0x00, 0x00, 0x7F, 0xFF, 0xC0, 0x00, 0x00, 0x0F, 0xFF, 0xFD,
    0x00, 0x00, 0x03, 0xFF, 0x7F, 0xF0, 0x00, 0x00, 0xBF, 0xE3, 0xFF, 0x00, 0x00, 0x2F, 0xFC, 0x1F,
    0xFF, 0xF4, 0x07, 0xFF, 0x40, 0xFF, 0xFF, 0x00, 0xFF, 0xE0, 0x0F, 0xFF, 0xF0, 0x3F, 0xFC, 0x00,
    0x7F, 0xFF, 0x00, 0x00, 0x00, 0x00, 0x3F, 0xE0, 0x00, 0x00, 0x00, 0x03, 0xFD, 0x00, 0x00, 0x00,
    0x00, 0x7F, 0xC0, 0x00, 0x00, 0x00, 0x0B, 0xFC, 0x00, 0x00, 0x00, 0x00, 0xFF, 0xC0, 0x00, 0x00,
    0x00, 0x0F, 0xF8, 0x00, 0x00, 0x00, 0x01, 0xFF, 0x40, 0x1F, 0xFF, 0xFF, 0xFF, 0xD0, 0xFF, 0x8B,
    0xFF, 0xFF, 0xFF, 0xF0, 0x7F, 0xD3, 0xFF, 0xFF, 0xFF, 0xFC, 0x2F, 0xF4, 0xFF, 0xFF, 0xFF, 0xFE,
    0x0F, 0xFC, 0x00, 0x0B, 0xFD, 0x00, 0x03, 0xFF, 0x00, 0x03, 0xFF, 0x00, 0x01, 0xFF, 0x80, 0x00,
    0xFF, 0xC0, 0x00, 0x7F, 0xD0, 0x00, 0x7F, 0xE0, 0x00, 0x2F, 0xF4, 0x00, 0x1F, 0xF8, 0x00, 0x0F,
    0xFC, 0x00, 0x0B, 0xFD, 0x00, 0x03, 0xFF, 0x00, 0x03, 0xFF, 0x00, 0x01, 0xFF, 0x80, 0x00, 0xFF,
    0xC0, 0x00, 0xBF, 0xD0, 0x00, 0x7F, 0xE0, 0x00, 0x2F, 0xF0, 0x00, 0x2F, 0xF8, 0x00, 0x0F, 0xFC,
    0x00, 0x0B, 0xFD, 0x00, 0x03, 0xFF, 0x00, 0x03, 0xFF, 0x00, 0x01, 0xFF, 0x80, 0x00, 0xFF, 0xC0,
    0x00, 0xBF, 0xD0, 0x00, 0x7F, 0xE0, 0x00, 0x3F, 0xF0, 0x00, 0x2F, 0xF8, 0x00, 0x0F, 0xFC, 0x00,
    0x0B, 0xFD, 0x00, 0x03, 0xFF, 0x00, 0x03, 0xFF, 0xFF, 0xFF, 0xFF, 0xFF, 0x00, 0xFF, 0xFF, 0xFF,
    0xFF, 0xFF, 0xC0, 0x7F, 0xFF, 0xFF, 0xFF, 0xFF, 0xE0, 0x2F, 0xFF, 0xFF, 0xFF, 0xFF, 0xF4, 0x00,
    0x00, 0x00, 0x00, 0x0F, 0xFC, 0x00, 0x00, 0x00, 0x00, 0x03, 0xFF, 0x00, 0x00, 0x00, 0x00, 0x01,
    0xFF, 0x80, 0x00, 0x00, 0x00, 0x00, 0xBF, 0xD0, 0x00, 0x00, 0x00, 0x00, 0x2F, 0xF0, 0x00, 0x00,
    0x00, 0x00, 0x0F, 0xFC, 0x00, 0x00, 0x00, 0x00, 0x03, 0xFF, 0x00, 0x00, 0x00, 0x00, 0x00, 0x00,
    0x00, 0x3F, 0xFF, 0xFF, 0xF1, 0xFF, 0x8F, 0xFF, 0xFF, 0xFC, 0xBF, 0xD3, 0xFF, 0xFF, 0xFF, 0x3F,
    0xF1, 0xFF, 0xFF, 0xFF, 0x8F, 0xFC, 0x00, 0xBF, 0xD0, 0x03, 0xFE, 0x00, 0x3F, 0xF0, 0x01, 0xFF,
    0x80, 0x0F, 0xFC, 0x00, 0xBF, 0xD0, 0x03, 0xFE, 0x00, 0x3F, 0xF0, 0x01, 0xFF, 0x80, 0x0F, 0xFC,
    0x00, 0xBF, 0xD0, 0x07, 0xFE, 0x00, 0x3F, 0xF0, 0x02, 0xFF, 0x80, 0x0F, 0xFC, 0x00, 0xFF, 0xD0,
    0x03, 0xFF, 0x00, 0x7F, 0xF0, 0x00, 0xFF, 0xC0, 0x3F, 0xFC, 0x00, 0x3F, 0xF0, 0x3F, 0xFF, 0x00,
    0x0F, 0xFF, 0xFF, 0xFF, 0xFC, 0x02, 0xFF, 0xFF, 0x6F, 0xFF, 0x00, 0x3F, 0xFF, 0x43, 0xFF, 0x80,
    0x02, 0xFE, 0x00, 0x3F, 0xE0, 0x00, 0x00, 0x00, 0x0F, 0xF4, 0x00, 0x00, 0x00, 0x07, 0xFC, 0x00,
    0x00, 0x00, 0x02, 0xFF, 0x00, 0x00, 0x00, 0x00, 0xFF, 0x80, 0x00, 0x00, 0x00, 0x3F, 0xD0, 0x00,
    0x00, 0x00, 0x1F, 0xF0, 0x00, 0x0F, 0xFC, 0x00, 0x07, 0xFD, 0x07, 0xFE, 0x00, 0x02, 0xFF, 0x41,
    0xFF, 0x40, 0x00, 0xFF, 0xC0, 0xBF, 0xD0, 0x00, 0x3F, 0xF0, 0x3F, 0xF0, 0x00, 0x1F, 0xF8, 0x0F,
    0xFC, 0x00, 0x0B, 0xFD, 0x07, 0xFE, 0x00, 0x02, 0xFF, 0x02, 0xFF, 0x40, 0x00, 0xFF, 0xC0, 0xBF,
    0xC0, 0x00, 0x3F, 0xF0, 0x3F, 0xF0, 0x00, 0x1F, 0xF8, 0x0F, 0xFC, 0x00, 0x0B, 0xFD, 0x03, 0xFF,
    0xC0, 0x1F, 0xFF, 0x00, 0xBF, 0xFF, 0xFF, 0xFF, 0xC0, 0x1F, 0xFF, 0xFF, 0xFF, 0xF0, 0x01, 0xFF,
    0xFF, 0xFF, 0xF8, 0x00, 0x0B, 0xFE, 0x4B, 0xFD, 0x00, 0x00, 0x00, 0x03, 0xFF, 0x00, 0x00, 0x00,
    0x00, 0xFF, 0xC0, 0x00, 0x00, 0x00, 0x7F, 0xE0, 0x00, 0x00, 0x00, 0x1F, 0xF4, 0x00, 0x00, 0x00,
    0x0B, 0xFF, 0xFF, 0x00, 0x00, 0x03, 0xFF, 0xFF, 0x80, 0x00, 0x00, 0xFF, 0xFF, 0xE0, 0x00, 0x00,
    0x7F, 0xFF, 0xF4, 0x00, 0x00, 0x00, 0x0F, 0xFC, 0x00, 0x00, 0x00, 0x03, 0xFF, 0x00, 0x00, 0x00,
    0x01, 0xFF, 0x80, 0x00, 0x00, 0x00, 0x7F, 0xD0, 0x00, 0x00, 0x00, 0x2F, 0xF0, 0x00, 0x00, 0x00,
    0x0F, 0xFC, 0x00, 0x00, 0x00, 0x03, 0xFF, 0x00, 0x0F, 0xFC, 0x00, 0xBF, 0xC1, 0xFF, 0x80, 0x0F,
    0xFC, 0x2F, 0xF4, 0x00, 0xFF, 0xC2, 0xFF, 0x00, 0x1F, 0xF8, 0x3F, 0xF0, 0x02, 0xFF, 0x43, 0xFF,
    0x00, 0x3F, 0xF0, 0x7F, 0xE0, 0x07, 0xFF, 0x07, 0xFE, 0x00, 0xFF, 0xF0, 0x7F, 0xF0, 0x2F, 0xFE,
    0x03, 0xFF, 0xFF, 0xFF, 0xD0, 0x3F, 0xFF, 0xFF, 0xFC, 0x00, 0xFF, 0xFD, 0xFF, 0xC0, 0x02, 0xFE,
    0x0F, 0xFC, 0x00, 0x00, 0x01, 0xFF, 0x80, 0x00, 0x00, 0x2F, 0xF4, 0x00, 0x00, 0x03, 0xFF, 0xFF,
    0x00, 0x00, 0x3F, 0xFF, 0xE0, 0x00, 0x03, 0xFF, 0xFD, 0x00, 0x00, 0x7F, 0xFF, 0xC0, 0x00, 0x00,
    0x07, 0xFC, 0x00, 0x00, 0x00, 0xBF, 0xC0, 0x00, 0x00, 0x0F, 0xF8, 0x00, 0x00, 0x00, 0xFF, 0x40,
    0x00, 0x00, 0x1F, 0xF0, 0x00, 0x00, 0x01, 0xFF, 0x00, 0x00, 0x00, 0x2F, 0xF0, 0x0F, 0xFC, 0x00,
    0x0B, 0xFE, 0x1F, 0xFC, 0x00, 0x0B, 0xFD, 0x1F, 0xF8, 0x00, 0x0F, 0xFC, 0x2F, 0xF4, 0x00, 0x0F,
    0xFC, 0x3F, 0xF0, 0x00, 0x1F, 0xF8, 0x3F, 0xF0, 0x00, 0x2F, 0xF8, 0x3F, 0xF0, 0xF8, 0x2F, 0xF4,
    0x7F, 0xE0, 0xF4, 0x3F, 0xF0, 0xBF, 0xD1, 0xF0, 0x3F, 0xF0, 0xFF, 0xC1, 0xF0, 0x7F, 0xE0, 0xFF,
    0xD2, 0xF0, 0xBF, 0xD0, 0xFF, 0xF3, 0xE6, 0xFF, 0xD0, 0xFF, 0xFF, 0xFF, 0xFF, 0xC0, 0xBF, 0xFF,
    0xFF, 0xFF, 0xC0, 0x7F, 0xFF, 0xFF, 0xFF, 0x80, 0x2F, 0xFF, 0xF6, 0xFF, 0x40, 0x06, 0xFF, 0x83,
    0xFF, 0x00, 0x00, 0x0F, 0x43, 0xFF, 0x00, 0x00, 0x0F, 0x03, 0xFF, 0x00, 0x00, 0x1F, 0x07, 0xFE,
    0x00, 0x00, 0x2E, 0x0B, 0xFD, 0x00, 0x00, 0x15, 0x0F, 0xFC, 0x00, 0x00, 0x00, 0x0F, 0xFC, 0x00,
    0x00, 0x00, 0x1F, 0xFC, 0x00, 0x0F, 0xFC, 0x00, 0x7F, 0xD1, 0xFF, 0x80, 0x0B, 0xFD, 0x2F, 0xF4,
    0x00, 0xFF, 0xC2, 0xFF, 0x00, 0x0F, 0xFC, 0x3F, 0xF0, 0x01, 0xFF, 0x83, 0xFE, 0x2E, 0x2F, 0xF4,
    0x7F, 0xE3, 0xD3, 0xFF, 0x07, 0xFE, 0x3D, 0xBF, 0xF0, 0x7F, 0xF7, 0xFF, 0xFF, 0x03, 0xFF, 0xFF,
    0xFF, 0xE0, 0x2F, 0xFF, 0xFF, 0xFD, 0x00, 0xFF, 0xFE, 0xBF, 0xC0, 0x02, 0xFF, 0x4F, 0xFC, 0x00,
    0x00, 0xF0, 0xFF, 0xC0, 0x00, 0x1F, 0x1F, 0xF8, 0x00, 0x02, 0xE2, 0xFF, 0x40, 0x00, 0x29, 0x2F,
    0xF0, 0x00, 0x00, 0x03, 0xFF, 0x00, 0x00, 0x00, 0x3F, 0xF0, 0x00, 0x00, 0x0F, 0xFC, 0x00, 0x00,
    0x00, 0x07, 0xFE, 0x00, 0x00, 0x00, 0x02, 0xFF, 0x40, 0x00, 0x00, 0x00, 0xFF, 0xC0, 0x00, 0x00,
    0x00, 0x3F, 0xF0, 0x00, 0x00, 0x00, 0x0F, 0xFC, 0x00, 0x00, 0x00, 0x07, 0xFE, 0x00, 0x00, 0x00,
    0x02, 0xFF, 0x40, 0x00, 0x00, 0x00, 0xFF, 0xC2, 0xBF, 0xE0, 0x00, 0x3F, 0xFF, 0xFF, 0xFF, 0x00,
    0x1F, 0xFF, 0xFF, 0xFF, 0xF0, 0x07, 0xFF, 0xFF, 0xFF, 0xFD, 0x02, 0xFF, 0xE4, 0x07, 0xFF, 0x80,
    0xFF, 0xC0, 0x00, 0xBF, 0xE0, 0x3F, 0xF0, 0x00, 0x2F, 0xF4, 0x1F, 0xF8, 0x00, 0x0F, 0xFD, 0x0B,
    0xFE, 0x00, 0x03, 0xFF, 0x02, 0xFF, 0x40, 0x00, 0xFF, 0xC0, 0xFF, 0xC0, 0x00, 0x7F, 0xE0, 0x3F,
    0xF0, 0x00, 0x2F, 0xF4, 0x1F, 0xF8, 0x00, 0x0F, 0xFD, 0x0B, 0xFD, 0x00, 0x03, 0xFF, 0x03, 0xFF,
    0x40, 0x00, 0xFF, 0xC0, 0xFF, 0xC0, 0x00, 0x7F, 0xE0, 0x00, 0x0F, 0xFC, 0x00, 0x00, 0x00, 0x7F,
    0xE0, 0x00, 0x00, 0x02, 0xFF, 0x40, 0x00, 0x00, 0x0F, 0xFC, 0x00, 0x00, 0x00, 0x3F, 0xF0, 0x00,
    0x00, 0x00, 0xFF, 0x80, 0x00, 0x00, 0x07, 0xFD, 0x00, 0x00, 0x00, 0x2F, 0xF0, 0xBF, 0x80, 0x00,
    0xFF, 0xCF, 0xFF, 0xD0, 0x03, 0xFF, 0xFF, 0xFF, 0xC0, 0x0F, 0xFF, 0xFF, 0xFF, 0x00, 0x7F, 0xFD,
    0x0F, 0xFD, 0x02, 0xFF, 0xD0, 0x2F, 0xF4, 0x0F, 0xFE, 0x00, 0xBF, 0xD0, 0x3F, 0xF0, 0x02, 0xFF,
    0x00, 0xFF, 0xC0, 0x0F, 0xFC, 0x07, 0xFE, 0x00, 0x3F, 0xF0, 0x2F, 0xF4, 0x01, 0xFF, 0x80, 0xFF,
    0xC0, 0x07, 0xFD, 0x03, 0xFF, 0x00, 0x2F, 0xF0, 0x1F, 0xF8, 0x00, 0xFF, 0xC0, 0x7F, 0xD0, 0x03,
    0xFF, 0x02, 0xFF, 0x00, 0x1F, 0xF8, 0x0F, 0xFC, 0x00, 0x7F, 0xD0, 0x3F, 0xF0, 0x02, 0xFF, 0x01,
    0xFF, 0x80, 0x0F, 0xFC, 0x00, 0x00, 0x00, 0x00, 0x0B, 0xFF, 0xD0, 0x00, 0x00, 0x00, 0x3F, 0xFF,
    0xFF, 0x00, 0x00, 0x00, 0xBF, 0xFF, 0xFF, 0xF0, 0x00, 0x00, 0xBF, 0xFF, 0xFF, 0xFE, 0x00, 0x00,
    0xBF, 0xFD, 0x02, 0xFF, 0xCF, 0xF0, 0x3F, 0xF8, 0x00, 0x3F, 0xFB, 0xF8, 0x3F, 0xF8, 0x00, 0x0F,
    0xFF, 0xFD, 0x1F, 0xFC, 0x00, 0x0B, 0xFE, 0xFF, 0x8B, 0xFE, 0x00, 0x6F, 0xFF, 0x7F, 0xFF, 0xFF,
    0xFF, 0xFF, 0xFF, 0x8B, 0xFF, 0xFF, 0xFF, 0xFF, 0xFF, 0x80, 0xFF, 0xFF, 0xFF, 0xFF, 0xFE, 0x00,
    0x07, 0xFF, 0xFF, 0xFF, 0xA4, 0x00, 0x00, 0x0B, 0xFE, 0x00, 0x00, 0x00, 0x00, 0x02, 0xFF, 0x80,
    0x00, 0x00, 0x00, 0x00, 0xBF, 0xE0, 0x00, 0x00, 0x00, 0x00, 0x1F, 0xFC, 0x00, 0x00, 0x00, 0x00,
    0x03, 0xFF, 0x00, 0x00, 0x00, 0x00, 0x00, 0xFF, 0xE0, 0x00, 0x00, 0x00, 0x00, 0x2F, 0xFE, 0x00,
    0x1F, 0x00, 0x00, 0x03, 0xFF, 0xFF, 0xFF, 0xC0, 0x00, 0x00, 0x7F, 0xFF, 0xFF, 0xF0, 0x00, 0x00,
    0x03, 0xFF, 0xFF, 0xFC, 0x00, 0x00, 0x00, 0x1B, 0xFF, 0xE4, 0x00, 0x00, 0x00, 0x01, 0xBF, 0xE4,
    0x00, 0x00, 0x01, 0xFF, 0xFF, 0xE0, 0x00, 0x00, 0x7F, 0xFF, 0xFF, 0x40, 0x00, 0x1F, 0xFF, 0xFF,
    0xFC, 0x15, 0x03, 0xFF, 0xC0, 0xFF, 0xC3, 0xF4, 0xBF, 0xE0, 0x0B, 0xFC, 0xBF, 0x0F, 0xFC, 0x00,
    0xFF, 0xCB, 0xF5, 0xFF, 0x80, 0x7F, 0xFC, 0xBF, 0xFF, 0xFF, 0xFF, 0xFF, 0x03, 0xFF, 0xFF, 0xFF,
    0xFF, 0xD0, 0x0F, 0xFF, 0xFF, 0xFF, 0xE0, 0x00, 0x07, 0xFF, 0xFF, 0x90, 0x00, 0x00, 0x3F, 0xF0,
    0x00, 0x00, 0x00, 0x03, 0xFF, 0x00, 0x00, 0x00, 0x00, 0x2F, 0xFC, 0x00, 0x64, 0x00, 0x01, 0xFF,
    0xFF, 0xFF, 0x40, 0x00, 0x0B, 0xFF, 0xFF, 0xF4, 0x00, 0x00, 0x2F, 0xFF, 0xFF, 0x40, 0x00, 0x00,
    0x6F, 0xFE, 0x40, 0x00, 0x00, 0x00, 0x00, 0x0B, 0xFF, 0xD0, 0x00, 0x00, 0x00, 0x3F, 0xFF, 0xFF,
    0x00, 0x00, 0x00, 0xBF, 0xFF, 0xFF, 0xF0, 0x00, 0x00, 0xBF, 0xFF, 0xFF, 0xFE, 0x00, 0x00, 0xBF,
    0xFD, 0x02, 0xFF, 0xCF, 0xF0, 0x3F, 0xF8, 0x00, 0x3F, 0xFB, 0xF8, 0x3F, 0xF8, 0x00, 0x0F, 0xFF,
    0xFD, 0x1F, 0xFC, 0x00, 0x0B, 0xFE, 0xFF, 0x8B, 0xFE, 0x00, 0x6F, 0xFF, 0x7F, 0xFF, 0xFF, 0xFF,
    0xFF, 0xFF, 0x8B, 0xFF, 0xFF, 0xFF, 0xFF, 0xFF, 0x80, 0xFF, 0xFF, 0xFF, 0xFF, 0xFE, 0x00, 0x07,
    0xFF, 0xFF, 0xFF, 0xA4, 0x00, 0x00, 0x0B, 0xFE, 0x00, 0x00, 0x00, 0x00, 0x02, 0xFF, 0x80, 0x00,
    0x00, 0x00, 0x00, 0xBF, 0xE0, 0x00, 0x00, 0x00, 0x00, 0x1F, 0xFC, 0x00, 0x00, 0x00, 0x00, 0x03,
    0xFF, 0x40, 0x00, 0x00, 0x00, 0x00, 0xFF, 0xF0, 0x00, 0x08, 0x00, 0x00, 0x2F, 0xFF, 0xA6, 0xBF,
    0x00, 0x00, 0x03, 0xFF, 0xFF, 0xFF, 0xC0, 0x00, 0x00, 0x7F, 0xFF, 0xFF, 0xF0, 0x00, 0x00, 0x03,
    0xFF, 0xFF, 0xFC, 0x00, 0x00, 0x00, 0x1F, 0xFF, 0xA0, 0x00, 0x00, 0x00, 0x03, 0xFE, 0x00, 0x00,
    0x00, 0x00, 0x01, 0xFF, 0x80, 0x00, 0x00, 0x00, 0x00, 0xBF, 0xD0, 0x00, 0x00, 0x00, 0x00, 0x3F,
    0xF0, 0x00, 0x00, 0x00, 0x00, 0x0F, 0xFC, 0x00, 0x00, 0x00, 0x00, 0x03, 0xFE, 0x00, 0x00, 0x00,
    0x00, 0x01, 0xFF, 0x80, 0x00, 0x00, 0x00, 0x00, 0x01, 0xBF, 0xE4, 0x00, 0x00, 0x01, 0xFF, 0xFF,
    0xE0, 0x00, 0x00, 0x7F, 0xFF, 0xFF, 0x40, 0x00, 0x1F, 0xFF, 0xFF, 0xFC, 0x15, 0x03, 0xFF, 0xC0,
    0xFF, 0xC3, 0xF4, 0xBF, 0xE0, 0x0B, 0xFC, 0xBF, 0x0F, 0xFC, 0x00, 0xFF, 0xCB, 0xF5, 0xFF, 0x80,
    0x7F, 0xFC, 0xBF, 0xFF, 0xFF, 0xFF, 0xFF, 0x03, 0xFF, 0xFF, 0xFF, 0xFF, 0xD0, 0x0F, 0xFF, 0xFF,
    0xFF, 0xE0, 0x00, 0x07, 0xFF, 0xFF, 0x90, 0x00, 0x00, 0x3F, 0xF0, 0x00, 0x00, 0x00, 0x03, 0xFF,
    0x00, 0x00, 0x00, 0x00, 0x2F, 0xF8, 0x00, 0x14, 0x00, 0x01, 0xFF, 0xFA, 0xBF, 0x40, 0x00, 0x0B,
    0xFF, 0xFF, 0xF4, 0x00, 0x00, 0x2F, 0xFF, 0xFF, 0x40, 0x00, 0x00, 0x7F, 0xFE, 0x40, 0x00, 0x00,
    0x03, 0xFE, 0x00, 0x00, 0x00, 0x00, 0x3F, 0xD0, 0x00, 0x00, 0x00, 0x07, 0xFC, 0x00, 0x00, 0x00,
    0x00, 0x7F, 0xC0, 0x00, 0x00, 0x00, 0x0B, 0xFC, 0x00, 0x00, 0x00, 0x00, 0xFF, 0x80, 0x00, 0x00,
    0x00, 0x0A, 0xA0, 0x00, 0x00, 0x00, 0x3F, 0xFF, 0xFD, 0x00, 0x3F, 0xFF, 0xFD, 0x00, 0x7F, 0xFF,
    0xFC, 0x00, 0x1F, 0xFF, 0xE0, 0x00, 0x03, 0xFF, 0x00, 0x00, 0x07, 0xFE, 0x00, 0x00, 0x0B, 0xFD,
    0x00, 0x00, 0x0F, 0xFC, 0x00, 0x00, 0x0F, 0xFC, 0x00, 0x00, 0x0F, 0xFC, 0x00, 0x00, 0x1F, 0xF8,
    0x00, 0x00, 0x2F, 0xF4, 0x00, 0x00, 0x3F, 0xF0, 0x00, 0x00, 0x3F, 0xF0, 0x00, 0x00, 0x3F, 0xE0,
    0x00, 0x00, 0x7F, 0xE0, 0x00, 0x00, 0xBF, 0xD0, 0x00, 0x00, 0xFF, 0xC0, 0x00, 0x00, 0xFF, 0xC0,
    0x00, 0x01, 0xFF, 0x80, 0x00, 0x1B, 0xFF, 0xF0, 0x00, 0x7F, 0xFF, 0xFC, 0x00, 0xBF, 0xFF, 0xFC,
    0x00, 0xFF, 0xFF, 0xF8, 0x00, 0x00, 0x00, 0x00, 0x02, 0xFD, 0x00, 0xFF, 0x00, 0x00, 0x00, 0x00,
    0x00, 0x07, 0xF4, 0x07, 0xFC, 0x00, 0x00, 0x00, 0x00, 0x00, 0x1F, 0xF0, 0x7F, 0xD0, 0x00, 0x00,
    0x00, 0x00, 0x00, 0x3F, 0xFF, 0xFE, 0x00, 0x00, 0x00, 0x00, 0x00, 0x00, 0x3F, 0xFF, 0xE0, 0x00,
    0x00, 0x00, 0x00, 0x00, 0x00, 0x1A, 0xA4, 0x00, 0x00, 0x00, 0x00, 0x00, 0x00, 0x00, 0x00, 0x00,
    0x00, 0x00, 0x00, 0x00, 0x00, 0x00, 0x00, 0x00, 0x00, 0x00, 0x00, 0x00, 0x0F, 0xFC, 0x00, 0x0F,
    0xFC, 0x00, 0x7F, 0xF4, 0x00, 0x1F, 0xF4, 0x00, 0x3F, 0xE0, 0x03, 0xFF, 0x40, 0x00, 0x3F, 0xF0,
    0x01, 0xFF, 0x40, 0x3F, 0xF8, 0x00, 0x00, 0x7F, 0xD0, 0x0B, 0xFC, 0x02, 0xFF, 0xC0, 0x00, 0x00,
    0xFF, 0xC0, 0x3F, 0xF0, 0x1F, 0xFC, 0x00, 0x00, 0x02, 0xFF, 0x00, 0xFF, 0x80, 0xFF, 0xD0, 0x00,
    0x00, 0x03, 0xFE, 0x07, 0xFD, 0x0F, 0xFD, 0x00, 0x00, 0x00, 0x0B, 0xFC, 0x1F, 0xF4, 0xBF, 0xE0,
    0x00, 0x00, 0x00, 0x0F, 0xF8, 0xBF, 0xCB, 0xFF, 0x00, 0x00, 0x00, 0x00, 0x2F, 0xFF, 0xFF, 0xFF,
    0xF0, 0x00, 0x00, 0x00, 0x00, 0xBF, 0xFF, 0xFF, 0xFF, 0x40, 0x00, 0x00, 0x00, 0x07, 0xFF, 0xFF,
    0xFF, 0xFC, 0x00, 0x00, 0x00, 0x00, 0x3F, 0xFF, 0xFF, 0xFF, 0xF0, 0x00, 0x00, 0x00, 0x03, 0xFF,
    0xCB, 0xFC, 0xBF, 0xE0, 0x00, 0x00, 0x00, 0x2F, 0xFD, 0x3F, 0xF1, 0xFF, 0xC0, 0x00, 0x00, 0x01,
    0xFF, 0xE0, 0xFF, 0x83, 0xFF, 0x00, 0x00, 0x00, 0x0F, 0xFF, 0x07, 0xFD, 0x0B, 0xFE, 0x00, 0x00,
    0x00, 0xFF, 0xF0, 0x2F, 0xF0, 0x1F, 0xFC, 0x00, 0x00, 0x0B, 0xFF, 0x40, 0xFF, 0xC0, 0x3F, 0xF4,
    0x00, 0x00, 0x7F, 0xF8, 0x03, 0xFF, 0x00, 0xFF, 0xE0, 0x00, 0x03, 0xFF, 0xC0, 0x0F, 0xF8, 0x01,
    0xFF, 0xC0, 0x00, 0x3F, 0xFD, 0x00, 0x7F, 0xD0, 0x03, 0xFF, 0x40, 0x02, 0xFF, 0xE0, 0x02, 0xFF,
    0x00, 0x0F, 0xFE, 0x00, 0x1F, 0xFF, 0x00, 0x0F, 0xFC, 0x00, 0x2F, 0xFC, 0x00, 0x00, 0x00, 0x00,
    0x0A, 0x90, 0x06, 0xA0, 0x00, 0x00, 0x00, 0x00, 0x00, 0xFF, 0x00, 0xFF, 0x00, 0x00, 0x00, 0x00,
    0x00, 0x0F, 0xF0, 0x2F, 0xE0, 0x00, 0x00, 0x00, 0x00, 0x00, 0xBF, 0xFF, 0xFC, 0x00, 0x00, 0x00,
    0x00, 0x00, 0x03, 0xFF, 0xFF, 0x40, 0x00, 0x00, 0x00, 0x00, 0x00, 0x07, 0xFF, 0x80, 0x00, 0x00,
    0x00, 0x00, 0x00, 0x00, 0x00, 0x00, 0x00, 0x00, 0x00, 0x00, 0x00, 0x00, 0x00, 0x00, 0x00, 0x00,
    0x00, 0x01, 0xFF, 0x80, 0x00, 0xBF, 0xC0, 0x01, 0xBF, 0xD0, 0x1F, 0xFF, 0x40, 0x0F, 0xFC, 0x00,
    0xFF, 0xFC, 0x01, 0xFF, 0xFD, 0x00, 0xFF, 0x80, 0x3F, 0xFF, 0x80, 0x1F, 0xFF, 0xF0, 0x0F, 0xF4,
    0x0F, 0xFF, 0xF4, 0x00, 0x07, 0xFF, 0x01, 0xFF, 0x42, 0xFF, 0xC0, 0x00, 0x00, 0x2F, 0xF4, 0x2F,
    0xF0, 0x3F, 0xF0, 0x00, 0x00, 0x01, 0xFF, 0x43, 0xFF, 0x0B, 0xFD, 0x00, 0x00, 0x00, 0x1F, 0xFF,
    0xFF, 0xFF, 0xFF, 0xC0, 0x00, 0x00, 0x01, 0xFF, 0xFF, 0xFF, 0xFF, 0xF8, 0x00, 0x00, 0x00, 0x2F,
    0xFF, 0xFF, 0xFF, 0xFF, 0x40, 0x00, 0x00, 0x03, 0xFF, 0xFF, 0xFF, 0xFF, 0xF4, 0x00, 0x00, 0x00,
    0x3F, 0xE0, 0xFF, 0xC2, 0xFF, 0x00, 0x00, 0x00, 0x0B, 0xFD, 0x0F, 0xF8, 0x2F, 0xF4, 0x00, 0x00,
    0x00, 0xFF, 0xC1, 0xFF, 0x41, 0xFF, 0x80, 0x00, 0x00, 0x7F, 0xF4, 0x1F, 0xF0, 0x0F, 0xFD, 0x00,
    0x01, 0xFF, 0xFF, 0x02, 0xFF, 0x00, 0xFF, 0xFF, 0x00, 0x3F, 0xFF, 0xC0, 0x3F, 0xF0, 0x07, 0xFF,
    0xF0, 0x03, 0xFF, 0xE0, 0x03, 0xFE, 0x00, 0x2F, 0xFF, 0x00, 0xBF, 0xE4, 0x00, 0x7F, 0xD0, 0x00,
    0x6F, 0xF0, 0x00, 0x00, 0x0F, 0xFC, 0x00, 0x3F, 0xF4, 0x00, 0x7F, 0xE0, 0x03, 0xFF, 0x80, 0x02,
    0xFF, 0x40, 0x2F, 0xFC, 0x00, 0x0F, 0xFC, 0x01, 0xFF, 0xC0, 0x00, 0x3F, 0xF0, 0x1F, 0xFD, 0x00,
    0x01, 0xFF, 0x80, 0xFF, 0xD0, 0x00, 0x07, 0xFD, 0x0F, 0xFE, 0x00, 0x00, 0x2F, 0xF4, 0xBF, 0xF0,
    0x00, 0x00, 0xFF, 0xC7, 0xFF, 0x00, 0x00, 0x03, 0xFF, 0x3F, 0xF4, 0x00, 0x00, 0x1F, 0xFB, 0xFF,
    0x40, 0x00, 0x00, 0xBF, 0xFF, 0xFE, 0x40, 0x00, 0x02, 0xFF, 0xFF, 0xFF, 0xC0, 0x00, 0x0F, 0xFF,
    0xFF, 0xFF, 0xC0, 0x00, 0x3F, 0xFF, 0xFF, 0xFF, 0xC0, 0x01, 0xFF, 0x80, 0x1F, 0xFF, 0x40, 0x0B,
    0xFD, 0x00, 0x0F, 0xFF, 0x00, 0x3F, 0xF0, 0x00, 0x1F, 0xFC, 0x00, 0xFF, 0xC0, 0x00, 0x3F, 0xF0,
    0x03, 0xFF, 0x00, 0x00, 0xFF, 0xC0, 0x1F, 0xF8, 0x00, 0x03, 0xFF, 0x00, 0xBF, 0xD0, 0x00, 0x0F,
    0xFC, 0x03, 0xFF, 0x00, 0x00, 0x3F, 0xF0, 0x0F, 0xFC, 0x00, 0x01, 0xFF, 0xC0, 0x00, 0x00, 0x00,
    0x0B, 0xFD, 0x00, 0x00, 0x00, 0x00, 0x3F, 0xF0, 0x00, 0x00, 0x00, 0x03, 0xFF, 0x80, 0x00, 0x08,
    0x00, 0x7F, 0xFC, 0x00, 0x00, 0x3F, 0xFF, 0xFF, 0xD0, 0x00, 0x00, 0xFF, 0xFF, 0xFD, 0x00, 0x00,
    0x03, 0xFF, 0xFF, 0xD0, 0x00, 0x00, 0x06, 0xFF, 0xE4, 0x00, 0x00, 0x00, 0xBF, 0xD0, 0x0B, 0xFF,
    0x00, 0x3F, 0xF0, 0x0B, 0xFF, 0x00, 0x0F, 0xFC, 0x07, 0xFF, 0x00, 0x03, 0xFE, 0x03, 0xFF, 0x40,
    0x01, 0xFF, 0x43, 0xFF, 0x40, 0x00, 0xBF, 0xC3, 0xFF, 0x80, 0x00, 0x3F, 0xF2, 0xFF, 0x80, 0x00,
    0x0F, 0xFE, 0xFF, 0xC0, 0x00, 0x07, 0xFF, 0xFF, 0xC0, 0x00, 0x01, 0xFF, 0xFF, 0xFE, 0x00, 0x00,
    0xBF, 0xFF, 0xFF, 0xF0, 0x00, 0x3F, 0xFF, 0xFF, 0xFE, 0x00, 0x0F, 0xFC, 0x07, 0xFF, 0xC0, 0x07,
    0xFE, 0x00, 0x3F, 0xF4, 0x01, 0xFF, 0x40, 0x0B, 0xFE, 0x00, 0xBF, 0xC0, 0x01, 0xFF, 0x80, 0x3F,
    0xF0, 0x00, 0x7F, 0xE0, 0x0F, 0xFC, 0x00, 0x1F, 0xF8, 0x07, 0xFE, 0x00, 0x07, 0xFD, 0x00, 0x00,
    0x00, 0x02, 0xFF, 0x40, 0x00, 0x00, 0x00, 0xFF, 0xC0, 0x00, 0x00, 0x00, 0xBF, 0xE0, 0x00, 0x05,
    0x00, 0xFF, 0xF0, 0x00, 0x02, 0xFF, 0xFF, 0xF4, 0x00, 0x00, 0xBF, 0xFF, 0xF8, 0x00, 0x00, 0x2F,
    0xFF, 0xF4, 0x00, 0x00, 0x06, 0xFF, 0x90, 0x00, 0x00, 0x00, 0x00, 0x0F, 0xFF, 0xFF, 0xFF, 0x00,
    0x00, 0x00, 0xFF, 0xFF, 0xFF, 0xF0, 0x00, 0x00, 0x1F, 0xFF, 0xFF, 0xFF, 0x00, 0x00, 0x02, 0xFF,
    0xFF, 0xFF, 0xE0, 0x00, 0x00, 0x3F, 0xF0, 0x0B, 0xFD, 0x00, 0x00, 0x03, 0xFE, 0x00, 0xFF, 0xC0,
    0x00, 0x00, 0x7F, 0xD0, 0x0F, 0xFC, 0x00, 0x00, 0x0B, 0xFC, 0x00, 0xFF, 0x80, 0x00, 0x00, 0xFF,
    0xC0, 0x1F, 0xF8, 0x00, 0x00, 0x1F, 0xF8, 0x02, 0xFF, 0x40, 0x00, 0x02, 0xFF, 0x40, 0x3F, 0xF0,
    0x00, 0x00, 0x3F, 0xF0, 0x03, 0xFF, 0x00, 0x00, 0x03, 0xFE, 0x00, 0x7F, 0xE0, 0x00, 0x00, 0xBF,
    0xD0, 0x07, 0xFD, 0x00, 0x00, 0x0F, 0xFC, 0x00, 0xBF, 0xC0, 0x00, 0x00, 0xFF, 0x80, 0x0F, 0xFC,
    0x00, 0x00, 0x2F, 0xF4, 0x00, 0xFF, 0xC0, 0x00, 0x03, 0xFF, 0x00, 0x1F, 0xF8, 0x00, 0x00, 0xBF,
    0xE0, 0x02, 0xFF, 0x40, 0x00, 0x2F, 0xFC, 0x00, 0x2F, 0xF9, 0x54, 0xFF, 0xFF, 0x80, 0x03, 0xFF,
    0xFF, 0x8F, 0xFF, 0xF0, 0x00, 0x3F, 0xFF, 0xF4, 0xFF, 0xFC, 0x00, 0x07, 0xFF, 0xFF, 0x0F, 0xFD,
    0x00, 0x00, 0xBF, 0xFF, 0xD0, 0x00, 0x00, 0x00, 0x00, 0x0B, 0xFC, 0x00, 0x00, 0x00, 0x00, 0x00,
    0xFF, 0x80, 0x00, 0x00, 0x00, 0x00, 0x3F, 0xF0, 0x00, 0x00, 0x00, 0x00, 0x07, 0xFE, 0x00, 0x00,
    0x00, 0x00, 0x00, 0xFF, 0xC0, 0x00, 0x00, 0x00, 0x00, 0x2F, 0xF8, 0x00, 0x00, 0x00, 0x00, 0x07,
    0xFF, 0x40, 0x00, 0x00, 0x00, 0x02, 0xFF, 0xF9, 0x00, 0x00, 0x02, 0xFF, 0xFF, 0xF8, 0x00, 0x00,
    0xFF, 0xFF, 0xFF, 0x40, 0x00, 0x2F, 0xFF, 0xFF, 0xF0, 0x00, 0x03, 0xFF, 0x43, 0xFF, 0x00, 0x00,
    0xBF, 0xD0, 0x3F, 0xF0, 0x00, 0x0F, 0xFC, 0x07, 0xFE, 0x00, 0x02, 0xFF, 0x40, 0x7F, 0xD0, 0x00,
    0x3F, 0xF0, 0x0B, 0xFC, 0x00, 0x03, 0xFE, 0x00, 0xFF, 0xC0, 0x00, 0xBF, 0xD0, 0x0F, 0xFC, 0x00,
    0x0F, 0xFC, 0x01, 0xFF, 0x80, 0x01, 0xFF, 0x80, 0x1F, 0xF4, 0x00, 0x2F, 0xF4, 0x02, 0xFF, 0x00,
    0x07, 0xFF, 0x00, 0x3F, 0xF0, 0x0F, 0xFF, 0xD0, 0x03, 0xFF, 0xFE, 0xFF, 0xFC, 0x00, 0x7F, 0xFF,
    0xDF, 0xFF, 0x00, 0x0B, 0xFF, 0xFC, 0xFF, 0x80, 0x00, 0xBF, 0xFF, 0x80, 0x00, 0x00, 0x00, 0x0F,
    0xF0, 0x00, 0x00, 0x00, 0x02, 0xFE, 0x00, 0x00, 0x00, 0x00, 0x3F, 0xC0, 0x00, 0x00, 0x00, 0x0F,
    0xFC, 0x00, 0x00, 0x00, 0x01, 0xFF, 0x40, 0x00, 0x00, 0x00, 0x3F, 0xF0, 0x00, 0x00, 0x00, 0x02,
    0xA9, 0x00, 0x00, 0x0F, 0xFC, 0x00, 0x0B, 0xFD, 0x00, 0x1F, 0xF8, 0x00, 0x0F, 0xFC, 0x00, 0x2F,
    0xF4, 0x00, 0x0F, 0xFC, 0x00, 0x3F, 0xF0, 0x00, 0x1F, 0xFC, 0x00, 0x3F, 0xF0, 0x00, 0x1F, 0xF8,
    0x00, 0x7F, 0xF0, 0x00, 0x2F, 0xF4, 0x00, 0x7F, 0xE0, 0x00, 0x3F, 0xF0, 0x00, 0xBF, 0xD0, 0x00,
    0x3F, 0xF0, 0x00, 0xFF, 0xC0, 0x00, 0x7F, 0xE0, 0x00, 0xFF, 0xFF, 0xFF, 0xFF, 0xD0, 0x01, 0xFF,
    0xFF, 0xFF, 0xFF, 0xD0, 0x02, 0xFF, 0xFF, 0xFF, 0xFF, 0xC0, 0x02, 0xFF, 0xFF, 0xFF, 0xFF, 0xC0,
    0x03, 0xFF, 0x00, 0x02, 0xFF, 0x80, 0x03, 0xFF, 0x00, 0x02, 0xFF, 0x40, 0x07, 0xFE, 0x00, 0x03,
    0xFF, 0x00, 0x0B, 0xFD, 0x00, 0x03, 0xFF, 0x00, 0x0F, 0xFC, 0x00, 0x07, 0xFF, 0x00, 0x0F, 0xFC,
    0x00, 0x0B, 0xFE, 0x00, 0x0F, 0xFC, 0x00, 0x0B, 0xFD, 0x00, 0x1F, 0xF8, 0x00, 0x0F, 0xFC, 0x00,
    0x2F, 0xF4, 0x00, 0x0F, 0xFC, 0x00, 0x3F, 0xF0, 0x00, 0x1F, 0xF8, 0x00, 0x3F, 0xF0, 0x00, 0x2F,
    0xF4, 0x00, 0x00, 0x00, 0x00, 0x3F, 0xF0, 0x00, 0x00, 0x00, 0x00, 0x7F, 0xF0, 0x00, 0x00, 0x00,
    0x00, 0xFF, 0xE0, 0x00, 0x00, 0x50, 0x07, 0xFF, 0xC0, 0x00, 0x00, 0xBF, 0xFF, 0xFF, 0x40, 0x00,
    0x00, 0xBF, 0xFF, 0xFE, 0x00, 0x00, 0x00, 0xBF, 0xFF, 0xF4, 0x00, 0x00, 0x00, 0x2F, 0xFE, 0x40,
    0x00, 0x00, 0x00, 0xBF, 0xD0, 0x03, 0xFF, 0x00, 0xFF, 0xC0, 0x07, 0xFE, 0x00, 0xFF, 0xC0, 0x0B,
    0xFD, 0x00, 0xFF, 0x80, 0x0F, 0xFC, 0x01, 0xFF, 0x80, 0x0F, 0xFC, 0x02, 0xFF, 0x40, 0x0F, 0xFC,
    0x03, 0xFF, 0x00, 0x1F, 0xF8, 0x03, 0xFF, 0xFF, 0xFF, 0xF4, 0x07, 0xFF, 0xFF, 0xFF, 0xF0, 0x07,
    0xFF, 0xFF, 0xFF, 0xF0, 0x0B, 0xFF, 0xFF, 0xFF, 0xF0, 0x0F, 0xFC, 0x00, 0x7F, 0xE0, 0x0F, 0xFC,
    0x00, 0xBF, 0xD0, 0x1F, 0xF8, 0x00, 0xFF, 0xC0, 0x1F, 0xF4, 0x00, 0xFF, 0xC0, 0x2F, 0xF4, 0x00,
    0xFF, 0xC0, 0x3F, 0xF0, 0x01, 0xFF, 0x80, 0x3F, 0xF0, 0x02, 0xFF, 0x40, 0x7F, 0xE0, 0x03, 0xFF,
    0x00, 0x00, 0x00, 0x03, 0xFF, 0x00, 0x00, 0x00, 0x07, 0xFE, 0x00, 0x00, 0x00, 0x0F, 0xFD, 0x00,
    0x00, 0x40, 0x3F, 0xFC, 0x00, 0x00, 0xFF, 0xFF, 0xF4, 0x00, 0x00, 0xFF, 0xFF, 0xE0, 0x00, 0x00,
    0xFF, 0xFF, 0x80, 0x00, 0x00, 0x6F, 0xF8, 0x00, 0x00, 0x00, 0x0F, 0xFC, 0x00, 0x0B, 0xFD, 0x00,
    0x07, 0xFE, 0x00, 0x03, 0xFF, 0x00, 0x02, 0xFF, 0x40, 0x00, 0xFF, 0xC0, 0x00, 0xFF, 0xC0, 0x00,
    0x3F, 0xF0, 0x00, 0x3F, 0xF0, 0x00, 0x1F, 0xF8, 0x00, 0x1F, 0xF8, 0x00, 0x0B, 0xFD, 0x00, 0x07,
    0xFD, 0x00, 0x03, 0xFF, 0x00, 0x02, 0xFF, 0x00, 0x00, 0xFF, 0xC0, 0x00, 0xFF, 0xC0, 0x00, 0x7F,
    0xE0, 0x00, 0x3F, 0xFF, 0xFF, 0xFF, 0xF4, 0x00, 0x1F, 0xFF, 0xFF, 0xFF, 0xFD, 0x00, 0x0B, 0xFF,
    0xFF, 0xFF, 0xFF, 0x00, 0x02, 0xFF, 0xFF, 0xFF, 0xFF, 0xC0, 0x00, 0xFF, 0xC0, 0x00, 0x7F, 0xE0,
    0x00, 0x3F, 0xE0, 0x00, 0x2F, 0xF4, 0x00, 0x1F, 0xF8, 0x00, 0x0F, 0xFC, 0x00, 0x0B, 0xFD, 0x00,
    0x03, 0xFF, 0x00, 0x03, 0xFF, 0x00, 0x00, 0xFF, 0xC0, 0x00, 0xFF, 0xC0, 0x00, 0x7F, 0xE0, 0x00,
    0x3F, 0xE0, 0x00, 0x2F, 0xFE, 0xA8, 0x1F, 0xF8, 0x00, 0x0F, 0xFF, 0xFF, 0x0B, 0xFD, 0x00, 0x03,
    0xFF, 0xFF, 0x43, 0xFF, 0x00, 0x00, 0xFF, 0xFF, 0xC0, 0xFF, 0xC0, 0x00, 0x7F, 0xFF, 0xE0, 0x00,
    0x00, 0x00, 0x00, 0x1F, 0xF0, 0x00, 0x00, 0x00, 0x00, 0x0F, 0xF8, 0x00, 0x00, 0x00, 0x00, 0x0B,
    0xFC, 0x00, 0x00, 0x00, 0x00, 0x03, 0xFF, 0x00, 0x00, 0x00, 0x00, 0x03, 0xFF, 0x40, 0x00, 0x00,
    0x00, 0x01, 0xFF, 0xC0, 0x00, 0x00, 0x00, 0x00, 0xFF, 0xD0, 0x00, 0x00, 0xBF, 0xD0, 0x03, 0xFF,
    0x00, 0x0F, 0xFC, 0x00, 0x7F, 0xE0, 0x00, 0xFF, 0xC0, 0x0B, 0xFD, 0x00, 0x0F, 0xF8, 0x00, 0xFF,
    0xC0, 0x01, 0xFF, 0x80, 0x0F, 0xFC, 0x00, 0x2F, 0xF4, 0x00, 0xFF, 0xC0, 0x03, 0xFF, 0x00, 0x1F,
    0xF8, 0x00, 0x3F, 0xFF, 0xFF, 0xFF, 0x40, 0x07, 0xFF, 0xFF, 0xFF, 0xF0, 0x00, 0x7F, 0xFF, 0xFF,
    0xFF, 0x00, 0x0B, 0xFF, 0xFF, 0xFF, 0xF0, 0x00, 0xFF, 0xC0, 0x07, 0xFE, 0x00, 0x0F, 0xFC, 0x00,
    0xBF, 0xD0, 0x01, 0xFF, 0x80, 0x0F, 0xFC, 0x00, 0x1F, 0xF4, 0x00, 0xFF, 0xD5, 0x42, 0xFF, 0x40,
    0x0F, 0xFF, 0xFC, 0x3F, 0xF0, 0x01, 0xFF, 0xFF, 0x43, 0xFF, 0x00, 0x2F, 0xFF, 0xF0, 0x7F, 0xE0,
    0x03, 0xFF, 0xFE, 0x00, 0x00, 0x00, 0x00, 0x7F, 0xC0, 0x00, 0x00, 0x00, 0x0F, 0xF8, 0x00, 0x00,
    0x00, 0x01, 0xFF, 0x00, 0x00, 0x00, 0x00, 0x3F, 0xF0, 0x00, 0x00, 0x00, 0x07, 0xFD, 0x00, 0x00,
    0x00, 0x00, 0xFF, 0xC0, 0x00, 0x00, 0x00, 0x0A, 0xA4, 0x00, 0x0F, 0xFC, 0x00, 0x07, 0xFD, 0x1F,
    0xF8, 0x00, 0x0B, 0xFD, 0x1F, 0xF4, 0x00, 0x0F, 0xFC, 0x2F, 0xF4, 0x00, 0x0F, 0xFC, 0x3F, 0xF0,
    0x00, 0x1F, 0xF8, 0x3F, 0xF0, 0x00, 0x2F, 0xF4, 0x7F, 0xE0, 0x00, 0x2F, 0xF0, 0xBF, 0xD0, 0x00,
    0x3F, 0xF0, 0xBF, 0xC0, 0x00, 0x3F, 0xF0, 0xFF, 0xC0, 0x00, 0x7F, 0xE0, 0xFF, 0xC0, 0x00, 0xBF,
    0xD0, 0xFF, 0xF0, 0x07, 0xFF, 0xC0, 0xBF, 0xFF, 0xFF, 0xFF, 0xC0, 0x7F, 0xFF, 0xFF, 0xFF, 0xC0,
    0x1F, 0xFF, 0xFF, 0xFF, 0x80, 0x02, 0xFF, 0x92, 0xFF, 0x40, 0x00, 0x00, 0x03, 0xFF, 0x00, 0x00,
    0x00, 0x03, 0xFF, 0x00, 0x00, 0x00, 0x03, 0xFE, 0x00, 0x00, 0x00, 0x07, 0xFE, 0x00, 0x00, 0x0F,
    0xFF, 0xFD, 0x00, 0x00, 0x1F, 0xFF, 0xFC, 0x00, 0x00, 0x2F, 0xFF, 0xFC, 0x00, 0x00, 0x3F, 0xFF,
    0xF8, 0x00, 0x00, 0x3F, 0xF0, 0x00, 0x00, 0x00, 0x7F, 0xE0, 0x00, 0x00, 0x00, 0xBF, 0xD0, 0x00,
    0x00, 0x00, 0xBF, 0xC0, 0x00, 0x00, 0x00, 0xFF, 0xC0, 0x00, 0x00, 0x00, 0xFF, 0xC0, 0x00, 0x00,
    0x01, 0xFF, 0x80, 0x00, 0x00, 0x0F, 0xFC, 0x00, 0xBF, 0xC1, 0xFF, 0x80, 0x0F, 0xFC, 0x2F, 0xF4,
    0x00, 0xFF, 0xC2, 0xFF, 0x00, 0x1F, 0xF8, 0x3F, 0xF0, 0x02, 0xFF, 0x43, 0xFF, 0x00, 0x3F, 0xF0,
    0x7F, 0xE0, 0x07, 0xFF, 0x07, 0xFE, 0x00, 0xFF, 0xE0, 0x7F, 0xF0, 0x2F, 0xFE, 0x03, 0xFF, 0xFF,
    0xFF, 0xD0, 0x3F, 0xFF, 0xFF, 0xFC, 0x00, 0xFF, 0xFD, 0xFF, 0xC0, 0x02, 0xFE, 0x0F, 0xF8, 0x00,
    0x00, 0x01, 0xFF, 0x80, 0x00, 0x00, 0x2F, 0xF4, 0x00, 0x02, 0xFF, 0xFF, 0x00, 0x00, 0x3F, 0xFF,
    0xF0, 0x00, 0x03, 0xFF, 0xFE, 0x00, 0x00, 0x7F, 0xFF, 0xD0, 0x00, 0x0B, 0xF8, 0x00, 0x00, 0x00,
    0xFF, 0x40, 0x00, 0x00, 0x0F, 0xF4, 0x00, 0x00, 0x01, 0xFF, 0x00, 0x00, 0x00, 0x2F, 0xF0, 0x00,
    0x00, 0x03, 0xFE, 0x00, 0x00, 0x00, 0x2A, 0x80, 0x00, 0x00, 0x00, 0x0F, 0xFF, 0x40, 0x00, 0x0B,
    0xFF, 0xD0, 0x00, 0x7F, 0xFE, 0x00, 0x00, 0x3F, 0xFF, 0x00, 0x02, 0xFF, 0xF8, 0x00, 0x02, 0xFF,
    0xFC, 0x00, 0x0F, 0xFF, 0xE0, 0x00, 0x0F, 0xFF, 0xF0, 0x00, 0x3F, 0xFF, 0x80, 0x00, 0xBF, 0xFF,
    0x80, 0x01, 0xFF, 0xFF, 0x00, 0x03, 0xFF, 0xFD, 0x00, 0x07, 0xFF, 0xFC, 0x00, 0x2F, 0xEF, 0xF0,
    0x00, 0x2F, 0xEF, 0xF0, 0x00, 0xFF, 0xBF, 0xC0, 0x00, 0xFF, 0x7F, 0xC0, 0x0B, 0xF7, 0xFE, 0x00,
    0x03, 0xFD, 0xBF, 0x00, 0x3F, 0xCF, 0xF8, 0x00, 0x1F, 0xF2, 0xFC, 0x02, 0xFD, 0x7F, 0xD0, 0x00,
    0xBF, 0xCB, 0xF0, 0x0F, 0xF1, 0xFF, 0x00, 0x02, 0xFE, 0x2F, 0xC0, 0xBF, 0x4B, 0xFC, 0x00, 0x0F,
    0xF8, 0xBF, 0x43, 0xFC, 0x3F, 0xE0, 0x00, 0x3F, 0xD1, 0xFD, 0x2F, 0xD0, 0xFF, 0x40, 0x01, 0xFF,
    0x07, 0xF4, 0xFF, 0x07, 0xFC, 0x00, 0x0B, 0xFC, 0x1F, 0xDB, 0xF4, 0x2F, 0xF0, 0x00, 0x3F, 0xE0,
    0x7F, 0xBF, 0xC0, 0xFF, 0xC0, 0x00, 0xFF, 0x40, 0xFF, 0xFD, 0x03, 0xFE, 0x00, 0x03, 0xFD, 0x03,
    0xFF, 0xF0, 0x0F, 0xF9, 0x54, 0x1F, 0xF0, 0x0F, 0xFF, 0x40, 0x7F, 0xFF, 0xF0, 0xBF, 0xC0, 0x3F,
    0xFC, 0x02, 0xFF, 0xFF, 0x83, 0xFE, 0x00, 0xFF, 0xD0, 0x0F, 0xFF, 0xFC, 0x0F, 0xF4, 0x03, 0xFF,
    0x00, 0x3F, 0xFF, 0xE0, 0x00, 0x00, 0x00, 0x00, 0x00, 0x01, 0xFF, 0x00, 0x00, 0x00, 0x00, 0x00,
    0x00, 0x0F, 0xF8, 0x00, 0x00, 0x00, 0x00, 0x00, 0x00, 0xBF, 0xD0, 0x00, 0x00, 0x00, 0x00, 0x00,
    0x03, 0xFF, 0x00, 0x00, 0x00, 0x00, 0x00, 0x00, 0x3F, 0xF4, 0x00, 0x00, 0x00, 0x00, 0x00, 0x01,
    0xFF, 0xC0, 0x00, 0x00, 0x00, 0x00, 0x00, 0x0F, 0xFD, 0x00, 0x00, 0x00, 0xBF, 0xFD, 0x00, 0x0B,
    0xFF, 0xE0, 0x02, 0xFF, 0xF4, 0x00, 0x3F, 0xFF, 0x40, 0x0F, 0xFF, 0xD0, 0x02, 0xFF, 0xFC, 0x00,
    0x3F, 0xFF, 0x80, 0x0F, 0xFF, 0xF0, 0x01, 0xFF, 0xFE, 0x00, 0xBF, 0xFF, 0x80, 0x0B, 0xFF, 0xF8,
    0x03, 0xFF, 0xFD, 0x00, 0x2F, 0xEF, 0xE0, 0x2F, 0xEF, 0xF4, 0x00, 0xFF, 0x7F, 0x80, 0xFF, 0x7F,
    0xC0, 0x03, 0xFD, 0xFF, 0x0B, 0xF6, 0xFF, 0x00, 0x1F, 0xF3, 0xFC, 0x3F, 0xCF, 0xF8, 0x00, 0xBF,
    0xCF, 0xF2, 0xFE, 0x3F, 0xD0, 0x03, 0xFE, 0x3F, 0xCF, 0xF0, 0xFF, 0x40, 0x0F, 0xF4, 0xBF, 0xBF,
    0x87, 0xFC, 0x00, 0x3F, 0xD2, 0xFF, 0xFC, 0x2F, 0xF0, 0x01, 0xFF, 0x0B, 0xFF, 0xE0, 0xFF, 0x80,
    0x0B, 0xFC, 0x2F, 0xFF, 0x03, 0xFF, 0xFE, 0x3F, 0xE0, 0xBF, 0xF8, 0x1F, 0xFF, 0xF4, 0xFF, 0x81,
    0xFF, 0xC0, 0x7F, 0xFF, 0xC3, 0xFD, 0x07, 0xFE, 0x02, 0xFF, 0xFD, 0x00, 0x00, 0x00, 0x00, 0x00,
    0x0F, 0xF0, 0x00, 0x00, 0x00, 0x00, 0x00, 0xFF, 0x80, 0x00, 0x00, 0x00, 0x00, 0x07, 0xFC, 0x00,
    0x00, 0x00, 0x00, 0x00, 0x3F, 0xF0, 0x00, 0x00, 0x00, 0x00, 0x01, 0xFF, 0x40, 0x00, 0x00, 0x00,
    0x00, 0x0F, 0xFC, 0x00, 0x00, 0x00, 0x00, 0x00, 0x2A, 0x90, 0x00, 0x00, 0x3F, 0xFF, 0xFD, 0x00,
    0x3F, 0xFF, 0xFD, 0x00, 0x7F, 0xFF, 0xFC, 0x00, 0x1F, 0xFF, 0xE0, 0x00, 0x03, 0xFF, 0x00, 0x00,
    0x07, 0xFE, 0x00, 0x00, 0x0B, 0xFD, 0x00, 0x00, 0x0F, 0xFC, 0x00, 0x00, 0x0F, 0xFC, 0x00, 0x00,
    0x0F, 0xFC, 0x00, 0x00, 0x1F, 0xF8, 0x00, 0x00, 0x2F, 0xF4, 0x00, 0x00, 0x3F, 0xF0, 0x00, 0x00,
    0x3F, 0xF0, 0x00, 0x00, 0x3F, 0xE0, 0x00, 0x00, 0x7F, 0xE0, 0x00, 0x00, 0xBF, 0xD0, 0x00, 0x00,
    0xFF, 0xC0, 0x00, 0x00, 0xFF, 0xC0, 0x00, 0x01, 0xFF, 0x80, 0x00, 0x1B, 0xFF, 0xF0, 0x00, 0x7F,
    0xFF, 0xFC, 0x00, 0xBF, 0xFF, 0xFC, 0x00, 0xFF, 0xFF, 0xF8, 0x00, 0x00, 0x00, 0x0B, 0xF4, 0x03,
    0xFC, 0x00, 0x00, 0x0B, 0xF4, 0x07, 0xF8, 0x00, 0x00, 0x07, 0xFC, 0x1F, 0xF4, 0x00, 0x00, 0x03,
    0xFF, 0xFF, 0xE0, 0x00, 0x00, 0x00, 0xFF, 0xFF, 0x80, 0x00, 0x00, 0x00, 0x1A, 0xA4, 0x00, 0x00,
    0x00, 0x00, 0x00, 0x00, 0x00, 0x00, 0x00, 0x00, 0x00, 0x00, 0x00, 0x00, 0x00, 0x00, 0xFF, 0xF8,
    0x00, 0x00, 0x00, 0x01, 0xFF, 0xF8, 0x00, 0x00, 0x00, 0x03, 0xFF, 0xFC, 0x00, 0x00, 0x00, 0x07,
    0xFF, 0xFC, 0x00, 0x00, 0x00, 0x0F, 0xFB, 0xFC, 0x00, 0x00, 0x00, 0x1F, 0xF3, 0xFC, 0x00, 0x00,
    0x00, 0x3F, 0xE3, 0xFC, 0x00, 0x00, 0x00, 0x7F, 0xC3, 0xFD, 0x00, 0x00, 0x00, 0xFF, 0x83, 0xFD,
    0x00, 0x00, 0x01, 0xFF, 0x03, 0xFD, 0x00, 0x00, 0x03, 0xFF, 0x03, 0xFE, 0x00, 0x00, 0x0B, 0xFD,
    0x02, 0xFE, 0x00, 0x00, 0x0F, 0xFC, 0x02, 0xFF, 0x00, 0x00, 0x2F, 0xF4, 0x02, 0xFF, 0x00, 0x00,
    0x3F, 0xFF, 0xFF, 0xFF, 0x00, 0x00, 0xBF, 0xFF, 0xFF, 0xFF, 0x00, 0x00, 0xFF, 0xFF, 0xFF, 0xFF,
    0x00, 0x02, 0xFF, 0xFF, 0xFF, 0xFF, 0x40, 0x03, 0xFF, 0x00, 0x01, 0xFF, 0x40, 0x0B, 0xFD, 0x00,
    0x00, 0xFF, 0x40, 0x0F, 0xFC, 0x00, 0x00, 0xFF, 0x80, 0x2F, 0xF4, 0x00, 0x00, 0xFF, 0x80, 0x3F,
    0xF0, 0x00, 0x00, 0xFF, 0xC0, 0xBF, 0xD0, 0x00, 0x00, 0xFF, 0xC0, 0x00, 0x0A, 0x90, 0x06, 0xA0,
    0x00, 0x3F, 0xC0, 0x3F, 0xC0, 0x00, 0xFF, 0x02, 0xFE, 0x00, 0x02, 0xFF, 0xFF, 0xF0, 0x00, 0x03,
    0xFF, 0xFF, 0x40, 0x00, 0x01, 0xFF, 0xE0, 0x00, 0x00, 0x00, 0x00, 0x00, 0x00, 0x00, 0x00, 0x00,
    0x00, 0x00, 0x0B, 0xFD, 0x0F, 0xF0, 0x01, 0xFF, 0xFD, 0x3F, 0xC0, 0x0F, 0xFF, 0xFF, 0xFF, 0x00,
    0xFF, 0xFF, 0xFF, 0xF8, 0x0B, 0xFF, 0x43, 0xFF, 0xD0, 0x3F, 0xF4, 0x03, 0xFF, 0x01, 0xFF, 0xC0,
    0x0F, 0xFC, 0x0F, 0xFD, 0x00, 0x3F, 0xE0, 0x3F, 0xF0, 0x00, 0xFF, 0x81, 0xFF, 0xC0, 0x07, 0xFD,
    0x07, 0xFE, 0x00, 0x2F, 0xF0, 0x2F, 0xF8, 0x00, 0xFF, 0xC0, 0xBF, 0xE0, 0x07, 0xFE, 0x01, 0xFF,
    0x80, 0x3F, 0xF8, 0x07, 0xFF, 0x43, 0xFF, 0xD0, 0x0F, 0xFF, 0xFF, 0xFF, 0x00, 0x2F, 0xFF, 0xFB,
    0xFC, 0x00, 0x3F, 0xFF, 0x5F, 0xE0, 0x00, 0x2F, 0xE0, 0xBF, 0x40, 0x00, 0x00, 0x00, 0x00, 0xFC,
    0x0F, 0xD0, 0x00, 0x00, 0x3F, 0xE2, 0xFE, 0x00, 0x00, 0x03, 0xFD, 0x2F, 0xE0, 0x00, 0x00, 0x1F,
    0x80, 0xF8, 0x00, 0x00, 0x00, 0x00, 0x00, 0x00, 0x00, 0x00, 0x00, 0x00, 0x00, 0x00, 0x00, 0x00,
    0x00, 0x00, 0x00, 0x00, 0x00, 0x0F, 0xFF, 0x80, 0x00, 0x00, 0x01, 0xFF, 0xF8, 0x00, 0x00, 0x00,
    0x3F, 0xFF, 0xC0, 0x00, 0x00, 0x07, 0xFF, 0xFC, 0x00, 0x00, 0x00, 0xFF, 0xBF, 0xC0, 0x00, 0x00,
    0x1F, 0xF3, 0xFC, 0x00, 0x00, 0x03, 0xFE, 0x3F, 0xC0, 0x00, 0x00, 0x7F, 0xC3, 0xFD, 0x00, 0x00,
    0x0F, 0xF8, 0x3F, 0xD0, 0x00, 0x01, 0xFF, 0x03, 0xFD, 0x00, 0x00, 0x3F, 0xF0, 0x3F, 0xE0, 0x00,
    0x0B, 0xFD, 0x02, 0xFE, 0x00, 0x00, 0xFF, 0xC0, 0x2F, 0xF0, 0x00, 0x2F, 0xF4, 0x02, 0xFF, 0x00,
    0x03, 0xFF, 0xFF, 0xFF, 0xF0, 0x00, 0xBF, 0xFF, 0xFF, 0xFF, 0x00, 0x0F, 0xFF, 0xFF, 0xFF, 0xF0,
    0x02, 0xFF, 0xFF, 0xFF, 0xFF, 0x40, 0x3F, 0xF0, 0x00, 0x1F, 0xF4, 0x0B, 0xFD, 0x00, 0x00, 0xFF,
    0x40, 0xFF, 0xC0, 0x00, 0x0F, 0xF8, 0x2F, 0xF4, 0x00, 0x00, 0xFF, 0x83, 0xFF, 0x00, 0x00, 0x0F,
    0xFC, 0xBF, 0xD0, 0x00, 0x00, 0xFF, 0xC0, 0x00, 0x02, 0xF0, 0x2F, 0x40, 0x00, 0x2F, 0xE1, 0xFF,
    0x00, 0x00, 0xFF, 0x4B, 0xF8, 0x00, 0x01, 0xF8, 0x0F, 0xC0, 0x00, 0x00, 0x00, 0x00, 0x00, 0x00,
    0x00, 0x00, 0x00, 0x00, 0x00, 0x00, 0x00, 0x00, 0x00, 0x02, 0xFF, 0x43, 0xFC, 0x00, 0x7F, 0xFF,
    0x4F, 0xF0, 0x03, 0xFF, 0xFF, 0xFF, 0xC0, 0x3F, 0xFF, 0xFF, 0xFE, 0x02, 0xFF, 0xD0, 0xFF, 0xF4,
    0x0F, 0xFD, 0x00, 0xFF, 0xC0, 0x7F, 0xF0, 0x03, 0xFF, 0x03, 0xFF, 0x40, 0x0F, 0xF8, 0x0F, 0xFC,
    0x00, 0x3F, 0xE0, 0x7F, 0xF0, 0x01, 0xFF, 0x41, 0xFF, 0x80, 0x0B, 0xFC, 0x0B, 0xFE, 0x00, 0x3F,
    0xF0, 0x2F, 0xF8, 0x01, 0xFF, 0x80, 0x7F, 0xE0, 0x0F, 0xFE, 0x01, 0xFF, 0xD0, 0xFF, 0xF4, 0x03,
    0xFF, 0xFF, 0xFF, 0xC0, 0x0B, 0xFF, 0xFE, 0xFF, 0x00, 0x0F, 0xFF, 0xD7, 0xF8, 0x00, 0x0B, 0xF8,
    0x2F, 0xD0, 0x00, 0x00, 0x00, 0x00, 0x07, 0xFF, 0xFF, 0xFF, 0xFF, 0xC0, 0x00, 0x00, 0x03, 0xFF,
    0xFF, 0xFF, 0xFF, 0xE0, 0x00, 0x00, 0x02, 0xFF, 0xFF, 0xFF, 0xFF, 0xF4, 0x00, 0x00, 0x00, 0xFF,
    0xFF, 0xFF, 0xFF, 0xFC, 0x00, 0x00, 0x00, 0xFF, 0xC7, 0xFE, 0x00, 0x00, 0x00, 0x00, 0x00, 0x7F,
    0xE2, 0xFF, 0x40, 0x00, 0x00, 0x00, 0x00, 0x3F, 0xF0, 0xBF, 0xC0, 0x00, 0x00, 0x00, 0x00, 0x2F,
    0xF4, 0x3F, 0xF0, 0x00, 0x00, 0x00, 0x00, 0x1F, 0xFC, 0x0F, 0xFC, 0x00, 0x00, 0x00, 0x00, 0x0F,
    0xFC, 0x07, 0xFF, 0xFF, 0xFD, 0x00, 0x00, 0x0B, 0xFE, 0x02, 0xFF, 0xFF, 0xFF, 0x00, 0x00, 0x03,
    0xFF, 0x00, 0xBF, 0xFF, 0xFF, 0xC0, 0x00, 0x03, 0xFF, 0x40, 0x3F, 0xFF, 0xFF, 0xE0, 0x00, 0x01,
    0xFF, 0xC0, 0x0F, 0xF8, 0x00, 0x00, 0x00, 0x00, 0xFF, 0xFF, 0xFF, 0xFD, 0x00, 0x00, 0x00, 0x00,
    0xBF, 0xFF, 0xFF, 0xFF, 0x40, 0x00, 0x00, 0x00, 0x7F, 0xFF, 0xFF, 0xFF, 0xC0, 0x00, 0x00, 0x00,
    0x3F, 0xFF, 0xFF, 0xFF, 0xF0, 0x00, 0x00, 0x00, 0x2F, 0xF8, 0x00, 0x1F, 0xFC, 0x00, 0x00, 0x00,
    0x0F, 0xFC, 0x00, 0x07, 0xFE, 0x00, 0x00, 0x00, 0x0F, 0xFD, 0x00, 0x02, 0xFF, 0xFF, 0xFF, 0x80,
    0x07, 0xFF, 0x00, 0x00, 0xFF, 0xFF, 0xFF, 0xD0, 0x03, 0xFF, 0x00, 0x00, 0x3F, 0xFF, 0xFF, 0xF4,
    0x02, 0xFF, 0x80, 0x00, 0x1F, 0xFF, 0xFF, 0xFC, 0x00, 0x00, 0x0B, 0xF8, 0x0F, 0xD6, 0xFF, 0x40,
    0x00, 0x7F, 0xFF, 0x4F, 0xEF, 0xFF, 0xF0, 0x01, 0xFF, 0xFF, 0xEF, 0xFF, 0xFF, 0xF8, 0x03, 0xFF,
    0xFF, 0xFF, 0xFF, 0xFF, 0xFC, 0x0B, 0xFF, 0x43, 0xFF, 0xFC, 0x0F, 0xFC, 0x0F, 0xFC, 0x01, 0xFF,
    0xE0, 0x0B, 0xFC, 0x2F, 0xF8, 0x00, 0xFF, 0xC0, 0x0F, 0xFC, 0x3F, 0xF0, 0x00, 0xFF, 0x80, 0x7F,
    0xFC, 0x3F, 0xF0, 0x01, 0xFF, 0xFF, 0xFF, 0xF4, 0x7F, 0xE0, 0x01, 0xFF, 0xFF, 0xFF, 0xD0, 0x7F,
    0xE0, 0x02, 0xFF, 0xFF, 0xFE, 0x00, 0xBF, 0xD0, 0x03, 0xFF, 0xFF, 0x90, 0x00, 0xBF, 0xD0, 0x0B,
    0xFF, 0x00, 0x00, 0x00, 0x7F, 0xE0, 0x0F, 0xFF, 0x00, 0x00, 0x00, 0x7F, 0xF4, 0x7F, 0xFF, 0xC0,
    0x06, 0x40, 0x3F, 0xFF, 0xFF, 0xFF, 0xFF, 0xFF, 0x80, 0x2F, 0xFF, 0xFB, 0xFF, 0xFF, 0xFF, 0x80,
    0x0F, 0xFF, 0xD7, 0xFF, 0xFF, 0xFF, 0x40, 0x02, 0xFE, 0x07, 0xE1, 0xFF, 0xE4, 0x00, 0x00, 0x02,
    0xFD, 0x00, 0xFF, 0x00, 0x00, 0x7F, 0x80, 0x7F, 0xC0, 0x00, 0x0F, 0xF0, 0x3F, 0xD0, 0x00, 0x03,
    0xFF, 0xFF, 0xE0, 0x00, 0x00, 0x3F, 0xFF, 0xE0, 0x00, 0x00, 0x01, 0xAA, 0x40, 0x00, 0x00, 0x00,
    0x00, 0x00, 0x00, 0x00, 0x00, 0x00, 0x00, 0x00, 0x00, 0x0F, 0xFF, 0xFF, 0xFC, 0x00, 0x07, 0xFF,
    0xFF, 0xFF, 0x00, 0x02, 0xFF, 0xFF, 0xFF, 0x80, 0x00, 0xFF, 0xFF, 0xFF, 0xD0, 0x00, 0x3F, 0xF0,
    0x00, 0x00, 0x00, 0x1F, 0xF8, 0x00, 0x00, 0x00, 0x07, 0xFE, 0x00, 0x00, 0x00, 0x02, 0xFF, 0x40,
    0x00, 0x00, 0x00, 0xFF, 0xC0, 0x00, 0x00, 0x00, 0x3F, 0xFF, 0xFF, 0xE0, 0x00, 0x1F, 0xFF, 0xFF,
    0xF4, 0x00, 0x0B, 0xFF, 0xFF, 0xFC, 0x00, 0x02, 0xFF, 0xFF, 0xFF, 0x00, 0x00, 0xFF, 0xC0, 0x00,
    0x00, 0x00, 0x3F, 0xF0, 0x00, 0x00, 0x00, 0x1F, 0xF8, 0x00, 0x00, 0x00, 0x0B, 0xFD, 0x00, 0x00,
    0x00, 0x03, 0xFF, 0x00, 0x00, 0x00, 0x00, 0xFF, 0xC0, 0x00, 0x00, 0x00, 0x3F, 0xF0, 0x00, 0x00,
    0x00, 0x1F, 0xFF, 0xFF, 0xFC, 0x00, 0x0B, 0xFF, 0xFF, 0xFF, 0x00, 0x03, 0xFF, 0xFF, 0xFF, 0x80,
    0x00, 0xFF, 0xFF, 0xFF, 0xD0, 0x00, 0x00, 0x06, 0xA0, 0x02, 0xA4, 0x00, 0x3F, 0xC0, 0x2F, 0xD0,
    0x00, 0xFF, 0x41, 0xFF, 0x00, 0x01, 0xFF, 0xFF, 0xF4, 0x00, 0x02, 0xFF, 0xFF, 0x40, 0x00, 0x01,
    0xBF, 0xE0, 0x00, 0x00, 0x00, 0x00, 0x00, 0x00, 0x00, 0x00, 0x00, 0x00, 0x00, 0x02, 0xFF, 0xE0,
    0x00, 0x00, 0xBF, 0xFF, 0xF4, 0x00, 0x0F, 0xFF, 0xFF, 0xF0, 0x00, 0xFF, 0xFF, 0xFF, 0xD0, 0x0B,
    0xFF, 0x41, 0xFF, 0x80, 0x3F, 0xF4, 0x03, 0xFE, 0x02, 0xFF, 0x80, 0x1F, 0xF8, 0x0F, 0xFC, 0x06,
    0xFF, 0xD0, 0x3F, 0xFF, 0xFF, 0xFF, 0x01, 0xFF, 0xFF, 0xFF, 0xF0, 0x07, 0xFF, 0xFF, 0xFD, 0x00,
    0x2F, 0xFF, 0xFA, 0x40, 0x00, 0xBF, 0xD0, 0x00, 0x00, 0x01, 0xFF, 0x80, 0x00, 0x00, 0x03, 0xFF,
    0x40, 0x1B, 0x00, 0x0F, 0xFF, 0xFF, 0xFC, 0x00, 0x0F, 0xFF, 0xFF, 0xF0, 0x00, 0x1F, 0xFF, 0xFF,
    0xC0, 0x00, 0x07, 0xFF, 0xE0, 0x00, 0x00, 0x00, 0x1A, 0xFF, 0xF8, 0x00, 0x00, 0xBF, 0xFF, 0xFF,
    0x80, 0x00, 0xFF, 0xFF, 0xFF, 0xE0, 0x00, 0xFF, 0xFF, 0xFF, 0xF8, 0x00, 0xA4, 0x00, 0x7F, 0xFC,
    0x00, 0x00, 0x00, 0x0F, 0xFD, 0x00, 0x00, 0x00, 0x07, 0xFE, 0x00, 0x00, 0x00, 0x03, 0xFF, 0x00,
    0x00, 0x00, 0x03, 0xFF, 0x00, 0x00, 0x00, 0x03, 0xFF, 0x00, 0x06, 0xBF, 0xFF, 0xFF, 0x00, 0xBF,
    0xFF, 0xFF, 0xFF, 0x07, 0xFF, 0xFF, 0xFF, 0xFE, 0x1F, 0xFF, 0xFF, 0xFF, 0xFD, 0x3F, 0xFE, 0x40,
    0x0F, 0xFC, 0xBF, 0xF0, 0x00, 0x2F, 0xFC, 0xFF, 0xD0, 0x00, 0x3F, 0xF4, 0xFF, 0xC0, 0x00, 0xBF,
    0xF0, 0xFF, 0xC0, 0x02, 0xFF, 0xD0, 0xBF, 0xE0, 0x1F, 0xFF, 0x80, 0x7F, 0xFF, 0xFF, 0xFE, 0x00,
    0x3F, 0xFF, 0xFF, 0xF8, 0x00, 0x0F, 0xFF, 0xFF, 0xD0, 0x00, 0x01, 0xBF, 0xF9, 0x00, 0x00, 0x00,
    0x1B, 0xFF, 0x90, 0x00, 0x1F, 0xFF, 0xFF, 0x80, 0x01, 0xFF, 0xFF, 0xFE, 0x00, 0x1F, 0xFF, 0xFF,
    0xF4, 0x01, 0x90, 0x03, 0xFF, 0x80, 0x00, 0x00, 0x0F, 0xFC, 0x00, 0x00, 0x00, 0xFF, 0xC0, 0x00,
    0x6F, 0xFF, 0xFC, 0x00, 0xBF, 0xFF, 0xFF, 0xC0, 0x7F, 0xFF, 0xFF, 0xFC, 0x0F, 0xFF, 0xFF, 0xFF,
    0x82, 0xFF, 0xD0, 0x2F, 0xF4, 0x3F, 0xF0, 0x03, 0xFF, 0x03, 0xFE, 0x00, 0xBF, 0xE0, 0x3F, 0xF0,
    0x2F, 0xFC, 0x03, 0xFF, 0xFF, 0xFF, 0x40, 0x1F, 0xFF, 0xFF, 0xD0, 0x00, 0xBF, 0xFF, 0xF4, 0x00,
    0x01, 0xBF, 0xE4, 0x00, 0x00, 0x00, 0x00, 0x7F, 0x03, 0xF0, 0x00, 0x00, 0xFF, 0x4B, 0xF8, 0x00,
    0x00, 0xFF, 0x0F, 0xF4, 0x00, 0x00, 0xBD, 0x07, 0xE0, 0x00, 0x00, 0x00, 0x00, 0x00, 0x00, 0x00,
    0x00, 0x00, 0x00, 0x00, 0x00, 0x00, 0x00, 0x00, 0x00, 0x00, 0x00, 0x00, 0x00, 0x00, 0x1A, 0xFF,
    0xF8, 0x00, 0x00, 0xBF, 0xFF, 0xFF, 0x80, 0x00, 0xFF, 0xFF, 0xFF, 0xE0, 0x00, 0xFF, 0xFF, 0xFF,
    0xF8, 0x00, 0xA4, 0x00, 0x7F, 0xFC, 0x00, 0x00, 0x00, 0x0F, 0xFD, 0x00, 0x00, 0x00, 0x07, 0xFE,
    0x00, 0x00, 0x00, 0x03, 0xFF, 0x00, 0x00, 0x00, 0x03, 0xFF, 0x00, 0x00, 0x00, 0x03, 0xFF, 0x00,
    0x06, 0xBF, 0xFF, 0xFF, 0x00, 0xBF, 0xFF, 0xFF, 0xFF, 0x07, 0xFF, 0xFF, 0xFF, 0xFE, 0x1F, 0xFF,
    0xFF, 0xFF, 0xFD, 0x3F, 0xFE, 0x40, 0x0F, 0xFC, 0xBF, 0xF0, 0x00, 0x2F, 0xFC, 0xFF, 0xD0, 0x00,
    0x3F, 0xF4, 0xFF, 0xC0, 0x00, 0xBF, 0xF0, 0xFF, 0xC0, 0x02, 0xFF, 0xD0, 0xBF, 0xE0, 0x1F, 0xFF,
    0x80, 0x7F, 0xFF, 0xFF, 0xFE, 0x00, 0x3F, 0xFF, 0xFF, 0xF8, 0x00, 0x0F, 0xFF, 0xFF, 0xD0, 0x00,
    0x01, 0xBF, 0xF9, 0x00, 0x00, 0x00, 0x02, 0xF0, 0x2F, 0x40, 0x00, 0xBF, 0x87, 0xFC, 0x00, 0x0F,
    0xF8, 0xBF, 0xC0, 0x00, 0x7F, 0x03, 0xF0, 0x00, 0x00, 0x00, 0x00, 0x00, 0x00, 0x00, 0x00, 0x00,
    0x00, 0x00, 0x00, 0x00, 0x00, 0x01, 0xBF, 0xF9, 0x00, 0x01, 0xFF, 0xFF, 0xF8, 0x00, 0x1F, 0xFF,
    0xFF, 0xE0, 0x01, 0xFF, 0xFF, 0xFF, 0x40, 0x19, 0x00, 0x3F, 0xF8, 0x00, 0x00, 0x00, 0xFF, 0xC0,
    0x00, 0x00, 0x0F, 0xFC, 0x00, 0x06, 0xFF, 0xFF, 0xC0, 0x0B, 0xFF, 0xFF, 0xFC, 0x07, 0xFF, 0xFF,
    0xFF, 0xC0, 0xFF, 0xFF, 0xFF, 0xF8, 0x2F, 0xFD, 0x02, 0xFF, 0x43, 0xFF, 0x00, 0x3F, 0xF0, 0x3F,
    0xE0, 0x0B, 0xFE, 0x03, 0xFF, 0x02, 0xFF, 0xC0, 0x3F, 0xFF, 0xFF, 0xF4, 0x01, 0xFF, 0xFF, 0xFD,
    0x00, 0x0B, 0xFF, 0xFF, 0x40, 0x00, 0x1B, 0xFE, 0x40, 0x00, 0x00, 0x00, 0x00, 0x00, 0x7E, 0x03,
    0xF0, 0x00, 0x00, 0x00, 0x00, 0x00, 0x03, 0xFD, 0x3F, 0xE0, 0x00, 0x00, 0x00, 0x00, 0x00, 0x0F,
    0xF0, 0xFF, 0x40, 0x00, 0x00, 0x00, 0x00, 0x00, 0x2F, 0x41, 0xF8, 0x00, 0x00, 0x00, 0x00, 0x00,
    0x00, 0x00, 0x00, 0x00, 0x00, 0x00, 0x00, 0x00, 0x00, 0x00, 0x00, 0x00, 0x00, 0x00, 0x00, 0x00,
    0x00, 0x00, 0x00, 0x00, 0x00, 0x00, 0x00, 0x00, 0x03, 0xFF, 0x00, 0x03, 0xFF, 0x00, 0x1F, 0xFD,
    0x00, 0x07, 0xFD, 0x00, 0x0F, 0xF8, 0x00, 0xFF, 0xD0, 0x00, 0x0F, 0xFC, 0x00, 0x7F, 0xD0, 0x0F,
    0xFE, 0x00, 0x00, 0x1F, 0xF4, 0x02, 0xFF, 0x00, 0xBF, 0xF0, 0x00, 0x00, 0x3F, 0xF0, 0x0F, 0xFC,
    0x07, 0xFF, 0x00, 0x00, 0x00, 0xBF, 0xC0, 0x3F, 0xE0, 0x3F, 0xF4, 0x00, 0x00, 0x00, 0xFF, 0x81,
    0xFF, 0x43, 0xFF, 0x40, 0x00, 0x00, 0x02, 0xFF, 0x07, 0xFD, 0x2F, 0xF8, 0x00, 0x00, 0x00, 0x03,
    0xFE, 0x2F, 0xF2, 0xFF, 0xC0, 0x00, 0x00, 0x00, 0x0B, 0xFF, 0xFF, 0xFF, 0xFC, 0x00, 0x00, 0x00,
    0x00, 0x2F, 0xFF, 0xFF, 0xFF, 0xD0, 0x00, 0x00, 0x00, 0x01, 0xFF, 0xFF, 0xFF, 0xFF, 0x00, 0x00,
    0x00, 0x00, 0x0F, 0xFF, 0xFF, 0xFF, 0xFC, 0x00, 0x00, 0x00, 0x00, 0xFF, 0xF2, 0xFF, 0x2F, 0xF8,
    0x00, 0x00, 0x00, 0x0B, 0xFF, 0x4F, 0xFC, 0x7F, 0xF0, 0x00, 0x00, 0x00, 0x7F, 0xF8, 0x3F, 0xE0,
    0xFF, 0xC0, 0x00, 0x00, 0x03, 0xFF, 0xC1, 0xFF, 0x42, 0xFF, 0x80, 0x00, 0x00, 0x3F, 0xFC, 0x0B,
    0xFC, 0x07, 0xFF, 0x00, 0x00, 0x02, 0xFF, 0xD0, 0x3F, 0xF0, 0x0F, 0xFD, 0x00, 0x00, 0x1F, 0xFE,
    0x00, 0xFF, 0xC0, 0x3F, 0xF8, 0x00, 0x00, 0xFF, 0xF0, 0x03, 0xFE, 0x00, 0x7F, 0xF0, 0x00, 0x0F,
    0xFF, 0x40, 0x1F, 0xF4, 0x00, 0xFF, 0xD0, 0x00, 0xBF, 0xF8, 0x00, 0xBF, 0xC0, 0x03, 0xFF, 0x80,
    0x07, 0xFF, 0xC0, 0x03, 0xFF, 0x00, 0x0B, 0xFF, 0x00, 0x00, 0x00, 0x00, 0x00, 0x02, 0xF4, 0x1F,
    0x80, 0x00, 0x00, 0x00, 0x00, 0x00, 0x7F, 0xC7, 0xFC, 0x00, 0x00, 0x00, 0x00, 0x00, 0x0B, 0xF8,
    0x7F, 0xC0, 0x00, 0x00, 0x00, 0x00, 0x00, 0x3F, 0x03, 0xF4, 0x00, 0x00, 0x00, 0x00, 0x00, 0x00,
    0x00, 0x00, 0x00, 0x00, 0x00, 0x00, 0x00, 0x00, 0x00, 0x00, 0x00, 0x00, 0x00, 0x00, 0x00, 0x00,
    0x00, 0x00, 0x00, 0x00, 0x00, 0x00, 0x1F, 0xF8, 0x00, 0x0B, 0xFC, 0x00, 0x1B, 0xFD, 0x01, 0xFF,
    0xF4, 0x00, 0xFF, 0xC0, 0x0F, 0xFF, 0xC0, 0x1F, 0xFF, 0xD0, 0x0F, 0xF8, 0x03, 0xFF, 0xF8, 0x01,
    0xFF, 0xFF, 0x00, 0xFF, 0x40, 0xFF, 0xFF, 0x40, 0x00, 0x7F, 0xF0, 0x1F, 0xF4, 0x2F, 0xFC, 0x00,
    0x00, 0x02, 0xFF, 0x42, 0xFF, 0x03, 0xFF, 0x00, 0x00, 0x00, 0x1F, 0xF4, 0x3F, 0xF0, 0xBF, 0xD0,
    0x00, 0x00, 0x01, 0xFF, 0xFF, 0xFF, 0xFF, 0xFC, 0x00, 0x00, 0x00, 0x1F, 0xFF, 0xFF, 0xFF, 0xFF,
    0x80, 0x00, 0x00, 0x02, 0xFF, 0xFF, 0xFF, 0xFF, 0xF4, 0x00, 0x00, 0x00, 0x3F, 0xFF, 0xFF, 0xFF,
    0xFF, 0x40, 0x00, 0x00, 0x03, 0xFE, 0x0F, 0xFC, 0x2F, 0xF0, 0x00, 0x00, 0x00, 0xBF, 0xD0, 0xFF,
    0x82, 0xFF, 0x40, 0x00, 0x00, 0x0F, 0xFC, 0x1F, 0xF4, 0x1F, 0xF8, 0x00, 0x00, 0x07, 0xFF, 0x41,
    0xFF, 0x00, 0xFF, 0xD0, 0x00, 0x1F, 0xFF, 0xF0, 0x2F, 0xF0, 0x0F, 0xFF, 0xF0, 0x03, 0xFF, 0xFC,
    0x03, 0xFF, 0x00, 0x7F, 0xFF, 0x00, 0x3F, 0xFE, 0x00, 0x3F, 0xE0, 0x02, 0xFF, 0xF0, 0x0B, 0xFE,
    0x40, 0x07, 0xFD, 0x00, 0x06, 0xFF, 0x00, 0x00, 0x00, 0xBD, 0x07, 0xE0, 0x00, 0x01, 0xFF, 0x0F,
    0xF0, 0x00, 0x01, 0xFF, 0x0F, 0xF0, 0x00, 0x00, 0xFD, 0x0B, 0xD0, 0x00, 0x00, 0x00, 0x00, 0x00,
    0x00, 0x00, 0x00, 0x00, 0x00, 0x00, 0x00, 0x00, 0x00, 0x00, 0x00, 0x06, 0xFF, 0xF8, 0x00, 0x01,
    0xFF, 0xFF, 0xFF, 0x80, 0x01, 0xFF, 0xFF, 0xFF, 0xF0, 0x00, 0xFF, 0xFF, 0xFF, 0xF4, 0x00, 0x79,
    0x00, 0x7F, 0xFC, 0x00, 0x00, 0x00, 0x1F, 0xFC, 0x00, 0x00, 0x00, 0x1F, 0xF8, 0x00, 0x00, 0x00,
    0x2F, 0xF4, 0x00, 0x00, 0x01, 0xBF, 0xF0, 0x00, 0x1F, 0xFF, 0xFF, 0x80, 0x00, 0x2F, 0xFF, 0xF8,
    0x00, 0x00, 0x3F, 0xFF, 0xE4, 0x00, 0x00, 0x3F, 0xFF, 0xFE, 0x00, 0x00, 0x00, 0x1B, 0xFF, 0x40,
    0x00, 0x00, 0x01, 0xFF, 0xC0, 0x00, 0x00, 0x00, 0xFF, 0xC0, 0x00, 0x00, 0x00, 0xFF, 0xC0, 0x00,
    0x00, 0x00, 0xFF, 0xC0, 0x00, 0x00, 0x03, 0xFF, 0xC0, 0x79, 0x00, 0x1F, 0xFF, 0x40, 0x7F, 0xFF,
    0xFF, 0xFF, 0x00, 0x7F, 0xFF, 0xFF, 0xFC, 0x00, 0x7F, 0xFF, 0xFF, 0xE0, 0x00, 0x0A, 0xFF, 0xF9,
    0x00, 0x00, 0x00, 0x0B, 0xD0, 0x7E, 0x00, 0x07, 0xFC, 0x3F, 0xD0, 0x01, 0xFF, 0x0F, 0xF0, 0x00,
    0x3F, 0x42, 0xF4, 0x00, 0x00, 0x00, 0x00, 0x00, 0x00, 0x00, 0x00, 0x00, 0x00, 0x00, 0x00, 0x00,
    0x01, 0xBF, 0xF9, 0x00, 0x07, 0xFF, 0xFF, 0xF0, 0x00, 0xFF, 0xFF, 0xFF, 0x00, 0x2F, 0xFF, 0xFF,
    0xE0, 0x05, 0x00, 0x2F, 0xF8, 0x00, 0x00, 0x03, 0xFE, 0x00, 0x00, 0x02, 0xFF, 0x40, 0x07, 0xFF,
    0xFF, 0x80, 0x02, 0xFF, 0xFE, 0x40, 0x00, 0xFF, 0xFF, 0x40, 0x00, 0x3F, 0xFF, 0xFC, 0x00, 0x00,
    0x07, 0xFF, 0x40, 0x00, 0x00, 0x7F, 0xE0, 0x00, 0x00, 0x1F, 0xF8, 0x19, 0x00, 0x1F, 0xFD, 0x07,
    0xFF, 0xFF, 0xFF, 0x01, 0xFF, 0xFF, 0xFF, 0x40, 0x7F, 0xFF, 0xFF, 0x40, 0x06, 0xFF, 0xF9, 0x00,
    0x00, 0x00, 0x0F, 0xFF, 0xFF, 0xFF, 0x00, 0x1F, 0xFF, 0xFF, 0xFE, 0x00, 0x2F, 0xFF, 0xFF, 0xFD,
    0x00, 0x3F, 0xFF, 0xFF, 0xF8, 0x00, 0x00, 0x00, 0xFF, 0xE0, 0x00, 0x00, 0x03, 0xFF, 0x80, 0x00,
    0x00, 0x1F, 0xFD, 0x00, 0x00, 0x00, 0x7F, 0xF4, 0x00, 0x00, 0x01, 0xFF, 0xC0, 0x00, 0x00, 0x07,
    0xFF, 0x00, 0x00, 0x00, 0x0F, 0xFF, 0xE4, 0x00, 0x00, 0x0F, 0xFF, 0xFE, 0x00, 0x00, 0x0F, 0xFF,
    0xFF, 0x80, 0x00, 0x00, 0x07, 0xFF, 0xC0, 0x00, 0x00, 0x00, 0xFF, 0xD0, 0x00, 0x00, 0x00, 0xBF,
    0xD0, 0x00, 0x00, 0x00, 0xBF, 0xD0, 0x00, 0x00, 0x00, 0xFF, 0xD0, 0x10, 0x00, 0x02, 0xFF, 0xC0,
    0x3E, 0x40, 0x1B, 0xFF, 0x80, 0x3F, 0xFF, 0xFF, 0xFF, 0x00, 0x3F, 0xFF, 0xFF, 0xFC, 0x00, 0x3F,
    0xFF, 0xFF, 0xE0, 0x00, 0x06, 0xFF, 0xF9, 0x00, 0x00, 0x00, 0x2F, 0xFF, 0xFF, 0xFD, 0x00, 0x3F,
    0xFF, 0xFF, 0xFC, 0x00, 0x3F, 0xFF, 0xFF, 0xFC, 0x00, 0x3F, 0xFF, 0xFF, 0xF8, 0x00, 0x00, 0x00,
    0xFF, 0xE0, 0x00, 0x00, 0x03, 0xFF, 0x40, 0x00, 0x00, 0x0F, 0xFD, 0x00, 0x00, 0x00, 0x3F, 0xF4,
    0x00, 0x00, 0x00, 0xFF, 0xD0, 0x00, 0x00, 0x03, 0xFF, 0x40, 0x00, 0x00, 0x0F, 0xFD, 0x00, 0x00,
    0x00, 0x0F, 0xFF, 0xD0, 0x00, 0x00, 0x1F, 0xFF, 0xFC, 0x00, 0x00, 0x2F, 0xFF, 0xFF, 0x00, 0x00,
    0x00, 0x1F, 0xFF, 0x40, 0x00, 0x00, 0x03, 0xFF, 0x80, 0x00, 0x00, 0x01, 0xFF, 0xC0, 0x00, 0x00,
    0x00, 0xFF, 0xC0, 0x00, 0x00, 0x01, 0xFF, 0xC0, 0x00, 0x00, 0x01, 0xFF, 0x80, 0x00, 0x00, 0x03,
    0xFF, 0x40, 0x00, 0x00, 0x0B, 0xFF, 0x00, 0x79, 0x00, 0x7F, 0xFE, 0x00, 0x7F, 0xFF, 0xFF, 0xFC,
    0x00, 0x7F, 0xFF, 0xFF, 0xF0, 0x00, 0x7F, 0xFF, 0xFF, 0x80, 0x00, 0x06, 0xFF, 0xE4, 0x00, 0x00,
    0x00, 0x00, 0x07, 0xFF, 0xFF, 0xC0, 0x00, 0x00, 0x07, 0xFF, 0xFF, 0x80, 0x00, 0x00, 0x0B, 0xFF,
    0xFF, 0x40, 0x00, 0x00, 0x0F, 0xFF, 0xFF, 0x40, 0x00, 0x00, 0x00, 0x00, 0x00, 0x00, 0x00, 0x00,
    0x00, 0x00, 0x00, 0x00, 0x00, 0x1F, 0xF0, 0x00, 0x2F, 0xFE, 0x00, 0x2F, 0xF0, 0x00, 0x7F, 0xFE,
    0x00, 0x3F, 0xF0, 0x00, 0xFF, 0xFD, 0x00, 0x3F, 0xE0, 0x02, 0xFF, 0xFC, 0x00, 0x3F, 0xD0, 0x07,
    0xFF, 0xFC, 0x00, 0x7F, 0xC0, 0x0F, 0xFF, 0xF8, 0x00, 0xBF, 0xC0, 0x2F, 0xFF, 0xF4, 0x00, 0xFF,
    0xC0, 0x3F, 0xDF, 0xF0, 0x00, 0xFF, 0x80, 0xFF, 0xAF, 0xF0, 0x01, 0xFF, 0x41, 0xFF, 0x3F, 0xF0,
    0x01, 0xFF, 0x03, 0xFD, 0x3F, 0xE0, 0x02, 0xFF, 0x0B, 0xF8, 0x3F, 0xD0, 0x03, 0xFE, 0x1F, 0xF0,
    0x7F, 0xC0, 0x03, 0xFD, 0x3F, 0xD0, 0xBF, 0xC0, 0x07, 0xFC, 0xBF, 0xC0, 0xFF, 0xC0, 0x0B, 0xFD,
    0xFF, 0x00, 0xFF, 0x80, 0x0B, 0xFB, 0xFE, 0x01, 0xFF, 0x40, 0x0F, 0xFF, 0xFC, 0x01, 0xFF, 0x00,
    0x0F, 0xFF, 0xF4, 0x02, 0xFF, 0x00, 0x1F, 0xFF, 0xE0, 0x03, 0xFE, 0x00, 0x2F, 0xFF, 0xC0, 0x03,
    0xFE, 0x00, 0x3F, 0xFF, 0x40, 0x07, 0xFD, 0x00, 0x3F, 0xFF, 0x00, 0x0B, 0xFC, 0x00, 0x3F, 0xFC,
    0x00, 0x0F, 0xFC, 0x00, 0x00, 0x07, 0xFF, 0xFF, 0xC0, 0x00, 0x2F, 0xFF, 0xFE, 0x00, 0x00, 0xBF,
    0xFF, 0xF4, 0x00, 0x03, 0xFF, 0xFF, 0xD0, 0x00, 0x00, 0x00, 0x00, 0x00, 0x0F, 0xFC, 0x00, 0x7F,
    0xD0, 0x3F, 0xF0, 0x02, 0xFF, 0x40, 0xFF, 0x80, 0x0F, 0xFC, 0x07, 0xFD, 0x00, 0x3F, 0xF0, 0x2F,
    0xF4, 0x01, 0xFF, 0x80, 0xFF, 0xC0, 0x07, 0xFD, 0x03, 0xFF, 0x00, 0x2F, 0xF0, 0x1F, 0xF8, 0x00,
    0xFF, 0xC0, 0x7F, 0xD0, 0x03, 0xFF, 0x02, 0xFF, 0x00, 0x1F, 0xF8, 0x0F, 0xFC, 0x00, 0xBF, 0xD0,
    0x3F, 0xF0, 0x03, 0xFF, 0x00, 0xFF, 0x80, 0x1F, 0xFC, 0x03, 0xFE, 0x00, 0xFF, 0xF0, 0x0F, 0xFC,
    0x0F, 0xFF, 0x80, 0x3F, 0xFF, 0xFF, 0xFD, 0x00, 0xBF, 0xFF, 0xDF, 0xF0, 0x00, 0xFF, 0xFD, 0x3F,
    0xC0, 0x00, 0xBF, 0x80, 0xFF, 0x00, 0x00, 0x00, 0x03, 0xF0, 0x2F, 0x40, 0x00, 0x00, 0x0B, 0xF8,
    0x7F, 0xC0, 0x00, 0x00, 0x0F, 0xF8, 0xBF, 0x80, 0x00, 0x00, 0x07, 0xE0, 0x3F, 0x00, 0x00, 0x00,
    0x00, 0x00, 0x00, 0x00, 0x00, 0x00, 0x00, 0x00, 0x00, 0x00, 0x00, 0x00, 0x00, 0x00, 0x00, 0x00,
    0x00, 0x1F, 0xF0, 0x00, 0x2F, 0xFE, 0x00, 0x2F, 0xF0, 0x00, 0x7F, 0xFE, 0x00, 0x3F, 0xF0, 0x00,
    0xFF, 0xFD, 0x00, 0x3F, 0xE0, 0x02, 0xFF, 0xFC, 0x00, 0x3F, 0xD0, 0x07, 0xFF, 0xFC, 0x00, 0x7F,
    0xC0, 0x0F, 0xFF, 0xF8, 0x00, 0xBF, 0xC0, 0x2F, 0xFF, 0xF4, 0x00, 0xFF, 0xC0, 0x3F, 0xDF, 0xF0,
    0x00, 0xFF, 0x80, 0xFF, 0xAF, 0xF0, 0x01, 0xFF, 0x41, 0xFF, 0x3F, 0xF0, 0x01, 0xFF, 0x03, 0xFD,
    0x3F, 0xE0, 0x02, 0xFF, 0x0B, 0xF8, 0x3F, 0xD0, 0x03, 0xFE, 0x1F, 0xF0, 0x7F, 0xC0, 0x03, 0xFD,
    0x3F, 0xD0, 0xBF, 0xC0, 0x07, 0xFC, 0xBF, 0xC0, 0xFF, 0xC0, 0x0B, 0xFD, 0xFF, 0x00, 0xFF, 0x80,
    0x0B, 0xFB, 0xFE, 0x01, 0xFF, 0x40, 0x0F, 0xFF, 0xFC, 0x01, 0xFF, 0x00, 0x0F, 0xFF, 0xF4, 0x02,
    0xFF, 0x00, 0x1F, 0xFF, 0xE0, 0x03, 0xFE, 0x00, 0x2F, 0xFF, 0xC0, 0x03, 0xFE, 0x00, 0x3F, 0xFF,
    0x40, 0x07, 0xFD, 0x00, 0x3F, 0xFF, 0x00, 0x0B, 0xFC, 0x00, 0x3F, 0xFC, 0x00, 0x0F, 0xFC, 0x00,
    0x00, 0x02, 0xF0, 0x2F, 0x40, 0x00, 0x2F, 0xE1, 0xFF, 0x00, 0x00, 0xBF, 0x8B, 0xFC, 0x00, 0x01,
    0xFC, 0x0F, 0xD0, 0x00, 0x00, 0x00, 0x00, 0x00, 0x00, 0x00, 0x00, 0x00, 0x00, 0x00, 0x00, 0x00,
    0x00, 0x00, 0xFF, 0xC0, 0x07, 0xFD, 0x03, 0xFF, 0x00, 0x2F, 0xF4, 0x0F, 0xF8, 0x00, 0xFF, 0xC0,
    0x7F, 0xD0, 0x03, 0xFF, 0x02, 0xFF, 0x40, 0x1F, 0xF8, 0x0F, 0xFC, 0x00, 0x7F, 0xD0, 0x3F, 0xF0,
    0x02, 0xFF, 0x01, 0xFF, 0x80, 0x0F, 0xFC, 0x07, 0xFD, 0x00, 0x3F, 0xF0, 0x2F, 0xF0, 0x01, 0xFF,
    0x80, 0xFF, 0xC0, 0x0B, 0xFD, 0x03, 0xFF, 0x00, 0x3F, 0xF0, 0x0F, 0xF8, 0x01, 0xFF, 0xC0, 0x3F,
    0xE0, 0x0F, 0xFF, 0x00, 0xFF, 0xC0, 0xFF, 0xF8, 0x03, 0xFF, 0xFF, 0xFF, 0xD0, 0x0B, 0xFF, 0xFD,
    0xFF, 0x00, 0x0F, 0xFF, 0xD3, 0xFC, 0x00, 0x0B, 0xF8, 0x0F, 0xF0, 0x00, 0x00, 0x00, 0x0B, 0xE0,
    0x7E, 0x00, 0x00, 0x00, 0x7F, 0xC3, 0xFC, 0x00, 0x00, 0x01, 0xFF, 0x0F, 0xF0, 0x00, 0x00, 0x02,
    0xF0, 0x2F, 0x40, 0x00, 0x00, 0x00, 0x00, 0x00, 0x00, 0x00, 0x00, 0x00, 0x00, 0x00, 0x00, 0x00,
    0x00, 0x00, 0x00, 0x00, 0x00, 0x00, 0x00, 0x00, 0x00, 0x00, 0x00, 0x00, 0x1B, 0xFF, 0x90, 0x00,
    0x00, 0x07, 0xFF, 0xFF, 0xF0, 0x00, 0x00, 0xBF, 0xFF, 0xFF, 0xF0, 0x00, 0x0F, 0xFF, 0xFF, 0xFF,
    0xF0, 0x00, 0xBF, 0xF8, 0x02, 0xFF, 0xD0, 0x07, 0xFF, 0x40, 0x02, 0xFF, 0xC0, 0x3F, 0xF8, 0x00,
    0x03, 0xFF, 0x02, 0xFF, 0xC0, 0x00, 0x0F, 0xFC, 0x0F, 0xFD, 0x00, 0x00, 0x3F, 0xF4, 0x3F, 0xF0,
    0x00, 0x00, 0xFF, 0xD1, 0xFF, 0x80, 0x00, 0x03, 0xFF, 0x4B, 0xFD, 0x00, 0x00, 0x0F, 0xFC, 0x3F,
    0xF4, 0x00, 0x00, 0x3F, 0xF0, 0xFF, 0xC0, 0x00, 0x01, 0xFF, 0xC3, 0xFF, 0x00, 0x00, 0x0B, 0xFE,
    0x0F, 0xFC, 0x00, 0x00, 0x3F, 0xF4, 0x3F, 0xF4, 0x00, 0x02, 0xFF, 0xC0, 0xFF, 0xE0, 0x00, 0x0F,
    0xFD, 0x02, 0xFF, 0xC0, 0x00, 0xFF, 0xF0, 0x03, 0xFF, 0xD0, 0x1F, 0xFF, 0x00, 0x0B, 0xFF, 0xFF,
    0xFF, 0xF4, 0x00, 0x0B, 0xFF, 0xFF, 0xFF, 0x40, 0x00, 0x0B, 0xFF, 0xFF, 0xE0, 0x00, 0x00, 0x02,
    0xFF, 0xF8, 0x00, 0x00, 0x00, 0x07, 0xE0, 0x3E, 0x00, 0x00, 0xFF, 0x4F, 0xF8, 0x00, 0x0F, 0xF0,
    0xFF, 0x40, 0x00, 0xBD, 0x07, 0xE0, 0x00, 0x00, 0x00, 0x00, 0x00, 0x00, 0x00, 0x00, 0x00, 0x00,
    0x00, 0x00, 0x00, 0x00, 0x00, 0x6F, 0xF9, 0x00, 0x00, 0x3F, 0xFF, 0xF8, 0x00, 0x1F, 0xFF, 0xFF,
    0xE0, 0x03, 0xFF, 0xFF, 0xFF, 0x00, 0xBF, 0xF4, 0x2F, 0xF8, 0x1F, 0xFC, 0x00, 0xFF, 0xC2, 0xFF,
    0x80, 0x0F, 0xFC, 0x3F, 0xF0, 0x00, 0xFF, 0xC3, 0xFF, 0x00, 0x0F, 0xFC, 0x7F, 0xE0, 0x00, 0xFF,
    0xC7, 0xFE, 0x00, 0x1F, 0xF8, 0xBF, 0xD0, 0x02, 0xFF, 0x8B, 0xFD, 0x00, 0x3F, 0xF0, 0x7F, 0xE0,
    0x0B, 0xFF, 0x03, 0xFF, 0x42, 0xFF, 0xD0, 0x2F, 0xFF, 0xFF, 0xF8, 0x00, 0xFF, 0xFF, 0xFF, 0x00,
    0x03, 0xFF, 0xFF, 0x80, 0x00, 0x07, 0xFF, 0x80, 0x00, 0x00, 0x00, 0x1B, 0xFF, 0x90, 0x00, 0x00,
    0x07, 0xFF, 0xFF, 0xF0, 0x00, 0x00, 0xBF, 0xFF, 0xFF, 0xF0, 0x00, 0x0F, 0xFF, 0xFF, 0xFF, 0xF0,
    0x00, 0xBF, 0xF8, 0x02, 0xFF, 0xD0, 0x07, 0xFF, 0x00, 0x01, 0xFF, 0xC0, 0x3F, 0xF0, 0x00, 0x03,
    0xFF, 0x02, 0xFF, 0x80, 0x00, 0x0B, 0xFC, 0x0F, 0xFC, 0x00, 0x00, 0x2F, 0xF4, 0x3F, 0xFF, 0xFF,
    0xFF, 0xFF, 0xD1, 0xFF, 0xFF, 0xFF, 0xFF, 0xFF, 0x4B, 0xFF, 0xFF, 0xFF, 0xFF, 0xFC, 0x3F, 0xFF,
    0xFF, 0xFF, 0xFF, 0xF0, 0xFF, 0xC0, 0x00, 0x01, 0xFF, 0xC3, 0xFF, 0x00, 0x00, 0x0B, 0xFE, 0x0F,
    0xFC, 0x00, 0x00, 0x3F, 0xF4, 0x3F, 0xF0, 0x00, 0x02, 0xFF, 0xC0, 0xFF, 0xD0, 0x00, 0x0F, 0xFD,
    0x02, 0xFF, 0xC0, 0x00, 0xFF, 0xF0, 0x03, 0xFF, 0xD0, 0x1F, 0xFF, 0x00, 0x0B, 0xFF, 0xFF, 0xFF,
    0xF4, 0x00, 0x0B, 0xFF, 0xFF, 0xFF, 0x40, 0x00, 0x0B, 0xFF, 0xFF, 0xE0, 0x00, 0x00, 0x02, 0xFF,
    0xF8, 0x00, 0x00, 0x00, 0x06, 0xFF, 0x90, 0x00, 0x03, 0xFF, 0xFF, 0x80, 0x01, 0xFF, 0xFF, 0xFE,
    0x00, 0x3F, 0xFF, 0xFF, 0xF0, 0x0B, 0xFF, 0x02, 0xFF, 0x81, 0xFF, 0xC0, 0x0F, 0xFC, 0x2F, 0xF0,
    0x00, 0xFF, 0xC3, 0xFF, 0xFF, 0xFF, 0xFC, 0x3F, 0xFF, 0xFF, 0xFF, 0xC7, 0xFF, 0xFF, 0xFF, 0xFC,
    0x7F, 0xFF, 0xFF, 0xFF, 0x8B, 0xFD, 0x00, 0x2F, 0xF8, 0xBF, 0xD0, 0x03, 0xFF, 0x07, 0xFE, 0x00,
    0xBF, 0xF0, 0x3F, 0xF4, 0x1F, 0xFD, 0x02, 0xFF, 0xFF, 0xFF, 0x80, 0x0F, 0xFF, 0xFF, 0xF0, 0x00,
    0x3F, 0xFF, 0xF8, 0x00, 0x00, 0x7F, 0xF8, 0x00, 0x00, 0x00, 0x00, 0x1F, 0x80, 0xFC, 0x00, 0x00,
    0x00, 0xFF, 0x4F, 0xF8, 0x00, 0x00, 0x03, 0xFC, 0x3F, 0xD0, 0x00, 0x00, 0x0B, 0xE0, 0x7E, 0x00,
    0x00, 0x00, 0x00, 0x00, 0x00, 0x00, 0x00, 0x00, 0x00, 0x00, 0x00, 0x00, 0x00, 0x00, 0x00, 0x00,
    0x00, 0x00, 0x00, 0x06, 0xFF, 0xE4, 0x00, 0x00, 0x01, 0xFF, 0xFF, 0xFC, 0x00, 0x00, 0x2F, 0xFF,
    0xFF, 0xFC, 0x00, 0x03, 0xFF, 0xFF, 0xFF, 0xFC, 0x00, 0x2F, 0xFE, 0x00, 0xBF, 0xF4, 0x01, 0xFF,
    0xC0, 0x00, 0x7F, 0xF0, 0x0F, 0xFC, 0x00, 0x00, 0xFF, 0xC0, 0xBF, 0xE0, 0x00, 0x02, 0xFF, 0x03,
    0xFF, 0x00, 0x00, 0x0B, 0xFD, 0x0F, 0xFF, 0xFF, 0xFF, 0xFF, 0xF4, 0x7F, 0xFF, 0xFF, 0xFF, 0xFF,
    0xD2, 0xFF, 0xFF, 0xFF, 0xFF, 0xFF, 0x0F, 0xFF, 0xFF, 0xFF, 0xFF, 0xFC, 0x3F, 0xF0, 0x00, 0x00,
    0x7F, 0xF0, 0xFF, 0xC0, 0x00, 0x02, 0xFF, 0x83, 0xFF, 0x00, 0x00, 0x0F, 0xFD, 0x0F, 0xFC, 0x00,
    0x00, 0xBF, 0xF0, 0x3F, 0xF4, 0x00, 0x03, 0xFF, 0x40, 0xBF, 0xF0, 0x00, 0x3F, 0xFC, 0x00, 0xFF,
    0xF4, 0x07, 0xFF, 0xC0, 0x02, 0xFF, 0xFF, 0xFF, 0xFD, 0x00, 0x02, 0xFF, 0xFF, 0xFF, 0xD0, 0x00,
    0x02, 0xFF, 0xFF, 0xF8, 0x00, 0x00, 0x00, 0xBF, 0xFE, 0x00, 0x00, 0x00, 0x00, 0x0B, 0xD0, 0x7E,
    0x00, 0x01, 0xFF, 0x0F, 0xF0, 0x00, 0x2F, 0xF1, 0xFF, 0x00, 0x00, 0xFC, 0x0F, 0xD0, 0x00, 0x00,
    0x00, 0x00, 0x00, 0x00, 0x00, 0x00, 0x00, 0x00, 0x00, 0x00, 0x00, 0x00, 0x00, 0x6F, 0xF9, 0x00,
    0x00, 0x3F, 0xFF, 0xF8, 0x00, 0x1F, 0xFF, 0xFF, 0xE0, 0x03, 0xFF, 0xFF, 0xFF, 0x00, 0xBF, 0xF0,
    0x2F, 0xF8, 0x1F, 0xFC, 0x00, 0xFF, 0xC2, 0xFF, 0x00, 0x0F, 0xFC, 0x3F, 0xFF, 0xFF, 0xFF, 0xC3,
    0xFF, 0xFF, 0xFF, 0xFC, 0x7F, 0xFF, 0xFF, 0xFF, 0xC7, 0xFF, 0xFF, 0xFF, 0xF8, 0xBF, 0xD0, 0x02,
    0xFF, 0x8B, 0xFD, 0x00, 0x3F, 0xF0, 0x7F, 0xE0, 0x0B, 0xFF, 0x03, 0xFF, 0x41, 0xFF, 0xD0, 0x2F,
    0xFF, 0xFF, 0xF8, 0x00, 0xFF, 0xFF, 0xFF, 0x00, 0x03, 0xFF, 0xFF, 0x80, 0x00, 0x07, 0xFF, 0x80,
    0x00, 0x00, 0x01, 0xF8, 0x0F, 0x80, 0x00, 0x00, 0xFF, 0x0F, 0xF4, 0x00, 0x00, 0x3F, 0xC3, 0xFD,
    0x00, 0x00, 0x0B, 0xD0, 0xBE, 0x00, 0x00, 0x00, 0x00, 0x00, 0x00, 0x00, 0x00, 0x00, 0x00, 0x00,
    0x00, 0x00, 0x00, 0x00, 0x00, 0x00, 0x00, 0x1B, 0xFF, 0x90, 0x00, 0x00, 0xFF, 0xFF, 0xFF, 0x40,
    0x00, 0x3F, 0xFF, 0xFF, 0xF4, 0x00, 0x07, 0xFF, 0xFF, 0xFF, 0x00, 0x00, 0xD0, 0x01, 0xFF, 0xE0,
    0x00, 0x00, 0x00, 0x1F, 0xFC, 0x00, 0x00, 0x00, 0x03, 0xFF, 0x40, 0x00, 0x00, 0x00, 0xBF, 0xE0,
    0x00, 0x00, 0x00, 0x1F, 0xF8, 0x00, 0x0F, 0xFF, 0xFF, 0xFE, 0x00, 0x07, 0xFF, 0xFF, 0xFF, 0x80,
    0x02, 0xFF, 0xFF, 0xFF, 0xD0, 0x00, 0xFF, 0xFF, 0xFF, 0xF4, 0x00, 0x00, 0x00, 0x0F, 0xFC, 0x00,
    0x00, 0x00, 0x07, 0xFF, 0x00, 0x00, 0x00, 0x03, 0xFF, 0x80, 0x00, 0x00, 0x00, 0xFF, 0xC0, 0x00,
    0x00, 0x00, 0xFF, 0xE0, 0x00, 0x00, 0x00, 0xBF, 0xF0, 0x03, 0x90, 0x01, 0xFF, 0xF8, 0x00, 0xFF,
    0xFF, 0xFF, 0xF8, 0x00, 0x3F, 0xFF, 0xFF, 0xF8, 0x00, 0x0F, 0xFF, 0xFF, 0xF4, 0x00, 0x00, 0x6F,
    0xFF, 0x90, 0x00, 0x00, 0x00, 0x2F, 0x41, 0xF8, 0x00, 0x7F, 0xC3, 0xFC, 0x00, 0x7F, 0xC3, 0xFC,
    0x00, 0x3F, 0x42, 0xF4, 0x00, 0x00, 0x00, 0x00, 0x00, 0x00, 0x00, 0x00, 0x00, 0x00, 0x00, 0x00,
    0x00, 0xBF, 0xF8, 0x00, 0x07, 0xFF, 0xFF, 0x40, 0x03, 0xFF, 0xFF, 0xC0, 0x03, 0xFF, 0xFF, 0xF0,
    0x01, 0x40, 0x7F, 0xF0, 0x00, 0x00, 0x2F, 0xF4, 0x00, 0x00, 0x1F, 0xF8, 0x00, 0xFF, 0xFF, 0xF8,
    0x00, 0xFF, 0xFF, 0xF8, 0x01, 0xFF, 0xFF, 0xF8, 0x02, 0xFF, 0xFF, 0xF4, 0x00, 0x00, 0x3F, 0xF0,
    0x00, 0x00, 0x3F, 0xF0, 0x00, 0x00, 0xFF, 0xE0, 0x20, 0x07, 0xFF, 0xC0, 0x7F, 0xFF, 0xFF, 0x40,
    0x7F, 0xFF, 0xFE, 0x00, 0x7F, 0xFF, 0xF4, 0x00, 0x1B, 0xFF, 0x40, 0x00, 0x00, 0x00, 0x7F, 0xFF,
    0xF8, 0x00, 0x00, 0x02, 0xFF, 0xFF, 0xD0, 0x00, 0x00, 0x0F, 0xFF, 0xFF, 0x40, 0x00, 0x00, 0x3F,
    0xFF, 0xFC, 0x00, 0x00, 0x00, 0x00, 0x00, 0x00, 0x00, 0x00, 0x00, 0x00, 0x00, 0x00, 0x00, 0x3F,
    0xF0, 0x00, 0x02, 0xFF, 0x80, 0xBF, 0xD0, 0x00, 0x0F, 0xFC, 0x01, 0xFF, 0x80, 0x00, 0xFF, 0xE0,
    0x03, 0xFE, 0x00, 0x07, 0xFF, 0x00, 0x0F, 0xFC, 0x00, 0x3F, 0xF4, 0x00, 0x2F, 0xF0, 0x01, 0xFF,
    0xC0, 0x00, 0x7F, 0xD0, 0x0F, 0xFC, 0x00, 0x00, 0xFF, 0x80, 0x7F, 0xE0, 0x00, 0x03, 0xFF, 0x03,
    0xFF, 0x00, 0x00, 0x0B, 0xFC, 0x2F, 0xF4, 0x00, 0x00, 0x1F, 0xF4, 0xFF, 0xC0, 0x00, 0x00, 0x3F,
    0xEB, 0xFC, 0x00, 0x00, 0x00, 0xBF, 0xFF, 0xE0, 0x00, 0x00, 0x01, 0xFF, 0xFF, 0x00, 0x00, 0x00,
    0x03, 0xFF, 0xF4, 0x00, 0x00, 0x00, 0x0F, 0xFF, 0xC0, 0x00, 0x00, 0x00, 0x2F, 0xFD, 0x00, 0x00,
    0x00, 0x00, 0xBF, 0xE0, 0x00, 0x00, 0x00, 0x07, 0xFF, 0x00, 0x00, 0x00, 0x00, 0xBF, 0xF4, 0x00,
    0x00, 0x0B, 0xFF, 0xFF, 0x80, 0x00, 0x00, 0x2F, 0xFF, 0xFC, 0x00, 0x00, 0x00, 0xBF, 0xFF, 0x80,
    0x00, 0x00, 0x01, 0xFF, 0xE4, 0x00, 0x00, 0x00, 0x00, 0x00, 0x00, 0x3F, 0xFF, 0xFC, 0x00, 0x00,
    0x01, 0xFF, 0xFF, 0xE0, 0x00, 0x00, 0x0B, 0xFF, 0xFF, 0x80, 0x00, 0x00, 0x2F, 0xFF, 0xFD, 0x00,
    0x00, 0x00, 0x00, 0x00, 0x00, 0x00, 0x01, 0xFF, 0x80, 0x02, 0xFF, 0xC0, 0x03, 0xFE, 0x00, 0x0F,
    0xFD, 0x00, 0x0F, 0xF8, 0x00, 0x7F, 0xE0, 0x00, 0x3F, 0xF0, 0x03, 0xFF, 0x00, 0x00, 0xBF, 0xC0,
    0x1F, 0xF8, 0x00, 0x02, 0xFF, 0x00, 0xFF, 0xC0, 0x00, 0x07, 0xFC, 0x07, 0xFE, 0x00, 0x00, 0x1F,
    0xF0, 0x3F, 0xF0, 0x00, 0x00, 0x3F, 0xD1, 0xFF, 0x80, 0x00, 0x00, 0xFF, 0x4B, 0xFC, 0x00, 0x00,
    0x03, 0xFE, 0x3F, 0xE0, 0x00, 0x00, 0x0B, 0xFA, 0xFF, 0x00, 0x00, 0x00, 0x2F, 0xEF, 0xF8, 0x00,
    0x00, 0x00, 0x7F, 0xFF, 0xC0, 0x00, 0x00, 0x01, 0xFF, 0xFE, 0x00, 0x00, 0x00, 0x03, 0xFF, 0xF0,
    0x00, 0x00, 0x00, 0x0F, 0xFF, 0x80, 0x00, 0x00, 0x00, 0x3F, 0xFC, 0x00, 0x00, 0x00, 0x00, 0xBF,
    0xD0, 0x00, 0x00, 0x00, 0x03, 0xFF, 0x00, 0x00, 0x00, 0x00, 0x2F, 0xF4, 0x00, 0x00, 0x00, 0x01,
    0xFF, 0xC0, 0x00, 0x00, 0x00, 0x1F, 0xFD, 0x00, 0x00, 0x00, 0x7F, 0xFF, 0xE0, 0x00, 0x00, 0x01,
    0xFF, 0xFF, 0x00, 0x00, 0x00, 0x07, 0xFF, 0xE0, 0x00, 0x00, 0x00, 0x0F, 0xF8, 0x00, 0x00, 0x00,
    0x00, 0x00, 0x00, 0x3F, 0x42, 0xF4, 0x00, 0x00, 0x02, 0xFE, 0x1F, 0xF0, 0x00, 0x00, 0x0F, 0xF8,
    0xBF, 0xC0, 0x00, 0x00, 0x1F, 0x80, 0xFC, 0x00, 0x00, 0x00, 0x00, 0x00, 0x00, 0x00, 0x00, 0x00,
    0x00, 0x00, 0x00, 0x00, 0x00, 0x00, 0x00, 0x00, 0x00, 0x00, 0x00, 0x00, 0x00, 0x00, 0x00, 0x03,
    0xFF, 0x00, 0x00, 0x2F, 0xF8, 0x0B, 0xFD, 0x00, 0x00, 0xFF, 0xC0, 0x1F, 0xF8, 0x00, 0x0F, 0xFE,
    0x00, 0x3F, 0xE0, 0x00, 0x7F, 0xF0, 0x00, 0xFF, 0xC0, 0x03, 0xFF, 0x40, 0x02, 0xFF, 0x00, 0x1F,
    0xFC, 0x00, 0x07, 0xFD, 0x00, 0xFF, 0xC0, 0x00, 0x0F, 0xF8, 0x07, 0xFE, 0x00, 0x00, 0x3F, 0xF0,
    0x3F, 0xF0, 0x00, 0x00, 0xBF, 0xC2, 0xFF, 0x40, 0x00, 0x01, 0xFF, 0x4F, 0xFC, 0x00, 0x00, 0x03,
    0xFE, 0xBF, 0xC0, 0x00, 0x00, 0x0B, 0xFF, 0xFE, 0x00, 0x00, 0x00, 0x1F, 0xFF, 0xF0, 0x00, 0x00,
    0x00, 0x3F, 0xFF, 0x40, 0x00, 0x00, 0x00, 0xFF, 0xFC, 0x00, 0x00, 0x00, 0x02, 0xFF, 0xD0, 0x00,
    0x00, 0x00, 0x0B, 0xFE, 0x00, 0x00, 0x00, 0x00, 0x7F, 0xF0, 0x00, 0x00, 0x00, 0x0B, 0xFF, 0x40,
    0x00, 0x00, 0xBF, 0xFF, 0xF8, 0x00, 0x00, 0x02, 0xFF, 0xFF, 0xC0, 0x00, 0x00, 0x0B, 0xFF, 0xF8,
    0x00, 0x00, 0x00, 0x1F, 0xFE, 0x40, 0x00, 0x00, 0x00, 0x00, 0x00, 0x2F, 0x42, 0xF8, 0x00, 0x00,
    0x01, 0xFF, 0x0F, 0xF0, 0x00, 0x00, 0x0B, 0xF8, 0x7F, 0xC0, 0x00, 0x00, 0x0F, 0xC0, 0xBD, 0x00,
    0x00, 0x00, 0x00, 0x00, 0x00, 0x00, 0x00, 0x00, 0x00, 0x00, 0x00, 0x00, 0x00, 0x00, 0x00, 0x00,
    0x00, 0x00, 0x1F, 0xF8, 0x00, 0x2F, 0xFC, 0x00, 0x3F, 0xE0, 0x00, 0xFF, 0xD0, 0x00, 0xFF, 0x80,
    0x07, 0xFE, 0x00, 0x03, 0xFF, 0x00, 0x3F, 0xF0, 0x00, 0x0B, 0xFC, 0x01, 0xFF, 0x80, 0x00, 0x2F,
    0xF0, 0x0F, 0xFC, 0x00, 0x00, 0x7F, 0xC0, 0x7F, 0xE0, 0x00, 0x01, 0xFF, 0x03, 0xFF, 0x00, 0x00,
    0x03, 0xFD, 0x1F, 0xF8, 0x00, 0x00, 0x0F, 0xF4, 0xBF, 0xC0, 0x00, 0x00, 0x3F, 0xE3, 0xFE, 0x00,
    0x00, 0x00, 0xBF, 0xAF, 0xF0, 0x00, 0x00, 0x02, 0xFE, 0xFF, 0x80, 0x00, 0x00, 0x07, 0xFF, 0xFC,
    0x00, 0x00, 0x00, 0x1F, 0xFF, 0xE0, 0x00, 0x00, 0x00, 0x3F, 0xFF, 0x00, 0x00, 0x00, 0x00, 0xFF,
    0xF8, 0x00, 0x00, 0x00, 0x03, 0xFF, 0xC0, 0x00, 0x00, 0x00, 0x0B, 0xFD, 0x00, 0x00, 0x00, 0x00,
    0x3F, 0xF0, 0x00, 0x00, 0x00, 0x02, 0xFF, 0x40, 0x00, 0x00, 0x00, 0x1F, 0xFC, 0x00, 0x00, 0x00,
    0x01, 0xFF, 0xD0, 0x00, 0x00, 0x07, 0xFF, 0xFE, 0x00, 0x00, 0x00, 0x1F, 0xFF, 0xF0, 0x00, 0x00,
    0x00, 0x7F, 0xFE, 0x00, 0x00, 0x00, 0x00, 0xFF, 0x80, 0x00, 0x00, 0x00, 0x00, 0x00, 0x00, 0x02,
    0xFF, 0x4F, 0xFC, 0x00, 0x00, 0x07, 0xFD, 0x2F, 0xF0, 0x00, 0x00, 0x0F, 0xF4, 0x7F, 0xC0, 0x00,
    0x00, 0x3F, 0x80, 0xFE, 0x00, 0x00, 0x00, 0xFD, 0x03, 0xF4, 0x00, 0x00, 0x00, 0x00, 0x00, 0x00,
    0x00, 0x00, 0x00, 0x00, 0x00, 0x00, 0x00, 0x00, 0x00, 0x00, 0x00, 0x00, 0x00, 0x03, 0xFF, 0x00,
    0x00, 0x2F, 0xF8, 0x02, 0xFF, 0x40, 0x00, 0x3F, 0xF0, 0x01, 0xFF, 0x80, 0x00, 0xFF, 0xE0, 0x00,
    0xFF, 0x80, 0x01, 0xFF, 0xC0, 0x00, 0xFF, 0xC0, 0x03, 0xFF, 0x40, 0x00, 0xBF, 0xC0, 0x07, 0xFF,
    0x00, 0x00, 0x7F, 0xD0, 0x0F, 0xFC, 0x00, 0x00, 0x3F, 0xE0, 0x1F, 0xF8, 0x00, 0x00, 0x3F, 0xF0,
    0x3F, 0xF0, 0x00, 0x00, 0x2F, 0xF0, 0xBF, 0xD0, 0x00, 0x00, 0x1F, 0xF4, 0xFF, 0xC0, 0x00, 0x00,
    0x0F, 0xFA, 0xFF, 0x00, 0x00, 0x00, 0x0B, 0xFF, 0xFE, 0x00, 0x00, 0x00, 0x07, 0xFF, 0xFC, 0x00,
    0x00, 0x00, 0x03, 0xFF, 0xF4, 0x00, 0x00, 0x00, 0x03, 0xFF, 0xF0, 0x00, 0x00, 0x00, 0x02, 0xFF,
    0xD0, 0x00, 0x00, 0x00, 0x02, 0xFF, 0x80, 0x00, 0x00, 0x00, 0x07, 0xFF, 0x00, 0x00, 0x00, 0x00,
    0x2F, 0xFD, 0x00, 0x00, 0x00, 0xBF, 0xFF, 0xF8, 0x00, 0x00, 0x00, 0xBF, 0xFF, 0xF0, 0x00, 0x00,
    0x00, 0xBF, 0xFF, 0x80, 0x00, 0x00, 0x00, 0x7F, 0xF9, 0x00, 0x00, 0x00, 0x00, 0x00, 0x00, 0x02,
    0xFF, 0x4F, 0xFC, 0x00, 0x00, 0x03, 0xFE, 0x2F, 0xF4, 0x00, 0x00, 0x0F, 0xF4, 0x7F, 0xC0, 0x00,
    0x00, 0x3F, 0xC0, 0xFE, 0x00, 0x00, 0x00, 0xBE, 0x03, 0xF4, 0x00, 0x00, 0x00, 0x00, 0x00, 0x00,
    0x00, 0x00, 0x00, 0x00, 0x00, 0x00, 0x00, 0x00, 0x7F, 0xE0, 0x00, 0xBF, 0xF0, 0x00, 0x3F, 0xE0,
    0x00, 0xFF, 0xD0, 0x00, 0x3F, 0xE0, 0x01, 0xFF, 0x80, 0x00, 0x3F, 0xF0, 0x03, 0xFF, 0x00, 0x00,
    0x2F, 0xF0, 0x07, 0xFE, 0x00, 0x00, 0x2F, 0xF0, 0x0F, 0xFC, 0x00, 0x00, 0x1F, 0xF0, 0x1F, 0xF8,
    0x00, 0x00, 0x1F, 0xF0, 0x3F, 0xF0, 0x00, 0x00, 0x0F, 0xF4, 0x7F, 0xE0, 0x00, 0x00, 0x0F, 0xF4,
    0xBF, 0xC0, 0x00, 0x00, 0x0F, 0xF8, 0xFF, 0x80, 0x00, 0x00, 0x0B, 0xFA, 0xFF, 0x00, 0x00, 0x00,
    0x0B, 0xFB, 0xFE, 0x00, 0x00, 0x00, 0x07, 0xFF, 0xFC, 0x00, 0x00, 0x00, 0x07, 0xFF, 0xF8, 0x00,
    0x00, 0x00, 0x03, 0xFF, 0xF0, 0x00, 0x00, 0x00, 0x03, 0xFF, 0xE0, 0x00, 0x00, 0x00, 0x03, 0xFF,
    0xC0, 0x00, 0x00, 0x00, 0x02, 0xFF, 0x40, 0x00, 0x00, 0x00, 0x03, 0xFF, 0x00, 0x00, 0x00, 0x00,
    0x0B, 0xFD, 0x00, 0x00, 0x00, 0x00, 0x1F, 0xFC, 0x00, 0x00, 0x00, 0x00, 0x7F, 0xF4, 0x00, 0x00,
    0x00, 0x7F, 0xFF, 0xE0, 0x00, 0x00, 0x00, 0x7F, 0xFF, 0xC0, 0x00, 0x00, 0x00, 0x7F, 0xFE, 0x00,
    0x00, 0x00, 0x00, 0x3F, 0xE0, 0x00, 0x00, 0x00, 0x00, 0x00, 0x00, 0xFD, 0x0B, 0xD0, 0x00, 0x00,
    0xBF, 0x87, 0xFC, 0x00, 0x00, 0x3F, 0xE2, 0xFF, 0x00, 0x00, 0x07, 0xE0, 0x3F, 0x00, 0x00, 0x00,
    0x00, 0x00, 0x00, 0x00, 0x00, 0x00, 0x00, 0x00, 0x00, 0x00, 0x00, 0x00, 0x00, 0x00, 0x0F, 0xFC,
    0x00, 0x0B, 0xFD, 0x03, 0xFF, 0x00, 0x03, 0xFF, 0x01, 0xFF, 0x80, 0x00, 0xFF, 0xC0, 0xBF, 0xD0,
    0x00, 0x7F, 0xE0, 0x3F, 0xF0, 0x00, 0x2F, 0xF4, 0x0F, 0xFC, 0x00, 0x0F, 0xFD, 0x07, 0xFE, 0x00,
    0x03, 0xFF, 0x02, 0xFF, 0x40, 0x00, 0xFF, 0xC0, 0xBF, 0xD0, 0x00, 0x7F, 0xE0, 0x2F, 0xF8, 0x00,
    0x2F, 0xF4, 0x0B, 0xFF, 0x40, 0x1F, 0xFC, 0x01, 0xFF, 0xFF, 0xFF, 0xFF, 0x00, 0x3F, 0xFF, 0xFF,
    0xFF, 0xC0, 0x03, 0xFF, 0xFF, 0xFF, 0xE0, 0x00, 0x1F, 0xFF, 0xBF, 0xF4, 0x00, 0x00, 0x00, 0x0F,
    0xFC, 0x00, 0x00, 0x00, 0x03, 0xFF, 0x00, 0x00, 0x00, 0x01, 0xFF, 0xC0, 0x00, 0x00, 0x00, 0x7F,
    0xE0, 0x00, 0x00, 0x00, 0x2F, 0xF4, 0x00, 0x00, 0x00, 0x0F, 0xFC, 0x00, 0x00, 0x00, 0x03, 0xFF,
    0x00, 0x00, 0x00, 0x01, 0xFF, 0x80, 0x00, 0x00, 0x00, 0x7F, 0xD0, 0x00, 0x00, 0x1F, 0x81, 0xF8,
    0x00, 0x0F, 0xF0, 0xFF, 0x40, 0x07, 0xFC, 0x3F, 0xC0, 0x00, 0xFD, 0x0B, 0xE0, 0x00, 0x00, 0x00,
    0x00, 0x00, 0x00, 0x00, 0x00, 0x02, 0xFF, 0x40, 0x0F, 0xFC, 0xBF, 0xC0, 0x07, 0xFE, 0x3F, 0xF0,
    0x02, 0xFF, 0x4F, 0xFC, 0x00, 0xFF, 0xC7, 0xFE, 0x00, 0x3F, 0xF1, 0xFF, 0x40, 0x1F, 0xFC, 0xBF,
    0xD0, 0x0B, 0xFE, 0x2F, 0xF4, 0x07, 0xFF, 0x4B, 0xFE, 0x07, 0xFF, 0xC1, 0xFF, 0xFF, 0xFF, 0xF0,
    0x3F, 0xFF, 0xFF, 0xFC, 0x0B, 0xFF, 0xF7, 0xFE, 0x00, 0x7F, 0xD2, 0xFF, 0x40, 0x00, 0x00, 0xFF,
    0xC0, 0x00, 0x00, 0x3F, 0xF0, 0x00, 0x00, 0x0F, 0xF8, 0x00, 0x00, 0x07, 0xFE, 0x00, 0x00, 0x02,
    0xFF, 0x40, 0x00, 0x00, 0xFF, 0xC0, 0x00, 0x00, 0x0F, 0xFF, 0xFF, 0xFC, 0x00, 0x1F, 0xFF, 0xFF,
    0xFC, 0x00, 0x2F, 0xFF, 0xFF, 0xF8, 0x00, 0x3F, 0xFF, 0xFF, 0xF4, 0x00, 0x3F, 0xF0, 0x00, 0x00,
    0x00, 0x7F, 0xE0, 0x00, 0x00, 0x00, 0x7F, 0xD0, 0x00, 0x00, 0x00, 0xBF, 0xC0, 0x00, 0x00, 0x00,
    0xFF, 0xC0, 0x00, 0x00, 0x00, 0xFF, 0xC0, 0x00, 0x00, 0x01, 0xFF, 0x80, 0x00, 0x00, 0x02, 0xFF,
    0x40, 0x00, 0x00, 0x02, 0xFF, 0x00, 0x00, 0x00, 0x03, 0xFF, 0x00, 0x00, 0x00, 0x03, 0xFE, 0x00,
    0x00, 0x00, 0x07, 0xFE, 0x00, 0x00, 0x00, 0x0B, 0xFD, 0x00, 0x00, 0x00, 0x0F, 0xFC, 0x00, 0x00,
    0x00, 0x0F, 0xFC, 0x00, 0x00, 0x00, 0x0F, 0xF8, 0x00, 0x00, 0x00, 0x1F, 0xFF, 0xFC, 0x00, 0x00,
    0x2F, 0xFF, 0xFC, 0x00, 0x00, 0x3F, 0xFF, 0xF8, 0x00, 0x00, 0x3F, 0xFF, 0xF4, 0x00, 0x00, 0x00,
    0x2F, 0xF4, 0x00, 0x00, 0x00, 0x3F, 0xF0, 0x00, 0x00, 0x00, 0x3F, 0xF0, 0x00, 0x00, 0x00, 0x7F,
    0xE0, 0x00, 0x00, 0x00, 0x7F, 0xD0, 0x00, 0x00, 0x00, 0xBF, 0xC0, 0x00, 0x00, 0x00, 0xFF, 0xC0,
    0x00, 0x00, 0x00, 0xBF, 0xFF, 0xFF, 0x40, 0x3F, 0xFF, 0xFF, 0xC0, 0x0F, 0xFF, 0xFF, 0xF0, 0x03,
    0xFF, 0xFF, 0xF8, 0x01, 0xFF, 0x40, 0x00, 0x00, 0xBF, 0xC0, 0x00, 0x00, 0x3F, 0xF0, 0x00, 0x00,
    0x0F, 0xFC, 0x00, 0x00, 0x07, 0xFE, 0x00, 0x00, 0x01, 0xFF, 0x40, 0x00, 0x00, 0xBF, 0xC0, 0x00,
    0x00, 0x3F, 0xF0, 0x00, 0x00, 0x0F, 0xFC, 0x00, 0x00, 0x07, 0xFE, 0x00, 0x00, 0x01, 0xFF, 0x40,
    0x00, 0x00, 0xBF, 0xFF, 0xC0, 0x00, 0x3F, 0xFF, 0xE0, 0x00, 0x0F, 0xFF, 0xF8, 0x00, 0x07, 0xFF,
    0xFD, 0x00, 0x00, 0x01, 0xFF, 0x00, 0x00, 0x00, 0xBF, 0xC0, 0x00, 0x00, 0x2F, 0xE0, 0x00, 0x00,
    0x0F, 0xF8, 0x00, 0x00, 0x03, 0xFD, 0x00, 0x00, 0x01, 0xFF, 0x00, 0x00, 0x00, 0xBF, 0xC0, 0x00,
    0x00, 0x00, 0x00, 0x00, 0x0F, 0xC0, 0xBD, 0x00, 0x00, 0x00, 0x00, 0x02, 0xFE, 0x2F, 0xF0, 0x00,
    0x00, 0x00, 0x00, 0x3F, 0xD2, 0xFE, 0x00, 0x00, 0x00, 0x00, 0x01, 0xF8, 0x0F, 0x80, 0x00, 0x00,
    0x00, 0x00, 0x00, 0x00, 0x00, 0x00, 0x00, 0x00, 0x00, 0x00, 0x00, 0x00, 0x00, 0x00, 0x00, 0x00,
    0x00, 0x00, 0x00, 0x00, 0x00, 0x00, 0x01, 0xFF, 0x80, 0x00, 0x00, 0x0B, 0xFE, 0x00, 0x2F, 0xF4,
    0x00, 0x00, 0x00, 0xFF, 0xD0, 0x02, 0xFF, 0x00, 0x00, 0x00, 0x0F, 0xFC, 0x00, 0x3F, 0xF0, 0x00,
    0x00, 0x00, 0xFF, 0xC0, 0x03, 0xFF, 0x00, 0x00, 0x00, 0x1F, 0xF8, 0x00, 0x7F, 0xE0, 0x00, 0x00,
    0x02, 0xFF, 0x80, 0x0B, 0xFD, 0x00, 0x00, 0x00, 0x3F, 0xF4, 0x00, 0xFF, 0xC0, 0x00, 0x00, 0x03,
    0xFF, 0x00, 0x0F, 0xFF, 0xF9, 0x00, 0x00, 0x3F, 0xF0, 0x00, 0xFF, 0xFF, 0xFD, 0x00, 0x07, 0xFE,
    0x00, 0x1F, 0xFF, 0xFF, 0xF8, 0x00, 0xBF, 0xD0, 0x02, 0xFF, 0xFF, 0xFF, 0xD0, 0x0F, 0xFC, 0x00,
    0x3F, 0xF0, 0x1F, 0xFF, 0x00, 0xFF, 0xC0, 0x03, 0xFF, 0x00, 0x7F, 0xF0, 0x1F, 0xFC, 0x00, 0x3F,
    0xE0, 0x03, 0xFF, 0x01, 0xFF, 0x80, 0x07, 0xFD, 0x00, 0x3F, 0xF0, 0x2F, 0xF4, 0x00, 0xBF, 0xD0,
    0x03, 0xFF, 0x03, 0xFF, 0x00, 0x0F, 0xFC, 0x00, 0x7F, 0xF0, 0x3F, 0xF0, 0x00, 0xFF, 0xC0, 0x0F,
    0xFD, 0x07, 0xFF, 0x00, 0x1F, 0xF8, 0x07, 0xFF, 0xC0, 0xBF, 0xE0, 0x02, 0xFF, 0xFF, 0xFF, 0xF4,
    0x0B, 0xFD, 0x00, 0x2F, 0xFF, 0xFF, 0xFE, 0x00, 0xFF, 0xC0, 0x03, 0xFF, 0xFF, 0xFF, 0x40, 0x0F,
    0xFC, 0x00, 0x3F, 0xFF, 0xFE, 0x40, 0x01, 0xFF, 0x80, 0x00, 0x00, 0x00, 0x07, 0xE0, 0x3E, 0x00,
    0x00, 0x00, 0x00, 0xFF, 0x0F, 0xF4, 0x00, 0x00, 0x00, 0x0F, 0xF0, 0xFF, 0x40, 0x00, 0x00, 0x00,
    0xBD, 0x0B, 0xE0, 0x00, 0x00, 0x00, 0x00, 0x00, 0x00, 0x00, 0x00, 0x00, 0x00, 0x00, 0x00, 0x00,
    0x00, 0x00, 0x00, 0x00, 0x00, 0x00, 0x00, 0x00, 0x3F, 0xF0, 0x00, 0x00, 0x0B, 0xFC, 0x03, 0xFF,
    0x00, 0x00, 0x00, 0xFF, 0xC0, 0x7F, 0xE0, 0x00, 0x00, 0x0F, 0xFC, 0x0B, 0xFD, 0x00, 0x00, 0x01,
    0xFF, 0x80, 0xFF, 0xC0, 0x00, 0x00, 0x2F, 0xF4, 0x0F, 0xFC, 0x00, 0x00, 0x03, 0xFF, 0x00, 0xFF,
    0xEF, 0xE4, 0x00, 0x3F, 0xF0, 0x1F, 0xFF, 0xFF, 0xF0, 0x03, 0xFE, 0x02, 0xFF, 0xFF, 0xFF, 0xC0,
    0x7F, 0xE0, 0x3F, 0xFF, 0xFF, 0xFD, 0x0B, 0xFD, 0x03, 0xFF, 0x00, 0xFF, 0xE0, 0xFF, 0xC0, 0x3F,
    0xE0, 0x07, 0xFE, 0x0F, 0xFC, 0x07, 0xFE, 0x00, 0x7F, 0xD0, 0xFF, 0x80, 0x7F, 0xE0, 0x0B, 0xFD,
    0x1F, 0xF8, 0x07, 0xFF, 0x01, 0xFF, 0xC2, 0xFF, 0x40, 0x3F, 0xFF, 0xFF, 0xF4, 0x3F, 0xF0, 0x02,
    0xFF, 0xFF, 0xFE, 0x03, 0xFF, 0x00, 0x0B, 0xFF, 0xFF, 0x80, 0x3F, 0xE0, 0x00, 0x1B, 0xFF, 0x80,
    0x07, 0xFD, 0x00, 0x00, 0x0F, 0xFF, 0xFF, 0xFC, 0x00, 0x1F, 0xFF, 0xFF, 0xFC, 0x00, 0x2F, 0xFF,
    0xFF, 0xF8, 0x00, 0x3F, 0xFF, 0xFF, 0xF4, 0x00, 0x3F, 0xF0, 0x00, 0x00, 0x00, 0x7F, 0xE0, 0x00,
    0x00, 0x00, 0x7F, 0xE0, 0x00, 0x00, 0x00, 0xBF, 0xD0, 0x00, 0x00, 0x00, 0xFF, 0xC0, 0x00, 0x00,
    0x00, 0xFF, 0xC0, 0x00, 0x00, 0x2F, 0xFF, 0xFF, 0xE0, 0x00, 0x3F, 0xFF, 0xFF, 0xD0, 0x00, 0x3F,
    0xFF, 0xFF, 0xC0, 0x00, 0x7F, 0xFF, 0xFF, 0xC0, 0x00, 0x03, 0xFF, 0x00, 0x00, 0x00, 0x07, 0xFE,
    0x00, 0x00, 0x00, 0x0B, 0xFD, 0x00, 0x00, 0x00, 0x0F, 0xFC, 0x00, 0x00, 0x00, 0x0F, 0xFC, 0x00,
    0x00, 0x00, 0x0F, 0xFF, 0xFE, 0x00, 0x00, 0x1F, 0xFF, 0xFD, 0x00, 0x00, 0x2F, 0xFF, 0xFC, 0x00,
    0x00, 0x3F, 0xFF, 0xFC, 0x00, 0x00, 0x3F, 0xFF, 0xF8, 0x00, 0x00, 0x00, 0x1F, 0xF8, 0x00, 0x00,
    0x00, 0x2F, 0xF4, 0x00, 0x00, 0x00, 0x3F, 0xF0, 0x00, 0x00, 0x00, 0xBF, 0xF0, 0x00, 0x00, 0x3F,
    0xFF, 0xD0, 0x00, 0x00, 0x3F, 0xFF, 0xC0, 0x00, 0x00, 0x3F, 0xFF, 0x00, 0x00, 0x00, 0x2F, 0xF8,
    0x00, 0x00, 0x00, 0x00, 0x2F, 0xFF, 0xFF, 0xD0, 0x03, 0xFF, 0xFF, 0xFC, 0x00, 0x3F, 0xFF, 0xFF,
    0xC0, 0x03, 0xFF, 0xFF, 0xF8, 0x00, 0x7F, 0xD0, 0x00, 0x00, 0x0B, 0xFC, 0x00, 0x00, 0x00, 0xFF,
    0xC0, 0x00, 0x00, 0x0F, 0xFC, 0x00, 0x00, 0x2F, 0xFF, 0xFF, 0xC0, 0x02, 0xFF, 0xFF, 0xF8, 0x00,
    0x3F, 0xFF, 0xFF, 0x40, 0x03, 0xFF, 0xFF, 0xF4, 0x00, 0x03, 0xFF, 0x00, 0x00, 0x00, 0x7F, 0xE0,
    0x00, 0x00, 0x07, 0xFE, 0x55, 0x00, 0x00, 0xBF, 0xFF, 0xF0, 0x00, 0x0F, 0xFF, 0xFF, 0x00, 0x00,
    0xFF, 0xFF, 0xE0, 0x00, 0x1F, 0xFF, 0xFD, 0x00, 0x00, 0x00, 0xBF, 0xC0, 0x00, 0x00, 0x0F, 0xFC,
    0x00, 0x00, 0x00, 0xFF, 0xC0, 0x00, 0x00, 0x3F, 0xF8, 0x00, 0x01, 0xFF, 0xFF, 0x00, 0x00, 0x1F,
    0xFF, 0xE0, 0x00, 0x01, 0xFF, 0xF8, 0x00, 0x00, 0x0F, 0xFD, 0x00, 0x00, 0x00, 0x00, 0x0F, 0xFC,
    0x00, 0x03, 0xFF, 0x40, 0x03, 0xFF, 0x00, 0x03, 0xFF, 0x80, 0x00, 0xBF, 0xE0, 0x02, 0xFF, 0xC0,
    0x00, 0x0F, 0xFC, 0x00, 0xFF, 0xC0, 0x00, 0x03, 0xFF, 0x00, 0xFF, 0xD0, 0x00, 0x00, 0xBF, 0xD0,
    0xBF, 0xE0, 0x00, 0x00, 0x0F, 0xF8, 0x7F, 0xF0, 0x00, 0x00, 0x03, 0xFF, 0x3F, 0xF0, 0x00, 0x00,
    0x00, 0xBF, 0xFF, 0xF4, 0x00, 0x00, 0x00, 0x0F, 0xFF, 0xF8, 0x00, 0x00, 0x00, 0x03, 0xFF, 0xFC,
    0x00, 0x00, 0x00, 0x00, 0xBF, 0xFC, 0x00, 0x00, 0x00, 0x00, 0x7F, 0xFF, 0x00, 0x00, 0x00, 0x00,
    0x3F, 0xFF, 0xE0, 0x00, 0x00, 0x00, 0x3F, 0xFF, 0xFC, 0x00, 0x00, 0x00, 0x2F, 0xFF, 0xFF, 0x00,
    0x00, 0x00, 0x1F, 0xFC, 0x7F, 0xE0, 0x00, 0x00, 0x0F, 0xFD, 0x0F, 0xFC, 0x00, 0x00, 0x0F, 0xFE,
    0x03, 0xFF, 0x40, 0x00, 0x0B, 0xFF, 0x00, 0xBF, 0xFF, 0xF0, 0x07, 0xFF, 0x00, 0x0F, 0xFF, 0xFC,
    0x03, 0xFF, 0x40, 0x03, 0xFF, 0xFF, 0x03, 0xFF, 0x80, 0x00, 0xBF, 0xFF, 0x82, 0xFF, 0xC0, 0x00,
    0x1F, 0xFF, 0xD0, 0x00, 0x00, 0x00, 0x00, 0x2F, 0xF0, 0x00, 0x00, 0x00, 0x00, 0x0F, 0xFC, 0x00,
    0x00, 0x00, 0x00, 0x03, 0xFF, 0x00, 0x00, 0x00, 0x00, 0x03, 0xFF, 0x40, 0x00, 0x00, 0x00, 0x7F,
    0xFF, 0xC0, 0x00, 0x00, 0x00, 0x1F, 0xFF, 0xE0, 0x00, 0x00, 0x00, 0x07, 0xFF, 0xE0, 0x00, 0x00,
    0x00, 0x00, 0xFF, 0x90, 0x00, 0x00, 0x7F, 0xF0, 0x03, 0xFF, 0xC0, 0x03, 0xFF, 0x00, 0x7F, 0xF0,
    0x00, 0x2F, 0xF8, 0x0F, 0xFD, 0x00, 0x00, 0xFF, 0xC3, 0xFF, 0x80, 0x00, 0x0B, 0xFC, 0xBF, 0xE0,
    0x00, 0x00, 0x7F, 0xFF, 0xFC, 0x00, 0x00, 0x03, 0xFF, 0xFF, 0x00, 0x00, 0x00, 0x2F, 0xFF, 0xD0,
    0x00, 0x00, 0x00, 0xFF, 0xF8, 0x00, 0x00, 0x00, 0x0F, 0xFF, 0x00, 0x00, 0x00, 0x03, 0xFF, 0xF0,
    0x00, 0x00, 0x00, 0xBF, 0xFF, 0x80, 0x00, 0x00, 0x1F, 0xFF, 0xFC, 0x00, 0x00, 0x07, 0xFF, 0xBF,
    0xD0, 0x00, 0x00, 0xFF, 0xD3, 0xFF, 0x55, 0x40, 0x3F, 0xF8, 0x3F, 0xFF, 0xF4, 0x0B, 0xFF, 0x01,
    0xFF, 0xFF, 0x01, 0xFF, 0xC0, 0x0F, 0xFF, 0xF0, 0x7F, 0xF4, 0x00, 0xFF, 0xFF, 0x00, 0x00, 0x00,
    0x00, 0x3F, 0xE0, 0x00, 0x00, 0x00, 0x07, 0xFD, 0x00, 0x00, 0x00, 0x00, 0xFF, 0xC0, 0x00, 0x00,
    0x00, 0x1F, 0xFC, 0x00, 0x00, 0x00, 0xFF, 0xFF, 0x80, 0x00, 0x00, 0x0F, 0xFF, 0xF0, 0x00, 0x00,
    0x00, 0xFF, 0xFD, 0x00, 0x00, 0x00, 0x0B, 0xFE, 0x00, 0x00, 0x00, 0x0F, 0xFC, 0x00, 0x03, 0xFF,
    0x80, 0x03, 0xFF, 0x40, 0x03, 0xFF, 0xC0, 0x00, 0xBF, 0xE0, 0x01, 0xFF, 0xC0, 0x00, 0x1F, 0xFC,
    0x00, 0xFF, 0xD0, 0x00, 0x03, 0xFF, 0x00, 0xBF, 0xE0, 0x00, 0x00, 0xBF, 0xD0, 0x7F, 0xF0, 0x00,
    0x00, 0x1F, 0xF8, 0x3F, 0xF0, 0x00, 0x00, 0x03, 0xFF, 0x2F, 0xF4, 0x00, 0x00, 0x00, 0xBF, 0xDF,
    0xF8, 0x00, 0x00, 0x00, 0x1F, 0xFF, 0xFC, 0x00, 0x00, 0x07, 0xFF, 0xFF, 0xFF, 0xFD, 0x00, 0x01,
    0xFF, 0xFF, 0xFF, 0xFF, 0x40, 0x00, 0xBF, 0xFF, 0xFF, 0xFF, 0xC0, 0x00, 0x3F, 0xFF, 0xFF, 0xFF,
    0xF0, 0x00, 0x00, 0x3F, 0xFF, 0xFC, 0x00, 0x00, 0x00, 0x2F, 0xFA, 0xFF, 0x40, 0x00, 0x00, 0x1F,
    0xFC, 0x7F, 0xE0, 0x00, 0x00, 0x0F, 0xFD, 0x0F, 0xFC, 0x00, 0x00, 0x0F, 0xFE, 0x02, 0xFF, 0x40,
    0x00, 0x0B, 0xFF, 0x00, 0x7F, 0xF0, 0x00, 0x07, 0xFF, 0x00, 0x0F, 0xFC, 0x00, 0x03, 0xFF, 0x40,
    0x03, 0xFF, 0x80, 0x03, 0xFF, 0xC0, 0x00, 0xBF, 0xF0, 0x02, 0xFF, 0xC0, 0x00, 0x1F, 0xFD, 0x00,
    0x00, 0x7F, 0xF0, 0x03, 0xFF, 0xC0, 0x03, 0xFF, 0x00, 0x7F, 0xF0, 0x00, 0x2F, 0xF4, 0x0F, 0xFD,
    0x00, 0x00, 0xFF, 0xC2, 0xFF, 0x80, 0x00, 0x0F, 0xFC, 0x7F, 0xF0, 0x00, 0x00, 0x7F, 0xEF, 0xFC,
    0x00, 0x00, 0x03, 0xFF, 0xFF, 0x40, 0x00, 0x00, 0x2F, 0xFF, 0xE0, 0x00, 0x00, 0xFF, 0xFF, 0xFF,
    0xF4, 0x00, 0x0F, 0xFF, 0xFF, 0xFF, 0x40, 0x01, 0xFF, 0xFF, 0xFF, 0xF0, 0x00, 0x1F, 0xFF, 0xFF,
    0xFF, 0x00, 0x00, 0x0F, 0xFF, 0xF8, 0x00, 0x00, 0x03, 0xFF, 0xFF, 0xC0, 0x00, 0x00, 0xBF, 0xE7,
    0xFE, 0x00, 0x00, 0x2F, 0xFC, 0x3F, 0xF0, 0x00, 0x07, 0xFF, 0x02, 0xFF, 0x80, 0x01, 0xFF, 0xD0,
    0x0F, 0xFC, 0x00, 0x3F, 0xF4, 0x00, 0xFF, 0xD0, 0x00, 0x00, 0x80, 0x00, 0x3C, 0x00, 0x03, 0xC2,
    0xFF, 0xFC, 0xA0, 0x3C, 0x28, 0x2C, 0x0A, 0x0C, 0x02, 0x80, 0x00, 0xA0, 0x00, 0x28, 0x00, 0x0A,
    0x00, 0x02, 0x80, 0x00, 0xA0, 0x00, 0x28, 0x00, 0x0A, 0x00, 0x02, 0x80, 0x00, 0xA0, 0x00, 0x28,
    0x00, 0x0A, 0x00, 0x02, 0x80, 0x00, 0xA0, 0x00, 0x28, 0x00, 0x0A, 0x00, 0x02, 0x80, 0x00, 0xA0,
    0x00, 0x28, 0x00, 0x0A, 0x00, 0x02, 0x80, 0x00, 0x00, 0x00, 0x00, 0x00, 0x80, 0x00, 0xF0, 0x00,
    0xF0, 0x00, 0xFF, 0xFE, 0x0E, 0x03, 0x80, 0xE0, 0xA0, 0x0C, 0x28, 0x00, 0x0A, 0x00, 0x02, 0x80,
    0x00, 0xA0, 0x00, 0x28, 0x00, 0x0A, 0x00, 0x02, 0x80, 0x00, 0xA0, 0x00, 0x28, 0x00, 0x0A, 0x00,
    0x02, 0x80, 0x00, 0xA0, 0x00, 0x28, 0x00, 0x0A, 0x00, 0x02, 0x80, 0x00, 0xA0, 0x00, 0x28, 0x00,
    0x0A, 0x00, 0x02, 0x80, 0x00, 0xA0, 0x00, 0x28, 0x00, 0x0A, 0x00, 0x00, 0x00, 0x00, 0x00, 0x02,
    0xFF, 0xFF, 0x3F, 0xFF, 0xE3, 0xFF, 0xFD, 0x7F, 0xFF, 0xC0, 0x00, 0x00, 0x02, 0xFF, 0xFF, 0x3F,
    0xFF, 0xE3, 0xFF, 0xFD, 0x7F, 0xFF, 0xC0, 0x00, 0x00, 0x00, 0x00, 0x0F, 0xFF, 0xFF, 0xFF, 0xE7,
    0xFF, 0xFF, 0xFF, 0xF6, 0xFF, 0xFF, 0xFF, 0xFC, 0xBF, 0xFF, 0xFF, 0xFF, 0x00, 0x00, 0x00, 0x00,
    0x00, 0x2F, 0xFF, 0xFF, 0xFC, 0x3F, 0xFF, 0xFF, 0xFC, 0x3F, 0xFF, 0xFF, 0xFC, 0x3F, 0xFF, 0xFF,
    0xF8, 0x00, 0x00, 0x00, 0x00, 0x00, 0x00, 0x00, 0x00, 0x2F, 0xFF, 0xFF, 0xFF, 0xFF, 0xFF, 0xFF,
    0xFC, 0x3F, 0xFF, 0xFF, 0xFF, 0xFF, 0xFF, 0xFF, 0xFC, 0x3F, 0xFF, 0xFF, 0xFF, 0xFF, 0xFF, 0xFF,
    0xFC, 0x3F, 0xFF, 0xFF, 0xFF, 0xFF, 0xFF, 0xFF, 0xF8, 0x00, 0x00, 0x00, 0x00, 0x00, 0x00, 0x00,
    0x00, 0x2F, 0xFF, 0xFF, 0xFF, 0xFF, 0xFF, 0xFF, 0xFC, 0x3F, 0xFF, 0xFF, 0xFF, 0xFF, 0xFF, 0xFF,
    0xFC, 0x3F, 0xFF, 0xFF, 0xFF, 0xFF, 0xFF, 0xFF, 0xFC, 0x3F, 0xFF, 0xFF, 0xFF, 0xFF, 0xFF, 0xFF,
    0xF8, 0xFE, 0x00, 0x7F, 0x7F, 0x80, 0x1F, 0xDF, 0xE0, 0x07, 0xF7, 0xF8, 0x01, 0xFD, 0xFE, 0x00,
    0x7F, 0x7F, 0x80, 0x1F, 0xDF, 0xE0, 0x07, 0xF7, 0xF8, 0x01, 0xFD, 0xFE, 0x00, 0x7F, 0x7F, 0x80,
    0x1F, 0xDF, 0xE0, 0x07, 0xF7, 0xF8, 0x01, 0xFD, 0xFE, 0x00, 0x7F, 0x7F, 0x80, 0x1F, 0xDF, 0xE0,
    0x07, 0xF7, 0xF8, 0x01, 0xFD, 0xFE, 0x00, 0x7F, 0x7F, 0x80, 0x1F, 0xDF, 0xE0, 0x07, 0xF7, 0xF8,
    0x01, 0xFD, 0xFE, 0x00, 0x7F, 0x7F, 0x80, 0x1F, 0xDF, 0xE0, 0x07, 0xF7, 0xF8, 0x01, 0xFD, 0xFE,
    0x00, 0x7F, 0x7F, 0x80, 0x1F, 0xDF, 0xE0, 0x07, 0xF7, 0xF8, 0x01, 0xFD, 0xFE, 0x00, 0x7F, 0x7F,
    0x80, 0x1F, 0xDF, 0xE0, 0x07, 0xF7, 0xF8, 0x01, 0xFD, 0xFE, 0x00, 0x7F, 0x7F, 0x80, 0x1F, 0xD0,
    0x0F, 0xFF, 0xFF, 0xFC, 0x1F, 0xFF, 0xFF, 0xFC, 0x00, 0x00, 0x00, 0x00, 0x00, 0x00, 0x00, 0x00,
    0x00, 0x00, 0x00, 0x00, 0x3F, 0xFF, 0xFF, 0xF0, 0x7F, 0xFF, 0xFF, 0xF0, 0x00, 0x3F, 0x80, 0x3F,
    0xC0, 0x1F, 0xF0, 0x0F, 0xF4, 0x0B, 0xFC, 0x03, 0xFE, 0x02, 0xFF, 0x40, 0xFF, 0xC0, 0x01, 0xFF,
    0x80, 0xBF, 0xC0, 0x3F, 0xE0, 0x1F, 0xF0, 0x0F, 0xF8, 0x03, 0xFC, 0x02, 0xFD, 0x00, 0xFF, 0x00,
    0x02, 0xFF, 0x00, 0xFF, 0xC0, 0x7F, 0xD0, 0x3F, 0xF0, 0x0F, 0xF0, 0x0B, 0xF8, 0x03, 0xFC, 0x01,
    0xFD, 0x00, 0x7F, 0xC7, 0xFC, 0x3F, 0xC3, 0xFC, 0x3F, 0xC2, 0xFC, 0x1F, 0xC0, 0xFD, 0x00, 0x3F,
    0x80, 0xFF, 0x00, 0x3F, 0xC0, 0xBF, 0x40, 0x1F, 0xE0, 0x3F, 0xC0, 0x0F, 0xF4, 0x2F, 0xE0, 0x0B,
    0xFC, 0x1F, 0xF0, 0x03, 0xFE, 0x0F, 0xFC, 0x02, 0xFF, 0x07, 0xFD, 0x00, 0xFF, 0xC3, 0xFF, 0x00,
    0x01, 0xFF, 0x83, 0xFF, 0x02, 0xFF, 0x07, 0xFD, 0x03, 0xFE, 0x0F, 0xFC, 0x07, 0xFC, 0x0F, 0xF4,
    0x0F, 0xF8, 0x2F, 0xF0, 0x0F, 0xF0, 0x3F, 0xC0, 0x2F, 0xD0, 0x7F, 0x80, 0x3F, 0x80, 0xFF, 0x00,
    0x02, 0xFF, 0x07, 0xFD, 0x03, 0xFE, 0x0F, 0xFC, 0x07, 0xFC, 0x0F, 0xF8, 0x0F, 0xF8, 0x2F, 0xF0,
    0x0F, 0xF0, 0x3F, 0xD0, 0x2F, 0xE0, 0x7F, 0xC0, 0x3F, 0xC0, 0xBF, 0x40, 0x7F, 0x40, 0xFE, 0x00,
    0x7F, 0xC1, 0xFF, 0x1F, 0xF0, 0x7F, 0xC3, 0xFC, 0x0F, 0xF0, 0xFF, 0x03, 0xFC, 0x3F, 0xC0, 0xBF,
    0x4B, 0xF0, 0x1F, 0xD1, 0xFD, 0x07, 0xF4, 0x3F, 0x40, 0xFE, 0x00, 0x0B, 0xFC, 0x00, 0x00, 0x2F,
    0xE0, 0x00, 0x00, 0xFF, 0x00, 0x00, 0x03, 0xFC, 0x00, 0x00, 0x0F, 0xE0, 0x00, 0x00, 0x3F, 0x00,
    0x01, 0x50, 0xFC, 0x15, 0x0F, 0xFF, 0xFF, 0xFC, 0x7F, 0xFF, 0xFF, 0xE2, 0xFF, 0xFF, 0xFF, 0x45,
    0x53, 0xF0, 0x58, 0x00, 0x0F, 0xC0, 0x00, 0x00, 0xBE, 0x00, 0x00, 0x03, 0xF8, 0x00, 0x00, 0x0F,
    0xD0, 0x00, 0x00, 0x7F, 0x40, 0x00, 0x02, 0xFC, 0x00, 0x00, 0x0F, 0xF0, 0x00, 0x00, 0x3F, 0xC0,
    0x00, 0x01, 0xFE, 0x00, 0x00, 0x0B, 0xF8, 0x00, 0x00, 0x3F, 0xD0, 0x00, 0x00, 0xFF, 0x00, 0x00,
    0x07, 0xFC, 0x00, 0x00, 0x2F, 0xF0, 0x00, 0x00, 0xFF, 0x80, 0x00, 0x00, 0x00, 0x00, 0x7F, 0xC0,
    0x00, 0x00, 0x1F, 0xF0, 0x00, 0x00, 0x0B, 0xF4, 0x00, 0x00, 0x02, 0xFC, 0x00, 0x00, 0x00, 0xBE,
    0x00, 0x00, 0x00, 0x2F, 0x40, 0x00, 0x3F, 0xFF, 0xFF, 0xF4, 0x0F, 0xFF, 0xFF, 0xFC, 0x07, 0xFF,
    0xFF, 0xFF, 0x02, 0xEA, 0xFE, 0xAB, 0x80, 0x00, 0x3F, 0x80, 0x00, 0x00, 0x1F, 0xE0, 0x00, 0x00,
    0x0F, 0xF4, 0x00, 0x00, 0x03, 0xFC, 0x00, 0x00, 0x00, 0xFF, 0x00, 0x00, 0x00, 0x3F, 0x40, 0x00,
    0x3A, 0x9F, 0xEA, 0xB0, 0x1F, 0xFF, 0xFF, 0xFC, 0x0B, 0xFF, 0xFF, 0xFF, 0x02, 0xFF, 0xFF, 0xFF,
    0x80, 0x00, 0x3F, 0x40, 0x00, 0x00, 0x0F, 0xC0, 0x00, 0x00, 0x0B, 0xF0, 0x00, 0x00, 0x03, 0xFC,
    0x00, 0x00, 0x00, 0xFF, 0x00, 0x00, 0x00, 0xBF, 0xC0, 0x00, 0x00, 0x07, 0xFD, 0x02, 0xFF, 0xF4,
    0x3F, 0xFF, 0xCB, 0xFF, 0xFD, 0xBF, 0xFF, 0xEB, 0xFF, 0xFE, 0xBF, 0xFF, 0xEB, 0xFF, 0xFD, 0x3F,
    0xFF, 0xC2, 0xFF, 0xF4, 0x07, 0xFD, 0x00, 0x00, 0x00, 0x00, 0x08, 0x00, 0x00, 0x3C, 0x00, 0x01,
    0xFC, 0x00, 0x0B, 0xFC, 0x00, 0x3F, 0xFC, 0x00, 0xFF, 0xFC, 0x07, 0xFF, 0xFD, 0x1F, 0xFF, 0xF4,
    0xBF, 0xFD, 0x03, 0xFF, 0x40, 0x0F, 0xE0, 0x00, 0x78, 0x00, 0x01, 0x00, 0x00, 0x00, 0x07, 0xF0,
    0x7F, 0xE3, 0xFF, 0xCF, 0xFE, 0x3F, 0xF4, 0x7F, 0x40, 0x1F, 0xD0, 0x01, 0xFC, 0x3F, 0xF0, 0x07,
    0xFE, 0xBF, 0xF0, 0x0F, 0xFF, 0xBF, 0xF0, 0x0F, 0xFE, 0xBF, 0xE0, 0x0F, 0xFD, 0x3F, 0x80, 0x07,
    0xF4, 0x1F, 0xD0, 0x03, 0xF4, 0x00, 0xBE, 0x0F, 0xFC, 0x03, 0xFF, 0x00, 0xFF, 0xCB, 0xFF, 0x01,
    0xFF, 0xC0, 0x7F, 0xF6, 0xFF, 0xC0, 0xBF, 0xF0, 0x1F, 0xFC, 0xBF, 0xE0, 0x1F, 0xFC, 0x07, 0xFF,
    0x0F, 0xE0, 0x02, 0xF8, 0x00, 0xBE, 0x00, 0x0B, 0xE0, 0xFF, 0xC7, 0xFF, 0x5F, 0xFC, 0x7F, 0xF0,
    0xBE, 0x00, 0xBF, 0xFF, 0x2C, 0x00, 0x0A, 0x00, 0x02, 0x80, 0x00, 0xA0, 0x00, 0x28, 0x00, 0x0A,
    0x00, 0x02, 0x80, 0x00, 0xA0, 0x00, 0x28, 0x00, 0x0A, 0x00, 0x02, 0x80, 0x00, 0xA0, 0x00, 0x28,
    0x00, 0x0A, 0x00, 0x02, 0x80, 0x00, 0xA0, 0x00, 0x28, 0x00, 0x0A, 0x00, 0x02, 0x80, 0x00, 0xA0,
    0x00, 0x28, 0x00, 0x0A, 0x00, 0x02, 0x80, 0x00, 0xA0, 0x00, 0x00, 0x00, 0x00, 0x3F, 0xFF, 0x80,
    0x00, 0xE0, 0x00, 0x28, 0x00, 0x0A, 0x00, 0x02, 0x80, 0x00, 0xA0, 0x00, 0x28, 0x00, 0x0A, 0x00,
    0x02, 0x80, 0x00, 0xA0, 0x00, 0x28, 0x00, 0x0A, 0x00, 0x02, 0x80, 0x00, 0xA0, 0x00, 0x28, 0x00,
    0x0A, 0x00, 0x02, 0x80, 0x00, 0xA0, 0x00, 0x28, 0x00, 0x0A, 0x00, 0x02, 0x80, 0x00, 0xA0, 0x00,
    0x28, 0x00, 0x0A, 0x00, 0x02, 0x80, 0x00, 0x00, 0xFF, 0xFF, 0xFF, 0xFF, 0xFF, 0xFF, 0xFF, 0xFF,
    0xFF, 0xFF, 0xFF, 0xFF, 0xFF, 0xFF, 0x02, 0x80, 0x02, 0x80, 0x02, 0x80, 0x02, 0x80, 0x02, 0x80,
    0x02, 0x80, 0x02, 0x80, 0x02, 0x80, 0x02, 0x80, 0x02, 0x80, 0x02, 0x80, 0x02, 0x80, 0x02, 0x80,
    0x02, 0x80, 0x02, 0x80, 0x02, 0x80, 0x02, 0x80, 0x02, 0x80, 0x02, 0x80, 0x02, 0x80, 0x02, 0x80,
    0xFF, 0xFF, 0xE0, 0x00, 0xD0, 0x00, 0xD0, 0x00, 0xD0, 0x00, 0xD0, 0x00, 0xFF, 0xFF, 0x03, 0xC0,
    0x02, 0x80, 0x02, 0x80, 0x02, 0x80, 0x02, 0x80, 0x02, 0x80, 0x02, 0x80, 0x02, 0x80, 0x02, 0x80,
    0x02, 0x80, 0x02, 0x80, 0x02, 0x80, 0x02, 0x80, 0x02, 0x80, 0x02, 0x80, 0x02, 0x80, 0x02, 0x80,
    0x02, 0x80, 0x02, 0x80, 0x02, 0x80, 0x02, 0x80, 0x00, 0x00, 0xFF, 0xFF, 0x00, 0x0B, 0x00, 0x07,
    0x00, 0x07, 0x00, 0x07, 0x00, 0x07, 0xFF, 0xFF, 0x03, 0xC0, 0x02, 0x80, 0x02, 0x80, 0x02, 0x80,
    0x02, 0x80, 0x02, 0x80, 0x02, 0x80, 0x02, 0x80, 0x02, 0x80, 0x02, 0x80, 0x02, 0x80, 0x02, 0x80,
    0x02, 0x80, 0x02, 0x80, 0x02, 0x80, 0x02, 0x80, 0x02, 0x80, 0x02, 0x80, 0x02, 0x80, 0x02, 0x80,
    0x02, 0x80, 0x00, 0x00, 0x00, 0x2F, 0xE4, 0x00, 0x00, 0xFF, 0x00, 0x00, 0x00, 0x00, 0x07, 0xFF,
    0xF4, 0x00, 0x0B, 0xF0, 0x00, 0x00, 0x00, 0x00, 0x3F, 0xFF, 0xF0, 0x00, 0x7F, 0x40, 0x00, 0x00,
    0x00, 0x03, 0xFF, 0xFF, 0xC0, 0x03, 0xF8, 0x00, 0x00, 0x00, 0x00, 0x1F, 0xF8, 0xFF, 0x40, 0x3F,
    0xC0, 0x00, 0x00, 0x00, 0x00, 0xBF, 0xC2, 0xFD, 0x02, 0xFD, 0x00, 0x00, 0x00, 0x00, 0x03, 0xFD,
    0x0B, 0xF0, 0x1F, 0xE0, 0x00, 0x00, 0x00, 0x00, 0x0F, 0xF0, 0x3F, 0xC0, 0xFF, 0x00, 0x00, 0x00,
    0x00, 0x00, 0x3F, 0xC0, 0xFF, 0x0F, 0xF6, 0xFF, 0x40, 0x02, 0xFF, 0x40, 0xFF, 0x0B, 0xF4, 0xBF,
    0xBF, 0xFF, 0x40, 0x3F, 0xFF, 0x43, 0xFC, 0x7F, 0xC7, 0xFB, 0xFF, 0xFF, 0x03, 0xFF, 0xFF, 0x0B,
    0xFF, 0xFD, 0x3F, 0xEF, 0xFF, 0xFC, 0x2F, 0xFF, 0xFC, 0x0F, 0xFF, 0xD2, 0xFD, 0xFF, 0x8F, 0xF4,
    0xFF, 0x8F, 0xF4, 0x0B, 0xF8, 0x1F, 0xD7, 0xFC, 0x2F, 0xD7, 0xFC, 0x2F, 0xD0, 0x00, 0x00, 0xFE,
    0x2F, 0xE0, 0xBF, 0x6F, 0xE0, 0xBF, 0x40, 0x00, 0x0F, 0xF0, 0xFF, 0x43, 0xFC, 0xFF, 0x42, 0xFC,
    0x00, 0x00, 0xBF, 0x03, 0xFC, 0x0F, 0xF3, 0xFC, 0x0F, 0xF0, 0x00, 0x07, 0xF4, 0x0F, 0xF0, 0x3F,
    0xCF, 0xF0, 0x3F, 0xC0, 0x00, 0x3F, 0x80, 0x3F, 0xC1, 0xFE, 0x3F, 0xC1, 0xFE, 0x00, 0x03, 0xFC,
    0x00, 0xFF, 0x0F, 0xF0, 0xFF, 0x0B, 0xF0, 0x00, 0x2F, 0xD0, 0x03, 0xFC, 0x7F, 0x83, 0xFC, 0x7F,
    0xC0, 0x01, 0xFE, 0x00, 0x0B, 0xFF, 0xFC, 0x0B, 0xFF, 0xFC, 0x00, 0x0F, 0xF0, 0x00, 0x0F, 0xFF,
    0xD0, 0x0F, 0xFF, 0xD0, 0x00, 0xFF, 0x00, 0x00, 0x0B, 0xF8, 0x00, 0x0B, 0xF8, 0x00, 0x00, 0x2F,
    0xE4, 0x00, 0x00, 0xFF, 0x00, 0x00, 0x00, 0x00, 0x00, 0x00, 0x00, 0x07, 0xFF, 0xF4, 0x00, 0x0B,
    0xF0, 0x00, 0x00, 0x00, 0x00, 0x00, 0x00, 0x00, 0x3F, 0xFF, 0xF0, 0x00, 0x7F, 0x40, 0x00, 0x00,
    0x00, 0x00, 0x00, 0x00, 0x03, 0xFF, 0xFF, 0xC0, 0x03, 0xF8, 0x00, 0x00, 0x00, 0x00, 0x00, 0x00,
    0x00, 0x1F, 0xF8, 0xFF, 0x40, 0x3F, 0xC0, 0x00, 0x00, 0x00, 0x00, 0x00, 0x00, 0x00, 0xBF, 0xC2,
    0xFD, 0x02, 0xFD, 0x00, 0x00, 0x00, 0x00, 0x00, 0x00, 0x00, 0x03, 0xFD, 0x0B, 0xF0, 0x1F, 0xE0,
    0x00, 0x00, 0x00, 0x00, 0x00, 0x00, 0x00, 0x0F, 0xF0, 0x3F, 0xC0, 0xFF, 0x00, 0x00, 0x00, 0x00,
    0x00, 0x00, 0x00, 0x00, 0x3F, 0xC0, 0xFF, 0x0F, 0xF6, 0xFF, 0x40, 0x02, 0xFF, 0x40, 0x02, 0xFF,
    0x40, 0xFF, 0x0B, 0xF4, 0xBF, 0xBF, 0xFF, 0x40, 0x3F, 0xFF, 0x40, 0x3F, 0xFF, 0x43, 0xFC, 0x7F,
    0xC7, 0xFB, 0xFF, 0xFF, 0x03, 0xFF, 0xFF, 0x03, 0xFF, 0xFF, 0x0B, 0xFF, 0xFD, 0x3F, 0xEF, 0xFF,
    0xFC, 0x2F, 0xFF, 0xFC, 0x2F, 0xFF, 0xFD, 0x0F, 0xFF, 0xD2, 0xFD, 0xFF, 0x8F, 0xF4, 0xFF, 0x8F,
    0xF4, 0xFF, 0x8F, 0xF4, 0x0B, 0xF8, 0x1F, 0xD7, 0xFC, 0x2F, 0xD7, 0xFC, 0x2F, 0xD7, 0xFC, 0x2F,
    0xD0, 0x00, 0x00, 0xFE, 0x2F, 0xE0, 0xBF, 0x6F, 0xE0, 0xBF, 0x6F, 0xE0, 0xBF, 0x40, 0x00, 0x0F,
    0xF0, 0xFF, 0x43, 0xFC, 0xFF, 0x42, 0xFC, 0xFF, 0x42, 0xFD, 0x00, 0x00, 0xBF, 0x03, 0xFC, 0x0F,
    0xF3, 0xFC, 0x0F, 0xF3, 0xFC, 0x0F, 0xF0, 0x00, 0x07, 0xF4, 0x0F, 0xF0, 0x3F, 0xCF, 0xF0, 0x3F,
    0xCF, 0xF0, 0x3F, 0xC0, 0x00, 0x3F, 0x80, 0x3F, 0xC1, 0xFE, 0x3F, 0xC1, 0xFE, 0x3F, 0xC1, 0xFE,
    0x00, 0x03, 0xFC, 0x00, 0xFF, 0x0F, 0xF0, 0xFF, 0x0B, 0xF0, 0xFF, 0x0B, 0xF4, 0x00, 0x2F, 0xD0,
    0x03, 0xFC, 0x7F, 0x83, 0xFC, 0x7F, 0xC3, 0xFC, 0x7F, 0xC0, 0x01, 0xFE, 0x00, 0x0B, 0xFF, 0xFC,
    0x0B, 0xFF, 0xFC, 0x0B, 0xFF, 0xFC, 0x00, 0x0F, 0xF0, 0x00, 0x0F, 0xFF, 0xD0, 0x0F, 0xFF, 0xD0,
    0x0F, 0xFF, 0xD0, 0x00, 0xFF, 0x00, 0x00, 0x0B, 0xF8, 0x00, 0x0B, 0xF8, 0x00, 0x0B, 0xF8, 0x00,
    0x00, 0x3F, 0xC0, 0x0F, 0xF8, 0x01, 0xFF, 0x00, 0x3F, 0xC0, 0x07, 0xF8, 0x00, 0xFF, 0x00, 0x2F,
    0xC0, 0x03, 0xF8, 0x00, 0xBF, 0x00, 0x00, 0x00, 0x3F, 0xC0, 0xBF, 0xC0, 0x0F, 0xF8, 0x0F, 0xF0,
    0x01, 0xFF, 0x02, 0xFE, 0x00, 0x3F, 0xC0, 0x3F, 0xC0, 0x07, 0xF8, 0x0F, 0xF0, 0x00, 0xFF, 0x01,
    0xFE, 0x00, 0x2F, 0xC0, 0x3F, 0xC0, 0x03, 0xF8, 0x07, 0xF0, 0x00, 0xBF, 0x00, 0xFE, 0x00, 0x00,
    0x00, 0x3F, 0xC0, 0xBF, 0xC0, 0xFF, 0x80, 0x3F, 0xE0, 0x3F, 0xC0, 0x7F, 0xC0, 0x1F, 0xF0, 0x2F,
    0xE0, 0x3F, 0xC0, 0x0F, 0xF0, 0x0F, 0xF0, 0x2F, 0xE0, 0x07, 0xF8, 0x0F, 0xF0, 0x0F, 0xF0, 0x03,
    0xFC, 0x07, 0xF8, 0x0B, 0xF0, 0x02, 0xFC, 0x03, 0xFC, 0x03, 0xF8, 0x00, 0xFE, 0x01, 0xFC, 0x02,
    0xFC, 0x00, 0xBF, 0x00, 0xFE, 0x01, 0xFC, 0x00, 0x00, 0x3F, 0xD0, 0x0B, 0xF8, 0x00, 0xFF, 0x00,
    0x2F, 0xD0, 0x03, 0xFC, 0x00, 0xBF, 0x00, 0x0F, 0xE0, 0x01, 0xFC, 0x00, 0x3F, 0x40, 0x3F, 0xD0,
    0xBF, 0xC0, 0x0B, 0xF8, 0x0F, 0xF4, 0x00, 0xFF, 0x01, 0xFE, 0x00, 0x2F, 0xD0, 0x3F, 0xC0, 0x03,
    0xFC, 0x07, 0xF4, 0x00, 0xBF, 0x00, 0xFF, 0x00, 0x0F, 0xE0, 0x1F, 0xC0, 0x01, 0xFC, 0x03, 0xF8,
    0x00, 0x3F, 0x40, 0x7F, 0x00, 0x3F, 0xD0, 0xBF, 0xC0, 0xFF, 0x80, 0x2F, 0xE0, 0x3F, 0xD0, 0x7F,
    0xC0, 0x0F, 0xF0, 0x1F, 0xE0, 0x3F, 0xD0, 0x0B, 0xF4, 0x0F, 0xF0, 0x1F, 0xE0, 0x03, 0xFC, 0x07,
    0xF4, 0x0B, 0xF0, 0x02, 0xFC, 0x03, 0xFC, 0x03, 0xF8, 0x00, 0xFE, 0x01, 0xFC, 0x02, 0xFC, 0x00,
    0x7F, 0x00, 0xFE, 0x00, 0xFD, 0x00, 0x3F, 0x40, 0x7F, 0x00, 0xBE, 0x00, 0x03, 0xC0, 0x00, 0x0B,
    0xC0, 0x00, 0x1F, 0xD0, 0x00, 0x3F, 0xD0, 0x00, 0xBD, 0xE0, 0x00, 0xF4, 0xF0, 0x02, 0xF0, 0xF0,
    0x07, 0xC0, 0xF4, 0x0F, 0x80, 0xB8, 0x2F, 0x00, 0x7C, 0x3D, 0x00, 0x7C, 0x00, 0x00, 0x00, 0x00,
    0xE0, 0x00, 0x3F, 0xC0, 0x0B, 0xFE, 0x01, 0xFF, 0xC0, 0x7F, 0xF0, 0x0F, 0xFD, 0x03, 0xFF, 0x80,
    0xBF, 0xE0, 0x0B, 0xFE, 0x00, 0x3F, 0xF0, 0x02, 0xFF, 0x40, 0x1F, 0xF8, 0x00, 0xFF, 0xC0, 0x07,
    0xFD, 0x00, 0x3E, 0x00, 0x01, 0x00, 0x00, 0x00, 0x00, 0x00, 0x07, 0x80, 0x07, 0xFC, 0x00, 0x7F,
    0xD0, 0x03, 0xFF, 0x00, 0x2F, 0xF4, 0x00, 0xFF, 0xC0, 0x0F, 0xFC, 0x00, 0xBF, 0xE0, 0x1F, 0xFC,
    0x03, 0xFF, 0x00, 0xFF, 0xD0, 0x3F, 0xF4, 0x0B, 0xFE, 0x00, 0x7F, 0xC0, 0x00, 0xF0, 0x00, 0x00,
    0x00, 0x00, 0x00, 0x00, 0x02, 0xF8, 0x00, 0x00, 0x00, 0x1D, 0x00, 0x1F, 0xF4, 0x00, 0x74, 0x01,
    0xFD, 0x00, 0x7F, 0xE0, 0x07, 0xF4, 0x0B, 0xFE, 0x01, 0xFF, 0x40, 0x7F, 0xE0, 0x0B, 0xFE, 0x02,
    0xF8, 0x07, 0xFE, 0x00, 0x07, 0xFE, 0x00, 0x00, 0x7F, 0xE0, 0x00, 0x07, 0xFE, 0x00, 0x07, 0xFE,
    0x00, 0x00, 0x07, 0xFE, 0x00, 0x7F, 0xE0, 0x00, 0x00, 0x07, 0xFE, 0x07, 0xFE, 0x00, 0x00, 0x00,
    0x07, 0xFE, 0x7F, 0xE0, 0x00, 0x03, 0xF4, 0x07, 0xFF, 0xFE, 0x00, 0xFD, 0x2F, 0xF0, 0x07, 0xFF,
    0xE0, 0x0F, 0xFC, 0xFF, 0xC0, 0x0B, 0xFF, 0x00, 0x3F, 0xF2, 0xFF, 0x00, 0x7F, 0xFE, 0x00, 0xFF,
    0xC3, 0xF4, 0x07, 0xFF, 0xFD, 0x00, 0xFD, 0x00, 0x00, 0x3F, 0xE7, 0xFD, 0x00, 0x00, 0x00, 0x03,
    0xFE, 0x0B, 0xFD, 0x00, 0x00, 0x00, 0x3F, 0xF0, 0x0B, 0xFC, 0x00, 0x00, 0x03, 0xFF, 0x00, 0x0B,
    0xFC, 0x00, 0x00, 0x3F, 0xF0, 0x00, 0x0B, 0xFC, 0x00, 0x03, 0xFF, 0x00, 0x00, 0x0F, 0xFC, 0x00,
    0x2F, 0xF0, 0x0B, 0xE0, 0x0F, 0xFC, 0x02, 0xFF, 0x00, 0x7F, 0xD0, 0x0F, 0xF8, 0x03, 0xF4, 0x01,
    0xFF, 0x80, 0x0F, 0xD0, 0x03, 0x40, 0x07, 0xFD, 0x00, 0x0D, 0x00, 0x00, 0x00, 0x0B, 0xE0, 0x00,
    0x00, 0x00, 0x00, 0x3F, 0xF4, 0x0F, 0xFE, 0x00, 0x7F, 0xF0, 0x0F, 0xFD, 0x00, 0x7F, 0xF0, 0x1F,
    0xFC, 0x00, 0xBF, 0xE0, 0x1F, 0xFC, 0x00, 0xFF, 0xD0, 0x2F, 0xF8, 0x00, 0xFF, 0xC0, 0x3F, 0xF4,
    0x00, 0xFF, 0xC0, 0x3F, 0xF0, 0x01, 0xFF, 0x80, 0x3F, 0xF0, 0x01, 0xFF, 0x40, 0x7F, 0xE0, 0x02,
    0xFF, 0x00, 0xBF, 0xD0, 0x03, 0xFF, 0x00, 0xBF, 0xC0, 0x03, 0xFE, 0x00, 0xFF, 0xC0, 0x03, 0xFD,
    0x00, 0xFF, 0x80, 0x07, 0xFC, 0x00, 0xFF, 0x00, 0x0B, 0xFC, 0x01, 0xFF, 0x00, 0x0B, 0xF8, 0x02,
    0xFE, 0x00, 0x00, 0x00, 0x00, 0x00, 0x00, 0x00, 0x00, 0x00, 0x00, 0x00, 0x1F, 0xD0, 0x02, 0xF8,
    0x00, 0x3F, 0xF0, 0x0F, 0xFC, 0x00, 0x7F, 0xF0, 0x1F, 0xFD, 0x00, 0xBF, 0xF0, 0x1F, 0xFD, 0x00,
    0x7F, 0xE0, 0x1F, 0xFC, 0x00, 0x2F, 0x80, 0x0B, 0xE0, 0x00, 0x00, 0x6F, 0xF9, 0x00, 0x7F, 0xFF,
    0xFF, 0x03, 0xFF, 0xFF, 0xFE, 0x07, 0xFF, 0xFF, 0xFC, 0x0F, 0xFF, 0x1F, 0xF4, 0x03, 0xFC, 0x3F,
    0xD0, 0x1F, 0xE0, 0xFF, 0x00, 0x7F, 0x4B, 0xFC, 0x02, 0xFD, 0xBF, 0xD0, 0x0F, 0xFF, 0xFD, 0x00,
    0x3F, 0xFF, 0xD0, 0x00, 0xFF, 0xF8, 0x00, 0x07, 0xFF, 0x40, 0x00, 0x1F, 0xF0, 0x00, 0x00, 0xBF,
    0x80, 0x00, 0x01, 0x54, 0x00, 0x00, 0x00, 0x00, 0x00, 0x00, 0x00, 0x00, 0x00, 0x00, 0xBE, 0x00,
    0x00, 0x0F, 0xFD, 0x00, 0x00, 0x3F, 0xF4, 0x00, 0x01, 0xFF, 0xD0, 0x00, 0x03, 0xFF, 0x00, 0x00,
    0x07, 0xF0, 0x00, 0x00, 0x3F, 0xFF, 0xFF, 0xFD, 0x7F, 0xFF, 0xFF, 0xFC, 0xBF, 0xFF, 0xFF, 0xFC,
    0x00, 0x00, 0x00, 0x00, 0x1C, 0x00, 0x00, 0x00, 0xA7, 0x40, 0x00, 0x00, 0x78, 0xF0, 0x00, 0x00,
    0x7C, 0x2E, 0x00, 0x00, 0xBC, 0x03, 0xF9, 0x06, 0xFC, 0x00, 0x3F, 0xFF, 0xF8, 0x00, 0x01, 0xBF,
    0xE4, 0x00, 0x00, 0x00, 0x00, 0x00, 0x00, 0x00, 0x7F, 0xFD, 0x00, 0x00, 0x7F, 0xFF, 0xFC, 0x00,
    0x1F, 0xD0, 0x07, 0xF0, 0x07, 0xD0, 0x00, 0x0B, 0x80, 0xF0, 0x00, 0x00, 0x3C, 0x2C, 0x00, 0x00,
    0x01, 0xD2, 0x40, 0x00, 0x00, 0x0C, 0x00, 0x00, 0x00, 0x00, 0x00, 0x00, 0x00, 0x00, 0x1F, 0x40,
    0x00, 0x00, 0x0F, 0x80, 0x00, 0x00, 0x0B, 0xC0, 0x00, 0x00, 0x07, 0xD0, 0x00, 0x00, 0x03, 0xF0,
    0x00, 0x00, 0x02, 0xF0, 0x00, 0x00, 0x00, 0xF8, 0x00, 0x00, 0x00, 0xFC, 0x00, 0x00, 0x00, 0x7D,
    0x00, 0x00, 0x00, 0x3E, 0x00, 0x00, 0x00, 0x2F, 0x00, 0x00, 0x00, 0x1F, 0x40, 0x00, 0x00, 0x0F,
    0xC0, 0x00, 0x00, 0x0B, 0xF4, 0x00, 0x00, 0x03, 0xFE, 0x00, 0x00, 0x02, 0xF7, 0xC0, 0x00, 0x01,
    0xF4, 0xF0, 0x00, 0x00, 0xF8, 0x3D, 0x00, 0x00, 0xBC, 0x0B, 0x80, 0x00, 0x3E, 0x02, 0xF0, 0x00,
    0x3F, 0x00, 0x7C, 0x00, 0x1F, 0x40, 0x0F, 0x40, 0x00, 0x00, 0x00, 0x00, 0x00, 0x01, 0x40, 0x00,
    0x00, 0x00, 0x00, 0x00, 0x00, 0x00, 0x00, 0x2F, 0xD0, 0x00, 0x00, 0x00, 0x00, 0x00, 0x00, 0x00,
    0x03, 0xFC, 0x00, 0x00, 0x00, 0x00, 0x00, 0x00, 0x00, 0x00, 0x3F, 0xC0, 0x00, 0x00, 0x00, 0x00,
    0x00, 0x00, 0x38, 0x03, 0xF4, 0x00, 0x00, 0x00, 0x00, 0x00, 0x00, 0x07, 0xF8, 0x3F, 0x00, 0x00,
    0x00, 0x00, 0x00, 0x00, 0x00, 0xBF, 0xFB, 0xF0, 0x00, 0x00, 0x00, 0x00, 0x00, 0x00, 0x0B, 0xFF,
    0xFF, 0xFF, 0xF0, 0x00, 0x00, 0x00, 0x00, 0x00, 0x06, 0xFF, 0xFF, 0xFF, 0x00, 0x00, 0x00, 0x00,
    0x00, 0x00, 0x03, 0xFF, 0xFF, 0xF0, 0x00, 0x00, 0x00, 0x00, 0x00, 0x00, 0xFF, 0xF5, 0x6A, 0x00,
    0x00, 0x00, 0x00, 0x00, 0x00, 0x7F, 0xFF, 0xC0, 0x00, 0x00, 0x00, 0x00, 0x00, 0x00, 0x1F, 0xF5,
    0xFC, 0x00, 0x00, 0x00, 0x00, 0x00, 0x00, 0x03, 0xFF, 0x0F, 0xE0, 0x00, 0x00, 0x00, 0x00, 0x00,
    0x40, 0x0B, 0xC0, 0xFF, 0x00, 0x10, 0x00, 0x00, 0x00, 0x0F, 0xF4, 0x24, 0x0B, 0xF8, 0x07, 0xF8,
    0x00, 0x00, 0x00, 0xFF, 0x00, 0x00, 0x74, 0x00, 0xBF, 0x40, 0x00, 0x00, 0x0F, 0xF0, 0x00, 0x00,
    0x00, 0x0B, 0xF0, 0x00, 0x0E, 0x00, 0xFD, 0x00, 0x00, 0x0A, 0x00, 0xFE, 0x00, 0x01, 0xFE, 0x0F,
    0xC0, 0x00, 0x00, 0xFE, 0x0F, 0xD0, 0x00, 0x2F, 0xFE, 0xFC, 0x00, 0x00, 0x1F, 0xFE, 0xFC, 0x00,
    0x03, 0xFF, 0xFF, 0xFF, 0xFC, 0x02, 0xFF, 0xFF, 0xFF, 0xFC, 0x01, 0xBF, 0xFF, 0xFF, 0xC0, 0x01,
    0xBF, 0xFF, 0xFF, 0xC0, 0x00, 0xFF, 0xFF, 0xF8, 0x00, 0x00, 0xFF, 0xFF, 0xFC, 0x00, 0x3F, 0xFD,
    0x5B, 0x80, 0x00, 0x3F, 0xFE, 0x5A, 0xC0, 0x1F, 0xFF, 0xE0, 0x00, 0x00, 0x0F, 0xFF, 0xF0, 0x00,
    0x07, 0xFD, 0x7F, 0x00, 0x00, 0x03, 0xFE, 0x3F, 0x40, 0x00, 0xFF, 0xC3, 0xF8, 0x00, 0x00, 0xBF,
    0xC3, 0xFC, 0x00, 0x03, 0xF0, 0x3F, 0xC0, 0x00, 0x02, 0xF4, 0x2F, 0xD0, 0x00, 0x09, 0x02, 0xFD,
    0x00, 0x00, 0x06, 0x01, 0xFF, 0x00, 0x00, 0x00, 0x1D, 0x00, 0x00, 0x00, 0x00, 0x0E, 0x40, 0x00,
    0x00, 0x00, 0x00, 0x00, 0x00, 0x00, 0x00, 0x00, 0x00, 0x00, 0x00, 0x02, 0xFF, 0xFF, 0x2F, 0xFF,
    0xE3, 0xFF, 0xFD, 0x3F, 0xFF, 0xC0, 0x00, 0x00, 0x00, 0x00, 0x1F, 0xE0, 0x00, 0x00, 0x00, 0x03,
    0xFC, 0x00, 0x00, 0x00, 0x00, 0xFF, 0x00, 0x00, 0x00, 0x00, 0x2F, 0xD0, 0x00, 0x00, 0x00, 0x07,
    0xF8, 0x00, 0x00, 0x00, 0x00, 0xFF, 0x00, 0x00, 0x00, 0x00, 0x3F, 0xC0, 0x00, 0x00, 0x00, 0x0B,
    0xF4, 0x00, 0x00, 0x00, 0x01, 0xFE, 0x00, 0x00, 0x00, 0x00, 0x3F, 0xC0, 0x00, 0x00, 0x00, 0x0B,
    0xF0, 0x00, 0x00, 0x00, 0x01, 0xFD, 0x00, 0x00, 0x00, 0x00, 0x3F, 0x80, 0x00, 0x00, 0x00, 0x0F,
    0xF0, 0x00, 0x00, 0x00, 0x02, 0xFD, 0x00, 0x00, 0x00, 0x00, 0x7F, 0x80, 0x00, 0x00, 0x00, 0x0F,
    0xF0, 0x00, 0x00, 0x00, 0x03, 0xFC, 0x00, 0x00, 0x00, 0x00, 0xBF, 0x40, 0x00, 0x00, 0x00, 0x1F,
    0xE0, 0x00, 0x00, 0x00, 0x03, 0xFC, 0x00, 0x00, 0x00, 0x00, 0xFF, 0x00, 0x00, 0x00, 0x00, 0x2F,
    0xD0, 0x00, 0x00, 0x00, 0x07, 0xF8, 0x00, 0x00, 0x00, 0x00, 0x00, 0x0B, 0xFF, 0xF0, 0x00, 0x2F,
    0xFF, 0xC0, 0x00, 0xFF, 0xFF, 0x00, 0x03, 0xFF, 0xF8, 0x00, 0x1F, 0xF0, 0x00, 0x00, 0xBF, 0xC0,
    0x00, 0x02, 0xFE, 0x00, 0x00, 0x0F, 0xF4, 0x00, 0x00, 0x3F, 0xC0, 0x00, 0x01, 0xFF, 0x00, 0x00,
    0x07, 0xF8, 0x00, 0x00, 0x2F, 0xE0, 0x00, 0x00, 0xFF, 0x40, 0x00, 0x03, 0xFF, 0xF4, 0x00, 0x1F,
    0xFF, 0xC0, 0x00, 0x7F, 0xFF, 0x00, 0x02, 0xFF, 0xFC, 0x00, 0x0F, 0xF4, 0x00, 0x00, 0x3F, 0xC0,
    0x00, 0x01, 0xFF, 0x00, 0x00, 0x07, 0xF8, 0x00, 0x00, 0x2F, 0xD0, 0x00, 0x00, 0xFF, 0x40, 0x00,
    0x03, 0xFC, 0x00, 0x00, 0x1F, 0xF0, 0x00, 0x00, 0x7F, 0x80, 0x00, 0x02, 0xFD, 0x00, 0x00, 0x0F,
    0xFF, 0xE0, 0x00, 0x3F, 0xFF, 0x80, 0x01, 0xFF, 0xFD, 0x00, 0x07, 0xFF, 0xF0, 0x00, 0x00, 0x00,
    0x00, 0x00, 0x00, 0x03, 0xFF, 0xF8, 0x00, 0x1F, 0xFF, 0xD0, 0x00, 0xBF, 0xFF, 0x00, 0x02, 0xFF,
    0xFC, 0x00, 0x00, 0x1F, 0xE0, 0x00, 0x00, 0xBF, 0x80, 0x00, 0x03, 0xFD, 0x00, 0x00, 0x0F, 0xF0,
    0x00, 0x00, 0x3F, 0xC0, 0x00, 0x01, 0xFE, 0x00, 0x00, 0x0B, 0xF8, 0x00, 0x00, 0x3F, 0xD0, 0x00,
    0x00, 0xFF, 0x00, 0x03, 0xFF, 0xFC, 0x00, 0x0F, 0xFF, 0xE0, 0x00, 0x7F, 0xFF, 0x80, 0x01, 0xFF,
    0xFD, 0x00, 0x00, 0x0F, 0xF0, 0x00, 0x00, 0x7F, 0xC0, 0x00, 0x01, 0xFE, 0x00, 0x00, 0x0B, 0xF8,
    0x00, 0x00, 0x3F, 0xD0, 0x00, 0x00, 0xFF, 0x00, 0x00, 0x07, 0xFC, 0x00, 0x00, 0x2F, 0xF0, 0x00,
    0x00, 0xBF, 0x80, 0x00, 0x03, 0xFD, 0x00, 0x0B, 0xFF, 0xF0, 0x00, 0x3F, 0xFF, 0xC0, 0x00, 0xFF,
    0xFF, 0x00, 0x03, 0xFF, 0xF8, 0x00, 0x00, 0x00, 0x00, 0x00, 0x00, 0x6F, 0xF9, 0x00, 0x02, 0xFF,
    0xE0, 0x00, 0xBF, 0xFF, 0xFC, 0x07, 0xFF, 0xFF, 0xE0, 0x3F, 0xFF, 0xFF, 0xE0, 0xFF, 0xFF, 0xFF,
    0x41, 0xFF, 0xFF, 0xFF, 0x0F, 0xFF, 0xFF, 0xFC, 0x0F, 0x90, 0x7F, 0xF4, 0x7E, 0x41, 0xFF, 0xC0,
    0x40, 0x01, 0xFF, 0x41, 0x00, 0x0F, 0xFC, 0x00, 0x00, 0x2F, 0xF0, 0x00, 0x00, 0xFF, 0xC0, 0x00,
    0x03, 0xFF, 0x00, 0x00, 0x1F, 0xF8, 0x00, 0x01, 0xFF, 0xD0, 0x00, 0x0B, 0xFF, 0x00, 0x00, 0xFF,
    0xF4, 0x00, 0x07, 0xFF, 0xC0, 0x00, 0x7F, 0xFC, 0x00, 0x02, 0xFF, 0xE0, 0x00, 0x0F, 0xFE, 0x00,
    0x00, 0x7F, 0xF4, 0x00, 0x03, 0xFF, 0x40, 0x00, 0x0F, 0xFC, 0x00, 0x00, 0x3F, 0xD0, 0x00, 0x02,
    0xFF, 0x00, 0x00, 0x0B, 0xF8, 0x00, 0x00, 0x3F, 0xD0, 0x00, 0x00, 0x55, 0x00, 0x00, 0x01, 0x54,
    0x00, 0x00, 0x00, 0x00, 0x00, 0x00, 0x00, 0x00, 0x00, 0x00, 0x00, 0x00, 0x00, 0x00, 0x00, 0x00,
    0x00, 0x0F, 0xD0, 0x00, 0x00, 0x7F, 0x00, 0x00, 0x03, 0xFF, 0x00, 0x00, 0x0F, 0xFC, 0x00, 0x00,
    0x7F, 0xF4, 0x00, 0x02, 0xFF, 0xC0, 0x00, 0x07, 0xFF, 0x00, 0x00, 0x2F, 0xFC, 0x00, 0x00, 0x3F,
    0xF0, 0x00, 0x02, 0xFF, 0x80, 0x00, 0x02, 0xF8, 0x00, 0x00, 0x0B, 0xE0, 0x00, 0x00, 0x00, 0xBF,
    0xF9, 0x00, 0x0B, 0xFF, 0x07, 0xFF, 0xFF, 0xE0, 0x03, 0xFF, 0x83, 0xFF, 0xFF, 0xFE, 0x00, 0xFF,
    0xD0, 0x7F, 0xFF, 0xFF, 0xC0, 0x3F, 0xF0, 0x0F, 0xD0, 0x7F, 0xF4, 0x1F, 0xFC, 0x01, 0x00, 0x0B,
    0xFD, 0x07, 0xFE, 0x00, 0x00, 0x02, 0xFF, 0x42, 0xFF, 0x40, 0x00, 0x00, 0xFF, 0xC0, 0xFF, 0xC0,
    0x00, 0x00, 0xFF, 0xD0, 0x3F, 0xF0, 0x00, 0x02, 0xFF, 0xE0, 0x0F, 0xF8, 0x00, 0x03, 0xFF, 0xE0,
    0x07, 0xFD, 0x00, 0x03, 0xFF, 0xD0, 0x01, 0xFF, 0x00, 0x02, 0xFF, 0x80, 0x00, 0xBF, 0xC0, 0x00,
    0xFF, 0x80, 0x00, 0x3F, 0xE0, 0x00, 0x7F, 0xC0, 0x00, 0x0F, 0xF4, 0x00, 0x2F, 0xE0, 0x00, 0x03,
    0xFC, 0x00, 0x00, 0x00, 0x00, 0x00, 0x00, 0x00, 0x00, 0x00, 0x00, 0x00, 0x00, 0x00, 0x00, 0xFD,
    0x00, 0x00, 0x2F, 0x80, 0x00, 0xFF, 0xC0, 0x00, 0x2F, 0xF8, 0x00, 0x7F, 0xF4, 0x00, 0x0F, 0xFE,
    0x00, 0x1F, 0xFC, 0x00, 0x03, 0xFF, 0x80, 0x03, 0xFF, 0x00, 0x00, 0xFF, 0xC0, 0x00, 0xBE, 0x00,
    0x00, 0x1F, 0xD0, 0x00, 0x00, 0x3F, 0xF4, 0x01, 0xBF, 0xF8, 0x00, 0x07, 0xFF, 0x02, 0xFF, 0xFF,
    0xF4, 0x00, 0x7F, 0xF0, 0x7F, 0xFF, 0xFF, 0xC0, 0x0B, 0xFE, 0x03, 0xFF, 0xFF, 0xFE, 0x00, 0xFF,
    0xD0, 0x2F, 0x90, 0xBF, 0xF0, 0x0F, 0xFC, 0x00, 0x40, 0x03, 0xFF, 0x00, 0xFF, 0xC0, 0x00, 0x00,
    0x3F, 0xF0, 0x1F, 0xF8, 0x00, 0x00, 0x07, 0xFE, 0x01, 0xFF, 0x40, 0x00, 0x02, 0xFF, 0xC0, 0x2F,
    0xF0, 0x00, 0x00, 0xFF, 0xF4, 0x03, 0xFF, 0x00, 0x00, 0x7F, 0xFC, 0x00, 0x3F, 0xE0, 0x00, 0x1F,
    0xFE, 0x00, 0x03, 0xFD, 0x00, 0x03, 0xFF, 0x40, 0x00, 0x7F, 0xC0, 0x00, 0xBF, 0xC0, 0x00, 0x0B,
    0xFC, 0x00, 0x0F, 0xF4, 0x00, 0x00, 0xBF, 0x80, 0x00, 0xFF, 0x00, 0x00, 0x00, 0x00, 0x00, 0x00,
    0x00, 0x00, 0x00, 0x00, 0x00, 0x00, 0x00, 0x00, 0x00, 0x1F, 0xD0, 0x00, 0x1F, 0xC0, 0x00, 0x03,
    0xFF, 0x00, 0x07, 0xFE, 0x00, 0x00, 0x7F, 0xF0, 0x00, 0xFF, 0xF0, 0x00, 0x0B, 0xFF, 0x00, 0x0F,
    0xFE, 0x00, 0x00, 0x7F, 0xE0, 0x00, 0xBF, 0xD0, 0x00, 0x02, 0xF8, 0x00, 0x03, 0xF4, 0x00, 0x00,
    0xFF, 0xFF, 0xFF, 0xFF, 0x7F, 0xFF, 0xFF, 0xFF, 0xDF, 0xFF, 0xFF, 0xFF, 0xF7, 0xFF, 0xFF, 0xFF,
    0xFC, 0x00, 0x00, 0x03, 0xFD, 0x00, 0x00, 0x01, 0xFF, 0x00, 0x00, 0x00, 0xFF, 0x00, 0x00, 0x00,
    0xBF, 0x80, 0x00, 0x00, 0x7F, 0xC0, 0x00, 0x00, 0x3F, 0xE0, 0x00, 0x00, 0x1F, 0xF0, 0x00, 0x00,
    0x0F, 0xF4, 0x00, 0x00, 0x0B, 0xFC, 0x00, 0x00, 0x07, 0xFD, 0x00, 0x00, 0x03, 0xFF, 0x00, 0x00,
    0x01, 0xFF, 0x00, 0x00, 0x00, 0xFF, 0x80, 0x00, 0x00, 0xBF, 0xC0, 0x00, 0x00, 0x7F, 0xE0, 0x00,
    0x00, 0xBF, 0xFF, 0xFF, 0x90, 0x0B, 0xFF, 0xFF, 0xFF, 0xC0, 0xBF, 0xFF, 0xFF, 0xFF, 0x0B, 0xC1,
    0xFF, 0xFF, 0xF8, 0xBC, 0x1F, 0xFF, 0xFF, 0xCB, 0xC1, 0xFF, 0xFF, 0xFD, 0xBC, 0x1F, 0xFF, 0xFF,
    0xDB, 0xC1, 0xFF, 0xFF, 0xFE, 0xBC, 0x1F, 0xFF, 0xFF, 0xEB, 0xC1, 0xFF, 0xFF, 0xFD, 0xBC, 0x1F,
    0xFF, 0xFF, 0xDB, 0xC1, 0xFF, 0xFF, 0xFC, 0xBC, 0x1F, 0xFF, 0xFF, 0xCB, 0xC1, 0xFF, 0xFF, 0xF8,
    0xBC, 0x1F, 0xFF, 0xFF, 0x0B, 0xC1, 0xFF, 0xFF, 0x80, 0xBC, 0x1F, 0xAA, 0x40, 0x0B, 0xC1, 0xF4,
    0x00, 0x00, 0xBC, 0x1F, 0x40, 0x00, 0x0B, 0xC1, 0xF4, 0x00, 0x00, 0xBC, 0x1F, 0x40, 0x00, 0x0B,
    0xC1, 0xF4, 0x00, 0x00, 0xBC, 0x1F, 0x40, 0x00, 0x0B, 0xC1, 0xF4, 0x00, 0x00, 0xBC, 0x1F, 0x40,
    0x00, 0x0B, 0xC1, 0xF4, 0x00, 0x00, 0xBC, 0x1F, 0x40, 0x00, 0x0B, 0xC1, 0xF4, 0x00, 0x00, 0xBC,
    0x1F, 0x40, 0x00, 0x0B, 0xC1, 0xF4, 0x00, 0x00, 0x00, 0x6F, 0xFF, 0xFF, 0xF0, 0x2F, 0xFF, 0xFF,
    0xFF, 0x0B, 0xFF, 0xFF, 0xFF, 0xF1, 0xFF, 0xFF, 0xF4, 0x2F, 0x2F, 0xFF, 0xFF, 0x42, 0xF3, 0xFF,
    0xFF, 0xF4, 0x2F, 0x3F, 0xFF, 0xFF, 0x42, 0xF3, 0xFF, 0xFF, 0xF4, 0x2F, 0x7F, 0xFF, 0xFF, 0x42,
    0xF3, 0xFF, 0xFF, 0xF4, 0x2F, 0x3F, 0xFF, 0xFF, 0x42, 0xF3, 0xFF, 0xFF, 0xF4, 0x2F, 0x3F, 0xFF,
    0xFF, 0x42, 0xF1, 0xFF, 0xFF, 0xF4, 0x2F, 0x0F, 0xFF, 0xFF, 0xFF, 0xF0, 0x3F, 0xFF, 0xFF, 0xFF,
    0x00, 0x6F, 0xFF, 0xFF, 0xF0, 0xBF, 0xFF, 0xFF, 0xD0, 0x0B, 0xFF, 0xFF, 0xFF, 0xD0, 0xBF, 0xFF,
    0xFF, 0xFF, 0x0B, 0xC0, 0xFF, 0xFF, 0xF8, 0xBC, 0x0F, 0xFF, 0xFF, 0xCB, 0xC0, 0xFF, 0xFF, 0xFD,
    0xBC, 0x0F, 0xFF, 0xFF, 0xEB, 0xC0, 0xFF, 0xFF, 0xFE, 0xBC, 0x0F, 0xFF, 0xFF, 0xEB, 0xC0, 0xFF,
    0xFF, 0xFE, 0xBC, 0x0F, 0xFF, 0xFF, 0xEB, 0xC0, 0xFF, 0xFF, 0xFD, 0xBC, 0x0F, 0xFF, 0xFF, 0xCB,
    0xC0, 0xFF, 0xFF, 0xFC, 0xBF, 0xFF, 0xFF, 0xFF, 0x4B, 0xFF, 0xFF, 0xFF, 0xD0, 0xBF, 0xFF, 0xFF,
    0xE0, 0x00, 0x00, 0x00, 0x40, 0x00, 0x00, 0x00, 0x7F, 0x80, 0x00, 0x00, 0x1F, 0xD0, 0x00, 0x00,
    0x0B, 0xF0, 0x00, 0x2D, 0x02, 0xFC, 0x00, 0x0F, 0xF0, 0xFD, 0x00, 0x07, 0xFF, 0xBF, 0x00, 0x01,
    0xFF, 0xFF, 0xFF, 0xFC, 0x06, 0xFF, 0xFF, 0xFF, 0x00, 0x0F, 0xFF, 0xFF, 0xC0, 0x0F, 0xFF, 0x96,
    0xB0, 0x0F, 0xFF, 0xF0, 0x00, 0x0F, 0xFC, 0xFE, 0x00, 0x0B, 0xFC, 0x3F, 0xC0, 0x00, 0x7D, 0x0B,
    0xF4, 0x00, 0x06, 0x01, 0xFF, 0x00, 0x00, 0x00, 0x39, 0x00, 0x00, 0x00, 0x00, 0x00, 0x00, 0x00,
    0xFD, 0x00, 0xFF, 0xC0, 0x7F, 0xF0, 0x2F, 0xFC, 0x07, 0xFE, 0x00, 0xBE, 0x00, 0x00, 0x00, 0x00,
    0x00, 0x00, 0x00, 0x00, 0x00, 0x00, 0x00, 0x00, 0x00, 0x00, 0x00, 0x00, 0x00, 0x00, 0x00, 0x00,
    0x00, 0x00, 0x00, 0xFF, 0x80, 0x3F, 0xE0, 0x0B, 0xF8, 0x02, 0xFE, 0x00, 0xBF, 0x80, 0x1F, 0xE0,
    0x03, 0xF4, 0x00, 0xFD, 0x00, 0x00, 0x00, 0x00, 0x00, 0x00, 0x00, 0x00, 0x00, 0x7F, 0xFD, 0x00,
    0x00, 0x00, 0x7F, 0xFF, 0xFC, 0x00, 0x00, 0x1F, 0xD0, 0x07, 0xF0, 0x00, 0x07, 0xD0, 0x00, 0x0B,
    0x80, 0x00, 0xF0, 0x00, 0x00, 0x3C, 0x00, 0x2C, 0x00, 0x00, 0x01, 0xD0, 0x02, 0x40, 0x00, 0x00,
    0x0C, 0x00, 0x00, 0x00, 0x00, 0x00, 0x00, 0x00, 0x00, 0x00, 0x00, 0x00, 0x00, 0x00, 0x00, 0x00,
    0x00, 0x00, 0x00, 0x00, 0x00, 0x00, 0x00, 0x00, 0x00, 0x00, 0x00, 0x00, 0x00, 0x00, 0x00, 0x00,
    0x00, 0x00, 0x00, 0x00, 0x00, 0x00, 0x00, 0x00, 0x00, 0x00, 0x00, 0x00, 0x00, 0x00, 0x00, 0x00,
    0x00, 0x00, 0x00, 0x00, 0x00, 0x00, 0x00, 0x00, 0x00, 0x00, 0x00, 0x00, 0x00, 0x00, 0x00, 0x00,
    0x00, 0x00, 0x00, 0x00, 0x00, 0x00, 0x00, 0x00, 0x00, 0x00, 0x00, 0x00, 0x00, 0x00, 0x00, 0x00,
    0x00, 0x00, 0x00, 0x00, 0x00, 0x00, 0x00, 0x00, 0x00, 0x00, 0x00, 0x00, 0x00, 0x00, 0x00, 0x00,
    0x00, 0x00, 0x00, 0x00, 0x00, 0x00, 0x00, 0x00, 0x00, 0x00, 0x00, 0x00, 0x00, 0x00, 0x00, 0x00,
    0x00, 0x00, 0x00, 0x00, 0x07, 0x00, 0x00, 0x00, 0x28, 0x00, 0x74, 0x00, 0x00, 0x07, 0x80, 0x03,
    0xC0, 0x00, 0x01, 0xF0, 0x00, 0x2E, 0x00, 0x00, 0xBC, 0x00, 0x00, 0xFE, 0x41, 0xBF, 0x00, 0x00,
    0x03, 0xFF, 0xFF, 0x80, 0x00, 0x00, 0x06, 0xFF, 0x90, 0x00, 0x00, 0x00, 0x00, 0x01, 0x40, 0x00,
    0x00, 0x00, 0x03, 0xFD, 0x00, 0x00, 0x00, 0x03, 0xFC, 0x00, 0x00, 0x00, 0x03, 0xF8, 0x00, 0x00,
    0x38, 0x03, 0xF4, 0x00, 0x00, 0x7F, 0x83, 0xF0, 0x00, 0x00, 0xFF, 0xFB, 0xE0, 0x00, 0x00, 0xFF,
    0xFF, 0xFF, 0xFF, 0x00, 0x06, 0xFF, 0xFF, 0xFE, 0x00, 0x00, 0x7F, 0xFF, 0xFE, 0x00, 0x01, 0xFF,
    0xF5, 0x69, 0x00, 0x07, 0xFF, 0xF8, 0x00, 0x00, 0x1F, 0xF5, 0xFC, 0x00, 0x00, 0x3F, 0xE0, 0xFE,
    0x00, 0x00, 0x0B, 0xC0, 0xFF, 0x00, 0x00, 0x02, 0x40, 0xBF, 0x40, 0x00, 0x00, 0x00, 0x64, 0x00,
    0x00, 0x00, 0x40, 0x00, 0x00, 0x00, 0x01, 0xFE, 0x00, 0x00, 0x00, 0x01, 0xFE, 0x00, 0x00, 0x00,
    0x02, 0xFC, 0x00, 0x00, 0x2D, 0x02, 0xFC, 0x00, 0x00, 0x3F, 0xD2, 0xF8, 0x00, 0x00, 0x7F, 0xFB,
    0xF0, 0x00, 0x00, 0x7F, 0xFF, 0xFF, 0xFF, 0x40, 0x06, 0xFF, 0xFF, 0xFF, 0x00, 0x00, 0x2F, 0xFF,
    0xFF, 0x00, 0x00, 0xBF, 0xFD, 0x6B, 0x00, 0x03, 0xFF, 0xFC, 0x00, 0x00, 0x0F, 0xFC, 0xFE, 0x00,
    0x00, 0x1F, 0xF0, 0xBF, 0x00, 0x00, 0x07, 0xE0, 0x7F, 0x80, 0x00, 0x01, 0xC0, 0x3F, 0xC0, 0x00,
    0x00, 0x00, 0x39, 0x00, 0x00, 0x00, 0x00, 0x00, 0x00, 0x00, 0x2F, 0x80, 0x0F, 0xFB, 0xFD, 0x02,
    0xFD, 0xFF, 0xE0, 0x3F, 0xCF, 0xFE, 0x07, 0xF8, 0xBF, 0xD0, 0xFF, 0x02, 0xF8, 0x1F, 0xE0, 0x00,
    0x02, 0xFD, 0x00, 0x00, 0x3F, 0xC0, 0x00, 0x0B, 0xF4, 0x00, 0x00, 0xFF, 0x00, 0x00, 0x1F, 0xE0,
    0x00, 0x03, 0xFC, 0x00, 0x00, 0x3F, 0xC0, 0x00, 0x0B, 0xF4, 0x00, 0x00, 0xFF, 0x00, 0x00, 0x1F,
    0xE0, 0x00, 0x03, 0xFC, 0x00, 0x00, 0x3F, 0x80, 0x00, 0x0B, 0xF4, 0x2F, 0x80, 0xFF, 0x07, 0xFE,
    0x1F, 0xE0, 0xBF, 0xF3, 0xFC, 0x0B, 0xFF, 0x7F, 0x80, 0x7F, 0xEB, 0xF4, 0x01, 0xF8, 0x00, 0x2F,
    0xFE, 0x50, 0x00, 0x00, 0x00, 0x7C, 0x02, 0xFF, 0xFF, 0xFF, 0x90, 0x00, 0x00, 0xFC, 0x0B, 0xFF,
    0xFF, 0xFF, 0xFF, 0x94, 0x07, 0xFC, 0x1F, 0xFF, 0xFF, 0xFF, 0xFF, 0xFF, 0xFF, 0xF4, 0x3F, 0xD0,
    0x16, 0xFF, 0xFF, 0xFF, 0xFF, 0xE0, 0x3F, 0x00, 0x00, 0x06, 0xFF, 0xFF, 0xFF, 0x80, 0x29, 0x00,
    0x00, 0x00, 0x05, 0xBF, 0xF8, 0x00, 0x00, 0x00, 0x00, 0x00, 0x00, 0x07, 0xFF, 0xE0, 0x00, 0x0F,
    0xFF, 0xFF, 0x40, 0x0F, 0xE0, 0x06, 0xF0, 0x0F, 0x80, 0x00, 0x1F, 0x0F, 0x40, 0x00, 0x02, 0xD7,
    0x40, 0x00, 0x00, 0x39, 0x80, 0x00, 0x00, 0x09, 0x00, 0x00, 0x00, 0x00, 0x00, 0x00, 0x00, 0xFC,
    0x00, 0x00, 0x00, 0x03, 0xF0, 0x00, 0x00, 0x2C, 0x0F, 0xC1, 0xD0, 0x01, 0xFC, 0x3F, 0x1F, 0xC0,
    0x0B, 0xFD, 0xFC, 0xFF, 0x40, 0x0B, 0xFF, 0xFF, 0xF4, 0x00, 0x0F, 0xFF, 0xFF, 0x80, 0x00, 0x0F,
    0xFF, 0xF8, 0x00, 0x7F, 0xFF, 0xFF, 0xFF, 0xF1, 0xFF, 0xFF, 0xFF, 0xFF, 0xC7, 0xFF, 0xFF, 0xFF,
    0xFF, 0x00, 0x0F, 0xFF, 0xF8, 0x00, 0x00, 0xFF, 0xFF, 0xF8, 0x00, 0x0F, 0xFB, 0xFB, 0xF8, 0x00,
    0xBF, 0x4F, 0xCB, 0xF4, 0x00, 0xB4, 0x3F, 0x0B, 0x80, 0x00, 0x40, 0xFC, 0x04, 0x00, 0x00, 0x03,
    0xF0, 0x00, 0x00, 0x00, 0x00, 0x02, 0xF8, 0x00, 0x00, 0x0B, 0xFE, 0x00, 0x00, 0x0B, 0xFF, 0x00,
    0x00, 0x0B, 0xFE, 0x00, 0x00, 0x02, 0xF8, 0x00, 0x00, 0x00, 0x00, 0x00, 0x00, 0x00, 0x00, 0x00,
    0x00, 0x00, 0x00, 0x1F, 0xD0, 0x00, 0x00, 0x3F, 0xF0, 0x00, 0x00, 0x3F, 0xF4, 0x00, 0x00, 0x3F,
    0xF4, 0x00, 0x00, 0x3F, 0xF0, 0x00, 0x00, 0x0F, 0xD0, 0x00, 0x00, 0x00, 0x00, 0x00, 0x00, 0x00,
    0x00, 0x00, 0x00, 0x00, 0x00, 0x00, 0x00, 0x00, 0x00, 0x00, 0x00, 0x00, 0x00, 0x02, 0xF8, 0x00,
    0x00, 0x07, 0xFE, 0x00, 0x00, 0x0B, 0xFF, 0x00, 0x00, 0x0B, 0xFF, 0x00, 0x00, 0x07, 0xFE, 0x00,
    0x00, 0x02, 0xF8, 0x00, 0x3F, 0xC2, 0xFF, 0x0F, 0xF8, 0x3F, 0xD0, 0x0F, 0xF8, 0x3F, 0xC1, 0xFF,
    0x0F, 0xF8, 0x01, 0xFF, 0x0B, 0xF8, 0x3F, 0xD1, 0xFF, 0x00, 0x3F, 0xC0, 0xFF, 0x0B, 0xF8, 0x3F,
    0xD0, 0x07, 0xF8, 0x3F, 0xC0, 0xFF, 0x07, 0xF8, 0x00, 0xFF, 0x07, 0xF8, 0x2F, 0xC0, 0xFF, 0x00,
    0x2F, 0xC0, 0xFF, 0x03, 0xF8, 0x2F, 0xC0, 0x03, 0xF8, 0x1F, 0xC0, 0xBF, 0x03, 0xF8, 0x00, 0xBF,
    0x03, 0xF8, 0x1F, 0xC0, 0xBF, 0x00, 0x00, 0x00, 0x00, 0x02, 0xF8, 0x00, 0x00, 0x00, 0x00, 0x00,
    0xBF, 0xE0, 0x00, 0x00, 0x00, 0x00, 0x0B, 0xFF, 0x00, 0x00, 0x00, 0x00, 0x00, 0xBF, 0xE0, 0x00,
    0x00, 0x00, 0x00, 0x02, 0xF8, 0x00, 0x00, 0x00, 0x00, 0x00, 0x00, 0x00, 0x00, 0x00, 0x00, 0x00,
    0x00, 0x00, 0x00, 0x00, 0x00, 0x00, 0x00, 0x00, 0x00, 0x00, 0x00, 0x1F, 0xD0, 0x00, 0x00, 0x00,
    0x2F, 0x43, 0xFF, 0x00, 0x00, 0x00, 0x0F, 0xFD, 0x3F, 0xF4, 0x00, 0x00, 0x00, 0xFF, 0xE3, 0xFF,
    0x40, 0x00, 0x00, 0x0F, 0xFE, 0x3F, 0xF0, 0x00, 0x00, 0x00, 0xFF, 0xD0, 0xFD, 0x00, 0x00, 0x00,
    0x02, 0xF4, 0x00, 0x00, 0x00, 0x00, 0x00, 0x00, 0x00, 0x00, 0x00, 0x00, 0x00, 0x00, 0x00, 0x00,
    0x00, 0x00, 0x00, 0x00, 0x00, 0x00, 0x00, 0x00, 0x00, 0x00, 0x00, 0x00, 0x00, 0x00, 0x02, 0xF8,
    0x00, 0x00, 0x00, 0x00, 0x00, 0x7F, 0xE0, 0x00, 0x00, 0x00, 0x00, 0x0B, 0xFF, 0x00, 0x00, 0x00,
    0x00, 0x00, 0xBF, 0xF0, 0x00, 0x00, 0x00, 0x00, 0x07, 0xFE, 0x00, 0x00, 0x00, 0x00, 0x00, 0x2F,
    0x80, 0x00, 0x00, 0x1F, 0xD0, 0x00, 0x00, 0x00, 0x3F, 0x83, 0xFF, 0x00, 0x00, 0x00, 0x0F, 0xFD,
    0x3F, 0xF4, 0x00, 0x00, 0x00, 0xFF, 0xE3, 0xFF, 0x00, 0x00, 0x00, 0x0F, 0xFD, 0x1F, 0xD0, 0x00,
    0x00, 0x00, 0x3F, 0x80, 0x00, 0x00, 0x00, 0x00, 0x00, 0x00, 0x00, 0x00, 0x00, 0x00, 0x00, 0x00,
    0x00, 0x00, 0x00, 0x00, 0x00, 0x00, 0x00, 0x00, 0x00, 0x00, 0x00, 0x00, 0x00, 0x00, 0x00, 0x00,
    0x2F, 0xC0, 0x00, 0x00, 0x00, 0x00, 0x0B, 0xFF, 0x00, 0x00, 0x00, 0x00, 0x00, 0xBF, 0xF0, 0x00,
    0x00, 0x00, 0x00, 0x0B, 0xFF, 0x00, 0x00, 0x00, 0x00, 0x00, 0x2F, 0x80, 0x00, 0x00, 0x00, 0x00,
    0x00, 0x00, 0x00, 0x00, 0x00, 0x00, 0x00, 0x00, 0x00, 0x00, 0x00, 0x00, 0x00, 0x00, 0x00, 0x00,
    0x00, 0x00, 0x00, 0x00, 0x00, 0x00, 0x00, 0x00, 0x1F, 0xD0, 0x00, 0x00, 0x00, 0x3F, 0x43, 0xFF,
    0x00, 0x00, 0x00, 0x0F, 0xFD, 0x3F, 0xF4, 0x00, 0x00, 0x00, 0xFF, 0xD3, 0xFF, 0x40, 0x00, 0x00,
    0x0F, 0xFD, 0x3F, 0xF0, 0x00, 0x00, 0x00, 0xFF, 0xC0, 0xFD, 0x00, 0x00, 0x00, 0x03, 0xF4, 0x0F,
    0xD0, 0xFF, 0xC3, 0xFF, 0x4F, 0xFD, 0x3F, 0xF0, 0x3F, 0x40, 0x00, 0x00, 0x00, 0x00, 0x00, 0x00,
    0x00, 0x00, 0x00, 0x00, 0x00, 0x00, 0x00, 0x00, 0x00, 0x00, 0x00, 0x00, 0x00, 0x00, 0x00, 0xFD,
    0x0F, 0xFC, 0x3F, 0xF4, 0xFF, 0xD3, 0xFF, 0x03, 0xF4, 0x00, 0x00, 0x2F, 0x80, 0x00, 0x00, 0x00,
    0x0B, 0xFD, 0x00, 0x00, 0x00, 0x00, 0xFF, 0xE0, 0x00, 0x00, 0x00, 0x0F, 0xFE, 0x00, 0x00, 0x00,
    0x00, 0xBF, 0xD0, 0x00, 0x00, 0x00, 0x02, 0xF8, 0x00, 0x00, 0x00, 0x00, 0x00, 0x00, 0x00, 0x00,
    0x00, 0x00, 0x00, 0x00, 0x00, 0x00, 0x00, 0x00, 0x00, 0x00, 0x00, 0x00, 0x00, 0x00, 0x00, 0x00,
    0x0F, 0xD0, 0x00, 0x00, 0x7E, 0x03, 0xFF, 0x00, 0x00, 0x1F, 0xFC, 0x3F, 0xF4, 0x00, 0x02, 0xFF,
    0xC3, 0xFF, 0x40, 0x00, 0x2F, 0xFC, 0x3F, 0xF0, 0x00, 0x01, 0xFF, 0xC0, 0xFD, 0x00, 0x00, 0x07,
    0xE0, 0x00, 0x00, 0x00, 0x00, 0x00, 0x00, 0x00, 0x00, 0x00, 0x00, 0x00, 0x00, 0x00, 0x00, 0x00,
    0x00, 0x00, 0x00, 0x00, 0x00, 0x00, 0x00, 0x00, 0x00, 0x00, 0x00, 0x00, 0x00, 0x00, 0x02, 0xF8,
    0x00, 0x00, 0x00, 0x00, 0xBF, 0xD0, 0x00, 0x00, 0x00, 0x0F, 0xFE, 0x00, 0x00, 0x00, 0x00, 0xFF,
    0xE0, 0x00, 0x00, 0x00, 0x0B, 0xFD, 0x00, 0x00, 0x00, 0x00, 0x2F, 0x80, 0x00, 0x00, 0x00, 0x00,
    0x00, 0xFE, 0x00, 0x00, 0x00, 0x00, 0x00, 0x03, 0xF8, 0x00, 0x00, 0x00, 0x0B, 0xE0, 0x0F, 0xE0,
    0x0B, 0xE0, 0x00, 0xBF, 0xD0, 0x3F, 0x80, 0xBF, 0xD0, 0x03, 0xFF, 0x80, 0xFE, 0x03, 0xFF, 0x80,
    0x0F, 0xFE, 0x03, 0xF8, 0x0F, 0xFE, 0x00, 0x2F, 0xF4, 0x0F, 0xE0, 0x2F, 0xF4, 0x00, 0x2F, 0x80,
    0x3F, 0x80, 0x2F, 0x80, 0x00, 0x00, 0x00, 0xFE, 0x00, 0x00, 0x00, 0x00, 0x00, 0x03, 0xF8, 0x00,
    0x00, 0x00, 0x00, 0x00, 0x0F, 0xE0, 0x00, 0x00, 0x0F, 0xFF, 0xFF, 0xFF, 0xFF, 0xFF, 0xFE, 0x3F,
    0xFF, 0xFF, 0xFF, 0xFF, 0xFF, 0xF8, 0xFF, 0xFF, 0xFF, 0xFF, 0xFF, 0xFF, 0xE3, 0xFF, 0xFF, 0xFF,
    0xFF, 0xFF, 0xFF, 0x80, 0x00, 0x00, 0x3F, 0x80, 0x00, 0x00, 0x00, 0x00, 0x00, 0xFE, 0x00, 0x00,
    0x00, 0x00, 0x00, 0x03, 0xF8, 0x00, 0x00, 0x00, 0x0B, 0xE0, 0x0F, 0xE0, 0x0F, 0xD0, 0x00, 0xBF,
    0xD0, 0x3F, 0x80, 0xFF, 0xD0, 0x03, 0xFF, 0x80, 0xFE, 0x03, 0xFF, 0x40, 0x0F, 0xFE, 0x03, 0xF8,
    0x0F, 0xFD, 0x00, 0x2F, 0xF4, 0x0F, 0xE0, 0x3F, 0xF4, 0x00, 0x2F, 0x80, 0x3F, 0x80, 0x2F, 0x40,
    0x00, 0x00, 0x00, 0xFE, 0x00, 0x00, 0x00, 0x00, 0x00, 0x03, 0xF8, 0x00, 0x00, 0x00, 0x0B, 0xE0,
    0xFF, 0xD3, 0xFF, 0x8F, 0xFE, 0x2F, 0xF4, 0x2F, 0x80, 0x00, 0x00, 0x00, 0x00, 0x00, 0x00, 0x00,
    0xBE, 0x0B, 0xFD, 0x3F, 0xF8, 0xFF, 0xE2, 0xFF, 0x42, 0xF8, 0x00, 0x00, 0x00, 0x00, 0x00, 0x00,
    0x00, 0x0B, 0xE0, 0xFF, 0xD3, 0xFF, 0x8F, 0xFE, 0x3F, 0xF4, 0x2F, 0x80, 0x2F, 0xCB, 0xFF, 0xBF,
    0xFB, 0xFF, 0x2F, 0xC2, 0xFC, 0xBF, 0xFB, 0xFF, 0xBF, 0xF2, 0xFC, 0x00, 0x00, 0x00, 0x2F, 0xCB,
    0xFF, 0xBF, 0xFB, 0xFF, 0x2F, 0xC0, 0x00, 0x00, 0x02, 0xFC, 0xBF, 0xFB, 0xFF, 0xBF, 0xF2, 0xFC,
    0xFF, 0xFF, 0x03, 0xC0, 0x02, 0x80, 0x02, 0x80, 0x02, 0x80, 0x02, 0x80, 0xFF, 0xFF, 0x03, 0xC0,
    0x02, 0x80, 0x02, 0x80, 0x02, 0x80, 0x02, 0x80, 0x02, 0x80, 0x02, 0x80, 0x02, 0x80, 0x02, 0x80,
    0x02, 0x80, 0x02, 0x80, 0x02, 0x80, 0x02, 0x80, 0x02, 0x80, 0x02, 0x80, 0x02, 0x80, 0x02, 0x80,
    0x02, 0x80, 0x02, 0x80, 0x02, 0x80, 0x02, 0x80, 0x00, 0x00, 0xFF, 0xFF, 0xE0, 0x0B, 0xD0, 0x07,
    0xD0, 0x07, 0xD0, 0x07, 0xD0, 0x07, 0xFF, 0xFF, 0x03, 0xC0, 0x02, 0x80, 0x02, 0x80, 0x02, 0x80,
    0x02, 0x80, 0x02, 0x80, 0x02, 0x80, 0x02, 0x80, 0x02, 0x80, 0x02, 0x80, 0x02, 0x80, 0x02, 0x80,
    0x02, 0x80, 0x02, 0x80, 0x02, 0x80, 0x02, 0x80, 0x02, 0x80, 0x02, 0x80, 0x02, 0x80, 0x02, 0x80,
    0x02, 0x80, 0x00, 0x00, 0xBF, 0xFE, 0x3F, 0xFC, 0x2F, 0xF8, 0x0F, 0xF0, 0x0B, 0xE0, 0x03, 0xC0,
    0x02, 0x80, 0x02, 0x80, 0x02, 0x80, 0x02, 0x80, 0x02, 0x80, 0x02, 0x80, 0x02, 0x80, 0x02, 0x80,
    0x02, 0x80, 0x02, 0x80, 0x02, 0x80, 0x02, 0x80, 0x02, 0x80, 0x02, 0x80, 0x02, 0x80, 0x02, 0x80,
    0x02, 0x80, 0x02, 0x80, 0x02, 0x80, 0x02, 0x80, 0x02, 0x80, 0x02, 0x80, 0x00, 0x00, 0x01, 0x40,
    0x03, 0xC0, 0x0B, 0xE0, 0x0F, 0xF0, 0x2F, 0xF8, 0x3F, 0xFC, 0xBF, 0xFE, 0x02, 0x80, 0x02, 0x80,
    0x02, 0x80, 0x02, 0x80, 0x02, 0x80, 0x02, 0x80, 0x02, 0x80, 0x02, 0x80, 0x02, 0x80, 0x02, 0x80,
    0x02, 0x80, 0x02, 0x80, 0x02, 0x80, 0x02, 0x80, 0x02, 0x80, 0x02, 0x80, 0x02, 0x80, 0x02, 0x80,
    0x02, 0x80, 0x02, 0x80, 0x02, 0x80, 0x00, 0x00, 0x02, 0x80, 0x0B, 0xE0, 0x3C, 0x3C, 0xB0, 0x0E,
    0x3C, 0x3C, 0x0F, 0xF0, 0x03, 0xC0, 0x02, 0x80, 0x02, 0x80, 0x02, 0x80, 0x02, 0x80, 0x02, 0x80,
    0x02, 0x80, 0x02, 0x80, 0x02, 0x80, 0x02, 0x80, 0x02, 0x80, 0x02, 0x80, 0x02, 0x80, 0x02, 0x80,
    0x02, 0x80, 0x02, 0x80, 0x02, 0x80, 0x02, 0x80, 0x02, 0x80, 0x02, 0x80, 0x02, 0x80, 0x02, 0x80,
    0xFF, 0x80, 0x03, 0x80, 0x02, 0x80, 0x02, 0x80, 0x02, 0x80, 0x02, 0x80, 0xFF, 0xFF, 0x03, 0xC0,
    0x02, 0x80, 0x02, 0x80, 0x02, 0x80, 0x02, 0x80, 0x02, 0x80, 0x02, 0x80, 0x02, 0x80, 0x02, 0x80,
    0x02, 0x80, 0x02, 0x80, 0x02, 0x80, 0x02, 0x80, 0x02, 0x80, 0x02, 0x80, 0x02, 0x80, 0x02, 0x80,
    0x02, 0x80, 0x02, 0x80, 0x02, 0x80, 0x02, 0x80, 0x00, 0x00, 0x00, 0xBF, 0xD0, 0x03, 0xFF, 0xF8,
    0x0F, 0xFF, 0xFC, 0x2F, 0xF7, 0xFD, 0x3F, 0xD1, 0xFE, 0x7F, 0xC1, 0xFE, 0xBF, 0x82, 0xFE, 0xBF,
    0x42, 0xFD, 0xFF, 0x03, 0xFC, 0xFF, 0x03, 0xFC, 0xFF, 0x0B, 0xF8, 0xFF, 0xAF, 0xF0, 0x7F, 0xFF,
    0xE0, 0x3F, 0xFF, 0x80, 0x0B, 0xF9, 0x00, 0x00, 0xF8, 0x0B, 0xF0, 0x05, 0x00, 0x00, 0x07, 0xF0,
    0x1F, 0xC0, 0xBE, 0x03, 0xF4, 0x0F, 0xC0, 0x7F, 0x02, 0xF8, 0x0F, 0xD0, 0x3F, 0x01, 0xFC, 0x0B,
    0xE0, 0x00, 0x00, 0x00, 0xBF, 0xC0, 0x00, 0x1F, 0xFC, 0x00, 0x03, 0xFF, 0x80, 0x00, 0xFF, 0xF4,
    0x00, 0x3F, 0xFF, 0x00, 0x0B, 0xEF, 0xF0, 0x02, 0xF8, 0xFE, 0x00, 0x7F, 0x1F, 0xE0, 0x1F, 0xC2,
    0xFD, 0x03, 0xFF, 0xFF, 0xFC, 0x3F, 0xFF, 0xFF, 0xC3, 0xFF, 0xFF, 0xF8, 0x00, 0x07, 0xF4, 0x00,
    0x00, 0xBF, 0x40, 0x00, 0x06, 0xA0, 0x00, 0x01, 0xFF, 0xFF, 0x00, 0xBF, 0xFF, 0xC0, 0x3F, 0xFF,
    0xF0, 0x1F, 0xD5, 0x50, 0x0B, 0xD0, 0x00, 0x03, 0xFA, 0x90, 0x00, 0xFF, 0xFF, 0x00, 0x2E, 0xBF,
    0xE0, 0x00, 0x03, 0xFC, 0x00, 0x00, 0xFF, 0x00, 0x00, 0x3F, 0xC2, 0xE5, 0xBF, 0xE0, 0xBF, 0xFF,
    0xF0, 0x2F, 0xFF, 0xF4, 0x01, 0xFF, 0xD0, 0x00, 0x00, 0x2F, 0xFD, 0x02, 0xFF, 0xFD, 0x0B, 0xFF,
    0xFC, 0x1F, 0xF9, 0x58, 0x3F, 0xD0, 0x00, 0x7F, 0x80, 0x00, 0xBF, 0x7F, 0xD0, 0xFF, 0xFF, 0xF4,
    0xFF, 0x43, 0xF8, 0xFE, 0x03, 0xFC, 0xFE, 0x03, 0xF8, 0xBF, 0x5F, 0xF4, 0x7F, 0xFF, 0xF0, 0x2F,
    0xFF, 0xC0, 0x07, 0xFE, 0x00, 0x05, 0x55, 0x55, 0x07, 0xFF, 0xFF, 0xD2, 0xFF, 0xFF, 0xF0, 0xBF,
    0xFF, 0xFC, 0x00, 0x02, 0xFC, 0x00, 0x00, 0xFE, 0x00, 0x00, 0xFF, 0x00, 0x00, 0x7F, 0x40, 0x00,
    0x3F, 0xC0, 0x00, 0x3F, 0xC0, 0x00, 0x1F, 0xE0, 0x00, 0x0F, 0xF0, 0x00, 0x0F, 0xF4, 0x00, 0x07,
    0xF8, 0x00, 0x03, 0xFC, 0x00, 0x01, 0xA9, 0x00, 0x00, 0x00, 0x2F, 0xF4, 0x00, 0x7F, 0xFF, 0x80,
    0x3F, 0xFF, 0xF0, 0x1F, 0xD1, 0xFD, 0x07, 0xF0, 0x7F, 0x00, 0xFE, 0x7F, 0x80, 0x1F, 0xFF, 0x80,
    0x0B, 0xFF, 0xC0, 0x1F, 0xFF, 0xFC, 0x0F, 0xF0, 0xBF, 0x47, 0xF4, 0x1F, 0xE1, 0xFE, 0x0B, 0xF4,
    0x3F, 0xFF, 0xFC, 0x0B, 0xFF, 0xFD, 0x00, 0x6F, 0xF8, 0x00, 0x01, 0xBF, 0x80, 0x0B, 0xFF, 0xF4,
    0x1F, 0xFF, 0xFC, 0x3F, 0xE7, 0xFD, 0x3F, 0x80, 0xFD, 0x7F, 0x40, 0xFD, 0x7F, 0x83, 0xFD, 0x3F,
    0xFF, 0xFC, 0x2F, 0xFF, 0xFC, 0x07, 0xE7, 0xF8, 0x00, 0x0F, 0xF4, 0x95, 0xBF, 0xE0, 0xFF, 0xFF,
    0xC0, 0xFF, 0xFE, 0x00, 0xFF, 0xE0, 0x00, 0x00, 0x7C, 0x00, 0x01, 0xF0, 0x00, 0x07, 0xC0, 0x00,
    0x1F, 0x00, 0x3F, 0xFF, 0xF8, 0xFF, 0xFF, 0xE0, 0x0B, 0xC0, 0x00, 0x1F, 0x00, 0x00, 0x7C, 0x00,
    0x01, 0xF0, 0x00, 0x7F, 0xFF, 0xF5, 0xFF, 0xFF, 0xD1, 0x55, 0x55, 0x00, 0x00, 0x00, 0x0F, 0xFF,
    0xFF, 0xFF, 0xFF, 0xF0, 0x00, 0x00, 0x00, 0x00, 0x0F, 0xFF, 0xFF, 0xFF, 0xFF, 0xF0, 0x00, 0x3E,
    0x00, 0xF8, 0x03, 0xF0, 0x0B, 0xD0, 0x0F, 0x80, 0x2F, 0x00, 0x3F, 0x00, 0x7D, 0x00, 0xBC, 0x00,
    0xBC, 0x00, 0xFC, 0x00, 0xFC, 0x00, 0xFC, 0x00, 0xFC, 0x00, 0xBC, 0x00, 0x7D, 0x00, 0x3E, 0x00,
    0x2F, 0x00, 0x00, 0xBC, 0x00, 0x0F, 0x40, 0x03, 0xE0, 0x00, 0xFC, 0x00, 0x2F, 0x00, 0x0B, 0xC0,
    0x02, 0xF0, 0x00, 0xBC, 0x00, 0x3F, 0x00, 0x0F, 0xC0, 0x03, 0xE0, 0x02, 0xF0, 0x00, 0xFC, 0x00,
    0x7D, 0x00, 0x3F, 0x00, 0x2F, 0x00, 0x1F, 0x40, 0x1F, 0x40, 0x00, 0x07, 0xC7, 0xF8, 0x0B, 0xEF,
    0xFD, 0x0F, 0xF4, 0xFE, 0x0F, 0xE0, 0x7E, 0x1F, 0xC0, 0xBE, 0x2F, 0x80, 0xFD, 0x3F, 0x40, 0xFC,
    0x3F, 0x01, 0xFC, 0x7F, 0x02, 0xF8, 0x7E, 0x02, 0xF4, 0xBD, 0x03, 0xF0, 0x00, 0x7F, 0xD0, 0x03,
    0xFF, 0xF8, 0x0B, 0xFF, 0xFD, 0x1F, 0xFA, 0xFE, 0x2F, 0xE0, 0xFF, 0x3F, 0xC0, 0xFF, 0x7F, 0xC1,
    0xFE, 0xBF, 0x81, 0xFE, 0xBF, 0x42, 0xFD, 0xBF, 0x43, 0xFC, 0xBF, 0x47, 0xFC, 0xBF, 0xDF, 0xF4,
    0x3F, 0xFF, 0xE0, 0x2F, 0xFF, 0xC0, 0x07, 0xFD, 0x00, 0x00, 0x07, 0xF8, 0x00, 0xFF, 0xD0, 0x2F,
    0xFF, 0x47, 0xFF, 0xFC, 0x2F, 0xFF, 0xF0, 0x3D, 0x7F, 0x80, 0x42, 0xFD, 0x00, 0x0F, 0xF0, 0x00,
    0x3F, 0xC0, 0x01, 0xFE, 0x00, 0x07, 0xF8, 0x00, 0x2F, 0xD0, 0x00, 0xFF, 0x00, 0x03, 0xFC, 0x00,
    0x00, 0x2F, 0xF8, 0x00, 0xBF, 0xFF, 0xC0, 0x3F, 0xFF, 0xF4, 0x0B, 0xE7, 0xFE, 0x00, 0x40, 0x7F,
    0x80, 0x00, 0x2F, 0xD0, 0x00, 0x0F, 0xF0, 0x00, 0x1F, 0xF0, 0x00, 0x1F, 0xF0, 0x00, 0x2F, 0xE0,
    0x00, 0x3F, 0xD0, 0x00, 0x3F, 0xE5, 0x50, 0x3F, 0xFF, 0xFD, 0x1F, 0xFF, 0xFF, 0x07, 0xFF, 0xFF,
    0xC0, 0x00, 0x05, 0x40, 0x00, 0x7F, 0xFF, 0x00, 0x7F, 0xFF, 0xF0, 0x0F, 0xFF, 0xFC, 0x01, 0x90,
    0xFF, 0x00, 0x00, 0x2F, 0xC0, 0x00, 0x1F, 0xE0, 0x03, 0xFF, 0xE0, 0x00, 0xFF, 0xD0, 0x00, 0x7F,
    0xFE, 0x00, 0x00, 0x2F, 0xC0, 0x00, 0x0B, 0xF0, 0xB9, 0x5F, 0xFC, 0x2F, 0xFF, 0xFE, 0x07, 0xFF,
    0xFE, 0x00, 0x6F, 0xF9, 0x00, 0x00, 0x00, 0xFF, 0x40, 0x00, 0xFF, 0xC0, 0x00, 0xFF, 0xF0, 0x00,
    0xBF, 0xFC, 0x00, 0xBF, 0xFE, 0x00, 0x7F, 0x7F, 0x40, 0x3F, 0x2F, 0xC0, 0x3F, 0x4F, 0xF0, 0x3F,
    0x43, 0xF8, 0x1F, 0xFF, 0xFF, 0xDB, 0xFF, 0xFF, 0xF3, 0xFF, 0xFF, 0xFC, 0x00, 0x0F, 0xF0, 0x00,
    0x03, 0xF8, 0x00, 0x00, 0xA9, 0x00, 0x00, 0xFF, 0xFF, 0x80, 0x3F, 0xFF, 0xD0, 0x2F, 0xFF, 0xF4,
    0x0F, 0xE5, 0x54, 0x03, 0xF0, 0x00, 0x01, 0xFE, 0xA0, 0x00, 0xBF, 0xFF, 0x40, 0x0F, 0xBF, 0xF0,
    0x00, 0x01, 0xFD, 0x00, 0x00, 0x7F, 0x80, 0x00, 0x2F, 0xD0, 0xE9, 0x6F, 0xF0, 0x3F, 0xFF, 0xF8,
    0x0F, 0xFF, 0xF8, 0x01, 0xBF, 0xE4, 0x00, 0x00, 0x1B, 0xFE, 0x00, 0x3F, 0xFF, 0xC0, 0x7F, 0xFF,
    0xE0, 0x3F, 0xF9, 0x64, 0x2F, 0xE0, 0x00, 0x0F, 0xF0, 0x00, 0x03, 0xFA, 0xFE, 0x01, 0xFF, 0xFF,
    0xE0, 0xBF, 0x82, 0xFC, 0x2F, 0xC0, 0x7F, 0x07, 0xF0, 0x2F, 0xC1, 0xFE, 0x6F, 0xF0, 0x3F, 0xFF,
    0xF4, 0x03, 0xFF, 0xF8, 0x00, 0x2F, 0xE4, 0x00, 0x05, 0x55, 0x55, 0x43, 0xFF, 0xFF, 0xE1, 0xFF,
    0xFF, 0xF4, 0x7F, 0xFF, 0xFC, 0x00, 0x01, 0xFD, 0x00, 0x00, 0xFF, 0x00, 0x00, 0xBF, 0x00, 0x00,
    0x7F, 0x80, 0x00, 0x3F, 0xC0, 0x00, 0x2F, 0xD0, 0x00, 0x0F, 0xF0, 0x00, 0x0F, 0xF0, 0x00, 0x0B,
    0xF8, 0x00, 0x03, 0xFC, 0x00, 0x03, 0xFD, 0x00, 0x00, 0xA9, 0x00, 0x00, 0x00, 0x2F, 0xF8, 0x00,
    0x7F, 0xFF, 0xC0, 0x3F, 0xFF, 0xF4, 0x0F, 0xE0, 0xFE, 0x03, 0xF4, 0x3F, 0x40, 0xFF, 0x3F, 0xC0,
    0x0F, 0xFF, 0x80, 0x07, 0xFF, 0xC0, 0x0F, 0xFB, 0xFC, 0x0F, 0xF0, 0x7F, 0x83, 0xF8, 0x0F, 0xF0,
    0xFF, 0x07, 0xF8, 0x3F, 0xFF, 0xFD, 0x07, 0xFF, 0xFE, 0x00, 0x2F, 0xF8, 0x00, 0x00, 0x15, 0x00,
    0x02, 0xFF, 0xE0, 0x0B, 0xFF, 0xFC, 0x1F, 0xFF, 0xFD, 0x3F, 0xD1, 0xFE, 0x3F, 0x80, 0xFE, 0x3F,
    0x40, 0xFE, 0x3F, 0xC2, 0xFE, 0x3F, 0xFF, 0xFD, 0x1F, 0xFF, 0xFC, 0x06, 0xE6, 0xFC, 0x00, 0x0B,
    0xF4, 0x55, 0xBF, 0xF0, 0xBF, 0xFF, 0xC0, 0xBF, 0xFE, 0x00, 0xBF, 0xE0, 0x00, 0x00, 0xF0, 0x00,
    0x0F, 0x00, 0x00, 0xF0, 0x00, 0x0F, 0x00, 0xFF, 0xFF, 0xFF, 0xFF, 0xFF, 0x01, 0xF0, 0x00, 0x0F,
    0x00, 0x00, 0xF0, 0x00, 0x0F, 0x00, 0x55, 0x55, 0x5F, 0xFF, 0xFE, 0xFF, 0xFF, 0xE0, 0x00, 0x00,
    0x02, 0xFF, 0xFF, 0xCB, 0xFF, 0xFF, 0x00, 0x00, 0x00, 0x00, 0x00, 0x02, 0xFF, 0xFF, 0xCB, 0xFF,
    0xFF, 0x00, 0x00, 0x3F, 0x00, 0x2F, 0x00, 0x1F, 0x40, 0x0F, 0x80, 0x0B, 0xC0, 0x03, 0xE0, 0x02,
    0xF0, 0x00, 0xFC, 0x00, 0x3E, 0x00, 0x1F, 0x40, 0x07, 0xD0, 0x02, 0xF0, 0x00, 0xBC, 0x00, 0x1F,
    0x00, 0x07, 0xD0, 0x00, 0xF8, 0x00, 0x3F, 0x00, 0x07, 0xC0, 0x00, 0xA0, 0x00, 0x00, 0x7C, 0x00,
    0x0F, 0x80, 0x02, 0xF0, 0x00, 0xBC, 0x00, 0x1F, 0x40, 0x07, 0xD0, 0x01, 0xF4, 0x00, 0x7D, 0x00,
    0x1F, 0x40, 0x0B, 0xC0, 0x03, 0xF0, 0x00, 0xF8, 0x00, 0xBD, 0x00, 0x3F, 0x00, 0x2F, 0x40, 0x0F,
    0x80, 0x0F, 0xC0, 0x0B, 0xC0, 0x02, 0x80, 0x00, 0x01, 0xFD, 0x3E, 0x0B, 0xFF, 0xBD, 0x1F, 0xE7,
    0xFC, 0x3F, 0x81, 0xFC, 0x7F, 0x01, 0xFC, 0xBE, 0x02, 0xF8, 0xBE, 0x03, 0xF4, 0xFE, 0x07, 0xF0,
    0xBF, 0x6F, 0xF0, 0x3F, 0xFF, 0xE0, 0x1F, 0xD7, 0xD0, 0x00, 0xBF, 0xD0, 0x1F, 0xFF, 0xD1, 0xFE,
    0x6F, 0xCF, 0xC0, 0xBE, 0x7F, 0xFF, 0xF2, 0xFF, 0xFE, 0x0F, 0xE5, 0x40, 0x2F, 0x80, 0x00, 0x7F,
    0x96, 0xC0, 0xFF, 0xFF, 0x00, 0xBF, 0xE4, 0x00, 0x01, 0xBF, 0x80, 0x2F, 0xFF, 0xC2, 0xFE, 0x7F,
    0x8F, 0xD0, 0x7F, 0x7F, 0x00, 0xFE, 0xF8, 0x07, 0xFF, 0xD0, 0x2F, 0xAF, 0x80, 0xFD, 0x7F, 0xAF,
    0xF0, 0xFF, 0xFF, 0x00, 0xBF, 0xD0, 0x00, 0x03, 0xF8, 0x1F, 0xD0, 0x1F, 0xC3, 0xF8, 0x00, 0xFD,
    0xFE, 0x00, 0x0B, 0xFF, 0xC0, 0x00, 0x3F, 0xF0, 0x00, 0x03, 0xFC, 0x00, 0x00, 0xFF, 0xD0, 0x00,
    0x2F, 0xFF, 0x00, 0x0B, 0xF3, 0xF4, 0x01, 0xFC, 0x2F, 0xC0, 0x7F, 0x40, 0xFD, 0x00, 0x01, 0xFF,
    0xD0, 0x07, 0xFF, 0xF8, 0x07, 0x96, 0xFC, 0x00, 0x00, 0xFD, 0x01, 0xBF, 0xFD, 0x0F, 0xFF, 0xFC,
    0x3F, 0xE6, 0xFC, 0x3F, 0x03, 0xF8, 0x3F, 0x9F, 0xF0, 0x2F, 0xFF, 0xC0, 0x0B, 0xFD, 0x00, 0x00,
    0xFD, 0x00, 0x00, 0x3F, 0x00, 0x00, 0x0F, 0xC0, 0x00, 0x07, 0xF0, 0x00, 0x02, 0xF9, 0xFD, 0x00,
    0xFE, 0xFF, 0xC0, 0x3F, 0xFF, 0xF4, 0x1F, 0xF0, 0xFD, 0x0B, 0xF0, 0x3F, 0x43, 0xF8, 0x0F, 0xC0,
    0xFC, 0x03, 0xF0, 0x7F, 0x02, 0xF8, 0x2F, 0x80, 0xFD, 0x0B, 0xD0, 0x3F, 0x03, 0xF0, 0x1F, 0xC0,
    0x00, 0xFD, 0x00, 0x00, 0x0F, 0xC0, 0x00, 0x01, 0xFC, 0x00, 0x00, 0x1F, 0x80, 0x00, 0x02, 0xF4,
    0x1F, 0xD0, 0x3F, 0x07, 0xF4, 0x03, 0xF1, 0xFC, 0x00, 0x7E, 0x7F, 0x00, 0x0B, 0xFF, 0xC0, 0x00,
    0xFF, 0xFC, 0x00, 0x0F, 0xFF, 0xD0, 0x01, 0xFC, 0xBF, 0x00, 0x2F, 0x83, 0xF4, 0x03, 0xF4, 0x2F,
    0xC0, 0x3F, 0x00, 0xFD, 0x00, 0x00, 0xBE, 0x00, 0xFD, 0x00, 0xFC, 0x01, 0xFC, 0x02, 0xF8, 0x03,
    0xF4, 0x03, 0xF0, 0x07, 0xF0, 0x0B, 0xE0, 0x0F, 0xD0, 0x0F, 0xC0, 0x1F, 0xC0, 0x2F, 0x80, 0x2F,
    0x40, 0x3F, 0x40, 0x02, 0xF2, 0xFD, 0x0B, 0xE0, 0x0F, 0xBF, 0xFD, 0xFF, 0xE0, 0x3F, 0xD7, 0xFE,
    0x6F, 0xC1, 0xFD, 0x0F, 0xF0, 0x3F, 0x0B, 0xF0, 0x3F, 0x41, 0xFC, 0x3F, 0x40, 0xFC, 0x0B, 0xE0,
    0xFC, 0x07, 0xF0, 0x3F, 0x47, 0xF0, 0x2F, 0x80, 0xFC, 0x2F, 0x80, 0xFD, 0x07, 0xF0, 0xFD, 0x03,
    0xF0, 0x1F, 0x83, 0xF0, 0x1F, 0xC0, 0xBD, 0x00, 0x03, 0xE2, 0xFC, 0x00, 0xFB, 0xFF, 0xC0, 0x7F,
    0xC7, 0xF0, 0x2F, 0xC0, 0xFC, 0x0F, 0xE0, 0x3F, 0x03, 0xF0, 0x1F, 0xC1, 0xFC, 0x0B, 0xE0, 0xBE,
    0x03, 0xF4, 0x3F, 0x40, 0xFC, 0x0F, 0xC0, 0x3F, 0x03, 0xF0, 0x1F, 0x80, 0x00, 0xF8, 0xFE, 0x00,
    0x0F, 0xFF, 0xF8, 0x01, 0xFE, 0x2F, 0xC0, 0x2F, 0x80, 0xFC, 0x03, 0xF0, 0x0F, 0xC0, 0x3F, 0x00,
    0xFC, 0x07, 0xE0, 0x2F, 0xC0, 0xBF, 0x03, 0xF4, 0x0B, 0xF4, 0xFF, 0x00, 0xFF, 0xFF, 0xC0, 0x0F,
    0xCF, 0xE0, 0x01, 0xF8, 0x00, 0x00, 0x2F, 0x80, 0x00, 0x03, 0xF4, 0x00, 0x00, 0x3F, 0x00, 0x00,
    0x07, 0xF0, 0x00, 0x00, 0x02, 0xFF, 0x80, 0xFF, 0xFE, 0x1F, 0xD1, 0x82, 0xFC, 0x00, 0x0F, 0xF8,
    0x00, 0x7F, 0xF0, 0x00, 0xBF, 0x80, 0x02, 0xFC, 0xA4, 0x7F, 0x8B, 0xFF, 0xF0, 0x7F, 0xF8, 0x00,
    0x00, 0xA0, 0x00, 0xBC, 0x00, 0x3E, 0x00, 0xBF, 0xFD, 0xBF, 0xFF, 0x07, 0xF0, 0x01, 0xFC, 0x00,
    0xBE, 0x00, 0x3F, 0x40, 0x0F, 0xC0, 0x07, 0xF0, 0x01, 0xFC, 0x40, 0x7F, 0xF4, 0x0B, 0xFD, 0x00,
    0x00, 0x06, 0xFF, 0xE0, 0x00, 0x00, 0xFF, 0xFF, 0xF0, 0x00, 0x0F, 0xFF, 0xFF, 0x40, 0x00, 0xFF,
    0xFF, 0xFC, 0x00, 0x0B, 0xFF, 0x40, 0x50, 0x00, 0x3F, 0xF0, 0x00, 0x00, 0x01, 0xFF, 0x40, 0x00,
    0x00, 0x0B, 0xFC, 0x0F, 0xFF, 0xFD, 0x3F, 0xF0, 0x3F, 0xFF, 0xF4, 0xFF, 0x81, 0xFF, 0xFF, 0xC3,
    0xFE, 0x0B, 0xFF, 0xFF, 0x0F, 0xFC, 0x3F, 0xE0, 0x00, 0x3F, 0xF4, 0xFF, 0x40, 0x00, 0xBF, 0xFF,
    0xFF, 0xFF, 0x01, 0xFF, 0xFF, 0xFF, 0xF8, 0x01, 0xFF, 0xFF, 0xFF, 0xD0, 0x01, 0xBF, 0xFF, 0xFF,
    0x00, 0x00, 0x0F, 0xF4, 0x00, 0x00, 0x00, 0x7F, 0xC0, 0x00, 0x00, 0x01, 0xFF, 0x00, 0x00, 0x00,
    0x0B, 0xFF, 0xFF, 0x00, 0x00, 0x3F, 0xFF, 0xF8, 0x00, 0x00, 0xFF, 0xFF, 0xD0, 0x00, 0x07, 0xFF,
    0xFF, 0x00, 0x00, 0x00, 0x00, 0xBC, 0x3E, 0x00, 0x00, 0x00, 0xF8, 0x3D, 0x00, 0x00, 0x06, 0xF9,
    0xBC, 0x00, 0x01, 0xBF, 0xFF, 0xF8, 0x00, 0x0B, 0xFF, 0xFF, 0xFE, 0x00, 0x3F, 0xFF, 0xFF, 0xFC,
    0x00, 0xFF, 0xFF, 0xFF, 0xF8, 0x03, 0xFF, 0xFF, 0x47, 0xF4, 0x0B, 0xFF, 0x6F, 0x0F, 0x90, 0x0F,
    0xFD, 0x3E, 0x0F, 0x40, 0x2F, 0xFC, 0x7C, 0x2F, 0x00, 0x3F, 0xF0, 0xF8, 0x3E, 0x00, 0x7F, 0xF0,
    0xF4, 0x7C, 0x00, 0xBF, 0xE2, 0xF0, 0xB8, 0x00, 0xFF, 0xD3, 0xE0, 0xF4, 0x00, 0xFF, 0xC7, 0xC2,
    0xF0, 0x00, 0xFF, 0xCB, 0xC3, 0xE0, 0x00, 0xFF, 0xDF, 0x47, 0xC0, 0x00, 0xFF, 0xFF, 0x0B, 0xC0,
    0x00, 0xBF, 0xFE, 0x0F, 0x40, 0x00, 0x7F, 0xFE, 0x2F, 0x6C, 0x00, 0x3F, 0xFF, 0xFF, 0xFC, 0x00,
    0x0F, 0xFF, 0xFF, 0xFC, 0x00, 0x03, 0xFF, 0xFF, 0xFC, 0x00, 0x03, 0xFF, 0xFF, 0xE4, 0x00, 0x03,
    0xD2, 0xF4, 0x00, 0x00, 0x0B, 0xC3, 0xE0, 0x00, 0x00, 0x0F, 0x83, 0xD0, 0x00, 0x00, 0x00, 0x00,
    0x6F, 0xFF, 0x80, 0x00, 0x07, 0xFF, 0xFF, 0xFC, 0x00, 0x2F, 0xFF, 0xFF, 0xFC, 0x00, 0xBF, 0xFF,
    0xFF, 0xF8, 0x02, 0xFF, 0xF4, 0x06, 0xF0, 0x07, 0xFF, 0x80, 0x00, 0x10, 0x0F, 0xFF, 0x00, 0x00,
    0x00, 0x1F, 0xFC, 0x00, 0x00, 0x00, 0x2F, 0xF8, 0x00, 0x00, 0x00, 0x3F, 0xF0, 0x3F, 0x87, 0xE0,
    0x7F, 0xF0, 0x3F, 0x5F, 0xD0, 0xBF, 0xE0, 0x3F, 0xBF, 0xC0, 0xBF, 0xD0, 0x7F, 0xFF, 0xC0, 0xFF,
    0xC0, 0xBF, 0xE0, 0x00, 0xFF, 0xC0, 0xFF, 0x80, 0x00, 0xFF, 0xC0, 0xFF, 0x40, 0x00, 0xFF, 0xD0,
    0xFF, 0x00, 0x00, 0xBF, 0xE1, 0xFF, 0x00, 0x00, 0x7F, 0xF2, 0xFE, 0x04, 0x00, 0x3F, 0xFF, 0xFE,
    0xBC, 0x00, 0x2F, 0xFF, 0xFF, 0xFC, 0x00, 0x0F, 0xFF, 0xFF, 0xFC, 0x00, 0x02, 0xFF, 0xFF, 0xFC,
    0x00, 0x00, 0x2F, 0xFF, 0x90, 0x00, 0x00, 0x0B, 0xFF, 0xFF, 0xFE, 0x00, 0x0F, 0xFF, 0xFF, 0xFD,
    0x00, 0x0F, 0xFF, 0xFF, 0xFC, 0x00, 0x1F, 0xFF, 0xFF, 0xFC, 0x00, 0x1F, 0xF4, 0x00, 0x00, 0x00,
    0x2F, 0xF0, 0x00, 0x00, 0x00, 0x3F, 0xF0, 0x00, 0x00, 0x00, 0x3F, 0xF0, 0x00, 0x00, 0x00, 0x7F,
    0xE0, 0x00, 0x00, 0x00, 0xBF, 0xD0, 0x00, 0x00, 0x00, 0xBF, 0xFF, 0xFF, 0xC0, 0x00, 0xFF, 0xFF,
    0xFF, 0xC0, 0x00, 0xFF, 0xFF, 0xFF, 0x80, 0x01, 0xFF, 0xFF, 0xFF, 0x40, 0x02, 0xFF, 0x40, 0x00,
    0x00, 0x03, 0xFF, 0x00, 0x00, 0x00, 0x03, 0xFF, 0x00, 0x00, 0x00, 0xBF, 0xFF, 0xFF, 0x00, 0x00,
    0xBF, 0xFF, 0xFF, 0x00, 0x00, 0xFF, 0xFF, 0xFE, 0x00, 0x00, 0x0F, 0xFC, 0x00, 0x00, 0x00, 0x0F,
    0xFC, 0x00, 0x00, 0x00, 0x0F, 0xF8, 0x00, 0x00, 0x00, 0x1F, 0xF4, 0x00, 0x00, 0x00, 0x00, 0x00,
    0x01, 0xBF, 0xF9, 0x00, 0x00, 0x00, 0xBF, 0xFF, 0xFC, 0x00, 0x00, 0x3F, 0xFF, 0xFF, 0x80, 0x00,
    0x0B, 0xFF, 0xFF, 0xF0, 0x00, 0x00, 0xFF, 0xE0, 0x1A, 0x00, 0x00, 0x1F, 0xFC, 0x00, 0x00, 0x00,
    0x02, 0xFF, 0x40, 0x00, 0x00, 0x00, 0x3F, 0xF0, 0x00, 0x00, 0x00, 0xFF, 0xFF, 0xFF, 0xE0, 0x00,
    0x1F, 0xFF, 0xFF, 0xFD, 0x00, 0x02, 0xFF, 0xFF, 0xFF, 0xC0, 0x00, 0x00, 0xBF, 0xD0, 0x00, 0x00,
    0x00, 0x0F, 0xFC, 0x00, 0x00, 0x00, 0x3F, 0xFF, 0xFF, 0xF8, 0x00, 0x07, 0xFF, 0xFF, 0xFF, 0x40,
    0x00, 0xBF, 0xFF, 0xFF, 0xF0, 0x00, 0x00, 0x3F, 0xF0, 0x00, 0x00, 0x00, 0x03, 0xFF, 0x00, 0x00,
    0x00, 0x00, 0xFF, 0xC0, 0x00, 0x00, 0x00, 0x7F, 0xF0, 0x00, 0x00, 0x00, 0x2F, 0xFF, 0xFF, 0xFF,
    0xE0, 0x02, 0xFF, 0xFF, 0xFF, 0xFE, 0x00, 0x3F, 0xFF, 0xFF, 0xFF, 0xD0, 0x03, 0xFF, 0xFF, 0xFF,
    0xFC, 0x00, 0x00, 0x00, 0x00, 0x00, 0x00, 0x3F, 0x80, 0x00, 0x00, 0x00, 0x00, 0x00, 0x1F, 0xC0,
    0x00, 0x00, 0x00, 0x00, 0x00, 0x0F, 0xD0, 0x00, 0x00, 0x00, 0x00, 0x00, 0x0B, 0xE0, 0x00, 0x00,
    0xBF, 0x02, 0xFE, 0x07, 0xFF, 0xF4, 0x00, 0x3F, 0xC3, 0xFF, 0xF3, 0xFF, 0xFF, 0x40, 0x0F, 0xF3,
    0xFF, 0xFF, 0xFF, 0xFF, 0xF0, 0x03, 0xFF, 0xFF, 0xFF, 0xFF, 0xFF, 0xFD, 0x01, 0xFF, 0xF4, 0x3F,
    0xFF, 0x43, 0xFF, 0x40, 0xBF, 0xF4, 0x0B, 0xFF, 0x40, 0xBF, 0xD0, 0x3F, 0xF8, 0x02, 0xFF, 0xC0,
    0x1F, 0xF4, 0x0F, 0xFC, 0x00, 0xFF, 0xD0, 0x0B, 0xFD, 0x07, 0xFF, 0x00, 0x3F, 0xF0, 0x03, 0xFF,
    0x01, 0xFF, 0x80, 0x0F, 0xF8, 0x00, 0xFF, 0xC0, 0xBF, 0xD0, 0x0B, 0xFD, 0x00, 0x3F, 0xE0, 0x3F,
    0xF0, 0x07, 0xFF, 0x00, 0x1F, 0xF4, 0x0F, 0xFC, 0x03, 0xFF, 0xC0, 0x0B, 0xFD, 0x07, 0xFE, 0x02,
    0xFF, 0xF0, 0x03, 0xFF, 0x01, 0xFF, 0x40, 0xFF, 0xF8, 0x00, 0xFF, 0xC0, 0xBF, 0xC0, 0xFF, 0xFD,
    0x00, 0x7F, 0xE0, 0x3F, 0xF0, 0x7F, 0xFF, 0x00, 0x1F, 0xF4, 0x0F, 0xFC, 0x3F, 0xFF, 0xC0, 0x0B,
    0xFC, 0x07, 0xFE, 0x2F, 0xBF, 0xF0, 0x03, 0xFF, 0x00, 0x00, 0x1F, 0xC0, 0x00, 0x00, 0x00, 0x00,
    0x00, 0x0F, 0xD0, 0x00, 0x00, 0x00, 0x00, 0x00, 0x0B, 0xE0, 0x00, 0x00, 0x00, 0x00, 0x00, 0x07,
    0xF0, 0x00, 0x00, 0x00, 0x00, 0x00, 0x00, 0x1F, 0xFC, 0x00, 0xFF, 0x00, 0x0B, 0xFF, 0x00, 0x3F,
    0x80, 0x03, 0xFF, 0xC0, 0x1F, 0xD0, 0x00, 0xFF, 0xF0, 0x07, 0xF0, 0x00, 0x7F, 0xFC, 0x02, 0xFC,
    0x00, 0x2F, 0xEF, 0x40, 0xFF, 0x00, 0x0F, 0xEB, 0xD0, 0x3F, 0x80, 0x03, 0xFA, 0xF4, 0x1F, 0xD0,
    0x0F, 0xFF, 0xFF, 0xFF, 0xFF, 0x07, 0xFF, 0xFF, 0xFF, 0xFF, 0x80, 0xBF, 0xEB, 0xFA, 0xFF, 0x90,
    0x0F, 0xF1, 0xFC, 0x3F, 0x80, 0x03, 0xF8, 0x3F, 0x1F, 0xD0, 0x0F, 0xFF, 0xFF, 0xFF, 0xFF, 0x03,
    0xFF, 0xFF, 0xFF, 0xFF, 0x81, 0xFF, 0xFF, 0xFF, 0xFF, 0xD0, 0x0F, 0xF0, 0x3F, 0x3F, 0x80, 0x03,
    0xF8, 0x0F, 0xDF, 0xD0, 0x00, 0xFD, 0x03, 0xFB, 0xF0, 0x00, 0x7F, 0x40, 0xBF, 0xFC, 0x00, 0x2F,
    0xC0, 0x2F, 0xFE, 0x00, 0x0F, 0xF0, 0x0B, 0xFF, 0x40, 0x03, 0xF8, 0x01, 0xFF, 0xD0, 0x01, 0xFD,
    0x00, 0x7F, 0xF0, 0x00, 0x00, 0x0F, 0xFF, 0xF8, 0x00, 0x00, 0x00, 0x00, 0x07, 0xFF, 0xFF, 0xE0,
    0x00, 0x00, 0x00, 0x02, 0xFF, 0xFF, 0xFE, 0x00, 0x00, 0x00, 0x00, 0xBF, 0xFF, 0xFF, 0xC0, 0x00,
    0x00, 0x00, 0x3F, 0xE0, 0x7F, 0xF8, 0x00, 0x00, 0x00, 0x0F, 0xF4, 0x07, 0xFE, 0x00, 0x40, 0x00,
    0x07, 0xFC, 0x00, 0xFF, 0xC0, 0xFC, 0x00, 0x02, 0xFF, 0x00, 0x3F, 0xE0, 0xBE, 0x00, 0x00, 0xFF,
    0xC0, 0x1F, 0xF8, 0x7F, 0x40, 0x00, 0x3F, 0xE0, 0x0F, 0xFD, 0x3F, 0xFF, 0xC0, 0x0F, 0xF4, 0x2F,
    0xFF, 0x7F, 0xFF, 0xF0, 0x07, 0xFF, 0xFF, 0xFF, 0xBF, 0xFF, 0xF8, 0x02, 0xFF, 0xFF, 0xFF, 0x6F,
    0xFF, 0xFD, 0x00, 0xFF, 0xFF, 0xFF, 0x00, 0xFF, 0x40, 0x00, 0x3F, 0xFF, 0xF8, 0x00, 0x3F, 0xC0,
    0x00, 0x1F, 0xF4, 0x00, 0x00, 0x1F, 0xF0, 0x00, 0x07, 0xFC, 0x00, 0x00, 0x0B, 0xF8, 0x00, 0x02,
    0xFF, 0x00, 0x00, 0x03, 0xFD, 0x00, 0x00, 0xFF, 0x80, 0x00, 0x00, 0xFF, 0x40, 0x00, 0x3F, 0xE0,
    0x00, 0x00, 0x3F, 0xE0, 0x80, 0x1F, 0xF4, 0x00, 0x00, 0x0F, 0xFF, 0xF0, 0x0B, 0xFC, 0x00, 0x00,
    0x03, 0xFF, 0xFC, 0x02, 0xFF, 0x00, 0x00, 0x00, 0x7F, 0xFF, 0x00, 0xFF, 0x80, 0x00, 0x00, 0x06,
    0xFF, 0x80, 0x00, 0x2F, 0xFF, 0xE4, 0x00, 0x00, 0x00, 0x00, 0x00, 0xFF, 0xFF, 0xFC, 0x00, 0x00,
    0x00, 0x00, 0x03, 0xFF, 0xFF, 0xFC, 0x00, 0x00, 0x00, 0x00, 0x1F, 0xFF, 0xFF, 0xF4, 0x00, 0x00,
    0x00, 0x00, 0x7F, 0xD1, 0xFF, 0xF0, 0x00, 0x00, 0x00, 0x02, 0xFF, 0x01, 0xFF, 0xC0, 0x6F, 0xF8,
    0x00, 0x0F, 0xFC, 0x03, 0xFF, 0x0B, 0xFF, 0xFE, 0x00, 0x3F, 0xE0, 0x1F, 0xFC, 0xBF, 0xFF, 0xF8,
    0x01, 0xFF, 0x40, 0xBF, 0xE3, 0xFF, 0xFF, 0xC0, 0x0B, 0xFC, 0x1B, 0xFF, 0x6F, 0xF4, 0x1A, 0x00,
    0x2F, 0xFF, 0xFF, 0xF8, 0xBF, 0xC0, 0x00, 0x00, 0xFF, 0xFF, 0xFF, 0xC2, 0xFF, 0x00, 0x00, 0x03,
    0xFF, 0xFF, 0xF8, 0x07, 0xFF, 0x40, 0x00, 0x1F, 0xFF, 0xFF, 0x80, 0x0F, 0xFF, 0x80, 0x00, 0xBF,
    0xC3, 0xFF, 0x00, 0x0B, 0xFF, 0xC0, 0x03, 0xFF, 0x0F, 0xFC, 0x00, 0x07, 0xFF, 0x80, 0x0F, 0xFC,
    0x2F, 0xF0, 0x00, 0x03, 0xFF, 0x00, 0x3F, 0xE0, 0x7F, 0xD0, 0x00, 0x07, 0xFD, 0x01, 0xFF, 0x41,
    0xFF, 0x80, 0x00, 0x1F, 0xF4, 0x0B, 0xFC, 0x03, 0xFE, 0x2E, 0x41, 0xFF, 0xC0, 0x3F, 0xF0, 0x0F,
    0xFC, 0xBF, 0xFF, 0xFF, 0x00, 0xFF, 0xC0, 0x3F, 0xF2, 0xFF, 0xFF, 0xF0, 0x07, 0xFE, 0x00, 0xBF,
    0xDB, 0xFF, 0xFF, 0x40, 0x1F, 0xF4, 0x01, 0xFF, 0x86, 0xFF, 0xE0, 0x00, 0x01, 0xFD, 0x00, 0x7F,
    0xC0, 0x0F, 0xF0, 0x07, 0xF0, 0x02, 0xFF, 0x00, 0x3F, 0x80, 0x1F, 0xC0, 0x0F, 0xFC, 0x02, 0xFC,
    0x00, 0x7F, 0x00, 0x7F, 0xF0, 0x0F, 0xF0, 0x02, 0xFC, 0x03, 0xFF, 0x80, 0x3F, 0x40, 0x0B, 0xF0,
    0x1F, 0xFE, 0x02, 0xFC, 0x00, 0x2F, 0xC0, 0xBE, 0xF8, 0x0F, 0xE0, 0x00, 0xBF, 0x03, 0xF7, 0xE0,
    0x7F, 0x40, 0x02, 0xFC, 0x1F, 0x9F, 0x42, 0xFC, 0x00, 0x0F, 0xE0, 0xFD, 0xBD, 0x0F, 0xE0, 0x01,
    0xBF, 0xEB, 0xFB, 0xFA, 0xBF, 0xA0, 0x0F, 0xFF, 0xFF, 0xFF, 0xFF, 0xFF, 0xC0, 0x3F, 0xFF, 0xFF,
    0xFF, 0xFF, 0xFF, 0x00, 0x0F, 0xD7, 0xF0, 0xFD, 0x7F, 0x00, 0x00, 0x3F, 0x6F, 0x83, 0xF3, 0xFC,
    0x00, 0x00, 0xFD, 0xFC, 0x0F, 0xCF, 0xD0, 0x00, 0x03, 0xF7, 0xF0, 0x3F, 0x7F, 0x00, 0x00, 0x0F,
    0xEF, 0x40, 0xFE, 0xF8, 0x00, 0x00, 0x7F, 0xFC, 0x03, 0xFF, 0xD0, 0x00, 0x01, 0xFF, 0xE0, 0x0F,
    0xFF, 0x00, 0x00, 0x07, 0xFF, 0x40, 0x3F, 0xF8, 0x00, 0x00, 0x1F, 0xFC, 0x00, 0xFF, 0xD0, 0x00,
    0x00, 0x7F, 0xE0, 0x03, 0xFF, 0x00, 0x00, 0x02, 0xFF, 0x00, 0x0F, 0xF8, 0x00, 0x00, 0x00, 0x3F,
    0xFF, 0xFF, 0x40, 0x01, 0xFF, 0x00, 0x3F, 0xFF, 0xFF, 0xF0, 0x02, 0xFE, 0x00, 0x7F, 0xFF, 0xFF,
    0xFC, 0x03, 0xFD, 0x00, 0xBF, 0xFF, 0xFF, 0xFE, 0x03, 0xFC, 0x00, 0xFF, 0x80, 0x07, 0xFF, 0x03,
    0xFC, 0x00, 0xFF, 0x4F, 0xF1, 0xFF, 0x07, 0xF8, 0x00, 0xFF, 0x0F, 0xF0, 0xFF, 0x0B, 0xF8, 0x01,
    0xFF, 0x1F, 0xF0, 0xFF, 0x0F, 0xF4, 0x02, 0xFE, 0x2F, 0xE0, 0xFF, 0x0F, 0xF0, 0x03, 0xFD, 0x3F,
    0xD1, 0xFE, 0x1F, 0xF0, 0x03, 0xFC, 0x3F, 0xC2, 0xFD, 0x2F, 0xE0, 0x07, 0xFC, 0x3F, 0xC3, 0xFC,
    0x2F, 0xD0, 0x07, 0xFC, 0x7F, 0xC3, 0xFC, 0x3F, 0xD0, 0x0B, 0xF8, 0xBF, 0x87, 0xFC, 0x3F, 0xC0,
    0x0F, 0xF4, 0xFF, 0x4B, 0xF8, 0x7F, 0xC0, 0x0F, 0xF0, 0xFF, 0x0F, 0xF4, 0xBF, 0x80, 0x1F, 0xF0,
    0xFF, 0x0F, 0xF0, 0xFF, 0x40, 0x2F, 0xE1, 0xFF, 0x00, 0x01, 0xFF, 0x00, 0x2F, 0xD2, 0xFE, 0x00,
    0x03, 0xFE, 0x00, 0x3F, 0xC3, 0xFD, 0x00, 0x2F, 0xFC, 0x00, 0x3F, 0xC3, 0xFF, 0xFF, 0xFF, 0xF8,
    0x00, 0x7F, 0xC3, 0xFF, 0xFF, 0xFF, 0xF0, 0x00, 0xBF, 0x87, 0xFF, 0xFF, 0xFF, 0x80, 0x00, 0xFF,
    0x4B, 0xFF, 0xFF, 0xF8, 0x00, 0x00, 0x00, 0x00, 0x00, 0x01, 0xFF, 0x80, 0x00, 0x00, 0x00, 0x07,
    0xFD, 0x00, 0x00, 0x00, 0x00, 0x2F, 0xF4, 0x00, 0x00, 0x02, 0xFF, 0xFF, 0xFE, 0x00, 0x00, 0x0F,
    0xFF, 0xFF, 0xF4, 0x00, 0x00, 0x3F, 0xFF, 0xFF, 0xC0, 0x00, 0x00, 0x00, 0x7F, 0xD0, 0x00, 0x00,
    0x00, 0x02, 0xFF, 0x00, 0x00, 0x06, 0xFF, 0x0F, 0xFC, 0x00, 0x00, 0xBF, 0xFF, 0x7F, 0xF0, 0x00,
    0x0B, 0xFF, 0xFF, 0xFF, 0x80, 0x00, 0x7F, 0xFF, 0xFF, 0xFD, 0x00, 0x03, 0xFF, 0xD0, 0xFF, 0xF0,
    0x00, 0x1F, 0xFC, 0x00, 0xFF, 0xC0, 0x00, 0xBF, 0xD0, 0x03, 0xFE, 0x00, 0x03, 0xFF, 0x00, 0x0F,
    0xF8, 0x00, 0x1F, 0xFC, 0x00, 0x3F, 0xD0, 0x00, 0x7F, 0xE0, 0x01, 0xFF, 0x00, 0x02, 0xFF, 0x40,
    0x0F, 0xFC, 0x00, 0x0B, 0xFD, 0x00, 0x3F, 0xE0, 0x00, 0x1F, 0xF8, 0x03, 0xFF, 0x40, 0x00, 0x7F,
    0xF4, 0x3F, 0xFD, 0x00, 0x00, 0xFF, 0xFF, 0xFF, 0xF0, 0x00, 0x02, 0xFF, 0xFF, 0xBF, 0xC0, 0x00,
    0x03, 0xFF, 0xF8, 0xFE, 0x00, 0x00, 0x01, 0xFE, 0x47, 0xF4, 0x00, 0x00, 0x00, 0x00, 0x00, 0x00,
    0x00, 0x00, 0x00, 0x00, 0x00, 0x00, 0x00, 0x00, 0x00, 0x00, 0x00, 0x00, 0x01, 0xFF, 0xFF, 0xFF,
    0xC0, 0x00, 0x0B, 0xFF, 0xFF, 0xFE, 0x00, 0x00, 0x00, 0x00, 0x00, 0x01, 0xFF, 0xE4, 0x00, 0x00,
    0x0B, 0xFF, 0xFF, 0xC0, 0x00, 0x0F, 0xFF, 0xFF, 0xF0, 0x00, 0x0F, 0xFF, 0xFF, 0xF0, 0x00, 0x0B,
    0xFF, 0x90, 0x78, 0x00, 0x07, 0xFF, 0x40, 0x00, 0x00, 0x03, 0xFF, 0x40, 0x00, 0x00, 0x01, 0xFF,
    0xC0, 0x00, 0x00, 0x0F, 0xFF, 0xFF, 0xFC, 0x00, 0x03, 0xFF, 0xFF, 0xFF, 0x00, 0x00, 0xFF, 0xFF,
    0xFF, 0x80, 0x00, 0x07, 0xFE, 0x00, 0x00, 0x00, 0x02, 0xFF, 0x40, 0x00, 0x00, 0x0F, 0xFF, 0xFF,
    0xF0, 0x00, 0x03, 0xFF, 0xFF, 0xFC, 0x00, 0x00, 0xFF, 0xFF, 0xFE, 0x00, 0x00, 0x03, 0xFF, 0x00,
    0x00, 0x00, 0x00, 0xFF, 0xC0, 0x00, 0x00, 0x00, 0x2F, 0xF8, 0x00, 0x00, 0x00, 0x07, 0xFF, 0x40,
    0x68, 0x00, 0x00, 0xFF, 0xFF, 0xFF, 0x00, 0x00, 0x1F, 0xFF, 0xFF, 0xC0, 0x00, 0x01, 0xFF, 0xFF,
    0xF0, 0x00, 0x00, 0x0B, 0xFF, 0x90, 0x00, 0x00, 0x0F, 0xF8, 0x00, 0xBF, 0xF0, 0x00, 0x7F, 0xE0,
    0x07, 0xFF, 0x40, 0x02, 0xFF, 0x40, 0x3F, 0xF4, 0x00, 0x0F, 0xFC, 0x03, 0xFF, 0x80, 0x00, 0x3F,
    0xF0, 0x2F, 0xFC, 0x00, 0x01, 0xFF, 0x81, 0xFF, 0xC0, 0x00, 0x07, 0xFD, 0x0F, 0xFC, 0x00, 0x00,
    0x2F, 0xF0, 0xFF, 0xD0, 0x00, 0x00, 0xFF, 0xCB, 0xFE, 0x00, 0x00, 0x03, 0xFE, 0x7F, 0xF0, 0x00,
    0x03, 0xFF, 0xFF, 0xFF, 0xFF, 0x40, 0x0F, 0xFF, 0xFF, 0xFF, 0xFC, 0x00, 0x7F, 0xFF, 0xFF, 0xFF,
    0xF0, 0x00, 0x0F, 0xFF, 0xFF, 0xD0, 0x00, 0x00, 0x3F, 0xF0, 0xFF, 0xC0, 0x00, 0x01, 0xFF, 0x43,
    0xFF, 0x00, 0x00, 0x0B, 0xFD, 0x0B, 0xFD, 0x00, 0x00, 0x3F, 0xF0, 0x1F, 0xF8, 0x00, 0x00, 0xFF,
    0xC0, 0x3F, 0xF0, 0x00, 0x03, 0xFE, 0x00, 0xFF, 0xC0, 0x00, 0x1F, 0xF4, 0x03, 0xFF, 0x80, 0x00,
    0xBF, 0xD0, 0x0B, 0xFF, 0x00, 0x03, 0xFF, 0x00, 0x1F, 0xFC, 0x00, 0x0F, 0xFC, 0x00, 0x3F, 0xF4,
    0x00, 0x07, 0xFF, 0xFF, 0xFF, 0xFC, 0x0B, 0xFF, 0xFF, 0xFF, 0xF8, 0x0F, 0xFF, 0xFF, 0xFF, 0xF8,
    0x0F, 0xFF, 0xFF, 0xFF, 0xF4, 0x00, 0x02, 0xFF, 0x40, 0x00, 0x00, 0x03, 0xFF, 0x04, 0x00, 0x00,
    0x03, 0xFF, 0x3D, 0x00, 0x00, 0x03, 0xFF, 0xFE, 0x00, 0x00, 0x07, 0xFF, 0xF0, 0x00, 0x00, 0x0B,
    0xFF, 0x40, 0x00, 0x00, 0x0F, 0xFC, 0x00, 0x00, 0x00, 0x3F, 0xFC, 0x10, 0x00, 0x02, 0xFF, 0xF9,
    0xF4, 0x00, 0x0F, 0xFF, 0xFF, 0xF4, 0x00, 0x1F, 0xAF, 0xFF, 0x80, 0x00, 0x08, 0x3F, 0xFD, 0x00,
    0x00, 0x00, 0x3F, 0xF0, 0x00, 0x00, 0x01, 0xFF, 0xE0, 0x00, 0x00, 0x0B, 0xFF, 0xD0, 0x00, 0x00,
    0x7F, 0xFF, 0xC0, 0x00, 0x00, 0x7D, 0xFF, 0xC0, 0x00, 0x00, 0x20, 0xFF, 0xC0, 0x00, 0x00, 0x01,
    0xFF, 0x80, 0x00, 0x00, 0x02, 0xFF, 0x40, 0x00, 0x00, 0x01, 0xBF, 0xFE, 0x40, 0x00, 0x00, 0x00,
    0x00, 0x0F, 0xFF, 0xFF, 0xFE, 0x00, 0x00, 0x00, 0x00, 0x03, 0xFF, 0xFF, 0xFF, 0xF4, 0x00, 0x00,
    0x00, 0x00, 0x7F, 0xFF, 0xFF, 0xFF, 0x40, 0x00, 0x00, 0x00, 0x09, 0x40, 0x07, 0xFF, 0xF0, 0x00,
    0x00, 0x00, 0x00, 0x1F, 0xF4, 0x1F, 0xFE, 0x00, 0x00, 0x00, 0x00, 0x0B, 0xFC, 0x01, 0xFF, 0xC0,
    0x00, 0x00, 0x00, 0x03, 0xFF, 0x00, 0x3F, 0xF4, 0x00, 0x00, 0x00, 0x00, 0xFF, 0xC0, 0x07, 0xFE,
    0x00, 0x00, 0x00, 0x00, 0x3F, 0xE0, 0x00, 0xFF, 0x80, 0x00, 0x00, 0x00, 0x1F, 0xF4, 0x00, 0x3F,
    0xF0, 0x00, 0x00, 0x00, 0x0B, 0xFC, 0x00, 0x0F, 0xF8, 0x00, 0x00, 0x00, 0x03, 0xFF, 0x00, 0x07,
    0xFE, 0x01, 0xBF, 0xE0, 0x00, 0xFF, 0xC0, 0x02, 0xFF, 0x42, 0xFF, 0xFF, 0x40, 0x7F, 0xE0, 0x00,
    0xFF, 0xD2, 0xFF, 0xFF, 0xF0, 0x1F, 0xF4, 0x00, 0x3F, 0xF1, 0xFF, 0x43, 0xFD, 0x0B, 0xFC, 0x00,
    0x3F, 0xF8, 0xBF, 0x80, 0x7F, 0x83, 0xFF, 0x00, 0x2F, 0xFC, 0x3F, 0xC0, 0x0F, 0xE0, 0xFF, 0xC0,
    0x2F, 0xFE, 0x0F, 0xF0, 0x07, 0xF8, 0x7F, 0xE1, 0xBF, 0xFF, 0x07, 0xFC, 0x02, 0xFD, 0x1F, 0xFF,
    0xFF, 0xFF, 0x02, 0xFF, 0x42, 0xFF, 0x0B, 0xFF, 0xFF, 0xFE, 0x00, 0xFF, 0xFF, 0xFF, 0x83, 0xFF,
    0xFF, 0xFD, 0x00, 0x3F, 0xFF, 0xFF, 0x80, 0xFF, 0xFF, 0x90, 0x00, 0x1F, 0xF7, 0xFE, 0x40, 0x00,
    0x00, 0x00, 0x00, 0x07, 0xF8, 0x00, 0x00, 0x00, 0x00, 0x00, 0x00, 0x02, 0xFE, 0x00, 0x00, 0x00,
    0x00, 0x00, 0x00, 0x00, 0xFF, 0x40, 0x00, 0x00, 0x00, 0x00, 0x00, 0x00, 0x3F, 0xC0, 0x00, 0x00,
    0x00, 0x00, 0x00, 0x00, 0x1F, 0xF0, 0x00, 0x00, 0x00, 0x00, 0x00, 0x00, 0x07, 0xF8, 0x00, 0x00,
    0x00, 0x00, 0x00, 0x00, 0x02, 0xFE, 0x00, 0x00, 0x00, 0x00, 0x00, 0x00, 0x00, 0xFF, 0x40, 0x00,
    0x00, 0x00, 0x00, 0x00, 0x1B, 0xF9, 0x00, 0x00, 0x00, 0x0F, 0xFF, 0xF4, 0x00, 0x00, 0x03, 0xFF,
    0xFF, 0xC0, 0x00, 0x00, 0xBF, 0xFF, 0xFD, 0x00, 0x00, 0x0F, 0xFE, 0x2F, 0xE0, 0x00, 0x01, 0xFF,
    0xC1, 0xFE, 0x00, 0x00, 0x2F, 0xF8, 0x1F, 0xE0, 0x00, 0x02, 0xFF, 0x42, 0xFD, 0x00, 0x00, 0x2F,
    0xF4, 0x3F, 0xC0, 0x00, 0x02, 0xFF, 0x4B, 0xF8, 0x00, 0x00, 0x1F, 0xF8, 0xFF, 0x00, 0x00, 0x00,
    0xFF, 0xEF, 0xD0, 0x00, 0x00, 0x0F, 0xFF, 0xF8, 0x00, 0x00, 0x00, 0xBF, 0xFE, 0x00, 0x00, 0x00,
    0x07, 0xFF, 0xC0, 0x00, 0x00, 0x90, 0x3F, 0xF4, 0x00, 0x00, 0x1E, 0x03, 0xFF, 0x80, 0x00, 0x03,
    0xF0, 0xFF, 0xFC, 0x00, 0x00, 0xFF, 0x6F, 0xFF, 0xC0, 0x00, 0x2F, 0xFF, 0xFF, 0xFD, 0x00, 0x07,
    0xFF, 0xFC, 0x7F, 0xE0, 0x00, 0xFD, 0xFF, 0x47, 0xFE, 0x00, 0x2F, 0x87, 0xE0, 0x3F, 0xF0, 0x07,
    0xF0, 0x38, 0x03, 0xFF, 0x00, 0x00, 0x01, 0x00, 0x3F, 0xF0, 0x00, 0x00, 0x00, 0x03, 0xFF, 0x00,
    0x00, 0x00, 0x00, 0x7F, 0xE0, 0x00, 0x00, 0x00, 0x1F, 0xFD, 0x00, 0x00, 0x00, 0x3F, 0xFF, 0xC0,
    0x00, 0x00, 0x03, 0xFF, 0xF8, 0x00, 0x00, 0x00, 0x3F, 0xFE, 0x00, 0x00, 0x00, 0x03, 0xFE, 0x40,
    0x00, 0x00, 0x3F, 0xFF, 0xF8, 0x00, 0x00, 0x0F, 0xFF, 0xFF, 0xD0, 0x00, 0x07, 0xFF, 0xFF, 0xFD,
    0x00, 0x02, 0xFF, 0xFF, 0xFF, 0xC0, 0x00, 0xFF, 0xC0, 0x7F, 0xF0, 0x03, 0xFF, 0xFF, 0xFF, 0xFF,
    0xC0, 0xFF, 0xFF, 0xFF, 0xFF, 0xF0, 0x0B, 0xFD, 0x00, 0xFF, 0xC0, 0x02, 0xFF, 0x00, 0x3F, 0xF0,
    0x00, 0xFF, 0xC0, 0x0F, 0xFC, 0x03, 0xFF, 0xFF, 0xFF, 0xFF, 0xC0, 0xFF, 0xFF, 0xFF, 0xFF, 0xF0,
    0x07, 0xFD, 0x07, 0xFF, 0x80, 0x02, 0xFF, 0xFF, 0xFF, 0xC0, 0x00, 0xFF, 0xFF, 0xFF, 0xC0, 0x00,
    0x3F, 0xFF, 0xFF, 0x80, 0x00, 0x1F, 0xFF, 0xF9, 0x00, 0x00, 0x07, 0xFD, 0x00, 0x00, 0x00, 0x02,
    0xFF, 0x00, 0x00, 0x00, 0x00, 0xFF, 0xC0, 0x00, 0x00, 0x00, 0x3F, 0xE0, 0x00, 0x00, 0x00, 0x1F,
    0xF4, 0x00, 0x00, 0x00, 0x0B, 0xFC, 0x00, 0x00, 0x00, 0x02, 0xFF, 0x00, 0x00, 0x00, 0x00, 0x00,
    0x00, 0x00, 0x3F, 0x00, 0x00, 0x00, 0x00, 0x1B, 0xF5, 0x00, 0x00, 0x00, 0x7F, 0xFF, 0xFF, 0x40,
    0x00, 0x3F, 0xFF, 0xFF, 0xFE, 0x00, 0x1F, 0xFF, 0xFF, 0xFF, 0xC0, 0x07, 0xFF, 0xFF, 0xFF, 0xF8,
    0x00, 0xFF, 0xF9, 0xFC, 0x1B, 0x00, 0x2F, 0xFE, 0x1F, 0x80, 0x00, 0x07, 0xFF, 0x82, 0xF4, 0x00,
    0x00, 0xFF, 0xF0, 0x3F, 0x00, 0x00, 0x0F, 0xFD, 0x03, 0xF0, 0x00, 0x01, 0xFF, 0xC0, 0x3E, 0x00,
    0x00, 0x2F, 0xF8, 0x07, 0xFF, 0xFF, 0x83, 0xFF, 0x40, 0xBF, 0xFF, 0xF4, 0x3F, 0xF0, 0x0F, 0xFF,
    0xFF, 0x43, 0xFF, 0x00, 0xFF, 0xFF, 0xF0, 0x3F, 0xF0, 0x1F, 0x83, 0xFF, 0x03, 0xFF, 0x01, 0xF4,
    0x7F, 0xE0, 0x3F, 0xF4, 0x2F, 0x0B, 0xFD, 0x03, 0xFF, 0x83, 0xF0, 0xBF, 0xC0, 0x1F, 0xFC, 0x3F,
    0x0F, 0xFC, 0x00, 0xFF, 0xFB, 0xE1, 0xFF, 0xC0, 0x07, 0xFF, 0xFF, 0xFF, 0xF8, 0x00, 0x2F, 0xFF,
    0xFF, 0xFF, 0x40, 0x00, 0x7F, 0xFF, 0xFF, 0xF0, 0x00, 0x00, 0x6F, 0xFF, 0x90, 0x00, 0x00, 0x01,
    0xF4, 0x00, 0x00, 0x00, 0x00, 0x2F, 0x00, 0x00, 0x00, 0x00, 0x00, 0x00, 0xFF, 0xF0, 0x00, 0x00,
    0x00, 0x0B, 0xFF, 0xC0, 0x00, 0x00, 0x00, 0x3F, 0xFF, 0x00, 0x00, 0x00, 0x02, 0xFF, 0xFC, 0x00,
    0x00, 0x00, 0x1F, 0xFF, 0xF0, 0x00, 0x00, 0x00, 0xFF, 0xBF, 0xD0, 0x00, 0x00, 0x07, 0xFD, 0xFF,
    0x40, 0x00, 0x00, 0x3F, 0xF3, 0xFD, 0x00, 0x01, 0xAA, 0xFF, 0xEF, 0xFE, 0xA4, 0x0F, 0xFF, 0xFF,
    0xFF, 0xFF, 0xE0, 0x3F, 0xFF, 0xFF, 0xFF, 0xFF, 0x40, 0x03, 0xFF, 0x02, 0xFF, 0x00, 0x00, 0x2F,
    0xF4, 0x0B, 0xFC, 0x00, 0x3F, 0xFF, 0xFF, 0xFF, 0xFF, 0x80, 0xFF, 0xFF, 0xFF, 0xFF, 0xFE, 0x03,
    0xFF, 0xFF, 0xFF, 0xFF, 0xF4, 0x01, 0xFF, 0x80, 0x07, 0xFD, 0x00, 0x0F, 0xFC, 0x00, 0x0F, 0xF4,
    0x00, 0x7F, 0xE0, 0x00, 0x3F, 0xD0, 0x03, 0xFF, 0x40, 0x00, 0xFF, 0x80, 0x1F, 0xFC, 0x00, 0x03,
    0xFE, 0x00, 0xFF, 0xD0, 0x00, 0x0F, 0xFC, 0x07, 0xFF, 0x00, 0x00, 0x3F, 0xF0, 0x3F, 0xF4, 0x00,
    0x00, 0xFF, 0xC0, 0x00, 0x01, 0xBF, 0xF9, 0x00, 0x00, 0x2F, 0xFF, 0xFF, 0x80, 0x00, 0x3F, 0xFF,
    0xFF, 0xE0, 0x00, 0x1F, 0xFF, 0xFF, 0xF4, 0x00, 0x0E, 0x40, 0x7F, 0xF4, 0x00, 0x00, 0x00, 0x1F,
    0xF8, 0x00, 0x00, 0x00, 0x2F, 0xF4, 0x1F, 0xFF, 0xFF, 0xFF, 0xFD, 0x2F, 0xFF, 0xFF, 0xFF, 0xFD,
    0x2F, 0xFF, 0xFF, 0xFF, 0xFC, 0x00, 0x1F, 0xFF, 0xFE, 0x00, 0x00, 0xFF, 0xFF, 0xE0, 0x00, 0x7F,
    0xFF, 0xFF, 0xFF, 0xF4, 0xBF, 0xFF, 0xFF, 0xFF, 0xF4, 0xFF, 0xFF, 0xFF, 0xFF, 0xF0, 0x1F, 0xF8,
    0x00, 0x00, 0x00, 0x2F, 0xF4, 0x00, 0x00, 0x00, 0x2F, 0xF0, 0x00, 0x00, 0x00, 0x2F, 0xF4, 0x00,
    0x05, 0x00, 0x1F, 0xFD, 0x01, 0xBD, 0x00, 0x0F, 0xFF, 0xFF, 0xFD, 0x00, 0x07, 0xFF, 0xFF, 0xFD,
    0x00, 0x01, 0xFF, 0xFF, 0xFD, 0x00, 0x00, 0x2F, 0xFF, 0x90, 0x00, 0x00, 0x00, 0x00, 0xFC, 0x00,
    0x00, 0x00, 0x00, 0xFC, 0x00, 0x00, 0x00, 0x6F, 0xFF, 0x90, 0x00, 0x07, 0xFF, 0xFF, 0xFD, 0x00,
    0x2F, 0xFF, 0xFF, 0xFD, 0x00, 0xBF, 0xFF, 0xFF, 0xFC, 0x02, 0xFF, 0xFB, 0xF6, 0xF4, 0x07, 0xFF,
    0xC3, 0xF0, 0x20, 0x0F, 0xFF, 0x07, 0xE0, 0x00, 0x1F, 0xFC, 0x0B, 0xD0, 0x00, 0x3F, 0xF8, 0x0B,
    0xC0, 0x00, 0x3F, 0xF0, 0x0F, 0xC0, 0x00, 0x7F, 0xF0, 0x0F, 0xC0, 0x00, 0xBF, 0xE0, 0x1F, 0x80,
    0x00, 0xFF, 0xD0, 0x2F, 0x40, 0x00, 0xFF, 0xC0, 0x3F, 0x00, 0x00, 0xFF, 0xC0, 0x3F, 0x00, 0x00,
    0xFF, 0xC0, 0x3E, 0x00, 0x00, 0xFF, 0xC0, 0x7E, 0x00, 0x00, 0xFF, 0xD0, 0xBD, 0x00, 0x00, 0xBF,
    0xE0, 0xFC, 0x00, 0x00, 0x7F, 0xF4, 0xFC, 0x04, 0x00, 0x3F, 0xFE, 0xFD, 0xBC, 0x00, 0x2F, 0xFF,
    0xFF, 0xFC, 0x00, 0x0F, 0xFF, 0xFF, 0xFC, 0x00, 0x02, 0xFF, 0xFF, 0xFC, 0x00, 0x00, 0x2F, 0xFF,
    0x90, 0x00, 0x00, 0x07, 0xE0, 0x00, 0x00, 0x00, 0x07, 0xD0, 0x00, 0x00, 0x00, 0x06, 0x80, 0x00,
    0x00, 0x00, 0x03, 0xF4, 0x00, 0xFD, 0x00, 0x00, 0x07, 0xF0, 0x02, 0xFC, 0x00, 0x00, 0x0F, 0xF0,
    0x03, 0xFC, 0x00, 0x00, 0x1F, 0xF0, 0x0B, 0xF8, 0x00, 0x00, 0xBF, 0xFF, 0xFF, 0xFF, 0xFC, 0x0B,
    0xFF, 0xFF, 0xFF, 0xFF, 0xFC, 0x0F, 0xFF, 0xFF, 0xFF, 0xFF, 0xF8, 0x1F, 0xFF, 0xFF, 0xFF, 0xFF,
    0xF4, 0x00, 0xFF, 0xC0, 0x7F, 0xE0, 0x00, 0x01, 0xFF, 0x80, 0x7F, 0xD0, 0x00, 0x01, 0xFF, 0x40,
    0xBF, 0xD0, 0x00, 0x02, 0xFF, 0x00, 0xFF, 0xC0, 0x00, 0x03, 0xFF, 0x00, 0xFF, 0xC0, 0x00, 0x03,
    0xFF, 0x01, 0xFF, 0x80, 0x00, 0x07, 0xFE, 0x01, 0xFF, 0x40, 0x00, 0x0B, 0xFD, 0x02, 0xFF, 0x00,
    0x00, 0x0B, 0xFC, 0x03, 0xFF, 0x00, 0x00, 0x0F, 0xFC, 0x03, 0xFF, 0x00, 0x00, 0x0F, 0xFC, 0x03,
    0xFF, 0x45, 0x00, 0x1F, 0xF8, 0x03, 0xFF, 0xFF, 0x00, 0x2F, 0xF4, 0x03, 0xFF, 0xFF, 0x00, 0x3F,
    0xF0, 0x01, 0xFF, 0xFF, 0x00, 0x3F, 0xF0, 0x00, 0x6F, 0xF9, 0x00, 0x00, 0x00, 0x00, 0x07, 0xFF,
    0xE0, 0x00, 0x00, 0x00, 0x2F, 0xFF, 0xFF, 0xC0, 0x00, 0x00, 0x2F, 0xFF, 0xFF, 0xF0, 0x00, 0x00,
    0x1F, 0xFF, 0xFF, 0xF4, 0x00, 0x00, 0x0F, 0xFF, 0x41, 0xBC, 0x00, 0x00, 0x03, 0xFF, 0x00, 0x00,
    0x00, 0x00, 0x01, 0xFF, 0xC0, 0x00, 0x00, 0x00, 0x00, 0x7F, 0xF0, 0x00, 0x00, 0x00, 0x00, 0x0F,
    0xFD, 0x00, 0x00, 0x00, 0x00, 0x03, 0xFF, 0xE0, 0x00, 0x00, 0x00, 0x00, 0x7F, 0xFF, 0x00, 0x00,
    0x00, 0x00, 0x07, 0xFF, 0xF4, 0x00, 0x00, 0x00, 0x00, 0x7F, 0xFF, 0x00, 0x00, 0x00, 0x00, 0x03,
    0xFF, 0xF0, 0x00, 0x00, 0x00, 0x00, 0x2F, 0xFD, 0x00, 0x00, 0x00, 0x00, 0x02, 0xFF, 0x80, 0x2F,
    0xC2, 0xF0, 0xBD, 0x3F, 0xE0, 0x1F, 0xFF, 0xFF, 0xFF, 0xCF, 0xF8, 0x0B, 0x2F, 0xCF, 0xF3, 0xF3,
    0xFD, 0x02, 0xEF, 0xD3, 0xF0, 0xFE, 0xFF, 0x00, 0x7F, 0xF4, 0xFC, 0x3F, 0xFF, 0x40, 0x0B, 0xFF,
    0xFF, 0xFF, 0xFF, 0x80, 0x00, 0xBF, 0xFF, 0xFF, 0xFF, 0x40, 0x00, 0x2F, 0x5F, 0xFF, 0xF9, 0x00,
    0x00, 0x0B, 0xC2, 0xF0, 0xBC, 0x00, 0x00, 0x03, 0xF0, 0xFC, 0x3F, 0x00, 0x00, 0x00, 0xF8, 0x3E,
    0x0F, 0x80, 0x00, 0x00, 0x07, 0xFF, 0xFF, 0xFF, 0xF8, 0x2F, 0xFF, 0xFF, 0xFF, 0xE0, 0xFF, 0xFF,
    0xFF, 0xFF, 0x43, 0xFF, 0xFF, 0xFF, 0xFC, 0x00, 0x00, 0x00, 0x00, 0x00, 0x00, 0x00, 0x00, 0x00,
    0x03, 0xFF, 0xFF, 0xFF, 0xFD, 0x0F, 0xFF, 0xFF, 0xFF, 0xF0, 0x7F, 0xFF, 0xFF, 0xFF, 0xC2, 0xFF,
    0xFF, 0xFF, 0xFE, 0x00, 0x01, 0xFF, 0xC0, 0x00, 0x00, 0x07, 0xFE, 0x00, 0x00, 0x00, 0x2F, 0xF8,
    0x00, 0x00, 0x00, 0xFF, 0xD0, 0x00, 0x00, 0x03, 0xFF, 0x00, 0x00, 0x00, 0x0F, 0xFC, 0x00, 0x00,
    0x00, 0x7F, 0xE0, 0x00, 0x00, 0x02, 0xFF, 0x80, 0x00, 0x00, 0x0B, 0xFD, 0x00, 0x00, 0x00, 0x3F,
    0xF0, 0x00, 0x00, 0x00, 0xFF, 0xC0, 0x00, 0x00, 0x07, 0xFF, 0x00, 0x00, 0x00, 0x2F, 0xF8, 0x00,
    0x00, 0x00, 0xBF, 0xD0, 0x00, 0x00, 0x02, 0xAA, 0xAA, 0xAA, 0x80, 0x3F, 0xFF, 0xFF, 0xFC, 0x07,
    0xFF, 0xFF, 0xAA, 0x40, 0xBF, 0xFF, 0xE0, 0x00, 0x00, 0x07, 0xFF, 0x40, 0x00, 0x00, 0x2F, 0xF8,
    0x00, 0x0F, 0xFF, 0xFF, 0xFE, 0x01, 0xFF, 0xFF, 0xFF, 0xE0, 0x2F, 0xFF, 0xFF, 0xFD, 0x00, 0x00,
    0x2F, 0xF4, 0x00, 0x00, 0x03, 0xFF, 0x00, 0x00, 0x01, 0xFF, 0xD0, 0x00, 0x3F, 0xFF, 0xF4, 0x00,
    0x07, 0xFF, 0xE4, 0x00, 0x00, 0xBF, 0xD0, 0x00, 0x00, 0x07, 0xFF, 0x00, 0x00, 0x00, 0x3F, 0xF4,
    0x00, 0x00, 0x02, 0xFF, 0xC0, 0x00, 0x00, 0x0F, 0xFC, 0x00, 0x00, 0x00, 0xBF, 0xE0, 0x00, 0x00,
    0x03, 0xFF, 0x00, 0x00, 0x00, 0x3F, 0xF8, 0x00, 0x00, 0x01, 0xFF, 0xC0, 0x00, 0x00, 0x0F, 0xFD,
    0x00, 0x00, 0x00, 0x7F, 0xF0, 0x00, 0x00, 0x00, 0x0F, 0xFC, 0x00, 0x00, 0x00, 0x3F, 0xE0, 0x00,
    0x00, 0x01, 0xFF, 0x40, 0x00, 0x00, 0x0B, 0xFC, 0x1B, 0x80, 0x00, 0x3F, 0xFF, 0xFE, 0x00, 0x00,
    0xFF, 0xFF, 0xF0, 0x00, 0xBF, 0xFF, 0xE4, 0x00, 0x03, 0xFF, 0xF4, 0x00, 0x00, 0x1F, 0xFF, 0xC1,
    0xB8, 0x00, 0x03, 0xFF, 0xFF, 0xD0, 0x00, 0x0F, 0xFF, 0xFF, 0x00, 0x0B, 0xFF, 0xFE, 0x40, 0x00,
    0x7F, 0xFF, 0x40, 0x00, 0x02, 0xFF, 0xFC, 0x00, 0x15, 0x40, 0x3F, 0xF0, 0x02, 0xFF, 0x00, 0xFF,
    0x80, 0x0F, 0xF8, 0x07, 0xFD, 0x00, 0xBF, 0xD0, 0x2F, 0xF0, 0x07, 0xFF, 0x00, 0xFF, 0xC0, 0x7F,
    0xF4, 0x03, 0xFF, 0x6F, 0xFF, 0x80, 0x1F, 0xFF, 0xFF, 0xFC, 0x00, 0x7F, 0xFF, 0xFF, 0x80, 0x02,
    0xFF, 0xFF, 0xF4, 0x00, 0x0B, 0xFF, 0xE8, 0x00, 0x00, 0x07, 0xFD, 0x00, 0x00, 0x00, 0x0B, 0xFF,
    0xD0, 0x00, 0x00, 0x03, 0xF1, 0xF8, 0x00, 0x00, 0x02, 0xF4, 0x3F, 0x00, 0x00, 0x00, 0xBE, 0x0F,
    0x80, 0x00, 0x00, 0x2F, 0xFF, 0xFF, 0xFF, 0xF8, 0x07, 0xFF, 0xFF, 0xFF, 0xFF, 0xD0, 0xFF, 0xFF,
    0xFF, 0xFF, 0xFC, 0x0B, 0xFF, 0xFF, 0xFF, 0xFF, 0x40, 0x0F, 0x80, 0x00, 0x1F, 0xD0, 0x07, 0xD0,
    0x00, 0x00, 0xF4, 0x02, 0xF0, 0x70, 0x80, 0x3D, 0x00, 0xBC, 0xBE, 0xB8, 0x1F, 0x00, 0x3F, 0xFF,
    0xFF, 0x4F, 0xC0, 0x0F, 0xFE, 0xFF, 0xFF, 0xD0, 0x03, 0xFC, 0x3C, 0x3F, 0xD0, 0x02, 0xFC, 0x00,
    0x00, 0x00, 0x02, 0xFF, 0x00, 0x00, 0x00, 0x03, 0xFF, 0xD0, 0x00, 0x00, 0x00, 0xFB, 0xFE, 0x01,
    0x90, 0x00, 0x14, 0x7F, 0xFF, 0xF4, 0x00, 0x00, 0x0F, 0xFF, 0xFC, 0x00, 0x00, 0x00, 0xFF, 0xFF,
    0x00, 0x00, 0x00, 0x0B, 0xFF, 0x40, 0x00, 0x00, 0x00, 0x00, 0x02, 0xFF, 0x00, 0x00, 0x00, 0x00,
    0x00, 0x0F, 0xF8, 0x00, 0x00, 0x00, 0x00, 0x00, 0x3F, 0xD0, 0x00, 0x00, 0x00, 0x00, 0x01, 0xFF,
    0x00, 0x00, 0x00, 0x00, 0x00, 0x0B, 0xFC, 0x00, 0x00, 0x00, 0x00, 0x00, 0x3F, 0xF0, 0x00, 0x00,
    0x00, 0x00, 0x00, 0xFF, 0x80, 0x00, 0x00, 0x00, 0x1B, 0xFF, 0xFF, 0xF9, 0x00, 0x00, 0x03, 0xFF,
    0xFF, 0xFF, 0xFE, 0x00, 0x00, 0x7F, 0xFF, 0xFF, 0xFF, 0xFF, 0x00, 0x03, 0xFF, 0xFF, 0xFF, 0xFF,
    0xFE, 0x00, 0x3F, 0xFD, 0x0F, 0xF8, 0x2F, 0xFC, 0x01, 0xFF, 0xC0, 0x7F, 0xD0, 0x3F, 0xF0, 0x0F,
    0xFC, 0x02, 0xFF, 0x00, 0xBF, 0xD0, 0x3F, 0xF0, 0x0B, 0xFC, 0x02, 0xFF, 0x41, 0xFF, 0x40, 0x3F,
    0xE0, 0x0B, 0xFC, 0x0B, 0xFC, 0x00, 0xFF, 0x40, 0x3F, 0xF0, 0x3F, 0xF0, 0x07, 0xFC, 0x00, 0xFF,
    0xC0, 0xFF, 0xC0, 0x1F, 0xE0, 0x03, 0xFE, 0x03, 0xFE, 0x00, 0x00, 0x00, 0x1F, 0xF4, 0x1F, 0xF4,
    0x00, 0x00, 0x00, 0xBF, 0xC0, 0xBF, 0xC0, 0x00, 0x00, 0x03, 0xFF, 0x03, 0xFF, 0x00, 0x00, 0x00,
    0x0F, 0xFC, 0x0F, 0xFC, 0x00, 0x00, 0x00, 0x3F, 0xE0, 0x00, 0x03, 0xFF, 0xFF, 0x90, 0x00, 0x00,
    0xFF, 0xFF, 0xFF, 0x00, 0x00, 0x7F, 0xFF, 0xFF, 0xF0, 0x00, 0x1F, 0xFF, 0xFF, 0xFD, 0x00, 0x0B,
    0xFC, 0x07, 0xFF, 0x80, 0x03, 0xFF, 0x00, 0x7F, 0xF0, 0x00, 0xFF, 0x80, 0x0F, 0xFC, 0x00, 0x7F,
    0xE0, 0x07, 0xFE, 0x00, 0x2F, 0xF4, 0x02, 0xFF, 0x40, 0x0B, 0xFC, 0x00, 0xFF, 0xC0, 0x03, 0xFF,
    0x02, 0xFF, 0xE0, 0x1F, 0xFF, 0xFF, 0xFF, 0xF0, 0x0B, 0xFF, 0xFF, 0xFF, 0xF4, 0x03, 0xFF, 0xFF,
    0xFF, 0xE0, 0x00, 0xFF, 0xFF, 0xFF, 0x80, 0x00, 0x03, 0xFF, 0x00, 0x00, 0x00, 0x00, 0xFF, 0x80,
    0x00, 0x00, 0x00, 0x7F, 0xD0, 0x00, 0x00, 0x03, 0xFF, 0xFF, 0xFC, 0x00, 0x00, 0xFF, 0xFF, 0xFE,
    0x00, 0x00, 0x7F, 0xFF, 0xFF, 0x40, 0x00, 0x01, 0xFF, 0x80, 0x00, 0x00, 0x00, 0x7F, 0xD0, 0x00,
    0x00, 0x00, 0x2F, 0xF0, 0x00, 0x00, 0x00, 0x00, 0x00, 0x00, 0x0F, 0x07, 0xC0, 0x00, 0x00, 0x00,
    0x7C, 0x2E, 0x00, 0x00, 0x00, 0x02, 0xE0, 0xF4, 0x00, 0x00, 0x00, 0x0F, 0x43, 0xC0, 0x00, 0x00,
    0x01, 0xBF, 0xFF, 0x90, 0x00, 0x00, 0x7F, 0xFF, 0xFF, 0xE0, 0x00, 0x0F, 0xFF, 0xFF, 0xFF, 0x40,
    0x01, 0xFF, 0xFF, 0xFF, 0xFC, 0x00, 0x0F, 0xFF, 0xF8, 0x3E, 0xF0, 0x00, 0xFF, 0xFB, 0xD0, 0xF0,
    0x00, 0x07, 0xFF, 0x4F, 0x07, 0xC0, 0x00, 0x3F, 0xF8, 0x7C, 0x2E, 0x00, 0x00, 0xFF, 0xC2, 0xE0,
    0xF4, 0x00, 0x07, 0xFF, 0x0F, 0x43, 0xC0, 0x00, 0x2F, 0xF8, 0x00, 0x00, 0x00, 0x00, 0xBF, 0xD0,
    0x00, 0x00, 0x00, 0x03, 0xFF, 0x40, 0x00, 0x00, 0x00, 0x0B, 0xFD, 0x00, 0x00, 0x00, 0x00, 0x2F,
    0xF4, 0x00, 0x00, 0x00, 0x00, 0x3F, 0xE0, 0x00, 0x00, 0x00, 0x00, 0xFF, 0xC0, 0x00, 0x00, 0x00,
    0x00, 0xFF, 0xC0, 0x00, 0x00, 0x00, 0x01, 0xFF, 0xC0, 0x00, 0x00, 0x00, 0x01, 0xFF, 0xE4, 0x00,
    0x00, 0x2F, 0xFF, 0xFF, 0xFF, 0xFC, 0x00, 0xFF, 0xFF, 0xFF, 0xFF, 0xF0, 0x03, 0xFF, 0xFF, 0xFF,
    0xFF, 0x80, 0x1F, 0xFF, 0xFF, 0xFF, 0xFD, 0x00, 0x00, 0x00, 0x2E, 0x0F, 0x00, 0x00, 0x00, 0xB8,
    0x7C, 0x00, 0x00, 0x03, 0xD1, 0xF0, 0x00, 0x00, 0x0F, 0x0B, 0x80, 0x00, 0x0F, 0xFF, 0xFE, 0x00,
    0x00, 0x7F, 0xFF, 0xFF, 0x00, 0x02, 0xFF, 0xFF, 0xFE, 0x00, 0x0F, 0xFF, 0xFF, 0xFC, 0x00, 0x3F,
    0xE0, 0xBF, 0xF4, 0x01, 0xFF, 0x40, 0xFF, 0xD0, 0x07, 0xFC, 0x03, 0xFF, 0x40, 0x2F, 0xF0, 0x0F,
    0xFC, 0x00, 0xFF, 0x81, 0xFF, 0xD0, 0x03, 0xFF, 0xFF, 0xFE, 0x00, 0x1F, 0xFF, 0xFF, 0xD0, 0x00,
    0xBF, 0xFF, 0xFD, 0x00, 0x02, 0xFF, 0xFF, 0xFE, 0x00, 0x0F, 0xF8, 0x1F, 0xFD, 0x00, 0x3F, 0xD0,
    0x2F, 0xF8, 0x01, 0xFF, 0x00, 0x7F, 0xE0, 0x0B, 0xFC, 0x01, 0xFF, 0x80, 0x3F, 0xF0, 0x07, 0xFE,
    0x00, 0xFF, 0x80, 0x3F, 0xF4, 0x03, 0xFE, 0x07, 0xFF, 0xC0, 0x1F, 0xFF, 0xFF, 0xFE, 0x00, 0xBF,
    0xFF, 0xFF, 0xE0, 0x03, 0xFF, 0xFF, 0xFE, 0x00, 0x0F, 0xFF, 0xFF, 0x40, 0x00, 0x00, 0xF0, 0xF4,
    0x00, 0x00, 0x07, 0xC3, 0xC0, 0x00, 0x00, 0x2E, 0x0F, 0x00, 0x00, 0x00, 0x60, 0x24, 0x00, 0x00,
    0x2F, 0xFF, 0xF3, 0xFF, 0xFE, 0x3F, 0xFF, 0xD7, 0xFF, 0xFD, 0x00, 0x00, 0x00, 0x00, 0x00, 0x00,
    0x00, 0x00, 0x00, 0x00, 0x00, 0x00, 0x00, 0x00, 0x1E, 0x00, 0x00, 0x00, 0x00, 0x00, 0x00, 0x01,
    0xFE, 0x00, 0x00, 0x00, 0x00, 0x00, 0x00, 0x1F, 0xFE, 0x00, 0x00, 0x00, 0x00, 0x00, 0x01, 0xFF,
    0xFE, 0x00, 0x00, 0x00, 0x00, 0x00, 0x1F, 0xFF, 0xFE, 0x00, 0x00, 0x00, 0x00, 0x00, 0xFF, 0xFF,
    0xFE, 0x00, 0x00, 0x00, 0x00, 0x0F, 0xE4, 0x02, 0xFE, 0x00, 0x00, 0x00, 0x00, 0xF4, 0x00, 0x00,
    0xFE, 0x00, 0x00, 0x00, 0x0F, 0xE0, 0x00, 0x00, 0xFE, 0x00, 0x00, 0x00, 0xFF, 0xC1, 0xB8, 0x03,
    0xFE, 0x00, 0x00, 0x0F, 0xFF, 0xBF, 0xF4, 0x0B, 0xFE, 0x00, 0x00, 0xFF, 0xFF, 0xFF, 0xD0, 0x2F,
    0xFE, 0x00, 0x0F, 0xFF, 0xFF, 0xFF, 0x00, 0xFF, 0xFE, 0x00, 0xFF, 0xFF, 0xFF, 0xF0, 0x07, 0xFF,
    0xFE, 0x0F, 0xFF, 0xFF, 0xFF, 0x00, 0x7F, 0xFF, 0xFE, 0x3F, 0xFF, 0xFF, 0xF0, 0x07, 0xFF, 0xFF,
    0xF4, 0x3F, 0xFF, 0xFF, 0x80, 0xBF, 0xFF, 0xFF, 0x40, 0x3F, 0xFF, 0xFD, 0x03, 0xFF, 0xFF, 0xF4,
    0x00, 0x3F, 0xFF, 0xF4, 0x1F, 0xFF, 0xFF, 0x40, 0x00, 0x3F, 0xFF, 0xFF, 0xFF, 0xFF, 0xF4, 0x00,
    0x00, 0x3F, 0xFF, 0xFF, 0xFF, 0xFF, 0x40, 0x00, 0x00, 0x3F, 0xFE, 0x0B, 0xFF, 0xF4, 0x00, 0x00,
    0x00, 0x3F, 0xF0, 0x0F, 0xFF, 0x40, 0x00, 0x00, 0x00, 0x3F, 0xC0, 0x2F, 0xF4, 0x00, 0x00, 0x00,
    0x00, 0x3F, 0x00, 0xFF, 0x40, 0x00, 0x00, 0x00, 0x00, 0x3F, 0x5F, 0xF4, 0x00, 0x00, 0x00, 0x00,
    0x00, 0x3F, 0xFF, 0x40, 0x00, 0x00, 0x00, 0x00, 0x00, 0x3F, 0xF4, 0x00, 0x00, 0x00, 0x00, 0x00,
    0x00, 0x3F, 0x40, 0x00, 0x00, 0x00, 0x00, 0x00, 0x00, 0x34, 0x00, 0x00, 0x00, 0x00, 0x00, 0x00,
    0x00, 0x00, 0x00, 0x00, 0x00,
};

static const EpdGlyph notosans_16_bolditalicGlyphs[] = {
    { 0, 0, 0, 0, 0, 0, 0 }, //  
    { 0, 0, 9, 0, 0, 0, 0 }, // 
    { 0, 0, 9, 0, 0, 0, 0 }, //  
    { 11, 24, 10, 0, 24, 66, 0 }, // !
    { 13, 9, 15, 3, 24, 30, 66 }, // "
    { 22, 24, 22, 0, 24, 132, 96 }, // #
    { 19, 28, 18, 0, 26, 133, 228 }, // $
    { 27, 24, 29, 1, 24, 162, 361 }, // %
    { 23, 24, 24, 1, 24, 138, 523 }, // &
    { 6, 9, 9, 3, 24, 14, 661 }, // '
    { 13, 30, 11, 1, 24, 98, 675 }, // (
    { 14, 30, 11, -3, 24, 105, 773 }, // )
    { 17, 18, 18, 2, 27, 77, 878 }, // *
    { 17, 17, 19, 1, 21, 73, 955 }, // +
    { 9, 8, 10, -2, 4, 18, 1028 }, // ,
    { 10, 5, 11, 0, 12, 13, 1046 }, // -
    { 7, 6, 10, 0, 6, 11, 1059 }, // .
    { 19, 24, 14, -2, 24, 114, 1070 }, // /
    { 18, 24, 18, 1, 24, 108, 1184 }, // 0
    { 15, 24, 18, 2, 24, 90, 1292 }, // 1
    { 19, 24, 18, -1, 24, 114, 1382 }, // 2
    { 18, 24, 18, 0, 24, 108, 1496 }, // 3
    { 19, 24, 18, -1, 24, 114, 1604 }, // 4
    { 19, 24, 18, 0, 24, 114, 1718 }, // 5
    { 18, 24, 18, 1, 24, 108, 1832 }, // 6
    { 19, 24, 18, 1, 24, 114, 1940 }, // 7
    { 19, 24, 18, 0, 24, 114, 2054 }, // 8
    { 17, 24, 18, 1, 24, 102, 2168 }, // 9
    { 10, 19, 10, 0, 19, 48, 2270 }, // :
    { 12, 24, 10, -2, 19, 72, 2318 }, // ;
    { 17, 19, 19, 1, 22, 81, 2390 }, // <
    { 17, 10, 19, 1, 17, 43, 2471 }, // =
    { 17, 19, 19, 1, 22, 81, 2514 }, // >
    { 15, 24, 15, 2, 24, 90, 2595 }, // ?
    { 28, 27, 29, 1, 24, 189, 2685 }, // @
    { 21, 24, 21, -2, 24, 126, 2874 }, // A
    { 21, 24, 21, 0, 24, 126, 3000 }, // B
    { 21, 24, 20, 1, 24, 126, 3126 }, // C
    { 22, 24, 23, 0, 24, 132, 3252 }, // D
    { 20, 24, 18, 0, 24, 120, 3384 }, // E
    { 20, 24, 18, 0, 24, 120, 3504 }, // F
    { 22, 24, 23, 1, 24, 132, 3624 }, // G
    { 24, 24, 23, 0, 24, 144, 3756 }, // H
    { 16, 24, 13, -1, 24, 96, 3900 }, // I
    { 18, 32, 11, -6, 24, 144, 3996 }, // J
    { 24, 24, 20, 0, 24, 144, 4140 }, // K
    { 16, 24, 17, 0, 24, 96, 4284 }, // L
    { 30, 24, 29, 0, 24, 180, 4380 }, // M
    { 26, 24, 25, 0, 24, 156, 4560 }, // N
    { 23, 24, 24, 1, 24, 138, 4716 }, // O
    { 21, 24, 20, 0, 24, 126, 4854 }, // P
    { 23, 30, 24, 1, 24, 173, 4980 }, // Q
    { 20, 24, 21, 0, 24, 120, 5153 }, // R
    { 19, 24, 18, 0, 24, 114, 5273 }, // S
    { 19, 24, 18, 2, 24, 114, 5387 }, // T
    { 22, 24, 23, 2, 24, 132, 5501 }, // U
    { 20, 24, 20, 3, 24, 120, 5633 }, // V
    { 30, 24, 30, 3, 24, 180, 5753 }, // W
    { 25, 24, 20, -2, 24, 150, 5933 }, // X
    { 19, 24, 19, 3, 24, 114, 6083 }, // Y
    { 21, 24, 18, -1, 24, 126, 6197 }, // Z
    { 15, 32, 11, -1, 24, 120, 6323 }, // [
    { 9, 24, 14, 3, 24, 54, 6443 }, // <backslash>
    { 15, 32, 11, -3, 24, 120, 6497 }, // ]
    { 18, 16, 18, 0, 25, 72, 6617 }, // ^
    { 15, 3, 13, -4, -2, 12, 6689 }, // _
    { 8, 5, 11, 4, 26, 10, 6701 }, // `
    { 19, 19, 20, 1, 19, 91, 6711 }, // a
    { 19, 26, 20, 0, 26, 124, 6802 }, // b
    { 16, 19, 16, 1, 19, 76, 6926 }, // c
    { 20, 26, 20, 1, 26, 130, 7002 }, // d
    { 17, 19, 19, 1, 19, 81, 7132 }, // e
    { 21, 34, 12, -4, 26, 179, 7213 }, // f
    { 20, 27, 20, 0, 19, 135, 7392 }, // g
    { 19, 26, 20, 0, 26, 124, 7527 }, // h
    { 11, 26, 10, 0, 26, 72, 7651 }, // i
    { 16, 34, 10, -5, 26, 136, 7723 }, // j
    { 21, 26, 19, 0, 26, 137, 7859 }, // k
    { 11, 26, 10, 0, 26, 72, 7996 }, // l
    { 29, 19, 30, 0, 19, 138, 8068 }, // m
    { 19, 19, 20, 0, 19, 91, 8206 }, // n
    { 18, 19, 20, 1, 19, 86, 8297 }, // o
    { 21, 27, 20, -2, 19, 142, 8383 }, // p
    { 19, 27, 20, 1, 19, 129, 8525 }, // q
    { 16, 19, 14, 0, 19, 76, 8654 }, // r
    { 16, 19, 16, 0, 19, 76, 8730 }, // s
    { 14, 23, 14, 1, 23, 81, 8806 }, // t
    { 19, 19, 20, 1, 19, 91, 8887 }, // u
    { 18, 19, 17, 1, 19, 86, 8978 }, // v
    { 26, 19, 26, 2, 19, 124, 9064 }, // w
    { 22, 19, 18, -2, 19, 105, 9188 }, // x
    { 23, 27, 17, -3, 19, 156, 9293 }, // y
    { 17, 19, 16, -1, 19, 81, 9449 }, // z
    { 15, 31, 12, -1, 24, 117, 9530 }, // {
    { 4, 34, 18, 7, 26, 34, 9647 }, // |
    { 14, 31, 12, -2, 24, 109, 9681 }, // }
    { 17, 8, 19, 1, 16, 34, 9790 }, // ~
    { 0, 0, 9, 0, 0, 0, 9824 }, //  
    { 11, 25, 10, -2, 19, 69, 9824 }, // ¡
    { 16, 24, 18, 2, 24, 96, 9893 }, // ¢
    { 22, 24, 18, -1, 24, 132, 9989 }, // £
    { 17, 17, 18, 1, 21, 73, 10121 }, // ¤
    { 20, 24, 18, 1, 24, 120, 10194 }, // ¥
    { 4, 34, 18, 7, 26, 34, 10314 }, // ¦
    { 17, 26, 16, 0, 26, 111, 10348 }, // §
    { 12, 5, 18, 6, 26, 15, 10459 }, // ¨
    { 26, 26, 28, 1, 26, 169, 10474 }, // ©
    { 13, 12, 13, 2, 24, 39, 10643 }, // ª
    { 18, 17, 19, 1, 18, 77, 10682 }, // «
    { 17, 11, 19, 1, 15, 47, 10759 }, // ¬
    { 10, 5, 11, 0, 12, 13, 10806 }, // ­
    { 26, 26, 28, 1, 26, 169, 10819 }, // ®
    { 16, 3, 14, 3, 29, 12, 10988 }, // ¯
    { 12, 11, 14, 1, 24, 33, 11000 }, // °
    { 17, 22, 19, 1, 22, 94, 11033 }, // ±
    { 14, 15, 13, 1, 29, 53, 11127 }, // ²
    { 13, 15, 13, 2, 29, 49, 11180 }, // ³
    { 10, 6, 11, 3, 27, 15, 11229 }, // ´
    { 22, 27, 20, -2, 19, 149, 11244 }, // µ
    { 18, 30, 22, 2, 26, 135, 11393 }, // ¶
    { 7, 6, 10, 2, 15, 11, 11528 }, // ·
    { 9, 8, 7, -4, 0, 18, 11539 }, // ¸
    { 10, 14, 13, 3, 28, 35, 11557 }, // ¹
    { 12, 12, 12, 2, 24, 36, 11592 }, // º
    { 18, 17, 19, 0, 18, 77, 11628 }, // »
    { 25, 25, 28, 2, 25, 157, 11705 }, // ¼
    { 27, 25, 30, 2, 25, 169, 11862 }, // ½
    { 27, 25, 29, 1, 25, 169, 12031 }, // ¾
    { 14, 26, 16, -1, 19, 91, 12200 }, // ¿
    { 21, 32, 21, -2, 32, 168, 12291 }, // À
    { 23, 32, 21, -2, 32, 184, 12459 }, // Á
    { 23, 32, 21, -2, 32, 184, 12643 }, // Â
    { 24, 32, 21, -2, 32, 192, 12827 }, // Ã
    { 22, 32, 21, -2, 32, 176, 13019 }, // Ä
    { 21, 35, 21, -2, 35, 184, 13195 }, // Å
    { 33, 24, 30, -2, 24, 198, 13379 }, // Æ
    { 21, 32, 20, 1, 24, 168, 13577 }, // Ç
    { 20, 32, 18, 0, 32, 160, 13745 }, // È
    { 20, 32, 18, 0, 32, 160, 13905 }, // É
    { 20, 32, 18, 0, 32, 160, 14065 }, // Ê
    { 20, 32, 18, 0, 32, 160, 14225 }, // Ë
    { 16, 32, 13, -1, 32, 128, 14385 }, // Ì
    { 18, 32, 13, -1, 32, 144, 14513 }, // Í
    { 18, 32, 13, -1, 32, 144, 14657 }, // Î
    { 17, 32, 13, -1, 32, 136, 14801 }, // Ï
    { 22, 24, 23, 0, 24, 132, 14937 }, // Ð
    { 26, 32, 25, 0, 32, 208, 15069 }, // Ñ
    { 23, 32, 24, 1, 32, 184, 15277 }, // Ò
    { 23, 33, 24, 1, 33, 190, 15461 }, // Ó
    { 23, 32, 24, 1, 32, 184, 15651 }, // Ô
    { 23, 32, 24, 1, 32, 184, 15835 }, // Õ
    { 23, 32, 24, 1, 32, 184, 16019 }, // Ö
    { 16, 16, 19, 2, 20, 64, 16203 }, // ×
    { 23, 27, 24, 1, 25, 156, 16267 }, // Ø
    { 22, 32, 23, 2, 32, 176, 16423 }, // Ù
    { 22, 33, 23, 2, 33, 182, 16599 }, // Ú
    { 22, 32, 23, 2, 32, 176, 16781 }, // Û
    { 22, 32, 23, 2, 32, 176, 16957 }, // Ü
    { 19, 32, 19, 3, 32, 152, 17133 }, // Ý
    { 20, 24, 20, 0, 24, 120, 17285 }, // Þ
    { 27, 34, 22, -5, 26, 230, 17405 }, // ß
    { 19, 26, 20, 1, 26, 124, 17635 }, // à
    { 19, 26, 20, 1, 26, 124, 17759 }, // á
    { 19, 26, 20, 1, 26, 124, 17883 }, // â
    { 19, 27, 20, 1, 27, 129, 18007 }, // ã
    { 19, 26, 20, 1, 26, 124, 18136 }, // ä
    { 19, 29, 20, 1, 29, 138, 18260 }, // å
    { 28, 19, 29, 1, 19, 133, 18398 }, // æ
    { 16, 27, 16, 1, 19, 108, 18531 }, // ç
    { 17, 26, 19, 1, 26, 111, 18639 }, // è
    { 18, 26, 19, 1, 26, 117, 18750 }, // é
    { 18, 26, 19, 1, 26, 117, 18867 }, // ê
    { 17, 26, 19, 1, 26, 111, 18984 }, // ë
    { 10, 26, 10, 0, 26, 65, 19095 }, // ì
    { 14, 26, 10, 0, 26, 91, 19160 }, // í
    { 14, 26, 10, 0, 26, 91, 19251 }, // î
    { 13, 26, 10, 0, 26, 85, 19342 }, // ï
    { 18, 27, 19, 1, 27, 122, 19427 }, // ð
    { 20, 27, 20, 0, 27, 135, 19549 }, // ñ
    { 18, 26, 20, 1, 26, 117, 19684 }, // ò
    { 18, 26, 20, 1, 26, 117, 19801 }, // ó
    { 18, 26, 20, 1, 26, 117, 19918 }, // ô
    { 19, 27, 20, 1, 27, 129, 20035 }, // õ
    { 18, 26, 20, 1, 26, 117, 20164 }, // ö
    { 17, 17, 19, 1, 21, 73, 20281 }, // ÷
    { 19, 22, 20, 0, 20, 105, 20354 }, // ø
    { 19, 26, 20, 1, 26, 124, 20459 }, // ù
    { 19, 26, 20, 1, 26, 124, 20583 }, // ú
    { 19, 26, 20, 1, 26, 124, 20707 }, // û
    { 19, 26, 20, 1, 26, 124, 20831 }, // ü
    { 23, 34, 17, -3, 26, 196, 20955 }, // ý
    { 21, 34, 20, -2, 26, 179, 21151 }, // þ
    { 23, 34, 17, -3, 26, 196, 21330 }, // ÿ
    { 22, 30, 21, -2, 30, 165, 21526 }, // Ā
    { 19, 24, 20, 1, 24, 114, 21691 }, // ā
    { 23, 32, 21, -2, 32, 184, 21805 }, // Ă
    { 19, 26, 20, 1, 26, 124, 21989 }, // ă
    { 21, 32, 21, -2, 24, 168, 22113 }, // Ą
    { 19, 27, 20, 1, 19, 129, 22281 }, // ą
    { 21, 33, 20, 1, 33, 174, 22410 }, // Ć
    { 17, 26, 16, 1, 26, 111, 22584 }, // ć
    { 21, 32, 20, 1, 32, 168, 22695 }, // Ĉ
    { 17, 26, 16, 1, 26, 111, 22863 }, // ĉ
    { 21, 32, 20, 1, 32, 168, 22974 }, // Ċ
    { 16, 26, 16, 1, 26, 104, 23142 }, // ċ
    { 22, 32, 20, 1, 32, 176, 23246 }, // Č
    { 18, 26, 16, 1, 26, 117, 23422 }, // č
    { 23, 32, 23, 0, 32, 184, 23539 }, // Ď
    { 27, 26, 23, 1, 26, 176, 23723 }, // ď
    { 22, 24, 23, 0, 24, 132, 23899 }, // Đ
    { 22, 26, 20, 1, 26, 143, 24031 }, // đ
    { 20, 30, 18, 0, 30, 150, 24174 }, // Ē
    { 17, 24, 19, 1, 24, 102, 24324 }, // ē
    { 20, 32, 18, 0, 32, 160, 24426 }, // Ĕ
    { 18, 26, 19, 1, 26, 117, 24586 }, // ĕ
    { 20, 32, 18, 0, 32, 160, 24703 }, // Ė
    { 17, 26, 19, 1, 26, 111, 24863 }, // ė
    { 20, 32, 18, 0, 24, 160, 24974 }, // Ę
    { 17, 27, 19, 1, 19, 115, 25134 }, // ę
    { 21, 32, 18, 0, 32, 168, 25249 }, // Ě
    { 19, 26, 19, 1, 26, 124, 25417 }, // ě
    { 22, 32, 23, 1, 32, 176, 25541 }, // Ĝ
    { 20, 34, 20, 0, 26, 170, 25717 }, // ĝ
    { 22, 33, 23, 1, 33, 182, 25887 }, // Ğ
    { 20, 34, 20, 0, 26, 170, 26069 }, // ğ
    { 22, 32, 23, 1, 32, 176, 26239 }, // Ġ
    { 20, 34, 20, 0, 26, 170, 26415 }, // ġ
    { 22, 31, 23, 1, 24, 171, 26585 }, // Ģ
    { 20, 34, 20, 0, 26, 170, 26756 }, // ģ
    { 24, 32, 23, 0, 32, 192, 26926 }, // Ĥ
    { 19, 33, 20, 0, 33, 157, 27118 }, // ĥ
    { 26, 24, 23, 0, 24, 156, 27275 }, // Ħ
    { 19, 26, 20, 0, 26, 124, 27431 }, // ħ
    { 18, 32, 13, -1, 32, 144, 27555 }, // Ĩ
    { 15, 27, 10, 0, 27, 102, 27699 }, // ĩ
    { 17, 30, 13, -1, 30, 128, 27801 }, // Ī
    { 13, 24, 10, 0, 24, 78, 27929 }, // ī
    { 18, 32, 13, -1, 32, 144, 28007 }, // Ĭ
    { 14, 26, 10, 0, 26, 91, 28151 }, // ĭ
    { 16, 32, 13, -1, 24, 128, 28242 }, // Į
    { 13, 34, 10, -2, 26, 111, 28370 }, // į
    { 16, 32, 13, -1, 32, 128, 28481 }, // İ
    { 10, 19, 10, 0, 19, 48, 28609 }, // ı
    { 26, 32, 24, -1, 24, 208, 28657 }, // Ĳ
    { 21, 34, 20, 0, 26, 179, 28865 }, // ĳ
    { 22, 39, 11, -6, 31, 215, 29044 }, // Ĵ
    { 19, 34, 10, -5, 26, 162, 29259 }, // ĵ
    { 24, 31, 20, 0, 24, 186, 29421 }, // Ķ
    { 21, 33, 19, 0, 26, 174, 29607 }, // ķ
    { 21, 19, 19, 0, 19, 100, 29781 }, // ĸ
    { 17, 32, 17, 0, 32, 136, 29881 }, // Ĺ
    { 16, 34, 10, 0, 34, 136, 30017 }, // ĺ
    { 16, 31, 17, 0, 24, 124, 30153 }, // Ļ
    { 13, 33, 10, -2, 26, 108, 30277 }, // ļ
    { 20, 24, 17, 0, 24, 120, 30385 }, // Ľ
    { 18, 26, 13, 0, 26, 117, 30505 }, // ľ
    { 17, 24, 17, 0, 24, 102, 30622 }, // Ŀ
    { 16, 26, 15, 0, 26, 104, 30724 }, // ŀ
    { 17, 24, 17, -1, 24, 102, 30828 }, // Ł
    { 12, 26, 11, 0, 26, 78, 30930 }, // ł
    { 26, 32, 25, 0, 32, 208, 31008 }, // Ń
    { 19, 26, 20, 0, 26, 124, 31216 }, // ń
    { 26, 31, 25, 0, 24, 202, 31340 }, // Ņ
    { 19, 26, 20, 0, 19, 124, 31542 }, // ņ
    { 26, 32, 25, 0, 32, 208, 31666 }, // Ň
    { 21, 26, 20, 0, 26, 137, 31874 }, // ň
    { 22, 24, 24, 0, 24, 132, 32011 }, // ŉ
    { 26, 32, 25, 0, 24, 208, 32143 }, // Ŋ
    { 19, 27, 20, 0, 19, 129, 32351 }, // ŋ
    { 23, 30, 24, 1, 30, 173, 32480 }, // Ō
    { 18, 24, 20, 1, 24, 108, 32653 }, // ō
    { 23, 33, 24, 1, 33, 190, 32761 }, // Ŏ
    { 18, 26, 20, 1, 26, 117, 32951 }, // ŏ
    { 25, 32, 24, 1, 32, 200, 33068 }, // Ő
    { 22, 26, 20, 1, 26, 143, 33268 }, // ő
    { 30, 24, 30, 2, 24, 180, 33411 }, // Œ
    { 28, 19, 29, 1, 19, 133, 33591 }, // œ
    { 21, 32, 21, 0, 32, 168, 33724 }, // Ŕ
    { 17, 26, 14, 0, 26, 111, 33892 }, // ŕ
    { 20, 31, 21, 0, 24, 155, 34003 }, // Ŗ
    { 18, 26, 14, -2, 19, 117, 34158 }, // ŗ
    { 22, 32, 21, 0, 32, 176, 34275 }, // Ř
    { 18, 26, 14, 0, 26, 117, 34451 }, // ř
    { 19, 33, 18, 0, 33, 157, 34568 }, // Ś
    { 17, 26, 16, 0, 26, 111, 34725 }, // ś
    { 19, 32, 18, 0, 32, 152, 34836 }, // Ŝ
    { 17, 26, 16, 0, 26, 111, 34988 }, // ŝ
    { 19, 32, 18, 0, 24, 152, 35099 }, // Ş
    { 16, 27, 16, 0, 19, 108, 35251 }, // ş
    { 20, 32, 18, 0, 32, 160, 35359 }, // Š
    { 18, 26, 16, 0, 26, 117, 35519 }, // š
    { 19, 32, 18, 2, 24, 152, 35636 }, // Ţ
    { 14, 31, 14, 1, 23, 109, 35788 }, // ţ
    { 19, 32, 18, 2, 32, 152, 35897 }, // Ť
    { 18, 26, 14, 1, 26, 117, 36049 }, // ť
    { 19, 24, 18, 2, 24, 114, 36166 }, // Ŧ
    { 15, 23, 14, 0, 23, 87, 36280 }, // ŧ
    { 22, 32, 23, 2, 32, 176, 36367 }, // Ũ
    { 19, 27, 20, 1, 27, 129, 36543 }, // ũ
    { 22, 30, 23, 2, 30, 165, 36672 }, // Ū
    { 19, 24, 20, 1, 24, 114, 36837 }, // ū
    { 22, 33, 23, 2, 33, 182, 36951 }, // Ŭ
    { 19, 26, 20, 1, 26, 124, 37133 }, // ŭ
    { 22, 35, 23, 2, 35, 193, 37257 }, // Ů
    { 19, 29, 20, 1, 29, 138, 37450 }, // ů
    { 24, 32, 23, 2, 32, 192, 37588 }, // Ű
    { 22, 26, 20, 1, 26, 143, 37780 }, // ű
    { 22, 32, 23, 2, 24, 176, 37923 }, // Ų
    { 19, 27, 20, 1, 19, 129, 38099 }, // ų
    { 30, 32, 30, 3, 32, 240, 38228 }, // Ŵ
    { 26, 26, 26, 2, 26, 169, 38468 }, // ŵ
    { 19, 32, 19, 3, 32, 152, 38637 }, // Ŷ
    { 23, 34, 17, -3, 26, 196, 38789 }, // ŷ
    { 19, 32, 19, 3, 32, 152, 38985 }, // Ÿ
    { 21, 32, 18, -1, 32, 168, 39137 }, // Ź
    { 18, 26, 16, -1, 26, 117, 39305 }, // ź
    { 21, 32, 18, -1, 32, 168, 39422 }, // Ż
    { 17, 26, 16, -1, 26, 111, 39590 }, // ż
    { 22, 32, 18, -1, 32, 176, 39701 }, // Ž
    { 19, 26, 16, -1, 26, 124, 39877 }, // ž
    { 20, 34, 12, -4, 26, 170, 40001 }, // ſ
    { 8, 5, 0, -14, 26, 10, 40171 }, // ̀
    { 10, 6, 0, -8, 27, 15, 40181 }, // ́
    { 14, 5, 0, -5, 26, 18, 40196 }, // ̂
    { 15, 5, 0, -15, 26, 19, 40214 }, // ̃
    { 11, 3, 0, -3, 24, 9, 40233 }, // ̄
    { 15, 5, 0, -4, 30, 19, 40242 }, // ̅
    { 13, 6, 0, -3, 27, 20, 40261 }, // ̆
    { 6, 5, 0, 0, 26, 8, 40281 }, // ̇
    { 12, 5, 0, -3, 26, 15, 40289 }, // ̈
    { 8, 8, 0, -10, 29, 16, 40304 }, // ̉
    { 9, 8, 0, -1, 29, 18, 40320 }, // ̊
    { 16, 5, 0, -4, 26, 20, 40338 }, // ̋
    { 15, 5, 0, -4, 26, 19, 40358 }, // ̌
    { 6, 9, 0, 0, 26, 14, 40377 }, // ̍
    { 12, 6, 0, -3, 26, 18, 40391 }, // ̎
    { 14, 5, 0, -16, 26, 18, 40409 }, // ̏
    { 12, 9, 0, -3, 30, 27, 40427 }, // ̐
    { 13, 5, 0, -4, 26, 17, 40454 }, // ̑
    { 9, 8, 0, -2, 24, 18, 40471 }, // ̒
    { 9, 8, 0, -2, 24, 18, 40489 }, // ̓
    { 5, 8, 0, 0, 24, 10, 40507 }, // ̔
    { 9, 8, 0, -2, 24, 18, 40517 }, // ̕
    { 8, 5, 0, -7, -2, 10, 40535 }, // ̖
    { 10, 6, 0, -8, -1, 15, 40545 }, // ̗
    { 7, 7, 0, -6, 0, 13, 40560 }, // ̘
    { 8, 7, 0, -7, 0, 14, 40573 }, // ̙
    { 11, 10, 10, 2, 27, 28, 40587 }, // ̚
    { 10, 8, 0, -2, 26, 20, 40615 }, // ̛
    { 6, 9, 0, -2, 0, 14, 40635 }, // ̜
    { 8, 6, 0, -7, -1, 12, 40649 }, // ̝
    { 9, 7, 0, -7, -1, 16, 40661 }, // ̞
    { 8, 8, 0, -7, 0, 16, 40677 }, // ̟
    { 8, 3, 0, -7, -2, 6, 40693 }, // ̠
    { 9, 10, 0, -7, 2, 23, 40699 }, // ̡
    { 8, 10, 0, -4, 2, 20, 40722 }, // ̢
    { 7, 5, 0, -16, -2, 9, 40742 }, // ̣
    { 12, 5, 0, -9, -2, 15, 40751 }, // ̤
    { 9, 8, 0, -7, -1, 18, 40766 }, // ̥
    { 7, 5, 0, 2, -3, 9, 40784 }, // ̦
    { 9, 8, 0, -7, 0, 18, 40793 }, // ̧
    { 7, 8, 0, -6, 0, 14, 40811 }, // ̨
    { 7, 9, 0, -6, -1, 16, 40825 }, // ̩
    { 14, 7, 0, -10, -1, 25, 40841 }, // ̪
    { 13, 4, 0, -9, -2, 13, 40866 }, // ̫
    { 14, 5, 0, -9, -2, 18, 40879 }, // ̬
    { 14, 5, 0, -10, -2, 18, 40897 }, // ̭
    { 13, 6, 0, -9, -1, 20, 40915 }, // ̮
    { 13, 5, 0, -9, -2, 17, 40935 }, // ̯
    { 15, 5, 0, -10, -2, 19, 40952 }, // ̰
    { 12, 3, 0, -9, -3, 9, 40971 }, // ̱
    { 17, 3, 0, -11, -2, 13, 40980 }, // ̲
    { 16, 7, 0, -11, -1, 28, 40993 }, // ̳
    { 14, 5, 0, -7, 12, 18, 41021 }, // ̴
    { 15, 5, 0, -8, 12, 19, 41039 }, // ̵
    { 26, 5, 0, -13, 13, 33, 41058 }, // ̶
    { 12, 10, 0, -6, 15, 30, 41091 }, // ̷
    { 20, 28, 0, -10, 26, 140, 41121 }, // ̸
    { 6, 8, 0, -3, 0, 12, 41261 }, // ̹
    { 14, 6, 0, -10, -1, 21, 41273 }, // ̺
    { 14, 7, 0, -10, -1, 25, 41294 }, // ̻
    { 13, 4, 0, -9, -2, 13, 41319 }, // ̼
    { 8, 8, 0, -1, 27, 16, 41332 }, // ̽
    { 8, 10, 0, -1, 30, 20, 41348 }, // ̾
    { 15, 7, 0, -4, 33, 27, 41368 }, // ̿
    { 8, 5, 0, -3, 26, 10, 41395 }, // ̀
    { 10, 6, 0, 0, 27, 15, 41405 }, // ́
    { 14, 5, 0, 5, 26, 18, 41420 }, // ͂
    { 6, 7, 0, 0, 27, 11, 41438 }, // ̓
    { 18, 6, 0, -5, 27, 27, 41449 }, // ̈́
    { 7, 6, 0, -5, -2, 11, 41476 }, // ͅ
    { 16, 7, 0, -5, 27, 28, 41487 }, // ͆
    { 16, 7, 0, -11, -1, 28, 41515 }, // ͇
    { 11, 6, 0, -8, -1, 17, 41543 }, // ͈
    { 7, 7, 0, -6, -1, 13, 41560 }, // ͉
    { 13, 8, 0, -4, 27, 26, 41573 }, // ͊
    { 13, 13, 0, -3, 32, 43, 41599 }, // ͋
    { 14, 9, 0, -4, 30, 32, 41642 }, // ͌
    { 13, 8, 0, -9, 0, 26, 41674 }, // ͍
    { 7, 8, 0, -6, 0, 14, 41700 }, // ͎
    { 24, 24, 0, -12, 24, 144, 41714 }, // ͏
    { 6, 7, 0, 0, 27, 11, 41858 }, // ͐
    { 6, 9, 0, 4, 29, 14, 41869 }, // ͑
    { 12, 9, 0, -3, 30, 27, 41883 }, // ͒
    { 8, 7, 0, -6, -1, 14, 41910 }, // ͓
    { 6, 7, 0, -5, -1, 11, 41924 }, // ͔
    { 7, 7, 0, -5, -1, 13, 41935 }, // ͕
    { 13, 7, 0, -8, -1, 23, 41948 }, // ͖
    { 6, 8, 0, 3, 29, 12, 41971 }, // ͗
    { 6, 5, 0, 0, 26, 8, 41983 }, // ͘
    { 9, 7, 0, -7, -1, 16, 41991 }, // ͙
    { 13, 7, 0, -9, -1, 23, 42007 }, // ͚
    { 7, 7, 0, 0, 27, 13, 42030 }, // ͛
    { 26, 7, 0, -15, -1, 46, 42043 }, // ͜
    { 26, 7, 0, -10, 27, 46, 42089 }, // ͝
    { 18, 5, 0, -6, 26, 23, 42135 }, // ͞
    { 19, 5, 0, -12, 0, 24, 42158 }, // ͟
    { 27, 5, 0, -10, 26, 34, 42182 }, // ͠
    { 27, 7, 0, -10, 29, 48, 42216 }, // ͡
    { 27, 8, 0, -17, -1, 54, 42264 }, // ͢
    { 9, 8, 0, -1, 29, 18, 42318 }, // ͣ
    { 9, 9, 0, -1, 29, 21, 42336 }, // ͤ
    { 5, 11, 0, 1, 32, 14, 42357 }, // ͥ
    { 8, 8, 0, -1, 29, 16, 42371 }, // ͦ
    { 9, 8, 0, -1, 29, 18, 42387 }, // ͧ
    { 7, 8, 0, 0, 29, 14, 42405 }, // ͨ
    { 10, 11, 0, -1, 32, 28, 42419 }, // ͩ
    { 9, 11, 0, -2, 32, 25, 42447 }, // ͪ
    { 14, 7, 0, -4, 28, 25, 42472 }, // ͫ
    { 7, 8, 0, 0, 29, 14, 42497 }, // ͬ
    { 7, 9, 0, 0, 30, 16, 42511 }, // ͭ
    { 8, 7, 0, 0, 28, 14, 42527 }, // ͮ
    { 10, 7, 0, -2, 28, 18, 42541 }, // ͯ
    { 20, 32, 18, 0, 32, 160, 42559 }, // Ѐ
    { 20, 32, 18, 0, 32, 160, 42719 }, // Ё
    { 21, 24, 24, 2, 24, 126, 42879 }, // Ђ
    { 20, 32, 17, 0, 32, 160, 43005 }, // Ѓ
    { 21, 24, 20, 1, 24, 126, 43165 }, // Є
    { 19, 24, 18, 0, 24, 114, 43291 }, // Ѕ
    { 11, 24, 10, 0, 24, 66, 43405 }, // І
    { 15, 32, 10, 0, 32, 120, 43471 }, // Ї
    { 18, 31, 11, -6, 24, 140, 43591 }, // Ј
    { 34, 24, 32, -2, 24, 204, 43731 }, // Љ
    { 31, 24, 31, 0, 24, 186, 43935 }, // Њ
    { 21, 24, 24, 2, 24, 126, 44121 }, // Ћ
    { 24, 32, 21, 0, 32, 192, 44247 }, // Ќ
    { 24, 32, 23, 0, 32, 192, 44439 }, // Ѝ
    { 23, 32, 20, 0, 32, 184, 44631 }, // Ў
    { 23, 30, 22, 0, 24, 173, 44815 }, // Џ
    { 21, 24, 21, -2, 24, 126, 44988 }, // А
    { 20, 24, 20, 0, 24, 120, 45114 }, // Б
    { 21, 24, 21, 0, 24, 126, 45234 }, // В
    { 20, 24, 17, 0, 24, 120, 45360 }, // Г
    { 27, 31, 24, -3, 24, 210, 45480 }, // Д
    { 20, 24, 18, 0, 24, 120, 45690 }, // Е
    { 35, 24, 30, -2, 24, 210, 45810 }, // Ж
    { 20, 24, 19, 0, 24, 120, 46020 }, // З
    { 24, 24, 23, 0, 24, 144, 46140 }, // И
    { 24, 32, 23, 0, 32, 192, 46284 }, // Й
    { 24, 24, 21, 0, 24, 144, 46476 }, // К
    { 26, 24, 23, -2, 24, 156, 46620 }, // Л
    { 30, 24, 29, 0, 24, 180, 46776 }, // М
    { 24, 24, 23, 0, 24, 144, 46956 }, // Н
    { 23, 24, 24, 1, 24, 138, 47100 }, // О
    { 24, 24, 23, 0, 24, 144, 47238 }, // П
    { 21, 24, 20, 0, 24, 126, 47382 }, // Р
    { 21, 24, 20, 1, 24, 126, 47508 }, // С
    { 19, 24, 17, 2, 24, 114, 47634 }, // Т
    { 23, 24, 20, 0, 24, 138, 47748 }, // У
    { 28, 24, 29, 1, 24, 168, 47886 }, // Ф
    { 25, 24, 20, -2, 24, 150, 48054 }, // Х
    { 23, 31, 23, 0, 24, 179, 48204 }, // Ц
    { 21, 24, 22, 2, 24, 126, 48383 }, // Ч
    { 34, 24, 33, 0, 24, 204, 48509 }, // Ш
    { 33, 30, 33, 0, 24, 248, 48713 }, // Щ
    { 21, 24, 23, 2, 24, 126, 48961 }, // Ъ
    { 30, 24, 29, 0, 24, 180, 49087 }, // Ы
    { 19, 24, 20, 0, 24, 114, 49267 }, // Ь
    { 21, 24, 20, 0, 24, 126, 49381 }, // Э
    { 33, 24, 33, 0, 24, 198, 49507 }, // Ю
    { 24, 24, 21, -2, 24, 144, 49705 }, // Я
    { 19, 19, 19, 0, 19, 91, 49849 }, // а
    { 19, 27, 19, 1, 27, 129, 49940 }, // б
    { 18, 19, 18, 0, 19, 86, 50069 }, // в
    { 17, 19, 15, -1, 19, 81, 50155 }, // г
    { 18, 26, 19, 1, 26, 117, 50236 }, // д
    { 17, 19, 17, 1, 19, 81, 50353 }, // е
    { 34, 19, 32, -1, 19, 162, 50434 }, // ж
    { 16, 19, 17, 0, 19, 76, 50596 }, // з
    { 19, 19, 20, 1, 19, 91, 50672 }, // и
    { 19, 27, 20, 1, 27, 129, 50763 }, // й
    { 21, 19, 19, 0, 19, 100, 50892 }, // к
    { 21, 19, 20, -1, 19, 100, 50992 }, // л
    { 26, 19, 26, 0, 19, 124, 51092 }, // м
    { 20, 19, 20, 0, 19, 95, 51216 }, // н
    { 19, 19, 19, 0, 19, 91, 51311 }, // о
    { 19, 19, 20, 0, 19, 91, 51402 }, // п
    { 21, 27, 20, -2, 19, 142, 51493 }, // р
    { 16, 19, 16, 0, 19, 76, 51635 }, // с
    { 29, 19, 30, 0, 19, 138, 51711 }, // т
    { 23, 27, 18, -3, 19, 156, 51849 }, // у
    { 23, 35, 25, 1, 27, 202, 52005 }, // ф
    { 22, 19, 17, -2, 19, 105, 52207 }, // х
    { 19, 23, 20, 1, 19, 110, 52312 }, // ц
    { 17, 19, 19, 2, 19, 81, 52422 }, // ч
    { 29, 19, 30, 1, 19, 138, 52503 }, // ш
    { 29, 23, 30, 1, 19, 167, 52641 }, // щ
    { 19, 19, 21, 1, 19, 91, 52808 }, // ъ
    { 26, 19, 27, 1, 19, 124, 52899 }, // ы
    { 17, 19, 18, 1, 19, 81, 53023 }, // ь
    { 15, 19, 16, 0, 19, 72, 53104 }, // э
    { 27, 19, 27, 0, 19, 129, 53176 }, // ю
    { 20, 19, 18, -2, 19, 95, 53305 }, // я
    { 17, 26, 17, 1, 26, 111, 53400 }, // ѐ
    { 17, 26, 17, 1, 26, 111, 53511 }, // ё
    { 19, 34, 20, 0, 26, 162, 53622 }, // ђ
    { 18, 27, 15, -1, 27, 122, 53784 }, // ѓ
    { 16, 19, 16, 0, 19, 76, 53906 }, // є
    { 15, 19, 15, 0, 19, 72, 53982 }, // ѕ
    { 11, 26, 10, 0, 26, 72, 54054 }, // і
    { 13, 26, 10, 0, 26, 85, 54126 }, // ї
    { 16, 34, 10, -5, 26, 136, 54211 }, // ј
    { 29, 19, 29, -1, 19, 138, 54347 }, // љ
    { 27, 19, 28, 0, 19, 129, 54485 }, // њ
    { 19, 26, 20, 0, 26, 124, 54614 }, // ћ
    { 21, 26, 19, 0, 26, 137, 54738 }, // ќ
    { 19, 26, 20, 1, 26, 124, 54875 }, // ѝ
    { 23, 35, 18, -3, 27, 202, 54999 }, // ў
    { 19, 26, 20, 1, 19, 124, 55201 }, // џ
    { 31, 24, 30, 2, 24, 186, 55325 }, // Ѡ
    { 27, 19, 27, 2, 19, 129, 55511 }, // ѡ
    { 18, 24, 21, 2, 24, 108, 55640 }, // Ѣ
    { 27, 19, 28, 0, 19, 129, 55748 }, // ѣ
    { 31, 24, 30, 0, 24, 186, 55877 }, // Ѥ
    { 26, 19, 25, 0, 19, 124, 56063 }, // ѥ
    { 23, 24, 22, -2, 24, 138, 56187 }, // Ѧ
    { 21, 19, 19, -3, 19, 100, 56325 }, // ѧ
    { 29, 24, 31, 0, 24, 174, 56425 }, // Ѩ
    { 27, 19, 28, 0, 19, 129, 56599 }, // ѩ
    { 27, 24, 24, -2, 24, 162, 56728 }, // Ѫ
    { 22, 19, 19, -2, 19, 105, 56890 }, // ѫ
    { 34, 24, 33, 0, 24, 204, 56995 }, // Ѭ
    { 29, 19, 28, 0, 19, 138, 57199 }, // ѭ
    { 22, 38, 20, -2, 30, 209, 57337 }, // Ѯ
    { 20, 31, 17, -2, 23, 155, 57546 }, // ѯ
    { 27, 24, 28, 3, 24, 162, 57701 }, // Ѱ
    { 25, 34, 27, 1, 26, 213, 57863 }, // ѱ
    { 23, 24, 24, 1, 24, 138, 58076 }, // Ѳ
    { 18, 19, 20, 1, 19, 86, 58214 }, // ѳ
    { 21, 24, 22, 3, 24, 126, 58300 }, // Ѵ
    { 19, 19, 18, 1, 19, 91, 58426 }, // ѵ
    { 21, 32, 22, 3, 32, 168, 58517 }, // Ѷ
    { 19, 26, 18, 1, 26, 124, 58685 }, // ѷ
    { 43, 32, 42, 1, 24, 344, 58809 }, // Ѹ
    { 38, 27, 37, 1, 19, 257, 59153 }, // ѹ
    { 23, 29, 25, 2, 27, 167, 59410 }, // Ѻ
    { 19, 22, 21, 1, 20, 105, 59577 }, // ѻ
    { 31, 36, 34, 2, 36, 279, 59682 }, // Ѽ
    { 27, 31, 29, 1, 31, 210, 59961 }, // ѽ
    { 31, 31, 30, 2, 31, 241, 60171 }, // Ѿ
    { 27, 25, 27, 2, 25, 169, 60412 }, // ѿ
    { 21, 32, 20, 1, 24, 168, 60581 }, // Ҁ
    { 16, 27, 16, 1, 19, 108, 60749 }, // ҁ
    { 18, 23, 20, 1, 22, 104, 60857 }, // ҂
    { 13, 6, 0, -13, 25, 20, 60961 }, // ҃
    { 14, 6, 0, -14, 27, 21, 60981 }, // ҄
    { 6, 7, 0, -9, 27, 11, 61002 }, // ҅
    { 7, 7, 0, -10, 27, 13, 61013 }, // ҆
    { 14, 6, 0, -3, 32, 21, 61026 }, // ҇
    { 38, 36, 0, -19, 28, 342, 61047 }, // ҈
    { 38, 38, 0, -19, 28, 361, 61389 }, // ҉
    { 27, 40, 27, 0, 33, 270, 61750 }, // Ҋ
    { 20, 34, 21, 1, 28, 170, 62020 }, // ҋ
    { 18, 24, 20, 0, 24, 108, 62190 }, // Ҍ
    { 17, 27, 19, 1, 27, 115, 62298 }, // ҍ
    { 21, 24, 20, 0, 24, 126, 62413 }, // Ҏ
    { 21, 27, 20, -2, 19, 142, 62539 }, // ҏ
    { 21, 30, 17, 0, 30, 158, 62681 }, // Ґ
    { 18, 24, 15, 0, 24, 108, 62839 }, // ґ
    { 20, 24, 17, 0, 24, 120, 62947 }, // Ғ
    { 18, 19, 15, -1, 19, 86, 63067 }, // ғ
    { 20, 32, 22, 0, 24, 160, 63153 }, // Ҕ
    { 17, 27, 19, 0, 19, 115, 63313 }, // ҕ
    { 35, 31, 31, -3, 24, 272, 63428 }, // Җ
    { 34, 26, 32, -1, 19, 221, 63700 }, // җ
    { 20, 32, 19, 0, 24, 160, 63921 }, // Ҙ
    { 16, 27, 17, 0, 19, 108, 64081 }, // ҙ
    { 23, 31, 23, 0, 24, 179, 64189 }, // Қ
    { 21, 26, 20, 0, 19, 137, 64368 }, // қ
    { 24, 24, 21, 0, 24, 144, 64505 }, // Ҝ
    { 21, 19, 20, 1, 19, 100, 64649 }, // ҝ
    { 24, 24, 20, 0, 24, 144, 64749 }, // Ҟ
    { 21, 26, 19, 0, 26, 137, 64893 }, // ҟ
    { 25, 24, 23, 2, 24, 150, 65030 }, // Ҡ
    { 23, 19, 22, 1, 19, 110, 65180 }, // ҡ
    { 24, 31, 26, 0, 24, 186, 65290 }, // Ң
    { 21, 26, 22, 0, 19, 137, 65476 }, // ң
    { 29, 24, 26, 0, 24, 174, 65613 }, // Ҥ
    { 26, 19, 24, 0, 19, 124, 65787 }, // ҥ
    { 32, 32, 34, 0, 24, 256, 65911 }, // Ҧ
    { 27, 27, 29, 0, 19, 183, 66167 }, // ҧ
    { 21, 25, 24, 2, 24, 132, 66350 }, // Ҩ
    { 18, 20, 20, 1, 19, 90, 66482 }, // ҩ
    { 21, 32, 20, 1, 24, 168, 66572 }, // Ҫ
    { 16, 27, 16, 1, 19, 108, 66740 }, // ҫ
    { 19, 31, 18, 2, 24, 148, 66848 }, // Ҭ
    { 30, 26, 31, 0, 19, 195, 66996 }, // ҭ
    { 19, 24, 19, 3, 24, 114, 67191 }, // Ү
    { 18, 27, 17, 1, 19, 122, 67305 }, // ү
    { 21, 24, 19, 1, 24, 126, 67427 }, // Ұ
    { 20, 27, 17, -1, 19, 135, 67553 }, // ұ
    { 25, 31, 23, -2, 24, 194, 67688 }, // Ҳ
    { 22, 26, 20, -2, 19, 143, 67882 }, // ҳ
    { 25, 32, 28, 2, 24, 200, 68025 }, // Ҵ
    { 21, 25, 23, 1, 19, 132, 68225 }, // ҵ
    { 21, 31, 25, 3, 24, 163, 68357 }, // Ҷ
    { 18, 26, 21, 2, 19, 117, 68520 }, // ҷ
    { 20, 24, 23, 3, 24, 120, 68637 }, // Ҹ
    { 18, 19, 20, 2, 19, 86, 68757 }, // ҹ
    { 21, 24, 23, 0, 24, 126, 68843 }, // Һ
    { 19, 26, 20, 0, 26, 124, 68969 }, // һ
    { 25, 24, 26, 1, 24, 150, 69093 }, // Ҽ
    { 22, 19, 22, 0, 19, 105, 69243 }, // ҽ
    { 25, 31, 26, 1, 24, 194, 69348 }, // Ҿ
    { 22, 26, 22, 0, 19, 143, 69542 }, // ҿ
    { 16, 24, 13, -1, 24, 96, 69685 }, // Ӏ
    { 35, 32, 30, -2, 32, 280, 69781 }, // Ӂ
    { 34, 27, 32, -1, 27, 230, 70061 }, // ӂ
    { 23, 32, 23, 0, 24, 184, 70291 }, // Ӄ
    { 21, 27, 21, 0, 19, 142, 70475 }, // ӄ
    { 26, 31, 25, -1, 24, 202, 70617 }, // Ӆ
    { 22, 26, 22, -1, 19, 143, 70819 }, // ӆ
    { 24, 32, 23, 0, 24, 192, 70962 }, // Ӈ
    { 20, 27, 21, 0, 19, 135, 71154 }, // ӈ
    { 25, 31, 26, 0, 24, 194, 71289 }, // Ӊ
    { 22, 26, 23, 0, 19, 143, 71483 }, // ӊ
    { 20, 31, 22, 3, 24, 155, 71626 }, // Ӌ
    { 18, 26, 20, 2, 19, 117, 71781 }, // ӌ
    { 31, 31, 32, 0, 24, 241, 71898 }, // Ӎ
    { 27, 26, 28, 0, 19, 176, 72139 }, // ӎ
    { 16, 24, 13, -1, 24, 96, 72315 }, // ӏ
    { 24, 32, 21, -2, 32, 192, 72411 }, // Ӑ
    { 19, 27, 20, 1, 27, 129, 72603 }, // ӑ
    { 22, 31, 21, -2, 31, 171, 72732 }, // Ӓ
    { 19, 26, 20, 1, 26, 124, 72903 }, // ӓ
    { 33, 24, 30, -2, 24, 198, 73027 }, // Ӕ
    { 28, 19, 29, 1, 19, 133, 73225 }, // ӕ
    { 21, 32, 18, 0, 32, 168, 73358 }, // Ӗ
    { 19, 27, 19, 1, 27, 129, 73526 }, // ӗ
    { 20, 24, 22, 1, 24, 120, 73655 }, // Ә
    { 18, 19, 19, 0, 19, 86, 73775 }, // ә
    { 20, 32, 22, 1, 32, 160, 73861 }, // Ӛ
    { 18, 26, 19, 0, 26, 117, 74021 }, // ӛ
    { 35, 31, 30, -2, 31, 272, 74138 }, // Ӝ
    { 34, 26, 32, -1, 26, 221, 74410 }, // ӝ
    { 20, 31, 19, 0, 31, 155, 74631 }, // Ӟ
    { 17, 26, 17, 0, 26, 111, 74786 }, // ӟ
    { 20, 24, 19, -1, 24, 120, 74897 }, // Ӡ
    { 20, 27, 18, -2, 19, 135, 75017 }, // ӡ
    { 24, 30, 23, 0, 30, 180, 75152 }, // Ӣ
    { 19, 24, 20, 1, 24, 114, 75332 }, // ӣ
    { 24, 31, 23, 0, 31, 186, 75446 }, // Ӥ
    { 19, 26, 20, 1, 26, 124, 75632 }, // ӥ
    { 23, 32, 24, 1, 32, 184, 75756 }, // Ӧ
    { 18, 26, 20, 1, 26, 117, 75940 }, // ӧ
    { 23, 24, 24, 1, 24, 138, 76057 }, // Ө
    { 18, 19, 20, 1, 19, 86, 76195 }, // ө
    { 23, 31, 24, 1, 31, 179, 76281 }, // Ӫ
    { 18, 26, 20, 1, 26, 117, 76460 }, // ӫ
    { 21, 31, 20, 0, 31, 163, 76577 }, // Ӭ
    { 16, 26, 16, 0, 26, 104, 76740 }, // ӭ
    { 23, 30, 20, 0, 30, 173, 76844 }, // Ӯ
    { 23, 32, 17, -3, 24, 184, 77017 }, // ӯ
    { 23, 32, 20, 0, 32, 184, 77201 }, // Ӱ
    { 23, 34, 17, -3, 26, 196, 77385 }, // ӱ
    { 24, 32, 20, 0, 32, 192, 77581 }, // Ӳ
    { 24, 34, 17, -3, 26, 204, 77773 }, // ӳ
    { 21, 31, 22, 2, 31, 163, 77977 }, // Ӵ
    { 17, 25, 19, 2, 25, 107, 78140 }, // ӵ
    { 20, 31, 17, 0, 24, 155, 78247 }, // Ӷ
    { 17, 26, 15, 0, 19, 111, 78402 }, // ӷ
    { 30, 31, 29, 0, 31, 233, 78513 }, // Ӹ
    { 26, 26, 27, 1, 26, 169, 78746 }, // ӹ
    { 20, 32, 17, 0, 24, 160, 78915 }, // Ӻ
    { 18, 27, 15, -1, 19, 122, 79075 }, // ӻ
    { 25, 32, 23, -2, 24, 200, 79197 }, // Ӽ
    { 22, 27, 20, -2, 19, 149, 79397 }, // ӽ
    { 25, 24, 20, -2, 24, 150, 79546 }, // Ӿ
    { 22, 19, 18, -2, 19, 105, 79696 }, // ӿ
    { 0, 0, 17, 0, 0, 0, 79801 }, //  
    { 0, 0, 33, 0, 0, 0, 79801 }, //  
    { 0, 0, 17, 0, 0, 0, 79801 }, //  
    { 0, 0, 33, 0, 0, 0, 79801 }, //  
    { 0, 0, 11, 0, 0, 0, 79801 }, //  
    { 0, 0, 8, 0, 0, 0, 79801 }, //  
    { 0, 0, 6, 0, 0, 0, 79801 }, //  
    { 0, 0, 18, 0, 0, 0, 79801 }, //  
    { 0, 0, 10, 0, 0, 0, 79801 }, //  
    { 0, 0, 6, 0, 0, 0, 79801 }, //  
    { 0, 0, 3, 0, 0, 0, 79801 }, //  
    { 0, 0, 0, 0, 0, 0, 79801 }, // ​
    { 0, 0, 0, 0, 0, 0, 79801 }, // ‌
    { 0, 0, 0, 0, 0, 0, 79801 }, // ‍
    { 9, 29, 0, -1, 24, 66, 79801 }, // ‎
    { 9, 29, 0, -8, 24, 66, 79867 }, // ‏
    { 10, 5, 11, 0, 12, 13, 79933 }, // ‐
    { 10, 5, 11, 0, 12, 13, 79946 }, // ‑
    { 17, 5, 18, 1, 15, 22, 79959 }, // ‒
    { 16, 5, 16, 0, 12, 20, 79981 }, // –
    { 32, 5, 32, 0, 12, 40, 80001 }, // —
    { 32, 5, 32, 0, 12, 40, 80041 }, // ―
    { 13, 34, 18, 3, 26, 111, 80081 }, // ‖
    { 16, 7, 13, -4, -1, 28, 80192 }, // ‗
    { 9, 8, 7, 1, 24, 18, 80220 }, // ‘
    { 9, 8, 7, 1, 24, 18, 80238 }, // ’
    { 9, 8, 9, -2, 4, 18, 80256 }, // ‚
    { 6, 8, 7, 3, 24, 12, 80274 }, // ‛
    { 17, 8, 14, 1, 24, 34, 80286 }, // “
    { 16, 8, 14, 1, 24, 32, 80320 }, // ”
    { 16, 8, 17, -2, 4, 32, 80352 }, // „
    { 13, 8, 14, 3, 24, 26, 80384 }, // ‟
    { 15, 26, 17, 3, 26, 98, 80410 }, // †
    { 17, 26, 17, 1, 26, 111, 80508 }, // ‡
    { 10, 11, 13, 2, 18, 28, 80619 }, // •
    { 11, 14, 12, 1, 20, 39, 80647 }, // ‣
    { 7, 6, 17, 3, 6, 11, 80686 }, // ․
    { 16, 6, 19, 0, 6, 24, 80697 }, // ‥
    { 25, 6, 28, 0, 6, 38, 80721 }, // …
    { 7, 6, 11, 2, 12, 11, 80759 }, // ‧
    { 0, 0, 20, 0, 0, 0, 80770 }, //  
    { 0, 0, 20, 0, 0, 0, 80770 }, //  
    { 9, 26, 0, -1, 21, 59, 80770 }, // ‪
    { 9, 26, 0, -8, 21, 59, 80829 }, // ‫
    { 8, 28, 0, -4, 23, 56, 80888 }, // ‬
    { 8, 29, 0, -4, 24, 58, 80944 }, // ‭
    { 8, 29, 0, -4, 24, 58, 81002 }, // ‮
    { 0, 0, 6, 0, 0, 0, 81060 }, //  
    { 39, 24, 41, 1, 24, 234, 81060 }, // ‰
    { 51, 24, 53, 1, 24, 306, 81294 }, // ‱
    { 10, 9, 9, 2, 24, 23, 81600 }, // ′
    { 18, 9, 17, 2, 24, 41, 81623 }, // ″
    { 25, 9, 25, 2, 24, 57, 81664 }, // ‴
    { 9, 9, 9, 2, 24, 21, 81721 }, // ‵
    { 17, 9, 17, 2, 24, 39, 81742 }, // ‶
    { 24, 9, 25, 2, 24, 54, 81781 }, // ‷
    { 12, 11, 12, -3, 3, 33, 81835 }, // ‸
    { 10, 17, 11, 1, 18, 43, 81868 }, // ‹
    { 10, 17, 11, 0, 18, 43, 81911 }, // ›
    { 27, 26, 28, 1, 24, 176, 81954 }, // ※
    { 20, 24, 19, 0, 24, 120, 82130 }, // ‼
    { 15, 24, 15, 2, 24, 90, 82250 }, // ‽
    { 16, 3, 14, 3, 29, 12, 82340 }, // ‾
    { 17, 8, 18, -2, 0, 34, 82352 }, // ‿
    { 18, 9, 18, 2, 28, 41, 82386 }, // ⁀
    { 17, 22, 13, -3, 14, 94, 82427 }, // ⁁
    { 38, 32, 38, -1, 27, 304, 82521 }, // ⁂
    { 10, 5, 11, 0, 12, 13, 82825 }, // ⁃
    { 22, 24, 4, -9, 24, 132, 82838 }, // ⁄
    { 15, 32, 11, -1, 24, 120, 82970 }, // ⁅
    { 15, 32, 11, -3, 24, 120, 83090 }, // ⁆
    { 30, 24, 30, 2, 24, 180, 83210 }, // ⁇
    { 25, 24, 25, 2, 24, 150, 83390 }, // ⁈
    { 26, 24, 25, 0, 24, 156, 83540 }, // ⁉
    { 17, 19, 18, 2, 19, 81, 83696 }, // ⁊
    { 18, 30, 21, 3, 26, 135, 83777 }, // ⁋
    { 18, 17, 21, 1, 19, 77, 83912 }, // ⁌
    { 18, 17, 21, 2, 19, 77, 83989 }, // ⁍
    { 17, 18, 18, -1, 10, 77, 84066 }, // ⁎
    { 9, 24, 10, 1, 19, 54, 84143 }, // ⁏
    { 22, 36, 18, -2, 28, 198, 84197 }, // ⁐
    { 20, 35, 18, -1, 26, 175, 84395 }, // ⁑
    { 14, 24, 14, 0, 24, 84, 84570 }, // ⁒
    { 32, 7, 33, 1, 14, 56, 84654 }, // ⁓
    { 17, 9, 18, -3, 0, 39, 84710 }, // ⁔
    { 19, 18, 19, 0, 18, 86, 84749 }, // ⁕
    { 16, 24, 19, 1, 24, 96, 84835 }, // ⁖
    { 30, 9, 29, 2, 24, 68, 84931 }, // ⁗
    { 26, 24, 28, 1, 24, 156, 84999 }, // ⁘
    { 26, 24, 28, 1, 24, 156, 85155 }, // ⁙
    { 7, 24, 9, 1, 24, 42, 85311 }, // ⁚
    { 22, 27, 24, 1, 27, 149, 85353 }, // ⁛
    { 27, 26, 28, 0, 25, 176, 85502 }, // ⁜
    { 7, 26, 9, 1, 26, 46, 85678 }, // ⁝
    { 6, 24, 10, 2, 24, 36, 85724 }, // ⁞
    { 0, 0, 7, 0, 0, 0, 85760 }, //  
    { 0, 0, 20, 0, 0, 0, 85760 }, // ⁠
    { 0, 0, 20, 0, 0, 0, 85760 }, // ⁡
    { 0, 0, 20, 0, 0, 0, 85760 }, // ⁢
    { 0, 0, 20, 0, 0, 0, 85760 }, // ⁣
    { 0, 0, 20, 0, 0, 0, 85760 }, // ⁤
    { 0, 0, 20, 0, 0, 0, 85760 }, // ⁦
    { 0, 0, 20, 0, 0, 0, 85760 }, // ⁧
    { 0, 0, 20, 0, 0, 0, 85760 }, // ⁨
    { 0, 0, 20, 0, 0, 0, 85760 }, // ⁩
    { 8, 29, 0, -4, 24, 58, 85760 }, // ⁪
    { 8, 29, 0, -4, 24, 58, 85818 }, // ⁫
    { 8, 28, 0, -4, 23, 56, 85876 }, // ⁬
    { 8, 29, 0, -4, 24, 58, 85932 }, // ⁭
    { 8, 29, 0, -4, 24, 58, 85990 }, // ⁮
    { 8, 29, 0, -4, 24, 58, 86048 }, // ⁯
    { 12, 15, 13, 3, 29, 45, 86106 }, // ⁰
    { 7, 15, 8, 2, 25, 27, 86151 }, // ⁱ
    { 14, 15, 13, 1, 28, 53, 86178 }, // ⁴
    { 13, 15, 13, 2, 29, 49, 86231 }, // ⁵
    { 12, 15, 13, 3, 29, 45, 86280 }, // ⁶
    { 13, 16, 13, 3, 29, 52, 86325 }, // ⁷
    { 13, 15, 13, 2, 29, 49, 86377 }, // ⁸
    { 12, 15, 13, 3, 29, 45, 86426 }, // ⁹
    { 11, 10, 13, 3, 25, 28, 86471 }, // ⁺
    { 11, 3, 13, 3, 21, 9, 86499 }, // ⁻
    { 10, 7, 13, 4, 24, 18, 86508 }, // ⁼
    { 8, 18, 7, 4, 29, 36, 86526 }, // ⁽
    { 9, 18, 7, 0, 29, 41, 86562 }, // ⁾
    { 12, 11, 13, 2, 21, 33, 86603 }, // ⁿ
    { 12, 15, 13, -1, 10, 45, 86636 }, // ₀
    { 11, 14, 13, -1, 10, 39, 86681 }, // ₁
    { 13, 15, 13, -2, 11, 49, 86720 }, // ₂
    { 13, 16, 13, -2, 11, 52, 86769 }, // ₃
    { 13, 15, 13, -2, 10, 49, 86821 }, // ₄
    { 13, 15, 13, -2, 10, 49, 86870 }, // ₅
    { 13, 15, 13, -1, 10, 49, 86919 }, // ₆
    { 13, 16, 13, -1, 11, 52, 86968 }, // ₇
    { 13, 15, 13, -2, 10, 49, 87020 }, // ₈
    { 12, 16, 13, -1, 11, 48, 87069 }, // ₉
    { 10, 10, 13, 0, 8, 25, 87117 }, // ₊
    { 10, 3, 13, 0, 4, 8, 87142 }, // ₋
    { 11, 7, 13, 0, 6, 20, 87150 }, // ₌
    { 9, 19, 7, 0, 12, 43, 87170 }, // ₍
    { 9, 19, 7, -4, 12, 43, 87213 }, // ₎
    { 12, 11, 13, -1, 8, 33, 87256 }, // ₐ
    { 11, 11, 12, -1, 8, 31, 87289 }, // ₑ
    { 11, 11, 13, -1, 8, 31, 87320 }, // ₒ
    { 14, 11, 12, -3, 8, 39, 87351 }, // ₓ
    { 12, 11, 12, -2, 8, 33, 87390 }, // ₔ
    { 13, 15, 15, -1, 12, 49, 87423 }, // ₕ
    { 14, 15, 13, -1, 12, 53, 87472 }, // ₖ
    { 8, 15, 8, -1, 12, 30, 87525 }, // ₗ
    { 19, 11, 21, -1, 8, 53, 87555 }, // ₘ
    { 13, 11, 13, -2, 8, 36, 87608 }, // ₙ
    { 14, 16, 13, -3, 8, 56, 87644 }, // ₚ
    { 10, 11, 11, -1, 8, 28, 87700 }, // ₛ
    { 9, 14, 9, -1, 11, 32, 87728 }, // ₜ
    { 19, 24, 19, 1, 24, 114, 87760 }, // ₠
    { 20, 28, 18, 1, 26, 140, 87874 }, // ₡
    { 20, 24, 19, 1, 24, 120, 88014 }, // ₢
    { 20, 24, 18, 0, 24, 120, 88134 }, // ₣
    { 22, 24, 18, -1, 24, 132, 88254 }, // ₤
    { 29, 27, 30, 0, 23, 196, 88386 }, // ₥
    { 21, 24, 19, 0, 24, 126, 88582 }, // ₦
    { 29, 24, 29, 0, 24, 174, 88708 }, // ₧
    { 31, 24, 30, 0, 24, 186, 88882 }, // ₨
    { 27, 24, 24, 0, 24, 162, 89068 }, // ₩
    { 28, 24, 29, 1, 24, 168, 89230 }, // ₪
    { 23, 31, 20, 0, 26, 179, 89398 }, // ₫
    { 21, 24, 18, 0, 24, 126, 89577 }, // €
    { 23, 24, 19, 0, 24, 138, 89703 }, // ₭
    { 20, 24, 18, 1, 24, 120, 89841 }, // ₮
    { 33, 32, 34, 0, 24, 264, 89961 }, // ₯
    { 22, 32, 20, -2, 24, 176, 90225 }, // ₰
    { 21, 24, 19, 0, 24, 126, 90401 }, // ₱
    { 22, 28, 23, 1, 26, 154, 90527 }, // ₲
    { 23, 24, 20, -2, 24, 138, 90681 }, // ₳
    { 20, 24, 19, 0, 24, 120, 90819 }, // ₴
    { 20, 30, 20, 2, 26, 150, 90939 }, // ₵
    { 24, 23, 23, 0, 23, 138, 91089 }, // ₶
    { 25, 27, 23, -1, 24, 169, 91227 }, // ₷
    { 19, 24, 18, 1, 24, 114, 91396 }, // ₸
    { 18, 25, 18, 2, 25, 113, 91510 }, // ₹
    { 19, 24, 18, 0, 24, 114, 91623 }, // ₺
    { 21, 24, 21, 2, 24, 126, 91737 }, // ₻
    { 27, 24, 27, -1, 24, 162, 91863 }, // ₼
    { 21, 24, 19, -1, 24, 126, 92025 }, // ₽
    { 23, 28, 20, -1, 28, 161, 92151 }, // ₾
    { 19, 32, 18, 0, 28, 152, 92312 }, // ₿
    { 10, 5, 11, 0, 11, 13, 92464 }, // −
    { 31, 32, 33, 1, 26, 248, 92477 }, // �
};

static const EpdUnicodeInterval notosans_16_bolditalicIntervals[] = {
    { 0x0, 0x0, 0x0 },
    { 0xD, 0xD, 0x1 },
    { 0x20, 0x7E, 0x2 },
    { 0xA0, 0xFF, 0x61 },
    { 0x100, 0x17F, 0xC1 },
    { 0x300, 0x36F, 0x141 },
    { 0x400, 0x4FF, 0x1B1 },
    { 0x2000, 0x2064, 0x2B1 },
    { 0x2066, 0x206F, 0x316 },
    { 0x2070, 0x2071, 0x320 },
    { 0x2074, 0x208E, 0x322 },
    { 0x2090, 0x209C, 0x33D },
    { 0x20A0, 0x20BF, 0x34A },
    { 0x2212, 0x2212, 0x36A },
    { 0xFFFD, 0xFFFD, 0x36B },
};

static const EpdFontData notosans_16_bolditalic = {
    notosans_16_bolditalicBitmaps,
    notosans_16_bolditalicGlyphs,
    notosans_16_bolditalicIntervals,
    15,
    45,
    36,
    -10,
    true,
};
