/**
 * generated by fontconvert.py
 * name: notosans_18_regular
 * size: 18
 * mode: 2-bit
 */
#pragma once
#include "EpdFontData.h"

static const uint8_t notosans_18_regularBitmaps[97228] = {
    0x7F, 0x1F, 0xC7, 0xF1, 0xFC, 0x7F, 0x1F, 0xC7, 0xF1, 0xFC, 0x7F, 0x1F, 0xC7, 0xF1, 0xFC, 0x7F,
    0x1F, 0xC7, 0xF1, 0xFC, 0x7F, 0x1F, 0xC7, 0xF1, 0xFC, 0x00, 0x00, 0x03, 0xF3, 0xFF, 0xFF, 0xFF,
    0xF3, 0xF0, 0xBF, 0x02, 0xFD, 0xFC, 0x0B, 0xE7, 0xF0, 0x2F, 0x9F, 0x80, 0x7E, 0x3E, 0x01, 0xF8,
    0xF8, 0x07, 0xD3, 0xE0, 0x0F, 0x4F, 0x40, 0x3D, 0x3D, 0x00, 0xF0, 0xF4, 0x03, 0xC0, 0x00, 0x00,
    0xF8, 0x00, 0xFC, 0x00, 0x00, 0x0F, 0x80, 0x0F, 0x80, 0x00, 0x01, 0xF4, 0x00, 0xF4, 0x00, 0x00,
    0x2F, 0x00, 0x1F, 0x40, 0x00, 0x03, 0xF0, 0x02, 0xF0, 0x00, 0x00, 0x3E, 0x00, 0x3F, 0x00, 0x00,
    0x03, 0xE0, 0x03, 0xE0, 0x02, 0xAA, 0xBE, 0xAA, 0xBF, 0xAA, 0x3F, 0xFF, 0xFF, 0xFF, 0xFF, 0xF3,
    0xFF, 0xFF, 0xFF, 0xFF, 0xFF, 0x00, 0x0F, 0x80, 0x0F, 0xC0, 0x00, 0x00, 0xF4, 0x00, 0xF8, 0x00,
    0x00, 0x1F, 0x40, 0x0F, 0x40, 0x00, 0x02, 0xF0, 0x01, 0xF4, 0x00, 0x00, 0x3F, 0x00, 0x2F, 0x00,
    0x00, 0x03, 0xE0, 0x03, 0xF0, 0x00, 0xFF, 0xFF, 0xFF, 0xFF, 0xFF, 0xCF, 0xFF, 0xFF, 0xFF, 0xFF,
    0xFC, 0xFF, 0xFF, 0xFF, 0xFF, 0xFF, 0xC0, 0x0B, 0xC0, 0x0B, 0xC0, 0x00, 0x00, 0xFC, 0x00, 0xBC,
    0x00, 0x00, 0x0F, 0x80, 0x0F, 0xC0, 0x00, 0x00, 0xF4, 0x00, 0xF8, 0x00, 0x00, 0x1F, 0x40, 0x1F,
    0x40, 0x00, 0x02, 0xF0, 0x02, 0xF0, 0x00, 0x00, 0x3F, 0x00, 0x2F, 0x00, 0x00, 0x03, 0xE0, 0x03,
    0xF0, 0x00, 0x00, 0x00, 0x03, 0xC0, 0x00, 0x00, 0x00, 0xF0, 0x00, 0x00, 0x00, 0x3C, 0x00, 0x00,
    0x01, 0xBF, 0xFA, 0x40, 0x0B, 0xFF, 0xFF, 0xFE, 0x0B, 0xFF, 0xFF, 0xFF, 0x87, 0xF8, 0x3C, 0x06,
    0xD2, 0xFC, 0x0F, 0x00, 0x00, 0xFD, 0x03, 0xC0, 0x00, 0x3F, 0x40, 0xF0, 0x00, 0x0F, 0xE0, 0x3C,
    0x00, 0x02, 0xFD, 0x0F, 0x00, 0x00, 0x3F, 0xE7, 0xC0, 0x00, 0x07, 0xFF, 0xF4, 0x00, 0x00, 0x7F,
    0xFF, 0xE0, 0x00, 0x01, 0xFF, 0xFF, 0x80, 0x00, 0x03, 0xFF, 0xFD, 0x00, 0x00, 0xF6, 0xFF, 0xC0,
    0x00, 0x3C, 0x07, 0xF8, 0x00, 0x0F, 0x00, 0xBF, 0x00, 0x03, 0xC0, 0x1F, 0xC0, 0x00, 0xF0, 0x0B,
    0xF0, 0x00, 0x3C, 0x03, 0xFB, 0xD0, 0x0F, 0x0B, 0xFC, 0xFF, 0xFF, 0xFF, 0xFD, 0x3F, 0xFF, 0xFF,
    0xF8, 0x01, 0xAF, 0xFF, 0x90, 0x00, 0x00, 0x0F, 0x00, 0x00, 0x00, 0x03, 0xC0, 0x00, 0x00, 0x00,
    0xF0, 0x00, 0x00, 0x00, 0x3C, 0x00, 0x00, 0x00, 0x0A, 0x00, 0x00, 0x02, 0xFE, 0x00, 0x00, 0x02,
    0xF4, 0x00, 0x1F, 0xFF, 0xC0, 0x00, 0x03, 0xF0, 0x00, 0x3F, 0xFF, 0xF0, 0x00, 0x0B, 0xD0, 0x00,
    0x7F, 0x03, 0xF4, 0x00, 0x1F, 0xC0, 0x00, 0xBD, 0x01, 0xF8, 0x00, 0x3F, 0x00, 0x00, 0xFC, 0x00,
    0xFC, 0x00, 0x7E, 0x00, 0x00, 0xFC, 0x00, 0xFC, 0x00, 0xFC, 0x00, 0x00, 0xFC, 0x00, 0xFC, 0x01,
    0xF8, 0x00, 0x00, 0xFC, 0x00, 0xFC, 0x03, 0xF0, 0x00, 0x00, 0xFC, 0x00, 0xFC, 0x0B, 0xD0, 0x54,
    0x00, 0xFC, 0x00, 0xFC, 0x0F, 0xC7, 0xFF, 0xC0, 0xBD, 0x01, 0xF8, 0x2F, 0x4F, 0xFF, 0xF0, 0x7F,
    0x03, 0xF4, 0x3E, 0x3F, 0x82, 0xF8, 0x3F, 0xFF, 0xF0, 0xFC, 0x3E, 0x00, 0xFC, 0x0F, 0xFF, 0xC1,
    0xF8, 0x7D, 0x00, 0x7D, 0x02, 0xFE, 0x03, 0xF0, 0xBC, 0x00, 0x3E, 0x00, 0x00, 0x07, 0xD0, 0xFC,
    0x00, 0x3F, 0x00, 0x00, 0x0F, 0xC0, 0xFC, 0x00, 0x3F, 0x00, 0x00, 0x1F, 0x40, 0xFC, 0x00, 0x3F,
    0x00, 0x00, 0x3F, 0x00, 0xFC, 0x00, 0x3F, 0x00, 0x00, 0xBC, 0x00, 0xBC, 0x00, 0x3E, 0x00, 0x00,
    0xF8, 0x00, 0xBD, 0x00, 0x7E, 0x00, 0x02, 0xF0, 0x00, 0x7E, 0x00, 0xBD, 0x00, 0x03, 0xE0, 0x00,
    0x3F, 0x41, 0xFC, 0x00, 0x0F, 0xC0, 0x00, 0x1F, 0xFF, 0xF8, 0x00, 0x1F, 0x40, 0x00, 0x0B, 0xFF,
    0xE0, 0x00, 0x3F, 0x00, 0x00, 0x01, 0xFF, 0x40, 0x00, 0x0B, 0xFF, 0x80, 0x00, 0x00, 0x00, 0x0B,
    0xFF, 0xFF, 0x40, 0x00, 0x00, 0x02, 0xFF, 0xFF, 0xFC, 0x00, 0x00, 0x00, 0x3F, 0xD0, 0x1F, 0xE0,
    0x00, 0x00, 0x07, 0xF4, 0x00, 0xBF, 0x00, 0x00, 0x00, 0x7F, 0x00, 0x07, 0xF0, 0x00, 0x00, 0x07,
    0xF0, 0x00, 0xBF, 0x00, 0x00, 0x00, 0x3F, 0x40, 0x0F, 0xE0, 0x00, 0x00, 0x02, 0xFC, 0x02, 0xFC,
    0x00, 0x00, 0x00, 0x0F, 0xF0, 0xFF, 0x00, 0x00, 0x00, 0x00, 0x3F, 0xFF, 0xC0, 0x00, 0x00, 0x00,
    0x01, 0xFF, 0xE0, 0x00, 0x00, 0x00, 0x00, 0x7F, 0xFC, 0x00, 0x00, 0x00, 0x00, 0x2F, 0xFF, 0xF0,
    0x00, 0x0B, 0xE0, 0x0F, 0xF4, 0x7F, 0xC0, 0x00, 0xFD, 0x03, 0xFD, 0x01, 0xFF, 0x00, 0x0F, 0xC0,
    0x7F, 0x40, 0x07, 0xFC, 0x02, 0xFC, 0x0B, 0xF0, 0x00, 0x1F, 0xF0, 0x3F, 0x40, 0xFD, 0x00, 0x00,
    0x7F, 0xDB, 0xF0, 0x0F, 0xD0, 0x00, 0x01, 0xFF, 0xFD, 0x00, 0xFE, 0x00, 0x00, 0x07, 0xFF, 0x80,
    0x0F, 0xF0, 0x00, 0x00, 0x2F, 0xF4, 0x00, 0xBF, 0x40, 0x00, 0x0B, 0xFF, 0xC0, 0x03, 0xFE, 0x00,
    0x0B, 0xFF, 0xFF, 0x00, 0x1F, 0xFF, 0xFF, 0xFF, 0x87, 0xFC, 0x00, 0x7F, 0xFF, 0xFF, 0x80, 0x1F,
    0xF0, 0x00, 0x6F, 0xFE, 0x40, 0x00, 0x7F, 0xC0, 0xBF, 0x7F, 0x7F, 0x7E, 0x3E, 0x3E, 0x3E, 0x3D,
    0x3D, 0x3D, 0x00, 0x3F, 0x40, 0x2F, 0x80, 0x0F, 0xC0, 0x0F, 0xE0, 0x07, 0xF0, 0x03, 0xF8, 0x00,
    0xFC, 0x00, 0xBF, 0x00, 0x3F, 0x80, 0x0F, 0xD0, 0x07, 0xF0, 0x02, 0xFC, 0x00, 0xBE, 0x00, 0x3F,
    0x80, 0x0F, 0xE0, 0x03, 0xF4, 0x00, 0xFD, 0x00, 0x3F, 0x40, 0x0F, 0xD0, 0x03, 0xF8, 0x00, 0xFE,
    0x00, 0x2F, 0xC0, 0x07, 0xF0, 0x01, 0xFC, 0x00, 0x3F, 0x40, 0x0F, 0xE0, 0x01, 0xFC, 0x00, 0x3F,
    0x40, 0x0B, 0xF0, 0x00, 0xFD, 0x00, 0x2F, 0xC0, 0x03, 0xF4, 0x00, 0x3F, 0x00, 0x06, 0x80, 0x3F,
    0x00, 0x01, 0xFC, 0x00, 0x0B, 0xE0, 0x00, 0x3F, 0x00, 0x02, 0xF8, 0x00, 0x0F, 0xC0, 0x00, 0xFE,
    0x00, 0x07, 0xF0, 0x00, 0x3F, 0x40, 0x03, 0xF8, 0x00, 0x2F, 0xC0, 0x01, 0xFC, 0x00, 0x1F, 0xC0,
    0x00, 0xFC, 0x00, 0x0F, 0xD0, 0x00, 0xFD, 0x00, 0x0F, 0xD0, 0x00, 0xFD, 0x00, 0x0F, 0xD0, 0x00,
    0xFD, 0x00, 0x0F, 0xC0, 0x01, 0xFC, 0x00, 0x2F, 0xC0, 0x03, 0xF8, 0x00, 0x3F, 0x40, 0x07, 0xF0,
    0x00, 0xBF, 0x00, 0x0F, 0xD0, 0x01, 0xFC, 0x00, 0x3F, 0x80, 0x07, 0xF0, 0x00, 0xFD, 0x00, 0x2F,
    0x80, 0x01, 0x90, 0x00, 0x00, 0x02, 0xFC, 0x00, 0x00, 0x00, 0x07, 0xF0, 0x00, 0x00, 0x00, 0x1F,
    0xC0, 0x00, 0x00, 0x00, 0x3E, 0x00, 0x00, 0x00, 0x00, 0xF8, 0x00, 0x00, 0x90, 0x03, 0xE0, 0x01,
    0x43, 0xF9, 0x0F, 0x46, 0xFE, 0x1F, 0xFF, 0xFF, 0xFF, 0xFC, 0x7F, 0xFF, 0xFF, 0xFF, 0xF0, 0x00,
    0x5F, 0xF9, 0x00, 0x00, 0x00, 0x7F, 0xF0, 0x00, 0x00, 0x03, 0xF7, 0xE0, 0x00, 0x00, 0x3F, 0x4F,
    0xD0, 0x00, 0x02, 0xFC, 0x1F, 0xC0, 0x00, 0x1F, 0xE0, 0x3F, 0xC0, 0x00, 0xBF, 0x00, 0x7F, 0x40,
    0x00, 0x78, 0x00, 0xE0, 0x00, 0x00, 0x00, 0x00, 0x00, 0x00, 0x00, 0x03, 0xF0, 0x00, 0x00, 0x00,
    0x3F, 0x00, 0x00, 0x00, 0x03, 0xF0, 0x00, 0x00, 0x00, 0x3F, 0x00, 0x00, 0x00, 0x03, 0xF0, 0x00,
    0x00, 0x00, 0x3F, 0x00, 0x00, 0x00, 0x03, 0xF0, 0x00, 0x00, 0x00, 0x3F, 0x00, 0x00, 0xFF, 0xFF,
    0xFF, 0xFF, 0xFF, 0xFF, 0xFF, 0xFF, 0xFF, 0xFF, 0xFF, 0xFF, 0xFF, 0xF0, 0x00, 0x3F, 0x00, 0x00,
    0x00, 0x03, 0xF0, 0x00, 0x00, 0x00, 0x3F, 0x00, 0x00, 0x00, 0x03, 0xF0, 0x00, 0x00, 0x00, 0x3F,
    0x00, 0x00, 0x00, 0x03, 0xF0, 0x00, 0x00, 0x00, 0x3F, 0x00, 0x00, 0x00, 0x03, 0xF0, 0x00, 0x00,
    0x0B, 0xF0, 0x3F, 0xC0, 0xFE, 0x03, 0xF0, 0x1F, 0xC0, 0xBD, 0x03, 0xF0, 0x0F, 0x80, 0x7C, 0x00,
    0xFF, 0xFF, 0xFF, 0xFF, 0xFF, 0xFF, 0xFC, 0x3F, 0x3F, 0xFF, 0xFF, 0xFF, 0x3F, 0x00, 0x00, 0x00,
    0x0F, 0xD0, 0x00, 0x00, 0xFC, 0x00, 0x00, 0x2F, 0x80, 0x00, 0x03, 0xF4, 0x00, 0x00, 0x7F, 0x00,
    0x00, 0x0B, 0xE0, 0x00, 0x00, 0xFC, 0x00, 0x00, 0x1F, 0xC0, 0x00, 0x03, 0xF4, 0x00, 0x00, 0x3F,
    0x00, 0x00, 0x0B, 0xE0, 0x00, 0x00, 0xFD, 0x00, 0x00, 0x1F, 0xC0, 0x00, 0x02, 0xF8, 0x00, 0x00,
    0x3F, 0x00, 0x00, 0x07, 0xF0, 0x00, 0x00, 0xFD, 0x00, 0x00, 0x0F, 0xC0, 0x00, 0x01, 0xF8, 0x00,
    0x00, 0x3F, 0x40, 0x00, 0x03, 0xF0, 0x00, 0x00, 0xBE, 0x00, 0x00, 0x0F, 0xD0, 0x00, 0x01, 0xFC,
    0x00, 0x00, 0x2F, 0x80, 0x00, 0x03, 0xF0, 0x00, 0x00, 0x7F, 0x00, 0x00, 0x00, 0x00, 0x1B, 0xFE,
    0x40, 0x00, 0x0F, 0xFF, 0xFF, 0x00, 0x03, 0xFF, 0xFF, 0xFC, 0x00, 0xFF, 0x40, 0x1F, 0xE0, 0x1F,
    0xD0, 0x00, 0x7F, 0x43, 0xF8, 0x00, 0x02, 0xF8, 0x3F, 0x00, 0x00, 0x1F, 0xC7, 0xF0, 0x00, 0x00,
    0xFD, 0xBF, 0x00, 0x00, 0x0F, 0xEF, 0xE0, 0x00, 0x00, 0xBE, 0xFE, 0x00, 0x00, 0x0B, 0xFF, 0xD0,
    0x00, 0x00, 0x7F, 0xFD, 0x00, 0x00, 0x07, 0xFF, 0xD0, 0x00, 0x00, 0x7F, 0xFD, 0x00, 0x00, 0x07,
    0xFF, 0xD0, 0x00, 0x00, 0x7F, 0xFE, 0x00, 0x00, 0x0B, 0xFB, 0xE0, 0x00, 0x00, 0xBF, 0xBF, 0x00,
    0x00, 0x0F, 0xE7, 0xF0, 0x00, 0x00, 0xFD, 0x3F, 0x00, 0x00, 0x1F, 0xC3, 0xF8, 0x00, 0x02, 0xFC,
    0x1F, 0xD0, 0x00, 0x7F, 0x40, 0xBF, 0x40, 0x1F, 0xF0, 0x03, 0xFF, 0xFF, 0xFC, 0x00, 0x0F, 0xFF,
    0xFF, 0x00, 0x00, 0x1B, 0xFE, 0x40, 0x00, 0x00, 0x07, 0xF4, 0x00, 0x7F, 0xD0, 0x0B, 0xFF, 0x40,
    0xFF, 0xFD, 0x1F, 0xF3, 0xF5, 0xFE, 0x0F, 0xD3, 0xE0, 0x3F, 0x45, 0x00, 0xFD, 0x00, 0x03, 0xF4,
    0x00, 0x0F, 0xD0, 0x00, 0x3F, 0x40, 0x00, 0xFD, 0x00, 0x03, 0xF4, 0x00, 0x0F, 0xD0, 0x00, 0x3F,
    0x40, 0x00, 0xFD, 0x00, 0x03, 0xF4, 0x00, 0x0F, 0xD0, 0x00, 0x3F, 0x40, 0x00, 0xFD, 0x00, 0x03,
    0xF4, 0x00, 0x0F, 0xD0, 0x00, 0x3F, 0x40, 0x00, 0xFD, 0x00, 0x03, 0xF4, 0x00, 0x0F, 0xD0, 0x00,
    0x3F, 0x40, 0x00, 0x6F, 0xFE, 0x00, 0x00, 0x7F, 0xFF, 0xFE, 0x00, 0x3F, 0xFF, 0xFF, 0xFC, 0x07,
    0xFD, 0x00, 0x3F, 0xD0, 0x2D, 0x00, 0x00, 0xFF, 0x00, 0x00, 0x00, 0x07, 0xF0, 0x00, 0x00, 0x00,
    0x3F, 0x40, 0x00, 0x00, 0x03, 0xF4, 0x00, 0x00, 0x00, 0x3F, 0x40, 0x00, 0x00, 0x07, 0xF0, 0x00,
    0x00, 0x00, 0xBF, 0x00, 0x00, 0x00, 0x0F, 0xD0, 0x00, 0x00, 0x03, 0xFC, 0x00, 0x00, 0x00, 0xBF,
    0x00, 0x00, 0x00, 0x1F, 0xD0, 0x00, 0x00, 0x07, 0xF8, 0x00, 0x00, 0x01, 0xFE, 0x00, 0x00, 0x00,
    0x7F, 0x80, 0x00, 0x00, 0x0F, 0xE0, 0x00, 0x00, 0x03, 0xF8, 0x00, 0x00, 0x00, 0xFE, 0x00, 0x00,
    0x00, 0x3F, 0x80, 0x00, 0x00, 0x0F, 0xE0, 0x00, 0x00, 0x03, 0xF8, 0x00, 0x00, 0x00, 0xFF, 0xFF,
    0xFF, 0xFF, 0xFF, 0xFF, 0xFF, 0xFF, 0xFF, 0xFF, 0xFF, 0xFF, 0xFF, 0xF0, 0x00, 0x6F, 0xFF, 0x90,
    0x00, 0x7F, 0xFF, 0xFF, 0xC0, 0x3F, 0xFF, 0xFF, 0xFF, 0x03, 0xF9, 0x00, 0x0B, 0xFC, 0x08, 0x00,
    0x00, 0x2F, 0xC0, 0x00, 0x00, 0x00, 0xFD, 0x00, 0x00, 0x00, 0x0F, 0xD0, 0x00, 0x00, 0x00, 0xFD,
    0x00, 0x00, 0x00, 0x2F, 0xC0, 0x00, 0x00, 0x07, 0xF4, 0x00, 0x00, 0x07, 0xFE, 0x00, 0x07, 0xFF,
    0xFE, 0x00, 0x00, 0x7F, 0xFF, 0x90, 0x00, 0x07, 0xFF, 0xFF, 0xD0, 0x00, 0x00, 0x01, 0xFF, 0x80,
    0x00, 0x00, 0x02, 0xFD, 0x00, 0x00, 0x00, 0x0F, 0xE0, 0x00, 0x00, 0x00, 0xBF, 0x00, 0x00, 0x00,
    0x07, 0xF0, 0x00, 0x00, 0x00, 0x7F, 0x00, 0x00, 0x00, 0x0B, 0xF0, 0x00, 0x00, 0x00, 0xFE, 0x40,
    0x00, 0x00, 0x2F, 0xCB, 0xD0, 0x00, 0x1F, 0xF8, 0xBF, 0xFF, 0xFF, 0xFE, 0x07, 0xFF, 0xFF, 0xFF,
    0x40, 0x06, 0xFF, 0xFE, 0x40, 0x00, 0x00, 0x00, 0x00, 0xFF, 0x00, 0x00, 0x00, 0x02, 0xFF, 0x00,
    0x00, 0x00, 0x07, 0xFF, 0x00, 0x00, 0x00, 0x0F, 0xFF, 0x00, 0x00, 0x00, 0x2F, 0x7F, 0x00, 0x00,
    0x00, 0x7E, 0x7F, 0x00, 0x00, 0x00, 0xFC, 0x7F, 0x00, 0x00, 0x02, 0xF0, 0x7F, 0x00, 0x00, 0x07,
    0xE0, 0x7F, 0x00, 0x00, 0x0F, 0xC0, 0x7F, 0x00, 0x00, 0x3F, 0x00, 0x7F, 0x00, 0x00, 0x7E, 0x00,
    0x7F, 0x00, 0x00, 0xFC, 0x00, 0x7F, 0x00, 0x03, 0xF0, 0x00, 0x7F, 0x00, 0x0B, 0xE0, 0x00, 0x7F,
    0x00, 0x0F, 0xC0, 0x00, 0x7F, 0x00, 0x3F, 0x00, 0x00, 0x7F, 0x00, 0xBE, 0x00, 0x00, 0x7F, 0x00,
    0xFF, 0xFF, 0xFF, 0xFF, 0xFF, 0xFF, 0xFF, 0xFF, 0xFF, 0xFF, 0xFF, 0xFF, 0xFF, 0xFF, 0xFF, 0x00,
    0x00, 0x00, 0x7F, 0x00, 0x00, 0x00, 0x00, 0x7F, 0x00, 0x00, 0x00, 0x00, 0x7F, 0x00, 0x00, 0x00,
    0x00, 0x7F, 0x00, 0x00, 0x00, 0x00, 0x7F, 0x00, 0x00, 0x00, 0x00, 0x7F, 0x00, 0x0F, 0xFF, 0xFF,
    0xFE, 0x00, 0xFF, 0xFF, 0xFF, 0xE0, 0x0F, 0xFF, 0xFF, 0xFD, 0x00, 0xFC, 0x00, 0x00, 0x00, 0x0F,
    0xC0, 0x00, 0x00, 0x01, 0xF8, 0x00, 0x00, 0x00, 0x1F, 0x80, 0x00, 0x00, 0x01, 0xF8, 0x00, 0x00,
    0x00, 0x2F, 0x40, 0x00, 0x00, 0x02, 0xF4, 0x00, 0x00, 0x00, 0x2F, 0xFF, 0xFE, 0x40, 0x03, 0xFF,
    0xFF, 0xFF, 0x40, 0x2F, 0xFF, 0xFF, 0xFD, 0x00, 0x00, 0x00, 0x2F, 0xF0, 0x00, 0x00, 0x00, 0x7F,
    0x80, 0x00, 0x00, 0x02, 0xFC, 0x00, 0x00, 0x00, 0x0F, 0xD0, 0x00, 0x00, 0x00, 0xFD, 0x00, 0x00,
    0x00, 0x0F, 0xD0, 0x00, 0x00, 0x00, 0xFD, 0x00, 0x00, 0x00, 0x1F, 0xC0, 0x00, 0x00, 0x03, 0xFC,
    0x00, 0x00, 0x00, 0xBF, 0x4B, 0x90, 0x00, 0x7F, 0xE0, 0xBF, 0xFF, 0xFF, 0xFC, 0x07, 0xFF, 0xFF,
    0xFE, 0x00, 0x06, 0xFF, 0xF9, 0x00, 0x00, 0x00, 0x01, 0xBF, 0xFC, 0x00, 0x01, 0xFF, 0xFF, 0xD0,
    0x00, 0xBF, 0xFF, 0xFD, 0x00, 0x2F, 0xF4, 0x00, 0x00, 0x07, 0xF4, 0x00, 0x00, 0x00, 0xFD, 0x00,
    0x00, 0x00, 0x1F, 0xC0, 0x00, 0x00, 0x03, 0xF4, 0x00, 0x00, 0x00, 0x3F, 0x00, 0x00, 0x00, 0x07,
    0xE0, 0x1B, 0xE4, 0x00, 0xBE, 0x2F, 0xFF, 0xF4, 0x0F, 0xDB, 0xFF, 0xFF, 0xD0, 0xFF, 0xF8, 0x02,
    0xFF, 0x0F, 0xFC, 0x00, 0x07, 0xF8, 0xFF, 0x00, 0x00, 0x2F, 0xCF, 0xE0, 0x00, 0x01, 0xFC, 0xFD,
    0x00, 0x00, 0x0F, 0xDF, 0xD0, 0x00, 0x00, 0xFD, 0xFE, 0x00, 0x00, 0x0F, 0xDB, 0xE0, 0x00, 0x00,
    0xFD, 0x7F, 0x00, 0x00, 0x1F, 0xC3, 0xF8, 0x00, 0x02, 0xFC, 0x1F, 0xD0, 0x00, 0x7F, 0x40, 0xFF,
    0x40, 0x1F, 0xF0, 0x03, 0xFF, 0xFF, 0xFC, 0x00, 0x0F, 0xFF, 0xFF, 0x00, 0x00, 0x1B, 0xFE, 0x40,
    0x00, 0xFF, 0xFF, 0xFF, 0xFF, 0xFF, 0xFF, 0xFF, 0xFF, 0xFF, 0xFF, 0xFF, 0xFF, 0xFF, 0xF0, 0x00,
    0x00, 0x00, 0xFE, 0x00, 0x00, 0x00, 0x1F, 0xC0, 0x00, 0x00, 0x03, 0xF8, 0x00, 0x00, 0x00, 0x3F,
    0x00, 0x00, 0x00, 0x0B, 0xE0, 0x00, 0x00, 0x00, 0xFD, 0x00, 0x00, 0x00, 0x2F, 0xC0, 0x00, 0x00,
    0x03, 0xF4, 0x00, 0x00, 0x00, 0x7F, 0x00, 0x00, 0x00, 0x0F, 0xE0, 0x00, 0x00, 0x01, 0xFC, 0x00,
    0x00, 0x00, 0x3F, 0x80, 0x00, 0x00, 0x07, 0xF0, 0x00, 0x00, 0x00, 0xFF, 0x00, 0x00, 0x00, 0x0F,
    0xD0, 0x00, 0x00, 0x02, 0xFC, 0x00, 0x00, 0x00, 0x3F, 0x40, 0x00, 0x00, 0x0B, 0xF0, 0x00, 0x00,
    0x00, 0xFE, 0x00, 0x00, 0x00, 0x1F, 0xC0, 0x00, 0x00, 0x03, 0xF8, 0x00, 0x00, 0x00, 0x7F, 0x00,
    0x00, 0x00, 0x0F, 0xF0, 0x00, 0x00, 0x01, 0xFD, 0x00, 0x00, 0x00, 0x00, 0x2F, 0xFE, 0x40, 0x00,
    0x2F, 0xFF, 0xFF, 0x80, 0x0F, 0xFF, 0xFF, 0xFE, 0x02, 0xFE, 0x00, 0x1F, 0xF4, 0x3F, 0x80, 0x00,
    0x3F, 0xC7, 0xF0, 0x00, 0x02, 0xFC, 0x7F, 0x00, 0x00, 0x1F, 0xC7, 0xF0, 0x00, 0x02, 0xFC, 0x3F,
    0x80, 0x00, 0x3F, 0x82, 0xFD, 0x00, 0x0B, 0xF0, 0x0B, 0xF8, 0x03, 0xFC, 0x00, 0x2F, 0xFA, 0xFE,
    0x00, 0x00, 0x7F, 0xFF, 0x40, 0x00, 0x0B, 0xFF, 0xFD, 0x00, 0x07, 0xFE, 0x6F, 0xFC, 0x01, 0xFE,
    0x00, 0x2F, 0xF0, 0x3F, 0x80, 0x00, 0x3F, 0xCB, 0xF0, 0x00, 0x00, 0xFE, 0xFE, 0x00, 0x00, 0x0B,
    0xFF, 0xD0, 0x00, 0x00, 0x7F, 0xFD, 0x00, 0x00, 0x07, 0xFF, 0xF0, 0x00, 0x00, 0xFF, 0xBF, 0x40,
    0x00, 0x1F, 0xD3, 0xFE, 0x00, 0x0B, 0xFC, 0x1F, 0xFF, 0xFF, 0xFF, 0x00, 0x3F, 0xFF, 0xFF, 0x80,
    0x00, 0x6F, 0xFF, 0x80, 0x00, 0x00, 0x2F, 0xFD, 0x00, 0x00, 0x2F, 0xFF, 0xFD, 0x00, 0x0B, 0xFF,
    0xFF, 0xF4, 0x02, 0xFE, 0x00, 0x3F, 0xD0, 0x3F, 0x80, 0x00, 0xBF, 0x0B, 0xF0, 0x00, 0x03, 0xF4,
    0xFE, 0x00, 0x00, 0x2F, 0x8F, 0xD0, 0x00, 0x00, 0xFC, 0xFD, 0x00, 0x00, 0x0F, 0xCF, 0xD0, 0x00,
    0x00, 0xFD, 0xFE, 0x00, 0x00, 0x0F, 0xDB, 0xF0, 0x00, 0x02, 0xFD, 0x7F, 0x80, 0x00, 0xBF, 0xD3,
    0xFE, 0x40, 0x7F, 0xFD, 0x0F, 0xFF, 0xFF, 0xCF, 0xD0, 0x3F, 0xFF, 0xF0, 0xFC, 0x00, 0x6B, 0xE4,
    0x0F, 0xC0, 0x00, 0x00, 0x01, 0xFC, 0x00, 0x00, 0x00, 0x2F, 0x80, 0x00, 0x00, 0x03, 0xF4, 0x00,
    0x00, 0x00, 0xBF, 0x00, 0x00, 0x00, 0x1F, 0xD0, 0x00, 0x00, 0x07, 0xFC, 0x00, 0x00, 0x06, 0xFF,
    0x00, 0x0F, 0xFF, 0xFF, 0xC0, 0x00, 0xFF, 0xFF, 0xE0, 0x00, 0x0B, 0xFF, 0x90, 0x00, 0x00, 0x3F,
    0x3F, 0xFF, 0xFF, 0xFF, 0x3F, 0x00, 0x00, 0x00, 0x00, 0x00, 0x00, 0x00, 0x00, 0x00, 0x00, 0x00,
    0x00, 0x00, 0x00, 0x3F, 0x3F, 0xFF, 0xFF, 0xFF, 0x3F, 0x00, 0x03, 0xF0, 0x3F, 0xF0, 0xFF, 0xC3,
    0xFF, 0x03, 0xF0, 0x00, 0x00, 0x00, 0x00, 0x00, 0x00, 0x00, 0x00, 0x00, 0x00, 0x00, 0x00, 0x00,
    0x00, 0x00, 0x00, 0x00, 0x00, 0x00, 0x00, 0x00, 0x2F, 0xD0, 0xFF, 0x03, 0xFC, 0x0F, 0xE0, 0x7F,
    0x02, 0xF8, 0x0F, 0xD0, 0x3F, 0x01, 0xF4, 0x00, 0x00, 0x00, 0x00, 0x00, 0x00, 0x00, 0x00, 0x00,
    0x1E, 0x00, 0x00, 0x00, 0x1F, 0xE0, 0x00, 0x00, 0x1F, 0xFD, 0x00, 0x00, 0x1F, 0xFE, 0x00, 0x00,
    0x0B, 0xFE, 0x00, 0x00, 0x0B, 0xFE, 0x00, 0x00, 0x0B, 0xFE, 0x00, 0x00, 0x0B, 0xFE, 0x00, 0x00,
    0x0B, 0xFD, 0x00, 0x00, 0x00, 0xFF, 0x00, 0x00, 0x00, 0x0F, 0xFE, 0x00, 0x00, 0x00, 0x1B, 0xFF,
    0x40, 0x00, 0x00, 0x0B, 0xFF, 0x80, 0x00, 0x00, 0x0B, 0xFF, 0x80, 0x00, 0x00, 0x07, 0xFF, 0xD0,
    0x00, 0x00, 0x07, 0xFF, 0xD0, 0x00, 0x00, 0x06, 0xFE, 0x00, 0x00, 0x00, 0x02, 0xE0, 0x00, 0x00,
    0x00, 0x00, 0xFF, 0xFF, 0xFF, 0xFF, 0xFF, 0xFF, 0xFF, 0xFF, 0xFF, 0xFF, 0xFF, 0xFF, 0xFC, 0x00,
    0x00, 0x00, 0x00, 0x00, 0x00, 0x00, 0x00, 0x00, 0x00, 0x00, 0x00, 0x00, 0x00, 0x00, 0x00, 0x00,
    0x00, 0x00, 0x00, 0x00, 0xFF, 0xFF, 0xFF, 0xFF, 0xFF, 0xFF, 0xFF, 0xFF, 0xFF, 0xFF, 0xFF, 0xFF,
    0xFC, 0x00, 0x00, 0x00, 0x00, 0x0E, 0x00, 0x00, 0x00, 0x00, 0xFE, 0x00, 0x00, 0x00, 0x0F, 0xFE,
    0x00, 0x00, 0x00, 0x1F, 0xFE, 0x00, 0x00, 0x00, 0x1F, 0xFD, 0x00, 0x00, 0x00, 0x1F, 0xFD, 0x00,
    0x00, 0x00, 0x1F, 0xFD, 0x00, 0x00, 0x00, 0x1F, 0xFD, 0x00, 0x00, 0x00, 0x1F, 0xFC, 0x00, 0x00,
    0x00, 0x2F, 0xE0, 0x00, 0x00, 0x1F, 0xFD, 0x00, 0x00, 0x2F, 0xFD, 0x00, 0x00, 0x6F, 0xFD, 0x00,
    0x00, 0x7F, 0xFD, 0x00, 0x00, 0xBF, 0xF8, 0x00, 0x00, 0xBF, 0xF8, 0x00, 0x00, 0x0F, 0xF4, 0x00,
    0x00, 0x00, 0xF4, 0x00, 0x00, 0x00, 0x04, 0x00, 0x00, 0x00, 0x00, 0x01, 0xBF, 0xF8, 0x01, 0xFF,
    0xFF, 0xFE, 0x0B, 0xFF, 0xFF, 0xFF, 0x0F, 0x40, 0x03, 0xFD, 0x00, 0x00, 0x03, 0xF8, 0x00, 0x00,
    0x0B, 0xF0, 0x00, 0x00, 0x1F, 0xC0, 0x00, 0x00, 0xBF, 0x00, 0x00, 0x03, 0xF8, 0x00, 0x00, 0x2F,
    0xD0, 0x00, 0x01, 0xFE, 0x00, 0x00, 0x2F, 0xE0, 0x00, 0x02, 0xFE, 0x00, 0x00, 0x2F, 0xE0, 0x00,
    0x00, 0xFE, 0x00, 0x00, 0x0B, 0xE0, 0x00, 0x00, 0x3F, 0x00, 0x00, 0x00, 0xFC, 0x00, 0x00, 0x03,
    0xF0, 0x00, 0x00, 0x00, 0x00, 0x00, 0x00, 0x00, 0x00, 0x00, 0x00, 0x00, 0x00, 0x00, 0x03, 0xF0,
    0x00, 0x00, 0x3F, 0xF0, 0x00, 0x00, 0xFF, 0xC0, 0x00, 0x03, 0xFF, 0x00, 0x00, 0x03, 0xF0, 0x00,
    0x00, 0x00, 0x00, 0x01, 0xBF, 0xFE, 0x40, 0x00, 0x00, 0x00, 0x07, 0xFF, 0xFF, 0xFF, 0x80, 0x00,
    0x00, 0x03, 0xFF, 0xFF, 0xFF, 0xFF, 0x40, 0x00, 0x01, 0xFF, 0xD0, 0x00, 0x1B, 0xFE, 0x00, 0x00,
    0x7F, 0xD0, 0x00, 0x00, 0x0B, 0xF8, 0x00, 0x1F, 0xE0, 0x00, 0x00, 0x00, 0x1F, 0xD0, 0x03, 0xF4,
    0x00, 0x00, 0x00, 0x00, 0x7F, 0x00, 0xBE, 0x00, 0x06, 0xFE, 0x90, 0x02, 0xF8, 0x0F, 0xC0, 0x0B,
    0xFF, 0xFF, 0xD0, 0x0F, 0xC2, 0xF4, 0x03, 0xFF, 0xFF, 0xFD, 0x00, 0xBD, 0x3F, 0x00, 0xBF, 0x90,
    0x1F, 0xD0, 0x07, 0xD7, 0xE0, 0x1F, 0xE0, 0x00, 0xFD, 0x00, 0x3E, 0xBD, 0x03, 0xFC, 0x00, 0x0F,
    0xD0, 0x03, 0xFF, 0xC0, 0x3F, 0x40, 0x00, 0xFD, 0x00, 0x3F, 0xFC, 0x07, 0xF0, 0x00, 0x0F, 0xD0,
    0x03, 0xFF, 0xC0, 0x7F, 0x00, 0x00, 0xFD, 0x00, 0x3F, 0xFC, 0x07, 0xF0, 0x00, 0x0F, 0xD0, 0x03,
    0xEF, 0xC0, 0x7F, 0x00, 0x01, 0xFD, 0x00, 0x7D, 0xFC, 0x03, 0xF4, 0x00, 0x2F, 0xD0, 0x0F, 0xCF,
    0xC0, 0x3F, 0xC0, 0x03, 0xFE, 0x00, 0xFC, 0xBD, 0x02, 0xFE, 0x01, 0xFB, 0xF4, 0x3F, 0x47, 0xE0,
    0x0F, 0xFF, 0xFF, 0x1F, 0xFF, 0xE0, 0x3F, 0x00, 0x3F, 0xFF, 0xC0, 0xFF, 0xF8, 0x02, 0xF8, 0x00,
    0x6F, 0x90, 0x01, 0xF9, 0x00, 0x0F, 0xC0, 0x00, 0x00, 0x00, 0x00, 0x00, 0x00, 0xBF, 0x00, 0x00,
    0x00, 0x00, 0x00, 0x00, 0x03, 0xFD, 0x00, 0x00, 0x00, 0x00, 0x00, 0x00, 0x0F, 0xFE, 0x40, 0x00,
    0x1B, 0x80, 0x00, 0x00, 0x2F, 0xFF, 0xFF, 0xFF, 0xF8, 0x00, 0x00, 0x00, 0x2F, 0xFF, 0xFF, 0xFE,
    0x00, 0x00, 0x00, 0x00, 0x1B, 0xFF, 0xF9, 0x00, 0x00, 0x00, 0x00, 0x00, 0x0B, 0xE0, 0x00, 0x00,
    0x00, 0x00, 0x0F, 0xF0, 0x00, 0x00, 0x00, 0x00, 0x2F, 0xF4, 0x00, 0x00, 0x00, 0x00, 0x3F, 0xFC,
    0x00, 0x00, 0x00, 0x00, 0x7E, 0xBC, 0x00, 0x00, 0x00, 0x00, 0xBD, 0x7E, 0x00, 0x00, 0x00, 0x00,
    0xFC, 0x3F, 0x00, 0x00, 0x00, 0x01, 0xF8, 0x2F, 0x40, 0x00, 0x00, 0x03, 0xF4, 0x1F, 0xC0, 0x00,
    0x00, 0x03, 0xF0, 0x0F, 0xC0, 0x00, 0x00, 0x0B, 0xE0, 0x0B, 0xE0, 0x00, 0x00, 0x0F, 0xC0, 0x03,
    0xF0, 0x00, 0x00, 0x1F, 0xC0, 0x03, 0xF4, 0x00, 0x00, 0x3F, 0x40, 0x01, 0xF8, 0x00, 0x00, 0x3F,
    0x00, 0x00, 0xFC, 0x00, 0x00, 0xBF, 0xFF, 0xFF, 0xFD, 0x00, 0x00, 0xFF, 0xFF, 0xFF, 0xFF, 0x00,
    0x01, 0xFF, 0xFF, 0xFF, 0xFF, 0x40, 0x02, 0xF4, 0x00, 0x00, 0x2F, 0x80, 0x03, 0xF0, 0x00, 0x00,
    0x0F, 0xC0, 0x07, 0xE0, 0x00, 0x00, 0x0F, 0xD0, 0x0F, 0xD0, 0x00, 0x00, 0x0B, 0xF0, 0x1F, 0xC0,
    0x00, 0x00, 0x03, 0xF0, 0x2F, 0x80, 0x00, 0x00, 0x03, 0xF8, 0x3F, 0x40, 0x00, 0x00, 0x01, 0xFC,
    0x7F, 0x00, 0x00, 0x00, 0x00, 0xFD, 0xFE, 0x00, 0x00, 0x00, 0x00, 0xBE, 0xFF, 0xFF, 0xFE, 0x90,
    0x03, 0xFF, 0xFF, 0xFF, 0xF4, 0x0F, 0xFF, 0xFF, 0xFF, 0xF8, 0x3F, 0x40, 0x00, 0x2F, 0xF4, 0xFD,
    0x00, 0x00, 0x0F, 0xE3, 0xF4, 0x00, 0x00, 0x2F, 0xCF, 0xD0, 0x00, 0x00, 0x7F, 0x3F, 0x40, 0x00,
    0x01, 0xFC, 0xFD, 0x00, 0x00, 0x0B, 0xE3, 0xF4, 0x00, 0x00, 0x3F, 0x4F, 0xD0, 0x00, 0x07, 0xF8,
    0x3F, 0xFF, 0xFF, 0xFF, 0x40, 0xFF, 0xFF, 0xFF, 0xE0, 0x03, 0xFF, 0xFF, 0xFF, 0xF8, 0x0F, 0xD0,
    0x00, 0x1B, 0xFC, 0x3F, 0x40, 0x00, 0x07, 0xF8, 0xFD, 0x00, 0x00, 0x0B, 0xF3, 0xF4, 0x00, 0x00,
    0x0F, 0xDF, 0xD0, 0x00, 0x00, 0x3F, 0x7F, 0x40, 0x00, 0x00, 0xFD, 0xFD, 0x00, 0x00, 0x03, 0xF7,
    0xF4, 0x00, 0x00, 0x2F, 0xCF, 0xD0, 0x00, 0x00, 0xFF, 0x3F, 0x40, 0x00, 0x1F, 0xF0, 0xFF, 0xFF,
    0xFF, 0xFF, 0x43, 0xFF, 0xFF, 0xFF, 0xF4, 0x0F, 0xFF, 0xFF, 0xF9, 0x00, 0x00, 0x00, 0x00, 0x6F,
    0xFF, 0x90, 0x00, 0x02, 0xFF, 0xFF, 0xFF, 0x80, 0x07, 0xFF, 0xFF, 0xFF, 0xE0, 0x07, 0xFE, 0x40,
    0x01, 0xF0, 0x07, 0xFD, 0x00, 0x00, 0x00, 0x03, 0xFC, 0x00, 0x00, 0x00, 0x02, 0xFD, 0x00, 0x00,
    0x00, 0x00, 0xFE, 0x00, 0x00, 0x00, 0x00, 0x7F, 0x40, 0x00, 0x00, 0x00, 0x2F, 0xC0, 0x00, 0x00,
    0x00, 0x0F, 0xE0, 0x00, 0x00, 0x00, 0x03, 0xF8, 0x00, 0x00, 0x00, 0x00, 0xFD, 0x00, 0x00, 0x00,
    0x00, 0x3F, 0x40, 0x00, 0x00, 0x00, 0x0F, 0xD0, 0x00, 0x00, 0x00, 0x03, 0xF8, 0x00, 0x00, 0x00,
    0x00, 0xFE, 0x00, 0x00, 0x00, 0x00, 0x2F, 0xC0, 0x00, 0x00, 0x00, 0x07, 0xF0, 0x00, 0x00, 0x00,
    0x00, 0xFE, 0x00, 0x00, 0x00, 0x00, 0x2F, 0xC0, 0x00, 0x00, 0x00, 0x03, 0xFC, 0x00, 0x00, 0x00,
    0x00, 0xBF, 0xC0, 0x00, 0x00, 0x00, 0x0F, 0xFE, 0x00, 0x00, 0x60, 0x00, 0xBF, 0xFF, 0xFF, 0xFC,
    0x00, 0x07, 0xFF, 0xFF, 0xFF, 0x00, 0x00, 0x1B, 0xFF, 0xF9, 0x00, 0xFF, 0xFF, 0xFE, 0x40, 0x00,
    0x0F, 0xFF, 0xFF, 0xFF, 0xD0, 0x00, 0xFF, 0xFF, 0xFF, 0xFF, 0x80, 0x0F, 0xD0, 0x00, 0x1B, 0xFF,
    0x00, 0xFD, 0x00, 0x00, 0x0B, 0xFC, 0x0F, 0xD0, 0x00, 0x00, 0x2F, 0xE0, 0xFD, 0x00, 0x00, 0x00,
    0xBF, 0x0F, 0xD0, 0x00, 0x00, 0x03, 0xF4, 0xFD, 0x00, 0x00, 0x00, 0x2F, 0xCF, 0xD0, 0x00, 0x00,
    0x01, 0xFC, 0xFD, 0x00, 0x00, 0x00, 0x0F, 0xCF, 0xD0, 0x00, 0x00, 0x00, 0xFD, 0xFD, 0x00, 0x00,
    0x00, 0x0F, 0xDF, 0xD0, 0x00, 0x00, 0x00, 0xFD, 0xFD, 0x00, 0x00, 0x00, 0x0F, 0xDF, 0xD0, 0x00,
    0x00, 0x00, 0xFD, 0xFD, 0x00, 0x00, 0x00, 0x1F, 0xCF, 0xD0, 0x00, 0x00, 0x02, 0xFC, 0xFD, 0x00,
    0x00, 0x00, 0x3F, 0x8F, 0xD0, 0x00, 0x00, 0x07, 0xF4, 0xFD, 0x00, 0x00, 0x00, 0xFF, 0x0F, 0xD0,
    0x00, 0x00, 0x3F, 0xD0, 0xFD, 0x00, 0x00, 0x0F, 0xF8, 0x0F, 0xD0, 0x00, 0x1F, 0xFE, 0x00, 0xFF,
    0xFF, 0xFF, 0xFF, 0x80, 0x0F, 0xFF, 0xFF, 0xFF, 0x80, 0x00, 0xFF, 0xFF, 0xFE, 0x40, 0x00, 0x00,
    0xFF, 0xFF, 0xFF, 0xFF, 0xFF, 0xFF, 0xFF, 0xFF, 0xFF, 0xFF, 0xFF, 0xFF, 0x40, 0x00, 0x00, 0xFD,
    0x00, 0x00, 0x03, 0xF4, 0x00, 0x00, 0x0F, 0xD0, 0x00, 0x00, 0x3F, 0x40, 0x00, 0x00, 0xFD, 0x00,
    0x00, 0x03, 0xF4, 0x00, 0x00, 0x0F, 0xD0, 0x00, 0x00, 0x3F, 0xFF, 0xFF, 0xFD, 0xFF, 0xFF, 0xFF,
    0xFB, 0xFF, 0xFF, 0xFF, 0xEF, 0xD0, 0x00, 0x00, 0x3F, 0x40, 0x00, 0x00, 0xFD, 0x00, 0x00, 0x03,
    0xF4, 0x00, 0x00, 0x0F, 0xD0, 0x00, 0x00, 0x3F, 0x40, 0x00, 0x00, 0xFD, 0x00, 0x00, 0x03, 0xF4,
    0x00, 0x00, 0x0F, 0xD0, 0x00, 0x00, 0x3F, 0x40, 0x00, 0x00, 0xFF, 0xFF, 0xFF, 0xFF, 0xFF, 0xFF,
    0xFF, 0xFF, 0xFF, 0xFF, 0xFF, 0xC0, 0xFF, 0xFF, 0xFF, 0xFF, 0xFF, 0xFF, 0xFF, 0xFF, 0xFF, 0xFF,
    0xFF, 0xFF, 0x40, 0x00, 0x00, 0xFD, 0x00, 0x00, 0x03, 0xF4, 0x00, 0x00, 0x0F, 0xD0, 0x00, 0x00,
    0x3F, 0x40, 0x00, 0x00, 0xFD, 0x00, 0x00, 0x03, 0xF4, 0x00, 0x00, 0x0F, 0xD0, 0x00, 0x00, 0x3F,
    0x40, 0x00, 0x00, 0xFF, 0xFF, 0xFF, 0xF7, 0xFF, 0xFF, 0xFF, 0xEF, 0xFF, 0xFF, 0xFF, 0xBF, 0x40,
    0x00, 0x00, 0xFD, 0x00, 0x00, 0x03, 0xF4, 0x00, 0x00, 0x0F, 0xD0, 0x00, 0x00, 0x3F, 0x40, 0x00,
    0x00, 0xFD, 0x00, 0x00, 0x03, 0xF4, 0x00, 0x00, 0x0F, 0xD0, 0x00, 0x00, 0x3F, 0x40, 0x00, 0x00,
    0xFD, 0x00, 0x00, 0x03, 0xF4, 0x00, 0x00, 0x0F, 0xD0, 0x00, 0x00, 0x00, 0x00, 0x00, 0x1B, 0xFF,
    0xE9, 0x00, 0x00, 0x1F, 0xFF, 0xFF, 0xFF, 0x80, 0x03, 0xFF, 0xFF, 0xFF, 0xFE, 0x00, 0x3F, 0xF8,
    0x00, 0x01, 0xF0, 0x03, 0xFE, 0x00, 0x00, 0x00, 0x00, 0x3F, 0xD0, 0x00, 0x00, 0x00, 0x01, 0xFD,
    0x00, 0x00, 0x00, 0x00, 0x0F, 0xF0, 0x00, 0x00, 0x00, 0x00, 0x7F, 0x40, 0x00, 0x00, 0x00, 0x02,
    0xFC, 0x00, 0x00, 0x00, 0x00, 0x0F, 0xE0, 0x00, 0x00, 0x00, 0x00, 0x3F, 0x80, 0x00, 0x00, 0x00,
    0x00, 0xFD, 0x00, 0x00, 0x3F, 0xFF, 0xF7, 0xF4, 0x00, 0x00, 0xFF, 0xFF, 0xDF, 0xD0, 0x00, 0x03,
    0xFF, 0xFF, 0x7F, 0x80, 0x00, 0x00, 0x00, 0xFD, 0xFE, 0x00, 0x00, 0x00, 0x03, 0xF6, 0xFC, 0x00,
    0x00, 0x00, 0x0F, 0xD7, 0xF0, 0x00, 0x00, 0x00, 0x3F, 0x4F, 0xE0, 0x00, 0x00, 0x00, 0xFD, 0x2F,
    0xD0, 0x00, 0x00, 0x03, 0xF4, 0x3F, 0xC0, 0x00, 0x00, 0x0F, 0xD0, 0x7F, 0xD0, 0x00, 0x00, 0x3F,
    0x40, 0xBF, 0xF4, 0x00, 0x01, 0xFD, 0x00, 0x7F, 0xFF, 0xFF, 0xFF, 0xF4, 0x00, 0x2F, 0xFF, 0xFF,
    0xFF, 0xD0, 0x00, 0x06, 0xFF, 0xFE, 0x90, 0x00, 0xFD, 0x00, 0x00, 0x00, 0x3F, 0x7F, 0x40, 0x00,
    0x00, 0x0F, 0xDF, 0xD0, 0x00, 0x00, 0x03, 0xF7, 0xF4, 0x00, 0x00, 0x00, 0xFD, 0xFD, 0x00, 0x00,
    0x00, 0x3F, 0x7F, 0x40, 0x00, 0x00, 0x0F, 0xDF, 0xD0, 0x00, 0x00, 0x03, 0xF7, 0xF4, 0x00, 0x00,
    0x00, 0xFD, 0xFD, 0x00, 0x00, 0x00, 0x3F, 0x7F, 0x40, 0x00, 0x00, 0x0F, 0xDF, 0xD0, 0x00, 0x00,
    0x03, 0xF7, 0xFF, 0xFF, 0xFF, 0xFF, 0xFD, 0xFF, 0xFF, 0xFF, 0xFF, 0xFF, 0x7F, 0xFF, 0xFF, 0xFF,
    0xFF, 0xDF, 0xD0, 0x00, 0x00, 0x03, 0xF7, 0xF4, 0x00, 0x00, 0x00, 0xFD, 0xFD, 0x00, 0x00, 0x00,
    0x3F, 0x7F, 0x40, 0x00, 0x00, 0x0F, 0xDF, 0xD0, 0x00, 0x00, 0x03, 0xF7, 0xF4, 0x00, 0x00, 0x00,
    0xFD, 0xFD, 0x00, 0x00, 0x00, 0x3F, 0x7F, 0x40, 0x00, 0x00, 0x0F, 0xDF, 0xD0, 0x00, 0x00, 0x03,
    0xF7, 0xF4, 0x00, 0x00, 0x00, 0xFD, 0xFD, 0x00, 0x00, 0x00, 0x3F, 0x7F, 0x40, 0x00, 0x00, 0x0F,
    0xDF, 0xD0, 0x00, 0x00, 0x03, 0xF4, 0xFF, 0xFF, 0xFF, 0xFF, 0xFF, 0x1B, 0xFD, 0x40, 0x3F, 0x40,
    0x03, 0xF4, 0x00, 0x3F, 0x40, 0x03, 0xF4, 0x00, 0x3F, 0x40, 0x03, 0xF4, 0x00, 0x3F, 0x40, 0x03,
    0xF4, 0x00, 0x3F, 0x40, 0x03, 0xF4, 0x00, 0x3F, 0x40, 0x03, 0xF4, 0x00, 0x3F, 0x40, 0x03, 0xF4,
    0x00, 0x3F, 0x40, 0x03, 0xF4, 0x00, 0x3F, 0x40, 0x03, 0xF4, 0x00, 0x3F, 0x40, 0x03, 0xF4, 0x00,
    0x3F, 0x40, 0x1B, 0xFD, 0x4F, 0xFF, 0xFF, 0xFF, 0xFF, 0xF0, 0x00, 0x03, 0xF4, 0x00, 0x0F, 0xD0,
    0x00, 0x3F, 0x40, 0x00, 0xFD, 0x00, 0x03, 0xF4, 0x00, 0x0F, 0xD0, 0x00, 0x3F, 0x40, 0x00, 0xFD,
    0x00, 0x03, 0xF4, 0x00, 0x0F, 0xD0, 0x00, 0x3F, 0x40, 0x00, 0xFD, 0x00, 0x03, 0xF4, 0x00, 0x0F,
    0xD0, 0x00, 0x3F, 0x40, 0x00, 0xFD, 0x00, 0x03, 0xF4, 0x00, 0x0F, 0xD0, 0x00, 0x3F, 0x40, 0x00,
    0xFD, 0x00, 0x03, 0xF4, 0x00, 0x0F, 0xD0, 0x00, 0x3F, 0x40, 0x00, 0xFD, 0x00, 0x03, 0xF4, 0x00,
    0x0F, 0xD0, 0x00, 0x3F, 0x40, 0x00, 0xFD, 0x00, 0x03, 0xF4, 0x00, 0x0F, 0xC0, 0x00, 0xBF, 0x00,
    0x0B, 0xF4, 0xBF, 0xFF, 0xC2, 0xFF, 0xF8, 0x02, 0xFA, 0x00, 0x00, 0xFD, 0x00, 0x00, 0x03, 0xF8,
    0xFD, 0x00, 0x00, 0x0F, 0xF0, 0xFD, 0x00, 0x00, 0x3F, 0xC0, 0xFD, 0x00, 0x00, 0xFF, 0x00, 0xFD,
    0x00, 0x02, 0xFC, 0x00, 0xFD, 0x00, 0x0B, 0xF4, 0x00, 0xFD, 0x00, 0x2F, 0xD0, 0x00, 0xFD, 0x00,
    0x7F, 0x40, 0x00, 0xFD, 0x01, 0xFE, 0x00, 0x00, 0xFD, 0x03, 0xF8, 0x00, 0x00, 0xFD, 0x0F, 0xE0,
    0x00, 0x00, 0xFD, 0x3F, 0xC0, 0x00, 0x00, 0xFD, 0xFF, 0xC0, 0x00, 0x00, 0xFF, 0xFF, 0xF0, 0x00,
    0x00, 0xFF, 0xEB, 0xF8, 0x00, 0x00, 0xFF, 0x83, 0xFD, 0x00, 0x00, 0xFE, 0x00, 0xFF, 0x00, 0x00,
    0xFD, 0x00, 0x7F, 0x80, 0x00, 0xFD, 0x00, 0x2F, 0xD0, 0x00, 0xFD, 0x00, 0x0F, 0xF0, 0x00, 0xFD,
    0x00, 0x03, 0xFC, 0x00, 0xFD, 0x00, 0x01, 0xFE, 0x00, 0xFD, 0x00, 0x00, 0xBF, 0x40, 0xFD, 0x00,
    0x00, 0x3F, 0xC0, 0xFD, 0x00, 0x00, 0x0F, 0xF0, 0xFD, 0x00, 0x00, 0x07, 0xF8, 0xFD, 0x00, 0x00,
    0x02, 0xFD, 0xFD, 0x00, 0x00, 0x03, 0xF4, 0x00, 0x00, 0x0F, 0xD0, 0x00, 0x00, 0x3F, 0x40, 0x00,
    0x00, 0xFD, 0x00, 0x00, 0x03, 0xF4, 0x00, 0x00, 0x0F, 0xD0, 0x00, 0x00, 0x3F, 0x40, 0x00, 0x00,
    0xFD, 0x00, 0x00, 0x03, 0xF4, 0x00, 0x00, 0x0F, 0xD0, 0x00, 0x00, 0x3F, 0x40, 0x00, 0x00, 0xFD,
    0x00, 0x00, 0x03, 0xF4, 0x00, 0x00, 0x0F, 0xD0, 0x00, 0x00, 0x3F, 0x40, 0x00, 0x00, 0xFD, 0x00,
    0x00, 0x03, 0xF4, 0x00, 0x00, 0x0F, 0xD0, 0x00, 0x00, 0x3F, 0x40, 0x00, 0x00, 0xFD, 0x00, 0x00,
    0x03, 0xF4, 0x00, 0x00, 0x0F, 0xD0, 0x00, 0x00, 0x3F, 0x40, 0x00, 0x00, 0xFF, 0xFF, 0xFF, 0xFF,
    0xFF, 0xFF, 0xFF, 0xFF, 0xFF, 0xFF, 0xFF, 0xC0, 0xFF, 0xE0, 0x00, 0x00, 0x00, 0x1F, 0xFF, 0xFF,
    0xC0, 0x00, 0x00, 0x00, 0xBF, 0xFF, 0xFF, 0x40, 0x00, 0x00, 0x03, 0xFF, 0xFF, 0xBE, 0x00, 0x00,
    0x00, 0x1F, 0xFF, 0xFD, 0xFC, 0x00, 0x00, 0x00, 0xFD, 0xFF, 0xF6, 0xF4, 0x00, 0x00, 0x03, 0xE7,
    0xFF, 0xD3, 0xF0, 0x00, 0x00, 0x2F, 0x5F, 0xFF, 0x4F, 0xC0, 0x00, 0x00, 0xFC, 0x7F, 0xFD, 0x2F,
    0x40, 0x00, 0x07, 0xE1, 0xFF, 0xF4, 0x3F, 0x00, 0x00, 0x2F, 0x07, 0xFF, 0xD0, 0xFC, 0x00, 0x00,
    0xFC, 0x1F, 0xFF, 0x41, 0xF8, 0x00, 0x07, 0xD0, 0x7F, 0xFD, 0x03, 0xF0, 0x00, 0x3F, 0x01, 0xFF,
    0xF4, 0x0B, 0xD0, 0x00, 0xFC, 0x07, 0xFF, 0xD0, 0x1F, 0x80, 0x0B, 0xD0, 0x1F, 0xFF, 0x40, 0x3F,
    0x00, 0x3F, 0x00, 0x7F, 0xFD, 0x00, 0xBD, 0x01, 0xF8, 0x01, 0xFF, 0xF4, 0x01, 0xFC, 0x0B, 0xD0,
    0x07, 0xFF, 0xD0, 0x03, 0xF0, 0x3F, 0x00, 0x1F, 0xFF, 0x40, 0x0B, 0xE1, 0xF8, 0x00, 0x7F, 0xFD,
    0x00, 0x0F, 0xCF, 0xC0, 0x01, 0xFF, 0xF4, 0x00, 0x3F, 0x7F, 0x00, 0x07, 0xFF, 0xD0, 0x00, 0xBF,
    0xF4, 0x00, 0x1F, 0xFF, 0x40, 0x00, 0xFF, 0xC0, 0x00, 0x7F, 0xFD, 0x00, 0x03, 0xFE, 0x00, 0x01,
    0xFF, 0xF4, 0x00, 0x07, 0xF4, 0x00, 0x07, 0xFF, 0xD0, 0x00, 0x0F, 0xC0, 0x00, 0x1F, 0xC0, 0xFF,
    0x80, 0x00, 0x00, 0x0F, 0xDF, 0xFC, 0x00, 0x00, 0x00, 0xFD, 0xFF, 0xF0, 0x00, 0x00, 0x0F, 0xDF,
    0xFF, 0x40, 0x00, 0x00, 0xFD, 0xFF, 0xFC, 0x00, 0x00, 0x0F, 0xDF, 0xEF, 0xE0, 0x00, 0x00, 0xFD,
    0xFD, 0x7F, 0x00, 0x00, 0x0F, 0xDF, 0xD3, 0xFC, 0x00, 0x00, 0xFD, 0xFD, 0x0F, 0xD0, 0x00, 0x0F,
    0xDF, 0xD0, 0xBF, 0x00, 0x00, 0xFD, 0xFD, 0x03, 0xF8, 0x00, 0x0F, 0xDF, 0xD0, 0x1F, 0xC0, 0x00,
    0xFD, 0xFD, 0x00, 0xFF, 0x00, 0x0F, 0xDF, 0xD0, 0x03, 0xF4, 0x00, 0xFD, 0xFD, 0x00, 0x2F, 0xC0,
    0x0F, 0xDF, 0xD0, 0x00, 0xFE, 0x00, 0xFD, 0xFD, 0x00, 0x07, 0xF0, 0x0F, 0xDF, 0xD0, 0x00, 0x2F,
    0xC0, 0xFD, 0xFD, 0x00, 0x00, 0xFD, 0x0F, 0xDF, 0xD0, 0x00, 0x07, 0xF0, 0xFD, 0xFD, 0x00, 0x00,
    0x3F, 0x8F, 0xDF, 0xD0, 0x00, 0x00, 0xFC, 0xFD, 0xFD, 0x00, 0x00, 0x0B, 0xFF, 0xDF, 0xD0, 0x00,
    0x00, 0x3F, 0xFD, 0xFD, 0x00, 0x00, 0x01, 0xFF, 0xDF, 0xD0, 0x00, 0x00, 0x0F, 0xFD, 0xFD, 0x00,
    0x00, 0x00, 0x3F, 0xD0, 0x00, 0x01, 0xBF, 0xFE, 0x40, 0x00, 0x00, 0x07, 0xFF, 0xFF, 0xFE, 0x00,
    0x00, 0x0B, 0xFF, 0xFF, 0xFF, 0xF0, 0x00, 0x0F, 0xFD, 0x00, 0x06, 0xFF, 0x00, 0x0B, 0xF8, 0x00,
    0x00, 0x1F, 0xF0, 0x03, 0xF8, 0x00, 0x00, 0x00, 0xFE, 0x02, 0xFC, 0x00, 0x00, 0x00, 0x2F, 0xC0,
    0xFD, 0x00, 0x00, 0x00, 0x03, 0xF4, 0x7F, 0x00, 0x00, 0x00, 0x00, 0xBF, 0x2F, 0xC0, 0x00, 0x00,
    0x00, 0x1F, 0xCF, 0xE0, 0x00, 0x00, 0x00, 0x03, 0xF3, 0xF8, 0x00, 0x00, 0x00, 0x00, 0xFD, 0xFD,
    0x00, 0x00, 0x00, 0x00, 0x3F, 0x7F, 0x40, 0x00, 0x00, 0x00, 0x0F, 0xDF, 0xD0, 0x00, 0x00, 0x00,
    0x03, 0xF7, 0xF8, 0x00, 0x00, 0x00, 0x00, 0xFD, 0xFE, 0x00, 0x00, 0x00, 0x00, 0x3F, 0x2F, 0xC0,
    0x00, 0x00, 0x00, 0x1F, 0xC7, 0xF0, 0x00, 0x00, 0x00, 0x0B, 0xF0, 0xFD, 0x00, 0x00, 0x00, 0x03,
    0xF4, 0x2F, 0xC0, 0x00, 0x00, 0x02, 0xFC, 0x03, 0xF8, 0x00, 0x00, 0x01, 0xFE, 0x00, 0xBF, 0x80,
    0x00, 0x01, 0xFF, 0x00, 0x0B, 0xFD, 0x00, 0x06, 0xFF, 0x00, 0x00, 0xBF, 0xFF, 0xFF, 0xFF, 0x00,
    0x00, 0x07, 0xFF, 0xFF, 0xFE, 0x00, 0x00, 0x00, 0x1B, 0xFF, 0xE4, 0x00, 0x00, 0xFF, 0xFF, 0xF9,
    0x00, 0x3F, 0xFF, 0xFF, 0xF8, 0x0F, 0xFF, 0xFF, 0xFF, 0xC3, 0xF4, 0x00, 0x1F, 0xFC, 0xFD, 0x00,
    0x00, 0xBF, 0x7F, 0x40, 0x00, 0x0F, 0xEF, 0xD0, 0x00, 0x02, 0xFF, 0xF4, 0x00, 0x00, 0x7F, 0xFD,
    0x00, 0x00, 0x1F, 0xFF, 0x40, 0x00, 0x0B, 0xFF, 0xD0, 0x00, 0x03, 0xFB, 0xF4, 0x00, 0x02, 0xFC,
    0xFD, 0x00, 0x07, 0xFE, 0x3F, 0xFF, 0xFF, 0xFE, 0x0F, 0xFF, 0xFF, 0xFD, 0x03, 0xFF, 0xFF, 0xE4,
    0x00, 0xFD, 0x00, 0x00, 0x00, 0x3F, 0x40, 0x00, 0x00, 0x0F, 0xD0, 0x00, 0x00, 0x03, 0xF4, 0x00,
    0x00, 0x00, 0xFD, 0x00, 0x00, 0x00, 0x3F, 0x40, 0x00, 0x00, 0x0F, 0xD0, 0x00, 0x00, 0x03, 0xF4,
    0x00, 0x00, 0x00, 0xFD, 0x00, 0x00, 0x00, 0x3F, 0x40, 0x00, 0x00, 0x0F, 0xD0, 0x00, 0x00, 0x00,
    0x00, 0x01, 0xBF, 0xFE, 0x40, 0x00, 0x00, 0x07, 0xFF, 0xFF, 0xFE, 0x00, 0x00, 0x0B, 0xFF, 0xFF,
    0xFF, 0xF0, 0x00, 0x0F, 0xFD, 0x00, 0x06, 0xFF, 0x00, 0x0B, 0xF8, 0x00, 0x00, 0x1F, 0xF0, 0x03,
    0xF8, 0x00, 0x00, 0x00, 0xFE, 0x02, 0xFC, 0x00, 0x00, 0x00, 0x2F, 0xC0, 0xFD, 0x00, 0x00, 0x00,
    0x03, 0xF4, 0x7F, 0x00, 0x00, 0x00, 0x00, 0xBF, 0x2F, 0xC0, 0x00, 0x00, 0x00, 0x1F, 0xCF, 0xE0,
    0x00, 0x00, 0x00, 0x03, 0xF3, 0xF8, 0x00, 0x00, 0x00, 0x00, 0xFD, 0xFD, 0x00, 0x00, 0x00, 0x00,
    0x3F, 0x7F, 0x40, 0x00, 0x00, 0x00, 0x0F, 0xDF, 0xD0, 0x00, 0x00, 0x00, 0x03, 0xF7, 0xF8, 0x00,
    0x00, 0x00, 0x00, 0xFD, 0xFE, 0x00, 0x00, 0x00, 0x00, 0x3F, 0x2F, 0xC0, 0x00, 0x00, 0x00, 0x1F,
    0xC7, 0xF0, 0x00, 0x00, 0x00, 0x0B, 0xF0, 0xFD, 0x00, 0x00, 0x00, 0x03, 0xF4, 0x2F, 0xC0, 0x00,
    0x00, 0x02, 0xFC, 0x03, 0xF8, 0x00, 0x00, 0x01, 0xFE, 0x00, 0xBF, 0x80, 0x00, 0x01, 0xFF, 0x00,
    0x0B, 0xFD, 0x00, 0x06, 0xFF, 0x00, 0x00, 0xBF, 0xFF, 0xFF, 0xFF, 0x00, 0x00, 0x07, 0xFF, 0xFF,
    0xFE, 0x00, 0x00, 0x00, 0x1B, 0xFF, 0xFC, 0x00, 0x00, 0x00, 0x00, 0x00, 0x7F, 0xC0, 0x00, 0x00,
    0x00, 0x00, 0x0B, 0xFC, 0x00, 0x00, 0x00, 0x00, 0x00, 0xBF, 0x80, 0x00, 0x00, 0x00, 0x00, 0x0F,
    0xF8, 0x00, 0x00, 0x00, 0x00, 0x00, 0xFF, 0x80, 0x00, 0x00, 0x00, 0x00, 0x0F, 0xF8, 0x00, 0xFF,
    0xFF, 0xFE, 0x00, 0x03, 0xFF, 0xFF, 0xFF, 0xC0, 0x0F, 0xFF, 0xFF, 0xFF, 0xD0, 0x3F, 0x40, 0x00,
    0xBF, 0xC0, 0xFD, 0x00, 0x00, 0x7F, 0x43, 0xF4, 0x00, 0x00, 0xFF, 0x0F, 0xD0, 0x00, 0x02, 0xFC,
    0x3F, 0x40, 0x00, 0x07, 0xF0, 0xFD, 0x00, 0x00, 0x1F, 0xC3, 0xF4, 0x00, 0x00, 0xBF, 0x0F, 0xD0,
    0x00, 0x03, 0xF8, 0x3F, 0x40, 0x00, 0x2F, 0xC0, 0xFD, 0x00, 0x07, 0xFD, 0x03, 0xFF, 0xFF, 0xFF,
    0xD0, 0x0F, 0xFF, 0xFF, 0xF8, 0x00, 0x3F, 0xFF, 0xFF, 0xC0, 0x00, 0xFD, 0x00, 0x3F, 0x80, 0x03,
    0xF4, 0x00, 0x7F, 0x40, 0x0F, 0xD0, 0x00, 0xFF, 0x00, 0x3F, 0x40, 0x00, 0xFD, 0x00, 0xFD, 0x00,
    0x02, 0xFC, 0x03, 0xF4, 0x00, 0x03, 0xF8, 0x0F, 0xD0, 0x00, 0x07, 0xF4, 0x3F, 0x40, 0x00, 0x0F,
    0xF0, 0xFD, 0x00, 0x00, 0x1F, 0xD3, 0xF4, 0x00, 0x00, 0x3F, 0xCF, 0xD0, 0x00, 0x00, 0x3F, 0x80,
    0x00, 0x1B, 0xFF, 0xE4, 0x00, 0x1F, 0xFF, 0xFF, 0xF4, 0x07, 0xFF, 0xFF, 0xFF, 0x40, 0xFF, 0x40,
    0x01, 0xF0, 0x2F, 0xC0, 0x00, 0x00, 0x03, 0xF8, 0x00, 0x00, 0x00, 0x3F, 0x40, 0x00, 0x00, 0x03,
    0xF4, 0x00, 0x00, 0x00, 0x3F, 0xC0, 0x00, 0x00, 0x02, 0xFE, 0x00, 0x00, 0x00, 0x0F, 0xF8, 0x00,
    0x00, 0x00, 0x7F, 0xF9, 0x00, 0x00, 0x01, 0xFF, 0xFE, 0x00, 0x00, 0x02, 0xFF, 0xFE, 0x00, 0x00,
    0x01, 0xFF, 0xFC, 0x00, 0x00, 0x00, 0xBF, 0xF0, 0x00, 0x00, 0x00, 0xFF, 0x80, 0x00, 0x00, 0x03,
    0xFC, 0x00, 0x00, 0x00, 0x0F, 0xD0, 0x00, 0x00, 0x00, 0xFD, 0x00, 0x00, 0x00, 0x0F, 0xD0, 0x00,
    0x00, 0x01, 0xFC, 0x00, 0x00, 0x00, 0x3F, 0xCB, 0x90, 0x00, 0x1F, 0xF4, 0xBF, 0xFF, 0xFF, 0xFD,
    0x07, 0xFF, 0xFF, 0xFF, 0x40, 0x06, 0xFF, 0xFE, 0x40, 0x00, 0xFF, 0xFF, 0xFF, 0xFF, 0xFF, 0xFF,
    0xFF, 0xFF, 0xFF, 0xFF, 0xFF, 0xFF, 0xFF, 0xFF, 0xFF, 0x00, 0x00, 0x7F, 0x00, 0x00, 0x00, 0x00,
    0x7F, 0x00, 0x00, 0x00, 0x00, 0x7F, 0x00, 0x00, 0x00, 0x00, 0x7F, 0x00, 0x00, 0x00, 0x00, 0x7F,
    0x00, 0x00, 0x00, 0x00, 0x7F, 0x00, 0x00, 0x00, 0x00, 0x7F, 0x00, 0x00, 0x00, 0x00, 0x7F, 0x00,
    0x00, 0x00, 0x00, 0x7F, 0x00, 0x00, 0x00, 0x00, 0x7F, 0x00, 0x00, 0x00, 0x00, 0x7F, 0x00, 0x00,
    0x00, 0x00, 0x7F, 0x00, 0x00, 0x00, 0x00, 0x7F, 0x00, 0x00, 0x00, 0x00, 0x7F, 0x00, 0x00, 0x00,
    0x00, 0x7F, 0x00, 0x00, 0x00, 0x00, 0x7F, 0x00, 0x00, 0x00, 0x00, 0x7F, 0x00, 0x00, 0x00, 0x00,
    0x7F, 0x00, 0x00, 0x00, 0x00, 0x7F, 0x00, 0x00, 0x00, 0x00, 0x7F, 0x00, 0x00, 0x00, 0x00, 0x7F,
    0x00, 0x00, 0x00, 0x00, 0x7F, 0x00, 0x00, 0x00, 0x00, 0x7F, 0x00, 0x00, 0x00, 0x00, 0x7F, 0x00,
    0x00, 0xFD, 0x00, 0x00, 0x00, 0x3F, 0x7F, 0x40, 0x00, 0x00, 0x0F, 0xDF, 0xD0, 0x00, 0x00, 0x03,
    0xF7, 0xF4, 0x00, 0x00, 0x00, 0xFD, 0xFD, 0x00, 0x00, 0x00, 0x3F, 0x7F, 0x40, 0x00, 0x00, 0x0F,
    0xDF, 0xD0, 0x00, 0x00, 0x03, 0xF7, 0xF4, 0x00, 0x00, 0x00, 0xFD, 0xFD, 0x00, 0x00, 0x00, 0x3F,
    0x7F, 0x40, 0x00, 0x00, 0x0F, 0xDF, 0xD0, 0x00, 0x00, 0x03, 0xF7, 0xF4, 0x00, 0x00, 0x00, 0xFD,
    0xFD, 0x00, 0x00, 0x00, 0x3F, 0x7F, 0x40, 0x00, 0x00, 0x0F, 0xDF, 0xD0, 0x00, 0x00, 0x03, 0xF7,
    0xF4, 0x00, 0x00, 0x00, 0xFD, 0xFD, 0x00, 0x00, 0x00, 0x3F, 0x7F, 0x40, 0x00, 0x00, 0x0F, 0xDF,
    0xD0, 0x00, 0x00, 0x03, 0xF7, 0xF8, 0x00, 0x00, 0x01, 0xFC, 0xBF, 0x00, 0x00, 0x00, 0xBF, 0x0F,
    0xD0, 0x00, 0x00, 0x3F, 0x82, 0xFD, 0x00, 0x00, 0x3F, 0xC0, 0x3F, 0xE0, 0x00, 0x7F, 0xD0, 0x07,
    0xFF, 0xFF, 0xFF, 0xE0, 0x00, 0x3F, 0xFF, 0xFF, 0xD0, 0x00, 0x00, 0xBF, 0xFE, 0x40, 0x00, 0xFE,
    0x00, 0x00, 0x00, 0x03, 0xF5, 0xFC, 0x00, 0x00, 0x00, 0x2F, 0xC3, 0xF4, 0x00, 0x00, 0x00, 0xFE,
    0x0F, 0xF0, 0x00, 0x00, 0x07, 0xF4, 0x1F, 0xC0, 0x00, 0x00, 0x2F, 0xC0, 0x3F, 0x40, 0x00, 0x00,
    0xFE, 0x00, 0xBF, 0x00, 0x00, 0x07, 0xF0, 0x01, 0xFC, 0x00, 0x00, 0x2F, 0xC0, 0x03, 0xF4, 0x00,
    0x00, 0xFD, 0x00, 0x0B, 0xF0, 0x00, 0x07, 0xF0, 0x00, 0x1F, 0xC0, 0x00, 0x2F, 0xC0, 0x00, 0x3F,
    0x80, 0x00, 0xFD, 0x00, 0x00, 0xBF, 0x00, 0x07, 0xF0, 0x00, 0x00, 0xFC, 0x00, 0x3F, 0x80, 0x00,
    0x03, 0xF8, 0x00, 0xFD, 0x00, 0x00, 0x0B, 0xF0, 0x07, 0xF0, 0x00, 0x00, 0x0F, 0xD0, 0x3F, 0x80,
    0x00, 0x00, 0x3F, 0x80, 0xFD, 0x00, 0x00, 0x00, 0x7F, 0x07, 0xF0, 0x00, 0x00, 0x00, 0xFD, 0x3F,
    0x80, 0x00, 0x00, 0x02, 0xF8, 0xFC, 0x00, 0x00, 0x00, 0x07, 0xF7, 0xF0, 0x00, 0x00, 0x00, 0x0F,
    0xEF, 0x80, 0x00, 0x00, 0x00, 0x2F, 0xFC, 0x00, 0x00, 0x00, 0x00, 0x7F, 0xF0, 0x00, 0x00, 0x00,
    0x00, 0xFF, 0x40, 0x00, 0x00, 0x00, 0x02, 0xFC, 0x00, 0x00, 0x00, 0x7F, 0x00, 0x00, 0x02, 0xFC,
    0x00, 0x00, 0x07, 0xF4, 0xFD, 0x00, 0x00, 0x0F, 0xF4, 0x00, 0x00, 0x2F, 0xC3, 0xF8, 0x00, 0x00,
    0x3F, 0xF0, 0x00, 0x00, 0xFE, 0x0B, 0xF0, 0x00, 0x01, 0xFF, 0xC0, 0x00, 0x03, 0xF4, 0x1F, 0xC0,
    0x00, 0x0B, 0xEF, 0x40, 0x00, 0x1F, 0xC0, 0x3F, 0x40, 0x00, 0x3F, 0x7E, 0x00, 0x00, 0xBF, 0x00,
    0xFE, 0x00, 0x01, 0xF8, 0xFC, 0x00, 0x03, 0xF8, 0x02, 0xFC, 0x00, 0x0B, 0xD3, 0xF4, 0x00, 0x0F,
    0xD0, 0x07, 0xF0, 0x00, 0x3F, 0x07, 0xE0, 0x00, 0x7F, 0x00, 0x0F, 0xD0, 0x00, 0xFC, 0x0F, 0xC0,
    0x02, 0xFC, 0x00, 0x3F, 0x80, 0x07, 0xE0, 0x3F, 0x00, 0x0F, 0xE0, 0x00, 0xBF, 0x00, 0x3F, 0x40,
    0xBD, 0x00, 0x3F, 0x40, 0x01, 0xFC, 0x00, 0xFC, 0x01, 0xFC, 0x01, 0xFC, 0x00, 0x03, 0xF4, 0x07,
    0xF0, 0x03, 0xF0, 0x0B, 0xF0, 0x00, 0x0B, 0xE0, 0x2F, 0x40, 0x0F, 0xD0, 0x3F, 0x80, 0x00, 0x1F,
    0xC0, 0xFC, 0x00, 0x1F, 0x80, 0xFD, 0x00, 0x00, 0x3F, 0x03, 0xF0, 0x00, 0x3F, 0x07, 0xF0, 0x00,
    0x00, 0xFD, 0x1F, 0x80, 0x00, 0xFD, 0x2F, 0xC0, 0x00, 0x02, 0xF8, 0xBD, 0x00, 0x02, 0xF8, 0xFE,
    0x00, 0x00, 0x07, 0xF3, 0xF0, 0x00, 0x07, 0xF3, 0xF0, 0x00, 0x00, 0x0F, 0xCF, 0xC0, 0x00, 0x0F,
    0xCF, 0xC0, 0x00, 0x00, 0x3F, 0xBE, 0x00, 0x00, 0x3F, 0xBE, 0x00, 0x00, 0x00, 0xBF, 0xF0, 0x00,
    0x00, 0x7F, 0xF4, 0x00, 0x00, 0x01, 0xFF, 0xC0, 0x00, 0x00, 0xFF, 0xC0, 0x00, 0x00, 0x03, 0xFE,
    0x00, 0x00, 0x03, 0xFF, 0x00, 0x00, 0x00, 0x0F, 0xF4, 0x00, 0x00, 0x0B, 0xF8, 0x00, 0x00, 0x00,
    0x2F, 0xC0, 0x00, 0x00, 0x1F, 0xD0, 0x00, 0x00, 0x3F, 0xC0, 0x00, 0x00, 0x2F, 0xC1, 0xFD, 0x00,
    0x00, 0x07, 0xF0, 0x0B, 0xF0, 0x00, 0x00, 0xFE, 0x00, 0x3F, 0x80, 0x00, 0x2F, 0xC0, 0x01, 0xFD,
    0x00, 0x03, 0xF4, 0x00, 0x0B, 0xF0, 0x00, 0xFE, 0x00, 0x00, 0x3F, 0x80, 0x1F, 0xC0, 0x00, 0x01,
    0xFC, 0x03, 0xF4, 0x00, 0x00, 0x0F, 0xE0, 0xBE, 0x00, 0x00, 0x00, 0x3F, 0x5F, 0xC0, 0x00, 0x00,
    0x02, 0xFF, 0xF4, 0x00, 0x00, 0x00, 0x0F, 0xFF, 0x00, 0x00, 0x00, 0x00, 0x7F, 0xC0, 0x00, 0x00,
    0x00, 0x07, 0xFD, 0x00, 0x00, 0x00, 0x00, 0xFF, 0xF0, 0x00, 0x00, 0x00, 0x2F, 0xFF, 0x80, 0x00,
    0x00, 0x03, 0xF1, 0xFC, 0x00, 0x00, 0x00, 0xFE, 0x0B, 0xF0, 0x00, 0x00, 0x1F, 0xC0, 0x3F, 0x40,
    0x00, 0x03, 0xF4, 0x02, 0xFC, 0x00, 0x00, 0xBE, 0x00, 0x0F, 0xE0, 0x00, 0x1F, 0xC0, 0x00, 0x7F,
    0x40, 0x03, 0xF4, 0x00, 0x02, 0xFC, 0x00, 0xBF, 0x00, 0x00, 0x0F, 0xE0, 0x1F, 0xD0, 0x00, 0x00,
    0xBF, 0x43, 0xF8, 0x00, 0x00, 0x03, 0xFC, 0xBF, 0x00, 0x00, 0x00, 0x1F, 0xE0, 0xBF, 0x00, 0x00,
    0x00, 0x2F, 0xC3, 0xF8, 0x00, 0x00, 0x03, 0xF8, 0x2F, 0xC0, 0x00, 0x00, 0xBF, 0x00, 0xFE, 0x00,
    0x00, 0x0F, 0xD0, 0x0B, 0xF0, 0x00, 0x02, 0xFC, 0x00, 0x3F, 0x80, 0x00, 0x3F, 0x40, 0x01, 0xFC,
    0x00, 0x0B, 0xF0, 0x00, 0x0F, 0xE0, 0x00, 0xFD, 0x00, 0x00, 0x7F, 0x00, 0x2F, 0x80, 0x00, 0x03,
    0xF8, 0x03, 0xF0, 0x00, 0x00, 0x1F, 0xC0, 0xBE, 0x00, 0x00, 0x00, 0xFE, 0x1F, 0xC0, 0x00, 0x00,
    0x03, 0xF3, 0xF8, 0x00, 0x00, 0x00, 0x2F, 0xFF, 0x00, 0x00, 0x00, 0x00, 0xFF, 0xE0, 0x00, 0x00,
    0x00, 0x0B, 0xFC, 0x00, 0x00, 0x00, 0x00, 0x3F, 0x40, 0x00, 0x00, 0x00, 0x03, 0xF4, 0x00, 0x00,
    0x00, 0x00, 0x3F, 0x40, 0x00, 0x00, 0x00, 0x03, 0xF4, 0x00, 0x00, 0x00, 0x00, 0x3F, 0x40, 0x00,
    0x00, 0x00, 0x03, 0xF4, 0x00, 0x00, 0x00, 0x00, 0x3F, 0x40, 0x00, 0x00, 0x00, 0x03, 0xF4, 0x00,
    0x00, 0x00, 0x00, 0x3F, 0x40, 0x00, 0x00, 0x00, 0x03, 0xF4, 0x00, 0x00, 0x00, 0x00, 0x3F, 0x40,
    0x00, 0x00, 0xFF, 0xFF, 0xFF, 0xFF, 0xF3, 0xFF, 0xFF, 0xFF, 0xFF, 0xCF, 0xFF, 0xFF, 0xFF, 0xFF,
    0x00, 0x00, 0x00, 0x0B, 0xF4, 0x00, 0x00, 0x00, 0x3F, 0x80, 0x00, 0x00, 0x03, 0xFC, 0x00, 0x00,
    0x00, 0x1F, 0xD0, 0x00, 0x00, 0x00, 0xFE, 0x00, 0x00, 0x00, 0x0F, 0xF0, 0x00, 0x00, 0x00, 0x7F,
    0x40, 0x00, 0x00, 0x03, 0xF8, 0x00, 0x00, 0x00, 0x2F, 0xC0, 0x00, 0x00, 0x01, 0xFD, 0x00, 0x00,
    0x00, 0x0F, 0xE0, 0x00, 0x00, 0x00, 0xBF, 0x00, 0x00, 0x00, 0x03, 0xF4, 0x00, 0x00, 0x00, 0x3F,
    0x80, 0x00, 0x00, 0x01, 0xFC, 0x00, 0x00, 0x00, 0x0F, 0xD0, 0x00, 0x00, 0x00, 0xBF, 0x00, 0x00,
    0x00, 0x07, 0xF0, 0x00, 0x00, 0x00, 0x3F, 0x40, 0x00, 0x00, 0x02, 0xFC, 0x00, 0x00, 0x00, 0x1F,
    0xC0, 0x00, 0x00, 0x00, 0xFF, 0xFF, 0xFF, 0xFF, 0xFF, 0xFF, 0xFF, 0xFF, 0xFF, 0xFF, 0xFF, 0xFF,
    0xFF, 0xFF, 0xC0, 0xFF, 0xFF, 0xBF, 0xFF, 0xEF, 0xFF, 0xF7, 0xF4, 0x00, 0xFD, 0x00, 0x3F, 0x40,
    0x0F, 0xD0, 0x03, 0xF4, 0x00, 0xFD, 0x00, 0x3F, 0x40, 0x0F, 0xD0, 0x03, 0xF4, 0x00, 0xFD, 0x00,
    0x3F, 0x40, 0x0F, 0xD0, 0x03, 0xF4, 0x00, 0xFD, 0x00, 0x3F, 0x40, 0x0F, 0xD0, 0x03, 0xF4, 0x00,
    0xFD, 0x00, 0x3F, 0x40, 0x0F, 0xD0, 0x03, 0xF4, 0x00, 0xFD, 0x00, 0x3F, 0x40, 0x0F, 0xD0, 0x03,
    0xF4, 0x00, 0xFD, 0x00, 0x3F, 0x40, 0x0F, 0xD0, 0x03, 0xFF, 0xFE, 0xFF, 0xFF, 0xBF, 0xFF, 0xD0,
    0x7F, 0x00, 0x00, 0x03, 0xF0, 0x00, 0x00, 0x2F, 0x80, 0x00, 0x01, 0xFC, 0x00, 0x00, 0x0F, 0xD0,
    0x00, 0x00, 0xBE, 0x00, 0x00, 0x03, 0xF0, 0x00, 0x00, 0x3F, 0x40, 0x00, 0x01, 0xFC, 0x00, 0x00,
    0x0F, 0xC0, 0x00, 0x00, 0xFD, 0x00, 0x00, 0x07, 0xF0, 0x00, 0x00, 0x3F, 0x00, 0x00, 0x02, 0xF8,
    0x00, 0x00, 0x1F, 0xC0, 0x00, 0x00, 0xFD, 0x00, 0x00, 0x0B, 0xE0, 0x00, 0x00, 0x3F, 0x00, 0x00,
    0x03, 0xF4, 0x00, 0x00, 0x1F, 0xC0, 0x00, 0x00, 0xFC, 0x00, 0x00, 0x0B, 0xE0, 0x00, 0x00, 0x7F,
    0x00, 0x00, 0x03, 0xF4, 0x00, 0x00, 0x2F, 0x80, 0x00, 0x00, 0xFC, 0x00, 0x00, 0x0F, 0xD0, 0xFF,
    0xFF, 0x7F, 0xFF, 0xDF, 0xFF, 0xF4, 0x00, 0xFD, 0x00, 0x3F, 0x40, 0x0F, 0xD0, 0x03, 0xF4, 0x00,
    0xFD, 0x00, 0x3F, 0x40, 0x0F, 0xD0, 0x03, 0xF4, 0x00, 0xFD, 0x00, 0x3F, 0x40, 0x0F, 0xD0, 0x03,
    0xF4, 0x00, 0xFD, 0x00, 0x3F, 0x40, 0x0F, 0xD0, 0x03, 0xF4, 0x00, 0xFD, 0x00, 0x3F, 0x40, 0x0F,
    0xD0, 0x03, 0xF4, 0x00, 0xFD, 0x00, 0x3F, 0x40, 0x0F, 0xD0, 0x03, 0xF4, 0x00, 0xFD, 0x00, 0x3F,
    0x40, 0x0F, 0xD0, 0x03, 0xF7, 0xFF, 0xFD, 0xFF, 0xFF, 0x7F, 0xFF, 0xD0, 0x00, 0x00, 0x60, 0x00,
    0x00, 0x00, 0x00, 0xFC, 0x00, 0x00, 0x00, 0x02, 0xFD, 0x00, 0x00, 0x00, 0x03, 0xFF, 0x00, 0x00,
    0x00, 0x07, 0xEF, 0x40, 0x00, 0x00, 0x0F, 0x8F, 0xC0, 0x00, 0x00, 0x1F, 0x47, 0xD0, 0x00, 0x00,
    0x3F, 0x03, 0xF0, 0x00, 0x00, 0x7D, 0x02, 0xF4, 0x00, 0x00, 0xBC, 0x00, 0xFC, 0x00, 0x00, 0xF8,
    0x00, 0xBD, 0x00, 0x02, 0xF0, 0x00, 0x3F, 0x00, 0x03, 0xE0, 0x00, 0x2F, 0x40, 0x0B, 0xD0, 0x00,
    0x0F, 0xC0, 0x0F, 0xC0, 0x00, 0x0B, 0xD0, 0x1F, 0x40, 0x00, 0x03, 0xF0, 0x3F, 0x00, 0x00, 0x02,
    0xF4, 0x7E, 0x00, 0x00, 0x00, 0xFC, 0xFF, 0xFF, 0xFF, 0xFF, 0xFF, 0xFF, 0xFF, 0xFF, 0xFF, 0xFF,
    0xFF, 0xFF, 0xFC, 0x7F, 0x80, 0x0B, 0xF4, 0x00, 0xFF, 0x00, 0x0F, 0xE0, 0x00, 0xFD, 0x00, 0x0B,
    0xC0, 0x00, 0x1B, 0xFF, 0x80, 0x01, 0xFF, 0xFF, 0xFD, 0x00, 0xBF, 0xFF, 0xFF, 0xD0, 0x0E, 0x40,
    0x07, 0xFC, 0x00, 0x00, 0x00, 0xBF, 0x00, 0x00, 0x00, 0x0F, 0xD0, 0x00, 0x00, 0x03, 0xF4, 0x00,
    0x00, 0x00, 0xFD, 0x00, 0x1A, 0xFF, 0xFF, 0x40, 0xBF, 0xFF, 0xFF, 0xD1, 0xFF, 0xFF, 0xFF, 0xF4,
    0xFF, 0x90, 0x00, 0xFD, 0xBF, 0x40, 0x00, 0x3F, 0x7F, 0x80, 0x00, 0x0F, 0xDF, 0xD0, 0x00, 0x03,
    0xF7, 0xF4, 0x00, 0x02, 0xFD, 0xFE, 0x00, 0x01, 0xFF, 0x6F, 0xE0, 0x02, 0xFF, 0xD3, 0xFF, 0xFF,
    0xF6, 0xF4, 0x3F, 0xFF, 0xF4, 0x7D, 0x01, 0xFF, 0xE0, 0x0F, 0x40, 0xFD, 0x00, 0x00, 0x00, 0x0F,
    0xD0, 0x00, 0x00, 0x00, 0xFD, 0x00, 0x00, 0x00, 0x0F, 0xD0, 0x00, 0x00, 0x00, 0xFD, 0x00, 0x00,
    0x00, 0x0F, 0xD0, 0x00, 0x00, 0x00, 0xFD, 0x00, 0x00, 0x00, 0x0F, 0xD0, 0x00, 0x00, 0x00, 0xFD,
    0x07, 0xFF, 0x80, 0x0F, 0xD3, 0xFF, 0xFF, 0x80, 0xFE, 0xFF, 0xFF, 0xFE, 0x0F, 0xFF, 0x40, 0x1F,
    0xF4, 0xFF, 0xC0, 0x00, 0x3F, 0xCF, 0xF0, 0x00, 0x01, 0xFD, 0xFF, 0x00, 0x00, 0x0F, 0xEF, 0xE0,
    0x00, 0x00, 0xBF, 0xFD, 0x00, 0x00, 0x0B, 0xFF, 0xD0, 0x00, 0x00, 0x7F, 0xFD, 0x00, 0x00, 0x07,
    0xFF, 0xD0, 0x00, 0x00, 0x7F, 0xFE, 0x00, 0x00, 0x0B, 0xFF, 0xE0, 0x00, 0x00, 0xBF, 0xFF, 0x00,
    0x00, 0x0F, 0xEF, 0xF4, 0x00, 0x01, 0xFD, 0xFF, 0xC0, 0x00, 0x3F, 0xCF, 0xFF, 0x40, 0x1F, 0xF4,
    0xFD, 0xFF, 0xFF, 0xFE, 0x0F, 0xC3, 0xFF, 0xFF, 0x80, 0xF8, 0x06, 0xFF, 0x80, 0x00, 0x00, 0x1B,
    0xFF, 0x90, 0x03, 0xFF, 0xFF, 0xE0, 0x7F, 0xFF, 0xFF, 0x43, 0xFD, 0x00, 0x18, 0x2F, 0xC0, 0x00,
    0x00, 0xFD, 0x00, 0x00, 0x0B, 0xF0, 0x00, 0x00, 0x2F, 0x80, 0x00, 0x00, 0xFE, 0x00, 0x00, 0x03,
    0xF4, 0x00, 0x00, 0x0F, 0xD0, 0x00, 0x00, 0x3F, 0x40, 0x00, 0x00, 0xFE, 0x00, 0x00, 0x03, 0xF8,
    0x00, 0x00, 0x0B, 0xF0, 0x00, 0x00, 0x0F, 0xD0, 0x00, 0x00, 0x3F, 0xC0, 0x00, 0x00, 0x3F, 0xD0,
    0x01, 0x90, 0x7F, 0xFF, 0xFF, 0x80, 0x7F, 0xFF, 0xFD, 0x00, 0x1B, 0xFF, 0x90, 0x00, 0x00, 0x00,
    0x07, 0xF0, 0x00, 0x00, 0x00, 0x7F, 0x00, 0x00, 0x00, 0x07, 0xF0, 0x00, 0x00, 0x00, 0x7F, 0x00,
    0x00, 0x00, 0x07, 0xF0, 0x00, 0x00, 0x00, 0x7F, 0x00, 0x00, 0x00, 0x07, 0xF0, 0x00, 0x00, 0x00,
    0x7F, 0x00, 0x2F, 0xFD, 0x07, 0xF0, 0x1F, 0xFF, 0xFC, 0x7F, 0x0B, 0xFF, 0xFF, 0xF7, 0xF1, 0xFF,
    0x40, 0x1F, 0xFF, 0x3F, 0xC0, 0x00, 0x3F, 0xF7, 0xF4, 0x00, 0x01, 0xFF, 0xBF, 0x00, 0x00, 0x0F,
    0xFF, 0xE0, 0x00, 0x00, 0xBF, 0xFE, 0x00, 0x00, 0x0B, 0xFF, 0xD0, 0x00, 0x00, 0x7F, 0xFD, 0x00,
    0x00, 0x07, 0xFF, 0xD0, 0x00, 0x00, 0x7F, 0xFE, 0x00, 0x00, 0x07, 0xFF, 0xE0, 0x00, 0x00, 0xBF,
    0xBF, 0x00, 0x00, 0x0F, 0xF7, 0xF4, 0x00, 0x00, 0xFF, 0x3F, 0xC0, 0x00, 0x3F, 0xF1, 0xFF, 0x40,
    0x1F, 0xFF, 0x0B, 0xFF, 0xFF, 0xF7, 0xF0, 0x2F, 0xFF, 0xFC, 0x3F, 0x00, 0x2F, 0xF9, 0x03, 0xF0,
    0x00, 0x1B, 0xFE, 0x00, 0x00, 0x3F, 0xFF, 0xF8, 0x00, 0x7F, 0xFF, 0xFF, 0xC0, 0x3F, 0xD0, 0x0B,
    0xF8, 0x2F, 0xC0, 0x00, 0x7F, 0x0F, 0xC0, 0x00, 0x0F, 0xD7, 0xF0, 0x00, 0x02, 0xFA, 0xF8, 0x00,
    0x00, 0x7F, 0xFF, 0xFF, 0xFF, 0xFF, 0xFF, 0xFF, 0xFF, 0xFF, 0xFF, 0xFF, 0xFF, 0xFF, 0xFF, 0xF4,
    0x00, 0x00, 0x00, 0xFE, 0x00, 0x00, 0x00, 0x2F, 0x80, 0x00, 0x00, 0x0B, 0xF0, 0x00, 0x00, 0x00,
    0xFD, 0x00, 0x00, 0x00, 0x2F, 0xD0, 0x00, 0x00, 0x03, 0xFE, 0x00, 0x06, 0xC0, 0x3F, 0xFF, 0xFF,
    0xF0, 0x03, 0xFF, 0xFF, 0xFC, 0x00, 0x0B, 0xFF, 0xE4, 0x00, 0x00, 0x01, 0xBE, 0x90, 0x00, 0x7F,
    0xFF, 0xC0, 0x03, 0xFF, 0xFE, 0x00, 0x2F, 0xD0, 0x10, 0x00, 0xFE, 0x00, 0x00, 0x03, 0xF0, 0x00,
    0x00, 0x1F, 0xC0, 0x00, 0x00, 0x7F, 0x00, 0x00, 0x01, 0xFC, 0x00, 0x00, 0x6F, 0xFF, 0xFC, 0x0F,
    0xFF, 0xFF, 0xF0, 0x3F, 0xFF, 0xFF, 0xC0, 0x01, 0xFC, 0x00, 0x00, 0x07, 0xF0, 0x00, 0x00, 0x1F,
    0xC0, 0x00, 0x00, 0x7F, 0x00, 0x00, 0x01, 0xFC, 0x00, 0x00, 0x07, 0xF0, 0x00, 0x00, 0x1F, 0xC0,
    0x00, 0x00, 0x7F, 0x00, 0x00, 0x01, 0xFC, 0x00, 0x00, 0x07, 0xF0, 0x00, 0x00, 0x1F, 0xC0, 0x00,
    0x00, 0x7F, 0x00, 0x00, 0x01, 0xFC, 0x00, 0x00, 0x07, 0xF0, 0x00, 0x00, 0x1F, 0xC0, 0x00, 0x00,
    0x7F, 0x00, 0x00, 0x01, 0xFC, 0x00, 0x00, 0x07, 0xF0, 0x00, 0x00, 0x00, 0x2F, 0xF9, 0x03, 0xF0,
    0x1F, 0xFF, 0xFC, 0x3F, 0x0B, 0xFF, 0xFF, 0xF7, 0xF1, 0xFF, 0x40, 0x1F, 0xFF, 0x3F, 0xC0, 0x00,
    0x3F, 0xF3, 0xF4, 0x00, 0x01, 0xFF, 0xBF, 0x00, 0x00, 0x0F, 0xFB, 0xE0, 0x00, 0x00, 0xBF, 0xFE,
    0x00, 0x00, 0x0B, 0xFF, 0xD0, 0x00, 0x00, 0x7F, 0xFD, 0x00, 0x00, 0x07, 0xFF, 0xD0, 0x00, 0x00,
    0x7F, 0xFE, 0x00, 0x00, 0x07, 0xFF, 0xE0, 0x00, 0x00, 0xBF, 0xBF, 0x00, 0x00, 0x0F, 0xF7, 0xF4,
    0x00, 0x00, 0xFF, 0x3F, 0xC0, 0x00, 0x3F, 0xF1, 0xFF, 0x40, 0x1F, 0xFF, 0x0B, 0xFF, 0xFF, 0xFB,
    0xF0, 0x2F, 0xFF, 0xFC, 0x7F, 0x00, 0x2F, 0xF9, 0x07, 0xF0, 0x00, 0x00, 0x00, 0x7F, 0x00, 0x00,
    0x00, 0x0B, 0xF0, 0x00, 0x00, 0x00, 0xBF, 0x00, 0x00, 0x00, 0x0F, 0xE0, 0x00, 0x00, 0x03, 0xFC,
    0x1E, 0x40, 0x01, 0xFF, 0x81, 0xFF, 0xFF, 0xFF, 0xF0, 0x1F, 0xFF, 0xFF, 0xF8, 0x00, 0x1B, 0xFF,
    0xF8, 0x00, 0xFD, 0x00, 0x00, 0x00, 0x3F, 0x40, 0x00, 0x00, 0x0F, 0xD0, 0x00, 0x00, 0x03, 0xF4,
    0x00, 0x00, 0x00, 0xFD, 0x00, 0x00, 0x00, 0x3F, 0x40, 0x00, 0x00, 0x0F, 0xD0, 0x00, 0x00, 0x03,
    0xF4, 0x00, 0x00, 0x00, 0xFD, 0x06, 0xFF, 0x90, 0x3F, 0x4F, 0xFF, 0xFE, 0x0F, 0xDF, 0xFF, 0xFF,
    0xE3, 0xFF, 0xD0, 0x07, 0xFD, 0xFF, 0xC0, 0x00, 0x3F, 0xBF, 0xD0, 0x00, 0x0B, 0xFF, 0xF0, 0x00,
    0x01, 0xFF, 0xF8, 0x00, 0x00, 0x7F, 0xFE, 0x00, 0x00, 0x1F, 0xFF, 0x40, 0x00, 0x07, 0xFF, 0xD0,
    0x00, 0x01, 0xFF, 0xF4, 0x00, 0x00, 0x7F, 0xFD, 0x00, 0x00, 0x1F, 0xFF, 0x40, 0x00, 0x07, 0xFF,
    0xD0, 0x00, 0x01, 0xFF, 0xF4, 0x00, 0x00, 0x7F, 0xFD, 0x00, 0x00, 0x1F, 0xFF, 0x40, 0x00, 0x07,
    0xFF, 0xD0, 0x00, 0x01, 0xFF, 0xF4, 0x00, 0x00, 0x7F, 0xFD, 0x00, 0x00, 0x1F, 0xC0, 0x7C, 0xFD,
    0xFD, 0x7C, 0x00, 0x00, 0x00, 0x00, 0xFD, 0xFD, 0xFD, 0xFD, 0xFD, 0xFD, 0xFD, 0xFD, 0xFD, 0xFD,
    0xFD, 0xFD, 0xFD, 0xFD, 0xFD, 0xFD, 0xFD, 0xFD, 0xFD, 0xFD, 0xFD, 0x00, 0x1F, 0x00, 0x0F, 0xD0,
    0x03, 0xF4, 0x00, 0x7C, 0x00, 0x00, 0x00, 0x00, 0x00, 0x00, 0x00, 0x00, 0x00, 0x00, 0x3F, 0x40,
    0x0F, 0xD0, 0x03, 0xF4, 0x00, 0xFD, 0x00, 0x3F, 0x40, 0x0F, 0xD0, 0x03, 0xF4, 0x00, 0xFD, 0x00,
    0x3F, 0x40, 0x0F, 0xD0, 0x03, 0xF4, 0x00, 0xFD, 0x00, 0x3F, 0x40, 0x0F, 0xD0, 0x03, 0xF4, 0x00,
    0xFD, 0x00, 0x3F, 0x40, 0x0F, 0xD0, 0x03, 0xF4, 0x00, 0xFD, 0x00, 0x3F, 0x40, 0x0F, 0xD0, 0x03,
    0xF4, 0x00, 0xFD, 0x00, 0x3F, 0x40, 0x0F, 0xD0, 0x0B, 0xF3, 0xFF, 0xF8, 0xFF, 0xFC, 0x2F, 0xF8,
    0x00, 0xFD, 0x00, 0x00, 0x00, 0x3F, 0x40, 0x00, 0x00, 0x0F, 0xD0, 0x00, 0x00, 0x03, 0xF4, 0x00,
    0x00, 0x00, 0xFD, 0x00, 0x00, 0x00, 0x3F, 0x40, 0x00, 0x00, 0x0F, 0xD0, 0x00, 0x00, 0x03, 0xF4,
    0x00, 0x00, 0x00, 0xFD, 0x00, 0x00, 0xFE, 0x3F, 0x40, 0x00, 0xFF, 0x0F, 0xD0, 0x00, 0xFF, 0x03,
    0xF4, 0x00, 0xFF, 0x00, 0xFD, 0x00, 0xBF, 0x00, 0x3F, 0x40, 0xBF, 0x00, 0x0F, 0xD0, 0xBF, 0x40,
    0x03, 0xF4, 0x7F, 0x40, 0x00, 0xFD, 0x3F, 0x40, 0x00, 0x3F, 0x7F, 0xD0, 0x00, 0x0F, 0xFF, 0xFC,
    0x00, 0x03, 0xFF, 0xBF, 0xC0, 0x00, 0xFF, 0x47, 0xF8, 0x00, 0x3F, 0x40, 0xBF, 0x40, 0x0F, 0xD0,
    0x0F, 0xF0, 0x03, 0xF4, 0x00, 0xFE, 0x00, 0xFD, 0x00, 0x1F, 0xD0, 0x3F, 0x40, 0x02, 0xFC, 0x0F,
    0xD0, 0x00, 0x3F, 0xC3, 0xF4, 0x00, 0x07, 0xF8, 0xFD, 0x00, 0x00, 0xBF, 0x40, 0xFD, 0xFD, 0xFD,
    0xFD, 0xFD, 0xFD, 0xFD, 0xFD, 0xFD, 0xFD, 0xFD, 0xFD, 0xFD, 0xFD, 0xFD, 0xFD, 0xFD, 0xFD, 0xFD,
    0xFD, 0xFD, 0xFD, 0xFD, 0xFD, 0xFD, 0xFD, 0xFD, 0xFD, 0xFD, 0xFC, 0x07, 0xFE, 0x40, 0x06, 0xFF,
    0x90, 0x3F, 0x0F, 0xFF, 0xFC, 0x0B, 0xFF, 0xFE, 0x0F, 0xDF, 0xFF, 0xFF, 0xCF, 0xFF, 0xFF, 0xD3,
    0xFF, 0x80, 0x0F, 0xFF, 0xD0, 0x07, 0xFC, 0xFF, 0x80, 0x00, 0xFF, 0xD0, 0x00, 0x7F, 0x7F, 0xC0,
    0x00, 0x2F, 0xE0, 0x00, 0x0F, 0xDF, 0xF0, 0x00, 0x07, 0xF4, 0x00, 0x03, 0xFB, 0xF8, 0x00, 0x01,
    0xFC, 0x00, 0x00, 0xFE, 0xFD, 0x00, 0x00, 0x7F, 0x00, 0x00, 0x3F, 0xBF, 0x40, 0x00, 0x1F, 0xC0,
    0x00, 0x0F, 0xEF, 0xD0, 0x00, 0x07, 0xF0, 0x00, 0x03, 0xFB, 0xF4, 0x00, 0x01, 0xFC, 0x00, 0x00,
    0xFE, 0xFD, 0x00, 0x00, 0x7F, 0x00, 0x00, 0x3F, 0xBF, 0x40, 0x00, 0x1F, 0xC0, 0x00, 0x0F, 0xEF,
    0xD0, 0x00, 0x07, 0xF0, 0x00, 0x03, 0xFB, 0xF4, 0x00, 0x01, 0xFC, 0x00, 0x00, 0xFE, 0xFD, 0x00,
    0x00, 0x7F, 0x00, 0x00, 0x3F, 0xBF, 0x40, 0x00, 0x1F, 0xC0, 0x00, 0x0F, 0xEF, 0xD0, 0x00, 0x07,
    0xF0, 0x00, 0x03, 0xFB, 0xF4, 0x00, 0x01, 0xFC, 0x00, 0x00, 0xFE, 0xFD, 0x00, 0x00, 0x7F, 0x00,
    0x00, 0x3F, 0x80, 0xFC, 0x06, 0xFF, 0x90, 0x3F, 0x0F, 0xFF, 0xFE, 0x0F, 0xDF, 0xFF, 0xFF, 0xE3,
    0xFF, 0xD0, 0x07, 0xFD, 0xFF, 0xC0, 0x00, 0x3F, 0xBF, 0xD0, 0x00, 0x0B, 0xFF, 0xF0, 0x00, 0x01,
    0xFF, 0xF8, 0x00, 0x00, 0x7F, 0xFE, 0x00, 0x00, 0x1F, 0xFF, 0x40, 0x00, 0x07, 0xFF, 0xD0, 0x00,
    0x01, 0xFF, 0xF4, 0x00, 0x00, 0x7F, 0xFD, 0x00, 0x00, 0x1F, 0xFF, 0x40, 0x00, 0x07, 0xFF, 0xD0,
    0x00, 0x01, 0xFF, 0xF4, 0x00, 0x00, 0x7F, 0xFD, 0x00, 0x00, 0x1F, 0xFF, 0x40, 0x00, 0x07, 0xFF,
    0xD0, 0x00, 0x01, 0xFF, 0xF4, 0x00, 0x00, 0x7F, 0xFD, 0x00, 0x00, 0x1F, 0xC0, 0x00, 0x1B, 0xFF,
    0x40, 0x00, 0x03, 0xFF, 0xFF, 0xD0, 0x00, 0x7F, 0xFF, 0xFF, 0xE0, 0x03, 0xFD, 0x00, 0x3F, 0xD0,
    0x2F, 0xC0, 0x00, 0x2F, 0xC0, 0xFD, 0x00, 0x00, 0x3F, 0x8B, 0xF0, 0x00, 0x00, 0xBF, 0x2F, 0x80,
    0x00, 0x01, 0xFC, 0xFE, 0x00, 0x00, 0x03, 0xF7, 0xF4, 0x00, 0x00, 0x0F, 0xDF, 0xD0, 0x00, 0x00,
    0x3F, 0x7F, 0x40, 0x00, 0x00, 0xFD, 0xFE, 0x00, 0x00, 0x03, 0xF6, 0xF8, 0x00, 0x00, 0x1F, 0xC7,
    0xF0, 0x00, 0x00, 0xBF, 0x0F, 0xD0, 0x00, 0x03, 0xF8, 0x2F, 0xC0, 0x00, 0x2F, 0xC0, 0x3F, 0xD0,
    0x03, 0xFD, 0x00, 0x3F, 0xFF, 0xFF, 0xE0, 0x00, 0x3F, 0xFF, 0xFD, 0x00, 0x00, 0x1B, 0xFE, 0x40,
    0x00, 0xFC, 0x07, 0xFF, 0x80, 0x0F, 0xC3, 0xFF, 0xFF, 0x80, 0xFD, 0xFF, 0xFF, 0xFE, 0x0F, 0xFF,
    0x40, 0x1F, 0xF4, 0xFF, 0xC0, 0x00, 0x3F, 0xCF, 0xF0, 0x00, 0x01, 0xFD, 0xFF, 0x00, 0x00, 0x0F,
    0xEF, 0xE0, 0x00, 0x00, 0xBF, 0xFD, 0x00, 0x00, 0x0B, 0xFF, 0xD0, 0x00, 0x00, 0x7F, 0xFD, 0x00,
    0x00, 0x07, 0xFF, 0xD0, 0x00, 0x00, 0x7F, 0xFE, 0x00, 0x00, 0x0B, 0xFF, 0xE0, 0x00, 0x00, 0xFF,
    0xFF, 0x00, 0x00, 0x0F, 0xEF, 0xF4, 0x00, 0x01, 0xFC, 0xFF, 0xC0, 0x00, 0x3F, 0xCF, 0xFF, 0x40,
    0x1F, 0xF4, 0xFD, 0xFF, 0xFF, 0xFE, 0x0F, 0xD3, 0xFF, 0xFF, 0x40, 0xFD, 0x06, 0xFF, 0x80, 0x0F,
    0xD0, 0x00, 0x00, 0x00, 0xFD, 0x00, 0x00, 0x00, 0x0F, 0xD0, 0x00, 0x00, 0x00, 0xFD, 0x00, 0x00,
    0x00, 0x0F, 0xD0, 0x00, 0x00, 0x00, 0xFD, 0x00, 0x00, 0x00, 0x0F, 0xD0, 0x00, 0x00, 0x00, 0xFD,
    0x00, 0x00, 0x00, 0x0F, 0xD0, 0x00, 0x00, 0x00, 0x00, 0x2F, 0xF9, 0x03, 0xF0, 0x1F, 0xFF, 0xFC,
    0x3F, 0x0B, 0xFF, 0xFF, 0xF7, 0xF1, 0xFF, 0x40, 0x1F, 0xFF, 0x3F, 0xC0, 0x00, 0x3F, 0xF7, 0xF4,
    0x00, 0x01, 0xFF, 0xBF, 0x00, 0x00, 0x0F, 0xFF, 0xE0, 0x00, 0x00, 0xBF, 0xFE, 0x00, 0x00, 0x0B,
    0xFF, 0xD0, 0x00, 0x00, 0x7F, 0xFD, 0x00, 0x00, 0x07, 0xFF, 0xD0, 0x00, 0x00, 0x7F, 0xFE, 0x00,
    0x00, 0x07, 0xFF, 0xE0, 0x00, 0x00, 0xBF, 0xBF, 0x00, 0x00, 0x0F, 0xF7, 0xF4, 0x00, 0x00, 0xFF,
    0x3F, 0xC0, 0x00, 0x2F, 0xF1, 0xFF, 0x40, 0x1F, 0xFF, 0x0B, 0xFF, 0xFF, 0xF7, 0xF0, 0x2F, 0xFF,
    0xFC, 0x7F, 0x00, 0x2F, 0xF9, 0x07, 0xF0, 0x00, 0x00, 0x00, 0x7F, 0x00, 0x00, 0x00, 0x07, 0xF0,
    0x00, 0x00, 0x00, 0x7F, 0x00, 0x00, 0x00, 0x07, 0xF0, 0x00, 0x00, 0x00, 0x7F, 0x00, 0x00, 0x00,
    0x07, 0xF0, 0x00, 0x00, 0x00, 0x7F, 0x00, 0x00, 0x00, 0x07, 0xF0, 0x00, 0x00, 0x00, 0x7F, 0xFC,
    0x06, 0xFF, 0xFC, 0x2F, 0xFE, 0xFC, 0xBF, 0xFE, 0xFE, 0xF8, 0x00, 0xFF, 0xD0, 0x00, 0xFF, 0x80,
    0x00, 0xFF, 0x00, 0x00, 0xFE, 0x00, 0x00, 0xFE, 0x00, 0x00, 0xFD, 0x00, 0x00, 0xFD, 0x00, 0x00,
    0xFD, 0x00, 0x00, 0xFD, 0x00, 0x00, 0xFD, 0x00, 0x00, 0xFD, 0x00, 0x00, 0xFD, 0x00, 0x00, 0xFD,
    0x00, 0x00, 0xFD, 0x00, 0x00, 0xFD, 0x00, 0x00, 0xFD, 0x00, 0x00, 0xFD, 0x00, 0x00, 0x01, 0xBF,
    0xF9, 0x00, 0x3F, 0xFF, 0xFF, 0x83, 0xFF, 0xFF, 0xFD, 0x2F, 0xD0, 0x01, 0xB0, 0xFE, 0x00, 0x00,
    0x03, 0xF4, 0x00, 0x00, 0x0F, 0xF0, 0x00, 0x00, 0x2F, 0xF0, 0x00, 0x00, 0x3F, 0xFD, 0x00, 0x00,
    0x2F, 0xFF, 0x80, 0x00, 0x0B, 0xFF, 0xE0, 0x00, 0x01, 0xFF, 0xF0, 0x00, 0x00, 0x7F, 0xF0, 0x00,
    0x00, 0x2F, 0xC0, 0x00, 0x00, 0x3F, 0x40, 0x00, 0x00, 0xFD, 0x00, 0x00, 0x07, 0xF3, 0xD0, 0x00,
    0x7F, 0xCF, 0xFF, 0xFF, 0xFD, 0x3F, 0xFF, 0xFF, 0xD0, 0x1B, 0xFF, 0xE4, 0x00, 0x00, 0xF0, 0x00,
    0x01, 0xF0, 0x00, 0x02, 0xF0, 0x00, 0x03, 0xF0, 0x00, 0x07, 0xF0, 0x00, 0x2F, 0xFF, 0xFF, 0xFF,
    0xFF, 0xFF, 0xFF, 0xFF, 0xFF, 0x07, 0xF0, 0x00, 0x07, 0xF0, 0x00, 0x07, 0xF0, 0x00, 0x07, 0xF0,
    0x00, 0x07, 0xF0, 0x00, 0x07, 0xF0, 0x00, 0x07, 0xF0, 0x00, 0x07, 0xF0, 0x00, 0x07, 0xF0, 0x00,
    0x07, 0xF0, 0x00, 0x07, 0xF0, 0x00, 0x07, 0xF0, 0x00, 0x07, 0xF0, 0x00, 0x07, 0xF4, 0x00, 0x03,
    0xFD, 0x00, 0x02, 0xFF, 0xFF, 0x00, 0xBF, 0xFF, 0x00, 0x1B, 0xFE, 0xFD, 0x00, 0x00, 0x1F, 0xFF,
    0x40, 0x00, 0x07, 0xFF, 0xD0, 0x00, 0x01, 0xFF, 0xF4, 0x00, 0x00, 0x7F, 0xFD, 0x00, 0x00, 0x1F,
    0xFF, 0x40, 0x00, 0x07, 0xFF, 0xD0, 0x00, 0x01, 0xFF, 0xF4, 0x00, 0x00, 0x7F, 0xFD, 0x00, 0x00,
    0x1F, 0xFF, 0x40, 0x00, 0x07, 0xFF, 0xD0, 0x00, 0x01, 0xFF, 0xF4, 0x00, 0x00, 0x7F, 0xFD, 0x00,
    0x00, 0x2F, 0xFF, 0x40, 0x00, 0x0B, 0xFF, 0xD0, 0x00, 0x03, 0xFF, 0xF8, 0x00, 0x01, 0xFF, 0xBF,
    0x00, 0x00, 0xFF, 0xDF, 0xF4, 0x01, 0xFF, 0xF2, 0xFF, 0xFF, 0xFD, 0xFC, 0x2F, 0xFF, 0xFC, 0x3F,
    0x01, 0xBF, 0xE4, 0x0F, 0xC0, 0xFE, 0x00, 0x00, 0x02, 0xFC, 0x7F, 0x00, 0x00, 0x03, 0xF8, 0x3F,
    0x40, 0x00, 0x07, 0xF0, 0x2F, 0x80, 0x00, 0x0B, 0xF0, 0x1F, 0xC0, 0x00, 0x0F, 0xD0, 0x0F, 0xD0,
    0x00, 0x1F, 0xC0, 0x0B, 0xF0, 0x00, 0x2F, 0x80, 0x07, 0xF0, 0x00, 0x3F, 0x40, 0x03, 0xF4, 0x00,
    0x7F, 0x00, 0x02, 0xFC, 0x00, 0xFE, 0x00, 0x00, 0xFC, 0x00, 0xFC, 0x00, 0x00, 0xFD, 0x01, 0xFC,
    0x00, 0x00, 0x7F, 0x03, 0xF8, 0x00, 0x00, 0x3F, 0x03, 0xF0, 0x00, 0x00, 0x2F, 0x87, 0xF0, 0x00,
    0x00, 0x1F, 0xCF, 0xD0, 0x00, 0x00, 0x0F, 0xCF, 0xC0, 0x00, 0x00, 0x0B, 0xEF, 0x80, 0x00, 0x00,
    0x07, 0xFF, 0x40, 0x00, 0x00, 0x03, 0xFF, 0x00, 0x00, 0x00, 0x02, 0xFE, 0x00, 0x00, 0x7F, 0x00,
    0x00, 0x3F, 0x80, 0x00, 0x1F, 0xC3, 0xF0, 0x00, 0x07, 0xFC, 0x00, 0x02, 0xF8, 0x3F, 0x40, 0x00,
    0xFF, 0xD0, 0x00, 0x3F, 0x42, 0xF8, 0x00, 0x0F, 0xFE, 0x00, 0x03, 0xF0, 0x1F, 0xC0, 0x01, 0xFB,
    0xF0, 0x00, 0x7F, 0x00, 0xFC, 0x00, 0x2F, 0x3F, 0x00, 0x0B, 0xE0, 0x0F, 0xD0, 0x03, 0xF2, 0xF4,
    0x00, 0xFD, 0x00, 0xBE, 0x00, 0x7F, 0x1F, 0xC0, 0x0F, 0xC0, 0x07, 0xF0, 0x0B, 0xD0, 0xFC, 0x01,
    0xFC, 0x00, 0x3F, 0x00, 0xFC, 0x0F, 0xD0, 0x2F, 0x80, 0x03, 0xF4, 0x0F, 0xC0, 0x7E, 0x03, 0xF4,
    0x00, 0x2F, 0x81, 0xF8, 0x03, 0xF0, 0x3F, 0x00, 0x01, 0xFC, 0x3F, 0x40, 0x3F, 0x07, 0xE0, 0x00,
    0x0F, 0xC3, 0xF0, 0x02, 0xF4, 0xBD, 0x00, 0x00, 0xFD, 0x7E, 0x00, 0x1F, 0xCF, 0xC0, 0x00, 0x0B,
    0xEB, 0xD0, 0x00, 0xFC, 0xFC, 0x00, 0x00, 0x7F, 0xBC, 0x00, 0x0B, 0xEF, 0x80, 0x00, 0x03, 0xFF,
    0x80, 0x00, 0x7F, 0xF4, 0x00, 0x00, 0x2F, 0xF4, 0x00, 0x03, 0xFF, 0x00, 0x00, 0x01, 0xFF, 0x00,
    0x00, 0x3F, 0xF0, 0x00, 0x00, 0x0F, 0xF0, 0x00, 0x02, 0xFE, 0x00, 0x00, 0x2F, 0xC0, 0x00, 0x07,
    0xF4, 0x0F, 0xE0, 0x00, 0x0F, 0xF0, 0x07, 0xF4, 0x00, 0x2F, 0xC0, 0x02, 0xFC, 0x00, 0x3F, 0x40,
    0x00, 0xFE, 0x00, 0xFE, 0x00, 0x00, 0x7F, 0x41, 0xFC, 0x00, 0x00, 0x2F, 0xC3, 0xF4, 0x00, 0x00,
    0x0F, 0xEF, 0xE0, 0x00, 0x00, 0x03, 0xFF, 0xC0, 0x00, 0x00, 0x02, 0xFF, 0x40, 0x00, 0x00, 0x01,
    0xFF, 0x00, 0x00, 0x00, 0x03, 0xFF, 0x80, 0x00, 0x00, 0x0B, 0xFF, 0xD0, 0x00, 0x00, 0x0F, 0xD7,
    0xF0, 0x00, 0x00, 0x3F, 0x83, 0xF8, 0x00, 0x00, 0xBF, 0x00, 0xFD, 0x00, 0x01, 0xFD, 0x00, 0xBF,
    0x00, 0x03, 0xF8, 0x00, 0x3F, 0xC0, 0x0B, 0xF0, 0x00, 0x0F, 0xD0, 0x1F, 0xD0, 0x00, 0x0B, 0xF0,
    0x3F, 0x80, 0x00, 0x03, 0xFC, 0x3F, 0x40, 0x00, 0x00, 0xFE, 0x3F, 0x80, 0x00, 0x01, 0xFC, 0x1F,
    0xC0, 0x00, 0x02, 0xFC, 0x0F, 0xD0, 0x00, 0x03, 0xF4, 0x0B, 0xF0, 0x00, 0x07, 0xF0, 0x03, 0xF0,
    0x00, 0x0F, 0xE0, 0x03, 0xF8, 0x00, 0x0F, 0xD0, 0x01, 0xFC, 0x00, 0x1F, 0xC0, 0x00, 0xFD, 0x00,
    0x3F, 0x80, 0x00, 0xBE, 0x00, 0x3F, 0x00, 0x00, 0x7F, 0x00, 0xBF, 0x00, 0x00, 0x3F, 0x40, 0xFE,
    0x00, 0x00, 0x2F, 0xC0, 0xFC, 0x00, 0x00, 0x0F, 0xC2, 0xFC, 0x00, 0x00, 0x0B, 0xD3, 0xF4, 0x00,
    0x00, 0x07, 0xE3, 0xF0, 0x00, 0x00, 0x03, 0xF7, 0xE0, 0x00, 0x00, 0x02, 0xFF, 0xD0, 0x00, 0x00,
    0x00, 0xFF, 0xC0, 0x00, 0x00, 0x00, 0xFF, 0x80, 0x00, 0x00, 0x00, 0x7F, 0x00, 0x00, 0x00, 0x00,
    0xBF, 0x00, 0x00, 0x00, 0x00, 0xFD, 0x00, 0x00, 0x00, 0x01, 0xFC, 0x00, 0x00, 0x00, 0x03, 0xF8,
    0x00, 0x00, 0x00, 0x07, 0xF0, 0x00, 0x00, 0x00, 0x1F, 0xE0, 0x00, 0x00, 0x3F, 0xFF, 0xC0, 0x00,
    0x00, 0x3F, 0xFF, 0x00, 0x00, 0x00, 0x3F, 0xF4, 0x00, 0x00, 0x00, 0x3F, 0xFF, 0xFF, 0xFC, 0xFF,
    0xFF, 0xFF, 0xF3, 0xFF, 0xFF, 0xFF, 0xC0, 0x00, 0x00, 0xFD, 0x00, 0x00, 0x0F, 0xF0, 0x00, 0x00,
    0xBF, 0x00, 0x00, 0x07, 0xF4, 0x00, 0x00, 0x3F, 0x80, 0x00, 0x03, 0xFC, 0x00, 0x00, 0x1F, 0xD0,
    0x00, 0x00, 0xFE, 0x00, 0x00, 0x0F, 0xF0, 0x00, 0x00, 0xBF, 0x00, 0x00, 0x07, 0xF4, 0x00, 0x00,
    0x3F, 0xC0, 0x00, 0x03, 0xFC, 0x00, 0x00, 0x2F, 0xD0, 0x00, 0x00, 0xFE, 0x00, 0x00, 0x0F, 0xFF,
    0xFF, 0xFF, 0xFF, 0xFF, 0xFF, 0xFF, 0xFF, 0xFF, 0xFF, 0xFC, 0x00, 0x00, 0x6F, 0x40, 0x00, 0xFF,
    0xE0, 0x00, 0xFF, 0xF4, 0x00, 0xBF, 0x80, 0x00, 0x3F, 0xC0, 0x00, 0x0F, 0xD0, 0x00, 0x03, 0xF4,
    0x00, 0x00, 0xFD, 0x00, 0x00, 0x3F, 0x40, 0x00, 0x0F, 0xD0, 0x00, 0x03, 0xF4, 0x00, 0x00, 0xFD,
    0x00, 0x00, 0x3F, 0x40, 0x00, 0x1F, 0xC0, 0x00, 0x1F, 0xE0, 0x01, 0xFF, 0xE0, 0x00, 0xBF, 0x80,
    0x00, 0x2F, 0xFD, 0x00, 0x00, 0x2F, 0xE0, 0x00, 0x02, 0xFC, 0x00, 0x00, 0x3F, 0x40, 0x00, 0x0F,
    0xD0, 0x00, 0x03, 0xF4, 0x00, 0x00, 0xFD, 0x00, 0x00, 0x3F, 0x40, 0x00, 0x0F, 0xD0, 0x00, 0x03,
    0xF4, 0x00, 0x00, 0xFD, 0x00, 0x00, 0x3F, 0x80, 0x00, 0x0F, 0xF0, 0x00, 0x01, 0xFF, 0x40, 0x00,
    0x2F, 0xFE, 0x00, 0x02, 0xFF, 0x80, 0x00, 0x06, 0xD0, 0xFF, 0xFF, 0xFF, 0xFF, 0xFF, 0xFF, 0xFF,
    0xFF, 0xFF, 0xFF, 0xFF, 0xFF, 0xFF, 0xFF, 0xFF, 0xFF, 0xFF, 0xFF, 0xFF, 0xFF, 0xFF, 0xFF, 0xFF,
    0xFF, 0xFF, 0xFF, 0xFF, 0xFF, 0xF0, 0xFD, 0x00, 0x00, 0xFF, 0xD0, 0x00, 0xFF, 0xF4, 0x00, 0x07,
    0xFC, 0x00, 0x01, 0xFC, 0x00, 0x00, 0xFD, 0x00, 0x00, 0xFD, 0x00, 0x00, 0xFD, 0x00, 0x00, 0xFD,
    0x00, 0x00, 0xFD, 0x00, 0x00, 0xFD, 0x00, 0x00, 0xFD, 0x00, 0x00, 0xFD, 0x00, 0x00, 0xFF, 0x00,
    0x00, 0x7F, 0x80, 0x00, 0x1F, 0xFF, 0x00, 0x01, 0xFF, 0x00, 0x0B, 0xFF, 0x00, 0x3F, 0xD0, 0x00,
    0xBF, 0x00, 0x00, 0xFE, 0x00, 0x00, 0xFD, 0x00, 0x00, 0xFD, 0x00, 0x00, 0xFD, 0x00, 0x00, 0xFD,
    0x00, 0x00, 0xFD, 0x00, 0x00, 0xFD, 0x00, 0x00, 0xFD, 0x00, 0x00, 0xFD, 0x00, 0x02, 0xFC, 0x00,
    0x0B, 0xFC, 0x00, 0xFF, 0xF0, 0x00, 0xFF, 0xC0, 0x00, 0xE9, 0x00, 0x00, 0x0B, 0xFE, 0x40, 0x00,
    0x27, 0xFF, 0xFF, 0x40, 0x1F, 0xFF, 0xFF, 0xFF, 0xFF, 0xFF, 0x40, 0x1F, 0xFF, 0xFD, 0x80, 0x00,
    0x0B, 0xFE, 0x00, 0x3F, 0x3F, 0xFF, 0xFF, 0xFF, 0x3F, 0x00, 0x00, 0x00, 0x00, 0x7F, 0x1F, 0xC7,
    0xF1, 0xFC, 0x7F, 0x1F, 0xC7, 0xF1, 0xFC, 0x7F, 0x1F, 0xC7, 0xF1, 0xFC, 0x7F, 0x1F, 0xC7, 0xF1,
    0xFC, 0x7F, 0x1F, 0xC7, 0xF1, 0xFC, 0x00, 0x03, 0xF0, 0x00, 0x00, 0x0F, 0xC0, 0x00, 0x01, 0xFF,
    0xF9, 0x00, 0x7F, 0xFF, 0xFE, 0x0B, 0xFF, 0xFF, 0xF4, 0x7F, 0xD0, 0x01, 0x83, 0xFC, 0x00, 0x00,
    0x1F, 0xD0, 0x00, 0x00, 0xBF, 0x00, 0x00, 0x03, 0xF8, 0x00, 0x00, 0x0F, 0xE0, 0x00, 0x00, 0x3F,
    0x40, 0x00, 0x00, 0xFD, 0x00, 0x00, 0x03, 0xF4, 0x00, 0x00, 0x0F, 0xE0, 0x00, 0x00, 0x3F, 0x80,
    0x00, 0x00, 0xBF, 0x00, 0x00, 0x01, 0xFD, 0x00, 0x00, 0x03, 0xFC, 0x00, 0x00, 0x07, 0xFD, 0x00,
    0x09, 0x0B, 0xFF, 0xFF, 0xF8, 0x0B, 0xFF, 0xFF, 0xD0, 0x02, 0xFF, 0xF9, 0x00, 0x00, 0xFC, 0x00,
    0x00, 0x03, 0xF0, 0x00, 0x00, 0x0F, 0xC0, 0x00, 0x00, 0x3F, 0x00, 0x00, 0x00, 0x01, 0xBF, 0xF9,
    0x00, 0x00, 0x3F, 0xFF, 0xFF, 0x80, 0x03, 0xFF, 0xFF, 0xFE, 0x00, 0x2F, 0xE0, 0x00, 0xB4, 0x00,
    0xFE, 0x00, 0x00, 0x00, 0x07, 0xF0, 0x00, 0x00, 0x00, 0x1F, 0xC0, 0x00, 0x00, 0x00, 0x7F, 0x00,
    0x00, 0x00, 0x01, 0xFC, 0x00, 0x00, 0x00, 0x07, 0xF0, 0x00, 0x00, 0x00, 0x1F, 0xC0, 0x00, 0x00,
    0x00, 0x7F, 0x00, 0x00, 0x00, 0xFF, 0xFF, 0xFF, 0xFC, 0x03, 0xFF, 0xFF, 0xFF, 0xF0, 0x0F, 0xFF,
    0xFF, 0xFF, 0xC0, 0x00, 0x7F, 0x00, 0x00, 0x00, 0x01, 0xFC, 0x00, 0x00, 0x00, 0x07, 0xF0, 0x00,
    0x00, 0x00, 0x1F, 0xC0, 0x00, 0x00, 0x00, 0x7F, 0x00, 0x00, 0x00, 0x02, 0xFC, 0x00, 0x00, 0x00,
    0x0F, 0xE0, 0x00, 0x00, 0x00, 0x7F, 0x00, 0x00, 0x00, 0x07, 0xF4, 0x00, 0x00, 0x00, 0xFF, 0xFF,
    0xFF, 0xFF, 0xFF, 0xFF, 0xFF, 0xFF, 0xFF, 0xFF, 0xFF, 0xFF, 0xFF, 0xFF, 0xC0, 0x00, 0x00, 0x00,
    0x00, 0x00, 0xD0, 0x00, 0x00, 0x30, 0x3F, 0x42, 0xFE, 0x0F, 0xC1, 0xFE, 0xFF, 0xFF, 0xF8, 0x0B,
    0xFF, 0xFF, 0xFF, 0x00, 0x2F, 0xD0, 0x1F, 0xC0, 0x03, 0xF0, 0x00, 0x3D, 0x00, 0xBD, 0x00, 0x02,
    0xF0, 0x0F, 0xC0, 0x00, 0x0F, 0x00, 0xFC, 0x00, 0x00, 0xF0, 0x0F, 0xC0, 0x00, 0x0F, 0x00, 0xFC,
    0x00, 0x00, 0xF0, 0x07, 0xD0, 0x00, 0x2F, 0x00, 0x3F, 0x00, 0x07, 0xD0, 0x03, 0xFD, 0x02, 0xFC,
    0x00, 0xBF, 0xFF, 0xFF, 0xF0, 0x2F, 0xEF, 0xFF, 0xEF, 0x82, 0xF4, 0x1B, 0x90, 0xBC, 0x09, 0x00,
    0x00, 0x02, 0x00, 0xBF, 0x00, 0x00, 0x00, 0x3F, 0x8F, 0xD0, 0x00, 0x00, 0x1F, 0xC2, 0xFC, 0x00,
    0x00, 0x0F, 0xD0, 0x3F, 0x40, 0x00, 0x07, 0xF0, 0x0B, 0xF0, 0x00, 0x03, 0xF4, 0x00, 0xFD, 0x00,
    0x01, 0xFC, 0x00, 0x1F, 0xC0, 0x00, 0xFD, 0x00, 0x03, 0xF4, 0x00, 0x7E, 0x00, 0x00, 0x7F, 0x00,
    0x3F, 0x00, 0x00, 0x0F, 0xD0, 0x2F, 0x80, 0x00, 0x01, 0xFC, 0x0F, 0xC0, 0x00, 0x00, 0x3F, 0x4B,
    0xD0, 0x00, 0x00, 0x07, 0xF3, 0xF0, 0x00, 0x00, 0x00, 0xFF, 0xF4, 0x00, 0x00, 0x3F, 0xFF, 0xFF,
    0xFF, 0x00, 0x0F, 0xFF, 0xFF, 0xFF, 0xC0, 0x01, 0x55, 0xBF, 0x55, 0x50, 0x00, 0x00, 0x1F, 0xC0,
    0x00, 0x00, 0x00, 0x07, 0xF0, 0x00, 0x00, 0x0F, 0xFF, 0xFF, 0xFF, 0xC0, 0x03, 0xFF, 0xFF, 0xFF,
    0xF0, 0x00, 0xFF, 0xFF, 0xFF, 0xFC, 0x00, 0x00, 0x07, 0xF0, 0x00, 0x00, 0x00, 0x01, 0xFC, 0x00,
    0x00, 0x00, 0x00, 0x7F, 0x00, 0x00, 0x00, 0x00, 0x1F, 0xC0, 0x00, 0x00, 0x00, 0x07, 0xF0, 0x00,
    0x00, 0xFF, 0xFF, 0xFF, 0xFF, 0xFF, 0xFF, 0xFF, 0xFF, 0xFF, 0xFF, 0xFF, 0xC0, 0x00, 0x00, 0x00,
    0x00, 0x00, 0x3F, 0xFF, 0xFF, 0xFF, 0xFF, 0xFF, 0xFF, 0xFF, 0xFF, 0xFF, 0xFF, 0xF0, 0x00, 0x2B,
    0xFA, 0x40, 0x03, 0xFF, 0xFF, 0xF8, 0x0F, 0xFF, 0xFF, 0xF8, 0x2F, 0xD0, 0x01, 0xB0, 0x3F, 0x80,
    0x00, 0x00, 0x3F, 0x40, 0x00, 0x00, 0x3F, 0xC0, 0x00, 0x00, 0x1F, 0xF4, 0x00, 0x00, 0x07, 0xFF,
    0x40, 0x00, 0x00, 0xFF, 0xF8, 0x00, 0x03, 0xFF, 0xFF, 0x80, 0x0F, 0xE0, 0xBF, 0xF0, 0x2F, 0xC0,
    0x0B, 0xFC, 0x3F, 0x40, 0x02, 0xFC, 0x3F, 0x40, 0x00, 0xFD, 0x3F, 0x80, 0x00, 0xFD, 0x2F, 0xE0,
    0x00, 0xFC, 0x0F, 0xFC, 0x02, 0xFC, 0x03, 0xFF, 0x9B, 0xF0, 0x00, 0xBF, 0xFF, 0xC0, 0x00, 0x07,
    0xFF, 0x80, 0x00, 0x00, 0x6F, 0xF4, 0x00, 0x00, 0x07, 0xFC, 0x00, 0x00, 0x00, 0xFD, 0x00, 0x00,
    0x00, 0xFD, 0x00, 0x00, 0x01, 0xFD, 0xB9, 0x00, 0x07, 0xFC, 0xBF, 0xFF, 0xFF, 0xF4, 0x7F, 0xFF,
    0xFF, 0xD0, 0x06, 0xFF, 0xF9, 0x00, 0x7C, 0x01, 0xF3, 0xF4, 0x0F, 0xDF, 0xD0, 0x3F, 0x5F, 0x00,
    0x7C, 0x00, 0x00, 0x00, 0x00, 0x00, 0x00, 0x00, 0x00, 0x00, 0x1B, 0xFF, 0x90, 0x00, 0x00, 0x00,
    0x02, 0xFF, 0xFF, 0xFE, 0x00, 0x00, 0x00, 0x2F, 0xE4, 0x00, 0x6F, 0xE0, 0x00, 0x00, 0xBE, 0x00,
    0x00, 0x02, 0xF8, 0x00, 0x02, 0xF4, 0x00, 0x00, 0x00, 0x7E, 0x00, 0x07, 0xD0, 0x01, 0xBE, 0x40,
    0x1F, 0x40, 0x0F, 0x40, 0x1F, 0xFF, 0xF8, 0x07, 0xC0, 0x2E, 0x00, 0x7F, 0xFF, 0xF4, 0x02, 0xE0,
    0x3C, 0x00, 0xFF, 0x40, 0x70, 0x00, 0xF0, 0x7C, 0x02, 0xFD, 0x00, 0x00, 0x00, 0xF4, 0xB8, 0x03,
    0xF8, 0x00, 0x00, 0x00, 0x7C, 0xF4, 0x03, 0xF4, 0x00, 0x00, 0x00, 0x3C, 0xF0, 0x07, 0xF0, 0x00,
    0x00, 0x00, 0x3C, 0xF0, 0x07, 0xF0, 0x00, 0x00, 0x00, 0x3C, 0xF0, 0x07, 0xF0, 0x00, 0x00, 0x00,
    0x3C, 0xF0, 0x07, 0xF0, 0x00, 0x00, 0x00, 0x3C, 0xF4, 0x03, 0xF4, 0x00, 0x00, 0x00, 0x3C, 0xB8,
    0x03, 0xF8, 0x00, 0x00, 0x00, 0x7C, 0x7C, 0x02, 0xFC, 0x00, 0x00, 0x00, 0xF8, 0x3D, 0x00, 0xFF,
    0x40, 0x60, 0x00, 0xF0, 0x2F, 0x00, 0x7F, 0xFF, 0xF4, 0x03, 0xE0, 0x0F, 0x80, 0x1F, 0xFF, 0xF0,
    0x07, 0xC0, 0x07, 0xD0, 0x01, 0xBE, 0x40, 0x1F, 0x80, 0x02, 0xF4, 0x00, 0x00, 0x00, 0x7F, 0x00,
    0x00, 0xBF, 0x00, 0x00, 0x02, 0xFC, 0x00, 0x00, 0x1F, 0xF4, 0x00, 0x6F, 0xE0, 0x00, 0x00, 0x02,
    0xFF, 0xFF, 0xFE, 0x00, 0x00, 0x00, 0x00, 0x1B, 0xFF, 0x90, 0x00, 0x00, 0x1B, 0xFE, 0x40, 0xFE,
    0xBF, 0x41, 0x00, 0x1F, 0x00, 0x00, 0x3C, 0x01, 0xAA, 0xF0, 0xBF, 0xFF, 0xCB, 0xD0, 0x0F, 0x3D,
    0x00, 0x3C, 0xF0, 0x01, 0xF3, 0xE0, 0x0F, 0xC7, 0xFB, 0xFF, 0x07, 0xFD, 0x2C, 0x00, 0x00, 0x00,
    0x00, 0x00, 0x03, 0x40, 0x0B, 0x00, 0x03, 0xF4, 0x07, 0xF0, 0x03, 0xF8, 0x07, 0xF0, 0x02, 0xFC,
    0x03, 0xF4, 0x01, 0xFC, 0x03, 0xF8, 0x01, 0xFD, 0x02, 0xFC, 0x00, 0xFE, 0x02, 0xFC, 0x00, 0xFE,
    0x01, 0xFD, 0x00, 0x2F, 0xC0, 0x3F, 0x40, 0x03, 0xFC, 0x07, 0xF4, 0x00, 0x3F, 0x80, 0xBF, 0x00,
    0x03, 0xF4, 0x0B, 0xF0, 0x00, 0x7F, 0x00, 0xFE, 0x00, 0x0B, 0xF0, 0x0F, 0xD0, 0x00, 0xBD, 0x01,
    0xFC, 0x00, 0x08, 0x00, 0x14, 0x00, 0xFF, 0xFF, 0xFF, 0xFF, 0xEF, 0xFF, 0xFF, 0xFF, 0xFF, 0xFF,
    0xFF, 0xFF, 0xFF, 0xF0, 0x00, 0x00, 0x00, 0x3F, 0x00, 0x00, 0x00, 0x03, 0xF0, 0x00, 0x00, 0x00,
    0x3F, 0x00, 0x00, 0x00, 0x03, 0xF0, 0x00, 0x00, 0x00, 0x3F, 0x00, 0x00, 0x00, 0x03, 0xF0, 0x00,
    0x00, 0x00, 0x3F, 0x00, 0x00, 0x00, 0x02, 0x90, 0xFF, 0xFF, 0xFF, 0xFF, 0xFF, 0xFF, 0xFC, 0x00,
    0x00, 0x00, 0x00, 0x00, 0x00, 0x00, 0x00, 0x00, 0x1B, 0xFF, 0x90, 0x00, 0x00, 0x00, 0x02, 0xFF,
    0xFF, 0xFE, 0x00, 0x00, 0x00, 0x2F, 0xE4, 0x00, 0x6F, 0xE0, 0x00, 0x00, 0xBE, 0x00, 0x00, 0x02,
    0xF8, 0x00, 0x02, 0xF4, 0x00, 0x00, 0x00, 0x7E, 0x00, 0x07, 0xD0, 0x3F, 0xFE, 0x40, 0x1F, 0x40,
    0x0F, 0x40, 0x3F, 0xFF, 0xF0, 0x07, 0xC0, 0x2E, 0x00, 0x3F, 0xFF, 0xFC, 0x02, 0xE0, 0x3C, 0x00,
    0x3F, 0x42, 0xFC, 0x00, 0xF0, 0x7C, 0x00, 0x3F, 0x40, 0xFD, 0x00, 0xF4, 0xB8, 0x00, 0x3F, 0x40,
    0xFD, 0x00, 0x7C, 0xF4, 0x00, 0x3F, 0x40, 0xFD, 0x00, 0x3C, 0xF0, 0x00, 0x3F, 0x43, 0xFC, 0x00,
    0x3C, 0xF0, 0x00, 0x3F, 0xFF, 0xF0, 0x00, 0x3C, 0xF0, 0x00, 0x3F, 0xFF, 0x80, 0x00, 0x3C, 0xF0,
    0x00, 0x3F, 0xFF, 0x40, 0x00, 0x3C, 0xF4, 0x00, 0x3F, 0x4B, 0xC0, 0x00, 0x3C, 0xB8, 0x00, 0x3F,
    0x43, 0xE0, 0x00, 0x7C, 0x7C, 0x00, 0x3F, 0x42, 0xF4, 0x00, 0xF8, 0x3D, 0x00, 0x3F, 0x40, 0xFC,
    0x00, 0xF0, 0x2F, 0x00, 0x3F, 0x40, 0xBE, 0x03, 0xE0, 0x0F, 0x80, 0x3F, 0x40, 0x3F, 0x07, 0xC0,
    0x07, 0xD0, 0x15, 0x00, 0x15, 0x1F, 0x80, 0x02, 0xF4, 0x00, 0x00, 0x00, 0x7F, 0x00, 0x00, 0xBF,
    0x00, 0x00, 0x02, 0xFC, 0x00, 0x00, 0x1F, 0xF4, 0x00, 0x6F, 0xE0, 0x00, 0x00, 0x02, 0xFF, 0xFF,
    0xFE, 0x00, 0x00, 0x00, 0x00, 0x1B, 0xFF, 0x90, 0x00, 0x00, 0xFF, 0xFF, 0xFF, 0xFF, 0xFF, 0xFF,
    0xFF, 0xFF, 0xFF, 0xFF, 0xFF, 0xFF, 0xFF, 0xFF, 0xC0, 0x02, 0xFF, 0x80, 0x0F, 0xFF, 0xF0, 0x3F,
    0xFF, 0xFC, 0xBD, 0x00, 0x7E, 0xF8, 0x00, 0x2F, 0xF0, 0x00, 0x0F, 0xF0, 0x00, 0x0F, 0xF8, 0x00,
    0x2F, 0xBD, 0x00, 0x7E, 0x3F, 0xFF, 0xFC, 0x0F, 0xFF, 0xF0, 0x02, 0xFF, 0x80, 0x00, 0x03, 0xF0,
    0x00, 0x00, 0x00, 0x3F, 0x00, 0x00, 0x00, 0x03, 0xF0, 0x00, 0x00, 0x00, 0x3F, 0x00, 0x00, 0x00,
    0x03, 0xF0, 0x00, 0x00, 0x00, 0x3F, 0x00, 0x00, 0x00, 0x03, 0xF0, 0x00, 0x00, 0x00, 0x3F, 0x00,
    0x00, 0xFF, 0xFF, 0xFF, 0xFF, 0xFF, 0xFF, 0xFF, 0xFF, 0xFF, 0xFF, 0xFF, 0xFF, 0xFF, 0xF0, 0x00,
    0x3F, 0x00, 0x00, 0x00, 0x03, 0xF0, 0x00, 0x00, 0x00, 0x3F, 0x00, 0x00, 0x00, 0x03, 0xF0, 0x00,
    0x00, 0x00, 0x3F, 0x00, 0x00, 0x00, 0x03, 0xF0, 0x00, 0x00, 0x00, 0x3F, 0x00, 0x00, 0x00, 0x03,
    0xF0, 0x00, 0x00, 0x00, 0x00, 0x00, 0x00, 0xFF, 0xFF, 0xFF, 0xFF, 0xFF, 0xFF, 0xFF, 0xFF, 0xFF,
    0xFF, 0xFF, 0xFF, 0xFF, 0xF0, 0x00, 0x54, 0x00, 0x2F, 0xFE, 0x07, 0xFF, 0xFF, 0x1F, 0x40, 0xFD,
    0x10, 0x00, 0xF8, 0x00, 0x03, 0xE0, 0x00, 0x0F, 0x40, 0x00, 0xBC, 0x00, 0x07, 0xD0, 0x00, 0x7E,
    0x00, 0x07, 0xE0, 0x00, 0x7E, 0x00, 0x07, 0xE0, 0x00, 0x7E, 0x00, 0x0B, 0xF5, 0x55, 0x3F, 0xFF,
    0xFE, 0xFF, 0xFF, 0xF8, 0x07, 0xFF, 0x41, 0xFF, 0xFF, 0x8B, 0xE5, 0xBF, 0x44, 0x00, 0x3E, 0x00,
    0x00, 0xF8, 0x00, 0x07, 0xD0, 0x00, 0x7F, 0x02, 0xFF, 0xF0, 0x0B, 0xFF, 0x80, 0x05, 0x6F, 0xD0,
    0x00, 0x0F, 0xC0, 0x00, 0x2F, 0x00, 0x00, 0xFD, 0x00, 0x03, 0xFF, 0x95, 0xBF, 0x7F, 0xFF, 0xF8,
    0x2F, 0xFE, 0x40, 0x00, 0xFF, 0x00, 0xFF, 0x00, 0x7F, 0x40, 0x3F, 0x40, 0x2F, 0x40, 0x1F, 0x40,
    0x00, 0xFD, 0x00, 0x00, 0x1F, 0xFF, 0x40, 0x00, 0x07, 0xFF, 0xD0, 0x00, 0x01, 0xFF, 0xF4, 0x00,
    0x00, 0x7F, 0xFD, 0x00, 0x00, 0x1F, 0xFF, 0x40, 0x00, 0x07, 0xFF, 0xD0, 0x00, 0x01, 0xFF, 0xF4,
    0x00, 0x00, 0x7F, 0xFD, 0x00, 0x00, 0x1F, 0xFF, 0x40, 0x00, 0x07, 0xFF, 0xD0, 0x00, 0x01, 0xFF,
    0xF4, 0x00, 0x00, 0x7F, 0xFD, 0x00, 0x00, 0x2F, 0xFF, 0x40, 0x00, 0x0B, 0xFF, 0xD0, 0x00, 0x03,
    0xFF, 0xF8, 0x00, 0x01, 0xFF, 0xFF, 0x00, 0x00, 0xFF, 0xFF, 0xF4, 0x01, 0xFF, 0xFF, 0xFF, 0xFF,
    0xFD, 0xFF, 0xFF, 0xFF, 0xFC, 0x3F, 0xFD, 0x2F, 0xF4, 0x0F, 0xFF, 0x40, 0x00, 0x00, 0x0F, 0xD0,
    0x00, 0x00, 0x03, 0xF4, 0x00, 0x00, 0x00, 0xFD, 0x00, 0x00, 0x00, 0x3F, 0x40, 0x00, 0x00, 0x0F,
    0xD0, 0x00, 0x00, 0x03, 0xF4, 0x00, 0x00, 0x00, 0xFD, 0x00, 0x00, 0x00, 0x3F, 0x40, 0x00, 0x00,
    0x00, 0x00, 0x2F, 0xFF, 0xFF, 0xFC, 0x02, 0xFF, 0xFF, 0xFF, 0xFC, 0x0B, 0xFF, 0xFF, 0xD0, 0x3C,
    0x1F, 0xFF, 0xFF, 0xC0, 0x3C, 0x2F, 0xFF, 0xFF, 0xC0, 0x3C, 0x3F, 0xFF, 0xFF, 0xC0, 0x3C, 0x7F,
    0xFF, 0xFF, 0xC0, 0x3C, 0x7F, 0xFF, 0xFF, 0xC0, 0x3C, 0x7F, 0xFF, 0xFF, 0xC0, 0x3C, 0x7F, 0xFF,
    0xFF, 0xC0, 0x3C, 0x7F, 0xFF, 0xFF, 0xC0, 0x3C, 0x7F, 0xFF, 0xFF, 0xC0, 0x3C, 0x7F, 0xFF, 0xFF,
    0xC0, 0x3C, 0x3F, 0xFF, 0xFF, 0xC0, 0x3C, 0x3F, 0xFF, 0xFF, 0xC0, 0x3C, 0x1F, 0xFF, 0xFF, 0xC0,
    0x3C, 0x0F, 0xFF, 0xFF, 0xC0, 0x3C, 0x03, 0xFF, 0xFF, 0xC0, 0x3C, 0x00, 0x6F, 0xFF, 0xC0, 0x3C,
    0x00, 0x00, 0x03, 0xC0, 0x3C, 0x00, 0x00, 0x03, 0xC0, 0x3C, 0x00, 0x00, 0x03, 0xC0, 0x3C, 0x00,
    0x00, 0x03, 0xC0, 0x3C, 0x00, 0x00, 0x03, 0xC0, 0x3C, 0x00, 0x00, 0x03, 0xC0, 0x3C, 0x00, 0x00,
    0x03, 0xC0, 0x3C, 0x00, 0x00, 0x03, 0xC0, 0x3C, 0x00, 0x00, 0x03, 0xC0, 0x3C, 0x00, 0x00, 0x03,
    0xC0, 0x3C, 0x00, 0x00, 0x03, 0xC0, 0x3C, 0x00, 0x00, 0x03, 0xC0, 0x3C, 0x00, 0x00, 0x03, 0xC0,
    0x3C, 0x00, 0x00, 0x03, 0xC0, 0x3C, 0x00, 0x00, 0x03, 0xC0, 0x3C, 0x00, 0x00, 0x00, 0x00, 0x00,
    0x3F, 0x3F, 0xFF, 0xFF, 0xFF, 0x3F, 0x00, 0x03, 0xC0, 0x07, 0x80, 0x0F, 0xE0, 0x06, 0xFD, 0x00,
    0x3F, 0x00, 0x3F, 0x00, 0xBE, 0xBF, 0xFC, 0x7F, 0xE0, 0x00, 0xBE, 0x07, 0xFE, 0x2F, 0xFE, 0xBE,
    0x3E, 0x34, 0x3E, 0x00, 0x3E, 0x00, 0x3E, 0x00, 0x3E, 0x00, 0x3E, 0x00, 0x3E, 0x00, 0x3E, 0x00,
    0x3E, 0x00, 0x3E, 0x00, 0x3E, 0x00, 0x3E, 0x00, 0x3E, 0x00, 0x69, 0x00, 0x0B, 0xFF, 0xE0, 0x3F,
    0x00, 0xBC, 0x7C, 0x00, 0x3D, 0xB4, 0x00, 0x1E, 0xF4, 0x00, 0x1F, 0xF0, 0x00, 0x0F, 0xF4, 0x00,
    0x1F, 0xF4, 0x00, 0x1F, 0xB8, 0x00, 0x2E, 0x3D, 0x00, 0x7C, 0x0F, 0xEB, 0xF0, 0x02, 0xFF, 0x80,
    0x00, 0x00, 0x00, 0x00, 0x07, 0x00, 0x0E, 0x00, 0x07, 0xF0, 0x0F, 0xD0, 0x00, 0xBF, 0x01, 0xFD,
    0x00, 0x0F, 0xE0, 0x1F, 0xC0, 0x00, 0xFD, 0x02, 0xFC, 0x00, 0x1F, 0xD0, 0x3F, 0x80, 0x01, 0xFC,
    0x03, 0xF8, 0x00, 0x2F, 0xC0, 0x7F, 0x40, 0x0F, 0xE0, 0x1F, 0xC0, 0x0B, 0xF0, 0x1F, 0xD0, 0x0B,
    0xF0, 0x0F, 0xE0, 0x07, 0xF0, 0x0F, 0xE0, 0x03, 0xF4, 0x0B, 0xF0, 0x03, 0xF8, 0x07, 0xF0, 0x01,
    0xF8, 0x03, 0xF0, 0x00, 0x08, 0x00, 0x14, 0x00, 0x00, 0x00, 0xBF, 0x00, 0x00, 0x02, 0xF4, 0x00,
    0x7F, 0xF0, 0x00, 0x00, 0x7F, 0x00, 0x2F, 0xBF, 0x00, 0x00, 0x0F, 0xC0, 0x0B, 0xE3, 0xF0, 0x00,
    0x01, 0xF8, 0x00, 0x30, 0x3F, 0x00, 0x00, 0x3F, 0x00, 0x00, 0x03, 0xF0, 0x00, 0x0B, 0xD0, 0x00,
    0x00, 0x3F, 0x00, 0x00, 0xFC, 0x00, 0x00, 0x03, 0xF0, 0x00, 0x3F, 0x00, 0x00, 0x00, 0x3F, 0x00,
    0x07, 0xE0, 0x00, 0x00, 0x03, 0xF0, 0x00, 0xFC, 0x00, 0x00, 0x00, 0x3F, 0x00, 0x2F, 0x40, 0x3F,
    0x40, 0x03, 0xF0, 0x03, 0xE0, 0x0F, 0xF4, 0x00, 0x3F, 0x00, 0xFC, 0x01, 0xFF, 0x40, 0x03, 0xF0,
    0x1F, 0x80, 0x3F, 0xF4, 0x00, 0x3F, 0x03, 0xF0, 0x0B, 0x7F, 0x40, 0x03, 0xF0, 0xBD, 0x01, 0xF3,
    0xF4, 0x00, 0x00, 0x0F, 0x80, 0x3D, 0x3F, 0x40, 0x00, 0x03, 0xF0, 0x0B, 0x83, 0xF4, 0x00, 0x00,
    0x7E, 0x00, 0xF0, 0x3F, 0x40, 0x00, 0x0F, 0xC0, 0x3D, 0x03, 0xF4, 0x00, 0x02, 0xF4, 0x07, 0xC0,
    0x3F, 0x40, 0x00, 0x3E, 0x00, 0xFF, 0xFF, 0xFF, 0x00, 0x0F, 0xC0, 0x0F, 0xFF, 0xFF, 0xF0, 0x01,
    0xF8, 0x00, 0x55, 0x57, 0xF9, 0x00, 0x3F, 0x00, 0x00, 0x00, 0x3F, 0x40, 0x0B, 0xD0, 0x00, 0x00,
    0x03, 0xF4, 0x00, 0xF8, 0x00, 0x00, 0x00, 0x3F, 0x40, 0x00, 0xBF, 0x00, 0x00, 0x03, 0xF0, 0x00,
    0x1F, 0xFC, 0x00, 0x00, 0x2F, 0x40, 0x02, 0xFF, 0xF0, 0x00, 0x00, 0xF8, 0x00, 0x2F, 0x8F, 0xC0,
    0x00, 0x0F, 0xC0, 0x00, 0x34, 0x3F, 0x00, 0x00, 0x7D, 0x00, 0x00, 0x00, 0xFC, 0x00, 0x03, 0xF0,
    0x00, 0x00, 0x03, 0xF0, 0x00, 0x2F, 0x40, 0x00, 0x00, 0x0F, 0xC0, 0x01, 0xF8, 0x00, 0x00, 0x00,
    0x3F, 0x00, 0x0F, 0xC0, 0x00, 0x00, 0x00, 0xFC, 0x00, 0x7D, 0x00, 0x00, 0x00, 0x03, 0xF0, 0x03,
    0xF0, 0x6F, 0xF4, 0x00, 0x0F, 0xC0, 0x2F, 0x0F, 0xFF, 0xFC, 0x00, 0x3F, 0x01, 0xF8, 0xBE, 0x57,
    0xF8, 0x00, 0xFC, 0x0F, 0xC0, 0x90, 0x03, 0xF0, 0x03, 0xF0, 0xBD, 0x00, 0x00, 0x0F, 0xC0, 0x0F,
    0xC3, 0xE0, 0x00, 0x00, 0x3F, 0x00, 0x00, 0x3F, 0x00, 0x00, 0x01, 0xF8, 0x00, 0x01, 0xF4, 0x00,
    0x00, 0x0F, 0xC0, 0x00, 0x0F, 0xC0, 0x00, 0x00, 0xBD, 0x00, 0x00, 0xBD, 0x00, 0x00, 0x0B, 0xD0,
    0x00, 0x03, 0xE0, 0x00, 0x00, 0xBD, 0x00, 0x00, 0x3F, 0x00, 0x00, 0x0F, 0xD0, 0x00, 0x01, 0xF4,
    0x00, 0x00, 0xFC, 0x00, 0x00, 0x0F, 0xC0, 0x00, 0x0F, 0xC0, 0x00, 0x00, 0xBC, 0x00, 0x00, 0xFF,
    0xFF, 0xFC, 0x07, 0xE0, 0x00, 0x03, 0xFF, 0xFF, 0xF0, 0x3F, 0x00, 0x00, 0x0F, 0xFF, 0xFF, 0xC0,
    0x07, 0xFF, 0x40, 0x00, 0x00, 0x1A, 0x40, 0x7F, 0xFF, 0xF0, 0x00, 0x00, 0x3F, 0x00, 0x7E, 0x07,
    0xF8, 0x00, 0x00, 0xBD, 0x00, 0x10, 0x00, 0xFC, 0x00, 0x00, 0xFC, 0x00, 0x00, 0x00, 0xFC, 0x00,
    0x03, 0xF0, 0x00, 0x00, 0x01, 0xF8, 0x00, 0x07, 0xE0, 0x00, 0x00, 0x07, 0xF0, 0x00, 0x0F, 0xC0,
    0x00, 0x0B, 0xFF, 0x80, 0x00, 0x2F, 0x40, 0x00, 0x0B, 0xFF, 0xD0, 0x00, 0x3F, 0x00, 0x00, 0x00,
    0x07, 0xF4, 0x00, 0xBC, 0x00, 0x00, 0x00, 0x00, 0xFC, 0x01, 0xF8, 0x00, 0x00, 0x00, 0x00, 0xFC,
    0x03, 0xF0, 0x0B, 0xF0, 0x00, 0x00, 0xFC, 0x07, 0xD0, 0x0F, 0xF0, 0x00, 0x00, 0xFC, 0x0F, 0xC0,
    0x3F, 0xF0, 0xE4, 0x07, 0xF4, 0x2F, 0x00, 0x7F, 0xF0, 0xFF, 0xFF, 0xE0, 0x3E, 0x00, 0xF7, 0xF0,
    0x6F, 0xFF, 0x40, 0xBC, 0x02, 0xE7, 0xF0, 0x00, 0x00, 0x01, 0xF4, 0x03, 0xC7, 0xF0, 0x00, 0x00,
    0x03, 0xF0, 0x0B, 0x47, 0xF0, 0x00, 0x00, 0x07, 0xC0, 0x1F, 0x07, 0xF0, 0x00, 0x00, 0x0F, 0x80,
    0x3C, 0x07, 0xF0, 0x00, 0x00, 0x2F, 0x00, 0xB8, 0x07, 0xF0, 0x00, 0x00, 0x3D, 0x00, 0xFF, 0xFF,
    0xFF, 0x00, 0x00, 0xFC, 0x00, 0xFF, 0xFF, 0xFF, 0x00, 0x01, 0xF0, 0x00, 0x55, 0x5B, 0xF5, 0x00,
    0x03, 0xE0, 0x00, 0x00, 0x07, 0xF0, 0x00, 0x07, 0xC0, 0x00, 0x00, 0x07, 0xF0, 0x00, 0x0F, 0x40,
    0x00, 0x00, 0x07, 0xF0, 0x00, 0x03, 0xF0, 0x00, 0x00, 0x3F, 0xF0, 0x00, 0x00, 0xFF, 0xC0, 0x00,
    0x03, 0xFF, 0x00, 0x00, 0x03, 0xF0, 0x00, 0x00, 0x00, 0x00, 0x00, 0x00, 0x00, 0x00, 0x00, 0x00,
    0x00, 0x00, 0x00, 0x03, 0xF0, 0x00, 0x00, 0x0F, 0xC0, 0x00, 0x00, 0x3F, 0x00, 0x00, 0x01, 0xF8,
    0x00, 0x00, 0x0F, 0xD0, 0x00, 0x00, 0xFF, 0x00, 0x00, 0x1F, 0xF0, 0x00, 0x01, 0xFF, 0x00, 0x00,
    0x1F, 0xF0, 0x00, 0x00, 0xFF, 0x00, 0x00, 0x0B, 0xF0, 0x00, 0x00, 0x3F, 0x80, 0x00, 0x00, 0xFD,
    0x00, 0x00, 0x03, 0xF4, 0x00, 0x00, 0x0F, 0xE0, 0x00, 0x00, 0x2F, 0xC0, 0x00, 0x04, 0x7F, 0xD0,
    0x06, 0xF0, 0xBF, 0xFF, 0xFF, 0xE0, 0xBF, 0xFF, 0xFF, 0x40, 0x2F, 0xFE, 0x40, 0x00, 0x01, 0xA8,
    0x00, 0x00, 0x00, 0x00, 0x02, 0xFD, 0x00, 0x00, 0x00, 0x00, 0x00, 0xFF, 0x00, 0x00, 0x00, 0x00,
    0x00, 0x3F, 0x80, 0x00, 0x00, 0x00, 0x00, 0x0F, 0xC0, 0x00, 0x00, 0x00, 0x00, 0x03, 0xF0, 0x00,
    0x00, 0x00, 0x00, 0x00, 0xF4, 0x00, 0x00, 0x00, 0x00, 0x00, 0x00, 0x00, 0x00, 0x00, 0x00, 0x00,
    0x00, 0x00, 0x00, 0x00, 0x00, 0x00, 0x00, 0x00, 0x00, 0x00, 0x00, 0x0B, 0xE0, 0x00, 0x00, 0x00,
    0x00, 0x0F, 0xF0, 0x00, 0x00, 0x00, 0x00, 0x2F, 0xF4, 0x00, 0x00, 0x00, 0x00, 0x3F, 0xFC, 0x00,
    0x00, 0x00, 0x00, 0x7E, 0xBC, 0x00, 0x00, 0x00, 0x00, 0xBD, 0x7E, 0x00, 0x00, 0x00, 0x00, 0xFC,
    0x3F, 0x00, 0x00, 0x00, 0x01, 0xF8, 0x2F, 0x40, 0x00, 0x00, 0x03, 0xF4, 0x1F, 0xC0, 0x00, 0x00,
    0x03, 0xF0, 0x0F, 0xC0, 0x00, 0x00, 0x0B, 0xE0, 0x0B, 0xE0, 0x00, 0x00, 0x0F, 0xC0, 0x03, 0xF0,
    0x00, 0x00, 0x1F, 0xC0, 0x03, 0xF4, 0x00, 0x00, 0x3F, 0x40, 0x01, 0xF8, 0x00, 0x00, 0x3F, 0x00,
    0x00, 0xFC, 0x00, 0x00, 0xBF, 0xFF, 0xFF, 0xFD, 0x00, 0x00, 0xFF, 0xFF, 0xFF, 0xFF, 0x00, 0x01,
    0xFF, 0xFF, 0xFF, 0xFF, 0x40, 0x02, 0xF4, 0x00, 0x00, 0x2F, 0x80, 0x03, 0xF0, 0x00, 0x00, 0x0F,
    0xC0, 0x07, 0xE0, 0x00, 0x00, 0x0F, 0xD0, 0x0F, 0xD0, 0x00, 0x00, 0x0B, 0xF0, 0x1F, 0xC0, 0x00,
    0x00, 0x03, 0xF0, 0x2F, 0x80, 0x00, 0x00, 0x03, 0xF8, 0x3F, 0x40, 0x00, 0x00, 0x01, 0xFC, 0x7F,
    0x00, 0x00, 0x00, 0x00, 0xFD, 0xFE, 0x00, 0x00, 0x00, 0x00, 0xBE, 0x00, 0x00, 0x00, 0x1A, 0x80,
    0x00, 0x00, 0x00, 0x00, 0x3F, 0xC0, 0x00, 0x00, 0x00, 0x00, 0xBF, 0x40, 0x00, 0x00, 0x00, 0x00,
    0xFD, 0x00, 0x00, 0x00, 0x00, 0x02, 0xF8, 0x00, 0x00, 0x00, 0x00, 0x07, 0xE0, 0x00, 0x00, 0x00,
    0x00, 0x0F, 0x80, 0x00, 0x00, 0x00, 0x00, 0x00, 0x00, 0x00, 0x00, 0x00, 0x00, 0x00, 0x00, 0x00,
    0x00, 0x00, 0x00, 0x00, 0x00, 0x00, 0x00, 0x00, 0x00, 0x0B, 0xE0, 0x00, 0x00, 0x00, 0x00, 0x0F,
    0xF0, 0x00, 0x00, 0x00, 0x00, 0x2F, 0xF4, 0x00, 0x00, 0x00, 0x00, 0x3F, 0xFC, 0x00, 0x00, 0x00,
    0x00, 0x7E, 0xBC, 0x00, 0x00, 0x00, 0x00, 0xBD, 0x7E, 0x00, 0x00, 0x00, 0x00, 0xFC, 0x3F, 0x00,
    0x00, 0x00, 0x01, 0xF8, 0x2F, 0x40, 0x00, 0x00, 0x03, 0xF4, 0x1F, 0xC0, 0x00, 0x00, 0x03, 0xF0,
    0x0F, 0xC0, 0x00, 0x00, 0x0B, 0xE0, 0x0B, 0xE0, 0x00, 0x00, 0x0F, 0xC0, 0x03, 0xF0, 0x00, 0x00,
    0x1F, 0xC0, 0x03, 0xF4, 0x00, 0x00, 0x3F, 0x40, 0x01, 0xF8, 0x00, 0x00, 0x3F, 0x00, 0x00, 0xFC,
    0x00, 0x00, 0xBF, 0xFF, 0xFF, 0xFD, 0x00, 0x00, 0xFF, 0xFF, 0xFF, 0xFF, 0x00, 0x01, 0xFF, 0xFF,
    0xFF, 0xFF, 0x40, 0x02, 0xF4, 0x00, 0x00, 0x2F, 0x80, 0x03, 0xF0, 0x00, 0x00, 0x0F, 0xC0, 0x07,
    0xE0, 0x00, 0x00, 0x0F, 0xD0, 0x0F, 0xD0, 0x00, 0x00, 0x0B, 0xF0, 0x1F, 0xC0, 0x00, 0x00, 0x03,
    0xF0, 0x2F, 0x80, 0x00, 0x00, 0x03, 0xF8, 0x3F, 0x40, 0x00, 0x00, 0x01, 0xFC, 0x7F, 0x00, 0x00,
    0x00, 0x00, 0xFD, 0xFE, 0x00, 0x00, 0x00, 0x00, 0xBE, 0x00, 0x00, 0x06, 0x90, 0x00, 0x00, 0x00,
    0x00, 0x1F, 0xF0, 0x00, 0x00, 0x00, 0x00, 0x3F, 0xFC, 0x00, 0x00, 0x00, 0x00, 0xFE, 0xFE, 0x00,
    0x00, 0x00, 0x02, 0xF8, 0x3F, 0x40, 0x00, 0x00, 0x0B, 0xE0, 0x0F, 0xD0, 0x00, 0x00, 0x1F, 0x80,
    0x02, 0xF0, 0x00, 0x00, 0x00, 0x00, 0x00, 0x00, 0x00, 0x00, 0x00, 0x00, 0x00, 0x00, 0x00, 0x00,
    0x00, 0x00, 0x00, 0x00, 0x00, 0x00, 0x00, 0x0B, 0xE0, 0x00, 0x00, 0x00, 0x00, 0x0F, 0xF0, 0x00,
    0x00, 0x00, 0x00, 0x2F, 0xF4, 0x00, 0x00, 0x00, 0x00, 0x3F, 0xFC, 0x00, 0x00, 0x00, 0x00, 0x7E,
    0xBC, 0x00, 0x00, 0x00, 0x00, 0xBD, 0x7E, 0x00, 0x00, 0x00, 0x00, 0xFC, 0x3F, 0x00, 0x00, 0x00,
    0x01, 0xF8, 0x2F, 0x40, 0x00, 0x00, 0x03, 0xF4, 0x1F, 0xC0, 0x00, 0x00, 0x03, 0xF0, 0x0F, 0xC0,
    0x00, 0x00, 0x0B, 0xE0, 0x0B, 0xE0, 0x00, 0x00, 0x0F, 0xC0, 0x03, 0xF0, 0x00, 0x00, 0x1F, 0xC0,
    0x03, 0xF4, 0x00, 0x00, 0x3F, 0x40, 0x01, 0xF8, 0x00, 0x00, 0x3F, 0x00, 0x00, 0xFC, 0x00, 0x00,
    0xBF, 0xFF, 0xFF, 0xFD, 0x00, 0x00, 0xFF, 0xFF, 0xFF, 0xFF, 0x00, 0x01, 0xFF, 0xFF, 0xFF, 0xFF,
    0x40, 0x02, 0xF4, 0x00, 0x00, 0x2F, 0x80, 0x03, 0xF0, 0x00, 0x00, 0x0F, 0xC0, 0x07, 0xE0, 0x00,
    0x00, 0x0F, 0xD0, 0x0F, 0xD0, 0x00, 0x00, 0x0B, 0xF0, 0x1F, 0xC0, 0x00, 0x00, 0x03, 0xF0, 0x2F,
    0x80, 0x00, 0x00, 0x03, 0xF8, 0x3F, 0x40, 0x00, 0x00, 0x01, 0xFC, 0x7F, 0x00, 0x00, 0x00, 0x00,
    0xFD, 0xFE, 0x00, 0x00, 0x00, 0x00, 0xBE, 0x00, 0x02, 0xF9, 0x00, 0x38, 0x00, 0x00, 0x0B, 0xFF,
    0x80, 0xB8, 0x00, 0x00, 0x1F, 0xFF, 0xFF, 0xF0, 0x00, 0x00, 0x2E, 0x02, 0xFF, 0xE0, 0x00, 0x00,
    0x3C, 0x00, 0x6F, 0x40, 0x00, 0x00, 0x00, 0x00, 0x00, 0x00, 0x00, 0x00, 0x00, 0x00, 0x00, 0x00,
    0x00, 0x00, 0x00, 0x00, 0x00, 0x00, 0x00, 0x00, 0x00, 0x0B, 0xE0, 0x00, 0x00, 0x00, 0x00, 0x0F,
    0xF0, 0x00, 0x00, 0x00, 0x00, 0x2F, 0xF4, 0x00, 0x00, 0x00, 0x00, 0x3F, 0xFC, 0x00, 0x00, 0x00,
    0x00, 0x7E, 0xBC, 0x00, 0x00, 0x00, 0x00, 0xBD, 0x7E, 0x00, 0x00, 0x00, 0x00, 0xFC, 0x3F, 0x00,
    0x00, 0x00, 0x01, 0xF8, 0x2F, 0x40, 0x00, 0x00, 0x03, 0xF4, 0x1F, 0xC0, 0x00, 0x00, 0x03, 0xF0,
    0x0F, 0xC0, 0x00, 0x00, 0x0B, 0xE0, 0x0B, 0xE0, 0x00, 0x00, 0x0F, 0xC0, 0x03, 0xF0, 0x00, 0x00,
    0x1F, 0xC0, 0x03, 0xF4, 0x00, 0x00, 0x3F, 0x40, 0x01, 0xF8, 0x00, 0x00, 0x3F, 0x00, 0x00, 0xFC,
    0x00, 0x00, 0xBF, 0xFF, 0xFF, 0xFD, 0x00, 0x00, 0xFF, 0xFF, 0xFF, 0xFF, 0x00, 0x01, 0xFF, 0xFF,
    0xFF, 0xFF, 0x40, 0x02, 0xF4, 0x00, 0x00, 0x2F, 0x80, 0x03, 0xF0, 0x00, 0x00, 0x0F, 0xC0, 0x07,
    0xE0, 0x00, 0x00, 0x0F, 0xD0, 0x0F, 0xD0, 0x00, 0x00, 0x0B, 0xF0, 0x1F, 0xC0, 0x00, 0x00, 0x03,
    0xF0, 0x2F, 0x80, 0x00, 0x00, 0x03, 0xF8, 0x3F, 0x40, 0x00, 0x00, 0x01, 0xFC, 0x7F, 0x00, 0x00,
    0x00, 0x00, 0xFD, 0xFE, 0x00, 0x00, 0x00, 0x00, 0xBE, 0x00, 0x01, 0xF0, 0x07, 0xC0, 0x00, 0x00,
    0x00, 0xFD, 0x03, 0xF4, 0x00, 0x00, 0x00, 0x3F, 0x40, 0xFD, 0x00, 0x00, 0x00, 0x07, 0xC0, 0x1E,
    0x00, 0x00, 0x00, 0x00, 0x00, 0x00, 0x00, 0x00, 0x00, 0x00, 0x00, 0x00, 0x00, 0x00, 0x00, 0x00,
    0x00, 0x00, 0x00, 0x00, 0x00, 0x00, 0x00, 0x00, 0x00, 0x00, 0x00, 0x00, 0x00, 0x0B, 0xF0, 0x00,
    0x00, 0x00, 0x00, 0x03, 0xFD, 0x00, 0x00, 0x00, 0x00, 0x01, 0xFF, 0x80, 0x00, 0x00, 0x00, 0x00,
    0xBF, 0xF0, 0x00, 0x00, 0x00, 0x00, 0x3F, 0x7D, 0x00, 0x00, 0x00, 0x00, 0x1F, 0x8F, 0xC0, 0x00,
    0x00, 0x00, 0x0F, 0xD3, 0xF4, 0x00, 0x00, 0x00, 0x03, 0xF0, 0x7E, 0x00, 0x00, 0x00, 0x02, 0xF8,
    0x0F, 0xC0, 0x00, 0x00, 0x00, 0xFC, 0x02, 0xF4, 0x00, 0x00, 0x00, 0x7F, 0x00, 0x7F, 0x00, 0x00,
    0x00, 0x2F, 0x40, 0x0F, 0xC0, 0x00, 0x00, 0x0F, 0xC0, 0x02, 0xF8, 0x00, 0x00, 0x0B, 0xE0, 0x00,
    0x3F, 0x00, 0x00, 0x03, 0xF4, 0x00, 0x0F, 0xD0, 0x00, 0x01, 0xFF, 0xFF, 0xFF, 0xF8, 0x00, 0x00,
    0xBF, 0xFF, 0xFF, 0xFF, 0x00, 0x00, 0x3F, 0xFF, 0xFF, 0xFF, 0xD0, 0x00, 0x1F, 0x80, 0x00, 0x01,
    0xFC, 0x00, 0x0F, 0xD0, 0x00, 0x00, 0x3F, 0x00, 0x03, 0xF0, 0x00, 0x00, 0x0B, 0xE0, 0x02, 0xF8,
    0x00, 0x00, 0x01, 0xFC, 0x00, 0xFD, 0x00, 0x00, 0x00, 0x3F, 0x40, 0x7F, 0x00, 0x00, 0x00, 0x0B,
    0xF0, 0x2F, 0x80, 0x00, 0x00, 0x01, 0xFC, 0x0F, 0xD0, 0x00, 0x00, 0x00, 0x3F, 0x87, 0xF0, 0x00,
    0x00, 0x00, 0x0B, 0xF0, 0x00, 0x00, 0x0B, 0xE0, 0x00, 0x00, 0x00, 0x00, 0x3F, 0xFC, 0x00, 0x00,
    0x00, 0x00, 0xB8, 0x2E, 0x00, 0x00, 0x00, 0x00, 0xF0, 0x0F, 0x00, 0x00, 0x00, 0x00, 0xF0, 0x0F,
    0x00, 0x00, 0x00, 0x00, 0xF0, 0x0F, 0x00, 0x00, 0x00, 0x00, 0xB8, 0x2E, 0x00, 0x00, 0x00, 0x00,
    0x3F, 0xFC, 0x00, 0x00, 0x00, 0x00, 0x0F, 0xF4, 0x00, 0x00, 0x00, 0x00, 0x1F, 0xF4, 0x00, 0x00,
    0x00, 0x00, 0x2F, 0xFC, 0x00, 0x00, 0x00, 0x00, 0x3F, 0xBD, 0x00, 0x00, 0x00, 0x00, 0xBD, 0x7E,
    0x00, 0x00, 0x00, 0x00, 0xFC, 0x3F, 0x00, 0x00, 0x00, 0x01, 0xFC, 0x2F, 0x40, 0x00, 0x00, 0x02,
    0xF4, 0x1F, 0xC0, 0x00, 0x00, 0x03, 0xF0, 0x0F, 0xC0, 0x00, 0x00, 0x07, 0xE0, 0x0B, 0xE0, 0x00,
    0x00, 0x0F, 0xD0, 0x03, 0xF0, 0x00, 0x00, 0x0F, 0xC0, 0x03, 0xF4, 0x00, 0x00, 0x2F, 0x80, 0x01,
    0xF8, 0x00, 0x00, 0x3F, 0x00, 0x00, 0xFC, 0x00, 0x00, 0x7F, 0xFF, 0xFF, 0xFE, 0x00, 0x00, 0xBF,
    0xFF, 0xFF, 0xFF, 0x00, 0x00, 0xFF, 0xFF, 0xFF, 0xFF, 0x40, 0x02, 0xF8, 0x00, 0x00, 0x2F, 0x80,
    0x03, 0xF4, 0x00, 0x00, 0x0F, 0xC0, 0x07, 0xF0, 0x00, 0x00, 0x0F, 0xD0, 0x0B, 0xE0, 0x00, 0x00,
    0x0B, 0xF0, 0x0F, 0xC0, 0x00, 0x00, 0x03, 0xF0, 0x1F, 0xC0, 0x00, 0x00, 0x03, 0xF8, 0x3F, 0x40,
    0x00, 0x00, 0x01, 0xFC, 0x3F, 0x00, 0x00, 0x00, 0x00, 0xFD, 0xBF, 0x00, 0x00, 0x00, 0x00, 0xBE,
    0x00, 0x00, 0x00, 0x7F, 0xFF, 0xFF, 0xFF, 0xFC, 0x00, 0x00, 0x03, 0xFF, 0xFF, 0xFF, 0xFF, 0xF0,
    0x00, 0x00, 0x1F, 0xFF, 0xFF, 0xFF, 0xFF, 0xC0, 0x00, 0x00, 0xFD, 0x0F, 0xD0, 0x00, 0x00, 0x00,
    0x00, 0x07, 0xF0, 0x3F, 0x40, 0x00, 0x00, 0x00, 0x00, 0x3F, 0x80, 0xFD, 0x00, 0x00, 0x00, 0x00,
    0x00, 0xFC, 0x03, 0xF4, 0x00, 0x00, 0x00, 0x00, 0x0B, 0xE0, 0x0F, 0xD0, 0x00, 0x00, 0x00, 0x00,
    0x3F, 0x00, 0x3F, 0x40, 0x00, 0x00, 0x00, 0x02, 0xF8, 0x00, 0xFD, 0x00, 0x00, 0x00, 0x00, 0x0F,
    0xC0, 0x03, 0xF4, 0x00, 0x00, 0x00, 0x00, 0xBE, 0x00, 0x0F, 0xFF, 0xFF, 0xFC, 0x00, 0x03, 0xF0,
    0x00, 0x3F, 0xFF, 0xFF, 0xF0, 0x00, 0x2F, 0x80, 0x00, 0xFF, 0xFF, 0xFF, 0xC0, 0x00, 0xFD, 0x00,
    0x03, 0xF4, 0x00, 0x00, 0x00, 0x07, 0xFF, 0xFF, 0xFF, 0xD0, 0x00, 0x00, 0x00, 0x3F, 0xFF, 0xFF,
    0xFF, 0x40, 0x00, 0x00, 0x01, 0xFF, 0xFF, 0xFF, 0xFD, 0x00, 0x00, 0x00, 0x0F, 0xD0, 0x00, 0x03,
    0xF4, 0x00, 0x00, 0x00, 0x7F, 0x00, 0x00, 0x0F, 0xD0, 0x00, 0x00, 0x03, 0xF8, 0x00, 0x00, 0x3F,
    0x40, 0x00, 0x00, 0x1F, 0xC0, 0x00, 0x00, 0xFD, 0x00, 0x00, 0x00, 0xFE, 0x00, 0x00, 0x03, 0xF4,
    0x00, 0x00, 0x03, 0xF0, 0x00, 0x00, 0x0F, 0xD0, 0x00, 0x00, 0x2F, 0x80, 0x00, 0x00, 0x3F, 0xFF,
    0xFF, 0xFC, 0xFD, 0x00, 0x00, 0x00, 0xFF, 0xFF, 0xFF, 0xFB, 0xF0, 0x00, 0x00, 0x03, 0xFF, 0xFF,
    0xFF, 0xC0, 0x00, 0x00, 0x6F, 0xFF, 0x90, 0x00, 0x02, 0xFF, 0xFF, 0xFF, 0x80, 0x07, 0xFF, 0xFF,
    0xFF, 0xE0, 0x07, 0xFE, 0x40, 0x01, 0xF0, 0x07, 0xFD, 0x00, 0x00, 0x00, 0x03, 0xFC, 0x00, 0x00,
    0x00, 0x02, 0xFD, 0x00, 0x00, 0x00, 0x00, 0xFE, 0x00, 0x00, 0x00, 0x00, 0x7F, 0x40, 0x00, 0x00,
    0x00, 0x2F, 0xC0, 0x00, 0x00, 0x00, 0x0F, 0xE0, 0x00, 0x00, 0x00, 0x03, 0xF8, 0x00, 0x00, 0x00,
    0x00, 0xFD, 0x00, 0x00, 0x00, 0x00, 0x3F, 0x40, 0x00, 0x00, 0x00, 0x0F, 0xD0, 0x00, 0x00, 0x00,
    0x03, 0xF8, 0x00, 0x00, 0x00, 0x00, 0xFE, 0x00, 0x00, 0x00, 0x00, 0x2F, 0xC0, 0x00, 0x00, 0x00,
    0x07, 0xF0, 0x00, 0x00, 0x00, 0x00, 0xFE, 0x00, 0x00, 0x00, 0x00, 0x2F, 0xC0, 0x00, 0x00, 0x00,
    0x03, 0xFC, 0x00, 0x00, 0x00, 0x00, 0xBF, 0xC0, 0x00, 0x00, 0x00, 0x0F, 0xFE, 0x00, 0x00, 0x60,
    0x00, 0xBF, 0xFF, 0xFF, 0xFC, 0x00, 0x07, 0xFF, 0xFF, 0xFF, 0x00, 0x00, 0x1B, 0xFF, 0xF9, 0x00,
    0x00, 0x00, 0x1F, 0x00, 0x00, 0x00, 0x00, 0x0F, 0x80, 0x00, 0x00, 0x00, 0x07, 0xFD, 0x00, 0x00,
    0x00, 0x00, 0x1F, 0xD0, 0x00, 0x00, 0x00, 0x00, 0xFC, 0x00, 0x00, 0x00, 0x00, 0x3F, 0x00, 0x00,
    0x00, 0x00, 0x2F, 0x80, 0x00, 0x00, 0x0F, 0xFF, 0xC0, 0x00, 0x00, 0x03, 0xFE, 0x40, 0x00, 0x02,
    0xA4, 0x00, 0x00, 0x0B, 0xF4, 0x00, 0x00, 0x0F, 0xF0, 0x00, 0x00, 0x0F, 0xE0, 0x00, 0x00, 0x0F,
    0xC0, 0x00, 0x00, 0x1F, 0xC0, 0x00, 0x00, 0x0F, 0x80, 0x00, 0x00, 0x00, 0x00, 0x00, 0x00, 0x00,
    0x00, 0x00, 0x00, 0x00, 0x0F, 0xFF, 0xFF, 0xFF, 0xFF, 0xFF, 0xFF, 0xFF, 0xFF, 0xFF, 0xFF, 0xFF,
    0xF4, 0x00, 0x00, 0x0F, 0xD0, 0x00, 0x00, 0x3F, 0x40, 0x00, 0x00, 0xFD, 0x00, 0x00, 0x03, 0xF4,
    0x00, 0x00, 0x0F, 0xD0, 0x00, 0x00, 0x3F, 0x40, 0x00, 0x00, 0xFD, 0x00, 0x00, 0x03, 0xFF, 0xFF,
    0xFF, 0xDF, 0xFF, 0xFF, 0xFF, 0xBF, 0xFF, 0xFF, 0xFE, 0xFD, 0x00, 0x00, 0x03, 0xF4, 0x00, 0x00,
    0x0F, 0xD0, 0x00, 0x00, 0x3F, 0x40, 0x00, 0x00, 0xFD, 0x00, 0x00, 0x03, 0xF4, 0x00, 0x00, 0x0F,
    0xD0, 0x00, 0x00, 0x3F, 0x40, 0x00, 0x00, 0xFD, 0x00, 0x00, 0x03, 0xF4, 0x00, 0x00, 0x0F, 0xFF,
    0xFF, 0xFF, 0xFF, 0xFF, 0xFF, 0xFF, 0xFF, 0xFF, 0xFF, 0xFC, 0x00, 0x00, 0x1A, 0x90, 0x00, 0x00,
    0xFF, 0x00, 0x00, 0x0B, 0xF4, 0x00, 0x00, 0x3F, 0x80, 0x00, 0x03, 0xF8, 0x00, 0x00, 0x1F, 0x80,
    0x00, 0x00, 0xF8, 0x00, 0x00, 0x00, 0x00, 0x00, 0x00, 0x00, 0x00, 0x00, 0x00, 0x00, 0x00, 0x0F,
    0xFF, 0xFF, 0xFF, 0xFF, 0xFF, 0xFF, 0xFF, 0xFF, 0xFF, 0xFF, 0xFF, 0xF4, 0x00, 0x00, 0x0F, 0xD0,
    0x00, 0x00, 0x3F, 0x40, 0x00, 0x00, 0xFD, 0x00, 0x00, 0x03, 0xF4, 0x00, 0x00, 0x0F, 0xD0, 0x00,
    0x00, 0x3F, 0x40, 0x00, 0x00, 0xFD, 0x00, 0x00, 0x03, 0xFF, 0xFF, 0xFF, 0xDF, 0xFF, 0xFF, 0xFF,
    0xBF, 0xFF, 0xFF, 0xFE, 0xFD, 0x00, 0x00, 0x03, 0xF4, 0x00, 0x00, 0x0F, 0xD0, 0x00, 0x00, 0x3F,
    0x40, 0x00, 0x00, 0xFD, 0x00, 0x00, 0x03, 0xF4, 0x00, 0x00, 0x0F, 0xD0, 0x00, 0x00, 0x3F, 0x40,
    0x00, 0x00, 0xFD, 0x00, 0x00, 0x03, 0xF4, 0x00, 0x00, 0x0F, 0xFF, 0xFF, 0xFF, 0xFF, 0xFF, 0xFF,
    0xFF, 0xFF, 0xFF, 0xFF, 0xFC, 0x00, 0x06, 0x90, 0x00, 0x00, 0x7F, 0xC0, 0x00, 0x03, 0xFF, 0xC0,
    0x00, 0x3F, 0xBF, 0x80, 0x02, 0xF8, 0x3F, 0x80, 0x2F, 0x80, 0x3F, 0x41, 0xF4, 0x00, 0x2F, 0x00,
    0x00, 0x00, 0x00, 0x00, 0x00, 0x00, 0x00, 0x00, 0x00, 0x00, 0x0F, 0xFF, 0xFF, 0xFF, 0xFF, 0xFF,
    0xFF, 0xFF, 0xFF, 0xFF, 0xFF, 0xFF, 0xF4, 0x00, 0x00, 0x0F, 0xD0, 0x00, 0x00, 0x3F, 0x40, 0x00,
    0x00, 0xFD, 0x00, 0x00, 0x03, 0xF4, 0x00, 0x00, 0x0F, 0xD0, 0x00, 0x00, 0x3F, 0x40, 0x00, 0x00,
    0xFD, 0x00, 0x00, 0x03, 0xFF, 0xFF, 0xFF, 0xDF, 0xFF, 0xFF, 0xFF, 0xBF, 0xFF, 0xFF, 0xFE, 0xFD,
    0x00, 0x00, 0x03, 0xF4, 0x00, 0x00, 0x0F, 0xD0, 0x00, 0x00, 0x3F, 0x40, 0x00, 0x00, 0xFD, 0x00,
    0x00, 0x03, 0xF4, 0x00, 0x00, 0x0F, 0xD0, 0x00, 0x00, 0x3F, 0x40, 0x00, 0x00, 0xFD, 0x00, 0x00,
    0x03, 0xF4, 0x00, 0x00, 0x0F, 0xFF, 0xFF, 0xFF, 0xFF, 0xFF, 0xFF, 0xFF, 0xFF, 0xFF, 0xFF, 0xFC,
    0x03, 0xD0, 0x0F, 0x40, 0x1F, 0xC0, 0x7F, 0x00, 0x7F, 0x01, 0xFC, 0x00, 0xF4, 0x03, 0xD0, 0x00,
    0x00, 0x00, 0x00, 0x00, 0x00, 0x00, 0x00, 0x00, 0x00, 0x00, 0x00, 0x00, 0x00, 0x00, 0xFF, 0xFF,
    0xFF, 0xFF, 0xFF, 0xFF, 0xFF, 0xFF, 0xFF, 0xFF, 0xFF, 0xFF, 0x40, 0x00, 0x00, 0xFD, 0x00, 0x00,
    0x03, 0xF4, 0x00, 0x00, 0x0F, 0xD0, 0x00, 0x00, 0x3F, 0x40, 0x00, 0x00, 0xFD, 0x00, 0x00, 0x03,
    0xF4, 0x00, 0x00, 0x0F, 0xD0, 0x00, 0x00, 0x3F, 0xFF, 0xFF, 0xFD, 0xFF, 0xFF, 0xFF, 0xFB, 0xFF,
    0xFF, 0xFF, 0xEF, 0xD0, 0x00, 0x00, 0x3F, 0x40, 0x00, 0x00, 0xFD, 0x00, 0x00, 0x03, 0xF4, 0x00,
    0x00, 0x0F, 0xD0, 0x00, 0x00, 0x3F, 0x40, 0x00, 0x00, 0xFD, 0x00, 0x00, 0x03, 0xF4, 0x00, 0x00,
    0x0F, 0xD0, 0x00, 0x00, 0x3F, 0x40, 0x00, 0x00, 0xFF, 0xFF, 0xFF, 0xFF, 0xFF, 0xFF, 0xFF, 0xFF,
    0xFF, 0xFF, 0xFF, 0xC0, 0x69, 0x00, 0x0B, 0xF4, 0x00, 0x3F, 0xC0, 0x00, 0xFE, 0x00, 0x07, 0xF0,
    0x00, 0x1F, 0xC0, 0x00, 0x7D, 0x00, 0x00, 0x00, 0x00, 0x00, 0x00, 0x00, 0x00, 0xFF, 0xFF, 0xFF,
    0xFF, 0xFF, 0x1B, 0xFD, 0x40, 0x3F, 0x40, 0x03, 0xF4, 0x00, 0x3F, 0x40, 0x03, 0xF4, 0x00, 0x3F,
    0x40, 0x03, 0xF4, 0x00, 0x3F, 0x40, 0x03, 0xF4, 0x00, 0x3F, 0x40, 0x03, 0xF4, 0x00, 0x3F, 0x40,
    0x03, 0xF4, 0x00, 0x3F, 0x40, 0x03, 0xF4, 0x00, 0x3F, 0x40, 0x03, 0xF4, 0x00, 0x3F, 0x40, 0x03,
    0xF4, 0x00, 0x3F, 0x40, 0x03, 0xF4, 0x00, 0x3F, 0x40, 0x1B, 0xFD, 0x4F, 0xFF, 0xFF, 0xFF, 0xFF,
    0xF0, 0x00, 0x06, 0xA4, 0x00, 0x3F, 0xD0, 0x02, 0xFE, 0x00, 0x1F, 0xE0, 0x00, 0xFE, 0x00, 0x0B,
    0xE0, 0x00, 0x3E, 0x00, 0x00, 0x00, 0x00, 0x00, 0x00, 0x00, 0x00, 0x00, 0x0F, 0xFF, 0xFF, 0x3F,
    0xFF, 0xFC, 0x1B, 0xFD, 0x40, 0x0F, 0xD0, 0x00, 0x3F, 0x40, 0x00, 0xFD, 0x00, 0x03, 0xF4, 0x00,
    0x0F, 0xD0, 0x00, 0x3F, 0x40, 0x00, 0xFD, 0x00, 0x03, 0xF4, 0x00, 0x0F, 0xD0, 0x00, 0x3F, 0x40,
    0x00, 0xFD, 0x00, 0x03, 0xF4, 0x00, 0x0F, 0xD0, 0x00, 0x3F, 0x40, 0x00, 0xFD, 0x00, 0x03, 0xF4,
    0x00, 0x0F, 0xD0, 0x00, 0x3F, 0x40, 0x00, 0xFD, 0x00, 0x03, 0xF4, 0x00, 0x0F, 0xD0, 0x01, 0xBF,
    0xD4, 0x3F, 0xFF, 0xFC, 0xFF, 0xFF, 0xF0, 0x00, 0x2A, 0x40, 0x00, 0x0B, 0xFC, 0x00, 0x01, 0xFF,
    0xF0, 0x00, 0x3F, 0xBF, 0x80, 0x0F, 0xE0, 0xFE, 0x02, 0xF8, 0x03, 0xF8, 0x7D, 0x00, 0x0B, 0xD0,
    0x00, 0x00, 0x00, 0x00, 0x00, 0x00, 0x00, 0x00, 0x00, 0x00, 0x0F, 0xFF, 0xFF, 0x00, 0xFF, 0xFF,
    0xF0, 0x01, 0xBF, 0xD4, 0x00, 0x03, 0xF4, 0x00, 0x00, 0x3F, 0x40, 0x00, 0x03, 0xF4, 0x00, 0x00,
    0x3F, 0x40, 0x00, 0x03, 0xF4, 0x00, 0x00, 0x3F, 0x40, 0x00, 0x03, 0xF4, 0x00, 0x00, 0x3F, 0x40,
    0x00, 0x03, 0xF4, 0x00, 0x00, 0x3F, 0x40, 0x00, 0x03, 0xF4, 0x00, 0x00, 0x3F, 0x40, 0x00, 0x03,
    0xF4, 0x00, 0x00, 0x3F, 0x40, 0x00, 0x03, 0xF4, 0x00, 0x00, 0x3F, 0x40, 0x00, 0x03, 0xF4, 0x00,
    0x00, 0x3F, 0x40, 0x00, 0x03, 0xF4, 0x00, 0x00, 0x3F, 0x40, 0x00, 0x03, 0xF4, 0x00, 0x01, 0xBF,
    0xD4, 0x00, 0xFF, 0xFF, 0xF0, 0x0F, 0xFF, 0xFF, 0x00, 0x7C, 0x01, 0xF3, 0xF4, 0x0F, 0xDF, 0xD0,
    0x3F, 0x5E, 0x00, 0x7C, 0x00, 0x00, 0x00, 0x00, 0x00, 0x00, 0x00, 0x00, 0x00, 0x00, 0x00, 0xFF,
    0xFF, 0xF3, 0xFF, 0xFF, 0xC1, 0x7F, 0xE4, 0x00, 0x7F, 0x00, 0x01, 0xFC, 0x00, 0x07, 0xF0, 0x00,
    0x1F, 0xC0, 0x00, 0x7F, 0x00, 0x01, 0xFC, 0x00, 0x07, 0xF0, 0x00, 0x1F, 0xC0, 0x00, 0x7F, 0x00,
    0x01, 0xFC, 0x00, 0x07, 0xF0, 0x00, 0x1F, 0xC0, 0x00, 0x7F, 0x00, 0x01, 0xFC, 0x00, 0x07, 0xF0,
    0x00, 0x1F, 0xC0, 0x00, 0x7F, 0x00, 0x01, 0xFC, 0x00, 0x07, 0xF0, 0x00, 0x1F, 0xC0, 0x00, 0x7F,
    0x00, 0x17, 0xFE, 0x43, 0xFF, 0xFF, 0xCF, 0xFF, 0xFF, 0x00, 0x07, 0xFF, 0xFF, 0xF9, 0x00, 0x00,
    0x07, 0xFF, 0xFF, 0xFF, 0xE0, 0x00, 0x07, 0xFF, 0xFF, 0xFF, 0xFD, 0x00, 0x07, 0xF0, 0x00, 0x07,
    0xFF, 0x40, 0x07, 0xF0, 0x00, 0x00, 0x7F, 0xD0, 0x07, 0xF0, 0x00, 0x00, 0x0F, 0xF0, 0x07, 0xF0,
    0x00, 0x00, 0x03, 0xF8, 0x07, 0xF0, 0x00, 0x00, 0x02, 0xFC, 0x07, 0xF0, 0x00, 0x00, 0x00, 0xFD,
    0x07, 0xF0, 0x00, 0x00, 0x00, 0xFE, 0x07, 0xF0, 0x00, 0x00, 0x00, 0xBF, 0x07, 0xF0, 0x00, 0x00,
    0x00, 0xBF, 0xFF, 0xFF, 0xFF, 0xC0, 0x00, 0x7F, 0xFF, 0xFF, 0xFF, 0xC0, 0x00, 0x7F, 0xFF, 0xFF,
    0xFF, 0xC0, 0x00, 0x7F, 0x07, 0xF0, 0x00, 0x00, 0x00, 0xBF, 0x07, 0xF0, 0x00, 0x00, 0x00, 0xBE,
    0x07, 0xF0, 0x00, 0x00, 0x00, 0xFE, 0x07, 0xF0, 0x00, 0x00, 0x01, 0xFD, 0x07, 0xF0, 0x00, 0x00,
    0x02, 0xFC, 0x07, 0xF0, 0x00, 0x00, 0x07, 0xF4, 0x07, 0xF0, 0x00, 0x00, 0x1F, 0xF0, 0x07, 0xF0,
    0x00, 0x00, 0xBF, 0xC0, 0x07, 0xF0, 0x00, 0x1B, 0xFF, 0x40, 0x07, 0xFF, 0xFF, 0xFF, 0xFC, 0x00,
    0x07, 0xFF, 0xFF, 0xFF, 0xD0, 0x00, 0x07, 0xFF, 0xFF, 0xE4, 0x00, 0x00, 0x00, 0x0B, 0xE0, 0x02,
    0xD0, 0x00, 0x02, 0xFF, 0xE0, 0x3C, 0x00, 0x00, 0x7F, 0xFF, 0xFF, 0x80, 0x00, 0x0B, 0x81, 0xFF,
    0xF0, 0x00, 0x00, 0xF0, 0x01, 0xFD, 0x00, 0x00, 0x00, 0x00, 0x00, 0x00, 0x00, 0x00, 0x00, 0x00,
    0x00, 0x00, 0x00, 0x00, 0x00, 0x00, 0x00, 0x00, 0xFF, 0x80, 0x00, 0x00, 0x0F, 0xDF, 0xFC, 0x00,
    0x00, 0x00, 0xFD, 0xFF, 0xF0, 0x00, 0x00, 0x0F, 0xDF, 0xFF, 0x40, 0x00, 0x00, 0xFD, 0xFF, 0xFC,
    0x00, 0x00, 0x0F, 0xDF, 0xEF, 0xE0, 0x00, 0x00, 0xFD, 0xFD, 0x7F, 0x00, 0x00, 0x0F, 0xDF, 0xD3,
    0xFC, 0x00, 0x00, 0xFD, 0xFD, 0x0F, 0xD0, 0x00, 0x0F, 0xDF, 0xD0, 0xBF, 0x00, 0x00, 0xFD, 0xFD,
    0x03, 0xF8, 0x00, 0x0F, 0xDF, 0xD0, 0x1F, 0xC0, 0x00, 0xFD, 0xFD, 0x00, 0xFF, 0x00, 0x0F, 0xDF,
    0xD0, 0x03, 0xF4, 0x00, 0xFD, 0xFD, 0x00, 0x2F, 0xC0, 0x0F, 0xDF, 0xD0, 0x00, 0xFE, 0x00, 0xFD,
    0xFD, 0x00, 0x07, 0xF0, 0x0F, 0xDF, 0xD0, 0x00, 0x2F, 0xC0, 0xFD, 0xFD, 0x00, 0x00, 0xFD, 0x0F,
    0xDF, 0xD0, 0x00, 0x07, 0xF0, 0xFD, 0xFD, 0x00, 0x00, 0x3F, 0x8F, 0xDF, 0xD0, 0x00, 0x00, 0xFC,
    0xFD, 0xFD, 0x00, 0x00, 0x0B, 0xFF, 0xDF, 0xD0, 0x00, 0x00, 0x3F, 0xFD, 0xFD, 0x00, 0x00, 0x01,
    0xFF, 0xDF, 0xD0, 0x00, 0x00, 0x0F, 0xFD, 0xFD, 0x00, 0x00, 0x00, 0x3F, 0xD0, 0x00, 0x01, 0xA8,
    0x00, 0x00, 0x00, 0x00, 0x00, 0x3F, 0xC0, 0x00, 0x00, 0x00, 0x00, 0x07, 0xF4, 0x00, 0x00, 0x00,
    0x00, 0x00, 0x7F, 0x00, 0x00, 0x00, 0x00, 0x00, 0x0B, 0xE0, 0x00, 0x00, 0x00, 0x00, 0x00, 0x7D,
    0x00, 0x00, 0x00, 0x00, 0x00, 0x06, 0x40, 0x00, 0x00, 0x00, 0x00, 0x00, 0x00, 0x00, 0x00, 0x00,
    0x00, 0x00, 0x00, 0x00, 0x00, 0x00, 0x00, 0x00, 0x00, 0x00, 0x00, 0x00, 0x00, 0x1B, 0xFF, 0xE4,
    0x00, 0x00, 0x00, 0x7F, 0xFF, 0xFF, 0xE0, 0x00, 0x00, 0xBF, 0xFF, 0xFF, 0xFF, 0x00, 0x00, 0xFF,
    0xD0, 0x00, 0x6F, 0xF0, 0x00, 0xBF, 0x80, 0x00, 0x01, 0xFF, 0x00, 0x3F, 0x80, 0x00, 0x00, 0x0F,
    0xE0, 0x2F, 0xC0, 0x00, 0x00, 0x02, 0xFC, 0x0F, 0xD0, 0x00, 0x00, 0x00, 0x3F, 0x47, 0xF0, 0x00,
    0x00, 0x00, 0x0B, 0xF2, 0xFC, 0x00, 0x00, 0x00, 0x01, 0xFC, 0xFE, 0x00, 0x00, 0x00, 0x00, 0x3F,
    0x3F, 0x80, 0x00, 0x00, 0x00, 0x0F, 0xDF, 0xD0, 0x00, 0x00, 0x00, 0x03, 0xF7, 0xF4, 0x00, 0x00,
    0x00, 0x00, 0xFD, 0xFD, 0x00, 0x00, 0x00, 0x00, 0x3F, 0x7F, 0x80, 0x00, 0x00, 0x00, 0x0F, 0xDF,
    0xE0, 0x00, 0x00, 0x00, 0x03, 0xF2, 0xFC, 0x00, 0x00, 0x00, 0x01, 0xFC, 0x7F, 0x00, 0x00, 0x00,
    0x00, 0xBF, 0x0F, 0xD0, 0x00, 0x00, 0x00, 0x3F, 0x42, 0xFC, 0x00, 0x00, 0x00, 0x2F, 0xC0, 0x3F,
    0x80, 0x00, 0x00, 0x1F, 0xE0, 0x0B, 0xF8, 0x00, 0x00, 0x1F, 0xF0, 0x00, 0xBF, 0xD0, 0x00, 0x6F,
    0xF0, 0x00, 0x0B, 0xFF, 0xFF, 0xFF, 0xF0, 0x00, 0x00, 0x7F, 0xFF, 0xFF, 0xE0, 0x00, 0x00, 0x01,
    0xBF, 0xFE, 0x40, 0x00, 0x00, 0x00, 0x00, 0x00, 0x0A, 0x90, 0x00, 0x00, 0x00, 0x00, 0x0B, 0xF4,
    0x00, 0x00, 0x00, 0x00, 0x07, 0xF4, 0x00, 0x00, 0x00, 0x00, 0x03, 0xF8, 0x00, 0x00, 0x00, 0x00,
    0x02, 0xF8, 0x00, 0x00, 0x00, 0x00, 0x01, 0xF8, 0x00, 0x00, 0x00, 0x00, 0x00, 0x64, 0x00, 0x00,
    0x00, 0x00, 0x00, 0x00, 0x00, 0x00, 0x00, 0x00, 0x00, 0x00, 0x00, 0x00, 0x00, 0x00, 0x00, 0x00,
    0x00, 0x00, 0x00, 0x00, 0x00, 0x1B, 0xFF, 0xE4, 0x00, 0x00, 0x00, 0x7F, 0xFF, 0xFF, 0xE0, 0x00,
    0x00, 0xBF, 0xFF, 0xFF, 0xFF, 0x00, 0x00, 0xFF, 0xD0, 0x00, 0x6F, 0xF0, 0x00, 0xBF, 0x80, 0x00,
    0x01, 0xFF, 0x00, 0x3F, 0x80, 0x00, 0x00, 0x0F, 0xE0, 0x2F, 0xC0, 0x00, 0x00, 0x02, 0xFC, 0x0F,
    0xD0, 0x00, 0x00, 0x00, 0x3F, 0x47, 0xF0, 0x00, 0x00, 0x00, 0x0B, 0xF2, 0xFC, 0x00, 0x00, 0x00,
    0x01, 0xFC, 0xFE, 0x00, 0x00, 0x00, 0x00, 0x3F, 0x3F, 0x80, 0x00, 0x00, 0x00, 0x0F, 0xDF, 0xD0,
    0x00, 0x00, 0x00, 0x03, 0xF7, 0xF4, 0x00, 0x00, 0x00, 0x00, 0xFD, 0xFD, 0x00, 0x00, 0x00, 0x00,
    0x3F, 0x7F, 0x80, 0x00, 0x00, 0x00, 0x0F, 0xDF, 0xE0, 0x00, 0x00, 0x00, 0x03, 0xF2, 0xFC, 0x00,
    0x00, 0x00, 0x01, 0xFC, 0x7F, 0x00, 0x00, 0x00, 0x00, 0xBF, 0x0F, 0xD0, 0x00, 0x00, 0x00, 0x3F,
    0x42, 0xFC, 0x00, 0x00, 0x00, 0x2F, 0xC0, 0x3F, 0x80, 0x00, 0x00, 0x1F, 0xE0, 0x0B, 0xF8, 0x00,
    0x00, 0x1F, 0xF0, 0x00, 0xBF, 0xD0, 0x00, 0x6F, 0xF0, 0x00, 0x0B, 0xFF, 0xFF, 0xFF, 0xF0, 0x00,
    0x00, 0x7F, 0xFF, 0xFF, 0xE0, 0x00, 0x00, 0x01, 0xBF, 0xFE, 0x40, 0x00, 0x00, 0x00, 0x00, 0x06,
    0x90, 0x00, 0x00, 0x00, 0x00, 0x03, 0xFE, 0x00, 0x00, 0x00, 0x00, 0x03, 0xFF, 0xD0, 0x00, 0x00,
    0x00, 0x03, 0xF9, 0xFC, 0x00, 0x00, 0x00, 0x02, 0xF8, 0x1F, 0xC0, 0x00, 0x00, 0x02, 0xF4, 0x01,
    0xFC, 0x00, 0x00, 0x00, 0xA0, 0x00, 0x06, 0x40, 0x00, 0x00, 0x00, 0x00, 0x00, 0x00, 0x00, 0x00,
    0x00, 0x00, 0x00, 0x00, 0x00, 0x00, 0x00, 0x00, 0x00, 0x00, 0x00, 0x00, 0x00, 0x1B, 0xFF, 0xE4,
    0x00, 0x00, 0x00, 0x7F, 0xFF, 0xFF, 0xE0, 0x00, 0x00, 0xBF, 0xFF, 0xFF, 0xFF, 0x00, 0x00, 0xFF,
    0xD0, 0x00, 0x6F, 0xF0, 0x00, 0xBF, 0x80, 0x00, 0x01, 0xFF, 0x00, 0x3F, 0x80, 0x00, 0x00, 0x0F,
    0xE0, 0x2F, 0xC0, 0x00, 0x00, 0x02, 0xFC, 0x0F, 0xD0, 0x00, 0x00, 0x00, 0x3F, 0x47, 0xF0, 0x00,
    0x00, 0x00, 0x0B, 0xF2, 0xFC, 0x00, 0x00, 0x00, 0x01, 0xFC, 0xFE, 0x00, 0x00, 0x00, 0x00, 0x3F,
    0x3F, 0x80, 0x00, 0x00, 0x00, 0x0F, 0xDF, 0xD0, 0x00, 0x00, 0x00, 0x03, 0xF7, 0xF4, 0x00, 0x00,
    0x00, 0x00, 0xFD, 0xFD, 0x00, 0x00, 0x00, 0x00, 0x3F, 0x7F, 0x80, 0x00, 0x00, 0x00, 0x0F, 0xDF,
    0xE0, 0x00, 0x00, 0x00, 0x03, 0xF2, 0xFC, 0x00, 0x00, 0x00, 0x01, 0xFC, 0x7F, 0x00, 0x00, 0x00,
    0x00, 0xBF, 0x0F, 0xD0, 0x00, 0x00, 0x00, 0x3F, 0x42, 0xFC, 0x00, 0x00, 0x00, 0x2F, 0xC0, 0x3F,
    0x80, 0x00, 0x00, 0x1F, 0xE0, 0x0B, 0xF8, 0x00, 0x00, 0x1F, 0xF0, 0x00, 0xBF, 0xD0, 0x00, 0x6F,
    0xF0, 0x00, 0x0B, 0xFF, 0xFF, 0xFF, 0xF0, 0x00, 0x00, 0x7F, 0xFF, 0xFF, 0xE0, 0x00, 0x00, 0x01,
    0xBF, 0xFE, 0x40, 0x00, 0x00, 0x00, 0x01, 0xFD, 0x00, 0x3C, 0x00, 0x00, 0x01, 0xFF, 0xF4, 0x1F,
    0x00, 0x00, 0x00, 0xFF, 0xFF, 0xFF, 0x40, 0x00, 0x00, 0x7C, 0x0B, 0xFF, 0xC0, 0x00, 0x00, 0x2D,
    0x00, 0x2F, 0x80, 0x00, 0x00, 0x00, 0x00, 0x00, 0x00, 0x00, 0x00, 0x00, 0x00, 0x00, 0x00, 0x00,
    0x00, 0x00, 0x00, 0x00, 0x00, 0x00, 0x00, 0x00, 0x01, 0xBF, 0xFE, 0x40, 0x00, 0x00, 0x07, 0xFF,
    0xFF, 0xFE, 0x00, 0x00, 0x0B, 0xFF, 0xFF, 0xFF, 0xF0, 0x00, 0x0F, 0xFD, 0x00, 0x06, 0xFF, 0x00,
    0x0B, 0xF8, 0x00, 0x00, 0x1F, 0xF0, 0x03, 0xF8, 0x00, 0x00, 0x00, 0xFE, 0x02, 0xFC, 0x00, 0x00,
    0x00, 0x2F, 0xC0, 0xFD, 0x00, 0x00, 0x00, 0x03, 0xF4, 0x7F, 0x00, 0x00, 0x00, 0x00, 0xBF, 0x2F,
    0xC0, 0x00, 0x00, 0x00, 0x1F, 0xCF, 0xE0, 0x00, 0x00, 0x00, 0x03, 0xF3, 0xF8, 0x00, 0x00, 0x00,
    0x00, 0xFD, 0xFD, 0x00, 0x00, 0x00, 0x00, 0x3F, 0x7F, 0x40, 0x00, 0x00, 0x00, 0x0F, 0xDF, 0xD0,
    0x00, 0x00, 0x00, 0x03, 0xF7, 0xF8, 0x00, 0x00, 0x00, 0x00, 0xFD, 0xFE, 0x00, 0x00, 0x00, 0x00,
    0x3F, 0x2F, 0xC0, 0x00, 0x00, 0x00, 0x1F, 0xC7, 0xF0, 0x00, 0x00, 0x00, 0x0B, 0xF0, 0xFD, 0x00,
    0x00, 0x00, 0x03, 0xF4, 0x2F, 0xC0, 0x00, 0x00, 0x02, 0xFC, 0x03, 0xF8, 0x00, 0x00, 0x01, 0xFE,
    0x00, 0xBF, 0x80, 0x00, 0x01, 0xFF, 0x00, 0x0B, 0xFD, 0x00, 0x06, 0xFF, 0x00, 0x00, 0xBF, 0xFF,
    0xFF, 0xFF, 0x00, 0x00, 0x07, 0xFF, 0xFF, 0xFE, 0x00, 0x00, 0x00, 0x1B, 0xFF, 0xE4, 0x00, 0x00,
    0x00, 0x01, 0xF0, 0x07, 0xC0, 0x00, 0x00, 0x00, 0xFD, 0x03, 0xF4, 0x00, 0x00, 0x00, 0x3F, 0x40,
    0xFD, 0x00, 0x00, 0x00, 0x07, 0xC0, 0x1E, 0x00, 0x00, 0x00, 0x00, 0x00, 0x00, 0x00, 0x00, 0x00,
    0x00, 0x00, 0x00, 0x00, 0x00, 0x00, 0x00, 0x00, 0x00, 0x00, 0x00, 0x00, 0x00, 0x00, 0x00, 0x00,
    0x00, 0x00, 0x00, 0x01, 0xBF, 0xFE, 0x40, 0x00, 0x00, 0x07, 0xFF, 0xFF, 0xFE, 0x00, 0x00, 0x0B,
    0xFF, 0xFF, 0xFF, 0xF0, 0x00, 0x0F, 0xFD, 0x00, 0x06, 0xFF, 0x00, 0x0B, 0xF8, 0x00, 0x00, 0x1F,
    0xF0, 0x03, 0xF8, 0x00, 0x00, 0x00, 0xFE, 0x02, 0xFC, 0x00, 0x00, 0x00, 0x2F, 0xC0, 0xFD, 0x00,
    0x00, 0x00, 0x03, 0xF4, 0x7F, 0x00, 0x00, 0x00, 0x00, 0xBF, 0x2F, 0xC0, 0x00, 0x00, 0x00, 0x1F,
    0xCF, 0xE0, 0x00, 0x00, 0x00, 0x03, 0xF3, 0xF8, 0x00, 0x00, 0x00, 0x00, 0xFD, 0xFD, 0x00, 0x00,
    0x00, 0x00, 0x3F, 0x7F, 0x40, 0x00, 0x00, 0x00, 0x0F, 0xDF, 0xD0, 0x00, 0x00, 0x00, 0x03, 0xF7,
    0xF8, 0x00, 0x00, 0x00, 0x00, 0xFD, 0xFE, 0x00, 0x00, 0x00, 0x00, 0x3F, 0x2F, 0xC0, 0x00, 0x00,
    0x00, 0x1F, 0xC7, 0xF0, 0x00, 0x00, 0x00, 0x0B, 0xF0, 0xFD, 0x00, 0x00, 0x00, 0x03, 0xF4, 0x2F,
    0xC0, 0x00, 0x00, 0x02, 0xFC, 0x03, 0xF8, 0x00, 0x00, 0x01, 0xFE, 0x00, 0xBF, 0x80, 0x00, 0x01,
    0xFF, 0x00, 0x0B, 0xFD, 0x00, 0x06, 0xFF, 0x00, 0x00, 0xBF, 0xFF, 0xFF, 0xFF, 0x00, 0x00, 0x07,
    0xFF, 0xFF, 0xFE, 0x00, 0x00, 0x00, 0x1B, 0xFF, 0xE4, 0x00, 0x00, 0x00, 0x00, 0x00, 0x00, 0x07,
    0x00, 0x00, 0x01, 0x83, 0xF0, 0x00, 0x01, 0xF8, 0xFF, 0x00, 0x01, 0xFD, 0x0F, 0xF0, 0x01, 0xFD,
    0x00, 0xFE, 0x01, 0xFD, 0x00, 0x0F, 0xE1, 0xFD, 0x00, 0x00, 0xFF, 0xFD, 0x00, 0x00, 0x0F, 0xFD,
    0x00, 0x00, 0x01, 0xFF, 0x00, 0x00, 0x01, 0xFF, 0xE0, 0x00, 0x01, 0xFE, 0xFE, 0x00, 0x01, 0xFE,
    0x1F, 0xE0, 0x00, 0xFE, 0x01, 0xFE, 0x00, 0xFE, 0x00, 0x1F, 0xE0, 0xFE, 0x00, 0x01, 0xFD, 0x3E,
    0x00, 0x00, 0x1F, 0x42, 0x00, 0x00, 0x01, 0x40, 0x00, 0x00, 0x00, 0x00, 0x00, 0x40, 0x00, 0x00,
    0x6F, 0xFF, 0x90, 0x7D, 0x00, 0x01, 0xFF, 0xFF, 0xFF, 0xBF, 0x40, 0x02, 0xFF, 0xFF, 0xFF, 0xFF,
    0x80, 0x02, 0xFF, 0x40, 0x01, 0xBF, 0xD0, 0x02, 0xFE, 0x00, 0x00, 0x0F, 0xFC, 0x00, 0xFE, 0x00,
    0x00, 0x0F, 0xFF, 0x80, 0xBF, 0x00, 0x00, 0x0B, 0xEB, 0xF0, 0x3F, 0x40, 0x00, 0x07, 0xF0, 0xFD,
    0x1F, 0xC0, 0x00, 0x03, 0xF4, 0x2F, 0xCB, 0xF0, 0x00, 0x02, 0xF8, 0x07, 0xF3, 0xF8, 0x00, 0x01,
    0xFC, 0x00, 0xFC, 0xFE, 0x00, 0x00, 0xFC, 0x00, 0x3F, 0x7F, 0x40, 0x00, 0xFD, 0x00, 0x0F, 0xDF,
    0xD0, 0x00, 0xBE, 0x00, 0x03, 0xF7, 0xF4, 0x00, 0x7F, 0x00, 0x00, 0xFD, 0xFE, 0x00, 0x3F, 0x40,
    0x00, 0x3F, 0x7F, 0x80, 0x2F, 0x80, 0x00, 0x0F, 0xCB, 0xF0, 0x1F, 0xC0, 0x00, 0x07, 0xF1, 0xFC,
    0x0F, 0xC0, 0x00, 0x02, 0xFC, 0x3F, 0x4F, 0xD0, 0x00, 0x00, 0xFD, 0x0B, 0xFB, 0xE0, 0x00, 0x00,
    0xBF, 0x01, 0xFF, 0xF0, 0x00, 0x00, 0x7F, 0x80, 0x2F, 0xF4, 0x00, 0x00, 0x7F, 0xC0, 0x03, 0xFF,
    0x40, 0x01, 0xBF, 0xC0, 0x01, 0xFF, 0xFF, 0xFF, 0xFF, 0xC0, 0x00, 0xFE, 0xFF, 0xFF, 0xFF, 0x80,
    0x00, 0x7D, 0x06, 0xFF, 0xF9, 0x00, 0x00, 0x02, 0x00, 0x00, 0x00, 0x00, 0x00, 0x00, 0x00, 0x1A,
    0x80, 0x00, 0x00, 0x00, 0x03, 0xFC, 0x00, 0x00, 0x00, 0x00, 0x7F, 0x40, 0x00, 0x00, 0x00, 0x07,
    0xF0, 0x00, 0x00, 0x00, 0x00, 0x7E, 0x00, 0x00, 0x00, 0x00, 0x07, 0xD0, 0x00, 0x00, 0x00, 0x00,
    0x64, 0x00, 0x00, 0x00, 0x00, 0x00, 0x00, 0x00, 0x00, 0x00, 0x00, 0x00, 0x00, 0x00, 0x00, 0x00,
    0x00, 0x00, 0x0F, 0xD0, 0x00, 0x00, 0x03, 0xF7, 0xF4, 0x00, 0x00, 0x00, 0xFD, 0xFD, 0x00, 0x00,
    0x00, 0x3F, 0x7F, 0x40, 0x00, 0x00, 0x0F, 0xDF, 0xD0, 0x00, 0x00, 0x03, 0xF7, 0xF4, 0x00, 0x00,
    0x00, 0xFD, 0xFD, 0x00, 0x00, 0x00, 0x3F, 0x7F, 0x40, 0x00, 0x00, 0x0F, 0xDF, 0xD0, 0x00, 0x00,
    0x03, 0xF7, 0xF4, 0x00, 0x00, 0x00, 0xFD, 0xFD, 0x00, 0x00, 0x00, 0x3F, 0x7F, 0x40, 0x00, 0x00,
    0x0F, 0xDF, 0xD0, 0x00, 0x00, 0x03, 0xF7, 0xF4, 0x00, 0x00, 0x00, 0xFD, 0xFD, 0x00, 0x00, 0x00,
    0x3F, 0x7F, 0x40, 0x00, 0x00, 0x0F, 0xDF, 0xD0, 0x00, 0x00, 0x03, 0xF7, 0xF4, 0x00, 0x00, 0x00,
    0xFD, 0xFD, 0x00, 0x00, 0x00, 0x3F, 0x7F, 0x80, 0x00, 0x00, 0x1F, 0xCB, 0xF0, 0x00, 0x00, 0x0B,
    0xF0, 0xFD, 0x00, 0x00, 0x03, 0xF8, 0x2F, 0xD0, 0x00, 0x03, 0xFC, 0x03, 0xFE, 0x00, 0x07, 0xFD,
    0x00, 0x7F, 0xFF, 0xFF, 0xFE, 0x00, 0x03, 0xFF, 0xFF, 0xFD, 0x00, 0x00, 0x0B, 0xFF, 0xE4, 0x00,
    0x00, 0x00, 0x00, 0x00, 0xA9, 0x00, 0x00, 0x00, 0x00, 0xFF, 0x00, 0x00, 0x00, 0x00, 0x7F, 0x40,
    0x00, 0x00, 0x00, 0x3F, 0x80, 0x00, 0x00, 0x00, 0x2F, 0x80, 0x00, 0x00, 0x00, 0x1F, 0x80, 0x00,
    0x00, 0x00, 0x06, 0x40, 0x00, 0x00, 0x00, 0x00, 0x00, 0x00, 0x00, 0x00, 0x00, 0x00, 0x00, 0x00,
    0x00, 0x00, 0x00, 0x00, 0x00, 0x0F, 0xD0, 0x00, 0x00, 0x03, 0xF7, 0xF4, 0x00, 0x00, 0x00, 0xFD,
    0xFD, 0x00, 0x00, 0x00, 0x3F, 0x7F, 0x40, 0x00, 0x00, 0x0F, 0xDF, 0xD0, 0x00, 0x00, 0x03, 0xF7,
    0xF4, 0x00, 0x00, 0x00, 0xFD, 0xFD, 0x00, 0x00, 0x00, 0x3F, 0x7F, 0x40, 0x00, 0x00, 0x0F, 0xDF,
    0xD0, 0x00, 0x00, 0x03, 0xF7, 0xF4, 0x00, 0x00, 0x00, 0xFD, 0xFD, 0x00, 0x00, 0x00, 0x3F, 0x7F,
    0x40, 0x00, 0x00, 0x0F, 0xDF, 0xD0, 0x00, 0x00, 0x03, 0xF7, 0xF4, 0x00, 0x00, 0x00, 0xFD, 0xFD,
    0x00, 0x00, 0x00, 0x3F, 0x7F, 0x40, 0x00, 0x00, 0x0F, 0xDF, 0xD0, 0x00, 0x00, 0x03, 0xF7, 0xF4,
    0x00, 0x00, 0x00, 0xFD, 0xFD, 0x00, 0x00, 0x00, 0x3F, 0x7F, 0x80, 0x00, 0x00, 0x1F, 0xCB, 0xF0,
    0x00, 0x00, 0x0B, 0xF0, 0xFD, 0x00, 0x00, 0x03, 0xF8, 0x2F, 0xD0, 0x00, 0x03, 0xFC, 0x03, 0xFE,
    0x00, 0x07, 0xFD, 0x00, 0x7F, 0xFF, 0xFF, 0xFE, 0x00, 0x03, 0xFF, 0xFF, 0xFD, 0x00, 0x00, 0x0B,
    0xFF, 0xE4, 0x00, 0x00, 0x00, 0x00, 0x69, 0x00, 0x00, 0x00, 0x00, 0x3F, 0xD0, 0x00, 0x00, 0x00,
    0x3F, 0xFC, 0x00, 0x00, 0x00, 0x2F, 0x9F, 0xC0, 0x00, 0x00, 0x2F, 0x81, 0xFC, 0x00, 0x00, 0x1F,
    0x80, 0x1F, 0xC0, 0x00, 0x06, 0x40, 0x00, 0x60, 0x00, 0x00, 0x00, 0x00, 0x00, 0x00, 0x00, 0x00,
    0x00, 0x00, 0x00, 0x00, 0x00, 0x00, 0x00, 0x00, 0x0F, 0xD0, 0x00, 0x00, 0x03, 0xF7, 0xF4, 0x00,
    0x00, 0x00, 0xFD, 0xFD, 0x00, 0x00, 0x00, 0x3F, 0x7F, 0x40, 0x00, 0x00, 0x0F, 0xDF, 0xD0, 0x00,
    0x00, 0x03, 0xF7, 0xF4, 0x00, 0x00, 0x00, 0xFD, 0xFD, 0x00, 0x00, 0x00, 0x3F, 0x7F, 0x40, 0x00,
    0x00, 0x0F, 0xDF, 0xD0, 0x00, 0x00, 0x03, 0xF7, 0xF4, 0x00, 0x00, 0x00, 0xFD, 0xFD, 0x00, 0x00,
    0x00, 0x3F, 0x7F, 0x40, 0x00, 0x00, 0x0F, 0xDF, 0xD0, 0x00, 0x00, 0x03, 0xF7, 0xF4, 0x00, 0x00,
    0x00, 0xFD, 0xFD, 0x00, 0x00, 0x00, 0x3F, 0x7F, 0x40, 0x00, 0x00, 0x0F, 0xDF, 0xD0, 0x00, 0x00,
    0x03, 0xF7, 0xF4, 0x00, 0x00, 0x00, 0xFD, 0xFD, 0x00, 0x00, 0x00, 0x3F, 0x7F, 0x80, 0x00, 0x00,
    0x1F, 0xCB, 0xF0, 0x00, 0x00, 0x0B, 0xF0, 0xFD, 0x00, 0x00, 0x03, 0xF8, 0x2F, 0xD0, 0x00, 0x03,
    0xFC, 0x03, 0xFE, 0x00, 0x07, 0xFD, 0x00, 0x7F, 0xFF, 0xFF, 0xFE, 0x00, 0x03, 0xFF, 0xFF, 0xFD,
    0x00, 0x00, 0x0B, 0xFF, 0xE4, 0x00, 0x00, 0x00, 0x1F, 0x00, 0x7C, 0x00, 0x00, 0x0F, 0xD0, 0x3F,
    0x40, 0x00, 0x03, 0xF4, 0x0F, 0xD0, 0x00, 0x00, 0x7C, 0x01, 0xE0, 0x00, 0x00, 0x00, 0x00, 0x00,
    0x00, 0x00, 0x00, 0x00, 0x00, 0x00, 0x00, 0x00, 0x00, 0x00, 0x00, 0x00, 0x00, 0x00, 0x00, 0x00,
    0x00, 0xFD, 0x00, 0x00, 0x00, 0x3F, 0x7F, 0x40, 0x00, 0x00, 0x0F, 0xDF, 0xD0, 0x00, 0x00, 0x03,
    0xF7, 0xF4, 0x00, 0x00, 0x00, 0xFD, 0xFD, 0x00, 0x00, 0x00, 0x3F, 0x7F, 0x40, 0x00, 0x00, 0x0F,
    0xDF, 0xD0, 0x00, 0x00, 0x03, 0xF7, 0xF4, 0x00, 0x00, 0x00, 0xFD, 0xFD, 0x00, 0x00, 0x00, 0x3F,
    0x7F, 0x40, 0x00, 0x00, 0x0F, 0xDF, 0xD0, 0x00, 0x00, 0x03, 0xF7, 0xF4, 0x00, 0x00, 0x00, 0xFD,
    0xFD, 0x00, 0x00, 0x00, 0x3F, 0x7F, 0x40, 0x00, 0x00, 0x0F, 0xDF, 0xD0, 0x00, 0x00, 0x03, 0xF7,
    0xF4, 0x00, 0x00, 0x00, 0xFD, 0xFD, 0x00, 0x00, 0x00, 0x3F, 0x7F, 0x40, 0x00, 0x00, 0x0F, 0xDF,
    0xD0, 0x00, 0x00, 0x03, 0xF7, 0xF8, 0x00, 0x00, 0x01, 0xFC, 0xBF, 0x00, 0x00, 0x00, 0xBF, 0x0F,
    0xD0, 0x00, 0x00, 0x3F, 0x82, 0xFD, 0x00, 0x00, 0x3F, 0xC0, 0x3F, 0xE0, 0x00, 0x7F, 0xD0, 0x07,
    0xFF, 0xFF, 0xFF, 0xE0, 0x00, 0x3F, 0xFF, 0xFF, 0xD0, 0x00, 0x00, 0xBF, 0xFE, 0x40, 0x00, 0x00,
    0x00, 0x00, 0x6A, 0x00, 0x00, 0x00, 0x00, 0x0F, 0xF0, 0x00, 0x00, 0x00, 0x03, 0xFC, 0x00, 0x00,
    0x00, 0x00, 0x7F, 0x40, 0x00, 0x00, 0x00, 0x0F, 0xD0, 0x00, 0x00, 0x00, 0x02, 0xF4, 0x00, 0x00,
    0x00, 0x00, 0x3D, 0x00, 0x00, 0x00, 0x00, 0x00, 0x00, 0x00, 0x00, 0x00, 0x00, 0x00, 0x00, 0x00,
    0x00, 0x00, 0x00, 0x00, 0x00, 0x00, 0xBF, 0x00, 0x00, 0x00, 0x2F, 0xC3, 0xF8, 0x00, 0x00, 0x03,
    0xF8, 0x2F, 0xC0, 0x00, 0x00, 0xBF, 0x00, 0xFE, 0x00, 0x00, 0x0F, 0xD0, 0x0B, 0xF0, 0x00, 0x02,
    0xFC, 0x00, 0x3F, 0x80, 0x00, 0x3F, 0x40, 0x01, 0xFC, 0x00, 0x0B, 0xF0, 0x00, 0x0F, 0xE0, 0x00,
    0xFD, 0x00, 0x00, 0x7F, 0x00, 0x2F, 0x80, 0x00, 0x03, 0xF8, 0x03, 0xF0, 0x00, 0x00, 0x1F, 0xC0,
    0xBE, 0x00, 0x00, 0x00, 0xFE, 0x1F, 0xC0, 0x00, 0x00, 0x03, 0xF3, 0xF8, 0x00, 0x00, 0x00, 0x2F,
    0xFF, 0x00, 0x00, 0x00, 0x00, 0xFF, 0xE0, 0x00, 0x00, 0x00, 0x0B, 0xFC, 0x00, 0x00, 0x00, 0x00,
    0x3F, 0x40, 0x00, 0x00, 0x00, 0x03, 0xF4, 0x00, 0x00, 0x00, 0x00, 0x3F, 0x40, 0x00, 0x00, 0x00,
    0x03, 0xF4, 0x00, 0x00, 0x00, 0x00, 0x3F, 0x40, 0x00, 0x00, 0x00, 0x03, 0xF4, 0x00, 0x00, 0x00,
    0x00, 0x3F, 0x40, 0x00, 0x00, 0x00, 0x03, 0xF4, 0x00, 0x00, 0x00, 0x00, 0x3F, 0x40, 0x00, 0x00,
    0x00, 0x03, 0xF4, 0x00, 0x00, 0x00, 0x00, 0x3F, 0x40, 0x00, 0x00, 0xFD, 0x00, 0x00, 0x00, 0x3F,
    0x40, 0x00, 0x00, 0x0F, 0xD0, 0x00, 0x00, 0x03, 0xF4, 0x00, 0x00, 0x00, 0xFF, 0xFF, 0xE9, 0x00,
    0x3F, 0xFF, 0xFF, 0xF4, 0x0F, 0xFF, 0xFF, 0xFF, 0xC3, 0xF4, 0x00, 0x6F, 0xF8, 0xFD, 0x00, 0x00,
    0xFF, 0x7F, 0x40, 0x00, 0x0F, 0xEF, 0xD0, 0x00, 0x02, 0xFF, 0xF4, 0x00, 0x00, 0x7F, 0xFD, 0x00,
    0x00, 0x1F, 0xFF, 0x40, 0x00, 0x07, 0xFF, 0xD0, 0x00, 0x02, 0xFF, 0xF4, 0x00, 0x00, 0xFD, 0xFD,
    0x00, 0x00, 0xFF, 0x3F, 0x40, 0x01, 0xFF, 0x4F, 0xFF, 0xFF, 0xFF, 0x83, 0xFF, 0xFF, 0xFF, 0x40,
    0xFF, 0xFF, 0xF9, 0x00, 0x3F, 0x40, 0x00, 0x00, 0x0F, 0xD0, 0x00, 0x00, 0x03, 0xF4, 0x00, 0x00,
    0x00, 0xFD, 0x00, 0x00, 0x00, 0x3F, 0x40, 0x00, 0x00, 0x0F, 0xD0, 0x00, 0x00, 0x00, 0x00, 0x6B,
    0xF9, 0x00, 0x00, 0x1F, 0xFF, 0xFF, 0xC0, 0x01, 0xFF, 0xFF, 0xFF, 0xC0, 0x0F, 0xF8, 0x01, 0xBF,
    0xC0, 0xBF, 0x40, 0x00, 0x7F, 0x03, 0xF8, 0x00, 0x00, 0xFD, 0x0F, 0xD0, 0x00, 0x03, 0xF4, 0x3F,
    0x40, 0x00, 0x1F, 0xC0, 0xFD, 0x00, 0x00, 0xFE, 0x03, 0xF4, 0x00, 0x0F, 0xF0, 0x0F, 0xD0, 0x01,
    0xFF, 0x00, 0x3F, 0x40, 0x0F, 0xF0, 0x00, 0xFD, 0x00, 0xFF, 0x00, 0x03, 0xF4, 0x03, 0xF4, 0x00,
    0x0F, 0xD0, 0x0F, 0xE0, 0x00, 0x3F, 0x40, 0x2F, 0xD0, 0x00, 0xFD, 0x00, 0x3F, 0xE0, 0x03, 0xF4,
    0x00, 0x7F, 0xF0, 0x0F, 0xD0, 0x00, 0x3F, 0xF4, 0x3F, 0x40, 0x00, 0x2F, 0xF4, 0xFD, 0x00, 0x00,
    0x1F, 0xF3, 0xF4, 0x00, 0x00, 0x0F, 0xEF, 0xD0, 0x00, 0x00, 0x2F, 0xFF, 0x40, 0x00, 0x00, 0x7F,
    0xFD, 0x00, 0x00, 0x01, 0xFF, 0xF4, 0x00, 0x00, 0x0F, 0xFF, 0xD0, 0xB4, 0x00, 0xBF, 0xBF, 0x42,
    0xFF, 0xFF, 0xFC, 0xFD, 0x0B, 0xFF, 0xFF, 0xC3, 0xF4, 0x06, 0xFF, 0xE4, 0x00, 0x00, 0xFF, 0x00,
    0x00, 0x00, 0x1F, 0xE0, 0x00, 0x00, 0x02, 0xFC, 0x00, 0x00, 0x00, 0x2F, 0xC0, 0x00, 0x00, 0x03,
    0xF4, 0x00, 0x00, 0x00, 0x3F, 0x00, 0x00, 0x00, 0x01, 0x80, 0x00, 0x00, 0x00, 0x00, 0x00, 0x00,
    0x00, 0x00, 0x00, 0x00, 0x06, 0xFF, 0xE0, 0x00, 0x7F, 0xFF, 0xFF, 0x40, 0x2F, 0xFF, 0xFF, 0xF4,
    0x03, 0x90, 0x01, 0xFF, 0x00, 0x00, 0x00, 0x2F, 0xC0, 0x00, 0x00, 0x03, 0xF4, 0x00, 0x00, 0x00,
    0xFD, 0x00, 0x00, 0x00, 0x3F, 0x40, 0x06, 0xBF, 0xFF, 0xD0, 0x2F, 0xFF, 0xFF, 0xF4, 0x7F, 0xFF,
    0xFF, 0xFD, 0x3F, 0xE4, 0x00, 0x3F, 0x6F, 0xD0, 0x00, 0x0F, 0xDF, 0xE0, 0x00, 0x03, 0xF7, 0xF4,
    0x00, 0x00, 0xFD, 0xFD, 0x00, 0x00, 0xBF, 0x7F, 0x80, 0x00, 0x7F, 0xDB, 0xF8, 0x00, 0xBF, 0xF4,
    0xFF, 0xFF, 0xFD, 0xBD, 0x0F, 0xFF, 0xFD, 0x1F, 0x40, 0x7F, 0xF8, 0x03, 0xD0, 0x00, 0x00, 0x0F,
    0xF4, 0x00, 0x00, 0x07, 0xF8, 0x00, 0x00, 0x03, 0xFC, 0x00, 0x00, 0x02, 0xFC, 0x00, 0x00, 0x00,
    0xFC, 0x00, 0x00, 0x00, 0xFC, 0x00, 0x00, 0x00, 0x28, 0x00, 0x00, 0x00, 0x00, 0x00, 0x00, 0x00,
    0x00, 0x00, 0x00, 0x00, 0x06, 0xFF, 0xE0, 0x00, 0x7F, 0xFF, 0xFF, 0x40, 0x2F, 0xFF, 0xFF, 0xF4,
    0x03, 0x90, 0x01, 0xFF, 0x00, 0x00, 0x00, 0x2F, 0xC0, 0x00, 0x00, 0x03, 0xF4, 0x00, 0x00, 0x00,
    0xFD, 0x00, 0x00, 0x00, 0x3F, 0x40, 0x06, 0xBF, 0xFF, 0xD0, 0x2F, 0xFF, 0xFF, 0xF4, 0x7F, 0xFF,
    0xFF, 0xFD, 0x3F, 0xE4, 0x00, 0x3F, 0x6F, 0xD0, 0x00, 0x0F, 0xDF, 0xE0, 0x00, 0x03, 0xF7, 0xF4,
    0x00, 0x00, 0xFD, 0xFD, 0x00, 0x00, 0xBF, 0x7F, 0x80, 0x00, 0x7F, 0xDB, 0xF8, 0x00, 0xBF, 0xF4,
    0xFF, 0xFF, 0xFD, 0xBD, 0x0F, 0xFF, 0xFD, 0x1F, 0x40, 0x7F, 0xF8, 0x03, 0xD0, 0x00, 0x03, 0xF8,
    0x00, 0x00, 0x03, 0xFF, 0x40, 0x00, 0x02, 0xFF, 0xF0, 0x00, 0x01, 0xFC, 0xBF, 0x00, 0x00, 0xFC,
    0x0B, 0xF0, 0x00, 0xFC, 0x00, 0xBE, 0x00, 0x64, 0x00, 0x06, 0x80, 0x00, 0x00, 0x00, 0x00, 0x00,
    0x00, 0x00, 0x00, 0x00, 0x06, 0xFF, 0xE0, 0x00, 0x7F, 0xFF, 0xFF, 0x40, 0x2F, 0xFF, 0xFF, 0xF4,
    0x03, 0x90, 0x01, 0xFF, 0x00, 0x00, 0x00, 0x2F, 0xC0, 0x00, 0x00, 0x03, 0xF4, 0x00, 0x00, 0x00,
    0xFD, 0x00, 0x00, 0x00, 0x3F, 0x40, 0x06, 0xBF, 0xFF, 0xD0, 0x2F, 0xFF, 0xFF, 0xF4, 0x7F, 0xFF,
    0xFF, 0xFD, 0x3F, 0xE4, 0x00, 0x3F, 0x6F, 0xD0, 0x00, 0x0F, 0xDF, 0xE0, 0x00, 0x03, 0xF7, 0xF4,
    0x00, 0x00, 0xFD, 0xFD, 0x00, 0x00, 0xBF, 0x7F, 0x80, 0x00, 0x7F, 0xDB, 0xF8, 0x00, 0xBF, 0xF4,
    0xFF, 0xFF, 0xFD, 0xBD, 0x0F, 0xFF, 0xFD, 0x1F, 0x40, 0x7F, 0xF8, 0x03, 0xD0, 0x00, 0xBE, 0x00,
    0x1E, 0x00, 0xFF, 0xF8, 0x0F, 0x80, 0x7F, 0xFF, 0xFF, 0xC0, 0x3D, 0x03, 0xFF, 0xE0, 0x0F, 0x00,
    0x1F, 0xD0, 0x00, 0x00, 0x00, 0x00, 0x00, 0x00, 0x00, 0x00, 0x00, 0x00, 0x6F, 0xFE, 0x00, 0x07,
    0xFF, 0xFF, 0xF4, 0x02, 0xFF, 0xFF, 0xFF, 0x40, 0x39, 0x00, 0x1F, 0xF0, 0x00, 0x00, 0x02, 0xFC,
    0x00, 0x00, 0x00, 0x3F, 0x40, 0x00, 0x00, 0x0F, 0xD0, 0x00, 0x00, 0x03, 0xF4, 0x00, 0x6B, 0xFF,
    0xFD, 0x02, 0xFF, 0xFF, 0xFF, 0x47, 0xFF, 0xFF, 0xFF, 0xD3, 0xFE, 0x40, 0x03, 0xF6, 0xFD, 0x00,
    0x00, 0xFD, 0xFE, 0x00, 0x00, 0x3F, 0x7F, 0x40, 0x00, 0x0F, 0xDF, 0xD0, 0x00, 0x0B, 0xF7, 0xF8,
    0x00, 0x07, 0xFD, 0xBF, 0x80, 0x0B, 0xFF, 0x4F, 0xFF, 0xFF, 0xDB, 0xD0, 0xFF, 0xFF, 0xD1, 0xF4,
    0x07, 0xFF, 0x80, 0x3D, 0x00, 0xF4, 0x03, 0xD0, 0x00, 0x7F, 0x01, 0xFC, 0x00, 0x1F, 0xC0, 0x7F,
    0x00, 0x02, 0xD0, 0x0F, 0x40, 0x00, 0x00, 0x00, 0x00, 0x00, 0x00, 0x00, 0x00, 0x00, 0x01, 0xBF,
    0xF8, 0x00, 0x1F, 0xFF, 0xFF, 0xD0, 0x0B, 0xFF, 0xFF, 0xFD, 0x00, 0xE4, 0x00, 0x7F, 0xC0, 0x00,
    0x00, 0x0B, 0xF0, 0x00, 0x00, 0x00, 0xFD, 0x00, 0x00, 0x00, 0x3F, 0x40, 0x00, 0x00, 0x0F, 0xD0,
    0x01, 0xAF, 0xFF, 0xF4, 0x0B, 0xFF, 0xFF, 0xFD, 0x1F, 0xFF, 0xFF, 0xFF, 0x4F, 0xF9, 0x00, 0x0F,
    0xDB, 0xF4, 0x00, 0x03, 0xF7, 0xF8, 0x00, 0x00, 0xFD, 0xFD, 0x00, 0x00, 0x3F, 0x7F, 0x40, 0x00,
    0x2F, 0xDF, 0xE0, 0x00, 0x1F, 0xF6, 0xFE, 0x00, 0x2F, 0xFD, 0x3F, 0xFF, 0xFF, 0x6F, 0x43, 0xFF,
    0xFF, 0x47, 0xD0, 0x1F, 0xFE, 0x01, 0xF4, 0x00, 0x02, 0xF8, 0x00, 0x00, 0x03, 0xFF, 0xC0, 0x00,
    0x03, 0xE0, 0xB8, 0x00, 0x00, 0xF0, 0x0F, 0x00, 0x00, 0x3C, 0x03, 0xC0, 0x00, 0x0F, 0x82, 0xF0,
    0x00, 0x01, 0xFF, 0xF4, 0x00, 0x00, 0x1F, 0xF0, 0x00, 0x00, 0x00, 0x00, 0x00, 0x00, 0x00, 0x00,
    0x00, 0x00, 0x00, 0x00, 0x00, 0x00, 0x00, 0x6F, 0xFE, 0x00, 0x07, 0xFF, 0xFF, 0xF4, 0x02, 0xFF,
    0xFF, 0xFF, 0x40, 0x39, 0x00, 0x1F, 0xF0, 0x00, 0x00, 0x02, 0xFC, 0x00, 0x00, 0x00, 0x3F, 0x40,
    0x00, 0x00, 0x0F, 0xD0, 0x00, 0x00, 0x03, 0xF4, 0x00, 0x6B, 0xFF, 0xFD, 0x02, 0xFF, 0xFF, 0xFF,
    0x47, 0xFF, 0xFF, 0xFF, 0xD3, 0xFE, 0x40, 0x03, 0xF6, 0xFD, 0x00, 0x00, 0xFD, 0xFE, 0x00, 0x00,
    0x3F, 0x7F, 0x40, 0x00, 0x0F, 0xDF, 0xD0, 0x00, 0x0B, 0xF7, 0xF8, 0x00, 0x07, 0xFD, 0xBF, 0x80,
    0x0B, 0xFF, 0x4F, 0xFF, 0xFF, 0xDB, 0xD0, 0xFF, 0xFF, 0xD1, 0xF4, 0x07, 0xFF, 0x80, 0x3D, 0x00,
    0x6F, 0xFE, 0x00, 0x0B, 0xFE, 0x40, 0x02, 0xFF, 0xFF, 0xF4, 0x2F, 0xFF, 0xF8, 0x00, 0xFF, 0xFF,
    0xFF, 0x6F, 0xFF, 0xFF, 0xC0, 0x2E, 0x00, 0x0F, 0xFF, 0xD0, 0x07, 0xF8, 0x00, 0x00, 0x00, 0xFF,
    0xC0, 0x00, 0x7F, 0x00, 0x00, 0x00, 0x2F, 0xD0, 0x00, 0x0F, 0xD0, 0x00, 0x00, 0x07, 0xF0, 0x00,
    0x02, 0xFC, 0x00, 0x00, 0x01, 0xFC, 0x00, 0x00, 0x7F, 0x00, 0x1A, 0xFF, 0xFF, 0xFF, 0xFF, 0xFF,
    0xC0, 0xFF, 0xFF, 0xFF, 0xFF, 0xFF, 0xFF, 0xF1, 0xFF, 0xFF, 0xFF, 0xFF, 0xFF, 0xFF, 0xFC, 0xFF,
    0x90, 0x01, 0xFC, 0x00, 0x00, 0x00, 0xBF, 0x40, 0x00, 0x7F, 0x00, 0x00, 0x00, 0x3F, 0x80, 0x00,
    0x1F, 0xC0, 0x00, 0x00, 0x0F, 0xD0, 0x00, 0x0B, 0xF4, 0x00, 0x00, 0x03, 0xF4, 0x00, 0x03, 0xFF,
    0x00, 0x00, 0x00, 0xFE, 0x00, 0x02, 0xFF, 0xE0, 0x00, 0x00, 0x2F, 0xE0, 0x07, 0xF5, 0xFE, 0x00,
    0x06, 0xC3, 0xFF, 0xFF, 0xF8, 0x2F, 0xFF, 0xFF, 0xF0, 0x3F, 0xFF, 0xF4, 0x01, 0xFF, 0xFF, 0xFC,
    0x01, 0xFF, 0xE0, 0x00, 0x07, 0xFF, 0xE4, 0x00, 0x00, 0x1B, 0xFF, 0x90, 0x03, 0xFF, 0xFF, 0xE0,
    0x7F, 0xFF, 0xFF, 0x03, 0xFD, 0x00, 0x18, 0x2F, 0xC0, 0x00, 0x00, 0xFD, 0x00, 0x00, 0x0B, 0xF0,
    0x00, 0x00, 0x2F, 0x80, 0x00, 0x00, 0xFE, 0x00, 0x00, 0x03, 0xF4, 0x00, 0x00, 0x0F, 0xD0, 0x00,
    0x00, 0x3F, 0x40, 0x00, 0x00, 0xFE, 0x00, 0x00, 0x03, 0xF8, 0x00, 0x00, 0x0B, 0xF0, 0x00, 0x00,
    0x0F, 0xD0, 0x00, 0x00, 0x3F, 0xC0, 0x00, 0x00, 0x3F, 0xD0, 0x01, 0x90, 0x7F, 0xFF, 0xFF, 0x80,
    0x7F, 0xFF, 0xFD, 0x00, 0x1B, 0xFF, 0x90, 0x00, 0x0F, 0x00, 0x00, 0x00, 0x7C, 0x00, 0x00, 0x03,
    0xFE, 0x00, 0x00, 0x01, 0xFE, 0x00, 0x00, 0x00, 0xFC, 0x00, 0x00, 0x03, 0xF0, 0x00, 0x00, 0x2F,
    0x80, 0x00, 0x7F, 0xFC, 0x00, 0x00, 0xFF, 0x80, 0x00, 0x00, 0xFF, 0x00, 0x00, 0x00, 0x2F, 0xD0,
    0x00, 0x00, 0x03, 0xFC, 0x00, 0x00, 0x00, 0x3F, 0x80, 0x00, 0x00, 0x03, 0xF0, 0x00, 0x00, 0x00,
    0x3F, 0x00, 0x00, 0x00, 0x02, 0x80, 0x00, 0x00, 0x00, 0x00, 0x00, 0x00, 0x00, 0x00, 0x00, 0x00,
    0x06, 0xFF, 0x80, 0x00, 0x0F, 0xFF, 0xFE, 0x00, 0x1F, 0xFF, 0xFF, 0xF0, 0x0F, 0xF4, 0x02, 0xFE,
    0x0B, 0xF0, 0x00, 0x1F, 0xC3, 0xF0, 0x00, 0x03, 0xF5, 0xFC, 0x00, 0x00, 0xBE, 0xBE, 0x00, 0x00,
    0x1F, 0xFF, 0xFF, 0xFF, 0xFF, 0xFF, 0xFF, 0xFF, 0xFF, 0xFF, 0xFF, 0xFF, 0xFF, 0xFF, 0xFD, 0x00,
    0x00, 0x00, 0x3F, 0x80, 0x00, 0x00, 0x0B, 0xE0, 0x00, 0x00, 0x02, 0xFC, 0x00, 0x00, 0x00, 0x3F,
    0x40, 0x00, 0x00, 0x0B, 0xF4, 0x00, 0x00, 0x00, 0xFF, 0x80, 0x01, 0xB0, 0x0F, 0xFF, 0xFF, 0xFC,
    0x00, 0xFF, 0xFF, 0xFF, 0x00, 0x02, 0xFF, 0xF9, 0x00, 0x00, 0x00, 0x0F, 0xF0, 0x00, 0x00, 0x0B,
    0xF4, 0x00, 0x00, 0x03, 0xF8, 0x00, 0x00, 0x03, 0xF8, 0x00, 0x00, 0x01, 0xF8, 0x00, 0x00, 0x00,
    0xF8, 0x00, 0x00, 0x00, 0x24, 0x00, 0x00, 0x00, 0x00, 0x00, 0x00, 0x00, 0x00, 0x00, 0x00, 0x00,
    0x06, 0xFF, 0x80, 0x00, 0x0F, 0xFF, 0xFE, 0x00, 0x1F, 0xFF, 0xFF, 0xF0, 0x0F, 0xF4, 0x02, 0xFE,
    0x0B, 0xF0, 0x00, 0x1F, 0xC3, 0xF0, 0x00, 0x03, 0xF5, 0xFC, 0x00, 0x00, 0xBE, 0xBE, 0x00, 0x00,
    0x1F, 0xFF, 0xFF, 0xFF, 0xFF, 0xFF, 0xFF, 0xFF, 0xFF, 0xFF, 0xFF, 0xFF, 0xFF, 0xFF, 0xFD, 0x00,
    0x00, 0x00, 0x3F, 0x80, 0x00, 0x00, 0x0B, 0xE0, 0x00, 0x00, 0x02, 0xFC, 0x00, 0x00, 0x00, 0x3F,
    0x40, 0x00, 0x00, 0x0B, 0xF4, 0x00, 0x00, 0x00, 0xFF, 0x80, 0x01, 0xB0, 0x0F, 0xFF, 0xFF, 0xFC,
    0x00, 0xFF, 0xFF, 0xFF, 0x00, 0x02, 0xFF, 0xF9, 0x00, 0x00, 0x07, 0xF4, 0x00, 0x00, 0x03, 0xFF,
    0x00, 0x00, 0x03, 0xFF, 0xF0, 0x00, 0x02, 0xFC, 0xFE, 0x00, 0x01, 0xFC, 0x0F, 0xD0, 0x01, 0xF8,
    0x00, 0xBD, 0x00, 0x64, 0x00, 0x06, 0x40, 0x00, 0x00, 0x00, 0x00, 0x00, 0x00, 0x00, 0x00, 0x00,
    0x06, 0xFF, 0x80, 0x00, 0x0F, 0xFF, 0xFE, 0x00, 0x1F, 0xFF, 0xFF, 0xF0, 0x0F, 0xF4, 0x02, 0xFE,
    0x0B, 0xF0, 0x00, 0x1F, 0xC3, 0xF0, 0x00, 0x03, 0xF5, 0xFC, 0x00, 0x00, 0xBE, 0xBE, 0x00, 0x00,
    0x1F, 0xFF, 0xFF, 0xFF, 0xFF, 0xFF, 0xFF, 0xFF, 0xFF, 0xFF, 0xFF, 0xFF, 0xFF, 0xFF, 0xFD, 0x00,
    0x00, 0x00, 0x3F, 0x80, 0x00, 0x00, 0x0B, 0xE0, 0x00, 0x00, 0x02, 0xFC, 0x00, 0x00, 0x00, 0x3F,
    0x40, 0x00, 0x00, 0x0B, 0xF4, 0x00, 0x00, 0x00, 0xFF, 0x80, 0x01, 0xB0, 0x0F, 0xFF, 0xFF, 0xFC,
    0x00, 0xFF, 0xFF, 0xFF, 0x00, 0x02, 0xFF, 0xF9, 0x00, 0x00, 0xF4, 0x03, 0xD0, 0x00, 0x7F, 0x01,
    0xFC, 0x00, 0x1F, 0xC0, 0x7F, 0x00, 0x03, 0xD0, 0x0F, 0x40, 0x00, 0x00, 0x00, 0x00, 0x00, 0x00,
    0x00, 0x00, 0x00, 0x01, 0xBF, 0xE0, 0x00, 0x03, 0xFF, 0xFF, 0x80, 0x07, 0xFF, 0xFF, 0xFC, 0x03,
    0xFD, 0x00, 0xBF, 0x82, 0xFC, 0x00, 0x07, 0xF0, 0xFD, 0x00, 0x00, 0xFD, 0x7F, 0x00, 0x00, 0x2F,
    0xAF, 0x80, 0x00, 0x07, 0xFF, 0xFF, 0xFF, 0xFF, 0xFF, 0xFF, 0xFF, 0xFF, 0xFF, 0xFF, 0xFF, 0xFF,
    0xFF, 0xFF, 0x80, 0x00, 0x00, 0x0F, 0xE0, 0x00, 0x00, 0x02, 0xFC, 0x00, 0x00, 0x00, 0xBF, 0x00,
    0x00, 0x00, 0x0F, 0xE0, 0x00, 0x00, 0x02, 0xFD, 0x00, 0x00, 0x00, 0x3F, 0xE0, 0x00, 0x6C, 0x03,
    0xFF, 0xFF, 0xFF, 0x00, 0x3F, 0xFF, 0xFF, 0xC0, 0x00, 0xBF, 0xFE, 0x40, 0x2A, 0x40, 0x0F, 0xF4,
    0x00, 0xFF, 0x00, 0x0F, 0xE0, 0x00, 0xFD, 0x00, 0x0F, 0xC0, 0x00, 0x60, 0x00, 0x00, 0x00, 0x00,
    0x00, 0x3F, 0x40, 0x0F, 0xD0, 0x03, 0xF4, 0x00, 0xFD, 0x00, 0x3F, 0x40, 0x0F, 0xD0, 0x03, 0xF4,
    0x00, 0xFD, 0x00, 0x3F, 0x40, 0x0F, 0xD0, 0x03, 0xF4, 0x00, 0xFD, 0x00, 0x3F, 0x40, 0x0F, 0xD0,
    0x03, 0xF4, 0x00, 0xFD, 0x00, 0x3F, 0x40, 0x0F, 0xD0, 0x03, 0xF4, 0x00, 0xFD, 0x00, 0x3F, 0x40,
    0x00, 0x6A, 0x00, 0x3F, 0xC0, 0x3F, 0xC0, 0x2F, 0xC0, 0x0F, 0xC0, 0x0F, 0xC0, 0x02, 0x40, 0x00,
    0x00, 0x00, 0x00, 0x00, 0x0F, 0xD0, 0x03, 0xF4, 0x00, 0xFD, 0x00, 0x3F, 0x40, 0x0F, 0xD0, 0x03,
    0xF4, 0x00, 0xFD, 0x00, 0x3F, 0x40, 0x0F, 0xD0, 0x03, 0xF4, 0x00, 0xFD, 0x00, 0x3F, 0x40, 0x0F,
    0xD0, 0x03, 0xF4, 0x00, 0xFD, 0x00, 0x3F, 0x40, 0x0F, 0xD0, 0x03, 0xF4, 0x00, 0xFD, 0x00, 0x3F,
    0x40, 0x0F, 0xD0, 0x00, 0x00, 0x2A, 0x40, 0x00, 0x0B, 0xFC, 0x00, 0x02, 0xFF, 0xF0, 0x00, 0x7F,
    0x7F, 0x80, 0x1F, 0xC0, 0xFE, 0x03, 0xF0, 0x02, 0xF8, 0x64, 0x00, 0x06, 0x80, 0x00, 0x00, 0x00,
    0x00, 0x00, 0x00, 0x00, 0x03, 0xF4, 0x00, 0x00, 0x3F, 0x40, 0x00, 0x03, 0xF4, 0x00, 0x00, 0x3F,
    0x40, 0x00, 0x03, 0xF4, 0x00, 0x00, 0x3F, 0x40, 0x00, 0x03, 0xF4, 0x00, 0x00, 0x3F, 0x40, 0x00,
    0x03, 0xF4, 0x00, 0x00, 0x3F, 0x40, 0x00, 0x03, 0xF4, 0x00, 0x00, 0x3F, 0x40, 0x00, 0x03, 0xF4,
    0x00, 0x00, 0x3F, 0x40, 0x00, 0x03, 0xF4, 0x00, 0x00, 0x3F, 0x40, 0x00, 0x03, 0xF4, 0x00, 0x00,
    0x3F, 0x40, 0x00, 0x03, 0xF4, 0x00, 0x00, 0x3F, 0x40, 0x00, 0x03, 0xF4, 0x00, 0x7C, 0x01, 0xF3,
    0xF4, 0x0F, 0xDF, 0xD0, 0x3F, 0x5F, 0x00, 0x7C, 0x00, 0x00, 0x00, 0x00, 0x00, 0x00, 0x1F, 0xC0,
    0x00, 0x7F, 0x00, 0x01, 0xFC, 0x00, 0x07, 0xF0, 0x00, 0x1F, 0xC0, 0x00, 0x7F, 0x00, 0x01, 0xFC,
    0x00, 0x07, 0xF0, 0x00, 0x1F, 0xC0, 0x00, 0x7F, 0x00, 0x01, 0xFC, 0x00, 0x07, 0xF0, 0x00, 0x1F,
    0xC0, 0x00, 0x7F, 0x00, 0x01, 0xFC, 0x00, 0x07, 0xF0, 0x00, 0x1F, 0xC0, 0x00, 0x7F, 0x00, 0x01,
    0xFC, 0x00, 0x07, 0xF0, 0x00, 0x1F, 0xC0, 0x00, 0x00, 0x00, 0x00, 0x00, 0x00, 0x00, 0x74, 0x00,
    0x20, 0x00, 0x03, 0xF8, 0x07, 0xE0, 0x00, 0x0B, 0xFD, 0xFF, 0x80, 0x00, 0x07, 0xFF, 0xF4, 0x00,
    0x00, 0x07, 0xFF, 0x00, 0x00, 0x00, 0xFF, 0xFE, 0x00, 0x00, 0x2F, 0xF5, 0xFD, 0x00, 0x00, 0xBE,
    0x02, 0xFC, 0x00, 0x00, 0x80, 0x03, 0xFC, 0x00, 0x00, 0x00, 0x03, 0xF4, 0x00, 0x00, 0x00, 0x0B,
    0xE0, 0x00, 0x1A, 0xF9, 0x0F, 0xC0, 0x07, 0xFF, 0xFF, 0x6F, 0x40, 0x7F, 0xFF, 0xFF, 0xFF, 0x07,
    0xFD, 0x00, 0x7F, 0xFC, 0x3F, 0xC0, 0x00, 0x2F, 0xF1, 0xFD, 0x00, 0x00, 0x3F, 0xDB, 0xF0, 0x00,
    0x00, 0x7F, 0x7F, 0x80, 0x00, 0x00, 0xFD, 0xFD, 0x00, 0x00, 0x03, 0xF7, 0xF4, 0x00, 0x00, 0x0F,
    0xDF, 0xD0, 0x00, 0x00, 0x3F, 0x7F, 0x80, 0x00, 0x00, 0xFC, 0xBF, 0x00, 0x00, 0x0B, 0xF1, 0xFC,
    0x00, 0x00, 0x3F, 0x83, 0xFC, 0x00, 0x02, 0xFC, 0x03, 0xFD, 0x00, 0x2F, 0xD0, 0x07, 0xFF, 0xFF,
    0xFE, 0x00, 0x07, 0xFF, 0xFF, 0xE0, 0x00, 0x01, 0xBF, 0xF4, 0x00, 0x00, 0x00, 0xBD, 0x00, 0x3C,
    0x00, 0xFF, 0xF4, 0x1F, 0x00, 0xFF, 0xFF, 0xFF, 0x80, 0x3C, 0x07, 0xFF, 0xC0, 0x1E, 0x00, 0x2F,
    0x80, 0x00, 0x00, 0x00, 0x00, 0x00, 0x00, 0x00, 0x00, 0x03, 0xF0, 0x1B, 0xFE, 0x40, 0xFC, 0x3F,
    0xFF, 0xF8, 0x3F, 0x7F, 0xFF, 0xFF, 0x8F, 0xFF, 0x40, 0x1F, 0xF7, 0xFF, 0x00, 0x00, 0xFE, 0xFF,
    0x40, 0x00, 0x2F, 0xFF, 0xC0, 0x00, 0x07, 0xFF, 0xE0, 0x00, 0x01, 0xFF, 0xF8, 0x00, 0x00, 0x7F,
    0xFD, 0x00, 0x00, 0x1F, 0xFF, 0x40, 0x00, 0x07, 0xFF, 0xD0, 0x00, 0x01, 0xFF, 0xF4, 0x00, 0x00,
    0x7F, 0xFD, 0x00, 0x00, 0x1F, 0xFF, 0x40, 0x00, 0x07, 0xFF, 0xD0, 0x00, 0x01, 0xFF, 0xF4, 0x00,
    0x00, 0x7F, 0xFD, 0x00, 0x00, 0x1F, 0xFF, 0x40, 0x00, 0x07, 0xFF, 0xD0, 0x00, 0x01, 0xFF, 0xF4,
    0x00, 0x00, 0x7F, 0x00, 0x7F, 0x80, 0x00, 0x00, 0x00, 0xFF, 0x00, 0x00, 0x00, 0x00, 0xFE, 0x00,
    0x00, 0x00, 0x01, 0xFC, 0x00, 0x00, 0x00, 0x01, 0xFC, 0x00, 0x00, 0x00, 0x01, 0xF4, 0x00, 0x00,
    0x00, 0x01, 0x90, 0x00, 0x00, 0x00, 0x00, 0x00, 0x00, 0x00, 0x00, 0x00, 0x00, 0x00, 0x00, 0x6F,
    0xFD, 0x00, 0x00, 0x0F, 0xFF, 0xFF, 0x40, 0x01, 0xFF, 0xFF, 0xFF, 0x80, 0x0F, 0xF4, 0x00, 0xFF,
    0x40, 0xBF, 0x00, 0x00, 0xBF, 0x03, 0xF4, 0x00, 0x00, 0xFE, 0x2F, 0xC0, 0x00, 0x02, 0xFC, 0xBE,
    0x00, 0x00, 0x07, 0xF3, 0xF8, 0x00, 0x00, 0x0F, 0xDF, 0xD0, 0x00, 0x00, 0x3F, 0x7F, 0x40, 0x00,
    0x00, 0xFD, 0xFD, 0x00, 0x00, 0x03, 0xF7, 0xF8, 0x00, 0x00, 0x0F, 0xDB, 0xE0, 0x00, 0x00, 0x7F,
    0x1F, 0xC0, 0x00, 0x02, 0xFC, 0x3F, 0x40, 0x00, 0x0F, 0xE0, 0xBF, 0x00, 0x00, 0xBF, 0x00, 0xFF,
    0x40, 0x0F, 0xF4, 0x00, 0xFF, 0xFF, 0xFF, 0x80, 0x00, 0xFF, 0xFF, 0xF4, 0x00, 0x00, 0x6F, 0xF9,
    0x00, 0x00, 0x00, 0x00, 0x07, 0xF8, 0x00, 0x00, 0x00, 0x3F, 0xC0, 0x00, 0x00, 0x02, 0xFC, 0x00,
    0x00, 0x00, 0x0F, 0xD0, 0x00, 0x00, 0x00, 0xBD, 0x00, 0x00, 0x00, 0x07, 0xD0, 0x00, 0x00, 0x00,
    0x19, 0x00, 0x00, 0x00, 0x00, 0x00, 0x00, 0x00, 0x00, 0x00, 0x00, 0x00, 0x00, 0x00, 0x6F, 0xFD,
    0x00, 0x00, 0x0F, 0xFF, 0xFF, 0x40, 0x01, 0xFF, 0xFF, 0xFF, 0x80, 0x0F, 0xF4, 0x00, 0xFF, 0x40,
    0xBF, 0x00, 0x00, 0xBF, 0x03, 0xF4, 0x00, 0x00, 0xFE, 0x2F, 0xC0, 0x00, 0x02, 0xFC, 0xBE, 0x00,
    0x00, 0x07, 0xF3, 0xF8, 0x00, 0x00, 0x0F, 0xDF, 0xD0, 0x00, 0x00, 0x3F, 0x7F, 0x40, 0x00, 0x00,
    0xFD, 0xFD, 0x00, 0x00, 0x03, 0xF7, 0xF8, 0x00, 0x00, 0x0F, 0xDB, 0xE0, 0x00, 0x00, 0x7F, 0x1F,
    0xC0, 0x00, 0x02, 0xFC, 0x3F, 0x40, 0x00, 0x0F, 0xE0, 0xBF, 0x00, 0x00, 0xBF, 0x00, 0xFF, 0x40,
    0x0F, 0xF4, 0x00, 0xFF, 0xFF, 0xFF, 0x80, 0x00, 0xFF, 0xFF, 0xF4, 0x00, 0x00, 0x6F, 0xF9, 0x00,
    0x00, 0x00, 0x03, 0xFC, 0x00, 0x00, 0x00, 0x1F, 0xF8, 0x00, 0x00, 0x00, 0xFF, 0xF4, 0x00, 0x00,
    0x0F, 0xE7, 0xF4, 0x00, 0x00, 0xBE, 0x07, 0xF0, 0x00, 0x0B, 0xD0, 0x03, 0xF0, 0x00, 0x28, 0x00,
    0x01, 0x80, 0x00, 0x00, 0x00, 0x00, 0x00, 0x00, 0x00, 0x00, 0x00, 0x00, 0x00, 0x6F, 0xFD, 0x00,
    0x00, 0x0F, 0xFF, 0xFF, 0x40, 0x01, 0xFF, 0xFF, 0xFF, 0x80, 0x0F, 0xF4, 0x00, 0xFF, 0x40, 0xBF,
    0x00, 0x00, 0xBF, 0x03, 0xF4, 0x00, 0x00, 0xFE, 0x2F, 0xC0, 0x00, 0x02, 0xFC, 0xBE, 0x00, 0x00,
    0x07, 0xF3, 0xF8, 0x00, 0x00, 0x0F, 0xDF, 0xD0, 0x00, 0x00, 0x3F, 0x7F, 0x40, 0x00, 0x00, 0xFD,
    0xFD, 0x00, 0x00, 0x03, 0xF7, 0xF8, 0x00, 0x00, 0x0F, 0xDB, 0xE0, 0x00, 0x00, 0x7F, 0x1F, 0xC0,
    0x00, 0x02, 0xFC, 0x3F, 0x40, 0x00, 0x0F, 0xE0, 0xBF, 0x00, 0x00, 0xBF, 0x00, 0xFF, 0x40, 0x0F,
    0xF4, 0x00, 0xFF, 0xFF, 0xFF, 0x80, 0x00, 0xFF, 0xFF, 0xF4, 0x00, 0x00, 0x6F, 0xF9, 0x00, 0x00,
    0x00, 0x7F, 0x40, 0x0F, 0x00, 0x07, 0xFF, 0xD0, 0x78, 0x00, 0x3F, 0xFF, 0xFF, 0xD0, 0x01, 0xF0,
    0x2F, 0xFF, 0x00, 0x07, 0x40, 0x0B, 0xE0, 0x00, 0x00, 0x00, 0x00, 0x00, 0x00, 0x00, 0x00, 0x00,
    0x00, 0x00, 0x06, 0xFF, 0xD0, 0x00, 0x00, 0xFF, 0xFF, 0xF4, 0x00, 0x1F, 0xFF, 0xFF, 0xF8, 0x00,
    0xFF, 0x40, 0x0F, 0xF4, 0x0B, 0xF0, 0x00, 0x0B, 0xF0, 0x3F, 0x40, 0x00, 0x0F, 0xE2, 0xFC, 0x00,
    0x00, 0x2F, 0xCB, 0xE0, 0x00, 0x00, 0x7F, 0x3F, 0x80, 0x00, 0x00, 0xFD, 0xFD, 0x00, 0x00, 0x03,
    0xF7, 0xF4, 0x00, 0x00, 0x0F, 0xDF, 0xD0, 0x00, 0x00, 0x3F, 0x7F, 0x80, 0x00, 0x00, 0xFD, 0xBE,
    0x00, 0x00, 0x07, 0xF1, 0xFC, 0x00, 0x00, 0x2F, 0xC3, 0xF4, 0x00, 0x00, 0xFE, 0x0B, 0xF0, 0x00,
    0x0B, 0xF0, 0x0F, 0xF4, 0x00, 0xFF, 0x40, 0x0F, 0xFF, 0xFF, 0xF8, 0x00, 0x0F, 0xFF, 0xFF, 0x40,
    0x00, 0x06, 0xFF, 0x90, 0x00, 0x00, 0x7C, 0x01, 0xF0, 0x00, 0x03, 0xF4, 0x0F, 0xD0, 0x00, 0x0F,
    0xD0, 0x3F, 0x40, 0x00, 0x1F, 0x00, 0x78, 0x00, 0x00, 0x00, 0x00, 0x00, 0x00, 0x00, 0x00, 0x00,
    0x00, 0x00, 0x01, 0xBF, 0xF4, 0x00, 0x00, 0x3F, 0xFF, 0xFD, 0x00, 0x07, 0xFF, 0xFF, 0xFE, 0x00,
    0x3F, 0xD0, 0x03, 0xFD, 0x02, 0xFC, 0x00, 0x02, 0xFC, 0x0F, 0xD0, 0x00, 0x03, 0xF8, 0xBF, 0x00,
    0x00, 0x0B, 0xF2, 0xF8, 0x00, 0x00, 0x1F, 0xCF, 0xE0, 0x00, 0x00, 0x3F, 0x7F, 0x40, 0x00, 0x00,
    0xFD, 0xFD, 0x00, 0x00, 0x03, 0xF7, 0xF4, 0x00, 0x00, 0x0F, 0xDF, 0xE0, 0x00, 0x00, 0x3F, 0x6F,
    0x80, 0x00, 0x01, 0xFC, 0x7F, 0x00, 0x00, 0x0B, 0xF0, 0xFD, 0x00, 0x00, 0x3F, 0x82, 0xFC, 0x00,
    0x02, 0xFC, 0x03, 0xFD, 0x00, 0x3F, 0xD0, 0x03, 0xFF, 0xFF, 0xFE, 0x00, 0x03, 0xFF, 0xFF, 0xD0,
    0x00, 0x01, 0xBF, 0xE4, 0x00, 0x00, 0x00, 0x01, 0xF4, 0x00, 0x00, 0x00, 0x3F, 0xC0, 0x00, 0x00,
    0x03, 0xFC, 0x00, 0x00, 0x00, 0x3F, 0xC0, 0x00, 0x00, 0x01, 0xF4, 0x00, 0x00, 0x00, 0x00, 0x00,
    0x00, 0x00, 0x00, 0x00, 0x00, 0x00, 0x00, 0x00, 0x00, 0x00, 0xFF, 0xFF, 0xFF, 0xFF, 0xFF, 0xFF,
    0xFF, 0xFF, 0xFF, 0xFF, 0xFF, 0xFF, 0xFF, 0xF0, 0x00, 0x00, 0x00, 0x00, 0x00, 0x00, 0x00, 0x00,
    0x00, 0x00, 0x1F, 0x40, 0x00, 0x00, 0x03, 0xFC, 0x00, 0x00, 0x00, 0x3F, 0xC0, 0x00, 0x00, 0x03,
    0xFC, 0x00, 0x00, 0x00, 0x1F, 0x40, 0x00, 0x00, 0x00, 0x00, 0x01, 0x00, 0x00, 0x6F, 0xF9, 0x1F,
    0x40, 0x0F, 0xFF, 0xFF, 0xFC, 0x01, 0xFF, 0xFF, 0xFF, 0xD0, 0x0F, 0xF4, 0x01, 0xFF, 0x40, 0xFF,
    0x00, 0x03, 0xFF, 0x03, 0xF4, 0x00, 0x3F, 0xFD, 0x2F, 0xC0, 0x02, 0xFA, 0xFC, 0xBE, 0x00, 0x0F,
    0xC7, 0xF3, 0xF8, 0x00, 0xFD, 0x0F, 0xDF, 0xD0, 0x0B, 0xE0, 0x3F, 0x7F, 0x40, 0x7F, 0x00, 0xFD,
    0xFD, 0x03, 0xF0, 0x03, 0xF7, 0xF8, 0x2F, 0x40, 0x0F, 0xDB, 0xE1, 0xF8, 0x00, 0x7F, 0x1F, 0xCF,
    0xC0, 0x02, 0xFC, 0x3F, 0xFD, 0x00, 0x0F, 0xE0, 0xBF, 0xE0, 0x00, 0xBF, 0x00, 0xFF, 0x40, 0x0F,
    0xF8, 0x03, 0xFF, 0xFF, 0xFF, 0x80, 0x2F, 0xFF, 0xFF, 0xF4, 0x00, 0xFC, 0x6F, 0xFD, 0x00, 0x00,
    0x80, 0x00, 0x00, 0x00, 0x00, 0x00, 0xFF, 0x00, 0x00, 0x00, 0x1F, 0xD0, 0x00, 0x00, 0x02, 0xFC,
    0x00, 0x00, 0x00, 0x3F, 0x80, 0x00, 0x00, 0x03, 0xF0, 0x00, 0x00, 0x00, 0x3F, 0x00, 0x00, 0x00,
    0x02, 0x80, 0x00, 0x00, 0x00, 0x00, 0x00, 0x00, 0x00, 0x00, 0x00, 0x3F, 0x40, 0x00, 0x07, 0xFF,
    0xD0, 0x00, 0x01, 0xFF, 0xF4, 0x00, 0x00, 0x7F, 0xFD, 0x00, 0x00, 0x1F, 0xFF, 0x40, 0x00, 0x07,
    0xFF, 0xD0, 0x00, 0x01, 0xFF, 0xF4, 0x00, 0x00, 0x7F, 0xFD, 0x00, 0x00, 0x1F, 0xFF, 0x40, 0x00,
    0x07, 0xFF, 0xD0, 0x00, 0x01, 0xFF, 0xF4, 0x00, 0x00, 0x7F, 0xFD, 0x00, 0x00, 0x1F, 0xFF, 0x40,
    0x00, 0x0B, 0xFF, 0xD0, 0x00, 0x02, 0xFF, 0xF4, 0x00, 0x00, 0xFF, 0xFE, 0x00, 0x00, 0x7F, 0xEF,
    0xC0, 0x00, 0x3F, 0xF7, 0xFD, 0x00, 0x7F, 0xFC, 0xBF, 0xFF, 0xFF, 0x7F, 0x0B, 0xFF, 0xFF, 0x0F,
    0xC0, 0x6F, 0xF9, 0x03, 0xF0, 0x00, 0x00, 0x0F, 0xF0, 0x00, 0x00, 0x0B, 0xF4, 0x00, 0x00, 0x03,
    0xF8, 0x00, 0x00, 0x03, 0xF8, 0x00, 0x00, 0x01, 0xFC, 0x00, 0x00, 0x00, 0xFC, 0x00, 0x00, 0x00,
    0x24, 0x00, 0x00, 0x00, 0x00, 0x00, 0x00, 0x00, 0x00, 0x00, 0x00, 0x3F, 0x40, 0x00, 0x07, 0xFF,
    0xD0, 0x00, 0x01, 0xFF, 0xF4, 0x00, 0x00, 0x7F, 0xFD, 0x00, 0x00, 0x1F, 0xFF, 0x40, 0x00, 0x07,
    0xFF, 0xD0, 0x00, 0x01, 0xFF, 0xF4, 0x00, 0x00, 0x7F, 0xFD, 0x00, 0x00, 0x1F, 0xFF, 0x40, 0x00,
    0x07, 0xFF, 0xD0, 0x00, 0x01, 0xFF, 0xF4, 0x00, 0x00, 0x7F, 0xFD, 0x00, 0x00, 0x1F, 0xFF, 0x40,
    0x00, 0x0B, 0xFF, 0xD0, 0x00, 0x02, 0xFF, 0xF4, 0x00, 0x00, 0xFF, 0xFE, 0x00, 0x00, 0x7F, 0xEF,
    0xC0, 0x00, 0x3F, 0xF7, 0xFD, 0x00, 0x7F, 0xFC, 0xBF, 0xFF, 0xFF, 0x7F, 0x0B, 0xFF, 0xFF, 0x0F,
    0xC0, 0x6F, 0xF9, 0x03, 0xF0, 0x00, 0x07, 0xF4, 0x00, 0x00, 0x03, 0xFF, 0x00, 0x00, 0x03, 0xFF,
    0xF0, 0x00, 0x02, 0xFC, 0xFE, 0x00, 0x01, 0xFC, 0x0F, 0xE0, 0x00, 0xFC, 0x00, 0xBD, 0x00, 0x64,
    0x00, 0x06, 0x40, 0x00, 0x00, 0x00, 0x00, 0x00, 0x00, 0x00, 0x00, 0x3F, 0x40, 0x00, 0x07, 0xFF,
    0xD0, 0x00, 0x01, 0xFF, 0xF4, 0x00, 0x00, 0x7F, 0xFD, 0x00, 0x00, 0x1F, 0xFF, 0x40, 0x00, 0x07,
    0xFF, 0xD0, 0x00, 0x01, 0xFF, 0xF4, 0x00, 0x00, 0x7F, 0xFD, 0x00, 0x00, 0x1F, 0xFF, 0x40, 0x00,
    0x07, 0xFF, 0xD0, 0x00, 0x01, 0xFF, 0xF4, 0x00, 0x00, 0x7F, 0xFD, 0x00, 0x00, 0x1F, 0xFF, 0x40,
    0x00, 0x0B, 0xFF, 0xD0, 0x00, 0x02, 0xFF, 0xF4, 0x00, 0x00, 0xFF, 0xFE, 0x00, 0x00, 0x7F, 0xEF,
    0xC0, 0x00, 0x3F, 0xF7, 0xFD, 0x00, 0x7F, 0xFC, 0xBF, 0xFF, 0xFF, 0x7F, 0x0B, 0xFF, 0xFF, 0x0F,
    0xC0, 0x6F, 0xF9, 0x03, 0xF0, 0x00, 0xF4, 0x03, 0xD0, 0x00, 0x7F, 0x01, 0xFC, 0x00, 0x1F, 0xC0,
    0x7F, 0x00, 0x03, 0xD0, 0x0F, 0x40, 0x00, 0x00, 0x00, 0x00, 0x00, 0x00, 0x00, 0x00, 0x0F, 0xD0,
    0x00, 0x01, 0xFF, 0xF4, 0x00, 0x00, 0x7F, 0xFD, 0x00, 0x00, 0x1F, 0xFF, 0x40, 0x00, 0x07, 0xFF,
    0xD0, 0x00, 0x01, 0xFF, 0xF4, 0x00, 0x00, 0x7F, 0xFD, 0x00, 0x00, 0x1F, 0xFF, 0x40, 0x00, 0x07,
    0xFF, 0xD0, 0x00, 0x01, 0xFF, 0xF4, 0x00, 0x00, 0x7F, 0xFD, 0x00, 0x00, 0x1F, 0xFF, 0x40, 0x00,
    0x07, 0xFF, 0xD0, 0x00, 0x02, 0xFF, 0xF4, 0x00, 0x00, 0xBF, 0xFD, 0x00, 0x00, 0x3F, 0xFF, 0x80,
    0x00, 0x1F, 0xFB, 0xF0, 0x00, 0x0F, 0xFD, 0xFF, 0x40, 0x1F, 0xFF, 0x2F, 0xFF, 0xFF, 0xDF, 0xC2,
    0xFF, 0xFF, 0xD3, 0xF0, 0x1B, 0xFE, 0x40, 0xBC, 0x00, 0x00, 0x00, 0xA9, 0x00, 0x00, 0x00, 0x03,
    0xFD, 0x00, 0x00, 0x00, 0x07, 0xF4, 0x00, 0x00, 0x00, 0x0F, 0xE0, 0x00, 0x00, 0x00, 0x2F, 0x80,
    0x00, 0x00, 0x00, 0x7E, 0x00, 0x00, 0x00, 0x00, 0x64, 0x00, 0x00, 0x00, 0x00, 0x00, 0x00, 0x00,
    0x00, 0x00, 0x00, 0x00, 0x00, 0x3F, 0x40, 0x00, 0x00, 0xFE, 0x3F, 0x80, 0x00, 0x01, 0xFC, 0x1F,
    0xC0, 0x00, 0x02, 0xFC, 0x0F, 0xD0, 0x00, 0x03, 0xF4, 0x0B, 0xF0, 0x00, 0x07, 0xF0, 0x03, 0xF0,
    0x00, 0x0F, 0xE0, 0x03, 0xF8, 0x00, 0x0F, 0xD0, 0x01, 0xFC, 0x00, 0x1F, 0xC0, 0x00, 0xFD, 0x00,
    0x3F, 0x80, 0x00, 0xBE, 0x00, 0x3F, 0x00, 0x00, 0x7F, 0x00, 0xBF, 0x00, 0x00, 0x3F, 0x40, 0xFE,
    0x00, 0x00, 0x2F, 0xC0, 0xFC, 0x00, 0x00, 0x0F, 0xC2, 0xFC, 0x00, 0x00, 0x0B, 0xD3, 0xF4, 0x00,
    0x00, 0x07, 0xE3, 0xF0, 0x00, 0x00, 0x03, 0xF7, 0xE0, 0x00, 0x00, 0x02, 0xFF, 0xD0, 0x00, 0x00,
    0x00, 0xFF, 0xC0, 0x00, 0x00, 0x00, 0xFF, 0x80, 0x00, 0x00, 0x00, 0x7F, 0x00, 0x00, 0x00, 0x00,
    0xBF, 0x00, 0x00, 0x00, 0x00, 0xFD, 0x00, 0x00, 0x00, 0x01, 0xFC, 0x00, 0x00, 0x00, 0x03, 0xF8,
    0x00, 0x00, 0x00, 0x07, 0xF0, 0x00, 0x00, 0x00, 0x1F, 0xE0, 0x00, 0x00, 0x3F, 0xFF, 0xC0, 0x00,
    0x00, 0x3F, 0xFF, 0x00, 0x00, 0x00, 0x3F, 0xF4, 0x00, 0x00, 0x00, 0xFD, 0x00, 0x00, 0x00, 0x0F,
    0xD0, 0x00, 0x00, 0x00, 0xFD, 0x00, 0x00, 0x00, 0x0F, 0xD0, 0x00, 0x00, 0x00, 0xFD, 0x00, 0x00,
    0x00, 0x0F, 0xD0, 0x00, 0x00, 0x00, 0xFD, 0x00, 0x00, 0x00, 0x0F, 0xD0, 0x00, 0x00, 0x00, 0xFD,
    0x06, 0xFF, 0x80, 0x0F, 0xD3, 0xFF, 0xFF, 0x40, 0xFE, 0xFF, 0xFF, 0xFE, 0x0F, 0xFF, 0x00, 0x1F,
    0xF4, 0xFF, 0x80, 0x00, 0x3F, 0xCF, 0xF0, 0x00, 0x01, 0xFD, 0xFF, 0x00, 0x00, 0x0F, 0xEF, 0xE0,
    0x00, 0x00, 0xBF, 0xFD, 0x00, 0x00, 0x0B, 0xFF, 0xD0, 0x00, 0x00, 0x7F, 0xFD, 0x00, 0x00, 0x07,
    0xFF, 0xD0, 0x00, 0x00, 0x7F, 0xFE, 0x00, 0x00, 0x0B, 0xFF, 0xE0, 0x00, 0x00, 0xBF, 0xFF, 0x00,
    0x00, 0x0F, 0xEF, 0xF4, 0x00, 0x01, 0xFD, 0xFF, 0xC0, 0x00, 0x3F, 0xCF, 0xFF, 0x40, 0x1F, 0xF4,
    0xFD, 0xFF, 0xFF, 0xFE, 0x0F, 0xD3, 0xFF, 0xFF, 0x40, 0xFD, 0x06, 0xFF, 0x80, 0x0F, 0xD0, 0x00,
    0x00, 0x00, 0xFD, 0x00, 0x00, 0x00, 0x0F, 0xD0, 0x00, 0x00, 0x00, 0xFD, 0x00, 0x00, 0x00, 0x0F,
    0xD0, 0x00, 0x00, 0x00, 0xFD, 0x00, 0x00, 0x00, 0x0F, 0xD0, 0x00, 0x00, 0x00, 0xFD, 0x00, 0x00,
    0x00, 0x0F, 0xD0, 0x00, 0x00, 0x00, 0x00, 0x1F, 0x00, 0x7C, 0x00, 0x00, 0x3F, 0x40, 0xFD, 0x00,
    0x00, 0x3F, 0x40, 0xFD, 0x00, 0x00, 0x1E, 0x00, 0x7C, 0x00, 0x00, 0x00, 0x00, 0x00, 0x00, 0x00,
    0x00, 0x00, 0x00, 0x00, 0x3F, 0x40, 0x00, 0x00, 0xFE, 0x3F, 0xC0, 0x00, 0x01, 0xFC, 0x1F, 0xC0,
    0x00, 0x02, 0xFC, 0x0F, 0xE0, 0x00, 0x03, 0xF4, 0x0B, 0xF0, 0x00, 0x07, 0xF0, 0x03, 0xF0, 0x00,
    0x0F, 0xE0, 0x03, 0xF8, 0x00, 0x0F, 0xD0, 0x01, 0xFC, 0x00, 0x1F, 0xC0, 0x00, 0xFD, 0x00, 0x3F,
    0x80, 0x00, 0xBE, 0x00, 0x3F, 0x00, 0x00, 0x7F, 0x00, 0xBF, 0x00, 0x00, 0x3F, 0x40, 0xFD, 0x00,
    0x00, 0x2F, 0xC0, 0xFC, 0x00, 0x00, 0x0F, 0xC1, 0xF8, 0x00, 0x00, 0x0B, 0xD3, 0xF4, 0x00, 0x00,
    0x07, 0xE3, 0xF0, 0x00, 0x00, 0x03, 0xF7, 0xE0, 0x00, 0x00, 0x02, 0xFF, 0xD0, 0x00, 0x00, 0x00,
    0xFF, 0xC0, 0x00, 0x00, 0x00, 0xFF, 0x80, 0x00, 0x00, 0x00, 0x7F, 0x00, 0x00, 0x00, 0x00, 0xBF,
    0x00, 0x00, 0x00, 0x00, 0xFD, 0x00, 0x00, 0x00, 0x01, 0xFC, 0x00, 0x00, 0x00, 0x03, 0xF8, 0x00,
    0x00, 0x00, 0x07, 0xF0, 0x00, 0x00, 0x00, 0x1F, 0xE0, 0x00, 0x00, 0x3F, 0xFF, 0xC0, 0x00, 0x00,
    0x3F, 0xFF, 0x00, 0x00, 0x00, 0x3F, 0xF4, 0x00, 0x00, 0x00, 0x00, 0x03, 0xFF, 0xFF, 0xF0, 0x00,
    0x00, 0x00, 0xFF, 0xFF, 0xFC, 0x00, 0x00, 0x00, 0x3F, 0xFF, 0xFF, 0x00, 0x00, 0x00, 0x00, 0x00,
    0x00, 0x00, 0x00, 0x00, 0x00, 0x00, 0x00, 0x00, 0x00, 0x00, 0x00, 0x00, 0x00, 0x00, 0x00, 0x00,
    0x00, 0x00, 0x3F, 0x40, 0x00, 0x00, 0x00, 0x00, 0x2F, 0xE0, 0x00, 0x00, 0x00, 0x00, 0x0F, 0xFC,
    0x00, 0x00, 0x00, 0x00, 0x07, 0xFF, 0x40, 0x00, 0x00, 0x00, 0x02, 0xF7, 0xF0, 0x00, 0x00, 0x00,
    0x00, 0xFC, 0xFC, 0x00, 0x00, 0x00, 0x00, 0x7E, 0x2F, 0x80, 0x00, 0x00, 0x00, 0x3F, 0x43, 0xF0,
    0x00, 0x00, 0x00, 0x0F, 0xC0, 0xFD, 0x00, 0x00, 0x00, 0x0B, 0xE0, 0x1F, 0x80, 0x00, 0x00, 0x03,
    0xF0, 0x03, 0xF0, 0x00, 0x00, 0x01, 0xFC, 0x00, 0xBE, 0x00, 0x00, 0x00, 0xFD, 0x00, 0x1F, 0xC0,
    0x00, 0x00, 0x3F, 0x00, 0x03, 0xF4, 0x00, 0x00, 0x2F, 0x80, 0x00, 0xBE, 0x00, 0x00, 0x0F, 0xFF,
    0xFF, 0xFF, 0xC0, 0x00, 0x07, 0xFF, 0xFF, 0xFF, 0xF4, 0x00, 0x02, 0xFF, 0xFF, 0xFF, 0xFF, 0x00,
    0x00, 0xFC, 0x00, 0x00, 0x0F, 0xC0, 0x00, 0x7E, 0x00, 0x00, 0x02, 0xF8, 0x00, 0x3F, 0x40, 0x00,
    0x00, 0x7F, 0x00, 0x0F, 0xC0, 0x00, 0x00, 0x0F, 0xD0, 0x0B, 0xE0, 0x00, 0x00, 0x02, 0xF8, 0x03,
    0xF4, 0x00, 0x00, 0x00, 0x7F, 0x01, 0xFC, 0x00, 0x00, 0x00, 0x0F, 0xD0, 0xFE, 0x00, 0x00, 0x00,
    0x02, 0xFC, 0x3F, 0x00, 0x00, 0x00, 0x00, 0x3F, 0x40, 0x03, 0xFF, 0xFF, 0xF0, 0x00, 0xFF, 0xFF,
    0xFC, 0x00, 0x3F, 0xFF, 0xFF, 0x00, 0x00, 0x00, 0x00, 0x00, 0x00, 0x00, 0x00, 0x00, 0x00, 0x00,
    0x00, 0x00, 0x00, 0x02, 0xFF, 0xF8, 0x00, 0x1F, 0xFF, 0xFF, 0xD0, 0x0B, 0xFF, 0xFF, 0xFD, 0x01,
    0xE4, 0x00, 0x7F, 0xC0, 0x00, 0x00, 0x0B, 0xF0, 0x00, 0x00, 0x00, 0xFD, 0x00, 0x00, 0x00, 0x3F,
    0x40, 0x00, 0x00, 0x0F, 0xD0, 0x01, 0xAF, 0xFF, 0xF4, 0x0B, 0xFF, 0xFF, 0xFD, 0x1F, 0xFF, 0xFF,
    0xFF, 0x4F, 0xF9, 0x00, 0x0F, 0xDB, 0xF4, 0x00, 0x03, 0xF7, 0xF8, 0x00, 0x00, 0xFD, 0xFD, 0x00,
    0x00, 0x3F, 0x7F, 0x40, 0x00, 0x2F, 0xDF, 0xE0, 0x00, 0x1F, 0xF6, 0xFE, 0x00, 0x2F, 0xFD, 0x3F,
    0xFF, 0xFF, 0x6F, 0x43, 0xFF, 0xFF, 0x4B, 0xD0, 0x1F, 0xFE, 0x01, 0xF4, 0x00, 0x01, 0x40, 0x00,
    0x64, 0x00, 0x00, 0x00, 0xF0, 0x00, 0x3D, 0x00, 0x00, 0x00, 0x2F, 0x40, 0x2F, 0x00, 0x00, 0x00,
    0x03, 0xFF, 0xFF, 0x80, 0x00, 0x00, 0x00, 0x7F, 0xFF, 0x80, 0x00, 0x00, 0x00, 0x02, 0xBE, 0x00,
    0x00, 0x00, 0x00, 0x00, 0x00, 0x00, 0x00, 0x00, 0x00, 0x00, 0x00, 0x00, 0x00, 0x00, 0x00, 0x00,
    0x00, 0x00, 0x00, 0x00, 0x00, 0x00, 0x00, 0xFE, 0x00, 0x00, 0x00, 0x00, 0x00, 0x7F, 0xC0, 0x00,
    0x00, 0x00, 0x00, 0x2F, 0xF4, 0x00, 0x00, 0x00, 0x00, 0x0F, 0xFE, 0x00, 0x00, 0x00, 0x00, 0x07,
    0xDF, 0xC0, 0x00, 0x00, 0x00, 0x03, 0xF2, 0xF4, 0x00, 0x00, 0x00, 0x00, 0xFC, 0x3F, 0x00, 0x00,
    0x00, 0x00, 0xBE, 0x0F, 0xC0, 0x00, 0x00, 0x00, 0x3F, 0x02, 0xF8, 0x00, 0x00, 0x00, 0x1F, 0xC0,
    0x3F, 0x00, 0x00, 0x00, 0x0F, 0xD0, 0x0B, 0xD0, 0x00, 0x00, 0x03, 0xF0, 0x01, 0xFC, 0x00, 0x00,
    0x02, 0xF8, 0x00, 0x3F, 0x00, 0x00, 0x00, 0xFC, 0x00, 0x0B, 0xE0, 0x00, 0x00, 0x7F, 0x00, 0x00,
    0xFC, 0x00, 0x00, 0x2F, 0xFF, 0xFF, 0xFF, 0x40, 0x00, 0x0F, 0xFF, 0xFF, 0xFF, 0xE0, 0x00, 0x07,
    0xFF, 0xFF, 0xFF, 0xFC, 0x00, 0x03, 0xF4, 0x00, 0x00, 0x3F, 0x40, 0x01, 0xFC, 0x00, 0x00, 0x07,
    0xF0, 0x00, 0xBE, 0x00, 0x00, 0x00, 0xFD, 0x00, 0x3F, 0x00, 0x00, 0x00, 0x2F, 0x80, 0x1F, 0xC0,
    0x00, 0x00, 0x07, 0xF0, 0x0F, 0xD0, 0x00, 0x00, 0x00, 0xFD, 0x03, 0xF0, 0x00, 0x00, 0x00, 0x2F,
    0xC2, 0xFC, 0x00, 0x00, 0x00, 0x07, 0xF0, 0xFD, 0x00, 0x00, 0x00, 0x00, 0xFE, 0x03, 0xC0, 0x00,
    0xB8, 0x00, 0xF8, 0x00, 0x7D, 0x00, 0x1F, 0xFF, 0xFF, 0x00, 0x02, 0xFF, 0xFF, 0x00, 0x00, 0x1B,
    0xFD, 0x00, 0x00, 0x00, 0x00, 0x00, 0x00, 0x00, 0x00, 0x00, 0x00, 0x00, 0x00, 0x00, 0x00, 0x00,
    0x1B, 0xFF, 0x80, 0x01, 0xFF, 0xFF, 0xFD, 0x00, 0xBF, 0xFF, 0xFF, 0xD0, 0x0F, 0x40, 0x0B, 0xFC,
    0x00, 0x00, 0x00, 0xBF, 0x00, 0x00, 0x00, 0x0F, 0xD0, 0x00, 0x00, 0x03, 0xF4, 0x00, 0x00, 0x00,
    0xFD, 0x00, 0x01, 0x55, 0x7F, 0x40, 0x6F, 0xFF, 0xFF, 0xD0, 0xFF, 0xFF, 0xFF, 0xF4, 0xFF, 0x90,
    0x00, 0xFD, 0x7F, 0x40, 0x00, 0x3F, 0x7F, 0x80, 0x00, 0x0F, 0xDF, 0xD0, 0x00, 0x03, 0xF7, 0xF4,
    0x00, 0x02, 0xFD, 0xFE, 0x00, 0x01, 0xFF, 0x6F, 0xE0, 0x02, 0xFF, 0xD3, 0xFF, 0xFF, 0xF6, 0xF4,
    0x7F, 0xFF, 0xF4, 0x7D, 0x02, 0xFF, 0xE0, 0x0F, 0x40, 0x00, 0x00, 0x07, 0xF0, 0x00, 0x00, 0x00,
    0x00, 0x0F, 0xF4, 0x00, 0x00, 0x00, 0x00, 0x0F, 0xF8, 0x00, 0x00, 0x00, 0x00, 0x2F, 0xFC, 0x00,
    0x00, 0x00, 0x00, 0x3F, 0x7D, 0x00, 0x00, 0x00, 0x00, 0x7E, 0x3F, 0x00, 0x00, 0x00, 0x00, 0xFD,
    0x3F, 0x00, 0x00, 0x00, 0x00, 0xFC, 0x1F, 0x80, 0x00, 0x00, 0x02, 0xF8, 0x0F, 0xC0, 0x00, 0x00,
    0x03, 0xF0, 0x0B, 0xD0, 0x00, 0x00, 0x07, 0xF0, 0x07, 0xF0, 0x00, 0x00, 0x0B, 0xD0, 0x03, 0xF0,
    0x00, 0x00, 0x0F, 0xC0, 0x02, 0xF8, 0x00, 0x00, 0x2F, 0x80, 0x00, 0xFC, 0x00, 0x00, 0x3F, 0x40,
    0x00, 0xFD, 0x00, 0x00, 0x7F, 0xFF, 0xFF, 0xFE, 0x00, 0x00, 0xBF, 0xFF, 0xFF, 0xFF, 0x00, 0x00,
    0xFF, 0xFF, 0xFF, 0xFF, 0x40, 0x01, 0xF8, 0x00, 0x00, 0x1F, 0xC0, 0x03, 0xF4, 0x00, 0x00, 0x0F,
    0xC0, 0x03, 0xF0, 0x00, 0x00, 0x0B, 0xE0, 0x0B, 0xE0, 0x00, 0x00, 0x03, 0xF0, 0x0F, 0xD0, 0x00,
    0x00, 0x03, 0xF4, 0x1F, 0xC0, 0x00, 0x00, 0x01, 0xF8, 0x3F, 0x80, 0x00, 0x00, 0x00, 0xFC, 0x3F,
    0x00, 0x00, 0x00, 0x00, 0xBD, 0xBF, 0x00, 0x00, 0x00, 0x00, 0x7F, 0x00, 0x00, 0x00, 0x00, 0x00,
    0xB8, 0x00, 0x00, 0x00, 0x00, 0x02, 0xF0, 0x00, 0x00, 0x00, 0x00, 0x07, 0xD0, 0x00, 0x00, 0x00,
    0x00, 0x0B, 0xC0, 0x00, 0x00, 0x00, 0x00, 0x0F, 0xC0, 0x00, 0x00, 0x00, 0x00, 0x0F, 0xD0, 0x00,
    0x00, 0x00, 0x00, 0x0F, 0xFF, 0x00, 0x00, 0x00, 0x00, 0x07, 0xFF, 0x00, 0x00, 0x00, 0x00, 0x01,
    0xBE, 0x00, 0x1B, 0xFF, 0x80, 0x01, 0xFF, 0xFF, 0xFD, 0x00, 0xBF, 0xFF, 0xFF, 0xD0, 0x0E, 0x40,
    0x07, 0xFC, 0x00, 0x00, 0x00, 0xBF, 0x00, 0x00, 0x00, 0x0F, 0xD0, 0x00, 0x00, 0x03, 0xF4, 0x00,
    0x00, 0x00, 0xFD, 0x00, 0x1A, 0xFF, 0xFF, 0x40, 0xBF, 0xFF, 0xFF, 0xD1, 0xFF, 0xFF, 0xFF, 0xF4,
    0xFF, 0x90, 0x00, 0xFD, 0xBF, 0x40, 0x00, 0x3F, 0x7F, 0x80, 0x00, 0x0F, 0xDF, 0xD0, 0x00, 0x03,
    0xF7, 0xF4, 0x00, 0x02, 0xFD, 0xFE, 0x00, 0x01, 0xFF, 0x6F, 0xE0, 0x02, 0xFF, 0xD3, 0xFF, 0xFF,
    0xF6, 0xF4, 0x3F, 0xFF, 0xF4, 0x7D, 0x01, 0xFF, 0xE0, 0x0F, 0x40, 0x00, 0x00, 0x0F, 0x80, 0x00,
    0x00, 0x0F, 0xC0, 0x00, 0x00, 0x07, 0xC0, 0x00, 0x00, 0x03, 0xF0, 0x00, 0x00, 0x00, 0xFC, 0x00,
    0x00, 0x00, 0x3F, 0xFC, 0x00, 0x00, 0x07, 0xFF, 0x00, 0x00, 0x00, 0xBF, 0x80, 0x00, 0x00, 0x00,
    0x1A, 0x80, 0x00, 0x00, 0x00, 0x0F, 0xF0, 0x00, 0x00, 0x00, 0x0F, 0xF0, 0x00, 0x00, 0x00, 0x07,
    0xF0, 0x00, 0x00, 0x00, 0x03, 0xF0, 0x00, 0x00, 0x00, 0x03, 0xF0, 0x00, 0x00, 0x00, 0x00, 0xA0,
    0x00, 0x00, 0x00, 0x00, 0x00, 0x00, 0x00, 0x00, 0x00, 0x00, 0x00, 0x00, 0x00, 0x00, 0x00, 0x00,
    0x00, 0x00, 0x00, 0x06, 0xFF, 0xF9, 0x00, 0x00, 0x2F, 0xFF, 0xFF, 0xF8, 0x00, 0x7F, 0xFF, 0xFF,
    0xFE, 0x00, 0x7F, 0xE4, 0x00, 0x1F, 0x00, 0x7F, 0xD0, 0x00, 0x00, 0x00, 0x3F, 0xC0, 0x00, 0x00,
    0x00, 0x2F, 0xD0, 0x00, 0x00, 0x00, 0x0F, 0xE0, 0x00, 0x00, 0x00, 0x07, 0xF4, 0x00, 0x00, 0x00,
    0x02, 0xFC, 0x00, 0x00, 0x00, 0x00, 0xFE, 0x00, 0x00, 0x00, 0x00, 0x3F, 0x80, 0x00, 0x00, 0x00,
    0x0F, 0xD0, 0x00, 0x00, 0x00, 0x03, 0xF4, 0x00, 0x00, 0x00, 0x00, 0xFD, 0x00, 0x00, 0x00, 0x00,
    0x3F, 0x80, 0x00, 0x00, 0x00, 0x0F, 0xE0, 0x00, 0x00, 0x00, 0x02, 0xFC, 0x00, 0x00, 0x00, 0x00,
    0x7F, 0x00, 0x00, 0x00, 0x00, 0x0F, 0xE0, 0x00, 0x00, 0x00, 0x02, 0xFC, 0x00, 0x00, 0x00, 0x00,
    0x3F, 0xC0, 0x00, 0x00, 0x00, 0x0B, 0xFC, 0x00, 0x00, 0x00, 0x00, 0xFF, 0xE0, 0x00, 0x06, 0x00,
    0x0B, 0xFF, 0xFF, 0xFF, 0xC0, 0x00, 0x7F, 0xFF, 0xFF, 0xF0, 0x00, 0x01, 0xBF, 0xFF, 0x90, 0x00,
    0x00, 0x00, 0x0F, 0xF0, 0x00, 0x00, 0xBF, 0x80, 0x00, 0x03, 0xF8, 0x00, 0x00, 0x2F, 0xC0, 0x00,
    0x01, 0xFC, 0x00, 0x00, 0x0F, 0xC0, 0x00, 0x00, 0x24, 0x00, 0x00, 0x00, 0x00, 0x00, 0x00, 0x00,
    0x00, 0x00, 0x00, 0x6F, 0xFE, 0x40, 0x0F, 0xFF, 0xFF, 0x81, 0xFF, 0xFF, 0xFD, 0x0F, 0xF4, 0x00,
    0x60, 0xBF, 0x00, 0x00, 0x03, 0xF4, 0x00, 0x00, 0x2F, 0xC0, 0x00, 0x00, 0xBE, 0x00, 0x00, 0x03,
    0xF8, 0x00, 0x00, 0x0F, 0xD0, 0x00, 0x00, 0x3F, 0x40, 0x00, 0x00, 0xFD, 0x00, 0x00, 0x03, 0xF8,
    0x00, 0x00, 0x0F, 0xE0, 0x00, 0x00, 0x2F, 0xC0, 0x00, 0x00, 0x3F, 0x40, 0x00, 0x00, 0xFF, 0x00,
    0x00, 0x00, 0xFF, 0x40, 0x06, 0x41, 0xFF, 0xFF, 0xFE, 0x01, 0xFF, 0xFF, 0xF4, 0x00, 0x6F, 0xFE,
    0x40, 0x00, 0x00, 0x06, 0x90, 0x00, 0x00, 0x00, 0x0B, 0xFC, 0x00, 0x00, 0x00, 0x07, 0xFF, 0xC0,
    0x00, 0x00, 0x03, 0xF7, 0xF8, 0x00, 0x00, 0x03, 0xF4, 0x3F, 0x80, 0x00, 0x03, 0xF0, 0x02, 0xF8,
    0x00, 0x01, 0x90, 0x00, 0x1A, 0x00, 0x00, 0x00, 0x00, 0x00, 0x00, 0x00, 0x00, 0x00, 0x00, 0x00,
    0x00, 0x00, 0x00, 0x00, 0x00, 0x00, 0x00, 0x06, 0xFF, 0xF9, 0x00, 0x00, 0x2F, 0xFF, 0xFF, 0xF8,
    0x00, 0x7F, 0xFF, 0xFF, 0xFE, 0x00, 0x7F, 0xE4, 0x00, 0x1F, 0x00, 0x7F, 0xD0, 0x00, 0x00, 0x00,
    0x3F, 0xC0, 0x00, 0x00, 0x00, 0x2F, 0xD0, 0x00, 0x00, 0x00, 0x0F, 0xE0, 0x00, 0x00, 0x00, 0x07,
    0xF4, 0x00, 0x00, 0x00, 0x02, 0xFC, 0x00, 0x00, 0x00, 0x00, 0xFE, 0x00, 0x00, 0x00, 0x00, 0x3F,
    0x80, 0x00, 0x00, 0x00, 0x0F, 0xD0, 0x00, 0x00, 0x00, 0x03, 0xF4, 0x00, 0x00, 0x00, 0x00, 0xFD,
    0x00, 0x00, 0x00, 0x00, 0x3F, 0x80, 0x00, 0x00, 0x00, 0x0F, 0xE0, 0x00, 0x00, 0x00, 0x02, 0xFC,
    0x00, 0x00, 0x00, 0x00, 0x7F, 0x00, 0x00, 0x00, 0x00, 0x0F, 0xE0, 0x00, 0x00, 0x00, 0x02, 0xFC,
    0x00, 0x00, 0x00, 0x00, 0x3F, 0xC0, 0x00, 0x00, 0x00, 0x0B, 0xFC, 0x00, 0x00, 0x00, 0x00, 0xFF,
    0xE0, 0x00, 0x06, 0x00, 0x0B, 0xFF, 0xFF, 0xFF, 0xC0, 0x00, 0x7F, 0xFF, 0xFF, 0xF0, 0x00, 0x01,
    0xBF, 0xFF, 0x90, 0x00, 0x00, 0x07, 0xF8, 0x00, 0x00, 0x0F, 0xFD, 0x00, 0x00, 0x3F, 0xFF, 0x00,
    0x00, 0xBF, 0x2F, 0xC0, 0x01, 0xFC, 0x0B, 0xE0, 0x07, 0xE0, 0x02, 0xF8, 0x06, 0x40, 0x00, 0x68,
    0x00, 0x00, 0x00, 0x00, 0x00, 0x00, 0x00, 0x00, 0x00, 0x1B, 0xFF, 0x90, 0x00, 0xFF, 0xFF, 0xF8,
    0x07, 0xFF, 0xFF, 0xF4, 0x0F, 0xF4, 0x00, 0x60, 0x2F, 0xC0, 0x00, 0x00, 0x3F, 0x40, 0x00, 0x00,
    0xBF, 0x00, 0x00, 0x00, 0xBE, 0x00, 0x00, 0x00, 0xFE, 0x00, 0x00, 0x00, 0xFD, 0x00, 0x00, 0x00,
    0xFD, 0x00, 0x00, 0x00, 0xFD, 0x00, 0x00, 0x00, 0xFE, 0x00, 0x00, 0x00, 0xFE, 0x00, 0x00, 0x00,
    0xBF, 0x00, 0x00, 0x00, 0x3F, 0x40, 0x00, 0x00, 0x3F, 0xC0, 0x00, 0x00, 0x0F, 0xF4, 0x00, 0x64,
    0x07, 0xFF, 0xFF, 0xF8, 0x01, 0xFF, 0xFF, 0xF4, 0x00, 0x1B, 0xFF, 0x90, 0x00, 0x00, 0x07, 0xC0,
    0x00, 0x00, 0x00, 0x03, 0xF4, 0x00, 0x00, 0x00, 0x00, 0xFD, 0x00, 0x00, 0x00, 0x00, 0x1E, 0x00,
    0x00, 0x00, 0x00, 0x00, 0x00, 0x00, 0x00, 0x00, 0x00, 0x00, 0x00, 0x00, 0x00, 0x00, 0x00, 0x00,
    0x00, 0x00, 0x00, 0x00, 0x00, 0x00, 0x00, 0x00, 0x6F, 0xFF, 0x90, 0x00, 0x02, 0xFF, 0xFF, 0xFF,
    0x80, 0x07, 0xFF, 0xFF, 0xFF, 0xE0, 0x07, 0xFE, 0x40, 0x01, 0xF0, 0x07, 0xFD, 0x00, 0x00, 0x00,
    0x03, 0xFC, 0x00, 0x00, 0x00, 0x02, 0xFD, 0x00, 0x00, 0x00, 0x00, 0xFE, 0x00, 0x00, 0x00, 0x00,
    0x7F, 0x40, 0x00, 0x00, 0x00, 0x2F, 0xC0, 0x00, 0x00, 0x00, 0x0F, 0xE0, 0x00, 0x00, 0x00, 0x03,
    0xF8, 0x00, 0x00, 0x00, 0x00, 0xFD, 0x00, 0x00, 0x00, 0x00, 0x3F, 0x40, 0x00, 0x00, 0x00, 0x0F,
    0xD0, 0x00, 0x00, 0x00, 0x03, 0xF8, 0x00, 0x00, 0x00, 0x00, 0xFE, 0x00, 0x00, 0x00, 0x00, 0x2F,
    0xC0, 0x00, 0x00, 0x00, 0x07, 0xF0, 0x00, 0x00, 0x00, 0x00, 0xFE, 0x00, 0x00, 0x00, 0x00, 0x2F,
    0xC0, 0x00, 0x00, 0x00, 0x03, 0xFC, 0x00, 0x00, 0x00, 0x00, 0xBF, 0xC0, 0x00, 0x00, 0x00, 0x0F,
    0xFE, 0x00, 0x00, 0x60, 0x00, 0xBF, 0xFF, 0xFF, 0xFC, 0x00, 0x07, 0xFF, 0xFF, 0xFF, 0x00, 0x00,
    0x1B, 0xFF, 0xF9, 0x00, 0x00, 0x01, 0xF0, 0x00, 0x00, 0x0F, 0xD0, 0x00, 0x00, 0x3F, 0x40, 0x00,
    0x00, 0x7C, 0x00, 0x00, 0x00, 0x00, 0x00, 0x00, 0x00, 0x00, 0x00, 0x00, 0x00, 0x00, 0x00, 0x00,
    0x00, 0x00, 0x00, 0x1B, 0xFF, 0x90, 0x03, 0xFF, 0xFF, 0xE0, 0x7F, 0xFF, 0xFF, 0x43, 0xFD, 0x00,
    0x18, 0x2F, 0xC0, 0x00, 0x00, 0xFD, 0x00, 0x00, 0x0B, 0xF0, 0x00, 0x00, 0x2F, 0x80, 0x00, 0x00,
    0xFE, 0x00, 0x00, 0x03, 0xF4, 0x00, 0x00, 0x0F, 0xD0, 0x00, 0x00, 0x3F, 0x40, 0x00, 0x00, 0xFE,
    0x00, 0x00, 0x03, 0xF8, 0x00, 0x00, 0x0B, 0xF0, 0x00, 0x00, 0x0F, 0xD0, 0x00, 0x00, 0x3F, 0xC0,
    0x00, 0x00, 0x3F, 0xD0, 0x01, 0x90, 0x7F, 0xFF, 0xFF, 0x80, 0x7F, 0xFF, 0xFD, 0x00, 0x1B, 0xFF,
    0x90, 0x00, 0x19, 0x00, 0x01, 0xA0, 0x00, 0x03, 0xF0, 0x02, 0xF8, 0x00, 0x00, 0x3F, 0x42, 0xF8,
    0x00, 0x00, 0x03, 0xF7, 0xF8, 0x00, 0x00, 0x00, 0x7F, 0xFC, 0x00, 0x00, 0x00, 0x0B, 0xFC, 0x00,
    0x00, 0x00, 0x00, 0x69, 0x00, 0x00, 0x00, 0x00, 0x00, 0x00, 0x00, 0x00, 0x00, 0x00, 0x00, 0x00,
    0x00, 0x00, 0x00, 0x00, 0x00, 0x00, 0x00, 0x06, 0xFF, 0xF9, 0x00, 0x00, 0x2F, 0xFF, 0xFF, 0xF8,
    0x00, 0x7F, 0xFF, 0xFF, 0xFE, 0x00, 0x7F, 0xE4, 0x00, 0x1F, 0x00, 0x7F, 0xD0, 0x00, 0x00, 0x00,
    0x3F, 0xC0, 0x00, 0x00, 0x00, 0x2F, 0xD0, 0x00, 0x00, 0x00, 0x0F, 0xE0, 0x00, 0x00, 0x00, 0x07,
    0xF4, 0x00, 0x00, 0x00, 0x02, 0xFC, 0x00, 0x00, 0x00, 0x00, 0xFE, 0x00, 0x00, 0x00, 0x00, 0x3F,
    0x80, 0x00, 0x00, 0x00, 0x0F, 0xD0, 0x00, 0x00, 0x00, 0x03, 0xF4, 0x00, 0x00, 0x00, 0x00, 0xFD,
    0x00, 0x00, 0x00, 0x00, 0x3F, 0x80, 0x00, 0x00, 0x00, 0x0F, 0xE0, 0x00, 0x00, 0x00, 0x02, 0xFC,
    0x00, 0x00, 0x00, 0x00, 0x7F, 0x00, 0x00, 0x00, 0x00, 0x0F, 0xE0, 0x00, 0x00, 0x00, 0x02, 0xFC,
    0x00, 0x00, 0x00, 0x00, 0x3F, 0xC0, 0x00, 0x00, 0x00, 0x0B, 0xFC, 0x00, 0x00, 0x00, 0x00, 0xFF,
    0xE0, 0x00, 0x06, 0x00, 0x0B, 0xFF, 0xFF, 0xFF, 0xC0, 0x00, 0x7F, 0xFF, 0xFF, 0xF0, 0x00, 0x01,
    0xBF, 0xFF, 0x90, 0x00, 0x0B, 0xD0, 0x00, 0xFC, 0x03, 0xF4, 0x03, 0xF0, 0x00, 0xFD, 0x1F, 0xD0,
    0x00, 0x3F, 0xBF, 0x40, 0x00, 0x1F, 0xFE, 0x00, 0x00, 0x0B, 0xFC, 0x00, 0x00, 0x02, 0xA0, 0x00,
    0x00, 0x00, 0x00, 0x00, 0x00, 0x00, 0x00, 0x00, 0x00, 0x1B, 0xFF, 0x90, 0x00, 0xFF, 0xFF, 0xF8,
    0x07, 0xFF, 0xFF, 0xF4, 0x0F, 0xF4, 0x00, 0x60, 0x2F, 0xC0, 0x00, 0x00, 0x3F, 0x40, 0x00, 0x00,
    0xBF, 0x00, 0x00, 0x00, 0xBE, 0x00, 0x00, 0x00, 0xFE, 0x00, 0x00, 0x00, 0xFD, 0x00, 0x00, 0x00,
    0xFD, 0x00, 0x00, 0x00, 0xFD, 0x00, 0x00, 0x00, 0xFE, 0x00, 0x00, 0x00, 0xFE, 0x00, 0x00, 0x00,
    0xBF, 0x00, 0x00, 0x00, 0x3F, 0x40, 0x00, 0x00, 0x3F, 0xC0, 0x00, 0x00, 0x0F, 0xF4, 0x00, 0x64,
    0x07, 0xFF, 0xFF, 0xF8, 0x01, 0xFF, 0xFF, 0xF4, 0x00, 0x1B, 0xFF, 0x90, 0x00, 0x90, 0x00, 0x0A,
    0x00, 0x00, 0x0F, 0xC0, 0x07, 0xF0, 0x00, 0x00, 0x3F, 0x41, 0xFC, 0x00, 0x00, 0x01, 0xFD, 0x7F,
    0x00, 0x00, 0x00, 0x07, 0xFF, 0xD0, 0x00, 0x00, 0x00, 0x2F, 0xF8, 0x00, 0x00, 0x00, 0x00, 0xFF,
    0x00, 0x00, 0x00, 0x00, 0x00, 0x00, 0x00, 0x00, 0x00, 0x00, 0x00, 0x00, 0x00, 0x00, 0x00, 0x00,
    0x00, 0x00, 0x00, 0xFF, 0xFF, 0xFE, 0x40, 0x00, 0x0F, 0xFF, 0xFF, 0xFF, 0xD0, 0x00, 0xFF, 0xFF,
    0xFF, 0xFF, 0x80, 0x0F, 0xD0, 0x00, 0x1B, 0xFF, 0x00, 0xFD, 0x00, 0x00, 0x0B, 0xFC, 0x0F, 0xD0,
    0x00, 0x00, 0x2F, 0xE0, 0xFD, 0x00, 0x00, 0x00, 0xBF, 0x0F, 0xD0, 0x00, 0x00, 0x03, 0xF4, 0xFD,
    0x00, 0x00, 0x00, 0x2F, 0xCF, 0xD0, 0x00, 0x00, 0x01, 0xFC, 0xFD, 0x00, 0x00, 0x00, 0x0F, 0xCF,
    0xD0, 0x00, 0x00, 0x00, 0xFD, 0xFD, 0x00, 0x00, 0x00, 0x0F, 0xDF, 0xD0, 0x00, 0x00, 0x00, 0xFD,
    0xFD, 0x00, 0x00, 0x00, 0x0F, 0xDF, 0xD0, 0x00, 0x00, 0x00, 0xFD, 0xFD, 0x00, 0x00, 0x00, 0x1F,
    0xCF, 0xD0, 0x00, 0x00, 0x02, 0xFC, 0xFD, 0x00, 0x00, 0x00, 0x3F, 0x8F, 0xD0, 0x00, 0x00, 0x07,
    0xF4, 0xFD, 0x00, 0x00, 0x00, 0xFF, 0x0F, 0xD0, 0x00, 0x00, 0x3F, 0xD0, 0xFD, 0x00, 0x00, 0x0F,
    0xF8, 0x0F, 0xD0, 0x00, 0x1F, 0xFE, 0x00, 0xFF, 0xFF, 0xFF, 0xFF, 0x80, 0x0F, 0xFF, 0xFF, 0xFF,
    0x80, 0x00, 0xFF, 0xFF, 0xFE, 0x40, 0x00, 0x00, 0x00, 0x00, 0x00, 0x07, 0xF0, 0x7F, 0x00, 0x00,
    0x00, 0x07, 0xF0, 0xBE, 0x00, 0x00, 0x00, 0x07, 0xF0, 0xFC, 0x00, 0x00, 0x00, 0x07, 0xF0, 0xF8,
    0x00, 0x00, 0x00, 0x07, 0xF1, 0xF0, 0x00, 0x00, 0x00, 0x07, 0xF2, 0xE0, 0x00, 0x00, 0x00, 0x07,
    0xF0, 0x00, 0x00, 0x00, 0x00, 0x07, 0xF0, 0x00, 0x00, 0x2F, 0xFD, 0x07, 0xF0, 0x00, 0x01, 0xFF,
    0xFF, 0xC7, 0xF0, 0x00, 0x0B, 0xFF, 0xFF, 0xF7, 0xF0, 0x00, 0x1F, 0xF4, 0x01, 0xFF, 0xF0, 0x00,
    0x3F, 0xC0, 0x00, 0x3F, 0xF0, 0x00, 0x7F, 0x40, 0x00, 0x1F, 0xF0, 0x00, 0xBF, 0x00, 0x00, 0x0F,
    0xF0, 0x00, 0xFE, 0x00, 0x00, 0x0B, 0xF0, 0x00, 0xFE, 0x00, 0x00, 0x0B, 0xF0, 0x00, 0xFD, 0x00,
    0x00, 0x07, 0xF0, 0x00, 0xFD, 0x00, 0x00, 0x07, 0xF0, 0x00, 0xFD, 0x00, 0x00, 0x07, 0xF0, 0x00,
    0xFE, 0x00, 0x00, 0x07, 0xF0, 0x00, 0xFE, 0x00, 0x00, 0x0B, 0xF0, 0x00, 0xBF, 0x00, 0x00, 0x0F,
    0xF0, 0x00, 0x7F, 0x40, 0x00, 0x0F, 0xF0, 0x00, 0x3F, 0xC0, 0x00, 0x3F, 0xF0, 0x00, 0x1F, 0xF4,
    0x01, 0xFF, 0xF0, 0x00, 0x0B, 0xFF, 0xFF, 0xF7, 0xF0, 0x00, 0x02, 0xFF, 0xFF, 0xC3, 0xF0, 0x00,
    0x00, 0x2F, 0xF9, 0x03, 0xF0, 0x00, 0x07, 0xFF, 0xFF, 0xF9, 0x00, 0x00, 0x07, 0xFF, 0xFF, 0xFF,
    0xE0, 0x00, 0x07, 0xFF, 0xFF, 0xFF, 0xFD, 0x00, 0x07, 0xF0, 0x00, 0x07, 0xFF, 0x40, 0x07, 0xF0,
    0x00, 0x00, 0x7F, 0xD0, 0x07, 0xF0, 0x00, 0x00, 0x0F, 0xF0, 0x07, 0xF0, 0x00, 0x00, 0x03, 0xF8,
    0x07, 0xF0, 0x00, 0x00, 0x02, 0xFC, 0x07, 0xF0, 0x00, 0x00, 0x00, 0xFD, 0x07, 0xF0, 0x00, 0x00,
    0x00, 0xFE, 0x07, 0xF0, 0x00, 0x00, 0x00, 0xBF, 0x07, 0xF0, 0x00, 0x00, 0x00, 0xBF, 0xFF, 0xFF,
    0xFF, 0xC0, 0x00, 0x7F, 0xFF, 0xFF, 0xFF, 0xC0, 0x00, 0x7F, 0xFF, 0xFF, 0xFF, 0xC0, 0x00, 0x7F,
    0x07, 0xF0, 0x00, 0x00, 0x00, 0xBF, 0x07, 0xF0, 0x00, 0x00, 0x00, 0xBE, 0x07, 0xF0, 0x00, 0x00,
    0x00, 0xFE, 0x07, 0xF0, 0x00, 0x00, 0x01, 0xFD, 0x07, 0xF0, 0x00, 0x00, 0x02, 0xFC, 0x07, 0xF0,
    0x00, 0x00, 0x07, 0xF4, 0x07, 0xF0, 0x00, 0x00, 0x1F, 0xF0, 0x07, 0xF0, 0x00, 0x00, 0xBF, 0xC0,
    0x07, 0xF0, 0x00, 0x1B, 0xFF, 0x40, 0x07, 0xFF, 0xFF, 0xFF, 0xFC, 0x00, 0x07, 0xFF, 0xFF, 0xFF,
    0xD0, 0x00, 0x07, 0xFF, 0xFF, 0xE4, 0x00, 0x00, 0x00, 0x00, 0x00, 0x07, 0xF0, 0x00, 0x00, 0x00,
    0x01, 0xFC, 0x00, 0x00, 0x00, 0x00, 0x7F, 0x00, 0x00, 0x0F, 0xFF, 0xFF, 0xFF, 0x00, 0x03, 0xFF,
    0xFF, 0xFF, 0xC0, 0x00, 0xFF, 0xFF, 0xFF, 0xF0, 0x00, 0x00, 0x00, 0x7F, 0x00, 0x00, 0x00, 0x00,
    0x1F, 0xC0, 0x00, 0x2F, 0xF9, 0x07, 0xF0, 0x00, 0x7F, 0xFF, 0xF1, 0xFC, 0x00, 0xBF, 0xFF, 0xFF,
    0x7F, 0x00, 0x7F, 0xD0, 0x07, 0xFF, 0xC0, 0x3F, 0xC0, 0x00, 0x3F, 0xF0, 0x1F, 0xD0, 0x00, 0x07,
    0xFC, 0x0B, 0xF0, 0x00, 0x00, 0xFF, 0x03, 0xF8, 0x00, 0x00, 0x2F, 0xC0, 0xFE, 0x00, 0x00, 0x0B,
    0xF0, 0x3F, 0x40, 0x00, 0x01, 0xFC, 0x0F, 0xD0, 0x00, 0x00, 0x7F, 0x03, 0xF4, 0x00, 0x00, 0x1F,
    0xC0, 0xFE, 0x00, 0x00, 0x07, 0xF0, 0x3F, 0x80, 0x00, 0x02, 0xFC, 0x0B, 0xF0, 0x00, 0x00, 0xFF,
    0x01, 0xFD, 0x00, 0x00, 0x3F, 0xC0, 0x3F, 0xC0, 0x00, 0x3F, 0xF0, 0x07, 0xFD, 0x00, 0x7F, 0xFC,
    0x00, 0xBF, 0xFF, 0xFF, 0x7F, 0x00, 0x0B, 0xFF, 0xFF, 0x0F, 0xC0, 0x00, 0x2F, 0xF9, 0x03, 0xF0,
    0x00, 0x0F, 0xFF, 0xFF, 0xC0, 0x3F, 0xFF, 0xFF, 0x00, 0xFF, 0xFF, 0xFC, 0x00, 0x00, 0x00, 0x00,
    0x00, 0x00, 0x00, 0x00, 0x00, 0x00, 0x00, 0x0F, 0xFF, 0xFF, 0xFF, 0xFF, 0xFF, 0xFF, 0xFF, 0xFF,
    0xFF, 0xFF, 0xFF, 0xF4, 0x00, 0x00, 0x0F, 0xD0, 0x00, 0x00, 0x3F, 0x40, 0x00, 0x00, 0xFD, 0x00,
    0x00, 0x03, 0xF4, 0x00, 0x00, 0x0F, 0xD0, 0x00, 0x00, 0x3F, 0x40, 0x00, 0x00, 0xFD, 0x00, 0x00,
    0x03, 0xFF, 0xFF, 0xFF, 0xDF, 0xFF, 0xFF, 0xFF, 0xBF, 0xFF, 0xFF, 0xFE, 0xFD, 0x00, 0x00, 0x03,
    0xF4, 0x00, 0x00, 0x0F, 0xD0, 0x00, 0x00, 0x3F, 0x40, 0x00, 0x00, 0xFD, 0x00, 0x00, 0x03, 0xF4,
    0x00, 0x00, 0x0F, 0xD0, 0x00, 0x00, 0x3F, 0x40, 0x00, 0x00, 0xFD, 0x00, 0x00, 0x03, 0xF4, 0x00,
    0x00, 0x0F, 0xFF, 0xFF, 0xFF, 0xFF, 0xFF, 0xFF, 0xFF, 0xFF, 0xFF, 0xFF, 0xFC, 0x03, 0xFF, 0xFF,
    0xF0, 0x00, 0xFF, 0xFF, 0xFC, 0x00, 0x3F, 0xFF, 0xFF, 0x00, 0x00, 0x00, 0x00, 0x00, 0x00, 0x00,
    0x00, 0x00, 0x00, 0x00, 0x00, 0x00, 0x00, 0x01, 0xBF, 0xE0, 0x00, 0x03, 0xFF, 0xFF, 0x80, 0x07,
    0xFF, 0xFF, 0xFC, 0x03, 0xFD, 0x00, 0xBF, 0x82, 0xFC, 0x00, 0x07, 0xF0, 0xFC, 0x00, 0x00, 0xFD,
    0x7F, 0x00, 0x00, 0x2F, 0xAF, 0x80, 0x00, 0x07, 0xFF, 0xFF, 0xFF, 0xFF, 0xFF, 0xFF, 0xFF, 0xFF,
    0xFF, 0xFF, 0xFF, 0xFF, 0xFF, 0xFF, 0x40, 0x00, 0x00, 0x0F, 0xE0, 0x00, 0x00, 0x02, 0xF8, 0x00,
    0x00, 0x00, 0xBF, 0x00, 0x00, 0x00, 0x0F, 0xD0, 0x00, 0x00, 0x02, 0xFD, 0x00, 0x00, 0x00, 0x3F,
    0xE0, 0x00, 0x6C, 0x07, 0xFF, 0xFF, 0xFF, 0x00, 0x3F, 0xFF, 0xFF, 0xC0, 0x01, 0xBF, 0xFE, 0x40,
    0x06, 0x00, 0x00, 0x90, 0x3D, 0x00, 0x0B, 0x80, 0xBD, 0x00, 0xBD, 0x00, 0xFF, 0xFF, 0xF0, 0x01,
    0xFF, 0xFE, 0x00, 0x00, 0xAF, 0x90, 0x00, 0x00, 0x00, 0x00, 0x00, 0x00, 0x00, 0x00, 0x00, 0x00,
    0x00, 0x03, 0xFF, 0xFF, 0xFF, 0xFF, 0xFF, 0xFF, 0xFF, 0xFF, 0xFF, 0xFF, 0xFF, 0xFD, 0x00, 0x00,
    0x03, 0xF4, 0x00, 0x00, 0x0F, 0xD0, 0x00, 0x00, 0x3F, 0x40, 0x00, 0x00, 0xFD, 0x00, 0x00, 0x03,
    0xF4, 0x00, 0x00, 0x0F, 0xD0, 0x00, 0x00, 0x3F, 0x40, 0x00, 0x00, 0xFF, 0xFF, 0xFF, 0xF7, 0xFF,
    0xFF, 0xFF, 0xEF, 0xFF, 0xFF, 0xFF, 0xBF, 0x40, 0x00, 0x00, 0xFD, 0x00, 0x00, 0x03, 0xF4, 0x00,
    0x00, 0x0F, 0xD0, 0x00, 0x00, 0x3F, 0x40, 0x00, 0x00, 0xFD, 0x00, 0x00, 0x03, 0xF4, 0x00, 0x00,
    0x0F, 0xD0, 0x00, 0x00, 0x3F, 0x40, 0x00, 0x00, 0xFD, 0x00, 0x00, 0x03, 0xFF, 0xFF, 0xFF, 0xFF,
    0xFF, 0xFF, 0xFF, 0xFF, 0xFF, 0xFF, 0xFF, 0x03, 0xC0, 0x00, 0xF0, 0x00, 0xF4, 0x00, 0xBC, 0x00,
    0x2F, 0xFF, 0xFE, 0x00, 0x03, 0xFF, 0xFE, 0x00, 0x00, 0x1F, 0xF9, 0x00, 0x00, 0x00, 0x00, 0x00,
    0x00, 0x00, 0x00, 0x00, 0x00, 0x00, 0x00, 0x00, 0x00, 0x00, 0x1B, 0xFE, 0x00, 0x00, 0x3F, 0xFF,
    0xF8, 0x00, 0x7F, 0xFF, 0xFF, 0xC0, 0x3F, 0xD0, 0x0B, 0xF8, 0x2F, 0xC0, 0x00, 0x7F, 0x0F, 0xC0,
    0x00, 0x0F, 0xD7, 0xF0, 0x00, 0x02, 0xFA, 0xF8, 0x00, 0x00, 0x7F, 0xFF, 0xAA, 0xAA, 0xBF, 0xFF,
    0xFF, 0xFF, 0xFF, 0xFF, 0xFF, 0xFF, 0xFF, 0xFF, 0xF4, 0x00, 0x00, 0x00, 0xFE, 0x00, 0x00, 0x00,
    0x2F, 0x80, 0x00, 0x00, 0x0B, 0xF0, 0x00, 0x00, 0x00, 0xFD, 0x00, 0x00, 0x00, 0x2F, 0xD0, 0x00,
    0x00, 0x03, 0xFE, 0x00, 0x06, 0xC0, 0x3F, 0xFF, 0xFF, 0xF0, 0x03, 0xFF, 0xFF, 0xFC, 0x00, 0x0B,
    0xFF, 0xE4, 0x00, 0x00, 0x07, 0xC0, 0x00, 0x00, 0x3F, 0x40, 0x00, 0x00, 0xFD, 0x00, 0x00, 0x01,
    0xE0, 0x00, 0x00, 0x00, 0x00, 0x00, 0x00, 0x00, 0x00, 0x00, 0x00, 0x00, 0x00, 0x00, 0x00, 0x00,
    0x00, 0xFF, 0xFF, 0xFF, 0xFF, 0xFF, 0xFF, 0xFF, 0xFF, 0xFF, 0xFF, 0xFF, 0xFF, 0x40, 0x00, 0x00,
    0xFD, 0x00, 0x00, 0x03, 0xF4, 0x00, 0x00, 0x0F, 0xD0, 0x00, 0x00, 0x3F, 0x40, 0x00, 0x00, 0xFD,
    0x00, 0x00, 0x03, 0xF4, 0x00, 0x00, 0x0F, 0xD0, 0x00, 0x00, 0x3F, 0xFF, 0xFF, 0xFD, 0xFF, 0xFF,
    0xFF, 0xFB, 0xFF, 0xFF, 0xFF, 0xEF, 0xD0, 0x00, 0x00, 0x3F, 0x40, 0x00, 0x00, 0xFD, 0x00, 0x00,
    0x03, 0xF4, 0x00, 0x00, 0x0F, 0xD0, 0x00, 0x00, 0x3F, 0x40, 0x00, 0x00, 0xFD, 0x00, 0x00, 0x03,
    0xF4, 0x00, 0x00, 0x0F, 0xD0, 0x00, 0x00, 0x3F, 0x40, 0x00, 0x00, 0xFF, 0xFF, 0xFF, 0xFF, 0xFF,
    0xFF, 0xFF, 0xFF, 0xFF, 0xFF, 0xFF, 0xC0, 0x00, 0x01, 0xF0, 0x00, 0x00, 0x00, 0xFD, 0x00, 0x00,
    0x00, 0x3F, 0x40, 0x00, 0x00, 0x07, 0x80, 0x00, 0x00, 0x00, 0x00, 0x00, 0x00, 0x00, 0x00, 0x00,
    0x00, 0x00, 0x00, 0x00, 0x00, 0x00, 0x00, 0x00, 0x00, 0x00, 0x1B, 0xFE, 0x00, 0x00, 0x3F, 0xFF,
    0xF8, 0x00, 0x7F, 0xFF, 0xFF, 0xC0, 0x3F, 0xD0, 0x0B, 0xF8, 0x2F, 0xC0, 0x00, 0x7F, 0x0F, 0xC0,
    0x00, 0x0F, 0xD7, 0xF0, 0x00, 0x02, 0xFA, 0xF8, 0x00, 0x00, 0x7F, 0xFF, 0xFF, 0xFF, 0xFF, 0xFF,
    0xFF, 0xFF, 0xFF, 0xFF, 0xFF, 0xFF, 0xFF, 0xFF, 0xF4, 0x00, 0x00, 0x00, 0xFE, 0x00, 0x00, 0x00,
    0x2F, 0x80, 0x00, 0x00, 0x0B, 0xF0, 0x00, 0x00, 0x00, 0xFD, 0x00, 0x00, 0x00, 0x2F, 0xD0, 0x00,
    0x00, 0x03, 0xFE, 0x00, 0x06, 0xC0, 0x3F, 0xFF, 0xFF, 0xF0, 0x03, 0xFF, 0xFF, 0xFC, 0x00, 0x0B,
    0xFF, 0xE4, 0x00, 0xFF, 0xFF, 0xFF, 0xFF, 0xFF, 0xFF, 0xFF, 0xFF, 0xFF, 0xFF, 0xFF, 0xFF, 0x40,
    0x00, 0x00, 0xFD, 0x00, 0x00, 0x03, 0xF4, 0x00, 0x00, 0x0F, 0xD0, 0x00, 0x00, 0x3F, 0x40, 0x00,
    0x00, 0xFD, 0x00, 0x00, 0x03, 0xF4, 0x00, 0x00, 0x0F, 0xD0, 0x00, 0x00, 0x3F, 0xFF, 0xFF, 0xFD,
    0xFF, 0xFF, 0xFF, 0xFB, 0xFF, 0xFF, 0xFF, 0xEF, 0xD0, 0x00, 0x00, 0x3F, 0x40, 0x00, 0x00, 0xFD,
    0x00, 0x00, 0x03, 0xF4, 0x00, 0x00, 0x0F, 0xD0, 0x00, 0x00, 0x3F, 0x40, 0x00, 0x00, 0xFD, 0x00,
    0x00, 0x03, 0xF4, 0x00, 0x00, 0x0F, 0xD0, 0x00, 0x00, 0x3F, 0x40, 0x00, 0x00, 0xFF, 0xFF, 0xFF,
    0xFF, 0xFF, 0xFF, 0xFF, 0xFF, 0xFF, 0xFF, 0xFF, 0xC0, 0x00, 0x01, 0xF4, 0x00, 0x00, 0x1F, 0x40,
    0x00, 0x00, 0xF8, 0x00, 0x00, 0x0B, 0xC0, 0x00, 0x00, 0x3F, 0x00, 0x00, 0x00, 0xFE, 0x00, 0x00,
    0x02, 0xFF, 0xF0, 0x00, 0x03, 0xFF, 0xC0, 0x00, 0x02, 0xFA, 0x00, 0x1B, 0xFE, 0x00, 0x00, 0x3F,
    0xFF, 0xF8, 0x00, 0x7F, 0xFF, 0xFF, 0xC0, 0x3F, 0xD0, 0x0B, 0xF8, 0x2F, 0xC0, 0x00, 0x7F, 0x0F,
    0xC0, 0x00, 0x0F, 0xD7, 0xF0, 0x00, 0x02, 0xFA, 0xF8, 0x00, 0x00, 0x7F, 0xFF, 0xFF, 0xFF, 0xFF,
    0xFF, 0xFF, 0xFF, 0xFF, 0xFF, 0xFF, 0xFF, 0xFF, 0xFF, 0xF4, 0x00, 0x00, 0x00, 0xFE, 0x00, 0x00,
    0x00, 0x2F, 0x80, 0x00, 0x00, 0x0B, 0xF0, 0x00, 0x00, 0x00, 0xFD, 0x00, 0x00, 0x00, 0x2F, 0xD0,
    0x00, 0x00, 0x03, 0xFE, 0x00, 0x06, 0xC0, 0x3F, 0xFF, 0xFF, 0xF0, 0x03, 0xFF, 0xFF, 0xFC, 0x00,
    0x0B, 0xFF, 0xFD, 0x00, 0x00, 0x00, 0x7D, 0x00, 0x00, 0x00, 0x3D, 0x00, 0x00, 0x00, 0x2F, 0x00,
    0x00, 0x00, 0x0F, 0xC0, 0x00, 0x00, 0x03, 0xF0, 0x00, 0x00, 0x00, 0xFF, 0xF0, 0x00, 0x00, 0x1F,
    0xFC, 0x00, 0x00, 0x01, 0xFE, 0x00, 0x19, 0x00, 0x00, 0xA0, 0x3F, 0x00, 0x1F, 0xC0, 0x7F, 0x01,
    0xFC, 0x00, 0x7F, 0x1F, 0xC0, 0x00, 0xBF, 0xFD, 0x00, 0x00, 0xFF, 0xD0, 0x00, 0x00, 0xFF, 0x00,
    0x00, 0x00, 0x00, 0x00, 0x00, 0x00, 0x00, 0x00, 0x00, 0x00, 0x00, 0x0F, 0xFF, 0xFF, 0xFF, 0xFF,
    0xFF, 0xFF, 0xFF, 0xFF, 0xFF, 0xFF, 0xFF, 0xF4, 0x00, 0x00, 0x0F, 0xD0, 0x00, 0x00, 0x3F, 0x40,
    0x00, 0x00, 0xFD, 0x00, 0x00, 0x03, 0xF4, 0x00, 0x00, 0x0F, 0xD0, 0x00, 0x00, 0x3F, 0x40, 0x00,
    0x00, 0xFD, 0x00, 0x00, 0x03, 0xFF, 0xFF, 0xFF, 0xDF, 0xFF, 0xFF, 0xFF, 0xBF, 0xFF, 0xFF, 0xFE,
    0xFD, 0x00, 0x00, 0x03, 0xF4, 0x00, 0x00, 0x0F, 0xD0, 0x00, 0x00, 0x3F, 0x40, 0x00, 0x00, 0xFD,
    0x00, 0x00, 0x03, 0xF4, 0x00, 0x00, 0x0F, 0xD0, 0x00, 0x00, 0x3F, 0x40, 0x00, 0x00, 0xFD, 0x00,
    0x00, 0x03, 0xF4, 0x00, 0x00, 0x0F, 0xFF, 0xFF, 0xFF, 0xFF, 0xFF, 0xFF, 0xFF, 0xFF, 0xFF, 0xFF,
    0xFC, 0x0B, 0xC0, 0x00, 0xF8, 0x00, 0xFD, 0x01, 0xFC, 0x00, 0x0F, 0xD1, 0xFC, 0x00, 0x01, 0xFE,
    0xFD, 0x00, 0x00, 0x1F, 0xFD, 0x00, 0x00, 0x03, 0xFE, 0x00, 0x00, 0x00, 0x2A, 0x00, 0x00, 0x00,
    0x00, 0x00, 0x00, 0x00, 0x00, 0x00, 0x00, 0x00, 0x06, 0xFF, 0x80, 0x00, 0x0F, 0xFF, 0xFE, 0x00,
    0x1F, 0xFF, 0xFF, 0xF0, 0x0F, 0xF4, 0x02, 0xFE, 0x0B, 0xF0, 0x00, 0x1F, 0xC3, 0xF0, 0x00, 0x03,
    0xF5, 0xFC, 0x00, 0x00, 0xBE, 0xBE, 0x00, 0x00, 0x1F, 0xFF, 0xEA, 0xAA, 0xAF, 0xFF, 0xFF, 0xFF,
    0xFF, 0xFF, 0xFF, 0xFF, 0xFF, 0xFF, 0xFD, 0x00, 0x00, 0x00, 0x3F, 0x80, 0x00, 0x00, 0x0B, 0xE0,
    0x00, 0x00, 0x02, 0xFC, 0x00, 0x00, 0x00, 0x3F, 0x40, 0x00, 0x00, 0x0B, 0xF4, 0x00, 0x00, 0x00,
    0xFF, 0x80, 0x01, 0xB0, 0x0F, 0xFF, 0xFF, 0xFC, 0x00, 0xFF, 0xFF, 0xFF, 0x00, 0x02, 0xFF, 0xF9,
    0x00, 0x00, 0x00, 0x01, 0xA4, 0x00, 0x00, 0x00, 0x00, 0x1F, 0xF4, 0x00, 0x00, 0x00, 0x01, 0xFF,
    0xF0, 0x00, 0x00, 0x00, 0x0F, 0xDB, 0xF0, 0x00, 0x00, 0x00, 0xFD, 0x0B, 0xF0, 0x00, 0x00, 0x0F,
    0xD0, 0x07, 0xE0, 0x00, 0x00, 0x24, 0x00, 0x02, 0x80, 0x00, 0x00, 0x00, 0x00, 0x00, 0x00, 0x00,
    0x00, 0x00, 0x00, 0x00, 0x00, 0x00, 0x00, 0x00, 0x00, 0x00, 0x00, 0x00, 0x01, 0xBF, 0xFE, 0x90,
    0x00, 0x01, 0xFF, 0xFF, 0xFF, 0xF8, 0x00, 0x3F, 0xFF, 0xFF, 0xFF, 0xE0, 0x03, 0xFF, 0x80, 0x00,
    0x1F, 0x00, 0x3F, 0xE0, 0x00, 0x00, 0x00, 0x03, 0xFD, 0x00, 0x00, 0x00, 0x00, 0x1F, 0xD0, 0x00,
    0x00, 0x00, 0x00, 0xFF, 0x00, 0x00, 0x00, 0x00, 0x07, 0xF4, 0x00, 0x00, 0x00, 0x00, 0x2F, 0xC0,
    0x00, 0x00, 0x00, 0x00, 0xFE, 0x00, 0x00, 0x00, 0x00, 0x03, 0xF8, 0x00, 0x00, 0x00, 0x00, 0x0F,
    0xD0, 0x00, 0x03, 0xFF, 0xFF, 0x7F, 0x40, 0x00, 0x0F, 0xFF, 0xFD, 0xFD, 0x00, 0x00, 0x3F, 0xFF,
    0xF7, 0xF8, 0x00, 0x00, 0x00, 0x0F, 0xDF, 0xE0, 0x00, 0x00, 0x00, 0x3F, 0x6F, 0xC0, 0x00, 0x00,
    0x00, 0xFD, 0x7F, 0x00, 0x00, 0x00, 0x03, 0xF4, 0xFE, 0x00, 0x00, 0x00, 0x0F, 0xD2, 0xFD, 0x00,
    0x00, 0x00, 0x3F, 0x43, 0xFC, 0x00, 0x00, 0x00, 0xFD, 0x07, 0xFD, 0x00, 0x00, 0x03, 0xF4, 0x0B,
    0xFF, 0x40, 0x00, 0x1F, 0xD0, 0x07, 0xFF, 0xFF, 0xFF, 0xFF, 0x40, 0x02, 0xFF, 0xFF, 0xFF, 0xFD,
    0x00, 0x00, 0x6F, 0xFF, 0xE9, 0x00, 0x00, 0x01, 0xA4, 0x00, 0x00, 0x00, 0x7F, 0xD0, 0x00, 0x00,
    0x0F, 0xFF, 0x00, 0x00, 0x03, 0xFA, 0xFC, 0x00, 0x00, 0xFE, 0x0B, 0xF0, 0x00, 0x2F, 0x40, 0x1F,
    0xC0, 0x02, 0x80, 0x00, 0x18, 0x00, 0x00, 0x00, 0x00, 0x00, 0x00, 0x00, 0x00, 0x00, 0x00, 0x02,
    0xFF, 0x90, 0x3F, 0x01, 0xFF, 0xFF, 0xC3, 0xF0, 0xBF, 0xFF, 0xFF, 0x7F, 0x1F, 0xF4, 0x01, 0xFF,
    0xF3, 0xFC, 0x00, 0x03, 0xFF, 0x3F, 0x40, 0x00, 0x1F, 0xFB, 0xF0, 0x00, 0x00, 0xFF, 0xBE, 0x00,
    0x00, 0x0B, 0xFF, 0xE0, 0x00, 0x00, 0xBF, 0xFD, 0x00, 0x00, 0x07, 0xFF, 0xD0, 0x00, 0x00, 0x7F,
    0xFD, 0x00, 0x00, 0x07, 0xFF, 0xE0, 0x00, 0x00, 0x7F, 0xFE, 0x00, 0x00, 0x0B, 0xFB, 0xF0, 0x00,
    0x00, 0xFF, 0x7F, 0x40, 0x00, 0x0F, 0xF3, 0xFC, 0x00, 0x03, 0xFF, 0x1F, 0xF4, 0x01, 0xFF, 0xF0,
    0xBF, 0xFF, 0xFF, 0xBF, 0x02, 0xFF, 0xFF, 0xC7, 0xF0, 0x02, 0xFF, 0x90, 0x7F, 0x00, 0x00, 0x00,
    0x07, 0xF0, 0x00, 0x00, 0x00, 0xBF, 0x00, 0x00, 0x00, 0x0B, 0xF0, 0x00, 0x00, 0x00, 0xFE, 0x00,
    0x00, 0x00, 0x3F, 0xC1, 0xE4, 0x00, 0x1F, 0xF8, 0x1F, 0xFF, 0xFF, 0xFF, 0x01, 0xFF, 0xFF, 0xFF,
    0x80, 0x01, 0xBF, 0xFF, 0x80, 0x00, 0x00, 0x01, 0x80, 0x00, 0x24, 0x00, 0x00, 0x0F, 0x40, 0x02,
    0xE0, 0x00, 0x00, 0x2F, 0x40, 0x2F, 0x40, 0x00, 0x00, 0x3F, 0xFF, 0xFC, 0x00, 0x00, 0x00, 0x7F,
    0xFF, 0xC0, 0x00, 0x00, 0x00, 0x2B, 0xE4, 0x00, 0x00, 0x00, 0x00, 0x00, 0x00, 0x00, 0x00, 0x00,
    0x00, 0x00, 0x00, 0x00, 0x00, 0x00, 0x00, 0x00, 0x00, 0x00, 0x00, 0x00, 0x6F, 0xFF, 0xA4, 0x00,
    0x00, 0x7F, 0xFF, 0xFF, 0xFE, 0x00, 0x0F, 0xFF, 0xFF, 0xFF, 0xF8, 0x00, 0xFF, 0xE0, 0x00, 0x07,
    0xC0, 0x0F, 0xF8, 0x00, 0x00, 0x00, 0x00, 0xFF, 0x40, 0x00, 0x00, 0x00, 0x07, 0xF4, 0x00, 0x00,
    0x00, 0x00, 0x3F, 0xC0, 0x00, 0x00, 0x00, 0x01, 0xFD, 0x00, 0x00, 0x00, 0x00, 0x0B, 0xF0, 0x00,
    0x00, 0x00, 0x00, 0x3F, 0x80, 0x00, 0x00, 0x00, 0x00, 0xFE, 0x00, 0x00, 0x00, 0x00, 0x03, 0xF4,
    0x00, 0x00, 0xFF, 0xFF, 0xDF, 0xD0, 0x00, 0x03, 0xFF, 0xFF, 0x7F, 0x40, 0x00, 0x0F, 0xFF, 0xFD,
    0xFE, 0x00, 0x00, 0x00, 0x03, 0xF7, 0xF8, 0x00, 0x00, 0x00, 0x0F, 0xDB, 0xF0, 0x00, 0x00, 0x00,
    0x3F, 0x5F, 0xC0, 0x00, 0x00, 0x00, 0xFD, 0x3F, 0x80, 0x00, 0x00, 0x03, 0xF4, 0xBF, 0x40, 0x00,
    0x00, 0x0F, 0xD0, 0xFF, 0x00, 0x00, 0x00, 0x3F, 0x41, 0xFF, 0x40, 0x00, 0x00, 0xFD, 0x02, 0xFF,
    0xD0, 0x00, 0x07, 0xF4, 0x01, 0xFF, 0xFF, 0xFF, 0xFF, 0xD0, 0x00, 0xBF, 0xFF, 0xFF, 0xFF, 0x40,
    0x00, 0x1B, 0xFF, 0xFA, 0x40, 0x02, 0xD0, 0x00, 0x7C, 0x00, 0x2E, 0x00, 0x0B, 0x80, 0x01, 0xF4,
    0x02, 0xF4, 0x00, 0x0F, 0xFF, 0xFE, 0x00, 0x00, 0x3F, 0xFF, 0x80, 0x00, 0x00, 0x6F, 0x90, 0x00,
    0x00, 0x00, 0x00, 0x00, 0x00, 0x00, 0x00, 0x00, 0x00, 0x00, 0x2F, 0xF9, 0x03, 0xF0, 0x1F, 0xFF,
    0xFC, 0x3F, 0x0B, 0xFF, 0xFF, 0xF7, 0xF1, 0xFF, 0x40, 0x1F, 0xFF, 0x3F, 0xC0, 0x00, 0x3F, 0xF3,
    0xF4, 0x00, 0x01, 0xFF, 0xBF, 0x00, 0x00, 0x0F, 0xFB, 0xE0, 0x00, 0x00, 0xBF, 0xFE, 0x00, 0x00,
    0x0B, 0xFF, 0xD0, 0x00, 0x00, 0x7F, 0xFD, 0x00, 0x00, 0x07, 0xFF, 0xD0, 0x00, 0x00, 0x7F, 0xFE,
    0x00, 0x00, 0x07, 0xFF, 0xE0, 0x00, 0x00, 0xBF, 0xBF, 0x00, 0x00, 0x0F, 0xF7, 0xF4, 0x00, 0x00,
    0xFF, 0x3F, 0xC0, 0x00, 0x2F, 0xF1, 0xFF, 0x40, 0x0F, 0xFF, 0x0B, 0xFF, 0xFF, 0xFB, 0xF0, 0x2F,
    0xFF, 0xFC, 0x7F, 0x00, 0x2F, 0xF9, 0x07, 0xF0, 0x00, 0x00, 0x00, 0x7F, 0x00, 0x00, 0x00, 0x0B,
    0xF0, 0x00, 0x00, 0x00, 0xBF, 0x00, 0x00, 0x00, 0x0F, 0xE0, 0x00, 0x00, 0x03, 0xFC, 0x1E, 0x40,
    0x01, 0xFF, 0x81, 0xFF, 0xFF, 0xFF, 0xF0, 0x1F, 0xFF, 0xFF, 0xF8, 0x00, 0x1B, 0xFF, 0xF8, 0x00,
    0x00, 0x00, 0x01, 0xF0, 0x00, 0x00, 0x00, 0x00, 0x0F, 0xD0, 0x00, 0x00, 0x00, 0x00, 0x3F, 0x40,
    0x00, 0x00, 0x00, 0x00, 0x78, 0x00, 0x00, 0x00, 0x00, 0x00, 0x00, 0x00, 0x00, 0x00, 0x00, 0x00,
    0x00, 0x00, 0x00, 0x00, 0x00, 0x00, 0x00, 0x00, 0x00, 0x00, 0x00, 0x00, 0x00, 0x00, 0x00, 0x00,
    0x1B, 0xFF, 0xE9, 0x00, 0x00, 0x1F, 0xFF, 0xFF, 0xFF, 0x80, 0x03, 0xFF, 0xFF, 0xFF, 0xFE, 0x00,
    0x3F, 0xF8, 0x00, 0x01, 0xF0, 0x03, 0xFE, 0x00, 0x00, 0x00, 0x00, 0x3F, 0xD0, 0x00, 0x00, 0x00,
    0x01, 0xFD, 0x00, 0x00, 0x00, 0x00, 0x0F, 0xF0, 0x00, 0x00, 0x00, 0x00, 0x7F, 0x40, 0x00, 0x00,
    0x00, 0x02, 0xFC, 0x00, 0x00, 0x00, 0x00, 0x0F, 0xE0, 0x00, 0x00, 0x00, 0x00, 0x3F, 0x80, 0x00,
    0x00, 0x00, 0x00, 0xFD, 0x00, 0x00, 0x3F, 0xFF, 0xF7, 0xF4, 0x00, 0x01, 0xFF, 0xFF, 0xDF, 0xD0,
    0x00, 0x07, 0xFF, 0xFF, 0x7F, 0x80, 0x00, 0x00, 0x00, 0xFD, 0xFE, 0x00, 0x00, 0x00, 0x03, 0xF6,
    0xFC, 0x00, 0x00, 0x00, 0x0F, 0xD7, 0xF0, 0x00, 0x00, 0x00, 0x3F, 0x4F, 0xE0, 0x00, 0x00, 0x00,
    0xFD, 0x2F, 0xD0, 0x00, 0x00, 0x03, 0xF4, 0x3F, 0xC0, 0x00, 0x00, 0x0F, 0xD0, 0x7F, 0xD0, 0x00,
    0x00, 0x3F, 0x40, 0xBF, 0xF4, 0x00, 0x01, 0xFD, 0x00, 0x7F, 0xFF, 0xFF, 0xFF, 0xF4, 0x00, 0x2F,
    0xFF, 0xFF, 0xFF, 0xD0, 0x00, 0x06, 0xFF, 0xFE, 0x90, 0x00, 0x00, 0x00, 0xF4, 0x00, 0x00, 0x00,
    0x1F, 0xC0, 0x00, 0x00, 0x01, 0xFC, 0x00, 0x00, 0x00, 0x0F, 0x40, 0x00, 0x00, 0x00, 0x00, 0x00,
    0x00, 0x00, 0x00, 0x00, 0x00, 0x00, 0x00, 0x00, 0x00, 0x00, 0x00, 0x00, 0x00, 0x00, 0x00, 0x2F,
    0xF9, 0x03, 0xF0, 0x1F, 0xFF, 0xFC, 0x3F, 0x0B, 0xFF, 0xFF, 0xF7, 0xF1, 0xFF, 0x40, 0x1F, 0xFF,
    0x3F, 0xC0, 0x00, 0x3F, 0xF3, 0xF4, 0x00, 0x01, 0xFF, 0xBF, 0x00, 0x00, 0x0F, 0xFB, 0xE0, 0x00,
    0x00, 0xBF, 0xFE, 0x00, 0x00, 0x0B, 0xFF, 0xD0, 0x00, 0x00, 0x7F, 0xFD, 0x00, 0x00, 0x07, 0xFF,
    0xD0, 0x00, 0x00, 0x7F, 0xFE, 0x00, 0x00, 0x07, 0xFF, 0xE0, 0x00, 0x00, 0xBF, 0xBF, 0x00, 0x00,
    0x0F, 0xF7, 0xF4, 0x00, 0x00, 0xFF, 0x3F, 0xC0, 0x00, 0x3F, 0xF1, 0xFF, 0x40, 0x1F, 0xFF, 0x0B,
    0xFF, 0xFF, 0xFB, 0xF0, 0x2F, 0xFF, 0xFC, 0x7F, 0x00, 0x2F, 0xF9, 0x07, 0xF0, 0x00, 0x00, 0x00,
    0x7F, 0x00, 0x00, 0x00, 0x0B, 0xF0, 0x00, 0x00, 0x00, 0xBF, 0x00, 0x00, 0x00, 0x0F, 0xE0, 0x00,
    0x00, 0x03, 0xFC, 0x1E, 0x40, 0x01, 0xFF, 0x81, 0xFF, 0xFF, 0xFF, 0xF0, 0x1F, 0xFF, 0xFF, 0xF8,
    0x00, 0x1B, 0xFF, 0xF8, 0x00, 0x00, 0x00, 0x1B, 0xFF, 0xE9, 0x00, 0x00, 0x1F, 0xFF, 0xFF, 0xFF,
    0x80, 0x03, 0xFF, 0xFF, 0xFF, 0xFE, 0x00, 0x3F, 0xF8, 0x00, 0x01, 0xF0, 0x03, 0xFE, 0x00, 0x00,
    0x00, 0x00, 0x3F, 0xD0, 0x00, 0x00, 0x00, 0x01, 0xFD, 0x00, 0x00, 0x00, 0x00, 0x0F, 0xF0, 0x00,
    0x00, 0x00, 0x00, 0x7F, 0x40, 0x00, 0x00, 0x00, 0x02, 0xFC, 0x00, 0x00, 0x00, 0x00, 0x0F, 0xE0,
    0x00, 0x00, 0x00, 0x00, 0x3F, 0x80, 0x00, 0x00, 0x00, 0x00, 0xFD, 0x00, 0x00, 0x3F, 0xFF, 0xF7,
    0xF4, 0x00, 0x00, 0xFF, 0xFF, 0xDF, 0xD0, 0x00, 0x03, 0xFF, 0xFF, 0x7F, 0x80, 0x00, 0x00, 0x00,
    0xFD, 0xFE, 0x00, 0x00, 0x00, 0x03, 0xF6, 0xFC, 0x00, 0x00, 0x00, 0x0F, 0xD7, 0xF0, 0x00, 0x00,
    0x00, 0x3F, 0x4F, 0xE0, 0x00, 0x00, 0x00, 0xFD, 0x2F, 0xD0, 0x00, 0x00, 0x03, 0xF4, 0x3F, 0xC0,
    0x00, 0x00, 0x0F, 0xD0, 0x7F, 0xD0, 0x00, 0x00, 0x3F, 0x40, 0xBF, 0xF4, 0x00, 0x01, 0xFD, 0x00,
    0x7F, 0xFF, 0xFF, 0xFF, 0xF4, 0x00, 0x2F, 0xFF, 0xFF, 0xFF, 0xD0, 0x00, 0x06, 0xFF, 0xFE, 0x90,
    0x00, 0x00, 0x00, 0x00, 0x00, 0x00, 0x00, 0x00, 0x00, 0x00, 0x00, 0x00, 0x00, 0x00, 0x03, 0xF0,
    0x00, 0x00, 0x00, 0x00, 0x1F, 0xC0, 0x00, 0x00, 0x00, 0x00, 0xBD, 0x00, 0x00, 0x00, 0x00, 0x03,
    0xF0, 0x00, 0x00, 0x00, 0x00, 0x0F, 0x40, 0x00, 0x00, 0x00, 0x00, 0xB8, 0x00, 0x00, 0x00, 0x00,
    0x00, 0x2D, 0x00, 0x00, 0x00, 0x07, 0xC0, 0x00, 0x00, 0x00, 0xFC, 0x00, 0x00, 0x00, 0x1F, 0x80,
    0x00, 0x00, 0x03, 0xF4, 0x00, 0x00, 0x00, 0x3F, 0x00, 0x00, 0x00, 0x00, 0x00, 0x00, 0x00, 0x00,
    0x00, 0x00, 0x00, 0x00, 0x00, 0x00, 0x00, 0x00, 0x02, 0xFF, 0x90, 0x3F, 0x01, 0xFF, 0xFF, 0xC3,
    0xF0, 0xBF, 0xFF, 0xFF, 0x7F, 0x1F, 0xF4, 0x01, 0xFF, 0xF3, 0xFC, 0x00, 0x03, 0xFF, 0x3F, 0x40,
    0x00, 0x1F, 0xFB, 0xF0, 0x00, 0x00, 0xFF, 0xBE, 0x00, 0x00, 0x0B, 0xFF, 0xE0, 0x00, 0x00, 0xBF,
    0xFD, 0x00, 0x00, 0x07, 0xFF, 0xD0, 0x00, 0x00, 0x7F, 0xFD, 0x00, 0x00, 0x07, 0xFF, 0xE0, 0x00,
    0x00, 0x7F, 0xFE, 0x00, 0x00, 0x0B, 0xFB, 0xF0, 0x00, 0x00, 0xFF, 0x7F, 0x40, 0x00, 0x0F, 0xF3,
    0xFC, 0x00, 0x03, 0xFF, 0x1F, 0xF4, 0x01, 0xFF, 0xF0, 0xBF, 0xFF, 0xFF, 0xBF, 0x02, 0xFF, 0xFF,
    0xC7, 0xF0, 0x02, 0xFF, 0x90, 0x7F, 0x00, 0x00, 0x00, 0x07, 0xF0, 0x00, 0x00, 0x00, 0xBF, 0x00,
    0x00, 0x00, 0x0B, 0xF0, 0x00, 0x00, 0x00, 0xFE, 0x00, 0x00, 0x00, 0x3F, 0xC1, 0xE4, 0x00, 0x1F,
    0xF8, 0x1F, 0xFF, 0xFF, 0xFF, 0x01, 0xFF, 0xFF, 0xFF, 0x80, 0x01, 0xBF, 0xFF, 0x80, 0x00, 0x00,
    0x00, 0x69, 0x00, 0x00, 0x00, 0x00, 0x3F, 0xD0, 0x00, 0x00, 0x00, 0x3F, 0xFC, 0x00, 0x00, 0x00,
    0x2F, 0xEF, 0xC0, 0x00, 0x00, 0x1F, 0xC2, 0xF8, 0x00, 0x00, 0x0F, 0xC0, 0x2F, 0x80, 0x00, 0x0F,
    0xC0, 0x01, 0xF4, 0x00, 0x00, 0x00, 0x00, 0x00, 0x00, 0x00, 0x00, 0x00, 0x00, 0x00, 0x00, 0x00,
    0x00, 0x00, 0x00, 0x0F, 0xD0, 0x00, 0x00, 0x03, 0xF7, 0xF4, 0x00, 0x00, 0x00, 0xFD, 0xFD, 0x00,
    0x00, 0x00, 0x3F, 0x7F, 0x40, 0x00, 0x00, 0x0F, 0xDF, 0xD0, 0x00, 0x00, 0x03, 0xF7, 0xF4, 0x00,
    0x00, 0x00, 0xFD, 0xFD, 0x00, 0x00, 0x00, 0x3F, 0x7F, 0x40, 0x00, 0x00, 0x0F, 0xDF, 0xD0, 0x00,
    0x00, 0x03, 0xF7, 0xF4, 0x00, 0x00, 0x00, 0xFD, 0xFD, 0x00, 0x00, 0x00, 0x3F, 0x7F, 0xFF, 0xFF,
    0xFF, 0xFF, 0xDF, 0xFF, 0xFF, 0xFF, 0xFF, 0xF7, 0xFF, 0xFF, 0xFF, 0xFF, 0xFD, 0xFD, 0x00, 0x00,
    0x00, 0x3F, 0x7F, 0x40, 0x00, 0x00, 0x0F, 0xDF, 0xD0, 0x00, 0x00, 0x03, 0xF7, 0xF4, 0x00, 0x00,
    0x00, 0xFD, 0xFD, 0x00, 0x00, 0x00, 0x3F, 0x7F, 0x40, 0x00, 0x00, 0x0F, 0xDF, 0xD0, 0x00, 0x00,
    0x03, 0xF7, 0xF4, 0x00, 0x00, 0x00, 0xFD, 0xFD, 0x00, 0x00, 0x00, 0x3F, 0x7F, 0x40, 0x00, 0x00,
    0x0F, 0xDF, 0xD0, 0x00, 0x00, 0x03, 0xF7, 0xF4, 0x00, 0x00, 0x00, 0xFD, 0xFD, 0x00, 0x00, 0x00,
    0x3F, 0x40, 0x00, 0x7F, 0x80, 0x00, 0x00, 0x00, 0x0F, 0xFD, 0x00, 0x00, 0x00, 0x03, 0xFF, 0xF4,
    0x00, 0x00, 0x00, 0xBE, 0x1F, 0xC0, 0x00, 0x00, 0x2F, 0x80, 0x7F, 0x00, 0x00, 0x07, 0xD0, 0x00,
    0xFC, 0x00, 0x00, 0x00, 0x00, 0x00, 0x00, 0x00, 0x00, 0x00, 0x00, 0x00, 0x00, 0x00, 0x00, 0x00,
    0x00, 0x00, 0x00, 0x00, 0x03, 0xF4, 0x00, 0x00, 0x00, 0x00, 0x3F, 0x40, 0x00, 0x00, 0x00, 0x03,
    0xF4, 0x00, 0x00, 0x00, 0x00, 0x3F, 0x40, 0x00, 0x00, 0x00, 0x03, 0xF4, 0x00, 0x00, 0x00, 0x00,
    0x3F, 0x40, 0x00, 0x00, 0x00, 0x03, 0xF4, 0x00, 0x00, 0x00, 0x00, 0x3F, 0x40, 0x00, 0x00, 0x00,
    0x03, 0xF4, 0x1B, 0xFE, 0x40, 0x00, 0x3F, 0x4F, 0xFF, 0xFE, 0x00, 0x03, 0xF7, 0xFF, 0xFF, 0xF8,
    0x00, 0x3F, 0xFD, 0x00, 0x7F, 0xD0, 0x03, 0xFF, 0x00, 0x00, 0xFE, 0x00, 0x3F, 0xD0, 0x00, 0x0B,
    0xF0, 0x03, 0xFC, 0x00, 0x00, 0x7F, 0x00, 0x3F, 0x80, 0x00, 0x07, 0xF0, 0x03, 0xF8, 0x00, 0x00,
    0x7F, 0x00, 0x3F, 0x40, 0x00, 0x07, 0xF0, 0x03, 0xF4, 0x00, 0x00, 0x7F, 0x00, 0x3F, 0x40, 0x00,
    0x07, 0xF0, 0x03, 0xF4, 0x00, 0x00, 0x7F, 0x00, 0x3F, 0x40, 0x00, 0x07, 0xF0, 0x03, 0xF4, 0x00,
    0x00, 0x7F, 0x00, 0x3F, 0x40, 0x00, 0x07, 0xF0, 0x03, 0xF4, 0x00, 0x00, 0x7F, 0x00, 0x3F, 0x40,
    0x00, 0x07, 0xF0, 0x03, 0xF4, 0x00, 0x00, 0x7F, 0x00, 0x3F, 0x40, 0x00, 0x07, 0xF0, 0x03, 0xF4,
    0x00, 0x00, 0x7F, 0x01, 0xFC, 0x00, 0x00, 0x00, 0x7F, 0x00, 0x01, 0xFC, 0x00, 0x00, 0x00, 0x7F,
    0x00, 0x01, 0xFC, 0x00, 0x00, 0x00, 0x7F, 0x00, 0x01, 0xFC, 0x00, 0x00, 0x00, 0x7F, 0x00, 0xFF,
    0xFF, 0xFF, 0xFF, 0xFF, 0xFF, 0xFF, 0xFF, 0xFF, 0xFF, 0xFF, 0xFF, 0xFF, 0xFF, 0xFF, 0xFF, 0xFF,
    0xFF, 0xFF, 0xFF, 0xFF, 0x01, 0xFC, 0x00, 0x00, 0x00, 0x7F, 0x00, 0x01, 0xFC, 0x00, 0x00, 0x00,
    0x7F, 0x00, 0x01, 0xFC, 0x00, 0x00, 0x00, 0x7F, 0x00, 0x01, 0xFC, 0x00, 0x00, 0x00, 0x7F, 0x00,
    0x01, 0xFF, 0xFF, 0xFF, 0xFF, 0xFF, 0x00, 0x01, 0xFF, 0xFF, 0xFF, 0xFF, 0xFF, 0x00, 0x01, 0xFF,
    0xFF, 0xFF, 0xFF, 0xFF, 0x00, 0x01, 0xFC, 0x00, 0x00, 0x00, 0x7F, 0x00, 0x01, 0xFC, 0x00, 0x00,
    0x00, 0x7F, 0x00, 0x01, 0xFC, 0x00, 0x00, 0x00, 0x7F, 0x00, 0x01, 0xFC, 0x00, 0x00, 0x00, 0x7F,
    0x00, 0x01, 0xFC, 0x00, 0x00, 0x00, 0x7F, 0x00, 0x01, 0xFC, 0x00, 0x00, 0x00, 0x7F, 0x00, 0x01,
    0xFC, 0x00, 0x00, 0x00, 0x7F, 0x00, 0x01, 0xFC, 0x00, 0x00, 0x00, 0x7F, 0x00, 0x01, 0xFC, 0x00,
    0x00, 0x00, 0x7F, 0x00, 0x01, 0xFC, 0x00, 0x00, 0x00, 0x7F, 0x00, 0x01, 0xFC, 0x00, 0x00, 0x00,
    0x7F, 0x00, 0x01, 0xFC, 0x00, 0x00, 0x00, 0x7F, 0x00, 0x01, 0xFC, 0x00, 0x00, 0x00, 0x7F, 0x00,
    0x07, 0xF0, 0x00, 0x00, 0x00, 0x07, 0xF0, 0x00, 0x00, 0x00, 0x07, 0xF0, 0x00, 0x00, 0x00, 0xFF,
    0xFF, 0xFF, 0xF0, 0x00, 0xFF, 0xFF, 0xFF, 0xF0, 0x00, 0xFF, 0xFF, 0xFF, 0xF0, 0x00, 0x07, 0xF0,
    0x00, 0x00, 0x00, 0x07, 0xF0, 0x00, 0x00, 0x00, 0x07, 0xF0, 0x1F, 0xFE, 0x00, 0x07, 0xF1, 0xFF,
    0xFF, 0xE0, 0x07, 0xF7, 0xFF, 0xFF, 0xF8, 0x07, 0xFF, 0x80, 0x07, 0xFC, 0x07, 0xFE, 0x00, 0x00,
    0xFE, 0x07, 0xFC, 0x00, 0x00, 0xFF, 0x07, 0xF8, 0x00, 0x00, 0xBF, 0x07, 0xF4, 0x00, 0x00, 0x7F,
    0x07, 0xF0, 0x00, 0x00, 0x7F, 0x07, 0xF0, 0x00, 0x00, 0x7F, 0x07, 0xF0, 0x00, 0x00, 0x7F, 0x07,
    0xF0, 0x00, 0x00, 0x7F, 0x07, 0xF0, 0x00, 0x00, 0x7F, 0x07, 0xF0, 0x00, 0x00, 0x7F, 0x07, 0xF0,
    0x00, 0x00, 0x7F, 0x07, 0xF0, 0x00, 0x00, 0x7F, 0x07, 0xF0, 0x00, 0x00, 0x7F, 0x07, 0xF0, 0x00,
    0x00, 0x7F, 0x07, 0xF0, 0x00, 0x00, 0x7F, 0x07, 0xF0, 0x00, 0x00, 0x7F, 0x07, 0xF0, 0x00, 0x00,
    0x7F, 0x0B, 0xE4, 0x00, 0xF0, 0xBF, 0xFC, 0x07, 0xC7, 0xFF, 0xFF, 0xFD, 0x2E, 0x02, 0xFF, 0xF0,
    0xF0, 0x00, 0xBE, 0x00, 0x00, 0x00, 0x00, 0x00, 0x00, 0x00, 0x00, 0x00, 0x00, 0x00, 0x00, 0x0F,
    0xFF, 0xFF, 0x00, 0x3F, 0xFF, 0xFC, 0x00, 0x1B, 0xFD, 0x40, 0x00, 0x0F, 0xD0, 0x00, 0x00, 0x3F,
    0x40, 0x00, 0x00, 0xFD, 0x00, 0x00, 0x03, 0xF4, 0x00, 0x00, 0x0F, 0xD0, 0x00, 0x00, 0x3F, 0x40,
    0x00, 0x00, 0xFD, 0x00, 0x00, 0x03, 0xF4, 0x00, 0x00, 0x0F, 0xD0, 0x00, 0x00, 0x3F, 0x40, 0x00,
    0x00, 0xFD, 0x00, 0x00, 0x03, 0xF4, 0x00, 0x00, 0x0F, 0xD0, 0x00, 0x00, 0x3F, 0x40, 0x00, 0x00,
    0xFD, 0x00, 0x00, 0x03, 0xF4, 0x00, 0x00, 0x0F, 0xD0, 0x00, 0x00, 0x3F, 0x40, 0x00, 0x00, 0xFD,
    0x00, 0x00, 0x03, 0xF4, 0x00, 0x00, 0x0F, 0xD0, 0x00, 0x01, 0xBF, 0xD4, 0x00, 0x3F, 0xFF, 0xFC,
    0x00, 0xFF, 0xFF, 0xF0, 0x00, 0x02, 0xF8, 0x00, 0x78, 0x3F, 0xFE, 0x03, 0xD2, 0xFF, 0xFF, 0xFF,
    0x0F, 0x41, 0xFF, 0xF4, 0x3C, 0x00, 0x7F, 0x40, 0x00, 0x00, 0x00, 0x00, 0x00, 0x00, 0x00, 0x00,
    0x03, 0xF4, 0x00, 0x00, 0x0F, 0xD0, 0x00, 0x00, 0x3F, 0x40, 0x00, 0x00, 0xFD, 0x00, 0x00, 0x03,
    0xF4, 0x00, 0x00, 0x0F, 0xD0, 0x00, 0x00, 0x3F, 0x40, 0x00, 0x00, 0xFD, 0x00, 0x00, 0x03, 0xF4,
    0x00, 0x00, 0x0F, 0xD0, 0x00, 0x00, 0x3F, 0x40, 0x00, 0x00, 0xFD, 0x00, 0x00, 0x03, 0xF4, 0x00,
    0x00, 0x0F, 0xD0, 0x00, 0x00, 0x3F, 0x40, 0x00, 0x00, 0xFD, 0x00, 0x00, 0x03, 0xF4, 0x00, 0x00,
    0x0F, 0xD0, 0x00, 0x00, 0x3F, 0x40, 0x00, 0x00, 0xFD, 0x00, 0x00, 0x03, 0xF4, 0x00, 0xFF, 0xFF,
    0xFF, 0xFF, 0xFF, 0xFF, 0xFF, 0xFF, 0xC0, 0x00, 0x00, 0x00, 0x00, 0x00, 0x00, 0x00, 0x03, 0xFF,
    0xFF, 0xCF, 0xFF, 0xFF, 0x06, 0xFF, 0x50, 0x03, 0xF4, 0x00, 0x0F, 0xD0, 0x00, 0x3F, 0x40, 0x00,
    0xFD, 0x00, 0x03, 0xF4, 0x00, 0x0F, 0xD0, 0x00, 0x3F, 0x40, 0x00, 0xFD, 0x00, 0x03, 0xF4, 0x00,
    0x0F, 0xD0, 0x00, 0x3F, 0x40, 0x00, 0xFD, 0x00, 0x03, 0xF4, 0x00, 0x0F, 0xD0, 0x00, 0x3F, 0x40,
    0x00, 0xFD, 0x00, 0x03, 0xF4, 0x00, 0x0F, 0xD0, 0x00, 0x3F, 0x40, 0x00, 0xFD, 0x00, 0x03, 0xF4,
    0x00, 0x6F, 0xF5, 0x0F, 0xFF, 0xFF, 0x3F, 0xFF, 0xFC, 0xFF, 0xFF, 0xFF, 0xFF, 0xFF, 0xFF, 0xFF,
    0xFF, 0xC0, 0x00, 0x00, 0x00, 0x00, 0x00, 0x03, 0xF4, 0x00, 0x0F, 0xD0, 0x00, 0x3F, 0x40, 0x00,
    0xFD, 0x00, 0x03, 0xF4, 0x00, 0x0F, 0xD0, 0x00, 0x3F, 0x40, 0x00, 0xFD, 0x00, 0x03, 0xF4, 0x00,
    0x0F, 0xD0, 0x00, 0x3F, 0x40, 0x00, 0xFD, 0x00, 0x03, 0xF4, 0x00, 0x0F, 0xD0, 0x00, 0x3F, 0x40,
    0x00, 0xFD, 0x00, 0x03, 0xF4, 0x00, 0x0F, 0xD0, 0x00, 0x3F, 0x40, 0x00, 0xFD, 0x00, 0x03, 0xF4,
    0x00, 0x60, 0x00, 0x09, 0x3D, 0x00, 0x0B, 0xCB, 0xD0, 0x0B, 0xE0, 0xFF, 0xFF, 0xF0, 0x1F, 0xFF,
    0xF0, 0x00, 0xAF, 0x90, 0x00, 0x00, 0x00, 0x00, 0x00, 0x00, 0x00, 0x00, 0x00, 0x00, 0x0F, 0xFF,
    0xFF, 0x03, 0xFF, 0xFF, 0xC0, 0x1B, 0xFD, 0x40, 0x00, 0xFD, 0x00, 0x00, 0x3F, 0x40, 0x00, 0x0F,
    0xD0, 0x00, 0x03, 0xF4, 0x00, 0x00, 0xFD, 0x00, 0x00, 0x3F, 0x40, 0x00, 0x0F, 0xD0, 0x00, 0x03,
    0xF4, 0x00, 0x00, 0xFD, 0x00, 0x00, 0x3F, 0x40, 0x00, 0x0F, 0xD0, 0x00, 0x03, 0xF4, 0x00, 0x00,
    0xFD, 0x00, 0x00, 0x3F, 0x40, 0x00, 0x0F, 0xD0, 0x00, 0x03, 0xF4, 0x00, 0x00, 0xFD, 0x00, 0x00,
    0x3F, 0x40, 0x00, 0x0F, 0xD0, 0x00, 0x03, 0xF4, 0x00, 0x00, 0xFD, 0x00, 0x01, 0xBF, 0xD4, 0x03,
    0xFF, 0xFF, 0xC0, 0xFF, 0xFF, 0xF0, 0xF0, 0x00, 0x2E, 0xF4, 0x00, 0x3D, 0xBD, 0x01, 0xFC, 0x3F,
    0xFF, 0xF4, 0x1F, 0xFF, 0xD0, 0x02, 0xBA, 0x00, 0x00, 0x00, 0x00, 0x00, 0x00, 0x00, 0x00, 0xFD,
    0x00, 0x00, 0xFD, 0x00, 0x00, 0xFD, 0x00, 0x00, 0xFD, 0x00, 0x00, 0xFD, 0x00, 0x00, 0xFD, 0x00,
    0x00, 0xFD, 0x00, 0x00, 0xFD, 0x00, 0x00, 0xFD, 0x00, 0x00, 0xFD, 0x00, 0x00, 0xFD, 0x00, 0x00,
    0xFD, 0x00, 0x00, 0xFD, 0x00, 0x00, 0xFD, 0x00, 0x00, 0xFD, 0x00, 0x00, 0xFD, 0x00, 0x00, 0xFD,
    0x00, 0x00, 0xFD, 0x00, 0x00, 0xFD, 0x00, 0x00, 0xFD, 0x00, 0x00, 0xFD, 0x00, 0xFF, 0xFF, 0xFF,
    0xFF, 0xFF, 0x1B, 0xFD, 0x40, 0x3F, 0x40, 0x03, 0xF4, 0x00, 0x3F, 0x40, 0x03, 0xF4, 0x00, 0x3F,
    0x40, 0x03, 0xF4, 0x00, 0x3F, 0x40, 0x03, 0xF4, 0x00, 0x3F, 0x40, 0x03, 0xF4, 0x00, 0x3F, 0x40,
    0x03, 0xF4, 0x00, 0x3F, 0x40, 0x03, 0xF4, 0x00, 0x3F, 0x40, 0x03, 0xF4, 0x00, 0x3F, 0x40, 0x03,
    0xF4, 0x00, 0x3F, 0x40, 0x03, 0xF4, 0x00, 0x3F, 0x40, 0x1B, 0xFD, 0x4F, 0xFF, 0xFF, 0xFF, 0xFF,
    0xF0, 0x01, 0xF4, 0x00, 0x7D, 0x00, 0x0F, 0x80, 0x02, 0xF0, 0x00, 0x3F, 0x00, 0x03, 0xF8, 0x00,
    0x2F, 0xFF, 0x00, 0xFF, 0xF0, 0x02, 0xFA, 0x07, 0xC0, 0xFD, 0x0F, 0xD0, 0x7C, 0x00, 0x00, 0x00,
    0x00, 0x00, 0x00, 0x0F, 0xD0, 0xFD, 0x0F, 0xD0, 0xFD, 0x0F, 0xD0, 0xFD, 0x0F, 0xD0, 0xFD, 0x0F,
    0xD0, 0xFD, 0x0F, 0xD0, 0xFD, 0x0F, 0xD0, 0xFD, 0x0F, 0xD0, 0xFD, 0x0F, 0xD0, 0xFD, 0x0F, 0xD0,
    0xFD, 0x0F, 0xD0, 0xB8, 0x2F, 0x07, 0xD0, 0xBC, 0x0F, 0xC0, 0xFD, 0x0F, 0xFF, 0x7F, 0xF1, 0xBE,
    0x01, 0xF0, 0x00, 0x3F, 0x40, 0x03, 0xF4, 0x00, 0x1E, 0x00, 0x00, 0x00, 0x00, 0x00, 0x00, 0x00,
    0x00, 0x00, 0x00, 0x00, 0xFF, 0xFF, 0xFF, 0xFF, 0xFF, 0x1B, 0xFD, 0x40, 0x3F, 0x40, 0x03, 0xF4,
    0x00, 0x3F, 0x40, 0x03, 0xF4, 0x00, 0x3F, 0x40, 0x03, 0xF4, 0x00, 0x3F, 0x40, 0x03, 0xF4, 0x00,
    0x3F, 0x40, 0x03, 0xF4, 0x00, 0x3F, 0x40, 0x03, 0xF4, 0x00, 0x3F, 0x40, 0x03, 0xF4, 0x00, 0x3F,
    0x40, 0x03, 0xF4, 0x00, 0x3F, 0x40, 0x03, 0xF4, 0x00, 0x3F, 0x40, 0x03, 0xF4, 0x00, 0x3F, 0x40,
    0x1B, 0xFD, 0x4F, 0xFF, 0xFF, 0xFF, 0xFF, 0xF0, 0xFD, 0xFD, 0xFD, 0xFD, 0xFD, 0xFD, 0xFD, 0xFD,
    0xFD, 0xFD, 0xFD, 0xFD, 0xFD, 0xFD, 0xFD, 0xFD, 0xFD, 0xFD, 0xFD, 0xFD, 0xFD, 0xFF, 0xFF, 0xF0,
    0x07, 0xFF, 0xFF, 0xFF, 0x00, 0x7F, 0x1B, 0xFD, 0x40, 0x07, 0xF0, 0x3F, 0x40, 0x00, 0x7F, 0x03,
    0xF4, 0x00, 0x07, 0xF0, 0x3F, 0x40, 0x00, 0x7F, 0x03, 0xF4, 0x00, 0x07, 0xF0, 0x3F, 0x40, 0x00,
    0x7F, 0x03, 0xF4, 0x00, 0x07, 0xF0, 0x3F, 0x40, 0x00, 0x7F, 0x03, 0xF4, 0x00, 0x07, 0xF0, 0x3F,
    0x40, 0x00, 0x7F, 0x03, 0xF4, 0x00, 0x07, 0xF0, 0x3F, 0x40, 0x00, 0x7F, 0x03, 0xF4, 0x00, 0x07,
    0xF0, 0x3F, 0x40, 0x00, 0x7F, 0x03, 0xF4, 0x00, 0x07, 0xF0, 0x3F, 0x40, 0x00, 0x7F, 0x03, 0xF4,
    0x00, 0x07, 0xF0, 0x3F, 0x40, 0x00, 0x7F, 0x03, 0xF4, 0x00, 0x07, 0xF0, 0x3F, 0x40, 0x00, 0x7F,
    0x03, 0xF4, 0x00, 0x07, 0xF0, 0x3F, 0x40, 0x00, 0x7F, 0x1B, 0xFD, 0x40, 0x07, 0xFF, 0xFF, 0xFF,
    0x00, 0x7F, 0xFF, 0xFF, 0xF0, 0x07, 0xF0, 0x00, 0x00, 0x00, 0x7F, 0x00, 0x00, 0x00, 0x0B, 0xF0,
    0x00, 0x00, 0x00, 0xFE, 0x00, 0x00, 0x00, 0x2F, 0xC0, 0x00, 0x0B, 0xFF, 0xF8, 0x00, 0x00, 0xBF,
    0xFE, 0x00, 0x00, 0x07, 0xFE, 0x40, 0x7C, 0x00, 0x07, 0xCF, 0xD0, 0x00, 0xFD, 0xFD, 0x00, 0x0F,
    0xD7, 0xC0, 0x00, 0x7C, 0x00, 0x00, 0x00, 0x00, 0x00, 0x00, 0x00, 0x00, 0x00, 0x00, 0x00, 0x00,
    0x00, 0x00, 0xFD, 0x00, 0x0F, 0xDF, 0xD0, 0x00, 0xFD, 0xFD, 0x00, 0x0F, 0xDF, 0xD0, 0x00, 0xFD,
    0xFD, 0x00, 0x0F, 0xDF, 0xD0, 0x00, 0xFD, 0xFD, 0x00, 0x0F, 0xDF, 0xD0, 0x00, 0xFD, 0xFD, 0x00,
    0x0F, 0xDF, 0xD0, 0x00, 0xFD, 0xFD, 0x00, 0x0F, 0xDF, 0xD0, 0x00, 0xFD, 0xFD, 0x00, 0x0F, 0xDF,
    0xD0, 0x00, 0xFD, 0xFD, 0x00, 0x0F, 0xDF, 0xD0, 0x00, 0xFD, 0xFD, 0x00, 0x0F, 0xDF, 0xD0, 0x00,
    0xFD, 0xFD, 0x00, 0x0F, 0xDF, 0xD0, 0x00, 0xFD, 0xFD, 0x00, 0x0F, 0xD0, 0x00, 0x00, 0xFD, 0x00,
    0x00, 0x0F, 0xD0, 0x00, 0x00, 0xFD, 0x00, 0x00, 0x0F, 0xD0, 0x00, 0x00, 0xFD, 0x00, 0x00, 0x3F,
    0xC0, 0x0B, 0xFF, 0xF8, 0x00, 0xBF, 0xFF, 0x00, 0x07, 0xFF, 0x40, 0x00, 0x07, 0xF8, 0x00, 0x00,
    0x0F, 0xFD, 0x00, 0x00, 0x2F, 0xFF, 0x00, 0x00, 0xBF, 0x2F, 0xC0, 0x01, 0xFC, 0x0B, 0xE0, 0x07,
    0xF0, 0x02, 0xF8, 0x06, 0x40, 0x00, 0x68, 0x00, 0x00, 0x00, 0x00, 0x00, 0x00, 0x00, 0x00, 0x00,
    0x03, 0xF4, 0x00, 0x00, 0x03, 0xF4, 0x00, 0x00, 0x03, 0xF4, 0x00, 0x00, 0x03, 0xF4, 0x00, 0x00,
    0x03, 0xF4, 0x00, 0x00, 0x03, 0xF4, 0x00, 0x00, 0x03, 0xF4, 0x00, 0x00, 0x03, 0xF4, 0x00, 0x00,
    0x03, 0xF4, 0x00, 0x00, 0x03, 0xF4, 0x00, 0x00, 0x03, 0xF4, 0x00, 0x00, 0x03, 0xF4, 0x00, 0x00,
    0x03, 0xF4, 0x00, 0x00, 0x03, 0xF4, 0x00, 0x00, 0x03, 0xF4, 0x00, 0x00, 0x03, 0xF4, 0x00, 0x00,
    0x03, 0xF4, 0x00, 0x00, 0x03, 0xF4, 0x00, 0x00, 0x03, 0xF4, 0x00, 0x00, 0x03, 0xF4, 0x00, 0x00,
    0x03, 0xF4, 0x00, 0x00, 0x03, 0xF4, 0x00, 0x00, 0x03, 0xF4, 0x00, 0x00, 0x03, 0xF4, 0x00, 0x00,
    0x03, 0xF4, 0x00, 0x00, 0x03, 0xF4, 0x00, 0x00, 0x03, 0xF4, 0x00, 0x00, 0x03, 0xF4, 0x00, 0x00,
    0x03, 0xF4, 0x00, 0x00, 0x03, 0xF0, 0x00, 0x00, 0x0B, 0xF0, 0x00, 0x00, 0x2F, 0xD0, 0x00, 0xBF,
    0xFF, 0xC0, 0x00, 0xBF, 0xFE, 0x00, 0x00, 0x2F, 0xA0, 0x00, 0x00, 0x00, 0x2A, 0x40, 0x00, 0x0B,
    0xFC, 0x00, 0x01, 0xFF, 0xF0, 0x00, 0x7F, 0x7F, 0x80, 0x0F, 0xC0, 0xFE, 0x03, 0xF0, 0x02, 0xF8,
    0x24, 0x00, 0x06, 0x80, 0x00, 0x00, 0x00, 0x00, 0x00, 0x00, 0x00, 0x03, 0xF4, 0x00, 0x00, 0x3F,
    0x40, 0x00, 0x03, 0xF4, 0x00, 0x00, 0x3F, 0x40, 0x00, 0x03, 0xF4, 0x00, 0x00, 0x3F, 0x40, 0x00,
    0x03, 0xF4, 0x00, 0x00, 0x3F, 0x40, 0x00, 0x03, 0xF4, 0x00, 0x00, 0x3F, 0x40, 0x00, 0x03, 0xF4,
    0x00, 0x00, 0x3F, 0x40, 0x00, 0x03, 0xF4, 0x00, 0x00, 0x3F, 0x40, 0x00, 0x03, 0xF4, 0x00, 0x00,
    0x3F, 0x40, 0x00, 0x03, 0xF4, 0x00, 0x00, 0x3F, 0x40, 0x00, 0x03, 0xF4, 0x00, 0x00, 0x3F, 0x40,
    0x00, 0x03, 0xF4, 0x00, 0x00, 0x3F, 0x40, 0x00, 0x03, 0xF4, 0x00, 0x00, 0x3F, 0x40, 0x00, 0x03,
    0xF4, 0x00, 0x00, 0x3F, 0x40, 0x00, 0x0B, 0xF0, 0x00, 0xFF, 0xFE, 0x00, 0x0F, 0xFF, 0xC0, 0x00,
    0xBF, 0xE0, 0x00, 0x00, 0xFD, 0x00, 0x00, 0x03, 0xF8, 0xFD, 0x00, 0x00, 0x0F, 0xF0, 0xFD, 0x00,
    0x00, 0x3F, 0xC0, 0xFD, 0x00, 0x00, 0xFF, 0x00, 0xFD, 0x00, 0x02, 0xFC, 0x00, 0xFD, 0x00, 0x0B,
    0xF4, 0x00, 0xFD, 0x00, 0x2F, 0xD0, 0x00, 0xFD, 0x00, 0x7F, 0x40, 0x00, 0xFD, 0x01, 0xFE, 0x00,
    0x00, 0xFD, 0x03, 0xF8, 0x00, 0x00, 0xFD, 0x0F, 0xE0, 0x00, 0x00, 0xFD, 0x3F, 0xC0, 0x00, 0x00,
    0xFD, 0xFF, 0xC0, 0x00, 0x00, 0xFF, 0xFF, 0xF0, 0x00, 0x00, 0xFF, 0xEB, 0xF8, 0x00, 0x00, 0xFF,
    0x83, 0xFD, 0x00, 0x00, 0xFE, 0x00, 0xFF, 0x00, 0x00, 0xFD, 0x00, 0x7F, 0x80, 0x00, 0xFD, 0x00,
    0x2F, 0xD0, 0x00, 0xFD, 0x00, 0x0F, 0xF0, 0x00, 0xFD, 0x00, 0x03, 0xFC, 0x00, 0xFD, 0x00, 0x01,
    0xFE, 0x00, 0xFD, 0x00, 0x00, 0xBF, 0x40, 0xFD, 0x00, 0x00, 0x3F, 0xC0, 0xFD, 0x00, 0x00, 0x0F,
    0xF0, 0xFD, 0x00, 0x00, 0x07, 0xF8, 0xFD, 0x00, 0x00, 0x02, 0xFD, 0x00, 0x00, 0x00, 0x00, 0x00,
    0x00, 0x00, 0x00, 0x00, 0x00, 0x00, 0x00, 0xFC, 0x00, 0x00, 0x00, 0x01, 0xFC, 0x00, 0x00, 0x00,
    0x02, 0xF4, 0x00, 0x00, 0x00, 0x03, 0xF0, 0x00, 0x00, 0x00, 0x03, 0xC0, 0x00, 0x00, 0x00, 0x0B,
    0x80, 0x00, 0x00, 0xFD, 0x00, 0x00, 0x00, 0x3F, 0x40, 0x00, 0x00, 0x0F, 0xD0, 0x00, 0x00, 0x03,
    0xF4, 0x00, 0x00, 0x00, 0xFD, 0x00, 0x00, 0x00, 0x3F, 0x40, 0x00, 0x00, 0x0F, 0xD0, 0x00, 0x00,
    0x03, 0xF4, 0x00, 0x00, 0x00, 0xFD, 0x00, 0x00, 0xFE, 0x3F, 0x40, 0x00, 0xFF, 0x0F, 0xD0, 0x00,
    0xFF, 0x03, 0xF4, 0x00, 0xFF, 0x00, 0xFD, 0x00, 0xBF, 0x00, 0x3F, 0x40, 0xBF, 0x00, 0x0F, 0xD0,
    0xBF, 0x40, 0x03, 0xF4, 0x7F, 0x40, 0x00, 0xFD, 0x3F, 0x40, 0x00, 0x3F, 0x7F, 0xD0, 0x00, 0x0F,
    0xFF, 0xFC, 0x00, 0x03, 0xFF, 0xBF, 0xC0, 0x00, 0xFF, 0x47, 0xF8, 0x00, 0x3F, 0x40, 0xBF, 0x40,
    0x0F, 0xD0, 0x0F, 0xF0, 0x03, 0xF4, 0x00, 0xFE, 0x00, 0xFD, 0x00, 0x1F, 0xD0, 0x3F, 0x40, 0x02,
    0xFC, 0x0F, 0xD0, 0x00, 0x3F, 0xC3, 0xF4, 0x00, 0x07, 0xF8, 0xFD, 0x00, 0x00, 0xBF, 0x40, 0x00,
    0x00, 0x00, 0x00, 0x00, 0x00, 0x00, 0x00, 0x00, 0x3F, 0x40, 0x00, 0x00, 0x0F, 0xC0, 0x00, 0x00,
    0x07, 0xE0, 0x00, 0x00, 0x02, 0xF0, 0x00, 0x00, 0x00, 0xF8, 0x00, 0x00, 0x00, 0x7C, 0x00, 0x00,
    0x00, 0xFD, 0x00, 0x02, 0xFD, 0x3F, 0x40, 0x01, 0xFE, 0x0F, 0xD0, 0x00, 0xFF, 0x03, 0xF4, 0x00,
    0xFF, 0x00, 0xFD, 0x00, 0xFF, 0x00, 0x3F, 0x40, 0xBF, 0x40, 0x0F, 0xD0, 0x7F, 0x40, 0x03, 0xF4,
    0x3F, 0x80, 0x00, 0xFD, 0x3F, 0xC0, 0x00, 0x3F, 0x7F, 0xD0, 0x00, 0x0F, 0xFF, 0xFC, 0x00, 0x03,
    0xFF, 0xFF, 0x80, 0x00, 0xFF, 0x87, 0xF4, 0x00, 0x3F, 0x80, 0xBF, 0x00, 0x0F, 0xD0, 0x0F, 0xF0,
    0x03, 0xF4, 0x01, 0xFE, 0x00, 0xFD, 0x00, 0x2F, 0xD0, 0x3F, 0x40, 0x03, 0xFC, 0x0F, 0xD0, 0x00,
    0x7F, 0x83, 0xF4, 0x00, 0x0B, 0xF4, 0xFD, 0x00, 0x00, 0xFF, 0x00, 0x00, 0x6A, 0x00, 0x00, 0x01,
    0xFF, 0x00, 0x00, 0x03, 0xFC, 0x00, 0x00, 0x07, 0xF0, 0x00, 0x00, 0x0F, 0xD0, 0x00, 0x00, 0x2F,
    0x40, 0x00, 0x00, 0x7D, 0x00, 0x00, 0x00, 0x00, 0x00, 0x00, 0x00, 0x00, 0x00, 0x00, 0x00, 0x00,
    0x00, 0x00, 0x00, 0x3F, 0x40, 0x00, 0x00, 0x3F, 0x40, 0x00, 0x00, 0x3F, 0x40, 0x00, 0x00, 0x3F,
    0x40, 0x00, 0x00, 0x3F, 0x40, 0x00, 0x00, 0x3F, 0x40, 0x00, 0x00, 0x3F, 0x40, 0x00, 0x00, 0x3F,
    0x40, 0x00, 0x00, 0x3F, 0x40, 0x00, 0x00, 0x3F, 0x40, 0x00, 0x00, 0x3F, 0x40, 0x00, 0x00, 0x3F,
    0x40, 0x00, 0x00, 0x3F, 0x40, 0x00, 0x00, 0x3F, 0x40, 0x00, 0x00, 0x3F, 0x40, 0x00, 0x00, 0x3F,
    0x40, 0x00, 0x00, 0x3F, 0x40, 0x00, 0x00, 0x3F, 0x40, 0x00, 0x00, 0x3F, 0x40, 0x00, 0x00, 0x3F,
    0x40, 0x00, 0x00, 0x3F, 0x40, 0x00, 0x00, 0x3F, 0x40, 0x00, 0x00, 0x3F, 0x40, 0x00, 0x00, 0x3F,
    0x40, 0x00, 0x00, 0x3F, 0xFF, 0xFF, 0xFF, 0x3F, 0xFF, 0xFF, 0xFF, 0x3F, 0xFF, 0xFF, 0xFF, 0x00,
    0xFF, 0x00, 0xBF, 0x40, 0x3F, 0x80, 0x3F, 0x80, 0x2F, 0x80, 0x0F, 0x80, 0x00, 0x00, 0x00, 0x00,
    0x00, 0x00, 0x00, 0x0F, 0xD0, 0x03, 0xF4, 0x00, 0xFD, 0x00, 0x3F, 0x40, 0x0F, 0xD0, 0x03, 0xF4,
    0x00, 0xFD, 0x00, 0x3F, 0x40, 0x0F, 0xD0, 0x03, 0xF4, 0x00, 0xFD, 0x00, 0x3F, 0x40, 0x0F, 0xD0,
    0x03, 0xF4, 0x00, 0xFD, 0x00, 0x3F, 0x40, 0x0F, 0xD0, 0x03, 0xF4, 0x00, 0xFD, 0x00, 0x3F, 0x40,
    0x0F, 0xD0, 0x03, 0xF4, 0x00, 0xFD, 0x00, 0x3F, 0x40, 0x0F, 0xD0, 0x03, 0xF4, 0x00, 0xFD, 0x00,
    0x3F, 0x40, 0x0F, 0xD0, 0x00, 0xFD, 0x00, 0x00, 0x03, 0xF4, 0x00, 0x00, 0x0F, 0xD0, 0x00, 0x00,
    0x3F, 0x40, 0x00, 0x00, 0xFD, 0x00, 0x00, 0x03, 0xF4, 0x00, 0x00, 0x0F, 0xD0, 0x00, 0x00, 0x3F,
    0x40, 0x00, 0x00, 0xFD, 0x00, 0x00, 0x03, 0xF4, 0x00, 0x00, 0x0F, 0xD0, 0x00, 0x00, 0x3F, 0x40,
    0x00, 0x00, 0xFD, 0x00, 0x00, 0x03, 0xF4, 0x00, 0x00, 0x0F, 0xD0, 0x00, 0x00, 0x3F, 0x40, 0x00,
    0x00, 0xFD, 0x00, 0x00, 0x03, 0xF4, 0x00, 0x00, 0x0F, 0xD0, 0x00, 0x00, 0x3F, 0x40, 0x00, 0x00,
    0xFD, 0x00, 0x00, 0x03, 0xF4, 0x00, 0x00, 0x0F, 0xD0, 0x00, 0x00, 0x3F, 0x40, 0x00, 0x00, 0xFF,
    0xFF, 0xFF, 0xFF, 0xFF, 0xFF, 0xFF, 0xFF, 0xFF, 0xFF, 0xFF, 0xC0, 0x00, 0x00, 0x00, 0x00, 0x00,
    0x00, 0x00, 0x00, 0x1F, 0xC0, 0x00, 0x00, 0xBE, 0x00, 0x00, 0x03, 0xF0, 0x00, 0x00, 0x0F, 0x80,
    0x00, 0x00, 0x7C, 0x00, 0x00, 0x02, 0xD0, 0x00, 0x00, 0x3F, 0x43, 0xF4, 0x3F, 0x43, 0xF4, 0x3F,
    0x43, 0xF4, 0x3F, 0x43, 0xF4, 0x3F, 0x43, 0xF4, 0x3F, 0x43, 0xF4, 0x3F, 0x43, 0xF4, 0x3F, 0x43,
    0xF4, 0x3F, 0x43, 0xF4, 0x3F, 0x43, 0xF4, 0x3F, 0x43, 0xF4, 0x3F, 0x43, 0xF4, 0x3F, 0x43, 0xF4,
    0x3F, 0x43, 0xF4, 0x3F, 0x40, 0x00, 0x00, 0x01, 0xFC, 0x1F, 0xC2, 0xF4, 0x3F, 0x07, 0xC0, 0xB4,
    0x00, 0xFD, 0x00, 0x01, 0xFF, 0xF4, 0x00, 0x07, 0xEF, 0xD0, 0x00, 0x2F, 0x3F, 0x40, 0x00, 0xF8,
    0xFD, 0x00, 0x03, 0xC3, 0xF4, 0x00, 0x1E, 0x0F, 0xD0, 0x00, 0x00, 0x3F, 0x40, 0x00, 0x00, 0xFD,
    0x00, 0x00, 0x03, 0xF4, 0x00, 0x00, 0x0F, 0xD0, 0x00, 0x00, 0x3F, 0x40, 0x00, 0x00, 0xFD, 0x00,
    0x00, 0x03, 0xF4, 0x00, 0x00, 0x0F, 0xD0, 0x00, 0x00, 0x3F, 0x40, 0x00, 0x00, 0xFD, 0x00, 0x00,
    0x03, 0xF4, 0x00, 0x00, 0x0F, 0xD0, 0x00, 0x00, 0x3F, 0x40, 0x00, 0x00, 0xFD, 0x00, 0x00, 0x03,
    0xF4, 0x00, 0x00, 0x0F, 0xD0, 0x00, 0x00, 0x3F, 0x40, 0x00, 0x00, 0xFF, 0xFF, 0xFF, 0xFF, 0xFF,
    0xFF, 0xFF, 0xFF, 0xFF, 0xFF, 0xFF, 0xC0, 0xFD, 0x0F, 0xEF, 0xD0, 0xFC, 0xFD, 0x0F, 0xCF, 0xD1,
    0xF4, 0xFD, 0x2F, 0x0F, 0xD3, 0xC0, 0xFD, 0x00, 0x0F, 0xD0, 0x00, 0xFD, 0x00, 0x0F, 0xD0, 0x00,
    0xFD, 0x00, 0x0F, 0xD0, 0x00, 0xFD, 0x00, 0x0F, 0xD0, 0x00, 0xFD, 0x00, 0x0F, 0xD0, 0x00, 0xFD,
    0x00, 0x0F, 0xD0, 0x00, 0xFD, 0x00, 0x0F, 0xD0, 0x00, 0xFD, 0x00, 0x0F, 0xD0, 0x00, 0xFD, 0x00,
    0x0F, 0xD0, 0x00, 0xFD, 0x00, 0x0F, 0xD0, 0x00, 0xFD, 0x00, 0x0F, 0xD0, 0x00, 0xFD, 0x00, 0x00,
    0xFD, 0x00, 0x00, 0x03, 0xF4, 0x00, 0x00, 0x0F, 0xD0, 0x00, 0x00, 0x3F, 0x40, 0x00, 0x00, 0xFD,
    0x00, 0x00, 0x03, 0xF4, 0x00, 0x00, 0x0F, 0xD0, 0x00, 0x00, 0x3F, 0x40, 0x00, 0x00, 0xFD, 0x00,
    0x00, 0x03, 0xF4, 0x00, 0x00, 0x0F, 0xD0, 0x00, 0x00, 0x3F, 0x40, 0x07, 0xC0, 0xFD, 0x00, 0x3F,
    0x43, 0xF4, 0x00, 0xFD, 0x0F, 0xD0, 0x01, 0xF0, 0x3F, 0x40, 0x00, 0x00, 0xFD, 0x00, 0x00, 0x03,
    0xF4, 0x00, 0x00, 0x0F, 0xD0, 0x00, 0x00, 0x3F, 0x40, 0x00, 0x00, 0xFD, 0x00, 0x00, 0x03, 0xF4,
    0x00, 0x00, 0x0F, 0xD0, 0x00, 0x00, 0x3F, 0x40, 0x00, 0x00, 0xFF, 0xFF, 0xFF, 0xFF, 0xFF, 0xFF,
    0xFF, 0xFF, 0xFF, 0xFF, 0xFF, 0xC0, 0xFD, 0x00, 0x3F, 0x40, 0x0F, 0xD0, 0x03, 0xF4, 0x00, 0xFD,
    0x00, 0x3F, 0x40, 0x0F, 0xD0, 0x03, 0xF4, 0x00, 0xFD, 0x00, 0x3F, 0x40, 0x0F, 0xD0, 0x03, 0xF4,
    0x00, 0xFD, 0x1F, 0x3F, 0x4F, 0xDF, 0xD3, 0xF7, 0xF4, 0x7C, 0xFD, 0x00, 0x3F, 0x40, 0x0F, 0xD0,
    0x03, 0xF4, 0x00, 0xFD, 0x00, 0x3F, 0x40, 0x0F, 0xD0, 0x03, 0xF4, 0x00, 0xFD, 0x00, 0x3F, 0x40,
    0x0F, 0xD0, 0x03, 0xF4, 0x00, 0xFD, 0x00, 0x00, 0x00, 0xFD, 0x00, 0x00, 0x00, 0x03, 0xF4, 0x00,
    0x00, 0x00, 0x0F, 0xD0, 0x00, 0x00, 0x00, 0x3F, 0x40, 0x00, 0x00, 0x00, 0xFD, 0x00, 0x00, 0x00,
    0x03, 0xF4, 0x00, 0x00, 0x00, 0x0F, 0xD0, 0x00, 0x00, 0x00, 0x3F, 0x40, 0x00, 0x00, 0x00, 0xFD,
    0x00, 0x00, 0x00, 0x03, 0xF4, 0x00, 0x00, 0x00, 0x0F, 0xD0, 0x3C, 0x00, 0x00, 0x3F, 0x4B, 0xF8,
    0x00, 0x00, 0xFE, 0xFF, 0xC0, 0x00, 0x03, 0xFF, 0xF4, 0x00, 0x00, 0x0F, 0xFE, 0x00, 0x00, 0x01,
    0xFF, 0xC0, 0x00, 0x00, 0x3F, 0xFD, 0x00, 0x00, 0x00, 0xBF, 0xF4, 0x00, 0x00, 0x00, 0x8F, 0xD0,
    0x00, 0x00, 0x00, 0x3F, 0x40, 0x00, 0x00, 0x00, 0xFD, 0x00, 0x00, 0x00, 0x03, 0xF4, 0x00, 0x00,
    0x00, 0x0F, 0xD0, 0x00, 0x00, 0x00, 0x3F, 0x40, 0x00, 0x00, 0x00, 0xFF, 0xFF, 0xFF, 0xFC, 0x03,
    0xFF, 0xFF, 0xFF, 0xF0, 0x0F, 0xFF, 0xFF, 0xFF, 0xC0, 0x00, 0xFD, 0x00, 0x00, 0xFD, 0x00, 0x00,
    0xFD, 0x00, 0x00, 0xFD, 0x00, 0x00, 0xFD, 0x00, 0x00, 0xFD, 0x00, 0x00, 0xFD, 0x00, 0x00, 0xFD,
    0x00, 0x00, 0xFD, 0x00, 0x00, 0xFD, 0x00, 0x00, 0xFD, 0x00, 0x00, 0xFD, 0x20, 0x00, 0xFE, 0xF8,
    0x00, 0xFF, 0xFC, 0x00, 0xFF, 0xE0, 0x02, 0xFF, 0x00, 0x1F, 0xFD, 0x00, 0x3F, 0xFD, 0x00, 0x1D,
    0xFD, 0x00, 0x00, 0xFD, 0x00, 0x00, 0xFD, 0x00, 0x00, 0xFD, 0x00, 0x00, 0xFD, 0x00, 0x00, 0xFD,
    0x00, 0x00, 0xFD, 0x00, 0x00, 0xFD, 0x00, 0x00, 0xFD, 0x00, 0x00, 0xFD, 0x00, 0x00, 0xFD, 0x00,
    0x00, 0x00, 0x00, 0x6A, 0x00, 0x00, 0x00, 0x00, 0x1F, 0xE0, 0x00, 0x00, 0x00, 0x03, 0xFC, 0x00,
    0x00, 0x00, 0x00, 0x7F, 0x00, 0x00, 0x00, 0x00, 0x0F, 0xD0, 0x00, 0x00, 0x00, 0x02, 0xF4, 0x00,
    0x00, 0x00, 0x00, 0x3D, 0x00, 0x00, 0x00, 0x00, 0x00, 0x00, 0x00, 0x00, 0x00, 0x00, 0x00, 0x00,
    0x00, 0x00, 0x00, 0x00, 0x00, 0x00, 0x00, 0xFF, 0x80, 0x00, 0x00, 0x0F, 0xDF, 0xFC, 0x00, 0x00,
    0x00, 0xFD, 0xFF, 0xF0, 0x00, 0x00, 0x0F, 0xDF, 0xFF, 0x40, 0x00, 0x00, 0xFD, 0xFF, 0xFC, 0x00,
    0x00, 0x0F, 0xDF, 0xEF, 0xE0, 0x00, 0x00, 0xFD, 0xFD, 0x7F, 0x00, 0x00, 0x0F, 0xDF, 0xD3, 0xFC,
    0x00, 0x00, 0xFD, 0xFD, 0x0F, 0xD0, 0x00, 0x0F, 0xDF, 0xD0, 0xBF, 0x00, 0x00, 0xFD, 0xFD, 0x03,
    0xF8, 0x00, 0x0F, 0xDF, 0xD0, 0x1F, 0xC0, 0x00, 0xFD, 0xFD, 0x00, 0xFF, 0x00, 0x0F, 0xDF, 0xD0,
    0x03, 0xF4, 0x00, 0xFD, 0xFD, 0x00, 0x2F, 0xC0, 0x0F, 0xDF, 0xD0, 0x00, 0xFE, 0x00, 0xFD, 0xFD,
    0x00, 0x07, 0xF0, 0x0F, 0xDF, 0xD0, 0x00, 0x2F, 0xC0, 0xFD, 0xFD, 0x00, 0x00, 0xFD, 0x0F, 0xDF,
    0xD0, 0x00, 0x07, 0xF0, 0xFD, 0xFD, 0x00, 0x00, 0x3F, 0x8F, 0xDF, 0xD0, 0x00, 0x00, 0xFC, 0xFD,
    0xFD, 0x00, 0x00, 0x0B, 0xFF, 0xDF, 0xD0, 0x00, 0x00, 0x3F, 0xFD, 0xFD, 0x00, 0x00, 0x01, 0xFF,
    0xDF, 0xD0, 0x00, 0x00, 0x0F, 0xFD, 0xFD, 0x00, 0x00, 0x00, 0x3F, 0xD0, 0x00, 0x00, 0x0A, 0x90,
    0x00, 0x00, 0x0B, 0xF4, 0x00, 0x00, 0x03, 0xF8, 0x00, 0x00, 0x03, 0xF8, 0x00, 0x00, 0x01, 0xF8,
    0x00, 0x00, 0x00, 0xF8, 0x00, 0x00, 0x00, 0x64, 0x00, 0x00, 0x00, 0x00, 0x00, 0x00, 0x00, 0x00,
    0x00, 0x00, 0x3F, 0x01, 0xBF, 0xE4, 0x0F, 0xC3, 0xFF, 0xFF, 0x83, 0xF7, 0xFF, 0xFF, 0xF8, 0xFF,
    0xF4, 0x01, 0xFF, 0x7F, 0xF0, 0x00, 0x0F, 0xEF, 0xF4, 0x00, 0x02, 0xFF, 0xFC, 0x00, 0x00, 0x7F,
    0xFE, 0x00, 0x00, 0x1F, 0xFF, 0x80, 0x00, 0x07, 0xFF, 0xD0, 0x00, 0x01, 0xFF, 0xF4, 0x00, 0x00,
    0x7F, 0xFD, 0x00, 0x00, 0x1F, 0xFF, 0x40, 0x00, 0x07, 0xFF, 0xD0, 0x00, 0x01, 0xFF, 0xF4, 0x00,
    0x00, 0x7F, 0xFD, 0x00, 0x00, 0x1F, 0xFF, 0x40, 0x00, 0x07, 0xFF, 0xD0, 0x00, 0x01, 0xFF, 0xF4,
    0x00, 0x00, 0x7F, 0xFD, 0x00, 0x00, 0x1F, 0xFF, 0x40, 0x00, 0x07, 0xF0, 0xFF, 0x80, 0x00, 0x00,
    0x0F, 0xDF, 0xFC, 0x00, 0x00, 0x00, 0xFD, 0xFF, 0xF0, 0x00, 0x00, 0x0F, 0xDF, 0xFF, 0x40, 0x00,
    0x00, 0xFD, 0xFF, 0xFC, 0x00, 0x00, 0x0F, 0xDF, 0xEF, 0xE0, 0x00, 0x00, 0xFD, 0xFD, 0x7F, 0x00,
    0x00, 0x0F, 0xDF, 0xD3, 0xFC, 0x00, 0x00, 0xFD, 0xFD, 0x0F, 0xD0, 0x00, 0x0F, 0xDF, 0xD0, 0xBF,
    0x00, 0x00, 0xFD, 0xFD, 0x03, 0xF8, 0x00, 0x0F, 0xDF, 0xD0, 0x1F, 0xC0, 0x00, 0xFD, 0xFD, 0x00,
    0xFF, 0x00, 0x0F, 0xDF, 0xD0, 0x03, 0xF4, 0x00, 0xFD, 0xFD, 0x00, 0x2F, 0xC0, 0x0F, 0xDF, 0xD0,
    0x00, 0xFE, 0x00, 0xFD, 0xFD, 0x00, 0x07, 0xF0, 0x0F, 0xDF, 0xD0, 0x00, 0x2F, 0xC0, 0xFD, 0xFD,
    0x00, 0x00, 0xFD, 0x0F, 0xDF, 0xD0, 0x00, 0x07, 0xF0, 0xFD, 0xFD, 0x00, 0x00, 0x3F, 0x8F, 0xDF,
    0xD0, 0x00, 0x00, 0xFC, 0xFD, 0xFD, 0x00, 0x00, 0x0B, 0xFF, 0xDF, 0xD0, 0x00, 0x00, 0x3F, 0xFD,
    0xFD, 0x00, 0x00, 0x01, 0xFF, 0xDF, 0xD0, 0x00, 0x00, 0x0F, 0xFD, 0xFD, 0x00, 0x00, 0x00, 0x3F,
    0xD0, 0x00, 0x00, 0x00, 0x00, 0x00, 0x00, 0x00, 0x00, 0x00, 0x00, 0x00, 0x00, 0x00, 0xFC, 0x00,
    0x00, 0x00, 0x00, 0x1F, 0x80, 0x00, 0x00, 0x00, 0x02, 0xF0, 0x00, 0x00, 0x00, 0x00, 0x3E, 0x00,
    0x00, 0x00, 0x00, 0x03, 0xC0, 0x00, 0x00, 0x00, 0x00, 0xB8, 0x00, 0x00, 0x00, 0xFC, 0x06, 0xFF,
    0x90, 0x3F, 0x0F, 0xFF, 0xFE, 0x0F, 0xDF, 0xFF, 0xFF, 0xE3, 0xFF, 0xD0, 0x07, 0xFD, 0xFF, 0xC0,
    0x00, 0x3F, 0xBF, 0xD0, 0x00, 0x0B, 0xFF, 0xF0, 0x00, 0x01, 0xFF, 0xF8, 0x00, 0x00, 0x7F, 0xFE,
    0x00, 0x00, 0x1F, 0xFF, 0x40, 0x00, 0x07, 0xFF, 0xD0, 0x00, 0x01, 0xFF, 0xF4, 0x00, 0x00, 0x7F,
    0xFD, 0x00, 0x00, 0x1F, 0xFF, 0x40, 0x00, 0x07, 0xFF, 0xD0, 0x00, 0x01, 0xFF, 0xF4, 0x00, 0x00,
    0x7F, 0xFD, 0x00, 0x00, 0x1F, 0xFF, 0x40, 0x00, 0x07, 0xFF, 0xD0, 0x00, 0x01, 0xFF, 0xF4, 0x00,
    0x00, 0x7F, 0xFD, 0x00, 0x00, 0x1F, 0xC0, 0x00, 0x00, 0x00, 0x00, 0x00, 0x00, 0x00, 0x00, 0x00,
    0x0B, 0xE0, 0x00, 0x00, 0x02, 0xF4, 0x00, 0x00, 0x00, 0xFC, 0x00, 0x00, 0x00, 0x3D, 0x00, 0x00,
    0x00, 0x2F, 0x00, 0x00, 0x00, 0x0F, 0x00, 0x00, 0x00, 0x00, 0x24, 0x00, 0x06, 0x40, 0x00, 0x03,
    0xF0, 0x02, 0xF4, 0x00, 0x00, 0x0F, 0xC0, 0xBE, 0x00, 0x00, 0x00, 0x7F, 0x2F, 0x80, 0x00, 0x00,
    0x02, 0xFF, 0xF0, 0x00, 0x00, 0x00, 0x0F, 0xFC, 0x00, 0x00, 0x00, 0x00, 0x3F, 0x80, 0x00, 0x00,
    0x00, 0x00, 0x00, 0x00, 0x00, 0x00, 0x00, 0x00, 0x00, 0x00, 0x00, 0x00, 0x00, 0x00, 0x00, 0x00,
    0xFF, 0x80, 0x00, 0x00, 0x0F, 0xDF, 0xFC, 0x00, 0x00, 0x00, 0xFD, 0xFF, 0xF0, 0x00, 0x00, 0x0F,
    0xDF, 0xFF, 0x40, 0x00, 0x00, 0xFD, 0xFF, 0xFC, 0x00, 0x00, 0x0F, 0xDF, 0xEF, 0xE0, 0x00, 0x00,
    0xFD, 0xFD, 0x7F, 0x00, 0x00, 0x0F, 0xDF, 0xD3, 0xFC, 0x00, 0x00, 0xFD, 0xFD, 0x0F, 0xD0, 0x00,
    0x0F, 0xDF, 0xD0, 0xBF, 0x00, 0x00, 0xFD, 0xFD, 0x03, 0xF8, 0x00, 0x0F, 0xDF, 0xD0, 0x1F, 0xC0,
    0x00, 0xFD, 0xFD, 0x00, 0xFF, 0x00, 0x0F, 0xDF, 0xD0, 0x03, 0xF4, 0x00, 0xFD, 0xFD, 0x00, 0x2F,
    0xC0, 0x0F, 0xDF, 0xD0, 0x00, 0xFE, 0x00, 0xFD, 0xFD, 0x00, 0x07, 0xF0, 0x0F, 0xDF, 0xD0, 0x00,
    0x2F, 0xC0, 0xFD, 0xFD, 0x00, 0x00, 0xFD, 0x0F, 0xDF, 0xD0, 0x00, 0x07, 0xF0, 0xFD, 0xFD, 0x00,
    0x00, 0x3F, 0x8F, 0xDF, 0xD0, 0x00, 0x00, 0xFC, 0xFD, 0xFD, 0x00, 0x00, 0x0B, 0xFF, 0xDF, 0xD0,
    0x00, 0x00, 0x3F, 0xFD, 0xFD, 0x00, 0x00, 0x01, 0xFF, 0xDF, 0xD0, 0x00, 0x00, 0x0F, 0xFD, 0xFD,
    0x00, 0x00, 0x00, 0x3F, 0xD0, 0x0B, 0xC0, 0x01, 0xF8, 0x00, 0xFD, 0x02, 0xF8, 0x00, 0x0F, 0xD2,
    0xF8, 0x00, 0x00, 0xFF, 0xF8, 0x00, 0x00, 0x0F, 0xFC, 0x00, 0x00, 0x01, 0xFC, 0x00, 0x00, 0x00,
    0x00, 0x00, 0x00, 0x00, 0x00, 0x00, 0x00, 0xFC, 0x06, 0xFF, 0x90, 0x3F, 0x0F, 0xFF, 0xFE, 0x0F,
    0xDF, 0xFF, 0xFF, 0xE3, 0xFF, 0xD0, 0x07, 0xFD, 0xFF, 0xC0, 0x00, 0x3F, 0xBF, 0xD0, 0x00, 0x0B,
    0xFF, 0xF0, 0x00, 0x01, 0xFF, 0xF8, 0x00, 0x00, 0x7F, 0xFE, 0x00, 0x00, 0x1F, 0xFF, 0x40, 0x00,
    0x07, 0xFF, 0xD0, 0x00, 0x01, 0xFF, 0xF4, 0x00, 0x00, 0x7F, 0xFD, 0x00, 0x00, 0x1F, 0xFF, 0x40,
    0x00, 0x07, 0xFF, 0xD0, 0x00, 0x01, 0xFF, 0xF4, 0x00, 0x00, 0x7F, 0xFD, 0x00, 0x00, 0x1F, 0xFF,
    0x40, 0x00, 0x07, 0xFF, 0xD0, 0x00, 0x01, 0xFF, 0xF4, 0x00, 0x00, 0x7F, 0xFD, 0x00, 0x00, 0x1F,
    0xC0, 0x0F, 0xF0, 0x00, 0x00, 0x00, 0x00, 0x3F, 0x80, 0x00, 0x00, 0x00, 0x01, 0xFD, 0x00, 0x00,
    0x00, 0x00, 0x0B, 0xF0, 0x00, 0x00, 0x00, 0x00, 0x2F, 0x80, 0x00, 0x00, 0x00, 0x00, 0xFC, 0x00,
    0x00, 0x00, 0x00, 0x03, 0xF0, 0xFC, 0x06, 0xFF, 0x90, 0x1F, 0x43, 0xF0, 0xFF, 0xFF, 0xE0, 0xBC,
    0x0F, 0xCF, 0xFF, 0xFF, 0xE0, 0x00, 0x3F, 0xFD, 0x00, 0x7F, 0xD0, 0x00, 0xFF, 0xC0, 0x00, 0x7F,
    0x80, 0x03, 0xFD, 0x00, 0x00, 0xFF, 0x00, 0x0F, 0xF0, 0x00, 0x02, 0xFC, 0x00, 0x3F, 0x80, 0x00,
    0x07, 0xF0, 0x00, 0xFE, 0x00, 0x00, 0x1F, 0xC0, 0x03, 0xF4, 0x00, 0x00, 0x7F, 0x00, 0x0F, 0xD0,
    0x00, 0x01, 0xFC, 0x00, 0x3F, 0x40, 0x00, 0x07, 0xF0, 0x00, 0xFD, 0x00, 0x00, 0x1F, 0xC0, 0x03,
    0xF4, 0x00, 0x00, 0x7F, 0x00, 0x0F, 0xD0, 0x00, 0x01, 0xFC, 0x00, 0x3F, 0x40, 0x00, 0x07, 0xF0,
    0x00, 0xFD, 0x00, 0x00, 0x1F, 0xC0, 0x03, 0xF4, 0x00, 0x00, 0x7F, 0x00, 0x0F, 0xD0, 0x00, 0x01,
    0xFC, 0x00, 0x3F, 0x40, 0x00, 0x07, 0xF0, 0x00, 0xFD, 0x00, 0x00, 0x1F, 0xC0, 0xFF, 0x80, 0x00,
    0x00, 0x0F, 0xDF, 0xFC, 0x00, 0x00, 0x00, 0xFD, 0xFF, 0xF0, 0x00, 0x00, 0x0F, 0xDF, 0xFF, 0x80,
    0x00, 0x00, 0xFD, 0xFE, 0xFC, 0x00, 0x00, 0x0F, 0xDF, 0xDB, 0xF0, 0x00, 0x00, 0xFD, 0xFD, 0x3F,
    0x40, 0x00, 0x0F, 0xDF, 0xD1, 0xFC, 0x00, 0x00, 0xFD, 0xFD, 0x0F, 0xE0, 0x00, 0x0F, 0xDF, 0xD0,
    0x3F, 0x40, 0x00, 0xFD, 0xFD, 0x02, 0xFC, 0x00, 0x0F, 0xDF, 0xD0, 0x0F, 0xE0, 0x00, 0xFD, 0xFD,
    0x00, 0x3F, 0x40, 0x0F, 0xDF, 0xD0, 0x02, 0xFC, 0x00, 0xFD, 0xFD, 0x00, 0x0F, 0xE0, 0x0F, 0xDF,
    0xD0, 0x00, 0x7F, 0x00, 0xFD, 0xFD, 0x00, 0x02, 0xFC, 0x0F, 0xDF, 0xD0, 0x00, 0x0F, 0xD0, 0xFD,
    0xFD, 0x00, 0x00, 0x7F, 0x0F, 0xDF, 0xD0, 0x00, 0x03, 0xFC, 0xFD, 0xFD, 0x00, 0x00, 0x0F, 0xDF,
    0xDF, 0xD0, 0x00, 0x00, 0xBF, 0xFD, 0xFD, 0x00, 0x00, 0x03, 0xFF, 0xDF, 0xD0, 0x00, 0x00, 0x0F,
    0xFD, 0xFD, 0x00, 0x00, 0x00, 0xBF, 0xDF, 0xD0, 0x00, 0x00, 0x03, 0xFD, 0xFD, 0x00, 0x00, 0x00,
    0x1F, 0xD0, 0x00, 0x00, 0x00, 0x00, 0xFD, 0x00, 0x00, 0x00, 0x00, 0x0F, 0xD0, 0x00, 0x00, 0x00,
    0x02, 0xFC, 0x00, 0x00, 0x00, 0x00, 0x7F, 0x80, 0x00, 0x00, 0x2F, 0xFF, 0xF0, 0x00, 0x00, 0x02,
    0xFF, 0xFC, 0x00, 0x00, 0x00, 0x1F, 0xFD, 0x00, 0xFC, 0x06, 0xFF, 0x90, 0x3F, 0x0F, 0xFF, 0xFF,
    0x0F, 0xDF, 0xFF, 0xFF, 0xF3, 0xFF, 0xD0, 0x07, 0xFD, 0xFF, 0xC0, 0x00, 0x3F, 0xBF, 0xC0, 0x00,
    0x0B, 0xFF, 0xF0, 0x00, 0x01, 0xFF, 0xF8, 0x00, 0x00, 0x7F, 0xFD, 0x00, 0x00, 0x1F, 0xFF, 0x40,
    0x00, 0x07, 0xFF, 0xD0, 0x00, 0x01, 0xFF, 0xF4, 0x00, 0x00, 0x7F, 0xFD, 0x00, 0x00, 0x1F, 0xFF,
    0x40, 0x00, 0x07, 0xFF, 0xD0, 0x00, 0x01, 0xFF, 0xF4, 0x00, 0x00, 0x7F, 0xFD, 0x00, 0x00, 0x1F,
    0xFF, 0x40, 0x00, 0x07, 0xFF, 0xD0, 0x00, 0x01, 0xFF, 0xF4, 0x00, 0x00, 0x7F, 0xFD, 0x00, 0x00,
    0x1F, 0xC0, 0x00, 0x00, 0x07, 0xF0, 0x00, 0x00, 0x01, 0xFC, 0x00, 0x00, 0x00, 0x7F, 0x00, 0x00,
    0x00, 0x1F, 0xC0, 0x00, 0x00, 0x0B, 0xF0, 0x00, 0x00, 0x03, 0xF8, 0x00, 0x00, 0xFF, 0xFD, 0x00,
    0x00, 0x3F, 0xFE, 0x00, 0x00, 0x0B, 0xFD, 0x00, 0x00, 0x03, 0xFF, 0xFF, 0xF0, 0x00, 0x00, 0x00,
    0xFF, 0xFF, 0xFC, 0x00, 0x00, 0x00, 0x3F, 0xFF, 0xFF, 0x00, 0x00, 0x00, 0x00, 0x00, 0x00, 0x00,
    0x00, 0x00, 0x00, 0x00, 0x00, 0x00, 0x00, 0x00, 0x00, 0x00, 0x00, 0x00, 0x00, 0x00, 0x00, 0x1B,
    0xFF, 0xE4, 0x00, 0x00, 0x00, 0x7F, 0xFF, 0xFF, 0xE0, 0x00, 0x00, 0xBF, 0xFF, 0xFF, 0xFF, 0x00,
    0x00, 0xFF, 0xD0, 0x00, 0x6F, 0xF0, 0x00, 0xBF, 0x80, 0x00, 0x01, 0xFF, 0x00, 0x3F, 0x80, 0x00,
    0x00, 0x0F, 0xE0, 0x2F, 0xC0, 0x00, 0x00, 0x02, 0xFC, 0x0F, 0xD0, 0x00, 0x00, 0x00, 0x3F, 0x47,
    0xF0, 0x00, 0x00, 0x00, 0x0B, 0xF2, 0xFC, 0x00, 0x00, 0x00, 0x01, 0xFC, 0xFE, 0x00, 0x00, 0x00,
    0x00, 0x3F, 0x3F, 0x80, 0x00, 0x00, 0x00, 0x0F, 0xDF, 0xD0, 0x00, 0x00, 0x00, 0x03, 0xF7, 0xF4,
    0x00, 0x00, 0x00, 0x00, 0xFD, 0xFD, 0x00, 0x00, 0x00, 0x00, 0x3F, 0x7F, 0x80, 0x00, 0x00, 0x00,
    0x0F, 0xDF, 0xE0, 0x00, 0x00, 0x00, 0x03, 0xF2, 0xFC, 0x00, 0x00, 0x00, 0x01, 0xFC, 0x7F, 0x00,
    0x00, 0x00, 0x00, 0xBF, 0x0F, 0xD0, 0x00, 0x00, 0x00, 0x3F, 0x42, 0xFC, 0x00, 0x00, 0x00, 0x2F,
    0xC0, 0x3F, 0x80, 0x00, 0x00, 0x1F, 0xE0, 0x0B, 0xF8, 0x00, 0x00, 0x1F, 0xF0, 0x00, 0xBF, 0xD0,
    0x00, 0x6F, 0xF0, 0x00, 0x0B, 0xFF, 0xFF, 0xFF, 0xF0, 0x00, 0x00, 0x7F, 0xFF, 0xFF, 0xE0, 0x00,
    0x00, 0x01, 0xBF, 0xFE, 0x40, 0x00, 0x00, 0x00, 0xFF, 0xFF, 0xFC, 0x00, 0x03, 0xFF, 0xFF, 0xF0,
    0x00, 0x0F, 0xFF, 0xFF, 0xC0, 0x00, 0x00, 0x00, 0x00, 0x00, 0x00, 0x00, 0x00, 0x00, 0x00, 0x00,
    0x00, 0x00, 0x00, 0x00, 0x01, 0xBF, 0xF4, 0x00, 0x00, 0x3F, 0xFF, 0xFD, 0x00, 0x07, 0xFF, 0xFF,
    0xFE, 0x00, 0x3F, 0xD0, 0x03, 0xFD, 0x02, 0xFC, 0x00, 0x02, 0xFC, 0x0F, 0xD0, 0x00, 0x03, 0xF8,
    0xBF, 0x00, 0x00, 0x0B, 0xF2, 0xF8, 0x00, 0x00, 0x1F, 0xCF, 0xE0, 0x00, 0x00, 0x3F, 0x7F, 0x40,
    0x00, 0x00, 0xFD, 0xFD, 0x00, 0x00, 0x03, 0xF7, 0xF4, 0x00, 0x00, 0x0F, 0xDF, 0xE0, 0x00, 0x00,
    0x3F, 0x6F, 0x80, 0x00, 0x01, 0xFC, 0x7F, 0x00, 0x00, 0x0B, 0xF0, 0xFD, 0x00, 0x00, 0x3F, 0x82,
    0xFC, 0x00, 0x02, 0xFC, 0x03, 0xFD, 0x00, 0x3F, 0xD0, 0x03, 0xFF, 0xFF, 0xFE, 0x00, 0x03, 0xFF,
    0xFF, 0xD0, 0x00, 0x01, 0xBF, 0xE4, 0x00, 0x00, 0x00, 0x06, 0x00, 0x00, 0x90, 0x00, 0x00, 0x01,
    0xE0, 0x00, 0x7C, 0x00, 0x00, 0x00, 0x3E, 0x00, 0x7E, 0x00, 0x00, 0x00, 0x0F, 0xFF, 0xFF, 0x00,
    0x00, 0x00, 0x00, 0xFF, 0xFF, 0x00, 0x00, 0x00, 0x00, 0x06, 0xF9, 0x00, 0x00, 0x00, 0x00, 0x00,
    0x00, 0x00, 0x00, 0x00, 0x00, 0x00, 0x00, 0x00, 0x00, 0x00, 0x00, 0x00, 0x00, 0x00, 0x00, 0x00,
    0x00, 0x00, 0x6F, 0xFF, 0x90, 0x00, 0x00, 0x01, 0xFF, 0xFF, 0xFF, 0x80, 0x00, 0x02, 0xFF, 0xFF,
    0xFF, 0xFC, 0x00, 0x03, 0xFF, 0x40, 0x01, 0xBF, 0xC0, 0x02, 0xFE, 0x00, 0x00, 0x07, 0xFC, 0x00,
    0xFE, 0x00, 0x00, 0x00, 0x3F, 0x80, 0xBF, 0x00, 0x00, 0x00, 0x0B, 0xF0, 0x3F, 0x40, 0x00, 0x00,
    0x00, 0xFD, 0x1F, 0xC0, 0x00, 0x00, 0x00, 0x2F, 0xCB, 0xF0, 0x00, 0x00, 0x00, 0x07, 0xF3, 0xF8,
    0x00, 0x00, 0x00, 0x00, 0xFC, 0xFE, 0x00, 0x00, 0x00, 0x00, 0x3F, 0x7F, 0x40, 0x00, 0x00, 0x00,
    0x0F, 0xDF, 0xD0, 0x00, 0x00, 0x00, 0x03, 0xF7, 0xF4, 0x00, 0x00, 0x00, 0x00, 0xFD, 0xFE, 0x00,
    0x00, 0x00, 0x00, 0x3F, 0x7F, 0x80, 0x00, 0x00, 0x00, 0x0F, 0xCB, 0xF0, 0x00, 0x00, 0x00, 0x07,
    0xF1, 0xFC, 0x00, 0x00, 0x00, 0x02, 0xFC, 0x3F, 0x40, 0x00, 0x00, 0x00, 0xFD, 0x0B, 0xF0, 0x00,
    0x00, 0x00, 0xBF, 0x00, 0xFE, 0x00, 0x00, 0x00, 0x7F, 0x80, 0x2F, 0xE0, 0x00, 0x00, 0x7F, 0xC0,
    0x02, 0xFF, 0x40, 0x01, 0xBF, 0xC0, 0x00, 0x2F, 0xFF, 0xFF, 0xFF, 0xC0, 0x00, 0x01, 0xFF, 0xFF,
    0xFF, 0x80, 0x00, 0x00, 0x06, 0xFF, 0xF9, 0x00, 0x00, 0x01, 0xE0, 0x00, 0x3C, 0x00, 0x07, 0xD0,
    0x03, 0xE0, 0x00, 0x0F, 0xFF, 0xFF, 0x00, 0x00, 0x0F, 0xFF, 0xF4, 0x00, 0x00, 0x0B, 0xFE, 0x00,
    0x00, 0x00, 0x00, 0x00, 0x00, 0x00, 0x00, 0x00, 0x00, 0x00, 0x00, 0x00, 0x00, 0x00, 0x00, 0x00,
    0x1B, 0xFF, 0x40, 0x00, 0x03, 0xFF, 0xFF, 0xD0, 0x00, 0x7F, 0xFF, 0xFF, 0xE0, 0x03, 0xFD, 0x00,
    0x3F, 0xD0, 0x2F, 0xC0, 0x00, 0x2F, 0xC0, 0xFD, 0x00, 0x00, 0x3F, 0x8B, 0xF0, 0x00, 0x00, 0xBF,
    0x2F, 0x80, 0x00, 0x01, 0xFC, 0xFE, 0x00, 0x00, 0x03, 0xF7, 0xF4, 0x00, 0x00, 0x0F, 0xDF, 0xD0,
    0x00, 0x00, 0x3F, 0x7F, 0x40, 0x00, 0x00, 0xFD, 0xFE, 0x00, 0x00, 0x03, 0xF6, 0xF8, 0x00, 0x00,
    0x1F, 0xC7, 0xF0, 0x00, 0x00, 0xBF, 0x0F, 0xD0, 0x00, 0x03, 0xF8, 0x2F, 0xC0, 0x00, 0x2F, 0xC0,
    0x3F, 0xD0, 0x03, 0xFD, 0x00, 0x3F, 0xFF, 0xFF, 0xE0, 0x00, 0x3F, 0xFF, 0xFD, 0x00, 0x00, 0x1B,
    0xFE, 0x40, 0x00, 0x00, 0x00, 0xBF, 0x03, 0xFC, 0x00, 0x00, 0x00, 0x3F, 0x81, 0xFC, 0x00, 0x00,
    0x00, 0x2F, 0x80, 0xFD, 0x00, 0x00, 0x00, 0x0F, 0xC0, 0xBD, 0x00, 0x00, 0x00, 0x0F, 0xC0, 0x3E,
    0x00, 0x00, 0x00, 0x07, 0xC0, 0x3E, 0x00, 0x00, 0x00, 0x00, 0x00, 0x00, 0x00, 0x00, 0x00, 0x00,
    0x00, 0x00, 0x00, 0x00, 0x00, 0x00, 0x00, 0x00, 0x00, 0x00, 0x00, 0x00, 0x00, 0x00, 0x00, 0x00,
    0x00, 0x00, 0x00, 0x1B, 0xFF, 0xE4, 0x00, 0x00, 0x00, 0x7F, 0xFF, 0xFF, 0xE0, 0x00, 0x00, 0xBF,
    0xFF, 0xFF, 0xFF, 0x00, 0x00, 0xFF, 0xD0, 0x00, 0x6F, 0xF0, 0x00, 0xBF, 0x80, 0x00, 0x01, 0xFF,
    0x00, 0x3F, 0x80, 0x00, 0x00, 0x0F, 0xE0, 0x2F, 0xC0, 0x00, 0x00, 0x02, 0xFC, 0x0F, 0xD0, 0x00,
    0x00, 0x00, 0x3F, 0x47, 0xF0, 0x00, 0x00, 0x00, 0x0B, 0xF2, 0xFC, 0x00, 0x00, 0x00, 0x01, 0xFC,
    0xFE, 0x00, 0x00, 0x00, 0x00, 0x3F, 0x3F, 0x80, 0x00, 0x00, 0x00, 0x0F, 0xDF, 0xD0, 0x00, 0x00,
    0x00, 0x03, 0xF7, 0xF4, 0x00, 0x00, 0x00, 0x00, 0xFD, 0xFD, 0x00, 0x00, 0x00, 0x00, 0x3F, 0x7F,
    0x80, 0x00, 0x00, 0x00, 0x0F, 0xDF, 0xE0, 0x00, 0x00, 0x00, 0x03, 0xF2, 0xFC, 0x00, 0x00, 0x00,
    0x01, 0xFC, 0x7F, 0x00, 0x00, 0x00, 0x00, 0xBF, 0x0F, 0xD0, 0x00, 0x00, 0x00, 0x3F, 0x42, 0xFC,
    0x00, 0x00, 0x00, 0x2F, 0xC0, 0x3F, 0x80, 0x00, 0x00, 0x1F, 0xE0, 0x0B, 0xF8, 0x00, 0x00, 0x1F,
    0xF0, 0x00, 0xBF, 0xD0, 0x00, 0x6F, 0xF0, 0x00, 0x0B, 0xFF, 0xFF, 0xFF, 0xF0, 0x00, 0x00, 0x7F,
    0xFF, 0xFF, 0xE0, 0x00, 0x00, 0x01, 0xBF, 0xFE, 0x40, 0x00, 0x00, 0x00, 0x1F, 0xC0, 0xFE, 0x00,
    0x00, 0xFE, 0x07, 0xF0, 0x00, 0x0B, 0xE0, 0x3F, 0x40, 0x00, 0x3F, 0x02, 0xF4, 0x00, 0x02, 0xF0,
    0x0F, 0x40, 0x00, 0x1F, 0x00, 0xF4, 0x00, 0x00, 0x00, 0x00, 0x00, 0x00, 0x00, 0x00, 0x00, 0x00,
    0x00, 0x00, 0x00, 0x00, 0x00, 0x00, 0x00, 0x6F, 0xFD, 0x00, 0x00, 0x0F, 0xFF, 0xFF, 0x40, 0x01,
    0xFF, 0xFF, 0xFF, 0x80, 0x0F, 0xF4, 0x00, 0xFF, 0x40, 0xBF, 0x00, 0x00, 0xBF, 0x03, 0xF4, 0x00,
    0x00, 0xFE, 0x2F, 0xC0, 0x00, 0x02, 0xFC, 0xBE, 0x00, 0x00, 0x07, 0xF3, 0xF8, 0x00, 0x00, 0x0F,
    0xDF, 0xD0, 0x00, 0x00, 0x3F, 0x7F, 0x40, 0x00, 0x00, 0xFD, 0xFD, 0x00, 0x00, 0x03, 0xF7, 0xF8,
    0x00, 0x00, 0x0F, 0xDB, 0xE0, 0x00, 0x00, 0x7F, 0x1F, 0xC0, 0x00, 0x02, 0xFC, 0x3F, 0x40, 0x00,
    0x0F, 0xE0, 0xBF, 0x00, 0x00, 0xBF, 0x00, 0xFF, 0x40, 0x0F, 0xF4, 0x00, 0xFF, 0xFF, 0xFF, 0x80,
    0x00, 0xFF, 0xFF, 0xF4, 0x00, 0x00, 0x6F, 0xF9, 0x00, 0x00, 0x00, 0x01, 0xBF, 0xFF, 0xFF, 0xFF,
    0xFF, 0xF8, 0x00, 0x7F, 0xFF, 0xFF, 0xFF, 0xFF, 0xFF, 0xE0, 0x0B, 0xFF, 0xFF, 0xFF, 0xFF, 0xFF,
    0xFF, 0x40, 0xFF, 0xD0, 0x00, 0x3F, 0x40, 0x00, 0x00, 0x0B, 0xF8, 0x00, 0x00, 0xFD, 0x00, 0x00,
    0x00, 0x7F, 0x80, 0x00, 0x03, 0xF4, 0x00, 0x00, 0x02, 0xFC, 0x00, 0x00, 0x0F, 0xD0, 0x00, 0x00,
    0x0F, 0xD0, 0x00, 0x00, 0x3F, 0x40, 0x00, 0x00, 0x7F, 0x00, 0x00, 0x00, 0xFD, 0x00, 0x00, 0x02,
    0xFC, 0x00, 0x00, 0x03, 0xF4, 0x00, 0x00, 0x0F, 0xE0, 0x00, 0x00, 0x0F, 0xD0, 0x00, 0x00, 0x3F,
    0x80, 0x00, 0x00, 0x3F, 0xFF, 0xFF, 0xF8, 0xFD, 0x00, 0x00, 0x00, 0xFF, 0xFF, 0xFF, 0xE3, 0xF4,
    0x00, 0x00, 0x03, 0xFF, 0xFF, 0xFF, 0x4F, 0xD0, 0x00, 0x00, 0x0F, 0xD0, 0x00, 0x00, 0x3F, 0x80,
    0x00, 0x00, 0x3F, 0x40, 0x00, 0x00, 0xFE, 0x00, 0x00, 0x00, 0xFD, 0x00, 0x00, 0x02, 0xFC, 0x00,
    0x00, 0x03, 0xF4, 0x00, 0x00, 0x07, 0xF0, 0x00, 0x00, 0x0F, 0xD0, 0x00, 0x00, 0x0F, 0xE0, 0x00,
    0x00, 0x3F, 0x40, 0x00, 0x00, 0x2F, 0xC0, 0x00, 0x00, 0xFD, 0x00, 0x00, 0x00, 0x3F, 0x80, 0x00,
    0x03, 0xF4, 0x00, 0x00, 0x00, 0xBF, 0x80, 0x00, 0x0F, 0xD0, 0x00, 0x00, 0x00, 0xBF, 0xD0, 0x00,
    0x3F, 0x40, 0x00, 0x00, 0x00, 0xBF, 0xFF, 0xFF, 0xFF, 0xFF, 0xFF, 0xF4, 0x00, 0x7F, 0xFF, 0xFF,
    0xFF, 0xFF, 0xFF, 0xE0, 0x00, 0x1B, 0xFF, 0xFF, 0xFF, 0xFF, 0xFF, 0x80, 0x00, 0x1B, 0xFE, 0x40,
    0x00, 0xBF, 0xE4, 0x00, 0x01, 0xFF, 0xFF, 0xF0, 0x07, 0xFF, 0xFF, 0x00, 0x07, 0xFF, 0xFF, 0xFC,
    0x2F, 0xFF, 0xFF, 0xD0, 0x0F, 0xF4, 0x01, 0xFF, 0x7F, 0x40, 0x1F, 0xF0, 0x3F, 0xC0, 0x00, 0x3F,
    0xFD, 0x00, 0x03, 0xF8, 0x3F, 0x40, 0x00, 0x1F, 0xF8, 0x00, 0x01, 0xFC, 0xBF, 0x00, 0x00, 0x0F,
    0xF4, 0x00, 0x00, 0xFC, 0xBE, 0x00, 0x00, 0x0B, 0xF0, 0x00, 0x00, 0xFD, 0xFE, 0x00, 0x00, 0x0B,
    0xFF, 0xFF, 0xFF, 0xFD, 0xFD, 0x00, 0x00, 0x07, 0xFF, 0xFF, 0xFF, 0xFD, 0xFD, 0x00, 0x00, 0x07,
    0xFF, 0xFF, 0xFF, 0xFD, 0xFD, 0x00, 0x00, 0x07, 0xF0, 0x00, 0x00, 0x00, 0xFE, 0x00, 0x00, 0x0B,
    0xF0, 0x00, 0x00, 0x00, 0xBE, 0x00, 0x00, 0x0B, 0xF0, 0x00, 0x00, 0x00, 0x7F, 0x00, 0x00, 0x0F,
    0xF4, 0x00, 0x00, 0x00, 0x3F, 0x40, 0x00, 0x1F, 0xFC, 0x00, 0x00, 0x00, 0x2F, 0xC0, 0x00, 0x3F,
    0xFE, 0x00, 0x00, 0x00, 0x0F, 0xF4, 0x01, 0xFF, 0x3F, 0xD0, 0x00, 0x78, 0x07, 0xFF, 0xFF, 0xFC,
    0x1F, 0xFF, 0xFF, 0xF8, 0x00, 0xFF, 0xFF, 0xF0, 0x07, 0xFF, 0xFF, 0xF4, 0x00, 0x1B, 0xFE, 0x40,
    0x00, 0x6F, 0xFE, 0x40, 0x00, 0x00, 0x1A, 0x90, 0x00, 0x00, 0x00, 0xFF, 0x00, 0x00, 0x00, 0x07,
    0xF4, 0x00, 0x00, 0x00, 0x3F, 0x80, 0x00, 0x00, 0x02, 0xF8, 0x00, 0x00, 0x00, 0x1F, 0x80, 0x00,
    0x00, 0x00, 0xF8, 0x00, 0x00, 0x00, 0x00, 0x00, 0x00, 0x00, 0x00, 0x00, 0x00, 0x00, 0x00, 0x00,
    0x00, 0x00, 0x00, 0x0F, 0xFF, 0xFF, 0xE0, 0x00, 0x3F, 0xFF, 0xFF, 0xFC, 0x00, 0xFF, 0xFF, 0xFF,
    0xFD, 0x03, 0xF4, 0x00, 0x0B, 0xFC, 0x0F, 0xD0, 0x00, 0x07, 0xF4, 0x3F, 0x40, 0x00, 0x0F, 0xF0,
    0xFD, 0x00, 0x00, 0x2F, 0xC3, 0xF4, 0x00, 0x00, 0x7F, 0x0F, 0xD0, 0x00, 0x01, 0xFC, 0x3F, 0x40,
    0x00, 0x0B, 0xF0, 0xFD, 0x00, 0x00, 0x3F, 0x83, 0xF4, 0x00, 0x02, 0xFC, 0x0F, 0xD0, 0x00, 0x7F,
    0xD0, 0x3F, 0xFF, 0xFF, 0xFD, 0x00, 0xFF, 0xFF, 0xFF, 0x80, 0x03, 0xFF, 0xFF, 0xFC, 0x00, 0x0F,
    0xD0, 0x03, 0xF8, 0x00, 0x3F, 0x40, 0x07, 0xF4, 0x00, 0xFD, 0x00, 0x0F, 0xF0, 0x03, 0xF4, 0x00,
    0x0F, 0xD0, 0x0F, 0xD0, 0x00, 0x2F, 0xC0, 0x3F, 0x40, 0x00, 0x3F, 0x80, 0xFD, 0x00, 0x00, 0x7F,
    0x43, 0xF4, 0x00, 0x00, 0xFF, 0x0F, 0xD0, 0x00, 0x01, 0xFD, 0x3F, 0x40, 0x00, 0x03, 0xFC, 0xFD,
    0x00, 0x00, 0x03, 0xF8, 0x00, 0x01, 0xA8, 0x00, 0x03, 0xFC, 0x00, 0x0B, 0xF0, 0x00, 0x1F, 0xD0,
    0x00, 0x3F, 0x40, 0x00, 0xBD, 0x00, 0x00, 0xA0, 0x00, 0x00, 0x00, 0x00, 0x00, 0x00, 0x00, 0xFC,
    0x06, 0xFF, 0xFC, 0x2F, 0xFE, 0xFC, 0xBF, 0xFE, 0xFE, 0xF8, 0x00, 0xFF, 0xD0, 0x00, 0xFF, 0x80,
    0x00, 0xFF, 0x00, 0x00, 0xFE, 0x00, 0x00, 0xFE, 0x00, 0x00, 0xFD, 0x00, 0x00, 0xFD, 0x00, 0x00,
    0xFD, 0x00, 0x00, 0xFD, 0x00, 0x00, 0xFD, 0x00, 0x00, 0xFD, 0x00, 0x00, 0xFD, 0x00, 0x00, 0xFD,
    0x00, 0x00, 0xFD, 0x00, 0x00, 0xFD, 0x00, 0x00, 0xFD, 0x00, 0x00, 0xFD, 0x00, 0x00, 0xFF, 0xFF,
    0xFE, 0x00, 0x03, 0xFF, 0xFF, 0xFF, 0xC0, 0x0F, 0xFF, 0xFF, 0xFF, 0xD0, 0x3F, 0x40, 0x00, 0xBF,
    0xC0, 0xFD, 0x00, 0x00, 0x7F, 0x43, 0xF4, 0x00, 0x00, 0xFF, 0x0F, 0xD0, 0x00, 0x02, 0xFC, 0x3F,
    0x40, 0x00, 0x07, 0xF0, 0xFD, 0x00, 0x00, 0x1F, 0xC3, 0xF4, 0x00, 0x00, 0xBF, 0x0F, 0xD0, 0x00,
    0x03, 0xF8, 0x3F, 0x40, 0x00, 0x2F, 0xC0, 0xFD, 0x00, 0x07, 0xFD, 0x03, 0xFF, 0xFF, 0xFF, 0xD0,
    0x0F, 0xFF, 0xFF, 0xF8, 0x00, 0x3F, 0xFF, 0xFF, 0xC0, 0x00, 0xFD, 0x00, 0x3F, 0x80, 0x03, 0xF4,
    0x00, 0x7F, 0x40, 0x0F, 0xD0, 0x00, 0xFF, 0x00, 0x3F, 0x40, 0x00, 0xFD, 0x00, 0xFD, 0x00, 0x02,
    0xFC, 0x03, 0xF4, 0x00, 0x03, 0xF8, 0x0F, 0xD0, 0x00, 0x07, 0xF4, 0x3F, 0x40, 0x00, 0x0F, 0xF0,
    0xFD, 0x00, 0x00, 0x1F, 0xD3, 0xF4, 0x00, 0x00, 0x3F, 0xCF, 0xD0, 0x00, 0x00, 0x3F, 0x80, 0x00,
    0x00, 0x00, 0x00, 0x00, 0x00, 0x00, 0x00, 0x00, 0x00, 0x07, 0xF0, 0x00, 0x00, 0x00, 0x1F, 0x80,
    0x00, 0x00, 0x00, 0xBC, 0x00, 0x00, 0x00, 0x03, 0xE0, 0x00, 0x00, 0x00, 0x1F, 0x00, 0x00, 0x00,
    0x00, 0xB4, 0x00, 0x00, 0x00, 0x3F, 0x01, 0xBF, 0xCF, 0xC2, 0xFF, 0xE3, 0xF2, 0xFF, 0xF8, 0xFE,
    0xF8, 0x00, 0x3F, 0xF4, 0x00, 0x0F, 0xF8, 0x00, 0x03, 0xFC, 0x00, 0x00, 0xFE, 0x00, 0x00, 0x3F,
    0x80, 0x00, 0x0F, 0xD0, 0x00, 0x03, 0xF4, 0x00, 0x00, 0xFD, 0x00, 0x00, 0x3F, 0x40, 0x00, 0x0F,
    0xD0, 0x00, 0x03, 0xF4, 0x00, 0x00, 0xFD, 0x00, 0x00, 0x3F, 0x40, 0x00, 0x0F, 0xD0, 0x00, 0x03,
    0xF4, 0x00, 0x00, 0xFD, 0x00, 0x00, 0x3F, 0x40, 0x00, 0x00, 0x00, 0x00, 0x00, 0x00, 0x00, 0x00,
    0x7F, 0x00, 0x00, 0x2F, 0x80, 0x00, 0x0F, 0xC0, 0x00, 0x03, 0xE0, 0x00, 0x01, 0xF0, 0x00, 0x00,
    0xF4, 0x00, 0x00, 0x00, 0x0A, 0x00, 0x00, 0xA0, 0x00, 0x3F, 0x40, 0x1F, 0xC0, 0x00, 0x3F, 0x41,
    0xFC, 0x00, 0x00, 0x3F, 0x5F, 0xC0, 0x00, 0x00, 0x7F, 0xFD, 0x00, 0x00, 0x00, 0xBF, 0xE0, 0x00,
    0x00, 0x00, 0xFF, 0x00, 0x00, 0x00, 0x00, 0x00, 0x00, 0x00, 0x00, 0x00, 0x00, 0x00, 0x00, 0x00,
    0x00, 0x00, 0x00, 0x0F, 0xFF, 0xFF, 0xE0, 0x00, 0x3F, 0xFF, 0xFF, 0xFC, 0x00, 0xFF, 0xFF, 0xFF,
    0xFD, 0x03, 0xF4, 0x00, 0x0B, 0xFC, 0x0F, 0xD0, 0x00, 0x07, 0xF4, 0x3F, 0x40, 0x00, 0x0F, 0xF0,
    0xFD, 0x00, 0x00, 0x2F, 0xC3, 0xF4, 0x00, 0x00, 0x7F, 0x0F, 0xD0, 0x00, 0x01, 0xFC, 0x3F, 0x40,
    0x00, 0x0B, 0xF0, 0xFD, 0x00, 0x00, 0x3F, 0x83, 0xF4, 0x00, 0x02, 0xFC, 0x0F, 0xD0, 0x00, 0x7F,
    0xD0, 0x3F, 0xFF, 0xFF, 0xFD, 0x00, 0xFF, 0xFF, 0xFF, 0x80, 0x03, 0xFF, 0xFF, 0xFC, 0x00, 0x0F,
    0xD0, 0x03, 0xF8, 0x00, 0x3F, 0x40, 0x07, 0xF4, 0x00, 0xFD, 0x00, 0x0F, 0xF0, 0x03, 0xF4, 0x00,
    0x0F, 0xD0, 0x0F, 0xD0, 0x00, 0x2F, 0xC0, 0x3F, 0x40, 0x00, 0x3F, 0x80, 0xFD, 0x00, 0x00, 0x7F,
    0x43, 0xF4, 0x00, 0x00, 0xFF, 0x0F, 0xD0, 0x00, 0x01, 0xFD, 0x3F, 0x40, 0x00, 0x03, 0xFC, 0xFD,
    0x00, 0x00, 0x03, 0xF8, 0x64, 0x00, 0x02, 0x83, 0xF4, 0x01, 0xF8, 0x0F, 0xD0, 0xBF, 0x00, 0x3F,
    0x6F, 0xC0, 0x01, 0xFF, 0xF0, 0x00, 0x07, 0xFC, 0x00, 0x00, 0x1A, 0x40, 0x00, 0x00, 0x00, 0x00,
    0x00, 0x00, 0x00, 0x03, 0xF0, 0x1B, 0xFC, 0x3F, 0x0B, 0xFF, 0x83, 0xF2, 0xFF, 0xF8, 0x3F, 0xBE,
    0x00, 0x03, 0xFF, 0x40, 0x00, 0x3F, 0xE0, 0x00, 0x03, 0xFC, 0x00, 0x00, 0x3F, 0x80, 0x00, 0x03,
    0xF8, 0x00, 0x00, 0x3F, 0x40, 0x00, 0x03, 0xF4, 0x00, 0x00, 0x3F, 0x40, 0x00, 0x03, 0xF4, 0x00,
    0x00, 0x3F, 0x40, 0x00, 0x03, 0xF4, 0x00, 0x00, 0x3F, 0x40, 0x00, 0x03, 0xF4, 0x00, 0x00, 0x3F,
    0x40, 0x00, 0x03, 0xF4, 0x00, 0x00, 0x3F, 0x40, 0x00, 0x03, 0xF4, 0x00, 0x00, 0x00, 0x00, 0x02,
    0xA4, 0x00, 0x00, 0x00, 0xBF, 0x40, 0x00, 0x00, 0x1F, 0xE0, 0x00, 0x00, 0x03, 0xF8, 0x00, 0x00,
    0x00, 0xBE, 0x00, 0x00, 0x00, 0x0F, 0x80, 0x00, 0x00, 0x01, 0x90, 0x00, 0x00, 0x00, 0x00, 0x00,
    0x00, 0x00, 0x00, 0x00, 0x00, 0x00, 0x00, 0x00, 0x00, 0x00, 0x00, 0x1B, 0xFF, 0xE4, 0x00, 0x1F,
    0xFF, 0xFF, 0xF4, 0x07, 0xFF, 0xFF, 0xFF, 0x40, 0xFF, 0x40, 0x01, 0xF0, 0x2F, 0xC0, 0x00, 0x00,
    0x03, 0xF8, 0x00, 0x00, 0x00, 0x3F, 0x40, 0x00, 0x00, 0x03, 0xF4, 0x00, 0x00, 0x00, 0x3F, 0xC0,
    0x00, 0x00, 0x02, 0xFE, 0x00, 0x00, 0x00, 0x0F, 0xF8, 0x00, 0x00, 0x00, 0x7F, 0xF9, 0x00, 0x00,
    0x01, 0xFF, 0xFE, 0x00, 0x00, 0x02, 0xFF, 0xFE, 0x00, 0x00, 0x01, 0xFF, 0xFC, 0x00, 0x00, 0x00,
    0xBF, 0xF0, 0x00, 0x00, 0x00, 0xFF, 0x80, 0x00, 0x00, 0x03, 0xFC, 0x00, 0x00, 0x00, 0x0F, 0xD0,
    0x00, 0x00, 0x00, 0xFD, 0x00, 0x00, 0x00, 0x0F, 0xD0, 0x00, 0x00, 0x01, 0xFC, 0x00, 0x00, 0x00,
    0x3F, 0xCB, 0x90, 0x00, 0x1F, 0xF4, 0xBF, 0xFF, 0xFF, 0xFD, 0x07, 0xFF, 0xFF, 0xFF, 0x40, 0x06,
    0xFF, 0xFE, 0x40, 0x00, 0x00, 0x00, 0xBF, 0x40, 0x00, 0x03, 0xFC, 0x00, 0x00, 0x2F, 0xC0, 0x00,
    0x00, 0xFC, 0x00, 0x00, 0x0F, 0xD0, 0x00, 0x00, 0x7D, 0x00, 0x00, 0x01, 0x90, 0x00, 0x00, 0x00,
    0x00, 0x00, 0x00, 0x00, 0x00, 0x00, 0x06, 0xFF, 0xE4, 0x00, 0xFF, 0xFF, 0xFE, 0x0F, 0xFF, 0xFF,
    0xF4, 0xBF, 0x40, 0x06, 0xC3, 0xF8, 0x00, 0x00, 0x0F, 0xD0, 0x00, 0x00, 0x3F, 0xC0, 0x00, 0x00,
    0xBF, 0xC0, 0x00, 0x00, 0xFF, 0xF4, 0x00, 0x00, 0xBF, 0xFE, 0x00, 0x00, 0x2F, 0xFF, 0x80, 0x00,
    0x07, 0xFF, 0xC0, 0x00, 0x01, 0xFF, 0xC0, 0x00, 0x00, 0xBF, 0x00, 0x00, 0x00, 0xFD, 0x00, 0x00,
    0x03, 0xF4, 0x00, 0x00, 0x1F, 0xCF, 0x40, 0x01, 0xFF, 0x3F, 0xFF, 0xFF, 0xF4, 0xFF, 0xFF, 0xFF,
    0x40, 0x6F, 0xFF, 0x90, 0x00, 0x00, 0x01, 0xA4, 0x00, 0x00, 0x00, 0x3F, 0xE0, 0x00, 0x00, 0x0F,
    0xFF, 0x40, 0x00, 0x02, 0xFD, 0xFC, 0x00, 0x00, 0x7F, 0x07, 0xF0, 0x00, 0x1F, 0x80, 0x0F, 0xC0,
    0x01, 0x90, 0x00, 0x19, 0x00, 0x00, 0x00, 0x00, 0x00, 0x00, 0x00, 0x00, 0x00, 0x00, 0x00, 0x00,
    0x00, 0x00, 0x00, 0x1B, 0xFF, 0xE4, 0x00, 0x1F, 0xFF, 0xFF, 0xF4, 0x07, 0xFF, 0xFF, 0xFF, 0x40,
    0xFF, 0x40, 0x01, 0xF0, 0x2F, 0xC0, 0x00, 0x00, 0x03, 0xF8, 0x00, 0x00, 0x00, 0x3F, 0x40, 0x00,
    0x00, 0x03, 0xF4, 0x00, 0x00, 0x00, 0x3F, 0xC0, 0x00, 0x00, 0x02, 0xFE, 0x00, 0x00, 0x00, 0x0F,
    0xF8, 0x00, 0x00, 0x00, 0x7F, 0xF9, 0x00, 0x00, 0x01, 0xFF, 0xFE, 0x00, 0x00, 0x02, 0xFF, 0xFE,
    0x00, 0x00, 0x01, 0xFF, 0xFC, 0x00, 0x00, 0x00, 0xBF, 0xF0, 0x00, 0x00, 0x00, 0xFF, 0x80, 0x00,
    0x00, 0x03, 0xFC, 0x00, 0x00, 0x00, 0x0F, 0xD0, 0x00, 0x00, 0x00, 0xFD, 0x00, 0x00, 0x00, 0x0F,
    0xD0, 0x00, 0x00, 0x01, 0xFC, 0x00, 0x00, 0x00, 0x3F, 0xCB, 0x90, 0x00, 0x1F, 0xF4, 0xBF, 0xFF,
    0xFF, 0xFD, 0x07, 0xFF, 0xFF, 0xFF, 0x40, 0x06, 0xFF, 0xFE, 0x40, 0x00, 0x00, 0x3F, 0xC0, 0x00,
    0x01, 0xFF, 0x80, 0x00, 0x1F, 0xFF, 0x40, 0x00, 0xFD, 0x7F, 0x00, 0x0F, 0xE0, 0x7F, 0x00, 0xBD,
    0x00, 0x7F, 0x02, 0x90, 0x00, 0x28, 0x00, 0x00, 0x00, 0x00, 0x00, 0x00, 0x00, 0x00, 0x06, 0xFF,
    0xE4, 0x00, 0xFF, 0xFF, 0xFE, 0x0F, 0xFF, 0xFF, 0xF4, 0xBF, 0x40, 0x06, 0xC3, 0xF8, 0x00, 0x00,
    0x0F, 0xD0, 0x00, 0x00, 0x3F, 0xC0, 0x00, 0x00, 0xBF, 0xC0, 0x00, 0x00, 0xFF, 0xF4, 0x00, 0x00,
    0xBF, 0xFE, 0x00, 0x00, 0x2F, 0xFF, 0x80, 0x00, 0x07, 0xFF, 0xC0, 0x00, 0x01, 0xFF, 0xC0, 0x00,
    0x00, 0xBF, 0x00, 0x00, 0x00, 0xFD, 0x00, 0x00, 0x03, 0xF4, 0x00, 0x00, 0x1F, 0xCF, 0x40, 0x01,
    0xFF, 0x3F, 0xFF, 0xFF, 0xF4, 0xFF, 0xFF, 0xFF, 0x40, 0x6F, 0xFF, 0x90, 0x00, 0x00, 0x1B, 0xFF,
    0xE4, 0x00, 0x1F, 0xFF, 0xFF, 0xF4, 0x07, 0xFF, 0xFF, 0xFF, 0x40, 0xFF, 0x40, 0x01, 0xF0, 0x2F,
    0xC0, 0x00, 0x00, 0x03, 0xF8, 0x00, 0x00, 0x00, 0x3F, 0x40, 0x00, 0x00, 0x03, 0xF4, 0x00, 0x00,
    0x00, 0x3F, 0xC0, 0x00, 0x00, 0x02, 0xFE, 0x00, 0x00, 0x00, 0x0F, 0xF8, 0x00, 0x00, 0x00, 0x7F,
    0xF9, 0x00, 0x00, 0x01, 0xFF, 0xFE, 0x00, 0x00, 0x02, 0xFF, 0xFE, 0x00, 0x00, 0x01, 0xFF, 0xFC,
    0x00, 0x00, 0x00, 0xBF, 0xF0, 0x00, 0x00, 0x00, 0xFF, 0x80, 0x00, 0x00, 0x03, 0xFC, 0x00, 0x00,
    0x00, 0x0F, 0xD0, 0x00, 0x00, 0x00, 0xFD, 0x00, 0x00, 0x00, 0x0F, 0xD0, 0x00, 0x00, 0x01, 0xFC,
    0x00, 0x00, 0x00, 0x3F, 0xCB, 0x90, 0x00, 0x1F, 0xF4, 0xBF, 0xFF, 0xFF, 0xFD, 0x07, 0xFF, 0xFF,
    0xFF, 0x40, 0x06, 0xFF, 0xFE, 0x40, 0x00, 0x00, 0x3C, 0x00, 0x00, 0x00, 0x07, 0xC0, 0x00, 0x00,
    0x00, 0xFF, 0x80, 0x00, 0x00, 0x01, 0xFE, 0x00, 0x00, 0x00, 0x03, 0xF0, 0x00, 0x00, 0x00, 0x3F,
    0x00, 0x00, 0x00, 0x0B, 0xE0, 0x00, 0x00, 0x7F, 0xFC, 0x00, 0x00, 0x07, 0xFE, 0x00, 0x00, 0x01,
    0xBF, 0xF9, 0x00, 0x3F, 0xFF, 0xFF, 0x83, 0xFF, 0xFF, 0xFD, 0x2F, 0xD0, 0x01, 0xB0, 0xFE, 0x00,
    0x00, 0x03, 0xF4, 0x00, 0x00, 0x0F, 0xF0, 0x00, 0x00, 0x2F, 0xF0, 0x00, 0x00, 0x3F, 0xFD, 0x00,
    0x00, 0x2F, 0xFF, 0x80, 0x00, 0x0B, 0xFF, 0xE0, 0x00, 0x01, 0xFF, 0xF0, 0x00, 0x00, 0x7F, 0xF0,
    0x00, 0x00, 0x2F, 0xC0, 0x00, 0x00, 0x3F, 0x40, 0x00, 0x00, 0xFD, 0x00, 0x00, 0x07, 0xF3, 0xD0,
    0x00, 0x7F, 0xCF, 0xFF, 0xFF, 0xFD, 0x3F, 0xFF, 0xFF, 0xD0, 0x1B, 0xFF, 0xE4, 0x00, 0x00, 0x3C,
    0x00, 0x00, 0x01, 0xE0, 0x00, 0x00, 0x0F, 0xF4, 0x00, 0x00, 0x07, 0xF4, 0x00, 0x00, 0x03, 0xF0,
    0x00, 0x00, 0x0F, 0xC0, 0x00, 0x00, 0xBE, 0x00, 0x01, 0xFF, 0xF0, 0x00, 0x07, 0xFE, 0x00, 0x00,
    0x01, 0x90, 0x00, 0x19, 0x00, 0x1F, 0x80, 0x0F, 0xC0, 0x00, 0xBF, 0x07, 0xF0, 0x00, 0x02, 0xFD,
    0xFC, 0x00, 0x00, 0x0F, 0xFF, 0x40, 0x00, 0x00, 0x3F, 0xE0, 0x00, 0x00, 0x01, 0xA4, 0x00, 0x00,
    0x00, 0x00, 0x00, 0x00, 0x00, 0x00, 0x00, 0x00, 0x00, 0x00, 0x00, 0x00, 0x00, 0x00, 0x1B, 0xFF,
    0xE4, 0x00, 0x1F, 0xFF, 0xFF, 0xF4, 0x07, 0xFF, 0xFF, 0xFF, 0x40, 0xFF, 0x40, 0x01, 0xF0, 0x2F,
    0xC0, 0x00, 0x00, 0x03, 0xF8, 0x00, 0x00, 0x00, 0x3F, 0x40, 0x00, 0x00, 0x03, 0xF4, 0x00, 0x00,
    0x00, 0x3F, 0xC0, 0x00, 0x00, 0x02, 0xFE, 0x00, 0x00, 0x00, 0x0F, 0xF8, 0x00, 0x00, 0x00, 0x7F,
    0xF9, 0x00, 0x00, 0x01, 0xFF, 0xFE, 0x00, 0x00, 0x02, 0xFF, 0xFE, 0x00, 0x00, 0x01, 0xFF, 0xFC,
    0x00, 0x00, 0x00, 0xBF, 0xF0, 0x00, 0x00, 0x00, 0xFF, 0x80, 0x00, 0x00, 0x03, 0xFC, 0x00, 0x00,
    0x00, 0x0F, 0xD0, 0x00, 0x00, 0x00, 0xFD, 0x00, 0x00, 0x00, 0x0F, 0xD0, 0x00, 0x00, 0x01, 0xFC,
    0x00, 0x00, 0x00, 0x3F, 0xCB, 0x90, 0x00, 0x1F, 0xF4, 0xBF, 0xFF, 0xFF, 0xFD, 0x07, 0xFF, 0xFF,
    0xFF, 0x40, 0x06, 0xFF, 0xFE, 0x40, 0x00, 0x3F, 0x00, 0x0B, 0xD0, 0x7F, 0x00, 0xFE, 0x00, 0x7F,
    0x0F, 0xE0, 0x00, 0xBF, 0xBF, 0x00, 0x00, 0xFF, 0xF0, 0x00, 0x00, 0xFF, 0x40, 0x00, 0x01, 0xA4,
    0x00, 0x00, 0x00, 0x00, 0x00, 0x00, 0x00, 0x00, 0x00, 0x06, 0xFF, 0xE4, 0x00, 0xFF, 0xFF, 0xFE,
    0x0F, 0xFF, 0xFF, 0xF4, 0xBF, 0x40, 0x06, 0xC3, 0xF8, 0x00, 0x00, 0x0F, 0xD0, 0x00, 0x00, 0x3F,
    0xC0, 0x00, 0x00, 0xBF, 0xC0, 0x00, 0x00, 0xFF, 0xF4, 0x00, 0x00, 0xBF, 0xFE, 0x00, 0x00, 0x2F,
    0xFF, 0x80, 0x00, 0x07, 0xFF, 0xC0, 0x00, 0x01, 0xFF, 0xC0, 0x00, 0x00, 0xBF, 0x00, 0x00, 0x00,
    0xFD, 0x00, 0x00, 0x03, 0xF4, 0x00, 0x00, 0x1F, 0xCF, 0x40, 0x01, 0xFF, 0x3F, 0xFF, 0xFF, 0xF4,
    0xFF, 0xFF, 0xFF, 0x40, 0x6F, 0xFF, 0x90, 0x00, 0xFF, 0xFF, 0xFF, 0xFF, 0xFF, 0xFF, 0xFF, 0xFF,
    0xFF, 0xFF, 0xFF, 0xFF, 0xFF, 0xFF, 0xFF, 0x00, 0x00, 0x7F, 0x00, 0x00, 0x00, 0x00, 0x7F, 0x00,
    0x00, 0x00, 0x00, 0x7F, 0x00, 0x00, 0x00, 0x00, 0x7F, 0x00, 0x00, 0x00, 0x00, 0x7F, 0x00, 0x00,
    0x00, 0x00, 0x7F, 0x00, 0x00, 0x00, 0x00, 0x7F, 0x00, 0x00, 0x00, 0x00, 0x7F, 0x00, 0x00, 0x00,
    0x00, 0x7F, 0x00, 0x00, 0x00, 0x00, 0x7F, 0x00, 0x00, 0x00, 0x00, 0x7F, 0x00, 0x00, 0x00, 0x00,
    0x7F, 0x00, 0x00, 0x00, 0x00, 0x7F, 0x00, 0x00, 0x00, 0x00, 0x7F, 0x00, 0x00, 0x00, 0x00, 0x7F,
    0x00, 0x00, 0x00, 0x00, 0x7F, 0x00, 0x00, 0x00, 0x00, 0x7F, 0x00, 0x00, 0x00, 0x00, 0x7F, 0x00,
    0x00, 0x00, 0x00, 0x7F, 0x00, 0x00, 0x00, 0x00, 0x7F, 0x00, 0x00, 0x00, 0x00, 0x7F, 0x00, 0x00,
    0x00, 0x00, 0x7F, 0x00, 0x00, 0x00, 0x00, 0x7F, 0x00, 0x00, 0x00, 0x00, 0x7F, 0x00, 0x00, 0x00,
    0x00, 0x2D, 0x00, 0x00, 0x00, 0x00, 0x3C, 0x00, 0x00, 0x00, 0x00, 0xBE, 0x40, 0x00, 0x00, 0x00,
    0x6F, 0xD0, 0x00, 0x00, 0x00, 0x03, 0xF0, 0x00, 0x00, 0x00, 0x03, 0xF0, 0x00, 0x00, 0x00, 0x07,
    0xF0, 0x00, 0x00, 0x07, 0xFF, 0xC0, 0x00, 0x00, 0x07, 0xFE, 0x00, 0x00, 0x00, 0x00, 0x00, 0x00,
    0x00, 0x00, 0xF0, 0x00, 0x01, 0xF0, 0x00, 0x02, 0xF0, 0x00, 0x03, 0xF0, 0x00, 0x07, 0xF0, 0x00,
    0x2F, 0xFF, 0xFF, 0xFF, 0xFF, 0xFF, 0xFF, 0xFF, 0xFF, 0x07, 0xF0, 0x00, 0x07, 0xF0, 0x00, 0x07,
    0xF0, 0x00, 0x07, 0xF0, 0x00, 0x07, 0xF0, 0x00, 0x07, 0xF0, 0x00, 0x07, 0xF0, 0x00, 0x07, 0xF0,
    0x00, 0x07, 0xF0, 0x00, 0x07, 0xF0, 0x00, 0x07, 0xF0, 0x00, 0x07, 0xF0, 0x00, 0x07, 0xF0, 0x00,
    0x07, 0xF4, 0x00, 0x03, 0xFC, 0x00, 0x02, 0xFF, 0xFF, 0x00, 0xBF, 0xFF, 0x00, 0x1F, 0xFE, 0x00,
    0x0F, 0x00, 0x00, 0x1F, 0x00, 0x00, 0x3F, 0xE0, 0x00, 0x07, 0xF8, 0x00, 0x00, 0xFC, 0x00, 0x00,
    0xFC, 0x00, 0x02, 0xF8, 0x01, 0xFF, 0xF0, 0x01, 0xFF, 0x80, 0x00, 0xA0, 0x00, 0x06, 0x00, 0x00,
    0xBD, 0x00, 0x3F, 0x00, 0x00, 0x3F, 0x80, 0xFC, 0x00, 0x00, 0x0F, 0xE3, 0xF4, 0x00, 0x00, 0x03,
    0xFF, 0xE0, 0x00, 0x00, 0x01, 0xFF, 0xC0, 0x00, 0x00, 0x00, 0xBF, 0x00, 0x00, 0x00, 0x00, 0x00,
    0x00, 0x00, 0x00, 0x00, 0x00, 0x00, 0x00, 0x00, 0x00, 0x00, 0x00, 0x00, 0xFF, 0xFF, 0xFF, 0xFF,
    0xFF, 0xFF, 0xFF, 0xFF, 0xFF, 0xFF, 0xFF, 0xFF, 0xFF, 0xFF, 0xFF, 0x00, 0x00, 0x7F, 0x00, 0x00,
    0x00, 0x00, 0x7F, 0x00, 0x00, 0x00, 0x00, 0x7F, 0x00, 0x00, 0x00, 0x00, 0x7F, 0x00, 0x00, 0x00,
    0x00, 0x7F, 0x00, 0x00, 0x00, 0x00, 0x7F, 0x00, 0x00, 0x00, 0x00, 0x7F, 0x00, 0x00, 0x00, 0x00,
    0x7F, 0x00, 0x00, 0x00, 0x00, 0x7F, 0x00, 0x00, 0x00, 0x00, 0x7F, 0x00, 0x00, 0x00, 0x00, 0x7F,
    0x00, 0x00, 0x00, 0x00, 0x7F, 0x00, 0x00, 0x00, 0x00, 0x7F, 0x00, 0x00, 0x00, 0x00, 0x7F, 0x00,
    0x00, 0x00, 0x00, 0x7F, 0x00, 0x00, 0x00, 0x00, 0x7F, 0x00, 0x00, 0x00, 0x00, 0x7F, 0x00, 0x00,
    0x00, 0x00, 0x7F, 0x00, 0x00, 0x00, 0x00, 0x7F, 0x00, 0x00, 0x00, 0x00, 0x7F, 0x00, 0x00, 0x00,
    0x00, 0x7F, 0x00, 0x00, 0x00, 0x00, 0x7F, 0x00, 0x00, 0x00, 0x00, 0x7F, 0x00, 0x00, 0x00, 0x00,
    0x7F, 0x00, 0x00, 0x00, 0x00, 0x00, 0x1F, 0xC0, 0x00, 0x00, 0x0B, 0xE0, 0x00, 0x00, 0x03, 0xF0,
    0x00, 0x00, 0x00, 0xF8, 0x00, 0xF0, 0x00, 0x7C, 0x00, 0xBC, 0x00, 0x2E, 0x00, 0x3F, 0x00, 0x00,
    0x00, 0x0F, 0xC0, 0x00, 0x00, 0x2F, 0xFF, 0xFF, 0x00, 0x3F, 0xFF, 0xFF, 0xC0, 0x0F, 0xFF, 0xFF,
    0xF0, 0x00, 0x1F, 0xC0, 0x00, 0x00, 0x07, 0xF0, 0x00, 0x00, 0x01, 0xFC, 0x00, 0x00, 0x00, 0x7F,
    0x00, 0x00, 0x00, 0x1F, 0xC0, 0x00, 0x00, 0x07, 0xF0, 0x00, 0x00, 0x01, 0xFC, 0x00, 0x00, 0x00,
    0x7F, 0x00, 0x00, 0x00, 0x1F, 0xC0, 0x00, 0x00, 0x07, 0xF0, 0x00, 0x00, 0x01, 0xFC, 0x00, 0x00,
    0x00, 0x7F, 0x00, 0x00, 0x00, 0x1F, 0xC0, 0x00, 0x00, 0x07, 0xF4, 0x00, 0x00, 0x00, 0xFF, 0x40,
    0x00, 0x00, 0x2F, 0xFF, 0xF0, 0x00, 0x02, 0xFF, 0xFC, 0x00, 0x00, 0x1B, 0xFE, 0x00, 0x00, 0xFF,
    0xFF, 0xFF, 0xFF, 0xFF, 0xFF, 0xFF, 0xFF, 0xFF, 0xFF, 0xFF, 0xFF, 0xFF, 0xFF, 0xFF, 0x00, 0x00,
    0x7F, 0x00, 0x00, 0x00, 0x00, 0x7F, 0x00, 0x00, 0x00, 0x00, 0x7F, 0x00, 0x00, 0x00, 0x00, 0x7F,
    0x00, 0x00, 0x00, 0x00, 0x7F, 0x00, 0x00, 0x00, 0x00, 0x7F, 0x00, 0x00, 0x00, 0x00, 0x7F, 0x00,
    0x00, 0x00, 0x00, 0x7F, 0x00, 0x00, 0x00, 0x00, 0x7F, 0x00, 0x00, 0x0F, 0xFF, 0xFF, 0xFF, 0xC0,
    0x0F, 0xFF, 0xFF, 0xFF, 0xC0, 0x0F, 0xFF, 0xFF, 0xFF, 0xC0, 0x00, 0x00, 0x7F, 0x00, 0x00, 0x00,
    0x00, 0x7F, 0x00, 0x00, 0x00, 0x00, 0x7F, 0x00, 0x00, 0x00, 0x00, 0x7F, 0x00, 0x00, 0x00, 0x00,
    0x7F, 0x00, 0x00, 0x00, 0x00, 0x7F, 0x00, 0x00, 0x00, 0x00, 0x7F, 0x00, 0x00, 0x00, 0x00, 0x7F,
    0x00, 0x00, 0x00, 0x00, 0x7F, 0x00, 0x00, 0x00, 0x00, 0x7F, 0x00, 0x00, 0x00, 0x00, 0x7F, 0x00,
    0x00, 0x00, 0x00, 0x7F, 0x00, 0x00, 0x00, 0xF0, 0x00, 0x01, 0xF0, 0x00, 0x02, 0xF0, 0x00, 0x03,
    0xF0, 0x00, 0x07, 0xF0, 0x00, 0x2F, 0xFF, 0xFF, 0xFF, 0xFF, 0xFF, 0xFF, 0xFF, 0xFF, 0x07, 0xF0,
    0x00, 0x07, 0xF0, 0x00, 0x07, 0xF0, 0x00, 0x07, 0xF0, 0x00, 0x6B, 0xFA, 0xA9, 0xBF, 0xFF, 0xFE,
    0xBF, 0xFF, 0xFE, 0x07, 0xF0, 0x00, 0x07, 0xF0, 0x00, 0x07, 0xF0, 0x00, 0x07, 0xF0, 0x00, 0x07,
    0xF0, 0x00, 0x07, 0xF0, 0x00, 0x07, 0xF4, 0x00, 0x03, 0xFD, 0x00, 0x02, 0xFF, 0xFF, 0x00, 0xBF,
    0xFF, 0x00, 0x1B, 0xFE, 0x00, 0x1F, 0xD0, 0x03, 0xC0, 0x00, 0x1F, 0xFF, 0x41, 0xE0, 0x00, 0x0F,
    0xFF, 0xFF, 0xF4, 0x00, 0x03, 0xC0, 0xBF, 0xFC, 0x00, 0x01, 0xE0, 0x02, 0xF8, 0x00, 0x00, 0x00,
    0x00, 0x00, 0x00, 0x00, 0x00, 0x00, 0x00, 0x00, 0x00, 0x00, 0x00, 0x00, 0x00, 0x00, 0xFD, 0x00,
    0x00, 0x00, 0x3F, 0x7F, 0x40, 0x00, 0x00, 0x0F, 0xDF, 0xD0, 0x00, 0x00, 0x03, 0xF7, 0xF4, 0x00,
    0x00, 0x00, 0xFD, 0xFD, 0x00, 0x00, 0x00, 0x3F, 0x7F, 0x40, 0x00, 0x00, 0x0F, 0xDF, 0xD0, 0x00,
    0x00, 0x03, 0xF7, 0xF4, 0x00, 0x00, 0x00, 0xFD, 0xFD, 0x00, 0x00, 0x00, 0x3F, 0x7F, 0x40, 0x00,
    0x00, 0x0F, 0xDF, 0xD0, 0x00, 0x00, 0x03, 0xF7, 0xF4, 0x00, 0x00, 0x00, 0xFD, 0xFD, 0x00, 0x00,
    0x00, 0x3F, 0x7F, 0x40, 0x00, 0x00, 0x0F, 0xDF, 0xD0, 0x00, 0x00, 0x03, 0xF7, 0xF4, 0x00, 0x00,
    0x00, 0xFD, 0xFD, 0x00, 0x00, 0x00, 0x3F, 0x7F, 0x40, 0x00, 0x00, 0x0F, 0xDF, 0xD0, 0x00, 0x00,
    0x03, 0xF7, 0xF8, 0x00, 0x00, 0x01, 0xFC, 0xBF, 0x00, 0x00, 0x00, 0xBF, 0x0F, 0xD0, 0x00, 0x00,
    0x3F, 0x82, 0xFD, 0x00, 0x00, 0x3F, 0xC0, 0x3F, 0xE0, 0x00, 0x7F, 0xD0, 0x07, 0xFF, 0xFF, 0xFF,
    0xE0, 0x00, 0x3F, 0xFF, 0xFF, 0xD0, 0x00, 0x00, 0xBF, 0xFE, 0x40, 0x00, 0x00, 0xBE, 0x00, 0x2D,
    0x00, 0xFF, 0xF4, 0x0F, 0x00, 0xBF, 0xFF, 0xFF, 0xC0, 0x3D, 0x07, 0xFF, 0xD0, 0x0F, 0x00, 0x1F,
    0xD0, 0x00, 0x00, 0x00, 0x00, 0x00, 0x00, 0x00, 0x00, 0x03, 0xF4, 0x00, 0x00, 0x7F, 0xFD, 0x00,
    0x00, 0x1F, 0xFF, 0x40, 0x00, 0x07, 0xFF, 0xD0, 0x00, 0x01, 0xFF, 0xF4, 0x00, 0x00, 0x7F, 0xFD,
    0x00, 0x00, 0x1F, 0xFF, 0x40, 0x00, 0x07, 0xFF, 0xD0, 0x00, 0x01, 0xFF, 0xF4, 0x00, 0x00, 0x7F,
    0xFD, 0x00, 0x00, 0x1F, 0xFF, 0x40, 0x00, 0x07, 0xFF, 0xD0, 0x00, 0x01, 0xFF, 0xF4, 0x00, 0x00,
    0xBF, 0xFD, 0x00, 0x00, 0x2F, 0xFF, 0x40, 0x00, 0x0F, 0xFF, 0xE0, 0x00, 0x07, 0xFE, 0xFC, 0x00,
    0x03, 0xFF, 0x7F, 0xD0, 0x07, 0xFF, 0xCB, 0xFF, 0xFF, 0xF7, 0xF0, 0xBF, 0xFF, 0xF0, 0xFC, 0x06,
    0xFF, 0x90, 0x3F, 0x00, 0x3F, 0xFF, 0xFF, 0x00, 0x00, 0x0F, 0xFF, 0xFF, 0xC0, 0x00, 0x03, 0xFF,
    0xFF, 0xF0, 0x00, 0x00, 0x00, 0x00, 0x00, 0x00, 0x00, 0x00, 0x00, 0x00, 0x00, 0x00, 0x00, 0x00,
    0x00, 0x00, 0x0F, 0xD0, 0x00, 0x00, 0x03, 0xF7, 0xF4, 0x00, 0x00, 0x00, 0xFD, 0xFD, 0x00, 0x00,
    0x00, 0x3F, 0x7F, 0x40, 0x00, 0x00, 0x0F, 0xDF, 0xD0, 0x00, 0x00, 0x03, 0xF7, 0xF4, 0x00, 0x00,
    0x00, 0xFD, 0xFD, 0x00, 0x00, 0x00, 0x3F, 0x7F, 0x40, 0x00, 0x00, 0x0F, 0xDF, 0xD0, 0x00, 0x00,
    0x03, 0xF7, 0xF4, 0x00, 0x00, 0x00, 0xFD, 0xFD, 0x00, 0x00, 0x00, 0x3F, 0x7F, 0x40, 0x00, 0x00,
    0x0F, 0xDF, 0xD0, 0x00, 0x00, 0x03, 0xF7, 0xF4, 0x00, 0x00, 0x00, 0xFD, 0xFD, 0x00, 0x00, 0x00,
    0x3F, 0x7F, 0x40, 0x00, 0x00, 0x0F, 0xDF, 0xD0, 0x00, 0x00, 0x03, 0xF7, 0xF4, 0x00, 0x00, 0x00,
    0xFD, 0xFD, 0x00, 0x00, 0x00, 0x3F, 0x7F, 0x80, 0x00, 0x00, 0x1F, 0xCB, 0xF0, 0x00, 0x00, 0x0B,
    0xF0, 0xFD, 0x00, 0x00, 0x03, 0xF8, 0x2F, 0xD0, 0x00, 0x03, 0xFC, 0x03, 0xFE, 0x00, 0x07, 0xFD,
    0x00, 0x7F, 0xFF, 0xFF, 0xFE, 0x00, 0x03, 0xFF, 0xFF, 0xFD, 0x00, 0x00, 0x0B, 0xFF, 0xE4, 0x00,
    0x00, 0x03, 0xFF, 0xFF, 0xF0, 0x00, 0xFF, 0xFF, 0xFC, 0x00, 0x3F, 0xFF, 0xFF, 0x00, 0x00, 0x00,
    0x00, 0x00, 0x00, 0x00, 0x00, 0x00, 0x00, 0x00, 0x00, 0x00, 0x0F, 0xD0, 0x00, 0x01, 0xFF, 0xF4,
    0x00, 0x00, 0x7F, 0xFD, 0x00, 0x00, 0x1F, 0xFF, 0x40, 0x00, 0x07, 0xFF, 0xD0, 0x00, 0x01, 0xFF,
    0xF4, 0x00, 0x00, 0x7F, 0xFD, 0x00, 0x00, 0x1F, 0xFF, 0x40, 0x00, 0x07, 0xFF, 0xD0, 0x00, 0x01,
    0xFF, 0xF4, 0x00, 0x00, 0x7F, 0xFD, 0x00, 0x00, 0x1F, 0xFF, 0x40, 0x00, 0x07, 0xFF, 0xD0, 0x00,
    0x02, 0xFF, 0xF4, 0x00, 0x00, 0xBF, 0xFD, 0x00, 0x00, 0x3F, 0xFF, 0x80, 0x00, 0x1F, 0xFB, 0xF0,
    0x00, 0x0F, 0xFD, 0xFF, 0x40, 0x1F, 0xFF, 0x2F, 0xFF, 0xFF, 0xDF, 0xC2, 0xFF, 0xFF, 0xC3, 0xF0,
    0x1B, 0xFE, 0x40, 0xFC, 0x00, 0x24, 0x00, 0x09, 0x00, 0x00, 0x1E, 0x00, 0x07, 0xC0, 0x00, 0x03,
    0xE0, 0x07, 0xD0, 0x00, 0x00, 0xBF, 0xFF, 0xF0, 0x00, 0x00, 0x0F, 0xFF, 0xF0, 0x00, 0x00, 0x00,
    0x6F, 0x90, 0x00, 0x00, 0x00, 0x00, 0x00, 0x00, 0x00, 0x00, 0x00, 0x00, 0x00, 0x00, 0x00, 0x00,
    0x00, 0x00, 0x00, 0x3F, 0x40, 0x00, 0x00, 0x0F, 0xDF, 0xD0, 0x00, 0x00, 0x03, 0xF7, 0xF4, 0x00,
    0x00, 0x00, 0xFD, 0xFD, 0x00, 0x00, 0x00, 0x3F, 0x7F, 0x40, 0x00, 0x00, 0x0F, 0xDF, 0xD0, 0x00,
    0x00, 0x03, 0xF7, 0xF4, 0x00, 0x00, 0x00, 0xFD, 0xFD, 0x00, 0x00, 0x00, 0x3F, 0x7F, 0x40, 0x00,
    0x00, 0x0F, 0xDF, 0xD0, 0x00, 0x00, 0x03, 0xF7, 0xF4, 0x00, 0x00, 0x00, 0xFD, 0xFD, 0x00, 0x00,
    0x00, 0x3F, 0x7F, 0x40, 0x00, 0x00, 0x0F, 0xDF, 0xD0, 0x00, 0x00, 0x03, 0xF7, 0xF4, 0x00, 0x00,
    0x00, 0xFD, 0xFD, 0x00, 0x00, 0x00, 0x3F, 0x7F, 0x40, 0x00, 0x00, 0x0F, 0xDF, 0xD0, 0x00, 0x00,
    0x03, 0xF7, 0xF4, 0x00, 0x00, 0x00, 0xFD, 0xFE, 0x00, 0x00, 0x00, 0x7F, 0x2F, 0xC0, 0x00, 0x00,
    0x2F, 0xC3, 0xF4, 0x00, 0x00, 0x0F, 0xE0, 0xBF, 0x40, 0x00, 0x0F, 0xF0, 0x0F, 0xF8, 0x00, 0x1F,
    0xF4, 0x01, 0xFF, 0xFF, 0xFF, 0xF8, 0x00, 0x0F, 0xFF, 0xFF, 0xF4, 0x00, 0x00, 0x2F, 0xFF, 0x90,
    0x00, 0x03, 0xC0, 0x00, 0xF4, 0x00, 0xF8, 0x00, 0xBC, 0x00, 0x2F, 0xFF, 0xFE, 0x00, 0x03, 0xFF,
    0xFE, 0x00, 0x00, 0x1F, 0xF9, 0x00, 0x00, 0x00, 0x00, 0x00, 0x00, 0x00, 0x00, 0x00, 0x00, 0x00,
    0x00, 0x00, 0x00, 0xFD, 0x00, 0x00, 0x1F, 0xFF, 0x40, 0x00, 0x07, 0xFF, 0xD0, 0x00, 0x01, 0xFF,
    0xF4, 0x00, 0x00, 0x7F, 0xFD, 0x00, 0x00, 0x1F, 0xFF, 0x40, 0x00, 0x07, 0xFF, 0xD0, 0x00, 0x01,
    0xFF, 0xF4, 0x00, 0x00, 0x7F, 0xFD, 0x00, 0x00, 0x1F, 0xFF, 0x40, 0x00, 0x07, 0xFF, 0xD0, 0x00,
    0x01, 0xFF, 0xF4, 0x00, 0x00, 0x7F, 0xFD, 0x00, 0x00, 0x2F, 0xFF, 0x40, 0x00, 0x0B, 0xFF, 0xD0,
    0x00, 0x03, 0xFF, 0xF8, 0x00, 0x01, 0xFF, 0xBF, 0x00, 0x00, 0xFF, 0xDF, 0xF4, 0x01, 0xFF, 0xF2,
    0xFF, 0xFF, 0xFD, 0xFC, 0x2F, 0xFF, 0xFC, 0x3F, 0x01, 0xBF, 0xE4, 0x0F, 0xC0, 0x00, 0x00, 0xBE,
    0x00, 0x00, 0x00, 0x00, 0xFF, 0xF4, 0x00, 0x00, 0x00, 0xF8, 0x2F, 0x00, 0x00, 0x00, 0x3C, 0x03,
    0xC0, 0x00, 0x00, 0x0F, 0x00, 0xF0, 0x00, 0x00, 0x03, 0xE0, 0xBC, 0x00, 0x00, 0x00, 0x7F, 0xFD,
    0x00, 0x00, 0x00, 0x07, 0xFD, 0x00, 0x00, 0x00, 0x00, 0x00, 0x00, 0x00, 0x00, 0x00, 0x00, 0x00,
    0x00, 0x00, 0x00, 0x00, 0x00, 0x00, 0x00, 0x00, 0x00, 0x00, 0x00, 0x00, 0xFD, 0x00, 0x00, 0x00,
    0x3F, 0x7F, 0x40, 0x00, 0x00, 0x0F, 0xDF, 0xD0, 0x00, 0x00, 0x03, 0xF7, 0xF4, 0x00, 0x00, 0x00,
    0xFD, 0xFD, 0x00, 0x00, 0x00, 0x3F, 0x7F, 0x40, 0x00, 0x00, 0x0F, 0xDF, 0xD0, 0x00, 0x00, 0x03,
    0xF7, 0xF4, 0x00, 0x00, 0x00, 0xFD, 0xFD, 0x00, 0x00, 0x00, 0x3F, 0x7F, 0x40, 0x00, 0x00, 0x0F,
    0xDF, 0xD0, 0x00, 0x00, 0x03, 0xF7, 0xF4, 0x00, 0x00, 0x00, 0xFD, 0xFD, 0x00, 0x00, 0x00, 0x3F,
    0x7F, 0x40, 0x00, 0x00, 0x0F, 0xDF, 0xD0, 0x00, 0x00, 0x03, 0xF7, 0xF4, 0x00, 0x00, 0x00, 0xFD,
    0xFD, 0x00, 0x00, 0x00, 0x3F, 0x7F, 0x40, 0x00, 0x00, 0x0F, 0xDF, 0xD0, 0x00, 0x00, 0x03, 0xF7,
    0xF8, 0x00, 0x00, 0x01, 0xFC, 0xBF, 0x00, 0x00, 0x00, 0xBF, 0x0F, 0xD0, 0x00, 0x00, 0x3F, 0x82,
    0xFD, 0x00, 0x00, 0x3F, 0xC0, 0x3F, 0xE0, 0x00, 0x7F, 0xD0, 0x07, 0xFF, 0xFF, 0xFF, 0xE0, 0x00,
    0x3F, 0xFF, 0xFF, 0xD0, 0x00, 0x00, 0xBF, 0xFE, 0x40, 0x00, 0x00, 0x0B, 0xF8, 0x00, 0x00, 0x0F,
    0xFF, 0xC0, 0x00, 0x0B, 0x80, 0xF8, 0x00, 0x03, 0xC0, 0x0F, 0x00, 0x00, 0xF0, 0x03, 0xC0, 0x00,
    0x2E, 0x02, 0xE0, 0x00, 0x03, 0xFF, 0xF0, 0x00, 0x00, 0x2F, 0xE0, 0x00, 0x00, 0x00, 0x00, 0x00,
    0x00, 0x00, 0x00, 0x00, 0x00, 0x00, 0x00, 0x00, 0x03, 0xF4, 0x00, 0x00, 0x7F, 0xFD, 0x00, 0x00,
    0x1F, 0xFF, 0x40, 0x00, 0x07, 0xFF, 0xD0, 0x00, 0x01, 0xFF, 0xF4, 0x00, 0x00, 0x7F, 0xFD, 0x00,
    0x00, 0x1F, 0xFF, 0x40, 0x00, 0x07, 0xFF, 0xD0, 0x00, 0x01, 0xFF, 0xF4, 0x00, 0x00, 0x7F, 0xFD,
    0x00, 0x00, 0x1F, 0xFF, 0x40, 0x00, 0x07, 0xFF, 0xD0, 0x00, 0x01, 0xFF, 0xF4, 0x00, 0x00, 0xBF,
    0xFD, 0x00, 0x00, 0x2F, 0xFF, 0x40, 0x00, 0x0F, 0xFF, 0xE0, 0x00, 0x07, 0xFE, 0xFC, 0x00, 0x03,
    0xFF, 0x7F, 0xD0, 0x07, 0xFF, 0xCB, 0xFF, 0xFF, 0xF7, 0xF0, 0xBF, 0xFF, 0xF0, 0xFC, 0x06, 0xFF,
    0x90, 0x3F, 0x00, 0x07, 0xF0, 0x3F, 0x80, 0x00, 0x03, 0xF8, 0x1F, 0xC0, 0x00, 0x02, 0xFC, 0x0F,
    0xD0, 0x00, 0x00, 0xFC, 0x0B, 0xD0, 0x00, 0x00, 0xBC, 0x03, 0xD0, 0x00, 0x00, 0x7C, 0x03, 0xD0,
    0x00, 0x00, 0x00, 0x00, 0x00, 0x00, 0x00, 0x00, 0x00, 0x00, 0x00, 0x00, 0x00, 0x00, 0x00, 0x00,
    0x00, 0x00, 0x00, 0x00, 0x00, 0x00, 0x0F, 0xD0, 0x00, 0x00, 0x03, 0xF7, 0xF4, 0x00, 0x00, 0x00,
    0xFD, 0xFD, 0x00, 0x00, 0x00, 0x3F, 0x7F, 0x40, 0x00, 0x00, 0x0F, 0xDF, 0xD0, 0x00, 0x00, 0x03,
    0xF7, 0xF4, 0x00, 0x00, 0x00, 0xFD, 0xFD, 0x00, 0x00, 0x00, 0x3F, 0x7F, 0x40, 0x00, 0x00, 0x0F,
    0xDF, 0xD0, 0x00, 0x00, 0x03, 0xF7, 0xF4, 0x00, 0x00, 0x00, 0xFD, 0xFD, 0x00, 0x00, 0x00, 0x3F,
    0x7F, 0x40, 0x00, 0x00, 0x0F, 0xDF, 0xD0, 0x00, 0x00, 0x03, 0xF7, 0xF4, 0x00, 0x00, 0x00, 0xFD,
    0xFD, 0x00, 0x00, 0x00, 0x3F, 0x7F, 0x40, 0x00, 0x00, 0x0F, 0xDF, 0xD0, 0x00, 0x00, 0x03, 0xF7,
    0xF4, 0x00, 0x00, 0x00, 0xFD, 0xFD, 0x00, 0x00, 0x00, 0x3F, 0x7F, 0x80, 0x00, 0x00, 0x1F, 0xCB,
    0xF0, 0x00, 0x00, 0x0B, 0xF0, 0xFD, 0x00, 0x00, 0x03, 0xF8, 0x2F, 0xD0, 0x00, 0x03, 0xFC, 0x03,
    0xFE, 0x00, 0x07, 0xFD, 0x00, 0x7F, 0xFF, 0xFF, 0xFE, 0x00, 0x03, 0xFF, 0xFF, 0xFD, 0x00, 0x00,
    0x0B, 0xFF, 0xE4, 0x00, 0x00, 0x00, 0x3F, 0x82, 0xFC, 0x00, 0x2F, 0xC0, 0xFD, 0x00, 0x0F, 0xC0,
    0xBE, 0x00, 0x0F, 0xD0, 0x7F, 0x00, 0x07, 0xD0, 0x3F, 0x00, 0x03, 0xD0, 0x1F, 0x00, 0x00, 0x00,
    0x00, 0x00, 0x00, 0x00, 0x00, 0x00, 0x00, 0x00, 0x00, 0x00, 0x00, 0x3F, 0x40, 0x00, 0x07, 0xFF,
    0xD0, 0x00, 0x01, 0xFF, 0xF4, 0x00, 0x00, 0x7F, 0xFD, 0x00, 0x00, 0x1F, 0xFF, 0x40, 0x00, 0x07,
    0xFF, 0xD0, 0x00, 0x01, 0xFF, 0xF4, 0x00, 0x00, 0x7F, 0xFD, 0x00, 0x00, 0x1F, 0xFF, 0x40, 0x00,
    0x07, 0xFF, 0xD0, 0x00, 0x01, 0xFF, 0xF4, 0x00, 0x00, 0x7F, 0xFD, 0x00, 0x00, 0x1F, 0xFF, 0x40,
    0x00, 0x0B, 0xFF, 0xD0, 0x00, 0x02, 0xFF, 0xF4, 0x00, 0x00, 0xFF, 0xFE, 0x00, 0x00, 0x7F, 0xEF,
    0xC0, 0x00, 0x3F, 0xF7, 0xFD, 0x00, 0x7F, 0xFC, 0xBF, 0xFF, 0xFF, 0x7F, 0x0B, 0xFF, 0xFF, 0x0F,
    0xC0, 0x6F, 0xF9, 0x03, 0xF0, 0xFD, 0x00, 0x00, 0x00, 0x3F, 0x7F, 0x40, 0x00, 0x00, 0x0F, 0xDF,
    0xD0, 0x00, 0x00, 0x03, 0xF7, 0xF4, 0x00, 0x00, 0x00, 0xFD, 0xFD, 0x00, 0x00, 0x00, 0x3F, 0x7F,
    0x40, 0x00, 0x00, 0x0F, 0xDF, 0xD0, 0x00, 0x00, 0x03, 0xF7, 0xF4, 0x00, 0x00, 0x00, 0xFD, 0xFD,
    0x00, 0x00, 0x00, 0x3F, 0x7F, 0x40, 0x00, 0x00, 0x0F, 0xDF, 0xD0, 0x00, 0x00, 0x03, 0xF7, 0xF4,
    0x00, 0x00, 0x00, 0xFD, 0xFD, 0x00, 0x00, 0x00, 0x3F, 0x7F, 0x40, 0x00, 0x00, 0x0F, 0xDF, 0xD0,
    0x00, 0x00, 0x03, 0xF7, 0xF4, 0x00, 0x00, 0x00, 0xFD, 0xFD, 0x00, 0x00, 0x00, 0x3F, 0x7F, 0x40,
    0x00, 0x00, 0x0F, 0xDF, 0xD0, 0x00, 0x00, 0x03, 0xF7, 0xF8, 0x00, 0x00, 0x01, 0xFC, 0xBF, 0x00,
    0x00, 0x00, 0xBF, 0x0F, 0xD0, 0x00, 0x00, 0x3F, 0x82, 0xFD, 0x00, 0x00, 0x3F, 0xC0, 0x3F, 0xE0,
    0x00, 0x7F, 0xD0, 0x07, 0xFF, 0xFF, 0xFF, 0xE0, 0x00, 0x3F, 0xFF, 0xFF, 0xE0, 0x00, 0x00, 0xBF,
    0xFF, 0xE0, 0x00, 0x00, 0x00, 0x01, 0xF0, 0x00, 0x00, 0x00, 0x00, 0xF4, 0x00, 0x00, 0x00, 0x00,
    0xBC, 0x00, 0x00, 0x00, 0x00, 0x3F, 0x00, 0x00, 0x00, 0x00, 0x0F, 0xD0, 0x00, 0x00, 0x00, 0x02,
    0xFF, 0xD0, 0x00, 0x00, 0x00, 0x7F, 0xF4, 0x00, 0x00, 0x00, 0x07, 0xFC, 0x00, 0xFD, 0x00, 0x00,
    0x1F, 0xCF, 0xD0, 0x00, 0x01, 0xFC, 0xFD, 0x00, 0x00, 0x1F, 0xCF, 0xD0, 0x00, 0x01, 0xFC, 0xFD,
    0x00, 0x00, 0x1F, 0xCF, 0xD0, 0x00, 0x01, 0xFC, 0xFD, 0x00, 0x00, 0x1F, 0xCF, 0xD0, 0x00, 0x01,
    0xFC, 0xFD, 0x00, 0x00, 0x1F, 0xCF, 0xD0, 0x00, 0x01, 0xFC, 0xFD, 0x00, 0x00, 0x1F, 0xCF, 0xD0,
    0x00, 0x01, 0xFC, 0xFD, 0x00, 0x00, 0x2F, 0xCF, 0xD0, 0x00, 0x02, 0xFC, 0xFD, 0x00, 0x00, 0x3F,
    0xCF, 0xE0, 0x00, 0x07, 0xFC, 0xBF, 0x00, 0x00, 0xFF, 0xC7, 0xFD, 0x00, 0x7F, 0xFC, 0x2F, 0xFF,
    0xFF, 0xDF, 0xC0, 0xBF, 0xFF, 0xF4, 0xFC, 0x01, 0xBF, 0xE4, 0x0F, 0xC0, 0x00, 0x00, 0x03, 0xE0,
    0x00, 0x00, 0x00, 0xFC, 0x00, 0x00, 0x00, 0x1F, 0x00, 0x00, 0x00, 0x03, 0xF0, 0x00, 0x00, 0x00,
    0x3F, 0x00, 0x00, 0x00, 0x03, 0xFF, 0xD0, 0x00, 0x00, 0x1F, 0xFE, 0x00, 0x00, 0x00, 0x7F, 0xD0,
    0x00, 0x00, 0x00, 0x00, 0xA8, 0x00, 0x00, 0x00, 0x00, 0x00, 0x00, 0x00, 0x0F, 0xF8, 0x00, 0x00,
    0x00, 0x00, 0x00, 0x00, 0x00, 0xBF, 0xF4, 0x00, 0x00, 0x00, 0x00, 0x00, 0x00, 0x07, 0xFB, 0xF0,
    0x00, 0x00, 0x00, 0x00, 0x00, 0x00, 0x3F, 0x4B, 0xF0, 0x00, 0x00, 0x00, 0x00, 0x00, 0x03, 0xF4,
    0x07, 0xF0, 0x00, 0x00, 0x00, 0x00, 0x00, 0x3F, 0x00, 0x07, 0xE0, 0x00, 0x00, 0x00, 0x00, 0x00,
    0x00, 0x00, 0x00, 0x00, 0x00, 0x00, 0x00, 0x00, 0x00, 0x00, 0x00, 0x00, 0x00, 0x00, 0x00, 0x00,
    0x00, 0x00, 0x00, 0x00, 0x00, 0x00, 0x00, 0x07, 0xF0, 0x00, 0x00, 0x2F, 0xC0, 0x00, 0x00, 0x7F,
    0x4F, 0xD0, 0x00, 0x00, 0xFF, 0x40, 0x00, 0x02, 0xFC, 0x3F, 0x80, 0x00, 0x03, 0xFF, 0x00, 0x00,
    0x0F, 0xE0, 0xBF, 0x00, 0x00, 0x1F, 0xFC, 0x00, 0x00, 0x3F, 0x41, 0xFC, 0x00, 0x00, 0xBE, 0xF4,
    0x00, 0x01, 0xFC, 0x03, 0xF4, 0x00, 0x03, 0xF7, 0xE0, 0x00, 0x0B, 0xF0, 0x0F, 0xE0, 0x00, 0x1F,
    0x8F, 0xC0, 0x00, 0x3F, 0x80, 0x2F, 0xC0, 0x00, 0xBD, 0x3F, 0x40, 0x00, 0xFD, 0x00, 0x7F, 0x00,
    0x03, 0xF0, 0x7E, 0x00, 0x07, 0xF0, 0x00, 0xFD, 0x00, 0x0F, 0xC0, 0xFC, 0x00, 0x2F, 0xC0, 0x03,
    0xF8, 0x00, 0x7E, 0x03, 0xF0, 0x00, 0xFE, 0x00, 0x0B, 0xF0, 0x03, 0xF4, 0x0B, 0xD0, 0x03, 0xF4,
    0x00, 0x1F, 0xC0, 0x0F, 0xC0, 0x1F, 0xC0, 0x1F, 0xC0, 0x00, 0x3F, 0x40, 0x7F, 0x00, 0x3F, 0x00,
    0xBF, 0x00, 0x00, 0xBE, 0x02, 0xF4, 0x00, 0xFD, 0x03, 0xF8, 0x00, 0x01, 0xFC, 0x0F, 0xC0, 0x01,
    0xF8, 0x0F, 0xD0, 0x00, 0x03, 0xF0, 0x3F, 0x00, 0x03, 0xF0, 0x7F, 0x00, 0x00, 0x0F, 0xD1, 0xF8,
    0x00, 0x0F, 0xD2, 0xFC, 0x00, 0x00, 0x2F, 0x8B, 0xD0, 0x00, 0x2F, 0x8F, 0xE0, 0x00, 0x00, 0x7F,
    0x3F, 0x00, 0x00, 0x7F, 0x3F, 0x00, 0x00, 0x00, 0xFC, 0xFC, 0x00, 0x00, 0xFC, 0xFC, 0x00, 0x00,
    0x03, 0xFB, 0xE0, 0x00, 0x03, 0xFB, 0xE0, 0x00, 0x00, 0x0B, 0xFF, 0x00, 0x00, 0x07, 0xFF, 0x40,
    0x00, 0x00, 0x1F, 0xFC, 0x00, 0x00, 0x0F, 0xFC, 0x00, 0x00, 0x00, 0x3F, 0xE0, 0x00, 0x00, 0x3F,
    0xF0, 0x00, 0x00, 0x00, 0xFF, 0x40, 0x00, 0x00, 0xBF, 0x80, 0x00, 0x00, 0x02, 0xFC, 0x00, 0x00,
    0x01, 0xFD, 0x00, 0x00, 0x00, 0x00, 0x00, 0x2A, 0x40, 0x00, 0x00, 0x00, 0x00, 0x00, 0x0B, 0xFC,
    0x00, 0x00, 0x00, 0x00, 0x00, 0x01, 0xFF, 0xF0, 0x00, 0x00, 0x00, 0x00, 0x00, 0x7F, 0x7F, 0x80,
    0x00, 0x00, 0x00, 0x00, 0x0F, 0xD0, 0xFE, 0x00, 0x00, 0x00, 0x00, 0x03, 0xF0, 0x02, 0xF8, 0x00,
    0x00, 0x00, 0x00, 0x64, 0x00, 0x06, 0x80, 0x00, 0x00, 0x00, 0x00, 0x00, 0x00, 0x00, 0x00, 0x00,
    0x00, 0x00, 0x00, 0x00, 0x00, 0x00, 0x00, 0x07, 0xF0, 0x00, 0x03, 0xF8, 0x00, 0x01, 0xFC, 0x3F,
    0x00, 0x00, 0x7F, 0xC0, 0x00, 0x2F, 0x83, 0xF4, 0x00, 0x0F, 0xFD, 0x00, 0x03, 0xF4, 0x2F, 0x80,
    0x00, 0xFF, 0xE0, 0x00, 0x3F, 0x01, 0xFC, 0x00, 0x1F, 0xBF, 0x00, 0x07, 0xF0, 0x0F, 0xC0, 0x02,
    0xF3, 0xF0, 0x00, 0xBE, 0x00, 0xFD, 0x00, 0x3F, 0x2F, 0x40, 0x0F, 0xD0, 0x0B, 0xE0, 0x07, 0xF1,
    0xFC, 0x00, 0xFC, 0x00, 0x7F, 0x00, 0xBD, 0x0F, 0xC0, 0x1F, 0xC0, 0x03, 0xF0, 0x0F, 0xC0, 0xFD,
    0x02, 0xF8, 0x00, 0x3F, 0x40, 0xFC, 0x07, 0xE0, 0x3F, 0x40, 0x02, 0xF8, 0x1F, 0x80, 0x3F, 0x03,
    0xF0, 0x00, 0x1F, 0xC3, 0xF4, 0x03, 0xF0, 0x7E, 0x00, 0x00, 0xFC, 0x3F, 0x00, 0x2F, 0x4B, 0xD0,
    0x00, 0x0F, 0xD7, 0xE0, 0x01, 0xFC, 0xFC, 0x00, 0x00, 0xBE, 0xBD, 0x00, 0x0F, 0xCF, 0xC0, 0x00,
    0x07, 0xFB, 0xC0, 0x00, 0xBE, 0xF8, 0x00, 0x00, 0x3F, 0xF8, 0x00, 0x07, 0xFF, 0x40, 0x00, 0x02,
    0xFF, 0x40, 0x00, 0x3F, 0xF0, 0x00, 0x00, 0x1F, 0xF0, 0x00, 0x03, 0xFF, 0x00, 0x00, 0x00, 0xFF,
    0x00, 0x00, 0x2F, 0xE0, 0x00, 0x00, 0x00, 0x2A, 0x40, 0x00, 0x00, 0x00, 0x0B, 0xFC, 0x00, 0x00,
    0x00, 0x01, 0xFF, 0xE0, 0x00, 0x00, 0x00, 0x3F, 0xBF, 0x40, 0x00, 0x00, 0x0F, 0xE1, 0xFD, 0x00,
    0x00, 0x02, 0xF4, 0x03, 0xF0, 0x00, 0x00, 0xBD, 0x00, 0x0F, 0xC0, 0x00, 0x00, 0x00, 0x00, 0x00,
    0x00, 0x00, 0x00, 0x00, 0x00, 0x00, 0x00, 0x00, 0x00, 0x00, 0x00, 0x00, 0xBF, 0x00, 0x00, 0x00,
    0x2F, 0xC3, 0xF8, 0x00, 0x00, 0x03, 0xF8, 0x2F, 0xC0, 0x00, 0x00, 0xBF, 0x00, 0xFE, 0x00, 0x00,
    0x0F, 0xD0, 0x0B, 0xF0, 0x00, 0x02, 0xFC, 0x00, 0x3F, 0x80, 0x00, 0x3F, 0x40, 0x01, 0xFC, 0x00,
    0x0B, 0xF0, 0x00, 0x0F, 0xE0, 0x00, 0xFD, 0x00, 0x00, 0x7F, 0x00, 0x2F, 0x80, 0x00, 0x03, 0xF8,
    0x03, 0xF0, 0x00, 0x00, 0x1F, 0xC0, 0xBE, 0x00, 0x00, 0x00, 0xFE, 0x1F, 0xC0, 0x00, 0x00, 0x03,
    0xF3, 0xF8, 0x00, 0x00, 0x00, 0x2F, 0xFF, 0x00, 0x00, 0x00, 0x00, 0xFF, 0xE0, 0x00, 0x00, 0x00,
    0x0B, 0xFC, 0x00, 0x00, 0x00, 0x00, 0x3F, 0x40, 0x00, 0x00, 0x00, 0x03, 0xF4, 0x00, 0x00, 0x00,
    0x00, 0x3F, 0x40, 0x00, 0x00, 0x00, 0x03, 0xF4, 0x00, 0x00, 0x00, 0x00, 0x3F, 0x40, 0x00, 0x00,
    0x00, 0x03, 0xF4, 0x00, 0x00, 0x00, 0x00, 0x3F, 0x40, 0x00, 0x00, 0x00, 0x03, 0xF4, 0x00, 0x00,
    0x00, 0x00, 0x3F, 0x40, 0x00, 0x00, 0x00, 0x03, 0xF4, 0x00, 0x00, 0x00, 0x00, 0x3F, 0x40, 0x00,
    0x00, 0x00, 0x00, 0x69, 0x00, 0x00, 0x00, 0x01, 0xFF, 0x40, 0x00, 0x00, 0x03, 0xFF, 0xC0, 0x00,
    0x00, 0x0F, 0xEB, 0xF0, 0x00, 0x00, 0x2F, 0x81, 0xFC, 0x00, 0x00, 0xBD, 0x00, 0x7F, 0x00, 0x00,
    0xA0, 0x00, 0x06, 0x00, 0x00, 0x00, 0x00, 0x00, 0x00, 0x00, 0x00, 0x00, 0x00, 0x00, 0x3F, 0x40,
    0x00, 0x00, 0xFE, 0x3F, 0x80, 0x00, 0x01, 0xFC, 0x1F, 0xC0, 0x00, 0x02, 0xFC, 0x0F, 0xD0, 0x00,
    0x03, 0xF4, 0x0B, 0xF0, 0x00, 0x07, 0xF0, 0x03, 0xF0, 0x00, 0x0F, 0xE0, 0x03, 0xF8, 0x00, 0x0F,
    0xD0, 0x01, 0xFC, 0x00, 0x1F, 0xC0, 0x00, 0xFD, 0x00, 0x3F, 0x80, 0x00, 0xBE, 0x00, 0x3F, 0x00,
    0x00, 0x7F, 0x00, 0xBF, 0x00, 0x00, 0x3F, 0x40, 0xFE, 0x00, 0x00, 0x2F, 0xC0, 0xFC, 0x00, 0x00,
    0x0F, 0xC2, 0xFC, 0x00, 0x00, 0x0B, 0xD3, 0xF4, 0x00, 0x00, 0x07, 0xE3, 0xF0, 0x00, 0x00, 0x03,
    0xF7, 0xE0, 0x00, 0x00, 0x02, 0xFF, 0xD0, 0x00, 0x00, 0x00, 0xFF, 0xC0, 0x00, 0x00, 0x00, 0xFF,
    0x80, 0x00, 0x00, 0x00, 0x7F, 0x00, 0x00, 0x00, 0x00, 0xBF, 0x00, 0x00, 0x00, 0x00, 0xFD, 0x00,
    0x00, 0x00, 0x01, 0xFC, 0x00, 0x00, 0x00, 0x03, 0xF8, 0x00, 0x00, 0x00, 0x07, 0xF0, 0x00, 0x00,
    0x00, 0x1F, 0xE0, 0x00, 0x00, 0x3F, 0xFF, 0xC0, 0x00, 0x00, 0x3F, 0xFF, 0x00, 0x00, 0x00, 0x3F,
    0xF4, 0x00, 0x00, 0x00, 0x00, 0x07, 0xC0, 0x1F, 0x00, 0x00, 0x00, 0xFD, 0x03, 0xF8, 0x00, 0x00,
    0x0F, 0xD0, 0x2F, 0x80, 0x00, 0x00, 0x7C, 0x01, 0xF0, 0x00, 0x00, 0x00, 0x00, 0x00, 0x00, 0x00,
    0x00, 0x00, 0x00, 0x00, 0x00, 0x00, 0x00, 0x00, 0x00, 0x00, 0x00, 0x00, 0x00, 0x00, 0x00, 0x00,
    0x3F, 0x80, 0x00, 0x00, 0x0F, 0xE2, 0xFC, 0x00, 0x00, 0x01, 0xFC, 0x0F, 0xE0, 0x00, 0x00, 0x3F,
    0x80, 0x7F, 0x00, 0x00, 0x0B, 0xF0, 0x03, 0xF8, 0x00, 0x00, 0xFD, 0x00, 0x1F, 0xC0, 0x00, 0x2F,
    0xC0, 0x00, 0xFE, 0x00, 0x03, 0xF4, 0x00, 0x07, 0xF0, 0x00, 0xBF, 0x00, 0x00, 0x3F, 0x80, 0x0F,
    0xD0, 0x00, 0x01, 0xFC, 0x02, 0xFC, 0x00, 0x00, 0x0B, 0xE0, 0x3F, 0x40, 0x00, 0x00, 0x3F, 0x0B,
    0xE0, 0x00, 0x00, 0x02, 0xFC, 0xFC, 0x00, 0x00, 0x00, 0x0F, 0xFF, 0x80, 0x00, 0x00, 0x00, 0xBF,
    0xF0, 0x00, 0x00, 0x00, 0x03, 0xFE, 0x00, 0x00, 0x00, 0x00, 0x2F, 0xC0, 0x00, 0x00, 0x00, 0x01,
    0xFC, 0x00, 0x00, 0x00, 0x00, 0x1F, 0xC0, 0x00, 0x00, 0x00, 0x01, 0xFC, 0x00, 0x00, 0x00, 0x00,
    0x1F, 0xC0, 0x00, 0x00, 0x00, 0x01, 0xFC, 0x00, 0x00, 0x00, 0x00, 0x1F, 0xC0, 0x00, 0x00, 0x00,
    0x01, 0xFC, 0x00, 0x00, 0x00, 0x00, 0x1F, 0xC0, 0x00, 0x00, 0x00, 0x01, 0xFC, 0x00, 0x00, 0x00,
    0x00, 0x1F, 0xC0, 0x00, 0x00, 0x00, 0x00, 0x02, 0xA4, 0x00, 0x00, 0x00, 0x3F, 0xD0, 0x00, 0x00,
    0x01, 0xFE, 0x00, 0x00, 0x00, 0x0F, 0xE0, 0x00, 0x00, 0x00, 0xBF, 0x00, 0x00, 0x00, 0x03, 0xF0,
    0x00, 0x00, 0x00, 0x3F, 0x00, 0x00, 0x00, 0x00, 0x00, 0x00, 0x00, 0x00, 0x00, 0x00, 0x00, 0x00,
    0x00, 0x00, 0x00, 0x00, 0x0F, 0xFF, 0xFF, 0xFF, 0xFF, 0x3F, 0xFF, 0xFF, 0xFF, 0xFC, 0xFF, 0xFF,
    0xFF, 0xFF, 0xF0, 0x00, 0x00, 0x00, 0xBF, 0x40, 0x00, 0x00, 0x03, 0xF8, 0x00, 0x00, 0x00, 0x3F,
    0xC0, 0x00, 0x00, 0x01, 0xFD, 0x00, 0x00, 0x00, 0x0F, 0xE0, 0x00, 0x00, 0x00, 0xFF, 0x00, 0x00,
    0x00, 0x07, 0xF4, 0x00, 0x00, 0x00, 0x3F, 0x80, 0x00, 0x00, 0x02, 0xFC, 0x00, 0x00, 0x00, 0x1F,
    0xD0, 0x00, 0x00, 0x00, 0xFE, 0x00, 0x00, 0x00, 0x0B, 0xF0, 0x00, 0x00, 0x00, 0x3F, 0x40, 0x00,
    0x00, 0x03, 0xF8, 0x00, 0x00, 0x00, 0x1F, 0xC0, 0x00, 0x00, 0x00, 0xFD, 0x00, 0x00, 0x00, 0x0B,
    0xF0, 0x00, 0x00, 0x00, 0x7F, 0x00, 0x00, 0x00, 0x03, 0xF4, 0x00, 0x00, 0x00, 0x2F, 0xC0, 0x00,
    0x00, 0x01, 0xFC, 0x00, 0x00, 0x00, 0x0F, 0xFF, 0xFF, 0xFF, 0xFF, 0xFF, 0xFF, 0xFF, 0xFF, 0xFF,
    0xFF, 0xFF, 0xFF, 0xFF, 0xFC, 0x00, 0x00, 0x1A, 0x80, 0x00, 0x00, 0xFF, 0x00, 0x00, 0x0F, 0xF0,
    0x00, 0x00, 0x7F, 0x00, 0x00, 0x03, 0xF4, 0x00, 0x00, 0x3F, 0x00, 0x00, 0x00, 0xA0, 0x00, 0x00,
    0x00, 0x00, 0x00, 0x00, 0x00, 0x00, 0x00, 0xFF, 0xFF, 0xFF, 0xF3, 0xFF, 0xFF, 0xFF, 0xCF, 0xFF,
    0xFF, 0xFF, 0x00, 0x00, 0x03, 0xF4, 0x00, 0x00, 0x3F, 0xC0, 0x00, 0x02, 0xFC, 0x00, 0x00, 0x1F,
    0xD0, 0x00, 0x00, 0xFE, 0x00, 0x00, 0x0F, 0xF0, 0x00, 0x00, 0x7F, 0x40, 0x00, 0x03, 0xF8, 0x00,
    0x00, 0x3F, 0xC0, 0x00, 0x02, 0xFC, 0x00, 0x00, 0x1F, 0xD0, 0x00, 0x00, 0xFF, 0x00, 0x00, 0x0F,
    0xF0, 0x00, 0x00, 0xBF, 0x40, 0x00, 0x03, 0xF8, 0x00, 0x00, 0x3F, 0xFF, 0xFF, 0xFF, 0xFF, 0xFF,
    0xFF, 0xFF, 0xFF, 0xFF, 0xFF, 0xF0, 0x00, 0x00, 0xF4, 0x00, 0x00, 0x00, 0x07, 0xF0, 0x00, 0x00,
    0x00, 0x1F, 0xC0, 0x00, 0x00, 0x00, 0x3D, 0x00, 0x00, 0x00, 0x00, 0x00, 0x00, 0x00, 0x00, 0x00,
    0x00, 0x00, 0x00, 0x00, 0x00, 0x00, 0x00, 0x00, 0x00, 0x00, 0x00, 0x00, 0xFF, 0xFF, 0xFF, 0xFF,
    0xF3, 0xFF, 0xFF, 0xFF, 0xFF, 0xCF, 0xFF, 0xFF, 0xFF, 0xFF, 0x00, 0x00, 0x00, 0x0B, 0xF4, 0x00,
    0x00, 0x00, 0x7F, 0x80, 0x00, 0x00, 0x03, 0xFC, 0x00, 0x00, 0x00, 0x2F, 0xD0, 0x00, 0x00, 0x00,
    0xFE, 0x00, 0x00, 0x00, 0x0F, 0xF0, 0x00, 0x00, 0x00, 0x7F, 0x40, 0x00, 0x00, 0x03, 0xF8, 0x00,
    0x00, 0x00, 0x2F, 0xC0, 0x00, 0x00, 0x01, 0xFD, 0x00, 0x00, 0x00, 0x0F, 0xF0, 0x00, 0x00, 0x00,
    0xBF, 0x00, 0x00, 0x00, 0x03, 0xF8, 0x00, 0x00, 0x00, 0x3F, 0xC0, 0x00, 0x00, 0x02, 0xFC, 0x00,
    0x00, 0x00, 0x0F, 0xE0, 0x00, 0x00, 0x00, 0xFF, 0x00, 0x00, 0x00, 0x07, 0xF4, 0x00, 0x00, 0x00,
    0x3F, 0x80, 0x00, 0x00, 0x02, 0xFC, 0x00, 0x00, 0x00, 0x1F, 0xD0, 0x00, 0x00, 0x00, 0xFF, 0xFF,
    0xFF, 0xFF, 0xFF, 0xFF, 0xFF, 0xFF, 0xFF, 0xFF, 0xFF, 0xFF, 0xFF, 0xFF, 0xC0, 0x00, 0x0F, 0x40,
    0x00, 0x00, 0x7F, 0x00, 0x00, 0x01, 0xFC, 0x00, 0x00, 0x03, 0xD0, 0x00, 0x00, 0x00, 0x00, 0x00,
    0x00, 0x00, 0x00, 0x00, 0x00, 0x00, 0x00, 0x00, 0x00, 0x00, 0x00, 0x3F, 0xFF, 0xFF, 0xFC, 0xFF,
    0xFF, 0xFF, 0xF3, 0xFF, 0xFF, 0xFF, 0xC0, 0x00, 0x02, 0xFD, 0x00, 0x00, 0x1F, 0xE0, 0x00, 0x00,
    0xFF, 0x00, 0x00, 0x0F, 0xF4, 0x00, 0x00, 0x7F, 0x80, 0x00, 0x03, 0xFC, 0x00, 0x00, 0x3F, 0xC0,
    0x00, 0x01, 0xFD, 0x00, 0x00, 0x0F, 0xF0, 0x00, 0x00, 0xFF, 0x00, 0x00, 0x0B, 0xF4, 0x00, 0x00,
    0x3F, 0x80, 0x00, 0x03, 0xFC, 0x00, 0x00, 0x2F, 0xC0, 0x00, 0x01, 0xFE, 0x00, 0x00, 0x0F, 0xFF,
    0xFF, 0xFF, 0xFF, 0xFF, 0xFF, 0xFF, 0xFF, 0xFF, 0xFF, 0xFC, 0x02, 0x80, 0x00, 0x19, 0x00, 0x0F,
    0xD0, 0x03, 0xF0, 0x00, 0x0F, 0xD0, 0x7F, 0x00, 0x00, 0x0F, 0xD7, 0xF4, 0x00, 0x00, 0x1F, 0xFF,
    0x80, 0x00, 0x00, 0x2F, 0xF8, 0x00, 0x00, 0x00, 0x3F, 0xC0, 0x00, 0x00, 0x00, 0x00, 0x00, 0x00,
    0x00, 0x00, 0x00, 0x00, 0x00, 0x00, 0x00, 0x00, 0x00, 0x0F, 0xFF, 0xFF, 0xFF, 0xFF, 0x3F, 0xFF,
    0xFF, 0xFF, 0xFC, 0xFF, 0xFF, 0xFF, 0xFF, 0xF0, 0x00, 0x00, 0x00, 0xBF, 0x40, 0x00, 0x00, 0x03,
    0xF8, 0x00, 0x00, 0x00, 0x3F, 0xC0, 0x00, 0x00, 0x01, 0xFD, 0x00, 0x00, 0x00, 0x0F, 0xE0, 0x00,
    0x00, 0x00, 0xFF, 0x00, 0x00, 0x00, 0x07, 0xF4, 0x00, 0x00, 0x00, 0x3F, 0x80, 0x00, 0x00, 0x02,
    0xFC, 0x00, 0x00, 0x00, 0x1F, 0xD0, 0x00, 0x00, 0x00, 0xFE, 0x00, 0x00, 0x00, 0x0B, 0xF0, 0x00,
    0x00, 0x00, 0x3F, 0x40, 0x00, 0x00, 0x03, 0xF8, 0x00, 0x00, 0x00, 0x1F, 0xC0, 0x00, 0x00, 0x00,
    0xFD, 0x00, 0x00, 0x00, 0x0B, 0xF0, 0x00, 0x00, 0x00, 0x7F, 0x00, 0x00, 0x00, 0x03, 0xF4, 0x00,
    0x00, 0x00, 0x2F, 0xC0, 0x00, 0x00, 0x01, 0xFC, 0x00, 0x00, 0x00, 0x0F, 0xFF, 0xFF, 0xFF, 0xFF,
    0xFF, 0xFF, 0xFF, 0xFF, 0xFF, 0xFF, 0xFF, 0xFF, 0xFF, 0xFC, 0x19, 0x00, 0x00, 0xA0, 0x3F, 0x00,
    0x2F, 0x80, 0x3F, 0x42, 0xF8, 0x00, 0x7F, 0x6F, 0xC0, 0x00, 0x7F, 0xFC, 0x00, 0x00, 0xBF, 0xC0,
    0x00, 0x00, 0x69, 0x00, 0x00, 0x00, 0x00, 0x00, 0x00, 0x00, 0x00, 0x00, 0xFF, 0xFF, 0xFF, 0xF3,
    0xFF, 0xFF, 0xFF, 0xCF, 0xFF, 0xFF, 0xFF, 0x00, 0x00, 0x03, 0xF4, 0x00, 0x00, 0x3F, 0xC0, 0x00,
    0x02, 0xFC, 0x00, 0x00, 0x1F, 0xD0, 0x00, 0x00, 0xFE, 0x00, 0x00, 0x0F, 0xF0, 0x00, 0x00, 0x7F,
    0x40, 0x00, 0x03, 0xF8, 0x00, 0x00, 0x3F, 0xC0, 0x00, 0x02, 0xFC, 0x00, 0x00, 0x1F, 0xD0, 0x00,
    0x00, 0xFF, 0x00, 0x00, 0x0F, 0xF0, 0x00, 0x00, 0xBF, 0x40, 0x00, 0x03, 0xF8, 0x00, 0x00, 0x3F,
    0xFF, 0xFF, 0xFF, 0xFF, 0xFF, 0xFF, 0xFF, 0xFF, 0xFF, 0xFF, 0xF0, 0x00, 0xAF, 0x90, 0x2F, 0xFF,
    0xD2, 0xFF, 0xFF, 0x1F, 0xF0, 0x14, 0xBF, 0x00, 0x03, 0xF8, 0x00, 0x0F, 0xD0, 0x00, 0x3F, 0x40,
    0x00, 0xFD, 0x00, 0x03, 0xF4, 0x00, 0x0F, 0xD0, 0x00, 0x3F, 0x40, 0x00, 0xFD, 0x00, 0x03, 0xF4,
    0x00, 0x0F, 0xD0, 0x00, 0x3F, 0x40, 0x00, 0xFD, 0x00, 0x03, 0xF4, 0x00, 0x0F, 0xD0, 0x00, 0x3F,
    0x40, 0x00, 0xFD, 0x00, 0x03, 0xF4, 0x00, 0x0F, 0xD0, 0x00, 0x3F, 0x40, 0x00, 0xFD, 0x00, 0x03,
    0xF4, 0x00, 0x0F, 0xD0, 0x00, 0x3F, 0x40, 0x00, 0xFD, 0x00, 0x03, 0xF4, 0x00, 0x00, 0x7F, 0x80,
    0x0B, 0xF4, 0x00, 0xFF, 0x00, 0x0F, 0xE0, 0x00, 0xFD, 0x00, 0x0B, 0xC0, 0x00, 0xFF, 0x00, 0x7F,
    0x40, 0x3F, 0x80, 0x2F, 0x80, 0x1F, 0x80, 0x0F, 0x80, 0x00, 0x00, 0x3F, 0xC0, 0x00, 0x0B, 0xFE,
    0x00, 0x02, 0xFF, 0xF8, 0x00, 0x7F, 0x0F, 0xD0, 0x1F, 0xC0, 0x3F, 0x43, 0xE0, 0x00, 0xBD, 0x07,
    0xF8, 0x00, 0xB4, 0x7F, 0xFD, 0x03, 0xC3, 0xFF, 0xFF, 0xFE, 0x0F, 0x01, 0xFF, 0xF0, 0x78, 0x00,
    0xBF, 0x00, 0xFF, 0xFF, 0xFF, 0xFF, 0xFF, 0xFF, 0xFF, 0xFF, 0xC0, 0xFF, 0xFF, 0xFF, 0xFF, 0xFF,
    0xFF, 0xFF, 0xFF, 0xFF, 0xFF, 0xFF, 0xFF, 0xF0, 0x00, 0x2E, 0xF8, 0x00, 0x7D, 0x7F, 0xFF, 0xFC,
    0x2F, 0xFF, 0xF0, 0x06, 0xFF, 0x40, 0x7C, 0xFD, 0xFD, 0x78, 0x7C, 0x01, 0xF3, 0xF4, 0x0F, 0xDF,
    0xD0, 0x3F, 0x5F, 0x00, 0x7C, 0x00, 0x03, 0xFE, 0x4F, 0xFF, 0x40, 0xBE, 0x00, 0xFC, 0x07, 0xE1,
    0xBF, 0x0B, 0xE0, 0x2E, 0x00, 0xB4, 0x00, 0x1F, 0xF4, 0x1F, 0xFF, 0x4F, 0x82, 0xF3, 0xC0, 0x3C,
    0xF0, 0x0F, 0x3E, 0x0B, 0xC7, 0xFF, 0xD0, 0x7F, 0xD0, 0x02, 0xFC, 0x0F, 0xE0, 0x7F, 0x42, 0xFC,
    0x0F, 0xE0, 0x3F, 0x01, 0xF8, 0x0F, 0xD0, 0x3E, 0x01, 0xF4, 0x0B, 0x80, 0x3D, 0x00, 0x3E, 0x00,
    0x0B, 0xC1, 0xFC, 0x03, 0xF4, 0x07, 0xF0, 0xFD, 0x00, 0x2F, 0xFF, 0x80, 0x00, 0xBF, 0xE0, 0x00,
    0x03, 0xFC, 0x00, 0xFD, 0xFD, 0xFD, 0xFD, 0xFD, 0xFD, 0xFD, 0x1F, 0xFF, 0x47, 0xFF, 0xD1, 0xFF,
    0xF4, 0x7F, 0xFD, 0x1F, 0xFF, 0x47, 0xF0, 0x7F, 0x42, 0xFC, 0x00, 0xBF, 0x03, 0xF8, 0x00, 0xFE,
    0x07, 0xF0, 0x00, 0xFC, 0x07, 0xE0, 0x00, 0xF8, 0x07, 0xD0, 0x00, 0xF4, 0x07, 0xC0, 0x00, 0x7C,
    0x00, 0x00, 0xFD, 0x00, 0x00, 0xFD, 0x00, 0x50, 0x78, 0x04, 0xF0, 0x00, 0x3C, 0xF8, 0x00, 0xBC,
    0x7F, 0xFF, 0xF4, 0x2F, 0xFF, 0xE0, 0x07, 0xFE, 0x40, 0x00, 0xBE, 0x80, 0x0B, 0xFF, 0xF4, 0x2F,
    0xFF, 0xFD, 0x3E, 0x00, 0x7E, 0x7C, 0x00, 0x0F, 0x64, 0x00, 0x05, 0x03, 0xE0, 0x7D, 0x0F, 0xC0,
    0xFC, 0x2F, 0x83, 0xF4, 0x7F, 0x0B, 0xF0, 0xFF, 0x00, 0x0F, 0xE0, 0xFD, 0x1F, 0xC2, 0xFC, 0x3F,
    0x43, 0xF0, 0x3E, 0x07, 0xD0, 0xBC, 0x00, 0xFF, 0x0B, 0xF0, 0x7F, 0x43, 0xF4, 0x2F, 0x80, 0xFC,
    0x0F, 0xC0, 0x7D, 0x03, 0xE0, 0x0F, 0xF0, 0xFE, 0x1F, 0xD2, 0xFC, 0x2F, 0x83, 0xF0, 0x3F, 0x07,
    0xD0, 0xBC, 0x00, 0xBF, 0x40, 0x3F, 0xC0, 0x0F, 0xE0, 0x03, 0xF4, 0x00, 0xFC, 0x00, 0x3E, 0x01,
    0xFE, 0x03, 0xFC, 0x0B, 0xF0, 0x1F, 0xC0, 0x3F, 0x00, 0xBC, 0x00, 0x00, 0xF0, 0x03, 0xCF, 0xFF,
    0x3F, 0xFC, 0xFF, 0xF0, 0x03, 0xC0, 0x0F, 0x00, 0xF0, 0x03, 0xC0, 0x0F, 0xFF, 0xBF, 0xFE, 0xFF,
    0xF7, 0xC0, 0x0F, 0x00, 0x00, 0xFF, 0xFF, 0xCF, 0xFF, 0xFC, 0xFF, 0xFF, 0xC0, 0x00, 0x3C, 0x00,
    0x03, 0xC0, 0x00, 0x3C, 0x00, 0x03, 0xC0, 0x00, 0x3C, 0x00, 0x03, 0xC0, 0x00, 0x3C, 0x00, 0xFE,
    0x00, 0xFE, 0x01, 0xFC, 0x03, 0xFC, 0x0B, 0xF4, 0xBF, 0xD0, 0xFF, 0x40, 0xE4, 0x00, 0x1F, 0x7F,
    0xF8, 0xF0, 0xF0, 0xF8, 0x7F, 0x1F, 0x03, 0xC0, 0x03, 0xC0, 0x03, 0xC0, 0xFF, 0xFF, 0xFF, 0xFF,
    0xFF, 0xFF, 0xFF, 0xFF, 0xFF, 0xFF, 0xFF, 0xFF, 0x03, 0xC0, 0x03, 0xC0, 0x03, 0xC0, 0x03, 0xC0,
    0x03, 0xC0, 0x03, 0xC0, 0x03, 0xC0, 0xFF, 0xFF, 0xFF, 0xFF, 0xFF, 0xFF, 0x03, 0xC0, 0x03, 0xC0,
    0xFF, 0xFF, 0xFF, 0xFF, 0xFF, 0xFF, 0xFC, 0x00, 0xFD, 0x00, 0xFD, 0x00, 0xFD, 0x00, 0xFD, 0x00,
    0xFD, 0x00, 0xFD, 0x00, 0xFD, 0x01, 0xFC, 0xBF, 0xFC, 0xBF, 0xF4, 0x7F, 0xD0, 0xFD, 0x03, 0xF4,
    0x0F, 0xD0, 0x3F, 0x40, 0xFD, 0x03, 0xF4, 0x0F, 0xD0, 0x3F, 0x80, 0xBF, 0xF8, 0xFF, 0xE0, 0xBF,
    0x40, 0x7C, 0xFD, 0xFD, 0x7C, 0x7C, 0x01, 0xF3, 0xF4, 0x0F, 0xDF, 0xD0, 0x3F, 0x5F, 0x00, 0x78,
    0x1F, 0xF4, 0x1F, 0xFF, 0x4F, 0x82, 0xF3, 0xC0, 0x3C, 0xF0, 0x0F, 0x3E, 0x0B, 0xC7, 0xFF, 0xD0,
    0x7F, 0xD0, 0x0F, 0xD0, 0xFC, 0x1F, 0x82, 0xF0, 0x3D, 0x07, 0xC0, 0x03, 0xC0, 0x0B, 0x80, 0x0F,
    0xE0, 0x06, 0xFD, 0x00, 0x7F, 0x00, 0x3F, 0x00, 0xBE, 0xFF, 0xFC, 0xFF, 0xD0, 0x01, 0x00, 0xB8,
    0x2F, 0x03, 0xD0, 0xBC, 0x0F, 0xC0, 0xFC, 0x0F, 0xFF, 0x7F, 0xF1, 0xFE, 0xFD, 0xFD, 0xFD, 0xFD,
    0xFD, 0xFD, 0xFF, 0xFF, 0xFF, 0xCF, 0xFF, 0xFF, 0xFC, 0xFF, 0xFF, 0xFF, 0xCF, 0x00, 0x00, 0x3C,
    0xF0, 0x00, 0x03, 0xCF, 0x00, 0x00, 0x3C, 0xF0, 0x00, 0x03, 0xC0, 0x60, 0x06, 0x00, 0xA3, 0xC0,
    0x3C, 0x03, 0xCB, 0x82, 0xF8, 0x2E, 0x0F, 0xFF, 0xFF, 0xF0, 0x0B, 0xF0, 0xBE, 0x00, 0x3E, 0x00,
    0x0B, 0xD1, 0xFC, 0x03, 0xF4, 0x07, 0xF0, 0xFD, 0x00, 0x2F, 0xFF, 0x80, 0x00, 0xBF, 0xE0, 0x00,
    0x03, 0xFC, 0x00, 0x00, 0x3F, 0xC0, 0x00, 0x0B, 0xFE, 0x00, 0x02, 0xFF, 0xF4, 0x00, 0x7F, 0x0F,
    0xD0, 0x1F, 0xC0, 0x3F, 0x43, 0xE0, 0x00, 0xBC, 0xF0, 0x00, 0x2E, 0xF8, 0x00, 0x7D, 0x7F, 0xFF,
    0xFC, 0x2F, 0xFF, 0xF0, 0x06, 0xFF, 0x40, 0x00, 0xBE, 0x80, 0x0B, 0xFF, 0xF4, 0x2F, 0xFF, 0xFD,
    0x3E, 0x00, 0x7E, 0x7C, 0x00, 0x0F, 0x64, 0x00, 0x05, 0x0B, 0xF4, 0x00, 0xF2, 0xFF, 0xF0, 0x2E,
    0x7F, 0xFF, 0xFF, 0xCB, 0x80, 0xFF, 0xF8, 0xF0, 0x01, 0xFE, 0x00, 0xFF, 0xFF, 0xFF, 0xFF, 0xFF,
    0xFF, 0xFF, 0xFF, 0xC0, 0xFF, 0xFF, 0xFF, 0xFF, 0xFF, 0xFF, 0xFF, 0xFF, 0xFF, 0xFF, 0xFF, 0xFF,
    0xFC, 0xFF, 0xFF, 0xFF, 0xFF, 0xFF, 0xFF, 0xFF, 0xFF, 0xFF, 0xFF, 0xFF, 0xFF, 0x00, 0x00, 0x00,
    0x00, 0x00, 0x00, 0x00, 0x00, 0xFF, 0xFF, 0xFF, 0xFF, 0xFF, 0xFF, 0xFF, 0xFF, 0xFF, 0xFF, 0xFF,
    0xFF, 0x07, 0xF4, 0x00, 0xF0, 0x7F, 0xFD, 0x07, 0xC3, 0xFF, 0xFF, 0xFD, 0x1F, 0x02, 0xFF, 0xF0,
    0xB4, 0x00, 0xBE, 0x00, 0xFF, 0xFF, 0xFF, 0xFF, 0xFF, 0xFF, 0xFF, 0xFF, 0xFF, 0xFF, 0xFF, 0xFF,
    0xFF, 0xFF, 0xFF, 0xFF, 0xFF, 0xFF, 0xFF, 0xFF, 0xFF, 0xFF, 0xFF, 0xFF, 0xFF, 0xFF, 0xFF, 0xFF,
    0xFF, 0xFF, 0xFF, 0xFF, 0xC0, 0x00, 0x00, 0x00, 0x00, 0x00, 0x78, 0x00, 0x02, 0xFC, 0x00, 0x1F,
    0xF8, 0x00, 0xFF, 0xD0, 0x0B, 0xFE, 0x00, 0x3F, 0xF0, 0x00, 0x3F, 0x40, 0x00, 0x18, 0x00, 0x00,
    0x00, 0x00, 0x00, 0x68, 0x00, 0x00, 0x00, 0xFC, 0x00, 0x00, 0x00, 0xF8, 0x00, 0x00, 0x02, 0xF4,
    0x00, 0x00, 0x03, 0xF0, 0x00, 0x00, 0x07, 0xE0, 0x00, 0x00, 0x0B, 0xC0, 0x00, 0x00, 0x0F, 0xC0,
    0x00, 0x00, 0x1F, 0x40, 0x00, 0x00, 0x3F, 0x00, 0x00, 0x00, 0x3E, 0x00, 0x00, 0x00, 0xBC, 0x00,
    0x00, 0x00, 0xFC, 0x00, 0x00, 0x01, 0xF4, 0x00, 0x00, 0x03, 0xF0, 0x00, 0x00, 0x03, 0xE0, 0x00,
    0x00, 0x0B, 0xD0, 0x00, 0x00, 0x0F, 0xC0, 0x00, 0x00, 0x1F, 0x80, 0x00, 0x00, 0x2F, 0x00, 0x00,
    0x00, 0x3F, 0x00, 0x00, 0x00, 0x7D, 0x00, 0x00, 0x00, 0xFC, 0x00, 0x00, 0x00, 0xF8, 0x00, 0x00,
    0x02, 0xF4, 0x00, 0x00, 0x03, 0xF0, 0x00, 0x00, 0x07, 0xE0, 0x00, 0x00, 0x0B, 0xC0, 0x00, 0x00,
    0x0F, 0xC0, 0x00, 0x00, 0x1F, 0x40, 0x00, 0x00, 0x3F, 0x00, 0x00, 0x00, 0x3E, 0x00, 0x00, 0x00,
    0xF4, 0xFD, 0x2F, 0x0F, 0x0F, 0x2F, 0xFD, 0xF4, 0xA0, 0x00, 0x02, 0x8F, 0x00, 0x00, 0x3C, 0xF0,
    0x00, 0x03, 0xCF, 0x00, 0x00, 0x3C, 0xFF, 0xFF, 0xFF, 0xCF, 0xFF, 0xFF, 0xFC, 0xFF, 0xFF, 0xFF,
    0xC0, 0xFF, 0xFF, 0xFF, 0xF3, 0xFF, 0xFF, 0xFF, 0xCF, 0x00, 0x00, 0x0F, 0x3C, 0x00, 0x00, 0x3C,
    0xF0, 0x00, 0x00, 0xF3, 0xC0, 0x00, 0x03, 0xCF, 0xFF, 0xFF, 0xFF, 0x3F, 0xFF, 0xFF, 0xFC, 0x0B,
    0xE0, 0xBE, 0x00, 0xFF, 0xFF, 0xFF, 0x0B, 0x82, 0xF8, 0x2E, 0x3C, 0x03, 0xC0, 0x3C, 0x60, 0x06,
    0x00, 0xA0, 0x10, 0x04, 0x7C, 0x3D, 0x3F, 0xFC, 0x1F, 0xF0, 0x0F, 0xF0, 0x3F, 0xFC, 0xBD, 0x7E,
    0x24, 0x18, 0x00, 0x00, 0x0B, 0xDF, 0xFF, 0xD3, 0xF0, 0xBD, 0x0F, 0xC1, 0xF8, 0x3F, 0x1F, 0xBF,
    0xCF, 0x80, 0xFF, 0xFF, 0xFF, 0xFF, 0xFF, 0xFF, 0xFF, 0xFF, 0xFF, 0xFF, 0xFF, 0xFF, 0x00, 0x00,
    0x00, 0x00, 0x00, 0x00, 0x00, 0x00, 0xFF, 0xFF, 0xFF, 0xFF, 0xFF, 0xFF, 0xFF, 0xFF, 0xFF, 0xFF,
    0xFF, 0xFF, 0xFF, 0x00, 0x3F, 0xC0, 0x1F, 0xD0, 0x07, 0xF0, 0x01, 0xF8, 0x00, 0x7D, 0x00, 0xFF,
    0x00, 0xFF, 0x00, 0x7F, 0x40, 0x3F, 0x40, 0x2F, 0x40, 0x1F, 0x40, 0x00, 0x0B, 0xF4, 0x00, 0xF2,
    0xFF, 0xF0, 0x2E, 0x7F, 0xFF, 0xFF, 0xCB, 0x80, 0xFF, 0xF8, 0xF0, 0x01, 0xFE, 0x00, 0x6E, 0x4B,
    0xFD, 0xBF, 0xE0, 0x7F, 0x03, 0xE0, 0x7C, 0x0F, 0x40, 0x00, 0x00, 0x2F, 0xE0, 0x00, 0x0B, 0xF0,
    0x07, 0xC3, 0xF8, 0xF7, 0xF4, 0xFC, 0x7F, 0xFD, 0x7E, 0x1F, 0xDF, 0x2F, 0x03, 0xD0, 0x0F, 0x80,
    0x00, 0xFD, 0x0F, 0xD0, 0xFE, 0x0F, 0xFE, 0xBF, 0xE2, 0xFE, 0xFF, 0xFF, 0xFF, 0xFF, 0x3F, 0xFF,
    0xFF, 0xFF, 0xCF, 0xFF, 0xFF, 0xFF, 0xF3, 0xC0, 0x00, 0x00, 0x3C, 0xF0, 0x00, 0x00, 0x0F, 0x3C,
    0x00, 0x00, 0x03, 0xCF, 0x00, 0x00, 0x00, 0xF0, 0xFF, 0xFF, 0xFF, 0xFF, 0xFF, 0xFF, 0xFF, 0xFF,
    0xFF, 0xFF, 0xFF, 0xFF, 0x00, 0x00, 0x00, 0x00, 0x00, 0x00, 0x00, 0x00, 0xFF, 0xFF, 0xFF, 0xFF,
    0xFF, 0xFF, 0xFF, 0xFF, 0xFF, 0xFF, 0xFF, 0xFF, 0xFD, 0x1F, 0xFF, 0x47, 0xFF, 0xD1, 0xFF, 0xF4,
    0x7F, 0xFD, 0x1F, 0xFF, 0x47, 0xF0, 0x7F, 0xFC, 0xBF, 0xFC, 0xBF, 0xFC, 0x00, 0x3C, 0x00, 0x3C,
    0x00, 0x3C, 0x00, 0x3C, 0x00, 0x28, 0x00, 0x00, 0x00, 0x00, 0x00, 0x2D, 0x00, 0x0B, 0xF7, 0xC0,
    0xF2, 0xFF, 0xF8, 0x2E, 0x7F, 0xFF, 0xFF, 0xCB, 0x83, 0xFF, 0xF8, 0xF0, 0x7D, 0xFE, 0x00, 0x0B,
    0x40, 0x00, 0x00, 0x00, 0x00, 0x00, 0x00, 0x07, 0xC0, 0x00, 0x00, 0x3F, 0x40, 0x00, 0x00, 0xFD,
    0x00, 0x00, 0x01, 0xE0, 0x00, 0x02, 0xF9, 0x00, 0xB4, 0x3F, 0xFE, 0x43, 0xC2, 0xFF, 0xFF, 0xFF,
    0x0F, 0x41, 0xFF, 0xF0, 0x38, 0x00, 0x6E, 0x00, 0x00, 0x1F, 0x00, 0x00, 0x00, 0xFD, 0x00, 0x00,
    0x03, 0xF4, 0x00, 0x00, 0x07, 0xC0, 0x00, 0x06, 0xE4, 0x02, 0xC0, 0xFF, 0xF4, 0x7C, 0x3F, 0xFF,
    0xFF, 0xC3, 0xD1, 0xBF, 0xF0, 0x38, 0x00, 0xB9, 0x00, 0x2E, 0x00, 0x2C, 0x0F, 0xFE, 0x03, 0xC2,
    0xFF, 0xFF, 0xFC, 0x3D, 0x1F, 0xFF, 0x43, 0xC0, 0x1F, 0xD0, 0x00, 0x00, 0x00, 0x00, 0x0C, 0x03,
    0x00, 0x03, 0xC0, 0x3C, 0x01, 0xFF, 0xFF, 0xF4, 0x7F, 0xFF, 0xFF, 0xD2, 0xFF, 0xFF, 0xF8, 0x07,
    0xC0, 0x3D, 0x00, 0x0C, 0x03, 0x00, 0x00, 0x00, 0x00, 0x00, 0x00, 0x00, 0x02, 0x80, 0x07, 0xE0,
    0x1F, 0xF4, 0x1B, 0xE4, 0x03, 0xC0, 0x03, 0xC0, 0x03, 0xC0, 0x03, 0xC0, 0x00, 0x00, 0x00, 0x00,
    0x00, 0x00, 0x03, 0xFF, 0x80, 0x3F, 0xFC, 0x00, 0xFF, 0xFF, 0xFE, 0x00, 0xFF, 0xF0, 0x03, 0xFF,
    0xFC, 0x00, 0x00, 0x00, 0x00, 0x00, 0x0F, 0xF0, 0x00, 0x00, 0x00, 0x00, 0x00, 0x3F, 0xC0, 0x00,
    0xF3, 0xC3, 0xC0, 0x00, 0xF5, 0x00, 0x03, 0xCF, 0x0F, 0x00, 0x01, 0x40, 0x00, 0xF0, 0x00, 0x03,
    0xC0, 0x00, 0x00, 0x03, 0xC0, 0x00, 0x0F, 0x00, 0x00, 0x00, 0x00, 0x00, 0x00, 0x00, 0x00, 0x00,
    0x03, 0xC0, 0x00, 0x00, 0x0F, 0x00, 0x3C, 0x0F, 0x00, 0x00, 0x00, 0x3C, 0x0F, 0xF0, 0x00, 0x00,
    0x00, 0x00, 0x00, 0x3F, 0xC3, 0xC0, 0x00, 0x00, 0x00, 0xE0, 0xFF, 0x0F, 0x00, 0x00, 0x00, 0x03,
    0x83, 0xFC, 0x00, 0x00, 0x00, 0x00, 0x00, 0x0F, 0xF0, 0x00, 0x00, 0x00, 0x00, 0x00, 0x3C, 0x00,
    0xF0, 0x00, 0x00, 0x03, 0xC0, 0x00, 0x03, 0xC0, 0x00, 0x00, 0x0F, 0x00, 0x00, 0x00, 0xF0, 0x00,
    0x03, 0xC0, 0x00, 0x00, 0x03, 0xC0, 0x00, 0x0F, 0x00, 0x00, 0x00, 0x00, 0xF0, 0x03, 0xC0, 0x00,
    0x0F, 0x00, 0x03, 0xCF, 0x0F, 0x00, 0x03, 0xFC, 0x00, 0x00, 0x3C, 0x00, 0x00, 0x0F, 0xF0, 0x00,
    0x00, 0x00, 0x00, 0x00, 0x3F, 0xC0, 0x00, 0x00, 0x00, 0x00, 0x00, 0xFF, 0xFE, 0x00, 0xFF, 0xF0,
    0x03, 0xFF, 0xFF, 0xF8, 0x03, 0xFF, 0xC0, 0x0F, 0xFF, 0xD0, 0x0F, 0xD0, 0x7F, 0xD0, 0xBF, 0x0B,
    0xF7, 0xFE, 0xFD, 0x0D, 0x00, 0x1F, 0x7F, 0xF8, 0xF0, 0xF0, 0xF8, 0x7F, 0x1F, 0x02, 0xFF, 0x80,
    0x1F, 0xFF, 0xF0, 0x3F, 0xFF, 0xFC, 0xBD, 0x00, 0x7D, 0xF4, 0x00, 0x2D, 0x50, 0xBC, 0x04, 0x00,
    0xFD, 0x00, 0x00, 0xFD, 0x00, 0x00, 0x78, 0x00, 0x14, 0x10, 0x3D, 0x7C, 0x3F, 0xFC, 0x0F, 0xF0,
    0x1F, 0xF0, 0x3F, 0xFC, 0x2D, 0x3C, 0x00, 0x00, 0x00, 0x70, 0x7F, 0xBF, 0xDF, 0xE0, 0xFE, 0x07,
    0xFD, 0x07, 0xF0, 0x07, 0xD0, 0x0F, 0xD0, 0x7F, 0xD0, 0xBF, 0x0B, 0xF7, 0xFE, 0xFD, 0x0D, 0x00,
    0xD0, 0x00, 0x15, 0x03, 0xF4, 0x00, 0xFC, 0x07, 0xFD, 0x0B, 0xF0, 0x02, 0xFC, 0x3F, 0xD0, 0x07,
    0xF1, 0xF7, 0xC1, 0xFF, 0x8B, 0x8F, 0x0F, 0xD0, 0x3C, 0x2E, 0x34, 0x01, 0xE0, 0x3C, 0xF4, 0xFD,
    0x2F, 0x0F, 0x0F, 0x2F, 0xFD, 0xF4, 0x7C, 0xFD, 0xFD, 0x7C, 0x03, 0xC0, 0x13, 0xC4, 0xBB, 0xEE,
    0xFF, 0xFF, 0x0F, 0xF0, 0x2F, 0xF8, 0x2D, 0x78, 0x04, 0x10, 0x1F, 0xE0, 0xBF, 0x41, 0xFF, 0xFF,
    0xFF, 0x4F, 0x82, 0xF8, 0x2F, 0x3C, 0x03, 0xC0, 0x3C, 0xF0, 0x0F, 0x00, 0xF3, 0xE0, 0xBE, 0x0B,
    0xC7, 0xFF, 0xFF, 0xFD, 0x07, 0xF8, 0x2F, 0xD0, 0x09, 0x00, 0x2D, 0x00, 0x3C, 0x00, 0x3F, 0xFD,
    0x7F, 0xFC, 0x00, 0x3C, 0x00, 0x78, 0x00, 0x60, 0x3E, 0x00, 0x00, 0x00, 0x00, 0x00, 0x0B, 0xC2,
    0xF8, 0x00, 0x00, 0x00, 0x00, 0x02, 0xF8, 0x0F, 0xF4, 0x00, 0x00, 0x00, 0x01, 0xFE, 0x00, 0x2F,
    0xF9, 0x00, 0x00, 0x06, 0xFF, 0x80, 0x00, 0x7F, 0xFF, 0xFF, 0xFF, 0xFF, 0xD0, 0x00, 0x00, 0x7F,
    0xFF, 0xFF, 0xFF, 0xD0, 0x00, 0x00, 0x00, 0x1B, 0xFF, 0xFE, 0x40, 0x00, 0x00, 0x3E, 0x00, 0x00,
    0x00, 0x00, 0x00, 0x0B, 0xC2, 0xF8, 0x00, 0x00, 0x00, 0x00, 0x02, 0xF8, 0x0F, 0xF4, 0x00, 0x00,
    0x00, 0x01, 0xFE, 0x00, 0x2F, 0xF9, 0x00, 0x00, 0x06, 0xFF, 0x80, 0x00, 0x7F, 0xFF, 0xFF, 0xFF,
    0xFF, 0xD0, 0x00, 0x00, 0x7F, 0xFF, 0xFF, 0xFF, 0xD0, 0x00, 0x00, 0x00, 0x1B, 0xFF, 0xFE, 0x40,
    0x00, 0x00, 0xFF, 0xFF, 0xFF, 0xFF, 0xFF, 0xFF, 0xFF, 0xFF, 0xFF, 0xFF, 0xFF, 0xF0, 0xFF, 0xFF,
    0xFF, 0xFF, 0xFF, 0xFF, 0xFF, 0xFF, 0xFF, 0xFF, 0xFF, 0xF0, 0x01, 0xBF, 0xFE, 0x40, 0x00, 0x00,
    0x02, 0xD0, 0xBF, 0xFF, 0xFF, 0xF9, 0x00, 0x00, 0xBC, 0x1F, 0xFF, 0xFF, 0xFF, 0xFF, 0xFF, 0xFF,
    0x83, 0xE0, 0x00, 0x06, 0xFF, 0xFF, 0xFF, 0xE0, 0x78, 0x00, 0x00, 0x00, 0x1B, 0xFF, 0xE4, 0x00,
    0x00, 0x00, 0x06, 0xBF, 0xE9, 0x00, 0x00, 0x00, 0x00, 0x2F, 0xFF, 0xFF, 0xFF, 0x80, 0x00, 0x00,
    0x2F, 0xFF, 0xFF, 0xFF, 0xFF, 0x80, 0x00, 0x1F, 0xFE, 0x40, 0x00, 0x1B, 0xFF, 0x40, 0x07, 0xF8,
    0x00, 0x00, 0x00, 0x02, 0xFD, 0x01, 0xFC, 0x00, 0x00, 0x00, 0x00, 0x03, 0xF4, 0x3F, 0x00, 0x00,
    0x00, 0x00, 0x00, 0x0F, 0xC2, 0x80, 0x00, 0x00, 0x00, 0x00, 0x00, 0x28, 0x00, 0x00, 0x00, 0x00,
    0x00, 0x00, 0x00, 0x00, 0x00, 0x00, 0x00, 0x00, 0x00, 0x30, 0x00, 0x00, 0x00, 0x00, 0x00, 0x00,
    0x0F, 0x03, 0xFF, 0xFF, 0xFF, 0xFF, 0xFF, 0xFF, 0xF4, 0xFF, 0xFF, 0xFF, 0xFF, 0xFF, 0xFF, 0xFF,
    0x7F, 0xFF, 0xFF, 0xFF, 0xFF, 0xFF, 0xFF, 0x80, 0x00, 0x00, 0x00, 0x00, 0x00, 0x0F, 0x40, 0x00,
    0x00, 0x00, 0x00, 0x00, 0x03, 0x00, 0x00, 0x00, 0x00, 0x00, 0x00, 0x00, 0x00, 0x00, 0x1F, 0xF0,
    0x10, 0xB0, 0x00, 0xCB, 0xFF, 0xB4, 0x0F, 0xC0, 0x7F, 0x03, 0xCF, 0xE3, 0x1F, 0xF4, 0x78, 0x2D,
    0xF0, 0x0E, 0xFF, 0xFF, 0xF0, 0x00, 0xF0, 0x00, 0x7C, 0x04, 0x0B, 0xFC, 0xEA, 0x0F, 0xFF, 0xFF,
    0xFF, 0xF0, 0x0B, 0xF8, 0x1E, 0x03, 0xCF, 0x00, 0x7B, 0xC0, 0x0F, 0xF0, 0x03, 0xEC, 0x01, 0xE3,
    0xC0, 0xF0, 0x2F, 0xE0, 0xF0, 0x0F, 0xF0, 0x0F, 0xF0, 0x0F, 0xF0, 0x0F, 0xF0, 0x0F, 0xF0, 0x0F,
    0xB4, 0x2F, 0x2F, 0xDF, 0x0B, 0xF5, 0xE0, 0x0F, 0x00, 0x3C, 0x00, 0xF0, 0x03, 0xC0, 0x07, 0x80,
    0x06, 0xFD, 0x00, 0x03, 0x00, 0x03, 0x00, 0x03, 0x00, 0x03, 0x1F, 0xF7, 0x78, 0x0F, 0xF0, 0x07,
    0xF0, 0x03, 0xF0, 0x03, 0xF0, 0x07, 0x78, 0x0F, 0x1F, 0xE3, 0x30, 0x00, 0x30, 0x00, 0x30, 0x00,
    0x30, 0x00, 0x37, 0xF8, 0x38, 0x0A, 0x30, 0x03, 0x30, 0x03, 0x30, 0x03, 0x30, 0x03, 0x30, 0x03,
    0x30, 0x03, 0xE7, 0xF1, 0xFE, 0x3E, 0x0B, 0xC0, 0xEF, 0x00, 0xC0, 0x1F, 0xC0, 0x30, 0x07, 0xF0,
    0x0C, 0x01, 0xFC, 0x03, 0x00, 0x7F, 0x00, 0xC0, 0x1F, 0xC0, 0x30, 0x07, 0xE7, 0xEF, 0xC0, 0xF0,
    0x0F, 0x00, 0xF0, 0x0F, 0x00, 0xF0, 0x0F, 0x00, 0x01, 0x00, 0x2C, 0x00, 0xF0, 0x0F, 0xFC, 0x0F,
    0x00, 0x3C, 0x00, 0xF0, 0x03, 0xC0, 0x0F, 0x00, 0x3C, 0x00, 0x7F, 0x00, 0xB0, 0x03, 0x5D, 0x02,
    0xC3, 0x80, 0xE0, 0x70, 0x70, 0x0E, 0x38, 0x02, 0xCD, 0x00, 0x3F, 0x00, 0x0B, 0x40, 0x74, 0x0B,
    0x07, 0x07, 0x00, 0xB7, 0x40, 0x0F, 0x80, 0x03, 0xE0, 0x03, 0xCE, 0x02, 0xC1, 0xD1, 0xD0, 0x2C,
    0x01, 0xA4, 0x00, 0x00, 0x0B, 0xF8, 0x00, 0x00, 0x0B, 0xF0, 0x00, 0x00, 0x0B, 0xE0, 0x00, 0x00,
    0x0F, 0xD0, 0x00, 0x00, 0x0F, 0xC0, 0x00, 0x00, 0x0F, 0x40, 0x00, 0x00, 0x00, 0x00, 0x00, 0x00,
    0x00, 0x00, 0x00, 0x00, 0x00, 0x0F, 0xFF, 0xFF, 0xFF, 0xFF, 0xFF, 0xFF, 0xFF, 0xFF, 0xFF, 0xFF,
    0xFF, 0xF4, 0x00, 0x00, 0x0F, 0xD0, 0x00, 0x00, 0x3F, 0x40, 0x00, 0x00, 0xFD, 0x00, 0x00, 0x03,
    0xF4, 0x00, 0x00, 0x0F, 0xD0, 0x00, 0x00, 0x3F, 0x40, 0x00, 0x00, 0xFD, 0x00, 0x00, 0x03, 0xFF,
    0xFF, 0xFF, 0xDF, 0xFF, 0xFF, 0xFF, 0xBF, 0xFF, 0xFF, 0xFE, 0xFD, 0x00, 0x00, 0x03, 0xF4, 0x00,
    0x00, 0x0F, 0xD0, 0x00, 0x00, 0x3F, 0x40, 0x00, 0x00, 0xFD, 0x00, 0x00, 0x03, 0xF4, 0x00, 0x00,
    0x0F, 0xD0, 0x00, 0x00, 0x3F, 0x40, 0x00, 0x00, 0xFD, 0x00, 0x00, 0x03, 0xF4, 0x00, 0x00, 0x0F,
    0xFF, 0xFF, 0xFF, 0xFF, 0xFF, 0xFF, 0xFF, 0xFF, 0xFF, 0xFF, 0xFC, 0x01, 0xF0, 0x0F, 0x40, 0x0F,
    0xD0, 0x7F, 0x00, 0x3F, 0x41, 0xFC, 0x00, 0x7C, 0x03, 0xD0, 0x00, 0x00, 0x00, 0x00, 0x00, 0x00,
    0x00, 0x00, 0x00, 0x00, 0x00, 0x00, 0x00, 0x00, 0x00, 0xFF, 0xFF, 0xFF, 0xFF, 0xFF, 0xFF, 0xFF,
    0xFF, 0xFF, 0xFF, 0xFF, 0xFF, 0x40, 0x00, 0x00, 0xFD, 0x00, 0x00, 0x03, 0xF4, 0x00, 0x00, 0x0F,
    0xD0, 0x00, 0x00, 0x3F, 0x40, 0x00, 0x00, 0xFD, 0x00, 0x00, 0x03, 0xF4, 0x00, 0x00, 0x0F, 0xD0,
    0x00, 0x00, 0x3F, 0xFF, 0xFF, 0xFD, 0xFF, 0xFF, 0xFF, 0xFB, 0xFF, 0xFF, 0xFF, 0xEF, 0xD0, 0x00,
    0x00, 0x3F, 0x40, 0x00, 0x00, 0xFD, 0x00, 0x00, 0x03, 0xF4, 0x00, 0x00, 0x0F, 0xD0, 0x00, 0x00,
    0x3F, 0x40, 0x00, 0x00, 0xFD, 0x00, 0x00, 0x03, 0xF4, 0x00, 0x00, 0x0F, 0xD0, 0x00, 0x00, 0x3F,
    0x40, 0x00, 0x00, 0xFF, 0xFF, 0xFF, 0xFF, 0xFF, 0xFF, 0xFF, 0xFF, 0xFF, 0xFF, 0xFF, 0xC0, 0xFF,
    0xFF, 0xFF, 0xFF, 0xFC, 0x00, 0x3F, 0xFF, 0xFF, 0xFF, 0xFF, 0x00, 0x0F, 0xFF, 0xFF, 0xFF, 0xFF,
    0xC0, 0x00, 0x00, 0x1F, 0xC0, 0x00, 0x00, 0x00, 0x00, 0x07, 0xF0, 0x00, 0x00, 0x00, 0x00, 0x01,
    0xFC, 0x00, 0x00, 0x00, 0x00, 0x00, 0x7F, 0x00, 0x00, 0x00, 0x00, 0x00, 0x1F, 0xC0, 0x00, 0x00,
    0x00, 0x00, 0x07, 0xF0, 0x00, 0x00, 0x00, 0x00, 0x01, 0xFC, 0x00, 0x00, 0x00, 0x00, 0x00, 0x7F,
    0x1B, 0xFF, 0x90, 0x00, 0x00, 0x1F, 0xFF, 0xFF, 0xFF, 0x40, 0x00, 0x07, 0xFF, 0xFF, 0xFF, 0xF4,
    0x00, 0x01, 0xFE, 0x40, 0x02, 0xFF, 0x40, 0x00, 0x7F, 0x00, 0x00, 0x1F, 0xF0, 0x00, 0x1F, 0xC0,
    0x00, 0x02, 0xFC, 0x00, 0x07, 0xF0, 0x00, 0x00, 0x3F, 0x40, 0x01, 0xFC, 0x00, 0x00, 0x0F, 0xD0,
    0x00, 0x7F, 0x00, 0x00, 0x03, 0xF4, 0x00, 0x1F, 0xC0, 0x00, 0x00, 0xFD, 0x00, 0x07, 0xF0, 0x00,
    0x00, 0x3F, 0x40, 0x01, 0xFC, 0x00, 0x00, 0x2F, 0xC0, 0x00, 0x7F, 0x00, 0x00, 0x0F, 0xE0, 0x00,
    0x1F, 0xC0, 0x00, 0x1F, 0xF0, 0x00, 0x07, 0xF0, 0x2F, 0xFF, 0xF4, 0x00, 0x01, 0xFC, 0x0B, 0xFF,
    0xF4, 0x00, 0x00, 0x7F, 0x02, 0xFF, 0xE0, 0x00, 0x00, 0x00, 0x2A, 0x40, 0x00, 0x02, 0xFD, 0x00,
    0x00, 0x0F, 0xE0, 0x00, 0x00, 0xBE, 0x00, 0x00, 0x07, 0xF0, 0x00, 0x00, 0x3F, 0x00, 0x00, 0x01,
    0xF0, 0x00, 0x00, 0x00, 0x00, 0x00, 0x00, 0x00, 0x00, 0x00, 0x00, 0x00, 0x00, 0x0F, 0xFF, 0xFF,
    0xFF, 0xBF, 0xFF, 0xFF, 0xFE, 0xFF, 0xFF, 0xFF, 0xF7, 0xF4, 0x00, 0x00, 0x0F, 0xD0, 0x00, 0x00,
    0x3F, 0x40, 0x00, 0x00, 0xFD, 0x00, 0x00, 0x03, 0xF4, 0x00, 0x00, 0x0F, 0xD0, 0x00, 0x00, 0x3F,
    0x40, 0x00, 0x00, 0xFD, 0x00, 0x00, 0x03, 0xF4, 0x00, 0x00, 0x0F, 0xD0, 0x00, 0x00, 0x3F, 0x40,
    0x00, 0x00, 0xFD, 0x00, 0x00, 0x03, 0xF4, 0x00, 0x00, 0x0F, 0xD0, 0x00, 0x00, 0x3F, 0x40, 0x00,
    0x00, 0xFD, 0x00, 0x00, 0x03, 0xF4, 0x00, 0x00, 0x0F, 0xD0, 0x00, 0x00, 0x3F, 0x40, 0x00, 0x00,
    0xFD, 0x00, 0x00, 0x03, 0xF4, 0x00, 0x00, 0x0F, 0xD0, 0x00, 0x00, 0x3F, 0x40, 0x00, 0x00, 0xFD,
    0x00, 0x00, 0x00, 0x00, 0x00, 0x6F, 0xFF, 0x90, 0x00, 0x02, 0xFF, 0xFF, 0xFF, 0xC0, 0x07, 0xFF,
    0xFF, 0xFF, 0xE0, 0x0B, 0xFE, 0x00, 0x01, 0xB0, 0x07, 0xFC, 0x00, 0x00, 0x00, 0x03, 0xFC, 0x00,
    0x00, 0x00, 0x02, 0xFC, 0x00, 0x00, 0x00, 0x00, 0xFD, 0x00, 0x00, 0x00, 0x00, 0x7F, 0x00, 0x00,
    0x00, 0x00, 0x2F, 0xC0, 0x00, 0x00, 0x00, 0x0F, 0xE0, 0x00, 0x00, 0x00, 0x03, 0xFF, 0xFF, 0xFF,
    0xFD, 0x00, 0xFF, 0xFF, 0xFF, 0xFF, 0x80, 0x3F, 0xFF, 0xFF, 0xFF, 0xE0, 0x0F, 0xE0, 0x00, 0x00,
    0x00, 0x03, 0xF8, 0x00, 0x00, 0x00, 0x00, 0xFF, 0x00, 0x00, 0x00, 0x00, 0x2F, 0xC0, 0x00, 0x00,
    0x00, 0x07, 0xF4, 0x00, 0x00, 0x00, 0x00, 0xFF, 0x00, 0x00, 0x00, 0x00, 0x2F, 0xD0, 0x00, 0x00,
    0x00, 0x03, 0xFC, 0x00, 0x00, 0x00, 0x00, 0xBF, 0xD0, 0x00, 0x00, 0x00, 0x0F, 0xFE, 0x40, 0x00,
    0xB8, 0x00, 0xBF, 0xFF, 0xFF, 0xFE, 0x00, 0x07, 0xFF, 0xFF, 0xFF, 0x40, 0x00, 0x1B, 0xFF, 0xF9,
    0x00, 0x00, 0x1B, 0xFF, 0xE4, 0x00, 0x1F, 0xFF, 0xFF, 0xF8, 0x07, 0xFF, 0xFF, 0xFF, 0x40, 0xFF,
    0x40, 0x01, 0xB0, 0x2F, 0xC0, 0x00, 0x00, 0x03, 0xF8, 0x00, 0x00, 0x00, 0x3F, 0x80, 0x00, 0x00,
    0x03, 0xF8, 0x00, 0x00, 0x00, 0x3F, 0xC0, 0x00, 0x00, 0x02, 0xFE, 0x00, 0x00, 0x00, 0x0F, 0xFC,
    0x00, 0x00, 0x00, 0x7F, 0xFD, 0x00, 0x00, 0x01, 0xFF, 0xFE, 0x00, 0x00, 0x02, 0xFF, 0xFE, 0x00,
    0x00, 0x01, 0xFF, 0xFC, 0x00, 0x00, 0x00, 0xBF, 0xF0, 0x00, 0x00, 0x00, 0xFF, 0xC0, 0x00, 0x00,
    0x03, 0xFC, 0x00, 0x00, 0x00, 0x0F, 0xD0, 0x00, 0x00, 0x00, 0xFD, 0x00, 0x00, 0x00, 0x0F, 0xD0,
    0x00, 0x00, 0x01, 0xFD, 0x00, 0x00, 0x00, 0x3F, 0xCB, 0x90, 0x00, 0x1F, 0xF4, 0xBF, 0xFF, 0xFF,
    0xFD, 0x07, 0xFF, 0xFF, 0xFF, 0x40, 0x06, 0xFF, 0xFE, 0x40, 0x00, 0xFD, 0xFD, 0xFD, 0xFD, 0xFD,
    0xFD, 0xFD, 0xFD, 0xFD, 0xFD, 0xFD, 0xFD, 0xFD, 0xFD, 0xFD, 0xFD, 0xFD, 0xFD, 0xFD, 0xFD, 0xFD,
    0xFD, 0xFD, 0xFD, 0xFD, 0xFD, 0xFD, 0x7C, 0x1F, 0x3F, 0x4F, 0xDF, 0xD3, 0xF5, 0xF0, 0x7C, 0x00,
    0x00, 0x00, 0x00, 0x00, 0x00, 0x00, 0x00, 0x00, 0x07, 0xF0, 0x01, 0xFC, 0x00, 0x7F, 0x00, 0x1F,
    0xC0, 0x07, 0xF0, 0x01, 0xFC, 0x00, 0x7F, 0x00, 0x1F, 0xC0, 0x07, 0xF0, 0x01, 0xFC, 0x00, 0x7F,
    0x00, 0x1F, 0xC0, 0x07, 0xF0, 0x01, 0xFC, 0x00, 0x7F, 0x00, 0x1F, 0xC0, 0x07, 0xF0, 0x01, 0xFC,
    0x00, 0x7F, 0x00, 0x1F, 0xC0, 0x07, 0xF0, 0x01, 0xFC, 0x00, 0x7F, 0x00, 0x1F, 0xC0, 0x07, 0xF0,
    0x01, 0xFC, 0x00, 0x7F, 0x00, 0x00, 0x03, 0xF4, 0x00, 0x0F, 0xD0, 0x00, 0x3F, 0x40, 0x00, 0xFD,
    0x00, 0x03, 0xF4, 0x00, 0x0F, 0xD0, 0x00, 0x3F, 0x40, 0x00, 0xFD, 0x00, 0x03, 0xF4, 0x00, 0x0F,
    0xD0, 0x00, 0x3F, 0x40, 0x00, 0xFD, 0x00, 0x03, 0xF4, 0x00, 0x0F, 0xD0, 0x00, 0x3F, 0x40, 0x00,
    0xFD, 0x00, 0x03, 0xF4, 0x00, 0x0F, 0xD0, 0x00, 0x3F, 0x40, 0x00, 0xFD, 0x00, 0x03, 0xF4, 0x00,
    0x0F, 0xD0, 0x00, 0x3F, 0x40, 0x00, 0xFD, 0x00, 0x03, 0xF4, 0x00, 0x0F, 0xD0, 0x00, 0x3F, 0x40,
    0x00, 0xFD, 0x00, 0x03, 0xF4, 0x00, 0x0F, 0xC0, 0x00, 0xBF, 0x00, 0x0B, 0xF8, 0xBF, 0xFF, 0xC2,
    0xFF, 0xF8, 0x02, 0xFA, 0x00, 0x00, 0x00, 0x0F, 0xFF, 0xFF, 0xFF, 0xF0, 0x00, 0x00, 0x00, 0x00,
    0x0F, 0xFF, 0xFF, 0xFF, 0xF0, 0x00, 0x00, 0x00, 0x00, 0x0F, 0xFF, 0xFF, 0xFF, 0xF0, 0x00, 0x00,
    0x00, 0x00, 0x0F, 0xD0, 0x00, 0x07, 0xF0, 0x00, 0x00, 0x00, 0x00, 0x0F, 0xD0, 0x00, 0x07, 0xF0,
    0x00, 0x00, 0x00, 0x00, 0x0F, 0xD0, 0x00, 0x07, 0xF0, 0x00, 0x00, 0x00, 0x00, 0x0F, 0xD0, 0x00,
    0x07, 0xF0, 0x00, 0x00, 0x00, 0x00, 0x0F, 0xD0, 0x00, 0x07, 0xF0, 0x00, 0x00, 0x00, 0x00, 0x0F,
    0xD0, 0x00, 0x07, 0xF0, 0x00, 0x00, 0x00, 0x00, 0x0F, 0xD0, 0x00, 0x07, 0xF0, 0x00, 0x00, 0x00,
    0x00, 0x0F, 0xD0, 0x00, 0x07, 0xFF, 0xFF, 0xE4, 0x00, 0x00, 0x0F, 0xD0, 0x00, 0x07, 0xFF, 0xFF,
    0xFF, 0x80, 0x00, 0x0F, 0xD0, 0x00, 0x07, 0xFF, 0xFF, 0xFF, 0xF0, 0x00, 0x0F, 0xD0, 0x00, 0x07,
    0xF0, 0x00, 0x1F, 0xF8, 0x00, 0x0F, 0xD0, 0x00, 0x07, 0xF0, 0x00, 0x03, 0xFC, 0x00, 0x0F, 0xD0,
    0x00, 0x07, 0xF0, 0x00, 0x00, 0xFE, 0x00, 0x0F, 0xD0, 0x00, 0x07, 0xF0, 0x00, 0x00, 0xBF, 0x00,
    0x0F, 0xC0, 0x00, 0x07, 0xF0, 0x00, 0x00, 0xBF, 0x00, 0x0F, 0xC0, 0x00, 0x07, 0xF0, 0x00, 0x00,
    0x7F, 0x00, 0x1F, 0xC0, 0x00, 0x07, 0xF0, 0x00, 0x00, 0xBF, 0x00, 0x1F, 0xC0, 0x00, 0x07, 0xF0,
    0x00, 0x00, 0xFF, 0x00, 0x2F, 0x80, 0x00, 0x07, 0xF0, 0x00, 0x00, 0xFE, 0x00, 0x3F, 0x40, 0x00,
    0x07, 0xF0, 0x00, 0x03, 0xFC, 0x00, 0xBF, 0x00, 0x00, 0x07, 0xF0, 0x00, 0x1F, 0xF8, 0xFF, 0xFD,
    0x00, 0x00, 0x07, 0xFF, 0xFF, 0xFF, 0xE0, 0xFF, 0xF8, 0x00, 0x00, 0x07, 0xFF, 0xFF, 0xFF, 0x40,
    0xFF, 0xD0, 0x00, 0x00, 0x07, 0xFF, 0xFF, 0xE4, 0x00, 0xFD, 0x00, 0x00, 0x01, 0xFC, 0x00, 0x00,
    0x00, 0x3F, 0x40, 0x00, 0x00, 0x7F, 0x00, 0x00, 0x00, 0x0F, 0xD0, 0x00, 0x00, 0x1F, 0xC0, 0x00,
    0x00, 0x03, 0xF4, 0x00, 0x00, 0x07, 0xF0, 0x00, 0x00, 0x00, 0xFD, 0x00, 0x00, 0x01, 0xFC, 0x00,
    0x00, 0x00, 0x3F, 0x40, 0x00, 0x00, 0x7F, 0x00, 0x00, 0x00, 0x0F, 0xD0, 0x00, 0x00, 0x1F, 0xC0,
    0x00, 0x00, 0x03, 0xF4, 0x00, 0x00, 0x07, 0xF0, 0x00, 0x00, 0x00, 0xFD, 0x00, 0x00, 0x01, 0xFC,
    0x00, 0x00, 0x00, 0x3F, 0x40, 0x00, 0x00, 0x7F, 0x00, 0x00, 0x00, 0x0F, 0xD0, 0x00, 0x00, 0x1F,
    0xC0, 0x00, 0x00, 0x03, 0xFF, 0xFF, 0xFF, 0xFF, 0xFF, 0xFF, 0xE4, 0x00, 0xFF, 0xFF, 0xFF, 0xFF,
    0xFF, 0xFF, 0xFF, 0xE0, 0x3F, 0xFF, 0xFF, 0xFF, 0xFF, 0xFF, 0xFF, 0xFF, 0x0F, 0xD0, 0x00, 0x00,
    0x1F, 0xC0, 0x00, 0x7F, 0xF3, 0xF4, 0x00, 0x00, 0x07, 0xF0, 0x00, 0x02, 0xFD, 0xFD, 0x00, 0x00,
    0x01, 0xFC, 0x00, 0x00, 0x3F, 0xBF, 0x40, 0x00, 0x00, 0x7F, 0x00, 0x00, 0x0B, 0xFF, 0xD0, 0x00,
    0x00, 0x1F, 0xC0, 0x00, 0x02, 0xFF, 0xF4, 0x00, 0x00, 0x07, 0xF0, 0x00, 0x00, 0xBF, 0xFD, 0x00,
    0x00, 0x01, 0xFC, 0x00, 0x00, 0x2F, 0xFF, 0x40, 0x00, 0x00, 0x7F, 0x00, 0x00, 0x0F, 0xEF, 0xD0,
    0x00, 0x00, 0x1F, 0xC0, 0x00, 0x0F, 0xF7, 0xF4, 0x00, 0x00, 0x07, 0xF0, 0x00, 0x2F, 0xF8, 0xFD,
    0x00, 0x00, 0x01, 0xFF, 0xFF, 0xFF, 0xFC, 0x3F, 0x40, 0x00, 0x00, 0x7F, 0xFF, 0xFF, 0xF4, 0x0F,
    0xD0, 0x00, 0x00, 0x1F, 0xFF, 0xFF, 0x90, 0x00, 0xFF, 0xFF, 0xFF, 0xFF, 0xFC, 0x00, 0x3F, 0xFF,
    0xFF, 0xFF, 0xFF, 0x00, 0x0F, 0xFF, 0xFF, 0xFF, 0xFF, 0xC0, 0x00, 0x00, 0x1F, 0xC0, 0x00, 0x00,
    0x00, 0x00, 0x07, 0xF0, 0x00, 0x00, 0x00, 0x00, 0x01, 0xFC, 0x00, 0x00, 0x00, 0x00, 0x00, 0x7F,
    0x00, 0x00, 0x00, 0x00, 0x00, 0x1F, 0xC0, 0x00, 0x00, 0x00, 0x00, 0x07, 0xF0, 0x00, 0x00, 0x00,
    0x00, 0x01, 0xFC, 0x00, 0x00, 0x00, 0x00, 0x00, 0x7F, 0x16, 0xFE, 0x90, 0x00, 0x00, 0x1F, 0xFF,
    0xFF, 0xFF, 0x40, 0x00, 0x07, 0xFF, 0xFF, 0xFF, 0xF8, 0x00, 0x01, 0xFF, 0x90, 0x06, 0xFF, 0x40,
    0x00, 0x7F, 0x00, 0x00, 0x1F, 0xF0, 0x00, 0x1F, 0xC0, 0x00, 0x02, 0xFC, 0x00, 0x07, 0xF0, 0x00,
    0x00, 0x7F, 0x40, 0x01, 0xFC, 0x00, 0x00, 0x0F, 0xD0, 0x00, 0x7F, 0x00, 0x00, 0x03, 0xF4, 0x00,
    0x1F, 0xC0, 0x00, 0x00, 0xFD, 0x00, 0x07, 0xF0, 0x00, 0x00, 0x3F, 0x40, 0x01, 0xFC, 0x00, 0x00,
    0x0F, 0xD0, 0x00, 0x7F, 0x00, 0x00, 0x03, 0xF4, 0x00, 0x1F, 0xC0, 0x00, 0x00, 0xFD, 0x00, 0x07,
    0xF0, 0x00, 0x00, 0x3F, 0x40, 0x01, 0xFC, 0x00, 0x00, 0x0F, 0xD0, 0x00, 0x7F, 0x00, 0x00, 0x03,
    0xF4, 0x00, 0x00, 0x06, 0xA0, 0x00, 0x00, 0x00, 0x0F, 0xF0, 0x00, 0x00, 0x00, 0x2F, 0xC0, 0x00,
    0x00, 0x00, 0x7F, 0x00, 0x00, 0x00, 0x00, 0xFD, 0x00, 0x00, 0x00, 0x02, 0xF4, 0x00, 0x00, 0x00,
    0x03, 0xE0, 0x00, 0x00, 0x00, 0x00, 0x00, 0x00, 0x00, 0x00, 0x00, 0x00, 0x00, 0x00, 0x00, 0x00,
    0x00, 0x00, 0x00, 0xFD, 0x00, 0x00, 0x03, 0xF8, 0xFD, 0x00, 0x00, 0x0F, 0xF0, 0xFD, 0x00, 0x00,
    0x1F, 0xC0, 0xFD, 0x00, 0x00, 0x3F, 0x40, 0xFD, 0x00, 0x00, 0xFF, 0x00, 0xFD, 0x00, 0x02, 0xFC,
    0x00, 0xFD, 0x00, 0x03, 0xF4, 0x00, 0xFD, 0x00, 0x0F, 0xE0, 0x00, 0xFD, 0x00, 0x2F, 0xC0, 0x00,
    0xFD, 0x00, 0x7F, 0x40, 0x00, 0xFD, 0x00, 0xFE, 0x00, 0x00, 0xFF, 0xFF, 0xFC, 0x00, 0x00, 0xFF,
    0xFF, 0xF4, 0x00, 0x00, 0xFF, 0xFF, 0xFC, 0x00, 0x00, 0xFD, 0x00, 0xFE, 0x00, 0x00, 0xFD, 0x00,
    0xBF, 0x40, 0x00, 0xFD, 0x00, 0x3F, 0xC0, 0x00, 0xFD, 0x00, 0x1F, 0xE0, 0x00, 0xFD, 0x00, 0x0B,
    0xF0, 0x00, 0xFD, 0x00, 0x03, 0xFC, 0x00, 0xFD, 0x00, 0x01, 0xFD, 0x00, 0xFD, 0x00, 0x00, 0xBF,
    0x00, 0xFD, 0x00, 0x00, 0x3F, 0xC0, 0xFD, 0x00, 0x00, 0x1F, 0xD0, 0xFD, 0x00, 0x00, 0x0F, 0xF0,
    0xFD, 0x00, 0x00, 0x03, 0xF8, 0xFD, 0x00, 0x00, 0x02, 0xFD, 0x00, 0x06, 0x90, 0x00, 0x00, 0x00,
    0x01, 0xFD, 0x00, 0x00, 0x00, 0x00, 0x2F, 0xC0, 0x00, 0x00, 0x00, 0x03, 0xF8, 0x00, 0x00, 0x00,
    0x00, 0x3F, 0x00, 0x00, 0x00, 0x00, 0x03, 0xE0, 0x00, 0x00, 0x00, 0x00, 0x7C, 0x00, 0x00, 0x00,
    0x00, 0x00, 0x00, 0x00, 0x00, 0x00, 0x00, 0x00, 0x00, 0x00, 0x00, 0x00, 0x00, 0x00, 0x0F, 0xD0,
    0x00, 0x00, 0x03, 0xFF, 0xF4, 0x00, 0x00, 0x02, 0xFF, 0xFD, 0x00, 0x00, 0x01, 0xFF, 0xFF, 0x40,
    0x00, 0x00, 0xFF, 0xFF, 0xD0, 0x00, 0x00, 0xBE, 0xFF, 0xF4, 0x00, 0x00, 0x3E, 0x7F, 0xFD, 0x00,
    0x00, 0x2F, 0x1F, 0xFF, 0x40, 0x00, 0x1F, 0x47, 0xFF, 0xD0, 0x00, 0x0F, 0xC1, 0xFF, 0xF4, 0x00,
    0x0B, 0xC0, 0x7F, 0xFD, 0x00, 0x03, 0xE0, 0x1F, 0xFF, 0x40, 0x02, 0xF0, 0x07, 0xFF, 0xD0, 0x01,
    0xF4, 0x01, 0xFF, 0xF4, 0x00, 0xFC, 0x00, 0x7F, 0xFD, 0x00, 0xBC, 0x00, 0x1F, 0xFF, 0x40, 0x3E,
    0x00, 0x07, 0xFF, 0xD0, 0x2F, 0x00, 0x01, 0xFF, 0xF4, 0x1F, 0x40, 0x00, 0x7F, 0xFD, 0x0F, 0xC0,
    0x00, 0x1F, 0xFF, 0x4B, 0xD0, 0x00, 0x07, 0xFF, 0xD3, 0xE0, 0x00, 0x01, 0xFF, 0xF6, 0xF0, 0x00,
    0x00, 0x7F, 0xFE, 0xF4, 0x00, 0x00, 0x1F, 0xFF, 0xFC, 0x00, 0x00, 0x07, 0xFF, 0xFD, 0x00, 0x00,
    0x01, 0xFF, 0xFE, 0x00, 0x00, 0x00, 0x7F, 0xFF, 0x00, 0x00, 0x00, 0x1F, 0xC0, 0x00, 0x0B, 0xD0,
    0x03, 0xF0, 0x00, 0x00, 0x07, 0xF0, 0x0F, 0xE0, 0x00, 0x00, 0x03, 0xFF, 0xFF, 0xC0, 0x00, 0x00,
    0x00, 0xFF, 0xFF, 0x40, 0x00, 0x00, 0x00, 0x2F, 0xF8, 0x00, 0x00, 0x00, 0x00, 0x00, 0x00, 0x00,
    0x00, 0x00, 0x00, 0x00, 0x00, 0x00, 0x00, 0x00, 0x00, 0x00, 0x00, 0x00, 0x00, 0xBF, 0x00, 0x00,
    0x00, 0x02, 0xFC, 0x3F, 0x80, 0x00, 0x00, 0x03, 0xF4, 0x2F, 0xC0, 0x00, 0x00, 0x0B, 0xF0, 0x0F,
    0xE0, 0x00, 0x00, 0x0F, 0xD0, 0x0B, 0xF0, 0x00, 0x00, 0x1F, 0xC0, 0x03, 0xF8, 0x00, 0x00, 0x3F,
    0x80, 0x02, 0xFC, 0x00, 0x00, 0x7F, 0x00, 0x00, 0xFE, 0x00, 0x00, 0xFE, 0x00, 0x00, 0xBF, 0x00,
    0x00, 0xFC, 0x00, 0x00, 0x3F, 0x80, 0x02, 0xFC, 0x00, 0x00, 0x2F, 0xC0, 0x03, 0xF4, 0x00, 0x00,
    0x0F, 0xE0, 0x07, 0xF0, 0x00, 0x00, 0x0B, 0xF0, 0x0F, 0xD0, 0x00, 0x00, 0x03, 0xF8, 0x1F, 0xC0,
    0x00, 0x00, 0x02, 0xFC, 0x3F, 0x80, 0x00, 0x00, 0x00, 0xFE, 0x3F, 0x00, 0x00, 0x00, 0x00, 0xBF,
    0xBE, 0x00, 0x00, 0x00, 0x00, 0x3F, 0xFC, 0x00, 0x00, 0x00, 0x00, 0x2F, 0xFC, 0x00, 0x00, 0x00,
    0x00, 0x0F, 0xF4, 0x00, 0x00, 0x00, 0x00, 0x0F, 0xF0, 0x00, 0x00, 0x00, 0x00, 0x1F, 0xD0, 0x00,
    0x00, 0x00, 0x00, 0x3F, 0x80, 0x00, 0x00, 0x00, 0x01, 0xFF, 0x00, 0x00, 0x00, 0x03, 0xFF, 0xFD,
    0x00, 0x00, 0x00, 0x03, 0xFF, 0xF4, 0x00, 0x00, 0x00, 0x03, 0xFF, 0x80, 0x00, 0x00, 0x00, 0xFD,
    0x00, 0x00, 0x00, 0x3F, 0xBF, 0x40, 0x00, 0x00, 0x0F, 0xEF, 0xD0, 0x00, 0x00, 0x03, 0xFB, 0xF4,
    0x00, 0x00, 0x00, 0xFE, 0xFD, 0x00, 0x00, 0x00, 0x3F, 0xBF, 0x40, 0x00, 0x00, 0x0F, 0xEF, 0xD0,
    0x00, 0x00, 0x03, 0xFB, 0xF4, 0x00, 0x00, 0x00, 0xFE, 0xFD, 0x00, 0x00, 0x00, 0x3F, 0xBF, 0x40,
    0x00, 0x00, 0x0F, 0xEF, 0xD0, 0x00, 0x00, 0x03, 0xFB, 0xF4, 0x00, 0x00, 0x00, 0xFE, 0xFD, 0x00,
    0x00, 0x00, 0x3F, 0xBF, 0x40, 0x00, 0x00, 0x0F, 0xEF, 0xD0, 0x00, 0x00, 0x03, 0xFB, 0xF4, 0x00,
    0x00, 0x00, 0xFE, 0xFD, 0x00, 0x00, 0x00, 0x3F, 0xBF, 0x40, 0x00, 0x00, 0x0F, 0xEF, 0xD0, 0x00,
    0x00, 0x03, 0xFB, 0xF4, 0x00, 0x00, 0x00, 0xFE, 0xFD, 0x00, 0x00, 0x00, 0x3F, 0xBF, 0x40, 0x00,
    0x00, 0x0F, 0xEF, 0xD0, 0x00, 0x00, 0x03, 0xFB, 0xF4, 0x00, 0x00, 0x00, 0xFE, 0xFF, 0xFF, 0xFF,
    0xFF, 0xFF, 0xBF, 0xFF, 0xFF, 0xFF, 0xFF, 0xEF, 0xFF, 0xFF, 0xFF, 0xFF, 0xF8, 0x00, 0x01, 0xFC,
    0x00, 0x00, 0x00, 0x00, 0x7F, 0x00, 0x00, 0x00, 0x00, 0x1F, 0xC0, 0x00, 0x00, 0x00, 0x07, 0xF0,
    0x00, 0x00, 0x00, 0x01, 0xFC, 0x00, 0x00, 0x00, 0x00, 0x7F, 0x00, 0x00, 0x00, 0x00, 0x00, 0x0B,
    0xE0, 0x00, 0x00, 0x00, 0x00, 0x0F, 0xF0, 0x00, 0x00, 0x00, 0x00, 0x2F, 0xF4, 0x00, 0x00, 0x00,
    0x00, 0x3F, 0xFC, 0x00, 0x00, 0x00, 0x00, 0x7E, 0xBC, 0x00, 0x00, 0x00, 0x00, 0xBD, 0x7E, 0x00,
    0x00, 0x00, 0x00, 0xFC, 0x3F, 0x00, 0x00, 0x00, 0x01, 0xF8, 0x2F, 0x40, 0x00, 0x00, 0x03, 0xF4,
    0x1F, 0xC0, 0x00, 0x00, 0x03, 0xF0, 0x0F, 0xC0, 0x00, 0x00, 0x0B, 0xE0, 0x0B, 0xE0, 0x00, 0x00,
    0x0F, 0xC0, 0x03, 0xF0, 0x00, 0x00, 0x1F, 0xC0, 0x03, 0xF4, 0x00, 0x00, 0x3F, 0x40, 0x01, 0xF8,
    0x00, 0x00, 0x3F, 0x00, 0x00, 0xFC, 0x00, 0x00, 0xBF, 0xFF, 0xFF, 0xFD, 0x00, 0x00, 0xFF, 0xFF,
    0xFF, 0xFF, 0x00, 0x01, 0xFF, 0xFF, 0xFF, 0xFF, 0x40, 0x02, 0xF4, 0x00, 0x00, 0x2F, 0x80, 0x03,
    0xF0, 0x00, 0x00, 0x0F, 0xC0, 0x07, 0xE0, 0x00, 0x00, 0x0F, 0xD0, 0x0F, 0xD0, 0x00, 0x00, 0x0B,
    0xF0, 0x1F, 0xC0, 0x00, 0x00, 0x03, 0xF0, 0x2F, 0x80, 0x00, 0x00, 0x03, 0xF8, 0x3F, 0x40, 0x00,
    0x00, 0x01, 0xFC, 0x7F, 0x00, 0x00, 0x00, 0x00, 0xFD, 0xFE, 0x00, 0x00, 0x00, 0x00, 0xBE, 0xFF,
    0xFF, 0xFF, 0xFF, 0x0F, 0xFF, 0xFF, 0xFF, 0xF0, 0xFF, 0xFF, 0xFF, 0xFF, 0x0F, 0xD0, 0x00, 0x00,
    0x00, 0xFD, 0x00, 0x00, 0x00, 0x0F, 0xD0, 0x00, 0x00, 0x00, 0xFD, 0x00, 0x00, 0x00, 0x0F, 0xD0,
    0x00, 0x00, 0x00, 0xFD, 0x00, 0x00, 0x00, 0x0F, 0xD0, 0x00, 0x00, 0x00, 0xFF, 0xFF, 0xE9, 0x00,
    0x0F, 0xFF, 0xFF, 0xFE, 0x00, 0xFF, 0xFF, 0xFF, 0xFD, 0x0F, 0xD0, 0x00, 0x7F, 0xF0, 0xFD, 0x00,
    0x00, 0x7F, 0x8F, 0xD0, 0x00, 0x02, 0xFC, 0xFD, 0x00, 0x00, 0x1F, 0xDF, 0xD0, 0x00, 0x00, 0xFD,
    0xFD, 0x00, 0x00, 0x0F, 0xDF, 0xD0, 0x00, 0x00, 0xFD, 0xFD, 0x00, 0x00, 0x1F, 0xDF, 0xD0, 0x00,
    0x02, 0xFC, 0xFD, 0x00, 0x00, 0x7F, 0x8F, 0xD0, 0x00, 0x2F, 0xF0, 0xFF, 0xFF, 0xFF, 0xFD, 0x0F,
    0xFF, 0xFF, 0xFE, 0x00, 0xFF, 0xFF, 0xFA, 0x00, 0x00, 0xFF, 0xFF, 0xFE, 0x90, 0x03, 0xFF, 0xFF,
    0xFF, 0xF4, 0x0F, 0xFF, 0xFF, 0xFF, 0xF8, 0x3F, 0x40, 0x00, 0x2F, 0xF4, 0xFD, 0x00, 0x00, 0x0F,
    0xE3, 0xF4, 0x00, 0x00, 0x2F, 0xCF, 0xD0, 0x00, 0x00, 0xBF, 0x3F, 0x40, 0x00, 0x02, 0xFC, 0xFD,
    0x00, 0x00, 0x0B, 0xE3, 0xF4, 0x00, 0x00, 0x7F, 0x4F, 0xD0, 0x00, 0x07, 0xF8, 0x3F, 0xFF, 0xFF,
    0xFF, 0x40, 0xFF, 0xFF, 0xFF, 0xE0, 0x03, 0xFF, 0xFF, 0xFF, 0xF8, 0x0F, 0xD0, 0x00, 0x1B, 0xFC,
    0x3F, 0x40, 0x00, 0x07, 0xF8, 0xFD, 0x00, 0x00, 0x0B, 0xF3, 0xF4, 0x00, 0x00, 0x0F, 0xDF, 0xD0,
    0x00, 0x00, 0x3F, 0x7F, 0x40, 0x00, 0x00, 0xFD, 0xFD, 0x00, 0x00, 0x03, 0xF7, 0xF4, 0x00, 0x00,
    0x2F, 0xCF, 0xD0, 0x00, 0x00, 0xFF, 0x3F, 0x40, 0x00, 0x1F, 0xF4, 0xFF, 0xFF, 0xFF, 0xFF, 0x43,
    0xFF, 0xFF, 0xFF, 0xF4, 0x0F, 0xFF, 0xFF, 0xF9, 0x00, 0x00, 0xFF, 0xFF, 0xFF, 0xFB, 0xFF, 0xFF,
    0xFF, 0xEF, 0xFF, 0xFF, 0xFF, 0x7F, 0x40, 0x00, 0x00, 0xFD, 0x00, 0x00, 0x03, 0xF4, 0x00, 0x00,
    0x0F, 0xD0, 0x00, 0x00, 0x3F, 0x40, 0x00, 0x00, 0xFD, 0x00, 0x00, 0x03, 0xF4, 0x00, 0x00, 0x0F,
    0xD0, 0x00, 0x00, 0x3F, 0x40, 0x00, 0x00, 0xFD, 0x00, 0x00, 0x03, 0xF4, 0x00, 0x00, 0x0F, 0xD0,
    0x00, 0x00, 0x3F, 0x40, 0x00, 0x00, 0xFD, 0x00, 0x00, 0x03, 0xF4, 0x00, 0x00, 0x0F, 0xD0, 0x00,
    0x00, 0x3F, 0x40, 0x00, 0x00, 0xFD, 0x00, 0x00, 0x03, 0xF4, 0x00, 0x00, 0x0F, 0xD0, 0x00, 0x00,
    0x3F, 0x40, 0x00, 0x00, 0xFD, 0x00, 0x00, 0x03, 0xF4, 0x00, 0x00, 0x0F, 0xD0, 0x00, 0x00, 0x00,
    0x00, 0x07, 0xFF, 0xFF, 0xFF, 0xFC, 0x00, 0x00, 0x1F, 0xFF, 0xFF, 0xFF, 0xF0, 0x00, 0x00, 0x7F,
    0xFF, 0xFF, 0xFF, 0xC0, 0x00, 0x01, 0xFC, 0x00, 0x00, 0x7F, 0x00, 0x00, 0x07, 0xF0, 0x00, 0x01,
    0xFC, 0x00, 0x00, 0x1F, 0xC0, 0x00, 0x07, 0xF0, 0x00, 0x00, 0x7F, 0x00, 0x00, 0x1F, 0xC0, 0x00,
    0x01, 0xFC, 0x00, 0x00, 0x7F, 0x00, 0x00, 0x07, 0xF0, 0x00, 0x01, 0xFC, 0x00, 0x00, 0x1F, 0xC0,
    0x00, 0x07, 0xF0, 0x00, 0x00, 0x7F, 0x00, 0x00, 0x1F, 0xC0, 0x00, 0x01, 0xFC, 0x00, 0x00, 0x7F,
    0x00, 0x00, 0x0B, 0xF0, 0x00, 0x01, 0xFC, 0x00, 0x00, 0x2F, 0xC0, 0x00, 0x07, 0xF0, 0x00, 0x00,
    0xBE, 0x00, 0x00, 0x1F, 0xC0, 0x00, 0x03, 0xF8, 0x00, 0x00, 0x7F, 0x00, 0x00, 0x0F, 0xD0, 0x00,
    0x01, 0xFC, 0x00, 0x00, 0x3F, 0x00, 0x00, 0x07, 0xF0, 0x00, 0x01, 0xFC, 0x00, 0x00, 0x1F, 0xC0,
    0x00, 0x0F, 0xE0, 0x00, 0x00, 0x7F, 0x00, 0x00, 0x3F, 0x00, 0x00, 0x01, 0xFC, 0x00, 0x02, 0xFC,
    0x00, 0x00, 0x07, 0xF0, 0x00, 0x0F, 0xD0, 0x00, 0x00, 0x1F, 0xC0, 0x00, 0xFE, 0x00, 0x00, 0x00,
    0x7F, 0x00, 0xFF, 0xFF, 0xFF, 0xFF, 0xFF, 0xFF, 0xF7, 0xFF, 0xFF, 0xFF, 0xFF, 0xFF, 0xFF, 0xDF,
    0xFF, 0xFF, 0xFF, 0xFF, 0xFF, 0xFF, 0x7F, 0x40, 0x00, 0x00, 0x00, 0x00, 0xFD, 0xFD, 0x00, 0x00,
    0x00, 0x00, 0x03, 0xF7, 0xF4, 0x00, 0x00, 0x00, 0x00, 0x0F, 0xDF, 0xD0, 0x00, 0x00, 0x00, 0x00,
    0x3F, 0x7F, 0x40, 0x00, 0x00, 0x00, 0x00, 0xFD, 0xFD, 0x00, 0x00, 0x00, 0x00, 0x03, 0xF4, 0x00,
    0x00, 0x00, 0x00, 0x00, 0x00, 0x00, 0xFF, 0xFF, 0xFF, 0xFF, 0xFF, 0xFF, 0xFF, 0xFF, 0xFF, 0xFF,
    0xFF, 0xFF, 0x40, 0x00, 0x00, 0xFD, 0x00, 0x00, 0x03, 0xF4, 0x00, 0x00, 0x0F, 0xD0, 0x00, 0x00,
    0x3F, 0x40, 0x00, 0x00, 0xFD, 0x00, 0x00, 0x03, 0xF4, 0x00, 0x00, 0x0F, 0xD0, 0x00, 0x00, 0x3F,
    0xFF, 0xFF, 0xFD, 0xFF, 0xFF, 0xFF, 0xFB, 0xFF, 0xFF, 0xFF, 0xEF, 0xD0, 0x00, 0x00, 0x3F, 0x40,
    0x00, 0x00, 0xFD, 0x00, 0x00, 0x03, 0xF4, 0x00, 0x00, 0x0F, 0xD0, 0x00, 0x00, 0x3F, 0x40, 0x00,
    0x00, 0xFD, 0x00, 0x00, 0x03, 0xF4, 0x00, 0x00, 0x0F, 0xD0, 0x00, 0x00, 0x3F, 0x40, 0x00, 0x00,
    0xFF, 0xFF, 0xFF, 0xFF, 0xFF, 0xFF, 0xFF, 0xFF, 0xFF, 0xFF, 0xFF, 0xC0, 0x2F, 0xC0, 0x00, 0x01,
    0xFC, 0x00, 0x00, 0x1F, 0xC0, 0x3F, 0x80, 0x00, 0x07, 0xF0, 0x00, 0x00, 0xFE, 0x00, 0x7F, 0x40,
    0x00, 0x1F, 0xC0, 0x00, 0x0B, 0xF0, 0x00, 0xBF, 0x00, 0x00, 0x7F, 0x00, 0x00, 0x7F, 0x00, 0x00,
    0xFE, 0x00, 0x01, 0xFC, 0x00, 0x03, 0xF8, 0x00, 0x01, 0xFD, 0x00, 0x07, 0xF0, 0x00, 0x2F, 0xC0,
    0x00, 0x02, 0xFC, 0x00, 0x1F, 0xC0, 0x01, 0xFC, 0x00, 0x00, 0x03, 0xF8, 0x00, 0x7F, 0x00, 0x0F,
    0xE0, 0x00, 0x00, 0x03, 0xF4, 0x01, 0xFC, 0x00, 0xBF, 0x00, 0x00, 0x00, 0x0B, 0xF0, 0x07, 0xF0,
    0x07, 0xF0, 0x00, 0x00, 0x00, 0x0F, 0xE0, 0x1F, 0xC0, 0x3F, 0x40, 0x00, 0x00, 0x00, 0x0F, 0xFF,
    0xFF, 0xFF, 0xFC, 0x00, 0x00, 0x00, 0x00, 0x3F, 0xFF, 0xFF, 0xFF, 0xD0, 0x00, 0x00, 0x00, 0x01,
    0xFF, 0xFF, 0xFF, 0xFF, 0xC0, 0x00, 0x00, 0x00, 0x0F, 0xF0, 0x1F, 0xC0, 0x7F, 0x40, 0x00, 0x00,
    0x00, 0xBF, 0x40, 0x7F, 0x00, 0xBF, 0x00, 0x00, 0x00, 0x03, 0xF8, 0x01, 0xFC, 0x00, 0xFE, 0x00,
    0x00, 0x00, 0x3F, 0xC0, 0x07, 0xF0, 0x01, 0xFD, 0x00, 0x00, 0x01, 0xFD, 0x00, 0x1F, 0xC0, 0x03,
    0xFC, 0x00, 0x00, 0x0F, 0xF0, 0x00, 0x7F, 0x00, 0x03, 0xF8, 0x00, 0x00, 0xBF, 0x00, 0x01, 0xFC,
    0x00, 0x0B, 0xF0, 0x00, 0x07, 0xF8, 0x00, 0x07, 0xF0, 0x00, 0x0F, 0xF0, 0x00, 0x3F, 0xC0, 0x00,
    0x1F, 0xC0, 0x00, 0x1F, 0xD0, 0x02, 0xFD, 0x00, 0x00, 0x7F, 0x00, 0x00, 0x2F, 0xC0, 0x0F, 0xE0,
    0x00, 0x01, 0xFC, 0x00, 0x00, 0x3F, 0x80, 0xBF, 0x00, 0x00, 0x07, 0xF0, 0x00, 0x00, 0x7F, 0x47,
    0xF4, 0x00, 0x00, 0x1F, 0xC0, 0x00, 0x00, 0xFF, 0x00, 0x01, 0xBF, 0xFE, 0x40, 0x00, 0xFF, 0xFF,
    0xFF, 0xE0, 0x03, 0xFF, 0xFF, 0xFF, 0xF0, 0x07, 0x90, 0x00, 0x7F, 0xF0, 0x00, 0x00, 0x00, 0x2F,
    0xC0, 0x00, 0x00, 0x00, 0x3F, 0x40, 0x00, 0x00, 0x00, 0xFD, 0x00, 0x00, 0x00, 0x03, 0xF4, 0x00,
    0x00, 0x00, 0x1F, 0xC0, 0x00, 0x00, 0x01, 0xFE, 0x00, 0x00, 0x00, 0x6F, 0xE0, 0x00, 0x3F, 0xFF,
    0xFD, 0x00, 0x00, 0xFF, 0xFF, 0x90, 0x00, 0x03, 0xFF, 0xFF, 0xF4, 0x00, 0x00, 0x00, 0x1B, 0xF8,
    0x00, 0x00, 0x00, 0x07, 0xF8, 0x00, 0x00, 0x00, 0x0B, 0xF0, 0x00, 0x00, 0x00, 0x0F, 0xD0, 0x00,
    0x00, 0x00, 0x3F, 0x40, 0x00, 0x00, 0x00, 0xFD, 0x00, 0x00, 0x00, 0x03, 0xF4, 0x00, 0x00, 0x00,
    0x2F, 0xC0, 0x00, 0x00, 0x01, 0xFE, 0x2E, 0x40, 0x00, 0x7F, 0xF0, 0xBF, 0xFF, 0xFF, 0xFF, 0x01,
    0xFF, 0xFF, 0xFF, 0xE0, 0x00, 0x6F, 0xFF, 0xE4, 0x00, 0x00, 0xFD, 0x00, 0x00, 0x00, 0x3F, 0xFF,
    0x40, 0x00, 0x00, 0x2F, 0xFF, 0xD0, 0x00, 0x00, 0x1F, 0xFF, 0xF4, 0x00, 0x00, 0x0F, 0xFF, 0xFD,
    0x00, 0x00, 0x0B, 0xEF, 0xFF, 0x40, 0x00, 0x03, 0xE7, 0xFF, 0xD0, 0x00, 0x02, 0xF1, 0xFF, 0xF4,
    0x00, 0x01, 0xF4, 0x7F, 0xFD, 0x00, 0x00, 0xFC, 0x1F, 0xFF, 0x40, 0x00, 0xBC, 0x07, 0xFF, 0xD0,
    0x00, 0x3E, 0x01, 0xFF, 0xF4, 0x00, 0x2F, 0x00, 0x7F, 0xFD, 0x00, 0x1F, 0x40, 0x1F, 0xFF, 0x40,
    0x0F, 0xC0, 0x07, 0xFF, 0xD0, 0x0B, 0xC0, 0x01, 0xFF, 0xF4, 0x03, 0xE0, 0x00, 0x7F, 0xFD, 0x02,
    0xF0, 0x00, 0x1F, 0xFF, 0x41, 0xF4, 0x00, 0x07, 0xFF, 0xD0, 0xFC, 0x00, 0x01, 0xFF, 0xF4, 0xBD,
    0x00, 0x00, 0x7F, 0xFD, 0x3E, 0x00, 0x00, 0x1F, 0xFF, 0x6F, 0x00, 0x00, 0x07, 0xFF, 0xEF, 0x40,
    0x00, 0x01, 0xFF, 0xFF, 0xC0, 0x00, 0x00, 0x7F, 0xFF, 0xD0, 0x00, 0x00, 0x1F, 0xFF, 0xE0, 0x00,
    0x00, 0x07, 0xFF, 0xF0, 0x00, 0x00, 0x01, 0xFC, 0x00, 0x29, 0x00, 0x1A, 0x00, 0x00, 0x0F, 0xC0,
    0x0F, 0xC0, 0x00, 0x02, 0xFC, 0x0B, 0xF0, 0x00, 0x00, 0x3F, 0xFF, 0xF4, 0x00, 0x00, 0x07, 0xFF,
    0xF4, 0x00, 0x00, 0x00, 0x2B, 0xE0, 0x00, 0x00, 0x00, 0x00, 0x00, 0x00, 0x00, 0x00, 0x00, 0x00,
    0x00, 0x00, 0xFD, 0x00, 0x00, 0x00, 0x3F, 0xFF, 0x40, 0x00, 0x00, 0x2F, 0xFF, 0xD0, 0x00, 0x00,
    0x1F, 0xFF, 0xF4, 0x00, 0x00, 0x0F, 0xFF, 0xFD, 0x00, 0x00, 0x0B, 0xEF, 0xFF, 0x40, 0x00, 0x03,
    0xE7, 0xFF, 0xD0, 0x00, 0x02, 0xF1, 0xFF, 0xF4, 0x00, 0x01, 0xF4, 0x7F, 0xFD, 0x00, 0x00, 0xFC,
    0x1F, 0xFF, 0x40, 0x00, 0xBC, 0x07, 0xFF, 0xD0, 0x00, 0x3E, 0x01, 0xFF, 0xF4, 0x00, 0x2F, 0x00,
    0x7F, 0xFD, 0x00, 0x1F, 0x40, 0x1F, 0xFF, 0x40, 0x0F, 0xC0, 0x07, 0xFF, 0xD0, 0x0B, 0xC0, 0x01,
    0xFF, 0xF4, 0x03, 0xE0, 0x00, 0x7F, 0xFD, 0x02, 0xF0, 0x00, 0x1F, 0xFF, 0x41, 0xF4, 0x00, 0x07,
    0xFF, 0xD0, 0xFC, 0x00, 0x01, 0xFF, 0xF4, 0xBD, 0x00, 0x00, 0x7F, 0xFD, 0x3E, 0x00, 0x00, 0x1F,
    0xFF, 0x6F, 0x00, 0x00, 0x07, 0xFF, 0xEF, 0x40, 0x00, 0x01, 0xFF, 0xFF, 0xC0, 0x00, 0x00, 0x7F,
    0xFF, 0xD0, 0x00, 0x00, 0x1F, 0xFF, 0xE0, 0x00, 0x00, 0x07, 0xFF, 0xF0, 0x00, 0x00, 0x01, 0xFC,
    0xFD, 0x00, 0x00, 0x03, 0xF8, 0xFD, 0x00, 0x00, 0x0F, 0xF0, 0xFD, 0x00, 0x00, 0x1F, 0xC0, 0xFD,
    0x00, 0x00, 0x3F, 0x40, 0xFD, 0x00, 0x00, 0xFF, 0x00, 0xFD, 0x00, 0x02, 0xFC, 0x00, 0xFD, 0x00,
    0x03, 0xF4, 0x00, 0xFD, 0x00, 0x0F, 0xE0, 0x00, 0xFD, 0x00, 0x2F, 0xC0, 0x00, 0xFD, 0x00, 0x7F,
    0x40, 0x00, 0xFD, 0x00, 0xFE, 0x00, 0x00, 0xFF, 0xFF, 0xFC, 0x00, 0x00, 0xFF, 0xFF, 0xF4, 0x00,
    0x00, 0xFF, 0xFF, 0xFC, 0x00, 0x00, 0xFD, 0x00, 0xFE, 0x00, 0x00, 0xFD, 0x00, 0xBF, 0x40, 0x00,
    0xFD, 0x00, 0x3F, 0xC0, 0x00, 0xFD, 0x00, 0x1F, 0xE0, 0x00, 0xFD, 0x00, 0x0B, 0xF0, 0x00, 0xFD,
    0x00, 0x03, 0xFC, 0x00, 0xFD, 0x00, 0x01, 0xFD, 0x00, 0xFD, 0x00, 0x00, 0xFF, 0x00, 0xFD, 0x00,
    0x00, 0x3F, 0xC0, 0xFD, 0x00, 0x00, 0x1F, 0xD0, 0xFD, 0x00, 0x00, 0x0F, 0xF0, 0xFD, 0x00, 0x00,
    0x03, 0xF8, 0xFD, 0x00, 0x00, 0x02, 0xFD, 0x00, 0x0F, 0xFF, 0xFF, 0xFF, 0xF4, 0x00, 0x3F, 0xFF,
    0xFF, 0xFF, 0xD0, 0x00, 0xFF, 0xFF, 0xFF, 0xFF, 0x40, 0x03, 0xF4, 0x00, 0x00, 0xFD, 0x00, 0x0F,
    0xD0, 0x00, 0x03, 0xF4, 0x00, 0x3F, 0x40, 0x00, 0x0F, 0xD0, 0x00, 0xFD, 0x00, 0x00, 0x3F, 0x40,
    0x03, 0xF4, 0x00, 0x00, 0xFD, 0x00, 0x0F, 0xD0, 0x00, 0x03, 0xF4, 0x00, 0x3F, 0x40, 0x00, 0x0F,
    0xD0, 0x00, 0xFD, 0x00, 0x00, 0x3F, 0x40, 0x03, 0xF4, 0x00, 0x00, 0xFD, 0x00, 0x0F, 0xD0, 0x00,
    0x03, 0xF4, 0x00, 0x3F, 0x40, 0x00, 0x0F, 0xD0, 0x00, 0xFD, 0x00, 0x00, 0x3F, 0x40, 0x03, 0xF4,
    0x00, 0x00, 0xFD, 0x00, 0x0F, 0xD0, 0x00, 0x03, 0xF4, 0x00, 0x3F, 0x00, 0x00, 0x0F, 0xD0, 0x00,
    0xFC, 0x00, 0x00, 0x3F, 0x40, 0x07, 0xF0, 0x00, 0x00, 0xFD, 0x00, 0x1F, 0xC0, 0x00, 0x03, 0xF4,
    0x00, 0xBE, 0x00, 0x00, 0x0F, 0xD0, 0x03, 0xF4, 0x00, 0x00, 0x3F, 0x40, 0x2F, 0xC0, 0x00, 0x00,
    0xFD, 0xFF, 0xFD, 0x00, 0x00, 0x03, 0xF7, 0xFF, 0xE0, 0x00, 0x00, 0x0F, 0xDF, 0xFD, 0x00, 0x00,
    0x00, 0x3F, 0x40, 0xFF, 0xE0, 0x00, 0x00, 0x00, 0x1F, 0xFF, 0xFF, 0xC0, 0x00, 0x00, 0x00, 0xBF,
    0xFF, 0xFF, 0x40, 0x00, 0x00, 0x03, 0xFF, 0xFF, 0xBE, 0x00, 0x00, 0x00, 0x1F, 0xFF, 0xFD, 0xFC,
    0x00, 0x00, 0x00, 0xFE, 0xFF, 0xF6, 0xF4, 0x00, 0x00, 0x03, 0xE7, 0xFF, 0xD3, 0xF0, 0x00, 0x00,
    0x2F, 0x1F, 0xFF, 0x4F, 0xC0, 0x00, 0x00, 0xFC, 0x7F, 0xFD, 0x1F, 0x80, 0x00, 0x07, 0xE1, 0xFF,
    0xF4, 0x3F, 0x00, 0x00, 0x2F, 0x07, 0xFF, 0xD0, 0xFD, 0x00, 0x00, 0xFC, 0x1F, 0xFF, 0x41, 0xF8,
    0x00, 0x07, 0xD0, 0x7F, 0xFD, 0x03, 0xF0, 0x00, 0x3F, 0x01, 0xFF, 0xF4, 0x0B, 0xD0, 0x00, 0xF8,
    0x07, 0xFF, 0xD0, 0x1F, 0x80, 0x0B, 0xD0, 0x1F, 0xFF, 0x40, 0x3F, 0x00, 0x3F, 0x00, 0x7F, 0xFD,
    0x00, 0xBD, 0x01, 0xF8, 0x01, 0xFF, 0xF4, 0x01, 0xFC, 0x0B, 0xC0, 0x07, 0xFF, 0xD0, 0x03, 0xF0,
    0x3F, 0x00, 0x1F, 0xFF, 0x40, 0x0B, 0xE1, 0xF8, 0x00, 0x7F, 0xFD, 0x00, 0x0F, 0xCF, 0xC0, 0x01,
    0xFF, 0xF4, 0x00, 0x3F, 0x7F, 0x00, 0x07, 0xFF, 0xD0, 0x00, 0xBF, 0xF4, 0x00, 0x1F, 0xFF, 0x40,
    0x00, 0xFF, 0xC0, 0x00, 0x7F, 0xFD, 0x00, 0x03, 0xFE, 0x00, 0x01, 0xFF, 0xF4, 0x00, 0x07, 0xF4,
    0x00, 0x07, 0xFF, 0xD0, 0x00, 0x0F, 0xC0, 0x00, 0x1F, 0xC0, 0xFD, 0x00, 0x00, 0x00, 0x3F, 0x7F,
    0x40, 0x00, 0x00, 0x0F, 0xDF, 0xD0, 0x00, 0x00, 0x03, 0xF7, 0xF4, 0x00, 0x00, 0x00, 0xFD, 0xFD,
    0x00, 0x00, 0x00, 0x3F, 0x7F, 0x40, 0x00, 0x00, 0x0F, 0xDF, 0xD0, 0x00, 0x00, 0x03, 0xF7, 0xF4,
    0x00, 0x00, 0x00, 0xFD, 0xFD, 0x00, 0x00, 0x00, 0x3F, 0x7F, 0x40, 0x00, 0x00, 0x0F, 0xDF, 0xD0,
    0x00, 0x00, 0x03, 0xF7, 0xFF, 0xFF, 0xFF, 0xFF, 0xFD, 0xFF, 0xFF, 0xFF, 0xFF, 0xFF, 0x7F, 0xFF,
    0xFF, 0xFF, 0xFF, 0xDF, 0xD0, 0x00, 0x00, 0x03, 0xF7, 0xF4, 0x00, 0x00, 0x00, 0xFD, 0xFD, 0x00,
    0x00, 0x00, 0x3F, 0x7F, 0x40, 0x00, 0x00, 0x0F, 0xDF, 0xD0, 0x00, 0x00, 0x03, 0xF7, 0xF4, 0x00,
    0x00, 0x00, 0xFD, 0xFD, 0x00, 0x00, 0x00, 0x3F, 0x7F, 0x40, 0x00, 0x00, 0x0F, 0xDF, 0xD0, 0x00,
    0x00, 0x03, 0xF7, 0xF4, 0x00, 0x00, 0x00, 0xFD, 0xFD, 0x00, 0x00, 0x00, 0x3F, 0x7F, 0x40, 0x00,
    0x00, 0x0F, 0xDF, 0xD0, 0x00, 0x00, 0x03, 0xF4, 0x00, 0x01, 0xBF, 0xFE, 0x40, 0x00, 0x00, 0x1F,
    0xFF, 0xFF, 0xF4, 0x00, 0x00, 0xBF, 0xFF, 0xFF, 0xFE, 0x00, 0x02, 0xFF, 0x40, 0x01, 0xFF, 0xC0,
    0x0B, 0xF8, 0x00, 0x00, 0x2F, 0xE0, 0x0F, 0xE0, 0x00, 0x00, 0x0B, 0xF0, 0x2F, 0xC0, 0x00, 0x00,
    0x03, 0xF8, 0x3F, 0x80, 0x00, 0x00, 0x02, 0xFC, 0x7F, 0x00, 0x00, 0x00, 0x00, 0xFD, 0xBF, 0x00,
    0x00, 0x00, 0x00, 0xFE, 0xFE, 0x00, 0x00, 0x00, 0x00, 0xBF, 0xFE, 0x00, 0x00, 0x00, 0x00, 0xBF,
    0xFE, 0x00, 0x00, 0x00, 0x00, 0xBF, 0xFD, 0x00, 0x00, 0x00, 0x00, 0x7F, 0xFE, 0x00, 0x00, 0x00,
    0x00, 0xBF, 0xFE, 0x00, 0x00, 0x00, 0x00, 0xBF, 0xFE, 0x00, 0x00, 0x00, 0x00, 0xBF, 0xBF, 0x00,
    0x00, 0x00, 0x00, 0xFE, 0x7F, 0x00, 0x00, 0x00, 0x00, 0xFD, 0x3F, 0x80, 0x00, 0x00, 0x02, 0xFC,
    0x2F, 0xC0, 0x00, 0x00, 0x03, 0xF8, 0x0F, 0xE0, 0x00, 0x00, 0x0B, 0xF0, 0x07, 0xF8, 0x00, 0x00,
    0x2F, 0xE0, 0x02, 0xFF, 0x40, 0x01, 0xFF, 0x80, 0x00, 0xBF, 0xFF, 0xFF, 0xFE, 0x00, 0x00, 0x1F,
    0xFF, 0xFF, 0xF4, 0x00, 0x00, 0x01, 0xBF, 0xFE, 0x40, 0x00, 0xFF, 0xFF, 0xFF, 0xFF, 0xFF, 0x7F,
    0xFF, 0xFF, 0xFF, 0xFF, 0xDF, 0xFF, 0xFF, 0xFF, 0xFF, 0xF7, 0xF4, 0x00, 0x00, 0x00, 0xFD, 0xFD,
    0x00, 0x00, 0x00, 0x3F, 0x7F, 0x40, 0x00, 0x00, 0x0F, 0xDF, 0xD0, 0x00, 0x00, 0x03, 0xF7, 0xF4,
    0x00, 0x00, 0x00, 0xFD, 0xFD, 0x00, 0x00, 0x00, 0x3F, 0x7F, 0x40, 0x00, 0x00, 0x0F, 0xDF, 0xD0,
    0x00, 0x00, 0x03, 0xF7, 0xF4, 0x00, 0x00, 0x00, 0xFD, 0xFD, 0x00, 0x00, 0x00, 0x3F, 0x7F, 0x40,
    0x00, 0x00, 0x0F, 0xDF, 0xD0, 0x00, 0x00, 0x03, 0xF7, 0xF4, 0x00, 0x00, 0x00, 0xFD, 0xFD, 0x00,
    0x00, 0x00, 0x3F, 0x7F, 0x40, 0x00, 0x00, 0x0F, 0xDF, 0xD0, 0x00, 0x00, 0x03, 0xF7, 0xF4, 0x00,
    0x00, 0x00, 0xFD, 0xFD, 0x00, 0x00, 0x00, 0x3F, 0x7F, 0x40, 0x00, 0x00, 0x0F, 0xDF, 0xD0, 0x00,
    0x00, 0x03, 0xF7, 0xF4, 0x00, 0x00, 0x00, 0xFD, 0xFD, 0x00, 0x00, 0x00, 0x3F, 0x7F, 0x40, 0x00,
    0x00, 0x0F, 0xDF, 0xD0, 0x00, 0x00, 0x03, 0xF4, 0xFF, 0xFF, 0xF9, 0x00, 0x3F, 0xFF, 0xFF, 0xF8,
    0x0F, 0xFF, 0xFF, 0xFF, 0xC3, 0xF4, 0x00, 0x1F, 0xFC, 0xFD, 0x00, 0x00, 0xBF, 0x7F, 0x40, 0x00,
    0x0F, 0xEF, 0xD0, 0x00, 0x02, 0xFF, 0xF4, 0x00, 0x00, 0xBF, 0xFD, 0x00, 0x00, 0x2F, 0xFF, 0x40,
    0x00, 0x0B, 0xFF, 0xD0, 0x00, 0x03, 0xFB, 0xF4, 0x00, 0x03, 0xFC, 0xFD, 0x00, 0x07, 0xFE, 0x3F,
    0xFF, 0xFF, 0xFE, 0x0F, 0xFF, 0xFF, 0xFD, 0x03, 0xFF, 0xFF, 0xE4, 0x00, 0xFD, 0x00, 0x00, 0x00,
    0x3F, 0x40, 0x00, 0x00, 0x0F, 0xD0, 0x00, 0x00, 0x03, 0xF4, 0x00, 0x00, 0x00, 0xFD, 0x00, 0x00,
    0x00, 0x3F, 0x40, 0x00, 0x00, 0x0F, 0xD0, 0x00, 0x00, 0x03, 0xF4, 0x00, 0x00, 0x00, 0xFD, 0x00,
    0x00, 0x00, 0x3F, 0x40, 0x00, 0x00, 0x0F, 0xD0, 0x00, 0x00, 0x00, 0x00, 0x00, 0x6F, 0xFF, 0x90,
    0x00, 0x02, 0xFF, 0xFF, 0xFF, 0xC0, 0x07, 0xFF, 0xFF, 0xFF, 0xE0, 0x0B, 0xFE, 0x40, 0x01, 0xB0,
    0x07, 0xFC, 0x00, 0x00, 0x00, 0x03, 0xFC, 0x00, 0x00, 0x00, 0x02, 0xFD, 0x00, 0x00, 0x00, 0x00,
    0xFE, 0x00, 0x00, 0x00, 0x00, 0x7F, 0x40, 0x00, 0x00, 0x00, 0x2F, 0xC0, 0x00, 0x00, 0x00, 0x0F,
    0xE0, 0x00, 0x00, 0x00, 0x03, 0xF8, 0x00, 0x00, 0x00, 0x00, 0xFE, 0x00, 0x00, 0x00, 0x00, 0x3F,
    0x40, 0x00, 0x00, 0x00, 0x0F, 0xE0, 0x00, 0x00, 0x00, 0x03, 0xF8, 0x00, 0x00, 0x00, 0x00, 0xFE,
    0x00, 0x00, 0x00, 0x00, 0x2F, 0xC0, 0x00, 0x00, 0x00, 0x07, 0xF0, 0x00, 0x00, 0x00, 0x00, 0xFE,
    0x00, 0x00, 0x00, 0x00, 0x2F, 0xC0, 0x00, 0x00, 0x00, 0x07, 0xFC, 0x00, 0x00, 0x00, 0x00, 0xBF,
    0xC0, 0x00, 0x00, 0x00, 0x0F, 0xFE, 0x40, 0x00, 0x78, 0x00, 0xBF, 0xFF, 0xFF, 0xFE, 0x00, 0x07,
    0xFF, 0xFF, 0xFF, 0x40, 0x00, 0x1B, 0xFF, 0xF9, 0x00, 0xFF, 0xFF, 0xFF, 0xFF, 0xFF, 0xFF, 0xFF,
    0xFF, 0xFF, 0xFF, 0xFF, 0xFF, 0xFF, 0xFF, 0xFF, 0x00, 0x00, 0x7F, 0x00, 0x00, 0x00, 0x00, 0x7F,
    0x00, 0x00, 0x00, 0x00, 0x7F, 0x00, 0x00, 0x00, 0x00, 0x7F, 0x00, 0x00, 0x00, 0x00, 0x7F, 0x00,
    0x00, 0x00, 0x00, 0x7F, 0x00, 0x00, 0x00, 0x00, 0x7F, 0x00, 0x00, 0x00, 0x00, 0x7F, 0x00, 0x00,
    0x00, 0x00, 0x7F, 0x00, 0x00, 0x00, 0x00, 0x7F, 0x00, 0x00, 0x00, 0x00, 0x7F, 0x00, 0x00, 0x00,
    0x00, 0x7F, 0x00, 0x00, 0x00, 0x00, 0x7F, 0x00, 0x00, 0x00, 0x00, 0x7F, 0x00, 0x00, 0x00, 0x00,
    0x7F, 0x00, 0x00, 0x00, 0x00, 0x7F, 0x00, 0x00, 0x00, 0x00, 0x7F, 0x00, 0x00, 0x00, 0x00, 0x7F,
    0x00, 0x00, 0x00, 0x00, 0x7F, 0x00, 0x00, 0x00, 0x00, 0x7F, 0x00, 0x00, 0x00, 0x00, 0x7F, 0x00,
    0x00, 0x00, 0x00, 0x7F, 0x00, 0x00, 0x00, 0x00, 0x7F, 0x00, 0x00, 0x00, 0x00, 0x7F, 0x00, 0x00,
    0xBF, 0x00, 0x00, 0x00, 0x02, 0xFC, 0x3F, 0x80, 0x00, 0x00, 0x03, 0xF4, 0x2F, 0xC0, 0x00, 0x00,
    0x0B, 0xF0, 0x0F, 0xE0, 0x00, 0x00, 0x0F, 0xD0, 0x0B, 0xF0, 0x00, 0x00, 0x1F, 0xC0, 0x03, 0xF8,
    0x00, 0x00, 0x3F, 0x80, 0x02, 0xFC, 0x00, 0x00, 0x7F, 0x00, 0x00, 0xFE, 0x00, 0x00, 0xFE, 0x00,
    0x00, 0xBF, 0x00, 0x00, 0xFC, 0x00, 0x00, 0x3F, 0x80, 0x02, 0xFC, 0x00, 0x00, 0x2F, 0xC0, 0x03,
    0xF4, 0x00, 0x00, 0x0F, 0xE0, 0x07, 0xF0, 0x00, 0x00, 0x0B, 0xF0, 0x0F, 0xD0, 0x00, 0x00, 0x03,
    0xF8, 0x1F, 0xC0, 0x00, 0x00, 0x02, 0xFC, 0x3F, 0x80, 0x00, 0x00, 0x00, 0xFE, 0x3F, 0x00, 0x00,
    0x00, 0x00, 0xBF, 0xBE, 0x00, 0x00, 0x00, 0x00, 0x3F, 0xFC, 0x00, 0x00, 0x00, 0x00, 0x2F, 0xFC,
    0x00, 0x00, 0x00, 0x00, 0x0F, 0xF4, 0x00, 0x00, 0x00, 0x00, 0x0F, 0xF0, 0x00, 0x00, 0x00, 0x00,
    0x1F, 0xD0, 0x00, 0x00, 0x00, 0x00, 0x3F, 0x80, 0x00, 0x00, 0x00, 0x01, 0xFF, 0x00, 0x00, 0x00,
    0x03, 0xFF, 0xFD, 0x00, 0x00, 0x00, 0x03, 0xFF, 0xF4, 0x00, 0x00, 0x00, 0x03, 0xFF, 0x80, 0x00,
    0x00, 0x00, 0x00, 0x00, 0x01, 0xFC, 0x00, 0x00, 0x00, 0x00, 0x00, 0x07, 0xF0, 0x00, 0x00, 0x00,
    0x00, 0x00, 0x1F, 0xC0, 0x00, 0x00, 0x00, 0x00, 0x6B, 0xFF, 0xF9, 0x40, 0x00, 0x00, 0x2F, 0xFF,
    0xFF, 0xFF, 0xD0, 0x00, 0x0B, 0xFF, 0xFF, 0xFF, 0xFF, 0xF0, 0x00, 0xBF, 0xE4, 0x1F, 0xC0, 0x7F,
    0xF0, 0x07, 0xFC, 0x00, 0x7F, 0x00, 0x1F, 0xF0, 0x3F, 0xC0, 0x01, 0xFC, 0x00, 0x1F, 0xD1, 0xFD,
    0x00, 0x07, 0xF0, 0x00, 0x3F, 0xCB, 0xF0, 0x00, 0x1F, 0xC0, 0x00, 0x7F, 0x3F, 0x80, 0x00, 0x7F,
    0x00, 0x00, 0xFD, 0xFE, 0x00, 0x01, 0xFC, 0x00, 0x03, 0xF7, 0xF4, 0x00, 0x07, 0xF0, 0x00, 0x0F,
    0xEF, 0xE0, 0x00, 0x1F, 0xC0, 0x00, 0x3F, 0x7F, 0x80, 0x00, 0x7F, 0x00, 0x00, 0xFD, 0xBF, 0x00,
    0x01, 0xFC, 0x00, 0x07, 0xF1, 0xFD, 0x00, 0x07, 0xF0, 0x00, 0x3F, 0xC3, 0xFC, 0x00, 0x1F, 0xC0,
    0x01, 0xFE, 0x07, 0xF8, 0x00, 0x7F, 0x00, 0x1F, 0xF0, 0x0B, 0xFE, 0x01, 0xFC, 0x06, 0xFF, 0x40,
    0x0B, 0xFF, 0xFF, 0xFF, 0xFF, 0xF4, 0x00, 0x07, 0xFF, 0xFF, 0xFF, 0xFE, 0x00, 0x00, 0x01, 0xBF,
    0xFF, 0xFE, 0x40, 0x00, 0x00, 0x00, 0x01, 0xFC, 0x00, 0x00, 0x00, 0x00, 0x00, 0x07, 0xF0, 0x00,
    0x00, 0x00, 0x00, 0x00, 0x1F, 0xC0, 0x00, 0x00, 0x00, 0x00, 0x00, 0x7F, 0x00, 0x00, 0x00, 0x3F,
    0xC0, 0x00, 0x00, 0x3F, 0xC0, 0xFE, 0x00, 0x00, 0x07, 0xF0, 0x0B, 0xF0, 0x00, 0x00, 0xFE, 0x00,
    0x3F, 0x80, 0x00, 0x2F, 0xC0, 0x01, 0xFD, 0x00, 0x03, 0xF0, 0x00, 0x0B, 0xF0, 0x00, 0xFE, 0x00,
    0x00, 0x3F, 0x80, 0x1F, 0xC0, 0x00, 0x01, 0xFC, 0x03, 0xF4, 0x00, 0x00, 0x0B, 0xE0, 0xBE, 0x00,
    0x00, 0x00, 0x3F, 0x5F, 0xC0, 0x00, 0x00, 0x01, 0xFF, 0xF4, 0x00, 0x00, 0x00, 0x0B, 0xFE, 0x00,
    0x00, 0x00, 0x00, 0x3F, 0xC0, 0x00, 0x00, 0x00, 0x03, 0xFC, 0x00, 0x00, 0x00, 0x00, 0xFF, 0xF0,
    0x00, 0x00, 0x00, 0x1F, 0xFF, 0x40, 0x00, 0x00, 0x03, 0xF1, 0xFC, 0x00, 0x00, 0x00, 0xBE, 0x0B,
    0xE0, 0x00, 0x00, 0x1F, 0xC0, 0x3F, 0x40, 0x00, 0x03, 0xF4, 0x02, 0xFC, 0x00, 0x00, 0xBE, 0x00,
    0x0F, 0xE0, 0x00, 0x0F, 0xC0, 0x00, 0x7F, 0x40, 0x03, 0xF8, 0x00, 0x02, 0xFC, 0x00, 0xBF, 0x00,
    0x00, 0x0F, 0xE0, 0x0F, 0xD0, 0x00, 0x00, 0xBF, 0x03, 0xF8, 0x00, 0x00, 0x03, 0xFC, 0x7F, 0x00,
    0x00, 0x00, 0x1F, 0xD0, 0xFD, 0x00, 0x00, 0x00, 0x7F, 0x00, 0xFD, 0x00, 0x00, 0x00, 0x7F, 0x00,
    0xFD, 0x00, 0x00, 0x00, 0x7F, 0x00, 0xFD, 0x00, 0x00, 0x00, 0x7F, 0x00, 0xFD, 0x00, 0x00, 0x00,
    0x7F, 0x00, 0xFD, 0x00, 0x00, 0x00, 0x7F, 0x00, 0xFD, 0x00, 0x00, 0x00, 0x7F, 0x00, 0xFD, 0x00,
    0x00, 0x00, 0x7F, 0x00, 0xFD, 0x00, 0x00, 0x00, 0x7F, 0x00, 0xFD, 0x00, 0x00, 0x00, 0x7F, 0x00,
    0xFD, 0x00, 0x00, 0x00, 0x7F, 0x00, 0xFD, 0x00, 0x00, 0x00, 0x7F, 0x00, 0xFD, 0x00, 0x00, 0x00,
    0x7F, 0x00, 0xFD, 0x00, 0x00, 0x00, 0x7F, 0x00, 0xFD, 0x00, 0x00, 0x00, 0x7F, 0x00, 0xFD, 0x00,
    0x00, 0x00, 0x7F, 0x00, 0xFD, 0x00, 0x00, 0x00, 0x7F, 0x00, 0xFD, 0x00, 0x00, 0x00, 0x7F, 0x00,
    0xFD, 0x00, 0x00, 0x00, 0x7F, 0x00, 0xFD, 0x00, 0x00, 0x00, 0x7F, 0x00, 0xFD, 0x00, 0x00, 0x00,
    0x7F, 0x00, 0xFD, 0x00, 0x00, 0x00, 0x7F, 0x00, 0xFD, 0x00, 0x00, 0x00, 0x7F, 0x00, 0xFD, 0x00,
    0x00, 0x00, 0x7F, 0x00, 0xFF, 0xFF, 0xFF, 0xFF, 0xFF, 0xFF, 0xFF, 0xFF, 0xFF, 0xFF, 0xFF, 0xFF,
    0xFF, 0xFF, 0xFF, 0xFF, 0xFF, 0xFF, 0x00, 0x00, 0x00, 0x00, 0x00, 0x7F, 0x00, 0x00, 0x00, 0x00,
    0x00, 0x7F, 0x00, 0x00, 0x00, 0x00, 0x00, 0x7F, 0x00, 0x00, 0x00, 0x00, 0x00, 0x7F, 0x00, 0x00,
    0x00, 0x00, 0x00, 0x7F, 0x00, 0x00, 0x00, 0x00, 0x00, 0x7F, 0xFD, 0x00, 0x00, 0x01, 0xFF, 0xF4,
    0x00, 0x00, 0x07, 0xFF, 0xD0, 0x00, 0x00, 0x1F, 0xFF, 0x40, 0x00, 0x00, 0x7F, 0xFD, 0x00, 0x00,
    0x01, 0xFF, 0xF4, 0x00, 0x00, 0x07, 0xFF, 0xD0, 0x00, 0x00, 0x1F, 0xFF, 0x40, 0x00, 0x00, 0x7F,
    0xFD, 0x00, 0x00, 0x01, 0xFF, 0xF8, 0x00, 0x00, 0x07, 0xFF, 0xE0, 0x00, 0x00, 0x1F, 0xEF, 0xC0,
    0x00, 0x00, 0x7F, 0x7F, 0x80, 0x00, 0x02, 0xFC, 0xFF, 0xD0, 0x01, 0xBF, 0xF0, 0xFF, 0xFF, 0xFF,
    0xFF, 0xC0, 0xFF, 0xFF, 0xFF, 0xFF, 0x00, 0x1B, 0xFA, 0x41, 0xFC, 0x00, 0x00, 0x00, 0x07, 0xF0,
    0x00, 0x00, 0x00, 0x1F, 0xC0, 0x00, 0x00, 0x00, 0x7F, 0x00, 0x00, 0x00, 0x01, 0xFC, 0x00, 0x00,
    0x00, 0x07, 0xF0, 0x00, 0x00, 0x00, 0x1F, 0xC0, 0x00, 0x00, 0x00, 0x7F, 0x00, 0x00, 0x00, 0x01,
    0xFC, 0x00, 0x00, 0x00, 0x07, 0xF0, 0x00, 0x00, 0x00, 0x1F, 0xC0, 0xFD, 0x00, 0x00, 0x0F, 0xD0,
    0x00, 0x00, 0xFD, 0xFD, 0x00, 0x00, 0x0F, 0xD0, 0x00, 0x00, 0xFD, 0xFD, 0x00, 0x00, 0x0F, 0xD0,
    0x00, 0x00, 0xFD, 0xFD, 0x00, 0x00, 0x0F, 0xD0, 0x00, 0x00, 0xFD, 0xFD, 0x00, 0x00, 0x0F, 0xD0,
    0x00, 0x00, 0xFD, 0xFD, 0x00, 0x00, 0x0F, 0xD0, 0x00, 0x00, 0xFD, 0xFD, 0x00, 0x00, 0x0F, 0xD0,
    0x00, 0x00, 0xFD, 0xFD, 0x00, 0x00, 0x0F, 0xD0, 0x00, 0x00, 0xFD, 0xFD, 0x00, 0x00, 0x0F, 0xD0,
    0x00, 0x00, 0xFD, 0xFD, 0x00, 0x00, 0x0F, 0xD0, 0x00, 0x00, 0xFD, 0xFD, 0x00, 0x00, 0x0F, 0xD0,
    0x00, 0x00, 0xFD, 0xFD, 0x00, 0x00, 0x0F, 0xD0, 0x00, 0x00, 0xFD, 0xFD, 0x00, 0x00, 0x0F, 0xD0,
    0x00, 0x00, 0xFD, 0xFD, 0x00, 0x00, 0x0F, 0xD0, 0x00, 0x00, 0xFD, 0xFD, 0x00, 0x00, 0x0F, 0xD0,
    0x00, 0x00, 0xFD, 0xFD, 0x00, 0x00, 0x0F, 0xD0, 0x00, 0x00, 0xFD, 0xFD, 0x00, 0x00, 0x0F, 0xD0,
    0x00, 0x00, 0xFD, 0xFD, 0x00, 0x00, 0x0F, 0xD0, 0x00, 0x00, 0xFD, 0xFD, 0x00, 0x00, 0x0F, 0xD0,
    0x00, 0x00, 0xFD, 0xFD, 0x00, 0x00, 0x0F, 0xD0, 0x00, 0x00, 0xFD, 0xFD, 0x00, 0x00, 0x0F, 0xD0,
    0x00, 0x00, 0xFD, 0xFD, 0x00, 0x00, 0x0F, 0xD0, 0x00, 0x00, 0xFD, 0xFD, 0x00, 0x00, 0x0F, 0xD0,
    0x00, 0x00, 0xFD, 0xFD, 0x00, 0x00, 0x0F, 0xD0, 0x00, 0x00, 0xFD, 0xFF, 0xFF, 0xFF, 0xFF, 0xFF,
    0xFF, 0xFF, 0xFD, 0xFF, 0xFF, 0xFF, 0xFF, 0xFF, 0xFF, 0xFF, 0xFD, 0xFF, 0xFF, 0xFF, 0xFF, 0xFF,
    0xFF, 0xFF, 0xFD, 0xFD, 0x00, 0x00, 0x1F, 0xC0, 0x00, 0x01, 0xFC, 0x03, 0xF4, 0x00, 0x00, 0x7F,
    0x00, 0x00, 0x07, 0xF0, 0x0F, 0xD0, 0x00, 0x01, 0xFC, 0x00, 0x00, 0x1F, 0xC0, 0x3F, 0x40, 0x00,
    0x07, 0xF0, 0x00, 0x00, 0x7F, 0x00, 0xFD, 0x00, 0x00, 0x1F, 0xC0, 0x00, 0x01, 0xFC, 0x03, 0xF4,
    0x00, 0x00, 0x7F, 0x00, 0x00, 0x07, 0xF0, 0x0F, 0xD0, 0x00, 0x01, 0xFC, 0x00, 0x00, 0x1F, 0xC0,
    0x3F, 0x40, 0x00, 0x07, 0xF0, 0x00, 0x00, 0x7F, 0x00, 0xFD, 0x00, 0x00, 0x1F, 0xC0, 0x00, 0x01,
    0xFC, 0x03, 0xF4, 0x00, 0x00, 0x7F, 0x00, 0x00, 0x07, 0xF0, 0x0F, 0xD0, 0x00, 0x01, 0xFC, 0x00,
    0x00, 0x1F, 0xC0, 0x3F, 0x40, 0x00, 0x07, 0xF0, 0x00, 0x00, 0x7F, 0x00, 0xFD, 0x00, 0x00, 0x1F,
    0xC0, 0x00, 0x01, 0xFC, 0x03, 0xF4, 0x00, 0x00, 0x7F, 0x00, 0x00, 0x07, 0xF0, 0x0F, 0xD0, 0x00,
    0x01, 0xFC, 0x00, 0x00, 0x1F, 0xC0, 0x3F, 0x40, 0x00, 0x07, 0xF0, 0x00, 0x00, 0x7F, 0x00, 0xFD,
    0x00, 0x00, 0x1F, 0xC0, 0x00, 0x01, 0xFC, 0x03, 0xF4, 0x00, 0x00, 0x7F, 0x00, 0x00, 0x07, 0xF0,
    0x0F, 0xD0, 0x00, 0x01, 0xFC, 0x00, 0x00, 0x1F, 0xC0, 0x3F, 0x40, 0x00, 0x07, 0xF0, 0x00, 0x00,
    0x7F, 0x00, 0xFD, 0x00, 0x00, 0x1F, 0xC0, 0x00, 0x01, 0xFC, 0x03, 0xF4, 0x00, 0x00, 0x7F, 0x00,
    0x00, 0x07, 0xF0, 0x0F, 0xD0, 0x00, 0x01, 0xFC, 0x00, 0x00, 0x1F, 0xC0, 0x3F, 0x40, 0x00, 0x07,
    0xF0, 0x00, 0x00, 0x7F, 0x00, 0xFF, 0xFF, 0xFF, 0xFF, 0xFF, 0xFF, 0xFF, 0xFF, 0xF7, 0xFF, 0xFF,
    0xFF, 0xFF, 0xFF, 0xFF, 0xFF, 0xFF, 0xDF, 0xFF, 0xFF, 0xFF, 0xFF, 0xFF, 0xFF, 0xFF, 0xFF, 0x40,
    0x00, 0x00, 0x00, 0x00, 0x00, 0x00, 0x00, 0xFD, 0x00, 0x00, 0x00, 0x00, 0x00, 0x00, 0x00, 0x03,
    0xF4, 0x00, 0x00, 0x00, 0x00, 0x00, 0x00, 0x00, 0x0F, 0xD0, 0x00, 0x00, 0x00, 0x00, 0x00, 0x00,
    0x00, 0x3F, 0x40, 0x00, 0x00, 0x00, 0x00, 0x00, 0x00, 0x00, 0xFD, 0x00, 0x00, 0x00, 0x00, 0x00,
    0x00, 0x00, 0x03, 0xF4, 0xFF, 0xFF, 0xD0, 0x00, 0x00, 0x03, 0xFF, 0xFF, 0x40, 0x00, 0x00, 0x0F,
    0xFF, 0xFD, 0x00, 0x00, 0x00, 0x00, 0x03, 0xF4, 0x00, 0x00, 0x00, 0x00, 0x0F, 0xD0, 0x00, 0x00,
    0x00, 0x00, 0x3F, 0x40, 0x00, 0x00, 0x00, 0x00, 0xFD, 0x00, 0x00, 0x00, 0x00, 0x03, 0xF4, 0x00,
    0x00, 0x00, 0x00, 0x0F, 0xD0, 0x00, 0x00, 0x00, 0x00, 0x3F, 0x40, 0x00, 0x00, 0x00, 0x00, 0xFF,
    0xFF, 0xE9, 0x00, 0x00, 0x03, 0xFF, 0xFF, 0xFF, 0x40, 0x00, 0x0F, 0xFF, 0xFF, 0xFF, 0x80, 0x00,
    0x3F, 0x40, 0x02, 0xFF, 0x80, 0x00, 0xFD, 0x00, 0x00, 0xFF, 0x00, 0x03, 0xF4, 0x00, 0x00, 0xFE,
    0x00, 0x0F, 0xD0, 0x00, 0x02, 0xFC, 0x00, 0x3F, 0x40, 0x00, 0x0B, 0xF0, 0x00, 0xFD, 0x00, 0x00,
    0x1F, 0xC0, 0x03, 0xF4, 0x00, 0x00, 0xBF, 0x00, 0x0F, 0xD0, 0x00, 0x02, 0xFC, 0x00, 0x3F, 0x40,
    0x00, 0x0F, 0xE0, 0x00, 0xFD, 0x00, 0x00, 0xBF, 0x00, 0x03, 0xF4, 0x00, 0x1F, 0xF8, 0x00, 0x0F,
    0xFF, 0xFF, 0xFF, 0x80, 0x00, 0x3F, 0xFF, 0xFF, 0xF4, 0x00, 0x00, 0xFF, 0xFF, 0xF9, 0x00, 0x00,
    0xFD, 0x00, 0x00, 0x00, 0x00, 0x3F, 0x7F, 0x40, 0x00, 0x00, 0x00, 0x0F, 0xDF, 0xD0, 0x00, 0x00,
    0x00, 0x03, 0xF7, 0xF4, 0x00, 0x00, 0x00, 0x00, 0xFD, 0xFD, 0x00, 0x00, 0x00, 0x00, 0x3F, 0x7F,
    0x40, 0x00, 0x00, 0x00, 0x0F, 0xDF, 0xD0, 0x00, 0x00, 0x00, 0x03, 0xF7, 0xF4, 0x00, 0x00, 0x00,
    0x00, 0xFD, 0xFD, 0x00, 0x00, 0x00, 0x00, 0x3F, 0x7F, 0x40, 0x00, 0x00, 0x00, 0x0F, 0xDF, 0xFF,
    0xFE, 0x90, 0x00, 0x03, 0xF7, 0xFF, 0xFF, 0xFF, 0x40, 0x00, 0xFD, 0xFF, 0xFF, 0xFF, 0xF8, 0x00,
    0x3F, 0x7F, 0x40, 0x02, 0xFF, 0x80, 0x0F, 0xDF, 0xD0, 0x00, 0x0F, 0xF0, 0x03, 0xF7, 0xF4, 0x00,
    0x00, 0xFE, 0x00, 0xFD, 0xFD, 0x00, 0x00, 0x2F, 0xC0, 0x3F, 0x7F, 0x40, 0x00, 0x0B, 0xF0, 0x0F,
    0xDF, 0xD0, 0x00, 0x01, 0xFC, 0x03, 0xF7, 0xF4, 0x00, 0x00, 0xBF, 0x00, 0xFD, 0xFD, 0x00, 0x00,
    0x3F, 0xC0, 0x3F, 0x7F, 0x40, 0x00, 0x0F, 0xE0, 0x0F, 0xDF, 0xD0, 0x00, 0x0F, 0xF0, 0x03, 0xF7,
    0xF4, 0x00, 0x2F, 0xF8, 0x00, 0xFD, 0xFF, 0xFF, 0xFF, 0xF8, 0x00, 0x3F, 0x7F, 0xFF, 0xFF, 0xF4,
    0x00, 0x0F, 0xDF, 0xFF, 0xFF, 0x90, 0x00, 0x03, 0xF4, 0xFD, 0x00, 0x00, 0x00, 0x3F, 0x40, 0x00,
    0x00, 0x0F, 0xD0, 0x00, 0x00, 0x03, 0xF4, 0x00, 0x00, 0x00, 0xFD, 0x00, 0x00, 0x00, 0x3F, 0x40,
    0x00, 0x00, 0x0F, 0xD0, 0x00, 0x00, 0x03, 0xF4, 0x00, 0x00, 0x00, 0xFD, 0x00, 0x00, 0x00, 0x3F,
    0x40, 0x00, 0x00, 0x0F, 0xFF, 0xFE, 0x90, 0x03, 0xFF, 0xFF, 0xFF, 0x40, 0xFF, 0xFF, 0xFF, 0xF8,
    0x3F, 0x40, 0x02, 0xFF, 0x8F, 0xD0, 0x00, 0x0F, 0xF3, 0xF4, 0x00, 0x00, 0xFE, 0xFD, 0x00, 0x00,
    0x2F, 0xFF, 0x40, 0x00, 0x0B, 0xFF, 0xD0, 0x00, 0x01, 0xFF, 0xF4, 0x00, 0x00, 0xBF, 0xFD, 0x00,
    0x00, 0x3F, 0xFF, 0x40, 0x00, 0x0F, 0xEF, 0xD0, 0x00, 0x0F, 0xF3, 0xF4, 0x00, 0x2F, 0xF8, 0xFF,
    0xFF, 0xFF, 0xF8, 0x3F, 0xFF, 0xFF, 0xF4, 0x0F, 0xFF, 0xFF, 0x90, 0x00, 0x06, 0xBF, 0xFE, 0x40,
    0x00, 0x1F, 0xFF, 0xFF, 0xFE, 0x00, 0x07, 0xFF, 0xFF, 0xFF, 0xF0, 0x00, 0xF4, 0x00, 0x07, 0xFF,
    0x00, 0x00, 0x00, 0x00, 0x2F, 0xF0, 0x00, 0x00, 0x00, 0x02, 0xFE, 0x00, 0x00, 0x00, 0x00, 0x3F,
    0xC0, 0x00, 0x00, 0x00, 0x03, 0xF8, 0x00, 0x00, 0x00, 0x00, 0xFF, 0x00, 0x00, 0x00, 0x00, 0x1F,
    0xC0, 0x00, 0x00, 0x00, 0x03, 0xF4, 0x03, 0xFF, 0xFF, 0xFF, 0xFD, 0x00, 0xFF, 0xFF, 0xFF, 0xFF,
    0x40, 0x3F, 0xFF, 0xFF, 0xFF, 0xD0, 0x00, 0x00, 0x00, 0x03, 0xF4, 0x00, 0x00, 0x00, 0x00, 0xFD,
    0x00, 0x00, 0x00, 0x00, 0x7F, 0x00, 0x00, 0x00, 0x00, 0x1F, 0xC0, 0x00, 0x00, 0x00, 0x0B, 0xF0,
    0x00, 0x00, 0x00, 0x03, 0xF4, 0x00, 0x00, 0x00, 0x02, 0xFC, 0x00, 0x00, 0x00, 0x01, 0xFE, 0x00,
    0x00, 0x00, 0x02, 0xFF, 0x02, 0xE4, 0x00, 0x0B, 0xFF, 0x00, 0xBF, 0xFF, 0xFF, 0xFF, 0x00, 0x1F,
    0xFF, 0xFF, 0xFD, 0x00, 0x00, 0x6F, 0xFF, 0xE4, 0x00, 0x00, 0xFD, 0x00, 0x00, 0x01, 0xBF, 0xFE,
    0x00, 0x00, 0xFD, 0x00, 0x00, 0x2F, 0xFF, 0xFF, 0xE0, 0x00, 0xFD, 0x00, 0x00, 0xFF, 0xFF, 0xFF,
    0xFD, 0x00, 0xFD, 0x00, 0x03, 0xFF, 0x40, 0x02, 0xFF, 0x40, 0xFD, 0x00, 0x0F, 0xF8, 0x00, 0x00,
    0x3F, 0xC0, 0xFD, 0x00, 0x1F, 0xE0, 0x00, 0x00, 0x0F, 0xE0, 0xFD, 0x00, 0x3F, 0xC0, 0x00, 0x00,
    0x07, 0xF0, 0xFD, 0x00, 0x7F, 0x40, 0x00, 0x00, 0x03, 0xF8, 0xFD, 0x00, 0xBF, 0x00, 0x00, 0x00,
    0x02, 0xFC, 0xFD, 0x00, 0xFF, 0x00, 0x00, 0x00, 0x01, 0xFC, 0xFD, 0x00, 0xFE, 0x00, 0x00, 0x00,
    0x00, 0xFD, 0xFF, 0xFF, 0xFE, 0x00, 0x00, 0x00, 0x00, 0xFD, 0xFF, 0xFF, 0xFE, 0x00, 0x00, 0x00,
    0x00, 0xFD, 0xFF, 0xFF, 0xFD, 0x00, 0x00, 0x00, 0x00, 0xFD, 0xFD, 0x00, 0xFE, 0x00, 0x00, 0x00,
    0x00, 0xFD, 0xFD, 0x00, 0xFE, 0x00, 0x00, 0x00, 0x00, 0xFD, 0xFD, 0x00, 0xFE, 0x00, 0x00, 0x00,
    0x00, 0xFD, 0xFD, 0x00, 0xBF, 0x00, 0x00, 0x00, 0x01, 0xFC, 0xFD, 0x00, 0x7F, 0x00, 0x00, 0x00,
    0x02, 0xFC, 0xFD, 0x00, 0x3F, 0x40, 0x00, 0x00, 0x03, 0xF8, 0xFD, 0x00, 0x3F, 0xC0, 0x00, 0x00,
    0x0B, 0xF0, 0xFD, 0x00, 0x1F, 0xE0, 0x00, 0x00, 0x0F, 0xE0, 0xFD, 0x00, 0x0B, 0xF8, 0x00, 0x00,
    0x7F, 0xC0, 0xFD, 0x00, 0x03, 0xFF, 0x40, 0x02, 0xFF, 0x40, 0xFD, 0x00, 0x00, 0xFF, 0xFF, 0xFF,
    0xFD, 0x00, 0xFD, 0x00, 0x00, 0x1F, 0xFF, 0xFF, 0xE0, 0x00, 0xFD, 0x00, 0x00, 0x01, 0xBF, 0xF9,
    0x00, 0x00, 0x00, 0x01, 0xBF, 0xFF, 0xFD, 0x00, 0x2F, 0xFF, 0xFF, 0xFD, 0x00, 0xFF, 0xFF, 0xFF,
    0xFD, 0x03, 0xFE, 0x40, 0x00, 0xFD, 0x07, 0xF8, 0x00, 0x00, 0xFD, 0x0B, 0xF0, 0x00, 0x00, 0xFD,
    0x0F, 0xE0, 0x00, 0x00, 0xFD, 0x0F, 0xD0, 0x00, 0x00, 0xFD, 0x0F, 0xE0, 0x00, 0x00, 0xFD, 0x0F,
    0xE0, 0x00, 0x00, 0xFD, 0x0B, 0xF0, 0x00, 0x00, 0xFD, 0x03, 0xFC, 0x00, 0x00, 0xFD, 0x01, 0xFF,
    0x90, 0x00, 0xFD, 0x00, 0xBF, 0xFF, 0xFF, 0xFD, 0x00, 0x0F, 0xFF, 0xFF, 0xFD, 0x00, 0x01, 0xFF,
    0xFF, 0xFD, 0x00, 0x03, 0xF8, 0x00, 0xFD, 0x00, 0x0B, 0xF0, 0x00, 0xFD, 0x00, 0x0F, 0xE0, 0x00,
    0xFD, 0x00, 0x3F, 0xC0, 0x00, 0xFD, 0x00, 0x7F, 0x40, 0x00, 0xFD, 0x00, 0xFE, 0x00, 0x00, 0xFD,
    0x02, 0xFC, 0x00, 0x00, 0xFD, 0x07, 0xF4, 0x00, 0x00, 0xFD, 0x0F, 0xF0, 0x00, 0x00, 0xFD, 0x2F,
    0xD0, 0x00, 0x00, 0xFD, 0x3F, 0x80, 0x00, 0x00, 0xFD, 0x00, 0x6F, 0xFE, 0x40, 0x03, 0xFF, 0xFF,
    0xFD, 0x00, 0xFF, 0xFF, 0xFF, 0xC0, 0x2D, 0x00, 0x0B, 0xFC, 0x00, 0x00, 0x00, 0xBF, 0x00, 0x00,
    0x00, 0x0F, 0xD0, 0x00, 0x00, 0x03, 0xF4, 0x00, 0x00, 0x00, 0xFD, 0x00, 0x1A, 0xFF, 0xFF, 0x40,
    0xBF, 0xFF, 0xFF, 0xD1, 0xFF, 0xFF, 0xFF, 0xF4, 0xFF, 0xD0, 0x00, 0xFD, 0xBF, 0x40, 0x00, 0x3F,
    0x7F, 0xC0, 0x00, 0x0F, 0xDF, 0xE0, 0x00, 0x03, 0xF7, 0xF8, 0x00, 0x02, 0xFD, 0xFF, 0x00, 0x01,
    0xFF, 0x6F, 0xE0, 0x02, 0xFF, 0xD3, 0xFF, 0xFF, 0xF6, 0xF4, 0x7F, 0xFF, 0xF0, 0x7D, 0x02, 0xFF,
    0xD0, 0x0F, 0x40, 0x00, 0x00, 0x00, 0x01, 0x40, 0x00, 0x00, 0x6B, 0xFF, 0x00, 0x00, 0x6F, 0xFF,
    0xFC, 0x00, 0x0B, 0xFF, 0xFF, 0xE0, 0x00, 0xFF, 0xF9, 0x00, 0x00, 0x0F, 0xF4, 0x00, 0x00, 0x00,
    0xBF, 0x00, 0x00, 0x00, 0x03, 0xF0, 0x00, 0x00, 0x00, 0x2F, 0x40, 0x00, 0x00, 0x00, 0xFC, 0x00,
    0x00, 0x00, 0x03, 0xE0, 0x6F, 0xF9, 0x00, 0x1F, 0x4F, 0xFF, 0xFF, 0x00, 0xBD, 0xFF, 0xFF, 0xFF,
    0x03, 0xFF, 0xD0, 0x02, 0xFF, 0x0F, 0xFC, 0x00, 0x02, 0xFD, 0x3F, 0xD0, 0x00, 0x03, 0xFC, 0xFF,
    0x00, 0x00, 0x0B, 0xF3, 0xF8, 0x00, 0x00, 0x1F, 0xDF, 0xE0, 0x00, 0x00, 0x3F, 0x7F, 0x80, 0x00,
    0x00, 0xFD, 0xFE, 0x00, 0x00, 0x03, 0xF7, 0xF8, 0x00, 0x00, 0x0F, 0xDB, 0xE0, 0x00, 0x00, 0x3F,
    0x5F, 0xC0, 0x00, 0x01, 0xFC, 0x3F, 0x00, 0x00, 0x0B, 0xF0, 0xFE, 0x00, 0x00, 0x3F, 0x81, 0xFD,
    0x00, 0x03, 0xFC, 0x03, 0xFE, 0x00, 0x7F, 0xD0, 0x03, 0xFF, 0xFF, 0xFE, 0x00, 0x02, 0xFF, 0xFF,
    0xD0, 0x00, 0x01, 0xBF, 0xE4, 0x00, 0x00, 0xFF, 0xFF, 0xFE, 0x00, 0x3F, 0xFF, 0xFF, 0xF8, 0x0F,
    0xFF, 0xFF, 0xFF, 0x83, 0xF4, 0x00, 0x1F, 0xF0, 0xFD, 0x00, 0x01, 0xFD, 0x3F, 0x40, 0x00, 0x3F,
    0x4F, 0xD0, 0x00, 0x0F, 0xD3, 0xF4, 0x00, 0x07, 0xF0, 0xFD, 0x00, 0x0B, 0xF4, 0x3F, 0xFF, 0xFF,
    0xF4, 0x0F, 0xFF, 0xFF, 0xF4, 0x03, 0xFF, 0xFF, 0xFF, 0xE0, 0xFD, 0x00, 0x01, 0xFE, 0x3F, 0x40,
    0x00, 0x1F, 0xCF, 0xD0, 0x00, 0x03, 0xF7, 0xF4, 0x00, 0x00, 0xFD, 0xFD, 0x00, 0x00, 0x7F, 0x7F,
    0x40, 0x00, 0x7F, 0xCF, 0xFF, 0xFF, 0xFF, 0xD3, 0xFF, 0xFF, 0xFF, 0xD0, 0xFF, 0xFF, 0xFE, 0x40,
    0x00, 0xFF, 0xFF, 0xFF, 0xBF, 0xFF, 0xFF, 0xEF, 0xFF, 0xFF, 0xF7, 0xF4, 0x00, 0x00, 0xFD, 0x00,
    0x00, 0x3F, 0x40, 0x00, 0x0F, 0xD0, 0x00, 0x03, 0xF4, 0x00, 0x00, 0xFD, 0x00, 0x00, 0x3F, 0x40,
    0x00, 0x0F, 0xD0, 0x00, 0x03, 0xF4, 0x00, 0x00, 0xFD, 0x00, 0x00, 0x3F, 0x40, 0x00, 0x0F, 0xD0,
    0x00, 0x03, 0xF4, 0x00, 0x00, 0xFD, 0x00, 0x00, 0x3F, 0x40, 0x00, 0x0F, 0xD0, 0x00, 0x03, 0xF4,
    0x00, 0x00, 0xFD, 0x00, 0x00, 0x00, 0x00, 0x3F, 0xFF, 0xFF, 0xFC, 0x00, 0x03, 0xFF, 0xFF, 0xFF,
    0xC0, 0x00, 0x3F, 0xFF, 0xFF, 0xFC, 0x00, 0x03, 0xF4, 0x00, 0x1F, 0xC0, 0x00, 0x3F, 0x40, 0x01,
    0xFC, 0x00, 0x03, 0xF4, 0x00, 0x1F, 0xC0, 0x00, 0x3F, 0x40, 0x01, 0xFC, 0x00, 0x03, 0xF4, 0x00,
    0x1F, 0xC0, 0x00, 0x3F, 0x40, 0x01, 0xFC, 0x00, 0x03, 0xF0, 0x00, 0x1F, 0xC0, 0x00, 0x3F, 0x00,
    0x01, 0xFC, 0x00, 0x07, 0xF0, 0x00, 0x1F, 0xC0, 0x00, 0x7F, 0x00, 0x01, 0xFC, 0x00, 0x0B, 0xE0,
    0x00, 0x1F, 0xC0, 0x00, 0xFD, 0x00, 0x01, 0xFC, 0x00, 0x1F, 0xC0, 0x00, 0x1F, 0xC0, 0x02, 0xF8,
    0x00, 0x01, 0xFC, 0x00, 0x7F, 0x00, 0x00, 0x1F, 0xC0, 0xFF, 0xFF, 0xFF, 0xFF, 0xFF, 0xFF, 0xFF,
    0xFF, 0xFF, 0xFF, 0xFF, 0xFF, 0xFF, 0xFF, 0xFF, 0xFF, 0xFF, 0xD0, 0x00, 0x00, 0x00, 0x7F, 0xFD,
    0x00, 0x00, 0x00, 0x07, 0xFF, 0xD0, 0x00, 0x00, 0x00, 0x7F, 0xFD, 0x00, 0x00, 0x00, 0x07, 0xFF,
    0xD0, 0x00, 0x00, 0x00, 0x7F, 0x00, 0x00, 0x00, 0x00, 0x00, 0x00, 0x00, 0x1B, 0xFE, 0x40, 0x00,
    0x3F, 0xFF, 0xF8, 0x00, 0x7F, 0xFF, 0xFF, 0xC0, 0x3F, 0xD0, 0x0B, 0xF8, 0x2F, 0xC0, 0x00, 0xBF,
    0x0F, 0xD0, 0x00, 0x0F, 0xD7, 0xF0, 0x00, 0x02, 0xFE, 0xF8, 0x00, 0x00, 0xBF, 0xFF, 0xFF, 0xFF,
    0xFF, 0xFF, 0xFF, 0xFF, 0xFF, 0xFF, 0xFF, 0xFF, 0xFF, 0xFF, 0xF8, 0x00, 0x00, 0x00, 0xFE, 0x00,
    0x00, 0x00, 0x2F, 0xC0, 0x00, 0x00, 0x0B, 0xF0, 0x00, 0x00, 0x00, 0xFE, 0x00, 0x00, 0x00, 0x2F,
    0xD0, 0x00, 0x00, 0x03, 0xFE, 0x00, 0x06, 0xC0, 0x7F, 0xFF, 0xFF, 0xF0, 0x03, 0xFF, 0xFF, 0xFC,
    0x00, 0x1B, 0xFF, 0xE4, 0x00, 0x1F, 0xC0, 0x00, 0x3F, 0x40, 0x00, 0xBF, 0x03, 0xF8, 0x00, 0x0F,
    0xD0, 0x00, 0x3F, 0x40, 0x3F, 0x00, 0x03, 0xF4, 0x00, 0x3F, 0x80, 0x0B, 0xF0, 0x00, 0xFD, 0x00,
    0x1F, 0xC0, 0x00, 0xFD, 0x00, 0x3F, 0x40, 0x0F, 0xD0, 0x00, 0x0F, 0xC0, 0x0F, 0xD0, 0x0B, 0xE0,
    0x00, 0x02, 0xF8, 0x03, 0xF4, 0x07, 0xF0, 0x00, 0x00, 0x3F, 0x40, 0xFD, 0x03, 0xF4, 0x00, 0x00,
    0x07, 0xF0, 0x3F, 0x42, 0xFC, 0x00, 0x00, 0x00, 0xBF, 0xFF, 0xFF, 0xFC, 0x00, 0x00, 0x00, 0x2F,
    0xFF, 0xFF, 0xFF, 0x00, 0x00, 0x00, 0x0F, 0xFF, 0xFF, 0xFF, 0xE0, 0x00, 0x00, 0x0F, 0xF0, 0x3F,
    0x42, 0xFD, 0x00, 0x00, 0x07, 0xF0, 0x0F, 0xD0, 0x3F, 0xC0, 0x00, 0x03, 0xF8, 0x03, 0xF4, 0x03,
    0xF8, 0x00, 0x02, 0xFC, 0x00, 0xFD, 0x00, 0xBF, 0x00, 0x01, 0xFD, 0x00, 0x3F, 0x40, 0x0F, 0xF0,
    0x00, 0xFE, 0x00, 0x0F, 0xD0, 0x01, 0xFE, 0x00, 0xBF, 0x00, 0x03, 0xF4, 0x00, 0x2F, 0xC0, 0x7F,
    0x40, 0x00, 0xFD, 0x00, 0x03, 0xFC, 0x3F, 0xC0, 0x00, 0x3F, 0x40, 0x00, 0x7F, 0x40, 0x06, 0xFF,
    0xF8, 0x02, 0xFF, 0xFF, 0xFE, 0x07, 0xFF, 0xFF, 0xFE, 0x0D, 0x00, 0x07, 0xFC, 0x00, 0x00, 0x03,
    0xF4, 0x00, 0x00, 0x0F, 0xD0, 0x00, 0x00, 0x7F, 0x00, 0x00, 0x07, 0xF8, 0x03, 0xFF, 0xFF, 0x80,
    0x0F, 0xFF, 0xF0, 0x00, 0x3F, 0xFF, 0xF8, 0x00, 0x00, 0x0B, 0xFC, 0x00, 0x00, 0x03, 0xF8, 0x00,
    0x00, 0x0B, 0xF0, 0x00, 0x00, 0x2F, 0xC0, 0x00, 0x00, 0xBF, 0x00, 0x00, 0x03, 0xFF, 0x90, 0x00,
    0x7F, 0xDF, 0xFF, 0xFF, 0xFE, 0x3F, 0xFF, 0xFF, 0xE0, 0x1B, 0xFF, 0xE4, 0x00, 0xFD, 0x00, 0x00,
    0xBF, 0xFF, 0x40, 0x00, 0x3F, 0xFF, 0xD0, 0x00, 0x2F, 0xFF, 0xF4, 0x00, 0x0F, 0xFF, 0xFD, 0x00,
    0x0B, 0xEF, 0xFF, 0x40, 0x07, 0xE7, 0xFF, 0xD0, 0x03, 0xF1, 0xFF, 0xF4, 0x01, 0xF8, 0x7F, 0xFD,
    0x00, 0xFC, 0x1F, 0xFF, 0x40, 0x7E, 0x07, 0xFF, 0xD0, 0x3F, 0x01, 0xFF, 0xF4, 0x2F, 0x40, 0x7F,
    0xFD, 0x0F, 0xC0, 0x1F, 0xFF, 0x4B, 0xD0, 0x07, 0xFF, 0xD3, 0xF0, 0x01, 0xFF, 0xF6, 0xF4, 0x00,
    0x7F, 0xFE, 0xFC, 0x00, 0x1F, 0xFF, 0xFD, 0x00, 0x07, 0xFF, 0xFE, 0x00, 0x01, 0xFF, 0xFF, 0x00,
    0x00, 0x7F, 0xFF, 0x80, 0x00, 0x1F, 0xC0, 0x01, 0x90, 0x01, 0xA0, 0x00, 0xFC, 0x00, 0xFC, 0x00,
    0x2F, 0x80, 0xBE, 0x00, 0x03, 0xFF, 0xFF, 0x00, 0x00, 0x7F, 0xFF, 0x40, 0x00, 0x02, 0xFE, 0x40,
    0x00, 0x00, 0x00, 0x00, 0x00, 0x00, 0x00, 0x00, 0x00, 0xFD, 0x00, 0x00, 0xBF, 0xFF, 0x40, 0x00,
    0x3F, 0xFF, 0xD0, 0x00, 0x2F, 0xFF, 0xF4, 0x00, 0x0F, 0xFF, 0xFD, 0x00, 0x0B, 0xEF, 0xFF, 0x40,
    0x07, 0xE7, 0xFF, 0xD0, 0x03, 0xF1, 0xFF, 0xF4, 0x01, 0xF8, 0x7F, 0xFD, 0x00, 0xFC, 0x1F, 0xFF,
    0x40, 0x7E, 0x07, 0xFF, 0xD0, 0x3F, 0x01, 0xFF, 0xF4, 0x2F, 0x40, 0x7F, 0xFD, 0x0F, 0xC0, 0x1F,
    0xFF, 0x4B, 0xD0, 0x07, 0xFF, 0xD3, 0xF0, 0x01, 0xFF, 0xF6, 0xF4, 0x00, 0x7F, 0xFE, 0xFC, 0x00,
    0x1F, 0xFF, 0xFD, 0x00, 0x07, 0xFF, 0xFE, 0x00, 0x01, 0xFF, 0xFF, 0x00, 0x00, 0x7F, 0xFF, 0x80,
    0x00, 0x1F, 0xC0, 0xFD, 0x00, 0x00, 0xFE, 0x3F, 0x40, 0x00, 0x7F, 0x0F, 0xD0, 0x00, 0x3F, 0x43,
    0xF4, 0x00, 0x2F, 0x80, 0xFD, 0x00, 0x1F, 0xC0, 0x3F, 0x40, 0x0F, 0xD0, 0x0F, 0xD0, 0x0B, 0xE0,
    0x03, 0xF4, 0x07, 0xF0, 0x00, 0xFD, 0x03, 0xF4, 0x00, 0x3F, 0xFF, 0xF8, 0x00, 0x0F, 0xFF, 0xFE,
    0x00, 0x03, 0xFF, 0xFF, 0xC0, 0x00, 0xFD, 0x03, 0xFC, 0x00, 0x3F, 0x40, 0x3F, 0x80, 0x0F, 0xD0,
    0x0B, 0xF0, 0x03, 0xF4, 0x00, 0xFF, 0x00, 0xFD, 0x00, 0x1F, 0xE0, 0x3F, 0x40, 0x02, 0xFC, 0x0F,
    0xD0, 0x00, 0x3F, 0xC3, 0xF4, 0x00, 0x07, 0xF4, 0xFD, 0x00, 0x00, 0xBF, 0x00, 0x00, 0x3F, 0xFF,
    0xFF, 0xFC, 0x00, 0xFF, 0xFF, 0xFF, 0xF0, 0x03, 0xFF, 0xFF, 0xFF, 0xC0, 0x0F, 0xC0, 0x00, 0x7F,
    0x00, 0x3F, 0x00, 0x01, 0xFC, 0x00, 0xFC, 0x00, 0x07, 0xF0, 0x03, 0xF0, 0x00, 0x1F, 0xC0, 0x0F,
    0xC0, 0x00, 0x7F, 0x00, 0x3F, 0x00, 0x01, 0xFC, 0x00, 0xFC, 0x00, 0x07, 0xF0, 0x03, 0xF0, 0x00,
    0x1F, 0xC0, 0x0F, 0xC0, 0x00, 0x7F, 0x00, 0x3F, 0x00, 0x01, 0xFC, 0x01, 0xF8, 0x00, 0x07, 0xF0,
    0x07, 0xE0, 0x00, 0x1F, 0xC0, 0x2F, 0x40, 0x00, 0x7F, 0x00, 0xFD, 0x00, 0x01, 0xFC, 0x0B, 0xF0,
    0x00, 0x07, 0xFF, 0xFF, 0x80, 0x00, 0x1F, 0xFF, 0xFC, 0x00, 0x00, 0x7F, 0xFF, 0x80, 0x00, 0x01,
    0xFC, 0xFF, 0xC0, 0x00, 0x00, 0x2F, 0xF7, 0xFF, 0x40, 0x00, 0x00, 0xFF, 0xDF, 0xFF, 0x00, 0x00,
    0x07, 0xFF, 0x7F, 0xFC, 0x00, 0x00, 0x2F, 0xFD, 0xFF, 0xF8, 0x00, 0x00, 0xFF, 0xF7, 0xFB, 0xF0,
    0x00, 0x07, 0xEF, 0xDF, 0xDB, 0xD0, 0x00, 0x3F, 0x3F, 0x7F, 0x4F, 0x80, 0x00, 0xF8, 0xFD, 0xFD,
    0x3F, 0x00, 0x0B, 0xD3, 0xF7, 0xF4, 0x7D, 0x00, 0x3F, 0x0F, 0xDF, 0xD0, 0xFC, 0x01, 0xF8, 0x3F,
    0x7F, 0x42, 0xF0, 0x0B, 0xC0, 0xFD, 0xFD, 0x07, 0xE0, 0x3F, 0x03, 0xF7, 0xF4, 0x0F, 0xC1, 0xF4,
    0x0F, 0xDF, 0xD0, 0x2F, 0x4F, 0xC0, 0x3F, 0x7F, 0x40, 0x3E, 0x3E, 0x00, 0xFD, 0xFD, 0x00, 0xFE,
    0xF0, 0x03, 0xF7, 0xF4, 0x01, 0xFF, 0xC0, 0x0F, 0xDF, 0xD0, 0x03, 0xFD, 0x00, 0x3F, 0x7F, 0x40,
    0x0B, 0xF0, 0x00, 0xFD, 0xFD, 0x00, 0x1F, 0x80, 0x03, 0xF4, 0xFD, 0x00, 0x00, 0x1F, 0xFF, 0x40,
    0x00, 0x07, 0xFF, 0xD0, 0x00, 0x01, 0xFF, 0xF4, 0x00, 0x00, 0x7F, 0xFD, 0x00, 0x00, 0x1F, 0xFF,
    0x40, 0x00, 0x07, 0xFF, 0xD0, 0x00, 0x01, 0xFF, 0xF4, 0x00, 0x00, 0x7F, 0xFD, 0x00, 0x00, 0x1F,
    0xFF, 0xFF, 0xFF, 0xFF, 0xFF, 0xFF, 0xFF, 0xFF, 0xFF, 0xFF, 0xFF, 0xFF, 0xFF, 0xFD, 0x00, 0x00,
    0x1F, 0xFF, 0x40, 0x00, 0x07, 0xFF, 0xD0, 0x00, 0x01, 0xFF, 0xF4, 0x00, 0x00, 0x7F, 0xFD, 0x00,
    0x00, 0x1F, 0xFF, 0x40, 0x00, 0x07, 0xFF, 0xD0, 0x00, 0x01, 0xFF, 0xF4, 0x00, 0x00, 0x7F, 0xFD,
    0x00, 0x00, 0x1F, 0xC0, 0x00, 0x1B, 0xFF, 0x40, 0x00, 0x03, 0xFF, 0xFF, 0xD0, 0x00, 0x7F, 0xFF,
    0xFF, 0xE0, 0x03, 0xFD, 0x00, 0x2F, 0xE0, 0x2F, 0xC0, 0x00, 0x2F, 0xC0, 0xFD, 0x00, 0x00, 0x3F,
    0x8B, 0xF0, 0x00, 0x00, 0xBF, 0x2F, 0xC0, 0x00, 0x01, 0xFC, 0xFE, 0x00, 0x00, 0x03, 0xF7, 0xF8,
    0x00, 0x00, 0x0F, 0xDF, 0xD0, 0x00, 0x00, 0x3F, 0x7F, 0x80, 0x00, 0x00, 0xFD, 0xFE, 0x00, 0x00,
    0x03, 0xF6, 0xFC, 0x00, 0x00, 0x1F, 0xC7, 0xF0, 0x00, 0x00, 0xBF, 0x0F, 0xE0, 0x00, 0x03, 0xF8,
    0x2F, 0xC0, 0x00, 0x2F, 0xC0, 0x3F, 0xD0, 0x02, 0xFE, 0x00, 0x3F, 0xFF, 0xFF, 0xE0, 0x00, 0x3F,
    0xFF, 0xFE, 0x00, 0x00, 0x1B, 0xFF, 0x40, 0x00, 0xFF, 0xFF, 0xFF, 0xFF, 0x7F, 0xFF, 0xFF, 0xFF,
    0xDF, 0xFF, 0xFF, 0xFF, 0xF7, 0xF4, 0x00, 0x00, 0xFD, 0xFD, 0x00, 0x00, 0x3F, 0x7F, 0x40, 0x00,
    0x0F, 0xDF, 0xD0, 0x00, 0x03, 0xF7, 0xF4, 0x00, 0x00, 0xFD, 0xFD, 0x00, 0x00, 0x3F, 0x7F, 0x40,
    0x00, 0x0F, 0xDF, 0xD0, 0x00, 0x03, 0xF7, 0xF4, 0x00, 0x00, 0xFD, 0xFD, 0x00, 0x00, 0x3F, 0x7F,
    0x40, 0x00, 0x0F, 0xDF, 0xD0, 0x00, 0x03, 0xF7, 0xF4, 0x00, 0x00, 0xFD, 0xFD, 0x00, 0x00, 0x3F,
    0x7F, 0x40, 0x00, 0x0F, 0xDF, 0xD0, 0x00, 0x03, 0xF7, 0xF4, 0x00, 0x00, 0xFD, 0xFD, 0x00, 0x00,
    0x3F, 0x40, 0xFC, 0x06, 0xFF, 0x80, 0x0F, 0xC3, 0xFF, 0xFF, 0x80, 0xFD, 0xFF, 0xFF, 0xFE, 0x0F,
    0xFF, 0x40, 0x1F, 0xF4, 0xFF, 0xC0, 0x00, 0x3F, 0xCF, 0xF0, 0x00, 0x01, 0xFD, 0xFF, 0x00, 0x00,
    0x0F, 0xEF, 0xE0, 0x00, 0x00, 0xFF, 0xFE, 0x00, 0x00, 0x0B, 0xFF, 0xD0, 0x00, 0x00, 0xBF, 0xFD,
    0x00, 0x00, 0x07, 0xFF, 0xE0, 0x00, 0x00, 0xBF, 0xFE, 0x00, 0x00, 0x0B, 0xFF, 0xE0, 0x00, 0x00,
    0xFF, 0xFF, 0x00, 0x00, 0x0F, 0xEF, 0xF4, 0x00, 0x02, 0xFD, 0xFF, 0xC0, 0x00, 0x3F, 0xCF, 0xFF,
    0x40, 0x1F, 0xF4, 0xFD, 0xFF, 0xFF, 0xFE, 0x0F, 0xD3, 0xFF, 0xFF, 0x40, 0xFD, 0x06, 0xFF, 0x80,
    0x0F, 0xD0, 0x00, 0x00, 0x00, 0xFD, 0x00, 0x00, 0x00, 0x0F, 0xD0, 0x00, 0x00, 0x00, 0xFD, 0x00,
    0x00, 0x00, 0x0F, 0xD0, 0x00, 0x00, 0x00, 0xFD, 0x00, 0x00, 0x00, 0x0F, 0xD0, 0x00, 0x00, 0x00,
    0xFD, 0x00, 0x00, 0x00, 0x0F, 0xD0, 0x00, 0x00, 0x00, 0x00, 0x1B, 0xFF, 0x90, 0x02, 0xFF, 0xFF,
    0xF0, 0x3F, 0xFF, 0xFF, 0x43, 0xFE, 0x00, 0x18, 0x2F, 0xD0, 0x00, 0x00, 0xFE, 0x00, 0x00, 0x07,
    0xF0, 0x00, 0x00, 0x2F, 0xC0, 0x00, 0x00, 0xFE, 0x00, 0x00, 0x03, 0xF8, 0x00, 0x00, 0x0F, 0xD0,
    0x00, 0x00, 0x3F, 0x80, 0x00, 0x00, 0xFE, 0x00, 0x00, 0x03, 0xFC, 0x00, 0x00, 0x0B, 0xF0, 0x00,
    0x00, 0x0F, 0xE0, 0x00, 0x00, 0x3F, 0xD0, 0x00, 0x00, 0x3F, 0xE0, 0x00, 0x50, 0x7F, 0xFF, 0xFF,
    0x80, 0x3F, 0xFF, 0xFE, 0x00, 0x1B, 0xFF, 0x90, 0xFF, 0xFF, 0xFF, 0xFF, 0xFF, 0xFF, 0xFF, 0xFF,
    0xFF, 0xFF, 0xFF, 0xFF, 0x00, 0x07, 0xF0, 0x00, 0x00, 0x07, 0xF0, 0x00, 0x00, 0x07, 0xF0, 0x00,
    0x00, 0x07, 0xF0, 0x00, 0x00, 0x07, 0xF0, 0x00, 0x00, 0x07, 0xF0, 0x00, 0x00, 0x07, 0xF0, 0x00,
    0x00, 0x07, 0xF0, 0x00, 0x00, 0x07, 0xF0, 0x00, 0x00, 0x07, 0xF0, 0x00, 0x00, 0x07, 0xF0, 0x00,
    0x00, 0x07, 0xF0, 0x00, 0x00, 0x07, 0xF0, 0x00, 0x00, 0x07, 0xF0, 0x00, 0x00, 0x07, 0xF0, 0x00,
    0x00, 0x07, 0xF0, 0x00, 0x00, 0x07, 0xF0, 0x00, 0x00, 0x07, 0xF0, 0x00, 0x7F, 0x00, 0x00, 0x01,
    0xFD, 0x3F, 0x80, 0x00, 0x02, 0xFC, 0x2F, 0xC0, 0x00, 0x03, 0xF8, 0x0F, 0xC0, 0x00, 0x07, 0xF0,
    0x0F, 0xE0, 0x00, 0x0B, 0xF0, 0x07, 0xF0, 0x00, 0x0F, 0xD0, 0x03, 0xF4, 0x00, 0x1F, 0xC0, 0x02,
    0xF8, 0x00, 0x2F, 0x80, 0x01, 0xFC, 0x00, 0x3F, 0x40, 0x00, 0xFD, 0x00, 0x7F, 0x00, 0x00, 0xBE,
    0x00, 0xBE, 0x00, 0x00, 0x3F, 0x00, 0xFC, 0x00, 0x00, 0x3F, 0x41, 0xFC, 0x00, 0x00, 0x1F, 0xC3,
    0xF8, 0x00, 0x00, 0x0F, 0xC3, 0xF0, 0x00, 0x00, 0x0B, 0xD7, 0xF0, 0x00, 0x00, 0x07, 0xEB, 0xD0,
    0x00, 0x00, 0x03, 0xFF, 0xC0, 0x00, 0x00, 0x02, 0xFF, 0x80, 0x00, 0x00, 0x00, 0xFF, 0x40, 0x00,
    0x00, 0x00, 0xFF, 0x00, 0x00, 0x00, 0x00, 0xBE, 0x00, 0x00, 0x00, 0x00, 0xFC, 0x00, 0x00, 0x00,
    0x01, 0xFC, 0x00, 0x00, 0x00, 0x03, 0xF4, 0x00, 0x00, 0x00, 0x07, 0xF0, 0x00, 0x00, 0x00, 0x2F,
    0xD0, 0x00, 0x00, 0x3F, 0xFF, 0xC0, 0x00, 0x00, 0x3F, 0xFF, 0x00, 0x00, 0x00, 0x3F, 0xF4, 0x00,
    0x00, 0x00, 0x00, 0x00, 0x0A, 0x80, 0x00, 0x00, 0x00, 0x00, 0x0F, 0xD0, 0x00, 0x00, 0x00, 0x00,
    0x0F, 0xD0, 0x00, 0x00, 0x00, 0x00, 0x0F, 0xD0, 0x00, 0x00, 0x00, 0x00, 0x0F, 0xD0, 0x00, 0x00,
    0x00, 0x00, 0x0F, 0xD0, 0x00, 0x00, 0x00, 0x00, 0x0F, 0xD0, 0x00, 0x00, 0x00, 0x00, 0x0F, 0xD0,
    0x00, 0x00, 0x00, 0x00, 0x0F, 0xD0, 0x00, 0x00, 0x00, 0x02, 0xFF, 0xFF, 0x80, 0x00, 0x00, 0x7F,
    0xFF, 0xFF, 0xFD, 0x00, 0x02, 0xFF, 0xFF, 0xFF, 0xFF, 0x80, 0x0B, 0xFE, 0x0F, 0xD0, 0xBF, 0xE0,
    0x1F, 0xF0, 0x0F, 0xD0, 0x0F, 0xF4, 0x3F, 0xC0, 0x0F, 0xD0, 0x03, 0xFC, 0x7F, 0x40, 0x0F, 0xD0,
    0x01, 0xFD, 0xBF, 0x00, 0x0F, 0xD0, 0x00, 0xFE, 0xFE, 0x00, 0x0F, 0xD0, 0x00, 0xBF, 0xFE, 0x00,
    0x0F, 0xD0, 0x00, 0xBF, 0xFD, 0x00, 0x0F, 0xD0, 0x00, 0x7F, 0xFE, 0x00, 0x0F, 0xD0, 0x00, 0xBF,
    0xFE, 0x00, 0x0F, 0xD0, 0x00, 0xBF, 0xBF, 0x00, 0x0F, 0xD0, 0x00, 0xFE, 0x7F, 0x40, 0x0F, 0xD0,
    0x01, 0xFD, 0x3F, 0xC0, 0x0F, 0xD0, 0x03, 0xFC, 0x1F, 0xF0, 0x0F, 0xD0, 0x0F, 0xF4, 0x0B, 0xFE,
    0x0F, 0xD0, 0xBF, 0xE0, 0x02, 0xFF, 0xFF, 0xFF, 0xFF, 0x80, 0x00, 0x7F, 0xFF, 0xFF, 0xFD, 0x00,
    0x00, 0x06, 0xFF, 0xFF, 0x90, 0x00, 0x00, 0x00, 0x0F, 0xD0, 0x00, 0x00, 0x00, 0x00, 0x0F, 0xD0,
    0x00, 0x00, 0x00, 0x00, 0x0F, 0xD0, 0x00, 0x00, 0x00, 0x00, 0x0F, 0xD0, 0x00, 0x00, 0x00, 0x00,
    0x0F, 0xD0, 0x00, 0x00, 0x00, 0x00, 0x0F, 0xD0, 0x00, 0x00, 0x00, 0x00, 0x0F, 0xD0, 0x00, 0x00,
    0x00, 0x00, 0x0F, 0xD0, 0x00, 0x00, 0x00, 0x00, 0x0F, 0xD0, 0x00, 0x00, 0x1F, 0xD0, 0x00, 0x03,
    0xF4, 0x0F, 0xF0, 0x00, 0x0F, 0xF0, 0x03, 0xF8, 0x00, 0x2F, 0xC0, 0x01, 0xFC, 0x00, 0x3F, 0x40,
    0x00, 0xFF, 0x00, 0xFF, 0x00, 0x00, 0x3F, 0x41, 0xFC, 0x00, 0x00, 0x1F, 0xC3, 0xF4, 0x00, 0x00,
    0x0B, 0xEB, 0xE0, 0x00, 0x00, 0x03, 0xFF, 0xC0, 0x00, 0x00, 0x01, 0xFF, 0x40, 0x00, 0x00, 0x00,
    0xFF, 0x00, 0x00, 0x00, 0x02, 0xFF, 0x80, 0x00, 0x00, 0x07, 0xFF, 0xD0, 0x00, 0x00, 0x0F, 0xD7,
    0xF0, 0x00, 0x00, 0x2F, 0xC2, 0xFC, 0x00, 0x00, 0x7F, 0x00, 0xFD, 0x00, 0x00, 0xFD, 0x00, 0x7F,
    0x00, 0x03, 0xFC, 0x00, 0x3F, 0xC0, 0x07, 0xF0, 0x00, 0x0F, 0xD0, 0x0F, 0xE0, 0x00, 0x0B, 0xF0,
    0x3F, 0xC0, 0x00, 0x03, 0xFC, 0xFD, 0x00, 0x00, 0x3F, 0x40, 0xFD, 0x00, 0x00, 0x3F, 0x40, 0xFD,
    0x00, 0x00, 0x3F, 0x40, 0xFD, 0x00, 0x00, 0x3F, 0x40, 0xFD, 0x00, 0x00, 0x3F, 0x40, 0xFD, 0x00,
    0x00, 0x3F, 0x40, 0xFD, 0x00, 0x00, 0x3F, 0x40, 0xFD, 0x00, 0x00, 0x3F, 0x40, 0xFD, 0x00, 0x00,
    0x3F, 0x40, 0xFD, 0x00, 0x00, 0x3F, 0x40, 0xFD, 0x00, 0x00, 0x3F, 0x40, 0xFD, 0x00, 0x00, 0x3F,
    0x40, 0xFD, 0x00, 0x00, 0x3F, 0x40, 0xFD, 0x00, 0x00, 0x3F, 0x40, 0xFD, 0x00, 0x00, 0x3F, 0x40,
    0xFD, 0x00, 0x00, 0x3F, 0x40, 0xFD, 0x00, 0x00, 0x3F, 0x40, 0xFD, 0x00, 0x00, 0x3F, 0x40, 0xFF,
    0xFF, 0xFF, 0xFF, 0xFD, 0xFF, 0xFF, 0xFF, 0xFF, 0xFD, 0xFF, 0xFF, 0xFF, 0xFF, 0xFD, 0x00, 0x00,
    0x00, 0x00, 0xFD, 0x00, 0x00, 0x00, 0x00, 0xFD, 0x00, 0x00, 0x00, 0x00, 0xFD, 0x00, 0x00, 0x00,
    0x00, 0xFD, 0x00, 0x00, 0x00, 0x00, 0xFD, 0x00, 0x00, 0x00, 0x00, 0x00, 0xFD, 0x00, 0x00, 0x1F,
    0xFF, 0x40, 0x00, 0x07, 0xFF, 0xD0, 0x00, 0x01, 0xFF, 0xF4, 0x00, 0x00, 0x7F, 0xFD, 0x00, 0x00,
    0x1F, 0xFF, 0x40, 0x00, 0x07, 0xFF, 0xD0, 0x00, 0x01, 0xFF, 0xF8, 0x00, 0x00, 0x7F, 0xFE, 0x00,
    0x00, 0x1F, 0xEF, 0xC0, 0x00, 0x07, 0xF7, 0xFD, 0x00, 0x0B, 0xFC, 0xBF, 0xFF, 0xFF, 0xFF, 0x0B,
    0xFF, 0xFF, 0xFF, 0xC0, 0x2F, 0xFE, 0x47, 0xF0, 0x00, 0x00, 0x01, 0xFC, 0x00, 0x00, 0x00, 0x7F,
    0x00, 0x00, 0x00, 0x1F, 0xC0, 0x00, 0x00, 0x07, 0xF0, 0x00, 0x00, 0x01, 0xFC, 0x00, 0x00, 0x00,
    0x7F, 0x00, 0x00, 0x00, 0x1F, 0xC0, 0xFD, 0x00, 0x00, 0xFD, 0x00, 0x00, 0xFD, 0xFD, 0x00, 0x00,
    0xFD, 0x00, 0x00, 0xFD, 0xFD, 0x00, 0x00, 0xFD, 0x00, 0x00, 0xFD, 0xFD, 0x00, 0x00, 0xFD, 0x00,
    0x00, 0xFD, 0xFD, 0x00, 0x00, 0xFD, 0x00, 0x00, 0xFD, 0xFD, 0x00, 0x00, 0xFD, 0x00, 0x00, 0xFD,
    0xFD, 0x00, 0x00, 0xFD, 0x00, 0x00, 0xFD, 0xFD, 0x00, 0x00, 0xFD, 0x00, 0x00, 0xFD, 0xFD, 0x00,
    0x00, 0xFD, 0x00, 0x00, 0xFD, 0xFD, 0x00, 0x00, 0xFD, 0x00, 0x00, 0xFD, 0xFD, 0x00, 0x00, 0xFD,
    0x00, 0x00, 0xFD, 0xFD, 0x00, 0x00, 0xFD, 0x00, 0x00, 0xFD, 0xFD, 0x00, 0x00, 0xFD, 0x00, 0x00,
    0xFD, 0xFD, 0x00, 0x00, 0xFD, 0x00, 0x00, 0xFD, 0xFD, 0x00, 0x00, 0xFD, 0x00, 0x00, 0xFD, 0xFD,
    0x00, 0x00, 0xFD, 0x00, 0x00, 0xFD, 0xFD, 0x00, 0x00, 0xFD, 0x00, 0x00, 0xFD, 0xFD, 0x00, 0x00,
    0xFD, 0x00, 0x00, 0xFD, 0xFF, 0xFF, 0xFF, 0xFF, 0xFF, 0xFF, 0xFD, 0xFF, 0xFF, 0xFF, 0xFF, 0xFF,
    0xFF, 0xFD, 0xFF, 0xFF, 0xFF, 0xFF, 0xFF, 0xFF, 0xFD, 0xFD, 0x00, 0x00, 0xFD, 0x00, 0x01, 0xFC,
    0x03, 0xF4, 0x00, 0x03, 0xF4, 0x00, 0x07, 0xF0, 0x0F, 0xD0, 0x00, 0x0F, 0xD0, 0x00, 0x1F, 0xC0,
    0x3F, 0x40, 0x00, 0x3F, 0x40, 0x00, 0x7F, 0x00, 0xFD, 0x00, 0x00, 0xFD, 0x00, 0x01, 0xFC, 0x03,
    0xF4, 0x00, 0x03, 0xF4, 0x00, 0x07, 0xF0, 0x0F, 0xD0, 0x00, 0x0F, 0xD0, 0x00, 0x1F, 0xC0, 0x3F,
    0x40, 0x00, 0x3F, 0x40, 0x00, 0x7F, 0x00, 0xFD, 0x00, 0x00, 0xFD, 0x00, 0x01, 0xFC, 0x03, 0xF4,
    0x00, 0x03, 0xF4, 0x00, 0x07, 0xF0, 0x0F, 0xD0, 0x00, 0x0F, 0xD0, 0x00, 0x1F, 0xC0, 0x3F, 0x40,
    0x00, 0x3F, 0x40, 0x00, 0x7F, 0x00, 0xFD, 0x00, 0x00, 0xFD, 0x00, 0x01, 0xFC, 0x03, 0xF4, 0x00,
    0x03, 0xF4, 0x00, 0x07, 0xF0, 0x0F, 0xD0, 0x00, 0x0F, 0xD0, 0x00, 0x1F, 0xC0, 0x3F, 0x40, 0x00,
    0x3F, 0x40, 0x00, 0x7F, 0x00, 0xFD, 0x00, 0x00, 0xFD, 0x00, 0x01, 0xFC, 0x03, 0xF4, 0x00, 0x03,
    0xF4, 0x00, 0x07, 0xF0, 0x0F, 0xFF, 0xFF, 0xFF, 0xFF, 0xFF, 0xFF, 0xFF, 0x7F, 0xFF, 0xFF, 0xFF,
    0xFF, 0xFF, 0xFF, 0xFD, 0xFF, 0xFF, 0xFF, 0xFF, 0xFF, 0xFF, 0xFF, 0xF4, 0x00, 0x00, 0x00, 0x00,
    0x00, 0x00, 0x0F, 0xD0, 0x00, 0x00, 0x00, 0x00, 0x00, 0x00, 0x3F, 0x40, 0x00, 0x00, 0x00, 0x00,
    0x00, 0x00, 0xFD, 0x00, 0x00, 0x00, 0x00, 0x00, 0x00, 0x03, 0xF4, 0x00, 0x00, 0x00, 0x00, 0x00,
    0x00, 0x0F, 0xD0, 0x00, 0x00, 0x00, 0x00, 0x00, 0x00, 0x00, 0x00, 0xBF, 0xFF, 0xD0, 0x00, 0x00,
    0x0B, 0xFF, 0xFD, 0x00, 0x00, 0x00, 0x7F, 0xFF, 0xD0, 0x00, 0x00, 0x00, 0x00, 0xFD, 0x00, 0x00,
    0x00, 0x00, 0x0F, 0xD0, 0x00, 0x00, 0x00, 0x00, 0xFD, 0x00, 0x00, 0x00, 0x00, 0x0F, 0xD0, 0x00,
    0x00, 0x00, 0x00, 0xFD, 0x00, 0x00, 0x00, 0x00, 0x0F, 0xFF, 0xFF, 0x90, 0x00, 0x00, 0xFF, 0xFF,
    0xFF, 0xD0, 0x00, 0x0F, 0xFF, 0xFF, 0xFF, 0x40, 0x00, 0xFD, 0x00, 0x07, 0xFC, 0x00, 0x0F, 0xD0,
    0x00, 0x1F, 0xD0, 0x00, 0xFD, 0x00, 0x00, 0xFD, 0x00, 0x0F, 0xD0, 0x00, 0x0F, 0xD0, 0x00, 0xFD,
    0x00, 0x00, 0xFD, 0x00, 0x0F, 0xD0, 0x00, 0x2F, 0xC0, 0x00, 0xFD, 0x00, 0x0B, 0xFC, 0x00, 0x0F,
    0xFF, 0xFF, 0xFF, 0x00, 0x00, 0xFF, 0xFF, 0xFF, 0xC0, 0x00, 0x0F, 0xFF, 0xFF, 0x90, 0x00, 0xFD,
    0x00, 0x00, 0x00, 0x07, 0xFF, 0xD0, 0x00, 0x00, 0x00, 0x7F, 0xFD, 0x00, 0x00, 0x00, 0x07, 0xFF,
    0xD0, 0x00, 0x00, 0x00, 0x7F, 0xFD, 0x00, 0x00, 0x00, 0x07, 0xFF, 0xD0, 0x00, 0x00, 0x00, 0x7F,
    0xFD, 0x00, 0x00, 0x00, 0x07, 0xFF, 0xD0, 0x00, 0x00, 0x00, 0x7F, 0xFF, 0xFF, 0xF9, 0x00, 0x07,
    0xFF, 0xFF, 0xFF, 0xFD, 0x00, 0x7F, 0xFF, 0xFF, 0xFF, 0xF4, 0x07, 0xFF, 0xD0, 0x00, 0x7F, 0xC0,
    0x7F, 0xFD, 0x00, 0x01, 0xFD, 0x07, 0xFF, 0xD0, 0x00, 0x0F, 0xD0, 0x7F, 0xFD, 0x00, 0x00, 0xFD,
    0x07, 0xFF, 0xD0, 0x00, 0x0F, 0xD0, 0x7F, 0xFD, 0x00, 0x02, 0xFC, 0x07, 0xFF, 0xD0, 0x00, 0xBF,
    0xC0, 0x7F, 0xFF, 0xFF, 0xFF, 0xF0, 0x07, 0xFF, 0xFF, 0xFF, 0xFC, 0x00, 0x7F, 0xFF, 0xFF, 0xF9,
    0x00, 0x07, 0xF0, 0xFD, 0x00, 0x00, 0x00, 0xFD, 0x00, 0x00, 0x00, 0xFD, 0x00, 0x00, 0x00, 0xFD,
    0x00, 0x00, 0x00, 0xFD, 0x00, 0x00, 0x00, 0xFD, 0x00, 0x00, 0x00, 0xFD, 0x00, 0x00, 0x00, 0xFD,
    0x00, 0x00, 0x00, 0xFF, 0xFF, 0xF9, 0x00, 0xFF, 0xFF, 0xFF, 0xD0, 0xFF, 0xFF, 0xFF, 0xF4, 0xFD,
    0x00, 0x07, 0xFC, 0xFD, 0x00, 0x01, 0xFD, 0xFD, 0x00, 0x00, 0xFD, 0xFD, 0x00, 0x00, 0xFD, 0xFD,
    0x00, 0x00, 0xFD, 0xFD, 0x00, 0x02, 0xFC, 0xFD, 0x00, 0x0B, 0xFC, 0xFF, 0xFF, 0xFF, 0xF0, 0xFF,
    0xFF, 0xFF, 0xC0, 0xFF, 0xFF, 0xF9, 0x00, 0x1B, 0xFF, 0x90, 0x00, 0xFF, 0xFF, 0xFD, 0x00, 0x7F,
    0xFF, 0xFF, 0x80, 0x24, 0x00, 0x7F, 0xE0, 0x00, 0x00, 0x0F, 0xF0, 0x00, 0x00, 0x03, 0xF8, 0x00,
    0x00, 0x02, 0xFC, 0x00, 0x00, 0x01, 0xFC, 0x00, 0x00, 0x00, 0xFD, 0x0F, 0xFF, 0xFF, 0xFD, 0x0F,
    0xFF, 0xFF, 0xFD, 0x0F, 0xFF, 0xFF, 0xFD, 0x00, 0x00, 0x00, 0xFD, 0x00, 0x00, 0x01, 0xFC, 0x00,
    0x00, 0x02, 0xFC, 0x00, 0x00, 0x03, 0xF8, 0x00, 0x00, 0x0F, 0xF0, 0x90, 0x00, 0x7F, 0xD0, 0xFF,
    0xFF, 0xFF, 0x80, 0xFF, 0xFF, 0xFD, 0x00, 0x1B, 0xFF, 0x90, 0x00, 0xFD, 0x00, 0x00, 0x6F, 0xF9,
    0x00, 0x3F, 0x40, 0x01, 0xFF, 0xFF, 0xF0, 0x0F, 0xD0, 0x01, 0xFF, 0xFF, 0xFF, 0x43, 0xF4, 0x00,
    0xFF, 0x40, 0x1F, 0xF0, 0xFD, 0x00, 0xFF, 0x00, 0x00, 0xFE, 0x3F, 0x40, 0x7F, 0x40, 0x00, 0x1F,
    0xCF, 0xD0, 0x2F, 0xC0, 0x00, 0x03, 0xF7, 0xF4, 0x0F, 0xE0, 0x00, 0x00, 0xBE, 0xFD, 0x03, 0xF8,
    0x00, 0x00, 0x2F, 0xFF, 0xFF, 0xFE, 0x00, 0x00, 0x0B, 0xFF, 0xFF, 0xFF, 0x40, 0x00, 0x01, 0xFF,
    0xFF, 0xFF, 0xE0, 0x00, 0x00, 0xBF, 0xFD, 0x03, 0xF8, 0x00, 0x00, 0x2F, 0xFF, 0x40, 0xBF, 0x00,
    0x00, 0x0F, 0xEF, 0xD0, 0x2F, 0xC0, 0x00, 0x03, 0xFB, 0xF4, 0x03, 0xF4, 0x00, 0x01, 0xFC, 0xFD,
    0x00, 0xFF, 0x00, 0x00, 0xFE, 0x3F, 0x40, 0x0F, 0xF4, 0x01, 0xFF, 0x0F, 0xD0, 0x01, 0xFF, 0xFF,
    0xFF, 0x43, 0xF4, 0x00, 0x1F, 0xFF, 0xFF, 0x40, 0xFD, 0x00, 0x00, 0x6F, 0xF9, 0x00, 0x00, 0x00,
    0x6F, 0xFF, 0xFF, 0xD0, 0x2F, 0xFF, 0xFF, 0xFD, 0x0F, 0xFF, 0xFF, 0xFF, 0xD1, 0xFE, 0x00, 0x00,
    0xFD, 0x3F, 0xC0, 0x00, 0x0F, 0xD3, 0xF8, 0x00, 0x00, 0xFD, 0x3F, 0x80, 0x00, 0x0F, 0xD3, 0xF8,
    0x00, 0x00, 0xFD, 0x2F, 0xC0, 0x00, 0x0F, 0xD1, 0xFF, 0x40, 0x00, 0xFD, 0x0B, 0xFF, 0xFF, 0xFF,
    0xD0, 0x2F, 0xFF, 0xFF, 0xFD, 0x00, 0x2F, 0xFF, 0xFF, 0xD0, 0x03, 0xFC, 0x00, 0xFD, 0x00, 0xBF,
    0x00, 0x0F, 0xD0, 0x0F, 0xE0, 0x00, 0xFD, 0x03, 0xFC, 0x00, 0x0F, 0xD0, 0xBF, 0x00, 0x00, 0xFD,
    0x1F, 0xE0, 0x00, 0x0F, 0xD3, 0xFC, 0x00, 0x00, 0xFD, 0xBF, 0x00, 0x00, 0x0F, 0xD0, 0x00, 0xFF,
    0x00, 0x00, 0x00, 0x0F, 0xF0, 0x00, 0x00, 0x00, 0xFD, 0x00, 0x00, 0x00, 0x1F, 0xC0, 0x00, 0x00,
    0x01, 0xF8, 0x00, 0x00, 0x00, 0x2F, 0x00, 0x00, 0x00, 0x01, 0x80, 0x00, 0x00, 0x00, 0x00, 0x00,
    0x00, 0x00, 0x00, 0x00, 0x00, 0x06, 0xFF, 0x90, 0x00, 0x0F, 0xFF, 0xFE, 0x00, 0x1F, 0xFF, 0xFF,
    0xF0, 0x0F, 0xF4, 0x02, 0xFE, 0x0B, 0xF0, 0x00, 0x2F, 0xC3, 0xF4, 0x00, 0x03, 0xF5, 0xFC, 0x00,
    0x00, 0xBF, 0xBE, 0x00, 0x00, 0x2F, 0xFF, 0xFF, 0xFF, 0xFF, 0xFF, 0xFF, 0xFF, 0xFF, 0xFF, 0xFF,
    0xFF, 0xFF, 0xFF, 0xFE, 0x00, 0x00, 0x00, 0x3F, 0x80, 0x00, 0x00, 0x0B, 0xF0, 0x00, 0x00, 0x02,
    0xFC, 0x00, 0x00, 0x00, 0x3F, 0x80, 0x00, 0x00, 0x0B, 0xF4, 0x00, 0x00, 0x00, 0xFF, 0x80, 0x01,
    0xB0, 0x1F, 0xFF, 0xFF, 0xFC, 0x00, 0xFF, 0xFF, 0xFF, 0x00, 0x06, 0xFF, 0xF9, 0x00, 0x00, 0x7C,
    0x03, 0xD0, 0x00, 0x3F, 0x41, 0xFC, 0x00, 0x0F, 0xD0, 0x7F, 0x00, 0x01, 0xF0, 0x0F, 0x40, 0x00,
    0x00, 0x00, 0x00, 0x00, 0x00, 0x00, 0x00, 0x00, 0x01, 0xBF, 0xE4, 0x00, 0x03, 0xFF, 0xFF, 0x80,
    0x07, 0xFF, 0xFF, 0xFC, 0x03, 0xFD, 0x00, 0xBF, 0x82, 0xFC, 0x00, 0x0B, 0xF0, 0xFD, 0x00, 0x00,
    0xFD, 0x7F, 0x00, 0x00, 0x2F, 0xEF, 0x80, 0x00, 0x0B, 0xFF, 0xFF, 0xFF, 0xFF, 0xFF, 0xFF, 0xFF,
    0xFF, 0xFF, 0xFF, 0xFF, 0xFF, 0xFF, 0xFF, 0x80, 0x00, 0x00, 0x0F, 0xE0, 0x00, 0x00, 0x02, 0xFC,
    0x00, 0x00, 0x00, 0xBF, 0x00, 0x00, 0x00, 0x0F, 0xE0, 0x00, 0x00, 0x02, 0xFD, 0x00, 0x00, 0x00,
    0x3F, 0xE0, 0x00, 0x6C, 0x07, 0xFF, 0xFF, 0xFF, 0x00, 0x3F, 0xFF, 0xFF, 0xC0, 0x01, 0xBF, 0xFE,
    0x40, 0x03, 0xF4, 0x00, 0x00, 0x00, 0x03, 0xF4, 0x00, 0x00, 0x00, 0x03, 0xF4, 0x00, 0x00, 0x00,
    0xFF, 0xFF, 0xFF, 0xC0, 0x00, 0xFF, 0xFF, 0xFF, 0xC0, 0x00, 0xFF, 0xFF, 0xFF, 0xC0, 0x00, 0x03,
    0xF4, 0x00, 0x00, 0x00, 0x03, 0xF4, 0x00, 0x00, 0x00, 0x03, 0xF4, 0x1B, 0xFE, 0x00, 0x03, 0xF4,
    0xFF, 0xFF, 0xE0, 0x03, 0xFB, 0xFF, 0xFF, 0xF8, 0x03, 0xFF, 0xD0, 0x07, 0xFC, 0x03, 0xFF, 0x00,
    0x00, 0xFE, 0x03, 0xFD, 0x00, 0x00, 0xFF, 0x03, 0xFC, 0x00, 0x00, 0xBF, 0x03, 0xFC, 0x00, 0x00,
    0x7F, 0x03, 0xF8, 0x00, 0x00, 0x7F, 0x03, 0xF8, 0x00, 0x00, 0x7F, 0x03, 0xF4, 0x00, 0x00, 0x7F,
    0x03, 0xF4, 0x00, 0x00, 0x7F, 0x03, 0xF4, 0x00, 0x00, 0x7F, 0x03, 0xF4, 0x00, 0x00, 0x7F, 0x03,
    0xF4, 0x00, 0x00, 0x7F, 0x03, 0xF4, 0x00, 0x00, 0x7F, 0x03, 0xF4, 0x00, 0x00, 0x7F, 0x03, 0xF4,
    0x00, 0x00, 0x7F, 0x03, 0xF4, 0x00, 0x00, 0x7F, 0x03, 0xF4, 0x00, 0x00, 0x7F, 0x03, 0xF4, 0x00,
    0x00, 0x7F, 0x00, 0x00, 0x00, 0x00, 0x7F, 0x00, 0x00, 0x00, 0x00, 0x7F, 0x00, 0x00, 0x00, 0x00,
    0x7F, 0x00, 0x00, 0x00, 0x00, 0xBF, 0x00, 0x00, 0x00, 0x00, 0xFE, 0x00, 0x00, 0x00, 0x02, 0xFD,
    0x00, 0x00, 0x0B, 0xFF, 0xFC, 0x00, 0x00, 0x0B, 0xFF, 0xF0, 0x00, 0x00, 0x07, 0xFF, 0x80, 0x00,
    0x00, 0xA9, 0x00, 0x00, 0xBF, 0x40, 0x00, 0x3F, 0x40, 0x00, 0x3F, 0x80, 0x00, 0x2F, 0x80, 0x00,
    0x0F, 0x80, 0x00, 0x06, 0x40, 0x00, 0x00, 0x00, 0x00, 0x00, 0x00, 0x00, 0x3F, 0xFF, 0xFF, 0xEF,
    0xFF, 0xFF, 0xFB, 0xFF, 0xFF, 0xFD, 0xFD, 0x00, 0x00, 0x3F, 0x40, 0x00, 0x0F, 0xD0, 0x00, 0x03,
    0xF4, 0x00, 0x00, 0xFD, 0x00, 0x00, 0x3F, 0x40, 0x00, 0x0F, 0xD0, 0x00, 0x03, 0xF4, 0x00, 0x00,
    0xFD, 0x00, 0x00, 0x3F, 0x40, 0x00, 0x0F, 0xD0, 0x00, 0x03, 0xF4, 0x00, 0x00, 0xFD, 0x00, 0x00,
    0x3F, 0x40, 0x00, 0x0F, 0xD0, 0x00, 0x03, 0xF4, 0x00, 0x00, 0xFD, 0x00, 0x00, 0x3F, 0x40, 0x00,
    0x00, 0x00, 0x0B, 0xFF, 0x90, 0x02, 0xFF, 0xFF, 0xF0, 0x3F, 0xFF, 0xFF, 0x43, 0xFE, 0x00, 0x18,
    0x2F, 0xD0, 0x00, 0x00, 0xFE, 0x00, 0x00, 0x07, 0xF0, 0x00, 0x00, 0x2F, 0xC0, 0x00, 0x00, 0xFE,
    0x00, 0x00, 0x03, 0xFF, 0xFF, 0xFF, 0x0F, 0xFF, 0xFF, 0xFC, 0x3F, 0xFF, 0xFF, 0xF0, 0xFE, 0x00,
    0x00, 0x03, 0xFC, 0x00, 0x00, 0x0B, 0xF0, 0x00, 0x00, 0x0F, 0xE0, 0x00, 0x00, 0x3F, 0xD0, 0x00,
    0x00, 0x3F, 0xE0, 0x00, 0x50, 0x7F, 0xFF, 0xFF, 0x80, 0x3F, 0xFF, 0xFE, 0x00, 0x1B, 0xFF, 0x90,
    0x01, 0xBF, 0xFA, 0x00, 0x3F, 0xFF, 0xFF, 0xC3, 0xFF, 0xFF, 0xFE, 0x2F, 0xE0, 0x01, 0xB0, 0xFE,
    0x00, 0x00, 0x03, 0xF8, 0x00, 0x00, 0x0F, 0xF0, 0x00, 0x00, 0x2F, 0xF0, 0x00, 0x00, 0x3F, 0xFD,
    0x00, 0x00, 0x2F, 0xFF, 0x80, 0x00, 0x0B, 0xFF, 0xE0, 0x00, 0x01, 0xFF, 0xF0, 0x00, 0x00, 0x7F,
    0xF0, 0x00, 0x00, 0x2F, 0xD0, 0x00, 0x00, 0x3F, 0x40, 0x00, 0x00, 0xFD, 0x00, 0x00, 0x07, 0xF7,
    0xD0, 0x00, 0x7F, 0xCF, 0xFF, 0xFF, 0xFD, 0x3F, 0xFF, 0xFF, 0xD0, 0x0A, 0xFF, 0xE4, 0x00, 0x7C,
    0xFD, 0xFD, 0x7C, 0x00, 0x00, 0xFD, 0xFD, 0xFD, 0xFD, 0xFD, 0xFD, 0xFD, 0xFD, 0xFD, 0xFD, 0xFD,
    0xFD, 0xFD, 0xFD, 0xFD, 0xFD, 0xFD, 0xFD, 0xFD, 0xFD, 0xFD, 0x7C, 0x3D, 0xFD, 0x7F, 0xFD, 0x7F,
    0x7C, 0x3D, 0x00, 0x00, 0x00, 0x00, 0x0F, 0xD0, 0x0F, 0xD0, 0x0F, 0xD0, 0x0F, 0xD0, 0x0F, 0xD0,
    0x0F, 0xD0, 0x0F, 0xD0, 0x0F, 0xD0, 0x0F, 0xD0, 0x0F, 0xD0, 0x0F, 0xD0, 0x0F, 0xD0, 0x0F, 0xD0,
    0x0F, 0xD0, 0x0F, 0xD0, 0x0F, 0xD0, 0x0F, 0xD0, 0x0F, 0xD0, 0x0F, 0xD0, 0x0F, 0xD0, 0x0F, 0xD0,
    0x00, 0x1F, 0x00, 0x0F, 0xD0, 0x03, 0xF4, 0x00, 0x7C, 0x00, 0x00, 0x00, 0x00, 0x00, 0x03, 0xF4,
    0x00, 0xFD, 0x00, 0x3F, 0x40, 0x0F, 0xD0, 0x03, 0xF4, 0x00, 0xFD, 0x00, 0x3F, 0x40, 0x0F, 0xD0,
    0x03, 0xF4, 0x00, 0xFD, 0x00, 0x3F, 0x40, 0x0F, 0xD0, 0x03, 0xF4, 0x00, 0xFD, 0x00, 0x3F, 0x40,
    0x0F, 0xD0, 0x03, 0xF4, 0x00, 0xFD, 0x00, 0x3F, 0x40, 0x0F, 0xD0, 0x03, 0xF4, 0x00, 0xFD, 0x00,
    0x3F, 0x40, 0x0F, 0xD0, 0x03, 0xF4, 0x00, 0xFD, 0x00, 0xBF, 0x3F, 0xFF, 0x8F, 0xFF, 0xC2, 0xFF,
    0x80, 0x00, 0x3F, 0xFF, 0xFF, 0xF4, 0x00, 0x00, 0x00, 0x00, 0xFF, 0xFF, 0xFF, 0xD0, 0x00, 0x00,
    0x00, 0x03, 0xFF, 0xFF, 0xFF, 0x40, 0x00, 0x00, 0x00, 0x0F, 0xC0, 0x00, 0xFD, 0x00, 0x00, 0x00,
    0x00, 0x3F, 0x00, 0x03, 0xF4, 0x00, 0x00, 0x00, 0x00, 0xFC, 0x00, 0x0F, 0xD0, 0x00, 0x00, 0x00,
    0x03, 0xF0, 0x00, 0x3F, 0x40, 0x00, 0x00, 0x00, 0x0F, 0xC0, 0x00, 0xFD, 0x00, 0x00, 0x00, 0x00,
    0x3F, 0x00, 0x03, 0xFF, 0xFF, 0xE4, 0x00, 0x00, 0xFC, 0x00, 0x0F, 0xFF, 0xFF, 0xFD, 0x00, 0x03,
    0xF0, 0x00, 0x3F, 0xFF, 0xFF, 0xFD, 0x00, 0x0F, 0xC0, 0x00, 0xFD, 0x00, 0x07, 0xFC, 0x00, 0x3F,
    0x00, 0x03, 0xF4, 0x00, 0x07, 0xF4, 0x01, 0xF8, 0x00, 0x0F, 0xD0, 0x00, 0x0F, 0xD0, 0x07, 0xE0,
    0x00, 0x3F, 0x40, 0x00, 0x3F, 0x40, 0x2F, 0x40, 0x00, 0xFD, 0x00, 0x00, 0xFD, 0x00, 0xFD, 0x00,
    0x03, 0xF4, 0x00, 0x0B, 0xF0, 0x0B, 0xF0, 0x00, 0x0F, 0xD0, 0x00, 0xBF, 0xCF, 0xFF, 0x80, 0x00,
    0x3F, 0xFF, 0xFF, 0xFC, 0x3F, 0xFC, 0x00, 0x00, 0xFF, 0xFF, 0xFF, 0xC0, 0xFF, 0x80, 0x00, 0x03,
    0xFF, 0xFF, 0xE4, 0x00, 0xFD, 0x00, 0x00, 0x3F, 0x40, 0x00, 0x00, 0x3F, 0x40, 0x00, 0x0F, 0xD0,
    0x00, 0x00, 0x0F, 0xD0, 0x00, 0x03, 0xF4, 0x00, 0x00, 0x03, 0xF4, 0x00, 0x00, 0xFD, 0x00, 0x00,
    0x00, 0xFD, 0x00, 0x00, 0x3F, 0x40, 0x00, 0x00, 0x3F, 0x40, 0x00, 0x0F, 0xD0, 0x00, 0x00, 0x0F,
    0xD0, 0x00, 0x03, 0xF4, 0x00, 0x00, 0x03, 0xF4, 0x00, 0x00, 0xFD, 0x00, 0x00, 0x00, 0xFF, 0xFF,
    0xFF, 0xFF, 0xFF, 0xFA, 0x00, 0x3F, 0xFF, 0xFF, 0xFF, 0xFF, 0xFF, 0xFC, 0x0F, 0xFF, 0xFF, 0xFF,
    0xFF, 0xFF, 0xFF, 0xC3, 0xF4, 0x00, 0x00, 0xFD, 0x00, 0x0B, 0xFC, 0xFD, 0x00, 0x00, 0x3F, 0x40,
    0x00, 0xBF, 0x3F, 0x40, 0x00, 0x0F, 0xD0, 0x00, 0x0F, 0xDF, 0xD0, 0x00, 0x03, 0xF4, 0x00, 0x03,
    0xF7, 0xF4, 0x00, 0x00, 0xFD, 0x00, 0x00, 0xFD, 0xFD, 0x00, 0x00, 0x3F, 0x40, 0x00, 0x7F, 0x3F,
    0x40, 0x00, 0x0F, 0xD0, 0x00, 0x7F, 0xCF, 0xD0, 0x00, 0x03, 0xFF, 0xFF, 0xFF, 0xC3, 0xF4, 0x00,
    0x00, 0xFF, 0xFF, 0xFF, 0xC0, 0xFD, 0x00, 0x00, 0x3F, 0xFF, 0xFE, 0x40, 0x00, 0x03, 0xF4, 0x00,
    0x00, 0x00, 0x03, 0xF4, 0x00, 0x00, 0x00, 0x03, 0xF4, 0x00, 0x00, 0x00, 0xFF, 0xFF, 0xFF, 0xF0,
    0x00, 0xFF, 0xFF, 0xFF, 0xF0, 0x00, 0xFF, 0xFF, 0xFF, 0xF0, 0x00, 0x03, 0xF4, 0x00, 0x00, 0x00,
    0x03, 0xF4, 0x00, 0x00, 0x00, 0x03, 0xF4, 0x1B, 0xFE, 0x40, 0x03, 0xF4, 0xFF, 0xFF, 0xE0, 0x03,
    0xF7, 0xFF, 0xFF, 0xF8, 0x03, 0xFF, 0xD0, 0x07, 0xFC, 0x03, 0xFF, 0x00, 0x01, 0xFE, 0x03, 0xFD,
    0x00, 0x00, 0xFF, 0x03, 0xFC, 0x00, 0x00, 0xBF, 0x03, 0xFC, 0x00, 0x00, 0xBF, 0x03, 0xF8, 0x00,
    0x00, 0x7F, 0x03, 0xF8, 0x00, 0x00, 0x7F, 0x03, 0xF4, 0x00, 0x00, 0x7F, 0x03, 0xF4, 0x00, 0x00,
    0x7F, 0x03, 0xF4, 0x00, 0x00, 0x7F, 0x03, 0xF4, 0x00, 0x00, 0x7F, 0x03, 0xF4, 0x00, 0x00, 0x7F,
    0x03, 0xF4, 0x00, 0x00, 0x7F, 0x03, 0xF4, 0x00, 0x00, 0x7F, 0x03, 0xF4, 0x00, 0x00, 0x7F, 0x03,
    0xF4, 0x00, 0x00, 0x7F, 0x03, 0xF4, 0x00, 0x00, 0x7F, 0x03, 0xF4, 0x00, 0x00, 0x7F, 0x00, 0x00,
    0x0A, 0x80, 0x00, 0x00, 0x0F, 0xF0, 0x00, 0x00, 0x0B, 0xF0, 0x00, 0x00, 0x07, 0xF0, 0x00, 0x00,
    0x03, 0xF0, 0x00, 0x00, 0x02, 0xF4, 0x00, 0x00, 0x00, 0xA4, 0x00, 0x00, 0x00, 0x00, 0x00, 0x00,
    0x00, 0x00, 0x00, 0x00, 0x3F, 0x40, 0x00, 0x3F, 0x4F, 0xD0, 0x00, 0x2F, 0xC3, 0xF4, 0x00, 0x1F,
    0xC0, 0xFD, 0x00, 0x0F, 0xD0, 0x3F, 0x40, 0x0B, 0xF0, 0x0F, 0xD0, 0x03, 0xF0, 0x03, 0xF4, 0x03,
    0xF8, 0x00, 0xFD, 0x02, 0xFC, 0x00, 0x3F, 0x40, 0xFD, 0x00, 0x0F, 0xFF, 0xFE, 0x00, 0x03, 0xFF,
    0xFF, 0x80, 0x00, 0xFF, 0xFF, 0xF0, 0x00, 0x3F, 0x40, 0xFF, 0x00, 0x0F, 0xD0, 0x1F, 0xD0, 0x03,
    0xF4, 0x02, 0xFC, 0x00, 0xFD, 0x00, 0x3F, 0x80, 0x3F, 0x40, 0x07, 0xF4, 0x0F, 0xD0, 0x00, 0xFF,
    0x03, 0xF4, 0x00, 0x0F, 0xE0, 0xFD, 0x00, 0x01, 0xFD, 0x3F, 0x40, 0x00, 0x3F, 0xC0, 0x00, 0xA9,
    0x00, 0x00, 0x00, 0x2F, 0xD0, 0x00, 0x00, 0x02, 0xFC, 0x00, 0x00, 0x00, 0x2F, 0x40, 0x00, 0x00,
    0x03, 0xF0, 0x00, 0x00, 0x00, 0x3E, 0x00, 0x00, 0x00, 0x02, 0x80, 0x00, 0x00, 0x00, 0x00, 0x00,
    0x00, 0x00, 0x00, 0x00, 0x3F, 0x40, 0x00, 0x2F, 0xFF, 0xD0, 0x00, 0x0F, 0xFF, 0xF4, 0x00, 0x0B,
    0xFF, 0xFD, 0x00, 0x03, 0xFF, 0xFF, 0x40, 0x02, 0xFB, 0xFF, 0xD0, 0x01, 0xF9, 0xFF, 0xF4, 0x00,
    0xFC, 0x7F, 0xFD, 0x00, 0x7E, 0x1F, 0xFF, 0x40, 0x3F, 0x07, 0xFF, 0xD0, 0x1F, 0x81, 0xFF, 0xF4,
    0x0F, 0xC0, 0x7F, 0xFD, 0x0B, 0xD0, 0x1F, 0xFF, 0x43, 0xF0, 0x07, 0xFF, 0xD2, 0xF4, 0x01, 0xFF,
    0xF4, 0xFC, 0x00, 0x7F, 0xFD, 0xBD, 0x00, 0x1F, 0xFF, 0xBF, 0x00, 0x07, 0xFF, 0xFF, 0x40, 0x01,
    0xFF, 0xFF, 0x80, 0x00, 0x7F, 0xFF, 0xC0, 0x00, 0x1F, 0xFF, 0xE0, 0x00, 0x07, 0xF0, 0x00, 0x68,
    0x00, 0x29, 0x00, 0x00, 0x7E, 0x00, 0x7E, 0x00, 0x00, 0x3F, 0x40, 0xFD, 0x00, 0x00, 0x2F, 0xFF,
    0xFC, 0x00, 0x00, 0x0F, 0xFF, 0xF0, 0x00, 0x00, 0x01, 0xFF, 0x80, 0x00, 0x00, 0x00, 0x00, 0x00,
    0x00, 0x00, 0x00, 0x00, 0x00, 0x00, 0x7F, 0x00, 0x00, 0x01, 0xFD, 0x3F, 0x80, 0x00, 0x02, 0xFC,
    0x2F, 0xC0, 0x00, 0x03, 0xF8, 0x0F, 0xC0, 0x00, 0x07, 0xF0, 0x0F, 0xE0, 0x00, 0x0B, 0xF0, 0x07,
    0xF0, 0x00, 0x0F, 0xD0, 0x03, 0xF4, 0x00, 0x1F, 0xC0, 0x02, 0xF8, 0x00, 0x2F, 0x80, 0x01, 0xFC,
    0x00, 0x3F, 0x40, 0x00, 0xFD, 0x00, 0x7F, 0x00, 0x00, 0xBE, 0x00, 0xBE, 0x00, 0x00, 0x3F, 0x00,
    0xFC, 0x00, 0x00, 0x3F, 0x41, 0xFC, 0x00, 0x00, 0x1F, 0xC3, 0xF8, 0x00, 0x00, 0x0F, 0xC3, 0xF0,
    0x00, 0x00, 0x0B, 0xD7, 0xF0, 0x00, 0x00, 0x07, 0xEB, 0xD0, 0x00, 0x00, 0x03, 0xFF, 0xC0, 0x00,
    0x00, 0x02, 0xFF, 0x80, 0x00, 0x00, 0x00, 0xFF, 0x40, 0x00, 0x00, 0x00, 0xFF, 0x00, 0x00, 0x00,
    0x00, 0xBE, 0x00, 0x00, 0x00, 0x00, 0xFC, 0x00, 0x00, 0x00, 0x01, 0xFC, 0x00, 0x00, 0x00, 0x03,
    0xF4, 0x00, 0x00, 0x00, 0x07, 0xF0, 0x00, 0x00, 0x00, 0x2F, 0xD0, 0x00, 0x00, 0x3F, 0xFF, 0xC0,
    0x00, 0x00, 0x3F, 0xFF, 0x00, 0x00, 0x00, 0x3F, 0xF4, 0x00, 0x00, 0x00, 0xFD, 0x00, 0x00, 0x3F,
    0x7F, 0x40, 0x00, 0x0F, 0xDF, 0xD0, 0x00, 0x03, 0xF7, 0xF4, 0x00, 0x00, 0xFD, 0xFD, 0x00, 0x00,
    0x3F, 0x7F, 0x40, 0x00, 0x0F, 0xDF, 0xD0, 0x00, 0x03, 0xF7, 0xF4, 0x00, 0x00, 0xFD, 0xFD, 0x00,
    0x00, 0x3F, 0x7F, 0x40, 0x00, 0x0F, 0xDF, 0xD0, 0x00, 0x03, 0xF7, 0xF4, 0x00, 0x00, 0xFD, 0xFD,
    0x00, 0x00, 0x3F, 0x7F, 0x40, 0x00, 0x0F, 0xDF, 0xD0, 0x00, 0x03, 0xF7, 0xF4, 0x00, 0x00, 0xFD,
    0xFD, 0x00, 0x00, 0x3F, 0x7F, 0x40, 0x00, 0x0F, 0xDF, 0xFF, 0xFF, 0xFF, 0xF7, 0xFF, 0xFF, 0xFF,
    0xFD, 0xFF, 0xFF, 0xFF, 0xFF, 0x40, 0x01, 0xFC, 0x00, 0x00, 0x00, 0x7F, 0x00, 0x00, 0x00, 0x1F,
    0xC0, 0x00, 0x00, 0x07, 0xF0, 0x00, 0x00, 0x01, 0xFC, 0x00, 0x00, 0x00, 0x2A, 0x00, 0x00, 0xFD,
    0x00, 0x00, 0x0F, 0xD0, 0x00, 0x00, 0x3F, 0x7F, 0x80, 0x00, 0x03, 0xF8, 0x00, 0x00, 0x0F, 0xDF,
    0xE0, 0x00, 0x00, 0xFE, 0x00, 0x00, 0x03, 0xF7, 0xF8, 0x00, 0x00, 0x3F, 0x80, 0x00, 0x00, 0xFD,
    0xBF, 0x00, 0x00, 0x0B, 0xF0, 0x00, 0x00, 0x3F, 0x6F, 0xC0, 0x00, 0x02, 0xFC, 0x00, 0x00, 0x0F,
    0xC7, 0xF0, 0x00, 0x00, 0x7F, 0x00, 0x00, 0x07, 0xF1, 0xFD, 0x00, 0x00, 0x0F, 0xD0, 0x00, 0x01,
    0xFC, 0x3F, 0x40, 0x00, 0x07, 0xF8, 0x00, 0x00, 0xBF, 0x0F, 0xE0, 0x00, 0x03, 0xFF, 0x00, 0x00,
    0x2F, 0x82, 0xFC, 0x00, 0x00, 0xFF, 0xC0, 0x00, 0x0F, 0xE0, 0x7F, 0x00, 0x00, 0xBF, 0xF4, 0x00,
    0x03, 0xF4, 0x0F, 0xD0, 0x00, 0x3F, 0xFE, 0x00, 0x01, 0xFC, 0x03, 0xF8, 0x00, 0x1F, 0xEF, 0xC0,
    0x00, 0xBF, 0x00, 0xBF, 0x00, 0x0B, 0xE7, 0xF0, 0x00, 0x3F, 0x80, 0x0F, 0xD0, 0x03, 0xF0, 0xFE,
    0x00, 0x0F, 0xD0, 0x03, 0xF8, 0x01, 0xFC, 0x2F, 0xC0, 0x07, 0xF0, 0x00, 0xBF, 0x00, 0xBD, 0x07,
    0xF0, 0x02, 0xF8, 0x00, 0x0F, 0xD0, 0x3F, 0x00, 0xFE, 0x00, 0xFD, 0x00, 0x02, 0xFC, 0x1F, 0xC0,
    0x1F, 0xC0, 0x7F, 0x00, 0x00, 0x7F, 0x0B, 0xD0, 0x03, 0xF4, 0x3F, 0x80, 0x00, 0x0F, 0xE3, 0xF0,
    0x00, 0xBF, 0x0F, 0xC0, 0x00, 0x01, 0xFD, 0xF8, 0x00, 0x0F, 0xDB, 0xE0, 0x00, 0x00, 0x3F, 0xFD,
    0x00, 0x02, 0xFF, 0xF4, 0x00, 0x00, 0x07, 0xFF, 0x00, 0x00, 0x3F, 0xF8, 0x00, 0x00, 0x00, 0xFF,
    0x80, 0x00, 0x0B, 0xFC, 0x00, 0x00, 0x00, 0x1F, 0xD0, 0x00, 0x00, 0xFE, 0x00, 0x00, 0xFD, 0x00,
    0x01, 0xFC, 0x00, 0x00, 0x7F, 0xFE, 0x00, 0x01, 0xFC, 0x00, 0x00, 0xBF, 0xFE, 0x00, 0x01, 0xFC,
    0x00, 0x00, 0xBF, 0xFE, 0x00, 0x01, 0xFC, 0x00, 0x00, 0xBF, 0xBF, 0x00, 0x00, 0xFD, 0x00, 0x00,
    0xFE, 0x7F, 0x00, 0x00, 0xFD, 0x00, 0x00, 0xFE, 0x7F, 0x00, 0x00, 0xFE, 0x00, 0x00, 0xFD, 0x3F,
    0x40, 0x00, 0xBF, 0x00, 0x01, 0xFC, 0x3F, 0x80, 0x00, 0xFF, 0x00, 0x02, 0xFC, 0x2F, 0xC0, 0x00,
    0xFF, 0x40, 0x03, 0xF8, 0x1F, 0xC0, 0x02, 0xFF, 0x80, 0x03, 0xF4, 0x0F, 0xD0, 0x03, 0xFF, 0xC0,
    0x07, 0xF0, 0x0B, 0xE0, 0x0B, 0xDF, 0xD0, 0x0F, 0xE0, 0x03, 0xF0, 0x0F, 0xCB, 0xE0, 0x0F, 0xC0,
    0x03, 0xF4, 0x2F, 0x43, 0xF0, 0x2F, 0x80, 0x01, 0xFC, 0x3F, 0x03, 0xF4, 0x3F, 0x00, 0x00, 0xFD,
    0x7D, 0x01, 0xF8, 0xBE, 0x00, 0x00, 0x7E, 0xFC, 0x00, 0xFD, 0xFC, 0x00, 0x00, 0x3F, 0xF4, 0x00,
    0x7F, 0xF8, 0x00, 0x00, 0x1F, 0xF0, 0x00, 0x3F, 0xF0, 0x00, 0x00, 0x0F, 0xE0, 0x00, 0x1F, 0xD0,
    0x00, 0x00, 0x1F, 0xC0, 0x00, 0x00, 0x00, 0x00, 0x7F, 0x00, 0x00, 0x00, 0x00, 0x01, 0xFC, 0x00,
    0x00, 0x00, 0x3F, 0xFF, 0xFF, 0xFF, 0xF0, 0x00, 0xFF, 0xFF, 0xFF, 0xFF, 0xC0, 0x03, 0xFF, 0xFF,
    0xFF, 0xFF, 0x00, 0x00, 0x01, 0xFC, 0x00, 0x00, 0x00, 0x00, 0x07, 0xF0, 0x00, 0x00, 0x00, 0x00,
    0x1F, 0xC0, 0x00, 0x00, 0x00, 0x00, 0x7F, 0x00, 0x00, 0x00, 0x00, 0x01, 0xFC, 0x00, 0x00, 0x00,
    0x00, 0x07, 0xFF, 0xFE, 0x90, 0x00, 0x00, 0x1F, 0xFF, 0xFF, 0xFD, 0x00, 0x00, 0x7F, 0xFF, 0xFF,
    0xFF, 0x00, 0x01, 0xFC, 0x00, 0x1B, 0xFE, 0x00, 0x07, 0xF0, 0x00, 0x02, 0xFD, 0x00, 0x1F, 0xC0,
    0x00, 0x03, 0xF8, 0x00, 0x7F, 0x00, 0x00, 0x0B, 0xF0, 0x01, 0xFC, 0x00, 0x00, 0x2F, 0xC0, 0x07,
    0xF0, 0x00, 0x00, 0xBF, 0x00, 0x1F, 0xC0, 0x00, 0x02, 0xFC, 0x00, 0x7F, 0x00, 0x00, 0x0F, 0xE0,
    0x01, 0xFC, 0x00, 0x00, 0xFF, 0x40, 0x07, 0xF0, 0x00, 0x1F, 0xFC, 0x00, 0x1F, 0xFF, 0xFF, 0xFF,
    0xC0, 0x00, 0x7F, 0xFF, 0xFF, 0xF8, 0x00, 0x01, 0xFF, 0xFF, 0xF9, 0x00, 0x00, 0x00, 0x7F, 0x00,
    0x00, 0x00, 0x00, 0x07, 0xF0, 0x00, 0x00, 0x00, 0x00, 0x7F, 0x00, 0x00, 0x00, 0x00, 0x07, 0xF0,
    0x00, 0x00, 0x00, 0xFF, 0xFF, 0xFF, 0xF0, 0x00, 0x0F, 0xFF, 0xFF, 0xFF, 0x00, 0x00, 0xFF, 0xFF,
    0xFF, 0xF0, 0x00, 0x00, 0x07, 0xF0, 0x00, 0x00, 0x00, 0x00, 0x7F, 0x00, 0x00, 0x00, 0x00, 0x07,
    0xF0, 0x00, 0x00, 0x00, 0x00, 0x7F, 0x00, 0x00, 0x00, 0x00, 0x07, 0xF0, 0x00, 0x00, 0x00, 0x00,
    0x7F, 0x00, 0x00, 0x00, 0x00, 0x07, 0xFF, 0xFF, 0xFA, 0x00, 0x00, 0x7F, 0xFF, 0xFF, 0xFE, 0x00,
    0x07, 0xFF, 0xFF, 0xFF, 0xF8, 0x00, 0x7F, 0x00, 0x00, 0x7F, 0xC0, 0x07, 0xF0, 0x00, 0x01, 0xFD,
    0x00, 0x7F, 0x00, 0x00, 0x0F, 0xD0, 0x07, 0xF0, 0x00, 0x00, 0xFD, 0x00, 0x7F, 0x00, 0x00, 0x1F,
    0xD0, 0x07, 0xF0, 0x00, 0x07, 0xFC, 0x00, 0x7F, 0xAA, 0xBF, 0xFF, 0x40, 0x07, 0xFF, 0xFF, 0xFF,
    0xD0, 0x00, 0x7F, 0xFF, 0xFF, 0x90, 0x00, 0xFD, 0x00, 0x00, 0x00, 0x1A, 0xFF, 0xF9, 0x03, 0xF4,
    0x00, 0x00, 0x07, 0xFF, 0xFF, 0xFF, 0x8F, 0xD0, 0x00, 0x00, 0xFF, 0xFF, 0xFF, 0xFE, 0x3F, 0x40,
    0x00, 0x0F, 0xFD, 0x00, 0x02, 0xF0, 0xFD, 0x00, 0x00, 0xFF, 0x80, 0x00, 0x00, 0x03, 0xF4, 0x00,
    0x0B, 0xF4, 0x00, 0x00, 0x00, 0x0F, 0xD0, 0x00, 0x3F, 0x80, 0x00, 0x00, 0x00, 0x3F, 0x40, 0x02,
    0xFC, 0x00, 0x00, 0x00, 0x00, 0xFD, 0x00, 0x0F, 0xE0, 0x00, 0x00, 0x00, 0x03, 0xF4, 0x00, 0x3F,
    0x40, 0x00, 0x00, 0x00, 0x0F, 0xD0, 0x01, 0xFC, 0x00, 0x00, 0x00, 0x00, 0x3F, 0xFF, 0xFF, 0xFF,
    0xFF, 0xFF, 0xFC, 0x00, 0xFF, 0xFF, 0xFF, 0xFF, 0xFF, 0xFF, 0xF0, 0x03, 0xFF, 0xFF, 0xFF, 0xFF,
    0xFF, 0xFF, 0xC0, 0x0F, 0xD0, 0x01, 0xFC, 0x00, 0x00, 0x00, 0x00, 0x3F, 0x40, 0x07, 0xF0, 0x00,
    0x00, 0x00, 0x00, 0xFD, 0x00, 0x1F, 0xC0, 0x00, 0x00, 0x00, 0x03, 0xF4, 0x00, 0x3F, 0x40, 0x00,
    0x00, 0x00, 0x0F, 0xD0, 0x00, 0xFF, 0x00, 0x00, 0x00, 0x00, 0x3F, 0x40, 0x02, 0xFC, 0x00, 0x00,
    0x00, 0x00, 0xFD, 0x00, 0x03, 0xFC, 0x00, 0x00, 0x00, 0x03, 0xF4, 0x00, 0x0B, 0xF8, 0x00, 0x00,
    0x00, 0x0F, 0xD0, 0x00, 0x0F, 0xF8, 0x00, 0x00, 0x00, 0x3F, 0x40, 0x00, 0x1F, 0xFD, 0x00, 0x01,
    0xB0, 0xFD, 0x00, 0x00, 0x1F, 0xFF, 0xFF, 0xFF, 0xC3, 0xF4, 0x00, 0x00, 0x0B, 0xFF, 0xFF, 0xFF,
    0x0F, 0xD0, 0x00, 0x00, 0x01, 0xBF, 0xFF, 0xA4, 0x00, 0xFD, 0x00, 0x00, 0x07, 0xFF, 0xE4, 0xFD,
    0x00, 0x00, 0xBF, 0xFF, 0xFC, 0xFD, 0x00, 0x03, 0xFF, 0xFF, 0xF8, 0xFD, 0x00, 0x0B, 0xF8, 0x00,
    0x14, 0xFD, 0x00, 0x1F, 0xE0, 0x00, 0x00, 0xFD, 0x00, 0x2F, 0xC0, 0x00, 0x00, 0xFD, 0x00, 0x3F,
    0x40, 0x00, 0x00, 0xFD, 0x00, 0x7F, 0x00, 0x00, 0x00, 0xFD, 0x00, 0x7F, 0x00, 0x00, 0x00, 0xFF,
    0xFF, 0xFF, 0xFF, 0xFF, 0xE0, 0xFF, 0xFF, 0xFF, 0xFF, 0xFF, 0xE0, 0xFF, 0xFF, 0xFF, 0xFF, 0xFF,
    0xD0, 0xFD, 0x00, 0x7F, 0x00, 0x00, 0x00, 0xFD, 0x00, 0x7F, 0x00, 0x00, 0x00, 0xFD, 0x00, 0x3F,
    0x40, 0x00, 0x00, 0xFD, 0x00, 0x3F, 0xC0, 0x00, 0x00, 0xFD, 0x00, 0x2F, 0xD0, 0x00, 0x00, 0xFD,
    0x00, 0x0F, 0xF8, 0x00, 0x18, 0xFD, 0x00, 0x03, 0xFF, 0xFF, 0xFC, 0xFD, 0x00, 0x00, 0xBF, 0xFF,
    0xFC, 0xFD, 0x00, 0x00, 0x0B, 0xFF, 0xE4, 0x00, 0x00, 0x01, 0xFF, 0x00, 0x00, 0x00, 0x00, 0x00,
    0x0B, 0xFC, 0x00, 0x00, 0x00, 0x00, 0x00, 0x3F, 0xF8, 0x00, 0x00, 0x00, 0x00, 0x02, 0xFB, 0xF0,
    0x00, 0x00, 0x00, 0x00, 0x0F, 0xCB, 0xD0, 0x00, 0x00, 0x00, 0x00, 0x7F, 0x1F, 0xC0, 0x00, 0x00,
    0x00, 0x03, 0xF4, 0x3F, 0x40, 0x00, 0x00, 0x00, 0x0F, 0xC0, 0xBE, 0x00, 0x00, 0x00, 0x00, 0xBE,
    0x00, 0xFC, 0x00, 0x00, 0x00, 0x03, 0xF0, 0x02, 0xF8, 0x00, 0x00, 0x00, 0x1F, 0xC0, 0x03, 0xF0,
    0x00, 0x00, 0x00, 0xFF, 0xFF, 0xFF, 0xD0, 0x00, 0x00, 0x07, 0xFF, 0xFF, 0xFF, 0xC0, 0x00, 0x00,
    0x2F, 0xFF, 0xFF, 0xFF, 0x00, 0x00, 0x00, 0xFC, 0x0F, 0xD0, 0xBE, 0x00, 0x00, 0x07, 0xF0, 0x3F,
    0x41, 0xFC, 0x00, 0x00, 0x3F, 0x40, 0xFD, 0x03, 0xF4, 0x00, 0x01, 0xFC, 0x03, 0xF4, 0x0B, 0xF0,
    0x00, 0x0B, 0xE0, 0x0F, 0xD0, 0x0F, 0xD0, 0x00, 0x3F, 0x00, 0x3F, 0x40, 0x2F, 0x80, 0x02, 0xFC,
    0x00, 0xFD, 0x00, 0x7F, 0x00, 0x0F, 0xD0, 0x03, 0xF4, 0x00, 0xFD, 0x00, 0x7F, 0x00, 0x0F, 0xD0,
    0x02, 0xFC, 0x03, 0xF8, 0x00, 0x3F, 0x40, 0x03, 0xF4, 0x0F, 0xC0, 0x00, 0xFD, 0x00, 0x0F, 0xE0,
    0xBF, 0x00, 0x03, 0xF4, 0x00, 0x1F, 0xC3, 0xF4, 0x00, 0x0F, 0xD0, 0x00, 0x3F, 0x80, 0x00, 0x00,
    0x3F, 0xF0, 0x00, 0x00, 0x00, 0x00, 0xFF, 0xE0, 0x00, 0x00, 0x00, 0x0B, 0xFF, 0xC0, 0x00, 0x00,
    0x00, 0x3F, 0x7F, 0x40, 0x00, 0x00, 0x01, 0xFC, 0x7F, 0x00, 0x00, 0x00, 0x0F, 0xD0, 0xFD, 0x00,
    0x00, 0x00, 0x3F, 0x02, 0xF8, 0x00, 0x00, 0x02, 0xF8, 0x03, 0xF0, 0x00, 0x00, 0x0F, 0xD0, 0x0F,
    0xD0, 0x00, 0x00, 0x7F, 0xFF, 0xFF, 0xC0, 0x00, 0x03, 0xFF, 0xFF, 0xFF, 0x40, 0x00, 0x0F, 0xFF,
    0xFF, 0xFE, 0x00, 0x00, 0xBE, 0x0F, 0xD1, 0xFC, 0x00, 0x03, 0xF4, 0x3F, 0x43, 0xF8, 0x00, 0x1F,
    0xC0, 0xFD, 0x0B, 0xF0, 0x00, 0xFE, 0x03, 0xF4, 0x0F, 0xD0, 0x03, 0xF0, 0x0F, 0xD0, 0x2F, 0x80,
    0x2F, 0x80, 0x3F, 0x40, 0x7F, 0x00, 0xFD, 0x00, 0xFD, 0x00, 0xFE, 0x07, 0xF0, 0x03, 0xF4, 0x01,
    0xFC, 0x3F, 0x80, 0x0F, 0xD0, 0x03, 0xF4, 0xFD, 0x00, 0x00, 0x00, 0xFF, 0x40, 0x00, 0x00, 0xFD,
    0x00, 0x00, 0x00, 0xFF, 0xC0, 0x00, 0x00, 0xFD, 0x00, 0x00, 0x02, 0xFF, 0xC0, 0x00, 0x00, 0xFD,
    0x00, 0x00, 0x03, 0xFB, 0xE0, 0x00, 0x00, 0xFD, 0x00, 0x00, 0x07, 0xF3, 0xF0, 0x00, 0x00, 0xFD,
    0x00, 0x00, 0x0F, 0xD3, 0xF4, 0x00, 0x00, 0xFD, 0x00, 0x00, 0x0F, 0xC1, 0xFC, 0x00, 0x00, 0xFD,
    0x00, 0x00, 0x2F, 0x80, 0xFD, 0x00, 0x00, 0xFD, 0x00, 0x00, 0x3F, 0x00, 0xBE, 0x00, 0x00, 0xFD,
    0x00, 0x00, 0x7F, 0x00, 0x7F, 0x00, 0x00, 0xFD, 0x00, 0x00, 0xFD, 0x00, 0x3F, 0x40, 0x00, 0xFF,
    0xFF, 0xFF, 0xFF, 0xFF, 0xFF, 0xC0, 0x00, 0xFF, 0xFF, 0xFF, 0xFF, 0xFF, 0xFF, 0xD0, 0x00, 0xFF,
    0xFF, 0xFF, 0xFF, 0xFF, 0xFF, 0xE0, 0x00, 0xFD, 0x00, 0x0B, 0xF0, 0x7F, 0x07, 0xF0, 0x00, 0xFD,
    0x00, 0x0F, 0xD0, 0x7F, 0x03, 0xF8, 0x00, 0xFD, 0x00, 0x1F, 0xC0, 0x7F, 0x01, 0xFC, 0x00, 0xFD,
    0x00, 0x2F, 0x80, 0x7F, 0x00, 0xFD, 0x00, 0xFD, 0x00, 0x3F, 0x40, 0x7F, 0x00, 0xBF, 0x00, 0xFD,
    0x00, 0x7F, 0x00, 0x7F, 0x00, 0x7F, 0x00, 0xFD, 0x00, 0xFE, 0x00, 0x7F, 0x00, 0x3F, 0x80, 0xFD,
    0x01, 0xFC, 0x00, 0x7F, 0x00, 0x2F, 0xC0, 0xFD, 0x02, 0xFC, 0x00, 0x7F, 0x00, 0x0F, 0xD0, 0xFD,
    0x03, 0xF4, 0x00, 0x7F, 0x00, 0x0F, 0xF0, 0xFD, 0x07, 0xF0, 0x00, 0x7F, 0x00, 0x07, 0xF4, 0xFD,
    0x0F, 0xE0, 0x00, 0x7F, 0x00, 0x03, 0xF8, 0xFD, 0x0F, 0xD0, 0x00, 0x7F, 0x00, 0x02, 0xFC, 0xFD,
    0x00, 0x00, 0x3F, 0xF0, 0x00, 0x03, 0xF4, 0x00, 0x02, 0xFF, 0xC0, 0x00, 0x0F, 0xD0, 0x00, 0x0F,
    0xFF, 0x80, 0x00, 0x3F, 0x40, 0x00, 0x7F, 0x3F, 0x00, 0x00, 0xFD, 0x00, 0x02, 0xF4, 0xFD, 0x00,
    0x03, 0xF4, 0x00, 0x0F, 0xC1, 0xFC, 0x00, 0x0F, 0xD0, 0x00, 0x7E, 0x03, 0xF0, 0x00, 0x3F, 0x40,
    0x03, 0xF4, 0x0B, 0xE0, 0x00, 0xFD, 0x00, 0x0F, 0xC0, 0x1F, 0xC0, 0x03, 0xFF, 0xFF, 0xFF, 0xFF,
    0xFF, 0x40, 0x0F, 0xFF, 0xFF, 0xFF, 0xFF, 0xFF, 0x00, 0x3F, 0xFF, 0xFF, 0xFF, 0xFF, 0xFC, 0x00,
    0xFD, 0x00, 0xFD, 0x1F, 0xC2, 0xF8, 0x03, 0xF4, 0x03, 0xF0, 0x7F, 0x07, 0xF0, 0x0F, 0xD0, 0x2F,
    0x81, 0xFC, 0x0F, 0xD0, 0x3F, 0x40, 0xFC, 0x07, 0xF0, 0x2F, 0xC0, 0xFD, 0x07, 0xF0, 0x1F, 0xC0,
    0x3F, 0x43, 0xF4, 0x2F, 0x40, 0x7F, 0x00, 0xBE, 0x0F, 0xD0, 0xFC, 0x01, 0xFC, 0x01, 0xFC, 0x3F,
    0x4B, 0xE0, 0x07, 0xF0, 0x03, 0xF4, 0xFD, 0x3F, 0x40, 0x1F, 0xC0, 0x07, 0xF0, 0x03, 0xFF, 0xFF,
    0xFF, 0xFF, 0xFF, 0xC0, 0x03, 0xFF, 0xFF, 0xFF, 0xFF, 0xFF, 0xC0, 0x03, 0xFF, 0xFF, 0xFF, 0xFF,
    0xFF, 0xC0, 0x00, 0xFE, 0x00, 0x00, 0x00, 0xFF, 0x00, 0x00, 0x3F, 0x40, 0x00, 0x02, 0xFC, 0x00,
    0x00, 0x1F, 0xD0, 0x00, 0x0B, 0xF0, 0x00, 0x00, 0x07, 0xF0, 0x00, 0x2F, 0xD0, 0x00, 0x00, 0x02,
    0xFC, 0x00, 0x7F, 0x40, 0x00, 0x00, 0x00, 0xFF, 0x01, 0xFD, 0x00, 0x00, 0x00, 0x00, 0x3F, 0x83,
    0xF8, 0x00, 0x00, 0x00, 0x00, 0x0F, 0xEF, 0xE0, 0x00, 0x00, 0x00, 0x01, 0xBF, 0xFF, 0xFA, 0x00,
    0x00, 0x00, 0x0F, 0xFF, 0xFF, 0xFF, 0xE0, 0x00, 0x00, 0x3F, 0xFF, 0xFF, 0xFF, 0xF8, 0x00, 0x00,
    0xBF, 0xD0, 0xFD, 0x07, 0xFD, 0x00, 0x00, 0xFF, 0x00, 0xFD, 0x00, 0xFF, 0x00, 0x01, 0xFD, 0x00,
    0xFD, 0x00, 0x7F, 0x00, 0x03, 0xFC, 0x00, 0xFD, 0x00, 0x3F, 0x80, 0x03, 0xF8, 0x00, 0xFD, 0x00,
    0x2F, 0xC0, 0x07, 0xF4, 0x00, 0xFD, 0x00, 0x1F, 0xC0, 0x0B, 0xF0, 0x00, 0xFD, 0x00, 0x0F, 0xE0,
    0x0F, 0xE0, 0x00, 0xFD, 0x00, 0x0F, 0xF0, 0x0F, 0xD0, 0x00, 0xFD, 0x00, 0x07, 0xF0, 0x1F, 0xC0,
    0x00, 0xFD, 0x00, 0x03, 0xF4, 0x3F, 0xC0, 0x00, 0xFD, 0x00, 0x03, 0xF8, 0x3F, 0x80, 0x00, 0xFD,
    0x00, 0x02, 0xFC, 0x7F, 0x40, 0x00, 0xFD, 0x00, 0x00, 0xFD, 0x03, 0xFF, 0xFF, 0xFF, 0xFF, 0xF0,
    0x00, 0xFF, 0xFF, 0xFF, 0xFF, 0xFC, 0x00, 0x2F, 0xFF, 0xFF, 0xFF, 0xFE, 0x00, 0x02, 0xF8, 0x00,
    0x00, 0xFE, 0x00, 0x00, 0x3F, 0x40, 0x00, 0xFE, 0x00, 0x00, 0x03, 0xF4, 0x00, 0xBE, 0x00, 0x00,
    0x00, 0x3F, 0x40, 0xBF, 0x00, 0x00, 0x00, 0x07, 0xF0, 0xBF, 0x00, 0x00, 0x00, 0x00, 0xBF, 0xBF,
    0x40, 0x00, 0x00, 0x02, 0xFF, 0xFF, 0xFE, 0x00, 0x00, 0x03, 0xFF, 0xFF, 0xFF, 0xF0, 0x00, 0x03,
    0xFD, 0x2F, 0xC6, 0xFE, 0x00, 0x01, 0xFC, 0x07, 0xF0, 0x1F, 0xC0, 0x00, 0xBE, 0x01, 0xFC, 0x03,
    0xF8, 0x00, 0x3F, 0x00, 0x7F, 0x00, 0x7F, 0x00, 0x1F, 0xC0, 0x1F, 0xC0, 0x0F, 0xD0, 0x0F, 0xD0,
    0x07, 0xF0, 0x02, 0xF8, 0x03, 0xF0, 0x01, 0xFC, 0x00, 0x7F, 0x02, 0xF8, 0x00, 0x7F, 0x00, 0x0F,
    0xD0, 0xFD, 0x00, 0x1F, 0xC0, 0x02, 0xFC, 0x3F, 0x00, 0x07, 0xF0, 0x00, 0x3F, 0x00, 0xFD, 0x00,
    0x3F, 0xFF, 0xFF, 0xFF, 0xFF, 0xFC, 0x0F, 0xD0, 0x03, 0xFF, 0xFF, 0xFF, 0xFF, 0xFF, 0xC0, 0xFD,
    0x00, 0x3F, 0xFF, 0xFF, 0xFF, 0xFF, 0xFC, 0x0F, 0xD0, 0x00, 0xFE, 0x00, 0x00, 0x00, 0xFF, 0x00,
    0xFD, 0x00, 0x03, 0xF4, 0x00, 0x00, 0x2F, 0xC0, 0x0F, 0xD0, 0x00, 0x1F, 0xD0, 0x00, 0x0B, 0xF0,
    0x00, 0xFD, 0x00, 0x00, 0xBF, 0x00, 0x01, 0xFD, 0x00, 0x0F, 0xD0, 0x00, 0x02, 0xFC, 0x00, 0x7F,
    0x40, 0x00, 0xFD, 0x00, 0x00, 0x0F, 0xE0, 0x0F, 0xD0, 0x00, 0x0F, 0xD0, 0x00, 0x00, 0x3F, 0x83,
    0xF8, 0x00, 0x00, 0xFD, 0x00, 0x00, 0x01, 0xFD, 0xFE, 0x00, 0x00, 0x0F, 0xFF, 0xFF, 0xFF, 0xFF,
    0xFF, 0xFA, 0x00, 0x00, 0xFF, 0xFF, 0xFF, 0xFF, 0xFF, 0xFF, 0xFE, 0x00, 0x0F, 0xFF, 0xFF, 0xFF,
    0xFF, 0xFF, 0xFF, 0xF8, 0x00, 0xFD, 0x00, 0x03, 0xFD, 0x0F, 0xD0, 0x7F, 0xD0, 0x0F, 0xD0, 0x00,
    0xFF, 0x00, 0xFD, 0x00, 0xFF, 0x00, 0xFD, 0x00, 0x1F, 0xC0, 0x0F, 0xD0, 0x07, 0xF0, 0x0F, 0xD0,
    0x02, 0xFC, 0x00, 0xFD, 0x00, 0x3F, 0x80, 0xFD, 0x00, 0x3F, 0x40, 0x0F, 0xD0, 0x02, 0xFC, 0x0F,
    0xD0, 0x03, 0xF0, 0x00, 0xFD, 0x00, 0x1F, 0xC0, 0xFD, 0x00, 0xBF, 0x00, 0x0F, 0xD0, 0x00, 0xFE,
    0x0F, 0xD0, 0x0F, 0xE0, 0x00, 0xFD, 0x00, 0x0B, 0xF0, 0xFD, 0x00, 0xFD, 0x00, 0x0F, 0xD0, 0x00,
    0x7F, 0x0F, 0xD0, 0x1F, 0xC0, 0x00, 0xFD, 0x00, 0x03, 0xF4, 0xFD, 0x02, 0xFC, 0x00, 0x0F, 0xD0,
    0x00, 0x2F, 0x8F, 0xD0, 0x3F, 0x40, 0x00, 0xFD, 0x00, 0x01, 0xFC, 0xFD, 0x07, 0xF0, 0x00, 0x0F,
    0xD0, 0x00, 0x0F, 0xD0, 0xFD, 0x03, 0xFF, 0xFF, 0xFF, 0xFF, 0xF0, 0x3F, 0x40, 0xFF, 0xFF, 0xFF,
    0xFF, 0xFC, 0x0F, 0xD0, 0x2F, 0xFF, 0xFF, 0xFF, 0xFE, 0x03, 0xF4, 0x02, 0xFC, 0x00, 0x00, 0xBE,
    0x00, 0xFD, 0x00, 0x3F, 0x80, 0x00, 0x7F, 0x00, 0x3F, 0x40, 0x03, 0xF8, 0x00, 0x7F, 0x00, 0x0F,
    0xD0, 0x00, 0x3F, 0x80, 0x3F, 0x40, 0x03, 0xF4, 0x00, 0x03, 0xF4, 0x3F, 0x40, 0x00, 0xFD, 0x00,
    0x00, 0x7F, 0x7F, 0x80, 0x00, 0x3F, 0xFF, 0xFF, 0xFF, 0xFF, 0xF9, 0x00, 0x0F, 0xFF, 0xFF, 0xFF,
    0xFF, 0xFF, 0xE0, 0x03, 0xFF, 0xFF, 0xFF, 0x9F, 0xE6, 0xFE, 0x00, 0xFD, 0x00, 0xFE, 0x03, 0xF4,
    0x1F, 0xC0, 0x3F, 0x40, 0x7F, 0x00, 0xFD, 0x02, 0xF8, 0x0F, 0xD0, 0x3F, 0x40, 0x3F, 0x40, 0x7F,
    0x03, 0xF4, 0x0F, 0xC0, 0x0F, 0xD0, 0x0F, 0xD0, 0xFD, 0x07, 0xE0, 0x03, 0xF4, 0x02, 0xF8, 0x3F,
    0x43, 0xF4, 0x00, 0xFD, 0x00, 0x3F, 0x0F, 0xD0, 0xFC, 0x00, 0x3F, 0x40, 0x0F, 0xD3, 0xF4, 0xBD,
    0x00, 0x0F, 0xD0, 0x01, 0xFC, 0xFD, 0x3F, 0x00, 0x03, 0xF4, 0x00, 0x3F, 0x00, 0x03, 0xF0, 0x00,
    0x2F, 0x80, 0x07, 0xF0, 0x07, 0xFE, 0x00, 0x0B, 0xF0, 0x3F, 0xF8, 0x00, 0x0B, 0xF3, 0xF8, 0x00,
    0x00, 0x0F, 0xFF, 0x80, 0x00, 0x00, 0x1F, 0xFD, 0x00, 0x00, 0x1F, 0xFF, 0xFF, 0x80, 0x0B, 0xFF,
    0xFF, 0xFF, 0xD0, 0x7F, 0xF5, 0x01, 0xBF, 0xD0, 0xB8, 0x00, 0x00, 0x7F, 0xC0, 0x00, 0x00, 0x00,
    0x7F, 0x40, 0x00, 0x00, 0x00, 0xFD, 0x00, 0x00, 0x00, 0x03, 0xF4, 0x00, 0x00, 0x00, 0x0F, 0xD0,
    0x00, 0x00, 0x00, 0xBF, 0x00, 0x00, 0x00, 0x0B, 0xF4, 0x00, 0x00, 0x02, 0xFF, 0x40, 0x0B, 0xFF,
    0xFF, 0xE0, 0x00, 0x3F, 0xFF, 0xF8, 0x00, 0x00, 0xFF, 0xFF, 0xFF, 0x40, 0x00, 0x00, 0x06, 0xFF,
    0xC0, 0x00, 0x00, 0x00, 0x7F, 0xC0, 0x00, 0x00, 0x00, 0x3F, 0x80, 0x00, 0x00, 0x00, 0xBF, 0x00,
    0x00, 0x00, 0x02, 0xFC, 0x00, 0x00, 0x00, 0x0B, 0xF0, 0x00, 0x00, 0x00, 0x2F, 0xC0, 0x00, 0x00,
    0x00, 0xFE, 0x00, 0x00, 0x00, 0x0B, 0xF4, 0x00, 0x00, 0x01, 0xFF, 0x80, 0x06, 0xBF, 0xFF, 0xF8,
    0x02, 0xFF, 0xFF, 0xFF, 0x40, 0x3F, 0xFF, 0xFF, 0x90, 0x02, 0xFE, 0x40, 0x00, 0x00, 0x0F, 0xE0,
    0x00, 0x00, 0x00, 0x3F, 0x80, 0x00, 0x00, 0x00, 0xFF, 0x00, 0x00, 0x00, 0x01, 0xFF, 0xFF, 0xFF,
    0xFE, 0x42, 0xFF, 0xFF, 0xFF, 0xFF, 0x00, 0xBF, 0xFF, 0xFF, 0xFC, 0x00, 0x00, 0x00, 0x00, 0x20,
    0x0B, 0xD0, 0x01, 0xFD, 0x00, 0xFC, 0x01, 0xFF, 0x40, 0x0F, 0xC1, 0xFF, 0xD0, 0x01, 0xFC, 0xFD,
    0x00, 0x00, 0x2F, 0xFD, 0x00, 0x00, 0x6F, 0xFF, 0x40, 0x01, 0xFF, 0xFF, 0xFD, 0x00, 0x7F, 0xFF,
    0xFF, 0xD0, 0x0F, 0x40, 0x07, 0xFC, 0x00, 0x00, 0x00, 0x7F, 0x40, 0x00, 0x00, 0x0F, 0xD0, 0x00,
    0x00, 0x03, 0xF4, 0x00, 0x00, 0x02, 0xFC, 0x00, 0x00, 0x06, 0xFD, 0x00, 0x03, 0xFF, 0xF8, 0x00,
    0x00, 0xFF, 0xFD, 0x00, 0x00, 0x3F, 0xFF, 0xF4, 0x00, 0x00, 0x00, 0xBF, 0x80, 0x00, 0x00, 0x07,
    0xF0, 0x00, 0x00, 0x00, 0xFD, 0x00, 0x00, 0x00, 0x3F, 0x40, 0x00, 0x00, 0x1F, 0xD0, 0x00, 0x00,
    0x2F, 0xF0, 0x06, 0xBF, 0xFF, 0xF4, 0x1F, 0xFF, 0xFF, 0xF4, 0x0F, 0xFF, 0xFF, 0x90, 0x0B, 0xF8,
    0x00, 0x00, 0x03, 0xF8, 0x00, 0x00, 0x00, 0xFE, 0x00, 0x00, 0x00, 0x3F, 0xD0, 0x00, 0x00, 0x07,
    0xFF, 0xFF, 0xFF, 0xE0, 0xBF, 0xFF, 0xFF, 0xFC, 0x02, 0xBF, 0xFF, 0xFF, 0x00, 0x00, 0x00, 0x00,
    0x00, 0xFD, 0x00, 0x07, 0xF0, 0x00, 0x7F, 0xFD, 0x00, 0x07, 0xF0, 0x00, 0x7F, 0xFD, 0x00, 0x07,
    0xF0, 0x00, 0x7F, 0xFD, 0x00, 0x07, 0xF0, 0x00, 0x7F, 0xFD, 0x00, 0x07, 0xF0, 0x00, 0x7F, 0xFD,
    0x00, 0x07, 0xF0, 0x00, 0x7F, 0xFD, 0x00, 0x07, 0xF0, 0x00, 0x7F, 0xFD, 0x00, 0x07, 0xF0, 0x00,
    0x7F, 0xFD, 0x00, 0x07, 0xF0, 0x00, 0x7F, 0xFE, 0x00, 0x07, 0xF0, 0x00, 0xBF, 0xFE, 0x00, 0x07,
    0xF0, 0x00, 0xBF, 0xFE, 0x00, 0x07, 0xF0, 0x00, 0xBF, 0xBF, 0x00, 0x07, 0xF0, 0x00, 0xFE, 0x7F,
    0x40, 0x07, 0xF0, 0x01, 0xFD, 0x3F, 0xC0, 0x07, 0xF0, 0x03, 0xFC, 0x1F, 0xE0, 0x07, 0xF0, 0x0B,
    0xF8, 0x0B, 0xFD, 0x07, 0xF0, 0x7F, 0xF0, 0x02, 0xFF, 0xFF, 0xFF, 0xFF, 0xC0, 0x00, 0x7F, 0xFF,
    0xFF, 0xFE, 0x00, 0x00, 0x02, 0xBF, 0xFE, 0x90, 0x00, 0x00, 0x00, 0x07, 0xF0, 0x00, 0x00, 0x00,
    0x00, 0x07, 0xF0, 0x00, 0x00, 0x00, 0x00, 0x07, 0xF0, 0x00, 0x00, 0x00, 0x00, 0x07, 0xF0, 0x00,
    0x00, 0x00, 0x00, 0x07, 0xF0, 0x00, 0x00, 0x00, 0x00, 0x07, 0xF0, 0x00, 0x00, 0x00, 0x00, 0x07,
    0xF0, 0x00, 0x00, 0x00, 0x00, 0x0A, 0x80, 0x00, 0x00, 0x00, 0x00, 0x7F, 0x00, 0x00, 0x00, 0x00,
    0x01, 0xFC, 0x00, 0x00, 0x00, 0x00, 0x07, 0xF0, 0x00, 0x00, 0x00, 0x00, 0x1F, 0xC0, 0x00, 0x00,
    0x00, 0x00, 0x7F, 0x00, 0x00, 0x00, 0x00, 0x01, 0xFC, 0x00, 0x00, 0x00, 0x00, 0x07, 0xF0, 0x00,
    0x00, 0x00, 0x00, 0x1F, 0xC0, 0x00, 0x03, 0xF4, 0x00, 0x7F, 0x00, 0x3F, 0x4F, 0xD0, 0x01, 0xFC,
    0x00, 0xFE, 0x3F, 0x40, 0x07, 0xF0, 0x02, 0xFC, 0xFD, 0x00, 0x1F, 0xC0, 0x07, 0xF3, 0xF4, 0x00,
    0x7F, 0x00, 0x1F, 0xCF, 0xD0, 0x01, 0xFC, 0x00, 0x3F, 0x3F, 0x40, 0x07, 0xF0, 0x00, 0xFD, 0xFD,
    0x00, 0x1F, 0xC0, 0x03, 0xF7, 0xF4, 0x00, 0x7F, 0x00, 0x0F, 0xDF, 0xD0, 0x01, 0xFC, 0x00, 0x3F,
    0x7F, 0x40, 0x07, 0xF0, 0x00, 0xFD, 0xFE, 0x00, 0x1F, 0xC0, 0x03, 0xF7, 0xF8, 0x00, 0x7F, 0x00,
    0x0F, 0xDF, 0xE0, 0x01, 0xFC, 0x00, 0x7F, 0x2F, 0xC0, 0x07, 0xF0, 0x03, 0xFC, 0x7F, 0x40, 0x1F,
    0xC0, 0x1F, 0xE0, 0xFF, 0x00, 0x7F, 0x00, 0xFF, 0x01, 0xFF, 0x81, 0xFC, 0x2F, 0xF4, 0x02, 0xFF,
    0xFF, 0xFF, 0xFF, 0x80, 0x01, 0xFF, 0xFF, 0xFF, 0xF4, 0x00, 0x00, 0x6F, 0xFF, 0xF9, 0x00, 0x00,
    0x00, 0x01, 0xFC, 0x00, 0x00, 0x00, 0x00, 0x07, 0xF0, 0x00, 0x00, 0x00, 0x00, 0x1F, 0xC0, 0x00,
    0x00, 0x00, 0x00, 0x7F, 0x00, 0x00, 0x00, 0x00, 0x01, 0xFC, 0x00, 0x00, 0x00, 0x00, 0x07, 0xF0,
    0x00, 0x00, 0x00, 0x00, 0x1F, 0xC0, 0x00, 0x00, 0x00, 0x00, 0x7F, 0x00, 0x00, 0x00, 0x00, 0x01,
    0xFC, 0x00, 0x00, 0x00, 0x00, 0x01, 0xBF, 0xFE, 0x40, 0x00, 0x00, 0x07, 0xFF, 0xFF, 0xFE, 0x00,
    0x00, 0x0B, 0xFF, 0xFF, 0xFF, 0xF0, 0x00, 0x0F, 0xFD, 0x00, 0x02, 0xFF, 0x00, 0x0B, 0xF8, 0x00,
    0x00, 0x0F, 0xF0, 0x03, 0xF4, 0x00, 0x00, 0x00, 0xFE, 0x02, 0xFC, 0x00, 0x00, 0x00, 0x1F, 0xC0,
    0xFD, 0x00, 0x00, 0x00, 0x03, 0xF8, 0x7F, 0x00, 0x00, 0x00, 0x00, 0x7F, 0x2F, 0x80, 0x00, 0x00,
    0x00, 0x0F, 0xCF, 0xE0, 0x00, 0x00, 0x00, 0x03, 0xF7, 0xFF, 0xFF, 0xFF, 0xFF, 0xFF, 0xFD, 0xFF,
    0xFF, 0xFF, 0xFF, 0xFF, 0xFF, 0x7F, 0xFF, 0xFF, 0xFF, 0xFF, 0xFF, 0xDF, 0xD0, 0x00, 0x00, 0x00,
    0x03, 0xF7, 0xF8, 0x00, 0x00, 0x00, 0x00, 0xFD, 0xFE, 0x00, 0x00, 0x00, 0x00, 0x3F, 0x6F, 0xC0,
    0x00, 0x00, 0x00, 0x1F, 0xC7, 0xF0, 0x00, 0x00, 0x00, 0x0B, 0xF0, 0xFE, 0x00, 0x00, 0x00, 0x03,
    0xF8, 0x2F, 0xC0, 0x00, 0x00, 0x02, 0xFC, 0x03, 0xFC, 0x00, 0x00, 0x01, 0xFE, 0x00, 0xBF, 0x80,
    0x00, 0x01, 0xFF, 0x00, 0x0B, 0xFD, 0x00, 0x06, 0xFF, 0x00, 0x00, 0xBF, 0xFF, 0xFF, 0xFF, 0x00,
    0x00, 0x07, 0xFF, 0xFF, 0xFE, 0x00, 0x00, 0x00, 0x1B, 0xFF, 0xE4, 0x00, 0x00, 0x00, 0x1B, 0xFF,
    0x40, 0x00, 0x03, 0xFF, 0xFF, 0xD0, 0x00, 0x7F, 0xFF, 0xFF, 0xE0, 0x03, 0xFD, 0x00, 0x2F, 0xE0,
    0x2F, 0xC0, 0x00, 0x2F, 0xC0, 0xFD, 0x00, 0x00, 0x3F, 0x8B, 0xF0, 0x00, 0x00, 0x7F, 0x2F, 0x80,
    0x00, 0x00, 0xFC, 0xFE, 0x00, 0x00, 0x03, 0xF7, 0xFF, 0xFF, 0xFF, 0xFF, 0xDF, 0xFF, 0xFF, 0xFF,
    0xFF, 0x7F, 0xFF, 0xFF, 0xFF, 0xFD, 0xFE, 0x00, 0x00, 0x03, 0xF6, 0xF8, 0x00, 0x00, 0x0F, 0xC7,
    0xF0, 0x00, 0x00, 0x7F, 0x0F, 0xD0, 0x00, 0x03, 0xF8, 0x2F, 0xC0, 0x00, 0x1F, 0xC0, 0x3F, 0xD0,
    0x02, 0xFE, 0x00, 0x3F, 0xFF, 0xFF, 0xE0, 0x00, 0x3F, 0xFF, 0xFE, 0x00, 0x00, 0x1B, 0xFF, 0x40,
    0x00, 0xFF, 0x00, 0x00, 0x00, 0x00, 0xBF, 0xDF, 0xC0, 0x00, 0x00, 0x00, 0xFF, 0xF3, 0xF4, 0x00,
    0x00, 0x00, 0xBF, 0xFC, 0xBF, 0x00, 0x00, 0x00, 0x3F, 0x80, 0x1F, 0xC0, 0x00, 0x00, 0x2F, 0xC0,
    0x03, 0xF8, 0x00, 0x00, 0x0F, 0xD0, 0x00, 0xBF, 0x00, 0x00, 0x07, 0xF0, 0x00, 0x1F, 0xC0, 0x00,
    0x02, 0xF8, 0x00, 0x03, 0xF8, 0x00, 0x00, 0xFD, 0x00, 0x00, 0xBF, 0x00, 0x00, 0x7F, 0x00, 0x00,
    0x0F, 0xD0, 0x00, 0x2F, 0xC0, 0x00, 0x03, 0xF8, 0x00, 0x0F, 0xD0, 0x00, 0x00, 0x7F, 0x00, 0x03,
    0xF0, 0x00, 0x00, 0x0F, 0xD0, 0x02, 0xFC, 0x00, 0x00, 0x03, 0xF8, 0x00, 0xFE, 0x00, 0x00, 0x00,
    0x7F, 0x00, 0x3F, 0x00, 0x00, 0x00, 0x0F, 0xD0, 0x1F, 0xC0, 0x00, 0x00, 0x02, 0xFC, 0x0F, 0xE0,
    0x00, 0x00, 0x00, 0x7F, 0x03, 0xF4, 0x00, 0x00, 0x00, 0x0F, 0xD1, 0xFC, 0x00, 0x00, 0x00, 0x02,
    0xFC, 0xBE, 0x00, 0x00, 0x00, 0x00, 0x7F, 0x3F, 0x40, 0x00, 0x00, 0x00, 0x0F, 0xEF, 0xC0, 0x00,
    0x00, 0x00, 0x02, 0xFF, 0xE0, 0x00, 0x00, 0x00, 0x00, 0x3F, 0xF4, 0x00, 0x00, 0x00, 0x00, 0x0F,
    0xFC, 0x00, 0x00, 0x00, 0x00, 0x01, 0xFE, 0x00, 0x00, 0x00, 0x3F, 0x40, 0x00, 0x00, 0x2F, 0xCB,
    0xF0, 0x00, 0x00, 0x3F, 0xF1, 0xFC, 0x00, 0x00, 0x2F, 0xFC, 0x3F, 0x80, 0x00, 0x0F, 0xD0, 0x0B,
    0xF0, 0x00, 0x07, 0xF0, 0x00, 0xFC, 0x00, 0x02, 0xF4, 0x00, 0x3F, 0x80, 0x00, 0xFC, 0x00, 0x07,
    0xF0, 0x00, 0x7F, 0x00, 0x00, 0xFC, 0x00, 0x2F, 0x80, 0x00, 0x3F, 0x80, 0x0F, 0xC0, 0x00, 0x07,
    0xF0, 0x03, 0xF0, 0x00, 0x00, 0xFC, 0x02, 0xF8, 0x00, 0x00, 0x2F, 0x80, 0xFD, 0x00, 0x00, 0x07,
    0xF0, 0x3F, 0x00, 0x00, 0x00, 0xFD, 0x1F, 0x80, 0x00, 0x00, 0x2F, 0x8B, 0xD0, 0x00, 0x00, 0x07,
    0xF3, 0xF0, 0x00, 0x00, 0x00, 0xFD, 0xFC, 0x00, 0x00, 0x00, 0x2F, 0xFD, 0x00, 0x00, 0x00, 0x03,
    0xFF, 0x00, 0x00, 0x00, 0x00, 0xFF, 0xC0, 0x00, 0x00, 0x02, 0xFD, 0x0F, 0xF0, 0x00, 0x00, 0x00,
    0x3F, 0xC1, 0xFD, 0x00, 0x00, 0x00, 0x03, 0xF4, 0x1F, 0xC0, 0x00, 0x00, 0x00, 0x3F, 0x02, 0xF4,
    0x00, 0x00, 0x00, 0x07, 0xE0, 0x2F, 0x00, 0x00, 0x00, 0x00, 0x7C, 0x02, 0xE0, 0x00, 0x00, 0x00,
    0x00, 0x00, 0x00, 0x00, 0x00, 0x00, 0x00, 0x00, 0x00, 0x00, 0x00, 0x00, 0x00, 0x00, 0x00, 0x00,
    0x00, 0x3F, 0xC0, 0x00, 0x00, 0x00, 0x2F, 0xF7, 0xF0, 0x00, 0x00, 0x00, 0x3F, 0xFC, 0xFD, 0x00,
    0x00, 0x00, 0x2F, 0xFF, 0x2F, 0xC0, 0x00, 0x00, 0x0F, 0xE0, 0x07, 0xF0, 0x00, 0x00, 0x0B, 0xF0,
    0x00, 0xFE, 0x00, 0x00, 0x03, 0xF4, 0x00, 0x2F, 0xC0, 0x00, 0x01, 0xFC, 0x00, 0x07, 0xF0, 0x00,
    0x00, 0xBE, 0x00, 0x00, 0xFE, 0x00, 0x00, 0x3F, 0x40, 0x00, 0x2F, 0xC0, 0x00, 0x1F, 0xC0, 0x00,
    0x03, 0xF4, 0x00, 0x0B, 0xF0, 0x00, 0x00, 0xFE, 0x00, 0x03, 0xF4, 0x00, 0x00, 0x1F, 0xC0, 0x00,
    0xFC, 0x00, 0x00, 0x03, 0xF4, 0x00, 0xBF, 0x00, 0x00, 0x00, 0xFE, 0x00, 0x3F, 0x80, 0x00, 0x00,
    0x1F, 0xC0, 0x0F, 0xC0, 0x00, 0x00, 0x03, 0xF4, 0x07, 0xF0, 0x00, 0x00, 0x00, 0xBF, 0x03, 0xF8,
    0x00, 0x00, 0x00, 0x1F, 0xC0, 0xFD, 0x00, 0x00, 0x00, 0x03, 0xF4, 0x7F, 0x00, 0x00, 0x00, 0x00,
    0xBF, 0x2F, 0x80, 0x00, 0x00, 0x00, 0x1F, 0xCF, 0xD0, 0x00, 0x00, 0x00, 0x03, 0xFB, 0xF0, 0x00,
    0x00, 0x00, 0x00, 0xBF, 0xF8, 0x00, 0x00, 0x00, 0x00, 0x0F, 0xFD, 0x00, 0x00, 0x00, 0x00, 0x03,
    0xFF, 0x00, 0x00, 0x00, 0x00, 0x00, 0x7F, 0x80, 0x00, 0x00, 0x0B, 0xF0, 0x3F, 0x80, 0x00, 0x00,
    0xFE, 0x07, 0xF0, 0x00, 0x00, 0x1F, 0xC0, 0xBE, 0x00, 0x00, 0x01, 0xF8, 0x0B, 0xD0, 0x00, 0x00,
    0x1F, 0x40, 0xFC, 0x00, 0x00, 0x01, 0xF0, 0x0B, 0x80, 0x00, 0x00, 0x00, 0x00, 0x00, 0x00, 0x00,
    0x00, 0x00, 0x00, 0x00, 0x3F, 0x40, 0x00, 0x00, 0x2F, 0xCB, 0xF0, 0x00, 0x00, 0x3F, 0xF1, 0xFC,
    0x00, 0x00, 0x2F, 0xFC, 0x3F, 0x80, 0x00, 0x0F, 0xD0, 0x0B, 0xF0, 0x00, 0x07, 0xF0, 0x00, 0xFC,
    0x00, 0x02, 0xF4, 0x00, 0x3F, 0x80, 0x00, 0xFC, 0x00, 0x07, 0xF0, 0x00, 0x7F, 0x00, 0x00, 0xFC,
    0x00, 0x2F, 0x80, 0x00, 0x3F, 0x80, 0x0F, 0xC0, 0x00, 0x07, 0xF0, 0x03, 0xF0, 0x00, 0x00, 0xFC,
    0x02, 0xF8, 0x00, 0x00, 0x2F, 0x80, 0xFD, 0x00, 0x00, 0x07, 0xF0, 0x3F, 0x00, 0x00, 0x00, 0xFD,
    0x1F, 0x80, 0x00, 0x00, 0x2F, 0x8B, 0xD0, 0x00, 0x00, 0x07, 0xF3, 0xF0, 0x00, 0x00, 0x00, 0xFD,
    0xFC, 0x00, 0x00, 0x00, 0x2F, 0xFD, 0x00, 0x00, 0x00, 0x03, 0xFF, 0x00, 0x00, 0x00, 0x00, 0xFF,
    0xC0, 0x00, 0x00, 0x00, 0x01, 0xBF, 0xF9, 0x00, 0x00, 0x00, 0x00, 0x00, 0x00, 0x00, 0x00, 0x2F,
    0xFF, 0xFF, 0xE0, 0x00, 0x00, 0x00, 0x00, 0x00, 0x00, 0x00, 0xFF, 0xFF, 0xFF, 0xFC, 0x00, 0x00,
    0x00, 0x00, 0x00, 0x00, 0x03, 0xFF, 0x40, 0x06, 0xFF, 0x00, 0x00, 0x00, 0x00, 0x00, 0x00, 0x0B,
    0xF4, 0x00, 0x00, 0x7F, 0x80, 0x00, 0x00, 0x00, 0x00, 0x00, 0x1F, 0xE0, 0x00, 0x00, 0x1F, 0xD0,
    0x00, 0x00, 0x00, 0x00, 0x00, 0x3F, 0xC0, 0x00, 0x00, 0x0F, 0xE0, 0xBF, 0x00, 0x00, 0x01, 0xFC,
    0x3F, 0x40, 0x00, 0x00, 0x07, 0xF0, 0x3F, 0x00, 0x00, 0x03, 0xF8, 0x7F, 0x00, 0x00, 0x00, 0x03,
    0xF4, 0x3F, 0x80, 0x00, 0x03, 0xF4, 0xBF, 0x00, 0x00, 0x00, 0x03, 0xF8, 0x1F, 0xC0, 0x00, 0x07,
    0xF0, 0xFE, 0x00, 0x00, 0x00, 0x02, 0xFC, 0x0F, 0xD0, 0x00, 0x0F, 0xE0, 0xFE, 0x00, 0x00, 0x00,
    0x02, 0xFC, 0x0B, 0xE0, 0x00, 0x0F, 0xC0, 0xFE, 0x00, 0x00, 0x00, 0x02, 0xFC, 0x07, 0xF0, 0x00,
    0x2F, 0xC0, 0xFD, 0x00, 0x00, 0x00, 0x01, 0xFC, 0x03, 0xF4, 0x00, 0x3F, 0x40, 0xFE, 0x00, 0x00,
    0x00, 0x02, 0xFC, 0x01, 0xFC, 0x00, 0x3F, 0x00, 0xFE, 0x00, 0x00, 0x00, 0x02, 0xFC, 0x00, 0xFC,
    0x00, 0xBE, 0x00, 0xFE, 0x00, 0x00, 0x00, 0x02, 0xFC, 0x00, 0xBE, 0x00, 0xFD, 0x00, 0xBF, 0x00,
    0x00, 0x00, 0x03, 0xF8, 0x00, 0x7F, 0x00, 0xFC, 0x00, 0x7F, 0x00, 0x00, 0x00, 0x03, 0xF4, 0x00,
    0x3F, 0x42, 0xF8, 0x00, 0x3F, 0x40, 0x00, 0x00, 0x07, 0xF0, 0x00, 0x2F, 0x83, 0xF4, 0x00, 0x3F,
    0xC0, 0x00, 0x00, 0x0F, 0xE0, 0x00, 0x0F, 0xC3, 0xF0, 0x00, 0x1F, 0xE0, 0x00, 0x00, 0x2F, 0xC0,
    0x00, 0x0F, 0xDB, 0xE0, 0x00, 0x0B, 0xF8, 0x00, 0x00, 0x7F, 0x80, 0x00, 0x07, 0xEF, 0xC0, 0x00,
    0x03, 0xFF, 0x40, 0x06, 0xFF, 0x00, 0x00, 0x03, 0xFF, 0xC0, 0x00, 0x00, 0xFF, 0xFF, 0xFF, 0xFC,
    0x00, 0x00, 0x02, 0xFF, 0x40, 0x00, 0x00, 0x2F, 0xFF, 0xFF, 0xE0, 0x00, 0x00, 0x00, 0xFF, 0x00,
    0x00, 0x00, 0x01, 0xBF, 0xF9, 0x00, 0x00, 0x00, 0x00, 0xFE, 0x00, 0x00, 0x00, 0x00, 0x00, 0x00,
    0x00, 0x00, 0x00, 0x00, 0xFD, 0x00, 0x00, 0x00, 0x00, 0x00, 0x00, 0x00, 0x00, 0x00, 0x01, 0xFC,
    0x00, 0x00, 0x00, 0x00, 0x00, 0x00, 0x00, 0x00, 0x00, 0x03, 0xF8, 0x00, 0x00, 0x00, 0x00, 0x00,
    0x00, 0x00, 0x00, 0x00, 0x07, 0xF0, 0x00, 0x00, 0x00, 0x00, 0x00, 0x00, 0x00, 0x00, 0x00, 0x0F,
    0xF0, 0x00, 0x00, 0x00, 0x00, 0x00, 0x00, 0x00, 0x00, 0x00, 0x3F, 0xC0, 0x00, 0x00, 0x00, 0x00,
    0x00, 0x00, 0x00, 0x00, 0x7F, 0xFF, 0x80, 0x00, 0x00, 0x00, 0x00, 0x00, 0x00, 0x00, 0x00, 0xBF,
    0xFE, 0x00, 0x00, 0x00, 0x00, 0x00, 0x00, 0x00, 0x00, 0x00, 0x7F, 0xE0, 0x00, 0x00, 0x00, 0x00,
    0x1B, 0xFF, 0x40, 0x00, 0xFF, 0x00, 0x00, 0x02, 0xFC, 0x00, 0xFF, 0xFF, 0xF4, 0x00, 0x7F, 0x00,
    0x00, 0x03, 0xF8, 0x07, 0xFF, 0xFF, 0xFE, 0x00, 0x3F, 0x80, 0x00, 0x03, 0xF4, 0x0F, 0xF4, 0x00,
    0xFF, 0x80, 0x2F, 0xC0, 0x00, 0x0B, 0xF0, 0x2F, 0xC0, 0x00, 0x2F, 0xC0, 0x0F, 0xD0, 0x00, 0x0F,
    0xE0, 0x3F, 0x40, 0x00, 0x0F, 0xE0, 0x0F, 0xE0, 0x00, 0x1F, 0xC0, 0xBF, 0x00, 0x00, 0x0B, 0xF0,
    0x07, 0xF0, 0x00, 0x2F, 0xC0, 0xBF, 0x00, 0x00, 0x07, 0xF0, 0x03, 0xF4, 0x00, 0x3F, 0x40, 0xFE,
    0x00, 0x00, 0x03, 0xF4, 0x02, 0xFC, 0x00, 0x7F, 0x00, 0xFE, 0x00, 0x00, 0x03, 0xF4, 0x00, 0xFC,
    0x00, 0xBE, 0x00, 0xFD, 0x00, 0x00, 0x03, 0xF4, 0x00, 0xFE, 0x00, 0xFD, 0x00, 0xFE, 0x00, 0x00,
    0x03, 0xF4, 0x00, 0x7F, 0x01, 0xFC, 0x00, 0xFE, 0x00, 0x00, 0x03, 0xF4, 0x00, 0x3F, 0x42, 0xF8,
    0x00, 0xBF, 0x00, 0x00, 0x07, 0xF0, 0x00, 0x2F, 0x83, 0xF4, 0x00, 0x7F, 0x00, 0x00, 0x0B, 0xF0,
    0x00, 0x0F, 0xC7, 0xF0, 0x00, 0x3F, 0x80, 0x00, 0x0F, 0xE0, 0x00, 0x0F, 0xCB, 0xE0, 0x00, 0x2F,
    0xC0, 0x00, 0x2F, 0xC0, 0x00, 0x07, 0xEF, 0xC0, 0x00, 0x0F, 0xF4, 0x00, 0xFF, 0x80, 0x00, 0x03,
    0xFF, 0xC0, 0x00, 0x03, 0xFF, 0xFF, 0xFE, 0x00, 0x00, 0x02, 0xFF, 0x40, 0x00, 0x00, 0xFF, 0xFF,
    0xF8, 0x00, 0x00, 0x00, 0xFF, 0x00, 0x00, 0x00, 0x1B, 0xFF, 0x40, 0x00, 0x00, 0x00, 0xFE, 0x00,
    0x00, 0x00, 0x00, 0x00, 0x00, 0x00, 0x00, 0x00, 0xFD, 0x00, 0x00, 0x00, 0x00, 0x00, 0x00, 0x00,
    0x00, 0x01, 0xFC, 0x00, 0x00, 0x00, 0x00, 0x00, 0x00, 0x00, 0x00, 0x03, 0xF8, 0x00, 0x00, 0x00,
    0x00, 0x00, 0x00, 0x00, 0x00, 0x07, 0xF0, 0x00, 0x00, 0x00, 0x00, 0x00, 0x00, 0x00, 0x00, 0x0F,
    0xE0, 0x00, 0x00, 0x00, 0x00, 0x00, 0x00, 0x00, 0x00, 0x3F, 0xC0, 0x00, 0x00, 0x00, 0x00, 0x00,
    0x00, 0x00, 0x7F, 0xFF, 0x40, 0x00, 0x00, 0x00, 0x00, 0x00, 0x00, 0x00, 0xBF, 0xFE, 0x00, 0x00,
    0x00, 0x00, 0x00, 0x00, 0x00, 0x00, 0x7F, 0xE0, 0x00, 0x00, 0x00, 0x00, 0x00, 0x02, 0xF8, 0x00,
    0x00, 0x00, 0x00, 0x00, 0x7F, 0xD0, 0x00, 0x00, 0x00, 0x00, 0xBF, 0xFF, 0xE0, 0x00, 0x00, 0x00,
    0xBF, 0xFF, 0xFF, 0xE0, 0x00, 0x00, 0x7F, 0xFF, 0xFF, 0xFF, 0xD0, 0x00, 0x1F, 0xFE, 0xBF, 0xEB,
    0xFF, 0x40, 0x07, 0xFE, 0x02, 0xF8, 0x07, 0xFC, 0x00, 0xFF, 0x40, 0x00, 0x00, 0x1F, 0xF0, 0x1F,
    0xD0, 0x00, 0x00, 0x00, 0x7F, 0x43, 0xFC, 0x00, 0x00, 0x00, 0x03, 0xFC, 0x7F, 0x40, 0x00, 0x00,
    0x00, 0x1F, 0xCB, 0xF0, 0x00, 0x00, 0x00, 0x00, 0xFD, 0xBF, 0x00, 0x00, 0x00, 0x00, 0x0F, 0xEF,
    0xE0, 0x00, 0x00, 0x00, 0x00, 0xBF, 0xFE, 0x00, 0x00, 0x00, 0x00, 0x0B, 0xFF, 0xE0, 0x00, 0x00,
    0x00, 0x00, 0x7F, 0xFE, 0x00, 0x00, 0x00, 0x00, 0x0B, 0xFF, 0xE0, 0x00, 0x00, 0x00, 0x00, 0xBF,
    0xFE, 0x00, 0x00, 0x00, 0x00, 0x0B, 0xFB, 0xF0, 0x00, 0x00, 0x00, 0x00, 0xFE, 0x7F, 0x00, 0x00,
    0x00, 0x00, 0x0F, 0xD3, 0xF4, 0x00, 0x00, 0x00, 0x01, 0xFC, 0x3F, 0xC0, 0x00, 0x00, 0x00, 0x3F,
    0xC1, 0xFE, 0x00, 0x00, 0x00, 0x0B, 0xF4, 0x0F, 0xF4, 0x00, 0x00, 0x01, 0xFF, 0x00, 0x3F, 0xE0,
    0x2F, 0x80, 0xBF, 0xC0, 0x01, 0xFF, 0xEB, 0xFE, 0xBF, 0xF4, 0x00, 0x07, 0xFF, 0xFF, 0xFF, 0xFD,
    0x00, 0x00, 0x0B, 0xFF, 0xFF, 0xFE, 0x00, 0x00, 0x00, 0x06, 0xFF, 0xF9, 0x00, 0x00, 0x00, 0x00,
    0x07, 0xFD, 0x00, 0x00, 0x00, 0x00, 0x00, 0x2F, 0x80, 0x00, 0x00, 0x00, 0x00, 0x7E, 0x00, 0x00,
    0x00, 0x00, 0x3F, 0xE0, 0x00, 0x00, 0x01, 0xFF, 0xFF, 0x80, 0x00, 0x03, 0xFF, 0xFF, 0xFD, 0x00,
    0x07, 0xFE, 0xFF, 0xFF, 0xE0, 0x03, 0xFC, 0x1F, 0xC2, 0xFD, 0x02, 0xFC, 0x00, 0x00, 0x2F, 0xC0,
    0xFD, 0x00, 0x00, 0x03, 0xF8, 0x7F, 0x00, 0x00, 0x00, 0xBF, 0x2F, 0xC0, 0x00, 0x00, 0x1F, 0xCF,
    0xE0, 0x00, 0x00, 0x03, 0xF7, 0xF8, 0x00, 0x00, 0x00, 0xFD, 0xFD, 0x00, 0x00, 0x00, 0x3F, 0x7F,
    0x80, 0x00, 0x00, 0x0F, 0xDF, 0xE0, 0x00, 0x00, 0x03, 0xF6, 0xFC, 0x00, 0x00, 0x01, 0xFC, 0x7F,
    0x00, 0x00, 0x00, 0xBF, 0x0F, 0xD0, 0x00, 0x00, 0x3F, 0x82, 0xFC, 0x00, 0x00, 0x2F, 0xC0, 0x3F,
    0xC1, 0xFC, 0x2F, 0xE0, 0x03, 0xFF, 0xFF, 0xFF, 0xE0, 0x00, 0x3F, 0xFF, 0xFF, 0xE0, 0x00, 0x01,
    0xBF, 0xFF, 0x80, 0x00, 0x00, 0x03, 0xFE, 0x00, 0x00, 0x00, 0x00, 0x7E, 0x00, 0x00, 0x00, 0x00,
    0x00, 0x00, 0x7F, 0xD0, 0x00, 0x00, 0x00, 0x00, 0x00, 0x00, 0x1F, 0xFF, 0xF4, 0x00, 0x00, 0x00,
    0x00, 0x00, 0x03, 0xFF, 0xFF, 0xFF, 0x00, 0x00, 0x00, 0x00, 0x00, 0x3D, 0x01, 0xFF, 0xF0, 0x00,
    0x00, 0x00, 0x00, 0x03, 0xC1, 0x90, 0x6E, 0x00, 0x00, 0x00, 0x00, 0x00, 0x00, 0x3F, 0x00, 0x00,
    0x00, 0x00, 0x00, 0x00, 0x00, 0x03, 0xF4, 0x00, 0x00, 0x00, 0x00, 0x00, 0x00, 0x00, 0x0F, 0x40,
    0x00, 0x00, 0x00, 0x00, 0x00, 0x00, 0x00, 0xF4, 0x00, 0x00, 0x00, 0x00, 0x00, 0x00, 0x00, 0x1F,
    0x00, 0x00, 0x00, 0x00, 0x00, 0x00, 0x00, 0x07, 0xC0, 0x00, 0x00, 0x00, 0x00, 0x00, 0x00, 0x00,
    0x50, 0x00, 0x00, 0x00, 0x00, 0x00, 0x00, 0x00, 0x00, 0x00, 0x00, 0x00, 0x00, 0x00, 0x00, 0x6F,
    0xF8, 0x00, 0x06, 0xFF, 0x90, 0x00, 0x00, 0x7F, 0xFF, 0xF8, 0x03, 0xFF, 0xFF, 0xD0, 0x00, 0x1F,
    0xFF, 0xFF, 0x80, 0x3F, 0xFF, 0xFF, 0x40, 0x07, 0xFD, 0x00, 0x74, 0x01, 0xD0, 0x07, 0xFD, 0x00,
    0xFF, 0x00, 0x00, 0x00, 0x00, 0x00, 0x0F, 0xF0, 0x2F, 0xD0, 0x00, 0x00, 0x00, 0x00, 0x00, 0x7F,
    0x43, 0xFC, 0x00, 0x00, 0x00, 0x00, 0x00, 0x03, 0xFC, 0x7F, 0x40, 0x00, 0x00, 0x00, 0x00, 0x00,
    0x1F, 0xCB, 0xF0, 0x00, 0x00, 0x00, 0x00, 0x00, 0x00, 0xFD, 0xBF, 0x00, 0x00, 0x00, 0x00, 0x00,
    0x00, 0x0F, 0xEF, 0xE0, 0x00, 0x00, 0x00, 0x00, 0x00, 0x00, 0xBF, 0xFE, 0x00, 0x00, 0x00, 0x00,
    0x00, 0x00, 0x0B, 0xFF, 0xE0, 0x00, 0x00, 0x00, 0x00, 0x00, 0x00, 0xBF, 0xFD, 0x00, 0x00, 0x00,
    0x00, 0x00, 0x00, 0x07, 0xFF, 0xE0, 0x00, 0x00, 0x15, 0x00, 0x00, 0x00, 0xBF, 0xFE, 0x00, 0x00,
    0x03, 0xF4, 0x00, 0x00, 0x0B, 0xFF, 0xE0, 0x00, 0x00, 0x3F, 0x40, 0x00, 0x00, 0xBF, 0xBF, 0x00,
    0x00, 0x03, 0xF4, 0x00, 0x00, 0x0F, 0xE7, 0xF0, 0x00, 0x00, 0x3F, 0x40, 0x00, 0x00, 0xFD, 0x3F,
    0x40, 0x00, 0x03, 0xF4, 0x00, 0x00, 0x2F, 0xC3, 0xFC, 0x00, 0x00, 0x3F, 0x40, 0x00, 0x03, 0xFC,
    0x1F, 0xE0, 0x00, 0x03, 0xF4, 0x00, 0x00, 0xBF, 0x40, 0xFF, 0x40, 0x00, 0x3F, 0x80, 0x00, 0x2F,
    0xE0, 0x03, 0xFE, 0x00, 0x1F, 0xFF, 0x40, 0x1F, 0xFC, 0x00, 0x1F, 0xFF, 0xFF, 0xFF, 0xFF, 0xFF,
    0xFF, 0x00, 0x00, 0x3F, 0xFF, 0xFE, 0x1F, 0xFF, 0xFF, 0x80, 0x00, 0x00, 0x6F, 0xFE, 0x00, 0x1B,
    0xFF, 0x80, 0x00, 0x00, 0x00, 0x06, 0xE4, 0x00, 0x00, 0x00, 0x00, 0x00, 0x03, 0xFF, 0xF4, 0x00,
    0x00, 0x00, 0x00, 0x00, 0xBF, 0xFF, 0xF9, 0x00, 0x00, 0x00, 0x00, 0x0F, 0xC1, 0xBF, 0xFF, 0x00,
    0x00, 0x00, 0x00, 0xF4, 0x00, 0xBF, 0xF0, 0x00, 0x00, 0x00, 0x0F, 0x00, 0xB0, 0x6F, 0x00, 0x00,
    0x00, 0x00, 0x00, 0x1F, 0xC0, 0x00, 0x00, 0x00, 0x00, 0x00, 0x00, 0xFC, 0x00, 0x00, 0x00, 0x00,
    0x00, 0x00, 0x07, 0xC0, 0x00, 0x00, 0x00, 0x00, 0x00, 0x00, 0xB8, 0x00, 0x00, 0x00, 0x00, 0x00,
    0x00, 0x2E, 0x00, 0x00, 0x00, 0x00, 0x00, 0x00, 0x02, 0x40, 0x00, 0x00, 0x00, 0x00, 0x00, 0x00,
    0x00, 0x00, 0x00, 0x00, 0x00, 0x00, 0x00, 0x00, 0x00, 0x00, 0x00, 0x00, 0x00, 0x1F, 0xFE, 0x00,
    0x06, 0xFF, 0x80, 0x00, 0x1F, 0xFF, 0xFC, 0x01, 0xFF, 0xFF, 0x40, 0x07, 0xFF, 0xFF, 0x00, 0x0F,
    0xFF, 0xFC, 0x00, 0xFE, 0x00, 0x50, 0x00, 0x50, 0x1F, 0xF0, 0x3F, 0xC0, 0x00, 0x00, 0x00, 0x00,
    0x7F, 0x43, 0xF4, 0x00, 0x00, 0x00, 0x00, 0x03, 0xFC, 0xBF, 0x00, 0x00, 0x00, 0x00, 0x00, 0x1F,
    0xCB, 0xE0, 0x00, 0x00, 0x00, 0x00, 0x00, 0xFD, 0xFE, 0x00, 0x00, 0x00, 0x00, 0x00, 0x0F, 0xDF,
    0xE0, 0x00, 0x00, 0x00, 0x00, 0x00, 0xFD, 0xFD, 0x00, 0x00, 0x1A, 0x80, 0x00, 0x0F, 0xDF, 0xE0,
    0x00, 0x01, 0xFC, 0x00, 0x00, 0xFD, 0xFE, 0x00, 0x00, 0x1F, 0xC0, 0x00, 0x0F, 0xDF, 0xF0, 0x00,
    0x01, 0xFC, 0x00, 0x01, 0xFD, 0xBF, 0x00, 0x00, 0x1F, 0xC0, 0x00, 0x2F, 0xC3, 0xF8, 0x00, 0x01,
    0xFC, 0x00, 0x03, 0xFC, 0x3F, 0xD0, 0x00, 0x3F, 0xD0, 0x00, 0xBF, 0x40, 0xFF, 0x40, 0x1F, 0xFF,
    0x80, 0x2F, 0xF0, 0x07, 0xFF, 0xFF, 0xFE, 0xFF, 0xFF, 0xFC, 0x00, 0x1F, 0xFF, 0xFE, 0x07, 0xFF,
    0xFF, 0x00, 0x00, 0x1B, 0xFE, 0x40, 0x0B, 0xFE, 0x40, 0x00, 0x00, 0x00, 0x3F, 0xFF, 0xFF, 0xFF,
    0x00, 0x00, 0x00, 0x00, 0x0B, 0xFF, 0xFF, 0xFF, 0x80, 0x00, 0x00, 0x00, 0x00, 0xE0, 0x2D, 0x03,
    0xC0, 0x00, 0x00, 0x00, 0x00, 0x30, 0x03, 0x00, 0x60, 0x00, 0x00, 0x00, 0x00, 0x00, 0x00, 0x00,
    0x00, 0x00, 0x00, 0x00, 0x00, 0x00, 0x00, 0x00, 0x00, 0x00, 0x00, 0x00, 0x00, 0x00, 0x00, 0x00,
    0x00, 0x00, 0x00, 0x03, 0xF4, 0x00, 0x00, 0x3F, 0x40, 0x00, 0x00, 0xFD, 0xFE, 0x00, 0x00, 0x0F,
    0xE0, 0x00, 0x00, 0x3F, 0x7F, 0x80, 0x00, 0x03, 0xF8, 0x00, 0x00, 0x0F, 0xDF, 0xE0, 0x00, 0x00,
    0xFE, 0x00, 0x00, 0x03, 0xF6, 0xFC, 0x00, 0x00, 0x2F, 0xC0, 0x00, 0x00, 0xFD, 0xBF, 0x00, 0x00,
    0x0B, 0xF0, 0x00, 0x00, 0x3F, 0x1F, 0xC0, 0x00, 0x01, 0xFC, 0x00, 0x00, 0x1F, 0xC7, 0xF4, 0x00,
    0x00, 0x3F, 0x40, 0x00, 0x07, 0xF0, 0xFD, 0x00, 0x00, 0x1F, 0xE0, 0x00, 0x02, 0xFC, 0x3F, 0x80,
    0x00, 0x0F, 0xFC, 0x00, 0x00, 0xBE, 0x0B, 0xF0, 0x00, 0x03, 0xFF, 0x00, 0x00, 0x3F, 0x81, 0xFC,
    0x00, 0x01, 0xFF, 0xD0, 0x00, 0x0F, 0xD0, 0x3F, 0x40, 0x00, 0xFF, 0xF8, 0x00, 0x07, 0xF0, 0x0F,
    0xF0, 0x00, 0x3F, 0xBF, 0x00, 0x02, 0xFC, 0x01, 0xFC, 0x00, 0x2F, 0x9F, 0xC0, 0x00, 0xFE, 0x00,
    0x3F, 0x40, 0x0F, 0xC3, 0xF4, 0x00, 0x3F, 0x40, 0x0F, 0xE0, 0x07, 0xF0, 0xBF, 0x00, 0x1F, 0xC0,
    0x01, 0xFC, 0x02, 0xF4, 0x1F, 0xC0, 0x0B, 0xE0, 0x00, 0x3F, 0x40, 0xFC, 0x03, 0xF8, 0x03, 0xF4,
    0x00, 0x0B, 0xF0, 0x7F, 0x00, 0x7F, 0x01, 0xFC, 0x00, 0x01, 0xFD, 0x2F, 0x40, 0x0F, 0xD0, 0xFE,
    0x00, 0x00, 0x3F, 0x8F, 0xC0, 0x02, 0xFC, 0x3F, 0x00, 0x00, 0x07, 0xF7, 0xF0, 0x00, 0x3F, 0x6F,
    0x80, 0x00, 0x00, 0xFF, 0xF4, 0x00, 0x0B, 0xFF, 0xC0, 0x00, 0x00, 0x1F, 0xFC, 0x00, 0x00, 0xFF,
    0xE0, 0x00, 0x00, 0x03, 0xFE, 0x00, 0x00, 0x2F, 0xF0, 0x00, 0x00, 0x00, 0x7F, 0x40, 0x00, 0x03,
    0xF8, 0x00, 0x00, 0x00, 0x0F, 0xFF, 0xFF, 0xFF, 0xC0, 0x00, 0x00, 0x0B, 0xFF, 0xFF, 0xFF, 0x80,
    0x00, 0x00, 0x03, 0x80, 0x74, 0x0B, 0x00, 0x00, 0x00, 0x01, 0x00, 0x20, 0x01, 0x00, 0x00, 0x00,
    0x00, 0x00, 0x00, 0x00, 0x00, 0x00, 0x00, 0x00, 0x00, 0x00, 0x00, 0x00, 0x00, 0xFD, 0x00, 0x01,
    0xFC, 0x00, 0x00, 0xBF, 0xFE, 0x00, 0x01, 0xFC, 0x00, 0x00, 0xBF, 0xFE, 0x00, 0x01, 0xFC, 0x00,
    0x00, 0xBF, 0xFE, 0x00, 0x01, 0xFC, 0x00, 0x00, 0xBF, 0xBF, 0x00, 0x00, 0xFD, 0x00, 0x00, 0xFE,
    0xBF, 0x00, 0x00, 0xFD, 0x00, 0x00, 0xFE, 0x7F, 0x00, 0x00, 0xFE, 0x00, 0x00, 0xFD, 0x3F, 0x40,
    0x00, 0xBF, 0x00, 0x01, 0xFC, 0x3F, 0x80, 0x00, 0xFF, 0x00, 0x02, 0xFC, 0x2F, 0xC0, 0x01, 0xFF,
    0x40, 0x03, 0xF8, 0x1F, 0xC0, 0x02, 0xFF, 0x80, 0x03, 0xF0, 0x0F, 0xD0, 0x03, 0xFF, 0xC0, 0x0B,
    0xF0, 0x0B, 0xE0, 0x0B, 0xDF, 0xC0, 0x0F, 0xD0, 0x07, 0xF0, 0x0F, 0xCB, 0xE0, 0x1F, 0xC0, 0x03,
    0xF4, 0x2F, 0x43, 0xF0, 0x2F, 0x80, 0x01, 0xF8, 0x3F, 0x03, 0xF0, 0x3F, 0x00, 0x00, 0xFC, 0xBD,
    0x01, 0xF8, 0xFE, 0x00, 0x00, 0xBE, 0xFC, 0x00, 0xFD, 0xFC, 0x00, 0x00, 0x3F, 0xF4, 0x00, 0x7F,
    0xF4, 0x00, 0x00, 0x2F, 0xF0, 0x00, 0x3F, 0xF0, 0x00, 0x00, 0x0F, 0xD0, 0x00, 0x1F, 0xC0, 0x00,
    0x00, 0x00, 0x6F, 0xFF, 0xE4, 0x00, 0x01, 0xFF, 0xFF, 0xFF, 0xE0, 0x03, 0xFF, 0xFF, 0xFF, 0xF4,
    0x07, 0xFF, 0x40, 0x00, 0x7C, 0x03, 0xFD, 0x00, 0x00, 0x00, 0x03, 0xFD, 0x00, 0x00, 0x00, 0x01,
    0xFD, 0x00, 0x00, 0x00, 0x00, 0xFF, 0x00, 0x00, 0x00, 0x00, 0x3F, 0x40, 0x00, 0x00, 0x00, 0x2F,
    0xC0, 0x00, 0x00, 0x00, 0x0B, 0xF0, 0x00, 0x00, 0x00, 0x03, 0xF8, 0x00, 0x00, 0x00, 0x00, 0xFE,
    0x00, 0x00, 0x00, 0x00, 0x3F, 0x40, 0x00, 0x00, 0x00, 0x0F, 0xE0, 0x00, 0x00, 0x00, 0x03, 0xF8,
    0x00, 0x00, 0x00, 0x00, 0xFE, 0x00, 0x00, 0x00, 0x00, 0x2F, 0xC0, 0x00, 0x00, 0x00, 0x07, 0xF0,
    0x00, 0x00, 0x00, 0x00, 0xFE, 0x00, 0x00, 0x00, 0x00, 0x2F, 0xC0, 0x00, 0x00, 0x00, 0x03, 0xFC,
    0x00, 0x00, 0x00, 0x00, 0xBF, 0xC0, 0x00, 0x00, 0x00, 0x0B, 0xFE, 0x40, 0x00, 0x00, 0x00, 0xBF,
    0xFF, 0xFF, 0x40, 0x00, 0x03, 0xFF, 0xFF, 0xD0, 0x00, 0x00, 0x06, 0xFF, 0xF4, 0x00, 0x00, 0x00,
    0x00, 0xFD, 0x00, 0x00, 0x00, 0x00, 0x3F, 0x40, 0x00, 0x00, 0x00, 0x0F, 0xD0, 0x00, 0x00, 0x00,
    0x03, 0xF4, 0x00, 0x00, 0x00, 0x00, 0xFD, 0x00, 0x00, 0x00, 0x00, 0x3F, 0x40, 0x00, 0x00, 0x00,
    0x0F, 0xD0, 0x00, 0x00, 0x00, 0x03, 0xF4, 0x00, 0x00, 0x00, 0x00, 0xFD, 0x00, 0x00, 0x1B, 0xFF,
    0x90, 0x00, 0xFF, 0xFF, 0xFC, 0x07, 0xFF, 0xFF, 0xF8, 0x0F, 0xF4, 0x00, 0x60, 0x2F, 0xC0, 0x00,
    0x00, 0x3F, 0x40, 0x00, 0x00, 0xBF, 0x00, 0x00, 0x00, 0xBF, 0x00, 0x00, 0x00, 0xFE, 0x00, 0x00,
    0x00, 0xFE, 0x00, 0x00, 0x00, 0xFD, 0x00, 0x00, 0x00, 0xFE, 0x00, 0x00, 0x00, 0xFE, 0x00, 0x00,
    0x00, 0xFF, 0x00, 0x00, 0x00, 0xBF, 0x00, 0x00, 0x00, 0x7F, 0x40, 0x00, 0x00, 0x3F, 0xC0, 0x00,
    0x00, 0x1F, 0xF4, 0x00, 0x40, 0x0B, 0xFF, 0xFF, 0xC0, 0x01, 0xFF, 0xFF, 0xC0, 0x00, 0x1B, 0xFF,
    0xC0, 0x00, 0x00, 0x1F, 0xC0, 0x00, 0x00, 0x1F, 0xC0, 0x00, 0x00, 0x1F, 0xC0, 0x00, 0x00, 0x1F,
    0xC0, 0x00, 0x00, 0x1F, 0xC0, 0x00, 0x00, 0x1F, 0xC0, 0x00, 0x00, 0x1F, 0xC0, 0x00, 0x00, 0x1F,
    0xC0, 0x00, 0x00, 0x1F, 0xC0, 0x00, 0x00, 0x00, 0x00, 0x00, 0x00, 0x00, 0x00, 0x02, 0x80, 0x00,
    0x00, 0x00, 0x03, 0xE0, 0x00, 0x00, 0x00, 0x0B, 0xC0, 0x00, 0x07, 0x80, 0x1F, 0x80, 0x00, 0x0F,
    0xF4, 0x3F, 0x00, 0x00, 0x07, 0xFE, 0xBE, 0x00, 0x00, 0x00, 0x7F, 0xFC, 0x00, 0x00, 0x00, 0x0B,
    0xFD, 0x00, 0x00, 0x00, 0x03, 0xFF, 0xC0, 0x00, 0x00, 0x0B, 0xEF, 0xF8, 0x00, 0x00, 0x0F, 0x82,
    0xFE, 0x04, 0x00, 0x3F, 0x00, 0x3C, 0x1E, 0x00, 0x7E, 0x00, 0x00, 0x3F, 0xE0, 0xFC, 0x00, 0x00,
    0x0B, 0xFE, 0xF4, 0x00, 0x00, 0x00, 0xFF, 0xF0, 0x00, 0x00, 0x00, 0x1F, 0xF8, 0x00, 0x00, 0x00,
    0x0F, 0xFF, 0x40, 0x00, 0x00, 0x3F, 0x7F, 0xF0, 0x00, 0x00, 0x7E, 0x07, 0xF8, 0x00, 0x00, 0xFC,
    0x00, 0xB0, 0x00, 0x01, 0xF8, 0x00, 0x00, 0x00, 0x03, 0xF0, 0x00, 0x00, 0x00, 0x00, 0xD0, 0x00,
    0x00, 0x00, 0x00, 0x00, 0x00, 0x00, 0x00, 0x00, 0x00, 0x07, 0xC0, 0x00, 0x00, 0xFD, 0xBF, 0xFF,
    0xFF, 0xDF, 0xFF, 0xFF, 0xFC, 0xFD, 0x00, 0x00, 0x07, 0xC0, 0x00, 0x00, 0x00, 0x01, 0xBE, 0x00,
    0x01, 0xBF, 0xFF, 0x43, 0xFF, 0xFF, 0xFF, 0x1F, 0xFF, 0x90, 0xBC, 0x7F, 0x90, 0x00, 0xF0, 0x3E,
    0x3F, 0xCF, 0xD3, 0xC0, 0x78, 0x07, 0xD0, 0x14, 0x7D, 0x2F, 0xC3, 0xF0, 0x3C, 0x2E, 0x3E, 0x08,
    0x00, 0x0B, 0xE4, 0x00, 0x03, 0xFF, 0xF9, 0x00, 0xBF, 0xFF, 0xFF, 0xDF, 0x80, 0xBF, 0xFD, 0xF0,
    0x00, 0x2B, 0xD0, 0x00, 0x00, 0x00, 0x00, 0x01, 0xB9, 0x00, 0x00, 0x00, 0x00, 0x00, 0x00, 0x00,
    0x00, 0x00, 0x3F, 0xFF, 0x00, 0x00, 0x00, 0x00, 0x00, 0x00, 0x00, 0x00, 0x01, 0xFF, 0xFE, 0x00,
    0x00, 0x00, 0x00, 0x00, 0x00, 0x00, 0x00, 0x0F, 0x40, 0x7C, 0x00, 0x00, 0x00, 0x00, 0x00, 0x00,
    0x00, 0x00, 0x38, 0x00, 0xB0, 0x00, 0x00, 0x00, 0x00, 0x00, 0x00, 0x00, 0x00, 0x00, 0x00, 0x00,
    0x00, 0x00, 0x00, 0x00, 0x00, 0x00, 0x00, 0x00, 0x00, 0x00, 0x00, 0x00, 0x00, 0x00, 0x00, 0x01,
    0xFF, 0x40, 0x00, 0x00, 0x00, 0x00, 0x2F, 0xE0, 0x00, 0x00, 0x2F, 0xFF, 0x40, 0x00, 0x00, 0x00,
    0x03, 0xFF, 0xF0, 0x00, 0x00, 0xFF, 0xFF, 0x00, 0x00, 0x00, 0x00, 0x3F, 0xFF, 0xD0, 0x00, 0x07,
    0x40, 0x2D, 0x00, 0x00, 0x00, 0x00, 0xF0, 0x07, 0xC0, 0x00, 0x18, 0x00, 0x24, 0x00, 0x00, 0x00,
    0x02, 0x40, 0x0A, 0x00, 0x00, 0x00, 0x00, 0x00, 0x00, 0x00, 0x00, 0x00, 0x00, 0x00, 0x00, 0x00,
    0x00, 0x00, 0x00, 0x00, 0x00, 0x00, 0x00, 0x00, 0x00, 0x00, 0x00, 0x00, 0x00, 0x00, 0x00, 0x00,
    0x00, 0x00, 0x00, 0x00, 0x00, 0x00, 0x00, 0x00, 0x00, 0x00, 0x00, 0x00, 0x00, 0x00, 0x00, 0x00,
    0x00, 0x00, 0x00, 0x00, 0x00, 0x00, 0x00, 0x00, 0x00, 0x00, 0x00, 0x00, 0x00, 0x00, 0x00, 0x00,
    0x00, 0x00, 0x00, 0x00, 0x00, 0x7F, 0xD0, 0x00, 0x00, 0x00, 0x00, 0x00, 0x00, 0x0B, 0xF8, 0x0B,
    0xFF, 0xE0, 0x00, 0x00, 0x00, 0x00, 0x00, 0x00, 0xFF, 0xFC, 0x3F, 0xFF, 0xC0, 0x00, 0x00, 0x00,
    0x00, 0x00, 0x0B, 0xFF, 0xF9, 0xE0, 0x0B, 0x80, 0x00, 0x00, 0x00, 0x00, 0x00, 0x3C, 0x00, 0xF6,
    0x00, 0x09, 0x00, 0x00, 0x00, 0x00, 0x00, 0x00, 0x90, 0x01, 0x80, 0x00, 0x00, 0x00, 0x00, 0x00,
    0x00, 0x00, 0x00, 0x00, 0x00, 0x00, 0x00, 0x00, 0x00, 0x00, 0x00, 0x00, 0x00, 0x00, 0x00, 0x00,
    0x00, 0x00, 0x00, 0x00, 0x00, 0x00, 0x00, 0x00, 0x00, 0x00, 0x00, 0x00, 0x00, 0x00, 0x00, 0x00,
    0x00, 0x00, 0x00, 0x00, 0x00, 0x00, 0x00, 0x00, 0x00, 0x00, 0x00, 0x00, 0x00, 0x00, 0x00, 0x00,
    0x00, 0x00, 0x00, 0x00, 0x00, 0x00, 0x00, 0x00, 0x00, 0x00, 0x00, 0x00, 0x1F, 0xF4, 0x00, 0x00,
    0x00, 0x00, 0x02, 0xFE, 0x00, 0x00, 0x02, 0xFF, 0xF4, 0x00, 0x00, 0x00, 0x00, 0x7F, 0xFF, 0x00,
    0x00, 0x0F, 0xFF, 0xF0, 0x00, 0x00, 0x00, 0x03, 0xFF, 0xFD, 0x00, 0x00, 0xB4, 0x02, 0xD0, 0x00,
    0x00, 0x00, 0x0F, 0x00, 0x7C, 0x00, 0x01, 0x80, 0x02, 0x40, 0x00, 0x00, 0x00, 0x24, 0x00, 0x60,
    0x00, 0x00, 0x00, 0x00, 0x00, 0x00, 0x00, 0x00, 0x00, 0x00, 0x00, 0x00, 0x00, 0x00, 0x00, 0x00,
    0x6E, 0x40, 0x00, 0x00, 0x00, 0x00, 0x00, 0x00, 0x00, 0x00, 0x0F, 0xFF, 0xC0, 0x00, 0x00, 0x00,
    0x00, 0x00, 0x00, 0x00, 0x00, 0x7F, 0xFF, 0x80, 0x00, 0x00, 0x00, 0x00, 0x00, 0x00, 0x00, 0x03,
    0xD0, 0x1F, 0x00, 0x00, 0x00, 0x00, 0x00, 0x00, 0x00, 0x00, 0x0F, 0x00, 0x2C, 0x00, 0x00, 0x00,
    0x00, 0x00, 0x00, 0x00, 0x00, 0x00, 0x78, 0x00, 0x00, 0x00, 0x00, 0x00, 0x00, 0x00, 0x00, 0x00,
    0x3E, 0x00, 0x00, 0x00, 0x00, 0x00, 0x00, 0x00, 0x00, 0x00, 0x0F, 0x40, 0x00, 0x00, 0x00, 0x00,
    0x00, 0x00, 0x00, 0x00, 0x0B, 0xC0, 0x00, 0x00, 0x00, 0x00, 0x00, 0x00, 0x00, 0x00, 0x03, 0xF0,
    0x00, 0x00, 0x00, 0x00, 0x00, 0x00, 0x80, 0x00, 0x00, 0xFC, 0x00, 0x00, 0x00, 0x00, 0x00, 0x00,
    0x7C, 0x00, 0x00, 0xBE, 0x00, 0x00, 0x00, 0x00, 0x00, 0x00, 0x0F, 0x40, 0x00, 0x2F, 0x40, 0x00,
    0x00, 0x74, 0x00, 0x00, 0x03, 0xF0, 0x00, 0x00, 0x00, 0x00, 0x02, 0xFF, 0x00, 0x00, 0x00, 0x7E,
    0x00, 0x00, 0x00, 0x00, 0x0B, 0xFE, 0x00, 0x00, 0x00, 0x0F, 0xD0, 0x00, 0x00, 0x00, 0x0F, 0xFD,
    0x00, 0x00, 0x00, 0x01, 0xFC, 0x00, 0x00, 0x00, 0x01, 0xF8, 0x00, 0x00, 0x00, 0x00, 0x3D, 0x00,
    0x00, 0x00, 0x00, 0x14, 0x00, 0x00, 0x00, 0x00, 0x05, 0x00, 0x00, 0x00, 0x00, 0x00, 0x00, 0x00,
    0x00, 0x00, 0x00, 0x00, 0x00, 0x00, 0x00, 0x00, 0x00, 0x00, 0x00, 0x00, 0x00, 0x00, 0x00, 0x00,
    0x00, 0x00, 0x00, 0x00, 0x00, 0x00, 0x00, 0x00, 0x00, 0x00, 0x00, 0x00, 0x00, 0x00, 0x00, 0x00,
    0x00, 0x00, 0x00, 0x00, 0x00, 0x00, 0x00, 0x00, 0x00, 0x04, 0x00, 0x00, 0x00, 0x00, 0x00, 0x00,
    0x00, 0x01, 0x00, 0x03, 0xF9, 0x40, 0x00, 0x00, 0x00, 0x00, 0x00, 0x00, 0xFD, 0x00, 0xFF, 0xFF,
    0x00, 0x00, 0x00, 0x00, 0x00, 0x00, 0x3F, 0xF9, 0x06, 0xFF, 0xC0, 0x00, 0x00, 0x00, 0x00, 0x00,
    0x0F, 0xFF, 0xF0, 0x07, 0xF0, 0x00, 0x00, 0x00, 0x00, 0x00, 0x00, 0x1A, 0xFC, 0x00, 0x04, 0x00,
    0x00, 0x00, 0x00, 0x00, 0x00, 0x00, 0x01, 0x00, 0x00, 0x00, 0x00, 0x00, 0x00, 0x00, 0x00, 0x00,
    0x00, 0x00, 0x00, 0x00, 0x00, 0x00, 0x00, 0x00, 0x00, 0x00, 0x00, 0x00, 0x00, 0x00, 0x00, 0x00,
    0x00, 0x00, 0x00, 0x00, 0x00, 0x00, 0x00, 0x00, 0x00, 0x00, 0x00, 0x00, 0x00, 0x00, 0x00, 0x00,
    0x00, 0x00, 0x00, 0x00, 0x00, 0x00, 0x00, 0x00, 0x00, 0x00, 0x00, 0x00, 0x00, 0x00, 0x00, 0x00,
    0x00, 0x01, 0x40, 0x00, 0x00, 0x00, 0x00, 0x90, 0x00, 0x00, 0x00, 0x01, 0xF0, 0x00, 0x00, 0x00,
    0x00, 0xFD, 0x00, 0x00, 0x00, 0x00, 0xFD, 0x00, 0x00, 0x00, 0x02, 0xFF, 0xC0, 0x00, 0x00, 0x00,
    0x1F, 0xC0, 0x00, 0x00, 0x03, 0xFF, 0x80, 0x00, 0x00, 0x00, 0x03, 0xF4, 0x00, 0x00, 0x03, 0xFE,
    0x00, 0x00, 0x1F, 0xC0, 0x00, 0x3E, 0x00, 0x00, 0x00, 0x74, 0x00, 0x00, 0x0B, 0xE0, 0x00, 0x0B,
    0xC0, 0x00, 0x00, 0x00, 0x00, 0x00, 0x02, 0xF0, 0x00, 0x00, 0xF4, 0x00, 0x00, 0x00, 0x00, 0x00,
    0x00, 0xFC, 0x00, 0x00, 0x14, 0x00, 0x00, 0x00, 0x00, 0x00, 0x00, 0x3E, 0x00, 0x00, 0x00, 0x00,
    0x00, 0x00, 0x00, 0x00, 0x00, 0x1F, 0x00, 0x00, 0x00, 0x00, 0x00, 0x00, 0x00, 0x00, 0x00, 0x0B,
    0xC0, 0x00, 0x00, 0x00, 0x00, 0x00, 0x00, 0x00, 0x00, 0x02, 0xD0, 0x00, 0x00, 0x00, 0x00, 0x00,
    0x00, 0x68, 0x00, 0x06, 0x80, 0x00, 0x00, 0x0B, 0xD0, 0x00, 0xBD, 0x00, 0x00, 0x00, 0x7E, 0x00,
    0x0F, 0xC0, 0x00, 0x00, 0x03, 0xF8, 0x07, 0xF8, 0x00, 0x00, 0x00, 0x2F, 0xFF, 0xFF, 0x00, 0x00,
    0x00, 0x00, 0xFF, 0xFF, 0xD0, 0x00, 0x00, 0x00, 0x01, 0xAF, 0x90, 0x00, 0x00, 0x00, 0x00, 0x00,
    0x00, 0x00, 0x00, 0x00, 0x00, 0x00, 0x00, 0x00, 0x00, 0x00, 0x0F, 0xD0, 0x00, 0x00, 0x03, 0xFD,
    0x00, 0xFD, 0x00, 0x00, 0x00, 0xBF, 0xD0, 0x0F, 0xD0, 0x00, 0x00, 0x0F, 0xFD, 0x00, 0xFD, 0x00,
    0x00, 0x03, 0xFF, 0xD0, 0x0F, 0xD0, 0x00, 0x00, 0x7F, 0xFD, 0x00, 0xFD, 0x00, 0x00, 0x0F, 0xEF,
    0xD0, 0x0F, 0xD0, 0x00, 0x02, 0xFC, 0xFD, 0x00, 0xFD, 0x00, 0x00, 0x7F, 0x4F, 0xD0, 0x0F, 0xD0,
    0x00, 0x0F, 0xE0, 0xFD, 0x00, 0xFD, 0x00, 0x02, 0xFC, 0x0F, 0xD0, 0x0F, 0xD0, 0x00, 0x3F, 0x40,
    0xFD, 0x00, 0xFD, 0x00, 0x0B, 0xF0, 0x0F, 0xD0, 0x0F, 0xD0, 0x01, 0xFC, 0x00, 0xFD, 0x00, 0xFD,
    0x00, 0x3F, 0x80, 0x0F, 0xD0, 0x0F, 0xD0, 0x0B, 0xF0, 0x00, 0xFD, 0x00, 0xFD, 0x00, 0xFD, 0x00,
    0x0F, 0xD0, 0x0F, 0xD0, 0x3F, 0x80, 0x00, 0xFD, 0x00, 0xFD, 0x07, 0xF0, 0x00, 0x0F, 0xD0, 0x0F,
    0xD0, 0xFD, 0x00, 0x00, 0xFD, 0x00, 0xFD, 0x2F, 0xC0, 0x00, 0x0F, 0xD0, 0x0F, 0xD3, 0xF0, 0x00,
    0x00, 0xFD, 0x00, 0xFE, 0xFE, 0x00, 0x00, 0x0F, 0xD0, 0x0F, 0xFF, 0xC0, 0x00, 0x00, 0xFD, 0x00,
    0xFF, 0xF4, 0x00, 0x00, 0x0F, 0xD0, 0x0F, 0xFE, 0x00, 0x00, 0x00, 0xFF, 0xFC, 0xFF, 0xC0, 0x00,
    0x00, 0x0F, 0xFF, 0xCF, 0xF8, 0x00, 0x00, 0x00, 0xFF, 0xF4, 0x00, 0x00, 0x00, 0x00, 0x00, 0x3F,
    0x00, 0x00, 0x00, 0x00, 0x00, 0x03, 0xF0, 0x00, 0x00, 0x00, 0x00, 0x00, 0xBE, 0x00, 0x00, 0x00,
    0x00, 0x00, 0x0F, 0xD0, 0x00, 0x00, 0x00, 0x00, 0x02, 0xFC, 0x00, 0x00, 0x00, 0x00, 0x00, 0x3F,
    0xC0, 0x00, 0x00, 0x00, 0x00, 0x0B, 0xF8, 0x00, 0x07, 0xE0, 0x00, 0x3F, 0x00, 0x00, 0x3F, 0x00,
    0x07, 0xF0, 0x00, 0x03, 0xF8, 0x01, 0xFF, 0x00, 0x00, 0x1F, 0xFF, 0xFF, 0xD0, 0x00, 0x00, 0xBF,
    0xFF, 0xF4, 0x00, 0x00, 0x01, 0xBF, 0xF8, 0x00, 0x00, 0x00, 0x00, 0x00, 0x00, 0x00, 0x00, 0x00,
    0x00, 0x00, 0x00, 0x00, 0xFD, 0x00, 0x00, 0x3F, 0xF0, 0x0F, 0xD0, 0x00, 0x07, 0xFF, 0x00, 0xFD,
    0x00, 0x00, 0xFF, 0xF0, 0x0F, 0xD0, 0x00, 0x2F, 0xFF, 0x00, 0xFD, 0x00, 0x03, 0xFB, 0xF0, 0x0F,
    0xD0, 0x00, 0xBD, 0x7F, 0x00, 0xFD, 0x00, 0x1F, 0x87, 0xF0, 0x0F, 0xD0, 0x03, 0xF0, 0x7F, 0x00,
    0xFD, 0x00, 0x7E, 0x07, 0xF0, 0x0F, 0xD0, 0x0F, 0xC0, 0x7F, 0x00, 0xFD, 0x02, 0xF4, 0x07, 0xF0,
    0x0F, 0xD0, 0x3F, 0x00, 0x7F, 0x00, 0xFD, 0x0F, 0xD0, 0x07, 0xF0, 0x0F, 0xD1, 0xF8, 0x00, 0x7F,
    0x00, 0xFD, 0x3F, 0x00, 0x07, 0xF0, 0x0F, 0xDB, 0xE0, 0x00, 0x7F, 0x00, 0xFE, 0xFC, 0x00, 0x07,
    0xF0, 0x0F, 0xFF, 0x40, 0x00, 0x7F, 0x00, 0xFF, 0xF0, 0x00, 0x07, 0xFF, 0xDF, 0xFD, 0x00, 0x00,
    0x7F, 0xFC, 0xFF, 0x80, 0x00, 0x07, 0xFF, 0xC0, 0x00, 0x00, 0x00, 0x00, 0xF8, 0x00, 0x00, 0x00,
    0x00, 0x2F, 0x40, 0x00, 0x00, 0x00, 0x03, 0xF0, 0x00, 0x00, 0x00, 0x00, 0x7F, 0x00, 0x00, 0x00,
    0x00, 0x0B, 0xE0, 0x00, 0x00, 0x00, 0x00, 0xFD, 0x00, 0x00, 0x00, 0x00, 0x1F, 0xC0, 0x07, 0xF0,
    0x00, 0x00, 0x00, 0x01, 0xFC, 0x00, 0x00, 0x00, 0x00, 0x7F, 0x00, 0x00, 0x00, 0x03, 0xFF, 0xFF,
    0xFC, 0x00, 0x00, 0xFF, 0xFF, 0xFF, 0x00, 0x00, 0x3F, 0xFF, 0xFF, 0xC0, 0x00, 0x00, 0x7F, 0x00,
    0x00, 0x00, 0x00, 0x1F, 0xC0, 0x00, 0x00, 0x00, 0x07, 0xF0, 0x00, 0x00, 0x00, 0x01, 0xFC, 0x00,
    0x00, 0x00, 0x00, 0x7F, 0x00, 0x00, 0x00, 0x00, 0x1F, 0xFF, 0xFA, 0x90, 0x00, 0x07, 0xFF, 0xFF,
    0xFF, 0x80, 0x01, 0xFF, 0xFF, 0xFF, 0xFD, 0x00, 0x7F, 0x00, 0x01, 0xFF, 0xC0, 0x1F, 0xC0, 0x00,
    0x07, 0xF8, 0x07, 0xF0, 0x00, 0x00, 0xBF, 0x01, 0xFC, 0x00, 0x00, 0x0F, 0xD0, 0x7F, 0x00, 0x00,
    0x03, 0xF4, 0x1F, 0xC0, 0x00, 0x00, 0xFD, 0x07, 0xF0, 0x00, 0x00, 0x3F, 0x41, 0xFC, 0x00, 0x00,
    0x2F, 0xC0, 0x7F, 0x00, 0x00, 0x1F, 0xF0, 0x1F, 0xC0, 0x00, 0x7F, 0xF0, 0x07, 0xFF, 0xFF, 0xFF,
    0xF4, 0x01, 0xFF, 0xFF, 0xFF, 0xF0, 0x00, 0x7F, 0xFF, 0xFE, 0x80, 0x00, 0x07, 0xF0, 0x00, 0x00,
    0x00, 0x07, 0xF0, 0x00, 0x00, 0x00, 0x07, 0xF0, 0x00, 0x00, 0x00, 0x07, 0xF0, 0x00, 0x00, 0x00,
    0xFF, 0xFF, 0xFF, 0x00, 0x00, 0xFF, 0xFF, 0xFF, 0x00, 0x00, 0xFF, 0xFF, 0xFF, 0x00, 0x00, 0x07,
    0xF0, 0x00, 0x00, 0x00, 0x07, 0xF0, 0x00, 0x00, 0x00, 0x07, 0xF0, 0x00, 0x00, 0x00, 0x07, 0xF0,
    0x00, 0x00, 0x00, 0x07, 0xF0, 0x00, 0x00, 0x00, 0x07, 0xF0, 0x00, 0x00, 0x00, 0x07, 0xF0, 0x00,
    0x00, 0x00, 0x07, 0xF0, 0x00, 0x00, 0x00, 0x07, 0xF0, 0x00, 0x00, 0x00, 0x07, 0xF0, 0x00, 0x00,
    0x00, 0x07, 0xFF, 0xFF, 0xFE, 0x40, 0x07, 0xFF, 0xFF, 0xFF, 0xF0, 0x07, 0xFF, 0xFF, 0xFF, 0xFC,
    0x07, 0xF0, 0x00, 0x02, 0xFE, 0x07, 0xF0, 0x00, 0x00, 0xFF, 0x07, 0xF0, 0x00, 0x00, 0xBF, 0x07,
    0xF0, 0x00, 0x00, 0xBF, 0x07, 0xF0, 0x00, 0x00, 0xFF, 0x07, 0xF0, 0x00, 0x03, 0xFD, 0x07, 0xFA,
    0xAA, 0xFF, 0xFC, 0x07, 0xFF, 0xFF, 0xFF, 0xE0, 0x07, 0xFF, 0xFF, 0xFE, 0x00, 0xFF, 0xFF, 0xFE,
    0x40, 0x0F, 0xFF, 0xFF, 0xFF, 0x40, 0xFF, 0xFF, 0xFF, 0xFE, 0x0F, 0xD0, 0x00, 0x2F, 0xF4, 0xFD,
    0x00, 0x00, 0x7F, 0xCF, 0xD0, 0x00, 0x02, 0xFC, 0xFD, 0x00, 0x00, 0x0F, 0xDF, 0xD0, 0x00, 0x00,
    0xFD, 0xFD, 0x00, 0x00, 0x0F, 0xDF, 0xD0, 0x02, 0x00, 0xFD, 0xFD, 0x01, 0xF8, 0x2F, 0xCF, 0xD0,
    0x0F, 0xD7, 0xF8, 0xFD, 0x00, 0x3F, 0xFF, 0x0F, 0xFF, 0xFF, 0xFF, 0xC0, 0xFF, 0xFF, 0xFF, 0xF0,
    0x0F, 0xFF, 0xFF, 0xBF, 0x00, 0xFD, 0x00, 0x01, 0xFC, 0x0F, 0xD0, 0x00, 0x0B, 0xD0, 0xFD, 0x00,
    0x00, 0x34, 0x0F, 0xD0, 0x00, 0x00, 0x00, 0xFD, 0x00, 0x00, 0x00, 0x0F, 0xD0, 0x00, 0x00, 0x00,
    0xFD, 0x00, 0x00, 0x00, 0x0F, 0xD0, 0x00, 0x00, 0x00, 0xFD, 0x00, 0x00, 0x00, 0x0F, 0xD0, 0x00,
    0x00, 0x00, 0xFD, 0x00, 0x00, 0x00, 0x00, 0xFC, 0x06, 0xFF, 0x80, 0x0F, 0xC3, 0xFF, 0xFF, 0x80,
    0xFD, 0xFF, 0xFF, 0xFE, 0x0F, 0xFF, 0x40, 0x1F, 0xF4, 0xFF, 0xC0, 0x00, 0x3F, 0xCF, 0xF0, 0x00,
    0x01, 0xFD, 0xFF, 0x00, 0x00, 0x0F, 0xEF, 0xE0, 0x00, 0x00, 0xBF, 0xFE, 0x00, 0x00, 0x0B, 0xFF,
    0xD0, 0x00, 0x00, 0xBF, 0xFD, 0x00, 0x00, 0x07, 0xFF, 0xE0, 0x00, 0x00, 0xBF, 0xFE, 0x00, 0x00,
    0x0B, 0xFF, 0xE0, 0x00, 0x00, 0xFF, 0xFF, 0x00, 0x2D, 0x0F, 0xEF, 0xF4, 0x03, 0xF1, 0xFC, 0xFF,
    0xC0, 0x1F, 0xFF, 0xCF, 0xFF, 0x40, 0xBF, 0xF4, 0xFD, 0xFF, 0xFF, 0xFD, 0x0F, 0xD3, 0xFF, 0xFF,
    0xC0, 0xFD, 0x06, 0xFF, 0xFE, 0x0F, 0xD0, 0x00, 0x03, 0xF4, 0xFD, 0x00, 0x00, 0x0F, 0x4F, 0xD0,
    0x00, 0x00, 0x50, 0xFD, 0x00, 0x00, 0x00, 0x0F, 0xD0, 0x00, 0x00, 0x00, 0xFD, 0x00, 0x00, 0x00,
    0x0F, 0xD0, 0x00, 0x00, 0x00, 0xFD, 0x00, 0x00, 0x00, 0x0F, 0xD0, 0x00, 0x00, 0x00, 0x00, 0x00,
    0x00, 0xFD, 0x00, 0x00, 0x00, 0xFD, 0x00, 0x00, 0x00, 0xFD, 0x00, 0x00, 0x00, 0xFD, 0x00, 0x00,
    0x00, 0xFD, 0x00, 0x00, 0x00, 0xFD, 0xFF, 0xFF, 0xFF, 0xFD, 0xFF, 0xFF, 0xFF, 0xFD, 0xFF, 0xFF,
    0xFF, 0xFD, 0xFD, 0x00, 0x00, 0x00, 0xFD, 0x00, 0x00, 0x00, 0xFD, 0x00, 0x00, 0x00, 0xFD, 0x00,
    0x00, 0x00, 0xFD, 0x00, 0x00, 0x00, 0xFD, 0x00, 0x00, 0x00, 0xFD, 0x00, 0x00, 0x00, 0xFD, 0x00,
    0x00, 0x00, 0xFD, 0x00, 0x00, 0x00, 0xFD, 0x00, 0x00, 0x00, 0xFD, 0x00, 0x00, 0x00, 0xFD, 0x00,
    0x00, 0x00, 0xFD, 0x00, 0x00, 0x00, 0xFD, 0x00, 0x00, 0x00, 0xFD, 0x00, 0x00, 0x00, 0xFD, 0x00,
    0x00, 0x00, 0xFD, 0x00, 0x00, 0x00, 0xFD, 0x00, 0x00, 0x00, 0xFD, 0x00, 0x00, 0x00, 0xFD, 0x00,
    0x00, 0x00, 0xFD, 0x00, 0x00, 0x00, 0xFD, 0x00, 0x00, 0x00, 0xFD, 0x00, 0x00, 0x00, 0xFD, 0x00,
    0x00, 0x00, 0x00, 0x00, 0x2A, 0x00, 0x00, 0x0F, 0xD0, 0x00, 0x03, 0xF4, 0x00, 0x00, 0xFD, 0x00,
    0x00, 0x3F, 0x40, 0x00, 0x0F, 0xDF, 0xFF, 0xFF, 0xF7, 0xFF, 0xFF, 0xFD, 0xFF, 0xFF, 0xFF, 0x7F,
    0x40, 0x00, 0x0F, 0xD0, 0x00, 0x03, 0xF4, 0x00, 0x00, 0xFD, 0x00, 0x00, 0x3F, 0x40, 0x00, 0x0F,
    0xD0, 0x00, 0x03, 0xF4, 0x00, 0x00, 0xFD, 0x00, 0x00, 0x3F, 0x40, 0x00, 0x0F, 0xD0, 0x00, 0x03,
    0xF4, 0x00, 0x00, 0xFD, 0x00, 0x00, 0x3F, 0x40, 0x00, 0x0F, 0xD0, 0x00, 0x03, 0xF4, 0x00, 0x00,
    0xFD, 0x00, 0x00, 0x3F, 0x40, 0x00, 0x0F, 0xD0, 0x00, 0x00, 0x07, 0xFF, 0xFF, 0xFF, 0xF0, 0x7F,
    0xFF, 0xFF, 0xFF, 0x07, 0xFF, 0xFF, 0xFF, 0xF0, 0x7F, 0x00, 0x00, 0x00, 0x07, 0xF0, 0x00, 0x00,
    0x00, 0x7F, 0x00, 0x00, 0x00, 0x07, 0xF0, 0x00, 0x00, 0x00, 0x7F, 0x00, 0x00, 0x00, 0x07, 0xF0,
    0x00, 0x00, 0x00, 0x7F, 0x00, 0x00, 0x00, 0x07, 0xF0, 0x00, 0x00, 0x00, 0x7F, 0x00, 0x00, 0x00,
    0xFF, 0xFF, 0xFF, 0xF0, 0x0F, 0xFF, 0xFF, 0xFF, 0x00, 0xFF, 0xFF, 0xFF, 0xF0, 0x00, 0x7F, 0x00,
    0x00, 0x00, 0x07, 0xF0, 0x00, 0x00, 0x00, 0x7F, 0x00, 0x00, 0x00, 0x07, 0xF0, 0x00, 0x00, 0x00,
    0x7F, 0x00, 0x00, 0x00, 0x07, 0xF0, 0x00, 0x00, 0x00, 0x7F, 0x00, 0x00, 0x00, 0x07, 0xF0, 0x00,
    0x00, 0x00, 0x7F, 0x00, 0x00, 0x00, 0x07, 0xF0, 0x00, 0x00, 0x00, 0x7F, 0x00, 0x00, 0x00, 0x07,
    0xF0, 0x00, 0x00, 0x00, 0x03, 0xFF, 0xFF, 0xFC, 0x0F, 0xFF, 0xFF, 0xF0, 0x3F, 0xFF, 0xFF, 0xC0,
    0xFD, 0x00, 0x00, 0x03, 0xF4, 0x00, 0x00, 0x0F, 0xD0, 0x00, 0x00, 0x3F, 0x40, 0x00, 0x00, 0xFD,
    0x00, 0x00, 0x03, 0xF4, 0x00, 0x03, 0xFF, 0xFF, 0xFC, 0x0F, 0xFF, 0xFF, 0xF0, 0x3F, 0xFF, 0xFF,
    0xC0, 0x03, 0xF4, 0x00, 0x00, 0x0F, 0xD0, 0x00, 0x00, 0x3F, 0x40, 0x00, 0x00, 0xFD, 0x00, 0x00,
    0x03, 0xF4, 0x00, 0x00, 0x0F, 0xD0, 0x00, 0x00, 0x3F, 0x40, 0x00, 0x00, 0xFD, 0x00, 0x00, 0x03,
    0xF4, 0x00, 0x00, 0xFF, 0xFF, 0xFF, 0xFE, 0x00, 0xFF, 0xFF, 0xFF, 0xFE, 0x00, 0xFF, 0xFF, 0xFF,
    0xFE, 0x00, 0xFD, 0x00, 0x00, 0x00, 0x00, 0xFD, 0x00, 0x00, 0x00, 0x00, 0xFD, 0x00, 0x00, 0x00,
    0x00, 0xFD, 0x00, 0x00, 0x00, 0x00, 0xFD, 0x00, 0x00, 0x00, 0x00, 0xFD, 0x00, 0x00, 0x00, 0x00,
    0xFD, 0x00, 0x00, 0x00, 0x00, 0xFD, 0x00, 0x00, 0x00, 0x00, 0xFF, 0xAF, 0xE9, 0x00, 0x00, 0xFF,
    0xFF, 0xFF, 0xE0, 0x00, 0xFF, 0xFF, 0xFF, 0xFD, 0x00, 0xFE, 0x00, 0x1B, 0xFF, 0x40, 0xFD, 0x00,
    0x00, 0x7F, 0xC0, 0xFD, 0x00, 0x00, 0x1F, 0xF0, 0xFD, 0x00, 0x00, 0x0B, 0xF4, 0xFD, 0x00, 0x00,
    0x03, 0xF8, 0xFD, 0x00, 0x00, 0x02, 0xFC, 0xFD, 0x00, 0x00, 0x01, 0xFC, 0xFD, 0x00, 0x00, 0x00,
    0xFD, 0xFD, 0x00, 0x00, 0x00, 0xFD, 0xFD, 0x00, 0x00, 0x00, 0xFD, 0xFD, 0x00, 0x00, 0x00, 0xFD,
    0xFD, 0x00, 0x00, 0x00, 0xFD, 0xFD, 0x00, 0x00, 0x00, 0xFD, 0x00, 0x00, 0x00, 0x01, 0xFC, 0x00,
    0x00, 0x00, 0x02, 0xFC, 0x00, 0x00, 0x00, 0x03, 0xF8, 0x00, 0x00, 0x00, 0x0B, 0xF0, 0x00, 0x00,
    0x00, 0x1F, 0xE0, 0x00, 0x50, 0x00, 0xBF, 0xC0, 0x00, 0xBF, 0xFF, 0xFF, 0x00, 0x00, 0xBF, 0xFF,
    0xFC, 0x00, 0x00, 0x2F, 0xFF, 0x80, 0x00, 0xFF, 0xFF, 0xFF, 0x80, 0xFF, 0xFF, 0xFF, 0x80, 0xFF,
    0xFF, 0xFF, 0x80, 0xFD, 0x00, 0x00, 0x00, 0xFD, 0x00, 0x00, 0x00, 0xFD, 0x00, 0x00, 0x00, 0xFD,
    0x00, 0x00, 0x00, 0xFD, 0x00, 0x00, 0x00, 0xFD, 0x00, 0x00, 0x00, 0xFF, 0xFF, 0xE4, 0x00, 0xFF,
    0xFF, 0xFF, 0x40, 0xFF, 0xFF, 0xFF, 0xD0, 0xFE, 0x00, 0x2F, 0xF0, 0xFD, 0x00, 0x07, 0xFC, 0xFD,
    0x00, 0x02, 0xFC, 0xFD, 0x00, 0x00, 0xFE, 0xFD, 0x00, 0x00, 0xFE, 0xFD, 0x00, 0x00, 0xBF, 0xFD,
    0x00, 0x00, 0xBF, 0xFD, 0x00, 0x00, 0x7F, 0xFD, 0x00, 0x00, 0xBF, 0x00, 0x00, 0x00, 0xBF, 0x00,
    0x00, 0x00, 0xBF, 0x00, 0x00, 0x00, 0xFE, 0x00, 0x00, 0x01, 0xFD, 0x00, 0x00, 0x03, 0xFC, 0x02,
    0x40, 0x0F, 0xF4, 0x02, 0xFF, 0xFF, 0xE0, 0x02, 0xFF, 0xFF, 0x80, 0x00, 0x7F, 0xF8, 0x00, 0x2F,
    0xC0, 0x00, 0x03, 0xF4, 0x00, 0x00, 0xFF, 0x00, 0xFF, 0x00, 0x00, 0x3F, 0x40, 0x00, 0x2F, 0xC0,
    0x03, 0xF8, 0x00, 0x03, 0xF4, 0x00, 0x07, 0xF4, 0x00, 0x1F, 0xD0, 0x00, 0x3F, 0x40, 0x00, 0xFE,
    0x00, 0x00, 0x7F, 0x40, 0x03, 0xF4, 0x00, 0x3F, 0xC0, 0x00, 0x02, 0xFC, 0x00, 0x3F, 0x40, 0x0B,
    0xF0, 0x00, 0x00, 0x0F, 0xF0, 0x03, 0xF4, 0x01, 0xFC, 0x00, 0x00, 0x00, 0x3F, 0x80, 0x3F, 0x40,
    0x3F, 0x40, 0x00, 0x00, 0x01, 0xFD, 0x03, 0xF4, 0x0F, 0xE0, 0x00, 0x00, 0x00, 0x0B, 0xF0, 0x3F,
    0x42, 0xFC, 0x00, 0x00, 0x00, 0x00, 0x2F, 0xC3, 0xF4, 0x7F, 0x00, 0x00, 0x00, 0x00, 0x00, 0xFE,
    0x3F, 0x4F, 0xD0, 0x00, 0x00, 0x00, 0x00, 0x03, 0xF7, 0xFB, 0xF8, 0x00, 0x00, 0x00, 0x00, 0x00,
    0x3F, 0xFF, 0xFF, 0x40, 0x00, 0x00, 0x00, 0x00, 0x0B, 0xF3, 0xF6, 0xFC, 0x00, 0x00, 0x00, 0x00,
    0x01, 0xFD, 0x3F, 0x4F, 0xE0, 0x00, 0x00, 0x00, 0x00, 0x3F, 0x83, 0xF4, 0x3F, 0x40, 0x00, 0x00,
    0x00, 0x0F, 0xF0, 0x3F, 0x41, 0xFC, 0x00, 0x00, 0x00, 0x02, 0xFC, 0x03, 0xF4, 0x0B, 0xF0, 0x00,
    0x00, 0x00, 0xBF, 0x40, 0x3F, 0x40, 0x3F, 0x80, 0x00, 0x00, 0x1F, 0xE0, 0x03, 0xF4, 0x00, 0xFD,
    0x00, 0x00, 0x03, 0xF8, 0x00, 0x3F, 0x40, 0x07, 0xF0, 0x00, 0x00, 0xFF, 0x00, 0x03, 0xF4, 0x00,
    0x2F, 0xC0, 0x00, 0x2F, 0xC0, 0x00, 0x3F, 0x40, 0x00, 0xFE, 0x00, 0x07, 0xF4, 0x00, 0x03, 0xF4,
    0x00, 0x03, 0xFF, 0xF0, 0xFE, 0x00, 0x00, 0x3F, 0x40, 0x00, 0x1F, 0xFF, 0x3F, 0xC0, 0x00, 0x03,
    0xF4, 0x00, 0x00, 0xBF, 0xF0, 0x00, 0x00, 0x00, 0x00, 0x00, 0x00, 0x00, 0x7F, 0x00, 0x00, 0x00,
    0x00, 0x00, 0x00, 0x00, 0x07, 0xF0, 0x00, 0x00, 0x00, 0x00, 0x00, 0x00, 0x00, 0x7F, 0x00, 0x00,
    0x00, 0x00, 0x00, 0x00, 0x00, 0x07, 0xF0, 0x00, 0x00, 0x00, 0x00, 0x00, 0x00, 0x00, 0x7F, 0x00,
    0x00, 0x00, 0x00, 0x00, 0x00, 0x00, 0x07, 0xF0, 0x00, 0x00, 0x00, 0x00, 0x00, 0x00, 0x00, 0x7F,
    0x1F, 0xD0, 0x00, 0x3F, 0x40, 0x00, 0xFD, 0x00, 0xBF, 0x00, 0x03, 0xF4, 0x00, 0x3F, 0x80, 0x02,
    0xFC, 0x00, 0x3F, 0x40, 0x0B, 0xF0, 0x00, 0x0F, 0xE0, 0x03, 0xF4, 0x01, 0xFC, 0x00, 0x00, 0x3F,
    0x40, 0x3F, 0x40, 0x3F, 0x40, 0x00, 0x01, 0xFD, 0x03, 0xF4, 0x0F, 0xE0, 0x00, 0x00, 0x07, 0xF0,
    0x3F, 0x42, 0xF8, 0x00, 0x00, 0x00, 0x2F, 0xC3, 0xF4, 0x7F, 0x00, 0x00, 0x00, 0x00, 0xFE, 0x3F,
    0x4F, 0xC0, 0x00, 0x00, 0x00, 0x03, 0xF7, 0xFB, 0xF4, 0x00, 0x00, 0x00, 0x00, 0x2F, 0xFF, 0xFF,
    0x00, 0x00, 0x00, 0x00, 0x0B, 0xF3, 0xF6, 0xFC, 0x00, 0x00, 0x00, 0x01, 0xFD, 0x3F, 0x4F, 0xE0,
    0x00, 0x00, 0x00, 0x3F, 0x43, 0xF4, 0x3F, 0x40, 0x00, 0x00, 0x0F, 0xE0, 0x3F, 0x41, 0xFC, 0x00,
    0x00, 0x03, 0xFC, 0x03, 0xF4, 0x0B, 0xF0, 0x00, 0x00, 0xBF, 0x00, 0x3F, 0x40, 0x2F, 0x80, 0x00,
    0x2F, 0xC0, 0x03, 0xF4, 0x00, 0xFE, 0x00, 0x07, 0xF4, 0x00, 0x3F, 0x40, 0x03, 0xFF, 0xF0, 0xFE,
    0x00, 0x03, 0xF4, 0x00, 0x1F, 0xFF, 0x3F, 0x80, 0x00, 0x3F, 0x40, 0x00, 0xBF, 0xF0, 0x00, 0x00,
    0x00, 0x00, 0x00, 0x00, 0x7F, 0x00, 0x00, 0x00, 0x00, 0x00, 0x00, 0x07, 0xF0, 0x00, 0x00, 0x00,
    0x00, 0x00, 0x00, 0x7F, 0x00, 0x00, 0x00, 0x00, 0x00, 0x00, 0x07, 0xF0, 0x00, 0x00, 0x00, 0x00,
    0x00, 0x00, 0x7F, 0x00, 0x00, 0x00, 0x00, 0x00, 0x00, 0x07, 0xF0, 0x00, 0x00, 0x00, 0x00, 0x00,
    0x00, 0x7F, 0x06, 0xBF, 0xFE, 0x40, 0x07, 0xFF, 0xFF, 0xFF, 0x40, 0x7F, 0xFF, 0xFF, 0xFE, 0x03,
    0x90, 0x00, 0x2F, 0xF4, 0x00, 0x00, 0x00, 0x7F, 0x80, 0x00, 0x00, 0x02, 0xFC, 0x00, 0x00, 0x00,
    0x2F, 0xC0, 0x00, 0x00, 0x02, 0xFC, 0x00, 0x00, 0x00, 0x3F, 0x80, 0x00, 0x00, 0x0B, 0xF0, 0x00,
    0x00, 0x07, 0xFD, 0x00, 0x2F, 0xFF, 0xFE, 0x00, 0x02, 0xFF, 0xFF, 0x80, 0x00, 0x2F, 0xFF, 0xFF,
    0xC0, 0x00, 0x00, 0x01, 0xFF, 0x40, 0x00, 0x00, 0x03, 0xFC, 0x00, 0x00, 0x00, 0x0F, 0xE0, 0x00,
    0x00, 0x00, 0xBF, 0x00, 0x00, 0x00, 0x0B, 0xF0, 0x00, 0x00, 0x00, 0xBF, 0x00, 0x00, 0x00, 0x0B,
    0xF0, 0x00, 0x00, 0x00, 0xFE, 0x00, 0x00, 0x00, 0x3F, 0xCF, 0x40, 0x00, 0x2F, 0xF8, 0xFF, 0xFF,
    0xFF, 0xFE, 0x0F, 0xFF, 0xFF, 0xFF, 0x40, 0x1A, 0xFF, 0xFE, 0x40, 0x00, 0x00, 0x2F, 0x00, 0x00,
    0x00, 0x00, 0xFC, 0x00, 0x00, 0x00, 0x07, 0xD0, 0x00, 0x00, 0x00, 0x3F, 0x00, 0x00, 0x00, 0x07,
    0xF0, 0x00, 0x00, 0x0F, 0xFE, 0x00, 0x00, 0x00, 0xFF, 0xD0, 0x00, 0x00, 0x0F, 0xF4, 0x00, 0x00,
    0x06, 0xBF, 0xF9, 0x00, 0x3F, 0xFF, 0xFF, 0xD0, 0x3F, 0xFF, 0xFF, 0xF0, 0x19, 0x00, 0x0B, 0xF8,
    0x00, 0x00, 0x02, 0xFC, 0x00, 0x00, 0x02, 0xFC, 0x00, 0x00, 0x03, 0xFC, 0x00, 0x00, 0x0B, 0xF4,
    0x02, 0xFF, 0xFF, 0xD0, 0x02, 0xFF, 0xFE, 0x00, 0x02, 0xFF, 0xFF, 0xD0, 0x00, 0x00, 0x1F, 0xF4,
    0x00, 0x00, 0x02, 0xFC, 0x00, 0x00, 0x00, 0xFD, 0x00, 0x00, 0x00, 0xFD, 0x00, 0x00, 0x00, 0xFD,
    0x00, 0x00, 0x02, 0xFC, 0xB4, 0x00, 0x0B, 0xFC, 0xBF, 0xFF, 0xFF, 0xF0, 0x7F, 0xFF, 0xFF, 0xC0,
    0x06, 0xFF, 0xF9, 0x00, 0x00, 0x0B, 0xC0, 0x00, 0x00, 0x03, 0xF0, 0x00, 0x00, 0x00, 0xF4, 0x00,
    0x00, 0x00, 0xFC, 0x00, 0x00, 0x01, 0xFC, 0x00, 0x00, 0x3F, 0xF8, 0x00, 0x00, 0x3F, 0xF4, 0x00,
    0x00, 0x3F, 0xD0, 0x00, 0xFD, 0x00, 0x00, 0x07, 0xF8, 0x3F, 0x40, 0x00, 0x07, 0xF8, 0x0F, 0xD0,
    0x00, 0x03, 0xF8, 0x03, 0xF4, 0x00, 0x03, 0xFC, 0x00, 0xFD, 0x00, 0x03, 0xFC, 0x00, 0x3F, 0x40,
    0x02, 0xFC, 0x00, 0x0F, 0xD0, 0x02, 0xFD, 0x00, 0x03, 0xF4, 0x02, 0xFD, 0x00, 0x00, 0xFD, 0x01,
    0xFE, 0x00, 0x00, 0x3F, 0x41, 0xFE, 0x00, 0x00, 0x0F, 0xD0, 0xFF, 0x00, 0x00, 0x03, 0xF4, 0xFF,
    0x00, 0x00, 0x00, 0xFE, 0xFF, 0x00, 0x00, 0x00, 0x3F, 0xFF, 0x80, 0x00, 0x00, 0x0F, 0xDB, 0xF4,
    0x00, 0x00, 0x03, 0xF4, 0xBF, 0x40, 0x00, 0x00, 0xFD, 0x0F, 0xF0, 0x00, 0x00, 0x3F, 0x40, 0xFF,
    0x00, 0x00, 0x0F, 0xD0, 0x0F, 0xF0, 0x00, 0x03, 0xF4, 0x00, 0xFE, 0x00, 0x00, 0xFD, 0x00, 0x1F,
    0xE0, 0x00, 0x3F, 0x40, 0x01, 0xFD, 0x00, 0x0F, 0xD0, 0x00, 0x2F, 0xD0, 0x03, 0xF4, 0x00, 0x02,
    0xFC, 0x00, 0xFD, 0x00, 0x00, 0x3F, 0xFF, 0xFF, 0x40, 0x00, 0x03, 0xFF, 0xFF, 0xD0, 0x00, 0x00,
    0x3F, 0xFC, 0x00, 0x00, 0x00, 0x00, 0x7F, 0x00, 0x00, 0x00, 0x00, 0x1F, 0xC0, 0x00, 0x00, 0x00,
    0x07, 0xF0, 0x00, 0x00, 0x00, 0x01, 0xFC, 0x00, 0x00, 0x00, 0x00, 0x7F, 0x00, 0x00, 0x00, 0x00,
    0x1F, 0xC0, 0x00, 0x00, 0x00, 0x07, 0xF0, 0xFD, 0x00, 0x01, 0xFD, 0x0F, 0xD0, 0x00, 0x7F, 0x40,
    0xFD, 0x00, 0x0F, 0xE0, 0x0F, 0xD0, 0x03, 0xF8, 0x00, 0xFD, 0x00, 0xFF, 0x00, 0x0F, 0xD0, 0x2F,
    0xC0, 0x00, 0xFD, 0x07, 0xF0, 0x00, 0x0F, 0xD1, 0xFD, 0x00, 0x00, 0xFD, 0x3F, 0x40, 0x00, 0x0F,
    0xEF, 0xE0, 0x00, 0x00, 0xFF, 0xFD, 0x00, 0x00, 0x0F, 0xDB, 0xF0, 0x00, 0x00, 0xFD, 0x2F, 0xC0,
    0x00, 0x0F, 0xD0, 0xFF, 0x00, 0x00, 0xFD, 0x03, 0xF8, 0x00, 0x0F, 0xD0, 0x0F, 0xE0, 0x00, 0xFD,
    0x00, 0x7F, 0x40, 0x0F, 0xD0, 0x02, 0xFC, 0x00, 0xFD, 0x00, 0x0B, 0xFF, 0xDF, 0xD0, 0x00, 0x3F,
    0xFD, 0xFD, 0x00, 0x00, 0xFF, 0xD0, 0x00, 0x00, 0x00, 0xFD, 0x00, 0x00, 0x00, 0x0F, 0xD0, 0x00,
    0x00, 0x00, 0xFD, 0x00, 0x00, 0x00, 0x0F, 0xD0, 0x00, 0x00, 0x00, 0xFD, 0x00, 0x00, 0x00, 0x0F,
    0xD0, 0x00, 0x00, 0x00, 0xFD, 0xFD, 0x00, 0x00, 0x03, 0xF8, 0xFD, 0x00, 0x00, 0x0F, 0xE0, 0xFD,
    0x00, 0x00, 0x3F, 0xC0, 0xFD, 0x00, 0x00, 0xFF, 0x00, 0xFD, 0x0F, 0x03, 0xFC, 0x00, 0xFD, 0x0F,
    0x0B, 0xF0, 0x00, 0xFD, 0x0F, 0x2F, 0xD0, 0x00, 0xFD, 0x0F, 0xBF, 0x40, 0x00, 0xFD, 0x0F, 0xFE,
    0x00, 0x00, 0xFD, 0x0F, 0xF8, 0x00, 0x00, 0xFD, 0x1F, 0xF0, 0x00, 0x00, 0xFD, 0x3F, 0xC0, 0x00,
    0x00, 0xFE, 0xFF, 0x00, 0x00, 0x00, 0xFF, 0xFF, 0x00, 0x00, 0x00, 0xFD, 0x7F, 0x80, 0x00, 0x00,
    0xFD, 0x2F, 0xE0, 0x00, 0x00, 0xFD, 0x0F, 0xF4, 0x00, 0x00, 0xFD, 0x0F, 0xFD, 0x00, 0x00, 0xFD,
    0x0F, 0xFF, 0x00, 0x00, 0xFD, 0x0F, 0x3F, 0xC0, 0x00, 0xFD, 0x0F, 0x0F, 0xF0, 0x00, 0xFD, 0x0F,
    0x07, 0xFC, 0x00, 0xFD, 0x00, 0x01, 0xFE, 0x00, 0xFD, 0x00, 0x00, 0xBF, 0x80, 0xFD, 0x00, 0x00,
    0x2F, 0xD0, 0xFD, 0x00, 0x00, 0x0F, 0xF4, 0xFD, 0x00, 0x00, 0x03, 0xFC, 0xFD, 0x00, 0x01, 0xFD,
    0x3F, 0x40, 0x00, 0xFD, 0x0F, 0xD0, 0xF0, 0xFE, 0x03, 0xF4, 0x3C, 0xFF, 0x00, 0xFD, 0x0F, 0xBF,
    0x00, 0x3F, 0x43, 0xFF, 0x00, 0x0F, 0xD0, 0xFF, 0x40, 0x03, 0xF4, 0x7F, 0x40, 0x00, 0xFD, 0x3F,
    0x80, 0x00, 0x3F, 0xBF, 0xC0, 0x00, 0x0F, 0xFF, 0xF0, 0x00, 0x03, 0xF6, 0xFD, 0x00, 0x00, 0xFD,
    0x2F, 0xC0, 0x00, 0x3F, 0x43, 0xFC, 0x00, 0x0F, 0xD0, 0xFF, 0xC0, 0x03, 0xF4, 0x3F, 0xF8, 0x00,
    0xFD, 0x0F, 0x7F, 0x80, 0x3F, 0x43, 0xC7, 0xF4, 0x0F, 0xD0, 0xF0, 0xBF, 0x43, 0xF4, 0x00, 0x0B,
    0xF0, 0xFD, 0x00, 0x00, 0xFF, 0x00, 0x03, 0xF4, 0x00, 0x00, 0x0F, 0xE0, 0x0F, 0xD0, 0x00, 0x00,
    0xFF, 0x00, 0x3F, 0x40, 0x00, 0x07, 0xF0, 0x3F, 0xFF, 0xFC, 0x00, 0x3F, 0x40, 0xFF, 0xFF, 0xF0,
    0x03, 0xFC, 0x03, 0xFF, 0xFF, 0xC0, 0x2F, 0xC0, 0x00, 0x3F, 0x40, 0x00, 0xFD, 0x00, 0x00, 0xFD,
    0x00, 0x0F, 0xE0, 0x00, 0x03, 0xF4, 0x00, 0xBF, 0x00, 0x00, 0x0F, 0xD0, 0x07, 0xF4, 0x00, 0x00,
    0x3F, 0x40, 0x3F, 0x80, 0x00, 0x00, 0xFF, 0xFF, 0xFC, 0x00, 0x00, 0x03, 0xFF, 0xFF, 0xD0, 0x00,
    0x00, 0x0F, 0xFF, 0xFF, 0xC0, 0x00, 0x00, 0x3F, 0x40, 0x3F, 0x80, 0x00, 0x00, 0xFD, 0x00, 0xBF,
    0x40, 0x00, 0x03, 0xF4, 0x00, 0xFF, 0x00, 0x00, 0x0F, 0xD0, 0x01, 0xFE, 0x00, 0x00, 0x3F, 0x40,
    0x02, 0xFC, 0x00, 0x00, 0xFD, 0x00, 0x03, 0xFC, 0x00, 0x03, 0xF4, 0x00, 0x07, 0xF4, 0x00, 0x0F,
    0xD0, 0x00, 0x0F, 0xF0, 0x00, 0x3F, 0x40, 0x00, 0x0F, 0xF0, 0x00, 0xFD, 0x00, 0x00, 0x1F, 0xD0,
    0x03, 0xF4, 0x00, 0x00, 0x3F, 0xC0, 0x0F, 0xD0, 0x00, 0x00, 0x3F, 0x80, 0x3F, 0x40, 0x00, 0x00,
    0xBF, 0x40, 0x07, 0xF0, 0x00, 0x00, 0x00, 0x07, 0xF0, 0x00, 0x00, 0x00, 0x07, 0xF0, 0x00, 0x00,
    0x00, 0xFF, 0xFF, 0xFF, 0xC0, 0x00, 0xFF, 0xFF, 0xFF, 0xC0, 0x00, 0xFF, 0xFF, 0xFF, 0xC0, 0x00,
    0x07, 0xF0, 0x00, 0x00, 0x00, 0x07, 0xF0, 0x00, 0x00, 0x00, 0x07, 0xF0, 0x00, 0x0B, 0xF0, 0x07,
    0xF0, 0x00, 0x2F, 0xC0, 0x07, 0xF0, 0x00, 0x7F, 0x00, 0x07, 0xF0, 0x01, 0xFD, 0x00, 0x07, 0xF0,
    0x03, 0xF8, 0x00, 0x07, 0xF0, 0x0F, 0xE0, 0x00, 0x07, 0xF0, 0x3F, 0xC0, 0x00, 0x07, 0xF0, 0xBF,
    0x00, 0x00, 0x07, 0xF2, 0xFC, 0x00, 0x00, 0x07, 0xF7, 0xF0, 0x00, 0x00, 0x07, 0xFF, 0xF0, 0x00,
    0x00, 0x07, 0xF3, 0xFC, 0x00, 0x00, 0x07, 0xF0, 0xFE, 0x00, 0x00, 0x07, 0xF0, 0x7F, 0x80, 0x00,
    0x07, 0xF0, 0x1F, 0xD0, 0x00, 0x07, 0xF0, 0x0B, 0xF4, 0x00, 0x07, 0xF0, 0x02, 0xFC, 0x00, 0x07,
    0xF0, 0x00, 0xFF, 0x00, 0x07, 0xF0, 0x00, 0x3F, 0xC0, 0x07, 0xF0, 0x00, 0x0F, 0xF0, 0x07, 0xF0,
    0x00, 0x03, 0xF8, 0xFF, 0xFF, 0xD0, 0x00, 0x00, 0x3F, 0x8F, 0xFF, 0xFD, 0x00, 0x00, 0x0F, 0xF0,
    0xFF, 0xFF, 0xD0, 0x00, 0x03, 0xFC, 0x00, 0x00, 0xFD, 0x00, 0x00, 0xFF, 0x00, 0x00, 0x0F, 0xD0,
    0x00, 0x3F, 0xC0, 0x00, 0x00, 0xFD, 0x00, 0x0B, 0xF0, 0x00, 0x00, 0x0F, 0xD0, 0x02, 0xFD, 0x00,
    0x00, 0x00, 0xFD, 0x00, 0xBF, 0x40, 0x00, 0x00, 0x0F, 0xD0, 0x1F, 0xE0, 0x00, 0x00, 0x00, 0xFD,
    0x07, 0xF8, 0x00, 0x00, 0x00, 0x0F, 0xD1, 0xFE, 0x00, 0x00, 0x00, 0x00, 0xFD, 0x3F, 0xC0, 0x00,
    0x00, 0x00, 0x0F, 0xEF, 0xF0, 0x00, 0x00, 0x00, 0x00, 0xFE, 0xFF, 0x00, 0x00, 0x00, 0x00, 0x0F,
    0xD7, 0xFC, 0x00, 0x00, 0x00, 0x00, 0xFD, 0x1F, 0xE0, 0x00, 0x00, 0x00, 0x0F, 0xD0, 0xBF, 0x80,
    0x00, 0x00, 0x00, 0xFD, 0x02, 0xFD, 0x00, 0x00, 0x00, 0x0F, 0xD0, 0x0F, 0xF4, 0x00, 0x00, 0x00,
    0xFD, 0x00, 0x3F, 0xC0, 0x00, 0x00, 0x0F, 0xD0, 0x00, 0xFF, 0x00, 0x00, 0x00, 0xFD, 0x00, 0x03,
    0xFC, 0x00, 0x00, 0x0F, 0xD0, 0x00, 0x1F, 0xE0, 0x00, 0x00, 0xFD, 0x00, 0x00, 0x7F, 0x80, 0x00,
    0x0F, 0xD0, 0x00, 0x02, 0xFD, 0x00, 0x00, 0xFD, 0x00, 0x00, 0x0B, 0xF4, 0x00, 0x0F, 0xD0, 0x00,
    0x00, 0x3F, 0xC0, 0xBF, 0xFF, 0xF4, 0x00, 0x07, 0xF4, 0xBF, 0xFF, 0xF4, 0x00, 0x0F, 0xD0, 0x7F,
    0xFF, 0xF4, 0x00, 0x3F, 0x80, 0x00, 0x03, 0xF4, 0x00, 0xFE, 0x00, 0x00, 0x03, 0xF4, 0x02, 0xFC,
    0x00, 0x00, 0x03, 0xF4, 0x0B, 0xF0, 0x00, 0x00, 0x03, 0xF4, 0x1F, 0xC0, 0x00, 0x00, 0x03, 0xF4,
    0x7F, 0x40, 0x00, 0x00, 0x03, 0xF4, 0xFD, 0x00, 0x00, 0x00, 0x03, 0xFB, 0xF8, 0x00, 0x00, 0x00,
    0x03, 0xFF, 0xF4, 0x00, 0x00, 0x00, 0x03, 0xF6, 0xFD, 0x00, 0x00, 0x00, 0x03, 0xF4, 0xBF, 0x00,
    0x00, 0x00, 0x03, 0xF4, 0x3F, 0xC0, 0x00, 0x00, 0x03, 0xF4, 0x0F, 0xF0, 0x00, 0x00, 0x03, 0xF4,
    0x03, 0xF8, 0x00, 0x00, 0x03, 0xF4, 0x01, 0xFE, 0x00, 0x00, 0x03, 0xF4, 0x00, 0x7F, 0x40, 0x00,
    0x03, 0xF4, 0x00, 0x2F, 0xD0, 0x00, 0x03, 0xF4, 0x00, 0x0B, 0xF0, 0x00, 0x03, 0xF4, 0x00, 0x03,
    0xFC, 0xFD, 0x00, 0x00, 0x00, 0x3F, 0x40, 0xFD, 0x00, 0x00, 0x00, 0x3F, 0x40, 0xFD, 0x00, 0x00,
    0x00, 0x3F, 0x40, 0xFD, 0x00, 0x00, 0x00, 0x3F, 0x40, 0xFD, 0x00, 0x00, 0x00, 0x3F, 0x40, 0xFD,
    0x00, 0x00, 0x00, 0x3F, 0x40, 0xFD, 0x00, 0x00, 0x00, 0x3F, 0x40, 0xFD, 0x00, 0x00, 0x00, 0x3F,
    0x40, 0xFD, 0x00, 0x00, 0x00, 0x3F, 0x40, 0xFD, 0x00, 0x00, 0x00, 0x3F, 0x40, 0xFD, 0x00, 0x00,
    0x00, 0x3F, 0x40, 0xFF, 0xFF, 0xFF, 0xFF, 0xFF, 0x40, 0xFF, 0xFF, 0xFF, 0xFF, 0xFF, 0x40, 0xFF,
    0xFF, 0xFF, 0xFF, 0xFF, 0x40, 0xFD, 0x00, 0x00, 0x00, 0x3F, 0x40, 0xFD, 0x00, 0x00, 0x00, 0x3F,
    0x40, 0xFD, 0x00, 0x00, 0x00, 0x3F, 0x40, 0xFD, 0x00, 0x00, 0x00, 0x3F, 0x40, 0xFD, 0x00, 0x00,
    0x00, 0x3F, 0x40, 0xFD, 0x00, 0x00, 0x00, 0x3F, 0x40, 0xFD, 0x00, 0x00, 0x00, 0x3F, 0x40, 0xFD,
    0x00, 0x00, 0x00, 0x3F, 0x40, 0xFD, 0x00, 0x00, 0x00, 0x3F, 0x40, 0xFD, 0x00, 0x00, 0x00, 0x3F,
    0x40, 0xFD, 0x00, 0x00, 0x00, 0x3F, 0xFF, 0xFD, 0x00, 0x00, 0x00, 0x3F, 0xFF, 0xFD, 0x00, 0x00,
    0x00, 0x3F, 0xFF, 0x00, 0x00, 0x00, 0x00, 0x00, 0x7F, 0x00, 0x00, 0x00, 0x00, 0x00, 0x7F, 0x00,
    0x00, 0x00, 0x00, 0x00, 0x7F, 0x00, 0x00, 0x00, 0x00, 0x00, 0x7F, 0x00, 0x00, 0x00, 0x00, 0x00,
    0x7F, 0x00, 0x00, 0x00, 0x00, 0x00, 0x7F, 0x00, 0x00, 0x00, 0x00, 0x00, 0x7F, 0xFD, 0x00, 0x00,
    0x0F, 0xD0, 0x3F, 0x40, 0x00, 0x03, 0xF4, 0x0F, 0xD0, 0x00, 0x00, 0xFD, 0x03, 0xF4, 0x00, 0x00,
    0x3F, 0x40, 0xFD, 0x00, 0x00, 0x0F, 0xD0, 0x3F, 0x40, 0x00, 0x03, 0xF4, 0x0F, 0xD0, 0x00, 0x00,
    0xFD, 0x03, 0xF4, 0x00, 0x00, 0x3F, 0x40, 0xFD, 0x00, 0x00, 0x0F, 0xD0, 0x3F, 0xFF, 0xFF, 0xFF,
    0xF4, 0x0F, 0xFF, 0xFF, 0xFF, 0xFD, 0x03, 0xFF, 0xFF, 0xFF, 0xFF, 0x40, 0xFD, 0x00, 0x00, 0x0F,
    0xD0, 0x3F, 0x40, 0x00, 0x03, 0xF4, 0x0F, 0xD0, 0x00, 0x00, 0xFD, 0x03, 0xF4, 0x00, 0x00, 0x3F,
    0x40, 0xFD, 0x00, 0x00, 0x0F, 0xD0, 0x3F, 0x40, 0x00, 0x03, 0xF4, 0x0F, 0xD0, 0x00, 0x00, 0xFF,
    0xF7, 0xF4, 0x00, 0x00, 0x3F, 0xFD, 0xFD, 0x00, 0x00, 0x0F, 0xFF, 0x40, 0x00, 0x00, 0x00, 0x0F,
    0xD0, 0x00, 0x00, 0x00, 0x03, 0xF4, 0x00, 0x00, 0x00, 0x00, 0xFD, 0x00, 0x00, 0x00, 0x00, 0x3F,
    0x40, 0x00, 0x00, 0x00, 0x0F, 0xD0, 0x00, 0x00, 0x00, 0x03, 0xF4, 0x00, 0x00, 0x00, 0x00, 0xFD,
    0xFD, 0x00, 0x00, 0x00, 0x3F, 0xFF, 0xFB, 0xF4, 0x00, 0x00, 0x00, 0xFF, 0xFF, 0xEF, 0xD0, 0x00,
    0x00, 0x03, 0xFF, 0xFF, 0x7F, 0x40, 0x00, 0x00, 0x0F, 0xD0, 0x00, 0xFD, 0x00, 0x00, 0x00, 0x3F,
    0x40, 0x03, 0xF4, 0x00, 0x00, 0x00, 0xFD, 0x00, 0x0F, 0xD0, 0x00, 0x00, 0x03, 0xF4, 0x00, 0x3F,
    0x40, 0x00, 0x00, 0x0F, 0xD0, 0x00, 0xFD, 0x00, 0x00, 0x00, 0x3F, 0x40, 0x03, 0xF4, 0x00, 0x00,
    0x00, 0xFD, 0x00, 0x0F, 0xD0, 0x00, 0x00, 0x03, 0xF4, 0x00, 0x3F, 0xFF, 0xFF, 0xFF, 0xFF, 0xD0,
    0x00, 0xFF, 0xFF, 0xFF, 0xFF, 0xFF, 0x40, 0x03, 0xFF, 0xFF, 0xFF, 0xFF, 0xFD, 0x00, 0x0F, 0xD0,
    0x00, 0x00, 0x03, 0xF4, 0x00, 0x3F, 0x40, 0x00, 0x00, 0x0F, 0xD0, 0x00, 0xFD, 0x00, 0x00, 0x00,
    0x3F, 0x40, 0x03, 0xF4, 0x00, 0x00, 0x00, 0xFD, 0x00, 0x0F, 0xD0, 0x00, 0x00, 0x03, 0xF4, 0x00,
    0x3F, 0x40, 0x00, 0x00, 0x0F, 0xD0, 0x00, 0xFD, 0x00, 0x00, 0x00, 0x3F, 0x40, 0x03, 0xF4, 0x00,
    0x00, 0x00, 0xFD, 0x00, 0x0F, 0xD0, 0x00, 0x00, 0x03, 0xF4, 0x00, 0x3F, 0x40, 0x00, 0x00, 0x0F,
    0xD0, 0x00, 0xFD, 0x00, 0x00, 0x00, 0x3F, 0x40, 0x03, 0xF4, 0x00, 0x00, 0x00, 0xFD, 0x00, 0x0F,
    0xD0, 0x00, 0x00, 0x03, 0xF4, 0x00, 0x00, 0xFD, 0x00, 0x00, 0x0F, 0xFF, 0xFF, 0xFD, 0x00, 0x00,
    0x0F, 0xFF, 0xFF, 0xFD, 0x00, 0x00, 0x0F, 0xFF, 0xFF, 0xFD, 0x00, 0x00, 0x0F, 0xD0, 0x00, 0xFD,
    0x00, 0x00, 0x0F, 0xD0, 0x00, 0xFD, 0x00, 0x00, 0x0F, 0xD0, 0x00, 0xFD, 0x00, 0x00, 0x0F, 0xD0,
    0x00, 0xFD, 0x00, 0x00, 0x0F, 0xD0, 0x00, 0xFD, 0x00, 0x00, 0x0F, 0xD0, 0x00, 0xFF, 0xFF, 0xFF,
    0xFF, 0xD0, 0x00, 0xFF, 0xFF, 0xFF, 0xFF, 0xD0, 0x00, 0xFF, 0xFF, 0xFF, 0xFF, 0xD0, 0x00, 0xFD,
    0x00, 0x00, 0x0F, 0xD0, 0x00, 0xFD, 0x00, 0x00, 0x0F, 0xD0, 0x00, 0xFD, 0x00, 0x00, 0x0F, 0xD0,
    0x00, 0xFD, 0x00, 0x00, 0x0F, 0xD0, 0x00, 0xFD, 0x00, 0x00, 0x0F, 0xD0, 0x00, 0xFD, 0x00, 0x00,
    0x0F, 0xD0, 0x00, 0xFD, 0x00, 0x00, 0x0F, 0xD0, 0x00, 0xFD, 0x00, 0x00, 0x0F, 0xD0, 0x00, 0xFD,
    0x00, 0x00, 0x0F, 0xD0, 0x00, 0xFF, 0xFF, 0xFF, 0xFF, 0xFC, 0x00, 0x00, 0x00, 0x03, 0xFF, 0xFF,
    0xFF, 0xFF, 0xF0, 0x00, 0x00, 0x00, 0x0F, 0xFF, 0xFF, 0xFF, 0xFF, 0xC0, 0x00, 0x00, 0x00, 0x3F,
    0x40, 0x00, 0x00, 0x7F, 0x00, 0x00, 0x00, 0x00, 0xFD, 0x00, 0x00, 0x01, 0xFC, 0x00, 0x00, 0x00,
    0x03, 0xF4, 0x00, 0x00, 0x07, 0xF0, 0x00, 0x00, 0x00, 0x0F, 0xD0, 0x00, 0x00, 0x1F, 0xC0, 0x00,
    0x00, 0x00, 0x3F, 0x40, 0x00, 0x00, 0x7F, 0x00, 0x00, 0x00, 0x00, 0xFD, 0x00, 0x00, 0x01, 0xFC,
    0x00, 0x00, 0x00, 0x03, 0xF4, 0x00, 0x00, 0x07, 0xF0, 0x00, 0x00, 0x00, 0x0F, 0xD0, 0x00, 0x00,
    0x1F, 0xC0, 0x00, 0x00, 0x00, 0x3F, 0x40, 0x00, 0x00, 0x7F, 0xBF, 0xE9, 0x00, 0x00, 0xFD, 0x00,
    0x00, 0x01, 0xFF, 0xFF, 0xFF, 0x80, 0x03, 0xF4, 0x00, 0x00, 0x07, 0xFF, 0xFF, 0xFF, 0xD0, 0x0F,
    0xD0, 0x00, 0x00, 0x1F, 0xC0, 0x01, 0xFF, 0xD0, 0x3F, 0x40, 0x00, 0x00, 0x7F, 0x00, 0x00, 0x7F,
    0xC0, 0xFD, 0x00, 0x00, 0x01, 0xFC, 0x00, 0x00, 0x3F, 0xC3, 0xF4, 0x00, 0x00, 0x07, 0xF0, 0x00,
    0x00, 0x7F, 0x4F, 0xD0, 0x00, 0x00, 0x1F, 0xC0, 0x00, 0x00, 0xFE, 0x3F, 0x40, 0x00, 0x00, 0x7F,
    0x00, 0x00, 0x02, 0xFC, 0xFD, 0x00, 0x00, 0x01, 0xFC, 0x00, 0x00, 0x07, 0xF3, 0xF4, 0x00, 0x00,
    0x07, 0xF0, 0x00, 0x00, 0x0F, 0xDF, 0xD0, 0x00, 0x00, 0x1F, 0xC0, 0x00, 0x00, 0x3F, 0x7F, 0x40,
    0x00, 0x00, 0x7F, 0x00, 0x00, 0x00, 0xFD, 0xFD, 0x00, 0x00, 0x01, 0xFC, 0x00, 0x00, 0x03, 0xF7,
    0xF4, 0x00, 0x00, 0x07, 0xF0, 0x00, 0x00, 0x0F, 0xDF, 0xD0, 0x00, 0x00, 0x1F, 0xC0, 0x00, 0x00,
    0x3F, 0x40, 0x00, 0x00, 0x00, 0x00, 0x00, 0x00, 0x01, 0xFC, 0x00, 0x00, 0x00, 0x00, 0x00, 0x00,
    0x00, 0x0B, 0xF0, 0x00, 0x00, 0x00, 0x00, 0x00, 0x00, 0x00, 0x3F, 0x80, 0x00, 0x00, 0x00, 0x00,
    0x00, 0x00, 0x02, 0xFC, 0x00, 0x00, 0x00, 0x00, 0x00, 0x00, 0x00, 0x1F, 0xE0, 0x00, 0x00, 0x00,
    0x00, 0x01, 0x40, 0x02, 0xFF, 0x00, 0x00, 0x00, 0x00, 0x00, 0x0B, 0xFF, 0xFF, 0xF0, 0x00, 0x00,
    0x00, 0x00, 0x00, 0x2F, 0xFF, 0xFE, 0x00, 0x00, 0x00, 0x00, 0x00, 0x00, 0x2B, 0xFF, 0x80, 0x00,
    0xFF, 0xFF, 0xFF, 0xFF, 0x40, 0x00, 0x00, 0xFF, 0xFF, 0xFF, 0xFF, 0x40, 0x00, 0x00, 0xFF, 0xFF,
    0xFF, 0xFF, 0x40, 0x00, 0x00, 0xFD, 0x00, 0x00, 0x3F, 0x40, 0x00, 0x00, 0xFD, 0x00, 0x00, 0x3F,
    0x40, 0x00, 0x00, 0xFD, 0x00, 0x00, 0x3F, 0x40, 0x00, 0x00, 0xFD, 0x00, 0x00, 0x3F, 0x40, 0x00,
    0x00, 0xFD, 0x00, 0x00, 0x3F, 0x40, 0x00, 0x00, 0xFD, 0x00, 0x00, 0x3F, 0x40, 0x00, 0x00, 0xFD,
    0x00, 0x00, 0x3F, 0xFF, 0xE4, 0x00, 0xFD, 0x00, 0x00, 0x3F, 0xFF, 0xFF, 0x40, 0xFD, 0x00, 0x00,
    0x3F, 0xFF, 0xFF, 0xD0, 0xFD, 0x00, 0x00, 0x3F, 0x80, 0x1F, 0xF0, 0xFD, 0x00, 0x00, 0x3F, 0x40,
    0x03, 0xFC, 0xFD, 0x00, 0x00, 0x3F, 0x40, 0x01, 0xFC, 0xFD, 0x00, 0x00, 0x3F, 0x40, 0x00, 0xFE,
    0xFD, 0x00, 0x00, 0x3F, 0x40, 0x00, 0xFF, 0xFD, 0x00, 0x00, 0x3F, 0x40, 0x00, 0xBF, 0xFD, 0x00,
    0x00, 0x3F, 0x40, 0x00, 0xBF, 0xFD, 0x00, 0x00, 0x3F, 0x40, 0x00, 0x7F, 0xFD, 0x00, 0x00, 0x3F,
    0x40, 0x00, 0xBF, 0x00, 0x00, 0x00, 0x00, 0x00, 0x00, 0xBF, 0x00, 0x00, 0x00, 0x00, 0x00, 0x00,
    0xBF, 0x00, 0x00, 0x00, 0x00, 0x00, 0x00, 0xFE, 0x00, 0x00, 0x00, 0x00, 0x00, 0x00, 0xFD, 0x00,
    0x00, 0x00, 0x00, 0x00, 0x02, 0xFC, 0x00, 0x00, 0x00, 0x00, 0x50, 0x0B, 0xF8, 0x00, 0x00, 0x00,
    0x00, 0x7F, 0xFF, 0xF0, 0x00, 0x00, 0x00, 0x00, 0x7F, 0xFF, 0xC0, 0x00, 0x00, 0x00, 0x00, 0x1B,
    0xFD, 0x00, 0x00, 0x01, 0xBF, 0xFE, 0x00, 0x00, 0x00, 0x02, 0xFF, 0xFF, 0xE0, 0x00, 0x00, 0x00,
    0xFF, 0xFF, 0xFD, 0x00, 0x00, 0x00, 0x3F, 0xF4, 0x00, 0x00, 0x00, 0x00, 0x0B, 0xF8, 0x00, 0x01,
    0xBE, 0x00, 0x01, 0xFE, 0x00, 0x00, 0xFF, 0xFE, 0x00, 0x3F, 0xC0, 0x00, 0x3F, 0xFF, 0xF8, 0x03,
    0xF4, 0x00, 0x0B, 0xF4, 0x3F, 0xC0, 0x7F, 0x00, 0x00, 0xFE, 0x00, 0xFE, 0x0B, 0xF0, 0x00, 0x1F,
    0xC0, 0x0B, 0xF0, 0xFE, 0x00, 0x02, 0xFC, 0x00, 0x7F, 0x0F, 0xE0, 0x00, 0x3F, 0x80, 0x03, 0xF4,
    0xFE, 0x00, 0x03, 0xF8, 0x00, 0x3F, 0x4F, 0xD0, 0x00, 0x3F, 0x40, 0x03, 0xF4, 0xFE, 0x00, 0x03,
    0xF8, 0x00, 0x3F, 0x4F, 0xE0, 0x00, 0x3F, 0x80, 0x03, 0xF4, 0xFE, 0x00, 0x03, 0xF8, 0x00, 0x3F,
    0x4B, 0xF0, 0x00, 0x2F, 0xC0, 0x07, 0xF0, 0x7F, 0x00, 0x01, 0xFC, 0x00, 0xBF, 0x03, 0xF8, 0x00,
    0x0F, 0xD0, 0x0F, 0xD0, 0x2F, 0xC0, 0x00, 0xFF, 0x02, 0xFC, 0x00, 0xFF, 0x00, 0x07, 0xF4, 0x7F,
    0x80, 0x0B, 0xFC, 0x00, 0x3F, 0xDF, 0xF0, 0x00, 0x2F, 0xF8, 0x00, 0xFF, 0xFC, 0x00, 0x00, 0xBF,
    0xFF, 0xFF, 0xFF, 0x40, 0x00, 0x01, 0xFF, 0xFF, 0xFF, 0xFF, 0xFE, 0x00, 0x00, 0xBF, 0xFE, 0x6F,
    0xFF, 0xE0, 0x00, 0x00, 0x00, 0x00, 0x2F, 0xFD, 0x00, 0x1B, 0xFE, 0x00, 0x00, 0x00, 0x7F, 0xFF,
    0xC0, 0x00, 0x00, 0x7F, 0xFF, 0xE0, 0x00, 0x00, 0x3F, 0xD0, 0x00, 0x00, 0x00, 0x2F, 0xC0, 0x00,
    0xAE, 0x40, 0x0F, 0xD0, 0x01, 0xFF, 0xFC, 0x07, 0xF0, 0x01, 0xFF, 0xFF, 0xC2, 0xFC, 0x00, 0xFF,
    0x0B, 0xF4, 0xFE, 0x00, 0x3F, 0x40, 0xFE, 0x3F, 0x80, 0x1F, 0xC0, 0x2F, 0xCF, 0xD0, 0x07, 0xF0,
    0x0B, 0xF3, 0xF8, 0x01, 0xFC, 0x01, 0xFC, 0xFE, 0x00, 0x7F, 0x00, 0xBF, 0x2F, 0xC0, 0x0F, 0xD0,
    0x3F, 0x87, 0xF0, 0x03, 0xF8, 0x0F, 0xD0, 0xFD, 0x00, 0xBF, 0x0B, 0xF0, 0x2F, 0xC0, 0x0F, 0xFB,
    0xF4, 0x03, 0xFD, 0x01, 0xFF, 0xF4, 0x00, 0x3F, 0xFF, 0xFF, 0xF8, 0x00, 0x03, 0xFF, 0xFF, 0xFF,
    0xFE, 0x00, 0x1B, 0xFF, 0x5F, 0xFF, 0x80, 0x00, 0x00, 0x00, 0x6F, 0x90, 0x00, 0x00, 0x6F, 0xFF,
    0x90, 0x00, 0x02, 0xFF, 0xFF, 0xFF, 0x80, 0x07, 0xFF, 0xFF, 0xFF, 0xE0, 0x07, 0xFE, 0x40, 0x01,
    0xF0, 0x07, 0xFD, 0x00, 0x00, 0x00, 0x03, 0xFC, 0x00, 0x00, 0x00, 0x02, 0xFD, 0x00, 0x00, 0x00,
    0x00, 0xFF, 0x00, 0x00, 0x00, 0x00, 0x7F, 0x40, 0x00, 0x00, 0x00, 0x2F, 0xC0, 0x00, 0x00, 0x00,
    0x0F, 0xF0, 0x00, 0x00, 0x00, 0x03, 0xF8, 0x00, 0x00, 0x00, 0x00, 0xFE, 0x00, 0x00, 0x00, 0x00,
    0x3F, 0x40, 0x00, 0x00, 0x00, 0x0F, 0xE0, 0x00, 0x00, 0x00, 0x03, 0xF8, 0x00, 0x00, 0x00, 0x00,
    0xFE, 0x00, 0x00, 0x00, 0x00, 0x2F, 0xC0, 0x00, 0x00, 0x00, 0x07, 0xF4, 0x00, 0x00, 0x00, 0x00,
    0xFE, 0x00, 0x00, 0x00, 0x00, 0x2F, 0xC0, 0x00, 0x00, 0x00, 0x03, 0xFC, 0x00, 0x00, 0x00, 0x00,
    0xBF, 0xC0, 0x00, 0x00, 0x00, 0x0F, 0xFE, 0x00, 0x00, 0x60, 0x00, 0xBF, 0xFF, 0xFF, 0xFC, 0x00,
    0x07, 0xFF, 0xFF, 0xFF, 0x00, 0x00, 0x1B, 0xFF, 0xF9, 0x00, 0x00, 0x00, 0x2F, 0x00, 0x00, 0x00,
    0x00, 0x03, 0xF0, 0x00, 0x00, 0x00, 0x00, 0x7D, 0x00, 0x00, 0x00, 0x00, 0x0F, 0xC0, 0x00, 0x00,
    0x00, 0x07, 0xF0, 0x00, 0x00, 0x00, 0x7F, 0xF8, 0x00, 0x00, 0x00, 0x1F, 0xFC, 0x00, 0x00, 0x00,
    0x03, 0xFD, 0x00, 0x00, 0x00, 0x1B, 0xFF, 0x90, 0x03, 0xFF, 0xFF, 0xE0, 0x7F, 0xFF, 0xFF, 0x43,
    0xFD, 0x00, 0x18, 0x2F, 0xC0, 0x00, 0x00, 0xFD, 0x00, 0x00, 0x0B, 0xF0, 0x00, 0x00, 0x2F, 0xC0,
    0x00, 0x00, 0xFE, 0x00, 0x00, 0x03, 0xF8, 0x00, 0x00, 0x0F, 0xD0, 0x00, 0x00, 0x3F, 0x80, 0x00,
    0x00, 0xFE, 0x00, 0x00, 0x03, 0xFC, 0x00, 0x00, 0x0B, 0xF0, 0x00, 0x00, 0x0F, 0xD0, 0x00, 0x00,
    0x3F, 0xC0, 0x00, 0x00, 0x3F, 0xD0, 0x01, 0x90, 0x7F, 0xFF, 0xFF, 0x80, 0x7F, 0xFF, 0xFD, 0x00,
    0x1B, 0xFF, 0x90, 0x00, 0x0B, 0xC0, 0x00, 0x00, 0x0B, 0xC0, 0x00, 0x00, 0x0F, 0x80, 0x00, 0x00,
    0x3F, 0x00, 0x00, 0x00, 0xFC, 0x00, 0x00, 0xFF, 0xE0, 0x00, 0x03, 0xFF, 0x40, 0x00, 0x0F, 0xF4,
    0x00, 0xFF, 0xFF, 0xFF, 0xFF, 0xFF, 0xFF, 0xFF, 0xFF, 0xFF, 0xFF, 0xFF, 0xFF, 0xFF, 0xFF, 0xFF,
    0x00, 0x00, 0x7F, 0x00, 0x00, 0x00, 0x00, 0x7F, 0x00, 0x00, 0x00, 0x00, 0x7F, 0x00, 0x00, 0x00,
    0x00, 0x7F, 0x00, 0x00, 0x00, 0x00, 0x7F, 0x00, 0x00, 0x00, 0x00, 0x7F, 0x00, 0x00, 0x00, 0x00,
    0x7F, 0x00, 0x00, 0x00, 0x00, 0x7F, 0x00, 0x00, 0x00, 0x00, 0x7F, 0x00, 0x00, 0x00, 0x00, 0x7F,
    0x00, 0x00, 0x00, 0x00, 0x7F, 0x00, 0x00, 0x00, 0x00, 0x7F, 0x00, 0x00, 0x00, 0x00, 0x7F, 0x00,
    0x00, 0x00, 0x00, 0x7F, 0x00, 0x00, 0x00, 0x00, 0x7F, 0x00, 0x00, 0x00, 0x00, 0x7F, 0x00, 0x00,
    0x00, 0x00, 0x7F, 0x00, 0x00, 0x00, 0x00, 0x7F, 0x00, 0x00, 0x00, 0x00, 0x7F, 0x00, 0x00, 0x00,
    0x00, 0x7F, 0x00, 0x00, 0x00, 0x00, 0x7F, 0x00, 0x00, 0x00, 0x00, 0x7F, 0xFC, 0x00, 0x00, 0x00,
    0x7F, 0xFC, 0x00, 0x00, 0x00, 0x7F, 0xFC, 0x00, 0x00, 0x00, 0x00, 0xFC, 0x00, 0x00, 0x00, 0x00,
    0xFC, 0x00, 0x00, 0x00, 0x00, 0xFC, 0x00, 0x00, 0x00, 0x00, 0xFC, 0x00, 0x00, 0x00, 0x00, 0xFC,
    0x00, 0x00, 0x00, 0x00, 0xFC, 0x00, 0x00, 0x00, 0x00, 0xFC, 0x00, 0xFF, 0xFF, 0xFF, 0xFF, 0xFF,
    0xFF, 0xFF, 0xFF, 0xFF, 0xFF, 0xFF, 0xFF, 0x00, 0x07, 0xF0, 0x00, 0x00, 0x07, 0xF0, 0x00, 0x00,
    0x07, 0xF0, 0x00, 0x00, 0x07, 0xF0, 0x00, 0x00, 0x07, 0xF0, 0x00, 0x00, 0x07, 0xF0, 0x00, 0x00,
    0x07, 0xF0, 0x00, 0x00, 0x07, 0xF0, 0x00, 0x00, 0x07, 0xF0, 0x00, 0x00, 0x07, 0xF0, 0x00, 0x00,
    0x07, 0xF0, 0x00, 0x00, 0x07, 0xF0, 0x00, 0x00, 0x07, 0xF0, 0x00, 0x00, 0x07, 0xF0, 0x00, 0x00,
    0x07, 0xF0, 0x00, 0x00, 0x07, 0xFF, 0xC0, 0x00, 0x07, 0xFF, 0xC0, 0x00, 0x07, 0xFF, 0xC0, 0x00,
    0x00, 0x1F, 0xC0, 0x00, 0x00, 0x1F, 0xC0, 0x00, 0x00, 0x1F, 0xC0, 0x00, 0x00, 0x1F, 0xC0, 0x00,
    0x00, 0x1F, 0xC0, 0x00, 0x00, 0x1F, 0xC0, 0x00, 0x00, 0x1F, 0xC0, 0xBF, 0x00, 0x00, 0x00, 0x1F,
    0xC3, 0xF8, 0x00, 0x00, 0x03, 0xF8, 0x2F, 0xC0, 0x00, 0x00, 0xBF, 0x00, 0xFE, 0x00, 0x00, 0x0F,
    0xE0, 0x0B, 0xF0, 0x00, 0x02, 0xFC, 0x00, 0x3F, 0x80, 0x00, 0x3F, 0x40, 0x01, 0xFC, 0x00, 0x0B,
    0xF0, 0x00, 0x0F, 0xE0, 0x00, 0xFD, 0x00, 0x00, 0x7F, 0x00, 0x2F, 0xC0, 0x00, 0x03, 0xF8, 0x03,
    0xF4, 0x00, 0x00, 0x1F, 0xC0, 0xBE, 0x00, 0x00, 0x00, 0xFE, 0x0F, 0xC0, 0x00, 0x00, 0x03, 0xF2,
    0xF8, 0x00, 0x00, 0x00, 0x2F, 0xFF, 0x00, 0x00, 0x00, 0x00, 0xFF, 0xE0, 0x00, 0x00, 0x00, 0x0B,
    0xFC, 0x00, 0x00, 0x00, 0x00, 0x3F, 0x80, 0x00, 0x00, 0x00, 0x03, 0xF4, 0x00, 0x00, 0x00, 0x00,
    0x3F, 0x40, 0x00, 0x00, 0x00, 0x03, 0xF4, 0x00, 0x00, 0x00, 0x00, 0x3F, 0x40, 0x00, 0x00, 0x00,
    0x03, 0xF4, 0x00, 0x00, 0x00, 0x00, 0x3F, 0x40, 0x00, 0x00, 0x00, 0x03, 0xF4, 0x00, 0x00, 0x00,
    0x00, 0x3F, 0x40, 0x00, 0x00, 0x00, 0x03, 0xF4, 0x00, 0x00, 0x00, 0x00, 0x3F, 0x40, 0x00, 0x00,
    0xBF, 0x00, 0x00, 0x01, 0xFC, 0x7F, 0x00, 0x00, 0x02, 0xFC, 0x3F, 0x80, 0x00, 0x03, 0xF4, 0x2F,
    0xC0, 0x00, 0x07, 0xF0, 0x0F, 0xD0, 0x00, 0x0F, 0xE0, 0x0F, 0xE0, 0x00, 0x0F, 0xD0, 0x07, 0xF0,
    0x00, 0x2F, 0xC0, 0x03, 0xF4, 0x00, 0x3F, 0x80, 0x02, 0xFC, 0x00, 0x7F, 0x00, 0x01, 0xFC, 0x00,
    0xBF, 0x00, 0x00, 0xFE, 0x00, 0xFD, 0x00, 0x00, 0xBF, 0x01, 0xFC, 0x00, 0x00, 0x3F, 0x02, 0xF8,
    0x00, 0x00, 0x3F, 0x83, 0xF4, 0x00, 0x00, 0x1F, 0xC7, 0xF0, 0x00, 0x00, 0x0F, 0xCB, 0xD0, 0x00,
    0x00, 0x0B, 0xDF, 0xC0, 0x00, 0x00, 0x07, 0xFF, 0x80, 0x00, 0x00, 0x03, 0xFF, 0x40, 0x00, 0x00,
    0x01, 0xFF, 0x00, 0x00, 0x00, 0x00, 0xFE, 0x00, 0x00, 0x00, 0x00, 0xFD, 0x00, 0x00, 0x00, 0x00,
    0xFD, 0x00, 0x00, 0x00, 0x00, 0xFD, 0x00, 0x00, 0x00, 0x00, 0xFD, 0x00, 0x00, 0x00, 0x00, 0xFD,
    0x00, 0x00, 0x00, 0x00, 0xFD, 0x00, 0x00, 0x00, 0x00, 0xFD, 0x00, 0x00, 0x00, 0x00, 0xFD, 0x00,
    0x00, 0x00, 0x00, 0xFD, 0x00, 0x00, 0x3F, 0x80, 0x00, 0x00, 0x1F, 0xC2, 0xFC, 0x00, 0x00, 0x03,
    0xF8, 0x0F, 0xE0, 0x00, 0x00, 0x7F, 0x00, 0x7F, 0x00, 0x00, 0x0F, 0xE0, 0x03, 0xF8, 0x00, 0x01,
    0xFC, 0x00, 0x1F, 0xD0, 0x00, 0x3F, 0x80, 0x00, 0xFF, 0x00, 0x07, 0xF0, 0x00, 0x07, 0xF4, 0x00,
    0xFE, 0x00, 0x00, 0x2F, 0xC0, 0x1F, 0xC0, 0x00, 0x00, 0xFD, 0x03, 0xF4, 0x00, 0x00, 0x0B, 0xF0,
    0x7F, 0x00, 0x00, 0x00, 0x3F, 0x4F, 0xD0, 0x00, 0x00, 0x02, 0xFE, 0xFC, 0x00, 0x00, 0x00, 0x0F,
    0xFF, 0x40, 0x00, 0x00, 0x00, 0x7F, 0xF0, 0x00, 0x00, 0x00, 0x03, 0xFD, 0x00, 0x00, 0x00, 0x00,
    0x2F, 0xC0, 0x00, 0x00, 0x0F, 0xFF, 0xFF, 0xFF, 0x00, 0x00, 0xFF, 0xFF, 0xFF, 0xF0, 0x00, 0x0F,
    0xFF, 0xFF, 0xFF, 0x00, 0x00, 0x00, 0x1F, 0xC0, 0x00, 0x00, 0x00, 0x01, 0xFC, 0x00, 0x00, 0x00,
    0x00, 0x1F, 0xC0, 0x00, 0x00, 0x00, 0x01, 0xFC, 0x00, 0x00, 0x00, 0x00, 0x1F, 0xC0, 0x00, 0x00,
    0x00, 0x01, 0xFC, 0x00, 0x00, 0x00, 0x00, 0x1F, 0xC0, 0x00, 0x00, 0xBF, 0x00, 0x00, 0x00, 0xFE,
    0x3F, 0x00, 0x00, 0x01, 0xFC, 0x3F, 0x80, 0x00, 0x02, 0xFC, 0x1F, 0xC0, 0x00, 0x03, 0xF4, 0x0F,
    0xD0, 0x00, 0x07, 0xF0, 0x0B, 0xE0, 0x00, 0x0F, 0xE0, 0x07, 0xF0, 0x00, 0x0F, 0xC0, 0x03, 0xF4,
    0x00, 0x2F, 0xC0, 0x02, 0xFC, 0x00, 0x3F, 0x40, 0x01, 0xFC, 0x00, 0x7F, 0x00, 0x00, 0xFD, 0x00,
    0xBE, 0x00, 0x00, 0xBF, 0x00, 0xFD, 0x00, 0x00, 0x3F, 0x02, 0xFC, 0x00, 0x00, 0x3F, 0x83, 0xF4,
    0x00, 0x00, 0x1F, 0xC3, 0xF0, 0x00, 0x00, 0x0F, 0xCB, 0xE0, 0x00, 0x00, 0x0B, 0xDF, 0xD0, 0x00,
    0x00, 0x07, 0xFF, 0xC0, 0x00, 0x00, 0x03, 0xFF, 0x80, 0x00, 0x00, 0x02, 0xFF, 0x00, 0x00, 0x00,
    0x00, 0xFE, 0x00, 0x00, 0x03, 0xFF, 0xFF, 0xFF, 0xC0, 0x03, 0xFF, 0xFF, 0xFF, 0xC0, 0x02, 0xAA,
    0xFF, 0xAA, 0x80, 0x00, 0x00, 0xFD, 0x00, 0x00, 0x00, 0x00, 0xFD, 0x00, 0x00, 0x00, 0x00, 0xFD,
    0x00, 0x00, 0x00, 0x00, 0xFD, 0x00, 0x00, 0x00, 0x00, 0xFD, 0x00, 0x00, 0x00, 0x00, 0xFD, 0x00,
    0x00, 0x3F, 0xC0, 0x00, 0x00, 0x2F, 0xC0, 0x0F, 0xE0, 0x00, 0x00, 0x3F, 0x40, 0x0B, 0xF0, 0x00,
    0x00, 0xFF, 0x00, 0x03, 0xFC, 0x00, 0x01, 0xFC, 0x00, 0x01, 0xFD, 0x00, 0x03, 0xF4, 0x00, 0x00,
    0xBF, 0x00, 0x0B, 0xF0, 0x00, 0x00, 0x3F, 0x80, 0x1F, 0xC0, 0x00, 0x00, 0x1F, 0xC0, 0x3F, 0x80,
    0x00, 0x00, 0x0B, 0xF0, 0xBF, 0x00, 0x00, 0x00, 0x03, 0xF4, 0xFC, 0x00, 0x00, 0x00, 0x01, 0xFF,
    0xF8, 0x00, 0x00, 0x00, 0x00, 0xFF, 0xF0, 0x00, 0x00, 0x00, 0x00, 0x3F, 0xD0, 0x00, 0x00, 0x00,
    0x00, 0x3F, 0xD0, 0x00, 0x00, 0x00, 0x00, 0xFF, 0xF0, 0x00, 0x00, 0x00, 0x01, 0xFF, 0xF8, 0x00,
    0x00, 0x00, 0x03, 0xF4, 0xFD, 0x00, 0x00, 0x00, 0x0B, 0xE0, 0xBF, 0x00, 0x00, 0x00, 0x1F, 0xC0,
    0x3F, 0x80, 0x00, 0x00, 0x3F, 0x40, 0x1F, 0xC0, 0x00, 0x00, 0xBF, 0x00, 0x0F, 0xF0, 0x00, 0x01,
    0xFC, 0x00, 0x03, 0xF4, 0x00, 0x03, 0xF8, 0x00, 0x02, 0xFC, 0x00, 0x0B, 0xF0, 0x00, 0x00, 0xFE,
    0x00, 0x0F, 0xD0, 0x00, 0x00, 0x7F, 0xFD, 0x3F, 0xC0, 0x00, 0x00, 0x3F, 0xFD, 0x7F, 0x00, 0x00,
    0x00, 0x0F, 0xFD, 0x00, 0x00, 0x00, 0x00, 0x00, 0xFD, 0x00, 0x00, 0x00, 0x00, 0x00, 0xFD, 0x00,
    0x00, 0x00, 0x00, 0x00, 0xFD, 0x00, 0x00, 0x00, 0x00, 0x00, 0xFD, 0x00, 0x00, 0x00, 0x00, 0x00,
    0xFD, 0x00, 0x00, 0x00, 0x00, 0x00, 0xFD, 0x00, 0x00, 0x00, 0x00, 0x00, 0xFD, 0x2F, 0xC0, 0x00,
    0x03, 0xF8, 0x03, 0xFC, 0x00, 0x03, 0xFC, 0x00, 0x3F, 0x80, 0x01, 0xFD, 0x00, 0x0B, 0xF0, 0x00,
    0xFE, 0x00, 0x00, 0xFF, 0x00, 0xFF, 0x00, 0x00, 0x0F, 0xD0, 0x7F, 0x00, 0x00, 0x01, 0xFC, 0x3F,
    0x80, 0x00, 0x00, 0x3F, 0xEF, 0xC0, 0x00, 0x00, 0x03, 0xFF, 0xC0, 0x00, 0x00, 0x00, 0x7F, 0xD0,
    0x00, 0x00, 0x00, 0x0F, 0xF0, 0x00, 0x00, 0x00, 0x0F, 0xFF, 0x00, 0x00, 0x00, 0x0B, 0xFF, 0xE0,
    0x00, 0x00, 0x03, 0xF5, 0xFC, 0x00, 0x00, 0x03, 0xF8, 0x2F, 0xC0, 0x00, 0x02, 0xFC, 0x03, 0xF8,
    0x00, 0x00, 0xFD, 0x00, 0x7F, 0x40, 0x00, 0xFF, 0x00, 0x0F, 0xF0, 0x00, 0xBF, 0x00, 0x00, 0xFF,
    0xF4, 0x3F, 0x40, 0x00, 0x1F, 0xFD, 0x3F, 0xC0, 0x00, 0x03, 0xFF, 0x40, 0x00, 0x00, 0x00, 0x0F,
    0xD0, 0x00, 0x00, 0x00, 0x03, 0xF4, 0x00, 0x00, 0x00, 0x00, 0xFD, 0x00, 0x00, 0x00, 0x00, 0x3F,
    0x40, 0x00, 0x00, 0x00, 0x0F, 0xD0, 0x00, 0x00, 0x00, 0x03, 0xF4, 0x00, 0x00, 0x00, 0x00, 0xFD,
    0xFF, 0xFF, 0xFF, 0xFF, 0xFF, 0x00, 0x7F, 0x00, 0xFF, 0xFF, 0xFF, 0xFF, 0xFF, 0x00, 0x7F, 0x00,
    0xFF, 0xFF, 0xFF, 0xFF, 0xFF, 0x00, 0x7F, 0x00, 0x00, 0x01, 0xFC, 0x00, 0x00, 0x00, 0x7F, 0x00,
    0x00, 0x01, 0xFC, 0x00, 0x00, 0x00, 0x7F, 0x00, 0x00, 0x01, 0xFC, 0x00, 0x00, 0x00, 0x7F, 0x00,
    0x00, 0x01, 0xFC, 0x00, 0x00, 0x00, 0x7F, 0x00, 0x00, 0x01, 0xFC, 0x00, 0x00, 0x00, 0x7F, 0x00,
    0x00, 0x01, 0xFC, 0x00, 0x00, 0x00, 0x7F, 0x00, 0x00, 0x01, 0xFC, 0x00, 0x00, 0x00, 0x7F, 0x00,
    0x00, 0x01, 0xFC, 0x00, 0x00, 0x00, 0x7F, 0x00, 0x00, 0x01, 0xFC, 0x00, 0x00, 0x00, 0x7F, 0x00,
    0x00, 0x01, 0xFC, 0x00, 0x00, 0x00, 0x7F, 0x00, 0x00, 0x01, 0xFC, 0x00, 0x00, 0x00, 0x7F, 0x00,
    0x00, 0x01, 0xFC, 0x00, 0x00, 0x00, 0x7F, 0x00, 0x00, 0x01, 0xFC, 0x00, 0x00, 0x00, 0x7F, 0x00,
    0x00, 0x01, 0xFC, 0x00, 0x00, 0x00, 0x7F, 0x00, 0x00, 0x01, 0xFC, 0x00, 0x00, 0x00, 0x7F, 0x00,
    0x00, 0x01, 0xFC, 0x00, 0x00, 0x00, 0x7F, 0x00, 0x00, 0x01, 0xFC, 0x00, 0x00, 0x00, 0x7F, 0x00,
    0x00, 0x01, 0xFC, 0x00, 0x00, 0x00, 0x7F, 0x00, 0x00, 0x01, 0xFC, 0x00, 0x00, 0x00, 0x7F, 0x00,
    0x00, 0x01, 0xFC, 0x00, 0x00, 0x00, 0x7F, 0x00, 0x00, 0x01, 0xFC, 0x00, 0x00, 0x00, 0x7F, 0x00,
    0x00, 0x01, 0xFF, 0xFF, 0xFF, 0xFF, 0xFF, 0xFD, 0x00, 0x01, 0xFF, 0xFF, 0xFF, 0xFF, 0xFF, 0xFD,
    0x00, 0x01, 0xFF, 0xFF, 0xFF, 0xFF, 0xFF, 0xFD, 0x00, 0x00, 0x00, 0x00, 0x00, 0x00, 0x00, 0xFD,
    0x00, 0x00, 0x00, 0x00, 0x00, 0x00, 0x00, 0xFD, 0x00, 0x00, 0x00, 0x00, 0x00, 0x00, 0x00, 0xFD,
    0x00, 0x00, 0x00, 0x00, 0x00, 0x00, 0x00, 0xFD, 0x00, 0x00, 0x00, 0x00, 0x00, 0x00, 0x00, 0xFD,
    0x00, 0x00, 0x00, 0x00, 0x00, 0x00, 0x00, 0xFD, 0x00, 0x00, 0x00, 0x00, 0x00, 0x00, 0x00, 0xFD,
    0xFF, 0xFF, 0xFF, 0xFF, 0x01, 0xFC, 0x0F, 0xFF, 0xFF, 0xFF, 0xF0, 0x1F, 0xC0, 0xFF, 0xFF, 0xFF,
    0xFF, 0x01, 0xFC, 0x00, 0x01, 0xFC, 0x00, 0x00, 0x1F, 0xC0, 0x00, 0x1F, 0xC0, 0x00, 0x01, 0xFC,
    0x00, 0x01, 0xFC, 0x00, 0x00, 0x1F, 0xC0, 0x00, 0x1F, 0xC0, 0x00, 0x01, 0xFC, 0x00, 0x01, 0xFC,
    0x00, 0x00, 0x1F, 0xC0, 0x00, 0x1F, 0xC0, 0x00, 0x01, 0xFC, 0x00, 0x01, 0xFC, 0x00, 0x00, 0x1F,
    0xC0, 0x00, 0x1F, 0xC0, 0x00, 0x01, 0xFC, 0x00, 0x01, 0xFC, 0x00, 0x00, 0x1F, 0xC0, 0x00, 0x1F,
    0xC0, 0x00, 0x01, 0xFC, 0x00, 0x01, 0xFC, 0x00, 0x00, 0x1F, 0xC0, 0x00, 0x1F, 0xC0, 0x00, 0x01,
    0xFC, 0x00, 0x01, 0xFC, 0x00, 0x00, 0x1F, 0xC0, 0x00, 0x1F, 0xC0, 0x00, 0x01, 0xFC, 0x00, 0x01,
    0xFC, 0x00, 0x00, 0x1F, 0xC0, 0x00, 0x1F, 0xFF, 0xFF, 0xFF, 0xFF, 0xF0, 0x01, 0xFF, 0xFF, 0xFF,
    0xFF, 0xFF, 0x00, 0x1F, 0xFF, 0xFF, 0xFF, 0xFF, 0xF0, 0x00, 0x00, 0x00, 0x00, 0x00, 0x7F, 0x00,
    0x00, 0x00, 0x00, 0x00, 0x07, 0xF0, 0x00, 0x00, 0x00, 0x00, 0x00, 0x7F, 0x00, 0x00, 0x00, 0x00,
    0x00, 0x07, 0xF0, 0x00, 0x00, 0x00, 0x00, 0x00, 0x7F, 0x00, 0x00, 0x00, 0x00, 0x00, 0x07, 0xF0,
    0x00, 0x00, 0x00, 0x00, 0x00, 0x7F, 0x00, 0x00, 0x00, 0x00, 0x00, 0x00, 0x00, 0xFD, 0x00, 0x00,
    0x00, 0xFD, 0x03, 0xF4, 0x00, 0x00, 0x03, 0xF4, 0x0F, 0xD0, 0x00, 0x00, 0x0F, 0xD0, 0x3F, 0x40,
    0x00, 0x00, 0x3F, 0x40, 0xFD, 0x00, 0x00, 0x00, 0xFD, 0x03, 0xF4, 0x00, 0x00, 0x03, 0xF4, 0x0F,
    0xD0, 0x00, 0x00, 0x0F, 0xD0, 0x3F, 0x40, 0x00, 0x00, 0x3F, 0x40, 0xFD, 0x00, 0x00, 0x00, 0xFD,
    0x03, 0xF4, 0x00, 0x00, 0x03, 0xF4, 0x0F, 0xE0, 0x00, 0x00, 0x0F, 0xD0, 0x3F, 0x80, 0x00, 0x00,
    0x3F, 0x40, 0xBF, 0x00, 0x00, 0x00, 0xFD, 0x01, 0xFF, 0x40, 0x01, 0xBF, 0xF4, 0x02, 0xFF, 0xFF,
    0xFF, 0xFF, 0xD0, 0x02, 0xFF, 0xFF, 0xFF, 0xBF, 0x40, 0x00, 0xBF, 0xFE, 0x40, 0xFD, 0x00, 0x00,
    0x00, 0x00, 0x03, 0xF4, 0x00, 0x00, 0x00, 0x00, 0x0F, 0xD0, 0x00, 0x00, 0x00, 0x00, 0x3F, 0x40,
    0x00, 0x00, 0x00, 0x00, 0xFD, 0x00, 0x00, 0x00, 0x00, 0x03, 0xF4, 0x00, 0x00, 0x00, 0x00, 0x0F,
    0xD0, 0x00, 0x00, 0x00, 0x00, 0x3F, 0x40, 0x00, 0x00, 0x00, 0x00, 0xFF, 0xFC, 0x00, 0x00, 0x00,
    0x03, 0xFF, 0xF0, 0x00, 0x00, 0x00, 0x0F, 0xFF, 0xC0, 0x00, 0x00, 0x00, 0x00, 0x7F, 0x00, 0x00,
    0x00, 0x00, 0x01, 0xFC, 0x00, 0x00, 0x00, 0x00, 0x07, 0xF0, 0x00, 0x00, 0x00, 0x00, 0x1F, 0xC0,
    0x00, 0x00, 0x00, 0x00, 0x7F, 0x00, 0x00, 0x00, 0x00, 0x01, 0xFC, 0x00, 0x00, 0x00, 0x00, 0x07,
    0xF0, 0xFD, 0x00, 0x00, 0x1F, 0xC0, 0xFD, 0x00, 0x00, 0x1F, 0xC0, 0xFD, 0x00, 0x00, 0x1F, 0xC0,
    0xFD, 0x00, 0x00, 0x1F, 0xC0, 0xFD, 0x00, 0x00, 0x1F, 0xC0, 0xFD, 0x00, 0x00, 0x1F, 0xC0, 0xFD,
    0x00, 0x00, 0x1F, 0xC0, 0xFD, 0x00, 0x00, 0x1F, 0xC0, 0xFE, 0x00, 0x00, 0x1F, 0xC0, 0xFF, 0x00,
    0x00, 0x7F, 0xC0, 0xBF, 0x80, 0x07, 0xFF, 0xC0, 0x3F, 0xFF, 0xFF, 0xFF, 0xC0, 0x0F, 0xFF, 0xFF,
    0x1F, 0xC0, 0x01, 0xFF, 0xE0, 0x1F, 0xC0, 0x00, 0x00, 0x00, 0x1F, 0xC0, 0x00, 0x00, 0x00, 0x1F,
    0xC0, 0x00, 0x00, 0x00, 0x1F, 0xC0, 0x00, 0x00, 0x00, 0x1F, 0xC0, 0x00, 0x00, 0x00, 0x1F, 0xFF,
    0x00, 0x00, 0x00, 0x1F, 0xFF, 0x00, 0x00, 0x00, 0x1F, 0xFF, 0x00, 0x00, 0x00, 0x00, 0x7F, 0x00,
    0x00, 0x00, 0x00, 0x7F, 0x00, 0x00, 0x00, 0x00, 0x7F, 0x00, 0x00, 0x00, 0x00, 0x7F, 0x00, 0x00,
    0x00, 0x00, 0x7F, 0x00, 0x00, 0x00, 0x00, 0x7F, 0x00, 0x00, 0x00, 0x00, 0x7F, 0xFD, 0x00, 0x00,
    0x00, 0xFD, 0xFD, 0x00, 0x00, 0x00, 0xFD, 0xFD, 0x00, 0x00, 0x00, 0xFD, 0xFD, 0x00, 0x00, 0x00,
    0xFD, 0xFD, 0x00, 0x00, 0x00, 0xFD, 0xFD, 0x00, 0x00, 0x00, 0xFD, 0xFD, 0x00, 0x00, 0x00, 0xFD,
    0xFD, 0x00, 0x00, 0x00, 0xFD, 0xFD, 0x00, 0x3C, 0x00, 0xFD, 0xFD, 0x00, 0x3C, 0x00, 0xFD, 0xFE,
    0x00, 0x3C, 0x00, 0xFD, 0xFE, 0x00, 0x3C, 0x00, 0xFD, 0xBF, 0x00, 0x3C, 0x00, 0xFD, 0x7F, 0xD0,
    0x3C, 0x1B, 0xFD, 0x2F, 0xFF, 0xFF, 0xFF, 0xFD, 0x07, 0xFF, 0xFF, 0xFE, 0xFD, 0x00, 0x6F, 0xFF,
    0x90, 0xFD, 0x00, 0x00, 0x3C, 0x00, 0xFD, 0x00, 0x00, 0x3C, 0x00, 0xFD, 0x00, 0x00, 0x3C, 0x00,
    0xFD, 0x00, 0x00, 0x3C, 0x00, 0xFD, 0x00, 0x00, 0x3C, 0x00, 0xFD, 0x00, 0x00, 0x3C, 0x00, 0xFD,
    0x00, 0x00, 0x00, 0x00, 0xFD, 0x00, 0x00, 0x00, 0x00, 0xFD, 0x00, 0x00, 0x00, 0x00, 0xFD, 0x00,
    0x00, 0x00, 0x00, 0xFD, 0xFD, 0x00, 0x00, 0x1F, 0xFF, 0x40, 0x00, 0x07, 0xFF, 0xD0, 0x00, 0x01,
    0xFF, 0xF4, 0x00, 0x00, 0x7F, 0xFD, 0x00, 0x00, 0x1F, 0xFF, 0x40, 0x00, 0x07, 0xFF, 0xD0, 0x3C,
    0x01, 0xFF, 0xF4, 0x0F, 0x00, 0x7F, 0xFE, 0x03, 0xC0, 0x1F, 0xFF, 0xC0, 0xF0, 0x1F, 0xFB, 0xF8,
    0x3C, 0x7F, 0xFC, 0xFF, 0xFF, 0xFF, 0xFF, 0x0F, 0xFF, 0xFE, 0x1F, 0xC0, 0xBF, 0xF8, 0x07, 0xF0,
    0x00, 0x3C, 0x01, 0xFC, 0x00, 0x0F, 0x00, 0x7F, 0x00, 0x03, 0xC0, 0x1F, 0xC0, 0x00, 0xF0, 0x07,
    0xF0, 0x00, 0x3C, 0x01, 0xFC, 0x00, 0x00, 0x00, 0x7F, 0x00, 0x00, 0x00, 0x1F, 0xC0, 0xFD, 0x00,
    0x00, 0x00, 0x00, 0xFD, 0x00, 0x00, 0x00, 0x00, 0xFD, 0x00, 0x00, 0x00, 0x00, 0xFD, 0x00, 0x00,
    0x00, 0x00, 0xFD, 0x00, 0x00, 0x00, 0x00, 0xFD, 0x00, 0x00, 0x00, 0x00, 0xFD, 0x00, 0x00, 0x00,
    0x00, 0xFD, 0x00, 0x00, 0x00, 0x00, 0xFD, 0x00, 0x00, 0x00, 0x00, 0xFD, 0x01, 0xAF, 0xE4, 0x00,
    0xFE, 0xBF, 0xFF, 0xFF, 0x80, 0xFF, 0xFF, 0xFF, 0xFF, 0xF0, 0xFF, 0xF9, 0x00, 0x1F, 0xF8, 0xFE,
    0x00, 0x00, 0x03, 0xFC, 0xFD, 0x00, 0x00, 0x01, 0xFD, 0xFD, 0x00, 0x00, 0x00, 0xFD, 0xFD, 0x00,
    0x00, 0x00, 0xFD, 0xFD, 0x00, 0x00, 0x00, 0xFD, 0xFD, 0x00, 0x00, 0x00, 0xFD, 0xFD, 0x00, 0x00,
    0x00, 0xFD, 0xFD, 0x00, 0x00, 0x00, 0xFD, 0xFD, 0x00, 0x00, 0x00, 0xFD, 0xFD, 0x00, 0x00, 0x00,
    0xFD, 0xFD, 0x00, 0x00, 0x00, 0xFD, 0xFD, 0x00, 0x00, 0x00, 0xFD, 0xFD, 0x00, 0x00, 0x00, 0xFD,
    0xFD, 0x00, 0x00, 0x00, 0xFD, 0xFD, 0x00, 0x00, 0x00, 0x3F, 0x40, 0x00, 0x00, 0x0F, 0xD0, 0x00,
    0x00, 0x03, 0xF4, 0x00, 0x00, 0x00, 0xFD, 0x00, 0x00, 0x00, 0x3F, 0x40, 0x00, 0x00, 0x0F, 0xD0,
    0x00, 0x00, 0x03, 0xF4, 0x00, 0x00, 0x00, 0xFD, 0x06, 0xFF, 0x90, 0x3F, 0x4F, 0xFF, 0xFE, 0x0F,
    0xDF, 0xFF, 0xFF, 0xE3, 0xFF, 0xD0, 0x07, 0xFD, 0xFF, 0xC0, 0x00, 0x3F, 0xBF, 0xD0, 0x00, 0x0F,
    0xFF, 0xF0, 0x00, 0x02, 0xFF, 0xF8, 0x00, 0x00, 0x7F, 0xFE, 0x00, 0x00, 0x1F, 0xFF, 0x80, 0x00,
    0x07, 0xFF, 0xD0, 0x00, 0x01, 0xFF, 0xF4, 0x00, 0x00, 0x7F, 0xFD, 0x00, 0x00, 0x1F, 0xFF, 0x40,
    0x00, 0x07, 0xFF, 0xD0, 0x00, 0x01, 0xFF, 0xF4, 0x00, 0x00, 0x7F, 0xFD, 0x00, 0x00, 0x1F, 0xFF,
    0x40, 0x00, 0x07, 0xFF, 0xD0, 0x00, 0x01, 0xFF, 0xF4, 0x00, 0x00, 0x7F, 0xFD, 0x00, 0x00, 0x1F,
    0xC0, 0x00, 0x00, 0x00, 0x2B, 0xFF, 0x90, 0x00, 0x00, 0x00, 0x00, 0xBF, 0xFF, 0xFF, 0x80, 0x00,
    0x00, 0x01, 0xFF, 0xFF, 0xFF, 0xFC, 0x00, 0x00, 0x01, 0xFF, 0x80, 0x01, 0xBF, 0xC0, 0x00, 0x00,
    0xFF, 0x00, 0x00, 0x07, 0xF8, 0x00, 0x00, 0xFF, 0x00, 0x00, 0x00, 0x7F, 0x00, 0x00, 0x7F, 0x00,
    0x00, 0x00, 0x0F, 0xE0, 0x54, 0x2F, 0x80, 0x00, 0x00, 0x02, 0xFC, 0xFE, 0x0F, 0xD0, 0x00, 0x00,
    0x00, 0x7F, 0x3F, 0x43, 0xF0, 0x00, 0x00, 0x00, 0x0F, 0xDF, 0xE1, 0xFC, 0x00, 0x00, 0x00, 0x03,
    0xF6, 0xFF, 0xFF, 0xFF, 0xFF, 0xFF, 0xFF, 0xFD, 0x3F, 0xFF, 0xFF, 0xFF, 0xFF, 0xFF, 0xFF, 0x42,
    0xFF, 0xFF, 0xFF, 0xFF, 0xFF, 0xFF, 0xD0, 0x01, 0xFC, 0x00, 0x00, 0x00, 0x00, 0x00, 0x00, 0x7F,
    0x00, 0x00, 0x00, 0x00, 0x00, 0x00, 0x1F, 0xC0, 0x00, 0x00, 0x00, 0x00, 0x00, 0x03, 0xF4, 0x00,
    0x00, 0x00, 0x00, 0x00, 0x00, 0xFE, 0x00, 0x00, 0x00, 0x00, 0x00, 0x00, 0x2F, 0xC0, 0x00, 0x00,
    0x00, 0x00, 0x00, 0x03, 0xF8, 0x00, 0x00, 0x00, 0x00, 0x00, 0x00, 0xBF, 0x40, 0x00, 0x00, 0x00,
    0x00, 0x00, 0x0F, 0xF4, 0x00, 0x00, 0x00, 0x00, 0x00, 0x00, 0xFF, 0xD0, 0x00, 0x06, 0xF0, 0x00,
    0x00, 0x0F, 0xFF, 0xFF, 0xFF, 0xFC, 0x00, 0x00, 0x00, 0xBF, 0xFF, 0xFF, 0xFE, 0x00, 0x00, 0x00,
    0x01, 0xBF, 0xFF, 0xA4, 0x00, 0x00, 0x00, 0x06, 0xFF, 0x80, 0x00, 0x00, 0x07, 0xFF, 0xFF, 0x80,
    0x00, 0x02, 0xFF, 0xFF, 0xFF, 0x00, 0x00, 0x7F, 0xC0, 0x0B, 0xF8, 0x14, 0x0F, 0xF0, 0x00, 0x2F,
    0xCF, 0xC1, 0xFC, 0x00, 0x00, 0xFD, 0xFC, 0x2F, 0xC0, 0x00, 0x0B, 0xEF, 0xC3, 0xF8, 0x00, 0x00,
    0xBF, 0xBF, 0xFF, 0xFF, 0xFF, 0xFF, 0xF3, 0xFF, 0xFF, 0xFF, 0xFF, 0xFF, 0x0B, 0xFF, 0xFF, 0xFF,
    0xFF, 0xF0, 0x03, 0xF8, 0x00, 0x00, 0x00, 0x00, 0x3F, 0x80, 0x00, 0x00, 0x00, 0x03, 0xF8, 0x00,
    0x00, 0x00, 0x00, 0x2F, 0xC0, 0x00, 0x00, 0x00, 0x00, 0xFD, 0x00, 0x00, 0x00, 0x00, 0x0B, 0xF0,
    0x00, 0x00, 0x00, 0x00, 0x3F, 0xD0, 0x00, 0x6C, 0x00, 0x01, 0xFF, 0xFF, 0xFF, 0xC0, 0x00, 0x03,
    0xFF, 0xFF, 0xFC, 0x00, 0x00, 0x06, 0xFF, 0xF9, 0x00, 0x00, 0x00, 0x00, 0x2B, 0xFF, 0x90, 0x00,
    0x00, 0x00, 0x00, 0xFF, 0xFF, 0xFF, 0x80, 0x00, 0x00, 0x01, 0xFF, 0xFF, 0xFF, 0xFC, 0x00, 0x00,
    0x01, 0xFF, 0x80, 0x00, 0xBF, 0xC0, 0x00, 0x01, 0xFF, 0x00, 0x00, 0x07, 0xF8, 0x00, 0x00, 0xFF,
    0x00, 0x00, 0x00, 0x7F, 0x00, 0x00, 0x7F, 0x00, 0x00, 0x00, 0x0F, 0xE0, 0x54, 0x3F, 0x80, 0x00,
    0x00, 0x01, 0xFC, 0xFE, 0x0F, 0xD0, 0x00, 0x00, 0x00, 0x3F, 0x3F, 0x47, 0xF0, 0x00, 0x00, 0x00,
    0x0F, 0xDF, 0xE1, 0xFC, 0x00, 0x00, 0x00, 0x03, 0xF6, 0xFF, 0xFF, 0xFF, 0xFF, 0xFF, 0xFF, 0xFD,
    0x3F, 0xFF, 0xFF, 0xFF, 0xFF, 0xFF, 0xFF, 0x42, 0xFF, 0xFF, 0xFF, 0xFF, 0xFF, 0xFF, 0xD0, 0x01,
    0xFC, 0x00, 0x00, 0x00, 0x00, 0x00, 0x00, 0x7F, 0x00, 0x00, 0x00, 0x00, 0x00, 0x00, 0x1F, 0xC0,
    0x00, 0x00, 0x00, 0x00, 0x00, 0x03, 0xF4, 0x00, 0x00, 0x00, 0x00, 0x00, 0x00, 0xFE, 0x00, 0x00,
    0x00, 0x00, 0x00, 0x00, 0x2F, 0xC0, 0x00, 0x00, 0x00, 0x00, 0x00, 0x03, 0xF8, 0x00, 0x00, 0x00,
    0x00, 0x00, 0x00, 0xBF, 0x40, 0x00, 0x00, 0x00, 0x00, 0x00, 0x0F, 0xF4, 0x00, 0x00, 0x00, 0x00,
    0x00, 0x00, 0xFF, 0xD0, 0x00, 0x06, 0xF0, 0x00, 0x00, 0x0F, 0xFF, 0xFF, 0xFF, 0xFC, 0x00, 0x00,
    0x00, 0xBF, 0xFF, 0xFF, 0xFF, 0x00, 0x00, 0x00, 0x01, 0xBF, 0xFF, 0xE4, 0x00, 0x00, 0x00, 0x00,
    0x03, 0xF4, 0x00, 0x00, 0x00, 0x00, 0x00, 0x00, 0xFD, 0x00, 0x00, 0x00, 0x00, 0x00, 0x00, 0x3F,
    0x40, 0x00, 0x00, 0x00, 0x00, 0x00, 0x0F, 0xD0, 0x00, 0x00, 0x00, 0x00, 0x00, 0x03, 0xF4, 0x00,
    0x00, 0x00, 0x00, 0x00, 0x00, 0xFD, 0x00, 0x00, 0x00, 0x00, 0x00, 0x00, 0x3F, 0x40, 0x00, 0x00,
    0x00, 0x00, 0x06, 0xFF, 0x80, 0x00, 0x00, 0x07, 0xFF, 0xFF, 0x80, 0x00, 0x01, 0xFF, 0xFF, 0xFF,
    0x00, 0x00, 0x3F, 0xC0, 0x0B, 0xF8, 0x14, 0x0F, 0xF0, 0x00, 0x2F, 0xCF, 0xC1, 0xFC, 0x00, 0x00,
    0xFD, 0xFC, 0x2F, 0xC0, 0x00, 0x0B, 0xEF, 0xC3, 0xF8, 0x00, 0x00, 0xBF, 0xBF, 0xFF, 0xFF, 0xFF,
    0xFF, 0xF3, 0xFF, 0xFF, 0xFF, 0xFF, 0xFF, 0x0B, 0xFF, 0xFF, 0xFF, 0xFF, 0xF0, 0x03, 0xF8, 0x00,
    0x00, 0x00, 0x00, 0x3F, 0x80, 0x00, 0x00, 0x00, 0x03, 0xF8, 0x00, 0x00, 0x00, 0x00, 0x2F, 0xC0,
    0x00, 0x00, 0x00, 0x00, 0xFD, 0x00, 0x00, 0x00, 0x00, 0x0F, 0xF0, 0x00, 0x00, 0x00, 0x00, 0x3F,
    0xD0, 0x00, 0x6C, 0x00, 0x01, 0xFF, 0xFF, 0xFF, 0xC0, 0x00, 0x03, 0xFF, 0xFF, 0xFC, 0x00, 0x00,
    0x06, 0xFF, 0xF9, 0x00, 0x00, 0x00, 0x07, 0xF0, 0x00, 0x00, 0x00, 0x00, 0x7F, 0x00, 0x00, 0x00,
    0x00, 0x07, 0xF0, 0x00, 0x00, 0x00, 0x00, 0x7F, 0x00, 0x00, 0x00, 0x00, 0x07, 0xF0, 0x00, 0x00,
    0x00, 0x00, 0x7F, 0x00, 0x00, 0x00, 0x00, 0x07, 0xF0, 0x00, 0xFF, 0xFF, 0xFF, 0xFF, 0xFF, 0x1B,
    0xFE, 0x40, 0x3F, 0x40, 0x03, 0xF4, 0x00, 0x3F, 0x40, 0x03, 0xF4, 0x00, 0x3F, 0x40, 0x03, 0xF4,
    0x00, 0x3F, 0x40, 0x03, 0xF4, 0x00, 0x3F, 0x40, 0x03, 0xF4, 0x00, 0x3F, 0x40, 0x03, 0xF4, 0x00,
    0x3F, 0x40, 0x03, 0xF4, 0x00, 0x3F, 0x40, 0x03, 0xF4, 0x00, 0x3F, 0x40, 0x03, 0xF4, 0x00, 0x3F,
    0x40, 0x03, 0xF4, 0x00, 0x3F, 0x40, 0x1B, 0xFD, 0x4F, 0xFF, 0xFF, 0xFF, 0xFF, 0xF0, 0x00, 0x00,
    0x02, 0xF8, 0x00, 0xFC, 0x00, 0x00, 0x00, 0x00, 0x00, 0x07, 0xF4, 0x0B, 0xF0, 0x00, 0x00, 0x00,
    0x00, 0x00, 0x0F, 0xFF, 0xFF, 0x40, 0x00, 0x00, 0x00, 0x00, 0x00, 0x0F, 0xFF, 0xF8, 0x00, 0x00,
    0x00, 0x00, 0x00, 0x00, 0x07, 0xFE, 0x40, 0x00, 0x00, 0x00, 0x00, 0x00, 0x00, 0x00, 0x00, 0x00,
    0x00, 0x00, 0x00, 0x00, 0x00, 0x00, 0x00, 0x00, 0x00, 0x00, 0x00, 0x00, 0x00, 0x00, 0x00, 0x00,
    0x00, 0x00, 0x00, 0x00, 0x2F, 0xC0, 0x00, 0x01, 0xFC, 0x00, 0x00, 0x1F, 0xC0, 0x3F, 0x80, 0x00,
    0x07, 0xF0, 0x00, 0x00, 0xFE, 0x00, 0x7F, 0x40, 0x00, 0x1F, 0xC0, 0x00, 0x0B, 0xF0, 0x00, 0xBF,
    0x00, 0x00, 0x7F, 0x00, 0x00, 0x7F, 0x00, 0x00, 0xFE, 0x00, 0x01, 0xFC, 0x00, 0x03, 0xF8, 0x00,
    0x01, 0xFD, 0x00, 0x07, 0xF0, 0x00, 0x2F, 0xC0, 0x00, 0x02, 0xFC, 0x00, 0x1F, 0xC0, 0x01, 0xFC,
    0x00, 0x00, 0x03, 0xF8, 0x00, 0x7F, 0x00, 0x0F, 0xE0, 0x00, 0x00, 0x03, 0xF4, 0x01, 0xFC, 0x00,
    0xBF, 0x00, 0x00, 0x00, 0x0B, 0xF0, 0x07, 0xF0, 0x07, 0xF0, 0x00, 0x00, 0x00, 0x0F, 0xE0, 0x1F,
    0xC0, 0x3F, 0x40, 0x00, 0x00, 0x00, 0x0F, 0xFF, 0xFF, 0xFF, 0xFC, 0x00, 0x00, 0x00, 0x00, 0x3F,
    0xFF, 0xFF, 0xFF, 0xD0, 0x00, 0x00, 0x00, 0x01, 0xFF, 0xFF, 0xFF, 0xFF, 0xC0, 0x00, 0x00, 0x00,
    0x0F, 0xF0, 0x1F, 0xC0, 0x7F, 0x40, 0x00, 0x00, 0x00, 0xBF, 0x40, 0x7F, 0x00, 0xBF, 0x00, 0x00,
    0x00, 0x03, 0xF8, 0x01, 0xFC, 0x00, 0xFE, 0x00, 0x00, 0x00, 0x3F, 0xC0, 0x07, 0xF0, 0x01, 0xFD,
    0x00, 0x00, 0x01, 0xFD, 0x00, 0x1F, 0xC0, 0x03, 0xFC, 0x00, 0x00, 0x0F, 0xF0, 0x00, 0x7F, 0x00,
    0x03, 0xF8, 0x00, 0x00, 0xBF, 0x00, 0x01, 0xFC, 0x00, 0x0B, 0xF0, 0x00, 0x07, 0xF8, 0x00, 0x07,
    0xF0, 0x00, 0x0F, 0xF0, 0x00, 0x3F, 0xC0, 0x00, 0x1F, 0xC0, 0x00, 0x1F, 0xD0, 0x02, 0xFD, 0x00,
    0x00, 0x7F, 0x00, 0x00, 0x2F, 0xC0, 0x0F, 0xE0, 0x00, 0x01, 0xFC, 0x00, 0x00, 0x3F, 0x80, 0xBF,
    0x00, 0x00, 0x07, 0xF0, 0x00, 0x00, 0x7F, 0x47, 0xF4, 0x00, 0x00, 0x1F, 0xC0, 0x00, 0x00, 0xFF,
    0x00, 0x00, 0x00, 0x29, 0x00, 0x0A, 0x00, 0x00, 0x00, 0x00, 0x0F, 0xC0, 0x0B, 0xD0, 0x00, 0x00,
    0x00, 0x02, 0xF8, 0x07, 0xF0, 0x00, 0x00, 0x00, 0x00, 0x3F, 0xFF, 0xF8, 0x00, 0x00, 0x00, 0x00,
    0x07, 0xFF, 0xF8, 0x00, 0x00, 0x00, 0x00, 0x00, 0x2F, 0xF4, 0x00, 0x00, 0x00, 0x00, 0x00, 0x00,
    0x00, 0x00, 0x00, 0x00, 0x00, 0x00, 0x00, 0x00, 0x00, 0x00, 0x00, 0x1F, 0xC0, 0x00, 0x3F, 0x40,
    0x00, 0xBF, 0x03, 0xF8, 0x00, 0x0F, 0xD0, 0x00, 0x3F, 0x40, 0x3F, 0x00, 0x03, 0xF4, 0x00, 0x3F,
    0x80, 0x0B, 0xF0, 0x00, 0xFD, 0x00, 0x1F, 0xC0, 0x00, 0xFD, 0x00, 0x3F, 0x40, 0x0F, 0xD0, 0x00,
    0x0F, 0xC0, 0x0F, 0xD0, 0x0B, 0xE0, 0x00, 0x02, 0xF8, 0x03, 0xF4, 0x07, 0xF0, 0x00, 0x00, 0x3F,
    0x40, 0xFD, 0x03, 0xF4, 0x00, 0x00, 0x07, 0xF0, 0x3F, 0x42, 0xFC, 0x00, 0x00, 0x00, 0xBF, 0xFF,
    0xFF, 0xFC, 0x00, 0x00, 0x00, 0x2F, 0xFF, 0xFF, 0xFF, 0x00, 0x00, 0x00, 0x0F, 0xFF, 0xFF, 0xFF,
    0xE0, 0x00, 0x00, 0x0F, 0xF0, 0x3F, 0x42, 0xFD, 0x00, 0x00, 0x07, 0xF0, 0x0F, 0xD0, 0x3F, 0xC0,
    0x00, 0x03, 0xF8, 0x03, 0xF4, 0x03, 0xF8, 0x00, 0x02, 0xFC, 0x00, 0xFD, 0x00, 0xBF, 0x00, 0x01,
    0xFD, 0x00, 0x3F, 0x40, 0x0F, 0xF0, 0x00, 0xFE, 0x00, 0x0F, 0xD0, 0x01, 0xFE, 0x00, 0xBF, 0x00,
    0x03, 0xF4, 0x00, 0x2F, 0xC0, 0x7F, 0x40, 0x00, 0xFD, 0x00, 0x03, 0xFC, 0x3F, 0xC0, 0x00, 0x3F,
    0x40, 0x00, 0x7F, 0x40, 0xFD, 0x00, 0x00, 0x07, 0xF8, 0x3F, 0x40, 0x00, 0x07, 0xF8, 0x0F, 0xD0,
    0x00, 0x07, 0xF8, 0x03, 0xF4, 0x00, 0x07, 0xF8, 0x00, 0xFD, 0x00, 0x03, 0xF8, 0x00, 0x3F, 0x40,
    0x03, 0xF8, 0x00, 0x0F, 0xD0, 0x03, 0xFC, 0x00, 0x03, 0xF4, 0x03, 0xFC, 0x00, 0x00, 0xFD, 0x03,
    0xFC, 0x00, 0x00, 0x3F, 0x42, 0xFC, 0x00, 0x00, 0x0F, 0xD2, 0xFC, 0x00, 0x00, 0x03, 0xF5, 0xFC,
    0x00, 0x00, 0x00, 0xFF, 0xFF, 0xFE, 0x80, 0x00, 0x3F, 0xFF, 0xFF, 0xFF, 0x40, 0x0F, 0xFF, 0xFF,
    0xFF, 0xF8, 0x03, 0xF8, 0x00, 0x07, 0xFF, 0x80, 0xFD, 0x00, 0x00, 0x1F, 0xF8, 0x3F, 0x40, 0x00,
    0x00, 0xFF, 0x0F, 0xD0, 0x00, 0x00, 0x1F, 0xE3, 0xF4, 0x00, 0x00, 0x03, 0xFC, 0xFD, 0x00, 0x00,
    0x00, 0x7F, 0x3F, 0x40, 0x00, 0x00, 0x0F, 0xDF, 0xD0, 0x00, 0x00, 0x03, 0xF7, 0xF4, 0x00, 0x00,
    0x00, 0xFD, 0xFD, 0x00, 0x00, 0x00, 0x3F, 0x7F, 0x40, 0x00, 0x00, 0x0F, 0xDF, 0xD0, 0x00, 0x00,
    0x03, 0xF4, 0x00, 0x00, 0x00, 0x01, 0xFC, 0x00, 0x00, 0x00, 0x00, 0xBF, 0x00, 0x00, 0x00, 0x00,
    0x3F, 0x80, 0x00, 0x00, 0x00, 0x2F, 0xC0, 0x00, 0x00, 0x00, 0x2F, 0xE0, 0x00, 0x14, 0x00, 0x2F,
    0xF0, 0x00, 0x0F, 0xFF, 0xFF, 0xF0, 0x00, 0x03, 0xFF, 0xFF, 0xE0, 0x00, 0x00, 0x2F, 0xFF, 0x80,
    0x00, 0xFD, 0x00, 0x02, 0xFC, 0x3F, 0x40, 0x01, 0xFC, 0x0F, 0xD0, 0x01, 0xFD, 0x03, 0xF4, 0x00,
    0xFD, 0x00, 0xFD, 0x00, 0xFD, 0x00, 0x3F, 0x40, 0xFE, 0x00, 0x0F, 0xD0, 0xFE, 0x00, 0x03, 0xF4,
    0xBE, 0x00, 0x00, 0xFD, 0xBE, 0x00, 0x00, 0x3F, 0xFF, 0xFE, 0x00, 0x0F, 0xFF, 0xFF, 0xF8, 0x03,
    0xFF, 0xFF, 0xFF, 0xC0, 0xFE, 0x00, 0x1F, 0xFC, 0x3F, 0x40, 0x00, 0xFF, 0x4F, 0xD0, 0x00, 0x0F,
    0xF3, 0xF4, 0x00, 0x02, 0xFC, 0xFD, 0x00, 0x00, 0x7F, 0x7F, 0x40, 0x00, 0x0F, 0xDF, 0xD0, 0x00,
    0x03, 0xF7, 0xF4, 0x00, 0x00, 0xFD, 0xFD, 0x00, 0x00, 0x3F, 0x40, 0x00, 0x00, 0x0F, 0xD0, 0x00,
    0x00, 0x07, 0xF4, 0x00, 0x00, 0x02, 0xFC, 0x00, 0x00, 0x00, 0xFF, 0x00, 0x00, 0x00, 0xBF, 0x40,
    0x09, 0x00, 0xBF, 0xC0, 0x03, 0xFF, 0xFF, 0xC0, 0x00, 0xFF, 0xFF, 0xC0, 0x00, 0x0B, 0xFE, 0x40,
    0x00, 0x00, 0x00, 0x7F, 0xFF, 0xFF, 0xFD, 0x00, 0x00, 0x00, 0x7F, 0xFF, 0xFF, 0xFD, 0x00, 0x00,
    0x00, 0xBF, 0xFF, 0xFF, 0xFD, 0x00, 0x00, 0x00, 0xBD, 0x00, 0x00, 0xFD, 0x00, 0x00, 0x00, 0xFD,
    0x00, 0x00, 0xFD, 0x00, 0x00, 0x00, 0xFC, 0x00, 0x00, 0xFD, 0x00, 0x00, 0x00, 0xFC, 0x00, 0x00,
    0xFD, 0x00, 0x00, 0x01, 0xFC, 0x00, 0x00, 0xFD, 0x00, 0x00, 0x01, 0xFC, 0x00, 0x00, 0xFD, 0x00,
    0x00, 0x02, 0xF8, 0x00, 0x00, 0xFD, 0x00, 0x00, 0x02, 0xF8, 0x00, 0x00, 0xFD, 0x00, 0x00, 0x03,
    0xF4, 0x00, 0x00, 0xFD, 0x00, 0x00, 0x03, 0xF0, 0x00, 0x00, 0xFD, 0x00, 0x00, 0x03, 0xF0, 0x00,
    0x00, 0xFD, 0x00, 0x00, 0x07, 0xF0, 0x00, 0x00, 0xFD, 0x00, 0x00, 0x07, 0xF0, 0x00, 0x00, 0xFD,
    0x00, 0x00, 0x0B, 0xE0, 0x00, 0x00, 0xFD, 0x00, 0x00, 0x0F, 0xD0, 0x00, 0x00, 0xFD, 0x00, 0x00,
    0x0F, 0xD0, 0x00, 0x00, 0xFD, 0x00, 0x00, 0x0F, 0xC0, 0x00, 0x00, 0xFD, 0x00, 0x00, 0x1F, 0xC0,
    0x00, 0x00, 0xFD, 0x00, 0x00, 0x3F, 0x80, 0x00, 0x00, 0xFD, 0x00, 0x00, 0x3F, 0x40, 0x00, 0x00,
    0xFD, 0x00, 0x00, 0xFF, 0x00, 0x00, 0x00, 0xFD, 0x00, 0x7F, 0xFD, 0x00, 0x00, 0x00, 0xFF, 0xFC,
    0xBF, 0xF8, 0x00, 0x00, 0x00, 0xFF, 0xF8, 0x7F, 0xD0, 0x00, 0x00, 0x00, 0xFF, 0xF4, 0x00, 0x00,
    0x00, 0x00, 0x00, 0x02, 0xF0, 0x00, 0x00, 0x00, 0x00, 0x00, 0x03, 0xF0, 0x00, 0x00, 0x00, 0x00,
    0x00, 0x0B, 0xE0, 0x00, 0x00, 0x00, 0x00, 0x00, 0x0F, 0xD0, 0x00, 0x00, 0x00, 0x00, 0x00, 0x1F,
    0xC0, 0x00, 0x00, 0x00, 0x00, 0x00, 0x3F, 0xC0, 0x00, 0x00, 0x00, 0x00, 0x00, 0x7F, 0x80, 0x00,
    0x0F, 0xFF, 0xFF, 0xF4, 0x00, 0x00, 0xFF, 0xFF, 0xFF, 0x40, 0x00, 0x0F, 0xFF, 0xFF, 0xF4, 0x00,
    0x00, 0xFC, 0x00, 0x3F, 0x40, 0x00, 0x1F, 0xC0, 0x03, 0xF4, 0x00, 0x01, 0xF8, 0x00, 0x3F, 0x40,
    0x00, 0x1F, 0x80, 0x03, 0xF4, 0x00, 0x02, 0xF8, 0x00, 0x3F, 0x40, 0x00, 0x2F, 0x80, 0x03, 0xF4,
    0x00, 0x03, 0xF4, 0x00, 0x3F, 0x40, 0x00, 0x3F, 0x40, 0x03, 0xF4, 0x00, 0x03, 0xF0, 0x00, 0x3F,
    0x40, 0x00, 0x7F, 0x00, 0x03, 0xF4, 0x00, 0x0B, 0xE0, 0x00, 0x3F, 0x40, 0x00, 0xFD, 0x00, 0x03,
    0xF4, 0x00, 0x1F, 0xC0, 0x00, 0x3F, 0x40, 0x03, 0xFC, 0x00, 0x03, 0xF4, 0x00, 0xBF, 0x40, 0x00,
    0x3F, 0x40, 0xFF, 0xF0, 0x00, 0x03, 0xFF, 0xFF, 0xFC, 0x00, 0x00, 0x3F, 0xFE, 0xFE, 0x00, 0x00,
    0x03, 0xFF, 0xD0, 0x00, 0x00, 0x00, 0x00, 0xBC, 0x00, 0x00, 0x00, 0x00, 0x0F, 0xC0, 0x00, 0x00,
    0x00, 0x01, 0xF8, 0x00, 0x00, 0x00, 0x00, 0x2F, 0x40, 0x00, 0x00, 0x00, 0x03, 0xF0, 0x00, 0x00,
    0x00, 0x00, 0x7F, 0x00, 0x00, 0x00, 0x00, 0x0F, 0xE0, 0xFD, 0x00, 0x00, 0x00, 0x3F, 0x7F, 0x40,
    0x00, 0x00, 0x0F, 0xDF, 0xD0, 0x00, 0x00, 0x03, 0xF7, 0xF4, 0x00, 0x00, 0x00, 0xFD, 0xFD, 0x00,
    0x00, 0x00, 0x3F, 0x7F, 0x40, 0x00, 0x00, 0x0F, 0xDF, 0xD0, 0x00, 0x00, 0x03, 0xF7, 0xF4, 0x00,
    0x00, 0x00, 0xFD, 0xFD, 0x00, 0x00, 0x00, 0x3F, 0x7F, 0x40, 0x00, 0x00, 0x0F, 0xDF, 0xD0, 0x00,
    0x00, 0x03, 0xF7, 0xFF, 0xFF, 0xFF, 0xFF, 0xFD, 0xFF, 0xFF, 0xFF, 0xFF, 0xFF, 0x7F, 0xFF, 0xFF,
    0xFF, 0xFF, 0xDF, 0xD0, 0x00, 0x00, 0x03, 0xF7, 0xF4, 0x00, 0x00, 0x00, 0xFD, 0xFD, 0x00, 0x00,
    0x00, 0x3F, 0x7F, 0x40, 0x00, 0x00, 0x0F, 0xDF, 0xD0, 0x00, 0x00, 0x03, 0xF7, 0xF4, 0x00, 0x00,
    0x00, 0xFD, 0xFD, 0x00, 0x00, 0x00, 0x3F, 0x7F, 0x40, 0x00, 0x00, 0x0F, 0xDF, 0xD0, 0x00, 0x00,
    0x03, 0xF7, 0xF4, 0x00, 0x00, 0x00, 0xFD, 0xFD, 0x00, 0x00, 0x00, 0x3F, 0x7F, 0x40, 0x00, 0x00,
    0x0F, 0xDF, 0xD0, 0x00, 0x00, 0x03, 0xF4, 0x00, 0x00, 0x00, 0x01, 0xFC, 0x00, 0x00, 0x00, 0x00,
    0xBF, 0x00, 0x00, 0x00, 0x00, 0x3F, 0x80, 0x00, 0x00, 0x00, 0x1F, 0xD0, 0x00, 0x00, 0x00, 0x1F,
    0xF0, 0x00, 0x14, 0x00, 0x2F, 0xF0, 0x00, 0x0B, 0xFF, 0xFF, 0xF4, 0x00, 0x02, 0xFF, 0xFF, 0xF0,
    0x00, 0x00, 0x1B, 0xFF, 0x90, 0x00, 0xFD, 0x00, 0x00, 0x0F, 0xDF, 0xD0, 0x00, 0x00, 0xFD, 0xFD,
    0x00, 0x00, 0x0F, 0xDF, 0xD0, 0x00, 0x00, 0xFD, 0xFD, 0x00, 0x00, 0x0F, 0xDF, 0xD0, 0x00, 0x00,
    0xFD, 0xFD, 0x00, 0x00, 0x0F, 0xDF, 0xD0, 0x00, 0x00, 0xFD, 0xFF, 0xFF, 0xFF, 0xFF, 0xDF, 0xFF,
    0xFF, 0xFF, 0xFD, 0xFF, 0xFF, 0xFF, 0xFF, 0xDF, 0xD0, 0x00, 0x00, 0xFD, 0xFD, 0x00, 0x00, 0x0F,
    0xDF, 0xD0, 0x00, 0x00, 0xFD, 0xFD, 0x00, 0x00, 0x0F, 0xDF, 0xD0, 0x00, 0x00, 0xFD, 0xFD, 0x00,
    0x00, 0x0F, 0xDF, 0xD0, 0x00, 0x00, 0xFD, 0xFD, 0x00, 0x00, 0x0F, 0xDF, 0xD0, 0x00, 0x00, 0xFD,
    0xFD, 0x00, 0x00, 0x0F, 0xD0, 0x00, 0x00, 0x00, 0xFD, 0x00, 0x00, 0x00, 0x0F, 0xD0, 0x00, 0x00,
    0x01, 0xFC, 0x00, 0x00, 0x00, 0x2F, 0xC0, 0x00, 0x00, 0x03, 0xF8, 0x00, 0x08, 0x00, 0xFF, 0x00,
    0x00, 0xFF, 0xFF, 0xD0, 0x00, 0x0F, 0xFF, 0xF4, 0x00, 0x00, 0x6F, 0xF8, 0x00, 0xFD, 0x00, 0x00,
    0x00, 0x3F, 0x40, 0x3F, 0x40, 0x00, 0x00, 0x0F, 0xD0, 0x0F, 0xD0, 0x00, 0x00, 0x03, 0xF4, 0x03,
    0xF4, 0x00, 0x00, 0x00, 0xFD, 0x00, 0xFD, 0x00, 0x00, 0x00, 0x3F, 0x40, 0x3F, 0x40, 0x00, 0x00,
    0x0F, 0xD0, 0x0F, 0xD0, 0x00, 0x00, 0x03, 0xF4, 0x03, 0xF4, 0x00, 0x00, 0x00, 0xFD, 0x00, 0xFD,
    0x00, 0x00, 0x00, 0x3F, 0x40, 0x3F, 0x40, 0x00, 0x00, 0x0F, 0xD0, 0x0F, 0xD0, 0x00, 0x00, 0x03,
    0xF4, 0x03, 0xFF, 0xFF, 0xFF, 0xFF, 0xFD, 0x00, 0xFF, 0xFF, 0xFF, 0xFF, 0xFF, 0x40, 0x3F, 0xFF,
    0xFF, 0xFF, 0xFF, 0xD0, 0x0F, 0xD0, 0x00, 0x00, 0x03, 0xF4, 0x03, 0xF4, 0x00, 0x00, 0x00, 0xFD,
    0x00, 0xFD, 0x00, 0x00, 0x00, 0x3F, 0x40, 0x3F, 0x40, 0x00, 0x00, 0x0F, 0xD0, 0x0F, 0xD0, 0x00,
    0x00, 0x03, 0xF4, 0x03, 0xF4, 0x00, 0x00, 0x00, 0xFD, 0x00, 0xFD, 0x00, 0x00, 0x00, 0x3F, 0x40,
    0x3F, 0x40, 0x00, 0x00, 0x0F, 0xD0, 0x0F, 0xD0, 0x00, 0x00, 0x03, 0xF4, 0x03, 0xF4, 0x00, 0x00,
    0x00, 0xFD, 0x00, 0xFD, 0x00, 0x00, 0x00, 0x3F, 0xFF, 0x3F, 0x40, 0x00, 0x00, 0x0F, 0xFF, 0x8F,
    0xD0, 0x00, 0x00, 0x03, 0xFF, 0xD0, 0x00, 0x00, 0x00, 0x00, 0x02, 0xF0, 0x00, 0x00, 0x00, 0x00,
    0x00, 0xFC, 0x00, 0x00, 0x00, 0x00, 0x00, 0xBE, 0x00, 0x00, 0x00, 0x00, 0x00, 0x3F, 0x40, 0x00,
    0x00, 0x00, 0x00, 0x1F, 0xC0, 0x00, 0x00, 0x00, 0x00, 0x0F, 0xF0, 0x00, 0x00, 0x00, 0x00, 0x07,
    0xF8, 0x00, 0xFD, 0x00, 0x00, 0x0F, 0xD0, 0x3F, 0x40, 0x00, 0x03, 0xF4, 0x0F, 0xD0, 0x00, 0x00,
    0xFD, 0x03, 0xF4, 0x00, 0x00, 0x3F, 0x40, 0xFD, 0x00, 0x00, 0x0F, 0xD0, 0x3F, 0x40, 0x00, 0x03,
    0xF4, 0x0F, 0xD0, 0x00, 0x00, 0xFD, 0x03, 0xF4, 0x00, 0x00, 0x3F, 0x40, 0xFD, 0x00, 0x00, 0x0F,
    0xD0, 0x3F, 0xFF, 0xFF, 0xFF, 0xF4, 0x0F, 0xFF, 0xFF, 0xFF, 0xFD, 0x03, 0xFF, 0xFF, 0xFF, 0xFF,
    0x40, 0xFD, 0x00, 0x00, 0x0F, 0xD0, 0x3F, 0x40, 0x00, 0x03, 0xF4, 0x0F, 0xD0, 0x00, 0x00, 0xFD,
    0x03, 0xF4, 0x00, 0x00, 0x3F, 0x40, 0xFD, 0x00, 0x00, 0x0F, 0xD0, 0x3F, 0x40, 0x00, 0x03, 0xF4,
    0x0F, 0xD0, 0x00, 0x00, 0xFF, 0xFF, 0xF4, 0x00, 0x00, 0x3F, 0xFE, 0xFD, 0x00, 0x00, 0x0F, 0xFF,
    0x40, 0x00, 0x00, 0x00, 0x0B, 0xC0, 0x00, 0x00, 0x00, 0x03, 0xF0, 0x00, 0x00, 0x00, 0x01, 0xF8,
    0x00, 0x00, 0x00, 0x00, 0xBD, 0x00, 0x00, 0x00, 0x00, 0x3F, 0x00, 0x00, 0x00, 0x00, 0x1F, 0xC0,
    0x00, 0x00, 0x00, 0x0F, 0xE0, 0xFD, 0x00, 0x00, 0x00, 0xFD, 0xFD, 0x00, 0x00, 0x00, 0xFD, 0xFD,
    0x00, 0x00, 0x00, 0xFD, 0xFD, 0x00, 0x00, 0x00, 0xFD, 0xFD, 0x00, 0x00, 0x00, 0xFD, 0xFD, 0x00,
    0x00, 0x00, 0xFD, 0xFD, 0x00, 0x00, 0x00, 0xFD, 0xFD, 0x00, 0x00, 0x00, 0xFD, 0xFD, 0x00, 0x00,
    0x00, 0xFD, 0xFD, 0x00, 0x00, 0x00, 0xFD, 0xFE, 0x00, 0x00, 0x00, 0xFD, 0xFE, 0x00, 0x00, 0x00,
    0xFD, 0xBF, 0x00, 0x00, 0x00, 0xFD, 0x7F, 0xD0, 0x00, 0x6F, 0xFD, 0x2F, 0xFF, 0xFF, 0xFF, 0xFD,
    0x0B, 0xFF, 0xFF, 0xFE, 0xFD, 0x00, 0xBF, 0xFE, 0x40, 0xFD, 0x00, 0x00, 0x00, 0x00, 0xFD, 0x00,
    0x00, 0x00, 0x00, 0xFD, 0x00, 0x00, 0x00, 0x00, 0xFD, 0x00, 0x00, 0x00, 0x00, 0xFD, 0x00, 0x00,
    0x00, 0x00, 0xFD, 0x00, 0x00, 0x00, 0x00, 0xFD, 0x00, 0x00, 0x00, 0x00, 0xFD, 0x00, 0x00, 0x00,
    0x3F, 0xFD, 0x00, 0x00, 0x00, 0x3F, 0xFD, 0x00, 0x00, 0x00, 0x3F, 0xFD, 0x00, 0x00, 0x00, 0x3F,
    0x40, 0x00, 0x00, 0x00, 0x3F, 0x40, 0x00, 0x00, 0x00, 0x3F, 0x40, 0x00, 0x00, 0x00, 0x3F, 0x40,
    0x00, 0x00, 0x00, 0x3F, 0x40, 0x00, 0x00, 0x00, 0x3F, 0x40, 0x00, 0x00, 0x00, 0x3F, 0x40, 0xFD,
    0x00, 0x00, 0x1F, 0xFF, 0x40, 0x00, 0x07, 0xFF, 0xD0, 0x00, 0x01, 0xFF, 0xF4, 0x00, 0x00, 0x7F,
    0xFD, 0x00, 0x00, 0x1F, 0xFF, 0x40, 0x00, 0x07, 0xFF, 0xD0, 0x00, 0x01, 0xFF, 0xF4, 0x00, 0x00,
    0x7F, 0xFE, 0x00, 0x00, 0x1F, 0xFF, 0xC0, 0x00, 0x1F, 0xFB, 0xF8, 0x00, 0x7F, 0xFC, 0xFF, 0xFF,
    0xFF, 0xFF, 0x0F, 0xFF, 0xFF, 0x1F, 0xC0, 0x7F, 0xF8, 0x07, 0xF0, 0x00, 0x00, 0x01, 0xFC, 0x00,
    0x00, 0x00, 0x7F, 0x00, 0x00, 0x00, 0x1F, 0xC0, 0x00, 0x00, 0x07, 0xF0, 0x00, 0x00, 0x7F, 0xFC,
    0x00, 0x00, 0x1F, 0xFF, 0x00, 0x00, 0x07, 0xFF, 0xC0, 0x00, 0x01, 0xFC, 0x00, 0x00, 0x00, 0x7F,
    0x00, 0x00, 0x00, 0x1F, 0xC0, 0x00, 0x00, 0x07, 0xF0, 0x00, 0x00, 0x01, 0xFC, 0x00, 0x00, 0x00,
    0x7F, 0x00, 0x00, 0x00, 0x1F, 0xC0, 0xFF, 0xE0, 0x00, 0x00, 0x00, 0x1F, 0xFC, 0x03, 0xFF, 0xC0,
    0x00, 0x00, 0x00, 0xBF, 0xF0, 0x0F, 0xFF, 0x40, 0x00, 0x00, 0x03, 0xFF, 0xC0, 0x3F, 0xBE, 0x00,
    0x00, 0x00, 0x1F, 0xFF, 0x00, 0xFD, 0xFC, 0x00, 0x00, 0x00, 0xFE, 0xFC, 0x03, 0xF6, 0xF4, 0x00,
    0x00, 0x03, 0xE7, 0xF0, 0x0F, 0xD3, 0xF0, 0x00, 0x00, 0x2F, 0x1F, 0xC0, 0x3F, 0x4F, 0xC0, 0x00,
    0x00, 0xFC, 0x7F, 0x00, 0xFD, 0x1F, 0x80, 0x00, 0x07, 0xE1, 0xFC, 0x03, 0xF4, 0x3F, 0x00, 0x00,
    0x2F, 0x07, 0xF0, 0x0F, 0xD0, 0xFD, 0x00, 0x00, 0xFC, 0x1F, 0xC0, 0x3F, 0x41, 0xF8, 0x00, 0x07,
    0xD0, 0x7F, 0x00, 0xFD, 0x03, 0xF0, 0x00, 0x3F, 0x01, 0xFC, 0x03, 0xF4, 0x0B, 0xD0, 0x00, 0xF8,
    0x07, 0xF0, 0x0F, 0xD0, 0x1F, 0x80, 0x0B, 0xD0, 0x1F, 0xC0, 0x3F, 0x40, 0x3F, 0x00, 0x3F, 0x00,
    0x7F, 0x00, 0xFD, 0x00, 0xBD, 0x01, 0xF8, 0x01, 0xFC, 0x03, 0xF4, 0x01, 0xFC, 0x0B, 0xC0, 0x07,
    0xF0, 0x0F, 0xD0, 0x03, 0xF0, 0x3F, 0x00, 0x1F, 0xC0, 0x3F, 0x40, 0x0B, 0xE1, 0xF8, 0x00, 0x7F,
    0x00, 0xFD, 0x00, 0x0F, 0xCB, 0xC0, 0x01, 0xFC, 0x03, 0xF4, 0x00, 0x3F, 0x7F, 0x00, 0x07, 0xF0,
    0x0F, 0xD0, 0x00, 0xBF, 0xF4, 0x00, 0x1F, 0xC0, 0x3F, 0x40, 0x00, 0xFF, 0xC0, 0x00, 0x7F, 0x00,
    0xFD, 0x00, 0x03, 0xFE, 0x00, 0x01, 0xFF, 0xFB, 0xF4, 0x00, 0x07, 0xF4, 0x00, 0x07, 0xFF, 0xCF,
    0xD0, 0x00, 0x0F, 0xC0, 0x00, 0x1F, 0xFF, 0x00, 0x00, 0x00, 0x00, 0x00, 0x00, 0x00, 0xF8, 0x00,
    0x00, 0x00, 0x00, 0x00, 0x00, 0x0B, 0xD0, 0x00, 0x00, 0x00, 0x00, 0x00, 0x00, 0x3F, 0x00, 0x00,
    0x00, 0x00, 0x00, 0x00, 0x02, 0xFC, 0x00, 0x00, 0x00, 0x00, 0x00, 0x00, 0x0F, 0xE0, 0x00, 0x00,
    0x00, 0x00, 0x00, 0x00, 0xBF, 0x40, 0x00, 0x00, 0x00, 0x00, 0x00, 0x03, 0xFC, 0x00, 0xFF, 0xC0,
    0x00, 0x00, 0x3F, 0xF0, 0x0F, 0xFD, 0x00, 0x00, 0x07, 0xFF, 0x00, 0xFF, 0xF0, 0x00, 0x00, 0xFF,
    0xF0, 0x0F, 0xFF, 0x00, 0x00, 0x0F, 0xFF, 0x00, 0xFF, 0xF8, 0x00, 0x02, 0xFF, 0xF0, 0x0F, 0xEF,
    0xC0, 0x00, 0x3F, 0xBF, 0x00, 0xFD, 0xBD, 0x00, 0x07, 0xE7, 0xF0, 0x0F, 0xD7, 0xE0, 0x00, 0xBD,
    0x7F, 0x00, 0xFD, 0x3F, 0x00, 0x0F, 0xC7, 0xF0, 0x0F, 0xD2, 0xF4, 0x01, 0xF8, 0x7F, 0x00, 0xFD,
    0x0F, 0x80, 0x2F, 0x07, 0xF0, 0x0F, 0xD0, 0xFC, 0x03, 0xF0, 0x7F, 0x00, 0xFD, 0x07, 0xD0, 0x7D,
    0x07, 0xF0, 0x0F, 0xD0, 0x3F, 0x0F, 0xC0, 0x7F, 0x00, 0xFD, 0x02, 0xF0, 0xF8, 0x07, 0xF0, 0x0F,
    0xD0, 0x1F, 0xAF, 0x40, 0x7F, 0x00, 0xFD, 0x00, 0xFF, 0xF0, 0x07, 0xF0, 0x0F, 0xD0, 0x0B, 0xFE,
    0x00, 0x7F, 0x00, 0xFD, 0x00, 0x7F, 0xC0, 0x07, 0xFF, 0xDF, 0xD0, 0x03, 0xFC, 0x00, 0x7F, 0xFC,
    0xFD, 0x00, 0x2F, 0x40, 0x07, 0xFF, 0xC0, 0x00, 0x00, 0x00, 0x00, 0x00, 0xF8, 0x00, 0x00, 0x00,
    0x00, 0x00, 0x2F, 0x40, 0x00, 0x00, 0x00, 0x00, 0x03, 0xF0, 0x00, 0x00, 0x00, 0x00, 0x00, 0x7F,
    0x00, 0x00, 0x00, 0x00, 0x00, 0x0F, 0xE0, 0x00, 0x00, 0x00, 0x00, 0x00, 0xFD, 0x00, 0x00, 0x00,
    0x00, 0x00, 0x2F, 0xC0, 0xFF, 0xFF, 0xFF, 0xFF, 0xFF, 0x1B, 0xFE, 0x40, 0x3F, 0x40, 0x03, 0xF4,
    0x00, 0x3F, 0x40, 0x03, 0xF4, 0x00, 0x3F, 0x40, 0x03, 0xF4, 0x00, 0x3F, 0x40, 0x03, 0xF4, 0x00,
    0x3F, 0x40, 0x03, 0xF4, 0x00, 0x3F, 0x40, 0x03, 0xF4, 0x00, 0x3F, 0x40, 0x03, 0xF4, 0x00, 0x3F,
    0x40, 0x03, 0xF4, 0x00, 0x3F, 0x40, 0x03, 0xF4, 0x00, 0x3F, 0x40, 0x03, 0xF4, 0x00, 0x3F, 0x40,
    0x1B, 0xFD, 0x4F, 0xFF, 0xFF, 0xFF, 0xFF, 0xF0, 0x00, 0x06, 0x80, 0x02, 0x90, 0x00, 0x00, 0x0F,
    0xD0, 0x0B, 0xE0, 0x00, 0x00, 0x0B, 0xF4, 0x1F, 0xD0, 0x00, 0x00, 0x03, 0xFF, 0xFF, 0x80, 0x00,
    0x00, 0x00, 0xFF, 0xFF, 0x00, 0x00, 0x00, 0x00, 0x1B, 0xE4, 0x00, 0x00, 0x00, 0x00, 0x00, 0x00,
    0x00, 0x00, 0x00, 0x00, 0x00, 0x00, 0x00, 0x00, 0x00, 0x00, 0x0B, 0xE0, 0x00, 0x00, 0x00, 0x00,
    0x0F, 0xF0, 0x00, 0x00, 0x00, 0x00, 0x2F, 0xF4, 0x00, 0x00, 0x00, 0x00, 0x3F, 0xFC, 0x00, 0x00,
    0x00, 0x00, 0x7E, 0xBC, 0x00, 0x00, 0x00, 0x00, 0xBD, 0x7E, 0x00, 0x00, 0x00, 0x00, 0xFC, 0x3F,
    0x00, 0x00, 0x00, 0x01, 0xF8, 0x2F, 0x40, 0x00, 0x00, 0x03, 0xF4, 0x1F, 0xC0, 0x00, 0x00, 0x03,
    0xF0, 0x0F, 0xC0, 0x00, 0x00, 0x0B, 0xE0, 0x0B, 0xE0, 0x00, 0x00, 0x0F, 0xC0, 0x03, 0xF0, 0x00,
    0x00, 0x1F, 0xC0, 0x03, 0xF4, 0x00, 0x00, 0x3F, 0x40, 0x01, 0xF8, 0x00, 0x00, 0x3F, 0x00, 0x00,
    0xFC, 0x00, 0x00, 0xBF, 0xFF, 0xFF, 0xFD, 0x00, 0x00, 0xFF, 0xFF, 0xFF, 0xFF, 0x00, 0x01, 0xFF,
    0xFF, 0xFF, 0xFF, 0x40, 0x02, 0xF4, 0x00, 0x00, 0x2F, 0x80, 0x03, 0xF0, 0x00, 0x00, 0x0F, 0xC0,
    0x07, 0xE0, 0x00, 0x00, 0x0F, 0xD0, 0x0F, 0xD0, 0x00, 0x00, 0x0B, 0xF0, 0x1F, 0xC0, 0x00, 0x00,
    0x03, 0xF0, 0x2F, 0x80, 0x00, 0x00, 0x03, 0xF8, 0x3F, 0x40, 0x00, 0x00, 0x01, 0xFC, 0x7F, 0x00,
    0x00, 0x00, 0x00, 0xFD, 0xFE, 0x00, 0x00, 0x00, 0x00, 0xBE, 0x02, 0xF4, 0x00, 0xFC, 0x00, 0x7E,
    0x00, 0xBE, 0x00, 0x0F, 0xE0, 0x7F, 0x40, 0x01, 0xFF, 0xFF, 0xC0, 0x00, 0x2F, 0xFF, 0xC0, 0x00,
    0x01, 0xBE, 0x40, 0x00, 0x00, 0x00, 0x00, 0x00, 0x00, 0x00, 0x00, 0x00, 0x00, 0x1B, 0xFF, 0x80,
    0x01, 0xFF, 0xFF, 0xFD, 0x00, 0x7F, 0xFF, 0xFF, 0xD0, 0x0F, 0x40, 0x0B, 0xFC, 0x00, 0x00, 0x00,
    0xBF, 0x00, 0x00, 0x00, 0x0F, 0xD0, 0x00, 0x00, 0x03, 0xF4, 0x00, 0x00, 0x00, 0xFD, 0x00, 0x01,
    0x55, 0x7F, 0x40, 0x6F, 0xFF, 0xFF, 0xD0, 0xFF, 0xFF, 0xFF, 0xF4, 0xFF, 0x90, 0x00, 0xFD, 0x7F,
    0x40, 0x00, 0x3F, 0x7F, 0xC0, 0x00, 0x0F, 0xDF, 0xE0, 0x00, 0x03, 0xF7, 0xF8, 0x00, 0x02, 0xFD,
    0xFF, 0x00, 0x01, 0xFF, 0x6F, 0xE0, 0x02, 0xFF, 0xD3, 0xFF, 0xFF, 0xF6, 0xF4, 0x7F, 0xFF, 0xF4,
    0x7D, 0x02, 0xFF, 0xE0, 0x0F, 0x40, 0x00, 0x01, 0xF0, 0x07, 0xC0, 0x00, 0x00, 0x00, 0xFD, 0x03,
    0xF4, 0x00, 0x00, 0x00, 0x3F, 0x40, 0xFD, 0x00, 0x00, 0x00, 0x07, 0xC0, 0x1F, 0x00, 0x00, 0x00,
    0x00, 0x00, 0x00, 0x00, 0x00, 0x00, 0x00, 0x00, 0x00, 0x00, 0x00, 0x00, 0x00, 0x00, 0x00, 0x00,
    0x00, 0x00, 0x00, 0x00, 0x00, 0x00, 0x00, 0x00, 0x00, 0x00, 0x07, 0xF0, 0x00, 0x00, 0x00, 0x00,
    0x03, 0xFD, 0x00, 0x00, 0x00, 0x00, 0x00, 0xFF, 0xC0, 0x00, 0x00, 0x00, 0x00, 0xBF, 0xF0, 0x00,
    0x00, 0x00, 0x00, 0x3F, 0x7E, 0x00, 0x00, 0x00, 0x00, 0x1F, 0x8F, 0xC0, 0x00, 0x00, 0x00, 0x0B,
    0xD3, 0xF4, 0x00, 0x00, 0x00, 0x03, 0xF0, 0x7E, 0x00, 0x00, 0x00, 0x02, 0xF8, 0x0F, 0xC0, 0x00,
    0x00, 0x00, 0xFD, 0x02, 0xF4, 0x00, 0x00, 0x00, 0x7F, 0x00, 0x7F, 0x00, 0x00, 0x00, 0x2F, 0x40,
    0x0F, 0xD0, 0x00, 0x00, 0x0F, 0xC0, 0x02, 0xF8, 0x00, 0x00, 0x07, 0xE0, 0x00, 0x3F, 0x00, 0x00,
    0x03, 0xF4, 0x00, 0x0F, 0xD0, 0x00, 0x00, 0xFF, 0xFF, 0xFF, 0xFC, 0x00, 0x00, 0xBF, 0xFF, 0xFF,
    0xFF, 0x00, 0x00, 0x3F, 0xFF, 0xFF, 0xFF, 0xE0, 0x00, 0x1F, 0xC0, 0x00, 0x01, 0xFC, 0x00, 0x0B,
    0xD0, 0x00, 0x00, 0x3F, 0x40, 0x03, 0xF0, 0x00, 0x00, 0x0B, 0xE0, 0x02, 0xF8, 0x00, 0x00, 0x00,
    0xFC, 0x00, 0xFD, 0x00, 0x00, 0x00, 0x3F, 0x80, 0x7F, 0x00, 0x00, 0x00, 0x0B, 0xF0, 0x2F, 0x80,
    0x00, 0x00, 0x00, 0xFD, 0x0F, 0xD0, 0x00, 0x00, 0x00, 0x3F, 0x87, 0xF0, 0x00, 0x00, 0x00, 0x07,
    0xF0, 0x00, 0xF4, 0x03, 0xD0, 0x00, 0x7F, 0x01, 0xFC, 0x00, 0x1F, 0xC0, 0x7F, 0x00, 0x03, 0xD0,
    0x0F, 0x40, 0x00, 0x00, 0x00, 0x00, 0x00, 0x00, 0x00, 0x00, 0x00, 0x01, 0xBF, 0xF8, 0x00, 0x1F,
    0xFF, 0xFF, 0xD0, 0x07, 0xFF, 0xFF, 0xFD, 0x00, 0xE4, 0x00, 0x7F, 0xC0, 0x00, 0x00, 0x0B, 0xF0,
    0x00, 0x00, 0x00, 0xFD, 0x00, 0x00, 0x00, 0x3F, 0x40, 0x00, 0x00, 0x0F, 0xD0, 0x01, 0xAF, 0xFF,
    0xF4, 0x0B, 0xFF, 0xFF, 0xFD, 0x1F, 0xFF, 0xFF, 0xFF, 0x4F, 0xF9, 0x00, 0x0F, 0xDB, 0xF4, 0x00,
    0x03, 0xF7, 0xFC, 0x00, 0x00, 0xFD, 0xFE, 0x00, 0x00, 0x3F, 0x7F, 0x80, 0x00, 0x2F, 0xDF, 0xF0,
    0x00, 0x1F, 0xF6, 0xFE, 0x00, 0x2F, 0xFD, 0x3F, 0xFF, 0xFF, 0x6F, 0x43, 0xFF, 0xFF, 0x47, 0xD0,
    0x1F, 0xFE, 0x01, 0xF4, 0x00, 0x00, 0x00, 0x7F, 0xFF, 0xFF, 0xFF, 0xFC, 0x00, 0x00, 0x03, 0xFF,
    0xFF, 0xFF, 0xFF, 0xF0, 0x00, 0x00, 0x1F, 0xFF, 0xFF, 0xFF, 0xFF, 0xC0, 0x00, 0x00, 0xFD, 0x0F,
    0xD0, 0x00, 0x00, 0x00, 0x00, 0x07, 0xF0, 0x3F, 0x40, 0x00, 0x00, 0x00, 0x00, 0x3F, 0x80, 0xFD,
    0x00, 0x00, 0x00, 0x00, 0x00, 0xFC, 0x03, 0xF4, 0x00, 0x00, 0x00, 0x00, 0x0B, 0xE0, 0x0F, 0xD0,
    0x00, 0x00, 0x00, 0x00, 0x3F, 0x00, 0x3F, 0x40, 0x00, 0x00, 0x00, 0x02, 0xF8, 0x00, 0xFD, 0x00,
    0x00, 0x00, 0x00, 0x0F, 0xC0, 0x03, 0xF4, 0x00, 0x00, 0x00, 0x00, 0xBE, 0x00, 0x0F, 0xFF, 0xFF,
    0xFC, 0x00, 0x03, 0xF0, 0x00, 0x3F, 0xFF, 0xFF, 0xF0, 0x00, 0x2F, 0x80, 0x00, 0xFF, 0xFF, 0xFF,
    0xC0, 0x00, 0xFD, 0x00, 0x03, 0xF4, 0x00, 0x00, 0x00, 0x07, 0xFF, 0xFF, 0xFF, 0xD0, 0x00, 0x00,
    0x00, 0x3F, 0xFF, 0xFF, 0xFF, 0x40, 0x00, 0x00, 0x01, 0xFF, 0xFF, 0xFF, 0xFD, 0x00, 0x00, 0x00,
    0x0F, 0xD0, 0x00, 0x03, 0xF4, 0x00, 0x00, 0x00, 0x7F, 0x00, 0x00, 0x0F, 0xD0, 0x00, 0x00, 0x03,
    0xF8, 0x00, 0x00, 0x3F, 0x40, 0x00, 0x00, 0x1F, 0xC0, 0x00, 0x00, 0xFD, 0x00, 0x00, 0x00, 0xFE,
    0x00, 0x00, 0x03, 0xF4, 0x00, 0x00, 0x03, 0xF0, 0x00, 0x00, 0x0F, 0xD0, 0x00, 0x00, 0x2F, 0x80,
    0x00, 0x00, 0x3F, 0xFF, 0xFF, 0xFC, 0xFD, 0x00, 0x00, 0x00, 0xFF, 0xFF, 0xFF, 0xFB, 0xF0, 0x00,
    0x00, 0x03, 0xFF, 0xFF, 0xFF, 0xC0, 0x00, 0x6F, 0xFE, 0x00, 0x0B, 0xFE, 0x40, 0x02, 0xFF, 0xFF,
    0xF4, 0x2F, 0xFF, 0xF8, 0x00, 0xFF, 0xFF, 0xFF, 0x6F, 0xFF, 0xFF, 0xC0, 0x2E, 0x00, 0x0F, 0xFF,
    0xD0, 0x0B, 0xF8, 0x00, 0x00, 0x00, 0xFF, 0xC0, 0x00, 0x7F, 0x00, 0x00, 0x00, 0x2F, 0xD0, 0x00,
    0x0F, 0xD0, 0x00, 0x00, 0x0B, 0xF0, 0x00, 0x02, 0xFC, 0x00, 0x00, 0x01, 0xFC, 0x00, 0x00, 0xBF,
    0x00, 0x1A, 0xFF, 0xFF, 0xFF, 0xFF, 0xFF, 0xC0, 0xFF, 0xFF, 0xFF, 0xFF, 0xFF, 0xFF, 0xF1, 0xFF,
    0xFF, 0xFF, 0xFF, 0xFF, 0xFF, 0xFC, 0xFF, 0x90, 0x01, 0xFC, 0x00, 0x00, 0x00, 0xBF, 0x40, 0x00,
    0x7F, 0x00, 0x00, 0x00, 0x3F, 0xC0, 0x00, 0x2F, 0xC0, 0x00, 0x00, 0x0F, 0xE0, 0x00, 0x0B, 0xF4,
    0x00, 0x00, 0x03, 0xF8, 0x00, 0x03, 0xFF, 0x00, 0x00, 0x00, 0xFF, 0x00, 0x02, 0xFF, 0xE0, 0x00,
    0x00, 0x2F, 0xE0, 0x07, 0xF5, 0xFE, 0x00, 0x06, 0xC3, 0xFF, 0xFF, 0xF8, 0x2F, 0xFF, 0xFF, 0xF0,
    0x3F, 0xFF, 0xF4, 0x02, 0xFF, 0xFF, 0xFC, 0x01, 0xFF, 0xE0, 0x00, 0x0B, 0xFF, 0xE4, 0x00, 0x06,
    0x80, 0x02, 0x90, 0x3F, 0x40, 0x1F, 0xC0, 0x7F, 0x41, 0xFD, 0x00, 0xFF, 0xFF, 0xF0, 0x00, 0xFF,
    0xFF, 0x00, 0x00, 0x6F, 0x90, 0x00, 0x00, 0x00, 0x00, 0x00, 0x00, 0x00, 0x00, 0xFF, 0xFF, 0xFF,
    0xFF, 0xFF, 0xFF, 0xFF, 0xFF, 0xFF, 0xFF, 0xFF, 0xFF, 0x40, 0x00, 0x00, 0xFD, 0x00, 0x00, 0x03,
    0xF4, 0x00, 0x00, 0x0F, 0xD0, 0x00, 0x00, 0x3F, 0x40, 0x00, 0x00, 0xFD, 0x00, 0x00, 0x03, 0xF4,
    0x00, 0x00, 0x0F, 0xD0, 0x00, 0x00, 0x3F, 0xFF, 0xFF, 0xFD, 0xFF, 0xFF, 0xFF, 0xFB, 0xFF, 0xFF,
    0xFF, 0xEF, 0xD0, 0x00, 0x00, 0x3F, 0x40, 0x00, 0x00, 0xFD, 0x00, 0x00, 0x03, 0xF4, 0x00, 0x00,
    0x0F, 0xD0, 0x00, 0x00, 0x3F, 0x40, 0x00, 0x00, 0xFD, 0x00, 0x00, 0x03, 0xF4, 0x00, 0x00, 0x0F,
    0xD0, 0x00, 0x00, 0x3F, 0x40, 0x00, 0x00, 0xFF, 0xFF, 0xFF, 0xFF, 0xFF, 0xFF, 0xFF, 0xFF, 0xFF,
    0xFF, 0xFF, 0xC0, 0x03, 0xF0, 0x02, 0xF4, 0x00, 0xBD, 0x00, 0xFC, 0x00, 0x0F, 0xD0, 0xBF, 0x00,
    0x02, 0xFF, 0xFF, 0x40, 0x00, 0x3F, 0xFF, 0x80, 0x00, 0x01, 0xBE, 0x00, 0x00, 0x00, 0x00, 0x00,
    0x00, 0x00, 0x00, 0x00, 0x00, 0x00, 0x1B, 0xFE, 0x00, 0x00, 0x3F, 0xFF, 0xF8, 0x00, 0x7F, 0xFF,
    0xFF, 0xC0, 0x3F, 0xD0, 0x0B, 0xF8, 0x2F, 0xC0, 0x00, 0xBF, 0x0F, 0xD0, 0x00, 0x0F, 0xD7, 0xF0,
    0x00, 0x02, 0xFA, 0xF8, 0x00, 0x00, 0xBF, 0xFF, 0xAA, 0xAA, 0xBF, 0xFF, 0xFF, 0xFF, 0xFF, 0xFF,
    0xFF, 0xFF, 0xFF, 0xFF, 0xF8, 0x00, 0x00, 0x00, 0xFE, 0x00, 0x00, 0x00, 0x2F, 0xC0, 0x00, 0x00,
    0x0B, 0xF0, 0x00, 0x00, 0x00, 0xFE, 0x00, 0x00, 0x00, 0x2F, 0xD0, 0x00, 0x00, 0x03, 0xFE, 0x00,
    0x06, 0xC0, 0x7F, 0xFF, 0xFF, 0xF0, 0x03, 0xFF, 0xFF, 0xFC, 0x00, 0x1B, 0xFF, 0xE4, 0x00, 0x00,
    0x6F, 0xFF, 0xE4, 0x00, 0x00, 0x7F, 0xFF, 0xFF, 0xFE, 0x00, 0x01, 0xFF, 0xFF, 0xFF, 0xFF, 0x40,
    0x07, 0x94, 0x00, 0x02, 0xFF, 0x80, 0x00, 0x00, 0x00, 0x00, 0xBF, 0x40, 0x00, 0x00, 0x00, 0x00,
    0xBF, 0x00, 0x00, 0x00, 0x00, 0x00, 0xFE, 0x00, 0x00, 0x00, 0x00, 0x01, 0xFC, 0x00, 0x00, 0x00,
    0x00, 0x03, 0xF4, 0x00, 0x00, 0x00, 0x00, 0x0B, 0xE0, 0x00, 0x00, 0x00, 0x00, 0x2F, 0xC0, 0x00,
    0x00, 0x00, 0x00, 0xBF, 0xFF, 0xFF, 0xFF, 0xFF, 0xFF, 0xFF, 0xFF, 0xFF, 0xFF, 0xFF, 0xFF, 0xFF,
    0xFF, 0xFF, 0xFF, 0xFF, 0xFF, 0xFF, 0x80, 0x00, 0x00, 0x00, 0xBF, 0xFE, 0x00, 0x00, 0x00, 0x02,
    0xFE, 0xF8, 0x00, 0x00, 0x00, 0x0B, 0xE7, 0xF0, 0x00, 0x00, 0x00, 0x3F, 0x4F, 0xC0, 0x00, 0x00,
    0x01, 0xFC, 0x3F, 0x40, 0x00, 0x00, 0x0F, 0xE0, 0x7F, 0x00, 0x00, 0x00, 0xBF, 0x00, 0xFF, 0x00,
    0x00, 0x0B, 0xF8, 0x01, 0xFF, 0x40, 0x01, 0xFF, 0x80, 0x01, 0xFF, 0xFF, 0xFF, 0xF8, 0x00, 0x00,
    0xFF, 0xFF, 0xFF, 0x40, 0x00, 0x00, 0x6F, 0xFF, 0x90, 0x00, 0x00, 0x06, 0xFF, 0xF9, 0x00, 0x0F,
    0xFF, 0xFF, 0xF0, 0x03, 0xFF, 0xFF, 0xFF, 0x40, 0xE4, 0x00, 0x2F, 0xF0, 0x00, 0x00, 0x01, 0xFE,
    0x00, 0x00, 0x00, 0x2F, 0xC0, 0x00, 0x00, 0x03, 0xF8, 0x00, 0x00, 0x00, 0xFE, 0x00, 0x00, 0x00,
    0x2F, 0xC0, 0x00, 0x00, 0x0B, 0xFF, 0xFF, 0xFF, 0xFF, 0xFF, 0xFF, 0xFF, 0xFF, 0xFF, 0xFF, 0xFF,
    0xFF, 0xFF, 0xFF, 0x80, 0x00, 0x0B, 0xEB, 0xE0, 0x00, 0x03, 0xF5, 0xFC, 0x00, 0x00, 0xFC, 0x3F,
    0x80, 0x00, 0xFE, 0x0B, 0xF8, 0x01, 0xFF, 0x00, 0xFF, 0xFF, 0xFF, 0x40, 0x0B, 0xFF, 0xFF, 0x00,
    0x00, 0x2F, 0xF9, 0x00, 0x00, 0x00, 0x0F, 0x40, 0x3D, 0x00, 0x00, 0x00, 0x7F, 0x01, 0xFC, 0x00,
    0x00, 0x01, 0xFC, 0x07, 0xF0, 0x00, 0x00, 0x03, 0xD0, 0x0F, 0x40, 0x00, 0x00, 0x00, 0x00, 0x00,
    0x00, 0x00, 0x00, 0x00, 0x00, 0x00, 0x00, 0x00, 0x00, 0x00, 0x00, 0x00, 0x00, 0x00, 0x00, 0x00,
    0x00, 0x00, 0x00, 0x00, 0x6F, 0xFF, 0xE4, 0x00, 0x00, 0x7F, 0xFF, 0xFF, 0xFE, 0x00, 0x01, 0xFF,
    0xFF, 0xFF, 0xFF, 0x40, 0x07, 0x94, 0x00, 0x02, 0xFF, 0x80, 0x00, 0x00, 0x00, 0x00, 0xBF, 0x40,
    0x00, 0x00, 0x00, 0x00, 0xBF, 0x00, 0x00, 0x00, 0x00, 0x00, 0xFE, 0x00, 0x00, 0x00, 0x00, 0x01,
    0xFC, 0x00, 0x00, 0x00, 0x00, 0x03, 0xF4, 0x00, 0x00, 0x00, 0x00, 0x0B, 0xE0, 0x00, 0x00, 0x00,
    0x00, 0x2F, 0xC0, 0x00, 0x00, 0x00, 0x00, 0xBF, 0xFF, 0xFF, 0xFF, 0xFF, 0xFF, 0xFF, 0xFF, 0xFF,
    0xFF, 0xFF, 0xFF, 0xFF, 0xFF, 0xFF, 0xFF, 0xFF, 0xFF, 0xFF, 0x80, 0x00, 0x00, 0x00, 0xBF, 0xFE,
    0x00, 0x00, 0x00, 0x02, 0xFE, 0xF8, 0x00, 0x00, 0x00, 0x0B, 0xE7, 0xF0, 0x00, 0x00, 0x00, 0x3F,
    0x4F, 0xC0, 0x00, 0x00, 0x01, 0xFC, 0x3F, 0x40, 0x00, 0x00, 0x0F, 0xE0, 0x7F, 0x00, 0x00, 0x00,
    0xBF, 0x00, 0xFF, 0x00, 0x00, 0x0B, 0xF8, 0x01, 0xFF, 0x40, 0x01, 0xFF, 0x80, 0x01, 0xFF, 0xFF,
    0xFF, 0xF8, 0x00, 0x00, 0xFF, 0xFF, 0xFF, 0x40, 0x00, 0x00, 0x6F, 0xFF, 0x90, 0x00, 0x00, 0x01,
    0xF0, 0x07, 0xC0, 0x00, 0xFD, 0x03, 0xF4, 0x00, 0x3F, 0x40, 0xFD, 0x00, 0x07, 0xC0, 0x1F, 0x00,
    0x00, 0x00, 0x00, 0x00, 0x00, 0x00, 0x00, 0x00, 0x00, 0x6F, 0xFF, 0x90, 0x00, 0xFF, 0xFF, 0xFF,
    0x00, 0x3F, 0xFF, 0xFF, 0xF4, 0x0E, 0x40, 0x02, 0xFF, 0x00, 0x00, 0x00, 0x1F, 0xE0, 0x00, 0x00,
    0x02, 0xFC, 0x00, 0x00, 0x00, 0x3F, 0x80, 0x00, 0x00, 0x0F, 0xE0, 0x00, 0x00, 0x02, 0xFC, 0x00,
    0x00, 0x00, 0xBF, 0xFF, 0xFF, 0xFF, 0xFF, 0xFF, 0xFF, 0xFF, 0xFF, 0xFF, 0xFF, 0xFF, 0xFF, 0xFF,
    0xF8, 0x00, 0x00, 0xBE, 0xBE, 0x00, 0x00, 0x3F, 0x5F, 0xC0, 0x00, 0x0F, 0xC3, 0xF8, 0x00, 0x0F,
    0xE0, 0xBF, 0x80, 0x1F, 0xF0, 0x0F, 0xFF, 0xFF, 0xF4, 0x00, 0xBF, 0xFF, 0xF0, 0x00, 0x02, 0xFF,
    0x90, 0x00, 0x00, 0x00, 0x00, 0x7C, 0x01, 0xF0, 0x00, 0x00, 0x00, 0x00, 0x00, 0x03, 0xF4, 0x0F,
    0xD0, 0x00, 0x00, 0x00, 0x00, 0x00, 0x0F, 0xD0, 0x3F, 0x40, 0x00, 0x00, 0x00, 0x00, 0x00, 0x1F,
    0x00, 0x7C, 0x00, 0x00, 0x00, 0x00, 0x00, 0x00, 0x00, 0x00, 0x00, 0x00, 0x00, 0x00, 0x00, 0x00,
    0x00, 0x00, 0x00, 0x00, 0x00, 0x00, 0x00, 0x00, 0x00, 0x00, 0x00, 0x00, 0x00, 0x00, 0x00, 0x00,
    0x00, 0x00, 0x00, 0x00, 0x00, 0x00, 0x00, 0x00, 0x2F, 0xC0, 0x00, 0x01, 0xFC, 0x00, 0x00, 0x1F,
    0xC0, 0x3F, 0x80, 0x00, 0x07, 0xF0, 0x00, 0x00, 0xFE, 0x00, 0x7F, 0x40, 0x00, 0x1F, 0xC0, 0x00,
    0x0B, 0xF0, 0x00, 0xBF, 0x00, 0x00, 0x7F, 0x00, 0x00, 0x7F, 0x00, 0x00, 0xFE, 0x00, 0x01, 0xFC,
    0x00, 0x03, 0xF8, 0x00, 0x01, 0xFD, 0x00, 0x07, 0xF0, 0x00, 0x2F, 0xC0, 0x00, 0x02, 0xFC, 0x00,
    0x1F, 0xC0, 0x01, 0xFC, 0x00, 0x00, 0x03, 0xF8, 0x00, 0x7F, 0x00, 0x0F, 0xE0, 0x00, 0x00, 0x03,
    0xF4, 0x01, 0xFC, 0x00, 0xBF, 0x00, 0x00, 0x00, 0x0B, 0xF0, 0x07, 0xF0, 0x07, 0xF0, 0x00, 0x00,
    0x00, 0x0F, 0xE0, 0x1F, 0xC0, 0x3F, 0x40, 0x00, 0x00, 0x00, 0x0F, 0xFF, 0xFF, 0xFF, 0xFC, 0x00,
    0x00, 0x00, 0x00, 0x3F, 0xFF, 0xFF, 0xFF, 0xD0, 0x00, 0x00, 0x00, 0x01, 0xFF, 0xFF, 0xFF, 0xFF,
    0xC0, 0x00, 0x00, 0x00, 0x0F, 0xF0, 0x1F, 0xC0, 0x7F, 0x40, 0x00, 0x00, 0x00, 0xBF, 0x40, 0x7F,
    0x00, 0xBF, 0x00, 0x00, 0x00, 0x03, 0xF8, 0x01, 0xFC, 0x00, 0xFE, 0x00, 0x00, 0x00, 0x3F, 0xC0,
    0x07, 0xF0, 0x01, 0xFD, 0x00, 0x00, 0x01, 0xFD, 0x00, 0x1F, 0xC0, 0x03, 0xFC, 0x00, 0x00, 0x0F,
    0xF0, 0x00, 0x7F, 0x00, 0x03, 0xF8, 0x00, 0x00, 0xBF, 0x00, 0x01, 0xFC, 0x00, 0x0B, 0xF0, 0x00,
    0x07, 0xF8, 0x00, 0x07, 0xF0, 0x00, 0x0F, 0xF0, 0x00, 0x3F, 0xC0, 0x00, 0x1F, 0xC0, 0x00, 0x1F,
    0xD0, 0x02, 0xFD, 0x00, 0x00, 0x7F, 0x00, 0x00, 0x2F, 0xC0, 0x0F, 0xE0, 0x00, 0x01, 0xFC, 0x00,
    0x00, 0x3F, 0x80, 0xBF, 0x00, 0x00, 0x07, 0xF0, 0x00, 0x00, 0x7F, 0x47, 0xF4, 0x00, 0x00, 0x1F,
    0xC0, 0x00, 0x00, 0xFF, 0x00, 0x00, 0x00, 0x1F, 0x00, 0xB8, 0x00, 0x00, 0x00, 0x00, 0x3F, 0x40,
    0xFC, 0x00, 0x00, 0x00, 0x00, 0x3F, 0x40, 0xFC, 0x00, 0x00, 0x00, 0x00, 0x1F, 0x00, 0x74, 0x00,
    0x00, 0x00, 0x00, 0x00, 0x00, 0x00, 0x00, 0x00, 0x00, 0x00, 0x00, 0x00, 0x00, 0x00, 0x00, 0x3F,
    0x40, 0x00, 0x7F, 0x00, 0x01, 0xFC, 0x1F, 0xC0, 0x00, 0x7F, 0x00, 0x03, 0xF4, 0x0B, 0xE0, 0x00,
    0x7F, 0x00, 0x0B, 0xE0, 0x03, 0xF4, 0x00, 0x7F, 0x00, 0x1F, 0xC0, 0x01, 0xFC, 0x00, 0x7F, 0x00,
    0x3F, 0x40, 0x00, 0xBE, 0x00, 0x7F, 0x00, 0xBE, 0x00, 0x00, 0x3F, 0x00, 0x7F, 0x00, 0xFC, 0x00,
    0x00, 0x1F, 0xC0, 0x7F, 0x02, 0xF4, 0x00, 0x00, 0x0F, 0xD0, 0x7F, 0x07, 0xF0, 0x00, 0x00, 0x03,
    0xFF, 0xFF, 0xFF, 0xC0, 0x00, 0x00, 0x03, 0xFF, 0xFF, 0xFF, 0xC0, 0x00, 0x00, 0x0B, 0xFF, 0xFF,
    0xFF, 0xE0, 0x00, 0x00, 0x1F, 0xD0, 0x7F, 0x03, 0xF4, 0x00, 0x00, 0x3F, 0x80, 0x7F, 0x02, 0xFC,
    0x00, 0x00, 0xBF, 0x00, 0x7F, 0x00, 0xFE, 0x00, 0x01, 0xFD, 0x00, 0x7F, 0x00, 0x7F, 0x00, 0x03,
    0xFC, 0x00, 0x7F, 0x00, 0x2F, 0xC0, 0x0B, 0xF0, 0x00, 0x7F, 0x00, 0x0F, 0xE0, 0x0F, 0xE0, 0x00,
    0x7F, 0x00, 0x0B, 0xF0, 0x3F, 0xC0, 0x00, 0x7F, 0x00, 0x03, 0xFC, 0x7F, 0x40, 0x00, 0x7F, 0x00,
    0x01, 0xFD, 0x01, 0xF0, 0x07, 0xC0, 0x00, 0x3F, 0x40, 0xFD, 0x00, 0x03, 0xF4, 0x0F, 0xD0, 0x00,
    0x1F, 0x00, 0x7C, 0x00, 0x00, 0x00, 0x00, 0x00, 0x00, 0x00, 0x00, 0x00, 0x00, 0x00, 0x00, 0x00,
    0x00, 0x00, 0x00, 0x00, 0x00, 0x00, 0x06, 0xBF, 0xFE, 0x40, 0x07, 0xFF, 0xFF, 0xFF, 0x80, 0x7F,
    0xFF, 0xFF, 0xFF, 0x03, 0xD0, 0x00, 0x1F, 0xFC, 0x00, 0x00, 0x00, 0x3F, 0xC0, 0x00, 0x00, 0x00,
    0xFD, 0x00, 0x00, 0x00, 0x0F, 0xD0, 0x00, 0x00, 0x00, 0xFD, 0x00, 0x00, 0x00, 0x1F, 0xC0, 0x00,
    0x00, 0x07, 0xF4, 0x00, 0x00, 0x06, 0xFE, 0x00, 0x2F, 0xFF, 0xFE, 0x00, 0x02, 0xFF, 0xFF, 0x40,
    0x00, 0x1F, 0xFF, 0xFF, 0xC0, 0x00, 0x00, 0x01, 0xFF, 0x40, 0x00, 0x00, 0x02, 0xFC, 0x00, 0x00,
    0x00, 0x0F, 0xE0, 0x00, 0x00, 0x00, 0xBF, 0x00, 0x00, 0x00, 0x0B, 0xF0, 0x00, 0x00, 0x00, 0xBF,
    0x00, 0x00, 0x00, 0x0B, 0xF0, 0x00, 0x00, 0x00, 0xFE, 0x00, 0x00, 0x00, 0x3F, 0xCF, 0x40, 0x00,
    0x2F, 0xF8, 0xFF, 0xFF, 0xFF, 0xFE, 0x0F, 0xFF, 0xFF, 0xFF, 0x40, 0x1A, 0xFF, 0xFE, 0x40, 0x00,
    0x07, 0xC0, 0x1F, 0x00, 0x3F, 0x40, 0xFD, 0x00, 0xFD, 0x03, 0xF4, 0x01, 0xF0, 0x07, 0xC0, 0x00,
    0x00, 0x00, 0x00, 0x00, 0x00, 0x00, 0x00, 0x6F, 0xFF, 0x80, 0x2F, 0xFF, 0xFF, 0xE0, 0x7F, 0xFF,
    0xFF, 0xE0, 0xD0, 0x00, 0x7F, 0xC0, 0x00, 0x00, 0x3F, 0x40, 0x00, 0x00, 0xFD, 0x00, 0x00, 0x07,
    0xF0, 0x00, 0x00, 0x7F, 0x80, 0x3F, 0xFF, 0xF8, 0x01, 0xFF, 0xFE, 0x00, 0x07, 0xFF, 0xFF, 0x80,
    0x00, 0x00, 0xBF, 0xC0, 0x00, 0x00, 0x3F, 0x80, 0x00, 0x00, 0xBF, 0x00, 0x00, 0x02, 0xFC, 0x00,
    0x00, 0x0B, 0xF0, 0x00, 0x00, 0x3F, 0xF9, 0x00, 0x07, 0xFD, 0xFF, 0xFF, 0xFF, 0xE3, 0xFF, 0xFF,
    0xFE, 0x01, 0xBF, 0xFE, 0x40, 0x00, 0x3F, 0xFF, 0xFF, 0xFF, 0xF0, 0xFF, 0xFF, 0xFF, 0xFF, 0xC3,
    0xFF, 0xFF, 0xFF, 0xFF, 0x00, 0x00, 0x00, 0x0F, 0xF0, 0x00, 0x00, 0x01, 0xFE, 0x00, 0x00, 0x00,
    0x1F, 0xE0, 0x00, 0x00, 0x01, 0xFE, 0x00, 0x00, 0x00, 0x2F, 0xD0, 0x00, 0x00, 0x02, 0xFD, 0x00,
    0x00, 0x00, 0x2F, 0xD0, 0x00, 0x00, 0x03, 0xFC, 0x00, 0x00, 0x00, 0x1F, 0xFF, 0xE4, 0x00, 0x00,
    0x7F, 0xFF, 0xFD, 0x00, 0x01, 0xFF, 0xFF, 0xFF, 0x00, 0x00, 0x00, 0x1B, 0xFF, 0x00, 0x00, 0x00,
    0x03, 0xFD, 0x00, 0x00, 0x00, 0x03, 0xF8, 0x00, 0x00, 0x00, 0x0B, 0xF0, 0x00, 0x00, 0x00, 0x2F,
    0xC0, 0x00, 0x00, 0x00, 0xBF, 0x00, 0x00, 0x00, 0x02, 0xFC, 0x00, 0x00, 0x00, 0x0F, 0xE4, 0x00,
    0x00, 0x00, 0xFF, 0x2F, 0x90, 0x00, 0x2F, 0xF4, 0xBF, 0xFF, 0xFF, 0xFF, 0x41, 0xFF, 0xFF, 0xFF,
    0xF4, 0x00, 0x6B, 0xFF, 0xE8, 0x00, 0x00, 0x3F, 0xFF, 0xFF, 0xFF, 0x03, 0xFF, 0xFF, 0xFF, 0xF0,
    0x3F, 0xFF, 0xFF, 0xFF, 0x00, 0x00, 0x00, 0x0F, 0xC0, 0x00, 0x00, 0x03, 0xF4, 0x00, 0x00, 0x00,
    0xFD, 0x00, 0x00, 0x00, 0x2F, 0x80, 0x00, 0x00, 0x0B, 0xF0, 0x00, 0x00, 0x01, 0xFC, 0x00, 0x00,
    0x00, 0x7F, 0x00, 0x00, 0x00, 0x0F, 0xD0, 0x00, 0x00, 0x03, 0xF8, 0x00, 0x00, 0x00, 0xBF, 0xFD,
    0x00, 0x00, 0x0F, 0xFF, 0xFE, 0x00, 0x00, 0xBF, 0xFF, 0xFC, 0x00, 0x00, 0x00, 0x7F, 0xF0, 0x00,
    0x00, 0x00, 0xBF, 0x80, 0x00, 0x00, 0x03, 0xFC, 0x00, 0x00, 0x00, 0x1F, 0xD0, 0x00, 0x00, 0x00,
    0xFD, 0x00, 0x00, 0x00, 0x0F, 0xD0, 0x00, 0x00, 0x00, 0xFD, 0x00, 0x00, 0x00, 0x0F, 0xD0, 0x00,
    0x00, 0x01, 0xFC, 0x00, 0x00, 0x00, 0x3F, 0xC0, 0x00, 0x00, 0x0F, 0xF4, 0xB9, 0x00, 0x07, 0xFE,
    0x0B, 0xFF, 0xFF, 0xFF, 0x80, 0x7F, 0xFF, 0xFF, 0xD0, 0x00, 0x6F, 0xFF, 0x90, 0x00, 0x00, 0x3F,
    0xFF, 0xFF, 0x00, 0x00, 0x0F, 0xFF, 0xFF, 0xC0, 0x00, 0x03, 0xFF, 0xFF, 0xF0, 0x00, 0x00, 0x00,
    0x00, 0x00, 0x00, 0x00, 0x00, 0x00, 0x00, 0x00, 0x00, 0x00, 0x00, 0x00, 0x00, 0x0F, 0xD0, 0x00,
    0x00, 0x03, 0xFF, 0xF4, 0x00, 0x00, 0x02, 0xFF, 0xFD, 0x00, 0x00, 0x01, 0xFF, 0xFF, 0x40, 0x00,
    0x00, 0xFF, 0xFF, 0xD0, 0x00, 0x00, 0xBE, 0xFF, 0xF4, 0x00, 0x00, 0x3E, 0x7F, 0xFD, 0x00, 0x00,
    0x2F, 0x1F, 0xFF, 0x40, 0x00, 0x1F, 0x47, 0xFF, 0xD0, 0x00, 0x0F, 0xC1, 0xFF, 0xF4, 0x00, 0x0B,
    0xC0, 0x7F, 0xFD, 0x00, 0x03, 0xE0, 0x1F, 0xFF, 0x40, 0x02, 0xF0, 0x07, 0xFF, 0xD0, 0x01, 0xF4,
    0x01, 0xFF, 0xF4, 0x00, 0xFC, 0x00, 0x7F, 0xFD, 0x00, 0xBC, 0x00, 0x1F, 0xFF, 0x40, 0x3E, 0x00,
    0x07, 0xFF, 0xD0, 0x2F, 0x00, 0x01, 0xFF, 0xF4, 0x1F, 0x40, 0x00, 0x7F, 0xFD, 0x0F, 0xC0, 0x00,
    0x1F, 0xFF, 0x4B, 0xD0, 0x00, 0x07, 0xFF, 0xD3, 0xE0, 0x00, 0x01, 0xFF, 0xF6, 0xF0, 0x00, 0x00,
    0x7F, 0xFE, 0xF4, 0x00, 0x00, 0x1F, 0xFF, 0xFC, 0x00, 0x00, 0x07, 0xFF, 0xFD, 0x00, 0x00, 0x01,
    0xFF, 0xFE, 0x00, 0x00, 0x00, 0x7F, 0xFF, 0x00, 0x00, 0x00, 0x1F, 0xC0, 0x03, 0xFF, 0xFF, 0xF0,
    0x00, 0xFF, 0xFF, 0xFC, 0x00, 0x3F, 0xFF, 0xFF, 0x00, 0x00, 0x00, 0x00, 0x00, 0x00, 0x00, 0x00,
    0x00, 0x3F, 0x40, 0x00, 0x2F, 0xFF, 0xD0, 0x00, 0x0F, 0xFF, 0xF4, 0x00, 0x0B, 0xFF, 0xFD, 0x00,
    0x03, 0xFF, 0xFF, 0x40, 0x02, 0xFB, 0xFF, 0xD0, 0x01, 0xF9, 0xFF, 0xF4, 0x00, 0xFC, 0x7F, 0xFD,
    0x00, 0x7E, 0x1F, 0xFF, 0x40, 0x3F, 0x07, 0xFF, 0xD0, 0x1F, 0x81, 0xFF, 0xF4, 0x0F, 0xC0, 0x7F,
    0xFD, 0x0B, 0xD0, 0x1F, 0xFF, 0x43, 0xF0, 0x07, 0xFF, 0xD2, 0xF4, 0x01, 0xFF, 0xF4, 0xFC, 0x00,
    0x7F, 0xFD, 0xBD, 0x00, 0x1F, 0xFF, 0xBF, 0x00, 0x07, 0xFF, 0xFF, 0x40, 0x01, 0xFF, 0xFF, 0x80,
    0x00, 0x7F, 0xFF, 0xC0, 0x00, 0x1F, 0xFF, 0xE0, 0x00, 0x07, 0xF0, 0x00, 0x0F, 0x40, 0x3D, 0x00,
    0x00, 0x07, 0xF0, 0x1F, 0xC0, 0x00, 0x01, 0xFC, 0x07, 0xF0, 0x00, 0x00, 0x3D, 0x00, 0xF4, 0x00,
    0x00, 0x00, 0x00, 0x00, 0x00, 0x00, 0x00, 0x00, 0x00, 0x00, 0x00, 0x00, 0x00, 0x00, 0x00, 0x00,
    0x00, 0x00, 0x00, 0x00, 0x00, 0xFD, 0x00, 0x00, 0x00, 0x3F, 0xFF, 0x40, 0x00, 0x00, 0x2F, 0xFF,
    0xD0, 0x00, 0x00, 0x1F, 0xFF, 0xF4, 0x00, 0x00, 0x0F, 0xFF, 0xFD, 0x00, 0x00, 0x07, 0xEF, 0xFF,
    0x40, 0x00, 0x03, 0xE7, 0xFF, 0xD0, 0x00, 0x02, 0xF1, 0xFF, 0xF4, 0x00, 0x01, 0xF4, 0x7F, 0xFD,
    0x00, 0x00, 0xFC, 0x1F, 0xFF, 0x40, 0x00, 0x7C, 0x07, 0xFF, 0xD0, 0x00, 0x3E, 0x01, 0xFF, 0xF4,
    0x00, 0x2F, 0x00, 0x7F, 0xFD, 0x00, 0x1F, 0x40, 0x1F, 0xFF, 0x40, 0x0F, 0xC0, 0x07, 0xFF, 0xD0,
    0x07, 0xD0, 0x01, 0xFF, 0xF4, 0x03, 0xE0, 0x00, 0x7F, 0xFD, 0x02, 0xF0, 0x00, 0x1F, 0xFF, 0x41,
    0xF4, 0x00, 0x07, 0xFF, 0xD0, 0xFC, 0x00, 0x01, 0xFF, 0xF4, 0x7D, 0x00, 0x00, 0x7F, 0xFD, 0x3E,
    0x00, 0x00, 0x1F, 0xFF, 0x6F, 0x00, 0x00, 0x07, 0xFF, 0xEF, 0x80, 0x00, 0x01, 0xFF, 0xFF, 0xC0,
    0x00, 0x00, 0x7F, 0xFF, 0xD0, 0x00, 0x00, 0x1F, 0xFF, 0xE0, 0x00, 0x00, 0x07, 0xFF, 0xF0, 0x00,
    0x00, 0x01, 0xFC, 0x00, 0xF0, 0x07, 0xC0, 0x00, 0x7D, 0x03, 0xF4, 0x00, 0x1F, 0x40, 0xFD, 0x00,
    0x03, 0xC0, 0x1F, 0x00, 0x00, 0x00, 0x00, 0x00, 0x00, 0x00, 0x00, 0x00, 0x0F, 0xD0, 0x00, 0x0B,
    0xFF, 0xF4, 0x00, 0x03, 0xFF, 0xFD, 0x00, 0x02, 0xFF, 0xFF, 0x40, 0x00, 0xFF, 0xFF, 0xD0, 0x00,
    0xFE, 0xFF, 0xF4, 0x00, 0x7E, 0x7F, 0xFD, 0x00, 0x3F, 0x1F, 0xFF, 0x40, 0x1F, 0x87, 0xFF, 0xD0,
    0x0F, 0xC1, 0xFF, 0xF4, 0x07, 0xE0, 0x7F, 0xFD, 0x03, 0xF0, 0x1F, 0xFF, 0x42, 0xF4, 0x07, 0xFF,
    0xD0, 0xFC, 0x01, 0xFF, 0xF4, 0xBD, 0x00, 0x7F, 0xFD, 0x3F, 0x00, 0x1F, 0xFF, 0x6F, 0x40, 0x07,
    0xFF, 0xEF, 0x80, 0x01, 0xFF, 0xFF, 0xC0, 0x00, 0x7F, 0xFF, 0xE0, 0x00, 0x1F, 0xFF, 0xF0, 0x00,
    0x07, 0xFF, 0xF8, 0x00, 0x01, 0xFC, 0x00, 0x01, 0xF0, 0x07, 0xC0, 0x00, 0x00, 0x00, 0xFD, 0x03,
    0xF4, 0x00, 0x00, 0x00, 0x3F, 0x40, 0xFD, 0x00, 0x00, 0x00, 0x07, 0xC0, 0x1F, 0x00, 0x00, 0x00,
    0x00, 0x00, 0x00, 0x00, 0x00, 0x00, 0x00, 0x00, 0x00, 0x00, 0x00, 0x00, 0x00, 0x00, 0x00, 0x00,
    0x00, 0x00, 0x00, 0x00, 0x00, 0x00, 0x00, 0x00, 0x00, 0x01, 0xBF, 0xFE, 0x40, 0x00, 0x00, 0x07,
    0xFF, 0xFF, 0xFE, 0x00, 0x00, 0x0B, 0xFF, 0xFF, 0xFF, 0xF0, 0x00, 0x0F, 0xFD, 0x00, 0x06, 0xFF,
    0x00, 0x0B, 0xF8, 0x00, 0x00, 0x1F, 0xF0, 0x03, 0xF8, 0x00, 0x00, 0x00, 0xFE, 0x02, 0xFC, 0x00,
    0x00, 0x00, 0x2F, 0xC0, 0xFE, 0x00, 0x00, 0x00, 0x03, 0xF8, 0x7F, 0x00, 0x00, 0x00, 0x00, 0xBF,
    0x2F, 0xC0, 0x00, 0x00, 0x00, 0x1F, 0xCF, 0xE0, 0x00, 0x00, 0x00, 0x03, 0xF7, 0xF8, 0x00, 0x00,
    0x00, 0x00, 0xFD, 0xFE, 0x00, 0x00, 0x00, 0x00, 0x3F, 0x7F, 0x40, 0x00, 0x00, 0x00, 0x0F, 0xDF,
    0xE0, 0x00, 0x00, 0x00, 0x03, 0xF7, 0xF8, 0x00, 0x00, 0x00, 0x00, 0xFD, 0xFE, 0x00, 0x00, 0x00,
    0x00, 0x3F, 0x6F, 0xC0, 0x00, 0x00, 0x00, 0x1F, 0xC7, 0xF0, 0x00, 0x00, 0x00, 0x0B, 0xF0, 0xFE,
    0x00, 0x00, 0x00, 0x03, 0xF8, 0x2F, 0xC0, 0x00, 0x00, 0x02, 0xFC, 0x03, 0xF8, 0x00, 0x00, 0x01,
    0xFE, 0x00, 0xBF, 0x80, 0x00, 0x01, 0xFF, 0x00, 0x0B, 0xFD, 0x00, 0x06, 0xFF, 0x00, 0x00, 0xBF,
    0xFF, 0xFF, 0xFF, 0x00, 0x00, 0x07, 0xFF, 0xFF, 0xFE, 0x00, 0x00, 0x00, 0x1B, 0xFF, 0xE4, 0x00,
    0x00, 0x00, 0x7C, 0x01, 0xF0, 0x00, 0x03, 0xF4, 0x0F, 0xD0, 0x00, 0x0F, 0xD0, 0x3F, 0x40, 0x00,
    0x1F, 0x00, 0x7C, 0x00, 0x00, 0x00, 0x00, 0x00, 0x00, 0x00, 0x00, 0x00, 0x00, 0x00, 0x01, 0xBF,
    0xF4, 0x00, 0x00, 0x3F, 0xFF, 0xFD, 0x00, 0x07, 0xFF, 0xFF, 0xFE, 0x00, 0x3F, 0xD0, 0x03, 0xFE,
    0x02, 0xFC, 0x00, 0x02, 0xFC, 0x0F, 0xD0, 0x00, 0x03, 0xF8, 0xBF, 0x00, 0x00, 0x0B, 0xF2, 0xFC,
    0x00, 0x00, 0x1F, 0xCF, 0xE0, 0x00, 0x00, 0x3F, 0x7F, 0x80, 0x00, 0x00, 0xFD, 0xFD, 0x00, 0x00,
    0x03, 0xF7, 0xF8, 0x00, 0x00, 0x0F, 0xDF, 0xE0, 0x00, 0x00, 0x3F, 0x6F, 0xC0, 0x00, 0x01, 0xFC,
    0x7F, 0x00, 0x00, 0x0B, 0xF0, 0xFE, 0x00, 0x00, 0x3F, 0x82, 0xFC, 0x00, 0x02, 0xFC, 0x03, 0xFD,
    0x00, 0x3F, 0xE0, 0x03, 0xFF, 0xFF, 0xFE, 0x00, 0x03, 0xFF, 0xFF, 0xE0, 0x00, 0x01, 0xBF, 0xF4,
    0x00, 0x00, 0x00, 0x01, 0xBF, 0xFE, 0x40, 0x00, 0x00, 0x07, 0xFF, 0xFF, 0xFE, 0x00, 0x00, 0x0B,
    0xFF, 0xFF, 0xFF, 0xF0, 0x00, 0x0F, 0xFD, 0x00, 0x02, 0xFF, 0x00, 0x0B, 0xF8, 0x00, 0x00, 0x0F,
    0xF0, 0x03, 0xF4, 0x00, 0x00, 0x00, 0xFE, 0x02, 0xFC, 0x00, 0x00, 0x00, 0x1F, 0xC0, 0xFD, 0x00,
    0x00, 0x00, 0x03, 0xF8, 0x7F, 0x00, 0x00, 0x00, 0x00, 0x7F, 0x2F, 0x80, 0x00, 0x00, 0x00, 0x0F,
    0xCF, 0xE0, 0x00, 0x00, 0x00, 0x03, 0xF7, 0xFF, 0xFF, 0xFF, 0xFF, 0xFF, 0xFD, 0xFF, 0xFF, 0xFF,
    0xFF, 0xFF, 0xFF, 0x7F, 0xFF, 0xFF, 0xFF, 0xFF, 0xFF, 0xDF, 0xD0, 0x00, 0x00, 0x00, 0x03, 0xF7,
    0xF8, 0x00, 0x00, 0x00, 0x00, 0xFD, 0xFE, 0x00, 0x00, 0x00, 0x00, 0x3F, 0x6F, 0xC0, 0x00, 0x00,
    0x00, 0x1F, 0xC7, 0xF0, 0x00, 0x00, 0x00, 0x0B, 0xF0, 0xFE, 0x00, 0x00, 0x00, 0x03, 0xF8, 0x2F,
    0xC0, 0x00, 0x00, 0x02, 0xFC, 0x03, 0xFC, 0x00, 0x00, 0x01, 0xFE, 0x00, 0xBF, 0x80, 0x00, 0x01,
    0xFF, 0x00, 0x0B, 0xFD, 0x00, 0x06, 0xFF, 0x00, 0x00, 0xBF, 0xFF, 0xFF, 0xFF, 0x00, 0x00, 0x07,
    0xFF, 0xFF, 0xFE, 0x00, 0x00, 0x00, 0x1B, 0xFF, 0xE4, 0x00, 0x00, 0x00, 0x1B, 0xFF, 0x40, 0x00,
    0x03, 0xFF, 0xFF, 0xD0, 0x00, 0x7F, 0xFF, 0xFF, 0xE0, 0x03, 0xFD, 0x00, 0x2F, 0xE0, 0x2F, 0xC0,
    0x00, 0x2F, 0xC0, 0xFD, 0x00, 0x00, 0x3F, 0x8B, 0xF0, 0x00, 0x00, 0x7F, 0x2F, 0x80, 0x00, 0x00,
    0xFC, 0xFE, 0x00, 0x00, 0x03, 0xF7, 0xFF, 0xFF, 0xFF, 0xFF, 0xDF, 0xFF, 0xFF, 0xFF, 0xFF, 0x7F,
    0xFF, 0xFF, 0xFF, 0xFD, 0xFE, 0x00, 0x00, 0x03, 0xF6, 0xF8, 0x00, 0x00, 0x0F, 0xC7, 0xF0, 0x00,
    0x00, 0x7F, 0x0F, 0xD0, 0x00, 0x03, 0xF8, 0x2F, 0xC0, 0x00, 0x1F, 0xC0, 0x3F, 0xD0, 0x02, 0xFE,
    0x00, 0x3F, 0xFF, 0xFF, 0xE0, 0x00, 0x3F, 0xFF, 0xFE, 0x00, 0x00, 0x1B, 0xFF, 0x40, 0x00, 0x00,
    0x01, 0xF0, 0x07, 0xC0, 0x00, 0x00, 0x00, 0xFD, 0x03, 0xF4, 0x00, 0x00, 0x00, 0x3F, 0x40, 0xFD,
    0x00, 0x00, 0x00, 0x07, 0xC0, 0x1F, 0x00, 0x00, 0x00, 0x00, 0x00, 0x00, 0x00, 0x00, 0x00, 0x00,
    0x00, 0x00, 0x00, 0x00, 0x00, 0x00, 0x00, 0x00, 0x00, 0x00, 0x00, 0x00, 0x00, 0x00, 0x00, 0x00,
    0x00, 0x00, 0x01, 0xBF, 0xFE, 0x40, 0x00, 0x00, 0x07, 0xFF, 0xFF, 0xFE, 0x00, 0x00, 0x0B, 0xFF,
    0xFF, 0xFF, 0xF0, 0x00, 0x0F, 0xFD, 0x00, 0x02, 0xFF, 0x00, 0x0B, 0xF8, 0x00, 0x00, 0x0F, 0xF0,
    0x03, 0xF4, 0x00, 0x00, 0x00, 0xFE, 0x02, 0xFC, 0x00, 0x00, 0x00, 0x1F, 0xC0, 0xFD, 0x00, 0x00,
    0x00, 0x03, 0xF8, 0x7F, 0x00, 0x00, 0x00, 0x00, 0x7F, 0x2F, 0x80, 0x00, 0x00, 0x00, 0x0F, 0xCF,
    0xE0, 0x00, 0x00, 0x00, 0x03, 0xF7, 0xFF, 0xFF, 0xFF, 0xFF, 0xFF, 0xFD, 0xFF, 0xFF, 0xFF, 0xFF,
    0xFF, 0xFF, 0x7F, 0xFF, 0xFF, 0xFF, 0xFF, 0xFF, 0xDF, 0xD0, 0x00, 0x00, 0x00, 0x03, 0xF7, 0xF8,
    0x00, 0x00, 0x00, 0x00, 0xFD, 0xFE, 0x00, 0x00, 0x00, 0x00, 0x3F, 0x6F, 0xC0, 0x00, 0x00, 0x00,
    0x1F, 0xC7, 0xF0, 0x00, 0x00, 0x00, 0x0B, 0xF0, 0xFE, 0x00, 0x00, 0x00, 0x03, 0xF8, 0x2F, 0xC0,
    0x00, 0x00, 0x02, 0xFC, 0x03, 0xFC, 0x00, 0x00, 0x01, 0xFE, 0x00, 0xBF, 0x80, 0x00, 0x01, 0xFF,
    0x00, 0x0B, 0xFD, 0x00, 0x06, 0xFF, 0x00, 0x00, 0xBF, 0xFF, 0xFF, 0xFF, 0x00, 0x00, 0x07, 0xFF,
    0xFF, 0xFE, 0x00, 0x00, 0x00, 0x1B, 0xFF, 0xE4, 0x00, 0x00, 0x00, 0x7C, 0x01, 0xF0, 0x00, 0x03,
    0xF4, 0x0F, 0xD0, 0x00, 0x0F, 0xD0, 0x3F, 0x40, 0x00, 0x1F, 0x00, 0x7C, 0x00, 0x00, 0x00, 0x00,
    0x00, 0x00, 0x00, 0x00, 0x00, 0x00, 0x00, 0x01, 0xBF, 0xF4, 0x00, 0x00, 0x3F, 0xFF, 0xFD, 0x00,
    0x07, 0xFF, 0xFF, 0xFE, 0x00, 0x3F, 0xD0, 0x02, 0xFE, 0x02, 0xFC, 0x00, 0x02, 0xFC, 0x0F, 0xD0,
    0x00, 0x03, 0xF8, 0xBF, 0x00, 0x00, 0x07, 0xF2, 0xF8, 0x00, 0x00, 0x0F, 0xCF, 0xE0, 0x00, 0x00,
    0x3F, 0x7F, 0xFF, 0xFF, 0xFF, 0xFD, 0xFF, 0xFF, 0xFF, 0xFF, 0xF7, 0xFF, 0xFF, 0xFF, 0xFF, 0xDF,
    0xE0, 0x00, 0x00, 0x3F, 0x6F, 0x80, 0x00, 0x00, 0xFC, 0x7F, 0x00, 0x00, 0x07, 0xF0, 0xFD, 0x00,
    0x00, 0x3F, 0x82, 0xFC, 0x00, 0x01, 0xFC, 0x03, 0xFD, 0x00, 0x2F, 0xE0, 0x03, 0xFF, 0xFF, 0xFE,
    0x00, 0x03, 0xFF, 0xFF, 0xE0, 0x00, 0x01, 0xBF, 0xF4, 0x00, 0x00, 0x01, 0xF0, 0x07, 0xC0, 0x00,
    0x00, 0xFD, 0x03, 0xF4, 0x00, 0x00, 0x3F, 0x40, 0xFD, 0x00, 0x00, 0x07, 0xC0, 0x1F, 0x00, 0x00,
    0x00, 0x00, 0x00, 0x00, 0x00, 0x00, 0x00, 0x00, 0x00, 0x00, 0x00, 0x00, 0x00, 0x00, 0x00, 0x00,
    0x00, 0x00, 0x00, 0x00, 0x00, 0x06, 0xBF, 0xFE, 0x40, 0x00, 0x1F, 0xFF, 0xFF, 0xFE, 0x00, 0x07,
    0xFF, 0xFF, 0xFF, 0xF0, 0x00, 0xF4, 0x00, 0x07, 0xFF, 0x00, 0x00, 0x00, 0x00, 0x2F, 0xF0, 0x00,
    0x00, 0x00, 0x02, 0xFE, 0x00, 0x00, 0x00, 0x00, 0x3F, 0xC0, 0x00, 0x00, 0x00, 0x03, 0xF8, 0x00,
    0x00, 0x00, 0x00, 0xFF, 0x00, 0x00, 0x00, 0x00, 0x1F, 0xC0, 0x00, 0x00, 0x00, 0x03, 0xF4, 0x03,
    0xFF, 0xFF, 0xFF, 0xFD, 0x00, 0xFF, 0xFF, 0xFF, 0xFF, 0x40, 0x3F, 0xFF, 0xFF, 0xFF, 0xD0, 0x00,
    0x00, 0x00, 0x03, 0xF4, 0x00, 0x00, 0x00, 0x00, 0xFD, 0x00, 0x00, 0x00, 0x00, 0x7F, 0x00, 0x00,
    0x00, 0x00, 0x1F, 0xC0, 0x00, 0x00, 0x00, 0x0B, 0xF0, 0x00, 0x00, 0x00, 0x03, 0xF4, 0x00, 0x00,
    0x00, 0x02, 0xFC, 0x00, 0x00, 0x00, 0x01, 0xFE, 0x00, 0x00, 0x00, 0x02, 0xFF, 0x02, 0xE4, 0x00,
    0x0B, 0xFF, 0x00, 0xBF, 0xFF, 0xFF, 0xFF, 0x00, 0x1F, 0xFF, 0xFF, 0xFD, 0x00, 0x00, 0x6F, 0xFF,
    0xE4, 0x00, 0x00, 0x1F, 0x00, 0x7C, 0x00, 0xFD, 0x03, 0xF4, 0x03, 0xF4, 0x0F, 0xD0, 0x07, 0xC0,
    0x1F, 0x00, 0x00, 0x00, 0x00, 0x00, 0x00, 0x00, 0x00, 0x01, 0xBF, 0xF9, 0x00, 0x3F, 0xFF, 0xFF,
    0x00, 0xBF, 0xFF, 0xFF, 0x40, 0x90, 0x02, 0xFF, 0x00, 0x00, 0x01, 0xFE, 0x00, 0x00, 0x02, 0xFC,
    0x00, 0x00, 0x03, 0xF8, 0x00, 0x00, 0x0F, 0xE0, 0x00, 0x00, 0x2F, 0xC3, 0xFF, 0xFF, 0xFF, 0x0F,
    0xFF, 0xFF, 0xFC, 0x3F, 0xFF, 0xFF, 0xF0, 0x00, 0x00, 0x2F, 0xC0, 0x00, 0x00, 0xFE, 0x00, 0x00,
    0x03, 0xF4, 0x00, 0x00, 0x2F, 0xC0, 0x00, 0x01, 0xFE, 0x24, 0x00, 0x2F, 0xF0, 0xFF, 0xFF, 0xFF,
    0x43, 0xFF, 0xFF, 0xF0, 0x01, 0xBF, 0xF9, 0x00, 0x00, 0x00, 0x0F, 0xFF, 0xFF, 0xC0, 0x00, 0x00,
    0x3F, 0xFF, 0xFF, 0x00, 0x00, 0x00, 0xFF, 0xFF, 0xFC, 0x00, 0x00, 0x00, 0x00, 0x00, 0x00, 0x00,
    0x00, 0x00, 0x00, 0x00, 0x00, 0x00, 0x00, 0x00, 0x00, 0x00, 0x00, 0x0B, 0xF0, 0x00, 0x00, 0x00,
    0x3F, 0x8F, 0xE0, 0x00, 0x00, 0x01, 0xFC, 0x2F, 0xC0, 0x00, 0x00, 0x0F, 0xF0, 0x3F, 0x80, 0x00,
    0x00, 0x3F, 0x40, 0xBF, 0x00, 0x00, 0x02, 0xFC, 0x00, 0xFE, 0x00, 0x00, 0x0F, 0xD0, 0x02, 0xFC,
    0x00, 0x00, 0x7F, 0x00, 0x03, 0xF8, 0x00, 0x03, 0xF8, 0x00, 0x0B, 0xF0, 0x00, 0x1F, 0xC0, 0x00,
    0x0F, 0xE0, 0x00, 0xFE, 0x00, 0x00, 0x2F, 0xC0, 0x03, 0xF0, 0x00, 0x00, 0x3F, 0x40, 0x2F, 0xC0,
    0x00, 0x00, 0xBF, 0x00, 0xFD, 0x00, 0x00, 0x00, 0xFD, 0x07, 0xF0, 0x00, 0x00, 0x02, 0xFC, 0x3F,
    0x40, 0x00, 0x00, 0x03, 0xF5, 0xFC, 0x00, 0x00, 0x00, 0x0B, 0xFB, 0xE0, 0x00, 0x00, 0x00, 0x0F,
    0xFF, 0x00, 0x00, 0x00, 0x00, 0x2F, 0xF8, 0x00, 0x00, 0x00, 0x00, 0x3F, 0xC0, 0x00, 0x00, 0x00,
    0x00, 0xFE, 0x00, 0x00, 0x00, 0x00, 0x07, 0xF0, 0x00, 0x00, 0x00, 0x00, 0x3F, 0x80, 0x00, 0x00,
    0x00, 0x07, 0xFC, 0x00, 0x00, 0x00, 0x3F, 0xFF, 0xD0, 0x00, 0x00, 0x00, 0xFF, 0xFD, 0x00, 0x00,
    0x00, 0x03, 0xFF, 0x80, 0x00, 0x00, 0x00, 0x00, 0xFF, 0xFF, 0xFC, 0x00, 0x03, 0xFF, 0xFF, 0xF0,
    0x00, 0x0F, 0xFF, 0xFF, 0xC0, 0x00, 0x00, 0x00, 0x00, 0x00, 0x00, 0x00, 0x00, 0x00, 0x03, 0xF8,
    0x00, 0x00, 0x0F, 0xF7, 0xF0, 0x00, 0x00, 0x3F, 0x4F, 0xD0, 0x00, 0x01, 0xFC, 0x2F, 0xC0, 0x00,
    0x0F, 0xE0, 0x7F, 0x00, 0x00, 0x3F, 0x40, 0xFE, 0x00, 0x01, 0xFC, 0x02, 0xFC, 0x00, 0x0F, 0xE0,
    0x03, 0xF4, 0x00, 0x3F, 0x00, 0x0B, 0xE0, 0x01, 0xFC, 0x00, 0x1F, 0xC0, 0x0F, 0xE0, 0x00, 0x3F,
    0x40, 0x3F, 0x00, 0x00, 0xBE, 0x02, 0xFC, 0x00, 0x00, 0xFC, 0x0F, 0xD0, 0x00, 0x03, 0xF4, 0x3F,
    0x00, 0x00, 0x07, 0xE1, 0xF8, 0x00, 0x00, 0x0F, 0xCF, 0xD0, 0x00, 0x00, 0x2F, 0x7F, 0x00, 0x00,
    0x00, 0x7F, 0xF8, 0x00, 0x00, 0x00, 0xFF, 0xC0, 0x00, 0x00, 0x02, 0xFF, 0x00, 0x00, 0x00, 0x03,
    0xF8, 0x00, 0x00, 0x00, 0x0F, 0xC0, 0x00, 0x00, 0x00, 0x7F, 0x00, 0x00, 0x00, 0x03, 0xF4, 0x00,
    0x00, 0x00, 0x1F, 0xC0, 0x00, 0x00, 0x00, 0xFE, 0x00, 0x00, 0x00, 0x0F, 0xF0, 0x00, 0x00, 0xBF,
    0xFF, 0x40, 0x00, 0x02, 0xFF, 0xF4, 0x00, 0x00, 0x07, 0xFE, 0x00, 0x00, 0x00, 0x00, 0x00, 0x01,
    0xF0, 0x07, 0xC0, 0x00, 0x00, 0x03, 0xF4, 0x0F, 0xD0, 0x00, 0x00, 0x03, 0xF4, 0x0F, 0xD0, 0x00,
    0x00, 0x01, 0xF0, 0x07, 0xC0, 0x00, 0x00, 0x00, 0x00, 0x00, 0x00, 0x00, 0x00, 0x00, 0x00, 0x00,
    0x00, 0x00, 0x00, 0x00, 0x00, 0x00, 0x00, 0x00, 0x00, 0x00, 0x00, 0x00, 0x00, 0x00, 0x3F, 0x80,
    0x00, 0x00, 0x00, 0xFD, 0x2F, 0xC0, 0x00, 0x00, 0x02, 0xFC, 0x0F, 0xE0, 0x00, 0x00, 0x03, 0xF8,
    0x0B, 0xF0, 0x00, 0x00, 0x07, 0xF0, 0x03, 0xF8, 0x00, 0x00, 0x0F, 0xE0, 0x02, 0xFC, 0x00, 0x00,
    0x1F, 0xC0, 0x00, 0xFE, 0x00, 0x00, 0x2F, 0x80, 0x00, 0xBF, 0x00, 0x00, 0x3F, 0x40, 0x00, 0x3F,
    0x80, 0x00, 0xBF, 0x00, 0x00, 0x2F, 0xC0, 0x00, 0xFD, 0x00, 0x00, 0x0F, 0xE0, 0x01, 0xFC, 0x00,
    0x00, 0x0B, 0xF0, 0x03, 0xF4, 0x00, 0x00, 0x03, 0xF8, 0x07, 0xF0, 0x00, 0x00, 0x01, 0xFC, 0x0B,
    0xE0, 0x00, 0x00, 0x00, 0xFE, 0x0F, 0xC0, 0x00, 0x00, 0x00, 0x7F, 0x2F, 0x80, 0x00, 0x00, 0x00,
    0x3F, 0xBF, 0x00, 0x00, 0x00, 0x00, 0x1F, 0xFF, 0x00, 0x00, 0x00, 0x00, 0x0F, 0xFD, 0x00, 0x00,
    0x00, 0x00, 0x07, 0xFC, 0x00, 0x00, 0x00, 0x00, 0x03, 0xF4, 0x00, 0x00, 0x00, 0x00, 0x0B, 0xF0,
    0x00, 0x00, 0x00, 0x00, 0x1F, 0xD0, 0x00, 0x00, 0x00, 0x00, 0x7F, 0x80, 0x00, 0x00, 0x02, 0xFF,
    0xFF, 0x00, 0x00, 0x00, 0x02, 0xFF, 0xF8, 0x00, 0x00, 0x00, 0x01, 0xFF, 0x90, 0x00, 0x00, 0x00,
    0x00, 0x1F, 0x00, 0x7C, 0x00, 0x00, 0x3F, 0x40, 0xFD, 0x00, 0x00, 0x3F, 0x40, 0xFD, 0x00, 0x00,
    0x1F, 0x00, 0x7C, 0x00, 0x00, 0x00, 0x00, 0x00, 0x00, 0x00, 0x00, 0x00, 0x00, 0x00, 0x7F, 0x40,
    0x00, 0x00, 0xFE, 0x3F, 0xC0, 0x00, 0x01, 0xFC, 0x2F, 0xC0, 0x00, 0x02, 0xFC, 0x0F, 0xD0, 0x00,
    0x03, 0xF4, 0x0B, 0xF0, 0x00, 0x07, 0xF0, 0x07, 0xF0, 0x00, 0x0B, 0xE0, 0x03, 0xF8, 0x00, 0x0F,
    0xD0, 0x02, 0xFC, 0x00, 0x1F, 0xC0, 0x00, 0xFD, 0x00, 0x2F, 0x80, 0x00, 0xFE, 0x00, 0x3F, 0x00,
    0x00, 0x7F, 0x00, 0x7F, 0x00, 0x00, 0x3F, 0x40, 0xFE, 0x00, 0x00, 0x2F, 0xC0, 0xFC, 0x00, 0x00,
    0x0F, 0xC1, 0xFC, 0x00, 0x00, 0x0F, 0xD3, 0xF4, 0x00, 0x00, 0x07, 0xE3, 0xF0, 0x00, 0x00, 0x03,
    0xF7, 0xE0, 0x00, 0x00, 0x02, 0xFF, 0xD0, 0x00, 0x00, 0x00, 0xFF, 0xC0, 0x00, 0x00, 0x00, 0xFF,
    0x80, 0x00, 0x00, 0x00, 0x7F, 0x00, 0x00, 0x00, 0x00, 0x7F, 0x00, 0x00, 0x00, 0x00, 0xFD, 0x00,
    0x00, 0x00, 0x00, 0xFC, 0x00, 0x00, 0x00, 0x02, 0xF8, 0x00, 0x00, 0x00, 0x07, 0xF0, 0x00, 0x00,
    0x00, 0x1F, 0xE0, 0x00, 0x00, 0x3F, 0xFF, 0xC0, 0x00, 0x00, 0x3F, 0xFF, 0x00, 0x00, 0x00, 0x3F,
    0xF4, 0x00, 0x00, 0x00, 0x00, 0x00, 0x07, 0xF4, 0x3F, 0xC0, 0x00, 0x00, 0x0F, 0xE0, 0x7F, 0x00,
    0x00, 0x00, 0x2F, 0xC0, 0xFD, 0x00, 0x00, 0x00, 0x3F, 0x02, 0xF8, 0x00, 0x00, 0x00, 0xBC, 0x03,
    0xE0, 0x00, 0x00, 0x01, 0xF0, 0x0F, 0x80, 0x00, 0x00, 0x00, 0x00, 0x00, 0x00, 0x00, 0x00, 0x00,
    0x00, 0x00, 0x00, 0x00, 0x00, 0x00, 0x00, 0x00, 0x00, 0x00, 0x00, 0x00, 0x00, 0x00, 0x00, 0x00,
    0xBF, 0x00, 0x00, 0x00, 0x02, 0xFC, 0x3F, 0x80, 0x00, 0x00, 0x03, 0xF4, 0x2F, 0xC0, 0x00, 0x00,
    0x0B, 0xF0, 0x0F, 0xE0, 0x00, 0x00, 0x0F, 0xD0, 0x0B, 0xF0, 0x00, 0x00, 0x1F, 0xC0, 0x03, 0xF8,
    0x00, 0x00, 0x3F, 0x80, 0x02, 0xFC, 0x00, 0x00, 0x7F, 0x00, 0x00, 0xFE, 0x00, 0x00, 0xFE, 0x00,
    0x00, 0xBF, 0x00, 0x00, 0xFC, 0x00, 0x00, 0x3F, 0x80, 0x02, 0xFC, 0x00, 0x00, 0x2F, 0xC0, 0x03,
    0xF4, 0x00, 0x00, 0x0F, 0xE0, 0x07, 0xF0, 0x00, 0x00, 0x0B, 0xF0, 0x0F, 0xD0, 0x00, 0x00, 0x03,
    0xF8, 0x1F, 0xC0, 0x00, 0x00, 0x02, 0xFC, 0x3F, 0x80, 0x00, 0x00, 0x00, 0xFE, 0x3F, 0x00, 0x00,
    0x00, 0x00, 0xBF, 0xBE, 0x00, 0x00, 0x00, 0x00, 0x3F, 0xFC, 0x00, 0x00, 0x00, 0x00, 0x2F, 0xFC,
    0x00, 0x00, 0x00, 0x00, 0x0F, 0xF4, 0x00, 0x00, 0x00, 0x00, 0x0F, 0xF0, 0x00, 0x00, 0x00, 0x00,
    0x1F, 0xD0, 0x00, 0x00, 0x00, 0x00, 0x3F, 0x80, 0x00, 0x00, 0x00, 0x01, 0xFF, 0x00, 0x00, 0x00,
    0x03, 0xFF, 0xFD, 0x00, 0x00, 0x00, 0x03, 0xFF, 0xF4, 0x00, 0x00, 0x00, 0x03, 0xFF, 0x80, 0x00,
    0x00, 0x00, 0x00, 0x00, 0x7F, 0x03, 0xFC, 0x00, 0x00, 0xFE, 0x07, 0xF0, 0x00, 0x02, 0xFC, 0x0F,
    0xD0, 0x00, 0x03, 0xF0, 0x2F, 0x80, 0x00, 0x0F, 0xC0, 0x3E, 0x00, 0x00, 0x1F, 0x00, 0xF8, 0x00,
    0x00, 0x00, 0x00, 0x00, 0x00, 0x00, 0x00, 0x00, 0x00, 0x00, 0x00, 0x00, 0x00, 0x00, 0x00, 0x3F,
    0x40, 0x00, 0x00, 0xFE, 0x3F, 0x80, 0x00, 0x01, 0xFC, 0x1F, 0xC0, 0x00, 0x02, 0xFC, 0x0F, 0xD0,
    0x00, 0x03, 0xF4, 0x0B, 0xF0, 0x00, 0x07, 0xF0, 0x03, 0xF0, 0x00, 0x0F, 0xE0, 0x03, 0xF8, 0x00,
    0x0F, 0xD0, 0x01, 0xFC, 0x00, 0x1F, 0xC0, 0x00, 0xFD, 0x00, 0x3F, 0x80, 0x00, 0xBE, 0x00, 0x3F,
    0x00, 0x00, 0x7F, 0x00, 0xBF, 0x00, 0x00, 0x3F, 0x40, 0xFE, 0x00, 0x00, 0x2F, 0xC0, 0xFC, 0x00,
    0x00, 0x0F, 0xC2, 0xFC, 0x00, 0x00, 0x0B, 0xD3, 0xF4, 0x00, 0x00, 0x07, 0xE3, 0xF0, 0x00, 0x00,
    0x03, 0xF7, 0xE0, 0x00, 0x00, 0x02, 0xFF, 0xD0, 0x00, 0x00, 0x00, 0xFF, 0xC0, 0x00, 0x00, 0x00,
    0xFF, 0x80, 0x00, 0x00, 0x00, 0x7F, 0x00, 0x00, 0x00, 0x00, 0xBF, 0x00, 0x00, 0x00, 0x00, 0xFD,
    0x00, 0x00, 0x00, 0x01, 0xFC, 0x00, 0x00, 0x00, 0x03, 0xF8, 0x00, 0x00, 0x00, 0x07, 0xF0, 0x00,
    0x00, 0x00, 0x1F, 0xE0, 0x00, 0x00, 0x3F, 0xFF, 0xC0, 0x00, 0x00, 0x3F, 0xFF, 0x00, 0x00, 0x00,
    0x3F, 0xF4, 0x00, 0x00, 0x00, 0x00, 0x7C, 0x01, 0xF0, 0x00, 0x03, 0xF4, 0x0F, 0xD0, 0x00, 0x0F,
    0xD0, 0x3F, 0x40, 0x00, 0x1F, 0x00, 0x7C, 0x00, 0x00, 0x00, 0x00, 0x00, 0x00, 0x00, 0x00, 0x00,
    0x00, 0x00, 0x00, 0x00, 0x00, 0x00, 0x00, 0x00, 0x00, 0x00, 0x00, 0xFD, 0x00, 0x00, 0x01, 0xFF,
    0xF4, 0x00, 0x00, 0x07, 0xFF, 0xD0, 0x00, 0x00, 0x1F, 0xFF, 0x40, 0x00, 0x00, 0x7F, 0xFD, 0x00,
    0x00, 0x01, 0xFF, 0xF4, 0x00, 0x00, 0x07, 0xFF, 0xD0, 0x00, 0x00, 0x1F, 0xFF, 0x40, 0x00, 0x00,
    0x7F, 0xFD, 0x00, 0x00, 0x01, 0xFF, 0xF8, 0x00, 0x00, 0x07, 0xFF, 0xE0, 0x00, 0x00, 0x1F, 0xEF,
    0xC0, 0x00, 0x00, 0x7F, 0x7F, 0x80, 0x00, 0x02, 0xFC, 0xFF, 0xD0, 0x01, 0xBF, 0xF0, 0xFF, 0xFF,
    0xFF, 0xFF, 0xC0, 0xFF, 0xFF, 0xFF, 0xFF, 0x00, 0x1B, 0xFA, 0x41, 0xFC, 0x00, 0x00, 0x00, 0x07,
    0xF0, 0x00, 0x00, 0x00, 0x1F, 0xC0, 0x00, 0x00, 0x00, 0x7F, 0x00, 0x00, 0x00, 0x01, 0xFC, 0x00,
    0x00, 0x00, 0x07, 0xF0, 0x00, 0x00, 0x00, 0x1F, 0xC0, 0x00, 0x00, 0x00, 0x7F, 0x00, 0x00, 0x00,
    0x01, 0xFC, 0x00, 0x00, 0x00, 0x07, 0xF0, 0x00, 0x00, 0x00, 0x1F, 0xC0, 0x01, 0xF0, 0x07, 0xC0,
    0x00, 0xFD, 0x03, 0xF4, 0x00, 0x3F, 0x40, 0xFD, 0x00, 0x07, 0xC0, 0x1F, 0x00, 0x00, 0x00, 0x00,
    0x00, 0x00, 0x00, 0x00, 0x00, 0x0F, 0xD0, 0x00, 0x01, 0xFF, 0xF4, 0x00, 0x00, 0x7F, 0xFD, 0x00,
    0x00, 0x1F, 0xFF, 0x40, 0x00, 0x07, 0xFF, 0xD0, 0x00, 0x01, 0xFF, 0xF4, 0x00, 0x00, 0x7F, 0xFD,
    0x00, 0x00, 0x1F, 0xFF, 0x80, 0x00, 0x07, 0xFF, 0xE0, 0x00, 0x01, 0xFE, 0xFC, 0x00, 0x00, 0x7F,
    0x7F, 0xD0, 0x01, 0xBF, 0xCB, 0xFF, 0xFF, 0xFF, 0xF0, 0xBF, 0xFF, 0xFF, 0xFC, 0x02, 0xFF, 0xE4,
    0x7F, 0x00, 0x00, 0x00, 0x1F, 0xC0, 0x00, 0x00, 0x07, 0xF0, 0x00, 0x00, 0x01, 0xFC, 0x00, 0x00,
    0x00, 0x7F, 0x00, 0x00, 0x00, 0x1F, 0xC0, 0x00, 0x00, 0x07, 0xF0, 0x00, 0x00, 0x01, 0xFC, 0xFF,
    0xFF, 0xFF, 0xFE, 0xFF, 0xFF, 0xFF, 0xFE, 0xFF, 0xFF, 0xFF, 0xFD, 0xFD, 0x00, 0x00, 0x00, 0xFD,
    0x00, 0x00, 0x00, 0xFD, 0x00, 0x00, 0x00, 0xFD, 0x00, 0x00, 0x00, 0xFD, 0x00, 0x00, 0x00, 0xFD,
    0x00, 0x00, 0x00, 0xFD, 0x00, 0x00, 0x00, 0xFD, 0x00, 0x00, 0x00, 0xFD, 0x00, 0x00, 0x00, 0xFD,
    0x00, 0x00, 0x00, 0xFD, 0x00, 0x00, 0x00, 0xFD, 0x00, 0x00, 0x00, 0xFD, 0x00, 0x00, 0x00, 0xFD,
    0x00, 0x00, 0x00, 0xFD, 0x00, 0x00, 0x00, 0xFD, 0x00, 0x00, 0x00, 0xFD, 0x00, 0x00, 0x00, 0xFD,
    0x00, 0x00, 0x00, 0xFD, 0x00, 0x00, 0x00, 0xFD, 0x00, 0x00, 0x00, 0xFD, 0x00, 0x00, 0x00, 0xFF,
    0xF4, 0x00, 0x00, 0xFF, 0xF4, 0x00, 0x00, 0xFF, 0xF4, 0x00, 0x00, 0x02, 0xF4, 0x00, 0x00, 0x02,
    0xF4, 0x00, 0x00, 0x02, 0xF4, 0x00, 0x00, 0x02, 0xF4, 0x00, 0x00, 0x02, 0xF4, 0x00, 0x00, 0x02,
    0xF4, 0x00, 0x00, 0x02, 0xF4, 0x00, 0x00, 0xFF, 0xFF, 0xFF, 0xFF, 0xFF, 0xFF, 0xFF, 0xFF, 0xFF,
    0xFD, 0x00, 0x00, 0xFD, 0x00, 0x00, 0xFD, 0x00, 0x00, 0xFD, 0x00, 0x00, 0xFD, 0x00, 0x00, 0xFD,
    0x00, 0x00, 0xFD, 0x00, 0x00, 0xFD, 0x00, 0x00, 0xFD, 0x00, 0x00, 0xFD, 0x00, 0x00, 0xFD, 0x00,
    0x00, 0xFD, 0x00, 0x00, 0xFD, 0x00, 0x00, 0xFD, 0x00, 0x00, 0xFD, 0x00, 0x00, 0xFF, 0xF4, 0x00,
    0xFF, 0xF4, 0x00, 0xFF, 0xF4, 0x00, 0x03, 0xF4, 0x00, 0x03, 0xF4, 0x00, 0x03, 0xF4, 0x00, 0x03,
    0xF4, 0x00, 0x03, 0xF4, 0x00, 0x03, 0xF4, 0x00, 0x03, 0xF4, 0x00, 0x00, 0x01, 0xF0, 0x07, 0xC0,
    0x00, 0x00, 0x00, 0xFD, 0x03, 0xF4, 0x00, 0x00, 0x00, 0x3F, 0x40, 0xFD, 0x00, 0x00, 0x00, 0x07,
    0xC0, 0x1F, 0x00, 0x00, 0x00, 0x00, 0x00, 0x00, 0x00, 0x00, 0x00, 0x00, 0x00, 0x00, 0x00, 0x00,
    0x00, 0x00, 0x00, 0x00, 0x00, 0x00, 0x00, 0x00, 0x00, 0x00, 0x00, 0x00, 0x00, 0xFD, 0x00, 0x00,
    0x00, 0x00, 0x3F, 0x7F, 0x40, 0x00, 0x00, 0x00, 0x0F, 0xDF, 0xD0, 0x00, 0x00, 0x00, 0x03, 0xF7,
    0xF4, 0x00, 0x00, 0x00, 0x00, 0xFD, 0xFD, 0x00, 0x00, 0x00, 0x00, 0x3F, 0x7F, 0x40, 0x00, 0x00,
    0x00, 0x0F, 0xDF, 0xD0, 0x00, 0x00, 0x00, 0x03, 0xF7, 0xF4, 0x00, 0x00, 0x00, 0x00, 0xFD, 0xFD,
    0x00, 0x00, 0x00, 0x00, 0x3F, 0x7F, 0x40, 0x00, 0x00, 0x00, 0x0F, 0xDF, 0xFF, 0xFE, 0x90, 0x00,
    0x03, 0xF7, 0xFF, 0xFF, 0xFF, 0x40, 0x00, 0xFD, 0xFF, 0xFF, 0xFF, 0xF8, 0x00, 0x3F, 0x7F, 0x40,
    0x02, 0xFF, 0x80, 0x0F, 0xDF, 0xD0, 0x00, 0x0F, 0xF0, 0x03, 0xF7, 0xF4, 0x00, 0x00, 0xFE, 0x00,
    0xFD, 0xFD, 0x00, 0x00, 0x2F, 0xC0, 0x3F, 0x7F, 0x40, 0x00, 0x0B, 0xF0, 0x0F, 0xDF, 0xD0, 0x00,
    0x01, 0xFC, 0x03, 0xF7, 0xF4, 0x00, 0x00, 0xBF, 0x00, 0xFD, 0xFD, 0x00, 0x00, 0x3F, 0xC0, 0x3F,
    0x7F, 0x40, 0x00, 0x0F, 0xE0, 0x0F, 0xDF, 0xD0, 0x00, 0x0F, 0xF0, 0x03, 0xF7, 0xF4, 0x00, 0x2F,
    0xF8, 0x00, 0xFD, 0xFF, 0xFF, 0xFF, 0xF8, 0x00, 0x3F, 0x7F, 0xFF, 0xFF, 0xF4, 0x00, 0x0F, 0xDF,
    0xFF, 0xFF, 0x90, 0x00, 0x03, 0xF4, 0x00, 0x07, 0xC0, 0x1F, 0x00, 0x00, 0x00, 0xFD, 0x03, 0xF4,
    0x00, 0x00, 0x0F, 0xD0, 0x3F, 0x40, 0x00, 0x00, 0x7C, 0x01, 0xF0, 0x00, 0x00, 0x00, 0x00, 0x00,
    0x00, 0x00, 0x00, 0x00, 0x00, 0x00, 0x00, 0xFD, 0x00, 0x00, 0x00, 0x07, 0xFF, 0xD0, 0x00, 0x00,
    0x00, 0x7F, 0xFD, 0x00, 0x00, 0x00, 0x07, 0xFF, 0xD0, 0x00, 0x00, 0x00, 0x7F, 0xFD, 0x00, 0x00,
    0x00, 0x07, 0xFF, 0xD0, 0x00, 0x00, 0x00, 0x7F, 0xFD, 0x00, 0x00, 0x00, 0x07, 0xFF, 0xD0, 0x00,
    0x00, 0x00, 0x7F, 0xFF, 0xFF, 0xF9, 0x00, 0x07, 0xFF, 0xFF, 0xFF, 0xFD, 0x00, 0x7F, 0xFF, 0xFF,
    0xFF, 0xF4, 0x07, 0xFF, 0xD0, 0x00, 0x7F, 0xC0, 0x7F, 0xFD, 0x00, 0x01, 0xFD, 0x07, 0xFF, 0xD0,
    0x00, 0x0F, 0xD0, 0x7F, 0xFD, 0x00, 0x00, 0xFD, 0x07, 0xFF, 0xD0, 0x00, 0x0F, 0xD0, 0x7F, 0xFD,
    0x00, 0x02, 0xFC, 0x07, 0xFF, 0xD0, 0x00, 0xBF, 0xC0, 0x7F, 0xFF, 0xFF, 0xFF, 0xF0, 0x07, 0xFF,
    0xFF, 0xFF, 0xFC, 0x00, 0x7F, 0xFF, 0xFF, 0xF9, 0x00, 0x07, 0xF0, 0x07, 0xFF, 0xFF, 0xFF, 0xF0,
    0x7F, 0xFF, 0xFF, 0xFF, 0x07, 0xFF, 0xFF, 0xFF, 0xF0, 0x7F, 0x00, 0x00, 0x00, 0x07, 0xF0, 0x00,
    0x00, 0x00, 0x7F, 0x00, 0x00, 0x00, 0x07, 0xF0, 0x00, 0x00, 0x00, 0x7F, 0x00, 0x00, 0x00, 0x07,
    0xF0, 0x00, 0x00, 0x00, 0x7F, 0x00, 0x00, 0x00, 0x07, 0xF0, 0x00, 0x00, 0x00, 0x7F, 0x00, 0x00,
    0x00, 0xFF, 0xFF, 0xFF, 0xF0, 0x0F, 0xFF, 0xFF, 0xFF, 0x00, 0xFF, 0xFF, 0xFF, 0xF0, 0x00, 0x7F,
    0x00, 0x00, 0x00, 0x07, 0xF0, 0x00, 0x00, 0x00, 0x7F, 0x00, 0x00, 0x00, 0x07, 0xF0, 0x00, 0x00,
    0x00, 0x7F, 0x00, 0x00, 0x00, 0x07, 0xF0, 0x00, 0x00, 0x00, 0x7F, 0x00, 0x00, 0x00, 0x07, 0xF0,
    0x00, 0x00, 0x00, 0x7F, 0x00, 0x00, 0x00, 0x07, 0xFF, 0xD0, 0x00, 0x00, 0x7F, 0xFD, 0x00, 0x00,
    0x07, 0xFF, 0xD0, 0x00, 0x00, 0x00, 0xFD, 0x00, 0x00, 0x00, 0x0F, 0xD0, 0x00, 0x00, 0x00, 0xFD,
    0x00, 0x00, 0x00, 0x0F, 0xD0, 0x00, 0x00, 0x02, 0xFD, 0x00, 0x00, 0x0F, 0xFF, 0xC0, 0x00, 0x00,
    0xFF, 0xF4, 0x00, 0x00, 0x06, 0xF8, 0x00, 0x00, 0x00, 0x03, 0xFF, 0xFF, 0xFC, 0x0F, 0xFF, 0xFF,
    0xF0, 0x3F, 0xFF, 0xFF, 0xC0, 0xFD, 0x00, 0x00, 0x03, 0xF4, 0x00, 0x00, 0x0F, 0xD0, 0x00, 0x00,
    0x3F, 0x40, 0x00, 0x00, 0xFD, 0x00, 0x00, 0x03, 0xF4, 0x00, 0x03, 0xFF, 0xFF, 0xFC, 0x0F, 0xFF,
    0xFF, 0xF0, 0x3F, 0xFF, 0xFF, 0xC0, 0x03, 0xF4, 0x00, 0x00, 0x0F, 0xD0, 0x00, 0x00, 0x3F, 0x40,
    0x00, 0x00, 0xFD, 0x00, 0x00, 0x03, 0xF4, 0x00, 0x00, 0x0F, 0xD0, 0x00, 0x00, 0x3F, 0xE9, 0x00,
    0x00, 0xFF, 0xF4, 0x00, 0x03, 0xFF, 0xD0, 0x00, 0x00, 0x3F, 0x40, 0x00, 0x00, 0xFD, 0x00, 0x00,
    0x03, 0xF4, 0x00, 0x00, 0x0F, 0xD0, 0x00, 0x00, 0xBF, 0x40, 0x00, 0x7F, 0xFC, 0x00, 0x01, 0xFF,
    0xD0, 0x00, 0x02, 0xF8, 0x00, 0x00, 0x2F, 0xC0, 0x00, 0x00, 0x1F, 0xC0, 0x0F, 0xE0, 0x00, 0x00,
    0x3F, 0x80, 0x07, 0xF4, 0x00, 0x00, 0xBF, 0x00, 0x02, 0xFC, 0x00, 0x01, 0xFD, 0x00, 0x00, 0xFE,
    0x00, 0x03, 0xF8, 0x00, 0x00, 0x7F, 0x00, 0x0B, 0xF0, 0x00, 0x00, 0x3F, 0xC0, 0x0F, 0xD0, 0x00,
    0x00, 0x0F, 0xD0, 0x3F, 0x80, 0x00, 0x00, 0x0B, 0xF0, 0x7F, 0x00, 0x00, 0x00, 0x03, 0xF8, 0xFD,
    0x00, 0x00, 0x00, 0x00, 0xFF, 0xF8, 0x00, 0x00, 0x00, 0x00, 0xBF, 0xF0, 0x00, 0x00, 0x00, 0x00,
    0x3F, 0xD0, 0x00, 0x00, 0x00, 0x00, 0x3F, 0xE0, 0x00, 0x00, 0x00, 0x00, 0xBF, 0xF0, 0x00, 0x00,
    0x00, 0x01, 0xFE, 0xFC, 0x00, 0x00, 0x00, 0x03, 0xF4, 0xFD, 0x00, 0x00, 0x00, 0x0B, 0xF0, 0x7F,
    0x00, 0x00, 0x00, 0x0F, 0xC0, 0x3F, 0x80, 0x00, 0x00, 0x3F, 0x80, 0x1F, 0xD0, 0x00, 0x00, 0x7F,
    0x00, 0x0B, 0xF0, 0x00, 0x00, 0xFD, 0x00, 0x03, 0xF8, 0x00, 0x02, 0xFC, 0x00, 0x01, 0xFC, 0x00,
    0x07, 0xF0, 0x00, 0x00, 0xFF, 0x00, 0x0F, 0xE0, 0x00, 0x00, 0x7F, 0xFD, 0x2F, 0xC0, 0x00, 0x00,
    0x2F, 0xFD, 0x3F, 0x40, 0x00, 0x00, 0x0F, 0xFD, 0x00, 0x00, 0x00, 0x00, 0x00, 0xFD, 0x00, 0x00,
    0x00, 0x00, 0x00, 0xFD, 0x00, 0x00, 0x00, 0x00, 0x00, 0xFD, 0x00, 0x00, 0x00, 0x00, 0x00, 0xFD,
    0x00, 0x00, 0x00, 0x00, 0x02, 0xFD, 0x00, 0x00, 0x00, 0x00, 0xBF, 0xFC, 0x00, 0x00, 0x00, 0x00,
    0xBF, 0xF4, 0x00, 0x00, 0x00, 0x00, 0x2F, 0x80, 0x2F, 0xC0, 0x00, 0x03, 0xF8, 0x03, 0xFC, 0x00,
    0x03, 0xFC, 0x00, 0x3F, 0x40, 0x02, 0xFD, 0x00, 0x0B, 0xF0, 0x00, 0xFE, 0x00, 0x00, 0xFF, 0x00,
    0xFF, 0x00, 0x00, 0x0F, 0xD0, 0x7F, 0x00, 0x00, 0x02, 0xFC, 0x3F, 0x80, 0x00, 0x00, 0x3F, 0xAF,
    0xC0, 0x00, 0x00, 0x03, 0xFF, 0xC0, 0x00, 0x00, 0x00, 0x7F, 0xD0, 0x00, 0x00, 0x00, 0x0F, 0xF0,
    0x00, 0x00, 0x00, 0x0F, 0xFE, 0x00, 0x00, 0x00, 0x07, 0xFF, 0xD0, 0x00, 0x00, 0x03, 0xF5, 0xFC,
    0x00, 0x00, 0x03, 0xFC, 0x3F, 0x80, 0x00, 0x02, 0xFC, 0x03, 0xF4, 0x00, 0x00, 0xFD, 0x00, 0xBF,
    0x00, 0x00, 0xFF, 0x00, 0x0F, 0xE0, 0x00, 0xBF, 0x00, 0x00, 0xFE, 0xA4, 0x3F, 0x40, 0x00, 0x2F,
    0xFD, 0x3F, 0xC0, 0x00, 0x03, 0xFF, 0x40, 0x00, 0x00, 0x00, 0x0F, 0xD0, 0x00, 0x00, 0x00, 0x03,
    0xF4, 0x00, 0x00, 0x00, 0x00, 0xFD, 0x00, 0x00, 0x00, 0x00, 0x3F, 0x40, 0x00, 0x00, 0x00, 0x2F,
    0xD0, 0x00, 0x00, 0x02, 0xFF, 0xF0, 0x00, 0x00, 0x00, 0xBF, 0xF4, 0x00, 0x00, 0x00, 0x0B, 0xE0,
    0x00, 0x0F, 0xD0, 0x00, 0x00, 0x1F, 0xC0, 0x2F, 0xC0, 0x00, 0x00, 0xFE, 0x00, 0x3F, 0x80, 0x00,
    0x0B, 0xF0, 0x00, 0x7F, 0x40, 0x00, 0x3F, 0x00, 0x00, 0xBF, 0x00, 0x03, 0xF8, 0x00, 0x00, 0xFE,
    0x00, 0x1F, 0xC0, 0x00, 0x01, 0xFC, 0x00, 0xFD, 0x00, 0x00, 0x02, 0xF8, 0x0B, 0xE0, 0x00, 0x00,
    0x03, 0xF4, 0x7F, 0x00, 0x00, 0x00, 0x07, 0xF3, 0xF4, 0x00, 0x00, 0x00, 0x0F, 0xFF, 0x80, 0x00,
    0x00, 0xFF, 0xFF, 0xFF, 0xFF, 0xC0, 0x03, 0xFF, 0xFF, 0xFF, 0xFF, 0x00, 0x0F, 0xFF, 0xFF, 0xFF,
    0xFC, 0x00, 0x00, 0x0B, 0xFF, 0x80, 0x00, 0x00, 0x00, 0x7F, 0x7F, 0x00, 0x00, 0x00, 0x03, 0xF4,
    0xBF, 0x00, 0x00, 0x00, 0x1F, 0xC0, 0xFD, 0x00, 0x00, 0x00, 0xFD, 0x02, 0xFC, 0x00, 0x00, 0x0B,
    0xF0, 0x03, 0xF8, 0x00, 0x00, 0x7F, 0x00, 0x07, 0xF0, 0x00, 0x03, 0xF8, 0x00, 0x0F, 0xF0, 0x00,
    0x1F, 0xC0, 0x00, 0x0F, 0xD0, 0x00, 0xFD, 0x00, 0x00, 0x2F, 0xC0, 0x0B, 0xF0, 0x00, 0x00, 0x3F,
    0x80, 0x7F, 0x40, 0x00, 0x00, 0xBF, 0x03, 0xF8, 0x00, 0x00, 0x00, 0xFF, 0x00, 0x2F, 0xC0, 0x00,
    0x03, 0xF8, 0x0F, 0xE0, 0x00, 0x0B, 0xF0, 0x07, 0xF4, 0x00, 0x1F, 0xD0, 0x02, 0xFC, 0x00, 0x3F,
    0x80, 0x00, 0xFE, 0x00, 0xBF, 0x00, 0x00, 0x7F, 0x41, 0xFD, 0x00, 0x00, 0x2F, 0xC3, 0xF8, 0x00,
    0x00, 0x0F, 0xEB, 0xF0, 0x00, 0x00, 0x07, 0xFF, 0xC0, 0x00, 0x0F, 0xFF, 0xFF, 0xFF, 0xF0, 0x0F,
    0xFF, 0xFF, 0xFF, 0xF0, 0x0A, 0xAB, 0xFF, 0xEA, 0xA0, 0x00, 0x07, 0xFF, 0xD0, 0x00, 0x00, 0x0F,
    0xD7, 0xF0, 0x00, 0x00, 0x3F, 0xC3, 0xFC, 0x00, 0x00, 0xBF, 0x00, 0xFE, 0x00, 0x01, 0xFD, 0x00,
    0x7F, 0x00, 0x03, 0xF8, 0x00, 0x3F, 0xC0, 0x0B, 0xF0, 0x00, 0x0F, 0xE0, 0x1F, 0xD0, 0x00, 0x07,
    0xF4, 0x3F, 0x80, 0x00, 0x02, 0xFC, 0x00, 0x00, 0x00, 0x0A, 0x00, 0x00, 0x78, 0x00, 0x01, 0xE0,
    0xFF, 0xFF, 0x8F, 0xFF, 0xF8, 0xF0, 0x0E, 0x0F, 0x03, 0x80, 0xF0, 0xB0, 0x0F, 0x00, 0x00, 0xF0,
    0x00, 0x0F, 0x00, 0x00, 0xF0, 0x00, 0x0F, 0x00, 0x00, 0xF0, 0x00, 0x0F, 0x00, 0x00, 0xF0, 0x00,
    0x0F, 0x00, 0x00, 0xF0, 0x00, 0x0F, 0x00, 0x00, 0xF0, 0x00, 0x0F, 0x00, 0x00, 0xF0, 0x00, 0x0F,
    0x00, 0x00, 0xF0, 0x00, 0x0F, 0x00, 0x00, 0xF0, 0x00, 0x0F, 0x00, 0x00, 0xF0, 0x00, 0x0F, 0x00,
    0x00, 0xF0, 0x00, 0x0F, 0x00, 0x00, 0xF0, 0x00, 0x00, 0x00, 0x00, 0x00, 0x0E, 0x00, 0x02, 0xC0,
    0x00, 0xB0, 0x00, 0x2F, 0xFF, 0xE2, 0xFF, 0xFF, 0x0F, 0x00, 0xF0, 0x3C, 0x0F, 0x00, 0xE0, 0xF0,
    0x00, 0x0F, 0x00, 0x00, 0xF0, 0x00, 0x0F, 0x00, 0x00, 0xF0, 0x00, 0x0F, 0x00, 0x00, 0xF0, 0x00,
    0x0F, 0x00, 0x00, 0xF0, 0x00, 0x0F, 0x00, 0x00, 0xF0, 0x00, 0x0F, 0x00, 0x00, 0xF0, 0x00, 0x0F,
    0x00, 0x00, 0xF0, 0x00, 0x0F, 0x00, 0x00, 0xF0, 0x00, 0x0F, 0x00, 0x00, 0xF0, 0x00, 0x0F, 0x00,
    0x00, 0xF0, 0x00, 0x0F, 0x00, 0x00, 0xF0, 0x00, 0x0F, 0x00, 0x00, 0xF0, 0xFF, 0xFF, 0xFF, 0xFF,
    0xFF, 0xFF, 0xFC, 0xFF, 0xFF, 0xFF, 0xFF, 0xFF, 0xFF, 0xFC, 0xFF, 0xFF, 0xFF, 0xFF, 0xFF, 0xFF,
    0xFF, 0xFF, 0xFF, 0xFF, 0xFF, 0xFF, 0xFF, 0xF0, 0xFF, 0xFF, 0xFF, 0xFF, 0xFF, 0xFF, 0xFF, 0xFF,
    0xFF, 0xFF, 0xFF, 0xFF, 0xFF, 0xFF, 0xFF, 0xFF, 0xFF, 0xFF, 0xFF, 0xFF, 0xFF, 0xFF, 0xFF, 0xFF,
    0xFF, 0xFF, 0xFF, 0xFF, 0xFF, 0xFF, 0xFF, 0xFF, 0xFF, 0xFF, 0xFF, 0xFF, 0xFF, 0xFF, 0xC0, 0xFF,
    0xFF, 0xFF, 0xFF, 0xFF, 0xFF, 0xFF, 0xFF, 0xFF, 0xFF, 0xFF, 0xFF, 0xFF, 0xFF, 0xFF, 0xFF, 0xFF,
    0xFF, 0xFF, 0xFF, 0xFF, 0xFF, 0xFF, 0xFF, 0xFF, 0xFF, 0xC0, 0xFC, 0x00, 0xFF, 0xF0, 0x03, 0xFF,
    0xC0, 0x0F, 0xFF, 0x00, 0x3F, 0xFC, 0x00, 0xFF, 0xF0, 0x03, 0xFF, 0xC0, 0x0F, 0xFF, 0x00, 0x3F,
    0xFC, 0x00, 0xFF, 0xF0, 0x03, 0xFF, 0xC0, 0x0F, 0xFF, 0x00, 0x3F, 0xFC, 0x00, 0xFF, 0xF0, 0x03,
    0xFF, 0xC0, 0x0F, 0xFF, 0x00, 0x3F, 0xFC, 0x00, 0xFF, 0xF0, 0x03, 0xFF, 0xC0, 0x0F, 0xFF, 0x00,
    0x3F, 0xFC, 0x00, 0xFF, 0xF0, 0x03, 0xFF, 0xC0, 0x0F, 0xFF, 0x00, 0x3F, 0xFC, 0x00, 0xFF, 0xF0,
    0x03, 0xFF, 0xC0, 0x0F, 0xFF, 0x00, 0x3F, 0xFC, 0x00, 0xFF, 0xF0, 0x03, 0xFF, 0xC0, 0x0F, 0xFF,
    0x00, 0x3F, 0xFC, 0x00, 0xFF, 0xF0, 0x03, 0xFF, 0xC0, 0x0F, 0xFF, 0x00, 0x3F, 0xFC, 0x00, 0xFF,
    0xF0, 0x03, 0xF0, 0xFF, 0xFF, 0xFF, 0xFF, 0xFF, 0xFF, 0xFF, 0xFF, 0xFF, 0xFF, 0xFF, 0xFF, 0x00,
    0x00, 0x00, 0x00, 0x00, 0x00, 0x00, 0x00, 0xFF, 0xFF, 0xFF, 0xFF, 0xFF, 0xFF, 0xFF, 0xFF, 0xFF,
    0xFF, 0xFF, 0xFF, 0x02, 0xF0, 0x0F, 0xC0, 0x7E, 0x03, 0xF4, 0x0F, 0xC0, 0xBF, 0x03, 0xF8, 0x0F,
    0xD0, 0x7F, 0x40, 0x0F, 0xF0, 0x3F, 0xC0, 0xFD, 0x07, 0xF0, 0x1F, 0xC0, 0xBD, 0x03, 0xF0, 0x0F,
    0x80, 0x7C, 0x00, 0x0F, 0xE0, 0xFE, 0x1F, 0xC2, 0xFC, 0x3F, 0x43, 0xF0, 0x3E, 0x07, 0xD0, 0xBC,
    0x00, 0x7F, 0x40, 0xFE, 0x03, 0xF8, 0x0B, 0xF0, 0x0F, 0xC0, 0x3F, 0x40, 0x7E, 0x00, 0xFC, 0x02,
    0xF0, 0x02, 0xF0, 0x0B, 0xC0, 0x3E, 0x00, 0xF8, 0x07, 0xD0, 0x2F, 0x40, 0xFD, 0x03, 0xF0, 0x0F,
    0xC0, 0x7F, 0x02, 0xFC, 0x0B, 0xF0, 0x3F, 0x80, 0xFE, 0x03, 0xF4, 0x1F, 0xD0, 0x7F, 0x42, 0xFC,
    0x00, 0x0F, 0xF0, 0x3F, 0xC0, 0xFF, 0x03, 0xF8, 0x0F, 0xD0, 0x3F, 0x41, 0xFC, 0x07, 0xF0, 0x2F,
    0x80, 0xBE, 0x03, 0xF4, 0x0F, 0xD0, 0x3F, 0x00, 0xFC, 0x03, 0xE0, 0x1F, 0x40, 0x7C, 0x02, 0xF0,
    0x00, 0x0F, 0xE0, 0x3F, 0x87, 0xF4, 0x1F, 0xD1, 0xFC, 0x0B, 0xF0, 0xBF, 0x02, 0xFC, 0x3F, 0x40,
    0xFD, 0x0F, 0xC0, 0x3F, 0x07, 0xE0, 0x1F, 0x81, 0xF0, 0x0B, 0xC0, 0xBC, 0x03, 0xE0, 0x00, 0x7F,
    0x42, 0xFC, 0x03, 0xF4, 0x1F, 0xD0, 0x3F, 0x80, 0xFE, 0x02, 0xFC, 0x0B, 0xF0, 0x0F, 0xC0, 0x7F,
    0x00, 0xFD, 0x03, 0xF0, 0x07, 0xD0, 0x2F, 0x40, 0x3E, 0x00, 0xF8, 0x02, 0xF0, 0x0B, 0xC0, 0x00,
    0x1F, 0xF0, 0x00, 0x00, 0x7F, 0x80, 0x00, 0x00, 0xFE, 0x00, 0x00, 0x03, 0xF4, 0x00, 0x00, 0x0F,
    0xD0, 0x00, 0x00, 0x2F, 0x00, 0x00, 0x00, 0xBC, 0x00, 0x1A, 0x96, 0xF5, 0x6A, 0xBF, 0xFF, 0xFF,
    0xFE, 0xFF, 0xFF, 0xFF, 0xF5, 0x40, 0xFD, 0x05, 0x40, 0x03, 0xF4, 0x00, 0x00, 0x0F, 0xD0, 0x00,
    0x00, 0x3F, 0x40, 0x00, 0x00, 0xFD, 0x00, 0x00, 0x03, 0xF4, 0x00, 0x00, 0x0F, 0xD0, 0x00, 0x00,
    0x3F, 0x40, 0x00, 0x00, 0xFD, 0x00, 0x00, 0x03, 0xF4, 0x00, 0x00, 0x0F, 0xD0, 0x00, 0x00, 0x3F,
    0x40, 0x00, 0x00, 0xFD, 0x00, 0x00, 0x03, 0xF4, 0x00, 0x00, 0x0F, 0xD0, 0x00, 0x00, 0x3F, 0x40,
    0x00, 0x00, 0xFD, 0x00, 0x00, 0x03, 0xF4, 0x00, 0x00, 0x0F, 0xD0, 0x00, 0x00, 0x1F, 0xD0, 0x00,
    0x00, 0x7F, 0x00, 0x00, 0x00, 0xFC, 0x00, 0x00, 0x03, 0xF0, 0x00, 0x00, 0x0F, 0xC0, 0x00, 0x00,
    0x3E, 0x00, 0x05, 0x40, 0xB8, 0x05, 0x7F, 0xFF, 0xFF, 0xFF, 0xFF, 0xFF, 0xFF, 0xFE, 0xA5, 0x6E,
    0x56, 0xA0, 0x00, 0xF8, 0x00, 0x00, 0x03, 0xF0, 0x00, 0x00, 0x0F, 0xC0, 0x00, 0x00, 0x3F, 0x00,
    0x00, 0x01, 0xFC, 0x00, 0x00, 0x03, 0xF0, 0x00, 0x00, 0x0F, 0xC0, 0x00, 0x00, 0x3F, 0x00, 0x00,
    0x00, 0xF8, 0x00, 0x2A, 0x56, 0xE5, 0x6A, 0xFF, 0xFF, 0xFF, 0xFF, 0xFF, 0xFF, 0xFF, 0xF5, 0x40,
    0xB8, 0x05, 0x40, 0x03, 0xE0, 0x00, 0x00, 0x0F, 0xC0, 0x00, 0x00, 0x3F, 0x00, 0x00, 0x00, 0xFC,
    0x00, 0x00, 0x07, 0xF0, 0x00, 0x00, 0x1F, 0xD0, 0x00, 0x0B, 0xE0, 0x3F, 0xFC, 0xBF, 0xFE, 0xFF,
    0xFF, 0xFF, 0xFF, 0xFF, 0xFF, 0xFF, 0xFF, 0xBF, 0xFE, 0x3F, 0xFC, 0x0B, 0xE0, 0x80, 0x00, 0x0F,
    0x80, 0x00, 0xFF, 0x40, 0x0F, 0xFF, 0x00, 0xFF, 0xFE, 0x0F, 0xFF, 0xFD, 0xFF, 0xFF, 0x4F, 0xFF,
    0x80, 0xFF, 0x80, 0x0F, 0xD0, 0x00, 0xD0, 0x00, 0x00, 0x00, 0x00, 0x3F, 0x3F, 0xFF, 0xFF, 0xFF,
    0x3F, 0x00, 0x3F, 0x00, 0x03, 0xF3, 0xFF, 0x00, 0x3F, 0xFF, 0xFC, 0x00, 0xFF, 0xFF, 0xF0, 0x03,
    0xFF, 0x3F, 0x00, 0x03, 0xF0, 0x3F, 0x00, 0x03, 0xF0, 0x00, 0x3F, 0x3F, 0xF0, 0x03, 0xFF, 0x00,
    0x3F, 0xFF, 0xFC, 0x00, 0xFF, 0xC0, 0x0F, 0xFF, 0xFF, 0x00, 0x3F, 0xF0, 0x03, 0xFF, 0x3F, 0x00,
    0x03, 0xF0, 0x00, 0x3F, 0x00, 0x3F, 0x3F, 0xFF, 0xFF, 0xFF, 0x3F, 0x00, 0xFF, 0xFF, 0x7F, 0xFF,
    0xEF, 0x00, 0x03, 0xC0, 0x00, 0xF0, 0x00, 0x3C, 0x00, 0x0F, 0x00, 0x03, 0xC0, 0x00, 0xF0, 0x00,
    0x3C, 0x00, 0x0F, 0x00, 0x03, 0xC0, 0x00, 0xF0, 0x00, 0x3C, 0x00, 0x0F, 0x00, 0x03, 0xC0, 0x00,
    0xF0, 0x00, 0x3C, 0x00, 0x0F, 0x00, 0x03, 0xC0, 0x00, 0xF0, 0x00, 0x3C, 0x00, 0x0F, 0x00, 0x03,
    0xC0, 0x00, 0xF0, 0x00, 0x3C, 0x00, 0x0F, 0x00, 0x03, 0xC0, 0x00, 0xF0, 0x00, 0x00, 0xFF, 0xFF,
    0xBF, 0xFF, 0xF0, 0x00, 0x3C, 0x00, 0x0F, 0x00, 0x03, 0xC0, 0x00, 0xF0, 0x00, 0x3C, 0x00, 0x0F,
    0x00, 0x03, 0xC0, 0x00, 0xF0, 0x00, 0x3C, 0x00, 0x0F, 0x00, 0x03, 0xC0, 0x00, 0xF0, 0x00, 0x3C,
    0x00, 0x0F, 0x00, 0x03, 0xC0, 0x00, 0xF0, 0x00, 0x3C, 0x00, 0x0F, 0x00, 0x03, 0xC0, 0x00, 0xF0,
    0x00, 0x3C, 0x00, 0x0F, 0x00, 0x03, 0xC0, 0x00, 0xF0, 0x00, 0x3C, 0x00, 0x0F, 0x00, 0x03, 0xC0,
    0xFF, 0xFF, 0xFF, 0xFF, 0xFF, 0xFF, 0xFF, 0xFF, 0xFF, 0xFF, 0xFF, 0xFF, 0xFF, 0xFF, 0xFF, 0xFF,
    0xFF, 0xFF, 0x03, 0xC0, 0x00, 0xF0, 0x00, 0x3C, 0x00, 0x0F, 0x00, 0x03, 0xC0, 0x00, 0xF0, 0x00,
    0x3C, 0x00, 0x0F, 0x00, 0x03, 0xC0, 0x00, 0xF0, 0x00, 0x3C, 0x00, 0x0F, 0x00, 0x03, 0xC0, 0x00,
    0xF0, 0x00, 0x3C, 0x00, 0x0F, 0x00, 0x03, 0xC0, 0x00, 0xF0, 0x00, 0x3C, 0x00, 0x0F, 0x00, 0x03,
    0xC0, 0x00, 0xF0, 0x00, 0x3C, 0x00, 0x06, 0x00, 0x3F, 0xFF, 0xD3, 0xFF, 0xFD, 0x30, 0x00, 0x03,
    0x00, 0x00, 0x30, 0x00, 0x03, 0x00, 0x00, 0x30, 0x00, 0x03, 0xFF, 0xFD, 0x00, 0xF0, 0x00, 0x0F,
    0x00, 0x00, 0xF0, 0x00, 0x0F, 0x00, 0x00, 0xF0, 0x00, 0x0F, 0x00, 0x00, 0xF0, 0x00, 0x0F, 0x00,
    0x00, 0xF0, 0x00, 0x0F, 0x00, 0x00, 0xF0, 0x00, 0x0F, 0x00, 0x00, 0xF0, 0x00, 0x0F, 0x00, 0x00,
    0xF0, 0x00, 0x0F, 0x00, 0x00, 0xF0, 0x00, 0x0F, 0x00, 0x00, 0xF0, 0x00, 0x0F, 0x00, 0x00, 0xF0,
    0x00, 0x0F, 0x00, 0x00, 0xF0, 0x00, 0x0A, 0x00, 0xBF, 0xFF, 0xDF, 0xFF, 0xF0, 0x00, 0x0C, 0x00,
    0x03, 0x00, 0x00, 0xC0, 0x00, 0x30, 0x00, 0x0D, 0xFF, 0xFF, 0x00, 0xF0, 0x00, 0x3C, 0x00, 0x0F,
    0x00, 0x03, 0xC0, 0x00, 0xF0, 0x00, 0x3C, 0x00, 0x0F, 0x00, 0x03, 0xC0, 0x00, 0xF0, 0x00, 0x3C,
    0x00, 0x0F, 0x00, 0x03, 0xC0, 0x00, 0xF0, 0x00, 0x3C, 0x00, 0x0F, 0x00, 0x03, 0xC0, 0x00, 0xF0,
    0x00, 0x3C, 0x00, 0x0F, 0x00, 0x03, 0xC0, 0x00, 0xF0, 0x00, 0x3C, 0x00, 0x0F, 0x00, 0x02, 0x80,
    0x02, 0xFE, 0x00, 0x00, 0x02, 0xF4, 0x00, 0x00, 0x00, 0x00, 0x07, 0xFF, 0xF0, 0x00, 0x00, 0xFC,
    0x00, 0x00, 0x00, 0x00, 0x03, 0xFF, 0xFF, 0x00, 0x00, 0xBD, 0x00, 0x00, 0x00, 0x00, 0x01, 0xFC,
    0x0F, 0xD0, 0x00, 0x7F, 0x00, 0x00, 0x00, 0x00, 0x00, 0xBD, 0x01, 0xF8, 0x00, 0x3F, 0x00, 0x00,
    0x00, 0x00, 0x00, 0x3F, 0x00, 0x3F, 0x00, 0x1F, 0x80, 0x00, 0x00, 0x00, 0x00, 0x0F, 0xC0, 0x0F,
    0xC0, 0x0F, 0xC0, 0x00, 0x00, 0x00, 0x00, 0x03, 0xF0, 0x03, 0xF0, 0x07, 0xE0, 0x00, 0x00, 0x00,
    0x00, 0x00, 0xFC, 0x00, 0xFC, 0x03, 0xF0, 0x00, 0x00, 0x00, 0x00, 0x00, 0x3F, 0x00, 0x3F, 0x02,
    0xF4, 0x15, 0x00, 0x00, 0x05, 0x40, 0x0F, 0xC0, 0x0F, 0xC0, 0xFC, 0x7F, 0xFC, 0x00, 0x1F, 0xFF,
    0x02, 0xF4, 0x07, 0xE0, 0xBD, 0x3F, 0xFF, 0xC0, 0x0F, 0xFF, 0xF0, 0x7F, 0x03, 0xF4, 0x3E, 0x3F,
    0x82, 0xF8, 0x0F, 0xE0, 0xBE, 0x0F, 0xFF, 0xFC, 0x3F, 0x0F, 0x80, 0x3F, 0x03, 0xE0, 0x0F, 0xC0,
    0xFF, 0xFC, 0x1F, 0x87, 0xD0, 0x07, 0xD1, 0xF4, 0x01, 0xF4, 0x0B, 0xF8, 0x0F, 0xC2, 0xF0, 0x00,
    0xF8, 0xBC, 0x00, 0x3E, 0x00, 0x00, 0x07, 0xD0, 0xFC, 0x00, 0x3F, 0x3F, 0x00, 0x0F, 0xC0, 0x00,
    0x03, 0xF0, 0x3F, 0x00, 0x0F, 0xCF, 0xC0, 0x03, 0xF0, 0x00, 0x01, 0xF4, 0x0F, 0xC0, 0x03, 0xF3,
    0xF0, 0x00, 0xFC, 0x00, 0x00, 0xFC, 0x03, 0xF0, 0x00, 0xFC, 0xFC, 0x00, 0x3F, 0x00, 0x00, 0xBC,
    0x00, 0xBC, 0x00, 0x3E, 0x2F, 0x00, 0x0F, 0x80, 0x00, 0x3E, 0x00, 0x2F, 0x40, 0x1F, 0x8B, 0xD0,
    0x07, 0xE0, 0x00, 0x2F, 0x00, 0x07, 0xE0, 0x0B, 0xD1, 0xF8, 0x02, 0xF4, 0x00, 0x0F, 0x80, 0x00,
    0xFD, 0x07, 0xF0, 0x3F, 0x41, 0xFC, 0x00, 0x0F, 0xC0, 0x00, 0x1F, 0xFF, 0xF8, 0x07, 0xFF, 0xFE,
    0x00, 0x07, 0xD0, 0x00, 0x02, 0xFF, 0xF8, 0x00, 0xBF, 0xFE, 0x00, 0x03, 0xF0, 0x00, 0x00, 0x1F,
    0xF4, 0x00, 0x07, 0xFD, 0x00, 0x02, 0xFE, 0x00, 0x00, 0x00, 0xF8, 0x00, 0x00, 0x00, 0x00, 0x00,
    0x00, 0x00, 0x00, 0x0F, 0xFF, 0xC0, 0x00, 0x02, 0xF0, 0x00, 0x00, 0x00, 0x00, 0x00, 0x00, 0x00,
    0x00, 0x3F, 0xFF, 0xF0, 0x00, 0x03, 0xD0, 0x00, 0x00, 0x00, 0x00, 0x00, 0x00, 0x00, 0x00, 0x7F,
    0x47, 0xF4, 0x00, 0x0B, 0xC0, 0x00, 0x00, 0x00, 0x00, 0x00, 0x00, 0x00, 0x00, 0xBF, 0x03, 0xF8,
    0x00, 0x0F, 0x40, 0x00, 0x00, 0x00, 0x00, 0x00, 0x00, 0x00, 0x00, 0xFE, 0x02, 0xFC, 0x00, 0x3E,
    0x00, 0x00, 0x00, 0x00, 0x00, 0x00, 0x00, 0x00, 0x00, 0xFD, 0x01, 0xFC, 0x00, 0x7C, 0x00, 0x00,
    0x00, 0x00, 0x00, 0x00, 0x00, 0x00, 0x00, 0xFD, 0x01, 0xFC, 0x00, 0xF8, 0x00, 0x00, 0x00, 0x00,
    0x00, 0x00, 0x00, 0x00, 0x00, 0xFD, 0x01, 0xFC, 0x01, 0xF0, 0x00, 0x00, 0x00, 0x00, 0x00, 0x00,
    0x00, 0x00, 0x00, 0xFD, 0x01, 0xFC, 0x03, 0xD0, 0x00, 0x00, 0x00, 0x00, 0x00, 0x00, 0x00, 0x00,
    0x00, 0xFE, 0x02, 0xFC, 0x0B, 0xC0, 0xBF, 0x80, 0x00, 0x2F, 0xE0, 0x00, 0x07, 0xFE, 0x00, 0xBF,
    0x03, 0xF8, 0x0F, 0x07, 0xFF, 0xF4, 0x01, 0xFF, 0xFD, 0x00, 0x3F, 0xFF, 0xC0, 0x7F, 0x47, 0xF4,
    0x2E, 0x0F, 0xFB, 0xFC, 0x03, 0xFE, 0xFF, 0x00, 0xBF, 0xAF, 0xF0, 0x3F, 0xFF, 0xF0, 0x7C, 0x2F,
    0xC0, 0xFE, 0x0B, 0xF0, 0x3F, 0x80, 0xFD, 0x03, 0xF4, 0x0F, 0xFF, 0xC0, 0xF4, 0x3F, 0x40, 0x7F,
    0x0F, 0xD0, 0x1F, 0xC2, 0xFC, 0x02, 0xFC, 0x02, 0xFE, 0x01, 0xF0, 0x3F, 0x00, 0x3F, 0x0F, 0xC0,
    0x0F, 0xC3, 0xF8, 0x00, 0xFC, 0x00, 0x00, 0x03, 0xD0, 0x7F, 0x00, 0x3F, 0x5F, 0xC0, 0x0F, 0xD3,
    0xF4, 0x00, 0xFD, 0x00, 0x00, 0x07, 0xC0, 0x7F, 0x00, 0x3F, 0x5F, 0xC0, 0x0F, 0xD3, 0xF4, 0x00,
    0xFD, 0x00, 0x00, 0x0F, 0x00, 0x7F, 0x00, 0x3F, 0x5F, 0xC0, 0x0F, 0xD3, 0xF4, 0x00, 0xFD, 0x00,
    0x00, 0x2E, 0x00, 0x7F, 0x00, 0x3F, 0x5F, 0xC0, 0x0F, 0xD3, 0xF4, 0x00, 0xFD, 0x00, 0x00, 0x3C,
    0x00, 0x7F, 0x00, 0x3F, 0x5F, 0xC0, 0x0F, 0xD3, 0xF8, 0x00, 0xFD, 0x00, 0x00, 0xB4, 0x00, 0x3F,
    0x00, 0x7F, 0x0F, 0xC0, 0x1F, 0xC2, 0xF8, 0x01, 0xFC, 0x00, 0x01, 0xF0, 0x00, 0x3F, 0x80, 0xBF,
    0x0F, 0xE0, 0x2F, 0xC1, 0xFC, 0x02, 0xFC, 0x00, 0x03, 0xD0, 0x00, 0x2F, 0xC0, 0xFE, 0x0B, 0xF0,
    0x3F, 0x80, 0xFE, 0x07, 0xF8, 0x00, 0x07, 0x80, 0x00, 0x0F, 0xFF, 0xFC, 0x03, 0xFF, 0xFF, 0x00,
    0xBF, 0xFF, 0xF0, 0x00, 0x0F, 0x00, 0x00, 0x07, 0xFF, 0xF4, 0x01, 0xFF, 0xFD, 0x00, 0x2F, 0xFF,
    0xD0, 0x00, 0x2E, 0x00, 0x00, 0x00, 0xBF, 0x80, 0x00, 0x2F, 0xE0, 0x00, 0x07, 0xFE, 0x00, 0x00,
    0x3F, 0x40, 0x1F, 0xC0, 0x0F, 0xC0, 0x07, 0xE0, 0x03, 0xF0, 0x01, 0xF4, 0x00, 0xF8, 0x00, 0x7C,
    0x00, 0x3E, 0x00, 0x1F, 0x00, 0x00, 0x00, 0x3F, 0x41, 0xFC, 0x00, 0x7F, 0x03, 0xF4, 0x00, 0xFC,
    0x07, 0xF0, 0x01, 0xF8, 0x0F, 0xC0, 0x03, 0xF0, 0x1F, 0x80, 0x07, 0xD0, 0x3F, 0x00, 0x0F, 0x80,
    0x3D, 0x00, 0x1F, 0x00, 0xB8, 0x00, 0x3E, 0x00, 0xF0, 0x00, 0x7C, 0x02, 0xE0, 0x00, 0x00, 0x3F,
    0x41, 0xFC, 0x0B, 0xE0, 0x07, 0xF0, 0x3F, 0x40, 0xFC, 0x00, 0xFC, 0x07, 0xF0, 0x2F, 0x40, 0x1F,
    0x80, 0xFC, 0x03, 0xF0, 0x03, 0xF0, 0x1F, 0x80, 0xBC, 0x00, 0x7D, 0x03, 0xF0, 0x0F, 0x80, 0x0F,
    0x80, 0x3D, 0x02, 0xF0, 0x01, 0xF0, 0x0B, 0x80, 0x3D, 0x00, 0x3E, 0x00, 0xF0, 0x0B, 0x80, 0x07,
    0xC0, 0x2E, 0x00, 0xF0, 0x00, 0xBE, 0x00, 0x0F, 0xC0, 0x01, 0xF8, 0x00, 0x3F, 0x00, 0x07, 0xE0,
    0x00, 0xBC, 0x00, 0x0F, 0x80, 0x01, 0xF0, 0x00, 0x3E, 0x00, 0x03, 0xC0, 0xBE, 0x0B, 0xF0, 0x00,
    0xFC, 0x0F, 0xC0, 0x01, 0xF8, 0x1F, 0x80, 0x03, 0xF0, 0x2F, 0x00, 0x07, 0xE0, 0x3E, 0x00, 0x0B,
    0xC0, 0xBC, 0x00, 0x0F, 0x80, 0xF8, 0x00, 0x1F, 0x01, 0xF0, 0x00, 0x3E, 0x02, 0xE0, 0x00, 0x3C,
    0x03, 0xC0, 0xBE, 0x0B, 0xF0, 0x7F, 0x00, 0x0F, 0xC0, 0xFC, 0x0F, 0xD0, 0x01, 0xF8, 0x1F, 0x81,
    0xFC, 0x00, 0x3F, 0x02, 0xF0, 0x2F, 0x40, 0x07, 0xE0, 0x3E, 0x03, 0xF0, 0x00, 0xBC, 0x0B, 0xC0,
    0x7D, 0x00, 0x0F, 0x80, 0xF8, 0x0F, 0x80, 0x01, 0xF0, 0x1F, 0x01, 0xF0, 0x00, 0x3E, 0x02, 0xE0,
    0x2E, 0x00, 0x03, 0xC0, 0x3C, 0x03, 0xC0, 0x00, 0x02, 0x00, 0x00, 0x00, 0x2E, 0x00, 0x00, 0x00,
    0xFC, 0x00, 0x00, 0x0B, 0xF8, 0x00, 0x00, 0x3C, 0xF0, 0x00, 0x02, 0xE2, 0xE0, 0x00, 0x0F, 0x03,
    0xC0, 0x00, 0xB8, 0x0B, 0x80, 0x03, 0xC0, 0x0F, 0x00, 0x2E, 0x00, 0x2E, 0x00, 0xF0, 0x00, 0x3C,
    0x0B, 0x80, 0x00, 0xB8, 0x3C, 0x00, 0x01, 0xF0, 0x00, 0x00, 0x00, 0x03, 0x40, 0x03, 0xF4, 0x03,
    0xF8, 0x02, 0xFC, 0x01, 0xFC, 0x01, 0xFD, 0x00, 0xFD, 0x00, 0xFE, 0x00, 0x2F, 0xC0, 0x03, 0xF8,
    0x00, 0x3F, 0x80, 0x07, 0xF4, 0x00, 0x7F, 0x00, 0x0B, 0xF0, 0x00, 0xFD, 0x00, 0x08, 0x00, 0x00,
    0x00, 0x07, 0x00, 0x07, 0xF0, 0x00, 0xBF, 0x00, 0x0F, 0xE0, 0x00, 0xFD, 0x00, 0x1F, 0xD0, 0x01,
    0xFC, 0x00, 0x2F, 0xC0, 0x0F, 0xE0, 0x0B, 0xF0, 0x0B, 0xF0, 0x07, 0xF0, 0x03, 0xF4, 0x03, 0xF8,
    0x01, 0xF8, 0x00, 0x08, 0x00, 0x00, 0x00, 0x00, 0x00, 0x7D, 0x00, 0x00, 0x00, 0x2D, 0x00, 0x00,
    0xFF, 0x00, 0x00, 0x78, 0x3F, 0x80, 0x00, 0xFF, 0x00, 0x01, 0xFC, 0x1F, 0xE0, 0x00, 0xFF, 0x00,
    0x0B, 0xF4, 0x03, 0xFC, 0x00, 0x7D, 0x00, 0x3F, 0xC0, 0x00, 0xFF, 0x40, 0x00, 0x00, 0xFF, 0x00,
    0x00, 0x2F, 0xD0, 0x00, 0x07, 0xF8, 0x00, 0x00, 0x0B, 0xF8, 0x00, 0x1F, 0xE0, 0x00, 0x00, 0x01,
    0xFF, 0x00, 0xBF, 0x40, 0x00, 0x00, 0x00, 0x3F, 0xC3, 0xFD, 0x00, 0x00, 0x7D, 0x00, 0x0F, 0xFF,
    0xF0, 0x00, 0x7D, 0xFF, 0x00, 0x02, 0xFF, 0xC0, 0x00, 0xFF, 0xFF, 0x00, 0x00, 0xFF, 0x00, 0x00,
    0xFF, 0xFF, 0x00, 0x02, 0xFF, 0xC0, 0x00, 0xFF, 0x7D, 0x00, 0x0B, 0xFF, 0xF0, 0x00, 0x7D, 0x00,
    0x00, 0x2F, 0xC3, 0xFC, 0x00, 0x00, 0x00, 0x00, 0xBF, 0x00, 0xFE, 0x00, 0x00, 0x00, 0x02, 0xFC,
    0x00, 0x3F, 0x80, 0x00, 0x00, 0x0B, 0xF0, 0x00, 0x0F, 0xE0, 0x00, 0x00, 0x2F, 0xC0, 0x00, 0x03,
    0xF8, 0x00, 0x00, 0xBF, 0x00, 0x00, 0x00, 0xFE, 0x00, 0x02, 0xFC, 0x00, 0x00, 0x00, 0x3F, 0x80,
    0x0B, 0xF0, 0x00, 0x7D, 0x00, 0x0F, 0xE0, 0x2F, 0xC0, 0x00, 0xFF, 0x00, 0x03, 0xF4, 0x3F, 0x00,
    0x00, 0xFF, 0x00, 0x00, 0xFC, 0x1C, 0x00, 0x00, 0xFF, 0x00, 0x00, 0x38, 0x00, 0x00, 0x00, 0x7D,
    0x00, 0x00, 0x00, 0x7F, 0x00, 0x3F, 0x5F, 0xC0, 0x0F, 0xD7, 0xF0, 0x03, 0xF5, 0xFC, 0x00, 0xFD,
    0x7F, 0x00, 0x3F, 0x5F, 0xC0, 0x0F, 0xD7, 0xF0, 0x03, 0xF5, 0xFC, 0x00, 0xFD, 0x7F, 0x00, 0x3F,
    0x5F, 0xC0, 0x0F, 0xD7, 0xF0, 0x03, 0xF5, 0xFC, 0x00, 0xFD, 0x7F, 0x00, 0x3F, 0x5F, 0xC0, 0x0F,
    0xD7, 0xF0, 0x03, 0xF5, 0xFC, 0x00, 0xFD, 0x7F, 0x00, 0x3F, 0x5F, 0xC0, 0x0F, 0xD7, 0xF0, 0x03,
    0xF5, 0xFC, 0x00, 0xFD, 0x00, 0x00, 0x00, 0x00, 0x00, 0x00, 0x03, 0xF0, 0x03, 0xF3, 0xFF, 0x03,
    0xFF, 0xFF, 0xC0, 0xFF, 0xFF, 0xF0, 0x3F, 0xF3, 0xF0, 0x03, 0xF0, 0x01, 0xBF, 0xF8, 0x00, 0xBF,
    0xFF, 0xFE, 0x0B, 0xFF, 0xFF, 0xFF, 0x0E, 0x7F, 0x43, 0xFD, 0x00, 0xFD, 0x03, 0xFC, 0x03, 0xF4,
    0x0B, 0xF0, 0x0F, 0xD0, 0x1F, 0xC0, 0x3F, 0x40, 0x7F, 0x00, 0xFD, 0x02, 0xF8, 0x03, 0xF4, 0x0F,
    0xD0, 0x0F, 0xD0, 0xFE, 0x00, 0x3F, 0x4F, 0xE0, 0x00, 0xFD, 0xFE, 0x00, 0x03, 0xFF, 0xD0, 0x00,
    0x0F, 0xFC, 0x00, 0x00, 0x3F, 0xD0, 0x00, 0x00, 0xFF, 0x00, 0x00, 0x03, 0xFC, 0x00, 0x00, 0x0F,
    0xE0, 0x00, 0x00, 0x00, 0x00, 0x00, 0x00, 0x00, 0x00, 0x00, 0x00, 0x00, 0x00, 0x00, 0x07, 0xD0,
    0x00, 0x00, 0x3F, 0xC0, 0x00, 0x00, 0xFF, 0x00, 0x00, 0x03, 0xFC, 0x00, 0x00, 0x07, 0xD0, 0x00,
    0x00, 0xFF, 0xFF, 0xFF, 0xFF, 0xFF, 0xFF, 0xFF, 0xFF, 0xFF, 0xFF, 0xFF, 0xFF, 0xFF, 0xFF, 0xC0,
    0x00, 0x00, 0x00, 0x00, 0x00, 0x02, 0x80, 0x00, 0x00, 0x00, 0x0D, 0x2D, 0x00, 0x00, 0x00, 0x01,
    0xE0, 0xF0, 0x00, 0x00, 0x00, 0x3C, 0x07, 0xC0, 0x00, 0x00, 0x0F, 0x40, 0x2F, 0x40, 0x00, 0x07,
    0xD0, 0x00, 0xBF, 0x40, 0x0B, 0xF4, 0x00, 0x01, 0xFF, 0xFF, 0xFC, 0x00, 0x00, 0x01, 0xBF, 0xF9,
    0x00, 0x00, 0x00, 0x01, 0xBF, 0xF9, 0x00, 0x00, 0x01, 0xFF, 0xFF, 0xFC, 0x00, 0x00, 0xBF, 0x40,
    0x0B, 0xF4, 0x00, 0x2F, 0x40, 0x00, 0x07, 0xD0, 0x07, 0xC0, 0x00, 0x00, 0x0F, 0x40, 0xF0, 0x00,
    0x00, 0x00, 0x3C, 0x2D, 0x00, 0x00, 0x00, 0x01, 0xE2, 0x80, 0x00, 0x00, 0x00, 0x0D, 0x00, 0x00,
    0x00, 0x00, 0x00, 0x00, 0x00, 0x00, 0x03, 0xD0, 0x00, 0x00, 0x7C, 0x00, 0x00, 0x0F, 0x40, 0x00,
    0x01, 0xF0, 0x00, 0x00, 0x3E, 0x00, 0x00, 0x03, 0xC0, 0x00, 0x00, 0xB8, 0x00, 0x00, 0x0F, 0x40,
    0x00, 0x01, 0xF0, 0x00, 0x00, 0x3D, 0x00, 0x00, 0x07, 0xC0, 0x00, 0x00, 0xB8, 0x00, 0x00, 0x0F,
    0x00, 0x00, 0x02, 0xF0, 0x00, 0x00, 0x3F, 0x00, 0x00, 0x07, 0xF8, 0x00, 0x00, 0xFB, 0xC0, 0x00,
    0x0F, 0x2D, 0x00, 0x02, 0xE1, 0xF0, 0x00, 0x3C, 0x0F, 0x40, 0x0B, 0xC0, 0x78, 0x00, 0xF4, 0x03,
    0xC0, 0x1F, 0x00, 0x2E, 0x03, 0xE0, 0x01, 0xF0, 0x3C, 0x00, 0x0F, 0x40, 0x00, 0x00, 0x00, 0x00,
    0x03, 0xF8, 0x00, 0x00, 0x00, 0x00, 0x00, 0x00, 0x00, 0x00, 0x00, 0x2F, 0x80, 0x00, 0x00, 0x00,
    0x00, 0x00, 0x00, 0x00, 0x00, 0x02, 0xF8, 0x00, 0x00, 0x00, 0x00, 0x00, 0x00, 0x00, 0x00, 0x00,
    0x2F, 0x40, 0x00, 0x00, 0x00, 0x00, 0x00, 0x00, 0x00, 0x00, 0x01, 0xF4, 0x00, 0x00, 0x00, 0x00,
    0x00, 0x00, 0x00, 0x01, 0x00, 0x1F, 0x00, 0x04, 0x00, 0x00, 0x00, 0x00, 0x00, 0x00, 0x7F, 0x80,
    0xF0, 0x6F, 0xD0, 0x00, 0x00, 0x00, 0x00, 0x00, 0x0B, 0xFF, 0xEF, 0xBF, 0xFE, 0x00, 0x00, 0x00,
    0x00, 0x00, 0x00, 0xBF, 0xFF, 0xFF, 0xFF, 0xE0, 0x00, 0x00, 0x00, 0x00, 0x00, 0x00, 0x05, 0xBF,
    0xD5, 0x00, 0x00, 0x00, 0x00, 0x00, 0x00, 0x00, 0x00, 0x0B, 0xFE, 0x00, 0x00, 0x00, 0x00, 0x00,
    0x00, 0x00, 0x00, 0x01, 0xFA, 0xF4, 0x00, 0x00, 0x00, 0x00, 0x00, 0x00, 0x00, 0x00, 0x3F, 0x1F,
    0xC0, 0x00, 0x00, 0x00, 0x00, 0x00, 0x00, 0x00, 0x0F, 0xE0, 0xFE, 0x00, 0x00, 0x00, 0x00, 0x00,
    0x00, 0x00, 0x02, 0xFD, 0x07, 0xF4, 0x00, 0x00, 0x00, 0x00, 0x00, 0x00, 0x00, 0x3F, 0xC0, 0x3F,
    0xC0, 0x00, 0x00, 0x00, 0x00, 0x00, 0x00, 0x00, 0xB4, 0x01, 0xE0, 0x00, 0x00, 0x00, 0x00, 0x00,
    0x1A, 0x80, 0x00, 0x00, 0x00, 0x00, 0x2A, 0x00, 0x00, 0x00, 0x01, 0xFC, 0x00, 0x00, 0x00, 0x00,
    0x07, 0xF0, 0x00, 0x00, 0x00, 0x1F, 0xC0, 0x00, 0x00, 0x00, 0x00, 0x3F, 0x00, 0x00, 0x00, 0x01,
    0xFC, 0x00, 0x00, 0x00, 0x00, 0x03, 0xF0, 0x00, 0x00, 0x00, 0x0F, 0x80, 0x00, 0x00, 0x00, 0x00,
    0x3F, 0x00, 0x00, 0x00, 0x00, 0xF8, 0x00, 0x00, 0x00, 0x00, 0x03, 0xF0, 0x00, 0x03, 0xD0, 0x0F,
    0x40, 0x6E, 0x00, 0x0F, 0x90, 0x2E, 0x00, 0xBC, 0x3F, 0xF9, 0xF9, 0xBF, 0xF0, 0x00, 0xFF, 0xE6,
    0xE6, 0xFF, 0xC7, 0xFF, 0xFF, 0xFF, 0xFF, 0x00, 0x0F, 0xFF, 0xFF, 0xFF, 0xFC, 0x1A, 0xBF, 0xFF,
    0xEA, 0x50, 0x00, 0x5A, 0xBF, 0xFF, 0xA9, 0x40, 0x00, 0x3F, 0xE0, 0x00, 0x00, 0x00, 0x00, 0xFF,
    0xC0, 0x00, 0x00, 0x0B, 0xEF, 0x40, 0x00, 0x00, 0x00, 0x2F, 0xBE, 0x00, 0x00, 0x01, 0xF8, 0xFC,
    0x00, 0x00, 0x00, 0x07, 0xF3, 0xF4, 0x00, 0x00, 0x3F, 0x0B, 0xF0, 0x00, 0x00, 0x00, 0xFD, 0x1F,
    0xC0, 0x00, 0x0F, 0xF0, 0x3F, 0x80, 0x00, 0x00, 0x2F, 0xC0, 0xFE, 0x00, 0x02, 0xFD, 0x02, 0xFD,
    0x00, 0x00, 0x07, 0xF8, 0x07, 0xF4, 0x00, 0x1F, 0xC0, 0x0F, 0x80, 0x00, 0x00, 0x2F, 0x00, 0x3F,
    0x00, 0x00, 0x14, 0x00, 0x80, 0x00, 0x00, 0x00, 0x20, 0x01, 0x40, 0x00, 0xFF, 0xFF, 0xFF, 0xFF,
    0xFF, 0xFF, 0xFC, 0x00, 0x00, 0x00, 0x00, 0x3E, 0x00, 0x00, 0x00, 0x00, 0xBC, 0x00, 0x00, 0x00,
    0x01, 0xF4, 0x00, 0x00, 0x00, 0x03, 0xF0, 0x00, 0x00, 0x00, 0x0B, 0xD0, 0x00, 0x00, 0x00, 0x0F,
    0x80, 0x00, 0x00, 0x00, 0x2F, 0x00, 0x00, 0x00, 0x00, 0x7D, 0x00, 0x00, 0x00, 0x00, 0xFC, 0x00,
    0x00, 0x00, 0x02, 0xF4, 0x00, 0x00, 0x00, 0x03, 0xE0, 0x00, 0x00, 0x00, 0x0F, 0xC0, 0x00, 0x00,
    0x00, 0x1F, 0x40, 0x00, 0x00, 0x00, 0x3F, 0x00, 0x00, 0x00, 0x00, 0xBC, 0x00, 0x00, 0x00, 0x00,
    0xF8, 0x00, 0x00, 0x00, 0x03, 0xF0, 0x00, 0x00, 0x00, 0x07, 0xD0, 0x00, 0x00, 0x00, 0x0F, 0xC0,
    0x00, 0x00, 0x00, 0x2F, 0x00, 0x00, 0x00, 0x00, 0x3E, 0x00, 0x00, 0x00, 0x00, 0xFC, 0x00, 0x00,
    0x00, 0x01, 0xF4, 0x00, 0x00, 0x00, 0x03, 0xF0, 0x00, 0x00, 0x00, 0x0B, 0xC0, 0x00, 0x00, 0x00,
    0x1F, 0x80, 0x00, 0x00, 0x00, 0x3F, 0x00, 0x00, 0x00, 0x00, 0xFF, 0xFF, 0xBF, 0xFF, 0xEF, 0xFF,
    0xF7, 0xF4, 0x00, 0xFD, 0x00, 0x3F, 0x40, 0x0F, 0xD0, 0x03, 0xF4, 0x00, 0xFD, 0x00, 0x3F, 0x40,
    0x0F, 0xD0, 0x03, 0xF4, 0x00, 0xFD, 0x00, 0x3F, 0x40, 0x0F, 0xD0, 0x03, 0xFF, 0xFD, 0xFF, 0xFF,
    0xBF, 0xFF, 0xEF, 0xD0, 0x03, 0xF4, 0x00, 0xFD, 0x00, 0x3F, 0x40, 0x0F, 0xD0, 0x03, 0xF4, 0x00,
    0xFD, 0x00, 0x3F, 0x40, 0x0F, 0xD0, 0x03, 0xF4, 0x00, 0xFD, 0x00, 0x3F, 0x40, 0x0F, 0xD0, 0x03,
    0xFF, 0xFE, 0xFF, 0xFF, 0xBF, 0xFF, 0xD0, 0xFF, 0xFF, 0x7F, 0xFF, 0xDF, 0xFF, 0xF4, 0x00, 0xFD,
    0x00, 0x3F, 0x40, 0x0F, 0xD0, 0x03, 0xF4, 0x00, 0xFD, 0x00, 0x3F, 0x40, 0x0F, 0xD0, 0x03, 0xF4,
    0x00, 0xFD, 0x00, 0x3F, 0x40, 0x0F, 0xD0, 0x03, 0xF7, 0xFF, 0xFD, 0xFF, 0xFF, 0x7F, 0xFF, 0xD0,
    0x03, 0xF4, 0x00, 0xFD, 0x00, 0x3F, 0x40, 0x0F, 0xD0, 0x03, 0xF4, 0x00, 0xFD, 0x00, 0x3F, 0x40,
    0x0F, 0xD0, 0x03, 0xF4, 0x00, 0xFD, 0x00, 0x3F, 0x40, 0x0F, 0xD0, 0x03, 0xF7, 0xFF, 0xFD, 0xFF,
    0xFF, 0x7F, 0xFF, 0xD0, 0x01, 0xBF, 0xF8, 0x00, 0x02, 0xBF, 0xF8, 0x01, 0xFF, 0xFF, 0xFE, 0x01,
    0xFF, 0xFF, 0xFE, 0x0B, 0xFF, 0xFF, 0xFF, 0x0B, 0xFF, 0xFF, 0xFE, 0x0F, 0x40, 0x03, 0xFD, 0x0F,
    0x40, 0x03, 0xFD, 0x00, 0x00, 0x03, 0xF8, 0x00, 0x00, 0x03, 0xF8, 0x00, 0x00, 0x0B, 0xF0, 0x00,
    0x00, 0x0B, 0xF0, 0x00, 0x00, 0x1F, 0xC0, 0x00, 0x00, 0x1F, 0xC0, 0x00, 0x00, 0xBF, 0x00, 0x00,
    0x00, 0xBF, 0x00, 0x00, 0x03, 0xF8, 0x00, 0x00, 0x03, 0xF8, 0x00, 0x00, 0x2F, 0xD0, 0x00, 0x00,
    0x2F, 0xC0, 0x00, 0x01, 0xFE, 0x00, 0x00, 0x02, 0xFE, 0x00, 0x00, 0x2F, 0xE0, 0x00, 0x00, 0x3F,
    0xE0, 0x00, 0x02, 0xFE, 0x00, 0x00, 0x07, 0xFD, 0x00, 0x00, 0x2F, 0xE0, 0x00, 0x00, 0x7F, 0xC0,
    0x00, 0x00, 0xFE, 0x00, 0x00, 0x03, 0xFC, 0x00, 0x00, 0x0B, 0xE0, 0x00, 0x00, 0x1F, 0xC0, 0x00,
    0x00, 0x3F, 0x00, 0x00, 0x00, 0xBD, 0x00, 0x00, 0x00, 0xFC, 0x00, 0x00, 0x03, 0xF0, 0x00, 0x00,
    0x03, 0xF0, 0x00, 0x00, 0x0F, 0xC0, 0x00, 0x00, 0x00, 0x00, 0x00, 0x00, 0x00, 0x00, 0x00, 0x00,
    0x00, 0x00, 0x00, 0x00, 0x00, 0x00, 0x00, 0x00, 0x00, 0x00, 0x00, 0x00, 0x00, 0x00, 0x00, 0x03,
    0xF0, 0x00, 0x00, 0x03, 0xF0, 0x00, 0x00, 0x3F, 0xF0, 0x00, 0x00, 0x3F, 0xF0, 0x00, 0x00, 0xFF,
    0xC0, 0x00, 0x00, 0xFF, 0xC0, 0x00, 0x03, 0xFF, 0x00, 0x00, 0x03, 0xFF, 0x00, 0x00, 0x03, 0xF0,
    0x00, 0x00, 0x03, 0xF0, 0x00, 0x00, 0x06, 0xFF, 0xF8, 0x00, 0x07, 0xFB, 0xFF, 0xFF, 0xF8, 0x00,
    0x7F, 0xBF, 0xFF, 0xFF, 0xE0, 0x07, 0xF3, 0xD0, 0x01, 0xFF, 0x40, 0x7F, 0x00, 0x00, 0x03, 0xF8,
    0x07, 0xF0, 0x00, 0x00, 0x2F, 0xC0, 0x7F, 0x00, 0x00, 0x01, 0xFC, 0x07, 0xF0, 0x00, 0x00, 0x1F,
    0xC0, 0x7F, 0x00, 0x00, 0x02, 0xFC, 0x07, 0xF0, 0x00, 0x00, 0x3F, 0x80, 0x7F, 0x00, 0x00, 0x0F,
    0xF0, 0x07, 0xF0, 0x00, 0x03, 0xFD, 0x00, 0x7F, 0x00, 0x00, 0xFF, 0x40, 0x07, 0xF0, 0x00, 0x3F,
    0xD0, 0x00, 0x7F, 0x00, 0x0F, 0xF4, 0x00, 0x07, 0xF0, 0x01, 0xFD, 0x00, 0x00, 0x7F, 0x00, 0x2F,
    0x80, 0x00, 0x07, 0xF0, 0x03, 0xF0, 0x00, 0x00, 0x7F, 0x00, 0x3F, 0x00, 0x00, 0x07, 0xF0, 0x03,
    0xF0, 0x00, 0x00, 0x7F, 0x00, 0x00, 0x00, 0x00, 0x00, 0x00, 0x00, 0x00, 0x00, 0x00, 0x00, 0x00,
    0x3F, 0x00, 0x00, 0x0F, 0xC0, 0x0F, 0xFC, 0x00, 0x03, 0xFF, 0x00, 0xFF, 0xC0, 0x00, 0x3F, 0xF0,
    0x0F, 0xFC, 0x00, 0x03, 0xFF, 0x00, 0x3F, 0x00, 0x00, 0x0F, 0xC0, 0x7F, 0x00, 0x0A, 0xFF, 0xE0,
    0x07, 0xF0, 0x1F, 0xFF, 0xFF, 0xE0, 0x7F, 0x01, 0xFF, 0xFF, 0xFF, 0x87, 0xF0, 0x0F, 0x80, 0x03,
    0xFD, 0x7F, 0x00, 0x00, 0x00, 0x0F, 0xE7, 0xF0, 0x00, 0x00, 0x00, 0xBF, 0x7F, 0x00, 0x00, 0x00,
    0x07, 0xF7, 0xF0, 0x00, 0x00, 0x00, 0x7F, 0x7F, 0x00, 0x00, 0x00, 0x0B, 0xF7, 0xF0, 0x00, 0x00,
    0x00, 0xFE, 0x7F, 0x00, 0x00, 0x00, 0x3F, 0xC7, 0xF0, 0x00, 0x00, 0x0F, 0xF4, 0x7F, 0x00, 0x00,
    0x03, 0xFD, 0x07, 0xF0, 0x00, 0x00, 0xFF, 0x40, 0x7F, 0x00, 0x00, 0x3F, 0xD0, 0x07, 0xF0, 0x00,
    0x07, 0xF4, 0x00, 0x7F, 0x00, 0x00, 0xBE, 0x00, 0x07, 0xF0, 0x00, 0x0F, 0xC0, 0x00, 0x7F, 0x00,
    0x00, 0xFC, 0x00, 0x07, 0xF0, 0x00, 0x0F, 0xC0, 0x00, 0x00, 0x00, 0x00, 0x00, 0x00, 0x00, 0x00,
    0x00, 0x00, 0x00, 0x00, 0x3F, 0x00, 0x00, 0xFC, 0x00, 0x0F, 0xFC, 0x00, 0x3F, 0xF0, 0x00, 0xFF,
    0xC0, 0x03, 0xFF, 0x00, 0x0F, 0xFC, 0x00, 0x3F, 0xF0, 0x00, 0x3F, 0x00, 0x00, 0xFC, 0x00, 0x00,
    0xFF, 0xFF, 0xFF, 0xFF, 0xFF, 0xFF, 0xFF, 0xFF, 0xFF, 0xFF, 0xFF, 0xFF, 0xFF, 0xF0, 0x00, 0x00,
    0x00, 0xFD, 0x00, 0x00, 0x00, 0x1F, 0x80, 0x00, 0x00, 0x03, 0xF0, 0x00, 0x00, 0x00, 0xBE, 0x00,
    0x00, 0x00, 0x1F, 0xC0, 0x00, 0x00, 0x03, 0xF4, 0x00, 0x00, 0x00, 0xBF, 0x00, 0x00, 0x00, 0x0F,
    0xC0, 0x00, 0x00, 0x02, 0xF8, 0x00, 0x00, 0x00, 0x7F, 0x00, 0x00, 0x00, 0x0F, 0xD0, 0x00, 0x00,
    0x02, 0xFC, 0x00, 0x00, 0x00, 0x3F, 0x40, 0x00, 0x00, 0x0B, 0xE0, 0x00, 0x00, 0x01, 0xFC, 0x00,
    0x00, 0x00, 0x3F, 0x80, 0x00, 0x00, 0x0B, 0xF0, 0x00, 0x00, 0x00, 0xFD, 0x00, 0x00, 0x00, 0xFF,
    0xFF, 0xFF, 0xE0, 0x03, 0xFF, 0xFF, 0xFF, 0xF8, 0x0F, 0x40, 0xFF, 0xFF, 0xF8, 0x3C, 0x03, 0xFF,
    0xFF, 0xF4, 0xF0, 0x0F, 0xFF, 0xFF, 0xE3, 0xC0, 0x3F, 0xFF, 0xFF, 0xCF, 0x00, 0xFF, 0xFF, 0xFF,
    0x7C, 0x03, 0xFF, 0xFF, 0xFD, 0xF0, 0x0F, 0xFF, 0xFF, 0xF7, 0xC0, 0x3F, 0xFF, 0xFF, 0xDF, 0x00,
    0xFF, 0xFF, 0xFF, 0x7C, 0x03, 0xFF, 0xFF, 0xFD, 0xF0, 0x0F, 0xFF, 0xFF, 0xF7, 0xC0, 0x3F, 0xFF,
    0xFF, 0xCF, 0x00, 0xFF, 0xFF, 0xFF, 0x3C, 0x03, 0xFF, 0xFF, 0xF4, 0xF0, 0x0F, 0xFF, 0xFF, 0xC3,
    0xC0, 0x3F, 0xFF, 0xFC, 0x0F, 0x00, 0xFF, 0xFE, 0x40, 0x3C, 0x03, 0xC0, 0x00, 0x00, 0xF0, 0x0F,
    0x00, 0x00, 0x03, 0xC0, 0x3C, 0x00, 0x00, 0x0F, 0x00, 0xF0, 0x00, 0x00, 0x3C, 0x03, 0xC0, 0x00,
    0x00, 0xF0, 0x0F, 0x00, 0x00, 0x03, 0xC0, 0x3C, 0x00, 0x00, 0x0F, 0x00, 0xF0, 0x00, 0x00, 0x3C,
    0x03, 0xC0, 0x00, 0x00, 0xF0, 0x0F, 0x00, 0x00, 0x03, 0xC0, 0x3C, 0x00, 0x00, 0x0F, 0x00, 0xF0,
    0x00, 0x00, 0x3C, 0x03, 0xC0, 0x00, 0x00, 0xF0, 0x0F, 0x00, 0x00, 0x03, 0xC0, 0x3C, 0x00, 0x00,
    0x00, 0x00, 0x00, 0x00, 0x00, 0x00, 0x00, 0x6F, 0xFF, 0xFF, 0xF0, 0x0F, 0xFF, 0xFF, 0xFF, 0xC0,
    0xFF, 0xFF, 0xFF, 0xFF, 0x0B, 0xFF, 0xFF, 0xF0, 0x3C, 0x3F, 0xFF, 0xFF, 0xC0, 0xF1, 0xFF, 0xFF,
    0xFF, 0x03, 0xCB, 0xFF, 0xFF, 0xFC, 0x0F, 0x3F, 0xFF, 0xFF, 0xF0, 0x3C, 0xFF, 0xFF, 0xFF, 0xC0,
    0xF3, 0xFF, 0xFF, 0xFF, 0x03, 0xCF, 0xFF, 0xFF, 0xFC, 0x0F, 0x3F, 0xFF, 0xFF, 0xF0, 0x3C, 0xFF,
    0xFF, 0xFF, 0xC0, 0xF2, 0xFF, 0xFF, 0xFF, 0x03, 0xC7, 0xFF, 0xFF, 0xFC, 0x0F, 0x0F, 0xFF, 0xFF,
    0xF0, 0x3C, 0x2F, 0xFF, 0xFF, 0xC0, 0xF0, 0x3F, 0xFF, 0xFF, 0xFF, 0xC0, 0x3F, 0xFF, 0xFF, 0xFF,
    0x00, 0x1A, 0xFF, 0xFF, 0xFC, 0xFF, 0xFF, 0xFF, 0xE4, 0x03, 0xFF, 0xFF, 0xFF, 0xFC, 0x0F, 0xFF,
    0xFF, 0xFF, 0xFC, 0x3C, 0x03, 0xFF, 0xFF, 0xF8, 0xF0, 0x0F, 0xFF, 0xFF, 0xF3, 0xC0, 0x3F, 0xFF,
    0xFF, 0xDF, 0x00, 0xFF, 0xFF, 0xFF, 0xBC, 0x03, 0xFF, 0xFF, 0xFF, 0xF0, 0x0F, 0xFF, 0xFF, 0xFF,
    0xC0, 0x3F, 0xFF, 0xFF, 0xFF, 0x00, 0xFF, 0xFF, 0xFF, 0xFC, 0x03, 0xFF, 0xFF, 0xFF, 0xF0, 0x0F,
    0xFF, 0xFF, 0xFF, 0xC0, 0x3F, 0xFF, 0xFF, 0xEF, 0x00, 0xFF, 0xFF, 0xFF, 0x7C, 0x03, 0xFF, 0xFF,
    0xFC, 0xF0, 0x0F, 0xFF, 0xFF, 0xE3, 0xFF, 0xFF, 0xFF, 0xFF, 0x0F, 0xFF, 0xFF, 0xFF, 0xE0, 0x3F,
    0xFF, 0xFF, 0xE8, 0x00, 0x00, 0x02, 0xFC, 0x00, 0x00, 0x00, 0x07, 0xF0, 0x00, 0x00, 0x00, 0x1F,
    0xC0, 0x00, 0x00, 0x00, 0x3E, 0x00, 0x00, 0x00, 0x00, 0xF8, 0x00, 0x00, 0x90, 0x03, 0xE0, 0x01,
    0x43, 0xF9, 0x0F, 0x42, 0xFE, 0x1F, 0xFF, 0xFF, 0xFF, 0xFC, 0x7F, 0xFF, 0xFF, 0xFF, 0xF0, 0x00,
    0x5F, 0xF9, 0x00, 0x00, 0x00, 0x7F, 0xF0, 0x00, 0x00, 0x03, 0xF7, 0xE0, 0x00, 0x00, 0x3F, 0x4F,
    0xD0, 0x00, 0x02, 0xFC, 0x1F, 0xC0, 0x00, 0x1F, 0xE0, 0x3F, 0xC0, 0x00, 0xBF, 0x00, 0x7F, 0x40,
    0x00, 0x78, 0x00, 0xE0, 0x00, 0x00, 0x00, 0x00, 0x00, 0x00, 0x3F, 0x03, 0xFF, 0x0F, 0xFC, 0x3F,
    0xF0, 0x3F, 0x00, 0x00, 0x00, 0x00, 0x00, 0x00, 0x00, 0x00, 0x00, 0x00, 0x00, 0x00, 0x00, 0x00,
    0x00, 0x00, 0x00, 0x00, 0x00, 0x00, 0x00, 0x01, 0xFE, 0x03, 0xFC, 0x0F, 0xF0, 0x2F, 0xC0, 0x3F,
    0x40, 0xBE, 0x01, 0xFC, 0x03, 0xF0, 0x07, 0xD0, 0x00, 0x01, 0xBF, 0xF9, 0x00, 0x00, 0x01, 0xFF,
    0xFF, 0xFC, 0x00, 0x00, 0xBF, 0x40, 0x0B, 0xF4, 0x00, 0x2F, 0x40, 0x00, 0x07, 0xD0, 0x07, 0xC0,
    0x00, 0x00, 0x0F, 0x40, 0xF0, 0x00, 0x00, 0x00, 0x3C, 0x2D, 0x00, 0x00, 0x00, 0x01, 0xE2, 0x80,
    0x00, 0x00, 0x00, 0x0E, 0x00, 0x00, 0x00, 0x00, 0x00, 0x00, 0x00, 0x00, 0x00, 0x00, 0x00, 0x00,
    0x00, 0x00, 0x00, 0x00, 0x00, 0x00, 0x00, 0x00, 0x00, 0x00, 0x00, 0x00, 0x00, 0x00, 0x00, 0x00,
    0x00, 0x00, 0x00, 0x00, 0x00, 0x00, 0x00, 0x00, 0x00, 0x00, 0x00, 0x00, 0x00, 0x00, 0x00, 0x00,
    0x00, 0x00, 0x00, 0x00, 0x00, 0x00, 0x00, 0x00, 0x00, 0x00, 0x00, 0x00, 0x00, 0x00, 0x00, 0x00,
    0x00, 0x00, 0x00, 0x00, 0x00, 0x00, 0x00, 0x00, 0x00, 0x00, 0x00, 0x00, 0x00, 0x00, 0x00, 0x00,
    0x00, 0x00, 0x00, 0x00, 0x00, 0x00, 0x00, 0x00, 0x00, 0x00, 0x00, 0x00, 0x00, 0x00, 0x00, 0x00,
    0x00, 0x00, 0x00, 0x00, 0x00, 0x00, 0x00, 0x00, 0x00, 0x00, 0x00, 0x00, 0x00, 0x00, 0x00, 0x00,
    0x00, 0x00, 0x00, 0x00, 0x00, 0x00, 0x00, 0x00, 0x00, 0x00, 0x00, 0x00, 0x00, 0x00, 0x00, 0x00,
    0x00, 0x00, 0x00, 0x00, 0x00, 0x00, 0x00, 0x00, 0x28, 0x00, 0x00, 0x00, 0x00, 0xE2, 0xD0, 0x00,
    0x00, 0x00, 0x2E, 0x0F, 0x00, 0x00, 0x00, 0x07, 0xC0, 0x7C, 0x00, 0x00, 0x01, 0xF4, 0x02, 0xF4,
    0x00, 0x00, 0x7D, 0x00, 0x0B, 0xF4, 0x00, 0xBF, 0x40, 0x00, 0x1F, 0xFF, 0xFF, 0xC0, 0x00, 0x00,
    0x1B, 0xFF, 0x90, 0x00, 0x00, 0x02, 0xFC, 0x00, 0x00, 0x00, 0x07, 0xF0, 0x00, 0x00, 0x00, 0x1F,
    0xC0, 0x00, 0x00, 0x00, 0x3E, 0x00, 0x00, 0x00, 0x00, 0xF8, 0x00, 0x00, 0x90, 0x03, 0xE0, 0x01,
    0x43, 0xF9, 0x0F, 0x46, 0xFE, 0x1F, 0xFF, 0xFF, 0xFF, 0xFC, 0x7F, 0xFF, 0xFF, 0xFF, 0xF0, 0x00,
    0x1F, 0xF9, 0x00, 0x00, 0x00, 0x7F, 0xF0, 0x00, 0x00, 0x03, 0xF7, 0xE0, 0x00, 0x00, 0x3F, 0x4F,
    0xD0, 0x00, 0x02, 0xFC, 0x1F, 0xC0, 0x00, 0x1F, 0xD0, 0x3F, 0xC0, 0x00, 0xBF, 0x00, 0x7F, 0x40,
    0x00, 0x38, 0x00, 0xE0, 0x00, 0x00, 0x00, 0x00, 0x00, 0x00, 0x00, 0x00, 0x00, 0x00, 0x00, 0x00,
    0x6A, 0x00, 0x00, 0x00, 0x01, 0xFC, 0x00, 0x00, 0x00, 0x07, 0xF0, 0x00, 0x00, 0x00, 0x1F, 0xC0,
    0x00, 0x00, 0x00, 0x3E, 0x00, 0x00, 0x00, 0x00, 0xF8, 0x00, 0x00, 0xF4, 0x03, 0xD0, 0x1B, 0x83,
    0xFF, 0x9F, 0x9B, 0xFF, 0x1F, 0xFF, 0xFF, 0xFF, 0xFC, 0x1A, 0xBF, 0xFF, 0xEA, 0x50, 0x00, 0x0F,
    0xF8, 0x00, 0x00, 0x00, 0xFE, 0xF4, 0x00, 0x00, 0x07, 0xE3, 0xF0, 0x00, 0x00, 0x3F, 0x0B, 0xF0,
    0x00, 0x03, 0xF8, 0x0F, 0xE0, 0x00, 0x2F, 0xD0, 0x2F, 0xC0, 0x00, 0x7F, 0x00, 0x3E, 0x00, 0x00,
    0x14, 0x00, 0x80, 0x00, 0x1F, 0x40, 0x03, 0xF3, 0xFC, 0x00, 0x7D, 0x3F, 0xC0, 0x0B, 0xC3, 0xFC,
    0x00, 0xF8, 0x1F, 0x40, 0x1F, 0x40, 0x00, 0x03, 0xF0, 0x00, 0x00, 0x3E, 0x00, 0x00, 0x0B, 0xC0,
    0x00, 0x00, 0xF8, 0x00, 0x00, 0x1F, 0x40, 0x00, 0x02, 0xF0, 0x00, 0x00, 0x3E, 0x00, 0x00, 0x07,
    0xC0, 0x00, 0x00, 0xFC, 0x00, 0x00, 0x0F, 0x40, 0x00, 0x02, 0xF0, 0x00, 0x00, 0x3E, 0x00, 0x00,
    0x07, 0xD0, 0x00, 0x00, 0xFC, 0x00, 0x00, 0x0F, 0x80, 0x00, 0x02, 0xF0, 0x00, 0x00, 0x3F, 0x00,
    0x00, 0x07, 0xD0, 0x07, 0xD0, 0xBC, 0x00, 0xFF, 0x0F, 0x80, 0x0F, 0xF1, 0xF0, 0x00, 0xFF, 0x3F,
    0x00, 0x07, 0xD0, 0x00, 0x2F, 0xFE, 0x90, 0x00, 0x00, 0x00, 0x0B, 0x80, 0xBF, 0xFF, 0xFF, 0xE4,
    0x00, 0x00, 0x03, 0xD0, 0xBF, 0xFF, 0xFF, 0xFF, 0xF9, 0x00, 0x07, 0xF0, 0x7F, 0x00, 0x01, 0xBF,
    0xFF, 0xFF, 0xFF, 0xF0, 0x2E, 0x00, 0x00, 0x00, 0x6F, 0xFF, 0xFF, 0xF0, 0x0F, 0x00, 0x00, 0x00,
    0x00, 0x1B, 0xFF, 0x90, 0x00, 0x00, 0x01, 0xBF, 0xF9, 0x00, 0x00, 0x01, 0xFF, 0xFF, 0xFD, 0x00,
    0x00, 0xBF, 0x40, 0x0B, 0xF4, 0x00, 0x2F, 0x40, 0x00, 0x07, 0xD0, 0x07, 0xC0, 0x00, 0x00, 0x0F,
    0x40, 0xF0, 0x00, 0x00, 0x00, 0x3C, 0x2D, 0x00, 0x00, 0x00, 0x01, 0xE2, 0x80, 0x00, 0x00, 0x00,
    0x0D, 0x00, 0x00, 0x00, 0x00, 0x00, 0x00, 0x00, 0x00, 0x3C, 0x00, 0x00, 0x00, 0x00, 0xF0, 0x00,
    0x00, 0x24, 0x03, 0xC0, 0x20, 0x02, 0xF4, 0x0F, 0x02, 0xF0, 0x07, 0xF0, 0x3C, 0x2F, 0x80, 0x07,
    0xF0, 0xF1, 0xF8, 0x00, 0x07, 0xF7, 0xDF, 0xC0, 0x00, 0x07, 0xFF, 0xFC, 0x00, 0x00, 0x07, 0xFF,
    0xC0, 0x03, 0xFF, 0xFF, 0xFF, 0xFF, 0xFF, 0xFF, 0xFF, 0xFF, 0xFF, 0xFF, 0xFF, 0xFF, 0xFF, 0xFF,
    0x00, 0x0B, 0xFF, 0xD0, 0x00, 0x00, 0xBF, 0xFF, 0xD0, 0x00, 0x0B, 0xE3, 0xCF, 0xD0, 0x00, 0xFE,
    0x0F, 0x0F, 0xD0, 0x0B, 0xE0, 0x3C, 0x0F, 0xC0, 0x09, 0x00, 0xF0, 0x0C, 0x00, 0x00, 0x03, 0xC0,
    0x00, 0x00, 0x00, 0x0F, 0x00, 0x00, 0x00, 0x00, 0x01, 0xF4, 0x00, 0x00, 0x0F, 0xF0, 0x00, 0x00,
    0x3F, 0xC0, 0x00, 0x00, 0xFF, 0x00, 0x00, 0x01, 0xF4, 0x00, 0x00, 0x00, 0x00, 0x00, 0x00, 0x00,
    0x00, 0x00, 0x00, 0x00, 0x00, 0x00, 0x00, 0x00, 0x00, 0x00, 0x00, 0x07, 0xD0, 0x00, 0x00, 0x3F,
    0xC0, 0x00, 0x00, 0xFF, 0x00, 0x00, 0x03, 0xFC, 0x00, 0x00, 0x07, 0xD0, 0x00, 0x00, 0x00, 0x00,
    0x00, 0x00, 0x00, 0x00, 0x00, 0x00, 0x00, 0x00, 0x00, 0x00, 0x00, 0x00, 0x00, 0x00, 0x00, 0x00,
    0x00, 0x00, 0x00, 0x00, 0x00, 0x00, 0x00, 0x00, 0x00, 0x00, 0x00, 0x1F, 0x40, 0x00, 0x00, 0xFF,
    0x00, 0x00, 0x03, 0xFC, 0x00, 0x00, 0x0F, 0xF0, 0x00, 0x00, 0x1F, 0x40, 0x00, 0x3F, 0x42, 0xF8,
    0x0F, 0xC0, 0xFD, 0x00, 0x7F, 0x03, 0xF0, 0x2F, 0x81, 0xFC, 0x00, 0xFC, 0x0B, 0xE0, 0x3F, 0x03,
    0xF4, 0x01, 0xF8, 0x0F, 0xC0, 0xBD, 0x07, 0xE0, 0x03, 0xF0, 0x2F, 0x40, 0xF8, 0x0F, 0xC0, 0x07,
    0xD0, 0x3E, 0x02, 0xF0, 0x0F, 0x40, 0x0F, 0x80, 0x7C, 0x03, 0xE0, 0x2F, 0x00, 0x1F, 0x00, 0xF8,
    0x0B, 0xC0, 0x3D, 0x00, 0x3E, 0x01, 0xF0, 0x0F, 0x40, 0xB8, 0x00, 0x7C, 0x03, 0xD0, 0x2E, 0x00,
    0xF0, 0x00, 0x00, 0x00, 0x01, 0xF4, 0x00, 0x00, 0x00, 0x00, 0x00, 0x0F, 0xF0, 0x00, 0x00, 0x00,
    0x00, 0x00, 0x3F, 0xC0, 0x00, 0x00, 0x00, 0x00, 0x00, 0xFF, 0x00, 0x00, 0x00, 0x00, 0x00, 0x01,
    0xF4, 0x00, 0x00, 0x00, 0x00, 0x00, 0x00, 0x00, 0x00, 0x00, 0x00, 0x00, 0x00, 0x00, 0x00, 0x00,
    0x00, 0x00, 0x00, 0x00, 0x00, 0x00, 0x00, 0x00, 0x00, 0x00, 0x00, 0x00, 0x00, 0x00, 0x00, 0x00,
    0x00, 0x00, 0x00, 0x00, 0x00, 0x07, 0xD0, 0x00, 0x00, 0x00, 0x00, 0x1F, 0x7F, 0xC0, 0x00, 0x00,
    0x00, 0x00, 0xFF, 0xFF, 0x00, 0x00, 0x00, 0x00, 0x03, 0xFF, 0xFC, 0x00, 0x00, 0x00, 0x00, 0x0F,
    0xF7, 0xD0, 0x00, 0x00, 0x00, 0x00, 0x1F, 0x40, 0x00, 0x00, 0x00, 0x00, 0x00, 0x00, 0x00, 0x00,
    0x00, 0x00, 0x00, 0x00, 0x00, 0x00, 0x00, 0x00, 0x00, 0x00, 0x00, 0x00, 0x00, 0x00, 0x00, 0x00,
    0x00, 0x00, 0x00, 0x00, 0x00, 0x00, 0x00, 0x00, 0x00, 0x00, 0x00, 0x00, 0x00, 0x00, 0x00, 0x00,
    0x00, 0x00, 0x00, 0x00, 0x00, 0x00, 0x00, 0x00, 0x00, 0x1F, 0x40, 0x00, 0x00, 0x00, 0x00, 0x00,
    0xFF, 0x00, 0x00, 0x00, 0x00, 0x00, 0x03, 0xFC, 0x00, 0x00, 0x00, 0x00, 0x00, 0x0F, 0xF0, 0x00,
    0x00, 0x00, 0x00, 0x00, 0x1F, 0x40, 0x00, 0x00, 0x00, 0x7D, 0x00, 0x00, 0x00, 0x00, 0x01, 0xF7,
    0xFC, 0x00, 0x00, 0x00, 0x00, 0x0F, 0xFF, 0xF0, 0x00, 0x00, 0x00, 0x00, 0x3F, 0xFF, 0xC0, 0x00,
    0x00, 0x00, 0x00, 0xFF, 0x7D, 0x00, 0x00, 0x00, 0x00, 0x01, 0xF4, 0x00, 0x00, 0x00, 0x00, 0x00,
    0x00, 0x00, 0x00, 0x00, 0x00, 0x00, 0x00, 0x00, 0x00, 0x00, 0x00, 0x00, 0x00, 0x00, 0x00, 0x00,
    0x00, 0x00, 0x00, 0x00, 0x00, 0x00, 0x00, 0x00, 0x00, 0x00, 0x00, 0x00, 0x00, 0x00, 0x00, 0x1F,
    0x40, 0x00, 0x00, 0x00, 0x00, 0x00, 0xFF, 0x00, 0x00, 0x00, 0x00, 0x00, 0x03, 0xFC, 0x00, 0x00,
    0x00, 0x00, 0x00, 0x0F, 0xF0, 0x00, 0x00, 0x00, 0x00, 0x00, 0x1F, 0x40, 0x00, 0x00, 0x00, 0x00,
    0x00, 0x00, 0x00, 0x00, 0x00, 0x00, 0x00, 0x00, 0x00, 0x00, 0x00, 0x00, 0x00, 0x00, 0x00, 0x00,
    0x00, 0x00, 0x00, 0x00, 0x00, 0x00, 0x00, 0x00, 0x00, 0x00, 0x00, 0x00, 0x00, 0x00, 0x00, 0x00,
    0x00, 0x00, 0x00, 0x00, 0x00, 0x00, 0x00, 0x00, 0x00, 0x00, 0x00, 0x00, 0x00, 0x07, 0xD0, 0x00,
    0x00, 0x00, 0x00, 0x1F, 0x7F, 0xC0, 0x00, 0x00, 0x00, 0x00, 0xFF, 0xFF, 0x00, 0x00, 0x00, 0x00,
    0x03, 0xFF, 0xFC, 0x00, 0x00, 0x00, 0x00, 0x0F, 0xF7, 0xD0, 0x00, 0x00, 0x00, 0x00, 0x1F, 0x40,
    0x7D, 0xFF, 0xFF, 0xFF, 0x7D, 0x00, 0x00, 0x00, 0x00, 0x00, 0x00, 0x00, 0x00, 0x00, 0x00, 0x00,
    0x00, 0x00, 0x00, 0x00, 0x00, 0x00, 0x7D, 0xFF, 0xFF, 0xFF, 0x7D, 0x00, 0x00, 0x7D, 0x00, 0x00,
    0x00, 0x00, 0xFF, 0x00, 0x00, 0x00, 0x00, 0xFF, 0x00, 0x00, 0x00, 0x00, 0xFF, 0x00, 0x00, 0x00,
    0x00, 0x7D, 0x00, 0x00, 0x00, 0x00, 0x00, 0x00, 0x00, 0x00, 0x00, 0x00, 0x00, 0x00, 0x00, 0x00,
    0x00, 0x00, 0x00, 0x00, 0x00, 0x00, 0x00, 0x00, 0x00, 0x00, 0x00, 0x00, 0x00, 0x00, 0x00, 0x00,
    0x00, 0x00, 0x00, 0x00, 0x00, 0x00, 0x00, 0x7D, 0x00, 0x00, 0x00, 0x7D, 0xFF, 0x00, 0x00, 0x00,
    0xFF, 0xFF, 0x00, 0x00, 0x00, 0xFF, 0xFF, 0x00, 0x00, 0x00, 0xFF, 0x7D, 0x00, 0x00, 0x00, 0x7D,
    0x00, 0x00, 0x00, 0x00, 0x00, 0x00, 0x00, 0x00, 0x00, 0x00, 0x00, 0x00, 0x00, 0x00, 0x00, 0x00,
    0x00, 0x00, 0x00, 0x00, 0x00, 0x00, 0x00, 0x00, 0x00, 0x00, 0x00, 0x00, 0x00, 0x00, 0x00, 0x00,
    0x00, 0x00, 0x00, 0x00, 0x00, 0x7D, 0x00, 0x00, 0x00, 0x00, 0xFF, 0x00, 0x00, 0x00, 0x00, 0xFF,
    0x00, 0x00, 0x00, 0x00, 0xFF, 0x00, 0x00, 0x00, 0x00, 0x7D, 0x00, 0x00, 0x00, 0x00, 0x01, 0xFC,
    0x00, 0x00, 0x00, 0x00, 0x00, 0x07, 0xF0, 0x00, 0x00, 0x00, 0x00, 0x00, 0x1F, 0xC0, 0x00, 0x00,
    0x00, 0x7D, 0x00, 0x7F, 0x00, 0x1F, 0x40, 0x03, 0xFC, 0x01, 0xFC, 0x00, 0xFF, 0x00, 0x0F, 0xF0,
    0x07, 0xF0, 0x03, 0xFC, 0x00, 0x3F, 0xC0, 0x1F, 0xC0, 0x0F, 0xF0, 0x00, 0x7D, 0x00, 0x7F, 0x00,
    0x1F, 0x40, 0x00, 0x00, 0x01, 0xFC, 0x00, 0x00, 0x00, 0x00, 0x00, 0x07, 0xF0, 0x00, 0x00, 0x00,
    0x00, 0x00, 0x1F, 0xC0, 0x00, 0x00, 0x00, 0x00, 0x00, 0x7F, 0x00, 0x00, 0x00, 0x00, 0x00, 0x01,
    0xFC, 0x00, 0x00, 0x03, 0xFF, 0xFF, 0xFF, 0xFF, 0xFF, 0xFF, 0xFF, 0xFF, 0xFF, 0xFF, 0xFF, 0xFF,
    0xFF, 0xFF, 0xFF, 0xFF, 0xFF, 0xFF, 0xFF, 0xFF, 0x00, 0x00, 0x01, 0xFC, 0x00, 0x00, 0x00, 0x00,
    0x00, 0x07, 0xF0, 0x00, 0x00, 0x00, 0x00, 0x00, 0x1F, 0xC0, 0x00, 0x00, 0x00, 0x00, 0x00, 0x7F,
    0x00, 0x00, 0x00, 0x00, 0x00, 0x01, 0xFC, 0x00, 0x00, 0x00, 0x07, 0xD0, 0x07, 0xF0, 0x01, 0xF4,
    0x00, 0x3F, 0xC0, 0x1F, 0xC0, 0x0F, 0xF0, 0x00, 0xFF, 0x00, 0x7F, 0x00, 0x3F, 0xC0, 0x03, 0xFC,
    0x01, 0xFC, 0x00, 0xFF, 0x00, 0x07, 0xD0, 0x07, 0xF0, 0x01, 0xF4, 0x00, 0x00, 0x00, 0x1F, 0xC0,
    0x00, 0x00, 0x00, 0x00, 0x00, 0x7F, 0x00, 0x00, 0x00, 0x00, 0x00, 0x01, 0xFC, 0x00, 0x00, 0x00,
    0x3F, 0x3F, 0xFF, 0xFF, 0xFF, 0x3F, 0x00, 0x00, 0x00, 0x00, 0x00, 0x00, 0x00, 0x00, 0xFC, 0xFF,
    0xFF, 0xFF, 0xFC, 0xFC, 0x00, 0x00, 0x00, 0x00, 0x00, 0x00, 0x00, 0x03, 0xF3, 0xFF, 0xFF, 0xFF,
    0xF3, 0xF0, 0x3F, 0x3F, 0xFF, 0xFF, 0xFF, 0x3F, 0x00, 0x03, 0xF3, 0xFF, 0xFF, 0xFF, 0xF3, 0xF0,
    0x00, 0x00, 0x00, 0x03, 0xF3, 0xFF, 0xFF, 0xFF, 0xF3, 0xF0, 0x00, 0x00, 0x00, 0x03, 0xF3, 0xFF,
    0xFF, 0xFF, 0xF3, 0xF0, 0xFF, 0xFF, 0xFF, 0xFF, 0xF0, 0x3C, 0x00, 0x0F, 0x00, 0x03, 0xC0, 0x00,
    0xF0, 0x00, 0x3C, 0x03, 0xFF, 0xFF, 0x03, 0xC0, 0x00, 0xF0, 0x00, 0x3C, 0x00, 0x0F, 0x00, 0x03,
    0xC0, 0x00, 0xF0, 0x00, 0x3C, 0x00, 0x0F, 0x00, 0x03, 0xC0, 0x00, 0xF0, 0x00, 0x3C, 0x00, 0x0F,
    0x00, 0x03, 0xC0, 0x00, 0xF0, 0x00, 0x3C, 0x00, 0x0F, 0x00, 0x03, 0xC0, 0x00, 0xF0, 0x00, 0x3C,
    0x00, 0x0F, 0x00, 0x03, 0xC0, 0x00, 0xF0, 0x00, 0x3C, 0x00, 0x0A, 0x00, 0x3F, 0xFF, 0x8F, 0xFF,
    0xE3, 0x00, 0x28, 0xC0, 0x0A, 0x30, 0x02, 0x8C, 0x00, 0xA3, 0x00, 0x28, 0xFF, 0xFE, 0x00, 0xF0,
    0x00, 0x3C, 0x00, 0x0F, 0x00, 0x03, 0xC0, 0x00, 0xF0, 0x00, 0x3C, 0x00, 0x0F, 0x00, 0x03, 0xC0,
    0x00, 0xF0, 0x00, 0x3C, 0x00, 0x0F, 0x00, 0x03, 0xC0, 0x00, 0xF0, 0x00, 0x3C, 0x00, 0x0F, 0x00,
    0x03, 0xC0, 0x00, 0xF0, 0x00, 0x3C, 0x00, 0x0F, 0x00, 0x03, 0xC0, 0x00, 0xF0, 0x00, 0x3C, 0x00,
    0x0F, 0x00, 0x02, 0x80, 0x2A, 0xAA, 0x83, 0xFF, 0xFC, 0x2F, 0xFF, 0x40, 0xFF, 0xF0, 0x0B, 0xFD,
    0x00, 0x3F, 0xC0, 0x01, 0xF4, 0x00, 0x0F, 0x00, 0x00, 0xF0, 0x00, 0x0F, 0x00, 0x00, 0xF0, 0x00,
    0x0F, 0x00, 0x00, 0xF0, 0x00, 0x0F, 0x00, 0x00, 0xF0, 0x00, 0x0F, 0x00, 0x00, 0xF0, 0x00, 0x0F,
    0x00, 0x00, 0xF0, 0x00, 0x0F, 0x00, 0x00, 0xF0, 0x00, 0x0F, 0x00, 0x00, 0xF0, 0x00, 0x0F, 0x00,
    0x00, 0xF0, 0x00, 0x0F, 0x00, 0x00, 0xF0, 0x00, 0x0F, 0x00, 0x00, 0xF0, 0x00, 0x0F, 0x00, 0x00,
    0xF0, 0x00, 0x0F, 0x00, 0x00, 0x00, 0x00, 0x0E, 0x00, 0x01, 0xF0, 0x00, 0x3F, 0x80, 0x07, 0xFD,
    0x00, 0xFF, 0xF0, 0x2F, 0xFF, 0x43, 0xFF, 0xFC, 0x2A, 0xFA, 0x80, 0x0F, 0x00, 0x00, 0xF0, 0x00,
    0x0F, 0x00, 0x00, 0xF0, 0x00, 0x0F, 0x00, 0x00, 0xF0, 0x00, 0x0F, 0x00, 0x00, 0xF0, 0x00, 0x0F,
    0x00, 0x00, 0xF0, 0x00, 0x0F, 0x00, 0x00, 0xF0, 0x00, 0x0F, 0x00, 0x00, 0xF0, 0x00, 0x0F, 0x00,
    0x00, 0xF0, 0x00, 0x0F, 0x00, 0x00, 0xF0, 0x00, 0x0F, 0x00, 0x00, 0xF0, 0x00, 0x0F, 0x00, 0x00,
    0xF0, 0x00, 0x0F, 0x00, 0x00, 0x40, 0x00, 0x1F, 0x40, 0x07, 0xBD, 0x02, 0xE0, 0xB4, 0x78, 0x03,
    0xC2, 0xE0, 0xF4, 0x07, 0xFD, 0x00, 0x1F, 0x40, 0x00, 0xF0, 0x00, 0x0F, 0x00, 0x00, 0xF0, 0x00,
    0x0F, 0x00, 0x00, 0xF0, 0x00, 0x0F, 0x00, 0x00, 0xF0, 0x00, 0x0F, 0x00, 0x00, 0xF0, 0x00, 0x0F,
    0x00, 0x00, 0xF0, 0x00, 0x0F, 0x00, 0x00, 0xF0, 0x00, 0x0F, 0x00, 0x00, 0xF0, 0x00, 0x0F, 0x00,
    0x00, 0xF0, 0x00, 0x0F, 0x00, 0x00, 0xF0, 0x00, 0x0F, 0x00, 0x00, 0xF0, 0x00, 0x0F, 0x00, 0x00,
    0xF0, 0x00, 0x0F, 0x00, 0xFF, 0xC0, 0x3F, 0xF0, 0x00, 0x3C, 0x00, 0x0F, 0x00, 0x03, 0xC0, 0x00,
    0xF0, 0x00, 0x3C, 0x03, 0xFF, 0xFF, 0x03, 0xC0, 0x00, 0xF0, 0x00, 0x3C, 0x00, 0x0F, 0x00, 0x03,
    0xC0, 0x00, 0xF0, 0x00, 0x3C, 0x00, 0x0F, 0x00, 0x03, 0xC0, 0x00, 0xF0, 0x00, 0x3C, 0x00, 0x0F,
    0x00, 0x03, 0xC0, 0x00, 0xF0, 0x00, 0x3C, 0x00, 0x0F, 0x00, 0x03, 0xC0, 0x00, 0xF0, 0x00, 0x3C,
    0x00, 0x0F, 0x00, 0x03, 0xC0, 0x00, 0xF0, 0x00, 0x3C, 0x00, 0x0A, 0x00, 0x00, 0x14, 0x00, 0x07,
    0xFF, 0x80, 0x1F, 0xFF, 0xF0, 0x3F, 0x42, 0xF8, 0x7D, 0x00, 0xBC, 0xBC, 0x00, 0x7D, 0xFC, 0x00,
    0x3E, 0xFC, 0x00, 0x3E, 0xF8, 0x00, 0x3E, 0xF8, 0x00, 0x3E, 0xFC, 0x00, 0x3E, 0xFC, 0x00, 0x3E,
    0xBC, 0x00, 0x7D, 0x3E, 0x00, 0xFC, 0x3F, 0x97, 0xF8, 0x0F, 0xFF, 0xF0, 0x02, 0xFF, 0x40, 0xB3,
    0xCA, 0x00, 0x03, 0xCF, 0x3C, 0xF3, 0xCF, 0x3C, 0xF3, 0xCF, 0x3C, 0xF0, 0x00, 0x03, 0xF0, 0x00,
    0x0B, 0xF0, 0x00, 0x1F, 0xF0, 0x00, 0x3F, 0xF0, 0x00, 0xF6, 0xF0, 0x02, 0xE2, 0xF0, 0x07, 0xC2,
    0xF0, 0x0F, 0x42, 0xF0, 0x2E, 0x02, 0xF0, 0x7C, 0x02, 0xF0, 0xFF, 0xFF, 0xFF, 0xFF, 0xFF, 0xFF,
    0x55, 0x57, 0xF5, 0x00, 0x02, 0xF0, 0x00, 0x02, 0xF0, 0x00, 0x02, 0xF0, 0x15, 0x55, 0x50, 0xFF,
    0xFF, 0xC3, 0xFF, 0xFF, 0x1F, 0x00, 0x00, 0x7C, 0x00, 0x01, 0xF0, 0x00, 0x07, 0xC5, 0x00, 0x2F,
    0xFF, 0xD0, 0xBF, 0xFF, 0xE0, 0x40, 0x1F, 0xD0, 0x00, 0x1F, 0x80, 0x00, 0x3E, 0x00, 0x00, 0xF9,
    0x00, 0x0B, 0xDF, 0x95, 0xBF, 0x3F, 0xFF, 0xF4, 0x2F, 0xFE, 0x00, 0x00, 0x6F, 0xF0, 0x03, 0xFF,
    0xF4, 0x0F, 0xF5, 0x50, 0x2F, 0x40, 0x00, 0x3E, 0x00, 0x00, 0xBC, 0x00, 0x00, 0xBC, 0xBF, 0x90,
    0xFB, 0xFF, 0xF4, 0xFF, 0x96, 0xFC, 0xFD, 0x00, 0x7E, 0xFC, 0x00, 0x3E, 0xFC, 0x00, 0x3E, 0xBC,
    0x00, 0x3E, 0x7E, 0x00, 0xBD, 0x2F, 0x96, 0xFC, 0x0F, 0xFF, 0xF0, 0x01, 0xFF, 0x80, 0x55, 0x55,
    0x57, 0xFF, 0xFF, 0xFF, 0xFF, 0xFF, 0xC0, 0x00, 0x3E, 0x00, 0x01, 0xF0, 0x00, 0x0F, 0x80, 0x00,
    0x7D, 0x00, 0x03, 0xF0, 0x00, 0x1F, 0x40, 0x00, 0xBC, 0x00, 0x03, 0xE0, 0x00, 0x2F, 0x00, 0x00,
    0xF8, 0x00, 0x0B, 0xC0, 0x00, 0x3F, 0x00, 0x01, 0xF4, 0x00, 0x0F, 0xC0, 0x00, 0x06, 0xFE, 0x40,
    0xBF, 0xFF, 0x87, 0xF5, 0x7F, 0x6F, 0x00, 0x3E, 0xBC, 0x00, 0xFA, 0xF4, 0x07, 0xD3, 0xF8, 0x7F,
    0x03, 0xFF, 0xE0, 0x0B, 0xFF, 0x80, 0xFD, 0x7F, 0xCB, 0xD0, 0x2F, 0xBF, 0x00, 0x3F, 0xF8, 0x00,
    0xBF, 0xF0, 0x03, 0xFB, 0xF5, 0x7F, 0x4F, 0xFF, 0xF8, 0x07, 0xFE, 0x40, 0x02, 0xFE, 0x40, 0x1F,
    0xFF, 0xE0, 0x3F, 0x97, 0xF4, 0xBD, 0x00, 0xFC, 0xFC, 0x00, 0x7D, 0xF8, 0x00, 0x3E, 0xFC, 0x00,
    0x3E, 0xFC, 0x00, 0xBE, 0x7F, 0x97, 0xFE, 0x2F, 0xFF, 0x7E, 0x07, 0xFD, 0x3D, 0x00, 0x00, 0x7C,
    0x00, 0x00, 0xFC, 0x00, 0x02, 0xF4, 0x15, 0x6F, 0xE0, 0x2F, 0xFF, 0x80, 0x1F, 0xF9, 0x00, 0x00,
    0xF0, 0x00, 0x0F, 0x00, 0x00, 0xF0, 0x05, 0x5F, 0x55, 0xFF, 0xFF, 0xFF, 0xFF, 0xFF, 0x00, 0xF0,
    0x00, 0x0F, 0x00, 0x00, 0xF0, 0x00, 0x0F, 0x00, 0xFF, 0xFF, 0xFA, 0xAA, 0xAA, 0x55, 0x55, 0x5F,
    0xFF, 0xFF, 0xFF, 0xFF, 0xF0, 0x00, 0x00, 0x55, 0x55, 0x5F, 0xFF, 0xFF, 0xFF, 0xFF, 0xF0, 0x02,
    0xF0, 0x1F, 0x00, 0xF8, 0x0B, 0xC0, 0x3E, 0x01, 0xF4, 0x0B, 0xC0, 0x3F, 0x00, 0xFC, 0x03, 0xE0,
    0x0F, 0x80, 0x3F, 0x00, 0xFC, 0x02, 0xF0, 0x07, 0xD0, 0x0F, 0x80, 0x2F, 0x00, 0x3E, 0x00, 0x7C,
    0x00, 0xBC, 0x3D, 0x00, 0x7C, 0x00, 0xFC, 0x01, 0xF4, 0x03, 0xE0, 0x0B, 0xC0, 0x1F, 0x40, 0x3E,
    0x00, 0xF8, 0x03, 0xE0, 0x0F, 0x80, 0x3E, 0x00, 0xF8, 0x07, 0xD0, 0x2F, 0x00, 0xF8, 0x07, 0xD0,
    0x3E, 0x01, 0xF0, 0x0F, 0x40, 0xF4, 0xBF, 0x93, 0xEF, 0xFF, 0xDF, 0xE0, 0x1F, 0xFF, 0x00, 0x3F,
    0xFC, 0x00, 0xBF, 0xE0, 0x02, 0xFF, 0x80, 0x0B, 0xFE, 0x00, 0x2F, 0xF8, 0x00, 0xBF, 0xE0, 0x02,
    0xFF, 0x80, 0x0B, 0xFE, 0x00, 0x2F, 0x02, 0xFF, 0x40, 0x0F, 0xFF, 0xE0, 0x3F, 0xDB, 0xF4, 0x3E,
    0x00, 0xFC, 0xBC, 0x00, 0xBC, 0xFC, 0x00, 0x7D, 0xFC, 0x00, 0x3E, 0xF8, 0x00, 0x3E, 0xF8, 0x00,
    0x3E, 0xF8, 0x00, 0x3E, 0xFC, 0x00, 0x3E, 0xFC, 0x00, 0x7D, 0xBC, 0x00, 0xBC, 0x3E, 0x00, 0xFC,
    0x2F, 0xD7, 0xF4, 0x0F, 0xFF, 0xE0, 0x02, 0xFF, 0x40, 0x00, 0xBE, 0x03, 0xFE, 0x1F, 0xFE, 0xBF,
    0x3E, 0x78, 0x3E, 0x10, 0x3E, 0x00, 0x3E, 0x00, 0x3E, 0x00, 0x3E, 0x00, 0x3E, 0x00, 0x3E, 0x00,
    0x3E, 0x00, 0x3E, 0x00, 0x3E, 0x00, 0x3E, 0x00, 0x3E, 0x00, 0x3E, 0x06, 0xFE, 0x40, 0xBF, 0xFF,
    0x8B, 0xF9, 0xBF, 0x4D, 0x00, 0x7E, 0x00, 0x00, 0xF8, 0x00, 0x03, 0xE0, 0x00, 0x1F, 0x40, 0x00,
    0xFC, 0x00, 0x0B, 0xC0, 0x00, 0xBD, 0x00, 0x0B, 0xD0, 0x00, 0xBD, 0x00, 0x0B, 0xD0, 0x00, 0xBD,
    0x00, 0x0B, 0xF5, 0x55, 0x7F, 0xFF, 0xFE, 0xFF, 0xFF, 0xF8, 0x00, 0x54, 0x00, 0x7F, 0xFF, 0x0B,
    0xFF, 0xFF, 0x1F, 0x40, 0xFD, 0x00, 0x00, 0xF8, 0x00, 0x03, 0xE0, 0x00, 0x1F, 0x40, 0x01, 0xFC,
    0x0B, 0xFF, 0xC0, 0x2F, 0xFE, 0x00, 0x55, 0xBF, 0x00, 0x00, 0x3F, 0x00, 0x00, 0xBC, 0x00, 0x03,
    0xF4, 0x00, 0x1F, 0xFE, 0x96, 0xFD, 0xFF, 0xFF, 0xE0, 0x7F, 0xF9, 0x00, 0x00, 0x03, 0xF0, 0x00,
    0x0B, 0xF0, 0x00, 0x1F, 0xF0, 0x00, 0x3F, 0xF0, 0x00, 0xBA, 0xF0, 0x00, 0xF2, 0xF0, 0x03, 0xD2,
    0xF0, 0x0B, 0xC2, 0xF0, 0x0F, 0x02, 0xF0, 0x3E, 0x02, 0xF0, 0x7C, 0x02, 0xF0, 0xFF, 0xFF, 0xFF,
    0xFF, 0xFF, 0xFF, 0x55, 0x57, 0xF5, 0x00, 0x02, 0xF0, 0x00, 0x02, 0xF0, 0x00, 0x02, 0xF0, 0x3F,
    0xFF, 0xF0, 0xFF, 0xFF, 0xC3, 0xD5, 0x55, 0x1F, 0x00, 0x00, 0x7C, 0x00, 0x01, 0xF0, 0x00, 0x0B,
    0xFF, 0xE0, 0x2F, 0xFF, 0xF4, 0x29, 0x6F, 0xF0, 0x00, 0x0B, 0xD0, 0x00, 0x0F, 0x80, 0x00, 0x3E,
    0x00, 0x00, 0xF9, 0x00, 0x0B, 0xDF, 0x96, 0xFF, 0x3F, 0xFF, 0xF0, 0x2F, 0xFE, 0x00, 0x00, 0x05,
    0x50, 0x01, 0xFF, 0xF4, 0x07, 0xFF, 0xF4, 0x1F, 0xD0, 0x00, 0x3F, 0x00, 0x00, 0x7D, 0x00, 0x00,
    0xBC, 0x00, 0x00, 0xFC, 0x7F, 0x90, 0xFA, 0xFF, 0xF4, 0xFF, 0x96, 0xFC, 0xFD, 0x00, 0xBE, 0xFC,
    0x00, 0x3E, 0xFC, 0x00, 0x3E, 0xBC, 0x00, 0x3E, 0x7E, 0x00, 0xBD, 0x2F, 0xD7, 0xFC, 0x0F, 0xFF,
    0xF0, 0x01, 0xFF, 0x80, 0x55, 0x55, 0x57, 0xFF, 0xFF, 0xFF, 0xFF, 0xFF, 0xC0, 0x00, 0x3E, 0x00,
    0x01, 0xF0, 0x00, 0x0F, 0xC0, 0x00, 0x7D, 0x00, 0x02, 0xF0, 0x00, 0x0F, 0x40, 0x00, 0xBC, 0x00,
    0x03, 0xE0, 0x00, 0x1F, 0x00, 0x00, 0xFC, 0x00, 0x07, 0xD0, 0x00, 0x3F, 0x00, 0x00, 0xF8, 0x00,
    0x0B, 0xC0, 0x00, 0x19, 0x00, 0x00, 0x00, 0x54, 0x00, 0x2F, 0xFF, 0x03, 0xFF, 0xFF, 0x1F, 0x80,
    0xBE, 0xBC, 0x00, 0xFA, 0xF0, 0x03, 0xE7, 0xE0, 0x1F, 0x4F, 0xF6, 0xF8, 0x0B, 0xFF, 0x40, 0x3F,
    0xFF, 0x03, 0xF0, 0xBF, 0x2F, 0x00, 0x7E, 0xFC, 0x00, 0xFF, 0xE0, 0x02, 0xFF, 0xC0, 0x0F, 0xEF,
    0xE6, 0xFD, 0x3F, 0xFF, 0xE0, 0x1F, 0xF9, 0x00, 0x00, 0x54, 0x00, 0x0B, 0xFF, 0x80, 0x2F, 0xFF,
    0xF0, 0x7F, 0x02, 0xF8, 0xBC, 0x00, 0xBC, 0xFC, 0x00, 0x3D, 0xF8, 0x00, 0x3E, 0xFC, 0x00, 0x3E,
    0xFD, 0x00, 0xBE, 0x7F, 0x9B, 0xFE, 0x2F, 0xFF, 0x7E, 0x07, 0xFC, 0x3D, 0x00, 0x00, 0x7C, 0x00,
    0x00, 0xFC, 0x00, 0x02, 0xF4, 0x19, 0x6F, 0xE0, 0x2F, 0xFF, 0x80, 0x1F, 0xF9, 0x00, 0x00, 0xF0,
    0x00, 0x0F, 0x00, 0x00, 0xF0, 0x00, 0x0F, 0x00, 0x55, 0xF5, 0x5F, 0xFF, 0xFF, 0xFF, 0xFF, 0xF0,
    0x0F, 0x00, 0x00, 0xF0, 0x00, 0x0F, 0x00, 0x00, 0xF0, 0x00, 0xAA, 0xAA, 0xAF, 0xFF, 0xFF, 0x55,
    0x55, 0x5F, 0xFF, 0xFF, 0xFF, 0xFF, 0xF0, 0x00, 0x00, 0x55, 0x55, 0x5F, 0xFF, 0xFF, 0xFF, 0xFF,
    0xF0, 0x02, 0xF0, 0x1F, 0x00, 0xF8, 0x0B, 0xC0, 0x3F, 0x01, 0xF4, 0x0B, 0xC0, 0x3F, 0x00, 0xFC,
    0x03, 0xE0, 0x0F, 0x80, 0x3E, 0x00, 0xFC, 0x03, 0xF0, 0x0B, 0xC0, 0x1F, 0x40, 0x3F, 0x00, 0xBC,
    0x00, 0xF8, 0x01, 0xF0, 0x02, 0xF0, 0x3D, 0x00, 0xBC, 0x00, 0xF8, 0x01, 0xF0, 0x03, 0xE0, 0x0B,
    0xC0, 0x1F, 0x00, 0x7D, 0x00, 0xF8, 0x03, 0xE0, 0x0F, 0x80, 0x3E, 0x00, 0xF8, 0x07, 0xD0, 0x1F,
    0x00, 0xBC, 0x03, 0xE0, 0x1F, 0x00, 0xF8, 0x0B, 0xC0, 0x3D, 0x00, 0x06, 0xFF, 0x80, 0x7F, 0xBF,
    0xC0, 0x40, 0x0F, 0x80, 0x00, 0x1F, 0x00, 0x00, 0x3C, 0x06, 0xAB, 0xF2, 0xFF, 0xFF, 0xEF, 0x40,
    0x0F, 0xF4, 0x00, 0x7F, 0xD0, 0x02, 0xFF, 0x80, 0x1F, 0xDF, 0xEF, 0xDF, 0x1B, 0xF8, 0x3C, 0x02,
    0xFF, 0x40, 0x0F, 0xEF, 0xE0, 0x3E, 0x00, 0xF4, 0x7C, 0x00, 0x7C, 0xF4, 0x00, 0x3C, 0xFE, 0xAA,
    0xBC, 0xFF, 0xFF, 0xFC, 0xF0, 0x00, 0x00, 0xF4, 0x00, 0x00, 0x7C, 0x00, 0x00, 0x3E, 0x00, 0x04,
    0x0F, 0xFB, 0xF8, 0x01, 0xFF, 0xE0, 0x02, 0xFF, 0x80, 0x0F, 0xEF, 0xF0, 0x3E, 0x00, 0xBC, 0x7C,
    0x00, 0x3D, 0xF4, 0x00, 0x1F, 0xF4, 0x00, 0x1F, 0xF0, 0x00, 0x0F, 0xF4, 0x00, 0x1F, 0xF4, 0x00,
    0x1F, 0x7C, 0x00, 0x3D, 0x3E, 0x00, 0xBC, 0x0F, 0xEB, 0xF0, 0x02, 0xFF, 0x80, 0x3D, 0x00, 0x2F,
    0x07, 0xC0, 0x0F, 0x00, 0xBC, 0x0F, 0x40, 0x0F, 0x4B, 0x80, 0x00, 0xF7, 0xC0, 0x00, 0x1F, 0xD0,
    0x00, 0x03, 0xF0, 0x00, 0x02, 0xFE, 0x00, 0x01, 0xF3, 0xC0, 0x00, 0xF4, 0x7C, 0x00, 0xF8, 0x0B,
    0x80, 0x7C, 0x00, 0xF4, 0x3C, 0x00, 0x1F, 0x00, 0x2F, 0xFE, 0x00, 0x7F, 0xBF, 0xD0, 0x00, 0x01,
    0xF0, 0x00, 0x00, 0xB8, 0x00, 0x00, 0x3C, 0x00, 0x00, 0x3C, 0xFF, 0xFF, 0xFC, 0xFE, 0xAA, 0xBC,
    0xF4, 0x00, 0x3C, 0xB8, 0x00, 0xB8, 0x3D, 0x01, 0xF0, 0x1F, 0xEF, 0xD0, 0x06, 0xFE, 0x00, 0xF8,
    0x00, 0x03, 0xE0, 0x00, 0x0F, 0x80, 0x00, 0x3E, 0x00, 0x00, 0xF8, 0x00, 0x03, 0xE2, 0xFE, 0x0F,
    0xBF, 0xFF, 0x3F, 0xC0, 0x7E, 0xFC, 0x00, 0xFF, 0xF0, 0x02, 0xFF, 0x80, 0x0B, 0xFE, 0x00, 0x2F,
    0xF8, 0x00, 0xBF, 0xE0, 0x02, 0xFF, 0x80, 0x0B, 0xFE, 0x00, 0x2F, 0xF8, 0x00, 0xBF, 0xE0, 0x02,
    0xF0, 0xF8, 0x00, 0x00, 0xF8, 0x00, 0x00, 0xF8, 0x00, 0x00, 0xF8, 0x00, 0x00, 0xF8, 0x00, 0x00,
    0xF8, 0x00, 0xF8, 0xF8, 0x03, 0xE0, 0xF8, 0x0F, 0x80, 0xF8, 0x3E, 0x00, 0xF8, 0xF8, 0x00, 0xFA,
    0xF0, 0x00, 0xFF, 0xF4, 0x00, 0xFE, 0x7C, 0x00, 0xF8, 0x2F, 0x00, 0xF8, 0x0F, 0x80, 0xF8, 0x03,
    0xD0, 0xF8, 0x01, 0xF0, 0xF8, 0x00, 0xBC, 0xFB, 0xEF, 0xBE, 0xFB, 0xEF, 0xBE, 0xFB, 0xEF, 0xBE,
    0xFB, 0xEF, 0xBE, 0xFB, 0xE0, 0xF4, 0xBF, 0x80, 0xBF, 0x83, 0xEF, 0xFF, 0xCF, 0xFF, 0xCF, 0xF0,
    0x2F, 0xE0, 0x2F, 0x7F, 0x00, 0x3F, 0x00, 0x3E, 0xFC, 0x00, 0xFC, 0x00, 0xFB, 0xE0, 0x03, 0xE0,
    0x03, 0xEF, 0x80, 0x0F, 0x80, 0x0F, 0xBE, 0x00, 0x3E, 0x00, 0x3E, 0xF8, 0x00, 0xF8, 0x00, 0xFB,
    0xE0, 0x03, 0xE0, 0x03, 0xEF, 0x80, 0x0F, 0x80, 0x0F, 0xBE, 0x00, 0x3E, 0x00, 0x3E, 0xF8, 0x00,
    0xF8, 0x00, 0xF8, 0xF4, 0xBF, 0x83, 0xEF, 0xFF, 0xCF, 0xF0, 0x1F, 0xBF, 0x00, 0x3F, 0xFC, 0x00,
    0xBF, 0xE0, 0x02, 0xFF, 0x80, 0x0B, 0xFE, 0x00, 0x2F, 0xF8, 0x00, 0xBF, 0xE0, 0x02, 0xFF, 0x80,
    0x0B, 0xFE, 0x00, 0x2F, 0xF8, 0x00, 0xBC, 0xF4, 0xBF, 0x80, 0xFB, 0xFF, 0xF0, 0xFF, 0x01, 0xFC,
    0xFC, 0x00, 0xBD, 0xFC, 0x00, 0x3E, 0xF8, 0x00, 0x3E, 0xF8, 0x00, 0x3E, 0xF8, 0x00, 0x3E, 0xFC,
    0x00, 0x7E, 0xFC, 0x00, 0xBD, 0xFF, 0x01, 0xFC, 0xFF, 0xFF, 0xF0, 0xF8, 0xBF, 0x80, 0xF8, 0x00,
    0x00, 0xF8, 0x00, 0x00, 0xF8, 0x00, 0x00, 0xF8, 0x00, 0x00, 0xF8, 0x00, 0x00, 0x0B, 0xFE, 0x07,
    0xFF, 0xF8, 0xF4, 0x01, 0x0F, 0x00, 0x00, 0xF8, 0x00, 0x03, 0xF8, 0x00, 0x07, 0xFD, 0x00, 0x02,
    0xF4, 0x00, 0x07, 0xC0, 0x00, 0x3C, 0x80, 0x0B, 0xCF, 0xFF, 0xF4, 0x6F, 0xF8, 0x00, 0x06, 0x00,
    0x0F, 0x00, 0x0F, 0x00, 0xBF, 0xFF, 0xFF, 0xFF, 0x2F, 0x00, 0x2F, 0x00, 0x2F, 0x00, 0x2F, 0x00,
    0x2F, 0x00, 0x2F, 0x00, 0x2F, 0x00, 0x2F, 0x00, 0x2F, 0x80, 0x0F, 0xFF, 0x02, 0xFE, 0x00, 0x6F,
    0xF9, 0x00, 0x00, 0x0B, 0xFF, 0xFF, 0x00, 0x00, 0xFF, 0xFF, 0xF8, 0x00, 0x0B, 0xF8, 0x00, 0x80,
    0x00, 0x3F, 0xC0, 0x00, 0x00, 0x01, 0xFC, 0x00, 0x00, 0x00, 0x0B, 0xF0, 0x00, 0x00, 0x00, 0x3F,
    0x80, 0x00, 0x00, 0x00, 0xFD, 0x00, 0x7F, 0xFF, 0xFB, 0xF4, 0x01, 0xFF, 0xFF, 0xEF, 0xD0, 0x07,
    0xFF, 0xFF, 0x7F, 0x80, 0x1F, 0xC0, 0x00, 0xFE, 0x00, 0x7F, 0x00, 0x02, 0xFC, 0x01, 0xFC, 0x00,
    0x03, 0xF8, 0x07, 0xF0, 0x00, 0x0B, 0xFD, 0x1F, 0xC0, 0x00, 0x0F, 0xFF, 0xFF, 0xFF, 0xF0, 0x0B,
    0xFF, 0xFF, 0xFF, 0xC0, 0x01, 0xBF, 0xFF, 0xFF, 0x00, 0x00, 0x1F, 0xC0, 0x00, 0x00, 0x00, 0x7F,
    0x00, 0x00, 0x00, 0x01, 0xFC, 0x00, 0x00, 0x00, 0x07, 0xF0, 0x00, 0x00, 0x00, 0x1F, 0xC0, 0x00,
    0x00, 0x00, 0x7F, 0xFF, 0xF4, 0x00, 0x01, 0xFF, 0xFF, 0xE0, 0x00, 0x07, 0xFF, 0xFF, 0x80, 0x00,
    0x00, 0x2E, 0x03, 0xC0, 0x00, 0x00, 0x3E, 0x07, 0xC0, 0x00, 0x00, 0x3D, 0x0B, 0xC0, 0x00, 0x00,
    0xBF, 0xFF, 0x80, 0x00, 0x1F, 0xFF, 0xFF, 0xF8, 0x00, 0xBF, 0xFF, 0xFF, 0xF8, 0x02, 0xFF, 0xF8,
    0x1F, 0xF0, 0x0B, 0xFD, 0xF4, 0x2F, 0x10, 0x0F, 0xF1, 0xF0, 0x3E, 0x00, 0x2F, 0xC1, 0xF0, 0x3D,
    0x00, 0x3F, 0x42, 0xE0, 0x3C, 0x00, 0x7F, 0x03, 0xE0, 0x7C, 0x00, 0xBF, 0x03, 0xD0, 0xBC, 0x00,
    0xFE, 0x07, 0xC0, 0xF8, 0x00, 0xFD, 0x07, 0xC0, 0xF4, 0x00, 0xFD, 0x0B, 0x80, 0xF0, 0x00, 0xFD,
    0x0F, 0x81, 0xF0, 0x00, 0xFE, 0x0F, 0x42, 0xF0, 0x00, 0xFE, 0x1F, 0x03, 0xE0, 0x00, 0xBF, 0x1F,
    0x03, 0xD0, 0x00, 0x7F, 0x6E, 0x03, 0xC0, 0x00, 0x3F, 0xFE, 0x07, 0xC0, 0x00, 0x2F, 0xFD, 0x0B,
    0xC0, 0x00, 0x0F, 0xFC, 0x0F, 0x80, 0x00, 0x07, 0xFF, 0x4F, 0x41, 0xB0, 0x01, 0xFF, 0xFF, 0xFF,
    0xF0, 0x00, 0xFF, 0xFF, 0xFF, 0xF0, 0x00, 0xF5, 0xBF, 0xFE, 0x40, 0x00, 0xF0, 0x2E, 0x00, 0x00,
    0x01, 0xF0, 0x3D, 0x00, 0x00, 0x02, 0xF0, 0x3C, 0x00, 0x00, 0x01, 0x90, 0x28, 0x00, 0x00, 0x00,
    0x01, 0xBF, 0xF9, 0x00, 0x00, 0xBF, 0xFF, 0xFF, 0x80, 0x0F, 0xFF, 0xFF, 0xFE, 0x00, 0xFF, 0xD0,
    0x00, 0xB0, 0x0B, 0xF8, 0x00, 0x00, 0x00, 0x7F, 0x80, 0x00, 0x00, 0x02, 0xFC, 0x00, 0x00, 0x00,
    0x0F, 0xD0, 0x00, 0x00, 0x00, 0x7F, 0x00, 0x00, 0x00, 0x02, 0xFC, 0x02, 0xA0, 0x6E, 0x4F, 0xE0,
    0x0F, 0xCB, 0xFE, 0x3F, 0x80, 0x3F, 0xFF, 0xF4, 0xFD, 0x00, 0xFF, 0xE0, 0x03, 0xF4, 0x03, 0xFD,
    0x00, 0x0F, 0xD0, 0x0F, 0xF0, 0x00, 0x3F, 0x80, 0x3F, 0x80, 0x00, 0xFE, 0x00, 0xFD, 0x00, 0x02,
    0xFC, 0x03, 0xF4, 0x00, 0x07, 0xF0, 0x0F, 0xD0, 0x00, 0x0F, 0xD0, 0x3F, 0x40, 0x00, 0x3F, 0xC0,
    0xFD, 0x00, 0x00, 0x7F, 0x83, 0xF4, 0x00, 0x00, 0xFF, 0x4F, 0xD0, 0x00, 0x00, 0xFF, 0xBF, 0x41,
    0xB0, 0x01, 0xFF, 0xFF, 0xFF, 0xC0, 0x00, 0xFF, 0xFF, 0xFF, 0x00, 0x00, 0x6F, 0xFF, 0x90, 0x00,
    0x03, 0xFF, 0xFF, 0xFF, 0xE0, 0x3F, 0xFF, 0xFF, 0xFE, 0x03, 0xFF, 0xFF, 0xFF, 0xD0, 0x3F, 0x40,
    0x00, 0x00, 0x03, 0xF4, 0x00, 0x00, 0x00, 0x3F, 0x40, 0x00, 0x00, 0x03, 0xF4, 0x00, 0x00, 0x00,
    0x3F, 0x40, 0x00, 0x00, 0x03, 0xF4, 0x00, 0x00, 0x00, 0x3F, 0x40, 0x00, 0x00, 0x03, 0xF4, 0x00,
    0x00, 0x00, 0x3F, 0x40, 0x00, 0x00, 0x03, 0xFF, 0xFF, 0xFF, 0xC0, 0x3F, 0xFF, 0xFF, 0xFC, 0x03,
    0xFF, 0xFF, 0xFF, 0xC0, 0x3F, 0x40, 0x00, 0x00, 0x03, 0xF4, 0x00, 0x00, 0x00, 0x3F, 0x40, 0x00,
    0x00, 0x03, 0xF4, 0x00, 0x00, 0x0F, 0xFF, 0xFF, 0xF0, 0x00, 0xFF, 0xFF, 0xFF, 0x00, 0x0F, 0xFF,
    0xFF, 0xF0, 0x00, 0x03, 0xF4, 0x00, 0x00, 0x00, 0x3F, 0x40, 0x00, 0x00, 0x03, 0xF4, 0x00, 0x00,
    0x00, 0x3F, 0x40, 0x00, 0x00, 0x03, 0xF4, 0x00, 0x00, 0x00, 0x00, 0x01, 0xBF, 0xFA, 0x00, 0x00,
    0x3F, 0xFF, 0xFF, 0xC0, 0x03, 0xFF, 0xFF, 0xFE, 0x00, 0x2F, 0xE0, 0x00, 0x74, 0x00, 0xFE, 0x00,
    0x00, 0x00, 0x03, 0xF0, 0x00, 0x00, 0x00, 0x1F, 0xC0, 0x00, 0x00, 0x00, 0x7F, 0x00, 0x00, 0x00,
    0x01, 0xFC, 0x00, 0x00, 0x00, 0x07, 0xF0, 0x00, 0x00, 0x0F, 0xFF, 0xFF, 0xFF, 0xC0, 0x3F, 0xFF,
    0xFF, 0xFF, 0x00, 0xFF, 0xFF, 0xFF, 0xFC, 0x00, 0x07, 0xF0, 0x00, 0x00, 0x00, 0x1F, 0xC0, 0x00,
    0x00, 0x3F, 0xFF, 0xFF, 0xFF, 0x00, 0xFF, 0xFF, 0xFF, 0xFC, 0x03, 0xFF, 0xFF, 0xFF, 0xF0, 0x00,
    0x1F, 0xC0, 0x00, 0x00, 0x00, 0x7F, 0x00, 0x00, 0x00, 0x02, 0xFC, 0x00, 0x00, 0x00, 0x0F, 0xD0,
    0x00, 0x00, 0x00, 0x7F, 0x00, 0x00, 0x00, 0x07, 0xF4, 0x00, 0x00, 0x00, 0xFF, 0xFF, 0xFF, 0xFF,
    0xFF, 0xFF, 0xFF, 0xFF, 0xFF, 0xFF, 0xFF, 0xFF, 0xFF, 0xFF, 0xC0, 0x00, 0x00, 0x00, 0x00, 0x06,
    0x40, 0x00, 0x00, 0x00, 0x00, 0x00, 0x03, 0xE0, 0x00, 0x00, 0x00, 0x00, 0x00, 0x01, 0xF0, 0x00,
    0x00, 0x00, 0x00, 0x00, 0x00, 0xF8, 0x00, 0x00, 0x00, 0x00, 0x00, 0x00, 0x7C, 0x00, 0x00, 0x3F,
    0x01, 0xFF, 0x90, 0x3F, 0xBF, 0xE4, 0x0F, 0xC3, 0xFF, 0xFF, 0x1F, 0xFF, 0xFF, 0x83, 0xF7, 0xFF,
    0xFF, 0xFB, 0xFF, 0xFF, 0xF4, 0xFF, 0xE0, 0x03, 0xFF, 0xF4, 0x01, 0xFF, 0x3F, 0xE0, 0x00, 0x3F,
    0xF4, 0x00, 0x1F, 0xDF, 0xF0, 0x00, 0x0B, 0xF8, 0x00, 0x03, 0xF7, 0xFC, 0x00, 0x01, 0xFD, 0x00,
    0x00, 0xFE, 0xFE, 0x00, 0x00, 0x7F, 0x00, 0x00, 0x3F, 0xBF, 0x40, 0x00, 0x2F, 0xC0, 0x00, 0x0F,
    0xEF, 0xD0, 0x00, 0x0F, 0xF0, 0x00, 0x03, 0xFB, 0xF4, 0x00, 0x07, 0xFC, 0x00, 0x00, 0xFE, 0xFD,
    0x00, 0x03, 0xFF, 0x00, 0x00, 0x3F, 0xBF, 0x40, 0x00, 0xFF, 0xC0, 0x00, 0x0F, 0xEF, 0xD0, 0x00,
    0xBF, 0xF0, 0x00, 0x03, 0xFB, 0xF4, 0x00, 0x3F, 0xFC, 0x00, 0x00, 0xFE, 0xFD, 0x00, 0x2F, 0x7F,
    0x00, 0x00, 0x3F, 0xBF, 0x40, 0x0F, 0x5F, 0xC0, 0x00, 0x0F, 0xEF, 0xD0, 0x07, 0xC7, 0xF0, 0x00,
    0x03, 0xFB, 0xF4, 0x03, 0xE1, 0xFC, 0x00, 0x00, 0xFE, 0xFD, 0x01, 0xF0, 0x7F, 0x00, 0x00, 0x3F,
    0xBF, 0x40, 0xF8, 0x1F, 0xC0, 0x00, 0x0F, 0xE0, 0x00, 0x7C, 0x00, 0x00, 0x00, 0x00, 0x00, 0x00,
    0x3F, 0x00, 0x00, 0x00, 0x00, 0x00, 0x00, 0x0F, 0x40, 0x00, 0x00, 0x00, 0x00, 0x00, 0x0B, 0xC0,
    0x00, 0x00, 0x00, 0x00, 0x00, 0x07, 0xFC, 0x00, 0x07, 0xF0, 0x01, 0xFF, 0x80, 0x01, 0xFC, 0x00,
    0x7F, 0xF0, 0x00, 0x7F, 0x00, 0x1F, 0xFD, 0x00, 0x1F, 0xC0, 0x07, 0xFF, 0x80, 0x07, 0xF0, 0x01,
    0xFE, 0xF0, 0x01, 0xFC, 0x00, 0x7F, 0x7D, 0x00, 0x7F, 0x00, 0x1F, 0xCF, 0xC0, 0x1F, 0xC0, 0x07,
    0xF2, 0xF0, 0x07, 0xF0, 0x3F, 0xFF, 0xFF, 0xFF, 0xFF, 0xFF, 0xFF, 0xFF, 0xFF, 0xFF, 0xFD, 0x6F,
    0xD7, 0xF9, 0x6F, 0xD5, 0x07, 0xF0, 0x7E, 0x07, 0xF0, 0x01, 0xFC, 0x0F, 0xC1, 0xFC, 0x0F, 0xFF,
    0xFF, 0xFF, 0xFF, 0xFF, 0xFF, 0xFF, 0xFF, 0xFF, 0xFF, 0xFF, 0xFF, 0xFF, 0xFF, 0xFF, 0xC1, 0xFC,
    0x02, 0xF5, 0xFC, 0x00, 0x7F, 0x00, 0x3E, 0x7F, 0x00, 0x1F, 0xC0, 0x0F, 0xDF, 0xC0, 0x07, 0xF0,
    0x02, 0xFB, 0xF0, 0x01, 0xFC, 0x00, 0x3F, 0xFC, 0x00, 0x7F, 0x00, 0x0F, 0xFF, 0x00, 0x1F, 0xC0,
    0x02, 0xFF, 0xC0, 0x07, 0xF0, 0x00, 0x3F, 0xF0, 0x01, 0xFC, 0x00, 0x0F, 0xFC, 0x00, 0x7F, 0x00,
    0x02, 0xFF, 0x00, 0xFF, 0xFF, 0x90, 0x00, 0x00, 0x00, 0x3F, 0xFF, 0xFF, 0x80, 0x00, 0x00, 0x0F,
    0xFF, 0xFF, 0xF8, 0x00, 0x00, 0x03, 0xF4, 0x01, 0xFF, 0x40, 0x00, 0x00, 0xFD, 0x00, 0x0F, 0xF0,
    0x00, 0x00, 0x3F, 0x40, 0x01, 0xFC, 0x00, 0x00, 0x0F, 0xD0, 0x00, 0x3F, 0x40, 0x00, 0x03, 0xF4,
    0x00, 0x0F, 0xD0, 0x2D, 0x00, 0xFD, 0x00, 0x03, 0xF4, 0x0F, 0x40, 0x3F, 0x40, 0x00, 0xFC, 0x0B,
    0xD0, 0x0F, 0xD0, 0x00, 0xBF, 0x03, 0xF4, 0x03, 0xF4, 0x00, 0x7F, 0x9B, 0xFF, 0xFC, 0xFD, 0x01,
    0xBF, 0xCF, 0xFF, 0xFF, 0x3F, 0xFF, 0xFF, 0xC3, 0xFF, 0xFF, 0xCF, 0xFF, 0xFF, 0x80, 0x03, 0xF4,
    0x03, 0xFF, 0xE9, 0x00, 0x00, 0xFD, 0x00, 0xFD, 0x00, 0x00, 0x00, 0x3F, 0x40, 0x3F, 0x40, 0x00,
    0x00, 0x0F, 0xD0, 0x0F, 0xD0, 0x00, 0x00, 0x03, 0xF4, 0x03, 0xF4, 0x00, 0x00, 0x00, 0xFD, 0x00,
    0xFD, 0x00, 0x00, 0x00, 0x3F, 0x40, 0x3F, 0x40, 0x00, 0x00, 0x0F, 0xD0, 0x0F, 0xD0, 0x00, 0x00,
    0x03, 0xF8, 0x03, 0xF4, 0x00, 0x00, 0x00, 0xFF, 0x00, 0xFD, 0x00, 0x00, 0x00, 0x2F, 0xFF, 0xFF,
    0x40, 0x00, 0x00, 0x03, 0xFF, 0xFF, 0xD0, 0x00, 0x00, 0x00, 0x2F, 0xFC, 0xFF, 0xFF, 0x90, 0x00,
    0x00, 0x00, 0x03, 0xFF, 0xFF, 0xF0, 0x00, 0x00, 0x00, 0x0F, 0xFF, 0xFF, 0xF0, 0x00, 0x00, 0x00,
    0x3F, 0x40, 0x2F, 0xE0, 0x00, 0x00, 0x00, 0xFD, 0x00, 0x2F, 0xC0, 0x00, 0x00, 0x03, 0xF4, 0x00,
    0x3F, 0x40, 0x00, 0x00, 0x0F, 0xD0, 0x00, 0xFD, 0x00, 0x6F, 0xF9, 0x3F, 0x40, 0x03, 0xF4, 0x0B,
    0xFF, 0xFE, 0xFD, 0x00, 0x0F, 0xD0, 0xBF, 0xFF, 0xF7, 0xF4, 0x00, 0x7F, 0x03, 0xF8, 0x01, 0x8F,
    0xD0, 0x02, 0xFC, 0x1F, 0xC0, 0x00, 0x3F, 0x40, 0x2F, 0xD0, 0x7F, 0x00, 0x00, 0xFF, 0xFF, 0xFE,
    0x01, 0xFD, 0x00, 0x03, 0xFF, 0xFF, 0xD0, 0x03, 0xFC, 0x00, 0x0F, 0xFF, 0xFE, 0x00, 0x0B, 0xFE,
    0x00, 0x3F, 0x40, 0xFC, 0x00, 0x0B, 0xFF, 0x40, 0xFD, 0x03, 0xF4, 0x00, 0x07, 0xFF, 0x83, 0xF4,
    0x07, 0xF0, 0x00, 0x02, 0xFF, 0xCF, 0xD0, 0x0F, 0xD0, 0x00, 0x00, 0xFF, 0x7F, 0x40, 0x2F, 0x80,
    0x00, 0x00, 0xFF, 0xFD, 0x00, 0x7F, 0x00, 0x00, 0x01, 0xFF, 0xF4, 0x00, 0xFE, 0x00, 0x00, 0x07,
    0xFF, 0xD0, 0x02, 0xFC, 0x00, 0x00, 0x2F, 0xFF, 0x40, 0x03, 0xF4, 0x74, 0x01, 0xFE, 0xFD, 0x00,
    0x0F, 0xF1, 0xFF, 0xFF, 0xF3, 0xF4, 0x00, 0x1F, 0xD7, 0xFF, 0xFF, 0x4F, 0xD0, 0x00, 0x3F, 0xC6,
    0xFF, 0xE0, 0x00, 0xBD, 0x00, 0x0B, 0xF0, 0x00, 0x7E, 0x7D, 0x00, 0x0F, 0xF0, 0x00, 0x7D, 0x7E,
    0x00, 0x0F, 0xF0, 0x00, 0xBD, 0x3F, 0x00, 0x1F, 0xF4, 0x00, 0xBC, 0x3F, 0x00, 0x1F, 0xF8, 0x00,
    0xFC, 0x3F, 0x00, 0x2E, 0xBC, 0x00, 0xFC, 0x2F, 0x40, 0x3E, 0xBC, 0x00, 0xF8, 0x1F, 0x40, 0x3D,
    0x7C, 0x01, 0xF4, 0x1F, 0x80, 0x3D, 0x3D, 0x01, 0xF4, 0x0F, 0x80, 0x7C, 0x3D, 0x02, 0xF0, 0x0F,
    0xC0, 0xBC, 0x3E, 0x03, 0xF0, 0x0F, 0xC0, 0xBC, 0x2F, 0x03, 0xF0, 0xFF, 0xFF, 0xFF, 0xFF, 0xFF,
    0xFF, 0xFF, 0xFF, 0xFF, 0xFF, 0xFF, 0xFF, 0x5B, 0xF6, 0xF9, 0x6F, 0x9B, 0xE5, 0x03, 0xE1, 0xF0,
    0x0F, 0x87, 0xC0, 0x03, 0xF2, 0xF0, 0x0F, 0x8B, 0xC0, 0x02, 0xF2, 0xF0, 0x0B, 0xCB, 0xC0, 0x02,
    0xF3, 0xE0, 0x07, 0xCF, 0x80, 0x01, 0xF3, 0xE0, 0x07, 0xCF, 0x80, 0x00, 0xF7, 0xD0, 0x03, 0xDF,
    0x40, 0x00, 0xFB, 0xC0, 0x03, 0xEF, 0x00, 0x00, 0xFF, 0xC0, 0x03, 0xFF, 0x00, 0x00, 0xBF, 0xC0,
    0x02, 0xFF, 0x00, 0x00, 0xBF, 0x80, 0x01, 0xFE, 0x00, 0x00, 0x7F, 0x40, 0x00, 0xFE, 0x00, 0x00,
    0x3F, 0x40, 0x00, 0xFD, 0x00, 0xFF, 0xFF, 0xFE, 0x40, 0x00, 0x7F, 0xFF, 0xFF, 0xFF, 0xF0, 0x00,
    0x7F, 0xFF, 0xFF, 0xFF, 0xFC, 0x00, 0x7F, 0xFD, 0x00, 0x02, 0xFF, 0x00, 0x7F, 0xFD, 0x00, 0x00,
    0xBF, 0x40, 0x7F, 0xFD, 0x00, 0x00, 0x3F, 0x80, 0x7F, 0xFD, 0x07, 0xF0, 0x2F, 0xC0, 0x7F, 0xFD,
    0x07, 0xF0, 0x1F, 0xC0, 0x7F, 0xFD, 0x07, 0xF0, 0x1F, 0xC0, 0x7F, 0xFD, 0x07, 0xF0, 0x1F, 0xC0,
    0x7F, 0xFD, 0x07, 0xF0, 0x1F, 0xC0, 0x7F, 0xFD, 0x07, 0xF0, 0x1F, 0xC0, 0x7F, 0xFD, 0x07, 0xF0,
    0x1F, 0xC0, 0x7F, 0xFD, 0x07, 0xF0, 0x1F, 0xC0, 0x7F, 0xFD, 0x07, 0xF0, 0x1F, 0xC0, 0x7F, 0xFD,
    0x07, 0xF0, 0x1F, 0xC0, 0x7F, 0xFD, 0x07, 0xF0, 0x1F, 0xC0, 0x7F, 0xFD, 0x07, 0xF0, 0x1F, 0xC0,
    0x7F, 0xFD, 0x07, 0xF0, 0x1F, 0xC0, 0x7F, 0xFD, 0x07, 0xF0, 0x1F, 0xC0, 0x7F, 0xFD, 0x07, 0xF0,
    0x00, 0x00, 0xBF, 0xFD, 0x07, 0xF0, 0x00, 0x00, 0xFE, 0xFD, 0x07, 0xF0, 0x00, 0x02, 0xFC, 0xFD,
    0x07, 0xF0, 0x00, 0x0B, 0xFC, 0xFD, 0x07, 0xFA, 0xAA, 0xFF, 0xF0, 0xFD, 0x07, 0xFF, 0xFF, 0xFF,
    0xC0, 0xFD, 0x07, 0xFF, 0xFF, 0xF9, 0x00, 0x00, 0x00, 0x00, 0x07, 0xF0, 0x00, 0x00, 0x00, 0x01,
    0xFC, 0x00, 0x00, 0x00, 0x00, 0x7F, 0x00, 0x00, 0x0F, 0xFF, 0xFF, 0xFF, 0x00, 0x03, 0xFF, 0xFF,
    0xFF, 0xC0, 0x00, 0xFF, 0xFF, 0xFF, 0xF0, 0x00, 0x00, 0x00, 0x7F, 0x00, 0x00, 0x00, 0x00, 0x1F,
    0xC0, 0x00, 0x2F, 0xF9, 0x07, 0xF0, 0x00, 0x7F, 0xFF, 0xF1, 0xFC, 0x00, 0xBF, 0xFF, 0xFF, 0x7F,
    0x00, 0x7F, 0xD0, 0x07, 0xFF, 0xC0, 0x3F, 0xC0, 0x00, 0x3F, 0xF0, 0x1F, 0xD0, 0x00, 0x07, 0xFC,
    0x0B, 0xF0, 0x00, 0x00, 0xFF, 0x03, 0xF8, 0x00, 0x00, 0x2F, 0xC0, 0xFE, 0x00, 0x00, 0x0B, 0xF0,
    0x3F, 0x40, 0x00, 0x01, 0xFC, 0x0F, 0xD0, 0x00, 0x00, 0x7F, 0x03, 0xF4, 0x00, 0x00, 0x1F, 0xC0,
    0xFE, 0x00, 0x00, 0x07, 0xF0, 0x3F, 0x80, 0x00, 0x02, 0xFC, 0x0B, 0xF0, 0x00, 0x00, 0xFF, 0x01,
    0xFD, 0x00, 0x00, 0x3F, 0xC0, 0x3F, 0xC0, 0x00, 0x3F, 0xF0, 0x07, 0xFD, 0x00, 0x7F, 0xFC, 0x00,
    0xBF, 0xFF, 0xFF, 0x7F, 0x00, 0x0B, 0xFF, 0xFF, 0x0F, 0xC0, 0x00, 0x2F, 0xF9, 0x03, 0xF0, 0x00,
    0x00, 0x00, 0x00, 0x00, 0x00, 0x00, 0x00, 0x00, 0x00, 0x00, 0x00, 0x00, 0x00, 0x00, 0x00, 0x0F,
    0xFF, 0xFF, 0xFF, 0xFC, 0x03, 0xFF, 0xFF, 0xFF, 0xFF, 0x00, 0xFF, 0xFF, 0xFF, 0xFF, 0xC0, 0x00,
    0x00, 0x1B, 0xFF, 0x90, 0x00, 0x00, 0x7F, 0xFF, 0xFF, 0x80, 0x00, 0xBF, 0xFF, 0xFF, 0xF0, 0x00,
    0xBF, 0xD0, 0x01, 0xB0, 0x00, 0x7F, 0x80, 0x00, 0x00, 0x00, 0x3F, 0xC0, 0x00, 0x00, 0x00, 0x1F,
    0xC0, 0x00, 0x00, 0x00, 0x0B, 0xE0, 0x00, 0x00, 0x00, 0x03, 0xF4, 0x00, 0x00, 0x00, 0x3F, 0xFF,
    0xFF, 0xFF, 0x00, 0x0F, 0xFF, 0xFF, 0xFF, 0xC0, 0x03, 0xFF, 0xFF, 0xFF, 0xF0, 0x00, 0x07, 0xF0,
    0x00, 0x00, 0x00, 0x01, 0xFC, 0x00, 0x00, 0x00, 0x0A, 0xBF, 0xAA, 0xAA, 0x00, 0x03, 0xFF, 0xFF,
    0xFF, 0xC0, 0x00, 0xFF, 0xFF, 0xFF, 0xF0, 0x00, 0x00, 0xFD, 0x00, 0x00, 0x00, 0x00, 0x2F, 0x80,
    0x00, 0x00, 0x00, 0x07, 0xF0, 0x00, 0x00, 0x00, 0x00, 0xFE, 0x00, 0x00, 0x00, 0x00, 0x2F, 0xC0,
    0x00, 0x00, 0x00, 0x03, 0xFC, 0x00, 0x00, 0x00, 0x00, 0x7F, 0xE0, 0x00, 0x64, 0x00, 0x07, 0xFF,
    0xFF, 0xFE, 0x00, 0x00, 0x7F, 0xFF, 0xFF, 0x40, 0x00, 0x01, 0xBF, 0xF9, 0x00, 0x03, 0xF4, 0x00,
    0x00, 0x7F, 0x40, 0x3F, 0x40, 0x00, 0x0F, 0xE0, 0x03, 0xF4, 0x00, 0x03, 0xF8, 0x00, 0x3F, 0x40,
    0x00, 0xFF, 0x00, 0x03, 0xF4, 0x00, 0x2F, 0xC0, 0x00, 0x3F, 0x40, 0x0B, 0xF0, 0x00, 0x03, 0xF4,
    0x01, 0xFD, 0x00, 0x00, 0x3F, 0x40, 0x7F, 0x40, 0x00, 0x03, 0xF4, 0x0F, 0xE0, 0x00, 0x00, 0x3F,
    0x43, 0xF8, 0x00, 0x00, 0x03, 0xF4, 0xFF, 0x00, 0x00, 0x0A, 0xBF, 0xAF, 0xEA, 0xAA, 0x80, 0xFF,
    0xFF, 0xFF, 0xFF, 0xFC, 0x0F, 0xFF, 0xFF, 0xFF, 0xFF, 0xC0, 0x03, 0xFF, 0x7F, 0x40, 0x00, 0x00,
    0x3F, 0xD1, 0xFC, 0x00, 0x00, 0x03, 0xF4, 0x0B, 0xF0, 0x00, 0x00, 0x3F, 0x40, 0x3F, 0x80, 0x00,
    0x03, 0xF4, 0x01, 0xFD, 0x00, 0x00, 0x3F, 0x40, 0x0B, 0xF0, 0x00, 0x03, 0xF4, 0x00, 0x3F, 0x80,
    0x00, 0x3F, 0x40, 0x01, 0xFD, 0x00, 0x03, 0xF4, 0x00, 0x0B, 0xF0, 0x00, 0x3F, 0x40, 0x00, 0x3F,
    0xC0, 0x03, 0xF4, 0x00, 0x01, 0xFD, 0x00, 0x3F, 0x40, 0x00, 0x0B, 0xF0, 0x03, 0xF4, 0x00, 0x00,
    0x3F, 0xC0, 0xFF, 0xFF, 0xFF, 0xFF, 0xFF, 0xFF, 0xFF, 0xFF, 0xFF, 0xFF, 0xFF, 0xFF, 0xFF, 0xFF,
    0xFF, 0x00, 0x00, 0x7F, 0x00, 0x00, 0x00, 0x00, 0x7F, 0x00, 0x00, 0x00, 0x00, 0x7F, 0x00, 0x00,
    0x00, 0x00, 0x7F, 0x02, 0x80, 0x00, 0x00, 0x7F, 0x0F, 0xC0, 0x00, 0x00, 0x7F, 0x7F, 0x80, 0x00,
    0x00, 0x7F, 0xFD, 0x00, 0x00, 0x00, 0x7F, 0xF0, 0x00, 0x00, 0x01, 0xFF, 0x80, 0x00, 0x00, 0x0B,
    0xFF, 0x00, 0x00, 0x00, 0x3F, 0xFF, 0x02, 0x80, 0x02, 0xFE, 0xBF, 0x1F, 0xD0, 0x03, 0xF4, 0x7F,
    0xBF, 0x80, 0x01, 0x80, 0x7F, 0xFC, 0x00, 0x00, 0x00, 0x7F, 0xE0, 0x00, 0x00, 0x01, 0xFF, 0x40,
    0x00, 0x00, 0x0F, 0xFF, 0x00, 0x00, 0x00, 0x7F, 0xFF, 0x00, 0x00, 0x03, 0xFD, 0x7F, 0x00, 0x00,
    0x03, 0xF0, 0x7F, 0x00, 0x00, 0x00, 0x80, 0x7F, 0x00, 0x00, 0x00, 0x00, 0x7F, 0x00, 0x00, 0x00,
    0x00, 0x7F, 0x00, 0x00, 0x00, 0x00, 0x7F, 0x00, 0x00, 0x06, 0xBF, 0xFE, 0x40, 0x00, 0x00, 0x00,
    0x00, 0x01, 0xFF, 0xFF, 0xFF, 0xE0, 0x00, 0x00, 0x00, 0x00, 0x03, 0xFF, 0xFF, 0xFF, 0xF4, 0x00,
    0x00, 0x00, 0x00, 0x0A, 0x40, 0x00, 0x6F, 0xF4, 0x00, 0x00, 0x00, 0x00, 0x00, 0x00, 0x00, 0x1F,
    0xF4, 0x00, 0x00, 0x00, 0x00, 0x00, 0x2A, 0x00, 0x0F, 0xF0, 0x00, 0x00, 0x00, 0x00, 0x01, 0xFC,
    0x00, 0x1F, 0xD0, 0x00, 0x00, 0x00, 0x00, 0x0B, 0xE0, 0x00, 0x3F, 0xC0, 0x00, 0x00, 0x00, 0x00,
    0x3F, 0x40, 0x00, 0x7F, 0x00, 0x00, 0x00, 0x00, 0x00, 0xFC, 0x00, 0x00, 0xFD, 0x00, 0x00, 0x00,
    0x00, 0x07, 0xF0, 0x00, 0x03, 0xF4, 0x00, 0x00, 0x00, 0x00, 0x2F, 0x80, 0x00, 0x0F, 0xD0, 0x00,
    0x00, 0x00, 0x00, 0xBD, 0x00, 0x00, 0x3F, 0x40, 0x00, 0x00, 0x00, 0x03, 0xF4, 0x00, 0x00, 0xFD,
    0x00, 0x00, 0x00, 0x00, 0x0F, 0xC0, 0x00, 0x07, 0xF0, 0x01, 0xBF, 0xD0, 0x00, 0x7F, 0x00, 0x00,
    0x2F, 0xC0, 0x2F, 0xFF, 0xF0, 0x02, 0xF8, 0x00, 0x00, 0xFF, 0x02, 0xFF, 0xFF, 0xE0, 0x0F, 0xD0,
    0x00, 0x03, 0xF4, 0x1F, 0xD0, 0x2F, 0xC0, 0x3F, 0x00, 0x00, 0x2F, 0xC0, 0xFE, 0x00, 0x3F, 0x40,
    0xFC, 0x00, 0x01, 0xFE, 0x03, 0xF0, 0x00, 0xFD, 0x07, 0xF0, 0x00, 0x0F, 0xF0, 0x1F, 0x80, 0x03,
    0xF4, 0x2F, 0x80, 0x00, 0xFF, 0x40, 0xBD, 0x00, 0x1F, 0xC0, 0xFD, 0x00, 0x1F, 0xF4, 0x03, 0xF4,
    0x00, 0xFF, 0x03, 0xF0, 0x1B, 0xFF, 0x40, 0x0F, 0xE0, 0x0F, 0xF4, 0x1F, 0xFF, 0xFF, 0xF4, 0x00,
    0x7F, 0xFF, 0xFF, 0x80, 0xBF, 0xFF, 0xFD, 0x00, 0x01, 0xFF, 0xFF, 0xF8, 0x02, 0xFF, 0xFA, 0x40,
    0x00, 0x0B, 0xD7, 0xFE, 0x00, 0x00, 0x00, 0x00, 0x00, 0x00, 0x3F, 0x00, 0x00, 0x00, 0x00, 0x00,
    0x00, 0x00, 0x00, 0xFC, 0x00, 0x00, 0x00, 0x00, 0x00, 0x00, 0x00, 0x07, 0xF0, 0x00, 0x00, 0x00,
    0x00, 0x00, 0x00, 0x00, 0x1F, 0x80, 0x00, 0x00, 0x00, 0x00, 0x00, 0x00, 0x00, 0xBD, 0x00, 0x00,
    0x00, 0x00, 0x00, 0x00, 0x00, 0x03, 0xF4, 0x00, 0x00, 0x00, 0x00, 0x00, 0x00, 0x00, 0x0F, 0xC0,
    0x00, 0x00, 0x00, 0x00, 0x00, 0x00, 0x00, 0x7F, 0x00, 0x00, 0x00, 0x00, 0x00, 0x00, 0x00, 0x01,
    0xF8, 0x00, 0x00, 0x00, 0x00, 0x00, 0x01, 0xBF, 0x80, 0x00, 0x00, 0x07, 0xFF, 0xF0, 0x00, 0x00,
    0x0F, 0xFF, 0xFC, 0x00, 0x00, 0x2F, 0xC2, 0xFC, 0x00, 0x00, 0x3F, 0x80, 0xFD, 0x00, 0x00, 0x3F,
    0x40, 0xFD, 0x00, 0x00, 0x3F, 0x40, 0xFD, 0x00, 0x00, 0x3F, 0x40, 0xFC, 0x00, 0x00, 0x3F, 0x80,
    0xFC, 0x00, 0x00, 0x2F, 0x81, 0xF8, 0x00, 0x00, 0x1F, 0xC2, 0xF4, 0x00, 0x00, 0x0F, 0xC3, 0xF0,
    0x00, 0x00, 0x0B, 0xD3, 0xE0, 0x00, 0x00, 0x07, 0xE7, 0xC0, 0x00, 0x00, 0x03, 0xFF, 0x80, 0x00,
    0x00, 0x01, 0xFF, 0x00, 0x00, 0x00, 0x00, 0xFD, 0x00, 0x00, 0x10, 0x00, 0xFC, 0x00, 0x00, 0x38,
    0x01, 0xFE, 0x00, 0x00, 0x7C, 0x03, 0xFF, 0x00, 0x00, 0xFE, 0x0F, 0xEF, 0x80, 0x02, 0xFF, 0x1F,
    0x8F, 0xC0, 0x03, 0xFF, 0xFF, 0x0B, 0xD0, 0x0B, 0xDB, 0xFD, 0x07, 0xF0, 0x0F, 0xC3, 0xF8, 0x03,
    0xF0, 0x2F, 0x41, 0xF0, 0x03, 0xF4, 0x7F, 0x00, 0xA0, 0x02, 0xFC, 0x00, 0x00, 0x00, 0x01, 0xFC,
    0x00, 0x00, 0x00, 0x00, 0xFC, 0x00, 0x00, 0x00, 0x00, 0xFD, 0x00, 0x00, 0x00, 0x00, 0xFD, 0x00,
    0x00, 0x00, 0x00, 0xFD, 0x00, 0x00, 0x00, 0x03, 0xFC, 0x00, 0x00, 0x03, 0xFF, 0xF8, 0x00, 0x00,
    0x03, 0xFF, 0xF0, 0x00, 0x00, 0x02, 0xFF, 0x40, 0x03, 0xFF, 0xFF, 0x90, 0x00, 0x00, 0xFF, 0xFF,
    0xFF, 0x40, 0x00, 0x3F, 0xFF, 0xFF, 0xF8, 0x00, 0x0F, 0xD0, 0x01, 0xFF, 0x40, 0x03, 0xF4, 0x00,
    0x0F, 0xF0, 0x3F, 0xFF, 0xFF, 0xFF, 0xFF, 0xFF, 0xFF, 0xFF, 0xFF, 0xFF, 0xFC, 0x0F, 0xD0, 0x00,
    0x0F, 0xD0, 0x03, 0xF4, 0x00, 0x03, 0xF4, 0x00, 0xFD, 0x00, 0x00, 0xFD, 0x00, 0x3F, 0x40, 0x00,
    0x3F, 0x43, 0xFF, 0xFF, 0xFF, 0xFF, 0xFF, 0xFF, 0xFF, 0xFF, 0xFF, 0xFF, 0xC0, 0xFD, 0x00, 0x07,
    0xF8, 0x00, 0x3F, 0x40, 0x0B, 0xFC, 0x00, 0x0F, 0xFF, 0xFF, 0xFC, 0x00, 0x03, 0xFF, 0xFF, 0xF8,
    0x00, 0x00, 0xFF, 0xFF, 0xA0, 0x00, 0x00, 0x3F, 0x40, 0x00, 0x00, 0x00, 0x0F, 0xD0, 0x00, 0x00,
    0x00, 0x03, 0xF4, 0x00, 0x00, 0x00, 0x00, 0xFD, 0x00, 0x00, 0x00, 0x00, 0x3F, 0x40, 0x00, 0x00,
    0x00, 0x0F, 0xD0, 0x00, 0x00, 0x00, 0x03, 0xF4, 0x00, 0x00, 0x00, 0x00, 0xFD, 0x00, 0x00, 0x00,
    0x00, 0x3F, 0x40, 0x00, 0x00, 0x00, 0x00, 0x00, 0x00, 0xF0, 0x00, 0x00, 0x00, 0x00, 0x03, 0xC0,
    0x00, 0x00, 0x00, 0x01, 0xBF, 0xFE, 0x90, 0x00, 0x01, 0xFF, 0xFF, 0xFF, 0xF8, 0x00, 0x3F, 0xFF,
    0xFF, 0xFF, 0xE0, 0x03, 0xFF, 0x83, 0xC0, 0x1F, 0x00, 0x3F, 0xE0, 0x0F, 0x00, 0x00, 0x03, 0xFD,
    0x00, 0x3C, 0x00, 0x00, 0x1F, 0xD0, 0x00, 0xF0, 0x00, 0x00, 0xFF, 0x00, 0x03, 0xC0, 0x00, 0x07,
    0xF4, 0x00, 0x0F, 0x00, 0x00, 0x2F, 0xC0, 0x00, 0x3C, 0x00, 0x00, 0xFE, 0x00, 0x00, 0xF0, 0x00,
    0x03, 0xF8, 0x00, 0x03, 0xC0, 0x00, 0x0F, 0xD0, 0x00, 0x0F, 0xFF, 0xFF, 0x7F, 0x40, 0x00, 0x3F,
    0xFF, 0xFD, 0xFD, 0x00, 0x00, 0xFF, 0xFF, 0xF7, 0xF8, 0x00, 0x03, 0xC0, 0x0F, 0xDF, 0xE0, 0x00,
    0x0F, 0x00, 0x3F, 0x6F, 0xC0, 0x00, 0x3C, 0x00, 0xFD, 0x7F, 0x00, 0x00, 0xF0, 0x03, 0xF4, 0xFE,
    0x00, 0x03, 0xC0, 0x0F, 0xD2, 0xFD, 0x00, 0x0F, 0x00, 0x3F, 0x43, 0xFC, 0x00, 0x3C, 0x00, 0xFD,
    0x07, 0xFD, 0x00, 0xF0, 0x03, 0xF4, 0x0B, 0xFF, 0x43, 0xC0, 0x1F, 0xD0, 0x07, 0xFF, 0xFF, 0xFF,
    0xFF, 0x40, 0x02, 0xFF, 0xFF, 0xFF, 0xFD, 0x00, 0x00, 0x6F, 0xFF, 0xE9, 0x00, 0x00, 0x00, 0x03,
    0xC0, 0x00, 0x00, 0x00, 0x00, 0x0F, 0x00, 0x00, 0x00, 0x00, 0x00, 0x28, 0x00, 0x00, 0x00, 0x00,
    0x0F, 0xF0, 0x00, 0x00, 0x00, 0x00, 0x1F, 0xF4, 0x00, 0x00, 0x00, 0x00, 0x2F, 0xF8, 0x00, 0x00,
    0x00, 0x00, 0x3F, 0xFC, 0x00, 0x00, 0x00, 0x00, 0x7E, 0xFD, 0x00, 0x00, 0x00, 0x00, 0xFD, 0xBE,
    0x00, 0x00, 0x00, 0x00, 0xFC, 0x3F, 0x00, 0x00, 0x00, 0x01, 0xFC, 0x3F, 0x40, 0x00, 0x00, 0x03,
    0xF8, 0x2F, 0xC0, 0x00, 0x00, 0x03, 0xF0, 0x1F, 0xC0, 0x00, 0x3F, 0xFF, 0xFF, 0xFF, 0xFF, 0xFC,
    0x3F, 0xFF, 0xFF, 0xFF, 0xFF, 0xFC, 0x15, 0x6F, 0xE5, 0x5B, 0xF9, 0x54, 0x00, 0x2F, 0xC0, 0x03,
    0xF8, 0x00, 0x00, 0x3F, 0x40, 0x01, 0xFC, 0x00, 0x3F, 0xFF, 0xFF, 0xFF, 0xFF, 0xFC, 0x3F, 0xFF,
    0xFF, 0xFF, 0xFF, 0xFC, 0x3F, 0xFF, 0xFF, 0xFF, 0xFF, 0xFC, 0x01, 0xFC, 0x00, 0x00, 0x3F, 0x40,
    0x02, 0xF8, 0x00, 0x00, 0x3F, 0x80, 0x03, 0xF4, 0x00, 0x00, 0x1F, 0xC0, 0x07, 0xF0, 0x00, 0x00,
    0x0F, 0xD0, 0x0F, 0xE0, 0x00, 0x00, 0x0F, 0xE0, 0x0F, 0xD0, 0x00, 0x00, 0x07, 0xF0, 0x1F, 0xC0,
    0x00, 0x00, 0x03, 0xF4, 0x3F, 0x80, 0x00, 0x00, 0x02, 0xFC, 0x3F, 0x40, 0x00, 0x00, 0x01, 0xFC,
    0x00, 0x1B, 0xFF, 0xE4, 0x00, 0x03, 0xFF, 0xFF, 0xFF, 0x40, 0x03, 0xFF, 0xFF, 0xFF, 0xD0, 0x01,
    0xE4, 0x00, 0x1F, 0xF0, 0x00, 0x00, 0x00, 0x07, 0xF4, 0x00, 0x00, 0x00, 0x03, 0xF4, 0x00, 0x00,
    0x00, 0x03, 0xF4, 0x00, 0x00, 0x00, 0x07, 0xF0, 0xFF, 0xFF, 0xFF, 0xFF, 0xFF, 0xFF, 0xFF, 0xFF,
    0xFF, 0xFF, 0xFF, 0xFF, 0xFF, 0xFF, 0xFF, 0x00, 0x00, 0x1F, 0xFE, 0x00, 0x00, 0x07, 0xFF, 0xD0,
    0x00, 0x00, 0xBF, 0xF4, 0x00, 0x00, 0xFF, 0xFF, 0xFF, 0xFF, 0xFF, 0xFF, 0xFF, 0xFF, 0xFF, 0xFF,
    0xFF, 0xFF, 0xFF, 0xFF, 0xFF, 0x0F, 0xD0, 0x00, 0x00, 0x00, 0x1F, 0xC0, 0x00, 0x00, 0x00, 0x1F,
    0xC0, 0x00, 0x00, 0x00, 0x1F, 0xC0, 0x00, 0x00, 0x00, 0x0F, 0xD0, 0x00, 0x00, 0x00, 0x0F, 0xF0,
    0x00, 0x00, 0x00, 0x07, 0xFD, 0x00, 0x06, 0xF4, 0x02, 0xFF, 0xFF, 0xFF, 0xF4, 0x00, 0xBF, 0xFF,
    0xFF, 0xF0, 0x00, 0x06, 0xFF, 0xF9, 0x00, 0x00, 0x00, 0x03, 0xC0, 0x00, 0x00, 0x00, 0x00, 0xF0,
    0x00, 0x00, 0x00, 0x06, 0xFF, 0xF9, 0x00, 0x00, 0x2F, 0xFF, 0xFF, 0xF8, 0x00, 0x7F, 0xFF, 0xFF,
    0xFE, 0x00, 0x7F, 0xE0, 0xF0, 0x1B, 0x00, 0x7F, 0xC0, 0x3C, 0x00, 0x00, 0x3F, 0xC0, 0x0F, 0x00,
    0x00, 0x2F, 0xD0, 0x03, 0xC0, 0x00, 0x0F, 0xE0, 0x00, 0xF0, 0x00, 0x07, 0xF0, 0x00, 0x3C, 0x00,
    0x02, 0xFC, 0x00, 0x0F, 0x00, 0x00, 0xFE, 0x00, 0x03, 0xC0, 0x00, 0x3F, 0x80, 0x00, 0xF0, 0x00,
    0x0F, 0xD0, 0x00, 0x3C, 0x00, 0x03, 0xF4, 0x00, 0x0F, 0x00, 0x00, 0xFD, 0x00, 0x03, 0xC0, 0x00,
    0x3F, 0x80, 0x00, 0xF0, 0x00, 0x0F, 0xE0, 0x00, 0x3C, 0x00, 0x02, 0xFC, 0x00, 0x0F, 0x00, 0x00,
    0x7F, 0x00, 0x03, 0xC0, 0x00, 0x0F, 0xE0, 0x00, 0xF0, 0x00, 0x03, 0xFC, 0x00, 0x3C, 0x00, 0x00,
    0x7F, 0xC0, 0x0F, 0x00, 0x00, 0x0B, 0xFC, 0x03, 0xC0, 0x00, 0x00, 0xFF, 0xE0, 0xF0, 0x06, 0x00,
    0x0F, 0xFF, 0xFF, 0xFF, 0xC0, 0x00, 0xBF, 0xFF, 0xFF, 0xF0, 0x00, 0x02, 0xFF, 0xFF, 0x90, 0x00,
    0x00, 0x00, 0xF0, 0x00, 0x00, 0x00, 0x00, 0x3C, 0x00, 0x00, 0x00, 0x00, 0x0F, 0x00, 0x00, 0x00,
    0xF4, 0x00, 0x3D, 0x00, 0x00, 0x0F, 0x40, 0x03, 0xD0, 0x00, 0x01, 0xF4, 0x00, 0x7D, 0x00, 0x00,
    0x2F, 0x40, 0x0B, 0xD0, 0x00, 0x1B, 0xFF, 0xFF, 0xFF, 0xFF, 0xCF, 0xFF, 0xFF, 0xFF, 0xFF, 0xFC,
    0xFF, 0xFF, 0xFF, 0xFF, 0xFF, 0xC0, 0x3F, 0x40, 0x0F, 0xD0, 0x00, 0x03, 0xF4, 0x00, 0xFD, 0x00,
    0x00, 0x3F, 0x40, 0x0F, 0xD0, 0x00, 0x03, 0xF4, 0x00, 0xFD, 0x00, 0x00, 0x3F, 0x40, 0x0F, 0xD0,
    0x00, 0x03, 0xF4, 0x00, 0xFD, 0x00, 0x00, 0x3F, 0x40, 0x0F, 0xD0, 0x00, 0x03, 0xF4, 0x00, 0xFD,
    0x00, 0x00, 0x3F, 0x40, 0x0F, 0xD0, 0x00, 0x03, 0xF4, 0x00, 0xFD, 0x00, 0x00, 0x3F, 0x40, 0x0F,
    0xD0, 0x00, 0x03, 0xF4, 0x00, 0xFD, 0x00, 0x00, 0x3F, 0x40, 0x0F, 0xD0, 0x00, 0x03, 0xF4, 0x00,
    0xFE, 0x00, 0x00, 0x3F, 0x40, 0x0B, 0xF4, 0x00, 0x03, 0xF4, 0x00, 0x3F, 0xFF, 0xE0, 0x3F, 0x40,
    0x02, 0xFF, 0xFE, 0x03, 0xF4, 0x00, 0x06, 0xFF, 0xD0, 0x00, 0x00, 0x00, 0x2F, 0xFF, 0x90, 0x00,
    0x00, 0x00, 0xFF, 0xFF, 0xFF, 0xC0, 0x00, 0x01, 0xFF, 0xFF, 0xFF, 0xF0, 0x00, 0x00, 0xFF, 0x80,
    0x01, 0xB8, 0x00, 0x00, 0xBF, 0x40, 0x00, 0x00, 0x00, 0x00, 0x3F, 0x80, 0x00, 0x00, 0x00, 0x00,
    0x0F, 0xD0, 0x00, 0x00, 0x00, 0x00, 0x03, 0xF4, 0x00, 0x00, 0x00, 0x00, 0x00, 0xFE, 0x00, 0x00,
    0x00, 0x00, 0x00, 0x1F, 0xD0, 0x00, 0x00, 0x00, 0x00, 0x03, 0xFE, 0x00, 0x00, 0x00, 0x00, 0x00,
    0x3F, 0xF9, 0x00, 0x00, 0x00, 0x00, 0x02, 0xFF, 0xF8, 0x00, 0x00, 0x00, 0x00, 0x0B, 0xFF, 0xE0,
    0x00, 0x00, 0x00, 0x00, 0x1B, 0xFF, 0x40, 0x00, 0x00, 0x00, 0x00, 0x1F, 0xF4, 0x00, 0x00, 0x00,
    0x00, 0x00, 0xFF, 0x00, 0x00, 0x00, 0x00, 0x00, 0x0F, 0xE3, 0xE0, 0xBF, 0x42, 0xFD, 0x02, 0xFF,
    0xFE, 0xFF, 0xF7, 0xFF, 0xD0, 0x7F, 0xF3, 0xF0, 0x2F, 0xC0, 0xBC, 0x2F, 0xFC, 0xF4, 0x03, 0xD0,
    0x0F, 0x0F, 0xF7, 0xFC, 0x00, 0xF0, 0x03, 0xCB, 0xF4, 0xBF, 0xE4, 0x3C, 0x00, 0xFF, 0xFC, 0x07,
    0xFF, 0xFF, 0xFF, 0xFF, 0xFC, 0x00, 0xFF, 0xFF, 0xFF, 0xFF, 0xF4, 0x00, 0x3C, 0x1A, 0xFF, 0xFF,
    0xD0, 0x00, 0x0F, 0x00, 0x3C, 0x00, 0xF0, 0x00, 0x03, 0xC0, 0x0F, 0x00, 0x3C, 0x00, 0x00, 0x60,
    0x02, 0x80, 0x0A, 0x00, 0x00, 0xFF, 0xFF, 0xFF, 0xFF, 0xFF, 0xFF, 0xFF, 0xFF, 0xFF, 0xFF, 0xFF,
    0xFF, 0xFF, 0xFF, 0xC0, 0x00, 0x00, 0x00, 0x00, 0x00, 0x00, 0x00, 0x00, 0x00, 0x00, 0x00, 0x00,
    0x00, 0x0F, 0xFF, 0xFF, 0xFF, 0xFF, 0xFF, 0xFF, 0xFF, 0xFF, 0xFF, 0xFF, 0xFF, 0xFF, 0xFF, 0xFC,
    0x00, 0x03, 0xF4, 0x00, 0x00, 0x00, 0x0F, 0xD0, 0x00, 0x00, 0x00, 0x3F, 0x40, 0x00, 0x00, 0x00,
    0xFD, 0x00, 0x00, 0x00, 0x03, 0xF4, 0x00, 0x00, 0x00, 0x0F, 0xD0, 0x00, 0x00, 0x00, 0x3F, 0x40,
    0x00, 0x00, 0x00, 0xFD, 0x00, 0x00, 0x00, 0x03, 0xF4, 0x00, 0x00, 0x00, 0x0F, 0xD0, 0x00, 0x00,
    0x00, 0x3F, 0x40, 0x00, 0x00, 0x00, 0xFD, 0x00, 0x00, 0x00, 0x03, 0xF4, 0x00, 0x00, 0x00, 0x0F,
    0xD0, 0x00, 0x00, 0x00, 0x3F, 0x40, 0x00, 0x00, 0x00, 0xFD, 0x00, 0x00, 0x00, 0x03, 0xF4, 0x00,
    0x00, 0x00, 0x0F, 0xD0, 0x00, 0x00, 0xFF, 0xFF, 0xFF, 0xFF, 0xFF, 0xFF, 0xFF, 0xFF, 0xFF, 0xFF,
    0xFF, 0xFF, 0x00, 0x7F, 0xD0, 0x00, 0x00, 0x0F, 0xF0, 0x00, 0x00, 0x03, 0xF8, 0x00, 0x00, 0x03,
    0xFC, 0x00, 0xAA, 0xAB, 0xFE, 0xAA, 0xFF, 0xFF, 0xFF, 0xFF, 0xAA, 0xAB, 0xFE, 0xAA, 0x00, 0x02,
    0xFC, 0x00, 0x00, 0x03, 0xF4, 0x00, 0x00, 0x1F, 0xE0, 0x00, 0xAA, 0xFF, 0x40, 0x00, 0xFF, 0xE4,
    0x00, 0x00, 0x7F, 0x00, 0x00, 0x00, 0x3F, 0xC0, 0x00, 0x00, 0x0F, 0xD0, 0x00, 0x00, 0x0B, 0xF0,
    0x00, 0x00, 0x03, 0xF8, 0x00, 0x00, 0x01, 0xFD, 0x00, 0x00, 0x00, 0xFF, 0x00, 0x00, 0x00, 0x7F,
    0x40, 0x00, 0x00, 0x2F, 0xC0, 0x00, 0x00, 0x0F, 0xE0, 0x00, 0x00, 0x0B, 0xF4, 0x00, 0x00, 0x03,
    0xFC, 0x00, 0x00, 0xFD, 0x00, 0x00, 0x00, 0x00, 0xFD, 0x00, 0x00, 0x00, 0x00, 0xFD, 0x00, 0x00,
    0x00, 0x00, 0xFD, 0x00, 0x28, 0x00, 0x00, 0xFD, 0x0B, 0xF8, 0x00, 0x00, 0xFE, 0xFF, 0xF4, 0x00,
    0x00, 0xFF, 0xFE, 0x00, 0x00, 0x1F, 0xFF, 0x90, 0x00, 0x00, 0xFF, 0xFD, 0x00, 0x04, 0x00, 0xF9,
    0xFD, 0x01, 0xF8, 0x00, 0x40, 0xFD, 0x7F, 0xF8, 0x00, 0x00, 0xFF, 0xFF, 0x80, 0x00, 0x06, 0xFF,
    0xE4, 0x00, 0x00, 0xBF, 0xFE, 0x00, 0x00, 0x54, 0xFE, 0xFD, 0x00, 0x00, 0xFD, 0x90, 0xFD, 0x00,
    0x00, 0xFD, 0x00, 0xFD, 0x00, 0x00, 0xFC, 0x00, 0xFD, 0x00, 0x01, 0xFC, 0x00, 0xFD, 0x00, 0x02,
    0xFC, 0x00, 0xFD, 0x00, 0x03, 0xF4, 0x00, 0xFD, 0x00, 0x0B, 0xF0, 0x00, 0xFD, 0x00, 0x1F, 0xE0,
    0x00, 0xFD, 0x00, 0x7F, 0xC0, 0x00, 0xFD, 0x06, 0xFF, 0x00, 0x00, 0xFF, 0xFF, 0xFC, 0x00, 0x00,
    0xFF, 0xFF, 0xE0, 0x00, 0x00, 0xFF, 0xF9, 0x00, 0x00, 0x0B, 0xFE, 0x00, 0x00, 0x00, 0x00, 0x00,
    0x3F, 0xFF, 0xC0, 0x00, 0x00, 0x00, 0x00, 0xBE, 0x1F, 0xE0, 0x00, 0x00, 0x00, 0x00, 0xFC, 0x07,
    0xF0, 0x00, 0x00, 0x00, 0x00, 0xFC, 0x03, 0xF4, 0x00, 0x00, 0x00, 0x00, 0xFE, 0x03, 0xF4, 0x00,
    0x00, 0x00, 0x00, 0x7F, 0xFF, 0xFF, 0xFF, 0xFF, 0xFD, 0x00, 0x2F, 0xFF, 0xFF, 0xFF, 0xFF, 0xFF,
    0xD0, 0x01, 0xBF, 0xFF, 0xFF, 0xFF, 0xFF, 0xF4, 0x00, 0x03, 0xF4, 0x00, 0x00, 0x01, 0xFC, 0x00,
    0x03, 0xF4, 0x00, 0x00, 0x00, 0x3E, 0x00, 0x03, 0xF4, 0x00, 0x00, 0x00, 0x1F, 0x00, 0x03, 0xF4,
    0x04, 0x00, 0x00, 0x0F, 0x00, 0x03, 0xF4, 0x3E, 0x03, 0xC0, 0x0F, 0x00, 0x03, 0xF4, 0xFF, 0x5F,
    0xF0, 0x1F, 0x00, 0x03, 0xFB, 0xFF, 0xFF, 0xFC, 0x2F, 0x00, 0x03, 0xFF, 0xC3, 0xFC, 0x7F, 0xFE,
    0x00, 0x02, 0xFF, 0x01, 0xF4, 0x1F, 0xFC, 0x00, 0x02, 0xFC, 0x00, 0x90, 0x07, 0xF0, 0x00, 0x0B,
    0xFC, 0x00, 0x00, 0x00, 0x00, 0x00, 0x2F, 0xFD, 0x00, 0x00, 0x00, 0x00, 0x00, 0x7E, 0xBF, 0x00,
    0x00, 0x00, 0x00, 0x00, 0x28, 0x3F, 0xC0, 0x00, 0x00, 0x00, 0x00, 0x00, 0x1F, 0xF4, 0x00, 0x14,
    0x00, 0x00, 0x00, 0x0B, 0xFF, 0xFF, 0xF8, 0x00, 0x00, 0x00, 0x01, 0xFF, 0xFF, 0xF8, 0x00, 0x00,
    0x00, 0x00, 0x1B, 0xFF, 0xE0, 0x00, 0x00, 0x00, 0x03, 0xF4, 0x00, 0x00, 0x00, 0x00, 0x00, 0x3F,
    0x40, 0x00, 0x00, 0x00, 0x00, 0x03, 0xF4, 0x00, 0x00, 0x00, 0x00, 0x00, 0x3F, 0x40, 0x00, 0x00,
    0x00, 0x00, 0x03, 0xF4, 0x00, 0x00, 0x00, 0x00, 0x00, 0x3F, 0x40, 0x00, 0x00, 0x00, 0x00, 0x03,
    0xF4, 0x00, 0x00, 0x00, 0x00, 0x00, 0x3F, 0x40, 0x00, 0x00, 0x00, 0x06, 0xFF, 0xFF, 0xE4, 0x00,
    0x00, 0x07, 0xFF, 0xFF, 0xFF, 0xF8, 0x00, 0x02, 0xFF, 0xFF, 0xFF, 0xFF, 0xF0, 0x00, 0xBF, 0xD0,
    0x3F, 0x41, 0xFF, 0xC0, 0x1F, 0xF0, 0x03, 0xF4, 0x02, 0xFE, 0x03, 0xFC, 0x00, 0x3F, 0x40, 0x0F,
    0xF0, 0x3F, 0x40, 0x03, 0xF4, 0x00, 0x3F, 0x47, 0xF0, 0x00, 0x3F, 0x40, 0x03, 0xFC, 0xBF, 0x00,
    0x03, 0xF4, 0x00, 0x2F, 0xCF, 0xE0, 0x00, 0x3F, 0x40, 0x01, 0xFC, 0xFE, 0x00, 0x03, 0xF4, 0x00,
    0x0F, 0xDF, 0xD0, 0x00, 0x3F, 0x40, 0x00, 0xFD, 0xFD, 0x00, 0x03, 0xF4, 0x00, 0x0F, 0xDF, 0xD0,
    0x00, 0x00, 0x00, 0x00, 0xFD, 0xFD, 0x00, 0x00, 0x00, 0x00, 0x0F, 0xDF, 0xD0, 0x00, 0x00, 0x00,
    0x00, 0xFD, 0xFD, 0x00, 0x00, 0x00, 0x00, 0x0F, 0xDF, 0xD0, 0x00, 0x00, 0x00, 0x00, 0xFD, 0xFD,
    0x00, 0x00, 0x00, 0x00, 0x0F, 0xD0, 0x00, 0xFF, 0xFF, 0xF9, 0x00, 0x00, 0x3F, 0xFF, 0xFF, 0xF4,
    0x00, 0x0F, 0xFF, 0xFF, 0xFF, 0x80, 0x03, 0xF4, 0x00, 0x1F, 0xF4, 0x00, 0xFD, 0x00, 0x00, 0xFF,
    0x00, 0x3F, 0x40, 0x00, 0x1F, 0xC0, 0x0F, 0xD0, 0x00, 0x03, 0xF4, 0x03, 0xF4, 0x00, 0x00, 0xFD,
    0x00, 0xFD, 0x00, 0x00, 0x3F, 0x40, 0x3F, 0x40, 0x00, 0x0F, 0xC0, 0x0F, 0xD0, 0x00, 0x0B, 0xF0,
    0x03, 0xF4, 0x00, 0x07, 0xF8, 0x00, 0xFD, 0x00, 0x1F, 0xFC, 0x2F, 0xFF, 0xFF, 0xFF, 0xFC, 0x0B,
    0xFF, 0xFF, 0xFF, 0xF8, 0x01, 0xFF, 0xFF, 0xFE, 0x90, 0x00, 0x00, 0xFD, 0x00, 0x00, 0x00, 0x00,
    0x3F, 0x40, 0x00, 0x00, 0x00, 0x0F, 0xD0, 0x00, 0x00, 0x01, 0xFF, 0xFF, 0xFF, 0x40, 0x00, 0xBF,
    0xFF, 0xFF, 0xD0, 0x00, 0x2F, 0xFF, 0xFF, 0xF4, 0x00, 0x00, 0x0F, 0xD0, 0x00, 0x00, 0x00, 0x03,
    0xF4, 0x00, 0x00, 0x00, 0x00, 0xFD, 0x00, 0x00, 0x00, 0x00, 0x3F, 0x40, 0x00, 0x00, 0x00, 0x0F,
    0xD0, 0x00, 0x00, 0x00, 0x00, 0x00, 0xA0, 0x0A, 0x00, 0x00, 0x00, 0x00, 0xF0, 0x0F, 0x00, 0x00,
    0x00, 0x00, 0xF0, 0x0F, 0x00, 0x00, 0x00, 0x01, 0xFF, 0xFF, 0x40, 0x00, 0x00, 0x1F, 0xFF, 0xFF,
    0xF4, 0x00, 0x00, 0xBF, 0xFF, 0xFF, 0xFE, 0x00, 0x03, 0xFF, 0xF0, 0x0F, 0xFF, 0x80, 0x0B, 0xF8,
    0xF0, 0x0F, 0x2F, 0xD0, 0x1F, 0xE0, 0xF0, 0x0F, 0x0B, 0xF0, 0x3F, 0xC0, 0xF0, 0x0F, 0x03, 0xF8,
    0x3F, 0x40, 0xF0, 0x0F, 0x01, 0xFC, 0x7F, 0x00, 0xF0, 0x0F, 0x00, 0xFD, 0xBF, 0x00, 0xF0, 0x0F,
    0x00, 0xFE, 0xFE, 0x00, 0xF0, 0x0F, 0x00, 0xBF, 0xFD, 0x00, 0xF0, 0x0F, 0x00, 0xBF, 0xFD, 0x00,
    0xF0, 0x0F, 0x00, 0x7F, 0xFD, 0x00, 0xF0, 0x0F, 0x00, 0x7E, 0xFD, 0x00, 0x00, 0x00, 0x00, 0x00,
    0xFE, 0x00, 0x00, 0x00, 0x00, 0x00, 0xBF, 0x00, 0x00, 0x00, 0x00, 0x00, 0x7F, 0x00, 0x00, 0x00,
    0x00, 0x00, 0x3F, 0x40, 0x00, 0x00, 0x00, 0x00, 0x2F, 0xC0, 0x00, 0x00, 0x00, 0x00, 0x0F, 0xE0,
    0x00, 0x00, 0x00, 0x00, 0x07, 0xF4, 0x00, 0x00, 0x00, 0x00, 0x02, 0xFD, 0x00, 0x00, 0x00, 0x00,
    0x00, 0x7F, 0xD0, 0x00, 0x00, 0x00, 0x06, 0xBF, 0xFF, 0xFF, 0xFF, 0xFC, 0x0F, 0xFF, 0xFF, 0xFF,
    0xFF, 0xFC, 0x0F, 0xFF, 0xFF, 0xFF, 0xFF, 0xFC, 0x00, 0xA0, 0x28, 0x00, 0x00, 0x3C, 0x0F, 0x00,
    0x00, 0x0F, 0x03, 0xC0, 0x00, 0x03, 0xC0, 0xF0, 0x00, 0x00, 0xF0, 0x3C, 0x00, 0x3F, 0xFF, 0xFF,
    0x40, 0x0F, 0xFF, 0xFF, 0xFC, 0x03, 0xFF, 0xFF, 0xFF, 0xC0, 0xFD, 0x00, 0x1F, 0xFC, 0x3F, 0x40,
    0x00, 0xBF, 0x0F, 0xD0, 0x00, 0x0F, 0xD3, 0xF4, 0x00, 0x03, 0xF4, 0xFD, 0x00, 0x00, 0xFD, 0x3F,
    0x40, 0x00, 0x3F, 0x0F, 0xD0, 0x00, 0x2F, 0xC3, 0xF4, 0x00, 0x2F, 0xC0, 0xFF, 0xFF, 0xFF, 0xD0,
    0x3F, 0xFF, 0xFF, 0x80, 0x0F, 0xFF, 0xFF, 0xFE, 0x03, 0xF4, 0x00, 0x6F, 0xF0, 0xFD, 0x00, 0x00,
    0xFE, 0x3F, 0x40, 0x00, 0x1F, 0xCF, 0xD0, 0x00, 0x03, 0xF7, 0xF4, 0x00, 0x00, 0xFD, 0xFD, 0x00,
    0x00, 0x3F, 0x7F, 0x40, 0x00, 0x0F, 0xDF, 0xD0, 0x00, 0x0B, 0xF3, 0xF4, 0x00, 0x03, 0xFC, 0xFD,
    0x00, 0x07, 0xFD, 0x3F, 0xFF, 0xFF, 0xFE, 0x0F, 0xFF, 0xFF, 0xFD, 0x03, 0xFF, 0xFF, 0xF4, 0x00,
    0x00, 0xF0, 0x3C, 0x00, 0x00, 0x3C, 0x0F, 0x00, 0x00, 0x0F, 0x03, 0xC0, 0x00, 0x03, 0xC0, 0xF0,
    0x00, 0x00, 0x1B, 0xFF, 0x90, 0x07, 0xFF, 0xFF, 0xC0, 0x7F, 0xFF, 0xFF, 0x03, 0xFD, 0x00, 0x14,
    0x3F, 0xC0, 0x00, 0x00, 0xFD, 0x00, 0x00, 0x0B, 0xF0, 0x00, 0x00, 0x2F, 0x80, 0x00, 0x00, 0xFE,
    0x00, 0x00, 0x03, 0xF4, 0x00, 0x00, 0x0F, 0xD0, 0x00, 0x00, 0x3F, 0x40, 0x00, 0x00, 0xFE, 0x00,
    0x00, 0x03, 0xF8, 0x00, 0x00, 0x0B, 0xF0, 0x00, 0x00, 0x1F, 0xD0, 0x00, 0x00, 0x3F, 0xC0, 0x00,
    0x00, 0x7F, 0xD0, 0x01, 0xC0, 0x7F, 0xFF, 0xFF, 0x00, 0x7F, 0xFF, 0xFC, 0x00, 0x1B, 0xFF, 0x80,
    0x00, 0x00, 0x00, 0x00, 0x00, 0x00, 0x00, 0x3F, 0xFF, 0xFF, 0xFC, 0xFF, 0xFF, 0xFF, 0xF3, 0xFF,
    0xFF, 0xFF, 0xC0, 0xFF, 0xFF, 0xFF, 0xFF, 0xEF, 0xFF, 0xFF, 0xFF, 0xFE, 0xFF, 0xFF, 0xFF, 0xFF,
    0xE0, 0x00, 0x00, 0x00, 0x00, 0x00, 0x00, 0x00, 0x00, 0x00, 0x00, 0x00, 0x00, 0x00, 0xE0, 0x00,
    0x00, 0x00, 0x00, 0x00, 0x00, 0x00, 0x0F, 0xE0, 0x00, 0x00, 0x00, 0x00, 0x00, 0x00, 0x00, 0xFF,
    0xE0, 0x00, 0x00, 0x00, 0x00, 0x00, 0x00, 0x0F, 0xFF, 0xE0, 0x00, 0x00, 0x00, 0x00, 0x00, 0x00,
    0xFF, 0xFF, 0xE0, 0x00, 0x00, 0x00, 0x00, 0x00, 0x0F, 0xFF, 0xFF, 0xE0, 0x00, 0x00, 0x00, 0x00,
    0x00, 0xFF, 0xFF, 0xFF, 0xE0, 0x00, 0x00, 0x00, 0x00, 0x0F, 0xF4, 0x00, 0x6F, 0xE0, 0x00, 0x00,
    0x00, 0x00, 0xFC, 0x00, 0x00, 0x1F, 0xE0, 0x00, 0x00, 0x00, 0x0F, 0xF0, 0x00, 0x00, 0x2F, 0xE0,
    0x00, 0x00, 0x00, 0xFF, 0xD0, 0x15, 0x00, 0x3F, 0xE0, 0x00, 0x00, 0x0F, 0xFF, 0xDB, 0xFE, 0x00,
    0xFF, 0xE0, 0x00, 0x00, 0xFF, 0xFF, 0xFF, 0xFC, 0x03, 0xFF, 0xE0, 0x00, 0x0F, 0xFF, 0xFF, 0xFF,
    0xE0, 0x0F, 0xFF, 0xE0, 0x00, 0xFF, 0xFF, 0xFF, 0xFF, 0x00, 0x7F, 0xFF, 0xE0, 0x0F, 0xFF, 0xFF,
    0xFF, 0xF0, 0x03, 0xFF, 0xFF, 0xE0, 0xFF, 0xFF, 0xFF, 0xFF, 0x00, 0x3F, 0xFF, 0xFF, 0xE3, 0xFF,
    0xFF, 0xFF, 0xF0, 0x03, 0xFF, 0xFF, 0xFF, 0x43, 0xFF, 0xFF, 0xFF, 0x40, 0x3F, 0xFF, 0xFF, 0xF4,
    0x03, 0xFF, 0xFF, 0xFC, 0x03, 0xFF, 0xFF, 0xFF, 0x40, 0x03, 0xFF, 0xFF, 0xF0, 0x0F, 0xFF, 0xFF,
    0xF4, 0x00, 0x03, 0xFF, 0xFF, 0xEA, 0xBF, 0xFF, 0xFF, 0x40, 0x00, 0x03, 0xFF, 0xFF, 0xFF, 0xFF,
    0xFF, 0xF4, 0x00, 0x00, 0x03, 0xFF, 0xFF, 0xFF, 0xFF, 0xFF, 0x40, 0x00, 0x00, 0x03, 0xFF, 0xF4,
    0x1F, 0xFF, 0xF4, 0x00, 0x00, 0x00, 0x03, 0xFF, 0x80, 0x1F, 0xFF, 0x40, 0x00, 0x00, 0x00, 0x03,
    0xFE, 0x00, 0x7F, 0xF4, 0x00, 0x00, 0x00, 0x00, 0x03, 0xF8, 0x01, 0xFF, 0x40, 0x00, 0x00, 0x00,
    0x00, 0x03, 0xF8, 0x1F, 0xF4, 0x00, 0x00, 0x00, 0x00, 0x00, 0x03, 0xFF, 0xFF, 0x40, 0x00, 0x00,
    0x00, 0x00, 0x00, 0x03, 0xFF, 0xF4, 0x00, 0x00, 0x00, 0x00, 0x00, 0x00, 0x03, 0xFF, 0x40, 0x00,
    0x00, 0x00, 0x00, 0x00, 0x00, 0x03, 0xF4, 0x00, 0x00, 0x00, 0x00, 0x00, 0x00, 0x00, 0x03, 0x40,
    0x00, 0x00, 0x00, 0x00, 0x00, 0x00, 0x00, 0x00, 0x00, 0x00, 0x00, 0x00,
};

static const EpdGlyph notosans_18_regularGlyphs[] = {
    { 0, 0, 0, 0, 0, 0, 0 }, //  
    { 0, 0, 10, 0, 0, 0, 0 }, // 
    { 0, 0, 10, 0, 0, 0, 0 }, //  
    { 5, 27, 11, 3, 27, 34, 0 }, // !
    { 11, 10, 15, 2, 27, 28, 34 }, // "
    { 22, 27, 24, 1, 27, 149, 62 }, // #
    { 17, 32, 21, 2, 29, 136, 211 }, // $
    { 28, 27, 32, 2, 27, 189, 347 }, // %
    { 26, 27, 28, 2, 27, 176, 536 }, // &
    { 4, 10, 8, 2, 27, 10, 712 }, // '
    { 9, 34, 11, 1, 27, 77, 722 }, // (
    { 10, 34, 11, 0, 27, 85, 799 }, // )
    { 19, 18, 21, 1, 29, 86, 884 }, // *
    { 18, 19, 22, 2, 23, 86, 970 }, // +
    { 7, 9, 10, 1, 4, 16, 1056 }, // ,
    { 9, 3, 12, 1, 12, 7, 1072 }, // -
    { 5, 5, 11, 3, 5, 7, 1079 }, // .
    { 14, 27, 14, 0, 27, 95, 1086 }, // /
    { 18, 27, 21, 2, 27, 122, 1181 }, // 0
    { 11, 27, 21, 3, 27, 75, 1303 }, // 1
    { 18, 27, 21, 2, 27, 122, 1378 }, // 2
    { 18, 27, 21, 1, 27, 122, 1500 }, // 3
    { 20, 27, 21, 1, 27, 135, 1622 }, // 4
    { 18, 27, 21, 2, 27, 122, 1757 }, // 5
    { 18, 27, 21, 2, 27, 122, 1879 }, // 6
    { 18, 27, 21, 2, 27, 122, 2001 }, // 7
    { 18, 27, 21, 2, 27, 122, 2123 }, // 8
    { 18, 27, 21, 2, 27, 122, 2245 }, // 9
    { 5, 21, 11, 3, 21, 27, 2367 }, // :
    { 7, 26, 11, 1, 21, 46, 2394 }, // ;
    { 18, 20, 21, 2, 24, 90, 2440 }, // <
    { 17, 11, 21, 2, 19, 47, 2530 }, // =
    { 18, 20, 21, 2, 24, 90, 2577 }, // >
    { 15, 27, 16, 0, 27, 102, 2667 }, // ?
    { 30, 31, 34, 2, 27, 233, 2769 }, // @
    { 24, 27, 24, 0, 27, 162, 3002 }, // A
    { 19, 27, 24, 4, 27, 129, 3164 }, // B
    { 21, 27, 23, 2, 27, 142, 3293 }, // C
    { 22, 27, 28, 4, 27, 149, 3435 }, // D
    { 15, 27, 21, 4, 27, 102, 3584 }, // E
    { 15, 27, 20, 4, 27, 102, 3686 }, // F
    { 23, 27, 27, 2, 27, 156, 3788 }, // G
    { 21, 27, 28, 4, 27, 142, 3944 }, // H
    { 10, 27, 13, 1, 27, 68, 4086 }, // I
    { 11, 35, 11, -3, 27, 97, 4154 }, // J
    { 20, 27, 24, 4, 27, 135, 4251 }, // K
    { 15, 27, 20, 4, 27, 102, 4386 }, // L
    { 27, 27, 35, 4, 27, 183, 4488 }, // M
    { 22, 27, 29, 4, 27, 149, 4671 }, // N
    { 25, 27, 29, 2, 27, 169, 4820 }, // O
    { 17, 27, 23, 4, 27, 115, 4989 }, // P
    { 25, 33, 29, 2, 27, 207, 5104 }, // Q
    { 19, 27, 24, 4, 27, 129, 5311 }, // R
    { 18, 27, 20, 1, 27, 122, 5440 }, // S
    { 20, 27, 22, 1, 27, 135, 5562 }, // T
    { 21, 27, 27, 3, 27, 142, 5697 }, // U
    { 23, 27, 23, 0, 27, 156, 5839 }, // V
    { 35, 27, 35, 0, 27, 237, 5995 }, // W
    { 22, 27, 22, 0, 27, 149, 6232 }, // X
    { 22, 27, 21, 0, 27, 149, 6381 }, // Y
    { 19, 27, 21, 1, 27, 129, 6530 }, // Z
    { 9, 34, 12, 3, 27, 77, 6659 }, // [
    { 14, 27, 14, 0, 27, 95, 6736 }, // <backslash>
    { 9, 34, 12, 1, 27, 77, 6831 }, // ]
    { 20, 18, 21, 1, 28, 90, 6908 }, // ^
    { 17, 3, 17, 0, -3, 13, 6998 }, // _
    { 9, 6, 11, 1, 29, 14, 7011 }, // `
    { 17, 21, 21, 2, 21, 90, 7025 }, // a
    { 18, 29, 23, 3, 29, 131, 7115 }, // b
    { 15, 21, 18, 2, 21, 79, 7246 }, // c
    { 18, 29, 23, 2, 29, 131, 7325 }, // d
    { 17, 21, 21, 2, 21, 90, 7456 }, // e
    { 15, 30, 14, 1, 30, 113, 7546 }, // f
    { 18, 30, 23, 2, 21, 135, 7659 }, // g
    { 17, 29, 23, 3, 29, 124, 7794 }, // h
    { 4, 29, 9, 3, 29, 29, 7918 }, // i
    { 9, 38, 9, -2, 29, 86, 7947 }, // j
    { 17, 29, 20, 3, 29, 124, 8033 }, // k
    { 4, 29, 10, 3, 29, 29, 8157 }, // l
    { 29, 21, 35, 3, 21, 153, 8186 }, // m
    { 17, 21, 23, 3, 21, 90, 8339 }, // n
    { 19, 21, 22, 2, 21, 100, 8429 }, // o
    { 18, 30, 23, 3, 21, 135, 8529 }, // p
    { 18, 30, 23, 2, 21, 135, 8664 }, // q
    { 12, 21, 15, 3, 21, 63, 8799 }, // r
    { 15, 21, 18, 2, 21, 79, 8862 }, // s
    { 12, 26, 14, 1, 26, 78, 8941 }, // t
    { 17, 21, 23, 3, 21, 90, 9019 }, // u
    { 20, 21, 19, 0, 21, 105, 9109 }, // v
    { 30, 21, 29, 0, 21, 158, 9214 }, // w
    { 20, 21, 20, 0, 21, 105, 9372 }, // x
    { 20, 30, 19, -1, 21, 150, 9477 }, // y
    { 15, 21, 17, 1, 21, 79, 9627 }, // z
    { 13, 34, 15, 1, 27, 111, 9706 }, // {
    { 3, 38, 21, 9, 29, 29, 9817 }, // |
    { 12, 34, 14, 1, 27, 102, 9846 }, // }
    { 18, 5, 22, 2, 16, 23, 9948 }, // ~
    { 0, 0, 10, 0, 0, 0, 9971 }, //  
    { 5, 28, 11, 3, 21, 35, 9971 }, // ¡
    { 15, 27, 21, 3, 27, 102, 10006 }, // ¢
    { 19, 27, 21, 1, 27, 129, 10108 }, // £
    { 18, 19, 21, 1, 23, 86, 10237 }, // ¤
    { 21, 27, 21, 0, 27, 142, 10323 }, // ¥
    { 3, 38, 21, 9, 29, 29, 10465 }, // ¦
    { 16, 30, 20, 2, 30, 120, 10494 }, // §
    { 11, 4, 22, 6, 28, 11, 10614 }, // ¨
    { 28, 29, 31, 2, 29, 203, 10625 }, // ©
    { 11, 12, 13, 1, 27, 33, 10828 }, // ª
    { 17, 17, 19, 1, 19, 73, 10861 }, // «
    { 18, 11, 22, 2, 15, 50, 10934 }, // ¬
    { 9, 3, 12, 1, 12, 7, 10984 }, // ­
    { 28, 29, 31, 2, 29, 203, 10991 }, // ®
    { 19, 3, 19, 0, 32, 15, 11194 }, // ¯
    { 12, 12, 16, 2, 28, 36, 11209 }, // °
    { 18, 23, 22, 2, 23, 104, 11245 }, // ±
    { 11, 17, 13, 1, 33, 47, 11349 }, // ²
    { 11, 17, 13, 1, 32, 47, 11396 }, // ³
    { 9, 6, 11, 1, 29, 14, 11443 }, // ´
    { 17, 30, 23, 3, 21, 128, 11457 }, // µ
    { 20, 35, 25, 2, 29, 175, 11585 }, // ¶
    { 5, 5, 11, 3, 16, 7, 11760 }, // ·
    { 8, 9, 8, 0, 0, 18, 11767 }, // ¸
    { 8, 16, 13, 1, 32, 32, 11785 }, // ¹
    { 12, 13, 14, 1, 27, 39, 11817 }, // º
    { 17, 17, 19, 1, 19, 73, 11856 }, // »
    { 26, 27, 28, 1, 27, 176, 11929 }, // ¼
    { 27, 27, 30, 1, 27, 183, 12105 }, // ½
    { 28, 28, 30, 1, 28, 196, 12288 }, // ¾
    { 15, 28, 16, 1, 21, 105, 12484 }, // ¿
    { 24, 37, 24, 0, 37, 222, 12589 }, // À
    { 24, 37, 24, 0, 37, 222, 12811 }, // Á
    { 24, 37, 24, 0, 37, 222, 13033 }, // Â
    { 24, 35, 24, 0, 35, 210, 13255 }, // Ã
    { 25, 35, 24, 0, 35, 219, 13465 }, // Ä
    { 24, 34, 24, 0, 34, 204, 13684 }, // Å
    { 31, 27, 33, 0, 27, 210, 13888 }, // Æ
    { 21, 36, 23, 2, 27, 189, 14098 }, // Ç
    { 15, 37, 21, 4, 37, 139, 14287 }, // È
    { 15, 37, 21, 4, 37, 139, 14426 }, // É
    { 15, 37, 21, 4, 37, 139, 14565 }, // Ê
    { 15, 35, 21, 4, 35, 132, 14704 }, // Ë
    { 10, 37, 13, 1, 37, 93, 14836 }, // Ì
    { 11, 37, 13, 1, 37, 102, 14929 }, // Í
    { 14, 37, 13, -1, 37, 130, 15031 }, // Î
    { 11, 35, 12, 1, 35, 97, 15161 }, // Ï
    { 24, 27, 27, 1, 27, 162, 15258 }, // Ð
    { 22, 35, 29, 4, 35, 193, 15420 }, // Ñ
    { 25, 37, 29, 2, 37, 232, 15613 }, // Ò
    { 25, 37, 29, 2, 37, 232, 15845 }, // Ó
    { 25, 37, 29, 2, 37, 232, 16077 }, // Ô
    { 25, 35, 29, 2, 35, 219, 16309 }, // Õ
    { 25, 35, 29, 2, 35, 219, 16528 }, // Ö
    { 17, 18, 21, 2, 23, 77, 16747 }, // ×
    { 25, 29, 29, 2, 28, 182, 16824 }, // Ø
    { 21, 37, 27, 3, 37, 195, 17006 }, // Ù
    { 21, 37, 27, 3, 37, 195, 17201 }, // Ú
    { 21, 37, 27, 3, 37, 195, 17396 }, // Û
    { 21, 35, 27, 3, 35, 184, 17591 }, // Ü
    { 22, 37, 21, 0, 37, 204, 17775 }, // Ý
    { 17, 27, 23, 4, 27, 115, 17979 }, // Þ
    { 19, 30, 24, 3, 30, 143, 18094 }, // ß
    { 17, 30, 21, 2, 30, 128, 18237 }, // à
    { 17, 30, 21, 2, 30, 128, 18365 }, // á
    { 17, 30, 21, 2, 30, 128, 18493 }, // â
    { 17, 28, 21, 2, 28, 119, 18621 }, // ã
    { 17, 27, 21, 2, 27, 115, 18740 }, // ä
    { 17, 32, 21, 2, 32, 136, 18855 }, // å
    { 29, 21, 33, 2, 21, 153, 18991 }, // æ
    { 15, 30, 18, 2, 21, 113, 19144 }, // ç
    { 17, 30, 21, 2, 30, 128, 19257 }, // è
    { 17, 30, 21, 2, 30, 128, 19385 }, // é
    { 17, 30, 21, 2, 30, 128, 19513 }, // ê
    { 17, 27, 21, 2, 27, 115, 19641 }, // ë
    { 9, 30, 10, -1, 30, 68, 19756 }, // ì
    { 9, 30, 10, 2, 30, 68, 19824 }, // í
    { 14, 30, 10, -2, 30, 105, 19892 }, // î
    { 11, 27, 10, 0, 27, 75, 19997 }, // ï
    { 19, 31, 22, 2, 31, 148, 20072 }, // ð
    { 17, 28, 23, 3, 28, 119, 20220 }, // ñ
    { 19, 30, 22, 2, 30, 143, 20339 }, // ò
    { 19, 30, 22, 2, 30, 143, 20482 }, // ó
    { 19, 30, 22, 2, 30, 143, 20625 }, // ô
    { 19, 28, 22, 2, 28, 133, 20768 }, // õ
    { 19, 27, 22, 2, 27, 129, 20901 }, // ö
    { 18, 18, 22, 2, 23, 81, 21030 }, // ÷
    { 19, 23, 22, 2, 22, 110, 21111 }, // ø
    { 17, 30, 23, 3, 30, 128, 21221 }, // ù
    { 17, 30, 23, 3, 30, 128, 21349 }, // ú
    { 17, 30, 23, 3, 30, 128, 21477 }, // û
    { 17, 27, 23, 3, 27, 115, 21605 }, // ü
    { 20, 39, 19, -1, 30, 195, 21720 }, // ý
    { 18, 38, 23, 3, 29, 171, 21915 }, // þ
    { 20, 36, 20, 0, 27, 180, 22086 }, // ÿ
    { 25, 33, 24, -1, 33, 207, 22266 }, // Ā
    { 17, 27, 21, 2, 27, 115, 22473 }, // ā
    { 25, 36, 24, -1, 36, 225, 22588 }, // Ă
    { 17, 29, 21, 2, 29, 124, 22813 }, // ă
    { 24, 36, 25, 0, 27, 216, 22937 }, // Ą
    { 17, 29, 21, 2, 21, 124, 23153 }, // ą
    { 21, 37, 23, 2, 37, 195, 23277 }, // Ć
    { 15, 30, 18, 2, 30, 113, 23472 }, // ć
    { 21, 37, 23, 2, 37, 195, 23585 }, // Ĉ
    { 16, 30, 18, 2, 30, 120, 23780 }, // ĉ
    { 21, 35, 23, 2, 35, 184, 23900 }, // Ċ
    { 15, 29, 18, 2, 29, 109, 24084 }, // ċ
    { 21, 37, 23, 2, 37, 195, 24193 }, // Č
    { 16, 30, 18, 2, 30, 120, 24388 }, // č
    { 22, 37, 28, 4, 37, 204, 24508 }, // Ď
    { 24, 29, 23, 2, 29, 174, 24712 }, // ď
    { 24, 27, 27, 1, 27, 162, 24886 }, // Đ
    { 21, 29, 24, 2, 29, 153, 25048 }, // đ
    { 15, 33, 21, 4, 33, 124, 25201 }, // Ē
    { 17, 27, 21, 2, 27, 115, 25325 }, // ē
    { 15, 36, 21, 4, 36, 135, 25440 }, // Ĕ
    { 17, 29, 21, 2, 29, 124, 25575 }, // ĕ
    { 15, 35, 21, 4, 35, 132, 25699 }, // Ė
    { 17, 29, 21, 2, 29, 124, 25831 }, // ė
    { 15, 36, 21, 4, 27, 135, 25955 }, // Ę
    { 17, 29, 21, 2, 21, 124, 26090 }, // ę
    { 15, 37, 21, 4, 37, 139, 26214 }, // Ě
    { 17, 30, 21, 2, 30, 128, 26353 }, // ě
    { 23, 37, 27, 2, 37, 213, 26481 }, // Ĝ
    { 18, 39, 23, 2, 30, 176, 26694 }, // ĝ
    { 23, 36, 27, 2, 36, 207, 26870 }, // Ğ
    { 18, 38, 23, 2, 29, 171, 27077 }, // ğ
    { 23, 35, 27, 2, 35, 202, 27248 }, // Ġ
    { 18, 38, 23, 2, 29, 171, 27450 }, // ġ
    { 23, 35, 27, 2, 27, 202, 27621 }, // Ģ
    { 18, 39, 23, 2, 30, 176, 27823 }, // ģ
    { 21, 37, 28, 4, 37, 195, 27999 }, // Ĥ
    { 22, 38, 23, -2, 38, 209, 28194 }, // ĥ
    { 28, 27, 29, 0, 27, 189, 28403 }, // Ħ
    { 20, 29, 24, 1, 29, 145, 28592 }, // ħ
    { 15, 35, 13, -1, 35, 132, 28737 }, // Ĩ
    { 15, 28, 10, -3, 28, 105, 28869 }, // ĩ
    { 11, 33, 13, 1, 33, 91, 28974 }, // Ī
    { 11, 26, 9, -1, 26, 72, 29065 }, // ī
    { 13, 36, 14, 1, 36, 117, 29137 }, // Ĭ
    { 12, 29, 10, -1, 29, 87, 29254 }, // ĭ
    { 10, 36, 13, 1, 27, 90, 29341 }, // Į
    { 6, 38, 9, 1, 29, 57, 29431 }, // į
    { 10, 35, 13, 1, 35, 88, 29488 }, // İ
    { 4, 21, 10, 3, 21, 21, 29576 }, // ı
    { 18, 34, 22, 1, 27, 153, 29597 }, // Ĳ
    { 14, 38, 19, 3, 29, 133, 29750 }, // ĳ
    { 16, 44, 11, -3, 36, 176, 29883 }, // Ĵ
    { 14, 39, 10, -2, 30, 137, 30059 }, // ĵ
    { 20, 35, 24, 4, 27, 175, 30196 }, // Ķ
    { 17, 37, 20, 3, 29, 158, 30371 }, // ķ
    { 17, 21, 20, 3, 21, 90, 30529 }, // ĸ
    { 16, 37, 20, 3, 37, 148, 30619 }, // Ĺ
    { 9, 38, 10, 2, 38, 86, 30767 }, // ĺ
    { 15, 35, 20, 4, 27, 132, 30853 }, // Ļ
    { 6, 37, 10, 2, 29, 56, 30985 }, // ļ
    { 15, 27, 20, 4, 27, 102, 31041 }, // Ľ
    { 10, 29, 10, 3, 29, 73, 31143 }, // ľ
    { 15, 27, 20, 4, 27, 102, 31216 }, // Ŀ
    { 9, 29, 10, 3, 29, 66, 31318 }, // ŀ
    { 19, 27, 20, 0, 27, 129, 31384 }, // Ł
    { 12, 29, 10, -1, 29, 87, 31513 }, // ł
    { 22, 37, 29, 4, 37, 204, 31600 }, // Ń
    { 17, 30, 23, 3, 30, 128, 31804 }, // ń
    { 22, 35, 29, 4, 27, 193, 31932 }, // Ņ
    { 17, 29, 23, 3, 21, 124, 32125 }, // ņ
    { 22, 37, 29, 4, 37, 204, 32249 }, // Ň
    { 17, 29, 23, 3, 29, 124, 32453 }, // ň
    { 23, 27, 26, 0, 27, 156, 32577 }, // ŉ
    { 22, 34, 29, 4, 27, 187, 32733 }, // Ŋ
    { 17, 30, 23, 3, 21, 128, 32920 }, // ŋ
    { 25, 33, 29, 2, 33, 207, 33048 }, // Ō
    { 19, 27, 22, 2, 27, 129, 33255 }, // ō
    { 25, 36, 29, 2, 36, 225, 33384 }, // Ŏ
    { 19, 29, 22, 2, 29, 138, 33609 }, // ŏ
    { 25, 37, 29, 2, 37, 232, 33747 }, // Ő
    { 19, 30, 22, 2, 30, 143, 33979 }, // ő
    { 31, 27, 35, 2, 27, 210, 34122 }, // Œ
    { 32, 21, 35, 2, 21, 168, 34332 }, // œ
    { 19, 37, 24, 4, 37, 176, 34500 }, // Ŕ
    { 12, 30, 15, 3, 30, 90, 34676 }, // ŕ
    { 19, 35, 24, 4, 27, 167, 34766 }, // Ŗ
    { 13, 29, 15, 2, 21, 95, 34933 }, // ŗ
    { 19, 37, 24, 4, 37, 176, 35028 }, // Ř
    { 14, 30, 15, 2, 30, 105, 35204 }, // ř
    { 18, 37, 20, 1, 37, 167, 35309 }, // Ś
    { 15, 30, 18, 2, 30, 113, 35476 }, // ś
    { 18, 37, 20, 1, 37, 167, 35589 }, // Ŝ
    { 15, 30, 18, 2, 30, 113, 35756 }, // ŝ
    { 18, 36, 20, 1, 27, 162, 35869 }, // Ş
    { 15, 30, 18, 2, 21, 113, 36031 }, // ş
    { 18, 37, 20, 1, 37, 167, 36144 }, // Š
    { 15, 30, 18, 2, 30, 113, 36311 }, // š
    { 20, 37, 22, 1, 27, 185, 36424 }, // Ţ
    { 12, 35, 14, 1, 26, 105, 36609 }, // ţ
    { 20, 37, 22, 1, 37, 185, 36714 }, // Ť
    { 17, 29, 14, 1, 29, 124, 36899 }, // ť
    { 20, 27, 22, 1, 27, 135, 37023 }, // Ŧ
    { 12, 26, 14, 1, 26, 78, 37158 }, // ŧ
    { 21, 35, 27, 3, 35, 184, 37236 }, // Ũ
    { 17, 28, 23, 3, 28, 119, 37420 }, // ũ
    { 21, 33, 27, 3, 33, 174, 37539 }, // Ū
    { 17, 27, 23, 3, 27, 115, 37713 }, // ū
    { 21, 36, 27, 3, 36, 189, 37828 }, // Ŭ
    { 17, 29, 23, 3, 29, 124, 38017 }, // ŭ
    { 21, 39, 27, 3, 39, 205, 38141 }, // Ů
    { 17, 32, 23, 3, 32, 136, 38346 }, // ů
    { 21, 37, 27, 3, 37, 195, 38482 }, // Ű
    { 17, 30, 23, 3, 30, 128, 38677 }, // ű
    { 21, 35, 27, 3, 27, 184, 38805 }, // Ų
    { 18, 29, 23, 3, 21, 131, 38989 }, // ų
    { 35, 37, 35, 0, 37, 324, 39120 }, // Ŵ
    { 30, 30, 29, 0, 30, 225, 39444 }, // ŵ
    { 22, 37, 21, 0, 37, 204, 39669 }, // Ŷ
    { 20, 39, 19, -1, 30, 195, 39873 }, // ŷ
    { 22, 35, 21, -1, 35, 193, 40068 }, // Ÿ
    { 19, 37, 21, 1, 37, 176, 40261 }, // Ź
    { 15, 30, 17, 1, 30, 113, 40437 }, // ź
    { 19, 35, 21, 1, 35, 167, 40550 }, // Ż
    { 15, 29, 17, 1, 29, 109, 40717 }, // ż
    { 19, 37, 21, 1, 37, 176, 40826 }, // Ž
    { 15, 30, 17, 1, 30, 113, 41002 }, // ž
    { 11, 30, 12, 3, 30, 83, 41115 }, // ſ
    { 9, 6, 0, -19, 29, 14, 41198 }, // ̀
    { 9, 6, 0, -13, 29, 14, 41212 }, // ́
    { 14, 6, 0, -7, 29, 21, 41226 }, // ̂
    { 15, 5, 0, -19, 28, 19, 41247 }, // ̃
    { 11, 3, 0, -5, 26, 9, 41266 }, // ̄
    { 16, 3, 0, -8, 33, 12, 41275 }, // ̅
    { 12, 5, 0, -6, 28, 15, 41287 }, // ̆
    { 4, 4, 0, -2, 28, 4, 41302 }, // ̇
    { 11, 4, 0, -5, 28, 11, 41306 }, // ̈
    { 7, 10, 0, -14, 33, 18, 41317 }, // ̉
    { 9, 8, 0, -4, 31, 18, 41335 }, // ̊
    { 14, 6, 0, -5, 29, 21, 41353 }, // ̋
    { 14, 6, 0, -7, 29, 21, 41374 }, // ̌
    { 4, 6, 0, -1, 29, 6, 41395 }, // ̍
    { 9, 6, 0, -4, 29, 14, 41401 }, // ̎
    { 15, 6, 0, -20, 29, 23, 41415 }, // ̏
    { 12, 9, 0, -6, 32, 27, 41438 }, // ̐
    { 12, 6, 0, -6, 29, 18, 41465 }, // ̑
    { 6, 9, 0, -3, 27, 14, 41483 }, // ̒
    { 6, 9, 0, -3, 27, 14, 41497 }, // ̓
    { 6, 9, 0, -3, 27, 14, 41511 }, // ̔
    { 6, 9, 0, -3, 27, 14, 41525 }, // ̕
    { 8, 6, 0, -4, -2, 12, 41539 }, // ̖
    { 8, 6, 0, -4, -2, 12, 41551 }, // ̗
    { 7, 7, 0, -3, -1, 13, 41563 }, // ̘
    { 7, 7, 0, -3, -1, 13, 41576 }, // ̙
    { 10, 10, 12, 1, 30, 25, 41589 }, // ̚
    { 8, 8, 0, -4, 29, 16, 41614 }, // ̛
    { 4, 8, 0, -2, -1, 8, 41630 }, // ̜
    { 8, 6, 0, -4, -2, 12, 41638 }, // ̝
    { 8, 7, 0, -4, -1, 14, 41650 }, // ̞
    { 8, 8, 0, -4, -1, 16, 41664 }, // ̟
    { 9, 3, 0, -4, -3, 7, 41680 }, // ̠
    { 8, 11, 0, -7, 2, 22, 41687 }, // ̡
    { 7, 11, 0, 0, 2, 20, 41709 }, // ̢
    { 4, 4, 0, -13, -3, 4, 41729 }, // ̣
    { 11, 4, 0, -5, -3, 11, 41733 }, // ̤
    { 9, 8, 0, -4, -1, 18, 41744 }, // ̥
    { 6, 6, 0, -3, -2, 9, 41762 }, // ̦
    { 8, 9, 0, -4, 0, 18, 41771 }, // ̧
    { 6, 10, 0, -3, 2, 15, 41789 }, // ̨
    { 4, 6, 0, -1, -2, 6, 41804 }, // ̩
    { 14, 7, 0, -7, -1, 25, 41810 }, // ̪
    { 15, 5, 0, -7, -2, 19, 41835 }, // ̫
    { 14, 6, 0, -7, -2, 21, 41854 }, // ̬
    { 14, 6, 0, -7, -2, 21, 41875 }, // ̭
    { 12, 5, 0, -6, -2, 15, 41896 }, // ̮
    { 12, 6, 0, -6, -2, 18, 41911 }, // ̯
    { 14, 5, 0, -7, -2, 18, 41929 }, // ̰
    { 11, 3, 0, -5, -3, 9, 41947 }, // ̱
    { 17, 3, 0, -8, -3, 13, 41956 }, // ̲
    { 16, 8, 0, -8, -1, 32, 41969 }, // ̳
    { 15, 5, 0, -7, 13, 19, 42001 }, // ̴
    { 16, 3, 0, -8, 13, 12, 42020 }, // ̵
    { 27, 3, 0, -13, 13, 21, 42032 }, // ̶
    { 12, 9, 0, -6, 16, 27, 42053 }, // ̷
    { 16, 32, 0, -8, 30, 128, 42080 }, // ̸
    { 4, 8, 0, -2, -1, 8, 42208 }, // ̹
    { 14, 7, 0, -7, -1, 25, 42216 }, // ̺
    { 15, 8, 0, -7, -1, 30, 42241 }, // ̻
    { 15, 5, 0, -7, -2, 19, 42271 }, // ̼
    { 8, 9, 0, -4, 30, 18, 42290 }, // ̽
    { 5, 11, 0, -2, 33, 14, 42308 }, // ̾
    { 16, 8, 0, -8, 37, 32, 42322 }, // ̿
    { 8, 6, 0, -6, 29, 12, 42354 }, // ̀
    { 9, 6, 0, -2, 29, 14, 42366 }, // ́
    { 14, 5, 0, -7, 28, 18, 42380 }, // ͂
    { 6, 8, 0, -3, 31, 12, 42398 }, // ̓
    { 13, 7, 0, -6, 30, 23, 42410 }, // ̈́
    { 6, 6, 0, -1, -3, 9, 42433 }, // ͅ
    { 17, 7, 0, -8, 30, 30, 42442 }, // ͆
    { 16, 8, 0, -8, -1, 32, 42472 }, // ͇
    { 9, 6, 0, -4, -2, 14, 42504 }, // ͈
    { 8, 8, 0, -4, -2, 16, 42518 }, // ͉
    { 14, 9, 0, -7, 30, 32, 42534 }, // ͊
    { 15, 13, 0, -8, 35, 49, 42566 }, // ͋
    { 14, 10, 0, -7, 33, 35, 42615 }, // ͌
    { 14, 9, 0, -7, 0, 32, 42650 }, // ͍
    { 8, 9, 0, -4, 0, 18, 42682 }, // ͎
    { 27, 28, 0, -13, 28, 189, 42700 }, // ͏
    { 6, 8, 0, -3, 31, 12, 42889 }, // ͐
    { 4, 8, 0, -2, 31, 8, 42901 }, // ͑
    { 12, 9, 0, -6, 32, 27, 42909 }, // ͒
    { 8, 8, 0, -4, -1, 16, 42936 }, // ͓
    { 6, 8, 0, -3, -1, 12, 42952 }, // ͔
    { 6, 8, 0, -3, -1, 12, 42964 }, // ͕
    { 15, 8, 0, -7, -1, 30, 42976 }, // ͖
    { 4, 8, 0, -2, 31, 8, 43006 }, // ͗
    { 4, 4, 0, 5, 28, 4, 43014 }, // ͘
    { 8, 8, 0, -4, -1, 16, 43018 }, // ͙
    { 15, 8, 0, -7, -1, 30, 43034 }, // ͚
    { 8, 8, 0, -4, 31, 16, 43064 }, // ͛
    { 30, 7, 0, -15, -2, 53, 43080 }, // ͜
    { 30, 7, 0, -15, 30, 53, 43133 }, // ͝
    { 23, 2, 0, -11, 26, 12, 43186 }, // ͞
    { 23, 2, 0, -11, -3, 12, 43198 }, // ͟
    { 30, 5, 0, -15, 28, 38, 43210 }, // ͠
    { 30, 8, 0, -15, 33, 60, 43248 }, // ͡
    { 29, 9, 0, -14, 0, 66, 43308 }, // ͢
    { 7, 8, 0, -3, 32, 14, 43374 }, // ͣ
    { 8, 8, 0, -3, 32, 16, 43388 }, // ͤ
    { 2, 11, 0, 0, 35, 6, 43404 }, // ͥ
    { 9, 8, 0, -4, 32, 18, 43410 }, // ͦ
    { 8, 8, 0, -3, 32, 16, 43428 }, // ͧ
    { 7, 8, 0, -3, 32, 14, 43444 }, // ͨ
    { 8, 12, 0, -4, 36, 24, 43458 }, // ͩ
    { 8, 12, 0, -4, 36, 24, 43482 }, // ͪ
    { 13, 8, 0, -6, 32, 26, 43506 }, // ͫ
    { 6, 8, 0, -2, 32, 12, 43532 }, // ͬ
    { 7, 11, 0, -3, 35, 20, 43544 }, // ͭ
    { 9, 8, 0, -4, 32, 18, 43564 }, // ͮ
    { 9, 8, 0, -4, 32, 18, 43582 }, // ͯ
    { 15, 37, 21, 4, 37, 139, 43600 }, // Ѐ
    { 15, 35, 21, 4, 35, 132, 43739 }, // Ё
    { 25, 27, 27, 1, 27, 169, 43871 }, // Ђ
    { 15, 37, 19, 4, 37, 139, 44040 }, // Ѓ
    { 21, 27, 24, 2, 27, 142, 44179 }, // Є
    { 18, 27, 20, 1, 27, 122, 44321 }, // Ѕ
    { 4, 27, 11, 4, 27, 27, 44443 }, // І
    { 9, 35, 11, 1, 35, 79, 44470 }, // Ї
    { 11, 35, 11, -3, 27, 97, 44549 }, // Ј
    { 36, 27, 39, 1, 27, 243, 44646 }, // Љ
    { 33, 27, 39, 4, 27, 223, 44889 }, // Њ
    { 25, 27, 28, 1, 27, 169, 45112 }, // Ћ
    { 20, 37, 24, 4, 37, 185, 45281 }, // Ќ
    { 21, 37, 29, 4, 37, 195, 45466 }, // Ѝ
    { 24, 35, 23, 0, 35, 210, 45661 }, // Ў
    { 21, 33, 28, 4, 27, 174, 45871 }, // Џ
    { 24, 27, 24, 0, 27, 162, 46045 }, // А
    { 18, 27, 23, 4, 27, 122, 46207 }, // Б
    { 19, 27, 25, 4, 27, 129, 46329 }, // В
    { 15, 27, 19, 4, 27, 102, 46458 }, // Г
    { 27, 34, 28, 1, 27, 230, 46560 }, // Д
    { 15, 27, 21, 4, 27, 102, 46790 }, // Е
    { 35, 27, 34, 0, 27, 237, 46892 }, // Ж
    { 19, 27, 22, 1, 27, 129, 47129 }, // З
    { 21, 27, 29, 4, 27, 142, 47258 }, // И
    { 21, 35, 29, 4, 35, 184, 47400 }, // Й
    { 20, 27, 24, 4, 27, 135, 47584 }, // К
    { 23, 27, 27, 1, 27, 156, 47719 }, // Л
    { 27, 27, 35, 4, 27, 183, 47875 }, // М
    { 21, 27, 28, 4, 27, 142, 48058 }, // Н
    { 24, 27, 28, 2, 27, 162, 48200 }, // О
    { 21, 27, 28, 4, 27, 142, 48362 }, // П
    { 17, 27, 23, 4, 27, 115, 48504 }, // Р
    { 21, 27, 24, 2, 27, 142, 48619 }, // С
    { 20, 27, 22, 1, 27, 135, 48761 }, // Т
    { 24, 27, 23, 0, 27, 162, 48896 }, // У
    { 27, 28, 30, 2, 27, 189, 49058 }, // Ф
    { 22, 27, 22, 0, 27, 149, 49247 }, // Х
    { 24, 33, 29, 4, 27, 198, 49396 }, // Ц
    { 19, 27, 26, 3, 27, 129, 49594 }, // Ч
    { 32, 27, 39, 4, 27, 216, 49723 }, // Ш
    { 35, 33, 39, 4, 27, 289, 49939 }, // Щ
    { 23, 27, 26, 1, 27, 156, 50228 }, // Ъ
    { 25, 27, 32, 4, 27, 169, 50384 }, // Ы
    { 17, 27, 23, 4, 27, 115, 50553 }, // Ь
    { 21, 27, 24, 1, 27, 142, 50668 }, // Э
    { 32, 27, 38, 4, 27, 216, 50810 }, // Ю
    { 20, 27, 24, 1, 27, 135, 51026 }, // Я
    { 17, 21, 22, 2, 21, 90, 51161 }, // а
    { 19, 31, 22, 2, 31, 148, 51251 }, // б
    { 17, 21, 21, 3, 21, 90, 51399 }, // в
    { 13, 21, 16, 3, 21, 69, 51489 }, // г
    { 22, 27, 24, 1, 21, 149, 51558 }, // д
    { 17, 21, 21, 2, 21, 90, 51707 }, // е
    { 29, 21, 29, 0, 21, 153, 51797 }, // ж
    { 15, 21, 18, 1, 21, 79, 51950 }, // з
    { 17, 21, 23, 3, 21, 90, 52029 }, // и
    { 17, 29, 23, 3, 29, 124, 52119 }, // й
    { 17, 21, 20, 3, 21, 90, 52243 }, // к
    { 19, 21, 22, 0, 21, 100, 52333 }, // л
    { 23, 21, 29, 3, 21, 121, 52433 }, // м
    { 17, 21, 23, 3, 21, 90, 52554 }, // н
    { 19, 21, 22, 2, 21, 100, 52644 }, // о
    { 17, 21, 23, 3, 21, 90, 52744 }, // п
    { 18, 30, 23, 3, 21, 135, 52834 }, // р
    { 15, 21, 19, 2, 21, 79, 52969 }, // с
    { 16, 21, 18, 1, 21, 84, 53048 }, // т
    { 20, 30, 19, 0, 21, 150, 53132 }, // у
    { 24, 39, 28, 2, 30, 234, 53282 }, // ф
    { 20, 21, 19, -1, 21, 105, 53516 }, // х
    { 20, 27, 23, 3, 21, 135, 53621 }, // ц
    { 17, 21, 22, 2, 21, 90, 53756 }, // ч
    { 28, 21, 34, 3, 21, 147, 53846 }, // ш
    { 31, 27, 34, 3, 21, 210, 53993 }, // щ
    { 22, 21, 23, 0, 21, 116, 54203 }, // ъ
    { 22, 21, 28, 3, 21, 116, 54319 }, // ы
    { 16, 21, 20, 3, 21, 84, 54435 }, // ь
    { 16, 21, 19, 2, 21, 84, 54519 }, // э
    { 25, 21, 30, 3, 21, 132, 54603 }, // ю
    { 18, 21, 22, 1, 21, 95, 54735 }, // я
    { 17, 30, 21, 2, 30, 128, 54830 }, // ѐ
    { 17, 27, 21, 2, 27, 115, 54958 }, // ё
    { 20, 38, 24, 1, 29, 190, 55073 }, // ђ
    { 13, 30, 16, 3, 30, 98, 55263 }, // ѓ
    { 15, 21, 19, 2, 21, 79, 55361 }, // є
    { 15, 21, 17, 1, 21, 79, 55440 }, // ѕ
    { 4, 27, 9, 3, 27, 27, 55519 }, // і
    { 8, 27, 10, 1, 27, 54, 55546 }, // ї
    { 9, 36, 9, -2, 27, 81, 55600 }, // ј
    { 31, 21, 32, 0, 21, 163, 55681 }, // љ
    { 29, 21, 33, 3, 21, 153, 55844 }, // њ
    { 20, 29, 24, 1, 29, 145, 55997 }, // ћ
    { 17, 30, 20, 3, 30, 128, 56142 }, // ќ
    { 17, 30, 23, 3, 30, 128, 56270 }, // ѝ
    { 20, 38, 19, 0, 29, 190, 56398 }, // ў
    { 17, 27, 23, 3, 21, 115, 56588 }, // џ
    { 33, 27, 34, 1, 27, 223, 56703 }, // Ѡ
    { 28, 21, 30, 1, 21, 147, 56926 }, // ѡ
    { 23, 27, 26, 1, 27, 156, 57073 }, // Ѣ
    { 22, 25, 24, 1, 25, 138, 57229 }, // ѣ
    { 31, 27, 35, 4, 27, 210, 57367 }, // Ѥ
    { 24, 21, 28, 3, 21, 126, 57577 }, // ѥ
    { 27, 27, 26, -1, 27, 183, 57703 }, // Ѧ
    { 23, 21, 22, -1, 21, 121, 57886 }, // ѧ
    { 32, 27, 35, 4, 27, 216, 58007 }, // Ѩ
    { 27, 21, 29, 3, 21, 142, 58223 }, // ѩ
    { 28, 27, 28, 0, 27, 189, 58365 }, // Ѫ
    { 25, 21, 25, 0, 21, 132, 58554 }, // ѫ
    { 34, 27, 38, 4, 27, 230, 58686 }, // Ѭ
    { 29, 21, 32, 3, 21, 153, 58916 }, // ѭ
    { 19, 41, 22, 1, 33, 195, 59069 }, // Ѯ
    { 17, 34, 19, 1, 26, 145, 59264 }, // ѯ
    { 24, 27, 30, 3, 27, 162, 59409 }, // Ѱ
    { 23, 39, 29, 3, 30, 225, 59571 }, // ѱ
    { 25, 27, 29, 2, 27, 169, 59796 }, // Ѳ
    { 19, 21, 23, 2, 21, 100, 59965 }, // ѳ
    { 25, 27, 24, 0, 27, 169, 60065 }, // Ѵ
    { 21, 21, 19, -1, 21, 111, 60234 }, // ѵ
    { 25, 36, 24, 0, 36, 225, 60345 }, // Ѷ
    { 21, 29, 19, -1, 29, 153, 60570 }, // ѷ
    { 44, 36, 45, 2, 27, 396, 60723 }, // Ѹ
    { 40, 30, 41, 2, 21, 300, 61119 }, // ѹ
    { 26, 32, 30, 2, 30, 208, 61419 }, // Ѻ
    { 21, 25, 25, 2, 23, 132, 61627 }, // ѻ
    { 34, 40, 38, 2, 40, 340, 61759 }, // Ѽ
    { 30, 35, 34, 2, 35, 263, 62099 }, // ѽ
    { 33, 34, 34, 1, 34, 281, 62362 }, // Ѿ
    { 28, 27, 30, 1, 27, 189, 62643 }, // ѿ
    { 21, 36, 24, 2, 27, 189, 62832 }, // Ҁ
    { 16, 30, 18, 2, 21, 120, 63021 }, // ҁ
    { 20, 26, 23, 1, 25, 130, 63141 }, // ҂
    { 14, 6, 0, -17, 28, 21, 63271 }, // ҃
    { 15, 5, 0, -18, 29, 19, 63292 }, // ҄
    { 5, 7, 0, -13, 30, 9, 63311 }, // ҅
    { 5, 7, 0, -13, 30, 9, 63320 }, // ҆
    { 14, 5, 0, -7, 34, 18, 63329 }, // ҇
    { 43, 40, 0, -22, 31, 430, 63347 }, // ҈
    { 41, 42, 0, -21, 31, 431, 63777 }, // ҉
    { 26, 43, 30, 4, 36, 280, 64208 }, // Ҋ
    { 22, 36, 25, 3, 29, 198, 64488 }, // ҋ
    { 21, 27, 23, 1, 27, 142, 64686 }, // Ҍ
    { 20, 29, 23, 1, 29, 145, 64828 }, // ҍ
    { 18, 27, 23, 4, 27, 122, 64973 }, // Ҏ
    { 18, 30, 23, 3, 21, 135, 65095 }, // ҏ
    { 16, 33, 20, 4, 33, 132, 65230 }, // Ґ
    { 13, 27, 16, 3, 27, 88, 65362 }, // ґ
    { 18, 27, 20, 1, 27, 122, 65450 }, // Ғ
    { 15, 21, 17, 1, 21, 79, 65572 }, // ғ
    { 20, 36, 25, 4, 27, 180, 65651 }, // Ҕ
    { 16, 30, 20, 3, 21, 120, 65831 }, // ҕ
    { 34, 34, 34, -1, 27, 289, 65951 }, // Җ
    { 30, 28, 30, -1, 21, 210, 66240 }, // җ
    { 18, 35, 21, 1, 27, 158, 66450 }, // Ҙ
    { 16, 29, 18, 1, 21, 116, 66608 }, // ҙ
    { 21, 34, 26, 4, 27, 179, 66724 }, // Қ
    { 18, 28, 21, 3, 21, 126, 66903 }, // қ
    { 20, 27, 24, 4, 27, 135, 67029 }, // Ҝ
    { 17, 21, 20, 3, 21, 90, 67164 }, // ҝ
    { 23, 27, 24, 1, 27, 156, 67254 }, // Ҟ
    { 20, 29, 21, 1, 29, 145, 67410 }, // ҟ
    { 26, 27, 27, 1, 27, 176, 67555 }, // Ҡ
    { 24, 21, 24, 0, 21, 126, 67731 }, // ҡ
    { 24, 34, 29, 4, 27, 204, 67857 }, // Ң
    { 21, 28, 24, 3, 21, 147, 68061 }, // ң
    { 27, 27, 31, 4, 27, 183, 68208 }, // Ҥ
    { 24, 21, 28, 3, 21, 126, 68391 }, // ҥ
    { 35, 36, 40, 4, 27, 315, 68517 }, // Ҧ
    { 28, 30, 32, 3, 21, 210, 68832 }, // ҧ
    { 26, 28, 29, 2, 27, 182, 69042 }, // Ҩ
    { 21, 22, 24, 2, 21, 116, 69224 }, // ҩ
    { 21, 35, 23, 2, 27, 184, 69340 }, // Ҫ
    { 15, 29, 18, 2, 21, 109, 69524 }, // ҫ
    { 20, 34, 22, 1, 27, 170, 69633 }, // Ҭ
    { 16, 28, 18, 1, 21, 112, 69803 }, // ҭ
    { 22, 27, 21, 0, 27, 149, 69915 }, // Ү
    { 20, 30, 19, 0, 21, 150, 70064 }, // ү
    { 22, 27, 20, -1, 27, 149, 70214 }, // Ұ
    { 20, 30, 20, 0, 21, 150, 70363 }, // ұ
    { 24, 34, 24, 0, 27, 204, 70513 }, // Ҳ
    { 21, 28, 21, 0, 21, 147, 70717 }, // ҳ
    { 32, 34, 33, 1, 27, 272, 70864 }, // Ҵ
    { 26, 29, 28, 1, 21, 189, 71136 }, // ҵ
    { 23, 34, 27, 3, 27, 196, 71325 }, // Ҷ
    { 20, 28, 24, 3, 21, 140, 71521 }, // ҷ
    { 20, 27, 26, 3, 27, 135, 71661 }, // Ҹ
    { 17, 21, 23, 3, 21, 90, 71796 }, // ҹ
    { 20, 27, 26, 4, 27, 135, 71886 }, // Һ
    { 17, 29, 23, 3, 29, 124, 72021 }, // һ
    { 29, 27, 32, 1, 27, 196, 72145 }, // Ҽ
    { 22, 21, 25, 1, 21, 116, 72341 }, // ҽ
    { 29, 34, 32, 1, 27, 247, 72457 }, // Ҿ
    { 22, 28, 25, 1, 21, 154, 72704 }, // ҿ
    { 10, 27, 13, 1, 27, 68, 72858 }, // Ӏ
    { 35, 35, 34, 0, 35, 307, 72926 }, // Ӂ
    { 29, 29, 29, 0, 29, 211, 73233 }, // ӂ
    { 21, 36, 26, 4, 27, 189, 73444 }, // Ӄ
    { 17, 30, 21, 3, 21, 128, 73633 }, // ӄ
    { 28, 34, 28, 0, 27, 238, 73761 }, // Ӆ
    { 22, 28, 23, 1, 21, 154, 73999 }, // ӆ
    { 21, 36, 28, 4, 27, 189, 74153 }, // Ӈ
    { 18, 30, 23, 3, 21, 135, 74342 }, // ӈ
    { 25, 34, 29, 4, 27, 213, 74477 }, // Ӊ
    { 21, 28, 25, 3, 21, 147, 74690 }, // ӊ
    { 20, 34, 26, 3, 27, 170, 74837 }, // Ӌ
    { 17, 28, 23, 3, 21, 119, 75007 }, // ӌ
    { 31, 34, 35, 4, 27, 264, 75126 }, // Ӎ
    { 26, 28, 29, 3, 21, 182, 75390 }, // ӎ
    { 10, 27, 13, 1, 27, 68, 75572 }, // ӏ
    { 24, 35, 24, 0, 35, 210, 75640 }, // Ӑ
    { 17, 29, 22, 2, 29, 124, 75850 }, // ӑ
    { 25, 35, 24, 0, 35, 219, 75974 }, // Ӓ
    { 17, 27, 22, 2, 27, 115, 76193 }, // ӓ
    { 31, 27, 33, 0, 27, 210, 76308 }, // Ӕ
    { 29, 21, 33, 2, 21, 153, 76518 }, // ӕ
    { 15, 35, 21, 4, 35, 132, 76671 }, // Ӗ
    { 17, 29, 21, 2, 29, 124, 76803 }, // ӗ
    { 23, 27, 27, 2, 27, 156, 76927 }, // Ә
    { 17, 21, 21, 2, 21, 90, 77083 }, // ә
    { 23, 35, 27, 2, 35, 202, 77173 }, // Ӛ
    { 17, 27, 21, 2, 27, 115, 77375 }, // ӛ
    { 35, 35, 34, 0, 35, 307, 77490 }, // Ӝ
    { 28, 27, 28, 0, 27, 189, 77797 }, // ӝ
    { 18, 35, 21, 1, 35, 158, 77986 }, // Ӟ
    { 15, 27, 18, 1, 27, 102, 78144 }, // ӟ
    { 19, 27, 22, 1, 27, 129, 78246 }, // Ӡ
    { 18, 30, 19, 0, 21, 135, 78375 }, // ӡ
    { 21, 33, 29, 4, 33, 174, 78510 }, // Ӣ
    { 17, 26, 23, 3, 26, 111, 78684 }, // ӣ
    { 21, 35, 29, 4, 35, 184, 78795 }, // Ӥ
    { 17, 27, 23, 3, 27, 115, 78979 }, // ӥ
    { 25, 35, 29, 2, 35, 219, 79094 }, // Ӧ
    { 19, 27, 23, 2, 27, 129, 79313 }, // ӧ
    { 25, 27, 29, 2, 27, 169, 79442 }, // Ө
    { 19, 21, 23, 2, 21, 100, 79611 }, // ө
    { 25, 35, 29, 2, 35, 219, 79711 }, // Ӫ
    { 19, 27, 23, 2, 27, 129, 79930 }, // ӫ
    { 21, 35, 24, 1, 35, 184, 80059 }, // Ӭ
    { 15, 27, 19, 2, 27, 102, 80243 }, // ӭ
    { 23, 33, 23, 0, 33, 190, 80345 }, // Ӯ
    { 19, 35, 19, 0, 26, 167, 80535 }, // ӯ
    { 24, 35, 24, 0, 35, 210, 80702 }, // Ӱ
    { 20, 36, 20, 0, 27, 180, 80912 }, // ӱ
    { 24, 37, 23, 0, 37, 222, 81092 }, // Ӳ
    { 20, 39, 19, -1, 30, 195, 81314 }, // ӳ
    { 19, 35, 26, 3, 35, 167, 81509 }, // Ӵ
    { 17, 27, 22, 2, 27, 115, 81676 }, // ӵ
    { 16, 34, 20, 4, 27, 136, 81791 }, // Ӷ
    { 12, 28, 16, 3, 21, 84, 81927 }, // ӷ
    { 25, 35, 32, 4, 35, 219, 82011 }, // Ӹ
    { 22, 27, 28, 3, 27, 149, 82230 }, // ӹ
    { 18, 35, 20, 1, 27, 158, 82379 }, // Ӻ
    { 15, 29, 17, 1, 21, 109, 82537 }, // ӻ
    { 24, 35, 24, 0, 27, 210, 82646 }, // Ӽ
    { 21, 29, 21, 0, 21, 153, 82856 }, // ӽ
    { 23, 27, 21, -1, 27, 156, 83009 }, // Ӿ
    { 20, 21, 20, 0, 21, 105, 83165 }, // ӿ
    { 0, 0, 19, 0, 0, 0, 83270 }, //  
    { 0, 0, 38, 0, 0, 0, 83270 }, //  
    { 0, 0, 19, 0, 0, 0, 83270 }, //  
    { 0, 0, 38, 0, 0, 0, 83270 }, //  
    { 0, 0, 12, 0, 0, 0, 83270 }, //  
    { 0, 0, 9, 0, 0, 0, 83270 }, //  
    { 0, 0, 6, 0, 0, 0, 83270 }, //  
    { 0, 0, 21, 0, 0, 0, 83270 }, //  
    { 0, 0, 10, 0, 0, 0, 83270 }, //  
    { 0, 0, 6, 0, 0, 0, 83270 }, //  
    { 0, 0, 4, 0, 0, 0, 83270 }, //  
    { 0, 0, 0, 0, 0, 0, 83270 }, // ​
    { 0, 0, 0, 0, 0, 0, 83270 }, // ‌
    { 0, 0, 0, 0, 0, 0, 83270 }, // ‍
    { 10, 33, 0, -1, 28, 83, 83270 }, // ‎
    { 10, 33, 0, -9, 28, 83, 83353 }, // ‏
    { 9, 3, 12, 1, 12, 7, 83436 }, // ‐
    { 9, 3, 12, 1, 12, 7, 83443 }, // ‑
    { 18, 3, 21, 1, 15, 14, 83450 }, // ‒
    { 16, 3, 19, 1, 12, 12, 83464 }, // –
    { 35, 3, 38, 1, 12, 27, 83476 }, // —
    { 35, 3, 38, 1, 12, 27, 83503 }, // ―
    { 11, 38, 21, 5, 29, 105, 83530 }, // ‖
    { 16, 8, 16, 0, -1, 32, 83635 }, // ‗
    { 7, 9, 7, 0, 27, 16, 83667 }, // ‘
    { 7, 9, 7, 0, 27, 16, 83683 }, // ’
    { 6, 9, 9, 1, 4, 14, 83699 }, // ‚
    { 7, 9, 7, 0, 27, 16, 83713 }, // ‛
    { 14, 9, 13, 0, 27, 32, 83729 }, // “
    { 14, 9, 13, 0, 27, 32, 83761 }, // ”
    { 13, 9, 16, 1, 4, 30, 83793 }, // „
    { 14, 9, 13, 0, 27, 32, 83823 }, // ‟
    { 15, 29, 19, 2, 29, 109, 83855 }, // †
    { 15, 29, 19, 2, 29, 109, 83964 }, // ‡
    { 8, 10, 14, 3, 19, 20, 84073 }, // •
    { 10, 12, 14, 3, 20, 30, 84093 }, // ‣
    { 5, 5, 19, 7, 5, 7, 84123 }, // ․
    { 15, 5, 21, 3, 5, 19, 84130 }, // ‥
    { 25, 5, 31, 3, 5, 32, 84149 }, // …
    { 5, 5, 11, 3, 12, 7, 84181 }, // ‧
    { 0, 0, 23, 0, 0, 0, 84188 }, //  
    { 0, 0, 23, 0, 0, 0, 84188 }, //  
    { 9, 29, 0, -1, 24, 66, 84188 }, // ‪
    { 9, 29, 0, -8, 24, 66, 84254 }, // ‫
    { 9, 32, 0, -4, 26, 72, 84320 }, // ‬
    { 10, 32, 0, -5, 27, 80, 84392 }, // ‭
    { 9, 32, 0, -5, 27, 72, 84472 }, // ‮
    { 0, 0, 6, 0, 0, 0, 84544 }, //  
    { 41, 27, 45, 2, 27, 277, 84544 }, // ‰
    { 56, 27, 59, 2, 27, 378, 84821 }, // ‱
    { 9, 10, 9, 1, 27, 23, 85199 }, // ′
    { 16, 10, 15, 1, 27, 40, 85222 }, // ″
    { 22, 10, 22, 1, 27, 55, 85262 }, // ‴
    { 9, 10, 9, -1, 27, 23, 85317 }, // ‵
    { 15, 10, 17, -1, 27, 38, 85340 }, // ‶
    { 21, 10, 23, -1, 27, 53, 85378 }, // ‷
    { 15, 13, 15, 0, 4, 49, 85431 }, // ‸
    { 9, 17, 12, 2, 19, 39, 85480 }, // ‹
    { 9, 17, 12, 1, 19, 39, 85519 }, // ›
    { 28, 27, 32, 2, 27, 189, 85558 }, // ※
    { 13, 27, 19, 3, 27, 88, 85747 }, // ‼
    { 15, 27, 17, 1, 27, 102, 85835 }, // ‽
    { 19, 3, 19, 0, 32, 15, 85937 }, // ‾
    { 22, 9, 23, 0, 0, 50, 85952 }, // ‿
    { 22, 9, 23, 0, 30, 50, 86002 }, // ⁀
    { 14, 25, 14, 0, 16, 88, 86052 }, // ⁁
    { 42, 35, 42, 0, 29, 368, 86140 }, // ⁂
    { 9, 3, 12, 1, 12, 7, 86508 }, // ⁃
    { 20, 27, 5, -8, 27, 135, 86515 }, // ⁄
    { 9, 34, 12, 3, 27, 77, 86650 }, // ⁅
    { 9, 34, 12, 1, 27, 77, 86727 }, // ⁆
    { 31, 27, 32, 0, 27, 210, 86804 }, // ⁇
    { 22, 27, 25, 0, 27, 149, 87014 }, // ⁈
    { 22, 27, 26, 3, 27, 149, 87163 }, // ⁉
    { 18, 21, 21, 1, 21, 95, 87312 }, // ⁊
    { 19, 35, 25, 4, 29, 167, 87407 }, // ⁋
    { 19, 20, 23, 2, 21, 95, 87574 }, // ⁌
    { 19, 20, 24, 3, 21, 95, 87669 }, // ⁍
    { 19, 18, 21, 1, 10, 86, 87764 }, // ⁎
    { 7, 26, 10, 2, 21, 46, 87850 }, // ⁏
    { 22, 40, 23, 0, 31, 220, 87896 }, // ⁐
    { 19, 37, 21, 1, 29, 176, 88116 }, // ⁑
    { 14, 27, 15, 0, 27, 95, 88292 }, // ⁒
    { 33, 6, 38, 2, 14, 50, 88387 }, // ⁓
    { 22, 9, 23, 0, -1, 50, 88437 }, // ⁔
    { 19, 20, 21, 1, 20, 95, 88487 }, // ⁕
    { 15, 27, 19, 2, 27, 102, 88582 }, // ⁖
    { 28, 10, 28, 1, 27, 70, 88684 }, // ⁗
    { 27, 27, 31, 2, 27, 183, 88754 }, // ⁘
    { 27, 27, 31, 2, 27, 183, 88937 }, // ⁙
    { 4, 27, 8, 2, 27, 27, 89120 }, // ⁚
    { 20, 29, 24, 2, 29, 145, 89147 }, // ⁛
    { 27, 29, 29, 1, 28, 196, 89292 }, // ⁜
    { 5, 27, 11, 3, 27, 34, 89488 }, // ⁝
    { 5, 27, 11, 3, 27, 34, 89522 }, // ⁞
    { 0, 0, 8, 0, 0, 0, 89556 }, //  
    { 0, 0, 23, 0, 0, 0, 89556 }, // ⁠
    { 0, 0, 23, 0, 0, 0, 89556 }, // ⁡
    { 0, 0, 23, 0, 0, 0, 89556 }, // ⁢
    { 0, 0, 23, 0, 0, 0, 89556 }, // ⁣
    { 0, 0, 23, 0, 0, 0, 89556 }, // ⁤
    { 0, 0, 0, 0, 0, 0, 89556 }, // ⁦
    { 0, 0, 0, 0, 0, 0, 89556 }, // ⁧
    { 0, 0, 0, 0, 0, 0, 89556 }, // ⁨
    { 0, 0, 0, 0, 0, 0, 89556 }, // ⁩
    { 9, 32, 0, -4, 27, 72, 89556 }, // ⁪
    { 9, 32, 0, -5, 27, 72, 89628 }, // ⁫
    { 10, 32, 0, -5, 27, 80, 89700 }, // ⁬
    { 10, 32, 0, -5, 27, 80, 89780 }, // ⁭
    { 10, 32, 0, -5, 27, 80, 89860 }, // ⁮
    { 9, 32, 0, -4, 27, 72, 89940 }, // ⁯
    { 12, 17, 13, 1, 32, 51, 90012 }, // ⁰
    { 3, 17, 6, 2, 28, 13, 90063 }, // ⁱ
    { 12, 16, 14, 1, 32, 48, 90076 }, // ⁴
    { 11, 17, 13, 1, 32, 47, 90124 }, // ⁵
    { 12, 17, 13, 1, 32, 51, 90171 }, // ⁶
    { 11, 17, 13, 1, 32, 47, 90222 }, // ⁷
    { 11, 17, 13, 1, 32, 47, 90269 }, // ⁸
    { 12, 17, 13, 1, 32, 51, 90316 }, // ⁹
    { 10, 10, 12, 1, 27, 25, 90367 }, // ⁺
    { 10, 2, 12, 1, 23, 5, 90392 }, // ⁻
    { 10, 7, 12, 1, 26, 18, 90397 }, // ⁼
    { 7, 20, 9, 2, 34, 35, 90415 }, // ⁽
    { 7, 20, 9, 0, 34, 35, 90450 }, // ⁾
    { 11, 12, 15, 2, 23, 33, 90485 }, // ⁿ
    { 12, 17, 13, 1, 12, 51, 90518 }, // ₀
    { 8, 17, 13, 1, 12, 34, 90569 }, // ₁
    { 11, 17, 13, 1, 12, 47, 90603 }, // ₂
    { 11, 18, 13, 1, 13, 50, 90650 }, // ₃
    { 12, 17, 14, 1, 12, 51, 90700 }, // ₄
    { 11, 17, 13, 1, 12, 47, 90751 }, // ₅
    { 12, 18, 13, 1, 13, 54, 90798 }, // ₆
    { 11, 18, 13, 1, 12, 50, 90852 }, // ₇
    { 11, 18, 13, 1, 13, 50, 90902 }, // ₈
    { 12, 18, 13, 1, 13, 54, 90952 }, // ₉
    { 10, 11, 12, 1, 8, 28, 91006 }, // ₊
    { 10, 2, 12, 1, 3, 5, 91034 }, // ₋
    { 10, 7, 12, 1, 6, 18, 91039 }, // ₌
    { 7, 21, 9, 2, 14, 37, 91057 }, // ₍
    { 7, 21, 9, 0, 14, 37, 91094 }, // ₎
    { 11, 13, 14, 1, 9, 36, 91131 }, // ₐ
    { 12, 13, 14, 1, 9, 39, 91167 }, // ₑ
    { 12, 13, 14, 1, 9, 39, 91206 }, // ₒ
    { 13, 13, 13, 0, 9, 43, 91245 }, // ₓ
    { 12, 13, 14, 1, 9, 39, 91288 }, // ₔ
    { 11, 18, 15, 2, 14, 50, 91327 }, // ₕ
    { 12, 18, 14, 2, 14, 54, 91377 }, // ₖ
    { 3, 18, 7, 2, 14, 14, 91431 }, // ₗ
    { 19, 13, 23, 2, 9, 62, 91445 }, // ₘ
    { 11, 13, 15, 2, 9, 36, 91507 }, // ₙ
    { 12, 18, 15, 2, 9, 54, 91543 }, // ₚ
    { 10, 13, 11, 1, 9, 33, 91597 }, // ₛ
    { 8, 16, 10, 1, 12, 32, 91630 }, // ₜ
    { 19, 27, 21, 1, 27, 129, 91662 }, // ₠
    { 20, 32, 22, 2, 29, 160, 91791 }, // ₡
    { 19, 27, 21, 2, 27, 129, 91951 }, // ₢
    { 18, 27, 22, 2, 27, 122, 92080 }, // ₣
    { 19, 27, 21, 1, 27, 129, 92202 }, // ₤
    { 29, 30, 35, 3, 26, 218, 92331 }, // ₥
    { 21, 27, 23, 1, 27, 142, 92549 }, // ₦
    { 25, 27, 29, 3, 27, 169, 92691 }, // ₧
    { 27, 27, 32, 3, 27, 183, 92860 }, // ₨
    { 24, 27, 26, 1, 27, 162, 93043 }, // ₩
    { 24, 27, 30, 3, 27, 162, 93205 }, // ₪
    { 21, 35, 24, 2, 29, 184, 93367 }, // ₫
    { 21, 27, 22, 1, 27, 142, 93551 }, // €
    { 22, 27, 22, 1, 27, 149, 93693 }, // ₭
    { 20, 27, 22, 1, 27, 135, 93842 }, // ₮
    { 35, 36, 37, 1, 27, 315, 93977 }, // ₯
    { 20, 36, 22, 0, 27, 180, 94292 }, // ₰
    { 21, 27, 23, 1, 27, 142, 94472 }, // ₱
    { 23, 32, 27, 2, 29, 184, 94614 }, // ₲
    { 24, 27, 24, 0, 27, 162, 94798 }, // ₳
    { 20, 27, 22, 1, 27, 135, 94960 }, // ₴
    { 21, 32, 23, 2, 29, 168, 95095 }, // ₵
    { 22, 25, 24, 1, 25, 138, 95263 }, // ₶
    { 25, 30, 28, 1, 27, 188, 95401 }, // ₷
    { 19, 27, 21, 1, 27, 129, 95589 }, // ₸
    { 16, 27, 22, 3, 27, 108, 95718 }, // ₹
    { 20, 27, 22, 1, 27, 135, 95826 }, // ₺
    { 28, 27, 30, 1, 27, 189, 95961 }, // ₻
    { 26, 27, 30, 2, 27, 176, 96150 }, // ₼
    { 21, 27, 22, 0, 27, 142, 96326 }, // ₽
    { 24, 30, 28, 2, 30, 180, 96468 }, // ₾
    { 17, 36, 22, 4, 32, 153, 96648 }, // ₿
    { 15, 26, 18, 2, 21, 98, 96801 }, // ⃀
    { 18, 3, 21, 2, 15, 14, 96899 }, // −
    { 35, 36, 38, 1, 29, 315, 96913 }, // �
};

static const EpdUnicodeInterval notosans_18_regularIntervals[] = {
    { 0x0, 0x0, 0x0 },
    { 0xD, 0xD, 0x1 },
    { 0x20, 0x7E, 0x2 },
    { 0xA0, 0xFF, 0x61 },
    { 0x100, 0x17F, 0xC1 },
    { 0x300, 0x36F, 0x141 },
    { 0x400, 0x4FF, 0x1B1 },
    { 0x2000, 0x2064, 0x2B1 },
    { 0x2066, 0x206F, 0x316 },
    { 0x2070, 0x2071, 0x320 },
    { 0x2074, 0x208E, 0x322 },
    { 0x2090, 0x209C, 0x33D },
    { 0x20A0, 0x20C0, 0x34A },
    { 0x2212, 0x2212, 0x36B },
    { 0xFFFD, 0xFFFD, 0x36C },
};

static const EpdFontData notosans_18_regular = {
    notosans_18_regularBitmaps,
    notosans_18_regularGlyphs,
    notosans_18_regularIntervals,
    15,
    51,
    41,
    -11,
    true,
};
