/**
 * generated by fontconvert.py
 * name: notosans_14_regular
 * size: 14
 * mode: 2-bit
 */
#pragma once
#include "EpdFontData.h"

static const uint8_t notosans_14_regularBitmaps[58683] = {
    0xBC, 0xBC, 0xBC, 0xBC, 0xBC, 0xBC, 0xBC, 0xBC, 0xBC, 0xBC, 0xBC, 0xBC, 0xBC, 0xBC, 0xBC, 0x00,
    0x00, 0x7D, 0xFF, 0xFF, 0x7D, 0x3E, 0x0B, 0xCF, 0x82, 0xF3, 0xD0, 0xBC, 0xF4, 0x2E, 0x3D, 0x07,
    0x8B, 0x41, 0xE2, 0xC0, 0x78, 0xB0, 0x0D, 0x00, 0x0F, 0x40, 0xB4, 0x00, 0x03, 0xC0, 0x3C, 0x00,
    0x00, 0xF0, 0x0F, 0x00, 0x00, 0x78, 0x03, 0xC0, 0x00, 0x2E, 0x01, 0xE0, 0x00, 0x0B, 0x40, 0xB4,
    0x03, 0xFF, 0xFF, 0xFF, 0xFC, 0xFF, 0xFF, 0xFF, 0xFF, 0x00, 0x7C, 0x03, 0xC0, 0x00, 0x1E, 0x01,
    0xE0, 0x00, 0x0B, 0x40, 0xB8, 0x00, 0x03, 0xC0, 0x2D, 0x00, 0x00, 0xF0, 0x0F, 0x40, 0x3F, 0xFF,
    0xFF, 0xFF, 0xCF, 0xFF, 0xFF, 0xFF, 0xF0, 0x0B, 0x40, 0x78, 0x00, 0x02, 0xD0, 0x2D, 0x00, 0x00,
    0xF0, 0x0F, 0x00, 0x00, 0x3C, 0x03, 0xC0, 0x00, 0x1E, 0x00, 0xF0, 0x00, 0x07, 0x80, 0x78, 0x00,
    0x00, 0x00, 0x3C, 0x00, 0x00, 0x0F, 0x00, 0x00, 0x03, 0xC0, 0x00, 0x2F, 0xFF, 0xE4, 0x3F, 0xFF,
    0xFF, 0x2F, 0x8F, 0x06, 0x8F, 0xC3, 0xC0, 0x03, 0xE0, 0xF0, 0x00, 0xFC, 0x3C, 0x00, 0x2F, 0x8F,
    0x00, 0x03, 0xFF, 0xC0, 0x00, 0x3F, 0xFE, 0x40, 0x01, 0xBF, 0xFC, 0x00, 0x0F, 0xBF, 0xC0, 0x03,
    0xC1, 0xFC, 0x00, 0xF0, 0x3F, 0x00, 0x3C, 0x0B, 0xC0, 0x0F, 0x03, 0xEF, 0x53, 0xDB, 0xF3, 0xFF,
    0xFF, 0xF4, 0x6F, 0xFF, 0x90, 0x00, 0x0F, 0x00, 0x00, 0x03, 0xC0, 0x00, 0x00, 0xF0, 0x00, 0x0B,
    0xF8, 0x00, 0x03, 0xC0, 0x03, 0xFF, 0xE0, 0x00, 0x78, 0x00, 0x7E, 0x2F, 0x40, 0x0F, 0x00, 0x0B,
    0xC0, 0xF8, 0x01, 0xE0, 0x00, 0xFC, 0x0F, 0xC0, 0x3C, 0x00, 0x0F, 0x80, 0xBC, 0x0B, 0x40, 0x00,
    0xF8, 0x0B, 0xC0, 0xF0, 0x00, 0x0F, 0x80, 0xBC, 0x2D, 0x00, 0x00, 0xFC, 0x0F, 0xC3, 0xC7, 0xF8,
    0x0B, 0xC0, 0xF8, 0xB5, 0xFF, 0xF4, 0x7E, 0x2F, 0x5E, 0x3E, 0x0F, 0xC2, 0xFF, 0xE3, 0xC7, 0xD0,
    0x7D, 0x0B, 0xF8, 0x78, 0xBC, 0x03, 0xE0, 0x00, 0x0F, 0x0B, 0xC0, 0x3E, 0x00, 0x01, 0xE0, 0xBC,
    0x03, 0xE0, 0x00, 0x3C, 0x0B, 0xC0, 0x3E, 0x00, 0x0B, 0x40, 0xBC, 0x03, 0xE0, 0x00, 0xF0, 0x07,
    0xD0, 0x7D, 0x00, 0x2D, 0x00, 0x3F, 0x1F, 0xC0, 0x03, 0xC0, 0x01, 0xFF, 0xF4, 0x00, 0xB0, 0x00,
    0x07, 0xFD, 0x00, 0x00, 0x7F, 0xE4, 0x00, 0x00, 0x00, 0xFF, 0xFF, 0x80, 0x00, 0x00, 0xBF, 0x47,
    0xF0, 0x00, 0x00, 0x3F, 0x00, 0x7E, 0x00, 0x00, 0x0F, 0x80, 0x0F, 0x80, 0x00, 0x03, 0xF0, 0x03,
    0xE0, 0x00, 0x00, 0xBC, 0x02, 0xF4, 0x00, 0x00, 0x0F, 0xC2, 0xF8, 0x00, 0x00, 0x01, 0xFB, 0xF8,
    0x00, 0x00, 0x00, 0x2F, 0xF4, 0x00, 0x00, 0x00, 0x1F, 0xF8, 0x00, 0x00, 0x00, 0x3F, 0x5F, 0xC0,
    0x03, 0xE0, 0x3F, 0x01, 0xFC, 0x01, 0xF4, 0x2F, 0x00, 0x1F, 0xC0, 0xBC, 0x0F, 0xC0, 0x00, 0xFD,
    0x7D, 0x03, 0xE0, 0x00, 0x0F, 0xFF, 0x00, 0xFC, 0x00, 0x00, 0xFF, 0x00, 0x2F, 0x40, 0x00, 0x7F,
    0xD0, 0x03, 0xF9, 0x06, 0xFF, 0xFD, 0x00, 0x7F, 0xFF, 0xFD, 0x0F, 0xD0, 0x01, 0xFF, 0xE4, 0x00,
    0xFE, 0x00, 0x3E, 0x3E, 0x3D, 0x3D, 0x3D, 0x2D, 0x2C, 0x2C, 0x00, 0xF4, 0x0F, 0xC0, 0x7C, 0x03,
    0xE0, 0x1F, 0x40, 0xFC, 0x03, 0xE0, 0x1F, 0x40, 0xBC, 0x03, 0xF0, 0x0F, 0xC0, 0x3E, 0x00, 0xF8,
    0x03, 0xE0, 0x0F, 0x80, 0x3F, 0x00, 0xBC, 0x02, 0xF0, 0x07, 0xD0, 0x0F, 0x80, 0x2F, 0x00, 0x3D,
    0x00, 0xBC, 0x00, 0xF4, 0x01, 0xF0, 0x01, 0x90, 0x2E, 0x00, 0x0F, 0x40, 0x0B, 0xC0, 0x03, 0xE0,
    0x02, 0xF0, 0x00, 0xF4, 0x00, 0xFC, 0x00, 0xBC, 0x00, 0x7D, 0x00, 0x7D, 0x00, 0x3E, 0x00, 0x3E,
    0x00, 0x3E, 0x00, 0x3E, 0x00, 0x3E, 0x00, 0x3E, 0x00, 0x7D, 0x00, 0xBC, 0x00, 0xBC, 0x00, 0xF8,
    0x01, 0xF4, 0x03, 0xF0, 0x07, 0xD0, 0x0F, 0xC0, 0x1F, 0x00, 0x19, 0x00, 0x00, 0x1F, 0x40, 0x00,
    0x01, 0xF0, 0x00, 0x00, 0x0F, 0x00, 0x00, 0x00, 0xF0, 0x00, 0x64, 0x0F, 0x01, 0x9B, 0xFE, 0xFB,
    0xFE, 0xBF, 0xFF, 0xFF, 0xE0, 0x03, 0xFC, 0x00, 0x00, 0x7F, 0xD0, 0x00, 0x0F, 0x5F, 0x00, 0x03,
    0xF0, 0xFC, 0x00, 0xBD, 0x07, 0xE0, 0x02, 0xC0, 0x38, 0x00, 0x00, 0x00, 0x00, 0x00, 0x2F, 0x00,
    0x00, 0x02, 0xF0, 0x00, 0x00, 0x2F, 0x00, 0x00, 0x02, 0xF0, 0x00, 0x00, 0x2F, 0x00, 0x00, 0x02,
    0xF0, 0x00, 0xFF, 0xFF, 0xFF, 0xFF, 0xFF, 0xFF, 0xFF, 0x00, 0x2F, 0x00, 0x00, 0x02, 0xF0, 0x00,
    0x00, 0x2F, 0x00, 0x00, 0x02, 0xF0, 0x00, 0x00, 0x2F, 0x00, 0x00, 0x02, 0xF0, 0x00, 0x1F, 0x8B,
    0xD3, 0xF0, 0xF8, 0x3C, 0x1F, 0x0B, 0x40, 0x00, 0x03, 0xFF, 0xFF, 0xFF, 0xC0, 0x7D, 0xFF, 0xFF,
    0x7D, 0x00, 0x00, 0xF4, 0x00, 0x0B, 0xC0, 0x00, 0x3E, 0x00, 0x01, 0xF4, 0x00, 0x0B, 0xC0, 0x00,
    0x3E, 0x00, 0x01, 0xF0, 0x00, 0x0B, 0xC0, 0x00, 0x3D, 0x00, 0x01, 0xF0, 0x00, 0x0F, 0x80, 0x00,
    0x3D, 0x00, 0x02, 0xF0, 0x00, 0x0F, 0x80, 0x00, 0x7C, 0x00, 0x02, 0xF0, 0x00, 0x0F, 0x40, 0x00,
    0x7C, 0x00, 0x03, 0xE0, 0x00, 0x0F, 0x40, 0x00, 0xBC, 0x00, 0x00, 0x00, 0xBF, 0xE0, 0x00, 0x7F,
    0xFF, 0xC0, 0x0F, 0xD0, 0x7F, 0x03, 0xF0, 0x00, 0xF8, 0x3E, 0x00, 0x0B, 0xC7, 0xC0, 0x00, 0x3D,
    0xBC, 0x00, 0x03, 0xEF, 0xC0, 0x00, 0x3F, 0xF8, 0x00, 0x02, 0xFF, 0x80, 0x00, 0x2F, 0xF8, 0x00,
    0x02, 0xFF, 0x80, 0x00, 0x2F, 0xF8, 0x00, 0x02, 0xFF, 0xC0, 0x00, 0x3F, 0xBC, 0x00, 0x03, 0xE7,
    0xC0, 0x00, 0x3D, 0x3E, 0x00, 0x0B, 0xC2, 0xF0, 0x00, 0xFC, 0x0F, 0xD0, 0x7F, 0x00, 0x7F, 0xFF,
    0xD0, 0x00, 0xBF, 0xE0, 0x00, 0x00, 0x1F, 0x80, 0x2F, 0xE0, 0x3F, 0xF8, 0x3F, 0x3E, 0x3F, 0x0F,
    0x86, 0x03, 0xE0, 0x00, 0xF8, 0x00, 0x3E, 0x00, 0x0F, 0x80, 0x03, 0xE0, 0x00, 0xF8, 0x00, 0x3E,
    0x00, 0x0F, 0x80, 0x03, 0xE0, 0x00, 0xF8, 0x00, 0x3E, 0x00, 0x0F, 0x80, 0x03, 0xE0, 0x00, 0xF8,
    0x00, 0x3E, 0x00, 0x0F, 0x80, 0x01, 0xFF, 0xE0, 0x02, 0xFF, 0xFF, 0xD0, 0xBF, 0x40, 0xBF, 0x03,
    0x80, 0x01, 0xF8, 0x00, 0x00, 0x0F, 0xC0, 0x00, 0x00, 0xBC, 0x00, 0x00, 0x0B, 0xC0, 0x00, 0x00,
    0xF8, 0x00, 0x00, 0x1F, 0x40, 0x00, 0x03, 0xF0, 0x00, 0x00, 0xBD, 0x00, 0x00, 0x2F, 0x40, 0x00,
    0x0B, 0xE0, 0x00, 0x01, 0xF8, 0x00, 0x00, 0x7E, 0x00, 0x00, 0x1F, 0x80, 0x00, 0x07, 0xE0, 0x00,
    0x01, 0xF8, 0x00, 0x00, 0x7E, 0x00, 0x00, 0x0F, 0xFF, 0xFF, 0xFF, 0xFF, 0xFF, 0xFF, 0xF0, 0x01,
    0xBF, 0xF4, 0x01, 0xFF, 0xFF, 0xF0, 0x3F, 0x90, 0x6F, 0xC1, 0x40, 0x00, 0xBD, 0x00, 0x00, 0x03,
    0xE0, 0x00, 0x00, 0x3E, 0x00, 0x00, 0x07, 0xD0, 0x00, 0x00, 0xFC, 0x00, 0x01, 0xBF, 0x00, 0x1F,
    0xFF, 0x40, 0x01, 0xFF, 0xFE, 0x00, 0x00, 0x06, 0xFC, 0x00, 0x00, 0x07, 0xE0, 0x00, 0x00, 0x3F,
    0x00, 0x00, 0x02, 0xF0, 0x00, 0x00, 0x2F, 0x00, 0x00, 0x03, 0xF0, 0x00, 0x00, 0xBD, 0xB9, 0x40,
    0x7F, 0xC7, 0xFF, 0xFF, 0xE0, 0x1B, 0xFF, 0xE0, 0x00, 0x00, 0x00, 0x2F, 0x80, 0x00, 0x00, 0x3F,
    0x80, 0x00, 0x00, 0xFF, 0x80, 0x00, 0x02, 0xEF, 0x80, 0x00, 0x07, 0xCF, 0x80, 0x00, 0x0F, 0x4F,
    0x80, 0x00, 0x2E, 0x0F, 0x80, 0x00, 0x7C, 0x0F, 0x80, 0x00, 0xF4, 0x0F, 0x80, 0x03, 0xE0, 0x0F,
    0x80, 0x07, 0xC0, 0x0F, 0x80, 0x0F, 0x00, 0x0F, 0x80, 0x3E, 0x00, 0x0F, 0x80, 0xBC, 0x00, 0x0F,
    0x80, 0xFF, 0xFF, 0xFF, 0xFF, 0xFF, 0xFF, 0xFF, 0xFF, 0x55, 0x55, 0x5F, 0xD5, 0x00, 0x00, 0x0F,
    0x80, 0x00, 0x00, 0x0F, 0x80, 0x00, 0x00, 0x0F, 0x80, 0x00, 0x00, 0x0F, 0x80, 0x1F, 0xFF, 0xFF,
    0x01, 0xFF, 0xFF, 0xF0, 0x1F, 0x00, 0x00, 0x02, 0xF0, 0x00, 0x00, 0x2F, 0x00, 0x00, 0x02, 0xE0,
    0x00, 0x00, 0x2E, 0x00, 0x00, 0x03, 0xE0, 0x00, 0x00, 0x3F, 0xFF, 0xE4, 0x03, 0xFF, 0xFF, 0xE0,
    0x04, 0x00, 0x7F, 0x80, 0x00, 0x00, 0xFC, 0x00, 0x00, 0x07, 0xD0, 0x00, 0x00, 0x3E, 0x00, 0x00,
    0x03, 0xE0, 0x00, 0x00, 0x3E, 0x00, 0x00, 0x07, 0xD0, 0x00, 0x00, 0xFC, 0xB9, 0x01, 0xBF, 0x07,
    0xFF, 0xFF, 0xC0, 0x1B, 0xFF, 0x90, 0x00, 0x00, 0x1B, 0xFF, 0x00, 0x0F, 0xFF, 0xF0, 0x03, 0xF9,
    0x01, 0x00, 0xFC, 0x00, 0x00, 0x2F, 0x00, 0x00, 0x03, 0xE0, 0x00, 0x00, 0x7C, 0x00, 0x00, 0x0B,
    0xC0, 0x00, 0x00, 0xFC, 0x7F, 0xF8, 0x0F, 0x9F, 0xFF, 0xF0, 0xFF, 0x80, 0x2F, 0xCF, 0xE0, 0x00,
    0xBC, 0xFC, 0x00, 0x07, 0xEF, 0x80, 0x00, 0x3E, 0xF8, 0x00, 0x03, 0xEB, 0xC0, 0x00, 0x3E, 0x7D,
    0x00, 0x07, 0xD3, 0xF0, 0x00, 0xFC, 0x0F, 0xD0, 0x7F, 0x40, 0x7F, 0xFF, 0xD0, 0x00, 0xBF, 0xE0,
    0x00, 0xFF, 0xFF, 0xFF, 0xFF, 0xFF, 0xFF, 0xFF, 0x00, 0x00, 0x03, 0xE0, 0x00, 0x00, 0x7D, 0x00,
    0x00, 0x0F, 0xC0, 0x00, 0x01, 0xF4, 0x00, 0x00, 0x2F, 0x00, 0x00, 0x03, 0xD0, 0x00, 0x00, 0xBC,
    0x00, 0x00, 0x0F, 0x80, 0x00, 0x02, 0xF0, 0x00, 0x00, 0x3E, 0x00, 0x00, 0x07, 0xD0, 0x00, 0x00,
    0xFC, 0x00, 0x00, 0x1F, 0x40, 0x00, 0x03, 0xF0, 0x00, 0x00, 0x7E, 0x00, 0x00, 0x0B, 0xC0, 0x00,
    0x00, 0xF8, 0x00, 0x00, 0x2F, 0x00, 0x00, 0x03, 0xF0, 0x00, 0x00, 0x01, 0xFF, 0xE0, 0x00, 0xFF,
    0xFF, 0xD0, 0x3F, 0x90, 0x7F, 0x47, 0xD0, 0x00, 0xFC, 0xBC, 0x00, 0x0B, 0xCB, 0xC0, 0x00, 0xBC,
    0x7D, 0x00, 0x0F, 0x83, 0xF4, 0x02, 0xF0, 0x0F, 0xE1, 0xFC, 0x00, 0x2F, 0xFE, 0x00, 0x02, 0xFF,
    0xF4, 0x00, 0xFD, 0x2F, 0xE0, 0x3F, 0x00, 0x2F, 0xCB, 0xC0, 0x00, 0x7E, 0xFC, 0x00, 0x03, 0xFF,
    0x80, 0x00, 0x2F, 0xFC, 0x00, 0x03, 0xFB, 0xD0, 0x00, 0x7E, 0x3F, 0x90, 0x6F, 0xC1, 0xFF, 0xFF,
    0xF0, 0x01, 0xBF, 0xE4, 0x00, 0x01, 0xBF, 0x90, 0x00, 0xBF, 0xFF, 0xC0, 0x2F, 0x90, 0xBF, 0x07,
    0xE0, 0x01, 0xF4, 0xBC, 0x00, 0x0B, 0xCF, 0xC0, 0x00, 0x7C, 0xF8, 0x00, 0x03, 0xDF, 0x80, 0x00,
    0x3E, 0xFC, 0x00, 0x07, 0xEB, 0xD0, 0x00, 0xFE, 0x3F, 0x80, 0xBF, 0xE1, 0xFF, 0xFF, 0x3E, 0x02,
    0xFF, 0x83, 0xD0, 0x00, 0x00, 0x7C, 0x00, 0x00, 0x0B, 0xC0, 0x00, 0x00, 0xF8, 0x00, 0x00, 0x2F,
    0x00, 0x00, 0x0B, 0xE0, 0x04, 0x07, 0xFC, 0x01, 0xFF, 0xFE, 0x00, 0x1F, 0xFE, 0x00, 0x00, 0x7D,
    0xFF, 0xFF, 0x7D, 0x00, 0x00, 0x00, 0x00, 0x00, 0x00, 0x00, 0x00, 0x7D, 0xFF, 0xFF, 0x7D, 0x07,
    0xD0, 0xFF, 0x0F, 0xF0, 0x7D, 0x00, 0x00, 0x00, 0x00, 0x00, 0x00, 0x00, 0x00, 0x00, 0x00, 0x00,
    0x00, 0x00, 0x00, 0xBE, 0x0F, 0xD0, 0xFC, 0x1F, 0x82, 0xF0, 0x3E, 0x03, 0xC0, 0x00, 0x00, 0x00,
    0x20, 0x00, 0x00, 0x2F, 0x00, 0x00, 0x2F, 0xE0, 0x00, 0x2F, 0xE0, 0x00, 0x2F, 0xE0, 0x00, 0x2F,
    0xE0, 0x00, 0x2F, 0xD0, 0x00, 0x0F, 0xD0, 0x00, 0x00, 0xBF, 0x80, 0x00, 0x00, 0xBF, 0xD0, 0x00,
    0x00, 0x7F, 0xE0, 0x00, 0x00, 0x7F, 0xE4, 0x00, 0x00, 0x2F, 0xF0, 0x00, 0x00, 0x2F, 0x00, 0x00,
    0x00, 0x10, 0xFF, 0xFF, 0xFF, 0xFF, 0xFF, 0xFF, 0xF0, 0x00, 0x00, 0x00, 0x00, 0x00, 0x00, 0x00,
    0x00, 0x00, 0x00, 0x00, 0x00, 0x0F, 0xFF, 0xFF, 0xFF, 0xFF, 0xFF, 0xFF, 0x80, 0x00, 0x00, 0x0F,
    0x80, 0x00, 0x00, 0xBF, 0x80, 0x00, 0x00, 0xBF, 0x80, 0x00, 0x00, 0xBF, 0x80, 0x00, 0x00, 0xBF,
    0x80, 0x00, 0x00, 0x7F, 0x80, 0x00, 0x00, 0x7F, 0x00, 0x00, 0x2F, 0xE0, 0x00, 0x7F, 0xE0, 0x00,
    0xBF, 0xD0, 0x01, 0xBF, 0xD0, 0x00, 0xFF, 0x80, 0x00, 0x0F, 0x80, 0x00, 0x00, 0x40, 0x00, 0x00,
    0x00, 0x06, 0xFF, 0xE0, 0x0F, 0xFF, 0xFF, 0x42, 0xE4, 0x0B, 0xF0, 0x00, 0x00, 0x7D, 0x00, 0x00,
    0x0F, 0x80, 0x00, 0x03, 0xE0, 0x00, 0x01, 0xF4, 0x00, 0x00, 0xFC, 0x00, 0x01, 0xFD, 0x00, 0x01,
    0xFD, 0x00, 0x01, 0xFC, 0x00, 0x00, 0xFC, 0x00, 0x00, 0xBD, 0x00, 0x00, 0x2F, 0x00, 0x00, 0x06,
    0x80, 0x00, 0x00, 0x00, 0x00, 0x00, 0x00, 0x00, 0x00, 0x1F, 0x40, 0x00, 0x0F, 0xF0, 0x00, 0x03,
    0xFC, 0x00, 0x00, 0x7D, 0x00, 0x00, 0x00, 0x00, 0x6F, 0xFE, 0x40, 0x00, 0x00, 0x2F, 0xFF, 0xFF,
    0xD0, 0x00, 0x07, 0xFD, 0x40, 0x6F, 0xE0, 0x00, 0xBF, 0x40, 0x00, 0x0B, 0xE0, 0x07, 0xE0, 0x00,
    0x00, 0x0B, 0xE0, 0x3F, 0x00, 0xBF, 0xE8, 0x0F, 0xC2, 0xF0, 0x1F, 0xFF, 0xF8, 0x1F, 0x4F, 0x81,
    0xFD, 0x07, 0xE0, 0x3E, 0x7C, 0x0F, 0xC0, 0x0F, 0x80, 0xFE, 0xF0, 0x7D, 0x00, 0x3E, 0x02, 0xFF,
    0xC2, 0xF0, 0x00, 0xF8, 0x0B, 0xFE, 0x0B, 0xC0, 0x03, 0xE0, 0x3F, 0xF8, 0x2F, 0x00, 0x0F, 0x80,
    0xFB, 0xE0, 0x7D, 0x00, 0xBF, 0x07, 0xDF, 0xC0, 0xFD, 0x0B, 0xBD, 0x3F, 0x2F, 0x01, 0xFF, 0xF8,
    0xBF, 0xF0, 0x7D, 0x01, 0xBF, 0x40, 0xBE, 0x00, 0xFC, 0x00, 0x00, 0x00, 0x00, 0x02, 0xF8, 0x00,
    0x00, 0x00, 0x00, 0x03, 0xF8, 0x00, 0x00, 0x00, 0x00, 0x03, 0xFE, 0x40, 0x06, 0xD0, 0x00, 0x02,
    0xFF, 0xFF, 0xFF, 0x40, 0x00, 0x00, 0x6F, 0xFF, 0xE0, 0x00, 0x00, 0x00, 0x00, 0x00, 0x00, 0x00,
    0x00, 0x00, 0xF8, 0x00, 0x00, 0x00, 0x07, 0xF0, 0x00, 0x00, 0x00, 0x3F, 0xD0, 0x00, 0x00, 0x00,
    0xFB, 0xC0, 0x00, 0x00, 0x0B, 0xCF, 0x00, 0x00, 0x00, 0x3D, 0x3E, 0x00, 0x00, 0x01, 0xF0, 0x7C,
    0x00, 0x00, 0x0F, 0x80, 0xF4, 0x00, 0x00, 0x3D, 0x02, 0xF0, 0x00, 0x02, 0xF0, 0x07, 0xC0, 0x00,
    0x0F, 0x80, 0x0F, 0x80, 0x00, 0x7C, 0x00, 0x2F, 0x00, 0x02, 0xFF, 0xFF, 0xFD, 0x00, 0x0F, 0xFF,
    0xFF, 0xF8, 0x00, 0x7D, 0x55, 0x56, 0xF0, 0x03, 0xE0, 0x00, 0x03, 0xD0, 0x1F, 0x40, 0x00, 0x0F,
    0xC0, 0xBC, 0x00, 0x00, 0x1F, 0x43, 0xE0, 0x00, 0x00, 0x3E, 0x1F, 0x00, 0x00, 0x00, 0xBC, 0xFC,
    0x00, 0x00, 0x01, 0xF4, 0xFF, 0xFF, 0xE4, 0x03, 0xFF, 0xFF, 0xFD, 0x0F, 0x80, 0x06, 0xFD, 0x3E,
    0x00, 0x01, 0xFC, 0xF8, 0x00, 0x03, 0xF3, 0xE0, 0x00, 0x0B, 0xCF, 0x80, 0x00, 0x3F, 0x3E, 0x00,
    0x00, 0xF4, 0xF8, 0x00, 0x1F, 0x83, 0xFF, 0xFF, 0xF4, 0x0F, 0xFF, 0xFF, 0xE0, 0x3E, 0x00, 0x1B,
    0xF4, 0xF8, 0x00, 0x03, 0xF3, 0xE0, 0x00, 0x03, 0xDF, 0x80, 0x00, 0x0F, 0xBE, 0x00, 0x00, 0x3E,
    0xF8, 0x00, 0x01, 0xF7, 0xE0, 0x00, 0x0F, 0xCF, 0x80, 0x01, 0xFE, 0x3F, 0xFF, 0xFF, 0xE0, 0xFF,
    0xFF, 0xF8, 0x00, 0x00, 0x07, 0xFF, 0xE4, 0x00, 0xBF, 0xFF, 0xFE, 0x03, 0xFE, 0x41, 0x7C, 0x0F,
    0xE0, 0x00, 0x00, 0x2F, 0x80, 0x00, 0x00, 0x3F, 0x00, 0x00, 0x00, 0x7D, 0x00, 0x00, 0x00, 0xBC,
    0x00, 0x00, 0x00, 0xFC, 0x00, 0x00, 0x00, 0xF8, 0x00, 0x00, 0x00, 0xF8, 0x00, 0x00, 0x00, 0xF8,
    0x00, 0x00, 0x00, 0xFC, 0x00, 0x00, 0x00, 0xBC, 0x00, 0x00, 0x00, 0x7D, 0x00, 0x00, 0x00, 0x3F,
    0x00, 0x00, 0x00, 0x2F, 0x40, 0x00, 0x00, 0x0F, 0xD0, 0x00, 0x00, 0x07, 0xFD, 0x00, 0x6C, 0x00,
    0xFF, 0xFF, 0xFC, 0x00, 0x1B, 0xFF, 0xE4, 0xFF, 0xFF, 0xE4, 0x00, 0x3F, 0xFF, 0xFF, 0xD0, 0x0F,
    0x80, 0x06, 0xFE, 0x03, 0xE0, 0x00, 0x0F, 0xE0, 0xF8, 0x00, 0x00, 0xBD, 0x3E, 0x00, 0x00, 0x0F,
    0xCF, 0x80, 0x00, 0x02, 0xF3, 0xE0, 0x00, 0x00, 0x7D, 0xF8, 0x00, 0x00, 0x0F, 0xBE, 0x00, 0x00,
    0x03, 0xEF, 0x80, 0x00, 0x00, 0xFB, 0xE0, 0x00, 0x00, 0x3E, 0xF8, 0x00, 0x00, 0x0F, 0xBE, 0x00,
    0x00, 0x07, 0xDF, 0x80, 0x00, 0x02, 0xF3, 0xE0, 0x00, 0x00, 0xF8, 0xF8, 0x00, 0x00, 0xFC, 0x3E,
    0x00, 0x01, 0xFD, 0x0F, 0x80, 0x17, 0xFE, 0x03, 0xFF, 0xFF, 0xFD, 0x00, 0xFF, 0xFF, 0xE4, 0x00,
    0x00, 0xFF, 0xFF, 0xFE, 0xFF, 0xFF, 0xFE, 0xF8, 0x00, 0x00, 0xF8, 0x00, 0x00, 0xF8, 0x00, 0x00,
    0xF8, 0x00, 0x00, 0xF8, 0x00, 0x00, 0xF8, 0x00, 0x00, 0xF8, 0x00, 0x00, 0xFF, 0xFF, 0xFC, 0xFF,
    0xFF, 0xFC, 0xF8, 0x00, 0x00, 0xF8, 0x00, 0x00, 0xF8, 0x00, 0x00, 0xF8, 0x00, 0x00, 0xF8, 0x00,
    0x00, 0xF8, 0x00, 0x00, 0xF8, 0x00, 0x00, 0xF8, 0x00, 0x00, 0xFF, 0xFF, 0xFE, 0xFF, 0xFF, 0xFE,
    0xFF, 0xFF, 0xFE, 0xFF, 0xFF, 0xFE, 0xF8, 0x00, 0x00, 0xF8, 0x00, 0x00, 0xF8, 0x00, 0x00, 0xF8,
    0x00, 0x00, 0xF8, 0x00, 0x00, 0xF8, 0x00, 0x00, 0xF8, 0x00, 0x00, 0xF8, 0x00, 0x00, 0xFF, 0xFF,
    0xFC, 0xFF, 0xFF, 0xFC, 0xF8, 0x00, 0x00, 0xF8, 0x00, 0x00, 0xF8, 0x00, 0x00, 0xF8, 0x00, 0x00,
    0xF8, 0x00, 0x00, 0xF8, 0x00, 0x00, 0xF8, 0x00, 0x00, 0xF8, 0x00, 0x00, 0xF8, 0x00, 0x00, 0x00,
    0x06, 0xFF, 0xF9, 0x00, 0x1F, 0xFF, 0xFF, 0xE0, 0x3F, 0xE4, 0x06, 0xF0, 0x3F, 0x80, 0x00, 0x00,
    0x1F, 0x80, 0x00, 0x00, 0x0F, 0xC0, 0x00, 0x00, 0x07, 0xD0, 0x00, 0x00, 0x02, 0xF0, 0x00, 0x00,
    0x00, 0xFC, 0x00, 0x00, 0x00, 0x3E, 0x00, 0x00, 0x00, 0x0F, 0x80, 0x00, 0xFF, 0xFF, 0xE0, 0x00,
    0x3F, 0xFF, 0xFC, 0x00, 0x00, 0x0B, 0xEF, 0x00, 0x00, 0x02, 0xF7, 0xD0, 0x00, 0x00, 0xBC, 0xFC,
    0x00, 0x00, 0x2F, 0x2F, 0x40, 0x00, 0x0B, 0xC3, 0xF8, 0x00, 0x02, 0xF0, 0x3F, 0xE4, 0x05, 0xFC,
    0x03, 0xFF, 0xFF, 0xFF, 0x00, 0x0B, 0xFF, 0xF9, 0x00, 0xF8, 0x00, 0x00, 0x2F, 0xF8, 0x00, 0x00,
    0x2F, 0xF8, 0x00, 0x00, 0x2F, 0xF8, 0x00, 0x00, 0x2F, 0xF8, 0x00, 0x00, 0x2F, 0xF8, 0x00, 0x00,
    0x2F, 0xF8, 0x00, 0x00, 0x2F, 0xF8, 0x00, 0x00, 0x2F, 0xF8, 0x00, 0x00, 0x2F, 0xFF, 0xFF, 0xFF,
    0xFF, 0xFF, 0xFF, 0xFF, 0xFF, 0xF8, 0x00, 0x00, 0x2F, 0xF8, 0x00, 0x00, 0x2F, 0xF8, 0x00, 0x00,
    0x2F, 0xF8, 0x00, 0x00, 0x2F, 0xF8, 0x00, 0x00, 0x2F, 0xF8, 0x00, 0x00, 0x2F, 0xF8, 0x00, 0x00,
    0x2F, 0xF8, 0x00, 0x00, 0x2F, 0xF8, 0x00, 0x00, 0x2F, 0xF8, 0x00, 0x00, 0x2F, 0xFF, 0xFF, 0xBF,
    0xFE, 0x0B, 0xC0, 0x0B, 0xC0, 0x0B, 0xC0, 0x0B, 0xC0, 0x0B, 0xC0, 0x0B, 0xC0, 0x0B, 0xC0, 0x0B,
    0xC0, 0x0B, 0xC0, 0x0B, 0xC0, 0x0B, 0xC0, 0x0B, 0xC0, 0x0B, 0xC0, 0x0B, 0xC0, 0x0B, 0xC0, 0x0B,
    0xC0, 0x0B, 0xC0, 0xBF, 0xFE, 0xFF, 0xFF, 0x00, 0x3E, 0x00, 0x3E, 0x00, 0x3E, 0x00, 0x3E, 0x00,
    0x3E, 0x00, 0x3E, 0x00, 0x3E, 0x00, 0x3E, 0x00, 0x3E, 0x00, 0x3E, 0x00, 0x3E, 0x00, 0x3E, 0x00,
    0x3E, 0x00, 0x3E, 0x00, 0x3E, 0x00, 0x3E, 0x00, 0x3E, 0x00, 0x3E, 0x00, 0x3E, 0x00, 0x3E, 0x00,
    0x3E, 0x00, 0x3E, 0x00, 0x7D, 0x01, 0xFC, 0xFF, 0xF4, 0xFF, 0xD0, 0x00, 0x00, 0xF8, 0x00, 0x02,
    0xF4, 0xF8, 0x00, 0x07, 0xE0, 0xF8, 0x00, 0x1F, 0x80, 0xF8, 0x00, 0x7F, 0x00, 0xF8, 0x00, 0xFC,
    0x00, 0xF8, 0x03, 0xF0, 0x00, 0xF8, 0x0F, 0xC0, 0x00, 0xF8, 0x3F, 0x00, 0x00, 0xF8, 0xBD, 0x00,
    0x00, 0xFA, 0xFC, 0x00, 0x00, 0xFF, 0xFE, 0x00, 0x00, 0xFF, 0x7F, 0x40, 0x00, 0xFC, 0x0F, 0xC0,
    0x00, 0xF8, 0x07, 0xF0, 0x00, 0xF8, 0x02, 0xF8, 0x00, 0xF8, 0x00, 0xFD, 0x00, 0xF8, 0x00, 0x3F,
    0x00, 0xF8, 0x00, 0x1F, 0x80, 0xF8, 0x00, 0x0B, 0xD0, 0xF8, 0x00, 0x03, 0xF0, 0xF8, 0x00, 0x00,
    0xFC, 0xF8, 0x00, 0x00, 0xF8, 0x00, 0x00, 0xF8, 0x00, 0x00, 0xF8, 0x00, 0x00, 0xF8, 0x00, 0x00,
    0xF8, 0x00, 0x00, 0xF8, 0x00, 0x00, 0xF8, 0x00, 0x00, 0xF8, 0x00, 0x00, 0xF8, 0x00, 0x00, 0xF8,
    0x00, 0x00, 0xF8, 0x00, 0x00, 0xF8, 0x00, 0x00, 0xF8, 0x00, 0x00, 0xF8, 0x00, 0x00, 0xF8, 0x00,
    0x00, 0xF8, 0x00, 0x00, 0xF8, 0x00, 0x00, 0xFD, 0x55, 0x54, 0xFF, 0xFF, 0xFE, 0xFF, 0xFF, 0xFE,
    0xFF, 0x40, 0x00, 0x00, 0x3F, 0xFF, 0xE0, 0x00, 0x00, 0x2F, 0xFF, 0xFC, 0x00, 0x00, 0x0F, 0xFF,
    0xEF, 0x40, 0x00, 0x07, 0xEF, 0xFA, 0xF0, 0x00, 0x02, 0xEB, 0xFE, 0x7C, 0x00, 0x00, 0xF2, 0xFF,
    0x8F, 0x80, 0x00, 0x7C, 0xBF, 0xE2, 0xF0, 0x00, 0x3D, 0x2F, 0xF8, 0x3D, 0x00, 0x0F, 0x0B, 0xFE,
    0x0F, 0x80, 0x0B, 0x82, 0xFF, 0x81, 0xF0, 0x03, 0xD0, 0xBF, 0xE0, 0x3D, 0x01, 0xF0, 0x2F, 0xF8,
    0x0B, 0xC0, 0xB8, 0x0B, 0xFE, 0x01, 0xF0, 0x3D, 0x02, 0xFF, 0x80, 0x3D, 0x1F, 0x00, 0xBF, 0xE0,
    0x0B, 0xCF, 0x80, 0x2F, 0xF8, 0x01, 0xF7, 0xC0, 0x0B, 0xFE, 0x00, 0x3F, 0xF0, 0x02, 0xFF, 0x80,
    0x0B, 0xF4, 0x00, 0xBF, 0xE0, 0x00, 0xFC, 0x00, 0x2F, 0xF8, 0x00, 0x3E, 0x00, 0x0B, 0xC0, 0xFE,
    0x00, 0x00, 0x0F, 0xBF, 0xD0, 0x00, 0x03, 0xEF, 0xFC, 0x00, 0x00, 0xFB, 0xFF, 0x40, 0x00, 0x3E,
    0xFB, 0xF0, 0x00, 0x0F, 0xBE, 0x3E, 0x00, 0x03, 0xEF, 0x8B, 0xD0, 0x00, 0xFB, 0xE0, 0xFC, 0x00,
    0x3E, 0xF8, 0x1F, 0x80, 0x0F, 0xBE, 0x02, 0xF0, 0x03, 0xEF, 0x80, 0x3E, 0x00, 0xFB, 0xE0, 0x0B,
    0xD0, 0x3E, 0xF8, 0x00, 0xFC, 0x0F, 0xBE, 0x00, 0x1F, 0x83, 0xEF, 0x80, 0x02, 0xF0, 0xFB, 0xE0,
    0x00, 0x3F, 0x3E, 0xF8, 0x00, 0x07, 0xDF, 0xBE, 0x00, 0x00, 0xFF, 0xEF, 0x80, 0x00, 0x0F, 0xFB,
    0xE0, 0x00, 0x02, 0xFE, 0xF8, 0x00, 0x00, 0x3F, 0x80, 0x00, 0x1B, 0xFF, 0x90, 0x00, 0x03, 0xFF,
    0xFF, 0xF0, 0x00, 0x7F, 0x90, 0x1B, 0xF4, 0x03, 0xF4, 0x00, 0x03, 0xF0, 0x2F, 0x40, 0x00, 0x03,
    0xE0, 0xF8, 0x00, 0x00, 0x0B, 0xCB, 0xC0, 0x00, 0x00, 0x0F, 0x6F, 0x00, 0x00, 0x00, 0x3E, 0xFC,
    0x00, 0x00, 0x00, 0xFF, 0xE0, 0x00, 0x00, 0x02, 0xFF, 0x80, 0x00, 0x00, 0x0B, 0xFE, 0x00, 0x00,
    0x00, 0x2F, 0xFC, 0x00, 0x00, 0x00, 0xFE, 0xF0, 0x00, 0x00, 0x03, 0xE7, 0xC0, 0x00, 0x00, 0x0F,
    0x4F, 0x80, 0x00, 0x00, 0xBC, 0x2F, 0x40, 0x00, 0x07, 0xE0, 0x3F, 0x40, 0x00, 0x7F, 0x00, 0x7F,
    0x90, 0x1B, 0xF4, 0x00, 0x3F, 0xFF, 0xFF, 0x00, 0x00, 0x1B, 0xFF, 0x90, 0x00, 0xFF, 0xFF, 0x90,
    0x3F, 0xFF, 0xFF, 0x0F, 0x80, 0x1F, 0xF3, 0xE0, 0x00, 0xBD, 0xF8, 0x00, 0x0F, 0xFE, 0x00, 0x02,
    0xFF, 0x80, 0x00, 0xBF, 0xE0, 0x00, 0x3F, 0xF8, 0x00, 0x0F, 0xBE, 0x00, 0x0B, 0xDF, 0x80, 0x5F,
    0xE3, 0xFF, 0xFF, 0xE0, 0xFF, 0xFF, 0x80, 0x3E, 0x00, 0x00, 0x0F, 0x80, 0x00, 0x03, 0xE0, 0x00,
    0x00, 0xF8, 0x00, 0x00, 0x3E, 0x00, 0x00, 0x0F, 0x80, 0x00, 0x03, 0xE0, 0x00, 0x00, 0xF8, 0x00,
    0x00, 0x00, 0x00, 0x1B, 0xFF, 0x90, 0x00, 0x03, 0xFF, 0xFF, 0xF0, 0x00, 0x7F, 0x90, 0x1B, 0xF4,
    0x03, 0xF4, 0x00, 0x03, 0xF0, 0x2F, 0x40, 0x00, 0x03, 0xE0, 0xF8, 0x00, 0x00, 0x0B, 0xCB, 0xC0,
    0x00, 0x00, 0x0F, 0x6F, 0x00, 0x00, 0x00, 0x3E, 0xFC, 0x00, 0x00, 0x00, 0xFF, 0xE0, 0x00, 0x00,
    0x02, 0xFF, 0x80, 0x00, 0x00, 0x0B, 0xFE, 0x00, 0x00, 0x00, 0x2F, 0xFC, 0x00, 0x00, 0x00, 0xFE,
    0xF0, 0x00, 0x00, 0x03, 0xE7, 0xC0, 0x00, 0x00, 0x0F, 0x4F, 0x80, 0x00, 0x00, 0xBC, 0x2F, 0x40,
    0x00, 0x07, 0xE0, 0x3F, 0x40, 0x00, 0x7F, 0x00, 0x7F, 0x90, 0x1B, 0xF4, 0x00, 0x3F, 0xFF, 0xFF,
    0x00, 0x00, 0x1B, 0xFF, 0xD0, 0x00, 0x00, 0x00, 0x1F, 0xC0, 0x00, 0x00, 0x00, 0x1F, 0xC0, 0x00,
    0x00, 0x00, 0x2F, 0xC0, 0x00, 0x00, 0x00, 0x2F, 0xC0, 0x00, 0x00, 0x00, 0x1A, 0x40, 0xFF, 0xFF,
    0x90, 0x03, 0xFF, 0xFF, 0xF4, 0x0F, 0x80, 0x1B, 0xF0, 0x3E, 0x00, 0x07, 0xE0, 0xF8, 0x00, 0x0F,
    0xC3, 0xE0, 0x00, 0x2F, 0x0F, 0x80, 0x00, 0xBC, 0x3E, 0x00, 0x03, 0xF0, 0xF8, 0x00, 0x1F, 0x43,
    0xE0, 0x02, 0xFC, 0x0F, 0xFF, 0xFF, 0x80, 0x3F, 0xFF, 0xF4, 0x00, 0xF8, 0x07, 0xE0, 0x03, 0xE0,
    0x0B, 0xC0, 0x0F, 0x80, 0x0F, 0x80, 0x3E, 0x00, 0x2F, 0x40, 0xF8, 0x00, 0x3F, 0x03, 0xE0, 0x00,
    0x7D, 0x0F, 0x80, 0x00, 0xFC, 0x3E, 0x00, 0x01, 0xF8, 0xF8, 0x00, 0x03, 0xF4, 0x00, 0x7F, 0xFE,
    0x40, 0x7F, 0xFF, 0xFD, 0x0F, 0xE0, 0x1B, 0xC2, 0xF0, 0x00, 0x00, 0x3E, 0x00, 0x00, 0x03, 0xE0,
    0x00, 0x00, 0x3F, 0x00, 0x00, 0x02, 0xF8, 0x00, 0x00, 0x0F, 0xF4, 0x00, 0x00, 0x3F, 0xF8, 0x00,
    0x00, 0xBF, 0xFC, 0x00, 0x00, 0x6F, 0xF4, 0x00, 0x00, 0x2F, 0xD0, 0x00, 0x00, 0x7F, 0x00, 0x00,
    0x03, 0xF0, 0x00, 0x00, 0x2F, 0x00, 0x00, 0x03, 0xF0, 0x00, 0x00, 0x7E, 0xB9, 0x40, 0x6F, 0xCB,
    0xFF, 0xFF, 0xF0, 0x1B, 0xFF, 0xE4, 0x00, 0xFF, 0xFF, 0xFF, 0xFF, 0xFF, 0xFF, 0xFF, 0xFF, 0x00,
    0x0B, 0xC0, 0x00, 0x00, 0x0B, 0xC0, 0x00, 0x00, 0x0B, 0xC0, 0x00, 0x00, 0x0B, 0xC0, 0x00, 0x00,
    0x0B, 0xC0, 0x00, 0x00, 0x0B, 0xC0, 0x00, 0x00, 0x0B, 0xC0, 0x00, 0x00, 0x0B, 0xC0, 0x00, 0x00,
    0x0B, 0xC0, 0x00, 0x00, 0x0B, 0xC0, 0x00, 0x00, 0x0B, 0xC0, 0x00, 0x00, 0x0B, 0xC0, 0x00, 0x00,
    0x0B, 0xC0, 0x00, 0x00, 0x0B, 0xC0, 0x00, 0x00, 0x0B, 0xC0, 0x00, 0x00, 0x0B, 0xC0, 0x00, 0x00,
    0x0B, 0xC0, 0x00, 0x00, 0x0B, 0xC0, 0x00, 0x00, 0x0B, 0xC0, 0x00, 0xF8, 0x00, 0x00, 0x2F, 0xF8,
    0x00, 0x00, 0x2F, 0xF8, 0x00, 0x00, 0x2F, 0xF8, 0x00, 0x00, 0x2F, 0xF8, 0x00, 0x00, 0x2F, 0xF8,
    0x00, 0x00, 0x2F, 0xF8, 0x00, 0x00, 0x2F, 0xF8, 0x00, 0x00, 0x2F, 0xF8, 0x00, 0x00, 0x2F, 0xF8,
    0x00, 0x00, 0x2F, 0xF8, 0x00, 0x00, 0x2F, 0xF8, 0x00, 0x00, 0x2F, 0xF8, 0x00, 0x00, 0x2F, 0xF8,
    0x00, 0x00, 0x2F, 0xF8, 0x00, 0x00, 0x2F, 0xFC, 0x00, 0x00, 0x3F, 0x7D, 0x00, 0x00, 0x7D, 0x3F,
    0x00, 0x00, 0xFC, 0x1F, 0xE4, 0x1B, 0xF4, 0x07, 0xFF, 0xFF, 0xD0, 0x00, 0x6F, 0xF9, 0x00, 0xFC,
    0x00, 0x00, 0x07, 0xD7, 0xD0, 0x00, 0x00, 0xFC, 0x3E, 0x00, 0x00, 0x0F, 0x83, 0xF0, 0x00, 0x01,
    0xF4, 0x1F, 0x40, 0x00, 0x3F, 0x00, 0xF8, 0x00, 0x03, 0xE0, 0x0B, 0xC0, 0x00, 0xBC, 0x00, 0x7D,
    0x00, 0x0F, 0xC0, 0x03, 0xE0, 0x00, 0xF4, 0x00, 0x2F, 0x00, 0x2F, 0x00, 0x01, 0xF4, 0x03, 0xF0,
    0x00, 0x0F, 0x80, 0x7D, 0x00, 0x00, 0xBC, 0x0B, 0xC0, 0x00, 0x03, 0xD0, 0xF8, 0x00, 0x00, 0x3F,
    0x1F, 0x40, 0x00, 0x02, 0xF2, 0xF0, 0x00, 0x00, 0x0F, 0x7E, 0x00, 0x00, 0x00, 0xFB, 0xD0, 0x00,
    0x00, 0x07, 0xFC, 0x00, 0x00, 0x00, 0x3F, 0x80, 0x00, 0x00, 0x02, 0xF0, 0x00, 0x00, 0xBC, 0x00,
    0x00, 0xFC, 0x00, 0x00, 0xF9, 0xF4, 0x00, 0x07, 0xF4, 0x00, 0x07, 0xD3, 0xE0, 0x00, 0x2F, 0xE0,
    0x00, 0x2F, 0x0B, 0xC0, 0x00, 0xFF, 0xC0, 0x00, 0xFC, 0x1F, 0x00, 0x03, 0xDF, 0x00, 0x03, 0xE0,
    0x3D, 0x00, 0x1F, 0x3D, 0x00, 0x1F, 0x40, 0xF8, 0x00, 0xF8, 0xBC, 0x00, 0xBC, 0x02, 0xF0, 0x03,
    0xD1, 0xF0, 0x03, 0xF0, 0x07, 0xC0, 0x1F, 0x03, 0xD0, 0x0F, 0x80, 0x0F, 0x40, 0xBC, 0x0F, 0x80,
    0x7C, 0x00, 0x3E, 0x03, 0xE0, 0x2F, 0x02, 0xF0, 0x00, 0xBC, 0x0F, 0x40, 0x7D, 0x0F, 0x80, 0x01,
    0xF4, 0xBC, 0x00, 0xF8, 0x3D, 0x00, 0x03, 0xD3, 0xE0, 0x02, 0xF1, 0xF0, 0x00, 0x0F, 0x8F, 0x40,
    0x07, 0xCB, 0xC0, 0x00, 0x2F, 0x7C, 0x00, 0x0F, 0x7E, 0x00, 0x00, 0x7E, 0xF0, 0x00, 0x3E, 0xF4,
    0x00, 0x00, 0xFF, 0x80, 0x00, 0x7F, 0xC0, 0x00, 0x03, 0xFC, 0x00, 0x00, 0xFF, 0x00, 0x00, 0x0B,
    0xF0, 0x00, 0x03, 0xF8, 0x00, 0x00, 0x1F, 0x80, 0x00, 0x0B, 0xD0, 0x00, 0x3F, 0x00, 0x00, 0x2F,
    0x07, 0xD0, 0x00, 0x0F, 0x80, 0xFC, 0x00, 0x0F, 0xC0, 0x0F, 0x80, 0x07, 0xC0, 0x02, 0xF4, 0x03,
    0xE0, 0x00, 0x3F, 0x02, 0xF0, 0x00, 0x07, 0xE1, 0xF4, 0x00, 0x00, 0xBC, 0xF8, 0x00, 0x00, 0x0F,
    0xFC, 0x00, 0x00, 0x01, 0xFD, 0x00, 0x00, 0x00, 0x7F, 0x40, 0x00, 0x00, 0x3F, 0xF0, 0x00, 0x00,
    0x2F, 0x7E, 0x00, 0x00, 0x0F, 0x4B, 0xD0, 0x00, 0x0F, 0xC0, 0xFC, 0x00, 0x07, 0xD0, 0x1F, 0x80,
    0x03, 0xE0, 0x02, 0xF0, 0x02, 0xF0, 0x00, 0x3F, 0x01, 0xF4, 0x00, 0x0B, 0xD0, 0xFC, 0x00, 0x00,
    0xFC, 0xBC, 0x00, 0x00, 0x1F, 0x80, 0xBC, 0x00, 0x00, 0x1F, 0x4F, 0x80, 0x00, 0x0F, 0xC2, 0xF0,
    0x00, 0x0B, 0xD0, 0x3F, 0x00, 0x03, 0xE0, 0x0B, 0xD0, 0x02, 0xF0, 0x00, 0xFC, 0x00, 0xF8, 0x00,
    0x1F, 0x40, 0xBC, 0x00, 0x03, 0xF0, 0x3E, 0x00, 0x00, 0x7D, 0x2F, 0x00, 0x00, 0x0F, 0xDF, 0x40,
    0x00, 0x01, 0xFF, 0xC0, 0x00, 0x00, 0x3F, 0xD0, 0x00, 0x00, 0x07, 0xF0, 0x00, 0x00, 0x00, 0xF8,
    0x00, 0x00, 0x00, 0x3E, 0x00, 0x00, 0x00, 0x0F, 0x80, 0x00, 0x00, 0x03, 0xE0, 0x00, 0x00, 0x00,
    0xF8, 0x00, 0x00, 0x00, 0x3E, 0x00, 0x00, 0x00, 0x0F, 0x80, 0x00, 0x00, 0x03, 0xE0, 0x00, 0x00,
    0xFF, 0xFF, 0xFF, 0xFF, 0xFF, 0xFF, 0xFF, 0x00, 0x00, 0x0B, 0xE0, 0x00, 0x00, 0xFC, 0x00, 0x00,
    0x2F, 0x40, 0x00, 0x07, 0xE0, 0x00, 0x00, 0xFC, 0x00, 0x00, 0x2F, 0x40, 0x00, 0x03, 0xE0, 0x00,
    0x00, 0xFC, 0x00, 0x00, 0x2F, 0x40, 0x00, 0x03, 0xE0, 0x00, 0x00, 0xFC, 0x00, 0x00, 0x1F, 0x40,
    0x00, 0x03, 0xE0, 0x00, 0x00, 0xBC, 0x00, 0x00, 0x1F, 0x40, 0x00, 0x03, 0xF0, 0x00, 0x00, 0xBD,
    0x00, 0x00, 0x0F, 0xFF, 0xFF, 0xFF, 0xFF, 0xFF, 0xFF, 0xF0, 0xFF, 0xFB, 0xFF, 0xEF, 0x80, 0x3E,
    0x00, 0xF8, 0x03, 0xE0, 0x0F, 0x80, 0x3E, 0x00, 0xF8, 0x03, 0xE0, 0x0F, 0x80, 0x3E, 0x00, 0xF8,
    0x03, 0xE0, 0x0F, 0x80, 0x3E, 0x00, 0xF8, 0x03, 0xE0, 0x0F, 0x80, 0x3E, 0x00, 0xF8, 0x03, 0xE0,
    0x0F, 0x80, 0x3E, 0x00, 0xFF, 0xFB, 0xFF, 0xE0, 0xBC, 0x00, 0x00, 0xF4, 0x00, 0x03, 0xE0, 0x00,
    0x07, 0xC0, 0x00, 0x0F, 0x40, 0x00, 0x2F, 0x00, 0x00, 0x7C, 0x00, 0x00, 0xF8, 0x00, 0x02, 0xF0,
    0x00, 0x03, 0xD0, 0x00, 0x0F, 0x80, 0x00, 0x1F, 0x00, 0x00, 0x3D, 0x00, 0x00, 0xBC, 0x00, 0x01,
    0xF0, 0x00, 0x03, 0xE0, 0x00, 0x0B, 0xC0, 0x00, 0x1F, 0x40, 0x00, 0x3E, 0x00, 0x00, 0xBC, 0x00,
    0x00, 0xF4, 0xFF, 0xFB, 0xFF, 0xE0, 0x0F, 0x80, 0x3E, 0x00, 0xF8, 0x03, 0xE0, 0x0F, 0x80, 0x3E,
    0x00, 0xF8, 0x03, 0xE0, 0x0F, 0x80, 0x3E, 0x00, 0xF8, 0x03, 0xE0, 0x0F, 0x80, 0x3E, 0x00, 0xF8,
    0x03, 0xE0, 0x0F, 0x80, 0x3E, 0x00, 0xF8, 0x03, 0xE0, 0x0F, 0x80, 0x3E, 0xFF, 0xFB, 0xFF, 0xE0,
    0x00, 0x05, 0x00, 0x00, 0x00, 0x3D, 0x00, 0x00, 0x02, 0xFC, 0x00, 0x00, 0x0F, 0xF4, 0x00, 0x00,
    0xB9, 0xF0, 0x00, 0x03, 0xC3, 0xD0, 0x00, 0x1E, 0x07, 0xC0, 0x00, 0xF0, 0x0F, 0x40, 0x07, 0xC0,
    0x1F, 0x00, 0x3D, 0x00, 0x3D, 0x01, 0xF0, 0x00, 0x7C, 0x0B, 0x40, 0x00, 0xF4, 0x3C, 0x00, 0x01,
    0xF2, 0xE0, 0x00, 0x03, 0xD0, 0x00, 0x00, 0x00, 0x3F, 0xFF, 0xFF, 0xFF, 0xFF, 0xFF, 0xFC, 0x68,
    0x01, 0xFC, 0x01, 0xF4, 0x01, 0xF0, 0x01, 0xF0, 0x01, 0xBF, 0xE4, 0x03, 0xFF, 0xFF, 0x40, 0xF5,
    0x07, 0xF0, 0x00, 0x00, 0x7D, 0x00, 0x00, 0x0F, 0x80, 0x00, 0x03, 0xE0, 0x1B, 0xFF, 0xF8, 0x7F,
    0xFF, 0xFE, 0x7F, 0x90, 0x0F, 0xBF, 0x40, 0x03, 0xEF, 0xC0, 0x00, 0xFB, 0xE0, 0x00, 0x7E, 0xFC,
    0x00, 0x3F, 0xAF, 0x90, 0xBF, 0xE3, 0xFF, 0xFC, 0xB8, 0x2F, 0xF8, 0x1E, 0xF8, 0x00, 0x00, 0x0F,
    0x80, 0x00, 0x00, 0xF8, 0x00, 0x00, 0x0F, 0x80, 0x00, 0x00, 0xF8, 0x00, 0x00, 0x0F, 0x80, 0x00,
    0x00, 0xF8, 0x6F, 0xE4, 0x0F, 0xAF, 0xFF, 0xE0, 0xFF, 0x90, 0x7F, 0x8F, 0xE0, 0x00, 0xFC, 0xFC,
    0x00, 0x03, 0xEF, 0xC0, 0x00, 0x3F, 0xF8, 0x00, 0x02, 0xFF, 0x80, 0x00, 0x2F, 0xF8, 0x00, 0x02,
    0xFF, 0x80, 0x00, 0x3F, 0xFC, 0x00, 0x03, 0xFF, 0xC0, 0x00, 0x7E, 0xFE, 0x00, 0x0F, 0xCF, 0xFD,
    0x07, 0xF8, 0xF6, 0xFF, 0xFE, 0x0F, 0x06, 0xFE, 0x40, 0x00, 0xBF, 0xE4, 0x07, 0xFF, 0xFC, 0x1F,
    0xD0, 0x68, 0x3F, 0x00, 0x00, 0x7D, 0x00, 0x00, 0xFC, 0x00, 0x00, 0xFC, 0x00, 0x00, 0xF8, 0x00,
    0x00, 0xF8, 0x00, 0x00, 0xFC, 0x00, 0x00, 0xFC, 0x00, 0x00, 0xBD, 0x00, 0x00, 0x3F, 0x00, 0x00,
    0x2F, 0xD0, 0x5C, 0x0B, 0xFF, 0xFC, 0x00, 0xBF, 0xE4, 0x00, 0x00, 0x02, 0xF0, 0x00, 0x00, 0x2F,
    0x00, 0x00, 0x02, 0xF0, 0x00, 0x00, 0x2F, 0x00, 0x00, 0x02, 0xF0, 0x00, 0x00, 0x2F, 0x01, 0xBF,
    0x92, 0xF0, 0xBF, 0xFF, 0xAF, 0x2F, 0xD0, 0x7F, 0xF3, 0xF0, 0x00, 0xBF, 0xBD, 0x00, 0x03, 0xFF,
    0xC0, 0x00, 0x3F, 0xFC, 0x00, 0x02, 0xFF, 0x80, 0x00, 0x2F, 0xF8, 0x00, 0x02, 0xFF, 0x80, 0x00,
    0x2F, 0xFC, 0x00, 0x03, 0xFB, 0xC0, 0x00, 0x3F, 0x3F, 0x00, 0x0B, 0xF2, 0xFD, 0x07, 0xFF, 0x0B,
    0xFF, 0xF9, 0xF0, 0x1B, 0xF8, 0x0F, 0x00, 0xBF, 0xE0, 0x00, 0x7F, 0xFF, 0xE0, 0x1F, 0xD0, 0x7F,
    0x43, 0xE0, 0x00, 0xBC, 0x7C, 0x00, 0x03, 0xDB, 0xC0, 0x00, 0x3E, 0xFF, 0xFF, 0xFF, 0xEF, 0xFF,
    0xFF, 0xFE, 0xF8, 0x00, 0x00, 0x0F, 0xC0, 0x00, 0x00, 0xBC, 0x00, 0x00, 0x07, 0xD0, 0x00, 0x00,
    0x3F, 0x00, 0x00, 0x01, 0xFE, 0x41, 0x6C, 0x07, 0xFF, 0xFF, 0xC0, 0x06, 0xFF, 0xE0, 0x00, 0x00,
    0x00, 0x00, 0xBF, 0xD0, 0x0F, 0xFF, 0x00, 0xBE, 0x00, 0x03, 0xF0, 0x00, 0x0F, 0x80, 0x00, 0x3E,
    0x00, 0x1B, 0xFF, 0xF0, 0xFF, 0xFF, 0xC0, 0x0F, 0x80, 0x00, 0x3E, 0x00, 0x00, 0xF8, 0x00, 0x03,
    0xE0, 0x00, 0x0F, 0x80, 0x00, 0x3E, 0x00, 0x00, 0xF8, 0x00, 0x03, 0xE0, 0x00, 0x0F, 0x80, 0x00,
    0x3E, 0x00, 0x00, 0xF8, 0x00, 0x03, 0xE0, 0x00, 0x0F, 0x80, 0x00, 0x3E, 0x00, 0x00, 0x01, 0xBF,
    0x90, 0xF0, 0xBF, 0xFF, 0x9F, 0x2F, 0xD0, 0x7F, 0xF3, 0xF0, 0x00, 0xFF, 0x7D, 0x00, 0x03, 0xFF,
    0xC0, 0x00, 0x3F, 0xFC, 0x00, 0x02, 0xFF, 0x80, 0x00, 0x2F, 0xF8, 0x00, 0x02, 0xFF, 0x80, 0x00,
    0x2F, 0xFC, 0x00, 0x03, 0xFB, 0xD0, 0x00, 0x3F, 0x3F, 0x00, 0x0B, 0xF2, 0xFD, 0x07, 0xFF, 0x0B,
    0xFF, 0xFA, 0xF0, 0x1B, 0xF9, 0x2F, 0x00, 0x00, 0x02, 0xF0, 0x00, 0x00, 0x3F, 0x00, 0x00, 0x03,
    0xE0, 0x00, 0x00, 0xBD, 0x3E, 0x40, 0x7F, 0xC3, 0xFF, 0xFF, 0xF0, 0x06, 0xFF, 0xE4, 0x00, 0xF8,
    0x00, 0x00, 0x3E, 0x00, 0x00, 0x0F, 0x80, 0x00, 0x03, 0xE0, 0x00, 0x00, 0xF8, 0x00, 0x00, 0x3E,
    0x00, 0x00, 0x0F, 0x86, 0xFE, 0x43, 0xEB, 0xFF, 0xF8, 0xFF, 0xD0, 0x7F, 0x7F, 0x80, 0x03, 0xEF,
    0xC0, 0x00, 0xFF, 0xF0, 0x00, 0x2F, 0xF8, 0x00, 0x0B, 0xFE, 0x00, 0x02, 0xFF, 0x80, 0x00, 0xBF,
    0xE0, 0x00, 0x2F, 0xF8, 0x00, 0x0B, 0xFE, 0x00, 0x02, 0xFF, 0x80, 0x00, 0xBF, 0xE0, 0x00, 0x2F,
    0xF8, 0x00, 0x0B, 0xFE, 0x00, 0x02, 0xF0, 0xB7, 0xEB, 0x40, 0x00, 0x0F, 0xBE, 0xFB, 0xEF, 0xBE,
    0xFB, 0xEF, 0xBE, 0xFB, 0xEF, 0xBE, 0xFB, 0xE0, 0x00, 0xB4, 0x03, 0xE0, 0x0B, 0x40, 0x00, 0x00,
    0x00, 0x00, 0x00, 0x0F, 0x80, 0x3E, 0x00, 0xF8, 0x03, 0xE0, 0x0F, 0x80, 0x3E, 0x00, 0xF8, 0x03,
    0xE0, 0x0F, 0x80, 0x3E, 0x00, 0xF8, 0x03, 0xE0, 0x0F, 0x80, 0x3E, 0x00, 0xF8, 0x03, 0xE0, 0x0F,
    0x80, 0x3E, 0x00, 0xF8, 0x03, 0xE4, 0x3F, 0x7F, 0xFC, 0xFF, 0x80, 0xF8, 0x00, 0x00, 0x0F, 0x80,
    0x00, 0x00, 0xF8, 0x00, 0x00, 0x0F, 0x80, 0x00, 0x00, 0xF8, 0x00, 0x00, 0x0F, 0x80, 0x00, 0x00,
    0xF8, 0x00, 0x3F, 0x0F, 0x80, 0x0F, 0xC0, 0xF8, 0x02, 0xF4, 0x0F, 0x80, 0xBD, 0x00, 0xF8, 0x2F,
    0x40, 0x0F, 0x87, 0xD0, 0x00, 0xF9, 0xF8, 0x00, 0x0F, 0xFF, 0x80, 0x00, 0xFF, 0xFD, 0x00, 0x0F,
    0xD3, 0xF0, 0x00, 0xF8, 0x0F, 0xC0, 0x0F, 0x80, 0x7E, 0x00, 0xF8, 0x02, 0xF4, 0x0F, 0x80, 0x0F,
    0xC0, 0xF8, 0x00, 0x3F, 0x0F, 0x80, 0x01, 0xF8, 0xFB, 0xEF, 0xBE, 0xFB, 0xEF, 0xBE, 0xFB, 0xEF,
    0xBE, 0xFB, 0xEF, 0xBE, 0xFB, 0xEF, 0xBE, 0xFB, 0xE0, 0xF0, 0x6F, 0xE4, 0x06, 0xFE, 0x43, 0xDB,
    0xFF, 0xF4, 0xBF, 0xFF, 0x4F, 0xF9, 0x0B, 0xFB, 0x90, 0xBF, 0x3F, 0x80, 0x0B, 0xF8, 0x00, 0xBD,
    0xFC, 0x00, 0x0F, 0xC0, 0x00, 0xFB, 0xF0, 0x00, 0x3F, 0x00, 0x03, 0xEF, 0x80, 0x00, 0xF8, 0x00,
    0x0F, 0xBE, 0x00, 0x03, 0xE0, 0x00, 0x3E, 0xF8, 0x00, 0x0F, 0x80, 0x00, 0xFB, 0xE0, 0x00, 0x3E,
    0x00, 0x03, 0xEF, 0x80, 0x00, 0xF8, 0x00, 0x0F, 0xBE, 0x00, 0x03, 0xE0, 0x00, 0x3E, 0xF8, 0x00,
    0x0F, 0x80, 0x00, 0xFB, 0xE0, 0x00, 0x3E, 0x00, 0x03, 0xEF, 0x80, 0x00, 0xF8, 0x00, 0x0F, 0xBE,
    0x00, 0x03, 0xE0, 0x00, 0x3E, 0xF0, 0x6F, 0xF4, 0x3D, 0xBF, 0xFF, 0x8F, 0xFD, 0x07, 0xF7, 0xF8,
    0x00, 0x3E, 0xFC, 0x00, 0x0F, 0xFF, 0x00, 0x02, 0xFF, 0x80, 0x00, 0xBF, 0xE0, 0x00, 0x2F, 0xF8,
    0x00, 0x0B, 0xFE, 0x00, 0x02, 0xFF, 0x80, 0x00, 0xBF, 0xE0, 0x00, 0x2F, 0xF8, 0x00, 0x0B, 0xFE,
    0x00, 0x02, 0xFF, 0x80, 0x00, 0xBF, 0xE0, 0x00, 0x2F, 0x00, 0xBF, 0xE4, 0x00, 0x1F, 0xFF, 0xFC,
    0x01, 0xFD, 0x06, 0xFC, 0x0F, 0xC0, 0x01, 0xF8, 0x7D, 0x00, 0x02, 0xF2, 0xF0, 0x00, 0x07, 0xDF,
    0xC0, 0x00, 0x0F, 0xBE, 0x00, 0x00, 0x3E, 0xF8, 0x00, 0x00, 0xFB, 0xF0, 0x00, 0x03, 0xEB, 0xC0,
    0x00, 0x1F, 0x5F, 0x40, 0x00, 0xBC, 0x3F, 0x00, 0x07, 0xE0, 0x7F, 0x41, 0xBF, 0x00, 0x7F, 0xFF,
    0xF0, 0x00, 0x1F, 0xF9, 0x00, 0xF0, 0x6F, 0xE4, 0x0F, 0x6F, 0xFF, 0xE0, 0xFF, 0xD0, 0x7F, 0x8F,
    0xE0, 0x00, 0xFC, 0xFC, 0x00, 0x07, 0xEF, 0xC0, 0x00, 0x3F, 0xF8, 0x00, 0x03, 0xFF, 0x80, 0x00,
    0x2F, 0xF8, 0x00, 0x02, 0xFF, 0x80, 0x00, 0x3F, 0xFC, 0x00, 0x03, 0xFF, 0xC0, 0x00, 0x7E, 0xFF,
    0x00, 0x0F, 0xCF, 0xFD, 0x07, 0xF8, 0xFA, 0xFF, 0xFE, 0x0F, 0x86, 0xFE, 0x40, 0xF8, 0x00, 0x00,
    0x0F, 0x80, 0x00, 0x00, 0xF8, 0x00, 0x00, 0x0F, 0x80, 0x00, 0x00, 0xF8, 0x00, 0x00, 0x0F, 0x80,
    0x00, 0x00, 0xF8, 0x00, 0x00, 0x00, 0x01, 0xBF, 0x90, 0xF0, 0xBF, 0xFF, 0x9F, 0x2F, 0xD0, 0x7F,
    0xF3, 0xF0, 0x00, 0xFF, 0xBD, 0x00, 0x03, 0xFF, 0xC0, 0x00, 0x3F, 0xFC, 0x00, 0x03, 0xFF, 0x80,
    0x00, 0x2F, 0xF8, 0x00, 0x02, 0xFF, 0x80, 0x00, 0x2F, 0xFC, 0x00, 0x03, 0xFB, 0xD0, 0x00, 0x3F,
    0x3F, 0x00, 0x0B, 0xF2, 0xFD, 0x06, 0xFF, 0x0B, 0xFF, 0xF6, 0xF0, 0x1B, 0xF8, 0x2F, 0x00, 0x00,
    0x02, 0xF0, 0x00, 0x00, 0x2F, 0x00, 0x00, 0x02, 0xF0, 0x00, 0x00, 0x2F, 0x00, 0x00, 0x02, 0xF0,
    0x00, 0x00, 0x2F, 0x00, 0x00, 0x02, 0xF0, 0xF0, 0x2F, 0xCF, 0x5F, 0xFC, 0xFB, 0xE0, 0x0F, 0xF0,
    0x00, 0xFD, 0x00, 0x0F, 0xC0, 0x00, 0xF8, 0x00, 0x0F, 0x80, 0x00, 0xF8, 0x00, 0x0F, 0x80, 0x00,
    0xF8, 0x00, 0x0F, 0x80, 0x00, 0xF8, 0x00, 0x0F, 0x80, 0x00, 0xF8, 0x00, 0x0F, 0x80, 0x00, 0x06,
    0xFF, 0x90, 0xFF, 0xFF, 0xDB, 0xE4, 0x1B, 0x3F, 0x00, 0x00, 0xFC, 0x00, 0x02, 0xF8, 0x00, 0x03,
    0xFD, 0x00, 0x02, 0xFF, 0x80, 0x00, 0xBF, 0xE0, 0x00, 0x1F, 0xD0, 0x00, 0x0F, 0xC0, 0x00, 0x2F,
    0x00, 0x00, 0xFF, 0x90, 0x1F, 0xEF, 0xFF, 0xFE, 0x0B, 0xFF, 0x90, 0x01, 0x80, 0x00, 0xF0, 0x00,
    0x3C, 0x00, 0x2F, 0x00, 0x7F, 0xFF, 0xFF, 0xFF, 0xF0, 0xBC, 0x00, 0x2F, 0x00, 0x0B, 0xC0, 0x02,
    0xF0, 0x00, 0xBC, 0x00, 0x2F, 0x00, 0x0B, 0xC0, 0x02, 0xF0, 0x00, 0xBC, 0x00, 0x2F, 0x00, 0x0B,
    0xC0, 0x01, 0xFD, 0x10, 0x3F, 0xFC, 0x02, 0xFE, 0xF8, 0x00, 0x0B, 0xFE, 0x00, 0x02, 0xFF, 0x80,
    0x00, 0xBF, 0xE0, 0x00, 0x2F, 0xF8, 0x00, 0x0B, 0xFE, 0x00, 0x02, 0xFF, 0x80, 0x00, 0xBF, 0xE0,
    0x00, 0x2F, 0xF8, 0x00, 0x0B, 0xFE, 0x00, 0x02, 0xFF, 0x80, 0x00, 0xFF, 0xF0, 0x00, 0x3F, 0xBC,
    0x00, 0x2F, 0xDF, 0xD0, 0x7F, 0xF2, 0xFF, 0xFE, 0x7C, 0x1F, 0xF9, 0x1F, 0xFC, 0x00, 0x00, 0xF9,
    0xF4, 0x00, 0x07, 0xD3, 0xE0, 0x00, 0x3F, 0x0B, 0xC0, 0x00, 0xF8, 0x1F, 0x40, 0x0B, 0xC0, 0x3E,
    0x00, 0x3F, 0x00, 0xBC, 0x00, 0xF4, 0x00, 0xF4, 0x0B, 0xC0, 0x03, 0xE0, 0x3E, 0x00, 0x07, 0xC1,
    0xF4, 0x00, 0x0F, 0x4B, 0xC0, 0x00, 0x3F, 0x3E, 0x00, 0x00, 0x7D, 0xF0, 0x00, 0x00, 0xFF, 0xC0,
    0x00, 0x02, 0xFD, 0x00, 0x00, 0x07, 0xF0, 0x00, 0xBC, 0x00, 0x0F, 0xC0, 0x00, 0xF5, 0xF4, 0x00,
    0x7F, 0x40, 0x07, 0xC3, 0xE0, 0x02, 0xFE, 0x00, 0x2F, 0x0B, 0xC0, 0x0F, 0xBC, 0x00, 0xF8, 0x1F,
    0x00, 0x7C, 0xF0, 0x03, 0xD0, 0x3D, 0x02, 0xF3, 0xE0, 0x1F, 0x00, 0xF8, 0x0F, 0x4B, 0xC0, 0xBC,
    0x02, 0xF0, 0x3C, 0x1F, 0x03, 0xE0, 0x07, 0xC2, 0xF0, 0x3D, 0x0F, 0x40, 0x0F, 0x4F, 0x80, 0xB8,
    0x7C, 0x00, 0x3E, 0x3C, 0x01, 0xF2, 0xF0, 0x00, 0xBD, 0xF0, 0x03, 0xDF, 0x40, 0x01, 0xFB, 0x80,
    0x0F, 0xBC, 0x00, 0x03, 0xFD, 0x00, 0x1F, 0xF0, 0x00, 0x0F, 0xF0, 0x00, 0x3F, 0x80, 0x00, 0x2F,
    0x80, 0x00, 0xFD, 0x00, 0x3F, 0x00, 0x02, 0xF4, 0x3E, 0x00, 0x1F, 0x80, 0x7D, 0x00, 0xFC, 0x00,
    0xFC, 0x0B, 0xC0, 0x00, 0xF8, 0x7E, 0x00, 0x01, 0xF7, 0xF0, 0x00, 0x02, 0xFF, 0x00, 0x00, 0x03,
    0xF4, 0x00, 0x00, 0x1F, 0xE0, 0x00, 0x00, 0xFF, 0xD0, 0x00, 0x0B, 0xCB, 0xC0, 0x00, 0x7D, 0x0F,
    0xC0, 0x03, 0xF0, 0x1F, 0x40, 0x2F, 0x00, 0x2F, 0x01, 0xF4, 0x00, 0x3F, 0x0F, 0x80, 0x00, 0x7E,
    0x3E, 0x00, 0x00, 0x7D, 0x2F, 0x00, 0x00, 0xFC, 0x1F, 0x40, 0x00, 0xF8, 0x0F, 0xC0, 0x01, 0xF4,
    0x0B, 0xC0, 0x03, 0xF0, 0x03, 0xE0, 0x03, 0xE0, 0x02, 0xF0, 0x0B, 0xC0, 0x01, 0xF4, 0x0F, 0xC0,
    0x00, 0xF8, 0x0F, 0x40, 0x00, 0xBC, 0x2F, 0x00, 0x00, 0x3D, 0x3E, 0x00, 0x00, 0x3E, 0x3D, 0x00,
    0x00, 0x1F, 0xBC, 0x00, 0x00, 0x0F, 0xF8, 0x00, 0x00, 0x0B, 0xF0, 0x00, 0x00, 0x03, 0xF0, 0x00,
    0x00, 0x03, 0xD0, 0x00, 0x00, 0x0B, 0xC0, 0x00, 0x00, 0x0F, 0x80, 0x00, 0x00, 0x2F, 0x00, 0x00,
    0x00, 0xBE, 0x00, 0x00, 0x3F, 0xFC, 0x00, 0x00, 0x3F, 0xD0, 0x00, 0x00, 0xFF, 0xFF, 0xFF, 0xFF,
    0xFF, 0xF0, 0x00, 0x1F, 0x80, 0x00, 0xFC, 0x00, 0x07, 0xD0, 0x00, 0x3E, 0x00, 0x03, 0xF0, 0x00,
    0x2F, 0x00, 0x00, 0xF4, 0x00, 0x0F, 0x80, 0x00, 0xBC, 0x00, 0x03, 0xC0, 0x00, 0x3D, 0x00, 0x02,
    0xF0, 0x00, 0x0F, 0xFF, 0xFF, 0xFF, 0xFF, 0xFF, 0x00, 0x06, 0xF0, 0x02, 0xFF, 0x00, 0x7F, 0x40,
    0x0F, 0xC0, 0x00, 0xF8, 0x00, 0x0F, 0x80, 0x00, 0xF8, 0x00, 0x0F, 0x80, 0x00, 0xF8, 0x00, 0x0F,
    0x80, 0x01, 0xF4, 0x00, 0x7F, 0x00, 0xBF, 0x80, 0x0B, 0xF8, 0x00, 0x07, 0xF0, 0x00, 0x1F, 0x40,
    0x00, 0xF8, 0x00, 0x0F, 0x80, 0x00, 0xF8, 0x00, 0x0F, 0x80, 0x00, 0xF8, 0x00, 0x0F, 0x80, 0x00,
    0xFC, 0x00, 0x07, 0xF4, 0x00, 0x2F, 0xF0, 0x00, 0x6F, 0xFB, 0xEF, 0xBE, 0xFB, 0xEF, 0xBE, 0xFB,
    0xEF, 0xBE, 0xFB, 0xEF, 0xBE, 0xFB, 0xEF, 0xBE, 0xFB, 0xEF, 0xBE, 0xFB, 0xEF, 0xBE, 0xF8, 0xF8,
    0x00, 0x3F, 0xD0, 0x01, 0xFC, 0x00, 0x1F, 0x80, 0x03, 0xE0, 0x00, 0xF8, 0x00, 0x3E, 0x00, 0x0F,
    0x80, 0x03, 0xE0, 0x00, 0xF8, 0x00, 0x3F, 0x00, 0x07, 0xF4, 0x00, 0x2F, 0xC0, 0x1F, 0xF0, 0x1F,
    0x80, 0x0F, 0xC0, 0x03, 0xE0, 0x00, 0xF8, 0x00, 0x3E, 0x00, 0x0F, 0x80, 0x03, 0xE0, 0x00, 0xF8,
    0x00, 0x7E, 0x00, 0x7F, 0x00, 0xFF, 0x40, 0x3E, 0x00, 0x00, 0x2F, 0xE4, 0x00, 0x2F, 0xFF, 0xF9,
    0x1F, 0xF4, 0x6F, 0xFF, 0xF8, 0x00, 0x1B, 0xF4, 0x7D, 0xFF, 0xFF, 0x7D, 0x00, 0x00, 0xBC, 0xBC,
    0xBC, 0xBC, 0xBC, 0xBC, 0xBC, 0xBC, 0xBC, 0xBC, 0xBC, 0xBC, 0xBC, 0xBC, 0xBC, 0x00, 0x0F, 0x00,
    0x00, 0x0F, 0x00, 0x01, 0xBF, 0xF8, 0x0B, 0xFF, 0xFC, 0x2F, 0xD0, 0x14, 0x3F, 0x00, 0x00, 0xBC,
    0x00, 0x00, 0xFC, 0x00, 0x00, 0xFC, 0x00, 0x00, 0xF8, 0x00, 0x00, 0xF8, 0x00, 0x00, 0xF8, 0x00,
    0x00, 0xFC, 0x00, 0x00, 0xBC, 0x00, 0x00, 0x3E, 0x00, 0x00, 0x2F, 0x80, 0x18, 0x0B, 0xFF, 0xFC,
    0x01, 0xBF, 0xF8, 0x00, 0x0F, 0x00, 0x00, 0x0F, 0x00, 0x00, 0x0F, 0x00, 0x00, 0x0B, 0xFE, 0x40,
    0x01, 0xFF, 0xFF, 0xC0, 0x0F, 0xD0, 0x6D, 0x00, 0xBC, 0x00, 0x00, 0x03, 0xF0, 0x00, 0x00, 0x0F,
    0x80, 0x00, 0x00, 0x3E, 0x00, 0x00, 0x00, 0xF8, 0x00, 0x00, 0x03, 0xE0, 0x00, 0x00, 0x0F, 0x80,
    0x00, 0x0F, 0xFF, 0xFF, 0xC0, 0x3F, 0xFF, 0xFF, 0x00, 0x03, 0xE0, 0x00, 0x00, 0x0F, 0x80, 0x00,
    0x00, 0x3E, 0x00, 0x00, 0x00, 0xF8, 0x00, 0x00, 0x03, 0xD0, 0x00, 0x00, 0x2F, 0x00, 0x00, 0x02,
    0xF4, 0x00, 0x00, 0x3F, 0xFF, 0xFF, 0xFF, 0xFF, 0xFF, 0xFF, 0xFC, 0x20, 0x00, 0x02, 0x2F, 0x2F,
    0xE3, 0xE3, 0xFF, 0xFF, 0xF0, 0x7F, 0x47, 0xF0, 0x1F, 0x00, 0x3D, 0x0F, 0x00, 0x03, 0xC3, 0xC0,
    0x00, 0xF0, 0xF0, 0x00, 0x3C, 0x3C, 0x00, 0x0F, 0x07, 0xC0, 0x0F, 0x40, 0xFD, 0x1F, 0xC0, 0xFF,
    0xFF, 0xFC, 0xBC, 0xBF, 0x8F, 0x88, 0x00, 0x00, 0x80, 0x3E, 0x00, 0x00, 0x2F, 0x07, 0xC0, 0x00,
    0x0F, 0x80, 0xF8, 0x00, 0x0B, 0xC0, 0x1F, 0x00, 0x03, 0xD0, 0x03, 0xE0, 0x02, 0xF0, 0x00, 0x7C,
    0x00, 0xF4, 0x00, 0x0F, 0x80, 0xBC, 0x00, 0x01, 0xF0, 0x3D, 0x00, 0x00, 0x3E, 0x2F, 0x00, 0x00,
    0x07, 0xDF, 0x40, 0x00, 0x00, 0xBF, 0xC0, 0x00, 0x0F, 0xFF, 0xFF, 0xC0, 0x03, 0xFF, 0xFF, 0xF0,
    0x00, 0x00, 0xBC, 0x00, 0x00, 0x00, 0x2F, 0x00, 0x00, 0x0F, 0xFF, 0xFF, 0xC0, 0x03, 0xFF, 0xFF,
    0xF0, 0x00, 0x00, 0xBC, 0x00, 0x00, 0x00, 0x2F, 0x00, 0x00, 0x00, 0x0B, 0xC0, 0x00, 0x00, 0x02,
    0xF0, 0x00, 0x00, 0xFB, 0xEF, 0xBE, 0xFB, 0xEF, 0xBE, 0xFB, 0xEF, 0x80, 0x00, 0x00, 0x00, 0x00,
    0x0F, 0xBE, 0xFB, 0xEF, 0xBE, 0xFB, 0xEF, 0xBE, 0xF8, 0x07, 0xFF, 0x90, 0xFF, 0xFF, 0xDB, 0xE0,
    0x1B, 0x3E, 0x00, 0x00, 0xFC, 0x00, 0x02, 0xF8, 0x00, 0x02, 0xFE, 0x40, 0x03, 0xFF, 0xD0, 0x3E,
    0x6F, 0xE2, 0xF0, 0x0F, 0xEF, 0x80, 0x0F, 0xFF, 0x00, 0x2F, 0xFD, 0x00, 0xBC, 0xFE, 0x03, 0xD0,
    0xFF, 0xBE, 0x00, 0x7F, 0xF0, 0x00, 0x0B, 0xF0, 0x00, 0x07, 0xF0, 0x00, 0x0B, 0xC0, 0x00, 0x3F,
    0xE5, 0x06, 0xFB, 0xFF, 0xFF, 0x82, 0xFF, 0xE4, 0x00, 0xB4, 0x1E, 0xF8, 0x2F, 0xB4, 0x1E, 0x00,
    0x02, 0xFF, 0xE4, 0x00, 0x00, 0x02, 0xFF, 0xFF, 0xF8, 0x00, 0x01, 0xFE, 0x40, 0x5F, 0xF0, 0x00,
    0x7E, 0x00, 0x00, 0x1F, 0xC0, 0x0F, 0x80, 0x00, 0x00, 0x3F, 0x02, 0xE0, 0x0B, 0xFF, 0x40, 0xF4,
    0x3C, 0x03, 0xFF, 0xFC, 0x03, 0xCB, 0x80, 0xBE, 0x01, 0x40, 0x2D, 0xF0, 0x0F, 0x80, 0x00, 0x01,
    0xEF, 0x01, 0xF4, 0x00, 0x00, 0x0E, 0xF0, 0x2F, 0x00, 0x00, 0x00, 0xFF, 0x02, 0xF0, 0x00, 0x00,
    0x0F, 0xF0, 0x2F, 0x00, 0x00, 0x00, 0xFF, 0x01, 0xF4, 0x00, 0x00, 0x1E, 0xB8, 0x0F, 0x80, 0x00,
    0x02, 0xD3, 0xC0, 0xBE, 0x41, 0x40, 0x3C, 0x2E, 0x03, 0xFF, 0xF8, 0x0F, 0x80, 0xF8, 0x07, 0xFE,
    0x03, 0xF0, 0x07, 0xF0, 0x00, 0x01, 0xFC, 0x00, 0x1F, 0xF5, 0x05, 0xFF, 0x00, 0x00, 0x2F, 0xFF,
    0xFF, 0x80, 0x00, 0x00, 0x2F, 0xFE, 0x40, 0x00, 0x2F, 0xF8, 0x39, 0x6E, 0x00, 0x0F, 0x00, 0x0B,
    0x2F, 0xFF, 0xB9, 0x0F, 0xF0, 0x0F, 0xF0, 0x2F, 0x7F, 0xEB, 0x00, 0x00, 0x00, 0x20, 0x06, 0x00,
    0x3E, 0x03, 0xD0, 0x3F, 0x03, 0xE0, 0x2F, 0x03, 0xF0, 0x2F, 0x42, 0xF0, 0x2F, 0x42, 0xF4, 0x0F,
    0xC0, 0xFC, 0x00, 0xFC, 0x0F, 0x80, 0x1F, 0x81, 0xF8, 0x01, 0xF4, 0x1F, 0x40, 0x2F, 0x42, 0xF0,
    0x02, 0xE0, 0x2D, 0x00, 0x00, 0x00, 0x00, 0x00, 0x00, 0x00, 0x02, 0xFF, 0xFF, 0xFF, 0xEB, 0xFF,
    0xFF, 0xFF, 0x80, 0x00, 0x00, 0x3E, 0x00, 0x00, 0x00, 0xF8, 0x00, 0x00, 0x03, 0xE0, 0x00, 0x00,
    0x0F, 0x80, 0x00, 0x00, 0x3E, 0x00, 0x00, 0x00, 0xA4, 0x00, 0x03, 0xFF, 0xFF, 0xFF, 0xC0, 0x00,
    0x02, 0xFF, 0xE4, 0x00, 0x00, 0x02, 0xFF, 0xFF, 0xF8, 0x00, 0x01, 0xFE, 0x40, 0x5F, 0xF0, 0x00,
    0x7E, 0x00, 0x00, 0x1F, 0xC0, 0x0F, 0x80, 0x00, 0x00, 0x3F, 0x02, 0xE0, 0xBF, 0xFD, 0x00, 0xF4,
    0x3C, 0x0B, 0xFF, 0xF4, 0x03, 0xCB, 0x80, 0xBC, 0x1F, 0xC0, 0x2D, 0xF0, 0x0B, 0xC0, 0xBC, 0x01,
    0xEF, 0x00, 0xBC, 0x0F, 0xC0, 0x0E, 0xF0, 0x0B, 0xC2, 0xF8, 0x00, 0xFF, 0x00, 0xBF, 0xFE, 0x00,
    0x0F, 0xF0, 0x0B, 0xFF, 0x80, 0x00, 0xFF, 0x00, 0xBC, 0x3C, 0x00, 0x1E, 0xB8, 0x0B, 0xC2, 0xF0,
    0x02, 0xD3, 0xC0, 0xBC, 0x0F, 0x80, 0x3C, 0x2E, 0x0B, 0xC0, 0x3D, 0x0F, 0x80, 0xF8, 0x54, 0x01,
    0x53, 0xF0, 0x07, 0xF0, 0x00, 0x01, 0xFC, 0x00, 0x1F, 0xF5, 0x05, 0xFF, 0x00, 0x00, 0x2F, 0xFF,
    0xFF, 0x80, 0x00, 0x00, 0x2F, 0xFE, 0x40, 0x00, 0x00, 0x00, 0x00, 0x03, 0xFF, 0xFF, 0xFF, 0xFF,
    0xFF, 0xFF, 0xFF, 0xC0, 0x00, 0x00, 0x02, 0xFE, 0x03, 0xFF, 0xF2, 0xE0, 0x2E, 0xF0, 0x03, 0xFC,
    0x00, 0xFF, 0x00, 0x3E, 0xF4, 0x7E, 0x3F, 0xFF, 0x02, 0xFE, 0x00, 0x00, 0x2F, 0x00, 0x00, 0x02,
    0xF0, 0x00, 0x00, 0x2F, 0x00, 0x00, 0x02, 0xF0, 0x00, 0x00, 0x2F, 0x00, 0x00, 0x02, 0xF0, 0x00,
    0xFF, 0xFF, 0xFF, 0xFF, 0xFF, 0xFF, 0xFF, 0x00, 0x2F, 0x00, 0x00, 0x02, 0xF0, 0x00, 0x00, 0x2F,
    0x00, 0x00, 0x02, 0xF0, 0x00, 0x00, 0x2F, 0x00, 0x00, 0x02, 0xF0, 0x00, 0x00, 0x00, 0x00, 0x0F,
    0xFF, 0xFF, 0xFF, 0xFF, 0xFF, 0xFF, 0xF0, 0x0B, 0xE4, 0x1F, 0xFF, 0x47, 0x42, 0xF0, 0x00, 0x3C,
    0x00, 0x0F, 0x00, 0x07, 0x80, 0x03, 0xC0, 0x03, 0xC0, 0x03, 0xD0, 0x03, 0xD0, 0x03, 0xC0, 0x03,
    0xFF, 0xFC, 0xFF, 0xFF, 0x00, 0x0B, 0xFD, 0x03, 0xFF, 0xF8, 0x24, 0x07, 0xC0, 0x00, 0x3C, 0x00,
    0x0B, 0xC0, 0x7F, 0xE0, 0x0B, 0xFE, 0x00, 0x00, 0xBC, 0x00, 0x03, 0xC0, 0x00, 0x3C, 0x50, 0x0B,
    0xCB, 0xFF, 0xF4, 0x2F, 0xF8, 0x00, 0x02, 0x90, 0x2F, 0x41, 0xF8, 0x0F, 0x80, 0xB4, 0x00, 0xF8,
    0x00, 0x0B, 0xFE, 0x00, 0x02, 0xFF, 0x80, 0x00, 0xBF, 0xE0, 0x00, 0x2F, 0xF8, 0x00, 0x0B, 0xFE,
    0x00, 0x02, 0xFF, 0x80, 0x00, 0xBF, 0xE0, 0x00, 0x2F, 0xF8, 0x00, 0x0B, 0xFE, 0x00, 0x02, 0xFF,
    0x80, 0x00, 0xFF, 0xF0, 0x00, 0x3F, 0xFC, 0x00, 0x2F, 0xFF, 0xD0, 0x7F, 0xFF, 0xFF, 0xFE, 0x7F,
    0xE7, 0xFD, 0x0F, 0xF8, 0x00, 0x00, 0x3E, 0x00, 0x00, 0x0F, 0x80, 0x00, 0x03, 0xE0, 0x00, 0x00,
    0xF8, 0x00, 0x00, 0x3E, 0x00, 0x00, 0x0F, 0x80, 0x00, 0x00, 0x01, 0xFF, 0xFF, 0xFC, 0x3F, 0xFF,
    0xFF, 0xF3, 0xFF, 0xFF, 0x03, 0xDF, 0xFF, 0xFC, 0x0F, 0xBF, 0xFF, 0xF0, 0x3F, 0xFF, 0xFF, 0xC0,
    0xFF, 0xFF, 0xFF, 0x03, 0xFF, 0xFF, 0xFC, 0x0F, 0xFF, 0xFF, 0xF0, 0x3F, 0xFF, 0xFF, 0xC0, 0xFB,
    0xFF, 0xFF, 0x03, 0xDF, 0xFF, 0xFC, 0x0F, 0x3F, 0xFF, 0xF0, 0x3C, 0x7F, 0xFF, 0xC0, 0xF0, 0x2F,
    0xFF, 0x03, 0xC0, 0x00, 0x3C, 0x0F, 0x00, 0x00, 0xF0, 0x3C, 0x00, 0x03, 0xC0, 0xF0, 0x00, 0x0F,
    0x03, 0xC0, 0x00, 0x3C, 0x0F, 0x00, 0x00, 0xF0, 0x3C, 0x00, 0x03, 0xC0, 0xF0, 0x00, 0x0F, 0x03,
    0xC0, 0x00, 0x3C, 0x0F, 0x00, 0x00, 0xF0, 0x3C, 0x00, 0x03, 0xC0, 0xF0, 0x00, 0x0A, 0x02, 0x80,
    0x7D, 0xFF, 0xFF, 0x7D, 0x0B, 0x00, 0x3D, 0x00, 0x7F, 0x00, 0x3E, 0x01, 0xFA, 0xFF, 0xC7, 0xF8,
    0x00, 0x02, 0xF0, 0x7F, 0xCB, 0xDF, 0x08, 0x3C, 0x00, 0xF0, 0x03, 0xC0, 0x0F, 0x00, 0x3C, 0x00,
    0xF0, 0x03, 0xC0, 0x0F, 0x00, 0x3C, 0x0B, 0xF8, 0x0F, 0x57, 0xCB, 0x00, 0x3B, 0xC0, 0x0F, 0xE0,
    0x02, 0xFC, 0x00, 0xFB, 0x00, 0x38, 0xF0, 0x3C, 0x1F, 0xFD, 0x00, 0x00, 0x00, 0x14, 0x02, 0x00,
    0x1F, 0x02, 0xF0, 0x02, 0xF0, 0x3F, 0x00, 0x3F, 0x03, 0xE0, 0x03, 0xE0, 0x7E, 0x00, 0x7E, 0x07,
    0xE0, 0x0F, 0xC0, 0xFC, 0x0B, 0xC0, 0xFC, 0x07, 0xD0, 0xBD, 0x07, 0xD0, 0x7D, 0x03, 0xE0, 0x7E,
    0x01, 0xF0, 0x2E, 0x00, 0x00, 0x00, 0x00, 0x00, 0x02, 0xF8, 0x00, 0x03, 0xD0, 0x07, 0xFE, 0x00,
    0x02, 0xF0, 0x0B, 0xDF, 0x80, 0x00, 0xF0, 0x00, 0x83, 0xE0, 0x00, 0xF8, 0x00, 0x00, 0xF8, 0x00,
    0x7C, 0x00, 0x00, 0x3E, 0x00, 0x3D, 0x00, 0x00, 0x0F, 0x80, 0x2F, 0x00, 0x00, 0x03, 0xE0, 0x0F,
    0x40, 0x00, 0x00, 0xF8, 0x0F, 0x80, 0xFC, 0x00, 0x3E, 0x07, 0xC0, 0xBF, 0x00, 0x0F, 0x83, 0xD0,
    0x3F, 0xC0, 0x03, 0xE2, 0xF0, 0x3E, 0xF0, 0x00, 0xF8, 0xF4, 0x1D, 0xBC, 0x00, 0x00, 0xB8, 0x0E,
    0x2F, 0x00, 0x00, 0x7C, 0x0B, 0x0B, 0xC0, 0x00, 0x3E, 0x07, 0x42, 0xF0, 0x00, 0x2F, 0x03, 0xFF,
    0xFF, 0xC0, 0x0F, 0x40, 0xFF, 0xFF, 0xF0, 0x0B, 0xC0, 0x00, 0x0B, 0xC0, 0x07, 0xC0, 0x00, 0x02,
    0xF0, 0x03, 0xE0, 0x00, 0x00, 0xBC, 0x00, 0x02, 0xF8, 0x00, 0x03, 0xC0, 0x07, 0xFE, 0x00, 0x02,
    0xC0, 0x07, 0xDF, 0x80, 0x01, 0xE0, 0x01, 0xC3, 0xE0, 0x00, 0xF0, 0x00, 0x00, 0xF8, 0x00, 0xB4,
    0x00, 0x00, 0x3E, 0x00, 0x3C, 0x00, 0x00, 0x0F, 0x80, 0x3C, 0x00, 0x00, 0x03, 0xE0, 0x1E, 0x00,
    0x00, 0x00, 0xF8, 0x0F, 0x01, 0xA8, 0x00, 0x3E, 0x0B, 0x47, 0xFF, 0xD0, 0x0F, 0x87, 0xC2, 0xD0,
    0xFC, 0x03, 0xE3, 0xD0, 0x00, 0x2F, 0x00, 0xFA, 0xE0, 0x00, 0x0B, 0xC0, 0x00, 0xF0, 0x00, 0x03,
    0xD0, 0x00, 0xB4, 0x00, 0x03, 0xF0, 0x00, 0x7C, 0x00, 0x02, 0xF0, 0x00, 0x3D, 0x00, 0x02, 0xE0,
    0x00, 0x2E, 0x00, 0x01, 0xE0, 0x00, 0x0F, 0x00, 0x01, 0xE0, 0x00, 0x0F, 0x80, 0x00, 0xFF, 0xFF,
    0x07, 0xC0, 0x00, 0x3F, 0xFF, 0xC0, 0x07, 0xFE, 0x00, 0x00, 0x19, 0x00, 0xFF, 0xFF, 0x00, 0x00,
    0xF0, 0x02, 0x90, 0xBE, 0x00, 0x0F, 0x80, 0x00, 0x00, 0xF8, 0x00, 0x7C, 0x00, 0x00, 0x0B, 0xC0,
    0x03, 0xD0, 0x00, 0x2F, 0xFC, 0x00, 0x2E, 0x00, 0x00, 0xBF, 0xF4, 0x00, 0xF0, 0x00, 0x00, 0x07,
    0xF0, 0x0F, 0x40, 0x00, 0x00, 0x03, 0xE0, 0x7C, 0x0F, 0xC0, 0x00, 0x0F, 0x83, 0xC0, 0xBF, 0x06,
    0x40, 0xBD, 0x2E, 0x03, 0xFC, 0x2F, 0xFF, 0xF0, 0xF0, 0x3E, 0xF0, 0x2F, 0xFE, 0x0F, 0x41, 0xCB,
    0xC0, 0x00, 0x00, 0x78, 0x0E, 0x2F, 0x00, 0x00, 0x03, 0xC0, 0xB0, 0xBC, 0x00, 0x00, 0x2D, 0x07,
    0x42, 0xF0, 0x00, 0x00, 0xF0, 0x3F, 0xFF, 0xFC, 0x00, 0x0F, 0x00, 0xFF, 0xFF, 0xF0, 0x00, 0x78,
    0x00, 0x00, 0xBC, 0x00, 0x03, 0xC0, 0x00, 0x02, 0xF0, 0x00, 0x2D, 0x00, 0x00, 0x0B, 0xC0, 0x00,
    0x1F, 0x40, 0x00, 0x0F, 0xF0, 0x00, 0x03, 0xFC, 0x00, 0x00, 0x7D, 0x00, 0x00, 0x00, 0x00, 0x00,
    0x00, 0x00, 0x00, 0x01, 0xA0, 0x00, 0x00, 0xBC, 0x00, 0x00, 0x3F, 0x00, 0x00, 0x1F, 0x80, 0x00,
    0x1F, 0xC0, 0x00, 0x1F, 0xD0, 0x00, 0x1F, 0xD0, 0x00, 0x0F, 0xD0, 0x00, 0x0B, 0xD0, 0x00, 0x03,
    0xF0, 0x00, 0x00, 0xF8, 0x00, 0x00, 0x3F, 0x00, 0x00, 0x0F, 0xC0, 0x00, 0x01, 0xFE, 0x56, 0xF8,
    0x1F, 0xFF, 0xFF, 0x00, 0xBF, 0xF8, 0x00, 0x00, 0x0A, 0x40, 0x00, 0x00, 0x00, 0x3F, 0x00, 0x00,
    0x00, 0x00, 0x3F, 0x00, 0x00, 0x00, 0x00, 0x3D, 0x00, 0x00, 0x00, 0x00, 0x3C, 0x00, 0x00, 0x00,
    0x00, 0x00, 0x00, 0x00, 0x00, 0x00, 0x00, 0x00, 0x00, 0x00, 0x3E, 0x00, 0x00, 0x00, 0x01, 0xFC,
    0x00, 0x00, 0x00, 0x0F, 0xF4, 0x00, 0x00, 0x00, 0x3E, 0xF0, 0x00, 0x00, 0x02, 0xF3, 0xC0, 0x00,
    0x00, 0x0F, 0x4F, 0x80, 0x00, 0x00, 0x7C, 0x1F, 0x00, 0x00, 0x03, 0xE0, 0x3D, 0x00, 0x00, 0x0F,
    0x40, 0xBC, 0x00, 0x00, 0xBC, 0x01, 0xF0, 0x00, 0x03, 0xE0, 0x03, 0xE0, 0x00, 0x1F, 0x00, 0x0B,
    0xC0, 0x00, 0xBF, 0xFF, 0xFF, 0x40, 0x03, 0xFF, 0xFF, 0xFE, 0x00, 0x1F, 0x55, 0x55, 0xBC, 0x00,
    0xF8, 0x00, 0x00, 0xF4, 0x07, 0xD0, 0x00, 0x03, 0xF0, 0x2F, 0x00, 0x00, 0x07, 0xD0, 0xF8, 0x00,
    0x00, 0x0F, 0x87, 0xC0, 0x00, 0x00, 0x2F, 0x3F, 0x00, 0x00, 0x00, 0x7D, 0x00, 0x00, 0x06, 0x90,
    0x00, 0x00, 0x00, 0x3F, 0x00, 0x00, 0x00, 0x02, 0xF0, 0x00, 0x00, 0x00, 0x1F, 0x00, 0x00, 0x00,
    0x00, 0xF0, 0x00, 0x00, 0x00, 0x00, 0x00, 0x00, 0x00, 0x00, 0x00, 0x00, 0x00, 0x00, 0x00, 0x3E,
    0x00, 0x00, 0x00, 0x01, 0xFC, 0x00, 0x00, 0x00, 0x0F, 0xF4, 0x00, 0x00, 0x00, 0x3E, 0xF0, 0x00,
    0x00, 0x02, 0xF3, 0xC0, 0x00, 0x00, 0x0F, 0x4F, 0x80, 0x00, 0x00, 0x7C, 0x1F, 0x00, 0x00, 0x03,
    0xE0, 0x3D, 0x00, 0x00, 0x0F, 0x40, 0xBC, 0x00, 0x00, 0xBC, 0x01, 0xF0, 0x00, 0x03, 0xE0, 0x03,
    0xE0, 0x00, 0x1F, 0x00, 0x0B, 0xC0, 0x00, 0xBF, 0xFF, 0xFF, 0x40, 0x03, 0xFF, 0xFF, 0xFE, 0x00,
    0x1F, 0x55, 0x55, 0xBC, 0x00, 0xF8, 0x00, 0x00, 0xF4, 0x07, 0xD0, 0x00, 0x03, 0xF0, 0x2F, 0x00,
    0x00, 0x07, 0xD0, 0xF8, 0x00, 0x00, 0x0F, 0x87, 0xC0, 0x00, 0x00, 0x2F, 0x3F, 0x00, 0x00, 0x00,
    0x7D, 0x00, 0x00, 0xA4, 0x00, 0x00, 0x00, 0x0F, 0xF4, 0x00, 0x00, 0x00, 0xBF, 0xF0, 0x00, 0x00,
    0x0B, 0xC2, 0xF0, 0x00, 0x00, 0x78, 0x01, 0xF0, 0x00, 0x00, 0x00, 0x00, 0x00, 0x00, 0x00, 0x00,
    0x00, 0x00, 0x00, 0x00, 0x3E, 0x00, 0x00, 0x00, 0x01, 0xFC, 0x00, 0x00, 0x00, 0x0F, 0xF4, 0x00,
    0x00, 0x00, 0x3E, 0xF0, 0x00, 0x00, 0x02, 0xF3, 0xC0, 0x00, 0x00, 0x0F, 0x4F, 0x80, 0x00, 0x00,
    0x7C, 0x1F, 0x00, 0x00, 0x03, 0xE0, 0x3D, 0x00, 0x00, 0x0F, 0x40, 0xBC, 0x00, 0x00, 0xBC, 0x01,
    0xF0, 0x00, 0x03, 0xE0, 0x03, 0xE0, 0x00, 0x1F, 0x00, 0x0B, 0xC0, 0x00, 0xBF, 0xFF, 0xFF, 0x40,
    0x03, 0xFF, 0xFF, 0xFE, 0x00, 0x1F, 0x55, 0x55, 0xBC, 0x00, 0xF8, 0x00, 0x00, 0xF4, 0x07, 0xD0,
    0x00, 0x03, 0xF0, 0x2F, 0x00, 0x00, 0x07, 0xD0, 0xF8, 0x00, 0x00, 0x0F, 0x87, 0xC0, 0x00, 0x00,
    0x2F, 0x3F, 0x00, 0x00, 0x00, 0x7D, 0x00, 0x0A, 0x40, 0x24, 0x00, 0x00, 0xFF, 0xD1, 0xD0, 0x00,
    0x0B, 0x5F, 0xFF, 0x00, 0x00, 0x38, 0x07, 0xF0, 0x00, 0x00, 0x00, 0x00, 0x00, 0x00, 0x00, 0x00,
    0x00, 0x00, 0x00, 0x00, 0x0F, 0x80, 0x00, 0x00, 0x00, 0x7F, 0x00, 0x00, 0x00, 0x03, 0xFD, 0x00,
    0x00, 0x00, 0x0F, 0xBC, 0x00, 0x00, 0x00, 0xBC, 0xF0, 0x00, 0x00, 0x03, 0xD3, 0xE0, 0x00, 0x00,
    0x1F, 0x07, 0xC0, 0x00, 0x00, 0xF8, 0x0F, 0x40, 0x00, 0x03, 0xD0, 0x2F, 0x00, 0x00, 0x2F, 0x00,
    0x7C, 0x00, 0x00, 0xF8, 0x00, 0xF8, 0x00, 0x07, 0xC0, 0x02, 0xF0, 0x00, 0x2F, 0xFF, 0xFF, 0xD0,
    0x00, 0xFF, 0xFF, 0xFF, 0x80, 0x07, 0xD5, 0x55, 0x6F, 0x00, 0x3E, 0x00, 0x00, 0x3D, 0x01, 0xF4,
    0x00, 0x00, 0xFC, 0x0B, 0xC0, 0x00, 0x01, 0xF4, 0x3E, 0x00, 0x00, 0x03, 0xE1, 0xF0, 0x00, 0x00,
    0x0B, 0xCF, 0xC0, 0x00, 0x00, 0x1F, 0x40, 0x00, 0x0B, 0x41, 0xE0, 0x00, 0x00, 0x0F, 0x82, 0xF0,
    0x00, 0x00, 0x0B, 0x41, 0xE0, 0x00, 0x00, 0x00, 0x00, 0x00, 0x00, 0x00, 0x00, 0x00, 0x00, 0x00,
    0x00, 0x00, 0x00, 0x00, 0x00, 0x00, 0x00, 0x7D, 0x00, 0x00, 0x00, 0x00, 0xBF, 0x00, 0x00, 0x00,
    0x00, 0xFF, 0x00, 0x00, 0x00, 0x01, 0xFF, 0x80, 0x00, 0x00, 0x03, 0xD7, 0xC0, 0x00, 0x00, 0x07,
    0xC3, 0xD0, 0x00, 0x00, 0x0B, 0xC3, 0xE0, 0x00, 0x00, 0x0F, 0x41, 0xF0, 0x00, 0x00, 0x1F, 0x00,
    0xF4, 0x00, 0x00, 0x3E, 0x00, 0xBC, 0x00, 0x00, 0x3D, 0x00, 0x7C, 0x00, 0x00, 0xBC, 0x00, 0x3E,
    0x00, 0x00, 0xFF, 0xFF, 0xFF, 0x00, 0x01, 0xFF, 0xFF, 0xFF, 0x40, 0x02, 0xF5, 0x55, 0x5F, 0x80,
    0x03, 0xE0, 0x00, 0x0B, 0xC0, 0x07, 0xC0, 0x00, 0x03, 0xD0, 0x0F, 0xC0, 0x00, 0x03, 0xF0, 0x0F,
    0x40, 0x00, 0x01, 0xF4, 0x2F, 0x00, 0x00, 0x00, 0xF8, 0x3E, 0x00, 0x00, 0x00, 0xBC, 0x00, 0x00,
    0xBF, 0x40, 0x00, 0x00, 0x02, 0xE2, 0xD0, 0x00, 0x00, 0x03, 0xC0, 0xF0, 0x00, 0x00, 0x03, 0xC0,
    0xF0, 0x00, 0x00, 0x02, 0xD2, 0xE0, 0x00, 0x00, 0x00, 0xBF, 0x80, 0x00, 0x00, 0x00, 0x7F, 0x00,
    0x00, 0x00, 0x00, 0xBF, 0x80, 0x00, 0x00, 0x00, 0xF7, 0xC0, 0x00, 0x00, 0x01, 0xF3, 0xD0, 0x00,
    0x00, 0x03, 0xE2, 0xF0, 0x00, 0x00, 0x07, 0xC0, 0xF0, 0x00, 0x00, 0x0B, 0x80, 0xF8, 0x00, 0x00,
    0x0F, 0x40, 0x7C, 0x00, 0x00, 0x1F, 0x00, 0x3D, 0x00, 0x00, 0x3E, 0x00, 0x2F, 0x00, 0x00, 0x7C,
    0x00, 0x0F, 0x00, 0x00, 0xBF, 0xFF, 0xFF, 0x80, 0x00, 0xFF, 0xFF, 0xFF, 0xC0, 0x01, 0xF0, 0x00,
    0x03, 0xD0, 0x03, 0xE0, 0x00, 0x03, 0xF0, 0x07, 0xC0, 0x00, 0x01, 0xF0, 0x0B, 0xC0, 0x00, 0x00,
    0xF8, 0x0F, 0x80, 0x00, 0x00, 0xBC, 0x1F, 0x00, 0x00, 0x00, 0x7D, 0x3F, 0x00, 0x00, 0x00, 0x3F,
    0x00, 0x00, 0x07, 0xFF, 0xFF, 0xFF, 0xC0, 0x00, 0x03, 0xFF, 0xFF, 0xFF, 0xF0, 0x00, 0x01, 0xF0,
    0xF8, 0x00, 0x00, 0x00, 0x00, 0xF8, 0x3E, 0x00, 0x00, 0x00, 0x00, 0x7C, 0x0F, 0x80, 0x00, 0x00,
    0x00, 0x3F, 0x03, 0xE0, 0x00, 0x00, 0x00, 0x1F, 0x40, 0xF8, 0x00, 0x00, 0x00, 0x0F, 0xC0, 0x3E,
    0x00, 0x00, 0x00, 0x03, 0xD0, 0x0F, 0x80, 0x00, 0x00, 0x02, 0xF0, 0x03, 0xFF, 0xFF, 0xE0, 0x00,
    0xF4, 0x00, 0xFF, 0xFF, 0xF8, 0x00, 0xBC, 0x00, 0x3E, 0x00, 0x00, 0x00, 0x3F, 0xFF, 0xFF, 0x80,
    0x00, 0x00, 0x2F, 0xFF, 0xFF, 0xE0, 0x00, 0x00, 0x0F, 0x80, 0x00, 0xF8, 0x00, 0x00, 0x0B, 0xC0,
    0x00, 0x3E, 0x00, 0x00, 0x03, 0xE0, 0x00, 0x0F, 0x80, 0x00, 0x01, 0xF0, 0x00, 0x03, 0xE0, 0x00,
    0x00, 0xF8, 0x00, 0x00, 0xF8, 0x00, 0x00, 0x7D, 0x00, 0x00, 0x3F, 0xFF, 0xFF, 0x3F, 0x00, 0x00,
    0x0F, 0xFF, 0xFF, 0xC0, 0x00, 0x07, 0xFF, 0xE4, 0x00, 0xBF, 0xFF, 0xFE, 0x03, 0xFE, 0x41, 0x7C,
    0x0F, 0xE0, 0x00, 0x00, 0x2F, 0x80, 0x00, 0x00, 0x3F, 0x00, 0x00, 0x00, 0x7D, 0x00, 0x00, 0x00,
    0xBC, 0x00, 0x00, 0x00, 0xFC, 0x00, 0x00, 0x00, 0xF8, 0x00, 0x00, 0x00, 0xF8, 0x00, 0x00, 0x00,
    0xF8, 0x00, 0x00, 0x00, 0xFC, 0x00, 0x00, 0x00, 0xBC, 0x00, 0x00, 0x00, 0x7D, 0x00, 0x00, 0x00,
    0x3F, 0x00, 0x00, 0x00, 0x2F, 0x40, 0x00, 0x00, 0x0F, 0xD0, 0x00, 0x00, 0x07, 0xFD, 0x00, 0x6C,
    0x00, 0xFF, 0xFF, 0xFC, 0x00, 0x1B, 0xFF, 0xE4, 0x00, 0x01, 0xD0, 0x00, 0x00, 0x03, 0xE4, 0x00,
    0x00, 0x00, 0xBE, 0x00, 0x00, 0x00, 0x2F, 0x00, 0x00, 0x00, 0x7F, 0x00, 0x00, 0x0F, 0xFE, 0x00,
    0x00, 0x0F, 0xF4, 0x00, 0x06, 0x80, 0x00, 0x03, 0xF0, 0x00, 0x01, 0xF8, 0x00, 0x00, 0x7C, 0x00,
    0x00, 0x1F, 0x00, 0x00, 0x00, 0x00, 0x00, 0x00, 0x00, 0xFF, 0xFF, 0xFE, 0xFF, 0xFF, 0xFE, 0xF8,
    0x00, 0x00, 0xF8, 0x00, 0x00, 0xF8, 0x00, 0x00, 0xF8, 0x00, 0x00, 0xF8, 0x00, 0x00, 0xF8, 0x00,
    0x00, 0xF8, 0x00, 0x00, 0xFF, 0xFF, 0xFC, 0xFF, 0xFF, 0xFC, 0xF8, 0x00, 0x00, 0xF8, 0x00, 0x00,
    0xF8, 0x00, 0x00, 0xF8, 0x00, 0x00, 0xF8, 0x00, 0x00, 0xF8, 0x00, 0x00, 0xF8, 0x00, 0x00, 0xF8,
    0x00, 0x00, 0xFF, 0xFF, 0xFE, 0xFF, 0xFF, 0xFE, 0x00, 0x01, 0xA0, 0x00, 0x07, 0xE0, 0x00, 0x0F,
    0xC0, 0x00, 0x2F, 0x00, 0x00, 0x78, 0x00, 0x00, 0x00, 0x00, 0x00, 0x00, 0x00, 0xFF, 0xFF, 0xFE,
    0xFF, 0xFF, 0xFE, 0xF8, 0x00, 0x00, 0xF8, 0x00, 0x00, 0xF8, 0x00, 0x00, 0xF8, 0x00, 0x00, 0xF8,
    0x00, 0x00, 0xF8, 0x00, 0x00, 0xF8, 0x00, 0x00, 0xFF, 0xFF, 0xFC, 0xFF, 0xFF, 0xFC, 0xF8, 0x00,
    0x00, 0xF8, 0x00, 0x00, 0xF8, 0x00, 0x00, 0xF8, 0x00, 0x00, 0xF8, 0x00, 0x00, 0xF8, 0x00, 0x00,
    0xF8, 0x00, 0x00, 0xF8, 0x00, 0x00, 0xFF, 0xFF, 0xFE, 0xFF, 0xFF, 0xFE, 0x00, 0x28, 0x00, 0x00,
    0xFF, 0x00, 0x03, 0xFF, 0xC0, 0x0B, 0xC3, 0xE0, 0x2E, 0x00, 0xB8, 0x00, 0x00, 0x00, 0x00, 0x00,
    0x00, 0xFF, 0xFF, 0xFE, 0xFF, 0xFF, 0xFE, 0xF8, 0x00, 0x00, 0xF8, 0x00, 0x00, 0xF8, 0x00, 0x00,
    0xF8, 0x00, 0x00, 0xF8, 0x00, 0x00, 0xF8, 0x00, 0x00, 0xF8, 0x00, 0x00, 0xFF, 0xFF, 0xFC, 0xFF,
    0xFF, 0xFC, 0xF8, 0x00, 0x00, 0xF8, 0x00, 0x00, 0xF8, 0x00, 0x00, 0xF8, 0x00, 0x00, 0xF8, 0x00,
    0x00, 0xF8, 0x00, 0x00, 0xF8, 0x00, 0x00, 0xF8, 0x00, 0x00, 0xFF, 0xFF, 0xFE, 0xFF, 0xFF, 0xFE,
    0x0B, 0x41, 0xE0, 0x0F, 0x82, 0xF0, 0x0B, 0x41, 0xE0, 0x00, 0x00, 0x00, 0x00, 0x00, 0x00, 0x00,
    0x00, 0x00, 0xFF, 0xFF, 0xFE, 0xFF, 0xFF, 0xFE, 0xF8, 0x00, 0x00, 0xF8, 0x00, 0x00, 0xF8, 0x00,
    0x00, 0xF8, 0x00, 0x00, 0xF8, 0x00, 0x00, 0xF8, 0x00, 0x00, 0xF8, 0x00, 0x00, 0xFF, 0xFF, 0xFC,
    0xFF, 0xFF, 0xFC, 0xF8, 0x00, 0x00, 0xF8, 0x00, 0x00, 0xF8, 0x00, 0x00, 0xF8, 0x00, 0x00, 0xF8,
    0x00, 0x00, 0xF8, 0x00, 0x00, 0xF8, 0x00, 0x00, 0xF8, 0x00, 0x00, 0xFF, 0xFF, 0xFE, 0xFF, 0xFF,
    0xFE, 0x68, 0x00, 0x7E, 0x00, 0x2F, 0x40, 0x0B, 0xC0, 0x02, 0xF0, 0x00, 0x00, 0x00, 0x00, 0xFF,
    0xFF, 0xBF, 0xFE, 0x0B, 0xC0, 0x0B, 0xC0, 0x0B, 0xC0, 0x0B, 0xC0, 0x0B, 0xC0, 0x0B, 0xC0, 0x0B,
    0xC0, 0x0B, 0xC0, 0x0B, 0xC0, 0x0B, 0xC0, 0x0B, 0xC0, 0x0B, 0xC0, 0x0B, 0xC0, 0x0B, 0xC0, 0x0B,
    0xC0, 0x0B, 0xC0, 0x0B, 0xC0, 0xBF, 0xFE, 0xFF, 0xFF, 0x00, 0x2A, 0x40, 0x2F, 0xC0, 0x1F, 0xC0,
    0x0F, 0x80, 0x0B, 0x80, 0x00, 0x00, 0x00, 0x00, 0x03, 0xFF, 0xFC, 0xBF, 0xFE, 0x02, 0xF0, 0x00,
    0xBC, 0x00, 0x2F, 0x00, 0x0B, 0xC0, 0x02, 0xF0, 0x00, 0xBC, 0x00, 0x2F, 0x00, 0x0B, 0xC0, 0x02,
    0xF0, 0x00, 0xBC, 0x00, 0x2F, 0x00, 0x0B, 0xC0, 0x02, 0xF0, 0x00, 0xBC, 0x00, 0x2F, 0x00, 0x0B,
    0xC0, 0x02, 0xF0, 0x0B, 0xFF, 0xE3, 0xFF, 0xFC, 0x00, 0x68, 0x00, 0x01, 0xFF, 0x00, 0x03, 0xEF,
    0x80, 0x0F, 0x83, 0xF0, 0x3D, 0x00, 0xBC, 0x00, 0x00, 0x00, 0x00, 0x00, 0x00, 0x0F, 0xFF, 0xF0,
    0x0B, 0xFF, 0xE0, 0x00, 0xBC, 0x00, 0x00, 0xBC, 0x00, 0x00, 0xBC, 0x00, 0x00, 0xBC, 0x00, 0x00,
    0xBC, 0x00, 0x00, 0xBC, 0x00, 0x00, 0xBC, 0x00, 0x00, 0xBC, 0x00, 0x00, 0xBC, 0x00, 0x00, 0xBC,
    0x00, 0x00, 0xBC, 0x00, 0x00, 0xBC, 0x00, 0x00, 0xBC, 0x00, 0x00, 0xBC, 0x00, 0x00, 0xBC, 0x00,
    0x00, 0xBC, 0x00, 0x00, 0xBC, 0x00, 0x0B, 0xFF, 0xE0, 0x0F, 0xFF, 0xF0, 0xB4, 0x0E, 0xF8, 0x1F,
    0xB4, 0x0E, 0x00, 0x00, 0x00, 0x00, 0x00, 0x00, 0xFF, 0xFF, 0xBF, 0xFE, 0x03, 0xE0, 0x03, 0xE0,
    0x03, 0xE0, 0x03, 0xE0, 0x03, 0xE0, 0x03, 0xE0, 0x03, 0xE0, 0x03, 0xE0, 0x03, 0xE0, 0x03, 0xE0,
    0x03, 0xE0, 0x03, 0xE0, 0x03, 0xE0, 0x03, 0xE0, 0x03, 0xE0, 0x03, 0xE0, 0x03, 0xE0, 0xBF, 0xFE,
    0xFF, 0xFF, 0x0F, 0xFF, 0xFE, 0x40, 0x00, 0x3F, 0xFF, 0xFF, 0xD0, 0x00, 0xF8, 0x00, 0x6F, 0xE0,
    0x03, 0xE0, 0x00, 0x0F, 0xE0, 0x0F, 0x80, 0x00, 0x0F, 0xD0, 0x3E, 0x00, 0x00, 0x0F, 0xC0, 0xF8,
    0x00, 0x00, 0x2F, 0x03, 0xE0, 0x00, 0x00, 0x7D, 0x0F, 0x80, 0x00, 0x00, 0xF8, 0x3E, 0x00, 0x00,
    0x03, 0xEF, 0xFF, 0xFF, 0x00, 0x0F, 0xBF, 0xFF, 0xFC, 0x00, 0x3E, 0x0F, 0x80, 0x00, 0x00, 0xF8,
    0x3E, 0x00, 0x00, 0x07, 0xD0, 0xF8, 0x00, 0x00, 0x2F, 0x03, 0xE0, 0x00, 0x00, 0xF8, 0x0F, 0x80,
    0x00, 0x0F, 0xC0, 0x3E, 0x00, 0x01, 0xFD, 0x00, 0xF8, 0x01, 0xBF, 0xE0, 0x03, 0xFF, 0xFF, 0xFD,
    0x00, 0x0F, 0xFF, 0xFE, 0x00, 0x00, 0x00, 0x29, 0x00, 0xD0, 0x00, 0x3F, 0xF4, 0xB0, 0x00, 0x1E,
    0x6F, 0xFC, 0x00, 0x0B, 0x01, 0xF8, 0x00, 0x00, 0x00, 0x00, 0x00, 0x00, 0x00, 0x00, 0x00, 0x0F,
    0xE0, 0x00, 0x00, 0xFB, 0xFD, 0x00, 0x00, 0x3E, 0xFF, 0xC0, 0x00, 0x0F, 0xBF, 0xF4, 0x00, 0x03,
    0xEF, 0xBF, 0x00, 0x00, 0xFB, 0xE3, 0xE0, 0x00, 0x3E, 0xF8, 0xBD, 0x00, 0x0F, 0xBE, 0x0F, 0xC0,
    0x03, 0xEF, 0x81, 0xF8, 0x00, 0xFB, 0xE0, 0x2F, 0x00, 0x3E, 0xF8, 0x03, 0xE0, 0x0F, 0xBE, 0x00,
    0xBD, 0x03, 0xEF, 0x80, 0x0F, 0xC0, 0xFB, 0xE0, 0x01, 0xF8, 0x3E, 0xF8, 0x00, 0x2F, 0x0F, 0xBE,
    0x00, 0x03, 0xF3, 0xEF, 0x80, 0x00, 0x7D, 0xFB, 0xE0, 0x00, 0x0F, 0xFE, 0xF8, 0x00, 0x00, 0xFF,
    0xBE, 0x00, 0x00, 0x2F, 0xEF, 0x80, 0x00, 0x03, 0xF8, 0x00, 0x0F, 0xC0, 0x00, 0x00, 0x00, 0x1F,
    0x80, 0x00, 0x00, 0x00, 0x1F, 0x40, 0x00, 0x00, 0x00, 0x1F, 0x00, 0x00, 0x00, 0x00, 0x09, 0x00,
    0x00, 0x00, 0x00, 0x00, 0x00, 0x00, 0x00, 0x00, 0x00, 0x00, 0x00, 0x06, 0xFF, 0xE4, 0x00, 0x00,
    0xFF, 0xFF, 0xFC, 0x00, 0x1F, 0xE4, 0x06, 0xFD, 0x00, 0xFD, 0x00, 0x00, 0xFC, 0x0B, 0xD0, 0x00,
    0x00, 0xF8, 0x3E, 0x00, 0x00, 0x02, 0xF2, 0xF0, 0x00, 0x00, 0x03, 0xDB, 0xC0, 0x00, 0x00, 0x0F,
    0xBF, 0x00, 0x00, 0x00, 0x3F, 0xF8, 0x00, 0x00, 0x00, 0xBF, 0xE0, 0x00, 0x00, 0x02, 0xFF, 0x80,
    0x00, 0x00, 0x0B, 0xFF, 0x00, 0x00, 0x00, 0x3F, 0xBC, 0x00, 0x00, 0x00, 0xF9, 0xF0, 0x00, 0x00,
    0x03, 0xD3, 0xE0, 0x00, 0x00, 0x2F, 0x0B, 0xD0, 0x00, 0x01, 0xF8, 0x0F, 0xD0, 0x00, 0x1F, 0xC0,
    0x1F, 0xE4, 0x06, 0xFD, 0x00, 0x0F, 0xFF, 0xFF, 0xC0, 0x00, 0x06, 0xFF, 0xE4, 0x00, 0x00, 0x00,
    0x0B, 0xE0, 0x00, 0x00, 0x00, 0x3F, 0x00, 0x00, 0x00, 0x03, 0xF0, 0x00, 0x00, 0x00, 0x2F, 0x00,
    0x00, 0x00, 0x00, 0x50, 0x00, 0x00, 0x00, 0x00, 0x00, 0x00, 0x00, 0x00, 0x00, 0x00, 0x00, 0x00,
    0x06, 0xFF, 0xE4, 0x00, 0x00, 0xFF, 0xFF, 0xFC, 0x00, 0x1F, 0xE4, 0x06, 0xFD, 0x00, 0xFD, 0x00,
    0x00, 0xFC, 0x0B, 0xD0, 0x00, 0x00, 0xF8, 0x3E, 0x00, 0x00, 0x02, 0xF2, 0xF0, 0x00, 0x00, 0x03,
    0xDB, 0xC0, 0x00, 0x00, 0x0F, 0xBF, 0x00, 0x00, 0x00, 0x3F, 0xF8, 0x00, 0x00, 0x00, 0xBF, 0xE0,
    0x00, 0x00, 0x02, 0xFF, 0x80, 0x00, 0x00, 0x0B, 0xFF, 0x00, 0x00, 0x00, 0x3F, 0xBC, 0x00, 0x00,
    0x00, 0xF9, 0xF0, 0x00, 0x00, 0x03, 0xD3, 0xE0, 0x00, 0x00, 0x2F, 0x0B, 0xD0, 0x00, 0x01, 0xF8,
    0x0F, 0xD0, 0x00, 0x1F, 0xC0, 0x1F, 0xE4, 0x06, 0xFD, 0x00, 0x0F, 0xFF, 0xFF, 0xC0, 0x00, 0x06,
    0xFF, 0xE4, 0x00, 0x00, 0x00, 0xFC, 0x00, 0x00, 0x00, 0x0F, 0xFC, 0x00, 0x00, 0x00, 0xFC, 0xFC,
    0x00, 0x00, 0x0B, 0x80, 0xB8, 0x00, 0x00, 0x24, 0x00, 0x60, 0x00, 0x00, 0x00, 0x00, 0x00, 0x00,
    0x00, 0x00, 0x00, 0x00, 0x00, 0x06, 0xFF, 0xE4, 0x00, 0x00, 0xFF, 0xFF, 0xFC, 0x00, 0x1F, 0xE4,
    0x06, 0xFD, 0x00, 0xFD, 0x00, 0x00, 0xFC, 0x0B, 0xD0, 0x00, 0x00, 0xF8, 0x3E, 0x00, 0x00, 0x02,
    0xF2, 0xF0, 0x00, 0x00, 0x03, 0xDB, 0xC0, 0x00, 0x00, 0x0F, 0xBF, 0x00, 0x00, 0x00, 0x3F, 0xF8,
    0x00, 0x00, 0x00, 0xBF, 0xE0, 0x00, 0x00, 0x02, 0xFF, 0x80, 0x00, 0x00, 0x0B, 0xFF, 0x00, 0x00,
    0x00, 0x3F, 0xBC, 0x00, 0x00, 0x00, 0xF9, 0xF0, 0x00, 0x00, 0x03, 0xD3, 0xE0, 0x00, 0x00, 0x2F,
    0x0B, 0xD0, 0x00, 0x01, 0xF8, 0x0F, 0xD0, 0x00, 0x1F, 0xC0, 0x1F, 0xE4, 0x06, 0xFD, 0x00, 0x0F,
    0xFF, 0xFF, 0xC0, 0x00, 0x06, 0xFF, 0xE4, 0x00, 0x00, 0x0A, 0x80, 0x28, 0x00, 0x00, 0xFF, 0xE1,
    0xE0, 0x00, 0x07, 0x9B, 0xFF, 0x00, 0x00, 0x3C, 0x02, 0xF4, 0x00, 0x00, 0x00, 0x00, 0x00, 0x00,
    0x00, 0x00, 0x00, 0x00, 0x00, 0x01, 0xBF, 0xF9, 0x00, 0x00, 0x3F, 0xFF, 0xFF, 0x00, 0x07, 0xF9,
    0x01, 0xBF, 0x40, 0x3F, 0x40, 0x00, 0x3F, 0x02, 0xF4, 0x00, 0x00, 0x3E, 0x0F, 0x80, 0x00, 0x00,
    0xBC, 0xBC, 0x00, 0x00, 0x00, 0xF6, 0xF0, 0x00, 0x00, 0x03, 0xEF, 0xC0, 0x00, 0x00, 0x0F, 0xFE,
    0x00, 0x00, 0x00, 0x2F, 0xF8, 0x00, 0x00, 0x00, 0xBF, 0xE0, 0x00, 0x00, 0x02, 0xFF, 0xC0, 0x00,
    0x00, 0x0F, 0xEF, 0x00, 0x00, 0x00, 0x3E, 0x7C, 0x00, 0x00, 0x00, 0xF4, 0xF8, 0x00, 0x00, 0x0B,
    0xC2, 0xF4, 0x00, 0x00, 0x7E, 0x03, 0xF4, 0x00, 0x07, 0xF0, 0x07, 0xF9, 0x01, 0xBF, 0x40, 0x03,
    0xFF, 0xFF, 0xF0, 0x00, 0x01, 0xBF, 0xF9, 0x00, 0x00, 0x00, 0x1E, 0x02, 0xD0, 0x00, 0x00, 0xBC,
    0x0F, 0x80, 0x00, 0x01, 0xE0, 0x2D, 0x00, 0x00, 0x00, 0x00, 0x00, 0x00, 0x00, 0x00, 0x00, 0x00,
    0x00, 0x00, 0x00, 0x00, 0x00, 0x00, 0x01, 0xBF, 0xF9, 0x00, 0x00, 0x3F, 0xFF, 0xFF, 0x00, 0x07,
    0xF9, 0x01, 0xBF, 0x40, 0x3F, 0x40, 0x00, 0x3F, 0x02, 0xF4, 0x00, 0x00, 0x3E, 0x0F, 0x80, 0x00,
    0x00, 0xBC, 0xBC, 0x00, 0x00, 0x00, 0xF6, 0xF0, 0x00, 0x00, 0x03, 0xEF, 0xC0, 0x00, 0x00, 0x0F,
    0xFE, 0x00, 0x00, 0x00, 0x2F, 0xF8, 0x00, 0x00, 0x00, 0xBF, 0xE0, 0x00, 0x00, 0x02, 0xFF, 0xC0,
    0x00, 0x00, 0x0F, 0xEF, 0x00, 0x00, 0x00, 0x3E, 0x7C, 0x00, 0x00, 0x00, 0xF4, 0xF8, 0x00, 0x00,
    0x0B, 0xC2, 0xF4, 0x00, 0x00, 0x7E, 0x03, 0xF4, 0x00, 0x07, 0xF0, 0x07, 0xF9, 0x01, 0xBF, 0x40,
    0x03, 0xFF, 0xFF, 0xF0, 0x00, 0x01, 0xBF, 0xF9, 0x00, 0x00, 0x08, 0x00, 0x00, 0x83, 0xE0, 0x00,
    0x3D, 0x1F, 0x80, 0x0F, 0xC0, 0x7E, 0x03, 0xF0, 0x01, 0xF8, 0xFC, 0x00, 0x07, 0xFF, 0x00, 0x00,
    0x1F, 0xC0, 0x00, 0x03, 0xFE, 0x00, 0x00, 0xFD, 0xF8, 0x00, 0x3F, 0x07, 0xE0, 0x0F, 0xC0, 0x1F,
    0x83, 0xF0, 0x00, 0x7D, 0x1C, 0x00, 0x01, 0xC0, 0x00, 0x00, 0x00, 0x00, 0x00, 0x00, 0x00, 0x40,
    0x00, 0x6F, 0xFE, 0x4B, 0x80, 0x0F, 0xFF, 0xFF, 0xFC, 0x01, 0xFE, 0x40, 0x6F, 0xE0, 0x0F, 0xD0,
    0x00, 0x3F, 0xC0, 0xBD, 0x00, 0x02, 0xFF, 0xC3, 0xE0, 0x00, 0x1F, 0x6F, 0x1F, 0x00, 0x00, 0xF8,
    0x3E, 0xBC, 0x00, 0x0B, 0xC0, 0xFB, 0xF0, 0x00, 0x7C, 0x03, 0xFF, 0x80, 0x03, 0xD0, 0x0B, 0xFE,
    0x00, 0x3E, 0x00, 0x2F, 0xF8, 0x02, 0xF0, 0x00, 0xBF, 0xF0, 0x1F, 0x40, 0x03, 0xFB, 0xC0, 0xF8,
    0x00, 0x0F, 0xAF, 0x0B, 0xC0, 0x00, 0x3D, 0x3E, 0x7C, 0x00, 0x02, 0xF0, 0xFF, 0xD0, 0x00, 0x1F,
    0x80, 0xFF, 0x00, 0x01, 0xFC, 0x02, 0xFE, 0x40, 0x6F, 0xC0, 0x1F, 0xFF, 0xFF, 0xFC, 0x00, 0xB8,
    0x6F, 0xFE, 0x40, 0x00, 0x40, 0x00, 0x00, 0x00, 0x00, 0x00, 0xBE, 0x00, 0x00, 0x00, 0x2F, 0x00,
    0x00, 0x00, 0x0F, 0xC0, 0x00, 0x00, 0x02, 0xE0, 0x00, 0x00, 0x00, 0x50, 0x00, 0x00, 0x00, 0x00,
    0x00, 0x00, 0x00, 0x00, 0x00, 0xF8, 0x00, 0x00, 0x2F, 0xF8, 0x00, 0x00, 0x2F, 0xF8, 0x00, 0x00,
    0x2F, 0xF8, 0x00, 0x00, 0x2F, 0xF8, 0x00, 0x00, 0x2F, 0xF8, 0x00, 0x00, 0x2F, 0xF8, 0x00, 0x00,
    0x2F, 0xF8, 0x00, 0x00, 0x2F, 0xF8, 0x00, 0x00, 0x2F, 0xF8, 0x00, 0x00, 0x2F, 0xF8, 0x00, 0x00,
    0x2F, 0xF8, 0x00, 0x00, 0x2F, 0xF8, 0x00, 0x00, 0x2F, 0xF8, 0x00, 0x00, 0x2F, 0xF8, 0x00, 0x00,
    0x2F, 0xFC, 0x00, 0x00, 0x3F, 0x7D, 0x00, 0x00, 0x7D, 0x3F, 0x00, 0x00, 0xFC, 0x1F, 0xE4, 0x1B,
    0xF4, 0x07, 0xFF, 0xFF, 0xD0, 0x00, 0x6F, 0xF9, 0x00, 0x00, 0x00, 0x3F, 0x00, 0x00, 0x00, 0xBD,
    0x00, 0x00, 0x01, 0xF4, 0x00, 0x00, 0x03, 0xD0, 0x00, 0x00, 0x02, 0x00, 0x00, 0x00, 0x00, 0x00,
    0x00, 0x00, 0x00, 0x00, 0x00, 0xF8, 0x00, 0x00, 0x2F, 0xF8, 0x00, 0x00, 0x2F, 0xF8, 0x00, 0x00,
    0x2F, 0xF8, 0x00, 0x00, 0x2F, 0xF8, 0x00, 0x00, 0x2F, 0xF8, 0x00, 0x00, 0x2F, 0xF8, 0x00, 0x00,
    0x2F, 0xF8, 0x00, 0x00, 0x2F, 0xF8, 0x00, 0x00, 0x2F, 0xF8, 0x00, 0x00, 0x2F, 0xF8, 0x00, 0x00,
    0x2F, 0xF8, 0x00, 0x00, 0x2F, 0xF8, 0x00, 0x00, 0x2F, 0xF8, 0x00, 0x00, 0x2F, 0xF8, 0x00, 0x00,
    0x2F, 0xFC, 0x00, 0x00, 0x3F, 0x7D, 0x00, 0x00, 0x7D, 0x3F, 0x00, 0x00, 0xFC, 0x1F, 0xE4, 0x1B,
    0xF4, 0x07, 0xFF, 0xFF, 0xD0, 0x00, 0x6F, 0xF9, 0x00, 0x00, 0x0B, 0xE0, 0x00, 0x00, 0x1F, 0xF4,
    0x00, 0x00, 0x7D, 0x7D, 0x00, 0x00, 0xF4, 0x1F, 0x00, 0x01, 0x40, 0x01, 0x40, 0x00, 0x00, 0x00,
    0x00, 0x00, 0x00, 0x00, 0x00, 0xF8, 0x00, 0x00, 0x2F, 0xF8, 0x00, 0x00, 0x2F, 0xF8, 0x00, 0x00,
    0x2F, 0xF8, 0x00, 0x00, 0x2F, 0xF8, 0x00, 0x00, 0x2F, 0xF8, 0x00, 0x00, 0x2F, 0xF8, 0x00, 0x00,
    0x2F, 0xF8, 0x00, 0x00, 0x2F, 0xF8, 0x00, 0x00, 0x2F, 0xF8, 0x00, 0x00, 0x2F, 0xF8, 0x00, 0x00,
    0x2F, 0xF8, 0x00, 0x00, 0x2F, 0xF8, 0x00, 0x00, 0x2F, 0xF8, 0x00, 0x00, 0x2F, 0xF8, 0x00, 0x00,
    0x2F, 0xFC, 0x00, 0x00, 0x3F, 0x7D, 0x00, 0x00, 0x7D, 0x3F, 0x00, 0x00, 0xFC, 0x1F, 0xE4, 0x1B,
    0xF4, 0x07, 0xFF, 0xFF, 0xD0, 0x00, 0x6F, 0xF9, 0x00, 0x00, 0xB4, 0x1E, 0x00, 0x00, 0xF8, 0x2F,
    0x00, 0x00, 0xB4, 0x1E, 0x00, 0x00, 0x00, 0x00, 0x00, 0x00, 0x00, 0x00, 0x00, 0x00, 0x00, 0x00,
    0x00, 0xF8, 0x00, 0x00, 0x2F, 0xF8, 0x00, 0x00, 0x2F, 0xF8, 0x00, 0x00, 0x2F, 0xF8, 0x00, 0x00,
    0x2F, 0xF8, 0x00, 0x00, 0x2F, 0xF8, 0x00, 0x00, 0x2F, 0xF8, 0x00, 0x00, 0x2F, 0xF8, 0x00, 0x00,
    0x2F, 0xF8, 0x00, 0x00, 0x2F, 0xF8, 0x00, 0x00, 0x2F, 0xF8, 0x00, 0x00, 0x2F, 0xF8, 0x00, 0x00,
    0x2F, 0xF8, 0x00, 0x00, 0x2F, 0xF8, 0x00, 0x00, 0x2F, 0xF8, 0x00, 0x00, 0x2F, 0xFC, 0x00, 0x00,
    0x3F, 0x7D, 0x00, 0x00, 0x7D, 0x3F, 0x00, 0x00, 0xFC, 0x1F, 0xE4, 0x1B, 0xF4, 0x07, 0xFF, 0xFF,
    0xD0, 0x00, 0x6F, 0xF9, 0x00, 0x00, 0x00, 0x1A, 0x40, 0x00, 0x00, 0x0F, 0xC0, 0x00, 0x00, 0x0B,
    0xC0, 0x00, 0x00, 0x07, 0xC0, 0x00, 0x00, 0x03, 0xC0, 0x00, 0x00, 0x00, 0x00, 0x00, 0x00, 0x00,
    0x00, 0x00, 0x02, 0xF0, 0x00, 0x00, 0x7D, 0x3E, 0x00, 0x00, 0x3F, 0x0B, 0xC0, 0x00, 0x2F, 0x40,
    0xFC, 0x00, 0x0F, 0x80, 0x2F, 0x40, 0x0B, 0xC0, 0x03, 0xF0, 0x03, 0xE0, 0x00, 0x7D, 0x02, 0xF0,
    0x00, 0x0F, 0xC0, 0xF8, 0x00, 0x01, 0xF4, 0xBC, 0x00, 0x00, 0x3F, 0x7D, 0x00, 0x00, 0x07, 0xFF,
    0x00, 0x00, 0x00, 0xFF, 0x40, 0x00, 0x00, 0x1F, 0xC0, 0x00, 0x00, 0x03, 0xE0, 0x00, 0x00, 0x00,
    0xF8, 0x00, 0x00, 0x00, 0x3E, 0x00, 0x00, 0x00, 0x0F, 0x80, 0x00, 0x00, 0x03, 0xE0, 0x00, 0x00,
    0x00, 0xF8, 0x00, 0x00, 0x00, 0x3E, 0x00, 0x00, 0x00, 0x0F, 0x80, 0x00, 0xF8, 0x00, 0x00, 0x3E,
    0x00, 0x00, 0x0F, 0x80, 0x00, 0x03, 0xE0, 0x00, 0x00, 0xFF, 0xFF, 0xE0, 0x3F, 0xFF, 0xFF, 0x4F,
    0x80, 0x0B, 0xF3, 0xE0, 0x00, 0x7E, 0xF8, 0x00, 0x0F, 0xFE, 0x00, 0x02, 0xFF, 0x80, 0x00, 0xBF,
    0xE0, 0x00, 0x3F, 0xF8, 0x00, 0x1F, 0x7E, 0x00, 0x6F, 0xCF, 0xFF, 0xFF, 0xC3, 0xFF, 0xFE, 0x40,
    0xF8, 0x00, 0x00, 0x3E, 0x00, 0x00, 0x0F, 0x80, 0x00, 0x03, 0xE0, 0x00, 0x00, 0xF8, 0x00, 0x00,
    0x00, 0x02, 0xFF, 0xE0, 0x00, 0x7F, 0xFF, 0xF4, 0x07, 0xF4, 0x07, 0xF0, 0x2F, 0x00, 0x07, 0xE0,
    0xFC, 0x00, 0x0F, 0x83, 0xE0, 0x00, 0x3D, 0x0F, 0x80, 0x03, 0xF0, 0x3E, 0x00, 0x3F, 0x40, 0xF8,
    0x03, 0xF0, 0x03, 0xE0, 0x3F, 0x00, 0x0F, 0x80, 0xF8, 0x00, 0x3E, 0x03, 0xF0, 0x00, 0xF8, 0x07,
    0xF4, 0x03, 0xE0, 0x07, 0xF8, 0x0F, 0x80, 0x07, 0xFC, 0x3E, 0x00, 0x02, 0xFC, 0xF8, 0x00, 0x02,
    0xF7, 0xE0, 0x00, 0x03, 0xEF, 0x80, 0x00, 0x0F, 0xBE, 0x00, 0x00, 0x7E, 0xF8, 0x39, 0x07, 0xF3,
    0xE0, 0xFF, 0xFF, 0x4F, 0x81, 0xBF, 0xE0, 0x00, 0x03, 0xF4, 0x00, 0x00, 0x3F, 0x00, 0x00, 0x07,
    0xD0, 0x00, 0x00, 0x7C, 0x00, 0x00, 0x07, 0x80, 0x00, 0x00, 0x00, 0x00, 0x00, 0x00, 0x00, 0x06,
    0xFF, 0x90, 0x0F, 0xFF, 0xFD, 0x03, 0xD4, 0x1F, 0xC0, 0x00, 0x01, 0xF4, 0x00, 0x00, 0x3E, 0x00,
    0x00, 0x0F, 0x80, 0x6F, 0xFF, 0xE1, 0xFF, 0xFF, 0xF9, 0xFE, 0x40, 0x3E, 0xFD, 0x00, 0x0F, 0xBF,
    0x00, 0x03, 0xEF, 0x80, 0x01, 0xFB, 0xF0, 0x00, 0xFE, 0xBE, 0x42, 0xFF, 0x8F, 0xFF, 0xF2, 0xE0,
    0xBF, 0xE0, 0x78, 0x00, 0x01, 0xFC, 0x00, 0x00, 0xFC, 0x00, 0x00, 0x7D, 0x00, 0x00, 0x3D, 0x00,
    0x00, 0x2D, 0x00, 0x00, 0x00, 0x00, 0x00, 0x00, 0x00, 0x00, 0x06, 0xFF, 0x90, 0x0F, 0xFF, 0xFD,
    0x03, 0xD4, 0x1F, 0xC0, 0x00, 0x01, 0xF4, 0x00, 0x00, 0x3E, 0x00, 0x00, 0x0F, 0x80, 0x6F, 0xFF,
    0xE1, 0xFF, 0xFF, 0xF9, 0xFE, 0x40, 0x3E, 0xFD, 0x00, 0x0F, 0xBF, 0x00, 0x03, 0xEF, 0x80, 0x01,
    0xFB, 0xF0, 0x00, 0xFE, 0xBE, 0x42, 0xFF, 0x8F, 0xFF, 0xF2, 0xE0, 0xBF, 0xE0, 0x78, 0x00, 0x3F,
    0x40, 0x00, 0x2F, 0xF0, 0x00, 0x1F, 0x7F, 0x00, 0x0F, 0x43, 0xE0, 0x0F, 0x40, 0x2E, 0x00, 0x00,
    0x00, 0x00, 0x00, 0x00, 0x00, 0x06, 0xFF, 0x90, 0x0F, 0xFF, 0xFD, 0x03, 0xD4, 0x1F, 0xC0, 0x00,
    0x01, 0xF4, 0x00, 0x00, 0x3E, 0x00, 0x00, 0x0F, 0x80, 0x6F, 0xFF, 0xE1, 0xFF, 0xFF, 0xF9, 0xFE,
    0x40, 0x3E, 0xFD, 0x00, 0x0F, 0xBF, 0x00, 0x03, 0xEF, 0x80, 0x01, 0xFB, 0xF0, 0x00, 0xFE, 0xBE,
    0x42, 0xFF, 0x8F, 0xFF, 0xF2, 0xE0, 0xBF, 0xE0, 0x78, 0x01, 0xA0, 0x07, 0x02, 0xFF, 0x83, 0xC0,
    0xF6, 0xFF, 0xD0, 0x70, 0x0B, 0xE0, 0x00, 0x00, 0x00, 0x00, 0x00, 0x00, 0x00, 0x1B, 0xFE, 0x40,
    0x3F, 0xFF, 0xF4, 0x0F, 0x50, 0x7F, 0x00, 0x00, 0x07, 0xD0, 0x00, 0x00, 0xF8, 0x00, 0x00, 0x3E,
    0x01, 0xBF, 0xFF, 0x87, 0xFF, 0xFF, 0xE7, 0xF9, 0x00, 0xFB, 0xF4, 0x00, 0x3E, 0xFC, 0x00, 0x0F,
    0xBE, 0x00, 0x07, 0xEF, 0xC0, 0x03, 0xFA, 0xF9, 0x0B, 0xFE, 0x3F, 0xFF, 0xCB, 0x82, 0xFF, 0x81,
    0xE0, 0x02, 0xD0, 0x78, 0x00, 0xF8, 0x2F, 0x00, 0x2D, 0x07, 0x80, 0x00, 0x00, 0x00, 0x00, 0x00,
    0x00, 0x00, 0x6F, 0xF9, 0x00, 0xFF, 0xFF, 0xD0, 0x3D, 0x41, 0xFC, 0x00, 0x00, 0x1F, 0x40, 0x00,
    0x03, 0xE0, 0x00, 0x00, 0xF8, 0x06, 0xFF, 0xFE, 0x1F, 0xFF, 0xFF, 0x9F, 0xE4, 0x03, 0xEF, 0xD0,
    0x00, 0xFB, 0xF0, 0x00, 0x3E, 0xF8, 0x00, 0x1F, 0xBF, 0x00, 0x0F, 0xEB, 0xE4, 0x2F, 0xF8, 0xFF,
    0xFF, 0x2E, 0x0B, 0xFE, 0x07, 0x80, 0x00, 0x7F, 0x40, 0x00, 0x78, 0xB8, 0x00, 0x3C, 0x0F, 0x00,
    0x0F, 0x03, 0xC0, 0x02, 0xD1, 0xE0, 0x00, 0x2F, 0xE0, 0x00, 0x00, 0x00, 0x00, 0x00, 0x00, 0x00,
    0x01, 0xBF, 0xE4, 0x03, 0xFF, 0xFF, 0x40, 0xF5, 0x07, 0xF0, 0x00, 0x00, 0x7D, 0x00, 0x00, 0x0F,
    0x80, 0x00, 0x03, 0xE0, 0x1B, 0xFF, 0xF8, 0x7F, 0xFF, 0xFE, 0x7F, 0x90, 0x0F, 0xBF, 0x40, 0x03,
    0xEF, 0xC0, 0x00, 0xFB, 0xE0, 0x00, 0x7E, 0xFC, 0x00, 0x3F, 0xAF, 0x90, 0xBF, 0xE3, 0xFF, 0xFC,
    0xB8, 0x2F, 0xF8, 0x1E, 0x02, 0xFF, 0xE0, 0x0B, 0xF9, 0x00, 0x7F, 0xFF, 0xF1, 0xFF, 0xFE, 0x00,
    0xE4, 0x0B, 0xFF, 0x81, 0xBE, 0x00, 0x00, 0x07, 0xF4, 0x00, 0xBC, 0x00, 0x00, 0x0F, 0xC0, 0x00,
    0xF4, 0x00, 0x00, 0x3E, 0x00, 0x03, 0xE0, 0x1B, 0xFF, 0xFF, 0xFF, 0xFF, 0x87, 0xFF, 0xFF, 0xFF,
    0xFF, 0xFE, 0x7F, 0x90, 0x0F, 0x80, 0x00, 0x02, 0xF4, 0x00, 0x3E, 0x00, 0x00, 0x0F, 0xC0, 0x00,
    0xFC, 0x00, 0x00, 0x3E, 0x00, 0x07, 0xF0, 0x00, 0x00, 0xFC, 0x00, 0x3F, 0xF0, 0x00, 0x02, 0xF9,
    0x0B, 0xE7, 0xF4, 0x06, 0xC3, 0xFF, 0xFE, 0x07, 0xFF, 0xFF, 0x01, 0xFF, 0x80, 0x02, 0xFF, 0xE0,
    0x00, 0xBF, 0xE4, 0x07, 0xFF, 0xFC, 0x1F, 0xD0, 0x68, 0x3F, 0x00, 0x00, 0x7D, 0x00, 0x00, 0xFC,
    0x00, 0x00, 0xFC, 0x00, 0x00, 0xF8, 0x00, 0x00, 0xF8, 0x00, 0x00, 0xFC, 0x00, 0x00, 0xFC, 0x00,
    0x00, 0xBD, 0x00, 0x00, 0x3F, 0x00, 0x00, 0x2F, 0xD0, 0x5C, 0x0B, 0xFF, 0xFC, 0x00, 0xBF, 0xE4,
    0x00, 0x1D, 0x00, 0x00, 0x3E, 0x40, 0x00, 0x1B, 0xE0, 0x00, 0x02, 0xF0, 0x00, 0x07, 0xF0, 0x01,
    0xFF, 0xD0, 0x00, 0xFF, 0x40, 0x03, 0xF4, 0x00, 0x00, 0x0F, 0xC0, 0x00, 0x00, 0x7E, 0x00, 0x00,
    0x01, 0xF0, 0x00, 0x00, 0x07, 0xC0, 0x00, 0x00, 0x00, 0x00, 0x00, 0x00, 0x00, 0x00, 0x0B, 0xFE,
    0x00, 0x07, 0xFF, 0xFE, 0x01, 0xFD, 0x07, 0xF4, 0x3E, 0x00, 0x0B, 0xC7, 0xC0, 0x00, 0x3D, 0xBC,
    0x00, 0x03, 0xEF, 0xFF, 0xFF, 0xFE, 0xFF, 0xFF, 0xFF, 0xEF, 0x80, 0x00, 0x00, 0xFC, 0x00, 0x00,
    0x0B, 0xC0, 0x00, 0x00, 0x7D, 0x00, 0x00, 0x03, 0xF0, 0x00, 0x00, 0x1F, 0xE4, 0x16, 0xC0, 0x7F,
    0xFF, 0xFC, 0x00, 0x6F, 0xFE, 0x00, 0x00, 0x00, 0xFC, 0x00, 0x00, 0x2F, 0x40, 0x00, 0x07, 0xE0,
    0x00, 0x00, 0xF8, 0x00, 0x00, 0x2E, 0x00, 0x00, 0x00, 0x00, 0x00, 0x00, 0x00, 0x00, 0x00, 0x0B,
    0xFE, 0x00, 0x07, 0xFF, 0xFE, 0x01, 0xFD, 0x07, 0xF4, 0x3E, 0x00, 0x0B, 0xC7, 0xC0, 0x00, 0x3D,
    0xBC, 0x00, 0x03, 0xEF, 0xFF, 0xFF, 0xFE, 0xFF, 0xFF, 0xFF, 0xEF, 0x80, 0x00, 0x00, 0xFC, 0x00,
    0x00, 0x0B, 0xC0, 0x00, 0x00, 0x7D, 0x00, 0x00, 0x03, 0xF0, 0x00, 0x00, 0x1F, 0xE4, 0x16, 0xC0,
    0x7F, 0xFF, 0xFC, 0x00, 0x6F, 0xFE, 0x00, 0x00, 0x3F, 0x80, 0x00, 0x0B, 0xFC, 0x00, 0x01, 0xFB,
    0xF0, 0x00, 0x3D, 0x0F, 0xC0, 0x0F, 0x40, 0x2E, 0x00, 0x00, 0x00, 0x00, 0x00, 0x00, 0x00, 0x00,
    0x0B, 0xFE, 0x00, 0x07, 0xFF, 0xFE, 0x01, 0xFD, 0x07, 0xF4, 0x3E, 0x00, 0x0B, 0xC7, 0xC0, 0x00,
    0x3D, 0xBC, 0x00, 0x03, 0xEF, 0xFF, 0xFF, 0xFE, 0xFF, 0xFF, 0xFF, 0xEF, 0x80, 0x00, 0x00, 0xFC,
    0x00, 0x00, 0x0B, 0xC0, 0x00, 0x00, 0x7D, 0x00, 0x00, 0x03, 0xF0, 0x00, 0x00, 0x1F, 0xE4, 0x16,
    0xC0, 0x7F, 0xFF, 0xFC, 0x00, 0x6F, 0xFE, 0x00, 0x07, 0x80, 0xB4, 0x00, 0xBC, 0x0F, 0x80, 0x07,
    0x80, 0xB4, 0x00, 0x00, 0x00, 0x00, 0x00, 0x00, 0x00, 0x00, 0x0B, 0xFE, 0x00, 0x07, 0xFF, 0xFE,
    0x01, 0xFD, 0x07, 0xF4, 0x3E, 0x00, 0x0B, 0xC7, 0xC0, 0x00, 0x3D, 0xBC, 0x00, 0x03, 0xEF, 0xFF,
    0xFF, 0xFE, 0xFF, 0xFF, 0xFF, 0xEF, 0x80, 0x00, 0x00, 0xFC, 0x00, 0x00, 0x0B, 0xC0, 0x00, 0x00,
    0x7D, 0x00, 0x00, 0x03, 0xF0, 0x00, 0x00, 0x1F, 0xE4, 0x17, 0xC0, 0x7F, 0xFF, 0xFC, 0x00, 0x7F,
    0xF9, 0x00, 0x29, 0x00, 0xFC, 0x00, 0xFC, 0x00, 0xF8, 0x00, 0xF4, 0x00, 0x00, 0x00, 0x00, 0xF8,
    0x03, 0xE0, 0x0F, 0x80, 0x3E, 0x00, 0xF8, 0x03, 0xE0, 0x0F, 0x80, 0x3E, 0x00, 0xF8, 0x03, 0xE0,
    0x0F, 0x80, 0x3E, 0x00, 0xF8, 0x03, 0xE0, 0x0F, 0x80, 0x3E, 0x00, 0x01, 0xA4, 0x0F, 0xC0, 0xBC,
    0x07, 0xD0, 0x3C, 0x00, 0x00, 0x00, 0x00, 0x0F, 0x80, 0x3E, 0x00, 0xF8, 0x03, 0xE0, 0x0F, 0x80,
    0x3E, 0x00, 0xF8, 0x03, 0xE0, 0x0F, 0x80, 0x3E, 0x00, 0xF8, 0x03, 0xE0, 0x0F, 0x80, 0x3E, 0x00,
    0xF8, 0x03, 0xE0, 0x00, 0x00, 0xA4, 0x00, 0x0F, 0xF4, 0x00, 0xBE, 0xF0, 0x0B, 0xC2, 0xF0, 0x78,
    0x01, 0xF0, 0x00, 0x00, 0x00, 0x00, 0x00, 0x00, 0x3E, 0x00, 0x00, 0xF8, 0x00, 0x03, 0xE0, 0x00,
    0x0F, 0x80, 0x00, 0x3E, 0x00, 0x00, 0xF8, 0x00, 0x03, 0xE0, 0x00, 0x0F, 0x80, 0x00, 0x3E, 0x00,
    0x00, 0xF8, 0x00, 0x03, 0xE0, 0x00, 0x0F, 0x80, 0x00, 0x3E, 0x00, 0x00, 0xF8, 0x00, 0x03, 0xE0,
    0x00, 0x0F, 0x80, 0x00, 0xB4, 0x0E, 0xF8, 0x1F, 0xB4, 0x0E, 0x00, 0x00, 0x00, 0x00, 0x03, 0xE0,
    0x03, 0xE0, 0x03, 0xE0, 0x03, 0xE0, 0x03, 0xE0, 0x03, 0xE0, 0x03, 0xE0, 0x03, 0xE0, 0x03, 0xE0,
    0x03, 0xE0, 0x03, 0xE0, 0x03, 0xE0, 0x03, 0xE0, 0x03, 0xE0, 0x03, 0xE0, 0x03, 0xE0, 0x00, 0x50,
    0x01, 0x00, 0x03, 0xF0, 0x3E, 0x00, 0x07, 0xFF, 0xF4, 0x00, 0x03, 0xFE, 0x00, 0x00, 0x7F, 0xFC,
    0x00, 0x0B, 0xF1, 0xF8, 0x00, 0x0D, 0x02, 0xF4, 0x00, 0x00, 0x03, 0xF0, 0x00, 0x00, 0x03, 0xD0,
    0x07, 0xFF, 0xDB, 0xC0, 0xFF, 0xFF, 0xFF, 0x0B, 0xE0, 0x07, 0xFD, 0x7E, 0x00, 0x03, 0xFA, 0xF0,
    0x00, 0x07, 0xEF, 0xC0, 0x00, 0x0F, 0xBE, 0x00, 0x00, 0x3E, 0xF8, 0x00, 0x00, 0xFB, 0xF0, 0x00,
    0x03, 0xDB, 0xC0, 0x00, 0x2F, 0x0F, 0xC0, 0x00, 0xF8, 0x1F, 0xD0, 0x2F, 0xC0, 0x1F, 0xFF, 0xFC,
    0x00, 0x0B, 0xFE, 0x40, 0x00, 0x02, 0x90, 0x09, 0x03, 0xFF, 0x47, 0x41, 0xE6, 0xFF, 0xC0, 0xB0,
    0x0B, 0xC0, 0x00, 0x00, 0x00, 0x00, 0x00, 0x00, 0x0F, 0x06, 0xFF, 0x43, 0xDB, 0xFF, 0xF8, 0xFF,
    0xD0, 0x7F, 0x7F, 0x80, 0x03, 0xEF, 0xC0, 0x00, 0xFF, 0xF0, 0x00, 0x2F, 0xF8, 0x00, 0x0B, 0xFE,
    0x00, 0x02, 0xFF, 0x80, 0x00, 0xBF, 0xE0, 0x00, 0x2F, 0xF8, 0x00, 0x0B, 0xFE, 0x00, 0x02, 0xFF,
    0x80, 0x00, 0xBF, 0xE0, 0x00, 0x2F, 0xF8, 0x00, 0x0B, 0xFE, 0x00, 0x02, 0xF0, 0x01, 0xFC, 0x00,
    0x00, 0x02, 0xF4, 0x00, 0x00, 0x03, 0xF0, 0x00, 0x00, 0x03, 0xE0, 0x00, 0x00, 0x03, 0xD0, 0x00,
    0x00, 0x00, 0x00, 0x00, 0x00, 0x00, 0x00, 0x00, 0x2F, 0xF9, 0x00, 0x07, 0xFF, 0xFF, 0x00, 0x7F,
    0x41, 0xBF, 0x03, 0xF0, 0x00, 0x7E, 0x1F, 0x40, 0x00, 0xBC, 0xBC, 0x00, 0x01, 0xF7, 0xF0, 0x00,
    0x03, 0xEF, 0x80, 0x00, 0x0F, 0xBE, 0x00, 0x00, 0x3E, 0xFC, 0x00, 0x00, 0xFA, 0xF0, 0x00, 0x07,
    0xD7, 0xD0, 0x00, 0x2F, 0x0F, 0xC0, 0x01, 0xF8, 0x1F, 0xD0, 0x6F, 0xC0, 0x1F, 0xFF, 0xFC, 0x00,
    0x07, 0xFE, 0x40, 0x00, 0x00, 0x00, 0xBE, 0x00, 0x00, 0x03, 0xF0, 0x00, 0x00, 0x3F, 0x00, 0x00,
    0x01, 0xF0, 0x00, 0x00, 0x0F, 0x00, 0x00, 0x00, 0x00, 0x00, 0x00, 0x00, 0x00, 0x00, 0x00, 0x2F,
    0xF9, 0x00, 0x07, 0xFF, 0xFF, 0x00, 0x7F, 0x41, 0xBF, 0x03, 0xF0, 0x00, 0x7E, 0x1F, 0x40, 0x00,
    0xBC, 0xBC, 0x00, 0x01, 0xF7, 0xF0, 0x00, 0x03, 0xEF, 0x80, 0x00, 0x0F, 0xBE, 0x00, 0x00, 0x3E,
    0xFC, 0x00, 0x00, 0xFA, 0xF0, 0x00, 0x07, 0xD7, 0xD0, 0x00, 0x2F, 0x0F, 0xC0, 0x01, 0xF8, 0x1F,
    0xD0, 0x6F, 0xC0, 0x1F, 0xFF, 0xFC, 0x00, 0x07, 0xFE, 0x40, 0x00, 0x00, 0x1F, 0xC0, 0x00, 0x00,
    0xFF, 0x80, 0x00, 0x0F, 0xDF, 0x40, 0x00, 0xBC, 0x1F, 0x40, 0x07, 0x80, 0x1F, 0x00, 0x00, 0x00,
    0x00, 0x00, 0x00, 0x00, 0x00, 0x00, 0x2F, 0xF9, 0x00, 0x07, 0xFF, 0xFF, 0x00, 0x7F, 0x41, 0xBF,
    0x03, 0xF0, 0x00, 0x7E, 0x1F, 0x40, 0x00, 0xBC, 0xBC, 0x00, 0x01, 0xF7, 0xF0, 0x00, 0x03, 0xEF,
    0x80, 0x00, 0x0F, 0xBE, 0x00, 0x00, 0x3E, 0xFC, 0x00, 0x00, 0xFA, 0xF0, 0x00, 0x07, 0xD7, 0xD0,
    0x00, 0x2F, 0x0F, 0xC0, 0x01, 0xF8, 0x1F, 0xD0, 0x6F, 0xC0, 0x1F, 0xFF, 0xFC, 0x00, 0x07, 0xFE,
    0x40, 0x00, 0x00, 0xA4, 0x02, 0x80, 0x1F, 0xFD, 0x1E, 0x00, 0xF5, 0xFF, 0xF0, 0x03, 0x80, 0x7F,
    0x00, 0x00, 0x00, 0x00, 0x00, 0x00, 0x00, 0x00, 0x00, 0x0B, 0xFE, 0x40, 0x01, 0xFF, 0xFF, 0xC0,
    0x1F, 0xD0, 0x6F, 0xC0, 0xFC, 0x00, 0x1F, 0x87, 0xD0, 0x00, 0x2F, 0x2F, 0x00, 0x00, 0x7D, 0xFC,
    0x00, 0x00, 0xFB, 0xE0, 0x00, 0x03, 0xEF, 0x80, 0x00, 0x0F, 0xBF, 0x00, 0x00, 0x3E, 0xBC, 0x00,
    0x01, 0xF5, 0xF4, 0x00, 0x0B, 0xC3, 0xF0, 0x00, 0x7E, 0x07, 0xF4, 0x1B, 0xF0, 0x07, 0xFF, 0xFF,
    0x00, 0x01, 0xFF, 0x90, 0x00, 0x01, 0xE0, 0x78, 0x00, 0x0B, 0xC2, 0xF0, 0x00, 0x1E, 0x07, 0x80,
    0x00, 0x00, 0x00, 0x00, 0x00, 0x00, 0x00, 0x00, 0x02, 0xFF, 0x90, 0x00, 0x7F, 0xFF, 0xF0, 0x07,
    0xF4, 0x1B, 0xF0, 0x3F, 0x00, 0x07, 0xE1, 0xF4, 0x00, 0x0B, 0xCB, 0xC0, 0x00, 0x1F, 0x7F, 0x00,
    0x00, 0x3E, 0xF8, 0x00, 0x00, 0xFB, 0xE0, 0x00, 0x03, 0xEF, 0xC0, 0x00, 0x0F, 0xAF, 0x00, 0x00,
    0x7D, 0x7D, 0x00, 0x02, 0xF0, 0xFC, 0x00, 0x1F, 0x81, 0xFD, 0x06, 0xFC, 0x01, 0xFF, 0xFF, 0xC0,
    0x00, 0x7F, 0xE4, 0x00, 0x00, 0x1E, 0x00, 0x00, 0x02, 0xF0, 0x00, 0x00, 0x2F, 0x00, 0x00, 0x01,
    0xE0, 0x00, 0x00, 0x00, 0x00, 0x00, 0x00, 0x00, 0x00, 0xFF, 0xFF, 0xFF, 0xFF, 0xFF, 0xFF, 0xFF,
    0x00, 0x00, 0x00, 0x00, 0x00, 0x00, 0x00, 0x00, 0x1E, 0x00, 0x00, 0x02, 0xF0, 0x00, 0x00, 0x2F,
    0x00, 0x00, 0x01, 0xE0, 0x00, 0x00, 0x00, 0x00, 0x40, 0x02, 0xFF, 0x97, 0xC0, 0x7F, 0xFF, 0xFD,
    0x07, 0xF4, 0x1B, 0xF0, 0x3F, 0x00, 0x2F, 0xE1, 0xF4, 0x01, 0xFF, 0xCF, 0xC0, 0x0F, 0x9F, 0x7F,
    0x00, 0xFC, 0x3E, 0xF8, 0x0B, 0xC0, 0xFB, 0xE0, 0x7D, 0x03, 0xEF, 0xC3, 0xE0, 0x0F, 0xAF, 0x3F,
    0x00, 0x7D, 0x7F, 0xF0, 0x02, 0xF0, 0xFF, 0x40, 0x1F, 0x81, 0xFD, 0x06, 0xFC, 0x0B, 0xFF, 0xFF,
    0xC0, 0x3C, 0xBF, 0xE4, 0x00, 0x10, 0x00, 0x00, 0x00, 0x03, 0xF0, 0x00, 0x00, 0x3E, 0x00, 0x00,
    0x07, 0xC0, 0x00, 0x00, 0xBC, 0x00, 0x00, 0x0B, 0x40, 0x00, 0x00, 0x00, 0x00, 0x00, 0x00, 0x03,
    0xE0, 0x00, 0x2F, 0xF8, 0x00, 0x0B, 0xFE, 0x00, 0x02, 0xFF, 0x80, 0x00, 0xBF, 0xE0, 0x00, 0x2F,
    0xF8, 0x00, 0x0B, 0xFE, 0x00, 0x02, 0xFF, 0x80, 0x00, 0xBF, 0xE0, 0x00, 0x2F, 0xF8, 0x00, 0x0B,
    0xFE, 0x00, 0x03, 0xFF, 0xC0, 0x00, 0xFE, 0xF0, 0x00, 0xBF, 0x7F, 0x41, 0xFF, 0xCB, 0xFF, 0xF9,
    0xF0, 0x7F, 0xE4, 0x7C, 0x00, 0x02, 0xF8, 0x00, 0x00, 0xFC, 0x00, 0x00, 0xBC, 0x00, 0x00, 0x3C,
    0x00, 0x00, 0x3D, 0x00, 0x00, 0x00, 0x00, 0x00, 0x00, 0x00, 0x03, 0xE0, 0x00, 0x2F, 0xF8, 0x00,
    0x0B, 0xFE, 0x00, 0x02, 0xFF, 0x80, 0x00, 0xBF, 0xE0, 0x00, 0x2F, 0xF8, 0x00, 0x0B, 0xFE, 0x00,
    0x02, 0xFF, 0x80, 0x00, 0xBF, 0xE0, 0x00, 0x2F, 0xF8, 0x00, 0x0B, 0xFE, 0x00, 0x03, 0xFF, 0xC0,
    0x00, 0xFE, 0xF0, 0x00, 0xBF, 0x7F, 0x41, 0xFF, 0xCB, 0xFF, 0xF9, 0xF0, 0x7F, 0xE4, 0x7C, 0x00,
    0x3F, 0x00, 0x00, 0x2F, 0xE0, 0x00, 0x1F, 0x7E, 0x00, 0x0F, 0x47, 0xD0, 0x0F, 0x40, 0x3C, 0x00,
    0x00, 0x00, 0x00, 0x00, 0x00, 0x03, 0xE0, 0x00, 0x2F, 0xF8, 0x00, 0x0B, 0xFE, 0x00, 0x02, 0xFF,
    0x80, 0x00, 0xBF, 0xE0, 0x00, 0x2F, 0xF8, 0x00, 0x0B, 0xFE, 0x00, 0x02, 0xFF, 0x80, 0x00, 0xBF,
    0xE0, 0x00, 0x2F, 0xF8, 0x00, 0x0B, 0xFE, 0x00, 0x03, 0xFF, 0xC0, 0x00, 0xFE, 0xF0, 0x00, 0xBF,
    0x7F, 0x41, 0xFF, 0xCB, 0xFF, 0xF9, 0xF0, 0x7F, 0xE4, 0x7C, 0x03, 0x80, 0xB4, 0x01, 0xF0, 0x3E,
    0x00, 0x38, 0x0B, 0x40, 0x00, 0x00, 0x00, 0x00, 0x00, 0x00, 0x3E, 0x00, 0x02, 0xFF, 0x80, 0x00,
    0xBF, 0xE0, 0x00, 0x2F, 0xF8, 0x00, 0x0B, 0xFE, 0x00, 0x02, 0xFF, 0x80, 0x00, 0xBF, 0xE0, 0x00,
    0x2F, 0xF8, 0x00, 0x0B, 0xFE, 0x00, 0x02, 0xFF, 0x80, 0x00, 0xBF, 0xE0, 0x00, 0x3F, 0xFC, 0x00,
    0x0F, 0xEF, 0x00, 0x0B, 0xF7, 0xF4, 0x1F, 0xFC, 0xBF, 0xFF, 0x9F, 0x06, 0xFE, 0x43, 0xC0, 0x00,
    0x00, 0x1A, 0x00, 0x00, 0x00, 0x7F, 0x00, 0x00, 0x00, 0xFC, 0x00, 0x00, 0x02, 0xF0, 0x00, 0x00,
    0x07, 0xC0, 0x00, 0x00, 0x00, 0x00, 0x00, 0x00, 0x00, 0x00, 0x00, 0x3E, 0x00, 0x00, 0x7D, 0x2F,
    0x00, 0x00, 0xFC, 0x1F, 0x40, 0x00, 0xF8, 0x0F, 0xC0, 0x01, 0xF4, 0x0B, 0xC0, 0x03, 0xF0, 0x03,
    0xE0, 0x03, 0xE0, 0x02, 0xF0, 0x0B, 0xC0, 0x01, 0xF4, 0x0F, 0xC0, 0x00, 0xF8, 0x0F, 0x40, 0x00,
    0xBC, 0x2F, 0x00, 0x00, 0x3D, 0x3E, 0x00, 0x00, 0x3E, 0x3D, 0x00, 0x00, 0x1F, 0xBC, 0x00, 0x00,
    0x0F, 0xF8, 0x00, 0x00, 0x0B, 0xF0, 0x00, 0x00, 0x03, 0xF0, 0x00, 0x00, 0x03, 0xD0, 0x00, 0x00,
    0x0B, 0xC0, 0x00, 0x00, 0x0F, 0x80, 0x00, 0x00, 0x2F, 0x00, 0x00, 0x00, 0xBE, 0x00, 0x00, 0x3F,
    0xFC, 0x00, 0x00, 0x3F, 0xD0, 0x00, 0x00, 0xF8, 0x00, 0x00, 0x0F, 0x80, 0x00, 0x00, 0xF8, 0x00,
    0x00, 0x0F, 0x80, 0x00, 0x00, 0xF8, 0x00, 0x00, 0x0F, 0x80, 0x00, 0x00, 0xF8, 0x2F, 0xE4, 0x0F,
    0x9F, 0xFF, 0xE0, 0xFF, 0x90, 0x7F, 0x8F, 0xE0, 0x00, 0xFC, 0xFC, 0x00, 0x03, 0xEF, 0xC0, 0x00,
    0x3F, 0xF8, 0x00, 0x02, 0xFF, 0x80, 0x00, 0x2F, 0xF8, 0x00, 0x02, 0xFF, 0x80, 0x00, 0x3F, 0xFC,
    0x00, 0x03, 0xFF, 0xC0, 0x00, 0x7E, 0xFE, 0x00, 0x0F, 0xCF, 0xFD, 0x07, 0xF8, 0xFA, 0xFF, 0xFE,
    0x0F, 0x82, 0xFE, 0x40, 0xF8, 0x00, 0x00, 0x0F, 0x80, 0x00, 0x00, 0xF8, 0x00, 0x00, 0x0F, 0x80,
    0x00, 0x00, 0xF8, 0x00, 0x00, 0x0F, 0x80, 0x00, 0x00, 0xF8, 0x00, 0x00, 0x00, 0x00, 0xB4, 0x1E,
    0x00, 0x00, 0xF8, 0x2F, 0x00, 0x00, 0xB4, 0x1E, 0x00, 0x00, 0x00, 0x00, 0x00, 0x00, 0x00, 0x00,
    0x00, 0x3E, 0x00, 0x00, 0xBC, 0x2F, 0x00, 0x00, 0xFC, 0x1F, 0x40, 0x01, 0xF4, 0x0F, 0x80, 0x02,
    0xF0, 0x0B, 0xC0, 0x03, 0xE0, 0x03, 0xD0, 0x07, 0xD0, 0x03, 0xF0, 0x0B, 0xC0, 0x01, 0xF0, 0x0F,
    0x80, 0x00, 0xF8, 0x1F, 0x00, 0x00, 0xBC, 0x2F, 0x00, 0x00, 0x3C, 0x3D, 0x00, 0x00, 0x3E, 0x7C,
    0x00, 0x00, 0x1F, 0xB8, 0x00, 0x00, 0x0F, 0xF4, 0x00, 0x00, 0x0B, 0xF0, 0x00, 0x00, 0x07, 0xE0,
    0x00, 0x00, 0x07, 0xD0, 0x00, 0x00, 0x0B, 0xC0, 0x00, 0x00, 0x0F, 0x80, 0x00, 0x00, 0x2F, 0x00,
    0x00, 0x00, 0xBE, 0x00, 0x00, 0x3F, 0xF8, 0x00, 0x00, 0x3F, 0xD0, 0x00, 0x00, 0x00, 0x00, 0x00,
    0x00, 0x00, 0x00, 0x3F, 0xFF, 0xF0, 0x00, 0x00, 0x3F, 0xFF, 0xF0, 0x00, 0x00, 0x00, 0x00, 0x00,
    0x00, 0x00, 0x00, 0x00, 0x00, 0x00, 0x00, 0x00, 0xFC, 0x00, 0x00, 0x00, 0x01, 0xFD, 0x00, 0x00,
    0x00, 0x02, 0xFF, 0x00, 0x00, 0x00, 0x03, 0xEF, 0x00, 0x00, 0x00, 0x07, 0xCF, 0x80, 0x00, 0x00,
    0x0F, 0x8B, 0xC0, 0x00, 0x00, 0x0F, 0x43, 0xD0, 0x00, 0x00, 0x2F, 0x03, 0xE0, 0x00, 0x00, 0x3E,
    0x01, 0xF0, 0x00, 0x00, 0x7C, 0x00, 0xF8, 0x00, 0x00, 0xF8, 0x00, 0xBC, 0x00, 0x00, 0xF4, 0x00,
    0x3D, 0x00, 0x02, 0xFF, 0xFF, 0xFE, 0x00, 0x03, 0xFF, 0xFF, 0xFF, 0x00, 0x07, 0xD5, 0x55, 0x5F,
    0x40, 0x0F, 0xC0, 0x00, 0x0F, 0xC0, 0x0F, 0x40, 0x00, 0x07, 0xD0, 0x2F, 0x00, 0x00, 0x03, 0xE0,
    0x3E, 0x00, 0x00, 0x02, 0xF0, 0x7D, 0x00, 0x00, 0x01, 0xF4, 0xBC, 0x00, 0x00, 0x00, 0xFC, 0x00,
    0x00, 0x00, 0x03, 0xFF, 0xFF, 0x00, 0xFF, 0xFF, 0xC0, 0x00, 0x00, 0x00, 0x00, 0x00, 0x00, 0x00,
    0x6F, 0xF8, 0x01, 0xFF, 0xFF, 0xD0, 0x39, 0x01, 0xFC, 0x00, 0x00, 0x1F, 0x40, 0x00, 0x03, 0xE0,
    0x00, 0x00, 0xF8, 0x06, 0xFF, 0xFE, 0x1F, 0xFF, 0xFF, 0x9F, 0xE4, 0x03, 0xEF, 0xD0, 0x00, 0xFB,
    0xF0, 0x00, 0x3E, 0xF8, 0x00, 0x1F, 0xBF, 0x00, 0x0F, 0xEB, 0xE4, 0x2F, 0xF8, 0xFF, 0xFF, 0x2E,
    0x0B, 0xFE, 0x07, 0x80, 0x00, 0x38, 0x00, 0xB0, 0x00, 0x00, 0xF4, 0x0B, 0x80, 0x00, 0x00, 0xFF,
    0xFC, 0x00, 0x00, 0x00, 0xBF, 0x80, 0x00, 0x00, 0x00, 0x00, 0x00, 0x00, 0x00, 0x00, 0x00, 0x00,
    0x00, 0x00, 0x0F, 0xC0, 0x00, 0x00, 0x00, 0x3F, 0x40, 0x00, 0x00, 0x02, 0xFE, 0x00, 0x00, 0x00,
    0x0F, 0xBC, 0x00, 0x00, 0x00, 0x7C, 0xF4, 0x00, 0x00, 0x03, 0xE2, 0xF0, 0x00, 0x00, 0x0F, 0x47,
    0xC0, 0x00, 0x00, 0xBC, 0x0F, 0x80, 0x00, 0x03, 0xE0, 0x1F, 0x00, 0x00, 0x1F, 0x00, 0x3D, 0x00,
    0x00, 0xBC, 0x00, 0xBC, 0x00, 0x03, 0xD0, 0x01, 0xF0, 0x00, 0x1F, 0xFF, 0xFF, 0xE0, 0x00, 0xFF,
    0xFF, 0xFF, 0xC0, 0x07, 0xD5, 0x55, 0x6F, 0x40, 0x2F, 0x00, 0x00, 0x3E, 0x00, 0xF8, 0x00, 0x00,
    0xBC, 0x07, 0xC0, 0x00, 0x00, 0xF4, 0x3F, 0x00, 0x00, 0x03, 0xF0, 0xF4, 0x00, 0x00, 0x07, 0xDB,
    0xC0, 0x00, 0x00, 0x0F, 0x80, 0x0B, 0x00, 0x2C, 0x01, 0xE4, 0x1F, 0x00, 0x3F, 0xFF, 0x40, 0x02,
    0xFE, 0x00, 0x00, 0x00, 0x00, 0x00, 0x00, 0x00, 0x00, 0x1B, 0xFE, 0x40, 0x3F, 0xFF, 0xF4, 0x0F,
    0x90, 0x7F, 0x00, 0x00, 0x07, 0xD0, 0x00, 0x00, 0xF8, 0x00, 0x00, 0x3E, 0x01, 0xAF, 0xFF, 0x83,
    0xFF, 0xFF, 0xE3, 0xF4, 0x00, 0xFA, 0xF0, 0x00, 0x3E, 0xFC, 0x00, 0x0F, 0xBE, 0x00, 0x07, 0xEF,
    0xC0, 0x03, 0xFA, 0xF8, 0x07, 0xFE, 0x3F, 0xFF, 0xCB, 0x82, 0xFF, 0x81, 0xE0, 0x00, 0x00, 0xFC,
    0x00, 0x00, 0x00, 0x03, 0xF4, 0x00, 0x00, 0x00, 0x2F, 0xE0, 0x00, 0x00, 0x00, 0xFB, 0xC0, 0x00,
    0x00, 0x07, 0xCF, 0x40, 0x00, 0x00, 0x3E, 0x2F, 0x00, 0x00, 0x00, 0xF4, 0x7D, 0x00, 0x00, 0x0B,
    0xC0, 0xF8, 0x00, 0x00, 0x3E, 0x02, 0xF0, 0x00, 0x01, 0xF0, 0x03, 0xD0, 0x00, 0x0B, 0xC0, 0x0F,
    0xC0, 0x00, 0x3D, 0x00, 0x1F, 0x00, 0x02, 0xFF, 0xFF, 0xFE, 0x00, 0x0F, 0xFF, 0xFF, 0xFC, 0x00,
    0x7D, 0x55, 0x56, 0xF4, 0x02, 0xF0, 0x00, 0x03, 0xF0, 0x0F, 0x80, 0x00, 0x07, 0xC0, 0x7C, 0x00,
    0x00, 0x0F, 0x83, 0xF0, 0x00, 0x00, 0x1F, 0x0F, 0x40, 0x00, 0x00, 0x3D, 0xBC, 0x00, 0x00, 0x00,
    0xBC, 0x00, 0x00, 0x00, 0x03, 0xC0, 0x00, 0x00, 0x00, 0x3D, 0x00, 0x00, 0x00, 0x02, 0xF0, 0x00,
    0x00, 0x00, 0x0F, 0x80, 0x00, 0x00, 0x00, 0x3F, 0x00, 0x00, 0x00, 0x00, 0xBF, 0xC0, 0x00, 0x00,
    0x00, 0xFF, 0x00, 0x00, 0x00, 0x00, 0x00, 0x01, 0xBF, 0xE4, 0x00, 0xFF, 0xFF, 0xD0, 0x0F, 0x50,
    0x7F, 0x00, 0x00, 0x01, 0xF4, 0x00, 0x00, 0x0F, 0x80, 0x00, 0x00, 0xF8, 0x01, 0xBF, 0xFF, 0x81,
    0xFF, 0xFF, 0xF8, 0x7F, 0x90, 0x0F, 0x8F, 0xD0, 0x00, 0xF8, 0xFC, 0x00, 0x0F, 0x8F, 0x80, 0x01,
    0xF8, 0xFC, 0x00, 0x3F, 0x8B, 0xE4, 0x2F, 0xF8, 0x3F, 0xFF, 0xC7, 0x80, 0x7F, 0xE0, 0x38, 0x00,
    0x00, 0x0F, 0x00, 0x00, 0x03, 0xD0, 0x00, 0x00, 0x7C, 0x00, 0x00, 0x0B, 0xC0, 0x00, 0x00, 0x7F,
    0xE0, 0x00, 0x02, 0xFD, 0x00, 0x00, 0x00, 0x00, 0x00, 0x00, 0x0F, 0xD0, 0x00, 0x00, 0x1F, 0x80,
    0x00, 0x00, 0x3E, 0x00, 0x00, 0x00, 0xF8, 0x00, 0x00, 0x00, 0x90, 0x00, 0x00, 0x00, 0x00, 0x00,
    0x00, 0x00, 0x00, 0x00, 0x00, 0x07, 0xFF, 0xE4, 0x00, 0xBF, 0xFF, 0xFE, 0x03, 0xFE, 0x41, 0x7C,
    0x0F, 0xE0, 0x00, 0x00, 0x2F, 0x80, 0x00, 0x00, 0x3F, 0x00, 0x00, 0x00, 0x7D, 0x00, 0x00, 0x00,
    0xBC, 0x00, 0x00, 0x00, 0xFC, 0x00, 0x00, 0x00, 0xF8, 0x00, 0x00, 0x00, 0xF8, 0x00, 0x00, 0x00,
    0xF8, 0x00, 0x00, 0x00, 0xFC, 0x00, 0x00, 0x00, 0xBC, 0x00, 0x00, 0x00, 0x7D, 0x00, 0x00, 0x00,
    0x3F, 0x00, 0x00, 0x00, 0x2F, 0x40, 0x00, 0x00, 0x0F, 0xD0, 0x00, 0x00, 0x07, 0xFD, 0x00, 0x6C,
    0x00, 0xFF, 0xFF, 0xFC, 0x00, 0x1B, 0xFF, 0xE4, 0x00, 0x01, 0xF8, 0x00, 0x03, 0xF0, 0x00, 0x0B,
    0xC0, 0x00, 0x0F, 0x40, 0x00, 0x3D, 0x00, 0x00, 0x00, 0x00, 0x00, 0x00, 0x00, 0x00, 0xBF, 0xE4,
    0x07, 0xFF, 0xFC, 0x1F, 0xD0, 0x68, 0x3F, 0x00, 0x00, 0x7D, 0x00, 0x00, 0xFC, 0x00, 0x00, 0xFC,
    0x00, 0x00, 0xF8, 0x00, 0x00, 0xF8, 0x00, 0x00, 0xFC, 0x00, 0x00, 0xFC, 0x00, 0x00, 0xBD, 0x00,
    0x00, 0x3F, 0x00, 0x00, 0x2F, 0xD0, 0x5C, 0x0B, 0xFF, 0xFC, 0x00, 0xBF, 0xE4, 0x00, 0x01, 0xFC,
    0x00, 0x00, 0x07, 0xFE, 0x00, 0x00, 0x0F, 0x9F, 0x80, 0x00, 0x3D, 0x03, 0xE0, 0x00, 0x60, 0x00,
    0x60, 0x00, 0x00, 0x00, 0x00, 0x00, 0x00, 0x00, 0x00, 0x00, 0x07, 0xFF, 0xE4, 0x00, 0xBF, 0xFF,
    0xFE, 0x03, 0xFE, 0x41, 0x7C, 0x0F, 0xE0, 0x00, 0x00, 0x2F, 0x80, 0x00, 0x00, 0x3F, 0x00, 0x00,
    0x00, 0x7D, 0x00, 0x00, 0x00, 0xBC, 0x00, 0x00, 0x00, 0xFC, 0x00, 0x00, 0x00, 0xF8, 0x00, 0x00,
    0x00, 0xF8, 0x00, 0x00, 0x00, 0xF8, 0x00, 0x00, 0x00, 0xFC, 0x00, 0x00, 0x00, 0xBC, 0x00, 0x00,
    0x00, 0x7D, 0x00, 0x00, 0x00, 0x3F, 0x00, 0x00, 0x00, 0x2F, 0x40, 0x00, 0x00, 0x0F, 0xD0, 0x00,
    0x00, 0x07, 0xFD, 0x00, 0x6C, 0x00, 0xFF, 0xFF, 0xFC, 0x00, 0x1B, 0xFF, 0xE4, 0x00, 0x3F, 0x00,
    0x00, 0xBF, 0xC0, 0x01, 0xF7, 0xE0, 0x07, 0xD0, 0xF4, 0x0F, 0x00, 0x3D, 0x00, 0x00, 0x00, 0x00,
    0x00, 0x00, 0x00, 0xBF, 0xE4, 0x07, 0xFF, 0xFC, 0x1F, 0xD0, 0x68, 0x3F, 0x00, 0x00, 0x7D, 0x00,
    0x00, 0xFC, 0x00, 0x00, 0xFC, 0x00, 0x00, 0xF8, 0x00, 0x00, 0xF8, 0x00, 0x00, 0xFC, 0x00, 0x00,
    0xFC, 0x00, 0x00, 0xBD, 0x00, 0x00, 0x3F, 0x00, 0x00, 0x2F, 0xD0, 0x5C, 0x0B, 0xFF, 0xFC, 0x00,
    0xBF, 0xE4, 0x00, 0x00, 0xB4, 0x00, 0x00, 0x00, 0xF8, 0x00, 0x00, 0x00, 0xB4, 0x00, 0x00, 0x00,
    0x00, 0x00, 0x00, 0x00, 0x00, 0x00, 0x00, 0x00, 0x00, 0x00, 0x00, 0x07, 0xFF, 0xE4, 0x00, 0xBF,
    0xFF, 0xFE, 0x03, 0xFE, 0x41, 0x7C, 0x0F, 0xE0, 0x00, 0x00, 0x2F, 0x80, 0x00, 0x00, 0x3F, 0x00,
    0x00, 0x00, 0x7D, 0x00, 0x00, 0x00, 0xBC, 0x00, 0x00, 0x00, 0xFC, 0x00, 0x00, 0x00, 0xF8, 0x00,
    0x00, 0x00, 0xF8, 0x00, 0x00, 0x00, 0xF8, 0x00, 0x00, 0x00, 0xFC, 0x00, 0x00, 0x00, 0xBC, 0x00,
    0x00, 0x00, 0x7D, 0x00, 0x00, 0x00, 0x3F, 0x00, 0x00, 0x00, 0x2F, 0x40, 0x00, 0x00, 0x0F, 0xD0,
    0x00, 0x00, 0x07, 0xFD, 0x00, 0x6C, 0x00, 0xFF, 0xFF, 0xFC, 0x00, 0x1B, 0xFF, 0xE4, 0x00, 0x1E,
    0x00, 0x00, 0x2F, 0x00, 0x00, 0x1E, 0x00, 0x00, 0x00, 0x00, 0x00, 0x00, 0x00, 0x00, 0x00, 0x00,
    0x00, 0xBF, 0xE4, 0x07, 0xFF, 0xFC, 0x1F, 0xD0, 0x68, 0x3F, 0x00, 0x00, 0x7D, 0x00, 0x00, 0xFC,
    0x00, 0x00, 0xFC, 0x00, 0x00, 0xF8, 0x00, 0x00, 0xF8, 0x00, 0x00, 0xFC, 0x00, 0x00, 0xFC, 0x00,
    0x00, 0xBD, 0x00, 0x00, 0x3F, 0x00, 0x00, 0x2F, 0xD0, 0x5C, 0x0B, 0xFF, 0xFC, 0x00, 0xBF, 0xE4,
    0x00, 0xB8, 0x01, 0xF0, 0x00, 0x2F, 0x0B, 0xC0, 0x00, 0x0B, 0xEF, 0x00, 0x00, 0x03, 0xFD, 0x00,
    0x00, 0x00, 0xA4, 0x00, 0x00, 0x00, 0x00, 0x00, 0x00, 0x00, 0x00, 0x00, 0x00, 0x07, 0xFF, 0xE4,
    0x00, 0xBF, 0xFF, 0xFE, 0x03, 0xFE, 0x41, 0x7C, 0x0F, 0xE0, 0x00, 0x00, 0x2F, 0x80, 0x00, 0x00,
    0x3F, 0x00, 0x00, 0x00, 0x7D, 0x00, 0x00, 0x00, 0xBC, 0x00, 0x00, 0x00, 0xFC, 0x00, 0x00, 0x00,
    0xF8, 0x00, 0x00, 0x00, 0xF8, 0x00, 0x00, 0x00, 0xF8, 0x00, 0x00, 0x00, 0xFC, 0x00, 0x00, 0x00,
    0xBC, 0x00, 0x00, 0x00, 0x7D, 0x00, 0x00, 0x00, 0x3F, 0x00, 0x00, 0x00, 0x2F, 0x40, 0x00, 0x00,
    0x0F, 0xD0, 0x00, 0x00, 0x07, 0xFD, 0x00, 0x6C, 0x00, 0xFF, 0xFF, 0xFC, 0x00, 0x1B, 0xFF, 0xE4,
    0x0F, 0x00, 0x3D, 0x07, 0xD0, 0xF4, 0x01, 0xF7, 0xE0, 0x00, 0xBF, 0xC0, 0x00, 0x3F, 0x00, 0x00,
    0x00, 0x00, 0x00, 0x00, 0x00, 0x00, 0xBF, 0xE4, 0x07, 0xFF, 0xFC, 0x1F, 0xD0, 0x68, 0x3F, 0x00,
    0x00, 0x7D, 0x00, 0x00, 0xFC, 0x00, 0x00, 0xFC, 0x00, 0x00, 0xF8, 0x00, 0x00, 0xF8, 0x00, 0x00,
    0xFC, 0x00, 0x00, 0xFC, 0x00, 0x00, 0xBD, 0x00, 0x00, 0x3F, 0x00, 0x00, 0x2F, 0xD0, 0x5C, 0x0B,
    0xFF, 0xFC, 0x00, 0xBF, 0xE4, 0x02, 0x40, 0x02, 0x40, 0x00, 0xBC, 0x07, 0xC0, 0x00, 0x0B, 0xCB,
    0xC0, 0x00, 0x00, 0xBF, 0xC0, 0x00, 0x00, 0x0F, 0xD0, 0x00, 0x00, 0x00, 0x00, 0x00, 0x00, 0x00,
    0x00, 0x00, 0x03, 0xFF, 0xFF, 0x90, 0x00, 0xFF, 0xFF, 0xFF, 0x40, 0x3E, 0x00, 0x1B, 0xF8, 0x0F,
    0x80, 0x00, 0x3F, 0x83, 0xE0, 0x00, 0x02, 0xF4, 0xF8, 0x00, 0x00, 0x3F, 0x3E, 0x00, 0x00, 0x0B,
    0xCF, 0x80, 0x00, 0x01, 0xF7, 0xE0, 0x00, 0x00, 0x3E, 0xF8, 0x00, 0x00, 0x0F, 0xBE, 0x00, 0x00,
    0x03, 0xEF, 0x80, 0x00, 0x00, 0xFB, 0xE0, 0x00, 0x00, 0x3E, 0xF8, 0x00, 0x00, 0x1F, 0x7E, 0x00,
    0x00, 0x0B, 0xCF, 0x80, 0x00, 0x03, 0xE3, 0xE0, 0x00, 0x03, 0xF0, 0xF8, 0x00, 0x07, 0xF4, 0x3E,
    0x00, 0x5F, 0xF8, 0x0F, 0xFF, 0xFF, 0xF4, 0x03, 0xFF, 0xFF, 0x90, 0x00, 0x00, 0x00, 0x02, 0xF0,
    0xF8, 0x00, 0x00, 0x0B, 0xC3, 0xC0, 0x00, 0x00, 0x2F, 0x1F, 0x00, 0x00, 0x00, 0xBC, 0xB4, 0x00,
    0x00, 0x02, 0xF3, 0xC0, 0x00, 0x00, 0x0B, 0xC0, 0x00, 0x1B, 0xF9, 0x2F, 0x00, 0x02, 0xFF, 0xFE,
    0xBC, 0x00, 0x2F, 0xD0, 0x7F, 0xF0, 0x00, 0xFC, 0x00, 0x2F, 0xC0, 0x0B, 0xD0, 0x00, 0x3F, 0x00,
    0x3F, 0x00, 0x00, 0xFC, 0x00, 0xFC, 0x00, 0x02, 0xF0, 0x03, 0xE0, 0x00, 0x0B, 0xC0, 0x0F, 0x80,
    0x00, 0x2F, 0x00, 0x3E, 0x00, 0x00, 0xBC, 0x00, 0xFC, 0x00, 0x03, 0xF0, 0x02, 0xF0, 0x00, 0x0F,
    0xC0, 0x03, 0xF0, 0x00, 0xBF, 0x00, 0x0B, 0xF4, 0x1F, 0xFC, 0x00, 0x0B, 0xFF, 0xF9, 0xF0, 0x00,
    0x06, 0xFE, 0x03, 0xC0, 0x00, 0x0F, 0xFF, 0xFE, 0x40, 0x00, 0x3F, 0xFF, 0xFF, 0xD0, 0x00, 0xF8,
    0x00, 0x6F, 0xE0, 0x03, 0xE0, 0x00, 0x0F, 0xE0, 0x0F, 0x80, 0x00, 0x0F, 0xD0, 0x3E, 0x00, 0x00,
    0x0F, 0xC0, 0xF8, 0x00, 0x00, 0x2F, 0x03, 0xE0, 0x00, 0x00, 0x7D, 0x0F, 0x80, 0x00, 0x00, 0xF8,
    0x3E, 0x00, 0x00, 0x03, 0xEF, 0xFF, 0xFF, 0x00, 0x0F, 0xBF, 0xFF, 0xFC, 0x00, 0x3E, 0x0F, 0x80,
    0x00, 0x00, 0xF8, 0x3E, 0x00, 0x00, 0x07, 0xD0, 0xF8, 0x00, 0x00, 0x2F, 0x03, 0xE0, 0x00, 0x00,
    0xF8, 0x0F, 0x80, 0x00, 0x0F, 0xC0, 0x3E, 0x00, 0x01, 0xFD, 0x00, 0xF8, 0x01, 0xBF, 0xE0, 0x03,
    0xFF, 0xFF, 0xFD, 0x00, 0x0F, 0xFF, 0xFE, 0x00, 0x00, 0x00, 0x00, 0x02, 0xF0, 0x00, 0x00, 0x02,
    0xF0, 0x00, 0x3F, 0xFF, 0xFF, 0x00, 0x3F, 0xFF, 0xFF, 0x00, 0x00, 0x02, 0xF0, 0x00, 0x00, 0x02,
    0xF0, 0x01, 0xBF, 0x92, 0xF0, 0x0B, 0xFF, 0xFA, 0xF0, 0x2F, 0xD0, 0x7F, 0xF0, 0x3F, 0x00, 0x0B,
    0xF0, 0xBD, 0x00, 0x03, 0xF0, 0xFC, 0x00, 0x03, 0xF0, 0xFC, 0x00, 0x02, 0xF0, 0xF8, 0x00, 0x02,
    0xF0, 0xF8, 0x00, 0x02, 0xF0, 0xF8, 0x00, 0x02, 0xF0, 0xFC, 0x00, 0x03, 0xF0, 0xBC, 0x00, 0x03,
    0xF0, 0x3F, 0x00, 0x0B, 0xF0, 0x2F, 0xD0, 0x7F, 0xF0, 0x0B, 0xFF, 0xF5, 0xF0, 0x01, 0xBF, 0x81,
    0xF0, 0x00, 0x00, 0x00, 0x0F, 0xFF, 0xFC, 0x0F, 0xFF, 0xFC, 0x00, 0x00, 0x00, 0x00, 0x00, 0x00,
    0xFF, 0xFF, 0xFE, 0xFF, 0xFF, 0xFE, 0xF8, 0x00, 0x00, 0xF8, 0x00, 0x00, 0xF8, 0x00, 0x00, 0xF8,
    0x00, 0x00, 0xF8, 0x00, 0x00, 0xF8, 0x00, 0x00, 0xF8, 0x00, 0x00, 0xFF, 0xFF, 0xFC, 0xFF, 0xFF,
    0xFC, 0xF8, 0x00, 0x00, 0xF8, 0x00, 0x00, 0xF8, 0x00, 0x00, 0xF8, 0x00, 0x00, 0xF8, 0x00, 0x00,
    0xF8, 0x00, 0x00, 0xF8, 0x00, 0x00, 0xF8, 0x00, 0x00, 0xFF, 0xFF, 0xFE, 0xFF, 0xFF, 0xFE, 0x00,
    0x00, 0x00, 0x00, 0xFF, 0xFF, 0xC0, 0x0F, 0xFF, 0xFC, 0x00, 0x00, 0x00, 0x00, 0x00, 0x00, 0x00,
    0x00, 0x0B, 0xFE, 0x00, 0x07, 0xFF, 0xFE, 0x01, 0xFD, 0x07, 0xF4, 0x3E, 0x00, 0x0B, 0xC7, 0xC0,
    0x00, 0x3D, 0xBC, 0x00, 0x03, 0xEF, 0xFF, 0xFF, 0xFE, 0xFF, 0xFF, 0xFF, 0xEF, 0x80, 0x00, 0x00,
    0xFC, 0x00, 0x00, 0x0B, 0xC0, 0x00, 0x00, 0x7D, 0x00, 0x00, 0x03, 0xF0, 0x00, 0x00, 0x1F, 0xE4,
    0x17, 0xC0, 0x7F, 0xFF, 0xFC, 0x00, 0x7F, 0xF9, 0x00, 0x1C, 0x00, 0x34, 0x0F, 0x41, 0xF0, 0x0B,
    0xFF, 0xD0, 0x01, 0xFF, 0x40, 0x00, 0x00, 0x00, 0x00, 0x00, 0x00, 0xFF, 0xFF, 0xFE, 0xFF, 0xFF,
    0xFE, 0xF8, 0x00, 0x00, 0xF8, 0x00, 0x00, 0xF8, 0x00, 0x00, 0xF8, 0x00, 0x00, 0xF8, 0x00, 0x00,
    0xF8, 0x00, 0x00, 0xF8, 0x00, 0x00, 0xFF, 0xFF, 0xFC, 0xFF, 0xFF, 0xFC, 0xF8, 0x00, 0x00, 0xF8,
    0x00, 0x00, 0xF8, 0x00, 0x00, 0xF8, 0x00, 0x00, 0xF8, 0x00, 0x00, 0xF8, 0x00, 0x00, 0xF8, 0x00,
    0x00, 0xF8, 0x00, 0x00, 0xFF, 0xFF, 0xFE, 0xFF, 0xFF, 0xFE, 0x0F, 0x00, 0x0D, 0x00, 0xB8, 0x07,
    0xC0, 0x03, 0xFF, 0xF8, 0x00, 0x0B, 0xFD, 0x00, 0x00, 0x00, 0x00, 0x00, 0x00, 0x00, 0x00, 0x00,
    0xBF, 0xE0, 0x00, 0x7F, 0xFF, 0xE0, 0x1F, 0xD0, 0x7F, 0x43, 0xE0, 0x00, 0xBC, 0x7C, 0x00, 0x03,
    0xDB, 0xC0, 0x00, 0x3E, 0xFF, 0xFF, 0xFF, 0xEF, 0xFF, 0xFF, 0xFE, 0xF8, 0x00, 0x00, 0x0F, 0xC0,
    0x00, 0x00, 0xBC, 0x00, 0x00, 0x07, 0xD0, 0x00, 0x00, 0x3F, 0x00, 0x00, 0x01, 0xFE, 0x41, 0x6C,
    0x07, 0xFF, 0xFF, 0xC0, 0x06, 0xFF, 0xE0, 0x00, 0x2D, 0x00, 0x00, 0x3E, 0x00, 0x00, 0x2D, 0x00,
    0x00, 0x00, 0x00, 0x00, 0x00, 0x00, 0x00, 0x00, 0x00, 0xFF, 0xFF, 0xFE, 0xFF, 0xFF, 0xFE, 0xF8,
    0x00, 0x00, 0xF8, 0x00, 0x00, 0xF8, 0x00, 0x00, 0xF8, 0x00, 0x00, 0xF8, 0x00, 0x00, 0xF8, 0x00,
    0x00, 0xF8, 0x00, 0x00, 0xFF, 0xFF, 0xFC, 0xFF, 0xFF, 0xFC, 0xF8, 0x00, 0x00, 0xF8, 0x00, 0x00,
    0xF8, 0x00, 0x00, 0xF8, 0x00, 0x00, 0xF8, 0x00, 0x00, 0xF8, 0x00, 0x00, 0xF8, 0x00, 0x00, 0xF8,
    0x00, 0x00, 0xFF, 0xFF, 0xFE, 0xFF, 0xFF, 0xFE, 0x00, 0x1E, 0x00, 0x00, 0x02, 0xF0, 0x00, 0x00,
    0x1E, 0x00, 0x00, 0x00, 0x00, 0x00, 0x00, 0x00, 0x00, 0x00, 0x00, 0x00, 0x00, 0x00, 0xBF, 0xE0,
    0x00, 0x7F, 0xFF, 0xE0, 0x1F, 0xD0, 0x7F, 0x43, 0xE0, 0x00, 0xBC, 0x7C, 0x00, 0x03, 0xDB, 0xC0,
    0x00, 0x3E, 0xFF, 0xFF, 0xFF, 0xEF, 0xFF, 0xFF, 0xFE, 0xF8, 0x00, 0x00, 0x0F, 0xC0, 0x00, 0x00,
    0xBC, 0x00, 0x00, 0x07, 0xD0, 0x00, 0x00, 0x3F, 0x00, 0x00, 0x01, 0xFE, 0x41, 0x6C, 0x07, 0xFF,
    0xFF, 0xC0, 0x06, 0xFF, 0xE0, 0xFF, 0xFF, 0xFE, 0xFF, 0xFF, 0xFE, 0xF8, 0x00, 0x00, 0xF8, 0x00,
    0x00, 0xF8, 0x00, 0x00, 0xF8, 0x00, 0x00, 0xF8, 0x00, 0x00, 0xF8, 0x00, 0x00, 0xF8, 0x00, 0x00,
    0xFF, 0xFF, 0xFC, 0xFF, 0xFF, 0xFC, 0xF8, 0x00, 0x00, 0xF8, 0x00, 0x00, 0xF8, 0x00, 0x00, 0xF8,
    0x00, 0x00, 0xF8, 0x00, 0x00, 0xF8, 0x00, 0x00, 0xF8, 0x00, 0x00, 0xF8, 0x00, 0x00, 0xFF, 0xFF,
    0xFE, 0xFF, 0xFF, 0xFE, 0x00, 0x00, 0xB4, 0x00, 0x02, 0xE0, 0x00, 0x03, 0xC0, 0x00, 0x0B, 0xC0,
    0x00, 0x0B, 0xD0, 0x00, 0x07, 0xFE, 0x00, 0x02, 0xFD, 0x00, 0x00, 0x00, 0x00, 0xBF, 0xE0, 0x00,
    0x7F, 0xFF, 0xE0, 0x1F, 0xD0, 0x7F, 0x43, 0xE0, 0x00, 0xBC, 0x7C, 0x00, 0x03, 0xDB, 0xC0, 0x00,
    0x3E, 0xFF, 0xFF, 0xFF, 0xEF, 0xFF, 0xFF, 0xFE, 0xF8, 0x00, 0x00, 0x0F, 0xC0, 0x00, 0x00, 0xBC,
    0x00, 0x00, 0x07, 0xD0, 0x00, 0x00, 0x3F, 0x00, 0x00, 0x01, 0xFE, 0x41, 0x7C, 0x07, 0xFF, 0xFF,
    0xC0, 0x07, 0xFF, 0xF4, 0x00, 0x00, 0x3C, 0x00, 0x00, 0x0F, 0x40, 0x00, 0x01, 0xF0, 0x00, 0x00,
    0x2F, 0x40, 0x00, 0x01, 0xFF, 0xC0, 0x00, 0x0B, 0xF8, 0x00, 0x00, 0x00, 0x00, 0x14, 0x00, 0x14,
    0x1F, 0x41, 0xF4, 0x07, 0xD7, 0xD0, 0x01, 0xFF, 0x40, 0x00, 0xBE, 0x00, 0x00, 0x00, 0x00, 0x00,
    0x00, 0x00, 0xFF, 0xFF, 0xFE, 0xFF, 0xFF, 0xFE, 0xF8, 0x00, 0x00, 0xF8, 0x00, 0x00, 0xF8, 0x00,
    0x00, 0xF8, 0x00, 0x00, 0xF8, 0x00, 0x00, 0xF8, 0x00, 0x00, 0xF8, 0x00, 0x00, 0xFF, 0xFF, 0xFC,
    0xFF, 0xFF, 0xFC, 0xF8, 0x00, 0x00, 0xF8, 0x00, 0x00, 0xF8, 0x00, 0x00, 0xF8, 0x00, 0x00, 0xF8,
    0x00, 0x00, 0xF8, 0x00, 0x00, 0xF8, 0x00, 0x00, 0xF8, 0x00, 0x00, 0xFF, 0xFF, 0xFE, 0xFF, 0xFF,
    0xFE, 0x0F, 0x40, 0x2F, 0x00, 0x7D, 0x0B, 0xC0, 0x01, 0xF7, 0xF0, 0x00, 0x0B, 0xFC, 0x00, 0x00,
    0x3F, 0x80, 0x00, 0x00, 0x00, 0x00, 0x00, 0x00, 0x00, 0x00, 0x0B, 0xFE, 0x00, 0x07, 0xFF, 0xFE,
    0x01, 0xFD, 0x07, 0xF4, 0x3E, 0x00, 0x0B, 0xC7, 0xC0, 0x00, 0x3D, 0xBC, 0x00, 0x03, 0xEF, 0xFF,
    0xFF, 0xFE, 0xFF, 0xFF, 0xFF, 0xEF, 0x80, 0x00, 0x00, 0xFC, 0x00, 0x00, 0x0B, 0xC0, 0x00, 0x00,
    0x7D, 0x00, 0x00, 0x03, 0xF0, 0x00, 0x00, 0x1F, 0xE4, 0x16, 0xC0, 0x7F, 0xFF, 0xFC, 0x00, 0x6F,
    0xFE, 0x00, 0x00, 0x00, 0xFD, 0x00, 0x00, 0x00, 0xBF, 0xC0, 0x00, 0x00, 0x7D, 0xBC, 0x00, 0x00,
    0x7C, 0x0B, 0xC0, 0x00, 0x14, 0x00, 0x64, 0x00, 0x00, 0x00, 0x00, 0x00, 0x00, 0x00, 0x00, 0x00,
    0x00, 0x1B, 0xFF, 0xE4, 0x00, 0x7F, 0xFF, 0xFF, 0x80, 0xFF, 0x90, 0x1B, 0xC0, 0xFE, 0x00, 0x00,
    0x00, 0x7E, 0x00, 0x00, 0x00, 0x3F, 0x00, 0x00, 0x00, 0x1F, 0x40, 0x00, 0x00, 0x0B, 0xC0, 0x00,
    0x00, 0x03, 0xF0, 0x00, 0x00, 0x00, 0xF8, 0x00, 0x00, 0x00, 0x3E, 0x00, 0x03, 0xFF, 0xFF, 0x80,
    0x00, 0xFF, 0xFF, 0xF0, 0x00, 0x00, 0x2F, 0xBC, 0x00, 0x00, 0x0B, 0xDF, 0x40, 0x00, 0x02, 0xF3,
    0xF0, 0x00, 0x00, 0xBC, 0xBD, 0x00, 0x00, 0x2F, 0x0F, 0xE0, 0x00, 0x0B, 0xC0, 0xFF, 0x90, 0x17,
    0xF0, 0x0F, 0xFF, 0xFF, 0xFC, 0x00, 0x2F, 0xFF, 0xE4, 0x00, 0x0A, 0x40, 0x00, 0x03, 0xFC, 0x00,
    0x00, 0xFF, 0xF0, 0x00, 0x2F, 0x0F, 0xC0, 0x0B, 0x80, 0x2F, 0x00, 0x00, 0x00, 0x00, 0x00, 0x00,
    0x00, 0x00, 0x1B, 0xF9, 0x0F, 0x0B, 0xFF, 0xF9, 0xF2, 0xFD, 0x07, 0xFF, 0x3F, 0x00, 0x0F, 0xF7,
    0xD0, 0x00, 0x3F, 0xFC, 0x00, 0x03, 0xFF, 0xC0, 0x00, 0x2F, 0xF8, 0x00, 0x02, 0xFF, 0x80, 0x00,
    0x2F, 0xF8, 0x00, 0x02, 0xFF, 0xC0, 0x00, 0x3F, 0xBD, 0x00, 0x03, 0xF3, 0xF0, 0x00, 0xBF, 0x2F,
    0xD0, 0x7F, 0xF0, 0xBF, 0xFF, 0xAF, 0x01, 0xBF, 0x92, 0xF0, 0x00, 0x00, 0x2F, 0x00, 0x00, 0x03,
    0xF0, 0x00, 0x00, 0x3E, 0x00, 0x00, 0x0B, 0xD3, 0xE4, 0x07, 0xFC, 0x3F, 0xFF, 0xFF, 0x00, 0x6F,
    0xFE, 0x40, 0x00, 0x2C, 0x00, 0x70, 0x00, 0x07, 0x90, 0x7C, 0x00, 0x00, 0xFF, 0xFD, 0x00, 0x00,
    0x0B, 0xF8, 0x00, 0x00, 0x00, 0x00, 0x00, 0x00, 0x00, 0x00, 0x00, 0x00, 0x00, 0x6F, 0xFF, 0x90,
    0x01, 0xFF, 0xFF, 0xFE, 0x03, 0xFE, 0x40, 0x6F, 0x03, 0xF8, 0x00, 0x00, 0x01, 0xF8, 0x00, 0x00,
    0x00, 0xFC, 0x00, 0x00, 0x00, 0x7D, 0x00, 0x00, 0x00, 0x2F, 0x00, 0x00, 0x00, 0x0F, 0xC0, 0x00,
    0x00, 0x03, 0xE0, 0x00, 0x15, 0x55, 0xF8, 0x00, 0x0F, 0xFF, 0xFE, 0x00, 0x03, 0xFF, 0xFF, 0xC0,
    0x00, 0x00, 0xBE, 0xF0, 0x00, 0x00, 0x2F, 0x7D, 0x00, 0x00, 0x0B, 0xCF, 0xC0, 0x00, 0x02, 0xF2,
    0xF4, 0x00, 0x00, 0xBC, 0x3F, 0x80, 0x00, 0x2F, 0x03, 0xFE, 0x40, 0x5F, 0xC0, 0x3F, 0xFF, 0xFF,
    0xF0, 0x00, 0xBF, 0xFF, 0x90, 0x07, 0x00, 0x0E, 0x00, 0x38, 0x03, 0xC0, 0x02, 0xFF, 0xF8, 0x00,
    0x0B, 0xFE, 0x00, 0x00, 0x00, 0x00, 0x00, 0x00, 0x00, 0x00, 0x01, 0xBF, 0x90, 0xF0, 0xBF, 0xFF,
    0x9F, 0x2F, 0xD0, 0x7F, 0xF3, 0xF0, 0x00, 0xFF, 0x7D, 0x00, 0x03, 0xFF, 0xC0, 0x00, 0x3F, 0xFC,
    0x00, 0x02, 0xFF, 0x80, 0x00, 0x2F, 0xF8, 0x00, 0x02, 0xFF, 0x80, 0x00, 0x2F, 0xFC, 0x00, 0x03,
    0xFB, 0xC0, 0x00, 0x3F, 0x3F, 0x00, 0x0B, 0xF2, 0xFD, 0x06, 0xFF, 0x0B, 0xFF, 0xFA, 0xF0, 0x1B,
    0xF9, 0x2F, 0x00, 0x00, 0x02, 0xF0, 0x00, 0x00, 0x3F, 0x00, 0x00, 0x03, 0xE0, 0x00, 0x00, 0xBD,
    0x3E, 0x40, 0x7F, 0xC3, 0xFF, 0xFF, 0xF0, 0x06, 0xFF, 0xE4, 0x00, 0x00, 0x00, 0x2D, 0x00, 0x00,
    0x00, 0x0F, 0x80, 0x00, 0x00, 0x02, 0xD0, 0x00, 0x00, 0x00, 0x00, 0x00, 0x00, 0x00, 0x00, 0x00,
    0x00, 0x00, 0x00, 0x00, 0x00, 0x00, 0x6F, 0xFF, 0x90, 0x01, 0xFF, 0xFF, 0xFE, 0x03, 0xFE, 0x40,
    0x6F, 0x03, 0xF8, 0x00, 0x00, 0x01, 0xF8, 0x00, 0x00, 0x00, 0xFC, 0x00, 0x00, 0x00, 0x7D, 0x00,
    0x00, 0x00, 0x2F, 0x00, 0x00, 0x00, 0x0F, 0xC0, 0x00, 0x00, 0x03, 0xE0, 0x00, 0x00, 0x00, 0xF8,
    0x00, 0x0B, 0xFF, 0xFE, 0x00, 0x02, 0xFF, 0xFF, 0xC0, 0x00, 0x00, 0xBE, 0xF0, 0x00, 0x00, 0x2F,
    0x7D, 0x00, 0x00, 0x0B, 0xCF, 0xC0, 0x00, 0x02, 0xF2, 0xF4, 0x00, 0x00, 0xBC, 0x3F, 0x80, 0x00,
    0x2F, 0x03, 0xFE, 0x40, 0x5F, 0xC0, 0x3F, 0xFF, 0xFF, 0xF0, 0x00, 0xBF, 0xFF, 0x90, 0x00, 0x0B,
    0x40, 0x00, 0x00, 0xF8, 0x00, 0x00, 0x0B, 0x40, 0x00, 0x00, 0x00, 0x00, 0x00, 0x00, 0x00, 0x00,
    0x00, 0x00, 0x00, 0x01, 0xBF, 0x90, 0xF0, 0xBF, 0xFF, 0x9F, 0x2F, 0xD0, 0x7F, 0xF3, 0xF0, 0x00,
    0xFF, 0x7D, 0x00, 0x03, 0xFF, 0xC0, 0x00, 0x3F, 0xFC, 0x00, 0x02, 0xFF, 0x80, 0x00, 0x2F, 0xF8,
    0x00, 0x02, 0xFF, 0x80, 0x00, 0x2F, 0xFC, 0x00, 0x03, 0xFB, 0xD0, 0x00, 0x3F, 0x3F, 0x00, 0x0B,
    0xF2, 0xFD, 0x07, 0xFF, 0x0B, 0xFF, 0xFA, 0xF0, 0x1B, 0xF9, 0x2F, 0x00, 0x00, 0x02, 0xF0, 0x00,
    0x00, 0x3F, 0x00, 0x00, 0x03, 0xE0, 0x00, 0x00, 0xBD, 0x3E, 0x40, 0x7F, 0xC3, 0xFF, 0xFF, 0xF0,
    0x06, 0xFF, 0xE4, 0x00, 0x00, 0x06, 0xFF, 0xF9, 0x00, 0x1F, 0xFF, 0xFF, 0xE0, 0x3F, 0xE4, 0x06,
    0xF0, 0x3F, 0x80, 0x00, 0x00, 0x1F, 0x80, 0x00, 0x00, 0x0F, 0xC0, 0x00, 0x00, 0x07, 0xD0, 0x00,
    0x00, 0x02, 0xF0, 0x00, 0x00, 0x00, 0xFC, 0x00, 0x00, 0x00, 0x3E, 0x00, 0x00, 0x00, 0x0F, 0x80,
    0x00, 0xFF, 0xFF, 0xE0, 0x00, 0x3F, 0xFF, 0xFC, 0x00, 0x00, 0x0B, 0xEF, 0x00, 0x00, 0x02, 0xF7,
    0xD0, 0x00, 0x00, 0xBC, 0xFC, 0x00, 0x00, 0x2F, 0x2F, 0x40, 0x00, 0x0B, 0xC3, 0xF8, 0x00, 0x02,
    0xF0, 0x3F, 0xE4, 0x05, 0xFC, 0x03, 0xFF, 0xFF, 0xFF, 0x00, 0x0B, 0xFF, 0xF9, 0x00, 0x00, 0x00,
    0x00, 0x00, 0x00, 0x03, 0xD0, 0x00, 0x00, 0x00, 0xF0, 0x00, 0x00, 0x00, 0x78, 0x00, 0x00, 0x00,
    0x2C, 0x00, 0x00, 0x00, 0x0E, 0x00, 0x00, 0x00, 0x03, 0xC0, 0x00, 0x00, 0x78, 0x00, 0x00, 0x0F,
    0x40, 0x00, 0x01, 0xF0, 0x00, 0x00, 0x2F, 0x00, 0x00, 0x00, 0x00, 0x00, 0x00, 0x00, 0x00, 0x00,
    0x1B, 0xF9, 0x0F, 0x0B, 0xFF, 0xF9, 0xF2, 0xFD, 0x07, 0xFF, 0x3F, 0x00, 0x0F, 0xF7, 0xD0, 0x00,
    0x3F, 0xFC, 0x00, 0x03, 0xFF, 0xC0, 0x00, 0x2F, 0xF8, 0x00, 0x02, 0xFF, 0x80, 0x00, 0x2F, 0xF8,
    0x00, 0x02, 0xFF, 0xC0, 0x00, 0x3F, 0xBD, 0x00, 0x03, 0xF3, 0xF0, 0x00, 0xBF, 0x2F, 0xD0, 0x7F,
    0xF0, 0xBF, 0xFF, 0xAF, 0x01, 0xBF, 0x92, 0xF0, 0x00, 0x00, 0x2F, 0x00, 0x00, 0x03, 0xF0, 0x00,
    0x00, 0x3E, 0x00, 0x00, 0x0B, 0xD3, 0xE4, 0x07, 0xFC, 0x3F, 0xFF, 0xFF, 0x00, 0x6F, 0xFE, 0x40,
    0x00, 0x02, 0x80, 0x00, 0x00, 0x0F, 0xF0, 0x00, 0x00, 0x3F, 0xFC, 0x00, 0x00, 0xBC, 0x3E, 0x00,
    0x02, 0xE0, 0x0B, 0x80, 0x00, 0x00, 0x00, 0x00, 0x00, 0x00, 0x00, 0x00, 0xF8, 0x00, 0x00, 0x2F,
    0xF8, 0x00, 0x00, 0x2F, 0xF8, 0x00, 0x00, 0x2F, 0xF8, 0x00, 0x00, 0x2F, 0xF8, 0x00, 0x00, 0x2F,
    0xF8, 0x00, 0x00, 0x2F, 0xF8, 0x00, 0x00, 0x2F, 0xF8, 0x00, 0x00, 0x2F, 0xF8, 0x00, 0x00, 0x2F,
    0xFF, 0xFF, 0xFF, 0xFF, 0xFF, 0xFF, 0xFF, 0xFF, 0xFD, 0x55, 0x55, 0x7F, 0xF8, 0x00, 0x00, 0x2F,
    0xF8, 0x00, 0x00, 0x2F, 0xF8, 0x00, 0x00, 0x2F, 0xF8, 0x00, 0x00, 0x2F, 0xF8, 0x00, 0x00, 0x2F,
    0xF8, 0x00, 0x00, 0x2F, 0xF8, 0x00, 0x00, 0x2F, 0xF8, 0x00, 0x00, 0x2F, 0xF8, 0x00, 0x00, 0x2F,
    0x01, 0xFC, 0x00, 0x00, 0x00, 0xFF, 0x80, 0x00, 0x00, 0xF8, 0xF8, 0x00, 0x00, 0xF8, 0x0F, 0x80,
    0x00, 0x64, 0x00, 0x60, 0x00, 0x00, 0x00, 0x00, 0x00, 0x00, 0x00, 0x00, 0x00, 0x00, 0x03, 0xE0,
    0x00, 0x00, 0x00, 0xF8, 0x00, 0x00, 0x00, 0x3E, 0x00, 0x00, 0x00, 0x0F, 0x80, 0x00, 0x00, 0x03,
    0xE0, 0x00, 0x00, 0x00, 0xF8, 0x00, 0x00, 0x00, 0x3E, 0x1B, 0xF9, 0x00, 0x0F, 0xAF, 0xFF, 0xE0,
    0x03, 0xFF, 0x41, 0xFD, 0x00, 0xFE, 0x00, 0x0F, 0x80, 0x3F, 0x00, 0x03, 0xF0, 0x0F, 0xC0, 0x00,
    0xBC, 0x03, 0xE0, 0x00, 0x2F, 0x00, 0xF8, 0x00, 0x0B, 0xC0, 0x3E, 0x00, 0x02, 0xF0, 0x0F, 0x80,
    0x00, 0xBC, 0x03, 0xE0, 0x00, 0x2F, 0x00, 0xF8, 0x00, 0x0B, 0xC0, 0x3E, 0x00, 0x02, 0xF0, 0x0F,
    0x80, 0x00, 0xBC, 0x03, 0xE0, 0x00, 0x2F, 0x00, 0xF8, 0x00, 0x0B, 0xC0, 0x03, 0xE0, 0x00, 0x00,
    0xF8, 0x00, 0x3E, 0x00, 0x00, 0x0F, 0x80, 0x03, 0xE0, 0x00, 0x00, 0xF8, 0x00, 0x3E, 0x00, 0x00,
    0x0F, 0x80, 0xFF, 0xFF, 0xFF, 0xFF, 0xFF, 0xFF, 0xFF, 0xFF, 0xFF, 0xFF, 0xFF, 0x03, 0xE0, 0x00,
    0x00, 0xF8, 0x00, 0x3E, 0x00, 0x00, 0x0F, 0x80, 0x03, 0xE0, 0x00, 0x00, 0xF8, 0x00, 0x3F, 0xFF,
    0xFF, 0xFF, 0x80, 0x03, 0xFF, 0xFF, 0xFF, 0xF8, 0x00, 0x3E, 0x00, 0x00, 0x0F, 0x80, 0x03, 0xE0,
    0x00, 0x00, 0xF8, 0x00, 0x3E, 0x00, 0x00, 0x0F, 0x80, 0x03, 0xE0, 0x00, 0x00, 0xF8, 0x00, 0x3E,
    0x00, 0x00, 0x0F, 0x80, 0x03, 0xE0, 0x00, 0x00, 0xF8, 0x00, 0x3E, 0x00, 0x00, 0x0F, 0x80, 0x03,
    0xE0, 0x00, 0x00, 0xF8, 0x00, 0x3E, 0x00, 0x00, 0x0F, 0x80, 0x03, 0xE0, 0x00, 0x00, 0xF8, 0x00,
    0x0B, 0xC0, 0x00, 0x00, 0x0B, 0xC0, 0x00, 0x00, 0xFF, 0xFF, 0xFC, 0x00, 0xFF, 0xFF, 0xFC, 0x00,
    0x0B, 0xC0, 0x00, 0x00, 0x0B, 0xC0, 0x00, 0x00, 0x0B, 0xC2, 0xFF, 0x80, 0x0B, 0xDF, 0xFF, 0xF4,
    0x0B, 0xFD, 0x02, 0xFC, 0x0B, 0xF0, 0x00, 0xBD, 0x0B, 0xE0, 0x00, 0x3E, 0x0B, 0xD0, 0x00, 0x3E,
    0x0B, 0xC0, 0x00, 0x3E, 0x0B, 0xC0, 0x00, 0x3E, 0x0B, 0xC0, 0x00, 0x3E, 0x0B, 0xC0, 0x00, 0x3E,
    0x0B, 0xC0, 0x00, 0x3E, 0x0B, 0xC0, 0x00, 0x3E, 0x0B, 0xC0, 0x00, 0x3E, 0x0B, 0xC0, 0x00, 0x3E,
    0x0B, 0xC0, 0x00, 0x3E, 0x0B, 0xC0, 0x00, 0x3E, 0x06, 0x90, 0x09, 0x2F, 0xFD, 0x2D, 0x3D, 0x7F,
    0xFC, 0x70, 0x07, 0xE0, 0x00, 0x00, 0x00, 0x00, 0x00, 0x00, 0x0F, 0xFF, 0xF0, 0x0B, 0xFF, 0xE0,
    0x00, 0xBC, 0x00, 0x00, 0xBC, 0x00, 0x00, 0xBC, 0x00, 0x00, 0xBC, 0x00, 0x00, 0xBC, 0x00, 0x00,
    0xBC, 0x00, 0x00, 0xBC, 0x00, 0x00, 0xBC, 0x00, 0x00, 0xBC, 0x00, 0x00, 0xBC, 0x00, 0x00, 0xBC,
    0x00, 0x00, 0xBC, 0x00, 0x00, 0xBC, 0x00, 0x00, 0xBC, 0x00, 0x00, 0xBC, 0x00, 0x00, 0xBC, 0x00,
    0x00, 0xBC, 0x00, 0x0B, 0xFF, 0xE0, 0x0F, 0xFF, 0xF0, 0x02, 0x90, 0x0A, 0x0F, 0xFD, 0x1D, 0x2D,
    0x7F, 0xFC, 0x38, 0x07, 0xF0, 0x00, 0x00, 0x00, 0x00, 0x00, 0x00, 0x00, 0x3E, 0x00, 0x00, 0x3E,
    0x00, 0x00, 0x3E, 0x00, 0x00, 0x3E, 0x00, 0x00, 0x3E, 0x00, 0x00, 0x3E, 0x00, 0x00, 0x3E, 0x00,
    0x00, 0x3E, 0x00, 0x00, 0x3E, 0x00, 0x00, 0x3E, 0x00, 0x00, 0x3E, 0x00, 0x00, 0x3E, 0x00, 0x00,
    0x3E, 0x00, 0x00, 0x3E, 0x00, 0x00, 0x3E, 0x00, 0x00, 0x3E, 0x00, 0x00, 0x00, 0x3F, 0xFF, 0xFF,
    0xFF, 0xFC, 0x00, 0x00, 0x00, 0x00, 0x3F, 0xFF, 0xCB, 0xFF, 0xE0, 0x0F, 0x80, 0x03, 0xE0, 0x00,
    0xF8, 0x00, 0x3E, 0x00, 0x0F, 0x80, 0x03, 0xE0, 0x00, 0xF8, 0x00, 0x3E, 0x00, 0x0F, 0x80, 0x03,
    0xE0, 0x00, 0xF8, 0x00, 0x3E, 0x00, 0x0F, 0x80, 0x03, 0xE0, 0x00, 0xF8, 0x00, 0x3E, 0x00, 0x0F,
    0x80, 0xBF, 0xFE, 0x3F, 0xFF, 0xC0, 0xFF, 0xFF, 0xFF, 0xFF, 0xF0, 0x00, 0x00, 0x00, 0x00, 0x03,
    0xE0, 0x00, 0xF8, 0x00, 0x3E, 0x00, 0x0F, 0x80, 0x03, 0xE0, 0x00, 0xF8, 0x00, 0x3E, 0x00, 0x0F,
    0x80, 0x03, 0xE0, 0x00, 0xF8, 0x00, 0x3E, 0x00, 0x0F, 0x80, 0x03, 0xE0, 0x00, 0xF8, 0x00, 0x3E,
    0x00, 0x0F, 0x80, 0x70, 0x00, 0xE7, 0x90, 0x7D, 0x2F, 0xFF, 0x80, 0x7F, 0xD0, 0x00, 0x00, 0x00,
    0x00, 0x00, 0x3F, 0xFF, 0xC2, 0xFF, 0xF8, 0x02, 0xF0, 0x00, 0x2F, 0x00, 0x02, 0xF0, 0x00, 0x2F,
    0x00, 0x02, 0xF0, 0x00, 0x2F, 0x00, 0x02, 0xF0, 0x00, 0x2F, 0x00, 0x02, 0xF0, 0x00, 0x2F, 0x00,
    0x02, 0xF0, 0x00, 0x2F, 0x00, 0x02, 0xF0, 0x00, 0x2F, 0x00, 0x02, 0xF0, 0x00, 0x2F, 0x00, 0x02,
    0xF0, 0x02, 0xFF, 0xF8, 0x3F, 0xFF, 0xC0, 0xE0, 0x03, 0xFD, 0x02, 0xE7, 0xFF, 0xF0, 0x7F, 0xE0,
    0x00, 0x00, 0x00, 0x00, 0x00, 0x3E, 0x00, 0x0F, 0x80, 0x03, 0xE0, 0x00, 0xF8, 0x00, 0x3E, 0x00,
    0x0F, 0x80, 0x03, 0xE0, 0x00, 0xF8, 0x00, 0x3E, 0x00, 0x0F, 0x80, 0x03, 0xE0, 0x00, 0xF8, 0x00,
    0x3E, 0x00, 0x0F, 0x80, 0x03, 0xE0, 0x00, 0xF8, 0x00, 0xFF, 0xFF, 0xBF, 0xFE, 0x0B, 0xC0, 0x0B,
    0xC0, 0x0B, 0xC0, 0x0B, 0xC0, 0x0B, 0xC0, 0x0B, 0xC0, 0x0B, 0xC0, 0x0B, 0xC0, 0x0B, 0xC0, 0x0B,
    0xC0, 0x0B, 0xC0, 0x0B, 0xC0, 0x0B, 0xC0, 0x0B, 0xC0, 0x0B, 0xC0, 0x0B, 0xC0, 0x0B, 0xC0, 0xBF,
    0xFE, 0xFF, 0xFF, 0x00, 0xB8, 0x02, 0xE0, 0x07, 0xC0, 0x0B, 0xC0, 0x0B, 0xD0, 0x07, 0xFF, 0x02,
    0xFF, 0x00, 0x00, 0x1E, 0x0B, 0xC1, 0xE0, 0x00, 0x00, 0x00, 0x02, 0xF0, 0xBC, 0x2F, 0x0B, 0xC2,
    0xF0, 0xBC, 0x2F, 0x0B, 0xC2, 0xF0, 0xBC, 0x2F, 0x0B, 0xC2, 0xF0, 0xBC, 0x2F, 0x0B, 0xC0, 0xE0,
    0xF0, 0xBC, 0x3E, 0x0F, 0xC2, 0xFF, 0x3F, 0xC0, 0x00, 0x07, 0x80, 0x0B, 0xC0, 0x07, 0x80, 0x00,
    0x00, 0x00, 0x00, 0x00, 0x00, 0xFF, 0xFF, 0xBF, 0xFE, 0x0B, 0xC0, 0x0B, 0xC0, 0x0B, 0xC0, 0x0B,
    0xC0, 0x0B, 0xC0, 0x0B, 0xC0, 0x0B, 0xC0, 0x0B, 0xC0, 0x0B, 0xC0, 0x0B, 0xC0, 0x0B, 0xC0, 0x0B,
    0xC0, 0x0B, 0xC0, 0x0B, 0xC0, 0x0B, 0xC0, 0x0B, 0xC0, 0x0B, 0xC0, 0xBF, 0xFE, 0xFF, 0xFF, 0xFB,
    0xEF, 0xBE, 0xFB, 0xEF, 0xBE, 0xFB, 0xEF, 0xBE, 0xFB, 0xEF, 0xBE, 0xFF, 0xFF, 0x02, 0xFB, 0xFF,
    0xE0, 0x2F, 0x0B, 0xC0, 0x02, 0xF0, 0xBC, 0x00, 0x2F, 0x0B, 0xC0, 0x02, 0xF0, 0xBC, 0x00, 0x2F,
    0x0B, 0xC0, 0x02, 0xF0, 0xBC, 0x00, 0x2F, 0x0B, 0xC0, 0x02, 0xF0, 0xBC, 0x00, 0x2F, 0x0B, 0xC0,
    0x02, 0xF0, 0xBC, 0x00, 0x2F, 0x0B, 0xC0, 0x02, 0xF0, 0xBC, 0x00, 0x2F, 0x0B, 0xC0, 0x02, 0xF0,
    0xBC, 0x00, 0x2F, 0x0B, 0xC0, 0x02, 0xF0, 0xBC, 0x00, 0x2F, 0x0B, 0xC0, 0x02, 0xFB, 0xFF, 0xE0,
    0x2F, 0xFF, 0xFF, 0x02, 0xF0, 0x00, 0x00, 0x2F, 0x00, 0x00, 0x03, 0xE0, 0x00, 0x00, 0xBD, 0x00,
    0x07, 0xFF, 0x80, 0x00, 0x7F, 0xE0, 0x00, 0x00, 0x00, 0x00, 0xB4, 0x01, 0xEF, 0x80, 0x2F, 0xB4,
    0x01, 0xE0, 0x00, 0x00, 0x00, 0x00, 0x00, 0x00, 0x00, 0xF8, 0x02, 0xFF, 0x80, 0x2F, 0xF8, 0x02,
    0xFF, 0x80, 0x2F, 0xF8, 0x02, 0xFF, 0x80, 0x2F, 0xF8, 0x02, 0xFF, 0x80, 0x2F, 0xF8, 0x02, 0xFF,
    0x80, 0x2F, 0xF8, 0x02, 0xFF, 0x80, 0x2F, 0xF8, 0x02, 0xFF, 0x80, 0x2F, 0xF8, 0x02, 0xFF, 0x80,
    0x2F, 0x00, 0x02, 0xF0, 0x00, 0x2F, 0x00, 0x02, 0xF0, 0x00, 0x3F, 0x00, 0x0B, 0xE0, 0x2F, 0xFC,
    0x01, 0xFE, 0x00, 0x00, 0x29, 0x00, 0x00, 0xBF, 0x40, 0x02, 0xFB, 0xC0, 0x07, 0xC2, 0xF0, 0x1E,
    0x00, 0x7C, 0x00, 0x00, 0x00, 0x00, 0x00, 0x00, 0x00, 0x3E, 0x00, 0x00, 0x3E, 0x00, 0x00, 0x3E,
    0x00, 0x00, 0x3E, 0x00, 0x00, 0x3E, 0x00, 0x00, 0x3E, 0x00, 0x00, 0x3E, 0x00, 0x00, 0x3E, 0x00,
    0x00, 0x3E, 0x00, 0x00, 0x3E, 0x00, 0x00, 0x3E, 0x00, 0x00, 0x3E, 0x00, 0x00, 0x3E, 0x00, 0x00,
    0x3E, 0x00, 0x00, 0x3E, 0x00, 0x00, 0x3E, 0x00, 0x00, 0x3E, 0x00, 0x00, 0x3E, 0x00, 0x00, 0x3E,
    0x00, 0x00, 0x3E, 0x00, 0x00, 0x3E, 0x00, 0x00, 0x3E, 0x00, 0x00, 0x7D, 0x00, 0x01, 0xFC, 0x00,
    0xFF, 0xF4, 0x00, 0xFF, 0xD0, 0x00, 0x00, 0x00, 0x00, 0x00, 0xA4, 0x00, 0x0B, 0xF4, 0x00, 0xBE,
    0xF0, 0x07, 0xC2, 0xF0, 0x7C, 0x01, 0xF0, 0x00, 0x00, 0x00, 0x00, 0x00, 0x00, 0x3E, 0x00, 0x00,
    0xF8, 0x00, 0x03, 0xE0, 0x00, 0x0F, 0x80, 0x00, 0x3E, 0x00, 0x00, 0xF8, 0x00, 0x03, 0xE0, 0x00,
    0x0F, 0x80, 0x00, 0x3E, 0x00, 0x00, 0xF8, 0x00, 0x03, 0xE0, 0x00, 0x0F, 0x80, 0x00, 0x3E, 0x00,
    0x00, 0xF8, 0x00, 0x03, 0xE0, 0x00, 0x0F, 0x80, 0x00, 0x3E, 0x00, 0x00, 0xF8, 0x00, 0x03, 0xE0,
    0x00, 0x0F, 0x80, 0x10, 0xFD, 0x00, 0xFF, 0xF0, 0x03, 0xFE, 0x00, 0x00, 0xF8, 0x00, 0x02, 0xF4,
    0xF8, 0x00, 0x07, 0xE0, 0xF8, 0x00, 0x1F, 0x80, 0xF8, 0x00, 0x7F, 0x00, 0xF8, 0x00, 0xFC, 0x00,
    0xF8, 0x03, 0xF0, 0x00, 0xF8, 0x0F, 0xC0, 0x00, 0xF8, 0x3F, 0x00, 0x00, 0xF8, 0xBD, 0x00, 0x00,
    0xFA, 0xFC, 0x00, 0x00, 0xFF, 0xFE, 0x00, 0x00, 0xFF, 0x7F, 0x40, 0x00, 0xFC, 0x0F, 0xC0, 0x00,
    0xF8, 0x07, 0xF0, 0x00, 0xF8, 0x02, 0xF8, 0x00, 0xF8, 0x00, 0xFD, 0x00, 0xF8, 0x00, 0x3F, 0x00,
    0xF8, 0x00, 0x1F, 0x80, 0xF8, 0x00, 0x0B, 0xD0, 0xF8, 0x00, 0x03, 0xF0, 0xF8, 0x00, 0x00, 0xFC,
    0x00, 0x00, 0x00, 0x00, 0x00, 0x00, 0x00, 0x00, 0x00, 0x0F, 0x80, 0x00, 0x00, 0x0F, 0x40, 0x00,
    0x00, 0x1F, 0x00, 0x00, 0x00, 0x2D, 0x00, 0x00, 0x00, 0x38, 0x00, 0x00, 0xF8, 0x00, 0x00, 0x0F,
    0x80, 0x00, 0x00, 0xF8, 0x00, 0x00, 0x0F, 0x80, 0x00, 0x00, 0xF8, 0x00, 0x00, 0x0F, 0x80, 0x00,
    0x00, 0xF8, 0x00, 0x3F, 0x0F, 0x80, 0x0F, 0xC0, 0xF8, 0x02, 0xF4, 0x0F, 0x80, 0xBD, 0x00, 0xF8,
    0x2F, 0x40, 0x0F, 0x87, 0xD0, 0x00, 0xF9, 0xF8, 0x00, 0x0F, 0xFF, 0x80, 0x00, 0xFF, 0xFD, 0x00,
    0x0F, 0xD3, 0xF0, 0x00, 0xF8, 0x0F, 0xC0, 0x0F, 0x80, 0x7E, 0x00, 0xF8, 0x02, 0xF4, 0x0F, 0x80,
    0x0F, 0xC0, 0xF8, 0x00, 0x3F, 0x0F, 0x80, 0x01, 0xF8, 0x00, 0x00, 0x00, 0x00, 0x00, 0x00, 0x00,
    0x00, 0x3D, 0x00, 0x00, 0x07, 0xC0, 0x00, 0x00, 0xB8, 0x00, 0x00, 0x0F, 0x00, 0x00, 0x01, 0xD0,
    0x00, 0x00, 0xF8, 0x00, 0x3F, 0x3E, 0x00, 0x3F, 0x0F, 0x80, 0x3F, 0x03, 0xE0, 0x2F, 0x40, 0xF8,
    0x2F, 0x80, 0x3E, 0x1F, 0x80, 0x0F, 0x8F, 0xC0, 0x03, 0xEF, 0xE0, 0x00, 0xFF, 0xFD, 0x00, 0x3F,
    0x8F, 0xC0, 0x0F, 0x80, 0xFC, 0x03, 0xE0, 0x1F, 0x80, 0xF8, 0x03, 0xF4, 0x3E, 0x00, 0x3F, 0x0F,
    0x80, 0x07, 0xE3, 0xE0, 0x00, 0xBD, 0x01, 0xA0, 0x00, 0x00, 0xFC, 0x00, 0x00, 0xBC, 0x00, 0x00,
    0x7C, 0x00, 0x00, 0x3C, 0x00, 0x00, 0x00, 0x00, 0x00, 0x00, 0x00, 0x00, 0x00, 0xF8, 0x00, 0x00,
    0x3E, 0x00, 0x00, 0x0F, 0x80, 0x00, 0x03, 0xE0, 0x00, 0x00, 0xF8, 0x00, 0x00, 0x3E, 0x00, 0x00,
    0x0F, 0x80, 0x00, 0x03, 0xE0, 0x00, 0x00, 0xF8, 0x00, 0x00, 0x3E, 0x00, 0x00, 0x0F, 0x80, 0x00,
    0x03, 0xE0, 0x00, 0x00, 0xF8, 0x00, 0x00, 0x3E, 0x00, 0x00, 0x0F, 0x80, 0x00, 0x03, 0xE0, 0x00,
    0x00, 0xF8, 0x00, 0x00, 0x3E, 0x00, 0x00, 0x0F, 0xD5, 0x55, 0x43, 0xFF, 0xFF, 0xF8, 0xFF, 0xFF,
    0xFE, 0x02, 0xF4, 0x1F, 0x80, 0xF8, 0x0B, 0x80, 0x24, 0x00, 0x00, 0x00, 0x00, 0x0F, 0x80, 0x3E,
    0x00, 0xF8, 0x03, 0xE0, 0x0F, 0x80, 0x3E, 0x00, 0xF8, 0x03, 0xE0, 0x0F, 0x80, 0x3E, 0x00, 0xF8,
    0x03, 0xE0, 0x0F, 0x80, 0x3E, 0x00, 0xF8, 0x03, 0xE0, 0x0F, 0x80, 0x3E, 0x00, 0xF8, 0x03, 0xE0,
    0x0F, 0x80, 0x3E, 0x00, 0xF8, 0x00, 0x00, 0xF8, 0x00, 0x00, 0xF8, 0x00, 0x00, 0xF8, 0x00, 0x00,
    0xF8, 0x00, 0x00, 0xF8, 0x00, 0x00, 0xF8, 0x00, 0x00, 0xF8, 0x00, 0x00, 0xF8, 0x00, 0x00, 0xF8,
    0x00, 0x00, 0xF8, 0x00, 0x00, 0xF8, 0x00, 0x00, 0xF8, 0x00, 0x00, 0xF8, 0x00, 0x00, 0xF8, 0x00,
    0x00, 0xF8, 0x00, 0x00, 0xF8, 0x00, 0x00, 0xF8, 0x00, 0x00, 0xFD, 0x55, 0x54, 0xFF, 0xFF, 0xFE,
    0xFF, 0xFF, 0xFE, 0x00, 0x00, 0x00, 0x00, 0x00, 0x00, 0x00, 0x3E, 0x00, 0x00, 0x3D, 0x00, 0x00,
    0x7C, 0x00, 0x00, 0xB4, 0x00, 0x00, 0xE0, 0x00, 0x3E, 0x0F, 0x83, 0xE0, 0xF8, 0x3E, 0x0F, 0x83,
    0xE0, 0xF8, 0x3E, 0x0F, 0x83, 0xE0, 0xF8, 0x3E, 0x0F, 0x83, 0xE0, 0xF8, 0x3E, 0x0F, 0x83, 0xE0,
    0xF8, 0x3E, 0x0F, 0x80, 0x00, 0x00, 0x1F, 0x0B, 0xC3, 0xD0, 0xF0, 0xB0, 0x00, 0xF8, 0x00, 0x3D,
    0xF8, 0x00, 0x3C, 0xF8, 0x00, 0x78, 0xF8, 0x00, 0xB4, 0xF8, 0x00, 0xE0, 0xF8, 0x00, 0x00, 0xF8,
    0x00, 0x00, 0xF8, 0x00, 0x00, 0xF8, 0x00, 0x00, 0xF8, 0x00, 0x00, 0xF8, 0x00, 0x00, 0xF8, 0x00,
    0x00, 0xF8, 0x00, 0x00, 0xF8, 0x00, 0x00, 0xF8, 0x00, 0x00, 0xF8, 0x00, 0x00, 0xF8, 0x00, 0x00,
    0xF8, 0x00, 0x00, 0xFD, 0x55, 0x54, 0xFF, 0xFF, 0xFE, 0xFF, 0xFF, 0xFE, 0xF8, 0x3D, 0xF8, 0x7C,
    0xF8, 0xB8, 0xF8, 0xF0, 0xF8, 0xE0, 0xF8, 0x00, 0xF8, 0x00, 0xF8, 0x00, 0xF8, 0x00, 0xF8, 0x00,
    0xF8, 0x00, 0xF8, 0x00, 0xF8, 0x00, 0xF8, 0x00, 0xF8, 0x00, 0xF8, 0x00, 0xF8, 0x00, 0xF8, 0x00,
    0xF8, 0x00, 0xF8, 0x00, 0xF8, 0x00, 0xF8, 0x00, 0xF8, 0x00, 0x00, 0xF8, 0x00, 0x00, 0xF8, 0x00,
    0x00, 0xF8, 0x00, 0x00, 0xF8, 0x00, 0x00, 0xF8, 0x00, 0x00, 0xF8, 0x00, 0x00, 0xF8, 0x00, 0x00,
    0xF8, 0x00, 0x00, 0xF8, 0x02, 0xD0, 0xF8, 0x03, 0xE0, 0xF8, 0x02, 0xD0, 0xF8, 0x00, 0x00, 0xF8,
    0x00, 0x00, 0xF8, 0x00, 0x00, 0xF8, 0x00, 0x00, 0xF8, 0x00, 0x00, 0xF8, 0x00, 0x00, 0xFD, 0x55,
    0x54, 0xFF, 0xFF, 0xFE, 0xFF, 0xFF, 0xFE, 0xF8, 0x03, 0xE0, 0x0F, 0x80, 0x3E, 0x00, 0xF8, 0x03,
    0xE0, 0x0F, 0x80, 0x3E, 0x00, 0xF8, 0x03, 0xE2, 0xDF, 0x8F, 0xBE, 0x2D, 0xF8, 0x03, 0xE0, 0x0F,
    0x80, 0x3E, 0x00, 0xF8, 0x03, 0xE0, 0x0F, 0x80, 0x3E, 0x00, 0xF8, 0x03, 0xE0, 0x00, 0x03, 0xE0,
    0x00, 0x00, 0x0F, 0x80, 0x00, 0x00, 0x3E, 0x00, 0x00, 0x00, 0xF8, 0x00, 0x00, 0x03, 0xE0, 0x00,
    0x00, 0x0F, 0x80, 0x00, 0x00, 0x3E, 0x00, 0x00, 0x00, 0xF8, 0x04, 0x00, 0x03, 0xE1, 0xF0, 0x00,
    0x0F, 0xEF, 0xC0, 0x00, 0x3F, 0xF4, 0x00, 0x01, 0xFE, 0x00, 0x00, 0x3F, 0xE0, 0x00, 0x00, 0xFF,
    0x80, 0x00, 0x01, 0x3E, 0x00, 0x00, 0x00, 0xF8, 0x00, 0x00, 0x03, 0xE0, 0x00, 0x00, 0x0F, 0x80,
    0x00, 0x00, 0x3F, 0x55, 0x55, 0x00, 0xFF, 0xFF, 0xFE, 0x03, 0xFF, 0xFF, 0xF8, 0x03, 0xE0, 0x00,
    0xF8, 0x00, 0x3E, 0x00, 0x0F, 0x80, 0x03, 0xE0, 0x00, 0xF8, 0x00, 0x3E, 0x00, 0x0F, 0x80, 0x03,
    0xE1, 0x00, 0xFF, 0xC0, 0x3F, 0xF0, 0x1F, 0xE0, 0x2F, 0xE0, 0x0F, 0xF8, 0x01, 0x3E, 0x00, 0x0F,
    0x80, 0x03, 0xE0, 0x00, 0xF8, 0x00, 0x3E, 0x00, 0x0F, 0x80, 0x03, 0xE0, 0x00, 0xF8, 0x00, 0x00,
    0x00, 0x1A, 0x00, 0x00, 0x00, 0x0F, 0xC0, 0x00, 0x00, 0x0B, 0xC0, 0x00, 0x00, 0x07, 0xC0, 0x00,
    0x00, 0x03, 0xC0, 0x00, 0x00, 0x00, 0x00, 0x00, 0x00, 0x00, 0x00, 0x00, 0x03, 0xF8, 0x00, 0x00,
    0x3E, 0xFF, 0x40, 0x00, 0x0F, 0xBF, 0xF0, 0x00, 0x03, 0xEF, 0xFD, 0x00, 0x00, 0xFB, 0xEF, 0xC0,
    0x00, 0x3E, 0xF8, 0xF8, 0x00, 0x0F, 0xBE, 0x2F, 0x40, 0x03, 0xEF, 0x83, 0xF0, 0x00, 0xFB, 0xE0,
    0x7E, 0x00, 0x3E, 0xF8, 0x0B, 0xC0, 0x0F, 0xBE, 0x00, 0xF8, 0x03, 0xEF, 0x80, 0x2F, 0x40, 0xFB,
    0xE0, 0x03, 0xF0, 0x3E, 0xF8, 0x00, 0x7E, 0x0F, 0xBE, 0x00, 0x0B, 0xC3, 0xEF, 0x80, 0x00, 0xFC,
    0xFB, 0xE0, 0x00, 0x1F, 0x7E, 0xF8, 0x00, 0x03, 0xFF, 0xBE, 0x00, 0x00, 0x3F, 0xEF, 0x80, 0x00,
    0x0B, 0xFB, 0xE0, 0x00, 0x00, 0xFE, 0x00, 0x01, 0xA4, 0x00, 0x00, 0xFC, 0x00, 0x00, 0xBC, 0x00,
    0x00, 0x3C, 0x00, 0x00, 0x3C, 0x00, 0x00, 0x00, 0x00, 0x00, 0x00, 0x00, 0x03, 0xC1, 0xBF, 0xD0,
    0xF6, 0xFF, 0xFE, 0x3F, 0xF4, 0x1F, 0xDF, 0xE0, 0x00, 0xFB, 0xF0, 0x00, 0x3F, 0xFC, 0x00, 0x0B,
    0xFE, 0x00, 0x02, 0xFF, 0x80, 0x00, 0xBF, 0xE0, 0x00, 0x2F, 0xF8, 0x00, 0x0B, 0xFE, 0x00, 0x02,
    0xFF, 0x80, 0x00, 0xBF, 0xE0, 0x00, 0x2F, 0xF8, 0x00, 0x0B, 0xFE, 0x00, 0x02, 0xFF, 0x80, 0x00,
    0xBC, 0xFE, 0x00, 0x00, 0x0F, 0xBF, 0xD0, 0x00, 0x03, 0xEF, 0xFC, 0x00, 0x00, 0xFB, 0xFF, 0x40,
    0x00, 0x3E, 0xFB, 0xF0, 0x00, 0x0F, 0xBE, 0x3E, 0x00, 0x03, 0xEF, 0x8B, 0xD0, 0x00, 0xFB, 0xE0,
    0xFC, 0x00, 0x3E, 0xF8, 0x1F, 0x80, 0x0F, 0xBE, 0x02, 0xF0, 0x03, 0xEF, 0x80, 0x3E, 0x00, 0xFB,
    0xE0, 0x0B, 0xD0, 0x3E, 0xF8, 0x00, 0xFC, 0x0F, 0xBE, 0x00, 0x1F, 0x83, 0xEF, 0x80, 0x02, 0xF0,
    0xFB, 0xE0, 0x00, 0x3F, 0x3E, 0xF8, 0x00, 0x07, 0xDF, 0xBE, 0x00, 0x00, 0xFF, 0xEF, 0x80, 0x00,
    0x0F, 0xFB, 0xE0, 0x00, 0x02, 0xFE, 0xF8, 0x00, 0x00, 0x3F, 0x80, 0x00, 0x00, 0x00, 0x00, 0x00,
    0x00, 0x00, 0x00, 0x00, 0x07, 0xC0, 0x00, 0x00, 0x02, 0xE0, 0x00, 0x00, 0x00, 0xF4, 0x00, 0x00,
    0x00, 0x3C, 0x00, 0x00, 0x00, 0x1C, 0x00, 0x00, 0xF0, 0x6F, 0xF4, 0x3D, 0xBF, 0xFF, 0x8F, 0xFD,
    0x07, 0xF7, 0xF8, 0x00, 0x3E, 0xFC, 0x00, 0x0F, 0xFF, 0x00, 0x02, 0xFF, 0x80, 0x00, 0xBF, 0xE0,
    0x00, 0x2F, 0xF8, 0x00, 0x0B, 0xFE, 0x00, 0x02, 0xFF, 0x80, 0x00, 0xBF, 0xE0, 0x00, 0x2F, 0xF8,
    0x00, 0x0B, 0xFE, 0x00, 0x02, 0xFF, 0x80, 0x00, 0xBF, 0xE0, 0x00, 0x2F, 0x00, 0x00, 0x00, 0x00,
    0x00, 0x00, 0x00, 0x01, 0xF0, 0x00, 0x00, 0x7C, 0x00, 0x00, 0x2D, 0x00, 0x00, 0x0F, 0x00, 0x00,
    0x07, 0x40, 0x00, 0x00, 0x90, 0x01, 0x80, 0x00, 0x3E, 0x03, 0xD0, 0x00, 0x03, 0xE3, 0xE0, 0x00,
    0x00, 0x3F, 0xE0, 0x00, 0x00, 0x07, 0xF0, 0x00, 0x00, 0x00, 0x00, 0x00, 0x00, 0x00, 0x00, 0x00,
    0x03, 0xF8, 0x00, 0x00, 0x3E, 0xFF, 0x40, 0x00, 0x0F, 0xBF, 0xF0, 0x00, 0x03, 0xEF, 0xFD, 0x00,
    0x00, 0xFB, 0xEF, 0xC0, 0x00, 0x3E, 0xF8, 0xF8, 0x00, 0x0F, 0xBE, 0x2F, 0x40, 0x03, 0xEF, 0x83,
    0xF0, 0x00, 0xFB, 0xE0, 0x7E, 0x00, 0x3E, 0xF8, 0x0B, 0xC0, 0x0F, 0xBE, 0x00, 0xF8, 0x03, 0xEF,
    0x80, 0x2F, 0x40, 0xFB, 0xE0, 0x03, 0xF0, 0x3E, 0xF8, 0x00, 0x7E, 0x0F, 0xBE, 0x00, 0x0B, 0xC3,
    0xEF, 0x80, 0x00, 0xFC, 0xFB, 0xE0, 0x00, 0x1F, 0x7E, 0xF8, 0x00, 0x03, 0xFF, 0xBE, 0x00, 0x00,
    0x3F, 0xEF, 0x80, 0x00, 0x0B, 0xFB, 0xE0, 0x00, 0x00, 0xFE, 0x0F, 0x00, 0x7C, 0x01, 0xF4, 0xBC,
    0x00, 0x1F, 0xFC, 0x00, 0x01, 0xFC, 0x00, 0x00, 0x15, 0x00, 0x00, 0x00, 0x00, 0x0F, 0x06, 0xFF,
    0x43, 0xDB, 0xFF, 0xF8, 0xFF, 0xD0, 0x7F, 0x7F, 0x80, 0x03, 0xEF, 0xC0, 0x00, 0xFF, 0xF0, 0x00,
    0x2F, 0xF8, 0x00, 0x0B, 0xFE, 0x00, 0x02, 0xFF, 0x80, 0x00, 0xBF, 0xE0, 0x00, 0x2F, 0xF8, 0x00,
    0x0B, 0xFE, 0x00, 0x02, 0xFF, 0x80, 0x00, 0xBF, 0xE0, 0x00, 0x2F, 0xF8, 0x00, 0x0B, 0xFE, 0x00,
    0x02, 0xF0, 0x0F, 0xC0, 0x00, 0x00, 0x01, 0xF8, 0x00, 0x00, 0x00, 0x1F, 0x00, 0x00, 0x00, 0x02,
    0xF0, 0x00, 0x00, 0x00, 0x3D, 0x00, 0x00, 0x00, 0x03, 0xC3, 0xC1, 0xBF, 0xD0, 0x78, 0x3D, 0xBF,
    0xFF, 0x80, 0x03, 0xFE, 0x01, 0xFD, 0x00, 0x3F, 0x80, 0x03, 0xE0, 0x03, 0xF0, 0x00, 0x3F, 0x00,
    0x3F, 0x00, 0x02, 0xF0, 0x03, 0xE0, 0x00, 0x2F, 0x00, 0x3E, 0x00, 0x02, 0xF0, 0x03, 0xE0, 0x00,
    0x2F, 0x00, 0x3E, 0x00, 0x02, 0xF0, 0x03, 0xE0, 0x00, 0x2F, 0x00, 0x3E, 0x00, 0x02, 0xF0, 0x03,
    0xE0, 0x00, 0x2F, 0x00, 0x3E, 0x00, 0x02, 0xF0, 0x03, 0xE0, 0x00, 0x2F, 0x00, 0x3E, 0x00, 0x02,
    0xF0, 0xFE, 0x00, 0x00, 0x0F, 0xBF, 0xD0, 0x00, 0x03, 0xEF, 0xFC, 0x00, 0x00, 0xFB, 0xFF, 0x80,
    0x00, 0x3E, 0xFA, 0xF0, 0x00, 0x0F, 0xBE, 0x3F, 0x00, 0x03, 0xEF, 0x87, 0xD0, 0x00, 0xFB, 0xE0,
    0xFC, 0x00, 0x3E, 0xF8, 0x0F, 0xC0, 0x0F, 0xBE, 0x01, 0xF4, 0x03, 0xEF, 0x80, 0x3F, 0x00, 0xFB,
    0xE0, 0x03, 0xE0, 0x3E, 0xF8, 0x00, 0xBD, 0x0F, 0xBE, 0x00, 0x0F, 0xC3, 0xEF, 0x80, 0x00, 0xF8,
    0xFB, 0xE0, 0x00, 0x2F, 0x3E, 0xF8, 0x00, 0x03, 0xFF, 0xBE, 0x00, 0x00, 0x7F, 0xEF, 0x80, 0x00,
    0x0B, 0xFB, 0xE0, 0x00, 0x00, 0xFE, 0xF8, 0x00, 0x00, 0x1F, 0x80, 0x00, 0x00, 0x03, 0xE0, 0x00,
    0x00, 0x01, 0xF4, 0x00, 0x00, 0x01, 0xFC, 0x00, 0x00, 0x3F, 0xFD, 0x00, 0x00, 0x0F, 0xFD, 0x00,
    0x00, 0x00, 0x00, 0x00, 0xF0, 0x6F, 0xF4, 0x3D, 0xBF, 0xFF, 0x8F, 0xFD, 0x07, 0xF7, 0xF8, 0x00,
    0x3E, 0xFC, 0x00, 0x0F, 0xFF, 0x00, 0x02, 0xFF, 0x80, 0x00, 0xBF, 0xE0, 0x00, 0x2F, 0xF8, 0x00,
    0x0B, 0xFE, 0x00, 0x02, 0xFF, 0x80, 0x00, 0xBF, 0xE0, 0x00, 0x2F, 0xF8, 0x00, 0x0B, 0xFE, 0x00,
    0x02, 0xFF, 0x80, 0x00, 0xBF, 0xE0, 0x00, 0x2F, 0x00, 0x00, 0x0B, 0xC0, 0x00, 0x02, 0xF0, 0x00,
    0x00, 0xBC, 0x00, 0x00, 0x3F, 0x00, 0x01, 0x1F, 0x80, 0x00, 0xFF, 0xC0, 0x00, 0x3F, 0x80, 0x00,
    0x00, 0x00, 0x00, 0x00, 0x00, 0xFF, 0xFF, 0xC0, 0x00, 0x03, 0xFF, 0xFF, 0x00, 0x00, 0x00, 0x00,
    0x00, 0x00, 0x00, 0x00, 0x00, 0x00, 0x00, 0x00, 0x6F, 0xFE, 0x40, 0x00, 0x0F, 0xFF, 0xFF, 0xC0,
    0x01, 0xFE, 0x40, 0x6F, 0xD0, 0x0F, 0xD0, 0x00, 0x0F, 0xC0, 0xBD, 0x00, 0x00, 0x0F, 0x83, 0xE0,
    0x00, 0x00, 0x2F, 0x2F, 0x00, 0x00, 0x00, 0x3D, 0xBC, 0x00, 0x00, 0x00, 0xFB, 0xF0, 0x00, 0x00,
    0x03, 0xFF, 0x80, 0x00, 0x00, 0x0B, 0xFE, 0x00, 0x00, 0x00, 0x2F, 0xF8, 0x00, 0x00, 0x00, 0xBF,
    0xF0, 0x00, 0x00, 0x03, 0xFB, 0xC0, 0x00, 0x00, 0x0F, 0x9F, 0x00, 0x00, 0x00, 0x3D, 0x3E, 0x00,
    0x00, 0x02, 0xF0, 0xBD, 0x00, 0x00, 0x1F, 0x80, 0xFD, 0x00, 0x01, 0xFC, 0x01, 0xFE, 0x40, 0x6F,
    0xD0, 0x00, 0xFF, 0xFF, 0xFC, 0x00, 0x00, 0x6F, 0xFE, 0x40, 0x00, 0x00, 0x00, 0x00, 0x00, 0x0F,
    0xFF, 0xFC, 0x00, 0x3F, 0xFF, 0xF0, 0x00, 0x00, 0x00, 0x00, 0x00, 0x00, 0x00, 0x00, 0x02, 0xFF,
    0x90, 0x00, 0x7F, 0xFF, 0xF0, 0x07, 0xF4, 0x1B, 0xF0, 0x3F, 0x00, 0x07, 0xE1, 0xF4, 0x00, 0x0B,
    0xCB, 0xC0, 0x00, 0x1F, 0x7F, 0x00, 0x00, 0x3E, 0xF8, 0x00, 0x00, 0xFB, 0xE0, 0x00, 0x03, 0xEF,
    0xC0, 0x00, 0x0F, 0xAF, 0x00, 0x00, 0x7D, 0x7D, 0x00, 0x02, 0xF0, 0xFC, 0x00, 0x1F, 0x81, 0xFD,
    0x06, 0xFC, 0x01, 0xFF, 0xFF, 0xC0, 0x00, 0x7F, 0xE4, 0x00, 0x00, 0x38, 0x00, 0xB0, 0x00, 0x00,
    0xB4, 0x0B, 0x80, 0x00, 0x00, 0xFF, 0xFC, 0x00, 0x00, 0x00, 0xBF, 0x80, 0x00, 0x00, 0x00, 0x00,
    0x00, 0x00, 0x00, 0x00, 0x00, 0x00, 0x00, 0x01, 0xBF, 0xF9, 0x00, 0x00, 0x3F, 0xFF, 0xFF, 0x00,
    0x07, 0xF9, 0x01, 0xBF, 0x40, 0x3F, 0x40, 0x00, 0x3F, 0x02, 0xF4, 0x00, 0x00, 0x3E, 0x0F, 0x80,
    0x00, 0x00, 0xBC, 0xBC, 0x00, 0x00, 0x00, 0xF6, 0xF0, 0x00, 0x00, 0x03, 0xEF, 0xC0, 0x00, 0x00,
    0x0F, 0xFE, 0x00, 0x00, 0x00, 0x2F, 0xF8, 0x00, 0x00, 0x00, 0xBF, 0xE0, 0x00, 0x00, 0x02, 0xFF,
    0xC0, 0x00, 0x00, 0x0F, 0xEF, 0x00, 0x00, 0x00, 0x3E, 0x7C, 0x00, 0x00, 0x00, 0xF4, 0xF8, 0x00,
    0x00, 0x0B, 0xC2, 0xF4, 0x00, 0x00, 0x7E, 0x03, 0xF4, 0x00, 0x07, 0xF0, 0x07, 0xF9, 0x01, 0xBF,
    0x40, 0x03, 0xFF, 0xFF, 0xF0, 0x00, 0x01, 0xBF, 0xF9, 0x00, 0x00, 0x03, 0x40, 0x0F, 0x00, 0x0F,
    0x41, 0xB8, 0x00, 0x1F, 0xFF, 0xC0, 0x00, 0x1F, 0xF8, 0x00, 0x00, 0x00, 0x00, 0x00, 0x00, 0x00,
    0x00, 0x00, 0x0B, 0xFE, 0x40, 0x01, 0xFF, 0xFF, 0xC0, 0x1F, 0xD0, 0x6F, 0xC0, 0xFC, 0x00, 0x1F,
    0x87, 0xD0, 0x00, 0x2F, 0x2F, 0x00, 0x00, 0x7D, 0xFC, 0x00, 0x00, 0xFB, 0xE0, 0x00, 0x03, 0xEF,
    0x80, 0x00, 0x0F, 0xBF, 0x00, 0x00, 0x3E, 0xBC, 0x00, 0x01, 0xF5, 0xF4, 0x00, 0x0B, 0xC3, 0xF0,
    0x00, 0x7E, 0x07, 0xF4, 0x1B, 0xF0, 0x07, 0xFF, 0xFF, 0x00, 0x01, 0xFF, 0x90, 0x00, 0x00, 0x07,
    0xD1, 0xF8, 0x00, 0x00, 0x3F, 0x0F, 0xC0, 0x00, 0x01, 0xF0, 0x7C, 0x00, 0x00, 0x0F, 0x03, 0xD0,
    0x00, 0x00, 0xB4, 0x1D, 0x00, 0x00, 0x00, 0x00, 0x00, 0x00, 0x00, 0x00, 0x00, 0x00, 0x00, 0x00,
    0x06, 0xFF, 0xE4, 0x00, 0x00, 0xFF, 0xFF, 0xFC, 0x00, 0x1F, 0xE4, 0x06, 0xFD, 0x00, 0xFD, 0x00,
    0x00, 0xFC, 0x0B, 0xD0, 0x00, 0x00, 0xF8, 0x3E, 0x00, 0x00, 0x02, 0xF2, 0xF0, 0x00, 0x00, 0x03,
    0xDB, 0xC0, 0x00, 0x00, 0x0F, 0xBF, 0x00, 0x00, 0x00, 0x3F, 0xF8, 0x00, 0x00, 0x00, 0xBF, 0xE0,
    0x00, 0x00, 0x02, 0xFF, 0x80, 0x00, 0x00, 0x0B, 0xFF, 0x00, 0x00, 0x00, 0x3F, 0xBC, 0x00, 0x00,
    0x00, 0xF9, 0xF0, 0x00, 0x00, 0x03, 0xD3, 0xE0, 0x00, 0x00, 0x2F, 0x0B, 0xD0, 0x00, 0x01, 0xF8,
    0x0F, 0xD0, 0x00, 0x1F, 0xC0, 0x1F, 0xE4, 0x06, 0xFD, 0x00, 0x0F, 0xFF, 0xFF, 0xC0, 0x00, 0x06,
    0xFF, 0xE4, 0x00, 0x00, 0xBD, 0x1F, 0x40, 0x03, 0xE0, 0xFC, 0x00, 0x2F, 0x0B, 0xC0, 0x01, 0xF0,
    0x3C, 0x00, 0x0F, 0x02, 0xD0, 0x00, 0x00, 0x00, 0x00, 0x00, 0x00, 0x00, 0x00, 0x00, 0x2F, 0xF9,
    0x00, 0x07, 0xFF, 0xFF, 0x00, 0x7F, 0x41, 0xBF, 0x03, 0xF0, 0x00, 0x7E, 0x1F, 0x40, 0x00, 0xBC,
    0xBC, 0x00, 0x01, 0xF7, 0xF0, 0x00, 0x03, 0xEF, 0x80, 0x00, 0x0F, 0xBE, 0x00, 0x00, 0x3E, 0xFC,
    0x00, 0x00, 0xFA, 0xF0, 0x00, 0x07, 0xD7, 0xD0, 0x00, 0x2F, 0x0F, 0xC0, 0x01, 0xF8, 0x1F, 0xD0,
    0x6F, 0xC0, 0x1F, 0xFF, 0xFC, 0x00, 0x07, 0xFE, 0x40, 0x00, 0x00, 0x1B, 0xFF, 0xFF, 0xFF, 0xFE,
    0x01, 0xFF, 0xFF, 0xFF, 0xFF, 0xFE, 0x07, 0xF9, 0x00, 0xFC, 0x00, 0x00, 0x0F, 0xD0, 0x00, 0xBC,
    0x00, 0x00, 0x3F, 0x40, 0x00, 0xBC, 0x00, 0x00, 0x3E, 0x00, 0x00, 0xBC, 0x00, 0x00, 0xBC, 0x00,
    0x00, 0xBC, 0x00, 0x00, 0xBC, 0x00, 0x00, 0xBC, 0x00, 0x00, 0xFC, 0x00, 0x00, 0xBC, 0x00, 0x00,
    0xF8, 0x00, 0x00, 0xBF, 0xFF, 0xFC, 0xF8, 0x00, 0x00, 0xBF, 0xFF, 0xFC, 0xF8, 0x00, 0x00, 0xBC,
    0x00, 0x00, 0xFC, 0x00, 0x00, 0xBC, 0x00, 0x00, 0xBC, 0x00, 0x00, 0xBC, 0x00, 0x00, 0x7C, 0x00,
    0x00, 0xBC, 0x00, 0x00, 0x3E, 0x00, 0x00, 0xBC, 0x00, 0x00, 0x2F, 0x40, 0x00, 0xBC, 0x00, 0x00,
    0x0F, 0xD0, 0x00, 0xBC, 0x00, 0x00, 0x07, 0xF9, 0x00, 0xFC, 0x00, 0x00, 0x00, 0xFF, 0xFF, 0xFF,
    0xFF, 0xFE, 0x00, 0x1B, 0xFF, 0xFF, 0xFF, 0xFE, 0x00, 0xBF, 0xE0, 0x01, 0xFF, 0x80, 0x01, 0xFF,
    0xFF, 0x43, 0xFF, 0xFE, 0x01, 0xFD, 0x07, 0xF7, 0xF4, 0x1B, 0xD0, 0xFC, 0x00, 0x3F, 0xF0, 0x00,
    0xBC, 0x7C, 0x00, 0x03, 0xF4, 0x00, 0x0F, 0x6F, 0x00, 0x00, 0xFC, 0x00, 0x03, 0xEF, 0x80, 0x00,
    0x3F, 0xFF, 0xFF, 0xFB, 0xE0, 0x00, 0x0B, 0xFF, 0xFF, 0xFE, 0xF8, 0x00, 0x02, 0xF0, 0x00, 0x00,
    0x3E, 0x00, 0x00, 0xBC, 0x00, 0x00, 0x0B, 0xC0, 0x00, 0x3F, 0x40, 0x00, 0x01, 0xF0, 0x00, 0x0F,
    0xE0, 0x00, 0x00, 0x3F, 0x00, 0x0F, 0xFD, 0x00, 0x00, 0x07, 0xF4, 0x1F, 0xDB, 0xE4, 0x06, 0xC0,
    0x7F, 0xFF, 0xD0, 0xBF, 0xFF, 0xF0, 0x02, 0xFF, 0x80, 0x06, 0xFF, 0xE0, 0x00, 0x01, 0xA0, 0x00,
    0x00, 0x0F, 0x80, 0x00, 0x00, 0xFC, 0x00, 0x00, 0x0B, 0xC0, 0x00, 0x00, 0x3C, 0x00, 0x00, 0x00,
    0x00, 0x00, 0x00, 0x00, 0x00, 0x00, 0x3F, 0xFF, 0xE4, 0x00, 0xFF, 0xFF, 0xFD, 0x03, 0xE0, 0x06,
    0xFC, 0x0F, 0x80, 0x01, 0xF8, 0x3E, 0x00, 0x03, 0xF0, 0xF8, 0x00, 0x0B, 0xC3, 0xE0, 0x00, 0x2F,
    0x0F, 0x80, 0x00, 0xFC, 0x3E, 0x00, 0x07, 0xD0, 0xF8, 0x00, 0xBF, 0x03, 0xFF, 0xFF, 0xE0, 0x0F,
    0xFF, 0xFD, 0x00, 0x3E, 0x01, 0xF8, 0x00, 0xF8, 0x02, 0xF0, 0x03, 0xE0, 0x03, 0xE0, 0x0F, 0x80,
    0x0B, 0xD0, 0x3E, 0x00, 0x0F, 0xC0, 0xF8, 0x00, 0x1F, 0x43, 0xE0, 0x00, 0x3F, 0x0F, 0x80, 0x00,
    0x7E, 0x3E, 0x00, 0x00, 0xFD, 0x00, 0x0A, 0x40, 0x02, 0xF4, 0x00, 0x7D, 0x00, 0x0F, 0x40, 0x03,
    0xD0, 0x00, 0x00, 0x00, 0x00, 0x00, 0x0F, 0x02, 0xFC, 0xF5, 0xFF, 0xCF, 0xBE, 0x00, 0xFF, 0x00,
    0x0F, 0xD0, 0x00, 0xFC, 0x00, 0x0F, 0x80, 0x00, 0xF8, 0x00, 0x0F, 0x80, 0x00, 0xF8, 0x00, 0x0F,
    0x80, 0x00, 0xF8, 0x00, 0x0F, 0x80, 0x00, 0xF8, 0x00, 0x0F, 0x80, 0x00, 0xF8, 0x00, 0x00, 0xFF,
    0xFF, 0x90, 0x03, 0xFF, 0xFF, 0xF4, 0x0F, 0x80, 0x1B, 0xF0, 0x3E, 0x00, 0x07, 0xE0, 0xF8, 0x00,
    0x0F, 0xC3, 0xE0, 0x00, 0x2F, 0x0F, 0x80, 0x00, 0xBC, 0x3E, 0x00, 0x03, 0xF0, 0xF8, 0x00, 0x1F,
    0x43, 0xE0, 0x02, 0xFC, 0x0F, 0xFF, 0xFF, 0x80, 0x3F, 0xFF, 0xF4, 0x00, 0xF8, 0x07, 0xE0, 0x03,
    0xE0, 0x0B, 0xC0, 0x0F, 0x80, 0x0F, 0x80, 0x3E, 0x00, 0x2F, 0x40, 0xF8, 0x00, 0x3F, 0x03, 0xE0,
    0x00, 0x7D, 0x0F, 0x80, 0x00, 0xFC, 0x3E, 0x00, 0x01, 0xF8, 0xF8, 0x00, 0x03, 0xF4, 0x00, 0x00,
    0x00, 0x00, 0x00, 0x00, 0x00, 0x00, 0x03, 0xD0, 0x00, 0x00, 0x1F, 0x00, 0x00, 0x00, 0xB8, 0x00,
    0x00, 0x03, 0xC0, 0x00, 0x00, 0x0D, 0x00, 0x00, 0x3C, 0x0B, 0xF0, 0xF5, 0xFF, 0xC3, 0xEF, 0x80,
    0x0F, 0xF0, 0x00, 0x3F, 0x40, 0x00, 0xFC, 0x00, 0x03, 0xE0, 0x00, 0x0F, 0x80, 0x00, 0x3E, 0x00,
    0x00, 0xF8, 0x00, 0x03, 0xE0, 0x00, 0x0F, 0x80, 0x00, 0x3E, 0x00, 0x00, 0xF8, 0x00, 0x03, 0xE0,
    0x00, 0x0F, 0x80, 0x00, 0x00, 0x00, 0x00, 0x00, 0x00, 0x02, 0xF0, 0x00, 0x0B, 0x80, 0x00, 0x3D,
    0x00, 0x01, 0xE0, 0x00, 0x0B, 0x00, 0x00, 0x00, 0x18, 0x00, 0x14, 0x00, 0x3D, 0x07, 0xD0, 0x00,
    0x3D, 0x7D, 0x00, 0x00, 0x7F, 0xD0, 0x00, 0x00, 0x7E, 0x00, 0x00, 0x00, 0x00, 0x00, 0x00, 0x00,
    0x00, 0x00, 0x3F, 0xFF, 0xE4, 0x00, 0xFF, 0xFF, 0xFD, 0x03, 0xE0, 0x06, 0xFC, 0x0F, 0x80, 0x01,
    0xF8, 0x3E, 0x00, 0x03, 0xF0, 0xF8, 0x00, 0x0B, 0xC3, 0xE0, 0x00, 0x2F, 0x0F, 0x80, 0x00, 0xFC,
    0x3E, 0x00, 0x07, 0xD0, 0xF8, 0x00, 0xBF, 0x03, 0xFF, 0xFF, 0xE0, 0x0F, 0xFF, 0xFD, 0x00, 0x3E,
    0x01, 0xF8, 0x00, 0xF8, 0x02, 0xF0, 0x03, 0xE0, 0x03, 0xE0, 0x0F, 0x80, 0x0B, 0xD0, 0x3E, 0x00,
    0x0F, 0xC0, 0xF8, 0x00, 0x1F, 0x43, 0xE0, 0x00, 0x3F, 0x0F, 0x80, 0x00, 0x7E, 0x3E, 0x00, 0x00,
    0xFD, 0x24, 0x00, 0x64, 0xB8, 0x0B, 0xC0, 0xFC, 0xBC, 0x00, 0xFF, 0xC0, 0x00, 0xFC, 0x00, 0x00,
    0x00, 0x00, 0x00, 0x00, 0x0F, 0x02, 0xFC, 0x3D, 0x7F, 0xF0, 0xFB, 0xE0, 0x03, 0xFC, 0x00, 0x0F,
    0xD0, 0x00, 0x3F, 0x00, 0x00, 0xF8, 0x00, 0x03, 0xE0, 0x00, 0x0F, 0x80, 0x00, 0x3E, 0x00, 0x00,
    0xF8, 0x00, 0x03, 0xE0, 0x00, 0x0F, 0x80, 0x00, 0x3E, 0x00, 0x00, 0xF8, 0x00, 0x03, 0xE0, 0x00,
    0x00, 0x00, 0x00, 0x7F, 0x00, 0x00, 0x0F, 0xC0, 0x00, 0x02, 0xF0, 0x00, 0x00, 0x7C, 0x00, 0x00,
    0x05, 0x00, 0x00, 0x00, 0x00, 0x00, 0x00, 0x00, 0x00, 0x00, 0x07, 0xFF, 0xE4, 0x07, 0xFF, 0xFF,
    0xD0, 0xFE, 0x01, 0xBC, 0x2F, 0x00, 0x00, 0x03, 0xE0, 0x00, 0x00, 0x3E, 0x00, 0x00, 0x03, 0xF0,
    0x00, 0x00, 0x2F, 0x80, 0x00, 0x00, 0xFF, 0x40, 0x00, 0x03, 0xFF, 0x80, 0x00, 0x0B, 0xFF, 0xC0,
    0x00, 0x06, 0xFF, 0x40, 0x00, 0x02, 0xFD, 0x00, 0x00, 0x07, 0xF0, 0x00, 0x00, 0x3F, 0x00, 0x00,
    0x02, 0xF0, 0x00, 0x00, 0x3F, 0x00, 0x00, 0x07, 0xEB, 0x94, 0x06, 0xFC, 0xBF, 0xFF, 0xFF, 0x01,
    0xBF, 0xFE, 0x40, 0x00, 0x0B, 0xD0, 0x00, 0x3E, 0x00, 0x02, 0xF0, 0x00, 0x1F, 0x00, 0x00, 0xF0,
    0x00, 0x00, 0x00, 0x00, 0x00, 0x00, 0x01, 0xBF, 0xE4, 0x3F, 0xFF, 0xF6, 0xF9, 0x06, 0xCF, 0xC0,
    0x00, 0x3F, 0x00, 0x00, 0xBE, 0x00, 0x00, 0xFF, 0x40, 0x00, 0xBF, 0xE0, 0x00, 0x2F, 0xF8, 0x00,
    0x07, 0xF4, 0x00, 0x03, 0xF0, 0x00, 0x0B, 0xC0, 0x00, 0x3F, 0xE4, 0x07, 0xFB, 0xFF, 0xFF, 0x82,
    0xFF, 0xE4, 0x00, 0x00, 0x0F, 0xD0, 0x00, 0x03, 0xFF, 0x00, 0x00, 0xBC, 0xFC, 0x00, 0x2E, 0x02,
    0xF0, 0x02, 0x40, 0x06, 0x40, 0x00, 0x00, 0x00, 0x00, 0x00, 0x00, 0x00, 0x07, 0xFF, 0xE4, 0x07,
    0xFF, 0xFF, 0xD0, 0xFE, 0x01, 0xBC, 0x2F, 0x00, 0x00, 0x03, 0xE0, 0x00, 0x00, 0x3E, 0x00, 0x00,
    0x03, 0xF0, 0x00, 0x00, 0x2F, 0x80, 0x00, 0x00, 0xFF, 0x40, 0x00, 0x03, 0xFF, 0x80, 0x00, 0x0B,
    0xFF, 0xC0, 0x00, 0x06, 0xFF, 0x40, 0x00, 0x02, 0xFD, 0x00, 0x00, 0x07, 0xF0, 0x00, 0x00, 0x3F,
    0x00, 0x00, 0x02, 0xF0, 0x00, 0x00, 0x3F, 0x00, 0x00, 0x07, 0xEB, 0x94, 0x06, 0xFC, 0xBF, 0xFF,
    0xFF, 0x01, 0xBF, 0xFE, 0x40, 0x00, 0xFC, 0x00, 0x0F, 0xF8, 0x00, 0xBD, 0xF4, 0x07, 0xC1, 0xF0,
    0x3C, 0x01, 0xF0, 0x00, 0x00, 0x00, 0x00, 0x00, 0x01, 0xBF, 0xE4, 0x3F, 0xFF, 0xF6, 0xF9, 0x06,
    0xCF, 0xC0, 0x00, 0x3F, 0x00, 0x00, 0xBE, 0x00, 0x00, 0xFF, 0x40, 0x00, 0xBF, 0xE0, 0x00, 0x2F,
    0xF8, 0x00, 0x07, 0xF4, 0x00, 0x03, 0xF0, 0x00, 0x0B, 0xC0, 0x00, 0x3F, 0xE4, 0x07, 0xFB, 0xFF,
    0xFF, 0x82, 0xFF, 0xE4, 0x00, 0x00, 0x7F, 0xFE, 0x40, 0x7F, 0xFF, 0xFD, 0x0F, 0xE0, 0x1B, 0xC2,
    0xF0, 0x00, 0x00, 0x3E, 0x00, 0x00, 0x03, 0xE0, 0x00, 0x00, 0x3F, 0x00, 0x00, 0x02, 0xF8, 0x00,
    0x00, 0x0F, 0xF4, 0x00, 0x00, 0x3F, 0xF8, 0x00, 0x00, 0xBF, 0xFC, 0x00, 0x00, 0x6F, 0xF4, 0x00,
    0x00, 0x2F, 0xD0, 0x00, 0x00, 0x7F, 0x00, 0x00, 0x03, 0xF0, 0x00, 0x00, 0x2F, 0x00, 0x00, 0x03,
    0xF0, 0x00, 0x00, 0x7E, 0xB9, 0x40, 0x6F, 0xCB, 0xFF, 0xFF, 0xF0, 0x1B, 0xFF, 0xE4, 0x00, 0x01,
    0xD0, 0x00, 0x00, 0x3E, 0x40, 0x00, 0x00, 0xBE, 0x00, 0x00, 0x02, 0xF0, 0x00, 0x00, 0x7F, 0x00,
    0x00, 0xFF, 0xD0, 0x00, 0x0F, 0xF4, 0x00, 0x06, 0xFF, 0x90, 0xFF, 0xFF, 0xEB, 0xE4, 0x1B, 0x3F,
    0x00, 0x00, 0xFC, 0x00, 0x02, 0xF8, 0x00, 0x03, 0xFD, 0x00, 0x02, 0xFF, 0x80, 0x00, 0xBF, 0xE0,
    0x00, 0x1F, 0xD0, 0x00, 0x0B, 0xC0, 0x00, 0x1F, 0x00, 0x00, 0xBF, 0xD4, 0x1B, 0xEF, 0xFF, 0xFE,
    0x0B, 0xFF, 0x90, 0x00, 0xB0, 0x00, 0x03, 0xE0, 0x00, 0x06, 0xF0, 0x00, 0x03, 0xE0, 0x00, 0x1F,
    0x80, 0x0F, 0xFC, 0x00, 0x3F, 0x80, 0x00, 0x03, 0xC0, 0x0F, 0x40, 0x1F, 0x47, 0xD0, 0x00, 0x7E,
    0xF4, 0x00, 0x01, 0xFE, 0x00, 0x00, 0x06, 0x40, 0x00, 0x00, 0x00, 0x00, 0x00, 0x00, 0x00, 0x00,
    0x07, 0xFF, 0xE4, 0x07, 0xFF, 0xFF, 0xD0, 0xFE, 0x01, 0xBC, 0x2F, 0x00, 0x00, 0x03, 0xE0, 0x00,
    0x00, 0x3E, 0x00, 0x00, 0x03, 0xF0, 0x00, 0x00, 0x2F, 0x80, 0x00, 0x00, 0xFF, 0x40, 0x00, 0x03,
    0xFF, 0x80, 0x00, 0x0B, 0xFF, 0xC0, 0x00, 0x06, 0xFF, 0x40, 0x00, 0x02, 0xFD, 0x00, 0x00, 0x07,
    0xF0, 0x00, 0x00, 0x3F, 0x00, 0x00, 0x02, 0xF0, 0x00, 0x00, 0x3F, 0x00, 0x00, 0x07, 0xEB, 0x94,
    0x06, 0xFC, 0xBF, 0xFF, 0xFF, 0x01, 0xBF, 0xFE, 0x40, 0x3C, 0x01, 0xF0, 0x7C, 0x1F, 0x40, 0xBD,
    0xF4, 0x00, 0xFF, 0x80, 0x00, 0xFC, 0x00, 0x00, 0x00, 0x00, 0x00, 0x00, 0x01, 0xBF, 0xE4, 0x3F,
    0xFF, 0xF6, 0xF9, 0x06, 0xCF, 0xC0, 0x00, 0x3F, 0x00, 0x00, 0xBE, 0x00, 0x00, 0xFF, 0x40, 0x00,
    0xBF, 0xE0, 0x00, 0x2F, 0xF8, 0x00, 0x07, 0xF4, 0x00, 0x03, 0xF0, 0x00, 0x0B, 0xC0, 0x00, 0x3F,
    0xE4, 0x07, 0xFB, 0xFF, 0xFF, 0x82, 0xFF, 0xE4, 0x00, 0xFF, 0xFF, 0xFF, 0xFF, 0xFF, 0xFF, 0xFF,
    0xFF, 0x00, 0x0B, 0xC0, 0x00, 0x00, 0x0B, 0xC0, 0x00, 0x00, 0x0B, 0xC0, 0x00, 0x00, 0x0B, 0xC0,
    0x00, 0x00, 0x0B, 0xC0, 0x00, 0x00, 0x0B, 0xC0, 0x00, 0x00, 0x0B, 0xC0, 0x00, 0x00, 0x0B, 0xC0,
    0x00, 0x00, 0x0B, 0xC0, 0x00, 0x00, 0x0B, 0xC0, 0x00, 0x00, 0x0B, 0xC0, 0x00, 0x00, 0x0B, 0xC0,
    0x00, 0x00, 0x0B, 0xC0, 0x00, 0x00, 0x0B, 0xC0, 0x00, 0x00, 0x0B, 0xC0, 0x00, 0x00, 0x0B, 0xC0,
    0x00, 0x00, 0x0B, 0xC0, 0x00, 0x00, 0x0B, 0xC0, 0x00, 0x00, 0x0B, 0xC0, 0x00, 0x00, 0x03, 0x80,
    0x00, 0x00, 0x0B, 0x40, 0x00, 0x00, 0x0B, 0xF4, 0x00, 0x00, 0x00, 0xFC, 0x00, 0x00, 0x00, 0xFC,
    0x00, 0x00, 0x2B, 0xF8, 0x00, 0x00, 0x3F, 0xD0, 0x00, 0x01, 0x80, 0x00, 0xF0, 0x00, 0x3C, 0x00,
    0x2F, 0x00, 0x7F, 0xFF, 0xFF, 0xFF, 0xF0, 0xBC, 0x00, 0x2F, 0x00, 0x0B, 0xC0, 0x02, 0xF0, 0x00,
    0xBC, 0x00, 0x2F, 0x00, 0x0B, 0xC0, 0x02, 0xF0, 0x00, 0xBC, 0x00, 0x2F, 0x00, 0x0B, 0xC0, 0x01,
    0xFC, 0x10, 0x3F, 0xFC, 0x02, 0xFE, 0x00, 0x34, 0x00, 0x2E, 0x40, 0x01, 0xF8, 0x00, 0x2F, 0x00,
    0x1F, 0xC0, 0xFF, 0xE0, 0x3F, 0xD0, 0x02, 0x40, 0x02, 0x40, 0x02, 0xF0, 0x1F, 0x40, 0x00, 0xBC,
    0xBC, 0x00, 0x00, 0x3F, 0xF0, 0x00, 0x00, 0x0F, 0xD0, 0x00, 0x00, 0x00, 0x00, 0x00, 0x00, 0x00,
    0x00, 0x00, 0xFF, 0xFF, 0xFF, 0xFF, 0xFF, 0xFF, 0xFF, 0xFF, 0x00, 0x0B, 0xC0, 0x00, 0x00, 0x0B,
    0xC0, 0x00, 0x00, 0x0B, 0xC0, 0x00, 0x00, 0x0B, 0xC0, 0x00, 0x00, 0x0B, 0xC0, 0x00, 0x00, 0x0B,
    0xC0, 0x00, 0x00, 0x0B, 0xC0, 0x00, 0x00, 0x0B, 0xC0, 0x00, 0x00, 0x0B, 0xC0, 0x00, 0x00, 0x0B,
    0xC0, 0x00, 0x00, 0x0B, 0xC0, 0x00, 0x00, 0x0B, 0xC0, 0x00, 0x00, 0x0B, 0xC0, 0x00, 0x00, 0x0B,
    0xC0, 0x00, 0x00, 0x0B, 0xC0, 0x00, 0x00, 0x0B, 0xC0, 0x00, 0x00, 0x0B, 0xC0, 0x00, 0x00, 0x0B,
    0xC0, 0x00, 0x00, 0x0B, 0xC0, 0x00, 0x00, 0x00, 0x0F, 0xC0, 0x00, 0x03, 0xD0, 0x00, 0x00, 0xF0,
    0x0B, 0x00, 0x78, 0x03, 0xC0, 0x2C, 0x01, 0xF0, 0x00, 0x06, 0xFF, 0xFC, 0x03, 0xFF, 0xFF, 0x00,
    0x0B, 0xC0, 0x00, 0x02, 0xF0, 0x00, 0x00, 0xBC, 0x00, 0x00, 0x2F, 0x00, 0x00, 0x0B, 0xC0, 0x00,
    0x02, 0xF0, 0x00, 0x00, 0xBC, 0x00, 0x00, 0x2F, 0x00, 0x00, 0x0B, 0xC0, 0x00, 0x02, 0xF0, 0x00,
    0x00, 0xBC, 0x00, 0x00, 0x1F, 0xD1, 0x00, 0x03, 0xFF, 0xC0, 0x00, 0x2F, 0xE0, 0x00, 0xFF, 0xFF,
    0xFF, 0xFF, 0xFF, 0xFF, 0xFF, 0xFF, 0x00, 0x0B, 0xC0, 0x00, 0x00, 0x0B, 0xC0, 0x00, 0x00, 0x0B,
    0xC0, 0x00, 0x00, 0x0B, 0xC0, 0x00, 0x00, 0x0B, 0xC0, 0x00, 0x00, 0x0B, 0xC0, 0x00, 0x00, 0x0B,
    0xC0, 0x00, 0x0F, 0xFF, 0xFF, 0xC0, 0x0F, 0xFF, 0xFF, 0xC0, 0x00, 0x0B, 0xC0, 0x00, 0x00, 0x0B,
    0xC0, 0x00, 0x00, 0x0B, 0xC0, 0x00, 0x00, 0x0B, 0xC0, 0x00, 0x00, 0x0B, 0xC0, 0x00, 0x00, 0x0B,
    0xC0, 0x00, 0x00, 0x0B, 0xC0, 0x00, 0x00, 0x0B, 0xC0, 0x00, 0x00, 0x0B, 0xC0, 0x00, 0x00, 0x0B,
    0xC0, 0x00, 0x01, 0x40, 0x00, 0xE0, 0x00, 0x78, 0x00, 0x3E, 0x00, 0x7F, 0xFF, 0xFF, 0xFF, 0xF0,
    0xF8, 0x00, 0x3E, 0x00, 0x0F, 0x80, 0x03, 0xE0, 0x0F, 0xFF, 0xFB, 0xFF, 0xFE, 0x0F, 0x80, 0x03,
    0xE0, 0x00, 0xF8, 0x00, 0x3E, 0x00, 0x0F, 0xC0, 0x02, 0xF8, 0x10, 0x3F, 0xFC, 0x02, 0xFE, 0x00,
    0x69, 0x00, 0xC0, 0x01, 0xFF, 0xD2, 0xC0, 0x03, 0xD7, 0xFF, 0x80, 0x03, 0x40, 0x7E, 0x00, 0x00,
    0x00, 0x00, 0x00, 0x00, 0x00, 0x00, 0x00, 0xF8, 0x00, 0x00, 0x2F, 0xF8, 0x00, 0x00, 0x2F, 0xF8,
    0x00, 0x00, 0x2F, 0xF8, 0x00, 0x00, 0x2F, 0xF8, 0x00, 0x00, 0x2F, 0xF8, 0x00, 0x00, 0x2F, 0xF8,
    0x00, 0x00, 0x2F, 0xF8, 0x00, 0x00, 0x2F, 0xF8, 0x00, 0x00, 0x2F, 0xF8, 0x00, 0x00, 0x2F, 0xF8,
    0x00, 0x00, 0x2F, 0xF8, 0x00, 0x00, 0x2F, 0xF8, 0x00, 0x00, 0x2F, 0xF8, 0x00, 0x00, 0x2F, 0xF8,
    0x00, 0x00, 0x2F, 0xFC, 0x00, 0x00, 0x3F, 0x7D, 0x00, 0x00, 0x7D, 0x3F, 0x00, 0x00, 0xFC, 0x1F,
    0xE4, 0x1B, 0xF4, 0x07, 0xFF, 0xFF, 0xD0, 0x00, 0x6F, 0xF9, 0x00, 0x02, 0xA0, 0x0A, 0x03, 0xFF,
    0x47, 0x81, 0xE6, 0xFF, 0xC0, 0xB0, 0x0B, 0xD0, 0x00, 0x00, 0x00, 0x00, 0x00, 0x00, 0x0F, 0x80,
    0x00, 0xBF, 0xE0, 0x00, 0x2F, 0xF8, 0x00, 0x0B, 0xFE, 0x00, 0x02, 0xFF, 0x80, 0x00, 0xBF, 0xE0,
    0x00, 0x2F, 0xF8, 0x00, 0x0B, 0xFE, 0x00, 0x02, 0xFF, 0x80, 0x00, 0xBF, 0xE0, 0x00, 0x2F, 0xF8,
    0x00, 0x0F, 0xFF, 0x00, 0x03, 0xFB, 0xC0, 0x02, 0xFD, 0xFD, 0x07, 0xFF, 0x2F, 0xFF, 0xE7, 0xC1,
    0xFF, 0x91, 0xF0, 0x00, 0x00, 0x00, 0x00, 0x00, 0xFF, 0xFF, 0xC0, 0x00, 0xFF, 0xFF, 0xC0, 0x00,
    0x00, 0x00, 0x00, 0x00, 0x00, 0x00, 0x00, 0xF8, 0x00, 0x00, 0x2F, 0xF8, 0x00, 0x00, 0x2F, 0xF8,
    0x00, 0x00, 0x2F, 0xF8, 0x00, 0x00, 0x2F, 0xF8, 0x00, 0x00, 0x2F, 0xF8, 0x00, 0x00, 0x2F, 0xF8,
    0x00, 0x00, 0x2F, 0xF8, 0x00, 0x00, 0x2F, 0xF8, 0x00, 0x00, 0x2F, 0xF8, 0x00, 0x00, 0x2F, 0xF8,
    0x00, 0x00, 0x2F, 0xF8, 0x00, 0x00, 0x2F, 0xF8, 0x00, 0x00, 0x2F, 0xF8, 0x00, 0x00, 0x2F, 0xF8,
    0x00, 0x00, 0x2F, 0xFC, 0x00, 0x00, 0x3F, 0x7D, 0x00, 0x00, 0x7D, 0x3F, 0x00, 0x00, 0xFC, 0x1F,
    0xE4, 0x1B, 0xF4, 0x07, 0xFF, 0xFF, 0xD0, 0x00, 0x6F, 0xF9, 0x00, 0x00, 0x00, 0x00, 0x03, 0xFF,
    0xFF, 0x00, 0xFF, 0xFF, 0xC0, 0x00, 0x00, 0x00, 0x00, 0x00, 0x00, 0x3E, 0x00, 0x02, 0xFF, 0x80,
    0x00, 0xBF, 0xE0, 0x00, 0x2F, 0xF8, 0x00, 0x0B, 0xFE, 0x00, 0x02, 0xFF, 0x80, 0x00, 0xBF, 0xE0,
    0x00, 0x2F, 0xF8, 0x00, 0x0B, 0xFE, 0x00, 0x02, 0xFF, 0x80, 0x00, 0xBF, 0xE0, 0x00, 0x3F, 0xFC,
    0x00, 0x0F, 0xEF, 0x00, 0x0B, 0xF7, 0xF4, 0x1F, 0xFC, 0xBF, 0xFF, 0x9F, 0x06, 0xFE, 0x43, 0xC0,
    0x01, 0xC0, 0x07, 0x40, 0x00, 0xF4, 0x1F, 0x00, 0x00, 0xBF, 0xFD, 0x00, 0x00, 0x1F, 0xF4, 0x00,
    0x00, 0x00, 0x00, 0x00, 0x00, 0x00, 0x00, 0x00, 0xF8, 0x00, 0x00, 0x2F, 0xF8, 0x00, 0x00, 0x2F,
    0xF8, 0x00, 0x00, 0x2F, 0xF8, 0x00, 0x00, 0x2F, 0xF8, 0x00, 0x00, 0x2F, 0xF8, 0x00, 0x00, 0x2F,
    0xF8, 0x00, 0x00, 0x2F, 0xF8, 0x00, 0x00, 0x2F, 0xF8, 0x00, 0x00, 0x2F, 0xF8, 0x00, 0x00, 0x2F,
    0xF8, 0x00, 0x00, 0x2F, 0xF8, 0x00, 0x00, 0x2F, 0xF8, 0x00, 0x00, 0x2F, 0xF8, 0x00, 0x00, 0x2F,
    0xF8, 0x00, 0x00, 0x2F, 0xFC, 0x00, 0x00, 0x3F, 0x7D, 0x00, 0x00, 0x7D, 0x3F, 0x00, 0x00, 0xFC,
    0x1F, 0xE4, 0x1B, 0xF4, 0x07, 0xFF, 0xFF, 0xD0, 0x00, 0x6F, 0xF9, 0x00, 0x0B, 0x00, 0x3C, 0x02,
    0xE0, 0x2E, 0x00, 0x3F, 0xFF, 0x00, 0x02, 0xFE, 0x00, 0x00, 0x00, 0x00, 0x00, 0x00, 0x00, 0x0F,
    0x80, 0x00, 0xBF, 0xE0, 0x00, 0x2F, 0xF8, 0x00, 0x0B, 0xFE, 0x00, 0x02, 0xFF, 0x80, 0x00, 0xBF,
    0xE0, 0x00, 0x2F, 0xF8, 0x00, 0x0B, 0xFE, 0x00, 0x02, 0xFF, 0x80, 0x00, 0xBF, 0xE0, 0x00, 0x2F,
    0xF8, 0x00, 0x0F, 0xFF, 0x00, 0x03, 0xFB, 0xC0, 0x02, 0xFD, 0xFD, 0x07, 0xFF, 0x2F, 0xFF, 0xE7,
    0xC1, 0xFF, 0x91, 0xF0, 0x00, 0x0B, 0xE0, 0x00, 0x00, 0x3D, 0x78, 0x00, 0x00, 0x3C, 0x3C, 0x00,
    0x00, 0x3C, 0x3C, 0x00, 0x00, 0x0F, 0xF0, 0x00, 0x00, 0x00, 0x00, 0x00, 0x00, 0x00, 0x00, 0x00,
    0x00, 0x00, 0x00, 0x00, 0xF8, 0x00, 0x00, 0x2F, 0xF8, 0x00, 0x00, 0x2F, 0xF8, 0x00, 0x00, 0x2F,
    0xF8, 0x00, 0x00, 0x2F, 0xF8, 0x00, 0x00, 0x2F, 0xF8, 0x00, 0x00, 0x2F, 0xF8, 0x00, 0x00, 0x2F,
    0xF8, 0x00, 0x00, 0x2F, 0xF8, 0x00, 0x00, 0x2F, 0xF8, 0x00, 0x00, 0x2F, 0xF8, 0x00, 0x00, 0x2F,
    0xF8, 0x00, 0x00, 0x2F, 0xF8, 0x00, 0x00, 0x2F, 0xF8, 0x00, 0x00, 0x2F, 0xF8, 0x00, 0x00, 0x2F,
    0xFC, 0x00, 0x00, 0x3F, 0x7D, 0x00, 0x00, 0x7D, 0x3F, 0x00, 0x00, 0xFC, 0x1F, 0xE4, 0x1B, 0xF4,
    0x07, 0xFF, 0xFF, 0xD0, 0x00, 0x6F, 0xF9, 0x00, 0x00, 0x7F, 0x40, 0x00, 0x78, 0xB8, 0x00, 0x3C,
    0x0F, 0x00, 0x0F, 0x03, 0xC0, 0x02, 0xD1, 0xE0, 0x00, 0x2F, 0xE0, 0x00, 0x00, 0x00, 0x00, 0x00,
    0x00, 0x00, 0xF8, 0x00, 0x0B, 0xFE, 0x00, 0x02, 0xFF, 0x80, 0x00, 0xBF, 0xE0, 0x00, 0x2F, 0xF8,
    0x00, 0x0B, 0xFE, 0x00, 0x02, 0xFF, 0x80, 0x00, 0xBF, 0xE0, 0x00, 0x2F, 0xF8, 0x00, 0x0B, 0xFE,
    0x00, 0x02, 0xFF, 0x80, 0x00, 0xFF, 0xF0, 0x00, 0x3F, 0xBC, 0x00, 0x2F, 0xDF, 0xD0, 0x7F, 0xF2,
    0xFF, 0xFE, 0x7C, 0x1F, 0xF9, 0x1F, 0x00, 0x3F, 0x0F, 0xC0, 0x00, 0x7D, 0x1F, 0x40, 0x00, 0xF8,
    0x3E, 0x00, 0x01, 0xE0, 0x7C, 0x00, 0x03, 0x80, 0xF0, 0x00, 0x00, 0x00, 0x00, 0x00, 0x00, 0x00,
    0x00, 0x00, 0xF8, 0x00, 0x00, 0x2F, 0xF8, 0x00, 0x00, 0x2F, 0xF8, 0x00, 0x00, 0x2F, 0xF8, 0x00,
    0x00, 0x2F, 0xF8, 0x00, 0x00, 0x2F, 0xF8, 0x00, 0x00, 0x2F, 0xF8, 0x00, 0x00, 0x2F, 0xF8, 0x00,
    0x00, 0x2F, 0xF8, 0x00, 0x00, 0x2F, 0xF8, 0x00, 0x00, 0x2F, 0xF8, 0x00, 0x00, 0x2F, 0xF8, 0x00,
    0x00, 0x2F, 0xF8, 0x00, 0x00, 0x2F, 0xF8, 0x00, 0x00, 0x2F, 0xF8, 0x00, 0x00, 0x2F, 0xFC, 0x00,
    0x00, 0x3F, 0x7D, 0x00, 0x00, 0x7D, 0x3F, 0x00, 0x00, 0xFC, 0x1F, 0xE4, 0x1B, 0xF4, 0x07, 0xFF,
    0xFF, 0xD0, 0x00, 0x6F, 0xF9, 0x00, 0x01, 0xF8, 0x7D, 0x00, 0xBC, 0x3F, 0x00, 0x7C, 0x1F, 0x00,
    0x3D, 0x0F, 0x40, 0x1D, 0x07, 0x40, 0x00, 0x00, 0x00, 0x00, 0x00, 0x00, 0x03, 0xE0, 0x00, 0x2F,
    0xF8, 0x00, 0x0B, 0xFE, 0x00, 0x02, 0xFF, 0x80, 0x00, 0xBF, 0xE0, 0x00, 0x2F, 0xF8, 0x00, 0x0B,
    0xFE, 0x00, 0x02, 0xFF, 0x80, 0x00, 0xBF, 0xE0, 0x00, 0x2F, 0xF8, 0x00, 0x0B, 0xFE, 0x00, 0x03,
    0xFF, 0xC0, 0x00, 0xFE, 0xF0, 0x00, 0xBF, 0x7F, 0x41, 0xFF, 0xCB, 0xFF, 0xF9, 0xF0, 0x7F, 0xE4,
    0x7C, 0xF8, 0x00, 0x00, 0x2F, 0xF8, 0x00, 0x00, 0x2F, 0xF8, 0x00, 0x00, 0x2F, 0xF8, 0x00, 0x00,
    0x2F, 0xF8, 0x00, 0x00, 0x2F, 0xF8, 0x00, 0x00, 0x2F, 0xF8, 0x00, 0x00, 0x2F, 0xF8, 0x00, 0x00,
    0x2F, 0xF8, 0x00, 0x00, 0x2F, 0xF8, 0x00, 0x00, 0x2F, 0xF8, 0x00, 0x00, 0x2F, 0xF8, 0x00, 0x00,
    0x2F, 0xF8, 0x00, 0x00, 0x2F, 0xF8, 0x00, 0x00, 0x2F, 0xF8, 0x00, 0x00, 0x2F, 0xFC, 0x00, 0x00,
    0x3F, 0x7D, 0x00, 0x00, 0x7D, 0x3F, 0x00, 0x00, 0xFC, 0x1F, 0xE4, 0x1B, 0xF4, 0x07, 0xFF, 0xFF,
    0xD0, 0x00, 0x6F, 0xFF, 0x40, 0x00, 0x00, 0x2E, 0x00, 0x00, 0x00, 0x3C, 0x00, 0x00, 0x00, 0xBC,
    0x00, 0x00, 0x00, 0xBD, 0x00, 0x00, 0x00, 0x7F, 0xE0, 0x00, 0x00, 0x2F, 0xE0, 0x00, 0x00, 0x00,
    0x00, 0xF8, 0x00, 0x0B, 0xFE, 0x00, 0x02, 0xFF, 0x80, 0x00, 0xBF, 0xE0, 0x00, 0x2F, 0xF8, 0x00,
    0x0B, 0xFE, 0x00, 0x02, 0xFF, 0x80, 0x00, 0xBF, 0xE0, 0x00, 0x2F, 0xF8, 0x00, 0x0B, 0xFE, 0x00,
    0x02, 0xFF, 0x80, 0x00, 0xFF, 0xF0, 0x00, 0x3F, 0xBC, 0x00, 0x2F, 0xDF, 0xD0, 0x7F, 0xF2, 0xFF,
    0xFF, 0x3C, 0x1B, 0xFE, 0x0F, 0x00, 0x00, 0x0F, 0x00, 0x00, 0x0F, 0x40, 0x00, 0x07, 0xC0, 0x00,
    0x02, 0xF0, 0x00, 0x00, 0x7F, 0xC0, 0x00, 0x0B, 0xF0, 0x00, 0x00, 0x00, 0x00, 0x00, 0x00, 0x64,
    0x00, 0x00, 0x00, 0x00, 0x00, 0x07, 0xF8, 0x00, 0x00, 0x00, 0x00, 0x00, 0x7E, 0xF4, 0x00, 0x00,
    0x00, 0x00, 0x07, 0xD1, 0xF4, 0x00, 0x00, 0x00, 0x00, 0x3C, 0x00, 0xF4, 0x00, 0x00, 0x00, 0x00,
    0x00, 0x00, 0x00, 0x00, 0x00, 0x00, 0x00, 0x00, 0x00, 0x00, 0x00, 0x2F, 0x00, 0x00, 0x3F, 0x00,
    0x00, 0x3E, 0x7D, 0x00, 0x01, 0xFD, 0x00, 0x01, 0xF4, 0xF8, 0x00, 0x0B, 0xF8, 0x00, 0x0B, 0xC2,
    0xF0, 0x00, 0x3F, 0xF0, 0x00, 0x3F, 0x07, 0xC0, 0x00, 0xF7, 0xC0, 0x00, 0xF8, 0x0F, 0x40, 0x07,
    0xCF, 0x40, 0x07, 0xD0, 0x3E, 0x00, 0x3E, 0x2F, 0x00, 0x2F, 0x00, 0xBC, 0x00, 0xF4, 0x7C, 0x00,
    0xFC, 0x01, 0xF0, 0x07, 0xC0, 0xF4, 0x03, 0xE0, 0x03, 0xD0, 0x2F, 0x03, 0xE0, 0x1F, 0x00, 0x0F,
    0x80, 0xF8, 0x0B, 0xC0, 0xBC, 0x00, 0x2F, 0x03, 0xD0, 0x1F, 0x43, 0xE0, 0x00, 0x7D, 0x2F, 0x00,
    0x3E, 0x0F, 0x40, 0x00, 0xF4, 0xF8, 0x00, 0xBC, 0x7C, 0x00, 0x03, 0xE3, 0xD0, 0x01, 0xF2, 0xF0,
    0x00, 0x0B, 0xDF, 0x00, 0x03, 0xDF, 0x80, 0x00, 0x1F, 0xBC, 0x00, 0x0F, 0xBD, 0x00, 0x00, 0x3F,
    0xE0, 0x00, 0x1F, 0xF0, 0x00, 0x00, 0xFF, 0x00, 0x00, 0x3F, 0xC0, 0x00, 0x02, 0xFC, 0x00, 0x00,
    0xFE, 0x00, 0x00, 0x07, 0xE0, 0x00, 0x02, 0xF4, 0x00, 0x00, 0x00, 0x06, 0x40, 0x00, 0x00, 0x00,
    0x00, 0xBF, 0x40, 0x00, 0x00, 0x00, 0x07, 0xFF, 0x00, 0x00, 0x00, 0x00, 0x3E, 0x3F, 0x00, 0x00,
    0x00, 0x03, 0xE0, 0x2F, 0x00, 0x00, 0x00, 0x09, 0x00, 0x18, 0x00, 0x00, 0x00, 0x00, 0x00, 0x00,
    0x00, 0x2F, 0x00, 0x03, 0xF0, 0x00, 0x3D, 0x7D, 0x00, 0x1F, 0xD0, 0x01, 0xF0, 0xF8, 0x00, 0xBF,
    0x80, 0x0B, 0xC2, 0xF0, 0x03, 0xEF, 0x00, 0x3E, 0x07, 0xC0, 0x1F, 0x3C, 0x00, 0xF4, 0x0F, 0x40,
    0xBC, 0xF8, 0x07, 0xC0, 0x3E, 0x03, 0xD2, 0xF0, 0x2F, 0x00, 0xBC, 0x0F, 0x07, 0xC0, 0xF8, 0x01,
    0xF0, 0xBC, 0x0F, 0x43, 0xD0, 0x03, 0xD3, 0xE0, 0x2E, 0x1F, 0x00, 0x0F, 0x8F, 0x00, 0x7C, 0xBC,
    0x00, 0x2F, 0x7C, 0x00, 0xF7, 0xD0, 0x00, 0x7E, 0xE0, 0x03, 0xEF, 0x00, 0x00, 0xFF, 0x40, 0x07,
    0xFC, 0x00, 0x03, 0xFC, 0x00, 0x0F, 0xE0, 0x00, 0x0B, 0xE0, 0x00, 0x3F, 0x40, 0x00, 0x00, 0x02,
    0x90, 0x00, 0x00, 0x02, 0xFD, 0x00, 0x00, 0x02, 0xFB, 0xC0, 0x00, 0x01, 0xF0, 0xBC, 0x00, 0x01,
    0xE0, 0x07, 0xC0, 0x00, 0x00, 0x00, 0x00, 0x00, 0x00, 0x00, 0x00, 0x02, 0xF0, 0x00, 0x00, 0x7D,
    0x3E, 0x00, 0x00, 0x3F, 0x0B, 0xC0, 0x00, 0x2F, 0x40, 0xFC, 0x00, 0x0F, 0x80, 0x2F, 0x40, 0x0B,
    0xC0, 0x03, 0xF0, 0x03, 0xE0, 0x00, 0x7D, 0x02, 0xF0, 0x00, 0x0F, 0xC0, 0xF8, 0x00, 0x01, 0xF4,
    0xBC, 0x00, 0x00, 0x3F, 0x7D, 0x00, 0x00, 0x07, 0xFF, 0x00, 0x00, 0x00, 0xFF, 0x40, 0x00, 0x00,
    0x1F, 0xC0, 0x00, 0x00, 0x03, 0xE0, 0x00, 0x00, 0x00, 0xF8, 0x00, 0x00, 0x00, 0x3E, 0x00, 0x00,
    0x00, 0x0F, 0x80, 0x00, 0x00, 0x03, 0xE0, 0x00, 0x00, 0x00, 0xF8, 0x00, 0x00, 0x00, 0x3E, 0x00,
    0x00, 0x00, 0x0F, 0x80, 0x00, 0x00, 0x02, 0x90, 0x00, 0x00, 0x0F, 0xF0, 0x00, 0x00, 0x3F, 0xFC,
    0x00, 0x00, 0xBC, 0x2F, 0x00, 0x02, 0xE0, 0x0B, 0xC0, 0x00, 0x00, 0x00, 0x00, 0x00, 0x00, 0x00,
    0x00, 0x3E, 0x00, 0x00, 0x7D, 0x2F, 0x00, 0x00, 0xFC, 0x1F, 0x40, 0x00, 0xF8, 0x0F, 0xC0, 0x01,
    0xF4, 0x0B, 0xC0, 0x03, 0xF0, 0x03, 0xE0, 0x03, 0xE0, 0x02, 0xF0, 0x0B, 0xC0, 0x01, 0xF4, 0x0F,
    0xC0, 0x00, 0xF8, 0x0F, 0x40, 0x00, 0xBC, 0x2F, 0x00, 0x00, 0x3D, 0x3E, 0x00, 0x00, 0x3E, 0x3D,
    0x00, 0x00, 0x1F, 0xBC, 0x00, 0x00, 0x0F, 0xF8, 0x00, 0x00, 0x0B, 0xF0, 0x00, 0x00, 0x03, 0xF0,
    0x00, 0x00, 0x03, 0xD0, 0x00, 0x00, 0x0B, 0xC0, 0x00, 0x00, 0x0F, 0x80, 0x00, 0x00, 0x2F, 0x00,
    0x00, 0x00, 0xBE, 0x00, 0x00, 0x3F, 0xFC, 0x00, 0x00, 0x3F, 0xD0, 0x00, 0x00, 0x00, 0x2D, 0x02,
    0xC0, 0x00, 0x03, 0xE0, 0x3D, 0x00, 0x00, 0x2D, 0x02, 0xC0, 0x00, 0x00, 0x00, 0x00, 0x00, 0x00,
    0x00, 0x00, 0x00, 0x00, 0x00, 0x00, 0x00, 0x00, 0x3F, 0x00, 0x00, 0x0B, 0xC1, 0xF4, 0x00, 0x00,
    0xF8, 0x0F, 0xC0, 0x00, 0x2F, 0x00, 0x3E, 0x00, 0x03, 0xE0, 0x02, 0xF0, 0x00, 0xFC, 0x00, 0x0F,
    0x80, 0x1F, 0x80, 0x00, 0xBC, 0x03, 0xF0, 0x00, 0x03, 0xE0, 0x7E, 0x00, 0x00, 0x1F, 0x0F, 0xC0,
    0x00, 0x00, 0xF9, 0xF4, 0x00, 0x00, 0x07, 0xFF, 0x00, 0x00, 0x00, 0x3F, 0xD0, 0x00, 0x00, 0x01,
    0xFC, 0x00, 0x00, 0x00, 0x0F, 0x80, 0x00, 0x00, 0x00, 0xF8, 0x00, 0x00, 0x00, 0x0F, 0x80, 0x00,
    0x00, 0x00, 0xF8, 0x00, 0x00, 0x00, 0x0F, 0x80, 0x00, 0x00, 0x00, 0xF8, 0x00, 0x00, 0x00, 0x0F,
    0x80, 0x00, 0x00, 0x00, 0xF8, 0x00, 0x00, 0x00, 0x00, 0x68, 0x00, 0x00, 0x1F, 0xC0, 0x00, 0x03,
    0xF0, 0x00, 0x00, 0xBC, 0x00, 0x00, 0x1F, 0x00, 0x00, 0x00, 0x00, 0x00, 0x00, 0x00, 0x00, 0x0F,
    0xFF, 0xFF, 0xFF, 0xFF, 0xFF, 0xFF, 0xF0, 0x00, 0x00, 0xBE, 0x00, 0x00, 0x0F, 0xC0, 0x00, 0x02,
    0xF4, 0x00, 0x00, 0x7E, 0x00, 0x00, 0x0F, 0xC0, 0x00, 0x02, 0xF4, 0x00, 0x00, 0x3E, 0x00, 0x00,
    0x0F, 0xC0, 0x00, 0x02, 0xF4, 0x00, 0x00, 0x3E, 0x00, 0x00, 0x0F, 0xC0, 0x00, 0x01, 0xF4, 0x00,
    0x00, 0x3E, 0x00, 0x00, 0x0B, 0xC0, 0x00, 0x01, 0xF4, 0x00, 0x00, 0x3F, 0x00, 0x00, 0x0B, 0xD0,
    0x00, 0x00, 0xFF, 0xFF, 0xFF, 0xFF, 0xFF, 0xFF, 0xFF, 0x00, 0x06, 0x90, 0x00, 0x3F, 0x00, 0x02,
    0xF4, 0x00, 0x1F, 0x40, 0x00, 0xF0, 0x00, 0x00, 0x00, 0x00, 0x00, 0x00, 0x3F, 0xFF, 0xFF, 0xFF,
    0xFF, 0xFC, 0x00, 0x07, 0xE0, 0x00, 0x3F, 0x00, 0x01, 0xF4, 0x00, 0x0F, 0x80, 0x00, 0xFC, 0x00,
    0x0B, 0xC0, 0x00, 0x3D, 0x00, 0x03, 0xE0, 0x00, 0x2F, 0x00, 0x00, 0xF0, 0x00, 0x0F, 0x40, 0x00,
    0xBC, 0x00, 0x03, 0xFF, 0xFF, 0xFF, 0xFF, 0xFF, 0xC0, 0x00, 0x0B, 0x40, 0x00, 0x00, 0xF8, 0x00,
    0x00, 0x0B, 0x40, 0x00, 0x00, 0x00, 0x00, 0x00, 0x00, 0x00, 0x00, 0x00, 0x00, 0x00, 0xFF, 0xFF,
    0xFF, 0xFF, 0xFF, 0xFF, 0xFF, 0x00, 0x00, 0x0B, 0xE0, 0x00, 0x00, 0xFC, 0x00, 0x00, 0x2F, 0x40,
    0x00, 0x07, 0xE0, 0x00, 0x00, 0xFC, 0x00, 0x00, 0x2F, 0x40, 0x00, 0x03, 0xE0, 0x00, 0x00, 0xFC,
    0x00, 0x00, 0x2F, 0x40, 0x00, 0x03, 0xF0, 0x00, 0x00, 0xFC, 0x00, 0x00, 0x1F, 0x80, 0x00, 0x03,
    0xF0, 0x00, 0x00, 0xBC, 0x00, 0x00, 0x1F, 0x80, 0x00, 0x03, 0xF0, 0x00, 0x00, 0xBD, 0x00, 0x00,
    0x0F, 0xFF, 0xFF, 0xFF, 0xFF, 0xFF, 0xFF, 0xF0, 0x00, 0x78, 0x00, 0x02, 0xF0, 0x00, 0x07, 0x80,
    0x00, 0x00, 0x00, 0x00, 0x00, 0x00, 0x00, 0x00, 0x0F, 0xFF, 0xFF, 0xFF, 0xFF, 0xFF, 0x00, 0x01,
    0xF8, 0x00, 0x0F, 0xC0, 0x00, 0x7D, 0x00, 0x03, 0xE0, 0x00, 0x3F, 0x00, 0x01, 0xF4, 0x00, 0x0F,
    0x80, 0x00, 0xFC, 0x00, 0x0B, 0xC0, 0x00, 0x3D, 0x00, 0x03, 0xF0, 0x00, 0x2F, 0x40, 0x00, 0xFF,
    0xFF, 0xFF, 0xFF, 0xFF, 0xF0, 0x05, 0x00, 0x06, 0x00, 0x7D, 0x03, 0xD0, 0x01, 0xF5, 0xF4, 0x00,
    0x07, 0xFE, 0x00, 0x00, 0x2F, 0x80, 0x00, 0x00, 0x00, 0x00, 0x00, 0x00, 0x00, 0x0F, 0xFF, 0xFF,
    0xFF, 0xFF, 0xFF, 0xFF, 0xF0, 0x00, 0x00, 0xBE, 0x00, 0x00, 0x0F, 0xC0, 0x00, 0x02, 0xF4, 0x00,
    0x00, 0x7E, 0x00, 0x00, 0x0F, 0xC0, 0x00, 0x02, 0xF4, 0x00, 0x00, 0x3E, 0x00, 0x00, 0x0F, 0xC0,
    0x00, 0x02, 0xF4, 0x00, 0x00, 0x3E, 0x00, 0x00, 0x0F, 0xC0, 0x00, 0x01, 0xF4, 0x00, 0x00, 0x3E,
    0x00, 0x00, 0x0B, 0xC0, 0x00, 0x01, 0xF4, 0x00, 0x00, 0x3F, 0x00, 0x00, 0x0B, 0xD0, 0x00, 0x00,
    0xFF, 0xFF, 0xFF, 0xFF, 0xFF, 0xFF, 0xFF, 0x60, 0x00, 0x60, 0xF4, 0x0F, 0x80, 0xF8, 0xF8, 0x00,
    0xFF, 0xC0, 0x01, 0xFC, 0x00, 0x00, 0x00, 0x00, 0x00, 0x00, 0x3F, 0xFF, 0xFF, 0xFF, 0xFF, 0xFC,
    0x00, 0x07, 0xE0, 0x00, 0x3F, 0x00, 0x01, 0xF4, 0x00, 0x0F, 0x80, 0x00, 0xFC, 0x00, 0x0B, 0xC0,
    0x00, 0x3D, 0x00, 0x03, 0xE0, 0x00, 0x2F, 0x00, 0x00, 0xF0, 0x00, 0x0F, 0x40, 0x00, 0xBC, 0x00,
    0x03, 0xFF, 0xFF, 0xFF, 0xFF, 0xFF, 0xC0, 0x00, 0x00, 0x02, 0xFF, 0xC3, 0xFF, 0xF2, 0xF8, 0x00,
    0xFC, 0x00, 0x3E, 0x00, 0x0F, 0x80, 0x03, 0xE0, 0x00, 0xF8, 0x00, 0x3E, 0x00, 0x0F, 0x80, 0x03,
    0xE0, 0x00, 0xF8, 0x00, 0x3E, 0x00, 0x0F, 0x80, 0x03, 0xE0, 0x00, 0xF8, 0x00, 0x3E, 0x00, 0x0F,
    0x80, 0x03, 0xE0, 0x00, 0xF8, 0x00, 0x3E, 0x00, 0x0F, 0x80, 0x00, 0x29, 0x00, 0xFD, 0x00, 0xFC,
    0x00, 0xF8, 0x00, 0xF4, 0x01, 0xA0, 0x1F, 0xC0, 0xFC, 0x0B, 0xC0, 0x7C, 0x00, 0x00, 0xA4, 0x00,
    0x3F, 0xC0, 0x0F, 0xFF, 0x02, 0xF0, 0xFC, 0xB8, 0x02, 0xE0, 0x0B, 0xE0, 0x0D, 0x2F, 0xFD, 0x3C,
    0x3C, 0x7F, 0xF8, 0x74, 0x07, 0xE0, 0x00, 0x00, 0x3F, 0xFF, 0xFF, 0xFF, 0xFC, 0x00, 0x00, 0x00,
    0xFF, 0xFF, 0xFF, 0xFF, 0xFF, 0xFF, 0xE0, 0x02, 0xCF, 0x40, 0xB8, 0x3F, 0xFF, 0x00, 0xBF, 0x80,
    0xB7, 0xEB, 0x40, 0xB4, 0x1E, 0xF8, 0x2F, 0xB4, 0x1E, 0x00, 0x07, 0xF8, 0xBF, 0xE0, 0x1F, 0x00,
    0xF0, 0xBD, 0x1E, 0x01, 0xD0, 0x2F, 0xD2, 0xE2, 0xDF, 0x03, 0xFC, 0x0F, 0xB4, 0xB8, 0xBF, 0x80,
    0x00, 0x00, 0x07, 0xE0, 0xF8, 0x3F, 0x0B, 0xC1, 0xF0, 0x7D, 0x0F, 0x43, 0xD0, 0xB4, 0x1D, 0x00,
    0x50, 0x00, 0x57, 0xD0, 0x7D, 0x1F, 0x5F, 0x40, 0x7F, 0xD0, 0x02, 0xF8, 0x00, 0xFB, 0xEF, 0xBE,
    0xF8, 0xF8, 0xBF, 0xE2, 0xFF, 0x8B, 0xFE, 0x2F, 0xF8, 0xBC, 0x3F, 0x0F, 0xC0, 0x1F, 0x43, 0xE0,
    0x0B, 0xC1, 0xF0, 0x02, 0xE0, 0xB8, 0x00, 0xB0, 0x2C, 0x02, 0xD0, 0x00, 0xF8, 0x00, 0x2D, 0x03,
    0x80, 0x0E, 0xB4, 0x1F, 0x0F, 0xFF, 0x80, 0xBF, 0x40, 0x00, 0x00, 0x00, 0x2F, 0xF4, 0x0F, 0xFF,
    0xD2, 0xD0, 0x1F, 0x38, 0x00, 0xB0, 0x03, 0xC0, 0x78, 0x0F, 0x81, 0xF4, 0x2F, 0x03, 0xF0, 0x3E,
    0x00, 0x0F, 0xC0, 0xFC, 0x0F, 0x81, 0xF0, 0x2F, 0x03, 0xD0, 0x3C, 0x00, 0x3F, 0x03, 0xF0, 0x2F,
    0x01, 0xF4, 0x0F, 0x80, 0x7C, 0x03, 0xC0, 0x0F, 0xC0, 0xFC, 0x0F, 0x81, 0xF0, 0x2F, 0x03, 0xD0,
    0x3C, 0x00, 0x68, 0x07, 0xE0, 0x1F, 0x40, 0x7C, 0x01, 0xF0, 0x02, 0x90, 0xBD, 0x1F, 0x43, 0xD0,
    0xF4, 0x00, 0x03, 0xC0, 0xFF, 0xFF, 0xFF, 0x03, 0xC0, 0xF0, 0xF0, 0x3C, 0x0F, 0xFF, 0xFF, 0xF0,
    0x3C, 0x00, 0x00, 0x00, 0xBF, 0xFF, 0xBF, 0xFF, 0x00, 0x0F, 0x00, 0x0F, 0x00, 0x0F, 0x00, 0x0F,
    0x00, 0x0F, 0x00, 0x09, 0x03, 0xF0, 0x3E, 0x0B, 0xD1, 0xF8, 0xFF, 0x0E, 0x40, 0x00, 0x00, 0x2E,
    0xDF, 0x3C, 0xBC, 0xB0, 0x06, 0x00, 0xF0, 0x0F, 0x0F, 0xFF, 0xFF, 0xF0, 0x00, 0x0F, 0xFF, 0xFF,
    0xF0, 0xF0, 0x0F, 0x00, 0xF0, 0x0F, 0x00, 0xF0, 0xFF, 0xFF, 0xFF, 0x0F, 0x00, 0xF0, 0x00, 0x03,
    0xFF, 0xFF, 0xFF, 0xC0, 0x03, 0xE0, 0x3E, 0x03, 0xE0, 0x3E, 0x03, 0xE4, 0x7D, 0xFF, 0xCF, 0xF0,
    0xF8, 0x3E, 0x0F, 0x83, 0xE0, 0xF8, 0x3F, 0x0B, 0xFC, 0xBF, 0xB7, 0xEB, 0x40, 0xB4, 0x1E, 0xF8,
    0x2F, 0xB4, 0x1E, 0x2F, 0xD2, 0xE2, 0xDF, 0x03, 0xFC, 0x0F, 0xB4, 0xB8, 0xBF, 0x80, 0x00, 0x00,
    0x2F, 0x3D, 0x3C, 0x74, 0xF0, 0x0B, 0x00, 0x3D, 0x00, 0x7F, 0x00, 0x3E, 0x01, 0xFA, 0xFF, 0xC7,
    0xF8, 0x00, 0x00, 0x03, 0xC3, 0xD2, 0xF0, 0xF8, 0x3F, 0x0B, 0xFC, 0xBF, 0xFB, 0xEF, 0xBE, 0xF8,
    0x00, 0x00, 0x0F, 0xFF, 0xFF, 0xFF, 0xFF, 0xFF, 0x00, 0x0F, 0xF0, 0x00, 0xFF, 0x00, 0x0F, 0x50,
    0x10, 0x17, 0xC1, 0xC0, 0xFB, 0x4B, 0x87, 0x8F, 0xFB, 0xF8, 0x00, 0x00, 0x00, 0x50, 0x00, 0x57,
    0xD0, 0x7D, 0x1F, 0x5F, 0x40, 0x7F, 0xD0, 0x02, 0xF8, 0x00, 0x01, 0xA0, 0x00, 0x3F, 0xC0, 0x0F,
    0xFF, 0x03, 0xE0, 0xF8, 0xB8, 0x02, 0xE0, 0xE0, 0x02, 0xCF, 0x40, 0xB8, 0x3F, 0xFF, 0x00, 0xBF,
    0x80, 0x00, 0x00, 0x00, 0x2F, 0xF4, 0x0F, 0xFF, 0xD2, 0xD0, 0x1F, 0x38, 0x00, 0xB0, 0x0B, 0xD0,
    0x1D, 0x2F, 0xFD, 0x3C, 0x3C, 0x7F, 0xF8, 0x74, 0x07, 0xE0, 0x00, 0x00, 0x3F, 0xFF, 0xFF, 0xFF,
    0xFC, 0x00, 0x00, 0x00, 0x3F, 0xFF, 0xFF, 0xFF, 0xFF, 0xFF, 0xFC, 0xFF, 0xFF, 0xFF, 0xFF, 0xFF,
    0xFF, 0x00, 0x00, 0x00, 0x00, 0x00, 0x00, 0xFF, 0xFF, 0xFF, 0xFF, 0xFF, 0xFF, 0x0B, 0xE0, 0x0D,
    0x1F, 0xFD, 0x2C, 0x3C, 0x7F, 0xFC, 0x34, 0x07, 0xE0, 0x00, 0x00, 0x00, 0xFF, 0xFF, 0xFF, 0xFF,
    0xFF, 0xFF, 0x00, 0x00, 0x00, 0x00, 0x00, 0x3F, 0xFF, 0xFF, 0xFF, 0xFF, 0xFF, 0xFF, 0xFF, 0xFF,
    0xFF, 0xFC, 0x00, 0x00, 0x00, 0x00, 0xBC, 0x00, 0x7F, 0x80, 0x3F, 0xC0, 0x2F, 0xD0, 0x03, 0xE0,
    0x00, 0x00, 0x00, 0x00, 0x00, 0x00, 0x2E, 0x00, 0x00, 0x3C, 0x00, 0x00, 0x7C, 0x00, 0x00, 0xF4,
    0x00, 0x00, 0xF0, 0x00, 0x02, 0xE0, 0x00, 0x03, 0xD0, 0x00, 0x07, 0xC0, 0x00, 0x0F, 0x40, 0x00,
    0x0F, 0x00, 0x00, 0x2E, 0x00, 0x00, 0x3D, 0x00, 0x00, 0x7C, 0x00, 0x00, 0xB8, 0x00, 0x00, 0xF0,
    0x00, 0x01, 0xE0, 0x00, 0x03, 0xD0, 0x00, 0x07, 0xC0, 0x00, 0x0B, 0x80, 0x00, 0x0F, 0x00, 0x00,
    0x1F, 0x00, 0x00, 0x3D, 0x00, 0x00, 0x3C, 0x00, 0x00, 0xB8, 0x00, 0x00, 0x74, 0x7D, 0x1F, 0x0F,
    0x1E, 0xB8, 0x00, 0xF0, 0x00, 0xFF, 0x00, 0x0F, 0xF0, 0x00, 0xFF, 0xFF, 0xFF, 0xFF, 0xFF, 0xF0,
    0x00, 0x00, 0x03, 0xFF, 0xFF, 0xFF, 0xFF, 0xFF, 0xFC, 0x00, 0x0F, 0xF0, 0x00, 0x3F, 0xFF, 0xFF,
    0xFF, 0xFF, 0xFF, 0xC0, 0x2F, 0x9F, 0xE2, 0xE2, 0xE2, 0xEF, 0x03, 0x03, 0xC0, 0x00, 0x00, 0x10,
    0x4B, 0x5E, 0x3F, 0xC2, 0xF8, 0x7F, 0xDB, 0x0D, 0x00, 0x00, 0x1F, 0x2E, 0x0F, 0x02, 0xF0, 0x3E,
    0x03, 0xC1, 0xF3, 0xE0, 0x00, 0x00, 0xFF, 0xFF, 0xFF, 0xFF, 0xFF, 0xFF, 0x00, 0x00, 0x00, 0x00,
    0x00, 0x00, 0xFF, 0xFF, 0xFF, 0xFF, 0xFF, 0xFF, 0x69, 0x00, 0xFC, 0x01, 0xF8, 0x01, 0xF4, 0x00,
    0xF0, 0x01, 0xA4, 0x0F, 0xC0, 0xBD, 0x07, 0xD0, 0x3C, 0x00, 0x0B, 0xD0, 0x1D, 0x2F, 0xFD, 0x3C,
    0x3C, 0x7F, 0xF8, 0x74, 0x07, 0xE0, 0x00, 0x3F, 0x8F, 0xF8, 0x3E, 0x0F, 0x4B, 0x80, 0x00, 0x00,
    0xFC, 0x0B, 0x4F, 0x9E, 0xF9, 0xF2, 0xFB, 0x6E, 0x1E, 0x03, 0xC0, 0x00, 0xA4, 0x3E, 0x0F, 0xC3,
    0xFD, 0x3F, 0x40, 0x00, 0x00, 0x00, 0x3F, 0xFF, 0xFF, 0xFF, 0xFF, 0xFF, 0xFF, 0xC0, 0x00, 0x0F,
    0xF0, 0x00, 0x03, 0xFC, 0x00, 0x00, 0xF0, 0xFF, 0xFF, 0xFF, 0xFF, 0xFF, 0xFF, 0x00, 0x00, 0x00,
    0x00, 0x00, 0x00, 0xFF, 0xFF, 0xFF, 0xFF, 0xFF, 0xFF, 0xF8, 0xBF, 0xE2, 0xFF, 0x8B, 0xFE, 0x2F,
    0xF8, 0xBC, 0x00, 0x0B, 0xFF, 0xBF, 0xF0, 0x0F, 0x00, 0xF0, 0x0F, 0x00, 0x90, 0x00, 0x00, 0x00,
    0x00, 0x0A, 0x00, 0x0B, 0xEE, 0x1D, 0x2F, 0xFD, 0x3C, 0x3C, 0xBF, 0xF8, 0x74, 0xF7, 0xE0, 0x00,
    0xD0, 0x00, 0x00, 0x00, 0x00, 0x00, 0xB4, 0x00, 0x03, 0xE0, 0x00, 0x0B, 0x40, 0x07, 0xE0, 0x0E,
    0x7F, 0xF4, 0xB6, 0xD2, 0xFF, 0xCE, 0x01, 0xFC, 0x00, 0x2D, 0x00, 0x00, 0xF8, 0x00, 0x02, 0xD0,
    0x00, 0x2F, 0xD0, 0xF7, 0xFF, 0xFD, 0xF0, 0x6F, 0x80, 0x00, 0x00, 0x2F, 0xE0, 0xFB, 0xFF, 0xFD,
    0xF0, 0x6F, 0x80, 0x02, 0x02, 0x00, 0x3C, 0x0F, 0x03, 0xFF, 0xFF, 0x0F, 0xFF, 0xFC, 0x0B, 0x03,
    0x80, 0x04, 0x04, 0x00, 0x00, 0x00, 0xE0, 0x2F, 0x82, 0xF8, 0x0F, 0x00, 0xF0, 0x0F, 0x00, 0x00,
    0x00, 0x00, 0x00, 0x00, 0x3F, 0xE0, 0x3F, 0xF0, 0x0F, 0xFF, 0xF8, 0x0F, 0xFC, 0x03, 0xFF, 0xC0,
    0x00, 0x00, 0x00, 0x0F, 0xF0, 0x00, 0x2C, 0x00, 0x03, 0xE8, 0x00, 0xEA, 0x38, 0x00, 0xA0, 0x03,
    0xFC, 0x0F, 0xF0, 0x00, 0x00, 0xE0, 0x00, 0x2C, 0x00, 0x00, 0xE0, 0x00, 0x02, 0xC0, 0x3C, 0x3C,
    0x00, 0x00, 0xF0, 0xFF, 0x00, 0x00, 0x00, 0x00, 0x3F, 0xCB, 0x00, 0x00, 0x00, 0xCF, 0xF2, 0xC0,
    0x00, 0x00, 0x33, 0xFC, 0x38, 0x00, 0x00, 0xB0, 0xF0, 0x0E, 0x00, 0x00, 0x2C, 0x00, 0x00, 0xE0,
    0x00, 0x2C, 0x00, 0x00, 0x2B, 0xC0, 0xFA, 0x00, 0x3C, 0x00, 0xEF, 0x38, 0x00, 0xFF, 0x00, 0x02,
    0xC0, 0x00, 0x3F, 0xC0, 0x00, 0x00, 0x00, 0x0F, 0xFF, 0x80, 0xFF, 0xC0, 0x3F, 0xFF, 0xE0, 0x3F,
    0xF0, 0x0F, 0xF0, 0xD0, 0x3F, 0x81, 0xFC, 0x7F, 0xFE, 0x34, 0x00, 0x2E, 0xDF, 0x3C, 0xBC, 0xB0,
    0x02, 0xFE, 0x00, 0xFF, 0xFC, 0x2E, 0x02, 0xE3, 0xC0, 0x0F, 0x10, 0xB4, 0x10, 0x0F, 0x80, 0x00,
    0xB4, 0x00, 0x00, 0x03, 0x08, 0x7F, 0xD2, 0xF8, 0x3F, 0xC7, 0xAD, 0x10, 0x40, 0x01, 0xCB, 0xFF,
    0xD3, 0xF4, 0x2F, 0xC0, 0x70, 0xD0, 0x3F, 0x81, 0xFC, 0x7F, 0xFE, 0x34, 0x00, 0xD0, 0x01, 0x90,
    0xFE, 0x03, 0xE0, 0x1F, 0xC7, 0xF0, 0x1F, 0xCB, 0x74, 0xFE, 0x4E, 0x38, 0xD0, 0x2C, 0x2C, 0x74,
    0x2D, 0x0F, 0x0F, 0x1E, 0xB8, 0x00, 0xB7, 0xEB, 0x40, 0x03, 0xC0, 0x27, 0xD8, 0x3F, 0xFC, 0x0B,
    0xE0, 0x0F, 0xF0, 0x05, 0x50, 0x2F, 0xDB, 0xF4, 0xB8, 0xBE, 0x2D, 0xF0, 0x3C, 0x0F, 0xF0, 0x3C,
    0x0F, 0xB4, 0xBD, 0x1E, 0x2F, 0xEB, 0xF8, 0x00, 0x00, 0x00, 0x14, 0x03, 0x40, 0x7F, 0xEB, 0xFD,
    0x01, 0xC0, 0x2C, 0x24, 0x00, 0x00, 0x00, 0x00, 0x18, 0x2E, 0x00, 0x00, 0x00, 0x00, 0xB8, 0x0F,
    0xD0, 0x00, 0x00, 0x07, 0xF0, 0x03, 0xFE, 0x50, 0x05, 0xBF, 0x80, 0x00, 0x7F, 0xFF, 0xFF, 0xFD,
    0x00, 0x00, 0x01, 0xBF, 0xFE, 0x40, 0x00, 0x24, 0x00, 0x00, 0x00, 0x00, 0x18, 0x2E, 0x00, 0x00,
    0x00, 0x00, 0xB8, 0x0F, 0xD0, 0x00, 0x00, 0x07, 0xF0, 0x03, 0xFE, 0x50, 0x05, 0xBF, 0x80, 0x00,
    0x7F, 0xFF, 0xFF, 0xFD, 0x00, 0x00, 0x01, 0xBF, 0xFE, 0x40, 0x00, 0xFF, 0xFF, 0xFF, 0xFF, 0xF0,
    0x00, 0x00, 0x00, 0x00, 0xFF, 0xFF, 0xFF, 0xFF, 0xFF, 0xFF, 0xFF, 0xFF, 0xFF, 0x02, 0xFF, 0xE4,
    0x00, 0x00, 0x1C, 0x0F, 0xFF, 0xFF, 0xE9, 0x00, 0xBC, 0x3E, 0x40, 0x6B, 0xFF, 0xFF, 0xF0, 0x34,
    0x00, 0x00, 0x1B, 0xFF, 0x80, 0x00, 0x00, 0x00, 0x00, 0x00, 0x00, 0x00, 0x06, 0xFF, 0xFF, 0x90,
    0x00, 0x00, 0x7F, 0xFF, 0xFF, 0xFD, 0x00, 0x03, 0xFE, 0x40, 0x01, 0x7F, 0xC0, 0x0F, 0xC0, 0x00,
    0x00, 0x03, 0xF0, 0x2E, 0x00, 0x00, 0x00, 0x00, 0xB8, 0x24, 0x00, 0x00, 0x00, 0x00, 0x18, 0x00,
    0x00, 0x00, 0x00, 0x02, 0x00, 0x00, 0x00, 0x00, 0x00, 0x0F, 0x0F, 0xFF, 0xFF, 0xFF, 0xFF, 0xFF,
    0x3F, 0xFF, 0xFF, 0xFF, 0xFF, 0xFC, 0x00, 0x00, 0x00, 0x00, 0x03, 0x80, 0x00, 0x00, 0x00, 0x00,
    0x04, 0x00, 0x2F, 0xD0, 0x03, 0x2F, 0xFD, 0x03, 0xC0, 0xB7, 0xF7, 0x2F, 0x8A, 0x0A, 0xC0, 0x3F,
    0xFF, 0xC0, 0x0A, 0x00, 0x1F, 0xD0, 0x70, 0x03, 0x33, 0x33, 0x30, 0x2F, 0x8A, 0x0A, 0xC0, 0x3C,
    0x03, 0xC0, 0x3A, 0x0A, 0x2F, 0x80, 0x30, 0x0C, 0xC0, 0x33, 0x00, 0xCC, 0x03, 0x34, 0x2C, 0x7F,
    0x70, 0x2F, 0xCA, 0x00, 0xC0, 0x0C, 0x00, 0xC0, 0x0A, 0x00, 0x2F, 0xC0, 0x00, 0x30, 0x03, 0x2F,
    0x7A, 0x0B, 0xC0, 0x3C, 0x03, 0xC0, 0x3A, 0x0B, 0x2F, 0x70, 0x30, 0x00, 0xC0, 0x03, 0x00, 0x0D,
    0xFD, 0x38, 0x2C, 0xC0, 0x33, 0x00, 0xCC, 0x03, 0x30, 0x0C, 0x37, 0xDB, 0xD3, 0x47, 0x47, 0x30,
    0x30, 0x33, 0x03, 0x03, 0x30, 0x30, 0x33, 0x03, 0x03, 0x37, 0xCE, 0x03, 0x00, 0xC0, 0x30, 0x0C,
    0x00, 0x0C, 0x00, 0xC0, 0x3F, 0xC0, 0xC0, 0x0C, 0x00, 0xC0, 0x0C, 0x00, 0xBC, 0x10, 0x05, 0x28,
    0x0C, 0x0C, 0x1C, 0x0D, 0x34, 0x07, 0x30, 0x03, 0xA0, 0x02, 0xC0, 0x70, 0x70, 0xA3, 0x00, 0xB4,
    0x03, 0xD0, 0x28, 0xD2, 0x80, 0xC0, 0x06, 0x80, 0x00, 0x03, 0xF0, 0x00, 0x00, 0xF8, 0x00, 0x00,
    0x3D, 0x00, 0x00, 0x0F, 0x00, 0x00, 0x00, 0x00, 0x00, 0x00, 0x00, 0xFF, 0xFF, 0xFE, 0xFF, 0xFF,
    0xFE, 0xFC, 0x00, 0x00, 0xF8, 0x00, 0x00, 0xF8, 0x00, 0x00, 0xF8, 0x00, 0x00, 0xF8, 0x00, 0x00,
    0xF8, 0x00, 0x00, 0xF8, 0x00, 0x00, 0xFF, 0xFF, 0xFC, 0xFF, 0xFF, 0xFC, 0xFC, 0x00, 0x00, 0xF8,
    0x00, 0x00, 0xF8, 0x00, 0x00, 0xF8, 0x00, 0x00, 0xF8, 0x00, 0x00, 0xF8, 0x00, 0x00, 0xF8, 0x00,
    0x00, 0xFC, 0x00, 0x00, 0xFF, 0xFF, 0xFE, 0xFF, 0xFF, 0xFE, 0x07, 0x81, 0xE0, 0x0B, 0xC2, 0xF0,
    0x07, 0x81, 0xE0, 0x00, 0x00, 0x00, 0x00, 0x00, 0x00, 0xFF, 0xFF, 0xFE, 0xFF, 0xFF, 0xFE, 0xFC,
    0x00, 0x00, 0xF8, 0x00, 0x00, 0xF8, 0x00, 0x00, 0xF8, 0x00, 0x00, 0xF8, 0x00, 0x00, 0xF8, 0x00,
    0x00, 0xF8, 0x00, 0x00, 0xFF, 0xFF, 0xFC, 0xFF, 0xFF, 0xFC, 0xFC, 0x00, 0x00, 0xF8, 0x00, 0x00,
    0xF8, 0x00, 0x00, 0xF8, 0x00, 0x00, 0xF8, 0x00, 0x00, 0xF8, 0x00, 0x00, 0xF8, 0x00, 0x00, 0xFC,
    0x00, 0x00, 0xFF, 0xFF, 0xFE, 0xFF, 0xFF, 0xFE, 0xFF, 0xFF, 0xFF, 0xFC, 0x03, 0xFF, 0xFF, 0xFF,
    0xF0, 0x00, 0x03, 0xF0, 0x00, 0x00, 0x00, 0x0F, 0x80, 0x00, 0x00, 0x00, 0x3E, 0x00, 0x00, 0x00,
    0x00, 0xF8, 0x00, 0x00, 0x00, 0x03, 0xE0, 0x00, 0x00, 0x00, 0x0F, 0x80, 0x00, 0x00, 0x00, 0x3F,
    0xBF, 0xF9, 0x00, 0x00, 0xFF, 0xFF, 0xFF, 0x00, 0x03, 0xF9, 0x01, 0xFF, 0x00, 0x0F, 0x80, 0x00,
    0xBD, 0x00, 0x3E, 0x00, 0x00, 0xFC, 0x00, 0xF8, 0x00, 0x03, 0xF0, 0x03, 0xE0, 0x00, 0x0B, 0xC0,
    0x0F, 0x80, 0x00, 0x3F, 0x00, 0x3E, 0x00, 0x00, 0xFC, 0x00, 0xF8, 0x00, 0x0B, 0xD0, 0x03, 0xE0,
    0x00, 0xBF, 0x00, 0x0F, 0x81, 0xFF, 0xF0, 0x00, 0x3E, 0x07, 0xFD, 0x00, 0x00, 0x01, 0x90, 0x00,
    0x0B, 0xD0, 0x00, 0x0F, 0x40, 0x00, 0x3D, 0x00, 0x00, 0x78, 0x00, 0x00, 0x00, 0x00, 0x00, 0x00,
    0x00, 0xFF, 0xFF, 0xFE, 0xFF, 0xFF, 0xFE, 0xFC, 0x00, 0x00, 0xF8, 0x00, 0x00, 0xF8, 0x00, 0x00,
    0xF8, 0x00, 0x00, 0xF8, 0x00, 0x00, 0xF8, 0x00, 0x00, 0xF8, 0x00, 0x00, 0xF8, 0x00, 0x00, 0xF8,
    0x00, 0x00, 0xF8, 0x00, 0x00, 0xF8, 0x00, 0x00, 0xF8, 0x00, 0x00, 0xF8, 0x00, 0x00, 0xF8, 0x00,
    0x00, 0xF8, 0x00, 0x00, 0xF8, 0x00, 0x00, 0xF8, 0x00, 0x00, 0xF8, 0x00, 0x00, 0xF8, 0x00, 0x00,
    0x00, 0x0B, 0xFF, 0xE0, 0x00, 0xBF, 0xFF, 0xFD, 0x03, 0xFD, 0x01, 0xBC, 0x0F, 0xD0, 0x00, 0x00,
    0x2F, 0x40, 0x00, 0x00, 0x3E, 0x00, 0x00, 0x00, 0x7C, 0x00, 0x00, 0x00, 0xBC, 0x00, 0x00, 0x00,
    0xFC, 0x00, 0x00, 0x00, 0xFF, 0xFF, 0xFF, 0xC0, 0xFF, 0xFF, 0xFF, 0xC0, 0xFC, 0x00, 0x00, 0x00,
    0xFC, 0x00, 0x00, 0x00, 0xBC, 0x00, 0x00, 0x00, 0xBD, 0x00, 0x00, 0x00, 0x3F, 0x00, 0x00, 0x00,
    0x3F, 0x80, 0x00, 0x00, 0x0F, 0xE0, 0x00, 0x00, 0x07, 0xFD, 0x41, 0x6C, 0x01, 0xFF, 0xFF, 0xFC,
    0x00, 0x1B, 0xFF, 0xE4, 0x00, 0x7F, 0xFE, 0x40, 0x7F, 0xFF, 0xFD, 0x0F, 0xE0, 0x1B, 0xC2, 0xF0,
    0x00, 0x00, 0x3F, 0x00, 0x00, 0x03, 0xF0, 0x00, 0x00, 0x3F, 0x00, 0x00, 0x02, 0xF8, 0x00, 0x00,
    0x0F, 0xF4, 0x00, 0x00, 0x3F, 0xF8, 0x00, 0x00, 0xBF, 0xFC, 0x00, 0x00, 0x6F, 0xF4, 0x00, 0x00,
    0x2F, 0xD0, 0x00, 0x00, 0x7F, 0x00, 0x00, 0x03, 0xF0, 0x00, 0x00, 0x2F, 0x00, 0x00, 0x03, 0xF0,
    0x00, 0x00, 0x7E, 0xB9, 0x40, 0x6F, 0xCB, 0xFF, 0xFF, 0xF0, 0x1B, 0xFF, 0xE4, 0x00, 0xFB, 0xEF,
    0xBE, 0xFB, 0xEF, 0xBE, 0xFB, 0xEF, 0xBE, 0xFB, 0xEF, 0xBE, 0xFB, 0xEF, 0xBE, 0xF8, 0xB4, 0xB7,
    0xE3, 0xEB, 0x4B, 0x40, 0x00, 0x00, 0x00, 0x3E, 0x00, 0xF8, 0x03, 0xE0, 0x0F, 0x80, 0x3E, 0x00,
    0xF8, 0x03, 0xE0, 0x0F, 0x80, 0x3E, 0x00, 0xF8, 0x03, 0xE0, 0x0F, 0x80, 0x3E, 0x00, 0xF8, 0x03,
    0xE0, 0x0F, 0x80, 0x3E, 0x00, 0xF8, 0x03, 0xE0, 0x0F, 0x80, 0x3E, 0x00, 0x00, 0x3E, 0x00, 0x3E,
    0x00, 0x3E, 0x00, 0x3E, 0x00, 0x3E, 0x00, 0x3E, 0x00, 0x3E, 0x00, 0x3E, 0x00, 0x3E, 0x00, 0x3E,
    0x00, 0x3E, 0x00, 0x3E, 0x00, 0x3E, 0x00, 0x3E, 0x00, 0x3E, 0x00, 0x3E, 0x00, 0x3E, 0x00, 0x3E,
    0x00, 0x3E, 0x00, 0x3E, 0x00, 0x3E, 0x00, 0x3E, 0x00, 0x7D, 0x01, 0xFC, 0xFF, 0xF4, 0xFF, 0xD0,
    0x00, 0x00, 0x00, 0x3F, 0xFF, 0xFF, 0xE0, 0x00, 0x00, 0x00, 0x3F, 0xFF, 0xFF, 0xE0, 0x00, 0x00,
    0x00, 0x3F, 0x00, 0x03, 0xE0, 0x00, 0x00, 0x00, 0x3E, 0x00, 0x03, 0xE0, 0x00, 0x00, 0x00, 0x3E,
    0x00, 0x03, 0xE0, 0x00, 0x00, 0x00, 0x3E, 0x00, 0x03, 0xE0, 0x00, 0x00, 0x00, 0x3E, 0x00, 0x03,
    0xE0, 0x00, 0x00, 0x00, 0x3E, 0x00, 0x03, 0xE0, 0x00, 0x00, 0x00, 0x3E, 0x00, 0x03, 0xFF, 0xFE,
    0x40, 0x00, 0x3E, 0x00, 0x03, 0xFF, 0xFF, 0xF0, 0x00, 0x3E, 0x00, 0x03, 0xF0, 0x07, 0xFC, 0x00,
    0x3E, 0x00, 0x03, 0xE0, 0x00, 0xBD, 0x00, 0x3E, 0x00, 0x03, 0xE0, 0x00, 0x3F, 0x00, 0x3D, 0x00,
    0x03, 0xE0, 0x00, 0x3F, 0x00, 0x3D, 0x00, 0x03, 0xE0, 0x00, 0x2F, 0x00, 0x3D, 0x00, 0x03, 0xE0,
    0x00, 0x3F, 0x00, 0x7C, 0x00, 0x03, 0xE0, 0x00, 0x3E, 0x00, 0xFC, 0x00, 0x03, 0xE0, 0x00, 0xBD,
    0x02, 0xF4, 0x00, 0x03, 0xF0, 0x07, 0xFC, 0xBF, 0xF0, 0x00, 0x03, 0xFF, 0xFF, 0xE0, 0xBF, 0x80,
    0x00, 0x03, 0xFF, 0xFE, 0x40, 0xF8, 0x00, 0x00, 0xBC, 0x00, 0x00, 0x0F, 0x80, 0x00, 0x0B, 0xC0,
    0x00, 0x00, 0xF8, 0x00, 0x00, 0xBC, 0x00, 0x00, 0x0F, 0x80, 0x00, 0x0B, 0xC0, 0x00, 0x00, 0xF8,
    0x00, 0x00, 0xBC, 0x00, 0x00, 0x0F, 0x80, 0x00, 0x0B, 0xC0, 0x00, 0x00, 0xF8, 0x00, 0x00, 0xBC,
    0x00, 0x00, 0x0F, 0x80, 0x00, 0x0B, 0xC0, 0x00, 0x00, 0xFC, 0x00, 0x00, 0xFC, 0x00, 0x00, 0x0F,
    0xFF, 0xFF, 0xFF, 0xFF, 0xFE, 0x40, 0xFF, 0xFF, 0xFF, 0xFF, 0xFF, 0xFF, 0x0F, 0x80, 0x00, 0x0B,
    0xC0, 0x07, 0xFC, 0xF8, 0x00, 0x00, 0xBC, 0x00, 0x0B, 0xDF, 0x80, 0x00, 0x0B, 0xC0, 0x00, 0x3E,
    0xF8, 0x00, 0x00, 0xBC, 0x00, 0x03, 0xEF, 0x80, 0x00, 0x0B, 0xC0, 0x00, 0x3E, 0xF8, 0x00, 0x00,
    0xBC, 0x00, 0x07, 0xEF, 0x80, 0x00, 0x0B, 0xC0, 0x00, 0xFC, 0xF8, 0x00, 0x00, 0xBD, 0x55, 0xBF,
    0x8F, 0x80, 0x00, 0x0B, 0xFF, 0xFF, 0xE0, 0xF8, 0x00, 0x00, 0xBF, 0xFF, 0xE0, 0x00, 0xFF, 0xFF,
    0xFF, 0xFC, 0x03, 0xFF, 0xFF, 0xFF, 0xF0, 0x00, 0x03, 0xF0, 0x00, 0x00, 0x00, 0x0F, 0x80, 0x00,
    0x00, 0x00, 0x3E, 0x00, 0x00, 0x00, 0x00, 0xF8, 0x00, 0x00, 0x00, 0x03, 0xE0, 0x00, 0x00, 0x00,
    0x0F, 0x80, 0x00, 0x00, 0x00, 0x3F, 0xAF, 0xFE, 0x00, 0x00, 0xFF, 0xFF, 0xFF, 0x40, 0x03, 0xF9,
    0x01, 0xBF, 0x00, 0x0F, 0x80, 0x00, 0xBE, 0x00, 0x3E, 0x00, 0x00, 0xFC, 0x00, 0xF8, 0x00, 0x03,
    0xF0, 0x03, 0xE0, 0x00, 0x0B, 0xC0, 0x0F, 0x80, 0x00, 0x2F, 0x00, 0x3E, 0x00, 0x00, 0xBC, 0x00,
    0xF8, 0x00, 0x02, 0xF0, 0x03, 0xE0, 0x00, 0x0B, 0xC0, 0x0F, 0x80, 0x00, 0x2F, 0x00, 0x3E, 0x00,
    0x00, 0xBC, 0x00, 0x00, 0xA4, 0x00, 0x00, 0x02, 0xF4, 0x00, 0x00, 0x07, 0xD0, 0x00, 0x00, 0x0F,
    0x40, 0x00, 0x00, 0x3D, 0x00, 0x00, 0x00, 0x00, 0x00, 0x00, 0x00, 0x00, 0x00, 0x00, 0xF8, 0x00,
    0x02, 0xF0, 0xF8, 0x00, 0x07, 0xD0, 0xF8, 0x00, 0x0F, 0xC0, 0xF8, 0x00, 0x2F, 0x00, 0xF8, 0x00,
    0x7D, 0x00, 0xF8, 0x00, 0xFC, 0x00, 0xF8, 0x03, 0xF0, 0x00, 0xF8, 0x07, 0xD0, 0x00, 0xF8, 0x0F,
    0xC0, 0x00, 0xFF, 0xFF, 0x00, 0x00, 0xFF, 0xFF, 0x00, 0x00, 0xFD, 0x5F, 0xC0, 0x00, 0xF8, 0x0B,
    0xD0, 0x00, 0xF8, 0x03, 0xF0, 0x00, 0xF8, 0x01, 0xFC, 0x00, 0xF8, 0x00, 0xBD, 0x00, 0xF8, 0x00,
    0x3F, 0x00, 0xF8, 0x00, 0x1F, 0x80, 0xF8, 0x00, 0x0B, 0xD0, 0xF8, 0x00, 0x03, 0xF0, 0xF8, 0x00,
    0x01, 0xF8, 0x00, 0x29, 0x00, 0x00, 0x00, 0x0B, 0xD0, 0x00, 0x00, 0x00, 0xBC, 0x00, 0x00, 0x00,
    0x0B, 0xC0, 0x00, 0x00, 0x00, 0xB4, 0x00, 0x00, 0x00, 0x00, 0x00, 0x00, 0x00, 0x00, 0x00, 0x03,
    0xE0, 0x00, 0x00, 0xBE, 0xF8, 0x00, 0x00, 0x7F, 0xBE, 0x00, 0x00, 0x3F, 0xEF, 0x80, 0x00, 0x2F,
    0xFB, 0xE0, 0x00, 0x0F, 0x7E, 0xF8, 0x00, 0x0F, 0x8F, 0xBE, 0x00, 0x07, 0xC3, 0xEF, 0x80, 0x03,
    0xD0, 0xFB, 0xE0, 0x02, 0xF0, 0x3E, 0xF8, 0x01, 0xF0, 0x0F, 0xBE, 0x00, 0xF8, 0x03, 0xEF, 0x80,
    0xBC, 0x00, 0xFB, 0xE0, 0x3D, 0x00, 0x3E, 0xF8, 0x3E, 0x00, 0x0F, 0xBE, 0x1F, 0x00, 0x03, 0xEF,
    0x8F, 0x40, 0x00, 0xFB, 0xEB, 0xC0, 0x00, 0x3E, 0xFF, 0xC0, 0x00, 0x0F, 0xBF, 0xE0, 0x00, 0x03,
    0xEF, 0xF0, 0x00, 0x00, 0xFB, 0xF4, 0x00, 0x00, 0x3E, 0x00, 0x1F, 0x00, 0xF4, 0x00, 0x00, 0x3D,
    0x0B, 0xC0, 0x00, 0x00, 0xBF, 0xFE, 0x00, 0x00, 0x00, 0xBF, 0xD0, 0x00, 0x00, 0x00, 0x00, 0x00,
    0x00, 0x00, 0x00, 0x00, 0x00, 0x03, 0xF0, 0x00, 0x00, 0x2F, 0x07, 0xD0, 0x00, 0x00, 0xF8, 0x0F,
    0xC0, 0x00, 0x07, 0xD0, 0x2F, 0x40, 0x00, 0x3F, 0x00, 0x3F, 0x00, 0x01, 0xF4, 0x00, 0xBD, 0x00,
    0x0F, 0xC0, 0x00, 0xFC, 0x00, 0x3E, 0x00, 0x02, 0xF4, 0x02, 0xF0, 0x00, 0x03, 0xE0, 0x0F, 0x80,
    0x00, 0x0B, 0xC0, 0x7C, 0x00, 0x00, 0x0F, 0x83, 0xE0, 0x00, 0x00, 0x2F, 0x1F, 0x40, 0x00, 0x00,
    0x3E, 0xBC, 0x00, 0x00, 0x00, 0xBF, 0xD0, 0x00, 0x00, 0x00, 0xFF, 0x00, 0x00, 0x00, 0x02, 0xF8,
    0x00, 0x00, 0x00, 0x0F, 0xC0, 0x00, 0x00, 0x00, 0x7D, 0x00, 0x00, 0x01, 0x0B, 0xF0, 0x00, 0x00,
    0x0F, 0xFF, 0x00, 0x00, 0x00, 0x3F, 0xE0, 0x00, 0x00, 0x00, 0xF8, 0x00, 0x00, 0x7D, 0xF8, 0x00,
    0x00, 0x7D, 0xF8, 0x00, 0x00, 0x7D, 0xF8, 0x00, 0x00, 0x7D, 0xF8, 0x00, 0x00, 0x7D, 0xF8, 0x00,
    0x00, 0x7D, 0xF8, 0x00, 0x00, 0x7D, 0xF8, 0x00, 0x00, 0x7D, 0xF8, 0x00, 0x00, 0x7D, 0xF8, 0x00,
    0x00, 0x7D, 0xF8, 0x00, 0x00, 0x7D, 0xF8, 0x00, 0x00, 0x7D, 0xF8, 0x00, 0x00, 0x7D, 0xF8, 0x00,
    0x00, 0x7D, 0xF8, 0x00, 0x00, 0x7D, 0xF8, 0x00, 0x00, 0x7D, 0xF8, 0x00, 0x00, 0x7D, 0xF8, 0x00,
    0x00, 0x7D, 0xFD, 0x55, 0x55, 0xBD, 0xFF, 0xFF, 0xFF, 0xFD, 0xFF, 0xFF, 0xFF, 0xFD, 0x00, 0x0B,
    0xC0, 0x00, 0x00, 0x0B, 0xC0, 0x00, 0x00, 0x0B, 0xC0, 0x00, 0x00, 0x0B, 0xC0, 0x00, 0x00, 0x06,
    0x80, 0x00, 0x00, 0x00, 0xF8, 0x00, 0x00, 0x00, 0x07, 0xF0, 0x00, 0x00, 0x00, 0x3F, 0xD0, 0x00,
    0x00, 0x00, 0xFB, 0xC0, 0x00, 0x00, 0x0B, 0xCF, 0x00, 0x00, 0x00, 0x3D, 0x3E, 0x00, 0x00, 0x01,
    0xF0, 0x7C, 0x00, 0x00, 0x0F, 0x80, 0xF4, 0x00, 0x00, 0x3D, 0x02, 0xF0, 0x00, 0x02, 0xF0, 0x07,
    0xC0, 0x00, 0x0F, 0x80, 0x0F, 0x80, 0x00, 0x7C, 0x00, 0x2F, 0x00, 0x02, 0xFF, 0xFF, 0xFD, 0x00,
    0x0F, 0xFF, 0xFF, 0xF8, 0x00, 0x7D, 0x55, 0x56, 0xF0, 0x03, 0xE0, 0x00, 0x03, 0xD0, 0x1F, 0x40,
    0x00, 0x0F, 0xC0, 0xBC, 0x00, 0x00, 0x1F, 0x43, 0xE0, 0x00, 0x00, 0x3E, 0x1F, 0x00, 0x00, 0x00,
    0xBC, 0xFC, 0x00, 0x00, 0x01, 0xF4, 0xFF, 0xFF, 0xFF, 0x8F, 0xFF, 0xFF, 0xF8, 0xFC, 0x00, 0x00,
    0x0F, 0x80, 0x00, 0x00, 0xF8, 0x00, 0x00, 0x0F, 0x80, 0x00, 0x00, 0xF8, 0x00, 0x00, 0x0F, 0x80,
    0x00, 0x00, 0xFF, 0xFF, 0xE0, 0x0F, 0xFF, 0xFF, 0xE0, 0xFC, 0x01, 0xBF, 0x8F, 0x80, 0x00, 0xFC,
    0xF8, 0x00, 0x07, 0xDF, 0x80, 0x00, 0x3E, 0xF8, 0x00, 0x03, 0xEF, 0x80, 0x00, 0x3E, 0xF8, 0x00,
    0x07, 0xDF, 0x80, 0x00, 0xFC, 0xFC, 0x01, 0xBF, 0x4F, 0xFF, 0xFF, 0xD0, 0xFF, 0xFF, 0x90, 0x00,
    0xFF, 0xFF, 0xE4, 0x03, 0xFF, 0xFF, 0xFD, 0x0F, 0xC0, 0x06, 0xFD, 0x3E, 0x00, 0x01, 0xFC, 0xF8,
    0x00, 0x03, 0xF3, 0xE0, 0x00, 0x0B, 0xCF, 0x80, 0x00, 0x3F, 0x3E, 0x00, 0x01, 0xF4, 0xF8, 0x00,
    0x1F, 0x83, 0xFF, 0xFF, 0xF4, 0x0F, 0xFF, 0xFF, 0xE0, 0x3F, 0x00, 0x17, 0xF4, 0xF8, 0x00, 0x03,
    0xF3, 0xE0, 0x00, 0x03, 0xEF, 0x80, 0x00, 0x0F, 0xBE, 0x00, 0x00, 0x3E, 0xF8, 0x00, 0x01, 0xFB,
    0xE0, 0x00, 0x0F, 0xCF, 0xC0, 0x01, 0xFE, 0x3F, 0xFF, 0xFF, 0xE0, 0xFF, 0xFF, 0xF8, 0x00, 0xFF,
    0xFF, 0xFE, 0xFF, 0xFF, 0xFE, 0xFC, 0x00, 0x00, 0xF8, 0x00, 0x00, 0xF8, 0x00, 0x00, 0xF8, 0x00,
    0x00, 0xF8, 0x00, 0x00, 0xF8, 0x00, 0x00, 0xF8, 0x00, 0x00, 0xF8, 0x00, 0x00, 0xF8, 0x00, 0x00,
    0xF8, 0x00, 0x00, 0xF8, 0x00, 0x00, 0xF8, 0x00, 0x00, 0xF8, 0x00, 0x00, 0xF8, 0x00, 0x00, 0xF8,
    0x00, 0x00, 0xF8, 0x00, 0x00, 0xF8, 0x00, 0x00, 0xF8, 0x00, 0x00, 0xF8, 0x00, 0x00, 0x00, 0x3F,
    0xFF, 0xFF, 0xF0, 0x00, 0x0F, 0xFF, 0xFF, 0xFC, 0x00, 0x03, 0xF0, 0x00, 0x3F, 0x00, 0x00, 0xF8,
    0x00, 0x0B, 0xC0, 0x00, 0x3E, 0x00, 0x02, 0xF0, 0x00, 0x0F, 0x80, 0x00, 0xBC, 0x00, 0x03, 0xE0,
    0x00, 0x2F, 0x00, 0x00, 0xF8, 0x00, 0x0B, 0xC0, 0x00, 0x3E, 0x00, 0x02, 0xF0, 0x00, 0x0F, 0x80,
    0x00, 0xBC, 0x00, 0x03, 0xE0, 0x00, 0x2F, 0x00, 0x00, 0xF4, 0x00, 0x0B, 0xC0, 0x00, 0x7D, 0x00,
    0x02, 0xF0, 0x00, 0x2F, 0x00, 0x00, 0xBC, 0x00, 0x0F, 0xC0, 0x00, 0x2F, 0x00, 0x03, 0xE0, 0x00,
    0x0B, 0xC0, 0x02, 0xF0, 0x00, 0x02, 0xF0, 0x00, 0xF8, 0x00, 0x00, 0xBC, 0x00, 0xBC, 0x00, 0x00,
    0x3F, 0x03, 0xFF, 0xFF, 0xFF, 0xFF, 0xFE, 0xFF, 0xFF, 0xFF, 0xFF, 0xFF, 0xBE, 0x00, 0x00, 0x00,
    0x03, 0xEF, 0x80, 0x00, 0x00, 0x00, 0xFB, 0xE0, 0x00, 0x00, 0x00, 0x3E, 0xF8, 0x00, 0x00, 0x00,
    0x0F, 0xBE, 0x00, 0x00, 0x00, 0x03, 0xE0, 0xFF, 0xFF, 0xFE, 0xFF, 0xFF, 0xFE, 0xFC, 0x00, 0x00,
    0xF8, 0x00, 0x00, 0xF8, 0x00, 0x00, 0xF8, 0x00, 0x00, 0xF8, 0x00, 0x00, 0xF8, 0x00, 0x00, 0xF8,
    0x00, 0x00, 0xFF, 0xFF, 0xFC, 0xFF, 0xFF, 0xFC, 0xFC, 0x00, 0x00, 0xF8, 0x00, 0x00, 0xF8, 0x00,
    0x00, 0xF8, 0x00, 0x00, 0xF8, 0x00, 0x00, 0xF8, 0x00, 0x00, 0xF8, 0x00, 0x00, 0xFC, 0x00, 0x00,
    0xFF, 0xFF, 0xFE, 0xFF, 0xFF, 0xFE, 0x2F, 0x00, 0x00, 0xBC, 0x00, 0x03, 0xF0, 0x3F, 0x00, 0x02,
    0xF0, 0x00, 0x1F, 0x40, 0x7D, 0x00, 0x0B, 0xC0, 0x00, 0xF8, 0x00, 0xBC, 0x00, 0x2F, 0x00, 0x0F,
    0xC0, 0x00, 0xF8, 0x00, 0xBC, 0x00, 0x7D, 0x00, 0x01, 0xF4, 0x02, 0xF0, 0x03, 0xE0, 0x00, 0x02,
    0xF0, 0x0B, 0xC0, 0x3F, 0x00, 0x00, 0x03, 0xE0, 0x2F, 0x01, 0xF4, 0x00, 0x00, 0x07, 0xC0, 0xBC,
    0x0F, 0xC0, 0x00, 0x00, 0x0F, 0xFF, 0xFF, 0xFC, 0x00, 0x00, 0x00, 0x2F, 0xFF, 0xFF, 0xF0, 0x00,
    0x00, 0x01, 0xF9, 0x7F, 0x5B, 0xE0, 0x00, 0x00, 0x0F, 0x80, 0xBC, 0x0B, 0xD0, 0x00, 0x00, 0xBC,
    0x02, 0xF0, 0x0F, 0xC0, 0x00, 0x07, 0xE0, 0x0B, 0xC0, 0x1F, 0x80, 0x00, 0x3F, 0x00, 0x2F, 0x00,
    0x2F, 0x40, 0x02, 0xF4, 0x00, 0xBC, 0x00, 0x3F, 0x00, 0x0F, 0x80, 0x02, 0xF0, 0x00, 0x7E, 0x00,
    0xFC, 0x00, 0x0B, 0xC0, 0x00, 0xFC, 0x0B, 0xD0, 0x00, 0x2F, 0x00, 0x00, 0xFC, 0x3F, 0x00, 0x00,
    0xBC, 0x00, 0x01, 0xF8, 0x0A, 0xFF, 0xE4, 0x00, 0xFF, 0xFF, 0xFC, 0x02, 0xE4, 0x07, 0xFC, 0x00,
    0x00, 0x02, 0xF4, 0x00, 0x00, 0x03, 0xE0, 0x00, 0x00, 0x0F, 0x80, 0x00, 0x00, 0x3D, 0x00, 0x00,
    0x03, 0xF0, 0x00, 0x01, 0x7F, 0x00, 0x0F, 0xFF, 0xD0, 0x00, 0x3F, 0xFF, 0xE0, 0x00, 0x00, 0x07,
    0xF4, 0x00, 0x00, 0x03, 0xF0, 0x00, 0x00, 0x03, 0xE0, 0x00, 0x00, 0x0F, 0x80, 0x00, 0x00, 0x3E,
    0x00, 0x00, 0x01, 0xF8, 0x00, 0x00, 0x0F, 0xCB, 0x94, 0x06, 0xFD, 0x2F, 0xFF, 0xFF, 0xD0, 0x1B,
    0xFF, 0xE4, 0x00, 0xF8, 0x00, 0x00, 0x2F, 0xBE, 0x00, 0x00, 0x1F, 0xEF, 0x80, 0x00, 0x0F, 0xFB,
    0xE0, 0x00, 0x0B, 0xFE, 0xF8, 0x00, 0x03, 0xDF, 0xBE, 0x00, 0x03, 0xE3, 0xEF, 0x80, 0x01, 0xF0,
    0xFB, 0xE0, 0x00, 0xF4, 0x3E, 0xF8, 0x00, 0xBC, 0x0F, 0xBE, 0x00, 0x7C, 0x03, 0xEF, 0x80, 0x3E,
    0x00, 0xFB, 0xE0, 0x2F, 0x00, 0x3E, 0xF8, 0x0F, 0x40, 0x0F, 0xBE, 0x0F, 0x80, 0x03, 0xEF, 0x87,
    0xC0, 0x00, 0xFB, 0xE3, 0xD0, 0x00, 0x3E, 0xFA, 0xF0, 0x00, 0x0F, 0xBF, 0xF0, 0x00, 0x03, 0xEF,
    0xF8, 0x00, 0x00, 0xFB, 0xFC, 0x00, 0x00, 0x3E, 0xFD, 0x00, 0x00, 0x0F, 0x80, 0x00, 0xA0, 0x06,
    0x40, 0x00, 0x3F, 0x47, 0xE0, 0x00, 0x07, 0xFF, 0xF0, 0x00, 0x00, 0x2F, 0xE0, 0x00, 0x00, 0x00,
    0x00, 0x00, 0x00, 0x00, 0x00, 0x00, 0x0F, 0x80, 0x00, 0x02, 0xFB, 0xE0, 0x00, 0x01, 0xFE, 0xF8,
    0x00, 0x00, 0xFF, 0xBE, 0x00, 0x00, 0xBF, 0xEF, 0x80, 0x00, 0x3D, 0xFB, 0xE0, 0x00, 0x3E, 0x3E,
    0xF8, 0x00, 0x1F, 0x0F, 0xBE, 0x00, 0x0F, 0x43, 0xEF, 0x80, 0x0B, 0xC0, 0xFB, 0xE0, 0x07, 0xC0,
    0x3E, 0xF8, 0x03, 0xE0, 0x0F, 0xBE, 0x02, 0xF0, 0x03, 0xEF, 0x80, 0xF4, 0x00, 0xFB, 0xE0, 0xF8,
    0x00, 0x3E, 0xF8, 0x7C, 0x00, 0x0F, 0xBE, 0x3D, 0x00, 0x03, 0xEF, 0xAF, 0x00, 0x00, 0xFB, 0xFF,
    0x00, 0x00, 0x3E, 0xFF, 0x80, 0x00, 0x0F, 0xBF, 0xC0, 0x00, 0x03, 0xEF, 0xD0, 0x00, 0x00, 0xF8,
    0xF8, 0x00, 0x02, 0xF0, 0xF8, 0x00, 0x07, 0xE0, 0xF8, 0x00, 0x0F, 0xC0, 0xF8, 0x00, 0x2F, 0x00,
    0xF8, 0x00, 0x7E, 0x00, 0xF8, 0x00, 0xFC, 0x00, 0xF8, 0x02, 0xF0, 0x00, 0xF8, 0x07, 0xE0, 0x00,
    0xF8, 0x0F, 0xC0, 0x00, 0xFF, 0xFF, 0x00, 0x00, 0xFF, 0xFF, 0x00, 0x00, 0xFD, 0x5F, 0xC0, 0x00,
    0xF8, 0x0B, 0xE0, 0x00, 0xF8, 0x03, 0xF0, 0x00, 0xF8, 0x01, 0xFC, 0x00, 0xF8, 0x00, 0xBD, 0x00,
    0xF8, 0x00, 0x3F, 0x00, 0xF8, 0x00, 0x1F, 0xC0, 0xF8, 0x00, 0x0B, 0xD0, 0xF8, 0x00, 0x03, 0xF0,
    0xF8, 0x00, 0x01, 0xFC, 0x00, 0x3F, 0xFF, 0xFF, 0xF0, 0x03, 0xFF, 0xFF, 0xFF, 0x00, 0x3F, 0x00,
    0x03, 0xF0, 0x03, 0xE0, 0x00, 0x2F, 0x00, 0x3E, 0x00, 0x02, 0xF0, 0x03, 0xE0, 0x00, 0x2F, 0x00,
    0x3E, 0x00, 0x02, 0xF0, 0x03, 0xE0, 0x00, 0x2F, 0x00, 0x3E, 0x00, 0x02, 0xF0, 0x03, 0xE0, 0x00,
    0x2F, 0x00, 0x3E, 0x00, 0x02, 0xF0, 0x03, 0xE0, 0x00, 0x2F, 0x00, 0x3E, 0x00, 0x02, 0xF0, 0x03,
    0xD0, 0x00, 0x2F, 0x00, 0x3D, 0x00, 0x02, 0xF0, 0x03, 0xD0, 0x00, 0x2F, 0x00, 0x7C, 0x00, 0x02,
    0xF0, 0x0F, 0xC0, 0x00, 0x2F, 0x02, 0xF4, 0x00, 0x02, 0xFB, 0xFF, 0x00, 0x00, 0x2F, 0xBF, 0x80,
    0x00, 0x02, 0xF0, 0xFF, 0x40, 0x00, 0x00, 0x3F, 0xFF, 0xF0, 0x00, 0x00, 0x2F, 0xFF, 0xFC, 0x00,
    0x00, 0x0F, 0xFF, 0xEF, 0x80, 0x00, 0x07, 0xEF, 0xFA, 0xF0, 0x00, 0x02, 0xDB, 0xFE, 0x3C, 0x00,
    0x00, 0xF2, 0xFF, 0x8F, 0x80, 0x00, 0x7C, 0xBF, 0xE1, 0xF0, 0x00, 0x3D, 0x2F, 0xF8, 0x3D, 0x00,
    0x0F, 0x0B, 0xFE, 0x0F, 0x80, 0x0B, 0x82, 0xFF, 0x81, 0xF0, 0x03, 0xD0, 0xBF, 0xE0, 0x3D, 0x01,
    0xF0, 0x2F, 0xF8, 0x0B, 0xC0, 0xB8, 0x0B, 0xFE, 0x01, 0xF0, 0x3C, 0x02, 0xFF, 0x80, 0x3E, 0x1F,
    0x00, 0xBF, 0xE0, 0x0B, 0xCF, 0x80, 0x2F, 0xF8, 0x00, 0xF7, 0xC0, 0x0B, 0xFE, 0x00, 0x3F, 0xF0,
    0x02, 0xFF, 0x80, 0x0B, 0xF4, 0x00, 0xBF, 0xE0, 0x00, 0xFC, 0x00, 0x2F, 0xF8, 0x00, 0x3E, 0x00,
    0x0B, 0xC0, 0xF8, 0x00, 0x00, 0x2F, 0xF8, 0x00, 0x00, 0x2F, 0xF8, 0x00, 0x00, 0x2F, 0xF8, 0x00,
    0x00, 0x2F, 0xF8, 0x00, 0x00, 0x2F, 0xF8, 0x00, 0x00, 0x2F, 0xF8, 0x00, 0x00, 0x2F, 0xF8, 0x00,
    0x00, 0x2F, 0xF8, 0x00, 0x00, 0x2F, 0xFF, 0xFF, 0xFF, 0xFF, 0xFF, 0xFF, 0xFF, 0xFF, 0xFC, 0x00,
    0x00, 0x3F, 0xF8, 0x00, 0x00, 0x2F, 0xF8, 0x00, 0x00, 0x2F, 0xF8, 0x00, 0x00, 0x2F, 0xF8, 0x00,
    0x00, 0x2F, 0xF8, 0x00, 0x00, 0x2F, 0xF8, 0x00, 0x00, 0x2F, 0xF8, 0x00, 0x00, 0x2F, 0xF8, 0x00,
    0x00, 0x2F, 0xF8, 0x00, 0x00, 0x2F, 0x00, 0x1B, 0xFF, 0x80, 0x00, 0x03, 0xFF, 0xFF, 0xE0, 0x00,
    0x7F, 0x90, 0x1F, 0xF0, 0x03, 0xF4, 0x00, 0x07, 0xF0, 0x2F, 0x40, 0x00, 0x0B, 0xD0, 0xF8, 0x00,
    0x00, 0x0F, 0xC7, 0xD0, 0x00, 0x00, 0x2F, 0x2F, 0x00, 0x00, 0x00, 0x7D, 0xFC, 0x00, 0x00, 0x00,
    0xFB, 0xF0, 0x00, 0x00, 0x03, 0xEF, 0x80, 0x00, 0x00, 0x0F, 0xBF, 0x00, 0x00, 0x00, 0x3E, 0xFC,
    0x00, 0x00, 0x00, 0xFA, 0xF0, 0x00, 0x00, 0x07, 0xD7, 0xD0, 0x00, 0x00, 0x2F, 0x0F, 0x80, 0x00,
    0x00, 0xFC, 0x2F, 0x40, 0x00, 0x0B, 0xD0, 0x3F, 0x40, 0x00, 0x7F, 0x00, 0x3F, 0x90, 0x1F, 0xF0,
    0x00, 0x3F, 0xFF, 0xFE, 0x00, 0x00, 0x1B, 0xFF, 0x80, 0x00, 0xFF, 0xFF, 0xFF, 0xFE, 0xFF, 0xFF,
    0xFF, 0xFE, 0xFC, 0x00, 0x00, 0x3E, 0xF8, 0x00, 0x00, 0x3E, 0xF8, 0x00, 0x00, 0x3E, 0xF8, 0x00,
    0x00, 0x3E, 0xF8, 0x00, 0x00, 0x3E, 0xF8, 0x00, 0x00, 0x3E, 0xF8, 0x00, 0x00, 0x3E, 0xF8, 0x00,
    0x00, 0x3E, 0xF8, 0x00, 0x00, 0x3E, 0xF8, 0x00, 0x00, 0x3E, 0xF8, 0x00, 0x00, 0x3E, 0xF8, 0x00,
    0x00, 0x3E, 0xF8, 0x00, 0x00, 0x3E, 0xF8, 0x00, 0x00, 0x3E, 0xF8, 0x00, 0x00, 0x3E, 0xF8, 0x00,
    0x00, 0x3E, 0xF8, 0x00, 0x00, 0x3E, 0xF8, 0x00, 0x00, 0x3E, 0xF8, 0x00, 0x00, 0x3E, 0xFF, 0xFF,
    0x90, 0x3F, 0xFF, 0xFF, 0x0F, 0xC0, 0x1F, 0xF3, 0xE0, 0x00, 0xBD, 0xF8, 0x00, 0x0F, 0xFE, 0x00,
    0x03, 0xFF, 0x80, 0x00, 0xBF, 0xE0, 0x00, 0x3F, 0xF8, 0x00, 0x0F, 0xBE, 0x00, 0x0B, 0xDF, 0xC0,
    0x5F, 0xE3, 0xFF, 0xFF, 0xE0, 0xFF, 0xFF, 0x80, 0x3E, 0x00, 0x00, 0x0F, 0x80, 0x00, 0x03, 0xE0,
    0x00, 0x00, 0xF8, 0x00, 0x00, 0x3E, 0x00, 0x00, 0x0F, 0x80, 0x00, 0x03, 0xE0, 0x00, 0x00, 0xF8,
    0x00, 0x00, 0x00, 0x00, 0x0B, 0xFF, 0xE0, 0x00, 0xBF, 0xFF, 0xFD, 0x03, 0xFD, 0x41, 0xBC, 0x0F,
    0xD0, 0x00, 0x00, 0x2F, 0x40, 0x00, 0x00, 0x3F, 0x00, 0x00, 0x00, 0x7D, 0x00, 0x00, 0x00, 0xBC,
    0x00, 0x00, 0x00, 0xFC, 0x00, 0x00, 0x00, 0xFC, 0x00, 0x00, 0x00, 0xF8, 0x00, 0x00, 0x00, 0xFC,
    0x00, 0x00, 0x00, 0xFC, 0x00, 0x00, 0x00, 0xBC, 0x00, 0x00, 0x00, 0xBD, 0x00, 0x00, 0x00, 0x3F,
    0x00, 0x00, 0x00, 0x3F, 0x40, 0x00, 0x00, 0x0F, 0xD0, 0x00, 0x00, 0x07, 0xFD, 0x41, 0x6C, 0x00,
    0xFF, 0xFF, 0xFC, 0x00, 0x1B, 0xFF, 0xE4, 0xFF, 0xFF, 0xFF, 0xFF, 0xFF, 0xFF, 0xFF, 0xFF, 0x00,
    0x0F, 0xC0, 0x00, 0x00, 0x0B, 0xC0, 0x00, 0x00, 0x0B, 0xC0, 0x00, 0x00, 0x0B, 0xC0, 0x00, 0x00,
    0x0B, 0xC0, 0x00, 0x00, 0x0B, 0xC0, 0x00, 0x00, 0x0B, 0xC0, 0x00, 0x00, 0x0B, 0xC0, 0x00, 0x00,
    0x0B, 0xC0, 0x00, 0x00, 0x0B, 0xC0, 0x00, 0x00, 0x0B, 0xC0, 0x00, 0x00, 0x0B, 0xC0, 0x00, 0x00,
    0x0B, 0xC0, 0x00, 0x00, 0x0B, 0xC0, 0x00, 0x00, 0x0B, 0xC0, 0x00, 0x00, 0x0B, 0xC0, 0x00, 0x00,
    0x0B, 0xC0, 0x00, 0x00, 0x0B, 0xC0, 0x00, 0x00, 0x0B, 0xC0, 0x00, 0x3F, 0x00, 0x00, 0x02, 0xF0,
    0x7D, 0x00, 0x00, 0x0F, 0x80, 0xFC, 0x00, 0x00, 0x7D, 0x02, 0xF4, 0x00, 0x03, 0xF0, 0x03, 0xF0,
    0x00, 0x1F, 0x40, 0x0B, 0xD0, 0x00, 0xFC, 0x00, 0x0F, 0xC0, 0x03, 0xE0, 0x00, 0x2F, 0x40, 0x2F,
    0x00, 0x00, 0x3E, 0x00, 0xF8, 0x00, 0x00, 0xBC, 0x07, 0xC0, 0x00, 0x00, 0xF8, 0x3E, 0x00, 0x00,
    0x02, 0xF1, 0xF4, 0x00, 0x00, 0x03, 0xEB, 0xC0, 0x00, 0x00, 0x0B, 0xFD, 0x00, 0x00, 0x00, 0x0F,
    0xF0, 0x00, 0x00, 0x00, 0x2F, 0x80, 0x00, 0x00, 0x00, 0xFC, 0x00, 0x00, 0x00, 0x07, 0xD0, 0x00,
    0x00, 0x10, 0xBF, 0x00, 0x00, 0x00, 0xFF, 0xF0, 0x00, 0x00, 0x03, 0xFE, 0x00, 0x00, 0x00, 0x00,
    0x00, 0x3E, 0x00, 0x00, 0x00, 0x00, 0x0F, 0x80, 0x00, 0x00, 0x02, 0xFF, 0xFF, 0x90, 0x00, 0x0B,
    0xFF, 0xFF, 0xFF, 0x80, 0x0F, 0xF5, 0x3F, 0x1B, 0xF8, 0x0F, 0xD0, 0x0F, 0x80, 0x2F, 0x87, 0xE0,
    0x03, 0xE0, 0x03, 0xF2, 0xF0, 0x00, 0xF8, 0x00, 0x7D, 0xFC, 0x00, 0x3E, 0x00, 0x0F, 0xBE, 0x00,
    0x0F, 0x80, 0x03, 0xEF, 0x80, 0x03, 0xE0, 0x00, 0xFB, 0xF0, 0x00, 0xF8, 0x00, 0x3E, 0xBC, 0x00,
    0x3E, 0x00, 0x1F, 0x5F, 0x80, 0x0F, 0x80, 0x0F, 0xC3, 0xF4, 0x03, 0xE0, 0x0B, 0xE0, 0x3F, 0x90,
    0xF8, 0x1F, 0xF0, 0x03, 0xFF, 0xFF, 0xFF, 0xE0, 0x00, 0x1B, 0xFF, 0xFF, 0x80, 0x00, 0x00, 0x03,
    0xF0, 0x00, 0x00, 0x00, 0x00, 0xF8, 0x00, 0x00, 0x00, 0x00, 0x3E, 0x00, 0x00, 0x00, 0x3F, 0x00,
    0x00, 0x1F, 0x40, 0xF8, 0x00, 0x03, 0xE0, 0x0B, 0xD0, 0x00, 0xBC, 0x00, 0x3F, 0x00, 0x1F, 0x40,
    0x00, 0xF4, 0x03, 0xE0, 0x00, 0x0B, 0xC0, 0xBC, 0x00, 0x00, 0x3E, 0x0F, 0x40, 0x00, 0x01, 0xF6,
    0xF0, 0x00, 0x00, 0x0B, 0xFC, 0x00, 0x00, 0x00, 0x3F, 0x40, 0x00, 0x00, 0x03, 0xF4, 0x00, 0x00,
    0x00, 0xBF, 0xC0, 0x00, 0x00, 0x0F, 0x7E, 0x00, 0x00, 0x03, 0xE1, 0xF4, 0x00, 0x00, 0x7C, 0x0B,
    0xC0, 0x00, 0x0F, 0x40, 0x3E, 0x00, 0x02, 0xF0, 0x02, 0xF0, 0x00, 0x7D, 0x00, 0x0F, 0xC0, 0x0F,
    0x80, 0x00, 0x7E, 0x02, 0xF0, 0x00, 0x03, 0xF0, 0x7E, 0x00, 0x00, 0x0F, 0xC0, 0xF8, 0x00, 0x00,
    0x3E, 0x03, 0xE0, 0x00, 0x00, 0xF8, 0x0F, 0x80, 0x00, 0x03, 0xE0, 0x3E, 0x00, 0x00, 0x0F, 0x80,
    0xF8, 0x00, 0x00, 0x3E, 0x03, 0xE0, 0x00, 0x00, 0xF8, 0x0F, 0x80, 0x00, 0x03, 0xE0, 0x3E, 0x00,
    0x00, 0x0F, 0x80, 0xF8, 0x00, 0x00, 0x3E, 0x03, 0xE0, 0x00, 0x00, 0xF8, 0x0F, 0x80, 0x00, 0x03,
    0xE0, 0x3E, 0x00, 0x00, 0x0F, 0x80, 0xF8, 0x00, 0x00, 0x3E, 0x03, 0xE0, 0x00, 0x00, 0xF8, 0x0F,
    0x80, 0x00, 0x03, 0xE0, 0x3E, 0x00, 0x00, 0x0F, 0x80, 0xF8, 0x00, 0x00, 0x3E, 0x03, 0xE0, 0x00,
    0x00, 0xF8, 0x0F, 0xD5, 0x55, 0x57, 0xF5, 0x3F, 0xFF, 0xFF, 0xFF, 0xFE, 0xFF, 0xFF, 0xFF, 0xFF,
    0xF8, 0x00, 0x00, 0x00, 0x03, 0xE0, 0x00, 0x00, 0x00, 0x0F, 0x80, 0x00, 0x00, 0x00, 0x3E, 0x00,
    0x00, 0x00, 0x00, 0xF8, 0x00, 0x00, 0x00, 0x02, 0x90, 0xF8, 0x00, 0x00, 0xFB, 0xE0, 0x00, 0x03,
    0xEF, 0x80, 0x00, 0x0F, 0xBE, 0x00, 0x00, 0x3E, 0xF8, 0x00, 0x00, 0xFB, 0xE0, 0x00, 0x03, 0xEF,
    0x80, 0x00, 0x0F, 0xBF, 0x00, 0x00, 0x3E, 0xFC, 0x00, 0x00, 0xFA, 0xF4, 0x00, 0x03, 0xE3, 0xF9,
    0x01, 0xBF, 0x87, 0xFF, 0xFF, 0xFE, 0x02, 0xFF, 0xE9, 0xF8, 0x00, 0x00, 0x03, 0xE0, 0x00, 0x00,
    0x0F, 0x80, 0x00, 0x00, 0x3E, 0x00, 0x00, 0x00, 0xF8, 0x00, 0x00, 0x03, 0xE0, 0x00, 0x00, 0x0F,
    0x80, 0x00, 0x00, 0x3E, 0x00, 0x00, 0x00, 0xF8, 0xF8, 0x00, 0x03, 0xE0, 0x00, 0x0F, 0xBE, 0x00,
    0x00, 0xF8, 0x00, 0x03, 0xEF, 0x80, 0x00, 0x3E, 0x00, 0x00, 0xFB, 0xE0, 0x00, 0x0F, 0x80, 0x00,
    0x3E, 0xF8, 0x00, 0x03, 0xE0, 0x00, 0x0F, 0xBE, 0x00, 0x00, 0xF8, 0x00, 0x03, 0xEF, 0x80, 0x00,
    0x3E, 0x00, 0x00, 0xFB, 0xE0, 0x00, 0x0F, 0x80, 0x00, 0x3E, 0xF8, 0x00, 0x03, 0xE0, 0x00, 0x0F,
    0xBE, 0x00, 0x00, 0xF8, 0x00, 0x03, 0xEF, 0x80, 0x00, 0x3E, 0x00, 0x00, 0xFB, 0xE0, 0x00, 0x0F,
    0x80, 0x00, 0x3E, 0xF8, 0x00, 0x03, 0xE0, 0x00, 0x0F, 0xBE, 0x00, 0x00, 0xF8, 0x00, 0x03, 0xEF,
    0x80, 0x00, 0x3E, 0x00, 0x00, 0xFB, 0xE0, 0x00, 0x0F, 0x80, 0x00, 0x3E, 0xF8, 0x00, 0x03, 0xE0,
    0x00, 0x0F, 0xBE, 0x00, 0x00, 0xF8, 0x00, 0x03, 0xEF, 0xD5, 0x55, 0x7F, 0x55, 0x55, 0xFB, 0xFF,
    0xFF, 0xFF, 0xFF, 0xFF, 0xFE, 0xFF, 0xFF, 0xFF, 0xFF, 0xFF, 0xFF, 0x80, 0xF8, 0x00, 0x0B, 0xC0,
    0x00, 0x2F, 0x03, 0xE0, 0x00, 0x2F, 0x00, 0x00, 0xBC, 0x0F, 0x80, 0x00, 0xBC, 0x00, 0x02, 0xF0,
    0x3E, 0x00, 0x02, 0xF0, 0x00, 0x0B, 0xC0, 0xF8, 0x00, 0x0B, 0xC0, 0x00, 0x2F, 0x03, 0xE0, 0x00,
    0x2F, 0x00, 0x00, 0xBC, 0x0F, 0x80, 0x00, 0xBC, 0x00, 0x02, 0xF0, 0x3E, 0x00, 0x02, 0xF0, 0x00,
    0x0B, 0xC0, 0xF8, 0x00, 0x0B, 0xC0, 0x00, 0x2F, 0x03, 0xE0, 0x00, 0x2F, 0x00, 0x00, 0xBC, 0x0F,
    0x80, 0x00, 0xBC, 0x00, 0x02, 0xF0, 0x3E, 0x00, 0x02, 0xF0, 0x00, 0x0B, 0xC0, 0xF8, 0x00, 0x0B,
    0xC0, 0x00, 0x2F, 0x03, 0xE0, 0x00, 0x2F, 0x00, 0x00, 0xBC, 0x0F, 0x80, 0x00, 0xBC, 0x00, 0x02,
    0xF0, 0x3E, 0x00, 0x02, 0xF0, 0x00, 0x0B, 0xC0, 0xF8, 0x00, 0x0B, 0xC0, 0x00, 0x2F, 0x03, 0xE0,
    0x00, 0x2F, 0x00, 0x00, 0xBC, 0x0F, 0xD5, 0x55, 0xFD, 0x55, 0x57, 0xF5, 0x7F, 0xFF, 0xFF, 0xFF,
    0xFF, 0xFF, 0xFF, 0xFF, 0xFF, 0xFF, 0xFF, 0xFF, 0xFF, 0xFC, 0x00, 0x00, 0x00, 0x00, 0x00, 0x02,
    0xF0, 0x00, 0x00, 0x00, 0x00, 0x00, 0x0B, 0xC0, 0x00, 0x00, 0x00, 0x00, 0x00, 0x2F, 0x00, 0x00,
    0x00, 0x00, 0x00, 0x00, 0xBC, 0x00, 0x00, 0x00, 0x00, 0x00, 0x01, 0xA0, 0xFF, 0xFE, 0x00, 0x00,
    0x0F, 0xFF, 0xE0, 0x00, 0x00, 0x00, 0x3E, 0x00, 0x00, 0x00, 0x03, 0xE0, 0x00, 0x00, 0x00, 0x3E,
    0x00, 0x00, 0x00, 0x03, 0xE0, 0x00, 0x00, 0x00, 0x3E, 0x00, 0x00, 0x00, 0x03, 0xE0, 0x00, 0x00,
    0x00, 0x3F, 0xFF, 0xE4, 0x00, 0x03, 0xFF, 0xFF, 0xF0, 0x00, 0x3F, 0x00, 0x7F, 0xC0, 0x03, 0xE0,
    0x00, 0xBD, 0x00, 0x3E, 0x00, 0x03, 0xF0, 0x03, 0xE0, 0x00, 0x3F, 0x00, 0x3E, 0x00, 0x02, 0xF0,
    0x03, 0xE0, 0x00, 0x3F, 0x00, 0x3E, 0x00, 0x03, 0xE0, 0x03, 0xE0, 0x00, 0xBD, 0x00, 0x3F, 0x00,
    0x7F, 0xC0, 0x03, 0xFF, 0xFF, 0xE0, 0x00, 0x3F, 0xFF, 0xE0, 0x00, 0xF8, 0x00, 0x00, 0x00, 0xBF,
    0xE0, 0x00, 0x00, 0x02, 0xFF, 0x80, 0x00, 0x00, 0x0B, 0xFE, 0x00, 0x00, 0x00, 0x2F, 0xF8, 0x00,
    0x00, 0x00, 0xBF, 0xE0, 0x00, 0x00, 0x02, 0xFF, 0x80, 0x00, 0x00, 0x0B, 0xFE, 0x00, 0x00, 0x00,
    0x2F, 0xFF, 0xFF, 0x90, 0x00, 0xBF, 0xFF, 0xFF, 0xF0, 0x02, 0xFF, 0xC0, 0x1F, 0xF0, 0x0B, 0xFE,
    0x00, 0x0B, 0xD0, 0x2F, 0xF8, 0x00, 0x0F, 0xC0, 0xBF, 0xE0, 0x00, 0x3F, 0x02, 0xFF, 0x80, 0x00,
    0xBC, 0x0B, 0xFE, 0x00, 0x03, 0xF0, 0x2F, 0xF8, 0x00, 0x0F, 0x80, 0xBF, 0xE0, 0x00, 0xBD, 0x02,
    0xFF, 0xD5, 0x6F, 0xF0, 0x0B, 0xFF, 0xFF, 0xFE, 0x00, 0x2F, 0xFF, 0xFF, 0x90, 0x00, 0xBC, 0xF8,
    0x00, 0x00, 0x3E, 0x00, 0x00, 0x0F, 0x80, 0x00, 0x03, 0xE0, 0x00, 0x00, 0xF8, 0x00, 0x00, 0x3E,
    0x00, 0x00, 0x0F, 0x80, 0x00, 0x03, 0xE0, 0x00, 0x00, 0xFF, 0xFF, 0x90, 0x3F, 0xFF, 0xFF, 0x0F,
    0xC0, 0x1F, 0xF3, 0xE0, 0x00, 0xBD, 0xF8, 0x00, 0x0F, 0xFE, 0x00, 0x03, 0xFF, 0x80, 0x00, 0xBF,
    0xE0, 0x00, 0x3F, 0xF8, 0x00, 0x0F, 0xBE, 0x00, 0x0B, 0xDF, 0xD5, 0x6F, 0xF3, 0xFF, 0xFF, 0xE0,
    0xFF, 0xFF, 0x80, 0x00, 0x06, 0xFF, 0xE4, 0x00, 0x0F, 0xFF, 0xFF, 0xE0, 0x02, 0xE4, 0x06, 0xFF,
    0x00, 0x00, 0x00, 0x0F, 0xE0, 0x00, 0x00, 0x00, 0xFD, 0x00, 0x00, 0x00, 0x0F, 0xC0, 0x00, 0x00,
    0x02, 0xF0, 0x00, 0x00, 0x00, 0x7D, 0x00, 0x00, 0x00, 0x1F, 0x80, 0x7F, 0xFF, 0xFF, 0xE0, 0x1F,
    0xFF, 0xFF, 0xF8, 0x00, 0x00, 0x00, 0x3E, 0x00, 0x00, 0x00, 0x0F, 0x80, 0x00, 0x00, 0x07, 0xD0,
    0x00, 0x00, 0x02, 0xF0, 0x00, 0x00, 0x00, 0xFC, 0x00, 0x00, 0x00, 0xBD, 0x00, 0x00, 0x00, 0xBE,
    0x03, 0x94, 0x06, 0xFE, 0x00, 0xFF, 0xFF, 0xFD, 0x00, 0x1B, 0xFF, 0xE4, 0x00, 0x00, 0xF8, 0x00,
    0x01, 0xBF, 0xF9, 0x00, 0x3E, 0x00, 0x02, 0xFF, 0xFF, 0xE0, 0x0F, 0x80, 0x03, 0xFD, 0x01, 0xFF,
    0x03, 0xE0, 0x03, 0xF4, 0x00, 0x07, 0xF0, 0xF8, 0x02, 0xF4, 0x00, 0x00, 0x7D, 0x3E, 0x00, 0xFC,
    0x00, 0x00, 0x0F, 0xCF, 0x80, 0x7E, 0x00, 0x00, 0x02, 0xF3, 0xE0, 0x2F, 0x40, 0x00, 0x00, 0x7D,
    0xFC, 0x0B, 0xC0, 0x00, 0x00, 0x0F, 0xBF, 0xFF, 0xF0, 0x00, 0x00, 0x03, 0xEF, 0xFF, 0xFC, 0x00,
    0x00, 0x00, 0xFB, 0xE0, 0x2F, 0x00, 0x00, 0x00, 0x3E, 0xF8, 0x0B, 0xC0, 0x00, 0x00, 0x0F, 0xBE,
    0x02, 0xF4, 0x00, 0x00, 0x07, 0xDF, 0x80, 0x7E, 0x00, 0x00, 0x02, 0xF3, 0xE0, 0x0F, 0xC0, 0x00,
    0x00, 0xFC, 0xF8, 0x02, 0xF8, 0x00, 0x00, 0xBD, 0x3E, 0x00, 0x3F, 0x40, 0x00, 0x7F, 0x0F, 0x80,
    0x03, 0xFD, 0x01, 0xFF, 0x03, 0xE0, 0x00, 0x3F, 0xFF, 0xFE, 0x00, 0xF8, 0x00, 0x01, 0xBF, 0xF8,
    0x00, 0x00, 0x00, 0x1B, 0xFF, 0xFE, 0x00, 0xFF, 0xFF, 0xFE, 0x03, 0xFD, 0x00, 0x3E, 0x0B, 0xE0,
    0x00, 0x3E, 0x0F, 0xC0, 0x00, 0x3E, 0x0F, 0x80, 0x00, 0x3E, 0x0F, 0xC0, 0x00, 0x3E, 0x0F, 0xC0,
    0x00, 0x3E, 0x07, 0xE0, 0x00, 0x3E, 0x03, 0xF9, 0x00, 0x3E, 0x00, 0xFF, 0xFF, 0xFE, 0x00, 0x1F,
    0xFF, 0xFE, 0x00, 0x0F, 0xC0, 0x3E, 0x00, 0x2F, 0x40, 0x3E, 0x00, 0x3F, 0x00, 0x3E, 0x00, 0xFC,
    0x00, 0x3E, 0x01, 0xF8, 0x00, 0x3E, 0x03, 0xF0, 0x00, 0x3E, 0x0B, 0xD0, 0x00, 0x3E, 0x1F, 0x80,
    0x00, 0x3E, 0x3F, 0x00, 0x00, 0x3E, 0x06, 0xFF, 0xE0, 0x0B, 0xFF, 0xFF, 0x41, 0xE4, 0x07, 0xF0,
    0x00, 0x00, 0x7D, 0x00, 0x00, 0x0F, 0x80, 0x00, 0x03, 0xE0, 0x1B, 0xFF, 0xF8, 0x7F, 0xFF, 0xFE,
    0x3F, 0x90, 0x0F, 0xAF, 0x40, 0x03, 0xEF, 0xC0, 0x00, 0xFB, 0xE0, 0x00, 0x7E, 0xFC, 0x00, 0x3F,
    0xAF, 0xD0, 0x7F, 0xE3, 0xFF, 0xFC, 0xB8, 0x2F, 0xF4, 0x1E, 0x00, 0x00, 0x00, 0x00, 0x00, 0x06,
    0xBF, 0x80, 0x02, 0xFF, 0xFE, 0x00, 0xBF, 0xFA, 0x50, 0x0B, 0xF4, 0x00, 0x00, 0x3E, 0x00, 0x00,
    0x02, 0xE0, 0x00, 0x00, 0x0F, 0x00, 0x00, 0x00, 0x7C, 0x2F, 0xF8, 0x02, 0xEB, 0xFF, 0xFD, 0x0F,
    0xFD, 0x06, 0xFD, 0x3F, 0xC0, 0x01, 0xFC, 0xFD, 0x00, 0x02, 0xF7, 0xF0, 0x00, 0x07, 0xEF, 0xC0,
    0x00, 0x0F, 0xBE, 0x00, 0x00, 0x3E, 0xFC, 0x00, 0x00, 0xFA, 0xF0, 0x00, 0x03, 0xE7, 0xC0, 0x00,
    0x1F, 0x4F, 0x80, 0x00, 0xFC, 0x2F, 0x00, 0x07, 0xE0, 0x3F, 0x81, 0xBF, 0x00, 0x3F, 0xFF, 0xF0,
    0x00, 0x1F, 0xF9, 0x00, 0xFF, 0xFF, 0xD0, 0x3F, 0xFF, 0xFF, 0x0F, 0xC0, 0x1B, 0xE3, 0xE0, 0x00,
    0xFC, 0xF8, 0x00, 0x2F, 0x3E, 0x00, 0x0F, 0xCF, 0xC0, 0x1F, 0xC3, 0xFF, 0xFF, 0x80, 0xFF, 0xFF,
    0xF8, 0x3E, 0x00, 0x1F, 0xCF, 0x80, 0x00, 0xFB, 0xE0, 0x00, 0x3E, 0xF8, 0x00, 0x1F, 0xBF, 0x00,
    0x1F, 0xCF, 0xFF, 0xFF, 0xD3, 0xFF, 0xFF, 0x80, 0xFF, 0xFF, 0xEF, 0xFF, 0xFE, 0xFC, 0x00, 0x0F,
    0x80, 0x00, 0xF8, 0x00, 0x0F, 0x80, 0x00, 0xF8, 0x00, 0x0F, 0x80, 0x00, 0xF8, 0x00, 0x0F, 0x80,
    0x00, 0xF8, 0x00, 0x0F, 0x80, 0x00, 0xF8, 0x00, 0x0F, 0x80, 0x00, 0xF8, 0x00, 0x0F, 0x80, 0x00,
    0x00, 0xFF, 0xFF, 0xF8, 0x00, 0x3F, 0xFF, 0xFE, 0x00, 0x0F, 0xC0, 0x0F, 0x80, 0x03, 0xE0, 0x03,
    0xE0, 0x00, 0xF8, 0x00, 0xF8, 0x00, 0x3E, 0x00, 0x3E, 0x00, 0x0F, 0x80, 0x0F, 0x80, 0x03, 0xD0,
    0x03, 0xE0, 0x01, 0xF4, 0x00, 0xF8, 0x00, 0x7C, 0x00, 0x3E, 0x00, 0x2F, 0x00, 0x0F, 0x80, 0x0F,
    0x80, 0x03, 0xE0, 0x07, 0xC0, 0x00, 0xF8, 0x03, 0xE0, 0x00, 0x3F, 0x0F, 0xFF, 0xFF, 0xFF, 0xFF,
    0xFF, 0xFF, 0xFF, 0xFF, 0xF8, 0x00, 0x00, 0x0B, 0xFE, 0x00, 0x00, 0x02, 0xFF, 0x80, 0x00, 0x00,
    0xBF, 0xE0, 0x00, 0x00, 0x2F, 0x00, 0xBF, 0xD0, 0x01, 0xFF, 0xFF, 0x01, 0xF9, 0x0B, 0xF0, 0xF8,
    0x00, 0x7D, 0x7C, 0x00, 0x0F, 0xAF, 0x00, 0x02, 0xFF, 0xFF, 0xFF, 0xFF, 0xFF, 0xFF, 0xFF, 0xFC,
    0x00, 0x00, 0x3F, 0x00, 0x00, 0x0B, 0xC0, 0x00, 0x01, 0xF4, 0x00, 0x00, 0x3F, 0x00, 0x00, 0x07,
    0xF8, 0x06, 0xD0, 0x7F, 0xFF, 0xF4, 0x02, 0xFF, 0xE4, 0x3F, 0x00, 0x0F, 0x80, 0x07, 0xD0, 0x3D,
    0x00, 0x3E, 0x00, 0x3E, 0x00, 0xBC, 0x00, 0xF8, 0x02, 0xF0, 0x00, 0xF8, 0x03, 0xE0, 0x1F, 0x40,
    0x00, 0xF4, 0x0F, 0x80, 0xF8, 0x00, 0x02, 0xF0, 0x3E, 0x0B, 0xC0, 0x00, 0x03, 0xE0, 0xFC, 0x7D,
    0x00, 0x00, 0x07, 0xFF, 0xFF, 0xF0, 0x00, 0x00, 0x2F, 0xFF, 0xFF, 0xC0, 0x00, 0x01, 0xF8, 0x3E,
    0x0F, 0xC0, 0x00, 0x0F, 0xC0, 0xF8, 0x1F, 0x40, 0x00, 0xBD, 0x03, 0xE0, 0x3F, 0x00, 0x07, 0xE0,
    0x0F, 0x80, 0x3F, 0x00, 0x3F, 0x00, 0x3E, 0x00, 0x7D, 0x02, 0xF4, 0x00, 0xF8, 0x00, 0xFC, 0x0F,
    0x80, 0x03, 0xE0, 0x00, 0xF8, 0x1B, 0xFF, 0x80, 0xBF, 0xFF, 0xF8, 0x79, 0x01, 0xFD, 0x00, 0x00,
    0x3E, 0x00, 0x00, 0x3E, 0x00, 0x00, 0x7D, 0x00, 0x06, 0xFC, 0x0B, 0xFF, 0xD0, 0x0B, 0xFF, 0xF4,
    0x00, 0x01, 0xFD, 0x00, 0x00, 0x3F, 0x00, 0x00, 0x2F, 0x00, 0x00, 0x3F, 0xE5, 0x01, 0xFE, 0xFF,
    0xFF, 0xF8, 0x6F, 0xFF, 0x80, 0xF8, 0x00, 0x2F, 0xFE, 0x00, 0x0F, 0xFF, 0x80, 0x0B, 0xFF, 0xE0,
    0x03, 0xFF, 0xF8, 0x02, 0xEB, 0xFE, 0x01, 0xF2, 0xFF, 0x80, 0xF4, 0xBF, 0xE0, 0x7C, 0x2F, 0xF8,
    0x3D, 0x0B, 0xFE, 0x1F, 0x02, 0xFF, 0x8F, 0x40, 0xBF, 0xE7, 0xC0, 0x2F, 0xFF, 0xD0, 0x0B, 0xFF,
    0xE0, 0x02, 0xFF, 0xF0, 0x00, 0xBF, 0xF8, 0x00, 0x2F, 0x06, 0x40, 0x64, 0x01, 0xF4, 0x7E, 0x00,
    0x3F, 0xFF, 0x00, 0x02, 0xFE, 0x00, 0x00, 0x00, 0x00, 0x00, 0x00, 0x00, 0x0F, 0x80, 0x02, 0xFF,
    0xE0, 0x00, 0xFF, 0xF8, 0x00, 0xBF, 0xFE, 0x00, 0x3F, 0xFF, 0x80, 0x2E, 0xBF, 0xE0, 0x1F, 0x2F,
    0xF8, 0x0F, 0x4B, 0xFE, 0x07, 0xC2, 0xFF, 0x83, 0xD0, 0xBF, 0xE1, 0xF0, 0x2F, 0xF8, 0xF4, 0x0B,
    0xFE, 0x7C, 0x02, 0xFF, 0xFD, 0x00, 0xBF, 0xFE, 0x00, 0x2F, 0xFF, 0x00, 0x0B, 0xFF, 0x80, 0x02,
    0xF0, 0xFC, 0x00, 0x2F, 0x3F, 0x00, 0x1F, 0x4F, 0xC0, 0x0F, 0x83, 0xF0, 0x0B, 0xC0, 0xFC, 0x07,
    0xD0, 0x3F, 0x03, 0xE0, 0x0F, 0xC2, 0xF0, 0x03, 0xFF, 0xF4, 0x00, 0xFF, 0xFE, 0x00, 0x3F, 0x07,
    0xD0, 0x0F, 0xC0, 0xFC, 0x03, 0xF0, 0x0F, 0x80, 0xFC, 0x01, 0xF4, 0x3F, 0x00, 0x3F, 0x0F, 0xC0,
    0x03, 0xE3, 0xF0, 0x00, 0xBD, 0x00, 0xFF, 0xFF, 0xFC, 0x03, 0xFF, 0xFF, 0xF0, 0x0F, 0xC0, 0x0F,
    0xC0, 0x3E, 0x00, 0x2F, 0x00, 0xF8, 0x00, 0xBC, 0x03, 0xE0, 0x02, 0xF0, 0x0F, 0x80, 0x0B, 0xC0,
    0x3E, 0x00, 0x2F, 0x00, 0xF8, 0x00, 0xBC, 0x03, 0xE0, 0x02, 0xF0, 0x1F, 0x80, 0x0B, 0xC0, 0x7D,
    0x00, 0x2F, 0x02, 0xF0, 0x00, 0xBC, 0x1F, 0xC0, 0x02, 0xFF, 0xFD, 0x00, 0x0B, 0xFF, 0xD0, 0x00,
    0x2F, 0xFF, 0x00, 0x00, 0x0F, 0xEF, 0xF4, 0x00, 0x02, 0xFE, 0xFF, 0xC0, 0x00, 0x3F, 0xEF, 0xFC,
    0x00, 0x07, 0xFE, 0xFA, 0xE0, 0x00, 0xFB, 0xEF, 0x9F, 0x00, 0x0F, 0x3E, 0xF8, 0xF4, 0x02, 0xE3,
    0xEF, 0x8B, 0xC0, 0x3D, 0x3E, 0xF8, 0x3C, 0x07, 0xC3, 0xEF, 0x83, 0xE0, 0xF4, 0x3E, 0xF8, 0x1F,
    0x0F, 0x03, 0xEF, 0x80, 0xF6, 0xE0, 0x3E, 0xF8, 0x0B, 0xFC, 0x03, 0xEF, 0x80, 0x3F, 0xC0, 0x3E,
    0xF8, 0x03, 0xF4, 0x03, 0xEF, 0x80, 0x1F, 0x00, 0x3E, 0xF8, 0x00, 0x0B, 0xFE, 0x00, 0x02, 0xFF,
    0x80, 0x00, 0xBF, 0xE0, 0x00, 0x2F, 0xF8, 0x00, 0x0B, 0xFE, 0x00, 0x02, 0xFF, 0xC0, 0x00, 0xFF,
    0xFF, 0xFF, 0xFF, 0xFF, 0xFF, 0xFF, 0xFE, 0x00, 0x02, 0xFF, 0x80, 0x00, 0xBF, 0xE0, 0x00, 0x2F,
    0xF8, 0x00, 0x0B, 0xFE, 0x00, 0x02, 0xFF, 0x80, 0x00, 0xBF, 0xE0, 0x00, 0x2F, 0x00, 0xBF, 0xE4,
    0x00, 0x1F, 0xFF, 0xFC, 0x01, 0xFD, 0x06, 0xFC, 0x0F, 0xC0, 0x01, 0xF8, 0x7D, 0x00, 0x02, 0xF2,
    0xF0, 0x00, 0x07, 0xDF, 0xC0, 0x00, 0x0F, 0xBE, 0x00, 0x00, 0x3E, 0xF8, 0x00, 0x00, 0xFB, 0xF0,
    0x00, 0x03, 0xEB, 0xC0, 0x00, 0x1F, 0x5F, 0x40, 0x00, 0xBC, 0x3F, 0x00, 0x07, 0xE0, 0x7F, 0x41,
    0xBF, 0x00, 0x7F, 0xFF, 0xF0, 0x00, 0x1F, 0xF9, 0x00, 0xFF, 0xFF, 0xFF, 0xBF, 0xFF, 0xFF, 0xEF,
    0xC0, 0x00, 0xFB, 0xE0, 0x00, 0x3E, 0xF8, 0x00, 0x0F, 0xBE, 0x00, 0x03, 0xEF, 0x80, 0x00, 0xFB,
    0xE0, 0x00, 0x3E, 0xF8, 0x00, 0x0F, 0xBE, 0x00, 0x03, 0xEF, 0x80, 0x00, 0xFB, 0xE0, 0x00, 0x3E,
    0xF8, 0x00, 0x0F, 0xBE, 0x00, 0x03, 0xEF, 0x80, 0x00, 0xFB, 0xE0, 0x00, 0x3E, 0xF4, 0x6F, 0xE4,
    0x0F, 0x5F, 0xFF, 0xE0, 0xFF, 0xD0, 0x7F, 0x8F, 0xE0, 0x00, 0xFC, 0xFC, 0x00, 0x07, 0xEF, 0xC0,
    0x00, 0x3F, 0xFC, 0x00, 0x03, 0xFF, 0x80, 0x00, 0x2F, 0xF8, 0x00, 0x02, 0xFF, 0xC0, 0x00, 0x3F,
    0xFC, 0x00, 0x03, 0xFF, 0xD0, 0x00, 0x7E, 0xFF, 0x00, 0x0F, 0xCF, 0xFD, 0x07, 0xF8, 0xFA, 0xFF,
    0xFE, 0x0F, 0x86, 0xFE, 0x40, 0xF8, 0x00, 0x00, 0x0F, 0x80, 0x00, 0x00, 0xF8, 0x00, 0x00, 0x0F,
    0x80, 0x00, 0x00, 0xF8, 0x00, 0x00, 0x0F, 0x80, 0x00, 0x00, 0xF8, 0x00, 0x00, 0x00, 0x00, 0x7F,
    0xF8, 0x07, 0xFF, 0xFE, 0x1F, 0xE4, 0x19, 0x3F, 0x00, 0x00, 0x7D, 0x00, 0x00, 0xBC, 0x00, 0x00,
    0xFC, 0x00, 0x00, 0xF8, 0x00, 0x00, 0xF8, 0x00, 0x00, 0xFC, 0x00, 0x00, 0xFC, 0x00, 0x00, 0x7D,
    0x00, 0x00, 0x3F, 0x00, 0x00, 0x1F, 0xE4, 0x19, 0x07, 0xFF, 0xFE, 0x00, 0xBF, 0xF8, 0xFF, 0xFF,
    0xFF, 0xFF, 0xFF, 0xFF, 0xF0, 0x03, 0xF0, 0x00, 0x00, 0xF8, 0x00, 0x00, 0x3E, 0x00, 0x00, 0x0F,
    0x80, 0x00, 0x03, 0xE0, 0x00, 0x00, 0xF8, 0x00, 0x00, 0x3E, 0x00, 0x00, 0x0F, 0x80, 0x00, 0x03,
    0xE0, 0x00, 0x00, 0xF8, 0x00, 0x00, 0x3E, 0x00, 0x00, 0x0F, 0x80, 0x00, 0x03, 0xE0, 0x00, 0x00,
    0xF8, 0x00, 0x3E, 0x00, 0x00, 0x7D, 0x3F, 0x00, 0x00, 0xBC, 0x1F, 0x40, 0x00, 0xF8, 0x0F, 0xC0,
    0x01, 0xF4, 0x0B, 0xC0, 0x02, 0xF0, 0x03, 0xE0, 0x03, 0xE0, 0x03, 0xF0, 0x07, 0xC0, 0x01, 0xF4,
    0x0F, 0xC0, 0x00, 0xF8, 0x0F, 0x40, 0x00, 0xBC, 0x1F, 0x00, 0x00, 0x3D, 0x3E, 0x00, 0x00, 0x3E,
    0x3D, 0x00, 0x00, 0x1F, 0x7C, 0x00, 0x00, 0x0F, 0xF8, 0x00, 0x00, 0x0B, 0xF0, 0x00, 0x00, 0x03,
    0xF0, 0x00, 0x00, 0x03, 0xD0, 0x00, 0x00, 0x07, 0xC0, 0x00, 0x00, 0x0F, 0x80, 0x00, 0x00, 0x1F,
    0x00, 0x00, 0x10, 0xBE, 0x00, 0x00, 0x3F, 0xFC, 0x00, 0x00, 0x3F, 0xD0, 0x00, 0x00, 0x00, 0x00,
    0xA4, 0x00, 0x00, 0x00, 0x03, 0xE0, 0x00, 0x00, 0x00, 0x0F, 0x80, 0x00, 0x00, 0x00, 0x3E, 0x00,
    0x00, 0x00, 0x00, 0xF8, 0x00, 0x00, 0x00, 0x03, 0xE0, 0x00, 0x00, 0x00, 0x0F, 0x80, 0x00, 0x00,
    0x0B, 0xFF, 0xE4, 0x00, 0x02, 0xFF, 0xFF, 0xFD, 0x00, 0x3F, 0xD7, 0xF6, 0xFE, 0x02, 0xF8, 0x0F,
    0x80, 0xBD, 0x1F, 0x80, 0x3E, 0x00, 0xFC, 0xBC, 0x00, 0xF8, 0x01, 0xF7, 0xF0, 0x03, 0xE0, 0x03,
    0xEF, 0x80, 0x0F, 0x80, 0x0F, 0xBE, 0x00, 0x3E, 0x00, 0x3E, 0xFC, 0x00, 0xF8, 0x00, 0xFA, 0xF0,
    0x03, 0xE0, 0x07, 0xD7, 0xE0, 0x0F, 0x80, 0x3F, 0x0F, 0xE0, 0x3E, 0x02, 0xF4, 0x0F, 0xF4, 0xFD,
    0xBF, 0x80, 0x0B, 0xFF, 0xFF, 0xF8, 0x00, 0x02, 0xFF, 0xF9, 0x00, 0x00, 0x00, 0x3E, 0x00, 0x00,
    0x00, 0x00, 0xF8, 0x00, 0x00, 0x00, 0x03, 0xE0, 0x00, 0x00, 0x00, 0x0F, 0x80, 0x00, 0x00, 0x00,
    0x3E, 0x00, 0x00, 0x00, 0x00, 0xF8, 0x00, 0x00, 0x00, 0x03, 0xE0, 0x00, 0x00, 0x2F, 0x00, 0x02,
    0xF0, 0x3F, 0x00, 0x1F, 0x80, 0x7D, 0x00, 0xFC, 0x00, 0xBC, 0x0B, 0xC0, 0x00, 0xF8, 0x3D, 0x00,
    0x01, 0xF7, 0xF0, 0x00, 0x02, 0xFF, 0x00, 0x00, 0x03, 0xF4, 0x00, 0x00, 0x0F, 0xE0, 0x00, 0x00,
    0xFF, 0xD0, 0x00, 0x0B, 0xCB, 0xC0, 0x00, 0x3E, 0x0F, 0x80, 0x03, 0xF0, 0x1F, 0x40, 0x2F, 0x00,
    0x2F, 0x01, 0xF8, 0x00, 0x3F, 0x0F, 0xC0, 0x00, 0x7E, 0xF8, 0x00, 0x0F, 0x83, 0xE0, 0x00, 0x3E,
    0x0F, 0x80, 0x00, 0xF8, 0x3E, 0x00, 0x03, 0xE0, 0xF8, 0x00, 0x0F, 0x83, 0xE0, 0x00, 0x3E, 0x0F,
    0x80, 0x00, 0xF8, 0x3E, 0x00, 0x03, 0xE0, 0xF8, 0x00, 0x0F, 0x83, 0xE0, 0x00, 0x3E, 0x0F, 0x80,
    0x00, 0xF8, 0x3E, 0x00, 0x03, 0xE0, 0xF8, 0x00, 0x0F, 0x83, 0xF0, 0x00, 0x3F, 0x0F, 0xFF, 0xFF,
    0xFF, 0xFF, 0xFF, 0xFF, 0xFF, 0x00, 0x00, 0x00, 0xBC, 0x00, 0x00, 0x02, 0xF0, 0x00, 0x00, 0x0B,
    0xC0, 0x00, 0x00, 0x2F, 0xF8, 0x00, 0x0B, 0xFE, 0x00, 0x02, 0xFF, 0x80, 0x00, 0xBF, 0xE0, 0x00,
    0x2F, 0xF8, 0x00, 0x0B, 0xFE, 0x00, 0x02, 0xFF, 0xC0, 0x00, 0xBE, 0xF0, 0x00, 0x2F, 0x7F, 0x40,
    0x6F, 0xCB, 0xFF, 0xFF, 0xF0, 0x6F, 0xF9, 0xFC, 0x00, 0x00, 0x2F, 0x00, 0x00, 0x0B, 0xC0, 0x00,
    0x02, 0xF0, 0x00, 0x00, 0xBC, 0x00, 0x00, 0x2F, 0xF8, 0x00, 0x2F, 0x00, 0x07, 0xDF, 0x80, 0x02,
    0xF0, 0x00, 0x7D, 0xF8, 0x00, 0x2F, 0x00, 0x07, 0xDF, 0x80, 0x02, 0xF0, 0x00, 0x7D, 0xF8, 0x00,
    0x2F, 0x00, 0x07, 0xDF, 0x80, 0x02, 0xF0, 0x00, 0x7D, 0xF8, 0x00, 0x2F, 0x00, 0x07, 0xDF, 0x80,
    0x02, 0xF0, 0x00, 0x7D, 0xF8, 0x00, 0x2F, 0x00, 0x07, 0xDF, 0x80, 0x02, 0xF0, 0x00, 0x7D, 0xF8,
    0x00, 0x2F, 0x00, 0x07, 0xDF, 0x80, 0x02, 0xF0, 0x00, 0x7D, 0xF8, 0x00, 0x2F, 0x00, 0x07, 0xDF,
    0xC0, 0x03, 0xF0, 0x00, 0xBD, 0xFF, 0xFF, 0xFF, 0xFF, 0xFF, 0xDF, 0xFF, 0xFF, 0xFF, 0xFF, 0xFD,
    0xF8, 0x00, 0x2F, 0x00, 0x0B, 0xC0, 0xF8, 0x00, 0x2F, 0x00, 0x0B, 0xC0, 0xF8, 0x00, 0x2F, 0x00,
    0x0B, 0xC0, 0xF8, 0x00, 0x2F, 0x00, 0x0B, 0xC0, 0xF8, 0x00, 0x2F, 0x00, 0x0B, 0xC0, 0xF8, 0x00,
    0x2F, 0x00, 0x0B, 0xC0, 0xF8, 0x00, 0x2F, 0x00, 0x0B, 0xC0, 0xF8, 0x00, 0x2F, 0x00, 0x0B, 0xC0,
    0xF8, 0x00, 0x2F, 0x00, 0x0B, 0xC0, 0xF8, 0x00, 0x2F, 0x00, 0x0B, 0xC0, 0xF8, 0x00, 0x2F, 0x00,
    0x0B, 0xC0, 0xF8, 0x00, 0x2F, 0x00, 0x0B, 0xC0, 0xF8, 0x00, 0x2F, 0x00, 0x0B, 0xC0, 0xFC, 0x00,
    0x3F, 0x00, 0x0F, 0xC0, 0xFF, 0xFF, 0xFF, 0xFF, 0xFF, 0xFE, 0xFF, 0xFF, 0xFF, 0xFF, 0xFF, 0xFE,
    0x00, 0x00, 0x00, 0x00, 0x00, 0x3E, 0x00, 0x00, 0x00, 0x00, 0x00, 0x3E, 0x00, 0x00, 0x00, 0x00,
    0x00, 0x3E, 0x00, 0x00, 0x00, 0x00, 0x00, 0x3E, 0xBF, 0xFE, 0x00, 0x00, 0x2F, 0xFF, 0x80, 0x00,
    0x00, 0x03, 0xE0, 0x00, 0x00, 0x00, 0xF8, 0x00, 0x00, 0x00, 0x3E, 0x00, 0x00, 0x00, 0x0F, 0x80,
    0x00, 0x00, 0x03, 0xFF, 0xFE, 0x40, 0x00, 0xFF, 0xFF, 0xF8, 0x00, 0x3F, 0x00, 0x7F, 0x40, 0x0F,
    0x80, 0x03, 0xF0, 0x03, 0xE0, 0x00, 0xFC, 0x00, 0xF8, 0x00, 0x3F, 0x00, 0x3E, 0x00, 0x0F, 0xC0,
    0x0F, 0xC0, 0x1F, 0xD0, 0x03, 0xFF, 0xFF, 0xE0, 0x00, 0xFF, 0xFF, 0x80, 0xF8, 0x00, 0x00, 0x0B,
    0xFE, 0x00, 0x00, 0x02, 0xFF, 0x80, 0x00, 0x00, 0xBF, 0xE0, 0x00, 0x00, 0x2F, 0xF8, 0x00, 0x00,
    0x0B, 0xFE, 0x00, 0x00, 0x02, 0xFF, 0xFF, 0xF9, 0x00, 0xBF, 0xFF, 0xFF, 0xE0, 0x2F, 0xFC, 0x01,
    0xFD, 0x0B, 0xFE, 0x00, 0x0F, 0xC2, 0xFF, 0x80, 0x03, 0xF0, 0xBF, 0xE0, 0x00, 0xFC, 0x2F, 0xF8,
    0x00, 0x3F, 0x0B, 0xFF, 0x00, 0x7F, 0x42, 0xFF, 0xFF, 0xFF, 0x80, 0xBF, 0xFF, 0xFE, 0x00, 0x2F,
    0xF8, 0x00, 0x00, 0xF8, 0x00, 0x00, 0xF8, 0x00, 0x00, 0xF8, 0x00, 0x00, 0xF8, 0x00, 0x00, 0xF8,
    0x00, 0x00, 0xFF, 0xFF, 0x90, 0xFF, 0xFF, 0xF8, 0xFC, 0x01, 0xFD, 0xF8, 0x00, 0x3F, 0xF8, 0x00,
    0x3F, 0xF8, 0x00, 0x3F, 0xF8, 0x00, 0x3F, 0xFC, 0x01, 0xFD, 0xFF, 0xFF, 0xF8, 0xFF, 0xFF, 0x80,
    0x6F, 0xFD, 0x00, 0xBF, 0xFF, 0xC0, 0x64, 0x1B, 0xF0, 0x00, 0x01, 0xFC, 0x00, 0x00, 0xBC, 0x00,
    0x00, 0x7D, 0x00, 0x00, 0x7E, 0x1F, 0xFF, 0xFE, 0x1F, 0xFF, 0xFE, 0x00, 0x00, 0x3E, 0x00, 0x00,
    0x7D, 0x00, 0x00, 0xBC, 0x00, 0x01, 0xF8, 0x94, 0x1B, 0xF0, 0xFF, 0xFF, 0xC0, 0x6F, 0xF9, 0x00,
    0xF8, 0x00, 0x1F, 0xFD, 0x00, 0xF8, 0x01, 0xFF, 0xFF, 0xC0, 0xF8, 0x03, 0xF8, 0x07, 0xF0, 0xF8,
    0x0F, 0xC0, 0x00, 0xF8, 0xF8, 0x0F, 0x80, 0x00, 0xBC, 0xF8, 0x1F, 0x40, 0x00, 0x7D, 0xFC, 0x2F,
    0x00, 0x00, 0x3E, 0xFF, 0xFF, 0x00, 0x00, 0x3E, 0xFF, 0xFF, 0x00, 0x00, 0x3E, 0xF8, 0x2F, 0x00,
    0x00, 0x3E, 0xF8, 0x1F, 0x40, 0x00, 0x7D, 0xF8, 0x0F, 0x80, 0x00, 0xBC, 0xF8, 0x0F, 0xC0, 0x00,
    0xF8, 0xF8, 0x03, 0xF8, 0x0B, 0xF0, 0xF8, 0x01, 0xFF, 0xFF, 0xC0, 0xF8, 0x00, 0x1F, 0xFD, 0x00,
    0x01, 0xBF, 0xFF, 0xE0, 0xBF, 0xFF, 0xFE, 0x1F, 0xD0, 0x03, 0xE3, 0xF0, 0x00, 0x3E, 0x3F, 0x00,
    0x03, 0xE3, 0xF0, 0x00, 0x3E, 0x3F, 0x00, 0x03, 0xE1, 0xFD, 0x00, 0x3E, 0x0B, 0xFF, 0xFF, 0xE0,
    0x0B, 0xFF, 0xFE, 0x00, 0xFC, 0x03, 0xE0, 0x2F, 0x40, 0x3E, 0x07, 0xE0, 0x03, 0xE0, 0xFC, 0x00,
    0x3E, 0x2F, 0x40, 0x03, 0xE7, 0xE0, 0x00, 0x3E, 0x02, 0xF4, 0x00, 0x00, 0x3F, 0x00, 0x00, 0x03,
    0xE0, 0x00, 0x00, 0x3C, 0x00, 0x00, 0x07, 0x80, 0x00, 0x00, 0x00, 0x00, 0x00, 0x00, 0x00, 0x02,
    0xFF, 0x40, 0x07, 0xFF, 0xFC, 0x07, 0xE4, 0x2F, 0xC3, 0xE0, 0x01, 0xF5, 0xF0, 0x00, 0x3E, 0xBC,
    0x00, 0x0B, 0xFF, 0xFF, 0xFF, 0xFF, 0xFF, 0xFF, 0xFF, 0xF0, 0x00, 0x00, 0xFC, 0x00, 0x00, 0x2F,
    0x00, 0x00, 0x07, 0xD0, 0x00, 0x00, 0xFC, 0x00, 0x00, 0x1F, 0xE0, 0x1B, 0x41, 0xFF, 0xFF, 0xD0,
    0x0B, 0xFF, 0x90, 0x02, 0xD0, 0x78, 0x00, 0xF8, 0x2F, 0x00, 0x2D, 0x07, 0x80, 0x00, 0x00, 0x00,
    0x00, 0x00, 0x00, 0x00, 0x2F, 0xF4, 0x00, 0x7F, 0xFF, 0xC0, 0x7F, 0x42, 0xFC, 0x3E, 0x00, 0x1F,
    0x5F, 0x00, 0x03, 0xEB, 0xC0, 0x00, 0xBF, 0xFF, 0xFF, 0xFF, 0xFF, 0xFF, 0xFF, 0xFF, 0x00, 0x00,
    0x0F, 0xC0, 0x00, 0x02, 0xF0, 0x00, 0x00, 0x7D, 0x00, 0x00, 0x0F, 0xC0, 0x00, 0x01, 0xFE, 0x01,
    0xB4, 0x1F, 0xFF, 0xFD, 0x00, 0xBF, 0xF9, 0x00, 0x0B, 0xC0, 0x00, 0x00, 0x0B, 0xC0, 0x00, 0x00,
    0xFF, 0xFF, 0xF0, 0x00, 0xFF, 0xFF, 0xF0, 0x00, 0x0F, 0xC0, 0x00, 0x00, 0x0B, 0xC0, 0x00, 0x00,
    0x0B, 0xC2, 0xFF, 0x80, 0x0B, 0xDF, 0xFF, 0xF4, 0x0B, 0xFE, 0x02, 0xFC, 0x0B, 0xF0, 0x00, 0xBD,
    0x0B, 0xE0, 0x00, 0x3E, 0x0B, 0xD0, 0x00, 0x3E, 0x0B, 0xC0, 0x00, 0x3E, 0x0B, 0xC0, 0x00, 0x3E,
    0x0B, 0xC0, 0x00, 0x3E, 0x0B, 0xC0, 0x00, 0x3E, 0x0B, 0xC0, 0x00, 0x3E, 0x0B, 0xC0, 0x00, 0x3E,
    0x0B, 0xC0, 0x00, 0x3E, 0x0B, 0xC0, 0x00, 0x3E, 0x0B, 0xC0, 0x00, 0x3E, 0x0B, 0xC0, 0x00, 0x3E,
    0x00, 0x00, 0x00, 0x3E, 0x00, 0x00, 0x00, 0x3E, 0x00, 0x00, 0x00, 0x3E, 0x00, 0x00, 0x00, 0x7E,
    0x00, 0x00, 0x41, 0xFC, 0x00, 0x00, 0xFF, 0xF8, 0x00, 0x00, 0xBF, 0xD0, 0x00, 0x06, 0x80, 0x01,
    0xF8, 0x00, 0x3E, 0x00, 0x0B, 0x80, 0x01, 0xE0, 0x00, 0x00, 0x00, 0x00, 0x00, 0x0F, 0xFF, 0xFE,
    0xFF, 0xFF, 0xEF, 0xC0, 0x00, 0xF8, 0x00, 0x0F, 0x80, 0x00, 0xF8, 0x00, 0x0F, 0x80, 0x00, 0xF8,
    0x00, 0x0F, 0x80, 0x00, 0xF8, 0x00, 0x0F, 0x80, 0x00, 0xF8, 0x00, 0x0F, 0x80, 0x00, 0xF8, 0x00,
    0x0F, 0x80, 0x00, 0xF8, 0x00, 0x00, 0x00, 0x7F, 0xF8, 0x07, 0xFF, 0xFE, 0x1F, 0xE4, 0x19, 0x3F,
    0x00, 0x00, 0x7D, 0x00, 0x00, 0xBC, 0x00, 0x00, 0xFC, 0x00, 0x00, 0xFF, 0xFF, 0xF8, 0xFF, 0xFF,
    0xF8, 0xFC, 0x00, 0x00, 0xFC, 0x00, 0x00, 0xBD, 0x00, 0x00, 0x3F, 0x00, 0x00, 0x1F, 0xE4, 0x19,
    0x07, 0xFF, 0xFE, 0x00, 0xBF, 0xF8, 0x06, 0xFF, 0x90, 0xFF, 0xFF, 0xDB, 0xE4, 0x1B, 0x3F, 0x00,
    0x00, 0xFC, 0x00, 0x03, 0xF8, 0x00, 0x03, 0xFE, 0x00, 0x02, 0xFF, 0x80, 0x00, 0xBF, 0xE0, 0x00,
    0x1F, 0xD0, 0x00, 0x0F, 0xC0, 0x00, 0x2F, 0x00, 0x00, 0xFF, 0x90, 0x1F, 0xEF, 0xFF, 0xFE, 0x0B,
    0xFF, 0x90, 0xB7, 0xEB, 0x40, 0x03, 0xEF, 0xBE, 0xFB, 0xEF, 0xBE, 0xFB, 0xEF, 0xBE, 0xFB, 0xEF,
    0xBE, 0xF8, 0xB5, 0xEF, 0xAF, 0xB5, 0xE0, 0x00, 0x00, 0x00, 0xF8, 0x0F, 0x80, 0xF8, 0x0F, 0x80,
    0xF8, 0x0F, 0x80, 0xF8, 0x0F, 0x80, 0xF8, 0x0F, 0x80, 0xF8, 0x0F, 0x80, 0xF8, 0x0F, 0x80, 0xF8,
    0x0F, 0x80, 0x00, 0xB4, 0x03, 0xE0, 0x0B, 0x40, 0x00, 0x00, 0x00, 0x03, 0xE0, 0x0F, 0x80, 0x3E,
    0x00, 0xF8, 0x03, 0xE0, 0x0F, 0x80, 0x3E, 0x00, 0xF8, 0x03, 0xE0, 0x0F, 0x80, 0x3E, 0x00, 0xF8,
    0x03, 0xE0, 0x0F, 0x80, 0x3E, 0x00, 0xF8, 0x03, 0xE0, 0x0F, 0x80, 0x3E, 0x00, 0xF9, 0x0F, 0xDF,
    0xFF, 0x3F, 0xE0, 0x00, 0xFF, 0xFF, 0xF8, 0x00, 0x00, 0x00, 0xFF, 0xFF, 0xF8, 0x00, 0x00, 0x00,
    0xFC, 0x00, 0xF8, 0x00, 0x00, 0x00, 0xF8, 0x00, 0xF8, 0x00, 0x00, 0x00, 0xF8, 0x00, 0xF8, 0x00,
    0x00, 0x00, 0xF8, 0x00, 0xFC, 0x00, 0x00, 0x00, 0xF8, 0x00, 0xFF, 0xFF, 0xD0, 0x00, 0xF8, 0x00,
    0xFF, 0xFF, 0xFC, 0x00, 0xF8, 0x00, 0xF8, 0x01, 0xFE, 0x00, 0xF8, 0x00, 0xF8, 0x00, 0x3F, 0x01,
    0xF8, 0x00, 0xF8, 0x00, 0x3F, 0x01, 0xF4, 0x00, 0xF8, 0x00, 0x3F, 0x02, 0xF0, 0x00, 0xF8, 0x00,
    0x3F, 0x07, 0xF0, 0x00, 0xFC, 0x01, 0xFD, 0xFF, 0xD0, 0x00, 0xFF, 0xFF, 0xF4, 0xFF, 0x40, 0x00,
    0xFF, 0xFF, 0x80, 0xF8, 0x00, 0x0F, 0x80, 0x00, 0x0F, 0x80, 0x00, 0xF8, 0x00, 0x00, 0xF8, 0x00,
    0x0F, 0x80, 0x00, 0x0F, 0x80, 0x00, 0xF8, 0x00, 0x00, 0xF8, 0x00, 0x0F, 0x80, 0x00, 0x0F, 0x80,
    0x00, 0xF8, 0x00, 0x00, 0xFC, 0x00, 0x0F, 0xC0, 0x00, 0x0F, 0xFF, 0xFF, 0xFF, 0xFF, 0xE0, 0xFF,
    0xFF, 0xFF, 0xFF, 0xFF, 0xCF, 0x80, 0x00, 0xF8, 0x00, 0xBE, 0xF8, 0x00, 0x0F, 0x80, 0x03, 0xFF,
    0x80, 0x00, 0xF8, 0x00, 0x2F, 0xF8, 0x00, 0x0F, 0x80, 0x03, 0xFF, 0x80, 0x00, 0xFC, 0x01, 0xFD,
    0xF8, 0x00, 0x0F, 0xFF, 0xFF, 0x8F, 0x80, 0x00, 0xFF, 0xFF, 0x90, 0x0B, 0xC0, 0x00, 0x00, 0x0B,
    0xC0, 0x00, 0x00, 0xFF, 0xFF, 0xFC, 0x00, 0xFF, 0xFF, 0xFC, 0x00, 0x0F, 0xC0, 0x00, 0x00, 0x0B,
    0xC0, 0x00, 0x00, 0x0B, 0xC2, 0xFF, 0x80, 0x0B, 0xDF, 0xFF, 0xF4, 0x0B, 0xFD, 0x02, 0xFC, 0x0B,
    0xF0, 0x00, 0xBD, 0x0B, 0xE0, 0x00, 0x3E, 0x0B, 0xD0, 0x00, 0x3E, 0x0B, 0xC0, 0x00, 0x3E, 0x0B,
    0xC0, 0x00, 0x3E, 0x0B, 0xC0, 0x00, 0x3E, 0x0B, 0xC0, 0x00, 0x3E, 0x0B, 0xC0, 0x00, 0x3E, 0x0B,
    0xC0, 0x00, 0x3E, 0x0B, 0xC0, 0x00, 0x3E, 0x0B, 0xC0, 0x00, 0x3E, 0x0B, 0xC0, 0x00, 0x3E, 0x0B,
    0xC0, 0x00, 0x3E, 0x00, 0x01, 0xA0, 0x00, 0x00, 0xFC, 0x00, 0x00, 0xBC, 0x00, 0x00, 0x7C, 0x00,
    0x00, 0x3C, 0x00, 0x00, 0x00, 0x00, 0x00, 0x00, 0x00, 0x03, 0xF0, 0x00, 0xBC, 0xFC, 0x00, 0x7C,
    0x3F, 0x00, 0x3E, 0x0F, 0xC0, 0x2F, 0x03, 0xF0, 0x0F, 0x00, 0xFC, 0x0F, 0x80, 0x3F, 0x0B, 0xC0,
    0x0F, 0xFF, 0xD0, 0x03, 0xFF, 0xF8, 0x00, 0xFC, 0x1F, 0x40, 0x3F, 0x02, 0xF0, 0x0F, 0xC0, 0x3E,
    0x03, 0xF0, 0x07, 0xD0, 0xFC, 0x00, 0xFC, 0x3F, 0x00, 0x0F, 0x8F, 0xC0, 0x02, 0xF4, 0x01, 0x90,
    0x00, 0x00, 0x7D, 0x00, 0x00, 0x07, 0xC0, 0x00, 0x00, 0xB8, 0x00, 0x00, 0x0B, 0x40, 0x00, 0x00,
    0x00, 0x00, 0x00, 0x00, 0x03, 0xE0, 0x00, 0xBF, 0xF8, 0x00, 0x3F, 0xFE, 0x00, 0x2F, 0xFF, 0x80,
    0x0F, 0xFF, 0xE0, 0x0B, 0xAF, 0xF8, 0x07, 0xCB, 0xFE, 0x03, 0xD2, 0xFF, 0x81, 0xF0, 0xBF, 0xE0,
    0xF4, 0x2F, 0xF8, 0x7C, 0x0B, 0xFE, 0x3D, 0x02, 0xFF, 0x9F, 0x00, 0xBF, 0xFF, 0x00, 0x2F, 0xFF,
    0x80, 0x0B, 0xFF, 0xC0, 0x02, 0xFF, 0xE0, 0x00, 0xBC, 0x00, 0xA0, 0x06, 0x80, 0x00, 0xF4, 0x0B,
    0x80, 0x00, 0xBD, 0x2F, 0x40, 0x00, 0x3F, 0xFE, 0x00, 0x00, 0x0B, 0xF4, 0x00, 0x00, 0x00, 0x00,
    0x00, 0x3E, 0x00, 0x00, 0x7D, 0x3F, 0x00, 0x00, 0xBC, 0x1F, 0x40, 0x00, 0xF8, 0x0F, 0xC0, 0x01,
    0xF4, 0x0B, 0xC0, 0x02, 0xF0, 0x03, 0xE0, 0x03, 0xE0, 0x03, 0xF0, 0x07, 0xC0, 0x01, 0xF4, 0x0F,
    0xC0, 0x00, 0xF8, 0x0F, 0x40, 0x00, 0xBC, 0x1F, 0x00, 0x00, 0x3D, 0x3E, 0x00, 0x00, 0x3E, 0x3D,
    0x00, 0x00, 0x1F, 0x7C, 0x00, 0x00, 0x0F, 0xF8, 0x00, 0x00, 0x0B, 0xF0, 0x00, 0x00, 0x03, 0xF0,
    0x00, 0x00, 0x03, 0xD0, 0x00, 0x00, 0x07, 0xC0, 0x00, 0x00, 0x0F, 0x80, 0x00, 0x00, 0x1F, 0x00,
    0x00, 0x10, 0xBE, 0x00, 0x00, 0x3F, 0xFC, 0x00, 0x00, 0x3F, 0xD0, 0x00, 0x00, 0xF8, 0x00, 0x0F,
    0xBE, 0x00, 0x03, 0xEF, 0x80, 0x00, 0xFB, 0xE0, 0x00, 0x3E, 0xF8, 0x00, 0x0F, 0xBE, 0x00, 0x03,
    0xEF, 0x80, 0x00, 0xFB, 0xE0, 0x00, 0x3E, 0xF8, 0x00, 0x0F, 0xBE, 0x00, 0x03, 0xEF, 0x80, 0x00,
    0xFB, 0xE0, 0x00, 0x3E, 0xF8, 0x00, 0x0F, 0xBF, 0x00, 0x03, 0xEF, 0xFF, 0xFF, 0xFB, 0xFF, 0xFF,
    0xFE, 0x00, 0x3E, 0x00, 0x00, 0x0F, 0x80, 0x00, 0x03, 0xE0, 0x00, 0x00, 0xF8, 0x00, 0xF8, 0x00,
    0x03, 0xE0, 0x00, 0x0B, 0xFF, 0x00, 0x00, 0xFC, 0x00, 0x02, 0xFF, 0xC0, 0x00, 0x3F, 0x00, 0x00,
    0xFF, 0xF0, 0x00, 0x0B, 0xC0, 0x00, 0x3F, 0xBC, 0x00, 0x02, 0xF0, 0x00, 0x0F, 0xEF, 0x40, 0x00,
    0x7D, 0x00, 0x03, 0xE7, 0xD0, 0x00, 0x2F, 0x40, 0x00, 0xF8, 0xF8, 0x00, 0x0F, 0xE0, 0x00, 0x7D,
    0x3F, 0x00, 0x07, 0xFC, 0x00, 0x1F, 0x0B, 0xC0, 0x02, 0xFF, 0x00, 0x0B, 0xC1, 0xF4, 0x00, 0xFB,
    0xD0, 0x03, 0xE0, 0x3F, 0x00, 0x7C, 0xFC, 0x00, 0xF4, 0x0B, 0xC0, 0x2E, 0x2F, 0x00, 0x7C, 0x01,
    0xF4, 0x0F, 0x43, 0xD0, 0x2F, 0x00, 0x3F, 0x07, 0xC0, 0xFC, 0x0F, 0x80, 0x0B, 0xC3, 0xE0, 0x1F,
    0x07, 0xC0, 0x00, 0xF8, 0xF4, 0x03, 0xE2, 0xF0, 0x00, 0x2F, 0x7C, 0x00, 0xBD, 0xF4, 0x00, 0x03,
    0xFE, 0x00, 0x0F, 0xFC, 0x00, 0x00, 0xBF, 0x40, 0x02, 0xFD, 0x00, 0x00, 0x0F, 0xC0, 0x00, 0x3F,
    0x00, 0x00, 0xF8, 0x00, 0x2F, 0x00, 0x03, 0xEF, 0xC0, 0x02, 0xF0, 0x00, 0x3E, 0xFC, 0x00, 0x2F,
    0x00, 0x03, 0xEB, 0xC0, 0x01, 0xF4, 0x00, 0x3D, 0xBC, 0x00, 0x1F, 0x40, 0x07, 0xD7, 0xD0, 0x00,
    0xF8, 0x00, 0xBC, 0x3E, 0x00, 0x0F, 0xC0, 0x0F, 0xC3, 0xF0, 0x02, 0xFC, 0x00, 0xF8, 0x1F, 0x00,
    0x3F, 0xD0, 0x1F, 0x00, 0xF8, 0x0B, 0xAE, 0x02, 0xF0, 0x0B, 0xC0, 0xF1, 0xF0, 0x3D, 0x00, 0x3D,
    0x2E, 0x0F, 0x4B, 0xC0, 0x03, 0xF3, 0xC0, 0xB8, 0xF8, 0x00, 0x1F, 0xB8, 0x03, 0xEF, 0x00, 0x00,
    0xBF, 0x00, 0x2F, 0xD0, 0x00, 0x03, 0xE0, 0x00, 0xF8, 0x00, 0x00, 0xBC, 0x00, 0x00, 0x00, 0x0B,
    0xC0, 0x00, 0x00, 0x00, 0xBC, 0x00, 0x00, 0x0F, 0xFF, 0xFF, 0xFC, 0x00, 0xFF, 0xFF, 0xFF, 0xC0,
    0x00, 0x0F, 0xC0, 0x00, 0x00, 0x00, 0xBC, 0x00, 0x00, 0x00, 0x0B, 0xC0, 0x00, 0x00, 0x00, 0xBC,
    0x00, 0x00, 0x00, 0x0B, 0xFF, 0xFE, 0x40, 0x00, 0xBF, 0xFF, 0xFF, 0x00, 0x0B, 0xC0, 0x17, 0xFC,
    0x00, 0xBC, 0x00, 0x0B, 0xE0, 0x0B, 0xC0, 0x00, 0x3F, 0x00, 0xBC, 0x00, 0x02, 0xF0, 0x0B, 0xC0,
    0x00, 0x3F, 0x00, 0xBC, 0x00, 0x03, 0xF0, 0x0B, 0xC0, 0x00, 0xBD, 0x00, 0xBC, 0x05, 0xBF, 0xC0,
    0x0B, 0xFF, 0xFF, 0xF0, 0x00, 0xBF, 0xFF, 0xE4, 0x00, 0x02, 0xF0, 0x00, 0x00, 0x00, 0xBC, 0x00,
    0x00, 0x00, 0x2F, 0x00, 0x00, 0x03, 0xFF, 0xFF, 0xF0, 0x00, 0xFF, 0xFF, 0xFC, 0x00, 0x00, 0xFC,
    0x00, 0x00, 0x00, 0x2F, 0x00, 0x00, 0x00, 0x0B, 0xC0, 0x00, 0x00, 0x02, 0xF0, 0x00, 0x00, 0x00,
    0xBC, 0x00, 0x00, 0x00, 0x2F, 0xFF, 0xFF, 0x40, 0x0B, 0xFF, 0xFF, 0xF8, 0x02, 0xF0, 0x00, 0x7F,
    0x40, 0xBC, 0x00, 0x03, 0xE0, 0x2F, 0x00, 0x00, 0xF8, 0x0B, 0xC0, 0x00, 0x7E, 0x02, 0xF0, 0x00,
    0x7F, 0x00, 0xBF, 0xFF, 0xFF, 0x40, 0x2F, 0xFF, 0xFE, 0x00, 0xF8, 0x00, 0x00, 0x1B, 0xFF, 0x90,
    0xF8, 0x00, 0x01, 0xFF, 0xFF, 0xFC, 0xF8, 0x00, 0x0B, 0xF9, 0x01, 0xB8, 0xF8, 0x00, 0x2F, 0x80,
    0x00, 0x00, 0xF8, 0x00, 0x7E, 0x00, 0x00, 0x00, 0xF8, 0x00, 0xFC, 0x00, 0x00, 0x00, 0xF8, 0x00,
    0xF8, 0x00, 0x00, 0x00, 0xF8, 0x01, 0xF4, 0x00, 0x00, 0x00, 0xFC, 0x02, 0xF0, 0x00, 0x00, 0x00,
    0xFF, 0xFF, 0xFF, 0xFF, 0xFF, 0x00, 0xFF, 0xFF, 0xFF, 0xFF, 0xFF, 0x00, 0xF8, 0x02, 0xF0, 0x00,
    0x00, 0x00, 0xF8, 0x02, 0xF0, 0x00, 0x00, 0x00, 0xF8, 0x02, 0xF4, 0x00, 0x00, 0x00, 0xF8, 0x01,
    0xF8, 0x00, 0x00, 0x00, 0xF8, 0x00, 0xFC, 0x00, 0x00, 0x00, 0xF8, 0x00, 0xBE, 0x00, 0x00, 0x00,
    0xF8, 0x00, 0x3F, 0x80, 0x00, 0x00, 0xF8, 0x00, 0x0F, 0xF9, 0x01, 0x64, 0xF8, 0x00, 0x02, 0xFF,
    0xFF, 0xF8, 0xF8, 0x00, 0x00, 0x2F, 0xFF, 0xE0, 0xF8, 0x00, 0x06, 0xFF, 0xE3, 0xE0, 0x00, 0xFF,
    0xFF, 0xCF, 0x80, 0x0F, 0xE4, 0x19, 0x3E, 0x00, 0xFD, 0x00, 0x00, 0xF8, 0x03, 0xE0, 0x00, 0x03,
    0xE0, 0x2F, 0x00, 0x00, 0x0F, 0xC0, 0xBC, 0x00, 0x00, 0x3F, 0xFF, 0xFF, 0xFF, 0xE0, 0xFF, 0xFF,
    0xFF, 0xFF, 0x83, 0xE0, 0x2F, 0x00, 0x00, 0x0F, 0x80, 0xBC, 0x00, 0x00, 0x3E, 0x01, 0xF4, 0x00,
    0x00, 0xF8, 0x03, 0xF0, 0x00, 0x03, 0xE0, 0x07, 0xF9, 0x06, 0xCF, 0x80, 0x07, 0xFF, 0xFF, 0x3E,
    0x00, 0x01, 0xBF, 0xF8, 0x00, 0x00, 0x7F, 0x00, 0x00, 0x00, 0x00, 0x2F, 0xD0, 0x00, 0x00, 0x00,
    0x0F, 0xFC, 0x00, 0x00, 0x00, 0x0B, 0xDF, 0x40, 0x00, 0x00, 0x03, 0xE3, 0xE0, 0x00, 0x00, 0x01,
    0xF4, 0xBC, 0x00, 0x00, 0x00, 0xFC, 0x0F, 0x80, 0x00, 0x00, 0x3E, 0x03, 0xF0, 0x00, 0x00, 0x2F,
    0x00, 0x7D, 0x00, 0x00, 0x0F, 0xFF, 0xFF, 0x80, 0x00, 0x07, 0xFF, 0xFF, 0xF0, 0x00, 0x03, 0xF5,
    0xFD, 0x7E, 0x00, 0x00, 0xF4, 0x3E, 0x0B, 0xC0, 0x00, 0xBC, 0x0F, 0x81, 0xF4, 0x00, 0x3E, 0x03,
    0xE0, 0x3F, 0x00, 0x1F, 0x00, 0xF8, 0x0B, 0xC0, 0x0F, 0xC0, 0x3E, 0x00, 0xF8, 0x07, 0xD0, 0x0F,
    0x80, 0x2F, 0x02, 0xF0, 0x03, 0xE0, 0x07, 0xD0, 0xF8, 0x00, 0xF8, 0x00, 0xFC, 0xBC, 0x00, 0x3E,
    0x00, 0x1F, 0x40, 0x00, 0x02, 0xFD, 0x00, 0x00, 0x00, 0x3F, 0xF0, 0x00, 0x00, 0x07, 0xDF, 0x00,
    0x00, 0x00, 0xF8, 0xF8, 0x00, 0x00, 0x1F, 0x4B, 0xC0, 0x00, 0x02, 0xF0, 0x3D, 0x00, 0x00, 0x3D,
    0x02, 0xF0, 0x00, 0x0B, 0xFF, 0xFF, 0x00, 0x00, 0xFF, 0xFF, 0xF8, 0x00, 0x1F, 0x4F, 0xCB, 0xC0,
    0x03, 0xF0, 0xF8, 0x3D, 0x00, 0x3D, 0x0F, 0x82, 0xF0, 0x0B, 0xC0, 0xF8, 0x1F, 0x40, 0xF8, 0x0F,
    0x80, 0xF8, 0x1F, 0x00, 0xF8, 0x07, 0xC3, 0xF0, 0x0F, 0x80, 0x3E, 0xF8, 0x00, 0x00, 0x7F, 0x00,
    0x00, 0x3E, 0x00, 0x00, 0x2F, 0xD0, 0x00, 0x0F, 0x80, 0x00, 0x0F, 0xFC, 0x00, 0x03, 0xE0, 0x00,
    0x07, 0xEF, 0x40, 0x00, 0xF8, 0x00, 0x03, 0xF3, 0xE0, 0x00, 0x3E, 0x00, 0x01, 0xF4, 0xBC, 0x00,
    0x0F, 0x80, 0x00, 0xBC, 0x0F, 0x80, 0x03, 0xE0, 0x00, 0x3E, 0x03, 0xF0, 0x00, 0xF8, 0x00, 0x1F,
    0x00, 0x7D, 0x00, 0x3F, 0xFF, 0xFF, 0xFF, 0xFF, 0xC0, 0x0F, 0xFF, 0xFF, 0xFF, 0xFF, 0xF0, 0x03,
    0xF0, 0x03, 0xF0, 0xFC, 0x7E, 0x00, 0xF8, 0x00, 0xF4, 0x3E, 0x0F, 0xC0, 0x3E, 0x00, 0xBC, 0x0F,
    0x81, 0xF4, 0x0F, 0x80, 0x3E, 0x03, 0xE0, 0x3F, 0x03, 0xE0, 0x1F, 0x40, 0xF8, 0x0B, 0xC0, 0xF8,
    0x0F, 0xC0, 0x3E, 0x00, 0xF8, 0x3E, 0x03, 0xE0, 0x0F, 0x80, 0x3F, 0x0F, 0x82, 0xF0, 0x03, 0xE0,
    0x07, 0xD3, 0xE0, 0xF8, 0x00, 0xF8, 0x00, 0xFC, 0xF8, 0x7D, 0x00, 0x3E, 0x00, 0x2F, 0x40, 0xF8,
    0x00, 0x1F, 0xE0, 0x00, 0x3E, 0x00, 0x0B, 0xFC, 0x00, 0x0F, 0x80, 0x03, 0xDF, 0x40, 0x03, 0xE0,
    0x01, 0xF2, 0xF0, 0x00, 0xF8, 0x00, 0xF8, 0x3D, 0x00, 0x3E, 0x00, 0x3C, 0x0F, 0x80, 0x0F, 0xC0,
    0x2F, 0x02, 0xF0, 0x03, 0xFF, 0xFF, 0xFF, 0xFE, 0x00, 0xFF, 0xFF, 0xFF, 0xFF, 0xC0, 0x3E, 0x02,
    0xE2, 0xF0, 0xF4, 0x0F, 0x80, 0xF4, 0xBC, 0x3F, 0x03, 0xE0, 0x7C, 0x2F, 0x07, 0xC0, 0xF8, 0x3E,
    0x0B, 0xC0, 0xF8, 0x3E, 0x0F, 0x02, 0xF0, 0x2F, 0x0F, 0x8B, 0xC0, 0xBC, 0x03, 0xD3, 0xE3, 0xD0,
    0x2F, 0x00, 0xBC, 0x0F, 0xFF, 0xFF, 0xFF, 0xFC, 0x03, 0xFF, 0xFF, 0xFF, 0xFF, 0x00, 0x7E, 0x00,
    0x00, 0x2F, 0x40, 0x0B, 0xC0, 0x00, 0x1F, 0x80, 0x00, 0xFC, 0x00, 0x0F, 0x80, 0x00, 0x0F, 0xC0,
    0x0F, 0xC0, 0x00, 0x00, 0xF8, 0x0F, 0xC0, 0x00, 0x00, 0x1F, 0x4B, 0xC0, 0x00, 0x00, 0x02, 0xFB,
    0xD0, 0x00, 0x00, 0x0B, 0xFF, 0xFF, 0x80, 0x00, 0x0F, 0xFF, 0xFF, 0xFC, 0x00, 0x0F, 0xE4, 0xFC,
    0x6F, 0x80, 0x07, 0xE0, 0x3E, 0x02, 0xF0, 0x02, 0xF0, 0x0F, 0x80, 0x3E, 0x00, 0xFC, 0x03, 0xE0,
    0x0F, 0xC0, 0x7D, 0x00, 0xF8, 0x02, 0xF4, 0x2F, 0x00, 0x3E, 0x00, 0x3E, 0x0F, 0xC0, 0x0F, 0x80,
    0x0F, 0xC3, 0xE0, 0x03, 0xE0, 0x02, 0xF1, 0xF4, 0x00, 0xF8, 0x00, 0x7D, 0xFC, 0x00, 0x3E, 0x00,
    0x0F, 0xC0, 0x0F, 0xFF, 0xFF, 0xFF, 0xC0, 0x3F, 0xFF, 0xFF, 0xFF, 0x00, 0x3E, 0x00, 0x03, 0xF0,
    0x00, 0x3D, 0x00, 0x2F, 0x00, 0x00, 0x7D, 0x02, 0xF0, 0x00, 0x00, 0x7D, 0x2F, 0x40, 0x00, 0x00,
    0xBE, 0xF8, 0x00, 0x00, 0x2F, 0xFF, 0xFE, 0x00, 0x03, 0xFA, 0xFE, 0xFE, 0x00, 0x1F, 0x43, 0xE0,
    0xBD, 0x00, 0xFC, 0x0F, 0x80, 0xFC, 0x03, 0xD0, 0x3E, 0x01, 0xF0, 0x2F, 0x00, 0xF8, 0x03, 0xE0,
    0xF8, 0x03, 0xE0, 0x0B, 0xC7, 0xC0, 0x0F, 0x80, 0x1F, 0x6F, 0x00, 0x3E, 0x00, 0x3E, 0xF8, 0x03,
    0xFF, 0xFF, 0xFF, 0xFF, 0x0F, 0x80, 0x3F, 0xFF, 0xFF, 0xFF, 0xF0, 0xF8, 0x01, 0xF8, 0x00, 0x00,
    0xBD, 0x0F, 0x80, 0x0B, 0xD0, 0x00, 0x1F, 0x80, 0xF8, 0x00, 0x3F, 0x00, 0x03, 0xE0, 0x0F, 0x80,
    0x00, 0xFC, 0x00, 0xFC, 0x00, 0xF8, 0x00, 0x07, 0xE0, 0x3F, 0x00, 0x0F, 0x80, 0x00, 0x2F, 0x4B,
    0xC0, 0x00, 0xF8, 0x00, 0x00, 0xBE, 0xF4, 0x00, 0x0F, 0xFF, 0xFF, 0xFF, 0xFF, 0xF8, 0x00, 0xFF,
    0xFF, 0xFF, 0xFF, 0xFF, 0xF0, 0x0F, 0xC0, 0x0B, 0xE4, 0xFC, 0x6F, 0x80, 0xF8, 0x00, 0xF8, 0x0F,
    0x80, 0xBC, 0x0F, 0x80, 0x2F, 0x00, 0xF8, 0x03, 0xE0, 0xF8, 0x03, 0xE0, 0x0F, 0x80, 0x2F, 0x0F,
    0x80, 0x3D, 0x00, 0xF8, 0x01, 0xF4, 0xF8, 0x0B, 0xC0, 0x0F, 0x80, 0x0F, 0x8F, 0x80, 0xFC, 0x00,
    0xF8, 0x00, 0xFC, 0xF8, 0x0F, 0x80, 0x0F, 0x80, 0x07, 0xCF, 0x81, 0xF4, 0x00, 0xF8, 0x00, 0x3D,
    0xF8, 0x2F, 0x00, 0x0F, 0x80, 0x03, 0xF0, 0xF8, 0x3F, 0xFF, 0xFF, 0xFF, 0x0F, 0x83, 0xFF, 0xFF,
    0xFF, 0xF0, 0xF8, 0x0F, 0xC0, 0x00, 0xBC, 0x0F, 0x80, 0x3E, 0x00, 0x1F, 0x40, 0xF8, 0x01, 0xF8,
    0x07, 0xD0, 0x0F, 0x80, 0x07, 0xD1, 0xF8, 0x00, 0xFC, 0x00, 0x2F, 0xBE, 0x00, 0x0F, 0xFF, 0xFF,
    0xFF, 0xFD, 0x00, 0xFF, 0xFF, 0xFB, 0xFB, 0xF8, 0x0F, 0x80, 0xF8, 0x2F, 0x0B, 0xD0, 0xF8, 0x2F,
    0x02, 0xF0, 0x3F, 0x0F, 0x83, 0xE0, 0x2F, 0x01, 0xF0, 0xF8, 0x3C, 0x02, 0xF0, 0x0F, 0x8F, 0x8B,
    0x80, 0x2F, 0x00, 0xBC, 0xF8, 0xF4, 0x02, 0xF0, 0x07, 0xDF, 0x8F, 0x00, 0x2F, 0x00, 0x3E, 0x0B,
    0x80, 0x1F, 0x80, 0x0F, 0x81, 0xFF, 0x00, 0x0F, 0x9F, 0x80, 0x00, 0x1F, 0xF4, 0x00, 0x01, 0xBF,
    0xE4, 0x00, 0xBF, 0xFF, 0xFD, 0x07, 0xF5, 0x06, 0xFC, 0x09, 0x00, 0x01, 0xF8, 0x00, 0x00, 0x03,
    0xF0, 0x00, 0x00, 0x0F, 0xC0, 0x00, 0x00, 0x3E, 0x00, 0x00, 0x02, 0xF0, 0x00, 0x05, 0xBF, 0x40,
    0x1F, 0xFF, 0x90, 0x00, 0x7F, 0xFF, 0xE0, 0x00, 0x00, 0x1B, 0xF4, 0x00, 0x00, 0x03, 0xF0, 0x00,
    0x00, 0x07, 0xE0, 0x00, 0x00, 0x0F, 0x80, 0x00, 0x00, 0x3E, 0x00, 0x00, 0x01, 0xF8, 0x00, 0x00,
    0x0F, 0xC0, 0x00, 0x06, 0xFE, 0x02, 0xFF, 0xFF, 0xD0, 0x7F, 0xFF, 0xE4, 0x03, 0xF4, 0x00, 0x00,
    0x0F, 0xC0, 0x00, 0x00, 0x3F, 0x40, 0x00, 0x00, 0x7F, 0xFF, 0xFF, 0xE0, 0x7F, 0xFF, 0xFF, 0xC0,
    0x00, 0x00, 0x06, 0x00, 0x0F, 0x00, 0x3F, 0x01, 0xF0, 0x3F, 0xC0, 0x2F, 0x3F, 0x00, 0x03, 0xFE,
    0x00, 0x0B, 0xFF, 0xD0, 0x0F, 0xFF, 0xFF, 0x01, 0xE4, 0x1F, 0xE0, 0x00, 0x00, 0xFC, 0x00, 0x00,
    0x2F, 0x00, 0x00, 0x0F, 0x80, 0x00, 0x1F, 0xC0, 0x03, 0xFF, 0x40, 0x00, 0xFF, 0xF8, 0x00, 0x00,
    0x1F, 0xC0, 0x00, 0x00, 0xF8, 0x00, 0x00, 0x3E, 0x00, 0x00, 0x1F, 0x80, 0x00, 0x6F, 0xC1, 0xBF,
    0xFF, 0xD1, 0xFF, 0xFF, 0x80, 0xFD, 0x00, 0x00, 0x3F, 0x00, 0x00, 0x0F, 0xD0, 0x00, 0x01, 0xFF,
    0xFF, 0xFD, 0x1F, 0xFF, 0xFF, 0x40, 0x00, 0x00, 0x00, 0xF8, 0x00, 0xF8, 0x00, 0xFB, 0xE0, 0x03,
    0xE0, 0x03, 0xEF, 0x80, 0x0F, 0x80, 0x0F, 0xBE, 0x00, 0x3E, 0x00, 0x3E, 0xF8, 0x00, 0xF8, 0x00,
    0xFB, 0xE0, 0x03, 0xE0, 0x03, 0xEF, 0x80, 0x0F, 0x80, 0x0F, 0xBF, 0x00, 0x3E, 0x00, 0x3E, 0xFC,
    0x00, 0xF8, 0x00, 0xFA, 0xF0, 0x03, 0xE0, 0x07, 0xD7, 0xD0, 0x0F, 0x80, 0x2F, 0x0F, 0xC0, 0x3E,
    0x01, 0xF8, 0x1F, 0xD0, 0xF8, 0x2F, 0xC0, 0x1F, 0xFF, 0xFF, 0xFC, 0x00, 0x0B, 0xFF, 0xFF, 0x40,
    0x00, 0x00, 0x3F, 0x00, 0x00, 0x00, 0x00, 0xF8, 0x00, 0x00, 0x00, 0x03, 0xE0, 0x00, 0x00, 0x00,
    0x0F, 0x80, 0x00, 0x00, 0x00, 0x3E, 0x00, 0x00, 0x00, 0x00, 0xF8, 0x00, 0x00, 0x00, 0x01, 0xA0,
    0x00, 0x00, 0x00, 0x2F, 0x00, 0x00, 0x00, 0x02, 0xF0, 0x00, 0x00, 0x00, 0x2F, 0x00, 0x00, 0x00,
    0x02, 0xF0, 0x00, 0x00, 0x00, 0x2F, 0x00, 0x00, 0x00, 0x02, 0xF0, 0x00, 0x0F, 0x80, 0x2F, 0x00,
    0xFC, 0xF8, 0x02, 0xF0, 0x0B, 0xCF, 0x80, 0x2F, 0x00, 0x7D, 0xF8, 0x02, 0xF0, 0x07, 0xDF, 0x80,
    0x2F, 0x00, 0x3E, 0xF8, 0x02, 0xF0, 0x03, 0xEF, 0x80, 0x2F, 0x00, 0x3E, 0xF8, 0x02, 0xF0, 0x03,
    0xEF, 0x80, 0x2F, 0x00, 0x3E, 0xFC, 0x02, 0xF0, 0x03, 0xEF, 0xC0, 0x2F, 0x00, 0x7D, 0xBD, 0x02,
    0xF0, 0x0F, 0xC3, 0xF0, 0x2F, 0x02, 0xF8, 0x2F, 0xE3, 0xF1, 0xFF, 0x00, 0xBF, 0xFF, 0xFF, 0xC0,
    0x01, 0xBF, 0xFF, 0x90, 0x00, 0x00, 0x2F, 0x00, 0x00, 0x00, 0x02, 0xF0, 0x00, 0x00, 0x00, 0x2F,
    0x00, 0x00, 0x00, 0x02, 0xF0, 0x00, 0x00, 0x00, 0x2F, 0x00, 0x00, 0x00, 0x02, 0xF0, 0x00, 0x00,
    0x00, 0x2F, 0x00, 0x00, 0x00, 0x1B, 0xFF, 0x90, 0x00, 0x03, 0xFF, 0xFF, 0xF0, 0x00, 0x7F, 0x90,
    0x1B, 0xF4, 0x03, 0xF0, 0x00, 0x03, 0xF0, 0x2F, 0x00, 0x00, 0x03, 0xE0, 0xF8, 0x00, 0x00, 0x0B,
    0xCB, 0xC0, 0x00, 0x00, 0x0F, 0x6F, 0x00, 0x00, 0x00, 0x3E, 0xF8, 0x00, 0x00, 0x00, 0xFF, 0xFF,
    0xFF, 0xFF, 0xFF, 0xFF, 0xFF, 0xFF, 0xFF, 0xFF, 0xFF, 0x00, 0x00, 0x00, 0x3F, 0xFC, 0x00, 0x00,
    0x00, 0xFE, 0xF0, 0x00, 0x00, 0x03, 0xE7, 0xC0, 0x00, 0x00, 0x0F, 0x4F, 0x80, 0x00, 0x00, 0xBC,
    0x2F, 0x00, 0x00, 0x03, 0xE0, 0x3F, 0x40, 0x00, 0x7F, 0x00, 0x7F, 0x90, 0x1B, 0xF4, 0x00, 0x3F,
    0xFF, 0xFF, 0x00, 0x00, 0x1B, 0xFF, 0x90, 0x00, 0x00, 0xBF, 0xE4, 0x00, 0x1F, 0xFF, 0xFC, 0x01,
    0xFD, 0x06, 0xFC, 0x0F, 0xC0, 0x00, 0xF8, 0x7D, 0x00, 0x02, 0xF2, 0xF0, 0x00, 0x03, 0xDF, 0xC0,
    0x00, 0x0F, 0xBF, 0xFF, 0xFF, 0xFE, 0xFF, 0xFF, 0xFF, 0xFB, 0xE0, 0x00, 0x03, 0xEB, 0xC0, 0x00,
    0x0F, 0x5F, 0x00, 0x00, 0x7C, 0x3F, 0x00, 0x03, 0xE0, 0x7F, 0x40, 0xBF, 0x00, 0x7F, 0xFF, 0xF0,
    0x00, 0x1F, 0xF9, 0x00, 0x3E, 0x00, 0x00, 0x00, 0xBF, 0x3F, 0x00, 0x00, 0x03, 0xFF, 0x2F, 0x00,
    0x00, 0x07, 0xE1, 0x0F, 0x80, 0x00, 0x0F, 0xC0, 0x0F, 0xC0, 0x00, 0x1F, 0x40, 0x07, 0xD0, 0x00,
    0x2F, 0x00, 0x03, 0xE0, 0x00, 0x3E, 0x00, 0x02, 0xF0, 0x00, 0x7D, 0x00, 0x01, 0xF4, 0x00, 0xBC,
    0x00, 0x00, 0xF8, 0x00, 0xF8, 0x00, 0x00, 0xBC, 0x00, 0xF4, 0x00, 0x00, 0x7D, 0x02, 0xF0, 0x00,
    0x00, 0x3F, 0x03, 0xF0, 0x00, 0x00, 0x2F, 0x03, 0xD0, 0x00, 0x00, 0x0F, 0x47, 0xC0, 0x00, 0x00,
    0x0F, 0xCB, 0xC0, 0x00, 0x00, 0x0B, 0xCF, 0x80, 0x00, 0x00, 0x03, 0xEF, 0x00, 0x00, 0x00, 0x03,
    0xFF, 0x00, 0x00, 0x00, 0x01, 0xFE, 0x00, 0x00, 0x00, 0x00, 0xFD, 0x00, 0x00, 0x7C, 0x00, 0x00,
    0x7F, 0x3E, 0x00, 0x00, 0xFF, 0x3F, 0x00, 0x02, 0xF4, 0x1F, 0x00, 0x03, 0xE0, 0x0F, 0x80, 0x07,
    0xC0, 0x0B, 0xC0, 0x0B, 0xC0, 0x07, 0xD0, 0x0F, 0x80, 0x03, 0xE0, 0x1F, 0x00, 0x02, 0xF0, 0x2F,
    0x00, 0x00, 0xF4, 0x3E, 0x00, 0x00, 0xF8, 0x3D, 0x00, 0x00, 0x7C, 0x7C, 0x00, 0x00, 0x3D, 0xB8,
    0x00, 0x00, 0x3E, 0xF4, 0x00, 0x00, 0x1F, 0xF0, 0x00, 0x00, 0x0F, 0xE0, 0x00, 0x02, 0xF0, 0xBD,
    0x00, 0x00, 0x00, 0xF8, 0x3F, 0x00, 0x00, 0x00, 0x7C, 0x0F, 0x40, 0x00, 0x00, 0x1F, 0x07, 0xC0,
    0x00, 0x00, 0x07, 0x41, 0xE0, 0x00, 0x00, 0x00, 0x00, 0x00, 0x00, 0x00, 0x00, 0x00, 0x00, 0x00,
    0x3E, 0x00, 0x00, 0x00, 0xBF, 0x3F, 0x00, 0x00, 0x03, 0xFF, 0x2F, 0x00, 0x00, 0x07, 0xE1, 0x0F,
    0x80, 0x00, 0x0F, 0xC0, 0x0F, 0xC0, 0x00, 0x1F, 0x40, 0x07, 0xD0, 0x00, 0x2F, 0x00, 0x03, 0xE0,
    0x00, 0x3E, 0x00, 0x02, 0xF0, 0x00, 0x7D, 0x00, 0x01, 0xF4, 0x00, 0xBC, 0x00, 0x00, 0xF8, 0x00,
    0xF8, 0x00, 0x00, 0xBC, 0x00, 0xF4, 0x00, 0x00, 0x7D, 0x02, 0xF0, 0x00, 0x00, 0x3F, 0x03, 0xF0,
    0x00, 0x00, 0x2F, 0x03, 0xD0, 0x00, 0x00, 0x0F, 0x47, 0xC0, 0x00, 0x00, 0x0F, 0xCB, 0xC0, 0x00,
    0x00, 0x0B, 0xCF, 0x80, 0x00, 0x00, 0x03, 0xEF, 0x00, 0x00, 0x00, 0x03, 0xFF, 0x00, 0x00, 0x00,
    0x01, 0xFE, 0x00, 0x00, 0x00, 0x00, 0xFD, 0x00, 0x00, 0x2F, 0x47, 0xE0, 0x00, 0x0F, 0xC2, 0xF0,
    0x00, 0x03, 0xD0, 0xF8, 0x00, 0x01, 0xF0, 0x3C, 0x00, 0x00, 0x78, 0x0E, 0x00, 0x00, 0x00, 0x00,
    0x00, 0x00, 0x00, 0x00, 0x00, 0x7C, 0x00, 0x00, 0x7F, 0x3E, 0x00, 0x00, 0xFF, 0x3F, 0x00, 0x02,
    0xF4, 0x1F, 0x00, 0x03, 0xE0, 0x0F, 0x80, 0x07, 0xC0, 0x0B, 0xC0, 0x0B, 0xC0, 0x07, 0xD0, 0x0F,
    0x80, 0x03, 0xE0, 0x1F, 0x00, 0x02, 0xF0, 0x2F, 0x00, 0x00, 0xF4, 0x3E, 0x00, 0x00, 0xF8, 0x3D,
    0x00, 0x00, 0x7C, 0x7C, 0x00, 0x00, 0x3D, 0xB8, 0x00, 0x00, 0x3E, 0xF4, 0x00, 0x00, 0x1F, 0xF0,
    0x00, 0x00, 0x0F, 0xE0, 0x00, 0x00, 0x1F, 0xFE, 0x40, 0x00, 0x00, 0x00, 0x00, 0x00, 0x1F, 0xFF,
    0xFF, 0x00, 0x00, 0x00, 0x00, 0x00, 0x07, 0xF9, 0x06, 0xFC, 0x00, 0x00, 0x00, 0x00, 0x01, 0xFC,
    0x00, 0x07, 0xF0, 0x00, 0x00, 0x00, 0x00, 0x3F, 0x00, 0x00, 0x1F, 0x40, 0x00, 0x00, 0x00, 0x03,
    0xE0, 0x00, 0x00, 0xFC, 0x3E, 0x00, 0x00, 0x7D, 0xBC, 0x00, 0x00, 0x07, 0xC2, 0xF0, 0x00, 0x0B,
    0xCF, 0xC0, 0x00, 0x00, 0x7D, 0x0F, 0x40, 0x00, 0xF8, 0xFC, 0x00, 0x00, 0x03, 0xE0, 0xFC, 0x00,
    0x1F, 0x0F, 0xC0, 0x00, 0x00, 0x3E, 0x07, 0xC0, 0x02, 0xF0, 0xF8, 0x00, 0x00, 0x03, 0xE0, 0x3E,
    0x00, 0x3D, 0x0F, 0xC0, 0x00, 0x00, 0x3E, 0x02, 0xF0, 0x07, 0xC0, 0xFC, 0x00, 0x00, 0x03, 0xE0,
    0x1F, 0x40, 0xFC, 0x0B, 0xC0, 0x00, 0x00, 0x7D, 0x00, 0xF8, 0x0F, 0x40, 0xBC, 0x00, 0x00, 0x0B,
    0xC0, 0x07, 0xC1, 0xF0, 0x03, 0xE0, 0x00, 0x00, 0xFC, 0x00, 0x3D, 0x3E, 0x00, 0x3F, 0x00, 0x00,
    0x1F, 0x40, 0x02, 0xE3, 0xD0, 0x00, 0xFC, 0x00, 0x07, 0xF0, 0x00, 0x1F, 0x7C, 0x00, 0x07, 0xF9,
    0x06, 0xFC, 0x00, 0x00, 0xFF, 0x80, 0x00, 0x1F, 0xFF, 0xFF, 0x00, 0x00, 0x07, 0xF0, 0x00, 0x00,
    0x1B, 0xFE, 0x40, 0x00, 0x00, 0x3F, 0x00, 0x00, 0x00, 0x00, 0x00, 0x00, 0x00, 0x03, 0xD0, 0x00,
    0x00, 0x00, 0x00, 0x00, 0x00, 0x00, 0xBC, 0x00, 0x00, 0x00, 0x00, 0x00, 0x00, 0x00, 0x0F, 0x80,
    0x00, 0x00, 0x00, 0x00, 0x00, 0x00, 0x02, 0xF0, 0x00, 0x00, 0x00, 0x00, 0x00, 0x00, 0x10, 0xBE,
    0x00, 0x00, 0x00, 0x00, 0x00, 0x00, 0x03, 0xFF, 0xC0, 0x00, 0x00, 0x00, 0x00, 0x00, 0x00, 0x3F,
    0xD0, 0x00, 0x00, 0x00, 0xBF, 0xE4, 0x00, 0xF8, 0x00, 0x01, 0xF4, 0x1F, 0xFF, 0xFC, 0x02, 0xF0,
    0x00, 0x0F, 0xC1, 0xFD, 0x06, 0xFC, 0x07, 0xD0, 0x00, 0x3E, 0x0F, 0xC0, 0x01, 0xF8, 0x0F, 0xC0,
    0x01, 0xF4, 0x7D, 0x00, 0x02, 0xF0, 0x1F, 0x00, 0x0F, 0xC2, 0xF0, 0x00, 0x07, 0xD0, 0x3E, 0x00,
    0x3E, 0x0F, 0xC0, 0x00, 0x0F, 0x80, 0xBC, 0x02, 0xF0, 0x3E, 0x00, 0x00, 0x3E, 0x01, 0xF4, 0x0F,
    0xC0, 0xF8, 0x00, 0x00, 0xF8, 0x03, 0xE0, 0x3D, 0x03, 0xF0, 0x00, 0x03, 0xE0, 0x07, 0xC2, 0xF0,
    0x0B, 0xC0, 0x00, 0x1F, 0x40, 0x0F, 0x4F, 0x80, 0x1F, 0x40, 0x00, 0xBC, 0x00, 0x2E, 0x3D, 0x00,
    0x3F, 0x00, 0x07, 0xE0, 0x00, 0x7E, 0xF0, 0x00, 0x7F, 0x41, 0xBF, 0x00, 0x00, 0xFF, 0x80, 0x00,
    0x7F, 0xFF, 0xF0, 0x00, 0x02, 0xFC, 0x00, 0x00, 0x1F, 0xF9, 0x00, 0x00, 0x03, 0xF0, 0x00, 0x00,
    0x00, 0x00, 0x00, 0x00, 0x1F, 0x40, 0x00, 0x00, 0x00, 0x00, 0x00, 0x00, 0xBC, 0x00, 0x00, 0x00,
    0x00, 0x00, 0x00, 0x03, 0xE0, 0x00, 0x00, 0x00, 0x00, 0x00, 0x00, 0x2F, 0x00, 0x00, 0x00, 0x00,
    0x00, 0x00, 0x42, 0xF8, 0x00, 0x00, 0x00, 0x00, 0x00, 0x03, 0xFF, 0xC0, 0x00, 0x00, 0x00, 0x00,
    0x00, 0x0F, 0xF4, 0x00, 0x00, 0x00, 0x00, 0x00, 0x7D, 0x00, 0x00, 0x00, 0x01, 0xFF, 0x40, 0x00,
    0x00, 0x7F, 0xFF, 0xF8, 0x00, 0x02, 0xFF, 0xFF, 0xFF, 0x80, 0x0B, 0xF4, 0x7D, 0x1F, 0xE0, 0x1F,
    0xC0, 0x00, 0x03, 0xF4, 0x3F, 0x00, 0x00, 0x00, 0xFC, 0x7E, 0x00, 0x00, 0x00, 0xBD, 0xBC, 0x00,
    0x00, 0x00, 0x3E, 0xFC, 0x00, 0x00, 0x00, 0x3F, 0xFC, 0x00, 0x00, 0x00, 0x3F, 0xF8, 0x00, 0x00,
    0x00, 0x2F, 0xF8, 0x00, 0x00, 0x00, 0x2F, 0xFC, 0x00, 0x00, 0x00, 0x3F, 0xFC, 0x00, 0x00, 0x00,
    0x3F, 0xBC, 0x00, 0x00, 0x00, 0x3E, 0x7E, 0x00, 0x00, 0x00, 0xBC, 0x3F, 0x00, 0x00, 0x00, 0xFC,
    0x1F, 0xC0, 0x00, 0x03, 0xF0, 0x0B, 0xF4, 0x7D, 0x1F, 0xD0, 0x02, 0xFF, 0xFF, 0xFF, 0x40, 0x00,
    0x2F, 0xFF, 0xF8, 0x00, 0x00, 0x01, 0xFF, 0x40, 0x00, 0x00, 0x00, 0x7D, 0x00, 0x00, 0x00, 0x07,
    0xD0, 0x00, 0x00, 0x1F, 0xF4, 0x00, 0x02, 0xFF, 0xFF, 0x80, 0x0F, 0xFF, 0xFF, 0xF0, 0x2F, 0x87,
    0xD2, 0xF8, 0x7E, 0x00, 0x00, 0xBC, 0xBC, 0x00, 0x00, 0x3E, 0xFC, 0x00, 0x00, 0x3F, 0xFC, 0x00,
    0x00, 0x3F, 0xF8, 0x00, 0x00, 0x2F, 0xFC, 0x00, 0x00, 0x3F, 0xFC, 0x00, 0x00, 0x3F, 0xBC, 0x00,
    0x00, 0x3E, 0x3E, 0x00, 0x00, 0xBC, 0x2F, 0x87, 0xD2, 0xF8, 0x0F, 0xFF, 0xFF, 0xF0, 0x02, 0xFF,
    0xFF, 0x80, 0x00, 0x1F, 0xF4, 0x00, 0x00, 0x07, 0xD0, 0x00, 0x00, 0x00, 0x00, 0x00, 0x00, 0x00,
    0x00, 0x00, 0x00, 0xBF, 0x80, 0x00, 0x00, 0x00, 0x00, 0x0B, 0xFF, 0xE4, 0x00, 0x00, 0x00, 0x00,
    0x3D, 0x1B, 0xFD, 0x00, 0x00, 0x00, 0x00, 0xF0, 0x42, 0xF4, 0x00, 0x00, 0x00, 0x00, 0x0F, 0x40,
    0x00, 0x00, 0x00, 0x00, 0x00, 0x2E, 0x00, 0x00, 0x00, 0x00, 0x00, 0x00, 0x28, 0x00, 0x00, 0x00,
    0x00, 0x00, 0x01, 0xC0, 0x00, 0x00, 0x00, 0x00, 0x00, 0x08, 0x00, 0x00, 0x00, 0x00, 0x00, 0x00,
    0x00, 0x00, 0x00, 0x00, 0x00, 0x1F, 0xF8, 0x00, 0x7F, 0xF4, 0x00, 0x03, 0xFF, 0xFC, 0x0F, 0xFF,
    0xFC, 0x00, 0x3F, 0x91, 0xA0, 0x1D, 0x06, 0xFD, 0x02, 0xF8, 0x00, 0x00, 0x00, 0x01, 0xFC, 0x0F,
    0xC0, 0x00, 0x00, 0x00, 0x01, 0xF8, 0x7D, 0x00, 0x00, 0x00, 0x00, 0x03, 0xF2, 0xF0, 0x00, 0x00,
    0x00, 0x00, 0x0B, 0xDF, 0xC0, 0x00, 0x00, 0x00, 0x00, 0x1F, 0x7F, 0x00, 0x00, 0x00, 0x00, 0x00,
    0x3E, 0xF8, 0x00, 0x00, 0x00, 0x00, 0x00, 0xFB, 0xE0, 0x00, 0x00, 0x00, 0x00, 0x03, 0xEF, 0xC0,
    0x00, 0x29, 0x00, 0x00, 0x0F, 0xBF, 0x00, 0x00, 0xF8, 0x00, 0x00, 0x3E, 0xBC, 0x00, 0x03, 0xE0,
    0x00, 0x01, 0xF6, 0xF0, 0x00, 0x0F, 0x80, 0x00, 0x0B, 0xC7, 0xE0, 0x00, 0x3E, 0x00, 0x00, 0x3F,
    0x0F, 0xC0, 0x00, 0xF8, 0x00, 0x02, 0xF4, 0x1F, 0xC0, 0x03, 0xF0, 0x00, 0x2F, 0xC0, 0x2F, 0xD0,
    0x7F, 0xF4, 0x07, 0xFC, 0x00, 0x2F, 0xFF, 0xFB, 0xFF, 0xFF, 0xC0, 0x00, 0x1B, 0xFD, 0x01, 0xBF,
    0xE4, 0x00, 0x00, 0x00, 0x00, 0x00, 0x00, 0x00, 0x00, 0x0B, 0xFE, 0x50, 0x00, 0x00, 0x00, 0xBF,
    0xFF, 0xFC, 0x00, 0x00, 0x03, 0xD0, 0x6B, 0xF0, 0x00, 0x00, 0x00, 0x0F, 0x40, 0x00, 0x00, 0x00,
    0x00, 0x2E, 0x00, 0x00, 0x00, 0x00, 0x00, 0x28, 0x00, 0x00, 0x00, 0x00, 0x01, 0xC0, 0x00, 0x00,
    0x00, 0x00, 0x1D, 0x00, 0x00, 0x00, 0x00, 0x00, 0x00, 0x00, 0x00, 0x00, 0x00, 0x00, 0x00, 0x00,
    0x00, 0x00, 0x6F, 0xE4, 0x02, 0xFE, 0x40, 0x0B, 0xFF, 0xD0, 0x2F, 0xFF, 0x80, 0xBE, 0x06, 0x00,
    0x24, 0x6F, 0x83, 0xE0, 0x00, 0x00, 0x00, 0x3F, 0x2F, 0x00, 0x00, 0x00, 0x00, 0x7E, 0xFC, 0x00,
    0x00, 0x00, 0x00, 0xFF, 0xF0, 0x00, 0x00, 0x00, 0x03, 0xFF, 0x80, 0x00, 0x00, 0x00, 0x0B, 0xFE,
    0x00, 0x03, 0xE0, 0x00, 0x2F, 0xFC, 0x00, 0x0F, 0x80, 0x00, 0xFF, 0xF0, 0x00, 0x3E, 0x00, 0x03,
    0xFB, 0xD0, 0x00, 0xF8, 0x00, 0x1F, 0x8F, 0xC0, 0x03, 0xF0, 0x00, 0xFC, 0x2F, 0xD0, 0xBF, 0xF4,
    0x1F, 0xD0, 0x2F, 0xFF, 0xE3, 0xFF, 0xFE, 0x00, 0x1B, 0xF9, 0x01, 0xFF, 0x80, 0x00, 0x00, 0x03,
    0xFF, 0xFF, 0xFC, 0x00, 0x00, 0x00, 0x74, 0x38, 0x1D, 0x00, 0x00, 0x00, 0x08, 0x04, 0x02, 0x00,
    0x00, 0x00, 0x00, 0x00, 0x00, 0x00, 0x00, 0x00, 0x00, 0x00, 0x00, 0x00, 0x00, 0x3E, 0x00, 0x00,
    0xF8, 0x00, 0x02, 0xFF, 0xC0, 0x00, 0x3F, 0x00, 0x00, 0xBF, 0xF0, 0x00, 0x0F, 0xC0, 0x00, 0x3F,
    0xFC, 0x00, 0x02, 0xF0, 0x00, 0x0F, 0xEF, 0x00, 0x00, 0xBC, 0x00, 0x03, 0xF7, 0xD0, 0x00, 0x1F,
    0x40, 0x00, 0xF9, 0xF4, 0x00, 0x0B, 0xE0, 0x00, 0x3E, 0x3E, 0x00, 0x03, 0xFC, 0x00, 0x0F, 0x4F,
    0xC0, 0x01, 0xFF, 0x00, 0x07, 0xC2, 0xF0, 0x00, 0xBF, 0xD0, 0x02, 0xF0, 0x7D, 0x00, 0x3E, 0xF8,
    0x00, 0xBC, 0x0F, 0xC0, 0x1F, 0x3F, 0x00, 0x3E, 0x02, 0xF0, 0x0B, 0x87, 0xD0, 0x0F, 0x40, 0x7D,
    0x03, 0xD0, 0xF8, 0x07, 0xC0, 0x0F, 0xC1, 0xF0, 0x2F, 0x03, 0xE0, 0x01, 0xF4, 0xF8, 0x07, 0xE0,
    0xF4, 0x00, 0x3E, 0x3D, 0x00, 0xFC, 0x7C, 0x00, 0x0B, 0xDF, 0x00, 0x1F, 0x7E, 0x00, 0x00, 0xFF,
    0x80, 0x03, 0xFF, 0x00, 0x00, 0x2F, 0xD0, 0x00, 0x7F, 0x80, 0x00, 0x03, 0xF0, 0x00, 0x0B, 0xC0,
    0x00, 0x00, 0x3F, 0xFF, 0xFF, 0xC0, 0x00, 0x01, 0xC0, 0xE0, 0x74, 0x00, 0x00, 0x08, 0x04, 0x02,
    0x00, 0x00, 0x00, 0x00, 0x00, 0x00, 0x00, 0x00, 0x00, 0x00, 0x00, 0x00, 0x0F, 0x80, 0x02, 0xF0,
    0x00, 0x3E, 0xFC, 0x00, 0x2F, 0x00, 0x03, 0xEF, 0xC0, 0x02, 0xF0, 0x00, 0x3E, 0xBC, 0x00, 0x1F,
    0x40, 0x03, 0xDB, 0xC0, 0x01, 0xF4, 0x00, 0x7D, 0x7D, 0x00, 0x0F, 0x80, 0x0B, 0xC3, 0xE0, 0x00,
    0xFC, 0x00, 0xFC, 0x2F, 0x00, 0x2F, 0xC0, 0x0F, 0x81, 0xF0, 0x03, 0xFD, 0x01, 0xF4, 0x0F, 0x80,
    0xBA, 0xF0, 0x2F, 0x00, 0xBC, 0x0F, 0x1F, 0x03, 0xE0, 0x03, 0xD2, 0xE0, 0xF8, 0x7C, 0x00, 0x2F,
    0x3C, 0x0B, 0xCF, 0x80, 0x00, 0xFB, 0x80, 0x3E, 0xF0, 0x00, 0x0B, 0xF0, 0x02, 0xFE, 0x00, 0x00,
    0x3F, 0x00, 0x0F, 0xC0, 0x00, 0x00, 0x06, 0xFF, 0xE4, 0x00, 0x2F, 0xFF, 0xFF, 0xC0, 0x3F, 0xE4,
    0x06, 0xD0, 0x3F, 0x80, 0x00, 0x00, 0x1F, 0x80, 0x00, 0x00, 0x0F, 0xC0, 0x00, 0x00, 0x07, 0xD0,
    0x00, 0x00, 0x02, 0xF0, 0x00, 0x00, 0x00, 0xFC, 0x00, 0x00, 0x00, 0x3F, 0x00, 0x00, 0x00, 0x0F,
    0x80, 0x00, 0x00, 0x03, 0xF0, 0x00, 0x00, 0x00, 0xFC, 0x00, 0x00, 0x00, 0x2F, 0x00, 0x00, 0x00,
    0x07, 0xD0, 0x00, 0x00, 0x00, 0xFC, 0x00, 0x00, 0x00, 0x2F, 0x40, 0x00, 0x00, 0x03, 0xF4, 0x00,
    0x00, 0x00, 0x7F, 0xD4, 0x04, 0x00, 0x03, 0xFF, 0xFE, 0x00, 0x00, 0x0B, 0xFF, 0x80, 0x00, 0x00,
    0x03, 0xE0, 0x00, 0x00, 0x00, 0xF8, 0x00, 0x00, 0x00, 0x3E, 0x00, 0x00, 0x00, 0x0F, 0x80, 0x00,
    0x00, 0x03, 0xE0, 0x00, 0x00, 0x00, 0xF8, 0x00, 0x00, 0x00, 0x29, 0x00, 0x00, 0xBF, 0xF8, 0x07,
    0xFF, 0xFD, 0x1F, 0xD0, 0x18, 0x3F, 0x00, 0x00, 0x7D, 0x00, 0x00, 0xFC, 0x00, 0x00, 0xFC, 0x00,
    0x00, 0xF8, 0x00, 0x00, 0xF8, 0x00, 0x00, 0xFC, 0x00, 0x00, 0xFC, 0x00, 0x00, 0xBD, 0x00, 0x00,
    0x3F, 0x00, 0x00, 0x2F, 0xD0, 0x60, 0x0B, 0xFF, 0xF0, 0x00, 0xBF, 0xF0, 0x00, 0x02, 0xF0, 0x00,
    0x02, 0xF0, 0x00, 0x02, 0xF0, 0x00, 0x02, 0xF0, 0x00, 0x02, 0xF0, 0x00, 0x02, 0xF0, 0x00, 0x02,
    0xF0, 0x00, 0x00, 0x00, 0x00, 0x00, 0x00, 0x01, 0xD0, 0x00, 0x00, 0x03, 0xC0, 0x00, 0x38, 0x0B,
    0x80, 0x00, 0x7F, 0x4F, 0x00, 0x00, 0x0B, 0xFE, 0x00, 0x00, 0x01, 0xFE, 0x00, 0x00, 0x00, 0xFF,
    0xE0, 0x00, 0x02, 0xF2, 0xFC, 0x10, 0x03, 0xC0, 0x28, 0x3D, 0x0B, 0x80, 0x00, 0x2F, 0x9F, 0x00,
    0x00, 0x07, 0xFE, 0x00, 0x00, 0x00, 0xBF, 0x40, 0x00, 0x00, 0xFF, 0xF4, 0x00, 0x02, 0xF0, 0xFC,
    0x00, 0x03, 0xC0, 0x18, 0x00, 0x0B, 0x80, 0x00, 0x00, 0x07, 0x00, 0x00, 0x00, 0x00, 0x00, 0x00,
    0x00, 0x00, 0x00, 0xF2, 0xFF, 0xFF, 0xDF, 0xFF, 0xFF, 0x7E, 0x00, 0x00, 0x10, 0x00, 0x00, 0x00,
    0x2F, 0xD0, 0x1F, 0xFF, 0xDF, 0xFE, 0x4B, 0xEF, 0x40, 0x0F, 0x7C, 0xFC, 0xF0, 0x74, 0x1E, 0x00,
    0x3D, 0x7F, 0x0F, 0x2D, 0x74, 0x00, 0x2F, 0xE0, 0x02, 0xFF, 0xF9, 0x0F, 0x47, 0xFF, 0xBC, 0x00,
    0xBE, 0x00, 0x00, 0x00, 0x00, 0x00, 0x00, 0x00, 0x00, 0x00, 0x00, 0x00, 0x02, 0xFE, 0x00, 0x00,
    0x00, 0x00, 0x00, 0x00, 0x02, 0xFF, 0xD0, 0x00, 0x00, 0x00, 0x00, 0x00, 0x00, 0xE0, 0x3C, 0x00,
    0x00, 0x00, 0x00, 0x00, 0x00, 0x20, 0x01, 0x00, 0x00, 0x00, 0x00, 0x00, 0x00, 0x00, 0x00, 0x00,
    0x00, 0x00, 0x00, 0x07, 0xF4, 0x00, 0x00, 0x00, 0x0B, 0xF4, 0x00, 0x07, 0xFF, 0x40, 0x00, 0x00,
    0x0B, 0xFF, 0x00, 0x03, 0xC1, 0xB0, 0x00, 0x00, 0x03, 0x81, 0xE0, 0x00, 0x90, 0x08, 0x00, 0x00,
    0x00, 0x80, 0x18, 0x00, 0x00, 0x00, 0x00, 0x00, 0x00, 0x00, 0x00, 0x00, 0x00, 0x00, 0x00, 0x00,
    0x00, 0x00, 0x00, 0x00, 0x00, 0x00, 0x00, 0x00, 0x00, 0x00, 0x00, 0x00, 0x00, 0x00, 0x00, 0x00,
    0x00, 0x00, 0x00, 0x00, 0x00, 0x00, 0x00, 0x00, 0x00, 0x00, 0x00, 0x00, 0x00, 0xBF, 0x80, 0x00,
    0x00, 0x00, 0x00, 0x0B, 0xF8, 0xBF, 0xF8, 0x00, 0x00, 0x00, 0x00, 0x0B, 0xFF, 0xB8, 0x0B, 0x00,
    0x00, 0x00, 0x00, 0x03, 0x80, 0xB4, 0x00, 0x40, 0x00, 0x00, 0x00, 0x00, 0x40, 0x04, 0x00, 0x00,
    0x00, 0x00, 0x00, 0x00, 0x00, 0x00, 0x00, 0x00, 0x00, 0x00, 0x00, 0x00, 0x00, 0x00, 0x00, 0x00,
    0x00, 0x00, 0x00, 0x00, 0x00, 0x00, 0x00, 0x00, 0x00, 0x00, 0x00, 0x00, 0x00, 0x00, 0x00, 0x01,
    0xFD, 0x00, 0x00, 0x00, 0x02, 0xFD, 0x00, 0x01, 0xFF, 0xE0, 0x00, 0x00, 0x02, 0xFF, 0xC0, 0x00,
    0xF0, 0x2C, 0x00, 0x00, 0x00, 0xE0, 0x78, 0x00, 0x20, 0x02, 0x00, 0x00, 0x00, 0x20, 0x05, 0x00,
    0x00, 0x00, 0x00, 0x00, 0x00, 0x00, 0x00, 0x00, 0x00, 0x00, 0x00, 0x0B, 0xF8, 0x00, 0x00, 0x00,
    0x00, 0x00, 0x00, 0x0B, 0xFF, 0x40, 0x00, 0x00, 0x00, 0x00, 0x00, 0x03, 0x80, 0xF0, 0x00, 0x00,
    0x00, 0x00, 0x00, 0x00, 0x80, 0x04, 0x00, 0x00, 0x00, 0x00, 0x00, 0x00, 0x00, 0xF0, 0x00, 0x00,
    0x00, 0x00, 0x00, 0x00, 0x01, 0xE0, 0x00, 0x00, 0x00, 0x00, 0x00, 0x00, 0x03, 0xD0, 0x00, 0x00,
    0x00, 0x00, 0x00, 0x00, 0x03, 0xC0, 0x00, 0x00, 0x00, 0x00, 0x24, 0x00, 0x0B, 0xC0, 0x00, 0x00,
    0x00, 0x00, 0x3C, 0x00, 0x0F, 0xC0, 0x00, 0x06, 0x00, 0x00, 0x2F, 0x00, 0x00, 0x00, 0x00, 0xBF,
    0x40, 0x00, 0x0F, 0x40, 0x00, 0x00, 0x0B, 0xF8, 0x00, 0x00, 0x0B, 0xC0, 0x00, 0x00, 0x0B, 0xD0,
    0x00, 0x00, 0x03, 0x80, 0x00, 0x00, 0x02, 0x00, 0x00, 0x00, 0x01, 0x00, 0x00, 0x00, 0x00, 0x00,
    0x00, 0x00, 0x00, 0x00, 0x00, 0x00, 0x00, 0x00, 0x00, 0x00, 0x00, 0x00, 0x00, 0x00, 0x00, 0x00,
    0x00, 0x00, 0x00, 0x00, 0x00, 0x00, 0x00, 0x00, 0x00, 0xA4, 0x00, 0x00, 0x00, 0x00, 0x00, 0x0E,
    0x00, 0xFF, 0xE0, 0x00, 0x00, 0x00, 0x00, 0x0F, 0xF4, 0x1F, 0xF0, 0x00, 0x00, 0x00, 0x00, 0x0F,
    0xFF, 0x00, 0xB0, 0x00, 0x00, 0x00, 0x00, 0x00, 0x1B, 0x00, 0x00, 0x00, 0x00, 0x00, 0x00, 0x00,
    0x00, 0x00, 0x00, 0x00, 0x00, 0x00, 0x00, 0x00, 0x00, 0x00, 0x00, 0x00, 0x00, 0x00, 0x00, 0x00,
    0x00, 0x00, 0x00, 0x00, 0x00, 0x00, 0x00, 0x00, 0x00, 0x00, 0x00, 0x00, 0x00, 0x00, 0x00, 0x80,
    0x00, 0x00, 0x01, 0xC0, 0x00, 0x00, 0x03, 0xC0, 0x00, 0x00, 0x0B, 0xF0, 0x00, 0x00, 0x03, 0xE0,
    0x00, 0x00, 0x7F, 0xC0, 0x00, 0x00, 0x01, 0xF0, 0x00, 0x01, 0xF9, 0x00, 0x03, 0xF0, 0x00, 0xB8,
    0x00, 0x00, 0x40, 0x00, 0x03, 0xE0, 0x00, 0x3C, 0x00, 0x00, 0x00, 0x00, 0x03, 0xC0, 0x00, 0x14,
    0x00, 0x00, 0x00, 0x00, 0x07, 0xC0, 0x00, 0x00, 0x00, 0x00, 0x00, 0x00, 0x0B, 0x40, 0x00, 0x00,
    0x00, 0x00, 0x00, 0x00, 0x0B, 0x00, 0x00, 0x00, 0x00, 0x02, 0xF0, 0x02, 0xE0, 0x00, 0x01, 0xF8,
    0x0B, 0xD0, 0x00, 0x00, 0xFF, 0xFF, 0xC0, 0x00, 0x00, 0x2F, 0xFD, 0x00, 0x00, 0x00, 0x00, 0x00,
    0x00, 0x00, 0x00, 0x00, 0x00, 0x00, 0x00, 0xF8, 0x00, 0x00, 0x2F, 0xC0, 0xF8, 0x00, 0x00, 0x3F,
    0xC0, 0xF8, 0x00, 0x00, 0xFF, 0xC0, 0xF8, 0x00, 0x01, 0xFF, 0xC0, 0xF8, 0x00, 0x03, 0xFB, 0xC0,
    0xF8, 0x00, 0x0B, 0xCB, 0xC0, 0xF8, 0x00, 0x1F, 0x8B, 0xC0, 0xF8, 0x00, 0x3F, 0x0B, 0xC0, 0xF8,
    0x00, 0x7D, 0x0B, 0xC0, 0xF8, 0x00, 0xF8, 0x0B, 0xC0, 0xF8, 0x02, 0xF0, 0x0B, 0xC0, 0xF8, 0x07,
    0xD0, 0x0B, 0xC0, 0xF8, 0x0F, 0x80, 0x0B, 0xC0, 0xF8, 0x2F, 0x00, 0x0B, 0xC0, 0xF8, 0x3D, 0x00,
    0x0B, 0xC0, 0xF8, 0xFC, 0x00, 0x0B, 0xC0, 0xF9, 0xF0, 0x00, 0x0B, 0xC0, 0xFF, 0xE0, 0x00, 0x0B,
    0xC0, 0xFF, 0xC0, 0x00, 0x0B, 0xC0, 0xFF, 0x00, 0x00, 0x0B, 0xFE, 0xFE, 0x00, 0x00, 0x0B, 0xFD,
    0x00, 0x00, 0x00, 0x00, 0x3C, 0x00, 0x00, 0x00, 0x00, 0xBC, 0x00, 0x00, 0x00, 0x00, 0xF8, 0x00,
    0x00, 0x00, 0x02, 0xF4, 0x00, 0x00, 0x00, 0x03, 0xF0, 0x00, 0x00, 0x00, 0x07, 0xF0, 0x0F, 0x80,
    0x0F, 0x80, 0x02, 0xF4, 0x0B, 0xD0, 0x00, 0x3F, 0xFF, 0xF0, 0x00, 0x02, 0xFF, 0xE0, 0x00, 0x00,
    0x00, 0x00, 0x00, 0x00, 0x00, 0x00, 0x00, 0x0F, 0x80, 0x00, 0xFF, 0x03, 0xE0, 0x00, 0x7F, 0xC0,
    0xF8, 0x00, 0x3F, 0xF0, 0x3E, 0x00, 0x2F, 0xBC, 0x0F, 0x80, 0x0F, 0x2F, 0x03, 0xE0, 0x0B, 0x8B,
    0xC0, 0xF8, 0x07, 0xC2, 0xF0, 0x3E, 0x03, 0xD0, 0xBC, 0x0F, 0x81, 0xF0, 0x2F, 0x03, 0xE0, 0xF4,
    0x0B, 0xC0, 0xF8, 0xB8, 0x02, 0xF0, 0x3E, 0x3C, 0x00, 0xBC, 0x0F, 0xBE, 0x00, 0x2F, 0x03, 0xFF,
    0x00, 0x0B, 0xC0, 0xFF, 0x40, 0x02, 0xFF, 0xBF, 0xC0, 0x00, 0xBF, 0xD0, 0x00, 0x00, 0x00, 0xF0,
    0x00, 0x00, 0x00, 0xBC, 0x00, 0x00, 0x00, 0x3E, 0x00, 0x00, 0x00, 0x0F, 0x40, 0x00, 0x00, 0x0B,
    0xC0, 0x00, 0x00, 0x03, 0xF0, 0x0F, 0x80, 0x00, 0x00, 0x0F, 0x80, 0x00, 0x00, 0x0F, 0xC0, 0x00,
    0x00, 0xFF, 0xFF, 0xF0, 0x00, 0xFF, 0xFF, 0xF0, 0x00, 0x0F, 0x80, 0x00, 0x00, 0x0F, 0x80, 0x00,
    0x00, 0x0F, 0x80, 0x00, 0x00, 0x0F, 0x80, 0x00, 0x00, 0x0F, 0xFF, 0xFA, 0x00, 0x0F, 0xFF, 0xFF,
    0xE0, 0x0F, 0xC0, 0x1B, 0xF8, 0x0F, 0x80, 0x00, 0xFC, 0x0F, 0x80, 0x00, 0x3E, 0x0F, 0x80, 0x00,
    0x3E, 0x0F, 0x80, 0x00, 0x3E, 0x0F, 0x80, 0x00, 0x7E, 0x0F, 0x80, 0x00, 0xFC, 0x0F, 0xC0, 0x5B,
    0xF8, 0x0F, 0xFF, 0xFF, 0xE0, 0x0F, 0xFF, 0xFE, 0x00, 0x06, 0x80, 0x00, 0x00, 0x0B, 0xC0, 0x00,
    0x00, 0x0B, 0xC0, 0x00, 0x00, 0x0B, 0xC0, 0x00, 0x00, 0xFF, 0xFF, 0xC0, 0x00, 0xFF, 0xFF, 0xC0,
    0x00, 0x0F, 0xC0, 0x00, 0x00, 0x0B, 0xC0, 0x00, 0x00, 0x0B, 0xC0, 0x00, 0x00, 0x0B, 0xC0, 0x00,
    0x00, 0x0B, 0xC0, 0x00, 0x00, 0x0B, 0xC0, 0x00, 0x00, 0x0B, 0xC0, 0x00, 0x00, 0x0B, 0xC0, 0x00,
    0x00, 0x0B, 0xFF, 0xFF, 0xD0, 0x0B, 0xFF, 0xFF, 0xF8, 0x0B, 0xC0, 0x01, 0xFD, 0x0B, 0xC0, 0x00,
    0x3E, 0x0B, 0xC0, 0x00, 0x3E, 0x0B, 0xC0, 0x00, 0x7E, 0x0B, 0xC0, 0x01, 0xFC, 0x0B, 0xFF, 0xFF,
    0xF4, 0x0B, 0xFF, 0xFF, 0x80, 0xFF, 0xFF, 0xE0, 0x0F, 0xFF, 0xFF, 0xE0, 0xFC, 0x01, 0xBF, 0x8F,
    0x80, 0x00, 0xFC, 0xF8, 0x00, 0x07, 0xEF, 0x80, 0x00, 0x3E, 0xF8, 0x00, 0x03, 0xEF, 0x80, 0x10,
    0x3E, 0xF8, 0x0F, 0x07, 0xDF, 0x80, 0xBD, 0xFC, 0xFC, 0x03, 0xFF, 0x4F, 0xFF, 0xFF, 0xD0, 0xFF,
    0xFF, 0xFC, 0x0F, 0x80, 0x02, 0xF0, 0xF8, 0x00, 0x0E, 0x0F, 0x80, 0x00, 0x00, 0xF8, 0x00, 0x00,
    0x0F, 0x80, 0x00, 0x00, 0xF8, 0x00, 0x00, 0x0F, 0x80, 0x00, 0x00, 0xF8, 0x00, 0x00, 0x00, 0xF4,
    0x2F, 0xE4, 0x0F, 0x5F, 0xFF, 0xE0, 0xFF, 0xD0, 0x7F, 0x8F, 0xE0, 0x00, 0xFC, 0xFC, 0x00, 0x07,
    0xEF, 0xC0, 0x00, 0x3F, 0xFC, 0x00, 0x03, 0xFF, 0x80, 0x00, 0x2F, 0xF8, 0x00, 0x02, 0xFF, 0xC0,
    0x00, 0x3F, 0xFC, 0x00, 0x43, 0xFF, 0xD0, 0x3C, 0x7E, 0xFF, 0x02, 0xFF, 0xCF, 0xFD, 0x0F, 0xF4,
    0xFA, 0xFF, 0xFE, 0x0F, 0x86, 0xFF, 0xF0, 0xF8, 0x00, 0x0B, 0x8F, 0x80, 0x00, 0x34, 0xF8, 0x00,
    0x00, 0x0F, 0x80, 0x00, 0x00, 0xF8, 0x00, 0x00, 0x0F, 0x80, 0x00, 0x00, 0xF8, 0x00, 0x00, 0x00,
    0x00, 0x00, 0x2F, 0x00, 0x00, 0x2F, 0x00, 0x00, 0x2F, 0x00, 0x00, 0x2F, 0xFF, 0xFF, 0xFF, 0xFF,
    0xFF, 0xFF, 0xFC, 0x00, 0x00, 0xF8, 0x00, 0x00, 0xF8, 0x00, 0x00, 0xF8, 0x00, 0x00, 0xF8, 0x00,
    0x00, 0xF8, 0x00, 0x00, 0xF8, 0x00, 0x00, 0xF8, 0x00, 0x00, 0xF8, 0x00, 0x00, 0xF8, 0x00, 0x00,
    0xF8, 0x00, 0x00, 0xF8, 0x00, 0x00, 0xF8, 0x00, 0x00, 0xF8, 0x00, 0x00, 0xF8, 0x00, 0x00, 0xF8,
    0x00, 0x00, 0xF8, 0x00, 0x00, 0xF8, 0x00, 0x00, 0xF8, 0x00, 0x00, 0x00, 0x02, 0x90, 0x00, 0x3E,
    0x00, 0x03, 0xE0, 0x00, 0x3E, 0x00, 0x03, 0xEF, 0xFF, 0xFE, 0xFF, 0xFF, 0xEF, 0xC0, 0x00, 0xF8,
    0x00, 0x0F, 0x80, 0x00, 0xF8, 0x00, 0x0F, 0x80, 0x00, 0xF8, 0x00, 0x0F, 0x80, 0x00, 0xF8, 0x00,
    0x0F, 0x80, 0x00, 0xF8, 0x00, 0x0F, 0x80, 0x00, 0xF8, 0x00, 0x0F, 0x80, 0x00, 0xF8, 0x00, 0x00,
    0x0F, 0xFF, 0xFF, 0xF0, 0xFF, 0xFF, 0xFF, 0x0F, 0xC0, 0x00, 0x00, 0xF8, 0x00, 0x00, 0x0F, 0x80,
    0x00, 0x00, 0xF8, 0x00, 0x00, 0x0F, 0x80, 0x00, 0x00, 0xF8, 0x00, 0x00, 0x0F, 0x80, 0x00, 0x00,
    0xFC, 0x00, 0x00, 0xFF, 0xFF, 0xFC, 0x0F, 0xFF, 0xFF, 0xC0, 0x0F, 0x80, 0x00, 0x00, 0xF8, 0x00,
    0x00, 0x0F, 0x80, 0x00, 0x00, 0xF8, 0x00, 0x00, 0x0F, 0x80, 0x00, 0x00, 0xF8, 0x00, 0x00, 0x0F,
    0x80, 0x00, 0x00, 0xF8, 0x00, 0x00, 0x0F, 0x80, 0x00, 0x00, 0x0B, 0xFF, 0xFF, 0x0B, 0xFF, 0xFF,
    0x0B, 0xC0, 0x00, 0x0B, 0xC0, 0x00, 0x0B, 0xC0, 0x00, 0x0B, 0xC0, 0x00, 0x0B, 0xC0, 0x00, 0xFF,
    0xFF, 0xF0, 0xFF, 0xFF, 0xF0, 0x0F, 0xC0, 0x00, 0x0B, 0xC0, 0x00, 0x0B, 0xC0, 0x00, 0x0B, 0xC0,
    0x00, 0x0B, 0xC0, 0x00, 0x0B, 0xC0, 0x00, 0x0B, 0xC0, 0x00, 0xFF, 0xFF, 0xFF, 0x03, 0xFF, 0xFF,
    0xFC, 0x0F, 0xC0, 0x00, 0x00, 0x3E, 0x00, 0x00, 0x00, 0xF8, 0x00, 0x00, 0x03, 0xE0, 0x00, 0x00,
    0x0F, 0x80, 0x00, 0x00, 0x3E, 0x00, 0x00, 0x00, 0xF8, 0x00, 0x00, 0x03, 0xFF, 0xFE, 0x40, 0x0F,
    0xFF, 0xFF, 0xD0, 0x3F, 0x40, 0x6F, 0xE0, 0xF8, 0x00, 0x0F, 0xD3, 0xE0, 0x00, 0x0F, 0xCF, 0x80,
    0x00, 0x2F, 0x7E, 0x00, 0x00, 0x3E, 0xF8, 0x00, 0x00, 0xFF, 0xE0, 0x00, 0x03, 0xFF, 0x80, 0x00,
    0x0B, 0xFE, 0x00, 0x00, 0x3F, 0xF8, 0x00, 0x00, 0xFC, 0x00, 0x00, 0x03, 0xE0, 0x00, 0x00, 0x1F,
    0x40, 0x00, 0x00, 0xFC, 0x00, 0x00, 0x0B, 0xE0, 0x05, 0x41, 0xBF, 0x00, 0x2F, 0xFF, 0xF0, 0x00,
    0x6F, 0xF9, 0x00, 0xFF, 0xFF, 0xD0, 0xFF, 0xFF, 0xD0, 0xFC, 0x00, 0x00, 0xFC, 0x00, 0x00, 0xFC,
    0x00, 0x00, 0xFC, 0x00, 0x00, 0xFC, 0x00, 0x00, 0xFF, 0xFF, 0x40, 0xFF, 0xFF, 0xE0, 0xFC, 0x07,
    0xF8, 0xFC, 0x00, 0xFC, 0xFC, 0x00, 0x7E, 0xFC, 0x00, 0x3F, 0xFC, 0x00, 0x3F, 0xFC, 0x00, 0x2F,
    0xFC, 0x00, 0x2F, 0x00, 0x00, 0x3F, 0x00, 0x00, 0x3F, 0x00, 0x00, 0x3E, 0x00, 0x00, 0xBC, 0x02,
    0x42, 0xF8, 0x07, 0xFF, 0xF0, 0x02, 0xFF, 0x40, 0x1F, 0x40, 0x00, 0xF8, 0x00, 0x0F, 0xC0, 0x2F,
    0x00, 0x03, 0xE0, 0x00, 0xBC, 0x00, 0x3F, 0x00, 0x0F, 0x80, 0x07, 0xD0, 0x00, 0x3F, 0x00, 0x3E,
    0x00, 0x3E, 0x00, 0x00, 0x7E, 0x00, 0xF8, 0x03, 0xF0, 0x00, 0x00, 0xBD, 0x03, 0xE0, 0x2F, 0x00,
    0x00, 0x00, 0xBC, 0x0F, 0x81, 0xF4, 0x00, 0x00, 0x00, 0xFC, 0x3E, 0x1F, 0x80, 0x00, 0x00, 0x00,
    0xF8, 0xF8, 0xF8, 0x00, 0x00, 0x00, 0x01, 0xF7, 0xEF, 0xC0, 0x00, 0x00, 0x00, 0x03, 0xFF, 0xFE,
    0x00, 0x00, 0x00, 0x00, 0x3F, 0x3E, 0x7D, 0x00, 0x00, 0x00, 0x02, 0xF4, 0xF8, 0xBC, 0x00, 0x00,
    0x00, 0x1F, 0x83, 0xE0, 0xFC, 0x00, 0x00, 0x00, 0xFC, 0x0F, 0x80, 0xF8, 0x00, 0x00, 0x0F, 0xC0,
    0x3E, 0x01, 0xF4, 0x00, 0x00, 0xBD, 0x00, 0xF8, 0x02, 0xF0, 0x00, 0x07, 0xE0, 0x03, 0xE0, 0x03,
    0xF0, 0x00, 0x3E, 0x00, 0x0F, 0x80, 0x07, 0xE5, 0x03, 0xF0, 0x00, 0x3E, 0x00, 0x0B, 0xFE, 0x3F,
    0x00, 0x00, 0xF8, 0x00, 0x0F, 0xF8, 0x00, 0x00, 0x00, 0x00, 0x00, 0x03, 0xE0, 0x00, 0x00, 0x00,
    0x00, 0x00, 0x0F, 0x80, 0x00, 0x00, 0x00, 0x00, 0x00, 0x3E, 0x00, 0x00, 0x00, 0x00, 0x00, 0x00,
    0xF8, 0x00, 0x00, 0x00, 0x00, 0x00, 0x03, 0xE0, 0x00, 0x00, 0x00, 0x00, 0x00, 0x0A, 0x40, 0x2F,
    0x00, 0x0F, 0x80, 0x0F, 0xC0, 0x3F, 0x00, 0x3E, 0x00, 0xBC, 0x00, 0x3E, 0x00, 0xF8, 0x07, 0xD0,
    0x00, 0x7E, 0x03, 0xE0, 0x3E, 0x00, 0x00, 0x7D, 0x0F, 0x83, 0xF0, 0x00, 0x00, 0xBC, 0x3E, 0x2F,
    0x00, 0x00, 0x00, 0xBC, 0xF9, 0xF0, 0x00, 0x00, 0x00, 0xFF, 0xFF, 0x40, 0x00, 0x00, 0x07, 0xEF,
    0xBF, 0x00, 0x00, 0x00, 0x3E, 0x3E, 0x3E, 0x00, 0x00, 0x03, 0xF0, 0xF8, 0x7D, 0x00, 0x00, 0x3F,
    0x03, 0xE0, 0xBC, 0x00, 0x02, 0xF0, 0x0F, 0x80, 0xBC, 0x00, 0x2F, 0x40, 0x3E, 0x00, 0xF8, 0x01,
    0xF4, 0x00, 0xF8, 0x00, 0xFF, 0xDF, 0x80, 0x03, 0xE0, 0x01, 0xFF, 0x00, 0x00, 0x00, 0x00, 0x00,
    0xBC, 0x00, 0x00, 0x00, 0x00, 0x02, 0xF0, 0x00, 0x00, 0x00, 0x00, 0x0B, 0xC0, 0x00, 0x00, 0x00,
    0x00, 0x2F, 0x00, 0x00, 0x00, 0x00, 0x00, 0xBC, 0x00, 0x00, 0x00, 0x00, 0x01, 0xA0, 0x1B, 0xFF,
    0xD0, 0x0B, 0xFF, 0xFF, 0xD0, 0x39, 0x01, 0xBF, 0x40, 0x00, 0x01, 0xFC, 0x00, 0x00, 0x0F, 0xC0,
    0x00, 0x00, 0xBC, 0x00, 0x00, 0x0F, 0xC0, 0x00, 0x02, 0xF4, 0x00, 0x01, 0xFE, 0x00, 0x7F, 0xFE,
    0x40, 0x07, 0xFF, 0xF9, 0x00, 0x00, 0x07, 0xF8, 0x00, 0x00, 0x0B, 0xD0, 0x00, 0x00, 0x3F, 0x00,
    0x00, 0x02, 0xF0, 0x00, 0x00, 0x3F, 0x00, 0x00, 0x03, 0xF0, 0x00, 0x00, 0xBD, 0xF9, 0x01, 0xBF,
    0xCF, 0xFF, 0xFF, 0xE0, 0x6B, 0xFF, 0xA0, 0x00, 0x00, 0xE0, 0x00, 0x00, 0x07, 0x80, 0x00, 0x00,
    0x3C, 0x00, 0x00, 0x07, 0xC0, 0x00, 0x0B, 0xFC, 0x00, 0x00, 0x7F, 0x00, 0x00, 0x00, 0x00, 0x00,
    0x1B, 0xFF, 0x80, 0xBF, 0xFF, 0xF8, 0x79, 0x01, 0xFD, 0x00, 0x00, 0x3E, 0x00, 0x00, 0x3E, 0x00,
    0x00, 0x7D, 0x00, 0x06, 0xFC, 0x0B, 0xFF, 0xE0, 0x0B, 0xFF, 0xF4, 0x00, 0x01, 0xFD, 0x00, 0x00,
    0x3F, 0x00, 0x00, 0x2F, 0x00, 0x00, 0x3F, 0xE5, 0x01, 0xFE, 0xFF, 0xFF, 0xF8, 0x6F, 0xFF, 0x80,
    0x00, 0x3C, 0x00, 0x00, 0x1F, 0x00, 0x00, 0x0F, 0x80, 0x00, 0x1F, 0x80, 0x02, 0xFF, 0x40, 0x01,
    0xFE, 0x00, 0x00, 0x00, 0x00, 0xF8, 0x00, 0x01, 0xF8, 0x3E, 0x00, 0x01, 0xF8, 0x0F, 0x80, 0x01,
    0xFC, 0x03, 0xE0, 0x00, 0xFC, 0x00, 0xF8, 0x00, 0xFC, 0x00, 0x3E, 0x00, 0xFC, 0x00, 0x0F, 0x80,
    0xFD, 0x00, 0x03, 0xE0, 0xFD, 0x00, 0x00, 0xF8, 0xBD, 0x00, 0x00, 0x3E, 0xBE, 0x00, 0x00, 0x0F,
    0xFF, 0x00, 0x00, 0x03, 0xE7, 0xF0, 0x00, 0x00, 0xF8, 0x7F, 0x00, 0x00, 0x3E, 0x07, 0xF0, 0x00,
    0x0F, 0x80, 0xBE, 0x00, 0x03, 0xE0, 0x0B, 0xE0, 0x00, 0xF8, 0x00, 0xFD, 0x00, 0x3E, 0x00, 0x0F,
    0xD0, 0x0F, 0x80, 0x00, 0xFD, 0x53, 0xE0, 0x00, 0x0F, 0xFE, 0xF8, 0x00, 0x00, 0xFF, 0x80, 0x00,
    0x00, 0x03, 0xE0, 0x00, 0x00, 0x00, 0xF8, 0x00, 0x00, 0x00, 0x3E, 0x00, 0x00, 0x00, 0x0F, 0x80,
    0x00, 0x00, 0x03, 0xE0, 0x00, 0x00, 0x00, 0xA4, 0xF8, 0x00, 0x3F, 0x0F, 0x80, 0x0F, 0xC0, 0xF8,
    0x02, 0xF0, 0x0F, 0x80, 0xBD, 0x00, 0xF8, 0x1F, 0x40, 0x0F, 0x87, 0xD0, 0x00, 0xF8, 0xF8, 0x00,
    0x0F, 0xFF, 0x00, 0x00, 0xFA, 0xF0, 0x00, 0x0F, 0x8F, 0xC0, 0x00, 0xF8, 0x3F, 0x00, 0x0F, 0x80,
    0xFC, 0x00, 0xF8, 0x07, 0xE0, 0x0F, 0x80, 0x1F, 0x80, 0xF8, 0x00, 0xBF, 0xEF, 0x80, 0x02, 0xFE,
    0x00, 0x00, 0x03, 0xE0, 0x00, 0x00, 0x3E, 0x00, 0x00, 0x03, 0xE0, 0x00, 0x00, 0x3E, 0x00, 0x00,
    0x03, 0xE0, 0x00, 0x00, 0x29, 0xF8, 0x00, 0x03, 0xF0, 0xF8, 0x00, 0x0B, 0xD0, 0xF8, 0x00, 0x1F,
    0x40, 0xF8, 0x00, 0x7E, 0x00, 0xF8, 0xF0, 0xF8, 0x00, 0xF8, 0xF3, 0xF0, 0x00, 0xF8, 0xFF, 0xC0,
    0x00, 0xF8, 0xFF, 0x00, 0x00, 0xF8, 0xFD, 0x00, 0x00, 0xF9, 0xF4, 0x00, 0x00, 0xFF, 0xF0, 0x00,
    0x00, 0xFA, 0xF4, 0x00, 0x00, 0xF8, 0xFD, 0x00, 0x00, 0xF8, 0xFF, 0x00, 0x00, 0xF8, 0xFF, 0xC0,
    0x00, 0xF8, 0xF3, 0xF0, 0x00, 0xF8, 0xF0, 0xFC, 0x00, 0xF8, 0x00, 0x7F, 0x00, 0xF8, 0x00, 0x1F,
    0x80, 0xF8, 0x00, 0x07, 0xE0, 0xF8, 0x00, 0x02, 0xF8, 0xF8, 0x00, 0x3E, 0x3E, 0x00, 0x3F, 0x0F,
    0x8F, 0x2F, 0x03, 0xE3, 0xEF, 0x00, 0xF8, 0xFF, 0x40, 0x3E, 0x3F, 0x80, 0x0F, 0x8F, 0x80, 0x03,
    0xEB, 0xC0, 0x00, 0xFF, 0xF0, 0x00, 0x3E, 0x7D, 0x00, 0x0F, 0x8F, 0xD0, 0x03, 0xE3, 0xFD, 0x00,
    0xF8, 0xFB, 0xD0, 0x3E, 0x3C, 0xBC, 0x0F, 0x8F, 0x0F, 0xC3, 0xE0, 0x00, 0xFC, 0x03, 0xE0, 0x00,
    0x0B, 0xC0, 0x0F, 0x80, 0x00, 0x7E, 0x01, 0x7F, 0x50, 0x03, 0xF0, 0x2F, 0xFF, 0xD0, 0x2F, 0x00,
    0xBF, 0xFF, 0x41, 0xF4, 0x00, 0x0F, 0x80, 0x0F, 0xC0, 0x00, 0x3E, 0x00, 0xBC, 0x00, 0x00, 0xF8,
    0x07, 0xD0, 0x00, 0x03, 0xE0, 0x3F, 0x00, 0x00, 0x0F, 0xFF, 0xF0, 0x00, 0x00, 0x3F, 0xFF, 0xC0,
    0x00, 0x00, 0xFC, 0x1F, 0xC0, 0x00, 0x03, 0xE0, 0x2F, 0x80, 0x00, 0x0F, 0x80, 0x3F, 0x00, 0x00,
    0x3E, 0x00, 0x7F, 0x00, 0x00, 0xF8, 0x00, 0xBE, 0x00, 0x03, 0xE0, 0x00, 0xFC, 0x00, 0x0F, 0x80,
    0x01, 0xFC, 0x00, 0x3E, 0x00, 0x02, 0xF4, 0x00, 0xF8, 0x00, 0x03, 0xF0, 0x03, 0xE0, 0x00, 0x03,
    0xF0, 0x0B, 0xC0, 0x00, 0x00, 0x2F, 0x00, 0x00, 0x0F, 0xFF, 0xFF, 0x00, 0x3F, 0xFF, 0xFC, 0x00,
    0x0F, 0xC0, 0x00, 0x00, 0x2F, 0x00, 0x00, 0x00, 0xBC, 0x00, 0x3E, 0x02, 0xF0, 0x03, 0xF0, 0x0B,
    0xC0, 0x2F, 0x00, 0x2F, 0x01, 0xF0, 0x00, 0xBC, 0x1F, 0x40, 0x02, 0xF0, 0xF8, 0x00, 0x0B, 0xCF,
    0x80, 0x00, 0x2F, 0xFC, 0x00, 0x00, 0xBD, 0xF4, 0x00, 0x02, 0xF2, 0xF0, 0x00, 0x0B, 0xC3, 0xF0,
    0x00, 0x2F, 0x03, 0xF0, 0x00, 0xBC, 0x03, 0xE0, 0x02, 0xF0, 0x07, 0xE0, 0x0B, 0xC0, 0x07, 0xD0,
    0x2F, 0x00, 0x0B, 0xD0, 0xFF, 0xFE, 0x00, 0x00, 0xBD, 0x3F, 0xFF, 0x80, 0x00, 0x7E, 0x00, 0x03,
    0xE0, 0x00, 0x7E, 0x00, 0x00, 0xF8, 0x00, 0x7E, 0x00, 0x00, 0x3E, 0x00, 0x3F, 0x00, 0x00, 0x0F,
    0x80, 0x3F, 0x00, 0x00, 0x03, 0xE0, 0x3F, 0x00, 0x00, 0x00, 0xF8, 0x3F, 0x00, 0x00, 0x00, 0x3E,
    0x3F, 0x40, 0x00, 0x00, 0x0F, 0xFF, 0x40, 0x00, 0x00, 0x03, 0xFF, 0xC0, 0x00, 0x00, 0x00, 0xF8,
    0xFC, 0x00, 0x00, 0x00, 0x3E, 0x1F, 0xC0, 0x00, 0x00, 0x0F, 0x81, 0xFC, 0x00, 0x00, 0x03, 0xE0,
    0x2F, 0x80, 0x00, 0x00, 0xF8, 0x02, 0xF8, 0x00, 0x00, 0x3E, 0x00, 0x3F, 0x40, 0x00, 0x0F, 0x80,
    0x03, 0xF4, 0x00, 0x03, 0xE0, 0x00, 0x3F, 0x00, 0x00, 0xF8, 0x00, 0x03, 0xF0, 0x00, 0x3E, 0x00,
    0x00, 0x7F, 0x00, 0xFF, 0xFE, 0x00, 0x0F, 0x8F, 0xFF, 0xE0, 0x03, 0xF0, 0x00, 0x3E, 0x00, 0xBC,
    0x00, 0x03, 0xE0, 0x2F, 0x00, 0x00, 0x3E, 0x07, 0xD0, 0x00, 0x03, 0xE1, 0xF4, 0x00, 0x00, 0x3E,
    0x3E, 0x00, 0x00, 0x03, 0xFF, 0xC0, 0x00, 0x00, 0x3E, 0xBC, 0x00, 0x00, 0x03, 0xE3, 0xF0, 0x00,
    0x00, 0x3E, 0x0F, 0xC0, 0x00, 0x03, 0xE0, 0x3F, 0x00, 0x00, 0x3E, 0x01, 0xF8, 0x00, 0x03, 0xE0,
    0x07, 0xE0, 0x00, 0x3E, 0x00, 0x2F, 0x40, 0x03, 0xE0, 0x00, 0xBD, 0xF8, 0x00, 0x00, 0x2F, 0x03,
    0xE0, 0x00, 0x00, 0xBC, 0x0F, 0x80, 0x00, 0x02, 0xF0, 0x3E, 0x00, 0x00, 0x0B, 0xC0, 0xF8, 0x00,
    0x00, 0x2F, 0x03, 0xE0, 0x00, 0x00, 0xBC, 0x0F, 0x80, 0x00, 0x02, 0xF0, 0x3E, 0x00, 0x00, 0x0B,
    0xC0, 0xF8, 0x00, 0x00, 0x2F, 0x03, 0xFF, 0xFF, 0xFF, 0xFC, 0x0F, 0xFF, 0xFF, 0xFF, 0xF0, 0x3F,
    0x00, 0x00, 0x0F, 0xC0, 0xF8, 0x00, 0x00, 0x2F, 0x03, 0xE0, 0x00, 0x00, 0xBC, 0x0F, 0x80, 0x00,
    0x02, 0xF0, 0x3E, 0x00, 0x00, 0x0B, 0xC0, 0xF8, 0x00, 0x00, 0x2F, 0x03, 0xE0, 0x00, 0x00, 0xBC,
    0x0F, 0x80, 0x00, 0x02, 0xF0, 0x3E, 0x00, 0x00, 0x0B, 0xFE, 0xF8, 0x00, 0x00, 0x2F, 0xF8, 0x00,
    0x00, 0x00, 0x03, 0xE0, 0x00, 0x00, 0x00, 0x0F, 0x80, 0x00, 0x00, 0x00, 0x3E, 0x00, 0x00, 0x00,
    0x00, 0xF8, 0x00, 0x00, 0x00, 0x03, 0xE0, 0x00, 0x00, 0x00, 0x0F, 0x80, 0xF8, 0x00, 0x03, 0xE0,
    0xF8, 0x00, 0x03, 0xE0, 0xF8, 0x00, 0x03, 0xE0, 0xF8, 0x00, 0x03, 0xE0, 0xF8, 0x00, 0x03, 0xE0,
    0xF8, 0x00, 0x03, 0xE0, 0xFC, 0x00, 0x03, 0xE0, 0xFF, 0xFF, 0xFF, 0xE0, 0xFF, 0xFF, 0xFF, 0xE0,
    0xF8, 0x00, 0x03, 0xE0, 0xF8, 0x00, 0x03, 0xE0, 0xF8, 0x00, 0x03, 0xE0, 0xF8, 0x00, 0x03, 0xE0,
    0xF8, 0x00, 0x03, 0xE0, 0xF8, 0x00, 0x03, 0xFF, 0xF8, 0x00, 0x03, 0xFF, 0x00, 0x00, 0x00, 0x2F,
    0x00, 0x00, 0x00, 0x2F, 0x00, 0x00, 0x00, 0x2F, 0x00, 0x00, 0x00, 0x2F, 0x00, 0x00, 0x00, 0x2F,
    0x00, 0x00, 0x00, 0x2F, 0xF8, 0x00, 0x00, 0x2F, 0xFF, 0xBE, 0x00, 0x00, 0x0B, 0xFF, 0xEF, 0x80,
    0x00, 0x02, 0xF0, 0x03, 0xE0, 0x00, 0x00, 0xBC, 0x00, 0xF8, 0x00, 0x00, 0x2F, 0x00, 0x3E, 0x00,
    0x00, 0x0B, 0xC0, 0x0F, 0x80, 0x00, 0x02, 0xF0, 0x03, 0xE0, 0x00, 0x00, 0xBC, 0x00, 0xF8, 0x00,
    0x00, 0x2F, 0x00, 0x3F, 0xFF, 0xFF, 0xFF, 0xC0, 0x0F, 0xFF, 0xFF, 0xFF, 0xF0, 0x03, 0xF0, 0x00,
    0x00, 0xFC, 0x00, 0xF8, 0x00, 0x00, 0x2F, 0x00, 0x3E, 0x00, 0x00, 0x0B, 0xC0, 0x0F, 0x80, 0x00,
    0x02, 0xF0, 0x03, 0xE0, 0x00, 0x00, 0xBC, 0x00, 0xF8, 0x00, 0x00, 0x2F, 0x00, 0x3E, 0x00, 0x00,
    0x0B, 0xC0, 0x0F, 0x80, 0x00, 0x02, 0xF0, 0x03, 0xE0, 0x00, 0x00, 0xBC, 0x00, 0xF8, 0x00, 0x00,
    0x2F, 0x00, 0x00, 0xF8, 0x00, 0x03, 0xFF, 0xFB, 0xE0, 0x00, 0x0F, 0xFF, 0xEF, 0x80, 0x00, 0x3F,
    0x00, 0x3E, 0x00, 0x00, 0xF8, 0x00, 0xF8, 0x00, 0x03, 0xE0, 0x03, 0xE0, 0x00, 0x0F, 0x80, 0x0F,
    0xC0, 0x00, 0x3E, 0x00, 0x3F, 0xFF, 0xFF, 0xF8, 0x00, 0xFF, 0xFF, 0xFF, 0xE0, 0x03, 0xE0, 0x00,
    0x0F, 0x80, 0x0F, 0x80, 0x00, 0x3E, 0x00, 0x3E, 0x00, 0x00, 0xF8, 0x00, 0xF8, 0x00, 0x03, 0xE0,
    0x03, 0xE0, 0x00, 0x0F, 0x80, 0x0F, 0x80, 0x00, 0x3E, 0x00, 0x3E, 0x00, 0x00, 0xF8, 0x00, 0xFF,
    0xFF, 0xFF, 0xFC, 0x00, 0x00, 0x03, 0xFF, 0xFF, 0xFF, 0xF0, 0x00, 0x00, 0x0F, 0xC0, 0x00, 0x0F,
    0xC0, 0x00, 0x00, 0x3E, 0x00, 0x00, 0x2F, 0x00, 0x00, 0x00, 0xF8, 0x00, 0x00, 0xBC, 0x00, 0x00,
    0x03, 0xE0, 0x00, 0x02, 0xF0, 0x00, 0x00, 0x0F, 0x80, 0x00, 0x0B, 0xC0, 0x00, 0x00, 0x3E, 0x00,
    0x00, 0x2F, 0x00, 0x00, 0x00, 0xF8, 0x00, 0x00, 0xBC, 0x00, 0x00, 0x03, 0xE0, 0x00, 0x02, 0xFF,
    0xFE, 0x40, 0x0F, 0x80, 0x00, 0x0B, 0xFF, 0xFF, 0xD0, 0x3E, 0x00, 0x00, 0x2F, 0x00, 0x6F, 0xE0,
    0xF8, 0x00, 0x00, 0xBC, 0x00, 0x0F, 0xD3, 0xE0, 0x00, 0x02, 0xF0, 0x00, 0x0F, 0xCF, 0x80, 0x00,
    0x0B, 0xC0, 0x00, 0x1F, 0x7E, 0x00, 0x00, 0x2F, 0x00, 0x00, 0x3E, 0xF8, 0x00, 0x00, 0xBC, 0x00,
    0x00, 0xFF, 0xE0, 0x00, 0x02, 0xF0, 0x00, 0x03, 0xFF, 0x80, 0x00, 0x0B, 0xC0, 0x00, 0x0B, 0xFE,
    0x00, 0x00, 0x2F, 0x00, 0x00, 0x3F, 0xF8, 0x00, 0x00, 0xBC, 0x00, 0x00, 0xFC, 0x00, 0x00, 0x00,
    0x00, 0x00, 0x03, 0xE0, 0x00, 0x00, 0x00, 0x00, 0x00, 0x1F, 0x40, 0x00, 0x00, 0x00, 0x00, 0x00,
    0xFC, 0x00, 0x00, 0x00, 0x00, 0x00, 0x0B, 0xE0, 0x00, 0x00, 0x00, 0x09, 0x41, 0xBF, 0x00, 0x00,
    0x00, 0x00, 0x2F, 0xFF, 0xF0, 0x00, 0x00, 0x00, 0x00, 0x6F, 0xF9, 0x00, 0xFF, 0xFF, 0xFF, 0x80,
    0x00, 0x0F, 0xFF, 0xFF, 0xF8, 0x00, 0x00, 0xFC, 0x00, 0x0F, 0x80, 0x00, 0x0F, 0x80, 0x00, 0xF8,
    0x00, 0x00, 0xF8, 0x00, 0x0F, 0x80, 0x00, 0x0F, 0x80, 0x00, 0xF8, 0x00, 0x00, 0xF8, 0x00, 0x0F,
    0x80, 0x00, 0x0F, 0x80, 0x00, 0xFF, 0xFE, 0x40, 0xF8, 0x00, 0x0F, 0xFF, 0xFE, 0x0F, 0x80, 0x00,
    0xFC, 0x07, 0xF8, 0xF8, 0x00, 0x0F, 0x80, 0x0F, 0xCF, 0x80, 0x00, 0xF8, 0x00, 0x7E, 0xF8, 0x00,
    0x0F, 0x80, 0x03, 0xFF, 0x80, 0x00, 0xF8, 0x00, 0x3F, 0xF8, 0x00, 0x0F, 0x80, 0x02, 0xFF, 0x80,
    0x00, 0xF8, 0x00, 0x2F, 0x00, 0x00, 0x00, 0x00, 0x03, 0xF0, 0x00, 0x00, 0x00, 0x00, 0x3F, 0x00,
    0x00, 0x00, 0x00, 0x03, 0xE0, 0x00, 0x00, 0x00, 0x00, 0xBD, 0x00, 0x00, 0x00, 0x24, 0x2F, 0x80,
    0x00, 0x00, 0x03, 0xFF, 0xF0, 0x00, 0x00, 0x00, 0x2F, 0xF4, 0x00, 0x00, 0x1B, 0xFE, 0x00, 0x00,
    0x01, 0xFF, 0xFF, 0x00, 0x00, 0x07, 0xF9, 0x05, 0x00, 0x00, 0x1F, 0xC0, 0x00, 0x00, 0x00, 0x3F,
    0x00, 0x02, 0xFF, 0x40, 0x3E, 0x00, 0x0F, 0xFF, 0xD0, 0xBC, 0x00, 0x3F, 0x43, 0xF0, 0xBC, 0x00,
    0x3E, 0x01, 0xF4, 0xFC, 0x00, 0x7D, 0x00, 0xFC, 0xFC, 0x00, 0xBC, 0x00, 0xFC, 0xF8, 0x00, 0xBC,
    0x00, 0xBC, 0xFC, 0x00, 0xBC, 0x00, 0xBC, 0xFC, 0x00, 0xBC, 0x00, 0xFC, 0xBC, 0x00, 0x7C, 0x00,
    0xFC, 0xBD, 0x00, 0x7E, 0x01, 0xF8, 0x3E, 0x00, 0x3F, 0x02, 0xF0, 0x2F, 0x40, 0x2F, 0x47, 0xE0,
    0x0F, 0xD0, 0x0F, 0xDF, 0xC0, 0x07, 0xFD, 0x0B, 0xFF, 0x40, 0x00, 0xFF, 0xFF, 0xFF, 0x40, 0x00,
    0x1B, 0xFF, 0xBF, 0xFE, 0x00, 0x00, 0x00, 0x07, 0xFD, 0x01, 0xBF, 0xC0, 0x00, 0x0B, 0xFF, 0x80,
    0x00, 0x1F, 0x90, 0x00, 0x00, 0x3E, 0x00, 0x7F, 0xD0, 0x7D, 0x01, 0xFF, 0xF8, 0xBC, 0x03, 0xF4,
    0xFC, 0xFC, 0x0B, 0xD0, 0x7E, 0xF8, 0x0B, 0xC0, 0x3E, 0xF8, 0x0B, 0xC0, 0x3E, 0xFC, 0x0B, 0xC0,
    0x3E, 0xBC, 0x07, 0xD0, 0x7D, 0x7D, 0x03, 0xF0, 0xFC, 0x3F, 0x02, 0xFA, 0xF4, 0x1F, 0xD1, 0xFF,
    0xE0, 0x07, 0xFF, 0xFF, 0xD1, 0x00, 0xBF, 0xEF, 0xFF, 0x00, 0x00, 0x01, 0xFF, 0x00, 0x07, 0xFF,
    0xE4, 0x00, 0xBF, 0xFF, 0xFE, 0x03, 0xFE, 0x41, 0x7C, 0x0F, 0xE0, 0x00, 0x00, 0x2F, 0x80, 0x00,
    0x00, 0x3F, 0x00, 0x00, 0x00, 0x7D, 0x00, 0x00, 0x00, 0xBC, 0x00, 0x00, 0x00, 0xFC, 0x00, 0x00,
    0x00, 0xFC, 0x00, 0x00, 0x00, 0xF8, 0x00, 0x00, 0x00, 0xFC, 0x00, 0x00, 0x00, 0xFC, 0x00, 0x00,
    0x00, 0xBC, 0x00, 0x00, 0x00, 0x7D, 0x00, 0x00, 0x00, 0x3F, 0x00, 0x00, 0x00, 0x2F, 0x40, 0x00,
    0x00, 0x0F, 0xE0, 0x00, 0x00, 0x07, 0xFD, 0x40, 0x6C, 0x00, 0xFF, 0xFF, 0xFC, 0x00, 0x1B, 0xFF,
    0xE4, 0x00, 0x00, 0xE0, 0x00, 0x00, 0x00, 0x78, 0x00, 0x00, 0x00, 0x3C, 0x00, 0x00, 0x00, 0x7C,
    0x00, 0x00, 0x07, 0xFC, 0x00, 0x00, 0x07, 0xF0, 0x00, 0x00, 0x00, 0x00, 0x00, 0x00, 0xBF, 0xE4,
    0x07, 0xFF, 0xFC, 0x1F, 0xD0, 0x64, 0x3F, 0x00, 0x00, 0x7D, 0x00, 0x00, 0xFC, 0x00, 0x00, 0xFC,
    0x00, 0x00, 0xF8, 0x00, 0x00, 0xF8, 0x00, 0x00, 0xFC, 0x00, 0x00, 0xFC, 0x00, 0x00, 0xBD, 0x00,
    0x00, 0x3F, 0x00, 0x00, 0x2F, 0xD0, 0x5C, 0x0B, 0xFF, 0xFC, 0x00, 0xFF, 0xE4, 0x00, 0x38, 0x00,
    0x00, 0x2E, 0x00, 0x00, 0x1F, 0x00, 0x00, 0x2F, 0x40, 0x00, 0xFF, 0x00, 0x00, 0xFD, 0x00, 0x00,
    0x00, 0x00, 0xFF, 0xFF, 0xFF, 0xFF, 0xFF, 0xFF, 0xFF, 0xFF, 0x00, 0x0F, 0xC0, 0x00, 0x00, 0x0B,
    0xC0, 0x00, 0x00, 0x0B, 0xC0, 0x00, 0x00, 0x0B, 0xC0, 0x00, 0x00, 0x0B, 0xC0, 0x00, 0x00, 0x0B,
    0xC0, 0x00, 0x00, 0x0B, 0xC0, 0x00, 0x00, 0x0B, 0xC0, 0x00, 0x00, 0x0B, 0xC0, 0x00, 0x00, 0x0B,
    0xC0, 0x00, 0x00, 0x0B, 0xC0, 0x00, 0x00, 0x0B, 0xC0, 0x00, 0x00, 0x0B, 0xC0, 0x00, 0x00, 0x0B,
    0xC0, 0x00, 0x00, 0x0B, 0xC0, 0x00, 0x00, 0x0B, 0xC0, 0x00, 0x00, 0x0B, 0xC0, 0x00, 0x00, 0x0B,
    0xFE, 0x00, 0x00, 0x0B, 0xFE, 0x00, 0x00, 0x00, 0x3E, 0x00, 0x00, 0x00, 0x3E, 0x00, 0x00, 0x00,
    0x3E, 0x00, 0x00, 0x00, 0x3E, 0x00, 0x00, 0x00, 0x3E, 0x00, 0x00, 0x00, 0x3E, 0x00, 0xFF, 0xFF,
    0xFF, 0xFF, 0xFF, 0xFF, 0xF0, 0x03, 0xF0, 0x00, 0x00, 0xF8, 0x00, 0x00, 0x3E, 0x00, 0x00, 0x0F,
    0x80, 0x00, 0x03, 0xE0, 0x00, 0x00, 0xF8, 0x00, 0x00, 0x3E, 0x00, 0x00, 0x0F, 0x80, 0x00, 0x03,
    0xE0, 0x00, 0x00, 0xF8, 0x00, 0x00, 0x3E, 0x00, 0x00, 0x0F, 0x80, 0x00, 0x03, 0xFF, 0x00, 0x00,
    0xFF, 0xC0, 0x00, 0x02, 0xF0, 0x00, 0x00, 0xBC, 0x00, 0x00, 0x2F, 0x00, 0x00, 0x0B, 0xC0, 0x00,
    0x02, 0xF0, 0x00, 0x00, 0xBC, 0x00, 0xBC, 0x00, 0x00, 0x1F, 0x4F, 0x80, 0x00, 0x0F, 0xC2, 0xF0,
    0x00, 0x07, 0xD0, 0x3F, 0x00, 0x03, 0xF0, 0x0B, 0xD0, 0x02, 0xF0, 0x00, 0xFC, 0x00, 0xF8, 0x00,
    0x1F, 0x40, 0xBC, 0x00, 0x03, 0xF0, 0x3E, 0x00, 0x00, 0x7D, 0x2F, 0x00, 0x00, 0x0F, 0xDF, 0x80,
    0x00, 0x01, 0xFF, 0xC0, 0x00, 0x00, 0x3F, 0xD0, 0x00, 0x00, 0x07, 0xF0, 0x00, 0x00, 0x00, 0xF8,
    0x00, 0x00, 0x00, 0x3E, 0x00, 0x00, 0x00, 0x0F, 0x80, 0x00, 0x00, 0x03, 0xE0, 0x00, 0x00, 0x00,
    0xF8, 0x00, 0x00, 0x00, 0x3E, 0x00, 0x00, 0x00, 0x0F, 0x80, 0x00, 0x00, 0x03, 0xE0, 0x00, 0x00,
    0x3F, 0x00, 0x00, 0x3E, 0x2F, 0x00, 0x00, 0x7D, 0x0F, 0x80, 0x00, 0xFC, 0x0F, 0xC0, 0x00, 0xF8,
    0x07, 0xD0, 0x02, 0xF0, 0x03, 0xE0, 0x03, 0xE0, 0x02, 0xF0, 0x07, 0xD0, 0x01, 0xF4, 0x0B, 0xC0,
    0x00, 0xFC, 0x0F, 0x80, 0x00, 0x7C, 0x1F, 0x00, 0x00, 0x3E, 0x2F, 0x00, 0x00, 0x2F, 0x3D, 0x00,
    0x00, 0x1F, 0x7C, 0x00, 0x00, 0x0F, 0xF8, 0x00, 0x00, 0x0B, 0xF4, 0x00, 0x00, 0x03, 0xF0, 0x00,
    0x00, 0x03, 0xE0, 0x00, 0x00, 0x03, 0xE0, 0x00, 0x00, 0x03, 0xE0, 0x00, 0x00, 0x03, 0xE0, 0x00,
    0x00, 0x03, 0xE0, 0x00, 0x00, 0x03, 0xE0, 0x00, 0x00, 0x03, 0xE0, 0x00, 0x7D, 0x00, 0x00, 0x1F,
    0x4F, 0xC0, 0x00, 0x0F, 0xC1, 0xF8, 0x00, 0x07, 0xD0, 0x3F, 0x00, 0x03, 0xF0, 0x03, 0xE0, 0x01,
    0xF4, 0x00, 0xBC, 0x00, 0xFC, 0x00, 0x0F, 0x80, 0x7D, 0x00, 0x02, 0xF0, 0x3F, 0x00, 0x00, 0x3E,
    0x1F, 0x40, 0x00, 0x0B, 0xCF, 0x80, 0x00, 0x00, 0xFF, 0xC0, 0x00, 0x00, 0x2F, 0xE0, 0x00, 0x00,
    0x03, 0xF0, 0x00, 0x00, 0x55, 0xFD, 0x54, 0x00, 0x3F, 0xFF, 0xFF, 0x00, 0x0F, 0xFF, 0xFF, 0xC0,
    0x00, 0x02, 0xF0, 0x00, 0x00, 0x00, 0xBC, 0x00, 0x00, 0x00, 0x2F, 0x00, 0x00, 0x00, 0x0B, 0xC0,
    0x00, 0x00, 0x02, 0xF0, 0x00, 0x00, 0x3F, 0x00, 0x00, 0x2F, 0x0B, 0xC0, 0x00, 0x0F, 0x80, 0xF8,
    0x00, 0x0B, 0xC0, 0x3F, 0x00, 0x03, 0xF0, 0x07, 0xD0, 0x01, 0xF4, 0x00, 0xF8, 0x00, 0xBC, 0x00,
    0x2F, 0x00, 0x3E, 0x00, 0x07, 0xD0, 0x1F, 0x00, 0x00, 0xF8, 0x0F, 0xC0, 0x00, 0x2F, 0x07, 0xD0,
    0x00, 0x03, 0xD2, 0xF0, 0x00, 0x00, 0xFC, 0xF8, 0x00, 0x00, 0x1F, 0x7C, 0x00, 0x00, 0x03, 0xFF,
    0x00, 0x00, 0x00, 0xBF, 0x40, 0x00, 0x00, 0x0F, 0xC0, 0x00, 0x03, 0xFF, 0xFF, 0xF0, 0x00, 0xFF,
    0xFF, 0xFC, 0x00, 0x00, 0x3E, 0x00, 0x00, 0x00, 0x0F, 0x80, 0x00, 0x00, 0x03, 0xE0, 0x00, 0x00,
    0x00, 0xF8, 0x00, 0x00, 0x00, 0x3E, 0x00, 0x00, 0x2F, 0x40, 0x00, 0x0F, 0xC0, 0x3F, 0x00, 0x00,
    0xBC, 0x00, 0x7E, 0x00, 0x07, 0xE0, 0x00, 0xBC, 0x00, 0x3F, 0x00, 0x00, 0xF8, 0x02, 0xF0, 0x00,
    0x01, 0xF4, 0x0F, 0x80, 0x00, 0x03, 0xF0, 0xBC, 0x00, 0x00, 0x03, 0xE7, 0xD0, 0x00, 0x00, 0x0B,
    0xFE, 0x00, 0x00, 0x00, 0x0F, 0xF0, 0x00, 0x00, 0x00, 0x2F, 0xC0, 0x00, 0x00, 0x00, 0xFF, 0x40,
    0x00, 0x00, 0x0F, 0xEF, 0x00, 0x00, 0x00, 0xBC, 0x3E, 0x00, 0x00, 0x03, 0xE0, 0xBC, 0x00, 0x00,
    0x3F, 0x00, 0xFC, 0x00, 0x01, 0xF4, 0x01, 0xF4, 0x00, 0x0F, 0x80, 0x02, 0xF0, 0x00, 0xBC, 0x00,
    0x03, 0xE0, 0x07, 0xD0, 0x00, 0x07, 0xFE, 0x3E, 0x00, 0x00, 0x0F, 0xF8, 0x00, 0x00, 0x00, 0x03,
    0xE0, 0x00, 0x00, 0x00, 0x0F, 0x80, 0x00, 0x00, 0x00, 0x3E, 0x00, 0x00, 0x00, 0x00, 0xF8, 0x00,
    0x00, 0x00, 0x03, 0xE0, 0x00, 0x00, 0x00, 0x0F, 0x80, 0x3F, 0x00, 0x02, 0xF0, 0x1F, 0x80, 0x07,
    0xE0, 0x0B, 0xC0, 0x0F, 0xC0, 0x03, 0xF0, 0x2F, 0x00, 0x01, 0xF8, 0x7D, 0x00, 0x00, 0xBD, 0xF8,
    0x00, 0x00, 0x3F, 0xF0, 0x00, 0x00, 0x1F, 0xD0, 0x00, 0x00, 0x1F, 0xD0, 0x00, 0x00, 0x3F, 0xF0,
    0x00, 0x00, 0xFC, 0xFC, 0x00, 0x01, 0xF4, 0x3E, 0x00, 0x03, 0xE0, 0x2F, 0x00, 0x0F, 0xC0, 0x0F,
    0xC0, 0x2F, 0x40, 0x03, 0xFE, 0x7E, 0x00, 0x02, 0xFE, 0x00, 0x00, 0x00, 0x3E, 0x00, 0x00, 0x00,
    0x3E, 0x00, 0x00, 0x00, 0x3E, 0x00, 0x00, 0x00, 0x3E, 0x00, 0x00, 0x00, 0x3E, 0x00, 0x00, 0x00,
    0x3E, 0xFF, 0xFF, 0xFF, 0xFC, 0x03, 0xE0, 0xFF, 0xFF, 0xFF, 0xFC, 0x03, 0xE0, 0x00, 0x0F, 0xC0,
    0x00, 0x03, 0xE0, 0x00, 0x0F, 0x80, 0x00, 0x03, 0xE0, 0x00, 0x0F, 0x80, 0x00, 0x03, 0xE0, 0x00,
    0x0F, 0x80, 0x00, 0x03, 0xE0, 0x00, 0x0F, 0x80, 0x00, 0x03, 0xE0, 0x00, 0x0F, 0x80, 0x00, 0x03,
    0xE0, 0x00, 0x0F, 0x80, 0x00, 0x03, 0xE0, 0x00, 0x0F, 0x80, 0x00, 0x03, 0xE0, 0x00, 0x0F, 0x80,
    0x00, 0x03, 0xE0, 0x00, 0x0F, 0x80, 0x00, 0x03, 0xE0, 0x00, 0x0F, 0x80, 0x00, 0x03, 0xE0, 0x00,
    0x0F, 0x80, 0x00, 0x03, 0xE0, 0x00, 0x0F, 0x80, 0x00, 0x03, 0xE0, 0x00, 0x0F, 0x80, 0x00, 0x03,
    0xE0, 0x00, 0x0F, 0x80, 0x00, 0x03, 0xE0, 0x00, 0x0F, 0x80, 0x00, 0x03, 0xE0, 0x00, 0x0F, 0xD5,
    0x55, 0x57, 0xF5, 0x00, 0x0F, 0xFF, 0xFF, 0xFF, 0xFF, 0x00, 0x0F, 0xFF, 0xFF, 0xFF, 0xFF, 0x00,
    0x00, 0x00, 0x00, 0x00, 0x1F, 0x00, 0x00, 0x00, 0x00, 0x00, 0x1F, 0x00, 0x00, 0x00, 0x00, 0x00,
    0x1F, 0x00, 0x00, 0x00, 0x00, 0x00, 0x1F, 0x00, 0x00, 0x00, 0x00, 0x00, 0x1F, 0x00, 0x00, 0x00,
    0x00, 0x00, 0x0A, 0xFF, 0xFF, 0xFF, 0x03, 0xE0, 0xFF, 0xFF, 0xFF, 0x03, 0xE0, 0x00, 0xFC, 0x00,
    0x03, 0xE0, 0x00, 0xBC, 0x00, 0x03, 0xE0, 0x00, 0xBC, 0x00, 0x03, 0xE0, 0x00, 0xBC, 0x00, 0x03,
    0xE0, 0x00, 0xBC, 0x00, 0x03, 0xE0, 0x00, 0xBC, 0x00, 0x03, 0xE0, 0x00, 0xBC, 0x00, 0x03, 0xE0,
    0x00, 0xBC, 0x00, 0x03, 0xE0, 0x00, 0xBC, 0x00, 0x03, 0xE0, 0x00, 0xBC, 0x00, 0x03, 0xE0, 0x00,
    0xBC, 0x00, 0x03, 0xE0, 0x00, 0xBC, 0x00, 0x03, 0xF0, 0x00, 0xBF, 0xFF, 0xFF, 0xFF, 0x00, 0xBF,
    0xFF, 0xFF, 0xFF, 0x00, 0x00, 0x00, 0x00, 0x2F, 0x00, 0x00, 0x00, 0x00, 0x2F, 0x00, 0x00, 0x00,
    0x00, 0x2F, 0x00, 0x00, 0x00, 0x00, 0x2F, 0x00, 0x00, 0x00, 0x00, 0x2F, 0x00, 0x00, 0x00, 0x00,
    0x2F, 0xF8, 0x00, 0x00, 0xBC, 0x0F, 0x80, 0x00, 0x0B, 0xC0, 0xF8, 0x00, 0x00, 0xBC, 0x0F, 0x80,
    0x00, 0x0B, 0xC0, 0xF8, 0x00, 0x00, 0xBC, 0x0F, 0x80, 0x00, 0x0B, 0xC0, 0xF8, 0x00, 0x00, 0xBC,
    0x0F, 0x80, 0x00, 0x0B, 0xC0, 0xF8, 0x00, 0x00, 0xBC, 0x0F, 0xC0, 0x00, 0x0B, 0xC0, 0xBC, 0x00,
    0x00, 0xFC, 0x07, 0xF4, 0x06, 0xFF, 0xC0, 0x2F, 0xFF, 0xFF, 0xFC, 0x00, 0x2F, 0xFE, 0x4B, 0xC0,
    0x00, 0x00, 0x00, 0xBC, 0x00, 0x00, 0x00, 0x0B, 0xC0, 0x00, 0x00, 0x00, 0xBC, 0x00, 0x00, 0x00,
    0x0B, 0xC0, 0x00, 0x00, 0x00, 0xBC, 0x00, 0x00, 0x00, 0x0B, 0xFE, 0x00, 0x00, 0x00, 0xBF, 0xE0,
    0x00, 0x00, 0x00, 0x3E, 0x00, 0x00, 0x00, 0x03, 0xE0, 0x00, 0x00, 0x00, 0x3E, 0x00, 0x00, 0x00,
    0x03, 0xE0, 0x00, 0x00, 0x00, 0x3E, 0x00, 0x00, 0x00, 0x03, 0xE0, 0xF8, 0x00, 0x0B, 0xC0, 0xF8,
    0x00, 0x0B, 0xC0, 0xF8, 0x00, 0x0B, 0xC0, 0xF8, 0x00, 0x0B, 0xC0, 0xF8, 0x00, 0x0B, 0xC0, 0xF8,
    0x00, 0x0B, 0xC0, 0xFC, 0x00, 0x0B, 0xC0, 0xFC, 0x00, 0x1F, 0xC0, 0xBF, 0x41, 0xFF, 0xC0, 0x3F,
    0xFF, 0xEF, 0xC0, 0x0B, 0xFE, 0x0B, 0xC0, 0x00, 0x00, 0x0B, 0xC0, 0x00, 0x00, 0x0B, 0xC0, 0x00,
    0x00, 0x0B, 0xC0, 0x00, 0x00, 0x0B, 0xFE, 0x00, 0x00, 0x0B, 0xFE, 0x00, 0x00, 0x00, 0x3E, 0x00,
    0x00, 0x00, 0x3E, 0x00, 0x00, 0x00, 0x3E, 0x00, 0x00, 0x00, 0x3E, 0x00, 0x00, 0x00, 0x3E, 0x00,
    0x00, 0x00, 0x3E, 0xF8, 0x00, 0x00, 0xBF, 0xE0, 0x00, 0x02, 0xFF, 0x80, 0x00, 0x0B, 0xFE, 0x00,
    0x00, 0x2F, 0xF8, 0x00, 0x00, 0xBF, 0xE0, 0x00, 0x02, 0xFF, 0x80, 0x3C, 0x0B, 0xFE, 0x00, 0xF0,
    0x2F, 0xF8, 0x03, 0xC0, 0xBF, 0xF0, 0x0F, 0x02, 0xFB, 0xD0, 0x3C, 0x0F, 0xCF, 0xE4, 0xF6, 0xFF,
    0x1F, 0xFF, 0xFF, 0xFC, 0x0B, 0xFF, 0xE2, 0xF0, 0x00, 0x3C, 0x0B, 0xC0, 0x00, 0xF0, 0x2F, 0x00,
    0x03, 0xC0, 0xBC, 0x00, 0x0F, 0x02, 0xF0, 0x00, 0x00, 0x0B, 0xC0, 0x00, 0x00, 0x2F, 0x00, 0x00,
    0x00, 0xBC, 0xF8, 0x00, 0x0B, 0xFE, 0x00, 0x02, 0xFF, 0x80, 0x00, 0xBF, 0xE0, 0x00, 0x2F, 0xF8,
    0x3C, 0x0B, 0xFE, 0x0F, 0x02, 0xFF, 0x83, 0xC0, 0xBF, 0xF0, 0xF0, 0xBF, 0xBE, 0x3D, 0xFF, 0xCF,
    0xFF, 0xFB, 0xF0, 0xBF, 0xE0, 0xBC, 0x00, 0xF0, 0x2F, 0x00, 0x3C, 0x0B, 0xC0, 0x0F, 0x02, 0xF0,
    0x00, 0x00, 0xBC, 0x00, 0x00, 0x2F, 0xF8, 0x00, 0x00, 0x03, 0xE0, 0x00, 0x00, 0x0F, 0x80, 0x00,
    0x00, 0x3E, 0x00, 0x00, 0x00, 0xF8, 0x00, 0x00, 0x03, 0xE0, 0x00, 0x00, 0x0F, 0x80, 0x00, 0x00,
    0x3E, 0x1B, 0xFF, 0x80, 0xFF, 0xFF, 0xFF, 0xE3, 0xFF, 0x90, 0x1F, 0xDF, 0xC0, 0x00, 0x1F, 0xBE,
    0x00, 0x00, 0x3F, 0xF8, 0x00, 0x00, 0xBF, 0xE0, 0x00, 0x02, 0xFF, 0x80, 0x00, 0x0B, 0xFE, 0x00,
    0x00, 0x2F, 0xF8, 0x00, 0x00, 0xBF, 0xE0, 0x00, 0x02, 0xFF, 0x80, 0x00, 0x0B, 0xFE, 0x00, 0x00,
    0x2F, 0xF8, 0x00, 0x00, 0xBC, 0xF8, 0x00, 0x00, 0x3E, 0x00, 0x00, 0x0F, 0x80, 0x00, 0x03, 0xE0,
    0x00, 0x00, 0xF8, 0x00, 0x00, 0x3E, 0x00, 0x00, 0x0F, 0x82, 0xFF, 0x43, 0xE7, 0xFF, 0xF8, 0xFF,
    0xD0, 0x7F, 0x7F, 0xC0, 0x07, 0xEF, 0xC0, 0x00, 0xFF, 0xF0, 0x00, 0x2F, 0xFC, 0x00, 0x0B, 0xFE,
    0x00, 0x02, 0xFF, 0x80, 0x00, 0xBF, 0xE0, 0x00, 0x2F, 0xF8, 0x00, 0x0B, 0xFE, 0x00, 0x02, 0xFF,
    0x80, 0x00, 0xBF, 0xE0, 0x00, 0x2F, 0xF8, 0x00, 0x0B, 0xFE, 0x00, 0x02, 0xF0, 0x00, 0x00, 0x1B,
    0xFF, 0x80, 0x00, 0x00, 0x0F, 0xFF, 0xFF, 0x80, 0x00, 0x03, 0xF9, 0x01, 0xFF, 0x00, 0x00, 0xFD,
    0x00, 0x02, 0xF8, 0x00, 0x1F, 0x40, 0x00, 0x0F, 0xC0, 0x03, 0xE0, 0x00, 0x00, 0x7D, 0xBC, 0x3D,
    0x00, 0x00, 0x03, 0xEF, 0x87, 0xC0, 0x00, 0x00, 0x3F, 0xFC, 0xBC, 0x00, 0x00, 0x02, 0xFB, 0xFF,
    0xFF, 0xFF, 0xFF, 0xFF, 0x2F, 0xFF, 0xFF, 0xFF, 0xFF, 0xF0, 0x1F, 0xD5, 0x55, 0x55, 0x55, 0x00,
    0xBC, 0x00, 0x00, 0x00, 0x00, 0x0B, 0xC0, 0x00, 0x00, 0x00, 0x00, 0x7D, 0x00, 0x00, 0x00, 0x00,
    0x03, 0xF0, 0x00, 0x00, 0x00, 0x00, 0x2F, 0x80, 0x00, 0x00, 0x00, 0x00, 0xFE, 0x00, 0x00, 0x00,
    0x00, 0x03, 0xFE, 0x40, 0x5B, 0x80, 0x00, 0x0B, 0xFF, 0xFF, 0xF8, 0x00, 0x00, 0x0B, 0xFF, 0xF9,
    0x00, 0x00, 0x01, 0xBF, 0xD0, 0x00, 0x02, 0xFF, 0xFF, 0x00, 0x02, 0xF9, 0x0B, 0xF1, 0x90, 0xF8,
    0x00, 0x7D, 0xF8, 0xBC, 0x00, 0x0F, 0xBF, 0x3F, 0x00, 0x02, 0xFB, 0xFF, 0xFF, 0xFF, 0xFC, 0xBF,
    0xFF, 0xFF, 0xFF, 0x00, 0xFC, 0x00, 0x00, 0x00, 0x3F, 0x00, 0x00, 0x00, 0x0B, 0xC0, 0x00, 0x00,
    0x01, 0xF4, 0x00, 0x00, 0x00, 0x3F, 0x00, 0x00, 0x00, 0x07, 0xF4, 0x06, 0xD0, 0x00, 0x7F, 0xFF,
    0xF4, 0x00, 0x02, 0xFF, 0xE4, 0x00, 0x00, 0x1B, 0xFF, 0x80, 0x00, 0x00, 0x0F, 0xFF, 0xFF, 0x80,
    0x00, 0x03, 0xF9, 0x01, 0xFF, 0x00, 0x00, 0xFD, 0x00, 0x01, 0xF8, 0x00, 0x2F, 0x40, 0x00, 0x0B,
    0xC0, 0x03, 0xE0, 0x00, 0x00, 0x3D, 0xBC, 0x7D, 0x00, 0x00, 0x03, 0xEF, 0x8B, 0xC0, 0x00, 0x00,
    0x3F, 0xFC, 0xBC, 0x00, 0x00, 0x02, 0xFB, 0xFF, 0xFF, 0xFF, 0xFF, 0xFF, 0x2F, 0xFF, 0xFF, 0xFF,
    0xFF, 0xF0, 0x1F, 0xD5, 0x55, 0x55, 0x55, 0x00, 0xBC, 0x00, 0x00, 0x00, 0x00, 0x0B, 0xC0, 0x00,
    0x00, 0x00, 0x00, 0x7D, 0x00, 0x00, 0x00, 0x00, 0x03, 0xF0, 0x00, 0x00, 0x00, 0x00, 0x2F, 0x80,
    0x00, 0x00, 0x00, 0x00, 0xFE, 0x00, 0x00, 0x00, 0x00, 0x03, 0xFE, 0x40, 0x5B, 0x80, 0x00, 0x0B,
    0xFF, 0xFF, 0xF8, 0x00, 0x00, 0x0B, 0xFF, 0xF9, 0x00, 0x00, 0x00, 0x0B, 0xC0, 0x00, 0x00, 0x00,
    0x00, 0xBC, 0x00, 0x00, 0x00, 0x00, 0x0B, 0xC0, 0x00, 0x00, 0x00, 0x00, 0xBC, 0x00, 0x00, 0x00,
    0x00, 0x0B, 0xC0, 0x00, 0x00, 0x00, 0x00, 0x68, 0x00, 0x00, 0x00, 0x01, 0xBF, 0xD0, 0x00, 0x02,
    0xFF, 0xFF, 0x00, 0x02, 0xF9, 0x0B, 0xF1, 0x90, 0xF8, 0x00, 0x7D, 0xF8, 0xBC, 0x00, 0x0F, 0xBF,
    0x3F, 0x00, 0x02, 0xFB, 0xFF, 0xFF, 0xFF, 0xFC, 0xBF, 0xFF, 0xFF, 0xFF, 0x00, 0xFC, 0x00, 0x00,
    0x00, 0x3F, 0x00, 0x00, 0x00, 0x0F, 0xC0, 0x00, 0x00, 0x02, 0xF4, 0x00, 0x00, 0x00, 0x3F, 0x00,
    0x00, 0x00, 0x0B, 0xF4, 0x06, 0xD0, 0x00, 0xBF, 0xFF, 0xF4, 0x00, 0x06, 0xFF, 0xE4, 0x00, 0x00,
    0x2F, 0x00, 0x00, 0x00, 0x0B, 0xC0, 0x00, 0x00, 0x02, 0xF0, 0x00, 0x00, 0x00, 0xBC, 0x00, 0x00,
    0x00, 0x2F, 0x00, 0x00, 0xFF, 0xFF, 0xBF, 0xFE, 0x0B, 0xC0, 0x0B, 0xC0, 0x0B, 0xC0, 0x0B, 0xC0,
    0x0B, 0xC0, 0x0B, 0xC0, 0x0B, 0xC0, 0x0B, 0xC0, 0x0B, 0xC0, 0x0B, 0xC0, 0x0B, 0xC0, 0x0B, 0xC0,
    0x0B, 0xC0, 0x0B, 0xC0, 0x0B, 0xC0, 0x0B, 0xC0, 0x0B, 0xC0, 0xBF, 0xFE, 0xFF, 0xFF, 0x00, 0x00,
    0x3D, 0x01, 0xF0, 0x00, 0x00, 0x00, 0x00, 0xBC, 0x0F, 0xC0, 0x00, 0x00, 0x00, 0x00, 0xFF, 0xFD,
    0x00, 0x00, 0x00, 0x00, 0x00, 0xBF, 0xD0, 0x00, 0x00, 0x00, 0x00, 0x00, 0x00, 0x00, 0x00, 0x00,
    0x00, 0x00, 0x00, 0x00, 0x00, 0x00, 0x02, 0xF0, 0x00, 0x0B, 0xC0, 0x00, 0x3F, 0x03, 0xF0, 0x00,
    0x2F, 0x00, 0x01, 0xF4, 0x07, 0xD0, 0x00, 0xBC, 0x00, 0x0F, 0x80, 0x0B, 0xC0, 0x02, 0xF0, 0x00,
    0xFC, 0x00, 0x0F, 0x80, 0x0B, 0xC0, 0x07, 0xD0, 0x00, 0x1F, 0x40, 0x2F, 0x00, 0x3E, 0x00, 0x00,
    0x2F, 0x00, 0xBC, 0x03, 0xF0, 0x00, 0x00, 0x3E, 0x02, 0xF0, 0x1F, 0x40, 0x00, 0x00, 0x7C, 0x0B,
    0xC0, 0xFC, 0x00, 0x00, 0x00, 0xFF, 0xFF, 0xFF, 0xC0, 0x00, 0x00, 0x02, 0xFF, 0xFF, 0xFF, 0x00,
    0x00, 0x00, 0x1F, 0x97, 0xF5, 0xBE, 0x00, 0x00, 0x00, 0xF8, 0x0B, 0xC0, 0xBD, 0x00, 0x00, 0x0B,
    0xC0, 0x2F, 0x00, 0xFC, 0x00, 0x00, 0x7E, 0x00, 0xBC, 0x01, 0xF8, 0x00, 0x03, 0xF0, 0x02, 0xF0,
    0x02, 0xF4, 0x00, 0x2F, 0x40, 0x0B, 0xC0, 0x03, 0xF0, 0x00, 0xF8, 0x00, 0x2F, 0x00, 0x07, 0xE0,
    0x0F, 0xC0, 0x00, 0xBC, 0x00, 0x0F, 0xC0, 0xBD, 0x00, 0x02, 0xF0, 0x00, 0x0F, 0xC3, 0xF0, 0x00,
    0x0B, 0xC0, 0x00, 0x1F, 0x80, 0x00, 0x02, 0x80, 0x19, 0x00, 0x00, 0x00, 0x0F, 0x81, 0xF4, 0x00,
    0x00, 0x00, 0x1F, 0xFF, 0xC0, 0x00, 0x00, 0x00, 0x1B, 0xF8, 0x00, 0x00, 0x00, 0x00, 0x00, 0x00,
    0x00, 0x00, 0x00, 0x00, 0x00, 0x00, 0x00, 0x03, 0xF0, 0x00, 0xF8, 0x00, 0x7D, 0x03, 0xD0, 0x03,
    0xE0, 0x03, 0xE0, 0x0B, 0xC0, 0x0F, 0x80, 0x2F, 0x00, 0x0F, 0x80, 0x3E, 0x01, 0xF4, 0x00, 0x0F,
    0x40, 0xF8, 0x0F, 0x80, 0x00, 0x2F, 0x03, 0xE0, 0xBC, 0x00, 0x00, 0x3E, 0x0F, 0xC7, 0xD0, 0x00,
    0x00, 0x7F, 0xFF, 0xFF, 0x00, 0x00, 0x02, 0xFF, 0xFF, 0xFC, 0x00, 0x00, 0x1F, 0x83, 0xE0, 0xFC,
    0x00, 0x00, 0xFC, 0x0F, 0x81, 0xF4, 0x00, 0x0B, 0xD0, 0x3E, 0x03, 0xF0, 0x00, 0x7E, 0x00, 0xF8,
    0x03, 0xF0, 0x03, 0xF0, 0x03, 0xE0, 0x07, 0xD0, 0x2F, 0x40, 0x0F, 0x80, 0x0F, 0xC0, 0xF8, 0x00,
    0x3E, 0x00, 0x0F, 0x80, 0xF8, 0x00, 0x02, 0xF4, 0xF8, 0x00, 0x0B, 0xD0, 0xF8, 0x00, 0x1F, 0x80,
    0xF8, 0x00, 0x7E, 0x00, 0xF8, 0x01, 0xF8, 0x00, 0xF8, 0x03, 0xF0, 0x00, 0xF8, 0x0F, 0xC0, 0x00,
    0xF8, 0x3F, 0x00, 0x00, 0xF8, 0xBC, 0x00, 0x00, 0xFA, 0xF4, 0x00, 0x00, 0xFF, 0xFF, 0xF8, 0x00,
    0xFF, 0xFF, 0xFF, 0x80, 0xFC, 0x00, 0x6F, 0xF0, 0xF8, 0x00, 0x03, 0xF8, 0xF8, 0x00, 0x00, 0xFC,
    0xF8, 0x00, 0x00, 0x7E, 0xF8, 0x00, 0x00, 0x3F, 0xF8, 0x00, 0x00, 0x3F, 0xF8, 0x00, 0x00, 0x2F,
    0xF8, 0x00, 0x00, 0x2F, 0xF8, 0x00, 0x00, 0x3F, 0x00, 0x00, 0x00, 0x3F, 0x00, 0x00, 0x00, 0x7E,
    0x00, 0x00, 0x00, 0xFC, 0x00, 0x00, 0x02, 0xF8, 0x00, 0x90, 0x1F, 0xF0, 0x00, 0xFF, 0xFF, 0xC0,
    0x00, 0x7F, 0xF9, 0x00, 0xF8, 0x00, 0x3F, 0x3E, 0x00, 0x3F, 0x0F, 0x80, 0x3F, 0x03, 0xE0, 0x2F,
    0x00, 0xF8, 0x2F, 0x00, 0x3E, 0x2F, 0x00, 0x0F, 0x9F, 0x40, 0x03, 0xFF, 0xFE, 0x00, 0xFF, 0xFF,
    0xF8, 0x3F, 0x41, 0xBF, 0x8F, 0x80, 0x03, 0xF3, 0xE0, 0x00, 0x7E, 0xF8, 0x00, 0x0F, 0xFE, 0x00,
    0x03, 0xFF, 0x80, 0x00, 0xBF, 0xE0, 0x00, 0x2F, 0x00, 0x00, 0x0F, 0xC0, 0x00, 0x03, 0xF0, 0x00,
    0x01, 0xF8, 0x00, 0x00, 0xFC, 0x02, 0x41, 0xFE, 0x00, 0xBF, 0xFE, 0x00, 0x1B, 0xF9, 0x00, 0x00,
    0x0F, 0xFF, 0xFF, 0xE0, 0x00, 0x03, 0xFF, 0xFF, 0xF8, 0x00, 0x00, 0xF8, 0x00, 0x3E, 0x00, 0x00,
    0x3D, 0x00, 0x0F, 0x80, 0x00, 0x1F, 0x00, 0x03, 0xE0, 0x00, 0x07, 0xC0, 0x00, 0xF8, 0x00, 0x02,
    0xF0, 0x00, 0x3E, 0x00, 0x00, 0xBC, 0x00, 0x0F, 0x80, 0x00, 0x3E, 0x00, 0x03, 0xE0, 0x00, 0x0F,
    0x40, 0x00, 0xF8, 0x00, 0x03, 0xD0, 0x00, 0x3E, 0x00, 0x01, 0xF0, 0x00, 0x0F, 0x80, 0x00, 0x7C,
    0x00, 0x03, 0xE0, 0x00, 0x2F, 0x00, 0x00, 0xF8, 0x00, 0x0F, 0x80, 0x00, 0x3E, 0x00, 0x03, 0xE0,
    0x00, 0x0F, 0x80, 0x01, 0xF4, 0x00, 0x03, 0xE0, 0x00, 0xBC, 0x00, 0x00, 0xF8, 0x04, 0x7E, 0x00,
    0x00, 0x3F, 0xF7, 0xFF, 0x00, 0x00, 0x0F, 0xFC, 0xFE, 0x00, 0x00, 0x03, 0xFF, 0x00, 0x00, 0x00,
    0x00, 0x0B, 0x80, 0x00, 0x00, 0x00, 0x03, 0xD0, 0x00, 0x00, 0x00, 0x01, 0xF0, 0x00, 0x00, 0x00,
    0x00, 0xFC, 0x00, 0x00, 0x00, 0x00, 0x7E, 0x00, 0x00, 0x3F, 0xFF, 0xF8, 0x00, 0x03, 0xFF, 0xFF,
    0x80, 0x00, 0x3D, 0x00, 0xF8, 0x00, 0x03, 0xC0, 0x0F, 0x80, 0x00, 0x3C, 0x00, 0xF8, 0x00, 0x07,
    0xC0, 0x0F, 0x80, 0x00, 0x7C, 0x00, 0xF8, 0x00, 0x0B, 0xC0, 0x0F, 0x80, 0x00, 0xFC, 0x00, 0xF8,
    0x00, 0x0F, 0x80, 0x0F, 0x80, 0x00, 0xF4, 0x00, 0xF8, 0x00, 0x2F, 0x00, 0x0F, 0x80, 0x03, 0xF0,
    0x00, 0xF8, 0x00, 0xBD, 0x00, 0x0F, 0x80, 0xBF, 0x80, 0x00, 0xFF, 0xDB, 0xE0, 0x00, 0x0F, 0xFC,
    0x00, 0x00, 0x00, 0x07, 0xC0, 0x00, 0x00, 0x00, 0xF8, 0x00, 0x00, 0x00, 0x0F, 0x40, 0x00, 0x00,
    0x01, 0xF0, 0x00, 0x00, 0x00, 0x2F, 0x00, 0x00, 0x00, 0x03, 0xE0, 0xF8, 0x00, 0x00, 0x2F, 0xF8,
    0x00, 0x00, 0x2F, 0xF8, 0x00, 0x00, 0x2F, 0xF8, 0x00, 0x00, 0x2F, 0xF8, 0x00, 0x00, 0x2F, 0xF8,
    0x00, 0x00, 0x2F, 0xF8, 0x00, 0x00, 0x2F, 0xF8, 0x00, 0x00, 0x2F, 0xFC, 0x00, 0x00, 0x3F, 0xFF,
    0xFF, 0xFF, 0xFF, 0xFF, 0xFF, 0xFF, 0xFF, 0xF8, 0x00, 0x00, 0x2F, 0xF8, 0x00, 0x00, 0x2F, 0xF8,
    0x00, 0x00, 0x2F, 0xF8, 0x00, 0x00, 0x2F, 0xF8, 0x00, 0x00, 0x2F, 0xF8, 0x00, 0x00, 0x2F, 0xF8,
    0x00, 0x00, 0x2F, 0xF8, 0x00, 0x00, 0x2F, 0xF8, 0x00, 0x00, 0x2F, 0xF8, 0x00, 0x00, 0x3F, 0x00,
    0x00, 0x00, 0x3F, 0x00, 0x00, 0x00, 0x7E, 0x00, 0x00, 0x00, 0xBC, 0x00, 0x00, 0x01, 0xF8, 0x00,
    0x90, 0x1B, 0xF0, 0x00, 0xFF, 0xFF, 0xC0, 0x00, 0x6F, 0xF9, 0x00, 0xF8, 0x00, 0x03, 0xEF, 0x80,
    0x00, 0x3E, 0xF8, 0x00, 0x03, 0xEF, 0x80, 0x00, 0x3E, 0xF8, 0x00, 0x03, 0xEF, 0x80, 0x00, 0x3E,
    0xFC, 0x00, 0x03, 0xEF, 0xFF, 0xFF, 0xFE, 0xFF, 0xFF, 0xFF, 0xEF, 0x80, 0x00, 0x3E, 0xF8, 0x00,
    0x03, 0xEF, 0x80, 0x00, 0x3E, 0xF8, 0x00, 0x03, 0xEF, 0x80, 0x00, 0x3E, 0xF8, 0x00, 0x03, 0xEF,
    0x80, 0x00, 0x3E, 0x00, 0x00, 0x03, 0xE0, 0x00, 0x00, 0x3E, 0x00, 0x00, 0x07, 0xD0, 0x00, 0x00,
    0xFC, 0x00, 0x64, 0x7F, 0x40, 0x07, 0xFF, 0xE0, 0x00, 0x2F, 0xF4, 0x00, 0xF8, 0x00, 0x00, 0x2F,
    0x03, 0xE0, 0x00, 0x00, 0xBC, 0x0F, 0x80, 0x00, 0x02, 0xF0, 0x3E, 0x00, 0x00, 0x0B, 0xC0, 0xF8,
    0x00, 0x00, 0x2F, 0x03, 0xE0, 0x00, 0x00, 0xBC, 0x0F, 0x80, 0x00, 0x02, 0xF0, 0x3E, 0x00, 0x00,
    0x0B, 0xC0, 0xF8, 0x00, 0x00, 0x2F, 0x03, 0xFF, 0xFF, 0xFF, 0xFC, 0x0F, 0xFF, 0xFF, 0xFF, 0xF0,
    0x3F, 0x00, 0x00, 0x0F, 0xC0, 0xF8, 0x00, 0x00, 0x2F, 0x03, 0xE0, 0x00, 0x00, 0xBC, 0x0F, 0x80,
    0x00, 0x02, 0xF0, 0x3E, 0x00, 0x00, 0x0B, 0xC0, 0xF8, 0x00, 0x00, 0x2F, 0x03, 0xE0, 0x00, 0x00,
    0xBC, 0x0F, 0x80, 0x00, 0x02, 0xF0, 0x3E, 0x00, 0x00, 0x0B, 0xFE, 0xF8, 0x00, 0x00, 0x2F, 0xF4,
    0x00, 0x00, 0x00, 0x03, 0xC0, 0x00, 0x00, 0x00, 0x2F, 0x00, 0x00, 0x00, 0x00, 0xF8, 0x00, 0x00,
    0x00, 0x07, 0xD0, 0x00, 0x00, 0x00, 0x3F, 0x00, 0x00, 0x00, 0x00, 0xFC, 0x00, 0xF8, 0x00, 0x03,
    0xE0, 0x3E, 0x00, 0x00, 0xF8, 0x0F, 0x80, 0x00, 0x3E, 0x03, 0xE0, 0x00, 0x0F, 0x80, 0xF8, 0x00,
    0x03, 0xE0, 0x3E, 0x00, 0x00, 0xF8, 0x0F, 0xC0, 0x00, 0x3E, 0x03, 0xFF, 0xFF, 0xFF, 0x80, 0xFF,
    0xFF, 0xFF, 0xE0, 0x3E, 0x00, 0x00, 0xF8, 0x0F, 0x80, 0x00, 0x3E, 0x03, 0xE0, 0x00, 0x0F, 0x80,
    0xF8, 0x00, 0x03, 0xE0, 0x3E, 0x00, 0x00, 0xF8, 0x0F, 0x80, 0x00, 0x3F, 0xF7, 0xE0, 0x00, 0x0F,
    0xFC, 0x00, 0x00, 0x00, 0x1F, 0x00, 0x00, 0x00, 0x0F, 0x80, 0x00, 0x00, 0x03, 0xD0, 0x00, 0x00,
    0x01, 0xF0, 0x00, 0x00, 0x00, 0xBC, 0x00, 0x00, 0x00, 0x3E, 0x00, 0xF8, 0x00, 0x00, 0xBF, 0xE0,
    0x00, 0x02, 0xFF, 0x80, 0x00, 0x0B, 0xFE, 0x00, 0x00, 0x2F, 0xF8, 0x00, 0x00, 0xBF, 0xE0, 0x00,
    0x02, 0xFF, 0x80, 0x00, 0x0B, 0xFE, 0x00, 0x00, 0x2F, 0xF8, 0x00, 0x00, 0xBF, 0xF0, 0x00, 0x02,
    0xFB, 0xC0, 0x00, 0x0F, 0xDF, 0xD0, 0x1B, 0xFF, 0x2F, 0xFF, 0xFF, 0xFC, 0x0B, 0xFF, 0x92, 0xF0,
    0x00, 0x00, 0x0B, 0xC0, 0x00, 0x00, 0x2F, 0x00, 0x00, 0x00, 0xBC, 0x00, 0x00, 0x02, 0xF0, 0x00,
    0x00, 0x0B, 0xC0, 0x00, 0x03, 0xFF, 0x00, 0x00, 0x0F, 0xFC, 0x00, 0x00, 0x3E, 0x00, 0x00, 0x00,
    0xF8, 0x00, 0x00, 0x03, 0xE0, 0x00, 0x00, 0x0F, 0x80, 0x00, 0x00, 0x3E, 0x00, 0x00, 0x00, 0xF8,
    0x00, 0xF8, 0x00, 0x0B, 0xFE, 0x00, 0x02, 0xFF, 0x80, 0x00, 0xBF, 0xE0, 0x00, 0x2F, 0xF8, 0x00,
    0x0B, 0xFE, 0x00, 0x02, 0xFF, 0xC0, 0x00, 0xBF, 0xF0, 0x00, 0x7F, 0xBF, 0x41, 0xFF, 0xCF, 0xFF,
    0xFB, 0xF0, 0xBF, 0xE0, 0xBC, 0x00, 0x00, 0x2F, 0x00, 0x00, 0x0B, 0xC0, 0x00, 0x02, 0xF0, 0x00,
    0x0B, 0xFC, 0x00, 0x02, 0xFF, 0x00, 0x00, 0xBC, 0x00, 0x00, 0x2F, 0x00, 0x00, 0x0B, 0xC0, 0x00,
    0x02, 0xF0, 0x00, 0x00, 0xBC, 0x00, 0x00, 0x2F, 0x00, 0xFF, 0x40, 0x00, 0x00, 0x3F, 0xC0, 0xFF,
    0xC0, 0x00, 0x00, 0xBF, 0xC0, 0xFF, 0xC0, 0x00, 0x00, 0xFF, 0xC0, 0xFB, 0xD0, 0x00, 0x01, 0xFB,
    0xC0, 0xFA, 0xF0, 0x00, 0x02, 0xEB, 0xC0, 0xF8, 0xF0, 0x00, 0x03, 0xCB, 0xC0, 0xF8, 0xF8, 0x00,
    0x07, 0xCB, 0xC0, 0xF8, 0x7C, 0x00, 0x0B, 0x4B, 0xC0, 0xF8, 0x3D, 0x00, 0x0F, 0x0B, 0xC0, 0xF8,
    0x3E, 0x00, 0x1E, 0x0B, 0xC0, 0xF8, 0x1F, 0x00, 0x3D, 0x0B, 0xC0, 0xF8, 0x0F, 0x40, 0x3C, 0x0B,
    0xC0, 0xF8, 0x0B, 0x80, 0xB8, 0x0B, 0xC0, 0xF8, 0x07, 0xC0, 0xF0, 0x0B, 0xC0, 0xF8, 0x03, 0xD1,
    0xF0, 0x0B, 0xC0, 0xF8, 0x02, 0xF2, 0xE0, 0x0B, 0xC0, 0xF8, 0x00, 0xF3, 0xC0, 0x0B, 0xC0, 0xF8,
    0x00, 0xFF, 0xC0, 0x0B, 0xC0, 0xF8, 0x00, 0xBF, 0x40, 0x0B, 0xC0, 0xF8, 0x00, 0x3F, 0x00, 0x0B,
    0xFE, 0xF8, 0x00, 0x3E, 0x00, 0x0B, 0xFD, 0x00, 0x00, 0x00, 0x00, 0x00, 0x3C, 0x00, 0x00, 0x00,
    0x00, 0x00, 0xBC, 0x00, 0x00, 0x00, 0x00, 0x00, 0xF8, 0x00, 0x00, 0x00, 0x00, 0x01, 0xF4, 0x00,
    0x00, 0x00, 0x00, 0x03, 0xF0, 0x00, 0x00, 0x00, 0x00, 0x07, 0xF0, 0xFF, 0x00, 0x00, 0x3F, 0xC0,
    0xFF, 0x40, 0x00, 0x7F, 0xC0, 0xFF, 0x80, 0x00, 0xBF, 0xC0, 0xFF, 0xC0, 0x00, 0xFF, 0xC0, 0xFB,
    0xD0, 0x01, 0xFB, 0xC0, 0xF9, 0xF0, 0x03, 0xDB, 0xC0, 0xF8, 0xF0, 0x03, 0xCB, 0xC0, 0xF8, 0xB4,
    0x0B, 0x8B, 0xC0, 0xF8, 0x7C, 0x0F, 0x4B, 0xC0, 0xF8, 0x3C, 0x0F, 0x0B, 0xC0, 0xF8, 0x2E, 0x2E,
    0x0B, 0xC0, 0xF8, 0x0F, 0x3C, 0x0B, 0xC0, 0xF8, 0x0F, 0xBC, 0x0B, 0xC0, 0xF8, 0x07, 0xF4, 0x0B,
    0xC0, 0xF8, 0x03, 0xF0, 0x0B, 0xFE, 0xF8, 0x02, 0xE0, 0x0B, 0xFD, 0x00, 0x00, 0x00, 0x00, 0x3C,
    0x00, 0x00, 0x00, 0x00, 0xBC, 0x00, 0x00, 0x00, 0x00, 0xF8, 0x00, 0x00, 0x00, 0x01, 0xF4, 0x00,
    0x00, 0x00, 0x02, 0xF0, 0x00, 0x00, 0x00, 0x03, 0xF0, 0xFF, 0xFF, 0xBF, 0xFE, 0x0B, 0xC0, 0x0B,
    0xC0, 0x0B, 0xC0, 0x0B, 0xC0, 0x0B, 0xC0, 0x0B, 0xC0, 0x0B, 0xC0, 0x0B, 0xC0, 0x0B, 0xC0, 0x0B,
    0xC0, 0x0B, 0xC0, 0x0B, 0xC0, 0x0B, 0xC0, 0x0B, 0xC0, 0x0B, 0xC0, 0x0B, 0xC0, 0x0B, 0xC0, 0xBF,
    0xFE, 0xFF, 0xFF, 0x00, 0x28, 0x01, 0x90, 0x00, 0x00, 0xF8, 0x1F, 0x80, 0x00, 0x01, 0xFF, 0xFC,
    0x00, 0x00, 0x01, 0xFF, 0x80, 0x00, 0x00, 0x00, 0x00, 0x00, 0x00, 0x00, 0x00, 0x00, 0x00, 0x00,
    0x00, 0x0F, 0x80, 0x00, 0x00, 0x00, 0x7F, 0x00, 0x00, 0x00, 0x03, 0xFD, 0x00, 0x00, 0x00, 0x0F,
    0xBC, 0x00, 0x00, 0x00, 0xBC, 0xF0, 0x00, 0x00, 0x03, 0xD3, 0xE0, 0x00, 0x00, 0x1F, 0x07, 0xC0,
    0x00, 0x00, 0xF8, 0x0F, 0x40, 0x00, 0x03, 0xD0, 0x2F, 0x00, 0x00, 0x2F, 0x00, 0x7C, 0x00, 0x00,
    0xF8, 0x00, 0xF8, 0x00, 0x07, 0xC0, 0x02, 0xF0, 0x00, 0x2F, 0xFF, 0xFF, 0xD0, 0x00, 0xFF, 0xFF,
    0xFF, 0x80, 0x07, 0xD5, 0x55, 0x6F, 0x00, 0x3E, 0x00, 0x00, 0x3D, 0x01, 0xF4, 0x00, 0x00, 0xFC,
    0x0B, 0xC0, 0x00, 0x01, 0xF4, 0x3E, 0x00, 0x00, 0x03, 0xE1, 0xF0, 0x00, 0x00, 0x0B, 0xCF, 0xC0,
    0x00, 0x00, 0x1F, 0x40, 0x07, 0xC0, 0x3D, 0x00, 0xF8, 0x2F, 0x00, 0x1F, 0xFF, 0x80, 0x01, 0xFF,
    0x80, 0x00, 0x00, 0x00, 0x00, 0x00, 0x00, 0x00, 0x1B, 0xFE, 0x40, 0x3F, 0xFF, 0xF8, 0x0F, 0x90,
    0x7F, 0x00, 0x00, 0x07, 0xE0, 0x00, 0x00, 0xF8, 0x00, 0x00, 0x3E, 0x01, 0xAF, 0xFF, 0x83, 0xFF,
    0xFF, 0xE3, 0xF4, 0x00, 0xFA, 0xF0, 0x00, 0x3E, 0xFC, 0x00, 0x0F, 0xBE, 0x00, 0x07, 0xEF, 0xC0,
    0x03, 0xFA, 0xF8, 0x07, 0xFE, 0x3F, 0xFF, 0xCB, 0x82, 0xFF, 0x81, 0xE0, 0x00, 0x0B, 0x41, 0xE0,
    0x00, 0x00, 0x0F, 0x82, 0xF0, 0x00, 0x00, 0x0B, 0x41, 0xE0, 0x00, 0x00, 0x00, 0x00, 0x00, 0x00,
    0x00, 0x00, 0x00, 0x00, 0x00, 0x00, 0x00, 0x00, 0x00, 0x00, 0x00, 0x00, 0x7D, 0x00, 0x00, 0x00,
    0x00, 0xBE, 0x00, 0x00, 0x00, 0x00, 0xFF, 0x00, 0x00, 0x00, 0x01, 0xFF, 0x40, 0x00, 0x00, 0x03,
    0xE7, 0xC0, 0x00, 0x00, 0x03, 0xC3, 0xD0, 0x00, 0x00, 0x0B, 0xC3, 0xE0, 0x00, 0x00, 0x0F, 0x41,
    0xF0, 0x00, 0x00, 0x1F, 0x00, 0xF4, 0x00, 0x00, 0x2F, 0x00, 0xBC, 0x00, 0x00, 0x3D, 0x00, 0x7C,
    0x00, 0x00, 0x7C, 0x00, 0x3E, 0x00, 0x00, 0xFF, 0xFF, 0xFF, 0x00, 0x01, 0xFF, 0xFF, 0xFF, 0x40,
    0x02, 0xF5, 0x55, 0x5F, 0x80, 0x03, 0xE0, 0x00, 0x0B, 0xC0, 0x07, 0xC0, 0x00, 0x03, 0xE0, 0x0F,
    0xC0, 0x00, 0x03, 0xF0, 0x0F, 0x40, 0x00, 0x01, 0xF4, 0x2F, 0x00, 0x00, 0x00, 0xF8, 0x3E, 0x00,
    0x00, 0x00, 0xBC, 0x02, 0xD0, 0x78, 0x00, 0xF8, 0x2F, 0x00, 0x2D, 0x07, 0x80, 0x00, 0x00, 0x00,
    0x00, 0x00, 0x00, 0x00, 0x6F, 0xF9, 0x00, 0xFF, 0xFF, 0xE0, 0x2D, 0x41, 0xFC, 0x00, 0x00, 0x1F,
    0x80, 0x00, 0x03, 0xE0, 0x00, 0x00, 0xF8, 0x06, 0xFF, 0xFE, 0x1F, 0xFF, 0xFF, 0x9F, 0xE4, 0x03,
    0xEF, 0xD0, 0x00, 0xFB, 0xF0, 0x00, 0x3E, 0xF8, 0x00, 0x1F, 0xBF, 0x00, 0x0F, 0xEB, 0xF4, 0x2F,
    0xF8, 0xFF, 0xFF, 0x2E, 0x0B, 0xFE, 0x07, 0x80, 0x00, 0x00, 0x07, 0xFF, 0xFF, 0xFF, 0xC0, 0x00,
    0x03, 0xFF, 0xFF, 0xFF, 0xF0, 0x00, 0x01, 0xF0, 0xFC, 0x00, 0x00, 0x00, 0x00, 0xF8, 0x3E, 0x00,
    0x00, 0x00, 0x00, 0x7C, 0x0F, 0x80, 0x00, 0x00, 0x00, 0x3F, 0x03, 0xE0, 0x00, 0x00, 0x00, 0x1F,
    0x40, 0xF8, 0x00, 0x00, 0x00, 0x0F, 0xC0, 0x3E, 0x00, 0x00, 0x00, 0x03, 0xD0, 0x0F, 0x80, 0x00,
    0x00, 0x02, 0xF0, 0x03, 0xFF, 0xFF, 0xE0, 0x00, 0xF4, 0x00, 0xFF, 0xFF, 0xF8, 0x00, 0xBC, 0x00,
    0x3F, 0x00, 0x00, 0x00, 0x3F, 0xFF, 0xFF, 0x80, 0x00, 0x00, 0x2F, 0xFF, 0xFF, 0xE0, 0x00, 0x00,
    0x0F, 0x80, 0x00, 0xF8, 0x00, 0x00, 0x0B, 0xC0, 0x00, 0x3E, 0x00, 0x00, 0x03, 0xE0, 0x00, 0x0F,
    0x80, 0x00, 0x01, 0xF0, 0x00, 0x03, 0xE0, 0x00, 0x00, 0xF8, 0x00, 0x00, 0xFC, 0x00, 0x00, 0x7D,
    0x00, 0x00, 0x3F, 0xFF, 0xFF, 0x3F, 0x00, 0x00, 0x0F, 0xFF, 0xFF, 0xC0, 0x01, 0xBF, 0xE0, 0x0B,
    0xF9, 0x00, 0x7F, 0xFF, 0xF1, 0xFF, 0xFE, 0x00, 0xE4, 0x07, 0xFF, 0x91, 0xBE, 0x00, 0x00, 0x07,
    0xF4, 0x00, 0xBC, 0x00, 0x00, 0x0F, 0xC0, 0x00, 0xF4, 0x00, 0x00, 0x3F, 0x00, 0x03, 0xE0, 0x1B,
    0xFF, 0xFF, 0xFF, 0xFF, 0x87, 0xFF, 0xFF, 0xFF, 0xFF, 0xFE, 0x7F, 0x90, 0x0F, 0xC0, 0x00, 0x02,
    0xF4, 0x00, 0x3F, 0x00, 0x00, 0x0F, 0xC0, 0x00, 0xFC, 0x00, 0x00, 0x3E, 0x00, 0x07, 0xF4, 0x00,
    0x00, 0xFC, 0x00, 0x3F, 0xF0, 0x00, 0x02, 0xFD, 0x07, 0xE7, 0xF4, 0x06, 0xC3, 0xFF, 0xFE, 0x07,
    0xFF, 0xFF, 0x01, 0xFF, 0x80, 0x02, 0xFF, 0xE0, 0x0A, 0x00, 0x64, 0x0F, 0x81, 0xF4, 0x0B, 0xFF,
    0xF0, 0x01, 0xFF, 0x80, 0x00, 0x00, 0x00, 0x00, 0x00, 0x00, 0xFF, 0xFF, 0xFE, 0xFF, 0xFF, 0xFE,
    0xFC, 0x00, 0x00, 0xF8, 0x00, 0x00, 0xF8, 0x00, 0x00, 0xF8, 0x00, 0x00, 0xF8, 0x00, 0x00, 0xF8,
    0x00, 0x00, 0xF8, 0x00, 0x00, 0xFF, 0xFF, 0xFC, 0xFF, 0xFF, 0xFC, 0xFC, 0x00, 0x00, 0xF8, 0x00,
    0x00, 0xF8, 0x00, 0x00, 0xF8, 0x00, 0x00, 0xF8, 0x00, 0x00, 0xF8, 0x00, 0x00, 0xF8, 0x00, 0x00,
    0xFC, 0x00, 0x00, 0xFF, 0xFF, 0xFE, 0xFF, 0xFF, 0xFE, 0x07, 0xC0, 0x2E, 0x00, 0x3E, 0x07, 0xD0,
    0x02, 0xFF, 0xFC, 0x00, 0x0B, 0xFE, 0x00, 0x00, 0x00, 0x00, 0x00, 0x00, 0x00, 0x00, 0x00, 0xBF,
    0xE0, 0x00, 0x7F, 0xFF, 0xE0, 0x1F, 0xD0, 0x7F, 0x83, 0xF0, 0x00, 0xBC, 0x7C, 0x00, 0x03, 0xDB,
    0xC0, 0x00, 0x3E, 0xFF, 0xFF, 0xFF, 0xEF, 0xFF, 0xFF, 0xFE, 0xFC, 0x00, 0x00, 0x0F, 0xC0, 0x00,
    0x00, 0xBC, 0x00, 0x00, 0x07, 0xD0, 0x00, 0x00, 0x3F, 0x00, 0x00, 0x01, 0xFE, 0x41, 0x6C, 0x07,
    0xFF, 0xFF, 0xC0, 0x06, 0xFF, 0xE0, 0x06, 0xBF, 0xFE, 0x00, 0x02, 0xFF, 0xFF, 0xFE, 0x00, 0x2E,
    0x50, 0x06, 0xFC, 0x00, 0x00, 0x00, 0x07, 0xF0, 0x00, 0x00, 0x00, 0x0F, 0x80, 0x00, 0x00, 0x00,
    0x7C, 0x00, 0x00, 0x00, 0x03, 0xD0, 0x00, 0x00, 0x00, 0x3E, 0x00, 0x00, 0x00, 0x02, 0xFF, 0xFF,
    0xFF, 0xFF, 0xFF, 0xFF, 0xFF, 0xFF, 0xFF, 0xFF, 0xC0, 0x00, 0x00, 0x3F, 0xFC, 0x00, 0x00, 0x03,
    0xFB, 0xC0, 0x00, 0x00, 0x3E, 0xBC, 0x00, 0x00, 0x03, 0xD3, 0xD0, 0x00, 0x00, 0xBC, 0x3F, 0x00,
    0x00, 0x1F, 0x81, 0xF8, 0x00, 0x07, 0xF0, 0x0B, 0xF4, 0x06, 0xFD, 0x00, 0x2F, 0xFF, 0xFF, 0x00,
    0x00, 0x2F, 0xFE, 0x40, 0x00, 0x1B, 0xFF, 0x90, 0x07, 0xFF, 0xFF, 0xC0, 0x79, 0x01, 0xBF, 0x00,
    0x00, 0x01, 0xF8, 0x00, 0x00, 0x0B, 0xC0, 0x00, 0x00, 0x3D, 0x00, 0x00, 0x03, 0xEF, 0xFF, 0xFF,
    0xFE, 0xFF, 0xFF, 0xFF, 0xEF, 0xC0, 0x00, 0x3E, 0xFC, 0x00, 0x07, 0xDB, 0xC0, 0x00, 0xBC, 0x3E,
    0x00, 0x1F, 0x82, 0xF9, 0x0B, 0xF0, 0x0B, 0xFF, 0xFC, 0x00, 0x1B, 0xFD, 0x00, 0x00, 0x78, 0x0B,
    0x40, 0x00, 0x0B, 0xC0, 0xF8, 0x00, 0x00, 0x78, 0x0B, 0x40, 0x00, 0x00, 0x00, 0x00, 0x00, 0x00,
    0x00, 0x00, 0x00, 0x00, 0x00, 0x00, 0x00, 0x00, 0x06, 0xBF, 0xFE, 0x00, 0x02, 0xFF, 0xFF, 0xFE,
    0x00, 0x2E, 0x50, 0x06, 0xFC, 0x00, 0x00, 0x00, 0x07, 0xF0, 0x00, 0x00, 0x00, 0x0F, 0x80, 0x00,
    0x00, 0x00, 0x7C, 0x00, 0x00, 0x00, 0x03, 0xD0, 0x00, 0x00, 0x00, 0x3E, 0x00, 0x00, 0x00, 0x02,
    0xFF, 0xFF, 0xFF, 0xFF, 0xFF, 0xFF, 0xFF, 0xFF, 0xFF, 0xFF, 0xC0, 0x00, 0x00, 0x3F, 0xFC, 0x00,
    0x00, 0x03, 0xFB, 0xC0, 0x00, 0x00, 0x3E, 0xBC, 0x00, 0x00, 0x03, 0xD3, 0xD0, 0x00, 0x00, 0xBC,
    0x3F, 0x00, 0x00, 0x1F, 0x81, 0xF8, 0x00, 0x07, 0xF0, 0x0B, 0xF4, 0x06, 0xFD, 0x00, 0x2F, 0xFF,
    0xFF, 0x00, 0x00, 0x2F, 0xFE, 0x40, 0x00, 0x07, 0x80, 0xB4, 0x00, 0xBC, 0x0F, 0x80, 0x07, 0x80,
    0xB4, 0x00, 0x00, 0x00, 0x00, 0x00, 0x00, 0x00, 0x01, 0xBF, 0xF9, 0x00, 0x7F, 0xFF, 0xFC, 0x07,
    0x90, 0x1B, 0xF0, 0x00, 0x00, 0x1F, 0x80, 0x00, 0x00, 0xBC, 0x00, 0x00, 0x03, 0xD0, 0x00, 0x00,
    0x3E, 0xFF, 0xFF, 0xFF, 0xEF, 0xFF, 0xFF, 0xFE, 0xFC, 0x00, 0x07, 0xEF, 0xC0, 0x00, 0x7D, 0xBC,
    0x00, 0x0B, 0xC3, 0xE0, 0x01, 0xF8, 0x2F, 0x90, 0xBF, 0x00, 0xBF, 0xFF, 0xC0, 0x01, 0xBF, 0xD0,
    0x00, 0x00, 0x00, 0x1E, 0x02, 0xD0, 0x00, 0x00, 0x00, 0x00, 0xBC, 0x0F, 0x80, 0x00, 0x00, 0x00,
    0x01, 0xE0, 0x2D, 0x00, 0x00, 0x00, 0x00, 0x00, 0x00, 0x00, 0x00, 0x00, 0x00, 0x00, 0x00, 0x00,
    0x00, 0x00, 0x00, 0x00, 0x00, 0x00, 0x00, 0x00, 0x00, 0x02, 0xF0, 0x00, 0x0B, 0xC0, 0x00, 0x3F,
    0x03, 0xF0, 0x00, 0x2F, 0x00, 0x01, 0xF4, 0x07, 0xD0, 0x00, 0xBC, 0x00, 0x0F, 0x80, 0x0B, 0xC0,
    0x02, 0xF0, 0x00, 0xFC, 0x00, 0x0F, 0x80, 0x0B, 0xC0, 0x07, 0xD0, 0x00, 0x1F, 0x40, 0x2F, 0x00,
    0x3E, 0x00, 0x00, 0x2F, 0x00, 0xBC, 0x03, 0xF0, 0x00, 0x00, 0x3E, 0x02, 0xF0, 0x1F, 0x40, 0x00,
    0x00, 0x7C, 0x0B, 0xC0, 0xFC, 0x00, 0x00, 0x00, 0xFF, 0xFF, 0xFF, 0xC0, 0x00, 0x00, 0x02, 0xFF,
    0xFF, 0xFF, 0x00, 0x00, 0x00, 0x1F, 0x97, 0xF5, 0xBE, 0x00, 0x00, 0x00, 0xF8, 0x0B, 0xC0, 0xBD,
    0x00, 0x00, 0x0B, 0xC0, 0x2F, 0x00, 0xFC, 0x00, 0x00, 0x7E, 0x00, 0xBC, 0x01, 0xF8, 0x00, 0x03,
    0xF0, 0x02, 0xF0, 0x02, 0xF4, 0x00, 0x2F, 0x40, 0x0B, 0xC0, 0x03, 0xF0, 0x00, 0xF8, 0x00, 0x2F,
    0x00, 0x07, 0xE0, 0x0F, 0xC0, 0x00, 0xBC, 0x00, 0x0F, 0xC0, 0xBD, 0x00, 0x02, 0xF0, 0x00, 0x0F,
    0xC3, 0xF0, 0x00, 0x0B, 0xC0, 0x00, 0x1F, 0x80, 0x00, 0x00, 0xB4, 0x1E, 0x00, 0x00, 0x00, 0x03,
    0xE0, 0xBC, 0x00, 0x00, 0x00, 0x0B, 0x41, 0xE0, 0x00, 0x00, 0x00, 0x00, 0x00, 0x00, 0x00, 0x00,
    0x00, 0x00, 0x00, 0x00, 0x00, 0x7D, 0x00, 0x1F, 0x00, 0x0F, 0xC0, 0xBC, 0x00, 0x7C, 0x00, 0x7C,
    0x00, 0xF8, 0x01, 0xF0, 0x03, 0xE0, 0x01, 0xF4, 0x07, 0xC0, 0x2F, 0x00, 0x02, 0xF0, 0x1F, 0x00,
    0xF0, 0x00, 0x03, 0xE0, 0x7C, 0x0F, 0x80, 0x00, 0x07, 0xD1, 0xF0, 0xBC, 0x00, 0x00, 0x0F, 0xFF,
    0xFF, 0xD0, 0x00, 0x00, 0x3F, 0xFF, 0xFF, 0x80, 0x00, 0x03, 0xF0, 0x7C, 0x1F, 0x40, 0x00, 0x1F,
    0x81, 0xF0, 0x2F, 0x00, 0x00, 0xFC, 0x07, 0xC0, 0x3E, 0x00, 0x0F, 0xC0, 0x1F, 0x00, 0xBD, 0x00,
    0x7E, 0x00, 0x7C, 0x00, 0xFC, 0x03, 0xF0, 0x01, 0xF0, 0x01, 0xF8, 0x2F, 0x00, 0x07, 0xC0, 0x02,
    0xF0, 0x0B, 0x41, 0xE0, 0x00, 0xF8, 0x2F, 0x00, 0x0B, 0x41, 0xE0, 0x00, 0x00, 0x00, 0x00, 0x00,
    0x00, 0x00, 0x00, 0x00, 0x00, 0x00, 0x1B, 0xFF, 0xD0, 0x0B, 0xFF, 0xFF, 0xD0, 0x79, 0x01, 0xBF,
    0x40, 0x00, 0x01, 0xFC, 0x00, 0x00, 0x0F, 0xC0, 0x00, 0x00, 0xBC, 0x00, 0x00, 0x0F, 0xC0, 0x00,
    0x02, 0xF4, 0x00, 0x01, 0xFD, 0x00, 0xBF, 0xFE, 0x00, 0x0B, 0xFF, 0xF8, 0x00, 0x00, 0x07, 0xF4,
    0x00, 0x00, 0x0F, 0xC0, 0x00, 0x00, 0x3E, 0x00, 0x00, 0x03, 0xE0, 0x00, 0x00, 0x3E, 0x00, 0x00,
    0x07, 0xE0, 0x00, 0x00, 0xFC, 0xF5, 0x01, 0xBF, 0x8F, 0xFF, 0xFF, 0xD0, 0x6B, 0xFF, 0x90, 0x00,
    0x0B, 0x41, 0xE0, 0x0F, 0x82, 0xF0, 0x0B, 0x41, 0xE0, 0x00, 0x00, 0x00, 0x00, 0x00, 0x00, 0x1B,
    0xFF, 0x90, 0x3F, 0xFF, 0xF8, 0x39, 0x01, 0xFD, 0x00, 0x00, 0x3E, 0x00, 0x00, 0x3E, 0x00, 0x00,
    0x7D, 0x00, 0x06, 0xFC, 0x07, 0xFF, 0xD0, 0x07, 0xFF, 0xF4, 0x00, 0x01, 0xFD, 0x00, 0x00, 0x3F,
    0x00, 0x00, 0x2F, 0x00, 0x00, 0x3F, 0x65, 0x01, 0xFE, 0xBF, 0xFF, 0xF8, 0x1B, 0xFF, 0x90, 0x3F,
    0xFF, 0xFF, 0xF0, 0xFF, 0xFF, 0xFF, 0xC0, 0x00, 0x00, 0xFD, 0x00, 0x00, 0x0F, 0xD0, 0x00, 0x00,
    0xFD, 0x00, 0x00, 0x0F, 0xD0, 0x00, 0x00, 0xFD, 0x00, 0x00, 0x0F, 0xC0, 0x00, 0x00, 0xFD, 0x00,
    0x00, 0x07, 0xFF, 0xE4, 0x00, 0x1F, 0xFF, 0xF8, 0x00, 0x00, 0x1B, 0xFC, 0x00, 0x00, 0x03, 0xF4,
    0x00, 0x00, 0x03, 0xE0, 0x00, 0x00, 0x0F, 0x80, 0x00, 0x00, 0x3E, 0x00, 0x00, 0x01, 0xF4, 0x00,
    0x00, 0x0F, 0xCB, 0xE4, 0x06, 0xFD, 0x1F, 0xFF, 0xFF, 0xD0, 0x1B, 0xFF, 0xE4, 0x00, 0x3F, 0xFF,
    0xFF, 0xC3, 0xFF, 0xFF, 0xFC, 0x00, 0x00, 0x2F, 0x40, 0x00, 0x07, 0xD0, 0x00, 0x01, 0xF8, 0x00,
    0x00, 0x3E, 0x00, 0x00, 0x0F, 0x80, 0x00, 0x03, 0xF0, 0x00, 0x00, 0xFC, 0x00, 0x00, 0x1F, 0xFD,
    0x00, 0x02, 0xFF, 0xFD, 0x00, 0x00, 0x1F, 0xF4, 0x00, 0x00, 0x1F, 0xC0, 0x00, 0x00, 0xBD, 0x00,
    0x00, 0x03, 0xE0, 0x00, 0x00, 0x3E, 0x00, 0x00, 0x03, 0xE0, 0x00, 0x00, 0x3E, 0x00, 0x00, 0x0B,
    0xC0, 0x00, 0x01, 0xF8, 0xB9, 0x01, 0xBF, 0x0B, 0xFF, 0xFF, 0xC0, 0x1B, 0xFF, 0x90, 0x00, 0x00,
    0x00, 0x00, 0x00, 0x00, 0x3F, 0xFF, 0xF0, 0x00, 0x0F, 0xFF, 0xFC, 0x00, 0x00, 0x00, 0x00, 0x00,
    0x00, 0x00, 0x00, 0x00, 0x3E, 0x00, 0x00, 0x0B, 0xEF, 0x80, 0x00, 0x03, 0xFB, 0xE0, 0x00, 0x03,
    0xFE, 0xF8, 0x00, 0x01, 0xFF, 0xBE, 0x00, 0x00, 0xF7, 0xEF, 0x80, 0x00, 0xB8, 0xFB, 0xE0, 0x00,
    0x7C, 0x3E, 0xF8, 0x00, 0x3D, 0x0F, 0xBE, 0x00, 0x2F, 0x03, 0xEF, 0x80, 0x1F, 0x00, 0xFB, 0xE0,
    0x0F, 0x80, 0x3E, 0xF8, 0x0B, 0xC0, 0x0F, 0xBE, 0x03, 0xD0, 0x03, 0xEF, 0x83, 0xE0, 0x00, 0xFB,
    0xE1, 0xF0, 0x00, 0x3E, 0xF8, 0xF4, 0x00, 0x0F, 0xBE, 0xBC, 0x00, 0x03, 0xEF, 0xFC, 0x00, 0x00,
    0xFB, 0xFE, 0x00, 0x00, 0x3E, 0xFF, 0x00, 0x00, 0x0F, 0xBF, 0x40, 0x00, 0x03, 0xE0, 0x0F, 0xFF,
    0xFC, 0x03, 0xFF, 0xFF, 0x00, 0x00, 0x00, 0x00, 0x00, 0x00, 0x00, 0xF8, 0x00, 0x2F, 0xFE, 0x00,
    0x0F, 0xFF, 0x80, 0x0B, 0xFF, 0xE0, 0x03, 0xFF, 0xF8, 0x02, 0xEB, 0xFE, 0x01, 0xF2, 0xFF, 0x80,
    0xF4, 0xBF, 0xE0, 0x7C, 0x2F, 0xF8, 0x3D, 0x0B, 0xFE, 0x1F, 0x02, 0xFF, 0x8F, 0x40, 0xBF, 0xE7,
    0xC0, 0x2F, 0xFF, 0xD0, 0x0B, 0xFF, 0xE0, 0x02, 0xFF, 0xF0, 0x00, 0xBF, 0xF8, 0x00, 0x2F, 0x00,
    0xB4, 0x1E, 0x00, 0x00, 0x3E, 0x0B, 0xC0, 0x00, 0x0B, 0x41, 0xE0, 0x00, 0x00, 0x00, 0x00, 0x00,
    0x00, 0x00, 0x00, 0x00, 0x00, 0x00, 0x00, 0x00, 0x0F, 0x80, 0x00, 0x02, 0xFB, 0xE0, 0x00, 0x01,
    0xFE, 0xF8, 0x00, 0x00, 0xFF, 0xBE, 0x00, 0x00, 0xBF, 0xEF, 0x80, 0x00, 0x3D, 0xFB, 0xE0, 0x00,
    0x3E, 0x3E, 0xF8, 0x00, 0x1F, 0x0F, 0xBE, 0x00, 0x0F, 0x43, 0xEF, 0x80, 0x0B, 0xC0, 0xFB, 0xE0,
    0x07, 0xC0, 0x3E, 0xF8, 0x03, 0xE0, 0x0F, 0xBE, 0x02, 0xF0, 0x03, 0xEF, 0x80, 0xF4, 0x00, 0xFB,
    0xE0, 0xF8, 0x00, 0x3E, 0xF8, 0x7C, 0x00, 0x0F, 0xBE, 0x3D, 0x00, 0x03, 0xEF, 0xAF, 0x00, 0x00,
    0xFB, 0xFF, 0x00, 0x00, 0x3E, 0xFF, 0x80, 0x00, 0x0F, 0xBF, 0xC0, 0x00, 0x03, 0xEF, 0xD0, 0x00,
    0x00, 0xF8, 0x03, 0x80, 0xB4, 0x01, 0xF0, 0x3E, 0x00, 0x38, 0x0B, 0x40, 0x00, 0x00, 0x00, 0x00,
    0x00, 0x00, 0x3E, 0x00, 0x0B, 0xFF, 0x80, 0x03, 0xFF, 0xE0, 0x02, 0xFF, 0xF8, 0x00, 0xFF, 0xFE,
    0x00, 0xBA, 0xFF, 0x80, 0x3C, 0xBF, 0xE0, 0x3D, 0x2F, 0xF8, 0x1F, 0x0B, 0xFE, 0x0F, 0x42, 0xFF,
    0x87, 0xC0, 0xBF, 0xE3, 0xD0, 0x2F, 0xF9, 0xE0, 0x0B, 0xFF, 0xF0, 0x02, 0xFF, 0xF8, 0x00, 0xBF,
    0xFC, 0x00, 0x2F, 0xFE, 0x00, 0x0B, 0xC0, 0x00, 0x1E, 0x02, 0xD0, 0x00, 0x00, 0xBC, 0x0F, 0x80,
    0x00, 0x01, 0xE0, 0x2D, 0x00, 0x00, 0x00, 0x00, 0x00, 0x00, 0x00, 0x00, 0x00, 0x00, 0x00, 0x00,
    0x00, 0x00, 0x00, 0x00, 0x01, 0xBF, 0xF9, 0x00, 0x00, 0x3F, 0xFF, 0xFF, 0x00, 0x07, 0xF9, 0x01,
    0xBF, 0x40, 0x3F, 0x40, 0x00, 0x3F, 0x02, 0xF4, 0x00, 0x00, 0x7E, 0x0F, 0x80, 0x00, 0x00, 0xBC,
    0xBD, 0x00, 0x00, 0x01, 0xF6, 0xF0, 0x00, 0x00, 0x03, 0xEF, 0xC0, 0x00, 0x00, 0x0F, 0xFF, 0x00,
    0x00, 0x00, 0x3F, 0xF8, 0x00, 0x00, 0x00, 0xBF, 0xF0, 0x00, 0x00, 0x03, 0xFF, 0xC0, 0x00, 0x00,
    0x0F, 0xEF, 0x00, 0x00, 0x00, 0x3E, 0x7D, 0x00, 0x00, 0x01, 0xF4, 0xF8, 0x00, 0x00, 0x0B, 0xC2,
    0xF4, 0x00, 0x00, 0x7E, 0x03, 0xF4, 0x00, 0x07, 0xF0, 0x07, 0xF9, 0x01, 0xBF, 0x40, 0x03, 0xFF,
    0xFF, 0xF0, 0x00, 0x01, 0xBF, 0xF9, 0x00, 0x00, 0x02, 0xD0, 0x78, 0x00, 0x0F, 0x82, 0xF0, 0x00,
    0x2D, 0x07, 0x80, 0x00, 0x00, 0x00, 0x00, 0x00, 0x00, 0x00, 0x00, 0x02, 0xFF, 0x90, 0x00, 0x7F,
    0xFF, 0xF0, 0x07, 0xF4, 0x1B, 0xF0, 0x3F, 0x00, 0x07, 0xE1, 0xF4, 0x00, 0x0B, 0xCB, 0xC0, 0x00,
    0x1F, 0x7F, 0x00, 0x00, 0x3E, 0xF8, 0x00, 0x00, 0xFB, 0xE0, 0x00, 0x03, 0xEF, 0xC0, 0x00, 0x0F,
    0xAF, 0x00, 0x00, 0x7D, 0x7D, 0x00, 0x02, 0xF0, 0xFC, 0x00, 0x1F, 0x81, 0xFD, 0x06, 0xFC, 0x01,
    0xFF, 0xFF, 0xC0, 0x00, 0x7F, 0xE4, 0x00, 0x00, 0x1B, 0xFF, 0x90, 0x00, 0x03, 0xFF, 0xFF, 0xF0,
    0x00, 0x7F, 0x90, 0x1B, 0xF4, 0x03, 0xF0, 0x00, 0x03, 0xF0, 0x2F, 0x00, 0x00, 0x03, 0xE0, 0xF8,
    0x00, 0x00, 0x0B, 0xCB, 0xC0, 0x00, 0x00, 0x0F, 0x6F, 0x00, 0x00, 0x00, 0x3E, 0xF8, 0x00, 0x00,
    0x00, 0xFF, 0xFF, 0xFF, 0xFF, 0xFF, 0xFF, 0xFF, 0xFF, 0xFF, 0xFF, 0xFF, 0x00, 0x00, 0x00, 0x3F,
    0xFC, 0x00, 0x00, 0x00, 0xFE, 0xF0, 0x00, 0x00, 0x03, 0xE7, 0xC0, 0x00, 0x00, 0x0F, 0x4F, 0x80,
    0x00, 0x00, 0xBC, 0x2F, 0x00, 0x00, 0x03, 0xE0, 0x3F, 0x40, 0x00, 0x7F, 0x00, 0x7F, 0x90, 0x1B,
    0xF4, 0x00, 0x3F, 0xFF, 0xFF, 0x00, 0x00, 0x1B, 0xFF, 0x90, 0x00, 0x00, 0xBF, 0xE4, 0x00, 0x1F,
    0xFF, 0xFC, 0x01, 0xFD, 0x06, 0xFC, 0x0F, 0xC0, 0x00, 0xF8, 0x7D, 0x00, 0x02, 0xF2, 0xF0, 0x00,
    0x03, 0xDF, 0xC0, 0x00, 0x0F, 0xBF, 0xFF, 0xFF, 0xFE, 0xFF, 0xFF, 0xFF, 0xFB, 0xE0, 0x00, 0x03,
    0xEB, 0xC0, 0x00, 0x0F, 0x5F, 0x00, 0x00, 0x7C, 0x3F, 0x00, 0x03, 0xE0, 0x7F, 0x40, 0xBF, 0x00,
    0x7F, 0xFF, 0xF0, 0x00, 0x1F, 0xF9, 0x00, 0x00, 0x1E, 0x02, 0xD0, 0x00, 0x00, 0xBC, 0x0F, 0x80,
    0x00, 0x01, 0xE0, 0x2D, 0x00, 0x00, 0x00, 0x00, 0x00, 0x00, 0x00, 0x00, 0x00, 0x00, 0x00, 0x00,
    0x00, 0x00, 0x00, 0x00, 0x01, 0xBF, 0xF9, 0x00, 0x00, 0x3F, 0xFF, 0xFF, 0x00, 0x07, 0xF9, 0x01,
    0xBF, 0x40, 0x3F, 0x00, 0x00, 0x3F, 0x02, 0xF0, 0x00, 0x00, 0x3E, 0x0F, 0x80, 0x00, 0x00, 0xBC,
    0xBC, 0x00, 0x00, 0x00, 0xF6, 0xF0, 0x00, 0x00, 0x03, 0xEF, 0x80, 0x00, 0x00, 0x0F, 0xFF, 0xFF,
    0xFF, 0xFF, 0xFF, 0xFF, 0xFF, 0xFF, 0xFF, 0xFF, 0xF0, 0x00, 0x00, 0x03, 0xFF, 0xC0, 0x00, 0x00,
    0x0F, 0xEF, 0x00, 0x00, 0x00, 0x3E, 0x7C, 0x00, 0x00, 0x00, 0xF4, 0xF8, 0x00, 0x00, 0x0B, 0xC2,
    0xF0, 0x00, 0x00, 0x3E, 0x03, 0xF4, 0x00, 0x07, 0xF0, 0x07, 0xF9, 0x01, 0xBF, 0x40, 0x03, 0xFF,
    0xFF, 0xF0, 0x00, 0x01, 0xBF, 0xF9, 0x00, 0x00, 0x02, 0xD0, 0x78, 0x00, 0x0F, 0x82, 0xF0, 0x00,
    0x2D, 0x07, 0x80, 0x00, 0x00, 0x00, 0x00, 0x00, 0x00, 0x00, 0x00, 0x02, 0xFF, 0x90, 0x00, 0x7F,
    0xFF, 0xF0, 0x07, 0xF4, 0x1B, 0xF0, 0x3F, 0x00, 0x03, 0xE1, 0xF4, 0x00, 0x0B, 0xCB, 0xC0, 0x00,
    0x0F, 0x7F, 0x00, 0x00, 0x3E, 0xFF, 0xFF, 0xFF, 0xFB, 0xFF, 0xFF, 0xFF, 0xEF, 0x80, 0x00, 0x0F,
    0xAF, 0x00, 0x00, 0x3D, 0x7C, 0x00, 0x01, 0xF0, 0xFC, 0x00, 0x0F, 0x81, 0xFD, 0x02, 0xFC, 0x01,
    0xFF, 0xFF, 0xC0, 0x00, 0x7F, 0xE4, 0x00, 0x02, 0xD0, 0x78, 0x00, 0x00, 0xF8, 0x2F, 0x00, 0x00,
    0x2D, 0x07, 0x80, 0x00, 0x00, 0x00, 0x00, 0x00, 0x00, 0x00, 0x00, 0x00, 0x00, 0x00, 0x00, 0x00,
    0x00, 0x6F, 0xFE, 0x40, 0x00, 0xFF, 0xFF, 0xFE, 0x00, 0x2E, 0x40, 0x6F, 0xF0, 0x00, 0x00, 0x00,
    0xFE, 0x00, 0x00, 0x00, 0x0F, 0xD0, 0x00, 0x00, 0x00, 0xFC, 0x00, 0x00, 0x00, 0x2F, 0x00, 0x00,
    0x00, 0x07, 0xD0, 0x00, 0x00, 0x01, 0xF8, 0x07, 0xFF, 0xFF, 0xFE, 0x01, 0xFF, 0xFF, 0xFF, 0x80,
    0x00, 0x00, 0x03, 0xE0, 0x00, 0x00, 0x00, 0xF8, 0x00, 0x00, 0x00, 0x7D, 0x00, 0x00, 0x00, 0x2F,
    0x00, 0x00, 0x00, 0x0F, 0xC0, 0x00, 0x00, 0x0B, 0xD0, 0x00, 0x00, 0x0B, 0xE0, 0x39, 0x40, 0x6F,
    0xE0, 0x0F, 0xFF, 0xFF, 0xD0, 0x01, 0xBF, 0xFE, 0x40, 0x00, 0x2D, 0x07, 0x80, 0x3E, 0x0B, 0xC0,
    0x2D, 0x07, 0x80, 0x00, 0x00, 0x00, 0x00, 0x00, 0x00, 0x6F, 0xFE, 0x00, 0xBF, 0xFF, 0xD0, 0x64,
    0x1B, 0xF4, 0x00, 0x00, 0xFC, 0x00, 0x00, 0x7D, 0x00, 0x00, 0x3E, 0x00, 0x00, 0x3F, 0x1F, 0xFF,
    0xFF, 0x1F, 0xFF, 0xFF, 0x00, 0x00, 0x3F, 0x00, 0x00, 0x3E, 0x00, 0x00, 0x7D, 0x00, 0x00, 0xFC,
    0x94, 0x1B, 0xF4, 0xFF, 0xFF, 0xD0, 0x6F, 0xFD, 0x00, 0x00, 0x00, 0x00, 0x00, 0x00, 0x00, 0xFF,
    0xFF, 0xC0, 0x00, 0x03, 0xFF, 0xFF, 0x00, 0x00, 0x00, 0x00, 0x00, 0x00, 0x00, 0x00, 0x00, 0x00,
    0x01, 0xF4, 0x00, 0x00, 0x07, 0xD3, 0xF0, 0x00, 0x00, 0x3F, 0x07, 0xE0, 0x00, 0x01, 0xF4, 0x0F,
    0xC0, 0x00, 0x0F, 0xC0, 0x1F, 0x80, 0x00, 0x3D, 0x00, 0x3F, 0x00, 0x02, 0xF0, 0x00, 0x7E, 0x00,
    0x0F, 0x80, 0x00, 0xFC, 0x00, 0xBC, 0x00, 0x01, 0xF8, 0x03, 0xE0, 0x00, 0x03, 0xF0, 0x1F, 0x00,
    0x00, 0x07, 0xE0, 0xF8, 0x00, 0x00, 0x0F, 0xC7, 0xD0, 0x00, 0x00, 0x0F, 0xAF, 0x00, 0x00, 0x00,
    0x2F, 0xF4, 0x00, 0x00, 0x00, 0x3F, 0xC0, 0x00, 0x00, 0x00, 0xBD, 0x00, 0x00, 0x00, 0x03, 0xF0,
    0x00, 0x00, 0x00, 0x2F, 0x40, 0x00, 0x00, 0x06, 0xF8, 0x00, 0x00, 0x0B, 0xFF, 0x80, 0x00, 0x00,
    0x1F, 0xF4, 0x00, 0x00, 0x00, 0x03, 0xFF, 0xFF, 0x00, 0x03, 0xFF, 0xFF, 0x00, 0x00, 0x00, 0x00,
    0x00, 0x00, 0x00, 0x00, 0x00, 0xBC, 0x00, 0x00, 0xFC, 0x7C, 0x00, 0x00, 0xF8, 0x3E, 0x00, 0x02,
    0xF0, 0x2F, 0x00, 0x03, 0xF0, 0x0F, 0x40, 0x07, 0xD0, 0x0F, 0xC0, 0x0B, 0xC0, 0x07, 0xC0, 0x0F,
    0x80, 0x03, 0xE0, 0x1F, 0x40, 0x02, 0xF0, 0x3F, 0x00, 0x00, 0xF4, 0x3E, 0x00, 0x00, 0xF8, 0x7C,
    0x00, 0x00, 0x7C, 0xFC, 0x00, 0x00, 0x3D, 0xF4, 0x00, 0x00, 0x2F, 0xF0, 0x00, 0x00, 0x1F, 0xE0,
    0x00, 0x00, 0x0F, 0xD0, 0x00, 0x00, 0x0F, 0xC0, 0x00, 0x00, 0x0F, 0x80, 0x00, 0x00, 0x2F, 0x00,
    0x00, 0x00, 0x3E, 0x00, 0x00, 0x01, 0xFC, 0x00, 0x00, 0xBF, 0xF4, 0x00, 0x00, 0x7F, 0x80, 0x00,
    0x00, 0x00, 0x2D, 0x07, 0x80, 0x00, 0x03, 0xE0, 0xBC, 0x00, 0x00, 0x2D, 0x07, 0x80, 0x00, 0x00,
    0x00, 0x00, 0x00, 0x00, 0x00, 0x00, 0x00, 0x00, 0x00, 0x00, 0x00, 0x00, 0x7D, 0x00, 0x00, 0x03,
    0xE3, 0xF0, 0x00, 0x00, 0xBC, 0x1F, 0x40, 0x00, 0x0F, 0x80, 0xFC, 0x00, 0x01, 0xF4, 0x0B, 0xD0,
    0x00, 0x3F, 0x00, 0x3F, 0x00, 0x07, 0xD0, 0x02, 0xF4, 0x00, 0xFC, 0x00, 0x0F, 0xC0, 0x0F, 0x80,
    0x00, 0xBC, 0x02, 0xF0, 0x00, 0x03, 0xE0, 0x3E, 0x00, 0x00, 0x2F, 0x07, 0xC0, 0x00, 0x00, 0xF8,
    0xF8, 0x00, 0x00, 0x0B, 0xDF, 0x40, 0x00, 0x00, 0x3F, 0xF0, 0x00, 0x00, 0x02, 0xFD, 0x00, 0x00,
    0x00, 0x0F, 0xC0, 0x00, 0x00, 0x01, 0xF4, 0x00, 0x00, 0x00, 0x3F, 0x00, 0x00, 0x00, 0x1F, 0xD0,
    0x00, 0x00, 0xBF, 0xF4, 0x00, 0x00, 0x07, 0xF8, 0x00, 0x00, 0x00, 0x00, 0xB4, 0x1E, 0x00, 0x00,
    0xF8, 0x2F, 0x00, 0x00, 0xB4, 0x1E, 0x00, 0x00, 0x00, 0x00, 0x00, 0x00, 0x00, 0x00, 0x00, 0x3E,
    0x00, 0x00, 0xBC, 0x3F, 0x00, 0x00, 0xFC, 0x1F, 0x40, 0x01, 0xF4, 0x0F, 0x80, 0x02, 0xF0, 0x0B,
    0xC0, 0x03, 0xE0, 0x03, 0xD0, 0x07, 0xD0, 0x03, 0xF0, 0x0B, 0xC0, 0x01, 0xF0, 0x0F, 0x80, 0x00,
    0xF4, 0x1F, 0x00, 0x00, 0xBC, 0x2F, 0x00, 0x00, 0x7C, 0x3D, 0x00, 0x00, 0x3D, 0x7C, 0x00, 0x00,
    0x2F, 0xB8, 0x00, 0x00, 0x0F, 0xF4, 0x00, 0x00, 0x0B, 0xF0, 0x00, 0x00, 0x07, 0xE0, 0x00, 0x00,
    0x07, 0xC0, 0x00, 0x00, 0x0B, 0xC0, 0x00, 0x00, 0x0F, 0x40, 0x00, 0x00, 0x2F, 0x00, 0x00, 0x00,
    0xBD, 0x00, 0x00, 0x3F, 0xF8, 0x00, 0x00, 0x3F, 0xD0, 0x00, 0x00, 0x00, 0x00, 0x7E, 0x0F, 0x80,
    0x00, 0x03, 0xF0, 0xBC, 0x00, 0x00, 0x1F, 0x07, 0xD0, 0x00, 0x00, 0xF4, 0x3D, 0x00, 0x00, 0x07,
    0x41, 0xD0, 0x00, 0x00, 0x00, 0x00, 0x00, 0x00, 0x00, 0x00, 0x00, 0x00, 0x0F, 0xC0, 0x00, 0x00,
    0xBC, 0x1F, 0x40, 0x00, 0x03, 0xE0, 0x3F, 0x00, 0x00, 0x1F, 0x40, 0xBD, 0x00, 0x00, 0xFC, 0x00,
    0xFC, 0x00, 0x07, 0xD0, 0x02, 0xF4, 0x00, 0x3F, 0x00, 0x03, 0xF0, 0x00, 0xF8, 0x00, 0x0B, 0xD0,
    0x0B, 0xC0, 0x00, 0x0F, 0x80, 0x3E, 0x00, 0x00, 0x2F, 0x01, 0xF0, 0x00, 0x00, 0x3E, 0x0F, 0x80,
    0x00, 0x00, 0xBC, 0x7D, 0x00, 0x00, 0x00, 0xFA, 0xF0, 0x00, 0x00, 0x02, 0xFF, 0x40, 0x00, 0x00,
    0x03, 0xFC, 0x00, 0x00, 0x00, 0x0B, 0xE0, 0x00, 0x00, 0x00, 0x3F, 0x00, 0x00, 0x00, 0x01, 0xF4,
    0x00, 0x00, 0x04, 0x2F, 0xC0, 0x00, 0x00, 0x3F, 0xFC, 0x00, 0x00, 0x00, 0xFF, 0x80, 0x00, 0x00,
    0x00, 0x03, 0xE0, 0xFC, 0x00, 0x0B, 0xC2, 0xF0, 0x00, 0x1F, 0x43, 0xD0, 0x00, 0x3D, 0x0B, 0x80,
    0x00, 0x74, 0x0E, 0x00, 0x00, 0x00, 0x00, 0x00, 0x00, 0x00, 0x00, 0x00, 0x3E, 0x00, 0x00, 0x7D,
    0x2F, 0x00, 0x00, 0xFC, 0x1F, 0x40, 0x00, 0xF8, 0x0F, 0xC0, 0x01, 0xF4, 0x0B, 0xC0, 0x03, 0xF0,
    0x03, 0xE0, 0x03, 0xE0, 0x02, 0xF0, 0x0B, 0xC0, 0x01, 0xF4, 0x0F, 0xC0, 0x00, 0xF8, 0x0F, 0x40,
    0x00, 0xBC, 0x2F, 0x00, 0x00, 0x3D, 0x3E, 0x00, 0x00, 0x3E, 0x3D, 0x00, 0x00, 0x1F, 0xBC, 0x00,
    0x00, 0x0F, 0xF8, 0x00, 0x00, 0x0B, 0xF0, 0x00, 0x00, 0x03, 0xF0, 0x00, 0x00, 0x03, 0xD0, 0x00,
    0x00, 0x0B, 0xC0, 0x00, 0x00, 0x0F, 0x80, 0x00, 0x00, 0x2F, 0x00, 0x00, 0x00, 0xBE, 0x00, 0x00,
    0x3F, 0xFC, 0x00, 0x00, 0x3F, 0xD0, 0x00, 0x00, 0x01, 0xE0, 0x2D, 0x00, 0x0B, 0xC0, 0xF8, 0x00,
    0x1E, 0x02, 0xD0, 0x00, 0x00, 0x00, 0x00, 0x00, 0x00, 0x00, 0x00, 0x00, 0x00, 0x00, 0x0F, 0x80,
    0x00, 0x0F, 0xBE, 0x00, 0x00, 0x3E, 0xF8, 0x00, 0x00, 0xFB, 0xE0, 0x00, 0x03, 0xEF, 0x80, 0x00,
    0x0F, 0xBE, 0x00, 0x00, 0x3E, 0xF8, 0x00, 0x00, 0xFB, 0xF0, 0x00, 0x03, 0xEF, 0xC0, 0x00, 0x0F,
    0xAF, 0x40, 0x00, 0x3E, 0x3F, 0x90, 0x1B, 0xF8, 0x7F, 0xFF, 0xFF, 0xE0, 0x2F, 0xFE, 0x9F, 0x80,
    0x00, 0x00, 0x3E, 0x00, 0x00, 0x00, 0xF8, 0x00, 0x00, 0x03, 0xE0, 0x00, 0x00, 0x0F, 0x80, 0x00,
    0x00, 0x3E, 0x00, 0x00, 0x00, 0xF8, 0x00, 0x00, 0x03, 0xE0, 0x00, 0x00, 0x0F, 0x80, 0x07, 0x80,
    0xB4, 0x02, 0xF0, 0x3E, 0x00, 0x78, 0x0B, 0x40, 0x00, 0x00, 0x00, 0x00, 0x00, 0x00, 0x3E, 0x00,
    0x02, 0xFF, 0x80, 0x00, 0xBF, 0xE0, 0x00, 0x2F, 0xF8, 0x00, 0x0B, 0xFE, 0x00, 0x02, 0xFF, 0x80,
    0x00, 0xBF, 0xF0, 0x00, 0x2F, 0xBD, 0x00, 0x0B, 0xDF, 0xD0, 0x1B, 0xF2, 0xFF, 0xFF, 0xFC, 0x1B,
    0xFE, 0x7F, 0x00, 0x00, 0x0B, 0xC0, 0x00, 0x02, 0xF0, 0x00, 0x00, 0xBC, 0x00, 0x00, 0x2F, 0x00,
    0x00, 0x0B, 0xC0, 0xFF, 0xFF, 0xFF, 0xFF, 0xFF, 0xFF, 0xFC, 0x00, 0x00, 0xF8, 0x00, 0x00, 0xF8,
    0x00, 0x00, 0xF8, 0x00, 0x00, 0xF8, 0x00, 0x00, 0xF8, 0x00, 0x00, 0xF8, 0x00, 0x00, 0xF8, 0x00,
    0x00, 0xF8, 0x00, 0x00, 0xF8, 0x00, 0x00, 0xF8, 0x00, 0x00, 0xF8, 0x00, 0x00, 0xF8, 0x00, 0x00,
    0xF8, 0x00, 0x00, 0xF8, 0x00, 0x00, 0xF8, 0x00, 0x00, 0xF8, 0x00, 0x00, 0xFF, 0xC0, 0x00, 0xFF,
    0xC0, 0x00, 0x07, 0xC0, 0x00, 0x07, 0xC0, 0x00, 0x07, 0xC0, 0x00, 0x07, 0xC0, 0x00, 0x07, 0xC0,
    0x00, 0x07, 0xC0, 0x00, 0xFF, 0xFF, 0xEF, 0xFF, 0xFE, 0xFC, 0x00, 0x0F, 0x80, 0x00, 0xF8, 0x00,
    0x0F, 0x80, 0x00, 0xF8, 0x00, 0x0F, 0x80, 0x00, 0xF8, 0x00, 0x0F, 0x80, 0x00, 0xF8, 0x00, 0x0F,
    0x80, 0x00, 0xF8, 0x00, 0x0F, 0x80, 0x00, 0xFF, 0xC0, 0x0F, 0xFC, 0x00, 0x0B, 0xC0, 0x00, 0xBC,
    0x00, 0x0B, 0xC0, 0x00, 0xBC, 0x00, 0x0B, 0xC0, 0x00, 0xBC, 0x00, 0x00, 0x1E, 0x02, 0xD0, 0x00,
    0x00, 0xBC, 0x0F, 0x80, 0x00, 0x01, 0xE0, 0x2D, 0x00, 0x00, 0x00, 0x00, 0x00, 0x00, 0x00, 0x00,
    0x00, 0x00, 0x00, 0x00, 0x00, 0x00, 0x00, 0x0F, 0x80, 0x00, 0x00, 0x0B, 0xFE, 0x00, 0x00, 0x00,
    0x2F, 0xF8, 0x00, 0x00, 0x00, 0xBF, 0xE0, 0x00, 0x00, 0x02, 0xFF, 0x80, 0x00, 0x00, 0x0B, 0xFE,
    0x00, 0x00, 0x00, 0x2F, 0xF8, 0x00, 0x00, 0x00, 0xBF, 0xE0, 0x00, 0x00, 0x02, 0xFF, 0xFF, 0xF9,
    0x00, 0x0B, 0xFF, 0xFF, 0xFF, 0x00, 0x2F, 0xFC, 0x01, 0xFF, 0x00, 0xBF, 0xE0, 0x00, 0xBD, 0x02,
    0xFF, 0x80, 0x00, 0xFC, 0x0B, 0xFE, 0x00, 0x03, 0xF0, 0x2F, 0xF8, 0x00, 0x0B, 0xC0, 0xBF, 0xE0,
    0x00, 0x3F, 0x02, 0xFF, 0x80, 0x00, 0xF8, 0x0B, 0xFE, 0x00, 0x0B, 0xD0, 0x2F, 0xFD, 0x56, 0xFF,
    0x00, 0xBF, 0xFF, 0xFF, 0xE0, 0x02, 0xFF, 0xFF, 0xF9, 0x00, 0x0B, 0xC0, 0x00, 0x78, 0x0B, 0x40,
    0x00, 0x2F, 0x03, 0xE0, 0x00, 0x07, 0x80, 0xB4, 0x00, 0x00, 0x00, 0x00, 0x00, 0x00, 0x00, 0x00,
    0x00, 0x3E, 0x00, 0x00, 0x02, 0xFF, 0x80, 0x00, 0x00, 0xBF, 0xE0, 0x00, 0x00, 0x2F, 0xF8, 0x00,
    0x00, 0x0B, 0xFE, 0x00, 0x00, 0x02, 0xFF, 0x80, 0x00, 0x00, 0xBF, 0xFF, 0xFE, 0x40, 0x2F, 0xFF,
    0xFF, 0xF8, 0x0B, 0xFF, 0x00, 0x7F, 0x42, 0xFF, 0x80, 0x03, 0xF0, 0xBF, 0xE0, 0x00, 0xFC, 0x2F,
    0xF8, 0x00, 0x3F, 0x0B, 0xFE, 0x00, 0x0F, 0xC2, 0xFF, 0xC0, 0x1F, 0xD0, 0xBF, 0xFF, 0xFF, 0xE0,
    0x2F, 0xFF, 0xFF, 0x80, 0x0B, 0xC0, 0x0F, 0xFF, 0xFF, 0xF0, 0xFF, 0xFF, 0xFF, 0x0F, 0xC0, 0x00,
    0x00, 0xF8, 0x00, 0x00, 0x0F, 0x80, 0x00, 0x00, 0xF8, 0x00, 0x00, 0x0F, 0x80, 0x00, 0x00, 0xF8,
    0x00, 0x00, 0x0F, 0x80, 0x00, 0x00, 0xFC, 0x00, 0x00, 0xFF, 0xFF, 0xFC, 0x0F, 0xFF, 0xFF, 0xC0,
    0x0F, 0x80, 0x00, 0x00, 0xF8, 0x00, 0x00, 0x0F, 0x80, 0x00, 0x00, 0xF8, 0x00, 0x00, 0x0F, 0x80,
    0x00, 0x00, 0xF8, 0x00, 0x00, 0x0F, 0xC0, 0x00, 0x00, 0xFF, 0xC0, 0x00, 0x0F, 0xFC, 0x00, 0x00,
    0x0B, 0xC0, 0x00, 0x00, 0xBC, 0x00, 0x00, 0x0F, 0xC0, 0x00, 0x01, 0xFC, 0x00, 0x01, 0xFF, 0x40,
    0x00, 0x0F, 0xE0, 0x00, 0x00, 0x0B, 0xFF, 0xFF, 0x0B, 0xFF, 0xFF, 0x0B, 0xC0, 0x00, 0x0B, 0xC0,
    0x00, 0x0B, 0xC0, 0x00, 0x0B, 0xC0, 0x00, 0x0B, 0xC0, 0x00, 0xFF, 0xFF, 0xF0, 0xFF, 0xFF, 0xF0,
    0x0F, 0xC0, 0x00, 0x0B, 0xC0, 0x00, 0x0B, 0xC0, 0x00, 0x0B, 0xC0, 0x00, 0x0B, 0xC0, 0x00, 0x0B,
    0xFC, 0x00, 0x0B, 0xFC, 0x00, 0x00, 0xBC, 0x00, 0x00, 0xBC, 0x00, 0x00, 0xBC, 0x00, 0x01, 0xFC,
    0x00, 0x0F, 0xF4, 0x00, 0x0F, 0xE0, 0x00, 0x2F, 0x00, 0x00, 0x0F, 0xC0, 0x3F, 0x00, 0x00, 0xFC,
    0x00, 0x7D, 0x00, 0x07, 0xE0, 0x00, 0xFC, 0x00, 0x3F, 0x00, 0x00, 0xF8, 0x02, 0xF0, 0x00, 0x02,
    0xF4, 0x1F, 0x40, 0x00, 0x03, 0xF0, 0xFC, 0x00, 0x00, 0x03, 0xEB, 0xC0, 0x00, 0x00, 0x0B, 0xFD,
    0x00, 0x00, 0x00, 0x0F, 0xF0, 0x00, 0x00, 0x00, 0x3F, 0x80, 0x00, 0x00, 0x01, 0xFF, 0x40, 0x00,
    0x00, 0x0F, 0xAF, 0x00, 0x00, 0x00, 0xBC, 0x3E, 0x00, 0x00, 0x07, 0xD0, 0xBD, 0x00, 0x00, 0x3E,
    0x00, 0xFC, 0x00, 0x02, 0xF0, 0x01, 0xF8, 0x00, 0x1F, 0x40, 0x02, 0xF4, 0x00, 0xFC, 0x00, 0x03,
    0xF5, 0x0B, 0xC0, 0x00, 0x07, 0xFE, 0x3E, 0x00, 0x00, 0x0F, 0xF8, 0x00, 0x00, 0x00, 0x03, 0xE0,
    0x00, 0x00, 0x00, 0x0F, 0x80, 0x00, 0x00, 0x00, 0x3E, 0x00, 0x00, 0x00, 0x12, 0xF8, 0x00, 0x00,
    0x00, 0xFF, 0xC0, 0x00, 0x00, 0x03, 0xFC, 0x00, 0x7E, 0x00, 0x03, 0xF0, 0x2F, 0x40, 0x0B, 0xD0,
    0x0F, 0xC0, 0x1F, 0x80, 0x03, 0xE0, 0x3F, 0x00, 0x02, 0xF4, 0xBC, 0x00, 0x00, 0xFD, 0xF4, 0x00,
    0x00, 0x3F, 0xE0, 0x00, 0x00, 0x1F, 0xC0, 0x00, 0x00, 0x2F, 0xD0, 0x00, 0x00, 0x7F, 0xF0, 0x00,
    0x00, 0xF8, 0xF8, 0x00, 0x03, 0xF0, 0x7D, 0x00, 0x07, 0xD0, 0x2F, 0x00, 0x0F, 0x80, 0x0F, 0xC0,
    0x3F, 0x00, 0x07, 0xFE, 0xBD, 0x00, 0x02, 0xFE, 0x00, 0x00, 0x00, 0x3E, 0x00, 0x00, 0x00, 0x3E,
    0x00, 0x00, 0x00, 0x3E, 0x00, 0x00, 0x04, 0xBE, 0x00, 0x00, 0x0F, 0xFC, 0x00, 0x00, 0x0F, 0xF0,
    0x3F, 0x00, 0x00, 0x0F, 0xC0, 0xF8, 0x00, 0x02, 0xF0, 0x0B, 0xD0, 0x00, 0x7E, 0x00, 0x3F, 0x00,
    0x0F, 0xC0, 0x01, 0xF8, 0x02, 0xF0, 0x00, 0x0B, 0xD0, 0x3E, 0x00, 0x00, 0x3F, 0x0F, 0xC0, 0x00,
    0x01, 0xFA, 0xF0, 0x00, 0x05, 0x5F, 0xFE, 0x55, 0x00, 0xFF, 0xFF, 0xFF, 0xF0, 0x0F, 0xFF, 0xFF,
    0xFF, 0x00, 0x00, 0xBF, 0xE0, 0x00, 0x00, 0x0F, 0xAF, 0x00, 0x00, 0x03, 0xF0, 0xFC, 0x00, 0x00,
    0xBD, 0x07, 0xD0, 0x00, 0x0F, 0x80, 0x3F, 0x00, 0x03, 0xF0, 0x00, 0xFC, 0x00, 0x7D, 0x00, 0x0B,
    0xD0, 0x0F, 0x80, 0x00, 0x3F, 0x02, 0xF0, 0x00, 0x01, 0xF8, 0x7D, 0x00, 0x00, 0x0B, 0xD0, 0x2F,
    0x40, 0x01, 0xF4, 0x0F, 0xC0, 0x03, 0xF0, 0x03, 0xE0, 0x0B, 0xC0, 0x02, 0xF4, 0x1F, 0x40, 0x00,
    0xFC, 0x3F, 0x00, 0x00, 0x3E, 0xBC, 0x00, 0x00, 0x2F, 0xF4, 0x00, 0x0F, 0xFF, 0xFF, 0xF0, 0x0F,
    0xFF, 0xFF, 0xF0, 0x00, 0x2F, 0xF4, 0x00, 0x00, 0x3E, 0xBC, 0x00, 0x00, 0xFC, 0x3F, 0x00, 0x02,
    0xF0, 0x0F, 0x80, 0x07, 0xD0, 0x0B, 0xD0, 0x0F, 0xC0, 0x03, 0xF0, 0x2F, 0x00, 0x00, 0xF8, 0x00,
    0x40, 0x00, 0xE0, 0x00, 0x38, 0x3F, 0xFD, 0x30, 0x38, 0x30, 0xE0, 0x30, 0x40, 0x30, 0x00, 0x30,
    0x00, 0x30, 0x00, 0x30, 0x00, 0x30, 0x00, 0x30, 0x00, 0x30, 0x00, 0x30, 0x00, 0x30, 0x00, 0x30,
    0x00, 0x30, 0x00, 0x30, 0x00, 0x30, 0x00, 0x30, 0x00, 0x30, 0x00, 0x30, 0x00, 0x30, 0x00, 0x20,
    0x00, 0x01, 0x00, 0x2C, 0x02, 0xC0, 0x2F, 0xFF, 0x3C, 0x1C, 0x38, 0x30, 0x10, 0xC0, 0x03, 0x00,
    0x0C, 0x00, 0x30, 0x00, 0xC0, 0x03, 0x00, 0x0C, 0x00, 0x30, 0x00, 0xC0, 0x03, 0x00, 0x0C, 0x00,
    0x30, 0x00, 0xC0, 0x03, 0x00, 0x0C, 0x00, 0x30, 0x00, 0xC0, 0x03, 0x00, 0x08, 0x00, 0x03, 0xFF,
    0xFF, 0xFF, 0xC0, 0x00, 0x03, 0xFF, 0xFF, 0xFF, 0xC0, 0x00, 0x00, 0x00, 0x0F, 0xFF, 0xFF, 0xFF,
    0xFF, 0xFF, 0xFF, 0xF0, 0x00, 0x00, 0x00, 0xFF, 0xFF, 0xFF, 0xFF, 0xFF, 0xFF, 0x00, 0x00, 0x00,
    0x00, 0x00, 0x00, 0x03, 0xFF, 0xFF, 0xFF, 0xFF, 0xFF, 0xFF, 0xFF, 0xFF, 0xFF, 0xFF, 0xFF, 0xFF,
    0xFF, 0xC0, 0x00, 0x00, 0x00, 0x00, 0x00, 0x00, 0x03, 0xFF, 0xFF, 0xFF, 0xFF, 0xFF, 0xFF, 0xFF,
    0xFF, 0xFF, 0xFF, 0xFF, 0xFF, 0xFF, 0xC0, 0xF8, 0x0F, 0xBE, 0x03, 0xEF, 0x80, 0xFB, 0xE0, 0x3E,
    0xF8, 0x0F, 0xBE, 0x03, 0xEF, 0x80, 0xFB, 0xE0, 0x3E, 0xF8, 0x0F, 0xBE, 0x03, 0xEF, 0x80, 0xFB,
    0xE0, 0x3E, 0xF8, 0x0F, 0xBE, 0x03, 0xEF, 0x80, 0xFB, 0xE0, 0x3E, 0xF8, 0x0F, 0xBE, 0x03, 0xEF,
    0x80, 0xFB, 0xE0, 0x3E, 0xF8, 0x0F, 0xBE, 0x03, 0xEF, 0x80, 0xFB, 0xE0, 0x3E, 0xF8, 0x0F, 0xBE,
    0x03, 0xEF, 0x80, 0xFB, 0xE0, 0x3E, 0xF8, 0x0F, 0x80, 0xFF, 0xFF, 0xFF, 0xFF, 0xFF, 0xFF, 0x00,
    0x00, 0x00, 0x00, 0x00, 0x00, 0xFF, 0xFF, 0xFF, 0xFF, 0xFF, 0xFF, 0x07, 0x83, 0xD0, 0xF0, 0xBC,
    0x3E, 0x1F, 0x8B, 0xD0, 0x1F, 0x87, 0xD2, 0xF0, 0xF8, 0x3D, 0x1F, 0x0B, 0x40, 0x0B, 0xC0, 0xFC,
    0x0F, 0x81, 0xF4, 0x2F, 0x02, 0xD0, 0x3C, 0x00, 0xBD, 0x1F, 0x83, 0xF0, 0xBC, 0x0F, 0x03, 0xD0,
    0x78, 0x07, 0x80, 0xF0, 0x3D, 0x07, 0xC0, 0xF0, 0x3E, 0x0B, 0xC1, 0xF4, 0x3E, 0x0B, 0xC1, 0xF8,
    0x3F, 0x0B, 0xD0, 0xFC, 0x00, 0x1F, 0x83, 0xF0, 0x7D, 0x0F, 0xC2, 0xF0, 0x7D, 0x0F, 0x81, 0xF0,
    0x3D, 0x0B, 0x81, 0xF0, 0x3D, 0x0B, 0x40, 0xF0, 0x00, 0x0F, 0xC1, 0xF8, 0x3F, 0x0B, 0xD0, 0xF8,
    0x2F, 0x07, 0xC0, 0xF8, 0x2F, 0x03, 0xC0, 0xB4, 0x1F, 0x03, 0xC0, 0xB4, 0x00, 0xBD, 0x0F, 0xC1,
    0xF8, 0x3F, 0x03, 0xE0, 0xBC, 0x0B, 0xC1, 0xF4, 0x0F, 0x03, 0xE0, 0x3D, 0x07, 0xC0, 0x78, 0x0F,
    0x00, 0x00, 0x7F, 0x00, 0x00, 0x3F, 0x00, 0x00, 0x3E, 0x00, 0x00, 0x3E, 0x00, 0x00, 0x3D, 0x00,
    0x55, 0x2D, 0x15, 0xBF, 0xFF, 0xFF, 0x7E, 0xBF, 0xAF, 0x00, 0x3E, 0x00, 0x00, 0x3E, 0x00, 0x00,
    0x3E, 0x00, 0x00, 0x3E, 0x00, 0x00, 0x3E, 0x00, 0x00, 0x3E, 0x00, 0x00, 0x3E, 0x00, 0x00, 0x3E,
    0x00, 0x00, 0x3E, 0x00, 0x00, 0x3E, 0x00, 0x00, 0x3E, 0x00, 0x00, 0x3E, 0x00, 0x00, 0x3E, 0x00,
    0x00, 0x3E, 0x00, 0x00, 0xFC, 0x00, 0x03, 0xE0, 0x00, 0x0B, 0x80, 0x00, 0x2D, 0x00, 0x00, 0x74,
    0x03, 0xFB, 0xEB, 0xFF, 0xFF, 0xFF, 0xD4, 0x1D, 0x05, 0x00, 0xB4, 0x00, 0x02, 0xE0, 0x00, 0x0F,
    0x80, 0x00, 0x3E, 0x00, 0x00, 0xB8, 0x00, 0x02, 0xD0, 0x05, 0x07, 0x41, 0x7F, 0xFF, 0xFF, 0xFE,
    0xFF, 0xFC, 0x01, 0xD0, 0x00, 0x0B, 0x40, 0x00, 0x2E, 0x00, 0x00, 0xF8, 0x00, 0x03, 0xF0, 0x00,
    0x2F, 0x8B, 0xFE, 0xFF, 0xFF, 0xFF, 0xFF, 0xFB, 0xFE, 0x2F, 0x80, 0x00, 0x00, 0xD0, 0x00, 0xFC,
    0x00, 0xFF, 0x80, 0xFF, 0xF8, 0xFF, 0xF8, 0xFF, 0xC0, 0xFD, 0x00, 0xE0, 0x00, 0x00, 0x00, 0x7D,
    0xFF, 0xFF, 0x7D, 0x7D, 0x00, 0x7D, 0xFF, 0x00, 0xFF, 0xFF, 0x00, 0xFF, 0x7D, 0x00, 0x7D, 0x7D,
    0x01, 0xF4, 0x07, 0xDF, 0xF0, 0x3F, 0xC0, 0xFF, 0xFF, 0x03, 0xFC, 0x0F, 0xF7, 0xD0, 0x1F, 0x40,
    0x7D, 0x7D, 0xFF, 0xFF, 0x7D, 0x3F, 0xFE, 0x30, 0x00, 0x30, 0x00, 0x30, 0x00, 0x30, 0x00, 0x30,
    0x00, 0x30, 0x00, 0x30, 0x00, 0x30, 0x00, 0x30, 0x00, 0x30, 0x00, 0x30, 0x00, 0x30, 0x00, 0x30,
    0x00, 0x30, 0x00, 0x30, 0x00, 0x30, 0x00, 0x30, 0x00, 0x30, 0x00, 0x30, 0x00, 0x30, 0x00, 0x20,
    0x00, 0xBF, 0xFC, 0x00, 0x70, 0x00, 0xC0, 0x03, 0x00, 0x0C, 0x00, 0x30, 0x00, 0xC0, 0x03, 0x00,
    0x0C, 0x00, 0x30, 0x00, 0xC0, 0x03, 0x00, 0x0C, 0x00, 0x30, 0x00, 0xC0, 0x03, 0x00, 0x0C, 0x00,
    0x30, 0x00, 0xC0, 0x03, 0x00, 0x0C, 0x00, 0x20, 0xFF, 0xFF, 0xFF, 0xFF, 0xFF, 0xFF, 0xFF, 0xFF,
    0xFF, 0xFF, 0xF0, 0x30, 0x00, 0xC0, 0x03, 0x00, 0x0C, 0x00, 0x30, 0x00, 0xC0, 0x03, 0x00, 0x0C,
    0x00, 0x30, 0x00, 0xC0, 0x03, 0x00, 0x0C, 0x00, 0x30, 0x00, 0xC0, 0x03, 0x00, 0x0C, 0x00, 0x30,
    0x00, 0xC0, 0x3F, 0xFE, 0x30, 0x00, 0x30, 0x00, 0x30, 0x00, 0x30, 0x00, 0x3F, 0xFE, 0x01, 0xC0,
    0x00, 0xC0, 0x00, 0xC0, 0x00, 0xC0, 0x00, 0xC0, 0x00, 0xC0, 0x00, 0xC0, 0x00, 0xC0, 0x00, 0xC0,
    0x00, 0xC0, 0x00, 0xC0, 0x00, 0xC0, 0x00, 0xC0, 0x00, 0xC0, 0x00, 0xC0, 0x00, 0xC0, 0x00, 0xC0,
    0x00, 0xC0, 0x00, 0x00, 0xFF, 0xFC, 0x00, 0x70, 0x00, 0xC0, 0x03, 0x00, 0x0F, 0xFF, 0xF0, 0x70,
    0x00, 0xC0, 0x03, 0x00, 0x0C, 0x00, 0x30, 0x00, 0xC0, 0x03, 0x00, 0x0C, 0x00, 0x30, 0x00, 0xC0,
    0x03, 0x00, 0x0C, 0x00, 0x30, 0x00, 0xC0, 0x03, 0x00, 0x0C, 0x00, 0x30, 0x00, 0xC0, 0x00, 0x00,
    0x0B, 0xF8, 0x00, 0x03, 0xC0, 0x00, 0x00, 0x00, 0x3F, 0xFE, 0x00, 0x07, 0x80, 0x00, 0x00, 0x00,
    0x7E, 0x2F, 0x40, 0x0F, 0x00, 0x00, 0x00, 0x00, 0xBC, 0x0F, 0x80, 0x1E, 0x00, 0x00, 0x00, 0x00,
    0xFC, 0x0F, 0xC0, 0x3C, 0x00, 0x00, 0x00, 0x00, 0xF8, 0x0B, 0xC0, 0xB4, 0x00, 0x00, 0x00, 0x00,
    0xF8, 0x0B, 0xC0, 0xF0, 0x00, 0x00, 0x00, 0x00, 0xF8, 0x0B, 0xC2, 0xD0, 0x00, 0x00, 0x00, 0x00,
    0xFC, 0x0F, 0xC3, 0xC7, 0xF8, 0x00, 0x7F, 0x80, 0xBC, 0x0F, 0x8B, 0x5F, 0xFF, 0x41, 0xFF, 0xF4,
    0x7E, 0x2F, 0x5E, 0x3E, 0x0F, 0xC3, 0xE0, 0xFC, 0x2F, 0xFE, 0x3C, 0x7D, 0x07, 0xD7, 0xD0, 0x7D,
    0x0B, 0xF8, 0x78, 0xBC, 0x03, 0xEB, 0xC0, 0x3E, 0x00, 0x00, 0xF0, 0xBC, 0x03, 0xEB, 0xC0, 0x3E,
    0x00, 0x01, 0xE0, 0xBC, 0x03, 0xEB, 0xC0, 0x3E, 0x00, 0x03, 0xC0, 0xBC, 0x03, 0xEB, 0xC0, 0x3E,
    0x00, 0x0B, 0x40, 0xBC, 0x03, 0xEB, 0xC0, 0x3E, 0x00, 0x0F, 0x00, 0x7D, 0x07, 0xD7, 0xD0, 0x7D,
    0x00, 0x2D, 0x00, 0x3F, 0x1F, 0xC3, 0xF1, 0xFC, 0x00, 0x3C, 0x00, 0x1F, 0xFF, 0x41, 0xFF, 0xF4,
    0x00, 0xB0, 0x00, 0x07, 0xFD, 0x00, 0x7F, 0xD0, 0x0B, 0xF4, 0x00, 0x01, 0xD0, 0x00, 0x00, 0x00,
    0x00, 0x00, 0x00, 0xBF, 0xF8, 0x00, 0x0F, 0x00, 0x00, 0x00, 0x00, 0x00, 0x00, 0x07, 0xE2, 0xF4,
    0x00, 0x74, 0x00, 0x00, 0x00, 0x00, 0x00, 0x00, 0x2F, 0x03, 0xE0, 0x03, 0xC0, 0x00, 0x00, 0x00,
    0x00, 0x00, 0x00, 0xFC, 0x0F, 0xC0, 0x2D, 0x00, 0x00, 0x00, 0x00, 0x00, 0x00, 0x03, 0xE0, 0x2F,
    0x00, 0xE0, 0x00, 0x00, 0x00, 0x00, 0x00, 0x00, 0x0F, 0x80, 0xBC, 0x0B, 0x00, 0x00, 0x00, 0x00,
    0x00, 0x00, 0x00, 0x3E, 0x02, 0xF0, 0x78, 0x00, 0x00, 0x00, 0x00, 0x00, 0x00, 0x00, 0xFC, 0x0F,
    0xC3, 0xC2, 0xFD, 0x00, 0x1F, 0xE0, 0x01, 0xFE, 0x02, 0xF0, 0x3E, 0x1D, 0x2F, 0xFE, 0x02, 0xFF,
    0xF0, 0x1F, 0xFF, 0x47, 0xE2, 0xF4, 0xF1, 0xF4, 0xBC, 0x1F, 0x83, 0xF0, 0xFC, 0x3F, 0x0B, 0xFF,
    0x87, 0x4B, 0xC0, 0xF8, 0xBC, 0x07, 0xD7, 0xD0, 0x7D, 0x0B, 0xF8, 0x3C, 0x3F, 0x03, 0xF3, 0xF0,
    0x0F, 0x6F, 0x00, 0xF4, 0x00, 0x02, 0xD0, 0xF8, 0x0B, 0xCF, 0x80, 0x3E, 0xBC, 0x03, 0xE0, 0x00,
    0x0E, 0x03, 0xE0, 0x2F, 0x3E, 0x00, 0xFA, 0xF0, 0x0F, 0x80, 0x00, 0xB0, 0x0F, 0x80, 0xBC, 0xF8,
    0x03, 0xEB, 0xC0, 0x3E, 0x00, 0x07, 0x80, 0x3F, 0x03, 0xF3, 0xF0, 0x0F, 0x9F, 0x00, 0xF8, 0x00,
    0x3C, 0x00, 0xBC, 0x0F, 0x8B, 0xC0, 0x7D, 0x7D, 0x07, 0xD0, 0x01, 0xD0, 0x01, 0xF8, 0xBD, 0x0F,
    0x87, 0xF0, 0xFC, 0x7F, 0x00, 0x0F, 0x00, 0x02, 0xFF, 0xE0, 0x2F, 0xFF, 0x41, 0xFF, 0xF4, 0x00,
    0xB4, 0x00, 0x02, 0xFE, 0x00, 0x1F, 0xE0, 0x01, 0xFF, 0x40, 0x01, 0xF0, 0x0F, 0x80, 0x7C, 0x03,
    0xD0, 0x1E, 0x00, 0xF0, 0x07, 0x40, 0x14, 0x00, 0x01, 0xF0, 0x3D, 0x03, 0xE0, 0xBC, 0x07, 0xC0,
    0xF0, 0x0B, 0x42, 0xE0, 0x0F, 0x03, 0xC0, 0x2D, 0x0B, 0x40, 0x38, 0x0F, 0x00, 0xB0, 0x2D, 0x00,
    0x01, 0xF0, 0x3D, 0x0F, 0x80, 0xF8, 0x2F, 0x0B, 0xC0, 0x7C, 0x0F, 0x03, 0xD0, 0x2D, 0x0B, 0x81,
    0xE0, 0x0F, 0x03, 0xC0, 0xF0, 0x0B, 0x42, 0xD0, 0x78, 0x03, 0x80, 0xF0, 0x3C, 0x02, 0xC0, 0xB4,
    0x1D, 0x00, 0x7C, 0x00, 0xF8, 0x00, 0xF0, 0x02, 0xE0, 0x03, 0xC0, 0x07, 0x80, 0x0B, 0x00, 0x09,
    0x7C, 0x2F, 0x00, 0x3E, 0x0F, 0x40, 0x1F, 0x0B, 0xC0, 0x0B, 0x83, 0xD0, 0x03, 0xC1, 0xE0, 0x02,
    0xD0, 0xF0, 0x00, 0xF0, 0x38, 0x00, 0x74, 0x2C, 0x7C, 0x2F, 0x0F, 0x80, 0x0F, 0x83, 0xD1, 0xF0,
    0x01, 0xF0, 0xBC, 0x3E, 0x00, 0x2E, 0x0F, 0x43, 0xC0, 0x03, 0xC1, 0xE0, 0xB4, 0x00, 0xB4, 0x3C,
    0x0F, 0x00, 0x0F, 0x03, 0x81, 0xD0, 0x01, 0xD0, 0xB0, 0x3C, 0x00, 0x14, 0x00, 0x00, 0x3C, 0x00,
    0x00, 0xBD, 0x00, 0x00, 0xEF, 0x00, 0x02, 0xC7, 0x40, 0x03, 0x83, 0xC0, 0x0B, 0x01, 0xD0, 0x0E,
    0x00, 0xF0, 0x2C, 0x00, 0x74, 0x38, 0x00, 0x3C, 0x00, 0x50, 0x03, 0xD0, 0x3E, 0x03, 0xF0, 0x2F,
    0x02, 0xF4, 0x0F, 0xC0, 0x0F, 0x80, 0x1F, 0x40, 0x1F, 0x40, 0x2F, 0x00, 0x3D, 0x00, 0x00, 0x14,
    0x01, 0xF0, 0x02, 0xF0, 0x03, 0xF0, 0x03, 0xE0, 0x07, 0xE0, 0x0F, 0xC0, 0xBC, 0x07, 0xD0, 0x7D,
    0x03, 0xE0, 0x1F, 0x00, 0x00, 0x00, 0x10, 0x00, 0x1E, 0x00, 0x01, 0x1E, 0x00, 0x0B, 0xC0, 0x03,
    0xC2, 0xE0, 0x01, 0xE0, 0x03, 0xD0, 0x2E, 0x00, 0x00, 0x03, 0xD0, 0x02, 0xF0, 0x00, 0x02, 0xE0,
    0x00, 0x2F, 0x00, 0x02, 0xE0, 0x00, 0x01, 0xF0, 0x02, 0xE0, 0x00, 0x00, 0x1F, 0x02, 0xE0, 0x00,
    0x00, 0x01, 0xF2, 0xE0, 0x00, 0x2D, 0x00, 0x1F, 0xF0, 0x02, 0xDF, 0x80, 0x02, 0xF0, 0x00, 0xFA,
    0xD0, 0x01, 0xFF, 0x00, 0x2D, 0x00, 0x02, 0xF1, 0xF0, 0x00, 0x00, 0x02, 0xF0, 0x2E, 0x00, 0x00,
    0x02, 0xF0, 0x02, 0xE0, 0x00, 0x02, 0xF0, 0x00, 0x2E, 0x00, 0x02, 0xF0, 0x00, 0x02, 0xE0, 0x02,
    0xF0, 0x00, 0x00, 0x3D, 0x02, 0xF0, 0x01, 0xE0, 0x03, 0xD1, 0xF0, 0x00, 0xBC, 0x00, 0x3C, 0x20,
    0x00, 0x1E, 0x00, 0x01, 0x00, 0xBC, 0x02, 0xF2, 0xF0, 0x0B, 0xCB, 0xC0, 0x2F, 0x2F, 0x00, 0xBC,
    0xBC, 0x02, 0xF2, 0xF0, 0x0B, 0xCB, 0xC0, 0x2F, 0x2F, 0x00, 0xBC, 0xBC, 0x02, 0xF2, 0xF0, 0x0B,
    0xCB, 0xC0, 0x2F, 0x2F, 0x00, 0xBC, 0xBC, 0x02, 0xF2, 0xF0, 0x0B, 0xCB, 0xC0, 0x2F, 0x00, 0x00,
    0x00, 0x00, 0x00, 0x01, 0xF4, 0x07, 0xDF, 0xF0, 0x3F, 0xFF, 0xC0, 0xFF, 0x7D, 0x01, 0xF4, 0x02,
    0xFF, 0xE0, 0x0B, 0xFF, 0xFF, 0x42, 0xEF, 0x8B, 0xF0, 0x03, 0xE0, 0x7D, 0x00, 0xF8, 0x0F, 0x80,
    0x3E, 0x03, 0xE0, 0x0F, 0x80, 0xF4, 0x03, 0xE0, 0xBC, 0x00, 0xF8, 0xBD, 0x00, 0x3E, 0xBC, 0x00,
    0x0F, 0xF8, 0x00, 0x03, 0xF8, 0x00, 0x00, 0xFC, 0x00, 0x00, 0x3F, 0x00, 0x00, 0x0A, 0x40, 0x00,
    0x00, 0x00, 0x00, 0x00, 0x00, 0x00, 0x00, 0x2E, 0x00, 0x00, 0x0F, 0xC0, 0x00, 0x03, 0xF0, 0x00,
    0x00, 0xB8, 0x00, 0x00, 0x00, 0x00, 0x00, 0x03, 0xFF, 0xFF, 0xFF, 0xFF, 0xFF, 0xFF, 0xFF, 0xC0,
    0x10, 0x00, 0x00, 0x00, 0x03, 0x40, 0x00, 0x00, 0x2C, 0x2C, 0x00, 0x00, 0x07, 0x40, 0xF4, 0x00,
    0x01, 0xE0, 0x03, 0xE0, 0x01, 0xFC, 0x00, 0x0B, 0xFF, 0xFE, 0x00, 0x00, 0x1B, 0xFE, 0x00, 0x00,
    0x00, 0x00, 0x00, 0x00, 0x00, 0x01, 0xBF, 0xE4, 0x00, 0x00, 0xBF, 0xFF, 0xE0, 0x00, 0x3F, 0x40,
    0x1F, 0xC0, 0x0B, 0x40, 0x00, 0x2E, 0x01, 0xD0, 0x00, 0x00, 0x74, 0x38, 0x00, 0x00, 0x02, 0xC1,
    0x00, 0x00, 0x00, 0x04, 0x00, 0x00, 0xB4, 0x00, 0x03, 0xC0, 0x00, 0x1D, 0x00, 0x00, 0xF0, 0x00,
    0x07, 0x80, 0x00, 0x2C, 0x00, 0x00, 0xE0, 0x00, 0x0B, 0x00, 0x00, 0x3C, 0x00, 0x01, 0xD0, 0x00,
    0x0F, 0x00, 0x00, 0x7E, 0x00, 0x02, 0xEC, 0x00, 0x0E, 0x34, 0x00, 0xB0, 0xF0, 0x03, 0xC1, 0xD0,
    0x1D, 0x03, 0x80, 0xF0, 0x0B, 0x07, 0x40, 0x0E, 0x00, 0x00, 0x00, 0x00, 0x03, 0xE0, 0x00, 0x00,
    0x00, 0x00, 0x00, 0x00, 0x00, 0xF8, 0x00, 0x00, 0x00, 0x00, 0x00, 0x00, 0x00, 0x3D, 0x00, 0x00,
    0x00, 0x00, 0x00, 0x00, 0x00, 0x0F, 0x40, 0x00, 0x00, 0x00, 0x00, 0x00, 0x0E, 0x42, 0xC0, 0x68,
    0x00, 0x00, 0x00, 0x00, 0x07, 0xFE, 0xFB, 0xFF, 0x00, 0x00, 0x00, 0x00, 0x01, 0xBF, 0xFF, 0xFF,
    0x80, 0x00, 0x00, 0x00, 0x00, 0x00, 0x2F, 0xC0, 0x00, 0x00, 0x00, 0x00, 0x00, 0x00, 0x1F, 0xBC,
    0x00, 0x00, 0x00, 0x00, 0x00, 0x00, 0x0F, 0x8F, 0x80, 0x00, 0x00, 0x00, 0x00, 0x00, 0x0F, 0xC1,
    0xF4, 0x00, 0x00, 0x00, 0x00, 0x00, 0x07, 0xE0, 0x3F, 0x00, 0x00, 0x00, 0x00, 0x00, 0x00, 0x20,
    0x06, 0x00, 0x00, 0x00, 0x00, 0x03, 0xE0, 0x00, 0x00, 0x00, 0x3E, 0x00, 0x00, 0x00, 0xF4, 0x00,
    0x00, 0x00, 0x0F, 0x80, 0x00, 0x00, 0x3D, 0x00, 0x00, 0x00, 0x03, 0xD0, 0x00, 0x00, 0x0F, 0x40,
    0x00, 0x00, 0x00, 0xF4, 0x00, 0x0D, 0x02, 0xC0, 0x68, 0x00, 0xE0, 0x2C, 0x06, 0x87, 0xFE, 0xFB,
    0xFF, 0x00, 0x7F, 0xEF, 0xBF, 0xF1, 0xFF, 0xFF, 0xFF, 0xC0, 0x1F, 0xFF, 0xFF, 0xFC, 0x00, 0x2F,
    0xC0, 0x00, 0x00, 0x02, 0xFC, 0x00, 0x00, 0x0F, 0xB8, 0x00, 0x00, 0x00, 0xFB, 0x80, 0x00, 0x0F,
    0x8F, 0x40, 0x00, 0x00, 0xF8, 0xF4, 0x00, 0x0B, 0xC2, 0xF0, 0x00, 0x00, 0xBC, 0x2F, 0x00, 0x07,
    0xE0, 0x3F, 0x00, 0x00, 0x7E, 0x03, 0xF0, 0x00, 0x70, 0x0A, 0x00, 0x00, 0x07, 0x40, 0xB0, 0x00,
    0x00, 0x00, 0x00, 0x00, 0x00, 0x00, 0x00, 0x00, 0x00, 0x03, 0xFF, 0xFF, 0xFF, 0xC0, 0x00, 0x00,
    0x00, 0x3C, 0x00, 0x00, 0x00, 0xF4, 0x00, 0x00, 0x01, 0xF0, 0x00, 0x00, 0x03, 0xC0, 0x00, 0x00,
    0x0B, 0x80, 0x00, 0x00, 0x0F, 0x00, 0x00, 0x00, 0x3D, 0x00, 0x00, 0x00, 0x7C, 0x00, 0x00, 0x00,
    0xF0, 0x00, 0x00, 0x02, 0xE0, 0x00, 0x00, 0x03, 0xC0, 0x00, 0x00, 0x0F, 0x40, 0x00, 0x00, 0x1F,
    0x00, 0x00, 0x00, 0x3C, 0x00, 0x00, 0x00, 0xB8, 0x00, 0x00, 0x01, 0xF0, 0x00, 0x00, 0x03, 0xD0,
    0x00, 0x00, 0x07, 0x80, 0x00, 0x00, 0x0F, 0x00, 0x00, 0x00, 0x2E, 0x00, 0x00, 0x00, 0x7C, 0x00,
    0x00, 0x00, 0xFF, 0xFB, 0xFF, 0xEF, 0x80, 0x3E, 0x00, 0xF8, 0x03, 0xE0, 0x0F, 0x80, 0x3E, 0x00,
    0xF8, 0x03, 0xE0, 0x0F, 0x80, 0x3E, 0x00, 0xFF, 0xFB, 0xFF, 0xEF, 0x80, 0x3E, 0x00, 0xF8, 0x03,
    0xE0, 0x0F, 0x80, 0x3E, 0x00, 0xF8, 0x03, 0xE0, 0x0F, 0x80, 0x3E, 0x00, 0xFF, 0xFB, 0xFF, 0xE0,
    0xFF, 0xFB, 0xFF, 0xE0, 0x0F, 0x80, 0x3E, 0x00, 0xF8, 0x03, 0xE0, 0x0F, 0x80, 0x3E, 0x00, 0xF8,
    0x03, 0xE0, 0x0F, 0x80, 0x3E, 0xFF, 0xFB, 0xFF, 0xE0, 0x0F, 0x80, 0x3E, 0x00, 0xF8, 0x03, 0xE0,
    0x0F, 0x80, 0x3E, 0x00, 0xF8, 0x03, 0xE0, 0x0F, 0x80, 0x3E, 0xFF, 0xFB, 0xFF, 0xE0, 0x06, 0xFF,
    0xE0, 0x01, 0xBF, 0xE4, 0x0F, 0xFF, 0xFF, 0x47, 0xFF, 0xFF, 0x82, 0xE4, 0x0B, 0xF0, 0xF4, 0x07,
    0xF4, 0x00, 0x00, 0x7D, 0x00, 0x00, 0x3F, 0x00, 0x00, 0x0F, 0x80, 0x00, 0x0B, 0xC0, 0x00, 0x03,
    0xE0, 0x00, 0x02, 0xF0, 0x00, 0x01, 0xF4, 0x00, 0x00, 0xFC, 0x00, 0x00, 0xFC, 0x00, 0x00, 0xFD,
    0x00, 0x01, 0xFD, 0x00, 0x00, 0xFE, 0x00, 0x01, 0xFD, 0x00, 0x01, 0xFD, 0x00, 0x01, 0xFC, 0x00,
    0x01, 0xFD, 0x00, 0x00, 0xFC, 0x00, 0x00, 0xFC, 0x00, 0x00, 0xBD, 0x00, 0x00, 0xBD, 0x00, 0x00,
    0x2F, 0x00, 0x00, 0x2F, 0x00, 0x00, 0x06, 0x80, 0x00, 0x06, 0x80, 0x00, 0x00, 0x00, 0x00, 0x00,
    0x00, 0x00, 0x00, 0x00, 0x00, 0x00, 0x00, 0x00, 0x00, 0x1F, 0x40, 0x00, 0x1F, 0x40, 0x00, 0x0F,
    0xF0, 0x00, 0x0F, 0xF0, 0x00, 0x03, 0xFC, 0x00, 0x03, 0xFC, 0x00, 0x00, 0x7D, 0x00, 0x00, 0x7D,
    0x00, 0x00, 0x06, 0xFF, 0xE0, 0x03, 0xE3, 0xFF, 0xFF, 0xD0, 0x3E, 0x2E, 0x40, 0xBF, 0x03, 0xE0,
    0x00, 0x01, 0xF4, 0x3E, 0x00, 0x00, 0x0F, 0x83, 0xE0, 0x00, 0x00, 0xF8, 0x3E, 0x00, 0x00, 0x1F,
    0x43, 0xE0, 0x00, 0x03, 0xF0, 0x3E, 0x00, 0x00, 0xFD, 0x03, 0xE0, 0x00, 0x7F, 0x40, 0x3E, 0x00,
    0x1F, 0xD0, 0x03, 0xE0, 0x03, 0xF4, 0x00, 0x3E, 0x00, 0x7D, 0x00, 0x03, 0xE0, 0x0B, 0xC0, 0x00,
    0x3E, 0x00, 0xBC, 0x00, 0x03, 0xE0, 0x00, 0x00, 0x00, 0x00, 0x00, 0x00, 0x00, 0x00, 0x00, 0x07,
    0xD0, 0x00, 0x7D, 0x00, 0xFF, 0x00, 0x0F, 0xF0, 0x0F, 0xF0, 0x00, 0xFF, 0x00, 0x7D, 0x00, 0x07,
    0xD0, 0xBC, 0x01, 0xBF, 0xE4, 0x2F, 0x07, 0xFF, 0xFF, 0x8B, 0xC0, 0xF4, 0x07, 0xF6, 0xF0, 0x00,
    0x00, 0x3F, 0xBC, 0x00, 0x00, 0x0B, 0xEF, 0x00, 0x00, 0x02, 0xFB, 0xC0, 0x00, 0x00, 0xFE, 0xF0,
    0x00, 0x00, 0xBD, 0xBC, 0x00, 0x00, 0xBF, 0x2F, 0x00, 0x00, 0xBF, 0x0B, 0xC0, 0x00, 0xBE, 0x02,
    0xF0, 0x00, 0x7F, 0x00, 0xBC, 0x00, 0x3F, 0x00, 0x2F, 0x00, 0x0F, 0x80, 0x0B, 0xC0, 0x03, 0xE0,
    0x00, 0x00, 0x00, 0x00, 0x00, 0x00, 0x00, 0x00, 0x00, 0x1F, 0x40, 0x1F, 0x40, 0x0F, 0xF0, 0x0F,
    0xF0, 0x03, 0xFC, 0x03, 0xFC, 0x00, 0x7D, 0x00, 0x7D, 0x00, 0x00, 0xFF, 0xFF, 0xFF, 0xFF, 0xFF,
    0xFF, 0xFF, 0x00, 0x00, 0x03, 0xE0, 0x00, 0x00, 0xBC, 0x00, 0x00, 0x0F, 0x40, 0x00, 0x03, 0xF0,
    0x00, 0x00, 0x7C, 0x00, 0x00, 0x0F, 0x80, 0x00, 0x02, 0xF0, 0x00, 0x00, 0x3D, 0x00, 0x00, 0x0F,
    0xC0, 0x00, 0x01, 0xF0, 0x00, 0x00, 0x3E, 0x00, 0x00, 0x0B, 0xC0, 0x00, 0x01, 0xF4, 0x00, 0x00,
    0x3F, 0x00, 0x00, 0xFF, 0xFF, 0xF8, 0x03, 0xFF, 0xFF, 0xFE, 0x0F, 0x03, 0xFF, 0xFD, 0x3C, 0x0F,
    0xFF, 0xFC, 0xF0, 0x3F, 0xFF, 0xF3, 0xC0, 0xFF, 0xFF, 0xDF, 0x03, 0xFF, 0xFF, 0x7C, 0x0F, 0xFF,
    0xFD, 0xF0, 0x3F, 0xFF, 0xF7, 0xC0, 0xFF, 0xFF, 0xDF, 0x03, 0xFF, 0xFF, 0x7C, 0x0F, 0xFF, 0xFC,
    0xF0, 0x3F, 0xFF, 0xE3, 0xC0, 0xFF, 0xFF, 0x0F, 0x03, 0xFF, 0xE0, 0x3C, 0x0F, 0x00, 0x00, 0xF0,
    0x3C, 0x00, 0x03, 0xC0, 0xF0, 0x00, 0x0F, 0x03, 0xC0, 0x00, 0x3C, 0x0F, 0x00, 0x00, 0xF0, 0x3C,
    0x00, 0x03, 0xC0, 0xF0, 0x00, 0x0F, 0x03, 0xC0, 0x00, 0x3C, 0x0F, 0x00, 0x00, 0xF0, 0x3C, 0x00,
    0x03, 0xC0, 0xF0, 0x00, 0x0A, 0x02, 0x80, 0x00, 0x00, 0x01, 0xFF, 0xFF, 0xFC, 0x3F, 0xFF, 0xFF,
    0xF3, 0xFF, 0xFF, 0x03, 0xDF, 0xFF, 0xFC, 0x0F, 0xBF, 0xFF, 0xF0, 0x3F, 0xFF, 0xFF, 0xC0, 0xFF,
    0xFF, 0xFF, 0x03, 0xFF, 0xFF, 0xFC, 0x0F, 0xFF, 0xFF, 0xF0, 0x3F, 0xFF, 0xFF, 0xC0, 0xFB, 0xFF,
    0xFF, 0x03, 0xDF, 0xFF, 0xFC, 0x0F, 0x3F, 0xFF, 0xF0, 0x3C, 0x3F, 0xFF, 0xFF, 0xF0, 0x2F, 0xFF,
    0xFF, 0xC0, 0xFF, 0xFF, 0xFD, 0x03, 0xFF, 0xFF, 0xFF, 0x0F, 0x03, 0xFF, 0xFF, 0x3C, 0x0F, 0xFF,
    0xFD, 0xF0, 0x3F, 0xFF, 0xFB, 0xC0, 0xFF, 0xFF, 0xFF, 0x03, 0xFF, 0xFF, 0xFC, 0x0F, 0xFF, 0xFF,
    0xF0, 0x3F, 0xFF, 0xFF, 0xC0, 0xFF, 0xFF, 0xFF, 0x03, 0xFF, 0xFF, 0xBC, 0x0F, 0xFF, 0xFD, 0xF0,
    0x3F, 0xFF, 0xF3, 0xFF, 0xFF, 0xFF, 0x0F, 0xFF, 0xFF, 0xE0, 0x00, 0x00, 0x1F, 0x40, 0x00, 0x01,
    0xF0, 0x00, 0x00, 0x0F, 0x00, 0x00, 0x00, 0xF0, 0x00, 0x64, 0x0F, 0x01, 0x9B, 0xFE, 0xFB, 0xFE,
    0xBF, 0xFF, 0xFF, 0xE0, 0x03, 0xFC, 0x00, 0x00, 0x7F, 0xD0, 0x00, 0x0F, 0x5F, 0x00, 0x03, 0xF0,
    0xFC, 0x00, 0xBD, 0x07, 0xE0, 0x02, 0xC0, 0x38, 0x00, 0x00, 0x00, 0x00, 0x7D, 0x0F, 0xF0, 0xFF,
    0x07, 0xD0, 0x00, 0x00, 0x00, 0x00, 0x00, 0x00, 0x00, 0x00, 0x00, 0x00, 0x00, 0x00, 0x00, 0x0B,
    0xE0, 0x7F, 0x03, 0xF0, 0x2F, 0x40, 0xF8, 0x0B, 0xC0, 0x3C, 0x00, 0x0B, 0xFE, 0x00, 0x00, 0x07,
    0xFF, 0xFE, 0x00, 0x02, 0xF9, 0x06, 0xFC, 0x00, 0xB8, 0x00, 0x02, 0xE0, 0x1D, 0x00, 0x00, 0x0B,
    0x43, 0x80, 0x00, 0x00, 0x2C, 0x20, 0x00, 0x00, 0x00, 0x40, 0x00, 0x00, 0x00, 0x00, 0x00, 0x00,
    0x00, 0x00, 0x00, 0x00, 0x00, 0x00, 0x00, 0x00, 0x00, 0x00, 0x00, 0x00, 0x00, 0x00, 0x00, 0x00,
    0x00, 0x00, 0x00, 0x00, 0x00, 0x00, 0x00, 0x00, 0x00, 0x00, 0x00, 0x00, 0x00, 0x00, 0x00, 0x00,
    0x00, 0x00, 0x00, 0x00, 0x00, 0x00, 0x00, 0x00, 0x00, 0x00, 0x00, 0x00, 0x00, 0x00, 0x00, 0x00,
    0x00, 0x00, 0x00, 0x00, 0x00, 0x00, 0x00, 0x00, 0x00, 0x00, 0x00, 0x00, 0x00, 0x00, 0x00, 0x00,
    0x00, 0x00, 0x00, 0x00, 0x00, 0x00, 0x34, 0x00, 0x00, 0x02, 0xC2, 0xC0, 0x00, 0x00, 0x74, 0x0F,
    0x00, 0x00, 0x1F, 0x00, 0x3E, 0x00, 0x1B, 0xC0, 0x00, 0xFF, 0xFF, 0xE0, 0x00, 0x01, 0xBF, 0xE0,
    0x00, 0x00, 0x1F, 0x40, 0x00, 0x01, 0xF0, 0x00, 0x00, 0x0F, 0x00, 0x00, 0x00, 0xF0, 0x00, 0x64,
    0x0F, 0x01, 0x9B, 0xFE, 0xFB, 0xFE, 0xBF, 0xFF, 0xFF, 0xE0, 0x03, 0xFC, 0x00, 0x00, 0x7F, 0xD0,
    0x00, 0x0F, 0x5F, 0x00, 0x03, 0xF0, 0xFC, 0x00, 0xBD, 0x07, 0xE0, 0x02, 0xC0, 0x38, 0x00, 0x00,
    0x00, 0x00, 0x00, 0x00, 0x00, 0x00, 0x01, 0xF4, 0x00, 0x00, 0x1F, 0x00, 0x00, 0x00, 0xF0, 0x00,
    0x00, 0x0F, 0x00, 0x06, 0x40, 0xF0, 0x19, 0xBF, 0xEF, 0xBF, 0xEB, 0xFF, 0xFF, 0xFE, 0x00, 0x3F,
    0xC0, 0x00, 0x07, 0xFD, 0x00, 0x00, 0xF5, 0xF0, 0x00, 0x3F, 0x0F, 0xC0, 0x0B, 0xD0, 0x7E, 0x00,
    0x2C, 0x03, 0x80, 0x00, 0x00, 0x00, 0x00, 0x2E, 0x00, 0x3C, 0xFC, 0x02, 0xD3, 0xF0, 0x0F, 0x0B,
    0x80, 0x78, 0x00, 0x02, 0xD0, 0x00, 0x0F, 0x00, 0x00, 0xB8, 0x00, 0x03, 0xC0, 0x00, 0x1F, 0x00,
    0x00, 0xB4, 0x00, 0x03, 0xC0, 0x00, 0x1E, 0x00, 0x00, 0xF0, 0x00, 0x03, 0xC0, 0x00, 0x2D, 0x00,
    0x00, 0xF0, 0x00, 0x07, 0x80, 0x00, 0x2D, 0x02, 0xE0, 0xF0, 0x0F, 0xC7, 0x80, 0x3F, 0x3C, 0x00,
    0xB8, 0x01, 0xFF, 0xE4, 0x00, 0x00, 0x03, 0xC3, 0xFF, 0xFF, 0xE4, 0x00, 0x01, 0xE3, 0xE4, 0x1B,
    0xFF, 0xF9, 0x02, 0xF1, 0xE0, 0x00, 0x06, 0xFF, 0xFF, 0xF4, 0xB0, 0x00, 0x00, 0x01, 0xBF, 0xE0,
    0x00, 0x00, 0x0A, 0xF9, 0x00, 0x00, 0x0B, 0xFF, 0xFE, 0x00, 0x03, 0xF4, 0x01, 0xF8, 0x00, 0xF4,
    0x00, 0x02, 0xE0, 0x1D, 0x00, 0x00, 0x0B, 0x43, 0x80, 0x00, 0x00, 0x3C, 0x10, 0x00, 0x00, 0x00,
    0x40, 0x00, 0x0F, 0x00, 0x00, 0x00, 0x3C, 0x00, 0x00, 0xD0, 0xF0, 0x3C, 0x03, 0xD3, 0xC3, 0xF0,
    0x07, 0xCF, 0x3F, 0x00, 0x07, 0xFF, 0xF0, 0x00, 0x0B, 0xFF, 0x00, 0x3F, 0xFF, 0xFF, 0xFF, 0xFF,
    0xFF, 0xFF, 0xFC, 0x02, 0xFF, 0xC0, 0x00, 0x1F, 0xFB, 0xC0, 0x02, 0xF3, 0xCB, 0xD0, 0x1F, 0x0F,
    0x07, 0xC0, 0x10, 0x3C, 0x00, 0x00, 0x00, 0xF0, 0x00, 0x00, 0x00, 0x00, 0x2E, 0x00, 0x00, 0x3F,
    0x00, 0x00, 0x2E, 0x00, 0x00, 0x00, 0x00, 0x00, 0x00, 0x00, 0x00, 0x00, 0x00, 0x00, 0x00, 0x00,
    0x00, 0x00, 0xB8, 0x00, 0x00, 0xFC, 0x00, 0x00, 0xFC, 0x00, 0x00, 0xB8, 0x00, 0x00, 0x00, 0x00,
    0x00, 0x00, 0x00, 0x00, 0x00, 0x00, 0x00, 0x00, 0x00, 0x00, 0x00, 0x00, 0x00, 0x00, 0x00, 0x2E,
    0x00, 0x00, 0x3F, 0x00, 0x00, 0x3F, 0x00, 0x00, 0x2E, 0x01, 0xF0, 0x7C, 0x1F, 0x07, 0xC0, 0x3E,
    0x0F, 0x83, 0xE0, 0xF8, 0x07, 0xC1, 0xF0, 0x7C, 0x1F, 0x00, 0xB4, 0x3D, 0x0F, 0x43, 0xD0, 0x0F,
    0x07, 0xC1, 0xF0, 0x7C, 0x02, 0xD0, 0xB4, 0x3C, 0x0F, 0x00, 0x38, 0x0E, 0x03, 0x81, 0xE0, 0x0B,
    0x02, 0xC0, 0xB0, 0x3C, 0x00, 0x00, 0x00, 0x2E, 0x00, 0x00, 0x00, 0x00, 0x0F, 0xC0, 0x00, 0x00,
    0x00, 0x02, 0xE0, 0x00, 0x00, 0x00, 0x00, 0x00, 0x00, 0x00, 0x00, 0x00, 0x00, 0x00, 0x00, 0x00,
    0x00, 0x00, 0x00, 0x00, 0x00, 0x00, 0x00, 0x00, 0x00, 0x00, 0x00, 0x00, 0x00, 0x00, 0x00, 0xB8,
    0x00, 0x00, 0x00, 0x0B, 0xBF, 0x00, 0x00, 0x00, 0x03, 0xFF, 0xC0, 0x00, 0x00, 0x00, 0xFE, 0xE0,
    0x00, 0x00, 0x00, 0x2E, 0x00, 0x00, 0x00, 0x00, 0x00, 0x00, 0x00, 0x00, 0x00, 0x00, 0x00, 0x00,
    0x00, 0x00, 0x00, 0x00, 0x00, 0x00, 0x00, 0x00, 0x00, 0x00, 0x00, 0x00, 0x00, 0x00, 0x00, 0x00,
    0x0B, 0x80, 0x00, 0x00, 0x00, 0x03, 0xF0, 0x00, 0x00, 0x00, 0x00, 0xFC, 0x00, 0x00, 0x00, 0x00,
    0x2E, 0x00, 0x00, 0x00, 0xB8, 0x00, 0x00, 0x00, 0x0B, 0xBF, 0x00, 0x00, 0x00, 0x03, 0xFB, 0x80,
    0x00, 0x00, 0x00, 0xB8, 0x00, 0x00, 0x00, 0x00, 0x00, 0x00, 0x00, 0x00, 0x00, 0x00, 0x00, 0x00,
    0x00, 0x00, 0x00, 0x00, 0x00, 0x00, 0x00, 0x00, 0x00, 0x00, 0x00, 0x00, 0x00, 0x00, 0x00, 0x00,
    0x2E, 0x00, 0x00, 0x00, 0x00, 0x0F, 0xC0, 0x00, 0x00, 0x00, 0x03, 0xF0, 0x00, 0x00, 0x00, 0x00,
    0xB8, 0x00, 0x00, 0x00, 0x00, 0x00, 0x00, 0x00, 0x00, 0x00, 0x00, 0x00, 0x00, 0x00, 0x00, 0x00,
    0x00, 0x00, 0x00, 0x00, 0x00, 0x00, 0x00, 0x00, 0x00, 0x00, 0x00, 0x00, 0x00, 0x2E, 0x00, 0x00,
    0x00, 0x02, 0xEF, 0xC0, 0x00, 0x00, 0x00, 0xFF, 0xF0, 0x00, 0x00, 0x00, 0x3F, 0xB8, 0x00, 0x00,
    0x00, 0x0B, 0x80, 0xBB, 0xFF, 0xEE, 0x00, 0x00, 0x00, 0x00, 0x00, 0x00, 0x00, 0x00, 0x00, 0x02,
    0xEF, 0xFF, 0xB8, 0x00, 0x0B, 0x80, 0x00, 0x00, 0x0F, 0xC0, 0x00, 0x00, 0x0F, 0xC0, 0x00, 0x00,
    0x0B, 0x80, 0x00, 0x00, 0x00, 0x00, 0x00, 0x00, 0x00, 0x00, 0x00, 0x00, 0x00, 0x00, 0x00, 0x00,
    0x00, 0x00, 0x00, 0x00, 0x00, 0x00, 0x00, 0xB8, 0x00, 0x00, 0x2E, 0xFC, 0x00, 0x00, 0x3F, 0xFC,
    0x00, 0x00, 0x3F, 0xB8, 0x00, 0x00, 0x2E, 0x00, 0x00, 0x00, 0x00, 0x00, 0x00, 0x00, 0x00, 0x00,
    0x00, 0x00, 0x00, 0x00, 0x00, 0x00, 0x00, 0x00, 0x00, 0x00, 0x00, 0x00, 0x0B, 0x80, 0x00, 0x00,
    0x0F, 0xC0, 0x00, 0x00, 0x0F, 0xC0, 0x00, 0x00, 0x0B, 0x80, 0x00, 0x00, 0x00, 0x3E, 0x00, 0x00,
    0x00, 0x00, 0x0F, 0x80, 0x00, 0x00, 0xB8, 0x03, 0xE0, 0x2E, 0x00, 0x3F, 0x00, 0xF8, 0x0F, 0xC0,
    0x0F, 0xC0, 0x3E, 0x03, 0xF0, 0x02, 0xE0, 0x0F, 0x80, 0xB8, 0x00, 0x00, 0x03, 0xE0, 0x00, 0x00,
    0x00, 0x00, 0xF8, 0x00, 0x00, 0x00, 0x00, 0x3E, 0x00, 0x00, 0x00, 0x00, 0x0F, 0x80, 0x00, 0x0F,
    0xFF, 0xFF, 0xFF, 0xFF, 0xFF, 0xFF, 0xFF, 0xFF, 0xFF, 0xFF, 0x00, 0x00, 0x3E, 0x00, 0x00, 0x00,
    0x00, 0x0F, 0x80, 0x00, 0x00, 0x00, 0x03, 0xE0, 0x00, 0x00, 0x00, 0x00, 0xF8, 0x00, 0x00, 0x0B,
    0x80, 0x3E, 0x02, 0xE0, 0x03, 0xF0, 0x0F, 0x80, 0xFC, 0x00, 0xFC, 0x03, 0xE0, 0x3F, 0x00, 0x2E,
    0x00, 0xF8, 0x0B, 0x80, 0x00, 0x00, 0x3E, 0x00, 0x00, 0x00, 0x00, 0x0F, 0x80, 0x00, 0x00, 0x7D,
    0xFF, 0xFF, 0x7D, 0x00, 0x00, 0x00, 0x00, 0x00, 0x7D, 0xFF, 0xFF, 0x7D, 0x00, 0x00, 0x00, 0x00,
    0x7D, 0xFF, 0xFF, 0x7D, 0x7D, 0xFF, 0xFF, 0x7D, 0x00, 0x7D, 0xFF, 0xFF, 0x7D, 0x00, 0x00, 0x7D,
    0xFF, 0xFF, 0x7D, 0x00, 0x00, 0x7D, 0xFF, 0xFF, 0x7D, 0xFF, 0xFC, 0x1C, 0x00, 0x30, 0x00, 0xC0,
    0x03, 0x03, 0xFF, 0xF0, 0x70, 0x00, 0xC0, 0x03, 0x00, 0x0C, 0x00, 0x30, 0x00, 0xC0, 0x03, 0x00,
    0x0C, 0x00, 0x30, 0x00, 0xC0, 0x03, 0x00, 0x0C, 0x00, 0x30, 0x00, 0xC0, 0x03, 0x00, 0x0C, 0x00,
    0x30, 0x00, 0xC0, 0x00, 0x00, 0x3F, 0xFF, 0x30, 0x07, 0x30, 0x03, 0x30, 0x03, 0x30, 0x03, 0x3F,
    0xFF, 0x01, 0xC0, 0x00, 0xC0, 0x00, 0xC0, 0x00, 0xC0, 0x00, 0xC0, 0x00, 0xC0, 0x00, 0xC0, 0x00,
    0xC0, 0x00, 0xC0, 0x00, 0xC0, 0x00, 0xC0, 0x00, 0xC0, 0x00, 0xC0, 0x00, 0xC0, 0x00, 0xC0, 0x00,
    0xC0, 0x00, 0xC0, 0x00, 0xC0, 0x00, 0x00, 0xBF, 0xF8, 0xFF, 0xC2, 0xFD, 0x03, 0xF0, 0x0B, 0x40,
    0x0C, 0x00, 0x30, 0x00, 0xC0, 0x03, 0x00, 0x0C, 0x00, 0x30, 0x00, 0xC0, 0x03, 0x00, 0x0C, 0x00,
    0x30, 0x00, 0xC0, 0x03, 0x00, 0x0C, 0x00, 0x30, 0x00, 0xC0, 0x03, 0x00, 0x0C, 0x00, 0x30, 0x00,
    0xC0, 0x00, 0x00, 0x0C, 0x00, 0xB4, 0x03, 0xF0, 0x2F, 0xD0, 0xFF, 0xCB, 0xFF, 0x80, 0xC0, 0x03,
    0x00, 0x0C, 0x00, 0x30, 0x00, 0xC0, 0x03, 0x00, 0x0C, 0x00, 0x30, 0x00, 0xC0, 0x03, 0x00, 0x0C,
    0x00, 0x30, 0x00, 0xC0, 0x03, 0x00, 0x0C, 0x00, 0x30, 0x00, 0xC0, 0x03, 0x00, 0x00, 0x00, 0x1C,
    0x01, 0xEC, 0x1C, 0x1D, 0x70, 0x74, 0x7B, 0x00, 0x70, 0x00, 0xC0, 0x03, 0x00, 0x0C, 0x00, 0x30,
    0x00, 0xC0, 0x03, 0x00, 0x0C, 0x00, 0x30, 0x00, 0xC0, 0x03, 0x00, 0x0C, 0x00, 0x30, 0x00, 0xC0,
    0x03, 0x00, 0x0C, 0x00, 0x30, 0x00, 0xC0, 0x03, 0x00, 0xFF, 0x00, 0x1C, 0x00, 0x30, 0x00, 0xC0,
    0x03, 0x03, 0xFF, 0xF0, 0x70, 0x00, 0xC0, 0x03, 0x00, 0x0C, 0x00, 0x30, 0x00, 0xC0, 0x03, 0x00,
    0x0C, 0x00, 0x30, 0x00, 0xC0, 0x03, 0x00, 0x0C, 0x00, 0x30, 0x00, 0xC0, 0x03, 0x00, 0x0C, 0x00,
    0x30, 0x00, 0xC0, 0x00, 0x00, 0x0B, 0xF8, 0x03, 0xFF, 0xF0, 0x7C, 0x0F, 0x4B, 0x40, 0x78, 0xF0,
    0x03, 0xCF, 0x00, 0x3C, 0xF0, 0x03, 0xCF, 0x00, 0x3C, 0xF0, 0x03, 0xCB, 0x40, 0x7C, 0x7C, 0x0F,
    0x42, 0xFF, 0xF0, 0x0B, 0xF8, 0x00, 0x4E, 0x40, 0xEE, 0xEE, 0xEE, 0xEE, 0xEE, 0x00, 0x1F, 0x00,
    0x03, 0xF0, 0x00, 0xFF, 0x00, 0x2D, 0xF0, 0x03, 0x8F, 0x00, 0xF0, 0xF0, 0x2D, 0x0F, 0x07, 0x80,
    0xF0, 0xFF, 0xFF, 0xFF, 0xFF, 0xFF, 0x00, 0x0F, 0x00, 0x00, 0xF0, 0x00, 0x0F, 0x00, 0x2F, 0xFF,
    0x43, 0xFF, 0xF4, 0x3C, 0x00, 0x03, 0xC0, 0x00, 0x3C, 0x00, 0x03, 0xFF, 0x80, 0x3F, 0xFF, 0x40,
    0x00, 0xBC, 0x00, 0x03, 0xC0, 0x00, 0x3C, 0x50, 0x0B, 0xCB, 0xFF, 0xF0, 0x2F, 0xF8, 0x00, 0x02,
    0xFF, 0x00, 0xFF, 0xF0, 0x3E, 0x00, 0x07, 0xC0, 0x00, 0xB4, 0x00, 0x0F, 0x2F, 0xD0, 0xFF, 0xFF,
    0x4F, 0x80, 0xBC, 0xF0, 0x03, 0xCB, 0x40, 0x3C, 0x7C, 0x0B, 0xC2, 0xFF, 0xF0, 0x07, 0xF8, 0x00,
    0xFF, 0xFF, 0xFF, 0xFF, 0xF0, 0x00, 0xB8, 0x00, 0x3C, 0x00, 0x1E, 0x00, 0x0F, 0x00, 0x07, 0x80,
    0x03, 0xC0, 0x01, 0xE0, 0x00, 0xF0, 0x00, 0x7C, 0x00, 0x3D, 0x00, 0x09, 0x00, 0x00, 0x1F, 0xF4,
    0x1F, 0xFF, 0x8F, 0x41, 0xF3, 0xC0, 0x3C, 0xB8, 0x1E, 0x0F, 0xFF, 0x01, 0xFF, 0x81, 0xF0, 0x7D,
    0xF4, 0x07, 0xFC, 0x00, 0xFF, 0x80, 0xBD, 0xFF, 0xFD, 0x1B, 0xF8, 0x00, 0x0B, 0xF8, 0x03, 0xFF,
    0xF0, 0xB8, 0x0B, 0x4F, 0x00, 0x3C, 0xF0, 0x03, 0xCF, 0x80, 0xBC, 0x7F, 0xFF, 0xC1, 0xFE, 0x3C,
    0x00, 0x07, 0xC0, 0x00, 0xF4, 0x00, 0x2F, 0x03, 0xFF, 0xD0, 0x3F, 0xE0, 0x00, 0x03, 0xC0, 0x03,
    0xC0, 0x03, 0xC0, 0xFF, 0xFF, 0xFF, 0xFF, 0x03, 0xC0, 0x03, 0xC0, 0x03, 0xC0, 0xFF, 0xFF, 0x55,
    0x55, 0xFF, 0xFF, 0xFF, 0xFF, 0x00, 0x00, 0xFF, 0xFF, 0xFF, 0xFF, 0x07, 0x83, 0xC3, 0xD0, 0xF0,
    0xB8, 0x3D, 0x0F, 0x03, 0xC0, 0xF0, 0x3C, 0x0F, 0x42, 0xE0, 0x3C, 0x0F, 0x40, 0xF0, 0x1D, 0x78,
    0x02, 0xD0, 0x0F, 0x00, 0xF4, 0x07, 0x80, 0x3C, 0x03, 0xC0, 0x3C, 0x03, 0xC0, 0x3C, 0x03, 0xC0,
    0x78, 0x0F, 0x40, 0xF0, 0x2D, 0x07, 0x80, 0xF1, 0xFE, 0x3E, 0xFF, 0xEF, 0xC0, 0xBF, 0xD0, 0x0F,
    0xF0, 0x03, 0xFC, 0x00, 0xFF, 0x00, 0x3F, 0xC0, 0x0F, 0xF0, 0x03, 0xFC, 0x00, 0xF0, 0x0B, 0xF8,
    0x03, 0xFF, 0xF0, 0x7C, 0x0F, 0x4B, 0x40, 0x78, 0xF0, 0x03, 0xCF, 0x00, 0x3C, 0xF0, 0x03, 0xCF,
    0x00, 0x3C, 0xF0, 0x03, 0xCB, 0x40, 0x7C, 0x7C, 0x0F, 0x42, 0xFF, 0xF0, 0x0B, 0xF8, 0x00, 0x02,
    0xF0, 0x3F, 0xC7, 0xDF, 0x1D, 0x3C, 0x00, 0xF0, 0x03, 0xC0, 0x0F, 0x00, 0x3C, 0x00, 0xF0, 0x03,
    0xC0, 0x0F, 0x00, 0x3C, 0x00, 0xF0, 0x1B, 0xF4, 0x1F, 0xFF, 0x87, 0x01, 0xF0, 0x00, 0x3C, 0x00,
    0x0F, 0x00, 0x0B, 0x80, 0x07, 0xC0, 0x03, 0xC0, 0x03, 0xC0, 0x03, 0xC0, 0x03, 0xC0, 0x03, 0xFF,
    0xFC, 0xFF, 0xFF, 0x00, 0x06, 0xF9, 0x03, 0xFF, 0xF4, 0x38, 0x0B, 0xC0, 0x00, 0x3C, 0x00, 0x03,
    0xC0, 0x00, 0xB8, 0x0B, 0xFE, 0x00, 0xBF, 0xF0, 0x00, 0x0B, 0xC0, 0x00, 0x3C, 0x00, 0x03, 0xC5,
    0x00, 0xBC, 0xBF, 0xFF, 0x42, 0xFF, 0x80, 0x00, 0x1F, 0x00, 0x03, 0xF0, 0x00, 0xFF, 0x00, 0x2D,
    0xF0, 0x07, 0x8F, 0x00, 0xF0, 0xF0, 0x2D, 0x0F, 0x07, 0x80, 0xF0, 0xFF, 0xFF, 0xFF, 0xFF, 0xFF,
    0x00, 0x0F, 0x00, 0x00, 0xF0, 0x00, 0x0F, 0x00, 0x3F, 0xFF, 0x43, 0xFF, 0xF4, 0x3C, 0x00, 0x03,
    0xC0, 0x00, 0x3F, 0xF8, 0x03, 0xFF, 0xF0, 0x00, 0x1F, 0x80, 0x00, 0x3C, 0x00, 0x03, 0xC0, 0x00,
    0x3C, 0x50, 0x0F, 0x8B, 0xFF, 0xF0, 0x2F, 0xF8, 0x00, 0x01, 0xBE, 0x00, 0xFF, 0xF0, 0x2F, 0x40,
    0x03, 0xC0, 0x00, 0xB4, 0x00, 0x0F, 0x1F, 0x80, 0xFB, 0xFF, 0x4F, 0xC0, 0xBC, 0xF0, 0x03, 0xCF,
    0x00, 0x3C, 0xB4, 0x03, 0xC7, 0xC0, 0xB8, 0x2F, 0xFF, 0x00, 0x7F, 0x80, 0xFF, 0xFF, 0xFF, 0xFF,
    0xF0, 0x00, 0x78, 0x00, 0x3C, 0x00, 0x1E, 0x00, 0x0F, 0x00, 0x07, 0xC0, 0x03, 0xD0, 0x01, 0xF0,
    0x00, 0xF4, 0x00, 0x7C, 0x00, 0x2E, 0x00, 0x0F, 0x00, 0x00, 0x0B, 0xE4, 0x1F, 0xFF, 0x4F, 0x82,
    0xF3, 0xC0, 0x3C, 0xF4, 0x0F, 0x1F, 0x5F, 0x41, 0xFF, 0x40, 0xFF, 0xF4, 0xBC, 0x1F, 0x7C, 0x01,
    0xFF, 0x00, 0x3F, 0xE0, 0x2F, 0x7F, 0xFF, 0x02, 0xFE, 0x00, 0x07, 0xE4, 0x03, 0xFF, 0xE0, 0xBC,
    0x0F, 0x4F, 0x40, 0x7C, 0xF0, 0x03, 0xCF, 0x00, 0x3C, 0xB8, 0x0B, 0xC3, 0xFF, 0xBC, 0x1F, 0xE3,
    0xC0, 0x00, 0x78, 0x00, 0x0F, 0x40, 0x02, 0xF0, 0x3F, 0xFC, 0x03, 0xFE, 0x00, 0x03, 0xC0, 0x03,
    0xC0, 0x03, 0xC0, 0xFF, 0xFF, 0xFF, 0xFF, 0x03, 0xC0, 0x03, 0xC0, 0x03, 0xC0, 0x00, 0x00, 0xFF,
    0xFF, 0x55, 0x55, 0xFF, 0xFF, 0xFF, 0xFF, 0x00, 0x00, 0xFF, 0xFF, 0xFF, 0xFF, 0x07, 0x83, 0xC3,
    0xD0, 0xF0, 0xB8, 0x3D, 0x0F, 0x03, 0xC0, 0xF0, 0x3C, 0x0F, 0x42, 0xE0, 0x3C, 0x0F, 0x40, 0xF0,
    0x1E, 0x78, 0x02, 0xD0, 0x0F, 0x00, 0xF4, 0x07, 0x80, 0x3C, 0x03, 0xC0, 0x3C, 0x03, 0xC0, 0x3C,
    0x03, 0xC0, 0x78, 0x0F, 0x40, 0xF0, 0x2D, 0x07, 0x80, 0x1B, 0xF8, 0x29, 0x6E, 0x00, 0x0F, 0x00,
    0x0B, 0x1F, 0xFF, 0xB9, 0x5F, 0xF0, 0x0F, 0xF0, 0x0F, 0xB9, 0x7F, 0x2F, 0xD7, 0x0B, 0xF8, 0x0F,
    0x97, 0xC7, 0x40, 0x77, 0xC0, 0x0E, 0xFF, 0xFF, 0xBD, 0x55, 0x4F, 0x00, 0x02, 0xD0, 0x00, 0x3E,
    0x56, 0x41, 0xFF, 0x80, 0x0B, 0xFD, 0x03, 0xE5, 0xB8, 0xB4, 0x02, 0xCF, 0x00, 0x0E, 0xE0, 0x00,
    0xEE, 0x00, 0x0E, 0xF0, 0x00, 0xE7, 0x40, 0x2C, 0x3E, 0x5B, 0x80, 0x7F, 0xD0, 0x3C, 0x02, 0xC1,
    0xD0, 0x74, 0x0B, 0x0E, 0x00, 0x3F, 0xC0, 0x01, 0xF4, 0x00, 0x1F, 0x40, 0x03, 0xAC, 0x00, 0xF0,
    0xF0, 0x2D, 0x07, 0x87, 0x80, 0x2D, 0x6F, 0xF4, 0x29, 0x5F, 0x80, 0x00, 0xB0, 0x00, 0x0E, 0x00,
    0x03, 0xBF, 0xFF, 0xEF, 0x55, 0x7A, 0xC0, 0x1C, 0x3D, 0x6E, 0x02, 0xFD, 0x00, 0xF0, 0x00, 0x3C,
    0x00, 0x0F, 0x00, 0x03, 0xC0, 0x00, 0xF1, 0xFD, 0x3E, 0xFF, 0xEF, 0xC0, 0xBF, 0xD0, 0x0F, 0xF0,
    0x03, 0xFC, 0x00, 0xFF, 0x00, 0x3F, 0xC0, 0x0F, 0xF0, 0x03, 0xFC, 0x00, 0xF0, 0xF0, 0x00, 0x3C,
    0x00, 0x0F, 0x00, 0x03, 0xC0, 0x00, 0xF0, 0x0F, 0x3C, 0x0F, 0x0F, 0x0F, 0x03, 0xCB, 0x00, 0xFB,
    0x80, 0x3F, 0xB4, 0x0F, 0x0F, 0x03, 0xC0, 0xF0, 0xF0, 0x1E, 0x3C, 0x02, 0xD0, 0xF3, 0xCF, 0x3C,
    0xF3, 0xCF, 0x3C, 0xF3, 0xCF, 0x3C, 0xF3, 0xC0, 0xF2, 0xF8, 0x2F, 0x83, 0xEF, 0xF7, 0xFF, 0x8F,
    0xC1, 0xFC, 0x1F, 0x3D, 0x03, 0xD0, 0x3C, 0xF0, 0x0F, 0x00, 0xF3, 0xC0, 0x3C, 0x03, 0xCF, 0x00,
    0xF0, 0x0F, 0x3C, 0x03, 0xC0, 0x3C, 0xF0, 0x0F, 0x00, 0xF3, 0xC0, 0x3C, 0x03, 0xC0, 0xF1, 0xFE,
    0x3E, 0xFF, 0xEF, 0xC0, 0xBF, 0xD0, 0x0F, 0xF0, 0x03, 0xFC, 0x00, 0xFF, 0x00, 0x3F, 0xC0, 0x0F,
    0xF0, 0x03, 0xFC, 0x00, 0xF0, 0xF2, 0xFC, 0x0F, 0xBF, 0xF0, 0xF8, 0x0F, 0x8F, 0x00, 0x3C, 0xF0,
    0x03, 0xCF, 0x00, 0x3C, 0xF4, 0x07, 0xCF, 0xC0, 0xF8, 0xFB, 0xFF, 0x0F, 0x2F, 0xC0, 0xF0, 0x00,
    0x0F, 0x00, 0x00, 0xF0, 0x00, 0x0F, 0x00, 0x00, 0x2F, 0xE3, 0xFF, 0xDF, 0x40, 0x2D, 0x00, 0x2E,
    0x40, 0x07, 0xC0, 0x03, 0xD0, 0x1F, 0xFF, 0xF9, 0xFF, 0x80, 0x1C, 0x00, 0xB0, 0x0F, 0xFF, 0x0F,
    0x00, 0x3C, 0x00, 0xF0, 0x03, 0xC0, 0x0F, 0x00, 0x3C, 0x00, 0xF4, 0x02, 0xFF, 0x02, 0xFC, 0x01,
    0xFF, 0xD0, 0x00, 0x3F, 0xFF, 0xD0, 0x02, 0xF9, 0x06, 0x00, 0x1F, 0x80, 0x00, 0x00, 0xBC, 0x00,
    0x00, 0x03, 0xF0, 0x00, 0x00, 0x0F, 0x80, 0x3F, 0xFF, 0xBE, 0x00, 0xFF, 0xFE, 0xFC, 0x03, 0xE0,
    0x03, 0xF0, 0x0F, 0x80, 0x07, 0xD0, 0x3E, 0x00, 0x0F, 0xE0, 0xF8, 0x00, 0x1F, 0xFF, 0xFF, 0xF0,
    0x0B, 0xFF, 0xFF, 0xC0, 0x00, 0x3E, 0x00, 0x00, 0x00, 0xF8, 0x00, 0x00, 0x03, 0xE0, 0x00, 0x00,
    0x0F, 0x80, 0x00, 0x00, 0x3E, 0x00, 0x00, 0x00, 0xFF, 0xFE, 0x00, 0x03, 0xFF, 0xF8, 0x00, 0x02,
    0xC1, 0xD0, 0x00, 0x0F, 0x0B, 0x00, 0x00, 0x7C, 0x3C, 0x00, 0x1F, 0xFF, 0xF8, 0x03, 0xFF, 0xFF,
    0xF8, 0x3F, 0xBC, 0x2F, 0xC2, 0xF4, 0xF0, 0xB0, 0x0F, 0x83, 0x83, 0xC0, 0xBC, 0x1E, 0x0F, 0x03,
    0xF0, 0xB4, 0x78, 0x0F, 0x83, 0xC2, 0xD0, 0x3E, 0x0F, 0x0B, 0x00, 0xF8, 0x38, 0x3C, 0x03, 0xF1,
    0xD0, 0xE0, 0x0F, 0xCB, 0x07, 0x80, 0x2F, 0x7C, 0x2D, 0x00, 0x3F, 0xF0, 0xF0, 0x00, 0xBF, 0x83,
    0xC0, 0x00, 0xFF, 0x5E, 0x06, 0x00, 0xFF, 0xFF, 0xFC, 0x03, 0xEF, 0xFF, 0xE0, 0x0F, 0x0F, 0x00,
    0x00, 0x38, 0x3C, 0x00, 0x01, 0xD0, 0xE0, 0x00, 0x00, 0x2F, 0xFE, 0x40, 0x1F, 0xFF, 0xFE, 0x07,
    0xF9, 0x06, 0xC1, 0xFC, 0x00, 0x00, 0x3F, 0x00, 0x00, 0x03, 0xE0, 0x00, 0x00, 0xBC, 0x00, 0x00,
    0x0B, 0xC0, 0x00, 0x00, 0xFC, 0x0B, 0x8F, 0xDF, 0x80, 0xBF, 0xFD, 0xF8, 0x0B, 0xF4, 0x0F, 0x80,
    0xBE, 0x00, 0xFC, 0x0B, 0xC0, 0x0F, 0xC0, 0xBC, 0x00, 0xBC, 0x0B, 0xC0, 0x07, 0xE0, 0xBC, 0x00,
    0x3F, 0x0B, 0xC0, 0x01, 0xFC, 0xBC, 0x00, 0x0B, 0xFF, 0xD6, 0xC0, 0x2F, 0xFF, 0xFC, 0x00, 0x2F,
    0xFE, 0x40, 0x0B, 0xFF, 0xFF, 0xF0, 0xBF, 0xFF, 0xFF, 0x0B, 0xC0, 0x00, 0x00, 0xBC, 0x00, 0x00,
    0x0B, 0xC0, 0x00, 0x00, 0xBC, 0x00, 0x00, 0x0B, 0xC0, 0x00, 0x00, 0xBC, 0x00, 0x00, 0x0B, 0xC0,
    0x00, 0x00, 0xBC, 0x00, 0x00, 0x0B, 0xFF, 0xFF, 0xC0, 0xBF, 0xFF, 0xFC, 0x0B, 0xC0, 0x00, 0x00,
    0xBC, 0x00, 0x00, 0x0B, 0xC0, 0x00, 0x0F, 0xFF, 0xFC, 0x00, 0xFF, 0xFF, 0xC0, 0x00, 0xBC, 0x00,
    0x00, 0x0B, 0xC0, 0x00, 0x00, 0xBC, 0x00, 0x00, 0x0B, 0xC0, 0x00, 0x00, 0x00, 0x0B, 0xFF, 0x80,
    0x01, 0xFF, 0xFF, 0xC0, 0x0F, 0xD0, 0x6D, 0x00, 0xBC, 0x00, 0x00, 0x03, 0xF0, 0x00, 0x00, 0x0F,
    0x80, 0x00, 0x00, 0x3E, 0x00, 0x00, 0x00, 0xF8, 0x00, 0x00, 0xFF, 0xFF, 0xFC, 0x03, 0xFF, 0xFF,
    0xF0, 0x00, 0x3E, 0x00, 0x00, 0x00, 0xF8, 0x00, 0x00, 0xFF, 0xFF, 0xFC, 0x03, 0xFF, 0xFF, 0xF0,
    0x00, 0x3E, 0x00, 0x00, 0x00, 0xF8, 0x00, 0x00, 0x07, 0xD0, 0x00, 0x00, 0x3F, 0x00, 0x00, 0x02,
    0xF4, 0x00, 0x00, 0x3F, 0xFF, 0xFF, 0xFF, 0xFF, 0xFF, 0xFF, 0xFC, 0x00, 0x00, 0x00, 0x02, 0x40,
    0x00, 0x00, 0x00, 0x00, 0x3C, 0x00, 0x00, 0x00, 0x00, 0x01, 0xE0, 0x00, 0x00, 0x00, 0x00, 0x0F,
    0x00, 0x00, 0xF0, 0x6F, 0xE4, 0x7E, 0xFE, 0x43, 0xDB, 0xFF, 0xF6, 0xFF, 0xFF, 0x4F, 0xF9, 0x0B,
    0xFF, 0x90, 0xBF, 0x3F, 0x80, 0x0B, 0xF8, 0x00, 0xBD, 0xFC, 0x00, 0x0F, 0xC0, 0x00, 0xFB, 0xF0,
    0x00, 0x3F, 0x00, 0x03, 0xEF, 0x80, 0x00, 0xF8, 0x00, 0x0F, 0xBE, 0x00, 0x0B, 0xE0, 0x00, 0x3E,
    0xF8, 0x00, 0x3F, 0x80, 0x00, 0xFB, 0xE0, 0x02, 0xFE, 0x00, 0x03, 0xEF, 0x80, 0x0F, 0xF8, 0x00,
    0x0F, 0xBE, 0x00, 0x7B, 0xE0, 0x00, 0x3E, 0xF8, 0x03, 0xCF, 0x80, 0x00, 0xFB, 0xE0, 0x1E, 0x3E,
    0x00, 0x03, 0xEF, 0x80, 0xF0, 0xF8, 0x00, 0x0F, 0xBE, 0x07, 0x83, 0xE0, 0x00, 0x3E, 0x00, 0x3C,
    0x00, 0x00, 0x00, 0x00, 0x01, 0xF0, 0x00, 0x00, 0x00, 0x00, 0x0F, 0x40, 0x00, 0x00, 0x00, 0x00,
    0x0F, 0xE0, 0x02, 0xF0, 0x0F, 0xF0, 0x02, 0xF0, 0x0F, 0xF4, 0x02, 0xF0, 0x0F, 0xF8, 0x02, 0xF0,
    0x0F, 0xBC, 0x02, 0xF0, 0x0F, 0xAD, 0x02, 0xF0, 0x0F, 0x9F, 0x02, 0xF0, 0xFF, 0xFF, 0xFF, 0xFF,
    0xFF, 0xFF, 0xFF, 0xFF, 0x0F, 0x87, 0xC2, 0xF0, 0x0F, 0x83, 0xC2, 0xF0, 0x0F, 0x83, 0xD2, 0xF0,
    0xFF, 0xFF, 0xFF, 0xFF, 0xFF, 0xFF, 0xFF, 0xFF, 0x0F, 0x80, 0xF6, 0xF0, 0x0F, 0x80, 0xBA, 0xF0,
    0x0F, 0x80, 0x3E, 0xF0, 0x0F, 0x80, 0x2F, 0xF0, 0x0F, 0x80, 0x1F, 0xF0, 0x0F, 0x80, 0x0F, 0xF0,
    0x0F, 0x80, 0x0B, 0xF0, 0xFF, 0xFD, 0x00, 0x00, 0x00, 0xFF, 0xFF, 0xD0, 0x00, 0x00, 0xF8, 0x1B,
    0xF0, 0x00, 0x00, 0xF8, 0x01, 0xF8, 0x00, 0x00, 0xF8, 0x00, 0xFC, 0x00, 0x00, 0xF8, 0x00, 0xBC,
    0x01, 0x00, 0xF8, 0x00, 0xBC, 0x0F, 0x00, 0xF8, 0x00, 0xFC, 0x1F, 0x00, 0xF8, 0x01, 0xF8, 0x3F,
    0x00, 0xF8, 0x0B, 0xF3, 0xFF, 0xFC, 0xFF, 0xFF, 0xC3, 0xFF, 0xFC, 0xFF, 0xFD, 0x00, 0x2F, 0x00,
    0xF8, 0x00, 0x00, 0x2F, 0x00, 0xF8, 0x00, 0x00, 0x2F, 0x00, 0xF8, 0x00, 0x00, 0x2F, 0x00, 0xF8,
    0x00, 0x00, 0x2F, 0x00, 0xF8, 0x00, 0x00, 0x2F, 0x00, 0xF8, 0x00, 0x00, 0x2F, 0x00, 0xF8, 0x00,
    0x00, 0x1F, 0x80, 0xF8, 0x00, 0x00, 0x0F, 0xFE, 0xF8, 0x00, 0x00, 0x03, 0xFD, 0xFF, 0xFD, 0x00,
    0x00, 0x00, 0x3F, 0xFF, 0xF0, 0x00, 0x00, 0x0F, 0x80, 0xBF, 0x00, 0x00, 0x03, 0xE0, 0x0B, 0xD0,
    0x00, 0x00, 0xF8, 0x00, 0xF8, 0x00, 0x00, 0x3E, 0x00, 0x3E, 0x02, 0xFF, 0x4F, 0x80, 0x0F, 0x83,
    0xFF, 0xF7, 0xE0, 0x03, 0xD2, 0xF4, 0x2C, 0xF8, 0x02, 0xF0, 0xF8, 0x00, 0x3E, 0x02, 0xF8, 0x3E,
    0x00, 0x0F, 0xFF, 0xF8, 0x0F, 0xD0, 0x03, 0xFF, 0xF8, 0x01, 0xFE, 0x00, 0xF8, 0x2F, 0x00, 0x1F,
    0xF4, 0x3E, 0x03, 0xD0, 0x00, 0xBF, 0x8F, 0x80, 0xFC, 0x00, 0x07, 0xF3, 0xE0, 0x1F, 0x40, 0x00,
    0x7E, 0xF8, 0x03, 0xE0, 0x00, 0x0F, 0xBE, 0x00, 0xBC, 0x00, 0x03, 0xEF, 0x80, 0x0F, 0x8E, 0x47,
    0xF7, 0xE0, 0x03, 0xF3, 0xFF, 0xF8, 0xF8, 0x00, 0x7D, 0x7F, 0xF4, 0x00, 0xB8, 0x00, 0xFC, 0x00,
    0xBA, 0xF0, 0x03, 0xF0, 0x03, 0xE7, 0xC0, 0x1F, 0xD0, 0x0F, 0x4F, 0x00, 0x7B, 0x80, 0x3C, 0x3D,
    0x02, 0xDE, 0x01, 0xF0, 0xF4, 0x0F, 0x3C, 0x07, 0xC2, 0xE0, 0x3C, 0xF0, 0x2E, 0x07, 0xC0, 0xF2,
    0xD0, 0xB4, 0x1F, 0x07, 0x8B, 0x83, 0xD3, 0xFF, 0xFF, 0xFF, 0xFF, 0xFF, 0xFF, 0xFF, 0xFF, 0xFF,
    0xC3, 0xD3, 0xC0, 0xF1, 0xF0, 0x0B, 0x8F, 0x03, 0xC7, 0x80, 0x1E, 0x3C, 0x0B, 0x6D, 0x00, 0x3D,
    0xE0, 0x1D, 0xB4, 0x00, 0xFB, 0x40, 0x7B, 0xC0, 0x03, 0xED, 0x00, 0xFF, 0x00, 0x0B, 0xF0, 0x03,
    0xFC, 0x00, 0x2F, 0xC0, 0x0F, 0xE0, 0x00, 0x7E, 0x00, 0x2F, 0x80, 0x00, 0xF8, 0x00, 0x7D, 0x00,
    0xFF, 0xFF, 0xE0, 0x00, 0xFB, 0xFF, 0xFF, 0xF0, 0x03, 0xEF, 0x80, 0x1B, 0xF0, 0x0F, 0xBE, 0x00,
    0x0B, 0xD0, 0x3E, 0xF8, 0x00, 0x0F, 0xC0, 0xFB, 0xE0, 0xF8, 0x3F, 0x03, 0xEF, 0x83, 0xE0, 0xBC,
    0x0F, 0xBE, 0x0F, 0x82, 0xF0, 0x3E, 0xF8, 0x3E, 0x0B, 0xC0, 0xFB, 0xE0, 0xF8, 0x2F, 0x03, 0xEF,
    0x83, 0xE0, 0xBC, 0x0F, 0xBE, 0x0F, 0x82, 0xF0, 0x3E, 0xF8, 0x3E, 0x0B, 0xC0, 0xFB, 0xE0, 0xF8,
    0x2F, 0x03, 0xEF, 0x83, 0xE0, 0xBC, 0x0F, 0xBE, 0x0F, 0x81, 0xA0, 0x3E, 0xF8, 0x3E, 0x00, 0x01,
    0xF7, 0xE0, 0xF8, 0x00, 0x0F, 0xCF, 0x83, 0xE0, 0x01, 0xFE, 0x3E, 0x0F, 0xFF, 0xFF, 0xE0, 0xF8,
    0x3F, 0xFF, 0xF8, 0x00, 0x00, 0x00, 0x02, 0xF0, 0x00, 0x00, 0x02, 0xF0, 0x00, 0x3F, 0xFF, 0xFF,
    0x00, 0x3F, 0xFF, 0xFF, 0x00, 0x00, 0x02, 0xF0, 0x00, 0x00, 0x02, 0xF0, 0x01, 0xBF, 0x92, 0xF0,
    0x0B, 0xFF, 0xFA, 0xF0, 0x2F, 0xD0, 0x7F, 0xF0, 0x3F, 0x00, 0x0B, 0xF0, 0xBD, 0x00, 0x03, 0xF0,
    0xFC, 0x00, 0x03, 0xF0, 0xFC, 0x00, 0x02, 0xF0, 0xF8, 0x00, 0x02, 0xF0, 0xF8, 0x00, 0x02, 0xF0,
    0xF8, 0x00, 0x02, 0xF0, 0xFC, 0x00, 0x03, 0xF0, 0xBC, 0x00, 0x03, 0xF0, 0x3F, 0x00, 0x0B, 0xF0,
    0x2F, 0xD0, 0x7F, 0xF0, 0x0B, 0xFF, 0xF5, 0xF0, 0x01, 0xBF, 0x81, 0xF0, 0x00, 0x00, 0x00, 0x00,
    0x00, 0x00, 0x00, 0x00, 0x0F, 0xFF, 0xFF, 0xFC, 0x0F, 0xFF, 0xFF, 0xFC, 0x00, 0x00, 0x00, 0x00,
    0x00, 0x02, 0xFF, 0xE4, 0x00, 0x2F, 0xFF, 0xFD, 0x00, 0xBF, 0x40, 0x7C, 0x01, 0xF8, 0x00, 0x00,
    0x03, 0xF0, 0x00, 0x00, 0x07, 0xD0, 0x00, 0x00, 0x0B, 0xC0, 0x00, 0x00, 0xFF, 0xFF, 0xFF, 0x00,
    0xFF, 0xFF, 0xFF, 0x00, 0x0F, 0x80, 0x00, 0x00, 0x0F, 0x80, 0x00, 0x00, 0x0F, 0x80, 0x00, 0x00,
    0xFF, 0xFF, 0xFC, 0x00, 0xFF, 0xFF, 0xFC, 0x00, 0x0B, 0xC0, 0x00, 0x00, 0x07, 0xD0, 0x00, 0x00,
    0x03, 0xF0, 0x00, 0x00, 0x01, 0xF8, 0x00, 0x00, 0x00, 0xBF, 0x40, 0x6C, 0x00, 0x2F, 0xFF, 0xFC,
    0x00, 0x02, 0xFF, 0xE4, 0x0B, 0xC0, 0x00, 0x3F, 0x02, 0xF0, 0x00, 0x3F, 0x00, 0xBC, 0x00, 0x2F,
    0x40, 0x2F, 0x00, 0x1F, 0x40, 0x0B, 0xC0, 0x1F, 0x80, 0x02, 0xF0, 0x0F, 0x80, 0x00, 0xBC, 0x0F,
    0xC0, 0x00, 0x2F, 0x0F, 0xC0, 0x00, 0x0B, 0xCB, 0xC0, 0x00, 0x3F, 0xFF, 0xFF, 0xFF, 0x0F, 0xFF,
    0xFF, 0xFF, 0xC0, 0x2F, 0xDF, 0xC0, 0x00, 0x0B, 0xD0, 0xF8, 0x00, 0x02, 0xF0, 0x2F, 0x40, 0x00,
    0xBC, 0x03, 0xF0, 0x00, 0x2F, 0x00, 0x3F, 0x00, 0x0B, 0xC0, 0x07, 0xD0, 0x02, 0xF0, 0x00, 0xBC,
    0x00, 0xBC, 0x00, 0x0F, 0xC0, 0x2F, 0x00, 0x01, 0xF8, 0x0B, 0xC0, 0x00, 0x2F, 0x40, 0xFF, 0xFF,
    0xFF, 0xFF, 0xFF, 0xFF, 0xFF, 0xFF, 0x00, 0x0B, 0xC0, 0x00, 0x00, 0x0B, 0xC0, 0x00, 0x00, 0x0B,
    0xC0, 0x00, 0x00, 0x0B, 0xC2, 0xD0, 0x00, 0x0B, 0xDF, 0xD0, 0x00, 0x0B, 0xFE, 0x00, 0x00, 0x0F,
    0xF4, 0x00, 0x00, 0x3F, 0xC0, 0x00, 0x01, 0xFF, 0xC1, 0xC0, 0x0B, 0xDB, 0xCB, 0xE0, 0x07, 0x0B,
    0xFF, 0x40, 0x00, 0x0B, 0xF8, 0x00, 0x00, 0x2F, 0xD0, 0x00, 0x00, 0xFF, 0xC0, 0x00, 0x07, 0xEB,
    0xC0, 0x00, 0x0B, 0x4B, 0xC0, 0x00, 0x00, 0x0B, 0xC0, 0x00, 0x00, 0x0B, 0xC0, 0x00, 0x00, 0x0B,
    0xC0, 0x00, 0x1B, 0xFF, 0xE0, 0x00, 0x00, 0x00, 0x03, 0xFF, 0xFF, 0xF8, 0x00, 0x00, 0x00, 0x07,
    0x90, 0x17, 0xFC, 0x00, 0x00, 0x00, 0x00, 0x00, 0x01, 0xFC, 0x00, 0x00, 0x00, 0x00, 0xB8, 0x01,
    0xF8, 0x00, 0x00, 0x00, 0x03, 0xD0, 0x03, 0xF0, 0x00, 0x00, 0x00, 0x0F, 0x40, 0x07, 0xD0, 0x00,
    0x00, 0x00, 0x7C, 0x00, 0x0F, 0x80, 0x00, 0x00, 0x02, 0xF0, 0x00, 0x3E, 0x00, 0x00, 0x00, 0x0F,
    0x80, 0x00, 0xF8, 0x00, 0x00, 0x00, 0x3D, 0x00, 0x03, 0xE0, 0x00, 0x00, 0x01, 0xF0, 0x00, 0x1F,
    0x40, 0x7F, 0xE0, 0x0B, 0xC0, 0x00, 0xBC, 0x0B, 0xFF, 0xF0, 0x2F, 0x00, 0x03, 0xF0, 0x7E, 0x0B,
    0xD0, 0xF8, 0x00, 0x1F, 0x83, 0xE0, 0x0F, 0x83, 0xD0, 0x00, 0xFC, 0x1F, 0x00, 0x3E, 0x1F, 0x00,
    0x0F, 0xD0, 0xBC, 0x00, 0xF8, 0xBC, 0x01, 0xFE, 0x02, 0xE0, 0x0B, 0xC3, 0xF5, 0xBF, 0xE0, 0x0F,
    0xD0, 0xBE, 0x0F, 0xFF, 0xFC, 0x00, 0x3F, 0xFF, 0xF0, 0x3F, 0xFE, 0x00, 0x01, 0xF7, 0xFD, 0x00,
    0x00, 0x00, 0x00, 0x0B, 0xC0, 0x00, 0x00, 0x00, 0x00, 0x00, 0x3E, 0x00, 0x00, 0x00, 0x00, 0x00,
    0x00, 0xF8, 0x00, 0x00, 0x00, 0x00, 0x00, 0x03, 0xD0, 0x00, 0x00, 0x00, 0x00, 0x00, 0x1F, 0x00,
    0x00, 0x00, 0x00, 0x00, 0x00, 0xBC, 0x00, 0x00, 0x00, 0x00, 0x00, 0x03, 0xE0, 0x00, 0x00, 0x00,
    0x00, 0x2F, 0xD0, 0x00, 0x03, 0xFF, 0xC0, 0x00, 0x2F, 0x5F, 0x80, 0x00, 0xFC, 0x3F, 0x00, 0x03,
    0xE0, 0xBC, 0x00, 0x0F, 0x82, 0xF0, 0x00, 0x3F, 0x0F, 0x80, 0x00, 0xBC, 0x3D, 0x00, 0x01, 0xF0,
    0xF0, 0x00, 0x03, 0xD7, 0x80, 0x00, 0x0B, 0xBC, 0x00, 0x00, 0x1F, 0xE0, 0x00, 0x00, 0x3F, 0x00,
    0x00, 0x00, 0xBC, 0x00, 0x0C, 0x03, 0xF0, 0x00, 0xB8, 0x2F, 0xE0, 0x03, 0xF5, 0xF7, 0xC0, 0x2F,
    0xFF, 0x4F, 0x41, 0xF3, 0xF8, 0x2F, 0x0F, 0x83, 0xC0, 0x7C, 0x7C, 0x09, 0x00, 0xF8, 0x00, 0x00,
    0x03, 0xF0, 0x00, 0x00, 0x0B, 0xC0, 0x00, 0x00, 0x2F, 0x00, 0x00, 0x00, 0xFC, 0x00, 0x00, 0x47,
    0xE0, 0x00, 0x07, 0xFF, 0x00, 0x00, 0x0F, 0xE0, 0x0B, 0xFF, 0xE4, 0x00, 0x0B, 0xFF, 0xFF, 0x00,
    0x0B, 0xC0, 0x6F, 0xC0, 0x0B, 0xC0, 0x0B, 0xD0, 0xFF, 0xFF, 0xFF, 0xFF, 0xFF, 0xFF, 0xFF, 0xFF,
    0x0B, 0xC0, 0x02, 0xF0, 0x0B, 0xC0, 0x02, 0xF0, 0xFF, 0xFF, 0xFF, 0xFF, 0xFF, 0xFF, 0xFF, 0xFF,
    0x0B, 0xC0, 0x0B, 0xD0, 0x0B, 0xC0, 0x6F, 0x80, 0x0B, 0xFF, 0xFF, 0x00, 0x0B, 0xFF, 0xF4, 0x00,
    0x0B, 0xC0, 0x00, 0x00, 0x0B, 0xC0, 0x00, 0x00, 0x0B, 0xC0, 0x00, 0x00, 0x0B, 0xC0, 0x00, 0x00,
    0x0B, 0xC0, 0x00, 0x00, 0x0B, 0xC0, 0x00, 0x00, 0x0B, 0xC0, 0x00, 0x00, 0x00, 0x00, 0x3C, 0x00,
    0x00, 0x01, 0xBF, 0xFE, 0x40, 0x07, 0xFF, 0xFF, 0xF8, 0x0F, 0xF9, 0xF1, 0xBC, 0x0F, 0xE0, 0x3C,
    0x00, 0x07, 0xE0, 0x0F, 0x00, 0x03, 0xF0, 0x03, 0xC0, 0x01, 0xF4, 0x00, 0xF0, 0x00, 0xBC, 0x00,
    0x3C, 0x00, 0x3F, 0x00, 0x0F, 0x00, 0x0F, 0x80, 0x03, 0xC0, 0x03, 0xE0, 0x00, 0xFF, 0xFF, 0xF8,
    0x00, 0x3F, 0xFF, 0xFF, 0x00, 0x0F, 0x02, 0xFB, 0xC0, 0x03, 0xC0, 0xBD, 0xF4, 0x00, 0xF0, 0x2F,
    0x3F, 0x00, 0x3C, 0x0B, 0xCB, 0xD0, 0x0F, 0x02, 0xF0, 0xFE, 0x03, 0xC0, 0xBC, 0x0F, 0xF9, 0xF1,
    0x7F, 0x00, 0xFF, 0xFF, 0xFF, 0xC0, 0x02, 0xFF, 0xFE, 0x40, 0x00, 0x03, 0xC0, 0x00, 0x00, 0x00,
    0xF0, 0x00, 0x00, 0x00, 0xFC, 0x00, 0x00, 0x00, 0x07, 0xF4, 0x00, 0x00, 0x00, 0x3F, 0xE0, 0x00,
    0x00, 0x00, 0xFF, 0xC0, 0x00, 0x00, 0x07, 0xDF, 0x40, 0x00, 0x00, 0x3F, 0x3E, 0x00, 0x00, 0x00,
    0xF4, 0xBC, 0x00, 0x00, 0x07, 0xC0, 0xF4, 0x00, 0x3F, 0xFF, 0xFF, 0xFF, 0xF0, 0xFF, 0xFF, 0xFF,
    0xFF, 0xC0, 0x0B, 0xC0, 0x0F, 0x80, 0x00, 0x3E, 0x00, 0x2F, 0x00, 0x3F, 0xFF, 0xFF, 0xFF, 0xF0,
    0xFF, 0xFF, 0xFF, 0xFF, 0xC0, 0x3E, 0x00, 0x03, 0xF0, 0x01, 0xF4, 0x00, 0x07, 0xD0, 0x0B, 0xC0,
    0x00, 0x0F, 0x80, 0x3E, 0x00, 0x00, 0x2F, 0x01, 0xF4, 0x00, 0x00, 0x7D, 0x0F, 0xC0, 0x00, 0x00,
    0xF8, 0x3E, 0x00, 0x00, 0x02, 0xF0, 0x01, 0xBF, 0xF9, 0x00, 0x3F, 0xFF, 0xFE, 0x00, 0xB9, 0x01,
    0xFD, 0x00, 0x00, 0x00, 0xFC, 0x00, 0x00, 0x02, 0xF0, 0x00, 0x00, 0x0B, 0xC0, 0x00, 0x00, 0x3F,
    0x3F, 0xFF, 0xFF, 0xFF, 0xFF, 0xFF, 0xFF, 0xFC, 0x00, 0x1B, 0xF8, 0x00, 0x2F, 0xE4, 0x00, 0x3F,
    0xFF, 0xFF, 0xFF, 0xFF, 0xFF, 0xFF, 0xFC, 0xFC, 0x00, 0x00, 0x03, 0xE0, 0x00, 0x00, 0x0F, 0x80,
    0x00, 0x00, 0x3F, 0x00, 0x00, 0x00, 0xBD, 0x00, 0x00, 0x40, 0xFE, 0x40, 0x6F, 0x01, 0xFF, 0xFF,
    0xFC, 0x00, 0x6F, 0xFE, 0x40, 0x00, 0x00, 0x3C, 0x00, 0x00, 0x06, 0xFF, 0xE4, 0x00, 0xBF, 0xFF,
    0xFE, 0x03, 0xFE, 0x7C, 0x6C, 0x0F, 0xE0, 0x3C, 0x00, 0x1F, 0x80, 0x3C, 0x00, 0x3F, 0x00, 0x3C,
    0x00, 0x7D, 0x00, 0x3C, 0x00, 0xBC, 0x00, 0x3C, 0x00, 0xFC, 0x00, 0x3C, 0x00, 0xF8, 0x00, 0x3C,
    0x00, 0xF8, 0x00, 0x3C, 0x00, 0xF8, 0x00, 0x3C, 0x00, 0xFC, 0x00, 0x3C, 0x00, 0xBC, 0x00, 0x3C,
    0x00, 0xBD, 0x00, 0x3C, 0x00, 0x3F, 0x00, 0x3C, 0x00, 0x2F, 0x80, 0x3C, 0x00, 0x0F, 0xE0, 0x3C,
    0x00, 0x07, 0xFE, 0x7C, 0x5C, 0x01, 0xFF, 0xFF, 0xFC, 0x00, 0x1B, 0xFF, 0xE4, 0x00, 0x00, 0x3C,
    0x00, 0x00, 0x00, 0x3C, 0x00, 0x03, 0x80, 0x0E, 0x00, 0x01, 0xE0, 0x07, 0x80, 0x00, 0xB8, 0x02,
    0xE0, 0x01, 0xBF, 0xFF, 0xFF, 0xFC, 0xFF, 0xFF, 0xFF, 0xFF, 0x03, 0xE0, 0x5F, 0x80, 0x00, 0xF8,
    0x03, 0xE0, 0x00, 0x3E, 0x00, 0xF8, 0x00, 0x0F, 0x80, 0x3E, 0x00, 0x03, 0xE0, 0x0F, 0x80, 0x00,
    0xF8, 0x03, 0xE0, 0x00, 0x3E, 0x00, 0xF8, 0x00, 0x0F, 0x80, 0x3E, 0x00, 0x03, 0xE0, 0x0F, 0x80,
    0x00, 0xF8, 0x03, 0xE0, 0x00, 0x3E, 0x00, 0xFC, 0x00, 0x0F, 0x80, 0x2F, 0x81, 0x03, 0xE0, 0x03,
    0xFF, 0xE0, 0xF8, 0x00, 0x2F, 0xF4, 0x00, 0x00, 0x06, 0xFF, 0x90, 0x00, 0x00, 0x3F, 0xFF, 0xFD,
    0x00, 0x00, 0xFE, 0x41, 0xBC, 0x00, 0x02, 0xF4, 0x00, 0x00, 0x00, 0x03, 0xF0, 0x00, 0x00, 0x00,
    0x03, 0xE0, 0x00, 0x00, 0x00, 0x03, 0xF0, 0x00, 0x00, 0x00, 0x02, 0xF8, 0x00, 0x00, 0x00, 0x00,
    0xFF, 0x40, 0x00, 0x00, 0x00, 0x2F, 0xF8, 0x00, 0x00, 0x00, 0x02, 0xFF, 0x80, 0x00, 0x00, 0x00,
    0x1F, 0xF4, 0x00, 0x00, 0x00, 0x01, 0xFC, 0x00, 0x00, 0x00, 0x00, 0x3E, 0x2F, 0x6F, 0xD7, 0xF8,
    0x3F, 0x33, 0xE1, 0xFC, 0x1E, 0x2F, 0x37, 0xC0, 0xF0, 0x0F, 0x3F, 0x3F, 0xC0, 0xF0, 0x0F, 0xBE,
    0x0F, 0xF9, 0xF0, 0x1F, 0xFC, 0x03, 0xFF, 0xFF, 0xFF, 0xE0, 0x03, 0xDA, 0xFF, 0xFF, 0x00, 0x03,
    0xC0, 0xF0, 0x0F, 0x00, 0x03, 0xC0, 0xF0, 0x0F, 0x00, 0xFF, 0xFF, 0xFF, 0xFF, 0xFF, 0xFF, 0xFF,
    0xF0, 0x00, 0x00, 0x00, 0x00, 0x00, 0x00, 0x00, 0x00, 0x00, 0x00, 0x03, 0xFF, 0xFF, 0xFF, 0xFF,
    0xFF, 0xFF, 0xFF, 0xC0, 0x03, 0xE0, 0x00, 0x00, 0x0F, 0x80, 0x00, 0x00, 0x3E, 0x00, 0x00, 0x00,
    0xF8, 0x00, 0x00, 0x03, 0xE0, 0x00, 0x00, 0x0F, 0x80, 0x00, 0x00, 0x3E, 0x00, 0x00, 0x00, 0xF8,
    0x00, 0x00, 0x03, 0xE0, 0x00, 0x00, 0x0F, 0x80, 0x00, 0x00, 0x3E, 0x00, 0x00, 0x00, 0xF8, 0x00,
    0x00, 0x03, 0xE0, 0x00, 0x00, 0x0F, 0x80, 0x00, 0xAA, 0xAA, 0xAA, 0xFF, 0xFF, 0xFF, 0xAB, 0xFE,
    0xAA, 0x00, 0xBD, 0x00, 0x00, 0x3F, 0x00, 0x55, 0x6F, 0x55, 0xFF, 0xFF, 0xFF, 0x55, 0x6F, 0x95,
    0x00, 0x2F, 0x00, 0x00, 0x7E, 0x00, 0xAB, 0xF8, 0x00, 0xFF, 0x90, 0x00, 0x7C, 0x00, 0x00, 0x3F,
    0x00, 0x00, 0x1F, 0x40, 0x00, 0x0B, 0xC0, 0x00, 0x03, 0xE0, 0x00, 0x02, 0xF4, 0x00, 0x00, 0xFC,
    0x00, 0x00, 0x7E, 0x00, 0x00, 0x3F, 0x00, 0x03, 0xE0, 0x00, 0x00, 0x0F, 0x80, 0x00, 0x00, 0x3E,
    0x00, 0x40, 0x00, 0xF8, 0x6F, 0x40, 0x03, 0xFF, 0xF8, 0x00, 0x2F, 0xF8, 0x00, 0x0F, 0xFE, 0x00,
    0x00, 0x39, 0xF8, 0x1F, 0x40, 0x03, 0xFB, 0xF8, 0x00, 0x1F, 0xFD, 0x00, 0x0B, 0xFF, 0x00, 0x05,
    0x7E, 0xF8, 0x00, 0x2F, 0x03, 0xE0, 0x00, 0xFC, 0x0F, 0x80, 0x03, 0xE0, 0x3E, 0x00, 0x0F, 0x40,
    0xF8, 0x00, 0xBC, 0x03, 0xE0, 0x03, 0xE0, 0x0F, 0x80, 0x7F, 0x00, 0x3E, 0x5B, 0xF4, 0x00, 0xFF,
    0xFF, 0x00, 0x03, 0xFF, 0x90, 0x00, 0x1F, 0xE0, 0x00, 0x00, 0x00, 0x07, 0xFF, 0xC0, 0x00, 0x00,
    0x00, 0xF4, 0x7E, 0x00, 0x00, 0x00, 0x0F, 0x03, 0xF0, 0x00, 0x00, 0x00, 0xF4, 0x2F, 0x00, 0x00,
    0x00, 0x07, 0xFF, 0xFF, 0xFF, 0xFF, 0x80, 0x1F, 0xFF, 0xFF, 0xFF, 0xFF, 0x40, 0x02, 0xF0, 0x00,
    0x01, 0xBC, 0x00, 0x2F, 0x00, 0x00, 0x02, 0xD0, 0x02, 0xF0, 0x00, 0x00, 0x0E, 0x00, 0x2F, 0x0A,
    0x03, 0x00, 0xF0, 0x02, 0xF2, 0xF9, 0xFC, 0x0F, 0x00, 0x2F, 0xFB, 0xFE, 0xF2, 0xE0, 0x01, 0xFD,
    0x0F, 0x4B, 0xFD, 0x00, 0x1F, 0x80, 0x60, 0x2F, 0x40, 0x07, 0xF8, 0x00, 0x00, 0x00, 0x01, 0xFF,
    0xC0, 0x00, 0x00, 0x00, 0x0C, 0x3F, 0x00, 0x00, 0x00, 0x00, 0x02, 0xFD, 0x01, 0x50, 0x00, 0x00,
    0x07, 0xFF, 0xFD, 0x00, 0x00, 0x00, 0x0B, 0xFF, 0x90, 0x00, 0x00, 0x00, 0xBC, 0x00, 0x00, 0x00,
    0x00, 0xBC, 0x00, 0x00, 0x00, 0x00, 0xBC, 0x00, 0x00, 0x00, 0x00, 0xBC, 0x00, 0x00, 0x00, 0x00,
    0xBC, 0x00, 0x00, 0x00, 0x00, 0xBC, 0x00, 0x00, 0x00, 0x6F, 0xFF, 0xE4, 0x00, 0x03, 0xFF, 0xFF,
    0xFF, 0x40, 0x0F, 0xF4, 0xBC, 0x6F, 0xC0, 0x2F, 0x80, 0xBC, 0x07, 0xF0, 0x3F, 0x00, 0xBC, 0x02,
    0xF4, 0x7D, 0x00, 0xBC, 0x00, 0xFC, 0xBC, 0x00, 0xBC, 0x00, 0xBC, 0xFC, 0x00, 0xBC, 0x00, 0xBC,
    0xF8, 0x00, 0xBC, 0x00, 0x7D, 0xF8, 0x00, 0xBC, 0x00, 0x7D, 0xF8, 0x00, 0x00, 0x00, 0x7D, 0xF8,
    0x00, 0x00, 0x00, 0x7D, 0xF8, 0x00, 0x00, 0x00, 0x7D, 0xF8, 0x00, 0x00, 0x00, 0x7D, 0xF8, 0x00,
    0x00, 0x00, 0x7D, 0x03, 0xFF, 0xFE, 0x40, 0x03, 0xFF, 0xFF, 0xF0, 0x03, 0xE0, 0x06, 0xFC, 0x03,
    0xE0, 0x00, 0x7E, 0x03, 0xE0, 0x00, 0x3F, 0x03, 0xE0, 0x00, 0x2F, 0x03, 0xE0, 0x00, 0x2F, 0x03,
    0xE0, 0x00, 0x3F, 0x03, 0xE0, 0x00, 0x7D, 0x03, 0xE0, 0x06, 0xFC, 0xBF, 0xFF, 0xFF, 0xF0, 0xBF,
    0xFF, 0xFE, 0x40, 0x03, 0xE4, 0x00, 0x00, 0x03, 0xE0, 0x00, 0x00, 0x03, 0xE0, 0x00, 0x00, 0xBF,
    0xFF, 0xF4, 0x00, 0xBF, 0xFF, 0xF4, 0x00, 0x03, 0xE0, 0x00, 0x00, 0x03, 0xE0, 0x00, 0x00, 0x03,
    0xE0, 0x00, 0x00, 0x03, 0xE0, 0x00, 0x00, 0x00, 0x06, 0x02, 0x40, 0x00, 0x00, 0x3C, 0x0F, 0x00,
    0x00, 0x01, 0xFF, 0xFC, 0x00, 0x00, 0x3F, 0xFF, 0xFE, 0x00, 0x07, 0xFF, 0x03, 0xFF, 0x00, 0x3F,
    0x3C, 0x0F, 0x7E, 0x02, 0xF0, 0xF0, 0x3C, 0xBD, 0x0F, 0x83, 0xC0, 0xF0, 0xFC, 0xBC, 0x0F, 0x03,
    0xC2, 0xF3, 0xF0, 0x3C, 0x0F, 0x07, 0xDF, 0xC0, 0xF0, 0x3C, 0x0F, 0xBE, 0x03, 0xC0, 0xF0, 0x3E,
    0xF8, 0x0A, 0x02, 0x80, 0xA7, 0xE0, 0x00, 0x00, 0x00, 0x0F, 0xC0, 0x00, 0x00, 0x00, 0x2F, 0x00,
    0x00, 0x00, 0x00, 0x3D, 0x00, 0x00, 0x00, 0x00, 0xFC, 0x00, 0x00, 0x00, 0x00, 0xF8, 0x00, 0x00,
    0x00, 0x01, 0xF8, 0x00, 0x00, 0x00, 0x01, 0xFD, 0x00, 0x00, 0x00, 0xFF, 0xFF, 0xFF, 0xFF, 0x03,
    0xFF, 0xFF, 0xFF, 0xFC, 0x00, 0x03, 0xC3, 0xC0, 0x00, 0xF0, 0xF0, 0x00, 0x3C, 0x3C, 0x03, 0xFF,
    0xFF, 0x00, 0xFF, 0xFF, 0xF8, 0x3E, 0x55, 0xBF, 0x4F, 0x80, 0x07, 0xF3, 0xE0, 0x00, 0xFC, 0xF8,
    0x00, 0x2F, 0x3E, 0x00, 0x0F, 0xCF, 0x80, 0x03, 0xE3, 0xE0, 0x07, 0xF0, 0xFF, 0xFF, 0xE0, 0x3F,
    0xFF, 0xFD, 0x0F, 0x80, 0x1F, 0xE3, 0xE0, 0x00, 0xBC, 0xF8, 0x00, 0x0F, 0xBE, 0x00, 0x03, 0xEF,
    0x80, 0x00, 0xFB, 0xE0, 0x00, 0x7E, 0xF8, 0x00, 0x3F, 0x3E, 0x00, 0x7F, 0x8F, 0xFF, 0xFF, 0x83,
    0xFF, 0xFF, 0x40, 0x03, 0xC3, 0xC0, 0x00, 0xF0, 0xF0, 0x00, 0x3C, 0x3C, 0x00, 0x00, 0xBF, 0xE4,
    0x07, 0xFF, 0xFC, 0x1F, 0xD0, 0x68, 0x3F, 0x00, 0x00, 0x7D, 0x00, 0x00, 0xFC, 0x00, 0x00, 0xFC,
    0x00, 0x00, 0xF8, 0x00, 0x00, 0xF8, 0x00, 0x00, 0xFC, 0x00, 0x00, 0xFC, 0x00, 0x00, 0xBD, 0x00,
    0x00, 0x3F, 0x00, 0x00, 0x2F, 0xD0, 0x5C, 0x0B, 0xFF, 0xFC, 0x00, 0xBF, 0xE4, 0x00, 0x00, 0x00,
    0x00, 0x00, 0x00, 0xFF, 0xFF, 0xFC, 0xFF, 0xFF, 0xFC, 0x00, 0x00, 0x00, 0x0B, 0xFF, 0xFF, 0xFF,
    0xBF, 0xFF, 0xFF, 0xF0, 0x00, 0x00, 0x00, 0x20, 0x00, 0x00, 0x00, 0x00, 0x00, 0x03, 0xF0, 0x00,
    0x00, 0x00, 0x00, 0x00, 0x3F, 0xF0, 0x00, 0x00, 0x00, 0x00, 0x03, 0xFF, 0xF0, 0x00, 0x00, 0x00,
    0x00, 0x3F, 0xFF, 0xF0, 0x00, 0x00, 0x00, 0x03, 0xFE, 0xAF, 0xF0, 0x00, 0x00, 0x00, 0x3E, 0x40,
    0x07, 0xF0, 0x00, 0x00, 0x03, 0xF0, 0x00, 0x03, 0xF0, 0x00, 0x00, 0x3F, 0xD0, 0x64, 0x0B, 0xF0,
    0x00, 0x03, 0xFF, 0xEF, 0xF0, 0x1F, 0xF0, 0x00, 0x3F, 0xFF, 0xFF, 0xC0, 0xBF, 0xF0, 0x03, 0xFF,
    0xFF, 0xFE, 0x03, 0xFF, 0xF0, 0x3F, 0xFF, 0xFF, 0xE0, 0x1F, 0xFF, 0xF2, 0xFF, 0xFF, 0xFE, 0x01,
    0xFF, 0xFF, 0xE2, 0xFF, 0xFF, 0xF0, 0x2F, 0xFF, 0xFF, 0x02, 0xFF, 0xFF, 0x81, 0xFF, 0xFF, 0xF0,
    0x02, 0xFF, 0xFD, 0x0B, 0xFF, 0xFF, 0x00, 0x02, 0xFF, 0xFF, 0xFF, 0xFF, 0xF0, 0x00, 0x02, 0xFF,
    0xFF, 0xFF, 0xFF, 0x00, 0x00, 0x02, 0xFF, 0x81, 0xFF, 0xF0, 0x00, 0x00, 0x02, 0xFC, 0x03, 0xFF,
    0x00, 0x00, 0x00, 0x02, 0xF0, 0x0F, 0xF0, 0x00, 0x00, 0x00, 0x02, 0xF4, 0xBF, 0x00, 0x00, 0x00,
    0x00, 0x02, 0xFF, 0xF0, 0x00, 0x00, 0x00, 0x00, 0x02, 0xFF, 0x00, 0x00, 0x00, 0x00, 0x00, 0x02,
    0xF0, 0x00, 0x00, 0x00, 0x00, 0x00, 0x02, 0x00, 0x00, 0x00, 0x00,
};

static const EpdGlyph notosans_14_regularGlyphs[] = {
    { 0, 0, 0, 0, 0, 0, 0 }, //  
    { 0, 0, 8, 0, 0, 0, 0 }, // 
    { 0, 0, 8, 0, 0, 0, 0 }, //  
    { 4, 21, 8, 2, 21, 21, 0 }, // !
    { 9, 8, 12, 1, 21, 18, 21 }, // "
    { 17, 21, 19, 1, 21, 90, 39 }, // #
    { 13, 24, 17, 2, 22, 78, 129 }, // $
    { 22, 21, 24, 1, 21, 116, 207 }, // %
    { 21, 21, 22, 2, 21, 111, 323 }, // &
    { 4, 8, 7, 1, 21, 8, 434 }, // '
    { 7, 26, 9, 1, 21, 46, 442 }, // (
    { 8, 26, 9, 0, 21, 52, 488 }, // )
    { 14, 14, 16, 1, 22, 49, 540 }, // *
    { 14, 14, 17, 1, 17, 49, 589 }, // +
    { 5, 7, 8, 1, 3, 9, 638 }, // ,
    { 7, 3, 9, 1, 10, 6, 647 }, // -
    { 4, 4, 8, 2, 4, 4, 653 }, // .
    { 11, 21, 11, 0, 21, 58, 657 }, // /
    { 14, 21, 17, 1, 21, 74, 715 }, // 0
    { 9, 21, 17, 2, 21, 48, 789 }, // 1
    { 14, 21, 17, 1, 21, 74, 837 }, // 2
    { 14, 21, 17, 1, 21, 74, 911 }, // 3
    { 16, 21, 17, 1, 21, 84, 985 }, // 4
    { 14, 21, 17, 1, 21, 74, 1069 }, // 5
    { 14, 21, 17, 2, 21, 74, 1143 }, // 6
    { 14, 21, 17, 1, 21, 74, 1217 }, // 7
    { 14, 21, 17, 1, 21, 74, 1291 }, // 8
    { 14, 21, 17, 1, 21, 74, 1365 }, // 9
    { 4, 16, 8, 2, 16, 16, 1439 }, // :
    { 6, 20, 8, 0, 16, 30, 1455 }, // ;
    { 14, 15, 16, 1, 18, 53, 1485 }, // <
    { 13, 8, 17, 2, 14, 26, 1538 }, // =
    { 14, 15, 16, 1, 18, 53, 1564 }, // >
    { 13, 21, 12, -1, 21, 69, 1617 }, // ?
    { 23, 24, 27, 2, 21, 138, 1686 }, // @
    { 19, 21, 19, 0, 21, 100, 1824 }, // A
    { 15, 21, 19, 3, 21, 79, 1924 }, // B
    { 16, 21, 19, 2, 21, 84, 2003 }, // C
    { 17, 21, 21, 3, 21, 90, 2087 }, // D
    { 12, 21, 16, 3, 21, 63, 2177 }, // E
    { 12, 21, 15, 3, 21, 63, 2240 }, // F
    { 17, 21, 21, 2, 21, 90, 2303 }, // G
    { 16, 21, 22, 3, 21, 84, 2393 }, // H
    { 8, 21, 10, 1, 21, 42, 2477 }, // I
    { 8, 27, 8, -2, 21, 54, 2519 }, // J
    { 16, 21, 18, 3, 21, 84, 2573 }, // K
    { 12, 21, 15, 3, 21, 63, 2657 }, // L
    { 21, 21, 27, 3, 21, 111, 2720 }, // M
    { 17, 21, 22, 3, 21, 90, 2831 }, // N
    { 19, 21, 23, 2, 21, 100, 2921 }, // O
    { 13, 21, 18, 3, 21, 69, 3021 }, // P
    { 19, 26, 23, 2, 21, 124, 3090 }, // Q
    { 15, 21, 18, 3, 21, 79, 3214 }, // R
    { 14, 21, 16, 1, 21, 74, 3293 }, // S
    { 16, 21, 18, 1, 21, 84, 3367 }, // T
    { 16, 21, 22, 3, 21, 84, 3451 }, // U
    { 18, 21, 18, 0, 21, 95, 3535 }, // V
    { 27, 21, 27, 0, 21, 142, 3630 }, // W
    { 17, 21, 17, 0, 21, 90, 3772 }, // X
    { 17, 21, 17, 0, 21, 90, 3862 }, // Y
    { 14, 21, 16, 1, 21, 74, 3952 }, // Z
    { 7, 26, 9, 2, 21, 46, 4026 }, // [
    { 11, 21, 11, 0, 21, 58, 4072 }, // <backslash>
    { 7, 26, 10, 1, 21, 46, 4130 }, // ]
    { 15, 14, 17, 1, 22, 53, 4176 }, // ^
    { 13, 3, 13, 0, -2, 10, 4229 }, // _
    { 7, 5, 8, 1, 23, 9, 4239 }, // `
    { 13, 16, 16, 1, 16, 52, 4248 }, // a
    { 14, 22, 18, 2, 22, 77, 4300 }, // b
    { 12, 16, 14, 2, 16, 48, 4377 }, // c
    { 14, 22, 18, 2, 22, 77, 4425 }, // d
    { 14, 16, 17, 2, 16, 56, 4502 }, // e
    { 11, 23, 11, 1, 23, 64, 4558 }, // f
    { 14, 23, 18, 2, 16, 81, 4622 }, // g
    { 13, 22, 17, 2, 22, 72, 4703 }, // h
    { 3, 22, 7, 2, 22, 17, 4775 }, // i
    { 7, 29, 8, -1, 22, 51, 4792 }, // j
    { 14, 22, 15, 2, 22, 77, 4843 }, // k
    { 3, 22, 7, 2, 22, 17, 4920 }, // l
    { 23, 16, 27, 2, 16, 92, 4937 }, // m
    { 13, 16, 17, 2, 16, 52, 5029 }, // n
    { 15, 16, 18, 2, 16, 60, 5081 }, // o
    { 14, 23, 18, 2, 16, 81, 5141 }, // p
    { 14, 23, 18, 2, 16, 81, 5222 }, // q
    { 10, 16, 12, 2, 16, 40, 5303 }, // r
    { 11, 16, 14, 2, 16, 44, 5343 }, // s
    { 9, 20, 11, 1, 20, 45, 5387 }, // t
    { 13, 16, 17, 2, 16, 52, 5432 }, // u
    { 15, 16, 15, 0, 16, 60, 5484 }, // v
    { 23, 16, 23, 0, 16, 92, 5544 }, // w
    { 15, 16, 15, 0, 16, 60, 5636 }, // x
    { 16, 23, 15, -1, 16, 92, 5696 }, // y
    { 11, 16, 13, 1, 16, 44, 5788 }, // z
    { 10, 26, 11, 0, 21, 65, 5832 }, // {
    { 3, 29, 17, 7, 22, 22, 5897 }, // |
    { 9, 26, 11, 1, 21, 59, 5919 }, // }
    { 14, 4, 16, 1, 12, 14, 5978 }, // ~
    { 0, 0, 8, 0, 0, 0, 5992 }, //  
    { 4, 21, 8, 2, 16, 21, 5992 }, // ¡
    { 12, 21, 17, 3, 21, 63, 6013 }, // ¢
    { 15, 21, 17, 1, 21, 79, 6076 }, // £
    { 13, 14, 17, 2, 17, 46, 6155 }, // ¤
    { 17, 21, 17, 0, 21, 90, 6201 }, // ¥
    { 3, 29, 17, 7, 22, 22, 6291 }, // ¦
    { 11, 23, 15, 2, 23, 64, 6313 }, // §
    { 8, 3, 16, 4, 22, 6, 6377 }, // ¨
    { 22, 22, 24, 1, 22, 121, 6383 }, // ©
    { 8, 10, 10, 1, 21, 20, 6504 }, // ª
    { 13, 13, 15, 1, 14, 43, 6524 }, // «
    { 15, 9, 17, 1, 12, 34, 6567 }, // ¬
    { 7, 3, 9, 1, 10, 6, 6601 }, // ­
    { 22, 22, 24, 1, 22, 121, 6607 }, // ®
    { 15, 3, 15, 0, 25, 12, 6728 }, // ¯
    { 9, 10, 13, 2, 22, 23, 6740 }, // °
    { 14, 17, 16, 1, 17, 60, 6763 }, // ±
    { 9, 13, 10, 1, 25, 30, 6823 }, // ²
    { 10, 13, 10, 0, 25, 33, 6853 }, // ³
    { 7, 5, 8, 1, 23, 9, 6886 }, // ´
    { 13, 23, 17, 2, 16, 75, 6895 }, // µ
    { 15, 27, 20, 2, 22, 102, 6970 }, // ¶
    { 4, 4, 8, 2, 12, 4, 7072 }, // ·
    { 7, 7, 7, 0, 0, 13, 7076 }, // ¸
    { 7, 12, 10, 1, 24, 21, 7089 }, // ¹
    { 9, 10, 11, 1, 21, 23, 7110 }, // º
    { 13, 13, 15, 1, 14, 43, 7133 }, // »
    { 21, 21, 23, 1, 21, 111, 7176 }, // ¼
    { 21, 21, 23, 1, 21, 111, 7287 }, // ½
    { 23, 21, 24, 0, 21, 121, 7398 }, // ¾
    { 13, 22, 13, 1, 16, 72, 7519 }, // ¿
    { 19, 28, 19, 0, 28, 133, 7591 }, // À
    { 19, 28, 19, 0, 28, 133, 7724 }, // Á
    { 19, 28, 19, 0, 28, 133, 7857 }, // Â
    { 19, 27, 19, 0, 27, 129, 7990 }, // Ã
    { 20, 27, 18, -1, 27, 135, 8119 }, // Ä
    { 20, 26, 19, -1, 26, 130, 8254 }, // Å
    { 25, 21, 26, -1, 21, 132, 8384 }, // Æ
    { 16, 28, 19, 2, 21, 112, 8516 }, // Ç
    { 12, 28, 16, 3, 28, 84, 8628 }, // È
    { 12, 28, 16, 3, 28, 84, 8712 }, // É
    { 12, 28, 16, 3, 28, 84, 8796 }, // Ê
    { 12, 27, 16, 3, 27, 81, 8880 }, // Ë
    { 8, 28, 10, 1, 28, 56, 8961 }, // Ì
    { 9, 28, 10, 1, 28, 63, 9017 }, // Í
    { 12, 28, 10, -1, 28, 84, 9080 }, // Î
    { 8, 27, 10, 1, 27, 54, 9164 }, // Ï
    { 19, 21, 21, 1, 21, 100, 9218 }, // Ð
    { 17, 27, 22, 3, 27, 115, 9318 }, // Ñ
    { 19, 28, 23, 2, 28, 133, 9433 }, // Ò
    { 19, 28, 23, 2, 28, 133, 9566 }, // Ó
    { 19, 28, 23, 2, 28, 133, 9699 }, // Ô
    { 19, 27, 23, 2, 27, 129, 9832 }, // Õ
    { 19, 27, 23, 2, 27, 129, 9961 }, // Ö
    { 14, 14, 17, 1, 17, 49, 10090 }, // ×
    { 19, 23, 23, 2, 22, 110, 10139 }, // Ø
    { 16, 28, 22, 3, 28, 112, 10249 }, // Ù
    { 16, 28, 22, 3, 28, 112, 10361 }, // Ú
    { 16, 28, 22, 3, 28, 112, 10473 }, // Û
    { 16, 27, 22, 3, 27, 108, 10585 }, // Ü
    { 17, 28, 17, 0, 28, 119, 10693 }, // Ý
    { 13, 21, 18, 3, 21, 69, 10812 }, // Þ
    { 15, 23, 18, 2, 23, 87, 10881 }, // ß
    { 13, 23, 16, 1, 23, 75, 10968 }, // à
    { 13, 23, 16, 1, 23, 75, 11043 }, // á
    { 13, 23, 16, 1, 23, 75, 11118 }, // â
    { 13, 22, 16, 1, 22, 72, 11193 }, // ã
    { 13, 21, 16, 1, 21, 69, 11265 }, // ä
    { 13, 24, 16, 1, 24, 78, 11334 }, // å
    { 23, 16, 25, 1, 16, 92, 11412 }, // æ
    { 12, 23, 14, 2, 16, 69, 11504 }, // ç
    { 14, 23, 17, 2, 23, 81, 11573 }, // è
    { 14, 23, 17, 2, 23, 81, 11654 }, // é
    { 14, 23, 17, 2, 23, 81, 11735 }, // ê
    { 14, 21, 17, 2, 21, 74, 11816 }, // ë
    { 7, 23, 7, -1, 23, 41, 11890 }, // ì
    { 7, 23, 7, 1, 23, 41, 11931 }, // í
    { 11, 23, 7, -2, 23, 64, 11972 }, // î
    { 8, 21, 8, 0, 21, 42, 12036 }, // ï
    { 15, 23, 18, 2, 23, 87, 12078 }, // ð
    { 13, 22, 17, 2, 22, 72, 12165 }, // ñ
    { 15, 23, 18, 2, 23, 87, 12237 }, // ò
    { 15, 23, 18, 2, 23, 87, 12324 }, // ó
    { 15, 23, 18, 2, 23, 87, 12411 }, // ô
    { 15, 22, 18, 2, 22, 83, 12498 }, // õ
    { 15, 21, 18, 2, 21, 79, 12581 }, // ö
    { 14, 14, 16, 1, 18, 49, 12660 }, // ÷
    { 15, 18, 18, 2, 17, 68, 12709 }, // ø
    { 13, 23, 17, 2, 23, 75, 12777 }, // ù
    { 13, 23, 17, 2, 23, 75, 12852 }, // ú
    { 13, 23, 17, 2, 23, 75, 12927 }, // û
    { 13, 21, 17, 2, 21, 69, 13002 }, // ü
    { 16, 30, 15, -1, 23, 120, 13071 }, // ý
    { 14, 29, 18, 2, 22, 102, 13191 }, // þ
    { 16, 28, 15, 0, 21, 112, 13293 }, // ÿ
    { 20, 26, 19, 0, 26, 130, 13405 }, // Ā
    { 13, 21, 16, 1, 21, 69, 13535 }, // ā
    { 19, 27, 19, 0, 27, 129, 13604 }, // Ă
    { 13, 22, 16, 1, 22, 72, 13733 }, // ă
    { 19, 29, 20, 0, 21, 138, 13805 }, // Ą
    { 14, 23, 16, 1, 16, 81, 13943 }, // ą
    { 16, 28, 19, 2, 28, 112, 14024 }, // Ć
    { 12, 23, 14, 2, 23, 69, 14136 }, // ć
    { 16, 28, 19, 2, 28, 112, 14205 }, // Ĉ
    { 12, 23, 14, 2, 23, 69, 14317 }, // ĉ
    { 16, 27, 19, 2, 27, 108, 14386 }, // Ċ
    { 12, 22, 14, 2, 22, 66, 14494 }, // ċ
    { 16, 28, 19, 2, 28, 112, 14560 }, // Č
    { 12, 23, 14, 2, 23, 69, 14672 }, // č
    { 17, 28, 21, 3, 28, 119, 14741 }, // Ď
    { 19, 22, 18, 2, 22, 105, 14860 }, // ď
    { 19, 21, 21, 1, 21, 100, 14965 }, // Đ
    { 16, 22, 19, 2, 22, 88, 15065 }, // đ
    { 12, 26, 16, 3, 26, 78, 15153 }, // Ē
    { 14, 21, 17, 2, 21, 74, 15231 }, // ē
    { 12, 27, 16, 3, 27, 81, 15305 }, // Ĕ
    { 14, 22, 17, 2, 22, 77, 15386 }, // ĕ
    { 12, 27, 16, 3, 27, 81, 15463 }, // Ė
    { 14, 22, 17, 2, 22, 77, 15544 }, // ė
    { 12, 29, 16, 3, 21, 87, 15621 }, // Ę
    { 14, 23, 17, 2, 16, 81, 15708 }, // ę
    { 12, 28, 16, 3, 28, 84, 15789 }, // Ě
    { 14, 23, 17, 2, 23, 81, 15873 }, // ě
    { 17, 28, 21, 2, 28, 119, 15954 }, // Ĝ
    { 14, 30, 18, 2, 23, 105, 16073 }, // ĝ
    { 17, 27, 21, 2, 27, 115, 16178 }, // Ğ
    { 14, 29, 18, 2, 22, 102, 16293 }, // ğ
    { 17, 27, 21, 2, 27, 115, 16395 }, // Ġ
    { 14, 29, 18, 2, 22, 102, 16510 }, // ġ
    { 17, 27, 21, 2, 21, 115, 16612 }, // Ģ
    { 14, 30, 18, 2, 23, 105, 16727 }, // ģ
    { 16, 28, 22, 3, 28, 112, 16832 }, // Ĥ
    { 17, 29, 17, -2, 29, 124, 16944 }, // ĥ
    { 22, 21, 23, 0, 21, 116, 17068 }, // Ħ
    { 16, 22, 19, 1, 22, 88, 17184 }, // ħ
    { 12, 27, 10, -1, 27, 81, 17272 }, // Ĩ
    { 12, 22, 7, -3, 22, 66, 17353 }, // ĩ
    { 9, 26, 11, 1, 26, 59, 17419 }, // Ī
    { 9, 20, 9, 0, 20, 45, 17478 }, // ī
    { 10, 27, 10, 0, 27, 68, 17523 }, // Ĭ
    { 9, 22, 7, -1, 22, 50, 17591 }, // ĭ
    { 8, 29, 10, 1, 21, 58, 17641 }, // Į
    { 5, 30, 8, 1, 22, 38, 17699 }, // į
    { 8, 27, 10, 1, 27, 54, 17737 }, // İ
    { 3, 16, 7, 2, 16, 12, 17791 }, // ı
    { 14, 27, 18, 1, 21, 95, 17803 }, // Ĳ
    { 10, 29, 14, 2, 22, 73, 17898 }, // ĳ
    { 12, 34, 8, -2, 28, 102, 17971 }, // Ĵ
    { 11, 30, 8, -1, 23, 83, 18073 }, // ĵ
    { 16, 28, 18, 3, 21, 112, 18156 }, // Ķ
    { 14, 29, 15, 2, 22, 102, 18268 }, // ķ
    { 13, 16, 15, 2, 16, 52, 18370 }, // ĸ
    { 13, 28, 15, 2, 28, 91, 18422 }, // Ĺ
    { 7, 29, 7, 1, 29, 51, 18513 }, // ĺ
    { 12, 28, 15, 3, 21, 84, 18564 }, // Ļ
    { 5, 29, 7, 1, 22, 37, 18648 }, // ļ
    { 12, 21, 15, 3, 21, 63, 18685 }, // Ľ
    { 8, 22, 7, 2, 22, 44, 18748 }, // ľ
    { 12, 21, 15, 3, 21, 63, 18792 }, // Ŀ
    { 7, 22, 7, 2, 22, 39, 18855 }, // ŀ
    { 15, 21, 15, 0, 21, 79, 18894 }, // Ł
    { 9, 22, 7, -1, 22, 50, 18973 }, // ł
    { 17, 28, 22, 3, 28, 119, 19023 }, // Ń
    { 13, 23, 17, 2, 23, 75, 19142 }, // ń
    { 17, 28, 22, 3, 21, 119, 19217 }, // Ņ
    { 13, 23, 17, 2, 16, 75, 19336 }, // ņ
    { 17, 28, 22, 3, 28, 119, 19411 }, // Ň
    { 13, 22, 17, 2, 22, 72, 19530 }, // ň
    { 18, 21, 20, 0, 21, 95, 19602 }, // ŉ
    { 17, 27, 22, 3, 21, 115, 19697 }, // Ŋ
    { 13, 23, 17, 2, 16, 75, 19812 }, // ŋ
    { 19, 26, 23, 2, 26, 124, 19887 }, // Ō
    { 15, 21, 18, 2, 21, 79, 20011 }, // ō
    { 19, 27, 23, 2, 27, 129, 20090 }, // Ŏ
    { 15, 22, 18, 2, 22, 83, 20219 }, // ŏ
    { 19, 28, 23, 2, 28, 133, 20302 }, // Ő
    { 15, 23, 18, 2, 23, 87, 20435 }, // ő
    { 24, 21, 27, 2, 21, 126, 20522 }, // Œ
    { 25, 16, 28, 2, 16, 100, 20648 }, // œ
    { 15, 28, 18, 3, 28, 105, 20748 }, // Ŕ
    { 10, 23, 12, 2, 23, 58, 20853 }, // ŕ
    { 15, 28, 18, 3, 21, 105, 20911 }, // Ŗ
    { 11, 23, 12, 1, 16, 64, 21016 }, // ŗ
    { 15, 28, 18, 3, 28, 105, 21080 }, // Ř
    { 11, 23, 12, 1, 23, 64, 21185 }, // ř
    { 14, 28, 16, 1, 28, 98, 21249 }, // Ś
    { 11, 23, 14, 2, 23, 64, 21347 }, // ś
    { 14, 28, 16, 1, 28, 98, 21411 }, // Ŝ
    { 11, 23, 14, 2, 23, 64, 21509 }, // ŝ
    { 14, 28, 16, 1, 21, 98, 21573 }, // Ş
    { 11, 23, 14, 2, 16, 64, 21671 }, // ş
    { 14, 28, 16, 1, 28, 98, 21735 }, // Š
    { 11, 23, 14, 2, 23, 64, 21833 }, // š
    { 16, 28, 18, 1, 21, 112, 21897 }, // Ţ
    { 9, 27, 11, 1, 20, 61, 22009 }, // ţ
    { 16, 28, 18, 1, 28, 112, 22070 }, // Ť
    { 13, 22, 11, 1, 22, 72, 22182 }, // ť
    { 16, 21, 18, 1, 21, 84, 22254 }, // Ŧ
    { 9, 20, 11, 1, 20, 45, 22338 }, // ŧ
    { 16, 27, 22, 3, 27, 108, 22383 }, // Ũ
    { 13, 22, 17, 2, 22, 72, 22491 }, // ũ
    { 16, 26, 22, 3, 26, 104, 22563 }, // Ū
    { 13, 21, 17, 2, 21, 69, 22667 }, // ū
    { 16, 27, 22, 3, 27, 108, 22736 }, // Ŭ
    { 13, 22, 17, 2, 22, 72, 22844 }, // ŭ
    { 16, 29, 22, 3, 29, 116, 22916 }, // Ů
    { 13, 24, 17, 2, 24, 78, 23032 }, // ů
    { 16, 28, 22, 3, 28, 112, 23110 }, // Ű
    { 13, 23, 17, 2, 23, 75, 23222 }, // ű
    { 16, 28, 22, 3, 21, 112, 23297 }, // Ų
    { 13, 23, 17, 2, 16, 75, 23409 }, // ų
    { 27, 28, 27, 0, 28, 189, 23484 }, // Ŵ
    { 23, 23, 23, 0, 23, 133, 23673 }, // ŵ
    { 17, 28, 17, 0, 28, 119, 23806 }, // Ŷ
    { 16, 30, 15, -1, 23, 120, 23925 }, // ŷ
    { 18, 27, 16, -1, 27, 122, 24045 }, // Ÿ
    { 14, 28, 16, 1, 28, 98, 24167 }, // Ź
    { 11, 23, 13, 1, 23, 64, 24265 }, // ź
    { 14, 27, 16, 1, 27, 95, 24329 }, // Ż
    { 11, 22, 13, 1, 22, 61, 24424 }, // ż
    { 14, 28, 16, 1, 28, 98, 24485 }, // Ž
    { 11, 23, 13, 1, 23, 64, 24583 }, // ž
    { 9, 23, 9, 2, 23, 52, 24647 }, // ſ
    { 7, 5, 0, -15, 23, 9, 24699 }, // ̀
    { 7, 5, 0, -10, 23, 9, 24708 }, // ́
    { 10, 5, 0, -5, 23, 13, 24717 }, // ̂
    { 12, 4, 0, -15, 22, 12, 24730 }, // ̃
    { 9, 3, 0, -4, 21, 7, 24742 }, // ̄
    { 12, 3, 0, -6, 26, 9, 24749 }, // ̅
    { 10, 4, 0, -4, 22, 10, 24758 }, // ̆
    { 3, 3, 0, -1, 21, 3, 24768 }, // ̇
    { 8, 3, 0, -4, 22, 6, 24771 }, // ̈
    { 6, 8, 0, -11, 25, 12, 24777 }, // ̉
    { 7, 7, 0, -3, 24, 13, 24789 }, // ̊
    { 11, 5, 0, -4, 23, 14, 24802 }, // ̋
    { 10, 5, 0, -5, 23, 13, 24816 }, // ̌
    { 3, 5, 0, -1, 22, 4, 24829 }, // ̍
    { 7, 5, 0, -3, 22, 9, 24833 }, // ̎
    { 12, 5, 0, -16, 23, 15, 24842 }, // ̏
    { 9, 7, 0, -4, 25, 16, 24857 }, // ̐
    { 10, 5, 0, -6, 23, 13, 24873 }, // ̑
    { 6, 7, 0, -3, 21, 11, 24886 }, // ̒
    { 6, 7, 0, -3, 21, 11, 24897 }, // ̓
    { 6, 7, 0, -3, 21, 11, 24908 }, // ̔
    { 6, 7, 0, -3, 21, 11, 24919 }, // ̕
    { 6, 5, 0, -3, -1, 8, 24930 }, // ̖
    { 6, 5, 0, -3, -1, 8, 24938 }, // ̗
    { 5, 6, 0, -2, 0, 8, 24946 }, // ̘
    { 5, 6, 0, -2, 0, 8, 24954 }, // ̙
    { 8, 9, 9, 0, 24, 18, 24962 }, // ̚
    { 6, 7, 0, -3, 22, 11, 24980 }, // ̛
    { 3, 6, 0, -1, -1, 5, 24991 }, // ̜
    { 6, 5, 0, -3, -1, 8, 24996 }, // ̝
    { 6, 6, 0, -3, 0, 9, 25004 }, // ̞
    { 6, 6, 0, -3, -1, 9, 25013 }, // ̟
    { 7, 3, 0, -3, -2, 6, 25022 }, // ̠
    { 6, 8, 0, -5, 1, 12, 25028 }, // ̡
    { 5, 8, 0, 0, 1, 10, 25040 }, // ̢
    { 3, 3, 0, -10, -2, 3, 25050 }, // ̣
    { 8, 3, 0, -4, -2, 6, 25053 }, // ̤
    { 7, 7, 0, -3, 0, 13, 25059 }, // ̥
    { 4, 5, 0, -2, -1, 5, 25072 }, // ̦
    { 7, 7, 0, -3, 0, 13, 25077 }, // ̧
    { 5, 8, 0, -2, 2, 10, 25090 }, // ̨
    { 3, 5, 0, -1, -1, 4, 25100 }, // ̩
    { 10, 6, 0, -5, 0, 15, 25104 }, // ̪
    { 11, 5, 0, -5, -1, 14, 25119 }, // ̫
    { 10, 5, 0, -5, -1, 13, 25133 }, // ̬
    { 10, 5, 0, -5, -1, 13, 25146 }, // ̭
    { 10, 4, 0, -4, -1, 10, 25159 }, // ̮
    { 10, 5, 0, -6, -1, 13, 25169 }, // ̯
    { 12, 4, 0, -6, -1, 12, 25182 }, // ̰
    { 9, 3, 0, -4, -1, 7, 25194 }, // ̱
    { 13, 3, 0, -6, -2, 10, 25201 }, // ̲
    { 12, 6, 0, -6, -1, 18, 25211 }, // ̳
    { 12, 4, 0, -6, 10, 12, 25229 }, // ̴
    { 12, 3, 0, -6, 11, 9, 25241 }, // ̵
    { 21, 3, 0, -10, 10, 16, 25250 }, // ̶
    { 10, 7, 0, -5, 12, 18, 25266 }, // ̷
    { 12, 24, 0, -6, 22, 72, 25284 }, // ̸
    { 4, 7, 0, -2, 0, 7, 25356 }, // ̹
    { 10, 5, 0, -5, -1, 13, 25363 }, // ̺
    { 11, 7, 0, -5, 0, 20, 25376 }, // ̻
    { 11, 4, 0, -5, -2, 11, 25396 }, // ̼
    { 6, 7, 0, -3, 23, 11, 25407 }, // ̽
    { 5, 9, 0, -2, 25, 12, 25418 }, // ̾
    { 12, 6, 0, -6, 28, 18, 25430 }, // ̿
    { 7, 5, 0, -5, 23, 9, 25448 }, // ̀
    { 7, 5, 0, -2, 23, 9, 25457 }, // ́
    { 12, 4, 0, -6, 22, 12, 25466 }, // ͂
    { 5, 7, 0, -2, 24, 9, 25478 }, // ̓
    { 10, 5, 0, -4, 23, 13, 25487 }, // ̈́
    { 5, 5, 0, -1, -2, 7, 25500 }, // ͅ
    { 13, 6, 0, -6, 24, 20, 25507 }, // ͆
    { 12, 6, 0, -6, -1, 18, 25527 }, // ͇
    { 7, 5, 0, -3, -1, 9, 25545 }, // ͈
    { 6, 7, 0, -3, -1, 11, 25554 }, // ͉
    { 12, 8, 0, -6, 24, 24, 25565 }, // ͊
    { 11, 10, 0, -5, 27, 28, 25589 }, // ͋
    { 10, 7, 0, -5, 25, 18, 25617 }, // ͌
    { 11, 6, 0, -5, -1, 17, 25635 }, // ͍
    { 6, 7, 0, -3, 0, 11, 25652 }, // ͎
    { 21, 22, 0, -10, 22, 116, 25663 }, // ͏
    { 5, 6, 0, -2, 23, 8, 25779 }, // ͐
    { 3, 6, 0, -1, 23, 5, 25787 }, // ͑
    { 10, 7, 0, -5, 25, 18, 25792 }, // ͒
    { 6, 7, 0, -3, 0, 11, 25810 }, // ͓
    { 5, 6, 0, -2, -1, 8, 25821 }, // ͔
    { 5, 6, 0, -2, -1, 8, 25829 }, // ͕
    { 12, 6, 0, -5, -1, 18, 25837 }, // ͖
    { 4, 7, 0, -2, 24, 7, 25855 }, // ͗
    { 3, 3, 0, 4, 21, 3, 25862 }, // ͘
    { 8, 6, 0, -4, -1, 12, 25865 }, // ͙
    { 12, 7, 0, -5, -1, 21, 25877 }, // ͚
    { 6, 6, 0, -3, 23, 9, 25898 }, // ͛
    { 24, 6, 0, -12, -1, 36, 25907 }, // ͜
    { 24, 6, 0, -12, 23, 36, 25943 }, // ͝
    { 18, 2, 0, -9, 20, 9, 25979 }, // ͞
    { 18, 2, 0, -9, -2, 9, 25988 }, // ͟
    { 24, 4, 0, -12, 22, 24, 25997 }, // ͠
    { 24, 7, 0, -12, 26, 42, 26021 }, // ͡
    { 23, 6, 0, -11, -1, 35, 26063 }, // ͢
    { 6, 6, 0, -3, 24, 9, 26098 }, // ͣ
    { 6, 7, 0, -3, 25, 11, 26107 }, // ͤ
    { 2, 9, 0, -1, 27, 5, 26118 }, // ͥ
    { 6, 7, 0, -3, 25, 11, 26123 }, // ͦ
    { 7, 6, 0, -3, 24, 11, 26134 }, // ͧ
    { 6, 7, 0, -2, 25, 11, 26145 }, // ͨ
    { 6, 9, 0, -3, 27, 14, 26156 }, // ͩ
    { 7, 9, 0, -3, 27, 16, 26170 }, // ͪ
    { 10, 6, 0, -5, 24, 15, 26186 }, // ͫ
    { 5, 6, 0, -2, 24, 8, 26201 }, // ͬ
    { 6, 8, 0, -3, 26, 12, 26209 }, // ͭ
    { 8, 7, 0, -4, 25, 14, 26221 }, // ͮ
    { 7, 6, 0, -3, 24, 11, 26235 }, // ͯ
    { 12, 28, 16, 3, 28, 84, 26246 }, // Ѐ
    { 12, 26, 16, 3, 26, 78, 26330 }, // Ё
    { 19, 21, 21, 1, 21, 100, 26408 }, // Ђ
    { 12, 28, 15, 3, 28, 84, 26508 }, // Ѓ
    { 16, 21, 19, 2, 21, 84, 26592 }, // Є
    { 14, 21, 16, 1, 21, 74, 26676 }, // Ѕ
    { 3, 21, 9, 3, 21, 16, 26750 }, // І
    { 7, 26, 9, 1, 26, 46, 26766 }, // Ї
    { 8, 27, 8, -2, 21, 54, 26812 }, // Ј
    { 28, 21, 30, 0, 21, 147, 26866 }, // Љ
    { 26, 21, 30, 3, 21, 137, 27013 }, // Њ
    { 19, 21, 22, 1, 21, 100, 27150 }, // Ћ
    { 16, 28, 18, 3, 28, 112, 27250 }, // Ќ
    { 17, 28, 23, 3, 28, 119, 27362 }, // Ѝ
    { 19, 27, 17, -1, 27, 129, 27481 }, // Ў
    { 16, 26, 21, 3, 21, 104, 27610 }, // Џ
    { 19, 21, 19, 0, 21, 100, 27714 }, // А
    { 14, 21, 18, 3, 21, 74, 27814 }, // Б
    { 15, 21, 19, 3, 21, 79, 27888 }, // В
    { 12, 21, 15, 3, 21, 63, 27967 }, // Г
    { 21, 26, 22, 1, 21, 137, 28030 }, // Д
    { 12, 21, 16, 3, 21, 63, 28167 }, // Е
    { 27, 21, 27, 0, 21, 142, 28230 }, // Ж
    { 15, 21, 17, 1, 21, 79, 28372 }, // З
    { 17, 21, 23, 3, 21, 90, 28451 }, // И
    { 17, 27, 23, 3, 27, 115, 28541 }, // Й
    { 16, 21, 18, 3, 21, 84, 28656 }, // К
    { 18, 21, 21, 0, 21, 95, 28740 }, // Л
    { 21, 21, 27, 3, 21, 111, 28835 }, // М
    { 16, 21, 22, 3, 21, 84, 28946 }, // Н
    { 19, 21, 22, 2, 21, 100, 29030 }, // О
    { 16, 21, 22, 3, 21, 84, 29130 }, // П
    { 13, 21, 18, 3, 21, 69, 29214 }, // Р
    { 16, 21, 19, 2, 21, 84, 29283 }, // С
    { 16, 21, 18, 1, 21, 84, 29367 }, // Т
    { 19, 21, 17, -1, 21, 100, 29451 }, // У
    { 21, 21, 24, 2, 21, 111, 29551 }, // Ф
    { 18, 21, 17, 0, 21, 95, 29662 }, // Х
    { 19, 26, 22, 3, 21, 124, 29757 }, // Ц
    { 15, 21, 20, 2, 21, 79, 29881 }, // Ч
    { 25, 21, 31, 3, 21, 132, 29960 }, // Ш
    { 27, 26, 31, 3, 21, 176, 30092 }, // Щ
    { 18, 21, 20, 1, 21, 95, 30268 }, // Ъ
    { 19, 21, 25, 3, 21, 100, 30363 }, // Ы
    { 13, 21, 17, 3, 21, 69, 30463 }, // Ь
    { 17, 21, 19, 1, 21, 90, 30532 }, // Э
    { 25, 21, 29, 3, 21, 132, 30622 }, // Ю
    { 16, 21, 19, 0, 21, 84, 30754 }, // Я
    { 13, 16, 16, 1, 16, 52, 30838 }, // а
    { 15, 24, 18, 2, 24, 90, 30890 }, // б
    { 13, 16, 16, 2, 16, 52, 30980 }, // в
    { 10, 16, 12, 2, 16, 40, 31032 }, // г
    { 17, 20, 19, 1, 16, 85, 31072 }, // д
    { 13, 16, 15, 1, 16, 52, 31157 }, // е
    { 23, 16, 22, 0, 16, 92, 31209 }, // ж
    { 12, 16, 14, 1, 16, 48, 31301 }, // з
    { 13, 16, 17, 2, 16, 52, 31349 }, // и
    { 13, 22, 17, 2, 22, 72, 31401 }, // й
    { 13, 16, 15, 2, 16, 52, 31473 }, // к
    { 15, 16, 17, 0, 16, 60, 31525 }, // л
    { 18, 16, 22, 2, 16, 72, 31585 }, // м
    { 13, 16, 17, 2, 16, 52, 31657 }, // н
    { 15, 16, 17, 1, 16, 60, 31709 }, // о
    { 13, 16, 17, 2, 16, 52, 31769 }, // п
    { 14, 23, 17, 2, 16, 81, 31821 }, // р
    { 12, 16, 14, 1, 16, 48, 31902 }, // с
    { 13, 16, 15, 1, 16, 52, 31950 }, // т
    { 16, 23, 16, 0, 16, 92, 32002 }, // у
    { 19, 30, 21, 1, 23, 143, 32094 }, // ф
    { 15, 16, 15, 0, 16, 60, 32237 }, // х
    { 15, 20, 19, 3, 16, 75, 32297 }, // ц
    { 13, 16, 17, 2, 16, 52, 32372 }, // ч
    { 22, 16, 26, 2, 16, 88, 32424 }, // ш
    { 24, 20, 26, 2, 16, 120, 32512 }, // щ
    { 17, 16, 18, 0, 16, 68, 32632 }, // ъ
    { 17, 16, 21, 2, 16, 68, 32700 }, // ы
    { 12, 16, 15, 2, 16, 48, 32768 }, // ь
    { 12, 16, 14, 1, 16, 48, 32816 }, // э
    { 20, 16, 23, 2, 16, 80, 32864 }, // ю
    { 14, 16, 17, 1, 16, 56, 32944 }, // я
    { 13, 23, 15, 1, 23, 75, 33000 }, // ѐ
    { 13, 21, 15, 1, 21, 69, 33075 }, // ё
    { 16, 29, 19, 1, 22, 116, 33144 }, // ђ
    { 10, 23, 12, 2, 23, 58, 33260 }, // ѓ
    { 12, 16, 14, 1, 16, 48, 33318 }, // є
    { 11, 16, 13, 1, 16, 44, 33366 }, // ѕ
    { 3, 21, 7, 2, 21, 16, 33410 }, // і
    { 6, 21, 8, 1, 21, 32, 33426 }, // ї
    { 7, 28, 8, -1, 21, 49, 33458 }, // ј
    { 24, 16, 25, 0, 16, 96, 33507 }, // љ
    { 22, 16, 25, 2, 16, 88, 33603 }, // њ
    { 16, 22, 19, 1, 22, 88, 33691 }, // ћ
    { 13, 23, 15, 2, 23, 75, 33779 }, // ќ
    { 13, 23, 17, 2, 23, 75, 33854 }, // ѝ
    { 16, 29, 16, 0, 22, 116, 33929 }, // ў
    { 13, 20, 17, 2, 16, 65, 34045 }, // џ
    { 25, 21, 27, 1, 21, 132, 34110 }, // Ѡ
    { 22, 16, 23, 1, 16, 88, 34242 }, // ѡ
    { 18, 21, 21, 1, 21, 95, 34330 }, // Ѣ
    { 17, 19, 19, 1, 19, 81, 34425 }, // ѣ
    { 24, 21, 27, 3, 21, 126, 34506 }, // Ѥ
    { 19, 16, 21, 2, 16, 76, 34632 }, // ѥ
    { 21, 21, 21, 0, 21, 111, 34708 }, // Ѧ
    { 18, 16, 17, -1, 16, 72, 34819 }, // ѧ
    { 25, 21, 28, 3, 21, 132, 34891 }, // Ѩ
    { 21, 16, 22, 2, 16, 84, 35023 }, // ѩ
    { 21, 21, 21, 0, 21, 111, 35107 }, // Ѫ
    { 19, 16, 19, 0, 16, 76, 35218 }, // ѫ
    { 26, 21, 29, 3, 21, 137, 35294 }, // Ѭ
    { 22, 16, 24, 2, 16, 88, 35431 }, // ѭ
    { 15, 31, 17, 1, 25, 117, 35519 }, // Ѯ
    { 13, 26, 15, 1, 20, 85, 35636 }, // ѯ
    { 19, 21, 24, 3, 21, 100, 35721 }, // Ѱ
    { 18, 30, 22, 2, 23, 135, 35821 }, // ѱ
    { 19, 21, 23, 2, 21, 100, 35956 }, // Ѳ
    { 15, 16, 18, 2, 16, 60, 36056 }, // ѳ
    { 20, 21, 19, -1, 21, 105, 36116 }, // Ѵ
    { 16, 16, 15, 0, 16, 64, 36221 }, // ѵ
    { 20, 28, 19, -1, 28, 140, 36285 }, // Ѷ
    { 16, 23, 15, 0, 23, 92, 36425 }, // ѷ
    { 34, 28, 36, 2, 21, 238, 36517 }, // Ѹ
    { 31, 23, 33, 2, 16, 179, 36755 }, // ѹ
    { 20, 24, 24, 2, 22, 120, 36934 }, // Ѻ
    { 16, 19, 20, 2, 17, 76, 37054 }, // ѻ
    { 27, 32, 31, 2, 32, 216, 37130 }, // Ѽ
    { 23, 27, 27, 2, 27, 156, 37346 }, // ѽ
    { 25, 26, 27, 1, 26, 163, 37502 }, // Ѿ
    { 22, 21, 23, 1, 21, 116, 37665 }, // ѿ
    { 17, 28, 19, 2, 21, 119, 37781 }, // Ҁ
    { 12, 23, 15, 2, 16, 69, 37900 }, // ҁ
    { 16, 20, 18, 1, 19, 80, 37969 }, // ҂
    { 11, 5, 0, -13, 21, 14, 38049 }, // ҃
    { 11, 4, 0, -13, 22, 11, 38063 }, // ҄
    { 4, 6, 0, -10, 23, 6, 38074 }, // ҅
    { 4, 6, 0, -10, 23, 6, 38080 }, // ҆
    { 11, 4, 0, -5, 26, 11, 38086 }, // ҇
    { 33, 32, 0, -16, 24, 264, 38097 }, // ҈
    { 32, 32, 0, -16, 24, 256, 38361 }, // ҉
    { 20, 33, 23, 3, 27, 165, 38617 }, // Ҋ
    { 17, 28, 19, 2, 22, 119, 38782 }, // ҋ
    { 16, 21, 18, 1, 21, 84, 38901 }, // Ҍ
    { 16, 23, 18, 1, 23, 92, 38985 }, // ҍ
    { 14, 21, 18, 3, 21, 74, 39077 }, // Ҏ
    { 14, 23, 18, 2, 16, 81, 39151 }, // ҏ
    { 12, 25, 16, 3, 25, 75, 39232 }, // Ґ
    { 10, 21, 12, 2, 21, 53, 39307 }, // ґ
    { 14, 21, 16, 1, 21, 74, 39360 }, // Ғ
    { 12, 16, 14, 1, 16, 48, 39434 }, // ғ
    { 15, 28, 19, 3, 21, 105, 39482 }, // Ҕ
    { 12, 23, 15, 2, 16, 69, 39587 }, // ҕ
    { 27, 27, 26, -1, 21, 183, 39656 }, // Җ
    { 23, 22, 24, 0, 16, 127, 39839 }, // җ
    { 14, 28, 17, 1, 21, 98, 39966 }, // Ҙ
    { 12, 23, 14, 1, 16, 69, 40064 }, // ҙ
    { 17, 27, 20, 3, 21, 115, 40133 }, // Қ
    { 14, 22, 16, 2, 16, 77, 40248 }, // қ
    { 16, 21, 18, 3, 21, 84, 40325 }, // Ҝ
    { 13, 16, 15, 2, 16, 52, 40409 }, // ҝ
    { 19, 21, 18, 0, 21, 100, 40461 }, // Ҟ
    { 15, 22, 16, 1, 22, 83, 40561 }, // ҟ
    { 21, 21, 21, 1, 21, 111, 40644 }, // Ҡ
    { 18, 16, 19, 1, 16, 72, 40755 }, // ҡ
    { 19, 27, 22, 3, 21, 129, 40827 }, // Ң
    { 16, 22, 19, 2, 16, 88, 40956 }, // ң
    { 21, 21, 24, 3, 21, 111, 41044 }, // Ҥ
    { 19, 16, 21, 2, 16, 76, 41155 }, // ҥ
    { 27, 28, 31, 3, 21, 189, 41231 }, // Ҧ
    { 22, 23, 25, 2, 16, 127, 41420 }, // ҧ
    { 20, 22, 23, 2, 21, 110, 41547 }, // Ҩ
    { 16, 17, 19, 2, 16, 68, 41657 }, // ҩ
    { 16, 28, 19, 2, 21, 112, 41725 }, // Ҫ
    { 12, 23, 14, 2, 16, 69, 41837 }, // ҫ
    { 16, 27, 18, 1, 21, 108, 41906 }, // Ҭ
    { 13, 22, 15, 1, 16, 72, 42014 }, // ҭ
    { 17, 21, 17, 0, 21, 90, 42086 }, // Ү
    { 16, 23, 15, -1, 16, 92, 42176 }, // ү
    { 17, 21, 17, 0, 21, 90, 42268 }, // Ұ
    { 17, 23, 15, -1, 16, 98, 42358 }, // ұ
    { 19, 27, 18, -1, 21, 129, 42456 }, // Ҳ
    { 16, 22, 16, 0, 16, 88, 42585 }, // ҳ
    { 24, 27, 26, 1, 21, 162, 42673 }, // Ҵ
    { 20, 22, 22, 1, 16, 110, 42835 }, // ҵ
    { 18, 27, 20, 2, 21, 122, 42945 }, // Ҷ
    { 16, 22, 18, 2, 16, 88, 43067 }, // ҷ
    { 15, 21, 20, 2, 21, 79, 43155 }, // Ҹ
    { 13, 16, 18, 2, 16, 52, 43234 }, // ҹ
    { 15, 21, 20, 3, 21, 79, 43286 }, // Һ
    { 13, 22, 17, 2, 22, 72, 43365 }, // һ
    { 22, 21, 25, 1, 21, 116, 43437 }, // Ҽ
    { 17, 16, 20, 1, 16, 68, 43553 }, // ҽ
    { 22, 27, 25, 1, 21, 149, 43621 }, // Ҿ
    { 17, 21, 20, 1, 16, 90, 43770 }, // ҿ
    { 8, 21, 10, 1, 21, 42, 43860 }, // Ӏ
    { 27, 27, 27, 0, 27, 183, 43902 }, // Ӂ
    { 23, 22, 22, 0, 22, 127, 44085 }, // ӂ
    { 16, 28, 21, 3, 21, 112, 44212 }, // Ӄ
    { 13, 23, 16, 2, 16, 75, 44324 }, // ӄ
    { 21, 26, 22, 1, 21, 137, 44399 }, // Ӆ
    { 18, 22, 17, 0, 16, 99, 44536 }, // ӆ
    { 16, 28, 22, 3, 21, 112, 44635 }, // Ӈ
    { 14, 23, 18, 2, 16, 81, 44747 }, // ӈ
    { 19, 27, 22, 3, 21, 129, 44828 }, // Ӊ
    { 17, 22, 19, 2, 16, 94, 44957 }, // ӊ
    { 15, 27, 20, 2, 21, 102, 45051 }, // Ӌ
    { 13, 22, 17, 2, 16, 72, 45153 }, // ӌ
    { 24, 27, 27, 3, 21, 162, 45225 }, // Ӎ
    { 20, 22, 22, 2, 16, 110, 45387 }, // ӎ
    { 8, 21, 10, 1, 21, 42, 45497 }, // ӏ
    { 19, 27, 19, 0, 27, 129, 45539 }, // Ӑ
    { 13, 22, 16, 1, 22, 72, 45668 }, // ӑ
    { 20, 27, 18, -1, 27, 135, 45740 }, // Ӓ
    { 13, 21, 16, 1, 21, 69, 45875 }, // ӓ
    { 25, 21, 26, -1, 21, 132, 45944 }, // Ӕ
    { 23, 16, 25, 1, 16, 92, 46076 }, // ӕ
    { 12, 27, 16, 3, 27, 81, 46168 }, // Ӗ
    { 14, 22, 17, 2, 22, 77, 46249 }, // ӗ
    { 18, 21, 22, 2, 21, 95, 46326 }, // Ә
    { 14, 16, 16, 1, 16, 56, 46421 }, // ә
    { 18, 27, 22, 2, 27, 122, 46477 }, // Ӛ
    { 14, 21, 16, 1, 21, 74, 46599 }, // ӛ
    { 27, 27, 27, 0, 27, 183, 46673 }, // Ӝ
    { 23, 21, 22, -1, 21, 121, 46856 }, // ӝ
    { 14, 27, 16, 1, 27, 95, 46977 }, // Ӟ
    { 12, 21, 13, 0, 21, 63, 47072 }, // ӟ
    { 15, 21, 17, 1, 21, 79, 47135 }, // Ӡ
    { 14, 23, 15, 0, 16, 81, 47214 }, // ӡ
    { 17, 26, 23, 3, 26, 111, 47295 }, // Ӣ
    { 13, 20, 17, 2, 20, 65, 47406 }, // ӣ
    { 17, 27, 23, 3, 27, 115, 47471 }, // Ӥ
    { 13, 21, 17, 2, 21, 69, 47586 }, // ӥ
    { 19, 27, 23, 2, 27, 129, 47655 }, // Ӧ
    { 15, 21, 18, 2, 21, 79, 47784 }, // ӧ
    { 19, 21, 23, 2, 21, 100, 47863 }, // Ө
    { 15, 16, 18, 2, 16, 60, 47963 }, // ө
    { 19, 27, 23, 2, 27, 129, 48023 }, // Ӫ
    { 15, 21, 18, 2, 21, 79, 48152 }, // ӫ
    { 17, 27, 19, 1, 27, 115, 48231 }, // Ӭ
    { 12, 21, 14, 1, 21, 63, 48346 }, // ӭ
    { 19, 26, 19, 0, 26, 124, 48409 }, // Ӯ
    { 16, 27, 15, 0, 20, 108, 48533 }, // ӯ
    { 18, 27, 18, 0, 27, 122, 48641 }, // Ӱ
    { 16, 28, 15, 0, 21, 112, 48763 }, // ӱ
    { 19, 28, 17, -1, 28, 133, 48875 }, // Ӳ
    { 16, 30, 15, -1, 23, 120, 49008 }, // ӳ
    { 15, 27, 20, 2, 27, 102, 49128 }, // Ӵ
    { 13, 21, 17, 2, 21, 69, 49230 }, // ӵ
    { 12, 27, 16, 3, 21, 81, 49299 }, // Ӷ
    { 10, 22, 12, 2, 16, 55, 49380 }, // ӷ
    { 19, 27, 25, 3, 27, 129, 49435 }, // Ӹ
    { 17, 21, 21, 2, 21, 90, 49564 }, // ӹ
    { 14, 27, 16, 1, 21, 95, 49654 }, // Ӻ
    { 12, 22, 14, 1, 16, 66, 49749 }, // ӻ
    { 19, 27, 19, 0, 21, 129, 49815 }, // Ӽ
    { 16, 22, 16, 0, 16, 88, 49944 }, // ӽ
    { 18, 21, 18, 0, 21, 95, 50032 }, // Ӿ
    { 16, 16, 16, 0, 16, 64, 50127 }, // ӿ
    { 0, 0, 15, 0, 0, 0, 50191 }, //  
    { 0, 0, 29, 0, 0, 0, 50191 }, //  
    { 0, 0, 15, 0, 0, 0, 50191 }, //  
    { 0, 0, 29, 0, 0, 0, 50191 }, //  
    { 0, 0, 10, 0, 0, 0, 50191 }, //  
    { 0, 0, 7, 0, 0, 0, 50191 }, //  
    { 0, 0, 5, 0, 0, 0, 50191 }, //  
    { 0, 0, 17, 0, 0, 0, 50191 }, //  
    { 0, 0, 8, 0, 0, 0, 50191 }, //  
    { 0, 0, 5, 0, 0, 0, 50191 }, //  
    { 0, 0, 3, 0, 0, 0, 50191 }, //  
    { 0, 0, 0, 0, 0, 0, 50191 }, // ​
    { 0, 0, 0, 0, 0, 0, 50191 }, // ‌
    { 0, 0, 0, 0, 0, 0, 50191 }, // ‍
    { 8, 25, 0, -1, 21, 50, 50191 }, // ‎
    { 7, 25, 0, -6, 21, 44, 50241 }, // ‏
    { 7, 3, 9, 1, 10, 6, 50285 }, // ‐
    { 7, 3, 9, 1, 10, 6, 50291 }, // ‑
    { 14, 3, 16, 1, 12, 11, 50297 }, // ‒
    { 12, 3, 14, 1, 10, 9, 50308 }, // –
    { 27, 3, 29, 1, 10, 21, 50317 }, // —
    { 27, 3, 29, 1, 10, 21, 50338 }, // ―
    { 9, 29, 16, 4, 22, 66, 50359 }, // ‖
    { 12, 6, 12, 0, -1, 18, 50425 }, // ‗
    { 5, 7, 5, 0, 21, 9, 50443 }, // ‘
    { 5, 7, 5, 0, 21, 9, 50452 }, // ’
    { 6, 7, 7, 0, 3, 11, 50461 }, // ‚
    { 5, 7, 5, 0, 21, 9, 50472 }, // ‛
    { 11, 7, 10, 0, 21, 20, 50481 }, // “
    { 11, 7, 10, 0, 21, 20, 50501 }, // ”
    { 11, 7, 12, 0, 3, 20, 50521 }, // „
    { 11, 7, 10, 0, 21, 20, 50541 }, // ‟
    { 12, 22, 15, 1, 22, 66, 50561 }, // †
    { 11, 22, 15, 2, 22, 61, 50627 }, // ‡
    { 6, 7, 10, 2, 14, 11, 50688 }, // •
    { 8, 10, 11, 2, 16, 20, 50699 }, // ‣
    { 4, 4, 14, 5, 4, 4, 50719 }, // ․
    { 12, 4, 16, 2, 4, 12, 50723 }, // ‥
    { 18, 4, 22, 2, 4, 18, 50735 }, // …
    { 4, 4, 8, 2, 9, 4, 50753 }, // ‧
    { 0, 0, 18, 0, 0, 0, 50757 }, //  
    { 0, 0, 18, 0, 0, 0, 50757 }, //  
    { 8, 22, 0, -1, 18, 44, 50757 }, // ‪
    { 7, 22, 0, -6, 18, 39, 50801 }, // ‫
    { 7, 24, 0, -3, 20, 42, 50840 }, // ‬
    { 8, 25, 0, -4, 20, 50, 50882 }, // ‭
    { 7, 25, 0, -3, 20, 44, 50932 }, // ‮
    { 0, 0, 5, 0, 0, 0, 50976 }, //  
    { 32, 21, 34, 1, 21, 168, 50976 }, // ‰
    { 43, 21, 45, 1, 21, 226, 51144 }, // ‱
    { 7, 8, 7, 1, 21, 14, 51370 }, // ′
    { 12, 8, 12, 1, 21, 24, 51384 }, // ″
    { 17, 8, 17, 1, 21, 34, 51408 }, // ‴
    { 7, 8, 7, -1, 21, 14, 51442 }, // ‵
    { 12, 8, 13, -1, 21, 24, 51456 }, // ‶
    { 17, 8, 18, -1, 21, 34, 51480 }, // ‷
    { 12, 10, 12, 0, 3, 30, 51514 }, // ‸
    { 7, 13, 9, 1, 14, 23, 51544 }, // ‹
    { 7, 13, 9, 1, 14, 23, 51567 }, // ›
    { 21, 21, 23, 1, 21, 111, 51590 }, // ※
    { 11, 21, 15, 2, 21, 58, 51701 }, // ‼
    { 13, 21, 14, 0, 21, 69, 51759 }, // ‽
    { 15, 3, 15, 0, 25, 12, 51828 }, // ‾
    { 18, 7, 18, 0, 0, 32, 51840 }, // ‿
    { 18, 8, 18, 0, 25, 36, 51872 }, // ⁀
    { 11, 19, 11, 0, 12, 53, 51908 }, // ⁁
    { 33, 27, 33, 0, 22, 223, 51961 }, // ⁂
    { 7, 3, 9, 1, 10, 6, 52184 }, // ⁃
    { 16, 21, 4, -6, 21, 84, 52190 }, // ⁄
    { 7, 26, 9, 2, 21, 46, 52274 }, // ⁅
    { 7, 26, 10, 1, 21, 46, 52320 }, // ⁆
    { 25, 21, 25, -1, 21, 132, 52366 }, // ⁇
    { 18, 21, 19, -1, 21, 95, 52498 }, // ⁈
    { 17, 21, 20, 2, 21, 90, 52593 }, // ⁉
    { 14, 16, 17, 1, 16, 56, 52683 }, // ⁊
    { 15, 27, 19, 3, 22, 102, 52739 }, // ⁋
    { 15, 15, 19, 2, 16, 57, 52841 }, // ⁌
    { 15, 15, 20, 3, 16, 57, 52898 }, // ⁍
    { 14, 14, 16, 1, 7, 49, 52955 }, // ⁎
    { 6, 20, 7, 1, 16, 30, 53004 }, // ⁏
    { 18, 30, 18, 0, 23, 135, 53034 }, // ⁐
    { 14, 29, 16, 1, 22, 102, 53169 }, // ⁑
    { 11, 21, 12, 0, 21, 58, 53271 }, // ⁒
    { 25, 5, 29, 2, 11, 32, 53329 }, // ⁓
    { 18, 7, 18, 0, 0, 32, 53361 }, // ⁔
    { 15, 15, 17, 1, 15, 57, 53393 }, // ⁕
    { 12, 21, 16, 2, 21, 63, 53450 }, // ⁖
    { 22, 8, 22, 1, 21, 44, 53513 }, // ⁗
    { 21, 21, 25, 2, 21, 111, 53557 }, // ⁘
    { 21, 21, 25, 2, 21, 111, 53668 }, // ⁙
    { 3, 21, 7, 2, 21, 16, 53779 }, // ⁚
    { 16, 22, 20, 2, 22, 88, 53795 }, // ⁛
    { 21, 22, 23, 1, 22, 116, 53883 }, // ⁜
    { 4, 21, 8, 2, 21, 21, 53999 }, // ⁝
    { 4, 21, 8, 2, 21, 21, 54020 }, // ⁞
    { 0, 0, 6, 0, 0, 0, 54041 }, //  
    { 0, 0, 18, 0, 0, 0, 54041 }, // ⁠
    { 0, 0, 18, 0, 0, 0, 54041 }, // ⁡
    { 0, 0, 18, 0, 0, 0, 54041 }, // ⁢
    { 0, 0, 18, 0, 0, 0, 54041 }, // ⁣
    { 0, 0, 18, 0, 0, 0, 54041 }, // ⁤
    { 0, 0, 0, 0, 0, 0, 54041 }, // ⁦
    { 0, 0, 0, 0, 0, 0, 54041 }, // ⁧
    { 0, 0, 0, 0, 0, 0, 54041 }, // ⁨
    { 0, 0, 0, 0, 0, 0, 54041 }, // ⁩
    { 7, 25, 0, -3, 20, 44, 54041 }, // ⁪
    { 8, 25, 0, -4, 20, 50, 54085 }, // ⁫
    { 7, 24, 0, -3, 20, 42, 54135 }, // ⁬
    { 7, 25, 0, -3, 21, 44, 54177 }, // ⁭
    { 7, 25, 0, -3, 21, 44, 54221 }, // ⁮
    { 7, 25, 0, -3, 20, 44, 54265 }, // ⁯
    { 10, 13, 11, 1, 25, 33, 54309 }, // ⁰
    { 2, 14, 5, 2, 22, 7, 54342 }, // ⁱ
    { 10, 13, 12, 1, 25, 33, 54349 }, // ⁴
    { 10, 13, 10, 0, 25, 33, 54382 }, // ⁵
    { 10, 13, 11, 1, 25, 33, 54415 }, // ⁶
    { 9, 13, 11, 1, 25, 30, 54448 }, // ⁷
    { 9, 13, 11, 1, 25, 30, 54478 }, // ⁸
    { 10, 13, 11, 1, 25, 33, 54508 }, // ⁹
    { 8, 8, 10, 1, 21, 16, 54541 }, // ⁺
    { 8, 2, 10, 1, 18, 4, 54557 }, // ⁻
    { 8, 5, 10, 1, 20, 10, 54561 }, // ⁼
    { 5, 16, 7, 2, 27, 20, 54571 }, // ⁽
    { 6, 16, 7, 0, 27, 24, 54591 }, // ⁾
    { 9, 10, 13, 2, 18, 23, 54615 }, // ⁿ
    { 10, 13, 11, 1, 9, 33, 54638 }, // ₀
    { 7, 13, 10, 1, 9, 23, 54671 }, // ₁
    { 9, 13, 10, 1, 9, 30, 54694 }, // ₂
    { 10, 14, 10, 0, 10, 35, 54724 }, // ₃
    { 10, 13, 12, 1, 9, 33, 54759 }, // ₄
    { 10, 13, 10, 0, 9, 33, 54792 }, // ₅
    { 10, 14, 11, 1, 10, 35, 54825 }, // ₆
    { 9, 13, 11, 1, 9, 30, 54860 }, // ₇
    { 9, 14, 11, 1, 10, 32, 54890 }, // ₈
    { 10, 14, 11, 1, 10, 35, 54922 }, // ₉
    { 8, 8, 10, 1, 6, 16, 54957 }, // ₊
    { 8, 3, 10, 1, 3, 6, 54973 }, // ₋
    { 8, 5, 10, 1, 4, 10, 54979 }, // ₌
    { 5, 16, 7, 2, 11, 20, 54989 }, // ₍
    { 6, 16, 7, 0, 11, 24, 55009 }, // ₎
    { 8, 10, 11, 1, 7, 20, 55033 }, // ₐ
    { 9, 10, 11, 1, 7, 23, 55053 }, // ₑ
    { 10, 10, 12, 1, 7, 25, 55076 }, // ₒ
    { 10, 10, 10, 0, 7, 25, 55101 }, // ₓ
    { 9, 10, 11, 1, 7, 23, 55126 }, // ₔ
    { 9, 14, 13, 2, 11, 32, 55149 }, // ₕ
    { 9, 14, 11, 2, 11, 32, 55181 }, // ₖ
    { 3, 14, 6, 2, 11, 11, 55213 }, // ₗ
    { 15, 10, 18, 2, 7, 38, 55224 }, // ₘ
    { 9, 10, 13, 2, 7, 23, 55262 }, // ₙ
    { 10, 14, 12, 2, 7, 35, 55285 }, // ₚ
    { 7, 10, 9, 1, 7, 18, 55320 }, // ₛ
    { 7, 12, 8, 1, 9, 21, 55338 }, // ₜ
    { 15, 21, 17, 1, 21, 79, 55359 }, // ₠
    { 15, 24, 16, 1, 22, 90, 55438 }, // ₡
    { 14, 21, 17, 2, 21, 74, 55528 }, // ₢
    { 14, 21, 17, 1, 21, 74, 55602 }, // ₣
    { 15, 21, 17, 1, 21, 79, 55676 }, // ₤
    { 23, 23, 27, 2, 20, 133, 55755 }, // ₥
    { 16, 21, 18, 1, 21, 84, 55888 }, // ₦
    { 20, 21, 23, 2, 21, 105, 55972 }, // ₧
    { 21, 21, 24, 2, 21, 111, 56077 }, // ₨
    { 19, 21, 21, 1, 21, 100, 56188 }, // ₩
    { 19, 21, 23, 2, 21, 100, 56288 }, // ₪
    { 16, 27, 19, 2, 22, 108, 56388 }, // ₫
    { 16, 21, 17, 1, 21, 84, 56496 }, // €
    { 17, 21, 18, 1, 21, 90, 56580 }, // ₭
    { 16, 21, 18, 1, 21, 84, 56670 }, // ₮
    { 27, 28, 29, 1, 21, 189, 56754 }, // ₯
    { 15, 28, 17, 0, 21, 105, 56943 }, // ₰
    { 16, 21, 18, 1, 21, 84, 57048 }, // ₱
    { 17, 24, 21, 2, 22, 102, 57132 }, // ₲
    { 19, 21, 19, 0, 21, 100, 57234 }, // ₳
    { 15, 21, 17, 1, 21, 79, 57334 }, // ₴
    { 16, 24, 19, 2, 22, 96, 57413 }, // ₵
    { 17, 19, 18, 1, 19, 81, 57509 }, // ₶
    { 20, 23, 21, 0, 21, 115, 57590 }, // ₷
    { 15, 21, 17, 1, 21, 79, 57705 }, // ₸
    { 12, 21, 16, 2, 21, 63, 57784 }, // ₹
    { 15, 21, 17, 1, 21, 79, 57847 }, // ₺
    { 22, 21, 23, 1, 21, 116, 57926 }, // ₻
    { 20, 21, 23, 2, 21, 105, 58042 }, // ₼
    { 16, 21, 17, 0, 21, 84, 58147 }, // ₽
    { 19, 23, 22, 2, 23, 110, 58231 }, // ₾
    { 13, 27, 17, 3, 24, 88, 58341 }, // ₿
    { 12, 20, 14, 1, 16, 60, 58429 }, // ⃀
    { 14, 3, 17, 1, 12, 11, 58489 }, // −
    { 27, 27, 29, 1, 22, 183, 58500 }, // �
};

static const EpdUnicodeInterval notosans_14_regularIntervals[] = {
    { 0x0, 0x0, 0x0 },
    { 0xD, 0xD, 0x1 },
    { 0x20, 0x7E, 0x2 },
    { 0xA0, 0xFF, 0x61 },
    { 0x100, 0x17F, 0xC1 },
    { 0x300, 0x36F, 0x141 },
    { 0x400, 0x4FF, 0x1B1 },
    { 0x2000, 0x2064, 0x2B1 },
    { 0x2066, 0x206F, 0x316 },
    { 0x2070, 0x2071, 0x320 },
    { 0x2074, 0x208E, 0x322 },
    { 0x2090, 0x209C, 0x33D },
    { 0x20A0, 0x20C0, 0x34A },
    { 0x2212, 0x2212, 0x36B },
    { 0xFFFD, 0xFFFD, 0x36C },
};

static const EpdFontData notosans_14_regular = {
    notosans_14_regularBitmaps,
    notosans_14_regularGlyphs,
    notosans_14_regularIntervals,
    15,
    40,
    32,
    -9,
    true,
};
