/**
 * generated by fontconvert.py
 * name: notosans_14_bold
 * size: 14
 * mode: 2-bit
 */
#pragma once
#include "EpdFontData.h"

static const uint8_t notosans_14_boldBitmaps[64057] = {
    0xBF, 0xEF, 0xFB, 0xFE, 0xFF, 0xBF, 0xEF, 0xFB, 0xFE, 0xFF, 0xBF, 0xEF, 0xFB, 0xFE, 0xFF, 0xBF,
    0xEF, 0xF0, 0x00, 0x00, 0x3F, 0x3F, 0xFF, 0xFF, 0xFF, 0x3F, 0x00, 0x3F, 0xC3, 0xFC, 0x3F, 0xC3,
    0xFC, 0x3F, 0xC3, 0xFC, 0x3F, 0x82, 0xFC, 0x3F, 0x82, 0xFC, 0x3F, 0x82, 0xF8, 0x2F, 0x41, 0xF8,
    0x00, 0x0B, 0xD0, 0xBE, 0x00, 0x00, 0xFD, 0x0F, 0xD0, 0x00, 0x0F, 0xC0, 0xFC, 0x00, 0x01, 0xFC,
    0x0F, 0xC0, 0x00, 0x1F, 0x81, 0xFC, 0x00, 0x02, 0xF8, 0x2F, 0x80, 0x3F, 0xFF, 0xFF, 0xFF, 0xF3,
    0xFF, 0xFF, 0xFF, 0xFF, 0x3F, 0xFF, 0xFF, 0xFF, 0xF0, 0x07, 0xE0, 0x7F, 0x00, 0x00, 0xBE, 0x0B,
    0xE0, 0x00, 0x0F, 0xD0, 0xFD, 0x00, 0xFF, 0xFF, 0xFF, 0xFF, 0xCF, 0xFF, 0xFF, 0xFF, 0xFC, 0xFF,
    0xFF, 0xFF, 0xFF, 0xC5, 0x7F, 0x96, 0xF9, 0x54, 0x03, 0xF4, 0x3F, 0x40, 0x00, 0x3F, 0x03, 0xF0,
    0x00, 0x03, 0xF0, 0x3F, 0x00, 0x00, 0x7F, 0x07, 0xF0, 0x00, 0x0B, 0xE0, 0xBE, 0x00, 0x00, 0x00,
    0x0F, 0x00, 0x00, 0x00, 0x3C, 0x00, 0x00, 0x0A, 0xFE, 0x90, 0x02, 0xFF, 0xFF, 0xF8, 0x3F, 0xFF,
    0xFF, 0xF2, 0xFF, 0xFF, 0xFF, 0x4F, 0xFC, 0xF0, 0x18, 0x3F, 0xE3, 0xC0, 0x00, 0xFF, 0xCF, 0x00,
    0x02, 0xFF, 0xFC, 0x00, 0x03, 0xFF, 0xF9, 0x00, 0x03, 0xFF, 0xFF, 0x40, 0x01, 0xFF, 0xFF, 0xC0,
    0x00, 0x7F, 0xFF, 0xC0, 0x00, 0xFB, 0xFF, 0x40, 0x03, 0xC7, 0xFD, 0x40, 0x0F, 0x0F, 0xF7, 0xE4,
    0x3C, 0xBF, 0xCF, 0xFF, 0xFF, 0xFF, 0x3F, 0xFF, 0xFF, 0xF0, 0x6F, 0xFF, 0xFD, 0x00, 0x01, 0x7C,
    0x00, 0x00, 0x00, 0xF0, 0x00, 0x00, 0x03, 0xC0, 0x00, 0x07, 0xFD, 0x00, 0x00, 0xFD, 0x00, 0x2F,
    0xFF, 0x40, 0x01, 0xFC, 0x00, 0x3F, 0xFF, 0xC0, 0x03, 0xF4, 0x00, 0xBF, 0x5F, 0xE0, 0x0B, 0xF0,
    0x00, 0xFD, 0x07, 0xF0, 0x0F, 0xD0, 0x00, 0xFC, 0x03, 0xF0, 0x2F, 0x80, 0x00, 0xFC, 0x03, 0xF0,
    0x3F, 0x00, 0x00, 0xFC, 0x03, 0xF0, 0xFE, 0x00, 0x00, 0xFD, 0x07, 0xF1, 0xFC, 0x2F, 0xD0, 0xBF,
    0x5F, 0xE3, 0xF8, 0xBF, 0xF8, 0x3F, 0xFF, 0xC7, 0xF1, 0xFF, 0xFC, 0x1F, 0xFF, 0x8F, 0xE2, 0xF4,
    0xBE, 0x07, 0xFD, 0x2F, 0xC3, 0xF0, 0x3F, 0x00, 0x00, 0x3F, 0x43, 0xF0, 0x3F, 0x00, 0x00, 0xBF,
    0x03, 0xF0, 0x3F, 0x00, 0x00, 0xFD, 0x03, 0xF0, 0x3F, 0x00, 0x03, 0xFC, 0x03, 0xF4, 0x7F, 0x00,
    0x07, 0xF4, 0x02, 0xFD, 0xFE, 0x00, 0x0F, 0xF0, 0x00, 0xFF, 0xFD, 0x00, 0x1F, 0xD0, 0x00, 0xBF,
    0xF8, 0x00, 0x3F, 0xC0, 0x00, 0x1F, 0xE0, 0x00, 0x6F, 0xF9, 0x00, 0x00, 0x00, 0xFF, 0xFF, 0xE0,
    0x00, 0x00, 0xFF, 0xFF, 0xFD, 0x00, 0x00, 0x7F, 0xF5, 0xFF, 0xC0, 0x00, 0x1F, 0xF0, 0x2F, 0xF0,
    0x00, 0x07, 0xFC, 0x0B, 0xFC, 0x00, 0x01, 0xFF, 0x43, 0xFE, 0x00, 0x00, 0x3F, 0xF7, 0xFF, 0x00,
    0x00, 0x07, 0xFF, 0xFF, 0x00, 0x00, 0x00, 0xBF, 0xFE, 0x00, 0x00, 0x00, 0xBF, 0xFE, 0x00, 0x2F,
    0xF0, 0xBF, 0xFF, 0xE0, 0x0F, 0xF8, 0x7F, 0xF7, 0xFF, 0x07, 0xFD, 0x3F, 0xF0, 0x7F, 0xF2, 0xFF,
    0x0F, 0xF8, 0x07, 0xFF, 0xFF, 0x43, 0xFE, 0x00, 0x7F, 0xFF, 0x80, 0xFF, 0xC0, 0x07, 0xFF, 0xC0,
    0x2F, 0xFE, 0x5B, 0xFF, 0xF4, 0x03, 0xFF, 0xFF, 0xFF, 0xFF, 0x40, 0x2F, 0xFF, 0xFF, 0xBF, 0xF4,
    0x00, 0xBF, 0xF9, 0x03, 0xFF, 0x40, 0x3F, 0xCF, 0xF3, 0xFC, 0xFE, 0x3F, 0x8F, 0xE2, 0xF4, 0x00,
    0xFE, 0x00, 0xBF, 0x00, 0x7F, 0x40, 0x3F, 0xC0, 0x1F, 0xE0, 0x0F, 0xF0, 0x03, 0xFC, 0x01, 0xFE,
    0x00, 0xBF, 0x40, 0x3F, 0xC0, 0x0F, 0xF0, 0x03, 0xFC, 0x00, 0xFF, 0x00, 0x3F, 0xC0, 0x0F, 0xF0,
    0x03, 0xFC, 0x00, 0xBF, 0x40, 0x1F, 0xE0, 0x03, 0xFC, 0x00, 0xFF, 0x00, 0x1F, 0xE0, 0x03, 0xFC,
    0x00, 0x7F, 0x40, 0x0B, 0xF0, 0x00, 0xFE, 0x00, 0x2F, 0xC0, 0x03, 0xF8, 0x00, 0x7F, 0x40, 0x0F,
    0xF0, 0x02, 0xFD, 0x00, 0x3F, 0xC0, 0x0F, 0xF0, 0x02, 0xFD, 0x00, 0x7F, 0x80, 0x0F, 0xF0, 0x03,
    0xFC, 0x00, 0xFF, 0x00, 0x3F, 0xC0, 0x0F, 0xF0, 0x03, 0xFC, 0x00, 0xFF, 0x00, 0x7F, 0x80, 0x2F,
    0xD0, 0x0F, 0xF0, 0x03, 0xFC, 0x02, 0xFD, 0x00, 0xFF, 0x00, 0x7F, 0x40, 0x3F, 0x80, 0x2F, 0xC0,
    0x00, 0x00, 0x0F, 0xE0, 0x00, 0x00, 0x3F, 0x80, 0x00, 0x00, 0xBD, 0x00, 0x00, 0x02, 0xF4, 0x00,
    0x2E, 0x47, 0xD1, 0xB8, 0xFF, 0xFF, 0xFF, 0xE3, 0xFF, 0xFF, 0xFF, 0xC5, 0x6F, 0xFE, 0x95, 0x00,
    0x3F, 0xFC, 0x00, 0x03, 0xFB, 0xF8, 0x00, 0x2F, 0xC7, 0xF4, 0x00, 0xFF, 0x0F, 0xF0, 0x01, 0xF4,
    0x1E, 0x00, 0x00, 0x40, 0x00, 0x00, 0x00, 0x0F, 0xC0, 0x00, 0x00, 0xFC, 0x00, 0x00, 0x0F, 0xC0,
    0x00, 0x00, 0xFC, 0x00, 0x00, 0x0F, 0xC0, 0x05, 0x55, 0xFD, 0x55, 0xFF, 0xFF, 0xFF, 0xFF, 0xFF,
    0xFF, 0xFF, 0xFF, 0xFF, 0xFF, 0xF0, 0x00, 0xFC, 0x00, 0x00, 0x0F, 0xC0, 0x00, 0x00, 0xFC, 0x00,
    0x00, 0x0F, 0xC0, 0x00, 0x00, 0xFC, 0x00, 0x0F, 0xF4, 0x3F, 0xC0, 0xFF, 0x07, 0xF4, 0x2F, 0xC0,
    0xBE, 0x03, 0xF4, 0x00, 0x55, 0x55, 0xFF, 0xFF, 0xFF, 0xFF, 0xFF, 0xFF, 0x7E, 0x3F, 0xDF, 0xF7,
    0xFD, 0x7E, 0x00, 0x00, 0x00, 0xFF, 0x00, 0x02, 0xFD, 0x00, 0x03, 0xFC, 0x00, 0x07, 0xF8, 0x00,
    0x0B, 0xF4, 0x00, 0x0F, 0xF0, 0x00, 0x1F, 0xE0, 0x00, 0x3F, 0xC0, 0x00, 0x3F, 0xC0, 0x00, 0xBF,
    0x40, 0x00, 0xFF, 0x00, 0x01, 0xFE, 0x00, 0x02, 0xFD, 0x00, 0x03, 0xFC, 0x00, 0x07, 0xF8, 0x00,
    0x0F, 0xF0, 0x00, 0x0F, 0xF0, 0x00, 0x2F, 0xE0, 0x00, 0x3F, 0xC0, 0x00, 0x3F, 0xC0, 0x00, 0xBF,
    0x40, 0x00, 0x00, 0xBF, 0xE4, 0x00, 0x1F, 0xFF, 0xF8, 0x00, 0xFF, 0xFF, 0xF8, 0x0F, 0xFD, 0x7F,
    0xF0, 0x3F, 0xD0, 0x3F, 0xE1, 0xFF, 0x00, 0xBF, 0xCB, 0xFC, 0x01, 0xFF, 0x3F, 0xE0, 0x03, 0xFD,
    0xFF, 0x80, 0x0F, 0xF7, 0xFE, 0x00, 0x3F, 0xDF, 0xF8, 0x00, 0xFF, 0x7F, 0xE0, 0x03, 0xFD, 0xFF,
    0x80, 0x0F, 0xF7, 0xFE, 0x00, 0x3F, 0xDB, 0xFC, 0x01, 0xFF, 0x1F, 0xF0, 0x07, 0xFC, 0x3F, 0xD0,
    0x3F, 0xE0, 0xBF, 0xD6, 0xFF, 0x00, 0xFF, 0xFF, 0xF8, 0x00, 0xFF, 0xFF, 0x80, 0x00, 0xBF, 0xE4,
    0x00, 0x00, 0x0F, 0xF8, 0x00, 0xFF, 0xE0, 0x1F, 0xFF, 0x82, 0xFF, 0xFE, 0x3F, 0xFF, 0xFA, 0xFF,
    0x3F, 0xE3, 0xF0, 0xFF, 0x86, 0x03, 0xFE, 0x00, 0x0F, 0xF8, 0x00, 0x3F, 0xE0, 0x00, 0xFF, 0x80,
    0x03, 0xFE, 0x00, 0x0F, 0xF8, 0x00, 0x3F, 0xE0, 0x00, 0xFF, 0x80, 0x03, 0xFE, 0x00, 0x0F, 0xF8,
    0x00, 0x3F, 0xE0, 0x00, 0xFF, 0x80, 0x03, 0xFE, 0x00, 0x0F, 0xF8, 0x00, 0x6F, 0xF9, 0x00, 0x07,
    0xFF, 0xFF, 0xC0, 0x2F, 0xFF, 0xFF, 0xF0, 0x1F, 0xF9, 0x6F, 0xF8, 0x0B, 0x80, 0x0F, 0xFC, 0x01,
    0x00, 0x0B, 0xFC, 0x00, 0x00, 0x0B, 0xFC, 0x00, 0x00, 0x0F, 0xFC, 0x00, 0x00, 0x1F, 0xF8, 0x00,
    0x00, 0x3F, 0xF0, 0x00, 0x00, 0xFF, 0xD0, 0x00, 0x02, 0xFF, 0x80, 0x00, 0x0B, 0xFE, 0x00, 0x00,
    0x1F, 0xF8, 0x00, 0x00, 0x7F, 0xE0, 0x00, 0x01, 0xFF, 0x80, 0x00, 0x07, 0xFE, 0x00, 0x00, 0x1F,
    0xFD, 0x55, 0x55, 0x3F, 0xFF, 0xFF, 0xFF, 0x3F, 0xFF, 0xFF, 0xFF, 0x3F, 0xFF, 0xFF, 0xFF, 0x01,
    0xBF, 0xF9, 0x00, 0xBF, 0xFF, 0xFE, 0x03, 0xFF, 0xFF, 0xFF, 0x07, 0xF9, 0x6F, 0xFD, 0x09, 0x00,
    0x1F, 0xF4, 0x00, 0x00, 0x3F, 0xD0, 0x00, 0x00, 0xFF, 0x40, 0x00, 0x0B, 0xFC, 0x00, 0x55, 0xFF,
    0xC0, 0x07, 0xFF, 0xF4, 0x00, 0x1F, 0xFF, 0x90, 0x00, 0x7F, 0xFF, 0xF4, 0x00, 0x00, 0x6F, 0xF4,
    0x00, 0x00, 0x3F, 0xF0, 0x00, 0x00, 0xBF, 0xC0, 0x00, 0x02, 0xFF, 0x40, 0x00, 0x0F, 0xFE, 0xF9,
    0x56, 0xFF, 0xDB, 0xFF, 0xFF, 0xFE, 0x1F, 0xFF, 0xFF, 0xE0, 0x1B, 0xFF, 0xE4, 0x00, 0x00, 0x00,
    0x3F, 0xE0, 0x00, 0x00, 0xBF, 0xE0, 0x00, 0x01, 0xFF, 0xE0, 0x00, 0x03, 0xFF, 0xE0, 0x00, 0x0B,
    0xFF, 0xE0, 0x00, 0x1F, 0xFF, 0xE0, 0x00, 0x3F, 0xBF, 0xE0, 0x00, 0xBF, 0x3F, 0xE0, 0x01, 0xFD,
    0x3F, 0xE0, 0x03, 0xF8, 0x3F, 0xE0, 0x0B, 0xF0, 0x3F, 0xE0, 0x1F, 0xD0, 0x3F, 0xE0, 0x3F, 0x80,
    0x3F, 0xE0, 0xBF, 0x55, 0x7F, 0xE5, 0xFF, 0xFF, 0xFF, 0xFF, 0xFF, 0xFF, 0xFF, 0xFF, 0xFF, 0xFF,
    0xFF, 0xFF, 0x00, 0x00, 0x3F, 0xE0, 0x00, 0x00, 0x3F, 0xE0, 0x00, 0x00, 0x3F, 0xE0, 0x00, 0x00,
    0x3F, 0xE0, 0x1F, 0xFF, 0xFF, 0xC0, 0x7F, 0xFF, 0xFF, 0x01, 0xFF, 0xFF, 0xFC, 0x0B, 0xF9, 0x55,
    0x50, 0x2F, 0xD0, 0x00, 0x00, 0xBF, 0x40, 0x00, 0x03, 0xFD, 0x00, 0x00, 0x0F, 0xF4, 0x50, 0x00,
    0x3F, 0xFF, 0xFD, 0x00, 0xFF, 0xFF, 0xFF, 0x03, 0xFF, 0xFF, 0xFE, 0x01, 0x40, 0x2F, 0xFC, 0x00,
    0x00, 0x1F, 0xF4, 0x00, 0x00, 0x3F, 0xD0, 0x00, 0x00, 0xFF, 0x40, 0x00, 0x03, 0xFD, 0x50, 0x00,
    0x2F, 0xF2, 0xF9, 0x57, 0xFF, 0x8B, 0xFF, 0xFF, 0xFC, 0x1F, 0xFF, 0xFF, 0x80, 0x1B, 0xFF, 0xE0,
    0x00, 0x00, 0x06, 0xFF, 0xD0, 0x02, 0xFF, 0xFF, 0x40, 0x3F, 0xFF, 0xFD, 0x02, 0xFF, 0xE5, 0x54,
    0x1F, 0xF4, 0x00, 0x00, 0xFF, 0x40, 0x00, 0x03, 0xFC, 0x00, 0x00, 0x2F, 0xE0, 0x14, 0x00, 0xBF,
    0x4F, 0xFF, 0x43, 0xFD, 0xFF, 0xFF, 0x4F, 0xFF, 0xFF, 0xFF, 0x3F, 0xFC, 0x0B, 0xFE, 0xFF, 0xC0,
    0x0F, 0xFF, 0xFE, 0x00, 0x2F, 0xFF, 0xF8, 0x00, 0xBF, 0xEF, 0xF0, 0x02, 0xFF, 0x3F, 0xD0, 0x0F,
    0xF8, 0xBF, 0xE5, 0xFF, 0xD0, 0xFF, 0xFF, 0xFE, 0x00, 0xFF, 0xFF, 0xE0, 0x00, 0x6F, 0xF8, 0x00,
    0xFF, 0xFF, 0xFF, 0xFF, 0xFF, 0xFF, 0xFF, 0xFF, 0xFF, 0xFF, 0xFF, 0xD5, 0x55, 0x57, 0xFE, 0x00,
    0x00, 0x0F, 0xF0, 0x00, 0x00, 0xBF, 0x80, 0x00, 0x03, 0xFD, 0x00, 0x00, 0x2F, 0xF0, 0x00, 0x00,
    0xFF, 0x40, 0x00, 0x07, 0xFC, 0x00, 0x00, 0x3F, 0xE0, 0x00, 0x01, 0xFF, 0x00, 0x00, 0x0F, 0xF8,
    0x00, 0x00, 0x3F, 0xD0, 0x00, 0x02, 0xFF, 0x00, 0x00, 0x0F, 0xF4, 0x00, 0x00, 0xBF, 0xC0, 0x00,
    0x03, 0xFE, 0x00, 0x00, 0x1F, 0xF0, 0x00, 0x00, 0xFF, 0x80, 0x00, 0x07, 0xFD, 0x00, 0x00, 0x01,
    0xBF, 0xF4, 0x00, 0x2F, 0xFF, 0xFD, 0x03, 0xFF, 0xFF, 0xFD, 0x1F, 0xFD, 0x6F, 0xFC, 0x7F, 0xC0,
    0x2F, 0xF1, 0xFF, 0x00, 0xBF, 0xC3, 0xFD, 0x03, 0xFE, 0x0B, 0xFD, 0x2F, 0xF0, 0x0F, 0xFF, 0xFF,
    0x40, 0x0B, 0xFF, 0xE0, 0x00, 0x2F, 0xFF, 0xD0, 0x03, 0xFF, 0xFF, 0xE0, 0x3F, 0xF0, 0xBF, 0xF2,
    0xFF, 0x00, 0x7F, 0xEF, 0xF8, 0x00, 0xBF, 0xFF, 0xE0, 0x02, 0xFF, 0xFF, 0xC0, 0x0F, 0xFE, 0xFF,
    0xD5, 0xFF, 0xE3, 0xFF, 0xFF, 0xFF, 0x03, 0xFF, 0xFF, 0xE0, 0x01, 0xBF, 0xF9, 0x00, 0x00, 0xBF,
    0xE4, 0x00, 0x2F, 0xFF, 0xFC, 0x02, 0xFF, 0xFF, 0xFC, 0x1F, 0xFD, 0x6F, 0xF8, 0xBF, 0xC0, 0x1F,
    0xF3, 0xFE, 0x00, 0x3F, 0xEF, 0xF8, 0x00, 0xBF, 0xFF, 0xE0, 0x02, 0xFF, 0xFF, 0xC0, 0x0F, 0xFE,
    0xFF, 0x80, 0xFF, 0xF3, 0xFF, 0xFF, 0xFF, 0xCB, 0xFF, 0xFD, 0xFF, 0x07, 0xFF, 0xD7, 0xF8, 0x00,
    0x50, 0x2F, 0xE0, 0x00, 0x00, 0xFF, 0x00, 0x00, 0x07, 0xFC, 0x00, 0x00, 0x7F, 0xD0, 0x55, 0x6F,
    0xFF, 0x01, 0xFF, 0xFF, 0xF0, 0x07, 0xFF, 0xFE, 0x00, 0x1F, 0xFE, 0x40, 0x00, 0x7E, 0x3F, 0xDF,
    0xF7, 0xFD, 0x7E, 0x00, 0x00, 0x00, 0x00, 0x00, 0x00, 0x00, 0x01, 0xF8, 0xFF, 0x7F, 0xDF, 0xF5,
    0xF8, 0x1F, 0x83, 0xFD, 0x3F, 0xD3, 0xFD, 0x1F, 0x80, 0x00, 0x00, 0x00, 0x00, 0x00, 0x00, 0x00,
    0x00, 0x00, 0x00, 0x00, 0x01, 0xFD, 0x2F, 0xC3, 0xFC, 0x3F, 0x43, 0xF0, 0x7E, 0x0B, 0xD0, 0x00,
    0x00, 0x00, 0x20, 0x00, 0x00, 0x2F, 0x00, 0x00, 0x7F, 0xF0, 0x00, 0x7F, 0xFE, 0x00, 0x7F, 0xFE,
    0x00, 0x7F, 0xFD, 0x00, 0x7F, 0xFD, 0x00, 0x0F, 0xFD, 0x00, 0x00, 0xFF, 0xE4, 0x00, 0x02, 0xFF,
    0xF4, 0x00, 0x02, 0xFF, 0xF8, 0x00, 0x01, 0xFF, 0xFD, 0x00, 0x01, 0xBF, 0xF0, 0x00, 0x00, 0xBF,
    0x00, 0x00, 0x00, 0x70, 0x00, 0x00, 0x00, 0x55, 0x55, 0x55, 0x5F, 0xFF, 0xFF, 0xFF, 0xFF, 0xFF,
    0xFF, 0xFF, 0xFF, 0xFF, 0xFF, 0x00, 0x00, 0x00, 0x05, 0x55, 0x55, 0x55, 0xFF, 0xFF, 0xFF, 0xFF,
    0xFF, 0xFF, 0xFF, 0xFF, 0xFF, 0xFF, 0xF0, 0x80, 0x00, 0x00, 0x0F, 0x80, 0x00, 0x00, 0xFF, 0xD0,
    0x00, 0x0B, 0xFF, 0xD0, 0x00, 0x0B, 0xFF, 0xD0, 0x00, 0x07, 0xFF, 0xD0, 0x00, 0x07, 0xFF, 0xD0,
    0x00, 0x07, 0xFF, 0x00, 0x01, 0xBF, 0xF0, 0x01, 0xFF, 0xF8, 0x02, 0xFF, 0xF8, 0x07, 0xFF, 0xF4,
    0x00, 0xFF, 0xE4, 0x00, 0x0F, 0xE0, 0x00, 0x00, 0xD0, 0x00, 0x00, 0x00, 0x00, 0x00, 0x00, 0x01,
    0xBF, 0xF8, 0x03, 0xFF, 0xFF, 0xF4, 0x3F, 0xFF, 0xFF, 0xD1, 0xF9, 0x5B, 0xFF, 0x04, 0x00, 0x2F,
    0xF0, 0x00, 0x02, 0xFF, 0x00, 0x00, 0x3F, 0xF0, 0x00, 0x0B, 0xFD, 0x00, 0x03, 0xFF, 0x80, 0x00,
    0xFF, 0xD0, 0x00, 0x2F, 0xF0, 0x00, 0x03, 0xF8, 0x00, 0x00, 0x3F, 0x00, 0x00, 0x03, 0xF0, 0x00,
    0x00, 0x00, 0x00, 0x00, 0x00, 0x00, 0x00, 0x00, 0x7E, 0x00, 0x00, 0x0F, 0xF4, 0x00, 0x00, 0xFF,
    0x40, 0x00, 0x0F, 0xF4, 0x00, 0x00, 0x7E, 0x00, 0x00, 0x00, 0x00, 0x6F, 0xFE, 0x40, 0x00, 0x00,
    0x2F, 0xFF, 0xFF, 0xD0, 0x00, 0x0B, 0xFF, 0xFF, 0xFF, 0xE0, 0x00, 0xBF, 0xD0, 0x00, 0x7F, 0xE0,
    0x0B, 0xF8, 0x00, 0x00, 0x1F, 0xD0, 0x3F, 0x40, 0x6F, 0xF9, 0x1F, 0xC2, 0xF8, 0x0B, 0xFF, 0xFC,
    0x3F, 0x4F, 0xC0, 0xBF, 0xFF, 0xF0, 0x7E, 0x7E, 0x07, 0xF4, 0x0F, 0xC0, 0xFE, 0xF4, 0x2F, 0x80,
    0x3F, 0x03, 0xFF, 0xC0, 0xFC, 0x00, 0xFC, 0x0F, 0xFF, 0x03, 0xF0, 0x03, 0xF0, 0x3F, 0xFC, 0x0F,
    0xC0, 0x0F, 0xC0, 0xFF, 0xF0, 0x3F, 0x00, 0x7F, 0x0B, 0xEF, 0xC0, 0xBF, 0x07, 0xFD, 0x3F, 0x2F,
    0x80, 0xFF, 0xFF, 0xFF, 0xF8, 0x7F, 0x01, 0xFF, 0xF2, 0xFF, 0xC0, 0xFE, 0x01, 0xBE, 0x01, 0xF8,
    0x01, 0xFE, 0x00, 0x00, 0x00, 0x00, 0x02, 0xFF, 0x40, 0x00, 0x6C, 0x00, 0x02, 0xFF, 0xFF, 0xFF,
    0xF0, 0x00, 0x01, 0xFF, 0xFF, 0xFF, 0xC0, 0x00, 0x00, 0x6F, 0xFF, 0xA0, 0x00, 0x00, 0x00, 0x03,
    0xFF, 0xC0, 0x00, 0x00, 0x00, 0xFF, 0xF4, 0x00, 0x00, 0x00, 0xBF, 0xFE, 0x00, 0x00, 0x00, 0x3F,
    0xFF, 0xC0, 0x00, 0x00, 0x0F, 0xFB, 0xF4, 0x00, 0x00, 0x0B, 0xF9, 0xFE, 0x00, 0x00, 0x03, 0xFD,
    0x3F, 0xC0, 0x00, 0x01, 0xFF, 0x0F, 0xF4, 0x00, 0x00, 0xBF, 0xC2, 0xFF, 0x00, 0x00, 0x3F, 0xD0,
    0x3F, 0xC0, 0x00, 0x1F, 0xF0, 0x0F, 0xF8, 0x00, 0x0B, 0xFC, 0x02, 0xFF, 0x00, 0x03, 0xFE, 0x55,
    0xBF, 0xC0, 0x01, 0xFF, 0xFF, 0xFF, 0xF8, 0x00, 0xBF, 0xFF, 0xFF, 0xFF, 0x00, 0x3F, 0xFF, 0xFF,
    0xFF, 0xD0, 0x1F, 0xF4, 0x00, 0x0F, 0xF8, 0x0F, 0xFC, 0x00, 0x03, 0xFF, 0x03, 0xFE, 0x00, 0x00,
    0x7F, 0xD1, 0xFF, 0x40, 0x00, 0x0F, 0xF8, 0xFF, 0xC0, 0x00, 0x03, 0xFF, 0x00, 0xFF, 0xFF, 0xF9,
    0x00, 0xFF, 0xFF, 0xFF, 0xD0, 0xFF, 0xFF, 0xFF, 0xF0, 0xFF, 0x95, 0x7F, 0xF8, 0xFF, 0x80, 0x0F,
    0xFC, 0xFF, 0x80, 0x0B, 0xFC, 0xFF, 0x80, 0x0B, 0xFC, 0xFF, 0x80, 0x0F, 0xF8, 0xFF, 0x95, 0x7F,
    0xF0, 0xFF, 0xFF, 0xFF, 0x80, 0xFF, 0xFF, 0xFF, 0x40, 0xFF, 0xFF, 0xFF, 0xF0, 0xFF, 0x80, 0x1F,
    0xFC, 0xFF, 0x80, 0x07, 0xFD, 0xFF, 0x80, 0x03, 0xFD, 0xFF, 0x80, 0x03, 0xFD, 0xFF, 0x80, 0x0B,
    0xFD, 0xFF, 0x95, 0x6F, 0xFC, 0xFF, 0xFF, 0xFF, 0xF4, 0xFF, 0xFF, 0xFF, 0xD0, 0xFF, 0xFF, 0xF9,
    0x00, 0x00, 0x06, 0xFF, 0xE4, 0x00, 0x2F, 0xFF, 0xFF, 0xC0, 0x3F, 0xFF, 0xFF, 0xF0, 0x3F, 0xFE,
    0x56, 0xF4, 0x2F, 0xF8, 0x00, 0x04, 0x0F, 0xFC, 0x00, 0x00, 0x07, 0xFC, 0x00, 0x00, 0x02, 0xFF,
    0x00, 0x00, 0x00, 0xFF, 0x80, 0x00, 0x00, 0x3F, 0xE0, 0x00, 0x00, 0x0F, 0xF8, 0x00, 0x00, 0x03,
    0xFE, 0x00, 0x00, 0x00, 0xFF, 0x80, 0x00, 0x00, 0x2F, 0xF0, 0x00, 0x00, 0x07, 0xFC, 0x00, 0x00,
    0x00, 0xFF, 0x80, 0x00, 0x00, 0x2F, 0xF8, 0x00, 0x00, 0x03, 0xFF, 0xE5, 0x6F, 0x80, 0x7F, 0xFF,
    0xFF, 0xE0, 0x03, 0xFF, 0xFF, 0xF8, 0x00, 0x1B, 0xFF, 0xE4, 0x00, 0xFF, 0xFF, 0xF8, 0x00, 0x3F,
    0xFF, 0xFF, 0xE0, 0x0F, 0xFF, 0xFF, 0xFF, 0x03, 0xFE, 0x56, 0xFF, 0xF0, 0xFF, 0x80, 0x0B, 0xFE,
    0x3F, 0xE0, 0x00, 0xBF, 0xCF, 0xF8, 0x00, 0x0F, 0xFB, 0xFE, 0x00, 0x03, 0xFF, 0xFF, 0x80, 0x00,
    0xBF, 0xFF, 0xE0, 0x00, 0x2F, 0xFF, 0xF8, 0x00, 0x0B, 0xFF, 0xFE, 0x00, 0x02, 0xFF, 0xFF, 0x80,
    0x00, 0xBF, 0xFF, 0xE0, 0x00, 0x3F, 0xEF, 0xF8, 0x00, 0x0F, 0xF7, 0xFE, 0x00, 0x0F, 0xFC, 0xFF,
    0x80, 0x0B, 0xFD, 0x3F, 0xE5, 0x6F, 0xFF, 0x0F, 0xFF, 0xFF, 0xFF, 0x03, 0xFF, 0xFF, 0xFD, 0x00,
    0xFF, 0xFF, 0xE4, 0x00, 0x00, 0xFF, 0xFF, 0xFF, 0xFF, 0xFF, 0xFF, 0xFF, 0xFF, 0xFF, 0xFF, 0x95,
    0x55, 0xFF, 0x80, 0x00, 0xFF, 0x80, 0x00, 0xFF, 0x80, 0x00, 0xFF, 0x80, 0x00, 0xFF, 0x95, 0x54,
    0xFF, 0xFF, 0xFE, 0xFF, 0xFF, 0xFE, 0xFF, 0xFF, 0xFE, 0xFF, 0x80, 0x00, 0xFF, 0x80, 0x00, 0xFF,
    0x80, 0x00, 0xFF, 0x80, 0x00, 0xFF, 0x80, 0x00, 0xFF, 0x95, 0x55, 0xFF, 0xFF, 0xFF, 0xFF, 0xFF,
    0xFF, 0xFF, 0xFF, 0xFF, 0xFF, 0xFF, 0xFF, 0xFF, 0xFF, 0xFF, 0xFF, 0xFF, 0xFF, 0xFF, 0x95, 0x55,
    0xFF, 0x80, 0x00, 0xFF, 0x80, 0x00, 0xFF, 0x80, 0x00, 0xFF, 0x80, 0x00, 0xFF, 0x80, 0x00, 0xFF,
    0x95, 0x54, 0xFF, 0xFF, 0xFE, 0xFF, 0xFF, 0xFE, 0xFF, 0xFF, 0xFE, 0xFF, 0x80, 0x00, 0xFF, 0x80,
    0x00, 0xFF, 0x80, 0x00, 0xFF, 0x80, 0x00, 0xFF, 0x80, 0x00, 0xFF, 0x80, 0x00, 0xFF, 0x80, 0x00,
    0xFF, 0x80, 0x00, 0x00, 0x06, 0xFF, 0xF9, 0x00, 0x1F, 0xFF, 0xFF, 0xF0, 0x3F, 0xFF, 0xFF, 0xF4,
    0x3F, 0xFE, 0x55, 0xBC, 0x1F, 0xFC, 0x00, 0x00, 0x0F, 0xFC, 0x00, 0x00, 0x07, 0xFD, 0x00, 0x00,
    0x02, 0xFF, 0x00, 0x00, 0x00, 0xFF, 0x80, 0x00, 0x00, 0x3F, 0xE0, 0x1F, 0xFF, 0xFF, 0xF8, 0x07,
    0xFF, 0xFF, 0xFE, 0x01, 0xFF, 0xFF, 0xFF, 0x80, 0x15, 0xBF, 0xEF, 0xF0, 0x00, 0x2F, 0xFB, 0xFC,
    0x00, 0x0B, 0xFC, 0xFF, 0x80, 0x02, 0xFF, 0x3F, 0xF4, 0x00, 0xBF, 0xC3, 0xFF, 0xD5, 0x7F, 0xF0,
    0x7F, 0xFF, 0xFF, 0xFC, 0x03, 0xFF, 0xFF, 0xFF, 0x00, 0x1B, 0xFF, 0xE9, 0x00, 0xFF, 0x80, 0x00,
    0xBF, 0xFF, 0xE0, 0x00, 0x2F, 0xFF, 0xF8, 0x00, 0x0B, 0xFF, 0xFE, 0x00, 0x02, 0xFF, 0xFF, 0x80,
    0x00, 0xBF, 0xFF, 0xE0, 0x00, 0x2F, 0xFF, 0xF8, 0x00, 0x0B, 0xFF, 0xFE, 0x00, 0x02, 0xFF, 0xFF,
    0x95, 0x55, 0xBF, 0xFF, 0xFF, 0xFF, 0xFF, 0xFF, 0xFF, 0xFF, 0xFF, 0xFF, 0xFF, 0xFF, 0xFF, 0xFF,
    0xFF, 0x80, 0x00, 0xBF, 0xFF, 0xE0, 0x00, 0x2F, 0xFF, 0xF8, 0x00, 0x0B, 0xFF, 0xFE, 0x00, 0x02,
    0xFF, 0xFF, 0x80, 0x00, 0xBF, 0xFF, 0xE0, 0x00, 0x2F, 0xFF, 0xF8, 0x00, 0x0B, 0xFF, 0xFE, 0x00,
    0x02, 0xFF, 0xFF, 0x80, 0x00, 0xBF, 0xC0, 0xFF, 0xFF, 0xFF, 0xFF, 0xFF, 0xFF, 0xFC, 0x3F, 0xF4,
    0x0B, 0xFC, 0x02, 0xFF, 0x00, 0xBF, 0xC0, 0x2F, 0xF0, 0x0B, 0xFC, 0x02, 0xFF, 0x00, 0xBF, 0xC0,
    0x2F, 0xF0, 0x0B, 0xFC, 0x02, 0xFF, 0x00, 0xBF, 0xC0, 0x2F, 0xF0, 0x0B, 0xFC, 0x03, 0xFF, 0x4F,
    0xFF, 0xFF, 0xFF, 0xFF, 0xFF, 0xFF, 0xC0, 0x00, 0x3F, 0xE0, 0x03, 0xFE, 0x00, 0x3F, 0xE0, 0x03,
    0xFE, 0x00, 0x3F, 0xE0, 0x03, 0xFE, 0x00, 0x3F, 0xE0, 0x03, 0xFE, 0x00, 0x3F, 0xE0, 0x03, 0xFE,
    0x00, 0x3F, 0xE0, 0x03, 0xFE, 0x00, 0x3F, 0xE0, 0x03, 0xFE, 0x00, 0x3F, 0xE0, 0x03, 0xFE, 0x00,
    0x3F, 0xE0, 0x03, 0xFE, 0x00, 0x3F, 0xE0, 0x03, 0xFD, 0x00, 0x3F, 0xD0, 0x07, 0xFD, 0x01, 0xFF,
    0xCF, 0xFF, 0xF4, 0xFF, 0xFE, 0x0F, 0xFF, 0x40, 0x15, 0x00, 0x00, 0xFF, 0x80, 0x02, 0xFF, 0x7F,
    0xE0, 0x01, 0xFF, 0x8F, 0xF8, 0x00, 0xFF, 0xC3, 0xFE, 0x00, 0xFF, 0xC0, 0xFF, 0x80, 0xBF, 0xD0,
    0x3F, 0xE0, 0x7F, 0xD0, 0x0F, 0xF8, 0x7F, 0xE0, 0x03, 0xFE, 0x3F, 0xF0, 0x00, 0xFF, 0xAF, 0xF0,
    0x00, 0x3F, 0xFF, 0xF8, 0x00, 0x0F, 0xFF, 0xFF, 0x40, 0x03, 0xFF, 0xFF, 0xF0, 0x00, 0xFF, 0xFB,
    0xFE, 0x00, 0x3F, 0xE0, 0xFF, 0xC0, 0x0F, 0xF8, 0x0F, 0xFC, 0x03, 0xFE, 0x02, 0xFF, 0x40, 0xFF,
    0x80, 0x3F, 0xF0, 0x3F, 0xE0, 0x07, 0xFE, 0x0F, 0xF8, 0x00, 0xBF, 0xD3, 0xFE, 0x00, 0x0F, 0xFC,
    0xFF, 0x80, 0x01, 0xFF, 0x80, 0xFF, 0x80, 0x00, 0x3F, 0xE0, 0x00, 0x0F, 0xF8, 0x00, 0x03, 0xFE,
    0x00, 0x00, 0xFF, 0x80, 0x00, 0x3F, 0xE0, 0x00, 0x0F, 0xF8, 0x00, 0x03, 0xFE, 0x00, 0x00, 0xFF,
    0x80, 0x00, 0x3F, 0xE0, 0x00, 0x0F, 0xF8, 0x00, 0x03, 0xFE, 0x00, 0x00, 0xFF, 0x80, 0x00, 0x3F,
    0xE0, 0x00, 0x0F, 0xF8, 0x00, 0x03, 0xFE, 0x00, 0x00, 0xFF, 0x80, 0x00, 0x3F, 0xE5, 0x55, 0x5F,
    0xFF, 0xFF, 0xFF, 0xFF, 0xFF, 0xFF, 0xFF, 0xFF, 0xFF, 0xC0, 0xFF, 0xF4, 0x00, 0x00, 0xFF, 0xFB,
    0xFF, 0xE0, 0x00, 0x07, 0xFF, 0xEF, 0xFF, 0xC0, 0x00, 0x2F, 0xFF, 0xBF, 0xFF, 0x00, 0x00, 0xFF,
    0xFE, 0xFF, 0xFD, 0x00, 0x07, 0xFF, 0xFB, 0xFE, 0xFC, 0x00, 0x2F, 0xBF, 0xEF, 0xF7, 0xF0, 0x00,
    0xFD, 0xFF, 0xBF, 0xCF, 0xD0, 0x07, 0xF3, 0xFE, 0xFF, 0x3F, 0x80, 0x2F, 0x8F, 0xFB, 0xFC, 0xBF,
    0x00, 0xFD, 0x3F, 0xEF, 0xF1, 0xFD, 0x03, 0xF0, 0xFF, 0xBF, 0xC3, 0xF8, 0x2F, 0x83, 0xFE, 0xFF,
    0x0B, 0xF0, 0xFD, 0x0F, 0xFB, 0xFC, 0x1F, 0xC3, 0xF0, 0x3F, 0xEF, 0xF0, 0x3F, 0x5F, 0xC0, 0xFF,
    0xBF, 0xC0, 0xFF, 0xFD, 0x03, 0xFE, 0xFF, 0x01, 0xFF, 0xF0, 0x0F, 0xFB, 0xFC, 0x03, 0xFF, 0xC0,
    0x3F, 0xEF, 0xF0, 0x0F, 0xFE, 0x00, 0xFF, 0xBF, 0xC0, 0x2F, 0xF0, 0x03, 0xFE, 0xFF, 0x00, 0x7F,
    0xC0, 0x0F, 0xF8, 0xFF, 0xF0, 0x00, 0x03, 0xFF, 0xFF, 0xE0, 0x00, 0x0F, 0xFF, 0xFF, 0xD0, 0x00,
    0x3F, 0xFF, 0xFF, 0xC0, 0x00, 0xFF, 0xFF, 0xFF, 0x40, 0x03, 0xFF, 0xFF, 0xFF, 0x00, 0x0F, 0xFF,
    0xF3, 0xFE, 0x00, 0x3F, 0xFF, 0xCB, 0xFC, 0x00, 0xFF, 0xFF, 0x0F, 0xFC, 0x03, 0xFF, 0xFC, 0x1F,
    0xF4, 0x0F, 0xFF, 0xF0, 0x3F, 0xF0, 0x3F, 0xFF, 0xC0, 0x7F, 0xE0, 0xFF, 0xFF, 0x00, 0xBF, 0xC3,
    0xFF, 0xFC, 0x00, 0xFF, 0x8F, 0xFF, 0xF0, 0x02, 0xFF, 0x7F, 0xFF, 0xC0, 0x03, 0xFF, 0xFF, 0xFF,
    0x00, 0x07, 0xFF, 0xFF, 0xFC, 0x00, 0x0F, 0xFF, 0xFF, 0xF0, 0x00, 0x0F, 0xFF, 0xFF, 0xC0, 0x00,
    0x2F, 0xFF, 0xFF, 0x00, 0x00, 0x3F, 0xFC, 0x00, 0x1B, 0xFF, 0x90, 0x00, 0x00, 0xFF, 0xFF, 0xFE,
    0x00, 0x07, 0xFF, 0xFF, 0xFF, 0xC0, 0x0F, 0xFF, 0x56, 0xFF, 0xE0, 0x2F, 0xF4, 0x00, 0x3F, 0xF0,
    0x3F, 0xE0, 0x00, 0x0F, 0xF8, 0xBF, 0xC0, 0x00, 0x0B, 0xFC, 0xBF, 0xC0, 0x00, 0x07, 0xFC, 0xFF,
    0x80, 0x00, 0x03, 0xFD, 0xFF, 0x80, 0x00, 0x03, 0xFD, 0xFF, 0x80, 0x00, 0x03, 0xFD, 0xFF, 0x80,
    0x00, 0x03, 0xFD, 0xFF, 0x80, 0x00, 0x03, 0xFD, 0xBF, 0xC0, 0x00, 0x07, 0xFC, 0x7F, 0xC0, 0x00,
    0x0B, 0xFC, 0x3F, 0xE0, 0x00, 0x0F, 0xF8, 0x2F, 0xF4, 0x00, 0x3F, 0xF0, 0x0F, 0xFF, 0x56, 0xFF,
    0xE0, 0x07, 0xFF, 0xFF, 0xFF, 0x80, 0x00, 0xFF, 0xFF, 0xFE, 0x00, 0x00, 0x1B, 0xFF, 0x90, 0x00,
    0xFF, 0xFF, 0xE4, 0x03, 0xFF, 0xFF, 0xFD, 0x0F, 0xFF, 0xFF, 0xFD, 0x3F, 0xE5, 0x6F, 0xFC, 0xFF,
    0x80, 0x2F, 0xF7, 0xFE, 0x00, 0x3F, 0xDF, 0xF8, 0x00, 0xFF, 0x7F, 0xE0, 0x03, 0xFD, 0xFF, 0x80,
    0x1F, 0xF3, 0xFE, 0x02, 0xFF, 0xCF, 0xFF, 0xFF, 0xFD, 0x3F, 0xFF, 0xFF, 0xD0, 0xFF, 0xFF, 0xF8,
    0x03, 0xFE, 0x54, 0x00, 0x0F, 0xF8, 0x00, 0x00, 0x3F, 0xE0, 0x00, 0x00, 0xFF, 0x80, 0x00, 0x03,
    0xFE, 0x00, 0x00, 0x0F, 0xF8, 0x00, 0x00, 0x3F, 0xE0, 0x00, 0x00, 0xFF, 0x80, 0x00, 0x00, 0x00,
    0x1B, 0xFF, 0x90, 0x00, 0x00, 0xFF, 0xFF, 0xFE, 0x00, 0x07, 0xFF, 0xFF, 0xFF, 0x80, 0x0F, 0xFF,
    0x56, 0xFF, 0xE0, 0x2F, 0xF4, 0x00, 0x3F, 0xF0, 0x3F, 0xE0, 0x00, 0x0F, 0xF8, 0xBF, 0xC0, 0x00,
    0x0B, 0xFC, 0xBF, 0xC0, 0x00, 0x07, 0xFC, 0xFF, 0x80, 0x00, 0x03, 0xFD, 0xFF, 0x80, 0x00, 0x03,
    0xFD, 0xFF, 0x80, 0x00, 0x03, 0xFD, 0xFF, 0x80, 0x00, 0x03, 0xFD, 0xFF, 0x80, 0x00, 0x03, 0xFD,
    0xBF, 0xC0, 0x00, 0x07, 0xFC, 0x7F, 0xC0, 0x00, 0x0B, 0xFC, 0x3F, 0xE0, 0x00, 0x0F, 0xF8, 0x2F,
    0xF4, 0x00, 0x3F, 0xF4, 0x0F, 0xFF, 0x56, 0xFF, 0xE0, 0x07, 0xFF, 0xFF, 0xFF, 0xC0, 0x00, 0xFF,
    0xFF, 0xFE, 0x00, 0x00, 0x1B, 0xFF, 0xFC, 0x00, 0x00, 0x00, 0x07, 0xFF, 0x00, 0x00, 0x00, 0x02,
    0xFF, 0x80, 0x00, 0x00, 0x00, 0xFF, 0xE0, 0x00, 0x00, 0x00, 0x3F, 0xF8, 0x00, 0x00, 0x00, 0x0A,
    0xA8, 0xFF, 0xFF, 0xE4, 0x00, 0x3F, 0xFF, 0xFF, 0xD0, 0x0F, 0xFF, 0xFF, 0xFD, 0x03, 0xFE, 0x56,
    0xFF, 0xC0, 0xFF, 0x80, 0x2F, 0xF4, 0x3F, 0xE0, 0x03, 0xFD, 0x0F, 0xF8, 0x00, 0xFF, 0x43, 0xFE,
    0x00, 0x3F, 0xD0, 0xFF, 0x80, 0x2F, 0xF0, 0x3F, 0xE5, 0x7F, 0xF8, 0x0F, 0xFF, 0xFF, 0xF8, 0x03,
    0xFF, 0xFF, 0xF4, 0x00, 0xFF, 0xFF, 0xFC, 0x00, 0x3F, 0xE0, 0xFF, 0xC0, 0x0F, 0xF8, 0x0F, 0xF4,
    0x03, 0xFE, 0x02, 0xFF, 0x00, 0xFF, 0x80, 0x3F, 0xF0, 0x3F, 0xE0, 0x07, 0xFD, 0x0F, 0xF8, 0x00,
    0xFF, 0xC3, 0xFE, 0x00, 0x1F, 0xF8, 0xFF, 0x80, 0x02, 0xFF, 0x40, 0x01, 0xBF, 0xF9, 0x00, 0xFF,
    0xFF, 0xFC, 0x3F, 0xFF, 0xFF, 0xCB, 0xFE, 0x56, 0xF4, 0xFF, 0x80, 0x01, 0x0F, 0xF8, 0x00, 0x00,
    0xFF, 0xC0, 0x00, 0x0F, 0xFF, 0x00, 0x00, 0x7F, 0xFE, 0x40, 0x02, 0xFF, 0xFE, 0x00, 0x0B, 0xFF,
    0xFD, 0x00, 0x1F, 0xFF, 0xF4, 0x00, 0x1F, 0xFF, 0xC0, 0x00, 0x1F, 0xFD, 0x00, 0x00, 0x7F, 0xD0,
    0x00, 0x03, 0xFD, 0xD0, 0x00, 0x7F, 0xDF, 0xE5, 0x6F, 0xFC, 0xFF, 0xFF, 0xFF, 0x4F, 0xFF, 0xFF,
    0xD0, 0x1B, 0xFF, 0x90, 0x00, 0xFF, 0xFF, 0xFF, 0xFF, 0xFF, 0xFF, 0xFF, 0xFF, 0xFF, 0xFF, 0xFF,
    0xFF, 0x55, 0x6F, 0xF5, 0x55, 0x00, 0x2F, 0xF0, 0x00, 0x00, 0x2F, 0xF0, 0x00, 0x00, 0x2F, 0xF0,
    0x00, 0x00, 0x2F, 0xF0, 0x00, 0x00, 0x2F, 0xF0, 0x00, 0x00, 0x2F, 0xF0, 0x00, 0x00, 0x2F, 0xF0,
    0x00, 0x00, 0x2F, 0xF0, 0x00, 0x00, 0x2F, 0xF0, 0x00, 0x00, 0x2F, 0xF0, 0x00, 0x00, 0x2F, 0xF0,
    0x00, 0x00, 0x2F, 0xF0, 0x00, 0x00, 0x2F, 0xF0, 0x00, 0x00, 0x2F, 0xF0, 0x00, 0x00, 0x2F, 0xF0,
    0x00, 0x00, 0x2F, 0xF0, 0x00, 0x00, 0x2F, 0xF0, 0x00, 0xFF, 0x80, 0x00, 0xBF, 0xFF, 0xE0, 0x00,
    0x2F, 0xFF, 0xF8, 0x00, 0x0B, 0xFF, 0xFE, 0x00, 0x02, 0xFF, 0xFF, 0x80, 0x00, 0xBF, 0xFF, 0xE0,
    0x00, 0x2F, 0xFF, 0xF8, 0x00, 0x0B, 0xFF, 0xFE, 0x00, 0x02, 0xFF, 0xFF, 0x80, 0x00, 0xBF, 0xFF,
    0xE0, 0x00, 0x2F, 0xFF, 0xF8, 0x00, 0x0B, 0xFF, 0xFE, 0x00, 0x02, 0xFF, 0xFF, 0x80, 0x00, 0xBF,
    0xFF, 0xE0, 0x00, 0x2F, 0xFF, 0xF8, 0x00, 0x0B, 0xFF, 0xFF, 0x00, 0x03, 0xFE, 0x7F, 0xD0, 0x01,
    0xFF, 0x4F, 0xFE, 0x56, 0xFF, 0xC0, 0xFF, 0xFF, 0xFF, 0xC0, 0x0F, 0xFF, 0xFF, 0xC0, 0x00, 0x6F,
    0xFE, 0x40, 0x00, 0xFF, 0x80, 0x00, 0x0B, 0xFD, 0xFF, 0x00, 0x00, 0x3F, 0xD3, 0xFC, 0x00, 0x01,
    0xFF, 0x0F, 0xF8, 0x00, 0x0B, 0xFC, 0x1F, 0xF0, 0x00, 0x3F, 0xD0, 0x3F, 0xC0, 0x00, 0xFF, 0x00,
    0xFF, 0x40, 0x0B, 0xFC, 0x01, 0xFF, 0x00, 0x3F, 0xD0, 0x03, 0xFC, 0x00, 0xFF, 0x00, 0x0F, 0xF4,
    0x07, 0xFC, 0x00, 0x1F, 0xE0, 0x3F, 0xD0, 0x00, 0x3F, 0xC0, 0xFF, 0x00, 0x00, 0xFF, 0x47, 0xF8,
    0x00, 0x01, 0xFE, 0x2F, 0xD0, 0x00, 0x03, 0xFC, 0xFF, 0x00, 0x00, 0x0F, 0xF7, 0xF8, 0x00, 0x00,
    0x1F, 0xFF, 0xD0, 0x00, 0x00, 0x3F, 0xFF, 0x00, 0x00, 0x00, 0xFF, 0xF8, 0x00, 0x00, 0x01, 0xFF,
    0xD0, 0x00, 0x00, 0x03, 0xFF, 0x00, 0x00, 0xFF, 0x40, 0x00, 0xFF, 0x40, 0x01, 0xFF, 0x2F, 0xE0,
    0x00, 0x7F, 0xE0, 0x00, 0x7F, 0xC7, 0xFC, 0x00, 0x2F, 0xFC, 0x00, 0x2F, 0xE0, 0xFF, 0x00, 0x0F,
    0xFF, 0x00, 0x0F, 0xF4, 0x3F, 0xD0, 0x03, 0xFF, 0xD0, 0x03, 0xFC, 0x0B, 0xF8, 0x01, 0xFF, 0xF8,
    0x01, 0xFF, 0x01, 0xFF, 0x00, 0xBF, 0xBF, 0x00, 0xBF, 0x80, 0x3F, 0xC0, 0x3F, 0x9F, 0xC0, 0x3F,
    0xD0, 0x0F, 0xF4, 0x0F, 0xD7, 0xF4, 0x0F, 0xF0, 0x02, 0xFE, 0x07, 0xF0, 0xFE, 0x07, 0xFC, 0x00,
    0x7F, 0xC2, 0xFC, 0x3F, 0xC2, 0xFE, 0x00, 0x0F, 0xF0, 0xFE, 0x0B, 0xF0, 0xFF, 0x40, 0x03, 0xFC,
    0x3F, 0x41, 0xFD, 0x3F, 0xC0, 0x00, 0xBF, 0x5F, 0xC0, 0x3F, 0x8F, 0xF0, 0x00, 0x1F, 0xEB, 0xF0,
    0x0F, 0xF7, 0xF8, 0x00, 0x03, 0xFF, 0xF8, 0x02, 0xFE, 0xFD, 0x00, 0x00, 0xFF, 0xFD, 0x00, 0x7F,
    0xFF, 0x00, 0x00, 0x2F, 0xFF, 0x00, 0x0F, 0xFF, 0xC0, 0x00, 0x07, 0xFF, 0xC0, 0x03, 0xFF, 0xE0,
    0x00, 0x00, 0xFF, 0xE0, 0x00, 0xBF, 0xF4, 0x00, 0x00, 0x3F, 0xF4, 0x00, 0x1F, 0xFC, 0x00, 0x00,
    0x3F, 0xF0, 0x00, 0x1F, 0xF8, 0x2F, 0xF4, 0x00, 0x3F, 0xF0, 0x0F, 0xFC, 0x00, 0xBF, 0xD0, 0x07,
    0xFE, 0x00, 0xFF, 0x80, 0x02, 0xFF, 0x02, 0xFF, 0x00, 0x00, 0xFF, 0x87, 0xFD, 0x00, 0x00, 0x7F,
    0xDF, 0xFC, 0x00, 0x00, 0x2F, 0xFF, 0xF0, 0x00, 0x00, 0x0F, 0xFF, 0xE0, 0x00, 0x00, 0x07, 0xFF,
    0xC0, 0x00, 0x00, 0x03, 0xFF, 0x80, 0x00, 0x00, 0x0F, 0xFF, 0xC0, 0x00, 0x00, 0x1F, 0xFF, 0xF0,
    0x00, 0x00, 0x3F, 0xFF, 0xF4, 0x00, 0x00, 0xFF, 0xCB, 0xFC, 0x00, 0x01, 0xFF, 0x43, 0xFF, 0x00,
    0x03, 0xFF, 0x01, 0xFF, 0x40, 0x0B, 0xFC, 0x00, 0xFF, 0xC0, 0x1F, 0xF8, 0x00, 0x3F, 0xF0, 0x3F,
    0xF0, 0x00, 0x2F, 0xF4, 0xBF, 0xD0, 0x00, 0x0F, 0xFC, 0xBF, 0xC0, 0x00, 0x2F, 0xF0, 0xFF, 0x80,
    0x00, 0xFF, 0x82, 0xFF, 0x00, 0x0B, 0xFC, 0x03, 0xFE, 0x00, 0x3F, 0xE0, 0x0B, 0xFC, 0x02, 0xFF,
    0x00, 0x0F, 0xF8, 0x0F, 0xF4, 0x00, 0x1F, 0xF0, 0xBF, 0xC0, 0x00, 0x3F, 0xE3, 0xFD, 0x00, 0x00,
    0x7F, 0xFF, 0xF0, 0x00, 0x00, 0xFF, 0xFF, 0x40, 0x00, 0x01, 0xFF, 0xFC, 0x00, 0x00, 0x03, 0xFF,
    0xC0, 0x00, 0x00, 0x07, 0xFE, 0x00, 0x00, 0x00, 0x0F, 0xF8, 0x00, 0x00, 0x00, 0x3F, 0xE0, 0x00,
    0x00, 0x00, 0xFF, 0x80, 0x00, 0x00, 0x03, 0xFE, 0x00, 0x00, 0x00, 0x0F, 0xF8, 0x00, 0x00, 0x00,
    0x3F, 0xE0, 0x00, 0x00, 0x00, 0xFF, 0x80, 0x00, 0x00, 0x03, 0xFE, 0x00, 0x00, 0xFF, 0xFF, 0xFF,
    0xFF, 0xFF, 0xFF, 0xFF, 0xFF, 0xFF, 0xFF, 0xFF, 0xD5, 0x55, 0x5B, 0xFD, 0x00, 0x00, 0x3F, 0xE0,
    0x00, 0x02, 0xFF, 0x00, 0x00, 0x1F, 0xF4, 0x00, 0x00, 0xFF, 0x80, 0x00, 0x0B, 0xFC, 0x00, 0x00,
    0x7F, 0xD0, 0x00, 0x03, 0xFF, 0x00, 0x00, 0x2F, 0xF0, 0x00, 0x00, 0xFF, 0x40, 0x00, 0x0F, 0xFC,
    0x00, 0x00, 0x7F, 0xC0, 0x00, 0x03, 0xFD, 0x00, 0x00, 0x3F, 0xF0, 0x00, 0x01, 0xFF, 0x55, 0x55,
    0x5F, 0xFF, 0xFF, 0xFF, 0xFF, 0xFF, 0xFF, 0xFF, 0xFF, 0xFF, 0xFF, 0xFC, 0xFF, 0xFF, 0xFF, 0xFF,
    0xFF, 0xFF, 0xD5, 0xFF, 0x03, 0xFC, 0x0F, 0xF0, 0x3F, 0xC0, 0xFF, 0x03, 0xFC, 0x0F, 0xF0, 0x3F,
    0xC0, 0xFF, 0x03, 0xFC, 0x0F, 0xF0, 0x3F, 0xC0, 0xFF, 0x03, 0xFC, 0x0F, 0xF0, 0x3F, 0xC0, 0xFF,
    0x03, 0xFC, 0x0F, 0xFF, 0xFF, 0xFF, 0xFF, 0xFD, 0x55, 0x50, 0xBF, 0x40, 0x00, 0x7F, 0x80, 0x00,
    0x3F, 0xC0, 0x00, 0x2F, 0xD0, 0x00, 0x0F, 0xF0, 0x00, 0x0F, 0xF0, 0x00, 0x07, 0xF8, 0x00, 0x03,
    0xFC, 0x00, 0x02, 0xFD, 0x00, 0x01, 0xFE, 0x00, 0x00, 0xFF, 0x00, 0x00, 0xBF, 0x40, 0x00, 0x3F,
    0xC0, 0x00, 0x3F, 0xC0, 0x00, 0x1F, 0xE0, 0x00, 0x0F, 0xF0, 0x00, 0x0B, 0xF4, 0x00, 0x07, 0xF8,
    0x00, 0x03, 0xFC, 0x00, 0x02, 0xFD, 0x00, 0x01, 0xFF, 0xFF, 0xFF, 0xFF, 0xFF, 0xFF, 0xD5, 0xFF,
    0x03, 0xFC, 0x0F, 0xF0, 0x3F, 0xC0, 0xFF, 0x03, 0xFC, 0x0F, 0xF0, 0x3F, 0xC0, 0xFF, 0x03, 0xFC,
    0x0F, 0xF0, 0x3F, 0xC0, 0xFF, 0x03, 0xFC, 0x0F, 0xF0, 0x3F, 0xC0, 0xFF, 0x03, 0xFC, 0x0F, 0xFF,
    0xFF, 0xFF, 0xFF, 0xFF, 0xFD, 0x55, 0x50, 0x00, 0x02, 0x40, 0x00, 0x00, 0x02, 0xF4, 0x00, 0x00,
    0x00, 0xFF, 0x00, 0x00, 0x00, 0x7F, 0xE0, 0x00, 0x00, 0x3F, 0xFC, 0x00, 0x00, 0x1F, 0xAF, 0x80,
    0x00, 0x0F, 0xD3, 0xF0, 0x00, 0x07, 0xF0, 0xBE, 0x00, 0x03, 0xF4, 0x0F, 0xC0, 0x01, 0xFC, 0x02,
    0xF8, 0x00, 0xBE, 0x00, 0x3F, 0x00, 0x3F, 0x00, 0x0B, 0xE0, 0x2F, 0x80, 0x00, 0xFC, 0x0F, 0xC0,
    0x00, 0x2F, 0xC0, 0xFF, 0xFF, 0xFF, 0xFF, 0xFF, 0xFF, 0x6A, 0x80, 0x0F, 0xFC, 0x00, 0xBF, 0x80,
    0x0B, 0xF4, 0x00, 0x7F, 0x40, 0x01, 0xBF, 0xF9, 0x00, 0x3F, 0xFF, 0xFF, 0x00, 0xFF, 0xFF, 0xFF,
    0x01, 0xF9, 0x5F, 0xFC, 0x00, 0x00, 0x0F, 0xF4, 0x00, 0x00, 0x3F, 0xD0, 0x2F, 0xFF, 0xFF, 0x87,
    0xFF, 0xFF, 0xFE, 0x7F, 0xFF, 0xFF, 0xFB, 0xFF, 0x40, 0x3F, 0xEF, 0xF8, 0x00, 0xFF, 0xBF, 0xE0,
    0x0B, 0xFE, 0xFF, 0xE5, 0xBF, 0xF9, 0xFF, 0xFF, 0xFF, 0xE3, 0xFF, 0xFD, 0x3F, 0x81, 0xFF, 0x80,
    0xFE, 0xFF, 0x80, 0x00, 0x03, 0xFE, 0x00, 0x00, 0x0F, 0xF8, 0x00, 0x00, 0x3F, 0xE0, 0x00, 0x00,
    0xFF, 0x80, 0x00, 0x03, 0xFE, 0x00, 0x00, 0x0F, 0xF8, 0x7F, 0xD0, 0x3F, 0xEF, 0xFF, 0xF0, 0xFF,
    0xFF, 0xFF, 0xE3, 0xFF, 0xD5, 0xFF, 0xCF, 0xFC, 0x00, 0xFF, 0xBF, 0xE0, 0x03, 0xFF, 0xFF, 0x80,
    0x0B, 0xFF, 0xFE, 0x00, 0x2F, 0xFF, 0xF8, 0x00, 0xBF, 0xFF, 0xE0, 0x02, 0xFF, 0xFF, 0xC0, 0x0F,
    0xFF, 0xFF, 0x00, 0x7F, 0xEF, 0xFF, 0x57, 0xFF, 0x3F, 0xFF, 0xFF, 0xF8, 0xFF, 0x3F, 0xFF, 0xC3,
    0xF8, 0x2F, 0xF4, 0x00, 0x00, 0x6F, 0xFE, 0x01, 0xFF, 0xFF, 0xE1, 0xFF, 0xFF, 0xF4, 0xFF, 0xE5,
    0x7C, 0x7F, 0xD0, 0x00, 0x2F, 0xF0, 0x00, 0x0F, 0xF8, 0x00, 0x03, 0xFE, 0x00, 0x00, 0xFF, 0x80,
    0x00, 0x3F, 0xE0, 0x00, 0x0F, 0xFC, 0x00, 0x01, 0xFF, 0x40, 0x00, 0x3F, 0xF9, 0x5B, 0x87, 0xFF,
    0xFF, 0xE0, 0x7F, 0xFF, 0xF4, 0x01, 0xFF, 0xE4, 0x00, 0x00, 0x0B, 0xFC, 0x00, 0x00, 0x2F, 0xF0,
    0x00, 0x00, 0xBF, 0xC0, 0x00, 0x02, 0xFF, 0x00, 0x00, 0x0B, 0xFC, 0x00, 0x00, 0x1F, 0xF0, 0x1F,
    0xF8, 0x7F, 0xC3, 0xFF, 0xFD, 0xFF, 0x2F, 0xFF, 0xFF, 0xFC, 0xFF, 0xE5, 0xFF, 0xFB, 0xFD, 0x00,
    0xFF, 0xFF, 0xF0, 0x02, 0xFF, 0xFF, 0x80, 0x07, 0xFF, 0xFE, 0x00, 0x0F, 0xFF, 0xF8, 0x00, 0x3F,
    0xFF, 0xE0, 0x01, 0xFF, 0xFF, 0xC0, 0x07, 0xFE, 0xFF, 0x40, 0x3F, 0xF3, 0xFF, 0x97, 0xFF, 0xCB,
    0xFF, 0xFF, 0xFF, 0x0F, 0xFF, 0xF3, 0xFC, 0x07, 0xFD, 0x0B, 0xF0, 0x00, 0x6F, 0xF8, 0x00, 0x1F,
    0xFF, 0xFE, 0x01, 0xFF, 0xFF, 0xFE, 0x0F, 0xFE, 0x5F, 0xFC, 0x7F, 0xC0, 0x0F, 0xFA, 0xFE, 0x00,
    0x2F, 0xFF, 0xFF, 0xFF, 0xFF, 0xFF, 0xFF, 0xFF, 0xFF, 0xFF, 0xFF, 0xFF, 0xFF, 0xFE, 0x55, 0x55,
    0x5B, 0xF8, 0x00, 0x00, 0x1F, 0xF4, 0x00, 0x00, 0x3F, 0xF9, 0x56, 0xF0, 0x3F, 0xFF, 0xFF, 0xC0,
    0x3F, 0xFF, 0xFF, 0x00, 0x1B, 0xFF, 0x90, 0x00, 0x2F, 0xFE, 0x00, 0x7F, 0xFF, 0xC0, 0x3F, 0xFF,
    0xF0, 0x1F, 0xFD, 0x54, 0x07, 0xFC, 0x00, 0x02, 0xFF, 0x00, 0x02, 0xFF, 0xFF, 0xC3, 0xFF, 0xFF,
    0xF0, 0xFF, 0xFF, 0xFC, 0x16, 0xFF, 0x55, 0x00, 0xBF, 0xC0, 0x00, 0x2F, 0xF0, 0x00, 0x0B, 0xFC,
    0x00, 0x02, 0xFF, 0x00, 0x00, 0xBF, 0xC0, 0x00, 0x2F, 0xF0, 0x00, 0x0B, 0xFC, 0x00, 0x02, 0xFF,
    0x00, 0x00, 0xBF, 0xC0, 0x00, 0x2F, 0xF0, 0x00, 0x0B, 0xFC, 0x00, 0x02, 0xFF, 0x00, 0x00, 0x01,
    0xFF, 0x83, 0xFC, 0x2F, 0xFF, 0xDF, 0xF2, 0xFF, 0xFF, 0xFF, 0xCF, 0xFE, 0x5F, 0xFF, 0xBF, 0xD0,
    0x0F, 0xFF, 0xFF, 0x00, 0x1F, 0xFF, 0xF8, 0x00, 0x3F, 0xFF, 0xE0, 0x00, 0xFF, 0xFF, 0x80, 0x03,
    0xFF, 0xFE, 0x00, 0x0F, 0xFF, 0xFC, 0x00, 0x7F, 0xEF, 0xF4, 0x03, 0xFF, 0x3F, 0xF9, 0x7F, 0xFC,
    0xBF, 0xFF, 0xFF, 0xF0, 0xFF, 0xFF, 0x7F, 0xC0, 0x7F, 0xE1, 0xFF, 0x00, 0x00, 0x07, 0xFC, 0x00,
    0x00, 0x2F, 0xF1, 0x00, 0x00, 0xFF, 0x8F, 0xA5, 0x6F, 0xFD, 0x3F, 0xFF, 0xFF, 0xE0, 0xFF, 0xFF,
    0xFE, 0x01, 0xBF, 0xFF, 0x80, 0x00, 0xFF, 0x80, 0x00, 0x03, 0xFE, 0x00, 0x00, 0x0F, 0xF8, 0x00,
    0x00, 0x3F, 0xE0, 0x00, 0x00, 0xFF, 0x80, 0x00, 0x03, 0xFD, 0x00, 0x00, 0x0F, 0xF4, 0x7F, 0xE4,
    0x3F, 0xDF, 0xFF, 0xF8, 0xFF, 0xFF, 0xFF, 0xF7, 0xFF, 0xE5, 0xFF, 0xEF, 0xFD, 0x00, 0xFF, 0xFF,
    0xF0, 0x02, 0xFF, 0xFF, 0x80, 0x0B, 0xFF, 0xFE, 0x00, 0x2F, 0xFF, 0xF8, 0x00, 0xBF, 0xFF, 0xE0,
    0x02, 0xFF, 0xFF, 0x80, 0x0B, 0xFF, 0xFE, 0x00, 0x2F, 0xFF, 0xF8, 0x00, 0xBF, 0xFF, 0xE0, 0x02,
    0xFF, 0xFF, 0x80, 0x0B, 0xFF, 0xFE, 0x00, 0x2F, 0xF0, 0x7E, 0x3F, 0xDF, 0xF5, 0xF8, 0x00, 0x00,
    0x0F, 0xFB, 0xFE, 0xFF, 0xBF, 0xEF, 0xFB, 0xFE, 0xFF, 0xBF, 0xEF, 0xFB, 0xFE, 0xFF, 0xBF, 0xEF,
    0xFB, 0xFE, 0xFF, 0xBF, 0xE0, 0x00, 0x7E, 0x00, 0x3F, 0xD0, 0x0F, 0xF4, 0x01, 0xF8, 0x00, 0x00,
    0x00, 0x00, 0x00, 0x0F, 0xF8, 0x03, 0xFE, 0x00, 0xFF, 0x80, 0x3F, 0xE0, 0x0F, 0xF8, 0x03, 0xFE,
    0x00, 0xFF, 0x80, 0x3F, 0xE0, 0x0F, 0xF8, 0x03, 0xFE, 0x00, 0xFF, 0x80, 0x3F, 0xE0, 0x0F, 0xF8,
    0x03, 0xFE, 0x00, 0xFF, 0x80, 0x3F, 0xE0, 0x0F, 0xF8, 0x03, 0xFD, 0x00, 0xFF, 0x55, 0xFF, 0xDB,
    0xFF, 0xF2, 0xFF, 0xF4, 0x7F, 0xE0, 0x00, 0xFF, 0x80, 0x00, 0x00, 0xFF, 0x80, 0x00, 0x00, 0xFF,
    0x80, 0x00, 0x00, 0xFF, 0x80, 0x00, 0x00, 0xFF, 0x80, 0x00, 0x00, 0xFF, 0x80, 0x00, 0x00, 0xFF,
    0x80, 0x0B, 0xFC, 0xFF, 0x80, 0x2F, 0xF0, 0xFF, 0x80, 0xBF, 0xD0, 0xFF, 0x82, 0xFF, 0x40, 0xFF,
    0x47, 0xFD, 0x00, 0xFF, 0x5F, 0xF8, 0x00, 0xFF, 0x7F, 0xE0, 0x00, 0xFF, 0xFF, 0xE0, 0x00, 0xFF,
    0xFF, 0xF4, 0x00, 0xFF, 0xFF, 0xFC, 0x00, 0xFF, 0xC3, 0xFF, 0x00, 0xFF, 0x81, 0xFF, 0x80, 0xFF,
    0x80, 0xBF, 0xD0, 0xFF, 0x80, 0x3F, 0xF0, 0xFF, 0x80, 0x0F, 0xFC, 0xFF, 0x80, 0x07, 0xFE, 0xFF,
    0xBF, 0xEF, 0xFB, 0xFE, 0xFF, 0xBF, 0xEF, 0xFB, 0xFE, 0xFF, 0xBF, 0xEF, 0xFB, 0xFE, 0xFF, 0xBF,
    0xEF, 0xFB, 0xFE, 0xFF, 0xBF, 0xEF, 0xFB, 0xFE, 0xFF, 0xBF, 0xE0, 0xFE, 0x0B, 0xFE, 0x00, 0xBF,
    0xE0, 0x3F, 0xCF, 0xFF, 0xF5, 0xFF, 0xFF, 0x0F, 0xFF, 0xFF, 0xFF, 0xFF, 0xFF, 0xF3, 0xFF, 0xE5,
    0xFF, 0xFD, 0x6F, 0xFC, 0xFF, 0xD0, 0x1F, 0xFD, 0x01, 0xFF, 0x7F, 0xF0, 0x03, 0xFF, 0x00, 0x3F,
    0xDF, 0xF8, 0x00, 0xFF, 0x80, 0x0F, 0xFB, 0xFE, 0x00, 0x3F, 0xE0, 0x03, 0xFE, 0xFF, 0x80, 0x0F,
    0xF8, 0x00, 0xFF, 0xBF, 0xE0, 0x03, 0xFE, 0x00, 0x3F, 0xEF, 0xF8, 0x00, 0xFF, 0x80, 0x0F, 0xFB,
    0xFE, 0x00, 0x3F, 0xE0, 0x03, 0xFE, 0xFF, 0x80, 0x0F, 0xF8, 0x00, 0xFF, 0xBF, 0xE0, 0x03, 0xFE,
    0x00, 0x3F, 0xEF, 0xF8, 0x00, 0xFF, 0x80, 0x0F, 0xFB, 0xFE, 0x00, 0x3F, 0xE0, 0x03, 0xFE, 0xFE,
    0x07, 0xFE, 0x43, 0xFC, 0xFF, 0xFF, 0x8F, 0xFF, 0xFF, 0xFF, 0x7F, 0xFE, 0x5F, 0xFE, 0xFF, 0xD0,
    0x0F, 0xFF, 0xFF, 0x00, 0x2F, 0xFF, 0xF8, 0x00, 0xBF, 0xFF, 0xE0, 0x02, 0xFF, 0xFF, 0x80, 0x0B,
    0xFF, 0xFE, 0x00, 0x2F, 0xFF, 0xF8, 0x00, 0xBF, 0xFF, 0xE0, 0x02, 0xFF, 0xFF, 0x80, 0x0B, 0xFF,
    0xFE, 0x00, 0x2F, 0xFF, 0xF8, 0x00, 0xBF, 0xFF, 0xE0, 0x02, 0xFF, 0x00, 0x6F, 0xF8, 0x00, 0x07,
    0xFF, 0xFF, 0x80, 0x1F, 0xFF, 0xFF, 0xE0, 0x3F, 0xF9, 0x7F, 0xF4, 0x7F, 0xD0, 0x0F, 0xFC, 0xBF,
    0xC0, 0x07, 0xFC, 0xFF, 0x80, 0x03, 0xFD, 0xFF, 0x80, 0x03, 0xFD, 0xFF, 0x80, 0x03, 0xFD, 0xFF,
    0x80, 0x03, 0xFD, 0xBF, 0xC0, 0x07, 0xFC, 0x7F, 0xD0, 0x0F, 0xFC, 0x3F, 0xF9, 0x7F, 0xF4, 0x0F,
    0xFF, 0xFF, 0xE0, 0x03, 0xFF, 0xFF, 0x80, 0x00, 0x6F, 0xF8, 0x00, 0xFF, 0x0B, 0xFD, 0x03, 0xFC,
    0xFF, 0xFF, 0x0F, 0xFF, 0xFF, 0xFE, 0x3F, 0xFD, 0x5F, 0xFC, 0xFF, 0xC0, 0x1F, 0xFB, 0xFE, 0x00,
    0x3F, 0xFF, 0xF8, 0x00, 0xBF, 0xFF, 0xE0, 0x02, 0xFF, 0xFF, 0x80, 0x0B, 0xFF, 0xFE, 0x00, 0x2F,
    0xFF, 0xFC, 0x00, 0xFF, 0xFF, 0xF0, 0x07, 0xFE, 0xFF, 0xF5, 0x7F, 0xF3, 0xFF, 0xFF, 0xFF, 0x8F,
    0xFB, 0xFF, 0xFC, 0x3F, 0xD2, 0xFF, 0x40, 0xFF, 0x40, 0x00, 0x03, 0xFE, 0x00, 0x00, 0x0F, 0xF8,
    0x00, 0x00, 0x3F, 0xE0, 0x00, 0x00, 0xFF, 0x80, 0x00, 0x03, 0xFE, 0x00, 0x00, 0x0F, 0xF8, 0x00,
    0x00, 0x00, 0x01, 0xFF, 0x83, 0xFC, 0x2F, 0xFF, 0xDF, 0xF2, 0xFF, 0xFF, 0xFF, 0xCF, 0xFD, 0x5F,
    0xFF, 0xBF, 0xD0, 0x0F, 0xFF, 0xFF, 0x00, 0x3F, 0xFF, 0xF8, 0x00, 0xBF, 0xFF, 0xE0, 0x02, 0xFF,
    0xFF, 0x80, 0x0B, 0xFF, 0xFE, 0x00, 0x2F, 0xFF, 0xFC, 0x00, 0xBF, 0xEF, 0xF0, 0x03, 0xFF, 0x3F,
    0xF5, 0x7F, 0xFC, 0xBF, 0xFF, 0xFF, 0xF0, 0xFF, 0xFF, 0xBF, 0xC0, 0x7F, 0xD2, 0xFF, 0x00, 0x00,
    0x0B, 0xFC, 0x00, 0x00, 0x2F, 0xF0, 0x00, 0x00, 0xBF, 0xC0, 0x00, 0x02, 0xFF, 0x00, 0x00, 0x0B,
    0xFC, 0x00, 0x00, 0x2F, 0xF0, 0x00, 0x00, 0xBF, 0xC0, 0xFE, 0x07, 0xFB, 0xFC, 0xBF, 0xDF, 0xFB,
    0xFF, 0x7F, 0xFF, 0xFD, 0xFF, 0xF4, 0x03, 0xFF, 0x00, 0x0F, 0xF8, 0x00, 0x3F, 0xE0, 0x00, 0xFF,
    0x80, 0x03, 0xFE, 0x00, 0x0F, 0xF8, 0x00, 0x3F, 0xE0, 0x00, 0xFF, 0x80, 0x03, 0xFE, 0x00, 0x0F,
    0xF8, 0x00, 0x3F, 0xE0, 0x00, 0x06, 0xFF, 0xE0, 0x2F, 0xFF, 0xFE, 0xBF, 0xFF, 0xFD, 0xFF, 0xD5,
    0xBC, 0xFF, 0x80, 0x00, 0xFF, 0xD0, 0x00, 0x7F, 0xFE, 0x00, 0x2F, 0xFF, 0xE0, 0x02, 0xFF, 0xFC,
    0x00, 0x2F, 0xFE, 0x00, 0x03, 0xFF, 0x40, 0x02, 0xFF, 0xF9, 0x5B, 0xFF, 0xFF, 0xFF, 0xFD, 0xFF,
    0xFF, 0xF8, 0x2F, 0xFF, 0x80, 0x00, 0xA4, 0x00, 0x0B, 0xE0, 0x00, 0x3F, 0x80, 0x01, 0xFE, 0x00,
    0x2F, 0xFF, 0xFF, 0xFF, 0xFF, 0xFF, 0xFF, 0xFF, 0xD7, 0xFE, 0x55, 0x0F, 0xF8, 0x00, 0x3F, 0xE0,
    0x00, 0xFF, 0x80, 0x03, 0xFE, 0x00, 0x0F, 0xF8, 0x00, 0x3F, 0xE0, 0x00, 0xFF, 0x80, 0x03, 0xFE,
    0x00, 0x0F, 0xFD, 0x58, 0x2F, 0xFF, 0xF0, 0x3F, 0xFF, 0xC0, 0x2F, 0xF9, 0xFF, 0x80, 0x0B, 0xFF,
    0xFE, 0x00, 0x2F, 0xFF, 0xF8, 0x00, 0xBF, 0xFF, 0xE0, 0x02, 0xFF, 0xFF, 0x80, 0x0B, 0xFF, 0xFE,
    0x00, 0x2F, 0xFF, 0xF8, 0x00, 0xBF, 0xFF, 0xE0, 0x02, 0xFF, 0xFF, 0x80, 0x0B, 0xFF, 0xFE, 0x00,
    0x2F, 0xFF, 0xF8, 0x00, 0xFF, 0xFF, 0xF0, 0x07, 0xFF, 0xBF, 0xF5, 0xBF, 0xFD, 0xFF, 0xFF, 0xFF,
    0xF2, 0xFF, 0xFF, 0x7F, 0xC1, 0xBF, 0xE0, 0xBF, 0xFF, 0xC0, 0x00, 0xFF, 0x5F, 0xF0, 0x00, 0x7F,
    0xC3, 0xFD, 0x00, 0x3F, 0xE0, 0xBF, 0x80, 0x0F, 0xF4, 0x1F, 0xF0, 0x07, 0xFC, 0x03, 0xFD, 0x02,
    0xFE, 0x00, 0xBF, 0x80, 0xFF, 0x00, 0x0F, 0xF0, 0x7F, 0xC0, 0x03, 0xFD, 0x2F, 0xD0, 0x00, 0x7F,
    0x8F, 0xF0, 0x00, 0x0F, 0xF7, 0xF8, 0x00, 0x02, 0xFE, 0xFD, 0x00, 0x00, 0x7F, 0xFF, 0x00, 0x00,
    0x0F, 0xFF, 0x80, 0x00, 0x02, 0xFF, 0xC0, 0x00, 0x00, 0x3F, 0xF0, 0x00, 0x3F, 0xD0, 0x07, 0xFE,
    0x00, 0x3F, 0xC3, 0xFE, 0x00, 0xBF, 0xF0, 0x07, 0xFC, 0x1F, 0xF0, 0x0F, 0xFF, 0x00, 0xBF, 0x40,
    0xFF, 0x00, 0xFF, 0xF4, 0x0F, 0xF0, 0x0F, 0xF4, 0x1F, 0xAF, 0x80, 0xFF, 0x00, 0xBF, 0x82, 0xF5,
    0xFC, 0x2F, 0xE0, 0x07, 0xFC, 0x3F, 0x0F, 0xC3, 0xFD, 0x00, 0x3F, 0xC7, 0xF0, 0xFD, 0x3F, 0xC0,
    0x03, 0xFD, 0x7E, 0x0F, 0xD7, 0xFC, 0x00, 0x1F, 0xDB, 0xE0, 0xBE, 0x7F, 0x40, 0x00, 0xFE, 0xFD,
    0x07, 0xFB, 0xF0, 0x00, 0x0F, 0xEF, 0xC0, 0x3F, 0xFF, 0x00, 0x00, 0xBF, 0xFC, 0x03, 0xFF, 0xE0,
    0x00, 0x07, 0xFF, 0x80, 0x2F, 0xFD, 0x00, 0x00, 0x3F, 0xF4, 0x01, 0xFF, 0xC0, 0x00, 0x03, 0xFF,
    0x00, 0x0F, 0xFC, 0x00, 0x7F, 0xE0, 0x03, 0xFF, 0x0B, 0xFD, 0x01, 0xFF, 0x40, 0xFF, 0xC0, 0xFF,
    0xC0, 0x1F, 0xF4, 0xBF, 0xC0, 0x02, 0xFF, 0x7F, 0xE0, 0x00, 0x3F, 0xFF, 0xF0, 0x00, 0x07, 0xFF,
    0xF0, 0x00, 0x00, 0xBF, 0xF8, 0x00, 0x00, 0x3F, 0xFE, 0x00, 0x00, 0x2F, 0xFF, 0xD0, 0x00, 0x0F,
    0xFF, 0xFC, 0x00, 0x0F, 0xFC, 0xFF, 0x80, 0x0B, 0xFC, 0x1F, 0xF4, 0x03, 0xFE, 0x02, 0xFF, 0x03,
    0xFF, 0x00, 0x3F, 0xE2, 0xFF, 0x40, 0x0B, 0xFD, 0x3F, 0xF0, 0x00, 0x3F, 0xD1, 0xFF, 0x00, 0x07,
    0xFC, 0x0F, 0xF4, 0x00, 0xBF, 0x80, 0xBF, 0xC0, 0x0F, 0xF4, 0x03, 0xFC, 0x01, 0xFF, 0x00, 0x3F,
    0xD0, 0x2F, 0xE0, 0x01, 0xFE, 0x03, 0xFC, 0x00, 0x0F, 0xF0, 0x7F, 0xC0, 0x00, 0xBF, 0x4B, 0xF4,
    0x00, 0x07, 0xF8, 0xFF, 0x00, 0x00, 0x3F, 0xDF, 0xE0, 0x00, 0x01, 0xFE, 0xFD, 0x00, 0x00, 0x0F,
    0xFF, 0xC0, 0x00, 0x00, 0xBF, 0xF8, 0x00, 0x00, 0x07, 0xFF, 0x00, 0x00, 0x00, 0x3F, 0xF0, 0x00,
    0x00, 0x03, 0xFD, 0x00, 0x00, 0x00, 0x7F, 0xC0, 0x00, 0x00, 0x0F, 0xF8, 0x00, 0x00, 0x57, 0xFF,
    0x00, 0x00, 0x0F, 0xFF, 0xE0, 0x00, 0x00, 0xFF, 0xF8, 0x00, 0x00, 0x0F, 0xF9, 0x00, 0x00, 0x00,
    0xFF, 0xFF, 0xFF, 0x3F, 0xFF, 0xFF, 0xCF, 0xFF, 0xFF, 0xF1, 0x55, 0x5F, 0xF4, 0x00, 0x0F, 0xFC,
    0x00, 0x0B, 0xFC, 0x00, 0x03, 0xFD, 0x00, 0x03, 0xFE, 0x00, 0x02, 0xFF, 0x00, 0x01, 0xFF, 0x00,
    0x00, 0xFF, 0x40, 0x00, 0xBF, 0x80, 0x00, 0x7F, 0xD5, 0x55, 0x7F, 0xFF, 0xFF, 0xFF, 0xFF, 0xFF,
    0xFF, 0xFF, 0xFF, 0xFF, 0x00, 0x0B, 0xF8, 0x01, 0xFF, 0xE0, 0x0F, 0xFF, 0x80, 0x3F, 0xF4, 0x00,
    0xFF, 0x00, 0x03, 0xFC, 0x00, 0x0F, 0xF0, 0x00, 0x3F, 0xC0, 0x00, 0xFF, 0x00, 0x03, 0xFC, 0x00,
    0x7F, 0xF0, 0x2F, 0xFF, 0x00, 0xBF, 0xD0, 0x02, 0xFF, 0xE0, 0x01, 0xBF, 0xE0, 0x00, 0x7F, 0xC0,
    0x00, 0xFF, 0x00, 0x03, 0xFC, 0x00, 0x0F, 0xF0, 0x00, 0x3F, 0xC0, 0x00, 0xFF, 0x00, 0x03, 0xFE,
    0x00, 0x0F, 0xFF, 0x80, 0x1F, 0xFE, 0x00, 0x1F, 0xF8, 0x00, 0x00, 0x40, 0xFF, 0xFF, 0xFF, 0xFF,
    0xFF, 0xFF, 0xFF, 0xFF, 0xFF, 0xFF, 0xFF, 0xFF, 0xFF, 0xFF, 0xFF, 0xFF, 0xFF, 0xFF, 0xFF, 0xFF,
    0xFF, 0xFC, 0xBF, 0x80, 0x02, 0xFF, 0xD0, 0x0B, 0xFF, 0xC0, 0x07, 0xFF, 0x00, 0x03, 0xFC, 0x00,
    0x0F, 0xF0, 0x00, 0x3F, 0xC0, 0x00, 0xFF, 0x00, 0x03, 0xFC, 0x00, 0x0F, 0xF0, 0x00, 0x3F, 0xF4,
    0x00, 0x3F, 0xFE, 0x00, 0x1F, 0xF8, 0x02, 0xFF, 0xE0, 0x2F, 0xF9, 0x00, 0xFF, 0x40, 0x03, 0xFC,
    0x00, 0x0F, 0xF0, 0x00, 0x3F, 0xC0, 0x00, 0xFF, 0x00, 0x03, 0xFC, 0x00, 0x2F, 0xF0, 0x0B, 0xFF,
    0xC0, 0x2F, 0xFD, 0x00, 0xBF, 0xD0, 0x00, 0x40, 0x00, 0x00, 0x00, 0x00, 0x00, 0x02, 0xFF, 0x40,
    0x02, 0xFF, 0xFF, 0x95, 0xFF, 0xFF, 0xFF, 0xFF, 0xF5, 0x6F, 0xFF, 0xF8, 0x00, 0x1F, 0xF8, 0x00,
    0x00, 0x00, 0x00, 0x7E, 0x3F, 0xDF, 0xF7, 0xFD, 0x7E, 0x00, 0x00, 0x03, 0xFE, 0xFF, 0xBF, 0xEF,
    0xFB, 0xFE, 0xFF, 0xBF, 0xEF, 0xFB, 0xFE, 0xFF, 0xBF, 0xEF, 0xFB, 0xFE, 0xFF, 0x80, 0x00, 0x0F,
    0xC0, 0x00, 0x03, 0xF0, 0x00, 0x01, 0xFE, 0x40, 0x0F, 0xFF, 0xFE, 0x0F, 0xFF, 0xFF, 0x8F, 0xFF,
    0xFF, 0xC7, 0xFF, 0x40, 0x62, 0xFF, 0x00, 0x00, 0xFF, 0xC0, 0x00, 0x3F, 0xE0, 0x00, 0x0F, 0xF8,
    0x00, 0x03, 0xFE, 0x00, 0x00, 0xFF, 0x80, 0x00, 0x2F, 0xF0, 0x00, 0x07, 0xFF, 0x40, 0x64, 0xBF,
    0xFF, 0xFE, 0x0F, 0xFF, 0xFF, 0x80, 0x7F, 0xFF, 0xD0, 0x00, 0xFD, 0x00, 0x00, 0x3F, 0x00, 0x00,
    0x0F, 0xC0, 0x00, 0x00, 0x1B, 0xFE, 0x80, 0x02, 0xFF, 0xFF, 0xC0, 0x2F, 0xFF, 0xFE, 0x00, 0xFF,
    0xD5, 0xB4, 0x07, 0xFD, 0x00, 0x00, 0x1F, 0xF0, 0x00, 0x00, 0xBF, 0xC0, 0x00, 0x02, 0xFF, 0x00,
    0x00, 0x5B, 0xFD, 0x55, 0x03, 0xFF, 0xFF, 0xFC, 0x0F, 0xFF, 0xFF, 0xF0, 0x3F, 0xFF, 0xFF, 0xC0,
    0x0B, 0xFC, 0x00, 0x00, 0x2F, 0xF0, 0x00, 0x00, 0xBF, 0xC0, 0x00, 0x02, 0xFF, 0x00, 0x00, 0x0F,
    0xF4, 0x00, 0x01, 0xFF, 0x95, 0x55, 0x5F, 0xFF, 0xFF, 0xFF, 0xFF, 0xFF, 0xFF, 0xFF, 0xFF, 0xFF,
    0xFF, 0xFC, 0x00, 0x00, 0x00, 0x00, 0x18, 0x00, 0x09, 0x01, 0xFA, 0xFD, 0xBD, 0x0F, 0xFF, 0xFF,
    0xF8, 0x0F, 0xFF, 0xFF, 0xC0, 0x1F, 0xE6, 0xFD, 0x00, 0xFD, 0x01, 0xFC, 0x03, 0xF0, 0x03, 0xF0,
    0x0F, 0xC0, 0x0F, 0xC0, 0x3F, 0x40, 0x7F, 0x00, 0x7F, 0x9B, 0xF4, 0x03, 0xFF, 0xFF, 0xF0, 0x2F,
    0xFF, 0xFF, 0xE0, 0x7E, 0xBF, 0xAF, 0x40, 0x60, 0x00, 0x24, 0x00, 0x00, 0x00, 0x00, 0x7F, 0xC0,
    0x00, 0xFF, 0x4F, 0xF8, 0x00, 0x3F, 0xC1, 0xFF, 0x00, 0x2F, 0xE0, 0x3F, 0xD0, 0x0F, 0xF0, 0x07,
    0xFC, 0x0B, 0xF8, 0x00, 0xFF, 0x43, 0xFC, 0x00, 0x1F, 0xE1, 0xFE, 0x00, 0x03, 0xFC, 0xFF, 0x00,
    0x00, 0xBF, 0xFF, 0xC0, 0x00, 0x0F, 0xFF, 0xD0, 0x00, 0x02, 0xFF, 0xF0, 0x00, 0x0F, 0xFF, 0xFF,
    0xC0, 0x03, 0xFF, 0xFF, 0xF0, 0x00, 0xAB, 0xFF, 0xA8, 0x00, 0x00, 0xBF, 0xC0, 0x00, 0x0F, 0xFF,
    0xFF, 0xC0, 0x03, 0xFF, 0xFF, 0xF0, 0x00, 0xFF, 0xFF, 0xFC, 0x00, 0x00, 0xBF, 0xC0, 0x00, 0x00,
    0x2F, 0xF0, 0x00, 0x00, 0x0B, 0xFC, 0x00, 0x00, 0xFF, 0xFF, 0xFF, 0xFF, 0xFF, 0xFF, 0xFF, 0xFF,
    0xC0, 0x00, 0x00, 0x00, 0x00, 0x0F, 0xFF, 0xFF, 0xFF, 0xFF, 0xFF, 0xFF, 0xFF, 0xFC, 0x06, 0xFF,
    0x90, 0xFF, 0xFF, 0xEB, 0xFF, 0xFF, 0x7F, 0x40, 0x1C, 0xFC, 0x00, 0x02, 0xFD, 0x00, 0x03, 0xFF,
    0x80, 0x0B, 0xFF, 0xE0, 0x7F, 0xBF, 0xF3, 0xF0, 0x1F, 0xEF, 0xC0, 0x0F, 0xFF, 0x40, 0x3F, 0xBF,
    0x82, 0xFC, 0xBF, 0xFF, 0xC0, 0x7F, 0xFE, 0x00, 0x1F, 0xFD, 0x00, 0x07, 0xFC, 0x00, 0x0F, 0xFE,
    0x00, 0x7F, 0xFF, 0xFF, 0xFD, 0xFF, 0xFF, 0xE0, 0x7F, 0xF9, 0x00, 0x04, 0x00, 0x42, 0xFC, 0x2F,
    0xCF, 0xF4, 0xFF, 0x5F, 0x81, 0xF8, 0x00, 0x02, 0xFF, 0xE4, 0x00, 0x00, 0x03, 0xFF, 0xFF, 0xF0,
    0x00, 0x01, 0xFD, 0x00, 0x1F, 0xD0, 0x00, 0x7D, 0x00, 0x00, 0x1F, 0x40, 0x0F, 0x40, 0xBF, 0xE0,
    0x7C, 0x03, 0xD0, 0x3F, 0xFF, 0x02, 0xF0, 0x3C, 0x0F, 0xC0, 0x50, 0x0F, 0x4B, 0x41, 0xF0, 0x00,
    0x00, 0xB8, 0xF0, 0x3D, 0x00, 0x00, 0x03, 0xCF, 0x03, 0xC0, 0x00, 0x00, 0x3C, 0xF0, 0x3C, 0x00,
    0x00, 0x03, 0xCF, 0x03, 0xC0, 0x00, 0x00, 0x3C, 0xF0, 0x3D, 0x00, 0x00, 0x03, 0xCB, 0x42, 0xF0,
    0x00, 0x00, 0x78, 0x7C, 0x0F, 0x80, 0x10, 0x0F, 0x43, 0xD0, 0x7F, 0xFF, 0x02, 0xF0, 0x1F, 0x00,
    0xBF, 0xD0, 0x7D, 0x00, 0xBD, 0x00, 0x00, 0x1F, 0x80, 0x02, 0xFD, 0x00, 0x1F, 0xE0, 0x00, 0x07,
    0xFF, 0xFF, 0xF4, 0x00, 0x00, 0x06, 0xFF, 0xE4, 0x00, 0x00, 0x1B, 0xFD, 0x0F, 0xFF, 0xD2, 0x41,
    0xFC, 0x00, 0x3F, 0x1F, 0xFF, 0xEF, 0xFF, 0xFF, 0xC0, 0xFF, 0xF0, 0x7F, 0xBF, 0xFF, 0xCB, 0xF4,
    0xF0, 0x00, 0x00, 0x00, 0x40, 0x00, 0xB8, 0x01, 0xF4, 0x01, 0xFF, 0x07, 0xFC, 0x07, 0xFC, 0x0F,
    0xF4, 0x0F, 0xF4, 0x3F, 0xE0, 0x3F, 0xE0, 0xFF, 0xC0, 0xBF, 0xC2, 0xFF, 0x00, 0xFF, 0x83, 0xFF,
    0x00, 0x3F, 0xD0, 0xFF, 0x80, 0x1F, 0xF0, 0x3F, 0xD0, 0x07, 0xFC, 0x1F, 0xF4, 0x02, 0xFF, 0x0B,
    0xFC, 0x00, 0xFD, 0x02, 0xF8, 0x00, 0x10, 0x00, 0x40, 0x55, 0x55, 0x55, 0x5F, 0xFF, 0xFF, 0xFF,
    0xFF, 0xFF, 0xFF, 0xFF, 0xFF, 0xFF, 0xFF, 0x00, 0x00, 0x03, 0xF0, 0x00, 0x00, 0x3F, 0x00, 0x00,
    0x03, 0xF0, 0x00, 0x00, 0x3F, 0x00, 0x00, 0x03, 0xF0, 0x55, 0x55, 0xFF, 0xFF, 0xFF, 0xFF, 0xFF,
    0xFF, 0x00, 0x02, 0xFF, 0xE4, 0x00, 0x00, 0x03, 0xFF, 0xFF, 0xF0, 0x00, 0x01, 0xFD, 0x00, 0x1F,
    0xD0, 0x00, 0x7D, 0x00, 0x00, 0x1F, 0x40, 0x0F, 0x43, 0xFF, 0x90, 0x7C, 0x03, 0xD0, 0x3F, 0xFF,
    0x42, 0xF0, 0x3C, 0x03, 0xC0, 0xBC, 0x0F, 0x4B, 0x40, 0x3C, 0x03, 0xC0, 0xB8, 0xF0, 0x03, 0xC0,
    0x7C, 0x03, 0xCF, 0x00, 0x3C, 0x0F, 0x80, 0x3C, 0xF0, 0x03, 0xFF, 0xF0, 0x03, 0xCF, 0x00, 0x3F,
    0xFC, 0x00, 0x3C, 0xF0, 0x03, 0xC3, 0xE0, 0x03, 0xCB, 0x40, 0x3C, 0x0F, 0x00, 0x78, 0x7C, 0x03,
    0xC0, 0xBC, 0x0F, 0x43, 0xD0, 0x3C, 0x03, 0xD2, 0xF0, 0x1F, 0x03, 0xC0, 0x1E, 0x7D, 0x00, 0xBD,
    0x00, 0x00, 0x1F, 0x80, 0x02, 0xFD, 0x00, 0x1F, 0xE0, 0x00, 0x07, 0xFF, 0xFF, 0xF4, 0x00, 0x00,
    0x06, 0xFF, 0xE4, 0x00, 0x00, 0x55, 0x55, 0x55, 0x57, 0xFF, 0xFF, 0xFF, 0xFF, 0xFF, 0xFF, 0xFF,
    0xFF, 0xFF, 0xFF, 0xFF, 0x02, 0xF8, 0x02, 0xFF, 0xF8, 0x7F, 0xFF, 0xDF, 0xD0, 0x7F, 0xFC, 0x03,
    0xFF, 0xC0, 0x3F, 0xFF, 0x5F, 0xF7, 0xFF, 0xFD, 0x2F, 0xFF, 0x80, 0x7F, 0xD0, 0x00, 0x0F, 0xC0,
    0x00, 0x00, 0xFC, 0x00, 0x00, 0x0F, 0xC0, 0x00, 0x00, 0xFC, 0x00, 0x00, 0x0F, 0xC0, 0x0F, 0xFF,
    0xFF, 0xFF, 0xFF, 0xFF, 0xFF, 0xFF, 0xFF, 0xFF, 0xFF, 0x55, 0x5F, 0xD5, 0x50, 0x00, 0xFC, 0x00,
    0x00, 0x0F, 0xC0, 0x00, 0x00, 0xFC, 0x00, 0x00, 0x0F, 0xC0, 0x00, 0x00, 0xFC, 0x00, 0x55, 0x55,
    0x55, 0x5F, 0xFF, 0xFF, 0xFF, 0xFF, 0xFF, 0xFF, 0xFF, 0xFF, 0xFF, 0xFF, 0x02, 0xFE, 0x01, 0xFF,
    0xFD, 0x2F, 0xFF, 0xF0, 0xE0, 0xFF, 0x00, 0x0B, 0xF0, 0x00, 0xFE, 0x00, 0x3F, 0xC0, 0x0F, 0xF0,
    0x03, 0xFC, 0x00, 0xFE, 0x00, 0x3F, 0xFF, 0xF3, 0xFF, 0xFF, 0x3F, 0xFF, 0xF0, 0x02, 0xFF, 0x80,
    0xBF, 0xFF, 0xC2, 0xFF, 0xFF, 0x82, 0x40, 0xFE, 0x00, 0x07, 0xF0, 0x0B, 0xFE, 0x00, 0x2F, 0xF8,
    0x00, 0x02, 0xFC, 0x00, 0x03, 0xF8, 0xD0, 0x1F, 0xE3, 0xFF, 0xFF, 0x4F, 0xFF, 0xF8, 0x0B, 0xFE,
    0x40, 0x01, 0xAA, 0x00, 0xFF, 0x80, 0xFF, 0x40, 0xFF, 0x40, 0xBE, 0x00, 0x00, 0xFF, 0x80, 0x0B,
    0xFF, 0xFE, 0x00, 0x2F, 0xFF, 0xF8, 0x00, 0xBF, 0xFF, 0xE0, 0x02, 0xFF, 0xFF, 0x80, 0x0B, 0xFF,
    0xFE, 0x00, 0x2F, 0xFF, 0xF8, 0x00, 0xBF, 0xFF, 0xE0, 0x02, 0xFF, 0xFF, 0x80, 0x0B, 0xFF, 0xFE,
    0x00, 0x2F, 0xFF, 0xF8, 0x00, 0xFF, 0xFF, 0xF0, 0x07, 0xFF, 0xFF, 0xF5, 0xBF, 0xFF, 0xFF, 0xFF,
    0xFF, 0xFF, 0xFF, 0xFF, 0x7F, 0xFF, 0xEB, 0xF4, 0xBF, 0xFF, 0x80, 0x00, 0x03, 0xFE, 0x00, 0x00,
    0x0F, 0xF8, 0x00, 0x00, 0x3F, 0xE0, 0x00, 0x00, 0xFF, 0x80, 0x00, 0x03, 0xFE, 0x00, 0x00, 0x0F,
    0xF8, 0x00, 0x00, 0x00, 0x01, 0xFF, 0xFF, 0xFC, 0x3F, 0xFF, 0xFF, 0xF3, 0xFF, 0xFF, 0xFF, 0xDF,
    0xFF, 0xFC, 0x0F, 0xBF, 0xFF, 0xF0, 0x3F, 0xFF, 0xFF, 0xC0, 0xFF, 0xFF, 0xFF, 0x03, 0xFF, 0xFF,
    0xFC, 0x0F, 0xFF, 0xFF, 0xF0, 0x3F, 0xFF, 0xFF, 0xC0, 0xFB, 0xFF, 0xFF, 0x03, 0xDF, 0xFF, 0xFC,
    0x0F, 0x2F, 0xFF, 0xF0, 0x3C, 0x2F, 0xFF, 0xC0, 0xF0, 0x06, 0x9F, 0x03, 0xC0, 0x00, 0x3C, 0x0F,
    0x00, 0x00, 0xF0, 0x3C, 0x00, 0x03, 0xC0, 0xF0, 0x00, 0x0F, 0x03, 0xC0, 0x00, 0x3C, 0x0F, 0x00,
    0x00, 0xF0, 0x3C, 0x00, 0x03, 0xC0, 0xF0, 0x00, 0x0F, 0x03, 0xC0, 0x00, 0x3C, 0x0F, 0x00, 0x00,
    0xF0, 0x3C, 0x00, 0x03, 0xC0, 0xF0, 0x7E, 0x3F, 0xDF, 0xF7, 0xFD, 0x7E, 0x00, 0x0B, 0xC0, 0x3F,
    0x40, 0xBF, 0x80, 0x3F, 0x01, 0xFE, 0xFF, 0xD7, 0xFD, 0x00, 0x01, 0xFE, 0x0B, 0xFE, 0x2F, 0xFE,
    0xBF, 0xFE, 0x38, 0xFE, 0x00, 0xFE, 0x00, 0xFE, 0x00, 0xFE, 0x00, 0xFE, 0x00, 0xFE, 0x00, 0xFE,
    0x00, 0xFE, 0x07, 0xFD, 0x03, 0xFF, 0xF8, 0xBE, 0x0B, 0xDF, 0xC0, 0x3E, 0xFC, 0x03, 0xFF, 0xC0,
    0x3F, 0xFC, 0x03, 0xE7, 0xE0, 0xBD, 0x2F, 0xFF, 0x80, 0x7F, 0xD0, 0x01, 0x00, 0x00, 0x00, 0x07,
    0xE0, 0x0B, 0xC0, 0x03, 0xFD, 0x0F, 0xF8, 0x00, 0x7F, 0xC0, 0xFF, 0x80, 0x0B, 0xFC, 0x1F, 0xF4,
    0x00, 0xFF, 0xC1, 0xFF, 0x40, 0x0F, 0xF8, 0x2F, 0xF0, 0x03, 0xFF, 0x07, 0xFD, 0x02, 0xFF, 0x07,
    0xFD, 0x01, 0xFF, 0x03, 0xFE, 0x00, 0xFF, 0x43, 0xFE, 0x00, 0xFF, 0x83, 0xFF, 0x00, 0x2F, 0x80,
    0x7F, 0x00, 0x00, 0x40, 0x01, 0x00, 0x00, 0x00, 0xFC, 0x00, 0x01, 0xFD, 0x00, 0x07, 0xFC, 0x00,
    0x03, 0xF8, 0x00, 0x2F, 0xFC, 0x00, 0x07, 0xF0, 0x00, 0x7E, 0xFC, 0x00, 0x0F, 0xD0, 0x00, 0x28,
    0xFC, 0x00, 0x2F, 0xC0, 0x00, 0x00, 0xFC, 0x00, 0x3F, 0x40, 0x00, 0x00, 0xFC, 0x00, 0xFE, 0x00,
    0x00, 0x00, 0xFC, 0x01, 0xFC, 0x00, 0x00, 0x00, 0xFC, 0x03, 0xF4, 0x07, 0xF0, 0x00, 0xFC, 0x0B,
    0xF0, 0x0F, 0xF0, 0x00, 0xFC, 0x0F, 0xC0, 0x3F, 0xF0, 0x00, 0xFC, 0x2F, 0x80, 0xBB, 0xF0, 0x00,
    0x00, 0x7F, 0x01, 0xF3, 0xF0, 0x00, 0x00, 0xFD, 0x03, 0xD3, 0xF0, 0x00, 0x02, 0xF8, 0x0F, 0x83,
    0xF0, 0x00, 0x03, 0xF0, 0x2F, 0x57, 0xF5, 0x00, 0x0B, 0xE0, 0x3F, 0xFF, 0xFF, 0x00, 0x1F, 0xC0,
    0x3F, 0xFF, 0xFF, 0x00, 0x3F, 0x40, 0x00, 0x03, 0xF0, 0x00, 0x7E, 0x00, 0x00, 0x03, 0xF0, 0x00,
    0xFC, 0x00, 0x01, 0xFD, 0x00, 0x0B, 0xFC, 0x00, 0x03, 0xFC, 0x00, 0x3F, 0xFC, 0x00, 0x0B, 0xF0,
    0x00, 0x3D, 0xFC, 0x00, 0x0F, 0xE0, 0x00, 0x10, 0xFC, 0x00, 0x2F, 0xC0, 0x00, 0x00, 0xFC, 0x00,
    0x7F, 0x40, 0x00, 0x00, 0xFC, 0x00, 0xFE, 0x00, 0x00, 0x00, 0xFC, 0x01, 0xFC, 0x1A, 0x90, 0x00,
    0xFC, 0x03, 0xF5, 0xFF, 0xFC, 0x00, 0xFC, 0x0B, 0xF3, 0xFF, 0xFF, 0x00, 0xFC, 0x0F, 0xC0, 0xF4,
    0x7F, 0x00, 0xFC, 0x3F, 0x80, 0x00, 0x3F, 0x00, 0x00, 0x7F, 0x00, 0x00, 0xBE, 0x00, 0x00, 0xFD,
    0x00, 0x02, 0xFC, 0x00, 0x02, 0xF8, 0x00, 0x0B, 0xF0, 0x00, 0x03, 0xF0, 0x00, 0x3F, 0xC0, 0x00,
    0x0B, 0xE0, 0x00, 0xFF, 0x55, 0x00, 0x1F, 0xC0, 0x03, 0xFF, 0xFF, 0x00, 0x3F, 0x40, 0x03, 0xFF,
    0xFF, 0x00, 0x7E, 0x00, 0x03, 0xFF, 0xFF, 0x0B, 0xFD, 0x00, 0x00, 0x7E, 0x00, 0x3F, 0xFF, 0x40,
    0x00, 0xFD, 0x00, 0x2D, 0x1F, 0xC0, 0x02, 0xFC, 0x00, 0x00, 0x0F, 0xC0, 0x03, 0xF0, 0x00, 0x00,
    0x1F, 0x80, 0x0F, 0xE0, 0x00, 0x0B, 0xFD, 0x00, 0x1F, 0xC0, 0x00, 0x0B, 0xFE, 0x00, 0x3F, 0x40,
    0x00, 0x00, 0x2F, 0x80, 0x7F, 0x00, 0x00, 0x00, 0x0F, 0xC0, 0xFD, 0x00, 0x00, 0x00, 0x0F, 0xC2,
    0xF8, 0x07, 0xF0, 0xB4, 0x2F, 0xC3, 0xF0, 0x0F, 0xF0, 0xBF, 0xFF, 0x0F, 0xE0, 0x3F, 0xF0, 0x2F,
    0xF8, 0x1F, 0xC0, 0xBB, 0xF0, 0x00, 0x00, 0x3F, 0x41, 0xF3, 0xF0, 0x00, 0x00, 0xBF, 0x03, 0xD3,
    0xF0, 0x00, 0x00, 0xFC, 0x0F, 0x83, 0xF0, 0x00, 0x02, 0xF8, 0x2F, 0x57, 0xF5, 0x00, 0x07, 0xF0,
    0x3F, 0xFF, 0xFF, 0x00, 0x0F, 0xD0, 0x3F, 0xFF, 0xFF, 0x00, 0x1F, 0xC0, 0x00, 0x03, 0xF0, 0x00,
    0x3F, 0x40, 0x00, 0x03, 0xF0, 0x00, 0x1F, 0x80, 0x00, 0x0F, 0xF4, 0x00, 0x03, 0xFD, 0x00, 0x00,
    0xFF, 0x40, 0x00, 0x1F, 0x80, 0x00, 0x00, 0x00, 0x00, 0x00, 0x00, 0x00, 0x00, 0x2A, 0x00, 0x00,
    0x0F, 0xC0, 0x00, 0x0B, 0xF0, 0x00, 0x0B, 0xF8, 0x00, 0x1F, 0xFC, 0x00, 0x1F, 0xFC, 0x00, 0x0F,
    0xFC, 0x00, 0x0B, 0xFC, 0x00, 0x03, 0xFE, 0x00, 0x00, 0xFF, 0x80, 0x00, 0x3F, 0xF4, 0x0B, 0xC7,
    0xFF, 0xFF, 0xF4, 0xFF, 0xFF, 0xFE, 0x0B, 0xFF, 0xF9, 0x00, 0x05, 0x40, 0x00, 0x00, 0x0F, 0xFC,
    0x00, 0x00, 0x00, 0x00, 0xFF, 0x80, 0x00, 0x00, 0x00, 0x0B, 0xF8, 0x00, 0x00, 0x00, 0x00, 0x7F,
    0x40, 0x00, 0x00, 0x00, 0x02, 0x90, 0x00, 0x00, 0x00, 0x00, 0x00, 0x00, 0x00, 0x00, 0x3F, 0xFC,
    0x00, 0x00, 0x00, 0x0F, 0xFF, 0x40, 0x00, 0x00, 0x0B, 0xFF, 0xE0, 0x00, 0x00, 0x03, 0xFF, 0xFC,
    0x00, 0x00, 0x00, 0xFF, 0xBF, 0x40, 0x00, 0x00, 0xBF, 0x9F, 0xE0, 0x00, 0x00, 0x3F, 0xD3, 0xFC,
    0x00, 0x00, 0x1F, 0xF0, 0xFF, 0x40, 0x00, 0x0B, 0xFC, 0x2F, 0xF0, 0x00, 0x03, 0xFD, 0x03, 0xFC,
    0x00, 0x01, 0xFF, 0x00, 0xFF, 0x80, 0x00, 0xBF, 0xC0, 0x2F, 0xF0, 0x00, 0x3F, 0xE5, 0x5B, 0xFC,
    0x00, 0x1F, 0xFF, 0xFF, 0xFF, 0x80, 0x0B, 0xFF, 0xFF, 0xFF, 0xF0, 0x03, 0xFF, 0xFF, 0xFF, 0xFD,
    0x01, 0xFF, 0x40, 0x00, 0xFF, 0x80, 0xFF, 0xC0, 0x00, 0x3F, 0xF0, 0x3F, 0xE0, 0x00, 0x07, 0xFD,
    0x1F, 0xF4, 0x00, 0x00, 0xFF, 0x8F, 0xFC, 0x00, 0x00, 0x3F, 0xF0, 0x00, 0x00, 0x07, 0xFE, 0x00,
    0x00, 0x00, 0x03, 0xFE, 0x00, 0x00, 0x00, 0x03, 0xFD, 0x00, 0x00, 0x00, 0x02, 0xFC, 0x00, 0x00,
    0x00, 0x00, 0xA4, 0x00, 0x00, 0x00, 0x00, 0x00, 0x00, 0x00, 0x00, 0x00, 0x3F, 0xFC, 0x00, 0x00,
    0x00, 0x0F, 0xFF, 0x40, 0x00, 0x00, 0x0B, 0xFF, 0xE0, 0x00, 0x00, 0x03, 0xFF, 0xFC, 0x00, 0x00,
    0x00, 0xFF, 0xBF, 0x40, 0x00, 0x00, 0xBF, 0x9F, 0xE0, 0x00, 0x00, 0x3F, 0xD3, 0xFC, 0x00, 0x00,
    0x1F, 0xF0, 0xFF, 0x40, 0x00, 0x0B, 0xFC, 0x2F, 0xF0, 0x00, 0x03, 0xFD, 0x03, 0xFC, 0x00, 0x01,
    0xFF, 0x00, 0xFF, 0x80, 0x00, 0xBF, 0xC0, 0x2F, 0xF0, 0x00, 0x3F, 0xE5, 0x5B, 0xFC, 0x00, 0x1F,
    0xFF, 0xFF, 0xFF, 0x80, 0x0B, 0xFF, 0xFF, 0xFF, 0xF0, 0x03, 0xFF, 0xFF, 0xFF, 0xFD, 0x01, 0xFF,
    0x40, 0x00, 0xFF, 0x80, 0xFF, 0xC0, 0x00, 0x3F, 0xF0, 0x3F, 0xE0, 0x00, 0x07, 0xFD, 0x1F, 0xF4,
    0x00, 0x00, 0xFF, 0x8F, 0xFC, 0x00, 0x00, 0x3F, 0xF0, 0x00, 0x01, 0xFF, 0x80, 0x00, 0x00, 0x01,
    0xFF, 0xF4, 0x00, 0x00, 0x00, 0xFE, 0xBF, 0x40, 0x00, 0x00, 0xFE, 0x07, 0xF4, 0x00, 0x00, 0x69,
    0x00, 0x29, 0x00, 0x00, 0x00, 0x00, 0x00, 0x00, 0x00, 0x00, 0x3F, 0xFC, 0x00, 0x00, 0x00, 0x0F,
    0xFF, 0x40, 0x00, 0x00, 0x0B, 0xFF, 0xE0, 0x00, 0x00, 0x03, 0xFF, 0xFC, 0x00, 0x00, 0x00, 0xFF,
    0xBF, 0x40, 0x00, 0x00, 0xBF, 0x9F, 0xE0, 0x00, 0x00, 0x3F, 0xD3, 0xFC, 0x00, 0x00, 0x1F, 0xF0,
    0xFF, 0x40, 0x00, 0x0B, 0xFC, 0x2F, 0xF0, 0x00, 0x03, 0xFD, 0x03, 0xFC, 0x00, 0x01, 0xFF, 0x00,
    0xFF, 0x80, 0x00, 0xBF, 0xC0, 0x2F, 0xF0, 0x00, 0x3F, 0xE5, 0x5B, 0xFC, 0x00, 0x1F, 0xFF, 0xFF,
    0xFF, 0x80, 0x0B, 0xFF, 0xFF, 0xFF, 0xF0, 0x03, 0xFF, 0xFF, 0xFF, 0xFD, 0x01, 0xFF, 0x40, 0x00,
    0xFF, 0x80, 0xFF, 0xC0, 0x00, 0x3F, 0xF0, 0x3F, 0xE0, 0x00, 0x07, 0xFD, 0x1F, 0xF4, 0x00, 0x00,
    0xFF, 0x8F, 0xFC, 0x00, 0x00, 0x3F, 0xF0, 0x00, 0x01, 0x40, 0x05, 0x00, 0x00, 0x03, 0xFE, 0x07,
    0xC0, 0x00, 0x03, 0xFF, 0xFF, 0xF0, 0x00, 0x01, 0xFA, 0xFF, 0xF0, 0x00, 0x00, 0xB8, 0x07, 0xF0,
    0x00, 0x00, 0x00, 0x00, 0x00, 0x00, 0x00, 0x00, 0x3F, 0xFC, 0x00, 0x00, 0x00, 0x0F, 0xFF, 0x40,
    0x00, 0x00, 0x0B, 0xFF, 0xE0, 0x00, 0x00, 0x03, 0xFF, 0xFC, 0x00, 0x00, 0x00, 0xFF, 0xBF, 0x40,
    0x00, 0x00, 0xBF, 0x9F, 0xE0, 0x00, 0x00, 0x3F, 0xD3, 0xFC, 0x00, 0x00, 0x1F, 0xF0, 0xFF, 0x40,
    0x00, 0x0B, 0xFC, 0x2F, 0xF0, 0x00, 0x03, 0xFD, 0x03, 0xFC, 0x00, 0x01, 0xFF, 0x00, 0xFF, 0x80,
    0x00, 0xBF, 0xC0, 0x2F, 0xF0, 0x00, 0x3F, 0xE5, 0x5B, 0xFC, 0x00, 0x1F, 0xFF, 0xFF, 0xFF, 0x80,
    0x0B, 0xFF, 0xFF, 0xFF, 0xF0, 0x03, 0xFF, 0xFF, 0xFF, 0xFD, 0x01, 0xFF, 0x40, 0x00, 0xFF, 0x80,
    0xFF, 0xC0, 0x00, 0x3F, 0xF0, 0x3F, 0xE0, 0x00, 0x07, 0xFD, 0x1F, 0xF4, 0x00, 0x00, 0xFF, 0x8F,
    0xFC, 0x00, 0x00, 0x3F, 0xF0, 0x00, 0x01, 0x00, 0x10, 0x00, 0x00, 0x0B, 0xF0, 0xBF, 0x00, 0x00,
    0x03, 0xFD, 0x3F, 0xD0, 0x00, 0x00, 0x7E, 0x07, 0xE0, 0x00, 0x00, 0x00, 0x00, 0x00, 0x00, 0x00,
    0x00, 0x00, 0x00, 0x00, 0x00, 0x00, 0x2F, 0xFC, 0x00, 0x00, 0x00, 0x0F, 0xFF, 0x40, 0x00, 0x00,
    0x03, 0xFF, 0xE0, 0x00, 0x00, 0x02, 0xFF, 0xFC, 0x00, 0x00, 0x00, 0xFF, 0xBF, 0x40, 0x00, 0x00,
    0x7F, 0xDF, 0xF0, 0x00, 0x00, 0x2F, 0xE3, 0xFC, 0x00, 0x00, 0x0F, 0xF4, 0xFF, 0x80, 0x00, 0x07,
    0xFC, 0x1F, 0xF0, 0x00, 0x03, 0xFF, 0x03, 0xFC, 0x00, 0x00, 0xFF, 0x40, 0xFF, 0x80, 0x00, 0x7F,
    0xC0, 0x2F, 0xF0, 0x00, 0x3F, 0xF5, 0x5B, 0xFD, 0x00, 0x0F, 0xFF, 0xFF, 0xFF, 0x80, 0x0B, 0xFF,
    0xFF, 0xFF, 0xF0, 0x03, 0xFF, 0xFF, 0xFF, 0xFD, 0x01, 0xFF, 0x40, 0x00, 0xFF, 0xC0, 0xBF, 0xC0,
    0x00, 0x2F, 0xF0, 0x3F, 0xF0, 0x00, 0x07, 0xFE, 0x1F, 0xF4, 0x00, 0x00, 0xFF, 0xCF, 0xFC, 0x00,
    0x00, 0x2F, 0xF4, 0x00, 0x00, 0x00, 0x00, 0x00, 0x00, 0x00, 0x2F, 0xE0, 0x00, 0x00, 0x00, 0x2F,
    0xFE, 0x00, 0x00, 0x00, 0x0F, 0x47, 0xC0, 0x00, 0x00, 0x03, 0xD1, 0xF0, 0x00, 0x00, 0x00, 0xBF,
    0xFC, 0x00, 0x00, 0x00, 0x2F, 0xFF, 0x00, 0x00, 0x00, 0x0F, 0xFF, 0xC0, 0x00, 0x00, 0x07, 0xFF,
    0xF8, 0x00, 0x00, 0x02, 0xFD, 0xFF, 0x00, 0x00, 0x00, 0xFF, 0x3F, 0xD0, 0x00, 0x00, 0x7F, 0xCB,
    0xF8, 0x00, 0x00, 0x3F, 0xE1, 0xFF, 0x00, 0x00, 0x0F, 0xF4, 0x3F, 0xD0, 0x00, 0x07, 0xFC, 0x0B,
    0xF8, 0x00, 0x03, 0xFE, 0x01, 0xFF, 0x00, 0x00, 0xFF, 0x40, 0x3F, 0xD0, 0x00, 0xBF, 0xD5, 0x5F,
    0xF8, 0x00, 0x3F, 0xFF, 0xFF, 0xFF, 0x00, 0x0F, 0xFF, 0xFF, 0xFF, 0xD0, 0x0B, 0xFF, 0xFF, 0xFF,
    0xFC, 0x03, 0xFF, 0x00, 0x02, 0xFF, 0x01, 0xFF, 0x40, 0x00, 0x7F, 0xD0, 0xBF, 0xC0, 0x00, 0x0F,
    0xFC, 0x3F, 0xF0, 0x00, 0x02, 0xFF, 0x1F, 0xF8, 0x00, 0x00, 0x7F, 0xE0, 0x00, 0x00, 0x2F, 0xFF,
    0xFF, 0xFF, 0xF8, 0x00, 0x00, 0xFF, 0xFF, 0xFF, 0xFF, 0xE0, 0x00, 0x07, 0xFF, 0xFF, 0xFF, 0xFF,
    0x80, 0x00, 0x3F, 0xD7, 0xFE, 0x55, 0x54, 0x00, 0x01, 0xFE, 0x0F, 0xF8, 0x00, 0x00, 0x00, 0x0B,
    0xF4, 0x3F, 0xE0, 0x00, 0x00, 0x00, 0x3F, 0xC0, 0xFF, 0x80, 0x00, 0x00, 0x02, 0xFE, 0x03, 0xFE,
    0x00, 0x00, 0x00, 0x0F, 0xF0, 0x0F, 0xF9, 0x55, 0x50, 0x00, 0xBF, 0xC0, 0x3F, 0xFF, 0xFF, 0xC0,
    0x03, 0xFD, 0x00, 0xFF, 0xFF, 0xFF, 0x00, 0x1F, 0xF0, 0x03, 0xFF, 0xFF, 0xFC, 0x00, 0xFF, 0xD5,
    0x5F, 0xF8, 0x00, 0x00, 0x07, 0xFF, 0xFF, 0xFF, 0xE0, 0x00, 0x00, 0x2F, 0xFF, 0xFF, 0xFF, 0x80,
    0x00, 0x00, 0xFF, 0xFF, 0xFF, 0xFE, 0x00, 0x00, 0x0B, 0xFC, 0x00, 0x0F, 0xF8, 0x00, 0x00, 0x3F,
    0xD0, 0x00, 0x3F, 0xE5, 0x55, 0x42, 0xFF, 0x00, 0x00, 0xFF, 0xFF, 0xFF, 0x8F, 0xF8, 0x00, 0x03,
    0xFF, 0xFF, 0xFE, 0x7F, 0xC0, 0x00, 0x0F, 0xFF, 0xFF, 0xF8, 0x00, 0x06, 0xFF, 0xE4, 0x00, 0x2F,
    0xFF, 0xFF, 0xC0, 0x3F, 0xFF, 0xFF, 0xE0, 0x3F, 0xFE, 0x56, 0xF0, 0x2F, 0xF8, 0x00, 0x04, 0x0F,
    0xFC, 0x00, 0x00, 0x07, 0xFC, 0x00, 0x00, 0x02, 0xFF, 0x00, 0x00, 0x00, 0xFF, 0x80, 0x00, 0x00,
    0x3F, 0xE0, 0x00, 0x00, 0x0F, 0xF8, 0x00, 0x00, 0x03, 0xFE, 0x00, 0x00, 0x00, 0xFF, 0x80, 0x00,
    0x00, 0x2F, 0xF0, 0x00, 0x00, 0x07, 0xFC, 0x00, 0x00, 0x00, 0xFF, 0x80, 0x00, 0x00, 0x2F, 0xF8,
    0x00, 0x00, 0x03, 0xFF, 0xE5, 0x6F, 0x80, 0x7F, 0xFF, 0xFF, 0xE0, 0x03, 0xFF, 0xFF, 0xF8, 0x00,
    0x1B, 0xFF, 0xE4, 0x00, 0x00, 0xBC, 0x00, 0x00, 0x00, 0x3F, 0xD0, 0x00, 0x00, 0x01, 0xFC, 0x00,
    0x00, 0x00, 0x3F, 0x00, 0x00, 0x03, 0xFF, 0x80, 0x00, 0x00, 0xFF, 0x80, 0x00, 0x00, 0x00, 0x00,
    0x00, 0x3F, 0xF0, 0x00, 0x0B, 0xFC, 0x00, 0x02, 0xFE, 0x00, 0x00, 0x7F, 0x80, 0x00, 0x06, 0x80,
    0x00, 0x00, 0x00, 0xFF, 0xFF, 0xFF, 0xFF, 0xFF, 0xFF, 0xFF, 0xFF, 0xFF, 0xFF, 0x95, 0x55, 0xFF,
    0x80, 0x00, 0xFF, 0x80, 0x00, 0xFF, 0x80, 0x00, 0xFF, 0x80, 0x00, 0xFF, 0x95, 0x54, 0xFF, 0xFF,
    0xFE, 0xFF, 0xFF, 0xFE, 0xFF, 0xFF, 0xFE, 0xFF, 0x80, 0x00, 0xFF, 0x80, 0x00, 0xFF, 0x80, 0x00,
    0xFF, 0x80, 0x00, 0xFF, 0x80, 0x00, 0xFF, 0x95, 0x55, 0xFF, 0xFF, 0xFF, 0xFF, 0xFF, 0xFF, 0xFF,
    0xFF, 0xFF, 0x00, 0x0F, 0xFC, 0x00, 0x2F, 0xF0, 0x00, 0x7F, 0x80, 0x01, 0xFD, 0x00, 0x01, 0xA0,
    0x00, 0x00, 0x00, 0x00, 0xFF, 0xFF, 0xFF, 0xFF, 0xFF, 0xFF, 0xFF, 0xFF, 0xFF, 0xFF, 0x95, 0x55,
    0xFF, 0x80, 0x00, 0xFF, 0x80, 0x00, 0xFF, 0x80, 0x00, 0xFF, 0x80, 0x00, 0xFF, 0x95, 0x54, 0xFF,
    0xFF, 0xFE, 0xFF, 0xFF, 0xFE, 0xFF, 0xFF, 0xFE, 0xFF, 0x80, 0x00, 0xFF, 0x80, 0x00, 0xFF, 0x80,
    0x00, 0xFF, 0x80, 0x00, 0xFF, 0x80, 0x00, 0xFF, 0x95, 0x55, 0xFF, 0xFF, 0xFF, 0xFF, 0xFF, 0xFF,
    0xFF, 0xFF, 0xFF, 0x01, 0xFF, 0x80, 0x07, 0xFF, 0xD0, 0x0F, 0xEB, 0xF4, 0x3F, 0x81, 0xFD, 0x69,
    0x00, 0x29, 0x00, 0x00, 0x00, 0xFF, 0xFF, 0xFF, 0xFF, 0xFF, 0xFF, 0xFF, 0xFF, 0xFF, 0xFF, 0x95,
    0x55, 0xFF, 0x80, 0x00, 0xFF, 0x80, 0x00, 0xFF, 0x80, 0x00, 0xFF, 0x80, 0x00, 0xFF, 0x95, 0x54,
    0xFF, 0xFF, 0xFE, 0xFF, 0xFF, 0xFE, 0xFF, 0xFF, 0xFE, 0xFF, 0x80, 0x00, 0xFF, 0x80, 0x00, 0xFF,
    0x80, 0x00, 0xFF, 0x80, 0x00, 0xFF, 0x80, 0x00, 0xFF, 0x95, 0x55, 0xFF, 0xFF, 0xFF, 0xFF, 0xFF,
    0xFF, 0xFF, 0xFF, 0xFF, 0x04, 0x00, 0x10, 0x3F, 0x82, 0xFC, 0x7F, 0xC3, 0xFD, 0x3F, 0x41, 0xF8,
    0x00, 0x00, 0x00, 0x00, 0x00, 0x00, 0xFF, 0xFF, 0xFF, 0xFF, 0xFF, 0xFF, 0xFF, 0xFF, 0xFF, 0xFF,
    0x95, 0x55, 0xFF, 0x80, 0x00, 0xFF, 0x80, 0x00, 0xFF, 0x80, 0x00, 0xFF, 0x80, 0x00, 0xFF, 0x95,
    0x54, 0xFF, 0xFF, 0xFE, 0xFF, 0xFF, 0xFE, 0xFF, 0xFF, 0xFE, 0xFF, 0x80, 0x00, 0xFF, 0x80, 0x00,
    0xFF, 0x80, 0x00, 0xFF, 0x80, 0x00, 0xFF, 0x80, 0x00, 0xFF, 0x95, 0x55, 0xFF, 0xFF, 0xFF, 0xFF,
    0xFF, 0xFF, 0xFF, 0xFF, 0xFF, 0x7F, 0xE0, 0x01, 0xFF, 0x40, 0x03, 0xFC, 0x00, 0x0B, 0xF0, 0x00,
    0x1A, 0x40, 0x00, 0x00, 0x3F, 0xFF, 0xF3, 0xFF, 0xFF, 0x3F, 0xFF, 0xF0, 0x3F, 0xF4, 0x02, 0xFF,
    0x00, 0x2F, 0xF0, 0x02, 0xFF, 0x00, 0x2F, 0xF0, 0x02, 0xFF, 0x00, 0x2F, 0xF0, 0x02, 0xFF, 0x00,
    0x2F, 0xF0, 0x02, 0xFF, 0x00, 0x2F, 0xF0, 0x02, 0xFF, 0x00, 0x2F, 0xF0, 0x02, 0xFF, 0x00, 0x3F,
    0xF4, 0x3F, 0xFF, 0xF3, 0xFF, 0xFF, 0x3F, 0xFF, 0xF0, 0x00, 0x7F, 0xD0, 0x0F, 0xF4, 0x03, 0xFC,
    0x00, 0xFF, 0x00, 0x0A, 0x40, 0x00, 0x00, 0x00, 0xFF, 0xFF, 0xCF, 0xFF, 0xFC, 0xFF, 0xFF, 0xC0,
    0xFF, 0xD0, 0x0B, 0xFC, 0x00, 0xBF, 0xC0, 0x0B, 0xFC, 0x00, 0xBF, 0xC0, 0x0B, 0xFC, 0x00, 0xBF,
    0xC0, 0x0B, 0xFC, 0x00, 0xBF, 0xC0, 0x0B, 0xFC, 0x00, 0xBF, 0xC0, 0x0B, 0xFC, 0x00, 0xBF, 0xC0,
    0x0B, 0xFC, 0x00, 0xFF, 0xD0, 0xFF, 0xFF, 0xCF, 0xFF, 0xFC, 0xFF, 0xFF, 0xC0, 0x00, 0xFF, 0xC0,
    0x00, 0xBF, 0xFC, 0x00, 0xBF, 0x7F, 0x80, 0xBF, 0x03, 0xF4, 0x29, 0x00, 0x19, 0x00, 0x00, 0x00,
    0x00, 0xFF, 0xFF, 0xC0, 0x3F, 0xFF, 0xF0, 0x0F, 0xFF, 0xFC, 0x00, 0x3F, 0xF4, 0x00, 0x0B, 0xFC,
    0x00, 0x02, 0xFF, 0x00, 0x00, 0xBF, 0xC0, 0x00, 0x2F, 0xF0, 0x00, 0x0B, 0xFC, 0x00, 0x02, 0xFF,
    0x00, 0x00, 0xBF, 0xC0, 0x00, 0x2F, 0xF0, 0x00, 0x0B, 0xFC, 0x00, 0x02, 0xFF, 0x00, 0x00, 0xBF,
    0xC0, 0x00, 0x2F, 0xF0, 0x00, 0x0B, 0xFC, 0x00, 0x03, 0xFF, 0x40, 0x0F, 0xFF, 0xFC, 0x03, 0xFF,
    0xFF, 0x00, 0xFF, 0xFF, 0xC0, 0x04, 0x00, 0x42, 0xFC, 0x2F, 0xCF, 0xF4, 0xFF, 0x5F, 0x81, 0xF8,
    0x00, 0x00, 0x00, 0x00, 0x00, 0x03, 0xFF, 0xFF, 0x0F, 0xFF, 0xFC, 0x3F, 0xFF, 0xF0, 0x1F, 0xFC,
    0x00, 0x3F, 0xE0, 0x00, 0xFF, 0x80, 0x03, 0xFE, 0x00, 0x0F, 0xF8, 0x00, 0x3F, 0xE0, 0x00, 0xFF,
    0x80, 0x03, 0xFE, 0x00, 0x0F, 0xF8, 0x00, 0x3F, 0xE0, 0x00, 0xFF, 0x80, 0x03, 0xFE, 0x00, 0x0F,
    0xF8, 0x00, 0x3F, 0xE0, 0x01, 0xFF, 0xC0, 0x3F, 0xFF, 0xF0, 0xFF, 0xFF, 0xC3, 0xFF, 0xFF, 0x00,
    0x0F, 0xFF, 0xFE, 0x80, 0x00, 0x3F, 0xFF, 0xFF, 0xE0, 0x00, 0xFF, 0xFF, 0xFF, 0xF0, 0x03, 0xFE,
    0x56, 0xFF, 0xF0, 0x0F, 0xF8, 0x00, 0xBF, 0xE0, 0x3F, 0xE0, 0x00, 0xBF, 0xC0, 0xFF, 0x80, 0x00,
    0xFF, 0x83, 0xFE, 0x00, 0x03, 0xFF, 0x0F, 0xF8, 0x00, 0x0B, 0xFF, 0xFF, 0xFF, 0xC0, 0x2F, 0xFF,
    0xFF, 0xFF, 0x00, 0xBF, 0xFF, 0xFF, 0xFC, 0x02, 0xFF, 0x5F, 0xF9, 0x50, 0x0B, 0xFC, 0x3F, 0xE0,
    0x00, 0x3F, 0xE0, 0xFF, 0x80, 0x00, 0xFF, 0x43, 0xFE, 0x00, 0x0F, 0xFC, 0x0F, 0xF8, 0x00, 0xBF,
    0xD0, 0x3F, 0xE5, 0x6F, 0xFF, 0x00, 0xFF, 0xFF, 0xFF, 0xF0, 0x03, 0xFF, 0xFF, 0xFD, 0x00, 0x0F,
    0xFF, 0xFE, 0x40, 0x00, 0x00, 0x01, 0x00, 0x04, 0x00, 0x00, 0xFF, 0xD0, 0xF8, 0x00, 0x0B, 0xFF,
    0xFF, 0xC0, 0x00, 0x3F, 0xBF, 0xFE, 0x00, 0x01, 0xF0, 0x1B, 0xD0, 0x00, 0x00, 0x00, 0x00, 0x00,
    0x0F, 0xFF, 0x00, 0x00, 0x3F, 0xFF, 0xFE, 0x00, 0x00, 0xFF, 0xFF, 0xFD, 0x00, 0x03, 0xFF, 0xFF,
    0xFC, 0x00, 0x0F, 0xFF, 0xFF, 0xF4, 0x00, 0x3F, 0xFF, 0xFF, 0xF0, 0x00, 0xFF, 0xFF, 0x3F, 0xE0,
    0x03, 0xFF, 0xFC, 0xBF, 0xC0, 0x0F, 0xFF, 0xF0, 0xFF, 0xC0, 0x3F, 0xFF, 0xC1, 0xFF, 0x40, 0xFF,
    0xFF, 0x03, 0xFF, 0x03, 0xFF, 0xFC, 0x07, 0xFE, 0x0F, 0xFF, 0xF0, 0x0B, 0xFC, 0x3F, 0xFF, 0xC0,
    0x0F, 0xF8, 0xFF, 0xFF, 0x00, 0x2F, 0xF7, 0xFF, 0xFC, 0x00, 0x3F, 0xFF, 0xFF, 0xF0, 0x00, 0x7F,
    0xFF, 0xFF, 0xC0, 0x00, 0xFF, 0xFF, 0xFF, 0x00, 0x00, 0xFF, 0xFF, 0xFC, 0x00, 0x02, 0xFF, 0xFF,
    0xF0, 0x00, 0x03, 0xFF, 0xC0, 0x00, 0x1F, 0xF8, 0x00, 0x00, 0x00, 0x07, 0xFD, 0x00, 0x00, 0x00,
    0x00, 0xFF, 0x00, 0x00, 0x00, 0x00, 0x2F, 0xC0, 0x00, 0x00, 0x00, 0x06, 0x90, 0x00, 0x00, 0x00,
    0x00, 0x00, 0x00, 0x00, 0x1B, 0xFF, 0x90, 0x00, 0x00, 0xFF, 0xFF, 0xFE, 0x00, 0x07, 0xFF, 0xFF,
    0xFF, 0xC0, 0x0F, 0xFF, 0x56, 0xFF, 0xE0, 0x2F, 0xF4, 0x00, 0x3F, 0xF0, 0x3F, 0xE0, 0x00, 0x0F,
    0xF8, 0xBF, 0xC0, 0x00, 0x0B, 0xFC, 0xBF, 0xC0, 0x00, 0x07, 0xFC, 0xFF, 0x80, 0x00, 0x03, 0xFD,
    0xFF, 0x80, 0x00, 0x03, 0xFD, 0xFF, 0x80, 0x00, 0x03, 0xFD, 0xFF, 0x80, 0x00, 0x03, 0xFD, 0xFF,
    0x80, 0x00, 0x03, 0xFD, 0xBF, 0xC0, 0x00, 0x07, 0xFC, 0x7F, 0xC0, 0x00, 0x0B, 0xFC, 0x3F, 0xE0,
    0x00, 0x0F, 0xF8, 0x2F, 0xF4, 0x00, 0x3F, 0xF0, 0x0F, 0xFF, 0x56, 0xFF, 0xE0, 0x07, 0xFF, 0xFF,
    0xFF, 0x80, 0x00, 0xFF, 0xFF, 0xFE, 0x00, 0x00, 0x1B, 0xFF, 0x90, 0x00, 0x00, 0x00, 0x0B, 0xFD,
    0x00, 0x00, 0x00, 0x1F, 0xF4, 0x00, 0x00, 0x00, 0x3F, 0xC0, 0x00, 0x00, 0x00, 0xFE, 0x00, 0x00,
    0x00, 0x01, 0xA4, 0x00, 0x00, 0x00, 0x00, 0x00, 0x00, 0x00, 0x00, 0x1B, 0xFF, 0x90, 0x00, 0x00,
    0xFF, 0xFF, 0xFE, 0x00, 0x07, 0xFF, 0xFF, 0xFF, 0xC0, 0x0F, 0xFF, 0x56, 0xFF, 0xE0, 0x2F, 0xF4,
    0x00, 0x3F, 0xF0, 0x3F, 0xE0, 0x00, 0x0F, 0xF8, 0xBF, 0xC0, 0x00, 0x0B, 0xFC, 0xBF, 0xC0, 0x00,
    0x07, 0xFC, 0xFF, 0x80, 0x00, 0x03, 0xFD, 0xFF, 0x80, 0x00, 0x03, 0xFD, 0xFF, 0x80, 0x00, 0x03,
    0xFD, 0xFF, 0x80, 0x00, 0x03, 0xFD, 0xFF, 0x80, 0x00, 0x03, 0xFD, 0xBF, 0xC0, 0x00, 0x07, 0xFC,
    0x7F, 0xC0, 0x00, 0x0B, 0xFC, 0x3F, 0xE0, 0x00, 0x0F, 0xF8, 0x2F, 0xF4, 0x00, 0x3F, 0xF0, 0x0F,
    0xFF, 0x56, 0xFF, 0xE0, 0x07, 0xFF, 0xFF, 0xFF, 0x80, 0x00, 0xFF, 0xFF, 0xFE, 0x00, 0x00, 0x1B,
    0xFF, 0x90, 0x00, 0x00, 0x03, 0xFF, 0x40, 0x00, 0x00, 0x0B, 0xFF, 0xC0, 0x00, 0x00, 0x2F, 0xEF,
    0xF0, 0x00, 0x00, 0x7F, 0x42, 0xFC, 0x00, 0x00, 0xA4, 0x00, 0x69, 0x00, 0x00, 0x00, 0x00, 0x00,
    0x00, 0x00, 0x1B, 0xFF, 0x90, 0x00, 0x00, 0xFF, 0xFF, 0xFE, 0x00, 0x07, 0xFF, 0xFF, 0xFF, 0xC0,
    0x0F, 0xFF, 0x56, 0xFF, 0xE0, 0x2F, 0xF4, 0x00, 0x3F, 0xF0, 0x3F, 0xE0, 0x00, 0x0F, 0xF8, 0xBF,
    0xC0, 0x00, 0x0B, 0xFC, 0xBF, 0xC0, 0x00, 0x07, 0xFC, 0xFF, 0x80, 0x00, 0x03, 0xFD, 0xFF, 0x80,
    0x00, 0x03, 0xFD, 0xFF, 0x80, 0x00, 0x03, 0xFD, 0xFF, 0x80, 0x00, 0x03, 0xFD, 0xFF, 0x80, 0x00,
    0x03, 0xFD, 0xBF, 0xC0, 0x00, 0x07, 0xFC, 0x7F, 0xC0, 0x00, 0x0B, 0xFC, 0x3F, 0xE0, 0x00, 0x0F,
    0xF8, 0x2F, 0xF4, 0x00, 0x3F, 0xF0, 0x0F, 0xFF, 0x56, 0xFF, 0xE0, 0x07, 0xFF, 0xFF, 0xFF, 0x80,
    0x00, 0xFF, 0xFF, 0xFE, 0x00, 0x00, 0x1B, 0xFF, 0x90, 0x00, 0x00, 0x01, 0x40, 0x05, 0x00, 0x00,
    0x1F, 0xF4, 0x2E, 0x00, 0x00, 0x7F, 0xFF, 0xFD, 0x00, 0x00, 0xBE, 0xBF, 0xFC, 0x00, 0x00, 0xF4,
    0x0B, 0xE0, 0x00, 0x00, 0x00, 0x00, 0x00, 0x00, 0x00, 0x1B, 0xFF, 0x90, 0x00, 0x00, 0xFF, 0xFF,
    0xFE, 0x00, 0x07, 0xFF, 0xFF, 0xFF, 0xC0, 0x0F, 0xFF, 0x56, 0xFF, 0xE0, 0x2F, 0xF4, 0x00, 0x3F,
    0xF0, 0x3F, 0xE0, 0x00, 0x0F, 0xF8, 0xBF, 0xC0, 0x00, 0x0B, 0xFC, 0xBF, 0xC0, 0x00, 0x07, 0xFC,
    0xFF, 0x80, 0x00, 0x03, 0xFD, 0xFF, 0x80, 0x00, 0x03, 0xFD, 0xFF, 0x80, 0x00, 0x03, 0xFD, 0xFF,
    0x80, 0x00, 0x03, 0xFD, 0xFF, 0x80, 0x00, 0x03, 0xFD, 0xBF, 0xC0, 0x00, 0x07, 0xFC, 0x7F, 0xC0,
    0x00, 0x0B, 0xFC, 0x3F, 0xE0, 0x00, 0x0F, 0xF8, 0x2F, 0xF4, 0x00, 0x3F, 0xF0, 0x0F, 0xFF, 0x56,
    0xFF, 0xE0, 0x07, 0xFF, 0xFF, 0xFF, 0x80, 0x00, 0xFF, 0xFF, 0xFE, 0x00, 0x00, 0x1B, 0xFF, 0x90,
    0x00, 0x00, 0x04, 0x00, 0x10, 0x00, 0x00, 0x3F, 0x82, 0xFC, 0x00, 0x00, 0x7F, 0xC3, 0xFD, 0x00,
    0x00, 0x2F, 0x41, 0xF8, 0x00, 0x00, 0x00, 0x00, 0x00, 0x00, 0x00, 0x00, 0x00, 0x00, 0x00, 0x00,
    0x1B, 0xFF, 0x90, 0x00, 0x00, 0xFF, 0xFF, 0xFE, 0x00, 0x07, 0xFF, 0xFF, 0xFF, 0xC0, 0x0F, 0xFF,
    0x55, 0xFF, 0xE0, 0x2F, 0xF8, 0x00, 0x1F, 0xF0, 0x3F, 0xE0, 0x00, 0x0B, 0xF8, 0xBF, 0xC0, 0x00,
    0x03, 0xFC, 0xBF, 0xC0, 0x00, 0x03, 0xFC, 0xFF, 0x80, 0x00, 0x02, 0xFD, 0xFF, 0x80, 0x00, 0x02,
    0xFD, 0xFF, 0x80, 0x00, 0x02, 0xFD, 0xFF, 0x80, 0x00, 0x02, 0xFD, 0xFF, 0x80, 0x00, 0x02, 0xFD,
    0xBF, 0xC0, 0x00, 0x03, 0xFC, 0x7F, 0xC0, 0x00, 0x03, 0xFC, 0x3F, 0xE0, 0x00, 0x0B, 0xF8, 0x2F,
    0xF4, 0x00, 0x1F, 0xF0, 0x0F, 0xFF, 0x55, 0xFF, 0xE0, 0x07, 0xFF, 0xFF, 0xFF, 0x80, 0x00, 0xFF,
    0xFF, 0xFE, 0x00, 0x00, 0x1B, 0xFF, 0x90, 0x00, 0x00, 0x00, 0x01, 0x00, 0xF0, 0x00, 0x78, 0x3F,
    0xC0, 0x1F, 0xE1, 0xFF, 0x0B, 0xFC, 0x07, 0xFE, 0xFF, 0x00, 0x1F, 0xFF, 0xC0, 0x00, 0x7F, 0xF0,
    0x00, 0x0B, 0xFF, 0x00, 0x02, 0xFF, 0xFC, 0x00, 0xBF, 0x9F, 0xF0, 0x2F, 0xE0, 0x3F, 0xC2, 0xF8,
    0x00, 0xFD, 0x0A, 0x00, 0x03, 0x40, 0x00, 0x00, 0x00, 0x00, 0x00, 0x00, 0x01, 0x40, 0x00, 0x1B,
    0xFF, 0xE7, 0xF0, 0x00, 0xFF, 0xFF, 0xFF, 0xD0, 0x07, 0xFF, 0xFF, 0xFF, 0xC0, 0x0F, 0xFF, 0x56,
    0xFF, 0xF0, 0x2F, 0xF4, 0x00, 0xFF, 0xF4, 0x3F, 0xE0, 0x02, 0xFF, 0xFC, 0x7F, 0xC0, 0x03, 0xFB,
    0xFC, 0xBF, 0xC0, 0x0F, 0xD7, 0xFD, 0xFF, 0x80, 0x1F, 0xC3, 0xFD, 0xFF, 0x80, 0x3F, 0x03, 0xFD,
    0xFF, 0x80, 0xFD, 0x03, 0xFD, 0xFF, 0x81, 0xFC, 0x03, 0xFD, 0xFF, 0x83, 0xF0, 0x03, 0xFD, 0xFF,
    0xCB, 0xE0, 0x07, 0xFC, 0xBF, 0xDF, 0xC0, 0x0B, 0xFC, 0x3F, 0xFF, 0x00, 0x0F, 0xF8, 0x3F, 0xFE,
    0x00, 0x3F, 0xF0, 0x1F, 0xFF, 0x56, 0xFF, 0xE0, 0x0B, 0xFF, 0xFF, 0xFF, 0x80, 0x0F, 0xFF, 0xFF,
    0xFE, 0x00, 0x1F, 0xDB, 0xFF, 0x90, 0x00, 0x03, 0x00, 0x00, 0x00, 0x00, 0x01, 0xFF, 0x40, 0x00,
    0x00, 0x1F, 0xF0, 0x00, 0x00, 0x01, 0xFF, 0x00, 0x00, 0x00, 0x0F, 0xF0, 0x00, 0x00, 0x00, 0x68,
    0x00, 0x00, 0x00, 0x00, 0x00, 0x0F, 0xF8, 0x00, 0x0B, 0xFF, 0xFE, 0x00, 0x02, 0xFF, 0xFF, 0x80,
    0x00, 0xBF, 0xFF, 0xE0, 0x00, 0x2F, 0xFF, 0xF8, 0x00, 0x0B, 0xFF, 0xFE, 0x00, 0x02, 0xFF, 0xFF,
    0x80, 0x00, 0xBF, 0xFF, 0xE0, 0x00, 0x2F, 0xFF, 0xF8, 0x00, 0x0B, 0xFF, 0xFE, 0x00, 0x02, 0xFF,
    0xFF, 0x80, 0x00, 0xBF, 0xFF, 0xE0, 0x00, 0x2F, 0xFF, 0xF8, 0x00, 0x0B, 0xFF, 0xFE, 0x00, 0x02,
    0xFF, 0xFF, 0x80, 0x00, 0xBF, 0xFF, 0xF0, 0x00, 0x3F, 0xE7, 0xFD, 0x00, 0x1F, 0xF4, 0xFF, 0xE5,
    0x6F, 0xFC, 0x0F, 0xFF, 0xFF, 0xFC, 0x00, 0xFF, 0xFF, 0xFC, 0x00, 0x06, 0xFF, 0xE4, 0x00, 0x00,
    0x00, 0xBF, 0xD0, 0x00, 0x00, 0x7F, 0xD0, 0x00, 0x00, 0x3F, 0xC0, 0x00, 0x00, 0x3F, 0x80, 0x00,
    0x00, 0x0A, 0x40, 0x00, 0x00, 0x00, 0x00, 0x00, 0x0F, 0xF8, 0x00, 0x0B, 0xFF, 0xFE, 0x00, 0x02,
    0xFF, 0xFF, 0x80, 0x00, 0xBF, 0xFF, 0xE0, 0x00, 0x2F, 0xFF, 0xF8, 0x00, 0x0B, 0xFF, 0xFE, 0x00,
    0x02, 0xFF, 0xFF, 0x80, 0x00, 0xBF, 0xFF, 0xE0, 0x00, 0x2F, 0xFF, 0xF8, 0x00, 0x0B, 0xFF, 0xFE,
    0x00, 0x02, 0xFF, 0xFF, 0x80, 0x00, 0xBF, 0xFF, 0xE0, 0x00, 0x2F, 0xFF, 0xF8, 0x00, 0x0B, 0xFF,
    0xFE, 0x00, 0x02, 0xFF, 0xFF, 0x80, 0x00, 0xBF, 0xFF, 0xF0, 0x00, 0x3F, 0xE7, 0xFD, 0x00, 0x1F,
    0xF4, 0xFF, 0xE5, 0x6F, 0xFC, 0x0F, 0xFF, 0xFF, 0xFC, 0x00, 0xFF, 0xFF, 0xFC, 0x00, 0x06, 0xFF,
    0xE4, 0x00, 0x00, 0x0F, 0xFC, 0x00, 0x00, 0x0F, 0xFF, 0x80, 0x00, 0x0F, 0xF7, 0xF8, 0x00, 0x0B,
    0xF0, 0x7F, 0x40, 0x02, 0x90, 0x01, 0xA0, 0x00, 0x00, 0x00, 0x00, 0x0F, 0xF8, 0x00, 0x0B, 0xFF,
    0xFE, 0x00, 0x02, 0xFF, 0xFF, 0x80, 0x00, 0xBF, 0xFF, 0xE0, 0x00, 0x2F, 0xFF, 0xF8, 0x00, 0x0B,
    0xFF, 0xFE, 0x00, 0x02, 0xFF, 0xFF, 0x80, 0x00, 0xBF, 0xFF, 0xE0, 0x00, 0x2F, 0xFF, 0xF8, 0x00,
    0x0B, 0xFF, 0xFE, 0x00, 0x02, 0xFF, 0xFF, 0x80, 0x00, 0xBF, 0xFF, 0xE0, 0x00, 0x2F, 0xFF, 0xF8,
    0x00, 0x0B, 0xFF, 0xFE, 0x00, 0x02, 0xFF, 0xFF, 0x80, 0x00, 0xBF, 0xFF, 0xF0, 0x00, 0x3F, 0xE7,
    0xFD, 0x00, 0x1F, 0xF4, 0xFF, 0xE5, 0x6F, 0xFC, 0x0F, 0xFF, 0xFF, 0xFC, 0x00, 0xFF, 0xFF, 0xFC,
    0x00, 0x06, 0xFF, 0xE4, 0x00, 0x00, 0x10, 0x01, 0x00, 0x00, 0xBF, 0x03, 0xF8, 0x00, 0x3F, 0xD1,
    0xFF, 0x00, 0x07, 0xE0, 0x3F, 0x40, 0x00, 0x00, 0x00, 0x00, 0x00, 0x00, 0x00, 0x00, 0x0F, 0xF8,
    0x00, 0x0B, 0xFF, 0xFE, 0x00, 0x02, 0xFF, 0xFF, 0x80, 0x00, 0xBF, 0xFF, 0xE0, 0x00, 0x2F, 0xFF,
    0xF8, 0x00, 0x0B, 0xFF, 0xFE, 0x00, 0x02, 0xFF, 0xFF, 0x80, 0x00, 0xBF, 0xFF, 0xE0, 0x00, 0x2F,
    0xFF, 0xF8, 0x00, 0x0B, 0xFF, 0xFE, 0x00, 0x02, 0xFF, 0xFF, 0x80, 0x00, 0xBF, 0xFF, 0xE0, 0x00,
    0x2F, 0xFF, 0xF8, 0x00, 0x0B, 0xFF, 0xFE, 0x00, 0x02, 0xFF, 0xFF, 0x80, 0x00, 0xBF, 0xFF, 0xF0,
    0x00, 0x3F, 0xE7, 0xFD, 0x00, 0x1F, 0xF4, 0xFF, 0xE5, 0x6F, 0xFC, 0x0F, 0xFF, 0xFF, 0xFC, 0x00,
    0xFF, 0xFF, 0xFC, 0x00, 0x06, 0xFF, 0xE4, 0x00, 0x00, 0x00, 0x0F, 0xFC, 0x00, 0x00, 0x00, 0xFF,
    0x80, 0x00, 0x00, 0x0F, 0xF4, 0x00, 0x00, 0x00, 0xBF, 0x00, 0x00, 0x00, 0x01, 0x50, 0x00, 0x00,
    0x00, 0x00, 0x00, 0x00, 0x0B, 0xFC, 0x00, 0x02, 0xFF, 0x0F, 0xF8, 0x00, 0x0F, 0xF8, 0x2F, 0xF0,
    0x00, 0xBF, 0xC0, 0x3F, 0xE0, 0x03, 0xFE, 0x00, 0xBF, 0xC0, 0x2F, 0xF0, 0x00, 0xFF, 0x80, 0xFF,
    0x40, 0x01, 0xFF, 0x0B, 0xFC, 0x00, 0x03, 0xFE, 0x3F, 0xD0, 0x00, 0x07, 0xFF, 0xFF, 0x00, 0x00,
    0x0F, 0xFF, 0xF4, 0x00, 0x00, 0x1F, 0xFF, 0xC0, 0x00, 0x00, 0x3F, 0xFC, 0x00, 0x00, 0x00, 0x7F,
    0xE0, 0x00, 0x00, 0x00, 0xFF, 0x80, 0x00, 0x00, 0x03, 0xFE, 0x00, 0x00, 0x00, 0x0F, 0xF8, 0x00,
    0x00, 0x00, 0x3F, 0xE0, 0x00, 0x00, 0x00, 0xFF, 0x80, 0x00, 0x00, 0x03, 0xFE, 0x00, 0x00, 0x00,
    0x0F, 0xF8, 0x00, 0x00, 0x00, 0x3F, 0xE0, 0x00, 0x00, 0xFF, 0x80, 0x00, 0x03, 0xFE, 0x00, 0x00,
    0x0F, 0xF8, 0x00, 0x00, 0x3F, 0xE5, 0x40, 0x00, 0xFF, 0xFF, 0xFD, 0x03, 0xFF, 0xFF, 0xFE, 0x0F,
    0xFF, 0xFF, 0xFE, 0x3F, 0xE0, 0x1F, 0xFC, 0xFF, 0x80, 0x1F, 0xF7, 0xFE, 0x00, 0x3F, 0xDF, 0xF8,
    0x00, 0xFF, 0x7F, 0xE0, 0x03, 0xFD, 0xFF, 0x80, 0x2F, 0xF3, 0xFE, 0x57, 0xFF, 0xCF, 0xFF, 0xFF,
    0xFC, 0x3F, 0xFF, 0xFF, 0xC0, 0xFF, 0xFF, 0xE4, 0x03, 0xFE, 0x00, 0x00, 0x0F, 0xF8, 0x00, 0x00,
    0x3F, 0xE0, 0x00, 0x00, 0xFF, 0x80, 0x00, 0x00, 0x00, 0xBF, 0xFE, 0x00, 0x00, 0xBF, 0xFF, 0xFE,
    0x00, 0x3F, 0xFF, 0xFF, 0xFC, 0x07, 0xFF, 0x96, 0xFF, 0xD0, 0xFF, 0xC0, 0x03, 0xFD, 0x0F, 0xF8,
    0x00, 0x3F, 0xD0, 0xFF, 0x80, 0x0B, 0xFC, 0x0F, 0xF8, 0x02, 0xFF, 0x40, 0xFF, 0x80, 0xFF, 0xD0,
    0x0F, 0xF8, 0x2F, 0xF0, 0x00, 0xFF, 0x83, 0xFE, 0x00, 0x0F, 0xF8, 0x3F, 0xF8, 0x00, 0xFF, 0x81,
    0xFF, 0xF4, 0x0F, 0xF8, 0x07, 0xFF, 0xE0, 0xFF, 0x80, 0x0B, 0xFF, 0x8F, 0xF8, 0x00, 0x0F, 0xFC,
    0xFF, 0x80, 0x00, 0x3F, 0xDF, 0xF8, 0x00, 0x03, 0xFD, 0xFF, 0x8B, 0x95, 0xFF, 0xDF, 0xF8, 0xBF,
    0xFF, 0xFC, 0xFF, 0x8B, 0xFF, 0xFF, 0x4F, 0xF8, 0x2F, 0xFF, 0x80, 0x02, 0xFF, 0x40, 0x00, 0x02,
    0xFF, 0x40, 0x00, 0x01, 0xFF, 0x00, 0x00, 0x00, 0xFF, 0x00, 0x00, 0x00, 0x69, 0x00, 0x00, 0x00,
    0x00, 0x00, 0x1B, 0xFF, 0x90, 0x03, 0xFF, 0xFF, 0xF0, 0x0F, 0xFF, 0xFF, 0xF0, 0x1F, 0x95, 0xFF,
    0xC0, 0x00, 0x00, 0xFF, 0x40, 0x00, 0x03, 0xFD, 0x02, 0xFF, 0xFF, 0xF8, 0x7F, 0xFF, 0xFF, 0xE7,
    0xFF, 0xFF, 0xFF, 0xBF, 0xF4, 0x03, 0xFE, 0xFF, 0x80, 0x0F, 0xFB, 0xFE, 0x00, 0xBF, 0xEF, 0xFE,
    0x5B, 0xFF, 0x9F, 0xFF, 0xFF, 0xFE, 0x3F, 0xFF, 0xD3, 0xF8, 0x1F, 0xF8, 0x0F, 0xE0, 0x00, 0x00,
    0xBF, 0xD0, 0x00, 0x07, 0xFD, 0x00, 0x00, 0x7F, 0xC0, 0x00, 0x03, 0xF8, 0x00, 0x00, 0x1A, 0x40,
    0x00, 0x00, 0x00, 0x00, 0x00, 0x1B, 0xFF, 0x90, 0x03, 0xFF, 0xFF, 0xF0, 0x0F, 0xFF, 0xFF, 0xF0,
    0x1F, 0x95, 0xFF, 0xC0, 0x00, 0x00, 0xFF, 0x40, 0x00, 0x03, 0xFD, 0x02, 0xFF, 0xFF, 0xF8, 0x7F,
    0xFF, 0xFF, 0xE7, 0xFF, 0xAA, 0xFF, 0xBF, 0xF0, 0x03, 0xFE, 0xFF, 0x80, 0x0F, 0xFB, 0xFE, 0x00,
    0xBF, 0xEF, 0xFE, 0x5F, 0xFF, 0x9F, 0xFF, 0xFF, 0xFE, 0x3F, 0xFF, 0xD3, 0xF8, 0x1F, 0xF8, 0x0F,
    0xE0, 0x00, 0x3F, 0xF4, 0x00, 0x02, 0xFF, 0xF0, 0x00, 0x2F, 0xEF, 0xF0, 0x02, 0xFD, 0x0F, 0xF0,
    0x0A, 0x80, 0x06, 0x90, 0x00, 0x00, 0x00, 0x00, 0x1B, 0xFF, 0x90, 0x03, 0xFF, 0xFF, 0xF0, 0x0F,
    0xFF, 0xFF, 0xF0, 0x1F, 0x95, 0xFF, 0xC0, 0x00, 0x00, 0xFF, 0x40, 0x00, 0x03, 0xFD, 0x02, 0xFF,
    0xFF, 0xF8, 0x7F, 0xFF, 0xFF, 0xE7, 0xFF, 0xFF, 0xFF, 0xBF, 0xF4, 0x03, 0xFE, 0xFF, 0x80, 0x0F,
    0xFB, 0xFE, 0x00, 0xBF, 0xEF, 0xFE, 0x5B, 0xFF, 0x9F, 0xFF, 0xFF, 0xFE, 0x3F, 0xFF, 0xD3, 0xF8,
    0x1F, 0xF8, 0x0F, 0xE0, 0x00, 0x10, 0x00, 0x50, 0x0B, 0xFD, 0x0B, 0xC0, 0x7F, 0xFF, 0xFD, 0x03,
    0xFA, 0xFF, 0xF0, 0x0F, 0x00, 0xBE, 0x00, 0x00, 0x00, 0x00, 0x00, 0x1B, 0xFF, 0x90, 0x03, 0xFF,
    0xFF, 0xF0, 0x0F, 0xFF, 0xFF, 0xF0, 0x1F, 0x95, 0xFF, 0xC0, 0x00, 0x00, 0xFF, 0x40, 0x00, 0x03,
    0xFD, 0x02, 0xFF, 0xFF, 0xF8, 0x7F, 0xFF, 0xFF, 0xE7, 0xFF, 0xFF, 0xFF, 0xBF, 0xF4, 0x03, 0xFE,
    0xFF, 0x80, 0x0F, 0xFB, 0xFE, 0x00, 0xBF, 0xEF, 0xFE, 0x5B, 0xFF, 0x9F, 0xFF, 0xFF, 0xFE, 0x3F,
    0xFF, 0xD3, 0xF8, 0x1F, 0xF8, 0x0F, 0xE0, 0x07, 0xE0, 0x3F, 0x40, 0x3F, 0xD1, 0xFF, 0x00, 0xBF,
    0x03, 0xF8, 0x00, 0x10, 0x01, 0x00, 0x00, 0x00, 0x00, 0x00, 0x00, 0x00, 0x00, 0x00, 0x1B, 0xFF,
    0x90, 0x07, 0xFF, 0xFF, 0xF0, 0x0F, 0xFF, 0xFF, 0xF0, 0x2F, 0x95, 0xFF, 0xC0, 0x00, 0x00, 0xFF,
    0x40, 0x00, 0x03, 0xFD, 0x02, 0xFF, 0xFF, 0xF8, 0x7F, 0xFF, 0xFF, 0xE7, 0xFF, 0xFF, 0xFF, 0xBF,
    0xF4, 0x03, 0xFE, 0xFF, 0x80, 0x0F, 0xFB, 0xFE, 0x00, 0xBF, 0xEF, 0xFE, 0x5B, 0xFF, 0x9F, 0xFF,
    0xFF, 0xFE, 0x3F, 0xFF, 0xD3, 0xF8, 0x1F, 0xF8, 0x0F, 0xE0, 0x00, 0x2F, 0xE0, 0x00, 0x02, 0xFF,
    0xE0, 0x00, 0x0F, 0x47, 0xC0, 0x00, 0x3D, 0x1F, 0x00, 0x00, 0xBF, 0xF8, 0x00, 0x00, 0xBF, 0x80,
    0x00, 0x00, 0x00, 0x00, 0x00, 0x00, 0x00, 0x00, 0x01, 0xBF, 0xF9, 0x00, 0x3F, 0xFF, 0xFF, 0x00,
    0xFF, 0xFF, 0xFF, 0x01, 0xF9, 0x5F, 0xFC, 0x00, 0x00, 0x0F, 0xF4, 0x00, 0x00, 0x3F, 0xD0, 0x2F,
    0xFF, 0xFF, 0x87, 0xFF, 0xFF, 0xFE, 0x7F, 0xFF, 0xFF, 0xFB, 0xFF, 0x40, 0x3F, 0xEF, 0xF8, 0x00,
    0xFF, 0xBF, 0xE0, 0x0B, 0xFE, 0xFF, 0xE5, 0xBF, 0xF9, 0xFF, 0xFF, 0xFF, 0xE3, 0xFF, 0xFD, 0x7F,
    0x81, 0xFF, 0x80, 0xFE, 0x01, 0xBF, 0xF4, 0x07, 0xFF, 0x40, 0x07, 0xFF, 0xFF, 0xDF, 0xFF, 0xFD,
    0x00, 0xFF, 0xFF, 0xFF, 0xFF, 0xFF, 0xC0, 0x1E, 0x56, 0xFF, 0xF9, 0x6F, 0xFC, 0x00, 0x00, 0x2F,
    0xF8, 0x01, 0xFF, 0x00, 0x01, 0x5B, 0xFD, 0x55, 0x7F, 0xD0, 0x7F, 0xFF, 0xFF, 0xFF, 0xFF, 0xF4,
    0xFF, 0xFF, 0xFF, 0xFF, 0xFF, 0xFE, 0xBF, 0xD0, 0x2F, 0xFF, 0xFF, 0xFF, 0xBF, 0xE0, 0x0B, 0xFC,
    0x00, 0x00, 0x0F, 0xF8, 0x02, 0xFF, 0x40, 0x00, 0x03, 0xFE, 0x00, 0xFF, 0xF0, 0x00, 0x00, 0xFF,
    0xE6, 0xFF, 0xFF, 0x95, 0xBE, 0x1F, 0xFF, 0xFF, 0x7F, 0xFF, 0xFF, 0x82, 0xFF, 0xFF, 0x03, 0xFF,
    0xFF, 0xD0, 0x1F, 0xFD, 0x00, 0x1B, 0xFF, 0x90, 0x00, 0x6F, 0xFE, 0x01, 0xFF, 0xFF, 0xF1, 0xFF,
    0xFF, 0xF4, 0xFF, 0xE5, 0x6C, 0x7F, 0xD0, 0x00, 0x2F, 0xF0, 0x00, 0x0F, 0xF8, 0x00, 0x03, 0xFE,
    0x00, 0x00, 0xFF, 0x80, 0x00, 0x3F, 0xE0, 0x00, 0x0F, 0xFC, 0x00, 0x01, 0xFF, 0x80, 0x01, 0x3F,
    0xFE, 0x6F, 0x87, 0xFF, 0xFF, 0xE0, 0x7F, 0xFF, 0xF4, 0x01, 0xFF, 0xE4, 0x00, 0x0F, 0xC0, 0x00,
    0x07, 0xFD, 0x00, 0x00, 0x1F, 0xC0, 0x00, 0x07, 0xF0, 0x00, 0xFF, 0xF8, 0x00, 0x3F, 0xF8, 0x00,
    0x00, 0x00, 0x00, 0x03, 0xFF, 0x00, 0x00, 0x02, 0xFF, 0x00, 0x00, 0x02, 0xFE, 0x00, 0x00, 0x01,
    0xFE, 0x00, 0x00, 0x00, 0xA8, 0x00, 0x00, 0x00, 0x00, 0x00, 0x06, 0xFF, 0x80, 0x01, 0xFF, 0xFF,
    0xE0, 0x1F, 0xFF, 0xFF, 0xE0, 0xFF, 0xE5, 0xFF, 0xC7, 0xFC, 0x00, 0xFF, 0xAF, 0xE0, 0x02, 0xFF,
    0xFF, 0xFF, 0xFF, 0xFF, 0xFF, 0xFF, 0xFF, 0xFF, 0xFF, 0xFF, 0xFF, 0xFF, 0xE5, 0x55, 0x55, 0xBF,
    0x80, 0x00, 0x01, 0xFF, 0x40, 0x00, 0x03, 0xFF, 0x95, 0x6F, 0x03, 0xFF, 0xFF, 0xFC, 0x03, 0xFF,
    0xFF, 0xF0, 0x01, 0xBF, 0xF9, 0x00, 0x00, 0x00, 0xFF, 0xD0, 0x00, 0x0B, 0xFC, 0x00, 0x00, 0xBF,
    0x80, 0x00, 0x07, 0xF4, 0x00, 0x00, 0x2A, 0x00, 0x00, 0x00, 0x00, 0x00, 0x00, 0x06, 0xFF, 0x80,
    0x01, 0xFF, 0xFF, 0xE0, 0x1F, 0xFF, 0xFF, 0xE0, 0xFF, 0xE5, 0xFF, 0xC7, 0xFC, 0x00, 0xFF, 0xAF,
    0xE0, 0x02, 0xFF, 0xFF, 0xFF, 0xFF, 0xFF, 0xFF, 0xFF, 0xFF, 0xFF, 0xFF, 0xFF, 0xFF, 0xFF, 0xE5,
    0x55, 0x55, 0xBF, 0x80, 0x00, 0x01, 0xFF, 0x40, 0x00, 0x03, 0xFF, 0x95, 0x6F, 0x03, 0xFF, 0xFF,
    0xFC, 0x03, 0xFF, 0xFF, 0xF0, 0x01, 0xBF, 0xF9, 0x00, 0x00, 0x3F, 0xF0, 0x00, 0x03, 0xFF, 0xE0,
    0x00, 0x3F, 0xEF, 0xE0, 0x03, 0xFC, 0x1F, 0xE0, 0x1A, 0x40, 0x0A, 0x80, 0x00, 0x00, 0x00, 0x00,
    0x06, 0xFF, 0x80, 0x01, 0xFF, 0xFF, 0xE0, 0x1F, 0xFF, 0xFF, 0xE0, 0xFF, 0xE5, 0xFF, 0xC7, 0xFC,
    0x00, 0xFF, 0xAF, 0xE0, 0x02, 0xFF, 0xFF, 0xFF, 0xFF, 0xFF, 0xFF, 0xFF, 0xFF, 0xFF, 0xFF, 0xFF,
    0xFF, 0xFF, 0xE5, 0x55, 0x55, 0xBF, 0x80, 0x00, 0x01, 0xFF, 0x40, 0x00, 0x03, 0xFF, 0x95, 0x6F,
    0x03, 0xFF, 0xFF, 0xFC, 0x03, 0xFF, 0xFF, 0xF0, 0x01, 0xBF, 0xF9, 0x00, 0x07, 0xE0, 0x3F, 0x40,
    0x3F, 0xD1, 0xFF, 0x00, 0xBF, 0x03, 0xF8, 0x00, 0x10, 0x01, 0x00, 0x00, 0x00, 0x00, 0x00, 0x00,
    0x00, 0x00, 0x00, 0x06, 0xFF, 0x80, 0x01, 0xFF, 0xFF, 0xE0, 0x1F, 0xFF, 0xFF, 0xE0, 0xFF, 0xE5,
    0xFF, 0xC7, 0xFC, 0x00, 0xFF, 0xAF, 0xE0, 0x02, 0xFF, 0xFF, 0xFF, 0xFF, 0xFF, 0xFF, 0xFF, 0xFF,
    0xFF, 0xFF, 0xFF, 0xFF, 0xFF, 0xE5, 0x55, 0x55, 0xBF, 0x80, 0x00, 0x01, 0xFF, 0x40, 0x00, 0x03,
    0xFF, 0x95, 0x6F, 0x03, 0xFF, 0xFF, 0xFC, 0x03, 0xFF, 0xFF, 0xF0, 0x01, 0xBF, 0xF9, 0x00, 0x3F,
    0xF0, 0x00, 0xBF, 0xC0, 0x02, 0xFE, 0x00, 0x03, 0xF8, 0x00, 0x05, 0x40, 0x00, 0x00, 0x03, 0xFE,
    0x00, 0x3F, 0xE0, 0x03, 0xFE, 0x00, 0x3F, 0xE0, 0x03, 0xFE, 0x00, 0x3F, 0xE0, 0x03, 0xFE, 0x00,
    0x3F, 0xE0, 0x03, 0xFE, 0x00, 0x3F, 0xE0, 0x03, 0xFE, 0x00, 0x3F, 0xE0, 0x03, 0xFE, 0x00, 0x3F,
    0xE0, 0x03, 0xFE, 0x00, 0x3F, 0xE0, 0x00, 0xFF, 0xC0, 0x3F, 0xE0, 0x0B, 0xF4, 0x02, 0xFC, 0x00,
    0x15, 0x00, 0x00, 0x00, 0x00, 0x3F, 0xE0, 0x03, 0xFE, 0x00, 0x3F, 0xE0, 0x03, 0xFE, 0x00, 0x3F,
    0xE0, 0x03, 0xFE, 0x00, 0x3F, 0xE0, 0x03, 0xFE, 0x00, 0x3F, 0xE0, 0x03, 0xFE, 0x00, 0x3F, 0xE0,
    0x03, 0xFE, 0x00, 0x3F, 0xE0, 0x03, 0xFE, 0x00, 0x3F, 0xE0, 0x03, 0xFE, 0x00, 0x01, 0xFF, 0xC0,
    0x00, 0xFF, 0xF8, 0x00, 0xFF, 0x7F, 0x80, 0xFE, 0x03, 0xF8, 0x14, 0x00, 0x15, 0x00, 0x00, 0x00,
    0x00, 0x0F, 0xF8, 0x00, 0x03, 0xFE, 0x00, 0x00, 0xFF, 0x80, 0x00, 0x3F, 0xE0, 0x00, 0x0F, 0xF8,
    0x00, 0x03, 0xFE, 0x00, 0x00, 0xFF, 0x80, 0x00, 0x3F, 0xE0, 0x00, 0x0F, 0xF8, 0x00, 0x03, 0xFE,
    0x00, 0x00, 0xFF, 0x80, 0x00, 0x3F, 0xE0, 0x00, 0x0F, 0xF8, 0x00, 0x03, 0xFE, 0x00, 0x00, 0xFF,
    0x80, 0x00, 0x3F, 0xE0, 0x00, 0x7E, 0x07, 0xE3, 0xFD, 0x3F, 0xDB, 0xF0, 0xBF, 0x01, 0x00, 0x10,
    0x00, 0x00, 0x00, 0x00, 0x00, 0x00, 0x3F, 0xE0, 0x00, 0xFF, 0x80, 0x03, 0xFE, 0x00, 0x0F, 0xF8,
    0x00, 0x3F, 0xE0, 0x00, 0xFF, 0x80, 0x03, 0xFE, 0x00, 0x0F, 0xF8, 0x00, 0x3F, 0xE0, 0x00, 0xFF,
    0x80, 0x03, 0xFE, 0x00, 0x0F, 0xF8, 0x00, 0x3F, 0xE0, 0x00, 0xFF, 0x80, 0x03, 0xFE, 0x00, 0x0F,
    0xF8, 0x00, 0x00, 0x00, 0x00, 0x00, 0x00, 0x7D, 0x07, 0x80, 0x00, 0xFF, 0xAF, 0xD0, 0x00, 0x3F,
    0xFF, 0x40, 0x00, 0x1F, 0xFE, 0x00, 0x00, 0xFF, 0xFF, 0x40, 0x00, 0xFD, 0x7F, 0xC0, 0x00, 0x20,
    0x2F, 0xE0, 0x00, 0x05, 0x0F, 0xF4, 0x02, 0xFF, 0xFB, 0xF8, 0x0F, 0xFF, 0xFF, 0xFC, 0x3F, 0xFF,
    0xFF, 0xFC, 0x7F, 0xE0, 0x1F, 0xFD, 0xBF, 0xC0, 0x07, 0xFD, 0xFF, 0x80, 0x03, 0xFD, 0xFF, 0x80,
    0x03, 0xFD, 0xFF, 0x80, 0x03, 0xFD, 0xFF, 0x80, 0x07, 0xFC, 0xBF, 0xC0, 0x0B, 0xFC, 0x3F, 0xF9,
    0x7F, 0xF4, 0x1F, 0xFF, 0xFF, 0xE0, 0x07, 0xFF, 0xFF, 0x80, 0x00, 0x7F, 0xF8, 0x00, 0x00, 0x10,
    0x00, 0x40, 0x0B, 0xFD, 0x0F, 0x80, 0xBF, 0xFF, 0xFC, 0x03, 0xFB, 0xFF, 0xE0, 0x1F, 0x01, 0xBD,
    0x00, 0x00, 0x00, 0x00, 0x0F, 0xE0, 0x7F, 0xE4, 0x3F, 0xCF, 0xFF, 0xF8, 0xFF, 0xFF, 0xFF, 0xF7,
    0xFF, 0xE5, 0xFF, 0xEF, 0xFD, 0x00, 0xFF, 0xFF, 0xF0, 0x02, 0xFF, 0xFF, 0x80, 0x0B, 0xFF, 0xFE,
    0x00, 0x2F, 0xFF, 0xF8, 0x00, 0xBF, 0xFF, 0xE0, 0x02, 0xFF, 0xFF, 0x80, 0x0B, 0xFF, 0xFE, 0x00,
    0x2F, 0xFF, 0xF8, 0x00, 0xBF, 0xFF, 0xE0, 0x02, 0xFF, 0xFF, 0x80, 0x0B, 0xFF, 0xFE, 0x00, 0x2F,
    0xF0, 0x01, 0xFF, 0x80, 0x00, 0x00, 0x7F, 0xD0, 0x00, 0x00, 0x0F, 0xF0, 0x00, 0x00, 0x02, 0xFC,
    0x00, 0x00, 0x00, 0x69, 0x00, 0x00, 0x00, 0x00, 0x00, 0x00, 0x6F, 0xF8, 0x00, 0x07, 0xFF, 0xFF,
    0x80, 0x1F, 0xFF, 0xFF, 0xE0, 0x3F, 0xF9, 0x7F, 0xF4, 0x7F, 0xD0, 0x0F, 0xFC, 0xBF, 0xC0, 0x07,
    0xFC, 0xFF, 0x80, 0x03, 0xFD, 0xFF, 0x80, 0x03, 0xFD, 0xFF, 0x80, 0x03, 0xFD, 0xFF, 0x80, 0x03,
    0xFD, 0xBF, 0xC0, 0x07, 0xFC, 0x7F, 0xD0, 0x0F, 0xFC, 0x3F, 0xF9, 0x7F, 0xF4, 0x0F, 0xFF, 0xFF,
    0xE0, 0x03, 0xFF, 0xFF, 0x80, 0x00, 0x6F, 0xF8, 0x00, 0x00, 0x00, 0xBF, 0xD0, 0x00, 0x01, 0xFF,
    0x40, 0x00, 0x03, 0xFC, 0x00, 0x00, 0x0F, 0xE0, 0x00, 0x00, 0x1A, 0x40, 0x00, 0x00, 0x00, 0x00,
    0x00, 0x00, 0x6F, 0xF8, 0x00, 0x07, 0xFF, 0xFF, 0x80, 0x1F, 0xFF, 0xFF, 0xE0, 0x3F, 0xF9, 0x7F,
    0xF4, 0x7F, 0xD0, 0x0F, 0xFC, 0xBF, 0xC0, 0x07, 0xFC, 0xFF, 0x80, 0x03, 0xFD, 0xFF, 0x80, 0x03,
    0xFD, 0xFF, 0x80, 0x03, 0xFD, 0xFF, 0x80, 0x03, 0xFD, 0xBF, 0xC0, 0x07, 0xFC, 0x7F, 0xD0, 0x0F,
    0xFC, 0x3F, 0xF9, 0x7F, 0xF4, 0x0F, 0xFF, 0xFF, 0xE0, 0x03, 0xFF, 0xFF, 0x80, 0x00, 0x6F, 0xF8,
    0x00, 0x00, 0x3F, 0xF4, 0x00, 0x00, 0xBF, 0xFC, 0x00, 0x01, 0xFE, 0xFF, 0x00, 0x07, 0xF4, 0x2F,
    0xC0, 0x0A, 0x80, 0x06, 0x90, 0x00, 0x00, 0x00, 0x00, 0x00, 0x6F, 0xF8, 0x00, 0x07, 0xFF, 0xFF,
    0x80, 0x1F, 0xFF, 0xFF, 0xE0, 0x3F, 0xF9, 0x7F, 0xF4, 0x7F, 0xD0, 0x0F, 0xFC, 0xBF, 0xC0, 0x07,
    0xFC, 0xFF, 0x80, 0x03, 0xFD, 0xFF, 0x80, 0x03, 0xFD, 0xFF, 0x80, 0x03, 0xFD, 0xFF, 0x80, 0x03,
    0xFD, 0xBF, 0xC0, 0x07, 0xFC, 0x7F, 0xD0, 0x0F, 0xFC, 0x3F, 0xF9, 0x7F, 0xF4, 0x0F, 0xFF, 0xFF,
    0xE0, 0x03, 0xFF, 0xFF, 0x80, 0x00, 0x6F, 0xF8, 0x00, 0x00, 0x14, 0x00, 0x50, 0x01, 0xFF, 0x42,
    0xE0, 0x07, 0xFF, 0xFF, 0xD0, 0x0B, 0xEB, 0xFF, 0xC0, 0x0F, 0x40, 0xBE, 0x00, 0x00, 0x00, 0x00,
    0x00, 0x00, 0x6F, 0xF8, 0x00, 0x07, 0xFF, 0xFF, 0x80, 0x1F, 0xFF, 0xFF, 0xE0, 0x3F, 0xF9, 0x7F,
    0xF4, 0x7F, 0xD0, 0x0F, 0xFC, 0xBF, 0xC0, 0x07, 0xFC, 0xFF, 0x80, 0x03, 0xFD, 0xFF, 0x80, 0x03,
    0xFD, 0xFF, 0x80, 0x03, 0xFD, 0xFF, 0x80, 0x03, 0xFD, 0xBF, 0xC0, 0x07, 0xFC, 0x7F, 0xD0, 0x0F,
    0xFC, 0x3F, 0xF9, 0x7F, 0xF4, 0x0F, 0xFF, 0xFF, 0xE0, 0x03, 0xFF, 0xFF, 0x80, 0x00, 0x6F, 0xF8,
    0x00, 0x02, 0xF4, 0x3F, 0x40, 0x07, 0xFC, 0x7F, 0xC0, 0x03, 0xF8, 0x3F, 0x80, 0x00, 0x40, 0x04,
    0x00, 0x00, 0x00, 0x00, 0x00, 0x00, 0x00, 0x00, 0x00, 0x00, 0x6F, 0xF8, 0x00, 0x07, 0xFF, 0xFF,
    0x80, 0x1F, 0xFF, 0xFF, 0xE0, 0x3F, 0xF9, 0x7F, 0xF4, 0x7F, 0xD0, 0x0F, 0xFC, 0xBF, 0xC0, 0x07,
    0xFC, 0xFF, 0x80, 0x03, 0xFD, 0xFF, 0x80, 0x03, 0xFD, 0xFF, 0x80, 0x03, 0xFD, 0xFF, 0x80, 0x03,
    0xFD, 0xBF, 0xC0, 0x07, 0xFC, 0x7F, 0xD0, 0x0F, 0xFC, 0x3F, 0xF9, 0x7F, 0xF4, 0x0F, 0xFF, 0xFF,
    0xE0, 0x03, 0xFF, 0xFF, 0x80, 0x00, 0x6F, 0xF8, 0x00, 0x00, 0x1F, 0x80, 0x00, 0x03, 0xFD, 0x00,
    0x00, 0x3F, 0xD0, 0x00, 0x01, 0xF8, 0x00, 0x00, 0x00, 0x00, 0x0F, 0xFF, 0xFF, 0xFF, 0xFF, 0xFF,
    0xFF, 0xFF, 0xFF, 0xFF, 0xFF, 0x55, 0x55, 0x55, 0x50, 0x00, 0x00, 0x00, 0x00, 0x1F, 0x80, 0x00,
    0x03, 0xFD, 0x00, 0x00, 0x3F, 0xD0, 0x00, 0x01, 0xF8, 0x00, 0x00, 0x00, 0x00, 0x00, 0x00, 0x7F,
    0xFA, 0xD0, 0x07, 0xFF, 0xFF, 0xF0, 0x1F, 0xFF, 0xFF, 0xE0, 0x3F, 0xF9, 0x7F, 0xF4, 0x7F, 0xD0,
    0x7F, 0xFC, 0xBF, 0xC0, 0xFF, 0xFC, 0xFF, 0x82, 0xFB, 0xFD, 0xFF, 0x87, 0xF3, 0xFD, 0xFF, 0x8F,
    0xC3, 0xFD, 0xFF, 0xAF, 0x43, 0xFD, 0xBF, 0xFF, 0x07, 0xFC, 0x7F, 0xFC, 0x0F, 0xFC, 0x3F, 0xFD,
    0x7F, 0xF4, 0x0F, 0xFF, 0xFF, 0xE0, 0x0F, 0xFF, 0xFF, 0x80, 0x1F, 0xAF, 0xF8, 0x00, 0x01, 0x00,
    0x00, 0x00, 0x02, 0xFF, 0x40, 0x00, 0x02, 0xFF, 0x00, 0x00, 0x01, 0xFF, 0x00, 0x00, 0x00, 0xBF,
    0x00, 0x00, 0x00, 0x54, 0x00, 0x00, 0x00, 0x00, 0x0F, 0xF8, 0x00, 0xBF, 0xFF, 0xE0, 0x02, 0xFF,
    0xFF, 0x80, 0x0B, 0xFF, 0xFE, 0x00, 0x2F, 0xFF, 0xF8, 0x00, 0xBF, 0xFF, 0xE0, 0x02, 0xFF, 0xFF,
    0x80, 0x0B, 0xFF, 0xFE, 0x00, 0x2F, 0xFF, 0xF8, 0x00, 0xBF, 0xFF, 0xE0, 0x02, 0xFF, 0xFF, 0x80,
    0x0F, 0xFF, 0xFF, 0x00, 0x7F, 0xFB, 0xFF, 0x5B, 0xFF, 0xDF, 0xFF, 0xFF, 0xFF, 0x2F, 0xFF, 0xF7,
    0xFC, 0x1B, 0xFE, 0x0B, 0xF0, 0x00, 0x00, 0xFF, 0xD0, 0x00, 0x0B, 0xFC, 0x00, 0x00, 0x7F, 0x80,
    0x00, 0x07, 0xF4, 0x00, 0x00, 0x15, 0x00, 0x00, 0x00, 0x00, 0x00, 0x0F, 0xF8, 0x00, 0xBF, 0xFF,
    0xE0, 0x02, 0xFF, 0xFF, 0x80, 0x0B, 0xFF, 0xFE, 0x00, 0x2F, 0xFF, 0xF8, 0x00, 0xBF, 0xFF, 0xE0,
    0x02, 0xFF, 0xFF, 0x80, 0x0B, 0xFF, 0xFE, 0x00, 0x2F, 0xFF, 0xF8, 0x00, 0xBF, 0xFF, 0xE0, 0x02,
    0xFF, 0xFF, 0x80, 0x0F, 0xFF, 0xFF, 0x00, 0x7F, 0xFB, 0xFF, 0x5B, 0xFF, 0xDF, 0xFF, 0xFF, 0xFF,
    0x2F, 0xFF, 0xF7, 0xFC, 0x1B, 0xFE, 0x0B, 0xF0, 0x00, 0x3F, 0xF0, 0x00, 0x03, 0xFF, 0xF0, 0x00,
    0x3F, 0xDF, 0xF0, 0x03, 0xFC, 0x0B, 0xF0, 0x05, 0x40, 0x05, 0x40, 0x00, 0x00, 0x00, 0x0F, 0xF8,
    0x00, 0xBF, 0xFF, 0xE0, 0x02, 0xFF, 0xFF, 0x80, 0x0B, 0xFF, 0xFE, 0x00, 0x2F, 0xFF, 0xF8, 0x00,
    0xBF, 0xFF, 0xE0, 0x02, 0xFF, 0xFF, 0x80, 0x0B, 0xFF, 0xFE, 0x00, 0x2F, 0xFF, 0xF8, 0x00, 0xBF,
    0xFF, 0xE0, 0x02, 0xFF, 0xFF, 0x80, 0x0F, 0xFF, 0xFF, 0x00, 0x7F, 0xFB, 0xFF, 0x5B, 0xFF, 0xDF,
    0xFF, 0xFF, 0xFF, 0x2F, 0xFF, 0xF7, 0xFC, 0x1B, 0xFE, 0x0B, 0xF0, 0x07, 0xE0, 0x3F, 0x40, 0x3F,
    0xD1, 0xFF, 0x00, 0xBF, 0x03, 0xF8, 0x00, 0x10, 0x01, 0x00, 0x00, 0x00, 0x00, 0x00, 0x00, 0x00,
    0x00, 0x0F, 0xF8, 0x00, 0xBF, 0xFF, 0xE0, 0x02, 0xFF, 0xFF, 0x80, 0x0B, 0xFF, 0xFE, 0x00, 0x2F,
    0xFF, 0xF8, 0x00, 0xBF, 0xFF, 0xE0, 0x02, 0xFF, 0xFF, 0x80, 0x0B, 0xFF, 0xFE, 0x00, 0x2F, 0xFF,
    0xF8, 0x00, 0xBF, 0xFF, 0xE0, 0x02, 0xFF, 0xFF, 0x80, 0x0F, 0xFF, 0xFF, 0x00, 0x7F, 0xFB, 0xFF,
    0x5B, 0xFF, 0xDF, 0xFF, 0xFF, 0xFF, 0x2F, 0xFF, 0xF7, 0xFC, 0x1B, 0xFE, 0x0B, 0xF0, 0x00, 0x00,
    0x0F, 0xFC, 0x00, 0x00, 0x03, 0xFE, 0x00, 0x00, 0x00, 0xBF, 0x40, 0x00, 0x00, 0x2F, 0xC0, 0x00,
    0x00, 0x01, 0x50, 0x00, 0x00, 0x00, 0x00, 0x00, 0x00, 0x3F, 0xF0, 0x00, 0x3F, 0xD1, 0xFF, 0x00,
    0x07, 0xFC, 0x0F, 0xF4, 0x00, 0xBF, 0x80, 0xBF, 0xC0, 0x0F, 0xF4, 0x03, 0xFC, 0x01, 0xFF, 0x00,
    0x3F, 0xD0, 0x2F, 0xE0, 0x01, 0xFE, 0x03, 0xFC, 0x00, 0x0F, 0xF0, 0x7F, 0xC0, 0x00, 0xBF, 0x4B,
    0xF4, 0x00, 0x07, 0xF8, 0xFF, 0x00, 0x00, 0x3F, 0xDF, 0xE0, 0x00, 0x01, 0xFE, 0xFD, 0x00, 0x00,
    0x0F, 0xFF, 0xC0, 0x00, 0x00, 0xBF, 0xF8, 0x00, 0x00, 0x07, 0xFF, 0x00, 0x00, 0x00, 0x3F, 0xF0,
    0x00, 0x00, 0x03, 0xFD, 0x00, 0x00, 0x00, 0x7F, 0xC0, 0x00, 0x00, 0x0F, 0xF8, 0x00, 0x00, 0x57,
    0xFF, 0x00, 0x00, 0x0F, 0xFF, 0xE0, 0x00, 0x00, 0xFF, 0xF8, 0x00, 0x00, 0x0F, 0xF9, 0x00, 0x00,
    0x00, 0xFF, 0x80, 0x00, 0x03, 0xFE, 0x00, 0x00, 0x0F, 0xF8, 0x00, 0x00, 0x3F, 0xE0, 0x00, 0x00,
    0xFF, 0x80, 0x00, 0x03, 0xFE, 0x00, 0x00, 0x0F, 0xF4, 0x7F, 0xD0, 0x3F, 0xDF, 0xFF, 0xF0, 0xFF,
    0xFF, 0xFF, 0xE3, 0xFF, 0xD5, 0xFF, 0xCF, 0xFC, 0x00, 0xFF, 0xBF, 0xE0, 0x03, 0xFF, 0xFF, 0x80,
    0x0B, 0xFF, 0xFE, 0x00, 0x2F, 0xFF, 0xF8, 0x00, 0xBF, 0xFF, 0xE0, 0x02, 0xFF, 0xFF, 0xC0, 0x0F,
    0xFF, 0xFF, 0x00, 0x3F, 0xEF, 0xFF, 0x57, 0xFF, 0x3F, 0xFF, 0xFF, 0xF8, 0xFF, 0xBF, 0xFF, 0xC3,
    0xFD, 0x2F, 0xF4, 0x0F, 0xF8, 0x00, 0x00, 0x3F, 0xE0, 0x00, 0x00, 0xFF, 0x80, 0x00, 0x03, 0xFE,
    0x00, 0x00, 0x0F, 0xF8, 0x00, 0x00, 0x3F, 0xE0, 0x00, 0x00, 0xFF, 0x80, 0x00, 0x00, 0x00, 0x7E,
    0x07, 0xE0, 0x00, 0x0F, 0xF4, 0xFF, 0x40, 0x00, 0xBF, 0x0B, 0xF0, 0x00, 0x00, 0x40, 0x04, 0x00,
    0x00, 0x00, 0x00, 0x00, 0x00, 0x00, 0x00, 0x00, 0x00, 0x3F, 0xF0, 0x00, 0x3F, 0xD1, 0xFF, 0x00,
    0x0B, 0xFC, 0x0F, 0xF4, 0x00, 0xFF, 0x80, 0xBF, 0x80, 0x0F, 0xF4, 0x03, 0xFC, 0x01, 0xFF, 0x00,
    0x3F, 0xD0, 0x3F, 0xE0, 0x01, 0xFE, 0x03, 0xFC, 0x00, 0x0F, 0xF0, 0x7F, 0xC0, 0x00, 0xBF, 0x4B,
    0xF4, 0x00, 0x03, 0xF8, 0xFF, 0x00, 0x00, 0x2F, 0xDF, 0xE0, 0x00, 0x01, 0xFE, 0xFD, 0x00, 0x00,
    0x0F, 0xFF, 0xC0, 0x00, 0x00, 0xBF, 0xF8, 0x00, 0x00, 0x03, 0xFF, 0x00, 0x00, 0x00, 0x2F, 0xF0,
    0x00, 0x00, 0x02, 0xFD, 0x00, 0x00, 0x00, 0x3F, 0xC0, 0x00, 0x00, 0x0B, 0xF8, 0x00, 0x00, 0x57,
    0xFF, 0x00, 0x00, 0x0F, 0xFF, 0xE0, 0x00, 0x00, 0xFF, 0xF8, 0x00, 0x00, 0x0F, 0xF9, 0x00, 0x00,
    0x00, 0x00, 0x05, 0x55, 0x55, 0x00, 0x00, 0x00, 0xFF, 0xFF, 0xF0, 0x00, 0x00, 0x0F, 0xFF, 0xFF,
    0x00, 0x00, 0x00, 0xFF, 0xFF, 0xF0, 0x00, 0x00, 0x00, 0x00, 0x00, 0x00, 0x00, 0x00, 0x0F, 0xFF,
    0x00, 0x00, 0x00, 0x01, 0xFF, 0xF4, 0x00, 0x00, 0x00, 0x2F, 0xFF, 0x80, 0x00, 0x00, 0x03, 0xFF,
    0xFC, 0x00, 0x00, 0x00, 0x7F, 0xAF, 0xD0, 0x00, 0x00, 0x0F, 0xF9, 0xFF, 0x00, 0x00, 0x00, 0xFF,
    0x4F, 0xF0, 0x00, 0x00, 0x1F, 0xF0, 0xFF, 0x40, 0x00, 0x03, 0xFE, 0x0B, 0xFC, 0x00, 0x00, 0x3F,
    0xD0, 0x7F, 0xC0, 0x00, 0x0B, 0xFC, 0x03, 0xFE, 0x00, 0x00, 0xFF, 0x80, 0x2F, 0xF0, 0x00, 0x0F,
    0xF9, 0x56, 0xFF, 0x40, 0x02, 0xFF, 0xFF, 0xFF, 0xF8, 0x00, 0x3F, 0xFF, 0xFF, 0xFF, 0xC0, 0x07,
    0xFF, 0xFF, 0xFF, 0xFD, 0x00, 0xBF, 0xC0, 0x00, 0x3F, 0xE0, 0x0F, 0xF8, 0x00, 0x02, 0xFF, 0x01,
    0xFF, 0x40, 0x00, 0x1F, 0xF4, 0x2F, 0xF0, 0x00, 0x00, 0xFF, 0x83, 0xFF, 0x00, 0x00, 0x0B, 0xFC,
    0x03, 0xFF, 0xFF, 0xC0, 0x0F, 0xFF, 0xFF, 0x00, 0x3F, 0xFF, 0xFC, 0x00, 0x55, 0x55, 0x50, 0x00,
    0x00, 0x00, 0x00, 0x02, 0xFF, 0xF4, 0x00, 0xFF, 0xFF, 0xFC, 0x02, 0xFF, 0xFF, 0xFC, 0x03, 0xE5,
    0x7F, 0xF0, 0x00, 0x00, 0x3F, 0xD0, 0x00, 0x00, 0xFF, 0x40, 0xBF, 0xFF, 0xFE, 0x1F, 0xFF, 0xFF,
    0xF9, 0xFF, 0xFF, 0xFF, 0xEF, 0xFD, 0x00, 0xFF, 0xBF, 0xE0, 0x03, 0xFE, 0xFF, 0x80, 0x2F, 0xFB,
    0xFF, 0x96, 0xFF, 0xE7, 0xFF, 0xFF, 0xFF, 0x8F, 0xFF, 0xF8, 0xFE, 0x07, 0xFE, 0x42, 0xF8, 0x00,
    0x3D, 0x00, 0x2F, 0x00, 0x00, 0x0F, 0xE5, 0x6F, 0xC0, 0x00, 0x01, 0xFF, 0xFF, 0xD0, 0x00, 0x00,
    0x2F, 0xFF, 0xD0, 0x00, 0x00, 0x01, 0xFF, 0x80, 0x00, 0x00, 0x00, 0x00, 0x00, 0x00, 0x00, 0x00,
    0x2F, 0xFC, 0x00, 0x00, 0x00, 0x0F, 0xFF, 0x40, 0x00, 0x00, 0x07, 0xFF, 0xF0, 0x00, 0x00, 0x03,
    0xFF, 0xFC, 0x00, 0x00, 0x00, 0xFF, 0xBF, 0x40, 0x00, 0x00, 0x7F, 0x9F, 0xF0, 0x00, 0x00, 0x3F,
    0xD3, 0xFC, 0x00, 0x00, 0x0F, 0xF0, 0xBF, 0x80, 0x00, 0x0B, 0xFC, 0x1F, 0xF0, 0x00, 0x03, 0xFE,
    0x03, 0xFC, 0x00, 0x00, 0xFF, 0x40, 0xFF, 0x80, 0x00, 0xBF, 0xC0, 0x2F, 0xF0, 0x00, 0x3F, 0xF5,
    0x57, 0xFD, 0x00, 0x0F, 0xFF, 0xFF, 0xFF, 0x80, 0x0B, 0xFF, 0xFF, 0xFF, 0xF0, 0x03, 0xFF, 0xFF,
    0xFF, 0xFD, 0x01, 0xFF, 0x40, 0x00, 0xFF, 0x80, 0xBF, 0xC0, 0x00, 0x2F, 0xF0, 0x3F, 0xF0, 0x00,
    0x07, 0xFD, 0x1F, 0xF4, 0x00, 0x00, 0xFF, 0x8B, 0xFC, 0x00, 0x00, 0x2F, 0xF0, 0x0F, 0xC0, 0x07,
    0xC0, 0x2F, 0xFF, 0xFE, 0x00, 0x3F, 0xFF, 0xF0, 0x00, 0x3F, 0xFE, 0x00, 0x00, 0x05, 0x00, 0x00,
    0x00, 0x00, 0x00, 0x00, 0x1B, 0xFF, 0x90, 0x07, 0xFF, 0xFF, 0xF0, 0x0F, 0xFF, 0xFF, 0xF0, 0x2F,
    0x95, 0xFF, 0xC0, 0x00, 0x00, 0xFF, 0x40, 0x00, 0x03, 0xFD, 0x02, 0xFF, 0xFF, 0xF8, 0x7F, 0xFF,
    0xFF, 0xE7, 0xFF, 0xFF, 0xFF, 0xBF, 0xF4, 0x03, 0xFE, 0xFF, 0x80, 0x0F, 0xFB, 0xFE, 0x00, 0xBF,
    0xEF, 0xFE, 0x5B, 0xFF, 0xAF, 0xFF, 0xFF, 0xFE, 0x3F, 0xFF, 0xD7, 0xF8, 0x1F, 0xF8, 0x0F, 0xE0,
    0x00, 0x00, 0xFF, 0xF0, 0x00, 0x00, 0x00, 0x1F, 0xFF, 0x40, 0x00, 0x00, 0x02, 0xFF, 0xF8, 0x00,
    0x00, 0x00, 0x3F, 0xFF, 0xC0, 0x00, 0x00, 0x07, 0xFA, 0xFD, 0x00, 0x00, 0x00, 0xBF, 0x5F, 0xE0,
    0x00, 0x00, 0x0F, 0xF0, 0xFF, 0x00, 0x00, 0x01, 0xFF, 0x0F, 0xF4, 0x00, 0x00, 0x2F, 0xE0, 0xBF,
    0xC0, 0x00, 0x03, 0xFD, 0x07, 0xFC, 0x00, 0x00, 0x7F, 0xC0, 0x3F, 0xE0, 0x00, 0x0F, 0xFC, 0x02,
    0xFF, 0x00, 0x00, 0xFF, 0x95, 0x6F, 0xF0, 0x00, 0x1F, 0xFF, 0xFF, 0xFF, 0x80, 0x03, 0xFF, 0xFF,
    0xFF, 0xFC, 0x00, 0x3F, 0xFF, 0xFF, 0xFF, 0xD0, 0x0B, 0xFC, 0x00, 0x03, 0xFE, 0x00, 0xFF, 0xC0,
    0x00, 0x3F, 0xF0, 0x0F, 0xF8, 0x00, 0x02, 0xFF, 0x42, 0xFF, 0x00, 0x00, 0x0F, 0xFC, 0x3F, 0xF0,
    0x00, 0x00, 0xFF, 0xC0, 0x00, 0x00, 0x00, 0x07, 0xE0, 0x00, 0x00, 0x00, 0x00, 0xF8, 0x00, 0x00,
    0x00, 0x00, 0x2F, 0x00, 0x00, 0x00, 0x00, 0x03, 0xF4, 0x00, 0x00, 0x00, 0x00, 0x3F, 0xFC, 0x00,
    0x00, 0x00, 0x01, 0xFF, 0xC0, 0x00, 0x00, 0x00, 0x06, 0xF8, 0x01, 0xBF, 0xF9, 0x00, 0x3F, 0xFF,
    0xFF, 0x00, 0xFF, 0xFF, 0xFF, 0x01, 0xF9, 0x5F, 0xFC, 0x00, 0x00, 0x0F, 0xF4, 0x00, 0x00, 0x3F,
    0xD0, 0x2F, 0xFF, 0xFF, 0x87, 0xFF, 0xFF, 0xFE, 0x7F, 0xFF, 0xFF, 0xFB, 0xFF, 0x40, 0x3F, 0xEF,
    0xF8, 0x00, 0xFF, 0xBF, 0xE0, 0x0B, 0xFE, 0xFF, 0xE5, 0xBF, 0xF9, 0xFF, 0xFF, 0xFF, 0xE3, 0xFF,
    0xFD, 0x3F, 0x81, 0xFF, 0x80, 0xFE, 0x00, 0x00, 0x07, 0xD0, 0x00, 0x00, 0x3E, 0x00, 0x00, 0x03,
    0xF0, 0x00, 0x00, 0x0F, 0xD0, 0x00, 0x00, 0x3F, 0xFC, 0x00, 0x00, 0x7F, 0xF0, 0x00, 0x00, 0x6F,
    0x80, 0x00, 0x00, 0x0F, 0xFC, 0x00, 0x00, 0x0F, 0xFC, 0x00, 0x00, 0x0B, 0xF8, 0x00, 0x00, 0x0B,
    0xF4, 0x00, 0x00, 0x02, 0x90, 0x00, 0x00, 0x00, 0x00, 0x00, 0x00, 0x00, 0x6F, 0xFE, 0x40, 0x02,
    0xFF, 0xFF, 0xFC, 0x03, 0xFF, 0xFF, 0xFF, 0x03, 0xFF, 0xE5, 0x6F, 0x42, 0xFF, 0x80, 0x00, 0x40,
    0xFF, 0xC0, 0x00, 0x00, 0x7F, 0xC0, 0x00, 0x00, 0x2F, 0xF0, 0x00, 0x00, 0x0F, 0xF8, 0x00, 0x00,
    0x03, 0xFE, 0x00, 0x00, 0x00, 0xFF, 0x80, 0x00, 0x00, 0x3F, 0xE0, 0x00, 0x00, 0x0F, 0xF8, 0x00,
    0x00, 0x02, 0xFF, 0x00, 0x00, 0x00, 0x7F, 0xC0, 0x00, 0x00, 0x0F, 0xF8, 0x00, 0x00, 0x02, 0xFF,
    0x80, 0x00, 0x00, 0x3F, 0xFE, 0x56, 0xF8, 0x07, 0xFF, 0xFF, 0xFE, 0x00, 0x3F, 0xFF, 0xFF, 0x80,
    0x01, 0xBF, 0xFE, 0x40, 0x00, 0x00, 0xFF, 0xC0, 0x00, 0x3F, 0xE0, 0x00, 0x0F, 0xF4, 0x00, 0x02,
    0xFC, 0x00, 0x00, 0x2A, 0x00, 0x00, 0x00, 0x00, 0x00, 0x00, 0x6F, 0xFE, 0x00, 0x7F, 0xFF, 0xF8,
    0x1F, 0xFF, 0xFF, 0x43, 0xFF, 0x95, 0xF0, 0x7F, 0xD0, 0x00, 0x0B, 0xFC, 0x00, 0x00, 0xFF, 0x80,
    0x00, 0x0F, 0xF8, 0x00, 0x00, 0xFF, 0x80, 0x00, 0x0F, 0xF8, 0x00, 0x00, 0xFF, 0xC0, 0x00, 0x07,
    0xFD, 0x00, 0x00, 0x3F, 0xF9, 0x5B, 0x81, 0xFF, 0xFF, 0xF8, 0x07, 0xFF, 0xFF, 0x40, 0x07, 0xFF,
    0x90, 0x00, 0x07, 0xFF, 0x00, 0x00, 0x03, 0xFF, 0xE0, 0x00, 0x03, 0xFE, 0xFE, 0x00, 0x03, 0xF8,
    0x1F, 0xE0, 0x01, 0xA4, 0x00, 0x68, 0x00, 0x00, 0x00, 0x00, 0x00, 0x00, 0x6F, 0xFE, 0x40, 0x02,
    0xFF, 0xFF, 0xFC, 0x03, 0xFF, 0xFF, 0xFF, 0x03, 0xFF, 0xE5, 0x6F, 0x42, 0xFF, 0x80, 0x00, 0x40,
    0xFF, 0xC0, 0x00, 0x00, 0x7F, 0xC0, 0x00, 0x00, 0x2F, 0xF0, 0x00, 0x00, 0x0F, 0xF8, 0x00, 0x00,
    0x03, 0xFE, 0x00, 0x00, 0x00, 0xFF, 0x80, 0x00, 0x00, 0x3F, 0xE0, 0x00, 0x00, 0x0F, 0xF8, 0x00,
    0x00, 0x02, 0xFF, 0x00, 0x00, 0x00, 0x7F, 0xC0, 0x00, 0x00, 0x0F, 0xF8, 0x00, 0x00, 0x02, 0xFF,
    0x80, 0x00, 0x00, 0x3F, 0xFE, 0x56, 0xF8, 0x07, 0xFF, 0xFF, 0xFE, 0x00, 0x3F, 0xFF, 0xFF, 0x80,
    0x01, 0xBF, 0xFE, 0x40, 0x00, 0x7F, 0xE0, 0x00, 0x1F, 0xFF, 0x40, 0x03, 0xFE, 0xFD, 0x00, 0xFE,
    0x07, 0xF4, 0x1A, 0x40, 0x0A, 0x80, 0x00, 0x00, 0x00, 0x00, 0x6F, 0xFE, 0x00, 0x7F, 0xFF, 0xF8,
    0x1F, 0xFF, 0xFF, 0x43, 0xFF, 0x95, 0xF0, 0x7F, 0xD0, 0x00, 0x0B, 0xFC, 0x00, 0x00, 0xFF, 0x80,
    0x00, 0x0F, 0xF8, 0x00, 0x00, 0xFF, 0x80, 0x00, 0x0F, 0xF8, 0x00, 0x00, 0xFF, 0xC0, 0x00, 0x07,
    0xFD, 0x00, 0x00, 0x3F, 0xF9, 0x5B, 0x81, 0xFF, 0xFF, 0xF8, 0x07, 0xFF, 0xFF, 0x40, 0x07, 0xFF,
    0x90, 0x00, 0x01, 0xF8, 0x00, 0x00, 0x00, 0xFF, 0x40, 0x00, 0x00, 0x3F, 0xD0, 0x00, 0x00, 0x07,
    0xE0, 0x00, 0x00, 0x00, 0x00, 0x00, 0x00, 0x00, 0x00, 0x00, 0x00, 0x00, 0x6F, 0xFE, 0x40, 0x02,
    0xFF, 0xFF, 0xFC, 0x03, 0xFF, 0xFF, 0xFF, 0x03, 0xFF, 0xE5, 0x6F, 0x42, 0xFF, 0x80, 0x00, 0x40,
    0xFF, 0xC0, 0x00, 0x00, 0x7F, 0xC0, 0x00, 0x00, 0x2F, 0xF0, 0x00, 0x00, 0x0F, 0xF8, 0x00, 0x00,
    0x03, 0xFE, 0x00, 0x00, 0x00, 0xFF, 0x80, 0x00, 0x00, 0x3F, 0xE0, 0x00, 0x00, 0x0F, 0xF8, 0x00,
    0x00, 0x02, 0xFF, 0x00, 0x00, 0x00, 0x7F, 0xC0, 0x00, 0x00, 0x0F, 0xF8, 0x00, 0x00, 0x02, 0xFF,
    0x80, 0x00, 0x00, 0x3F, 0xFE, 0x56, 0xF8, 0x07, 0xFF, 0xFF, 0xFE, 0x00, 0x3F, 0xFF, 0xFF, 0x80,
    0x01, 0xBF, 0xFE, 0x40, 0x00, 0x1F, 0x80, 0x00, 0x0F, 0xF4, 0x00, 0x03, 0xFD, 0x00, 0x00, 0x7E,
    0x00, 0x00, 0x00, 0x00, 0x00, 0x00, 0x00, 0x00, 0x06, 0xFF, 0xE0, 0x1F, 0xFF, 0xFE, 0x1F, 0xFF,
    0xFF, 0x4F, 0xFE, 0x57, 0xC7, 0xFD, 0x00, 0x02, 0xFF, 0x00, 0x00, 0xFF, 0x80, 0x00, 0x3F, 0xE0,
    0x00, 0x0F, 0xF8, 0x00, 0x03, 0xFE, 0x00, 0x00, 0xFF, 0xC0, 0x00, 0x1F, 0xF4, 0x00, 0x03, 0xFF,
    0x95, 0xB8, 0x7F, 0xFF, 0xFE, 0x07, 0xFF, 0xFF, 0x40, 0x1F, 0xFE, 0x40, 0x02, 0xFC, 0x00, 0xFE,
    0x00, 0x2F, 0xD1, 0xFE, 0x00, 0x02, 0xFF, 0xFE, 0x00, 0x00, 0x3F, 0xFF, 0x00, 0x00, 0x02, 0xAA,
    0x00, 0x00, 0x00, 0x00, 0x00, 0x00, 0x00, 0x6F, 0xFE, 0x40, 0x02, 0xFF, 0xFF, 0xFC, 0x03, 0xFF,
    0xFF, 0xFF, 0x03, 0xFF, 0xE5, 0x6F, 0x42, 0xFF, 0x80, 0x00, 0x40, 0xFF, 0xC0, 0x00, 0x00, 0x7F,
    0xC0, 0x00, 0x00, 0x2F, 0xF0, 0x00, 0x00, 0x0F, 0xF8, 0x00, 0x00, 0x03, 0xFE, 0x00, 0x00, 0x00,
    0xFF, 0x80, 0x00, 0x00, 0x3F, 0xE0, 0x00, 0x00, 0x0F, 0xF8, 0x00, 0x00, 0x02, 0xFF, 0x00, 0x00,
    0x00, 0x7F, 0xC0, 0x00, 0x00, 0x0F, 0xF8, 0x00, 0x00, 0x02, 0xFF, 0x80, 0x00, 0x00, 0x3F, 0xFE,
    0x56, 0xF8, 0x07, 0xFF, 0xFF, 0xFE, 0x00, 0x3F, 0xFF, 0xFF, 0x80, 0x01, 0xBF, 0xFE, 0x40, 0x2F,
    0xC0, 0x0F, 0xD0, 0xBF, 0x47, 0xF8, 0x02, 0xFF, 0xFE, 0x00, 0x0F, 0xFF, 0xC0, 0x00, 0x2A, 0xA0,
    0x00, 0x00, 0x00, 0x00, 0x00, 0x6F, 0xFE, 0x00, 0x7F, 0xFF, 0xF8, 0x1F, 0xFF, 0xFF, 0x43, 0xFF,
    0x95, 0xF0, 0x7F, 0xD0, 0x00, 0x0B, 0xFC, 0x00, 0x00, 0xFF, 0x80, 0x00, 0x0F, 0xF8, 0x00, 0x00,
    0xFF, 0x80, 0x00, 0x0F, 0xF8, 0x00, 0x00, 0xFF, 0xC0, 0x00, 0x07, 0xFD, 0x00, 0x00, 0x3F, 0xF9,
    0x5B, 0x81, 0xFF, 0xFF, 0xF8, 0x07, 0xFF, 0xFF, 0x40, 0x07, 0xFF, 0x90, 0x07, 0xF0, 0x07, 0xF4,
    0x00, 0xBF, 0x4B, 0xF4, 0x00, 0x0B, 0xFF, 0xF8, 0x00, 0x00, 0xFF, 0xF8, 0x00, 0x00, 0x0A, 0xA4,
    0x00, 0x00, 0x00, 0x00, 0x00, 0x0F, 0xFF, 0xFF, 0x80, 0x03, 0xFF, 0xFF, 0xFE, 0x00, 0xFF, 0xFF,
    0xFF, 0xF0, 0x3F, 0xE5, 0x6F, 0xFF, 0x0F, 0xF8, 0x00, 0xBF, 0xE3, 0xFE, 0x00, 0x0B, 0xFC, 0xFF,
    0x80, 0x00, 0xFF, 0xBF, 0xE0, 0x00, 0x3F, 0xFF, 0xF8, 0x00, 0x0B, 0xFF, 0xFE, 0x00, 0x02, 0xFF,
    0xFF, 0x80, 0x00, 0xBF, 0xFF, 0xE0, 0x00, 0x2F, 0xFF, 0xF8, 0x00, 0x0B, 0xFF, 0xFE, 0x00, 0x03,
    0xFE, 0xFF, 0x80, 0x00, 0xFF, 0x7F, 0xE0, 0x00, 0xFF, 0xCF, 0xF8, 0x00, 0xBF, 0xD3, 0xFE, 0x56,
    0xFF, 0xF0, 0xFF, 0xFF, 0xFF, 0xF0, 0x3F, 0xFF, 0xFF, 0xD0, 0x0F, 0xFF, 0xFE, 0x40, 0x00, 0x00,
    0x00, 0x0B, 0xFC, 0x3F, 0xC0, 0x00, 0x00, 0xBF, 0xC3, 0xF8, 0x00, 0x00, 0x0B, 0xFC, 0x3F, 0x00,
    0x00, 0x00, 0xBF, 0xC7, 0xE0, 0x00, 0x00, 0x0B, 0xFC, 0xBC, 0x00, 0x00, 0x00, 0x7F, 0xC0, 0x00,
    0x01, 0xFF, 0x87, 0xFC, 0x00, 0x00, 0xFF, 0xFF, 0x7F, 0xC0, 0x00, 0x2F, 0xFF, 0xFF, 0xFC, 0x00,
    0x03, 0xFF, 0x97, 0xFF, 0xC0, 0x00, 0xBF, 0xD0, 0x0F, 0xFC, 0x00, 0x0F, 0xFC, 0x00, 0xBF, 0xC0,
    0x00, 0xFF, 0x80, 0x07, 0xFC, 0x00, 0x0F, 0xF8, 0x00, 0x7F, 0xC0, 0x00, 0xFF, 0x80, 0x03, 0xFC,
    0x00, 0x0F, 0xF8, 0x00, 0x7F, 0xC0, 0x00, 0xFF, 0xC0, 0x07, 0xFC, 0x00, 0x0B, 0xFD, 0x00, 0xFF,
    0xC0, 0x00, 0x3F, 0xF9, 0x7F, 0xFC, 0x00, 0x02, 0xFF, 0xFF, 0xFF, 0xC0, 0x00, 0x0F, 0xFF, 0xF3,
    0xFC, 0x00, 0x00, 0x1F, 0xF4, 0x2F, 0xC0, 0x00, 0x0F, 0xFF, 0xFE, 0x80, 0x00, 0x3F, 0xFF, 0xFF,
    0xE0, 0x00, 0xFF, 0xFF, 0xFF, 0xF0, 0x03, 0xFE, 0x56, 0xFF, 0xF0, 0x0F, 0xF8, 0x00, 0xBF, 0xE0,
    0x3F, 0xE0, 0x00, 0xBF, 0xC0, 0xFF, 0x80, 0x00, 0xFF, 0x83, 0xFE, 0x00, 0x03, 0xFF, 0x0F, 0xF8,
    0x00, 0x0B, 0xFF, 0xFF, 0xFF, 0xC0, 0x2F, 0xFF, 0xFF, 0xFF, 0x00, 0xBF, 0xFF, 0xFF, 0xFC, 0x02,
    0xFF, 0x5F, 0xF9, 0x50, 0x0B, 0xFC, 0x3F, 0xE0, 0x00, 0x3F, 0xE0, 0xFF, 0x80, 0x00, 0xFF, 0x43,
    0xFE, 0x00, 0x0F, 0xFC, 0x0F, 0xF8, 0x00, 0xBF, 0xD0, 0x3F, 0xE5, 0x6F, 0xFF, 0x00, 0xFF, 0xFF,
    0xFF, 0xF0, 0x03, 0xFF, 0xFF, 0xFD, 0x00, 0x0F, 0xFF, 0xFE, 0x40, 0x00, 0x00, 0x00, 0x0B, 0xFC,
    0x00, 0x00, 0x02, 0xFF, 0x00, 0x00, 0xFF, 0xFF, 0xFC, 0x00, 0x3F, 0xFF, 0xFF, 0x00, 0x0F, 0xFF,
    0xFF, 0xC0, 0x01, 0x56, 0xFF, 0x50, 0x01, 0x40, 0x7F, 0xC0, 0x0F, 0xFF, 0x1F, 0xF0, 0x1F, 0xFF,
    0xFB, 0xFC, 0x0F, 0xFF, 0xFF, 0xFF, 0x07, 0xFE, 0x03, 0xFF, 0xC2, 0xFF, 0x00, 0x3F, 0xF0, 0xFF,
    0x80, 0x0B, 0xFC, 0x3F, 0xE0, 0x02, 0xFF, 0x0F, 0xF8, 0x00, 0xBF, 0xC3, 0xFE, 0x00, 0x2F, 0xF0,
    0xFF, 0xC0, 0x0B, 0xFC, 0x2F, 0xF0, 0x03, 0xFF, 0x07, 0xFF, 0x57, 0xFF, 0xC0, 0xFF, 0xFF, 0xFF,
    0xF0, 0x0F, 0xFF, 0xE7, 0xFC, 0x00, 0x7F, 0xD0, 0xFF, 0x00, 0x15, 0x55, 0x54, 0x3F, 0xFF, 0xFC,
    0x3F, 0xFF, 0xFC, 0x3F, 0xFF, 0xFC, 0x00, 0x00, 0x00, 0xFF, 0xFF, 0xFF, 0xFF, 0xFF, 0xFF, 0xFF,
    0xFF, 0xFF, 0xFF, 0x95, 0x55, 0xFF, 0x80, 0x00, 0xFF, 0x80, 0x00, 0xFF, 0x80, 0x00, 0xFF, 0x80,
    0x00, 0xFF, 0x95, 0x54, 0xFF, 0xFF, 0xFE, 0xFF, 0xFF, 0xFE, 0xFF, 0xFF, 0xFE, 0xFF, 0x80, 0x00,
    0xFF, 0x80, 0x00, 0xFF, 0x80, 0x00, 0xFF, 0x80, 0x00, 0xFF, 0x80, 0x00, 0xFF, 0x95, 0x55, 0xFF,
    0xFF, 0xFF, 0xFF, 0xFF, 0xFF, 0xFF, 0xFF, 0xFF, 0x0F, 0xFF, 0xFF, 0x00, 0x3F, 0xFF, 0xFC, 0x00,
    0xFF, 0xFF, 0xF0, 0x01, 0x55, 0x55, 0x40, 0x00, 0x00, 0x00, 0x00, 0x01, 0xBF, 0xE0, 0x00, 0x7F,
    0xFF, 0xF8, 0x07, 0xFF, 0xFF, 0xF8, 0x3F, 0xF9, 0x7F, 0xF1, 0xFF, 0x00, 0x3F, 0xEB, 0xF8, 0x00,
    0xBF, 0xFF, 0xFF, 0xFF, 0xFF, 0xFF, 0xFF, 0xFF, 0xFF, 0xFF, 0xFF, 0xFF, 0xFF, 0xF9, 0x55, 0x55,
    0x6F, 0xE0, 0x00, 0x00, 0x7F, 0xD0, 0x00, 0x00, 0xFF, 0xE5, 0x5B, 0xC1, 0xFF, 0xFF, 0xFF, 0x00,
    0xFF, 0xFF, 0xFC, 0x00, 0x6F, 0xFE, 0x40, 0x3D, 0x00, 0x2F, 0x3F, 0x95, 0xBF, 0x1F, 0xFF, 0xFD,
    0x0B, 0xFF, 0xF4, 0x01, 0xFF, 0x80, 0x00, 0x00, 0x00, 0xFF, 0xFF, 0xFF, 0xFF, 0xFF, 0xFF, 0xFF,
    0xFF, 0xFF, 0xFF, 0x95, 0x55, 0xFF, 0x80, 0x00, 0xFF, 0x80, 0x00, 0xFF, 0x80, 0x00, 0xFF, 0x80,
    0x00, 0xFF, 0x95, 0x54, 0xFF, 0xFF, 0xFD, 0xFF, 0xFF, 0xFD, 0xFF, 0xFF, 0xFD, 0xFF, 0x80, 0x00,
    0xFF, 0x80, 0x00, 0xFF, 0x80, 0x00, 0xFF, 0x80, 0x00, 0xFF, 0x80, 0x00, 0xFF, 0x95, 0x55, 0xFF,
    0xFF, 0xFF, 0xFF, 0xFF, 0xFF, 0xFF, 0xFF, 0xFF, 0x0F, 0xC0, 0x0B, 0xC0, 0x2F, 0xFF, 0xFE, 0x00,
    0x3F, 0xFF, 0xF0, 0x00, 0x3F, 0xFE, 0x00, 0x00, 0x05, 0x00, 0x00, 0x00, 0x00, 0x00, 0x00, 0x06,
    0xFF, 0x80, 0x01, 0xFF, 0xFF, 0xE0, 0x1F, 0xFF, 0xFF, 0xE0, 0xFF, 0xE5, 0xFF, 0xD7, 0xFC, 0x00,
    0xFF, 0xAF, 0xE0, 0x02, 0xFF, 0xFF, 0xFF, 0xFF, 0xFF, 0xFF, 0xFF, 0xFF, 0xFF, 0xFF, 0xFF, 0xFF,
    0xFF, 0xE0, 0x00, 0x00, 0xBF, 0xC0, 0x00, 0x01, 0xFF, 0x40, 0x00, 0x03, 0xFF, 0x95, 0x6F, 0x07,
    0xFF, 0xFF, 0xFC, 0x07, 0xFF, 0xFF, 0xF0, 0x01, 0xBF, 0xF9, 0x00, 0x00, 0x7E, 0x00, 0x00, 0xFF,
    0x40, 0x00, 0xFF, 0x40, 0x00, 0x7E, 0x00, 0x00, 0x00, 0x00, 0x00, 0x00, 0x00, 0xFF, 0xFF, 0xFF,
    0xFF, 0xFF, 0xFF, 0xFF, 0xFF, 0xFF, 0xFF, 0x95, 0x55, 0xFF, 0x80, 0x00, 0xFF, 0x80, 0x00, 0xFF,
    0x80, 0x00, 0xFF, 0x80, 0x00, 0xFF, 0x95, 0x54, 0xFF, 0xFF, 0xFE, 0xFF, 0xFF, 0xFE, 0xFF, 0xFF,
    0xFE, 0xFF, 0x80, 0x00, 0xFF, 0x80, 0x00, 0xFF, 0x80, 0x00, 0xFF, 0x80, 0x00, 0xFF, 0x80, 0x00,
    0xFF, 0x95, 0x55, 0xFF, 0xFF, 0xFF, 0xFF, 0xFF, 0xFF, 0xFF, 0xFF, 0xFF, 0x00, 0x1F, 0x80, 0x00,
    0x00, 0xFF, 0x40, 0x00, 0x03, 0xFD, 0x00, 0x00, 0x07, 0xE0, 0x00, 0x00, 0x00, 0x00, 0x00, 0x00,
    0x00, 0x00, 0x00, 0x06, 0xFF, 0x80, 0x01, 0xFF, 0xFF, 0xE0, 0x1F, 0xFF, 0xFF, 0xE0, 0xFF, 0xE5,
    0xFF, 0xC7, 0xFC, 0x00, 0xFF, 0xAF, 0xE0, 0x02, 0xFF, 0xFF, 0xFF, 0xFF, 0xFF, 0xFF, 0xFF, 0xFF,
    0xFF, 0xFF, 0xFF, 0xFF, 0xFF, 0xE5, 0x55, 0x55, 0xBF, 0x80, 0x00, 0x01, 0xFF, 0x40, 0x00, 0x03,
    0xFF, 0x95, 0x6F, 0x03, 0xFF, 0xFF, 0xFC, 0x03, 0xFF, 0xFF, 0xF0, 0x01, 0xBF, 0xF9, 0x00, 0xFF,
    0xFF, 0xFF, 0xFF, 0xFF, 0xFF, 0xFF, 0xFF, 0xFF, 0xFF, 0x95, 0x55, 0xFF, 0x80, 0x00, 0xFF, 0x80,
    0x00, 0xFF, 0x80, 0x00, 0xFF, 0x80, 0x00, 0xFF, 0x95, 0x54, 0xFF, 0xFF, 0xFD, 0xFF, 0xFF, 0xFD,
    0xFF, 0xFF, 0xFD, 0xFF, 0x80, 0x00, 0xFF, 0x80, 0x00, 0xFF, 0x80, 0x00, 0xFF, 0x80, 0x00, 0xFF,
    0x80, 0x00, 0xFF, 0x95, 0x55, 0xFF, 0xFF, 0xFF, 0xFF, 0xFF, 0xFF, 0xFF, 0xFF, 0xFF, 0x00, 0x00,
    0xF8, 0x00, 0x03, 0xE0, 0x00, 0x0B, 0xC0, 0x00, 0x0F, 0xD0, 0x00, 0x0F, 0xFF, 0x00, 0x07, 0xFF,
    0x00, 0x01, 0xBE, 0x00, 0x6F, 0xF8, 0x00, 0x1F, 0xFF, 0xFE, 0x01, 0xFF, 0xFF, 0xFE, 0x0F, 0xFE,
    0x5F, 0xFC, 0x7F, 0xC0, 0x0F, 0xFA, 0xFE, 0x00, 0x2F, 0xFF, 0xFF, 0xFF, 0xFF, 0xFF, 0xFF, 0xFF,
    0xFF, 0xFF, 0xFF, 0xFF, 0xFF, 0xFE, 0x55, 0x55, 0x5B, 0xF8, 0x00, 0x00, 0x1F, 0xF4, 0x00, 0x00,
    0x3F, 0xF9, 0x56, 0xF0, 0x3F, 0xFF, 0xFF, 0xC0, 0x3F, 0xFF, 0xFF, 0x00, 0x1B, 0xFF, 0xF4, 0x00,
    0x00, 0x2F, 0x40, 0x00, 0x01, 0xF4, 0x00, 0x00, 0x0F, 0xC0, 0x00, 0x00, 0x3F, 0x00, 0x00, 0x00,
    0xFF, 0xF0, 0x00, 0x01, 0xFF, 0xC0, 0x00, 0x01, 0xBD, 0x00, 0xBE, 0x00, 0x7F, 0x4B, 0xF4, 0xBF,
    0x40, 0xBF, 0xFF, 0x80, 0x0F, 0xFF, 0x80, 0x00, 0xAA, 0x40, 0x00, 0x00, 0x00, 0x0F, 0xFF, 0xFF,
    0xF3, 0xFF, 0xFF, 0xFC, 0xFF, 0xFF, 0xFF, 0x3F, 0xE5, 0x55, 0x4F, 0xF8, 0x00, 0x03, 0xFE, 0x00,
    0x00, 0xFF, 0x80, 0x00, 0x3F, 0xE0, 0x00, 0x0F, 0xF9, 0x55, 0x43, 0xFF, 0xFF, 0xF8, 0xFF, 0xFF,
    0xFE, 0x3F, 0xFF, 0xFF, 0x8F, 0xF8, 0x00, 0x03, 0xFE, 0x00, 0x00, 0xFF, 0x80, 0x00, 0x3F, 0xE0,
    0x00, 0x0F, 0xF8, 0x00, 0x03, 0xFE, 0x55, 0x54, 0xFF, 0xFF, 0xFF, 0x3F, 0xFF, 0xFF, 0xCF, 0xFF,
    0xFF, 0xF0, 0x1F, 0xD0, 0x0B, 0xF0, 0x1F, 0xE1, 0xFF, 0x00, 0x1F, 0xFF, 0xF0, 0x00, 0x2F, 0xFF,
    0x00, 0x00, 0x2A, 0xA0, 0x00, 0x00, 0x00, 0x00, 0x00, 0x06, 0xFF, 0x80, 0x01, 0xFF, 0xFF, 0xE0,
    0x1F, 0xFF, 0xFF, 0xE0, 0xFF, 0xE5, 0xFF, 0xD7, 0xFC, 0x00, 0xFF, 0xAF, 0xE0, 0x02, 0xFF, 0xFF,
    0xFF, 0xFF, 0xFF, 0xFF, 0xFF, 0xFF, 0xFF, 0xFF, 0xFF, 0xFF, 0xFF, 0xE0, 0x00, 0x00, 0xBF, 0xC0,
    0x00, 0x01, 0xFF, 0x40, 0x00, 0x03, 0xFF, 0x95, 0x6F, 0x03, 0xFF, 0xFF, 0xFC, 0x03, 0xFF, 0xFF,
    0xF0, 0x01, 0xBF, 0xF9, 0x00, 0x00, 0x03, 0xFF, 0x00, 0x00, 0x02, 0xFF, 0xF0, 0x00, 0x01, 0xFD,
    0xFF, 0x00, 0x01, 0xFD, 0x0F, 0xF0, 0x00, 0x64, 0x00, 0x69, 0x00, 0x00, 0x00, 0x00, 0x00, 0x00,
    0x6F, 0xFF, 0x90, 0x01, 0xFF, 0xFF, 0xFF, 0x03, 0xFF, 0xFF, 0xFF, 0x43, 0xFF, 0xE5, 0x5B, 0xC1,
    0xFF, 0xC0, 0x00, 0x00, 0xFF, 0xC0, 0x00, 0x00, 0x7F, 0xD0, 0x00, 0x00, 0x2F, 0xF0, 0x00, 0x00,
    0x0F, 0xF8, 0x00, 0x00, 0x03, 0xFE, 0x01, 0xFF, 0xFF, 0xFF, 0x80, 0x7F, 0xFF, 0xFF, 0xE0, 0x1F,
    0xFF, 0xFF, 0xF8, 0x01, 0x5B, 0xFE, 0xFF, 0x00, 0x02, 0xFF, 0xBF, 0xC0, 0x00, 0xBF, 0xCF, 0xF8,
    0x00, 0x2F, 0xF3, 0xFF, 0x40, 0x0B, 0xFC, 0x3F, 0xFD, 0x57, 0xFF, 0x07, 0xFF, 0xFF, 0xFF, 0xC0,
    0x3F, 0xFF, 0xFF, 0xF0, 0x01, 0xBF, 0xFE, 0x90, 0x00, 0x3F, 0xF4, 0x00, 0x02, 0xFF, 0xF0, 0x00,
    0x2F, 0xEF, 0xF0, 0x02, 0xFD, 0x0F, 0xF0, 0x0A, 0x80, 0x06, 0x90, 0x00, 0x00, 0x00, 0x00, 0x1F,
    0xF8, 0x3F, 0xC2, 0xFF, 0xFD, 0xFF, 0x2F, 0xFF, 0xFF, 0xFC, 0xFF, 0xE5, 0xFF, 0xFB, 0xFD, 0x00,
    0xFF, 0xFF, 0xF0, 0x01, 0xFF, 0xFF, 0x80, 0x03, 0xFF, 0xFE, 0x00, 0x0F, 0xFF, 0xF8, 0x00, 0x3F,
    0xFF, 0xE0, 0x00, 0xFF, 0xFF, 0xC0, 0x07, 0xFE, 0xFF, 0x40, 0x3F, 0xF3, 0xFF, 0x97, 0xFF, 0xCB,
    0xFF, 0xFF, 0xFF, 0x0F, 0xFF, 0xF7, 0xFC, 0x07, 0xFE, 0x1F, 0xF0, 0x00, 0x00, 0x7F, 0xC0, 0x00,
    0x02, 0xFF, 0x10, 0x00, 0x0F, 0xF8, 0xFA, 0x56, 0xFF, 0xD3, 0xFF, 0xFF, 0xFE, 0x0F, 0xFF, 0xFF,
    0xE0, 0x1B, 0xFF, 0xF8, 0x00, 0x00, 0x18, 0x00, 0x19, 0x00, 0x0F, 0x80, 0x2F, 0xC0, 0x02, 0xFF,
    0xFF, 0xE0, 0x00, 0x3F, 0xFF, 0xF0, 0x00, 0x02, 0xFF, 0xE0, 0x00, 0x00, 0x05, 0x00, 0x00, 0x00,
    0x00, 0x00, 0x00, 0x00, 0x1B, 0xFF, 0xE4, 0x00, 0x7F, 0xFF, 0xFF, 0xC0, 0xBF, 0xFF, 0xFF, 0xE0,
    0xFF, 0xF9, 0x56, 0xF0, 0x7F, 0xF0, 0x00, 0x00, 0x3F, 0xF0, 0x00, 0x00, 0x1F, 0xF4, 0x00, 0x00,
    0x0B, 0xFC, 0x00, 0x00, 0x03, 0xFE, 0x00, 0x00, 0x00, 0xFF, 0x80, 0x3F, 0xFF, 0xFF, 0xE0, 0x0F,
    0xFF, 0xFF, 0xF8, 0x03, 0xFF, 0xFF, 0xFE, 0x00, 0x56, 0xFF, 0xBF, 0xC0, 0x00, 0xBF, 0xEF, 0xF0,
    0x00, 0x2F, 0xF3, 0xFE, 0x00, 0x0B, 0xFC, 0xFF, 0xD0, 0x02, 0xFF, 0x0F, 0xFF, 0x55, 0xFF, 0xC1,
    0xFF, 0xFF, 0xFF, 0xF0, 0x0F, 0xFF, 0xFF, 0xFC, 0x00, 0x6F, 0xFF, 0xA4, 0x0F, 0xD0, 0x07, 0xC0,
    0x2F, 0xFF, 0xFE, 0x00, 0x3F, 0xFF, 0xF0, 0x00, 0x3F, 0xFE, 0x00, 0x00, 0x05, 0x00, 0x00, 0x00,
    0x00, 0x00, 0x00, 0x1F, 0xF8, 0x3F, 0xC2, 0xFF, 0xFD, 0xFF, 0x2F, 0xFF, 0xFF, 0xFC, 0xFF, 0xE5,
    0xFF, 0xFB, 0xFD, 0x00, 0xFF, 0xFF, 0xF0, 0x01, 0xFF, 0xFF, 0x80, 0x03, 0xFF, 0xFE, 0x00, 0x0F,
    0xFF, 0xF8, 0x00, 0x3F, 0xFF, 0xE0, 0x00, 0xFF, 0xFF, 0xC0, 0x07, 0xFE, 0xFF, 0x40, 0x3F, 0xF3,
    0xFF, 0x97, 0xFF, 0xCB, 0xFF, 0xFF, 0xFF, 0x0F, 0xFF, 0xF7, 0xFC, 0x07, 0xFE, 0x1F, 0xF0, 0x00,
    0x00, 0x7F, 0xC0, 0x00, 0x02, 0xFF, 0x10, 0x00, 0x0F, 0xF8, 0xF9, 0x56, 0xFF, 0xD3, 0xFF, 0xFF,
    0xFE, 0x0F, 0xFF, 0xFF, 0xE0, 0x1B, 0xFF, 0xF8, 0x00, 0x00, 0x00, 0x7E, 0x00, 0x00, 0x00, 0x3F,
    0xD0, 0x00, 0x00, 0x0F, 0xF4, 0x00, 0x00, 0x01, 0xF8, 0x00, 0x00, 0x00, 0x00, 0x00, 0x00, 0x00,
    0x00, 0x00, 0x00, 0x00, 0x6F, 0xFF, 0x90, 0x01, 0xFF, 0xFF, 0xFF, 0x03, 0xFF, 0xFF, 0xFF, 0x43,
    0xFF, 0xE5, 0x5B, 0xC1, 0xFF, 0xC0, 0x00, 0x00, 0xFF, 0xC0, 0x00, 0x00, 0x7F, 0xD0, 0x00, 0x00,
    0x2F, 0xF0, 0x00, 0x00, 0x0F, 0xF8, 0x00, 0x00, 0x03, 0xFE, 0x00, 0xFF, 0xFF, 0xFF, 0x80, 0x3F,
    0xFF, 0xFF, 0xE0, 0x0F, 0xFF, 0xFF, 0xF8, 0x01, 0x5B, 0xFE, 0xFF, 0x00, 0x02, 0xFF, 0xBF, 0xC0,
    0x00, 0xBF, 0xCF, 0xF8, 0x00, 0x2F, 0xF3, 0xFF, 0x40, 0x0B, 0xFC, 0x3F, 0xFD, 0x57, 0xFF, 0x07,
    0xFF, 0xFF, 0xFF, 0xC0, 0x3F, 0xFF, 0xFF, 0xF0, 0x01, 0xBF, 0xFE, 0x90, 0x00, 0x0B, 0xD0, 0x00,
    0x00, 0x7F, 0xC0, 0x00, 0x01, 0xFF, 0x00, 0x00, 0x02, 0xF4, 0x00, 0x00, 0x00, 0x00, 0x00, 0x00,
    0x00, 0x00, 0x00, 0x1F, 0xF8, 0x3F, 0xC2, 0xFF, 0xFD, 0xFF, 0x2F, 0xFF, 0xFF, 0xFC, 0xFF, 0xE5,
    0xFF, 0xFB, 0xFD, 0x00, 0xFF, 0xFF, 0xF0, 0x01, 0xFF, 0xFF, 0x80, 0x03, 0xFF, 0xFE, 0x00, 0x0F,
    0xFF, 0xF8, 0x00, 0x3F, 0xFF, 0xE0, 0x00, 0xFF, 0xFF, 0xC0, 0x07, 0xFE, 0xFF, 0x40, 0x3F, 0xF3,
    0xFF, 0x97, 0xFF, 0xCB, 0xFF, 0xFF, 0xFF, 0x0F, 0xFF, 0xF7, 0xFC, 0x07, 0xFE, 0x1F, 0xF0, 0x00,
    0x00, 0x7F, 0xC0, 0x00, 0x02, 0xFF, 0x10, 0x00, 0x0F, 0xF8, 0xFA, 0x56, 0xFF, 0xD3, 0xFF, 0xFF,
    0xFE, 0x0F, 0xFF, 0xFF, 0xE0, 0x1B, 0xFF, 0xF8, 0x00, 0x00, 0x06, 0xFF, 0xF9, 0x00, 0x1F, 0xFF,
    0xFF, 0xF0, 0x3F, 0xFF, 0xFF, 0xF4, 0x3F, 0xFE, 0x55, 0xBC, 0x1F, 0xFC, 0x00, 0x00, 0x0F, 0xFC,
    0x00, 0x00, 0x07, 0xFD, 0x00, 0x00, 0x02, 0xFF, 0x00, 0x00, 0x00, 0xFF, 0x80, 0x00, 0x00, 0x3F,
    0xE0, 0x1F, 0xFF, 0xFF, 0xF8, 0x07, 0xFF, 0xFF, 0xFE, 0x01, 0xFF, 0xFF, 0xFF, 0x80, 0x15, 0xBF,
    0xEF, 0xF0, 0x00, 0x2F, 0xFB, 0xFC, 0x00, 0x0B, 0xFC, 0xFF, 0x80, 0x02, 0xFF, 0x3F, 0xF4, 0x00,
    0xBF, 0xC3, 0xFF, 0xD5, 0x7F, 0xF0, 0x7F, 0xFF, 0xFF, 0xFC, 0x03, 0xFF, 0xFF, 0xFF, 0x00, 0x1B,
    0xFF, 0xE9, 0x00, 0x00, 0x00, 0x00, 0x00, 0x00, 0x0F, 0xF0, 0x00, 0x00, 0x03, 0xF8, 0x00, 0x00,
    0x01, 0xFC, 0x00, 0x00, 0x00, 0xBE, 0x00, 0x00, 0x00, 0x3F, 0x00, 0x00, 0x00, 0x01, 0xF4, 0x00,
    0x00, 0x0F, 0xC0, 0x00, 0x00, 0xBF, 0x00, 0x00, 0x03, 0xFC, 0x00, 0x00, 0x1F, 0xE0, 0x00, 0x00,
    0x00, 0x00, 0x00, 0x1F, 0xF8, 0x3F, 0xC2, 0xFF, 0xFD, 0xFF, 0x2F, 0xFF, 0xFF, 0xFC, 0xFF, 0xE5,
    0xFF, 0xFB, 0xFD, 0x00, 0xFF, 0xFF, 0xF0, 0x01, 0xFF, 0xFF, 0x80, 0x03, 0xFF, 0xFE, 0x00, 0x0F,
    0xFF, 0xF8, 0x00, 0x3F, 0xFF, 0xE0, 0x00, 0xFF, 0xFF, 0xC0, 0x07, 0xFE, 0xFF, 0x40, 0x3F, 0xF3,
    0xFF, 0x97, 0xFF, 0xCB, 0xFF, 0xFF, 0xFF, 0x0F, 0xFF, 0xF7, 0xFC, 0x07, 0xFE, 0x1F, 0xF0, 0x00,
    0x00, 0x7F, 0xC0, 0x00, 0x02, 0xFF, 0x10, 0x00, 0x0F, 0xF8, 0xFA, 0x56, 0xFF, 0xD3, 0xFF, 0xFF,
    0xFE, 0x0F, 0xFF, 0xFF, 0xE0, 0x1B, 0xFF, 0xF8, 0x00, 0x00, 0x0F, 0xFC, 0x00, 0x00, 0x0F, 0xFF,
    0x80, 0x00, 0x0F, 0xF7, 0xF8, 0x00, 0x0B, 0xF0, 0x7F, 0x80, 0x02, 0x90, 0x01, 0xA0, 0x00, 0x00,
    0x00, 0x00, 0x0F, 0xF8, 0x00, 0x0B, 0xFF, 0xFE, 0x00, 0x02, 0xFF, 0xFF, 0x80, 0x00, 0xBF, 0xFF,
    0xE0, 0x00, 0x2F, 0xFF, 0xF8, 0x00, 0x0B, 0xFF, 0xFE, 0x00, 0x02, 0xFF, 0xFF, 0x80, 0x00, 0xBF,
    0xFF, 0xE0, 0x00, 0x2F, 0xFF, 0xF9, 0x55, 0x5B, 0xFF, 0xFF, 0xFF, 0xFF, 0xFF, 0xFF, 0xFF, 0xFF,
    0xFF, 0xFF, 0xFF, 0xFF, 0xFF, 0xFF, 0xF8, 0x00, 0x0B, 0xFF, 0xFE, 0x00, 0x02, 0xFF, 0xFF, 0x80,
    0x00, 0xBF, 0xFF, 0xE0, 0x00, 0x2F, 0xFF, 0xF8, 0x00, 0x0B, 0xFF, 0xFE, 0x00, 0x02, 0xFF, 0xFF,
    0x80, 0x00, 0xBF, 0xFF, 0xE0, 0x00, 0x2F, 0xFF, 0xF8, 0x00, 0x0B, 0xFC, 0x01, 0xFF, 0xC0, 0x00,
    0x00, 0x0F, 0xFF, 0x80, 0x00, 0x00, 0xFF, 0xBF, 0x80, 0x00, 0x0F, 0xE0, 0x7F, 0x80, 0x00, 0x69,
    0x00, 0x1A, 0x00, 0x00, 0x00, 0x00, 0x00, 0x00, 0x00, 0x0F, 0xF8, 0x00, 0x00, 0x00, 0x3F, 0xE0,
    0x00, 0x00, 0x00, 0xFF, 0x80, 0x00, 0x00, 0x03, 0xFE, 0x00, 0x00, 0x00, 0x0F, 0xF8, 0x00, 0x00,
    0x00, 0x3F, 0xD0, 0x00, 0x00, 0x00, 0xFF, 0x47, 0xFE, 0x40, 0x03, 0xFD, 0xFF, 0xFF, 0x80, 0x0F,
    0xFF, 0xFF, 0xFF, 0x40, 0x3F, 0xFE, 0x5F, 0xFE, 0x00, 0xFF, 0xD0, 0x0F, 0xFC, 0x03, 0xFF, 0x00,
    0x2F, 0xF0, 0x0F, 0xF8, 0x00, 0xBF, 0xC0, 0x3F, 0xE0, 0x02, 0xFF, 0x00, 0xFF, 0x80, 0x0B, 0xFC,
    0x03, 0xFE, 0x00, 0x2F, 0xF0, 0x0F, 0xF8, 0x00, 0xBF, 0xC0, 0x3F, 0xE0, 0x02, 0xFF, 0x00, 0xFF,
    0x80, 0x0B, 0xFC, 0x03, 0xFE, 0x00, 0x2F, 0xF0, 0x0F, 0xF8, 0x00, 0xBF, 0xC0, 0x3F, 0xE0, 0x02,
    0xFF, 0x0B, 0xFC, 0x00, 0x03, 0xFE, 0x00, 0xBF, 0xC0, 0x00, 0x3F, 0xE0, 0x0B, 0xFC, 0x00, 0x03,
    0xFE, 0x0F, 0xFF, 0xFF, 0xFF, 0xFF, 0xFF, 0xFF, 0xFF, 0xFF, 0xFF, 0xFF, 0xFF, 0xFF, 0xFF, 0xFF,
    0xFF, 0xFF, 0x5B, 0xFD, 0x55, 0x57, 0xFE, 0x50, 0xBF, 0xC0, 0x00, 0x3F, 0xE0, 0x0B, 0xFD, 0x55,
    0x57, 0xFE, 0x00, 0xBF, 0xFF, 0xFF, 0xFF, 0xE0, 0x0B, 0xFF, 0xFF, 0xFF, 0xFE, 0x00, 0xBF, 0xFF,
    0xFF, 0xFF, 0xE0, 0x0B, 0xFC, 0x00, 0x03, 0xFE, 0x00, 0xBF, 0xC0, 0x00, 0x3F, 0xE0, 0x0B, 0xFC,
    0x00, 0x03, 0xFE, 0x00, 0xBF, 0xC0, 0x00, 0x3F, 0xE0, 0x0B, 0xFC, 0x00, 0x03, 0xFE, 0x00, 0xBF,
    0xC0, 0x00, 0x3F, 0xE0, 0x0B, 0xFC, 0x00, 0x03, 0xFE, 0x00, 0xBF, 0xC0, 0x00, 0x3F, 0xE0, 0x0B,
    0xFC, 0x00, 0x03, 0xFE, 0x00, 0x0F, 0xF8, 0x00, 0x00, 0x03, 0xFE, 0x00, 0x00, 0x0F, 0xFF, 0xFF,
    0xC0, 0x03, 0xFF, 0xFF, 0xF0, 0x00, 0xFF, 0xFF, 0xFC, 0x00, 0x17, 0xFE, 0x55, 0x00, 0x00, 0xFF,
    0x80, 0x00, 0x00, 0x3F, 0xD1, 0xFF, 0x90, 0x0F, 0xFB, 0xFF, 0xFE, 0x03, 0xFF, 0xFF, 0xFF, 0xD0,
    0xFF, 0xF9, 0x7F, 0xF8, 0x3F, 0xF4, 0x03, 0xFF, 0x0F, 0xFC, 0x00, 0xBF, 0xC3, 0xFE, 0x00, 0x2F,
    0xF0, 0xFF, 0x80, 0x0B, 0xFC, 0x3F, 0xE0, 0x02, 0xFF, 0x0F, 0xF8, 0x00, 0xBF, 0xC3, 0xFE, 0x00,
    0x2F, 0xF0, 0xFF, 0x80, 0x0B, 0xFC, 0x3F, 0xE0, 0x02, 0xFF, 0x0F, 0xF8, 0x00, 0xBF, 0xC3, 0xFE,
    0x00, 0x2F, 0xF0, 0x01, 0x40, 0x04, 0x1F, 0xF4, 0x2D, 0x3F, 0xFF, 0xFC, 0xBE, 0xBF, 0xF8, 0xF4,
    0x0B, 0xD0, 0x00, 0x00, 0x00, 0x0F, 0xFF, 0xFC, 0x0F, 0xFF, 0xFC, 0x0F, 0xFF, 0xFC, 0x00, 0xFF,
    0xD0, 0x00, 0xBF, 0xC0, 0x00, 0xBF, 0xC0, 0x00, 0xBF, 0xC0, 0x00, 0xBF, 0xC0, 0x00, 0xBF, 0xC0,
    0x00, 0xBF, 0xC0, 0x00, 0xBF, 0xC0, 0x00, 0xBF, 0xC0, 0x00, 0xBF, 0xC0, 0x00, 0xBF, 0xC0, 0x00,
    0xBF, 0xC0, 0x00, 0xBF, 0xC0, 0x00, 0xBF, 0xC0, 0x00, 0xFF, 0xD0, 0x0F, 0xFF, 0xFC, 0x0F, 0xFF,
    0xFC, 0x0F, 0xFF, 0xFC, 0x00, 0x40, 0x05, 0x03, 0xFE, 0x03, 0xD3, 0xFF, 0xFF, 0xF1, 0xFA, 0xFF,
    0xF4, 0x7C, 0x07, 0xF4, 0x00, 0x00, 0x00, 0x00, 0x0F, 0xF8, 0x00, 0x03, 0xFE, 0x00, 0x00, 0xFF,
    0x80, 0x00, 0x3F, 0xE0, 0x00, 0x0F, 0xF8, 0x00, 0x03, 0xFE, 0x00, 0x00, 0xFF, 0x80, 0x00, 0x3F,
    0xE0, 0x00, 0x0F, 0xF8, 0x00, 0x03, 0xFE, 0x00, 0x00, 0xFF, 0x80, 0x00, 0x3F, 0xE0, 0x00, 0x0F,
    0xF8, 0x00, 0x03, 0xFE, 0x00, 0x00, 0xFF, 0x80, 0x00, 0x3F, 0xE0, 0x00, 0x55, 0x55, 0x7F, 0xFF,
    0xFF, 0xFF, 0xFF, 0xFF, 0xFF, 0x00, 0x00, 0x3F, 0xFF, 0xFF, 0xFF, 0xFF, 0xFF, 0xFF, 0x0F, 0xFD,
    0x02, 0xFF, 0x00, 0xBF, 0xC0, 0x2F, 0xF0, 0x0B, 0xFC, 0x02, 0xFF, 0x00, 0xBF, 0xC0, 0x2F, 0xF0,
    0x0B, 0xFC, 0x02, 0xFF, 0x00, 0xBF, 0xC0, 0x2F, 0xF0, 0x0B, 0xFC, 0x02, 0xFF, 0x00, 0xFF, 0xD3,
    0xFF, 0xFF, 0xFF, 0xFF, 0xFF, 0xFF, 0xF0, 0xFF, 0xFF, 0xFF, 0xFF, 0xFF, 0xFF, 0xFF, 0xF5, 0x55,
    0x55, 0x00, 0x00, 0x00, 0xBF, 0xC0, 0x0B, 0xFC, 0x00, 0xBF, 0xC0, 0x0B, 0xFC, 0x00, 0xBF, 0xC0,
    0x0B, 0xFC, 0x00, 0xBF, 0xC0, 0x0B, 0xFC, 0x00, 0xBF, 0xC0, 0x0B, 0xFC, 0x00, 0xBF, 0xC0, 0x0B,
    0xFC, 0x00, 0xBF, 0xC0, 0x0B, 0xFC, 0x00, 0xBF, 0xC0, 0x0B, 0xFC, 0x00, 0xF8, 0x00, 0xBF, 0xF9,
    0x5B, 0xF7, 0xFF, 0xFF, 0x4B, 0xFF, 0xF4, 0x07, 0xFE, 0x00, 0x00, 0x00, 0x03, 0xFF, 0xFF, 0x0F,
    0xFF, 0xFC, 0x3F, 0xFF, 0xF0, 0x1F, 0xFC, 0x00, 0x3F, 0xE0, 0x00, 0xFF, 0x80, 0x03, 0xFE, 0x00,
    0x0F, 0xF8, 0x00, 0x3F, 0xE0, 0x00, 0xFF, 0x80, 0x03, 0xFE, 0x00, 0x0F, 0xF8, 0x00, 0x3F, 0xE0,
    0x00, 0xFF, 0x80, 0x03, 0xFE, 0x00, 0x0F, 0xF8, 0x00, 0x3F, 0xE0, 0x01, 0xFF, 0xC0, 0x3F, 0xFF,
    0xF0, 0xFF, 0xFF, 0xC3, 0xFF, 0xFF, 0x00, 0xF8, 0x00, 0xBE, 0xFF, 0xFF, 0xE3, 0xFF, 0xFF, 0x03,
    0xFF, 0xE0, 0x00, 0x50, 0x00, 0x00, 0x00, 0x00, 0x3F, 0xE0, 0x00, 0xFF, 0x80, 0x03, 0xFE, 0x00,
    0x0F, 0xF8, 0x00, 0x3F, 0xE0, 0x00, 0xFF, 0x80, 0x03, 0xFE, 0x00, 0x0F, 0xF8, 0x00, 0x3F, 0xE0,
    0x00, 0xFF, 0x80, 0x03, 0xFE, 0x00, 0x0F, 0xF8, 0x00, 0x3F, 0xE0, 0x00, 0xFF, 0x80, 0x03, 0xFE,
    0x00, 0x0F, 0xF8, 0x00, 0xFF, 0xFF, 0xFF, 0xFF, 0xFF, 0xFF, 0xFC, 0x3F, 0xF4, 0x0B, 0xFC, 0x02,
    0xFF, 0x00, 0xBF, 0xC0, 0x2F, 0xF0, 0x0B, 0xFC, 0x02, 0xFF, 0x00, 0xBF, 0xC0, 0x2F, 0xF0, 0x0B,
    0xFC, 0x02, 0xFF, 0x00, 0xBF, 0xC0, 0x2F, 0xF0, 0x0B, 0xFC, 0x03, 0xFF, 0x4F, 0xFF, 0xFF, 0xFF,
    0xFF, 0xFF, 0xFF, 0xC0, 0x0F, 0xC0, 0x0F, 0xC0, 0x0B, 0xE0, 0x03, 0xF8, 0x00, 0xFF, 0xF0, 0x1F,
    0xFC, 0x01, 0xBE, 0x1F, 0x83, 0xFD, 0x3F, 0xD1, 0xF8, 0x00, 0x00, 0x00, 0x3F, 0xE3, 0xFE, 0x3F,
    0xE3, 0xFE, 0x3F, 0xE3, 0xFE, 0x3F, 0xE3, 0xFE, 0x3F, 0xE3, 0xFE, 0x3F, 0xE3, 0xFE, 0x3F, 0xE3,
    0xFE, 0x3F, 0xE3, 0xFE, 0x1F, 0x83, 0xE0, 0xBC, 0x0F, 0xD0, 0xFF, 0xF7, 0xFF, 0x1B, 0xE0, 0x02,
    0xF4, 0x01, 0xFF, 0x00, 0x7F, 0xC0, 0x0B, 0xD0, 0x00, 0x00, 0x00, 0x00, 0x0F, 0xFF, 0xFF, 0xFF,
    0xFF, 0xFF, 0xFF, 0xC3, 0xFF, 0x40, 0xBF, 0xC0, 0x2F, 0xF0, 0x0B, 0xFC, 0x02, 0xFF, 0x00, 0xBF,
    0xC0, 0x2F, 0xF0, 0x0B, 0xFC, 0x02, 0xFF, 0x00, 0xBF, 0xC0, 0x2F, 0xF0, 0x0B, 0xFC, 0x02, 0xFF,
    0x00, 0xBF, 0xC0, 0x3F, 0xF4, 0xFF, 0xFF, 0xFF, 0xFF, 0xFF, 0xFF, 0xFC, 0xFF, 0xBF, 0xEF, 0xFB,
    0xFE, 0xFF, 0xBF, 0xEF, 0xFB, 0xFE, 0xFF, 0xBF, 0xEF, 0xFB, 0xFE, 0xFF, 0xBF, 0xEF, 0xFB, 0xFE,
    0xFF, 0xFF, 0xC0, 0x2F, 0xFF, 0xFF, 0xFC, 0x02, 0xFF, 0xFF, 0xFF, 0xC0, 0x2F, 0xF0, 0xFF, 0xD0,
    0x02, 0xFF, 0x0B, 0xFC, 0x00, 0x2F, 0xF0, 0xBF, 0xC0, 0x02, 0xFF, 0x0B, 0xFC, 0x00, 0x2F, 0xF0,
    0xBF, 0xC0, 0x02, 0xFF, 0x0B, 0xFC, 0x00, 0x2F, 0xF0, 0xBF, 0xC0, 0x02, 0xFF, 0x0B, 0xFC, 0x00,
    0x2F, 0xF0, 0xBF, 0xC0, 0x02, 0xFF, 0x0B, 0xFC, 0x00, 0x2F, 0xF0, 0xBF, 0xC0, 0x02, 0xFF, 0x0B,
    0xFC, 0x00, 0x2F, 0xF0, 0xBF, 0xC0, 0x02, 0xFF, 0x0B, 0xFC, 0x00, 0x2F, 0xF0, 0xFF, 0xD0, 0x02,
    0xFF, 0xFF, 0xFF, 0xC0, 0x2F, 0xFF, 0xFF, 0xFC, 0x02, 0xFF, 0xFF, 0xFF, 0xC0, 0x2F, 0xF0, 0x00,
    0x00, 0x02, 0xFF, 0x00, 0x00, 0x00, 0x3F, 0xE0, 0x00, 0x05, 0x5F, 0xFD, 0x00, 0x00, 0xBF, 0xFF,
    0x80, 0x00, 0x0B, 0xFF, 0xE0, 0x00, 0x00, 0xBF, 0xE4, 0x00, 0x7E, 0x00, 0x1F, 0x8F, 0xF4, 0x03,
    0xFD, 0xFF, 0x40, 0x3F, 0xD7, 0xE0, 0x01, 0xF8, 0x00, 0x00, 0x00, 0x00, 0x00, 0x00, 0x00, 0xFF,
    0x80, 0x3F, 0xEF, 0xF8, 0x03, 0xFE, 0xFF, 0x80, 0x3F, 0xEF, 0xF8, 0x03, 0xFE, 0xFF, 0x80, 0x3F,
    0xEF, 0xF8, 0x03, 0xFE, 0xFF, 0x80, 0x3F, 0xEF, 0xF8, 0x03, 0xFE, 0xFF, 0x80, 0x3F, 0xEF, 0xF8,
    0x03, 0xFE, 0xFF, 0x80, 0x3F, 0xEF, 0xF8, 0x03, 0xFE, 0xFF, 0x80, 0x3F, 0xEF, 0xF8, 0x03, 0xFE,
    0xFF, 0x80, 0x3F, 0xEF, 0xF8, 0x03, 0xFE, 0x00, 0x00, 0x3F, 0xE0, 0x00, 0x03, 0xFD, 0x00, 0x00,
    0x3F, 0xD0, 0x01, 0x5F, 0xFD, 0x00, 0x2F, 0xFF, 0xC0, 0x02, 0xFF, 0xF0, 0x00, 0x2F, 0xF8, 0x00,
    0x00, 0x2A, 0x90, 0x00, 0x0F, 0xFF, 0x00, 0x02, 0xFF, 0xFC, 0x00, 0x7F, 0x9F, 0xE0, 0x1F, 0xD0,
    0x7F, 0x81, 0xA0, 0x00, 0x68, 0x00, 0x00, 0x00, 0x00, 0x03, 0xFE, 0x00, 0x00, 0x3F, 0xE0, 0x00,
    0x03, 0xFE, 0x00, 0x00, 0x3F, 0xE0, 0x00, 0x03, 0xFE, 0x00, 0x00, 0x3F, 0xE0, 0x00, 0x03, 0xFE,
    0x00, 0x00, 0x3F, 0xE0, 0x00, 0x03, 0xFE, 0x00, 0x00, 0x3F, 0xE0, 0x00, 0x03, 0xFE, 0x00, 0x00,
    0x3F, 0xE0, 0x00, 0x03, 0xFE, 0x00, 0x00, 0x3F, 0xE0, 0x00, 0x03, 0xFE, 0x00, 0x00, 0x3F, 0xE0,
    0x00, 0x03, 0xFE, 0x00, 0x00, 0x3F, 0xE0, 0x00, 0x03, 0xFE, 0x00, 0x00, 0x3F, 0xD0, 0x00, 0x03,
    0xFD, 0x00, 0x00, 0x7F, 0xD0, 0x00, 0x1F, 0xFC, 0x00, 0xFF, 0xFF, 0x40, 0x0F, 0xFF, 0xE0, 0x00,
    0xFF, 0xF4, 0x00, 0x01, 0x50, 0x00, 0x00, 0x01, 0xFF, 0xC0, 0x00, 0xFF, 0xF8, 0x00, 0xFF, 0x7F,
    0x80, 0xFE, 0x03, 0xF8, 0x14, 0x00, 0x15, 0x00, 0x00, 0x00, 0x00, 0x0F, 0xF8, 0x00, 0x03, 0xFE,
    0x00, 0x00, 0xFF, 0x80, 0x00, 0x3F, 0xE0, 0x00, 0x0F, 0xF8, 0x00, 0x03, 0xFE, 0x00, 0x00, 0xFF,
    0x80, 0x00, 0x3F, 0xE0, 0x00, 0x0F, 0xF8, 0x00, 0x03, 0xFE, 0x00, 0x00, 0xFF, 0x80, 0x00, 0x3F,
    0xE0, 0x00, 0x0F, 0xF8, 0x00, 0x03, 0xFE, 0x00, 0x00, 0xFF, 0x80, 0x00, 0x3F, 0xE0, 0x00, 0x0F,
    0xF8, 0x00, 0x03, 0xFD, 0x00, 0x00, 0xFF, 0x40, 0x15, 0xFF, 0xD0, 0x0B, 0xFF, 0xF0, 0x02, 0xFF,
    0xF4, 0x00, 0x7F, 0xE0, 0x00, 0x00, 0xFF, 0x80, 0x02, 0xFF, 0x7F, 0xE0, 0x01, 0xFF, 0x8F, 0xF8,
    0x00, 0xFF, 0xC3, 0xFE, 0x00, 0xFF, 0xC0, 0xFF, 0x80, 0xBF, 0xD0, 0x3F, 0xE0, 0x7F, 0xD0, 0x0F,
    0xF8, 0x7F, 0xE0, 0x03, 0xFE, 0x3F, 0xF0, 0x00, 0xFF, 0xAF, 0xF0, 0x00, 0x3F, 0xFF, 0xF8, 0x00,
    0x0F, 0xFF, 0xFF, 0x40, 0x03, 0xFF, 0xFF, 0xF0, 0x00, 0xFF, 0xFB, 0xFE, 0x00, 0x3F, 0xE0, 0xFF,
    0xC0, 0x0F, 0xF8, 0x0F, 0xFC, 0x03, 0xFE, 0x02, 0xFF, 0x40, 0xFF, 0x80, 0x3F, 0xF0, 0x3F, 0xE0,
    0x07, 0xFE, 0x0F, 0xF8, 0x00, 0xBF, 0xD3, 0xFE, 0x00, 0x0F, 0xFC, 0xFF, 0x80, 0x02, 0xFF, 0x80,
    0x00, 0x00, 0x00, 0x00, 0x00, 0x00, 0x00, 0x00, 0x00, 0x3F, 0xC0, 0x00, 0x00, 0x0F, 0xE0, 0x00,
    0x00, 0x07, 0xF0, 0x00, 0x00, 0x02, 0xF8, 0x00, 0x00, 0x00, 0xFC, 0x00, 0x00, 0xFF, 0x80, 0x00,
    0x00, 0xFF, 0x80, 0x00, 0x00, 0xFF, 0x80, 0x00, 0x00, 0xFF, 0x80, 0x00, 0x00, 0xFF, 0x80, 0x00,
    0x00, 0xFF, 0x80, 0x00, 0x00, 0xFF, 0x80, 0x0F, 0xF8, 0xFF, 0x80, 0x3F, 0xF0, 0xFF, 0x80, 0xFF,
    0xC0, 0xFF, 0x82, 0xFF, 0x00, 0xFF, 0x4B, 0xFC, 0x00, 0xFF, 0x5F, 0xF0, 0x00, 0xFF, 0xBF, 0xD0,
    0x00, 0xFF, 0xFF, 0xD0, 0x00, 0xFF, 0xFF, 0xF0, 0x00, 0xFF, 0xFF, 0xFC, 0x00, 0xFF, 0xC7, 0xFE,
    0x00, 0xFF, 0x82, 0xFF, 0x40, 0xFF, 0x80, 0xFF, 0xC0, 0xFF, 0x80, 0x3F, 0xE0, 0xFF, 0x80, 0x2F,
    0xF4, 0xFF, 0x80, 0x0F, 0xFC, 0x00, 0x00, 0x00, 0x00, 0x00, 0x00, 0x00, 0x00, 0x00, 0x3F, 0xC0,
    0x00, 0x00, 0x3F, 0x80, 0x00, 0x00, 0x3F, 0x00, 0x00, 0x00, 0x7E, 0x00, 0x00, 0x00, 0x7C, 0x00,
    0x00, 0xFF, 0x80, 0x07, 0xFC, 0xFF, 0x80, 0x1F, 0xF4, 0xFF, 0x80, 0x3F, 0xD0, 0xFF, 0x80, 0xFF,
    0x80, 0xFF, 0x83, 0xFE, 0x00, 0xFF, 0x8B, 0xFC, 0x00, 0xFF, 0x9F, 0xF0, 0x00, 0xFF, 0xFF, 0xE0,
    0x00, 0xFF, 0xFF, 0xF0, 0x00, 0xFF, 0xFF, 0xFC, 0x00, 0xFF, 0xE3, 0xFE, 0x00, 0xFF, 0x81, 0xFF,
    0x80, 0xFF, 0x80, 0xBF, 0xD0, 0xFF, 0x80, 0x3F, 0xF0, 0xFF, 0x80, 0x0F, 0xFC, 0xFF, 0x80, 0x07,
    0xFE, 0x00, 0xFF, 0xC0, 0x00, 0x3F, 0xE0, 0x00, 0x0F, 0xF4, 0x00, 0x02, 0xFC, 0x00, 0x00, 0x29,
    0x00, 0x00, 0x00, 0x00, 0x00, 0x00, 0x3F, 0xE0, 0x00, 0x03, 0xFE, 0x00, 0x00, 0x3F, 0xE0, 0x00,
    0x03, 0xFE, 0x00, 0x00, 0x3F, 0xE0, 0x00, 0x03, 0xFE, 0x00, 0x00, 0x3F, 0xE0, 0x00, 0x03, 0xFE,
    0x00, 0x00, 0x3F, 0xE0, 0x00, 0x03, 0xFE, 0x00, 0x00, 0x3F, 0xE0, 0x00, 0x03, 0xFE, 0x00, 0x00,
    0x3F, 0xE0, 0x00, 0x03, 0xFE, 0x00, 0x00, 0x3F, 0xE0, 0x00, 0x03, 0xFE, 0x00, 0x00, 0x3F, 0xE0,
    0x00, 0x03, 0xFE, 0x55, 0x55, 0x3F, 0xFF, 0xFF, 0xF3, 0xFF, 0xFF, 0xFF, 0x3F, 0xFF, 0xFF, 0xF0,
    0x00, 0xFF, 0xC0, 0x3F, 0xF0, 0x0B, 0xF8, 0x02, 0xFD, 0x00, 0x29, 0x00, 0x00, 0x00, 0x00, 0x3F,
    0xE0, 0x03, 0xFE, 0x00, 0x3F, 0xE0, 0x03, 0xFE, 0x00, 0x3F, 0xE0, 0x03, 0xFE, 0x00, 0x3F, 0xE0,
    0x03, 0xFE, 0x00, 0x3F, 0xE0, 0x03, 0xFE, 0x00, 0x3F, 0xE0, 0x03, 0xFE, 0x00, 0x3F, 0xE0, 0x03,
    0xFE, 0x00, 0x3F, 0xE0, 0x03, 0xFE, 0x00, 0x3F, 0xE0, 0x03, 0xFE, 0x00, 0x3F, 0xE0, 0x03, 0xFE,
    0x00, 0x3F, 0xE0, 0x03, 0xFE, 0x00, 0xFF, 0x80, 0x00, 0x3F, 0xE0, 0x00, 0x0F, 0xF8, 0x00, 0x03,
    0xFE, 0x00, 0x00, 0xFF, 0x80, 0x00, 0x3F, 0xE0, 0x00, 0x0F, 0xF8, 0x00, 0x03, 0xFE, 0x00, 0x00,
    0xFF, 0x80, 0x00, 0x3F, 0xE0, 0x00, 0x0F, 0xF8, 0x00, 0x03, 0xFE, 0x00, 0x00, 0xFF, 0x80, 0x00,
    0x3F, 0xE0, 0x00, 0x0F, 0xF8, 0x00, 0x03, 0xFE, 0x00, 0x00, 0xFF, 0x80, 0x00, 0x3F, 0xE5, 0x55,
    0x5F, 0xFF, 0xFF, 0xFF, 0xFF, 0xFF, 0xFF, 0xFF, 0xFF, 0xFF, 0xC0, 0x00, 0x00, 0x00, 0x00, 0x00,
    0x00, 0x00, 0xFF, 0x00, 0x00, 0x3F, 0x80, 0x00, 0x1F, 0xC0, 0x00, 0x0B, 0xE0, 0x00, 0x03, 0xF0,
    0x00, 0x3F, 0xE3, 0xFE, 0x3F, 0xE3, 0xFE, 0x3F, 0xE3, 0xFE, 0x3F, 0xE3, 0xFE, 0x3F, 0xE3, 0xFE,
    0x3F, 0xE3, 0xFE, 0x3F, 0xE3, 0xFE, 0x3F, 0xE3, 0xFE, 0x3F, 0xE3, 0xFE, 0x3F, 0xE3, 0xFE, 0x3F,
    0xE3, 0xFE, 0x00, 0x00, 0x00, 0x1F, 0xE2, 0xFD, 0x2F, 0xC3, 0xF4, 0x3E, 0x00, 0xFF, 0x80, 0x1F,
    0xEF, 0xF8, 0x02, 0xFD, 0xFF, 0x80, 0x2F, 0xCF, 0xF8, 0x03, 0xF4, 0xFF, 0x80, 0x3E, 0x0F, 0xF8,
    0x00, 0x00, 0xFF, 0x80, 0x00, 0x0F, 0xF8, 0x00, 0x00, 0xFF, 0x80, 0x00, 0x0F, 0xF8, 0x00, 0x00,
    0xFF, 0x80, 0x00, 0x0F, 0xF8, 0x00, 0x00, 0xFF, 0x80, 0x00, 0x0F, 0xF8, 0x00, 0x00, 0xFF, 0x80,
    0x00, 0x0F, 0xF8, 0x00, 0x00, 0xFF, 0x80, 0x00, 0x0F, 0xF9, 0x55, 0x54, 0xFF, 0xFF, 0xFF, 0xCF,
    0xFF, 0xFF, 0xFC, 0xFF, 0xFF, 0xFF, 0xC0, 0xFF, 0x87, 0xFB, 0xFE, 0x2F, 0xCF, 0xF8, 0xBE, 0x3F,
    0xE3, 0xF0, 0xFF, 0x8F, 0x83, 0xFE, 0x00, 0x0F, 0xF8, 0x00, 0x3F, 0xE0, 0x00, 0xFF, 0x80, 0x03,
    0xFE, 0x00, 0x0F, 0xF8, 0x00, 0x3F, 0xE0, 0x00, 0xFF, 0x80, 0x03, 0xFE, 0x00, 0x0F, 0xF8, 0x00,
    0x3F, 0xE0, 0x00, 0xFF, 0x80, 0x03, 0xFE, 0x00, 0x0F, 0xF8, 0x00, 0x3F, 0xE0, 0x00, 0xFF, 0x80,
    0x03, 0xFE, 0x00, 0x00, 0xFF, 0x80, 0x00, 0x3F, 0xE0, 0x00, 0x0F, 0xF8, 0x00, 0x03, 0xFE, 0x00,
    0x00, 0xFF, 0x80, 0x00, 0x3F, 0xE0, 0x00, 0x0F, 0xF8, 0x00, 0x03, 0xFE, 0x00, 0x00, 0xFF, 0x80,
    0xBD, 0x3F, 0xE0, 0x7F, 0xCF, 0xF8, 0x1F, 0xF3, 0xFE, 0x02, 0xF4, 0xFF, 0x80, 0x00, 0x3F, 0xE0,
    0x00, 0x0F, 0xF8, 0x00, 0x03, 0xFE, 0x00, 0x00, 0xFF, 0x80, 0x00, 0x3F, 0xE5, 0x55, 0x5F, 0xFF,
    0xFF, 0xFF, 0xFF, 0xFF, 0xFF, 0xFF, 0xFF, 0xFF, 0xC0, 0xFF, 0x80, 0x0F, 0xF8, 0x00, 0xFF, 0x80,
    0x0F, 0xF8, 0x00, 0xFF, 0x80, 0x0F, 0xF8, 0x00, 0xFF, 0x80, 0x0F, 0xF8, 0x00, 0xFF, 0x80, 0x0F,
    0xF8, 0xBD, 0xFF, 0x9F, 0xFF, 0xF9, 0xFF, 0xFF, 0x8B, 0xDF, 0xF8, 0x00, 0xFF, 0x80, 0x0F, 0xF8,
    0x00, 0xFF, 0x80, 0x0F, 0xF8, 0x00, 0xFF, 0x80, 0x0F, 0xF8, 0x00, 0xFF, 0x80, 0x0F, 0xF8, 0x00,
    0x03, 0xFE, 0x00, 0x00, 0x03, 0xFE, 0x00, 0x00, 0x03, 0xFE, 0x00, 0x00, 0x03, 0xFE, 0x00, 0x00,
    0x03, 0xFE, 0x00, 0x00, 0x03, 0xFE, 0x00, 0x00, 0x03, 0xFE, 0x10, 0x00, 0x03, 0xFF, 0xF4, 0x00,
    0x03, 0xFF, 0xFC, 0x00, 0x03, 0xFF, 0xF8, 0x00, 0x07, 0xFF, 0xC0, 0x00, 0x2F, 0xFE, 0x00, 0x00,
    0x7F, 0xFE, 0x00, 0x00, 0x2F, 0xFE, 0x00, 0x00, 0x0B, 0xFE, 0x00, 0x00, 0x03, 0xFE, 0x00, 0x00,
    0x03, 0xFE, 0x00, 0x00, 0x03, 0xFE, 0x55, 0x55, 0x03, 0xFF, 0xFF, 0xFF, 0x03, 0xFF, 0xFF, 0xFF,
    0x03, 0xFF, 0xFF, 0xFF, 0x03, 0xFE, 0x00, 0x0F, 0xF8, 0x00, 0x3F, 0xE0, 0x00, 0xFF, 0x80, 0x03,
    0xFE, 0x00, 0x0F, 0xF8, 0x00, 0x3F, 0xE0, 0x00, 0xFF, 0x80, 0x03, 0xFE, 0x40, 0x0F, 0xFF, 0x00,
    0x3F, 0xFF, 0x00, 0xFF, 0xF4, 0x2F, 0xFE, 0x01, 0xFF, 0xF8, 0x03, 0xFF, 0xE0, 0x02, 0xFF, 0x80,
    0x03, 0xFE, 0x00, 0x0F, 0xF8, 0x00, 0x3F, 0xE0, 0x00, 0xFF, 0x80, 0x03, 0xFE, 0x00, 0x0F, 0xF8,
    0x00, 0x00, 0x00, 0x0F, 0xFD, 0x00, 0x00, 0x00, 0xBF, 0xC0, 0x00, 0x00, 0x0B, 0xF8, 0x00, 0x00,
    0x00, 0x7F, 0x40, 0x00, 0x00, 0x01, 0xA0, 0x00, 0x00, 0x00, 0x00, 0x00, 0x00, 0x0F, 0xFF, 0x00,
    0x00, 0x3F, 0xFF, 0xFE, 0x00, 0x00, 0xFF, 0xFF, 0xFD, 0x00, 0x03, 0xFF, 0xFF, 0xFC, 0x00, 0x0F,
    0xFF, 0xFF, 0xF4, 0x00, 0x3F, 0xFF, 0xFF, 0xF0, 0x00, 0xFF, 0xFF, 0x3F, 0xE0, 0x03, 0xFF, 0xFC,
    0xBF, 0xC0, 0x0F, 0xFF, 0xF0, 0xFF, 0xC0, 0x3F, 0xFF, 0xC1, 0xFF, 0x40, 0xFF, 0xFF, 0x03, 0xFF,
    0x03, 0xFF, 0xFC, 0x07, 0xFE, 0x0F, 0xFF, 0xF0, 0x0B, 0xFC, 0x3F, 0xFF, 0xC0, 0x0F, 0xF8, 0xFF,
    0xFF, 0x00, 0x2F, 0xF7, 0xFF, 0xFC, 0x00, 0x3F, 0xFF, 0xFF, 0xF0, 0x00, 0x7F, 0xFF, 0xFF, 0xC0,
    0x00, 0xFF, 0xFF, 0xFF, 0x00, 0x00, 0xFF, 0xFF, 0xFC, 0x00, 0x02, 0xFF, 0xFF, 0xF0, 0x00, 0x03,
    0xFF, 0xC0, 0x00, 0x00, 0xFF, 0xD0, 0x00, 0x0B, 0xFC, 0x00, 0x00, 0x7F, 0xC0, 0x00, 0x07, 0xF8,
    0x00, 0x00, 0x2A, 0x40, 0x00, 0x00, 0x00, 0x00, 0x0F, 0xE0, 0x7F, 0xE4, 0x3F, 0xCF, 0xFF, 0xF8,
    0xFF, 0xFF, 0xFF, 0xF7, 0xFF, 0xE5, 0xFF, 0xEF, 0xFD, 0x00, 0xFF, 0xFF, 0xF0, 0x02, 0xFF, 0xFF,
    0x80, 0x0B, 0xFF, 0xFE, 0x00, 0x2F, 0xFF, 0xF8, 0x00, 0xBF, 0xFF, 0xE0, 0x02, 0xFF, 0xFF, 0x80,
    0x0B, 0xFF, 0xFE, 0x00, 0x2F, 0xFF, 0xF8, 0x00, 0xBF, 0xFF, 0xE0, 0x02, 0xFF, 0xFF, 0x80, 0x0B,
    0xFF, 0xFE, 0x00, 0x2F, 0xF0, 0xFF, 0xF0, 0x00, 0x03, 0xFF, 0xFF, 0xE0, 0x00, 0x0F, 0xFF, 0xFF,
    0xD0, 0x00, 0x3F, 0xFF, 0xFF, 0xC0, 0x00, 0xFF, 0xFF, 0xFF, 0x40, 0x03, 0xFF, 0xFF, 0xFF, 0x00,
    0x0F, 0xFF, 0xF3, 0xFE, 0x00, 0x3F, 0xFF, 0xCB, 0xFC, 0x00, 0xFF, 0xFF, 0x0F, 0xFC, 0x03, 0xFF,
    0xFC, 0x1F, 0xF4, 0x0F, 0xFF, 0xF0, 0x3F, 0xF0, 0x3F, 0xFF, 0xC0, 0x7F, 0xE0, 0xFF, 0xFF, 0x00,
    0xBF, 0xC3, 0xFF, 0xFC, 0x00, 0xFF, 0x8F, 0xFF, 0xF0, 0x02, 0xFF, 0x7F, 0xFF, 0xC0, 0x03, 0xFF,
    0xFF, 0xFF, 0x00, 0x07, 0xFF, 0xFF, 0xFC, 0x00, 0x0F, 0xFF, 0xFF, 0xF0, 0x00, 0x0F, 0xFF, 0xFF,
    0xC0, 0x00, 0x2F, 0xFF, 0xFF, 0x00, 0x00, 0x3F, 0xFC, 0x00, 0x00, 0x00, 0x00, 0x00, 0x00, 0x00,
    0x00, 0x00, 0x00, 0x00, 0x7F, 0xC0, 0x00, 0x00, 0x01, 0xFD, 0x00, 0x00, 0x00, 0x0B, 0xF0, 0x00,
    0x00, 0x00, 0x3F, 0x40, 0x00, 0x00, 0x00, 0xFC, 0x00, 0x00, 0xFE, 0x07, 0xFE, 0x43, 0xFC, 0xFF,
    0xFF, 0x8F, 0xFF, 0xFF, 0xFF, 0x7F, 0xFE, 0x5F, 0xFE, 0xFF, 0xD0, 0x0F, 0xFF, 0xFF, 0x00, 0x2F,
    0xFF, 0xF8, 0x00, 0xBF, 0xFF, 0xE0, 0x02, 0xFF, 0xFF, 0x80, 0x0B, 0xFF, 0xFE, 0x00, 0x2F, 0xFF,
    0xF8, 0x00, 0xBF, 0xFF, 0xE0, 0x02, 0xFF, 0xFF, 0x80, 0x0B, 0xFF, 0xFE, 0x00, 0x2F, 0xFF, 0xF8,
    0x00, 0xBF, 0xFF, 0xE0, 0x02, 0xFF, 0x00, 0x00, 0x00, 0x00, 0x00, 0x00, 0x00, 0x00, 0x00, 0xFF,
    0x00, 0x00, 0x07, 0xF4, 0x00, 0x00, 0x2F, 0xC0, 0x00, 0x00, 0xFD, 0x00, 0x00, 0x03, 0xF0, 0x00,
    0x00, 0x01, 0xFD, 0x00, 0xBF, 0x00, 0x01, 0xFE, 0x1F, 0xF0, 0x00, 0x01, 0xFF, 0xFF, 0x00, 0x00,
    0x02, 0xFF, 0xF0, 0x00, 0x00, 0x01, 0xAA, 0x40, 0x00, 0x00, 0x00, 0x00, 0x00, 0x0F, 0xFF, 0x00,
    0x00, 0x3F, 0xFF, 0xFE, 0x00, 0x00, 0xFF, 0xFF, 0xFD, 0x00, 0x03, 0xFF, 0xFF, 0xFC, 0x00, 0x0F,
    0xFF, 0xFF, 0xF4, 0x00, 0x3F, 0xFF, 0xFF, 0xF0, 0x00, 0xFF, 0xFF, 0x3F, 0xE0, 0x03, 0xFF, 0xFC,
    0xBF, 0xC0, 0x0F, 0xFF, 0xF0, 0xFF, 0xC0, 0x3F, 0xFF, 0xC1, 0xFF, 0x40, 0xFF, 0xFF, 0x03, 0xFF,
    0x03, 0xFF, 0xFC, 0x07, 0xFE, 0x0F, 0xFF, 0xF0, 0x0B, 0xFC, 0x3F, 0xFF, 0xC0, 0x0F, 0xF8, 0xFF,
    0xFF, 0x00, 0x2F, 0xF7, 0xFF, 0xFC, 0x00, 0x3F, 0xFF, 0xFF, 0xF0, 0x00, 0x7F, 0xFF, 0xFF, 0xC0,
    0x00, 0xFF, 0xFF, 0xFF, 0x00, 0x00, 0xFF, 0xFF, 0xFC, 0x00, 0x02, 0xFF, 0xFF, 0xF0, 0x00, 0x03,
    0xFF, 0xC0, 0x1F, 0xD0, 0x0B, 0xF0, 0x1F, 0xE0, 0xFF, 0x00, 0x1F, 0xFF, 0xF0, 0x00, 0x2F, 0xFF,
    0x00, 0x00, 0x2A, 0xA4, 0x00, 0x00, 0x00, 0x00, 0x0F, 0xE0, 0x7F, 0xE4, 0x3F, 0xCF, 0xFF, 0xF8,
    0xFF, 0xFF, 0xFF, 0xF7, 0xFF, 0xE5, 0xFF, 0xEF, 0xFD, 0x00, 0xFF, 0xFF, 0xF0, 0x02, 0xFF, 0xFF,
    0x80, 0x0B, 0xFF, 0xFE, 0x00, 0x2F, 0xFF, 0xF8, 0x00, 0xBF, 0xFF, 0xE0, 0x02, 0xFF, 0xFF, 0x80,
    0x0B, 0xFF, 0xFE, 0x00, 0x2F, 0xFF, 0xF8, 0x00, 0xBF, 0xFF, 0xE0, 0x02, 0xFF, 0xFF, 0x80, 0x0B,
    0xFF, 0xFE, 0x00, 0x2F, 0xF0, 0x2F, 0xE0, 0x00, 0x00, 0x00, 0x0B, 0xF4, 0x00, 0x00, 0x00, 0x03,
    0xFC, 0x00, 0x00, 0x00, 0x00, 0xFE, 0x00, 0x00, 0x00, 0x00, 0x7F, 0x40, 0x00, 0x00, 0x00, 0x2F,
    0xC3, 0xF8, 0x2F, 0xF9, 0x0F, 0xD0, 0xFF, 0x7F, 0xFF, 0xE0, 0x00, 0x3F, 0xFF, 0xFF, 0xFD, 0x00,
    0x0F, 0xFF, 0x97, 0xFF, 0x80, 0x03, 0xFF, 0x40, 0x3F, 0xF0, 0x00, 0xFF, 0xC0, 0x0B, 0xFC, 0x00,
    0x3F, 0xE0, 0x02, 0xFF, 0x00, 0x0F, 0xF8, 0x00, 0xBF, 0xC0, 0x03, 0xFE, 0x00, 0x2F, 0xF0, 0x00,
    0xFF, 0x80, 0x0B, 0xFC, 0x00, 0x3F, 0xE0, 0x02, 0xFF, 0x00, 0x0F, 0xF8, 0x00, 0xBF, 0xC0, 0x03,
    0xFE, 0x00, 0x2F, 0xF0, 0x00, 0xFF, 0x80, 0x0B, 0xFC, 0x00, 0x3F, 0xE0, 0x02, 0xFF, 0x00, 0x0F,
    0xF8, 0x00, 0xBF, 0xC0, 0xFF, 0xF0, 0x00, 0x03, 0xFF, 0xFF, 0xF0, 0x00, 0x0F, 0xFF, 0xFF, 0xE0,
    0x00, 0x3F, 0xFF, 0xFF, 0xD0, 0x00, 0xFF, 0xFF, 0xFF, 0xC0, 0x03, 0xFF, 0xFF, 0xFF, 0x80, 0x0F,
    0xFF, 0xF3, 0xFF, 0x40, 0x3F, 0xFF, 0xC7, 0xFF, 0x00, 0xFF, 0xFF, 0x0B, 0xFF, 0x03, 0xFF, 0xFC,
    0x0F, 0xFE, 0x0F, 0xFF, 0xF0, 0x1F, 0xFD, 0x3F, 0xFF, 0xC0, 0x2F, 0xFC, 0xFF, 0xFF, 0x00, 0x3F,
    0xFB, 0xFF, 0xFC, 0x00, 0x3F, 0xFF, 0xFF, 0xF0, 0x00, 0x7F, 0xFF, 0xFF, 0xC0, 0x00, 0xFF, 0xFF,
    0xFF, 0x00, 0x00, 0xFF, 0xFF, 0xFC, 0x00, 0x01, 0xFF, 0xFF, 0xF0, 0x00, 0x02, 0xFF, 0xFF, 0xC0,
    0x00, 0x03, 0xFF, 0xFF, 0x00, 0x00, 0x07, 0xFC, 0x00, 0x00, 0x00, 0x0F, 0xF0, 0x00, 0x00, 0x00,
    0x7F, 0xC0, 0x00, 0x05, 0x5B, 0xFE, 0x00, 0x00, 0x2F, 0xFF, 0xF0, 0x00, 0x00, 0xBF, 0xFF, 0x00,
    0x00, 0x02, 0xFF, 0x90, 0x00, 0xFE, 0x0B, 0xFE, 0x43, 0xFD, 0xFF, 0xFF, 0x8F, 0xFF, 0xFF, 0xFF,
    0x7F, 0xFE, 0x5F, 0xFE, 0xFF, 0xD0, 0x0F, 0xFF, 0xFF, 0x00, 0x2F, 0xFF, 0xF8, 0x00, 0xBF, 0xFF,
    0xE0, 0x02, 0xFF, 0xFF, 0x80, 0x0B, 0xFF, 0xFE, 0x00, 0x2F, 0xFF, 0xF8, 0x00, 0xBF, 0xFF, 0xE0,
    0x02, 0xFF, 0xFF, 0x80, 0x0B, 0xFF, 0xFE, 0x00, 0x2F, 0xFF, 0xF8, 0x00, 0xBF, 0xFF, 0xE0, 0x02,
    0xFF, 0x00, 0x00, 0x0B, 0xFC, 0x00, 0x00, 0x2F, 0xF0, 0x00, 0x00, 0xBF, 0xC0, 0x00, 0x5B, 0xFF,
    0x00, 0x03, 0xFF, 0xF4, 0x00, 0x0F, 0xFF, 0x80, 0x00, 0x3F, 0xF4, 0x00, 0x00, 0x15, 0x55, 0x54,
    0x00, 0x00, 0x3F, 0xFF, 0xFC, 0x00, 0x00, 0x3F, 0xFF, 0xFC, 0x00, 0x00, 0x3F, 0xFF, 0xFC, 0x00,
    0x00, 0x00, 0x00, 0x00, 0x00, 0x00, 0x1B, 0xFF, 0x90, 0x00, 0x00, 0xFF, 0xFF, 0xFE, 0x00, 0x07,
    0xFF, 0xFF, 0xFF, 0xC0, 0x0F, 0xFF, 0x56, 0xFF, 0xE0, 0x2F, 0xF4, 0x00, 0x3F, 0xF0, 0x3F, 0xE0,
    0x00, 0x0F, 0xF8, 0xBF, 0xC0, 0x00, 0x0B, 0xFC, 0xBF, 0xC0, 0x00, 0x07, 0xFC, 0xFF, 0x80, 0x00,
    0x03, 0xFD, 0xFF, 0x80, 0x00, 0x03, 0xFD, 0xFF, 0x80, 0x00, 0x03, 0xFD, 0xFF, 0x80, 0x00, 0x03,
    0xFD, 0xFF, 0x80, 0x00, 0x03, 0xFD, 0xBF, 0xC0, 0x00, 0x07, 0xFC, 0x7F, 0xC0, 0x00, 0x0B, 0xFC,
    0x3F, 0xE0, 0x00, 0x0F, 0xF8, 0x2F, 0xF4, 0x00, 0x3F, 0xF0, 0x0F, 0xFF, 0x56, 0xFF, 0xE0, 0x07,
    0xFF, 0xFF, 0xFF, 0x80, 0x00, 0xFF, 0xFF, 0xFE, 0x00, 0x00, 0x1B, 0xFF, 0x90, 0x00, 0x03, 0xFF,
    0xFF, 0xC0, 0x03, 0xFF, 0xFF, 0xC0, 0x03, 0xFF, 0xFF, 0xC0, 0x01, 0x55, 0x55, 0x40, 0x00, 0x00,
    0x00, 0x00, 0x00, 0x6F, 0xF8, 0x00, 0x07, 0xFF, 0xFF, 0x80, 0x1F, 0xFF, 0xFF, 0xE0, 0x3F, 0xF9,
    0x7F, 0xF4, 0x7F, 0xD0, 0x0F, 0xFC, 0xBF, 0xC0, 0x07, 0xFC, 0xFF, 0x80, 0x03, 0xFD, 0xFF, 0x80,
    0x03, 0xFD, 0xFF, 0x80, 0x03, 0xFD, 0xFF, 0x80, 0x03, 0xFD, 0xBF, 0xC0, 0x07, 0xFC, 0x7F, 0xD0,
    0x0F, 0xFC, 0x3F, 0xF9, 0x7F, 0xF4, 0x0F, 0xFF, 0xFF, 0xE0, 0x03, 0xFF, 0xFF, 0x80, 0x00, 0x6F,
    0xF8, 0x00, 0x00, 0x18, 0x00, 0x19, 0x00, 0x00, 0x3E, 0x00, 0x7F, 0x00, 0x00, 0x2F, 0xFF, 0xFE,
    0x00, 0x00, 0x0F, 0xFF, 0xFC, 0x00, 0x00, 0x02, 0xFF, 0xE0, 0x00, 0x00, 0x00, 0x14, 0x00, 0x00,
    0x00, 0x00, 0x00, 0x00, 0x00, 0x00, 0x1B, 0xFF, 0x90, 0x00, 0x00, 0xFF, 0xFF, 0xFE, 0x00, 0x07,
    0xFF, 0xFF, 0xFF, 0xC0, 0x0F, 0xFF, 0x56, 0xFF, 0xE0, 0x2F, 0xF4, 0x00, 0x3F, 0xF0, 0x3F, 0xE0,
    0x00, 0x0F, 0xF8, 0xBF, 0xC0, 0x00, 0x0B, 0xFC, 0xBF, 0xC0, 0x00, 0x07, 0xFC, 0xFF, 0x80, 0x00,
    0x03, 0xFD, 0xFF, 0x80, 0x00, 0x03, 0xFD, 0xFF, 0x80, 0x00, 0x03, 0xFD, 0xFF, 0x80, 0x00, 0x03,
    0xFD, 0xFF, 0x80, 0x00, 0x03, 0xFD, 0xBF, 0xC0, 0x00, 0x07, 0xFC, 0x7F, 0xC0, 0x00, 0x0B, 0xFC,
    0x3F, 0xE0, 0x00, 0x0F, 0xF8, 0x2F, 0xF4, 0x00, 0x3F, 0xF0, 0x0F, 0xFF, 0x56, 0xFF, 0xE0, 0x07,
    0xFF, 0xFF, 0xFF, 0x80, 0x00, 0xFF, 0xFF, 0xFE, 0x00, 0x00, 0x1B, 0xFF, 0x90, 0x00, 0x03, 0xD0,
    0x07, 0xF0, 0x02, 0xFF, 0xFF, 0xE0, 0x00, 0xFF, 0xFF, 0xC0, 0x00, 0x3F, 0xFE, 0x00, 0x00, 0x01,
    0x40, 0x00, 0x00, 0x00, 0x00, 0x00, 0x00, 0x6F, 0xF8, 0x00, 0x07, 0xFF, 0xFF, 0x80, 0x1F, 0xFF,
    0xFF, 0xE0, 0x3F, 0xF9, 0x7F, 0xF4, 0x7F, 0xD0, 0x0F, 0xFC, 0xBF, 0xC0, 0x07, 0xFC, 0xFF, 0x80,
    0x03, 0xFD, 0xFF, 0x80, 0x03, 0xFD, 0xFF, 0x80, 0x03, 0xFD, 0xFF, 0x80, 0x03, 0xFD, 0xBF, 0xC0,
    0x07, 0xFC, 0x7F, 0xD0, 0x0F, 0xFC, 0x3F, 0xF9, 0x7F, 0xF4, 0x0F, 0xFF, 0xFF, 0xE0, 0x03, 0xFF,
    0xFF, 0x80, 0x00, 0x6F, 0xF8, 0x00, 0x00, 0x1F, 0xF2, 0xFE, 0x00, 0x00, 0x3F, 0xD3, 0xFC, 0x00,
    0x00, 0x7F, 0x4F, 0xF0, 0x00, 0x00, 0xFD, 0x1F, 0xC0, 0x00, 0x02, 0xF0, 0x3E, 0x00, 0x00, 0x00,
    0x00, 0x00, 0x00, 0x00, 0x00, 0x1B, 0xFF, 0x90, 0x00, 0x00, 0xFF, 0xFF, 0xFE, 0x00, 0x07, 0xFF,
    0xFF, 0xFF, 0xC0, 0x0F, 0xFF, 0x56, 0xFF, 0xE0, 0x2F, 0xF4, 0x00, 0x3F, 0xF0, 0x3F, 0xE0, 0x00,
    0x0F, 0xF8, 0xBF, 0xC0, 0x00, 0x0B, 0xFC, 0xBF, 0xC0, 0x00, 0x07, 0xFC, 0xFF, 0x80, 0x00, 0x03,
    0xFD, 0xFF, 0x80, 0x00, 0x03, 0xFD, 0xFF, 0x80, 0x00, 0x03, 0xFD, 0xFF, 0x80, 0x00, 0x03, 0xFD,
    0xFF, 0x80, 0x00, 0x03, 0xFD, 0xBF, 0xC0, 0x00, 0x07, 0xFC, 0x7F, 0xC0, 0x00, 0x0B, 0xFC, 0x3F,
    0xE0, 0x00, 0x0F, 0xF8, 0x2F, 0xF4, 0x00, 0x3F, 0xF0, 0x0F, 0xFF, 0x56, 0xFF, 0xE0, 0x07, 0xFF,
    0xFF, 0xFF, 0x80, 0x00, 0xFF, 0xFF, 0xFE, 0x00, 0x00, 0x1B, 0xFF, 0x90, 0x00, 0x01, 0xFF, 0x2F,
    0xF0, 0x03, 0xFD, 0x3F, 0xC0, 0x07, 0xF4, 0xFF, 0x00, 0x0F, 0xD1, 0xFC, 0x00, 0x2F, 0x03, 0xE0,
    0x00, 0x00, 0x00, 0x00, 0x00, 0x00, 0x6F, 0xF8, 0x00, 0x07, 0xFF, 0xFF, 0x80, 0x1F, 0xFF, 0xFF,
    0xE0, 0x3F, 0xF9, 0x7F, 0xF4, 0x7F, 0xD0, 0x0F, 0xFC, 0xBF, 0xC0, 0x07, 0xFC, 0xFF, 0x80, 0x03,
    0xFD, 0xFF, 0x80, 0x03, 0xFD, 0xFF, 0x80, 0x03, 0xFD, 0xFF, 0x80, 0x03, 0xFD, 0xBF, 0xC0, 0x07,
    0xFC, 0x7F, 0xD0, 0x0F, 0xFC, 0x3F, 0xF9, 0x7F, 0xF4, 0x0F, 0xFF, 0xFF, 0xE0, 0x03, 0xFF, 0xFF,
    0x80, 0x00, 0x6F, 0xF8, 0x00, 0x00, 0x1B, 0xFF, 0xFF, 0xFF, 0xFF, 0xC0, 0x7F, 0xFF, 0xFF, 0xFF,
    0xFF, 0xF0, 0x7F, 0xFF, 0xFF, 0xFF, 0xFF, 0xFC, 0x3F, 0xF9, 0x57, 0xFF, 0x55, 0x55, 0x3F, 0xF4,
    0x00, 0xBF, 0xC0, 0x00, 0x0F, 0xF8, 0x00, 0x2F, 0xF0, 0x00, 0x0B, 0xFC, 0x00, 0x0B, 0xFC, 0x00,
    0x02, 0xFF, 0x00, 0x02, 0xFF, 0x00, 0x00, 0xFF, 0x80, 0x00, 0xBF, 0xD5, 0x55, 0x3F, 0xE0, 0x00,
    0x2F, 0xFF, 0xFF, 0xEF, 0xF8, 0x00, 0x0B, 0xFF, 0xFF, 0xFB, 0xFE, 0x00, 0x02, 0xFF, 0xFF, 0xFE,
    0xFF, 0x80, 0x00, 0xBF, 0xC0, 0x00, 0x2F, 0xF0, 0x00, 0x2F, 0xF0, 0x00, 0x07, 0xFC, 0x00, 0x0B,
    0xFC, 0x00, 0x00, 0xFF, 0x80, 0x02, 0xFF, 0x00, 0x00, 0x3F, 0xF4, 0x00, 0xBF, 0xC0, 0x00, 0x03,
    0xFF, 0x95, 0x7F, 0xF5, 0x55, 0x50, 0x7F, 0xFF, 0xFF, 0xFF, 0xFF, 0xFC, 0x07, 0xFF, 0xFF, 0xFF,
    0xFF, 0xFF, 0x00, 0x1B, 0xFF, 0xFF, 0xFF, 0xFF, 0xC0, 0x00, 0x7F, 0xF8, 0x01, 0xBF, 0xE0, 0x00,
    0x7F, 0xFF, 0xF4, 0xFF, 0xFF, 0xE0, 0x1F, 0xFF, 0xFF, 0xFF, 0xFF, 0xFF, 0x83, 0xFF, 0x97, 0xFF,
    0xFD, 0x5F, 0xFC, 0x7F, 0xD0, 0x0F, 0xFF, 0x00, 0x3F, 0xEB, 0xFC, 0x00, 0x7F, 0xE0, 0x02, 0xFF,
    0xFF, 0x80, 0x03, 0xFF, 0xFF, 0xFF, 0xFF, 0xF8, 0x00, 0x3F, 0xFF, 0xFF, 0xFF, 0xFF, 0x80, 0x03,
    0xFF, 0xFF, 0xFF, 0xFF, 0xF8, 0x00, 0x3F, 0xE5, 0x55, 0x55, 0xBF, 0xC0, 0x07, 0xFE, 0x00, 0x00,
    0x07, 0xFD, 0x00, 0xFF, 0xF4, 0x00, 0x00, 0x3F, 0xF9, 0x7F, 0xFF, 0xE5, 0x5B, 0xC0, 0xFF, 0xFF,
    0xFF, 0xFF, 0xFF, 0xFC, 0x03, 0xFF, 0xFF, 0x8B, 0xFF, 0xFF, 0xC0, 0x06, 0xFF, 0x80, 0x0B, 0xFF,
    0x90, 0x00, 0x01, 0xFF, 0x80, 0x00, 0x00, 0xFF, 0x80, 0x00, 0x00, 0xFF, 0x40, 0x00, 0x00, 0xFF,
    0x00, 0x00, 0x00, 0x15, 0x00, 0x00, 0x00, 0x00, 0x00, 0x00, 0x0F, 0xFF, 0xFE, 0x40, 0x03, 0xFF,
    0xFF, 0xFD, 0x00, 0xFF, 0xFF, 0xFF, 0xD0, 0x3F, 0xE5, 0x6F, 0xFC, 0x0F, 0xF8, 0x02, 0xFF, 0x43,
    0xFE, 0x00, 0x3F, 0xD0, 0xFF, 0x80, 0x0F, 0xF4, 0x3F, 0xE0, 0x03, 0xFD, 0x0F, 0xF8, 0x02, 0xFF,
    0x03, 0xFE, 0x57, 0xFF, 0x80, 0xFF, 0xFF, 0xFF, 0x80, 0x3F, 0xFF, 0xFF, 0x40, 0x0F, 0xFF, 0xFF,
    0xC0, 0x03, 0xFE, 0x0F, 0xFC, 0x00, 0xFF, 0x80, 0xFF, 0x40, 0x3F, 0xE0, 0x2F, 0xF0, 0x0F, 0xF8,
    0x03, 0xFF, 0x03, 0xFE, 0x00, 0x7F, 0xD0, 0xFF, 0x80, 0x0F, 0xFC, 0x3F, 0xE0, 0x01, 0xFF, 0x8F,
    0xF8, 0x00, 0x2F, 0xF4, 0x00, 0x0F, 0xFC, 0x00, 0x3F, 0xE0, 0x00, 0xFF, 0x80, 0x02, 0xFD, 0x00,
    0x02, 0xA0, 0x00, 0x00, 0x00, 0x00, 0xFE, 0x07, 0xF8, 0xFF, 0x2F, 0xF4, 0xFF, 0xBF, 0xF4, 0xFF,
    0xFF, 0xF4, 0xFF, 0xF4, 0x00, 0xFF, 0xC0, 0x00, 0xFF, 0x80, 0x00, 0xFF, 0x80, 0x00, 0xFF, 0x80,
    0x00, 0xFF, 0x80, 0x00, 0xFF, 0x80, 0x00, 0xFF, 0x80, 0x00, 0xFF, 0x80, 0x00, 0xFF, 0x80, 0x00,
    0xFF, 0x80, 0x00, 0xFF, 0x80, 0x00, 0xFF, 0xFF, 0xE4, 0x00, 0x3F, 0xFF, 0xFF, 0xD0, 0x0F, 0xFF,
    0xFF, 0xFD, 0x03, 0xFE, 0x56, 0xFF, 0xC0, 0xFF, 0x80, 0x2F, 0xF4, 0x3F, 0xE0, 0x03, 0xFD, 0x0F,
    0xF8, 0x00, 0xFF, 0x43, 0xFE, 0x00, 0x3F, 0xD0, 0xFF, 0x80, 0x2F, 0xF0, 0x3F, 0xE5, 0x7F, 0xF8,
    0x0F, 0xFF, 0xFF, 0xF8, 0x03, 0xFF, 0xFF, 0xF4, 0x00, 0xFF, 0xFF, 0xFC, 0x00, 0x3F, 0xE0, 0xBF,
    0xC0, 0x0F, 0xF8, 0x0F, 0xF4, 0x03, 0xFE, 0x02, 0xFF, 0x00, 0xFF, 0x80, 0x3F, 0xF0, 0x3F, 0xE0,
    0x07, 0xFD, 0x0F, 0xF8, 0x00, 0xFF, 0xC3, 0xFE, 0x00, 0x1F, 0xF8, 0xFF, 0x80, 0x02, 0xFF, 0x40,
    0x00, 0x00, 0x00, 0x00, 0x00, 0x00, 0x00, 0x00, 0x00, 0x3F, 0xC0, 0x00, 0x00, 0x0F, 0xE0, 0x00,
    0x00, 0x07, 0xF0, 0x00, 0x00, 0x02, 0xF8, 0x00, 0x00, 0x00, 0xFC, 0x00, 0x00, 0x3F, 0x81, 0xFE,
    0x3F, 0xCB, 0xFD, 0x3F, 0xEF, 0xFD, 0x3F, 0xFF, 0xFD, 0x3F, 0xFD, 0x00, 0x3F, 0xF0, 0x00, 0x3F,
    0xE0, 0x00, 0x3F, 0xE0, 0x00, 0x3F, 0xE0, 0x00, 0x3F, 0xE0, 0x00, 0x3F, 0xE0, 0x00, 0x3F, 0xE0,
    0x00, 0x3F, 0xE0, 0x00, 0x3F, 0xE0, 0x00, 0x3F, 0xE0, 0x00, 0x3F, 0xE0, 0x00, 0x00, 0x00, 0x00,
    0x00, 0x00, 0x00, 0x1F, 0xE0, 0x00, 0x2F, 0xD0, 0x00, 0x2F, 0xC0, 0x00, 0x3F, 0x40, 0x00, 0x3E,
    0x00, 0x00, 0x2F, 0xC0, 0x1F, 0xD0, 0x02, 0xFD, 0x2F, 0xD0, 0x00, 0x2F, 0xFF, 0xD0, 0x00, 0x02,
    0xFF, 0xE0, 0x00, 0x00, 0x15, 0x50, 0x00, 0x00, 0x00, 0x00, 0x00, 0x0F, 0xFF, 0xFE, 0x40, 0x03,
    0xFF, 0xFF, 0xFD, 0x00, 0xFF, 0xFF, 0xFF, 0xD0, 0x3F, 0xE5, 0x6F, 0xFC, 0x0F, 0xF8, 0x02, 0xFF,
    0x43, 0xFE, 0x00, 0x3F, 0xD0, 0xFF, 0x80, 0x0F, 0xF4, 0x3F, 0xE0, 0x03, 0xFD, 0x0F, 0xF8, 0x02,
    0xFF, 0x03, 0xFE, 0x57, 0xFF, 0x80, 0xFF, 0xFF, 0xFF, 0x80, 0x3F, 0xFF, 0xFF, 0x40, 0x0F, 0xFF,
    0xFF, 0xC0, 0x03, 0xFE, 0x0F, 0xFC, 0x00, 0xFF, 0x80, 0xFF, 0x40, 0x3F, 0xE0, 0x2F, 0xF0, 0x0F,
    0xF8, 0x03, 0xFF, 0x03, 0xFE, 0x00, 0x7F, 0xD0, 0xFF, 0x80, 0x0F, 0xFC, 0x3F, 0xE0, 0x01, 0xFF,
    0x8F, 0xF8, 0x00, 0x2F, 0xF4, 0xBF, 0x00, 0x3F, 0x4B, 0xF4, 0x7F, 0x80, 0xBF, 0xFF, 0x80, 0x0F,
    0xFF, 0xC0, 0x00, 0xAA, 0x80, 0x00, 0x00, 0x00, 0x03, 0xF8, 0x1F, 0xE0, 0xFF, 0x2F, 0xF4, 0x3F,
    0xEF, 0xFD, 0x0F, 0xFF, 0xFF, 0x43, 0xFF, 0xD0, 0x00, 0xFF, 0xC0, 0x00, 0x3F, 0xE0, 0x00, 0x0F,
    0xF8, 0x00, 0x03, 0xFE, 0x00, 0x00, 0xFF, 0x80, 0x00, 0x3F, 0xE0, 0x00, 0x0F, 0xF8, 0x00, 0x03,
    0xFE, 0x00, 0x00, 0xFF, 0x80, 0x00, 0x3F, 0xE0, 0x00, 0x0F, 0xF8, 0x00, 0x00, 0x00, 0x07, 0xFE,
    0x00, 0x00, 0xFF, 0x80, 0x00, 0x3F, 0xD0, 0x00, 0x0B, 0xF0, 0x00, 0x00, 0xA4, 0x00, 0x00, 0x00,
    0x00, 0x00, 0x01, 0xBF, 0xF9, 0x00, 0xFF, 0xFF, 0xFC, 0x3F, 0xFF, 0xFF, 0xCB, 0xFE, 0x56, 0xF4,
    0xFF, 0x80, 0x01, 0x0F, 0xF8, 0x00, 0x00, 0xFF, 0xC0, 0x00, 0x0F, 0xFF, 0x00, 0x00, 0x7F, 0xFE,
    0x40, 0x02, 0xFF, 0xFE, 0x00, 0x0B, 0xFF, 0xFD, 0x00, 0x1F, 0xFF, 0xF4, 0x00, 0x1F, 0xFF, 0xC0,
    0x00, 0x1F, 0xFD, 0x00, 0x00, 0x7F, 0xD0, 0x00, 0x03, 0xFD, 0xD0, 0x00, 0x7F, 0xDF, 0xE5, 0x6F,
    0xFC, 0xFF, 0xFF, 0xFF, 0x4F, 0xFF, 0xFF, 0xD0, 0x1B, 0xFF, 0x90, 0x00, 0x00, 0x0B, 0xFD, 0x00,
    0x1F, 0xF4, 0x00, 0x3F, 0xC0, 0x00, 0xBE, 0x00, 0x00, 0xA4, 0x00, 0x00, 0x00, 0x00, 0x06, 0xFF,
    0xE0, 0x2F, 0xFF, 0xFE, 0xBF, 0xFF, 0xFD, 0xFF, 0xD5, 0xBC, 0xFF, 0x80, 0x00, 0xFF, 0xD0, 0x00,
    0x7F, 0xFE, 0x00, 0x2F, 0xFF, 0xE0, 0x02, 0xFF, 0xFC, 0x00, 0x2F, 0xFE, 0x00, 0x03, 0xFF, 0x40,
    0x02, 0xFF, 0xF9, 0x5B, 0xFF, 0xFF, 0xFF, 0xFD, 0xFF, 0xFF, 0xF8, 0x2F, 0xFF, 0x80, 0x00, 0xFF,
    0xC0, 0x00, 0x2F, 0xFF, 0x00, 0x07, 0xF7, 0xFC, 0x01, 0xFD, 0x0F, 0xF0, 0x19, 0x00, 0x1A, 0x40,
    0x00, 0x00, 0x00, 0x01, 0xBF, 0xF9, 0x00, 0xFF, 0xFF, 0xFC, 0x3F, 0xFF, 0xFF, 0xCB, 0xFE, 0x56,
    0xF4, 0xFF, 0x80, 0x01, 0x0F, 0xF8, 0x00, 0x00, 0xFF, 0xC0, 0x00, 0x0F, 0xFF, 0x00, 0x00, 0x7F,
    0xFE, 0x40, 0x02, 0xFF, 0xFE, 0x00, 0x0B, 0xFF, 0xFD, 0x00, 0x1F, 0xFF, 0xF4, 0x00, 0x1F, 0xFF,
    0xC0, 0x00, 0x1F, 0xFD, 0x00, 0x00, 0x7F, 0xD0, 0x00, 0x03, 0xFD, 0xD0, 0x00, 0x7F, 0xDF, 0xE5,
    0x6F, 0xFC, 0xFF, 0xFF, 0xFF, 0x4F, 0xFF, 0xFF, 0xD0, 0x1B, 0xFF, 0x90, 0x00, 0x00, 0x7F, 0xC0,
    0x00, 0x7F, 0xFC, 0x00, 0x7F, 0xBF, 0xC0, 0x7F, 0x83, 0xFC, 0x2A, 0x40, 0x2A, 0x40, 0x00, 0x00,
    0x00, 0x1B, 0xFF, 0x80, 0x2F, 0xFF, 0xFE, 0x2F, 0xFF, 0xFF, 0x4F, 0xFD, 0x5B, 0xC3, 0xFE, 0x00,
    0x00, 0xFF, 0xD0, 0x00, 0x1F, 0xFF, 0x80, 0x02, 0xFF, 0xFE, 0x00, 0x0B, 0xFF, 0xF0, 0x00, 0x2F,
    0xFE, 0x00, 0x00, 0xFF, 0xC4, 0x00, 0x2F, 0xF3, 0xE5, 0x6F, 0xFC, 0xFF, 0xFF, 0xFD, 0x3F, 0xFF,
    0xFE, 0x02, 0xFF, 0xF8, 0x00, 0x01, 0xBF, 0xF9, 0x00, 0xFF, 0xFF, 0xFC, 0x3F, 0xFF, 0xFF, 0xCB,
    0xFE, 0x56, 0xF8, 0xFF, 0x80, 0x01, 0x0F, 0xF8, 0x00, 0x00, 0xFF, 0xC0, 0x00, 0x0F, 0xFF, 0x00,
    0x00, 0x7F, 0xFE, 0x40, 0x02, 0xFF, 0xFE, 0x00, 0x0B, 0xFF, 0xFD, 0x00, 0x1F, 0xFF, 0xF4, 0x00,
    0x1F, 0xFF, 0xC0, 0x00, 0x1F, 0xFD, 0x00, 0x00, 0x7F, 0xD0, 0x00, 0x03, 0xFD, 0xD0, 0x00, 0x7F,
    0xDF, 0xE5, 0x6F, 0xFC, 0xFF, 0xFF, 0xFF, 0x4F, 0xFF, 0xFF, 0xD0, 0x1B, 0xFF, 0x90, 0x00, 0x03,
    0xE0, 0x00, 0x00, 0x7F, 0xC0, 0x00, 0x00, 0x7F, 0x00, 0x00, 0x07, 0xF0, 0x00, 0x3F, 0xFE, 0x00,
    0x03, 0xFF, 0x80, 0x00, 0x00, 0x00, 0x00, 0x06, 0xFF, 0xE0, 0x2F, 0xFF, 0xFE, 0xBF, 0xFF, 0xFD,
    0xFF, 0xD5, 0xBC, 0xFF, 0x80, 0x00, 0xFF, 0xD0, 0x00, 0x7F, 0xFE, 0x00, 0x2F, 0xFF, 0xE0, 0x02,
    0xFF, 0xFC, 0x00, 0x2F, 0xFE, 0x00, 0x03, 0xFF, 0x40, 0x02, 0xFF, 0xF9, 0x5B, 0xFF, 0xFF, 0xFF,
    0xFD, 0xFF, 0xFF, 0xF8, 0x2F, 0xFF, 0x80, 0x00, 0xB8, 0x00, 0x00, 0xFF, 0x00, 0x00, 0x1F, 0xC0,
    0x00, 0x0F, 0xC0, 0x07, 0xFF, 0x80, 0x03, 0xFE, 0x00, 0x00, 0x00, 0x00, 0x3F, 0x80, 0x2F, 0xC0,
    0xFF, 0x0F, 0xF0, 0x03, 0xFF, 0xFC, 0x00, 0x0F, 0xFF, 0x00, 0x00, 0x6A, 0x90, 0x00, 0x00, 0x00,
    0x00, 0x01, 0xBF, 0xF9, 0x00, 0xFF, 0xFF, 0xFC, 0x3F, 0xFF, 0xFF, 0xCB, 0xFE, 0x56, 0xF4, 0xFF,
    0x80, 0x01, 0x0F, 0xF8, 0x00, 0x00, 0xFF, 0xC0, 0x00, 0x0F, 0xFF, 0x00, 0x00, 0x7F, 0xFE, 0x40,
    0x02, 0xFF, 0xFE, 0x00, 0x0B, 0xFF, 0xFD, 0x00, 0x1F, 0xFF, 0xF4, 0x00, 0x1F, 0xFF, 0xC0, 0x00,
    0x1F, 0xFD, 0x00, 0x00, 0x7F, 0xD0, 0x00, 0x03, 0xFD, 0xD0, 0x00, 0x7F, 0xDF, 0xE5, 0x6F, 0xFC,
    0xFF, 0xFF, 0xFF, 0x4F, 0xFF, 0xFF, 0xD0, 0x1B, 0xFF, 0x90, 0x00, 0x3F, 0x80, 0x2F, 0xC0, 0xFF,
    0x0F, 0xF0, 0x03, 0xFF, 0xFC, 0x00, 0x0F, 0xFF, 0x00, 0x00, 0x2A, 0x90, 0x00, 0x00, 0x00, 0x00,
    0x01, 0xBF, 0xF8, 0x00, 0xBF, 0xFF, 0xF8, 0x2F, 0xFF, 0xFF, 0x43, 0xFF, 0x56, 0xF0, 0x3F, 0xE0,
    0x00, 0x03, 0xFF, 0x40, 0x00, 0x1F, 0xFF, 0x80, 0x00, 0xBF, 0xFF, 0x80, 0x00, 0xBF, 0xFF, 0x00,
    0x00, 0xBF, 0xF8, 0x00, 0x00, 0xFF, 0xC1, 0x00, 0x0B, 0xFC, 0x3E, 0x56, 0xFF, 0xC3, 0xFF, 0xFF,
    0xF4, 0x3F, 0xFF, 0xFE, 0x00, 0xBF, 0xFE, 0x00, 0xFF, 0xFF, 0xFF, 0xFF, 0xFF, 0xFF, 0xFF, 0xFF,
    0xFF, 0xFF, 0xFF, 0xFF, 0x55, 0x6F, 0xF5, 0x55, 0x00, 0x2F, 0xF0, 0x00, 0x00, 0x2F, 0xF0, 0x00,
    0x00, 0x2F, 0xF0, 0x00, 0x00, 0x2F, 0xF0, 0x00, 0x00, 0x2F, 0xF0, 0x00, 0x00, 0x2F, 0xF0, 0x00,
    0x00, 0x2F, 0xF0, 0x00, 0x00, 0x2F, 0xF0, 0x00, 0x00, 0x2F, 0xF0, 0x00, 0x00, 0x2F, 0xF0, 0x00,
    0x00, 0x2F, 0xF0, 0x00, 0x00, 0x2F, 0xF0, 0x00, 0x00, 0x2F, 0xF0, 0x00, 0x00, 0x2F, 0xF0, 0x00,
    0x00, 0x2F, 0xF0, 0x00, 0x00, 0x2F, 0xF0, 0x00, 0x00, 0x2F, 0xF0, 0x00, 0x00, 0x0B, 0xC0, 0x00,
    0x00, 0x0F, 0xE0, 0x00, 0x00, 0x07, 0xF8, 0x00, 0x00, 0x00, 0xFC, 0x00, 0x00, 0x56, 0xFC, 0x00,
    0x00, 0xBF, 0xF4, 0x00, 0x00, 0x7F, 0xD0, 0x00, 0x00, 0xA4, 0x00, 0x0B, 0xE0, 0x00, 0x3F, 0x80,
    0x01, 0xFE, 0x00, 0x1F, 0xFF, 0xFF, 0xFF, 0xFF, 0xFF, 0xFF, 0xFF, 0xD7, 0xFE, 0x55, 0x0F, 0xF8,
    0x00, 0x3F, 0xE0, 0x00, 0xFF, 0x80, 0x03, 0xFE, 0x00, 0x0F, 0xF8, 0x00, 0x3F, 0xE0, 0x00, 0xFF,
    0x80, 0x03, 0xFE, 0x00, 0x0F, 0xFE, 0x6C, 0x2F, 0xFF, 0xF0, 0x3F, 0xFF, 0xC0, 0x2F, 0xF9, 0x00,
    0x0F, 0x80, 0x00, 0x7F, 0xD0, 0x00, 0x1F, 0xC0, 0x00, 0x7F, 0x00, 0xBF, 0xF8, 0x02, 0xFF, 0x80,
    0x00, 0x00, 0x00, 0x0F, 0xE0, 0x07, 0xF4, 0x03, 0xFC, 0x2F, 0xD0, 0x00, 0xFF, 0xFF, 0x40, 0x00,
    0x3F, 0xFD, 0x00, 0x00, 0x1A, 0xA4, 0x00, 0x00, 0x00, 0x00, 0x00, 0xFF, 0xFF, 0xFF, 0xFF, 0xFF,
    0xFF, 0xFF, 0xFF, 0xFF, 0xFF, 0xFF, 0xFF, 0x55, 0x6F, 0xF5, 0x55, 0x00, 0x2F, 0xF0, 0x00, 0x00,
    0x2F, 0xF0, 0x00, 0x00, 0x2F, 0xF0, 0x00, 0x00, 0x2F, 0xF0, 0x00, 0x00, 0x2F, 0xF0, 0x00, 0x00,
    0x2F, 0xF0, 0x00, 0x00, 0x2F, 0xF0, 0x00, 0x00, 0x2F, 0xF0, 0x00, 0x00, 0x2F, 0xF0, 0x00, 0x00,
    0x2F, 0xF0, 0x00, 0x00, 0x2F, 0xF0, 0x00, 0x00, 0x2F, 0xF0, 0x00, 0x00, 0x2F, 0xF0, 0x00, 0x00,
    0x2F, 0xF0, 0x00, 0x00, 0x2F, 0xF0, 0x00, 0x00, 0x2F, 0xF0, 0x00, 0x00, 0x2F, 0xF0, 0x00, 0x00,
    0x00, 0x00, 0xFF, 0x00, 0x00, 0x01, 0xFD, 0x00, 0x00, 0x02, 0xFC, 0x02, 0xF4, 0x03, 0xF4, 0x03,
    0xF8, 0x03, 0xF0, 0x07, 0xF8, 0x00, 0x00, 0x1F, 0xFF, 0xFC, 0x00, 0xFF, 0xFF, 0xFC, 0x00, 0xFF,
    0xFF, 0xFC, 0x00, 0x5F, 0xF9, 0x54, 0x00, 0x0F, 0xF8, 0x00, 0x00, 0x0F, 0xF8, 0x00, 0x00, 0x0F,
    0xF8, 0x00, 0x00, 0x0F, 0xF8, 0x00, 0x00, 0x0F, 0xF8, 0x00, 0x00, 0x0F, 0xF8, 0x00, 0x00, 0x0F,
    0xF8, 0x00, 0x00, 0x0F, 0xF8, 0x00, 0x00, 0x0F, 0xFD, 0x58, 0x00, 0x0B, 0xFF, 0xFC, 0x00, 0x03,
    0xFF, 0xFC, 0x00, 0x00, 0xBF, 0xE4, 0x00, 0xFF, 0xFF, 0xFF, 0xFF, 0xFF, 0xFF, 0xFF, 0xFF, 0xFF,
    0xFF, 0xFF, 0xFF, 0x55, 0x6F, 0xF5, 0x55, 0x00, 0x2F, 0xF0, 0x00, 0x00, 0x2F, 0xF0, 0x00, 0x00,
    0x2F, 0xF0, 0x00, 0x00, 0x2F, 0xF0, 0x00, 0x00, 0x2F, 0xF0, 0x00, 0x0F, 0xFF, 0xFF, 0xC0, 0x0F,
    0xFF, 0xFF, 0xC0, 0x0F, 0xFF, 0xFF, 0xC0, 0x05, 0x6F, 0xF5, 0x40, 0x00, 0x2F, 0xF0, 0x00, 0x00,
    0x2F, 0xF0, 0x00, 0x00, 0x2F, 0xF0, 0x00, 0x00, 0x2F, 0xF0, 0x00, 0x00, 0x2F, 0xF0, 0x00, 0x00,
    0x2F, 0xF0, 0x00, 0x00, 0x2F, 0xF0, 0x00, 0x00, 0x2F, 0xF0, 0x00, 0x01, 0xA0, 0x00, 0x0F, 0xC0,
    0x00, 0xBF, 0x00, 0x03, 0xFC, 0x00, 0x2F, 0xFF, 0xFF, 0xFF, 0xFF, 0xFF, 0xFF, 0xFF, 0xDB, 0xFD,
    0x55, 0x2F, 0xF0, 0x00, 0xBF, 0xC0, 0x0F, 0xFF, 0xFF, 0x3F, 0xFF, 0xFC, 0xFF, 0xFF, 0xF0, 0xBF,
    0xC0, 0x02, 0xFF, 0x00, 0x07, 0xFC, 0x00, 0x1F, 0xFD, 0x58, 0x3F, 0xFF, 0xF0, 0x7F, 0xFF, 0xC0,
    0x2F, 0xF9, 0x00, 0x10, 0x00, 0x40, 0x00, 0xBF, 0xD0, 0xF4, 0x00, 0x7F, 0xFF, 0xFC, 0x00, 0x3F,
    0xAF, 0xFE, 0x00, 0x0F, 0x40, 0xBD, 0x00, 0x00, 0x00, 0x00, 0x00, 0x0F, 0xF8, 0x00, 0x0B, 0xFF,
    0xFE, 0x00, 0x02, 0xFF, 0xFF, 0x80, 0x00, 0xBF, 0xFF, 0xE0, 0x00, 0x2F, 0xFF, 0xF8, 0x00, 0x0B,
    0xFF, 0xFE, 0x00, 0x02, 0xFF, 0xFF, 0x80, 0x00, 0xBF, 0xFF, 0xE0, 0x00, 0x2F, 0xFF, 0xF8, 0x00,
    0x0B, 0xFF, 0xFE, 0x00, 0x02, 0xFF, 0xFF, 0x80, 0x00, 0xBF, 0xFF, 0xE0, 0x00, 0x2F, 0xFF, 0xF8,
    0x00, 0x0B, 0xFF, 0xFE, 0x00, 0x02, 0xFF, 0xFF, 0x80, 0x00, 0xBF, 0xFF, 0xF0, 0x00, 0x3F, 0xE7,
    0xFD, 0x00, 0x1F, 0xF4, 0xFF, 0xE5, 0x6F, 0xFC, 0x0F, 0xFF, 0xFF, 0xFC, 0x00, 0xFF, 0xFF, 0xFC,
    0x00, 0x06, 0xFF, 0xE4, 0x00, 0x00, 0x10, 0x00, 0x50, 0x0B, 0xFD, 0x0F, 0x80, 0xBF, 0xFF, 0xFD,
    0x03, 0xFB, 0xFF, 0xF0, 0x0F, 0x00, 0xBE, 0x00, 0x00, 0x00, 0x00, 0x0F, 0xF8, 0x00, 0xBF, 0xFF,
    0xE0, 0x02, 0xFF, 0xFF, 0x80, 0x0B, 0xFF, 0xFE, 0x00, 0x2F, 0xFF, 0xF8, 0x00, 0xBF, 0xFF, 0xE0,
    0x02, 0xFF, 0xFF, 0x80, 0x0B, 0xFF, 0xFE, 0x00, 0x2F, 0xFF, 0xF8, 0x00, 0xBF, 0xFF, 0xE0, 0x02,
    0xFF, 0xFF, 0x80, 0x0F, 0xFF, 0xFF, 0x00, 0x7F, 0xFB, 0xFF, 0x5B, 0xFF, 0xDF, 0xFF, 0xFF, 0xFF,
    0x2F, 0xFF, 0xF7, 0xFC, 0x1B, 0xFE, 0x0B, 0xF0, 0x00, 0x55, 0x55, 0x50, 0x00, 0x3F, 0xFF, 0xFC,
    0x00, 0x0F, 0xFF, 0xFF, 0x00, 0x03, 0xFF, 0xFF, 0xC0, 0x00, 0x00, 0x00, 0x00, 0x3F, 0xE0, 0x00,
    0x2F, 0xFF, 0xF8, 0x00, 0x0B, 0xFF, 0xFE, 0x00, 0x02, 0xFF, 0xFF, 0x80, 0x00, 0xBF, 0xFF, 0xE0,
    0x00, 0x2F, 0xFF, 0xF8, 0x00, 0x0B, 0xFF, 0xFE, 0x00, 0x02, 0xFF, 0xFF, 0x80, 0x00, 0xBF, 0xFF,
    0xE0, 0x00, 0x2F, 0xFF, 0xF8, 0x00, 0x0B, 0xFF, 0xFE, 0x00, 0x02, 0xFF, 0xFF, 0x80, 0x00, 0xBF,
    0xFF, 0xE0, 0x00, 0x2F, 0xFF, 0xF8, 0x00, 0x0B, 0xFF, 0xFE, 0x00, 0x02, 0xFF, 0xFF, 0xC0, 0x00,
    0xFF, 0x9F, 0xF4, 0x00, 0x7F, 0xD3, 0xFF, 0x95, 0xBF, 0xF0, 0x3F, 0xFF, 0xFF, 0xF0, 0x03, 0xFF,
    0xFF, 0xF0, 0x00, 0x1B, 0xFF, 0x90, 0x00, 0x0F, 0xFF, 0xFF, 0x00, 0x3F, 0xFF, 0xFC, 0x00, 0xFF,
    0xFF, 0xF0, 0x01, 0x55, 0x55, 0x40, 0x00, 0x00, 0x00, 0x03, 0xFE, 0x00, 0x2F, 0xFF, 0xF8, 0x00,
    0xBF, 0xFF, 0xE0, 0x02, 0xFF, 0xFF, 0x80, 0x0B, 0xFF, 0xFE, 0x00, 0x2F, 0xFF, 0xF8, 0x00, 0xBF,
    0xFF, 0xE0, 0x02, 0xFF, 0xFF, 0x80, 0x0B, 0xFF, 0xFE, 0x00, 0x2F, 0xFF, 0xF8, 0x00, 0xBF, 0xFF,
    0xE0, 0x03, 0xFF, 0xFF, 0xC0, 0x1F, 0xFE, 0xFF, 0xD6, 0xFF, 0xF7, 0xFF, 0xFF, 0xFF, 0xCB, 0xFF,
    0xFD, 0xFF, 0x06, 0xFF, 0x83, 0xFC, 0x01, 0x90, 0x00, 0x90, 0x00, 0xFD, 0x01, 0xFC, 0x00, 0x2F,
    0xFF, 0xFE, 0x00, 0x03, 0xFF, 0xFF, 0x00, 0x00, 0x2F, 0xFE, 0x00, 0x00, 0x00, 0x50, 0x00, 0x00,
    0x00, 0x00, 0x00, 0x03, 0xFE, 0x00, 0x02, 0xFF, 0xFF, 0x80, 0x00, 0xBF, 0xFF, 0xE0, 0x00, 0x2F,
    0xFF, 0xF8, 0x00, 0x0B, 0xFF, 0xFE, 0x00, 0x02, 0xFF, 0xFF, 0x80, 0x00, 0xBF, 0xFF, 0xE0, 0x00,
    0x2F, 0xFF, 0xF8, 0x00, 0x0B, 0xFF, 0xFE, 0x00, 0x02, 0xFF, 0xFF, 0x80, 0x00, 0xBF, 0xFF, 0xE0,
    0x00, 0x2F, 0xFF, 0xF8, 0x00, 0x0B, 0xFF, 0xFE, 0x00, 0x02, 0xFF, 0xFF, 0x80, 0x00, 0xBF, 0xFF,
    0xE0, 0x00, 0x2F, 0xFF, 0xFC, 0x00, 0x0F, 0xF9, 0xFF, 0x40, 0x07, 0xFD, 0x3F, 0xF9, 0x5B, 0xFF,
    0x03, 0xFF, 0xFF, 0xFF, 0x00, 0x3F, 0xFF, 0xFF, 0x00, 0x01, 0xBF, 0xF9, 0x00, 0x0F, 0xC0, 0x0B,
    0xC0, 0x2F, 0xFF, 0xFE, 0x00, 0x3F, 0xFF, 0xF0, 0x00, 0x3F, 0xFE, 0x00, 0x00, 0x05, 0x00, 0x00,
    0x00, 0x00, 0x00, 0x0F, 0xF8, 0x00, 0xBF, 0xFF, 0xE0, 0x02, 0xFF, 0xFF, 0x80, 0x0B, 0xFF, 0xFE,
    0x00, 0x2F, 0xFF, 0xF8, 0x00, 0xBF, 0xFF, 0xE0, 0x02, 0xFF, 0xFF, 0x80, 0x0B, 0xFF, 0xFE, 0x00,
    0x2F, 0xFF, 0xF8, 0x00, 0xBF, 0xFF, 0xE0, 0x02, 0xFF, 0xFF, 0x80, 0x0F, 0xFF, 0xFF, 0x00, 0x7F,
    0xFB, 0xFF, 0x5B, 0xFF, 0xDF, 0xFF, 0xFF, 0xFF, 0x2F, 0xFF, 0xF7, 0xFC, 0x1B, 0xFE, 0x0B, 0xF0,
    0x00, 0x00, 0x00, 0x00, 0x00, 0x02, 0xFD, 0x00, 0x00, 0x03, 0xFF, 0xE0, 0x00, 0x00, 0xF4, 0x7C,
    0x00, 0x00, 0x3D, 0x1F, 0x00, 0x00, 0x0B, 0xFF, 0x80, 0x00, 0x00, 0xBF, 0x40, 0x00, 0x00, 0x00,
    0x00, 0x00, 0x00, 0x00, 0x00, 0x00, 0x3F, 0xE0, 0x00, 0x2F, 0xFF, 0xF8, 0x00, 0x0B, 0xFF, 0xFE,
    0x00, 0x02, 0xFF, 0xFF, 0x80, 0x00, 0xBF, 0xFF, 0xE0, 0x00, 0x2F, 0xFF, 0xF8, 0x00, 0x0B, 0xFF,
    0xFE, 0x00, 0x02, 0xFF, 0xFF, 0x80, 0x00, 0xBF, 0xFF, 0xE0, 0x00, 0x2F, 0xFF, 0xF8, 0x00, 0x0B,
    0xFF, 0xFE, 0x00, 0x02, 0xFF, 0xFF, 0x80, 0x00, 0xBF, 0xFF, 0xE0, 0x00, 0x2F, 0xFF, 0xF8, 0x00,
    0x0B, 0xFF, 0xFE, 0x00, 0x02, 0xFF, 0xFF, 0xC0, 0x00, 0xFF, 0x9F, 0xF4, 0x00, 0x7F, 0xD3, 0xFF,
    0x95, 0xBF, 0xF0, 0x3F, 0xFF, 0xFF, 0xF0, 0x03, 0xFF, 0xFF, 0xF0, 0x00, 0x1B, 0xFF, 0x90, 0x00,
    0x00, 0x2F, 0xD0, 0x00, 0x02, 0xFF, 0xE0, 0x00, 0x0F, 0x47, 0xC0, 0x00, 0x3D, 0x1F, 0x00, 0x00,
    0xBF, 0xF8, 0x00, 0x00, 0xBF, 0x40, 0x00, 0x00, 0x00, 0x00, 0x00, 0x00, 0x00, 0x00, 0xFF, 0x80,
    0x0B, 0xFF, 0xFE, 0x00, 0x2F, 0xFF, 0xF8, 0x00, 0xBF, 0xFF, 0xE0, 0x02, 0xFF, 0xFF, 0x80, 0x0B,
    0xFF, 0xFE, 0x00, 0x2F, 0xFF, 0xF8, 0x00, 0xBF, 0xFF, 0xE0, 0x02, 0xFF, 0xFF, 0x80, 0x0B, 0xFF,
    0xFE, 0x00, 0x2F, 0xFF, 0xF8, 0x00, 0xFF, 0xFF, 0xF0, 0x07, 0xFF, 0xBF, 0xF5, 0xBF, 0xFD, 0xFF,
    0xFF, 0xFF, 0xF2, 0xFF, 0xFF, 0x7F, 0xC1, 0xBF, 0xE0, 0xFF, 0x00, 0x7F, 0xCF, 0xF4, 0x00, 0x3F,
    0xCB, 0xF8, 0x00, 0x2F, 0xC3, 0xF8, 0x00, 0x1F, 0xC2, 0xF8, 0x00, 0x0F, 0xC1, 0xF4, 0x00, 0x00,
    0x00, 0x00, 0x00, 0x0F, 0xF8, 0x00, 0x0B, 0xFF, 0xFE, 0x00, 0x02, 0xFF, 0xFF, 0x80, 0x00, 0xBF,
    0xFF, 0xE0, 0x00, 0x2F, 0xFF, 0xF8, 0x00, 0x0B, 0xFF, 0xFE, 0x00, 0x02, 0xFF, 0xFF, 0x80, 0x00,
    0xBF, 0xFF, 0xE0, 0x00, 0x2F, 0xFF, 0xF8, 0x00, 0x0B, 0xFF, 0xFE, 0x00, 0x02, 0xFF, 0xFF, 0x80,
    0x00, 0xBF, 0xFF, 0xE0, 0x00, 0x2F, 0xFF, 0xF8, 0x00, 0x0B, 0xFF, 0xFE, 0x00, 0x02, 0xFF, 0xFF,
    0x80, 0x00, 0xBF, 0xFF, 0xF0, 0x00, 0x3F, 0xE7, 0xFD, 0x00, 0x1F, 0xF4, 0xFF, 0xE5, 0x6F, 0xFC,
    0x0F, 0xFF, 0xFF, 0xFC, 0x00, 0xFF, 0xFF, 0xFC, 0x00, 0x06, 0xFF, 0xE4, 0x00, 0x02, 0xFF, 0x3F,
    0xE0, 0x0F, 0xF1, 0xFF, 0x00, 0xFF, 0x0F, 0xF0, 0x07, 0xF0, 0xBE, 0x00, 0x3E, 0x07, 0xE0, 0x00,
    0x00, 0x00, 0x00, 0x0F, 0xF8, 0x00, 0xBF, 0xFF, 0xE0, 0x02, 0xFF, 0xFF, 0x80, 0x0B, 0xFF, 0xFE,
    0x00, 0x2F, 0xFF, 0xF8, 0x00, 0xBF, 0xFF, 0xE0, 0x02, 0xFF, 0xFF, 0x80, 0x0B, 0xFF, 0xFE, 0x00,
    0x2F, 0xFF, 0xF8, 0x00, 0xBF, 0xFF, 0xE0, 0x02, 0xFF, 0xFF, 0x80, 0x0F, 0xFF, 0xFF, 0x00, 0x7F,
    0xFB, 0xFF, 0x5B, 0xFF, 0xDF, 0xFF, 0xFF, 0xFF, 0x2F, 0xFF, 0xF7, 0xFC, 0x1B, 0xFE, 0x0B, 0xF0,
    0xFF, 0x80, 0x00, 0xBF, 0xFF, 0xE0, 0x00, 0x2F, 0xFF, 0xF8, 0x00, 0x0B, 0xFF, 0xFE, 0x00, 0x02,
    0xFF, 0xFF, 0x80, 0x00, 0xBF, 0xFF, 0xE0, 0x00, 0x2F, 0xFF, 0xF8, 0x00, 0x0B, 0xFF, 0xFE, 0x00,
    0x02, 0xFF, 0xFF, 0x80, 0x00, 0xBF, 0xFF, 0xE0, 0x00, 0x2F, 0xFF, 0xF8, 0x00, 0x0B, 0xFF, 0xFE,
    0x00, 0x02, 0xFF, 0xFF, 0x80, 0x00, 0xBF, 0xFF, 0xE0, 0x00, 0x2F, 0xFF, 0xF8, 0x00, 0x0B, 0xFF,
    0xFF, 0x00, 0x03, 0xFE, 0x7F, 0xD0, 0x01, 0xFF, 0x4F, 0xFE, 0x56, 0xFF, 0xC0, 0xFF, 0xFF, 0xFF,
    0xC0, 0x0F, 0xFF, 0xFF, 0xC0, 0x00, 0x6F, 0xFF, 0xD0, 0x00, 0x00, 0x03, 0xE0, 0x00, 0x00, 0x02,
    0xF0, 0x00, 0x00, 0x00, 0xFC, 0x00, 0x00, 0x00, 0x3F, 0x40, 0x00, 0x00, 0x0F, 0xFD, 0x00, 0x00,
    0x01, 0xFF, 0x40, 0x00, 0x00, 0x1F, 0x80, 0xFF, 0x80, 0x0B, 0xFF, 0xFE, 0x00, 0x2F, 0xFF, 0xF8,
    0x00, 0xBF, 0xFF, 0xE0, 0x02, 0xFF, 0xFF, 0x80, 0x0B, 0xFF, 0xFE, 0x00, 0x2F, 0xFF, 0xF8, 0x00,
    0xBF, 0xFF, 0xE0, 0x02, 0xFF, 0xFF, 0x80, 0x0B, 0xFF, 0xFE, 0x00, 0x2F, 0xFF, 0xF8, 0x00, 0xFF,
    0xFF, 0xF0, 0x07, 0xFF, 0xBF, 0xF5, 0xBF, 0xFD, 0xFF, 0xFF, 0xFF, 0xF2, 0xFF, 0xFF, 0x7F, 0xC1,
    0xBF, 0xE0, 0xBF, 0x00, 0x00, 0x03, 0xE0, 0x00, 0x00, 0x3E, 0x00, 0x00, 0x02, 0xF0, 0x00, 0x00,
    0x0F, 0xD0, 0x00, 0x00, 0x3F, 0xFC, 0x00, 0x00, 0x7F, 0xF0, 0x00, 0x00, 0x6F, 0x80, 0x00, 0x00,
    0x02, 0xFF, 0x80, 0x00, 0x00, 0x00, 0x00, 0x01, 0xFF, 0xF4, 0x00, 0x00, 0x00, 0x00, 0x01, 0xFE,
    0xBF, 0x40, 0x00, 0x00, 0x00, 0x01, 0xFD, 0x0B, 0xF4, 0x00, 0x00, 0x00, 0x00, 0x68, 0x00, 0x29,
    0x00, 0x00, 0x00, 0x00, 0x00, 0x00, 0x00, 0x00, 0x00, 0x0F, 0xF4, 0x00, 0x0F, 0xF4, 0x00, 0x1F,
    0xF2, 0xFE, 0x00, 0x07, 0xFE, 0x00, 0x07, 0xFC, 0x7F, 0xC0, 0x02, 0xFF, 0xC0, 0x02, 0xFE, 0x0F,
    0xF0, 0x00, 0xFF, 0xF0, 0x00, 0xFF, 0x43, 0xFD, 0x00, 0x3F, 0xFD, 0x00, 0x3F, 0xC0, 0xBF, 0x80,
    0x1F, 0xFF, 0x80, 0x1F, 0xF0, 0x1F, 0xF0, 0x0B, 0xFB, 0xF0, 0x0B, 0xF8, 0x03, 0xFC, 0x03, 0xF9,
    0xFC, 0x03, 0xFD, 0x00, 0xFF, 0x40, 0xFD, 0x7F, 0x40, 0xFF, 0x00, 0x2F, 0xE0, 0x7F, 0x0F, 0xE0,
    0x7F, 0xC0, 0x07, 0xFC, 0x2F, 0xC3, 0xFC, 0x2F, 0xE0, 0x00, 0xFF, 0x0F, 0xE0, 0xBF, 0x0F, 0xF4,
    0x00, 0x3F, 0xC3, 0xF4, 0x1F, 0xD3, 0xFC, 0x00, 0x0B, 0xF5, 0xFC, 0x03, 0xF8, 0xFF, 0x00, 0x01,
    0xFE, 0xBF, 0x00, 0xFF, 0x7F, 0x80, 0x00, 0x3F, 0xFF, 0x80, 0x2F, 0xEF, 0xD0, 0x00, 0x0F, 0xFF,
    0xD0, 0x07, 0xFF, 0xF0, 0x00, 0x02, 0xFF, 0xF0, 0x00, 0xFF, 0xFC, 0x00, 0x00, 0x7F, 0xFC, 0x00,
    0x3F, 0xFE, 0x00, 0x00, 0x0F, 0xFE, 0x00, 0x0B, 0xFF, 0x40, 0x00, 0x03, 0xFF, 0x40, 0x01, 0xFF,
    0xC0, 0x00, 0x00, 0x00, 0x07, 0xFE, 0x00, 0x00, 0x00, 0x00, 0x01, 0xFF, 0xF8, 0x00, 0x00, 0x00,
    0x00, 0x7F, 0xAF, 0xD0, 0x00, 0x00, 0x00, 0x1F, 0xD0, 0x7F, 0x40, 0x00, 0x00, 0x01, 0x50, 0x00,
    0x54, 0x00, 0x00, 0x00, 0x00, 0x00, 0x00, 0x00, 0x00, 0x3F, 0xD0, 0x07, 0xFE, 0x00, 0x3F, 0xC3,
    0xFE, 0x00, 0xBF, 0xF0, 0x07, 0xFC, 0x1F, 0xF0, 0x0F, 0xFF, 0x00, 0xBF, 0x40, 0xFF, 0x00, 0xFF,
    0xF4, 0x0F, 0xF0, 0x0F, 0xF4, 0x1F, 0xAF, 0x80, 0xFF, 0x00, 0xBF, 0x82, 0xF5, 0xFC, 0x2F, 0xE0,
    0x07, 0xFC, 0x3F, 0x0F, 0xC3, 0xFD, 0x00, 0x3F, 0xC7, 0xF0, 0xFD, 0x3F, 0xC0, 0x03, 0xFD, 0x7E,
    0x0F, 0xD7, 0xFC, 0x00, 0x1F, 0xDB, 0xE0, 0xBE, 0x7F, 0x40, 0x00, 0xFE, 0xFD, 0x07, 0xFB, 0xF0,
    0x00, 0x0F, 0xEF, 0xC0, 0x3F, 0xFF, 0x00, 0x00, 0xBF, 0xFC, 0x03, 0xFF, 0xE0, 0x00, 0x07, 0xFF,
    0x80, 0x2F, 0xFD, 0x00, 0x00, 0x3F, 0xF4, 0x01, 0xFF, 0xC0, 0x00, 0x03, 0xFF, 0x00, 0x0F, 0xFC,
    0x00, 0x00, 0x07, 0xFF, 0x00, 0x00, 0x00, 0x3F, 0xFE, 0x00, 0x00, 0x03, 0xFD, 0xFE, 0x00, 0x00,
    0x3F, 0x81, 0xFE, 0x00, 0x00, 0x50, 0x00, 0x54, 0x00, 0x00, 0x00, 0x00, 0x00, 0x0B, 0xFC, 0x00,
    0x02, 0xFF, 0x0F, 0xF8, 0x00, 0x0F, 0xF8, 0x2F, 0xF0, 0x00, 0xBF, 0xC0, 0x3F, 0xE0, 0x03, 0xFE,
    0x00, 0xBF, 0xC0, 0x2F, 0xF0, 0x00, 0xFF, 0x80, 0xFF, 0x40, 0x01, 0xFF, 0x0B, 0xFC, 0x00, 0x03,
    0xFE, 0x3F, 0xD0, 0x00, 0x07, 0xFF, 0xFF, 0x00, 0x00, 0x0F, 0xFF, 0xF4, 0x00, 0x00, 0x1F, 0xFF,
    0xC0, 0x00, 0x00, 0x3F, 0xFC, 0x00, 0x00, 0x00, 0x7F, 0xE0, 0x00, 0x00, 0x00, 0xFF, 0x80, 0x00,
    0x00, 0x03, 0xFE, 0x00, 0x00, 0x00, 0x0F, 0xF8, 0x00, 0x00, 0x00, 0x3F, 0xE0, 0x00, 0x00, 0x00,
    0xFF, 0x80, 0x00, 0x00, 0x03, 0xFE, 0x00, 0x00, 0x00, 0x0F, 0xF8, 0x00, 0x00, 0x00, 0x3F, 0xE0,
    0x00, 0x00, 0x00, 0x07, 0xFF, 0x00, 0x00, 0x00, 0xFF, 0xF8, 0x00, 0x00, 0x3F, 0xDF, 0xE0, 0x00,
    0x0F, 0xE0, 0x3F, 0x80, 0x00, 0x50, 0x00, 0x54, 0x00, 0x00, 0x00, 0x00, 0x00, 0x3F, 0xF0, 0x00,
    0x3F, 0xD1, 0xFF, 0x00, 0x07, 0xFC, 0x0F, 0xF4, 0x00, 0xBF, 0x80, 0xBF, 0xC0, 0x0F, 0xF4, 0x03,
    0xFC, 0x01, 0xFF, 0x00, 0x3F, 0xD0, 0x2F, 0xE0, 0x01, 0xFE, 0x03, 0xFC, 0x00, 0x0F, 0xF0, 0x7F,
    0xC0, 0x00, 0xBF, 0x4B, 0xF4, 0x00, 0x07, 0xF8, 0xFF, 0x00, 0x00, 0x3F, 0xDF, 0xE0, 0x00, 0x01,
    0xFE, 0xFD, 0x00, 0x00, 0x0F, 0xFF, 0xC0, 0x00, 0x00, 0xBF, 0xF8, 0x00, 0x00, 0x07, 0xFF, 0x00,
    0x00, 0x00, 0x3F, 0xF0, 0x00, 0x00, 0x03, 0xFD, 0x00, 0x00, 0x00, 0x7F, 0xC0, 0x00, 0x00, 0x0F,
    0xF8, 0x00, 0x00, 0x57, 0xFF, 0x00, 0x00, 0x0F, 0xFF, 0xE0, 0x00, 0x00, 0xFF, 0xF8, 0x00, 0x00,
    0x0F, 0xF9, 0x00, 0x00, 0x00, 0x00, 0x04, 0x00, 0x40, 0x00, 0x02, 0xFC, 0x2F, 0xC0, 0x00, 0x0F,
    0xF4, 0xFF, 0x40, 0x00, 0x1F, 0x81, 0xF8, 0x00, 0x00, 0x00, 0x00, 0x00, 0x00, 0x00, 0x00, 0x00,
    0x00, 0x0B, 0xFC, 0x00, 0x02, 0xFF, 0x0F, 0xF8, 0x00, 0x0F, 0xF8, 0x2F, 0xF0, 0x00, 0xBF, 0xC0,
    0x3F, 0xE0, 0x03, 0xFE, 0x00, 0xBF, 0xC0, 0x2F, 0xF0, 0x00, 0xFF, 0x80, 0xFF, 0x40, 0x01, 0xFF,
    0x0B, 0xFC, 0x00, 0x03, 0xFE, 0x3F, 0xD0, 0x00, 0x07, 0xFF, 0xFF, 0x00, 0x00, 0x0F, 0xFF, 0xF4,
    0x00, 0x00, 0x1F, 0xFF, 0xC0, 0x00, 0x00, 0x3F, 0xFC, 0x00, 0x00, 0x00, 0x7F, 0xE0, 0x00, 0x00,
    0x00, 0xFF, 0x80, 0x00, 0x00, 0x03, 0xFE, 0x00, 0x00, 0x00, 0x0F, 0xF8, 0x00, 0x00, 0x00, 0x3F,
    0xE0, 0x00, 0x00, 0x00, 0xFF, 0x80, 0x00, 0x00, 0x03, 0xFE, 0x00, 0x00, 0x00, 0x0F, 0xF8, 0x00,
    0x00, 0x00, 0x3F, 0xE0, 0x00, 0x00, 0x00, 0x01, 0xFF, 0x80, 0x00, 0x0F, 0xF4, 0x00, 0x00, 0xFF,
    0x40, 0x00, 0x0F, 0xF0, 0x00, 0x00, 0x29, 0x00, 0x00, 0x00, 0x00, 0x00, 0x0F, 0xFF, 0xFF, 0xFF,
    0xFF, 0xFF, 0xFF, 0xFF, 0xFF, 0xFF, 0xFF, 0xFD, 0x55, 0x55, 0xBF, 0xD0, 0x00, 0x03, 0xFE, 0x00,
    0x00, 0x2F, 0xF0, 0x00, 0x01, 0xFF, 0x40, 0x00, 0x0F, 0xF8, 0x00, 0x00, 0xBF, 0xC0, 0x00, 0x07,
    0xFD, 0x00, 0x00, 0x3F, 0xF0, 0x00, 0x02, 0xFF, 0x00, 0x00, 0x0F, 0xF4, 0x00, 0x00, 0xFF, 0xC0,
    0x00, 0x07, 0xFC, 0x00, 0x00, 0x3F, 0xD0, 0x00, 0x03, 0xFF, 0x00, 0x00, 0x1F, 0xF5, 0x55, 0x55,
    0xFF, 0xFF, 0xFF, 0xFF, 0xFF, 0xFF, 0xFF, 0xFF, 0xFF, 0xFF, 0xFF, 0xC0, 0x00, 0x07, 0xFE, 0x00,
    0x03, 0xFD, 0x00, 0x03, 0xFD, 0x00, 0x03, 0xF8, 0x00, 0x00, 0x54, 0x00, 0x00, 0x00, 0x00, 0x0F,
    0xFF, 0xFF, 0xF3, 0xFF, 0xFF, 0xFC, 0xFF, 0xFF, 0xFF, 0x15, 0x55, 0xFF, 0x40, 0x00, 0xFF, 0xC0,
    0x00, 0xBF, 0xC0, 0x00, 0x3F, 0xD0, 0x00, 0x3F, 0xE0, 0x00, 0x2F, 0xF0, 0x00, 0x1F, 0xF0, 0x00,
    0x0F, 0xF4, 0x00, 0x0B, 0xF8, 0x00, 0x07, 0xFD, 0x55, 0x57, 0xFF, 0xFF, 0xFF, 0xFF, 0xFF, 0xFF,
    0xFF, 0xFF, 0xFF, 0xF0, 0x00, 0x0B, 0xD0, 0x00, 0x00, 0x7F, 0xC0, 0x00, 0x01, 0xFF, 0x00, 0x00,
    0x02, 0xF4, 0x00, 0x00, 0x00, 0x00, 0x00, 0x00, 0x00, 0x00, 0x0F, 0xFF, 0xFF, 0xFF, 0xFF, 0xFF,
    0xFF, 0xFF, 0xFF, 0xFF, 0xFF, 0xFD, 0x55, 0x55, 0xBF, 0xD0, 0x00, 0x03, 0xFF, 0x00, 0x00, 0x2F,
    0xF0, 0x00, 0x01, 0xFF, 0x40, 0x00, 0x0F, 0xFC, 0x00, 0x00, 0xBF, 0xC0, 0x00, 0x07, 0xFE, 0x00,
    0x00, 0x3F, 0xF0, 0x00, 0x02, 0xFF, 0x00, 0x00, 0x0F, 0xF8, 0x00, 0x00, 0xFF, 0xC0, 0x00, 0x07,
    0xFD, 0x00, 0x00, 0x3F, 0xE0, 0x00, 0x03, 0xFF, 0x00, 0x00, 0x1F, 0xF9, 0x55, 0x55, 0xFF, 0xFF,
    0xFF, 0xFF, 0xFF, 0xFF, 0xFF, 0xFF, 0xFF, 0xFF, 0xFF, 0xC0, 0x00, 0x7E, 0x00, 0x00, 0x3F, 0xD0,
    0x00, 0x0F, 0xF4, 0x00, 0x01, 0xF8, 0x00, 0x00, 0x00, 0x00, 0x00, 0x00, 0x00, 0x0F, 0xFF, 0xFF,
    0xF3, 0xFF, 0xFF, 0xFC, 0xFF, 0xFF, 0xFF, 0x15, 0x55, 0xFF, 0x80, 0x00, 0xBF, 0xC0, 0x00, 0x7F,
    0xC0, 0x00, 0x3F, 0xD0, 0x00, 0x3F, 0xF0, 0x00, 0x1F, 0xF0, 0x00, 0x0F, 0xF4, 0x00, 0x0F, 0xF8,
    0x00, 0x0B, 0xFC, 0x00, 0x07, 0xFE, 0x55, 0x57, 0xFF, 0xFF, 0xFF, 0xFF, 0xFF, 0xFF, 0xFF, 0xFF,
    0xFF, 0xF0, 0x0F, 0xD0, 0x0B, 0xF0, 0x1F, 0xE0, 0xFF, 0x00, 0x1F, 0xFF, 0xF0, 0x00, 0x1F, 0xFF,
    0x00, 0x00, 0x1A, 0xA4, 0x00, 0x00, 0x00, 0x00, 0x0F, 0xFF, 0xFF, 0xFF, 0xFF, 0xFF, 0xFF, 0xFF,
    0xFF, 0xFF, 0xFF, 0xFD, 0x55, 0x55, 0xBF, 0xD0, 0x00, 0x03, 0xFE, 0x00, 0x00, 0x2F, 0xF0, 0x00,
    0x01, 0xFF, 0x40, 0x00, 0x0F, 0xF8, 0x00, 0x00, 0xBF, 0xC0, 0x00, 0x07, 0xFD, 0x00, 0x00, 0x3F,
    0xF0, 0x00, 0x02, 0xFF, 0x00, 0x00, 0x0F, 0xF4, 0x00, 0x00, 0xFF, 0xC0, 0x00, 0x07, 0xFC, 0x00,
    0x00, 0x3F, 0xD0, 0x00, 0x03, 0xFF, 0x00, 0x00, 0x1F, 0xF5, 0x55, 0x55, 0xFF, 0xFF, 0xFF, 0xFF,
    0xFF, 0xFF, 0xFF, 0xFF, 0xFF, 0xFF, 0xFF, 0xC0, 0xBE, 0x00, 0x7F, 0xC2, 0xFD, 0x2F, 0xE0, 0x0F,
    0xFF, 0xF8, 0x00, 0x3F, 0xFE, 0x00, 0x00, 0x55, 0x40, 0x00, 0x00, 0x00, 0x00, 0xFF, 0xFF, 0xFF,
    0x0F, 0xFF, 0xFF, 0xF0, 0xFF, 0xFF, 0xFF, 0x05, 0x55, 0x7F, 0xD0, 0x00, 0x0F, 0xFC, 0x00, 0x02,
    0xFF, 0x00, 0x00, 0x3F, 0xD0, 0x00, 0x0F, 0xF8, 0x00, 0x02, 0xFF, 0x00, 0x00, 0x7F, 0xC0, 0x00,
    0x0F, 0xF4, 0x00, 0x02, 0xFE, 0x00, 0x00, 0x7F, 0xD5, 0x55, 0x4F, 0xFF, 0xFF, 0xFC, 0xFF, 0xFF,
    0xFF, 0xCF, 0xFF, 0xFF, 0xFC, 0x07, 0xFF, 0x93, 0xFF, 0xFD, 0xBF, 0xFF, 0xCF, 0xFD, 0x58, 0xFF,
    0x80, 0x0F, 0xF8, 0x00, 0xFF, 0x80, 0x0F, 0xF8, 0x00, 0xFF, 0x80, 0x0F, 0xF8, 0x00, 0xFF, 0x80,
    0x0F, 0xF8, 0x00, 0xFF, 0x80, 0x0F, 0xF8, 0x00, 0xFF, 0x80, 0x0F, 0xF8, 0x00, 0xFF, 0x80, 0x0F,
    0xF8, 0x00, 0xFF, 0x80, 0x0F, 0xF8, 0x00, 0xFF, 0x80, 0x0F, 0xF8, 0x00, 0x6A, 0x90, 0x0B, 0xFC,
    0x00, 0xBF, 0xC0, 0x07, 0xF8, 0x00, 0x3F, 0x80, 0x00, 0xAA, 0x40, 0xFF, 0xC0, 0xFF, 0x80, 0xBF,
    0x40, 0x7F, 0x00, 0x00, 0x00, 0xAA, 0x00, 0x03, 0xFF, 0xC0, 0x0F, 0xFF, 0xE0, 0x3F, 0xC7, 0xF8,
    0xBE, 0x00, 0xFE, 0x01, 0x40, 0x05, 0x1F, 0xFD, 0x7F, 0x3F, 0xFF, 0xFE, 0xBF, 0xFF, 0xFC, 0xF8,
    0x1B, 0xE0, 0x55, 0x55, 0x5F, 0xFF, 0xFF, 0xFF, 0xFF, 0xFF, 0xFF, 0xFF, 0x55, 0x55, 0x55, 0xFF,
    0xFF, 0xFF, 0xFF, 0xFF, 0xFF, 0xFF, 0xFF, 0xFF, 0xF4, 0x00, 0xBF, 0xF9, 0x5B, 0xF7, 0xFF, 0xFF,
    0x4B, 0xFF, 0xF4, 0x07, 0xFE, 0x00, 0x7E, 0x3F, 0xDF, 0xF5, 0xF8, 0x04, 0x00, 0x42, 0xFC, 0x2F,
    0xCF, 0xF4, 0xFF, 0x5F, 0x81, 0xF8, 0x00, 0x0F, 0xF8, 0xFF, 0xE0, 0x3F, 0x03, 0xF2, 0xFD, 0x2F,
    0x41, 0x90, 0x1F, 0xD0, 0x7F, 0xF8, 0xF8, 0x7C, 0xF0, 0x3C, 0xF8, 0x7C, 0x7F, 0xF8, 0x1F, 0xD0,
    0x03, 0xFC, 0x7F, 0xC0, 0xBF, 0x4F, 0xF0, 0x1F, 0xD2, 0xFC, 0x03, 0xF4, 0x7F, 0x00, 0xBD, 0x0F,
    0xC0, 0x00, 0x68, 0x00, 0x1A, 0x1F, 0xD0, 0x3F, 0x81, 0xFE, 0x7F, 0xC0, 0x1F, 0xFF, 0xC0, 0x02,
    0xFF, 0xC0, 0x00, 0xFF, 0xFF, 0xFF, 0xFC, 0xFC, 0x3F, 0xFC, 0x3F, 0xFC, 0x3F, 0xFC, 0x3F, 0xFC,
    0x3F, 0x7F, 0x8F, 0xF4, 0x0F, 0xF0, 0xFF, 0x00, 0xFE, 0x1F, 0xD0, 0x0F, 0xC1, 0xFC, 0x00, 0xFC,
    0x1F, 0x40, 0x01, 0xF4, 0x00, 0x3F, 0xC0, 0xA2, 0xF8, 0xAF, 0x44, 0x1F, 0xBD, 0x0B, 0xE3, 0xFF,
    0xFC, 0x0B, 0xFD, 0x00, 0x00, 0x14, 0x00, 0x07, 0xFF, 0xC0, 0x2F, 0xFF, 0xF0, 0x3F, 0xFF, 0xFC,
    0xBD, 0x00, 0xBC, 0x64, 0x00, 0x28, 0x0B, 0xE0, 0xFD, 0x1F, 0xD3, 0xFC, 0x3F, 0xC7, 0xF8, 0xBF,
    0x40, 0x1F, 0xE2, 0xFD, 0x3F, 0xC3, 0xFC, 0x3F, 0x47, 0xF0, 0xBE, 0x00, 0xBF, 0x47, 0xF8, 0x3F,
    0xC3, 0xFC, 0x1F, 0xD0, 0xFD, 0x0B, 0xE0, 0x1F, 0xE2, 0xFD, 0x3F, 0xC3, 0xFC, 0x3F, 0x47, 0xF0,
    0xBE, 0x00, 0x6A, 0x80, 0x0F, 0xFC, 0x00, 0xBF, 0x80, 0x07, 0xF8, 0x00, 0x3F, 0x40, 0x00, 0x6A,
    0x80, 0x1F, 0xF4, 0x07, 0xFD, 0x00, 0xFF, 0x00, 0x3F, 0x80, 0x00, 0x03, 0xFF, 0xFF, 0xFC, 0x0F,
    0x03, 0xC0, 0xF0, 0x3F, 0xFF, 0xFF, 0xC0, 0xF0, 0x00, 0xFF, 0xFF, 0xFF, 0xF0, 0x03, 0xC0, 0x0F,
    0x00, 0x3C, 0x00, 0xF0, 0x03, 0xC0, 0x0B, 0xFC, 0x2F, 0xE0, 0xFF, 0x5F, 0xFC, 0xFF, 0xC3, 0xF4,
    0x04, 0x00, 0x00, 0x1D, 0x7E, 0xF8, 0xF0, 0xF4, 0x7E, 0x1D, 0x06, 0x00, 0xF0, 0x0F, 0x0F, 0xFF,
    0xFF, 0xF0, 0xFF, 0xFF, 0xFF, 0x0F, 0x00, 0xF0, 0x0F, 0x00, 0x0F, 0x00, 0xF0, 0xFF, 0xFF, 0xFF,
    0x0F, 0x00, 0xF0, 0xFF, 0xFF, 0xFF, 0x02, 0xA8, 0x0F, 0xF0, 0x3F, 0xC0, 0xFF, 0x03, 0xFD, 0x6F,
    0xFF, 0xFF, 0xBF, 0xFC, 0xBF, 0x80, 0xAA, 0x03, 0xFC, 0x0F, 0xF0, 0x3F, 0xC0, 0xFF, 0x03, 0xFE,
    0x4B, 0xFF, 0x8F, 0xFE, 0x1F, 0xF4, 0x7E, 0x3F, 0xDF, 0xF5, 0xF8, 0x04, 0x00, 0x42, 0xFC, 0x2F,
    0xCF, 0xF4, 0xFF, 0x5F, 0x81, 0xF8, 0x1F, 0xD0, 0x7F, 0xF8, 0xF8, 0x7C, 0xF0, 0x3C, 0xF8, 0x7C,
    0x7F, 0xF8, 0x1F, 0xD0, 0x3F, 0xC3, 0xF8, 0x7F, 0x0B, 0xE0, 0xFC, 0x00, 0x0B, 0xC0, 0x3F, 0x40,
    0xBF, 0x80, 0x3F, 0x01, 0xFE, 0xFF, 0xD7, 0xFD, 0x00, 0x01, 0x00, 0xF8, 0x3E, 0x0B, 0xC0, 0xFC,
    0x0F, 0xFF, 0xBF, 0xF1, 0xFF, 0xFF, 0xFF, 0xFF, 0xFC, 0xFF, 0xFF, 0xFF, 0xFF, 0xFF, 0xF0, 0x00,
    0xFF, 0x00, 0x0F, 0xF0, 0x00, 0xF0, 0x50, 0x10, 0x17, 0xC1, 0xC0, 0xFB, 0x4B, 0x87, 0x8F, 0xFB,
    0xF8, 0x00, 0x00, 0x00, 0x68, 0x00, 0x1A, 0x4F, 0xE0, 0x3F, 0xC1, 0xFF, 0x7F, 0xC0, 0x1F, 0xFF,
    0xC0, 0x02, 0xFF, 0xD0, 0x00, 0x00, 0xAA, 0x00, 0x03, 0xFF, 0xC0, 0x0F, 0xFF, 0xE0, 0x3F, 0xC7,
    0xF8, 0xBE, 0x00, 0xFE, 0x60, 0x00, 0x67, 0xF5, 0x5B, 0xFB, 0xFF, 0xFF, 0x4F, 0xFF, 0xF8, 0x07,
    0xFE, 0x40, 0x00, 0x14, 0x00, 0x07, 0xFF, 0x80, 0x1F, 0xFF, 0xF0, 0x3F, 0xFF, 0xF8, 0x7E, 0x00,
    0xBC, 0xBC, 0x00, 0x3C, 0x01, 0x40, 0x05, 0x1F, 0xF9, 0x7F, 0x3F, 0xFF, 0xFE, 0xBF, 0xFF, 0xFC,
    0xF8, 0x1B, 0xE0, 0x55, 0x55, 0x5F, 0xFF, 0xFF, 0xFF, 0xFF, 0xFF, 0xFF, 0xFF, 0xFF, 0xFF, 0xFF,
    0xFF, 0xFF, 0xFF, 0xFF, 0xFF, 0xFF, 0xFF, 0xFF, 0xFF, 0xFF, 0x00, 0x00, 0x00, 0x00, 0x00, 0x00,
    0xFF, 0xFF, 0xFF, 0xFF, 0xFF, 0xFF, 0x00, 0x40, 0x05, 0x03, 0xFF, 0x5B, 0xC3, 0xFF, 0xFF, 0xF1,
    0xFF, 0xFF, 0xF4, 0xBC, 0x1B, 0xF4, 0x00, 0x55, 0x55, 0x55, 0xFF, 0xFF, 0xFF, 0xFF, 0xFF, 0xFF,
    0xFF, 0xFF, 0xFF, 0x55, 0x55, 0x55, 0x55, 0x55, 0x7F, 0xFF, 0xFF, 0xFF, 0xFF, 0xFF, 0xFF, 0xFF,
    0xFF, 0xFF, 0xFF, 0xFF, 0xFF, 0xFF, 0xFF, 0xFF, 0x00, 0x00, 0x60, 0x00, 0x02, 0xF4, 0x00, 0x1F,
    0xFC, 0x01, 0xFF, 0xE0, 0x0B, 0xFF, 0x00, 0x3F, 0xF4, 0x00, 0x1F, 0x80, 0x00, 0x08, 0x00, 0x00,
    0x00, 0x00, 0x06, 0x40, 0x00, 0x00, 0xF8, 0x00, 0x00, 0x2F, 0x40, 0x00, 0x03, 0xF0, 0x00, 0x00,
    0x7E, 0x00, 0x00, 0x0B, 0xC0, 0x00, 0x00, 0xF8, 0x00, 0x00, 0x1F, 0x40, 0x00, 0x03, 0xF0, 0x00,
    0x00, 0x7E, 0x00, 0x00, 0x0B, 0xC0, 0x00, 0x00, 0xF8, 0x00, 0x00, 0x1F, 0x40, 0x00, 0x03, 0xF0,
    0x00, 0x00, 0x7E, 0x00, 0x00, 0x0B, 0xC0, 0x00, 0x00, 0xF8, 0x00, 0x00, 0x1F, 0x40, 0x00, 0x03,
    0xF0, 0x00, 0x00, 0x7E, 0x00, 0x00, 0x0B, 0xC0, 0x00, 0x00, 0xF8, 0x00, 0x00, 0x1F, 0x40, 0x00,
    0x03, 0xF0, 0x00, 0x00, 0x74, 0x2F, 0x81, 0xF0, 0x3C, 0x1F, 0x2F, 0x87, 0x80, 0xF0, 0x00, 0xFF,
    0x00, 0x0F, 0xF0, 0x00, 0xFF, 0xFF, 0xFF, 0xFF, 0xFF, 0xF0, 0xFF, 0xFF, 0xFF, 0xFF, 0xFF, 0xFF,
    0x00, 0x03, 0xFC, 0x00, 0x0F, 0xFF, 0xFF, 0xFF, 0xFF, 0xFF, 0xF0, 0x2F, 0x9F, 0xE2, 0xE2, 0xE2,
    0xEF, 0x03, 0x03, 0xC0, 0x00, 0x00, 0x00, 0x0B, 0x0E, 0x7F, 0xD2, 0xF4, 0x3F, 0xCB, 0x5E, 0x10,
    0x40, 0x07, 0xC2, 0xE0, 0x3C, 0x02, 0xF0, 0x0F, 0x80, 0x3C, 0x07, 0xC3, 0xE0, 0x00, 0x00, 0xFF,
    0xFF, 0xFF, 0xFF, 0xFF, 0xFF, 0x00, 0x00, 0x00, 0x00, 0x00, 0x00, 0xFF, 0xFF, 0xFF, 0xFF, 0xFF,
    0xFF, 0x2A, 0x90, 0x0B, 0xFD, 0x00, 0x7F, 0xC0, 0x03, 0xFC, 0x00, 0x2F, 0x80, 0x00, 0xAA, 0x40,
    0xFF, 0x80, 0xFF, 0x80, 0xBF, 0x40, 0xBF, 0x00, 0x00, 0x01, 0x40, 0x05, 0x07, 0xFF, 0x5B, 0xC3,
    0xFF, 0xFF, 0xE1, 0xFF, 0xFF, 0xF0, 0xB8, 0x1B, 0xF0, 0x00, 0xBF, 0x3F, 0xF0, 0xFC, 0x3E, 0x1E,
    0x00, 0x00, 0x00, 0x0F, 0xF8, 0x00, 0x7E, 0x0F, 0xF1, 0xF8, 0xFF, 0x4F, 0xE3, 0xFD, 0xBF, 0x1F,
    0xC2, 0xFC, 0x04, 0x2F, 0x40, 0x10, 0xFC, 0x3F, 0x0F, 0xE7, 0xFF, 0x3F, 0xC0, 0xFF, 0xFF, 0xFF,
    0xFF, 0xFF, 0xFF, 0xFF, 0x00, 0x00, 0x3F, 0xC0, 0x00, 0x0F, 0xF0, 0x00, 0x03, 0xC0, 0xFF, 0xFF,
    0xFF, 0xFF, 0xFF, 0xFF, 0x00, 0x00, 0x00, 0x00, 0x00, 0x00, 0xFF, 0xFF, 0xFF, 0xFF, 0xFF, 0xFF,
    0xFC, 0x3F, 0xFC, 0x3F, 0xFC, 0x3F, 0xFC, 0x3F, 0xFC, 0x3F, 0x7F, 0xFB, 0xFF, 0x00, 0xF0, 0x0F,
    0x00, 0xF0, 0x09, 0x00, 0x00, 0x00, 0x00, 0x0A, 0x00, 0x0B, 0xEF, 0x2D, 0x2F, 0xFD, 0x3C, 0x3C,
    0xBF, 0xF8, 0x78, 0xFB, 0xE0, 0x00, 0xD0, 0x00, 0x00, 0x00, 0x00, 0x00, 0xBE, 0x00, 0x00, 0xFF,
    0x00, 0x00, 0xBE, 0x00, 0x0B, 0x90, 0x2D, 0x3F, 0xF8, 0x3D, 0x7F, 0xFF, 0xFC, 0xB8, 0x2F, 0xF4,
    0x60, 0x05, 0x80, 0x00, 0xBE, 0x00, 0x00, 0xFF, 0x00, 0x00, 0x7D, 0x00, 0x00, 0x00, 0x00, 0x0B,
    0xF4, 0x3C, 0x2F, 0xFF, 0xF8, 0x3C, 0x1B, 0xE0, 0x00, 0x00, 0x00, 0x0B, 0xF4, 0x3C, 0x2F, 0xFF,
    0xF8, 0x3C, 0x1B, 0xE0, 0x01, 0x01, 0x00, 0x2C, 0x0E, 0x03, 0xFF, 0xFF, 0x0F, 0xFF, 0xFC, 0x0B,
    0x03, 0x80, 0x04, 0x04, 0x00, 0x00, 0x00, 0xA0, 0x2F, 0x82, 0xF8, 0x0F, 0x00, 0xF0, 0x0F, 0x00,
    0xFF, 0x80, 0xFF, 0x40, 0x3F, 0xFF, 0xE0, 0x3F, 0xE0, 0x0F, 0xFF, 0x00, 0x00, 0x00, 0x00, 0x3F,
    0xC0, 0x00, 0xA0, 0x00, 0x0F, 0xA0, 0x03, 0xAC, 0xE0, 0x02, 0x80, 0x0A, 0xA0, 0x2A, 0x80, 0x00,
    0x03, 0x80, 0x00, 0xB0, 0x00, 0x02, 0x80, 0x00, 0x0A, 0x00, 0xF0, 0xE0, 0x00, 0x02, 0xC3, 0xFC,
    0x00, 0x00, 0x00, 0x00, 0xFF, 0x2C, 0x00, 0x00, 0x03, 0x3F, 0xCA, 0x00, 0x00, 0x00, 0x8F, 0xF0,
    0xA0, 0x00, 0x02, 0x83, 0xC0, 0x38, 0x00, 0x00, 0xB0, 0x00, 0x02, 0x80, 0x00, 0xA0, 0x00, 0x00,
    0xE0, 0x00, 0x2C, 0x00, 0x90, 0x03, 0xAC, 0xE0, 0x01, 0xBC, 0x00, 0xAA, 0x28, 0x00, 0xFF, 0x00,
    0x00, 0x00, 0x00, 0x3F, 0xFE, 0x03, 0xFD, 0x00, 0xFF, 0xFF, 0x80, 0xFF, 0x80, 0x3F, 0xC0, 0xD0,
    0x3F, 0x81, 0xFC, 0x7F, 0xFE, 0x34, 0x00, 0x1D, 0x7D, 0xF8, 0xF0, 0xF8, 0x7D, 0x1D, 0x02, 0xFF,
    0x40, 0x7F, 0xFF, 0xC3, 0xF4, 0x2F, 0x9F, 0x01, 0x1F, 0x78, 0xBE, 0x3C, 0x03, 0xFC, 0x00, 0x07,
    0xD0, 0x00, 0x00, 0x03, 0x0C, 0x7F, 0xD2, 0xF8, 0x3F, 0xC7, 0x9D, 0x00, 0x00, 0x01, 0xCB, 0xFF,
    0xD3, 0xF4, 0x2F, 0xC0, 0x70, 0xD0, 0x3F, 0x81, 0xFC, 0x7F, 0xFE, 0x34, 0x00, 0xD0, 0x01, 0x90,
    0xFE, 0x03, 0xE0, 0x1F, 0xC7, 0xF0, 0x1F, 0xCB, 0x74, 0xFE, 0x4E, 0x38, 0xD0, 0x2C, 0x2C, 0xE0,
    0xF8, 0x7C, 0x3C, 0x7C, 0xF8, 0xE0, 0x7E, 0x3F, 0xDF, 0xF5, 0xF8, 0x03, 0xC0, 0x27, 0xD8, 0x3F,
    0xFC, 0x0B, 0xE0, 0x0E, 0xB0, 0x04, 0x10, 0x2F, 0xDB, 0xF4, 0xB8, 0xBE, 0x2D, 0xF0, 0x3C, 0x0F,
    0xF0, 0x3C, 0x0F, 0xB4, 0xBD, 0x1E, 0x2F, 0xEB, 0xF8, 0x00, 0x00, 0x00, 0x14, 0x03, 0x40, 0x7F,
    0xEB, 0xFD, 0x01, 0xC0, 0x2C, 0x29, 0x00, 0x00, 0x00, 0x00, 0x68, 0x3F, 0xD0, 0x00, 0x00, 0x06,
    0xFC, 0x1F, 0xFE, 0x95, 0x56, 0xBF, 0xF0, 0x07, 0xFF, 0xFF, 0xFF, 0xFF, 0xC0, 0x00, 0xBF, 0xFF,
    0xFF, 0xFE, 0x00, 0x00, 0x06, 0xBF, 0xFE, 0x90, 0x00, 0x29, 0x00, 0x00, 0x00, 0x00, 0x68, 0x3F,
    0xD0, 0x00, 0x00, 0x06, 0xFC, 0x1F, 0xFE, 0x95, 0x56, 0xBF, 0xF0, 0x07, 0xFF, 0xFF, 0xFF, 0xFF,
    0xC0, 0x00, 0xBF, 0xFF, 0xFF, 0xFE, 0x00, 0x00, 0x06, 0xBF, 0xFE, 0x90, 0x00, 0xFF, 0xFF, 0xFF,
    0xFF, 0xFF, 0xFF, 0xFF, 0xFF, 0xFF, 0xFF, 0xFF, 0xFF, 0xFF, 0xFF, 0xFF, 0xFF, 0xFF, 0xFF, 0x02,
    0xFF, 0xFE, 0xA5, 0x55, 0xBD, 0x1F, 0xFF, 0xFF, 0xFF, 0xFF, 0xFC, 0x3F, 0xFF, 0xFF, 0xFF, 0xFF,
    0xF4, 0x7E, 0x55, 0x5A, 0xBF, 0xFF, 0x80, 0x00, 0x00, 0x05, 0x50, 0x00, 0x00, 0x00, 0x07, 0xFF,
    0xFF, 0xE0, 0x00, 0x00, 0xBF, 0xFF, 0xFF, 0xFE, 0x00, 0x03, 0xFF, 0xFF, 0xFF, 0xFF, 0xC0, 0x0F,
    0xFE, 0x40, 0x01, 0xBF, 0xF0, 0x2F, 0xD0, 0x00, 0x00, 0x07, 0xFC, 0x7F, 0x00, 0x00, 0x00, 0x00,
    0xFD, 0x00, 0x00, 0x00, 0x00, 0x00, 0x00, 0x00, 0x00, 0x00, 0x00, 0x02, 0x00, 0x00, 0x00, 0x00,
    0x00, 0x03, 0xD0, 0xFF, 0xFF, 0xFF, 0xFF, 0xFF, 0xF8, 0xFF, 0xFF, 0xFF, 0xFF, 0xFF, 0xF4, 0x00,
    0x00, 0x00, 0x00, 0x03, 0xC0, 0x00, 0x00, 0x00, 0x00, 0x02, 0x00, 0x00, 0x00, 0x00, 0x00, 0x00,
    0x00, 0x05, 0x03, 0xAE, 0x00, 0xF2, 0xFF, 0xF4, 0xFF, 0x5F, 0x7E, 0xB0, 0x00, 0x01, 0x00, 0xFB,
    0x8B, 0x07, 0x7F, 0xFD, 0xF0, 0x02, 0xE0, 0x42, 0xFF, 0x00, 0x00, 0xAF, 0x0F, 0xFF, 0xFF, 0xF0,
    0x2F, 0xE2, 0xE2, 0xEF, 0x03, 0xFC, 0x0F, 0xB4, 0x78, 0xBF, 0x80, 0x00, 0x00, 0xF0, 0x3F, 0xC0,
    0xFF, 0x03, 0xFC, 0x0F, 0xF0, 0x7D, 0xFF, 0xF0, 0x00, 0x00, 0x2F, 0xDB, 0x84, 0xF0, 0x0F, 0x00,
    0xB4, 0x03, 0xFD, 0x00, 0x00, 0x00, 0x3C, 0x00, 0xF0, 0x03, 0xCB, 0xEF, 0xB8, 0xBF, 0xC0, 0xFF,
    0x03, 0xED, 0x1F, 0x3F, 0xBC, 0x00, 0x00, 0xF0, 0x03, 0xC0, 0x0F, 0x00, 0x3E, 0xFC, 0xF8, 0x7F,
    0xC0, 0xFF, 0x03, 0xFC, 0x0F, 0xF0, 0x3C, 0xEB, 0xDB, 0xD3, 0xD7, 0xD7, 0xCF, 0x0F, 0x0F, 0x3C,
    0x3C, 0x3C, 0xF0, 0xF0, 0xF3, 0xC3, 0xC3, 0xC0, 0xE7, 0x7F, 0xEF, 0x43, 0xC0, 0xF0, 0x3C, 0x0F,
    0x00, 0x00, 0x0B, 0x0B, 0xF4, 0xF0, 0x3C, 0x0F, 0x03, 0xC0, 0xBE, 0x00, 0x00, 0x24, 0x09, 0x0F,
    0x07, 0x82, 0xD2, 0xC0, 0x38, 0xF0, 0x0F, 0xB4, 0x01, 0xFC, 0x00, 0x3E, 0x00, 0x3C, 0x3D, 0x0F,
    0xB8, 0x07, 0xF0, 0x0B, 0xF0, 0x1F, 0x78, 0x3C, 0x2E, 0x2F, 0xF4, 0x00, 0x01, 0xFF, 0x00, 0x00,
    0x1F, 0xF0, 0x00, 0x00, 0xFE, 0x00, 0x00, 0x0A, 0x40, 0x00, 0x00, 0x00, 0x0F, 0xFF, 0xFF, 0xFB,
    0xFF, 0xFF, 0xFE, 0xFF, 0xFF, 0xFF, 0xBF, 0xE5, 0x55, 0x4F, 0xF4, 0x00, 0x03, 0xFD, 0x00, 0x00,
    0xFF, 0x40, 0x00, 0x3F, 0xD0, 0x00, 0x0F, 0xF9, 0x55, 0x53, 0xFF, 0xFF, 0xFC, 0xFF, 0xFF, 0xFF,
    0x3F, 0xFF, 0xFF, 0xCF, 0xF4, 0x00, 0x03, 0xFD, 0x00, 0x00, 0xFF, 0x40, 0x00, 0x3F, 0xD0, 0x00,
    0x0F, 0xF4, 0x00, 0x03, 0xFE, 0x55, 0x54, 0xFF, 0xFF, 0xFF, 0xBF, 0xFF, 0xFF, 0xEF, 0xFF, 0xFF,
    0xF8, 0x1F, 0x81, 0xF8, 0x0F, 0xF4, 0xFF, 0x43, 0xFD, 0x3F, 0xD0, 0x7E, 0x07, 0xE0, 0x00, 0x00,
    0x00, 0x00, 0x00, 0x00, 0x0F, 0xFF, 0xFF, 0xFB, 0xFF, 0xFF, 0xFE, 0xFF, 0xFF, 0xFF, 0xBF, 0xE5,
    0x55, 0x4F, 0xF4, 0x00, 0x03, 0xFD, 0x00, 0x00, 0xFF, 0x40, 0x00, 0x3F, 0xD0, 0x00, 0x0F, 0xF9,
    0x55, 0x53, 0xFF, 0xFF, 0xFC, 0xFF, 0xFF, 0xFF, 0x3F, 0xFF, 0xFF, 0xCF, 0xF4, 0x00, 0x03, 0xFD,
    0x00, 0x00, 0xFF, 0x40, 0x00, 0x3F, 0xD0, 0x00, 0x0F, 0xF4, 0x00, 0x03, 0xFE, 0x55, 0x54, 0xFF,
    0xFF, 0xFF, 0xBF, 0xFF, 0xFF, 0xEF, 0xFF, 0xFF, 0xF8, 0xFF, 0xFF, 0xFF, 0xFF, 0x00, 0x3F, 0xFF,
    0xFF, 0xFF, 0xC0, 0x0F, 0xFF, 0xFF, 0xFF, 0xF0, 0x01, 0x55, 0xFF, 0x95, 0x54, 0x00, 0x00, 0x3F,
    0xD0, 0x00, 0x00, 0x00, 0x0F, 0xF4, 0x00, 0x00, 0x00, 0x03, 0xFD, 0x00, 0x00, 0x00, 0x00, 0xFF,
    0x40, 0x00, 0x00, 0x00, 0x3F, 0xEB, 0xFF, 0x80, 0x00, 0x0F, 0xFF, 0xFF, 0xFD, 0x00, 0x03, 0xFF,
    0xFF, 0xFF, 0xD0, 0x00, 0xFF, 0xE5, 0x6F, 0xFC, 0x00, 0x3F, 0xD0, 0x02, 0xFF, 0x00, 0x0F, 0xF4,
    0x00, 0x3F, 0xD0, 0x03, 0xFD, 0x00, 0x0F, 0xF4, 0x00, 0xFF, 0x40, 0x03, 0xFD, 0x00, 0x3F, 0xD0,
    0x01, 0xFF, 0x00, 0x0F, 0xF4, 0x16, 0xFF, 0xC0, 0x03, 0xFD, 0x0F, 0xFF, 0xD0, 0x00, 0xFF, 0x43,
    0xFF, 0xE0, 0x00, 0x3F, 0xD0, 0xFF, 0x90, 0x00, 0x00, 0x03, 0xFF, 0x00, 0x02, 0xFF, 0x00, 0x01,
    0xFF, 0x00, 0x00, 0xFE, 0x00, 0x00, 0x29, 0x00, 0x00, 0x00, 0x00, 0x0F, 0xFF, 0xFF, 0xFF, 0xFF,
    0xFF, 0xFF, 0xFF, 0xFF, 0xFF, 0xFF, 0xE5, 0x55, 0x5F, 0xF4, 0x00, 0x03, 0xFD, 0x00, 0x00, 0xFF,
    0x40, 0x00, 0x3F, 0xD0, 0x00, 0x0F, 0xF4, 0x00, 0x03, 0xFD, 0x00, 0x00, 0xFF, 0x40, 0x00, 0x3F,
    0xD0, 0x00, 0x0F, 0xF4, 0x00, 0x03, 0xFD, 0x00, 0x00, 0xFF, 0x40, 0x00, 0x3F, 0xD0, 0x00, 0x0F,
    0xF4, 0x00, 0x03, 0xFD, 0x00, 0x00, 0xFF, 0x40, 0x00, 0x3F, 0xD0, 0x00, 0x0F, 0xF4, 0x00, 0x00,
    0x00, 0x0B, 0xFF, 0xE4, 0x00, 0x2F, 0xFF, 0xFF, 0xC0, 0x3F, 0xFF, 0xFF, 0xE0, 0x3F, 0xFD, 0x56,
    0xF0, 0x2F, 0xF8, 0x00, 0x04, 0x0F, 0xF8, 0x00, 0x00, 0x07, 0xFC, 0x00, 0x00, 0x02, 0xFF, 0x00,
    0x00, 0x00, 0xFF, 0x95, 0x55, 0x40, 0x3F, 0xFF, 0xFF, 0xF8, 0x0F, 0xFF, 0xFF, 0xFE, 0x03, 0xFF,
    0xFF, 0xFF, 0x80, 0xFF, 0x80, 0x00, 0x00, 0x2F, 0xE0, 0x00, 0x00, 0x07, 0xFC, 0x00, 0x00, 0x00,
    0xFF, 0x80, 0x00, 0x00, 0x2F, 0xF4, 0x00, 0x00, 0x03, 0xFF, 0xE5, 0x5B, 0x80, 0x7F, 0xFF, 0xFF,
    0xE0, 0x03, 0xFF, 0xFF, 0xF4, 0x00, 0x1B, 0xFF, 0xE4, 0x00, 0x01, 0xBF, 0xF9, 0x00, 0xFF, 0xFF,
    0xFC, 0x3F, 0xFF, 0xFF, 0xCB, 0xFE, 0x56, 0xF4, 0xFF, 0x80, 0x01, 0x0F, 0xF4, 0x00, 0x00, 0xFF,
    0xC0, 0x00, 0x0F, 0xFF, 0x00, 0x00, 0x7F, 0xFE, 0x00, 0x02, 0xFF, 0xFE, 0x00, 0x0B, 0xFF, 0xFD,
    0x00, 0x1F, 0xFF, 0xF4, 0x00, 0x1F, 0xFF, 0xC0, 0x00, 0x1F, 0xFD, 0x00, 0x00, 0x7F, 0xD0, 0x00,
    0x03, 0xFD, 0xD0, 0x00, 0x7F, 0xCF, 0xE5, 0x6F, 0xFC, 0xFF, 0xFF, 0xFF, 0x4F, 0xFF, 0xFF, 0xD0,
    0x1B, 0xFF, 0x90, 0x00, 0xFF, 0x7F, 0xDF, 0xF7, 0xFD, 0xFF, 0x7F, 0xDF, 0xF7, 0xFD, 0xFF, 0x7F,
    0xDF, 0xF7, 0xFD, 0xFF, 0x7F, 0xDF, 0xF7, 0xFD, 0xFF, 0x7F, 0xDF, 0xF7, 0xFD, 0xFF, 0x40, 0x7D,
    0x1F, 0x7F, 0xCF, 0xFF, 0xF3, 0xFD, 0xF4, 0x7D, 0x00, 0x00, 0x00, 0x00, 0x00, 0xFF, 0x40, 0x3F,
    0xD0, 0x0F, 0xF4, 0x03, 0xFD, 0x00, 0xFF, 0x40, 0x3F, 0xD0, 0x0F, 0xF4, 0x03, 0xFD, 0x00, 0xFF,
    0x40, 0x3F, 0xD0, 0x0F, 0xF4, 0x03, 0xFD, 0x00, 0xFF, 0x40, 0x3F, 0xD0, 0x0F, 0xF4, 0x03, 0xFD,
    0x00, 0xFF, 0x40, 0x3F, 0xD0, 0x0F, 0xF4, 0x03, 0xFD, 0x00, 0xFF, 0x40, 0x00, 0x3F, 0xD0, 0x03,
    0xFD, 0x00, 0x3F, 0xD0, 0x03, 0xFD, 0x00, 0x3F, 0xD0, 0x03, 0xFD, 0x00, 0x3F, 0xD0, 0x03, 0xFD,
    0x00, 0x3F, 0xD0, 0x03, 0xFD, 0x00, 0x3F, 0xD0, 0x03, 0xFD, 0x00, 0x3F, 0xD0, 0x03, 0xFD, 0x00,
    0x3F, 0xD0, 0x03, 0xFD, 0x00, 0x3F, 0xD0, 0x03, 0xFD, 0x00, 0x3F, 0xD0, 0x03, 0xFD, 0x00, 0x3F,
    0xD0, 0x07, 0xFC, 0x01, 0xFF, 0xCF, 0xFF, 0xF4, 0xFF, 0xFE, 0x0F, 0xFF, 0x40, 0x04, 0x00, 0x00,
    0x00, 0x3F, 0xFF, 0xFF, 0xFC, 0x00, 0x00, 0x00, 0x0F, 0xFF, 0xFF, 0xFF, 0x00, 0x00, 0x00, 0x03,
    0xFF, 0xFF, 0xFF, 0xC0, 0x00, 0x00, 0x00, 0xFF, 0x95, 0x6F, 0xF0, 0x00, 0x00, 0x00, 0x3F, 0xD0,
    0x07, 0xFC, 0x00, 0x00, 0x00, 0x0F, 0xF4, 0x01, 0xFF, 0x00, 0x00, 0x00, 0x03, 0xFD, 0x00, 0x7F,
    0xC0, 0x00, 0x00, 0x00, 0xFF, 0x40, 0x1F, 0xF5, 0x40, 0x00, 0x00, 0x3F, 0xD0, 0x07, 0xFF, 0xFF,
    0xE0, 0x00, 0x0F, 0xF4, 0x01, 0xFF, 0xFF, 0xFF, 0x00, 0x03, 0xFD, 0x00, 0x7F, 0xFF, 0xFF, 0xF0,
    0x00, 0xFF, 0x40, 0x1F, 0xF0, 0x0B, 0xFE, 0x00, 0x7F, 0xD0, 0x07, 0xFC, 0x00, 0xFF, 0xC0, 0x1F,
    0xF4, 0x01, 0xFF, 0x00, 0x2F, 0xF0, 0x0B, 0xFD, 0x00, 0x7F, 0xC0, 0x07, 0xFC, 0x02, 0xFF, 0x00,
    0x1F, 0xF0, 0x02, 0xFF, 0x00, 0xFF, 0xC0, 0x07, 0xFC, 0x00, 0xFF, 0x85, 0xFF, 0xE0, 0x01, 0xFF,
    0x56, 0xFF, 0xDB, 0xFF, 0xF0, 0x00, 0x7F, 0xFF, 0xFF, 0xF2, 0xFF, 0xF4, 0x00, 0x1F, 0xFF, 0xFF,
    0xE0, 0xBF, 0xE4, 0x00, 0x07, 0xFF, 0xFF, 0x80, 0x00, 0xFF, 0x40, 0x00, 0xFF, 0x40, 0x00, 0x03,
    0xFD, 0x00, 0x03, 0xFD, 0x00, 0x00, 0x0F, 0xF4, 0x00, 0x0F, 0xF4, 0x00, 0x00, 0x3F, 0xD0, 0x00,
    0x3F, 0xD0, 0x00, 0x00, 0xFF, 0x40, 0x00, 0xFF, 0x40, 0x00, 0x03, 0xFD, 0x00, 0x03, 0xFD, 0x00,
    0x00, 0x0F, 0xF4, 0x00, 0x0F, 0xF4, 0x00, 0x00, 0x3F, 0xD0, 0x00, 0x3F, 0xD0, 0x00, 0x00, 0xFF,
    0xFF, 0xFF, 0xFF, 0xFF, 0xF8, 0x03, 0xFF, 0xFF, 0xFF, 0xFF, 0xFF, 0xFE, 0x0F, 0xFF, 0xFF, 0xFF,
    0xFF, 0xFF, 0xFE, 0x3F, 0xE5, 0x55, 0x7F, 0xE5, 0x6F, 0xFD, 0xFF, 0x40, 0x00, 0xFF, 0x40, 0x0F,
    0xFB, 0xFD, 0x00, 0x03, 0xFD, 0x00, 0x2F, 0xFF, 0xF4, 0x00, 0x0F, 0xF4, 0x00, 0x7F, 0xFF, 0xD0,
    0x00, 0x3F, 0xD0, 0x02, 0xFF, 0xFF, 0x40, 0x00, 0xFF, 0x40, 0x0F, 0xFB, 0xFD, 0x00, 0x03, 0xFE,
    0x56, 0xFF, 0xDF, 0xF4, 0x00, 0x0F, 0xFF, 0xFF, 0xFE, 0x3F, 0xD0, 0x00, 0x3F, 0xFF, 0xFF, 0xE0,
    0xFF, 0x40, 0x00, 0xFF, 0xFF, 0xF8, 0x00, 0xFF, 0xFF, 0xFF, 0xFC, 0x00, 0xFF, 0xFF, 0xFF, 0xFC,
    0x00, 0xFF, 0xFF, 0xFF, 0xFC, 0x00, 0x55, 0x7F, 0xE5, 0x54, 0x00, 0x00, 0x3F, 0xD0, 0x00, 0x00,
    0x00, 0x3F, 0xD0, 0x00, 0x00, 0x00, 0x3F, 0xD0, 0x00, 0x00, 0x00, 0x3F, 0xD0, 0x00, 0x00, 0x00,
    0x3F, 0xD0, 0x10, 0x00, 0x00, 0x3F, 0xFF, 0xFF, 0xD0, 0x00, 0x3F, 0xFF, 0xFF, 0xF8, 0x00, 0x3F,
    0xFF, 0xFF, 0xFD, 0x00, 0x3F, 0xE4, 0x0B, 0xFE, 0x00, 0x3F, 0xD0, 0x02, 0xFF, 0x00, 0x3F, 0xD0,
    0x01, 0xFF, 0x00, 0x3F, 0xD0, 0x01, 0xFF, 0x00, 0x3F, 0xD0, 0x01, 0xFF, 0x00, 0x3F, 0xD0, 0x01,
    0xFF, 0x00, 0x3F, 0xD0, 0x01, 0xFF, 0x00, 0x3F, 0xD0, 0x01, 0xFF, 0x00, 0x3F, 0xD0, 0x01, 0xFF,
    0x00, 0x00, 0xFF, 0x80, 0x00, 0x00, 0x3F, 0xE0, 0x00, 0x00, 0x07, 0xF4, 0x00, 0x00, 0x00, 0xFD,
    0x00, 0x00, 0x00, 0x0A, 0x00, 0x00, 0x00, 0x00, 0x00, 0x00, 0x00, 0xFF, 0x40, 0x01, 0xFF, 0x0F,
    0xF4, 0x00, 0x3F, 0xE0, 0xFF, 0x40, 0x0B, 0xFC, 0x0F, 0xF4, 0x01, 0xFF, 0x00, 0xFF, 0x40, 0x3F,
    0xE0, 0x0F, 0xF4, 0x0B, 0xFC, 0x00, 0xFF, 0x40, 0xFF, 0x40, 0x0F, 0xF4, 0x3F, 0xE0, 0x00, 0xFF,
    0x9B, 0xFC, 0x00, 0x0F, 0xFF, 0xFF, 0x40, 0x00, 0xFF, 0xFF, 0xF0, 0x00, 0x0F, 0xFF, 0xFF, 0x80,
    0x00, 0xFF, 0x47, 0xFD, 0x00, 0x0F, 0xF4, 0x2F, 0xF0, 0x00, 0xFF, 0x40, 0xFF, 0xC0, 0x0F, 0xF4,
    0x07, 0xFD, 0x00, 0xFF, 0x40, 0x2F, 0xF0, 0x0F, 0xF4, 0x00, 0xFF, 0xC0, 0xFF, 0x40, 0x07, 0xFE,
    0x0F, 0xF4, 0x00, 0x3F, 0xF0, 0xFF, 0x40, 0x00, 0xFF, 0xC0, 0x00, 0x7F, 0xE0, 0x00, 0x00, 0x01,
    0xFF, 0x40, 0x00, 0x00, 0x03, 0xFC, 0x00, 0x00, 0x00, 0x0B, 0xF0, 0x00, 0x00, 0x00, 0x1A, 0x00,
    0x00, 0x00, 0x00, 0x00, 0x00, 0xFF, 0x40, 0x00, 0xFF, 0xFF, 0xF4, 0x00, 0x1F, 0xFF, 0xFF, 0x40,
    0x03, 0xFF, 0xFF, 0xF4, 0x00, 0x7F, 0xFF, 0xFF, 0x40, 0x0F, 0xFF, 0xFF, 0xF4, 0x01, 0xFF, 0xFF,
    0xFF, 0x40, 0x3F, 0xEF, 0xFF, 0xF4, 0x07, 0xF9, 0xFF, 0xFF, 0x40, 0xFF, 0x1F, 0xFF, 0xF4, 0x2F,
    0xE1, 0xFF, 0xFF, 0x43, 0xFC, 0x1F, 0xFF, 0xF4, 0xBF, 0x41, 0xFF, 0xFF, 0x4F, 0xF0, 0x1F, 0xFF,
    0xF6, 0xFD, 0x01, 0xFF, 0xFF, 0xBF, 0xC0, 0x1F, 0xFF, 0xFF, 0xF4, 0x01, 0xFF, 0xFF, 0xFF, 0x00,
    0x1F, 0xFF, 0xFF, 0xD0, 0x01, 0xFF, 0xFF, 0xFC, 0x00, 0x1F, 0xFF, 0xFF, 0x40, 0x01, 0xFF, 0xFF,
    0xF0, 0x00, 0x1F, 0xF0, 0x00, 0xBF, 0x00, 0xFE, 0x00, 0x01, 0xFE, 0x0B, 0xF4, 0x00, 0x03, 0xFF,
    0xFF, 0xC0, 0x00, 0x02, 0xFF, 0xF8, 0x00, 0x00, 0x00, 0x55, 0x00, 0x00, 0x00, 0x00, 0x00, 0x00,
    0x07, 0xFD, 0x00, 0x00, 0xBF, 0x8F, 0xF8, 0x00, 0x03, 0xFD, 0x2F, 0xF0, 0x00, 0x1F, 0xF0, 0x3F,
    0xE0, 0x00, 0xFF, 0x40, 0xBF, 0xC0, 0x03, 0xFC, 0x00, 0xFF, 0x40, 0x2F, 0xE0, 0x02, 0xFE, 0x00,
    0xFF, 0x00, 0x03, 0xFC, 0x07, 0xF8, 0x00, 0x0F, 0xF4, 0x2F, 0xD0, 0x00, 0x1F, 0xF0, 0xFF, 0x00,
    0x00, 0x3F, 0xD7, 0xF4, 0x00, 0x00, 0x7F, 0xBF, 0xC0, 0x00, 0x00, 0xFF, 0xFE, 0x00, 0x00, 0x01,
    0xFF, 0xF0, 0x00, 0x00, 0x03, 0xFF, 0x80, 0x00, 0x00, 0x0B, 0xFD, 0x00, 0x00, 0x00, 0x3F, 0xE0,
    0x00, 0x01, 0x57, 0xFF, 0x00, 0x00, 0x0F, 0xFF, 0xF4, 0x00, 0x00, 0x3F, 0xFF, 0x40, 0x00, 0x00,
    0xFF, 0xE0, 0x00, 0x00, 0x00, 0xFF, 0x40, 0x00, 0x7F, 0xFF, 0xD0, 0x00, 0x1F, 0xFF, 0xF4, 0x00,
    0x07, 0xFF, 0xFD, 0x00, 0x01, 0xFF, 0xFF, 0x40, 0x00, 0x7F, 0xFF, 0xD0, 0x00, 0x1F, 0xFF, 0xF4,
    0x00, 0x07, 0xFF, 0xFD, 0x00, 0x01, 0xFF, 0xFF, 0x40, 0x00, 0x7F, 0xFF, 0xD0, 0x00, 0x1F, 0xFF,
    0xF4, 0x00, 0x07, 0xFF, 0xFD, 0x00, 0x01, 0xFF, 0xFF, 0x40, 0x00, 0x7F, 0xFF, 0xD0, 0x00, 0x1F,
    0xFF, 0xF4, 0x00, 0x07, 0xFF, 0xFD, 0x00, 0x01, 0xFF, 0xFF, 0x40, 0x00, 0x7F, 0xFF, 0xE5, 0x55,
    0x6F, 0xFF, 0xFF, 0xFF, 0xFF, 0xFF, 0xFF, 0xFF, 0xFF, 0xFF, 0xFF, 0xFF, 0xFF, 0xFF, 0xC0, 0x01,
    0xFF, 0x00, 0x00, 0x00, 0x7F, 0xC0, 0x00, 0x00, 0x1F, 0xF0, 0x00, 0x00, 0x07, 0xFC, 0x00, 0x00,
    0x00, 0xAA, 0x00, 0x00, 0x00, 0x03, 0xFF, 0xC0, 0x00, 0x00, 0x00, 0xFF, 0xF4, 0x00, 0x00, 0x00,
    0xBF, 0xFE, 0x00, 0x00, 0x00, 0x3F, 0xFF, 0xC0, 0x00, 0x00, 0x0F, 0xFB, 0xF4, 0x00, 0x00, 0x0B,
    0xF9, 0xFE, 0x00, 0x00, 0x03, 0xFD, 0x3F, 0xC0, 0x00, 0x01, 0xFF, 0x0F, 0xF4, 0x00, 0x00, 0xBF,
    0xC2, 0xFF, 0x00, 0x00, 0x3F, 0xD0, 0x3F, 0xC0, 0x00, 0x1F, 0xF0, 0x0F, 0xF8, 0x00, 0x0B, 0xFC,
    0x02, 0xFF, 0x00, 0x03, 0xFE, 0x55, 0xBF, 0xC0, 0x01, 0xFF, 0xFF, 0xFF, 0xF8, 0x00, 0xBF, 0xFF,
    0xFF, 0xFF, 0x00, 0x3F, 0xFF, 0xFF, 0xFF, 0xD0, 0x1F, 0xF4, 0x00, 0x0F, 0xF8, 0x0F, 0xFC, 0x00,
    0x03, 0xFF, 0x03, 0xFE, 0x00, 0x00, 0x7F, 0xD1, 0xFF, 0x40, 0x00, 0x0F, 0xF8, 0xFF, 0xC0, 0x00,
    0x03, 0xFF, 0x00, 0xFF, 0xFF, 0xFF, 0xE3, 0xFF, 0xFF, 0xFF, 0x8F, 0xFF, 0xFF, 0xFE, 0x3F, 0xE5,
    0x55, 0x50, 0xFF, 0x40, 0x00, 0x03, 0xFD, 0x00, 0x00, 0x0F, 0xF4, 0x00, 0x00, 0x3F, 0xD0, 0x00,
    0x00, 0xFF, 0x95, 0x00, 0x03, 0xFF, 0xFF, 0xF8, 0x0F, 0xFF, 0xFF, 0xFD, 0x3F, 0xFF, 0xFF, 0xFC,
    0xFF, 0x40, 0x2F, 0xFB, 0xFD, 0x00, 0x2F, 0xFF, 0xF4, 0x00, 0x7F, 0xFF, 0xD0, 0x02, 0xFF, 0xFF,
    0x40, 0x0F, 0xFF, 0xFE, 0x55, 0xFF, 0xDF, 0xFF, 0xFF, 0xFF, 0x3F, 0xFF, 0xFF, 0xE0, 0xFF, 0xFF,
    0xF8, 0x00, 0xFF, 0xFF, 0xF9, 0x00, 0xFF, 0xFF, 0xFF, 0xD0, 0xFF, 0xFF, 0xFF, 0xF0, 0xFF, 0x95,
    0x7F, 0xF8, 0xFF, 0x40, 0x0F, 0xFC, 0xFF, 0x40, 0x07, 0xFC, 0xFF, 0x40, 0x0B, 0xFC, 0xFF, 0x40,
    0x0F, 0xF8, 0xFF, 0x95, 0x7F, 0xF0, 0xFF, 0xFF, 0xFF, 0xC0, 0xFF, 0xFF, 0xFF, 0x40, 0xFF, 0xFF,
    0xFF, 0xF0, 0xFF, 0x40, 0x1F, 0xFC, 0xFF, 0x40, 0x07, 0xFD, 0xFF, 0x40, 0x03, 0xFD, 0xFF, 0x40,
    0x03, 0xFD, 0xFF, 0x40, 0x0B, 0xFD, 0xFF, 0x95, 0x6F, 0xFC, 0xFF, 0xFF, 0xFF, 0xF4, 0xFF, 0xFF,
    0xFF, 0xD0, 0xFF, 0xFF, 0xF9, 0x00, 0xFF, 0xFF, 0xFF, 0xFF, 0xFF, 0xFF, 0xFF, 0xFF, 0xFF, 0xFF,
    0xFE, 0x55, 0x55, 0xFF, 0x40, 0x00, 0x3F, 0xD0, 0x00, 0x0F, 0xF4, 0x00, 0x03, 0xFD, 0x00, 0x00,
    0xFF, 0x40, 0x00, 0x3F, 0xD0, 0x00, 0x0F, 0xF4, 0x00, 0x03, 0xFD, 0x00, 0x00, 0xFF, 0x40, 0x00,
    0x3F, 0xD0, 0x00, 0x0F, 0xF4, 0x00, 0x03, 0xFD, 0x00, 0x00, 0xFF, 0x40, 0x00, 0x3F, 0xD0, 0x00,
    0x0F, 0xF4, 0x00, 0x03, 0xFD, 0x00, 0x00, 0xFF, 0x40, 0x00, 0x00, 0x00, 0x7F, 0xFF, 0xFF, 0xFD,
    0x00, 0x07, 0xFF, 0xFF, 0xFF, 0xD0, 0x00, 0x7F, 0xFF, 0xFF, 0xFD, 0x00, 0x07, 0xFD, 0x55, 0x7F,
    0xD0, 0x00, 0x7F, 0xC0, 0x03, 0xFD, 0x00, 0x07, 0xFC, 0x00, 0x3F, 0xD0, 0x00, 0x7F, 0xC0, 0x03,
    0xFD, 0x00, 0x07, 0xFC, 0x00, 0x3F, 0xD0, 0x00, 0x7F, 0xC0, 0x03, 0xFD, 0x00, 0x07, 0xFC, 0x00,
    0x3F, 0xD0, 0x00, 0xBF, 0xC0, 0x03, 0xFD, 0x00, 0x0B, 0xFC, 0x00, 0x3F, 0xD0, 0x00, 0xBF, 0x80,
    0x03, 0xFD, 0x00, 0x0F, 0xF4, 0x00, 0x3F, 0xD0, 0x00, 0xFF, 0x00, 0x03, 0xFD, 0x00, 0x1F, 0xF0,
    0x00, 0x3F, 0xD0, 0x03, 0xFD, 0x00, 0x03, 0xFD, 0x05, 0xBF, 0xD5, 0x55, 0x7F, 0xE5, 0xFF, 0xFF,
    0xFF, 0xFF, 0xFF, 0xFF, 0xFF, 0xFF, 0xFF, 0xFF, 0xFF, 0xFF, 0xFF, 0xFF, 0xFF, 0xFF, 0xFF, 0xF4,
    0x00, 0x00, 0x01, 0xFF, 0xFF, 0x40, 0x00, 0x00, 0x1F, 0xFF, 0xF4, 0x00, 0x00, 0x01, 0xFF, 0xFF,
    0x40, 0x00, 0x00, 0x1F, 0xFA, 0xA4, 0x00, 0x00, 0x01, 0xAA, 0xFF, 0xFF, 0xFF, 0xBF, 0xFF, 0xFF,
    0xEF, 0xFF, 0xFF, 0xFB, 0xFE, 0x55, 0x54, 0xFF, 0x40, 0x00, 0x3F, 0xD0, 0x00, 0x0F, 0xF4, 0x00,
    0x03, 0xFD, 0x00, 0x00, 0xFF, 0x95, 0x55, 0x3F, 0xFF, 0xFF, 0xCF, 0xFF, 0xFF, 0xF3, 0xFF, 0xFF,
    0xFC, 0xFF, 0x40, 0x00, 0x3F, 0xD0, 0x00, 0x0F, 0xF4, 0x00, 0x03, 0xFD, 0x00, 0x00, 0xFF, 0x40,
    0x00, 0x3F, 0xE5, 0x55, 0x4F, 0xFF, 0xFF, 0xFB, 0xFF, 0xFF, 0xFE, 0xFF, 0xFF, 0xFF, 0x80, 0x3F,
    0xE0, 0x00, 0xFF, 0x40, 0x03, 0xFD, 0x07, 0xFC, 0x00, 0x3F, 0xD0, 0x02, 0xFF, 0x00, 0xBF, 0xC0,
    0x0F, 0xF4, 0x01, 0xFF, 0x00, 0x0F, 0xF4, 0x03, 0xFD, 0x00, 0xFF, 0x80, 0x01, 0xFF, 0x00, 0xFF,
    0x40, 0xBF, 0xC0, 0x00, 0x3F, 0xE0, 0x3F, 0xD0, 0x3F, 0xD0, 0x00, 0x03, 0xFD, 0x0F, 0xF4, 0x2F,
    0xE0, 0x00, 0x00, 0xBF, 0xC3, 0xFD, 0x1F, 0xF0, 0x00, 0x00, 0x0F, 0xF9, 0xFF, 0x9F, 0xF4, 0x00,
    0x00, 0x01, 0xFF, 0xFF, 0xFF, 0xF8, 0x00, 0x00, 0x00, 0x3F, 0xFF, 0xFF, 0xFE, 0x00, 0x00, 0x00,
    0x2F, 0xFF, 0xFF, 0xFF, 0xC0, 0x00, 0x00, 0x1F, 0xF4, 0xFF, 0x4F, 0xFC, 0x00, 0x00, 0x0F, 0xFC,
    0x3F, 0xD0, 0xFF, 0x40, 0x00, 0x0B, 0xFC, 0x0F, 0xF4, 0x2F, 0xF0, 0x00, 0x07, 0xFE, 0x03, 0xFD,
    0x03, 0xFF, 0x00, 0x03, 0xFF, 0x00, 0xFF, 0x40, 0x7F, 0xD0, 0x02, 0xFF, 0x40, 0x3F, 0xD0, 0x0F,
    0xFC, 0x01, 0xFF, 0x80, 0x0F, 0xF4, 0x00, 0xFF, 0xC0, 0xFF, 0xC0, 0x03, 0xFD, 0x00, 0x2F, 0xF4,
    0xBF, 0xD0, 0x00, 0xFF, 0x40, 0x03, 0xFF, 0x00, 0x06, 0xFF, 0xF8, 0x01, 0xFF, 0xFF, 0xFE, 0x03,
    0xFF, 0xFF, 0xFE, 0x0F, 0xE5, 0x6F, 0xFC, 0x00, 0x00, 0x1F, 0xF4, 0x00, 0x00, 0x3F, 0xD0, 0x00,
    0x00, 0xFF, 0x40, 0x00, 0x0B, 0xFC, 0x01, 0x55, 0xFF, 0xD0, 0x0F, 0xFF, 0xF8, 0x00, 0x3F, 0xFF,
    0xE0, 0x00, 0xFF, 0xFF, 0xF4, 0x00, 0x00, 0x7F, 0xF4, 0x00, 0x00, 0x3F, 0xF0, 0x00, 0x00, 0x7F,
    0xC0, 0x00, 0x02, 0xFF, 0x00, 0x00, 0x0F, 0xFE, 0xF9, 0x56, 0xFF, 0xDB, 0xFF, 0xFF, 0xFE, 0x2F,
    0xFF, 0xFF, 0xE0, 0x1B, 0xFF, 0xE4, 0x00, 0xFF, 0x40, 0x00, 0xFF, 0xFF, 0xF4, 0x00, 0x1F, 0xFF,
    0xFF, 0x40, 0x03, 0xFF, 0xFF, 0xF4, 0x00, 0x7F, 0xFF, 0xFF, 0x40, 0x0F, 0xFF, 0xFF, 0xF4, 0x01,
    0xFF, 0xFF, 0xFF, 0x40, 0x3F, 0xEF, 0xFF, 0xF4, 0x07, 0xF9, 0xFF, 0xFF, 0x40, 0xFF, 0x1F, 0xFF,
    0xF4, 0x2F, 0xE1, 0xFF, 0xFF, 0x43, 0xFC, 0x1F, 0xFF, 0xF4, 0xBF, 0x41, 0xFF, 0xFF, 0x4F, 0xF0,
    0x1F, 0xFF, 0xF6, 0xFD, 0x01, 0xFF, 0xFF, 0xBF, 0xC0, 0x1F, 0xFF, 0xFF, 0xF4, 0x01, 0xFF, 0xFF,
    0xFF, 0x00, 0x1F, 0xFF, 0xFF, 0xD0, 0x01, 0xFF, 0xFF, 0xFC, 0x00, 0x1F, 0xFF, 0xFF, 0x40, 0x01,
    0xFF, 0xFF, 0xF0, 0x00, 0x1F, 0xF0, 0x03, 0xFC, 0x03, 0xFC, 0x00, 0x1F, 0xE0, 0xBF, 0x80, 0x00,
    0xFF, 0xFF, 0xF0, 0x00, 0x02, 0xFF, 0xFC, 0x00, 0x00, 0x01, 0x54, 0x00, 0x00, 0x00, 0x00, 0x00,
    0x00, 0xFF, 0x40, 0x00, 0xFF, 0xFF, 0xF4, 0x00, 0x1F, 0xFF, 0xFF, 0x40, 0x03, 0xFF, 0xFF, 0xF4,
    0x00, 0x7F, 0xFF, 0xFF, 0x40, 0x0F, 0xFF, 0xFF, 0xF4, 0x01, 0xFF, 0xFF, 0xFF, 0x40, 0x3F, 0xEF,
    0xFF, 0xF4, 0x07, 0xF9, 0xFF, 0xFF, 0x40, 0xFF, 0x1F, 0xFF, 0xF4, 0x2F, 0xE1, 0xFF, 0xFF, 0x43,
    0xFC, 0x1F, 0xFF, 0xF4, 0xBF, 0x41, 0xFF, 0xFF, 0x4F, 0xF0, 0x1F, 0xFF, 0xF6, 0xFD, 0x01, 0xFF,
    0xFF, 0xBF, 0xC0, 0x1F, 0xFF, 0xFF, 0xF4, 0x01, 0xFF, 0xFF, 0xFF, 0x00, 0x1F, 0xFF, 0xFF, 0xD0,
    0x01, 0xFF, 0xFF, 0xFC, 0x00, 0x1F, 0xFF, 0xFF, 0x40, 0x01, 0xFF, 0xFF, 0xF0, 0x00, 0x1F, 0xF0,
    0xFF, 0x40, 0x01, 0xFF, 0x0F, 0xF4, 0x00, 0x3F, 0xE0, 0xFF, 0x40, 0x0B, 0xFC, 0x0F, 0xF4, 0x01,
    0xFF, 0x00, 0xFF, 0x40, 0x3F, 0xE0, 0x0F, 0xF4, 0x0B, 0xFC, 0x00, 0xFF, 0x40, 0xFF, 0x40, 0x0F,
    0xF4, 0x3F, 0xE0, 0x00, 0xFF, 0x9B, 0xFC, 0x00, 0x0F, 0xFF, 0xFF, 0x40, 0x00, 0xFF, 0xFF, 0xF0,
    0x00, 0x0F, 0xFF, 0xFF, 0x80, 0x00, 0xFF, 0x47, 0xFD, 0x00, 0x0F, 0xF4, 0x2F, 0xF0, 0x00, 0xFF,
    0x40, 0xFF, 0xC0, 0x0F, 0xF4, 0x07, 0xFD, 0x00, 0xFF, 0x40, 0x2F, 0xF0, 0x0F, 0xF4, 0x00, 0xFF,
    0xC0, 0xFF, 0x40, 0x07, 0xFE, 0x0F, 0xF4, 0x00, 0x3F, 0xF0, 0xFF, 0x40, 0x00, 0xFF, 0xC0, 0x00,
    0x3F, 0xFF, 0xFF, 0xFD, 0x00, 0x3F, 0xFF, 0xFF, 0xFD, 0x00, 0x3F, 0xFF, 0xFF, 0xFD, 0x00, 0x3F,
    0xE5, 0x57, 0xFD, 0x00, 0x3F, 0xD0, 0x03, 0xFD, 0x00, 0x3F, 0xD0, 0x03, 0xFD, 0x00, 0x3F, 0xD0,
    0x03, 0xFD, 0x00, 0x3F, 0xD0, 0x03, 0xFD, 0x00, 0x3F, 0xD0, 0x03, 0xFD, 0x00, 0x3F, 0xD0, 0x03,
    0xFD, 0x00, 0x3F, 0xD0, 0x03, 0xFD, 0x00, 0x3F, 0xD0, 0x03, 0xFD, 0x00, 0x3F, 0xD0, 0x03, 0xFD,
    0x00, 0x7F, 0xC0, 0x03, 0xFD, 0x00, 0xBF, 0xC0, 0x03, 0xFD, 0x00, 0xBF, 0xC0, 0x03, 0xFD, 0x00,
    0xFF, 0x80, 0x03, 0xFD, 0x17, 0xFF, 0x40, 0x03, 0xFD, 0xBF, 0xFF, 0x00, 0x03, 0xFD, 0xBF, 0xFD,
    0x00, 0x03, 0xFD, 0x7F, 0xE0, 0x00, 0x03, 0xFD, 0xFF, 0xF8, 0x00, 0x00, 0xFF, 0xF7, 0xFF, 0xF0,
    0x00, 0x07, 0xFF, 0xDF, 0xFF, 0xC0, 0x00, 0x2F, 0xFF, 0x7F, 0xFF, 0x80, 0x00, 0xFF, 0xFD, 0xFF,
    0xFF, 0x00, 0x03, 0xFF, 0xF7, 0xFF, 0xFC, 0x00, 0x2F, 0xBF, 0xDF, 0xF7, 0xF4, 0x00, 0xFD, 0xFF,
    0x7F, 0xDB, 0xE0, 0x03, 0xF3, 0xFD, 0xFF, 0x5F, 0xC0, 0x1F, 0x8F, 0xF7, 0xFD, 0x3F, 0x00, 0xFD,
    0x3F, 0xDF, 0xF4, 0xFE, 0x03, 0xF0, 0xFF, 0x7F, 0xD2, 0xFC, 0x1F, 0xC3, 0xFD, 0xFF, 0x47, 0xF0,
    0xBE, 0x0F, 0xF7, 0xFD, 0x0F, 0xD3, 0xF0, 0x3F, 0xDF, 0xF4, 0x2F, 0x9F, 0xC0, 0xFF, 0x7F, 0xD0,
    0x7F, 0xBE, 0x03, 0xFD, 0xFF, 0x40, 0xFF, 0xF4, 0x0F, 0xF7, 0xFD, 0x03, 0xFF, 0xC0, 0x3F, 0xDF,
    0xF4, 0x0B, 0xFE, 0x00, 0xFF, 0x7F, 0xD0, 0x1F, 0xF4, 0x03, 0xFD, 0xFF, 0x40, 0x3F, 0xC0, 0x0F,
    0xF4, 0xFF, 0x40, 0x00, 0x3F, 0xDF, 0xF4, 0x00, 0x03, 0xFD, 0xFF, 0x40, 0x00, 0x3F, 0xDF, 0xF4,
    0x00, 0x03, 0xFD, 0xFF, 0x40, 0x00, 0x3F, 0xDF, 0xF4, 0x00, 0x03, 0xFD, 0xFF, 0x40, 0x00, 0x3F,
    0xDF, 0xF4, 0x00, 0x03, 0xFD, 0xFF, 0x95, 0x55, 0x7F, 0xDF, 0xFF, 0xFF, 0xFF, 0xFD, 0xFF, 0xFF,
    0xFF, 0xFF, 0xDF, 0xFF, 0xFF, 0xFF, 0xFD, 0xFF, 0x40, 0x00, 0x3F, 0xDF, 0xF4, 0x00, 0x03, 0xFD,
    0xFF, 0x40, 0x00, 0x3F, 0xDF, 0xF4, 0x00, 0x03, 0xFD, 0xFF, 0x40, 0x00, 0x3F, 0xDF, 0xF4, 0x00,
    0x03, 0xFD, 0xFF, 0x40, 0x00, 0x3F, 0xDF, 0xF4, 0x00, 0x03, 0xFD, 0xFF, 0x40, 0x00, 0x3F, 0xD0,
    0x00, 0x0B, 0xFF, 0x90, 0x00, 0x00, 0xFF, 0xFF, 0xFD, 0x00, 0x07, 0xFF, 0xFF, 0xFF, 0x80, 0x0F,
    0xFF, 0x56, 0xFF, 0xE0, 0x2F, 0xF4, 0x00, 0x3F, 0xF0, 0x3F, 0xE0, 0x00, 0x0F, 0xF8, 0x7F, 0xC0,
    0x00, 0x0B, 0xFC, 0xBF, 0xC0, 0x00, 0x07, 0xFC, 0xFF, 0x80, 0x00, 0x03, 0xFD, 0xFF, 0x40, 0x00,
    0x03, 0xFD, 0xFF, 0x40, 0x00, 0x03, 0xFD, 0xFF, 0x40, 0x00, 0x03, 0xFD, 0xFF, 0x80, 0x00, 0x03,
    0xFD, 0xBF, 0xC0, 0x00, 0x07, 0xFC, 0x7F, 0xC0, 0x00, 0x0B, 0xFC, 0x3F, 0xE0, 0x00, 0x0F, 0xF8,
    0x2F, 0xF4, 0x00, 0x3F, 0xF0, 0x0F, 0xFF, 0x56, 0xFF, 0xD0, 0x03, 0xFF, 0xFF, 0xFF, 0x80, 0x00,
    0xFF, 0xFF, 0xFD, 0x00, 0x00, 0x0B, 0xFF, 0x90, 0x00, 0xFF, 0xFF, 0xFF, 0xFF, 0xFF, 0xFF, 0xFF,
    0xFF, 0xFF, 0xFF, 0xFF, 0xFF, 0xFF, 0xFE, 0x55, 0x56, 0xFF, 0xFF, 0x40, 0x00, 0x7F, 0xFF, 0xD0,
    0x00, 0x1F, 0xFF, 0xF4, 0x00, 0x07, 0xFF, 0xFD, 0x00, 0x01, 0xFF, 0xFF, 0x40, 0x00, 0x7F, 0xFF,
    0xD0, 0x00, 0x1F, 0xFF, 0xF4, 0x00, 0x07, 0xFF, 0xFD, 0x00, 0x01, 0xFF, 0xFF, 0x40, 0x00, 0x7F,
    0xFF, 0xD0, 0x00, 0x1F, 0xFF, 0xF4, 0x00, 0x07, 0xFF, 0xFD, 0x00, 0x01, 0xFF, 0xFF, 0x40, 0x00,
    0x7F, 0xFF, 0xD0, 0x00, 0x1F, 0xFF, 0xF4, 0x00, 0x07, 0xFF, 0xFD, 0x00, 0x01, 0xFF, 0xFF, 0x40,
    0x00, 0x7F, 0xC0, 0xFF, 0xFF, 0xE4, 0x03, 0xFF, 0xFF, 0xFD, 0x0F, 0xFF, 0xFF, 0xFC, 0x3F, 0xE5,
    0x7F, 0xFC, 0xFF, 0x40, 0x2F, 0xF3, 0xFD, 0x00, 0x3F, 0xDF, 0xF4, 0x00, 0xFF, 0x7F, 0xD0, 0x03,
    0xFD, 0xFF, 0x40, 0x0F, 0xF7, 0xFD, 0x00, 0xBF, 0xCF, 0xF9, 0x5F, 0xFE, 0x3F, 0xFF, 0xFF, 0xF0,
    0xFF, 0xFF, 0xFE, 0x03, 0xFF, 0xFF, 0x90, 0x0F, 0xF4, 0x00, 0x00, 0x3F, 0xD0, 0x00, 0x00, 0xFF,
    0x40, 0x00, 0x03, 0xFD, 0x00, 0x00, 0x0F, 0xF4, 0x00, 0x00, 0x3F, 0xD0, 0x00, 0x00, 0xFF, 0x40,
    0x00, 0x00, 0x00, 0x06, 0xFF, 0xE4, 0x00, 0x2F, 0xFF, 0xFF, 0xC0, 0x3F, 0xFF, 0xFF, 0xE0, 0x3F,
    0xFE, 0x56, 0xF0, 0x2F, 0xF8, 0x00, 0x04, 0x0F, 0xF8, 0x00, 0x00, 0x07, 0xFC, 0x00, 0x00, 0x02,
    0xFF, 0x00, 0x00, 0x00, 0xFF, 0x80, 0x00, 0x00, 0x3F, 0xD0, 0x00, 0x00, 0x0F, 0xF4, 0x00, 0x00,
    0x03, 0xFD, 0x00, 0x00, 0x00, 0xFF, 0x80, 0x00, 0x00, 0x2F, 0xF0, 0x00, 0x00, 0x07, 0xFC, 0x00,
    0x00, 0x00, 0xFF, 0x80, 0x00, 0x00, 0x2F, 0xF8, 0x00, 0x00, 0x03, 0xFF, 0xE5, 0x5B, 0x80, 0x3F,
    0xFF, 0xFF, 0xE0, 0x03, 0xFF, 0xFF, 0xF8, 0x00, 0x0B, 0xFF, 0xE4, 0x00, 0xFF, 0xFF, 0xFF, 0xFF,
    0xFF, 0xFF, 0xFF, 0xFF, 0xFF, 0xFF, 0xFF, 0xFF, 0x55, 0x6F, 0xF5, 0x55, 0x00, 0x1F, 0xF0, 0x00,
    0x00, 0x1F, 0xF0, 0x00, 0x00, 0x1F, 0xF0, 0x00, 0x00, 0x1F, 0xF0, 0x00, 0x00, 0x1F, 0xF0, 0x00,
    0x00, 0x1F, 0xF0, 0x00, 0x00, 0x1F, 0xF0, 0x00, 0x00, 0x1F, 0xF0, 0x00, 0x00, 0x1F, 0xF0, 0x00,
    0x00, 0x1F, 0xF0, 0x00, 0x00, 0x1F, 0xF0, 0x00, 0x00, 0x1F, 0xF0, 0x00, 0x00, 0x1F, 0xF0, 0x00,
    0x00, 0x1F, 0xF0, 0x00, 0x00, 0x1F, 0xF0, 0x00, 0x00, 0x1F, 0xF0, 0x00, 0x00, 0x1F, 0xF0, 0x00,
    0x7F, 0xD0, 0x00, 0x0B, 0xF8, 0xFF, 0x80, 0x00, 0x3F, 0xD2, 0xFF, 0x00, 0x01, 0xFF, 0x03, 0xFE,
    0x00, 0x0F, 0xF4, 0x0B, 0xFC, 0x00, 0x3F, 0xC0, 0x0F, 0xF4, 0x02, 0xFE, 0x00, 0x2F, 0xE0, 0x0F,
    0xF0, 0x00, 0x3F, 0xC0, 0x7F, 0x80, 0x00, 0xFF, 0x42, 0xFD, 0x00, 0x01, 0xFF, 0x0F, 0xF0, 0x00,
    0x03, 0xFD, 0x7F, 0x40, 0x00, 0x07, 0xFB, 0xFC, 0x00, 0x00, 0x0F, 0xFF, 0xE0, 0x00, 0x00, 0x1F,
    0xFF, 0x00, 0x00, 0x00, 0x3F, 0xF8, 0x00, 0x00, 0x00, 0xBF, 0xD0, 0x00, 0x00, 0x03, 0xFE, 0x00,
    0x00, 0x15, 0x7F, 0xF0, 0x00, 0x00, 0xFF, 0xFF, 0x40, 0x00, 0x03, 0xFF, 0xF4, 0x00, 0x00, 0x0F,
    0xFE, 0x00, 0x00, 0x00, 0x00, 0x00, 0x3F, 0xD0, 0x00, 0x00, 0x00, 0x00, 0xFF, 0x40, 0x00, 0x00,
    0x02, 0xFF, 0xFF, 0xF9, 0x00, 0x00, 0xBF, 0xFF, 0xFF, 0xFF, 0x80, 0x0F, 0xFF, 0xFF, 0xFF, 0xFF,
    0xC0, 0xBF, 0xF5, 0xFF, 0x9B, 0xFF, 0x87, 0xFE, 0x03, 0xFD, 0x03, 0xFF, 0x2F, 0xF0, 0x0F, 0xF4,
    0x03, 0xFE, 0xFF, 0x80, 0x3F, 0xD0, 0x0B, 0xFF, 0xFD, 0x00, 0xFF, 0x40, 0x1F, 0xFF, 0xF4, 0x03,
    0xFD, 0x00, 0x7F, 0xFF, 0xE0, 0x0F, 0xF4, 0x02, 0xFF, 0xBF, 0xC0, 0x3F, 0xD0, 0x0F, 0xF9, 0xFF,
    0x40, 0xFF, 0x40, 0xBF, 0xD3, 0xFF, 0x83, 0xFD, 0x1B, 0xFF, 0x07, 0xFF, 0xFF, 0xFF, 0xFF, 0xF0,
    0x07, 0xFF, 0xFF, 0xFF, 0xFF, 0x00, 0x01, 0xFF, 0xFF, 0xFF, 0x90, 0x00, 0x00, 0x07, 0xFE, 0x00,
    0x00, 0x00, 0x00, 0x0F, 0xF4, 0x00, 0x00, 0x00, 0x00, 0x3F, 0xD0, 0x00, 0x00, 0x7F, 0xE0, 0x00,
    0x0F, 0xFC, 0x2F, 0xF0, 0x00, 0x2F, 0xF0, 0x0F, 0xFC, 0x00, 0x3F, 0xE0, 0x07, 0xFD, 0x00, 0xBF,
    0xC0, 0x02, 0xFF, 0x01, 0xFF, 0x40, 0x00, 0xFF, 0x83, 0xFE, 0x00, 0x00, 0x7F, 0xD7, 0xFC, 0x00,
    0x00, 0x3F, 0xFF, 0xF4, 0x00, 0x00, 0x0F, 0xFF, 0xF0, 0x00, 0x00, 0x0B, 0xFF, 0xC0, 0x00, 0x00,
    0x07, 0xFF, 0xC0, 0x00, 0x00, 0x0F, 0xFF, 0xD0, 0x00, 0x00, 0x2F, 0xFF, 0xF0, 0x00, 0x00, 0x3F,
    0xEF, 0xF8, 0x00, 0x00, 0xFF, 0xCB, 0xFD, 0x00, 0x01, 0xFF, 0x03, 0xFF, 0x00, 0x03, 0xFE, 0x01,
    0xFF, 0x80, 0x0F, 0xFC, 0x00, 0xBF, 0xD0, 0x1F, 0xF4, 0x00, 0x3F, 0xF0, 0x3F, 0xE0, 0x00, 0x1F,
    0xF8, 0xBF, 0xC0, 0x00, 0x0B, 0xFD, 0xFF, 0x40, 0x00, 0x7F, 0xC0, 0xFF, 0x40, 0x00, 0x7F, 0xC0,
    0xFF, 0x40, 0x00, 0x7F, 0xC0, 0xFF, 0x40, 0x00, 0x7F, 0xC0, 0xFF, 0x40, 0x00, 0x7F, 0xC0, 0xFF,
    0x40, 0x00, 0x7F, 0xC0, 0xFF, 0x40, 0x00, 0x7F, 0xC0, 0xFF, 0x40, 0x00, 0x7F, 0xC0, 0xFF, 0x40,
    0x00, 0x7F, 0xC0, 0xFF, 0x40, 0x00, 0x7F, 0xC0, 0xFF, 0x40, 0x00, 0x7F, 0xC0, 0xFF, 0x40, 0x00,
    0x7F, 0xC0, 0xFF, 0x40, 0x00, 0x7F, 0xC0, 0xFF, 0x40, 0x00, 0x7F, 0xC0, 0xFF, 0x40, 0x00, 0x7F,
    0xC0, 0xFF, 0x40, 0x00, 0x7F, 0xC0, 0xFF, 0x40, 0x00, 0x7F, 0xC0, 0xFF, 0x95, 0x55, 0xBF, 0xD5,
    0xFF, 0xFF, 0xFF, 0xFF, 0xFF, 0xFF, 0xFF, 0xFF, 0xFF, 0xFF, 0xFF, 0xFF, 0xFF, 0xFF, 0xFF, 0x00,
    0x00, 0x00, 0x01, 0xFF, 0x00, 0x00, 0x00, 0x01, 0xFF, 0x00, 0x00, 0x00, 0x01, 0xFF, 0x00, 0x00,
    0x00, 0x01, 0xFF, 0x00, 0x00, 0x00, 0x01, 0xAA, 0xFF, 0x40, 0x00, 0xFF, 0x7F, 0xD0, 0x00, 0x3F,
    0xDF, 0xF4, 0x00, 0x0F, 0xF7, 0xFD, 0x00, 0x03, 0xFD, 0xFF, 0x40, 0x00, 0xFF, 0x7F, 0xD0, 0x00,
    0x3F, 0xDF, 0xF4, 0x00, 0x0F, 0xF7, 0xFD, 0x00, 0x03, 0xFD, 0xFF, 0x80, 0x00, 0xFF, 0x7F, 0xF0,
    0x00, 0x3F, 0xD7, 0xFF, 0x95, 0xBF, 0xF4, 0xFF, 0xFF, 0xFF, 0xFD, 0x0F, 0xFF, 0xFF, 0xFF, 0x40,
    0x6F, 0xFE, 0x7F, 0xD0, 0x00, 0x00, 0x0F, 0xF4, 0x00, 0x00, 0x03, 0xFD, 0x00, 0x00, 0x00, 0xFF,
    0x40, 0x00, 0x00, 0x3F, 0xD0, 0x00, 0x00, 0x0F, 0xF4, 0x00, 0x00, 0x03, 0xFD, 0x00, 0x00, 0x00,
    0xFF, 0x40, 0xFF, 0x40, 0x03, 0xFD, 0x00, 0x0F, 0xF7, 0xFD, 0x00, 0x0F, 0xF4, 0x00, 0x3F, 0xDF,
    0xF4, 0x00, 0x3F, 0xD0, 0x00, 0xFF, 0x7F, 0xD0, 0x00, 0xFF, 0x40, 0x03, 0xFD, 0xFF, 0x40, 0x03,
    0xFD, 0x00, 0x0F, 0xF7, 0xFD, 0x00, 0x0F, 0xF4, 0x00, 0x3F, 0xDF, 0xF4, 0x00, 0x3F, 0xD0, 0x00,
    0xFF, 0x7F, 0xD0, 0x00, 0xFF, 0x40, 0x03, 0xFD, 0xFF, 0x40, 0x03, 0xFD, 0x00, 0x0F, 0xF7, 0xFD,
    0x00, 0x0F, 0xF4, 0x00, 0x3F, 0xDF, 0xF4, 0x00, 0x3F, 0xD0, 0x00, 0xFF, 0x7F, 0xD0, 0x00, 0xFF,
    0x40, 0x03, 0xFD, 0xFF, 0x40, 0x03, 0xFD, 0x00, 0x0F, 0xF7, 0xFD, 0x00, 0x0F, 0xF4, 0x00, 0x3F,
    0xDF, 0xF4, 0x00, 0x3F, 0xD0, 0x00, 0xFF, 0x7F, 0xD0, 0x00, 0xFF, 0x40, 0x03, 0xFD, 0xFF, 0x40,
    0x03, 0xFD, 0x00, 0x0F, 0xF7, 0xFE, 0x55, 0x5F, 0xF9, 0x55, 0x7F, 0xDF, 0xFF, 0xFF, 0xFF, 0xFF,
    0xFF, 0xFF, 0x7F, 0xFF, 0xFF, 0xFF, 0xFF, 0xFF, 0xFD, 0xFF, 0xFF, 0xFF, 0xFF, 0xFF, 0xFF, 0xF4,
    0xFF, 0x40, 0x07, 0xFC, 0x00, 0x1F, 0xF0, 0x3F, 0xD0, 0x01, 0xFF, 0x00, 0x07, 0xFC, 0x0F, 0xF4,
    0x00, 0x7F, 0xC0, 0x01, 0xFF, 0x03, 0xFD, 0x00, 0x1F, 0xF0, 0x00, 0x7F, 0xC0, 0xFF, 0x40, 0x07,
    0xFC, 0x00, 0x1F, 0xF0, 0x3F, 0xD0, 0x01, 0xFF, 0x00, 0x07, 0xFC, 0x0F, 0xF4, 0x00, 0x7F, 0xC0,
    0x01, 0xFF, 0x03, 0xFD, 0x00, 0x1F, 0xF0, 0x00, 0x7F, 0xC0, 0xFF, 0x40, 0x07, 0xFC, 0x00, 0x1F,
    0xF0, 0x3F, 0xD0, 0x01, 0xFF, 0x00, 0x07, 0xFC, 0x0F, 0xF4, 0x00, 0x7F, 0xC0, 0x01, 0xFF, 0x03,
    0xFD, 0x00, 0x1F, 0xF0, 0x00, 0x7F, 0xC0, 0xFF, 0x40, 0x07, 0xFC, 0x00, 0x1F, 0xF0, 0x3F, 0xD0,
    0x01, 0xFF, 0x00, 0x07, 0xFC, 0x0F, 0xF4, 0x00, 0x7F, 0xC0, 0x01, 0xFF, 0x03, 0xFD, 0x00, 0x1F,
    0xF0, 0x00, 0x7F, 0xC0, 0xFF, 0x40, 0x07, 0xFC, 0x00, 0x1F, 0xF0, 0x3F, 0xE5, 0x56, 0xFF, 0x55,
    0x5B, 0xFD, 0x4F, 0xFF, 0xFF, 0xFF, 0xFF, 0xFF, 0xFF, 0xF7, 0xFF, 0xFF, 0xFF, 0xFF, 0xFF, 0xFF,
    0xFD, 0xFF, 0xFF, 0xFF, 0xFF, 0xFF, 0xFF, 0xFF, 0x40, 0x00, 0x00, 0x00, 0x00, 0x00, 0x3F, 0xD0,
    0x00, 0x00, 0x00, 0x00, 0x00, 0x0F, 0xF4, 0x00, 0x00, 0x00, 0x00, 0x00, 0x03, 0xFD, 0x00, 0x00,
    0x00, 0x00, 0x00, 0x00, 0xFF, 0x40, 0x00, 0x00, 0x00, 0x00, 0x00, 0x2A, 0x90, 0xFF, 0xFF, 0xD0,
    0x00, 0x00, 0xFF, 0xFF, 0xD0, 0x00, 0x00, 0xFF, 0xFF, 0xD0, 0x00, 0x00, 0x55, 0x7F, 0xD0, 0x00,
    0x00, 0x00, 0x3F, 0xD0, 0x00, 0x00, 0x00, 0x3F, 0xD0, 0x00, 0x00, 0x00, 0x3F, 0xD0, 0x00, 0x00,
    0x00, 0x3F, 0xE5, 0x40, 0x00, 0x00, 0x3F, 0xFF, 0xFF, 0x40, 0x00, 0x3F, 0xFF, 0xFF, 0xF0, 0x00,
    0x3F, 0xFF, 0xFF, 0xFC, 0x00, 0x3F, 0xD0, 0x1F, 0xFD, 0x00, 0x3F, 0xD0, 0x03, 0xFF, 0x00, 0x3F,
    0xD0, 0x02, 0xFF, 0x00, 0x3F, 0xD0, 0x01, 0xFF, 0x00, 0x3F, 0xD0, 0x02, 0xFF, 0x00, 0x3F, 0xD0,
    0x03, 0xFE, 0x00, 0x3F, 0xE5, 0x6F, 0xFD, 0x00, 0x3F, 0xFF, 0xFF, 0xF8, 0x00, 0x3F, 0xFF, 0xFF,
    0xE0, 0x00, 0x3F, 0xFF, 0xFE, 0x00, 0xFF, 0x40, 0x00, 0x00, 0x3F, 0xDF, 0xF4, 0x00, 0x00, 0x03,
    0xFD, 0xFF, 0x40, 0x00, 0x00, 0x3F, 0xDF, 0xF4, 0x00, 0x00, 0x03, 0xFD, 0xFF, 0x40, 0x00, 0x00,
    0x3F, 0xDF, 0xF4, 0x00, 0x00, 0x03, 0xFD, 0xFF, 0x40, 0x00, 0x00, 0x3F, 0xDF, 0xF9, 0x50, 0x00,
    0x03, 0xFD, 0xFF, 0xFF, 0xF8, 0x00, 0x3F, 0xDF, 0xFF, 0xFF, 0xF8, 0x03, 0xFD, 0xFF, 0xFF, 0xFF,
    0xD0, 0x3F, 0xDF, 0xF4, 0x07, 0xFF, 0x03, 0xFD, 0xFF, 0x40, 0x1F, 0xF0, 0x3F, 0xDF, 0xF4, 0x00,
    0xFF, 0x43, 0xFD, 0xFF, 0x40, 0x0F, 0xF4, 0x3F, 0xDF, 0xF4, 0x00, 0xFF, 0x43, 0xFD, 0xFF, 0x40,
    0x2F, 0xF0, 0x3F, 0xDF, 0xF9, 0x5F, 0xFF, 0x03, 0xFD, 0xFF, 0xFF, 0xFF, 0xC0, 0x3F, 0xDF, 0xFF,
    0xFF, 0xF4, 0x03, 0xFD, 0xFF, 0xFF, 0xE4, 0x00, 0x3F, 0xD0, 0xFF, 0x40, 0x00, 0x03, 0xFD, 0x00,
    0x00, 0x0F, 0xF4, 0x00, 0x00, 0x3F, 0xD0, 0x00, 0x00, 0xFF, 0x40, 0x00, 0x03, 0xFD, 0x00, 0x00,
    0x0F, 0xF4, 0x00, 0x00, 0x3F, 0xE5, 0x40, 0x00, 0xFF, 0xFF, 0xFD, 0x03, 0xFF, 0xFF, 0xFF, 0x0F,
    0xFF, 0xFF, 0xFF, 0x3F, 0xD0, 0x1F, 0xFD, 0xFF, 0x40, 0x0F, 0xFF, 0xFD, 0x00, 0x2F, 0xFF, 0xF4,
    0x00, 0x7F, 0xFF, 0xD0, 0x02, 0xFF, 0xFF, 0x40, 0x0F, 0xFB, 0xFE, 0x56, 0xFF, 0xDF, 0xFF, 0xFF,
    0xFE, 0x3F, 0xFF, 0xFF, 0xE0, 0xFF, 0xFF, 0xF8, 0x00, 0x06, 0xFF, 0xE4, 0x00, 0x2F, 0xFF, 0xFF,
    0xD0, 0x07, 0xFF, 0xFF, 0xFE, 0x00, 0xFE, 0x56, 0xFF, 0xD0, 0x10, 0x00, 0x0B, 0xFC, 0x00, 0x00,
    0x00, 0xFF, 0x80, 0x00, 0x00, 0x2F, 0xF0, 0x00, 0x00, 0x03, 0xFC, 0x01, 0x55, 0x55, 0xFF, 0x40,
    0xFF, 0xFF, 0xFF, 0xD0, 0x3F, 0xFF, 0xFF, 0xF4, 0x0F, 0xFF, 0xFF, 0xFD, 0x00, 0x00, 0x00, 0xFF,
    0x40, 0x00, 0x00, 0x7F, 0xC0, 0x00, 0x00, 0x2F, 0xF0, 0x00, 0x00, 0x0F, 0xF8, 0x00, 0x00, 0x0F,
    0xFC, 0x2F, 0x95, 0x6F, 0xFD, 0x0B, 0xFF, 0xFF, 0xFE, 0x01, 0xFF, 0xFF, 0xFD, 0x00, 0x1B, 0xFF,
    0xE4, 0x00, 0x00, 0xFF, 0x40, 0x00, 0x6F, 0xFE, 0x00, 0x0F, 0xF4, 0x00, 0x3F, 0xFF, 0xFE, 0x00,
    0xFF, 0x40, 0x0F, 0xFF, 0xFF, 0xFC, 0x0F, 0xF4, 0x03, 0xFF, 0x95, 0xFF, 0xE0, 0xFF, 0x40, 0x7F,
    0xD0, 0x02, 0xFF, 0x0F, 0xF4, 0x0F, 0xF8, 0x00, 0x0F, 0xF8, 0xFF, 0x41, 0xFF, 0x00, 0x00, 0xBF,
    0xCF, 0xF4, 0x1F, 0xF0, 0x00, 0x07, 0xFC, 0xFF, 0x96, 0xFE, 0x00, 0x00, 0x3F, 0xDF, 0xFF, 0xFF,
    0xE0, 0x00, 0x03, 0xFD, 0xFF, 0xFF, 0xFE, 0x00, 0x00, 0x3F, 0xDF, 0xFF, 0xFF, 0xE0, 0x00, 0x03,
    0xFD, 0xFF, 0x42, 0xFE, 0x00, 0x00, 0x3F, 0xDF, 0xF4, 0x2F, 0xF0, 0x00, 0x07, 0xFC, 0xFF, 0x41,
    0xFF, 0x00, 0x00, 0xBF, 0xCF, 0xF4, 0x0F, 0xF8, 0x00, 0x0F, 0xF8, 0xFF, 0x40, 0xBF, 0xD0, 0x02,
    0xFF, 0x0F, 0xF4, 0x03, 0xFF, 0x95, 0xFF, 0xE0, 0xFF, 0x40, 0x1F, 0xFF, 0xFF, 0xFC, 0x0F, 0xF4,
    0x00, 0x3F, 0xFF, 0xFE, 0x00, 0xFF, 0x40, 0x00, 0x6F, 0xFE, 0x00, 0x00, 0x00, 0x0B, 0xFF, 0xFF,
    0xC0, 0x2F, 0xFF, 0xFF, 0xF0, 0x3F, 0xFF, 0xFF, 0xFC, 0x1F, 0xFE, 0x56, 0xFF, 0x0F, 0xFC, 0x00,
    0x7F, 0xC3, 0xFE, 0x00, 0x1F, 0xF0, 0xFF, 0x40, 0x07, 0xFC, 0x3F, 0xE0, 0x01, 0xFF, 0x0B, 0xFC,
    0x00, 0x7F, 0xC1, 0xFF, 0xD0, 0x1F, 0xF0, 0x2F, 0xFF, 0xFF, 0xFC, 0x02, 0xFF, 0xFF, 0xFF, 0x00,
    0x1F, 0xFF, 0xFF, 0xC0, 0x0F, 0xFD, 0x6F, 0xF0, 0x0B, 0xFD, 0x07, 0xFC, 0x03, 0xFE, 0x01, 0xFF,
    0x03, 0xFF, 0x00, 0x7F, 0xC1, 0xFF, 0x40, 0x1F, 0xF0, 0xFF, 0x80, 0x07, 0xFC, 0xFF, 0xC0, 0x01,
    0xFF, 0x7F, 0xD0, 0x00, 0x7F, 0xC0, 0x02, 0xBF, 0xF9, 0x00, 0xBF, 0xFF, 0xFE, 0x01, 0xFF, 0xFF,
    0xFE, 0x03, 0xE5, 0x5F, 0xFC, 0x00, 0x00, 0x0F, 0xF4, 0x00, 0x00, 0x3F, 0xD0, 0x2F, 0xFF, 0xFF,
    0x47, 0xFF, 0xFF, 0xFD, 0x7F, 0xFF, 0xFF, 0xF7, 0xFF, 0x40, 0x3F, 0xDF, 0xF8, 0x00, 0xFF, 0x7F,
    0xE0, 0x0B, 0xFD, 0xFF, 0xE5, 0xBF, 0xF6, 0xFF, 0xFF, 0xFF, 0xD3, 0xFF, 0xFD, 0x3F, 0x41, 0xFF,
    0x80, 0xFD, 0x00, 0x00, 0x00, 0x50, 0x00, 0x06, 0xFF, 0xF0, 0x00, 0x7F, 0xFF, 0xF0, 0x03, 0xFF,
    0xFF, 0xF0, 0x0F, 0xFF, 0xFA, 0x50, 0x1F, 0xF9, 0x00, 0x00, 0x3F, 0xD0, 0x00, 0x00, 0x7F, 0x80,
    0x10, 0x00, 0xBF, 0x4F, 0xFF, 0x40, 0xBF, 0x7F, 0xFF, 0xE0, 0xFF, 0xFF, 0xFF, 0xF4, 0xFF, 0xF0,
    0x1F, 0xFC, 0xFF, 0xC0, 0x0B, 0xFC, 0xFF, 0x80, 0x03, 0xFD, 0xFF, 0x40, 0x03, 0xFD, 0xFF, 0x40,
    0x03, 0xFD, 0xBF, 0x80, 0x03, 0xFD, 0x7F, 0x80, 0x07, 0xFC, 0x3F, 0xC0, 0x0B, 0xFC, 0x2F, 0xF5,
    0x6F, 0xF4, 0x0F, 0xFF, 0xFF, 0xE0, 0x03, 0xFF, 0xFF, 0x80, 0x00, 0x6F, 0xF8, 0x00, 0xFF, 0xFF,
    0xF8, 0x0F, 0xFF, 0xFF, 0xF4, 0xFF, 0xFF, 0xFF, 0xCF, 0xF9, 0x5B, 0xFD, 0xFF, 0x40, 0x3F, 0xDF,
    0xF4, 0x07, 0xFC, 0xFF, 0xFF, 0xFF, 0x4F, 0xFF, 0xFF, 0xD0, 0xFF, 0xFF, 0xFF, 0x8F, 0xF9, 0x5B,
    0xFE, 0xFF, 0x40, 0x2F, 0xFF, 0xF4, 0x02, 0xFF, 0xFF, 0x95, 0xBF, 0xFF, 0xFF, 0xFF, 0xFD, 0xFF,
    0xFF, 0xFF, 0x8F, 0xFF, 0xFF, 0x80, 0xFF, 0xFF, 0xFF, 0xFF, 0xFF, 0xFF, 0xFF, 0xFF, 0xFF, 0xE5,
    0x55, 0xFF, 0x40, 0x03, 0xFD, 0x00, 0x0F, 0xF4, 0x00, 0x3F, 0xD0, 0x00, 0xFF, 0x40, 0x03, 0xFD,
    0x00, 0x0F, 0xF4, 0x00, 0x3F, 0xD0, 0x00, 0xFF, 0x40, 0x03, 0xFD, 0x00, 0x0F, 0xF4, 0x00, 0x3F,
    0xD0, 0x00, 0x00, 0xFF, 0xFF, 0xFF, 0x00, 0x03, 0xFF, 0xFF, 0xFC, 0x00, 0x0F, 0xFF, 0xFF, 0xF0,
    0x00, 0x3F, 0xD5, 0xBF, 0xC0, 0x00, 0xFF, 0x01, 0xFF, 0x00, 0x03, 0xFC, 0x07, 0xFC, 0x00, 0x0F,
    0xF0, 0x1F, 0xF0, 0x00, 0x3F, 0xC0, 0x7F, 0xC0, 0x00, 0xFF, 0x01, 0xFF, 0x00, 0x07, 0xFC, 0x07,
    0xFC, 0x00, 0x2F, 0xE0, 0x1F, 0xF0, 0x00, 0xFF, 0x00, 0x7F, 0xC0, 0x5F, 0xFD, 0x56, 0xFF, 0x53,
    0xFF, 0xFF, 0xFF, 0xFF, 0xDF, 0xFF, 0xFF, 0xFF, 0xFF, 0x7F, 0xFF, 0xFF, 0xFF, 0xFD, 0xFF, 0x40,
    0x00, 0x0F, 0xF7, 0xFD, 0x00, 0x00, 0x3F, 0xDF, 0xF4, 0x00, 0x00, 0xFF, 0x6A, 0x90, 0x00, 0x02,
    0xA9, 0x00, 0x6F, 0xF9, 0x00, 0x0F, 0xFF, 0xFE, 0x00, 0xFF, 0xFF, 0xFE, 0x0F, 0xFD, 0x5B, 0xFD,
    0x7F, 0xC0, 0x0F, 0xFA, 0xFE, 0x55, 0x6F, 0xFF, 0xFF, 0xFF, 0xFF, 0xFF, 0xFF, 0xFF, 0xFF, 0xFF,
    0xFF, 0xFF, 0xFF, 0xFD, 0x00, 0x00, 0x0B, 0xF8, 0x00, 0x00, 0x1F, 0xF4, 0x00, 0x04, 0x3F, 0xF9,
    0x56, 0xF0, 0x3F, 0xFF, 0xFF, 0xC0, 0x3F, 0xFF, 0xFF, 0x00, 0x1B, 0xFF, 0x90, 0x2F, 0xE0, 0x03,
    0xFD, 0x00, 0xBF, 0x80, 0xFF, 0x40, 0x3F, 0xD0, 0x1F, 0xF0, 0x07, 0xFC, 0x03, 0xFD, 0x03, 0xFD,
    0x00, 0x2F, 0xF0, 0x3F, 0xD0, 0xBF, 0x80, 0x00, 0xFF, 0x83, 0xFD, 0x1F, 0xF0, 0x00, 0x07, 0xFD,
    0x3F, 0xD3, 0xFD, 0x00, 0x00, 0x2F, 0xFF, 0xFF, 0xFF, 0x80, 0x00, 0x00, 0xFF, 0xFF, 0xFF, 0xF0,
    0x00, 0x00, 0x2F, 0xFF, 0xFF, 0xFF, 0x80, 0x00, 0x07, 0xFE, 0x7F, 0xE7, 0xFD, 0x00, 0x00, 0xFF,
    0xC3, 0xFD, 0x2F, 0xF0, 0x00, 0x2F, 0xF4, 0x3F, 0xD0, 0xFF, 0x80, 0x07, 0xFE, 0x03, 0xFD, 0x07,
    0xFD, 0x00, 0xFF, 0xC0, 0x3F, 0xD0, 0x3F, 0xF0, 0x2F, 0xF4, 0x03, 0xFD, 0x00, 0xFF, 0x87, 0xFE,
    0x00, 0x3F, 0xD0, 0x0B, 0xFD, 0x06, 0xFF, 0xF4, 0x03, 0xFF, 0xFF, 0xF4, 0x2F, 0xFF, 0xFF, 0xC0,
    0xE5, 0x5B, 0xFD, 0x00, 0x00, 0x3F, 0xD0, 0x00, 0x0B, 0xFC, 0x02, 0xFF, 0xFF, 0x40, 0x2F, 0xFF,
    0xC0, 0x02, 0xFF, 0xFF, 0x80, 0x05, 0x5B, 0xFE, 0x00, 0x00, 0x2F, 0xF0, 0x00, 0x02, 0xFF, 0x3E,
    0x55, 0xBF, 0xF3, 0xFF, 0xFF, 0xFD, 0x3F, 0xFF, 0xFF, 0x41, 0xAF, 0xFE, 0x40, 0xFF, 0x40, 0x1F,
    0xFF, 0xFD, 0x00, 0xFF, 0xFF, 0xF4, 0x07, 0xFF, 0xFF, 0xD0, 0x3F, 0xFF, 0xFF, 0x41, 0xFF, 0xFF,
    0xFD, 0x0F, 0xEF, 0xFF, 0xF4, 0x7F, 0x7F, 0xFF, 0xD3, 0xF5, 0xFF, 0xFF, 0x5F, 0xC7, 0xFF, 0xFD,
    0xFD, 0x1F, 0xFF, 0xFB, 0xF0, 0x7F, 0xFF, 0xFF, 0x41, 0xFF, 0xFF, 0xFC, 0x07, 0xFF, 0xFF, 0xD0,
    0x1F, 0xFF, 0xFF, 0x00, 0x7F, 0xFF, 0xF4, 0x01, 0xFF, 0x0F, 0xF0, 0x3F, 0xC0, 0x3F, 0xD1, 0xFE,
    0x00, 0x7F, 0xFF, 0xF0, 0x00, 0x7F, 0xFF, 0x40, 0x00, 0x16, 0x50, 0x00, 0x00, 0x00, 0x00, 0x0F,
    0xF4, 0x01, 0xFF, 0xFF, 0xD0, 0x0F, 0xFF, 0xFF, 0x40, 0x7F, 0xFF, 0xFD, 0x03, 0xFF, 0xFF, 0xF4,
    0x1F, 0xFF, 0xFF, 0xD0, 0xFE, 0xFF, 0xFF, 0x47, 0xF7, 0xFF, 0xFD, 0x3F, 0x5F, 0xFF, 0xF5, 0xFC,
    0x7F, 0xFF, 0xDF, 0xD1, 0xFF, 0xFF, 0xBF, 0x07, 0xFF, 0xFF, 0xF4, 0x1F, 0xFF, 0xFF, 0xC0, 0x7F,
    0xFF, 0xFD, 0x01, 0xFF, 0xFF, 0xF0, 0x07, 0xFF, 0xFF, 0x40, 0x1F, 0xF0, 0xFF, 0x40, 0x0B, 0xFC,
    0xFF, 0x40, 0x1F, 0xF0, 0xFF, 0x40, 0x3F, 0xD0, 0xFF, 0x40, 0xFF, 0x80, 0xFF, 0x42, 0xFF, 0x00,
    0xFF, 0x47, 0xFC, 0x00, 0xFF, 0xFF, 0xF4, 0x00, 0xFF, 0xFF, 0xF0, 0x00, 0xFF, 0xFF, 0xF8, 0x00,
    0xFF, 0x9B, 0xFC, 0x00, 0xFF, 0x43, 0xFF, 0x00, 0xFF, 0x41, 0xFF, 0x80, 0xFF, 0x40, 0xBF, 0xD0,
    0xFF, 0x40, 0x3F, 0xF0, 0xFF, 0x40, 0x1F, 0xF8, 0xFF, 0x40, 0x0B, 0xFD, 0x00, 0xFF, 0xFF, 0xFF,
    0x40, 0x3F, 0xFF, 0xFF, 0xD0, 0x0F, 0xFF, 0xFF, 0xF4, 0x03, 0xFE, 0x57, 0xFD, 0x00, 0xFF, 0x40,
    0xFF, 0x40, 0x3F, 0xD0, 0x3F, 0xD0, 0x0F, 0xF4, 0x0F, 0xF4, 0x03, 0xFD, 0x03, 0xFD, 0x00, 0xFF,
    0x40, 0xFF, 0x40, 0x3F, 0xD0, 0x3F, 0xD0, 0x1F, 0xF0, 0x0F, 0xF4, 0x0B, 0xFC, 0x03, 0xFD, 0x6F,
    0xFF, 0x00, 0xFF, 0x6F, 0xFF, 0x40, 0x3F, 0xDB, 0xFF, 0xC0, 0x0F, 0xF5, 0xFF, 0x40, 0x03, 0xFD,
    0xFF, 0xF8, 0x00, 0x1F, 0xFF, 0xFF, 0xFC, 0x00, 0x2F, 0xFF, 0xFF, 0xFD, 0x00, 0x3F, 0xFF, 0xFF,
    0xFE, 0x00, 0x7F, 0xFF, 0xFF, 0xFF, 0x00, 0xFF, 0xFF, 0xFF, 0x7F, 0x40, 0xFE, 0xFF, 0xFF, 0x6F,
    0x81, 0xF9, 0xFF, 0xFF, 0x5F, 0xC3, 0xF5, 0xFF, 0xFF, 0x4F, 0xD3, 0xF1, 0xFF, 0xFF, 0x4B, 0xE7,
    0xE1, 0xFF, 0xFF, 0x47, 0xFF, 0xD1, 0xFF, 0xFF, 0x43, 0xFF, 0xC1, 0xFF, 0xFF, 0x42, 0xFF, 0xC1,
    0xFF, 0xFF, 0x41, 0xFF, 0x41, 0xFF, 0xFF, 0x40, 0xFF, 0x01, 0xFF, 0xFF, 0x40, 0xBF, 0x01, 0xFF,
    0xFF, 0x40, 0x0F, 0xF7, 0xFD, 0x00, 0x3F, 0xDF, 0xF4, 0x00, 0xFF, 0x7F, 0xD0, 0x03, 0xFD, 0xFF,
    0x40, 0x0F, 0xF7, 0xFD, 0x00, 0x3F, 0xDF, 0xF9, 0x55, 0xFF, 0x7F, 0xFF, 0xFF, 0xFD, 0xFF, 0xFF,
    0xFF, 0xF7, 0xFF, 0xFF, 0xFF, 0xDF, 0xF4, 0x00, 0xFF, 0x7F, 0xD0, 0x03, 0xFD, 0xFF, 0x40, 0x0F,
    0xF7, 0xFD, 0x00, 0x3F, 0xDF, 0xF4, 0x00, 0xFF, 0x7F, 0xD0, 0x03, 0xFD, 0x00, 0x6F, 0xF8, 0x00,
    0x07, 0xFF, 0xFF, 0x80, 0x0F, 0xFF, 0xFF, 0xE0, 0x3F, 0xF5, 0x6F, 0xF4, 0x7F, 0xC0, 0x0B, 0xFC,
    0xBF, 0x80, 0x07, 0xFC, 0xFF, 0x80, 0x03, 0xFD, 0xFF, 0x40, 0x03, 0xFD, 0xFF, 0x40, 0x03, 0xFD,
    0xFF, 0x80, 0x03, 0xFD, 0xBF, 0xC0, 0x07, 0xFC, 0x7F, 0xC0, 0x0B, 0xFC, 0x3F, 0xF5, 0x6F, 0xF4,
    0x1F, 0xFF, 0xFF, 0xE0, 0x07, 0xFF, 0xFF, 0x80, 0x00, 0x7F, 0xF8, 0x00, 0xFF, 0xFF, 0xFF, 0xF7,
    0xFF, 0xFF, 0xFF, 0xDF, 0xFF, 0xFF, 0xFF, 0x7F, 0xE5, 0x57, 0xFD, 0xFF, 0x40, 0x0F, 0xF7, 0xFD,
    0x00, 0x3F, 0xDF, 0xF4, 0x00, 0xFF, 0x7F, 0xD0, 0x03, 0xFD, 0xFF, 0x40, 0x0F, 0xF7, 0xFD, 0x00,
    0x3F, 0xDF, 0xF4, 0x00, 0xFF, 0x7F, 0xD0, 0x03, 0xFD, 0xFF, 0x40, 0x0F, 0xF7, 0xFD, 0x00, 0x3F,
    0xDF, 0xF4, 0x00, 0xFF, 0x7F, 0xD0, 0x03, 0xFD, 0xFF, 0x0B, 0xFD, 0x03, 0xFC, 0xFF, 0xFF, 0x0F,
    0xFF, 0xFF, 0xFE, 0x3F, 0xFD, 0x5F, 0xFC, 0xFF, 0xC0, 0x0F, 0xFB, 0xFE, 0x00, 0x2F, 0xFF, 0xF4,
    0x00, 0xBF, 0xFF, 0xD0, 0x01, 0xFF, 0xFF, 0x40, 0x07, 0xFF, 0xFE, 0x00, 0x2F, 0xFF, 0xF8, 0x00,
    0xFF, 0xFF, 0xF0, 0x03, 0xFE, 0xFF, 0xF5, 0x7F, 0xF3, 0xFF, 0xFF, 0xFF, 0x8F, 0xFB, 0xFF, 0xF8,
    0x3F, 0xD2, 0xFF, 0x40, 0xFF, 0x40, 0x00, 0x03, 0xFD, 0x00, 0x00, 0x0F, 0xF4, 0x00, 0x00, 0x3F,
    0xD0, 0x00, 0x00, 0xFF, 0x40, 0x00, 0x03, 0xFD, 0x00, 0x00, 0x0F, 0xF4, 0x00, 0x00, 0x00, 0x00,
    0x6F, 0xFE, 0x40, 0x3F, 0xFF, 0xFC, 0x0F, 0xFF, 0xFF, 0x43, 0xFF, 0x95, 0xB0, 0x7F, 0xD0, 0x00,
    0x0B, 0xFC, 0x00, 0x00, 0xFF, 0x80, 0x00, 0x0F, 0xF4, 0x00, 0x00, 0xFF, 0x40, 0x00, 0x0F, 0xF8,
    0x00, 0x00, 0xFF, 0xC0, 0x00, 0x07, 0xFD, 0x00, 0x00, 0x3F, 0xF9, 0x56, 0x41, 0xFF, 0xFF, 0xF8,
    0x07, 0xFF, 0xFF, 0x80, 0x06, 0xFF, 0xA0, 0xFF, 0xFF, 0xFF, 0xFF, 0xFF, 0xFF, 0xFF, 0xFF, 0xFF,
    0xFF, 0xF5, 0x57, 0xFE, 0x55, 0x00, 0x3F, 0xD0, 0x00, 0x03, 0xFD, 0x00, 0x00, 0x3F, 0xD0, 0x00,
    0x03, 0xFD, 0x00, 0x00, 0x3F, 0xD0, 0x00, 0x03, 0xFD, 0x00, 0x00, 0x3F, 0xD0, 0x00, 0x03, 0xFD,
    0x00, 0x00, 0x3F, 0xD0, 0x00, 0x03, 0xFD, 0x00, 0x00, 0x3F, 0xD0, 0x00, 0x03, 0xFD, 0x00, 0xFF,
    0xC0, 0x00, 0xFF, 0x5F, 0xF0, 0x00, 0x7F, 0xC3, 0xFD, 0x00, 0x3F, 0xE0, 0xBF, 0xC0, 0x0F, 0xF0,
    0x0F, 0xF0, 0x07, 0xFC, 0x03, 0xFD, 0x03, 0xFE, 0x00, 0x7F, 0x80, 0xFF, 0x00, 0x0F, 0xF0, 0x7F,
    0xC0, 0x02, 0xFD, 0x2F, 0xD0, 0x00, 0x7F, 0x8F, 0xF0, 0x00, 0x0F, 0xF7, 0xF8, 0x00, 0x02, 0xFE,
    0xFD, 0x00, 0x00, 0x3F, 0xFF, 0x00, 0x00, 0x0F, 0xFF, 0x80, 0x00, 0x01, 0xFF, 0xC0, 0x00, 0x00,
    0x3F, 0xF0, 0x00, 0x00, 0x0F, 0xF4, 0x00, 0x00, 0x03, 0xFC, 0x00, 0x00, 0x03, 0xFE, 0x00, 0x00,
    0x57, 0xFF, 0x00, 0x00, 0x3F, 0xFF, 0x80, 0x00, 0x0F, 0xFF, 0x80, 0x00, 0x03, 0xFE, 0x40, 0x00,
    0x00, 0x00, 0x00, 0x7F, 0xC0, 0x00, 0x00, 0x00, 0x1F, 0xF0, 0x00, 0x00, 0x00, 0x07, 0xFC, 0x00,
    0x00, 0x00, 0x01, 0xFF, 0x00, 0x00, 0x00, 0x00, 0x7F, 0xC0, 0x00, 0x00, 0x00, 0x1F, 0xF0, 0x00,
    0x00, 0x01, 0xBF, 0xFF, 0x90, 0x00, 0x0B, 0xFF, 0xFF, 0xFF, 0x80, 0x0F, 0xFF, 0xFF, 0xFF, 0xFC,
    0x0F, 0xFF, 0x6F, 0xF7, 0xFF, 0xC7, 0xFE, 0x07, 0xFC, 0x2F, 0xF6, 0xFF, 0x01, 0xFF, 0x03, 0xFE,
    0xFF, 0x80, 0x7F, 0xC0, 0xBF, 0xFF, 0xD0, 0x1F, 0xF0, 0x1F, 0xFF, 0xF4, 0x07, 0xFC, 0x07, 0xFF,
    0xFE, 0x01, 0xFF, 0x02, 0xFF, 0xBF, 0xC0, 0x7F, 0xC0, 0xFF, 0x9F, 0xF8, 0x1F, 0xF0, 0xBF, 0xD3,
    0xFF, 0xDB, 0xFD, 0xFF, 0xF0, 0x3F, 0xFF, 0xFF, 0xFF, 0xF0, 0x02, 0xFF, 0xFF, 0xFF, 0xE0, 0x00,
    0x06, 0xFF, 0xFE, 0x40, 0x00, 0x00, 0x07, 0xFC, 0x00, 0x00, 0x00, 0x01, 0xFF, 0x00, 0x00, 0x00,
    0x00, 0x7F, 0xC0, 0x00, 0x00, 0x00, 0x1F, 0xF0, 0x00, 0x00, 0x00, 0x07, 0xFC, 0x00, 0x00, 0x00,
    0x01, 0xFF, 0x00, 0x00, 0x00, 0x00, 0x7F, 0xC0, 0x00, 0x00, 0x3F, 0xF0, 0x01, 0xFF, 0x81, 0xFF,
    0x80, 0x3F, 0xF0, 0x0B, 0xFC, 0x0B, 0xFC, 0x00, 0x3F, 0xE0, 0xFF, 0x80, 0x01, 0xFF, 0x6F, 0xF0,
    0x00, 0x0B, 0xFF, 0xFC, 0x00, 0x00, 0x3F, 0xFF, 0x80, 0x00, 0x01, 0xFF, 0xF0, 0x00, 0x00, 0x2F,
    0xFF, 0x00, 0x00, 0x03, 0xFF, 0xF8, 0x00, 0x00, 0xFF, 0xFF, 0xD0, 0x00, 0x2F, 0xF2, 0xFF, 0x00,
    0x03, 0xFD, 0x0F, 0xFC, 0x00, 0xFF, 0xC0, 0x7F, 0xD0, 0x2F, 0xF4, 0x02, 0xFF, 0x03, 0xFE, 0x00,
    0x0F, 0xFC, 0xFF, 0x40, 0x0F, 0xF4, 0x3F, 0xD0, 0x03, 0xFD, 0x0F, 0xF4, 0x00, 0xFF, 0x43, 0xFD,
    0x00, 0x3F, 0xD0, 0xFF, 0x40, 0x0F, 0xF4, 0x3F, 0xD0, 0x03, 0xFD, 0x0F, 0xF4, 0x00, 0xFF, 0x43,
    0xFD, 0x00, 0x3F, 0xD0, 0xFF, 0x40, 0x0F, 0xF4, 0x3F, 0xD0, 0x03, 0xFD, 0x0F, 0xF4, 0x00, 0xFF,
    0x43, 0xFD, 0x00, 0x3F, 0xD0, 0xFF, 0x95, 0x5F, 0xF9, 0x3F, 0xFF, 0xFF, 0xFF, 0xDF, 0xFF, 0xFF,
    0xFF, 0xF7, 0xFF, 0xFF, 0xFF, 0xFD, 0x00, 0x00, 0x00, 0xFF, 0x40, 0x00, 0x00, 0x3F, 0xD0, 0x00,
    0x00, 0x0F, 0xF4, 0x00, 0x00, 0x02, 0xA9, 0xFF, 0x40, 0x0F, 0xF7, 0xFD, 0x00, 0x3F, 0xDF, 0xF4,
    0x00, 0xFF, 0x7F, 0xD0, 0x03, 0xFD, 0xFF, 0x40, 0x0F, 0xF7, 0xFD, 0x00, 0x3F, 0xDF, 0xFC, 0x00,
    0xFF, 0x6F, 0xF9, 0x5B, 0xFD, 0x7F, 0xFF, 0xFF, 0xF4, 0xBF, 0xFF, 0xFF, 0xD0, 0x6F, 0xF9, 0xFF,
    0x40, 0x00, 0x03, 0xFD, 0x00, 0x00, 0x0F, 0xF4, 0x00, 0x00, 0x3F, 0xD0, 0x00, 0x00, 0xFF, 0x40,
    0x00, 0x03, 0xFD, 0xFF, 0x40, 0x1F, 0xF0, 0x03, 0xFE, 0xFF, 0x40, 0x1F, 0xF0, 0x03, 0xFE, 0xFF,
    0x40, 0x1F, 0xF0, 0x03, 0xFE, 0xFF, 0x40, 0x1F, 0xF0, 0x03, 0xFE, 0xFF, 0x40, 0x1F, 0xF0, 0x03,
    0xFE, 0xFF, 0x40, 0x1F, 0xF0, 0x03, 0xFE, 0xFF, 0x40, 0x1F, 0xF0, 0x03, 0xFE, 0xFF, 0x40, 0x1F,
    0xF0, 0x03, 0xFE, 0xFF, 0x40, 0x1F, 0xF0, 0x03, 0xFE, 0xFF, 0x40, 0x1F, 0xF0, 0x03, 0xFE, 0xFF,
    0x40, 0x1F, 0xF0, 0x03, 0xFE, 0xFF, 0x40, 0x1F, 0xF0, 0x03, 0xFE, 0xFF, 0x95, 0x6F, 0xF5, 0x57,
    0xFE, 0xFF, 0xFF, 0xFF, 0xFF, 0xFF, 0xFE, 0xFF, 0xFF, 0xFF, 0xFF, 0xFF, 0xFE, 0xFF, 0xFF, 0xFF,
    0xFF, 0xFF, 0xFE, 0xFF, 0x40, 0x3F, 0xD0, 0x07, 0xFC, 0x0F, 0xF4, 0x03, 0xFD, 0x00, 0x7F, 0xC0,
    0xFF, 0x40, 0x3F, 0xD0, 0x07, 0xFC, 0x0F, 0xF4, 0x03, 0xFD, 0x00, 0x7F, 0xC0, 0xFF, 0x40, 0x3F,
    0xD0, 0x07, 0xFC, 0x0F, 0xF4, 0x03, 0xFD, 0x00, 0x7F, 0xC0, 0xFF, 0x40, 0x3F, 0xD0, 0x07, 0xFC,
    0x0F, 0xF4, 0x03, 0xFD, 0x00, 0x7F, 0xC0, 0xFF, 0x40, 0x3F, 0xD0, 0x07, 0xFC, 0x0F, 0xF4, 0x03,
    0xFD, 0x00, 0x7F, 0xC0, 0xFF, 0x40, 0x3F, 0xD0, 0x07, 0xFC, 0x0F, 0xF4, 0x03, 0xFD, 0x00, 0x7F,
    0xC0, 0xFF, 0x95, 0x7F, 0xE5, 0x5B, 0xFD, 0x4F, 0xFF, 0xFF, 0xFF, 0xFF, 0xFF, 0xFD, 0xFF, 0xFF,
    0xFF, 0xFF, 0xFF, 0xFF, 0xDF, 0xFF, 0xFF, 0xFF, 0xFF, 0xFF, 0xFD, 0x00, 0x00, 0x00, 0x00, 0x00,
    0x3F, 0xD0, 0x00, 0x00, 0x00, 0x00, 0x03, 0xFD, 0x00, 0x00, 0x00, 0x00, 0x00, 0x3F, 0xD0, 0x00,
    0x00, 0x00, 0x00, 0x02, 0xA9, 0xBF, 0xFF, 0xD0, 0x00, 0x02, 0xFF, 0xFF, 0x40, 0x00, 0x0B, 0xFF,
    0xFD, 0x00, 0x00, 0x05, 0x5F, 0xF4, 0x00, 0x00, 0x00, 0x3F, 0xD0, 0x00, 0x00, 0x00, 0xFF, 0xFF,
    0xE4, 0x00, 0x03, 0xFF, 0xFF, 0xFD, 0x00, 0x0F, 0xFF, 0xFF, 0xFC, 0x00, 0x3F, 0xE5, 0x6F, 0xF8,
    0x00, 0xFF, 0x40, 0x2F, 0xF0, 0x03, 0xFD, 0x00, 0x7F, 0xC0, 0x0F, 0xF4, 0x02, 0xFF, 0x00, 0x3F,
    0xE5, 0x6F, 0xF8, 0x00, 0xFF, 0xFF, 0xFF, 0xC0, 0x03, 0xFF, 0xFF, 0xFD, 0x00, 0x0F, 0xFF, 0xFE,
    0x40, 0xFF, 0x40, 0x00, 0x00, 0xFF, 0x7F, 0xD0, 0x00, 0x00, 0x3F, 0xDF, 0xF4, 0x00, 0x00, 0x0F,
    0xF7, 0xFD, 0x00, 0x00, 0x03, 0xFD, 0xFF, 0x40, 0x00, 0x00, 0xFF, 0x7F, 0xFF, 0xF9, 0x00, 0x3F,
    0xDF, 0xFF, 0xFF, 0xE0, 0x0F, 0xF7, 0xFF, 0xFF, 0xFE, 0x03, 0xFD, 0xFF, 0x95, 0xFF, 0xC0, 0xFF,
    0x7F, 0xD0, 0x0F, 0xF4, 0x3F, 0xDF, 0xF4, 0x03, 0xFD, 0x0F, 0xF7, 0xFD, 0x00, 0xFF, 0x43, 0xFD,
    0xFF, 0x95, 0xFF, 0xC0, 0xFF, 0x7F, 0xFF, 0xFF, 0xE0, 0x3F, 0xDF, 0xFF, 0xFF, 0xE0, 0x0F, 0xF7,
    0xFF, 0xFF, 0x90, 0x03, 0xFD, 0xFF, 0x40, 0x00, 0x0F, 0xF4, 0x00, 0x00, 0xFF, 0x40, 0x00, 0x0F,
    0xF4, 0x00, 0x00, 0xFF, 0x40, 0x00, 0x0F, 0xFF, 0xFE, 0x40, 0xFF, 0xFF, 0xFF, 0x4F, 0xFF, 0xFF,
    0xFC, 0xFF, 0x95, 0xBF, 0xEF, 0xF4, 0x02, 0xFF, 0xFF, 0x40, 0x1F, 0xFF, 0xF4, 0x02, 0xFF, 0xFF,
    0x95, 0xBF, 0xEF, 0xFF, 0xFF, 0xFC, 0xFF, 0xFF, 0xFF, 0x4F, 0xFF, 0xFE, 0x40, 0x1B, 0xFF, 0x80,
    0x07, 0xFF, 0xFF, 0x80, 0x3F, 0xFF, 0xFF, 0x02, 0x95, 0xBF, 0xF4, 0x00, 0x00, 0xFF, 0xC0, 0x00,
    0x07, 0xFC, 0x07, 0xFF, 0xFF, 0xD0, 0x7F, 0xFF, 0xFD, 0x07, 0xFF, 0xFF, 0xD0, 0x15, 0x57, 0xFD,
    0x00, 0x00, 0x7F, 0xC0, 0x00, 0x0F, 0xFC, 0xB9, 0x5B, 0xFF, 0x4B, 0xFF, 0xFF, 0xE0, 0xBF, 0xFF,
    0xF8, 0x02, 0xBF, 0xF8, 0x00, 0xFF, 0x40, 0x06, 0xFF, 0x80, 0x0F, 0xF4, 0x03, 0xFF, 0xFF, 0x80,
    0xFF, 0x40, 0xFF, 0xFF, 0xFE, 0x0F, 0xF4, 0x2F, 0xF9, 0x6F, 0xF4, 0xFF, 0x43, 0xFE, 0x00, 0xBF,
    0xCF, 0xF4, 0x3F, 0xD0, 0x07, 0xFC, 0xFF, 0xFF, 0xFC, 0x00, 0x3F, 0xDF, 0xFF, 0xFF, 0xC0, 0x03,
    0xFD, 0xFF, 0xFF, 0xFC, 0x00, 0x3F, 0xDF, 0xF9, 0x7F, 0xC0, 0x03, 0xFD, 0xFF, 0x43, 0xFD, 0x00,
    0x7F, 0xCF, 0xF4, 0x3F, 0xE0, 0x0B, 0xFC, 0xFF, 0x41, 0xFF, 0x96, 0xFF, 0x4F, 0xF4, 0x0B, 0xFF,
    0xFF, 0xE0, 0xFF, 0x40, 0x2F, 0xFF, 0xF8, 0x0F, 0xF4, 0x00, 0x6F, 0xF9, 0x00, 0x00, 0x2F, 0xFF,
    0xFF, 0x02, 0xFF, 0xFF, 0xFF, 0x07, 0xFF, 0xFF, 0xFF, 0x0F, 0xFE, 0x56, 0xFF, 0x0F, 0xF8, 0x01,
    0xFF, 0x0F, 0xF8, 0x01, 0xFF, 0x0F, 0xFD, 0x01, 0xFF, 0x07, 0xFF, 0xFF, 0xFF, 0x02, 0xFF, 0xFF,
    0xFF, 0x00, 0x7F, 0xFF, 0xFF, 0x00, 0xBF, 0xD6, 0xFF, 0x00, 0xFF, 0x81, 0xFF, 0x03, 0xFF, 0x01,
    0xFF, 0x0B, 0xFD, 0x01, 0xFF, 0x1F, 0xF8, 0x01, 0xFF, 0x3F, 0xF0, 0x01, 0xFF, 0x06, 0xA9, 0x00,
    0x00, 0x0B, 0xFC, 0x00, 0x00, 0x0B, 0xFC, 0x00, 0x00, 0x07, 0xF8, 0x00, 0x00, 0x07, 0xF0, 0x00,
    0x00, 0x00, 0x00, 0x00, 0x00, 0x00, 0x00, 0x00, 0x1B, 0xFE, 0x40, 0x03, 0xFF, 0xFF, 0x80, 0x3F,
    0xFF, 0xFF, 0x83, 0xFF, 0x56, 0xFF, 0x5F, 0xF0, 0x02, 0xFE, 0xBF, 0x95, 0x5B, 0xFF, 0xFF, 0xFF,
    0xFF, 0xFF, 0xFF, 0xFF, 0xFF, 0xFF, 0xFF, 0xFF, 0xFF, 0xFF, 0x40, 0x00, 0x02, 0xFE, 0x00, 0x00,
    0x07, 0xFD, 0x00, 0x01, 0x0F, 0xFE, 0x55, 0xBC, 0x0F, 0xFF, 0xFF, 0xF0, 0x0F, 0xFF, 0xFF, 0xC0,
    0x06, 0xFF, 0xE4, 0x00, 0x02, 0xF4, 0x2F, 0x40, 0x1F, 0xF1, 0xFF, 0x00, 0x7F, 0xC7, 0xFC, 0x00,
    0xBD, 0x0B, 0xD0, 0x00, 0x00, 0x00, 0x00, 0x00, 0x00, 0x00, 0x00, 0x06, 0xFF, 0x90, 0x00, 0xFF,
    0xFF, 0xE0, 0x0F, 0xFF, 0xFF, 0xE0, 0xFF, 0xD5, 0xBF, 0xD7, 0xFC, 0x00, 0xFF, 0xAF, 0xE5, 0x56,
    0xFF, 0xFF, 0xFF, 0xFF, 0xFF, 0xFF, 0xFF, 0xFF, 0xFF, 0xFF, 0xFF, 0xFF, 0xFF, 0xD0, 0x00, 0x00,
    0xBF, 0x80, 0x00, 0x01, 0xFF, 0x40, 0x00, 0x03, 0xFF, 0x95, 0x6F, 0x03, 0xFF, 0xFF, 0xFC, 0x03,
    0xFF, 0xFF, 0xF0, 0x01, 0xBF, 0xF9, 0x00, 0x07, 0xFC, 0x00, 0x00, 0x01, 0xFF, 0x00, 0x00, 0x0F,
    0xFF, 0xFF, 0xF0, 0x03, 0xFF, 0xFF, 0xFC, 0x00, 0xFF, 0xFF, 0xFF, 0x00, 0x16, 0xFF, 0x55, 0x40,
    0x00, 0x7F, 0xC0, 0x00, 0x00, 0x1F, 0xF1, 0xBF, 0x90, 0x07, 0xFD, 0xFF, 0xFE, 0x01, 0xFF, 0xFF,
    0xFF, 0xD0, 0x7F, 0xF9, 0x6F, 0xF8, 0x1F, 0xFC, 0x03, 0xFF, 0x07, 0xFD, 0x00, 0xBF, 0xC1, 0xFF,
    0x00, 0x1F, 0xF0, 0x7F, 0xC0, 0x07, 0xFC, 0x1F, 0xF0, 0x01, 0xFF, 0x07, 0xFC, 0x00, 0x7F, 0xC1,
    0xFF, 0x00, 0x1F, 0xF0, 0x7F, 0xC0, 0x07, 0xFC, 0x1F, 0xF0, 0x01, 0xFF, 0x07, 0xFC, 0x00, 0x7F,
    0xC1, 0xFF, 0x00, 0x1F, 0xF0, 0x00, 0x00, 0x07, 0xFC, 0x00, 0x00, 0x01, 0xFF, 0x00, 0x00, 0x00,
    0xBF, 0xC0, 0x00, 0x15, 0xBF, 0xE0, 0x00, 0x0B, 0xFF, 0xF0, 0x00, 0x02, 0xFF, 0xF4, 0x00, 0x00,
    0x7F, 0xE4, 0x00, 0x00, 0x0B, 0xFD, 0x00, 0x1F, 0xF0, 0x00, 0x3F, 0xC0, 0x00, 0xFE, 0x00, 0x00,
    0xA4, 0x00, 0x00, 0x00, 0x00, 0xFF, 0xFF, 0xFC, 0xFF, 0xFF, 0xFC, 0xFF, 0xFF, 0xFC, 0xFF, 0x95,
    0x54, 0xFF, 0x40, 0x00, 0xFF, 0x40, 0x00, 0xFF, 0x40, 0x00, 0xFF, 0x40, 0x00, 0xFF, 0x40, 0x00,
    0xFF, 0x40, 0x00, 0xFF, 0x40, 0x00, 0xFF, 0x40, 0x00, 0xFF, 0x40, 0x00, 0xFF, 0x40, 0x00, 0xFF,
    0x40, 0x00, 0xFF, 0x40, 0x00, 0x00, 0x6F, 0xFE, 0x00, 0x3F, 0xFF, 0xFC, 0x0F, 0xFF, 0xFF, 0x43,
    0xFF, 0x95, 0xA0, 0x7F, 0xD0, 0x00, 0x0B, 0xFC, 0x00, 0x00, 0xFF, 0xFF, 0xF8, 0x0F, 0xFF, 0xFF,
    0x80, 0xFF, 0xFF, 0xF8, 0x0F, 0xF9, 0x55, 0x00, 0xFF, 0xC0, 0x00, 0x07, 0xFD, 0x00, 0x00, 0x3F,
    0xF9, 0x56, 0x41, 0xFF, 0xFF, 0xF8, 0x07, 0xFF, 0xFF, 0x80, 0x06, 0xFF, 0x90, 0x06, 0xFF, 0xE4,
    0x3F, 0xFF, 0xFE, 0xBF, 0xFF, 0xFD, 0xFF, 0xD5, 0xBC, 0xFF, 0x40, 0x00, 0xFF, 0xD0, 0x00, 0x7F,
    0xFE, 0x00, 0x2F, 0xFF, 0xE0, 0x03, 0xFF, 0xFC, 0x00, 0x2F, 0xFE, 0x00, 0x03, 0xFF, 0x40, 0x01,
    0xFF, 0xF9, 0x57, 0xFF, 0xFF, 0xFF, 0xFD, 0xFF, 0xFF, 0xF8, 0x2F, 0xFF, 0x90, 0x7E, 0x3F, 0xDF,
    0xF5, 0xF8, 0x00, 0x00, 0x0F, 0xF7, 0xFD, 0xFF, 0x7F, 0xDF, 0xF7, 0xFD, 0xFF, 0x7F, 0xDF, 0xF7,
    0xFD, 0xFF, 0x7F, 0xDF, 0xF7, 0xFD, 0xFF, 0x7F, 0xD0, 0xB8, 0xBB, 0xF3, 0xFF, 0xCF, 0xEE, 0x2E,
    0x00, 0x00, 0x00, 0x01, 0xFF, 0x07, 0xFC, 0x1F, 0xF0, 0x7F, 0xC1, 0xFF, 0x07, 0xFC, 0x1F, 0xF0,
    0x7F, 0xC1, 0xFF, 0x07, 0xFC, 0x1F, 0xF0, 0x7F, 0xC1, 0xFF, 0x07, 0xFC, 0x1F, 0xF0, 0x7F, 0xC0,
    0x00, 0x7E, 0x00, 0x3F, 0xD0, 0x0F, 0xF4, 0x01, 0xF8, 0x00, 0x00, 0x00, 0x00, 0x00, 0x0F, 0xF4,
    0x03, 0xFD, 0x00, 0xFF, 0x40, 0x3F, 0xD0, 0x0F, 0xF4, 0x03, 0xFD, 0x00, 0xFF, 0x40, 0x3F, 0xD0,
    0x0F, 0xF4, 0x03, 0xFD, 0x00, 0xFF, 0x40, 0x3F, 0xD0, 0x0F, 0xF4, 0x03, 0xFD, 0x00, 0xFF, 0x40,
    0x3F, 0xD0, 0x0F, 0xF4, 0x03, 0xFD, 0x00, 0xFF, 0x55, 0xFF, 0xCB, 0xFF, 0xF2, 0xFF, 0xF0, 0x7F,
    0xE0, 0x00, 0x00, 0xFF, 0xFF, 0xFF, 0x00, 0x00, 0x00, 0x0F, 0xFF, 0xFF, 0xF0, 0x00, 0x00, 0x00,
    0xFF, 0xFF, 0xFF, 0x00, 0x00, 0x00, 0x0F, 0xF9, 0x6F, 0xF0, 0x00, 0x00, 0x00, 0xFF, 0x41, 0xFF,
    0x00, 0x00, 0x00, 0x0F, 0xF4, 0x1F, 0xFF, 0xFE, 0x40, 0x00, 0xFF, 0x41, 0xFF, 0xFF, 0xFE, 0x00,
    0x0F, 0xF4, 0x1F, 0xFF, 0xFF, 0xF8, 0x00, 0xFF, 0x41, 0xFF, 0x56, 0xFF, 0xC0, 0x0F, 0xF4, 0x1F,
    0xF0, 0x07, 0xFD, 0x00, 0xFF, 0x01, 0xFF, 0x00, 0x3F, 0xD0, 0x1F, 0xF0, 0x1F, 0xF0, 0x07, 0xFD,
    0x17, 0xFF, 0x01, 0xFF, 0x56, 0xFF, 0xCB, 0xFF, 0xE0, 0x1F, 0xFF, 0xFF, 0xF8, 0xBF, 0xFC, 0x01,
    0xFF, 0xFF, 0xFE, 0x07, 0xFD, 0x00, 0x1F, 0xFF, 0xFE, 0x00, 0xFF, 0x40, 0x0F, 0xF4, 0x00, 0x00,
    0xFF, 0x40, 0x0F, 0xF4, 0x00, 0x00, 0xFF, 0x40, 0x0F, 0xF4, 0x00, 0x00, 0xFF, 0x40, 0x0F, 0xF4,
    0x00, 0x00, 0xFF, 0x40, 0x0F, 0xF4, 0x00, 0x00, 0xFF, 0x95, 0x5F, 0xF9, 0x50, 0x00, 0xFF, 0xFF,
    0xFF, 0xFF, 0xFF, 0x80, 0xFF, 0xFF, 0xFF, 0xFF, 0xFF, 0xF4, 0xFF, 0xFF, 0xFF, 0xFF, 0xFF, 0xFC,
    0xFF, 0x40, 0x0F, 0xF4, 0x0B, 0xFD, 0xFF, 0x40, 0x0F, 0xF4, 0x03, 0xFD, 0xFF, 0x40, 0x0F, 0xF4,
    0x03, 0xFD, 0xFF, 0x40, 0x0F, 0xF9, 0x5F, 0xFC, 0xFF, 0x40, 0x0F, 0xFF, 0xFF, 0xFC, 0xFF, 0x40,
    0x0F, 0xFF, 0xFF, 0xF0, 0xFF, 0x40, 0x0F, 0xFF, 0xFE, 0x40, 0x07, 0xFC, 0x00, 0x00, 0x01, 0xFF,
    0x00, 0x00, 0x0F, 0xFF, 0xFF, 0xF0, 0x03, 0xFF, 0xFF, 0xFC, 0x00, 0xFF, 0xFF, 0xFF, 0x00, 0x16,
    0xFF, 0x55, 0x40, 0x00, 0x7F, 0xC0, 0x00, 0x00, 0x1F, 0xF1, 0xBF, 0x90, 0x07, 0xFD, 0xFF, 0xFE,
    0x01, 0xFF, 0xFF, 0xFF, 0xD0, 0x7F, 0xF9, 0x6F, 0xF8, 0x1F, 0xFC, 0x03, 0xFF, 0x07, 0xFD, 0x00,
    0xBF, 0xC1, 0xFF, 0x00, 0x1F, 0xF0, 0x7F, 0xC0, 0x07, 0xFC, 0x1F, 0xF0, 0x01, 0xFF, 0x07, 0xFC,
    0x00, 0x7F, 0xC1, 0xFF, 0x00, 0x1F, 0xF0, 0x7F, 0xC0, 0x07, 0xFC, 0x1F, 0xF0, 0x01, 0xFF, 0x07,
    0xFC, 0x00, 0x7F, 0xC1, 0xFF, 0x00, 0x1F, 0xF0, 0x00, 0x00, 0xFF, 0xC0, 0x00, 0x02, 0xFF, 0x00,
    0x00, 0x07, 0xFC, 0x00, 0x00, 0x0F, 0xE0, 0x00, 0x00, 0x0A, 0x40, 0x00, 0x00, 0x00, 0x00, 0x00,
    0xFF, 0x40, 0x0B, 0xFC, 0xFF, 0x40, 0x1F, 0xF0, 0xFF, 0x40, 0x3F, 0xD0, 0xFF, 0x40, 0xFF, 0x80,
    0xFF, 0x42, 0xFF, 0x00, 0xFF, 0x47, 0xFC, 0x00, 0xFF, 0xFF, 0xF4, 0x00, 0xFF, 0xFF, 0xF0, 0x00,
    0xFF, 0xFF, 0xF8, 0x00, 0xFF, 0x9F, 0xFC, 0x00, 0xFF, 0x43, 0xFF, 0x00, 0xFF, 0x41, 0xFF, 0x80,
    0xFF, 0x40, 0xBF, 0xD0, 0xFF, 0x40, 0x3F, 0xF0, 0xFF, 0x40, 0x1F, 0xF8, 0xFF, 0x40, 0x0B, 0xFD,
    0x03, 0xFE, 0x00, 0x00, 0x03, 0xFD, 0x00, 0x00, 0x03, 0xFC, 0x00, 0x00, 0x02, 0xF8, 0x00, 0x00,
    0x01, 0xA0, 0x00, 0x00, 0x00, 0x00, 0x0F, 0xF4, 0x01, 0xFF, 0xFF, 0xD0, 0x0F, 0xFF, 0xFF, 0x40,
    0x7F, 0xFF, 0xFD, 0x03, 0xFF, 0xFF, 0xF4, 0x1F, 0xFF, 0xFF, 0xD0, 0xFE, 0xFF, 0xFF, 0x47, 0xF7,
    0xFF, 0xFD, 0x3F, 0x5F, 0xFF, 0xF5, 0xFC, 0x7F, 0xFF, 0xDF, 0xD1, 0xFF, 0xFF, 0xBF, 0x07, 0xFF,
    0xFF, 0xF4, 0x1F, 0xFF, 0xFF, 0xC0, 0x7F, 0xFF, 0xFD, 0x01, 0xFF, 0xFF, 0xF0, 0x07, 0xFF, 0xFF,
    0x40, 0x1F, 0xF0, 0x03, 0xFC, 0x0B, 0xF0, 0x00, 0xBF, 0x43, 0xFC, 0x00, 0x0F, 0xFF, 0xFD, 0x00,
    0x00, 0xFF, 0xFD, 0x00, 0x00, 0x05, 0xA4, 0x00, 0x00, 0x00, 0x00, 0x00, 0x0F, 0xFC, 0x00, 0x0F,
    0xF5, 0xFF, 0x00, 0x07, 0xFC, 0x3F, 0xD0, 0x03, 0xFE, 0x0B, 0xFC, 0x00, 0xFF, 0x00, 0xFF, 0x00,
    0x7F, 0xC0, 0x3F, 0xD0, 0x3F, 0xE0, 0x07, 0xF8, 0x0F, 0xF0, 0x00, 0xFF, 0x07, 0xFC, 0x00, 0x2F,
    0xD2, 0xFD, 0x00, 0x07, 0xF8, 0xFF, 0x00, 0x00, 0xFF, 0x7F, 0x80, 0x00, 0x2F, 0xEF, 0xD0, 0x00,
    0x03, 0xFF, 0xF0, 0x00, 0x00, 0xFF, 0xF8, 0x00, 0x00, 0x1F, 0xFC, 0x00, 0x00, 0x03, 0xFF, 0x00,
    0x00, 0x00, 0xFF, 0x40, 0x00, 0x00, 0x3F, 0xC0, 0x00, 0x00, 0x3F, 0xE0, 0x00, 0x05, 0x7F, 0xF0,
    0x00, 0x03, 0xFF, 0xF8, 0x00, 0x00, 0xFF, 0xF8, 0x00, 0x00, 0x3F, 0xE4, 0x00, 0x00, 0x00, 0xFF,
    0x40, 0x0F, 0xF7, 0xFD, 0x00, 0x3F, 0xDF, 0xF4, 0x00, 0xFF, 0x7F, 0xD0, 0x03, 0xFD, 0xFF, 0x40,
    0x0F, 0xF7, 0xFD, 0x00, 0x3F, 0xDF, 0xF4, 0x00, 0xFF, 0x7F, 0xD0, 0x03, 0xFD, 0xFF, 0x40, 0x0F,
    0xF7, 0xFD, 0x00, 0x3F, 0xDF, 0xF4, 0x00, 0xFF, 0x7F, 0xD0, 0x03, 0xFD, 0xFF, 0x95, 0x5F, 0xF7,
    0xFF, 0xFF, 0xFF, 0xDF, 0xFF, 0xFF, 0xFF, 0x7F, 0xFF, 0xFF, 0xFD, 0x00, 0x3F, 0xD0, 0x00, 0x00,
    0xFF, 0x40, 0x00, 0x03, 0xFD, 0x00, 0x00, 0x0F, 0xF4, 0x00, 0xFF, 0x40, 0x07, 0xFC, 0x00, 0x0F,
    0xF7, 0xFD, 0x00, 0x1F, 0xF0, 0x00, 0x3F, 0xDF, 0xF8, 0x00, 0x7F, 0xC0, 0x00, 0xFF, 0x7F, 0xE0,
    0x00, 0xFF, 0x00, 0x03, 0xFD, 0xBF, 0x80, 0x03, 0xFD, 0x00, 0x0F, 0xF6, 0xFF, 0x00, 0x0F, 0xF8,
    0x00, 0x3F, 0xC7, 0xFC, 0x00, 0x3F, 0xE0, 0x01, 0xFF, 0x0F, 0xF4, 0x00, 0xFF, 0xC0, 0x07, 0xFC,
    0x3F, 0xD0, 0x0B, 0xFF, 0x00, 0x2F, 0xE0, 0xBF, 0x80, 0x3F, 0xFD, 0x00, 0xFF, 0x81, 0xFF, 0x00,
    0xFF, 0xF8, 0x03, 0xFD, 0x03, 0xFC, 0x0B, 0xFF, 0xF0, 0x0F, 0xF0, 0x0F, 0xF8, 0x3F, 0xFF, 0xC0,
    0x7F, 0xC0, 0x1F, 0xF0, 0xFD, 0xFF, 0x82, 0xFE, 0x00, 0x3F, 0xC7, 0xF2, 0xFF, 0x0F, 0xF0, 0x00,
    0xBF, 0xAF, 0xC3, 0xFD, 0x7F, 0xC0, 0x01, 0xFF, 0xFE, 0x0B, 0xFF, 0xFD, 0x00, 0x03, 0xFF, 0xF4,
    0x0F, 0xFF, 0xF0, 0x00, 0x07, 0xFF, 0xC0, 0x2F, 0xFF, 0x40, 0x00, 0x0F, 0xFF, 0x00, 0x3F, 0xFC,
    0x00, 0x00, 0x1F, 0xF8, 0x00, 0xBF, 0xD0, 0x00, 0xFF, 0x40, 0x0F, 0xF4, 0x00, 0xFF, 0x7F, 0xD0,
    0x03, 0xFD, 0x00, 0x3F, 0xDF, 0xF8, 0x00, 0xFF, 0x80, 0x0F, 0xF6, 0xFE, 0x00, 0x2F, 0xE0, 0x03,
    0xFC, 0xBF, 0xC0, 0x0B, 0xFC, 0x01, 0xFF, 0x1F, 0xF0, 0x01, 0xFF, 0x00, 0xBF, 0xC3, 0xFD, 0x00,
    0xBF, 0xD0, 0x2F, 0xE0, 0xBF, 0x80, 0x3F, 0xF8, 0x0F, 0xF4, 0x1F, 0xF0, 0x2F, 0xFF, 0x07, 0xFC,
    0x03, 0xFC, 0x0F, 0xFF, 0xC2, 0xFE, 0x00, 0xBF, 0x8B, 0xFB, 0xF4, 0xFF, 0x00, 0x0F, 0xF3, 0xF4,
    0xFE, 0x7F, 0x80, 0x02, 0xFF, 0xFC, 0x2F, 0xFF, 0xC0, 0x00, 0x3F, 0xFD, 0x03, 0xFF, 0xE0, 0x00,
    0x0B, 0xFF, 0x00, 0xBF, 0xF0, 0x00, 0x00, 0xFF, 0x40, 0x0F, 0xF8, 0x00, 0x01, 0xFF, 0x00, 0x00,
    0x00, 0x07, 0xFC, 0x00, 0x00, 0x00, 0x1F, 0xF0, 0x00, 0x00, 0x3F, 0xFF, 0xFF, 0xF0, 0x00, 0xFF,
    0xFF, 0xFF, 0xC0, 0x03, 0xFF, 0xFF, 0xFF, 0x00, 0x05, 0x6F, 0xF5, 0x54, 0x00, 0x00, 0x7F, 0xC0,
    0x00, 0x00, 0x01, 0xFF, 0x54, 0x00, 0x00, 0x07, 0xFF, 0xFF, 0xE0, 0x00, 0x1F, 0xFF, 0xFF, 0xF4,
    0x00, 0x7F, 0xFF, 0xFF, 0xF4, 0x01, 0xFF, 0x00, 0x7F, 0xF0, 0x07, 0xFC, 0x00, 0x7F, 0xD0, 0x1F,
    0xF0, 0x00, 0xFF, 0x40, 0x7F, 0xC0, 0x03, 0xFD, 0x01, 0xFF, 0x00, 0x2F, 0xF0, 0x07, 0xFD, 0x57,
    0xFF, 0xC0, 0x1F, 0xFF, 0xFF, 0xFC, 0x00, 0x7F, 0xFF, 0xFF, 0xC0, 0x01, 0xFF, 0xFF, 0xE4, 0x00,
    0x01, 0xFF, 0x00, 0x00, 0x00, 0x1F, 0xF0, 0x00, 0x00, 0x01, 0xFF, 0x00, 0x00, 0x0F, 0xFF, 0xFF,
    0xFC, 0x00, 0xFF, 0xFF, 0xFF, 0xC0, 0x0F, 0xFF, 0xFF, 0xFC, 0x00, 0x56, 0xFF, 0x55, 0x40, 0x00,
    0x1F, 0xF0, 0x00, 0x00, 0x01, 0xFF, 0x00, 0x00, 0x00, 0x1F, 0xFF, 0xFF, 0x80, 0x01, 0xFF, 0xFF,
    0xFF, 0x80, 0x1F, 0xFF, 0xFF, 0xFD, 0x01, 0xFF, 0x55, 0xBF, 0xF0, 0x1F, 0xF0, 0x02, 0xFF, 0x01,
    0xFF, 0x00, 0x2F, 0xF0, 0x1F, 0xF5, 0x5B, 0xFF, 0x01, 0xFF, 0xFF, 0xFF, 0xD0, 0x1F, 0xFF, 0xFF,
    0xF4, 0x01, 0xFF, 0xFF, 0xF8, 0x00, 0xFF, 0x40, 0x00, 0x1B, 0xFF, 0xE4, 0x3F, 0xD0, 0x00, 0x3F,
    0xFF, 0xFF, 0xCF, 0xF4, 0x00, 0x7F, 0xFF, 0xFF, 0xE3, 0xFD, 0x00, 0x7F, 0xF9, 0x5B, 0xF4, 0xFF,
    0x40, 0x3F, 0xF0, 0x00, 0x18, 0x3F, 0xD0, 0x2F, 0xF0, 0x00, 0x00, 0x0F, 0xF4, 0x0F, 0xF4, 0x00,
    0x00, 0x03, 0xFD, 0x07, 0xFC, 0x00, 0x00, 0x00, 0xFF, 0x96, 0xFF, 0x55, 0x55, 0x00, 0x3F, 0xFF,
    0xFF, 0xFF, 0xFF, 0xE0, 0x0F, 0xFF, 0xFF, 0xFF, 0xFF, 0xF8, 0x03, 0xFF, 0xFF, 0xFF, 0xFF, 0xFE,
    0x00, 0xFF, 0x42, 0xFF, 0x00, 0x00, 0x00, 0x3F, 0xD0, 0x7F, 0xC0, 0x00, 0x00, 0x0F, 0xF4, 0x0F,
    0xF4, 0x00, 0x00, 0x03, 0xFD, 0x03, 0xFF, 0x00, 0x00, 0x00, 0xFF, 0x40, 0x7F, 0xF0, 0x00, 0x00,
    0x3F, 0xD0, 0x0F, 0xFF, 0x95, 0x6F, 0x8F, 0xF4, 0x00, 0xFF, 0xFF, 0xFF, 0xE3, 0xFD, 0x00, 0x0B,
    0xFF, 0xFF, 0xF8, 0xFF, 0x40, 0x00, 0x1B, 0xFF, 0xE4, 0x00, 0xFF, 0x40, 0x01, 0xBF, 0xF9, 0x3F,
    0xD0, 0x03, 0xFF, 0xFF, 0xCF, 0xF4, 0x03, 0xFF, 0xFF, 0xF3, 0xFD, 0x02, 0xFF, 0x95, 0xB4, 0xFF,
    0x40, 0xFF, 0x40, 0x00, 0x3F, 0xD0, 0x7F, 0xC0, 0x00, 0x0F, 0xFF, 0xFF, 0xFF, 0xFF, 0x03, 0xFF,
    0xFF, 0xFF, 0xFF, 0xC0, 0xFF, 0xFF, 0xFF, 0xFF, 0xF0, 0x3F, 0xE5, 0xBF, 0xD5, 0x54, 0x0F, 0xF4,
    0x1F, 0xF0, 0x00, 0x03, 0xFD, 0x03, 0xFE, 0x00, 0x00, 0xFF, 0x40, 0xBF, 0xE5, 0x6F, 0x3F, 0xD0,
    0x0F, 0xFF, 0xFF, 0xCF, 0xF4, 0x00, 0xFF, 0xFF, 0xF3, 0xFD, 0x00, 0x06, 0xFF, 0xE4, 0x00, 0x00,
    0xFF, 0xF4, 0x00, 0x00, 0x00, 0x07, 0xFF, 0xE0, 0x00, 0x00, 0x00, 0x2F, 0xFF, 0xC0, 0x00, 0x00,
    0x00, 0xFF, 0xBF, 0x40, 0x00, 0x00, 0x07, 0xF8, 0xFF, 0x00, 0x00, 0x00, 0x3F, 0xC2, 0xFC, 0x00,
    0x00, 0x00, 0xFE, 0x07, 0xF8, 0x00, 0x00, 0x0B, 0xF0, 0x0F, 0xF0, 0x00, 0x00, 0x3F, 0xD5, 0x6F,
    0xD0, 0x00, 0x01, 0xFF, 0xFF, 0xFF, 0xC0, 0x00, 0x0F, 0xFF, 0xFF, 0xFF, 0x00, 0x00, 0x3F, 0xFF,
    0xFF, 0xFE, 0x00, 0x02, 0xFD, 0x3F, 0xD3, 0xFC, 0x00, 0x0F, 0xF0, 0xFF, 0x4B, 0xF4, 0x00, 0x7F,
    0x83, 0xFD, 0x1F, 0xE0, 0x02, 0xFD, 0x0F, 0xF4, 0x3F, 0xC0, 0x0F, 0xF0, 0x3F, 0xD0, 0xBF, 0x40,
    0x7F, 0x80, 0xFF, 0x41, 0xFF, 0x03, 0xFD, 0x03, 0xFD, 0x03, 0xFC, 0x0F, 0xF0, 0x0F, 0xF4, 0x0B,
    0xF8, 0xBF, 0xC0, 0x3F, 0xD0, 0x1F, 0xF0, 0x00, 0x03, 0xFF, 0xC0, 0x00, 0x00, 0x07, 0xFF, 0xD0,
    0x00, 0x00, 0x0F, 0xFF, 0xF0, 0x00, 0x00, 0x0F, 0xEB, 0xF0, 0x00, 0x00, 0x2F, 0xC3, 0xF8, 0x00,
    0x00, 0x3F, 0x82, 0xFC, 0x00, 0x00, 0x7F, 0x00, 0xFD, 0x00, 0x00, 0xFF, 0xFF, 0xFF, 0x00, 0x01,
    0xFF, 0xFF, 0xFF, 0x40, 0x02, 0xFF, 0xFF, 0xFF, 0x80, 0x03, 0xF8, 0xFF, 0x2F, 0xC0, 0x0B, 0xF4,
    0xFF, 0x1F, 0xE0, 0x0F, 0xF0, 0xFF, 0x0F, 0xF0, 0x1F, 0xE0, 0xFF, 0x0B, 0xF4, 0x3F, 0xC0, 0xFF,
    0x07, 0xFC, 0x7F, 0xC0, 0xFF, 0x03, 0xFC, 0xFF, 0x40, 0x00, 0x3F, 0xFD, 0x00, 0x00, 0xFF, 0x40,
    0x00, 0x7F, 0xFE, 0x00, 0x00, 0xFF, 0x40, 0x00, 0xBF, 0xFF, 0x00, 0x00, 0xFF, 0x40, 0x00, 0xFF,
    0xBF, 0x80, 0x00, 0xFF, 0x40, 0x01, 0xFE, 0x3F, 0xC0, 0x00, 0xFF, 0x40, 0x02, 0xFC, 0x2F, 0xD0,
    0x00, 0xFF, 0x40, 0x03, 0xF8, 0x1F, 0xE0, 0x00, 0xFF, 0x40, 0x07, 0xF0, 0x0F, 0xF0, 0x00, 0xFF,
    0x95, 0x5F, 0xF5, 0x5B, 0xF4, 0x00, 0xFF, 0xFF, 0xFF, 0xFF, 0xFF, 0xFC, 0x00, 0xFF, 0xFF, 0xFF,
    0xFF, 0xFF, 0xFC, 0x00, 0xFF, 0xFF, 0xFF, 0xFF, 0xFF, 0xFE, 0x00, 0xFF, 0x40, 0x7F, 0x4F, 0xF4,
    0xFF, 0x00, 0xFF, 0x40, 0xFF, 0x0F, 0xF4, 0xBF, 0x40, 0xFF, 0x40, 0xFF, 0x0F, 0xF4, 0x7F, 0x80,
    0xFF, 0x42, 0xFD, 0x0F, 0xF4, 0x3F, 0xC0, 0xFF, 0x43, 0xFC, 0x0F, 0xF4, 0x2F, 0xD0, 0xFF, 0x47,
    0xFC, 0x0F, 0xF4, 0x1F, 0xF0, 0xFF, 0x4B, 0xF4, 0x0F, 0xF4, 0x0F, 0xF0, 0xFF, 0x4F, 0xF0, 0x0F,
    0xF4, 0x0B, 0xF8, 0xFF, 0x5F, 0xF0, 0x0F, 0xF4, 0x07, 0xFC, 0xFF, 0x00, 0x00, 0xFF, 0xF0, 0x00,
    0x3F, 0xC0, 0x00, 0x7F, 0xFD, 0x00, 0x0F, 0xF0, 0x00, 0x3F, 0xFF, 0xC0, 0x03, 0xFC, 0x00, 0x1F,
    0xEB, 0xF0, 0x00, 0xFF, 0x00, 0x0F, 0xF0, 0xFE, 0x00, 0x3F, 0xD5, 0x57, 0xFC, 0x3F, 0xC0, 0x0F,
    0xFF, 0xFF, 0xFD, 0x07, 0xF4, 0x03, 0xFF, 0xFF, 0xFF, 0xFF, 0xFF, 0x00, 0xFF, 0xFF, 0xFF, 0xFF,
    0xFF, 0xD0, 0x3F, 0xC0, 0x3F, 0xCF, 0xF3, 0xF8, 0x0F, 0xF0, 0x0F, 0xE3, 0xFC, 0xBF, 0x03, 0xFC,
    0x0B, 0xF0, 0xFF, 0x0F, 0xE0, 0xFF, 0x03, 0xFC, 0x3F, 0xC3, 0xFC, 0x3F, 0xC1, 0xFE, 0x0F, 0xF0,
    0xBF, 0x4F, 0xF0, 0xFF, 0x03, 0xFC, 0x0F, 0xF3, 0xFC, 0x3F, 0xC0, 0xFF, 0x03, 0xFC, 0x0F, 0xFF,
    0xFF, 0xFF, 0xFF, 0xC0, 0x3F, 0xFF, 0xFF, 0xFF, 0xFF, 0x00, 0x7F, 0xFF, 0xFF, 0xFF, 0xF4, 0x00,
    0xBF, 0xD5, 0x56, 0xFF, 0x40, 0x00, 0xFF, 0x80, 0x0F, 0xF8, 0x00, 0x00, 0xFF, 0x40, 0xFF, 0x80,
    0x00, 0x01, 0xFF, 0x0B, 0xFC, 0x00, 0x00, 0x01, 0xFF, 0xBF, 0xC0, 0x00, 0x00, 0x07, 0xFF, 0xFE,
    0x00, 0x00, 0x00, 0xBF, 0xFF, 0xFF, 0x40, 0x00, 0x0F, 0xFF, 0xFF, 0xFF, 0x80, 0x00, 0xBF, 0xFF,
    0xFF, 0xFF, 0x40, 0x03, 0xFE, 0x3F, 0xD7, 0xFF, 0x00, 0x2F, 0xF0, 0xFF, 0x47, 0xFD, 0x00, 0xFF,
    0x83, 0xFD, 0x0F, 0xF8, 0x03, 0xFC, 0x0F, 0xF4, 0x2F, 0xF0, 0x1F, 0xF0, 0x3F, 0xD0, 0x3F, 0xD0,
    0xFF, 0x80, 0xFF, 0x40, 0xFF, 0x83, 0xFD, 0x03, 0xFD, 0x02, 0xFF, 0x1F, 0xF0, 0x0F, 0xF4, 0x07,
    0xFD, 0xFF, 0x80, 0x3F, 0xD0, 0x0F, 0xF8, 0x0F, 0xFF, 0xFF, 0xFF, 0xC0, 0x3F, 0xFF, 0xFF, 0xFF,
    0x00, 0x7F, 0xFF, 0xFF, 0xF4, 0x00, 0xBF, 0x95, 0x7F, 0xC0, 0x00, 0xBF, 0x41, 0xFC, 0x00, 0x00,
    0xFF, 0x1F, 0xD0, 0x00, 0x00, 0xFF, 0xFE, 0x00, 0x00, 0x0B, 0xFF, 0xFD, 0x00, 0x00, 0xFF, 0xFF,
    0xFD, 0x00, 0x0B, 0xFF, 0xFF, 0xFC, 0x00, 0x3F, 0x8F, 0xF3, 0xF4, 0x02, 0xFC, 0x3F, 0xCB, 0xE0,
    0x0F, 0xF0, 0xFF, 0x0F, 0xC0, 0x7F, 0x43, 0xFC, 0x3F, 0x42, 0xFC, 0x0F, 0xF0, 0xBE, 0x0F, 0xF0,
    0x3F, 0xC1, 0xFC, 0xFF, 0x43, 0xFF, 0xFF, 0xFF, 0xFF, 0xF0, 0xFF, 0x43, 0xFF, 0xFF, 0xFF, 0xFF,
    0xF0, 0xFF, 0x41, 0xFF, 0xFF, 0xFF, 0xFF, 0xD0, 0xFF, 0x40, 0xBF, 0xD5, 0x55, 0xFF, 0x80, 0xFF,
    0x40, 0x3F, 0xF0, 0x01, 0xFF, 0x00, 0xFF, 0x40, 0x0F, 0xF8, 0x03, 0xFD, 0x00, 0xFF, 0x40, 0x07,
    0xFD, 0x0F, 0xF8, 0x00, 0xFF, 0x40, 0x02, 0xFF, 0x1F, 0xF0, 0x00, 0xFF, 0x95, 0x55, 0xFF, 0xBF,
    0xC0, 0x00, 0xFF, 0xFF, 0xFF, 0xFF, 0xFF, 0xE0, 0x00, 0xFF, 0xFF, 0xFF, 0xFF, 0xFF, 0xFD, 0x00,
    0xFF, 0xFF, 0xFF, 0xFF, 0xFF, 0xFF, 0x00, 0xFF, 0x40, 0xBF, 0xEB, 0xFD, 0xFF, 0x80, 0xFF, 0x40,
    0xFF, 0x47, 0xFC, 0x3F, 0xC0, 0xFF, 0x42, 0xFF, 0x07, 0xFC, 0x2F, 0xE0, 0xFF, 0x43, 0xFE, 0x07,
    0xFC, 0x1F, 0xF0, 0xFF, 0x43, 0xFC, 0x07, 0xFC, 0x0F, 0xF4, 0xFF, 0x47, 0xFC, 0x07, 0xFC, 0x0B,
    0xF8, 0xFF, 0x4B, 0xF8, 0x07, 0xFC, 0x07, 0xFC, 0xFF, 0x4F, 0xF0, 0x07, 0xFC, 0x03, 0xFD, 0xFF,
    0x5F, 0xF0, 0x07, 0xFC, 0x02, 0xFE, 0xFF, 0x03, 0xFF, 0xFF, 0xFF, 0xF0, 0xFF, 0x03, 0xFF, 0xFF,
    0xFF, 0xF0, 0xFF, 0x01, 0xFF, 0xFF, 0xFF, 0xD0, 0xFF, 0x00, 0xBF, 0x55, 0xFF, 0x40, 0xFF, 0x00,
    0x3F, 0x82, 0xFE, 0x00, 0xFF, 0x00, 0x0F, 0xDB, 0xF8, 0x00, 0xFF, 0xFF, 0xFF, 0xFF, 0xF0, 0x00,
    0xFF, 0xFF, 0xFF, 0xFF, 0xFD, 0x00, 0xFF, 0xFF, 0xFF, 0xFF, 0xFF, 0x00, 0xFF, 0x55, 0xFE, 0xFF,
    0xBF, 0xC0, 0xFF, 0x02, 0xF8, 0xFF, 0x2F, 0xC0, 0xFF, 0x03, 0xF4, 0xFF, 0x0F, 0xE0, 0xFF, 0x03,
    0xF0, 0xFF, 0x0F, 0xF0, 0xFF, 0x07, 0xF0, 0xFF, 0x0B, 0xF0, 0xFF, 0x0F, 0xE0, 0xFF, 0x03, 0xF8,
    0xFF, 0x0F, 0xD0, 0xFF, 0x03, 0xFC, 0x00, 0x00, 0x00, 0x00, 0x00, 0xF8, 0x00, 0xFF, 0x00, 0x2F,
    0xC1, 0xFF, 0xC0, 0x02, 0xFD, 0xFD, 0x00, 0x00, 0x2F, 0xFD, 0x00, 0x00, 0x6F, 0xFF, 0x90, 0x01,
    0xFF, 0xFF, 0xFF, 0x01, 0xFF, 0xFF, 0xFF, 0xF0, 0x3F, 0xFA, 0xBF, 0xFE, 0x03, 0x80, 0x00, 0xFF,
    0xC0, 0x00, 0x00, 0x2F, 0xF0, 0x00, 0x00, 0x0B, 0xFC, 0x00, 0x00, 0x03, 0xFD, 0x00, 0x15, 0x5B,
    0xFE, 0x00, 0x1F, 0xFF, 0xFD, 0x00, 0x07, 0xFF, 0xF9, 0x00, 0x01, 0xFF, 0xFF, 0xF8, 0x00, 0x00,
    0x07, 0xFF, 0x80, 0x00, 0x00, 0x2F, 0xF0, 0x00, 0x00, 0x03, 0xFD, 0x00, 0x00, 0x00, 0xFF, 0x40,
    0x00, 0x00, 0xBF, 0xC0, 0x00, 0x56, 0xFF, 0xF0, 0x2F, 0xFF, 0xFF, 0xF0, 0x3F, 0xFF, 0xFF, 0xF0,
    0x2F, 0xFF, 0xFF, 0x80, 0x0F, 0xFC, 0x00, 0x00, 0x03, 0xFD, 0x00, 0x00, 0x00, 0xFF, 0xD5, 0x55,
    0x00, 0x2F, 0xFF, 0xFF, 0xF8, 0x03, 0xFF, 0xFF, 0xFE, 0x00, 0x1F, 0xFF, 0xFF, 0x80, 0x00, 0x00,
    0x00, 0x00, 0x00, 0x0A, 0x80, 0x0B, 0xF0, 0x1F, 0xC0, 0xFF, 0xC0, 0x1F, 0xCF, 0xD1, 0x00, 0x2F,
    0xFD, 0x00, 0x2F, 0xFF, 0xFE, 0x00, 0xFF, 0xFF, 0xFF, 0x01, 0xFF, 0xFF, 0xFF, 0x02, 0x40, 0x07,
    0xFC, 0x00, 0x00, 0x0F, 0xF0, 0x00, 0x00, 0xBF, 0x80, 0x0B, 0xFF, 0xF8, 0x00, 0x2F, 0xFF, 0x40,
    0x00, 0xBF, 0xFF, 0xD0, 0x00, 0x01, 0xFF, 0xC0, 0x00, 0x00, 0xFF, 0x40, 0x00, 0x03, 0xFD, 0x00,
    0x15, 0xBF, 0xF0, 0x2F, 0xFF, 0xFF, 0x83, 0xFF, 0xFF, 0xF8, 0x2F, 0xFF, 0xFE, 0x00, 0xFF, 0x40,
    0x00, 0x03, 0xFC, 0x00, 0x00, 0x0F, 0xF9, 0x55, 0x40, 0x2F, 0xFF, 0xFF, 0xD0, 0x3F, 0xFF, 0xFF,
    0x40, 0x2F, 0xFF, 0xFD, 0x00, 0x00, 0x00, 0x00, 0x00, 0xFF, 0x40, 0xFF, 0x40, 0x7F, 0xFF, 0xD0,
    0x3F, 0xD0, 0x1F, 0xFF, 0xF4, 0x0F, 0xF4, 0x07, 0xFF, 0xFD, 0x03, 0xFD, 0x01, 0xFF, 0xFF, 0x40,
    0xFF, 0x40, 0x7F, 0xFF, 0xD0, 0x3F, 0xD0, 0x1F, 0xFF, 0xF4, 0x0F, 0xF4, 0x07, 0xFF, 0xFD, 0x03,
    0xFD, 0x01, 0xFF, 0xFF, 0x40, 0xFF, 0x40, 0xBF, 0xFF, 0xE0, 0x3F, 0xD0, 0x2F, 0xE7, 0xFC, 0x0F,
    0xF4, 0x0F, 0xF4, 0xFF, 0xD3, 0xFD, 0x1F, 0xFC, 0x1F, 0xFF, 0xFF, 0xFF, 0xFD, 0x02, 0xFF, 0xFF,
    0xFF, 0xFD, 0x00, 0x0B, 0xFF, 0xFF, 0xF8, 0x00, 0x00, 0x07, 0xFE, 0x00, 0x00, 0x00, 0x00, 0xFF,
    0x40, 0x00, 0x00, 0x00, 0x3F, 0xD0, 0x00, 0x00, 0x00, 0x0F, 0xF4, 0x00, 0x00, 0x00, 0x03, 0xFD,
    0x00, 0x00, 0x00, 0x00, 0xFF, 0x40, 0x00, 0x00, 0x00, 0x00, 0xFF, 0x40, 0x00, 0x00, 0x00, 0x3F,
    0xD0, 0x00, 0x00, 0x00, 0x0F, 0xF4, 0x00, 0x00, 0x00, 0x03, 0xFD, 0x00, 0x00, 0x00, 0x00, 0xFF,
    0x40, 0x00, 0x00, 0x00, 0x3F, 0xD0, 0x00, 0x0F, 0xF4, 0x0F, 0xF4, 0x3F, 0xD3, 0xFD, 0x03, 0xFD,
    0x0B, 0xF8, 0xFF, 0x40, 0xFF, 0x41, 0xFF, 0x3F, 0xD0, 0x3F, 0xD0, 0x7F, 0xCF, 0xF4, 0x0F, 0xF4,
    0x0F, 0xF3, 0xFD, 0x03, 0xFD, 0x03, 0xFD, 0xFF, 0x40, 0xFF, 0x40, 0xFF, 0x7F, 0xD0, 0x3F, 0xD0,
    0x3F, 0xDF, 0xF4, 0x0F, 0xF4, 0x0F, 0xF7, 0xFE, 0x03, 0xFD, 0x03, 0xFD, 0xFF, 0x80, 0xFF, 0x41,
    0xFF, 0x2F, 0xF4, 0x3F, 0xD0, 0xFF, 0xC3, 0xFF, 0xAF, 0xFA, 0xFF, 0xD0, 0xBF, 0xFF, 0xFF, 0xFF,
    0xE0, 0x0B, 0xFF, 0xFF, 0xFF, 0xE0, 0x00, 0x2F, 0xFF, 0xFF, 0x80, 0x00, 0x00, 0x0F, 0xF4, 0x00,
    0x00, 0x00, 0x03, 0xFD, 0x00, 0x00, 0x00, 0x00, 0xFF, 0x40, 0x00, 0x00, 0x00, 0x3F, 0xD0, 0x00,
    0x00, 0x00, 0x0F, 0xF4, 0x00, 0x00, 0x00, 0x03, 0xFD, 0x00, 0x00, 0x00, 0x00, 0xFF, 0x40, 0x00,
    0x00, 0x00, 0x0B, 0xFF, 0xE4, 0x00, 0x00, 0xFF, 0xFF, 0xFF, 0x00, 0x07, 0xFF, 0xFF, 0xFF, 0xD0,
    0x0F, 0xFF, 0x55, 0xBF, 0xF0, 0x2F, 0xF4, 0x00, 0x1F, 0xF8, 0x3F, 0xD0, 0x00, 0x07, 0xFC, 0x7F,
    0xC0, 0x00, 0x03, 0xFD, 0xBF, 0x80, 0x00, 0x02, 0xFE, 0xFF, 0x95, 0x55, 0x56, 0xFF, 0xFF, 0xFF,
    0xFF, 0xFF, 0xFF, 0xFF, 0xFF, 0xFF, 0xFF, 0xFF, 0xFF, 0xFF, 0xFF, 0xFF, 0xFF, 0xFF, 0x40, 0x00,
    0x01, 0xFF, 0xBF, 0x80, 0x00, 0x02, 0xFE, 0x7F, 0xC0, 0x00, 0x03, 0xFD, 0x3F, 0xD0, 0x00, 0x07,
    0xFC, 0x2F, 0xF4, 0x00, 0x1F, 0xF8, 0x0F, 0xFE, 0x55, 0xBF, 0xF0, 0x07, 0xFF, 0xFF, 0xFF, 0xD0,
    0x00, 0xFF, 0xFF, 0xFF, 0x00, 0x00, 0x0B, 0xFF, 0xE0, 0x00, 0x00, 0xBF, 0xF4, 0x00, 0x1F, 0xFF,
    0xFD, 0x01, 0xFF, 0xFF, 0xFD, 0x0F, 0xFD, 0x5F, 0xFC, 0x7F, 0xC0, 0x0F, 0xF6, 0xFD, 0x00, 0x1F,
    0xEF, 0xFF, 0xFF, 0xFF, 0xFF, 0xFF, 0xFF, 0xFF, 0xFF, 0xFF, 0xFF, 0xFF, 0xFE, 0x55, 0x6F, 0xFB,
    0xF8, 0x00, 0xBF, 0x9F, 0xF0, 0x03, 0xFD, 0x3F, 0xF5, 0x7F, 0xF0, 0x7F, 0xFF, 0xFF, 0x40, 0x7F,
    0xFF, 0xF4, 0x00, 0x1F, 0xFD, 0x00, 0x7F, 0xC0, 0x00, 0x00, 0xBF, 0xCF, 0xF4, 0x00, 0x00, 0xBF,
    0xF3, 0xFE, 0x00, 0x00, 0x7F, 0xFC, 0x7F, 0xC0, 0x00, 0x3F, 0xE5, 0x0F, 0xF4, 0x00, 0x1F, 0xF0,
    0x02, 0xFE, 0x00, 0x0B, 0xF8, 0x00, 0x7F, 0xC0, 0x03, 0xFC, 0x00, 0x0F, 0xF0, 0x01, 0xFF, 0x00,
    0x02, 0xFE, 0x00, 0xBF, 0x80, 0x00, 0x7F, 0xC0, 0x3F, 0xC0, 0x00, 0x0F, 0xF0, 0x1F, 0xF0, 0x00,
    0x02, 0xFE, 0x0B, 0xF8, 0x00, 0x00, 0x7F, 0xC3, 0xFC, 0x00, 0x00, 0x0F, 0xF0, 0xFF, 0x00, 0x00,
    0x02, 0xFD, 0xBF, 0x80, 0x00, 0x00, 0x7F, 0xBF, 0xC0, 0x00, 0x00, 0x0F, 0xFF, 0xF0, 0x00, 0x00,
    0x02, 0xFF, 0xF4, 0x00, 0x00, 0x00, 0x7F, 0xFC, 0x00, 0x00, 0x00, 0x0F, 0xFF, 0x00, 0x00, 0x00,
    0x02, 0xFF, 0x40, 0x00, 0x00, 0x7F, 0xC0, 0x00, 0x1F, 0xF3, 0xFD, 0x00, 0x07, 0xFF, 0x2F, 0xF0,
    0x00, 0xFF, 0xF0, 0xFF, 0x00, 0x1F, 0xFA, 0x0F, 0xF4, 0x03, 0xFE, 0x00, 0x7F, 0xC0, 0x3F, 0xC0,
    0x03, 0xFC, 0x07, 0xF8, 0x00, 0x2F, 0xD0, 0xFF, 0x40, 0x01, 0xFE, 0x0F, 0xF0, 0x00, 0x0F, 0xF2,
    0xFE, 0x00, 0x00, 0xBF, 0x7F, 0xC0, 0x00, 0x03, 0xFB, 0xF8, 0x00, 0x00, 0x3F, 0xFF, 0x40, 0x00,
    0x01, 0xFF, 0xF0, 0x00, 0x00, 0x0F, 0xFE, 0x00, 0x00, 0x00, 0xBF, 0xC0, 0x00, 0x07, 0xF8, 0xFF,
    0x40, 0x00, 0x00, 0xFF, 0x0F, 0xF0, 0x00, 0x00, 0x0F, 0xE1, 0xFD, 0x00, 0x00, 0x00, 0xFC, 0x1F,
    0xC0, 0x00, 0x00, 0x0F, 0xC1, 0xF4, 0x00, 0x00, 0x00, 0x00, 0x00, 0x00, 0x07, 0xFC, 0x00, 0x00,
    0x0B, 0xFC, 0xFF, 0x40, 0x00, 0x0B, 0xFF, 0x3F, 0xE0, 0x00, 0x07, 0xFF, 0xC7, 0xFC, 0x00, 0x03,
    0xFE, 0x50, 0xFF, 0x40, 0x01, 0xFF, 0x00, 0x2F, 0xE0, 0x00, 0xBF, 0x80, 0x07, 0xFC, 0x00, 0x3F,
    0xC0, 0x00, 0xFF, 0x00, 0x1F, 0xF0, 0x00, 0x2F, 0xE0, 0x0B, 0xF8, 0x00, 0x07, 0xFC, 0x03, 0xFC,
    0x00, 0x00, 0xFF, 0x01, 0xFF, 0x00, 0x00, 0x2F, 0xE0, 0xBF, 0x80, 0x00, 0x07, 0xFC, 0x3F, 0xC0,
    0x00, 0x00, 0xFF, 0x0F, 0xF0, 0x00, 0x00, 0x2F, 0xDB, 0xF8, 0x00, 0x00, 0x07, 0xFB, 0xFC, 0x00,
    0x00, 0x00, 0xFF, 0xFF, 0x00, 0x00, 0x00, 0x2F, 0xFF, 0x40, 0x00, 0x00, 0x07, 0xFF, 0xC0, 0x00,
    0x00, 0x00, 0xFF, 0xF0, 0x00, 0x00, 0x00, 0x2F, 0xF4, 0x00, 0x00, 0x2F, 0xE3, 0xFD, 0x00, 0x00,
    0xFF, 0x0F, 0xE0, 0x00, 0x03, 0xF8, 0x7F, 0x40, 0x00, 0x0F, 0xC1, 0xFC, 0x00, 0x00, 0x3E, 0x07,
    0xD0, 0x00, 0x00, 0x00, 0x00, 0x00, 0x7F, 0xC0, 0x00, 0x1F, 0xF3, 0xFD, 0x00, 0x07, 0xFF, 0x2F,
    0xF0, 0x00, 0xFF, 0xF0, 0xFF, 0x00, 0x1F, 0xFA, 0x0F, 0xF4, 0x03, 0xFE, 0x00, 0x7F, 0xC0, 0x3F,
    0xC0, 0x03, 0xFC, 0x07, 0xF8, 0x00, 0x2F, 0xD0, 0xFF, 0x40, 0x01, 0xFE, 0x0F, 0xF0, 0x00, 0x0F,
    0xF2, 0xFE, 0x00, 0x00, 0xBF, 0x7F, 0xC0, 0x00, 0x03, 0xFB, 0xF8, 0x00, 0x00, 0x3F, 0xFF, 0x40,
    0x00, 0x01, 0xFF, 0xF0, 0x00, 0x00, 0x0F, 0xFE, 0x00, 0x00, 0x00, 0xBF, 0xC0, 0x00, 0x00, 0x1B,
    0xFF, 0x90, 0x00, 0x00, 0x00, 0x00, 0x00, 0x00, 0x7F, 0xFF, 0xFE, 0x00, 0x00, 0x00, 0x00, 0x00,
    0x00, 0xBF, 0xFF, 0xFF, 0xF0, 0x00, 0x00, 0x00, 0x00, 0x00, 0x7F, 0xF9, 0x5F, 0xFF, 0x00, 0x00,
    0x00, 0x00, 0x00, 0x3F, 0xF0, 0x00, 0xBF, 0xD0, 0x00, 0x00, 0x00, 0x00, 0x1F, 0xF4, 0x00, 0x0F,
    0xF8, 0x3F, 0xF0, 0x00, 0x3F, 0xDB, 0xFC, 0x00, 0x01, 0xFF, 0x07, 0xFD, 0x00, 0x2F, 0xF3, 0xFE,
    0x00, 0x00, 0x3F, 0xC0, 0xFF, 0x80, 0x0F, 0xF8, 0xFF, 0x80, 0x00, 0x0F, 0xF4, 0x2F, 0xF0, 0x03,
    0xFD, 0x3F, 0xD0, 0x00, 0x03, 0xFD, 0x03, 0xFC, 0x02, 0xFF, 0x0F, 0xF4, 0x00, 0x00, 0xFF, 0x40,
    0xFF, 0x80, 0xFF, 0x83, 0xFD, 0x00, 0x00, 0x3F, 0xD0, 0x1F, 0xF0, 0x3F, 0xC0, 0xFF, 0x80, 0x00,
    0x0F, 0xF4, 0x03, 0xFC, 0x1F, 0xF0, 0x3F, 0xE0, 0x00, 0x03, 0xFC, 0x00, 0xBF, 0x8F, 0xF4, 0x0B,
    0xFC, 0x00, 0x01, 0xFF, 0x00, 0x0F, 0xF3, 0xFC, 0x01, 0xFF, 0x40, 0x00, 0xFF, 0x80, 0x03, 0xFD,
    0xFE, 0x00, 0x3F, 0xF0, 0x00, 0xBF, 0xD0, 0x00, 0x7F, 0xFF, 0x40, 0x07, 0xFF, 0x95, 0xFF, 0xE0,
    0x00, 0x0F, 0xFF, 0xC0, 0x00, 0xBF, 0xFF, 0xFF, 0xF0, 0x00, 0x02, 0xFF, 0xE0, 0x00, 0x07, 0xFF,
    0xFF, 0xE0, 0x00, 0x00, 0x3F, 0xF0, 0x00, 0x00, 0x1B, 0xFF, 0x80, 0x00, 0x00, 0x0F, 0xFC, 0x00,
    0x00, 0x00, 0x00, 0x00, 0x00, 0x00, 0x03, 0xFD, 0x00, 0x00, 0x00, 0x00, 0x00, 0x00, 0x00, 0x01,
    0xFF, 0x00, 0x00, 0x00, 0x00, 0x00, 0x00, 0x00, 0x00, 0xFF, 0x80, 0x00, 0x00, 0x00, 0x00, 0x00,
    0x00, 0x15, 0xFF, 0xC0, 0x00, 0x00, 0x00, 0x00, 0x00, 0x00, 0x0F, 0xFF, 0xD0, 0x00, 0x00, 0x00,
    0x00, 0x00, 0x00, 0x03, 0xFF, 0xE0, 0x00, 0x00, 0x00, 0x00, 0x00, 0x00, 0x00, 0xFF, 0x80, 0x00,
    0x00, 0x00, 0x6F, 0xF8, 0x00, 0x7F, 0xD0, 0x00, 0xBF, 0xC0, 0x7F, 0xFF, 0xF8, 0x03, 0xFE, 0x00,
    0x0F, 0xF8, 0x1F, 0xFF, 0xFF, 0xE0, 0x2F, 0xF0, 0x00, 0xFF, 0x03, 0xFF, 0x57, 0xFF, 0x40, 0xFF,
    0x40, 0x2F, 0xF0, 0x7F, 0xC0, 0x0F, 0xFC, 0x0F, 0xF8, 0x03, 0xFD, 0x0B, 0xFC, 0x00, 0x7F, 0xC0,
    0x7F, 0xC0, 0x3F, 0xC0, 0xFF, 0x80, 0x03, 0xFD, 0x03, 0xFD, 0x0B, 0xF8, 0x0F, 0xF4, 0x00, 0x3F,
    0xD0, 0x2F, 0xE0, 0xFF, 0x40, 0xFF, 0x40, 0x03, 0xFD, 0x00, 0xFF, 0x0F, 0xF0, 0x0F, 0xF8, 0x00,
    0x3F, 0xD0, 0x0B, 0xF6, 0xFE, 0x00, 0xBF, 0xC0, 0x07, 0xFC, 0x00, 0x7F, 0xBF, 0xC0, 0x07, 0xFD,
    0x00, 0xFF, 0xC0, 0x03, 0xFF, 0xFC, 0x00, 0x3F, 0xF9, 0x7F, 0xF4, 0x00, 0x1F, 0xFF, 0x40, 0x00,
    0xFF, 0xFF, 0xFE, 0x00, 0x00, 0xFF, 0xF0, 0x00, 0x03, 0xFF, 0xFF, 0x80, 0x00, 0x0B, 0xFE, 0x00,
    0x00, 0x06, 0xFF, 0x80, 0x00, 0x00, 0x7F, 0xD0, 0x00, 0x00, 0x00, 0x00, 0x00, 0x00, 0x0B, 0xFC,
    0x00, 0x00, 0x00, 0x00, 0x00, 0x00, 0x00, 0xFF, 0x80, 0x00, 0x00, 0x00, 0x00, 0x00, 0x00, 0x1F,
    0xF0, 0x00, 0x00, 0x00, 0x00, 0x00, 0x00, 0x5B, 0xFE, 0x00, 0x00, 0x00, 0x00, 0x00, 0x00, 0x2F,
    0xFF, 0xC0, 0x00, 0x00, 0x00, 0x00, 0x00, 0x02, 0xFF, 0xF0, 0x00, 0x00, 0x00, 0x00, 0x00, 0x00,
    0x1F, 0xF8, 0x00, 0x00, 0x00, 0x00, 0x00, 0x3F, 0x00, 0x00, 0x00, 0x00, 0x6F, 0xE4, 0x00, 0x00,
    0x02, 0xFF, 0xFF, 0xE0, 0x00, 0x0B, 0xFF, 0xFF, 0xFF, 0x80, 0x0B, 0xFF, 0xFF, 0xFF, 0xF8, 0x07,
    0xFF, 0xFF, 0xFF, 0xFF, 0x43, 0xFF, 0x83, 0xF0, 0xBF, 0xF1, 0xFF, 0x80, 0x00, 0x0B, 0xFD, 0xBF,
    0xC0, 0x00, 0x00, 0xFF, 0xBF, 0xE0, 0x00, 0x00, 0x2F, 0xFF, 0xF8, 0x00, 0x00, 0x0B, 0xFF, 0xFD,
    0x00, 0x00, 0x01, 0xFF, 0xFF, 0x40, 0x00, 0x00, 0x7F, 0xFF, 0xE0, 0x00, 0x00, 0x2F, 0xFF, 0xFC,
    0x00, 0x00, 0x0B, 0xFE, 0xFF, 0x00, 0x00, 0x03, 0xFE, 0x7F, 0xF0, 0x00, 0x02, 0xFF, 0x4F, 0xFE,
    0x0F, 0xC2, 0xFF, 0xC1, 0xFF, 0xFF, 0xFF, 0xFF, 0xD0, 0x2F, 0xFF, 0xFF, 0xFF, 0xE0, 0x01, 0xFF,
    0xFF, 0xFF, 0xD0, 0x00, 0x0B, 0xFF, 0xFF, 0x80, 0x00, 0x00, 0x0B, 0xF8, 0x00, 0x00, 0x00, 0x00,
    0xFC, 0x00, 0x00, 0x00, 0x02, 0xE0, 0x00, 0x00, 0x02, 0xFE, 0x00, 0x00, 0x1F, 0xFF, 0xFD, 0x00,
    0x2F, 0xFF, 0xFF, 0xE0, 0x2F, 0xFF, 0xFF, 0xFD, 0x0F, 0xF8, 0xFC, 0xBF, 0xCB, 0xFC, 0x00, 0x0F,
    0xFB, 0xFE, 0x00, 0x02, 0xFF, 0xFF, 0x40, 0x00, 0x7F, 0xFF, 0xD0, 0x00, 0x1F, 0xFF, 0xF4, 0x00,
    0x07, 0xFF, 0xFE, 0x00, 0x02, 0xFF, 0xBF, 0xC0, 0x00, 0xFF, 0x8F, 0xF8, 0xF8, 0xBF, 0xC1, 0xFF,
    0xFF, 0xFF, 0xE0, 0x2F, 0xFF, 0xFF, 0xE0, 0x01, 0xFF, 0xFF, 0xD0, 0x00, 0x02, 0xFE, 0x00, 0x00,
    0x00, 0x2E, 0x00, 0x00, 0x00, 0x00, 0x00, 0x00, 0x00, 0x00, 0x00, 0x00, 0x00, 0x02, 0xFE, 0x00,
    0x00, 0x00, 0x00, 0x00, 0x02, 0xFF, 0xF8, 0x00, 0x00, 0x00, 0x00, 0x00, 0xFF, 0xFF, 0xFC, 0x00,
    0x00, 0x00, 0x00, 0x3F, 0x1F, 0xFF, 0x00, 0x00, 0x00, 0x00, 0x1F, 0x40, 0x7F, 0xC0, 0x00, 0x00,
    0x00, 0x01, 0x5F, 0xD0, 0x50, 0x00, 0x00, 0x00, 0x00, 0x07, 0xFC, 0x00, 0x00, 0x00, 0x00, 0x00,
    0x00, 0x3F, 0x00, 0x00, 0x00, 0x00, 0x00, 0x00, 0x1F, 0x40, 0x00, 0x00, 0x00, 0x00, 0x00, 0x1E,
    0x00, 0x00, 0x00, 0x00, 0x00, 0x00, 0x00, 0x00, 0x00, 0x00, 0x00, 0x00, 0x6F, 0xF4, 0x00, 0x1F,
    0xF9, 0x00, 0x00, 0xBF, 0xFF, 0xC0, 0x3F, 0xFF, 0xF0, 0x00, 0xFF, 0xFF, 0xF0, 0x0F, 0xFF, 0xFF,
    0x00, 0xBF, 0xF5, 0xB4, 0x01, 0xE5, 0xBF, 0xF0, 0x3F, 0xF0, 0x00, 0x00, 0x00, 0x07, 0xFD, 0x1F,
    0xF0, 0x00, 0x00, 0x00, 0x00, 0xFF, 0xCB, 0xFC, 0x00, 0x00, 0x00, 0x00, 0x1F, 0xF3, 0xFE, 0x00,
    0x00, 0x00, 0x00, 0x03, 0xFD, 0xFF, 0x80, 0x00, 0x00, 0x00, 0x00, 0xFF, 0x7F, 0xD0, 0x00, 0x00,
    0x00, 0x00, 0x3F, 0xDF, 0xF4, 0x00, 0x00, 0x00, 0x00, 0x0F, 0xF7, 0xFD, 0x00, 0x07, 0xFC, 0x00,
    0x03, 0xFD, 0xFF, 0x80, 0x01, 0xFF, 0x00, 0x00, 0xFF, 0x6F, 0xF0, 0x00, 0x7F, 0xC0, 0x00, 0x7F,
    0xC7, 0xFC, 0x00, 0x1F, 0xF0, 0x00, 0x2F, 0xF0, 0xFF, 0x80, 0x07, 0xFC, 0x00, 0x0F, 0xF8, 0x2F,
    0xF4, 0x01, 0xFF, 0x00, 0x0F, 0xFC, 0x03, 0xFF, 0x96, 0xFF, 0xF5, 0x6F, 0xFD, 0x00, 0x7F, 0xFF,
    0xFF, 0xFF, 0xFF, 0xFE, 0x00, 0x07, 0xFF, 0xFF, 0xAF, 0xFF, 0xFE, 0x00, 0x00, 0x1B, 0xFE, 0x00,
    0xBF, 0xF8, 0x00, 0x00, 0x00, 0x00, 0xBF, 0x80, 0x00, 0x00, 0x00, 0x00, 0xFF, 0xFF, 0x90, 0x00,
    0x00, 0x00, 0x7F, 0xFF, 0xFE, 0x00, 0x00, 0x00, 0x2F, 0xD7, 0xFF, 0x80, 0x00, 0x00, 0x0B, 0xDB,
    0xEB, 0xE0, 0x00, 0x00, 0x00, 0x07, 0xFC, 0x00, 0x00, 0x00, 0x00, 0x00, 0xBF, 0x00, 0x00, 0x00,
    0x00, 0x00, 0x0F, 0xC0, 0x00, 0x00, 0x00, 0x00, 0x0B, 0xC0, 0x00, 0x00, 0x00, 0x00, 0x07, 0x80,
    0x00, 0x00, 0x00, 0x00, 0x00, 0x00, 0x00, 0x00, 0x00, 0x02, 0xFF, 0x80, 0x1B, 0xFD, 0x00, 0x0B,
    0xFF, 0xF8, 0x0F, 0xFF, 0xF0, 0x07, 0xFF, 0xFC, 0x01, 0xFF, 0xFF, 0x03, 0xFF, 0x56, 0x00, 0x25,
    0xBF, 0xE2, 0xFF, 0x00, 0x00, 0x00, 0x0B, 0xFC, 0xFF, 0xC0, 0x00, 0x00, 0x01, 0xFF, 0x3F, 0xE0,
    0x00, 0x00, 0x00, 0x3F, 0xDF, 0xF4, 0x00, 0xAA, 0x00, 0x0F, 0xF7, 0xFD, 0x00, 0x3F, 0xD0, 0x03,
    0xFD, 0xFF, 0x80, 0x0F, 0xF4, 0x00, 0xFF, 0x7F, 0xF0, 0x03, 0xFD, 0x00, 0x7F, 0xCB, 0xFC, 0x00,
    0xFF, 0x80, 0x3F, 0xF0, 0xFF, 0xD5, 0xFF, 0xF9, 0x6F, 0xF8, 0x2F, 0xFF, 0xFF, 0xFF, 0xFF, 0xFC,
    0x02, 0xFF, 0xFF, 0x8F, 0xFF, 0xFC, 0x00, 0x1B, 0xFE, 0x00, 0x6F, 0xF4, 0x00, 0x00, 0x03, 0xFF,
    0xFF, 0xFC, 0x00, 0x00, 0x00, 0x0F, 0xFF, 0xFF, 0xF0, 0x00, 0x00, 0x00, 0x1E, 0x0F, 0x0B, 0x40,
    0x00, 0x00, 0x00, 0x10, 0x00, 0x04, 0x00, 0x00, 0x00, 0x00, 0x00, 0x00, 0x00, 0x00, 0x03, 0xFD,
    0x00, 0x1F, 0xF0, 0x00, 0x3F, 0xDF, 0xF4, 0x00, 0x7F, 0xC0, 0x00, 0xFF, 0x7F, 0xE0, 0x01, 0xFF,
    0x00, 0x03, 0xFD, 0xFF, 0x80, 0x03, 0xFC, 0x00, 0x0F, 0xF6, 0xFE, 0x00, 0x0F, 0xF4, 0x00, 0x3F,
    0xDB, 0xFC, 0x00, 0x3F, 0xE0, 0x00, 0xFF, 0x1F, 0xF0, 0x00, 0xFF, 0x80, 0x07, 0xFC, 0x3F, 0xC0,
    0x07, 0xFF, 0x00, 0x1F, 0xF0, 0xFF, 0x40, 0x2F, 0xFC, 0x00, 0xBF, 0x82, 0xFE, 0x00, 0xFF, 0xF4,
    0x03, 0xFE, 0x07, 0xFC, 0x07, 0xFF, 0xE0, 0x0F, 0xF4, 0x0F, 0xF0, 0x2F, 0xFF, 0xC0, 0x3F, 0xC0,
    0x3F, 0xD0, 0xFF, 0xFF, 0x01, 0xFF, 0x00, 0xBF, 0xC3, 0xF7, 0xFE, 0x0F, 0xF8, 0x00, 0xFF, 0x2F,
    0xCB, 0xFC, 0x3F, 0xC0, 0x03, 0xFE, 0xBF, 0x0F, 0xF5, 0xFF, 0x00, 0x07, 0xFF, 0xF8, 0x2F, 0xFF,
    0xF4, 0x00, 0x0F, 0xFF, 0xD0, 0x3F, 0xFF, 0xC0, 0x00, 0x1F, 0xFF, 0x00, 0xFF, 0xFD, 0x00, 0x00,
    0x3F, 0xFC, 0x00, 0xFF, 0xF0, 0x00, 0x00, 0x7F, 0xE0, 0x02, 0xFF, 0x40, 0x00, 0x00, 0x00, 0x00,
    0x00, 0x00, 0x00, 0x00, 0x0F, 0xFF, 0xFF, 0xF0, 0x00, 0x00, 0x0F, 0xFF, 0xFF, 0xF0, 0x00, 0x00,
    0x07, 0x43, 0xC1, 0xD0, 0x00, 0x00, 0x01, 0x00, 0x00, 0x40, 0x00, 0x00, 0x00, 0x00, 0x00, 0x00,
    0x00, 0xFF, 0x40, 0x0F, 0xF4, 0x01, 0xFF, 0xFF, 0x40, 0x0F, 0xF4, 0x01, 0xFF, 0xFF, 0x80, 0x0F,
    0xF8, 0x02, 0xFF, 0xBF, 0x80, 0x0B, 0xF8, 0x02, 0xFF, 0xBF, 0xC0, 0x0B, 0xFC, 0x02, 0xFE, 0x7F,
    0xC0, 0x07, 0xFC, 0x03, 0xFD, 0x3F, 0xD0, 0x0B, 0xFD, 0x03, 0xFC, 0x2F, 0xE0, 0x0F, 0xFE, 0x07,
    0xFC, 0x1F, 0xF0, 0x2F, 0xFF, 0x0B, 0xF8, 0x0F, 0xF0, 0x3F, 0xFF, 0x0F, 0xF0, 0x0B, 0xF8, 0xBF,
    0xBF, 0x4F, 0xF0, 0x03, 0xFC, 0xFD, 0x3F, 0xAF, 0xD0, 0x02, 0xFF, 0xFC, 0x2F, 0xFF, 0xC0, 0x00,
    0xFF, 0xF4, 0x0F, 0xFF, 0x40, 0x00, 0xBF, 0xF0, 0x0B, 0xFF, 0x00, 0x00, 0x3F, 0xD0, 0x03, 0xFC,
    0x00, 0x00, 0x06, 0xFF, 0xE9, 0x00, 0x07, 0xFF, 0xFF, 0xFC, 0x02, 0xFF, 0xFF, 0xFF, 0x80, 0xBF,
    0xF9, 0x5B, 0xF0, 0x1F, 0xF8, 0x00, 0x01, 0x03, 0xFF, 0x00, 0x00, 0x00, 0x7F, 0xC0, 0x00, 0x00,
    0x0B, 0xFC, 0x00, 0x00, 0x00, 0xFF, 0x80, 0x00, 0x00, 0x0F, 0xF4, 0x00, 0x00, 0x00, 0xFF, 0x40,
    0x00, 0x00, 0x0F, 0xF4, 0x00, 0x00, 0x00, 0xFF, 0x80, 0x00, 0x00, 0x0B, 0xFC, 0x00, 0x00, 0x00,
    0x7F, 0xC0, 0x00, 0x00, 0x03, 0xFE, 0x00, 0x00, 0x00, 0x2F, 0xF8, 0x00, 0x00, 0x00, 0xFF, 0xF9,
    0x56, 0x80, 0x03, 0xFF, 0xFF, 0xFC, 0x00, 0x0B, 0xFF, 0xFF, 0xC0, 0x00, 0x06, 0xFF, 0xFC, 0x00,
    0x00, 0x00, 0x7F, 0xC0, 0x00, 0x00, 0x07, 0xFC, 0x00, 0x00, 0x00, 0x7F, 0xC0, 0x00, 0x00, 0x07,
    0xFC, 0x00, 0x00, 0x00, 0x7F, 0xC0, 0x00, 0x00, 0x07, 0xFC, 0x00, 0x00, 0x00, 0x2A, 0x80, 0x00,
    0xBF, 0xF9, 0x02, 0xFF, 0xFF, 0xE1, 0xFF, 0xFF, 0xF4, 0xFF, 0xE5, 0xBC, 0xBF, 0xD0, 0x00, 0x3F,
    0xF0, 0x00, 0x0F, 0xF8, 0x00, 0x03, 0xFD, 0x00, 0x00, 0xFF, 0x40, 0x00, 0x3F, 0xE0, 0x00, 0x0F,
    0xFC, 0x00, 0x02, 0xFF, 0x00, 0x00, 0x3F, 0xF4, 0x04, 0x0B, 0xFF, 0xFF, 0x40, 0xBF, 0xFF, 0xD0,
    0x07, 0xFF, 0xF4, 0x00, 0x07, 0xFD, 0x00, 0x00, 0xFF, 0x40, 0x00, 0x3F, 0xD0, 0x00, 0x0F, 0xF4,
    0x00, 0x03, 0xFD, 0x00, 0x00, 0xFF, 0x40, 0x00, 0x3F, 0xD0, 0x00, 0x00, 0x00, 0x00, 0x00, 0x00,
    0x01, 0xD0, 0x00, 0x00, 0x03, 0xD0, 0x00, 0x34, 0x0B, 0xC0, 0x00, 0x7F, 0x4F, 0x40, 0x00, 0x1F,
    0xFE, 0x00, 0x00, 0x02, 0xFE, 0x00, 0x00, 0x00, 0xFF, 0xD0, 0x00, 0x01, 0xF7, 0xFC, 0x00, 0x03,
    0xD0, 0x7C, 0x3D, 0x0B, 0xC0, 0x00, 0x3F, 0x9F, 0x00, 0x00, 0x07, 0xFE, 0x00, 0x00, 0x00, 0xFF,
    0x40, 0x00, 0x00, 0xFF, 0xF4, 0x00, 0x02, 0xF1, 0xFC, 0x00, 0x03, 0xD0, 0x18, 0x00, 0x0B, 0x80,
    0x00, 0x00, 0x07, 0x00, 0x00, 0x00, 0x00, 0x00, 0x00, 0x00, 0x00, 0x00, 0x10, 0x00, 0x03, 0xFB,
    0xFF, 0xFF, 0xFF, 0xFF, 0xFE, 0xFC, 0x00, 0x00, 0x40, 0x00, 0x00, 0x00, 0x00, 0x40, 0x00, 0x2F,
    0xF8, 0x17, 0xFF, 0xFE, 0x7F, 0xFF, 0xFF, 0x7F, 0xF4, 0x3F, 0x7E, 0x40, 0x2F, 0x3F, 0x3F, 0xDF,
    0xE3, 0xF0, 0x7E, 0x02, 0xD0, 0x3F, 0x1F, 0xE2, 0xFC, 0x3E, 0x2F, 0x1E, 0x00, 0x2F, 0xFE, 0x54,
    0xBF, 0xFF, 0xFD, 0xFF, 0xFF, 0xFD, 0xFD, 0x5B, 0xFD, 0x00, 0x00, 0x00, 0x0B, 0xF4, 0x00, 0x00,
    0x00, 0x00, 0x00, 0x00, 0x0B, 0xFF, 0x40, 0x00, 0x00, 0x00, 0x00, 0x00, 0x03, 0x40, 0xB0, 0x00,
    0x00, 0x00, 0x00, 0x00, 0x00, 0x40, 0x04, 0x00, 0x00, 0x00, 0x00, 0x00, 0x00, 0x00, 0x00, 0x00,
    0x00, 0x00, 0x00, 0x2F, 0xE0, 0x00, 0x00, 0x00, 0x2F, 0xD0, 0x00, 0x2F, 0xFE, 0x00, 0x00, 0x00,
    0x3F, 0xFD, 0x00, 0x0E, 0x01, 0xC0, 0x00, 0x00, 0x0D, 0x03, 0x80, 0x01, 0x00, 0x10, 0x00, 0x00,
    0x01, 0x00, 0x00, 0x00, 0x00, 0x00, 0x00, 0x00, 0x00, 0x00, 0x00, 0x00, 0x00, 0x00, 0x00, 0x00,
    0x00, 0x00, 0x00, 0x00, 0x00, 0x00, 0x00, 0x00, 0x00, 0x00, 0x00, 0x00, 0x00, 0x00, 0x00, 0x00,
    0x00, 0x00, 0x00, 0x00, 0x0B, 0xF8, 0x00, 0x00, 0x00, 0x00, 0x00, 0xBF, 0x4B, 0xFF, 0x80, 0x00,
    0x00, 0x00, 0x00, 0xBF, 0xFB, 0x80, 0xB0, 0x00, 0x00, 0x00, 0x00, 0x38, 0x0B, 0x00, 0x04, 0x00,
    0x00, 0x00, 0x00, 0x00, 0x00, 0x00, 0x00, 0x00, 0x00, 0x00, 0x00, 0x00, 0x00, 0x00, 0x00, 0x00,
    0x00, 0x00, 0x00, 0x00, 0x00, 0x00, 0x00, 0x00, 0x00, 0x00, 0x00, 0x00, 0x00, 0x00, 0x00, 0x00,
    0x00, 0x00, 0x00, 0x00, 0x00, 0x00, 0x00, 0x1B, 0x90, 0x00, 0x00, 0x00, 0x1F, 0x80, 0x00, 0x1F,
    0xFD, 0x00, 0x00, 0x00, 0x2F, 0xFC, 0x00, 0x0E, 0x02, 0xC0, 0x00, 0x00, 0x0D, 0x03, 0x80, 0x02,
    0x00, 0x20, 0x00, 0x00, 0x02, 0x00, 0x60, 0x00, 0x00, 0x00, 0x00, 0x00, 0x00, 0x00, 0x00, 0x00,
    0x00, 0x00, 0x00, 0x7E, 0x40, 0x00, 0x00, 0x00, 0x00, 0x00, 0x00, 0xBF, 0xF4, 0x00, 0x00, 0x00,
    0x00, 0x00, 0x00, 0x38, 0x0F, 0x00, 0x00, 0x00, 0x00, 0x00, 0x00, 0x08, 0x00, 0x40, 0x00, 0x00,
    0x00, 0x00, 0x00, 0x00, 0x00, 0xF0, 0x00, 0x00, 0x00, 0x00, 0x00, 0x00, 0x01, 0xE0, 0x00, 0x00,
    0x00, 0x00, 0x00, 0x00, 0x03, 0xD0, 0x00, 0x00, 0x00, 0x00, 0x00, 0x00, 0x03, 0xC0, 0x00, 0x00,
    0x00, 0x00, 0x24, 0x00, 0x0B, 0xC0, 0x00, 0x00, 0x00, 0x00, 0x3C, 0x00, 0x0F, 0xC0, 0x00, 0x06,
    0x00, 0x00, 0x2F, 0x00, 0x00, 0x00, 0x00, 0xBF, 0x40, 0x00, 0x0F, 0x40, 0x00, 0x00, 0x0B, 0xF8,
    0x00, 0x00, 0x0B, 0xC0, 0x00, 0x00, 0x0B, 0xD0, 0x00, 0x00, 0x03, 0x80, 0x00, 0x00, 0x02, 0x00,
    0x00, 0x00, 0x01, 0x00, 0x00, 0x00, 0x00, 0x00, 0x00, 0x00, 0x00, 0x00, 0x00, 0x00, 0x00, 0x00,
    0x00, 0x00, 0x00, 0x00, 0x00, 0x00, 0x00, 0x00, 0x00, 0x00, 0x00, 0x00, 0x00, 0x00, 0x00, 0x00,
    0x00, 0xA4, 0x00, 0x00, 0x00, 0x00, 0x00, 0x0D, 0x00, 0xFF, 0xE0, 0x00, 0x00, 0x00, 0x00, 0x0F,
    0xF4, 0x1F, 0xF0, 0x00, 0x00, 0x00, 0x00, 0x0F, 0xFF, 0x00, 0xB0, 0x00, 0x00, 0x00, 0x00, 0x00,
    0x1B, 0x00, 0x00, 0x00, 0x00, 0x00, 0x00, 0x00, 0x00, 0x00, 0x00, 0x00, 0x00, 0x00, 0x00, 0x00,
    0x00, 0x00, 0x00, 0x00, 0x00, 0x00, 0x00, 0x00, 0x00, 0x00, 0x00, 0x00, 0x00, 0x00, 0x00, 0x00,
    0x00, 0x00, 0x00, 0x00, 0x00, 0x00, 0x00, 0x40, 0x00, 0x00, 0x01, 0xC0, 0x00, 0x00, 0x03, 0xC0,
    0x00, 0x00, 0x0B, 0xF0, 0x00, 0x00, 0x03, 0xE0, 0x00, 0x00, 0x7F, 0xC0, 0x00, 0x00, 0x01, 0xF0,
    0x00, 0x01, 0xF8, 0x00, 0x03, 0xF0, 0x00, 0xB8, 0x00, 0x00, 0x40, 0x00, 0x03, 0xE0, 0x00, 0x3C,
    0x00, 0x00, 0x00, 0x00, 0x03, 0xC0, 0x00, 0x14, 0x00, 0x00, 0x00, 0x00, 0x07, 0xC0, 0x00, 0x00,
    0x00, 0x00, 0x00, 0x00, 0x0B, 0x40, 0x00, 0x00, 0x00, 0x00, 0x00, 0x00, 0x0B, 0x00, 0x00, 0x00,
    0x00, 0x03, 0xF8, 0x00, 0xFF, 0x00, 0x00, 0x03, 0xFC, 0x00, 0xFF, 0x00, 0x00, 0x02, 0xFE, 0x47,
    0xFD, 0x00, 0x00, 0x00, 0xFF, 0xFF, 0xF8, 0x00, 0x00, 0x00, 0x1B, 0xFF, 0x80, 0x00, 0x00, 0x00,
    0x00, 0x00, 0x00, 0x00, 0x00, 0xFF, 0x40, 0x00, 0x3F, 0xFC, 0x00, 0xFF, 0x40, 0x00, 0xBF, 0xFC,
    0x00, 0xFF, 0x40, 0x00, 0xFF, 0xFC, 0x00, 0xFF, 0x40, 0x02, 0xFF, 0xFC, 0x00, 0xFF, 0x40, 0x07,
    0xFF, 0xFC, 0x00, 0xFF, 0x40, 0x0F, 0xFB, 0xFC, 0x00, 0xFF, 0x40, 0x1F, 0xF7, 0xFC, 0x00, 0xFF,
    0x40, 0x3F, 0xC7, 0xFC, 0x00, 0xFF, 0x40, 0xBF, 0x87, 0xFC, 0x00, 0xFF, 0x40, 0xFF, 0x07, 0xFC,
    0x00, 0xFF, 0x42, 0xFE, 0x07, 0xFC, 0x00, 0xFF, 0x43, 0xFC, 0x07, 0xFC, 0x00, 0xFF, 0x4F, 0xF4,
    0x07, 0xFC, 0x00, 0xFF, 0x5F, 0xF0, 0x07, 0xFC, 0x00, 0xFF, 0x7F, 0xD0, 0x07, 0xFC, 0x00, 0xFF,
    0xFF, 0xC0, 0x07, 0xFC, 0x00, 0xFF, 0xFF, 0x00, 0x07, 0xFC, 0x00, 0xFF, 0xFE, 0x00, 0x07, 0xFF,
    0xFE, 0xFF, 0xFC, 0x00, 0x07, 0xFF, 0xFD, 0xFF, 0xF8, 0x00, 0x07, 0xFF, 0xFC, 0xFF, 0xF0, 0x00,
    0x07, 0xFF, 0xFC, 0x00, 0x00, 0x00, 0x00, 0x07, 0xF8, 0x00, 0x00, 0x00, 0x00, 0x0F, 0xF4, 0x00,
    0x00, 0x00, 0x00, 0x1F, 0xF0, 0x00, 0x00, 0x00, 0x00, 0x3F, 0xF0, 0x00, 0x00, 0x00, 0x00, 0x7F,
    0xE0, 0x00, 0x00, 0x00, 0x00, 0xFF, 0xD0, 0x1A, 0x80, 0x01, 0xA8, 0x00, 0x07, 0xF8, 0x00, 0xFF,
    0x00, 0x00, 0xFF, 0x40, 0xFF, 0x40, 0x00, 0x1F, 0xFF, 0xFF, 0x80, 0x00, 0x00, 0xBF, 0xFF, 0x40,
    0x00, 0x00, 0x00, 0x00, 0x00, 0x00, 0x00, 0x00, 0x00, 0x00, 0x00, 0x03, 0xFD, 0x00, 0x1F, 0xFD,
    0x00, 0xFF, 0x40, 0x0F, 0xFF, 0x40, 0x3F, 0xD0, 0x07, 0xFF, 0xD0, 0x0F, 0xF4, 0x03, 0xFF, 0xF4,
    0x03, 0xFD, 0x02, 0xFF, 0xFD, 0x00, 0xFF, 0x41, 0xFF, 0xFF, 0x40, 0x3F, 0xD0, 0xFF, 0x7F, 0xD0,
    0x0F, 0xF4, 0x7F, 0x8F, 0xF4, 0x03, 0xFD, 0x3F, 0xC3, 0xFD, 0x00, 0xFF, 0x6F, 0xD0, 0xFF, 0x40,
    0x3F, 0xEF, 0xF0, 0x3F, 0xD0, 0x0F, 0xFF, 0xF0, 0x0F, 0xF4, 0x03, 0xFF, 0xF8, 0x03, 0xFD, 0x00,
    0xFF, 0xFC, 0x00, 0xFF, 0xFF, 0xBF, 0xFD, 0x00, 0x3F, 0xFF, 0xDF, 0xFE, 0x00, 0x0F, 0xFF, 0xF0,
    0x00, 0x00, 0x00, 0x02, 0xFC, 0x00, 0x00, 0x00, 0x00, 0xFE, 0x00, 0x00, 0x00, 0x00, 0x7F, 0x40,
    0x00, 0x00, 0x00, 0x3F, 0xC0, 0x00, 0x00, 0x00, 0x0F, 0xF0, 0x00, 0x00, 0x00, 0x07, 0xF8, 0x00,
    0x0F, 0xF4, 0x00, 0x00, 0x03, 0xFD, 0x00, 0x00, 0x05, 0xFF, 0x95, 0x40, 0x03, 0xFF, 0xFF, 0xF0,
    0x00, 0xFF, 0xFF, 0xFC, 0x00, 0x3F, 0xFF, 0xFF, 0x00, 0x00, 0xFF, 0x40, 0x00, 0x00, 0x3F, 0xD0,
    0x00, 0x00, 0x0F, 0xF9, 0x40, 0x00, 0x03, 0xFF, 0xFF, 0xE0, 0x00, 0xFF, 0xFF, 0xFF, 0x40, 0x3F,
    0xFF, 0xFF, 0xF4, 0x0F, 0xF4, 0x07, 0xFF, 0x03, 0xFD, 0x00, 0x7F, 0xD0, 0xFF, 0x40, 0x0F, 0xF4,
    0x3F, 0xD0, 0x03, 0xFD, 0x0F, 0xF4, 0x02, 0xFF, 0x03, 0xFE, 0x57, 0xFF, 0xC0, 0xFF, 0xFF, 0xFF,
    0xD0, 0x3F, 0xFF, 0xFF, 0xD0, 0x0F, 0xFF, 0xFE, 0x40, 0x00, 0x0F, 0xF4, 0x00, 0x00, 0x03, 0xFD,
    0x00, 0x00, 0x00, 0xFF, 0x40, 0x00, 0x03, 0xFF, 0xFF, 0xFC, 0x00, 0xFF, 0xFF, 0xFF, 0x00, 0x3F,
    0xFF, 0xFF, 0xC0, 0x05, 0xFF, 0x95, 0x50, 0x00, 0x3F, 0xD0, 0x00, 0x00, 0x0F, 0xF4, 0x00, 0x00,
    0x03, 0xFD, 0x00, 0x00, 0x00, 0xFF, 0x40, 0x00, 0x00, 0x3F, 0xD0, 0x00, 0x00, 0x0F, 0xFF, 0xFF,
    0xE0, 0x03, 0xFF, 0xFF, 0xFF, 0x80, 0xFF, 0xFF, 0xFF, 0xF4, 0x3F, 0xE5, 0x5B, 0xFF, 0x0F, 0xF4,
    0x00, 0xBF, 0xC3, 0xFD, 0x00, 0x2F, 0xF0, 0xFF, 0x40, 0x1F, 0xF8, 0x3F, 0xFF, 0xFF, 0xFD, 0x0F,
    0xFF, 0xFF, 0xFD, 0x03, 0xFF, 0xFF, 0xF8, 0x00, 0xFF, 0xFF, 0xE4, 0x03, 0xFF, 0xFF, 0xFD, 0x0F,
    0xFF, 0xFF, 0xFD, 0x3F, 0xE5, 0x6F, 0xFC, 0xFF, 0x40, 0x2F, 0xF3, 0xFD, 0x00, 0x3F, 0xDF, 0xF4,
    0x00, 0xFF, 0x7F, 0xD1, 0xE3, 0xFD, 0xFF, 0x4F, 0xEF, 0xF3, 0xFD, 0x1F, 0xFF, 0xCF, 0xFF, 0xFF,
    0xFD, 0x3F, 0xFF, 0xFF, 0xD0, 0xFF, 0xFF, 0xFF, 0x03, 0xFE, 0x50, 0x7F, 0x0F, 0xF4, 0x00, 0xB0,
    0x3F, 0xD0, 0x00, 0x00, 0xFF, 0x40, 0x00, 0x03, 0xFD, 0x00, 0x00, 0x0F, 0xF4, 0x00, 0x00, 0x3F,
    0xD0, 0x00, 0x00, 0xFF, 0x40, 0x00, 0x00, 0xFF, 0x0B, 0xFD, 0x03, 0xFC, 0xFF, 0xFF, 0x0F, 0xFF,
    0xFF, 0xFE, 0x3F, 0xFD, 0x5F, 0xFC, 0xFF, 0xC0, 0x0F, 0xFB, 0xFE, 0x00, 0x2F, 0xFF, 0xF4, 0x00,
    0xBF, 0xFF, 0xD0, 0x01, 0xFF, 0xFF, 0x40, 0x07, 0xFF, 0xFE, 0x07, 0x6F, 0xFF, 0xF8, 0x7F, 0xFF,
    0xFF, 0xF0, 0xFF, 0xFE, 0xFF, 0xF5, 0xFF, 0xF3, 0xFF, 0xFF, 0xFF, 0x8F, 0xFB, 0xFF, 0xFC, 0x3F,
    0xD2, 0xFF, 0xFC, 0xFF, 0x40, 0x03, 0xE3, 0xFD, 0x00, 0x01, 0x0F, 0xF4, 0x00, 0x00, 0x3F, 0xD0,
    0x00, 0x00, 0xFF, 0x40, 0x00, 0x03, 0xFD, 0x00, 0x00, 0x0F, 0xF4, 0x00, 0x00, 0x00, 0x00, 0x00,
    0x1F, 0xF0, 0x00, 0x01, 0xFF, 0x00, 0x00, 0x1F, 0xF0, 0x00, 0x01, 0xFF, 0xFF, 0xFF, 0xFF, 0xFF,
    0xFF, 0xFF, 0xFF, 0xFF, 0xFF, 0xFF, 0xFF, 0xF9, 0x55, 0x55, 0xFF, 0x40, 0x00, 0x0F, 0xF4, 0x00,
    0x00, 0xFF, 0x40, 0x00, 0x0F, 0xF4, 0x00, 0x00, 0xFF, 0x40, 0x00, 0x0F, 0xF4, 0x00, 0x00, 0xFF,
    0x40, 0x00, 0x0F, 0xF4, 0x00, 0x00, 0xFF, 0x40, 0x00, 0x0F, 0xF4, 0x00, 0x00, 0xFF, 0x40, 0x00,
    0x0F, 0xF4, 0x00, 0x00, 0xFF, 0x40, 0x00, 0x0F, 0xF4, 0x00, 0x00, 0xFF, 0x40, 0x00, 0x0F, 0xF4,
    0x00, 0x00, 0xFF, 0x40, 0x00, 0x00, 0x00, 0x01, 0xFF, 0x00, 0x01, 0xFF, 0x00, 0x01, 0xFF, 0x00,
    0x01, 0xFF, 0xFF, 0xFF, 0xFF, 0xFF, 0xFF, 0xFF, 0xFF, 0xFF, 0xFF, 0xFF, 0x95, 0x55, 0xFF, 0x40,
    0x00, 0xFF, 0x40, 0x00, 0xFF, 0x40, 0x00, 0xFF, 0x40, 0x00, 0xFF, 0x40, 0x00, 0xFF, 0x40, 0x00,
    0xFF, 0x40, 0x00, 0xFF, 0x40, 0x00, 0xFF, 0x40, 0x00, 0xFF, 0x40, 0x00, 0xFF, 0x40, 0x00, 0xFF,
    0x40, 0x00, 0x0F, 0xFF, 0xFF, 0xFC, 0x3F, 0xFF, 0xFF, 0xF0, 0xFF, 0xFF, 0xFF, 0xC3, 0xFE, 0x55,
    0x55, 0x0F, 0xF4, 0x00, 0x00, 0x3F, 0xD0, 0x00, 0x00, 0xFF, 0x40, 0x00, 0x03, 0xFD, 0x00, 0x00,
    0x0F, 0xF4, 0x00, 0x03, 0xFF, 0xFF, 0xFC, 0x0F, 0xFF, 0xFF, 0xF0, 0x3F, 0xFF, 0xFF, 0xC0, 0x5F,
    0xF9, 0x55, 0x00, 0x3F, 0xD0, 0x00, 0x00, 0xFF, 0x40, 0x00, 0x03, 0xFD, 0x00, 0x00, 0x0F, 0xF4,
    0x00, 0x00, 0x3F, 0xD0, 0x00, 0x00, 0xFF, 0x40, 0x00, 0x03, 0xFD, 0x00, 0x00, 0x0F, 0xF4, 0x00,
    0x00, 0x0F, 0xFF, 0xFF, 0xE0, 0xFF, 0xFF, 0xFE, 0x0F, 0xFF, 0xFF, 0xE0, 0xFF, 0x95, 0x54, 0x0F,
    0xF4, 0x00, 0x00, 0xFF, 0x40, 0x00, 0x5F, 0xF9, 0x54, 0x0F, 0xFF, 0xFF, 0xC0, 0xFF, 0xFF, 0xFC,
    0x0F, 0xFF, 0xFF, 0xC0, 0x0F, 0xF4, 0x00, 0x00, 0xFF, 0x40, 0x00, 0x0F, 0xF4, 0x00, 0x00, 0xFF,
    0x40, 0x00, 0x0F, 0xF4, 0x00, 0x00, 0xFF, 0x40, 0x00, 0xFF, 0xFF, 0xFF, 0xC0, 0x0F, 0xFF, 0xFF,
    0xFC, 0x00, 0xFF, 0xFF, 0xFF, 0xC0, 0x0F, 0xF9, 0x55, 0x54, 0x00, 0xFF, 0x40, 0x00, 0x00, 0x0F,
    0xF4, 0x00, 0x00, 0x00, 0xFF, 0x40, 0x00, 0x00, 0x0F, 0xF4, 0x00, 0x00, 0x00, 0xFF, 0x40, 0x00,
    0x00, 0x0F, 0xFF, 0xFF, 0x90, 0x00, 0xFF, 0xFF, 0xFF, 0xE0, 0x0F, 0xFF, 0xFF, 0xFF, 0x80, 0xFF,
    0xFF, 0xFF, 0xFE, 0x0F, 0xF8, 0x01, 0xFF, 0xF4, 0xFF, 0x40, 0x02, 0xFF, 0xCF, 0xF4, 0x00, 0x0F,
    0xFC, 0xFF, 0x40, 0x00, 0x7F, 0xDF, 0xF4, 0x00, 0x03, 0xFD, 0xFF, 0x40, 0x00, 0x3F, 0xDF, 0xF4,
    0x00, 0x03, 0xFD, 0xFF, 0x40, 0x00, 0x3F, 0xD0, 0x00, 0x00, 0x07, 0xFC, 0x00, 0x00, 0x00, 0xFF,
    0xC0, 0x00, 0x00, 0x1F, 0xF4, 0x00, 0x39, 0x5B, 0xFF, 0x00, 0x03, 0xFF, 0xFF, 0xC0, 0x00, 0x3F,
    0xFF, 0xF0, 0x00, 0x02, 0xFF, 0xF4, 0x00, 0xFF, 0xFF, 0xFE, 0x03, 0xFF, 0xFF, 0xF8, 0x0F, 0xFF,
    0xFF, 0xE0, 0x3F, 0xE5, 0x55, 0x00, 0xFF, 0x40, 0x00, 0x03, 0xFD, 0x00, 0x00, 0x0F, 0xF4, 0x00,
    0x00, 0x3F, 0xFF, 0xF8, 0x00, 0xFF, 0xFF, 0xFD, 0x03, 0xFF, 0xFF, 0xFE, 0x0F, 0xF9, 0x6F, 0xFD,
    0x3F, 0xD0, 0x0F, 0xFC, 0xFF, 0x40, 0x1F, 0xF3, 0xFD, 0x00, 0x3F, 0xDF, 0xF4, 0x00, 0xFF, 0x7F,
    0xD0, 0x03, 0xFD, 0x00, 0x00, 0x0F, 0xF4, 0x00, 0x00, 0x7F, 0xC0, 0x00, 0x03, 0xFF, 0x00, 0x65,
    0x7F, 0xF4, 0x01, 0xFF, 0xFF, 0xC0, 0x07, 0xFF, 0xF8, 0x00, 0x0B, 0xFE, 0x40, 0x00, 0x3F, 0xE0,
    0x00, 0xFF, 0x40, 0x07, 0xFC, 0x01, 0xFF, 0x00, 0x0F, 0xF4, 0x00, 0xFF, 0x80, 0x0B, 0xFC, 0x00,
    0xFF, 0x40, 0x2F, 0xF0, 0x00, 0x3F, 0xE0, 0x0F, 0xF4, 0x03, 0xFC, 0x00, 0x01, 0xFF, 0x00, 0xFF,
    0x40, 0xFF, 0x80, 0x00, 0x0B, 0xFC, 0x0F, 0xF4, 0x1F, 0xF0, 0x00, 0x00, 0x3F, 0xD0, 0xFF, 0x43,
    0xFC, 0x00, 0x00, 0x01, 0xFF, 0x0F, 0xF4, 0xBF, 0x80, 0x00, 0x00, 0x0B, 0xF8, 0xFF, 0x5F, 0xF0,
    0x00, 0x00, 0x00, 0x3F, 0xDF, 0xF7, 0xFC, 0x00, 0x00, 0x00, 0x01, 0xFF, 0xFF, 0xFF, 0xC0, 0x00,
    0x00, 0x00, 0x3F, 0xDF, 0xFB, 0xFD, 0x00, 0x00, 0x00, 0x0F, 0xFC, 0xFF, 0x5F, 0xF0, 0x00, 0x00,
    0x01, 0xFF, 0x0F, 0xF4, 0xBF, 0x80, 0x00, 0x00, 0x3F, 0xD0, 0xFF, 0x43, 0xFC, 0x00, 0x00, 0x0F,
    0xF8, 0x0F, 0xF4, 0x1F, 0xF0, 0x00, 0x02, 0xFF, 0x00, 0xFF, 0x40, 0xBF, 0x80, 0x00, 0x7F, 0xD0,
    0x0F, 0xF4, 0x03, 0xFD, 0x55, 0x0F, 0xF8, 0x00, 0xFF, 0x40, 0x1F, 0xFF, 0xF2, 0xFF, 0x00, 0x0F,
    0xF4, 0x00, 0xFF, 0xFF, 0x7F, 0xD0, 0x00, 0xFF, 0x40, 0x03, 0xFF, 0xF0, 0x00, 0x00, 0x00, 0x00,
    0x00, 0x01, 0xFF, 0x00, 0x00, 0x00, 0x00, 0x00, 0x00, 0x1F, 0xF0, 0x00, 0x00, 0x00, 0x00, 0x00,
    0x01, 0xFF, 0x00, 0x00, 0x00, 0x00, 0x00, 0x00, 0x1F, 0xF0, 0x00, 0x00, 0x00, 0x00, 0x00, 0x01,
    0xFF, 0x00, 0x00, 0x00, 0x00, 0x00, 0x00, 0x1F, 0xF0, 0x3F, 0xF0, 0x03, 0xFD, 0x00, 0xBF, 0xC0,
    0x0F, 0xF4, 0x03, 0xFD, 0x01, 0xFF, 0x40, 0x07, 0xFC, 0x03, 0xFD, 0x03, 0xFE, 0x00, 0x02, 0xFF,
    0x03, 0xFD, 0x0B, 0xFC, 0x00, 0x00, 0xFF, 0x83, 0xFD, 0x1F, 0xF0, 0x00, 0x00, 0x3F, 0xD3, 0xFD,
    0x3F, 0xD0, 0x00, 0x00, 0x1F, 0xF3, 0xFD, 0xBF, 0x80, 0x00, 0x00, 0x0B, 0xFB, 0xFE, 0xFF, 0x00,
    0x00, 0x00, 0x0F, 0xFB, 0xFE, 0xFF, 0x00, 0x00, 0x00, 0x2F, 0xF3, 0xFD, 0xBF, 0xC0, 0x00, 0x00,
    0xBF, 0xC3, 0xFD, 0x3F, 0xE0, 0x00, 0x01, 0xFF, 0x43, 0xFD, 0x0F, 0xF4, 0x00, 0x03, 0xFE, 0x03,
    0xFD, 0x07, 0xFC, 0x00, 0x0F, 0xFC, 0x03, 0xFD, 0x02, 0xFF, 0xFD, 0x2F, 0xF0, 0x03, 0xFD, 0x00,
    0xFF, 0xFD, 0x7F, 0xD0, 0x03, 0xFD, 0x00, 0x7F, 0xFD, 0x00, 0x00, 0x00, 0x00, 0x00, 0x03, 0xFD,
    0x00, 0x00, 0x00, 0x00, 0x00, 0x03, 0xFD, 0x00, 0x00, 0x00, 0x00, 0x00, 0x03, 0xFD, 0x00, 0x00,
    0x00, 0x00, 0x00, 0x03, 0xFD, 0x00, 0x00, 0x00, 0x00, 0x00, 0x03, 0xFD, 0x00, 0x00, 0x00, 0x00,
    0x00, 0x03, 0xFD, 0x06, 0xFF, 0xF8, 0x01, 0xFF, 0xFF, 0xFE, 0x03, 0xFF, 0xFF, 0xFE, 0x0F, 0xE5,
    0x6F, 0xFC, 0x00, 0x00, 0x1F, 0xF4, 0x00, 0x00, 0x3F, 0xD0, 0x00, 0x00, 0xFF, 0x40, 0x00, 0x0B,
    0xFC, 0x01, 0x55, 0xFF, 0xD0, 0x0F, 0xFF, 0xF8, 0x00, 0x3F, 0xFF, 0xE0, 0x00, 0xFF, 0xFF, 0xF4,
    0x00, 0x00, 0x7F, 0xF4, 0x00, 0x00, 0x3F, 0xF0, 0x00, 0x00, 0x7F, 0xC0, 0x00, 0x02, 0xFF, 0x00,
    0x00, 0x0F, 0xFE, 0xF9, 0x56, 0xFF, 0xDB, 0xFF, 0xFF, 0xFE, 0x2F, 0xFF, 0xFF, 0xE0, 0x1B, 0xFF,
    0xE4, 0x00, 0x00, 0x1F, 0x40, 0x00, 0x00, 0x1F, 0x40, 0x00, 0x00, 0x3F, 0x00, 0x00, 0x01, 0xFC,
    0x00, 0x00, 0xBF, 0xF0, 0x00, 0x02, 0xFF, 0x40, 0x00, 0x07, 0xE4, 0x00, 0x0A, 0xFF, 0xE4, 0x07,
    0xFF, 0xFF, 0xE0, 0x3F, 0xFF, 0xFF, 0x82, 0xE5, 0x6F, 0xFC, 0x00, 0x00, 0xBF, 0xC0, 0x00, 0x0B,
    0xFC, 0x01, 0x56, 0xFF, 0x40, 0x3F, 0xFF, 0xD0, 0x03, 0xFF, 0xF9, 0x00, 0x3F, 0xFF, 0xF8, 0x00,
    0x00, 0xBF, 0xC0, 0x00, 0x03, 0xFD, 0x79, 0x55, 0xFF, 0xDB, 0xFF, 0xFF, 0xFC, 0xBF, 0xFF, 0xFF,
    0x01, 0xBF, 0xFE, 0x40, 0x00, 0x1F, 0x40, 0x00, 0x00, 0x7D, 0x00, 0x00, 0x03, 0xF0, 0x00, 0x00,
    0x3F, 0x00, 0x00, 0xBF, 0xF0, 0x00, 0x0B, 0xFD, 0x00, 0x00, 0xBF, 0x40, 0x00, 0xFF, 0x40, 0x01,
    0xFF, 0x43, 0xFD, 0x00, 0x0F, 0xF8, 0x0F, 0xF4, 0x00, 0xFF, 0xC0, 0x3F, 0xD0, 0x0B, 0xFC, 0x00,
    0xFF, 0x40, 0x7F, 0xD0, 0x03, 0xFD, 0x03, 0xFE, 0x00, 0x0F, 0xF4, 0x2F, 0xF0, 0x00, 0x3F, 0xD1,
    0xFF, 0x00, 0x00, 0xFF, 0x4F, 0xF4, 0x00, 0x03, 0xFD, 0xFF, 0x80, 0x00, 0x0F, 0xFF, 0xFC, 0x00,
    0x00, 0x3F, 0xEF, 0xFC, 0x00, 0x00, 0xFF, 0x5F, 0xF4, 0x00, 0x03, 0xFD, 0x2F, 0xF0, 0x00, 0x0F,
    0xF4, 0x3F, 0xF0, 0x00, 0x3F, 0xD0, 0x3F, 0xE0, 0x00, 0xFF, 0x40, 0x7F, 0xD0, 0x03, 0xFD, 0x00,
    0xBF, 0xD5, 0x5F, 0xF4, 0x00, 0xFF, 0xFF, 0xFF, 0xD0, 0x00, 0xFF, 0xFF, 0xFF, 0x40, 0x01, 0xFF,
    0xFC, 0x00, 0x00, 0x00, 0x1F, 0xF0, 0x00, 0x00, 0x00, 0x7F, 0xC0, 0x00, 0x00, 0x01, 0xFF, 0x00,
    0x00, 0x00, 0x07, 0xFC, 0x00, 0x00, 0x00, 0x1F, 0xF0, 0x00, 0x00, 0x00, 0x7F, 0xC0, 0xFF, 0x40,
    0x0F, 0xFC, 0x3F, 0xD0, 0x0B, 0xFD, 0x0F, 0xF4, 0x07, 0xFD, 0x03, 0xFD, 0x03, 0xFE, 0x00, 0xFF,
    0x43, 0xFF, 0x00, 0x3F, 0xD2, 0xFF, 0x00, 0x0F, 0xF5, 0xFF, 0x00, 0x03, 0xFE, 0xFF, 0x40, 0x00,
    0xFF, 0xBF, 0xD0, 0x00, 0x3F, 0xD7, 0xFD, 0x00, 0x0F, 0xF4, 0xBF, 0xC0, 0x03, 0xFD, 0x0F, 0xFC,
    0x00, 0xFF, 0x40, 0xFF, 0x80, 0x3F, 0xD0, 0x1F, 0xFF, 0xFF, 0xF4, 0x02, 0xFF, 0xFF, 0xFD, 0x00,
    0x2F, 0xFF, 0x00, 0x00, 0x00, 0x7F, 0xC0, 0x00, 0x00, 0x1F, 0xF0, 0x00, 0x00, 0x07, 0xFC, 0x00,
    0x00, 0x01, 0xFF, 0x00, 0x00, 0x00, 0x7F, 0xC0, 0x00, 0x00, 0x1F, 0xF0, 0xFF, 0x40, 0x03, 0xFF,
    0x3F, 0xD0, 0x02, 0xFF, 0x4F, 0xF4, 0xF1, 0xFF, 0x83, 0xFD, 0x3C, 0xFF, 0xC0, 0xFF, 0x4F, 0xBF,
    0xC0, 0x3F, 0xD3, 0xFF, 0xD0, 0x0F, 0xF4, 0xFF, 0xE0, 0x03, 0xFD, 0x3F, 0xF0, 0x00, 0xFF, 0x5F,
    0xF0, 0x00, 0x3F, 0xEF, 0xF4, 0x00, 0x0F, 0xFF, 0xFD, 0x00, 0x03, 0xFD, 0xBF, 0xC0, 0x00, 0xFF,
    0x4F, 0xFC, 0x00, 0x3F, 0xD3, 0xFF, 0x80, 0x0F, 0xF4, 0xFF, 0xF4, 0x03, 0xFD, 0x3F, 0xFF, 0x00,
    0xFF, 0x4F, 0x7F, 0xE0, 0x3F, 0xD3, 0xCB, 0xFD, 0x0F, 0xF4, 0x00, 0xFF, 0xC3, 0xFD, 0x00, 0x1F,
    0xFC, 0xFF, 0x40, 0x02, 0xFF, 0x80, 0xFF, 0x40, 0x0F, 0xFC, 0xFF, 0x40, 0x2F, 0xF4, 0xFF, 0x4F,
    0x7F, 0xE0, 0xFF, 0x4F, 0xFF, 0xC0, 0xFF, 0x4F, 0xFF, 0x00, 0xFF, 0x4F, 0xFD, 0x00, 0xFF, 0x5F,
    0xF4, 0x00, 0xFF, 0xBF, 0xE0, 0x00, 0xFF, 0xFF, 0xD0, 0x00, 0xFF, 0x6F, 0xF4, 0x00, 0xFF, 0x4F,
    0xFC, 0x00, 0xFF, 0x4F, 0xFF, 0x00, 0xFF, 0x4F, 0xFF, 0xC0, 0xFF, 0x4F, 0x3F, 0xE0, 0xFF, 0x4F,
    0x1F, 0xF8, 0xFF, 0x40, 0x0B, 0xFE, 0x0F, 0xF4, 0x00, 0x1F, 0xF0, 0x0F, 0xF4, 0x00, 0x3F, 0xE0,
    0x1F, 0xF9, 0x40, 0xBF, 0xC0, 0xBF, 0xFF, 0xC1, 0xFF, 0x00, 0xBF, 0xFF, 0xC3, 0xFE, 0x00, 0xBF,
    0xFF, 0xCB, 0xFC, 0x00, 0x0F, 0xF4, 0x0F, 0xF4, 0x00, 0x0F, 0xF4, 0x3F, 0xE0, 0x00, 0x0F, 0xF9,
    0xBF, 0xC0, 0x00, 0x0F, 0xFF, 0xFF, 0x40, 0x00, 0x0F, 0xFF, 0xFF, 0x00, 0x00, 0x0F, 0xFF, 0xFF,
    0x80, 0x00, 0x0F, 0xF4, 0x7F, 0xD0, 0x00, 0x0F, 0xF4, 0x2F, 0xF0, 0x00, 0x0F, 0xF4, 0x0F, 0xFC,
    0x00, 0x0F, 0xF4, 0x07, 0xFD, 0x00, 0x0F, 0xF4, 0x02, 0xFF, 0x00, 0x0F, 0xF4, 0x00, 0xFF, 0xC0,
    0x0F, 0xF4, 0x00, 0x7F, 0xE0, 0x0F, 0xF4, 0x00, 0x3F, 0xF0, 0x0F, 0xF4, 0x00, 0x0F, 0xFC, 0x0F,
    0xF4, 0x00, 0x00, 0x00, 0x3F, 0xD0, 0x00, 0x00, 0x0F, 0xFF, 0xFF, 0xC0, 0x00, 0x3F, 0xFF, 0xFF,
    0x00, 0x00, 0xFF, 0xFF, 0xFC, 0x00, 0x01, 0x7F, 0xE5, 0x50, 0x00, 0x00, 0xFF, 0x40, 0x07, 0xFD,
    0x03, 0xFD, 0x00, 0x7F, 0xE0, 0x0F, 0xF4, 0x03, 0xFF, 0x00, 0x3F, 0xD0, 0x3F, 0xF0, 0x00, 0xFF,
    0x43, 0xFF, 0x00, 0x03, 0xFD, 0x2F, 0xF4, 0x00, 0x0F, 0xF5, 0xFF, 0x80, 0x00, 0x3F, 0xFF, 0xFC,
    0x00, 0x00, 0xFF, 0xBF, 0xF0, 0x00, 0x03, 0xFD, 0x3F, 0xF0, 0x00, 0x0F, 0xF4, 0x7F, 0xF0, 0x00,
    0x3F, 0xD0, 0xBF, 0xE0, 0x00, 0xFF, 0x40, 0xBF, 0xD0, 0x03, 0xFD, 0x00, 0xFF, 0xD0, 0x0F, 0xF4,
    0x00, 0xFF, 0xC0, 0x3F, 0xD0, 0x00, 0xFF, 0xC0, 0xBF, 0xFF, 0xD0, 0x00, 0x7F, 0xCB, 0xFF, 0xFD,
    0x00, 0x0F, 0xF4, 0xBF, 0xFF, 0xD0, 0x03, 0xFE, 0x01, 0x57, 0xFD, 0x00, 0xBF, 0xC0, 0x00, 0x3F,
    0xD0, 0x1F, 0xF0, 0x00, 0x03, 0xFD, 0x03, 0xFD, 0x00, 0x00, 0x3F, 0xD0, 0xFF, 0x80, 0x00, 0x03,
    0xFD, 0x2F, 0xF0, 0x00, 0x00, 0x3F, 0xDB, 0xFC, 0x00, 0x00, 0x03, 0xFE, 0xFF, 0x40, 0x00, 0x00,
    0x3F, 0xEF, 0xF8, 0x00, 0x00, 0x03, 0xFD, 0xBF, 0xC0, 0x00, 0x00, 0x3F, 0xD3, 0xFF, 0x00, 0x00,
    0x03, 0xFD, 0x0F, 0xF8, 0x00, 0x00, 0x3F, 0xD0, 0xBF, 0xD0, 0x00, 0x03, 0xFD, 0x03, 0xFF, 0x00,
    0x00, 0x3F, 0xD0, 0x0F, 0xFC, 0x00, 0x03, 0xFD, 0x00, 0x7F, 0xE0, 0x00, 0x3F, 0xD0, 0x02, 0xFF,
    0x00, 0x03, 0xFD, 0x00, 0x0F, 0xFC, 0x00, 0x3F, 0xD0, 0x00, 0x7F, 0xE0, 0xFF, 0xFF, 0xD0, 0x03,
    0xFE, 0x3F, 0xFF, 0xF4, 0x02, 0xFF, 0x0F, 0xFF, 0xFD, 0x01, 0xFF, 0x01, 0x55, 0xFF, 0x40, 0xFF,
    0x00, 0x00, 0x3F, 0xD0, 0xFF, 0x40, 0x00, 0x0F, 0xF4, 0xFF, 0x80, 0x00, 0x03, 0xFD, 0xBF, 0x80,
    0x00, 0x00, 0xFF, 0xFF, 0xC0, 0x00, 0x00, 0x3F, 0xEF, 0xF4, 0x00, 0x00, 0x0F, 0xF5, 0xFF, 0x40,
    0x00, 0x03, 0xFD, 0x1F, 0xF0, 0x00, 0x00, 0xFF, 0x42, 0xFF, 0x00, 0x00, 0x3F, 0xD0, 0x3F, 0xE0,
    0x00, 0x0F, 0xF4, 0x03, 0xFE, 0x00, 0x03, 0xFD, 0x00, 0x7F, 0xD0, 0x00, 0xFF, 0x40, 0x07, 0xFC,
    0xFF, 0x40, 0x00, 0x7F, 0xC0, 0x0F, 0xF4, 0x00, 0x07, 0xFC, 0x00, 0xFF, 0x40, 0x00, 0x7F, 0xC0,
    0x0F, 0xF4, 0x00, 0x07, 0xFC, 0x00, 0xFF, 0x40, 0x00, 0x7F, 0xC0, 0x0F, 0xF4, 0x00, 0x07, 0xFC,
    0x00, 0xFF, 0x40, 0x00, 0x7F, 0xC0, 0x0F, 0xF4, 0x00, 0x07, 0xFC, 0x00, 0xFF, 0x95, 0x55, 0xBF,
    0xC0, 0x0F, 0xFF, 0xFF, 0xFF, 0xFC, 0x00, 0xFF, 0xFF, 0xFF, 0xFF, 0xC0, 0x0F, 0xFF, 0xFF, 0xFF,
    0xFC, 0x00, 0xFF, 0x40, 0x00, 0x7F, 0xC0, 0x0F, 0xF4, 0x00, 0x07, 0xFC, 0x00, 0xFF, 0x40, 0x00,
    0x7F, 0xC0, 0x0F, 0xF4, 0x00, 0x07, 0xFC, 0x00, 0xFF, 0x40, 0x00, 0x7F, 0xC0, 0x0F, 0xF4, 0x00,
    0x07, 0xFF, 0xFD, 0xFF, 0x40, 0x00, 0x7F, 0xFF, 0xDF, 0xF4, 0x00, 0x07, 0xFF, 0xFD, 0xFF, 0x40,
    0x00, 0x7F, 0xFF, 0xD0, 0x00, 0x00, 0x00, 0x03, 0xFD, 0x00, 0x00, 0x00, 0x00, 0x3F, 0xD0, 0x00,
    0x00, 0x00, 0x03, 0xFD, 0x00, 0x00, 0x00, 0x00, 0x3F, 0xD0, 0x00, 0x00, 0x00, 0x03, 0xFD, 0x00,
    0x00, 0x00, 0x00, 0x3F, 0xD0, 0xFF, 0x40, 0x07, 0xFC, 0x03, 0xFD, 0x00, 0x1F, 0xF0, 0x0F, 0xF4,
    0x00, 0x7F, 0xC0, 0x3F, 0xD0, 0x01, 0xFF, 0x00, 0xFF, 0x40, 0x07, 0xFC, 0x03, 0xFD, 0x00, 0x1F,
    0xF0, 0x0F, 0xFF, 0xFF, 0xFF, 0xC0, 0x3F, 0xFF, 0xFF, 0xFF, 0x00, 0xFF, 0xFF, 0xFF, 0xFC, 0x03,
    0xFE, 0x55, 0x6F, 0xF0, 0x0F, 0xF4, 0x00, 0x7F, 0xC0, 0x3F, 0xD0, 0x01, 0xFF, 0x00, 0xFF, 0x40,
    0x07, 0xFC, 0x03, 0xFD, 0x00, 0x1F, 0xFF, 0xFF, 0xF4, 0x00, 0x7F, 0xFF, 0xFF, 0xD0, 0x01, 0xFF,
    0xFF, 0x00, 0x00, 0x00, 0x03, 0xFC, 0x00, 0x00, 0x00, 0x0F, 0xF0, 0x00, 0x00, 0x00, 0x3F, 0xC0,
    0x00, 0x00, 0x00, 0xFF, 0x00, 0x00, 0x00, 0x03, 0xFC, 0x00, 0x00, 0x00, 0x0F, 0xF0, 0xFF, 0x40,
    0x00, 0x7F, 0xFF, 0xEF, 0xF4, 0x00, 0x07, 0xFF, 0xFE, 0xFF, 0x40, 0x00, 0x7F, 0xFF, 0xEF, 0xF4,
    0x00, 0x07, 0xFD, 0x54, 0xFF, 0x40, 0x00, 0x7F, 0xC0, 0x0F, 0xF4, 0x00, 0x07, 0xFC, 0x00, 0xFF,
    0x40, 0x00, 0x7F, 0xC0, 0x0F, 0xF4, 0x00, 0x07, 0xFC, 0x00, 0xFF, 0x95, 0x55, 0xBF, 0xC0, 0x0F,
    0xFF, 0xFF, 0xFF, 0xFC, 0x00, 0xFF, 0xFF, 0xFF, 0xFF, 0xC0, 0x0F, 0xFF, 0xFF, 0xFF, 0xFC, 0x00,
    0xFF, 0x40, 0x00, 0x7F, 0xC0, 0x0F, 0xF4, 0x00, 0x07, 0xFC, 0x00, 0xFF, 0x40, 0x00, 0x7F, 0xC0,
    0x0F, 0xF4, 0x00, 0x07, 0xFC, 0x00, 0xFF, 0x40, 0x00, 0x7F, 0xC0, 0x0F, 0xF4, 0x00, 0x07, 0xFC,
    0x00, 0xFF, 0x40, 0x00, 0x7F, 0xC0, 0x0F, 0xF4, 0x00, 0x07, 0xFC, 0x00, 0xFF, 0x40, 0x00, 0x7F,
    0xC0, 0x00, 0xFF, 0x40, 0x07, 0xFF, 0xFF, 0xFF, 0x40, 0x07, 0xFF, 0xFF, 0xFF, 0x40, 0x07, 0xFF,
    0xFF, 0xFF, 0x40, 0x07, 0xFD, 0x55, 0xFF, 0x40, 0x07, 0xFC, 0x00, 0xFF, 0x40, 0x07, 0xFC, 0x00,
    0xFF, 0xFF, 0xFF, 0xFC, 0x00, 0xFF, 0xFF, 0xFF, 0xFC, 0x00, 0xFF, 0xFF, 0xFF, 0xFC, 0x00, 0xFF,
    0x95, 0x5B, 0xFC, 0x00, 0xFF, 0x40, 0x07, 0xFC, 0x00, 0xFF, 0x40, 0x07, 0xFC, 0x00, 0xFF, 0x40,
    0x07, 0xFC, 0x00, 0xFF, 0x40, 0x07, 0xFC, 0x00, 0xFF, 0x40, 0x07, 0xFC, 0x00, 0xFF, 0x40, 0x07,
    0xFC, 0x00, 0xFF, 0xFF, 0xFF, 0xFF, 0x00, 0x00, 0x00, 0x3F, 0xFF, 0xFF, 0xFF, 0xC0, 0x00, 0x00,
    0x0F, 0xFF, 0xFF, 0xFF, 0xF0, 0x00, 0x00, 0x03, 0xFE, 0x55, 0x5B, 0xFC, 0x00, 0x00, 0x00, 0xFF,
    0x40, 0x01, 0xFF, 0x00, 0x00, 0x00, 0x3F, 0xD0, 0x00, 0x7F, 0xC0, 0x00, 0x00, 0x0F, 0xF4, 0x00,
    0x1F, 0xF0, 0x00, 0x00, 0x03, 0xFD, 0x00, 0x07, 0xFC, 0x00, 0x00, 0x00, 0xFF, 0x40, 0x01, 0xFF,
    0x00, 0x00, 0x00, 0x3F, 0xD0, 0x00, 0x7F, 0xFF, 0xFE, 0x40, 0x0F, 0xF4, 0x00, 0x1F, 0xFF, 0xFF,
    0xFD, 0x03, 0xFD, 0x00, 0x07, 0xFF, 0xFF, 0xFF, 0xD0, 0xFF, 0x40, 0x01, 0xFF, 0xFF, 0xFF, 0xFD,
    0x3F, 0xD0, 0x00, 0x7F, 0xC0, 0x0B, 0xFF, 0xCF, 0xF4, 0x00, 0x1F, 0xF0, 0x00, 0x3F, 0xF7, 0xFD,
    0x00, 0x07, 0xFC, 0x00, 0x03, 0xFE, 0xFF, 0x40, 0x01, 0xFF, 0x00, 0x00, 0xFF, 0xFF, 0xD0, 0x00,
    0x7F, 0xC0, 0x00, 0x2F, 0xFF, 0xF4, 0x00, 0x1F, 0xF0, 0x00, 0x07, 0xFF, 0xFD, 0x00, 0x07, 0xFC,
    0x00, 0x01, 0xFF, 0xFF, 0x40, 0x01, 0xFF, 0x00, 0x00, 0xBF, 0xC0, 0x00, 0x00, 0x00, 0x00, 0x00,
    0x3F, 0xE0, 0x00, 0x00, 0x00, 0x00, 0x00, 0x1F, 0xF4, 0x00, 0x00, 0x00, 0x00, 0x00, 0x0F, 0xFC,
    0x00, 0x00, 0x00, 0x00, 0x65, 0x6F, 0xFE, 0x00, 0x00, 0x00, 0x00, 0x2F, 0xFF, 0xFE, 0x00, 0x00,
    0x00, 0x00, 0x0B, 0xFF, 0xFE, 0x00, 0x00, 0x00, 0x00, 0x01, 0xBF, 0xF8, 0x00, 0xFF, 0xFF, 0xFF,
    0xF0, 0x00, 0x03, 0xFF, 0xFF, 0xFF, 0xC0, 0x00, 0x0F, 0xFF, 0xFF, 0xFF, 0x00, 0x00, 0x3F, 0xE5,
    0x5B, 0xFC, 0x00, 0x00, 0xFF, 0x40, 0x1F, 0xF0, 0x00, 0x03, 0xFD, 0x00, 0x7F, 0xC0, 0x00, 0x0F,
    0xF4, 0x01, 0xFF, 0x00, 0x00, 0x3F, 0xD0, 0x07, 0xFF, 0xF9, 0x00, 0xFF, 0x40, 0x1F, 0xFF, 0xFF,
    0x03, 0xFD, 0x00, 0x7F, 0xFF, 0xFF, 0x0F, 0xF4, 0x01, 0xFF, 0x5B, 0xFF, 0x3F, 0xD0, 0x07, 0xFC,
    0x0B, 0xFD, 0xFF, 0x40, 0x1F, 0xF0, 0x0F, 0xFB, 0xFD, 0x00, 0x7F, 0xC0, 0x2F, 0xFF, 0xF4, 0x01,
    0xFF, 0x00, 0x7F, 0xFF, 0xD0, 0x07, 0xFC, 0x01, 0xFF, 0x00, 0x00, 0x00, 0x00, 0x0B, 0xFC, 0x00,
    0x00, 0x00, 0x00, 0x3F, 0xE0, 0x00, 0x00, 0x00, 0x01, 0xFF, 0x40, 0x00, 0x00, 0x35, 0x6F, 0xFC,
    0x00, 0x00, 0x00, 0xFF, 0xFF, 0xD0, 0x00, 0x00, 0x03, 0xFF, 0xFD, 0x00, 0x00, 0x00, 0x0B, 0xFF,
    0x80, 0x00, 0x00, 0x1B, 0xFF, 0x40, 0x00, 0x01, 0xFF, 0xFF, 0x40, 0x00, 0x07, 0xFF, 0xFF, 0x00,
    0x00, 0x1F, 0xFE, 0x56, 0x00, 0x00, 0x3F, 0xF0, 0x00, 0x00, 0x00, 0x3F, 0xD0, 0x06, 0xFE, 0x00,
    0xBF, 0xC0, 0x2F, 0xFF, 0xD0, 0xBF, 0x80, 0x3F, 0xFF, 0xF0, 0xFF, 0x80, 0xBF, 0xDF, 0xF8, 0xFF,
    0x40, 0xFF, 0x8B, 0xFC, 0xFF, 0x40, 0xFF, 0x47, 0xFC, 0xFF, 0x40, 0xFF, 0x47, 0xFC, 0xFF, 0x80,
    0xFF, 0x47, 0xFC, 0xBF, 0xC0, 0xFF, 0x8B, 0xFC, 0xBF, 0xC0, 0x7F, 0x8F, 0xF4, 0x3F, 0xE0, 0x3F,
    0xCF, 0xF0, 0x2F, 0xF4, 0x2F, 0xFF, 0xD0, 0x0F, 0xFF, 0x5F, 0xFF, 0x80, 0x07, 0xFF, 0xFF, 0xFF,
    0x55, 0x00, 0xFF, 0xFF, 0xFF, 0xFF, 0x00, 0x1B, 0xFF, 0xBF, 0xFF, 0x00, 0x00, 0x00, 0x06, 0xFF,
    0x00, 0xBF, 0xE0, 0x00, 0x01, 0xFF, 0xF8, 0x00, 0x01, 0xFF, 0xFD, 0x00, 0x00, 0xFF, 0xD5, 0x04,
    0x00, 0x7F, 0xC0, 0x7F, 0xF4, 0x2F, 0xE0, 0x3F, 0xFF, 0x0F, 0xF8, 0x2F, 0xFF, 0xE3, 0xFD, 0x0F,
    0xD1, 0xFC, 0xFF, 0x43, 0xF0, 0x3F, 0x3F, 0xE0, 0xFC, 0x0F, 0xCB, 0xF8, 0x3F, 0x47, 0xF1, 0xFF,
    0x0B, 0xF7, 0xF8, 0x3F, 0xF5, 0xFF, 0xFC, 0x07, 0xFF, 0xFF, 0xFE, 0x50, 0x7F, 0xFF, 0xFF, 0xFC,
    0x02, 0xFF, 0xAF, 0xFF, 0x00, 0x00, 0x00, 0xBF, 0x80, 0x00, 0x06, 0xFF, 0xE4, 0x00, 0x2F, 0xFF,
    0xFF, 0xC0, 0x3F, 0xFF, 0xFF, 0xF0, 0x3F, 0xFD, 0x56, 0xF4, 0x2F, 0xF8, 0x00, 0x04, 0x0F, 0xF8,
    0x00, 0x00, 0x07, 0xFC, 0x00, 0x00, 0x02, 0xFF, 0x00, 0x00, 0x00, 0xFF, 0x80, 0x00, 0x00, 0x3F,
    0xD0, 0x00, 0x00, 0x0F, 0xF4, 0x00, 0x00, 0x03, 0xFD, 0x00, 0x00, 0x00, 0xFF, 0x80, 0x00, 0x00,
    0x2F, 0xF0, 0x00, 0x00, 0x07, 0xFC, 0x00, 0x00, 0x00, 0xFF, 0x80, 0x00, 0x00, 0x2F, 0xF8, 0x00,
    0x00, 0x03, 0xFF, 0xD5, 0x6F, 0x80, 0x7F, 0xFF, 0xFF, 0xE0, 0x03, 0xFF, 0xFF, 0xF8, 0x00, 0x1B,
    0xFF, 0xE4, 0x00, 0x00, 0x7D, 0x00, 0x00, 0x00, 0x07, 0xD0, 0x00, 0x00, 0x00, 0xFC, 0x00, 0x00,
    0x00, 0x3F, 0x00, 0x00, 0x02, 0xFF, 0xC0, 0x00, 0x00, 0xBF, 0xD0, 0x00, 0x00, 0x1F, 0x90, 0x00,
    0x00, 0x6F, 0xFE, 0x01, 0xFF, 0xFF, 0xE1, 0xFF, 0xFF, 0xF0, 0xFF, 0xE5, 0x78, 0x7F, 0xD0, 0x00,
    0x2F, 0xF0, 0x00, 0x0F, 0xF8, 0x00, 0x03, 0xFD, 0x00, 0x00, 0xFF, 0x40, 0x00, 0x3F, 0xE0, 0x00,
    0x0F, 0xFC, 0x00, 0x01, 0xFF, 0x80, 0x01, 0x3F, 0xFE, 0xAF, 0x87, 0xFF, 0xFF, 0xE0, 0x7F, 0xFF,
    0xF4, 0x01, 0xFF, 0xE4, 0x00, 0x0F, 0x40, 0x00, 0x01, 0xF4, 0x00, 0x00, 0x3F, 0x00, 0x00, 0x0F,
    0xC0, 0x00, 0x7F, 0xF0, 0x00, 0x1F, 0xF8, 0x00, 0x07, 0xF8, 0x00, 0xFF, 0xFF, 0xFF, 0xFF, 0xFF,
    0xFF, 0xFF, 0xFF, 0xFF, 0xFF, 0xFF, 0xFF, 0x55, 0x6F, 0xF5, 0x55, 0x00, 0x1F, 0xF0, 0x00, 0x00,
    0x1F, 0xF0, 0x00, 0x00, 0x1F, 0xF0, 0x00, 0x00, 0x1F, 0xF0, 0x00, 0x00, 0x1F, 0xF0, 0x00, 0x00,
    0x1F, 0xF0, 0x00, 0x00, 0x1F, 0xF0, 0x00, 0x00, 0x1F, 0xF0, 0x00, 0x00, 0x1F, 0xF0, 0x00, 0x00,
    0x1F, 0xF0, 0x00, 0x00, 0x1F, 0xF0, 0x00, 0x00, 0x1F, 0xF0, 0x00, 0x00, 0x1F, 0xF0, 0x00, 0x00,
    0x1F, 0xFF, 0xF4, 0x00, 0x1F, 0xFF, 0xF4, 0x00, 0x1F, 0xFF, 0xF4, 0x00, 0x1F, 0xFF, 0xF4, 0x00,
    0x00, 0x0F, 0xF4, 0x00, 0x00, 0x0F, 0xF4, 0x00, 0x00, 0x0F, 0xF4, 0x00, 0x00, 0x0F, 0xF4, 0x00,
    0x00, 0x0F, 0xF4, 0x00, 0x00, 0x0F, 0xF4, 0xFF, 0xFF, 0xFF, 0xFF, 0xFF, 0xFF, 0xFF, 0xFF, 0xFF,
    0xFF, 0xFF, 0xD5, 0x5F, 0xF9, 0x55, 0x00, 0x3F, 0xD0, 0x00, 0x00, 0xFF, 0x40, 0x00, 0x03, 0xFD,
    0x00, 0x00, 0x0F, 0xF4, 0x00, 0x00, 0x3F, 0xD0, 0x00, 0x00, 0xFF, 0x40, 0x00, 0x03, 0xFD, 0x00,
    0x00, 0x0F, 0xF4, 0x00, 0x00, 0x3F, 0xD0, 0x00, 0x00, 0xFF, 0xFF, 0xD0, 0x03, 0xFF, 0xFF, 0x40,
    0x0F, 0xFF, 0xFD, 0x00, 0x00, 0x0F, 0xF4, 0x00, 0x00, 0x3F, 0xD0, 0x00, 0x00, 0xFF, 0x40, 0x00,
    0x03, 0xFD, 0x00, 0x00, 0x0F, 0xF4, 0x00, 0x00, 0x3F, 0xD0, 0xBF, 0xC0, 0x00, 0x3F, 0xF0, 0xFF,
    0x80, 0x01, 0xFF, 0x82, 0xFF, 0x00, 0x0F, 0xFC, 0x03, 0xFE, 0x00, 0x7F, 0xD0, 0x0B, 0xFC, 0x03,
    0xFF, 0x00, 0x0F, 0xF8, 0x0F, 0xF4, 0x00, 0x1F, 0xF0, 0xBF, 0xC0, 0x00, 0x3F, 0xE3, 0xFD, 0x00,
    0x00, 0x7F, 0xFF, 0xF0, 0x00, 0x00, 0xFF, 0xFF, 0x00, 0x00, 0x01, 0xFF, 0xF8, 0x00, 0x00, 0x03,
    0xFF, 0xC0, 0x00, 0x00, 0x07, 0xFE, 0x00, 0x00, 0x00, 0x0F, 0xF4, 0x00, 0x00, 0x00, 0x3F, 0xD0,
    0x00, 0x00, 0x00, 0xFF, 0x40, 0x00, 0x00, 0x03, 0xFD, 0x00, 0x00, 0x00, 0x0F, 0xF4, 0x00, 0x00,
    0x00, 0x3F, 0xD0, 0x00, 0x00, 0x00, 0xFF, 0x40, 0x00, 0x00, 0x03, 0xFD, 0x00, 0x00, 0x3F, 0xF0,
    0x00, 0x7F, 0xD2, 0xFF, 0x00, 0x0B, 0xFC, 0x0F, 0xF4, 0x00, 0xFF, 0x80, 0xFF, 0xC0, 0x1F, 0xF4,
    0x07, 0xFC, 0x02, 0xFF, 0x00, 0x3F, 0xE0, 0x3F, 0xD0, 0x02, 0xFF, 0x07, 0xFC, 0x00, 0x1F, 0xF0,
    0xFF, 0x80, 0x00, 0xFF, 0x8F, 0xF4, 0x00, 0x0B, 0xFD, 0xFF, 0x00, 0x00, 0x3F, 0xEF, 0xE0, 0x00,
    0x02, 0xFF, 0xFC, 0x00, 0x00, 0x1F, 0xFF, 0xC0, 0x00, 0x00, 0xFF, 0xF4, 0x00, 0x00, 0x0B, 0xFF,
    0x00, 0x00, 0x00, 0x3F, 0xE0, 0x00, 0x00, 0x03, 0xFD, 0x00, 0x00, 0x00, 0x3F, 0xD0, 0x00, 0x00,
    0x03, 0xFD, 0x00, 0x00, 0x00, 0x3F, 0xD0, 0x00, 0x00, 0x03, 0xFD, 0x00, 0x00, 0x00, 0x3F, 0xD0,
    0x00, 0x00, 0x03, 0xFD, 0x00, 0x00, 0x3F, 0xE0, 0x00, 0x0F, 0xFC, 0x2F, 0xF0, 0x00, 0x1F, 0xF8,
    0x0F, 0xF8, 0x00, 0x3F, 0xF0, 0x0B, 0xFC, 0x00, 0x7F, 0xD0, 0x03, 0xFE, 0x00, 0xFF, 0xC0, 0x01,
    0xFF, 0x01, 0xFF, 0x40, 0x00, 0xFF, 0x83, 0xFE, 0x00, 0x00, 0x7F, 0xC7, 0xFC, 0x00, 0x00, 0x3F,
    0xEF, 0xF8, 0x00, 0x00, 0x1F, 0xFF, 0xF0, 0x00, 0x00, 0x0F, 0xFF, 0xD0, 0x00, 0x00, 0x07, 0xFF,
    0xC0, 0x00, 0x00, 0x03, 0xFF, 0x40, 0x00, 0x01, 0x56, 0xFF, 0x55, 0x40, 0x03, 0xFF, 0xFF, 0xFF,
    0xC0, 0x03, 0xFF, 0xFF, 0xFF, 0xC0, 0x03, 0xFF, 0xFF, 0xFF, 0xC0, 0x00, 0x01, 0xFF, 0x00, 0x00,
    0x00, 0x01, 0xFF, 0x00, 0x00, 0x00, 0x01, 0xFF, 0x00, 0x00, 0x00, 0x01, 0xFF, 0x00, 0x00, 0x3F,
    0xF0, 0x00, 0x3F, 0xF0, 0x7F, 0xC0, 0x02, 0xFF, 0x40, 0xFF, 0x80, 0x0F, 0xFC, 0x02, 0xFF, 0x00,
    0x7F, 0xE0, 0x07, 0xFC, 0x02, 0xFF, 0x00, 0x0F, 0xF8, 0x0F, 0xFC, 0x00, 0x2F, 0xF0, 0x7F, 0xD0,
    0x00, 0x3F, 0xC2, 0xFF, 0x00, 0x00, 0xFF, 0x8F, 0xF8, 0x00, 0x01, 0xFF, 0x7F, 0xC0, 0x00, 0x03,
    0xFE, 0xFE, 0x00, 0x00, 0x0B, 0xFF, 0xF4, 0x00, 0x00, 0x1F, 0xFF, 0xC0, 0x00, 0x00, 0x3F, 0xFD,
    0x00, 0x00, 0x00, 0xBF, 0xF0, 0x00, 0x00, 0x00, 0xFF, 0x80, 0x00, 0x03, 0xFF, 0xFF, 0xFF, 0x00,
    0x0F, 0xFF, 0xFF, 0xFC, 0x00, 0x3F, 0xFF, 0xFF, 0xF0, 0x00, 0x55, 0xFF, 0x95, 0x40, 0x00, 0x03,
    0xFD, 0x00, 0x00, 0x00, 0x0F, 0xF4, 0x00, 0x00, 0x00, 0x3F, 0xD0, 0x00, 0x00, 0x3F, 0xF0, 0x00,
    0x0F, 0xFC, 0x01, 0xFF, 0x40, 0x02, 0xFF, 0x40, 0x0F, 0xFC, 0x00, 0x3F, 0xE0, 0x00, 0x3F, 0xE0,
    0x0B, 0xFC, 0x00, 0x02, 0xFF, 0x01, 0xFF, 0x40, 0x00, 0x0F, 0xFC, 0x3F, 0xE0, 0x00, 0x00, 0x3F,
    0xD7, 0xFC, 0x00, 0x00, 0x02, 0xFF, 0xFF, 0x40, 0x00, 0x00, 0x0F, 0xFF, 0xF0, 0x00, 0x00, 0x00,
    0x7F, 0xFC, 0x00, 0x00, 0x00, 0x03, 0xFF, 0xC0, 0x00, 0x00, 0x00, 0xFF, 0xFD, 0x00, 0x00, 0x00,
    0x1F, 0xFF, 0xF0, 0x00, 0x00, 0x03, 0xFD, 0xFF, 0x80, 0x00, 0x00, 0xBF, 0xC7, 0xFD, 0x00, 0x00,
    0x1F, 0xF0, 0x2F, 0xF0, 0x00, 0x03, 0xFE, 0x00, 0xFF, 0xC0, 0x00, 0xBF, 0xC0, 0x0B, 0xFF, 0xFD,
    0x1F, 0xF4, 0x00, 0x3F, 0xFF, 0xD3, 0xFF, 0x00, 0x01, 0xFF, 0xFD, 0xBF, 0xC0, 0x00, 0x0B, 0xFF,
    0xD0, 0x00, 0x00, 0x00, 0x03, 0xFD, 0x00, 0x00, 0x00, 0x00, 0x3F, 0xD0, 0x00, 0x00, 0x00, 0x03,
    0xFD, 0x00, 0x00, 0x00, 0x00, 0x3F, 0xD0, 0x00, 0x00, 0x00, 0x03, 0xFD, 0x00, 0x00, 0x00, 0x00,
    0x3F, 0xD0, 0x7F, 0xE0, 0x03, 0xFF, 0x40, 0xBF, 0xD0, 0x1F, 0xFC, 0x00, 0xFF, 0xC0, 0xFF, 0xC0,
    0x01, 0xFF, 0x4B, 0xFD, 0x00, 0x03, 0xFF, 0x3F, 0xF0, 0x00, 0x03, 0xFF, 0xFF, 0x00, 0x00, 0x0B,
    0xFF, 0xF4, 0x00, 0x00, 0x0F, 0xFF, 0x80, 0x00, 0x00, 0x3F, 0xFE, 0x00, 0x00, 0x01, 0xFF, 0xFD,
    0x00, 0x00, 0x0F, 0xFF, 0xFC, 0x00, 0x00, 0xFF, 0xDF, 0xF8, 0x00, 0x0B, 0xFD, 0x1F, 0xF4, 0x00,
    0x3F, 0xE0, 0x3F, 0xFF, 0xD3, 0xFF, 0x00, 0x3F, 0xFF, 0x6F, 0xF4, 0x00, 0xBF, 0xFD, 0x00, 0x00,
    0x00, 0x0F, 0xF4, 0x00, 0x00, 0x00, 0x3F, 0xD0, 0x00, 0x00, 0x00, 0xFF, 0x40, 0x00, 0x00, 0x03,
    0xFD, 0x00, 0x00, 0x00, 0x0F, 0xF4, 0x00, 0x00, 0x00, 0x3F, 0xD0, 0xFF, 0xFF, 0xFF, 0xFC, 0x1F,
    0xF0, 0x0F, 0xFF, 0xFF, 0xFF, 0xC1, 0xFF, 0x00, 0xFF, 0xFF, 0xFF, 0xFC, 0x1F, 0xF0, 0x05, 0x57,
    0xFE, 0x55, 0x41, 0xFF, 0x00, 0x00, 0x3F, 0xD0, 0x00, 0x1F, 0xF0, 0x00, 0x03, 0xFD, 0x00, 0x01,
    0xFF, 0x00, 0x00, 0x3F, 0xD0, 0x00, 0x1F, 0xF0, 0x00, 0x03, 0xFD, 0x00, 0x01, 0xFF, 0x00, 0x00,
    0x3F, 0xD0, 0x00, 0x1F, 0xF0, 0x00, 0x03, 0xFD, 0x00, 0x01, 0xFF, 0x00, 0x00, 0x3F, 0xD0, 0x00,
    0x1F, 0xF0, 0x00, 0x03, 0xFD, 0x00, 0x01, 0xFF, 0x00, 0x00, 0x3F, 0xD0, 0x00, 0x1F, 0xF0, 0x00,
    0x03, 0xFD, 0x00, 0x01, 0xFF, 0x00, 0x00, 0x3F, 0xD0, 0x00, 0x1F, 0xF0, 0x00, 0x03, 0xFD, 0x00,
    0x01, 0xFF, 0x00, 0x00, 0x3F, 0xD0, 0x00, 0x1F, 0xF0, 0x00, 0x03, 0xFE, 0x55, 0x56, 0xFF, 0x55,
    0x00, 0x3F, 0xFF, 0xFF, 0xFF, 0xFF, 0xF0, 0x03, 0xFF, 0xFF, 0xFF, 0xFF, 0xFF, 0x00, 0x3F, 0xFF,
    0xFF, 0xFF, 0xFF, 0xF0, 0x00, 0x00, 0x00, 0x00, 0x00, 0xFF, 0x00, 0x00, 0x00, 0x00, 0x00, 0x0F,
    0xF0, 0x00, 0x00, 0x00, 0x00, 0x00, 0xFF, 0x00, 0x00, 0x00, 0x00, 0x00, 0x0F, 0xF0, 0x00, 0x00,
    0x00, 0x00, 0x00, 0xFF, 0x00, 0x00, 0x00, 0x00, 0x00, 0x0F, 0xF0, 0x00, 0x00, 0x00, 0x00, 0x00,
    0xAA, 0xFF, 0xFF, 0xFF, 0x1F, 0xF0, 0x03, 0xFF, 0xFF, 0xFC, 0x7F, 0xC0, 0x0F, 0xFF, 0xFF, 0xF1,
    0xFF, 0x00, 0x15, 0xBF, 0xD5, 0x47, 0xFC, 0x00, 0x01, 0xFF, 0x00, 0x1F, 0xF0, 0x00, 0x07, 0xFC,
    0x00, 0x7F, 0xC0, 0x00, 0x1F, 0xF0, 0x01, 0xFF, 0x00, 0x00, 0x7F, 0xC0, 0x07, 0xFC, 0x00, 0x01,
    0xFF, 0x00, 0x1F, 0xF0, 0x00, 0x07, 0xFC, 0x00, 0x7F, 0xC0, 0x00, 0x1F, 0xF0, 0x01, 0xFF, 0x00,
    0x00, 0x7F, 0xC0, 0x07, 0xFC, 0x00, 0x01, 0xFF, 0x55, 0x6F, 0xF5, 0x50, 0x07, 0xFF, 0xFF, 0xFF,
    0xFF, 0xD0, 0x1F, 0xFF, 0xFF, 0xFF, 0xFF, 0x40, 0x7F, 0xFF, 0xFF, 0xFF, 0xFD, 0x00, 0x00, 0x00,
    0x00, 0x0F, 0xF4, 0x00, 0x00, 0x00, 0x00, 0x3F, 0xD0, 0x00, 0x00, 0x00, 0x00, 0xFF, 0x40, 0x00,
    0x00, 0x00, 0x03, 0xFD, 0x00, 0x00, 0x00, 0x00, 0x0F, 0xF4, 0x00, 0x00, 0x00, 0x00, 0x2A, 0x90,
    0xFF, 0x40, 0x00, 0x7F, 0xC0, 0x0F, 0xF4, 0x00, 0x07, 0xFC, 0x00, 0xFF, 0x40, 0x00, 0x7F, 0xC0,
    0x0F, 0xF4, 0x00, 0x07, 0xFC, 0x00, 0xFF, 0x40, 0x00, 0x7F, 0xC0, 0x0F, 0xF4, 0x00, 0x07, 0xFC,
    0x00, 0xFF, 0x40, 0x00, 0x7F, 0xC0, 0x0F, 0xF4, 0x00, 0x07, 0xFC, 0x00, 0xFF, 0x40, 0x00, 0x7F,
    0xC0, 0x0F, 0xF8, 0x00, 0x07, 0xFC, 0x00, 0xFF, 0xE0, 0x06, 0xFF, 0xC0, 0x07, 0xFF, 0xFF, 0xFF,
    0xFC, 0x00, 0x2F, 0xFF, 0xFF, 0xFF, 0xC0, 0x00, 0x7F, 0xFF, 0x9B, 0xFC, 0x00, 0x00, 0x14, 0x00,
    0x7F, 0xC0, 0x00, 0x00, 0x00, 0x07, 0xFC, 0x00, 0x00, 0x00, 0x00, 0x7F, 0xC0, 0x00, 0x00, 0x00,
    0x07, 0xFF, 0xFD, 0x00, 0x00, 0x00, 0x7F, 0xFF, 0xD0, 0x00, 0x00, 0x07, 0xFF, 0xFD, 0x00, 0x00,
    0x00, 0x7F, 0xFF, 0xD0, 0x00, 0x00, 0x00, 0x03, 0xFD, 0x00, 0x00, 0x00, 0x00, 0x3F, 0xD0, 0x00,
    0x00, 0x00, 0x03, 0xFD, 0x00, 0x00, 0x00, 0x00, 0x3F, 0xD0, 0x00, 0x00, 0x00, 0x03, 0xFD, 0x00,
    0x00, 0x00, 0x00, 0x3F, 0xD0, 0xFF, 0x40, 0x07, 0xFC, 0x00, 0xFF, 0x40, 0x07, 0xFC, 0x00, 0xFF,
    0x40, 0x07, 0xFC, 0x00, 0xFF, 0x40, 0x07, 0xFC, 0x00, 0xFF, 0x40, 0x07, 0xFC, 0x00, 0xFF, 0x40,
    0x07, 0xFC, 0x00, 0xFF, 0x80, 0x07, 0xFC, 0x00, 0xFF, 0xC0, 0x6F, 0xFC, 0x00, 0xBF, 0xFF, 0xFF,
    0xFC, 0x00, 0x3F, 0xFF, 0xFF, 0xFC, 0x00, 0x0B, 0xFF, 0x97, 0xFC, 0x00, 0x00, 0x10, 0x07, 0xFC,
    0x00, 0x00, 0x00, 0x07, 0xFC, 0x00, 0x00, 0x00, 0x07, 0xFF, 0xFD, 0x00, 0x00, 0x07, 0xFF, 0xFD,
    0x00, 0x00, 0x07, 0xFF, 0xFD, 0x00, 0x00, 0x00, 0x03, 0xFD, 0x00, 0x00, 0x00, 0x03, 0xFD, 0x00,
    0x00, 0x00, 0x03, 0xFD, 0x00, 0x00, 0x00, 0x03, 0xFD, 0x00, 0x00, 0x00, 0x03, 0xFD, 0x00, 0x00,
    0x00, 0x03, 0xFD, 0xFF, 0x40, 0x00, 0x7F, 0xFF, 0xD0, 0x00, 0x1F, 0xFF, 0xF4, 0x00, 0x07, 0xFF,
    0xFD, 0x00, 0x01, 0xFF, 0xFF, 0x40, 0x00, 0x7F, 0xFF, 0xD0, 0x00, 0x1F, 0xFF, 0xF4, 0x0F, 0x07,
    0xFF, 0xFD, 0x03, 0xC1, 0xFF, 0xFF, 0x80, 0xF0, 0x7F, 0xFF, 0xF0, 0x3C, 0x1F, 0xFF, 0xFE, 0x0F,
    0x6F, 0xFD, 0xFF, 0xFF, 0xFF, 0xFF, 0x2F, 0xFF, 0xFF, 0xFF, 0xC0, 0xBF, 0xFF, 0xAF, 0xF0, 0x00,
    0x1F, 0x07, 0xFC, 0x00, 0x03, 0xC1, 0xFF, 0x00, 0x00, 0xF0, 0x7F, 0xC0, 0x00, 0x3C, 0x1F, 0xF0,
    0x00, 0x0F, 0x07, 0xFC, 0x00, 0x00, 0x01, 0xFF, 0x00, 0x00, 0x00, 0x7F, 0xC0, 0xFF, 0x40, 0x03,
    0xFD, 0xFF, 0x40, 0x03, 0xFD, 0xFF, 0x40, 0x03, 0xFD, 0xFF, 0x40, 0x03, 0xFD, 0xFF, 0x43, 0xC3,
    0xFD, 0xFF, 0x43, 0xC3, 0xFD, 0xFF, 0x83, 0xC3, 0xFD, 0xFF, 0xD3, 0xDF, 0xFD, 0xBF, 0xFF, 0xFF,
    0xFD, 0x3F, 0xFF, 0xFF, 0xFD, 0x0B, 0xFF, 0xE3, 0xFD, 0x00, 0x17, 0xC3, 0xFD, 0x00, 0x03, 0xC3,
    0xFD, 0x00, 0x03, 0xC3, 0xFD, 0x00, 0x00, 0x03, 0xFD, 0x00, 0x00, 0x03, 0xFD, 0xFF, 0x40, 0x00,
    0x00, 0x3F, 0xD0, 0x00, 0x00, 0x0F, 0xF4, 0x00, 0x00, 0x03, 0xFD, 0x00, 0x00, 0x00, 0xFF, 0x40,
    0x00, 0x00, 0x3F, 0xD0, 0x00, 0x00, 0x0F, 0xF4, 0x00, 0x00, 0x03, 0xFD, 0x1B, 0xFF, 0x80, 0xFF,
    0xFF, 0xFF, 0xFD, 0x3F, 0xFF, 0xFF, 0xFF, 0xDF, 0xFF, 0x95, 0x7F, 0xFB, 0xFE, 0x00, 0x03, 0xFF,
    0xFF, 0x40, 0x00, 0xBF, 0xFF, 0xD0, 0x00, 0x1F, 0xFF, 0xF4, 0x00, 0x07, 0xFF, 0xFD, 0x00, 0x01,
    0xFF, 0xFF, 0x40, 0x00, 0x7F, 0xFF, 0xD0, 0x00, 0x1F, 0xFF, 0xF4, 0x00, 0x07, 0xFF, 0xFD, 0x00,
    0x01, 0xFF, 0xFF, 0x40, 0x00, 0x7F, 0xC0, 0xFF, 0x40, 0x00, 0x03, 0xFD, 0x00, 0x00, 0x0F, 0xF4,
    0x00, 0x00, 0x3F, 0xD0, 0x00, 0x00, 0xFF, 0x40, 0x00, 0x03, 0xFD, 0x00, 0x00, 0x0F, 0xF4, 0x7F,
    0xE4, 0x3F, 0xDF, 0xFF, 0xF4, 0xFF, 0xFF, 0xFF, 0xF7, 0xFF, 0xE5, 0xBF, 0xEF, 0xFD, 0x00, 0xFF,
    0xFF, 0xF0, 0x02, 0xFF, 0xFF, 0x80, 0x07, 0xFF, 0xFD, 0x00, 0x1F, 0xFF, 0xF4, 0x00, 0x7F, 0xFF,
    0xD0, 0x01, 0xFF, 0xFF, 0x40, 0x07, 0xFF, 0xFD, 0x00, 0x1F, 0xFF, 0xF4, 0x00, 0x7F, 0xFF, 0xD0,
    0x01, 0xFF, 0xFF, 0x40, 0x07, 0xFF, 0xFD, 0x00, 0x1F, 0xF0, 0x00, 0x00, 0x01, 0xBF, 0xF9, 0x00,
    0x00, 0x00, 0x00, 0xFF, 0xFF, 0xFD, 0x00, 0x00, 0x00, 0x7F, 0xFF, 0xFF, 0xF8, 0x00, 0x00, 0x0F,
    0xFE, 0x55, 0xFF, 0xE0, 0x00, 0x02, 0xFF, 0x40, 0x01, 0xFF, 0x07, 0xF0, 0x3F, 0xD0, 0x00, 0x0B,
    0xF8, 0xFF, 0x0B, 0xFC, 0x00, 0x00, 0x7F, 0xCF, 0xF0, 0xFF, 0x80, 0x00, 0x03, 0xFC, 0xFF, 0x9F,
    0xF9, 0x55, 0x55, 0x7F, 0xDF, 0xFF, 0xFF, 0xFF, 0xFF, 0xFF, 0xFD, 0x3F, 0xFF, 0xFF, 0xFF, 0xFF,
    0xFF, 0xD0, 0xBF, 0xFF, 0xFF, 0xFF, 0xFF, 0xFD, 0x00, 0x0F, 0xF4, 0x00, 0x00, 0x00, 0x00, 0x00,
    0xFF, 0x80, 0x00, 0x00, 0x00, 0x00, 0x0B, 0xFC, 0x00, 0x00, 0x00, 0x00, 0x00, 0x7F, 0xD0, 0x00,
    0x00, 0x00, 0x00, 0x03, 0xFF, 0x40, 0x00, 0x1B, 0x40, 0x00, 0x0F, 0xFF, 0x55, 0x6F, 0xF4, 0x00,
    0x00, 0x3F, 0xFF, 0xFF, 0xFF, 0x40, 0x00, 0x00, 0xBF, 0xFF, 0xFF, 0xE0, 0x00, 0x00, 0x00, 0xBF,
    0xFF, 0x90, 0x00, 0x00, 0x00, 0x6F, 0xF9, 0x00, 0x00, 0x03, 0xFF, 0xFF, 0xC0, 0x00, 0x0F, 0xFF,
    0xFF, 0xF0, 0x00, 0x2F, 0xF9, 0x6F, 0xF8, 0xBC, 0x3F, 0xD0, 0x07, 0xFC, 0xFC, 0x7F, 0xC0, 0x03,
    0xFD, 0xFF, 0xFF, 0xFF, 0xFF, 0xFD, 0xBF, 0xFF, 0xFF, 0xFF, 0xFD, 0x2F, 0xFF, 0xFF, 0xFF, 0xFD,
    0x00, 0x7F, 0xC0, 0x00, 0x00, 0x00, 0x7F, 0xC0, 0x00, 0x00, 0x00, 0x3F, 0xF0, 0x00, 0x00, 0x00,
    0x1F, 0xFD, 0x56, 0xB4, 0x00, 0x0B, 0xFF, 0xFF, 0xF4, 0x00, 0x02, 0xFF, 0xFF, 0xF4, 0x00, 0x00,
    0x2F, 0xFF, 0x90, 0x00, 0x00, 0x01, 0xBF, 0xF9, 0x00, 0x00, 0x00, 0x01, 0xFF, 0xFF, 0xFE, 0x00,
    0x00, 0x00, 0xBF, 0xFF, 0xFF, 0xFC, 0x00, 0x00, 0x1F, 0xFE, 0x55, 0xBF, 0xE0, 0x00, 0x03, 0xFF,
    0x00, 0x01, 0xFF, 0x47, 0xF0, 0x7F, 0xC0, 0x00, 0x0B, 0xF8, 0xFF, 0x0F, 0xF8, 0x00, 0x00, 0x3F,
    0xCF, 0xF4, 0xFF, 0x40, 0x00, 0x03, 0xFC, 0xFF, 0xFF, 0xFF, 0xFF, 0xFF, 0xFF, 0xDB, 0xFF, 0xFF,
    0xFF, 0xFF, 0xFF, 0xFD, 0x2F, 0xFF, 0xFF, 0xFF, 0xFF, 0xFF, 0xD0, 0x05, 0xFF, 0x55, 0x55, 0x55,
    0x54, 0x00, 0x0F, 0xF4, 0x00, 0x00, 0x00, 0x00, 0x00, 0xFF, 0x80, 0x00, 0x00, 0x00, 0x00, 0x0B,
    0xFC, 0x00, 0x00, 0x00, 0x00, 0x00, 0x3F, 0xF0, 0x00, 0x00, 0x74, 0x00, 0x02, 0xFF, 0xD0, 0x01,
    0xBF, 0x40, 0x00, 0x0B, 0xFF, 0xFF, 0xFF, 0xF4, 0x00, 0x00, 0x2F, 0xFF, 0xFF, 0xFF, 0x40, 0x00,
    0x00, 0x7F, 0xFF, 0xFF, 0x40, 0x00, 0x00, 0x00, 0x2F, 0xF5, 0x00, 0x00, 0x00, 0x00, 0x01, 0xFF,
    0x00, 0x00, 0x00, 0x00, 0x00, 0x1F, 0xF0, 0x00, 0x00, 0x00, 0x00, 0x01, 0xFF, 0x00, 0x00, 0x00,
    0x00, 0x00, 0x1F, 0xF0, 0x00, 0x00, 0x00, 0x00, 0x01, 0xFF, 0x00, 0x00, 0x00, 0x00, 0x2F, 0xF9,
    0x00, 0x00, 0x02, 0xFF, 0xFF, 0xC0, 0x00, 0x0B, 0xFF, 0xFF, 0xF0, 0x00, 0x1F, 0xF9, 0x6F, 0xF8,
    0xBC, 0x3F, 0xD0, 0x0B, 0xFC, 0xFC, 0x3F, 0xC0, 0x03, 0xFC, 0xFD, 0x7F, 0xC0, 0x03, 0xFD, 0xFF,
    0xFF, 0xFF, 0xFF, 0xFD, 0x7F, 0xFF, 0xFF, 0xFF, 0xFD, 0x1B, 0xFF, 0xFF, 0xFF, 0xFD, 0x00, 0x7F,
    0xC0, 0x00, 0x00, 0x00, 0x7F, 0xD0, 0x00, 0x00, 0x00, 0x3F, 0xF4, 0x00, 0x64, 0x00, 0x1F, 0xFF,
    0xFF, 0xF4, 0x00, 0x07, 0xFF, 0xFF, 0xF4, 0x00, 0x00, 0xBF, 0xFF, 0xE0, 0x00, 0x00, 0x0F, 0xF8,
    0x00, 0x00, 0x00, 0x0F, 0xF4, 0x00, 0x00, 0x00, 0x0F, 0xF4, 0x00, 0x00, 0x00, 0x0F, 0xF4, 0x00,
    0x00, 0x00, 0x0F, 0xF4, 0x00, 0x00, 0x00, 0x0F, 0xF4, 0x00, 0xFF, 0xFF, 0xFF, 0xFF, 0xFF, 0xFF,
    0xFC, 0x3F, 0xF4, 0x07, 0xFC, 0x01, 0xFF, 0x00, 0x7F, 0xC0, 0x1F, 0xF0, 0x07, 0xFC, 0x01, 0xFF,
    0x00, 0x7F, 0xC0, 0x1F, 0xF0, 0x07, 0xFC, 0x01, 0xFF, 0x00, 0x7F, 0xC0, 0x1F, 0xF0, 0x07, 0xFC,
    0x03, 0xFF, 0x4F, 0xFF, 0xFF, 0xFF, 0xFF, 0xFF, 0xFF, 0xC0, 0x00, 0x00, 0x3F, 0x80, 0x7F, 0x40,
    0x00, 0x00, 0x00, 0x0F, 0xF4, 0x3F, 0xC0, 0x00, 0x00, 0x00, 0x01, 0xFF, 0xFF, 0xD0, 0x00, 0x00,
    0x00, 0x00, 0x1F, 0xFF, 0xD0, 0x00, 0x00, 0x00, 0x00, 0x00, 0x15, 0x40, 0x00, 0x00, 0x00, 0x00,
    0x00, 0x00, 0x00, 0x00, 0x00, 0x03, 0xFE, 0x00, 0x0F, 0xF4, 0x00, 0x3F, 0xD0, 0x7F, 0xC0, 0x03,
    0xFD, 0x00, 0x2F, 0xF0, 0x0B, 0xFC, 0x00, 0xFF, 0x40, 0x1F, 0xF0, 0x00, 0xFF, 0x40, 0x3F, 0xD0,
    0x0F, 0xF8, 0x00, 0x1F, 0xF0, 0x0F, 0xF4, 0x0B, 0xFC, 0x00, 0x03, 0xFE, 0x03, 0xFD, 0x03, 0xFD,
    0x00, 0x00, 0x3F, 0xD0, 0xFF, 0x42, 0xFE, 0x00, 0x00, 0x0B, 0xFC, 0x3F, 0xD1, 0xFF, 0x00, 0x00,
    0x00, 0xFF, 0x9F, 0xF9, 0xFF, 0x40, 0x00, 0x00, 0x1F, 0xFF, 0xFF, 0xFF, 0x80, 0x00, 0x00, 0x03,
    0xFF, 0xFF, 0xFF, 0xE0, 0x00, 0x00, 0x02, 0xFF, 0xFF, 0xFF, 0xFC, 0x00, 0x00, 0x01, 0xFF, 0x4F,
    0xF4, 0xFF, 0xC0, 0x00, 0x00, 0xFF, 0xC3, 0xFD, 0x0F, 0xF4, 0x00, 0x00, 0xBF, 0xC0, 0xFF, 0x42,
    0xFF, 0x00, 0x00, 0x7F, 0xE0, 0x3F, 0xD0, 0x3F, 0xF0, 0x00, 0x3F, 0xF0, 0x0F, 0xF4, 0x07, 0xFD,
    0x00, 0x2F, 0xF4, 0x03, 0xFD, 0x00, 0xFF, 0xC0, 0x1F, 0xF8, 0x00, 0xFF, 0x40, 0x0F, 0xFC, 0x0F,
    0xFC, 0x00, 0x3F, 0xD0, 0x02, 0xFF, 0x4B, 0xFD, 0x00, 0x0F, 0xF4, 0x00, 0x3F, 0xF0, 0x00, 0x02,
    0xFD, 0x03, 0xF8, 0x00, 0x00, 0x00, 0x1F, 0xF0, 0x7F, 0x40, 0x00, 0x00, 0x00, 0xFF, 0xFF, 0xF0,
    0x00, 0x00, 0x00, 0x03, 0xFF, 0xF8, 0x00, 0x00, 0x00, 0x00, 0x01, 0xA4, 0x00, 0x00, 0x00, 0x00,
    0x00, 0x00, 0x00, 0x00, 0x00, 0x2F, 0xE0, 0x03, 0xFD, 0x00, 0xBF, 0x80, 0xFF, 0x40, 0x3F, 0xD0,
    0x1F, 0xF0, 0x07, 0xFC, 0x03, 0xFD, 0x03, 0xFD, 0x00, 0x2F, 0xF0, 0x3F, 0xD0, 0xBF, 0x80, 0x00,
    0xFF, 0x83, 0xFD, 0x1F, 0xF0, 0x00, 0x07, 0xFD, 0x3F, 0xD3, 0xFD, 0x00, 0x00, 0x2F, 0xFF, 0xFF,
    0xFF, 0x80, 0x00, 0x00, 0xFF, 0xFF, 0xFF, 0xF0, 0x00, 0x00, 0x2F, 0xFF, 0xFF, 0xFF, 0x80, 0x00,
    0x07, 0xFE, 0x7F, 0xE7, 0xFD, 0x00, 0x00, 0xFF, 0xC3, 0xFD, 0x2F, 0xF0, 0x00, 0x2F, 0xF4, 0x3F,
    0xD0, 0xFF, 0x80, 0x07, 0xFE, 0x03, 0xFD, 0x07, 0xFD, 0x00, 0xFF, 0xC0, 0x3F, 0xD0, 0x3F, 0xF0,
    0x2F, 0xF4, 0x03, 0xFD, 0x00, 0xFF, 0x87, 0xFE, 0x00, 0x3F, 0xD0, 0x0B, 0xFD, 0xFF, 0x40, 0x01,
    0xFF, 0x4F, 0xF4, 0x00, 0x3F, 0xE0, 0xFF, 0x40, 0x0F, 0xFC, 0x0F, 0xF4, 0x02, 0xFF, 0x00, 0xFF,
    0x40, 0xBF, 0xC0, 0x0F, 0xF4, 0x1F, 0xF4, 0x00, 0xFF, 0x43, 0xFD, 0x00, 0x0F, 0xF4, 0xFF, 0x80,
    0x00, 0xFF, 0x5F, 0xF0, 0x00, 0x0F, 0xFB, 0xFC, 0x00, 0x00, 0xFF, 0xFF, 0xFF, 0x80, 0x0F, 0xFF,
    0xFF, 0xFF, 0x80, 0xFF, 0xFF, 0xFF, 0xFF, 0x0F, 0xFD, 0x56, 0xFF, 0xF8, 0xFF, 0x40, 0x01, 0xFF,
    0xCF, 0xF4, 0x00, 0x07, 0xFE, 0xFF, 0x40, 0x00, 0x3F, 0xFF, 0xF4, 0x00, 0x02, 0xFF, 0xFF, 0x40,
    0x00, 0x1F, 0xFF, 0xF4, 0x00, 0x01, 0xFF, 0xFF, 0x40, 0x00, 0x2F, 0xF0, 0x00, 0x00, 0x02, 0xFE,
    0x00, 0x00, 0x00, 0x3F, 0xD0, 0x00, 0x00, 0x0F, 0xFC, 0x00, 0x0D, 0x57, 0xFF, 0x80, 0x01, 0xFF,
    0xFF, 0xF0, 0x00, 0x1F, 0xFF, 0xF8, 0x00, 0x00, 0xBF, 0xF9, 0x00, 0xFF, 0x40, 0x1F, 0xFC, 0xFF,
    0x40, 0x3F, 0xF0, 0xFF, 0x40, 0xFF, 0xC0, 0xFF, 0x42, 0xFF, 0x00, 0xFF, 0x4B, 0xFC, 0x00, 0xFF,
    0x5F, 0xF0, 0x00, 0xFF, 0xBF, 0xD0, 0x00, 0xFF, 0xFF, 0xE8, 0x00, 0xFF, 0xFF, 0xFF, 0x80, 0xFF,
    0xFF, 0xFF, 0xF0, 0xFF, 0xE5, 0xBF, 0xF4, 0xFF, 0x40, 0x1F, 0xFC, 0xFF, 0x40, 0x0B, 0xFC, 0xFF,
    0x40, 0x03, 0xFD, 0xFF, 0x40, 0x03, 0xFD, 0xFF, 0x40, 0x03, 0xFD, 0x00, 0x00, 0x03, 0xFD, 0x00,
    0x00, 0x07, 0xFC, 0x00, 0x00, 0x0F, 0xFC, 0x00, 0x25, 0x7F, 0xF4, 0x00, 0x3F, 0xFF, 0xF0, 0x00,
    0x3F, 0xFF, 0x80, 0x00, 0x1F, 0xF9, 0x00, 0x00, 0x0F, 0xFF, 0xFF, 0xFD, 0x00, 0x00, 0x03, 0xFF,
    0xFF, 0xFF, 0x40, 0x00, 0x00, 0xFF, 0xFF, 0xFF, 0xD0, 0x00, 0x00, 0x3F, 0xD5, 0x5F, 0xF4, 0x00,
    0x00, 0x1F, 0xE0, 0x03, 0xFD, 0x00, 0x00, 0x07, 0xF8, 0x00, 0xFF, 0x40, 0x00, 0x02, 0xFE, 0x00,
    0x3F, 0xD0, 0x00, 0x00, 0xFF, 0x40, 0x0F, 0xF4, 0x00, 0x00, 0x3F, 0xD0, 0x03, 0xFD, 0x00, 0x00,
    0x0F, 0xF0, 0x00, 0xFF, 0x40, 0x00, 0x03, 0xFC, 0x00, 0x3F, 0xD0, 0x00, 0x01, 0xFF, 0x00, 0x0F,
    0xF4, 0x00, 0x00, 0xBF, 0x80, 0x03, 0xFD, 0x00, 0x00, 0x2F, 0xE0, 0x00, 0xFF, 0x40, 0x00, 0x0F,
    0xF4, 0x00, 0x3F, 0xD0, 0x00, 0x03, 0xFC, 0x00, 0x0F, 0xF4, 0x00, 0x01, 0xFF, 0x00, 0x03, 0xFD,
    0x00, 0x15, 0xFF, 0x80, 0x00, 0xFF, 0xFF, 0xCB, 0xFF, 0xC0, 0x00, 0x3F, 0xFF, 0xF2, 0xFF, 0xD0,
    0x00, 0x0F, 0xFF, 0xF8, 0x7F, 0x90, 0x00, 0x03, 0xFF, 0xFD, 0x00, 0x00, 0x00, 0x00, 0x00, 0xFF,
    0x00, 0x00, 0x00, 0x00, 0x00, 0x3F, 0xC0, 0x00, 0x00, 0x00, 0x00, 0x2F, 0xE0, 0x00, 0x00, 0x00,
    0x00, 0x0F, 0xF4, 0x00, 0x00, 0x00, 0x00, 0x0B, 0xFC, 0x00, 0x00, 0x00, 0x00, 0x03, 0xFF, 0x00,
    0x00, 0xBF, 0xFF, 0xFF, 0x40, 0x00, 0x2F, 0xFF, 0xFF, 0xD0, 0x00, 0x0B, 0xFF, 0xFF, 0xF4, 0x00,
    0x03, 0xFD, 0x57, 0xFD, 0x00, 0x00, 0xFF, 0x00, 0xFF, 0x40, 0x00, 0x3F, 0xC0, 0x3F, 0xD0, 0x00,
    0x0F, 0xE0, 0x0F, 0xF4, 0x00, 0x03, 0xF8, 0x03, 0xFD, 0x00, 0x01, 0xFD, 0x00, 0xFF, 0x40, 0x00,
    0xBF, 0x40, 0x3F, 0xD0, 0x00, 0x3F, 0xC0, 0x0F, 0xF4, 0x00, 0x0F, 0xF0, 0x03, 0xFD, 0x00, 0x9F,
    0xF8, 0x00, 0xFF, 0x95, 0x3F, 0xFC, 0x00, 0x3F, 0xFF, 0xEF, 0xFE, 0x00, 0x0F, 0xFF, 0xF7, 0xFD,
    0x00, 0x03, 0xFF, 0xFC, 0x00, 0x00, 0x00, 0x00, 0xBF, 0x00, 0x00, 0x00, 0x00, 0x3F, 0x80, 0x00,
    0x00, 0x00, 0x1F, 0xD0, 0x00, 0x00, 0x00, 0x0F, 0xF0, 0x00, 0x00, 0x00, 0x03, 0xFC, 0x00, 0x00,
    0x00, 0x01, 0xAA, 0x00, 0xFF, 0x40, 0x00, 0x7F, 0xFF, 0xD0, 0x00, 0x1F, 0xFF, 0xF4, 0x00, 0x07,
    0xFF, 0xFD, 0x00, 0x01, 0xFF, 0xFF, 0x40, 0x00, 0x7F, 0xFF, 0xD0, 0x00, 0x1F, 0xFF, 0xF4, 0x00,
    0x07, 0xFF, 0xFD, 0x00, 0x01, 0xFF, 0xFF, 0x95, 0x55, 0xBF, 0xFF, 0xFF, 0xFF, 0xFF, 0xFF, 0xFF,
    0xFF, 0xFF, 0xFF, 0xFF, 0xFF, 0xFF, 0xFF, 0xFF, 0x40, 0x00, 0x7F, 0xFF, 0xD0, 0x00, 0x1F, 0xFF,
    0xF4, 0x00, 0x07, 0xFF, 0xFD, 0x00, 0x01, 0xFF, 0xFF, 0x40, 0x00, 0x7F, 0xFF, 0xD0, 0x00, 0x1F,
    0xFF, 0xF4, 0x00, 0x07, 0xFF, 0xFD, 0x00, 0x01, 0xFF, 0xFF, 0x40, 0x00, 0xBF, 0xC0, 0x00, 0x00,
    0x2F, 0xF0, 0x00, 0x00, 0x0F, 0xF8, 0x00, 0x00, 0x0B, 0xFC, 0x00, 0x39, 0x5B, 0xFE, 0x00, 0x1F,
    0xFF, 0xFF, 0x00, 0x07, 0xFF, 0xFF, 0x00, 0x00, 0xBF, 0xF9, 0x00, 0xFF, 0x40, 0x07, 0xFF, 0xFD,
    0x00, 0x1F, 0xFF, 0xF4, 0x00, 0x7F, 0xFF, 0xD0, 0x01, 0xFF, 0xFF, 0x40, 0x07, 0xFF, 0xFD, 0x00,
    0x1F, 0xFF, 0xFF, 0xFF, 0xFF, 0xFF, 0xFF, 0xFF, 0xFF, 0xFF, 0xFF, 0xFF, 0xFF, 0xFE, 0x55, 0x6F,
    0xFF, 0xF4, 0x00, 0x7F, 0xFF, 0xD0, 0x01, 0xFF, 0xFF, 0x40, 0x07, 0xFF, 0xFD, 0x00, 0x1F, 0xFF,
    0xF4, 0x00, 0x7F, 0xFF, 0xD0, 0x01, 0xFF, 0x00, 0x00, 0x0B, 0xFC, 0x00, 0x00, 0x2F, 0xF0, 0x00,
    0x00, 0xFF, 0x80, 0x39, 0x5F, 0xFC, 0x00, 0xFF, 0xFF, 0xE0, 0x03, 0xFF, 0xFE, 0x00, 0x07, 0xFF,
    0x80, 0x00, 0xFF, 0x40, 0x00, 0x7F, 0xC0, 0x0F, 0xF4, 0x00, 0x07, 0xFC, 0x00, 0xFF, 0x40, 0x00,
    0x7F, 0xC0, 0x0F, 0xF4, 0x00, 0x07, 0xFC, 0x00, 0xFF, 0x40, 0x00, 0x7F, 0xC0, 0x0F, 0xF4, 0x00,
    0x07, 0xFC, 0x00, 0xFF, 0x40, 0x00, 0x7F, 0xC0, 0x0F, 0xF4, 0x00, 0x07, 0xFC, 0x00, 0xFF, 0x95,
    0x55, 0xBF, 0xC0, 0x0F, 0xFF, 0xFF, 0xFF, 0xFC, 0x00, 0xFF, 0xFF, 0xFF, 0xFF, 0xC0, 0x0F, 0xFF,
    0xFF, 0xFF, 0xFC, 0x00, 0xFF, 0x40, 0x00, 0x7F, 0xC0, 0x0F, 0xF4, 0x00, 0x07, 0xFC, 0x00, 0xFF,
    0x40, 0x00, 0x7F, 0xC0, 0x0F, 0xF4, 0x00, 0x07, 0xFC, 0x00, 0xFF, 0x40, 0x00, 0x7F, 0xC0, 0x0F,
    0xF4, 0x00, 0x07, 0xFF, 0xFE, 0xFF, 0x40, 0x00, 0x7F, 0xFF, 0xDF, 0xF4, 0x00, 0x07, 0xFF, 0xFC,
    0xFF, 0x40, 0x00, 0x7F, 0xFF, 0xC0, 0x00, 0x00, 0x00, 0x03, 0xF8, 0x00, 0x00, 0x00, 0x00, 0xBF,
    0x40, 0x00, 0x00, 0x00, 0x0F, 0xF0, 0x00, 0x00, 0x00, 0x02, 0xFF, 0x00, 0x00, 0x00, 0x00, 0x3F,
    0xE0, 0x00, 0x00, 0x00, 0x07, 0xFD, 0x00, 0xFF, 0x40, 0x07, 0xFC, 0x00, 0xFF, 0x40, 0x07, 0xFC,
    0x00, 0xFF, 0x40, 0x07, 0xFC, 0x00, 0xFF, 0x40, 0x07, 0xFC, 0x00, 0xFF, 0x40, 0x07, 0xFC, 0x00,
    0xFF, 0x40, 0x07, 0xFC, 0x00, 0xFF, 0xFF, 0xFF, 0xFC, 0x00, 0xFF, 0xFF, 0xFF, 0xFC, 0x00, 0xFF,
    0xFF, 0xFF, 0xFC, 0x00, 0xFF, 0x95, 0x5B, 0xFC, 0x00, 0xFF, 0x40, 0x07, 0xFC, 0x00, 0xFF, 0x40,
    0x07, 0xFC, 0x00, 0xFF, 0x40, 0x07, 0xFC, 0x00, 0xFF, 0x40, 0x07, 0xFF, 0xFC, 0xFF, 0x40, 0x07,
    0xFF, 0xFC, 0xFF, 0x40, 0x07, 0xFF, 0xF8, 0x00, 0x00, 0x00, 0x03, 0xF4, 0x00, 0x00, 0x00, 0x0B,
    0xF0, 0x00, 0x00, 0x00, 0x0F, 0xF0, 0x00, 0x00, 0x00, 0x0F, 0xF0, 0x00, 0x00, 0x00, 0x2F, 0xE0,
    0x00, 0x00, 0x00, 0x3F, 0xD0, 0xFF, 0x40, 0x00, 0x7F, 0xFF, 0xD0, 0x00, 0x1F, 0xFF, 0xF4, 0x00,
    0x07, 0xFF, 0xFD, 0x00, 0x01, 0xFF, 0xFF, 0x40, 0x00, 0x7F, 0xFF, 0xD0, 0x00, 0x1F, 0xFF, 0xF4,
    0x00, 0x07, 0xFF, 0xFD, 0x00, 0x01, 0xFF, 0xFF, 0x40, 0x00, 0x7F, 0xFF, 0xE0, 0x00, 0x1F, 0xFF,
    0xFE, 0x00, 0x6F, 0xFD, 0xFF, 0xFF, 0xFF, 0xFF, 0x2F, 0xFF, 0xFF, 0xFF, 0xC1, 0xFF, 0xFE, 0x6F,
    0xF0, 0x01, 0x40, 0x07, 0xFC, 0x00, 0x00, 0x01, 0xFF, 0x00, 0x00, 0x00, 0x7F, 0xC0, 0x00, 0x0F,
    0xFF, 0xF0, 0x00, 0x03, 0xFF, 0xFC, 0x00, 0x00, 0xFF, 0xFF, 0x00, 0x00, 0x3F, 0xFF, 0xC0, 0x00,
    0x0F, 0xF4, 0x00, 0x00, 0x03, 0xFD, 0x00, 0x00, 0x00, 0xFF, 0x40, 0x00, 0x00, 0x3F, 0xD0, 0x00,
    0x00, 0x0F, 0xF4, 0x00, 0x00, 0x03, 0xFD, 0x00, 0xFF, 0x40, 0x07, 0xFF, 0xFD, 0x00, 0x1F, 0xFF,
    0xF4, 0x00, 0x7F, 0xFF, 0xD0, 0x01, 0xFF, 0xFF, 0x40, 0x07, 0xFF, 0xFD, 0x00, 0x1F, 0xFF, 0xF8,
    0x00, 0x7F, 0xFF, 0xF0, 0x1B, 0xFF, 0xBF, 0xFF, 0xFF, 0xFC, 0xFF, 0xFF, 0xFF, 0xF0, 0xBF, 0xF9,
    0x7F, 0xC0, 0x04, 0x01, 0xFF, 0x00, 0x00, 0x07, 0xFC, 0x00, 0x1F, 0xFF, 0xF0, 0x00, 0x7F, 0xFF,
    0xC0, 0x01, 0xFF, 0xFF, 0x00, 0x07, 0xFC, 0x00, 0x00, 0x1F, 0xF0, 0x00, 0x00, 0x7F, 0xC0, 0x00,
    0x01, 0xFF, 0x00, 0x00, 0x07, 0xFC, 0x00, 0x00, 0x1F, 0xF0, 0x00, 0xFF, 0xF8, 0x00, 0x00, 0xFF,
    0xF4, 0x00, 0xFF, 0xFC, 0x00, 0x01, 0xFF, 0xF4, 0x00, 0xFF, 0xFC, 0x00, 0x02, 0xFF, 0xF4, 0x00,
    0xFF, 0xFE, 0x00, 0x03, 0xFF, 0xF4, 0x00, 0xFF, 0xFF, 0x00, 0x03, 0xFF, 0xF4, 0x00, 0xFF, 0xBF,
    0x00, 0x0B, 0xEF, 0xF4, 0x00, 0xFF, 0x7F, 0x40, 0x0F, 0xDF, 0xF4, 0x00, 0xFF, 0x6F, 0x80, 0x0F,
    0xCF, 0xF4, 0x00, 0xFF, 0x5F, 0xC0, 0x1F, 0xCF, 0xF4, 0x00, 0xFF, 0x4F, 0xD0, 0x3F, 0x4F, 0xF4,
    0x00, 0xFF, 0x4F, 0xE0, 0x3F, 0x0F, 0xF4, 0x00, 0xFF, 0x4B, 0xF0, 0x7F, 0x0F, 0xF4, 0x00, 0xFF,
    0x47, 0xF0, 0xBE, 0x0F, 0xF4, 0x00, 0xFF, 0x43, 0xF4, 0xFD, 0x0F, 0xF4, 0x00, 0xFF, 0x42, 0xF9,
    0xFC, 0x0F, 0xF4, 0x00, 0xFF, 0x41, 0xFE, 0xF8, 0x0F, 0xF4, 0x00, 0xFF, 0x40, 0xFF, 0xF4, 0x0F,
    0xF4, 0x00, 0xFF, 0x40, 0xFF, 0xF0, 0x0F, 0xFF, 0xFC, 0xFF, 0x40, 0xBF, 0xE0, 0x0F, 0xFF, 0xFC,
    0xFF, 0x40, 0x7F, 0xD0, 0x0F, 0xFF, 0xF8, 0xFF, 0x40, 0x3F, 0xC0, 0x0F, 0xFF, 0xF4, 0x00, 0x00,
    0x00, 0x00, 0x00, 0x0F, 0xF0, 0x00, 0x00, 0x00, 0x00, 0x00, 0x1F, 0xF0, 0x00, 0x00, 0x00, 0x00,
    0x00, 0x3F, 0xE0, 0x00, 0x00, 0x00, 0x00, 0x00, 0x7F, 0xD0, 0x00, 0x00, 0x00, 0x00, 0x00, 0xFF,
    0xC0, 0x00, 0x00, 0x00, 0x00, 0x01, 0xFF, 0xC0, 0xFF, 0xF8, 0x00, 0x0F, 0xFF, 0x40, 0x3F, 0xFF,
    0x00, 0x07, 0xFF, 0xD0, 0x0F, 0xFF, 0xD0, 0x02, 0xFF, 0xF4, 0x03, 0xFF, 0xFC, 0x00, 0xFF, 0xFD,
    0x00, 0xFF, 0xFF, 0x00, 0x7F, 0xFF, 0x40, 0x3F, 0xDF, 0xD0, 0x2F, 0x7F, 0xD0, 0x0F, 0xF6, 0xFC,
    0x0F, 0xCF, 0xF4, 0x03, 0xFD, 0x7F, 0x07, 0xF3, 0xFD, 0x00, 0xFF, 0x4F, 0xD3, 0xF4, 0xFF, 0x40,
    0x3F, 0xD2, 0xFC, 0xFC, 0x3F, 0xD0, 0x0F, 0xF4, 0x3F, 0xBF, 0x0F, 0xF4, 0x03, 0xFD, 0x0F, 0xFF,
    0x43, 0xFD, 0x00, 0xFF, 0x42, 0xFF, 0xC0, 0xFF, 0x40, 0x3F, 0xD0, 0x3F, 0xE0, 0x3F, 0xFF, 0xEF,
    0xF4, 0x0F, 0xF4, 0x0F, 0xFF, 0xF7, 0xFD, 0x01, 0xFC, 0x03, 0xFF, 0xFC, 0x00, 0x00, 0x00, 0x00,
    0x00, 0xBF, 0x00, 0x00, 0x00, 0x00, 0x00, 0x3F, 0x80, 0x00, 0x00, 0x00, 0x00, 0x1F, 0xD0, 0x00,
    0x00, 0x00, 0x00, 0x0F, 0xF0, 0x00, 0x00, 0x00, 0x00, 0x03, 0xFC, 0x00, 0x00, 0x00, 0x00, 0x02,
    0xFE, 0x00, 0xFF, 0xFF, 0xFF, 0xFF, 0xFF, 0xFF, 0xFC, 0x3F, 0xF4, 0x07, 0xFC, 0x01, 0xFF, 0x00,
    0x7F, 0xC0, 0x1F, 0xF0, 0x07, 0xFC, 0x01, 0xFF, 0x00, 0x7F, 0xC0, 0x1F, 0xF0, 0x07, 0xFC, 0x01,
    0xFF, 0x00, 0x7F, 0xC0, 0x1F, 0xF0, 0x07, 0xFC, 0x03, 0xFF, 0x4F, 0xFF, 0xFF, 0xFF, 0xFF, 0xFF,
    0xFF, 0xC0, 0x00, 0x7F, 0x40, 0xBF, 0x00, 0x00, 0x0F, 0xF0, 0x7F, 0xC0, 0x00, 0x02, 0xFF, 0xFF,
    0xD0, 0x00, 0x00, 0x1F, 0xFF, 0xD0, 0x00, 0x00, 0x00, 0x55, 0x00, 0x00, 0x00, 0x00, 0x00, 0x00,
    0x00, 0x00, 0x00, 0x3F, 0xFC, 0x00, 0x00, 0x00, 0x0F, 0xFF, 0x40, 0x00, 0x00, 0x0B, 0xFF, 0xE0,
    0x00, 0x00, 0x03, 0xFF, 0xFC, 0x00, 0x00, 0x00, 0xFF, 0xBF, 0x40, 0x00, 0x00, 0xBF, 0x9F, 0xE0,
    0x00, 0x00, 0x3F, 0xD3, 0xFC, 0x00, 0x00, 0x1F, 0xF0, 0xFF, 0x40, 0x00, 0x0B, 0xFC, 0x2F, 0xF0,
    0x00, 0x03, 0xFD, 0x03, 0xFC, 0x00, 0x01, 0xFF, 0x00, 0xFF, 0x80, 0x00, 0xBF, 0xC0, 0x2F, 0xF0,
    0x00, 0x3F, 0xE5, 0x5B, 0xFC, 0x00, 0x1F, 0xFF, 0xFF, 0xFF, 0x80, 0x0B, 0xFF, 0xFF, 0xFF, 0xF0,
    0x03, 0xFF, 0xFF, 0xFF, 0xFD, 0x01, 0xFF, 0x40, 0x00, 0xFF, 0x80, 0xFF, 0xC0, 0x00, 0x3F, 0xF0,
    0x3F, 0xE0, 0x00, 0x07, 0xFD, 0x1F, 0xF4, 0x00, 0x00, 0xFF, 0x8F, 0xFC, 0x00, 0x00, 0x3F, 0xF0,
    0x02, 0xA0, 0x06, 0xA0, 0x1F, 0xE0, 0x3F, 0xC0, 0x3F, 0xC2, 0xFE, 0x00, 0xBF, 0xFF, 0xF0, 0x00,
    0xBF, 0xFF, 0x00, 0x00, 0x1A, 0x40, 0x00, 0x00, 0x00, 0x00, 0x00, 0x6F, 0xFE, 0x40, 0x0F, 0xFF,
    0xFF, 0xC0, 0x3F, 0xFF, 0xFF, 0x80, 0x7E, 0x57, 0xFF, 0x00, 0x00, 0x03, 0xFD, 0x00, 0x00, 0x0F,
    0xF4, 0x0B, 0xFF, 0xFF, 0xD1, 0xFF, 0xFF, 0xFF, 0x5F, 0xFF, 0xFF, 0xFD, 0xFF, 0xD0, 0x0F, 0xF7,
    0xFE, 0x00, 0x3F, 0xDF, 0xF8, 0x02, 0xFF, 0x7F, 0xF5, 0x6F, 0xFD, 0x7F, 0xFF, 0xFF, 0xF4, 0xFF,
    0xFF, 0x4F, 0xD0, 0x7F, 0xE0, 0x3F, 0x40, 0x00, 0x01, 0x00, 0x10, 0x00, 0x00, 0x0B, 0xF0, 0xBF,
    0x00, 0x00, 0x03, 0xFD, 0x3F, 0xD0, 0x00, 0x00, 0x7E, 0x07, 0xE0, 0x00, 0x00, 0x00, 0x00, 0x00,
    0x00, 0x00, 0x00, 0x00, 0x00, 0x00, 0x00, 0x00, 0x2F, 0xFC, 0x00, 0x00, 0x00, 0x0F, 0xFF, 0x40,
    0x00, 0x00, 0x03, 0xFF, 0xE0, 0x00, 0x00, 0x02, 0xFF, 0xFC, 0x00, 0x00, 0x00, 0xFF, 0xBF, 0x40,
    0x00, 0x00, 0x7F, 0xDF, 0xF0, 0x00, 0x00, 0x2F, 0xE3, 0xFC, 0x00, 0x00, 0x0F, 0xF4, 0xFF, 0x40,
    0x00, 0x07, 0xFC, 0x2F, 0xF0, 0x00, 0x03, 0xFF, 0x03, 0xFC, 0x00, 0x00, 0xFF, 0x40, 0xFF, 0x80,
    0x00, 0x7F, 0xC0, 0x2F, 0xF0, 0x00, 0x3F, 0xF5, 0x5B, 0xFD, 0x00, 0x0F, 0xFF, 0xFF, 0xFF, 0x80,
    0x0B, 0xFF, 0xFF, 0xFF, 0xF0, 0x03, 0xFF, 0xFF, 0xFF, 0xFD, 0x01, 0xFF, 0x40, 0x00, 0xFF, 0xC0,
    0xBF, 0xC0, 0x00, 0x2F, 0xF0, 0x3F, 0xF0, 0x00, 0x07, 0xFD, 0x1F, 0xF4, 0x00, 0x00, 0xFF, 0xCB,
    0xFC, 0x00, 0x00, 0x2F, 0xF0, 0x07, 0xE0, 0x2F, 0x40, 0x3F, 0xD1, 0xFF, 0x00, 0xBF, 0x03, 0xF8,
    0x00, 0x10, 0x01, 0x00, 0x00, 0x00, 0x00, 0x00, 0x00, 0x00, 0x00, 0x00, 0x1B, 0xFF, 0x90, 0x07,
    0xFF, 0xFF, 0xF0, 0x0F, 0xFF, 0xFF, 0xE0, 0x2E, 0x55, 0xFF, 0xC0, 0x00, 0x00, 0xFF, 0x40, 0x00,
    0x03, 0xFD, 0x02, 0xFF, 0xFF, 0xF4, 0x7F, 0xFF, 0xFF, 0xD7, 0xFF, 0xFF, 0xFF, 0x7F, 0xF4, 0x03,
    0xFD, 0xFF, 0x80, 0x0F, 0xF7, 0xFE, 0x00, 0xBF, 0xDF, 0xFD, 0x5B, 0xFF, 0x5F, 0xFF, 0xFF, 0xFD,
    0x3F, 0xFF, 0xD3, 0xF4, 0x1F, 0xF9, 0x0F, 0xD0, 0x00, 0x00, 0x2F, 0xFF, 0xFF, 0xFF, 0xF8, 0x00,
    0x00, 0xFF, 0xFF, 0xFF, 0xFF, 0xE0, 0x00, 0x07, 0xFF, 0xFF, 0xFF, 0xFF, 0x80, 0x00, 0x3F, 0xD7,
    0xFE, 0x55, 0x54, 0x00, 0x01, 0xFE, 0x0F, 0xF4, 0x00, 0x00, 0x00, 0x0B, 0xF4, 0x3F, 0xD0, 0x00,
    0x00, 0x00, 0x3F, 0xC0, 0xFF, 0x40, 0x00, 0x00, 0x02, 0xFE, 0x03, 0xFD, 0x00, 0x00, 0x00, 0x0F,
    0xF0, 0x0F, 0xF9, 0x55, 0x50, 0x00, 0xBF, 0xC0, 0x3F, 0xFF, 0xFF, 0xC0, 0x03, 0xFD, 0x00, 0xFF,
    0xFF, 0xFF, 0x00, 0x1F, 0xF0, 0x03, 0xFF, 0xFF, 0xFC, 0x00, 0xFF, 0xD5, 0x5F, 0xF4, 0x00, 0x00,
    0x07, 0xFF, 0xFF, 0xFF, 0xD0, 0x00, 0x00, 0x2F, 0xFF, 0xFF, 0xFF, 0x40, 0x00, 0x00, 0xFF, 0xFF,
    0xFF, 0xFD, 0x00, 0x00, 0x0B, 0xFC, 0x00, 0x0F, 0xF4, 0x00, 0x00, 0x3F, 0xD0, 0x00, 0x3F, 0xE5,
    0x55, 0x42, 0xFF, 0x00, 0x00, 0xFF, 0xFF, 0xFF, 0x8F, 0xF8, 0x00, 0x03, 0xFF, 0xFF, 0xFE, 0x7F,
    0xC0, 0x00, 0x0F, 0xFF, 0xFF, 0xF8, 0x01, 0xBF, 0xF4, 0x0B, 0xFF, 0x40, 0x07, 0xFF, 0xFF, 0xDF,
    0xFF, 0xFC, 0x00, 0xFF, 0xFF, 0xFF, 0xFF, 0xFF, 0xC0, 0x1E, 0x55, 0xFF, 0xF9, 0x6F, 0xF8, 0x00,
    0x00, 0x2F, 0xF8, 0x01, 0xFF, 0x00, 0x01, 0x5B, 0xFD, 0x55, 0x7F, 0xD0, 0x7F, 0xFF, 0xFF, 0xFF,
    0xFF, 0xF4, 0xFF, 0xFF, 0xFF, 0xFF, 0xFF, 0xFD, 0xBF, 0xD0, 0x1F, 0xFF, 0xFF, 0xFF, 0x7F, 0xE0,
    0x07, 0xFC, 0x00, 0x00, 0x0F, 0xF4, 0x02, 0xFF, 0x40, 0x00, 0x03, 0xFE, 0x00, 0xFF, 0xF0, 0x00,
    0x00, 0xFF, 0xD5, 0xFF, 0xFF, 0x55, 0xBD, 0x1F, 0xFF, 0xFF, 0x7F, 0xFF, 0xFF, 0x42, 0xFF, 0xFF,
    0x03, 0xFF, 0xFF, 0xD0, 0x1F, 0xFD, 0x00, 0x1B, 0xFF, 0x90, 0xFF, 0x00, 0xFE, 0x7F, 0x82, 0xFD,
    0x3F, 0xFF, 0xFC, 0x0B, 0xFF, 0xE0, 0x00, 0x55, 0x00, 0x00, 0x00, 0x00, 0xFF, 0xFF, 0xFF, 0xFF,
    0xFF, 0xFF, 0xFF, 0xFF, 0xFF, 0xFF, 0x95, 0x55, 0xFF, 0x40, 0x00, 0xFF, 0x40, 0x00, 0xFF, 0x40,
    0x00, 0xFF, 0x40, 0x00, 0xFF, 0x95, 0x54, 0xFF, 0xFF, 0xFE, 0xFF, 0xFF, 0xFE, 0xFF, 0xFF, 0xFE,
    0xFF, 0x40, 0x00, 0xFF, 0x40, 0x00, 0xFF, 0x40, 0x00, 0xFF, 0x40, 0x00, 0xFF, 0x40, 0x00, 0xFF,
    0x95, 0x55, 0xFF, 0xFF, 0xFF, 0xFF, 0xFF, 0xFF, 0xFF, 0xFF, 0xFF, 0x06, 0xA0, 0x0A, 0x90, 0x2F,
    0xC0, 0x7F, 0x80, 0x7F, 0x83, 0xFD, 0x00, 0xFF, 0xFF, 0xE0, 0x00, 0xBF, 0xFE, 0x00, 0x00, 0x1A,
    0x40, 0x00, 0x00, 0x00, 0x00, 0x00, 0x1B, 0xFE, 0x00, 0x07, 0xFF, 0xFF, 0x80, 0x7F, 0xFF, 0xFF,
    0x83, 0xFF, 0x57, 0xFF, 0x1F, 0xF0, 0x03, 0xFE, 0xBF, 0x80, 0x07, 0xFF, 0xFF, 0xFF, 0xFF, 0xFF,
    0xFF, 0xFF, 0xFF, 0xFF, 0xFF, 0xFF, 0xFF, 0xFF, 0x95, 0x55, 0x56, 0xFE, 0x00, 0x00, 0x07, 0xFD,
    0x00, 0x00, 0x0F, 0xFE, 0x55, 0xBC, 0x0F, 0xFF, 0xFF, 0xF0, 0x0F, 0xFF, 0xFF, 0xC0, 0x06, 0xFF,
    0xE4, 0x00, 0x00, 0x6F, 0xFF, 0x90, 0x00, 0x1F, 0xFF, 0xFF, 0xFD, 0x00, 0x3F, 0xFF, 0xFF, 0xFF,
    0x40, 0x3F, 0xF9, 0x56, 0xFF, 0xD0, 0x3D, 0x00, 0x00, 0x3F, 0xF0, 0x10, 0x00, 0x00, 0x0F, 0xF4,
    0x00, 0x00, 0x00, 0x07, 0xFC, 0x00, 0x00, 0x00, 0x03, 0xFC, 0x00, 0x00, 0x00, 0x03, 0xFD, 0xFF,
    0xFF, 0xFF, 0xFF, 0xFD, 0xFF, 0xFF, 0xFF, 0xFF, 0xFD, 0xFF, 0xFF, 0xFF, 0xFF, 0xFD, 0xFF, 0x95,
    0x55, 0x57, 0xFD, 0xBF, 0x80, 0x00, 0x03, 0xFC, 0x7F, 0x80, 0x00, 0x07, 0xFC, 0x3F, 0xC0, 0x00,
    0x0F, 0xF8, 0x2F, 0xF0, 0x00, 0x3F, 0xF0, 0x0F, 0xFE, 0x56, 0xFF, 0xD0, 0x07, 0xFF, 0xFF, 0xFF,
    0x80, 0x00, 0xFF, 0xFF, 0xFD, 0x00, 0x00, 0x1B, 0xFF, 0x90, 0x00, 0x06, 0xFF, 0xE0, 0x00, 0xFF,
    0xFF, 0xF8, 0x03, 0xFF, 0xFF, 0xF8, 0x0F, 0x95, 0x7F, 0xF4, 0x00, 0x00, 0x2F, 0xF0, 0x00, 0x00,
    0x3F, 0xC5, 0x55, 0x55, 0xFF, 0x7F, 0xFF, 0xFF, 0xFD, 0xFF, 0xFF, 0xFF, 0xF7, 0xFF, 0xFF, 0xFF,
    0xDF, 0xF4, 0x00, 0xFF, 0x2F, 0xF0, 0x0B, 0xFC, 0x7F, 0xE5, 0xBF, 0xD0, 0xBF, 0xFF, 0xFF, 0x00,
    0xBF, 0xFF, 0xE0, 0x00, 0x6F, 0xF9, 0x00, 0x00, 0x04, 0x00, 0x40, 0x00, 0x00, 0x3F, 0x83, 0xF8,
    0x00, 0x00, 0x7F, 0xC7, 0xFC, 0x00, 0x00, 0x2F, 0x42, 0xF4, 0x00, 0x00, 0x00, 0x00, 0x00, 0x00,
    0x00, 0x00, 0x00, 0x00, 0x00, 0x00, 0x6F, 0xFF, 0x90, 0x00, 0x1F, 0xFF, 0xFF, 0xFD, 0x00, 0x3F,
    0xFF, 0xFF, 0xFF, 0x40, 0x3F, 0xF9, 0x56, 0xFF, 0xD0, 0x3D, 0x00, 0x00, 0x3F, 0xF0, 0x10, 0x00,
    0x00, 0x0F, 0xF4, 0x00, 0x00, 0x00, 0x07, 0xFC, 0x00, 0x00, 0x00, 0x03, 0xFC, 0x00, 0x00, 0x00,
    0x03, 0xFD, 0xFF, 0xFF, 0xFF, 0xFF, 0xFD, 0xFF, 0xFF, 0xFF, 0xFF, 0xFD, 0xFF, 0xFF, 0xFF, 0xFF,
    0xFD, 0xFF, 0x95, 0x55, 0x57, 0xFD, 0xBF, 0x80, 0x00, 0x03, 0xFC, 0x7F, 0xC0, 0x00, 0x07, 0xFC,
    0x3F, 0xC0, 0x00, 0x0F, 0xF8, 0x2F, 0xF0, 0x00, 0x2F, 0xF0, 0x0F, 0xFE, 0x56, 0xFF, 0xD0, 0x07,
    0xFF, 0xFF, 0xFF, 0x80, 0x00, 0xFF, 0xFF, 0xFD, 0x00, 0x00, 0x1B, 0xFF, 0x90, 0x00, 0x0B, 0xD0,
    0x7E, 0x00, 0x7F, 0xC3, 0xFD, 0x00, 0xFE, 0x0B, 0xF0, 0x00, 0x40, 0x01, 0x00, 0x00, 0x00, 0x00,
    0x00, 0x00, 0x00, 0x00, 0x00, 0xBF, 0xFE, 0x00, 0x1F, 0xFF, 0xFF, 0x80, 0x7F, 0xFF, 0xFF, 0x81,
    0xE5, 0x57, 0xFF, 0x40, 0x00, 0x02, 0xFF, 0x00, 0x00, 0x03, 0xFC, 0x55, 0x55, 0x5F, 0xF7, 0xFF,
    0xFF, 0xFF, 0xDF, 0xFF, 0xFF, 0xFF, 0x7F, 0xFF, 0xFF, 0xFD, 0xFF, 0x40, 0x0F, 0xF2, 0xFF, 0x00,
    0xBF, 0xC7, 0xFE, 0x5B, 0xFD, 0x0B, 0xFF, 0xFF, 0xF0, 0x0B, 0xFF, 0xFE, 0x00, 0x06, 0xFF, 0x90,
    0x00, 0x00, 0x00, 0x01, 0x00, 0x10, 0x00, 0x00, 0x00, 0x00, 0x0B, 0xF0, 0xBF, 0x00, 0x00, 0x00,
    0x00, 0x03, 0xFD, 0x3F, 0xD0, 0x00, 0x00, 0x00, 0x00, 0x7E, 0x07, 0xE0, 0x00, 0x00, 0x00, 0x00,
    0x00, 0x00, 0x00, 0x00, 0x00, 0x00, 0x00, 0x00, 0x00, 0x00, 0x00, 0x00, 0x03, 0xFE, 0x00, 0x0F,
    0xF4, 0x00, 0x3F, 0xD0, 0x7F, 0xC0, 0x03, 0xFD, 0x00, 0x2F, 0xF0, 0x0B, 0xFC, 0x00, 0xFF, 0x40,
    0x1F, 0xF0, 0x00, 0xFF, 0x40, 0x3F, 0xD0, 0x0F, 0xF8, 0x00, 0x1F, 0xF0, 0x0F, 0xF4, 0x0B, 0xFC,
    0x00, 0x03, 0xFE, 0x03, 0xFD, 0x03, 0xFD, 0x00, 0x00, 0x3F, 0xD0, 0xFF, 0x43, 0xFE, 0x00, 0x00,
    0x0B, 0xFC, 0x3F, 0xD1, 0xFF, 0x00, 0x00, 0x00, 0xFF, 0x9F, 0xF9, 0xFF, 0x40, 0x00, 0x00, 0x1F,
    0xFF, 0xFF, 0xFF, 0x80, 0x00, 0x00, 0x03, 0xFF, 0xFF, 0xFF, 0xE0, 0x00, 0x00, 0x02, 0xFF, 0xFF,
    0xFF, 0xFC, 0x00, 0x00, 0x01, 0xFF, 0x4F, 0xF4, 0xFF, 0xC0, 0x00, 0x00, 0xFF, 0x83, 0xFD, 0x1F,
    0xF4, 0x00, 0x00, 0xBF, 0xC0, 0xFF, 0x42, 0xFF, 0x00, 0x00, 0x7F, 0xE0, 0x3F, 0xD0, 0x3F, 0xF0,
    0x00, 0x3F, 0xF0, 0x0F, 0xF4, 0x07, 0xFD, 0x00, 0x2F, 0xF4, 0x03, 0xFD, 0x00, 0xFF, 0xC0, 0x1F,
    0xF8, 0x00, 0xFF, 0x40, 0x0F, 0xFC, 0x0F, 0xFC, 0x00, 0x3F, 0xD0, 0x02, 0xFF, 0x4B, 0xFD, 0x00,
    0x0F, 0xF4, 0x00, 0x3F, 0xF0, 0x00, 0x00, 0x04, 0x00, 0x40, 0x00, 0x00, 0x00, 0x0B, 0xF0, 0xBF,
    0x00, 0x00, 0x00, 0x00, 0xFF, 0x4F, 0xF4, 0x00, 0x00, 0x00, 0x07, 0xE0, 0x7E, 0x00, 0x00, 0x00,
    0x00, 0x00, 0x00, 0x00, 0x00, 0x00, 0x00, 0x00, 0x00, 0x00, 0x00, 0x00, 0x0F, 0xF0, 0x03, 0xFD,
    0x00, 0xBF, 0x80, 0xBF, 0xC0, 0x3F, 0xD0, 0x1F, 0xF0, 0x03, 0xFD, 0x03, 0xFD, 0x03, 0xFD, 0x00,
    0x0F, 0xF0, 0x3F, 0xD0, 0xBF, 0x80, 0x00, 0x7F, 0xC3, 0xFD, 0x1F, 0xF0, 0x00, 0x03, 0xFD, 0x3F,
    0xD3, 0xFD, 0x00, 0x00, 0x0F, 0xFF, 0xFF, 0xFF, 0x80, 0x00, 0x00, 0xBF, 0xFF, 0xFF, 0xF0, 0x00,
    0x00, 0x0F, 0xFF, 0xFF, 0xFF, 0x80, 0x00, 0x03, 0xFE, 0x7F, 0xE7, 0xFD, 0x00, 0x00, 0x7F, 0xC3,
    0xFD, 0x2F, 0xF0, 0x00, 0x0F, 0xF8, 0x3F, 0xD0, 0xFF, 0x80, 0x03, 0xFF, 0x03, 0xFD, 0x07, 0xFD,
    0x00, 0x7F, 0xD0, 0x3F, 0xD0, 0x3F, 0xF0, 0x0F, 0xF8, 0x03, 0xFD, 0x00, 0xFF, 0x83, 0xFF, 0x00,
    0x3F, 0xD0, 0x0B, 0xFD, 0x00, 0x10, 0x01, 0x00, 0x02, 0xFC, 0x2F, 0xC0, 0x03, 0xFD, 0x3F, 0xD0,
    0x01, 0xF8, 0x1F, 0x80, 0x00, 0x00, 0x00, 0x00, 0x00, 0x00, 0x00, 0x00, 0x06, 0xBF, 0xF9, 0x00,
    0x3F, 0xFF, 0xFF, 0xC0, 0x2F, 0xFF, 0xFF, 0xF0, 0x0F, 0x95, 0x7F, 0xF8, 0x04, 0x00, 0x0F, 0xFC,
    0x00, 0x00, 0x07, 0xFC, 0x00, 0x00, 0x0B, 0xFC, 0x00, 0x00, 0x0F, 0xF4, 0x00, 0x55, 0xBF, 0xF0,
    0x01, 0xFF, 0xFF, 0x80, 0x01, 0xFF, 0xFE, 0x40, 0x01, 0xFF, 0xFF, 0xF0, 0x00, 0x00, 0x2F, 0xFC,
    0x00, 0x00, 0x07, 0xFC, 0x00, 0x00, 0x03, 0xFD, 0x00, 0x00, 0x03, 0xFD, 0x10, 0x00, 0x0B, 0xFC,
    0x3E, 0x55, 0x7F, 0xFC, 0x3F, 0xFF, 0xFF, 0xF0, 0x3F, 0xFF, 0xFF, 0xC0, 0x06, 0xFF, 0xF9, 0x00,
    0x07, 0xE0, 0x7E, 0x00, 0xFF, 0x4F, 0xF4, 0x0B, 0xF0, 0xBF, 0x00, 0x04, 0x00, 0x40, 0x00, 0x00,
    0x00, 0x00, 0x00, 0x00, 0x00, 0x06, 0xFF, 0xF4, 0x03, 0xFF, 0xFF, 0xF4, 0x2F, 0xFF, 0xFF, 0xC0,
    0xE5, 0x5B, 0xFD, 0x00, 0x00, 0x3F, 0xD0, 0x00, 0x0B, 0xFC, 0x01, 0xFF, 0xFF, 0x40, 0x1F, 0xFF,
    0xC0, 0x01, 0xFF, 0xFF, 0x80, 0x05, 0x5B, 0xFE, 0x00, 0x00, 0x2F, 0xF0, 0x00, 0x02, 0xFF, 0x3E,
    0x55, 0xBF, 0xF3, 0xFF, 0xFF, 0xFD, 0x3F, 0xFF, 0xFF, 0x41, 0xAF, 0xFE, 0x40, 0x3F, 0xFF, 0xFF,
    0xFC, 0x3F, 0xFF, 0xFF, 0xFC, 0x3F, 0xFF, 0xFF, 0xFC, 0x15, 0x55, 0xFF, 0xF0, 0x00, 0x02, 0xFF,
    0xC0, 0x00, 0x0B, 0xFE, 0x00, 0x00, 0x2F, 0xF8, 0x00, 0x00, 0xBF, 0xE0, 0x00, 0x01, 0xFF, 0xD0,
    0x00, 0x02, 0xFF, 0xFF, 0x80, 0x02, 0xFF, 0xFF, 0xF0, 0x01, 0xAB, 0xFF, 0xF8, 0x00, 0x00, 0x1F,
    0xFC, 0x00, 0x00, 0x03, 0xFD, 0x00, 0x00, 0x03, 0xFD, 0x00, 0x00, 0x03, 0xFD, 0x50, 0x00, 0x0B,
    0xFC, 0xBE, 0x55, 0x7F, 0xF8, 0xBF, 0xFF, 0xFF, 0xF0, 0x7F, 0xFF, 0xFF, 0x80, 0x1A, 0xFF, 0xF8,
    0x00, 0x3F, 0xFF, 0xFF, 0xFC, 0x3F, 0xFF, 0xFF, 0xFC, 0x3F, 0xFF, 0xFF, 0xFC, 0x15, 0x55, 0x7F,
    0xF4, 0x00, 0x00, 0xFF, 0xC0, 0x00, 0x03, 0xFF, 0x00, 0x00, 0x0F, 0xFC, 0x00, 0x00, 0x3F, 0xF0,
    0x00, 0x00, 0xFF, 0xC0, 0x00, 0x01, 0xFF, 0xFD, 0x00, 0x01, 0xFF, 0xFF, 0xC0, 0x01, 0xFF, 0xFF,
    0xF0, 0x00, 0x00, 0x7F, 0xF8, 0x00, 0x00, 0x0F, 0xFC, 0x00, 0x00, 0x07, 0xFD, 0x00, 0x00, 0x03,
    0xFD, 0x00, 0x00, 0x03, 0xFD, 0x00, 0x00, 0x07, 0xFD, 0x40, 0x00, 0x0F, 0xFC, 0xBE, 0x55, 0xBF,
    0xF8, 0xBF, 0xFF, 0xFF, 0xF0, 0x7F, 0xFF, 0xFF, 0x80, 0x1A, 0xFF, 0xF8, 0x00, 0x00, 0x55, 0x55,
    0x50, 0x00, 0x0F, 0xFF, 0xFF, 0x00, 0x00, 0xFF, 0xFF, 0xF0, 0x00, 0x0F, 0xFF, 0xFF, 0x00, 0x00,
    0x00, 0x00, 0x00, 0x0F, 0xF4, 0x00, 0x0F, 0xFF, 0xFF, 0x40, 0x01, 0xFF, 0xFF, 0xF4, 0x00, 0x3F,
    0xFF, 0xFF, 0x40, 0x07, 0xFF, 0xFF, 0xF4, 0x00, 0xFF, 0xFF, 0xFF, 0x40, 0x1F, 0xFF, 0xFF, 0xF4,
    0x03, 0xFE, 0xFF, 0xFF, 0x40, 0x7F, 0x9F, 0xFF, 0xF4, 0x0F, 0xF1, 0xFF, 0xFF, 0x42, 0xFE, 0x1F,
    0xFF, 0xF4, 0x3F, 0xC1, 0xFF, 0xFF, 0x4B, 0xF4, 0x1F, 0xFF, 0xF4, 0xFF, 0x01, 0xFF, 0xFF, 0x6F,
    0xD0, 0x1F, 0xFF, 0xFB, 0xFC, 0x01, 0xFF, 0xFF, 0xFF, 0x40, 0x1F, 0xFF, 0xFF, 0xF0, 0x01, 0xFF,
    0xFF, 0xFD, 0x00, 0x1F, 0xFF, 0xFF, 0xC0, 0x01, 0xFF, 0xFF, 0xF4, 0x00, 0x1F, 0xFF, 0xFF, 0x00,
    0x01, 0xFF, 0x03, 0xFF, 0xFF, 0xC0, 0x0F, 0xFF, 0xFF, 0x00, 0x3F, 0xFF, 0xFC, 0x00, 0x55, 0x55,
    0x50, 0x00, 0x00, 0x00, 0x03, 0xFD, 0x00, 0x7F, 0xFF, 0xF4, 0x03, 0xFF, 0xFF, 0xD0, 0x1F, 0xFF,
    0xFF, 0x40, 0xFF, 0xFF, 0xFD, 0x07, 0xFF, 0xFF, 0xF4, 0x3F, 0xBF, 0xFF, 0xD1, 0xFD, 0xFF, 0xFF,
    0x4F, 0xD7, 0xFF, 0xFD, 0x7F, 0x1F, 0xFF, 0xF7, 0xF4, 0x7F, 0xFF, 0xEF, 0xC1, 0xFF, 0xFF, 0xFD,
    0x07, 0xFF, 0xFF, 0xF0, 0x1F, 0xFF, 0xFF, 0x40, 0x7F, 0xFF, 0xFC, 0x01, 0xFF, 0xFF, 0xD0, 0x07,
    0xFC, 0x00, 0x10, 0x01, 0x00, 0x00, 0x0F, 0xE0, 0xFE, 0x00, 0x01, 0xFF, 0x1F, 0xF0, 0x00, 0x0B,
    0xD0, 0xBD, 0x00, 0x00, 0x00, 0x00, 0x00, 0x00, 0x00, 0x00, 0x00, 0x00, 0xFF, 0x40, 0x00, 0xFF,
    0xFF, 0xF4, 0x00, 0x2F, 0xFF, 0xFF, 0x40, 0x03, 0xFF, 0xFF, 0xF4, 0x00, 0xBF, 0xFF, 0xFF, 0x40,
    0x0F, 0xFF, 0xFF, 0xF4, 0x02, 0xFF, 0xFF, 0xFF, 0x40, 0x3F, 0xEF, 0xFF, 0xF4, 0x0B, 0xF9, 0xFF,
    0xFF, 0x40, 0xFF, 0x1F, 0xFF, 0xF4, 0x2F, 0xE1, 0xFF, 0xFF, 0x43, 0xFC, 0x1F, 0xFF, 0xF4, 0xBF,
    0x81, 0xFF, 0xFF, 0x4F, 0xF0, 0x1F, 0xFF, 0xF6, 0xFD, 0x01, 0xFF, 0xFF, 0xBF, 0xC0, 0x1F, 0xFF,
    0xFF, 0xF4, 0x01, 0xFF, 0xFF, 0xFF, 0x00, 0x1F, 0xFF, 0xFF, 0xD0, 0x01, 0xFF, 0xFF, 0xFC, 0x00,
    0x1F, 0xFF, 0xFF, 0x40, 0x01, 0xFF, 0xFF, 0xF0, 0x00, 0x1F, 0xF0, 0x00, 0x40, 0x04, 0x00, 0x2F,
    0xC0, 0xFE, 0x00, 0xFF, 0x47, 0xFC, 0x01, 0xF8, 0x0B, 0xD0, 0x00, 0x00, 0x00, 0x00, 0x00, 0x00,
    0x00, 0x0F, 0xF4, 0x01, 0xFF, 0xFF, 0xD0, 0x0F, 0xFF, 0xFF, 0x40, 0x7F, 0xFF, 0xFD, 0x03, 0xFF,
    0xFF, 0xF4, 0x1F, 0xFF, 0xFF, 0xD0, 0xFE, 0xFF, 0xFF, 0x47, 0xF7, 0xFF, 0xFD, 0x3F, 0x5F, 0xFF,
    0xF5, 0xFC, 0x7F, 0xFF, 0xDF, 0xD1, 0xFF, 0xFF, 0xBF, 0x07, 0xFF, 0xFF, 0xF4, 0x1F, 0xFF, 0xFF,
    0xC0, 0x7F, 0xFF, 0xFD, 0x01, 0xFF, 0xFF, 0xF0, 0x07, 0xFF, 0xFF, 0x40, 0x1F, 0xF0, 0x00, 0x04,
    0x00, 0x10, 0x00, 0x00, 0x3F, 0x82, 0xFC, 0x00, 0x00, 0x7F, 0xC3, 0xFD, 0x00, 0x00, 0x2F, 0x41,
    0xF8, 0x00, 0x00, 0x00, 0x00, 0x00, 0x00, 0x00, 0x00, 0x00, 0x00, 0x00, 0x00, 0x1B, 0xFF, 0x90,
    0x00, 0x00, 0xFF, 0xFF, 0xFE, 0x00, 0x07, 0xFF, 0xFF, 0xFF, 0x80, 0x0F, 0xFF, 0x55, 0xFF, 0xE0,
    0x2F, 0xF4, 0x00, 0x1F, 0xF0, 0x3F, 0xE0, 0x00, 0x0B, 0xF8, 0xBF, 0xC0, 0x00, 0x03, 0xFC, 0xBF,
    0xC0, 0x00, 0x03, 0xFC, 0xFF, 0x80, 0x00, 0x02, 0xFD, 0xFF, 0x40, 0x00, 0x02, 0xFD, 0xFF, 0x40,
    0x00, 0x02, 0xFD, 0xFF, 0x40, 0x00, 0x02, 0xFD, 0xFF, 0x80, 0x00, 0x02, 0xFD, 0xBF, 0xC0, 0x00,
    0x03, 0xFC, 0x7F, 0xC0, 0x00, 0x03, 0xFC, 0x3F, 0xE0, 0x00, 0x0B, 0xF8, 0x2F, 0xF4, 0x00, 0x1F,
    0xF0, 0x0F, 0xFF, 0x55, 0xFF, 0xE0, 0x07, 0xFF, 0xFF, 0xFF, 0x80, 0x00, 0xFF, 0xFF, 0xFE, 0x00,
    0x00, 0x1B, 0xFF, 0x90, 0x00, 0x02, 0xF4, 0x2F, 0x40, 0x07, 0xFC, 0x7F, 0xC0, 0x03, 0xF8, 0x3F,
    0x80, 0x00, 0x40, 0x04, 0x00, 0x00, 0x00, 0x00, 0x00, 0x00, 0x00, 0x00, 0x00, 0x00, 0x6F, 0xF8,
    0x00, 0x07, 0xFF, 0xFF, 0x80, 0x1F, 0xFF, 0xFF, 0xE0, 0x3F, 0xF5, 0x7F, 0xF4, 0x7F, 0xC0, 0x0F,
    0xFC, 0xBF, 0xC0, 0x07, 0xFC, 0xFF, 0x80, 0x03, 0xFD, 0xFF, 0x40, 0x03, 0xFD, 0xFF, 0x40, 0x03,
    0xFD, 0xFF, 0x80, 0x03, 0xFD, 0xBF, 0xC0, 0x07, 0xFC, 0x7F, 0xD0, 0x0F, 0xFC, 0x3F, 0xF9, 0x7F,
    0xF4, 0x0F, 0xFF, 0xFF, 0xE0, 0x03, 0xFF, 0xFF, 0x80, 0x00, 0x6F, 0xF8, 0x00, 0x00, 0x0B, 0xFF,
    0xE4, 0x00, 0x00, 0xFF, 0xFF, 0xFF, 0x00, 0x07, 0xFF, 0xFF, 0xFF, 0xD0, 0x0F, 0xFF, 0x55, 0xBF,
    0xF0, 0x2F, 0xF4, 0x00, 0x1F, 0xF8, 0x3F, 0xD0, 0x00, 0x07, 0xFC, 0x7F, 0xC0, 0x00, 0x03, 0xFD,
    0xBF, 0x80, 0x00, 0x02, 0xFE, 0xFF, 0x95, 0x55, 0x56, 0xFF, 0xFF, 0xFF, 0xFF, 0xFF, 0xFF, 0xFF,
    0xFF, 0xFF, 0xFF, 0xFF, 0xFF, 0xFF, 0xFF, 0xFF, 0xFF, 0xFF, 0x40, 0x00, 0x01, 0xFF, 0xBF, 0x80,
    0x00, 0x02, 0xFE, 0x7F, 0xC0, 0x00, 0x03, 0xFD, 0x3F, 0xD0, 0x00, 0x07, 0xFC, 0x2F, 0xF4, 0x00,
    0x1F, 0xF8, 0x0F, 0xFE, 0x55, 0xBF, 0xF0, 0x07, 0xFF, 0xFF, 0xFF, 0xD0, 0x00, 0xFF, 0xFF, 0xFF,
    0x00, 0x00, 0x0B, 0xFF, 0xE0, 0x00, 0x00, 0xBF, 0xF4, 0x00, 0x1F, 0xFF, 0xFD, 0x01, 0xFF, 0xFF,
    0xFD, 0x0F, 0xFD, 0x5F, 0xFC, 0x7F, 0xC0, 0x0F, 0xF6, 0xFD, 0x00, 0x1F, 0xEF, 0xFF, 0xFF, 0xFF,
    0xFF, 0xFF, 0xFF, 0xFF, 0xFF, 0xFF, 0xFF, 0xFF, 0xFE, 0x55, 0x6F, 0xFB, 0xF8, 0x00, 0xBF, 0x9F,
    0xF0, 0x03, 0xFD, 0x3F, 0xF5, 0x7F, 0xF0, 0x7F, 0xFF, 0xFF, 0x40, 0x7F, 0xFF, 0xF4, 0x00, 0x1F,
    0xFD, 0x00, 0x00, 0x04, 0x00, 0x10, 0x00, 0x00, 0x3F, 0x82, 0xFC, 0x00, 0x00, 0x7F, 0xC3, 0xFD,
    0x00, 0x00, 0x2F, 0x41, 0xF8, 0x00, 0x00, 0x00, 0x00, 0x00, 0x00, 0x00, 0x00, 0x00, 0x00, 0x00,
    0x00, 0x0B, 0xFF, 0xE4, 0x00, 0x00, 0xFF, 0xFF, 0xFF, 0x00, 0x07, 0xFF, 0xFF, 0xFF, 0xD0, 0x0F,
    0xFF, 0x55, 0xBF, 0xF0, 0x2F, 0xF4, 0x00, 0x1F, 0xF8, 0x3F, 0xD0, 0x00, 0x07, 0xFC, 0x7F, 0xC0,
    0x00, 0x03, 0xFD, 0xBF, 0x80, 0x00, 0x02, 0xFE, 0xFF, 0x95, 0x55, 0x56, 0xFF, 0xFF, 0xFF, 0xFF,
    0xFF, 0xFF, 0xFF, 0xFF, 0xFF, 0xFF, 0xFF, 0xFF, 0xFF, 0xFF, 0xFF, 0xFF, 0xFF, 0x40, 0x00, 0x01,
    0xFF, 0xBF, 0x80, 0x00, 0x02, 0xFE, 0x7F, 0xC0, 0x00, 0x03, 0xFD, 0x3F, 0xD0, 0x00, 0x07, 0xFC,
    0x2F, 0xF4, 0x00, 0x1F, 0xF8, 0x0F, 0xFE, 0x55, 0xBF, 0xF0, 0x07, 0xFF, 0xFF, 0xFF, 0xD0, 0x00,
    0xFF, 0xFF, 0xFF, 0x00, 0x00, 0x0B, 0xFF, 0xE0, 0x00, 0x02, 0xF4, 0x2F, 0x40, 0x1F, 0xF1, 0xFF,
    0x00, 0x3F, 0x83, 0xF8, 0x00, 0x10, 0x01, 0x00, 0x00, 0x00, 0x00, 0x00, 0x00, 0x00, 0x00, 0x00,
    0x0B, 0xFF, 0x40, 0x01, 0xFF, 0xFF, 0xD0, 0x1F, 0xFF, 0xFF, 0xD0, 0xFF, 0xD5, 0xBF, 0xC7, 0xFC,
    0x00, 0xBF, 0x6F, 0xE0, 0x01, 0xFE, 0xFF, 0xFF, 0xFF, 0xFF, 0xFF, 0xFF, 0xFF, 0xFF, 0xFF, 0xFF,
    0xFF, 0xFF, 0xF5, 0x55, 0xFF, 0xBF, 0xC0, 0x07, 0xF9, 0xFF, 0x40, 0x3F, 0xD3, 0xFF, 0x97, 0xFF,
    0x07, 0xFF, 0xFF, 0xF4, 0x07, 0xFF, 0xFF, 0x40, 0x01, 0xFF, 0xD0, 0x00, 0x00, 0x40, 0x04, 0x00,
    0x02, 0xFC, 0x2F, 0xC0, 0x00, 0xFF, 0x4F, 0xF4, 0x00, 0x1F, 0x81, 0xF8, 0x00, 0x00, 0x00, 0x00,
    0x00, 0x00, 0x00, 0x00, 0x00, 0x00, 0x6F, 0xFE, 0x40, 0x02, 0xFF, 0xFF, 0xFD, 0x00, 0x7F, 0xFF,
    0xFF, 0xE0, 0x0F, 0xE5, 0x6F, 0xFD, 0x00, 0x40, 0x00, 0xBF, 0xC0, 0x00, 0x00, 0x0F, 0xF8, 0x00,
    0x00, 0x02, 0xFF, 0x00, 0x00, 0x00, 0x3F, 0xC0, 0x05, 0x55, 0x5F, 0xF4, 0x0F, 0xFF, 0xFF, 0xFD,
    0x03, 0xFF, 0xFF, 0xFF, 0x40, 0xFF, 0xFF, 0xFF, 0xD0, 0x00, 0x00, 0x0F, 0xF4, 0x00, 0x00, 0x07,
    0xFC, 0x00, 0x00, 0x02, 0xFF, 0x00, 0x00, 0x00, 0xFF, 0x80, 0x00, 0x00, 0xFF, 0xC2, 0xF9, 0x56,
    0xFF, 0xD0, 0xBF, 0xFF, 0xFF, 0xE0, 0x1F, 0xFF, 0xFF, 0xD0, 0x01, 0xBF, 0xFE, 0x40, 0x00, 0x1F,
    0x81, 0xF8, 0x03, 0xFD, 0x3F, 0xD0, 0x2F, 0xC2, 0xFC, 0x00, 0x10, 0x01, 0x00, 0x00, 0x00, 0x00,
    0x00, 0x00, 0x00, 0x00, 0x1B, 0xFF, 0x80, 0x07, 0xFF, 0xFF, 0x80, 0x3F, 0xFF, 0xFF, 0x02, 0x95,
    0xBF, 0xF4, 0x00, 0x00, 0xFF, 0xC0, 0x00, 0x07, 0xFC, 0x03, 0xFF, 0xFF, 0xD0, 0x3F, 0xFF, 0xFD,
    0x03, 0xFF, 0xFF, 0xD0, 0x15, 0x57, 0xFD, 0x00, 0x00, 0x7F, 0xC0, 0x00, 0x0F, 0xFC, 0xB9, 0x5B,
    0xFF, 0x4B, 0xFF, 0xFF, 0xE0, 0xBF, 0xFF, 0xF8, 0x02, 0xBF, 0xF8, 0x00, 0x00, 0x15, 0x55, 0x54,
    0x00, 0x00, 0x3F, 0xFF, 0xFC, 0x00, 0x00, 0x3F, 0xFF, 0xFC, 0x00, 0x00, 0x3F, 0xFF, 0xFC, 0x00,
    0x00, 0x00, 0x00, 0x00, 0x00, 0x7F, 0xE0, 0x00, 0x03, 0xFC, 0x3F, 0xF0, 0x00, 0x0B, 0xFC, 0x1F,
    0xF4, 0x00, 0x0F, 0xF4, 0x0F, 0xFC, 0x00, 0x1F, 0xF0, 0x0B, 0xFC, 0x00, 0x3F, 0xD0, 0x03, 0xFE,
    0x00, 0x3F, 0xC0, 0x02, 0xFF, 0x00, 0xBF, 0x80, 0x00, 0xFF, 0x40, 0xFF, 0x00, 0x00, 0xBF, 0xC1,
    0xFE, 0x00, 0x00, 0x3F, 0xC2, 0xFD, 0x00, 0x00, 0x2F, 0xE3, 0xFC, 0x00, 0x00, 0x0F, 0xFB, 0xF4,
    0x00, 0x00, 0x0B, 0xFF, 0xF0, 0x00, 0x00, 0x07, 0xFF, 0xD0, 0x00, 0x00, 0x03, 0xFF, 0xC0, 0x00,
    0x00, 0x01, 0xFF, 0x80, 0x00, 0x00, 0x02, 0xFF, 0x00, 0x00, 0x05, 0x5F, 0xFD, 0x00, 0x00, 0x0F,
    0xFF, 0xF8, 0x00, 0x00, 0x0F, 0xFF, 0xE0, 0x00, 0x00, 0x0F, 0xFE, 0x00, 0x00, 0x00, 0x00, 0xFF,
    0xFF, 0xF0, 0x00, 0x0F, 0xFF, 0xFF, 0x00, 0x00, 0xFF, 0xFF, 0xF0, 0x00, 0x05, 0x55, 0x55, 0x00,
    0x00, 0x00, 0x00, 0x00, 0x07, 0xFD, 0x00, 0x03, 0xFD, 0x3F, 0xF0, 0x00, 0xBF, 0xC1, 0xFF, 0x00,
    0x0F, 0xF8, 0x0F, 0xF4, 0x00, 0xFF, 0x00, 0xBF, 0xC0, 0x2F, 0xF0, 0x07, 0xFC, 0x03, 0xFD, 0x00,
    0x3F, 0xD0, 0x3F, 0xC0, 0x01, 0xFF, 0x0B, 0xF8, 0x00, 0x0F, 0xF0, 0xFF, 0x40, 0x00, 0xBF, 0x4F,
    0xF0, 0x00, 0x07, 0xF9, 0xFE, 0x00, 0x00, 0x3F, 0xEF, 0xC0, 0x00, 0x01, 0xFF, 0xF8, 0x00, 0x00,
    0x0F, 0xFF, 0x40, 0x00, 0x00, 0xBF, 0xF0, 0x00, 0x00, 0x03, 0xFE, 0x00, 0x00, 0x00, 0x3F, 0xC0,
    0x00, 0x00, 0x0B, 0xFC, 0x00, 0x00, 0x00, 0xFF, 0x40, 0x00, 0x05, 0xBF, 0xF0, 0x00, 0x02, 0xFF,
    0xFD, 0x00, 0x00, 0x2F, 0xFF, 0x40, 0x00, 0x01, 0xFF, 0x80, 0x00, 0x00, 0x00, 0x01, 0x00, 0x10,
    0x00, 0x00, 0x2F, 0xC2, 0xFC, 0x00, 0x00, 0x3F, 0xD3, 0xFD, 0x00, 0x00, 0x1F, 0x81, 0xF8, 0x00,
    0x00, 0x00, 0x00, 0x00, 0x00, 0x00, 0x00, 0x00, 0x00, 0x00, 0x3F, 0xF0, 0x00, 0x03, 0xFD, 0x1F,
    0xF4, 0x00, 0x07, 0xFC, 0x0F, 0xF8, 0x00, 0x0F, 0xF8, 0x07, 0xFC, 0x00, 0x0F, 0xF0, 0x03, 0xFE,
    0x00, 0x2F, 0xE0, 0x01, 0xFF, 0x00, 0x3F, 0xC0, 0x00, 0xFF, 0x40, 0x7F, 0xC0, 0x00, 0xBF, 0x80,
    0xFF, 0x40, 0x00, 0x3F, 0xC0, 0xFF, 0x00, 0x00, 0x2F, 0xD2, 0xFE, 0x00, 0x00, 0x0F, 0xF3, 0xFC,
    0x00, 0x00, 0x0B, 0xFB, 0xF8, 0x00, 0x00, 0x03, 0xFF, 0xF0, 0x00, 0x00, 0x02, 0xFF, 0xF0, 0x00,
    0x00, 0x00, 0xFF, 0xD0, 0x00, 0x00, 0x00, 0xBF, 0xC0, 0x00, 0x00, 0x00, 0xFF, 0x40, 0x00, 0x05,
    0x5B, 0xFE, 0x00, 0x00, 0x0B, 0xFF, 0xFC, 0x00, 0x00, 0x0B, 0xFF, 0xF0, 0x00, 0x00, 0x07, 0xFE,
    0x40, 0x00, 0x00, 0x00, 0x10, 0x01, 0x00, 0x00, 0xBF, 0x0B, 0xF0, 0x00, 0x3F, 0xD3, 0xFD, 0x00,
    0x07, 0xE0, 0x7E, 0x00, 0x00, 0x00, 0x00, 0x00, 0x00, 0x00, 0x00, 0x00, 0x0F, 0xFC, 0x00, 0x0F,
    0xF5, 0xFF, 0x00, 0x0B, 0xFC, 0x3F, 0xE0, 0x03, 0xFE, 0x0B, 0xFC, 0x00, 0xFF, 0x40, 0xFF, 0x00,
    0x7F, 0xC0, 0x2F, 0xD0, 0x3F, 0xE0, 0x07, 0xFC, 0x0F, 0xF0, 0x00, 0xFF, 0x07, 0xFC, 0x00, 0x1F,
    0xD2, 0xFD, 0x00, 0x03, 0xF8, 0xFF, 0x00, 0x00, 0xBF, 0x7F, 0x80, 0x00, 0x1F, 0xEF, 0xD0, 0x00,
    0x03, 0xFF, 0xF0, 0x00, 0x00, 0x7F, 0xF8, 0x00, 0x00, 0x0F, 0xFC, 0x00, 0x00, 0x02, 0xFF, 0x00,
    0x00, 0x00, 0x7F, 0x40, 0x00, 0x00, 0x3F, 0xC0, 0x00, 0x00, 0x2F, 0xE0, 0x00, 0x05, 0x6F, 0xF0,
    0x00, 0x03, 0xFF, 0xF8, 0x00, 0x00, 0xFF, 0xF8, 0x00, 0x00, 0x3F, 0xE4, 0x00, 0x00, 0x00, 0x00,
    0x00, 0xBF, 0x8F, 0xF4, 0x00, 0x07, 0xFC, 0xBF, 0x80, 0x00, 0x3F, 0xC3, 0xF8, 0x00, 0x01, 0xFC,
    0x3F, 0x80, 0x00, 0x0F, 0x81, 0xF4, 0x00, 0x00, 0x00, 0x00, 0x00, 0x07, 0xFD, 0x00, 0x00, 0xBF,
    0x8F, 0xF8, 0x00, 0x03, 0xFD, 0x2F, 0xF0, 0x00, 0x1F, 0xF0, 0x3F, 0xE0, 0x00, 0xFF, 0x40, 0xBF,
    0xC0, 0x03, 0xFC, 0x00, 0xFF, 0x40, 0x2F, 0xE0, 0x02, 0xFE, 0x00, 0xFF, 0x00, 0x03, 0xFC, 0x07,
    0xF8, 0x00, 0x0F, 0xF4, 0x2F, 0xD0, 0x00, 0x1F, 0xF0, 0xFF, 0x00, 0x00, 0x3F, 0xD7, 0xF4, 0x00,
    0x00, 0x7F, 0xBF, 0xC0, 0x00, 0x00, 0xFF, 0xFE, 0x00, 0x00, 0x01, 0xFF, 0xF0, 0x00, 0x00, 0x03,
    0xFF, 0x80, 0x00, 0x00, 0x0B, 0xFD, 0x00, 0x00, 0x00, 0x3F, 0xE0, 0x00, 0x01, 0x57, 0xFF, 0x00,
    0x00, 0x0F, 0xFF, 0xF4, 0x00, 0x00, 0x3F, 0xFF, 0x40, 0x00, 0x00, 0xFF, 0xE0, 0x00, 0x00, 0x00,
    0x00, 0x03, 0xFD, 0x7F, 0xC0, 0x00, 0xBF, 0x8F, 0xF0, 0x00, 0x1F, 0xE2, 0xFC, 0x00, 0x03, 0xF4,
    0x3F, 0x00, 0x00, 0x7D, 0x0F, 0xC0, 0x00, 0x00, 0x00, 0x00, 0x00, 0x3F, 0xF0, 0x00, 0x3F, 0xD1,
    0xFF, 0x00, 0x07, 0xFC, 0x0F, 0xF4, 0x00, 0xBF, 0x80, 0xBF, 0xC0, 0x0F, 0xF4, 0x03, 0xFC, 0x01,
    0xFF, 0x00, 0x3F, 0xD0, 0x2F, 0xE0, 0x01, 0xFE, 0x03, 0xFC, 0x00, 0x0F, 0xF0, 0x7F, 0xC0, 0x00,
    0xBF, 0x4B, 0xF4, 0x00, 0x07, 0xF8, 0xFF, 0x00, 0x00, 0x3F, 0xDF, 0xE0, 0x00, 0x01, 0xFE, 0xFD,
    0x00, 0x00, 0x0F, 0xFF, 0xC0, 0x00, 0x00, 0xBF, 0xF8, 0x00, 0x00, 0x07, 0xFF, 0x00, 0x00, 0x00,
    0x3F, 0xF0, 0x00, 0x00, 0x03, 0xFD, 0x00, 0x00, 0x00, 0x7F, 0xC0, 0x00, 0x00, 0x0F, 0xF8, 0x00,
    0x00, 0x57, 0xFF, 0x00, 0x00, 0x0F, 0xFF, 0xE0, 0x00, 0x00, 0xFF, 0xF8, 0x00, 0x00, 0x0F, 0xF9,
    0x00, 0x00, 0x00, 0x00, 0x10, 0x01, 0x00, 0x00, 0xBF, 0x0B, 0xF0, 0x00, 0x3F, 0xD3, 0xFD, 0x00,
    0x07, 0xE0, 0x7E, 0x00, 0x00, 0x00, 0x00, 0x00, 0x00, 0x00, 0x00, 0x00, 0x0F, 0xF4, 0x00, 0x0F,
    0xF7, 0xFD, 0x00, 0x03, 0xFD, 0xFF, 0x40, 0x00, 0xFF, 0x7F, 0xD0, 0x00, 0x3F, 0xDF, 0xF4, 0x00,
    0x0F, 0xF7, 0xFD, 0x00, 0x03, 0xFD, 0xFF, 0x40, 0x00, 0xFF, 0x7F, 0xD0, 0x00, 0x3F, 0xDF, 0xF8,
    0x00, 0x0F, 0xF7, 0xFF, 0x00, 0x03, 0xFD, 0x7F, 0xF9, 0x5B, 0xFF, 0x4F, 0xFF, 0xFF, 0xFF, 0xD0,
    0xFF, 0xFF, 0xFF, 0xF4, 0x06, 0xFF, 0xE7, 0xFD, 0x00, 0x00, 0x00, 0xFF, 0x40, 0x00, 0x00, 0x3F,
    0xD0, 0x00, 0x00, 0x0F, 0xF4, 0x00, 0x00, 0x03, 0xFD, 0x00, 0x00, 0x00, 0xFF, 0x40, 0x00, 0x00,
    0x3F, 0xD0, 0x00, 0x00, 0x0F, 0xF4, 0x00, 0x40, 0x04, 0x00, 0x2F, 0xC2, 0xFC, 0x00, 0xFF, 0x4F,
    0xF4, 0x01, 0xF8, 0x1F, 0x80, 0x00, 0x00, 0x00, 0x00, 0x00, 0x00, 0x00, 0x0F, 0xF4, 0x00, 0xFF,
    0x7F, 0xD0, 0x03, 0xFD, 0xFF, 0x40, 0x0F, 0xF7, 0xFD, 0x00, 0x3F, 0xDF, 0xF4, 0x00, 0xFF, 0x7F,
    0xD0, 0x03, 0xFD, 0xFF, 0xC0, 0x0F, 0xF6, 0xFF, 0x95, 0xBF, 0xD7, 0xFF, 0xFF, 0xFF, 0x4B, 0xFF,
    0xFF, 0xFD, 0x06, 0xFF, 0xEF, 0xF4, 0x00, 0x00, 0x3F, 0xD0, 0x00, 0x00, 0xFF, 0x40, 0x00, 0x03,
    0xFD, 0x00, 0x00, 0x0F, 0xF4, 0x00, 0x00, 0x3F, 0xD0, 0xFF, 0xFF, 0xFF, 0xFF, 0xFF, 0xFF, 0xFF,
    0xFF, 0xFF, 0xFF, 0xFE, 0x55, 0x55, 0xFF, 0x40, 0x00, 0x3F, 0xD0, 0x00, 0x0F, 0xF4, 0x00, 0x03,
    0xFD, 0x00, 0x00, 0xFF, 0x40, 0x00, 0x3F, 0xD0, 0x00, 0x0F, 0xF4, 0x00, 0x03, 0xFD, 0x00, 0x00,
    0xFF, 0x40, 0x00, 0x3F, 0xD0, 0x00, 0x0F, 0xF4, 0x00, 0x03, 0xFD, 0x00, 0x00, 0xFF, 0x40, 0x00,
    0x3F, 0xFF, 0xF0, 0x0F, 0xFF, 0xFC, 0x03, 0xFF, 0xFF, 0x00, 0xFF, 0xFF, 0xC0, 0x00, 0x1F, 0xF0,
    0x00, 0x07, 0xFC, 0x00, 0x01, 0xFF, 0x00, 0x00, 0x7F, 0xC0, 0x00, 0x1F, 0xF0, 0x00, 0x07, 0xFC,
    0x00, 0xFF, 0xFF, 0xFF, 0xFF, 0xFF, 0xFF, 0xFF, 0xFF, 0xFF, 0xE5, 0x55, 0xFF, 0x40, 0x03, 0xFD,
    0x00, 0x0F, 0xF4, 0x00, 0x3F, 0xD0, 0x00, 0xFF, 0x40, 0x03, 0xFD, 0x00, 0x0F, 0xF4, 0x00, 0x3F,
    0xD0, 0x00, 0xFF, 0x40, 0x03, 0xFF, 0xFD, 0x0F, 0xFF, 0xF4, 0x3F, 0xFF, 0xD0, 0x00, 0xBF, 0x40,
    0x02, 0xFD, 0x00, 0x0B, 0xF4, 0x00, 0x2F, 0xD0, 0x00, 0xBF, 0x40, 0x02, 0xFD, 0x00, 0x00, 0x01,
    0x00, 0x10, 0x00, 0x00, 0x00, 0xFE, 0x0F, 0xE0, 0x00, 0x00, 0x1F, 0xF1, 0xFF, 0x00, 0x00, 0x00,
    0xBD, 0x0B, 0xD0, 0x00, 0x00, 0x00, 0x00, 0x00, 0x00, 0x00, 0x00, 0x00, 0x00, 0x00, 0x00, 0xFF,
    0x40, 0x00, 0x00, 0x3F, 0xDF, 0xF4, 0x00, 0x00, 0x03, 0xFD, 0xFF, 0x40, 0x00, 0x00, 0x3F, 0xDF,
    0xF4, 0x00, 0x00, 0x03, 0xFD, 0xFF, 0x40, 0x00, 0x00, 0x3F, 0xDF, 0xF4, 0x00, 0x00, 0x03, 0xFD,
    0xFF, 0x40, 0x00, 0x00, 0x3F, 0xDF, 0xF9, 0x50, 0x00, 0x03, 0xFD, 0xFF, 0xFF, 0xF8, 0x00, 0x3F,
    0xDF, 0xFF, 0xFF, 0xF8, 0x03, 0xFD, 0xFF, 0xFF, 0xFF, 0xD0, 0x3F, 0xDF, 0xF4, 0x07, 0xFF, 0x03,
    0xFD, 0xFF, 0x40, 0x1F, 0xF0, 0x3F, 0xDF, 0xF4, 0x00, 0xFF, 0x43, 0xFD, 0xFF, 0x40, 0x0F, 0xF4,
    0x3F, 0xDF, 0xF4, 0x00, 0xFF, 0x43, 0xFD, 0xFF, 0x40, 0x2F, 0xF0, 0x3F, 0xDF, 0xF9, 0x5F, 0xFF,
    0x03, 0xFD, 0xFF, 0xFF, 0xFF, 0xC0, 0x3F, 0xDF, 0xFF, 0xFF, 0xF4, 0x03, 0xFD, 0xFF, 0xFF, 0xE4,
    0x00, 0x3F, 0xD0, 0x00, 0x04, 0x00, 0x10, 0x00, 0x00, 0x0F, 0xE0, 0xBF, 0x00, 0x00, 0x07, 0xFC,
    0x3F, 0xD0, 0x00, 0x00, 0xBD, 0x07, 0xE0, 0x00, 0x00, 0x00, 0x00, 0x00, 0x00, 0x00, 0x00, 0x00,
    0x00, 0x00, 0x0F, 0xF4, 0x00, 0x00, 0x0F, 0xF7, 0xFD, 0x00, 0x00, 0x03, 0xFD, 0xFF, 0x40, 0x00,
    0x00, 0xFF, 0x7F, 0xD0, 0x00, 0x00, 0x3F, 0xDF, 0xF4, 0x00, 0x00, 0x0F, 0xF7, 0xFF, 0xFF, 0x90,
    0x03, 0xFD, 0xFF, 0xFF, 0xFE, 0x00, 0xFF, 0x7F, 0xFF, 0xFF, 0xE0, 0x3F, 0xDF, 0xF9, 0x5F, 0xFC,
    0x0F, 0xF7, 0xFD, 0x00, 0xFF, 0x43, 0xFD, 0xFF, 0x40, 0x3F, 0xD0, 0xFF, 0x7F, 0xD0, 0x0F, 0xF4,
    0x3F, 0xDF, 0xF9, 0x5F, 0xFC, 0x0F, 0xF7, 0xFF, 0xFF, 0xFE, 0x03, 0xFD, 0xFF, 0xFF, 0xFE, 0x00,
    0xFF, 0x7F, 0xFF, 0xF9, 0x00, 0x3F, 0xD0, 0x0F, 0xFF, 0xFF, 0xFC, 0x3F, 0xFF, 0xFF, 0xF0, 0xFF,
    0xFF, 0xFF, 0xC3, 0xFE, 0x55, 0x55, 0x0F, 0xF4, 0x00, 0x00, 0x3F, 0xD0, 0x00, 0x00, 0xFF, 0x40,
    0x00, 0x03, 0xFD, 0x00, 0x00, 0x0F, 0xF4, 0x00, 0x03, 0xFF, 0xFF, 0xFC, 0x0F, 0xFF, 0xFF, 0xF0,
    0x3F, 0xFF, 0xFF, 0xC0, 0x5F, 0xF9, 0x55, 0x00, 0x3F, 0xD0, 0x00, 0x00, 0xFF, 0x40, 0x00, 0x03,
    0xFD, 0x00, 0x00, 0x0F, 0xF4, 0x00, 0x00, 0x3F, 0xE5, 0x50, 0x00, 0xFF, 0xFF, 0xC0, 0x03, 0xFF,
    0xFF, 0x00, 0x0F, 0xFF, 0xFC, 0x00, 0x00, 0x3F, 0xF0, 0x00, 0x00, 0xFF, 0xC0, 0x00, 0x03, 0xFF,
    0x00, 0x01, 0x6F, 0xFC, 0x00, 0x0F, 0xFF, 0xD0, 0x00, 0x3F, 0xFE, 0x00, 0x00, 0xBF, 0xD0, 0x00,
    0x0F, 0xFF, 0xFF, 0xE0, 0xFF, 0xFF, 0xFE, 0x0F, 0xFF, 0xFF, 0xE0, 0xFF, 0x95, 0x54, 0x0F, 0xF4,
    0x00, 0x00, 0xFF, 0x40, 0x00, 0x0F, 0xF4, 0x00, 0x0F, 0xFF, 0xFF, 0xC0, 0xFF, 0xFF, 0xFC, 0x0F,
    0xFF, 0xFF, 0xC0, 0x5F, 0xF9, 0x54, 0x00, 0xFF, 0x40, 0x00, 0x0F, 0xF4, 0x00, 0x00, 0xFF, 0xFF,
    0x00, 0x0F, 0xFF, 0xF0, 0x00, 0xFF, 0xFF, 0x00, 0x00, 0x0B, 0xF0, 0x00, 0x00, 0xBF, 0x00, 0x00,
    0x0B, 0xF0, 0x00, 0x05, 0xFF, 0x00, 0x01, 0xFF, 0xE0, 0x00, 0x1F, 0xFC, 0x00, 0x01, 0xFE, 0x00,
    0x00, 0x2F, 0xF4, 0x00, 0x0F, 0xFD, 0x00, 0xFF, 0xC0, 0x01, 0xFF, 0x80, 0x07, 0xFD, 0x00, 0x3F,
    0xF0, 0x00, 0x2F, 0xF0, 0x0B, 0xFD, 0x00, 0x00, 0xFF, 0x80, 0xFF, 0x80, 0x00, 0x07, 0xFD, 0x2F,
    0xF0, 0x00, 0x00, 0x3F, 0xF7, 0xFD, 0x00, 0x00, 0x00, 0xFF, 0xFF, 0xC0, 0x00, 0x00, 0x0B, 0xFF,
    0xF0, 0x00, 0x00, 0x00, 0x3F, 0xFE, 0x00, 0x00, 0x00, 0x02, 0xFF, 0xC0, 0x00, 0x00, 0x00, 0x7F,
    0xFE, 0x00, 0x00, 0x00, 0x0F, 0xFF, 0xF4, 0x00, 0x00, 0x02, 0xFF, 0xFF, 0xC0, 0x00, 0x00, 0x3F,
    0xE3, 0xFE, 0x00, 0x00, 0x0F, 0xFC, 0x2F, 0xF4, 0x00, 0x02, 0xFF, 0x40, 0xFF, 0xC0, 0x00, 0x3F,
    0xE0, 0x07, 0xFF, 0xFD, 0x0F, 0xFC, 0x00, 0x2F, 0xFF, 0xD1, 0xFF, 0x40, 0x00, 0xFF, 0xFD, 0x3F,
    0xF0, 0x00, 0x07, 0xFF, 0xD0, 0x00, 0x00, 0x00, 0x03, 0xFD, 0x00, 0x00, 0x00, 0x00, 0x3F, 0xD0,
    0x00, 0x00, 0x00, 0x03, 0xFD, 0x00, 0x00, 0x00, 0x15, 0xFF, 0xC0, 0x00, 0x00, 0x02, 0xFF, 0xFC,
    0x00, 0x00, 0x00, 0x2F, 0xFF, 0x00, 0x00, 0x00, 0x01, 0xFF, 0x80, 0x2F, 0xF4, 0x00, 0xFF, 0xC0,
    0x3F, 0xF0, 0x0B, 0xFD, 0x00, 0x7F, 0xE0, 0x7F, 0xE0, 0x00, 0xBF, 0xC3, 0xFF, 0x00, 0x00, 0xFF,
    0xAF, 0xF4, 0x00, 0x01, 0xFF, 0xFF, 0x80, 0x00, 0x02, 0xFF, 0xFC, 0x00, 0x00, 0x03, 0xFF, 0xC0,
    0x00, 0x00, 0x1F, 0xFF, 0x40, 0x00, 0x00, 0xFF, 0xFF, 0x00, 0x00, 0x0B, 0xFF, 0xFF, 0x00, 0x00,
    0x3F, 0xD7, 0xFE, 0x00, 0x03, 0xFF, 0x0B, 0xFD, 0x00, 0x2F, 0xF4, 0x0F, 0xFF, 0xF0, 0xFF, 0x80,
    0x1F, 0xFF, 0xCF, 0xFC, 0x00, 0x3F, 0xFF, 0x00, 0x00, 0x00, 0x03, 0xFC, 0x00, 0x00, 0x00, 0x0F,
    0xF0, 0x00, 0x00, 0x00, 0x3F, 0xC0, 0x00, 0x00, 0x16, 0xFF, 0x00, 0x00, 0x00, 0xFF, 0xF8, 0x00,
    0x00, 0x03, 0xFF, 0xC0, 0x00, 0x00, 0x0B, 0xF8, 0x00, 0x3F, 0xF0, 0x00, 0x0F, 0xFC, 0x0F, 0xF8,
    0x00, 0x2F, 0xF0, 0x0B, 0xFC, 0x00, 0x3F, 0xE0, 0x03, 0xFE, 0x00, 0xBF, 0xC0, 0x01, 0xFF, 0x41,
    0xFF, 0x40, 0x00, 0xFF, 0xC3, 0xFF, 0x00, 0x00, 0x7F, 0xD7, 0xFD, 0x00, 0x00, 0x2F, 0xFF, 0xF8,
    0x00, 0x00, 0x0F, 0xFF, 0xF0, 0x00, 0x0F, 0xFF, 0xFF, 0xFF, 0xF0, 0x0F, 0xFF, 0xFF, 0xFF, 0xF0,
    0x0F, 0xFF, 0xFF, 0xFF, 0xF0, 0x05, 0x5F, 0xFF, 0xF5, 0x50, 0x00, 0x2F, 0xFF, 0xF8, 0x00, 0x00,
    0x7F, 0xD7, 0xFD, 0x00, 0x00, 0xFF, 0xC3, 0xFF, 0x00, 0x02, 0xFF, 0x01, 0xFF, 0x80, 0x07, 0xFE,
    0x00, 0xBF, 0xC0, 0x0F, 0xFC, 0x00, 0x3F, 0xF0, 0x2F, 0xF4, 0x00, 0x1F, 0xF8, 0x3F, 0xE0, 0x00,
    0x0F, 0xFC, 0x2F, 0xF0, 0x00, 0xFF, 0xC0, 0xFF, 0x80, 0x2F, 0xF0, 0x0B, 0xFD, 0x07, 0xFE, 0x00,
    0x3F, 0xF0, 0xFF, 0xC0, 0x01, 0xFF, 0x5F, 0xF4, 0x00, 0x0B, 0xFF, 0xFE, 0x00, 0x05, 0x7F, 0xFF,
    0xD5, 0x00, 0xFF, 0xFF, 0xFF, 0xF0, 0x0F, 0xFF, 0xFF, 0xFF, 0x00, 0xFF, 0xFF, 0xFF, 0xF0, 0x00,
    0x7F, 0xFF, 0xD0, 0x00, 0x0F, 0xFA, 0xFF, 0x00, 0x03, 0xFF, 0x0F, 0xFC, 0x00, 0xBF, 0xD0, 0x7F,
    0xE0, 0x1F, 0xF8, 0x02, 0xFF, 0x43, 0xFF, 0x00, 0x0F, 0xFC, 0x00, 0x40, 0x00, 0xD0, 0x00, 0x34,
    0x3F, 0xFD, 0x30, 0x38, 0x30, 0xE0, 0x30, 0x40, 0x30, 0x00, 0x30, 0x00, 0x30, 0x00, 0x30, 0x00,
    0x30, 0x00, 0x30, 0x00, 0x30, 0x00, 0x30, 0x00, 0x30, 0x00, 0x30, 0x00, 0x30, 0x00, 0x30, 0x00,
    0x30, 0x00, 0x30, 0x00, 0x30, 0x00, 0x30, 0x00, 0x30, 0x00, 0x00, 0x00, 0x00, 0x00, 0x2C, 0x02,
    0xC0, 0x2F, 0xFF, 0x3C, 0x1C, 0x28, 0x30, 0x10, 0xC0, 0x03, 0x00, 0x0C, 0x00, 0x30, 0x00, 0xC0,
    0x03, 0x00, 0x0C, 0x00, 0x30, 0x00, 0xC0, 0x03, 0x00, 0x0C, 0x00, 0x30, 0x00, 0xC0, 0x03, 0x00,
    0x0C, 0x00, 0x30, 0x00, 0xC0, 0x03, 0x00, 0x00, 0x55, 0x55, 0xFF, 0xFF, 0xFF, 0xFF, 0xFF, 0xFF,
    0x55, 0x55, 0xFF, 0xFF, 0xFF, 0xFF, 0xFF, 0xFF, 0x55, 0x55, 0x55, 0x57, 0xFF, 0xFF, 0xFF, 0xFF,
    0xFF, 0xFF, 0xFF, 0xFF, 0xFF, 0xFF, 0xFF, 0x55, 0x55, 0x55, 0xFF, 0xFF, 0xFF, 0xFF, 0xFF, 0xFF,
    0xFF, 0xFF, 0xFF, 0x55, 0x55, 0x55, 0x55, 0x55, 0x55, 0x57, 0xFF, 0xFF, 0xFF, 0xFF, 0xFF, 0xFF,
    0xFF, 0xFF, 0xFF, 0xFF, 0xFF, 0xFF, 0xFF, 0xFF, 0xFF, 0xFF, 0xFF, 0xFF, 0xFF, 0xFF, 0x55, 0x55,
    0x55, 0x55, 0x55, 0x55, 0x57, 0xFF, 0xFF, 0xFF, 0xFF, 0xFF, 0xFF, 0xFF, 0xFF, 0xFF, 0xFF, 0xFF,
    0xFF, 0xFF, 0xFF, 0xFF, 0xFF, 0xFF, 0xFF, 0xFF, 0xFF, 0xFC, 0x00, 0xFF, 0xF0, 0x03, 0xFF, 0xC0,
    0x0F, 0xFF, 0x00, 0x3F, 0xFC, 0x00, 0xFF, 0xF0, 0x03, 0xFF, 0xC0, 0x0F, 0xFF, 0x00, 0x3F, 0xFC,
    0x00, 0xFF, 0xF0, 0x03, 0xFF, 0xC0, 0x0F, 0xFF, 0x00, 0x3F, 0xFC, 0x00, 0xFF, 0xF0, 0x03, 0xFF,
    0xC0, 0x0F, 0xFF, 0x00, 0x3F, 0xFC, 0x00, 0xFF, 0xF0, 0x03, 0xFF, 0xC0, 0x0F, 0xFF, 0x00, 0x3F,
    0xFC, 0x00, 0xFF, 0xF0, 0x03, 0xFF, 0xC0, 0x0F, 0xFF, 0x00, 0x3F, 0xFC, 0x00, 0xFF, 0xF0, 0x03,
    0xFF, 0xC0, 0x0F, 0xFF, 0x00, 0x3F, 0xFC, 0x00, 0xFC, 0xFF, 0xFF, 0xFF, 0xFF, 0xFF, 0xFF, 0x00,
    0x00, 0x00, 0x00, 0x00, 0x00, 0xFF, 0xFF, 0xFF, 0xFF, 0xFF, 0xFF, 0x07, 0xF0, 0xFE, 0x0F, 0xD2,
    0xFC, 0x3F, 0xC7, 0xFC, 0xBF, 0x80, 0x1F, 0xF1, 0xFE, 0x2F, 0xD3, 0xFC, 0x3F, 0x87, 0xF0, 0xBE,
    0x00, 0x0F, 0xF4, 0x3F, 0xC1, 0xFE, 0x07, 0xF4, 0x2F, 0xC0, 0xFE, 0x03, 0xF0, 0x00, 0xBF, 0x87,
    0xFC, 0x3F, 0xC2, 0xFC, 0x0F, 0xD0, 0xFE, 0x07, 0xF0, 0x07, 0xF0, 0x2F, 0x83, 0xF8, 0x0F, 0xD0,
    0xFD, 0x0B, 0xF0, 0xBF, 0x03, 0xFC, 0x3F, 0xC1, 0xFE, 0x1F, 0xF0, 0xBF, 0x4B, 0xF8, 0x3F, 0xD0,
    0x1F, 0xF0, 0xBF, 0x87, 0xF8, 0x3F, 0xD2, 0xFD, 0x0F, 0xF0, 0xFF, 0x03, 0xF8, 0x3F, 0x81, 0xFC,
    0x1F, 0xC0, 0xBF, 0x0B, 0xE0, 0x3F, 0x40, 0x0F, 0xF4, 0x3F, 0xC0, 0xFF, 0x07, 0xFC, 0x0F, 0xF0,
    0x7F, 0x41, 0xFD, 0x0B, 0xF0, 0x2F, 0xC0, 0xFE, 0x03, 0xF8, 0x0F, 0xD0, 0x3F, 0x41, 0xFC, 0x00,
    0xBF, 0x83, 0xFD, 0x1F, 0xF0, 0xBF, 0x43, 0xFC, 0x1F, 0xE0, 0xBF, 0x03, 0xFC, 0x0F, 0xD0, 0xBF,
    0x03, 0xF8, 0x0F, 0xD0, 0x7F, 0x02, 0xF8, 0x01, 0xFD, 0x00, 0x00, 0xFC, 0x00, 0x00, 0xFC, 0x00,
    0x00, 0xFC, 0x00, 0x00, 0xFC, 0x00, 0x54, 0xB8, 0x55, 0xFF, 0xFF, 0xFE, 0xFF, 0xFF, 0xFE, 0xFA,
    0xFE, 0xAD, 0x00, 0xFC, 0x00, 0x00, 0xFC, 0x00, 0x00, 0xFC, 0x00, 0x00, 0xFC, 0x00, 0x00, 0xFC,
    0x00, 0x00, 0xFC, 0x00, 0x00, 0xFC, 0x00, 0x00, 0xFC, 0x00, 0x00, 0xFC, 0x00, 0x00, 0xFC, 0x00,
    0x00, 0xFC, 0x00, 0x00, 0xFC, 0x00, 0x00, 0xFC, 0x00, 0x00, 0xFF, 0x00, 0x00, 0xFF, 0x00, 0x00,
    0xBE, 0x00, 0x00, 0x7D, 0x00, 0x00, 0x7D, 0x00, 0xFF, 0xFF, 0xFF, 0xFF, 0xFF, 0xFF, 0xFF, 0xFF,
    0xFF, 0x40, 0x7D, 0x01, 0x00, 0xBE, 0x00, 0x00, 0xFF, 0x00, 0x00, 0xFF, 0x00, 0x00, 0xBE, 0x00,
    0x40, 0x7D, 0x01, 0xFF, 0xFF, 0xFF, 0xFF, 0xFF, 0xFF, 0xFF, 0xFF, 0xFF, 0x00, 0x7D, 0x00, 0x00,
    0x7D, 0x00, 0x00, 0xBE, 0x00, 0x00, 0xFF, 0x00, 0x00, 0xFF, 0x00, 0x1F, 0xF0, 0x3F, 0xFC, 0xBF,
    0xFE, 0xFF, 0xFF, 0xFF, 0xFF, 0xFF, 0xFF, 0xBF, 0xFE, 0x3F, 0xFC, 0x0B, 0xE0, 0x00, 0x00, 0x0C,
    0x00, 0x00, 0xF8, 0x00, 0x0F, 0xF4, 0x00, 0xFF, 0xF0, 0x0F, 0xFF, 0xE0, 0xFF, 0xFF, 0x8F, 0xFF,
    0xC0, 0xFF, 0xD0, 0x0F, 0xE0, 0x00, 0xE0, 0x00, 0x04, 0x00, 0x00, 0x7E, 0x3F, 0xDF, 0xF7, 0xFD,
    0x7E, 0x00, 0x7E, 0x00, 0x1F, 0x8F, 0xF4, 0x03, 0xFD, 0xFF, 0x40, 0x3F, 0xDF, 0xF4, 0x03, 0xFD,
    0x7E, 0x00, 0x1F, 0x80, 0x7E, 0x00, 0x2F, 0x40, 0x1F, 0x8F, 0xF4, 0x07, 0xFC, 0x03, 0xFD, 0xFF,
    0x40, 0x7F, 0xC0, 0x3F, 0xDF, 0xF4, 0x07, 0xFC, 0x03, 0xFD, 0x7E, 0x00, 0x2F, 0x40, 0x1F, 0x80,
    0x7E, 0x3F, 0xDF, 0xF7, 0xFD, 0x7E, 0x00, 0x3F, 0xFE, 0x30, 0x00, 0x30, 0x00, 0x30, 0x00, 0x30,
    0x00, 0x30, 0x00, 0x30, 0x00, 0x30, 0x00, 0x30, 0x00, 0x30, 0x00, 0x30, 0x00, 0x30, 0x00, 0x30,
    0x00, 0x30, 0x00, 0x30, 0x00, 0x30, 0x00, 0x30, 0x00, 0x30, 0x00, 0x30, 0x00, 0x30, 0x00, 0x30,
    0x00, 0x00, 0x00, 0xBF, 0xFC, 0x00, 0x70, 0x00, 0xC0, 0x03, 0x00, 0x0C, 0x00, 0x30, 0x00, 0xC0,
    0x03, 0x00, 0x0C, 0x00, 0x30, 0x00, 0xC0, 0x03, 0x00, 0x0C, 0x00, 0x30, 0x00, 0xC0, 0x03, 0x00,
    0x0C, 0x00, 0x30, 0x00, 0xC0, 0x03, 0x00, 0x0C, 0x00, 0x00, 0xFF, 0xFF, 0xFF, 0xFF, 0xFF, 0xFF,
    0xFF, 0xFF, 0xFF, 0xFF, 0xF0, 0x30, 0x00, 0xC0, 0x03, 0x00, 0x0C, 0x00, 0x30, 0x00, 0xC0, 0x03,
    0x00, 0x0C, 0x00, 0x30, 0x00, 0xC0, 0x03, 0x00, 0x0C, 0x00, 0x30, 0x00, 0xC0, 0x03, 0x00, 0x0C,
    0x00, 0x30, 0x00, 0x40, 0x3F, 0xFE, 0x30, 0x00, 0x30, 0x00, 0x30, 0x00, 0x30, 0x00, 0x3F, 0xFE,
    0x01, 0xC0, 0x00, 0xC0, 0x00, 0xC0, 0x00, 0xC0, 0x00, 0xC0, 0x00, 0xC0, 0x00, 0xC0, 0x00, 0xC0,
    0x00, 0xC0, 0x00, 0xC0, 0x00, 0xC0, 0x00, 0xC0, 0x00, 0xC0, 0x00, 0xC0, 0x00, 0xC0, 0x00, 0xC0,
    0x00, 0xC0, 0x00, 0x80, 0xFF, 0xFC, 0x00, 0x70, 0x00, 0xC0, 0x03, 0x00, 0x0F, 0xFF, 0xF0, 0x70,
    0x00, 0xC0, 0x03, 0x00, 0x0C, 0x00, 0x30, 0x00, 0xC0, 0x03, 0x00, 0x0C, 0x00, 0x30, 0x00, 0xC0,
    0x03, 0x00, 0x0C, 0x00, 0x30, 0x00, 0xC0, 0x03, 0x00, 0x0C, 0x00, 0x30, 0x00, 0x80, 0x07, 0xFD,
    0x00, 0x00, 0xFD, 0x00, 0x00, 0x00, 0x00, 0xBF, 0xFD, 0x00, 0x07, 0xF0, 0x00, 0x00, 0x00, 0x03,
    0xFF, 0xFC, 0x00, 0x3F, 0x40, 0x00, 0x00, 0x00, 0x2F, 0xD7, 0xF8, 0x02, 0xFC, 0x00, 0x00, 0x00,
    0x00, 0xFD, 0x07, 0xF0, 0x0F, 0xD0, 0x00, 0x00, 0x00, 0x03, 0xF0, 0x0F, 0xC0, 0xBE, 0x00, 0x00,
    0x00, 0x00, 0x0F, 0xC0, 0x3F, 0x03, 0xF0, 0x00, 0x00, 0x00, 0x00, 0x3F, 0x00, 0xFC, 0x3F, 0x80,
    0x00, 0x00, 0x00, 0x00, 0xFD, 0x07, 0xF1, 0xFC, 0x2F, 0xD0, 0x00, 0xBF, 0x42, 0xFD, 0x7F, 0x8F,
    0xE2, 0xFF, 0xE0, 0x0B, 0xFF, 0x83, 0xFF, 0xFC, 0x7F, 0x1F, 0xFF, 0xC0, 0x7F, 0xFF, 0x07, 0xFF,
    0xE3, 0xF8, 0xBD, 0x2F, 0x82, 0xF4, 0x7E, 0x07, 0xFD, 0x2F, 0xC3, 0xF0, 0x3F, 0x0F, 0xC0, 0xFC,
    0x00, 0x00, 0xFD, 0x0F, 0xC0, 0xFC, 0x3F, 0x03, 0xF0, 0x00, 0x0B, 0xF0, 0x3F, 0x03, 0xF0, 0xFC,
    0x0F, 0xC0, 0x00, 0x3F, 0x40, 0xFC, 0x0F, 0xC3, 0xF0, 0x3F, 0x00, 0x03, 0xFC, 0x03, 0xF4, 0x7F,
    0x0F, 0xD1, 0xFC, 0x00, 0x1F, 0xD0, 0x0B, 0xF7, 0xF8, 0x2F, 0xDF, 0xE0, 0x00, 0xFF, 0x00, 0x0F,
    0xFF, 0xD0, 0x3F, 0xFF, 0x40, 0x07, 0xF4, 0x00, 0x2F, 0xFE, 0x00, 0xBF, 0xF8, 0x00, 0x3F, 0xC0,
    0x00, 0x1F, 0xE0, 0x00, 0x7F, 0x80, 0x07, 0xFD, 0x00, 0x00, 0x7F, 0x00, 0x00, 0x00, 0x00, 0x00,
    0x00, 0x00, 0xBF, 0xFD, 0x00, 0x03, 0xF0, 0x00, 0x00, 0x00, 0x00, 0x00, 0x00, 0x03, 0xFF, 0xFC,
    0x00, 0x2F, 0x80, 0x00, 0x00, 0x00, 0x00, 0x00, 0x00, 0x2F, 0xEB, 0xF8, 0x00, 0xFC, 0x00, 0x00,
    0x00, 0x00, 0x00, 0x00, 0x00, 0xFF, 0x0F, 0xF0, 0x0B, 0xD0, 0x00, 0x00, 0x00, 0x00, 0x00, 0x00,
    0x03, 0xFC, 0x3F, 0xC0, 0x7F, 0x00, 0x00, 0x00, 0x00, 0x00, 0x00, 0x00, 0x0F, 0xF0, 0xFF, 0x03,
    0xF4, 0x00, 0x00, 0x00, 0x00, 0x00, 0x00, 0x00, 0x3F, 0xC3, 0xFC, 0x1F, 0xC0, 0x00, 0x00, 0x00,
    0x00, 0x00, 0x00, 0x00, 0xFF, 0x0F, 0xF0, 0xFC, 0x1B, 0xE0, 0x00, 0x6F, 0x80, 0x01, 0xBE, 0x02,
    0xFE, 0xBF, 0x8B, 0xE1, 0xFF, 0xF4, 0x07, 0xFF, 0xD0, 0x1F, 0xFF, 0x43, 0xFF, 0xFC, 0x3F, 0x0F,
    0xFF, 0xF0, 0x3F, 0xFF, 0xC0, 0xFF, 0xFF, 0x07, 0xFF, 0xE2, 0xF4, 0xBF, 0x5F, 0xE2, 0xFD, 0x7F,
    0x8B, 0xF5, 0xFE, 0x07, 0xFD, 0x1F, 0xC3, 0xFC, 0x3F, 0xCF, 0xF0, 0xFF, 0x3F, 0xC3, 0xFC, 0x00,
    0x00, 0xFD, 0x0F, 0xF0, 0xFF, 0x3F, 0xC3, 0xFC, 0xFF, 0x0F, 0xF0, 0x00, 0x07, 0xF0, 0x3F, 0xC3,
    0xFC, 0xFF, 0x0F, 0xF3, 0xFC, 0x3F, 0xC0, 0x00, 0x3F, 0x00, 0xFF, 0x0F, 0xF3, 0xFC, 0x3F, 0xCF,
    0xF0, 0xFF, 0x00, 0x02, 0xF8, 0x03, 0xFC, 0x3F, 0xCF, 0xF0, 0xFF, 0x3F, 0xC3, 0xFC, 0x00, 0x0F,
    0xC0, 0x0B, 0xFA, 0xFE, 0x2F, 0xEB, 0xF8, 0xBF, 0xAF, 0xE0, 0x00, 0xBD, 0x00, 0x0F, 0xFF, 0xF0,
    0x3F, 0xFF, 0xC0, 0xFF, 0xFF, 0x00, 0x07, 0xF0, 0x00, 0x1F, 0xFF, 0x80, 0x7F, 0xFE, 0x01, 0xFF,
    0xF8, 0x00, 0x3F, 0x40, 0x00, 0x1F, 0xF4, 0x00, 0x7F, 0xD0, 0x01, 0xFF, 0x40, 0x00, 0xFE, 0x00,
    0xBF, 0x00, 0x3F, 0x40, 0x2F, 0xC0, 0x0F, 0xC0, 0x0B, 0xD0, 0x03, 0xF0, 0x01, 0xA0, 0x00, 0x00,
    0xFE, 0x0B, 0xF0, 0x0B, 0xF0, 0x7F, 0x40, 0x3F, 0x43, 0xF8, 0x03, 0xF8, 0x1F, 0xC0, 0x1F, 0xC0,
    0xFD, 0x00, 0xFC, 0x07, 0xE0, 0x07, 0xD0, 0x3F, 0x00, 0x00, 0x00, 0xFE, 0x0B, 0xF0, 0x7F, 0x80,
    0xBF, 0x07, 0xF4, 0x3F, 0xC0, 0x3F, 0x43, 0xF8, 0x1F, 0xC0, 0x3F, 0x81, 0xFC, 0x0F, 0xE0, 0x1F,
    0xC0, 0xFD, 0x07, 0xF0, 0x0F, 0xC0, 0x7E, 0x03, 0xF0, 0x07, 0xD0, 0x3F, 0x02, 0xF4, 0x00, 0x3F,
    0x80, 0x0B, 0xF0, 0x00, 0xFE, 0x00, 0x0F, 0xC0, 0x02, 0xF8, 0x00, 0x3F, 0x00, 0x03, 0xE0, 0x00,
    0x68, 0x3F, 0x82, 0xFC, 0x00, 0x7F, 0x43, 0xF8, 0x00, 0xBF, 0x07, 0xF4, 0x00, 0xFD, 0x0B, 0xF0,
    0x01, 0xFC, 0x0F, 0xD0, 0x02, 0xF4, 0x0F, 0xC0, 0x03, 0xF0, 0x1F, 0x40, 0x3F, 0x82, 0xFC, 0x1F,
    0xE0, 0x01, 0xFD, 0x0F, 0xE0, 0xBF, 0x00, 0x0B, 0xF0, 0x7F, 0x43, 0xF8, 0x00, 0x3F, 0x42, 0xFC,
    0x0F, 0xC0, 0x01, 0xFC, 0x0F, 0xD0, 0x7F, 0x00, 0x0B, 0xD0, 0x3F, 0x02, 0xF4, 0x00, 0x3F, 0x01,
    0xF4, 0x0F, 0xC0, 0x00, 0x24, 0x00, 0x00, 0x7C, 0x00, 0x00, 0xFD, 0x00, 0x01, 0xFF, 0x00, 0x03,
    0xDF, 0x80, 0x07, 0xC7, 0xC0, 0x0F, 0x83, 0xE0, 0x1F, 0x01, 0xF0, 0x3E, 0x00, 0xF8, 0x3C, 0x00,
    0x7C, 0x00, 0x10, 0x00, 0x2F, 0x40, 0x1F, 0xF0, 0x0F, 0xF4, 0x0F, 0xF8, 0x0F, 0xFC, 0x0B, 0xFC,
    0x03, 0xFF, 0x00, 0x3F, 0xE0, 0x03, 0xFD, 0x00, 0x7F, 0xC0, 0x0B, 0xFC, 0x00, 0xBD, 0x00, 0x04,
    0x00, 0x01, 0x00, 0x07, 0xE0, 0x03, 0xFD, 0x00, 0x7F, 0xC0, 0x0B, 0xFC, 0x00, 0xFF, 0xC0, 0x0F,
    0xF8, 0x03, 0xFF, 0x02, 0xFF, 0x01, 0xFF, 0x00, 0xFF, 0x40, 0xFF, 0x80, 0x2F, 0x80, 0x00, 0x40,
    0x00, 0x00, 0x00, 0x2F, 0x40, 0x00, 0x01, 0xF0, 0x07, 0xFC, 0x00, 0xF4, 0x3F, 0xC0, 0x7F, 0xC0,
    0x3F, 0xC1, 0xFF, 0x02, 0xF4, 0x0F, 0xF4, 0x07, 0xFC, 0x00, 0x07, 0xFC, 0x00, 0x0F, 0xF0, 0x01,
    0xFF, 0x00, 0x00, 0x3F, 0xC0, 0xBF, 0xC0, 0x00, 0x00, 0xFF, 0x6F, 0xE0, 0x00, 0x7E, 0x03, 0xFF,
    0xF8, 0x0B, 0xDF, 0xF4, 0x0F, 0xFE, 0x01, 0xFF, 0xFF, 0x40, 0xFF, 0xD0, 0x1F, 0xF7, 0xE0, 0x3F,
    0xFF, 0x40, 0xBD, 0x00, 0x0F, 0xF6, 0xFD, 0x00, 0x00, 0x02, 0xFD, 0x0B, 0xF4, 0x00, 0x00, 0xBF,
    0x40, 0x2F, 0xD0, 0x00, 0x2F, 0xD0, 0x00, 0xBF, 0x40, 0x07, 0xF8, 0x00, 0x02, 0xFD, 0x01, 0xFE,
    0x02, 0xF4, 0x0B, 0xF4, 0x3F, 0x80, 0x7F, 0xC0, 0x2F, 0xC1, 0xF0, 0x07, 0xFC, 0x00, 0xB4, 0x04,
    0x00, 0x2F, 0x40, 0x00, 0x00, 0xBF, 0xC0, 0xBF, 0xEF, 0xF0, 0x2F, 0xFB, 0xFC, 0x0B, 0xFE, 0xFF,
    0x02, 0xFF, 0xBF, 0xC0, 0xBF, 0xEF, 0xF0, 0x2F, 0xFB, 0xFC, 0x0B, 0xFE, 0xFF, 0x02, 0xFF, 0xBF,
    0xC0, 0xBF, 0xEF, 0xF0, 0x2F, 0xFB, 0xFC, 0x0B, 0xFE, 0xFF, 0x02, 0xFF, 0xBF, 0xC0, 0xBF, 0xEF,
    0xF0, 0x2F, 0xF0, 0x00, 0x00, 0x00, 0x00, 0x00, 0x00, 0x3F, 0x00, 0x2F, 0x7F, 0xF0, 0x1F, 0xFF,
    0xFC, 0x07, 0xFF, 0xFF, 0x01, 0xFF, 0x3F, 0x00, 0x2F, 0x40, 0x01, 0xBF, 0xF8, 0x02, 0xFF, 0xFF,
    0xF4, 0x3F, 0xFF, 0xFF, 0xC2, 0xFF, 0xDB, 0xFE, 0x08, 0xFC, 0x0F, 0xF0, 0x0F, 0xC0, 0xFF, 0x00,
    0xFC, 0x1F, 0xF0, 0x0F, 0xC7, 0xFD, 0x00, 0xFE, 0xFF, 0x40, 0x0F, 0xFF, 0xD0, 0x00, 0xFF, 0xE0,
    0x00, 0x0F, 0xF4, 0x00, 0x00, 0xFE, 0x00, 0x00, 0x0F, 0xE0, 0x00, 0x00, 0x00, 0x00, 0x00, 0x00,
    0x00, 0x00, 0x00, 0x7E, 0x00, 0x00, 0x0F, 0xF4, 0x00, 0x00, 0xFF, 0x40, 0x00, 0x0F, 0xF4, 0x00,
    0x00, 0x7E, 0x00, 0x00, 0x55, 0x55, 0x55, 0x57, 0xFF, 0xFF, 0xFF, 0xFF, 0xFF, 0xFF, 0xFF, 0xFF,
    0xFF, 0xFF, 0xFF, 0x00, 0x00, 0x00, 0x00, 0x03, 0x00, 0x00, 0x00, 0x1C, 0x3C, 0x00, 0x00, 0x03,
    0x80, 0xF0, 0x00, 0x01, 0xF0, 0x07, 0xE0, 0x01, 0xBC, 0x00, 0x0F, 0xFF, 0xFF, 0x00, 0x00, 0x1B,
    0xFE, 0x40, 0x00, 0x00, 0x0B, 0xFA, 0x00, 0x00, 0x0F, 0xFF, 0xFE, 0x00, 0x03, 0xE4, 0x01, 0xFC,
    0x00, 0xF0, 0x00, 0x01, 0xF0, 0x3C, 0x00, 0x00, 0x07, 0x83, 0x40, 0x00, 0x00, 0x2C, 0x00, 0x00,
    0x00, 0x00, 0x00, 0x00, 0x00, 0x2E, 0x00, 0x00, 0x3C, 0x00, 0x00, 0xB8, 0x00, 0x00, 0xF0, 0x00,
    0x02, 0xE0, 0x00, 0x03, 0xC0, 0x00, 0x0B, 0x80, 0x00, 0x0F, 0x00, 0x00, 0x2E, 0x00, 0x00, 0x3C,
    0x00, 0x00, 0xBD, 0x00, 0x00, 0xFF, 0x00, 0x02, 0xEF, 0x40, 0x03, 0xC7, 0xC0, 0x0B, 0x83, 0xD0,
    0x0F, 0x01, 0xF0, 0x2E, 0x00, 0xF4, 0x3C, 0x00, 0x7C, 0x00, 0x00, 0x00, 0x0B, 0xF0, 0x00, 0x00,
    0x00, 0x00, 0x00, 0x00, 0x02, 0xFC, 0x00, 0x00, 0x00, 0x00, 0x00, 0x00, 0x00, 0x7F, 0x00, 0x00,
    0x00, 0x00, 0x00, 0x00, 0x00, 0x1F, 0x80, 0x00, 0x00, 0x00, 0x00, 0x00, 0x1F, 0x93, 0xE1, 0xBC,
    0x00, 0x00, 0x00, 0x00, 0x0B, 0xFF, 0xFF, 0xFF, 0x00, 0x00, 0x00, 0x00, 0x02, 0xFF, 0xFF, 0xFF,
    0xC0, 0x00, 0x00, 0x00, 0x00, 0x05, 0xBF, 0xF5, 0x40, 0x00, 0x00, 0x00, 0x00, 0x00, 0x3F, 0xFC,
    0x00, 0x00, 0x00, 0x00, 0x00, 0x00, 0x2F, 0xEF, 0xC0, 0x00, 0x00, 0x00, 0x00, 0x00, 0x1F, 0xD3,
    0xFC, 0x00, 0x00, 0x00, 0x00, 0x00, 0x0F, 0xF0, 0xBF, 0x40, 0x00, 0x00, 0x00, 0x1A, 0x40, 0x78,
    0x0E, 0x01, 0xA8, 0x00, 0x00, 0x0B, 0xF0, 0x00, 0x00, 0x00, 0xBF, 0x00, 0x00, 0x02, 0xFC, 0x00,
    0x00, 0x00, 0x1F, 0xC0, 0x00, 0x00, 0x7E, 0x00, 0x00, 0x00, 0x07, 0xE0, 0x00, 0x64, 0x1F, 0x80,
    0x60, 0x06, 0x40, 0xF8, 0x06, 0x2F, 0xEB, 0xEB, 0xFC, 0x02, 0xFE, 0xBE, 0xBF, 0xCB, 0xFF, 0xFF,
    0xFF, 0x00, 0xBF, 0xFF, 0xFF, 0xF2, 0xFF, 0xFF, 0xFF, 0xC0, 0x2F, 0xFF, 0xFF, 0xFC, 0x00, 0x7F,
    0xE0, 0x00, 0x00, 0x07, 0xFF, 0x00, 0x00, 0x3F, 0xFD, 0x00, 0x00, 0x03, 0xFF, 0xD0, 0x00, 0x3F,
    0x9F, 0xC0, 0x00, 0x03, 0xF9, 0xFD, 0x00, 0x2F, 0xC3, 0xFC, 0x00, 0x02, 0xFD, 0x3F, 0xC0, 0x0B,
    0xF0, 0x7F, 0x00, 0x00, 0xBF, 0x07, 0xF0, 0x00, 0x24, 0x0D, 0x00, 0x00, 0x02, 0x40, 0x90, 0x00,
    0x55, 0x55, 0xFF, 0xFF, 0xFF, 0xFF, 0xFF, 0xFF, 0x00, 0x00, 0x01, 0xFC, 0x00, 0x00, 0x03, 0xF8,
    0x00, 0x00, 0x07, 0xF0, 0x00, 0x00, 0x0F, 0xD0, 0x00, 0x00, 0x2F, 0xC0, 0x00, 0x00, 0x3F, 0x40,
    0x00, 0x00, 0xBF, 0x00, 0x00, 0x00, 0xFC, 0x00, 0x00, 0x02, 0xF8, 0x00, 0x00, 0x07, 0xF0, 0x00,
    0x00, 0x0F, 0xE0, 0x00, 0x00, 0x1F, 0xC0, 0x00, 0x00, 0x3F, 0x40, 0x00, 0x00, 0x7F, 0x00, 0x00,
    0x00, 0xFD, 0x00, 0x00, 0x02, 0xFC, 0x00, 0x00, 0x03, 0xF4, 0x00, 0x00, 0x0B, 0xE0, 0x00, 0x00,
    0x0F, 0xC0, 0x00, 0x00, 0x3F, 0x80, 0x00, 0x00, 0x7F, 0x00, 0x00, 0x00, 0xFF, 0xFF, 0xFF, 0xFF,
    0xFF, 0xFF, 0xD5, 0xFF, 0x03, 0xFC, 0x0F, 0xF0, 0x3F, 0xC0, 0xFF, 0x03, 0xFC, 0x0F, 0xF0, 0x3F,
    0xFF, 0xFF, 0xFF, 0xFF, 0xFF, 0xF5, 0x7F, 0xC0, 0xFF, 0x03, 0xFC, 0x0F, 0xF0, 0x3F, 0xC0, 0xFF,
    0x03, 0xFC, 0x0F, 0xFF, 0xFF, 0xFF, 0xFF, 0xFD, 0x55, 0x50, 0xFF, 0xFF, 0xFF, 0xFF, 0xFF, 0xD5,
    0xFF, 0x03, 0xFC, 0x0F, 0xF0, 0x3F, 0xC0, 0xFF, 0x03, 0xFC, 0x0F, 0xF0, 0x3F, 0xFF, 0xFF, 0xFF,
    0xFF, 0xFF, 0xF5, 0x7F, 0xC0, 0xFF, 0x03, 0xFC, 0x0F, 0xF0, 0x3F, 0xC0, 0xFF, 0x03, 0xFC, 0x0F,
    0xFF, 0xFF, 0xFF, 0xFF, 0xFF, 0xFD, 0x55, 0x50, 0x01, 0xBF, 0xF8, 0x00, 0x2B, 0xFE, 0x40, 0x3F,
    0xFF, 0xFF, 0x43, 0xFF, 0xFF, 0xF0, 0x3F, 0xFF, 0xFF, 0xD3, 0xFF, 0xFF, 0xFC, 0x1F, 0x95, 0xBF,
    0xF1, 0xF9, 0x5F, 0xFD, 0x04, 0x00, 0x2F, 0xF0, 0x40, 0x03, 0xFD, 0x00, 0x00, 0x2F, 0xF0, 0x00,
    0x03, 0xFD, 0x00, 0x00, 0x3F, 0xF0, 0x00, 0x07, 0xFD, 0x00, 0x00, 0xBF, 0xD0, 0x00, 0x0F, 0xFC,
    0x00, 0x03, 0xFF, 0x80, 0x00, 0x3F, 0xF0, 0x00, 0x0F, 0xFD, 0x00, 0x00, 0xFF, 0xC0, 0x00, 0x2F,
    0xF0, 0x00, 0x02, 0xFE, 0x00, 0x00, 0x3F, 0x80, 0x00, 0x03, 0xF8, 0x00, 0x00, 0x3F, 0x00, 0x00,
    0x03, 0xF0, 0x00, 0x00, 0x3F, 0x00, 0x00, 0x03, 0xF0, 0x00, 0x00, 0x00, 0x00, 0x00, 0x00, 0x00,
    0x00, 0x00, 0x00, 0x00, 0x00, 0x00, 0x00, 0x00, 0x00, 0x7E, 0x00, 0x00, 0x07, 0xE0, 0x00, 0x00,
    0xFF, 0x40, 0x00, 0x0F, 0xF4, 0x00, 0x00, 0xFF, 0x40, 0x00, 0x0F, 0xF4, 0x00, 0x00, 0xFF, 0x40,
    0x00, 0x0F, 0xF4, 0x00, 0x00, 0x7E, 0x00, 0x00, 0x07, 0xE0, 0x00, 0x02, 0xBF, 0xF8, 0x00, 0xFF,
    0x8F, 0xFF, 0xFF, 0xD0, 0x3F, 0xE3, 0xFF, 0xFF, 0xFD, 0x0F, 0xF8, 0x7E, 0x56, 0xFF, 0xC3, 0xFE,
    0x08, 0x00, 0x2F, 0xF0, 0xFF, 0x80, 0x00, 0x0B, 0xFC, 0x3F, 0xE0, 0x00, 0x03, 0xFF, 0x0F, 0xF8,
    0x00, 0x02, 0xFF, 0x43, 0xFE, 0x00, 0x02, 0xFF, 0x80, 0xFF, 0x80, 0x03, 0xFF, 0x80, 0x3F, 0xE0,
    0x02, 0xFF, 0x40, 0x0F, 0xF8, 0x00, 0xFF, 0x00, 0x03, 0xFE, 0x00, 0x3F, 0x00, 0x00, 0xFF, 0x80,
    0x0F, 0xC0, 0x00, 0x3F, 0xE0, 0x00, 0x00, 0x00, 0x00, 0x00, 0x00, 0x00, 0x00, 0x00, 0x00, 0x00,
    0x7E, 0x00, 0x00, 0x7E, 0x00, 0x3F, 0xD0, 0x00, 0x3F, 0xD0, 0x0F, 0xF4, 0x00, 0x0F, 0xF4, 0x03,
    0xFD, 0x00, 0x03, 0xFD, 0x00, 0x7E, 0x00, 0x00, 0x7E, 0x00, 0xBF, 0xC0, 0x1B, 0xFF, 0x80, 0xBF,
    0xC2, 0xFF, 0xFF, 0xF4, 0xBF, 0xC2, 0xFF, 0xFF, 0xFD, 0xBF, 0xC0, 0xFE, 0x5B, 0xFF, 0xBF, 0xC0,
    0x40, 0x02, 0xFF, 0xBF, 0xC0, 0x00, 0x02, 0xFF, 0xBF, 0xC0, 0x00, 0x03, 0xFF, 0xBF, 0xC0, 0x00,
    0x0B, 0xFD, 0xBF, 0xC0, 0x00, 0x2F, 0xF8, 0xBF, 0xC0, 0x00, 0xFF, 0xE0, 0xBF, 0xC0, 0x02, 0xFF,
    0x40, 0xBF, 0xC0, 0x03, 0xFC, 0x00, 0xBF, 0xC0, 0x03, 0xF0, 0x00, 0xBF, 0xC0, 0x03, 0xF0, 0x00,
    0x00, 0x00, 0x00, 0x00, 0x00, 0x00, 0x00, 0x00, 0x00, 0x00, 0x3F, 0x00, 0x02, 0xF4, 0x00, 0xFF,
    0xC0, 0x07, 0xFC, 0x00, 0xFF, 0xC0, 0x07, 0xFC, 0x00, 0xFF, 0xC0, 0x07, 0xFC, 0x00, 0x3F, 0x00,
    0x02, 0xF0, 0x00, 0xFF, 0xFF, 0xFF, 0xFF, 0xFF, 0xFF, 0xFF, 0xFF, 0xFF, 0xFF, 0xF5, 0x55, 0x56,
    0xFD, 0x00, 0x00, 0x3F, 0xC0, 0x00, 0x0B, 0xF0, 0x00, 0x00, 0xFE, 0x00, 0x00, 0x3F, 0xC0, 0x00,
    0x07, 0xF4, 0x00, 0x00, 0xFF, 0x00, 0x00, 0x2F, 0xD0, 0x00, 0x03, 0xFC, 0x00, 0x00, 0xFF, 0x00,
    0x00, 0x1F, 0xE0, 0x00, 0x03, 0xFC, 0x00, 0x00, 0xBF, 0x40, 0x00, 0xFF, 0xFF, 0xFE, 0x03, 0xFF,
    0xFF, 0xFF, 0x0F, 0xFF, 0xFF, 0xFF, 0x3C, 0x0F, 0xFF, 0xFD, 0xF0, 0x3F, 0xFF, 0xFB, 0xC0, 0xFF,
    0xFF, 0xFF, 0x03, 0xFF, 0xFF, 0xFC, 0x0F, 0xFF, 0xFF, 0xF0, 0x3F, 0xFF, 0xFF, 0xC0, 0xFF, 0xFF,
    0xFF, 0x03, 0xFF, 0xFF, 0xBC, 0x0F, 0xFF, 0xFD, 0xF0, 0x3F, 0xFF, 0xE3, 0xC0, 0xFF, 0xFE, 0x0F,
    0x03, 0xDA, 0x40, 0x3C, 0x0F, 0x00, 0x00, 0xF0, 0x3C, 0x00, 0x03, 0xC0, 0xF0, 0x00, 0x0F, 0x03,
    0xC0, 0x00, 0x3C, 0x0F, 0x00, 0x00, 0xF0, 0x3C, 0x00, 0x03, 0xC0, 0xF0, 0x00, 0x0F, 0x03, 0xC0,
    0x00, 0x3C, 0x0F, 0x00, 0x00, 0xF0, 0x3C, 0x00, 0x03, 0xC0, 0xF0, 0x00, 0x00, 0x01, 0xFF, 0xFF,
    0xFC, 0x3F, 0xFF, 0xFF, 0xF3, 0xFF, 0xFF, 0xFF, 0xDF, 0xFF, 0xFD, 0x5F, 0xBF, 0xFF, 0xF0, 0x3F,
    0xFF, 0xFF, 0xC0, 0xFF, 0xFF, 0xFF, 0x03, 0xFF, 0xFF, 0xFC, 0x0F, 0xFF, 0xFF, 0xF0, 0x3F, 0xFF,
    0xFF, 0xC0, 0xFB, 0xFF, 0xFF, 0x03, 0xDF, 0xFF, 0xFC, 0x0F, 0x3F, 0xFF, 0xFF, 0xFC, 0x7F, 0xFF,
    0xFF, 0xF0, 0x7F, 0xFF, 0xFF, 0xC0, 0x05, 0x55, 0x55, 0xFF, 0xFF, 0xFD, 0x03, 0xFF, 0xFF, 0xFF,
    0x0F, 0xFF, 0xFF, 0xFF, 0x3D, 0x5F, 0xFF, 0xFD, 0xF0, 0x3F, 0xFF, 0xFB, 0xC0, 0xFF, 0xFF, 0xFF,
    0x03, 0xFF, 0xFF, 0xFC, 0x0F, 0xFF, 0xFF, 0xF0, 0x3F, 0xFF, 0xFF, 0xC0, 0xFF, 0xFF, 0xFF, 0x03,
    0xFF, 0xFF, 0xBC, 0x0F, 0xFF, 0xFD, 0xFF, 0xFF, 0xFF, 0xF3, 0xFF, 0xFF, 0xFF, 0x4F, 0xFF, 0xFF,
    0xF4, 0x15, 0x55, 0x54, 0x00, 0x00, 0x0F, 0xE0, 0x00, 0x00, 0x3F, 0x80, 0x00, 0x00, 0xBD, 0x00,
    0x00, 0x02, 0xF4, 0x00, 0x2E, 0x47, 0xD1, 0xB8, 0xFF, 0xFF, 0xFF, 0xE3, 0xFF, 0xFF, 0xFF, 0xC5,
    0x6F, 0xFE, 0x95, 0x00, 0x3F, 0xFC, 0x00, 0x02, 0xFB, 0xF8, 0x00, 0x2F, 0xC7, 0xF4, 0x00, 0xFF,
    0x0F, 0xF0, 0x01, 0xF4, 0x1E, 0x00, 0x00, 0x40, 0x00, 0x00, 0x7E, 0x0F, 0xF4, 0xFF, 0x4F, 0xF4,
    0x7E, 0x00, 0x00, 0x00, 0x00, 0x00, 0x00, 0x00, 0x00, 0x00, 0x00, 0x00, 0x00, 0x0F, 0xF0, 0xBF,
    0x07, 0xF4, 0x3F, 0x82, 0xF8, 0x0F, 0xC0, 0xFC, 0x00, 0x0B, 0xFA, 0x00, 0x00, 0x0F, 0xFF, 0xFE,
    0x00, 0x03, 0xE4, 0x01, 0xFC, 0x00, 0xF0, 0x00, 0x01, 0xF0, 0x3C, 0x00, 0x00, 0x07, 0x83, 0x40,
    0x00, 0x00, 0x2C, 0x00, 0x00, 0x00, 0x00, 0x00, 0x00, 0x00, 0x00, 0x00, 0x00, 0x00, 0x00, 0x00,
    0x00, 0x00, 0x00, 0x00, 0x00, 0x00, 0x00, 0x00, 0x00, 0x00, 0x00, 0x00, 0x00, 0x00, 0x00, 0x00,
    0x00, 0x00, 0x00, 0x00, 0x00, 0x00, 0x00, 0x00, 0x00, 0x00, 0x00, 0x00, 0x00, 0x00, 0x00, 0x00,
    0x00, 0x00, 0x00, 0x00, 0x00, 0x00, 0x00, 0x00, 0x00, 0x00, 0x00, 0x00, 0x00, 0x00, 0x00, 0x00,
    0x00, 0x00, 0x00, 0x00, 0x00, 0x00, 0x00, 0x00, 0x00, 0x00, 0x00, 0x00, 0x00, 0x00, 0x00, 0x00,
    0x00, 0x00, 0x00, 0x00, 0x34, 0x00, 0x00, 0x02, 0xC3, 0xC0, 0x00, 0x00, 0x38, 0x0F, 0x00, 0x00,
    0x1F, 0x00, 0x7E, 0x00, 0x1B, 0xC0, 0x00, 0xFF, 0xFF, 0xF0, 0x00, 0x01, 0xBF, 0xE4, 0x00, 0x00,
    0x0F, 0xE0, 0x00, 0x00, 0x3F, 0x80, 0x00, 0x00, 0xBD, 0x00, 0x00, 0x02, 0xF4, 0x00, 0x2E, 0x47,
    0xD1, 0xF8, 0xFF, 0xFF, 0xFF, 0xE3, 0xFF, 0xFF, 0xFF, 0xC5, 0x6F, 0xFE, 0x95, 0x00, 0x3F, 0xFC,
    0x00, 0x03, 0xFB, 0xF8, 0x00, 0x2F, 0xC7, 0xF4, 0x00, 0xFF, 0x0F, 0xF0, 0x01, 0xF4, 0x1E, 0x00,
    0x00, 0x00, 0x00, 0x00, 0x00, 0x69, 0x00, 0x00, 0x03, 0xF8, 0x00, 0x00, 0x0F, 0xE0, 0x00, 0x00,
    0x2F, 0x40, 0x01, 0x40, 0xBD, 0x02, 0x4F, 0xFA, 0xFA, 0xFE, 0x3F, 0xFF, 0xFF, 0xFC, 0xFF, 0xFF,
    0xFF, 0xF0, 0x02, 0xFF, 0x80, 0x00, 0x1F, 0xFF, 0x00, 0x00, 0xFD, 0xBF, 0x00, 0x0F, 0xF0, 0xFE,
    0x00, 0x3F, 0x82, 0xF8, 0x00, 0x1C, 0x02, 0x00, 0x1F, 0x80, 0x1F, 0xCF, 0xF4, 0x0F, 0xD3, 0xFD,
    0x03, 0xF0, 0xFF, 0x42, 0xF8, 0x1F, 0x80, 0xFC, 0x00, 0x00, 0x7E, 0x00, 0x00, 0x3F, 0x40, 0x00,
    0x1F, 0xC0, 0x00, 0x0F, 0xD0, 0x00, 0x03, 0xF0, 0x00, 0x02, 0xF8, 0x00, 0x00, 0xFC, 0x00, 0x00,
    0x7E, 0x00, 0x00, 0x3F, 0x40, 0x00, 0x1F, 0xC0, 0x00, 0x0B, 0xD0, 0x00, 0x03, 0xF0, 0x2F, 0x42,
    0xF8, 0x1F, 0xF0, 0xFC, 0x07, 0xFC, 0x7F, 0x01, 0xFF, 0x3F, 0x40, 0x2F, 0x40, 0x01, 0xBF, 0xFA,
    0x50, 0x00, 0x00, 0x3C, 0x0F, 0xFF, 0xFF, 0xFF, 0xE9, 0x56, 0xFC, 0x3F, 0xFF, 0xFF, 0xFF, 0xFF,
    0xFF, 0xF4, 0x7F, 0x55, 0x6B, 0xFF, 0xFF, 0xFF, 0xD0, 0xB8, 0x00, 0x00, 0x06, 0xBF, 0xFE, 0x00,
    0x00, 0x1B, 0xFA, 0x00, 0x00, 0x0F, 0xFF, 0xFE, 0x00, 0x03, 0xE4, 0x01, 0xFC, 0x00, 0xF0, 0x00,
    0x01, 0xF0, 0x3C, 0x00, 0x00, 0x07, 0x83, 0x40, 0x00, 0x00, 0x2C, 0x00, 0x00, 0x00, 0x00, 0x00,
    0x00, 0x0F, 0x00, 0x00, 0x14, 0x3C, 0x08, 0x01, 0xF4, 0xF0, 0xFC, 0x03, 0xF7, 0xDF, 0xF0, 0x03,
    0xFF, 0xFE, 0x00, 0x07, 0xFF, 0xE0, 0x0F, 0xFF, 0xFF, 0xFF, 0xFF, 0xFF, 0xFF, 0xFF, 0x01, 0xFF,
    0xF8, 0x00, 0x1F, 0xFF, 0xFC, 0x01, 0xFD, 0xF7, 0xFC, 0x07, 0xD3, 0xC3, 0xF0, 0x05, 0x0F, 0x02,
    0x00, 0x00, 0x3C, 0x00, 0x00, 0x00, 0x00, 0x1F, 0x80, 0x00, 0x03, 0xFD, 0x00, 0x00, 0x3F, 0xD0,
    0x00, 0x03, 0xFD, 0x00, 0x00, 0x1F, 0x80, 0x00, 0x00, 0x00, 0x00, 0x00, 0x00, 0x00, 0x00, 0x00,
    0x00, 0x7E, 0x00, 0x00, 0x0F, 0xF4, 0x00, 0x00, 0xFF, 0x40, 0x00, 0x0F, 0xF4, 0x00, 0x00, 0x7E,
    0x00, 0x00, 0x00, 0x00, 0x00, 0x00, 0x00, 0x00, 0x00, 0x00, 0x00, 0x00, 0x00, 0x00, 0x00, 0x00,
    0x00, 0x00, 0x01, 0xF8, 0x00, 0x00, 0x3F, 0xD0, 0x00, 0x03, 0xFD, 0x00, 0x00, 0x1F, 0x80, 0x00,
    0xFE, 0x0F, 0xF0, 0xFF, 0x0B, 0xF0, 0x0B, 0xF0, 0xBF, 0x07, 0xF4, 0x7F, 0x40, 0x3F, 0x43, 0xF4,
    0x3F, 0x83, 0xF8, 0x03, 0xF8, 0x2F, 0xC1, 0xFC, 0x1F, 0xC0, 0x1F, 0xC0, 0xFC, 0x0F, 0xC0, 0xFD,
    0x00, 0xFC, 0x0B, 0xD0, 0xBE, 0x07, 0xE0, 0x07, 0xD0, 0x3E, 0x03, 0xF0, 0x3F, 0x00, 0x00, 0x00,
    0x00, 0x1F, 0x80, 0x00, 0x00, 0x00, 0x00, 0xFF, 0x40, 0x00, 0x00, 0x00, 0x03, 0xFD, 0x00, 0x00,
    0x00, 0x00, 0x0F, 0xF4, 0x00, 0x00, 0x00, 0x00, 0x1F, 0x80, 0x00, 0x00, 0x00, 0x00, 0x00, 0x00,
    0x00, 0x00, 0x00, 0x00, 0x00, 0x00, 0x00, 0x00, 0x00, 0x00, 0x00, 0x00, 0x00, 0x7E, 0x00, 0x00,
    0x00, 0x07, 0xE3, 0xFD, 0x00, 0x00, 0x00, 0x3F, 0xDF, 0xF4, 0x00, 0x00, 0x00, 0xFF, 0x7F, 0xD0,
    0x00, 0x00, 0x03, 0xFD, 0x7E, 0x00, 0x00, 0x00, 0x07, 0xE0, 0x00, 0x00, 0x00, 0x00, 0x00, 0x00,
    0x00, 0x00, 0x00, 0x00, 0x00, 0x00, 0x00, 0x00, 0x00, 0x00, 0x00, 0x00, 0x00, 0x00, 0x00, 0x00,
    0x00, 0x00, 0x00, 0x7E, 0x00, 0x00, 0x00, 0x00, 0x03, 0xFD, 0x00, 0x00, 0x00, 0x00, 0x0F, 0xF4,
    0x00, 0x00, 0x00, 0x00, 0x1F, 0x80, 0x00, 0x00, 0x7E, 0x00, 0x00, 0x00, 0x07, 0xE3, 0xFD, 0x00,
    0x00, 0x00, 0x3F, 0xDF, 0xF4, 0x00, 0x00, 0x00, 0xFF, 0x7F, 0xD0, 0x00, 0x00, 0x03, 0xFD, 0x7E,
    0x00, 0x00, 0x00, 0x07, 0xE0, 0x00, 0x00, 0x00, 0x00, 0x00, 0x00, 0x00, 0x00, 0x00, 0x00, 0x00,
    0x00, 0x00, 0x00, 0x00, 0x00, 0x00, 0x00, 0x00, 0x1F, 0x80, 0x00, 0x00, 0x00, 0x00, 0xFF, 0x40,
    0x00, 0x00, 0x00, 0x03, 0xFD, 0x00, 0x00, 0x00, 0x00, 0x07, 0xE0, 0x00, 0x00, 0x00, 0x00, 0x00,
    0x00, 0x00, 0x00, 0x00, 0x00, 0x00, 0x00, 0x00, 0x00, 0x00, 0x00, 0x00, 0x00, 0x00, 0x00, 0x00,
    0x00, 0x00, 0x00, 0x00, 0x00, 0x00, 0x00, 0x00, 0x00, 0x01, 0xF8, 0x00, 0x00, 0x00, 0x1F, 0x8F,
    0xF4, 0x00, 0x00, 0x00, 0xFF, 0x7F, 0xD0, 0x00, 0x00, 0x03, 0xFD, 0x7E, 0x00, 0x00, 0x00, 0x07,
    0xE0, 0x7E, 0x3F, 0xDF, 0xF7, 0xFD, 0x7E, 0x00, 0x00, 0x00, 0x00, 0x00, 0x00, 0x00, 0x00, 0x00,
    0x00, 0x00, 0x00, 0x00, 0x00, 0x7E, 0x3F, 0xDF, 0xF7, 0xFD, 0x7E, 0x00, 0x00, 0x07, 0xE0, 0x00,
    0x00, 0x03, 0xFD, 0x00, 0x00, 0x00, 0xFF, 0x40, 0x00, 0x00, 0x3F, 0xD0, 0x00, 0x00, 0x07, 0xE0,
    0x00, 0x00, 0x00, 0x00, 0x00, 0x00, 0x00, 0x00, 0x00, 0x00, 0x00, 0x00, 0x00, 0x00, 0x00, 0x00,
    0x00, 0x00, 0x1F, 0x80, 0x00, 0x1F, 0x8F, 0xF4, 0x00, 0x0F, 0xF7, 0xFD, 0x00, 0x03, 0xFD, 0xFF,
    0x40, 0x00, 0xFF, 0x5F, 0x80, 0x00, 0x1F, 0x80, 0x00, 0x00, 0x00, 0x00, 0x00, 0x00, 0x00, 0x00,
    0x00, 0x00, 0x00, 0x00, 0x00, 0x00, 0x00, 0x00, 0x00, 0x00, 0x7E, 0x00, 0x00, 0x00, 0x3F, 0xD0,
    0x00, 0x00, 0x0F, 0xF4, 0x00, 0x00, 0x03, 0xFD, 0x00, 0x00, 0x00, 0x7E, 0x00, 0x00, 0x00, 0x00,
    0x0F, 0xC0, 0x00, 0x00, 0x1F, 0x80, 0x3F, 0x01, 0xF8, 0x00, 0xFF, 0x40, 0xFC, 0x0F, 0xF4, 0x03,
    0xFD, 0x03, 0xF0, 0x3F, 0xD0, 0x0F, 0xF4, 0x0F, 0xC0, 0xFF, 0x40, 0x1F, 0x80, 0x3F, 0x01, 0xF8,
    0x00, 0x00, 0x00, 0xFC, 0x00, 0x00, 0x00, 0x00, 0x03, 0xF0, 0x00, 0x00, 0x00, 0x00, 0x0F, 0xC0,
    0x00, 0x03, 0xFF, 0xFF, 0xFF, 0xFF, 0xFF, 0xFF, 0xFF, 0xFF, 0xFF, 0xFF, 0xFF, 0xFF, 0xFF, 0xFF,
    0xFF, 0xFF, 0xFF, 0x55, 0x55, 0x5F, 0xD5, 0x55, 0x54, 0x00, 0x00, 0x3F, 0x00, 0x00, 0x00, 0x00,
    0x00, 0xFC, 0x00, 0x00, 0x01, 0xF8, 0x03, 0xF0, 0x1F, 0x80, 0x0F, 0xF4, 0x0F, 0xC0, 0xFF, 0x40,
    0x3F, 0xD0, 0x3F, 0x03, 0xFD, 0x00, 0xFF, 0x40, 0xFC, 0x0F, 0xF4, 0x01, 0xF8, 0x03, 0xF0, 0x1F,
    0x80, 0x00, 0x00, 0x0F, 0xC0, 0x00, 0x00, 0x00, 0x00, 0x3F, 0x00, 0x00, 0x00, 0x7E, 0x3F, 0xDF,
    0xF7, 0xFD, 0x7E, 0x00, 0x00, 0x00, 0x00, 0x7E, 0x3F, 0xDF, 0xF7, 0xFD, 0x7E, 0x00, 0x00, 0x00,
    0x00, 0x00, 0x1F, 0x8F, 0xF7, 0xFD, 0xFF, 0x4F, 0x80, 0x7E, 0x3F, 0xDF, 0xF7, 0xFD, 0x7E, 0x1F,
    0x8F, 0xF7, 0xFD, 0xFF, 0x5F, 0x80, 0x01, 0xF8, 0xFF, 0x7F, 0xD7, 0xE0, 0x00, 0x00, 0x1F, 0x8F,
    0xF7, 0xFD, 0x7E, 0x00, 0xFF, 0xFC, 0x1C, 0x00, 0x30, 0x00, 0xC0, 0x03, 0x03, 0xFF, 0xF0, 0x70,
    0x00, 0xC0, 0x03, 0x00, 0x0C, 0x00, 0x30, 0x00, 0xC0, 0x03, 0x00, 0x0C, 0x00, 0x30, 0x00, 0xC0,
    0x03, 0x00, 0x0C, 0x00, 0x30, 0x00, 0xC0, 0x03, 0x00, 0x0C, 0x00, 0x30, 0x00, 0x80, 0x3F, 0xFF,
    0x30, 0x07, 0x30, 0x03, 0x30, 0x03, 0x30, 0x03, 0x3F, 0xFF, 0x01, 0xC0, 0x00, 0xC0, 0x00, 0xC0,
    0x00, 0xC0, 0x00, 0xC0, 0x00, 0xC0, 0x00, 0xC0, 0x00, 0xC0, 0x00, 0xC0, 0x00, 0xC0, 0x00, 0xC0,
    0x00, 0xC0, 0x00, 0xC0, 0x00, 0xC0, 0x00, 0xC0, 0x00, 0xC0, 0x00, 0xC0, 0x00, 0x80, 0xBF, 0xF8,
    0xFF, 0xC2, 0xFD, 0x03, 0xF0, 0x0B, 0x40, 0x0C, 0x00, 0x30, 0x00, 0xC0, 0x03, 0x00, 0x0C, 0x00,
    0x30, 0x00, 0xC0, 0x03, 0x00, 0x0C, 0x00, 0x30, 0x00, 0xC0, 0x03, 0x00, 0x0C, 0x00, 0x30, 0x00,
    0xC0, 0x03, 0x00, 0x0C, 0x00, 0x30, 0x00, 0xC0, 0x01, 0x00, 0x0C, 0x00, 0xF8, 0x07, 0xF0, 0x3F,
    0xE1, 0xFF, 0xC6, 0xBA, 0x40, 0xC0, 0x03, 0x00, 0x0C, 0x00, 0x30, 0x00, 0xC0, 0x03, 0x00, 0x0C,
    0x00, 0x30, 0x00, 0xC0, 0x03, 0x00, 0x0C, 0x00, 0x30, 0x00, 0xC0, 0x03, 0x00, 0x0C, 0x00, 0x30,
    0x00, 0xC0, 0x01, 0x00, 0x3E, 0x03, 0x8E, 0x2C, 0x0D, 0x2D, 0xE0, 0x2D, 0x00, 0x30, 0x00, 0xC0,
    0x03, 0x00, 0x0C, 0x00, 0x30, 0x00, 0xC0, 0x03, 0x00, 0x0C, 0x00, 0x30, 0x00, 0xC0, 0x03, 0x00,
    0x0C, 0x00, 0x30, 0x00, 0xC0, 0x03, 0x00, 0x0C, 0x00, 0x30, 0x00, 0xC0, 0xFF, 0x00, 0x1C, 0x00,
    0x30, 0x00, 0xC0, 0x03, 0x03, 0xFF, 0xF0, 0x70, 0x00, 0xC0, 0x03, 0x00, 0x0C, 0x00, 0x30, 0x00,
    0xC0, 0x03, 0x00, 0x0C, 0x00, 0x30, 0x00, 0xC0, 0x03, 0x00, 0x0C, 0x00, 0x30, 0x00, 0xC0, 0x03,
    0x00, 0x0C, 0x00, 0x30, 0x00, 0x80, 0x07, 0xFD, 0x02, 0xFF, 0xF8, 0x7F, 0xFF, 0xCB, 0xF0, 0xFE,
    0xFF, 0x0F, 0xFF, 0xE0, 0xBF, 0xFE, 0x0B, 0xFF, 0xE0, 0xBF, 0xFF, 0x0F, 0xFB, 0xF0, 0xFE, 0x3F,
    0xFF, 0xC2, 0xFF, 0xF8, 0x07, 0xFD, 0x00, 0xFA, 0xE0, 0x00, 0xFF, 0xFF, 0xFF, 0xFF, 0xFF, 0xFF,
    0xFF, 0xF0, 0x00, 0x1A, 0x80, 0x07, 0xFC, 0x00, 0xFF, 0xC0, 0x3F, 0xFC, 0x07, 0xEF, 0xC0, 0xF6,
    0xFC, 0x3E, 0x2F, 0xC7, 0xC2, 0xFC, 0xFF, 0xFF, 0xFF, 0xFF, 0xFF, 0xFF, 0xFF, 0xF0, 0x02, 0xFC,
    0x00, 0x2F, 0xC0, 0x01, 0xA8, 0x7F, 0xFF, 0x87, 0xFF, 0xF8, 0x7F, 0xFF, 0x8B, 0xC0, 0x00, 0xBC,
    0x00, 0x0B, 0xFF, 0xE0, 0xBF, 0xFF, 0xC0, 0x02, 0xFD, 0x00, 0x0F, 0xE9, 0x01, 0xFE, 0xFF, 0xFF,
    0xCF, 0xFF, 0xF8, 0x6F, 0xF9, 0x00, 0x01, 0xBF, 0xC0, 0xFF, 0xFC, 0x3F, 0xFF, 0xC7, 0xFC, 0x00,
    0xBF, 0x00, 0x0F, 0xF7, 0xF8, 0xFF, 0xFF, 0xEF, 0xF0, 0xFF, 0xFE, 0x0B, 0xFB, 0xF0, 0xFF, 0x7F,
    0xFF, 0xE2, 0xFF, 0xFC, 0x07, 0xFE, 0x00, 0xFF, 0xFF, 0xFF, 0xFF, 0xFF, 0xFF, 0xFF, 0xF0, 0x00,
    0xBE, 0x00, 0x0F, 0xC0, 0x02, 0xF8, 0x00, 0x3F, 0x00, 0x0F, 0xE0, 0x01, 0xFD, 0x00, 0x3F, 0xC0,
    0x07, 0xF4, 0x00, 0xFF, 0x00, 0x1F, 0xD0, 0x00, 0x0B, 0xFE, 0x07, 0xFF, 0xFC, 0xFF, 0x1F, 0xEF,
    0xE0, 0xFE, 0xBF, 0x6F, 0xC2, 0xFF, 0xF0, 0x0F, 0xFE, 0x07, 0xFB, 0xFD, 0xFF, 0x0F, 0xFF, 0xE0,
    0xBF, 0xFF, 0x5F, 0xF3, 0xFF, 0xFC, 0x0B, 0xFE, 0x00, 0x0B, 0xFD, 0x03, 0xFF, 0xF8, 0xBF, 0xFF,
    0xDF, 0xF0, 0xFE, 0xFE, 0x0B, 0xFF, 0xF0, 0xFF, 0x7F, 0xFF, 0xF2, 0xFE, 0xBF, 0x00, 0x0F, 0xE0,
    0x02, 0xFD, 0x3F, 0xFF, 0xC3, 0xFF, 0xF0, 0x3F, 0xF4, 0x00, 0x03, 0xC0, 0x03, 0xC0, 0x03, 0xC0,
    0xFF, 0xFF, 0xFF, 0xFF, 0x03, 0xC0, 0x03, 0xC0, 0x03, 0xC0, 0xFF, 0xFF, 0xFF, 0xFF, 0xFF, 0xFF,
    0xFF, 0xFF, 0x00, 0x00, 0xFF, 0xFF, 0xFF, 0xFF, 0x0B, 0xC1, 0xF4, 0x3F, 0x07, 0xE0, 0xBD, 0x0F,
    0xC0, 0xFC, 0x0F, 0xC0, 0xFC, 0x0F, 0xC0, 0xFC, 0x0B, 0xD0, 0x7E, 0x03, 0xF0, 0x1F, 0x40, 0xBC,
    0x3D, 0x02, 0xF0, 0x0F, 0x80, 0xBC, 0x07, 0xD0, 0x3E, 0x03, 0xF0, 0x3F, 0x03, 0xF0, 0x3F, 0x03,
    0xE0, 0x7D, 0x0B, 0xC0, 0xF8, 0x2F, 0x03, 0xD0, 0xF5, 0xFF, 0x4F, 0xFF, 0xFD, 0xFE, 0x0B, 0xEF,
    0xC0, 0x3F, 0xFC, 0x03, 0xFF, 0xC0, 0x3F, 0xFC, 0x03, 0xFF, 0xC0, 0x3F, 0xFC, 0x03, 0xFF, 0xC0,
    0x3F, 0x07, 0xFD, 0x02, 0xFF, 0xF8, 0x7F, 0xFF, 0xCB, 0xF0, 0xFE, 0xFF, 0x0F, 0xFF, 0xE0, 0xBF,
    0xFE, 0x0B, 0xFF, 0xE0, 0xBF, 0xFF, 0x0F, 0xFB, 0xF0, 0xFE, 0x3F, 0xFF, 0xC2, 0xFF, 0xF8, 0x07,
    0xFD, 0x00, 0x00, 0xFE, 0x07, 0xFE, 0x2F, 0xFE, 0xBF, 0xFE, 0x3C, 0xFE, 0x10, 0xFE, 0x00, 0xFE,
    0x00, 0xFE, 0x00, 0xFE, 0x00, 0xFE, 0x00, 0xFE, 0x00, 0xFE, 0x00, 0xFE, 0x02, 0xFE, 0x42, 0xFF,
    0xFD, 0x2F, 0xFF, 0xF0, 0xE0, 0xFF, 0x00, 0x0B, 0xF0, 0x00, 0xFE, 0x00, 0x3F, 0xC0, 0x0F, 0xF0,
    0x03, 0xFC, 0x00, 0xFE, 0x00, 0x3F, 0xFF, 0xF3, 0xFF, 0xFF, 0x3F, 0xFF, 0xF0, 0x02, 0xFF, 0x80,
    0xBF, 0xFF, 0xC2, 0xFF, 0xFF, 0x82, 0x40, 0xFE, 0x00, 0x07, 0xF0, 0x0B, 0xFF, 0x40, 0x2F, 0xF4,
    0x00, 0xBF, 0xFC, 0x00, 0x07, 0xF4, 0x90, 0x1F, 0xE3, 0xFF, 0xFF, 0x4F, 0xFF, 0xF8, 0x0B, 0xFF,
    0x40, 0x00, 0x1A, 0x80, 0x07, 0xFC, 0x00, 0xFF, 0xC0, 0x3F, 0xFC, 0x07, 0xEF, 0xC0, 0xF6, 0xFC,
    0x3E, 0x2F, 0xC7, 0xC2, 0xFC, 0xFF, 0xFF, 0xFF, 0xFF, 0xFF, 0xFF, 0xFF, 0xF0, 0x02, 0xFC, 0x00,
    0x2F, 0xC0, 0x01, 0xA8, 0x7F, 0xFF, 0x87, 0xFF, 0xF8, 0x7F, 0xFF, 0x8B, 0xC0, 0x00, 0xBC, 0x00,
    0x0B, 0xFF, 0xE0, 0xBF, 0xFF, 0xC0, 0x02, 0xFD, 0x00, 0x0F, 0xE9, 0x02, 0xFE, 0xFF, 0xFF, 0xCF,
    0xFF, 0xF8, 0x6F, 0xF9, 0x00, 0x01, 0xBF, 0xC0, 0xFF, 0xFC, 0x3F, 0xFF, 0xC7, 0xFD, 0x00, 0xBF,
    0x00, 0x0F, 0xFB, 0xF8, 0xFF, 0xFF, 0xEF, 0xF0, 0xFF, 0xFE, 0x0B, 0xFB, 0xF0, 0xFF, 0x7F, 0xFF,
    0xE2, 0xFF, 0xFC, 0x07, 0xFE, 0x00, 0xFF, 0xFF, 0xFF, 0xFF, 0xFF, 0xFF, 0xFF, 0xF0, 0x00, 0xBE,
    0x00, 0x0F, 0xC0, 0x02, 0xF8, 0x00, 0x3F, 0x00, 0x0F, 0xE0, 0x01, 0xFD, 0x00, 0x3F, 0xC0, 0x07,
    0xF4, 0x00, 0xFF, 0x00, 0x1F, 0xD0, 0x00, 0x00, 0x00, 0x01, 0xFF, 0xE0, 0x7F, 0xFF, 0xCF, 0xF1,
    0xFE, 0xFE, 0x0F, 0xEB, 0xF6, 0xFC, 0x2F, 0xFF, 0x01, 0xFF, 0xF4, 0x7F, 0xBF, 0xDF, 0xF0, 0xFF,
    0xFE, 0x0B, 0xFF, 0xF5, 0xFE, 0x3F, 0xFF, 0xC0, 0xBF, 0xE0, 0x0B, 0xFD, 0x03, 0xFF, 0xF8, 0xBF,
    0xFF, 0xDF, 0xF0, 0xFE, 0xFE, 0x0B, 0xFF, 0xF0, 0xFF, 0xBF, 0xFF, 0xF2, 0xFE, 0xBF, 0x00, 0x0F,
    0xE0, 0x02, 0xFD, 0x3F, 0xFF, 0xC3, 0xFF, 0xF0, 0x3F, 0xF4, 0x00, 0x03, 0xC0, 0x03, 0xC0, 0x03,
    0xC0, 0x03, 0xC0, 0xFF, 0xFF, 0xFF, 0xFF, 0x03, 0xC0, 0x03, 0xC0, 0x03, 0xC0, 0x00, 0x00, 0xFF,
    0xFF, 0xFF, 0xFF, 0xFF, 0xFF, 0xFF, 0xFF, 0x00, 0x00, 0xFF, 0xFF, 0xFF, 0xFF, 0x0B, 0xC1, 0xF4,
    0x3F, 0x07, 0xE0, 0xBD, 0x0F, 0xC0, 0xFC, 0x0F, 0xC0, 0xFC, 0x0F, 0xC0, 0xFC, 0x0B, 0xD0, 0x7E,
    0x03, 0xF0, 0x1F, 0x40, 0xBC, 0x3D, 0x02, 0xF0, 0x0F, 0x80, 0xBC, 0x07, 0xD0, 0x3E, 0x03, 0xF0,
    0x3F, 0x03, 0xF0, 0x3F, 0x03, 0xE0, 0x7D, 0x0B, 0xC0, 0xF8, 0x2F, 0x03, 0xD0, 0x1B, 0xFD, 0x0B,
    0xFF, 0xD0, 0x81, 0xFC, 0x00, 0x3F, 0x1F, 0xFF, 0xEF, 0xFF, 0xFF, 0xD0, 0xFF, 0xF0, 0x7F, 0xBF,
    0xFF, 0xCB, 0xF4, 0xF0, 0x07, 0xFE, 0x03, 0xFF, 0xFC, 0x7E, 0x0B, 0xDF, 0xC0, 0x3F, 0xFF, 0xFF,
    0xFF, 0xFF, 0xFF, 0xFC, 0x00, 0x07, 0xE0, 0x04, 0x2F, 0xFF, 0xD0, 0x7F, 0xF8, 0x07, 0xFD, 0x03,
    0xFF, 0xFC, 0xBE, 0x0B, 0xDF, 0xC0, 0x3F, 0xFC, 0x03, 0xFF, 0xC0, 0x3F, 0xFC, 0x03, 0xF7, 0xE0,
    0xBD, 0x2F, 0xFF, 0xC0, 0x7F, 0xD0, 0x7F, 0x03, 0xF4, 0xBD, 0x1F, 0x80, 0xFC, 0xFC, 0x01, 0xFF,
    0xD0, 0x02, 0xFE, 0x00, 0x0F, 0xF8, 0x00, 0x7F, 0xF4, 0x03, 0xF3, 0xF0, 0x3F, 0x47, 0xF2, 0xF8,
    0x0B, 0xE0, 0x2F, 0xF9, 0x07, 0xFF, 0xF8, 0x10, 0x0F, 0xD0, 0x00, 0x3E, 0xFF, 0xFF, 0xFF, 0xFF,
    0xFF, 0xFC, 0x03, 0xEB, 0xE0, 0xBD, 0x3F, 0xFF, 0x80, 0xBF, 0xD0, 0xFC, 0x00, 0x0F, 0xC0, 0x00,
    0xFC, 0x00, 0x0F, 0xC0, 0x00, 0xFC, 0xFF, 0x4F, 0xFF, 0xFD, 0xFF, 0x0B, 0xEF, 0xC0, 0x3F, 0xFC,
    0x03, 0xFF, 0xC0, 0x3F, 0xFC, 0x03, 0xFF, 0xC0, 0x3F, 0xFC, 0x03, 0xFF, 0xC0, 0x3F, 0xFC, 0x00,
    0x03, 0xF0, 0x00, 0x0F, 0xC0, 0x00, 0x3F, 0x00, 0x00, 0xFC, 0x0B, 0xE3, 0xF0, 0xBE, 0x0F, 0xCB,
    0xE0, 0x3F, 0x7E, 0x00, 0xFF, 0xF0, 0x03, 0xFF, 0xF0, 0x0F, 0xDB, 0xE0, 0x3F, 0x0F, 0xD0, 0xFC,
    0x0F, 0xC3, 0xF0, 0x1F, 0xC0, 0xFF, 0xFF, 0xFF, 0xFF, 0xFF, 0xFF, 0xFF, 0xFF, 0xFF, 0xFF, 0xF0,
    0xF5, 0xFE, 0x1F, 0xE0, 0xFF, 0xFF, 0xFF, 0xF8, 0xFE, 0x1F, 0xE1, 0xFC, 0xFC, 0x0F, 0xC0, 0xFC,
    0xFC, 0x0F, 0xC0, 0xBC, 0xFC, 0x0F, 0xC0, 0xBC, 0xFC, 0x0F, 0xC0, 0xBC, 0xFC, 0x0F, 0xC0, 0xBC,
    0xFC, 0x0F, 0xC0, 0xBC, 0xFC, 0x0F, 0xC0, 0xBC, 0xF5, 0xFF, 0x4F, 0xFF, 0xFD, 0xFE, 0x0B, 0xEF,
    0xC0, 0x3F, 0xFC, 0x03, 0xFF, 0xC0, 0x3F, 0xFC, 0x03, 0xFF, 0xC0, 0x3F, 0xFC, 0x03, 0xFF, 0xC0,
    0x3F, 0xF4, 0xFE, 0x0F, 0xFF, 0xFC, 0xFE, 0x0F, 0xEF, 0xC0, 0x3F, 0xFC, 0x03, 0xFF, 0xC0, 0x3F,
    0xFC, 0x03, 0xFF, 0xE0, 0xFD, 0xFF, 0xFF, 0xCF, 0xDF, 0xE0, 0xFC, 0x00, 0x0F, 0xC0, 0x00, 0xFC,
    0x00, 0x0F, 0xC0, 0x00, 0x1F, 0xF9, 0xBF, 0xFD, 0xFC, 0x04, 0xFE, 0x00, 0x7F, 0xF4, 0x0B, 0xFD,
    0x00, 0xBF, 0x90, 0x3F, 0xFF, 0xFD, 0xBF, 0xF4, 0x0F, 0x00, 0x7C, 0x07, 0xFF, 0xFF, 0xFF, 0x3F,
    0x00, 0xFC, 0x03, 0xF0, 0x0F, 0xC0, 0x3F, 0x00, 0xFD, 0x12, 0xFF, 0xC2, 0xFE, 0x00, 0xBF, 0xF8,
    0x00, 0x0B, 0xFF, 0xFD, 0x00, 0x1F, 0xFF, 0xFC, 0x00, 0x3F, 0xF5, 0x68, 0x00, 0xBF, 0xD0, 0x00,
    0x00, 0xFF, 0xC0, 0x00, 0x00, 0xFF, 0x81, 0x55, 0x54, 0xFF, 0x8B, 0xFF, 0xFE, 0xFF, 0x8B, 0xFF,
    0xFE, 0xFF, 0x8B, 0xFF, 0xFE, 0xBF, 0xCB, 0xFC, 0x00, 0x7F, 0xDB, 0xFC, 0x00, 0x3F, 0xFF, 0xFF,
    0xFC, 0x1F, 0xFF, 0xFF, 0xFC, 0x07, 0xFF, 0xFF, 0xFC, 0x00, 0x1B, 0xFD, 0x54, 0x00, 0x0B, 0xFC,
    0x00, 0x00, 0x0B, 0xFD, 0x54, 0x00, 0x0B, 0xFF, 0xFE, 0x00, 0x0B, 0xFF, 0xFE, 0x00, 0x0B, 0xFF,
    0xFE, 0x00, 0x00, 0x78, 0x7C, 0x00, 0x00, 0x2E, 0x1E, 0x00, 0x00, 0x6F, 0xEF, 0x40, 0x02, 0xFF,
    0xFF, 0xF8, 0x03, 0xFF, 0xFF, 0xFF, 0x03, 0xFF, 0xFF, 0xFF, 0x82, 0xFF, 0xFE, 0x1F, 0xC0, 0xFF,
    0xCB, 0x4B, 0x40, 0x7F, 0xD3, 0xC3, 0xD0, 0x3F, 0xF0, 0xF0, 0xF0, 0x0F, 0xF8, 0x78, 0x3C, 0x03,
    0xFE, 0x2E, 0x1E, 0x00, 0xFF, 0x8B, 0x4B, 0x40, 0x3F, 0xE3, 0xC3, 0xC0, 0x0F, 0xFC, 0xF0, 0xF0,
    0x02, 0xFF, 0xB8, 0x3C, 0x00, 0x3F, 0xFE, 0x1E, 0x00, 0x0B, 0xFF, 0x4B, 0x46, 0x00, 0xFF, 0xFF,
    0xFF, 0xC0, 0x0F, 0xFF, 0xFF, 0xF0, 0x00, 0xBF, 0xFF, 0xFC, 0x00, 0x2E, 0xBF, 0xA4, 0x00, 0x0F,
    0x4B, 0x40, 0x00, 0x03, 0xC3, 0xC0, 0x00, 0x00, 0x0B, 0xFF, 0x90, 0x00, 0xBF, 0xFF, 0xFC, 0x03,
    0xFF, 0xFF, 0xF8, 0x0F, 0xFF, 0x56, 0xF0, 0x2F, 0xF8, 0x00, 0x00, 0x3F, 0xE0, 0x00, 0x00, 0x7F,
    0xC0, 0x00, 0x00, 0xBF, 0xC0, 0x00, 0x00, 0xFF, 0x83, 0xF0, 0xBC, 0xFF, 0x83, 0xFB, 0xFC, 0xFF,
    0x83, 0xFF, 0xF8, 0xFF, 0x83, 0xFF, 0x90, 0xFF, 0x83, 0xFF, 0x00, 0xFF, 0xC3, 0xFE, 0x00, 0xBF,
    0xC3, 0xFE, 0x00, 0x7F, 0xE3, 0xFE, 0x00, 0x3F, 0xFB, 0xFE, 0x04, 0x1F, 0xFF, 0xFF, 0xF8, 0x0B,
    0xFF, 0xFF, 0xF8, 0x02, 0xFF, 0xFF, 0xF4, 0x00, 0x2F, 0xFF, 0x90, 0x0F, 0xFF, 0xFF, 0xF8, 0x3F,
    0xFF, 0xFF, 0xE0, 0xFF, 0xFF, 0xFF, 0x83, 0xFE, 0x55, 0x54, 0x0F, 0xF8, 0x00, 0x00, 0x3F, 0xE0,
    0x00, 0x00, 0xFF, 0x80, 0x00, 0x03, 0xFE, 0x00, 0x00, 0x0F, 0xF8, 0x00, 0x00, 0x3F, 0xFF, 0xFF,
    0xC0, 0xFF, 0xFF, 0xFF, 0x03, 0xFF, 0xFF, 0xFC, 0x0F, 0xF9, 0x55, 0x50, 0x3F, 0xE0, 0x00, 0x00,
    0xFF, 0x80, 0x00, 0x3F, 0xFF, 0xFF, 0x00, 0xFF, 0xFF, 0xFC, 0x03, 0xFF, 0xFF, 0xF0, 0x00, 0xFF,
    0x80, 0x00, 0x03, 0xFE, 0x00, 0x00, 0x0F, 0xF8, 0x00, 0x00, 0x00, 0x1B, 0xFF, 0x80, 0x02, 0xFF,
    0xFF, 0xC0, 0x2F, 0xFF, 0xFF, 0x00, 0xFF, 0xD5, 0xB4, 0x07, 0xFD, 0x00, 0x00, 0x1F, 0xF0, 0x00,
    0x00, 0xBF, 0xC0, 0x00, 0x02, 0xFF, 0x00, 0x00, 0xFF, 0xFF, 0xFF, 0x03, 0xFF, 0xFF, 0xFC, 0x00,
    0xBF, 0xC0, 0x00, 0x3F, 0xFF, 0xFF, 0xC0, 0xFF, 0xFF, 0xFF, 0x03, 0xFF, 0xFF, 0xFC, 0x00, 0xBF,
    0xC0, 0x00, 0x03, 0xFE, 0x00, 0x00, 0x1F, 0xF0, 0x00, 0x01, 0xFF, 0x95, 0x55, 0x5F, 0xFF, 0xFF,
    0xFF, 0xFF, 0xFF, 0xFF, 0xFF, 0xFF, 0xFF, 0xFF, 0xFC, 0x00, 0x00, 0x00, 0x02, 0xF4, 0x00, 0x00,
    0x00, 0x00, 0x00, 0xFC, 0x00, 0x00, 0x00, 0x00, 0x00, 0xBD, 0x00, 0x03, 0xF8, 0x2F, 0xF8, 0x3F,
    0xFF, 0x80, 0xFF, 0x3F, 0xFF, 0xFF, 0xFF, 0xFC, 0x3F, 0xFF, 0xFF, 0xFF, 0xFF, 0xFF, 0xCF, 0xFF,
    0x97, 0xFF, 0xF5, 0xBF, 0xF3, 0xFF, 0x40, 0x7F, 0xF4, 0x07, 0xFD, 0xFF, 0xC0, 0x0F, 0xFC, 0x00,
    0xFF, 0x7F, 0xE0, 0x03, 0xFE, 0x00, 0x3F, 0xEF, 0xF8, 0x00, 0xFF, 0x80, 0x0F, 0xFB, 0xFE, 0x00,
    0x3F, 0xE0, 0x03, 0xFE, 0xFF, 0x80, 0x1F, 0xF8, 0x00, 0xFF, 0xBF, 0xE0, 0x0F, 0xFE, 0x00, 0x3F,
    0xEF, 0xF8, 0x07, 0xFF, 0x80, 0x0F, 0xFB, 0xFE, 0x03, 0xFF, 0xE0, 0x03, 0xFE, 0xFF, 0x81, 0xFF,
    0xF8, 0x00, 0xFF, 0xBF, 0xE0, 0xFF, 0xFE, 0x00, 0x3F, 0xEF, 0xF8, 0x7E, 0xFF, 0x80, 0x0F, 0xF8,
    0x00, 0x2F, 0x00, 0x00, 0x00, 0x00, 0x00, 0x0F, 0x80, 0x00, 0x00, 0x00, 0x00, 0x0B, 0xC0, 0x00,
    0x00, 0x00, 0x00, 0x0F, 0xF4, 0x03, 0xF0, 0x0F, 0xF8, 0x03, 0xF0, 0x0F, 0xFC, 0x03, 0xF0, 0x0F,
    0xFC, 0x03, 0xF0, 0x0F, 0xFE, 0x03, 0xF0, 0x0F, 0xFF, 0x03, 0xF0, 0x0F, 0xEF, 0x03, 0xF0, 0x0F,
    0xDF, 0x43, 0xF0, 0xFF, 0xFF, 0xFF, 0xFF, 0xFF, 0xFF, 0xFF, 0xFF, 0x0F, 0xCB, 0xC3, 0xF0, 0x0F,
    0xC7, 0xE3, 0xF0, 0xFF, 0xFF, 0xFF, 0xFF, 0xFF, 0xFF, 0xFF, 0xFF, 0x0F, 0xC1, 0xF7, 0xF0, 0x0F,
    0xC0, 0xFB, 0xF0, 0x0F, 0xC0, 0xBF, 0xF0, 0x0F, 0xC0, 0x7F, 0xF0, 0x0F, 0xC0, 0x3F, 0xF0, 0x0F,
    0xC0, 0x3F, 0xF0, 0x0F, 0xC0, 0x1F, 0xF0, 0xFF, 0xFF, 0x90, 0x00, 0x00, 0x03, 0xFF, 0xFF, 0xE0,
    0x00, 0x00, 0x0F, 0xFF, 0xFF, 0xF0, 0x00, 0x00, 0x3F, 0xE5, 0xFF, 0xD0, 0x00, 0x00, 0xFF, 0x80,
    0xFF, 0xC0, 0x00, 0x03, 0xFE, 0x02, 0xFF, 0x03, 0xF0, 0x0F, 0xF8, 0x0B, 0xFC, 0x0F, 0xC0, 0x3F,
    0xE0, 0x2F, 0xF0, 0x7F, 0x00, 0xFF, 0x80, 0xFF, 0xC3, 0xFD, 0x57, 0xFE, 0x0B, 0xFD, 0x2F, 0xFF,
    0xFF, 0xFF, 0xFF, 0xF3, 0xFF, 0xFF, 0xFF, 0xFF, 0xFF, 0x0F, 0xFF, 0xFF, 0xFF, 0xFF, 0xE0, 0x0B,
    0xFC, 0x03, 0xFE, 0x50, 0x00, 0x2F, 0xF0, 0x0F, 0xF8, 0x00, 0x00, 0xBF, 0xC0, 0x3F, 0xE0, 0x00,
    0x02, 0xFF, 0x00, 0xFF, 0x80, 0x00, 0x07, 0xFC, 0x03, 0xFE, 0x00, 0x00, 0x1F, 0xF9, 0x6F, 0xF8,
    0x00, 0x00, 0x3F, 0xFF, 0xFF, 0xE0, 0x00, 0x00, 0xBF, 0xFF, 0xFF, 0x80, 0x00, 0x00, 0x7F, 0xF8,
    0xFF, 0xFF, 0x90, 0x00, 0x00, 0x00, 0xFF, 0xFF, 0xF8, 0x00, 0x00, 0x00, 0xFF, 0xFF, 0xFE, 0x00,
    0x00, 0x00, 0xFF, 0x97, 0xFF, 0x00, 0x00, 0x00, 0xFF, 0x81, 0xFF, 0x40, 0x00, 0x00, 0xFF, 0x80,
    0xFF, 0x41, 0xBF, 0xE4, 0xFF, 0x80, 0xFF, 0x4F, 0xFF, 0xFE, 0xFF, 0x80, 0xFF, 0x6F, 0xFF, 0xFD,
    0xFF, 0x81, 0xFF, 0x3F, 0xE5, 0xBC, 0xFF, 0x9B, 0xFE, 0x3F, 0xC0, 0x00, 0xFF, 0xFF, 0xFC, 0x3F,
    0xE0, 0x00, 0xFF, 0xFF, 0xE0, 0x1F, 0xFE, 0x00, 0xFF, 0xFF, 0xE0, 0x0B, 0xFF, 0xE0, 0xFF, 0x8F,
    0xF0, 0x00, 0xBF, 0xFC, 0xFF, 0x8B, 0xF4, 0x00, 0x1F, 0xFE, 0xFF, 0x87, 0xF8, 0x00, 0x03, 0xFF,
    0xFF, 0x83, 0xFC, 0x00, 0x02, 0xFF, 0xFF, 0x82, 0xFE, 0x3E, 0x57, 0xFF, 0xFF, 0x80, 0xFF, 0x3F,
    0xFF, 0xFD, 0xFF, 0x80, 0xBF, 0x7F, 0xFF, 0xF8, 0xFF, 0x80, 0x7F, 0xAB, 0xFF, 0x90, 0xBF, 0x00,
    0x7F, 0x40, 0x3F, 0xAF, 0xC0, 0x2F, 0xE0, 0x0F, 0xD7, 0xF0, 0x0F, 0xFC, 0x03, 0xF4, 0xFC, 0x03,
    0xFF, 0x00, 0xFC, 0x3F, 0x40, 0xFF, 0xC0, 0x7F, 0x0F, 0xD0, 0x7E, 0xF4, 0x1F, 0xC3, 0xF8, 0x1F,
    0x7D, 0x0B, 0xE0, 0xBE, 0x0B, 0xCF, 0x82, 0xF8, 0x1F, 0xC2, 0xF3, 0xE0, 0xFD, 0x07, 0xF0, 0xFC,
    0xFC, 0x3F, 0x4F, 0xFF, 0xFF, 0xFF, 0xFF, 0xFF, 0xFF, 0xFF, 0xFF, 0xFF, 0xFF, 0x0F, 0xD7, 0xD1,
    0xF5, 0xF8, 0x02, 0xF6, 0xF0, 0x7E, 0xBE, 0x00, 0x7E, 0xBC, 0x0F, 0xAF, 0x40, 0x1F, 0xBF, 0x03,
    0xFF, 0xC0, 0x03, 0xFF, 0x80, 0xBF, 0xF0, 0x00, 0xFF, 0xE0, 0x2F, 0xFC, 0x00, 0x2F, 0xF4, 0x07,
    0xFE, 0x00, 0x0B, 0xFC, 0x00, 0xFF, 0x80, 0x01, 0xFF, 0x00, 0x3F, 0xD0, 0x00, 0xFF, 0xFF, 0xFE,
    0x40, 0x0F, 0xFF, 0xFF, 0xFF, 0xFE, 0x00, 0xFF, 0xFF, 0xFF, 0xFF, 0xF8, 0x0F, 0xFF, 0xF5, 0x56,
    0xFF, 0xC0, 0xFF, 0xFF, 0x00, 0x03, 0xFE, 0x0F, 0xFF, 0xF0, 0xFF, 0x1F, 0xF0, 0xFF, 0xFF, 0x0F,
    0xF0, 0xFF, 0x0F, 0xFF, 0xF0, 0xFF, 0x0F, 0xF0, 0xFF, 0xFF, 0x0F, 0xF0, 0xFF, 0x0F, 0xFF, 0xF0,
    0xFF, 0x0F, 0xF0, 0xFF, 0xFF, 0x0F, 0xF0, 0xFF, 0x0F, 0xFF, 0xF0, 0xFF, 0x0F, 0xF0, 0xFF, 0xFF,
    0x0F, 0xF0, 0xFF, 0x0F, 0xFF, 0xF0, 0xFF, 0x0F, 0xF0, 0xFF, 0xFF, 0x0F, 0xF0, 0xFF, 0x0F, 0xFF,
    0xF0, 0xFF, 0x05, 0x51, 0xFF, 0xFF, 0x0F, 0xF0, 0x00, 0x3F, 0xEF, 0xF0, 0xFF, 0x55, 0x6F, 0xFC,
    0xFF, 0x0F, 0xFF, 0xFF, 0xFF, 0x8F, 0xF0, 0xFF, 0xFF, 0xFF, 0xE0, 0xFF, 0x0F, 0xFF, 0xFF, 0xE0,
    0x00, 0x00, 0x00, 0x0B, 0xFC, 0x00, 0x00, 0x02, 0xFF, 0x00, 0x00, 0xFF, 0xFF, 0xFC, 0x00, 0x3F,
    0xFF, 0xFF, 0x00, 0x0F, 0xFF, 0xFF, 0xC0, 0x01, 0x56, 0xFF, 0x50, 0x01, 0x40, 0x7F, 0xC0, 0x0F,
    0xFF, 0x1F, 0xF0, 0x1F, 0xFF, 0xFB, 0xFC, 0x0F, 0xFF, 0xFF, 0xFF, 0x07, 0xFE, 0x03, 0xFF, 0xC2,
    0xFF, 0x00, 0x3F, 0xF0, 0xFF, 0x80, 0x0B, 0xFC, 0x3F, 0xE0, 0x02, 0xFF, 0x0F, 0xF8, 0x00, 0xBF,
    0xC3, 0xFE, 0x00, 0x2F, 0xF0, 0xFF, 0xC0, 0x0B, 0xFC, 0x2F, 0xF0, 0x03, 0xFF, 0x07, 0xFF, 0x57,
    0xFF, 0xC0, 0xFF, 0xFF, 0xFF, 0xF0, 0x0F, 0xFF, 0xE7, 0xFC, 0x00, 0xBF, 0xD0, 0xFF, 0x00, 0x00,
    0x00, 0x00, 0x00, 0x00, 0x00, 0x00, 0x00, 0x0F, 0xFF, 0xFF, 0xF0, 0x03, 0xFF, 0xFF, 0xFC, 0x00,
    0x00, 0x02, 0xFF, 0xE4, 0x00, 0x2F, 0xFF, 0xFC, 0x00, 0xBF, 0xFF, 0xF8, 0x02, 0xFF, 0xD5, 0xB4,
    0x03, 0xFE, 0x00, 0x00, 0x0B, 0xFC, 0x00, 0x00, 0x0F, 0xF8, 0x00, 0x00, 0x1F, 0xF4, 0x00, 0x00,
    0xFF, 0xFF, 0xFF, 0x00, 0xFF, 0xFF, 0xFF, 0x00, 0x1F, 0xF0, 0x00, 0x00, 0xAF, 0xFA, 0xA8, 0x00,
    0xFF, 0xFF, 0xFC, 0x00, 0xFF, 0xFF, 0xFC, 0x00, 0x0F, 0xF4, 0x00, 0x00, 0x0F, 0xFC, 0x00, 0x00,
    0x07, 0xFD, 0x00, 0x00, 0x03, 0xFF, 0xD5, 0xB8, 0x00, 0xFF, 0xFF, 0xF8, 0x00, 0x2F, 0xFF, 0xF8,
    0x00, 0x06, 0xFF, 0xE0, 0x0F, 0xF8, 0x01, 0xFF, 0x03, 0xFE, 0x00, 0xFF, 0x40, 0xFF, 0x80, 0x7F,
    0xC0, 0x3F, 0xE0, 0x3F, 0xC0, 0x0F, 0xF8, 0x2F, 0xE0, 0x03, 0xFE, 0x0F, 0xF0, 0x00, 0xFF, 0x8B,
    0xF4, 0x00, 0x3F, 0xE3, 0xF8, 0x00, 0x0F, 0xFA, 0xFC, 0x00, 0x3F, 0xFF, 0xFF, 0xFF, 0x0F, 0xFF,
    0xFF, 0xFF, 0xC3, 0xFF, 0xFF, 0xFF, 0xF0, 0x0F, 0xFD, 0xFE, 0x00, 0x03, 0xFE, 0x3F, 0xD0, 0x00,
    0xFF, 0x87, 0xFC, 0x00, 0x3F, 0xE0, 0xFF, 0x40, 0x0F, 0xF8, 0x1F, 0xF0, 0x03, 0xFE, 0x03, 0xFD,
    0x00, 0xFF, 0x80, 0x7F, 0xC0, 0x3F, 0xE0, 0x0F, 0xF8, 0x0F, 0xF8, 0x02, 0xFF, 0x00, 0xFF, 0xFF,
    0xFF, 0xFF, 0xFF, 0xFF, 0xFF, 0xFF, 0xFF, 0xFF, 0xFF, 0xFF, 0x55, 0x6F, 0xF5, 0x55, 0x00, 0x2F,
    0xF0, 0x40, 0x00, 0x2F, 0xF3, 0xE0, 0x00, 0x2F, 0xFF, 0xE0, 0x00, 0x2F, 0xFF, 0x40, 0x00, 0x2F,
    0xF8, 0x00, 0x00, 0x3F, 0xF0, 0x00, 0x01, 0xFF, 0xF1, 0xD0, 0x0B, 0xFF, 0xFB, 0xF0, 0x0B, 0xAF,
    0xFF, 0x80, 0x01, 0x2F, 0xFD, 0x00, 0x00, 0x2F, 0xF0, 0x00, 0x00, 0xBF, 0xF0, 0x00, 0x03, 0xFF,
    0xF0, 0x00, 0x0F, 0xFF, 0xF0, 0x00, 0x06, 0x2F, 0xF0, 0x00, 0x00, 0x2F, 0xF0, 0x00, 0x00, 0x2F,
    0xF0, 0x00, 0x06, 0xFF, 0xF9, 0x00, 0x00, 0x00, 0x00, 0x7F, 0xFF, 0xFF, 0xE0, 0x00, 0x00, 0x00,
    0x3F, 0xFF, 0xFF, 0xFC, 0x00, 0x00, 0x00, 0x1F, 0x95, 0x6F, 0xFF, 0x00, 0x00, 0x00, 0x00, 0x00,
    0x03, 0xFF, 0x40, 0x00, 0x00, 0x00, 0xFF, 0x00, 0xFF, 0xC0, 0x00, 0x00, 0x01, 0xFF, 0x00, 0x7F,
    0xC0, 0x00, 0x00, 0x01, 0xFF, 0x00, 0x3F, 0xD0, 0x00, 0x00, 0x02, 0xFE, 0x00, 0x3F, 0xD0, 0x00,
    0x00, 0x03, 0xFD, 0x00, 0x3F, 0xD0, 0x00, 0x00, 0x03, 0xFC, 0x00, 0x3F, 0xD0, 0x00, 0x00, 0x07,
    0xFC, 0x00, 0x7F, 0xD0, 0x6F, 0x90, 0x0B, 0xF8, 0x00, 0xBF, 0xC2, 0xFF, 0xFC, 0x0B, 0xF8, 0x00,
    0xFF, 0xC7, 0xFF, 0xFE, 0x0F, 0xF4, 0x01, 0xFF, 0x4F, 0xF0, 0x7F, 0x0F, 0xF0, 0x03, 0xFF, 0x1F,
    0xD0, 0x3F, 0x1F, 0xF0, 0x1F, 0xFD, 0x2F, 0xC0, 0x3F, 0x2F, 0xF6, 0xFF, 0xF4, 0x3F, 0xC0, 0xBE,
    0x3F, 0xFF, 0xFF, 0xD0, 0x3F, 0xFF, 0xFD, 0x3F, 0xFF, 0xFE, 0x00, 0x7F, 0xFF, 0xF8, 0x3F, 0xFF,
    0x90, 0x00, 0xBF, 0x7F, 0xD0, 0x00, 0x00, 0x00, 0x00, 0xBF, 0x00, 0x00, 0x00, 0x00, 0x00, 0x00,
    0xFF, 0x00, 0x00, 0x00, 0x00, 0x00, 0x00, 0xFE, 0x00, 0x00, 0x00, 0x00, 0x00, 0x01, 0xFD, 0x00,
    0x00, 0x00, 0x00, 0x00, 0x02, 0xFC, 0x00, 0x00, 0x00, 0x00, 0x00, 0x02, 0xFC, 0x00, 0x00, 0x00,
    0x00, 0x00, 0x03, 0xFC, 0x00, 0x00, 0x00, 0x00, 0x2F, 0xF4, 0x00, 0x00, 0x7F, 0xFF, 0x80, 0x00,
    0x7F, 0xFF, 0xF4, 0x00, 0x2F, 0xF6, 0xFF, 0x00, 0x0F, 0xF8, 0x3F, 0xC0, 0x03, 0xFE, 0x0F, 0xF0,
    0x00, 0xFF, 0x83, 0xFC, 0x00, 0x3F, 0xF1, 0xFE, 0x00, 0x07, 0xFC, 0xBF, 0x40, 0x00, 0xFF, 0xBF,
    0xC0, 0x00, 0x2F, 0xFF, 0xE0, 0x00, 0x03, 0xFF, 0xF0, 0x00, 0x00, 0xBF, 0xF0, 0x00, 0x18, 0x0F,
    0xFC, 0x00, 0x0F, 0x03, 0xFF, 0x40, 0x07, 0xE2, 0xFF, 0xF0, 0x03, 0xFD, 0xFF, 0xFD, 0x02, 0xFF,
    0xFD, 0xFF, 0xC0, 0xFE, 0xFF, 0x1F, 0xF0, 0xBD, 0x3F, 0x03, 0xFD, 0x3F, 0x07, 0x40, 0xFF, 0x80,
    0x00, 0x40, 0x2F, 0xF0, 0x00, 0x00, 0x0B, 0xFC, 0x00, 0x00, 0x02, 0xFF, 0x00, 0x00, 0x05, 0xFF,
    0xC0, 0x00, 0x07, 0xFF, 0xD0, 0x00, 0x01, 0xFF, 0xE0, 0x00, 0x00, 0x7F, 0xD0, 0x2F, 0xFF, 0xF9,
    0x00, 0x2F, 0xFF, 0xFF, 0x80, 0x2F, 0xFF, 0xFF, 0xE0, 0x2F, 0xF5, 0xBF, 0xF0, 0x2F, 0xF0, 0x0F,
    0xF8, 0xFF, 0xFF, 0xFF, 0xFF, 0xFF, 0xFF, 0xFF, 0xFF, 0x2F, 0xF0, 0x0B, 0xFC, 0x2F, 0xF0, 0x0B,
    0xFC, 0xFF, 0xFF, 0xFF, 0xFF, 0xFF, 0xFF, 0xFF, 0xFF, 0x2F, 0xF0, 0x2F, 0xF4, 0x2F, 0xFF, 0xFF,
    0xF0, 0x2F, 0xFF, 0xFF, 0xC0, 0x2F, 0xFF, 0xFD, 0x00, 0x2F, 0xF5, 0x00, 0x00, 0x2F, 0xF0, 0x00,
    0x00, 0x2F, 0xF0, 0x00, 0x00, 0x2F, 0xF0, 0x00, 0x00, 0x2F, 0xF0, 0x00, 0x00, 0x2F, 0xF0, 0x00,
    0x00, 0x00, 0x00, 0xFC, 0x00, 0x00, 0x01, 0xBF, 0xFE, 0x40, 0x07, 0xFF, 0xFF, 0xFC, 0x0F, 0xFF,
    0xFF, 0xFD, 0x0F, 0xFF, 0xFD, 0x6F, 0x07, 0xFF, 0x3F, 0x00, 0x03, 0xFF, 0x0F, 0xC0, 0x01, 0xFF,
    0x43, 0xF0, 0x00, 0xBF, 0xC0, 0xFC, 0x00, 0x3F, 0xE0, 0x3F, 0x00, 0x0F, 0xF8, 0x0F, 0xFF, 0xFF,
    0xFE, 0x03, 0xFF, 0xFF, 0xFF, 0x80, 0xFF, 0xFF, 0xFF, 0xE0, 0x3F, 0x6F, 0xFB, 0xFC, 0x0F, 0xCB,
    0xFE, 0xFF, 0x03, 0xF2, 0xFF, 0x3F, 0xE0, 0xFC, 0xBF, 0xCF, 0xFD, 0x3F, 0x2F, 0xF0, 0xFF, 0xFF,
    0xDF, 0xFC, 0x1F, 0xFF, 0xFF, 0xFF, 0x00, 0xFF, 0xFF, 0xFF, 0xC0, 0x06, 0xFF, 0xFA, 0x40, 0x00,
    0x0F, 0xC0, 0x00, 0x00, 0x03, 0xF0, 0x00, 0x00, 0x02, 0xFF, 0x80, 0x00, 0x00, 0x03, 0xFF, 0xC0,
    0x00, 0x00, 0x03, 0xFF, 0xC0, 0x00, 0x00, 0x0B, 0xFF, 0xD0, 0x00, 0x00, 0x0F, 0xFF, 0xF0, 0x00,
    0x00, 0x0F, 0xEB, 0xF0, 0x00, 0x00, 0x1F, 0xD7, 0xF4, 0x00, 0x00, 0x3F, 0xC3, 0xFC, 0x00, 0x3F,
    0xFF, 0xFF, 0xFF, 0xFC, 0x3F, 0xFF, 0xFF, 0xFF, 0xFC, 0x00, 0xFF, 0x41, 0xFF, 0x00, 0x00, 0xFF,
    0x00, 0xFF, 0x00, 0x3F, 0xFF, 0xFF, 0xFF, 0xFC, 0x3F, 0xFF, 0xFF, 0xFF, 0xFC, 0x07, 0xFC, 0x00,
    0x3F, 0xD0, 0x0B, 0xF8, 0x00, 0x2F, 0xE0, 0x0F, 0xF4, 0x00, 0x1F, 0xF0, 0x0F, 0xF0, 0x00, 0x0F,
    0xF0, 0x1F, 0xF0, 0x00, 0x0F, 0xF4, 0x3F, 0xD0, 0x00, 0x07, 0xFC, 0x3F, 0xC0, 0x00, 0x03, 0xFC,
    0x01, 0xBF, 0xFD, 0x00, 0x1F, 0xFF, 0xFF, 0xD0, 0x0F, 0xFF, 0xFF, 0xF0, 0x0B, 0xE5, 0x6F, 0xF8,
    0x00, 0x00, 0x0B, 0xFC, 0x00, 0x00, 0x0B, 0xFC, 0x00, 0x00, 0x0F, 0xFC, 0xFF, 0xFF, 0xFF, 0xFF,
    0xFF, 0xFF, 0xFF, 0xFF, 0x00, 0x7F, 0xFF, 0xD0, 0x01, 0xFF, 0xFF, 0x00, 0x07, 0xFF, 0xF8, 0x00,
    0xFF, 0xFF, 0xFF, 0xFF, 0xFF, 0xFF, 0xFF, 0xFF, 0x3F, 0xE0, 0x00, 0x00, 0x3F, 0xE0, 0x00, 0x00,
    0x3F, 0xF0, 0x00, 0x04, 0x2F, 0xFD, 0x56, 0xFC, 0x0F, 0xFF, 0xFF, 0xFC, 0x03, 0xFF, 0xFF, 0xFC,
    0x00, 0x6F, 0xFF, 0x90, 0x00, 0x00, 0xFC, 0x00, 0x00, 0x1B, 0xFF, 0x90, 0x00, 0xFF, 0xFF, 0xFD,
    0x03, 0xFF, 0xFF, 0xFD, 0x0F, 0xFF, 0xFF, 0xFC, 0x2F, 0xF8, 0xFC, 0x28, 0x3F, 0xF0, 0xFC, 0x00,
    0x7F, 0xC0, 0xFC, 0x00, 0xBF, 0xC0, 0xFC, 0x00, 0xFF, 0x80, 0xFC, 0x00, 0xFF, 0x80, 0xFC, 0x00,
    0xFF, 0x80, 0xFC, 0x00, 0xFF, 0x80, 0xFC, 0x00, 0xFF, 0x80, 0xFC, 0x00, 0xFF, 0xC0, 0xFC, 0x00,
    0xBF, 0xC0, 0xFC, 0x00, 0x7F, 0xE0, 0xFC, 0x00, 0x3F, 0xF4, 0xFC, 0x04, 0x1F, 0xFF, 0xFE, 0xFC,
    0x0B, 0xFF, 0xFF, 0xFC, 0x02, 0xFF, 0xFF, 0xFC, 0x00, 0x2F, 0xFF, 0xE0, 0x00, 0x00, 0xFC, 0x00,
    0x00, 0x00, 0xFC, 0x00, 0x02, 0xF8, 0x03, 0xF0, 0x00, 0x0F, 0xE0, 0x0F, 0xC0, 0x00, 0x7F, 0x80,
    0xBF, 0x00, 0x07, 0xFF, 0xFF, 0xFF, 0xFE, 0xFF, 0xFF, 0xFF, 0xFF, 0xFB, 0xFF, 0xFF, 0xFF, 0xFF,
    0xE5, 0xFF, 0x96, 0xFF, 0x55, 0x03, 0xFE, 0x0B, 0xFC, 0x00, 0x0F, 0xF8, 0x2F, 0xF0, 0x00, 0x3F,
    0xE0, 0xBF, 0xC0, 0x00, 0xFF, 0x82, 0xFF, 0x00, 0x03, 0xFE, 0x0B, 0xFC, 0x00, 0x0F, 0xF8, 0x2F,
    0xF0, 0x00, 0x3F, 0xE0, 0xBF, 0xC0, 0x00, 0xFF, 0x81, 0xFF, 0x00, 0x03, 0xFE, 0x07, 0xFF, 0x59,
    0x0F, 0xF8, 0x0F, 0xFF, 0xF8, 0x3F, 0xE0, 0x1F, 0xFF, 0xE0, 0xFF, 0x80, 0x1B, 0xFF, 0x40, 0x00,
    0x00, 0x0B, 0xFF, 0x90, 0x00, 0x00, 0xBF, 0xFF, 0xFE, 0x00, 0x01, 0xFF, 0xFF, 0xFD, 0x00, 0x03,
    0xFF, 0x56, 0xFC, 0x00, 0x07, 0xFC, 0x00, 0x00, 0x00, 0x07, 0xFC, 0x00, 0x00, 0x00, 0x07, 0xFD,
    0x00, 0x00, 0x00, 0x07, 0xFF, 0x80, 0x00, 0x00, 0x03, 0xFF, 0xF4, 0x00, 0x00, 0x00, 0xFF, 0xFF,
    0x40, 0x00, 0x00, 0x3F, 0xFF, 0xF0, 0x00, 0x00, 0x07, 0xFF, 0xFC, 0x00, 0x00, 0x00, 0x7F, 0xFE,
    0x00, 0x00, 0x00, 0x0B, 0xFF, 0x7F, 0x2F, 0xDB, 0xF1, 0xFF, 0xFF, 0xFF, 0xFF, 0xFC, 0xFF, 0xE3,
    0xD1, 0xF4, 0x7C, 0xFF, 0xBB, 0xC0, 0xF0, 0x3E, 0xFD, 0x2F, 0xF9, 0xF0, 0x7F, 0xFC, 0x03, 0xFF,
    0xFF, 0xFF, 0xE0, 0x03, 0xDA, 0xFF, 0xFE, 0x00, 0x03, 0xC0, 0xF0, 0x3C, 0x00, 0x03, 0xC0, 0xF0,
    0x3C, 0x00, 0xFF, 0xFF, 0xFF, 0xFF, 0xFF, 0xFF, 0xFF, 0xFF, 0xFF, 0xFF, 0xFF, 0xD5, 0x55, 0x55,
    0x55, 0x00, 0x00, 0x00, 0x00, 0x00, 0x00, 0x00, 0x05, 0x55, 0x55, 0x55, 0x7F, 0xFF, 0xFF, 0xFF,
    0xFF, 0xFF, 0xFF, 0xFF, 0xFF, 0xFF, 0xFF, 0xF0, 0x02, 0xFF, 0x00, 0x00, 0x0B, 0xFC, 0x00, 0x00,
    0x2F, 0xF0, 0x00, 0x00, 0xBF, 0xC0, 0x00, 0x02, 0xFF, 0x00, 0x00, 0x0B, 0xFC, 0x00, 0x00, 0x2F,
    0xF0, 0x00, 0x00, 0xBF, 0xC0, 0x00, 0x02, 0xFF, 0x00, 0x00, 0x0B, 0xFC, 0x00, 0x00, 0x2F, 0xF0,
    0x00, 0xAA, 0xAA, 0xAA, 0xBF, 0xFF, 0xFF, 0xFA, 0xBF, 0xFE, 0xA8, 0x01, 0xFF, 0x00, 0x00, 0x2F,
    0xE0, 0x2A, 0xAF, 0xFE, 0xAF, 0xFF, 0xFF, 0xFE, 0xAA, 0xFF, 0xEA, 0x00, 0x3F, 0xE0, 0x00, 0x2F,
    0xF0, 0x0F, 0xFF, 0xF4, 0x03, 0xFF, 0xE0, 0x00, 0xBF, 0xC0, 0x00, 0x0F, 0xF4, 0x00, 0x02, 0xFF,
    0x00, 0x00, 0x3F, 0xF0, 0x00, 0x07, 0xFD, 0x00, 0x00, 0xFF, 0xC0, 0x00, 0x1F, 0xF8, 0x00, 0x02,
    0xFF, 0x40, 0x00, 0x3F, 0xF0, 0x00, 0x0B, 0xFC, 0x00, 0x00, 0x0B, 0xFC, 0x00, 0x00, 0x0B, 0xFC,
    0x1A, 0x00, 0x0B, 0xFE, 0xFE, 0x00, 0x0B, 0xFF, 0xFD, 0x00, 0x2F, 0xFF, 0x80, 0x00, 0xFF, 0xFC,
    0x05, 0x00, 0xFF, 0xFD, 0xBE, 0x00, 0x4B, 0xFF, 0xFE, 0x00, 0x1F, 0xFF, 0xE0, 0x00, 0xFF, 0xFC,
    0x00, 0x55, 0xFF, 0xFC, 0x01, 0xFF, 0x8B, 0xFC, 0x01, 0xFF, 0x0B, 0xFC, 0x02, 0xFE, 0x0B, 0xFC,
    0x03, 0xFD, 0x0B, 0xFC, 0x07, 0xFC, 0x0B, 0xFC, 0x1F, 0xF8, 0x0B, 0xFE, 0xFF, 0xF0, 0x0B, 0xFF,
    0xFF, 0xC0, 0x0B, 0xFF, 0xFE, 0x00, 0x07, 0xFF, 0x90, 0x00, 0x0B, 0xF4, 0x00, 0x00, 0x00, 0x01,
    0xF1, 0xF8, 0x00, 0x00, 0x00, 0x0F, 0x00, 0xF4, 0x00, 0x00, 0x00, 0x3C, 0x03, 0xE0, 0x00, 0x00,
    0x00, 0xF8, 0x0F, 0xC0, 0x00, 0x00, 0x02, 0xFF, 0xFF, 0xFF, 0xFF, 0xF8, 0x03, 0xFF, 0xFF, 0xFF,
    0xFF, 0xFD, 0x03, 0xFF, 0xFF, 0xFF, 0xFF, 0xFC, 0x00, 0x5F, 0xD5, 0x55, 0x57, 0xF8, 0x00, 0x3F,
    0x00, 0x00, 0x02, 0xF0, 0x00, 0xFC, 0x2C, 0x08, 0x03, 0xC0, 0x03, 0xF2, 0xFD, 0xF8, 0x0F, 0x00,
    0x0F, 0xFF, 0xFF, 0xF4, 0x78, 0x00, 0x3F, 0xF2, 0xFE, 0xFF, 0xD0, 0x00, 0xFE, 0x02, 0xC1, 0xFD,
    0x00, 0x0F, 0xFC, 0x00, 0x00, 0x00, 0x01, 0xFF, 0xF8, 0x00, 0x00, 0x00, 0x03, 0x87, 0xFE, 0x55,
    0xA0, 0x00, 0x00, 0x0B, 0xFF, 0xFF, 0xC0, 0x00, 0x00, 0x07, 0xFF, 0xFF, 0x00, 0x00, 0x00, 0x01,
    0xFF, 0xF8, 0x00, 0x00, 0x00, 0x3F, 0xE0, 0x00, 0x00, 0x00, 0x00, 0xFF, 0x80, 0x00, 0x00, 0x00,
    0x03, 0xFE, 0x00, 0x00, 0x00, 0x00, 0x0F, 0xF8, 0x00, 0x00, 0x00, 0x00, 0x3F, 0xE0, 0x00, 0x00,
    0x00, 0x00, 0xFF, 0x80, 0x00, 0x00, 0x06, 0xFF, 0xFF, 0xFE, 0x00, 0x00, 0xBF, 0xFF, 0xFF, 0xFF,
    0x80, 0x0F, 0xFF, 0xFF, 0xFF, 0xFF, 0x80, 0x7F, 0xF9, 0xFF, 0x9B, 0xFF, 0x03, 0xFF, 0x03, 0xFE,
    0x07, 0xFE, 0x1F, 0xF0, 0x0F, 0xF8, 0x0B, 0xFC, 0xBF, 0xC0, 0x3F, 0xE0, 0x1F, 0xF3, 0xFE, 0x00,
    0xFF, 0x80, 0x3F, 0xDF, 0xF8, 0x03, 0xFE, 0x00, 0xFF, 0x7F, 0xE0, 0x0F, 0xF8, 0x03, 0xFD, 0xFF,
    0x80, 0x00, 0x00, 0x0F, 0xFB, 0xFE, 0x00, 0x00, 0x00, 0x3F, 0xEF, 0xF8, 0x00, 0x00, 0x00, 0xFF,
    0xBF, 0xE0, 0x00, 0x00, 0x03, 0xFE, 0xFF, 0x80, 0x00, 0x00, 0x0F, 0xF8, 0x03, 0xFF, 0xFF, 0x90,
    0x00, 0x3F, 0xFF, 0xFF, 0xD0, 0x03, 0xFF, 0xFF, 0xFF, 0x40, 0x3F, 0xE5, 0x6F, 0xFC, 0x03, 0xFE,
    0x00, 0xBF, 0xD0, 0x3F, 0xE0, 0x03, 0xFD, 0x03, 0xFE, 0x00, 0x3F, 0xD0, 0x3F, 0xE0, 0x03, 0xFD,
    0x03, 0xFE, 0x00, 0xBF, 0xC1, 0x7F, 0xE5, 0x7F, 0xFC, 0xBF, 0xFF, 0xFF, 0xFF, 0x0B, 0xFF, 0xFF,
    0xFF, 0xC0, 0xBF, 0xFF, 0xFF, 0x90, 0x00, 0x3F, 0xE0, 0x00, 0x00, 0x03, 0xFE, 0x00, 0x00, 0x0B,
    0xFF, 0xFF, 0xF0, 0x00, 0xBF, 0xFF, 0xFF, 0x00, 0x0B, 0xFF, 0xFF, 0xF0, 0x00, 0x17, 0xFE, 0x55,
    0x00, 0x00, 0x3F, 0xE0, 0x00, 0x00, 0x03, 0xFE, 0x00, 0x00, 0x00, 0x00, 0x03, 0xC3, 0xC0, 0x00,
    0x00, 0x0B, 0xFF, 0xE0, 0x00, 0x00, 0xBF, 0xFF, 0xFE, 0x00, 0x03, 0xFF, 0xFF, 0xFF, 0xC0, 0x0F,
    0xFF, 0xD7, 0xFF, 0xF0, 0x2F, 0xF7, 0xC3, 0xDF, 0xF8, 0x3F, 0xE3, 0xC3, 0xCB, 0xFC, 0xBF, 0xC3,
    0xC3, 0xC3, 0xFD, 0xFF, 0xC3, 0xC3, 0xC3, 0xFE, 0xFF, 0x83, 0xC3, 0xC2, 0xFF, 0xFF, 0x83, 0xC3,
    0xC2, 0xFF, 0xFF, 0x83, 0xC3, 0xC1, 0xFF, 0xFF, 0x80, 0x00, 0x00, 0x00, 0xBF, 0x80, 0x00, 0x00,
    0x00, 0x7F, 0xC0, 0x00, 0x00, 0x00, 0x3F, 0xD0, 0x00, 0x00, 0x00, 0x1F, 0xF0, 0x00, 0x00, 0x00,
    0x0B, 0xFD, 0x00, 0x00, 0x00, 0x02, 0xFF, 0x95, 0x55, 0x54, 0x3F, 0xFF, 0xFF, 0xFF, 0xFC, 0x3F,
    0xFF, 0xFF, 0xFF, 0xFC, 0x3F, 0xFF, 0xFF, 0xFF, 0xFC, 0x03, 0xC3, 0xC0, 0x00, 0xF0, 0xF0, 0x0F,
    0xFF, 0xFD, 0x03, 0xFF, 0xFF, 0xF0, 0xFF, 0xFF, 0xFF, 0x3F, 0xE5, 0xFF, 0xCF, 0xF8, 0x1F, 0xF7,
    0xFE, 0x03, 0xFD, 0xFF, 0x80, 0xFF, 0x7F, 0xE0, 0x7F, 0xDF, 0xF9, 0x7F, 0xF3, 0xFF, 0xFF, 0xF4,
    0xFF, 0xFF, 0xF8, 0x3F, 0xFF, 0xFF, 0xCF, 0xF8, 0x1F, 0xFB, 0xFE, 0x02, 0xFF, 0xFF, 0x80, 0xBF,
    0xFF, 0xE0, 0x2F, 0xFF, 0xF8, 0x0F, 0xFF, 0xFE, 0x5F, 0xFE, 0xFF, 0xFF, 0xFF, 0x3F, 0xFF, 0xFF,
    0x0F, 0xFF, 0xFD, 0x00, 0x0F, 0x0F, 0x00, 0x03, 0xC3, 0xC0, 0x00, 0xF0, 0xF0, 0x00, 0x00, 0x6F,
    0xF9, 0x01, 0xFF, 0xFF, 0xC1, 0xFF, 0xFF, 0xF0, 0xFF, 0xE5, 0xB4, 0x7F, 0xD0, 0x00, 0x2F, 0xF0,
    0x00, 0x0F, 0xF8, 0x00, 0x03, 0xFE, 0x00, 0x00, 0xFF, 0x80, 0x00, 0x3F, 0xE0, 0x00, 0x0F, 0xFC,
    0x00, 0x02, 0xFF, 0x40, 0x04, 0x3F, 0xF9, 0x6F, 0x07, 0xFF, 0xFF, 0xC0, 0x7F, 0xFF, 0xF0, 0x02,
    0xFF, 0xE0, 0x00, 0x00, 0x00, 0x15, 0x55, 0x55, 0x4F, 0xFF, 0xFF, 0xF3, 0xFF, 0xFF, 0xFC, 0xFF,
    0xFF, 0xFF, 0x00, 0xFF, 0xFF, 0xFF, 0xF3, 0xFF, 0xFF, 0xFF, 0xCF, 0xFF, 0xFF, 0xFF, 0x00, 0x00,
    0x00, 0x00, 0x00, 0x00, 0x00, 0x20, 0x00, 0x00, 0x00, 0x00, 0x00, 0x03, 0xF0, 0x00, 0x00, 0x00,
    0x00, 0x00, 0x3F, 0xF0, 0x00, 0x00, 0x00, 0x00, 0x03, 0xFF, 0xF0, 0x00, 0x00, 0x00, 0x00, 0x3F,
    0xFF, 0xF0, 0x00, 0x00, 0x00, 0x03, 0xFE, 0xAF, 0xF0, 0x00, 0x00, 0x00, 0x3E, 0x00, 0x07, 0xF0,
    0x00, 0x00, 0x03, 0xF0, 0x00, 0x03, 0xF0, 0x00, 0x00, 0x3F, 0xD0, 0x64, 0x0B, 0xF0, 0x00, 0x03,
    0xFF, 0xEF, 0xF0, 0x1F, 0xF0, 0x00, 0x3F, 0xFF, 0xFF, 0xC0, 0xBF, 0xF0, 0x03, 0xFF, 0xFF, 0xFE,
    0x03, 0xFF, 0xF0, 0x3F, 0xFF, 0xFF, 0xE0, 0x1F, 0xFF, 0xF2, 0xFF, 0xFF, 0xFE, 0x01, 0xFF, 0xFF,
    0xE2, 0xFF, 0xFF, 0xF0, 0x2F, 0xFF, 0xFF, 0x02, 0xFF, 0xFF, 0x81, 0xFF, 0xFF, 0xF0, 0x02, 0xFF,
    0xFD, 0x0B, 0xFF, 0xFF, 0x00, 0x02, 0xFF, 0xFF, 0xFF, 0xFF, 0xF0, 0x00, 0x02, 0xFF, 0xFF, 0xFF,
    0xFF, 0x00, 0x00, 0x02, 0xFF, 0x81, 0xFF, 0xF0, 0x00, 0x00, 0x02, 0xFC, 0x03, 0xFF, 0x00, 0x00,
    0x00, 0x02, 0xF0, 0x0F, 0xF0, 0x00, 0x00, 0x00, 0x02, 0xF4, 0xBF, 0x00, 0x00, 0x00, 0x00, 0x02,
    0xFF, 0xF0, 0x00, 0x00, 0x00, 0x00, 0x02, 0xFF, 0x00, 0x00, 0x00, 0x00, 0x00, 0x02, 0xF0, 0x00,
    0x00, 0x00, 0x00, 0x00, 0x02, 0x00, 0x00, 0x00, 0x00,
};

static const EpdGlyph notosans_14_boldGlyphs[] = {
    { 0, 0, 0, 0, 0, 0, 0 }, //  
    { 0, 0, 8, 0, 0, 0, 0 }, // 
    { 0, 0, 8, 0, 0, 0, 0 }, //  
    { 5, 21, 9, 2, 21, 27, 0 }, // !
    { 12, 7, 14, 1, 21, 21, 27 }, // "
    { 18, 21, 20, 1, 21, 95, 48 }, // #
    { 15, 24, 17, 1, 22, 90, 143 }, // $
    { 24, 21, 26, 1, 21, 126, 233 }, // %
    { 21, 21, 22, 1, 21, 111, 359 }, // &
    { 5, 7, 8, 1, 21, 9, 470 }, // '
    { 9, 25, 10, 1, 21, 57, 479 }, // (
    { 9, 25, 10, 0, 21, 57, 536 }, // )
    { 15, 14, 16, 0, 22, 53, 593 }, // *
    { 14, 14, 16, 1, 17, 49, 646 }, // +
    { 7, 7, 8, 0, 3, 13, 695 }, // ,
    { 8, 4, 10, 1, 10, 8, 708 }, // -
    { 5, 5, 8, 2, 5, 7, 716 }, // .
    { 12, 21, 12, 0, 21, 63, 723 }, // /
    { 15, 21, 17, 1, 21, 79, 786 }, // 0
    { 11, 21, 17, 2, 21, 58, 865 }, // 1
    { 16, 21, 17, 0, 21, 84, 923 }, // 2
    { 15, 21, 17, 1, 21, 79, 1007 }, // 3
    { 16, 21, 17, 1, 21, 84, 1086 }, // 4
    { 15, 21, 17, 1, 21, 79, 1170 }, // 5
    { 15, 21, 17, 1, 21, 79, 1249 }, // 6
    { 15, 21, 17, 1, 21, 79, 1328 }, // 7
    { 15, 21, 17, 1, 21, 79, 1407 }, // 8
    { 15, 21, 17, 1, 21, 79, 1486 }, // 9
    { 5, 16, 8, 2, 16, 20, 1565 }, // :
    { 6, 20, 8, 1, 16, 30, 1585 }, // ;
    { 14, 16, 16, 1, 18, 56, 1615 }, // <
    { 14, 9, 16, 1, 15, 32, 1671 }, // =
    { 14, 16, 16, 1, 18, 56, 1703 }, // >
    { 14, 21, 15, 0, 21, 74, 1759 }, // ?
    { 23, 23, 25, 1, 21, 133, 1833 }, // @
    { 21, 21, 20, 0, 21, 111, 1966 }, // A
    { 16, 21, 19, 2, 21, 84, 2077 }, // B
    { 17, 21, 19, 2, 21, 90, 2161 }, // C
    { 17, 21, 21, 2, 21, 90, 2251 }, // D
    { 12, 21, 17, 3, 21, 63, 2341 }, // E
    { 12, 21, 16, 3, 21, 63, 2404 }, // F
    { 17, 21, 21, 2, 21, 90, 2467 }, // G
    { 17, 21, 23, 3, 21, 90, 2557 }, // H
    { 9, 21, 11, 1, 21, 48, 2647 }, // I
    { 10, 27, 10, -2, 21, 68, 2695 }, // J
    { 17, 21, 20, 3, 21, 90, 2763 }, // K
    { 13, 21, 16, 2, 21, 69, 2853 }, // L
    { 23, 21, 28, 3, 21, 121, 2922 }, // M
    { 19, 21, 25, 3, 21, 100, 3043 }, // N
    { 20, 21, 23, 2, 21, 105, 3143 }, // O
    { 15, 21, 18, 2, 21, 79, 3248 }, // P
    { 20, 26, 23, 2, 21, 130, 3327 }, // Q
    { 17, 21, 19, 2, 21, 90, 3457 }, // R
    { 14, 21, 16, 1, 21, 74, 3547 }, // S
    { 16, 21, 18, 1, 21, 84, 3621 }, // T
    { 17, 21, 21, 2, 21, 90, 3705 }, // U
    { 19, 21, 19, 0, 21, 100, 3795 }, // V
    { 29, 21, 28, 0, 21, 153, 3895 }, // W
    { 20, 21, 20, 0, 21, 105, 4048 }, // X
    { 19, 21, 18, 0, 21, 100, 4153 }, // Y
    { 15, 21, 17, 1, 21, 79, 4253 }, // Z
    { 7, 26, 10, 2, 21, 46, 4332 }, // [
    { 12, 21, 12, 0, 21, 63, 4378 }, // <backslash>
    { 7, 26, 10, 1, 21, 46, 4441 }, // ]
    { 17, 14, 17, 0, 21, 60, 4487 }, // ^
    { 12, 2, 12, 0, -3, 6, 4547 }, // _
    { 9, 5, 11, 1, 22, 12, 4553 }, // `
    { 15, 16, 18, 1, 16, 60, 4565 }, // a
    { 15, 22, 18, 2, 22, 83, 4625 }, // b
    { 13, 16, 15, 1, 16, 52, 4708 }, // c
    { 15, 22, 18, 1, 22, 83, 4760 }, // d
    { 15, 16, 17, 1, 16, 60, 4843 }, // e
    { 13, 22, 13, 1, 22, 72, 4903 }, // f
    { 15, 23, 18, 1, 16, 87, 4975 }, // g
    { 15, 22, 19, 2, 22, 83, 5062 }, // h
    { 5, 22, 9, 2, 22, 28, 5145 }, // i
    { 9, 29, 9, -2, 22, 66, 5173 }, // j
    { 16, 22, 18, 2, 22, 88, 5239 }, // k
    { 5, 22, 9, 2, 22, 28, 5327 }, // l
    { 25, 16, 29, 2, 16, 100, 5355 }, // m
    { 15, 16, 19, 2, 16, 60, 5455 }, // n
    { 16, 16, 18, 1, 16, 64, 5515 }, // o
    { 15, 23, 18, 2, 16, 87, 5579 }, // p
    { 15, 23, 18, 1, 16, 87, 5666 }, // q
    { 11, 16, 13, 2, 16, 44, 5753 }, // r
    { 12, 16, 14, 1, 16, 48, 5797 }, // s
    { 11, 20, 13, 1, 20, 55, 5845 }, // t
    { 15, 16, 19, 2, 16, 60, 5900 }, // u
    { 17, 16, 17, 0, 16, 68, 5960 }, // v
    { 26, 16, 25, -1, 16, 104, 6028 }, // w
    { 17, 16, 17, 0, 16, 68, 6132 }, // x
    { 18, 23, 17, -1, 16, 104, 6200 }, // y
    { 13, 16, 15, 1, 16, 52, 6304 }, // z
    { 11, 26, 12, 0, 21, 72, 6356 }, // {
    { 3, 29, 15, 6, 22, 22, 6428 }, // |
    { 11, 26, 12, 1, 21, 72, 6450 }, // }
    { 14, 7, 16, 1, 14, 25, 6522 }, // ~
    { 0, 0, 8, 0, 0, 0, 6547 }, //  
    { 5, 21, 8, 2, 16, 27, 6547 }, // ¡
    { 13, 21, 17, 2, 21, 69, 6574 }, // ¢
    { 15, 21, 17, 1, 21, 79, 6643 }, // £
    { 15, 16, 17, 1, 18, 60, 6722 }, // ¤
    { 17, 21, 17, 0, 21, 90, 6782 }, // ¥
    { 3, 29, 15, 6, 22, 22, 6872 }, // ¦
    { 11, 22, 14, 2, 22, 61, 6894 }, // §
    { 11, 4, 18, 4, 22, 11, 6955 }, // ¨
    { 22, 21, 23, 1, 21, 116, 6966 }, // ©
    { 9, 10, 11, 1, 21, 23, 7082 }, // ª
    { 16, 14, 18, 1, 15, 56, 7105 }, // «
    { 14, 9, 16, 1, 13, 32, 7161 }, // ¬
    { 8, 4, 10, 1, 10, 8, 7193 }, // ­
    { 22, 21, 23, 1, 21, 116, 7201 }, // ®
    { 15, 4, 15, 0, 26, 15, 7317 }, // ¯
    { 10, 10, 12, 1, 21, 25, 7332 }, // °
    { 14, 18, 16, 1, 18, 63, 7357 }, // ±
    { 10, 13, 11, 0, 25, 33, 7420 }, // ²
    { 11, 13, 11, 0, 25, 36, 7453 }, // ³
    { 9, 5, 11, 1, 22, 12, 7489 }, // ´
    { 15, 23, 19, 2, 16, 87, 7501 }, // µ
    { 15, 26, 19, 2, 22, 98, 7588 }, // ¶
    { 5, 5, 8, 2, 13, 7, 7686 }, // ·
    { 7, 7, 8, 0, 0, 13, 7693 }, // ¸
    { 8, 12, 12, 1, 24, 24, 7706 }, // ¹
    { 10, 10, 12, 1, 21, 25, 7730 }, // º
    { 17, 14, 19, 1, 15, 60, 7755 }, // »
    { 24, 20, 25, 0, 20, 120, 7815 }, // ¼
    { 24, 20, 25, 0, 20, 120, 7935 }, // ½
    { 24, 21, 26, 1, 21, 126, 8055 }, // ¾
    { 13, 22, 14, 1, 16, 72, 8181 }, // ¿
    { 21, 27, 20, 0, 27, 142, 8253 }, // À
    { 21, 27, 20, 0, 27, 142, 8395 }, // Á
    { 21, 27, 20, 0, 27, 142, 8537 }, // Â
    { 21, 27, 20, 0, 27, 142, 8679 }, // Ã
    { 21, 27, 20, 0, 27, 142, 8821 }, // Ä
    { 21, 26, 20, -1, 26, 137, 8963 }, // Å
    { 27, 21, 28, 0, 21, 142, 9100 }, // Æ
    { 17, 28, 19, 2, 21, 119, 9242 }, // Ç
    { 12, 27, 17, 3, 27, 81, 9361 }, // È
    { 12, 27, 17, 3, 27, 81, 9442 }, // É
    { 12, 27, 17, 3, 27, 81, 9523 }, // Ê
    { 12, 27, 17, 3, 27, 81, 9604 }, // Ë
    { 10, 27, 11, 0, 27, 68, 9685 }, // Ì
    { 10, 27, 11, 1, 27, 68, 9753 }, // Í
    { 13, 27, 11, -1, 27, 88, 9821 }, // Î
    { 11, 27, 12, 1, 27, 75, 9909 }, // Ï
    { 19, 21, 22, 1, 21, 100, 9984 }, // Ð
    { 19, 27, 25, 3, 27, 129, 10084 }, // Ñ
    { 20, 27, 23, 2, 27, 135, 10213 }, // Ò
    { 20, 27, 23, 2, 27, 135, 10348 }, // Ó
    { 20, 27, 23, 2, 27, 135, 10483 }, // Ô
    { 20, 27, 23, 2, 27, 135, 10618 }, // Õ
    { 20, 27, 23, 2, 27, 135, 10753 }, // Ö
    { 14, 14, 17, 1, 17, 49, 10888 }, // ×
    { 20, 23, 23, 2, 22, 115, 10937 }, // Ø
    { 17, 27, 21, 2, 27, 115, 11052 }, // Ù
    { 17, 27, 21, 2, 27, 115, 11167 }, // Ú
    { 17, 27, 21, 2, 27, 115, 11282 }, // Û
    { 17, 27, 21, 2, 27, 115, 11397 }, // Ü
    { 19, 27, 18, 0, 27, 129, 11512 }, // Ý
    { 15, 21, 19, 3, 21, 79, 11641 }, // Þ
    { 18, 22, 21, 2, 22, 99, 11720 }, // ß
    { 15, 22, 18, 1, 22, 83, 11819 }, // à
    { 15, 22, 18, 1, 22, 83, 11902 }, // á
    { 15, 22, 18, 1, 22, 83, 11985 }, // â
    { 15, 22, 18, 1, 22, 83, 12068 }, // ã
    { 15, 22, 18, 1, 22, 83, 12151 }, // ä
    { 15, 24, 18, 1, 24, 90, 12234 }, // å
    { 25, 16, 27, 1, 16, 100, 12324 }, // æ
    { 13, 23, 15, 1, 16, 75, 12424 }, // ç
    { 15, 22, 17, 1, 22, 83, 12499 }, // è
    { 15, 22, 17, 1, 22, 83, 12582 }, // é
    { 15, 22, 17, 1, 22, 83, 12665 }, // ê
    { 15, 22, 17, 1, 22, 83, 12748 }, // ë
    { 10, 22, 9, -1, 22, 55, 12831 }, // ì
    { 10, 22, 9, 1, 22, 55, 12886 }, // í
    { 13, 22, 9, -2, 22, 72, 12941 }, // î
    { 11, 22, 9, -1, 22, 61, 13013 }, // ï
    { 16, 23, 18, 1, 23, 92, 13074 }, // ð
    { 15, 22, 19, 2, 22, 83, 13166 }, // ñ
    { 16, 22, 18, 1, 22, 88, 13249 }, // ò
    { 16, 22, 18, 1, 22, 88, 13337 }, // ó
    { 16, 22, 18, 1, 22, 88, 13425 }, // ô
    { 16, 22, 18, 1, 22, 88, 13513 }, // õ
    { 16, 22, 18, 1, 22, 88, 13601 }, // ö
    { 14, 14, 16, 1, 17, 49, 13689 }, // ÷
    { 16, 18, 18, 1, 17, 72, 13738 }, // ø
    { 15, 22, 19, 2, 22, 83, 13810 }, // ù
    { 15, 22, 19, 2, 22, 83, 13893 }, // ú
    { 15, 22, 19, 2, 22, 83, 13976 }, // û
    { 15, 22, 19, 2, 22, 83, 14059 }, // ü
    { 18, 29, 17, -1, 22, 131, 14142 }, // ý
    { 15, 29, 18, 2, 22, 109, 14273 }, // þ
    { 18, 29, 17, -1, 22, 131, 14382 }, // ÿ
    { 22, 26, 20, -1, 26, 143, 14513 }, // Ā
    { 15, 21, 18, 1, 21, 79, 14656 }, // ā
    { 21, 27, 20, 0, 27, 142, 14735 }, // Ă
    { 15, 22, 18, 1, 22, 83, 14877 }, // ă
    { 22, 28, 21, -1, 21, 154, 14960 }, // Ą
    { 15, 23, 18, 1, 16, 87, 15114 }, // ą
    { 17, 27, 19, 2, 27, 115, 15201 }, // Ć
    { 14, 22, 15, 1, 22, 77, 15316 }, // ć
    { 17, 27, 19, 2, 27, 115, 15393 }, // Ĉ
    { 14, 22, 15, 1, 22, 77, 15508 }, // ĉ
    { 17, 27, 19, 2, 27, 115, 15585 }, // Ċ
    { 13, 22, 15, 1, 22, 72, 15700 }, // ċ
    { 17, 27, 19, 2, 27, 115, 15772 }, // Č
    { 14, 22, 15, 1, 22, 77, 15887 }, // č
    { 17, 27, 21, 2, 27, 115, 15964 }, // Ď
    { 22, 22, 18, 1, 22, 121, 16079 }, // ď
    { 19, 21, 22, 1, 21, 100, 16200 }, // Đ
    { 17, 22, 19, 1, 22, 94, 16300 }, // đ
    { 12, 26, 17, 3, 26, 78, 16394 }, // Ē
    { 15, 21, 17, 1, 21, 79, 16472 }, // ē
    { 12, 27, 17, 3, 27, 81, 16551 }, // Ĕ
    { 15, 22, 17, 1, 22, 83, 16632 }, // ĕ
    { 12, 27, 17, 3, 27, 81, 16715 }, // Ė
    { 15, 22, 17, 1, 22, 83, 16796 }, // ė
    { 12, 28, 17, 3, 21, 84, 16879 }, // Ę
    { 15, 23, 17, 1, 16, 87, 16963 }, // ę
    { 13, 27, 17, 3, 27, 88, 17050 }, // Ě
    { 15, 22, 17, 1, 22, 83, 17138 }, // ě
    { 17, 27, 21, 2, 27, 115, 17221 }, // Ĝ
    { 15, 29, 18, 1, 22, 109, 17336 }, // ĝ
    { 17, 28, 21, 2, 28, 119, 17445 }, // Ğ
    { 15, 29, 18, 1, 22, 109, 17564 }, // ğ
    { 17, 27, 21, 2, 27, 115, 17673 }, // Ġ
    { 15, 29, 18, 1, 22, 109, 17788 }, // ġ
    { 17, 27, 21, 2, 21, 115, 17897 }, // Ģ
    { 15, 29, 18, 1, 22, 109, 18012 }, // ģ
    { 17, 27, 23, 3, 27, 115, 18121 }, // Ĥ
    { 19, 28, 19, -2, 28, 133, 18236 }, // ĥ
    { 22, 21, 22, 0, 21, 116, 18369 }, // Ħ
    { 17, 22, 20, 1, 22, 94, 18485 }, // ħ
    { 12, 27, 11, -1, 27, 81, 18579 }, // Ĩ
    { 13, 22, 9, -2, 22, 72, 18660 }, // ĩ
    { 9, 26, 11, 1, 26, 59, 18732 }, // Ī
    { 10, 21, 10, 0, 21, 53, 18791 }, // ī
    { 11, 27, 12, 1, 27, 75, 18844 }, // Ĭ
    { 11, 22, 9, -1, 22, 61, 18919 }, // ĭ
    { 9, 28, 11, 1, 21, 63, 18980 }, // Į
    { 6, 29, 9, 1, 22, 44, 19043 }, // į
    { 9, 27, 11, 1, 27, 61, 19087 }, // İ
    { 5, 16, 9, 2, 16, 20, 19148 }, // ı
    { 18, 27, 21, 1, 21, 122, 19168 }, // Ĳ
    { 14, 29, 18, 2, 22, 102, 19290 }, // ĳ
    { 14, 34, 10, -2, 28, 119, 19392 }, // Ĵ
    { 13, 29, 9, -2, 22, 95, 19511 }, // ĵ
    { 17, 28, 20, 3, 21, 119, 19606 }, // Ķ
    { 16, 29, 18, 2, 22, 116, 19725 }, // ķ
    { 16, 16, 18, 2, 16, 64, 19841 }, // ĸ
    { 14, 27, 16, 1, 27, 95, 19905 }, // Ĺ
    { 10, 28, 9, 1, 28, 70, 20000 }, // ĺ
    { 13, 28, 16, 2, 21, 91, 20070 }, // Ļ
    { 6, 29, 9, 1, 22, 44, 20161 }, // ļ
    { 14, 21, 16, 2, 21, 74, 20205 }, // Ľ
    { 11, 22, 9, 2, 22, 61, 20279 }, // ľ
    { 13, 21, 16, 2, 21, 69, 20340 }, // Ŀ
    { 10, 22, 11, 2, 22, 55, 20409 }, // ŀ
    { 16, 21, 17, 0, 21, 84, 20464 }, // Ł
    { 11, 22, 9, -1, 22, 61, 20548 }, // ł
    { 19, 27, 25, 3, 27, 129, 20609 }, // Ń
    { 15, 22, 19, 2, 22, 83, 20738 }, // ń
    { 19, 28, 25, 3, 21, 133, 20821 }, // Ņ
    { 15, 23, 19, 2, 16, 87, 20954 }, // ņ
    { 19, 27, 25, 3, 27, 129, 21041 }, // Ň
    { 15, 22, 19, 2, 22, 83, 21170 }, // ň
    { 21, 21, 23, 0, 21, 111, 21253 }, // ŉ
    { 19, 27, 25, 3, 21, 129, 21364 }, // Ŋ
    { 15, 23, 19, 2, 16, 87, 21493 }, // ŋ
    { 20, 26, 23, 2, 26, 130, 21580 }, // Ō
    { 16, 21, 18, 1, 21, 84, 21710 }, // ō
    { 20, 28, 23, 2, 28, 140, 21794 }, // Ŏ
    { 16, 22, 18, 1, 22, 88, 21934 }, // ŏ
    { 20, 27, 23, 2, 27, 135, 22022 }, // Ő
    { 16, 22, 18, 1, 22, 88, 22157 }, // ő
    { 25, 21, 29, 2, 21, 132, 22245 }, // Œ
    { 26, 16, 28, 1, 16, 104, 22377 }, // œ
    { 17, 27, 19, 2, 27, 115, 22481 }, // Ŕ
    { 12, 22, 13, 2, 22, 66, 22596 }, // ŕ
    { 17, 28, 19, 2, 21, 119, 22662 }, // Ŗ
    { 12, 23, 13, 1, 16, 69, 22781 }, // ŗ
    { 17, 27, 19, 2, 27, 115, 22850 }, // Ř
    { 13, 22, 13, 1, 22, 72, 22965 }, // ř
    { 14, 27, 16, 1, 27, 95, 23037 }, // Ś
    { 12, 22, 14, 1, 22, 66, 23132 }, // ś
    { 14, 27, 16, 1, 27, 95, 23198 }, // Ŝ
    { 13, 22, 14, 0, 22, 72, 23293 }, // ŝ
    { 14, 28, 16, 1, 21, 98, 23365 }, // Ş
    { 12, 23, 14, 1, 16, 69, 23463 }, // ş
    { 14, 27, 16, 1, 27, 95, 23532 }, // Š
    { 14, 22, 14, 0, 22, 77, 23627 }, // š
    { 16, 28, 18, 1, 21, 112, 23704 }, // Ţ
    { 11, 27, 13, 1, 20, 75, 23816 }, // ţ
    { 16, 27, 18, 1, 27, 108, 23891 }, // Ť
    { 16, 22, 13, 1, 22, 88, 23999 }, // ť
    { 16, 21, 18, 1, 21, 84, 24087 }, // Ŧ
    { 11, 20, 13, 1, 20, 55, 24171 }, // ŧ
    { 17, 27, 21, 2, 27, 115, 24226 }, // Ũ
    { 15, 22, 19, 2, 22, 83, 24341 }, // ũ
    { 17, 26, 21, 2, 26, 111, 24424 }, // Ū
    { 15, 21, 19, 2, 21, 79, 24535 }, // ū
    { 17, 28, 21, 2, 28, 119, 24614 }, // Ŭ
    { 15, 22, 19, 2, 22, 83, 24733 }, // ŭ
    { 17, 30, 21, 2, 30, 128, 24816 }, // Ů
    { 15, 24, 19, 2, 24, 90, 24944 }, // ů
    { 17, 27, 21, 2, 27, 115, 25034 }, // Ű
    { 15, 22, 19, 2, 22, 83, 25149 }, // ű
    { 17, 28, 21, 2, 21, 119, 25232 }, // Ų
    { 15, 23, 19, 2, 16, 87, 25351 }, // ų
    { 29, 27, 28, 0, 27, 196, 25438 }, // Ŵ
    { 26, 22, 25, -1, 22, 143, 25634 }, // ŵ
    { 19, 27, 18, 0, 27, 129, 25777 }, // Ŷ
    { 18, 29, 17, -1, 22, 131, 25906 }, // ŷ
    { 19, 27, 18, 0, 27, 129, 26037 }, // Ÿ
    { 15, 27, 17, 1, 27, 102, 26166 }, // Ź
    { 13, 22, 15, 1, 22, 72, 26268 }, // ź
    { 15, 27, 17, 1, 27, 102, 26340 }, // Ż
    { 13, 22, 15, 1, 22, 72, 26442 }, // ż
    { 15, 27, 17, 1, 27, 102, 26514 }, // Ž
    { 14, 22, 15, 1, 22, 77, 26616 }, // ž
    { 10, 22, 11, 2, 22, 55, 26693 }, // ſ
    { 9, 5, 0, -16, 22, 12, 26748 }, // ̀
    { 9, 5, 0, -11, 22, 12, 26760 }, // ́
    { 12, 5, 0, -6, 22, 15, 26772 }, // ̂
    { 12, 5, 0, -16, 22, 15, 26787 }, // ̃
    { 10, 4, 0, -5, 21, 10, 26802 }, // ̄
    { 12, 4, 0, -6, 25, 12, 26812 }, // ̅
    { 11, 5, 0, -5, 22, 14, 26824 }, // ̆
    { 5, 4, 0, -2, 22, 5, 26838 }, // ̇
    { 11, 4, 0, -5, 22, 11, 26843 }, // ̈
    { 6, 8, 0, -12, 25, 12, 26854 }, // ̉
    { 8, 7, 0, -4, 24, 14, 26866 }, // ̊
    { 14, 5, 0, -5, 22, 18, 26880 }, // ̋
    { 13, 5, 0, -6, 22, 17, 26898 }, // ̌
    { 3, 5, 0, -1, 22, 4, 26915 }, // ̍
    { 8, 5, 0, -4, 22, 10, 26919 }, // ̎
    { 13, 5, 0, -17, 22, 17, 26929 }, // ̏
    { 10, 7, 0, -5, 24, 18, 26946 }, // ̐
    { 12, 6, 0, -6, 23, 18, 26964 }, // ̑
    { 6, 7, 0, -3, 21, 11, 26982 }, // ̒
    { 6, 7, 0, -3, 21, 11, 26993 }, // ̓
    { 6, 7, 0, -3, 21, 11, 27004 }, // ̔
    { 6, 7, 0, -3, 21, 11, 27015 }, // ̕
    { 9, 5, 0, -5, -1, 12, 27026 }, // ̖
    { 10, 5, 0, -5, -1, 13, 27038 }, // ̗
    { 5, 5, 0, -2, -1, 7, 27051 }, // ̘
    { 5, 5, 0, -2, -1, 7, 27058 }, // ̙
    { 7, 7, 9, 1, 22, 13, 27065 }, // ̚
    { 7, 7, 0, -3, 22, 13, 27078 }, // ̛
    { 4, 7, 0, -2, 0, 7, 27091 }, // ̜
    { 6, 5, 0, -3, -1, 8, 27098 }, // ̝
    { 6, 5, 0, -3, -1, 8, 27106 }, // ̞
    { 6, 6, 0, -3, -1, 9, 27114 }, // ̟
    { 6, 2, 0, -3, -3, 3, 27123 }, // ̠
    { 7, 9, 0, -6, 2, 16, 27126 }, // ̡
    { 7, 9, 0, 0, 2, 16, 27142 }, // ̢
    { 5, 4, 0, -12, -2, 5, 27158 }, // ̣
    { 11, 4, 0, -5, -2, 11, 27163 }, // ̤
    { 8, 7, 0, -4, 0, 14, 27174 }, // ̥
    { 6, 5, 0, -3, -1, 8, 27188 }, // ̦
    { 7, 7, 0, -4, 0, 13, 27196 }, // ̧
    { 6, 8, 0, -3, 1, 12, 27209 }, // ̨
    { 3, 5, 0, -1, -1, 4, 27221 }, // ̩
    { 10, 5, 0, -5, -1, 13, 27225 }, // ̪
    { 11, 5, 0, -5, -1, 14, 27238 }, // ̫
    { 13, 5, 0, -6, -1, 17, 27252 }, // ̬
    { 12, 5, 0, -6, -1, 15, 27269 }, // ̭
    { 11, 5, 0, -5, -1, 14, 27284 }, // ̮
    { 12, 6, 0, -6, 0, 18, 27298 }, // ̯
    { 12, 5, 0, -6, -1, 15, 27316 }, // ̰
    { 10, 4, 0, -5, -1, 10, 27331 }, // ̱
    { 14, 2, 0, -7, -3, 7, 27341 }, // ̲
    { 12, 6, 0, -7, 0, 18, 27348 }, // ̳
    { 13, 5, 0, -6, 11, 17, 27366 }, // ̴
    { 12, 4, 0, -6, 11, 12, 27383 }, // ̵
    { 21, 4, 0, -11, 10, 21, 27395 }, // ̶
    { 12, 8, 0, -6, 12, 24, 27416 }, // ̷
    { 14, 24, 0, -7, 22, 84, 27440 }, // ̸
    { 5, 7, 0, -2, 0, 9, 27524 }, // ̹
    { 10, 5, 0, -5, -1, 13, 27533 }, // ̺
    { 11, 6, 0, -5, -1, 17, 27546 }, // ̻
    { 11, 4, 0, -5, -2, 11, 27563 }, // ̼
    { 6, 7, 0, -3, 23, 11, 27574 }, // ̽
    { 6, 9, 0, -3, 25, 14, 27585 }, // ̾
    { 12, 6, 0, -7, 28, 18, 27599 }, // ̿
    { 9, 5, 0, -7, 22, 12, 27617 }, // ̀
    { 9, 5, 0, -2, 22, 12, 27629 }, // ́
    { 13, 5, 0, -6, 22, 17, 27641 }, // ͂
    { 5, 6, 0, -3, 22, 8, 27658 }, // ̓
    { 16, 5, 0, -6, 22, 20, 27666 }, // ̈́
    { 5, 5, 0, -1, -2, 7, 27686 }, // ͅ
    { 13, 5, 0, -6, 22, 17, 27693 }, // ͆
    { 12, 6, 0, -7, 0, 18, 27710 }, // ͇
    { 8, 5, 0, -4, -1, 10, 27728 }, // ͈
    { 6, 6, 0, -3, -1, 9, 27738 }, // ͉
    { 12, 8, 0, -6, 23, 24, 27747 }, // ͊
    { 12, 11, 0, -6, 27, 33, 27771 }, // ͋
    { 12, 8, 0, -6, 25, 24, 27804 }, // ͌
    { 11, 6, 0, -5, -1, 17, 27828 }, // ͍
    { 6, 7, 0, -3, 0, 11, 27845 }, // ͎
    { 21, 21, 0, -10, 21, 111, 27856 }, // ͏
    { 5, 6, 0, -2, 23, 8, 27967 }, // ͐
    { 4, 7, 0, -1, 24, 7, 27975 }, // ͑
    { 11, 7, 0, -5, 24, 20, 27982 }, // ͒
    { 6, 7, 0, -3, 0, 11, 28002 }, // ͓
    { 5, 6, 0, -2, -1, 8, 28013 }, // ͔
    { 5, 6, 0, -2, -1, 8, 28021 }, // ͕
    { 12, 6, 0, -5, -1, 18, 28029 }, // ͖
    { 4, 7, 0, -1, 24, 7, 28047 }, // ͗
    { 5, 4, 0, 3, 22, 5, 28054 }, // ͘
    { 8, 6, 0, -4, -1, 12, 28059 }, // ͙
    { 12, 7, 0, -5, -1, 21, 28071 }, // ͚
    { 6, 6, 0, -3, 23, 9, 28092 }, // ͛
    { 24, 6, 0, -12, -1, 36, 28101 }, // ͜
    { 24, 6, 0, -12, 23, 36, 28137 }, // ͝
    { 18, 2, 0, -9, 20, 9, 28173 }, // ͞
    { 18, 2, 0, -9, -2, 9, 28182 }, // ͟
    { 24, 4, 0, -12, 22, 24, 28191 }, // ͠
    { 24, 7, 0, -12, 26, 42, 28215 }, // ͡
    { 24, 8, 0, -11, 0, 48, 28257 }, // ͢
    { 6, 8, 0, -3, 25, 12, 28305 }, // ͣ
    { 7, 8, 0, -3, 25, 14, 28317 }, // ͤ
    { 2, 9, 0, -1, 27, 5, 28331 }, // ͥ
    { 7, 7, 0, -3, 24, 13, 28336 }, // ͦ
    { 7, 7, 0, -3, 24, 13, 28349 }, // ͧ
    { 6, 7, 0, -2, 24, 11, 28362 }, // ͨ
    { 7, 10, 0, -3, 27, 18, 28373 }, // ͩ
    { 7, 9, 0, -3, 27, 16, 28391 }, // ͪ
    { 11, 6, 0, -5, 24, 17, 28407 }, // ͫ
    { 5, 7, 0, -2, 25, 9, 28424 }, // ͬ
    { 5, 9, 0, -2, 26, 12, 28433 }, // ͭ
    { 9, 7, 0, -4, 25, 16, 28445 }, // ͮ
    { 8, 6, 0, -4, 24, 12, 28461 }, // ͯ
    { 13, 27, 16, 2, 27, 88, 28473 }, // Ѐ
    { 13, 27, 16, 2, 27, 88, 28561 }, // Ё
    { 21, 21, 23, 1, 21, 111, 28649 }, // Ђ
    { 13, 27, 17, 3, 27, 88, 28760 }, // Ѓ
    { 17, 21, 19, 2, 21, 90, 28848 }, // Є
    { 14, 21, 16, 1, 21, 74, 28938 }, // Ѕ
    { 5, 21, 9, 2, 21, 27, 29012 }, // І
    { 9, 27, 11, 1, 27, 61, 29039 }, // Ї
    { 10, 27, 10, -2, 21, 68, 29100 }, // Ј
    { 29, 21, 30, 0, 21, 153, 29168 }, // Љ
    { 27, 21, 31, 3, 21, 142, 29321 }, // Њ
    { 20, 21, 23, 1, 21, 105, 29463 }, // Ћ
    { 18, 27, 20, 3, 27, 122, 29568 }, // Ќ
    { 18, 27, 24, 3, 27, 122, 29690 }, // Ѝ
    { 19, 27, 19, 0, 27, 129, 29812 }, // Ў
    { 17, 26, 23, 3, 21, 111, 29941 }, // Џ
    { 21, 21, 20, 0, 21, 111, 30052 }, // А
    { 15, 21, 19, 3, 21, 79, 30163 }, // Б
    { 16, 21, 19, 2, 21, 84, 30242 }, // В
    { 13, 21, 17, 3, 21, 69, 30326 }, // Г
    { 22, 26, 24, 1, 21, 143, 30395 }, // Д
    { 13, 21, 16, 2, 21, 69, 30538 }, // Е
    { 29, 21, 29, 0, 21, 153, 30607 }, // Ж
    { 15, 21, 18, 1, 21, 79, 30760 }, // З
    { 18, 21, 24, 3, 21, 95, 30839 }, // И
    { 18, 27, 24, 3, 27, 122, 30934 }, // Й
    { 18, 21, 20, 3, 21, 95, 31056 }, // К
    { 20, 21, 22, 0, 21, 105, 31151 }, // Л
    { 23, 21, 28, 3, 21, 121, 31256 }, // М
    { 18, 21, 23, 3, 21, 95, 31377 }, // Н
    { 20, 21, 23, 2, 21, 105, 31472 }, // О
    { 17, 21, 23, 3, 21, 90, 31577 }, // П
    { 15, 21, 18, 2, 21, 79, 31667 }, // Р
    { 17, 21, 19, 2, 21, 90, 31746 }, // С
    { 16, 21, 18, 1, 21, 84, 31836 }, // Т
    { 19, 21, 19, 0, 21, 100, 31920 }, // У
    { 23, 21, 27, 2, 21, 121, 32020 }, // Ф
    { 20, 21, 20, 0, 21, 105, 32141 }, // Х
    { 20, 26, 24, 3, 21, 130, 32246 }, // Ц
    { 17, 21, 21, 2, 21, 90, 32376 }, // Ч
    { 27, 21, 31, 2, 21, 142, 32466 }, // Ш
    { 29, 26, 31, 2, 21, 189, 32608 }, // Щ
    { 20, 21, 22, 1, 21, 105, 32797 }, // Ъ
    { 22, 21, 27, 3, 21, 116, 32902 }, // Ы
    { 15, 21, 19, 3, 21, 79, 33018 }, // Ь
    { 17, 21, 19, 1, 21, 90, 33097 }, // Э
    { 26, 21, 30, 3, 21, 137, 33187 }, // Ю
    { 17, 21, 20, 0, 21, 90, 33324 }, // Я
    { 15, 16, 17, 1, 16, 60, 33414 }, // а
    { 16, 23, 18, 1, 23, 92, 33474 }, // б
    { 14, 16, 17, 2, 16, 56, 33566 }, // в
    { 11, 16, 14, 2, 16, 44, 33622 }, // г
    { 19, 20, 20, 1, 16, 95, 33666 }, // д
    { 15, 16, 17, 1, 16, 60, 33761 }, // е
    { 26, 16, 26, 0, 16, 104, 33821 }, // ж
    { 14, 16, 15, 0, 16, 56, 33925 }, // з
    { 15, 16, 19, 2, 16, 60, 33981 }, // и
    { 15, 22, 19, 2, 22, 83, 34041 }, // й
    { 16, 16, 18, 2, 16, 64, 34124 }, // к
    { 17, 16, 19, 0, 16, 68, 34188 }, // л
    { 20, 16, 24, 2, 16, 80, 34256 }, // м
    { 15, 16, 19, 2, 16, 60, 34336 }, // н
    { 16, 16, 18, 1, 16, 64, 34396 }, // о
    { 15, 16, 19, 2, 16, 60, 34460 }, // п
    { 15, 23, 18, 2, 16, 87, 34520 }, // р
    { 14, 16, 15, 1, 16, 56, 34607 }, // с
    { 14, 16, 16, 1, 16, 56, 34663 }, // т
    { 17, 23, 17, 0, 16, 98, 34719 }, // у
    { 21, 29, 23, 1, 22, 153, 34817 }, // ф
    { 18, 16, 17, 0, 16, 72, 34970 }, // х
    { 17, 20, 19, 2, 16, 85, 35042 }, // ц
    { 15, 16, 19, 2, 16, 60, 35127 }, // ч
    { 24, 16, 28, 2, 16, 96, 35187 }, // ш
    { 26, 20, 28, 2, 16, 130, 35283 }, // щ
    { 19, 16, 20, 0, 16, 76, 35413 }, // ъ
    { 21, 16, 25, 2, 16, 84, 35489 }, // ы
    { 14, 16, 17, 2, 16, 56, 35573 }, // ь
    { 14, 16, 16, 1, 16, 56, 35629 }, // э
    { 22, 16, 25, 2, 16, 88, 35685 }, // ю
    { 16, 16, 18, 0, 16, 64, 35773 }, // я
    { 15, 23, 17, 1, 23, 87, 35837 }, // ѐ
    { 15, 22, 17, 1, 22, 83, 35924 }, // ё
    { 17, 29, 19, 0, 22, 124, 36007 }, // ђ
    { 12, 22, 14, 2, 22, 66, 36131 }, // ѓ
    { 14, 16, 15, 1, 16, 56, 36197 }, // є
    { 12, 16, 14, 1, 16, 48, 36253 }, // ѕ
    { 5, 22, 9, 2, 22, 28, 36301 }, // і
    { 7, 22, 9, 1, 22, 39, 36329 }, // ї
    { 9, 29, 9, -2, 22, 66, 36368 }, // ј
    { 26, 16, 27, 0, 16, 104, 36434 }, // љ
    { 24, 16, 27, 2, 16, 96, 36538 }, // њ
    { 17, 22, 19, 0, 22, 94, 36634 }, // ћ
    { 16, 22, 18, 2, 22, 88, 36728 }, // ќ
    { 15, 22, 19, 2, 22, 83, 36816 }, // ѝ
    { 17, 29, 17, 0, 22, 124, 36899 }, // ў
    { 15, 20, 19, 2, 16, 75, 37023 }, // џ
    { 27, 21, 28, 1, 21, 142, 37098 }, // Ѡ
    { 25, 16, 27, 1, 16, 100, 37240 }, // ѡ
    { 19, 21, 20, 0, 21, 100, 37340 }, // Ѣ
    { 18, 19, 20, 1, 19, 86, 37440 }, // ѣ
    { 25, 21, 28, 3, 21, 132, 37526 }, // Ѥ
    { 21, 16, 23, 2, 16, 84, 37658 }, // ѥ
    { 23, 21, 22, 0, 21, 121, 37742 }, // Ѧ
    { 20, 16, 18, -1, 16, 80, 37863 }, // ѧ
    { 28, 21, 30, 3, 21, 147, 37943 }, // Ѩ
    { 25, 16, 26, 2, 16, 100, 38090 }, // ѩ
    { 23, 21, 24, 1, 21, 121, 38190 }, // Ѫ
    { 19, 16, 17, -1, 16, 76, 38311 }, // ѫ
    { 28, 21, 31, 3, 21, 147, 38387 }, // Ѭ
    { 24, 16, 25, 2, 16, 96, 38534 }, // ѭ
    { 17, 33, 19, 1, 26, 141, 38630 }, // Ѯ
    { 15, 27, 17, 1, 20, 102, 38771 }, // ѯ
    { 21, 21, 26, 2, 21, 111, 38873 }, // Ѱ
    { 21, 29, 25, 2, 22, 153, 38984 }, // ѱ
    { 20, 21, 24, 2, 21, 105, 39137 }, // Ѳ
    { 15, 16, 17, 1, 16, 60, 39242 }, // ѳ
    { 21, 21, 21, 0, 21, 111, 39302 }, // Ѵ
    { 18, 16, 18, 0, 16, 72, 39413 }, // ѵ
    { 21, 27, 21, 0, 27, 142, 39485 }, // Ѷ
    { 18, 22, 18, 0, 22, 99, 39627 }, // ѷ
    { 37, 28, 39, 2, 21, 259, 39726 }, // Ѹ
    { 34, 23, 34, 1, 16, 196, 39985 }, // ѹ
    { 21, 24, 25, 2, 22, 126, 40181 }, // Ѻ
    { 17, 19, 19, 1, 17, 81, 40307 }, // ѻ
    { 29, 33, 32, 2, 33, 240, 40388 }, // Ѽ
    { 25, 27, 27, 1, 27, 169, 40628 }, // ѽ
    { 27, 26, 28, 1, 26, 176, 40797 }, // Ѿ
    { 24, 22, 26, 1, 22, 132, 40973 }, // ѿ
    { 18, 28, 20, 2, 21, 126, 41105 }, // Ҁ
    { 13, 23, 15, 1, 16, 75, 41231 }, // ҁ
    { 16, 20, 18, 1, 19, 80, 41306 }, // ҂
    { 11, 6, 0, -14, 21, 17, 41386 }, // ҃
    { 12, 6, 0, -14, 23, 18, 41403 }, // ҄
    { 5, 6, 0, -10, 23, 8, 41421 }, // ҅
    { 5, 6, 0, -10, 23, 8, 41429 }, // ҆
    { 12, 4, 0, -6, 26, 12, 41437 }, // ҇
    { 33, 30, 0, -16, 23, 248, 41449 }, // ҈
    { 32, 32, 0, -16, 24, 256, 41697 }, // ҉
    { 24, 33, 27, 3, 27, 198, 41953 }, // Ҋ
    { 21, 29, 23, 2, 23, 153, 42151 }, // ҋ
    { 17, 21, 19, 1, 21, 90, 42304 }, // Ҍ
    { 17, 22, 19, 1, 22, 94, 42394 }, // ҍ
    { 15, 21, 19, 3, 21, 79, 42488 }, // Ҏ
    { 15, 23, 18, 2, 16, 87, 42567 }, // ҏ
    { 14, 25, 17, 2, 25, 88, 42654 }, // Ґ
    { 12, 20, 15, 2, 20, 60, 42742 }, // ґ
    { 15, 21, 17, 1, 21, 79, 42802 }, // Ғ
    { 14, 16, 15, 1, 16, 56, 42881 }, // ғ
    { 18, 28, 22, 3, 21, 126, 42937 }, // Ҕ
    { 15, 23, 17, 2, 16, 87, 43063 }, // ҕ
    { 30, 27, 31, 0, 21, 203, 43150 }, // Җ
    { 28, 22, 28, 0, 16, 154, 43353 }, // җ
    { 15, 28, 18, 1, 21, 105, 43507 }, // Ҙ
    { 14, 23, 16, 1, 16, 81, 43612 }, // ҙ
    { 19, 27, 23, 3, 21, 129, 43693 }, // Қ
    { 17, 22, 20, 2, 16, 94, 43822 }, // қ
    { 17, 21, 19, 2, 21, 90, 43916 }, // Ҝ
    { 16, 16, 18, 2, 16, 64, 44006 }, // ҝ
    { 20, 21, 20, 1, 21, 105, 44070 }, // Ҟ
    { 19, 22, 19, 1, 22, 105, 44175 }, // ҟ
    { 22, 21, 22, 0, 21, 116, 44280 }, // Ҡ
    { 21, 16, 21, 0, 16, 84, 44396 }, // ҡ
    { 22, 27, 25, 3, 21, 149, 44480 }, // Ң
    { 19, 22, 22, 2, 16, 105, 44629 }, // ң
    { 22, 21, 25, 3, 21, 116, 44734 }, // Ҥ
    { 20, 16, 22, 2, 16, 80, 44850 }, // ҥ
    { 29, 28, 33, 3, 21, 203, 44930 }, // Ҧ
    { 23, 23, 26, 2, 16, 133, 45133 }, // ҧ
    { 20, 22, 23, 2, 21, 110, 45266 }, // Ҩ
    { 17, 17, 19, 1, 16, 73, 45376 }, // ҩ
    { 17, 28, 19, 2, 21, 119, 45449 }, // Ҫ
    { 13, 23, 15, 1, 16, 75, 45568 }, // ҫ
    { 16, 27, 18, 1, 21, 108, 45643 }, // Ҭ
    { 15, 22, 17, 1, 16, 83, 45751 }, // ҭ
    { 19, 21, 18, 0, 21, 100, 45834 }, // Ү
    { 18, 23, 17, -1, 16, 104, 45934 }, // ү
    { 20, 21, 18, -1, 21, 105, 46038 }, // Ұ
    { 19, 23, 17, -1, 16, 110, 46143 }, // ұ
    { 22, 27, 22, 0, 21, 149, 46253 }, // Ҳ
    { 19, 22, 19, 0, 16, 105, 46402 }, // ҳ
    { 26, 28, 28, 1, 21, 182, 46507 }, // Ҵ
    { 23, 22, 24, 1, 16, 127, 46689 }, // ҵ
    { 22, 27, 24, 2, 21, 149, 46816 }, // Ҷ
    { 20, 22, 22, 2, 16, 110, 46965 }, // ҷ
    { 17, 21, 21, 2, 21, 90, 47075 }, // Ҹ
    { 16, 16, 20, 2, 16, 64, 47165 }, // ҹ
    { 17, 21, 21, 2, 21, 90, 47229 }, // Һ
    { 15, 22, 19, 2, 22, 83, 47319 }, // һ
    { 26, 21, 28, 0, 21, 137, 47402 }, // Ҽ
    { 20, 16, 21, 0, 16, 80, 47539 }, // ҽ
    { 26, 26, 28, 0, 21, 169, 47619 }, // Ҿ
    { 20, 22, 21, 0, 16, 110, 47788 }, // ҿ
    { 9, 21, 11, 1, 21, 48, 47898 }, // Ӏ
    { 29, 27, 29, 0, 27, 196, 47946 }, // Ӂ
    { 26, 22, 26, 0, 22, 143, 48142 }, // ӂ
    { 18, 28, 22, 3, 21, 126, 48285 }, // Ӄ
    { 16, 23, 19, 2, 16, 92, 48411 }, // ӄ
    { 25, 27, 25, 0, 21, 169, 48503 }, // Ӆ
    { 21, 22, 21, 0, 16, 116, 48672 }, // ӆ
    { 17, 28, 23, 3, 21, 119, 48788 }, // Ӈ
    { 15, 23, 19, 2, 16, 87, 48907 }, // ӈ
    { 22, 27, 25, 3, 21, 149, 48994 }, // Ӊ
    { 20, 22, 22, 2, 16, 110, 49143 }, // ӊ
    { 17, 27, 21, 2, 21, 115, 49253 }, // Ӌ
    { 15, 22, 19, 2, 16, 83, 49368 }, // ӌ
    { 28, 27, 31, 3, 21, 189, 49451 }, // Ӎ
    { 25, 22, 27, 2, 16, 138, 49640 }, // ӎ
    { 9, 21, 11, 1, 21, 48, 49778 }, // ӏ
    { 21, 27, 20, 0, 27, 142, 49826 }, // Ӑ
    { 15, 23, 18, 1, 23, 87, 49968 }, // ӑ
    { 21, 27, 20, 0, 27, 142, 50055 }, // Ӓ
    { 15, 22, 18, 1, 22, 83, 50197 }, // ӓ
    { 27, 21, 28, 0, 21, 142, 50280 }, // Ӕ
    { 25, 16, 27, 1, 16, 100, 50422 }, // ӕ
    { 12, 27, 17, 3, 27, 81, 50522 }, // Ӗ
    { 15, 23, 17, 1, 23, 87, 50603 }, // ӗ
    { 20, 21, 23, 2, 21, 105, 50690 }, // Ә
    { 15, 16, 17, 1, 16, 60, 50795 }, // ә
    { 20, 27, 23, 2, 27, 135, 50855 }, // Ӛ
    { 15, 22, 17, 1, 22, 83, 50990 }, // ӛ
    { 29, 27, 29, 0, 27, 196, 51073 }, // Ӝ
    { 26, 22, 25, -1, 22, 143, 51269 }, // ӝ
    { 16, 27, 17, 0, 27, 108, 51412 }, // Ӟ
    { 14, 22, 15, 0, 22, 77, 51520 }, // ӟ
    { 16, 21, 17, 0, 21, 84, 51597 }, // Ӡ
    { 16, 23, 17, 0, 16, 92, 51681 }, // ӡ
    { 18, 26, 24, 3, 26, 117, 51773 }, // Ӣ
    { 15, 21, 19, 2, 21, 79, 51890 }, // ӣ
    { 18, 27, 24, 3, 27, 122, 51969 }, // Ӥ
    { 15, 22, 19, 2, 22, 83, 52091 }, // ӥ
    { 20, 27, 23, 2, 27, 135, 52174 }, // Ӧ
    { 16, 22, 18, 1, 22, 88, 52309 }, // ӧ
    { 20, 21, 24, 2, 21, 105, 52397 }, // Ө
    { 15, 16, 17, 1, 16, 60, 52502 }, // ө
    { 20, 27, 24, 2, 27, 135, 52562 }, // Ӫ
    { 15, 22, 17, 1, 22, 83, 52697 }, // ӫ
    { 17, 27, 19, 1, 27, 115, 52780 }, // Ӭ
    { 14, 22, 16, 1, 22, 77, 52895 }, // ӭ
    { 20, 26, 19, 0, 26, 130, 52972 }, // Ӯ
    { 18, 28, 17, -1, 21, 126, 53102 }, // ӯ
    { 20, 27, 19, -1, 27, 135, 53228 }, // Ӱ
    { 17, 29, 17, 0, 22, 124, 53363 }, // ӱ
    { 19, 27, 19, 0, 27, 129, 53487 }, // Ӳ
    { 18, 29, 17, -1, 22, 131, 53616 }, // ӳ
    { 17, 27, 21, 2, 27, 115, 53747 }, // Ӵ
    { 15, 22, 19, 2, 22, 83, 53862 }, // ӵ
    { 13, 27, 17, 3, 21, 88, 53945 }, // Ӷ
    { 11, 22, 14, 2, 16, 61, 54033 }, // ӷ
    { 22, 27, 27, 3, 27, 149, 54094 }, // Ӹ
    { 21, 22, 25, 2, 22, 116, 54243 }, // ӹ
    { 15, 28, 17, 1, 21, 105, 54359 }, // Ӻ
    { 14, 23, 15, 1, 16, 81, 54464 }, // ӻ
    { 22, 28, 21, -1, 21, 154, 54545 }, // Ӽ
    { 19, 23, 19, -1, 16, 110, 54699 }, // ӽ
    { 20, 21, 20, 0, 21, 105, 54809 }, // Ӿ
    { 18, 16, 16, -1, 16, 72, 54914 }, // ӿ
    { 0, 0, 15, 0, 0, 0, 54986 }, //  
    { 0, 0, 29, 0, 0, 0, 54986 }, //  
    { 0, 0, 15, 0, 0, 0, 54986 }, //  
    { 0, 0, 29, 0, 0, 0, 54986 }, //  
    { 0, 0, 10, 0, 0, 0, 54986 }, //  
    { 0, 0, 7, 0, 0, 0, 54986 }, //  
    { 0, 0, 5, 0, 0, 0, 54986 }, //  
    { 0, 0, 17, 0, 0, 0, 54986 }, //  
    { 0, 0, 8, 0, 0, 0, 54986 }, //  
    { 0, 0, 5, 0, 0, 0, 54986 }, //  
    { 0, 0, 3, 0, 0, 0, 54986 }, //  
    { 0, 0, 0, 0, 0, 0, 54986 }, // ​
    { 0, 0, 0, 0, 0, 0, 54986 }, // ‌
    { 0, 0, 0, 0, 0, 0, 54986 }, // ‍
    { 8, 25, 0, -1, 20, 50, 54986 }, // ‎
    { 7, 25, 0, -6, 20, 44, 55036 }, // ‏
    { 8, 4, 10, 1, 10, 8, 55080 }, // ‐
    { 8, 4, 10, 1, 10, 8, 55088 }, // ‑
    { 15, 4, 17, 1, 12, 15, 55096 }, // ‒
    { 12, 4, 14, 1, 10, 12, 55111 }, // –
    { 27, 4, 29, 1, 10, 27, 55123 }, // —
    { 27, 4, 29, 1, 10, 27, 55150 }, // ―
    { 11, 29, 17, 3, 22, 80, 55177 }, // ‖
    { 12, 6, 12, 0, 0, 18, 55257 }, // ‗
    { 6, 7, 6, 0, 21, 11, 55275 }, // ‘
    { 6, 7, 6, 0, 21, 11, 55286 }, // ’
    { 7, 7, 8, 0, 4, 13, 55297 }, // ‚
    { 6, 7, 6, 0, 21, 11, 55310 }, // ‛
    { 13, 7, 13, 0, 21, 23, 55321 }, // “
    { 13, 7, 13, 0, 21, 23, 55344 }, // ”
    { 14, 7, 15, 0, 3, 25, 55367 }, // „
    { 13, 7, 13, 0, 21, 23, 55392 }, // ‟
    { 12, 22, 15, 2, 22, 66, 55415 }, // †
    { 12, 22, 16, 2, 22, 66, 55481 }, // ‡
    { 8, 9, 10, 1, 15, 18, 55547 }, // •
    { 10, 12, 11, 2, 17, 30, 55565 }, // ‣
    { 5, 5, 14, 5, 5, 7, 55595 }, // ․
    { 14, 5, 17, 2, 5, 18, 55602 }, // ‥
    { 22, 5, 25, 2, 5, 28, 55620 }, // …
    { 5, 5, 8, 2, 10, 7, 55648 }, // ‧
    { 0, 0, 18, 0, 0, 0, 55655 }, //  
    { 0, 0, 18, 0, 0, 0, 55655 }, //  
    { 8, 22, 0, -1, 17, 44, 55655 }, // ‪
    { 7, 22, 0, -6, 17, 39, 55699 }, // ‫
    { 7, 24, 0, -3, 20, 42, 55738 }, // ‬
    { 8, 24, 0, -4, 20, 48, 55780 }, // ‭
    { 7, 24, 0, -3, 20, 42, 55828 }, // ‮
    { 0, 0, 5, 0, 0, 0, 55870 }, //  
    { 35, 21, 37, 1, 21, 184, 55870 }, // ‰
    { 47, 21, 49, 1, 21, 247, 56054 }, // ‱
    { 9, 8, 9, 1, 21, 18, 56301 }, // ′
    { 15, 7, 15, 1, 21, 27, 56319 }, // ″
    { 21, 7, 22, 1, 21, 37, 56346 }, // ‴
    { 9, 8, 12, 1, 21, 18, 56383 }, // ‵
    { 15, 7, 19, 1, 21, 27, 56401 }, // ‶
    { 22, 7, 25, 1, 21, 39, 56428 }, // ‷
    { 12, 10, 12, 0, 3, 30, 56467 }, // ‸
    { 9, 14, 11, 1, 15, 32, 56497 }, // ‹
    { 9, 14, 11, 1, 15, 32, 56529 }, // ›
    { 22, 21, 24, 1, 21, 116, 56561 }, // ※
    { 13, 21, 17, 2, 21, 69, 56677 }, // ‼
    { 14, 21, 15, 0, 21, 74, 56746 }, // ‽
    { 15, 4, 15, 0, 26, 15, 56820 }, // ‾
    { 18, 7, 18, 0, 0, 32, 56835 }, // ‿
    { 18, 7, 18, 0, 23, 32, 56867 }, // ⁀
    { 12, 18, 12, 0, 11, 54, 56899 }, // ⁁
    { 33, 26, 33, 0, 22, 215, 56953 }, // ⁂
    { 8, 4, 10, 1, 10, 8, 57168 }, // ⁃
    { 16, 21, 4, -6, 21, 84, 57176 }, // ⁄
    { 7, 26, 10, 2, 21, 46, 57260 }, // ⁅
    { 7, 26, 10, 1, 21, 46, 57306 }, // ⁆
    { 28, 21, 28, 0, 21, 147, 57352 }, // ⁇
    { 21, 21, 22, 0, 21, 111, 57499 }, // ⁈
    { 20, 21, 23, 2, 21, 105, 57610 }, // ⁉
    { 14, 16, 17, 1, 16, 56, 57715 }, // ⁊
    { 15, 26, 19, 2, 22, 98, 57771 }, // ⁋
    { 15, 16, 20, 2, 16, 60, 57869 }, // ⁌
    { 15, 16, 20, 3, 16, 60, 57929 }, // ⁍
    { 15, 14, 16, 0, 8, 53, 57989 }, // ⁎
    { 6, 20, 8, 2, 16, 30, 58042 }, // ⁏
    { 18, 30, 18, 0, 23, 135, 58072 }, // ⁐
    { 15, 28, 16, 0, 22, 105, 58207 }, // ⁑
    { 13, 21, 14, 0, 21, 69, 58312 }, // ⁒
    { 28, 5, 29, 1, 11, 35, 58381 }, // ⁓
    { 18, 7, 18, 0, 0, 32, 58416 }, // ⁔
    { 15, 14, 17, 1, 14, 53, 58448 }, // ⁕
    { 14, 21, 17, 2, 21, 74, 58501 }, // ⁖
    { 27, 7, 27, 1, 21, 48, 58575 }, // ⁗
    { 23, 21, 26, 2, 21, 121, 58623 }, // ⁘
    { 23, 21, 26, 2, 21, 121, 58744 }, // ⁙
    { 5, 21, 8, 2, 21, 27, 58865 }, // ⁚
    { 17, 23, 20, 2, 23, 98, 58892 }, // ⁛
    { 23, 22, 25, 1, 22, 127, 58990 }, // ⁜
    { 5, 22, 8, 2, 22, 28, 59117 }, // ⁝
    { 5, 21, 8, 2, 21, 27, 59145 }, // ⁞
    { 0, 0, 6, 0, 0, 0, 59172 }, //  
    { 0, 0, 18, 0, 0, 0, 59172 }, // ⁠
    { 0, 0, 18, 0, 0, 0, 59172 }, // ⁡
    { 0, 0, 18, 0, 0, 0, 59172 }, // ⁢
    { 0, 0, 18, 0, 0, 0, 59172 }, // ⁣
    { 0, 0, 18, 0, 0, 0, 59172 }, // ⁤
    { 0, 0, 0, 0, 0, 0, 59172 }, // ⁦
    { 0, 0, 0, 0, 0, 0, 59172 }, // ⁧
    { 0, 0, 0, 0, 0, 0, 59172 }, // ⁨
    { 0, 0, 0, 0, 0, 0, 59172 }, // ⁩
    { 7, 24, 0, -3, 20, 42, 59172 }, // ⁪
    { 8, 24, 0, -4, 20, 48, 59214 }, // ⁫
    { 7, 24, 0, -3, 20, 42, 59262 }, // ⁬
    { 7, 24, 0, -3, 20, 42, 59304 }, // ⁭
    { 7, 24, 0, -3, 20, 42, 59346 }, // ⁮
    { 7, 24, 0, -3, 20, 42, 59388 }, // ⁯
    { 10, 13, 12, 1, 25, 33, 59430 }, // ⁰
    { 3, 14, 5, 1, 22, 11, 59463 }, // ⁱ
    { 10, 14, 12, 1, 25, 35, 59474 }, // ⁴
    { 10, 13, 11, 1, 25, 33, 59509 }, // ⁵
    { 10, 13, 12, 1, 25, 33, 59542 }, // ⁶
    { 10, 13, 12, 1, 25, 33, 59575 }, // ⁷
    { 10, 13, 12, 1, 25, 33, 59608 }, // ⁸
    { 10, 13, 12, 1, 25, 33, 59641 }, // ⁹
    { 8, 8, 10, 1, 21, 16, 59674 }, // ⁺
    { 8, 2, 10, 1, 18, 4, 59690 }, // ⁻
    { 8, 5, 10, 1, 20, 10, 59694 }, // ⁼
    { 6, 16, 7, 2, 26, 24, 59704 }, // ⁽
    { 6, 16, 8, 0, 26, 24, 59728 }, // ⁾
    { 10, 10, 12, 1, 18, 25, 59752 }, // ⁿ
    { 10, 13, 12, 1, 9, 33, 59777 }, // ₀
    { 8, 13, 12, 1, 9, 26, 59810 }, // ₁
    { 10, 13, 11, 0, 9, 33, 59836 }, // ₂
    { 11, 13, 11, 0, 9, 36, 59869 }, // ₃
    { 10, 14, 12, 1, 10, 35, 59905 }, // ₄
    { 10, 13, 11, 1, 9, 33, 59940 }, // ₅
    { 10, 13, 12, 1, 9, 33, 59973 }, // ₆
    { 10, 13, 12, 1, 9, 33, 60006 }, // ₇
    { 10, 14, 12, 1, 10, 35, 60039 }, // ₈
    { 10, 13, 12, 1, 9, 33, 60074 }, // ₉
    { 8, 9, 10, 1, 7, 18, 60107 }, // ₊
    { 8, 3, 10, 1, 4, 6, 60125 }, // ₋
    { 8, 5, 10, 1, 5, 10, 60131 }, // ₌
    { 6, 16, 7, 2, 11, 24, 60141 }, // ₍
    { 6, 16, 8, 0, 11, 24, 60165 }, // ₎
    { 9, 10, 11, 1, 7, 23, 60189 }, // ₐ
    { 10, 10, 12, 1, 7, 25, 60212 }, // ₑ
    { 10, 10, 12, 1, 7, 25, 60237 }, // ₒ
    { 11, 10, 11, 0, 7, 28, 60262 }, // ₓ
    { 10, 10, 12, 1, 7, 25, 60290 }, // ₔ
    { 10, 14, 12, 1, 11, 35, 60315 }, // ₕ
    { 11, 14, 11, 1, 11, 39, 60350 }, // ₖ
    { 3, 14, 5, 1, 11, 11, 60389 }, // ₗ
    { 16, 10, 18, 1, 7, 40, 60400 }, // ₘ
    { 10, 10, 12, 1, 7, 25, 60440 }, // ₙ
    { 10, 14, 12, 1, 7, 35, 60465 }, // ₚ
    { 8, 10, 10, 1, 7, 20, 60500 }, // ₛ
    { 7, 12, 9, 1, 9, 21, 60520 }, // ₜ
    { 16, 21, 17, 1, 21, 84, 60541 }, // ₠
    { 17, 24, 18, 1, 22, 102, 60625 }, // ₡
    { 16, 21, 17, 1, 21, 84, 60727 }, // ₢
    { 15, 21, 17, 1, 21, 79, 60811 }, // ₣
    { 15, 21, 17, 1, 21, 79, 60890 }, // ₤
    { 25, 22, 29, 2, 19, 138, 60969 }, // ₥
    { 16, 21, 18, 1, 21, 84, 61107 }, // ₦
    { 23, 21, 26, 2, 21, 121, 61191 }, // ₧
    { 24, 21, 27, 2, 21, 126, 61312 }, // ₨
    { 21, 21, 23, 1, 21, 111, 61438 }, // ₩
    { 22, 21, 26, 2, 21, 116, 61549 }, // ₪
    { 17, 26, 19, 1, 22, 111, 61665 }, // ₫
    { 16, 21, 17, 1, 21, 84, 61776 }, // €
    { 17, 21, 17, 1, 21, 90, 61860 }, // ₭
    { 16, 21, 18, 1, 21, 84, 61950 }, // ₮
    { 28, 28, 29, 0, 21, 196, 62034 }, // ₯
    { 17, 28, 18, -1, 21, 119, 62230 }, // ₰
    { 16, 21, 18, 1, 21, 84, 62349 }, // ₱
    { 17, 24, 22, 2, 22, 102, 62433 }, // ₲
    { 20, 21, 20, 0, 21, 105, 62535 }, // ₳
    { 16, 21, 18, 1, 21, 84, 62640 }, // ₴
    { 16, 24, 19, 2, 22, 96, 62724 }, // ₵
    { 19, 19, 20, 1, 19, 91, 62820 }, // ₶
    { 20, 23, 22, 1, 21, 115, 62911 }, // ₷
    { 15, 21, 17, 1, 21, 79, 63026 }, // ₸
    { 13, 21, 17, 2, 21, 69, 63105 }, // ₹
    { 16, 21, 18, 1, 21, 84, 63174 }, // ₺
    { 23, 21, 25, 1, 21, 121, 63258 }, // ₻
    { 23, 21, 25, 1, 21, 121, 63379 }, // ₼
    { 18, 21, 18, 0, 21, 95, 63500 }, // ₽
    { 20, 22, 24, 2, 22, 110, 63595 }, // ₾
    { 13, 26, 17, 3, 23, 85, 63705 }, // ₿
    { 13, 21, 15, 1, 16, 69, 63790 }, // ⃀
    { 15, 4, 17, 1, 12, 15, 63859 }, // −
    { 27, 27, 29, 1, 22, 183, 63874 }, // �
};

static const EpdUnicodeInterval notosans_14_boldIntervals[] = {
    { 0x0, 0x0, 0x0 },
    { 0xD, 0xD, 0x1 },
    { 0x20, 0x7E, 0x2 },
    { 0xA0, 0xFF, 0x61 },
    { 0x100, 0x17F, 0xC1 },
    { 0x300, 0x36F, 0x141 },
    { 0x400, 0x4FF, 0x1B1 },
    { 0x2000, 0x2064, 0x2B1 },
    { 0x2066, 0x206F, 0x316 },
    { 0x2070, 0x2071, 0x320 },
    { 0x2074, 0x208E, 0x322 },
    { 0x2090, 0x209C, 0x33D },
    { 0x20A0, 0x20C0, 0x34A },
    { 0x2212, 0x2212, 0x36B },
    { 0xFFFD, 0xFFFD, 0x36C },
};

static const EpdFontData notosans_14_bold = {
    notosans_14_boldBitmaps,
    notosans_14_boldGlyphs,
    notosans_14_boldIntervals,
    15,
    40,
    32,
    -9,
    true,
};
