/**
 * generated by fontconvert.py
 * name: notosans_18_bolditalic
 * size: 18
 * mode: 2-bit
 */
#pragma once
#include "EpdFontData.h"

static const uint8_t notosans_18_bolditalicBitmaps[115753] = {
    0x00, 0x1F, 0xFF, 0x00, 0x2F, 0xFE, 0x00, 0x3F, 0xFD, 0x00, 0x3F, 0xFC, 0x00, 0x3F, 0xFC, 0x00,
    0x7F, 0xF4, 0x00, 0xBF, 0xF0, 0x00, 0xBF, 0xF0, 0x00, 0xFF, 0xE0, 0x00, 0xFF, 0xD0, 0x00, 0xFF,
    0xC0, 0x01, 0xFF, 0xC0, 0x02, 0xFF, 0x80, 0x02, 0xFF, 0x40, 0x03, 0xFF, 0x00, 0x03, 0xFF, 0x00,
    0x03, 0xFE, 0x00, 0x07, 0xFD, 0x00, 0x00, 0x00, 0x00, 0x00, 0x00, 0x00, 0x00, 0x00, 0x00, 0x0B,
    0xF0, 0x00, 0x3F, 0xFC, 0x00, 0x7F, 0xFC, 0x00, 0xBF, 0xFC, 0x00, 0x7F, 0xF4, 0x00, 0x2F, 0xD0,
    0x00, 0x0F, 0xFC, 0x2F, 0xF4, 0x3F, 0xE0, 0xFF, 0xC1, 0xFF, 0x43, 0xFF, 0x07, 0xFC, 0x0F, 0xF8,
    0x2F, 0xF0, 0x3F, 0xC0, 0xBF, 0x81, 0xFF, 0x03, 0xFD, 0x07, 0xF8, 0x0F, 0xF0, 0x2F, 0xD0, 0x3F,
    0x80, 0xBF, 0x01, 0xFD, 0x03, 0xFC, 0x00, 0x00, 0x00, 0x0B, 0xF4, 0x0F, 0xF0, 0x00, 0x00, 0x03,
    0xFC, 0x03, 0xF8, 0x00, 0x00, 0x00, 0xFF, 0x02, 0xFD, 0x00, 0x00, 0x00, 0x7F, 0x80, 0xFF, 0x00,
    0x00, 0x00, 0x3F, 0xC0, 0x3F, 0xC0, 0x00, 0x00, 0x0F, 0xF0, 0x1F, 0xD0, 0x00, 0x00, 0x07, 0xF8,
    0x0F, 0xF0, 0x00, 0x0F, 0xFF, 0xFF, 0xFF, 0xFF, 0xFD, 0x03, 0xFF, 0xFF, 0xFF, 0xFF, 0xFF, 0x40,
    0xFF, 0xFF, 0xFF, 0xFF, 0xFF, 0xC0, 0x3F, 0xFF, 0xFF, 0xFF, 0xFF, 0xF0, 0x00, 0x0B, 0xF4, 0x0F,
    0xF0, 0x00, 0x00, 0x03, 0xFC, 0x07, 0xF8, 0x00, 0x00, 0x00, 0xFF, 0x02, 0xFD, 0x00, 0x00, 0x00,
    0x7F, 0x80, 0xFF, 0x00, 0x00, 0x00, 0x2F, 0xD0, 0x3F, 0xC0, 0x00, 0x3F, 0xFF, 0xFF, 0xFF, 0xFF,
    0xF4, 0x0F, 0xFF, 0xFF, 0xFF, 0xFF, 0xFD, 0x03, 0xFF, 0xFF, 0xFF, 0xFF, 0xFF, 0x00, 0xFF, 0xFF,
    0xFF, 0xFF, 0xFF, 0xC0, 0x00, 0x3F, 0xC0, 0xBF, 0x80, 0x00, 0x00, 0x1F, 0xE0, 0x3F, 0xC0, 0x00,
    0x00, 0x0B, 0xF4, 0x0F, 0xF0, 0x00, 0x00, 0x03, 0xFC, 0x07, 0xF8, 0x00, 0x00, 0x00, 0xFE, 0x02,
    0xFD, 0x00, 0x00, 0x00, 0xBF, 0x40, 0xFF, 0x00, 0x00, 0x00, 0x3F, 0xC0, 0x7F, 0x80, 0x00, 0x00,
    0x00, 0x00, 0x00, 0x3E, 0x00, 0x00, 0x00, 0x00, 0x0F, 0x40, 0x00, 0x00, 0x00, 0x07, 0xC0, 0x00,
    0x00, 0x01, 0xBF, 0xFF, 0x90, 0x00, 0x07, 0xFF, 0xFF, 0xFF, 0x40, 0x07, 0xFF, 0xFF, 0xFF, 0xC0,
    0x03, 0xFF, 0xFF, 0xFF, 0xD0, 0x03, 0xFF, 0xDB, 0xC1, 0xF0, 0x00, 0xFF, 0xD2, 0xF0, 0x00, 0x00,
    0x3F, 0xF0, 0xF8, 0x00, 0x00, 0x0F, 0xFD, 0x3D, 0x00, 0x00, 0x03, 0xFF, 0xFF, 0x00, 0x00, 0x00,
    0xBF, 0xFF, 0xD0, 0x00, 0x00, 0x0F, 0xFF, 0xFF, 0x40, 0x00, 0x00, 0xFF, 0xFF, 0xF8, 0x00, 0x00,
    0x0B, 0xFF, 0xFF, 0x80, 0x00, 0x00, 0x2F, 0xFF, 0xF4, 0x00, 0x00, 0x0B, 0xFF, 0xFE, 0x00, 0x00,
    0x03, 0xE3, 0xFF, 0xC0, 0x00, 0x00, 0xF8, 0xBF, 0xF0, 0x10, 0x00, 0x3D, 0x2F, 0xFC, 0x0F, 0x40,
    0x1F, 0x1F, 0xFE, 0x03, 0xFF, 0xAF, 0xFF, 0xFF, 0x40, 0xFF, 0xFF, 0xFF, 0xFF, 0xC0, 0x3F, 0xFF,
    0xFF, 0xFF, 0xC0, 0x0B, 0xFF, 0xFF, 0xFF, 0x80, 0x00, 0x1B, 0xFF, 0xFE, 0x00, 0x00, 0x00, 0x0B,
    0xC0, 0x00, 0x00, 0x00, 0x03, 0xE0, 0x00, 0x00, 0x00, 0x00, 0xF4, 0x00, 0x00, 0x00, 0x00, 0x28,
    0x00, 0x00, 0x00, 0x00, 0x2F, 0xF4, 0x00, 0x00, 0x0F, 0xF0, 0x00, 0x7F, 0xFF, 0x80, 0x00, 0x0F,
    0xF4, 0x00, 0x7F, 0xFF, 0xF4, 0x00, 0x0B, 0xF8, 0x00, 0x3F, 0xFF, 0xFF, 0x00, 0x07, 0xFC, 0x00,
    0x2F, 0xF4, 0xBF, 0xC0, 0x03, 0xFC, 0x00, 0x0F, 0xF8, 0x1F, 0xF0, 0x03, 0xFD, 0x00, 0x07, 0xFD,
    0x0B, 0xFC, 0x02, 0xFE, 0x00, 0x02, 0xFF, 0x02, 0xFF, 0x01, 0xFF, 0x00, 0x00, 0xFF, 0xC0, 0xFF,
    0x80, 0xFF, 0x00, 0x00, 0x3F, 0xE0, 0x3F, 0xD0, 0xFF, 0x40, 0x00, 0x0F, 0xF8, 0x2F, 0xF0, 0xBF,
    0x86, 0xFE, 0x03, 0xFF, 0x1F, 0xF8, 0x7F, 0xCB, 0xFF, 0xF4, 0xBF, 0xFF, 0xFC, 0x3F, 0xDB, 0xFF,
    0xFF, 0x1F, 0xFF, 0xFE, 0x3F, 0xE7, 0xFF, 0xFF, 0xD2, 0xFF, 0xFE, 0x2F, 0xF3, 0xFF, 0x4F, 0xF8,
    0x1F, 0xF8, 0x1F, 0xF0, 0xFF, 0x83, 0xFE, 0x00, 0x00, 0x0F, 0xF4, 0xBF, 0xC0, 0xFF, 0x80, 0x00,
    0x0B, 0xF8, 0x3F, 0xF0, 0x3F, 0xE0, 0x00, 0x07, 0xFC, 0x0F, 0xF8, 0x0F, 0xF8, 0x00, 0x03, 0xFC,
    0x03, 0xFD, 0x07, 0xFD, 0x00, 0x03, 0xFD, 0x00, 0xFF, 0x42, 0xFF, 0x00, 0x02, 0xFE, 0x00, 0x3F,
    0xD0, 0xFF, 0xC0, 0x01, 0xFF, 0x00, 0x0F, 0xF8, 0xBF, 0xD0, 0x00, 0xFF, 0x00, 0x03, 0xFF, 0xFF,
    0xF0, 0x00, 0xFF, 0x40, 0x00, 0xBF, 0xFF, 0xF0, 0x00, 0xBF, 0x80, 0x00, 0x0F, 0xFF, 0xF4, 0x00,
    0x7F, 0xC0, 0x00, 0x00, 0x7F, 0xE0, 0x00, 0x00, 0x00, 0x0B, 0xFF, 0x40, 0x00, 0x00, 0x00, 0x0B,
    0xFF, 0xFF, 0x00, 0x00, 0x00, 0x03, 0xFF, 0xFF, 0xFC, 0x00, 0x00, 0x00, 0xBF, 0xFF, 0xFF, 0xD0,
    0x00, 0x00, 0x0F, 0xFF, 0xAF, 0xFF, 0x00, 0x00, 0x01, 0xFF, 0xC0, 0x7F, 0xF0, 0x00, 0x00, 0x2F,
    0xF8, 0x07, 0xFF, 0x00, 0x00, 0x02, 0xFF, 0x40, 0x7F, 0xE0, 0x00, 0x00, 0x2F, 0xF4, 0x0F, 0xFD,
    0x00, 0x00, 0x02, 0xFF, 0x83, 0xFF, 0xC0, 0x00, 0x00, 0x1F, 0xFE, 0xFF, 0xF0, 0x00, 0x00, 0x00,
    0xFF, 0xFF, 0xFC, 0x00, 0x00, 0x00, 0x0B, 0xFF, 0xFD, 0x00, 0x00, 0x00, 0x03, 0xFF, 0xFE, 0x00,
    0x2F, 0xFC, 0x02, 0xFF, 0xFF, 0xF0, 0x03, 0xFF, 0x40, 0xBF, 0xFF, 0xFF, 0x80, 0x7F, 0xF0, 0x2F,
    0xFE, 0x2F, 0xFE, 0x0F, 0xFD, 0x03, 0xFF, 0xC0, 0xFF, 0xF6, 0xFF, 0xC0, 0xBF, 0xF0, 0x03, 0xFF,
    0xFF, 0xF0, 0x0B, 0xFF, 0x00, 0x1F, 0xFF, 0xFD, 0x00, 0xFF, 0xF0, 0x00, 0xBF, 0xFF, 0x80, 0x0B,
    0xFF, 0x80, 0x07, 0xFF, 0xE0, 0x00, 0x7F, 0xFF, 0xAB, 0xFF, 0xFF, 0x00, 0x03, 0xFF, 0xFF, 0xFF,
    0xFF, 0xFC, 0x00, 0x1F, 0xFF, 0xFF, 0xFF, 0xFF, 0xE0, 0x00, 0x7F, 0xFF, 0xFF, 0x9F, 0xFF, 0x00,
    0x00, 0x6F, 0xFE, 0x40, 0xBF, 0xFC, 0x00, 0x0F, 0xFC, 0x0F, 0xF8, 0x1F, 0xF4, 0x1F, 0xF0, 0x2F,
    0xF0, 0x2F, 0xE0, 0x3F, 0xD0, 0x3F, 0xC0, 0x3F, 0x80, 0x7F, 0x40, 0x00, 0x00, 0x3F, 0xF0, 0x00,
    0x03, 0xFF, 0x00, 0x00, 0x2F, 0xF4, 0x00, 0x01, 0xFF, 0x80, 0x00, 0x0F, 0xFC, 0x00, 0x00, 0xFF,
    0xC0, 0x00, 0x07, 0xFE, 0x00, 0x00, 0x3F, 0xF0, 0x00, 0x02, 0xFF, 0x40, 0x00, 0x0F, 0xFC, 0x00,
    0x00, 0x7F, 0xE0, 0x00, 0x03, 0xFF, 0x00, 0x00, 0x0F, 0xFC, 0x00, 0x00, 0xBF, 0xD0, 0x00, 0x03,
    0xFF, 0x00, 0x00, 0x0F, 0xFC, 0x00, 0x00, 0x3F, 0xE0, 0x00, 0x01, 0xFF, 0x80, 0x00, 0x07, 0xFD,
    0x00, 0x00, 0x2F, 0xF4, 0x00, 0x00, 0xBF, 0xD0, 0x00, 0x02, 0xFF, 0x00, 0x00, 0x0B, 0xFC, 0x00,
    0x00, 0x2F, 0xF4, 0x00, 0x00, 0xBF, 0xD0, 0x00, 0x01, 0xFF, 0x40, 0x00, 0x03, 0xFE, 0x00, 0x00,
    0x0F, 0xFC, 0x00, 0x00, 0x3F, 0xF0, 0x00, 0x00, 0x7F, 0xC0, 0x00, 0x00, 0xFF, 0x80, 0x00, 0x02,
    0xFF, 0x00, 0x00, 0x03, 0xFC, 0x00, 0x00, 0x00, 0x01, 0xFF, 0x00, 0x00, 0x03, 0xFD, 0x00, 0x00,
    0x0F, 0xFC, 0x00, 0x00, 0x1F, 0xF0, 0x00, 0x00, 0x7F, 0xD0, 0x00, 0x00, 0xFF, 0x80, 0x00, 0x03,
    0xFF, 0x00, 0x00, 0x0B, 0xFC, 0x00, 0x00, 0x2F, 0xF0, 0x00, 0x00, 0xBF, 0xD0, 0x00, 0x01, 0xFF,
    0x40, 0x00, 0x07, 0xFD, 0x00, 0x00, 0x1F, 0xF4, 0x00, 0x00, 0xBF, 0xD0, 0x00, 0x02, 0xFF, 0x40,
    0x00, 0x0B, 0xFC, 0x00, 0x00, 0x3F, 0xF0, 0x00, 0x00, 0xFF, 0xC0, 0x00, 0x07, 0xFE, 0x00, 0x00,
    0x2F, 0xF4, 0x00, 0x00, 0xFF, 0xC0, 0x00, 0x03, 0xFF, 0x00, 0x00, 0x2F, 0xF4, 0x00, 0x00, 0xFF,
    0xC0, 0x00, 0x07, 0xFE, 0x00, 0x00, 0x3F, 0xF0, 0x00, 0x02, 0xFF, 0x80, 0x00, 0x0F, 0xFC, 0x00,
    0x00, 0xBF, 0xD0, 0x00, 0x07, 0xFE, 0x00, 0x00, 0x3F, 0xF0, 0x00, 0x03, 0xFF, 0x00, 0x00, 0x2F,
    0xF0, 0x00, 0x00, 0xAA, 0x00, 0x00, 0x00, 0x00, 0x00, 0x00, 0x00, 0x00, 0x00, 0x02, 0xF9, 0x00,
    0x00, 0x00, 0x0B, 0xFC, 0x00, 0x00, 0x00, 0x2F, 0xE0, 0x00, 0x00, 0x00, 0xFF, 0x40, 0x00, 0xB8,
    0x03, 0xFC, 0x00, 0x03, 0xFE, 0x0F, 0xE0, 0x00, 0x1F, 0xFF, 0xBF, 0x40, 0x00, 0xBF, 0xFF, 0xFF,
    0xFF, 0xF0, 0x1B, 0xFF, 0xFF, 0xFF, 0xC0, 0x01, 0xFF, 0xFF, 0xFF, 0x00, 0x0F, 0xFF, 0xEF, 0xFC,
    0x00, 0xFF, 0xFF, 0x00, 0x00, 0x0F, 0xFD, 0xFE, 0x00, 0x01, 0xFF, 0xD3, 0xFC, 0x00, 0x07, 0xFE,
    0x0F, 0xF8, 0x00, 0x03, 0xF0, 0x2F, 0xF0, 0x00, 0x02, 0x00, 0x7F, 0xD0, 0x00, 0x00, 0x00, 0xE4,
    0x00, 0x00, 0x00, 0x00, 0x00, 0x00, 0x00, 0x00, 0xFF, 0x00, 0x00, 0x00, 0x00, 0xFF, 0x00, 0x00,
    0x00, 0x00, 0xFF, 0x00, 0x00, 0x00, 0x00, 0xFF, 0x00, 0x00, 0x00, 0x00, 0xFF, 0x00, 0x00, 0x00,
    0x00, 0xFF, 0x00, 0x00, 0x2A, 0xAA, 0xFF, 0xAA, 0xA8, 0x3F, 0xFF, 0xFF, 0xFF, 0xFC, 0x3F, 0xFF,
    0xFF, 0xFF, 0xFC, 0x3F, 0xFF, 0xFF, 0xFF, 0xFC, 0x3F, 0xFF, 0xFF, 0xFF, 0xFC, 0x00, 0x00, 0xFF,
    0x00, 0x00, 0x00, 0x00, 0xFF, 0x00, 0x00, 0x00, 0x00, 0xFF, 0x00, 0x00, 0x00, 0x00, 0xFF, 0x00,
    0x00, 0x00, 0x00, 0xFF, 0x00, 0x00, 0x00, 0x00, 0xFF, 0x00, 0x00, 0x00, 0x00, 0xFF, 0x00, 0x00,
    0x01, 0xFF, 0xC0, 0x3F, 0xF8, 0x03, 0xFF, 0x00, 0xBF, 0xE0, 0x0F, 0xFC, 0x01, 0xFF, 0x80, 0x2F,
    0xF0, 0x03, 0xFD, 0x00, 0xBF, 0x80, 0x00, 0x0A, 0xAA, 0xA8, 0x2F, 0xFF, 0xFC, 0x3F, 0xFF, 0xFC,
    0x3F, 0xFF, 0xF8, 0x7F, 0xFF, 0xF4, 0x0B, 0xE0, 0xFF, 0xEB, 0xFF, 0xEF, 0xFE, 0xBF, 0xF4, 0xBF,
    0x40, 0x00, 0x00, 0x00, 0x03, 0xFF, 0x40, 0x00, 0x00, 0x01, 0xFF, 0xC0, 0x00, 0x00, 0x00, 0xFF,
    0xC0, 0x00, 0x00, 0x00, 0x7F, 0xE0, 0x00, 0x00, 0x00, 0x3F, 0xF0, 0x00, 0x00, 0x00, 0x2F, 0xF8,
    0x00, 0x00, 0x00, 0x0F, 0xFC, 0x00, 0x00, 0x00, 0x0B, 0xFD, 0x00, 0x00, 0x00, 0x07, 0xFF, 0x00,
    0x00, 0x00, 0x03, 0xFF, 0x40, 0x00, 0x00, 0x01, 0xFF, 0x80, 0x00, 0x00, 0x00, 0xFF, 0xC0, 0x00,
    0x00, 0x00, 0xBF, 0xE0, 0x00, 0x00, 0x00, 0x3F, 0xF0, 0x00, 0x00, 0x00, 0x2F, 0xF8, 0x00, 0x00,
    0x00, 0x0F, 0xFC, 0x00, 0x00, 0x00, 0x0F, 0xFD, 0x00, 0x00, 0x00, 0x07, 0xFF, 0x00, 0x00, 0x00,
    0x03, 0xFF, 0x40, 0x00, 0x00, 0x01, 0xFF, 0x80, 0x00, 0x00, 0x00, 0xFF, 0xC0, 0x00, 0x00, 0x00,
    0xBF, 0xE0, 0x00, 0x00, 0x00, 0x3F, 0xF0, 0x00, 0x00, 0x00, 0x2F, 0xF4, 0x00, 0x00, 0x00, 0x1F,
    0xFC, 0x00, 0x00, 0x00, 0x0F, 0xFD, 0x00, 0x00, 0x00, 0x07, 0xFF, 0x00, 0x00, 0x00, 0x00, 0x00,
    0x00, 0x6F, 0xF9, 0x00, 0x00, 0x03, 0xFF, 0xFF, 0x80, 0x00, 0x1F, 0xFF, 0xFF, 0xF0, 0x00, 0x7F,
    0xFF, 0xFF, 0xF4, 0x00, 0xFF, 0xFE, 0xFF, 0xFC, 0x02, 0xFF, 0xE0, 0x3F, 0xFC, 0x07, 0xFF, 0x80,
    0x1F, 0xFC, 0x0F, 0xFF, 0x00, 0x1F, 0xFD, 0x0F, 0xFE, 0x00, 0x0F, 0xFD, 0x2F, 0xFD, 0x00, 0x1F,
    0xFD, 0x3F, 0xFC, 0x00, 0x1F, 0xFD, 0x3F, 0xF8, 0x00, 0x1F, 0xFC, 0x7F, 0xF4, 0x00, 0x2F, 0xFC,
    0x7F, 0xF4, 0x00, 0x2F, 0xFC, 0xBF, 0xF0, 0x00, 0x3F, 0xFC, 0xBF, 0xF0, 0x00, 0x3F, 0xF8, 0xBF,
    0xF0, 0x00, 0x7F, 0xF4, 0xFF, 0xF0, 0x00, 0xBF, 0xF0, 0xFF, 0xF0, 0x00, 0xFF, 0xF0, 0xFF, 0xF0,
    0x02, 0xFF, 0xD0, 0xBF, 0xF0, 0x03, 0xFF, 0xC0, 0x7F, 0xF4, 0x0F, 0xFF, 0x40, 0x3F, 0xFE, 0xBF,
    0xFF, 0x00, 0x3F, 0xFF, 0xFF, 0xFC, 0x00, 0x0F, 0xFF, 0xFF, 0xF0, 0x00, 0x07, 0xFF, 0xFF, 0x80,
    0x00, 0x00, 0x7F, 0xF8, 0x00, 0x00, 0x00, 0x00, 0x1F, 0xFC, 0x00, 0x00, 0xBF, 0xFC, 0x00, 0x07,
    0xFF, 0xF8, 0x00, 0x3F, 0xFF, 0xF8, 0x02, 0xFF, 0xFF, 0xF4, 0x1F, 0xFF, 0xFF, 0xF0, 0x7F, 0xFF,
    0xFF, 0xF0, 0x3F, 0xFD, 0xBF, 0xE0, 0x1F, 0xE0, 0xFF, 0xD0, 0x0F, 0x40, 0xFF, 0xD0, 0x00, 0x01,
    0xFF, 0xC0, 0x00, 0x02, 0xFF, 0xC0, 0x00, 0x03, 0xFF, 0x80, 0x00, 0x03, 0xFF, 0x40, 0x00, 0x07,
    0xFF, 0x00, 0x00, 0x0B, 0xFF, 0x00, 0x00, 0x0B, 0xFF, 0x00, 0x00, 0x0F, 0xFE, 0x00, 0x00, 0x0F,
    0xFD, 0x00, 0x00, 0x1F, 0xFC, 0x00, 0x00, 0x2F, 0xFC, 0x00, 0x00, 0x3F, 0xFC, 0x00, 0x00, 0x3F,
    0xF8, 0x00, 0x00, 0x3F, 0xF4, 0x00, 0x00, 0x7F, 0xF0, 0x00, 0x00, 0xBF, 0xF0, 0x00, 0x00, 0xFF,
    0xE0, 0x00, 0x00, 0x00, 0x1B, 0xFF, 0x80, 0x00, 0x00, 0x1F, 0xFF, 0xFF, 0x80, 0x00, 0x0F, 0xFF,
    0xFF, 0xFE, 0x00, 0x07, 0xFF, 0xFF, 0xFF, 0xF4, 0x00, 0x3F, 0xFE, 0xAF, 0xFF, 0xC0, 0x01, 0xFE,
    0x00, 0x3F, 0xFC, 0x00, 0x0B, 0x00, 0x02, 0xFF, 0xC0, 0x00, 0x00, 0x00, 0x2F, 0xFC, 0x00, 0x00,
    0x00, 0x02, 0xFF, 0xC0, 0x00, 0x00, 0x00, 0x3F, 0xF8, 0x00, 0x00, 0x00, 0x0B, 0xFF, 0x40, 0x00,
    0x00, 0x02, 0xFF, 0xF0, 0x00, 0x00, 0x00, 0x7F, 0xFC, 0x00, 0x00, 0x00, 0x1F, 0xFF, 0x40, 0x00,
    0x00, 0x07, 0xFF, 0xD0, 0x00, 0x00, 0x02, 0xFF, 0xF4, 0x00, 0x00, 0x00, 0xBF, 0xFD, 0x00, 0x00,
    0x00, 0x3F, 0xFF, 0x40, 0x00, 0x00, 0x0F, 0xFF, 0xC0, 0x00, 0x00, 0x03, 0xFF, 0xF0, 0x00, 0x00,
    0x01, 0xFF, 0xF8, 0x00, 0x00, 0x00, 0x7F, 0xFD, 0x00, 0x00, 0x00, 0x1F, 0xFF, 0xEA, 0xAA, 0xA4,
    0x03, 0xFF, 0xFF, 0xFF, 0xFF, 0x40, 0x7F, 0xFF, 0xFF, 0xFF, 0xF4, 0x0B, 0xFF, 0xFF, 0xFF, 0xFF,
    0x00, 0xFF, 0xFF, 0xFF, 0xFF, 0xF0, 0x00, 0x00, 0x00, 0x6F, 0xFE, 0x40, 0x00, 0x02, 0xFF, 0xFF,
    0xFC, 0x00, 0x0B, 0xFF, 0xFF, 0xFF, 0xC0, 0x01, 0xFF, 0xFF, 0xFF, 0xF8, 0x00, 0x2F, 0xFA, 0xBF,
    0xFF, 0x00, 0x03, 0x80, 0x03, 0xFF, 0xC0, 0x00, 0x00, 0x00, 0x7F, 0xF0, 0x00, 0x00, 0x00, 0x2F,
    0xFC, 0x00, 0x00, 0x00, 0x0F, 0xFE, 0x00, 0x00, 0x00, 0x1F, 0xFF, 0x00, 0x00, 0x2A, 0xFF, 0xFF,
    0x40, 0x00, 0x2F, 0xFF, 0xFE, 0x00, 0x00, 0x0B, 0xFF, 0xF4, 0x00, 0x00, 0x03, 0xFF, 0xFF, 0x80,
    0x00, 0x00, 0xFF, 0xFF, 0xFC, 0x00, 0x00, 0x00, 0x0B, 0xFF, 0xC0, 0x00, 0x00, 0x00, 0x7F, 0xF4,
    0x00, 0x00, 0x00, 0x0F, 0xFE, 0x00, 0x00, 0x00, 0x03, 0xFF, 0x80, 0x00, 0x00, 0x00, 0xFF, 0xD0,
    0x00, 0x00, 0x00, 0xBF, 0xF4, 0x29, 0x00, 0x00, 0xBF, 0xFC, 0x0B, 0xFE, 0xAB, 0xFF, 0xFD, 0x02,
    0xFF, 0xFF, 0xFF, 0xFE, 0x00, 0xBF, 0xFF, 0xFF, 0xFE, 0x00, 0x2F, 0xFF, 0xFF, 0xFD, 0x00, 0x00,
    0x6F, 0xFF, 0xA0, 0x00, 0x00, 0x00, 0x00, 0x00, 0x03, 0xFF, 0xC0, 0x00, 0x00, 0x00, 0xBF, 0xFC,
    0x00, 0x00, 0x00, 0x2F, 0xFF, 0x80, 0x00, 0x00, 0x07, 0xFF, 0xF4, 0x00, 0x00, 0x00, 0xFF, 0xFF,
    0x40, 0x00, 0x00, 0x3F, 0xFF, 0xF0, 0x00, 0x00, 0x0F, 0xFF, 0xFF, 0x00, 0x00, 0x02, 0xFF, 0xBF,
    0xE0, 0x00, 0x00, 0x7F, 0xEB, 0xFD, 0x00, 0x00, 0x1F, 0xFC, 0xFF, 0xC0, 0x00, 0x03, 0xFF, 0x0F,
    0xFC, 0x00, 0x00, 0xFF, 0xC1, 0xFF, 0xC0, 0x00, 0x2F, 0xF4, 0x2F, 0xF8, 0x00, 0x0B, 0xFE, 0x03,
    0xFF, 0x40, 0x01, 0xFF, 0x80, 0x3F, 0xF0, 0x00, 0x3F, 0xF0, 0x07, 0xFF, 0x00, 0x0F, 0xFC, 0x00,
    0xBF, 0xF0, 0x02, 0xFF, 0xFF, 0xFF, 0xFF, 0xF8, 0x3F, 0xFF, 0xFF, 0xFF, 0xFF, 0x43, 0xFF, 0xFF,
    0xFF, 0xFF, 0xF4, 0x7F, 0xFF, 0xFF, 0xFF, 0xFF, 0x02, 0xAA, 0xAA, 0xBF, 0xFE, 0x90, 0x00, 0x00,
    0x03, 0xFF, 0x80, 0x00, 0x00, 0x00, 0x3F, 0xF4, 0x00, 0x00, 0x00, 0x07, 0xFF, 0x00, 0x00, 0x00,
    0x00, 0x7F, 0xF0, 0x00, 0x00, 0x00, 0x0B, 0xFE, 0x00, 0x00, 0x00, 0x07, 0xFF, 0xFF, 0xFF, 0x80,
    0x02, 0xFF, 0xFF, 0xFF, 0xD0, 0x00, 0xFF, 0xFF, 0xFF, 0xF0, 0x00, 0x3F, 0xFF, 0xFF, 0xFC, 0x00,
    0x1F, 0xFE, 0xAA, 0xA9, 0x00, 0x0F, 0xFD, 0x00, 0x00, 0x00, 0x03, 0xFF, 0x00, 0x00, 0x00, 0x01,
    0xFF, 0xC0, 0x00, 0x00, 0x00, 0xBF, 0xD0, 0x00, 0x00, 0x00, 0x3F, 0xF5, 0x94, 0x00, 0x00, 0x0F,
    0xFF, 0xFF, 0xE0, 0x00, 0x07, 0xFF, 0xFF, 0xFE, 0x00, 0x03, 0xFF, 0xFF, 0xFF, 0xE0, 0x00, 0x7F,
    0xFF, 0xFF, 0xFC, 0x00, 0x05, 0x40, 0x2F, 0xFF, 0x40, 0x00, 0x00, 0x02, 0xFF, 0xE0, 0x00, 0x00,
    0x00, 0x3F, 0xF8, 0x00, 0x00, 0x00, 0x0F, 0xFE, 0x00, 0x00, 0x00, 0x03, 0xFF, 0x80, 0x00, 0x00,
    0x01, 0xFF, 0xD0, 0x00, 0x00, 0x00, 0xFF, 0xF0, 0x2D, 0x00, 0x01, 0xFF, 0xF8, 0x0B, 0xFE, 0xAB,
    0xFF, 0xFC, 0x02, 0xFF, 0xFF, 0xFF, 0xFD, 0x00, 0xBF, 0xFF, 0xFF, 0xFD, 0x00, 0x1F, 0xFF, 0xFF,
    0xF8, 0x00, 0x00, 0x6F, 0xFF, 0xA0, 0x00, 0x00, 0x00, 0x00, 0x01, 0xBF, 0xFE, 0x00, 0x00, 0x0B,
    0xFF, 0xFF, 0xC0, 0x00, 0x2F, 0xFF, 0xFF, 0xE0, 0x00, 0x2F, 0xFF, 0xFF, 0xF4, 0x00, 0x2F, 0xFF,
    0xEA, 0xAC, 0x00, 0x1F, 0xFF, 0x40, 0x00, 0x00, 0x0F, 0xFE, 0x00, 0x00, 0x00, 0x0B, 0xFF, 0x00,
    0x00, 0x00, 0x03, 0xFF, 0x00, 0x00, 0x00, 0x02, 0xFF, 0x87, 0xFE, 0x00, 0x00, 0xFF, 0xCF, 0xFF,
    0xF4, 0x00, 0x7F, 0xEF, 0xFF, 0xFF, 0x40, 0x2F, 0xFF, 0xFF, 0xFF, 0xF0, 0x0F, 0xFF, 0xFA, 0xFF,
    0xFC, 0x03, 0xFF, 0xF0, 0x0B, 0xFF, 0x00, 0xFF, 0xF0, 0x01, 0xFF, 0xD0, 0x7F, 0xF4, 0x00, 0x3F,
    0xF4, 0x1F, 0xFC, 0x00, 0x1F, 0xFC, 0x07, 0xFF, 0x00, 0x07, 0xFF, 0x01, 0xFF, 0xC0, 0x03, 0xFF,
    0xC0, 0x3F, 0xF4, 0x00, 0xFF, 0xD0, 0x0F, 0xFF, 0x00, 0xFF, 0xF0, 0x02, 0xFF, 0xFA, 0xFF, 0xF8,
    0x00, 0x3F, 0xFF, 0xFF, 0xFC, 0x00, 0x0B, 0xFF, 0xFF, 0xFC, 0x00, 0x00, 0xBF, 0xFF, 0xF8, 0x00,
    0x00, 0x02, 0xFF, 0xE4, 0x00, 0x00, 0x02, 0xFF, 0xFF, 0xFF, 0xFF, 0xC0, 0x3F, 0xFF, 0xFF, 0xFF,
    0xFC, 0x03, 0xFF, 0xFF, 0xFF, 0xFF, 0xC0, 0x7F, 0xFF, 0xFF, 0xFF, 0xF8, 0x06, 0xAA, 0xAA, 0xAF,
    0xFF, 0x00, 0x00, 0x00, 0x02, 0xFF, 0xD0, 0x00, 0x00, 0x00, 0x7F, 0xFC, 0x00, 0x00, 0x00, 0x0F,
    0xFF, 0x00, 0x00, 0x00, 0x01, 0xFF, 0xE0, 0x00, 0x00, 0x00, 0x3F, 0xFC, 0x00, 0x00, 0x00, 0x0B,
    0xFF, 0x40, 0x00, 0x00, 0x01, 0xFF, 0xF0, 0x00, 0x00, 0x00, 0x3F, 0xFD, 0x00, 0x00, 0x00, 0x07,
    0xFF, 0x80, 0x00, 0x00, 0x00, 0xFF, 0xF0, 0x00, 0x00, 0x00, 0x2F, 0xFE, 0x00, 0x00, 0x00, 0x07,
    0xFF, 0xC0, 0x00, 0x00, 0x00, 0xFF, 0xF4, 0x00, 0x00, 0x00, 0x1F, 0xFF, 0x00, 0x00, 0x00, 0x03,
    0xFF, 0xC0, 0x00, 0x00, 0x00, 0xBF, 0xF8, 0x00, 0x00, 0x00, 0x1F, 0xFF, 0x00, 0x00, 0x00, 0x03,
    0xFF, 0xD0, 0x00, 0x00, 0x00, 0x7F, 0xFC, 0x00, 0x00, 0x00, 0x0F, 0xFF, 0x00, 0x00, 0x00, 0x02,
    0xFF, 0xE0, 0x00, 0x00, 0x00, 0x7F, 0xFC, 0x00, 0x00, 0x00, 0x00, 0x00, 0x00, 0x6F, 0xFE, 0x00,
    0x00, 0x07, 0xFF, 0xFF, 0xD0, 0x00, 0x2F, 0xFF, 0xFF, 0xF4, 0x00, 0xBF, 0xFF, 0xFF, 0xFC, 0x00,
    0xFF, 0xFE, 0xBF, 0xFD, 0x01, 0xFF, 0xD0, 0x1F, 0xFE, 0x02, 0xFF, 0xC0, 0x0F, 0xFE, 0x02, 0xFF,
    0x80, 0x0B, 0xFD, 0x02, 0xFF, 0xC0, 0x0F, 0xFC, 0x00, 0xFF, 0xC0, 0x2F, 0xF8, 0x00, 0xBF, 0xF0,
    0xBF, 0xF0, 0x00, 0x3F, 0xFF, 0xFF, 0x80, 0x00, 0x0F, 0xFF, 0xF8, 0x00, 0x00, 0x7F, 0xFF, 0xF8,
    0x00, 0x03, 0xFF, 0xFF, 0xFF, 0x00, 0x0F, 0xFF, 0x8B, 0xFF, 0x80, 0x3F, 0xFC, 0x02, 0xFF, 0xD0,
    0x7F, 0xF0, 0x00, 0xFF, 0xE0, 0xFF, 0xE0, 0x00, 0xBF, 0xF0, 0xFF, 0xD0, 0x00, 0xBF, 0xF0, 0xFF,
    0xE0, 0x00, 0xFF, 0xF0, 0xFF, 0xF4, 0x01, 0xFF, 0xE0, 0xBF, 0xFE, 0xAF, 0xFF, 0xC0, 0x3F, 0xFF,
    0xFF, 0xFF, 0x80, 0x1F, 0xFF, 0xFF, 0xFE, 0x00, 0x07, 0xFF, 0xFF, 0xF8, 0x00, 0x00, 0x6F, 0xFE,
    0x40, 0x00, 0x00, 0x01, 0xBF, 0xF4, 0x00, 0x00, 0x7F, 0xFF, 0xFD, 0x00, 0x0B, 0xFF, 0xFF, 0xFD,
    0x00, 0xBF, 0xFF, 0xFF, 0xFC, 0x03, 0xFF, 0xFA, 0xFF, 0xF4, 0x2F, 0xFD, 0x00, 0xFF, 0xE0, 0xFF,
    0xE0, 0x02, 0xFF, 0xC7, 0xFF, 0x00, 0x0B, 0xFF, 0x2F, 0xFC, 0x00, 0x2F, 0xFC, 0xBF, 0xF0, 0x00,
    0xFF, 0xF2, 0xFF, 0xC0, 0x07, 0xFF, 0xCB, 0xFF, 0x40, 0x3F, 0xFF, 0x1F, 0xFF, 0xAB, 0xFF, 0xF8,
    0x3F, 0xFF, 0xFF, 0xFF, 0xE0, 0xBF, 0xFF, 0xFB, 0xFF, 0x40, 0xBF, 0xFF, 0x9F, 0xFC, 0x00, 0x6F,
    0xE4, 0xBF, 0xF0, 0x00, 0x00, 0x03, 0xFF, 0x40, 0x00, 0x00, 0x2F, 0xFC, 0x00, 0x00, 0x01, 0xFF,
    0xE0, 0x00, 0x00, 0x0F, 0xFF, 0x00, 0x00, 0x01, 0xFF, 0xF8, 0x07, 0xEA, 0xBF, 0xFF, 0xC0, 0x1F,
    0xFF, 0xFF, 0xFC, 0x00, 0x7F, 0xFF, 0xFF, 0xC0, 0x01, 0xFF, 0xFF, 0xF4, 0x00, 0x02, 0xFF, 0xF9,
    0x00, 0x00, 0x00, 0x00, 0x2F, 0xD0, 0x03, 0xFF, 0xC0, 0x0F, 0xFF, 0x00, 0x7F, 0xFC, 0x00, 0xFF,
    0xE0, 0x01, 0xFE, 0x00, 0x00, 0x00, 0x00, 0x00, 0x00, 0x00, 0x00, 0x00, 0x00, 0x00, 0x00, 0x00,
    0x00, 0x00, 0x00, 0x00, 0x00, 0x00, 0x00, 0x00, 0x00, 0x00, 0x00, 0x00, 0x02, 0xF8, 0x00, 0x3F,
    0xF8, 0x02, 0xFF, 0xF0, 0x0B, 0xFF, 0x80, 0x2F, 0xFD, 0x00, 0x2F, 0xD0, 0x00, 0x00, 0x00, 0xBF,
    0x40, 0x00, 0x3F, 0xFC, 0x00, 0x03, 0xFF, 0xC0, 0x00, 0x7F, 0xFC, 0x00, 0x03, 0xFF, 0x80, 0x00,
    0x1F, 0xE0, 0x00, 0x00, 0x00, 0x00, 0x00, 0x00, 0x00, 0x00, 0x00, 0x00, 0x00, 0x00, 0x00, 0x00,
    0x00, 0x00, 0x00, 0x00, 0x00, 0x00, 0x00, 0x00, 0x00, 0x00, 0x00, 0x00, 0x00, 0x00, 0x00, 0x00,
    0x00, 0x00, 0x00, 0x00, 0x00, 0x00, 0xBF, 0xF0, 0x00, 0x0F, 0xFD, 0x00, 0x01, 0xFF, 0xC0, 0x00,
    0x3F, 0xF4, 0x00, 0x03, 0xFF, 0x00, 0x00, 0xBF, 0xD0, 0x00, 0x0F, 0xF8, 0x00, 0x01, 0xFF, 0x00,
    0x00, 0x3F, 0xD0, 0x00, 0x00, 0x00, 0x00, 0x00, 0x00, 0x04, 0x00, 0x00, 0x00, 0x00, 0x7C, 0x00,
    0x00, 0x00, 0x07, 0xFC, 0x00, 0x00, 0x00, 0x7F, 0xFC, 0x00, 0x00, 0x07, 0xFF, 0xFC, 0x00, 0x00,
    0x7F, 0xFF, 0xE0, 0x00, 0x03, 0xFF, 0xFE, 0x00, 0x00, 0x2F, 0xFF, 0xD0, 0x00, 0x02, 0xFF, 0xFD,
    0x00, 0x00, 0x2F, 0xFF, 0xD0, 0x00, 0x00, 0x3F, 0xFD, 0x00, 0x00, 0x00, 0x3F, 0xFF, 0x80, 0x00,
    0x00, 0x1F, 0xFF, 0xFD, 0x00, 0x00, 0x01, 0xBF, 0xFF, 0xE0, 0x00, 0x00, 0x0B, 0xFF, 0xFE, 0x40,
    0x00, 0x00, 0xBF, 0xFF, 0xF4, 0x00, 0x00, 0x07, 0xFF, 0xFC, 0x00, 0x00, 0x00, 0x6F, 0xFC, 0x00,
    0x00, 0x00, 0x02, 0xFC, 0x00, 0x00, 0x00, 0x00, 0x2C, 0x00, 0x00, 0x00, 0x00, 0x00, 0x2A, 0xAA,
    0xAA, 0xAA, 0xA8, 0x3F, 0xFF, 0xFF, 0xFF, 0xFC, 0x3F, 0xFF, 0xFF, 0xFF, 0xFC, 0x3F, 0xFF, 0xFF,
    0xFF, 0xFC, 0x3F, 0xFF, 0xFF, 0xFF, 0xFC, 0x00, 0x00, 0x00, 0x00, 0x00, 0x00, 0x00, 0x00, 0x00,
    0x00, 0x2A, 0xAA, 0xAA, 0xAA, 0xA8, 0x3F, 0xFF, 0xFF, 0xFF, 0xFC, 0x3F, 0xFF, 0xFF, 0xFF, 0xFC,
    0x3F, 0xFF, 0xFF, 0xFF, 0xFC, 0x3F, 0xFF, 0xFF, 0xFF, 0xFC, 0x10, 0x00, 0x00, 0x00, 0x00, 0x3D,
    0x00, 0x00, 0x00, 0x00, 0x3F, 0xD0, 0x00, 0x00, 0x00, 0x3F, 0xFD, 0x00, 0x00, 0x00, 0x3F, 0xFF,
    0xD0, 0x00, 0x00, 0x0B, 0xFF, 0xFD, 0x00, 0x00, 0x00, 0x7F, 0xFF, 0xD0, 0x00, 0x00, 0x07, 0xFF,
    0xFD, 0x00, 0x00, 0x00, 0x7F, 0xFF, 0xD0, 0x00, 0x00, 0x06, 0xFF, 0xFC, 0x00, 0x00, 0x00, 0x3F,
    0xFC, 0x00, 0x00, 0x02, 0xFF, 0xFC, 0x00, 0x00, 0x6F, 0xFF, 0xF4, 0x00, 0x07, 0xFF, 0xFF, 0x40,
    0x00, 0xBF, 0xFF, 0xE4, 0x00, 0x1F, 0xFF, 0xFE, 0x00, 0x00, 0x3F, 0xFF, 0xD0, 0x00, 0x00, 0x3F,
    0xFD, 0x00, 0x00, 0x00, 0x3F, 0x90, 0x00, 0x00, 0x00, 0x38, 0x00, 0x00, 0x00, 0x00, 0x00, 0x00,
    0x00, 0x00, 0x00, 0x00, 0x1B, 0xFF, 0x80, 0x01, 0xFF, 0xFF, 0xFD, 0x02, 0xFF, 0xFF, 0xFF, 0xD0,
    0x3F, 0xFF, 0xFF, 0xFC, 0x0F, 0xFE, 0xAF, 0xFF, 0x41, 0xE0, 0x01, 0xFF, 0xD0, 0x00, 0x00, 0x3F,
    0xF4, 0x00, 0x00, 0x0F, 0xFD, 0x00, 0x00, 0x0B, 0xFF, 0x00, 0x00, 0x0B, 0xFF, 0x40, 0x00, 0x1F,
    0xFF, 0x80, 0x00, 0x2F, 0xFF, 0x80, 0x00, 0x2F, 0xFF, 0x40, 0x00, 0x2F, 0xFF, 0x00, 0x00, 0x0F,
    0xFE, 0x00, 0x00, 0x0B, 0xFE, 0x00, 0x00, 0x03, 0xFF, 0x00, 0x00, 0x00, 0xFF, 0x80, 0x00, 0x00,
    0x00, 0x00, 0x00, 0x00, 0x00, 0x00, 0x00, 0x00, 0x00, 0x00, 0x00, 0x00, 0x02, 0xFD, 0x00, 0x00,
    0x02, 0xFF, 0xC0, 0x00, 0x00, 0xFF, 0xF4, 0x00, 0x00, 0x3F, 0xFC, 0x00, 0x00, 0x0F, 0xFF, 0x00,
    0x00, 0x00, 0xFE, 0x00, 0x00, 0x00, 0x00, 0x00, 0x00, 0x1B, 0xFF, 0xE8, 0x00, 0x00, 0x00, 0x00,
    0x1F, 0xFF, 0xFF, 0xFF, 0x40, 0x00, 0x00, 0x07, 0xFF, 0xFF, 0xFF, 0xFF, 0x80, 0x00, 0x00, 0xBF,
    0xF9, 0x00, 0x0B, 0xFF, 0xC0, 0x00, 0x0F, 0xFE, 0x00, 0x00, 0x01, 0xFF, 0x80, 0x00, 0xFF, 0xC0,
    0x00, 0x00, 0x01, 0xFF, 0x40, 0x0F, 0xF8, 0x00, 0x00, 0x00, 0x02, 0xFF, 0x00, 0xBF, 0xC0, 0x02,
    0xFF, 0xF9, 0x03, 0xFC, 0x03, 0xFC, 0x00, 0xBF, 0xFF, 0xFD, 0x0B, 0xF4, 0x2F, 0xD0, 0x0F, 0xFF,
    0xFF, 0xF0, 0x1F, 0xE0, 0xFF, 0x00, 0xFF, 0xD0, 0x7F, 0xC0, 0x7F, 0x87, 0xF8, 0x07, 0xFC, 0x02,
    0xFE, 0x01, 0xFE, 0x2F, 0xD0, 0x3F, 0xD0, 0x0F, 0xF4, 0x07, 0xF8, 0xFF, 0x01, 0xFF, 0x00, 0x3F,
    0xC0, 0x2F, 0xE3, 0xFC, 0x0B, 0xF4, 0x01, 0xFF, 0x00, 0xBF, 0x4F, 0xF0, 0x3F, 0xC0, 0x0B, 0xF8,
    0x03, 0xFC, 0x7F, 0xC0, 0xFF, 0x00, 0x3F, 0xD0, 0x1F, 0xF1, 0xFF, 0x03, 0xFC, 0x01, 0xFF, 0x00,
    0xFF, 0x47, 0xFC, 0x0F, 0xF0, 0x0F, 0xFC, 0x07, 0xFC, 0x0F, 0xF0, 0x3F, 0xE0, 0xBF, 0xF4, 0x7F,
    0xD0, 0x3F, 0xD0, 0xBF, 0xFF, 0xFF, 0xFF, 0xFD, 0x00, 0xFF, 0xC0, 0xFF, 0xFE, 0x3F, 0xFF, 0xD0,
    0x01, 0xFF, 0x40, 0x7F, 0xD0, 0x2F, 0xF4, 0x00, 0x03, 0xFF, 0x40, 0x00, 0x00, 0x00, 0x00, 0x00,
    0x07, 0xFF, 0x40, 0x00, 0x00, 0x00, 0x00, 0x00, 0x0F, 0xFF, 0xD0, 0x00, 0x1B, 0xC0, 0x00, 0x00,
    0x0F, 0xFF, 0xFF, 0xFF, 0xFF, 0x00, 0x00, 0x00, 0x0B, 0xFF, 0xFF, 0xFF, 0xFC, 0x00, 0x00, 0x00,
    0x07, 0xFF, 0xFF, 0xFF, 0xD0, 0x00, 0x00, 0x00, 0x00, 0xAF, 0xFF, 0x90, 0x00, 0x00, 0x00, 0x00,
    0x00, 0x00, 0x07, 0xFF, 0xE0, 0x00, 0x00, 0x00, 0x03, 0xFF, 0xF8, 0x00, 0x00, 0x00, 0x02, 0xFF,
    0xFF, 0x00, 0x00, 0x00, 0x00, 0xFF, 0xFF, 0xC0, 0x00, 0x00, 0x00, 0xBF, 0xFF, 0xF0, 0x00, 0x00,
    0x00, 0x3F, 0xFB, 0xFC, 0x00, 0x00, 0x00, 0x2F, 0xF9, 0xFF, 0x00, 0x00, 0x00, 0x0F, 0xFC, 0x7F,
    0xD0, 0x00, 0x00, 0x0B, 0xFE, 0x1F, 0xF4, 0x00, 0x00, 0x03, 0xFF, 0x07, 0xFE, 0x00, 0x00, 0x02,
    0xFF, 0x80, 0xFF, 0x80, 0x00, 0x00, 0xFF, 0xC0, 0x3F, 0xE0, 0x00, 0x00, 0xBF, 0xE0, 0x0F, 0xFC,
    0x00, 0x00, 0x3F, 0xF0, 0x03, 0xFF, 0x00, 0x00, 0x3F, 0xF8, 0x00, 0xFF, 0xC0, 0x00, 0x1F, 0xFD,
    0x00, 0x3F, 0xF0, 0x00, 0x0F, 0xFF, 0xFF, 0xFF, 0xFC, 0x00, 0x07, 0xFF, 0xFF, 0xFF, 0xFF, 0x40,
    0x03, 0xFF, 0xFF, 0xFF, 0xFF, 0xD0, 0x01, 0xFF, 0xFF, 0xFF, 0xFF, 0xF8, 0x00, 0xFF, 0xFA, 0xAA,
    0xAF, 0xFE, 0x00, 0x7F, 0xF4, 0x00, 0x02, 0xFF, 0x80, 0x3F, 0xFC, 0x00, 0x00, 0x7F, 0xF0, 0x1F,
    0xFD, 0x00, 0x00, 0x1F, 0xFC, 0x0F, 0xFF, 0x00, 0x00, 0x07, 0xFF, 0x07, 0xFF, 0x40, 0x00, 0x00,
    0xFF, 0xC3, 0xFF, 0xC0, 0x00, 0x00, 0x3F, 0xF0, 0x00, 0x07, 0xFF, 0xFF, 0xE8, 0x00, 0x00, 0x2F,
    0xFF, 0xFF, 0xFE, 0x00, 0x00, 0xFF, 0xFF, 0xFF, 0xFF, 0x00, 0x03, 0xFF, 0xFF, 0xFF, 0xFD, 0x00,
    0x1F, 0xFE, 0xAA, 0xFF, 0xFC, 0x00, 0xBF, 0xF0, 0x01, 0xFF, 0xF0, 0x02, 0xFF, 0xC0, 0x03, 0xFF,
    0xC0, 0x0F, 0xFE, 0x00, 0x0F, 0xFE, 0x00, 0x3F, 0xF4, 0x00, 0x3F, 0xF4, 0x01, 0xFF, 0xC0, 0x03,
    0xFF, 0xC0, 0x0B, 0xFF, 0xAA, 0xBF, 0xFC, 0x00, 0x3F, 0xFF, 0xFF, 0xFF, 0xC0, 0x00, 0xFF, 0xFF,
    0xFF, 0xE4, 0x00, 0x03, 0xFF, 0xFF, 0xFF, 0xE0, 0x00, 0x1F, 0xFF, 0xFF, 0xFF, 0xF0, 0x00, 0xBF,
    0xF0, 0x03, 0xFF, 0xE0, 0x03, 0xFF, 0x80, 0x03, 0xFF, 0xC0, 0x0F, 0xFE, 0x00, 0x0B, 0xFF, 0x00,
    0x3F, 0xF4, 0x00, 0x2F, 0xFC, 0x01, 0xFF, 0xC0, 0x00, 0xFF, 0xF0, 0x0B, 0xFF, 0x00, 0x03, 0xFF,
    0xC0, 0x3F, 0xF8, 0x00, 0x3F, 0xFE, 0x00, 0xFF, 0xFA, 0xAF, 0xFF, 0xF0, 0x07, 0xFF, 0xFF, 0xFF,
    0xFF, 0x40, 0x2F, 0xFF, 0xFF, 0xFF, 0xF4, 0x00, 0xBF, 0xFF, 0xFF, 0xFF, 0x40, 0x03, 0xFF, 0xFF,
    0xFE, 0x80, 0x00, 0x00, 0x00, 0x00, 0x06, 0xFF, 0xF9, 0x00, 0x00, 0x02, 0xFF, 0xFF, 0xFF, 0x80,
    0x00, 0x7F, 0xFF, 0xFF, 0xFF, 0x00, 0x0B, 0xFF, 0xFF, 0xFF, 0xF8, 0x00, 0xBF, 0xFF, 0xEA, 0xBF,
    0xC0, 0x07, 0xFF, 0xF0, 0x00, 0x1E, 0x00, 0x3F, 0xFE, 0x00, 0x00, 0x00, 0x02, 0xFF, 0xF0, 0x00,
    0x00, 0x00, 0x0F, 0xFF, 0x00, 0x00, 0x00, 0x00, 0x7F, 0xF8, 0x00, 0x00, 0x00, 0x03, 0xFF, 0xC0,
    0x00, 0x00, 0x00, 0x0F, 0xFF, 0x00, 0x00, 0x00, 0x00, 0x7F, 0xF8, 0x00, 0x00, 0x00, 0x02, 0xFF,
    0xD0, 0x00, 0x00, 0x00, 0x0B, 0xFF, 0x00, 0x00, 0x00, 0x00, 0x2F, 0xFC, 0x00, 0x00, 0x00, 0x00,
    0xFF, 0xF0, 0x00, 0x00, 0x00, 0x03, 0xFF, 0xC0, 0x00, 0x00, 0x00, 0x0B, 0xFF, 0x00, 0x00, 0x00,
    0x00, 0x2F, 0xFE, 0x00, 0x00, 0x00, 0x00, 0x7F, 0xFC, 0x00, 0x00, 0x00, 0x00, 0xFF, 0xFC, 0x00,
    0x06, 0x40, 0x02, 0xFF, 0xFE, 0xAB, 0xFD, 0x00, 0x03, 0xFF, 0xFF, 0xFF, 0xF4, 0x00, 0x03, 0xFF,
    0xFF, 0xFF, 0xD0, 0x00, 0x02, 0xFF, 0xFF, 0xFF, 0x40, 0x00, 0x00, 0xBF, 0xFE, 0x90, 0x00, 0x00,
    0x00, 0x07, 0xFF, 0xFF, 0xA0, 0x00, 0x00, 0x02, 0xFF, 0xFF, 0xFF, 0x80, 0x00, 0x00, 0xFF, 0xFF,
    0xFF, 0xFD, 0x00, 0x00, 0x3F, 0xFF, 0xFF, 0xFF, 0xC0, 0x00, 0x1F, 0xFE, 0xAB, 0xFF, 0xFC, 0x00,
    0x0B, 0xFF, 0x00, 0x2F, 0xFF, 0x40, 0x02, 0xFF, 0xC0, 0x02, 0xFF, 0xE0, 0x00, 0xFF, 0xE0, 0x00,
    0x3F, 0xFC, 0x00, 0x3F, 0xF8, 0x00, 0x0B, 0xFF, 0x00, 0x1F, 0xFD, 0x00, 0x02, 0xFF, 0xC0, 0x0B,
    0xFF, 0x00, 0x00, 0xBF, 0xF0, 0x03, 0xFF, 0xC0, 0x00, 0x2F, 0xFC, 0x00, 0xFF, 0xE0, 0x00, 0x0B,
    0xFF, 0x00, 0x3F, 0xF4, 0x00, 0x03, 0xFF, 0xC0, 0x1F, 0xFD, 0x00, 0x00, 0xFF, 0xF0, 0x0B, 0xFF,
    0x00, 0x00, 0x3F, 0xF8, 0x03, 0xFF, 0xC0, 0x00, 0x2F, 0xFD, 0x00, 0xFF, 0xE0, 0x00, 0x0F, 0xFF,
    0x00, 0x3F, 0xF4, 0x00, 0x0B, 0xFF, 0x80, 0x1F, 0xFD, 0x00, 0x07, 0xFF, 0xC0, 0x0B, 0xFF, 0x00,
    0x07, 0xFF, 0xE0, 0x03, 0xFF, 0xC0, 0x0B, 0xFF, 0xF0, 0x00, 0xFF, 0xFA, 0xBF, 0xFF, 0xF0, 0x00,
    0x7F, 0xFF, 0xFF, 0xFF, 0xF0, 0x00, 0x2F, 0xFF, 0xFF, 0xFF, 0xE0, 0x00, 0x0B, 0xFF, 0xFF, 0xFF,
    0x90, 0x00, 0x03, 0xFF, 0xFF, 0xF9, 0x00, 0x00, 0x00, 0x00, 0x07, 0xFF, 0xFF, 0xFF, 0xE0, 0x00,
    0xBF, 0xFF, 0xFF, 0xFD, 0x00, 0x0F, 0xFF, 0xFF, 0xFF, 0xC0, 0x00, 0xFF, 0xFF, 0xFF, 0xFC, 0x00,
    0x1F, 0xFE, 0xAA, 0xAA, 0x40, 0x02, 0xFF, 0xC0, 0x00, 0x00, 0x00, 0x2F, 0xFC, 0x00, 0x00, 0x00,
    0x03, 0xFF, 0xC0, 0x00, 0x00, 0x00, 0x3F, 0xF8, 0x00, 0x00, 0x00, 0x07, 0xFF, 0x40, 0x00, 0x00,
    0x00, 0xBF, 0xF0, 0x00, 0x00, 0x00, 0x0F, 0xFF, 0xFF, 0xFF, 0x80, 0x00, 0xFF, 0xFF, 0xFF, 0xF4,
    0x00, 0x0F, 0xFF, 0xFF, 0xFF, 0x00, 0x01, 0xFF, 0xFF, 0xFF, 0xF0, 0x00, 0x2F, 0xFE, 0xAA, 0xA9,
    0x00, 0x03, 0xFF, 0xC0, 0x00, 0x00, 0x00, 0x3F, 0xF8, 0x00, 0x00, 0x00, 0x03, 0xFF, 0x40, 0x00,
    0x00, 0x00, 0x7F, 0xF0, 0x00, 0x00, 0x00, 0x0B, 0xFF, 0x00, 0x00, 0x00, 0x00, 0xFF, 0xF0, 0x00,
    0x00, 0x00, 0x0F, 0xFF, 0xAA, 0xAA, 0x40, 0x01, 0xFF, 0xFF, 0xFF, 0xF8, 0x00, 0x2F, 0xFF, 0xFF,
    0xFF, 0x80, 0x02, 0xFF, 0xFF, 0xFF, 0xF4, 0x00, 0x3F, 0xFF, 0xFF, 0xFF, 0x00, 0x00, 0x00, 0x07,
    0xFF, 0xFF, 0xFF, 0xD0, 0x00, 0xBF, 0xFF, 0xFF, 0xFC, 0x00, 0x0F, 0xFF, 0xFF, 0xFF, 0xC0, 0x00,
    0xFF, 0xFF, 0xFF, 0xFC, 0x00, 0x1F, 0xFE, 0xAA, 0xAA, 0x40, 0x02, 0xFF, 0xC0, 0x00, 0x00, 0x00,
    0x2F, 0xFC, 0x00, 0x00, 0x00, 0x03, 0xFF, 0x80, 0x00, 0x00, 0x00, 0x3F, 0xF8, 0x00, 0x00, 0x00,
    0x07, 0xFF, 0x40, 0x00, 0x00, 0x00, 0xBF, 0xF0, 0x00, 0x00, 0x00, 0x0F, 0xFF, 0x00, 0x00, 0x00,
    0x00, 0xFF, 0xFF, 0xFF, 0xF4, 0x00, 0x0F, 0xFF, 0xFF, 0xFF, 0x00, 0x01, 0xFF, 0xFF, 0xFF, 0xF0,
    0x00, 0x2F, 0xFF, 0xFF, 0xFE, 0x00, 0x03, 0xFF, 0xEA, 0xAA, 0x90, 0x00, 0x3F, 0xF8, 0x00, 0x00,
    0x00, 0x03, 0xFF, 0x40, 0x00, 0x00, 0x00, 0x7F, 0xF0, 0x00, 0x00, 0x00, 0x0B, 0xFF, 0x00, 0x00,
    0x00, 0x00, 0xFF, 0xF0, 0x00, 0x00, 0x00, 0x0F, 0xFE, 0x00, 0x00, 0x00, 0x01, 0xFF, 0xD0, 0x00,
    0x00, 0x00, 0x2F, 0xFC, 0x00, 0x00, 0x00, 0x02, 0xFF, 0xC0, 0x00, 0x00, 0x00, 0x3F, 0xF8, 0x00,
    0x00, 0x00, 0x00, 0x00, 0x00, 0x06, 0xFF, 0xFE, 0x40, 0x00, 0x00, 0x7F, 0xFF, 0xFF, 0xF8, 0x00,
    0x03, 0xFF, 0xFF, 0xFF, 0xFC, 0x00, 0x1F, 0xFF, 0xFF, 0xFF, 0xF8, 0x00, 0x7F, 0xFF, 0xEA, 0xAF,
    0xF0, 0x00, 0xFF, 0xFD, 0x00, 0x01, 0xA0, 0x03, 0xFF, 0xF0, 0x00, 0x00, 0x00, 0x0B, 0xFF, 0xC0,
    0x00, 0x00, 0x00, 0x0F, 0xFF, 0x40, 0x00, 0x00, 0x00, 0x1F, 0xFE, 0x00, 0x00, 0x00, 0x00, 0x3F,
    0xFD, 0x00, 0x00, 0x00, 0x00, 0x3F, 0xFC, 0x00, 0xAA, 0xAA, 0xA0, 0x7F, 0xF8, 0x00, 0xFF, 0xFF,
    0xF0, 0xBF, 0xF4, 0x01, 0xFF, 0xFF, 0xE0, 0xBF, 0xF0, 0x02, 0xFF, 0xFF, 0xE0, 0xBF, 0xF0, 0x03,
    0xFF, 0xFF, 0xD0, 0xFF, 0xF0, 0x00, 0x02, 0xFF, 0xC0, 0xFF, 0xF0, 0x00, 0x02, 0xFF, 0xC0, 0xBF,
    0xF0, 0x00, 0x03, 0xFF, 0x80, 0xBF, 0xF4, 0x00, 0x03, 0xFF, 0x40, 0x7F, 0xFC, 0x00, 0x07, 0xFF,
    0x00, 0x3F, 0xFF, 0x00, 0x0B, 0xFF, 0x00, 0x1F, 0xFF, 0xEA, 0xBF, 0xFF, 0x00, 0x0F, 0xFF, 0xFF,
    0xFF, 0xFE, 0x00, 0x03, 0xFF, 0xFF, 0xFF, 0xFD, 0x00, 0x00, 0xBF, 0xFF, 0xFF, 0xF8, 0x00, 0x00,
    0x06, 0xFF, 0xFA, 0x40, 0x00, 0x00, 0x07, 0xFF, 0x00, 0x00, 0x7F, 0xF4, 0x00, 0x2F, 0xFC, 0x00,
    0x02, 0xFF, 0xC0, 0x00, 0xFF, 0xF0, 0x00, 0x0B, 0xFF, 0x00, 0x03, 0xFF, 0x80, 0x00, 0x3F, 0xF8,
    0x00, 0x1F, 0xFD, 0x00, 0x00, 0xFF, 0xD0, 0x00, 0xBF, 0xF0, 0x00, 0x07, 0xFF, 0x40, 0x02, 0xFF,
    0xC0, 0x00, 0x2F, 0xFC, 0x00, 0x0F, 0xFE, 0x00, 0x00, 0xFF, 0xF0, 0x00, 0x3F, 0xF8, 0x00, 0x03,
    0xFF, 0x80, 0x01, 0xFF, 0xD0, 0x00, 0x0F, 0xFD, 0x00, 0x0B, 0xFF, 0xAA, 0xAA, 0xBF, 0xF0, 0x00,
    0x3F, 0xFF, 0xFF, 0xFF, 0xFF, 0xC0, 0x00, 0xFF, 0xFF, 0xFF, 0xFF, 0xFF, 0x00, 0x03, 0xFF, 0xFF,
    0xFF, 0xFF, 0xF8, 0x00, 0x1F, 0xFF, 0xFF, 0xFF, 0xFF, 0xD0, 0x00, 0xBF, 0xF0, 0x00, 0x0B, 0xFF,
    0x00, 0x03, 0xFF, 0xC0, 0x00, 0x3F, 0xFC, 0x00, 0x0F, 0xFE, 0x00, 0x00, 0xFF, 0xF0, 0x00, 0x3F,
    0xF4, 0x00, 0x03, 0xFF, 0x80, 0x01, 0xFF, 0xC0, 0x00, 0x1F, 0xFD, 0x00, 0x0B, 0xFF, 0x00, 0x00,
    0xBF, 0xF0, 0x00, 0x3F, 0xFC, 0x00, 0x02, 0xFF, 0xC0, 0x00, 0xFF, 0xE0, 0x00, 0x0F, 0xFE, 0x00,
    0x07, 0xFF, 0x40, 0x00, 0x3F, 0xF8, 0x00, 0x2F, 0xFC, 0x00, 0x01, 0xFF, 0xD0, 0x00, 0xBF, 0xF0,
    0x00, 0x0B, 0xFF, 0x00, 0x03, 0xFF, 0x80, 0x00, 0x2F, 0xFC, 0x00, 0x00, 0x00, 0x0B, 0xFF, 0xFF,
    0xF4, 0x00, 0x2F, 0xFF, 0xFF, 0xC0, 0x00, 0xFF, 0xFF, 0xFF, 0x00, 0x02, 0xFF, 0xFF, 0xF4, 0x00,
    0x00, 0xBF, 0xF8, 0x00, 0x00, 0x01, 0xFF, 0xC0, 0x00, 0x00, 0x0B, 0xFF, 0x00, 0x00, 0x00, 0x3F,
    0xF8, 0x00, 0x00, 0x00, 0xFF, 0xD0, 0x00, 0x00, 0x07, 0xFF, 0x40, 0x00, 0x00, 0x2F, 0xFC, 0x00,
    0x00, 0x00, 0xBF, 0xF0, 0x00, 0x00, 0x03, 0xFF, 0x80, 0x00, 0x00, 0x0F, 0xFD, 0x00, 0x00, 0x00,
    0x7F, 0xF0, 0x00, 0x00, 0x02, 0xFF, 0xC0, 0x00, 0x00, 0x0F, 0xFF, 0x00, 0x00, 0x00, 0x3F, 0xF8,
    0x00, 0x00, 0x00, 0xFF, 0xD0, 0x00, 0x00, 0x07, 0xFF, 0x00, 0x00, 0x00, 0x2F, 0xFC, 0x00, 0x00,
    0x00, 0xFF, 0xF0, 0x00, 0x00, 0x0B, 0xFF, 0xD0, 0x00, 0x02, 0xFF, 0xFF, 0xF0, 0x00, 0x2F, 0xFF,
    0xFF, 0xD0, 0x00, 0xFF, 0xFF, 0xFF, 0x00, 0x03, 0xFF, 0xFF, 0xFC, 0x00, 0x00, 0x00, 0x00, 0x00,
    0x3F, 0xF8, 0x00, 0x00, 0x00, 0xFF, 0xD0, 0x00, 0x00, 0x07, 0xFF, 0x00, 0x00, 0x00, 0x2F, 0xFC,
    0x00, 0x00, 0x00, 0xFF, 0xF0, 0x00, 0x00, 0x03, 0xFF, 0x80, 0x00, 0x00, 0x1F, 0xFD, 0x00, 0x00,
    0x00, 0x7F, 0xF0, 0x00, 0x00, 0x02, 0xFF, 0xC0, 0x00, 0x00, 0x0F, 0xFE, 0x00, 0x00, 0x00, 0x3F,
    0xF8, 0x00, 0x00, 0x01, 0xFF, 0xD0, 0x00, 0x00, 0x0B, 0xFF, 0x00, 0x00, 0x00, 0x3F, 0xFC, 0x00,
    0x00, 0x00, 0xFF, 0xE0, 0x00, 0x00, 0x03, 0xFF, 0x40, 0x00, 0x00, 0x1F, 0xFD, 0x00, 0x00, 0x00,
    0xBF, 0xF0, 0x00, 0x00, 0x03, 0xFF, 0xC0, 0x00, 0x00, 0x0F, 0xFE, 0x00, 0x00, 0x00, 0x3F, 0xF4,
    0x00, 0x00, 0x01, 0xFF, 0xC0, 0x00, 0x00, 0x0B, 0xFF, 0x00, 0x00, 0x00, 0x3F, 0xFC, 0x00, 0x00,
    0x00, 0xFF, 0xE0, 0x00, 0x00, 0x07, 0xFF, 0x40, 0x00, 0x00, 0x2F, 0xFC, 0x00, 0x00, 0x00, 0xFF,
    0xF0, 0x00, 0x00, 0x07, 0xFF, 0x80, 0x00, 0x00, 0x3F, 0xFC, 0x00, 0x0E, 0xAB, 0xFF, 0xF0, 0x00,
    0x3F, 0xFF, 0xFF, 0x00, 0x00, 0xFF, 0xFF, 0xF4, 0x00, 0x03, 0xFF, 0xFF, 0x40, 0x00, 0x0B, 0xFF,
    0x90, 0x00, 0x00, 0x00, 0x00, 0x07, 0xFF, 0x00, 0x02, 0xFF, 0xF0, 0x00, 0x2F, 0xFC, 0x00, 0x1F,
    0xFF, 0x00, 0x00, 0xFF, 0xE0, 0x00, 0xFF, 0xF4, 0x00, 0x03, 0xFF, 0x40, 0x0F, 0xFF, 0x40, 0x00,
    0x1F, 0xFD, 0x00, 0xFF, 0xF8, 0x00, 0x00, 0xBF, 0xF0, 0x0B, 0xFF, 0xC0, 0x00, 0x02, 0xFF, 0xC0,
    0xBF, 0xFC, 0x00, 0x00, 0x0F, 0xFE, 0x07, 0xFF, 0xC0, 0x00, 0x00, 0x3F, 0xF4, 0x3F, 0xFD, 0x00,
    0x00, 0x01, 0xFF, 0xC3, 0xFF, 0xD0, 0x00, 0x00, 0x0B, 0xFF, 0x2F, 0xFE, 0x00, 0x00, 0x00, 0x3F,
    0xF9, 0xFF, 0xF0, 0x00, 0x00, 0x00, 0xFF, 0xEF, 0xFF, 0x00, 0x00, 0x00, 0x03, 0xFF, 0xFF, 0xFC,
    0x00, 0x00, 0x00, 0x1F, 0xFF, 0xFF, 0xF0, 0x00, 0x00, 0x00, 0xBF, 0xFF, 0xFF, 0xE0, 0x00, 0x00,
    0x03, 0xFF, 0xF7, 0xFF, 0xC0, 0x00, 0x00, 0x0F, 0xFE, 0x0B, 0xFF, 0x40, 0x00, 0x00, 0x3F, 0xF4,
    0x1F, 0xFE, 0x00, 0x00, 0x01, 0xFF, 0xC0, 0x3F, 0xFC, 0x00, 0x00, 0x0B, 0xFF, 0x00, 0xBF, 0xF4,
    0x00, 0x00, 0x3F, 0xF8, 0x00, 0xFF, 0xF0, 0x00, 0x00, 0xFF, 0xD0, 0x03, 0xFF, 0xC0, 0x00, 0x07,
    0xFF, 0x40, 0x0B, 0xFF, 0x80, 0x00, 0x2F, 0xFC, 0x00, 0x0F, 0xFF, 0x00, 0x00, 0xBF, 0xF0, 0x00,
    0x3F, 0xFD, 0x00, 0x03, 0xFF, 0x80, 0x00, 0x7F, 0xF8, 0x00, 0x00, 0x00, 0x07, 0xFF, 0x00, 0x00,
    0x02, 0xFF, 0xC0, 0x00, 0x00, 0xFF, 0xE0, 0x00, 0x00, 0x3F, 0xF4, 0x00, 0x00, 0x1F, 0xFD, 0x00,
    0x00, 0x0B, 0xFF, 0x00, 0x00, 0x02, 0xFF, 0xC0, 0x00, 0x00, 0xFF, 0xE0, 0x00, 0x00, 0x3F, 0xF4,
    0x00, 0x00, 0x1F, 0xFC, 0x00, 0x00, 0x0B, 0xFF, 0x00, 0x00, 0x03, 0xFF, 0xC0, 0x00, 0x00, 0xFF,
    0xE0, 0x00, 0x00, 0x3F, 0xF4, 0x00, 0x00, 0x1F, 0xFC, 0x00, 0x00, 0x0B, 0xFF, 0x00, 0x00, 0x03,
    0xFF, 0xC0, 0x00, 0x00, 0xFF, 0xE0, 0x00, 0x00, 0x3F, 0xF4, 0x00, 0x00, 0x1F, 0xFC, 0x00, 0x00,
    0x0B, 0xFF, 0x00, 0x00, 0x03, 0xFF, 0x80, 0x00, 0x00, 0xFF, 0xFA, 0xAA, 0xA4, 0x7F, 0xFF, 0xFF,
    0xFE, 0x2F, 0xFF, 0xFF, 0xFF, 0x4B, 0xFF, 0xFF, 0xFF, 0xD3, 0xFF, 0xFF, 0xFF, 0xF0, 0x00, 0x07,
    0xFF, 0xF0, 0x00, 0x00, 0x3F, 0xFF, 0xC0, 0x00, 0xBF, 0xFF, 0x00, 0x00, 0x07, 0xFF, 0xFC, 0x00,
    0x0F, 0xFF, 0xF0, 0x00, 0x00, 0xFF, 0xFF, 0x80, 0x00, 0xFF, 0xFF, 0x00, 0x00, 0x1F, 0xFF, 0xF4,
    0x00, 0x1F, 0xFF, 0xF4, 0x00, 0x03, 0xFF, 0xFF, 0x00, 0x02, 0xFF, 0xFF, 0x40, 0x00, 0x7F, 0xFF,
    0xF0, 0x00, 0x2F, 0xFF, 0xF4, 0x00, 0x0F, 0xFF, 0xFF, 0x00, 0x03, 0xFF, 0xBF, 0x40, 0x01, 0xFF,
    0xBF, 0xE0, 0x00, 0x3F, 0xEB, 0xF8, 0x00, 0x3F, 0xEB, 0xFD, 0x00, 0x07, 0xFE, 0xBF, 0x80, 0x07,
    0xFC, 0xFF, 0xC0, 0x00, 0xBF, 0xDB, 0xF8, 0x00, 0xFF, 0x8F, 0xFC, 0x00, 0x0F, 0xFC, 0xBF, 0x80,
    0x1F, 0xF1, 0xFF, 0xC0, 0x00, 0xFF, 0xC7, 0xFC, 0x03, 0xFE, 0x2F, 0xF8, 0x00, 0x0F, 0xFC, 0x7F,
    0xC0, 0x7F, 0xC3, 0xFF, 0x40, 0x01, 0xFF, 0x87, 0xFC, 0x0F, 0xF8, 0x3F, 0xF0, 0x00, 0x2F, 0xF4,
    0x7F, 0xC1, 0xFF, 0x03, 0xFF, 0x00, 0x03, 0xFF, 0x03, 0xFC, 0x3F, 0xE0, 0x7F, 0xE0, 0x00, 0x3F,
    0xF0, 0x3F, 0xC7, 0xFC, 0x0B, 0xFE, 0x00, 0x03, 0xFF, 0x03, 0xFC, 0xFF, 0x80, 0xFF, 0xD0, 0x00,
    0x7F, 0xE0, 0x3F, 0xDF, 0xF0, 0x0F, 0xFC, 0x00, 0x0B, 0xFD, 0x03, 0xFF, 0xFE, 0x01, 0xFF, 0xC0,
    0x00, 0xFF, 0xC0, 0x3F, 0xFF, 0xC0, 0x1F, 0xF8, 0x00, 0x0F, 0xFC, 0x03, 0xFF, 0xF8, 0x02, 0xFF,
    0x40, 0x01, 0xFF, 0x80, 0x3F, 0xFF, 0x00, 0x3F, 0xF4, 0x00, 0x2F, 0xF8, 0x03, 0xFF, 0xE0, 0x03,
    0xFF, 0x00, 0x02, 0xFF, 0x40, 0x3F, 0xFC, 0x00, 0x7F, 0xF0, 0x00, 0x3F, 0xF0, 0x02, 0xFF, 0x80,
    0x0B, 0xFE, 0x00, 0x00, 0x00, 0x0B, 0xFF, 0xD0, 0x00, 0x02, 0xFF, 0x80, 0x02, 0xFF, 0xF8, 0x00,
    0x00, 0xFF, 0xD0, 0x00, 0xFF, 0xFF, 0x00, 0x00, 0x3F, 0xF0, 0x00, 0x3F, 0xFF, 0xC0, 0x00, 0x1F,
    0xFC, 0x00, 0x1F, 0xFF, 0xF8, 0x00, 0x07, 0xFE, 0x00, 0x0B, 0xFF, 0xFF, 0x00, 0x02, 0xFF, 0x40,
    0x03, 0xFF, 0xFF, 0xC0, 0x00, 0xFF, 0xD0, 0x00, 0xFF, 0xEF, 0xF8, 0x00, 0x3F, 0xF0, 0x00, 0x3F,
    0xE7, 0xFF, 0x00, 0x1F, 0xFC, 0x00, 0x1F, 0xF8, 0xFF, 0xC0, 0x0B, 0xFE, 0x00, 0x0B, 0xFD, 0x3F,
    0xF4, 0x03, 0xFF, 0x40, 0x03, 0xFF, 0x07, 0xFF, 0x00, 0xFF, 0xC0, 0x00, 0xFF, 0xC0, 0xFF, 0xC0,
    0x3F, 0xF0, 0x00, 0x3F, 0xF0, 0x3F, 0xF4, 0x1F, 0xFC, 0x00, 0x1F, 0xF8, 0x0B, 0xFF, 0x0B, 0xFE,
    0x00, 0x0B, 0xFD, 0x00, 0xFF, 0xC3, 0xFF, 0x40, 0x03, 0xFF, 0x40, 0x3F, 0xF4, 0xFF, 0xC0, 0x00,
    0xFF, 0xC0, 0x0B, 0xFF, 0x3F, 0xF0, 0x00, 0x7F, 0xF0, 0x00, 0xFF, 0xDF, 0xF8, 0x00, 0x1F, 0xF8,
    0x00, 0x3F, 0xFF, 0xFE, 0x00, 0x0B, 0xFD, 0x00, 0x0B, 0xFF, 0xFF, 0x40, 0x03, 0xFF, 0x00, 0x01,
    0xFF, 0xFF, 0xC0, 0x00, 0xFF, 0xC0, 0x00, 0x3F, 0xFF, 0xF0, 0x00, 0x7F, 0xF0, 0x00, 0x0B, 0xFF,
    0xF8, 0x00, 0x2F, 0xF8, 0x00, 0x01, 0xFF, 0xFD, 0x00, 0x0F, 0xFD, 0x00, 0x00, 0x3F, 0xFF, 0x40,
    0x03, 0xFF, 0x00, 0x00, 0x0B, 0xFF, 0xC0, 0x00, 0x00, 0x00, 0x06, 0xFF, 0xE4, 0x00, 0x00, 0x00,
    0x2F, 0xFF, 0xFF, 0xD0, 0x00, 0x00, 0x7F, 0xFF, 0xFF, 0xFD, 0x00, 0x00, 0xBF, 0xFF, 0xFF, 0xFF,
    0xD0, 0x00, 0xBF, 0xFF, 0xAB, 0xFF, 0xFC, 0x00, 0x7F, 0xFE, 0x00, 0x1F, 0xFF, 0x40, 0x3F, 0xFE,
    0x00, 0x01, 0xFF, 0xF0, 0x2F, 0xFE, 0x00, 0x00, 0x3F, 0xFC, 0x0F, 0xFF, 0x00, 0x00, 0x0B, 0xFF,
    0x07, 0xFF, 0x80, 0x00, 0x02, 0xFF, 0xC3, 0xFF, 0xC0, 0x00, 0x00, 0xBF, 0xF0, 0xFF, 0xF0, 0x00,
    0x00, 0x2F, 0xFC, 0x7F, 0xF8, 0x00, 0x00, 0x0B, 0xFF, 0x2F, 0xFD, 0x00, 0x00, 0x03, 0xFF, 0xCB,
    0xFF, 0x00, 0x00, 0x00, 0xFF, 0xF2, 0xFF, 0xC0, 0x00, 0x00, 0x7F, 0xF8, 0xFF, 0xF0, 0x00, 0x00,
    0x2F, 0xFD, 0x3F, 0xFC, 0x00, 0x00, 0x0F, 0xFF, 0x0B, 0xFF, 0x00, 0x00, 0x0B, 0xFF, 0x82, 0xFF,
    0xD0, 0x00, 0x03, 0xFF, 0xC0, 0x7F, 0xFC, 0x00, 0x03, 0xFF, 0xE0, 0x0F, 0xFF, 0x80, 0x07, 0xFF,
    0xF0, 0x01, 0xFF, 0xFE, 0xAF, 0xFF, 0xF4, 0x00, 0x3F, 0xFF, 0xFF, 0xFF, 0xF4, 0x00, 0x03, 0xFF,
    0xFF, 0xFF, 0xF4, 0x00, 0x00, 0x2F, 0xFF, 0xFF, 0xE0, 0x00, 0x00, 0x00, 0x6F, 0xFE, 0x40, 0x00,
    0x00, 0x00, 0x07, 0xFF, 0xFF, 0xE4, 0x00, 0x00, 0x0B, 0xFF, 0xFF, 0xFF, 0x40, 0x00, 0x0F, 0xFF,
    0xFF, 0xFF, 0xD0, 0x00, 0x0F, 0xFF, 0xFF, 0xFF, 0xF0, 0x00, 0x1F, 0xFE, 0xAB, 0xFF, 0xF4, 0x00,
    0x2F, 0xFC, 0x00, 0x7F, 0xFC, 0x00, 0x2F, 0xFC, 0x00, 0x3F, 0xFC, 0x00, 0x3F, 0xF8, 0x00, 0x2F,
    0xFC, 0x00, 0x3F, 0xF4, 0x00, 0x2F, 0xFC, 0x00, 0x7F, 0xF4, 0x00, 0x3F, 0xFC, 0x00, 0xBF, 0xF0,
    0x00, 0x3F, 0xFC, 0x00, 0xFF, 0xF0, 0x00, 0xFF, 0xF4, 0x00, 0xFF, 0xE0, 0x07, 0xFF, 0xF0, 0x00,
    0xFF, 0xFF, 0xFF, 0xFF, 0xD0, 0x01, 0xFF, 0xFF, 0xFF, 0xFF, 0x40, 0x02, 0xFF, 0xFF, 0xFF, 0xFD,
    0x00, 0x03, 0xFF, 0xFF, 0xFF, 0xD0, 0x00, 0x03, 0xFF, 0xEA, 0x54, 0x00, 0x00, 0x03, 0xFF, 0x40,
    0x00, 0x00, 0x00, 0x07, 0xFF, 0x00, 0x00, 0x00, 0x00, 0x0B, 0xFF, 0x00, 0x00, 0x00, 0x00, 0x0F,
    0xFE, 0x00, 0x00, 0x00, 0x00, 0x0F, 0xFE, 0x00, 0x00, 0x00, 0x00, 0x1F, 0xFD, 0x00, 0x00, 0x00,
    0x00, 0x2F, 0xFC, 0x00, 0x00, 0x00, 0x00, 0x2F, 0xFC, 0x00, 0x00, 0x00, 0x00, 0x3F, 0xF8, 0x00,
    0x00, 0x00, 0x00, 0x00, 0x00, 0x06, 0xFF, 0xE4, 0x00, 0x00, 0x00, 0x2F, 0xFF, 0xFF, 0xD0, 0x00,
    0x00, 0x7F, 0xFF, 0xFF, 0xFD, 0x00, 0x00, 0xBF, 0xFF, 0xFF, 0xFF, 0xD0, 0x00, 0xBF, 0xFF, 0xAB,
    0xFF, 0xFC, 0x00, 0x7F, 0xFE, 0x00, 0x1F, 0xFF, 0x40, 0x3F, 0xFE, 0x00, 0x01, 0xFF, 0xF0, 0x2F,
    0xFE, 0x00, 0x00, 0x3F, 0xFC, 0x0F, 0xFF, 0x00, 0x00, 0x0B, 0xFF, 0x07, 0xFF, 0x80, 0x00, 0x02,
    0xFF, 0xC3, 0xFF, 0xC0, 0x00, 0x00, 0xBF, 0xF0, 0xFF, 0xF0, 0x00, 0x00, 0x2F, 0xFC, 0x7F, 0xF8,
    0x00, 0x00, 0x0B, 0xFF, 0x2F, 0xFD, 0x00, 0x00, 0x03, 0xFF, 0xCB, 0xFF, 0x00, 0x00, 0x00, 0xFF,
    0xF2, 0xFF, 0xC0, 0x00, 0x00, 0x7F, 0xF8, 0xFF, 0xF0, 0x00, 0x00, 0x2F, 0xFD, 0x3F, 0xFC, 0x00,
    0x00, 0x0F, 0xFF, 0x0B, 0xFF, 0x00, 0x00, 0x0B, 0xFF, 0x82, 0xFF, 0xD0, 0x00, 0x03, 0xFF, 0xC0,
    0x7F, 0xFC, 0x00, 0x03, 0xFF, 0xE0, 0x0F, 0xFF, 0x80, 0x07, 0xFF, 0xF0, 0x01, 0xFF, 0xFE, 0xAF,
    0xFF, 0xF0, 0x00, 0x3F, 0xFF, 0xFF, 0xFF, 0xF0, 0x00, 0x03, 0xFF, 0xFF, 0xFF, 0xF0, 0x00, 0x00,
    0x2F, 0xFF, 0xFF, 0xD0, 0x00, 0x00, 0x00, 0xBF, 0xFF, 0xF4, 0x00, 0x00, 0x00, 0x00, 0x0F, 0xFF,
    0x00, 0x00, 0x00, 0x00, 0x02, 0xFF, 0xE0, 0x00, 0x00, 0x00, 0x00, 0x3F, 0xFC, 0x00, 0x00, 0x00,
    0x00, 0x0B, 0xFF, 0xC0, 0x00, 0x00, 0x00, 0x00, 0xFF, 0xF8, 0x00, 0x00, 0x00, 0x00, 0x1F, 0xFF,
    0x00, 0x00, 0x00, 0x07, 0xFF, 0xFF, 0x90, 0x00, 0x00, 0x2F, 0xFF, 0xFF, 0xF8, 0x00, 0x00, 0xFF,
    0xFF, 0xFF, 0xF8, 0x00, 0x03, 0xFF, 0xFF, 0xFF, 0xF4, 0x00, 0x1F, 0xFE, 0xAB, 0xFF, 0xF0, 0x00,
    0xBF, 0xF0, 0x03, 0xFF, 0xC0, 0x02, 0xFF, 0xC0, 0x0B, 0xFF, 0x40, 0x0F, 0xFE, 0x00, 0x1F, 0xFD,
    0x00, 0x3F, 0xF8, 0x00, 0xBF, 0xF0, 0x01, 0xFF, 0xD0, 0x03, 0xFF, 0xC0, 0x0B, 0xFF, 0x00, 0x1F,
    0xFE, 0x00, 0x3F, 0xFC, 0x06, 0xFF, 0xF4, 0x00, 0xFF, 0xFF, 0xFF, 0xFF, 0x80, 0x03, 0xFF, 0xFF,
    0xFF, 0xF8, 0x00, 0x1F, 0xFF, 0xFF, 0xFF, 0x40, 0x00, 0xBF, 0xFF, 0xFF, 0xE0, 0x00, 0x03, 0xFF,
    0xEB, 0xFF, 0xC0, 0x00, 0x0F, 0xFE, 0x07, 0xFF, 0x40, 0x00, 0x3F, 0xF4, 0x0F, 0xFF, 0x00, 0x01,
    0xFF, 0xC0, 0x2F, 0xFC, 0x00, 0x0B, 0xFF, 0x00, 0x7F, 0xF8, 0x00, 0x3F, 0xFC, 0x00, 0xFF, 0xF0,
    0x00, 0xFF, 0xE0, 0x02, 0xFF, 0xD0, 0x07, 0xFF, 0x40, 0x03, 0xFF, 0xC0, 0x2F, 0xFC, 0x00, 0x0F,
    0xFF, 0x00, 0xBF, 0xF0, 0x00, 0x2F, 0xFE, 0x03, 0xFF, 0x80, 0x00, 0x3F, 0xFC, 0x00, 0x00, 0x00,
    0x1B, 0xFF, 0x90, 0x00, 0x00, 0xBF, 0xFF, 0xFF, 0x80, 0x00, 0xFF, 0xFF, 0xFF, 0xF0, 0x00, 0xBF,
    0xFF, 0xFF, 0xF4, 0x00, 0x7F, 0xFF, 0xAB, 0xFC, 0x00, 0x3F, 0xFD, 0x00, 0x09, 0x00, 0x0F, 0xFF,
    0x00, 0x00, 0x00, 0x03, 0xFF, 0x80, 0x00, 0x00, 0x00, 0xFF, 0xF0, 0x00, 0x00, 0x00, 0x3F, 0xFD,
    0x00, 0x00, 0x00, 0x0B, 0xFF, 0xD0, 0x00, 0x00, 0x01, 0xFF, 0xFE, 0x00, 0x00, 0x00, 0x2F, 0xFF,
    0xF0, 0x00, 0x00, 0x02, 0xFF, 0xFF, 0x40, 0x00, 0x00, 0x2F, 0xFF, 0xF0, 0x00, 0x00, 0x01, 0xFF,
    0xFE, 0x00, 0x00, 0x00, 0x0F, 0xFF, 0xC0, 0x00, 0x00, 0x00, 0xFF, 0xF0, 0x00, 0x00, 0x00, 0x2F,
    0xFD, 0x00, 0x00, 0x00, 0x07, 0xFF, 0x40, 0x00, 0x00, 0x02, 0xFF, 0xC0, 0x1E, 0x00, 0x01, 0xFF,
    0xF0, 0x07, 0xFE, 0xAB, 0xFF, 0xF4, 0x01, 0xFF, 0xFF, 0xFF, 0xFC, 0x00, 0x7F, 0xFF, 0xFF, 0xFC,
    0x00, 0x0F, 0xFF, 0xFF, 0xF8, 0x00, 0x00, 0x2F, 0xFF, 0x90, 0x00, 0x00, 0x3F, 0xFF, 0xFF, 0xFF,
    0xFD, 0x7F, 0xFF, 0xFF, 0xFF, 0xFD, 0x7F, 0xFF, 0xFF, 0xFF, 0xFC, 0xBF, 0xFF, 0xFF, 0xFF, 0xFC,
    0x6A, 0xAF, 0xFF, 0xAA, 0xA4, 0x00, 0x0B, 0xFF, 0x00, 0x00, 0x00, 0x0F, 0xFF, 0x00, 0x00, 0x00,
    0x0F, 0xFE, 0x00, 0x00, 0x00, 0x1F, 0xFD, 0x00, 0x00, 0x00, 0x2F, 0xFC, 0x00, 0x00, 0x00, 0x3F,
    0xFC, 0x00, 0x00, 0x00, 0x3F, 0xF8, 0x00, 0x00, 0x00, 0x3F, 0xF8, 0x00, 0x00, 0x00, 0x7F, 0xF4,
    0x00, 0x00, 0x00, 0xBF, 0xF0, 0x00, 0x00, 0x00, 0xFF, 0xF0, 0x00, 0x00, 0x00, 0xFF, 0xE0, 0x00,
    0x00, 0x00, 0xFF, 0xD0, 0x00, 0x00, 0x01, 0xFF, 0xD0, 0x00, 0x00, 0x02, 0xFF, 0xC0, 0x00, 0x00,
    0x03, 0xFF, 0xC0, 0x00, 0x00, 0x03, 0xFF, 0x80, 0x00, 0x00, 0x03, 0xFF, 0x40, 0x00, 0x00, 0x07,
    0xFF, 0x40, 0x00, 0x00, 0x0B, 0xFF, 0x00, 0x00, 0x00, 0x0F, 0xFF, 0x00, 0x00, 0x00, 0x0F, 0xFE,
    0x00, 0x00, 0x00, 0x00, 0xBF, 0xF0, 0x00, 0x0B, 0xFF, 0x00, 0x3F, 0xFC, 0x00, 0x02, 0xFF, 0xC0,
    0x0F, 0xFE, 0x00, 0x00, 0xFF, 0xE0, 0x07, 0xFF, 0x40, 0x00, 0x3F, 0xF8, 0x02, 0xFF, 0xC0, 0x00,
    0x1F, 0xFD, 0x00, 0xFF, 0xF0, 0x00, 0x0B, 0xFF, 0x00, 0x3F, 0xF8, 0x00, 0x03, 0xFF, 0xC0, 0x0F,
    0xFE, 0x00, 0x00, 0xFF, 0xE0, 0x07, 0xFF, 0x40, 0x00, 0x3F, 0xF4, 0x02, 0xFF, 0xC0, 0x00, 0x1F,
    0xFC, 0x00, 0xFF, 0xF0, 0x00, 0x0B, 0xFF, 0x00, 0x3F, 0xF8, 0x00, 0x03, 0xFF, 0xC0, 0x1F, 0xFD,
    0x00, 0x00, 0xFF, 0xE0, 0x0B, 0xFF, 0x00, 0x00, 0x7F, 0xF4, 0x02, 0xFF, 0xC0, 0x00, 0x1F, 0xFC,
    0x00, 0xFF, 0xF0, 0x00, 0x0B, 0xFF, 0x00, 0x3F, 0xF8, 0x00, 0x03, 0xFF, 0x80, 0x1F, 0xFD, 0x00,
    0x00, 0xFF, 0xE0, 0x07, 0xFF, 0x40, 0x00, 0x7F, 0xF4, 0x01, 0xFF, 0xD0, 0x00, 0x3F, 0xFC, 0x00,
    0x7F, 0xF4, 0x00, 0x1F, 0xFE, 0x00, 0x0F, 0xFF, 0x00, 0x1F, 0xFF, 0x00, 0x03, 0xFF, 0xFA, 0xBF,
    0xFF, 0x80, 0x00, 0x7F, 0xFF, 0xFF, 0xFF, 0xC0, 0x00, 0x0B, 0xFF, 0xFF, 0xFF, 0xC0, 0x00, 0x00,
    0x7F, 0xFF, 0xFF, 0x80, 0x00, 0x00, 0x01, 0xBF, 0xF9, 0x00, 0x00, 0x00, 0xBF, 0xF0, 0x00, 0x00,
    0xBF, 0xF5, 0xFF, 0xC0, 0x00, 0x03, 0xFF, 0x87, 0xFF, 0x00, 0x00, 0x1F, 0xFC, 0x1F, 0xFC, 0x00,
    0x00, 0xFF, 0xE0, 0x3F, 0xF0, 0x00, 0x07, 0xFF, 0x00, 0xFF, 0xC0, 0x00, 0x3F, 0xF8, 0x03, 0xFF,
    0x00, 0x01, 0xFF, 0xC0, 0x0F, 0xFC, 0x00, 0x0F, 0xFE, 0x00, 0x3F, 0xF4, 0x00, 0x7F, 0xF0, 0x00,
    0xFF, 0xD0, 0x03, 0xFF, 0x80, 0x02, 0xFF, 0x40, 0x1F, 0xFC, 0x00, 0x0B, 0xFD, 0x00, 0xFF, 0xE0,
    0x00, 0x2F, 0xF8, 0x07, 0xFF, 0x00, 0x00, 0x7F, 0xE0, 0x3F, 0xF8, 0x00, 0x01, 0xFF, 0x81, 0xFF,
    0xC0, 0x00, 0x07, 0xFE, 0x0F, 0xFE, 0x00, 0x00, 0x0F, 0xF8, 0x7F, 0xF0, 0x00, 0x00, 0x3F, 0xF2,
    0xFF, 0x80, 0x00, 0x00, 0xFF, 0xCF, 0xFC, 0x00, 0x00, 0x03, 0xFF, 0x7F, 0xE0, 0x00, 0x00, 0x0F,
    0xFB, 0xFF, 0x00, 0x00, 0x00, 0x3F, 0xFF, 0xF8, 0x00, 0x00, 0x00, 0xBF, 0xFF, 0xC0, 0x00, 0x00,
    0x02, 0xFF, 0xFE, 0x00, 0x00, 0x00, 0x0B, 0xFF, 0xF0, 0x00, 0x00, 0x00, 0x1F, 0xFF, 0x80, 0x00,
    0x00, 0x00, 0x7F, 0xFC, 0x00, 0x00, 0x00, 0x00, 0xBF, 0xE0, 0x00, 0x0B, 0xFE, 0x00, 0x00, 0xFF,
    0xF2, 0xFF, 0x80, 0x00, 0x3F, 0xF8, 0x00, 0x03, 0xFF, 0x4B, 0xFE, 0x00, 0x01, 0xFF, 0xE0, 0x00,
    0x2F, 0xFC, 0x2F, 0xF8, 0x00, 0x0F, 0xFF, 0x80, 0x00, 0xFF, 0xE0, 0x7F, 0xE0, 0x00, 0x7F, 0xFE,
    0x00, 0x07, 0xFF, 0x01, 0xFF, 0x80, 0x03, 0xFF, 0xF8, 0x00, 0x3F, 0xF8, 0x07, 0xFE, 0x00, 0x0F,
    0xFF, 0xF0, 0x01, 0xFF, 0xC0, 0x1F, 0xF8, 0x00, 0xBF, 0xFF, 0xC0, 0x0B, 0xFF, 0x00, 0x7F, 0xE0,
    0x03, 0xFF, 0xFF, 0x00, 0x3F, 0xF4, 0x01, 0xFF, 0x80, 0x2F, 0xFB, 0xFC, 0x02, 0xFF, 0xC0, 0x07,
    0xFE, 0x00, 0xFF, 0xAF, 0xF0, 0x0F, 0xFD, 0x00, 0x1F, 0xF8, 0x07, 0xFC, 0xBF, 0xC0, 0x7F, 0xF0,
    0x00, 0x3F, 0xE0, 0x3F, 0xF1, 0xFF, 0x03, 0xFF, 0x80, 0x00, 0xFF, 0x81, 0xFF, 0x47, 0xFC, 0x0F,
    0xFC, 0x00, 0x03, 0xFE, 0x0F, 0xFC, 0x1F, 0xF0, 0xBF, 0xE0, 0x00, 0x0F, 0xF8, 0x3F, 0xE0, 0x7F,
    0xC3, 0xFF, 0x00, 0x00, 0x3F, 0xE2, 0xFF, 0x01, 0xFF, 0x1F, 0xFC, 0x00, 0x00, 0xFF, 0x8F, 0xF8,
    0x07, 0xFC, 0xBF, 0xD0, 0x00, 0x03, 0xFE, 0x7F, 0xC0, 0x1F, 0xF3, 0xFF, 0x00, 0x00, 0x0F, 0xFB,
    0xFE, 0x00, 0x7F, 0xDF, 0xF4, 0x00, 0x00, 0x3F, 0xEF, 0xF4, 0x01, 0xFF, 0xFF, 0xC0, 0x00, 0x00,
    0xFF, 0xFF, 0xC0, 0x07, 0xFF, 0xFE, 0x00, 0x00, 0x03, 0xFF, 0xFD, 0x00, 0x1F, 0xFF, 0xF0, 0x00,
    0x00, 0x0F, 0xFF, 0xF0, 0x00, 0x3F, 0xFF, 0x80, 0x00, 0x00, 0x3F, 0xFF, 0x80, 0x00, 0xFF, 0xFD,
    0x00, 0x00, 0x00, 0xFF, 0xFC, 0x00, 0x03, 0xFF, 0xF0, 0x00, 0x00, 0x03, 0xFF, 0xE0, 0x00, 0x0F,
    0xFF, 0x40, 0x00, 0x00, 0x00, 0x00, 0x03, 0xFF, 0xC0, 0x00, 0x0F, 0xFF, 0x40, 0x00, 0x7F, 0xF4,
    0x00, 0x0B, 0xFF, 0x80, 0x00, 0x0F, 0xFF, 0x00, 0x07, 0xFF, 0xC0, 0x00, 0x03, 0xFF, 0xC0, 0x03,
    0xFF, 0xC0, 0x00, 0x00, 0x7F, 0xF4, 0x03, 0xFF, 0xD0, 0x00, 0x00, 0x0F, 0xFE, 0x02, 0xFF, 0xE0,
    0x00, 0x00, 0x02, 0xFF, 0xC1, 0xFF, 0xF0, 0x00, 0x00, 0x00, 0x7F, 0xF0, 0xFF, 0xF0, 0x00, 0x00,
    0x00, 0x0F, 0xFE, 0xBF, 0xF4, 0x00, 0x00, 0x00, 0x02, 0xFF, 0xFF, 0xF8, 0x00, 0x00, 0x00, 0x00,
    0x7F, 0xFF, 0xFC, 0x00, 0x00, 0x00, 0x00, 0x0F, 0xFF, 0xFC, 0x00, 0x00, 0x00, 0x00, 0x02, 0xFF,
    0xFD, 0x00, 0x00, 0x00, 0x00, 0x00, 0xFF, 0xFF, 0x00, 0x00, 0x00, 0x00, 0x00, 0xFF, 0xFF, 0xD0,
    0x00, 0x00, 0x00, 0x00, 0xBF, 0xFF, 0xF8, 0x00, 0x00, 0x00, 0x00, 0x7F, 0xFF, 0xFF, 0x00, 0x00,
    0x00, 0x00, 0x3F, 0xFD, 0xFF, 0xD0, 0x00, 0x00, 0x00, 0x3F, 0xFC, 0x3F, 0xF8, 0x00, 0x00, 0x00,
    0x2F, 0xFE, 0x0F, 0xFF, 0x00, 0x00, 0x00, 0x1F, 0xFF, 0x01, 0xFF, 0xD0, 0x00, 0x00, 0x0F, 0xFF,
    0x00, 0x3F, 0xFC, 0x00, 0x00, 0x0F, 0xFF, 0x40, 0x0F, 0xFF, 0x00, 0x00, 0x0B, 0xFF, 0x80, 0x02,
    0xFF, 0xD0, 0x00, 0x07, 0xFF, 0xC0, 0x00, 0x7F, 0xFC, 0x00, 0x03, 0xFF, 0xD0, 0x00, 0x0F, 0xFF,
    0x00, 0x03, 0xFF, 0xE0, 0x00, 0x02, 0xFF, 0xE0, 0x00, 0x7F, 0xF0, 0x00, 0x03, 0xFF, 0xD3, 0xFF,
    0x40, 0x00, 0xBF, 0xF8, 0x3F, 0xF8, 0x00, 0x0F, 0xFF, 0x02, 0xFF, 0xC0, 0x03, 0xFF, 0xC0, 0x1F,
    0xFC, 0x00, 0x7F, 0xF8, 0x00, 0xFF, 0xD0, 0x0F, 0xFF, 0x00, 0x0F, 0xFE, 0x02, 0xFF, 0xC0, 0x00,
    0xBF, 0xE0, 0x7F, 0xF8, 0x00, 0x07, 0xFF, 0x0F, 0xFF, 0x00, 0x00, 0x3F, 0xF2, 0xFF, 0xC0, 0x00,
    0x03, 0xFF, 0xBF, 0xF4, 0x00, 0x00, 0x2F, 0xFF, 0xFF, 0x00, 0x00, 0x01, 0xFF, 0xFF, 0xC0, 0x00,
    0x00, 0x0F, 0xFF, 0xF4, 0x00, 0x00, 0x00, 0xFF, 0xFF, 0x00, 0x00, 0x00, 0x0B, 0xFF, 0xC0, 0x00,
    0x00, 0x00, 0x7F, 0xF4, 0x00, 0x00, 0x00, 0x07, 0xFF, 0x00, 0x00, 0x00, 0x00, 0xBF, 0xF0, 0x00,
    0x00, 0x00, 0x0F, 0xFE, 0x00, 0x00, 0x00, 0x00, 0xFF, 0xD0, 0x00, 0x00, 0x00, 0x1F, 0xFD, 0x00,
    0x00, 0x00, 0x02, 0xFF, 0xC0, 0x00, 0x00, 0x00, 0x2F, 0xFC, 0x00, 0x00, 0x00, 0x03, 0xFF, 0x80,
    0x00, 0x00, 0x00, 0x3F, 0xF4, 0x00, 0x00, 0x00, 0x07, 0xFF, 0x00, 0x00, 0x00, 0x00, 0x00, 0x07,
    0xFF, 0xFF, 0xFF, 0xFF, 0x00, 0x07, 0xFF, 0xFF, 0xFF, 0xFE, 0x00, 0x0B, 0xFF, 0xFF, 0xFF, 0xFD,
    0x00, 0x0F, 0xFF, 0xFF, 0xFF, 0xFD, 0x00, 0x0A, 0xAA, 0xAA, 0xFF, 0xF8, 0x00, 0x00, 0x00, 0x03,
    0xFF, 0xF0, 0x00, 0x00, 0x00, 0x0B, 0xFF, 0xC0, 0x00, 0x00, 0x00, 0x1F, 0xFF, 0x40, 0x00, 0x00,
    0x00, 0x3F, 0xFE, 0x00, 0x00, 0x00, 0x00, 0xFF, 0xFC, 0x00, 0x00, 0x00, 0x02, 0xFF, 0xF0, 0x00,
    0x00, 0x00, 0x07, 0xFF, 0xD0, 0x00, 0x00, 0x00, 0x1F, 0xFF, 0x80, 0x00, 0x00, 0x00, 0x3F, 0xFF,
    0x00, 0x00, 0x00, 0x00, 0xFF, 0xFC, 0x00, 0x00, 0x00, 0x02, 0xFF, 0xF0, 0x00, 0x00, 0x00, 0x07,
    0xFF, 0xD0, 0x00, 0x00, 0x00, 0x0F, 0xFF, 0x80, 0x00, 0x00, 0x00, 0x3F, 0xFF, 0x00, 0x00, 0x00,
    0x00, 0xBF, 0xFC, 0x00, 0x00, 0x00, 0x01, 0xFF, 0xF4, 0x00, 0x00, 0x00, 0x03, 0xFF, 0xE0, 0x00,
    0x00, 0x00, 0x0F, 0xFF, 0xEA, 0xAA, 0xA9, 0x00, 0x1F, 0xFF, 0xFF, 0xFF, 0xFE, 0x00, 0x2F, 0xFF,
    0xFF, 0xFF, 0xFD, 0x00, 0x3F, 0xFF, 0xFF, 0xFF, 0xFC, 0x00, 0x3F, 0xFF, 0xFF, 0xFF, 0xFC, 0x00,
    0x00, 0x03, 0xFF, 0xFF, 0x00, 0x03, 0xFF, 0xFE, 0x00, 0x03, 0xFF, 0xFD, 0x00, 0x07, 0xFF, 0xFC,
    0x00, 0x0B, 0xFC, 0x00, 0x00, 0x0F, 0xFC, 0x00, 0x00, 0x0F, 0xF8, 0x00, 0x00, 0x1F, 0xF4, 0x00,
    0x00, 0x2F, 0xF0, 0x00, 0x00, 0x2F, 0xF0, 0x00, 0x00, 0x3F, 0xF0, 0x00, 0x00, 0x3F, 0xE0, 0x00,
    0x00, 0x7F, 0xD0, 0x00, 0x00, 0xBF, 0xC0, 0x00, 0x00, 0xFF, 0xC0, 0x00, 0x00, 0xFF, 0xC0, 0x00,
    0x00, 0xFF, 0x80, 0x00, 0x01, 0xFF, 0x40, 0x00, 0x02, 0xFF, 0x00, 0x00, 0x03, 0xFF, 0x00, 0x00,
    0x03, 0xFE, 0x00, 0x00, 0x03, 0xFD, 0x00, 0x00, 0x07, 0xFD, 0x00, 0x00, 0x0B, 0xFC, 0x00, 0x00,
    0x0F, 0xFC, 0x00, 0x00, 0x0F, 0xF8, 0x00, 0x00, 0x1F, 0xF4, 0x00, 0x00, 0x2F, 0xF0, 0x00, 0x00,
    0x2F, 0xF0, 0x00, 0x00, 0x3F, 0xFF, 0xE0, 0x00, 0x3F, 0xFF, 0xE0, 0x00, 0x7F, 0xFF, 0xD0, 0x00,
    0xBF, 0xFF, 0xC0, 0x00, 0xFF, 0x80, 0x2F, 0xF0, 0x0B, 0xFC, 0x01, 0xFF, 0x00, 0x7F, 0xD0, 0x0F,
    0xF8, 0x03, 0xFE, 0x00, 0xFF, 0xC0, 0x2F, 0xF0, 0x07, 0xFC, 0x01, 0xFF, 0x40, 0x3F, 0xD0, 0x0F,
    0xF8, 0x03, 0xFF, 0x00, 0xBF, 0xC0, 0x2F, 0xF0, 0x07, 0xFD, 0x00, 0xFF, 0x40, 0x3F, 0xE0, 0x0F,
    0xFC, 0x03, 0xFF, 0x00, 0xBF, 0xC0, 0x1F, 0xF4, 0x07, 0xFD, 0x00, 0xFF, 0x80, 0x3F, 0xE0, 0x0F,
    0xFC, 0x00, 0x02, 0xFF, 0xFF, 0x00, 0x00, 0xFF, 0xFF, 0xC0, 0x00, 0x3F, 0xFF, 0xE0, 0x00, 0x1F,
    0xFF, 0xF4, 0x00, 0x00, 0x0B, 0xFC, 0x00, 0x00, 0x03, 0xFF, 0x00, 0x00, 0x00, 0xFF, 0x80, 0x00,
    0x00, 0x3F, 0xE0, 0x00, 0x00, 0x1F, 0xF4, 0x00, 0x00, 0x0B, 0xFC, 0x00, 0x00, 0x03, 0xFF, 0x00,
    0x00, 0x00, 0xFF, 0x80, 0x00, 0x00, 0x7F, 0xD0, 0x00, 0x00, 0x1F, 0xF0, 0x00, 0x00, 0x0B, 0xFC,
    0x00, 0x00, 0x03, 0xFF, 0x00, 0x00, 0x00, 0xFF, 0x80, 0x00, 0x00, 0x7F, 0xD0, 0x00, 0x00, 0x2F,
    0xF0, 0x00, 0x00, 0x0F, 0xFC, 0x00, 0x00, 0x03, 0xFF, 0x00, 0x00, 0x00, 0xFF, 0x80, 0x00, 0x00,
    0x7F, 0xD0, 0x00, 0x00, 0x2F, 0xF0, 0x00, 0x00, 0x0F, 0xFC, 0x00, 0x00, 0x03, 0xFE, 0x00, 0x00,
    0x01, 0xFF, 0x40, 0x00, 0x00, 0x7F, 0xD0, 0x00, 0x00, 0x2F, 0xF0, 0x00, 0x0F, 0xFF, 0xFC, 0x00,
    0x03, 0xFF, 0xFE, 0x00, 0x00, 0xFF, 0xFF, 0x40, 0x00, 0x7F, 0xFF, 0xC0, 0x00, 0x00, 0x00, 0x00,
    0x00, 0xA4, 0x00, 0x00, 0x00, 0x02, 0xFC, 0x00, 0x00, 0x00, 0x07, 0xFC, 0x00, 0x00, 0x00, 0x0F,
    0xFE, 0x00, 0x00, 0x00, 0x2F, 0xFF, 0x00, 0x00, 0x00, 0x7F, 0xFF, 0x00, 0x00, 0x00, 0xFF, 0xFF,
    0x40, 0x00, 0x02, 0xFE, 0x3F, 0x80, 0x00, 0x03, 0xFC, 0x3F, 0xC0, 0x00, 0x0F, 0xF4, 0x2F, 0xD0,
    0x00, 0x2F, 0xF0, 0x1F, 0xE0, 0x00, 0x3F, 0xC0, 0x0F, 0xF0, 0x00, 0xFF, 0x80, 0x0F, 0xF0, 0x01,
    0xFF, 0x00, 0x0B, 0xF4, 0x03, 0xFD, 0x00, 0x07, 0xF8, 0x0B, 0xF8, 0x00, 0x03, 0xFC, 0x1F, 0xF0,
    0x00, 0x03, 0xFD, 0x3F, 0xD0, 0x00, 0x01, 0xFE, 0x3F, 0xFF, 0xFF, 0xFF, 0x0F, 0xFF, 0xFF, 0xFF,
    0xC7, 0xFF, 0xFF, 0xFF, 0xE0, 0x7F, 0xF4, 0x0F, 0xFE, 0x00, 0xFF, 0xC0, 0x1F, 0xF4, 0x02, 0xFF,
    0x00, 0x2F, 0xC0, 0x00, 0x02, 0xFF, 0x80, 0xFF, 0x80, 0x07, 0xFF, 0xFC, 0x7F, 0xD0, 0x07, 0xFF,
    0xFF, 0xAF, 0xF0, 0x03, 0xFF, 0xFF, 0xFF, 0xFC, 0x03, 0xFF, 0xFA, 0xFF, 0xFE, 0x01, 0xFF, 0xF0,
    0x0F, 0xFF, 0x80, 0xFF, 0xF4, 0x02, 0xFF, 0xD0, 0x7F, 0xF8, 0x00, 0x7F, 0xF0, 0x2F, 0xFD, 0x00,
    0x1F, 0xFC, 0x0F, 0xFF, 0x00, 0x0B, 0xFE, 0x03, 0xFF, 0x80, 0x03, 0xFF, 0x80, 0xFF, 0xE0, 0x00,
    0xFF, 0xD0, 0x7F, 0xF4, 0x00, 0x7F, 0xF0, 0x1F, 0xFD, 0x00, 0x3F, 0xFC, 0x07, 0xFF, 0x80, 0x1F,
    0xFE, 0x00, 0xFF, 0xF0, 0x1F, 0xFF, 0x40, 0x3F, 0xFF, 0xAF, 0xFF, 0xD0, 0x0B, 0xFF, 0xFF, 0xFF,
    0xF0, 0x01, 0xFF, 0xFF, 0xEF, 0xFC, 0x00, 0x1F, 0xFF, 0xD3, 0xFE, 0x00, 0x01, 0xBF, 0x80, 0xFF,
    0x40, 0x00, 0x00, 0x07, 0xFF, 0x00, 0x00, 0x00, 0x02, 0xFF, 0xC0, 0x00, 0x00, 0x00, 0xFF, 0xE0,
    0x00, 0x00, 0x00, 0x3F, 0xF8, 0x00, 0x00, 0x00, 0x0F, 0xFD, 0x00, 0x00, 0x00, 0x07, 0xFF, 0x00,
    0x00, 0x00, 0x02, 0xFF, 0xC0, 0x00, 0x00, 0x00, 0xFF, 0xE0, 0x00, 0x00, 0x00, 0x3F, 0xF4, 0x7F,
    0xD0, 0x00, 0x1F, 0xFC, 0xBF, 0xFE, 0x00, 0x07, 0xFF, 0xBF, 0xFF, 0xE0, 0x02, 0xFF, 0xFF, 0xFF,
    0xFC, 0x00, 0xFF, 0xFF, 0xAF, 0xFF, 0x40, 0x3F, 0xFD, 0x01, 0xFF, 0xE0, 0x1F, 0xFE, 0x00, 0x3F,
    0xF8, 0x0B, 0xFF, 0x00, 0x0F, 0xFE, 0x02, 0xFF, 0x80, 0x03, 0xFF, 0x80, 0xFF, 0xD0, 0x00, 0xFF,
    0xE0, 0x3F, 0xF0, 0x00, 0x3F, 0xF4, 0x1F, 0xFC, 0x00, 0x1F, 0xFC, 0x0B, 0xFE, 0x00, 0x0F, 0xFF,
    0x03, 0xFF, 0x80, 0x07, 0xFF, 0x80, 0xFF, 0xF0, 0x03, 0xFF, 0xC0, 0x3F, 0xFD, 0x02, 0xFF, 0xE0,
    0x1F, 0xFF, 0xEB, 0xFF, 0xF0, 0x0B, 0xFF, 0xFF, 0xFF, 0xF4, 0x03, 0xFF, 0xBF, 0xFF, 0xF8, 0x00,
    0xFF, 0x4F, 0xFF, 0xF8, 0x00, 0x3F, 0xC0, 0x7F, 0xE0, 0x00, 0x00, 0x00, 0x00, 0xBF, 0xF9, 0x00,
    0x00, 0xBF, 0xFF, 0xFD, 0x00, 0x3F, 0xFF, 0xFF, 0xC0, 0x0F, 0xFF, 0xFF, 0xF8, 0x03, 0xFF, 0xFA,
    0xBF, 0x00, 0xBF, 0xFC, 0x00, 0x10, 0x0F, 0xFF, 0x00, 0x00, 0x01, 0xFF, 0xE0, 0x00, 0x00, 0x3F,
    0xFC, 0x00, 0x00, 0x03, 0xFF, 0xC0, 0x00, 0x00, 0x3F, 0xF8, 0x00, 0x00, 0x07, 0xFF, 0x40, 0x00,
    0x00, 0x7F, 0xF4, 0x00, 0x00, 0x07, 0xFF, 0x40, 0x00, 0x00, 0x7F, 0xF8, 0x00, 0x00, 0x03, 0xFF,
    0xC0, 0x02, 0x40, 0x3F, 0xFF, 0xAB, 0xF4, 0x01, 0xFF, 0xFF, 0xFF, 0x40, 0x0B, 0xFF, 0xFF, 0xF4,
    0x00, 0x2F, 0xFF, 0xFF, 0x40, 0x00, 0x2F, 0xFE, 0x40, 0x00, 0x00, 0x00, 0x00, 0x00, 0x7F, 0xF0,
    0x00, 0x00, 0x00, 0x01, 0xFF, 0xC0, 0x00, 0x00, 0x00, 0x0B, 0xFF, 0x00, 0x00, 0x00, 0x00, 0x3F,
    0xF8, 0x00, 0x00, 0x00, 0x00, 0xFF, 0xD0, 0x00, 0x00, 0x00, 0x07, 0xFF, 0x00, 0x00, 0x00, 0x00,
    0x2F, 0xFC, 0x00, 0x00, 0x00, 0x00, 0xBF, 0xF0, 0x00, 0x01, 0xFF, 0x43, 0xFF, 0x80, 0x00, 0x7F,
    0xFF, 0x8F, 0xFD, 0x00, 0x07, 0xFF, 0xFF, 0x7F, 0xF0, 0x00, 0x3F, 0xFF, 0xFF, 0xFF, 0xC0, 0x03,
    0xFF, 0xFA, 0xFF, 0xFE, 0x00, 0x1F, 0xFF, 0x00, 0xFF, 0xF8, 0x00, 0xFF, 0xF0, 0x02, 0xFF, 0xD0,
    0x07, 0xFF, 0x80, 0x07, 0xFF, 0x00, 0x2F, 0xFC, 0x00, 0x1F, 0xFC, 0x00, 0xFF, 0xF0, 0x00, 0xBF,
    0xE0, 0x03, 0xFF, 0x80, 0x02, 0xFF, 0x40, 0x0F, 0xFD, 0x00, 0x0F, 0xFD, 0x00, 0x7F, 0xF4, 0x00,
    0x7F, 0xF0, 0x01, 0xFF, 0xD0, 0x02, 0xFF, 0xC0, 0x07, 0xFF, 0x40, 0x1F, 0xFE, 0x00, 0x0F, 0xFF,
    0x00, 0xFF, 0xF4, 0x00, 0x3F, 0xFF, 0xAF, 0xFF, 0xC0, 0x00, 0xBF, 0xFF, 0xFF, 0xFF, 0x00, 0x00,
    0xFF, 0xFF, 0xFB, 0xFC, 0x00, 0x01, 0xFF, 0xFE, 0x2F, 0xE0, 0x00, 0x00, 0xBF, 0x90, 0xFF, 0x40,
    0x00, 0x00, 0x00, 0x6F, 0xF9, 0x00, 0x00, 0x2F, 0xFF, 0xFF, 0x00, 0x03, 0xFF, 0xFF, 0xFF, 0x00,
    0x3F, 0xFF, 0xFF, 0xFE, 0x03, 0xFF, 0xFE, 0xBF, 0xFC, 0x1F, 0xFF, 0x00, 0x7F, 0xF0, 0xFF, 0xF0,
    0x01, 0xFF, 0xC7, 0xFF, 0x40, 0x0F, 0xFE, 0x2F, 0xFC, 0x06, 0xFF, 0xF4, 0xFF, 0xFF, 0xFF, 0xFF,
    0x83, 0xFF, 0xFF, 0xFF, 0xF8, 0x1F, 0xFF, 0xFF, 0xFF, 0x40, 0x7F, 0xFF, 0xFE, 0x40, 0x01, 0xFF,
    0xC0, 0x00, 0x00, 0x07, 0xFF, 0x40, 0x00, 0x00, 0x0F, 0xFF, 0x00, 0x01, 0x80, 0x3F, 0xFF, 0xAA,
    0xFF, 0x00, 0x7F, 0xFF, 0xFF, 0xFC, 0x00, 0xBF, 0xFF, 0xFF, 0xF0, 0x00, 0xBF, 0xFF, 0xFF, 0x40,
    0x00, 0x2F, 0xFF, 0x90, 0x00, 0x00, 0x00, 0x00, 0x07, 0xFF, 0x90, 0x00, 0x00, 0x00, 0xFF, 0xFF,
    0xC0, 0x00, 0x00, 0x0F, 0xFF, 0xFE, 0x00, 0x00, 0x00, 0xBF, 0xFF, 0xF4, 0x00, 0x00, 0x03, 0xFF,
    0xEA, 0xC0, 0x00, 0x00, 0x1F, 0xFD, 0x00, 0x00, 0x00, 0x00, 0xBF, 0xF0, 0x00, 0x00, 0x00, 0x03,
    0xFF, 0x80, 0x00, 0x00, 0x00, 0x2F, 0xFF, 0xFD, 0x00, 0x00, 0x0B, 0xFF, 0xFF, 0xF4, 0x00, 0x00,
    0xFF, 0xFF, 0xFF, 0xC0, 0x00, 0x03, 0xFF, 0xFF, 0xFF, 0x00, 0x00, 0x0A, 0xBF, 0xFE, 0xA4, 0x00,
    0x00, 0x00, 0xFF, 0xD0, 0x00, 0x00, 0x00, 0x07, 0xFF, 0x00, 0x00, 0x00, 0x00, 0x2F, 0xFC, 0x00,
    0x00, 0x00, 0x00, 0xFF, 0xF0, 0x00, 0x00, 0x00, 0x03, 0xFF, 0x80, 0x00, 0x00, 0x00, 0x1F, 0xFD,
    0x00, 0x00, 0x00, 0x00, 0x7F, 0xF0, 0x00, 0x00, 0x00, 0x02, 0xFF, 0xC0, 0x00, 0x00, 0x00, 0x0F,
    0xFE, 0x00, 0x00, 0x00, 0x00, 0x3F, 0xF8, 0x00, 0x00, 0x00, 0x01, 0xFF, 0xD0, 0x00, 0x00, 0x00,
    0x0B, 0xFF, 0x00, 0x00, 0x00, 0x00, 0x2F, 0xFC, 0x00, 0x00, 0x00, 0x00, 0xFF, 0xE0, 0x00, 0x00,
    0x00, 0x03, 0xFF, 0x40, 0x00, 0x00, 0x00, 0x1F, 0xFC, 0x00, 0x00, 0x00, 0x00, 0xBF, 0xF0, 0x00,
    0x00, 0x00, 0x03, 0xFF, 0xC0, 0x00, 0x00, 0x00, 0x0F, 0xFE, 0x00, 0x00, 0x00, 0x00, 0xBF, 0xF4,
    0x00, 0x00, 0x03, 0xAF, 0xFF, 0xC0, 0x00, 0x00, 0x0F, 0xFF, 0xFE, 0x00, 0x00, 0x00, 0x3F, 0xFF,
    0xF0, 0x00, 0x00, 0x00, 0xFF, 0xFF, 0x00, 0x00, 0x00, 0x02, 0xFF, 0x90, 0x00, 0x00, 0x00, 0x00,
    0x00, 0x00, 0xBF, 0xE0, 0x3F, 0xE0, 0x00, 0x7F, 0xFF, 0xC7, 0xFD, 0x00, 0x1F, 0xFF, 0xFE, 0xBF,
    0xC0, 0x03, 0xFF, 0xFF, 0xFF, 0xFC, 0x00, 0xFF, 0xFE, 0xBF, 0xFF, 0x80, 0x1F, 0xFF, 0x00, 0xFF,
    0xF8, 0x03, 0xFF, 0xD0, 0x0B, 0xFF, 0x40, 0x7F, 0xF8, 0x00, 0x7F, 0xF0, 0x0B, 0xFF, 0x40, 0x07,
    0xFF, 0x00, 0xFF, 0xF0, 0x00, 0xBF, 0xE0, 0x0F, 0xFE, 0x00, 0x0F, 0xFD, 0x00, 0xFF, 0xE0, 0x00,
    0xFF, 0xD0, 0x1F, 0xFD, 0x00, 0x1F, 0xFC, 0x01, 0xFF, 0xD0, 0x03, 0xFF, 0xC0, 0x1F, 0xFD, 0x00,
    0x7F, 0xF8, 0x00, 0xFF, 0xF0, 0x1F, 0xFF, 0x40, 0x0F, 0xFF, 0x9B, 0xFF, 0xF0, 0x00, 0xFF, 0xFF,
    0xFF, 0xFF, 0x00, 0x07, 0xFF, 0xFF, 0xBF, 0xF0, 0x00, 0x2F, 0xFF, 0xCF, 0xFE, 0x00, 0x00, 0x7F,
    0xE0, 0xFF, 0xD0, 0x00, 0x00, 0x00, 0x0F, 0xFC, 0x00, 0x00, 0x00, 0x02, 0xFF, 0xC0, 0x00, 0x00,
    0x00, 0x3F, 0xF8, 0x00, 0x74, 0x00, 0x0F, 0xFF, 0x40, 0x07, 0xFE, 0xAB, 0xFF, 0xF0, 0x00, 0x7F,
    0xFF, 0xFF, 0xFC, 0x00, 0x07, 0xFF, 0xFF, 0xFF, 0x40, 0x00, 0x7F, 0xFF, 0xFF, 0xC0, 0x00, 0x00,
    0x6F, 0xFF, 0x80, 0x00, 0x00, 0x00, 0x07, 0xFF, 0x00, 0x00, 0x00, 0x02, 0xFF, 0xC0, 0x00, 0x00,
    0x00, 0xFF, 0xE0, 0x00, 0x00, 0x00, 0x3F, 0xF4, 0x00, 0x00, 0x00, 0x0F, 0xFD, 0x00, 0x00, 0x00,
    0x07, 0xFF, 0x00, 0x00, 0x00, 0x02, 0xFF, 0xC0, 0x00, 0x00, 0x00, 0xFF, 0xE0, 0x00, 0x00, 0x00,
    0x3F, 0xF4, 0x6F, 0xE0, 0x00, 0x1F, 0xFC, 0xFF, 0xFF, 0x40, 0x07, 0xFF, 0xFF, 0xFF, 0xF0, 0x02,
    0xFF, 0xFF, 0xFF, 0xFD, 0x00, 0xFF, 0xFE, 0x07, 0xFF, 0x80, 0x3F, 0xFE, 0x00, 0xFF, 0xE0, 0x1F,
    0xFF, 0x00, 0x3F, 0xF8, 0x0B, 0xFF, 0x40, 0x0F, 0xFE, 0x02, 0xFF, 0xC0, 0x03, 0xFF, 0x40, 0xFF,
    0xE0, 0x01, 0xFF, 0xD0, 0x3F, 0xF4, 0x00, 0x7F, 0xF0, 0x1F, 0xFC, 0x00, 0x2F, 0xFC, 0x0B, 0xFF,
    0x00, 0x0F, 0xFE, 0x03, 0xFF, 0x80, 0x03, 0xFF, 0x40, 0xFF, 0xE0, 0x01, 0xFF, 0xC0, 0x3F, 0xF4,
    0x00, 0xBF, 0xF0, 0x1F, 0xFC, 0x00, 0x2F, 0xFC, 0x0B, 0xFF, 0x00, 0x0F, 0xFE, 0x03, 0xFF, 0x80,
    0x03, 0xFF, 0x40, 0xFF, 0xD0, 0x01, 0xFF, 0xC0, 0x3F, 0xF4, 0x00, 0xBF, 0xF0, 0x00, 0x00, 0x02,
    0xFC, 0x00, 0x02, 0xFF, 0xC0, 0x00, 0xFF, 0xF0, 0x00, 0x3F, 0xFC, 0x00, 0x0F, 0xFE, 0x00, 0x01,
    0xFE, 0x00, 0x00, 0x00, 0x00, 0x00, 0x00, 0x00, 0x00, 0x3F, 0xF8, 0x00, 0x1F, 0xFD, 0x00, 0x0B,
    0xFF, 0x00, 0x02, 0xFF, 0xC0, 0x00, 0xFF, 0xE0, 0x00, 0x3F, 0xF8, 0x00, 0x1F, 0xFD, 0x00, 0x0B,
    0xFF, 0x00, 0x03, 0xFF, 0xC0, 0x00, 0xFF, 0xE0, 0x00, 0x3F, 0xF4, 0x00, 0x1F, 0xFD, 0x00, 0x0B,
    0xFF, 0x00, 0x03, 0xFF, 0xC0, 0x00, 0xFF, 0xE0, 0x00, 0x3F, 0xF4, 0x00, 0x1F, 0xFC, 0x00, 0x0B,
    0xFF, 0x00, 0x03, 0xFF, 0xC0, 0x00, 0xFF, 0xE0, 0x00, 0x3F, 0xF4, 0x00, 0x00, 0x00, 0x00, 0x00,
    0xBF, 0x40, 0x00, 0x00, 0x2F, 0xFC, 0x00, 0x00, 0x03, 0xFF, 0xC0, 0x00, 0x00, 0x3F, 0xFC, 0x00,
    0x00, 0x03, 0xFF, 0x80, 0x00, 0x00, 0x0F, 0xE0, 0x00, 0x00, 0x00, 0x00, 0x00, 0x00, 0x00, 0x00,
    0x00, 0x00, 0x00, 0x0F, 0xFE, 0x00, 0x00, 0x00, 0xFF, 0xD0, 0x00, 0x00, 0x1F, 0xFC, 0x00, 0x00,
    0x02, 0xFF, 0xC0, 0x00, 0x00, 0x3F, 0xFC, 0x00, 0x00, 0x03, 0xFF, 0x80, 0x00, 0x00, 0x7F, 0xF4,
    0x00, 0x00, 0x07, 0xFF, 0x00, 0x00, 0x00, 0xBF, 0xF0, 0x00, 0x00, 0x0F, 0xFE, 0x00, 0x00, 0x00,
    0xFF, 0xE0, 0x00, 0x00, 0x1F, 0xFD, 0x00, 0x00, 0x02, 0xFF, 0xC0, 0x00, 0x00, 0x2F, 0xFC, 0x00,
    0x00, 0x03, 0xFF, 0x80, 0x00, 0x00, 0x3F, 0xF4, 0x00, 0x00, 0x07, 0xFF, 0x40, 0x00, 0x00, 0xBF,
    0xF0, 0x00, 0x00, 0x0F, 0xFF, 0x00, 0x00, 0x00, 0xFF, 0xE0, 0x00, 0x00, 0x0F, 0xFD, 0x00, 0x00,
    0x01, 0xFF, 0xC0, 0x00, 0x00, 0x2F, 0xFC, 0x00, 0x00, 0x03, 0xFF, 0xC0, 0x00, 0x00, 0xBF, 0xF8,
    0x00, 0x0A, 0xBF, 0xFF, 0x00, 0x00, 0xFF, 0xFF, 0xE0, 0x00, 0x0F, 0xFF, 0xFC, 0x00, 0x00, 0xFF,
    0xFF, 0x00, 0x00, 0x0B, 0xFF, 0x40, 0x00, 0x00, 0x00, 0x07, 0xFF, 0x00, 0x00, 0x00, 0x00, 0x0B,
    0xFF, 0x00, 0x00, 0x00, 0x00, 0x0F, 0xFE, 0x00, 0x00, 0x00, 0x00, 0x0F, 0xFD, 0x00, 0x00, 0x00,
    0x00, 0x0F, 0xFD, 0x00, 0x00, 0x00, 0x00, 0x1F, 0xFC, 0x00, 0x00, 0x00, 0x00, 0x2F, 0xFC, 0x00,
    0x00, 0x00, 0x00, 0x3F, 0xF8, 0x00, 0x00, 0x00, 0x00, 0x3F, 0xF4, 0x00, 0xBF, 0xF8, 0x00, 0x7F,
    0xF0, 0x02, 0xFF, 0xE0, 0x00, 0x7F, 0xF0, 0x07, 0xFF, 0x80, 0x00, 0xBF, 0xF0, 0x1F, 0xFE, 0x00,
    0x00, 0xFF, 0xE0, 0x7F, 0xFC, 0x00, 0x00, 0xFF, 0xD1, 0xFF, 0xF0, 0x00, 0x01, 0xFF, 0xC3, 0xFF,
    0xC0, 0x00, 0x02, 0xFF, 0xCF, 0xFF, 0x00, 0x00, 0x02, 0xFF, 0xBF, 0xFC, 0x00, 0x00, 0x03, 0xFF,
    0xFF, 0xF0, 0x00, 0x00, 0x03, 0xFF, 0xFF, 0xF4, 0x00, 0x00, 0x07, 0xFF, 0xFF, 0xFC, 0x00, 0x00,
    0x0B, 0xFF, 0xFF, 0xFD, 0x00, 0x00, 0x0F, 0xFF, 0xDF, 0xFF, 0x00, 0x00, 0x0F, 0xFE, 0x0B, 0xFF,
    0x40, 0x00, 0x0F, 0xFD, 0x03, 0xFF, 0xC0, 0x00, 0x1F, 0xFC, 0x03, 0xFF, 0xC0, 0x00, 0x2F, 0xFC,
    0x01, 0xFF, 0xE0, 0x00, 0x3F, 0xF8, 0x00, 0xFF, 0xF0, 0x00, 0x3F, 0xF4, 0x00, 0xBF, 0xF8, 0x00,
    0x3F, 0xF4, 0x00, 0x3F, 0xFC, 0x00, 0x00, 0x07, 0xFF, 0x00, 0x02, 0xFF, 0xC0, 0x00, 0xFF, 0xF0,
    0x00, 0x3F, 0xF8, 0x00, 0x0F, 0xFD, 0x00, 0x07, 0xFF, 0x00, 0x02, 0xFF, 0xC0, 0x00, 0xFF, 0xE0,
    0x00, 0x3F, 0xF8, 0x00, 0x1F, 0xFD, 0x00, 0x07, 0xFF, 0x00, 0x02, 0xFF, 0xC0, 0x00, 0xFF, 0xE0,
    0x00, 0x3F, 0xF4, 0x00, 0x1F, 0xFD, 0x00, 0x0B, 0xFF, 0x00, 0x02, 0xFF, 0xC0, 0x00, 0xFF, 0xE0,
    0x00, 0x3F, 0xF4, 0x00, 0x1F, 0xFC, 0x00, 0x0B, 0xFF, 0x00, 0x03, 0xFF, 0xC0, 0x00, 0xFF, 0xE0,
    0x00, 0x3F, 0xF4, 0x00, 0x1F, 0xFC, 0x00, 0x0B, 0xFF, 0x00, 0x03, 0xFF, 0xC0, 0x00, 0xFF, 0xE0,
    0x00, 0x7F, 0xF4, 0x00, 0x00, 0x00, 0x3F, 0xC0, 0x6F, 0xE0, 0x00, 0xBF, 0xD0, 0x00, 0x1F, 0xF0,
    0xBF, 0xFF, 0x01, 0xFF, 0xFE, 0x00, 0x07, 0xFC, 0xFF, 0xFF, 0xF2, 0xFF, 0xFF, 0xD0, 0x02, 0xFF,
    0xBF, 0xFF, 0xFD, 0xFF, 0xFF, 0xF8, 0x00, 0xFF, 0xFF, 0x4B, 0xFF, 0xFD, 0x1F, 0xFF, 0x00, 0x3F,
    0xFF, 0x00, 0xFF, 0xFD, 0x02, 0xFF, 0xC0, 0x1F, 0xFF, 0x00, 0x3F, 0xFE, 0x00, 0xBF, 0xF0, 0x0B,
    0xFF, 0x80, 0x0F, 0xFF, 0x00, 0x2F, 0xFC, 0x02, 0xFF, 0xC0, 0x07, 0xFF, 0x80, 0x0F, 0xFE, 0x00,
    0xFF, 0xE0, 0x01, 0xFF, 0xC0, 0x03, 0xFF, 0x80, 0x3F, 0xF4, 0x00, 0xBF, 0xF0, 0x00, 0xFF, 0xD0,
    0x1F, 0xFC, 0x00, 0x3F, 0xF8, 0x00, 0x7F, 0xF0, 0x0B, 0xFF, 0x00, 0x0F, 0xFD, 0x00, 0x2F, 0xFC,
    0x03, 0xFF, 0x80, 0x07, 0xFF, 0x00, 0x0F, 0xFE, 0x00, 0xFF, 0xE0, 0x01, 0xFF, 0xC0, 0x03, 0xFF,
    0x80, 0x3F, 0xF4, 0x00, 0xBF, 0xF0, 0x00, 0xFF, 0xD0, 0x1F, 0xFC, 0x00, 0x3F, 0xF8, 0x00, 0x7F,
    0xF0, 0x0B, 0xFF, 0x00, 0x0F, 0xFD, 0x00, 0x2F, 0xFC, 0x03, 0xFF, 0x80, 0x07, 0xFF, 0x00, 0x0F,
    0xFE, 0x00, 0xFF, 0xD0, 0x02, 0xFF, 0xC0, 0x03, 0xFF, 0x40, 0x3F, 0xF4, 0x00, 0xBF, 0xF0, 0x00,
    0xFF, 0xD0, 0x00, 0x00, 0x3F, 0xC0, 0x6F, 0xE0, 0x00, 0x1F, 0xF0, 0xBF, 0xFF, 0x40, 0x07, 0xFC,
    0xBF, 0xFF, 0xF0, 0x02, 0xFF, 0xBF, 0xFF, 0xFD, 0x00, 0xFF, 0xFF, 0xAF, 0xFF, 0x80, 0x3F, 0xFF,
    0x00, 0xFF, 0xE0, 0x1F, 0xFF, 0x40, 0x3F, 0xF8, 0x0B, 0xFF, 0x80, 0x0F, 0xFE, 0x02, 0xFF, 0xC0,
    0x03, 0xFF, 0x40, 0xFF, 0xF0, 0x00, 0xFF, 0xD0, 0x3F, 0xF8, 0x00, 0x7F, 0xF0, 0x1F, 0xFC, 0x00,
    0x2F, 0xFC, 0x0B, 0xFF, 0x00, 0x0F, 0xFE, 0x03, 0xFF, 0xC0, 0x03, 0xFF, 0x40, 0xFF, 0xE0, 0x01,
    0xFF, 0xC0, 0x3F, 0xF4, 0x00, 0x7F, 0xF0, 0x1F, 0xFC, 0x00, 0x2F, 0xFC, 0x0B, 0xFF, 0x00, 0x0F,
    0xFE, 0x03, 0xFF, 0x80, 0x03, 0xFF, 0x40, 0xFF, 0xE0, 0x01, 0xFF, 0xC0, 0x3F, 0xF4, 0x00, 0xBF,
    0xF0, 0x00, 0x00, 0x01, 0xBF, 0xF8, 0x00, 0x00, 0x0F, 0xFF, 0xFF, 0x40, 0x00, 0x7F, 0xFF, 0xFF,
    0xE0, 0x01, 0xFF, 0xFF, 0xFF, 0xF0, 0x03, 0xFF, 0xFA, 0xFF, 0xF8, 0x0B, 0xFF, 0xC0, 0x3F, 0xFC,
    0x0F, 0xFF, 0x00, 0x1F, 0xFC, 0x1F, 0xFD, 0x00, 0x1F, 0xFD, 0x3F, 0xFC, 0x00, 0x1F, 0xFD, 0x3F,
    0xF8, 0x00, 0x1F, 0xFC, 0x3F, 0xF4, 0x00, 0x1F, 0xFC, 0x7F, 0xF4, 0x00, 0x2F, 0xFC, 0x7F, 0xF0,
    0x00, 0x3F, 0xFC, 0x7F, 0xF0, 0x00, 0x7F, 0xF4, 0x7F, 0xF4, 0x00, 0xFF, 0xF0, 0x3F, 0xFC, 0x02,
    0xFF, 0xE0, 0x3F, 0xFF, 0xAF, 0xFF, 0xC0, 0x1F, 0xFF, 0xFF, 0xFF, 0x40, 0x0B, 0xFF, 0xFF, 0xFD,
    0x00, 0x01, 0xFF, 0xFF, 0xF0, 0x00, 0x00, 0x2F, 0xFE, 0x40, 0x00, 0x00, 0x03, 0xFC, 0x07, 0xFD,
    0x00, 0x00, 0x1F, 0xF0, 0xFF, 0xFE, 0x00, 0x00, 0x7F, 0xCF, 0xFF, 0xFE, 0x00, 0x02, 0xFF, 0xFF,
    0xFF, 0xFC, 0x00, 0x0F, 0xFF, 0xFA, 0xFF, 0xF4, 0x00, 0x3F, 0xFD, 0x01, 0xFF, 0xE0, 0x01, 0xFF,
    0xE0, 0x03, 0xFF, 0x80, 0x0B, 0xFF, 0x00, 0x0F, 0xFE, 0x00, 0x2F, 0xF8, 0x00, 0x3F, 0xF8, 0x00,
    0xFF, 0xD0, 0x00, 0xFF, 0xE0, 0x03, 0xFF, 0x00, 0x03, 0xFF, 0x40, 0x1F, 0xFC, 0x00, 0x1F, 0xFC,
    0x00, 0xBF, 0xE0, 0x00, 0xFF, 0xF0, 0x03, 0xFF, 0x80, 0x07, 0xFF, 0x80, 0x0F, 0xFF, 0x00, 0x3F,
    0xFC, 0x00, 0x3F, 0xFD, 0x02, 0xFF, 0xF0, 0x01, 0xFF, 0xFE, 0xBF, 0xFF, 0x00, 0x0B, 0xFF, 0xFF,
    0xFF, 0xF8, 0x00, 0x3F, 0xF7, 0xFF, 0xFF, 0x80, 0x00, 0xFF, 0xC7, 0xFF, 0xF8, 0x00, 0x07, 0xFF,
    0x06, 0xFE, 0x00, 0x00, 0x1F, 0xFC, 0x00, 0x00, 0x00, 0x00, 0xBF, 0xF0, 0x00, 0x00, 0x00, 0x03,
    0xFF, 0x80, 0x00, 0x00, 0x00, 0x0F, 0xFD, 0x00, 0x00, 0x00, 0x00, 0x7F, 0xF0, 0x00, 0x00, 0x00,
    0x02, 0xFF, 0xC0, 0x00, 0x00, 0x00, 0x0B, 0xFF, 0x00, 0x00, 0x00, 0x00, 0x3F, 0xF8, 0x00, 0x00,
    0x00, 0x00, 0xFF, 0xD0, 0x00, 0x00, 0x00, 0x00, 0x00, 0x01, 0xFF, 0x80, 0xFF, 0x80, 0x07, 0xFF,
    0xFC, 0x3F, 0xD0, 0x07, 0xFF, 0xFF, 0xEF, 0xF0, 0x03, 0xFF, 0xFF, 0xFF, 0xFC, 0x03, 0xFF, 0xFA,
    0xFF, 0xFE, 0x01, 0xFF, 0xF0, 0x0F, 0xFF, 0x40, 0xFF, 0xF0, 0x02, 0xFF, 0xD0, 0x7F, 0xF8, 0x00,
    0x7F, 0xF0, 0x2F, 0xFC, 0x00, 0x1F, 0xFC, 0x0F, 0xFF, 0x00, 0x07, 0xFE, 0x03, 0xFF, 0x80, 0x02,
    0xFF, 0x40, 0xFF, 0xD0, 0x00, 0xFF, 0xC0, 0x7F, 0xF4, 0x00, 0x3F, 0xF0, 0x1F, 0xFC, 0x00, 0x2F,
    0xFC, 0x07, 0xFF, 0x40, 0x0F, 0xFE, 0x00, 0xFF, 0xE0, 0x0B, 0xFF, 0x40, 0x3F, 0xFD, 0x0B, 0xFF,
    0xC0, 0x0B, 0xFF, 0xFF, 0xFF, 0xF0, 0x00, 0xFF, 0xFF, 0xEF, 0xFC, 0x00, 0x1F, 0xFF, 0xDB, 0xFE,
    0x00, 0x00, 0xBF, 0x83, 0xFF, 0x40, 0x00, 0x00, 0x00, 0xFF, 0xC0, 0x00, 0x00, 0x00, 0x7F, 0xF0,
    0x00, 0x00, 0x00, 0x2F, 0xF8, 0x00, 0x00, 0x00, 0x0F, 0xFE, 0x00, 0x00, 0x00, 0x03, 0xFF, 0x40,
    0x00, 0x00, 0x01, 0xFF, 0xC0, 0x00, 0x00, 0x00, 0xBF, 0xF0, 0x00, 0x00, 0x00, 0x3F, 0xF8, 0x00,
    0x00, 0x00, 0x0F, 0xFD, 0x00, 0x00, 0x00, 0x3F, 0xD0, 0x7F, 0xC0, 0x07, 0xFD, 0x3F, 0xFC, 0x00,
    0xBF, 0xDF, 0xFF, 0x80, 0x0B, 0xFF, 0xFF, 0xF4, 0x00, 0xFF, 0xFF, 0xFF, 0x00, 0x0F, 0xFF, 0xE0,
    0x00, 0x01, 0xFF, 0xF8, 0x00, 0x00, 0x2F, 0xFF, 0x00, 0x00, 0x03, 0xFF, 0xC0, 0x00, 0x00, 0x3F,
    0xFC, 0x00, 0x00, 0x03, 0xFF, 0x40, 0x00, 0x00, 0x7F, 0xF0, 0x00, 0x00, 0x0B, 0xFF, 0x00, 0x00,
    0x00, 0xFF, 0xF0, 0x00, 0x00, 0x0F, 0xFE, 0x00, 0x00, 0x00, 0xFF, 0xD0, 0x00, 0x00, 0x1F, 0xFC,
    0x00, 0x00, 0x02, 0xFF, 0xC0, 0x00, 0x00, 0x3F, 0xFC, 0x00, 0x00, 0x03, 0xFF, 0x80, 0x00, 0x00,
    0x3F, 0xF4, 0x00, 0x00, 0x00, 0x00, 0x06, 0xFF, 0xE4, 0x00, 0x07, 0xFF, 0xFF, 0xF4, 0x01, 0xFF,
    0xFF, 0xFF, 0xC0, 0x3F, 0xFF, 0xFF, 0xF4, 0x07, 0xFF, 0xEA, 0xFF, 0x00, 0x7F, 0xF4, 0x00, 0x90,
    0x07, 0xFF, 0x40, 0x00, 0x00, 0x7F, 0xFC, 0x00, 0x00, 0x03, 0xFF, 0xF4, 0x00, 0x00, 0x0F, 0xFF,
    0xF4, 0x00, 0x00, 0x3F, 0xFF, 0xE0, 0x00, 0x00, 0xBF, 0xFF, 0x40, 0x00, 0x00, 0xFF, 0xFC, 0x00,
    0x00, 0x03, 0xFF, 0xC0, 0x00, 0x00, 0x1F, 0xFD, 0x0A, 0x00, 0x03, 0xFF, 0xC0, 0xBF, 0xAA, 0xFF,
    0xFC, 0x0B, 0xFF, 0xFF, 0xFF, 0x80, 0xBF, 0xFF, 0xFF, 0xF0, 0x0B, 0xFF, 0xFF, 0xF8, 0x00, 0x06,
    0xFF, 0xE4, 0x00, 0x00, 0x00, 0x01, 0xA4, 0x00, 0x00, 0x07, 0xF8, 0x00, 0x00, 0x0F, 0xF4, 0x00,
    0x00, 0x1F, 0xF0, 0x00, 0x00, 0x3F, 0xF0, 0x00, 0x01, 0xFF, 0xFF, 0xFC, 0x1F, 0xFF, 0xFF, 0xFC,
    0x3F, 0xFF, 0xFF, 0xF8, 0x3F, 0xFF, 0xFF, 0xF4, 0x2B, 0xFF, 0xEA, 0xA0, 0x02, 0xFF, 0xC0, 0x00,
    0x03, 0xFF, 0x80, 0x00, 0x03, 0xFF, 0x40, 0x00, 0x07, 0xFF, 0x00, 0x00, 0x0B, 0xFF, 0x00, 0x00,
    0x0F, 0xFE, 0x00, 0x00, 0x0F, 0xFD, 0x00, 0x00, 0x0F, 0xFD, 0x00, 0x00, 0x1F, 0xFC, 0x00, 0x00,
    0x2F, 0xFC, 0x00, 0x00, 0x3F, 0xFC, 0x00, 0x00, 0x3F, 0xFE, 0xAD, 0x00, 0x2F, 0xFF, 0xFD, 0x00,
    0x1F, 0xFF, 0xFD, 0x00, 0x0F, 0xFF, 0xFD, 0x00, 0x01, 0xFF, 0xE4, 0x00, 0x07, 0xFF, 0x00, 0x0B,
    0xFF, 0x02, 0xFF, 0xC0, 0x03, 0xFF, 0x80, 0xBF, 0xF0, 0x00, 0xFF, 0xD0, 0x3F, 0xF8, 0x00, 0x3F,
    0xF4, 0x0F, 0xFD, 0x00, 0x1F, 0xFC, 0x07, 0xFF, 0x00, 0x0B, 0xFF, 0x02, 0xFF, 0xC0, 0x03, 0xFF,
    0x80, 0xFF, 0xE0, 0x00, 0xFF, 0xD0, 0x3F, 0xF8, 0x00, 0x7F, 0xF4, 0x0F, 0xFD, 0x00, 0x2F, 0xFC,
    0x07, 0xFF, 0x00, 0x0F, 0xFF, 0x02, 0xFF, 0xC0, 0x03, 0xFF, 0x80, 0xFF, 0xE0, 0x02, 0xFF, 0xD0,
    0x3F, 0xF8, 0x00, 0xFF, 0xF0, 0x0F, 0xFE, 0x00, 0xBF, 0xFC, 0x03, 0xFF, 0xC0, 0x7F, 0xFF, 0x00,
    0xFF, 0xFE, 0xBF, 0xFF, 0x80, 0x2F, 0xFF, 0xFF, 0x7F, 0xD0, 0x07, 0xFF, 0xFF, 0x5F, 0xF0, 0x00,
    0xBF, 0xFF, 0x47, 0xFC, 0x00, 0x07, 0xFE, 0x01, 0xFF, 0x00, 0x00, 0x3F, 0xF4, 0x00, 0x0F, 0xFF,
    0x0F, 0xFD, 0x00, 0x07, 0xFF, 0x83, 0xFF, 0x40, 0x03, 0xFF, 0xC0, 0xBF, 0xE0, 0x01, 0xFF, 0xE0,
    0x2F, 0xF8, 0x00, 0xBF, 0xF0, 0x07, 0xFE, 0x00, 0x3F, 0xF4, 0x01, 0xFF, 0xC0, 0x2F, 0xFC, 0x00,
    0x3F, 0xF0, 0x0F, 0xFD, 0x00, 0x0F, 0xFC, 0x0B, 0xFF, 0x00, 0x03, 0xFF, 0x03, 0xFF, 0x40, 0x00,
    0xFF, 0xC2, 0xFF, 0xC0, 0x00, 0x3F, 0xF0, 0xFF, 0xD0, 0x00, 0x0B, 0xFC, 0xBF, 0xF0, 0x00, 0x02,
    0xFF, 0x3F, 0xF4, 0x00, 0x00, 0x7F, 0xEF, 0xF8, 0x00, 0x00, 0x1F, 0xFF, 0xFC, 0x00, 0x00, 0x03,
    0xFF, 0xFE, 0x00, 0x00, 0x00, 0xFF, 0xFF, 0x00, 0x00, 0x00, 0x3F, 0xFF, 0x80, 0x00, 0x00, 0x0F,
    0xFF, 0xC0, 0x00, 0x00, 0x02, 0xFF, 0xE0, 0x00, 0x00, 0x00, 0xBF, 0xD0, 0x02, 0xFF, 0xE0, 0x01,
    0xFF, 0xCB, 0xFD, 0x00, 0x3F, 0xFE, 0x00, 0x3F, 0xFC, 0xBF, 0xD0, 0x07, 0xFF, 0xE0, 0x03, 0xFF,
    0x4B, 0xFD, 0x00, 0xFF, 0xFE, 0x00, 0xBF, 0xF0, 0xBF, 0xD0, 0x0F, 0xFF, 0xE0, 0x0F, 0xFD, 0x07,
    0xFD, 0x02, 0xFE, 0xFE, 0x02, 0xFF, 0xC0, 0x7F, 0xD0, 0x3F, 0xDF, 0xE0, 0x3F, 0xF4, 0x07, 0xFD,
    0x0B, 0xF9, 0xFE, 0x07, 0xFF, 0x00, 0x7F, 0xD0, 0xFF, 0x5F, 0xE0, 0xFF, 0xE0, 0x07, 0xFE, 0x1F,
    0xF1, 0xFE, 0x0F, 0xFC, 0x00, 0x7F, 0xD3, 0xFE, 0x1F, 0xE2, 0xFF, 0x80, 0x03, 0xFD, 0x3F, 0xC1,
    0xFE, 0x3F, 0xF0, 0x00, 0x3F, 0xDB, 0xF8, 0x1F, 0xE7, 0xFE, 0x00, 0x03, 0xFD, 0xFF, 0x41, 0xFE,
    0xBF, 0xC0, 0x00, 0x3F, 0xEF, 0xF0, 0x1F, 0xEF, 0xFC, 0x00, 0x03, 0xFF, 0xFD, 0x01, 0xFF, 0xFF,
    0x40, 0x00, 0x3F, 0xFF, 0xC0, 0x1F, 0xFF, 0xF0, 0x00, 0x03, 0xFF, 0xF8, 0x01, 0xFF, 0xFD, 0x00,
    0x00, 0x3F, 0xFF, 0x00, 0x1F, 0xFF, 0xC0, 0x00, 0x03, 0xFF, 0xF0, 0x01, 0xFF, 0xF4, 0x00, 0x00,
    0x3F, 0xFD, 0x00, 0x1F, 0xFF, 0x00, 0x00, 0x00, 0x00, 0x3F, 0xFC, 0x00, 0x3F, 0xFD, 0x00, 0x2F,
    0xFD, 0x00, 0xBF, 0xF8, 0x00, 0x0F, 0xFE, 0x01, 0xFF, 0xF0, 0x00, 0x0F, 0xFF, 0x03, 0xFF, 0xC0,
    0x00, 0x07, 0xFF, 0x0F, 0xFF, 0x40, 0x00, 0x03, 0xFF, 0x9F, 0xFD, 0x00, 0x00, 0x02, 0xFF, 0xFF,
    0xF8, 0x00, 0x00, 0x00, 0xFF, 0xFF, 0xF0, 0x00, 0x00, 0x00, 0xFF, 0xFF, 0xC0, 0x00, 0x00, 0x00,
    0x7F, 0xFF, 0x40, 0x00, 0x00, 0x00, 0x7F, 0xFE, 0x00, 0x00, 0x00, 0x00, 0xFF, 0xFF, 0x00, 0x00,
    0x00, 0x03, 0xFF, 0xFF, 0x00, 0x00, 0x00, 0x0F, 0xFF, 0xFF, 0x80, 0x00, 0x00, 0x2F, 0xFE, 0xFF,
    0xC0, 0x00, 0x00, 0x7F, 0xF4, 0xFF, 0xD0, 0x00, 0x01, 0xFF, 0xF0, 0xFF, 0xF0, 0x00, 0x03, 0xFF,
    0xC0, 0x7F, 0xF4, 0x00, 0x0F, 0xFF, 0x40, 0x3F, 0xF8, 0x00, 0x2F, 0xFE, 0x00, 0x3F, 0xFC, 0x00,
    0x7F, 0xFC, 0x00, 0x2F, 0xFE, 0x00, 0x00, 0x3F, 0xF4, 0x00, 0x0F, 0xFF, 0x00, 0x0F, 0xFD, 0x00,
    0x07, 0xFF, 0x80, 0x03, 0xFF, 0x80, 0x03, 0xFF, 0xC0, 0x00, 0xBF, 0xE0, 0x00, 0xFF, 0xE0, 0x00,
    0x1F, 0xF8, 0x00, 0xBF, 0xF0, 0x00, 0x07, 0xFF, 0x00, 0x3F, 0xF8, 0x00, 0x00, 0xFF, 0xC0, 0x2F,
    0xFC, 0x00, 0x00, 0x3F, 0xF0, 0x0F, 0xFD, 0x00, 0x00, 0x0F, 0xFC, 0x0B, 0xFF, 0x00, 0x00, 0x03,
    0xFF, 0x43, 0xFF, 0x40, 0x00, 0x00, 0xBF, 0xD2, 0xFF, 0xC0, 0x00, 0x00, 0x1F, 0xF4, 0xFF, 0xD0,
    0x00, 0x00, 0x07, 0xFD, 0x7F, 0xF0, 0x00, 0x00, 0x00, 0xFF, 0x6F, 0xF4, 0x00, 0x00, 0x00, 0x3F,
    0xEF, 0xFC, 0x00, 0x00, 0x00, 0x0F, 0xFF, 0xFD, 0x00, 0x00, 0x00, 0x03, 0xFF, 0xFF, 0x00, 0x00,
    0x00, 0x00, 0xBF, 0xFF, 0x40, 0x00, 0x00, 0x00, 0x1F, 0xFF, 0x80, 0x00, 0x00, 0x00, 0x07, 0xFF,
    0xC0, 0x00, 0x00, 0x00, 0x00, 0xFF, 0xE0, 0x00, 0x00, 0x00, 0x00, 0x7F, 0xF0, 0x00, 0x00, 0x00,
    0x00, 0x3F, 0xF8, 0x00, 0x00, 0x00, 0x00, 0x2F, 0xFC, 0x00, 0x00, 0x00, 0x00, 0x2F, 0xFE, 0x00,
    0x00, 0x00, 0x1A, 0xBF, 0xFF, 0x00, 0x00, 0x00, 0x0B, 0xFF, 0xFF, 0x00, 0x00, 0x00, 0x02, 0xFF,
    0xFF, 0x40, 0x00, 0x00, 0x00, 0xBF, 0xFF, 0x00, 0x00, 0x00, 0x00, 0x1F, 0xF9, 0x00, 0x00, 0x00,
    0x00, 0x00, 0x00, 0x3F, 0xFF, 0xFF, 0xFC, 0x00, 0xFF, 0xFF, 0xFF, 0xE0, 0x07, 0xFF, 0xFF, 0xFF,
    0x40, 0x2F, 0xFF, 0xFF, 0xFC, 0x00, 0x6A, 0xAB, 0xFF, 0xE0, 0x00, 0x00, 0x1F, 0xFF, 0x00, 0x00,
    0x00, 0xFF, 0xF0, 0x00, 0x00, 0x0F, 0xFF, 0x00, 0x00, 0x00, 0xBF, 0xF4, 0x00, 0x00, 0x0B, 0xFF,
    0x80, 0x00, 0x00, 0x7F, 0xF8, 0x00, 0x00, 0x03, 0xFF, 0xC0, 0x00, 0x00, 0x3F, 0xFC, 0x00, 0x00,
    0x02, 0xFF, 0xD0, 0x00, 0x00, 0x2F, 0xFD, 0x00, 0x00, 0x01, 0xFF, 0xE0, 0x00, 0x00, 0x0F, 0xFF,
    0xAA, 0xA9, 0x00, 0xFF, 0xFF, 0xFF, 0xF8, 0x03, 0xFF, 0xFF, 0xFF, 0xD0, 0x1F, 0xFF, 0xFF, 0xFF,
    0x00, 0xBF, 0xFF, 0xFF, 0xFC, 0x00, 0x00, 0x00, 0x01, 0xBF, 0x80, 0x00, 0x03, 0xFF, 0xD0, 0x00,
    0x03, 0xFF, 0xF0, 0x00, 0x01, 0xFF, 0xFC, 0x00, 0x00, 0xFF, 0xF9, 0x00, 0x00, 0x3F, 0xF0, 0x00,
    0x00, 0x1F, 0xF4, 0x00, 0x00, 0x0B, 0xFC, 0x00, 0x00, 0x03, 0xFF, 0x00, 0x00, 0x00, 0xFF, 0xC0,
    0x00, 0x00, 0x3F, 0xE0, 0x00, 0x00, 0x1F, 0xF4, 0x00, 0x00, 0x0F, 0xFC, 0x00, 0x00, 0x0B, 0xFF,
    0x00, 0x00, 0xAF, 0xFF, 0x40, 0x00, 0x7F, 0xFF, 0x40, 0x00, 0x2F, 0xFE, 0x00, 0x00, 0x0B, 0xFF,
    0x40, 0x00, 0x03, 0xFF, 0xF4, 0x00, 0x00, 0x0B, 0xFF, 0x00, 0x00, 0x00, 0xFF, 0xC0, 0x00, 0x00,
    0x2F, 0xF0, 0x00, 0x00, 0x0B, 0xFC, 0x00, 0x00, 0x03, 0xFF, 0x00, 0x00, 0x00, 0xFF, 0x80, 0x00,
    0x00, 0x7F, 0xD0, 0x00, 0x00, 0x2F, 0xF0, 0x00, 0x00, 0x0B, 0xFC, 0x00, 0x00, 0x03, 0xFF, 0x80,
    0x00, 0x00, 0xBF, 0xFD, 0x00, 0x00, 0x2F, 0xFF, 0x40, 0x00, 0x03, 0xFF, 0xD0, 0x00, 0x00, 0x3F,
    0xF4, 0x00, 0x00, 0x00, 0x68, 0x00, 0x00, 0xBF, 0x6F, 0xDB, 0xF6, 0xFD, 0xBF, 0x6F, 0xDB, 0xF6,
    0xFD, 0xBF, 0x6F, 0xDB, 0xF6, 0xFD, 0xBF, 0x6F, 0xDB, 0xF6, 0xFD, 0xBF, 0x6F, 0xDB, 0xF6, 0xFD,
    0xBF, 0x6F, 0xDB, 0xF6, 0xFD, 0xBF, 0x6F, 0xDB, 0xF6, 0xFD, 0xBF, 0x6F, 0xDB, 0xF6, 0xFD, 0xBF,
    0x6F, 0xDB, 0xF6, 0xFD, 0xBF, 0x6F, 0xD0, 0x00, 0x0F, 0xE4, 0x00, 0x00, 0x0F, 0xFE, 0x00, 0x00,
    0x1F, 0xFF, 0x80, 0x00, 0x1F, 0xFF, 0xC0, 0x00, 0x1B, 0xFF, 0xC0, 0x00, 0x00, 0xFF, 0xC0, 0x00,
    0x00, 0xFF, 0xC0, 0x00, 0x00, 0xFF, 0x80, 0x00, 0x01, 0xFF, 0x40, 0x00, 0x01, 0xFF, 0x00, 0x00,
    0x02, 0xFF, 0x00, 0x00, 0x03, 0xFF, 0x00, 0x00, 0x03, 0xFF, 0x00, 0x00, 0x03, 0xFF, 0x40, 0x00,
    0x02, 0xFF, 0xF8, 0x00, 0x00, 0xFF, 0xFC, 0x00, 0x00, 0x2F, 0xFC, 0x00, 0x02, 0xFF, 0xFC, 0x00,
    0x0F, 0xFF, 0xF8, 0x00, 0x1F, 0xFE, 0x00, 0x00, 0x3F, 0xF4, 0x00, 0x00, 0x3F, 0xF0, 0x00, 0x00,
    0x7F, 0xE0, 0x00, 0x00, 0xBF, 0xD0, 0x00, 0x00, 0xBF, 0xC0, 0x00, 0x00, 0xFF, 0xC0, 0x00, 0x00,
    0xFF, 0x80, 0x00, 0x01, 0xFF, 0x40, 0x00, 0x07, 0xFF, 0x00, 0x00, 0xFF, 0xFF, 0x00, 0x00, 0xFF,
    0xFD, 0x00, 0x00, 0xFF, 0xF8, 0x00, 0x00, 0xFF, 0xE0, 0x00, 0x00, 0x65, 0x00, 0x00, 0x00, 0x00,
    0x65, 0x00, 0x00, 0x00, 0x0F, 0xFF, 0xF8, 0x00, 0x1C, 0x3F, 0xFF, 0xFF, 0xEA, 0xFC, 0x3F, 0xFF,
    0xFF, 0xFF, 0xFC, 0x3F, 0xFF, 0xFF, 0xFF, 0xFC, 0x3D, 0x01, 0xBF, 0xFF, 0xF8, 0x20, 0x00, 0x06,
    0xFF, 0x90, 0x00, 0x00, 0x00, 0x00, 0x00, 0x00, 0x02, 0xFC, 0x00, 0x03, 0xFF, 0xC0, 0x01, 0xFF,
    0xF0, 0x00, 0x7F, 0xFC, 0x00, 0x0F, 0xFD, 0x00, 0x01, 0xFD, 0x00, 0x00, 0x00, 0x00, 0x00, 0x00,
    0x00, 0x00, 0x00, 0x00, 0x00, 0x0F, 0xF8, 0x00, 0x03, 0xFE, 0x00, 0x01, 0xFF, 0x40, 0x00, 0xBF,
    0xC0, 0x00, 0x3F, 0xF0, 0x00, 0x0F, 0xFC, 0x00, 0x07, 0xFE, 0x00, 0x02, 0xFF, 0x80, 0x00, 0xFF,
    0xD0, 0x00, 0x3F, 0xF0, 0x00, 0x1F, 0xFC, 0x00, 0x0B, 0xFF, 0x00, 0x03, 0xFF, 0xC0, 0x00, 0xFF,
    0xE0, 0x00, 0x7F, 0xF4, 0x00, 0x2F, 0xFD, 0x00, 0x0F, 0xFF, 0x00, 0x03, 0xFF, 0xC0, 0x00, 0x00,
    0x00, 0x0F, 0xC0, 0x00, 0x00, 0x07, 0xF0, 0x00, 0x00, 0x02, 0xFC, 0x00, 0x00, 0x1B, 0xFF, 0xF8,
    0x00, 0x3F, 0xFF, 0xFF, 0x80, 0x3F, 0xFF, 0xFF, 0xC0, 0x3F, 0xFF, 0xFF, 0xF0, 0x2F, 0xFF, 0x40,
    0x74, 0x1F, 0xFF, 0x00, 0x00, 0x0B, 0xFF, 0x00, 0x00, 0x03, 0xFF, 0x80, 0x00, 0x01, 0xFF, 0xC0,
    0x00, 0x00, 0xBF, 0xF0, 0x00, 0x00, 0x3F, 0xFC, 0x00, 0x00, 0x0F, 0xFE, 0x00, 0x00, 0x03, 0xFF,
    0x80, 0x00, 0x00, 0xFF, 0xE0, 0x00, 0x00, 0x3F, 0xFC, 0x00, 0x00, 0x0B, 0xFF, 0xC0, 0x1F, 0x01,
    0xFF, 0xFF, 0xFF, 0xC0, 0x3F, 0xFF, 0xFF, 0xF0, 0x03, 0xFF, 0xFF, 0xFC, 0x00, 0x2F, 0xFF, 0xF8,
    0x00, 0x00, 0xFE, 0x50, 0x00, 0x00, 0x7F, 0x00, 0x00, 0x00, 0x2F, 0xC0, 0x00, 0x00, 0x0F, 0xE0,
    0x00, 0x00, 0x00, 0x00, 0x00, 0x1B, 0xFF, 0x90, 0x00, 0x00, 0x01, 0xFF, 0xFF, 0xFD, 0x00, 0x00,
    0x07, 0xFF, 0xFF, 0xFD, 0x00, 0x00, 0x1F, 0xFF, 0xFF, 0xFC, 0x00, 0x00, 0x3F, 0xFF, 0xAB, 0xF4,
    0x00, 0x00, 0x7F, 0xFC, 0x00, 0x10, 0x00, 0x00, 0xBF, 0xF0, 0x00, 0x00, 0x00, 0x00, 0xFF, 0xF0,
    0x00, 0x00, 0x00, 0x00, 0xFF, 0xE0, 0x00, 0x00, 0x00, 0x00, 0xFF, 0xD0, 0x00, 0x00, 0x00, 0x01,
    0xFF, 0xC0, 0x00, 0x00, 0x00, 0xAB, 0xFF, 0xEA, 0xA0, 0x00, 0x01, 0xFF, 0xFF, 0xFF, 0xF0, 0x00,
    0x02, 0xFF, 0xFF, 0xFF, 0xF0, 0x00, 0x02, 0xFF, 0xFF, 0xFF, 0xF0, 0x00, 0x03, 0xFF, 0xFF, 0xFF,
    0xE0, 0x00, 0x00, 0x0B, 0xFF, 0x00, 0x00, 0x00, 0x00, 0x0F, 0xFF, 0x00, 0x00, 0x00, 0x00, 0x0F,
    0xFE, 0x00, 0x00, 0x00, 0x00, 0x1F, 0xFC, 0x00, 0x00, 0x00, 0x00, 0x3F, 0xF4, 0x00, 0x00, 0x00,
    0x00, 0xFF, 0xD0, 0x00, 0x00, 0x00, 0x0B, 0xFF, 0xAA, 0xAA, 0xA9, 0x00, 0x2F, 0xFF, 0xFF, 0xFF,
    0xFE, 0x00, 0x2F, 0xFF, 0xFF, 0xFF, 0xFE, 0x00, 0x3F, 0xFF, 0xFF, 0xFF, 0xFD, 0x00, 0x3F, 0xFF,
    0xFF, 0xFF, 0xFC, 0x00, 0x00, 0x00, 0x00, 0x00, 0x00, 0xE0, 0x00, 0x00, 0xE0, 0x3F, 0x8B, 0xFD,
    0x3F, 0x8B, 0xFF, 0xFF, 0xFF, 0xFC, 0x3F, 0xFF, 0xFF, 0xFF, 0x40, 0xFF, 0xFF, 0xFF, 0xD0, 0x0F,
    0xFC, 0x07, 0xFD, 0x00, 0xFF, 0x00, 0x1F, 0xE0, 0x1F, 0xD0, 0x00, 0xFF, 0x02, 0xFD, 0x00, 0x0F,
    0xF0, 0x1F, 0xD0, 0x00, 0xFF, 0x00, 0xFF, 0x00, 0x1F, 0xE0, 0x0F, 0xFC, 0x07, 0xFD, 0x00, 0xFF,
    0xFF, 0xFF, 0xD0, 0x3F, 0xFF, 0xFF, 0xFF, 0x4B, 0xFF, 0xFF, 0xFF, 0xFC, 0x3F, 0x9B, 0xFD, 0x7F,
    0x40, 0xE0, 0x00, 0x01, 0xD0, 0x00, 0x00, 0x00, 0x00, 0x00, 0x07, 0xFF, 0x00, 0x00, 0x7F, 0xF4,
    0x0F, 0xFD, 0x00, 0x03, 0xFF, 0x80, 0x3F, 0xF8, 0x00, 0x2F, 0xFC, 0x00, 0xBF, 0xE0, 0x00, 0xFF,
    0xD0, 0x01, 0xFF, 0xC0, 0x0F, 0xFE, 0x00, 0x03, 0xFF, 0x00, 0x7F, 0xF0, 0x00, 0x0F, 0xFD, 0x03,
    0xFF, 0x40, 0x00, 0x2F, 0xF4, 0x2F, 0xF8, 0x00, 0x00, 0x7F, 0xE1, 0xFF, 0xC0, 0x00, 0x00, 0xFF,
    0xCF, 0xFD, 0x00, 0x00, 0x03, 0xFF, 0xBF, 0xE0, 0x00, 0x00, 0x0B, 0xFF, 0xFF, 0x00, 0x00, 0x00,
    0x1F, 0xFF, 0xF4, 0x00, 0x00, 0x00, 0x3F, 0xFF, 0x80, 0x00, 0x00, 0xBF, 0xFF, 0xFF, 0xFC, 0x00,
    0x03, 0xFF, 0xFF, 0xFF, 0xE0, 0x00, 0x0F, 0xFF, 0xFF, 0xFF, 0x40, 0x00, 0x00, 0x2F, 0xF8, 0x00,
    0x00, 0x00, 0x00, 0xFF, 0xD0, 0x00, 0x00, 0x00, 0x03, 0xFF, 0x40, 0x00, 0x00, 0x3F, 0xFF, 0xFF,
    0xFE, 0x00, 0x00, 0xFF, 0xFF, 0xFF, 0xF4, 0x00, 0x07, 0xFF, 0xFF, 0xFF, 0xD0, 0x00, 0x00, 0x0F,
    0xFD, 0x00, 0x00, 0x00, 0x00, 0x3F, 0xF0, 0x00, 0x00, 0x00, 0x01, 0xFF, 0xC0, 0x00, 0x00, 0x00,
    0x0B, 0xFF, 0x00, 0x00, 0x00, 0x00, 0xBF, 0x6F, 0xDB, 0xF6, 0xFD, 0xBF, 0x6F, 0xDB, 0xF6, 0xFD,
    0xBF, 0x6F, 0xDB, 0xF6, 0xFD, 0xBF, 0x6F, 0xDB, 0xF4, 0x00, 0x00, 0x00, 0x00, 0x00, 0x00, 0x00,
    0x00, 0x00, 0x02, 0xFD, 0xBF, 0x6F, 0xDB, 0xF6, 0xFD, 0xBF, 0x6F, 0xDB, 0xF6, 0xFD, 0xBF, 0x6F,
    0xDB, 0xF6, 0xFD, 0xBF, 0x6F, 0xD0, 0x00, 0x00, 0x6F, 0xFE, 0x40, 0x00, 0x0F, 0xFF, 0xFF, 0xD0,
    0x00, 0xFF, 0xFF, 0xFF, 0x80, 0x0F, 0xFF, 0xFF, 0xFC, 0x00, 0x3F, 0xF4, 0x06, 0xE0, 0x01, 0xFF,
    0x80, 0x00, 0x00, 0x07, 0xFE, 0x00, 0x00, 0x00, 0x0F, 0xFE, 0x00, 0x00, 0x00, 0x1F, 0xFF, 0x80,
    0x00, 0x00, 0x3F, 0xFF, 0xE0, 0x00, 0x03, 0xFF, 0xFF, 0xE0, 0x00, 0x3F, 0xE7, 0xFF, 0xD0, 0x02,
    0xFF, 0x02, 0xFF, 0xC0, 0x0F, 0xF4, 0x03, 0xFF, 0x00, 0x3F, 0xC0, 0x0B, 0xFC, 0x00, 0xFF, 0x80,
    0x2F, 0xE0, 0x03, 0xFF, 0x80, 0xFF, 0x00, 0x07, 0xFF, 0xEF, 0xF4, 0x00, 0x07, 0xFF, 0xFF, 0x40,
    0x00, 0x02, 0xFF, 0xFC, 0x00, 0x00, 0x00, 0xFF, 0xF8, 0x00, 0x00, 0x00, 0x7F, 0xF0, 0x00, 0x00,
    0x00, 0xFF, 0xC0, 0x14, 0x00, 0x03, 0xFF, 0x00, 0xBD, 0x00, 0x7F, 0xFC, 0x02, 0xFF, 0xFF, 0xFF,
    0xD0, 0x0B, 0xFF, 0xFF, 0xFE, 0x00, 0x1F, 0xFF, 0xFF, 0xD0, 0x00, 0x06, 0xFF, 0xE4, 0x00, 0x00,
    0x06, 0x40, 0x19, 0x0F, 0xF4, 0x3F, 0xE7, 0xFE, 0x1F, 0xF9, 0xFF, 0x47, 0xFD, 0x2F, 0x80, 0xBE,
    0x00, 0x00, 0x00, 0x06, 0xFF, 0xE4, 0x00, 0x00, 0x00, 0x00, 0x2F, 0xFF, 0xFF, 0xE0, 0x00, 0x00,
    0x00, 0x7F, 0xE4, 0x06, 0xFF, 0x80, 0x00, 0x00, 0xBF, 0x40, 0x00, 0x07, 0xFC, 0x00, 0x00, 0xBE,
    0x00, 0x00, 0x00, 0x2F, 0xC0, 0x00, 0x7E, 0x00, 0x1B, 0xF9, 0x02, 0xF8, 0x00, 0x3E, 0x00, 0x7F,
    0xFF, 0xE0, 0x2F, 0x40, 0x2F, 0x00, 0x7F, 0xFF, 0xF4, 0x03, 0xF0, 0x0F, 0x80, 0x3F, 0xD0, 0x1C,
    0x00, 0xBD, 0x07, 0xC0, 0x2F, 0xC0, 0x00, 0x00, 0x0F, 0x82, 0xF0, 0x0F, 0xD0, 0x00, 0x00, 0x03,
    0xF0, 0xF8, 0x03, 0xF0, 0x00, 0x00, 0x00, 0xBC, 0x3D, 0x01, 0xFC, 0x00, 0x00, 0x00, 0x1F, 0x4F,
    0x40, 0x7E, 0x00, 0x00, 0x00, 0x07, 0xD3, 0xD0, 0x1F, 0x80, 0x00, 0x00, 0x01, 0xF4, 0xF4, 0x07,
    0xF0, 0x00, 0x00, 0x00, 0x7D, 0x3E, 0x00, 0xFC, 0x00, 0x00, 0x00, 0x1F, 0x0F, 0xC0, 0x3F, 0x40,
    0x00, 0x00, 0x0B, 0xC2, 0xF0, 0x0B, 0xF0, 0x00, 0x00, 0x03, 0xE0, 0x3E, 0x00, 0xFF, 0x40, 0x60,
    0x01, 0xF4, 0x0B, 0xC0, 0x1F, 0xFF, 0xFD, 0x00, 0xFC, 0x00, 0xF8, 0x01, 0xFF, 0xFF, 0x00, 0xBD,
    0x00, 0x2F, 0x80, 0x06, 0xFE, 0x00, 0xBF, 0x00, 0x02, 0xF8, 0x00, 0x00, 0x00, 0xBF, 0x00, 0x00,
    0x2F, 0xD0, 0x00, 0x01, 0xFF, 0x00, 0x00, 0x02, 0xFF, 0x90, 0x1B, 0xFE, 0x00, 0x00, 0x00, 0x0B,
    0xFF, 0xFF, 0xFD, 0x00, 0x00, 0x00, 0x00, 0x1B, 0xFF, 0xA0, 0x00, 0x00, 0x00, 0x7F, 0xC3, 0xF0,
    0x0B, 0xFF, 0xEF, 0xC0, 0x7F, 0xEF, 0xFE, 0x03, 0xFC, 0x0F, 0xF4, 0x2F, 0xE0, 0x2F, 0xC0, 0xFF,
    0x00, 0xBF, 0x03, 0xFC, 0x03, 0xF8, 0x0F, 0xE0, 0x0F, 0xD0, 0x7F, 0x80, 0x7F, 0x00, 0xFF, 0x03,
    0xFC, 0x03, 0xFF, 0xBF, 0xF0, 0x07, 0xFF, 0xEF, 0x80, 0x07, 0xF8, 0xBD, 0x00, 0x00, 0x00, 0x00,
    0x00, 0x00, 0x00, 0x00, 0xD0, 0x00, 0x34, 0x00, 0x00, 0xBE, 0x00, 0x2F, 0x80, 0x00, 0xBF, 0xE0,
    0x2F, 0xFC, 0x00, 0x7F, 0xF8, 0x1F, 0xFE, 0x00, 0x7F, 0xFC, 0x1F, 0xFF, 0x00, 0x3F, 0xFC, 0x0F,
    0xFF, 0x00, 0x3F, 0xFC, 0x0F, 0xFF, 0x00, 0x3F, 0xFD, 0x0F, 0xFF, 0x40, 0x2F, 0xFE, 0x0B, 0xFF,
    0x40, 0x07, 0xFF, 0x41, 0xFF, 0xD0, 0x00, 0xFF, 0xE0, 0x3F, 0xFC, 0x00, 0x2F, 0xFC, 0x0B, 0xFF,
    0x00, 0x03, 0xFF, 0x80, 0xFF, 0xE0, 0x00, 0xBF, 0xF0, 0x2F, 0xFC, 0x00, 0x0F, 0xFD, 0x03, 0xFF,
    0x40, 0x03, 0xFF, 0x40, 0xFF, 0xD0, 0x00, 0x79, 0x00, 0x1E, 0x40, 0x00, 0x00, 0x00, 0x00, 0x00,
    0x00, 0x2A, 0xAA, 0xAA, 0xAA, 0xA8, 0x3F, 0xFF, 0xFF, 0xFF, 0xFC, 0x3F, 0xFF, 0xFF, 0xFF, 0xFC,
    0x3F, 0xFF, 0xFF, 0xFF, 0xFC, 0x3F, 0xFF, 0xFF, 0xFF, 0xFC, 0x00, 0x00, 0x00, 0x03, 0xFC, 0x00,
    0x00, 0x00, 0x03, 0xFC, 0x00, 0x00, 0x00, 0x03, 0xFC, 0x00, 0x00, 0x00, 0x03, 0xFC, 0x00, 0x00,
    0x00, 0x03, 0xFC, 0x00, 0x00, 0x00, 0x03, 0xFC, 0x00, 0x00, 0x00, 0x01, 0xA8, 0x0A, 0xAA, 0xA8,
    0x2F, 0xFF, 0xFC, 0x3F, 0xFF, 0xFC, 0x3F, 0xFF, 0xF8, 0x7F, 0xFF, 0xF4, 0x00, 0x00, 0x06, 0xFF,
    0xE4, 0x00, 0x00, 0x00, 0x00, 0x2F, 0xFF, 0xFF, 0xE0, 0x00, 0x00, 0x00, 0x7F, 0xE4, 0x06, 0xFF,
    0x80, 0x00, 0x00, 0xBF, 0x40, 0x00, 0x07, 0xFC, 0x00, 0x00, 0xBE, 0x00, 0x00, 0x00, 0x2F, 0xC0,
    0x00, 0x7E, 0x00, 0x00, 0x00, 0x02, 0xF8, 0x00, 0x3E, 0x02, 0xFF, 0xFD, 0x00, 0x2F, 0x40, 0x2F,
    0x00, 0xBF, 0xFF, 0xF0, 0x03, 0xF0, 0x0F, 0x80, 0x2F, 0xFF, 0xFE, 0x00, 0xBD, 0x07, 0xC0, 0x0B,
    0xD0, 0x1F, 0xC0, 0x0F, 0x82, 0xF0, 0x02, 0xF4, 0x03, 0xF0, 0x03, 0xF0, 0xF8, 0x00, 0xBD, 0x00,
    0xFC, 0x00, 0xBC, 0x3D, 0x00, 0x2F, 0x40, 0xBF, 0x00, 0x1F, 0x4F, 0x40, 0x0B, 0xFF, 0xFF, 0x40,
    0x07, 0xD3, 0xD0, 0x02, 0xFF, 0xFF, 0x00, 0x01, 0xF4, 0xF4, 0x00, 0xBF, 0xFF, 0x80, 0x00, 0x7D,
    0x3E, 0x00, 0x2F, 0x43, 0xF0, 0x00, 0x1F, 0x0F, 0xC0, 0x0B, 0xD0, 0xBE, 0x00, 0x0B, 0xC2, 0xF0,
    0x02, 0xF4, 0x0F, 0xD0, 0x03, 0xE0, 0x3E, 0x00, 0xBD, 0x01, 0xFC, 0x01, 0xF4, 0x0B, 0xC0, 0x2F,
    0x40, 0x3F, 0x40, 0xFC, 0x00, 0xF8, 0x0B, 0xD0, 0x07, 0xF0, 0xBD, 0x00, 0x2F, 0x81, 0xA0, 0x00,
    0xA9, 0xBF, 0x00, 0x02, 0xF8, 0x00, 0x00, 0x00, 0xBF, 0x00, 0x00, 0x2F, 0xD0, 0x00, 0x01, 0xFF,
    0x00, 0x00, 0x02, 0xFF, 0x90, 0x1B, 0xFE, 0x00, 0x00, 0x00, 0x0B, 0xFF, 0xFF, 0xFD, 0x00, 0x00,
    0x00, 0x00, 0x1B, 0xFF, 0xA0, 0x00, 0x00, 0x1F, 0xFF, 0xFF, 0xFF, 0xE2, 0xFF, 0xFF, 0xFF, 0xFD,
    0x3F, 0xFF, 0xFF, 0xFF, 0xD3, 0xFF, 0xFF, 0xFF, 0xFC, 0x00, 0xBF, 0xE0, 0x00, 0x7F, 0xFF, 0xD0,
    0x0F, 0xFF, 0xFF, 0x03, 0xFF, 0xFF, 0xF8, 0x3F, 0xD0, 0x7F, 0xC7, 0xF4, 0x01, 0xFD, 0x7F, 0x00,
    0x0F, 0xD7, 0xF4, 0x01, 0xFD, 0x3F, 0xD0, 0x7F, 0xC3, 0xFF, 0xFF, 0xFC, 0x1F, 0xFF, 0xFF, 0x00,
    0x7F, 0xFF, 0xD0, 0x00, 0xBF, 0xE0, 0x00, 0x00, 0x00, 0xFF, 0x00, 0x00, 0x00, 0x00, 0xFF, 0x00,
    0x00, 0x00, 0x00, 0xFF, 0x00, 0x00, 0x00, 0x00, 0xFF, 0x00, 0x00, 0x00, 0x00, 0xFF, 0x00, 0x00,
    0x00, 0x00, 0xFF, 0x00, 0x00, 0x2A, 0xAA, 0xFF, 0xAA, 0xA8, 0x3F, 0xFF, 0xFF, 0xFF, 0xFC, 0x3F,
    0xFF, 0xFF, 0xFF, 0xFC, 0x3F, 0xFF, 0xFF, 0xFF, 0xFC, 0x3F, 0xFF, 0xFF, 0xFF, 0xFC, 0x00, 0x00,
    0xFF, 0x00, 0x00, 0x00, 0x00, 0xFF, 0x00, 0x00, 0x00, 0x00, 0xFF, 0x00, 0x00, 0x00, 0x00, 0xFF,
    0x00, 0x00, 0x00, 0x00, 0xFF, 0x00, 0x00, 0x00, 0x00, 0xFF, 0x00, 0x00, 0x00, 0x00, 0xFF, 0x00,
    0x00, 0x2A, 0xAA, 0xAA, 0xAA, 0xA8, 0x3F, 0xFF, 0xFF, 0xFF, 0xFC, 0x3F, 0xFF, 0xFF, 0xFF, 0xFC,
    0x3F, 0xFF, 0xFF, 0xFF, 0xFC, 0x3F, 0xFF, 0xFF, 0xFF, 0xFC, 0x00, 0x0A, 0xF9, 0x00, 0x0F, 0xFF,
    0xF8, 0x03, 0xFF, 0xFF, 0xD0, 0x3F, 0xFF, 0xFF, 0x01, 0xE4, 0x3F, 0xF0, 0x00, 0x02, 0xFF, 0x00,
    0x00, 0x3F, 0xE0, 0x00, 0x0B, 0xFC, 0x00, 0x02, 0xFF, 0x40, 0x00, 0xBF, 0xD0, 0x00, 0x3F, 0xF0,
    0x00, 0x1F, 0xF8, 0x00, 0x07, 0xFD, 0x00, 0x02, 0xFF, 0xFF, 0xF4, 0x7F, 0xFF, 0xFF, 0x4B, 0xFF,
    0xFF, 0xF4, 0xFF, 0xFF, 0xFF, 0x00, 0x00, 0x1B, 0xFE, 0x00, 0x1F, 0xFF, 0xFC, 0x03, 0xFF, 0xFF,
    0xE0, 0x0F, 0xFF, 0xFF, 0x00, 0x90, 0x2F, 0xF0, 0x00, 0x01, 0xFE, 0x00, 0x00, 0x7F, 0xC0, 0x07,
    0xFF, 0xF0, 0x00, 0xBF, 0xF4, 0x00, 0x0F, 0xFF, 0xF0, 0x00, 0x00, 0xFF, 0x80, 0x00, 0x0B, 0xF8,
    0x20, 0x00, 0xFF, 0x87, 0xFF, 0xFF, 0xF4, 0x7F, 0xFF, 0xFF, 0x07, 0xFF, 0xFF, 0xC0, 0x0B, 0xFF,
    0x90, 0x00, 0x00, 0xFF, 0xF0, 0x0B, 0xFF, 0x40, 0x7F, 0xF4, 0x03, 0xFF, 0x00, 0x3F, 0xF0, 0x02,
    0xFE, 0x00, 0x00, 0x00, 0x03, 0xFF, 0x40, 0x07, 0xFF, 0x00, 0x01, 0xFF, 0xC0, 0x02, 0xFF, 0xC0,
    0x00, 0x7F, 0xF0, 0x00, 0xFF, 0xE0, 0x00, 0x2F, 0xFC, 0x00, 0x3F, 0xF8, 0x00, 0x0F, 0xFE, 0x00,
    0x0F, 0xFD, 0x00, 0x03, 0xFF, 0x40, 0x07, 0xFF, 0x00, 0x01, 0xFF, 0xC0, 0x02, 0xFF, 0xC0, 0x00,
    0xBF, 0xF0, 0x00, 0xFF, 0xE0, 0x00, 0x2F, 0xFC, 0x00, 0x3F, 0xF4, 0x00, 0x0F, 0xFE, 0x00, 0x1F,
    0xFD, 0x00, 0x03, 0xFF, 0x40, 0x0B, 0xFF, 0x00, 0x01, 0xFF, 0xC0, 0x03, 0xFF, 0xC0, 0x00, 0xBF,
    0xF0, 0x00, 0xFF, 0xE0, 0x00, 0x3F, 0xFC, 0x00, 0xBF, 0xF4, 0x00, 0x0F, 0xFF, 0x00, 0x3F, 0xFC,
    0x00, 0x03, 0xFF, 0xC0, 0x3F, 0xFF, 0x00, 0x01, 0xFF, 0xFE, 0xBF, 0xFF, 0xC0, 0x00, 0xBF, 0xFF,
    0xFF, 0xFF, 0xE0, 0x00, 0x3F, 0xFF, 0xFF, 0xCF, 0xF4, 0x00, 0x0F, 0xFF, 0xFF, 0xD3, 0xFC, 0x00,
    0x07, 0xFF, 0x6F, 0x80, 0xFF, 0x00, 0x01, 0xFF, 0xC0, 0x00, 0x00, 0x00, 0x00, 0xBF, 0xF0, 0x00,
    0x00, 0x00, 0x00, 0x3F, 0xF8, 0x00, 0x00, 0x00, 0x00, 0x0F, 0xFD, 0x00, 0x00, 0x00, 0x00, 0x07,
    0xFF, 0x40, 0x00, 0x00, 0x00, 0x02, 0xFF, 0xC0, 0x00, 0x00, 0x00, 0x00, 0xBF, 0xF0, 0x00, 0x00,
    0x00, 0x00, 0x3F, 0xF8, 0x00, 0x00, 0x00, 0x00, 0x0F, 0xFD, 0x00, 0x00, 0x00, 0x00, 0x00, 0x00,
    0x1B, 0xFF, 0xFF, 0xFF, 0x00, 0x7F, 0xFF, 0xFF, 0xFF, 0xC0, 0x7F, 0xFF, 0xFF, 0xFF, 0xF0, 0x3F,
    0xFF, 0xFF, 0xFF, 0xFC, 0x1F, 0xFF, 0xFF, 0xF0, 0x3F, 0x0F, 0xFF, 0xFF, 0xFC, 0x0F, 0xC3, 0xFF,
    0xFF, 0xFF, 0x03, 0xF0, 0xFF, 0xFF, 0xFF, 0xC0, 0xFC, 0x7F, 0xFF, 0xFF, 0xF0, 0x3F, 0x1F, 0xFF,
    0xFF, 0xFC, 0x0F, 0xC7, 0xFF, 0xFF, 0xFF, 0x03, 0xF0, 0xFF, 0xFF, 0xFF, 0xC0, 0xFC, 0x3F, 0xFF,
    0xFF, 0xF0, 0x3F, 0x0F, 0xFF, 0xFF, 0xFC, 0x0F, 0xC2, 0xFF, 0xFF, 0xFF, 0x03, 0xF0, 0x3F, 0xFF,
    0xFF, 0xC0, 0xFC, 0x0B, 0xFF, 0xFF, 0xF0, 0x3F, 0x00, 0xBF, 0xFF, 0xFC, 0x0F, 0xC0, 0x06, 0xFF,
    0xFF, 0x03, 0xF0, 0x00, 0x00, 0x0F, 0xC0, 0xFC, 0x00, 0x00, 0x03, 0xF0, 0x3F, 0x00, 0x00, 0x00,
    0xFC, 0x0F, 0xC0, 0x00, 0x00, 0x3F, 0x03, 0xF0, 0x00, 0x00, 0x0F, 0xC0, 0xFC, 0x00, 0x00, 0x03,
    0xF0, 0x3F, 0x00, 0x00, 0x00, 0xFC, 0x0F, 0xC0, 0x00, 0x00, 0x3F, 0x03, 0xF0, 0x00, 0x00, 0x0F,
    0xC0, 0xFC, 0x00, 0x00, 0x03, 0xF0, 0x3F, 0x00, 0x00, 0x00, 0xFC, 0x0F, 0xC0, 0x00, 0x00, 0x3F,
    0x03, 0xF0, 0x00, 0x00, 0x0F, 0xC0, 0xFC, 0x00, 0x00, 0x03, 0xF0, 0x3F, 0x00, 0x00, 0x00, 0xFC,
    0x0F, 0xC0, 0x0B, 0xF0, 0x3F, 0xFC, 0x7F, 0xFC, 0xBF, 0xFC, 0x7F, 0xF8, 0x2F, 0xD0, 0x03, 0xF8,
    0x01, 0xFE, 0x00, 0xFF, 0xF0, 0x07, 0xFE, 0x00, 0xBF, 0xC0, 0x3F, 0xEF, 0xFF, 0xF7, 0xFF, 0xF8,
    0xBF, 0xE4, 0x00, 0x00, 0x07, 0xFD, 0x00, 0x2F, 0xFC, 0x01, 0xFF, 0xFC, 0x0F, 0xFF, 0xFC, 0x7F,
    0xFF, 0xF8, 0x3F, 0xEF, 0xF4, 0x1F, 0x1F, 0xF0, 0x04, 0x2F, 0xF0, 0x00, 0x3F, 0xE0, 0x00, 0x3F,
    0xD0, 0x00, 0x3F, 0xD0, 0x00, 0x7F, 0xC0, 0x00, 0xBF, 0xC0, 0x00, 0xFF, 0x80, 0x00, 0xFF, 0x40,
    0x01, 0xFF, 0x00, 0x00, 0xBF, 0xE0, 0x07, 0xFF, 0xFC, 0x1F, 0xFB, 0xFD, 0x3F, 0xD0, 0xFF, 0x7F,
    0x80, 0xFF, 0xBF, 0x40, 0xFF, 0xFF, 0x00, 0xFF, 0xFF, 0x01, 0xFE, 0xFF, 0x02, 0xFD, 0xBF, 0x03,
    0xFC, 0x7F, 0xEF, 0xF4, 0x2F, 0xFF, 0xD0, 0x07, 0xFE, 0x00, 0x00, 0x00, 0x00, 0x00, 0x00, 0x00,
    0x1D, 0x00, 0x07, 0x40, 0x02, 0xFF, 0x00, 0xBF, 0x80, 0x03, 0xFF, 0x00, 0xFF, 0xC0, 0x02, 0xFF,
    0x80, 0xFF, 0xE0, 0x01, 0xFF, 0xC0, 0x7F, 0xF0, 0x00, 0xFF, 0xE0, 0x3F, 0xF4, 0x00, 0xBF, 0xF0,
    0x2F, 0xFC, 0x00, 0x3F, 0xF4, 0x1F, 0xFD, 0x00, 0x3F, 0xFC, 0x0F, 0xFE, 0x00, 0xFF, 0xF4, 0x3F,
    0xFC, 0x02, 0xFF, 0xD0, 0xFF, 0xF4, 0x0B, 0xFF, 0x82, 0xFF, 0xD0, 0x1F, 0xFE, 0x07, 0xFF, 0x80,
    0x3F, 0xFC, 0x1F, 0xFE, 0x00, 0xBF, 0xF0, 0x3F, 0xFC, 0x00, 0x2F, 0xC0, 0x0F, 0xF0, 0x00, 0x0B,
    0x00, 0x02, 0xC0, 0x00, 0x00, 0x00, 0x00, 0x00, 0x00, 0x00, 0x02, 0xFE, 0x00, 0x00, 0x1F, 0xF0,
    0x00, 0x1F, 0xFD, 0x00, 0x00, 0x3F, 0xC0, 0x00, 0xFF, 0xFC, 0x00, 0x00, 0xFF, 0x40, 0x0B, 0xFF,
    0xFC, 0x00, 0x02, 0xFE, 0x00, 0x3F, 0xFF, 0xFC, 0x00, 0x07, 0xFC, 0x00, 0x2F, 0xEF, 0xF8, 0x00,
    0x0F, 0xF4, 0x00, 0x0F, 0x4F, 0xF4, 0x00, 0x3F, 0xE0, 0x00, 0x04, 0x1F, 0xF0, 0x00, 0xBF, 0xC0,
    0x00, 0x00, 0x2F, 0xF0, 0x01, 0xFF, 0x00, 0x00, 0x00, 0x3F, 0xE0, 0x03, 0xFD, 0x00, 0x00, 0x00,
    0x3F, 0xE0, 0x0F, 0xF8, 0x01, 0xA9, 0x00, 0x3F, 0xD0, 0x2F, 0xF0, 0x0B, 0xFF, 0x00, 0x7F, 0xC0,
    0x7F, 0xC0, 0x1F, 0xFE, 0x00, 0xBF, 0xC0, 0xFF, 0x40, 0x7F, 0xFD, 0x00, 0xFF, 0x83, 0xFE, 0x00,
    0xFF, 0xFC, 0x00, 0xFF, 0x4B, 0xFC, 0x03, 0xFF, 0xFC, 0x00, 0x00, 0x1F, 0xF0, 0x0F, 0xFB, 0xF8,
    0x00, 0x00, 0x3F, 0xD0, 0x2F, 0xCF, 0xF4, 0x00, 0x00, 0xFF, 0x80, 0xBF, 0x4F, 0xF4, 0x00, 0x01,
    0xFF, 0x01, 0xFD, 0x0F, 0xF0, 0x00, 0x03, 0xFC, 0x07, 0xF8, 0x1F, 0xF0, 0x00, 0x0F, 0xF4, 0x0B,
    0xFF, 0xFF, 0xFF, 0x00, 0x2F, 0xE0, 0x0F, 0xFF, 0xFF, 0xFE, 0x00, 0x7F, 0xC0, 0x0F, 0xFF, 0xFF,
    0xFD, 0x00, 0xFF, 0x40, 0x00, 0x00, 0x7F, 0xC0, 0x03, 0xFE, 0x00, 0x00, 0x00, 0xBF, 0xC0, 0x0B,
    0xFC, 0x00, 0x00, 0x00, 0xBF, 0x80, 0x00, 0x02, 0xFE, 0x00, 0x00, 0x2F, 0xF0, 0x00, 0x02, 0xFF,
    0xD0, 0x00, 0x07, 0xFC, 0x00, 0x01, 0xFF, 0xFC, 0x00, 0x00, 0xFF, 0x40, 0x00, 0xBF, 0xFF, 0xC0,
    0x00, 0x3F, 0xE0, 0x00, 0x3F, 0xFF, 0xFC, 0x00, 0x0B, 0xFC, 0x00, 0x02, 0xFD, 0xFF, 0x80, 0x01,
    0xFF, 0x00, 0x00, 0x0E, 0x0F, 0xF4, 0x00, 0x3F, 0xD0, 0x00, 0x00, 0x01, 0xFF, 0x00, 0x0B, 0xF8,
    0x00, 0x00, 0x00, 0x2F, 0xF0, 0x01, 0xFF, 0x00, 0x00, 0x00, 0x03, 0xFE, 0x00, 0x3F, 0xC0, 0x00,
    0x00, 0x00, 0x3F, 0xE0, 0x0F, 0xF4, 0x1B, 0xFD, 0x00, 0x03, 0xFD, 0x02, 0xFE, 0x1F, 0xFF, 0xFC,
    0x00, 0x7F, 0xC0, 0x7F, 0xC7, 0xFF, 0xFF, 0xD0, 0x0B, 0xFC, 0x0F, 0xF4, 0x3F, 0xFF, 0xFF, 0x00,
    0xFF, 0x83, 0xFE, 0x00, 0xE0, 0x3F, 0xF0, 0x0F, 0xF4, 0xBF, 0xC0, 0x00, 0x02, 0xFE, 0x00, 0x00,
    0x1F, 0xF0, 0x00, 0x00, 0x3F, 0xD0, 0x00, 0x03, 0xFD, 0x00, 0x00, 0x0B, 0xFC, 0x00, 0x00, 0xFF,
    0x80, 0x00, 0x02, 0xFF, 0x00, 0x00, 0x2F, 0xF0, 0x00, 0x00, 0xFF, 0xC0, 0x00, 0x07, 0xFC, 0x00,
    0x00, 0x3F, 0xE0, 0x00, 0x00, 0xFF, 0x40, 0x00, 0x1F, 0xF4, 0x00, 0x00, 0x3F, 0xE0, 0x00, 0x07,
    0xFC, 0x00, 0x00, 0x0B, 0xFC, 0x00, 0x02, 0xFF, 0xFF, 0xF8, 0x01, 0xFF, 0x00, 0x00, 0x7F, 0xFF,
    0xFF, 0x40, 0x3F, 0xD0, 0x00, 0x0B, 0xFF, 0xFF, 0xF0, 0x0B, 0xF8, 0x00, 0x00, 0xFF, 0xFF, 0xFF,
    0x00, 0x00, 0x2F, 0xFE, 0x00, 0x00, 0x00, 0xAA, 0x00, 0x0B, 0xFF, 0xFF, 0x00, 0x00, 0x0F, 0xF4,
    0x00, 0x1F, 0xFF, 0xFF, 0x00, 0x00, 0xBF, 0x80, 0x00, 0x28, 0x0B, 0xFC, 0x00, 0x07, 0xFC, 0x00,
    0x00, 0x00, 0x1F, 0xF0, 0x00, 0x3F, 0xD0, 0x00, 0x00, 0x01, 0xFF, 0x40, 0x03, 0xFE, 0x00, 0x00,
    0x07, 0xFF, 0xF4, 0x00, 0x2F, 0xF0, 0x00, 0x00, 0x2F, 0xFE, 0x00, 0x01, 0xFF, 0x00, 0x00, 0x00,
    0xBF, 0xFF, 0x00, 0x0F, 0xF4, 0x00, 0x00, 0x00, 0x03, 0xFE, 0x00, 0xFF, 0x80, 0x00, 0x00, 0x00,
    0x07, 0xFC, 0x0B, 0xFC, 0x02, 0xAA, 0x00, 0x00, 0x2F, 0xE0, 0x7F, 0xC0, 0x2F, 0xFC, 0x38, 0x02,
    0xFF, 0x43, 0xFD, 0x02, 0xFF, 0xE0, 0xFF, 0xFF, 0xFC, 0x3F, 0xE0, 0x1F, 0xFF, 0x43, 0xFF, 0xFF,
    0xC2, 0xFF, 0x00, 0xFF, 0xFC, 0x06, 0xFF, 0xE4, 0x1F, 0xF0, 0x0F, 0xFF, 0xF0, 0x00, 0x00, 0x00,
    0xFF, 0x40, 0xFF, 0x7F, 0xC0, 0x00, 0x00, 0x0F, 0xF8, 0x0B, 0xF2, 0xFE, 0x00, 0x00, 0x00, 0xBF,
    0xC0, 0xBF, 0x4F, 0xF4, 0x00, 0x00, 0x07, 0xFC, 0x07, 0xF8, 0x3F, 0xC0, 0x00, 0x00, 0x3F, 0xD0,
    0x3F, 0x81, 0xFF, 0x00, 0x00, 0x03, 0xFE, 0x02, 0xFF, 0xFF, 0xFF, 0xC0, 0x00, 0x2F, 0xF0, 0x0B,
    0xFF, 0xFF, 0xFE, 0x00, 0x01, 0xFF, 0x00, 0x3F, 0xFF, 0xFF, 0xF4, 0x00, 0x0F, 0xF4, 0x00, 0x00,
    0x07, 0xFC, 0x00, 0x00, 0xFF, 0x80, 0x00, 0x00, 0x1F, 0xF0, 0x00, 0x0B, 0xFC, 0x00, 0x00, 0x00,
    0xBF, 0x80, 0x00, 0x00, 0x00, 0x07, 0xF8, 0x00, 0x00, 0x1F, 0xFD, 0x00, 0x00, 0x3F, 0xFE, 0x00,
    0x00, 0x3F, 0xFD, 0x00, 0x00, 0x2F, 0xFC, 0x00, 0x00, 0x0B, 0xE0, 0x00, 0x00, 0x00, 0x00, 0x00,
    0x00, 0x00, 0x00, 0x00, 0x00, 0x00, 0x00, 0x00, 0x00, 0x3F, 0xD0, 0x00, 0x00, 0x7F, 0xD0, 0x00,
    0x00, 0xFF, 0xC0, 0x00, 0x03, 0xFF, 0x80, 0x00, 0x1F, 0xFF, 0x00, 0x00, 0xBF, 0xFD, 0x00, 0x03,
    0xFF, 0xF4, 0x00, 0x0F, 0xFF, 0xD0, 0x00, 0x3F, 0xFE, 0x00, 0x00, 0x7F, 0xF8, 0x00, 0x00, 0xBF,
    0xF0, 0x00, 0x00, 0xFF, 0xD0, 0x00, 0x00, 0xFF, 0xE0, 0x00, 0x60, 0xFF, 0xF4, 0x0B, 0xF0, 0xBF,
    0xFF, 0xFF, 0xF4, 0x3F, 0xFF, 0xFF, 0xFC, 0x1F, 0xFF, 0xFF, 0xF8, 0x07, 0xFF, 0xFF, 0x40, 0x00,
    0x1A, 0x50, 0x00, 0x00, 0x00, 0x00, 0x0F, 0xFF, 0x00, 0x00, 0x00, 0x00, 0x01, 0xFF, 0xD0, 0x00,
    0x00, 0x00, 0x00, 0x2F, 0xF8, 0x00, 0x00, 0x00, 0x00, 0x03, 0xFF, 0x00, 0x00, 0x00, 0x00, 0x00,
    0x3F, 0xD0, 0x00, 0x00, 0x00, 0x00, 0x03, 0xFC, 0x00, 0x00, 0x00, 0x00, 0x00, 0x00, 0x00, 0x00,
    0x00, 0x00, 0x00, 0x00, 0x00, 0x00, 0x00, 0x00, 0x07, 0xFF, 0xE0, 0x00, 0x00, 0x00, 0x03, 0xFF,
    0xF8, 0x00, 0x00, 0x00, 0x02, 0xFF, 0xFF, 0x00, 0x00, 0x00, 0x00, 0xFF, 0xFF, 0xC0, 0x00, 0x00,
    0x00, 0xBF, 0xFF, 0xF0, 0x00, 0x00, 0x00, 0x3F, 0xFB, 0xFC, 0x00, 0x00, 0x00, 0x2F, 0xF9, 0xFF,
    0x00, 0x00, 0x00, 0x0F, 0xFC, 0x7F, 0xD0, 0x00, 0x00, 0x0B, 0xFE, 0x1F, 0xF4, 0x00, 0x00, 0x03,
    0xFF, 0x07, 0xFE, 0x00, 0x00, 0x02, 0xFF, 0x80, 0xFF, 0x80, 0x00, 0x00, 0xFF, 0xC0, 0x3F, 0xE0,
    0x00, 0x00, 0xBF, 0xE0, 0x0F, 0xFC, 0x00, 0x00, 0x3F, 0xF0, 0x03, 0xFF, 0x00, 0x00, 0x3F, 0xF8,
    0x00, 0xFF, 0xC0, 0x00, 0x1F, 0xFD, 0x00, 0x3F, 0xF0, 0x00, 0x0F, 0xFF, 0xFF, 0xFF, 0xFC, 0x00,
    0x07, 0xFF, 0xFF, 0xFF, 0xFF, 0x40, 0x03, 0xFF, 0xFF, 0xFF, 0xFF, 0xD0, 0x01, 0xFF, 0xFF, 0xFF,
    0xFF, 0xF8, 0x00, 0xFF, 0xFA, 0xAA, 0xAF, 0xFE, 0x00, 0x7F, 0xF4, 0x00, 0x02, 0xFF, 0x80, 0x3F,
    0xFC, 0x00, 0x00, 0x7F, 0xF0, 0x1F, 0xFD, 0x00, 0x00, 0x1F, 0xFC, 0x0F, 0xFF, 0x00, 0x00, 0x07,
    0xFF, 0x07, 0xFF, 0x40, 0x00, 0x00, 0xFF, 0xC3, 0xFF, 0xC0, 0x00, 0x00, 0x3F, 0xF0, 0x00, 0x00,
    0x00, 0x00, 0x00, 0xAA, 0x90, 0x00, 0x00, 0x00, 0x00, 0x3F, 0xFD, 0x00, 0x00, 0x00, 0x00, 0x0B,
    0xFF, 0x40, 0x00, 0x00, 0x00, 0x01, 0xFF, 0xD0, 0x00, 0x00, 0x00, 0x00, 0x3F, 0xF0, 0x00, 0x00,
    0x00, 0x00, 0x0F, 0xFC, 0x00, 0x00, 0x00, 0x00, 0x00, 0xA9, 0x00, 0x00, 0x00, 0x00, 0x00, 0x00,
    0x00, 0x00, 0x00, 0x00, 0x00, 0x00, 0x00, 0x00, 0x00, 0x00, 0x00, 0x00, 0x7F, 0xFE, 0x00, 0x00,
    0x00, 0x00, 0x0F, 0xFF, 0xE0, 0x00, 0x00, 0x00, 0x02, 0xFF, 0xFF, 0x00, 0x00, 0x00, 0x00, 0x3F,
    0xFF, 0xF0, 0x00, 0x00, 0x00, 0x0B, 0xFF, 0xFF, 0x00, 0x00, 0x00, 0x00, 0xFF, 0xEF, 0xF0, 0x00,
    0x00, 0x00, 0x2F, 0xF9, 0xFF, 0x00, 0x00, 0x00, 0x03, 0xFF, 0x1F, 0xF4, 0x00, 0x00, 0x00, 0xBF,
    0xE1, 0xFF, 0x40, 0x00, 0x00, 0x0F, 0xFC, 0x1F, 0xF8, 0x00, 0x00, 0x02, 0xFF, 0x80, 0xFF, 0x80,
    0x00, 0x00, 0x3F, 0xF0, 0x0F, 0xF8, 0x00, 0x00, 0x0B, 0xFE, 0x00, 0xFF, 0xC0, 0x00, 0x00, 0xFF,
    0xC0, 0x0F, 0xFC, 0x00, 0x00, 0x3F, 0xF8, 0x00, 0xFF, 0xC0, 0x00, 0x07, 0xFF, 0x40, 0x0F, 0xFC,
    0x00, 0x00, 0xFF, 0xFF, 0xFF, 0xFF, 0xC0, 0x00, 0x1F, 0xFF, 0xFF, 0xFF, 0xFD, 0x00, 0x03, 0xFF,
    0xFF, 0xFF, 0xFF, 0xD0, 0x00, 0x7F, 0xFF, 0xFF, 0xFF, 0xFE, 0x00, 0x0F, 0xFF, 0xAA, 0xAA, 0xFF,
    0xE0, 0x01, 0xFF, 0xD0, 0x00, 0x0B, 0xFE, 0x00, 0x3F, 0xFC, 0x00, 0x00, 0x7F, 0xF0, 0x07, 0xFF,
    0x40, 0x00, 0x07, 0xFF, 0x00, 0xFF, 0xF0, 0x00, 0x00, 0x7F, 0xF0, 0x1F, 0xFD, 0x00, 0x00, 0x03,
    0xFF, 0x03, 0xFF, 0xC0, 0x00, 0x00, 0x3F, 0xF0, 0x00, 0x00, 0x00, 0x00, 0xFF, 0xFC, 0x00, 0x00,
    0x00, 0x00, 0x0B, 0xFF, 0xF8, 0x00, 0x00, 0x00, 0x00, 0xBF, 0xFF, 0xF0, 0x00, 0x00, 0x00, 0x0B,
    0xFD, 0x3F, 0xE0, 0x00, 0x00, 0x00, 0xBF, 0xC0, 0x3F, 0xD0, 0x00, 0x00, 0x0F, 0xF8, 0x00, 0x7F,
    0xC0, 0x00, 0x00, 0x00, 0x00, 0x00, 0x00, 0x00, 0x00, 0x00, 0x00, 0x00, 0x00, 0x00, 0x00, 0x00,
    0x00, 0x07, 0xFF, 0xE0, 0x00, 0x00, 0x00, 0x00, 0x3F, 0xFF, 0x80, 0x00, 0x00, 0x00, 0x02, 0xFF,
    0xFF, 0x00, 0x00, 0x00, 0x00, 0x0F, 0xFF, 0xFC, 0x00, 0x00, 0x00, 0x00, 0xBF, 0xFF, 0xF0, 0x00,
    0x00, 0x00, 0x03, 0xFF, 0xBF, 0xC0, 0x00, 0x00, 0x00, 0x2F, 0xF9, 0xFF, 0x00, 0x00, 0x00, 0x00,
    0xFF, 0xC7, 0xFD, 0x00, 0x00, 0x00, 0x0B, 0xFE, 0x1F, 0xF4, 0x00, 0x00, 0x00, 0x3F, 0xF0, 0x7F,
    0xE0, 0x00, 0x00, 0x02, 0xFF, 0x80, 0xFF, 0x80, 0x00, 0x00, 0x0F, 0xFC, 0x03, 0xFE, 0x00, 0x00,
    0x00, 0xBF, 0xE0, 0x0F, 0xFC, 0x00, 0x00, 0x03, 0xFF, 0x00, 0x3F, 0xF0, 0x00, 0x00, 0x3F, 0xF8,
    0x00, 0xFF, 0xC0, 0x00, 0x01, 0xFF, 0xD0, 0x03, 0xFF, 0x00, 0x00, 0x0F, 0xFF, 0xFF, 0xFF, 0xFC,
    0x00, 0x00, 0x7F, 0xFF, 0xFF, 0xFF, 0xF4, 0x00, 0x03, 0xFF, 0xFF, 0xFF, 0xFF, 0xD0, 0x00, 0x1F,
    0xFF, 0xFF, 0xFF, 0xFF, 0x80, 0x00, 0xFF, 0xFA, 0xAA, 0xAF, 0xFE, 0x00, 0x07, 0xFF, 0x40, 0x00,
    0x2F, 0xF8, 0x00, 0x3F, 0xFC, 0x00, 0x00, 0x7F, 0xF0, 0x01, 0xFF, 0xD0, 0x00, 0x01, 0xFF, 0xC0,
    0x0F, 0xFF, 0x00, 0x00, 0x07, 0xFF, 0x00, 0x7F, 0xF4, 0x00, 0x00, 0x0F, 0xFC, 0x03, 0xFF, 0xC0,
    0x00, 0x00, 0x3F, 0xF0, 0x00, 0x00, 0x00, 0x00, 0x02, 0xA4, 0x00, 0xF8, 0x00, 0x00, 0x00, 0x7F,
    0xFD, 0x0B, 0xE0, 0x00, 0x00, 0x03, 0xFF, 0xFF, 0xFF, 0x40, 0x00, 0x00, 0x3F, 0xFF, 0xFF, 0xFC,
    0x00, 0x00, 0x00, 0xFD, 0x1F, 0xFF, 0xC0, 0x00, 0x00, 0x07, 0xE0, 0x07, 0xF8, 0x00, 0x00, 0x00,
    0x00, 0x00, 0x00, 0x00, 0x00, 0x00, 0x00, 0x00, 0x00, 0x00, 0x00, 0x00, 0x00, 0x00, 0x07, 0xFF,
    0xE0, 0x00, 0x00, 0x00, 0x00, 0x3F, 0xFF, 0x80, 0x00, 0x00, 0x00, 0x02, 0xFF, 0xFF, 0x00, 0x00,
    0x00, 0x00, 0x0F, 0xFF, 0xFC, 0x00, 0x00, 0x00, 0x00, 0xBF, 0xFF, 0xF0, 0x00, 0x00, 0x00, 0x03,
    0xFF, 0xBF, 0xC0, 0x00, 0x00, 0x00, 0x2F, 0xF9, 0xFF, 0x00, 0x00, 0x00, 0x00, 0xFF, 0xC7, 0xFD,
    0x00, 0x00, 0x00, 0x0B, 0xFE, 0x1F, 0xF4, 0x00, 0x00, 0x00, 0x3F, 0xF0, 0x7F, 0xE0, 0x00, 0x00,
    0x02, 0xFF, 0x80, 0xFF, 0x80, 0x00, 0x00, 0x0F, 0xFC, 0x03, 0xFE, 0x00, 0x00, 0x00, 0xBF, 0xE0,
    0x0F, 0xFC, 0x00, 0x00, 0x03, 0xFF, 0x00, 0x3F, 0xF0, 0x00, 0x00, 0x3F, 0xF8, 0x00, 0xFF, 0xC0,
    0x00, 0x01, 0xFF, 0xD0, 0x03, 0xFF, 0x00, 0x00, 0x0F, 0xFF, 0xFF, 0xFF, 0xFC, 0x00, 0x00, 0x7F,
    0xFF, 0xFF, 0xFF, 0xF4, 0x00, 0x03, 0xFF, 0xFF, 0xFF, 0xFF, 0xD0, 0x00, 0x1F, 0xFF, 0xFF, 0xFF,
    0xFF, 0x80, 0x00, 0xFF, 0xFA, 0xAA, 0xAF, 0xFE, 0x00, 0x07, 0xFF, 0x40, 0x00, 0x2F, 0xF8, 0x00,
    0x3F, 0xFC, 0x00, 0x00, 0x7F, 0xF0, 0x01, 0xFF, 0xD0, 0x00, 0x01, 0xFF, 0xC0, 0x0F, 0xFF, 0x00,
    0x00, 0x07, 0xFF, 0x00, 0x7F, 0xF4, 0x00, 0x00, 0x0F, 0xFC, 0x03, 0xFF, 0xC0, 0x00, 0x00, 0x3F,
    0xF0, 0x00, 0x00, 0x00, 0x00, 0x01, 0x40, 0x05, 0x00, 0x00, 0x00, 0x01, 0xFF, 0x07, 0xFC, 0x00,
    0x00, 0x00, 0x3F, 0xF0, 0xFF, 0xC0, 0x00, 0x00, 0x03, 0xFF, 0x0F, 0xFC, 0x00, 0x00, 0x00, 0x1F,
    0xD0, 0x7F, 0x40, 0x00, 0x00, 0x00, 0x00, 0x00, 0x00, 0x00, 0x00, 0x00, 0x00, 0x00, 0x00, 0x00,
    0x00, 0x00, 0x00, 0x00, 0x00, 0x00, 0x00, 0x00, 0x00, 0x07, 0xFF, 0xE0, 0x00, 0x00, 0x00, 0x00,
    0xFF, 0xFE, 0x00, 0x00, 0x00, 0x00, 0x2F, 0xFF, 0xF0, 0x00, 0x00, 0x00, 0x03, 0xFF, 0xFF, 0x00,
    0x00, 0x00, 0x00, 0xBF, 0xFF, 0xF0, 0x00, 0x00, 0x00, 0x0F, 0xFE, 0xFF, 0x00, 0x00, 0x00, 0x02,
    0xFF, 0x9F, 0xF0, 0x00, 0x00, 0x00, 0x3F, 0xF1, 0xFF, 0x40, 0x00, 0x00, 0x0B, 0xFE, 0x1F, 0xF4,
    0x00, 0x00, 0x00, 0xFF, 0xC1, 0xFF, 0x80, 0x00, 0x00, 0x2F, 0xF8, 0x0F, 0xF8, 0x00, 0x00, 0x03,
    0xFF, 0x00, 0xFF, 0x80, 0x00, 0x00, 0xBF, 0xE0, 0x0F, 0xFC, 0x00, 0x00, 0x0F, 0xFC, 0x00, 0xFF,
    0xC0, 0x00, 0x03, 0xFF, 0x80, 0x0F, 0xFC, 0x00, 0x00, 0x7F, 0xF4, 0x00, 0xFF, 0xC0, 0x00, 0x0F,
    0xFF, 0xFF, 0xFF, 0xFC, 0x00, 0x01, 0xFF, 0xFF, 0xFF, 0xFF, 0xD0, 0x00, 0x3F, 0xFF, 0xFF, 0xFF,
    0xFD, 0x00, 0x07, 0xFF, 0xFF, 0xFF, 0xFF, 0xE0, 0x00, 0xFF, 0xFA, 0xAA, 0xAF, 0xFE, 0x00, 0x1F,
    0xFD, 0x00, 0x00, 0xBF, 0xE0, 0x03, 0xFF, 0xC0, 0x00, 0x07, 0xFF, 0x00, 0x7F, 0xF4, 0x00, 0x00,
    0x7F, 0xF0, 0x0F, 0xFF, 0x00, 0x00, 0x07, 0xFF, 0x01, 0xFF, 0xD0, 0x00, 0x00, 0x3F, 0xF0, 0x3F,
    0xFC, 0x00, 0x00, 0x03, 0xFF, 0x00, 0x00, 0x00, 0x00, 0x00, 0x2F, 0xE0, 0x00, 0x00, 0x00, 0x00,
    0x7F, 0xFF, 0x00, 0x00, 0x00, 0x00, 0x3F, 0xFF, 0xD0, 0x00, 0x00, 0x00, 0x1F, 0xC1, 0xFC, 0x00,
    0x00, 0x00, 0x07, 0xD0, 0x3F, 0x00, 0x00, 0x00, 0x00, 0xFC, 0x1F, 0x80, 0x00, 0x00, 0x00, 0x3F,
    0xFF, 0xD0, 0x00, 0x00, 0x00, 0x07, 0xFF, 0xE0, 0x00, 0x00, 0x00, 0x00, 0x2F, 0x90, 0x00, 0x00,
    0x00, 0x00, 0x00, 0x00, 0x00, 0x00, 0x00, 0x00, 0x00, 0x00, 0x00, 0x00, 0x00, 0x00, 0x1F, 0xFF,
    0x80, 0x00, 0x00, 0x00, 0x0F, 0xFF, 0xE0, 0x00, 0x00, 0x00, 0x0B, 0xFF, 0xFC, 0x00, 0x00, 0x00,
    0x03, 0xFF, 0xFF, 0x00, 0x00, 0x00, 0x02, 0xFF, 0xFF, 0xC0, 0x00, 0x00, 0x00, 0xFF, 0xEF, 0xF0,
    0x00, 0x00, 0x00, 0xBF, 0xE7, 0xFC, 0x00, 0x00, 0x00, 0x3F, 0xF1, 0xFF, 0x40, 0x00, 0x00, 0x2F,
    0xF8, 0x7F, 0xD0, 0x00, 0x00, 0x0F, 0xFC, 0x1F, 0xF8, 0x00, 0x00, 0x0B, 0xFE, 0x03, 0xFE, 0x00,
    0x00, 0x03, 0xFF, 0x00, 0xFF, 0x80, 0x00, 0x02, 0xFF, 0x80, 0x3F, 0xF0, 0x00, 0x00, 0xFF, 0xC0,
    0x0F, 0xFC, 0x00, 0x00, 0xFF, 0xE0, 0x03, 0xFF, 0x00, 0x00, 0x7F, 0xF4, 0x00, 0xFF, 0xC0, 0x00,
    0x3F, 0xFF, 0xFF, 0xFF, 0xF0, 0x00, 0x1F, 0xFF, 0xFF, 0xFF, 0xFD, 0x00, 0x0F, 0xFF, 0xFF, 0xFF,
    0xFF, 0x40, 0x07, 0xFF, 0xFF, 0xFF, 0xFF, 0xE0, 0x03, 0xFF, 0xEA, 0xAA, 0xBF, 0xF8, 0x01, 0xFF,
    0xD0, 0x00, 0x0B, 0xFE, 0x00, 0xFF, 0xF0, 0x00, 0x01, 0xFF, 0xC0, 0x7F, 0xF4, 0x00, 0x00, 0x7F,
    0xF0, 0x3F, 0xFC, 0x00, 0x00, 0x1F, 0xFC, 0x1F, 0xFD, 0x00, 0x00, 0x03, 0xFF, 0x0F, 0xFF, 0x00,
    0x00, 0x00, 0xFF, 0xC0, 0x00, 0x00, 0x00, 0x00, 0x2F, 0xFF, 0xFF, 0xFF, 0xFF, 0xE0, 0x00, 0x00,
    0x00, 0x07, 0xFF, 0xFF, 0xFF, 0xFF, 0xFE, 0x00, 0x00, 0x00, 0x00, 0xFF, 0xFF, 0xFF, 0xFF, 0xFF,
    0xD0, 0x00, 0x00, 0x00, 0x2F, 0xFF, 0xFF, 0xFF, 0xFF, 0xFC, 0x00, 0x00, 0x00, 0x03, 0xFF, 0xAF,
    0xFE, 0xAA, 0xAA, 0x40, 0x00, 0x00, 0x00, 0xFF, 0xF1, 0xFF, 0xD0, 0x00, 0x00, 0x00, 0x00, 0x00,
    0x1F, 0xFD, 0x1F, 0xFC, 0x00, 0x00, 0x00, 0x00, 0x00, 0x03, 0xFF, 0x82, 0xFF, 0xC0, 0x00, 0x00,
    0x00, 0x00, 0x00, 0xBF, 0xF0, 0x3F, 0xF8, 0x00, 0x00, 0x00, 0x00, 0x00, 0x1F, 0xFE, 0x03, 0xFF,
    0x40, 0x00, 0x00, 0x00, 0x00, 0x03, 0xFF, 0xC0, 0x7F, 0xFA, 0xAA, 0xA4, 0x00, 0x00, 0x00, 0xBF,
    0xF4, 0x0B, 0xFF, 0xFF, 0xFF, 0xC0, 0x00, 0x00, 0x0F, 0xFF, 0x00, 0xBF, 0xFF, 0xFF, 0xF8, 0x00,
    0x00, 0x03, 0xFF, 0xC0, 0x0F, 0xFF, 0xFF, 0xFF, 0x40, 0x00, 0x00, 0x7F, 0xF8, 0x00, 0xFF, 0xFF,
    0xFF, 0xF0, 0x00, 0x00, 0x0F, 0xFF, 0x00, 0x1F, 0xFC, 0x00, 0x00, 0x00, 0x00, 0x02, 0xFF, 0xFF,
    0xFF, 0xFF, 0xC0, 0x00, 0x00, 0x00, 0x00, 0x7F, 0xFF, 0xFF, 0xFF, 0xF8, 0x00, 0x00, 0x00, 0x00,
    0x0F, 0xFF, 0xFF, 0xFF, 0xFF, 0x80, 0x00, 0x00, 0x00, 0x02, 0xFF, 0xFF, 0xFF, 0xFF, 0xF4, 0x00,
    0x00, 0x00, 0x00, 0x3F, 0xFE, 0xAA, 0xAF, 0xFF, 0x00, 0x00, 0x00, 0x00, 0x0F, 0xFF, 0x00, 0x00,
    0xBF, 0xF0, 0x00, 0x00, 0x00, 0x01, 0xFF, 0xE0, 0x00, 0x0F, 0xFF, 0xAA, 0xAA, 0x80, 0x00, 0x3F,
    0xFC, 0x00, 0x00, 0xFF, 0xFF, 0xFF, 0xFC, 0x00, 0x0B, 0xFF, 0x40, 0x00, 0x1F, 0xFF, 0xFF, 0xFF,
    0x80, 0x01, 0xFF, 0xE0, 0x00, 0x01, 0xFF, 0xFF, 0xFF, 0xF8, 0x00, 0x3F, 0xFC, 0x00, 0x00, 0x2F,
    0xFF, 0xFF, 0xFF, 0x40, 0x00, 0x00, 0x00, 0x06, 0xFF, 0xF9, 0x00, 0x00, 0x02, 0xFF, 0xFF, 0xFF,
    0x80, 0x00, 0x7F, 0xFF, 0xFF, 0xFF, 0x00, 0x0B, 0xFF, 0xFF, 0xFF, 0xF8, 0x00, 0xBF, 0xFF, 0xEA,
    0xBF, 0xC0, 0x07, 0xFF, 0xF0, 0x00, 0x1E, 0x00, 0x3F, 0xFE, 0x00, 0x00, 0x00, 0x02, 0xFF, 0xF0,
    0x00, 0x00, 0x00, 0x0F, 0xFF, 0x00, 0x00, 0x00, 0x00, 0x7F, 0xF8, 0x00, 0x00, 0x00, 0x03, 0xFF,
    0xC0, 0x00, 0x00, 0x00, 0x0F, 0xFF, 0x00, 0x00, 0x00, 0x00, 0x7F, 0xF4, 0x00, 0x00, 0x00, 0x02,
    0xFF, 0xD0, 0x00, 0x00, 0x00, 0x0B, 0xFF, 0x00, 0x00, 0x00, 0x00, 0x2F, 0xFC, 0x00, 0x00, 0x00,
    0x00, 0xFF, 0xF0, 0x00, 0x00, 0x00, 0x03, 0xFF, 0xC0, 0x00, 0x00, 0x00, 0x0B, 0xFF, 0x00, 0x00,
    0x00, 0x00, 0x2F, 0xFE, 0x00, 0x00, 0x00, 0x00, 0x7F, 0xFC, 0x00, 0x00, 0x00, 0x00, 0xFF, 0xFD,
    0x00, 0x07, 0x40, 0x02, 0xFF, 0xFF, 0xAF, 0xFD, 0x00, 0x03, 0xFF, 0xFF, 0xFF, 0xF4, 0x00, 0x03,
    0xFF, 0xFF, 0xFF, 0xD0, 0x00, 0x02, 0xFF, 0xFF, 0xFF, 0x40, 0x00, 0x00, 0xBF, 0xFE, 0x40, 0x00,
    0x00, 0x00, 0x3F, 0x40, 0x00, 0x00, 0x00, 0x02, 0xFF, 0x00, 0x00, 0x00, 0x00, 0x0F, 0xFF, 0x00,
    0x00, 0x00, 0x00, 0x03, 0xFE, 0x00, 0x00, 0x00, 0x00, 0x0F, 0xF8, 0x00, 0x00, 0x00, 0x10, 0x7F,
    0xE0, 0x00, 0x00, 0x00, 0xFF, 0xFF, 0x00, 0x00, 0x00, 0x03, 0xFF, 0xF4, 0x00, 0x00, 0x00, 0x0B,
    0xFE, 0x00, 0x00, 0x00, 0x00, 0x00, 0x0F, 0xFE, 0x00, 0x00, 0x00, 0x00, 0xBF, 0xF0, 0x00, 0x00,
    0x00, 0x03, 0xFF, 0x40, 0x00, 0x00, 0x00, 0x0F, 0xF8, 0x00, 0x00, 0x00, 0x00, 0x7F, 0xC0, 0x00,
    0x00, 0x00, 0x01, 0xFE, 0x00, 0x00, 0x00, 0x00, 0x00, 0x00, 0x00, 0x00, 0x00, 0x00, 0x00, 0x00,
    0x00, 0x07, 0xFF, 0xFF, 0xFF, 0xE0, 0x00, 0xBF, 0xFF, 0xFF, 0xFD, 0x00, 0x0F, 0xFF, 0xFF, 0xFF,
    0xC0, 0x00, 0xFF, 0xFF, 0xFF, 0xFC, 0x00, 0x1F, 0xFE, 0xAA, 0xAA, 0x40, 0x02, 0xFF, 0xC0, 0x00,
    0x00, 0x00, 0x2F, 0xFC, 0x00, 0x00, 0x00, 0x03, 0xFF, 0xC0, 0x00, 0x00, 0x00, 0x3F, 0xF8, 0x00,
    0x00, 0x00, 0x07, 0xFF, 0x40, 0x00, 0x00, 0x00, 0xBF, 0xF0, 0x00, 0x00, 0x00, 0x0F, 0xFF, 0xFF,
    0xFF, 0x80, 0x00, 0xFF, 0xFF, 0xFF, 0xF4, 0x00, 0x0F, 0xFF, 0xFF, 0xFF, 0x00, 0x01, 0xFF, 0xFF,
    0xFF, 0xF0, 0x00, 0x2F, 0xFE, 0xAA, 0xA9, 0x00, 0x03, 0xFF, 0xC0, 0x00, 0x00, 0x00, 0x3F, 0xF8,
    0x00, 0x00, 0x00, 0x03, 0xFF, 0x40, 0x00, 0x00, 0x00, 0x7F, 0xF0, 0x00, 0x00, 0x00, 0x0B, 0xFF,
    0x00, 0x00, 0x00, 0x00, 0xFF, 0xF0, 0x00, 0x00, 0x00, 0x0F, 0xFF, 0xAA, 0xAA, 0x40, 0x01, 0xFF,
    0xFF, 0xFF, 0xF8, 0x00, 0x2F, 0xFF, 0xFF, 0xFF, 0x80, 0x02, 0xFF, 0xFF, 0xFF, 0xF4, 0x00, 0x3F,
    0xFF, 0xFF, 0xFF, 0x00, 0x00, 0x00, 0x00, 0x00, 0x00, 0xAA, 0x90, 0x00, 0x00, 0x00, 0x3F, 0xFC,
    0x00, 0x00, 0x00, 0x0B, 0xFF, 0x00, 0x00, 0x00, 0x01, 0xFF, 0xC0, 0x00, 0x00, 0x00, 0x3F, 0xF0,
    0x00, 0x00, 0x00, 0x0F, 0xF8, 0x00, 0x00, 0x00, 0x00, 0xA9, 0x00, 0x00, 0x00, 0x00, 0x00, 0x00,
    0x00, 0x00, 0x00, 0x00, 0x00, 0x00, 0x00, 0x00, 0x7F, 0xFF, 0xFF, 0xFE, 0x00, 0x0B, 0xFF, 0xFF,
    0xFF, 0xD0, 0x00, 0xFF, 0xFF, 0xFF, 0xFC, 0x00, 0x0F, 0xFF, 0xFF, 0xFF, 0xC0, 0x01, 0xFF, 0xEA,
    0xAA, 0xA4, 0x00, 0x2F, 0xFC, 0x00, 0x00, 0x00, 0x02, 0xFF, 0xC0, 0x00, 0x00, 0x00, 0x3F, 0xFC,
    0x00, 0x00, 0x00, 0x03, 0xFF, 0x80, 0x00, 0x00, 0x00, 0x7F, 0xF4, 0x00, 0x00, 0x00, 0x0B, 0xFF,
    0x00, 0x00, 0x00, 0x00, 0xFF, 0xFF, 0xFF, 0xF8, 0x00, 0x0F, 0xFF, 0xFF, 0xFF, 0x40, 0x00, 0xFF,
    0xFF, 0xFF, 0xF0, 0x00, 0x1F, 0xFF, 0xFF, 0xFF, 0x00, 0x02, 0xFF, 0xEA, 0xAA, 0x90, 0x00, 0x3F,
    0xFC, 0x00, 0x00, 0x00, 0x03, 0xFF, 0x80, 0x00, 0x00, 0x00, 0x3F, 0xF4, 0x00, 0x00, 0x00, 0x07,
    0xFF, 0x00, 0x00, 0x00, 0x00, 0xBF, 0xF0, 0x00, 0x00, 0x00, 0x0F, 0xFF, 0x00, 0x00, 0x00, 0x00,
    0xFF, 0xFA, 0xAA, 0xA4, 0x00, 0x1F, 0xFF, 0xFF, 0xFF, 0x80, 0x02, 0xFF, 0xFF, 0xFF, 0xF8, 0x00,
    0x2F, 0xFF, 0xFF, 0xFF, 0x40, 0x03, 0xFF, 0xFF, 0xFF, 0xF0, 0x00, 0x00, 0x00, 0x00, 0xFF, 0xFC,
    0x00, 0x00, 0x00, 0x3F, 0xFF, 0xD0, 0x00, 0x00, 0x0F, 0xFF, 0xFF, 0x00, 0x00, 0x03, 0xFF, 0x5F,
    0xF4, 0x00, 0x00, 0xFF, 0xC0, 0x7F, 0xC0, 0x00, 0x3F, 0xE0, 0x01, 0xFE, 0x00, 0x00, 0x00, 0x00,
    0x00, 0x00, 0x00, 0x00, 0x00, 0x00, 0x00, 0x00, 0x07, 0xFF, 0xFF, 0xFF, 0xE0, 0x00, 0xBF, 0xFF,
    0xFF, 0xFD, 0x00, 0x0F, 0xFF, 0xFF, 0xFF, 0xC0, 0x00, 0xFF, 0xFF, 0xFF, 0xFC, 0x00, 0x1F, 0xFE,
    0xAA, 0xAA, 0x40, 0x02, 0xFF, 0xC0, 0x00, 0x00, 0x00, 0x2F, 0xFC, 0x00, 0x00, 0x00, 0x03, 0xFF,
    0xC0, 0x00, 0x00, 0x00, 0x3F, 0xF8, 0x00, 0x00, 0x00, 0x07, 0xFF, 0x40, 0x00, 0x00, 0x00, 0xBF,
    0xF0, 0x00, 0x00, 0x00, 0x0F, 0xFF, 0xFF, 0xFF, 0x80, 0x00, 0xFF, 0xFF, 0xFF, 0xF4, 0x00, 0x0F,
    0xFF, 0xFF, 0xFF, 0x00, 0x01, 0xFF, 0xFF, 0xFF, 0xF0, 0x00, 0x2F, 0xFE, 0xAA, 0xA9, 0x00, 0x03,
    0xFF, 0xC0, 0x00, 0x00, 0x00, 0x3F, 0xF8, 0x00, 0x00, 0x00, 0x03, 0xFF, 0x40, 0x00, 0x00, 0x00,
    0x7F, 0xF0, 0x00, 0x00, 0x00, 0x0B, 0xFF, 0x00, 0x00, 0x00, 0x00, 0xFF, 0xF0, 0x00, 0x00, 0x00,
    0x0F, 0xFF, 0xAA, 0xAA, 0x40, 0x01, 0xFF, 0xFF, 0xFF, 0xF8, 0x00, 0x2F, 0xFF, 0xFF, 0xFF, 0x80,
    0x02, 0xFF, 0xFF, 0xFF, 0xF4, 0x00, 0x3F, 0xFF, 0xFF, 0xFF, 0x00, 0x00, 0x00, 0x00, 0x06, 0x40,
    0x19, 0x00, 0x00, 0x02, 0xFF, 0x0B, 0xFC, 0x00, 0x00, 0x3F, 0xF0, 0xFF, 0xC0, 0x00, 0x03, 0xFF,
    0x0F, 0xFC, 0x00, 0x00, 0x1F, 0xC0, 0x7F, 0x00, 0x00, 0x00, 0x00, 0x00, 0x00, 0x00, 0x00, 0x00,
    0x00, 0x00, 0x00, 0x00, 0x00, 0x00, 0x00, 0x00, 0x00, 0x07, 0xFF, 0xFF, 0xFF, 0xE0, 0x00, 0xBF,
    0xFF, 0xFF, 0xFD, 0x00, 0x0F, 0xFF, 0xFF, 0xFF, 0xC0, 0x00, 0xFF, 0xFF, 0xFF, 0xFC, 0x00, 0x1F,
    0xFE, 0xAA, 0xAA, 0x40, 0x02, 0xFF, 0xC0, 0x00, 0x00, 0x00, 0x2F, 0xFC, 0x00, 0x00, 0x00, 0x03,
    0xFF, 0xC0, 0x00, 0x00, 0x00, 0x3F, 0xF8, 0x00, 0x00, 0x00, 0x07, 0xFF, 0x40, 0x00, 0x00, 0x00,
    0xBF, 0xF0, 0x00, 0x00, 0x00, 0x0F, 0xFF, 0xFF, 0xFF, 0x80, 0x00, 0xFF, 0xFF, 0xFF, 0xF4, 0x00,
    0x0F, 0xFF, 0xFF, 0xFF, 0x00, 0x01, 0xFF, 0xFF, 0xFF, 0xF0, 0x00, 0x2F, 0xFE, 0xAA, 0xA9, 0x00,
    0x03, 0xFF, 0xC0, 0x00, 0x00, 0x00, 0x3F, 0xF8, 0x00, 0x00, 0x00, 0x03, 0xFF, 0x40, 0x00, 0x00,
    0x00, 0x7F, 0xF0, 0x00, 0x00, 0x00, 0x0B, 0xFF, 0x00, 0x00, 0x00, 0x00, 0xFF, 0xF0, 0x00, 0x00,
    0x00, 0x0F, 0xFF, 0xAA, 0xAA, 0x40, 0x01, 0xFF, 0xFF, 0xFF, 0xF8, 0x00, 0x2F, 0xFF, 0xFF, 0xFF,
    0x80, 0x02, 0xFF, 0xFF, 0xFF, 0xF4, 0x00, 0x3F, 0xFF, 0xFF, 0xFF, 0x00, 0x00, 0x00, 0x00, 0xBF,
    0xF0, 0x00, 0x00, 0x00, 0xFF, 0xD0, 0x00, 0x00, 0x01, 0xFF, 0xC0, 0x00, 0x00, 0x02, 0xFF, 0x00,
    0x00, 0x00, 0x02, 0xFE, 0x00, 0x00, 0x00, 0x03, 0xFC, 0x00, 0x00, 0x00, 0x00, 0x00, 0x00, 0x00,
    0x00, 0x00, 0x00, 0x00, 0x0B, 0xFF, 0xFF, 0xF4, 0x00, 0x2F, 0xFF, 0xFF, 0xC0, 0x00, 0xFF, 0xFF,
    0xFF, 0x00, 0x02, 0xFF, 0xFF, 0xF4, 0x00, 0x00, 0xBF, 0xF8, 0x00, 0x00, 0x01, 0xFF, 0xC0, 0x00,
    0x00, 0x0B, 0xFF, 0x00, 0x00, 0x00, 0x3F, 0xF8, 0x00, 0x00, 0x00, 0xFF, 0xD0, 0x00, 0x00, 0x07,
    0xFF, 0x40, 0x00, 0x00, 0x2F, 0xFC, 0x00, 0x00, 0x00, 0xBF, 0xF0, 0x00, 0x00, 0x03, 0xFF, 0x80,
    0x00, 0x00, 0x0F, 0xFD, 0x00, 0x00, 0x00, 0x7F, 0xF0, 0x00, 0x00, 0x02, 0xFF, 0xC0, 0x00, 0x00,
    0x0F, 0xFF, 0x00, 0x00, 0x00, 0x3F, 0xF8, 0x00, 0x00, 0x00, 0xFF, 0xD0, 0x00, 0x00, 0x07, 0xFF,
    0x00, 0x00, 0x00, 0x2F, 0xFC, 0x00, 0x00, 0x00, 0xFF, 0xF0, 0x00, 0x00, 0x0B, 0xFF, 0xD0, 0x00,
    0x02, 0xFF, 0xFF, 0xF0, 0x00, 0x2F, 0xFF, 0xFF, 0xD0, 0x00, 0xFF, 0xFF, 0xFF, 0x00, 0x03, 0xFF,
    0xFF, 0xFC, 0x00, 0x00, 0x00, 0x00, 0x00, 0x0A, 0xA9, 0x00, 0x00, 0x00, 0x0B, 0xFF, 0x40, 0x00,
    0x00, 0x07, 0xFF, 0x40, 0x00, 0x00, 0x03, 0xFF, 0x40, 0x00, 0x00, 0x03, 0xFF, 0x40, 0x00, 0x00,
    0x02, 0xFF, 0x00, 0x00, 0x00, 0x00, 0xA9, 0x00, 0x00, 0x00, 0x00, 0x00, 0x00, 0x00, 0x00, 0x00,
    0x00, 0x00, 0x00, 0x00, 0x02, 0xFF, 0xFF, 0xFD, 0x00, 0x00, 0xBF, 0xFF, 0xFF, 0x00, 0x00, 0x3F,
    0xFF, 0xFF, 0xC0, 0x00, 0x0B, 0xFF, 0xFF, 0xD0, 0x00, 0x00, 0x2F, 0xFE, 0x00, 0x00, 0x00, 0x07,
    0xFF, 0x00, 0x00, 0x00, 0x02, 0xFF, 0xC0, 0x00, 0x00, 0x00, 0xFF, 0xE0, 0x00, 0x00, 0x00, 0x3F,
    0xF4, 0x00, 0x00, 0x00, 0x1F, 0xFD, 0x00, 0x00, 0x00, 0x0B, 0xFF, 0x00, 0x00, 0x00, 0x02, 0xFF,
    0xC0, 0x00, 0x00, 0x00, 0xFF, 0xE0, 0x00, 0x00, 0x00, 0x3F, 0xF4, 0x00, 0x00, 0x00, 0x1F, 0xFC,
    0x00, 0x00, 0x00, 0x0B, 0xFF, 0x00, 0x00, 0x00, 0x03, 0xFF, 0xC0, 0x00, 0x00, 0x00, 0xFF, 0xE0,
    0x00, 0x00, 0x00, 0x3F, 0xF4, 0x00, 0x00, 0x00, 0x1F, 0xFC, 0x00, 0x00, 0x00, 0x0B, 0xFF, 0x00,
    0x00, 0x00, 0x03, 0xFF, 0xC0, 0x00, 0x00, 0x02, 0xFF, 0xF4, 0x00, 0x00, 0x0B, 0xFF, 0xFF, 0xC0,
    0x00, 0x0B, 0xFF, 0xFF, 0xF4, 0x00, 0x03, 0xFF, 0xFF, 0xFC, 0x00, 0x00, 0xFF, 0xFF, 0xFF, 0x00,
    0x00, 0x00, 0x00, 0x0B, 0xFF, 0xC0, 0x00, 0x00, 0x0B, 0xFF, 0xF8, 0x00, 0x00, 0x0B, 0xFF, 0xFF,
    0x00, 0x00, 0x0B, 0xFE, 0x3F, 0xF0, 0x00, 0x0B, 0xFD, 0x03, 0xFE, 0x00, 0x0B, 0xFC, 0x00, 0x3F,
    0xC0, 0x00, 0x00, 0x00, 0x00, 0x00, 0x00, 0x00, 0x00, 0x00, 0x00, 0x00, 0x0B, 0xFF, 0xFF, 0xF4,
    0x00, 0x02, 0xFF, 0xFF, 0xFC, 0x00, 0x00, 0xFF, 0xFF, 0xFF, 0x00, 0x00, 0x2F, 0xFF, 0xFF, 0x40,
    0x00, 0x00, 0xBF, 0xF8, 0x00, 0x00, 0x00, 0x1F, 0xFC, 0x00, 0x00, 0x00, 0x0B, 0xFF, 0x00, 0x00,
    0x00, 0x03, 0xFF, 0x80, 0x00, 0x00, 0x00, 0xFF, 0xD0, 0x00, 0x00, 0x00, 0x7F, 0xF4, 0x00, 0x00,
    0x00, 0x2F, 0xFC, 0x00, 0x00, 0x00, 0x0B, 0xFF, 0x00, 0x00, 0x00, 0x03, 0xFF, 0x80, 0x00, 0x00,
    0x00, 0xFF, 0xD0, 0x00, 0x00, 0x00, 0x7F, 0xF0, 0x00, 0x00, 0x00, 0x2F, 0xFC, 0x00, 0x00, 0x00,
    0x0F, 0xFF, 0x00, 0x00, 0x00, 0x03, 0xFF, 0x80, 0x00, 0x00, 0x00, 0xFF, 0xD0, 0x00, 0x00, 0x00,
    0x7F, 0xF0, 0x00, 0x00, 0x00, 0x2F, 0xFC, 0x00, 0x00, 0x00, 0x0F, 0xFF, 0x00, 0x00, 0x00, 0x0B,
    0xFF, 0xD0, 0x00, 0x00, 0x2F, 0xFF, 0xFF, 0x00, 0x00, 0x2F, 0xFF, 0xFF, 0xD0, 0x00, 0x0F, 0xFF,
    0xFF, 0xF0, 0x00, 0x03, 0xFF, 0xFF, 0xFC, 0x00, 0x00, 0x00, 0x00, 0x14, 0x00, 0x50, 0x00, 0x00,
    0xFF, 0x03, 0xFC, 0x00, 0x02, 0xFF, 0x4B, 0xFD, 0x00, 0x02, 0xFF, 0x0B, 0xFC, 0x00, 0x00, 0xFD,
    0x03, 0xF4, 0x00, 0x00, 0x00, 0x00, 0x00, 0x00, 0x00, 0x00, 0x00, 0x00, 0x00, 0x00, 0x00, 0x00,
    0x00, 0x00, 0x0B, 0xFF, 0xFF, 0xF4, 0x00, 0x0B, 0xFF, 0xFF, 0xF0, 0x00, 0x0F, 0xFF, 0xFF, 0xF0,
    0x00, 0x0B, 0xFF, 0xFF, 0xD0, 0x00, 0x00, 0xBF, 0xF8, 0x00, 0x00, 0x00, 0x7F, 0xF0, 0x00, 0x00,
    0x00, 0xBF, 0xF0, 0x00, 0x00, 0x00, 0xFF, 0xE0, 0x00, 0x00, 0x00, 0xFF, 0xD0, 0x00, 0x00, 0x01,
    0xFF, 0xD0, 0x00, 0x00, 0x02, 0xFF, 0xC0, 0x00, 0x00, 0x02, 0xFF, 0xC0, 0x00, 0x00, 0x03, 0xFF,
    0x80, 0x00, 0x00, 0x03, 0xFF, 0x40, 0x00, 0x00, 0x07, 0xFF, 0x00, 0x00, 0x00, 0x0B, 0xFF, 0x00,
    0x00, 0x00, 0x0F, 0xFF, 0x00, 0x00, 0x00, 0x0F, 0xFE, 0x00, 0x00, 0x00, 0x0F, 0xFD, 0x00, 0x00,
    0x00, 0x1F, 0xFC, 0x00, 0x00, 0x00, 0x2F, 0xFC, 0x00, 0x00, 0x00, 0x3F, 0xFC, 0x00, 0x00, 0x00,
    0xBF, 0xFD, 0x00, 0x00, 0x0B, 0xFF, 0xFF, 0xC0, 0x00, 0x2F, 0xFF, 0xFF, 0xD0, 0x00, 0x3F, 0xFF,
    0xFF, 0xC0, 0x00, 0x3F, 0xFF, 0xFF, 0xC0, 0x00, 0x00, 0x07, 0xFF, 0xFF, 0xA0, 0x00, 0x00, 0x02,
    0xFF, 0xFF, 0xFF, 0x80, 0x00, 0x00, 0xFF, 0xFF, 0xFF, 0xFD, 0x00, 0x00, 0x3F, 0xFF, 0xFF, 0xFF,
    0xC0, 0x00, 0x1F, 0xFE, 0xAB, 0xFF, 0xFC, 0x00, 0x0B, 0xFF, 0x00, 0x2F, 0xFF, 0x40, 0x02, 0xFF,
    0xC0, 0x02, 0xFF, 0xE0, 0x00, 0xFF, 0xE0, 0x00, 0x3F, 0xFC, 0x00, 0x3F, 0xF8, 0x00, 0x0B, 0xFF,
    0x00, 0x1F, 0xFD, 0x00, 0x02, 0xFF, 0xC0, 0x0B, 0xFF, 0x00, 0x00, 0xBF, 0xF0, 0x2B, 0xFF, 0xEA,
    0x80, 0x2F, 0xFC, 0x2F, 0xFF, 0xFF, 0xF0, 0x0B, 0xFF, 0x0F, 0xFF, 0xFF, 0xFC, 0x03, 0xFF, 0xC3,
    0xFF, 0xFF, 0xFE, 0x00, 0xFF, 0xF1, 0xFF, 0xFF, 0xFF, 0x40, 0x3F, 0xF8, 0x03, 0xFF, 0xC0, 0x00,
    0x2F, 0xFD, 0x00, 0xFF, 0xE0, 0x00, 0x0F, 0xFF, 0x00, 0x3F, 0xF4, 0x00, 0x0B, 0xFF, 0x80, 0x1F,
    0xFD, 0x00, 0x07, 0xFF, 0xC0, 0x0B, 0xFF, 0x00, 0x07, 0xFF, 0xE0, 0x03, 0xFF, 0xC0, 0x0B, 0xFF,
    0xF0, 0x00, 0xFF, 0xFA, 0xBF, 0xFF, 0xF0, 0x00, 0x7F, 0xFF, 0xFF, 0xFF, 0xF0, 0x00, 0x2F, 0xFF,
    0xFF, 0xFF, 0xE0, 0x00, 0x0B, 0xFF, 0xFF, 0xFF, 0x90, 0x00, 0x03, 0xFF, 0xFF, 0xF9, 0x00, 0x00,
    0x00, 0x00, 0x00, 0x00, 0x06, 0xA0, 0x01, 0xF4, 0x00, 0x00, 0x00, 0x0B, 0xFF, 0x80, 0xFD, 0x00,
    0x00, 0x00, 0x07, 0xFF, 0xFF, 0xFF, 0x00, 0x00, 0x00, 0x03, 0xFF, 0xFF, 0xFF, 0x40, 0x00, 0x00,
    0x01, 0xFC, 0x1F, 0xFF, 0x80, 0x00, 0x00, 0x00, 0xBD, 0x00, 0xBF, 0x40, 0x00, 0x00, 0x00, 0x00,
    0x00, 0x00, 0x00, 0x00, 0x00, 0x00, 0x00, 0x00, 0x00, 0x00, 0x00, 0x00, 0x0B, 0xFF, 0xD0, 0x00,
    0x02, 0xFF, 0x80, 0x02, 0xFF, 0xF8, 0x00, 0x00, 0xFF, 0xD0, 0x00, 0xFF, 0xFF, 0x00, 0x00, 0x3F,
    0xF0, 0x00, 0x3F, 0xFF, 0xC0, 0x00, 0x1F, 0xFC, 0x00, 0x1F, 0xFF, 0xF8, 0x00, 0x07, 0xFE, 0x00,
    0x0B, 0xFF, 0xFF, 0x00, 0x02, 0xFF, 0x40, 0x03, 0xFF, 0xFF, 0xC0, 0x00, 0xFF, 0xD0, 0x00, 0xFF,
    0xEF, 0xF8, 0x00, 0x3F, 0xF0, 0x00, 0x3F, 0xE7, 0xFF, 0x00, 0x1F, 0xFC, 0x00, 0x1F, 0xF8, 0xFF,
    0xC0, 0x0B, 0xFE, 0x00, 0x0B, 0xFD, 0x3F, 0xF4, 0x03, 0xFF, 0x40, 0x03, 0xFF, 0x07, 0xFF, 0x00,
    0xFF, 0xC0, 0x00, 0xFF, 0xC0, 0xFF, 0xC0, 0x3F, 0xF0, 0x00, 0x3F, 0xF0, 0x3F, 0xF4, 0x1F, 0xFC,
    0x00, 0x1F, 0xF8, 0x0B, 0xFF, 0x0B, 0xFE, 0x00, 0x0B, 0xFD, 0x00, 0xFF, 0xC3, 0xFF, 0x40, 0x03,
    0xFF, 0x40, 0x3F, 0xF4, 0xFF, 0xC0, 0x00, 0xFF, 0xC0, 0x0B, 0xFF, 0x3F, 0xF0, 0x00, 0x7F, 0xF0,
    0x00, 0xFF, 0xDF, 0xF8, 0x00, 0x1F, 0xF8, 0x00, 0x3F, 0xFF, 0xFE, 0x00, 0x0B, 0xFD, 0x00, 0x0B,
    0xFF, 0xFF, 0x40, 0x03, 0xFF, 0x00, 0x01, 0xFF, 0xFF, 0xC0, 0x00, 0xFF, 0xC0, 0x00, 0x3F, 0xFF,
    0xF0, 0x00, 0x7F, 0xF0, 0x00, 0x0B, 0xFF, 0xF8, 0x00, 0x2F, 0xF8, 0x00, 0x01, 0xFF, 0xFD, 0x00,
    0x0F, 0xFD, 0x00, 0x00, 0x3F, 0xFF, 0x40, 0x03, 0xFF, 0x00, 0x00, 0x0B, 0xFF, 0xC0, 0x00, 0x00,
    0x00, 0x07, 0xFF, 0x80, 0x00, 0x00, 0x00, 0x00, 0xFF, 0xF0, 0x00, 0x00, 0x00, 0x00, 0x0F, 0xFC,
    0x00, 0x00, 0x00, 0x00, 0x01, 0xFF, 0x80, 0x00, 0x00, 0x00, 0x00, 0x1F, 0xF0, 0x00, 0x00, 0x00,
    0x00, 0x01, 0xFD, 0x00, 0x00, 0x00, 0x00, 0x00, 0x00, 0x00, 0x00, 0x00, 0x00, 0x00, 0x00, 0x00,
    0x00, 0x00, 0x00, 0x00, 0x00, 0x00, 0x00, 0x00, 0x00, 0x01, 0xBF, 0xF9, 0x00, 0x00, 0x00, 0x0B,
    0xFF, 0xFF, 0xF4, 0x00, 0x00, 0x1F, 0xFF, 0xFF, 0xFF, 0x40, 0x00, 0x2F, 0xFF, 0xFF, 0xFF, 0xF4,
    0x00, 0x2F, 0xFF, 0xEA, 0xFF, 0xFF, 0x00, 0x1F, 0xFF, 0x80, 0x07, 0xFF, 0xD0, 0x0F, 0xFF, 0x80,
    0x00, 0x7F, 0xFC, 0x0B, 0xFF, 0x80, 0x00, 0x0F, 0xFF, 0x03, 0xFF, 0xC0, 0x00, 0x02, 0xFF, 0xC1,
    0xFF, 0xE0, 0x00, 0x00, 0xBF, 0xF0, 0xFF, 0xF0, 0x00, 0x00, 0x2F, 0xFC, 0x3F, 0xFC, 0x00, 0x00,
    0x0B, 0xFF, 0x1F, 0xFE, 0x00, 0x00, 0x02, 0xFF, 0xCB, 0xFF, 0x40, 0x00, 0x00, 0xFF, 0xF2, 0xFF,
    0xC0, 0x00, 0x00, 0x3F, 0xFC, 0xBF, 0xF0, 0x00, 0x00, 0x1F, 0xFE, 0x3F, 0xFC, 0x00, 0x00, 0x0B,
    0xFF, 0x4F, 0xFF, 0x00, 0x00, 0x03, 0xFF, 0xC2, 0xFF, 0xC0, 0x00, 0x02, 0xFF, 0xE0, 0xBF, 0xF4,
    0x00, 0x00, 0xFF, 0xF0, 0x1F, 0xFF, 0x00, 0x00, 0xFF, 0xF8, 0x03, 0xFF, 0xE0, 0x01, 0xFF, 0xFC,
    0x00, 0x7F, 0xFF, 0xAB, 0xFF, 0xFD, 0x00, 0x0F, 0xFF, 0xFF, 0xFF, 0xFD, 0x00, 0x00, 0xFF, 0xFF,
    0xFF, 0xFD, 0x00, 0x00, 0x0B, 0xFF, 0xFF, 0xF8, 0x00, 0x00, 0x00, 0x1B, 0xFF, 0x90, 0x00, 0x00,
    0x00, 0x00, 0x00, 0x00, 0x6A, 0xA4, 0x00, 0x00, 0x00, 0x00, 0x3F, 0xFC, 0x00, 0x00, 0x00, 0x00,
    0x3F, 0xFC, 0x00, 0x00, 0x00, 0x00, 0x1F, 0xFC, 0x00, 0x00, 0x00, 0x00, 0x0F, 0xFC, 0x00, 0x00,
    0x00, 0x00, 0x0F, 0xF8, 0x00, 0x00, 0x00, 0x00, 0x02, 0xA4, 0x00, 0x00, 0x00, 0x00, 0x00, 0x00,
    0x00, 0x00, 0x00, 0x00, 0x00, 0x00, 0x00, 0x00, 0x00, 0x00, 0x01, 0xBF, 0xF9, 0x00, 0x00, 0x00,
    0x0B, 0xFF, 0xFF, 0xF4, 0x00, 0x00, 0x1F, 0xFF, 0xFF, 0xFF, 0x40, 0x00, 0x2F, 0xFF, 0xFF, 0xFF,
    0xF4, 0x00, 0x2F, 0xFF, 0xEA, 0xFF, 0xFF, 0x00, 0x1F, 0xFF, 0x80, 0x07, 0xFF, 0xD0, 0x0F, 0xFF,
    0x80, 0x00, 0x7F, 0xFC, 0x0B, 0xFF, 0x80, 0x00, 0x0F, 0xFF, 0x03, 0xFF, 0xC0, 0x00, 0x02, 0xFF,
    0xC1, 0xFF, 0xE0, 0x00, 0x00, 0xBF, 0xF0, 0xFF, 0xF0, 0x00, 0x00, 0x2F, 0xFC, 0x3F, 0xFC, 0x00,
    0x00, 0x0B, 0xFF, 0x1F, 0xFE, 0x00, 0x00, 0x02, 0xFF, 0xCB, 0xFF, 0x40, 0x00, 0x00, 0xFF, 0xF2,
    0xFF, 0xC0, 0x00, 0x00, 0x3F, 0xFC, 0xBF, 0xF0, 0x00, 0x00, 0x1F, 0xFE, 0x3F, 0xFC, 0x00, 0x00,
    0x0B, 0xFF, 0x4F, 0xFF, 0x00, 0x00, 0x03, 0xFF, 0xC2, 0xFF, 0xC0, 0x00, 0x02, 0xFF, 0xE0, 0xBF,
    0xF4, 0x00, 0x00, 0xFF, 0xF0, 0x1F, 0xFF, 0x00, 0x00, 0xFF, 0xF8, 0x03, 0xFF, 0xE0, 0x01, 0xFF,
    0xFC, 0x00, 0x7F, 0xFF, 0xAB, 0xFF, 0xFD, 0x00, 0x0F, 0xFF, 0xFF, 0xFF, 0xFD, 0x00, 0x00, 0xFF,
    0xFF, 0xFF, 0xFD, 0x00, 0x00, 0x0B, 0xFF, 0xFF, 0xF8, 0x00, 0x00, 0x00, 0x1B, 0xFF, 0x90, 0x00,
    0x00, 0x00, 0x00, 0x00, 0x3F, 0xFE, 0x00, 0x00, 0x00, 0x00, 0x3F, 0xFF, 0xC0, 0x00, 0x00, 0x00,
    0x3F, 0xFF, 0xF8, 0x00, 0x00, 0x00, 0x3F, 0xF1, 0xFF, 0x40, 0x00, 0x00, 0x3F, 0xE0, 0x2F, 0xF0,
    0x00, 0x00, 0x3F, 0xD0, 0x02, 0xFE, 0x00, 0x00, 0x00, 0x00, 0x00, 0x00, 0x00, 0x00, 0x00, 0x00,
    0x00, 0x00, 0x00, 0x00, 0x00, 0x00, 0x00, 0x00, 0x00, 0x00, 0x00, 0x01, 0xBF, 0xF9, 0x00, 0x00,
    0x00, 0x0B, 0xFF, 0xFF, 0xF4, 0x00, 0x00, 0x1F, 0xFF, 0xFF, 0xFF, 0x40, 0x00, 0x2F, 0xFF, 0xFF,
    0xFF, 0xF4, 0x00, 0x2F, 0xFF, 0xEA, 0xFF, 0xFF, 0x00, 0x1F, 0xFF, 0x80, 0x07, 0xFF, 0xD0, 0x0F,
    0xFF, 0x80, 0x00, 0x7F, 0xFC, 0x0B, 0xFF, 0x80, 0x00, 0x0F, 0xFF, 0x03, 0xFF, 0xC0, 0x00, 0x02,
    0xFF, 0xC1, 0xFF, 0xE0, 0x00, 0x00, 0xBF, 0xF0, 0xFF, 0xF0, 0x00, 0x00, 0x2F, 0xFC, 0x3F, 0xFC,
    0x00, 0x00, 0x0B, 0xFF, 0x1F, 0xFE, 0x00, 0x00, 0x02, 0xFF, 0xCB, 0xFF, 0x40, 0x00, 0x00, 0xFF,
    0xF2, 0xFF, 0xC0, 0x00, 0x00, 0x3F, 0xFC, 0xBF, 0xF0, 0x00, 0x00, 0x1F, 0xFE, 0x3F, 0xFC, 0x00,
    0x00, 0x0B, 0xFF, 0x4F, 0xFF, 0x00, 0x00, 0x03, 0xFF, 0xC2, 0xFF, 0xC0, 0x00, 0x02, 0xFF, 0xE0,
    0xBF, 0xF4, 0x00, 0x00, 0xFF, 0xF0, 0x1F, 0xFF, 0x00, 0x00, 0xFF, 0xF8, 0x03, 0xFF, 0xE0, 0x01,
    0xFF, 0xFC, 0x00, 0x7F, 0xFF, 0xAB, 0xFF, 0xFD, 0x00, 0x0F, 0xFF, 0xFF, 0xFF, 0xFD, 0x00, 0x00,
    0xFF, 0xFF, 0xFF, 0xFD, 0x00, 0x00, 0x0B, 0xFF, 0xFF, 0xF8, 0x00, 0x00, 0x00, 0x1B, 0xFF, 0x90,
    0x00, 0x00, 0x00, 0x00, 0x00, 0xA9, 0x00, 0x3E, 0x00, 0x00, 0x02, 0xFF, 0xF0, 0x3F, 0x80, 0x00,
    0x01, 0xFF, 0xFF, 0xFF, 0xC0, 0x00, 0x00, 0xFF, 0xFF, 0xFF, 0xE0, 0x00, 0x00, 0x3F, 0x07, 0xFF,
    0xF0, 0x00, 0x00, 0x1F, 0x40, 0x1F, 0xE0, 0x00, 0x00, 0x00, 0x00, 0x00, 0x00, 0x00, 0x00, 0x00,
    0x00, 0x00, 0x00, 0x00, 0x00, 0x00, 0x06, 0xFF, 0xE4, 0x00, 0x00, 0x00, 0x2F, 0xFF, 0xFF, 0xD0,
    0x00, 0x00, 0x7F, 0xFF, 0xFF, 0xFD, 0x00, 0x00, 0xBF, 0xFF, 0xFF, 0xFF, 0xD0, 0x00, 0xBF, 0xFF,
    0xAB, 0xFF, 0xFC, 0x00, 0x7F, 0xFE, 0x00, 0x1F, 0xFF, 0x40, 0x3F, 0xFE, 0x00, 0x01, 0xFF, 0xF0,
    0x2F, 0xFE, 0x00, 0x00, 0x3F, 0xFC, 0x0F, 0xFF, 0x00, 0x00, 0x0B, 0xFF, 0x07, 0xFF, 0x80, 0x00,
    0x02, 0xFF, 0xC3, 0xFF, 0xC0, 0x00, 0x00, 0xBF, 0xF0, 0xFF, 0xF0, 0x00, 0x00, 0x2F, 0xFC, 0x7F,
    0xF8, 0x00, 0x00, 0x0B, 0xFF, 0x2F, 0xFD, 0x00, 0x00, 0x03, 0xFF, 0xCB, 0xFF, 0x00, 0x00, 0x00,
    0xFF, 0xF2, 0xFF, 0xC0, 0x00, 0x00, 0x7F, 0xF8, 0xFF, 0xF0, 0x00, 0x00, 0x2F, 0xFD, 0x3F, 0xFC,
    0x00, 0x00, 0x0F, 0xFF, 0x0B, 0xFF, 0x00, 0x00, 0x0B, 0xFF, 0x82, 0xFF, 0xD0, 0x00, 0x03, 0xFF,
    0xC0, 0x7F, 0xFC, 0x00, 0x03, 0xFF, 0xE0, 0x0F, 0xFF, 0x80, 0x07, 0xFF, 0xF0, 0x01, 0xFF, 0xFE,
    0xAF, 0xFF, 0xF4, 0x00, 0x3F, 0xFF, 0xFF, 0xFF, 0xF4, 0x00, 0x03, 0xFF, 0xFF, 0xFF, 0xF4, 0x00,
    0x00, 0x2F, 0xFF, 0xFF, 0xE0, 0x00, 0x00, 0x00, 0x6F, 0xFE, 0x40, 0x00, 0x00, 0x00, 0x00, 0x02,
    0xF4, 0x0B, 0xD0, 0x00, 0x00, 0x02, 0xFF, 0x0B, 0xFC, 0x00, 0x00, 0x00, 0xFF, 0xC3, 0xFF, 0x00,
    0x00, 0x00, 0x3F, 0xE0, 0xFF, 0x80, 0x00, 0x00, 0x01, 0x90, 0x06, 0x40, 0x00, 0x00, 0x00, 0x00,
    0x00, 0x00, 0x00, 0x00, 0x00, 0x00, 0x00, 0x00, 0x00, 0x00, 0x00, 0x00, 0x00, 0x00, 0x00, 0x00,
    0x00, 0x06, 0xFF, 0xE4, 0x00, 0x00, 0x00, 0x2F, 0xFF, 0xFF, 0xD0, 0x00, 0x00, 0x7F, 0xFF, 0xFF,
    0xFD, 0x00, 0x00, 0xBF, 0xFF, 0xFF, 0xFF, 0xD0, 0x00, 0xBF, 0xFF, 0xAB, 0xFF, 0xFC, 0x00, 0x7F,
    0xFE, 0x00, 0x1F, 0xFF, 0x40, 0x3F, 0xFE, 0x00, 0x01, 0xFF, 0xF0, 0x2F, 0xFE, 0x00, 0x00, 0x3F,
    0xFC, 0x0F, 0xFF, 0x00, 0x00, 0x0B, 0xFF, 0x07, 0xFF, 0x80, 0x00, 0x02, 0xFF, 0xC3, 0xFF, 0xC0,
    0x00, 0x00, 0xBF, 0xF0, 0xFF, 0xF0, 0x00, 0x00, 0x2F, 0xFC, 0x7F, 0xF8, 0x00, 0x00, 0x0B, 0xFF,
    0x2F, 0xFD, 0x00, 0x00, 0x03, 0xFF, 0xCB, 0xFF, 0x00, 0x00, 0x00, 0xFF, 0xF2, 0xFF, 0xC0, 0x00,
    0x00, 0x7F, 0xF8, 0xFF, 0xF0, 0x00, 0x00, 0x2F, 0xFD, 0x3F, 0xFC, 0x00, 0x00, 0x0F, 0xFF, 0x0B,
    0xFF, 0x00, 0x00, 0x0B, 0xFF, 0x82, 0xFF, 0xD0, 0x00, 0x03, 0xFF, 0xC0, 0x7F, 0xFC, 0x00, 0x03,
    0xFF, 0xE0, 0x0F, 0xFF, 0x80, 0x07, 0xFF, 0xF0, 0x01, 0xFF, 0xFE, 0xAF, 0xFF, 0xF4, 0x00, 0x3F,
    0xFF, 0xFF, 0xFF, 0xF4, 0x00, 0x03, 0xFF, 0xFF, 0xFF, 0xF4, 0x00, 0x00, 0x2F, 0xFF, 0xFF, 0xE0,
    0x00, 0x00, 0x00, 0x6F, 0xFE, 0x40, 0x00, 0x00, 0x01, 0x00, 0x00, 0x04, 0x00, 0xB8, 0x00, 0x02,
    0xF0, 0x2F, 0xE0, 0x00, 0xBF, 0xC3, 0xFF, 0x80, 0x2F, 0xFC, 0x0F, 0xFE, 0x0B, 0xFF, 0x00, 0x3F,
    0xFA, 0xFF, 0xC0, 0x00, 0xFF, 0xFF, 0xF0, 0x00, 0x03, 0xFF, 0xFC, 0x00, 0x00, 0x0F, 0xFF, 0x00,
    0x00, 0x02, 0xFF, 0xF8, 0x00, 0x00, 0xBF, 0xFF, 0xE0, 0x00, 0x2F, 0xFF, 0xFF, 0x80, 0x0B, 0xFF,
    0x0F, 0xFE, 0x02, 0xFF, 0xC0, 0x3F, 0xF8, 0x3F, 0xF0, 0x00, 0xFF, 0xC0, 0xFC, 0x00, 0x03, 0xF0,
    0x03, 0x00, 0x00, 0x0C, 0x00, 0x00, 0x00, 0x00, 0x00, 0x00, 0x00, 0x00, 0x00, 0x00, 0x00, 0x00,
    0x00, 0x00, 0x00, 0x00, 0x00, 0x60, 0x00, 0x00, 0x01, 0xBF, 0xF9, 0x1F, 0xC0, 0x00, 0x02, 0xFF,
    0xFF, 0xFF, 0xFD, 0x00, 0x01, 0xFF, 0xFF, 0xFF, 0xFF, 0x80, 0x00, 0xBF, 0xFF, 0xFF, 0xFF, 0xF0,
    0x00, 0x2F, 0xFF, 0xEA, 0xFF, 0xFF, 0x00, 0x07, 0xFF, 0xE0, 0x01, 0xFF, 0xF4, 0x00, 0xFF, 0xF4,
    0x00, 0x3F, 0xFF, 0xC0, 0x2F, 0xFE, 0x00, 0x0F, 0xFF, 0xFC, 0x03, 0xFF, 0xC0, 0x02, 0xFE, 0xFF,
    0xC0, 0x7F, 0xF4, 0x00, 0xBF, 0x9F, 0xFC, 0x0F, 0xFF, 0x00, 0x1F, 0xF1, 0xFF, 0xC0, 0xFF, 0xE0,
    0x03, 0xFC, 0x1F, 0xFC, 0x1F, 0xFD, 0x00, 0xFF, 0x01, 0xFF, 0xC1, 0xFF, 0xC0, 0x3F, 0xD0, 0x2F,
    0xFC, 0x2F, 0xFC, 0x0B, 0xF8, 0x03, 0xFF, 0xC2, 0xFF, 0xC1, 0xFF, 0x00, 0x3F, 0xF8, 0x2F, 0xFC,
    0x3F, 0xC0, 0x07, 0xFF, 0x42, 0xFF, 0xCF, 0xF4, 0x00, 0xFF, 0xF0, 0x2F, 0xFF, 0xFD, 0x00, 0x1F,
    0xFE, 0x02, 0xFF, 0xFF, 0x80, 0x03, 0xFF, 0xC0, 0x1F, 0xFF, 0xF0, 0x00, 0xFF, 0xF8, 0x00, 0xFF,
    0xFC, 0x00, 0x7F, 0xFF, 0x00, 0x0B, 0xFF, 0xFA, 0xBF, 0xFF, 0xC0, 0x00, 0x3F, 0xFF, 0xFF, 0xFF,
    0xF4, 0x00, 0x0F, 0xFF, 0xFF, 0xFF, 0xFC, 0x00, 0x02, 0xFF, 0xFF, 0xFF, 0xFD, 0x00, 0x00, 0x2F,
    0xC1, 0xBF, 0xF9, 0x00, 0x00, 0x00, 0x74, 0x00, 0x00, 0x00, 0x00, 0x00, 0x00, 0x00, 0x00, 0x00,
    0x00, 0x00, 0x00, 0x00, 0x00, 0x0F, 0xFE, 0x00, 0x00, 0x00, 0x00, 0x02, 0xFF, 0xC0, 0x00, 0x00,
    0x00, 0x00, 0x3F, 0xF4, 0x00, 0x00, 0x00, 0x00, 0x03, 0xFE, 0x00, 0x00, 0x00, 0x00, 0x00, 0x7F,
    0xC0, 0x00, 0x00, 0x00, 0x00, 0x07, 0xF8, 0x00, 0x00, 0x00, 0x00, 0x00, 0x00, 0x00, 0x00, 0x00,
    0x00, 0x00, 0x00, 0x00, 0x00, 0x00, 0x00, 0x00, 0x00, 0x00, 0x00, 0x00, 0x2F, 0xFC, 0x00, 0x02,
    0xFF, 0xC0, 0x0F, 0xFF, 0x00, 0x00, 0xBF, 0xF0, 0x03, 0xFF, 0x80, 0x00, 0x3F, 0xF8, 0x01, 0xFF,
    0xD0, 0x00, 0x0F, 0xFE, 0x00, 0xBF, 0xF0, 0x00, 0x07, 0xFF, 0x40, 0x3F, 0xFC, 0x00, 0x02, 0xFF,
    0xC0, 0x0F, 0xFE, 0x00, 0x00, 0xFF, 0xF0, 0x03, 0xFF, 0x80, 0x00, 0x3F, 0xF8, 0x01, 0xFF, 0xD0,
    0x00, 0x0F, 0xFD, 0x00, 0xBF, 0xF0, 0x00, 0x07, 0xFF, 0x00, 0x3F, 0xFC, 0x00, 0x02, 0xFF, 0xC0,
    0x0F, 0xFE, 0x00, 0x00, 0xFF, 0xF0, 0x07, 0xFF, 0x40, 0x00, 0x3F, 0xF8, 0x02, 0xFF, 0xC0, 0x00,
    0x1F, 0xFD, 0x00, 0xBF, 0xF0, 0x00, 0x07, 0xFF, 0x00, 0x3F, 0xFC, 0x00, 0x02, 0xFF, 0xC0, 0x0F,
    0xFE, 0x00, 0x00, 0xFF, 0xE0, 0x07, 0xFF, 0x40, 0x00, 0x3F, 0xF8, 0x01, 0xFF, 0xD0, 0x00, 0x1F,
    0xFD, 0x00, 0x7F, 0xF4, 0x00, 0x0F, 0xFF, 0x00, 0x1F, 0xFD, 0x00, 0x07, 0xFF, 0x80, 0x03, 0xFF,
    0xC0, 0x07, 0xFF, 0xC0, 0x00, 0xFF, 0xFE, 0xAF, 0xFF, 0xE0, 0x00, 0x1F, 0xFF, 0xFF, 0xFF, 0xF0,
    0x00, 0x02, 0xFF, 0xFF, 0xFF, 0xF0, 0x00, 0x00, 0x1F, 0xFF, 0xFF, 0xE0, 0x00, 0x00, 0x00, 0x6F,
    0xFE, 0x40, 0x00, 0x00, 0x00, 0x00, 0x00, 0x00, 0xAA, 0x90, 0x00, 0x00, 0x00, 0x00, 0xFF, 0xF0,
    0x00, 0x00, 0x00, 0x00, 0xBF, 0xF4, 0x00, 0x00, 0x00, 0x00, 0x7F, 0xF0, 0x00, 0x00, 0x00, 0x00,
    0x3F, 0xF0, 0x00, 0x00, 0x00, 0x00, 0x3F, 0xE0, 0x00, 0x00, 0x00, 0x00, 0x0A, 0x90, 0x00, 0x00,
    0x00, 0x00, 0x00, 0x00, 0x00, 0x00, 0x00, 0x00, 0x00, 0x00, 0x00, 0x00, 0x00, 0x2F, 0xFC, 0x00,
    0x02, 0xFF, 0xC0, 0x0F, 0xFF, 0x00, 0x00, 0xBF, 0xF0, 0x03, 0xFF, 0x80, 0x00, 0x3F, 0xF8, 0x01,
    0xFF, 0xD0, 0x00, 0x0F, 0xFE, 0x00, 0xBF, 0xF0, 0x00, 0x07, 0xFF, 0x40, 0x3F, 0xFC, 0x00, 0x02,
    0xFF, 0xC0, 0x0F, 0xFE, 0x00, 0x00, 0xFF, 0xF0, 0x03, 0xFF, 0x80, 0x00, 0x3F, 0xF8, 0x01, 0xFF,
    0xD0, 0x00, 0x0F, 0xFD, 0x00, 0xBF, 0xF0, 0x00, 0x07, 0xFF, 0x00, 0x3F, 0xFC, 0x00, 0x02, 0xFF,
    0xC0, 0x0F, 0xFE, 0x00, 0x00, 0xFF, 0xF0, 0x07, 0xFF, 0x40, 0x00, 0x3F, 0xF8, 0x02, 0xFF, 0xC0,
    0x00, 0x1F, 0xFD, 0x00, 0xBF, 0xF0, 0x00, 0x07, 0xFF, 0x00, 0x3F, 0xFC, 0x00, 0x02, 0xFF, 0xC0,
    0x0F, 0xFE, 0x00, 0x00, 0xFF, 0xE0, 0x07, 0xFF, 0x40, 0x00, 0x3F, 0xF8, 0x01, 0xFF, 0xD0, 0x00,
    0x1F, 0xFD, 0x00, 0x7F, 0xF4, 0x00, 0x0F, 0xFF, 0x00, 0x1F, 0xFD, 0x00, 0x07, 0xFF, 0x80, 0x03,
    0xFF, 0xC0, 0x07, 0xFF, 0xC0, 0x00, 0xFF, 0xFE, 0xAF, 0xFF, 0xE0, 0x00, 0x1F, 0xFF, 0xFF, 0xFF,
    0xF0, 0x00, 0x02, 0xFF, 0xFF, 0xFF, 0xF0, 0x00, 0x00, 0x1F, 0xFF, 0xFF, 0xE0, 0x00, 0x00, 0x00,
    0x6F, 0xFE, 0x40, 0x00, 0x00, 0x00, 0x00, 0x00, 0xFF, 0xFC, 0x00, 0x00, 0x00, 0x00, 0xFF, 0xFF,
    0x40, 0x00, 0x00, 0x00, 0xFF, 0xFF, 0xF0, 0x00, 0x00, 0x00, 0xFF, 0xD3, 0xFE, 0x00, 0x00, 0x00,
    0xFF, 0xC0, 0x7F, 0xC0, 0x00, 0x00, 0xFF, 0x80, 0x07, 0xF8, 0x00, 0x00, 0x00, 0x00, 0x00, 0x00,
    0x00, 0x00, 0x00, 0x00, 0x00, 0x00, 0x00, 0x00, 0x00, 0x00, 0x00, 0x00, 0x00, 0x00, 0x2F, 0xFC,
    0x00, 0x02, 0xFF, 0xC0, 0x0F, 0xFF, 0x00, 0x00, 0xBF, 0xF0, 0x03, 0xFF, 0x80, 0x00, 0x3F, 0xF8,
    0x01, 0xFF, 0xD0, 0x00, 0x0F, 0xFE, 0x00, 0xBF, 0xF0, 0x00, 0x07, 0xFF, 0x40, 0x3F, 0xFC, 0x00,
    0x02, 0xFF, 0xC0, 0x0F, 0xFE, 0x00, 0x00, 0xFF, 0xF0, 0x03, 0xFF, 0x80, 0x00, 0x3F, 0xF8, 0x01,
    0xFF, 0xD0, 0x00, 0x0F, 0xFD, 0x00, 0xBF, 0xF0, 0x00, 0x07, 0xFF, 0x00, 0x3F, 0xFC, 0x00, 0x02,
    0xFF, 0xC0, 0x0F, 0xFE, 0x00, 0x00, 0xFF, 0xF0, 0x07, 0xFF, 0x40, 0x00, 0x3F, 0xF8, 0x02, 0xFF,
    0xC0, 0x00, 0x1F, 0xFD, 0x00, 0xBF, 0xF0, 0x00, 0x07, 0xFF, 0x00, 0x3F, 0xFC, 0x00, 0x02, 0xFF,
    0xC0, 0x0F, 0xFE, 0x00, 0x00, 0xFF, 0xE0, 0x07, 0xFF, 0x40, 0x00, 0x3F, 0xF8, 0x01, 0xFF, 0xD0,
    0x00, 0x1F, 0xFD, 0x00, 0x7F, 0xF4, 0x00, 0x0F, 0xFF, 0x00, 0x1F, 0xFD, 0x00, 0x07, 0xFF, 0x80,
    0x03, 0xFF, 0xC0, 0x07, 0xFF, 0xC0, 0x00, 0xFF, 0xFE, 0xAF, 0xFF, 0xE0, 0x00, 0x1F, 0xFF, 0xFF,
    0xFF, 0xF0, 0x00, 0x02, 0xFF, 0xFF, 0xFF, 0xF0, 0x00, 0x00, 0x1F, 0xFF, 0xFF, 0xE0, 0x00, 0x00,
    0x00, 0x6F, 0xFE, 0x40, 0x00, 0x00, 0x00, 0x00, 0x0B, 0xE0, 0x2F, 0x80, 0x00, 0x00, 0x0B, 0xFC,
    0x2F, 0xF0, 0x00, 0x00, 0x03, 0xFF, 0x0F, 0xFC, 0x00, 0x00, 0x00, 0xBF, 0xC2, 0xFF, 0x00, 0x00,
    0x00, 0x06, 0x40, 0x19, 0x00, 0x00, 0x00, 0x00, 0x00, 0x00, 0x00, 0x00, 0x00, 0x00, 0x00, 0x00,
    0x00, 0x00, 0x00, 0x00, 0x00, 0x00, 0x00, 0x00, 0x00, 0xBF, 0xF0, 0x00, 0x0B, 0xFF, 0x00, 0x3F,
    0xFC, 0x00, 0x02, 0xFF, 0xC0, 0x0F, 0xFE, 0x00, 0x00, 0xFF, 0xE0, 0x07, 0xFF, 0x40, 0x00, 0x3F,
    0xF8, 0x02, 0xFF, 0xC0, 0x00, 0x1F, 0xFD, 0x00, 0xFF, 0xF0, 0x00, 0x0B, 0xFF, 0x00, 0x3F, 0xF8,
    0x00, 0x03, 0xFF, 0xC0, 0x0F, 0xFE, 0x00, 0x00, 0xFF, 0xE0, 0x07, 0xFF, 0x40, 0x00, 0x3F, 0xF4,
    0x02, 0xFF, 0xC0, 0x00, 0x1F, 0xFC, 0x00, 0xFF, 0xF0, 0x00, 0x0B, 0xFF, 0x00, 0x3F, 0xF8, 0x00,
    0x03, 0xFF, 0xC0, 0x1F, 0xFD, 0x00, 0x00, 0xFF, 0xE0, 0x0B, 0xFF, 0x00, 0x00, 0x7F, 0xF4, 0x02,
    0xFF, 0xC0, 0x00, 0x1F, 0xFC, 0x00, 0xFF, 0xF0, 0x00, 0x0B, 0xFF, 0x00, 0x3F, 0xF8, 0x00, 0x03,
    0xFF, 0x80, 0x1F, 0xFD, 0x00, 0x00, 0xFF, 0xE0, 0x07, 0xFF, 0x40, 0x00, 0x7F, 0xF4, 0x01, 0xFF,
    0xD0, 0x00, 0x3F, 0xFC, 0x00, 0x7F, 0xF4, 0x00, 0x1F, 0xFE, 0x00, 0x0F, 0xFF, 0x00, 0x1F, 0xFF,
    0x00, 0x03, 0xFF, 0xFA, 0xBF, 0xFF, 0x80, 0x00, 0x7F, 0xFF, 0xFF, 0xFF, 0xC0, 0x00, 0x0B, 0xFF,
    0xFF, 0xFF, 0xC0, 0x00, 0x00, 0x7F, 0xFF, 0xFF, 0x80, 0x00, 0x00, 0x01, 0xBF, 0xF9, 0x00, 0x00,
    0x00, 0x00, 0x00, 0x00, 0x6A, 0xA0, 0x00, 0x00, 0x00, 0x1F, 0xFE, 0x00, 0x00, 0x00, 0x03, 0xFF,
    0x80, 0x00, 0x00, 0x00, 0xFF, 0xE0, 0x00, 0x00, 0x00, 0x2F, 0xF8, 0x00, 0x00, 0x00, 0x07, 0xFD,
    0x00, 0x00, 0x00, 0x00, 0x6A, 0x00, 0x00, 0x00, 0x00, 0x00, 0x00, 0x00, 0x00, 0x00, 0x00, 0x00,
    0x00, 0x00, 0x07, 0xFF, 0x00, 0x00, 0x3F, 0xFD, 0x3F, 0xF4, 0x00, 0x0B, 0xFF, 0x83, 0xFF, 0x80,
    0x00, 0xFF, 0xF0, 0x2F, 0xFC, 0x00, 0x3F, 0xFC, 0x01, 0xFF, 0xC0, 0x07, 0xFF, 0x80, 0x0F, 0xFD,
    0x00, 0xFF, 0xF0, 0x00, 0xFF, 0xE0, 0x2F, 0xFC, 0x00, 0x0B, 0xFE, 0x07, 0xFF, 0x80, 0x00, 0x7F,
    0xF0, 0xFF, 0xF0, 0x00, 0x03, 0xFF, 0x2F, 0xFC, 0x00, 0x00, 0x3F, 0xFB, 0xFF, 0x40, 0x00, 0x02,
    0xFF, 0xFF, 0xF0, 0x00, 0x00, 0x1F, 0xFF, 0xFC, 0x00, 0x00, 0x00, 0xFF, 0xFF, 0x40, 0x00, 0x00,
    0x0F, 0xFF, 0xF0, 0x00, 0x00, 0x00, 0xBF, 0xFC, 0x00, 0x00, 0x00, 0x07, 0xFF, 0x40, 0x00, 0x00,
    0x00, 0x7F, 0xF0, 0x00, 0x00, 0x00, 0x0B, 0xFF, 0x00, 0x00, 0x00, 0x00, 0xFF, 0xE0, 0x00, 0x00,
    0x00, 0x0F, 0xFD, 0x00, 0x00, 0x00, 0x01, 0xFF, 0xD0, 0x00, 0x00, 0x00, 0x2F, 0xFC, 0x00, 0x00,
    0x00, 0x02, 0xFF, 0xC0, 0x00, 0x00, 0x00, 0x3F, 0xF8, 0x00, 0x00, 0x00, 0x03, 0xFF, 0x40, 0x00,
    0x00, 0x00, 0x7F, 0xF0, 0x00, 0x00, 0x00, 0x00, 0x07, 0xFF, 0x00, 0x00, 0x00, 0x00, 0xBF, 0xF0,
    0x00, 0x00, 0x00, 0x0F, 0xFF, 0x00, 0x00, 0x00, 0x00, 0xFF, 0xE0, 0x00, 0x00, 0x00, 0x1F, 0xFF,
    0xA5, 0x00, 0x00, 0x02, 0xFF, 0xFF, 0xFE, 0x00, 0x00, 0x2F, 0xFF, 0xFF, 0xFD, 0x00, 0x03, 0xFF,
    0xFF, 0xFF, 0xF0, 0x00, 0x3F, 0xFF, 0xFF, 0xFF, 0x80, 0x07, 0xFF, 0x40, 0xBF, 0xFC, 0x00, 0xBF,
    0xF0, 0x02, 0xFF, 0xD0, 0x0F, 0xFF, 0x00, 0x1F, 0xFD, 0x00, 0xFF, 0xE0, 0x01, 0xFF, 0xD0, 0x0F,
    0xFE, 0x00, 0x1F, 0xFD, 0x01, 0xFF, 0xD0, 0x03, 0xFF, 0xC0, 0x2F, 0xFC, 0x00, 0x7F, 0xFC, 0x03,
    0xFF, 0xC0, 0x6F, 0xFF, 0x40, 0x3F, 0xFF, 0xFF, 0xFF, 0xE0, 0x03, 0xFF, 0xFF, 0xFF, 0xFC, 0x00,
    0x7F, 0xFF, 0xFF, 0xFE, 0x00, 0x0B, 0xFF, 0xFF, 0xFE, 0x00, 0x00, 0xFF, 0xFA, 0x94, 0x00, 0x00,
    0x0F, 0xFE, 0x00, 0x00, 0x00, 0x01, 0xFF, 0xD0, 0x00, 0x00, 0x00, 0x2F, 0xFC, 0x00, 0x00, 0x00,
    0x02, 0xFF, 0xC0, 0x00, 0x00, 0x00, 0x3F, 0xF8, 0x00, 0x00, 0x00, 0x00, 0x00, 0x00, 0x00, 0x00,
    0xBF, 0xFE, 0x40, 0x00, 0x00, 0x00, 0x03, 0xFF, 0xFF, 0xFD, 0x00, 0x00, 0x00, 0x07, 0xFF, 0xFF,
    0xFF, 0xE0, 0x00, 0x00, 0x03, 0xFF, 0xFF, 0xFF, 0xFC, 0x00, 0x00, 0x02, 0xFF, 0xFA, 0xBF, 0xFF,
    0x80, 0x00, 0x00, 0xFF, 0xF0, 0x01, 0xFF, 0xF0, 0x00, 0x00, 0xBF, 0xF4, 0x00, 0x3F, 0xFC, 0x00,
    0x00, 0x3F, 0xFC, 0x00, 0x0F, 0xFE, 0x00, 0x00, 0x0F, 0xFE, 0x00, 0x0B, 0xFF, 0x40, 0x00, 0x03,
    0xFF, 0x40, 0x0B, 0xFF, 0xC0, 0x00, 0x01, 0xFF, 0xC0, 0x2F, 0xFF, 0xC0, 0x00, 0x00, 0xBF, 0xF0,
    0x3F, 0xFF, 0x80, 0x00, 0x00, 0x3F, 0xFC, 0x3F, 0xFF, 0x40, 0x00, 0x00, 0x0F, 0xFE, 0x0F, 0xFF,
    0x00, 0x00, 0x00, 0x07, 0xFF, 0x47, 0xFF, 0x80, 0x00, 0x00, 0x01, 0xFF, 0xC1, 0xFF, 0xF0, 0x00,
    0x00, 0x00, 0xBF, 0xF0, 0x3F, 0xFF, 0x40, 0x00, 0x00, 0x3F, 0xF8, 0x07, 0xFF, 0xF4, 0x00, 0x00,
    0x0F, 0xFE, 0x00, 0x7F, 0xFF, 0x40, 0x00, 0x07, 0xFF, 0x40, 0x03, 0xFF, 0xF0, 0x00, 0x02, 0xFF,
    0xC0, 0x00, 0x3F, 0xFD, 0x00, 0x00, 0xBF, 0xF0, 0x00, 0x03, 0xFF, 0x80, 0x00, 0x3F, 0xF8, 0x00,
    0x00, 0xFF, 0xE0, 0x00, 0x0F, 0xFD, 0x20, 0x00, 0x7F, 0xF8, 0x00, 0x07, 0xFF, 0x4F, 0xEA, 0xFF,
    0xFC, 0x00, 0x02, 0xFF, 0xC3, 0xFF, 0xFF, 0xFF, 0x00, 0x00, 0xFF, 0xF0, 0xFF, 0xFF, 0xFF, 0x00,
    0x00, 0x3F, 0xF8, 0x3F, 0xFF, 0xFF, 0x00, 0x00, 0x0F, 0xFD, 0x02, 0xFF, 0xF9, 0x00, 0x00, 0x07,
    0xFF, 0x00, 0x00, 0x00, 0x00, 0x00, 0x02, 0xFF, 0xC0, 0x00, 0x00, 0x00, 0x00, 0x00, 0xFF, 0xF0,
    0x00, 0x00, 0x00, 0x00, 0x00, 0xBF, 0xF8, 0x00, 0x00, 0x00, 0x00, 0x2A, 0xFF, 0xFC, 0x00, 0x00,
    0x00, 0x00, 0x0F, 0xFF, 0xFE, 0x00, 0x00, 0x00, 0x00, 0x03, 0xFF, 0xFF, 0x00, 0x00, 0x00, 0x00,
    0x00, 0xFF, 0xFF, 0x00, 0x00, 0x00, 0x00, 0x00, 0x2F, 0xF9, 0x00, 0x00, 0x00, 0x00, 0x00, 0x00,
    0x00, 0x00, 0xFF, 0xE0, 0x00, 0x00, 0x00, 0x2F, 0xFC, 0x00, 0x00, 0x00, 0x03, 0xFF, 0x40, 0x00,
    0x00, 0x00, 0x3F, 0xE0, 0x00, 0x00, 0x00, 0x07, 0xFC, 0x00, 0x00, 0x00, 0x00, 0x7F, 0x80, 0x00,
    0x00, 0x00, 0x00, 0x00, 0x00, 0x00, 0x00, 0x00, 0x00, 0x00, 0x00, 0x02, 0xFF, 0x80, 0xFF, 0x80,
    0x07, 0xFF, 0xFC, 0x7F, 0xD0, 0x07, 0xFF, 0xFF, 0xAF, 0xF0, 0x03, 0xFF, 0xFF, 0xFF, 0xFC, 0x03,
    0xFF, 0xFA, 0xFF, 0xFE, 0x01, 0xFF, 0xF0, 0x0F, 0xFF, 0x80, 0xFF, 0xF4, 0x02, 0xFF, 0xD0, 0x7F,
    0xF8, 0x00, 0x7F, 0xF0, 0x2F, 0xFD, 0x00, 0x1F, 0xFC, 0x0F, 0xFF, 0x00, 0x0B, 0xFE, 0x03, 0xFF,
    0x80, 0x03, 0xFF, 0x80, 0xFF, 0xE0, 0x00, 0xFF, 0xD0, 0x7F, 0xF4, 0x00, 0x7F, 0xF0, 0x1F, 0xFD,
    0x00, 0x3F, 0xFC, 0x07, 0xFF, 0x80, 0x1F, 0xFE, 0x00, 0xFF, 0xF0, 0x1F, 0xFF, 0x40, 0x3F, 0xFF,
    0xAF, 0xFF, 0xD0, 0x0B, 0xFF, 0xFF, 0xFF, 0xF0, 0x01, 0xFF, 0xFF, 0xEF, 0xFC, 0x00, 0x1F, 0xFF,
    0xD3, 0xFE, 0x00, 0x01, 0xBF, 0x80, 0xFF, 0x40, 0x00, 0x00, 0x00, 0x00, 0x2F, 0xFE, 0x00, 0x00,
    0x00, 0x1F, 0xFE, 0x00, 0x00, 0x00, 0x0F, 0xFE, 0x00, 0x00, 0x00, 0x0B, 0xFE, 0x00, 0x00, 0x00,
    0x07, 0xFD, 0x00, 0x00, 0x00, 0x03, 0xFD, 0x00, 0x00, 0x00, 0x00, 0x00, 0x00, 0x00, 0x00, 0x00,
    0x00, 0x00, 0x00, 0x00, 0x02, 0xFF, 0x80, 0xFF, 0x80, 0x07, 0xFF, 0xFC, 0x7F, 0xD0, 0x07, 0xFF,
    0xFF, 0xAF, 0xF0, 0x03, 0xFF, 0xFF, 0xFF, 0xFC, 0x03, 0xFF, 0xFA, 0xFF, 0xFE, 0x01, 0xFF, 0xF0,
    0x0F, 0xFF, 0x80, 0xFF, 0xF4, 0x02, 0xFF, 0xD0, 0x7F, 0xF8, 0x00, 0x7F, 0xF0, 0x2F, 0xFD, 0x00,
    0x1F, 0xFC, 0x0F, 0xFF, 0x00, 0x0B, 0xFE, 0x03, 0xFF, 0x80, 0x03, 0xFF, 0x80, 0xFF, 0xE0, 0x00,
    0xFF, 0xD0, 0x7F, 0xF4, 0x00, 0x7F, 0xF0, 0x1F, 0xFD, 0x00, 0x3F, 0xFC, 0x07, 0xFF, 0x80, 0x1F,
    0xFE, 0x00, 0xFF, 0xF0, 0x1F, 0xFF, 0x40, 0x3F, 0xFF, 0xAF, 0xFF, 0xD0, 0x0B, 0xFF, 0xFF, 0xFF,
    0xF0, 0x01, 0xFF, 0xFF, 0xEF, 0xFC, 0x00, 0x1F, 0xFF, 0xD3, 0xFE, 0x00, 0x01, 0xBF, 0x80, 0xFF,
    0x40, 0x00, 0x00, 0x00, 0x0F, 0xFF, 0xC0, 0x00, 0x00, 0x0F, 0xFF, 0xF4, 0x00, 0x00, 0x0F, 0xFF,
    0xFF, 0x00, 0x00, 0x0F, 0xFD, 0x3F, 0xE0, 0x00, 0x0F, 0xFC, 0x07, 0xFC, 0x00, 0x0F, 0xF8, 0x00,
    0x7F, 0xC0, 0x00, 0x00, 0x00, 0x00, 0x00, 0x00, 0x00, 0x00, 0x00, 0x00, 0x00, 0x02, 0xFF, 0x80,
    0xFF, 0x80, 0x07, 0xFF, 0xFC, 0x7F, 0xD0, 0x07, 0xFF, 0xFF, 0xAF, 0xF0, 0x03, 0xFF, 0xFF, 0xFF,
    0xFC, 0x03, 0xFF, 0xFA, 0xFF, 0xFE, 0x01, 0xFF, 0xF0, 0x0F, 0xFF, 0x80, 0xFF, 0xF4, 0x02, 0xFF,
    0xD0, 0x7F, 0xF8, 0x00, 0x7F, 0xF0, 0x2F, 0xFD, 0x00, 0x1F, 0xFC, 0x0F, 0xFF, 0x00, 0x0B, 0xFE,
    0x03, 0xFF, 0x80, 0x03, 0xFF, 0x80, 0xFF, 0xE0, 0x00, 0xFF, 0xD0, 0x7F, 0xF4, 0x00, 0x7F, 0xF0,
    0x1F, 0xFD, 0x00, 0x3F, 0xFC, 0x07, 0xFF, 0x80, 0x1F, 0xFE, 0x00, 0xFF, 0xF0, 0x1F, 0xFF, 0x40,
    0x3F, 0xFF, 0xAF, 0xFF, 0xD0, 0x0B, 0xFF, 0xFF, 0xFF, 0xF0, 0x01, 0xFF, 0xFF, 0xEF, 0xFC, 0x00,
    0x1F, 0xFF, 0xD3, 0xFE, 0x00, 0x01, 0xBF, 0x80, 0xFF, 0x40, 0x00, 0x00, 0x00, 0x2A, 0x40, 0x0F,
    0x80, 0x00, 0x1F, 0xFF, 0x42, 0xF8, 0x00, 0x03, 0xFF, 0xFF, 0xFF, 0x40, 0x00, 0xBF, 0xFF, 0xFF,
    0xF0, 0x00, 0x0F, 0xD1, 0xFF, 0xFC, 0x00, 0x01, 0xF8, 0x01, 0xFE, 0x00, 0x00, 0x00, 0x00, 0x00,
    0x00, 0x00, 0x00, 0x00, 0x00, 0x00, 0x00, 0x00, 0x02, 0xFF, 0x80, 0xFF, 0x80, 0x01, 0xFF, 0xFF,
    0x1F, 0xF4, 0x00, 0x7F, 0xFF, 0xFA, 0xFF, 0x00, 0x0F, 0xFF, 0xFF, 0xFF, 0xF0, 0x03, 0xFF, 0xFA,
    0xFF, 0xFE, 0x00, 0x7F, 0xFC, 0x03, 0xFF, 0xE0, 0x0F, 0xFF, 0x40, 0x2F, 0xFD, 0x01, 0xFF, 0xE0,
    0x01, 0xFF, 0xC0, 0x2F, 0xFD, 0x00, 0x1F, 0xFC, 0x03, 0xFF, 0xC0, 0x02, 0xFF, 0x80, 0x3F, 0xF8,
    0x00, 0x3F, 0xF8, 0x03, 0xFF, 0x80, 0x03, 0xFF, 0x40, 0x7F, 0xF4, 0x00, 0x7F, 0xF0, 0x07, 0xFF,
    0x40, 0x0F, 0xFF, 0x00, 0x7F, 0xF8, 0x01, 0xFF, 0xE0, 0x03, 0xFF, 0xC0, 0x7F, 0xFD, 0x00, 0x3F,
    0xFF, 0xAF, 0xFF, 0xD0, 0x02, 0xFF, 0xFF, 0xFF, 0xFC, 0x00, 0x1F, 0xFF, 0xFE, 0xFF, 0xC0, 0x00,
    0x7F, 0xFF, 0x4F, 0xF8, 0x00, 0x01, 0xBF, 0x80, 0xFF, 0x40, 0x00, 0x00, 0x00, 0xFD, 0x03, 0xF4,
    0x00, 0x00, 0xFF, 0xC3, 0xFF, 0x00, 0x00, 0x3F, 0xF0, 0xFF, 0xC0, 0x00, 0x0F, 0xF8, 0x3F, 0xE0,
    0x00, 0x00, 0x64, 0x01, 0x90, 0x00, 0x00, 0x00, 0x00, 0x00, 0x00, 0x00, 0x00, 0x00, 0x00, 0x00,
    0x00, 0x00, 0x00, 0x00, 0x00, 0x00, 0x02, 0xFF, 0x80, 0xFF, 0x80, 0x07, 0xFF, 0xFC, 0x7F, 0xD0,
    0x07, 0xFF, 0xFF, 0xAF, 0xF0, 0x03, 0xFF, 0xFF, 0xFF, 0xFC, 0x03, 0xFF, 0xFA, 0xFF, 0xFE, 0x01,
    0xFF, 0xF0, 0x0F, 0xFF, 0x80, 0xFF, 0xF4, 0x02, 0xFF, 0xD0, 0x7F, 0xF8, 0x00, 0x7F, 0xF0, 0x2F,
    0xFD, 0x00, 0x1F, 0xFC, 0x0F, 0xFF, 0x00, 0x0B, 0xFE, 0x03, 0xFF, 0x80, 0x03, 0xFF, 0x80, 0xFF,
    0xE0, 0x00, 0xFF, 0xD0, 0x7F, 0xF4, 0x00, 0x7F, 0xF0, 0x1F, 0xFD, 0x00, 0x3F, 0xFC, 0x07, 0xFF,
    0x80, 0x1F, 0xFE, 0x00, 0xFF, 0xF0, 0x1F, 0xFF, 0x40, 0x3F, 0xFF, 0xAF, 0xFF, 0xD0, 0x0B, 0xFF,
    0xFF, 0xFF, 0xF0, 0x01, 0xFF, 0xFF, 0xEF, 0xFC, 0x00, 0x1F, 0xFF, 0xD3, 0xFE, 0x00, 0x01, 0xBF,
    0x80, 0xFF, 0x40, 0x00, 0x00, 0x00, 0x07, 0xFD, 0x00, 0x00, 0x00, 0x0B, 0xFF, 0xE0, 0x00, 0x00,
    0x07, 0xFF, 0xFC, 0x00, 0x00, 0x02, 0xF8, 0x2F, 0x40, 0x00, 0x00, 0xBC, 0x07, 0xE0, 0x00, 0x00,
    0x2F, 0x82, 0xF4, 0x00, 0x00, 0x03, 0xFF, 0xFC, 0x00, 0x00, 0x00, 0xBF, 0xFD, 0x00, 0x00, 0x00,
    0x06, 0xF8, 0x00, 0x00, 0x00, 0x00, 0x00, 0x00, 0x00, 0x00, 0x00, 0x00, 0x00, 0x00, 0x00, 0x0B,
    0xFE, 0x03, 0xFE, 0x00, 0x1F, 0xFF, 0xF1, 0xFF, 0x40, 0x1F, 0xFF, 0xFE, 0xBF, 0xC0, 0x0F, 0xFF,
    0xFF, 0xFF, 0xF0, 0x0F, 0xFF, 0xEB, 0xFF, 0xF8, 0x07, 0xFF, 0xC0, 0x3F, 0xFE, 0x03, 0xFF, 0xD0,
    0x0B, 0xFF, 0x41, 0xFF, 0xE0, 0x01, 0xFF, 0xC0, 0xBF, 0xF4, 0x00, 0x7F, 0xF0, 0x3F, 0xFC, 0x00,
    0x2F, 0xF8, 0x0F, 0xFE, 0x00, 0x0F, 0xFE, 0x03, 0xFF, 0x80, 0x03, 0xFF, 0x41, 0xFF, 0xD0, 0x01,
    0xFF, 0xC0, 0x7F, 0xF4, 0x00, 0xFF, 0xF0, 0x1F, 0xFE, 0x00, 0x7F, 0xF8, 0x03, 0xFF, 0xC0, 0x7F,
    0xFD, 0x00, 0xFF, 0xFE, 0xBF, 0xFF, 0x40, 0x2F, 0xFF, 0xFF, 0xFF, 0xC0, 0x07, 0xFF, 0xFF, 0xBF,
    0xF0, 0x00, 0x7F, 0xFF, 0x4F, 0xF8, 0x00, 0x06, 0xFE, 0x03, 0xFD, 0x00, 0x00, 0x02, 0xFF, 0x40,
    0xFE, 0x1B, 0xFD, 0x00, 0x00, 0x7F, 0xFF, 0x87, 0xFB, 0xFF, 0xFF, 0x00, 0x07, 0xFF, 0xFF, 0x6F,
    0xFF, 0xFF, 0xFF, 0x00, 0x7F, 0xFF, 0xFF, 0xFF, 0xFF, 0xFF, 0xFD, 0x03, 0xFF, 0xFA, 0xFF, 0xFF,
    0xFA, 0xBF, 0xF8, 0x1F, 0xFF, 0x00, 0xFF, 0xFF, 0x00, 0xBF, 0xF0, 0xFF, 0xF0, 0x02, 0xFF, 0xF0,
    0x02, 0xFF, 0x87, 0xFF, 0x40, 0x0B, 0xFF, 0x00, 0x0F, 0xFE, 0x2F, 0xFC, 0x00, 0x2F, 0xFC, 0x06,
    0xFF, 0xF0, 0xFF, 0xE0, 0x00, 0xBF, 0xFF, 0xFF, 0xFF, 0x43, 0xFF, 0x80, 0x03, 0xFF, 0xFF, 0xFF,
    0xF8, 0x0F, 0xFD, 0x00, 0x0F, 0xFF, 0xFF, 0xFE, 0x00, 0x7F, 0xF4, 0x00, 0xBF, 0xFF, 0xFE, 0x40,
    0x01, 0xFF, 0xD0, 0x03, 0xFF, 0xC0, 0x00, 0x00, 0x07, 0xFF, 0x40, 0x2F, 0xFF, 0x00, 0x00, 0x00,
    0x0F, 0xFF, 0x02, 0xFF, 0xFF, 0x00, 0x01, 0x40, 0x3F, 0xFF, 0xFF, 0xFF, 0xFF, 0xAA, 0xFE, 0x00,
    0xBF, 0xFF, 0xFF, 0xFF, 0xFF, 0xFF, 0xF8, 0x00, 0xFF, 0xFF, 0xDF, 0xFF, 0xFF, 0xFF, 0xE0, 0x01,
    0xFF, 0xFD, 0x3F, 0xAF, 0xFF, 0xFF, 0x40, 0x00, 0xBF, 0x80, 0xFD, 0x1B, 0xFF, 0x90, 0x00, 0x00,
    0x00, 0xBF, 0xF9, 0x00, 0x00, 0xBF, 0xFF, 0xFD, 0x00, 0x3F, 0xFF, 0xFF, 0xC0, 0x0F, 0xFF, 0xFF,
    0xF8, 0x03, 0xFF, 0xFA, 0xBF, 0x00, 0xBF, 0xFC, 0x00, 0x10, 0x0F, 0xFF, 0x00, 0x00, 0x01, 0xFF,
    0xE0, 0x00, 0x00, 0x3F, 0xFC, 0x00, 0x00, 0x03, 0xFF, 0xC0, 0x00, 0x00, 0x3F, 0xF8, 0x00, 0x00,
    0x07, 0xFF, 0x40, 0x00, 0x00, 0x7F, 0xF4, 0x00, 0x00, 0x07, 0xFF, 0x40, 0x00, 0x00, 0x7F, 0xF8,
    0x00, 0x00, 0x03, 0xFF, 0xC0, 0x01, 0x40, 0x3F, 0xFF, 0x9B, 0xF4, 0x01, 0xFF, 0xFF, 0xFF, 0x40,
    0x0B, 0xFF, 0xFF, 0xF4, 0x00, 0x2F, 0xFF, 0xFF, 0x40, 0x00, 0x2F, 0xFE, 0x40, 0x00, 0x02, 0xF8,
    0x00, 0x00, 0x00, 0x7F, 0xD0, 0x00, 0x00, 0x0B, 0xFF, 0x40, 0x00, 0x00, 0x0B, 0xFC, 0x00, 0x00,
    0x00, 0x7F, 0xC0, 0x00, 0x00, 0x0F, 0xFC, 0x00, 0x00, 0xBF, 0xFF, 0x80, 0x00, 0x0B, 0xFF, 0xF0,
    0x00, 0x00, 0x7F, 0xF4, 0x00, 0x00, 0x00, 0x00, 0xFF, 0xE0, 0x00, 0x00, 0x02, 0xFF, 0xC0, 0x00,
    0x00, 0x03, 0xFF, 0x00, 0x00, 0x00, 0x03, 0xFE, 0x00, 0x00, 0x00, 0x07, 0xFC, 0x00, 0x00, 0x00,
    0x07, 0xF4, 0x00, 0x00, 0x00, 0x00, 0x00, 0x00, 0x00, 0x00, 0x00, 0x00, 0x00, 0x00, 0x6F, 0xF9,
    0x00, 0x00, 0x2F, 0xFF, 0xFF, 0x00, 0x03, 0xFF, 0xFF, 0xFF, 0x00, 0x3F, 0xFF, 0xFF, 0xFE, 0x03,
    0xFF, 0xFE, 0xBF, 0xFC, 0x1F, 0xFF, 0x00, 0x7F, 0xF0, 0xFF, 0xF0, 0x01, 0xFF, 0xC7, 0xFF, 0x40,
    0x0F, 0xFE, 0x2F, 0xFC, 0x06, 0xFF, 0xF4, 0xFF, 0xFF, 0xFF, 0xFF, 0x83, 0xFF, 0xFF, 0xFF, 0xF8,
    0x1F, 0xFF, 0xFF, 0xFF, 0x40, 0x7F, 0xFF, 0xFE, 0x40, 0x01, 0xFF, 0xC0, 0x00, 0x00, 0x07, 0xFF,
    0x40, 0x00, 0x00, 0x0F, 0xFF, 0x00, 0x01, 0x80, 0x3F, 0xFF, 0xAA, 0xFF, 0x00, 0x7F, 0xFF, 0xFF,
    0xFC, 0x00, 0xBF, 0xFF, 0xFF, 0xF0, 0x00, 0xBF, 0xFF, 0xFF, 0x40, 0x00, 0x2F, 0xFF, 0x90, 0x00,
    0x00, 0x00, 0x00, 0x3F, 0xFD, 0x00, 0x00, 0x00, 0xBF, 0xF4, 0x00, 0x00, 0x01, 0xFF, 0xD0, 0x00,
    0x00, 0x03, 0xFF, 0x40, 0x00, 0x00, 0x0B, 0xFC, 0x00, 0x00, 0x00, 0x2F, 0xF0, 0x00, 0x00, 0x00,
    0x00, 0x00, 0x00, 0x00, 0x00, 0x00, 0x00, 0x00, 0x00, 0x00, 0x6F, 0xF9, 0x00, 0x00, 0x0B, 0xFF,
    0xFF, 0xC0, 0x00, 0x3F, 0xFF, 0xFF, 0xF0, 0x00, 0xFF, 0xFF, 0xFF, 0xF8, 0x03, 0xFF, 0xFE, 0xBF,
    0xFC, 0x07, 0xFF, 0xC0, 0x1F, 0xFC, 0x0F, 0xFF, 0x00, 0x1F, 0xFC, 0x1F, 0xFD, 0x00, 0x3F, 0xF8,
    0x2F, 0xFC, 0x06, 0xFF, 0xF4, 0x3F, 0xFF, 0xFF, 0xFF, 0xE0, 0x3F, 0xFF, 0xFF, 0xFF, 0x80, 0x7F,
    0xFF, 0xFF, 0xFD, 0x00, 0x7F, 0xFF, 0xFE, 0x40, 0x00, 0x7F, 0xF0, 0x00, 0x00, 0x00, 0x7F, 0xF4,
    0x00, 0x00, 0x00, 0x3F, 0xFC, 0x00, 0x06, 0x00, 0x3F, 0xFF, 0xAA, 0xFF, 0x00, 0x1F, 0xFF, 0xFF,
    0xFF, 0x00, 0x0B, 0xFF, 0xFF, 0xFF, 0x00, 0x02, 0xFF, 0xFF, 0xFD, 0x00, 0x00, 0x2F, 0xFF, 0x90,
    0x00, 0x00, 0x00, 0x1F, 0xFF, 0x80, 0x00, 0x00, 0x3F, 0xFF, 0xC0, 0x00, 0x00, 0xFF, 0xFF, 0xE0,
    0x00, 0x07, 0xFF, 0x1F, 0xF4, 0x00, 0x1F, 0xF8, 0x0B, 0xFC, 0x00, 0x3F, 0xD0, 0x02, 0xFD, 0x00,
    0x00, 0x00, 0x00, 0x00, 0x00, 0x00, 0x00, 0x00, 0x00, 0x00, 0x00, 0x6F, 0xF9, 0x00, 0x00, 0x0B,
    0xFF, 0xFF, 0xC0, 0x00, 0x3F, 0xFF, 0xFF, 0xF0, 0x00, 0xFF, 0xFF, 0xFF, 0xF8, 0x03, 0xFF, 0xFE,
    0xBF, 0xFC, 0x07, 0xFF, 0xC0, 0x1F, 0xFC, 0x0F, 0xFF, 0x00, 0x1F, 0xFC, 0x1F, 0xFD, 0x00, 0x3F,
    0xF8, 0x2F, 0xFC, 0x06, 0xFF, 0xF4, 0x3F, 0xFF, 0xFF, 0xFF, 0xE0, 0x3F, 0xFF, 0xFF, 0xFF, 0x80,
    0x7F, 0xFF, 0xFF, 0xFD, 0x00, 0x7F, 0xFF, 0xFE, 0x40, 0x00, 0x7F, 0xF0, 0x00, 0x00, 0x00, 0x7F,
    0xF4, 0x00, 0x00, 0x00, 0x3F, 0xFC, 0x00, 0x06, 0x00, 0x3F, 0xFF, 0xAA, 0xFF, 0x00, 0x1F, 0xFF,
    0xFF, 0xFF, 0x00, 0x0B, 0xFF, 0xFF, 0xFF, 0x00, 0x02, 0xFF, 0xFF, 0xFD, 0x00, 0x00, 0x2F, 0xFF,
    0x90, 0x00, 0x00, 0x01, 0xFD, 0x07, 0xF4, 0x00, 0x0F, 0xF8, 0x3F, 0xF0, 0x00, 0x7F, 0xE0, 0xFF,
    0x80, 0x00, 0xFF, 0x43, 0xFD, 0x00, 0x00, 0x50, 0x01, 0x40, 0x00, 0x00, 0x00, 0x00, 0x00, 0x00,
    0x00, 0x00, 0x00, 0x00, 0x00, 0x00, 0x00, 0x00, 0x00, 0x00, 0x6F, 0xF9, 0x00, 0x00, 0x2F, 0xFF,
    0xFF, 0x00, 0x03, 0xFF, 0xFF, 0xFF, 0x00, 0x3F, 0xFF, 0xFF, 0xFE, 0x03, 0xFF, 0xFE, 0xBF, 0xFC,
    0x1F, 0xFF, 0x00, 0x7F, 0xF0, 0xFF, 0xF0, 0x01, 0xFF, 0xC7, 0xFF, 0x40, 0x0F, 0xFE, 0x2F, 0xFC,
    0x06, 0xFF, 0xF4, 0xFF, 0xFF, 0xFF, 0xFF, 0x83, 0xFF, 0xFF, 0xFF, 0xF8, 0x1F, 0xFF, 0xFF, 0xFF,
    0x40, 0x7F, 0xFF, 0xFE, 0x40, 0x01, 0xFF, 0xC0, 0x00, 0x00, 0x07, 0xFF, 0x40, 0x00, 0x00, 0x0F,
    0xFF, 0x00, 0x01, 0x80, 0x3F, 0xFF, 0xAA, 0xFF, 0x00, 0x7F, 0xFF, 0xFF, 0xFC, 0x00, 0xBF, 0xFF,
    0xFF, 0xF0, 0x00, 0xBF, 0xFF, 0xFF, 0x40, 0x00, 0x2F, 0xFF, 0x90, 0x00, 0x02, 0xFF, 0xC0, 0x00,
    0xFF, 0xE0, 0x00, 0x7F, 0xF0, 0x00, 0x2F, 0xF0, 0x00, 0x0B, 0xF8, 0x00, 0x02, 0xFC, 0x00, 0x00,
    0x00, 0x00, 0x00, 0x00, 0x00, 0x3F, 0xF8, 0x00, 0x7F, 0xF4, 0x00, 0xBF, 0xF0, 0x00, 0xBF, 0xF0,
    0x00, 0xFF, 0xE0, 0x00, 0xFF, 0xE0, 0x01, 0xFF, 0xD0, 0x02, 0xFF, 0xC0, 0x03, 0xFF, 0xC0, 0x03,
    0xFF, 0x80, 0x03, 0xFF, 0x40, 0x07, 0xFF, 0x40, 0x0B, 0xFF, 0x00, 0x0F, 0xFF, 0x00, 0x0F, 0xFE,
    0x00, 0x0F, 0xFD, 0x00, 0x1F, 0xFC, 0x00, 0x2F, 0xFC, 0x00, 0x3F, 0xFC, 0x00, 0x3F, 0xF8, 0x00,
    0x3F, 0xF4, 0x00, 0x00, 0x00, 0x3F, 0xFC, 0x00, 0x00, 0xFF, 0xF4, 0x00, 0x02, 0xFF, 0xC0, 0x00,
    0x07, 0xFF, 0x00, 0x00, 0x0F, 0xF8, 0x00, 0x00, 0x2F, 0xD0, 0x00, 0x00, 0x00, 0x00, 0x00, 0x00,
    0x00, 0x00, 0x00, 0x00, 0x3F, 0xF8, 0x00, 0x00, 0x7F, 0xF4, 0x00, 0x00, 0xBF, 0xF0, 0x00, 0x00,
    0xBF, 0xF0, 0x00, 0x00, 0xFF, 0xE0, 0x00, 0x00, 0xFF, 0xE0, 0x00, 0x01, 0xFF, 0xD0, 0x00, 0x02,
    0xFF, 0xC0, 0x00, 0x03, 0xFF, 0xC0, 0x00, 0x03, 0xFF, 0x80, 0x00, 0x03, 0xFF, 0x40, 0x00, 0x07,
    0xFF, 0x40, 0x00, 0x0B, 0xFF, 0x00, 0x00, 0x0F, 0xFF, 0x00, 0x00, 0x0F, 0xFE, 0x00, 0x00, 0x0F,
    0xFD, 0x00, 0x00, 0x1F, 0xFC, 0x00, 0x00, 0x2F, 0xFC, 0x00, 0x00, 0x3F, 0xFC, 0x00, 0x00, 0x3F,
    0xF8, 0x00, 0x00, 0x3F, 0xF4, 0x00, 0x00, 0x00, 0x1F, 0xFF, 0x40, 0x00, 0x7F, 0xFF, 0xC0, 0x01,
    0xFF, 0xFF, 0xD0, 0x07, 0xFE, 0x2F, 0xF0, 0x1F, 0xF8, 0x0F, 0xF8, 0x7F, 0xC0, 0x03, 0xFD, 0x00,
    0x00, 0x00, 0x00, 0x00, 0x00, 0x00, 0x00, 0x00, 0x3F, 0xF8, 0x00, 0x00, 0x7F, 0xF4, 0x00, 0x00,
    0xBF, 0xF0, 0x00, 0x00, 0xBF, 0xF0, 0x00, 0x00, 0xFF, 0xE0, 0x00, 0x00, 0xFF, 0xE0, 0x00, 0x01,
    0xFF, 0xD0, 0x00, 0x02, 0xFF, 0xC0, 0x00, 0x03, 0xFF, 0xC0, 0x00, 0x03, 0xFF, 0x80, 0x00, 0x03,
    0xFF, 0x40, 0x00, 0x07, 0xFF, 0x40, 0x00, 0x0B, 0xFF, 0x00, 0x00, 0x0F, 0xFF, 0x00, 0x00, 0x0F,
    0xFE, 0x00, 0x00, 0x0F, 0xFD, 0x00, 0x00, 0x1F, 0xFC, 0x00, 0x00, 0x2F, 0xFC, 0x00, 0x00, 0x3F,
    0xFC, 0x00, 0x00, 0x3F, 0xF8, 0x00, 0x00, 0x3F, 0xF4, 0x00, 0x00, 0x01, 0xFC, 0x07, 0xF0, 0x0F,
    0xF8, 0x3F, 0xE0, 0x7F, 0xE1, 0xFF, 0x81, 0xFF, 0x07, 0xFC, 0x01, 0x90, 0x02, 0x40, 0x00, 0x00,
    0x00, 0x00, 0x00, 0x00, 0x00, 0x00, 0x00, 0x00, 0x00, 0x00, 0x3F, 0xF8, 0x00, 0x01, 0xFF, 0xD0,
    0x00, 0x0B, 0xFF, 0x00, 0x00, 0x2F, 0xFC, 0x00, 0x00, 0xFF, 0xE0, 0x00, 0x03, 0xFF, 0x80, 0x00,
    0x1F, 0xFD, 0x00, 0x00, 0xBF, 0xF0, 0x00, 0x03, 0xFF, 0xC0, 0x00, 0x0F, 0xFE, 0x00, 0x00, 0x3F,
    0xF4, 0x00, 0x01, 0xFF, 0xD0, 0x00, 0x0B, 0xFF, 0x00, 0x00, 0x3F, 0xFC, 0x00, 0x00, 0xFF, 0xE0,
    0x00, 0x03, 0xFF, 0x40, 0x00, 0x1F, 0xFC, 0x00, 0x00, 0xBF, 0xF0, 0x00, 0x03, 0xFF, 0xC0, 0x00,
    0x0F, 0xFE, 0x00, 0x00, 0x3F, 0xF4, 0x00, 0x00, 0x00, 0x00, 0x04, 0x00, 0x00, 0x00, 0x00, 0x07,
    0xD0, 0x0B, 0x00, 0x00, 0x03, 0xFE, 0x2F, 0xE0, 0x00, 0x02, 0xFF, 0xFF, 0xFC, 0x00, 0x00, 0x2F,
    0xFF, 0xF4, 0x00, 0x00, 0x03, 0xFF, 0xF0, 0x00, 0x00, 0x0B, 0xFF, 0xFD, 0x00, 0x00, 0x0F, 0xFF,
    0xFF, 0xC0, 0x00, 0x02, 0xFD, 0x3F, 0xF4, 0x00, 0x00, 0x34, 0x07, 0xFE, 0x00, 0x00, 0x00, 0x00,
    0xFF, 0xC0, 0x00, 0x1B, 0xFD, 0x2F, 0xF0, 0x00, 0x7F, 0xFF, 0xEB, 0xFC, 0x00, 0x7F, 0xFF, 0xFF,
    0xFF, 0x40, 0x7F, 0xFF, 0xFF, 0xFF, 0xD0, 0x3F, 0xFF, 0xAF, 0xFF, 0xF4, 0x2F, 0xFF, 0x00, 0x7F,
    0xFD, 0x0F, 0xFF, 0x00, 0x0F, 0xFF, 0x03, 0xFF, 0x80, 0x03, 0xFF, 0xC1, 0xFF, 0xD0, 0x00, 0xFF,
    0xF0, 0xBF, 0xF0, 0x00, 0x3F, 0xF8, 0x2F, 0xFC, 0x00, 0x1F, 0xFD, 0x0B, 0xFF, 0x00, 0x0B, 0xFF,
    0x02, 0xFF, 0xC0, 0x07, 0xFF, 0xC0, 0x7F, 0xF4, 0x03, 0xFF, 0xD0, 0x0F, 0xFF, 0xEB, 0xFF, 0xE0,
    0x02, 0xFF, 0xFF, 0xFF, 0xF0, 0x00, 0x3F, 0xFF, 0xFF, 0xF0, 0x00, 0x03, 0xFF, 0xFF, 0xE0, 0x00,
    0x00, 0x1B, 0xFF, 0x80, 0x00, 0x00, 0x00, 0x00, 0x06, 0xA0, 0x01, 0xF4, 0x00, 0x00, 0xFF, 0xF8,
    0x0F, 0xC0, 0x00, 0x0B, 0xFF, 0xFF, 0xFF, 0x00, 0x00, 0x3F, 0xFF, 0xFF, 0xF4, 0x00, 0x02, 0xF8,
    0x2F, 0xFF, 0x80, 0x00, 0x0F, 0xC0, 0x0B, 0xF4, 0x00, 0x00, 0x00, 0x00, 0x00, 0x00, 0x00, 0x00,
    0x00, 0x00, 0x00, 0x00, 0x00, 0x3F, 0xC0, 0x6F, 0xE0, 0x00, 0x01, 0xFF, 0x0B, 0xFF, 0xF4, 0x00,
    0x07, 0xFC, 0xBF, 0xFF, 0xF0, 0x00, 0x2F, 0xFB, 0xFF, 0xFF, 0xD0, 0x00, 0xFF, 0xFF, 0xAF, 0xFF,
    0x80, 0x03, 0xFF, 0xF0, 0x0F, 0xFE, 0x00, 0x1F, 0xFF, 0x40, 0x3F, 0xF8, 0x00, 0xBF, 0xF8, 0x00,
    0xFF, 0xE0, 0x02, 0xFF, 0xC0, 0x03, 0xFF, 0x40, 0x0F, 0xFF, 0x00, 0x0F, 0xFD, 0x00, 0x3F, 0xF8,
    0x00, 0x7F, 0xF0, 0x01, 0xFF, 0xC0, 0x02, 0xFF, 0xC0, 0x0B, 0xFF, 0x00, 0x0F, 0xFE, 0x00, 0x3F,
    0xFC, 0x00, 0x3F, 0xF4, 0x00, 0xFF, 0xE0, 0x01, 0xFF, 0xC0, 0x03, 0xFF, 0x40, 0x07, 0xFF, 0x00,
    0x1F, 0xFC, 0x00, 0x2F, 0xFC, 0x00, 0xBF, 0xF0, 0x00, 0xFF, 0xE0, 0x03, 0xFF, 0x80, 0x03, 0xFF,
    0x40, 0x0F, 0xFE, 0x00, 0x1F, 0xFC, 0x00, 0x3F, 0xF4, 0x00, 0xBF, 0xF0, 0x00, 0x00, 0x01, 0xFF,
    0xD0, 0x00, 0x00, 0x00, 0xFF, 0xE0, 0x00, 0x00, 0x00, 0x7F, 0xF0, 0x00, 0x00, 0x00, 0x1F, 0xF4,
    0x00, 0x00, 0x00, 0x0B, 0xFC, 0x00, 0x00, 0x00, 0x02, 0xFC, 0x00, 0x00, 0x00, 0x00, 0x00, 0x00,
    0x00, 0x00, 0x00, 0x00, 0x00, 0x00, 0x01, 0xBF, 0xF8, 0x00, 0x00, 0x0F, 0xFF, 0xFF, 0x40, 0x00,
    0x7F, 0xFF, 0xFF, 0xE0, 0x01, 0xFF, 0xFF, 0xFF, 0xF0, 0x03, 0xFF, 0xFA, 0xFF, 0xF8, 0x0B, 0xFF,
    0xC0, 0x3F, 0xFC, 0x0F, 0xFF, 0x00, 0x1F, 0xFC, 0x1F, 0xFD, 0x00, 0x1F, 0xFD, 0x3F, 0xFC, 0x00,
    0x1F, 0xFD, 0x3F, 0xF8, 0x00, 0x1F, 0xFC, 0x3F, 0xF4, 0x00, 0x1F, 0xFC, 0x7F, 0xF4, 0x00, 0x2F,
    0xFC, 0x7F, 0xF0, 0x00, 0x3F, 0xFC, 0x7F, 0xF0, 0x00, 0x7F, 0xF4, 0x7F, 0xF4, 0x00, 0xFF, 0xF0,
    0x3F, 0xFC, 0x02, 0xFF, 0xE0, 0x3F, 0xFF, 0xAF, 0xFF, 0xC0, 0x1F, 0xFF, 0xFF, 0xFF, 0x40, 0x0B,
    0xFF, 0xFF, 0xFD, 0x00, 0x01, 0xFF, 0xFF, 0xF0, 0x00, 0x00, 0x2F, 0xFE, 0x40, 0x00, 0x00, 0x00,
    0x00, 0x3F, 0xFD, 0x00, 0x00, 0x00, 0xBF, 0xF4, 0x00, 0x00, 0x01, 0xFF, 0xD0, 0x00, 0x00, 0x03,
    0xFF, 0x40, 0x00, 0x00, 0x0B, 0xFC, 0x00, 0x00, 0x00, 0x2F, 0xF0, 0x00, 0x00, 0x00, 0x00, 0x00,
    0x00, 0x00, 0x00, 0x00, 0x00, 0x00, 0x00, 0x01, 0xBF, 0xF8, 0x00, 0x00, 0x0F, 0xFF, 0xFF, 0x40,
    0x00, 0x7F, 0xFF, 0xFF, 0xE0, 0x01, 0xFF, 0xFF, 0xFF, 0xF0, 0x03, 0xFF, 0xFA, 0xFF, 0xF8, 0x0B,
    0xFF, 0xC0, 0x3F, 0xFC, 0x0F, 0xFF, 0x00, 0x1F, 0xFC, 0x1F, 0xFD, 0x00, 0x1F, 0xFD, 0x3F, 0xFC,
    0x00, 0x1F, 0xFD, 0x3F, 0xF8, 0x00, 0x1F, 0xFC, 0x3F, 0xF4, 0x00, 0x1F, 0xFC, 0x7F, 0xF4, 0x00,
    0x2F, 0xFC, 0x7F, 0xF0, 0x00, 0x3F, 0xFC, 0x7F, 0xF0, 0x00, 0x7F, 0xF4, 0x7F, 0xF4, 0x00, 0xFF,
    0xF0, 0x3F, 0xFC, 0x02, 0xFF, 0xE0, 0x3F, 0xFF, 0xAF, 0xFF, 0xC0, 0x1F, 0xFF, 0xFF, 0xFF, 0x40,
    0x0B, 0xFF, 0xFF, 0xFD, 0x00, 0x01, 0xFF, 0xFF, 0xF0, 0x00, 0x00, 0x2F, 0xFE, 0x40, 0x00, 0x00,
    0x00, 0x1F, 0xFF, 0x80, 0x00, 0x00, 0x7F, 0xFF, 0xC0, 0x00, 0x01, 0xFF, 0xFF, 0xE0, 0x00, 0x07,
    0xFF, 0x2F, 0xF0, 0x00, 0x1F, 0xF8, 0x0B, 0xFC, 0x00, 0x7F, 0xD0, 0x02, 0xFD, 0x00, 0x00, 0x00,
    0x00, 0x00, 0x00, 0x00, 0x00, 0x00, 0x00, 0x00, 0x01, 0xBF, 0xF8, 0x00, 0x00, 0x0F, 0xFF, 0xFF,
    0x40, 0x00, 0x7F, 0xFF, 0xFF, 0xE0, 0x01, 0xFF, 0xFF, 0xFF, 0xF0, 0x03, 0xFF, 0xFA, 0xFF, 0xF8,
    0x0B, 0xFF, 0xC0, 0x3F, 0xFC, 0x0F, 0xFF, 0x00, 0x1F, 0xFC, 0x1F, 0xFD, 0x00, 0x1F, 0xFD, 0x3F,
    0xFC, 0x00, 0x1F, 0xFD, 0x3F, 0xF8, 0x00, 0x1F, 0xFC, 0x3F, 0xF4, 0x00, 0x1F, 0xFC, 0x7F, 0xF4,
    0x00, 0x2F, 0xFC, 0x7F, 0xF0, 0x00, 0x3F, 0xFC, 0x7F, 0xF0, 0x00, 0x7F, 0xF4, 0x7F, 0xF4, 0x00,
    0xFF, 0xF0, 0x3F, 0xFC, 0x02, 0xFF, 0xE0, 0x3F, 0xFF, 0xAF, 0xFF, 0xC0, 0x1F, 0xFF, 0xFF, 0xFF,
    0x40, 0x0B, 0xFF, 0xFF, 0xFD, 0x00, 0x01, 0xFF, 0xFF, 0xF0, 0x00, 0x00, 0x2F, 0xFE, 0x40, 0x00,
    0x00, 0x00, 0x6A, 0x00, 0x1F, 0x40, 0x00, 0xBF, 0xF8, 0x0F, 0xD0, 0x00, 0x7F, 0xFF, 0xFF, 0xF0,
    0x00, 0x3F, 0xFF, 0xFF, 0xF8, 0x00, 0x1F, 0xC1, 0xFF, 0xFC, 0x00, 0x0B, 0xD0, 0x0B, 0xF4, 0x00,
    0x00, 0x00, 0x00, 0x00, 0x00, 0x00, 0x00, 0x00, 0x00, 0x00, 0x00, 0x01, 0xBF, 0xF8, 0x00, 0x00,
    0x03, 0xFF, 0xFF, 0xD0, 0x00, 0x07, 0xFF, 0xFF, 0xFE, 0x00, 0x07, 0xFF, 0xFF, 0xFF, 0xC0, 0x03,
    0xFF, 0xFA, 0xFF, 0xF8, 0x02, 0xFF, 0xF0, 0x0F, 0xFF, 0x00, 0xFF, 0xF0, 0x01, 0xFF, 0xC0, 0x7F,
    0xF4, 0x00, 0x7F, 0xF4, 0x3F, 0xFC, 0x00, 0x1F, 0xFD, 0x0F, 0xFE, 0x00, 0x07, 0xFF, 0x03, 0xFF,
    0x40, 0x01, 0xFF, 0xC1, 0xFF, 0xD0, 0x00, 0xBF, 0xF0, 0x7F, 0xF0, 0x00, 0x3F, 0xFC, 0x1F, 0xFC,
    0x00, 0x1F, 0xFD, 0x07, 0xFF, 0x40, 0x0F, 0xFF, 0x00, 0xFF, 0xF0, 0x0B, 0xFF, 0x80, 0x3F, 0xFF,
    0xAF, 0xFF, 0xC0, 0x07, 0xFF, 0xFF, 0xFF, 0xD0, 0x00, 0xBF, 0xFF, 0xFF, 0xD0, 0x00, 0x07, 0xFF,
    0xFF, 0xC0, 0x00, 0x00, 0x2F, 0xFE, 0x40, 0x00, 0x00, 0x00, 0x01, 0xFC, 0x07, 0xF0, 0x00, 0x03,
    0xFE, 0x0F, 0xF8, 0x00, 0x07, 0xFE, 0x1F, 0xF8, 0x00, 0x03, 0xFD, 0x0F, 0xF4, 0x00, 0x00, 0x50,
    0x01, 0x40, 0x00, 0x00, 0x00, 0x00, 0x00, 0x00, 0x00, 0x00, 0x00, 0x00, 0x00, 0x00, 0x00, 0x00,
    0x00, 0x00, 0x01, 0xBF, 0xF8, 0x00, 0x00, 0x0F, 0xFF, 0xFF, 0x40, 0x00, 0x7F, 0xFF, 0xFF, 0xE0,
    0x01, 0xFF, 0xFF, 0xFF, 0xF0, 0x03, 0xFF, 0xFA, 0xFF, 0xF8, 0x0B, 0xFF, 0xC0, 0x3F, 0xFC, 0x0F,
    0xFF, 0x00, 0x1F, 0xFC, 0x1F, 0xFD, 0x00, 0x1F, 0xFD, 0x3F, 0xFC, 0x00, 0x1F, 0xFD, 0x3F, 0xF8,
    0x00, 0x1F, 0xFC, 0x3F, 0xF4, 0x00, 0x1F, 0xFC, 0x7F, 0xF4, 0x00, 0x2F, 0xFC, 0x7F, 0xF0, 0x00,
    0x3F, 0xFC, 0x7F, 0xF0, 0x00, 0x7F, 0xF4, 0x7F, 0xF4, 0x00, 0xFF, 0xF0, 0x3F, 0xFC, 0x02, 0xFF,
    0xE0, 0x3F, 0xFF, 0xAF, 0xFF, 0xC0, 0x1F, 0xFF, 0xFF, 0xFF, 0x40, 0x0B, 0xFF, 0xFF, 0xFD, 0x00,
    0x01, 0xFF, 0xFF, 0xF0, 0x00, 0x00, 0x2F, 0xFE, 0x40, 0x00, 0x00, 0x00, 0x7E, 0x00, 0x00, 0x00,
    0x00, 0xFF, 0x40, 0x00, 0x00, 0x01, 0xFF, 0x80, 0x00, 0x00, 0x01, 0xFF, 0x80, 0x00, 0x00, 0x00,
    0xFF, 0x40, 0x00, 0x00, 0x00, 0x7E, 0x00, 0x00, 0x00, 0x00, 0x00, 0x00, 0x00, 0x2A, 0xAA, 0xAA,
    0xAA, 0xA8, 0x3F, 0xFF, 0xFF, 0xFF, 0xFC, 0x3F, 0xFF, 0xFF, 0xFF, 0xFC, 0x3F, 0xFF, 0xFF, 0xFF,
    0xFC, 0x3F, 0xFF, 0xFF, 0xFF, 0xFC, 0x00, 0x00, 0x00, 0x00, 0x00, 0x00, 0x00, 0x7E, 0x00, 0x00,
    0x00, 0x00, 0xFF, 0x40, 0x00, 0x00, 0x01, 0xFF, 0x80, 0x00, 0x00, 0x01, 0xFF, 0x80, 0x00, 0x00,
    0x00, 0xFF, 0x40, 0x00, 0x00, 0x00, 0x7E, 0x00, 0x00, 0x00, 0x00, 0x00, 0x00, 0x00, 0x00, 0x00,
    0x1B, 0xFF, 0x8F, 0x40, 0x00, 0x3F, 0xFF, 0xFF, 0xF4, 0x00, 0x7F, 0xFF, 0xFF, 0xFC, 0x00, 0x7F,
    0xFF, 0xFF, 0xFD, 0x00, 0x3F, 0xFF, 0xAF, 0xFF, 0x80, 0x2F, 0xFE, 0x02, 0xFF, 0xF0, 0x0F, 0xFE,
    0x02, 0xFF, 0xFC, 0x0B, 0xFF, 0x01, 0xFF, 0xFF, 0x43, 0xFF, 0x81, 0xFF, 0xFF, 0xD0, 0xFF, 0xD0,
    0xFF, 0x3F, 0xF0, 0x3F, 0xF4, 0xFF, 0x1F, 0xFC, 0x1F, 0xFC, 0xFF, 0x4B, 0xFF, 0x07, 0xFF, 0xBF,
    0x43, 0xFF, 0xC1, 0xFF, 0xFF, 0x80, 0xFF, 0xD0, 0x3F, 0xFF, 0x80, 0xFF, 0xF0, 0x0F, 0xFF, 0xC0,
    0xBF, 0xF8, 0x02, 0xFF, 0xFA, 0xFF, 0xFC, 0x00, 0x3F, 0xFF, 0xFF, 0xFD, 0x00, 0x2F, 0xFF, 0xFF,
    0xFD, 0x00, 0x1F, 0xFF, 0xFF, 0xFD, 0x00, 0x0F, 0xF1, 0xFF, 0xE4, 0x00, 0x00, 0xF0, 0x00, 0x00,
    0x00, 0x00, 0x00, 0x00, 0x00, 0x00, 0x00, 0x00, 0x03, 0xFF, 0xC0, 0x00, 0x00, 0x00, 0x7F, 0xF0,
    0x00, 0x00, 0x00, 0x0F, 0xFD, 0x00, 0x00, 0x00, 0x00, 0xFF, 0xC0, 0x00, 0x00, 0x00, 0x0F, 0xF4,
    0x00, 0x00, 0x00, 0x00, 0xFE, 0x00, 0x00, 0x00, 0x00, 0x00, 0x00, 0x00, 0x00, 0x00, 0x00, 0x00,
    0x00, 0x07, 0xFF, 0x00, 0x0B, 0xFF, 0x02, 0xFF, 0xC0, 0x03, 0xFF, 0x80, 0xBF, 0xF0, 0x00, 0xFF,
    0xD0, 0x3F, 0xF8, 0x00, 0x3F, 0xF4, 0x0F, 0xFD, 0x00, 0x1F, 0xFC, 0x07, 0xFF, 0x00, 0x0B, 0xFF,
    0x02, 0xFF, 0xC0, 0x03, 0xFF, 0x80, 0xFF, 0xE0, 0x00, 0xFF, 0xD0, 0x3F, 0xF8, 0x00, 0x7F, 0xF4,
    0x0F, 0xFD, 0x00, 0x2F, 0xFC, 0x07, 0xFF, 0x00, 0x0F, 0xFF, 0x02, 0xFF, 0xC0, 0x03, 0xFF, 0x80,
    0xFF, 0xE0, 0x02, 0xFF, 0xD0, 0x3F, 0xF8, 0x00, 0xFF, 0xF0, 0x0F, 0xFE, 0x00, 0xBF, 0xFC, 0x03,
    0xFF, 0xC0, 0x7F, 0xFF, 0x00, 0xFF, 0xFE, 0xBF, 0xFF, 0x80, 0x2F, 0xFF, 0xFF, 0x7F, 0xD0, 0x07,
    0xFF, 0xFF, 0x5F, 0xF0, 0x00, 0xBF, 0xFF, 0x47, 0xFC, 0x00, 0x07, 0xFE, 0x01, 0xFF, 0x00, 0x00,
    0x00, 0x00, 0x00, 0xBF, 0xFC, 0x00, 0x00, 0x00, 0x3F, 0xFC, 0x00, 0x00, 0x00, 0x3F, 0xF8, 0x00,
    0x00, 0x00, 0x2F, 0xF8, 0x00, 0x00, 0x00, 0x1F, 0xF4, 0x00, 0x00, 0x00, 0x0F, 0xF0, 0x00, 0x00,
    0x00, 0x00, 0x00, 0x00, 0x00, 0x00, 0x00, 0x00, 0x00, 0x00, 0x07, 0xFF, 0x00, 0x0B, 0xFF, 0x02,
    0xFF, 0xC0, 0x03, 0xFF, 0x80, 0xBF, 0xF0, 0x00, 0xFF, 0xD0, 0x3F, 0xF8, 0x00, 0x3F, 0xF4, 0x0F,
    0xFD, 0x00, 0x1F, 0xFC, 0x07, 0xFF, 0x00, 0x0B, 0xFF, 0x02, 0xFF, 0xC0, 0x03, 0xFF, 0x80, 0xFF,
    0xE0, 0x00, 0xFF, 0xD0, 0x3F, 0xF8, 0x00, 0x7F, 0xF4, 0x0F, 0xFD, 0x00, 0x2F, 0xFC, 0x07, 0xFF,
    0x00, 0x0F, 0xFF, 0x02, 0xFF, 0xC0, 0x03, 0xFF, 0x80, 0xFF, 0xE0, 0x02, 0xFF, 0xD0, 0x3F, 0xF8,
    0x00, 0xFF, 0xF0, 0x0F, 0xFE, 0x00, 0xBF, 0xFC, 0x03, 0xFF, 0xC0, 0x7F, 0xFF, 0x00, 0xFF, 0xFE,
    0xBF, 0xFF, 0x80, 0x2F, 0xFF, 0xFF, 0x7F, 0xD0, 0x07, 0xFF, 0xFF, 0x5F, 0xF0, 0x00, 0xBF, 0xFF,
    0x47, 0xFC, 0x00, 0x07, 0xFE, 0x01, 0xFF, 0x00, 0x00, 0x00, 0x00, 0x3F, 0xFF, 0x00, 0x00, 0x00,
    0x2F, 0xFF, 0xE0, 0x00, 0x00, 0x2F, 0xFF, 0xFC, 0x00, 0x00, 0x2F, 0xF4, 0xFF, 0x80, 0x00, 0x3F,
    0xF0, 0x1F, 0xF4, 0x00, 0x3F, 0xE0, 0x01, 0xFF, 0x00, 0x00, 0x00, 0x00, 0x00, 0x00, 0x00, 0x00,
    0x00, 0x00, 0x00, 0x07, 0xFF, 0x00, 0x0B, 0xFF, 0x02, 0xFF, 0xC0, 0x03, 0xFF, 0x80, 0xBF, 0xF0,
    0x00, 0xFF, 0xD0, 0x3F, 0xF8, 0x00, 0x3F, 0xF4, 0x0F, 0xFD, 0x00, 0x1F, 0xFC, 0x07, 0xFF, 0x00,
    0x0B, 0xFF, 0x02, 0xFF, 0xC0, 0x03, 0xFF, 0x80, 0xFF, 0xE0, 0x00, 0xFF, 0xD0, 0x3F, 0xF8, 0x00,
    0x7F, 0xF4, 0x0F, 0xFD, 0x00, 0x2F, 0xFC, 0x07, 0xFF, 0x00, 0x0F, 0xFF, 0x02, 0xFF, 0xC0, 0x03,
    0xFF, 0x80, 0xFF, 0xE0, 0x02, 0xFF, 0xD0, 0x3F, 0xF8, 0x00, 0xFF, 0xF0, 0x0F, 0xFE, 0x00, 0xBF,
    0xFC, 0x03, 0xFF, 0xC0, 0x7F, 0xFF, 0x00, 0xFF, 0xFE, 0xBF, 0xFF, 0x80, 0x2F, 0xFF, 0xFF, 0x7F,
    0xD0, 0x07, 0xFF, 0xFF, 0x5F, 0xF0, 0x00, 0xBF, 0xFF, 0x47, 0xFC, 0x00, 0x07, 0xFE, 0x01, 0xFF,
    0x00, 0x00, 0x00, 0x02, 0xF8, 0x0B, 0xE0, 0x00, 0x02, 0xFF, 0x0B, 0xFC, 0x00, 0x00, 0xFF, 0xC3,
    0xFF, 0x00, 0x00, 0x2F, 0xE0, 0xBF, 0x80, 0x00, 0x01, 0x90, 0x06, 0x40, 0x00, 0x00, 0x00, 0x00,
    0x00, 0x00, 0x00, 0x00, 0x00, 0x00, 0x00, 0x00, 0x00, 0x00, 0x00, 0x00, 0x07, 0xFF, 0x00, 0x0B,
    0xFF, 0x02, 0xFF, 0xC0, 0x03, 0xFF, 0x80, 0xBF, 0xF0, 0x00, 0xFF, 0xD0, 0x3F, 0xF8, 0x00, 0x3F,
    0xF4, 0x0F, 0xFD, 0x00, 0x1F, 0xFC, 0x07, 0xFF, 0x00, 0x0B, 0xFF, 0x02, 0xFF, 0xC0, 0x03, 0xFF,
    0x80, 0xFF, 0xE0, 0x00, 0xFF, 0xD0, 0x3F, 0xF8, 0x00, 0x7F, 0xF4, 0x0F, 0xFD, 0x00, 0x2F, 0xFC,
    0x07, 0xFF, 0x00, 0x0F, 0xFF, 0x02, 0xFF, 0xC0, 0x03, 0xFF, 0x80, 0xFF, 0xE0, 0x02, 0xFF, 0xD0,
    0x3F, 0xF8, 0x00, 0xFF, 0xF0, 0x0F, 0xFE, 0x00, 0xBF, 0xFC, 0x03, 0xFF, 0xC0, 0x7F, 0xFF, 0x00,
    0xFF, 0xFE, 0xBF, 0xFF, 0x80, 0x2F, 0xFF, 0xFF, 0x7F, 0xD0, 0x07, 0xFF, 0xFF, 0x5F, 0xF0, 0x00,
    0xBF, 0xFF, 0x47, 0xFC, 0x00, 0x07, 0xFE, 0x01, 0xFF, 0x00, 0x00, 0x00, 0x00, 0x00, 0x02, 0xFF,
    0xE0, 0x00, 0x00, 0x00, 0x01, 0xFF, 0xE0, 0x00, 0x00, 0x00, 0x00, 0xFF, 0xE0, 0x00, 0x00, 0x00,
    0x00, 0xFF, 0xD0, 0x00, 0x00, 0x00, 0x00, 0xBF, 0xD0, 0x00, 0x00, 0x00, 0x00, 0x3F, 0x80, 0x00,
    0x00, 0x00, 0x00, 0x00, 0x00, 0x00, 0x00, 0x00, 0x00, 0x00, 0x00, 0x00, 0x00, 0x00, 0x3F, 0xF4,
    0x00, 0x0F, 0xFF, 0x00, 0x0F, 0xFD, 0x00, 0x07, 0xFF, 0x80, 0x03, 0xFF, 0x80, 0x03, 0xFF, 0xC0,
    0x00, 0xBF, 0xE0, 0x00, 0xFF, 0xE0, 0x00, 0x1F, 0xF8, 0x00, 0xBF, 0xF0, 0x00, 0x07, 0xFF, 0x00,
    0x3F, 0xF8, 0x00, 0x00, 0xFF, 0xC0, 0x2F, 0xFC, 0x00, 0x00, 0x3F, 0xF0, 0x0F, 0xFD, 0x00, 0x00,
    0x0F, 0xFC, 0x0B, 0xFF, 0x00, 0x00, 0x03, 0xFF, 0x43, 0xFF, 0x40, 0x00, 0x00, 0xBF, 0xD2, 0xFF,
    0xC0, 0x00, 0x00, 0x1F, 0xF4, 0xFF, 0xD0, 0x00, 0x00, 0x07, 0xFD, 0x7F, 0xF0, 0x00, 0x00, 0x00,
    0xFF, 0x6F, 0xF4, 0x00, 0x00, 0x00, 0x3F, 0xEF, 0xFC, 0x00, 0x00, 0x00, 0x0F, 0xFF, 0xFD, 0x00,
    0x00, 0x00, 0x03, 0xFF, 0xFF, 0x00, 0x00, 0x00, 0x00, 0xBF, 0xFF, 0x40, 0x00, 0x00, 0x00, 0x1F,
    0xFF, 0x80, 0x00, 0x00, 0x00, 0x07, 0xFF, 0xC0, 0x00, 0x00, 0x00, 0x00, 0xFF, 0xE0, 0x00, 0x00,
    0x00, 0x00, 0x7F, 0xF0, 0x00, 0x00, 0x00, 0x00, 0x3F, 0xF8, 0x00, 0x00, 0x00, 0x00, 0x2F, 0xFC,
    0x00, 0x00, 0x00, 0x00, 0x2F, 0xFE, 0x00, 0x00, 0x00, 0x1A, 0xBF, 0xFF, 0x00, 0x00, 0x00, 0x0B,
    0xFF, 0xFF, 0x00, 0x00, 0x00, 0x02, 0xFF, 0xFF, 0x40, 0x00, 0x00, 0x00, 0xBF, 0xFF, 0x00, 0x00,
    0x00, 0x00, 0x1F, 0xF9, 0x00, 0x00, 0x00, 0x00, 0x00, 0x00, 0x00, 0x7F, 0xF0, 0x00, 0x00, 0x00,
    0x02, 0xFF, 0xC0, 0x00, 0x00, 0x00, 0x0F, 0xFF, 0x00, 0x00, 0x00, 0x00, 0x3F, 0xF8, 0x00, 0x00,
    0x00, 0x00, 0xFF, 0xD0, 0x00, 0x00, 0x00, 0x07, 0xFF, 0x00, 0x00, 0x00, 0x00, 0x2F, 0xFC, 0x00,
    0x00, 0x00, 0x00, 0xFF, 0xE0, 0x00, 0x00, 0x00, 0x03, 0xFF, 0x47, 0xFD, 0x00, 0x00, 0x1F, 0xFC,
    0xFF, 0xFE, 0x00, 0x00, 0x7F, 0xFF, 0xFF, 0xFE, 0x00, 0x02, 0xFF, 0xFF, 0xFF, 0xFC, 0x00, 0x0F,
    0xFF, 0xD0, 0xFF, 0xF4, 0x00, 0x3F, 0xFD, 0x01, 0xFF, 0xE0, 0x01, 0xFF, 0xE0, 0x03, 0xFF, 0x80,
    0x0B, 0xFF, 0x00, 0x0F, 0xFE, 0x00, 0x2F, 0xF8, 0x00, 0x3F, 0xF8, 0x00, 0xFF, 0xD0, 0x00, 0xFF,
    0xE0, 0x03, 0xFF, 0x00, 0x07, 0xFF, 0x40, 0x1F, 0xFC, 0x00, 0x2F, 0xFD, 0x00, 0xBF, 0xF0, 0x00,
    0xFF, 0xF0, 0x03, 0xFF, 0xC0, 0x07, 0xFF, 0x80, 0x0F, 0xFF, 0x00, 0x3F, 0xFD, 0x00, 0x3F, 0xFD,
    0x02, 0xFF, 0xF0, 0x01, 0xFF, 0xFE, 0xBF, 0xFF, 0x40, 0x0B, 0xFF, 0xFF, 0xFF, 0xF8, 0x00, 0x3F,
    0xFB, 0xFF, 0xFF, 0x80, 0x00, 0xFF, 0xD7, 0xFF, 0xF8, 0x00, 0x03, 0xFF, 0x02, 0xFE, 0x00, 0x00,
    0x1F, 0xFC, 0x00, 0x00, 0x00, 0x00, 0xBF, 0xF0, 0x00, 0x00, 0x00, 0x03, 0xFF, 0x80, 0x00, 0x00,
    0x00, 0x0F, 0xFD, 0x00, 0x00, 0x00, 0x00, 0x7F, 0xF4, 0x00, 0x00, 0x00, 0x02, 0xFF, 0xC0, 0x00,
    0x00, 0x00, 0x0B, 0xFF, 0x00, 0x00, 0x00, 0x00, 0x3F, 0xF8, 0x00, 0x00, 0x00, 0x00, 0xFF, 0xD0,
    0x00, 0x00, 0x00, 0x00, 0x00, 0x00, 0x0B, 0xE0, 0x2F, 0x80, 0x00, 0x00, 0x0B, 0xFC, 0x2F, 0xF0,
    0x00, 0x00, 0x03, 0xFF, 0x0F, 0xFC, 0x00, 0x00, 0x00, 0xBF, 0x82, 0xFE, 0x00, 0x00, 0x00, 0x06,
    0x40, 0x19, 0x00, 0x00, 0x00, 0x00, 0x00, 0x00, 0x00, 0x00, 0x00, 0x00, 0x00, 0x00, 0x00, 0x00,
    0x00, 0x00, 0x00, 0x00, 0x00, 0x00, 0x00, 0x3F, 0xF4, 0x00, 0x0F, 0xFF, 0x00, 0x0F, 0xFD, 0x00,
    0x07, 0xFF, 0x80, 0x03, 0xFF, 0x80, 0x03, 0xFF, 0xC0, 0x00, 0xBF, 0xE0, 0x00, 0xFF, 0xE0, 0x00,
    0x1F, 0xF8, 0x00, 0xBF, 0xF0, 0x00, 0x07, 0xFF, 0x00, 0x3F, 0xF8, 0x00, 0x00, 0xFF, 0xC0, 0x2F,
    0xFC, 0x00, 0x00, 0x3F, 0xF0, 0x0F, 0xFD, 0x00, 0x00, 0x0F, 0xFC, 0x0B, 0xFF, 0x00, 0x00, 0x03,
    0xFF, 0x43, 0xFF, 0x40, 0x00, 0x00, 0xBF, 0xD2, 0xFF, 0xC0, 0x00, 0x00, 0x1F, 0xF4, 0xFF, 0xD0,
    0x00, 0x00, 0x07, 0xFD, 0x7F, 0xF0, 0x00, 0x00, 0x00, 0xFF, 0x6F, 0xF4, 0x00, 0x00, 0x00, 0x3F,
    0xEF, 0xFC, 0x00, 0x00, 0x00, 0x0F, 0xFF, 0xFD, 0x00, 0x00, 0x00, 0x03, 0xFF, 0xFF, 0x00, 0x00,
    0x00, 0x00, 0xBF, 0xFF, 0x40, 0x00, 0x00, 0x00, 0x1F, 0xFF, 0x80, 0x00, 0x00, 0x00, 0x07, 0xFF,
    0xC0, 0x00, 0x00, 0x00, 0x00, 0xFF, 0xE0, 0x00, 0x00, 0x00, 0x00, 0x7F, 0xF0, 0x00, 0x00, 0x00,
    0x00, 0x3F, 0xF8, 0x00, 0x00, 0x00, 0x00, 0x2F, 0xFC, 0x00, 0x00, 0x00, 0x00, 0x2F, 0xFE, 0x00,
    0x00, 0x00, 0x1A, 0xBF, 0xFF, 0x00, 0x00, 0x00, 0x0B, 0xFF, 0xFF, 0x00, 0x00, 0x00, 0x02, 0xFF,
    0xFF, 0x40, 0x00, 0x00, 0x00, 0xBF, 0xFF, 0x00, 0x00, 0x00, 0x00, 0x1F, 0xF9, 0x00, 0x00, 0x00,
    0x00, 0x00, 0x00, 0x00, 0x00, 0x1F, 0xFF, 0xFF, 0xC0, 0x00, 0x00, 0x02, 0xFF, 0xFF, 0xFC, 0x00,
    0x00, 0x00, 0x3F, 0xFF, 0xFF, 0x80, 0x00, 0x00, 0x03, 0xFF, 0xFF, 0xF4, 0x00, 0x00, 0x00, 0x00,
    0x00, 0x00, 0x00, 0x00, 0x00, 0x00, 0x00, 0x00, 0x00, 0x00, 0x00, 0x00, 0x07, 0xFF, 0xE0, 0x00,
    0x00, 0x00, 0x00, 0xFF, 0xFE, 0x00, 0x00, 0x00, 0x00, 0x2F, 0xFF, 0xF0, 0x00, 0x00, 0x00, 0x03,
    0xFF, 0xFF, 0x00, 0x00, 0x00, 0x00, 0xBF, 0xFF, 0xF0, 0x00, 0x00, 0x00, 0x0F, 0xFE, 0xFF, 0x00,
    0x00, 0x00, 0x02, 0xFF, 0x9F, 0xF0, 0x00, 0x00, 0x00, 0x3F, 0xF1, 0xFF, 0x40, 0x00, 0x00, 0x0B,
    0xFE, 0x1F, 0xF4, 0x00, 0x00, 0x00, 0xFF, 0xC1, 0xFF, 0x80, 0x00, 0x00, 0x2F, 0xF8, 0x0F, 0xF8,
    0x00, 0x00, 0x03, 0xFF, 0x00, 0xFF, 0x80, 0x00, 0x00, 0xBF, 0xE0, 0x0F, 0xFC, 0x00, 0x00, 0x0F,
    0xFC, 0x00, 0xFF, 0xC0, 0x00, 0x03, 0xFF, 0x80, 0x0F, 0xFC, 0x00, 0x00, 0x7F, 0xF4, 0x00, 0xFF,
    0xC0, 0x00, 0x0F, 0xFF, 0xFF, 0xFF, 0xFC, 0x00, 0x01, 0xFF, 0xFF, 0xFF, 0xFF, 0xD0, 0x00, 0x3F,
    0xFF, 0xFF, 0xFF, 0xFD, 0x00, 0x07, 0xFF, 0xFF, 0xFF, 0xFF, 0xE0, 0x00, 0xFF, 0xFA, 0xAA, 0xAF,
    0xFE, 0x00, 0x1F, 0xFD, 0x00, 0x00, 0xBF, 0xE0, 0x03, 0xFF, 0xC0, 0x00, 0x07, 0xFF, 0x00, 0x7F,
    0xF4, 0x00, 0x00, 0x7F, 0xF0, 0x0F, 0xFF, 0x00, 0x00, 0x07, 0xFF, 0x01, 0xFF, 0xD0, 0x00, 0x00,
    0x3F, 0xF0, 0x3F, 0xFC, 0x00, 0x00, 0x03, 0xFF, 0x00, 0x00, 0x02, 0xFF, 0xFF, 0xFC, 0x00, 0x00,
    0xBF, 0xFF, 0xFE, 0x00, 0x00, 0x3F, 0xFF, 0xFF, 0x40, 0x00, 0x0F, 0xFF, 0xFF, 0xD0, 0x00, 0x00,
    0x00, 0x00, 0x00, 0x00, 0x00, 0x00, 0x00, 0x00, 0x00, 0x00, 0x2F, 0xF8, 0x0F, 0xF8, 0x00, 0x7F,
    0xFF, 0xC7, 0xFD, 0x00, 0x7F, 0xFF, 0xFA, 0xFF, 0x00, 0x3F, 0xFF, 0xFF, 0xFF, 0xC0, 0x3F, 0xFF,
    0xAF, 0xFF, 0xE0, 0x1F, 0xFF, 0x00, 0xFF, 0xF8, 0x0F, 0xFF, 0x40, 0x2F, 0xFD, 0x07, 0xFF, 0x80,
    0x07, 0xFF, 0x02, 0xFF, 0xD0, 0x01, 0xFF, 0xC0, 0xFF, 0xF0, 0x00, 0xBF, 0xE0, 0x3F, 0xF8, 0x00,
    0x3F, 0xF8, 0x0F, 0xFE, 0x00, 0x0F, 0xFD, 0x07, 0xFF, 0x40, 0x07, 0xFF, 0x01, 0xFF, 0xD0, 0x03,
    0xFF, 0xC0, 0x7F, 0xF8, 0x01, 0xFF, 0xE0, 0x0F, 0xFF, 0x01, 0xFF, 0xF4, 0x03, 0xFF, 0xFA, 0xFF,
    0xFD, 0x00, 0xBF, 0xFF, 0xFF, 0xFF, 0x00, 0x1F, 0xFF, 0xFE, 0xFF, 0xC0, 0x01, 0xFF, 0xFD, 0x3F,
    0xE0, 0x00, 0x1B, 0xF8, 0x0F, 0xF4, 0x00, 0x00, 0x00, 0x00, 0x29, 0x00, 0x02, 0x90, 0x00, 0x00,
    0x07, 0xF0, 0x00, 0xFE, 0x00, 0x00, 0x00, 0x3F, 0xC0, 0x2F, 0xD0, 0x00, 0x00, 0x03, 0xFF, 0xFF,
    0xFC, 0x00, 0x00, 0x00, 0x2F, 0xFF, 0xFF, 0x40, 0x00, 0x00, 0x00, 0xBF, 0xFF, 0xD0, 0x00, 0x00,
    0x00, 0x01, 0xBF, 0xE0, 0x00, 0x00, 0x00, 0x00, 0x00, 0x00, 0x00, 0x00, 0x00, 0x00, 0x00, 0x00,
    0x00, 0x00, 0x00, 0x00, 0x00, 0x7F, 0xFE, 0x00, 0x00, 0x00, 0x00, 0x0F, 0xFF, 0xE0, 0x00, 0x00,
    0x00, 0x02, 0xFF, 0xFF, 0x00, 0x00, 0x00, 0x00, 0x3F, 0xFF, 0xF0, 0x00, 0x00, 0x00, 0x0B, 0xFF,
    0xFF, 0x00, 0x00, 0x00, 0x00, 0xFF, 0xEF, 0xF0, 0x00, 0x00, 0x00, 0x2F, 0xF9, 0xFF, 0x00, 0x00,
    0x00, 0x03, 0xFF, 0x1F, 0xF4, 0x00, 0x00, 0x00, 0xBF, 0xE1, 0xFF, 0x40, 0x00, 0x00, 0x0F, 0xFC,
    0x1F, 0xF8, 0x00, 0x00, 0x02, 0xFF, 0x80, 0xFF, 0x80, 0x00, 0x00, 0x3F, 0xF0, 0x0F, 0xF8, 0x00,
    0x00, 0x0B, 0xFE, 0x00, 0xFF, 0xC0, 0x00, 0x00, 0xFF, 0xC0, 0x0F, 0xFC, 0x00, 0x00, 0x3F, 0xF8,
    0x00, 0xFF, 0xC0, 0x00, 0x07, 0xFF, 0x40, 0x0F, 0xFC, 0x00, 0x00, 0xFF, 0xFF, 0xFF, 0xFF, 0xC0,
    0x00, 0x1F, 0xFF, 0xFF, 0xFF, 0xFD, 0x00, 0x03, 0xFF, 0xFF, 0xFF, 0xFF, 0xD0, 0x00, 0x7F, 0xFF,
    0xFF, 0xFF, 0xFE, 0x00, 0x0F, 0xFF, 0xAA, 0xAA, 0xFF, 0xE0, 0x01, 0xFF, 0xD0, 0x00, 0x0B, 0xFE,
    0x00, 0x3F, 0xFC, 0x00, 0x00, 0x7F, 0xF0, 0x07, 0xFF, 0x40, 0x00, 0x07, 0xFF, 0x00, 0xFF, 0xF0,
    0x00, 0x00, 0x7F, 0xF0, 0x1F, 0xFD, 0x00, 0x00, 0x03, 0xFF, 0x03, 0xFF, 0xC0, 0x00, 0x00, 0x3F,
    0xF0, 0x00, 0x03, 0xF0, 0x00, 0x7F, 0x00, 0x00, 0xFF, 0x00, 0xBF, 0x80, 0x00, 0x3F, 0xFF, 0xFF,
    0xC0, 0x00, 0x0B, 0xFF, 0xFF, 0xE0, 0x00, 0x00, 0xBF, 0xFF, 0xE0, 0x00, 0x00, 0x06, 0xFF, 0x80,
    0x00, 0x00, 0x00, 0x00, 0x00, 0x00, 0x00, 0x00, 0x00, 0x00, 0x00, 0x00, 0x02, 0xFF, 0x80, 0xFF,
    0x80, 0x07, 0xFF, 0xFC, 0x7F, 0xD0, 0x07, 0xFF, 0xFF, 0xAF, 0xF0, 0x03, 0xFF, 0xFF, 0xFF, 0xFC,
    0x03, 0xFF, 0xFA, 0xFF, 0xFE, 0x01, 0xFF, 0xF0, 0x0F, 0xFF, 0x80, 0xFF, 0xF4, 0x02, 0xFF, 0xD0,
    0x7F, 0xF8, 0x00, 0x7F, 0xF0, 0x2F, 0xFD, 0x00, 0x1F, 0xFC, 0x0F, 0xFF, 0x00, 0x0B, 0xFE, 0x03,
    0xFF, 0x80, 0x03, 0xFF, 0x80, 0xFF, 0xE0, 0x00, 0xFF, 0xD0, 0x7F, 0xF4, 0x00, 0x7F, 0xF0, 0x1F,
    0xFD, 0x00, 0x3F, 0xFC, 0x07, 0xFF, 0x80, 0x1F, 0xFE, 0x00, 0xFF, 0xF0, 0x1F, 0xFF, 0x40, 0x3F,
    0xFF, 0xAF, 0xFF, 0xD0, 0x0B, 0xFF, 0xFF, 0xFF, 0xF0, 0x01, 0xFF, 0xFF, 0xEF, 0xFC, 0x00, 0x1F,
    0xFF, 0xD3, 0xFE, 0x00, 0x01, 0xBF, 0x80, 0xFF, 0x40, 0x00, 0x00, 0x00, 0x00, 0x07, 0xFF, 0xE0,
    0x00, 0x00, 0x00, 0x03, 0xFF, 0xF8, 0x00, 0x00, 0x00, 0x02, 0xFF, 0xFF, 0x00, 0x00, 0x00, 0x00,
    0xFF, 0xFF, 0xC0, 0x00, 0x00, 0x00, 0xBF, 0xFF, 0xF0, 0x00, 0x00, 0x00, 0x3F, 0xFB, 0xFC, 0x00,
    0x00, 0x00, 0x2F, 0xF9, 0xFF, 0x00, 0x00, 0x00, 0x0F, 0xFC, 0x7F, 0xD0, 0x00, 0x00, 0x0B, 0xFE,
    0x1F, 0xF4, 0x00, 0x00, 0x03, 0xFF, 0x07, 0xFE, 0x00, 0x00, 0x02, 0xFF, 0x80, 0xFF, 0x80, 0x00,
    0x00, 0xFF, 0xC0, 0x3F, 0xE0, 0x00, 0x00, 0xBF, 0xE0, 0x0F, 0xFC, 0x00, 0x00, 0x3F, 0xF0, 0x03,
    0xFF, 0x00, 0x00, 0x3F, 0xF8, 0x00, 0xFF, 0xC0, 0x00, 0x1F, 0xFD, 0x00, 0x3F, 0xF0, 0x00, 0x0F,
    0xFF, 0xFF, 0xFF, 0xFC, 0x00, 0x07, 0xFF, 0xFF, 0xFF, 0xFF, 0x40, 0x03, 0xFF, 0xFF, 0xFF, 0xFF,
    0xD0, 0x01, 0xFF, 0xFF, 0xFF, 0xFF, 0xF8, 0x00, 0xFF, 0xFA, 0xAA, 0xAF, 0xFE, 0x00, 0x7F, 0xF4,
    0x00, 0x02, 0xFF, 0x80, 0x3F, 0xFC, 0x00, 0x00, 0x7F, 0xF0, 0x1F, 0xFD, 0x00, 0x00, 0x1F, 0xFC,
    0x0F, 0xFF, 0x00, 0x00, 0x07, 0xFF, 0x07, 0xFF, 0x40, 0x00, 0x00, 0xFF, 0xC3, 0xFF, 0xC0, 0x00,
    0x00, 0x3F, 0xF0, 0x00, 0x00, 0x00, 0x00, 0x3F, 0xC0, 0x00, 0x00, 0x00, 0x00, 0x7F, 0xC0, 0x00,
    0x00, 0x00, 0x00, 0x3F, 0xC0, 0x00, 0x00, 0x00, 0x00, 0x2F, 0xD0, 0x00, 0x00, 0x00, 0x00, 0x0F,
    0xF0, 0x00, 0x00, 0x00, 0x00, 0x03, 0xFC, 0x00, 0x00, 0x00, 0x00, 0x00, 0xFF, 0xFC, 0x00, 0x00,
    0x00, 0x00, 0x1F, 0xFF, 0x00, 0x00, 0x00, 0x00, 0x01, 0xFF, 0x80, 0x00, 0x02, 0xFF, 0x80, 0xFF,
    0x80, 0x07, 0xFF, 0xFC, 0x7F, 0xD0, 0x07, 0xFF, 0xFF, 0xAF, 0xF0, 0x03, 0xFF, 0xFF, 0xFF, 0xFC,
    0x03, 0xFF, 0xFA, 0xFF, 0xFE, 0x01, 0xFF, 0xF0, 0x0F, 0xFF, 0x80, 0xFF, 0xF4, 0x02, 0xFF, 0xD0,
    0x7F, 0xF8, 0x00, 0x7F, 0xF0, 0x2F, 0xFD, 0x00, 0x1F, 0xFC, 0x0F, 0xFF, 0x00, 0x0B, 0xFE, 0x03,
    0xFF, 0x80, 0x03, 0xFF, 0x80, 0xFF, 0xE0, 0x00, 0xFF, 0xD0, 0x7F, 0xF4, 0x00, 0x7F, 0xF0, 0x1F,
    0xFD, 0x00, 0x3F, 0xFC, 0x07, 0xFF, 0x80, 0x1F, 0xFE, 0x00, 0xFF, 0xF0, 0x1F, 0xFF, 0x40, 0x3F,
    0xFF, 0xAF, 0xFF, 0xD0, 0x0B, 0xFF, 0xFF, 0xFF, 0xF0, 0x01, 0xFF, 0xFF, 0xEF, 0xFC, 0x00, 0x1F,
    0xFF, 0xD3, 0xFE, 0x00, 0x01, 0xBF, 0x80, 0xFF, 0x40, 0x00, 0x00, 0x00, 0xFF, 0x00, 0x00, 0x00,
    0x00, 0xFF, 0x00, 0x00, 0x00, 0x00, 0xFF, 0x00, 0x00, 0x00, 0x00, 0xBF, 0x40, 0x00, 0x00, 0x00,
    0x3F, 0xC0, 0x00, 0x00, 0x00, 0x0F, 0xF4, 0x00, 0x00, 0x00, 0x03, 0xFF, 0xF0, 0x00, 0x00, 0x00,
    0x7F, 0xFC, 0x00, 0x00, 0x00, 0x07, 0xFE, 0x00, 0x00, 0x00, 0x00, 0x00, 0x00, 0xAA, 0x90, 0x00,
    0x00, 0x00, 0x0F, 0xFF, 0x40, 0x00, 0x00, 0x00, 0xBF, 0xF4, 0x00, 0x00, 0x00, 0x07, 0xFF, 0x40,
    0x00, 0x00, 0x00, 0x3F, 0xF0, 0x00, 0x00, 0x00, 0x02, 0xFF, 0x00, 0x00, 0x00, 0x00, 0x0A, 0x90,
    0x00, 0x00, 0x00, 0x00, 0x00, 0x00, 0x00, 0x00, 0x00, 0x00, 0x00, 0x00, 0x00, 0x00, 0x00, 0x1B,
    0xFF, 0xE4, 0x00, 0x00, 0x0B, 0xFF, 0xFF, 0xFE, 0x00, 0x01, 0xFF, 0xFF, 0xFF, 0xFC, 0x00, 0x2F,
    0xFF, 0xFF, 0xFF, 0xE0, 0x02, 0xFF, 0xFF, 0xAA, 0xFF, 0x00, 0x1F, 0xFF, 0xC0, 0x00, 0x78, 0x00,
    0xFF, 0xF8, 0x00, 0x00, 0x00, 0x0B, 0xFF, 0xC0, 0x00, 0x00, 0x00, 0x3F, 0xFC, 0x00, 0x00, 0x00,
    0x01, 0xFF, 0xE0, 0x00, 0x00, 0x00, 0x0F, 0xFF, 0x00, 0x00, 0x00, 0x00, 0x3F, 0xFC, 0x00, 0x00,
    0x00, 0x01, 0xFF, 0xE0, 0x00, 0x00, 0x00, 0x0B, 0xFF, 0x40, 0x00, 0x00, 0x00, 0x2F, 0xFC, 0x00,
    0x00, 0x00, 0x00, 0xBF, 0xF0, 0x00, 0x00, 0x00, 0x03, 0xFF, 0xC0, 0x00, 0x00, 0x00, 0x0F, 0xFF,
    0x00, 0x00, 0x00, 0x00, 0x2F, 0xFC, 0x00, 0x00, 0x00, 0x00, 0xBF, 0xF8, 0x00, 0x00, 0x00, 0x01,
    0xFF, 0xF0, 0x00, 0x00, 0x00, 0x03, 0xFF, 0xF0, 0x00, 0x19, 0x00, 0x0B, 0xFF, 0xFA, 0xAF, 0xF4,
    0x00, 0x0F, 0xFF, 0xFF, 0xFF, 0xD0, 0x00, 0x0F, 0xFF, 0xFF, 0xFF, 0x40, 0x00, 0x0B, 0xFF, 0xFF,
    0xFD, 0x00, 0x00, 0x02, 0xFF, 0xFA, 0x40, 0x00, 0x00, 0x00, 0x00, 0xFF, 0xF4, 0x00, 0x00, 0x0B,
    0xFF, 0x40, 0x00, 0x00, 0x7F, 0xF4, 0x00, 0x00, 0x03, 0xFF, 0x40, 0x00, 0x00, 0x3F, 0xF0, 0x00,
    0x00, 0x02, 0xFF, 0x00, 0x00, 0x00, 0x00, 0x00, 0x00, 0x00, 0x00, 0x00, 0x00, 0x00, 0x00, 0x00,
    0xBF, 0xF9, 0x00, 0x00, 0x2F, 0xFF, 0xFF, 0x40, 0x03, 0xFF, 0xFF, 0xFC, 0x00, 0x3F, 0xFF, 0xFF,
    0xE0, 0x03, 0xFF, 0xFA, 0xBF, 0x00, 0x2F, 0xFF, 0x00, 0x04, 0x00, 0xFF, 0xF0, 0x00, 0x00, 0x07,
    0xFF, 0x80, 0x00, 0x00, 0x3F, 0xFC, 0x00, 0x00, 0x00, 0xFF, 0xF0, 0x00, 0x00, 0x03, 0xFF, 0x80,
    0x00, 0x00, 0x1F, 0xFD, 0x00, 0x00, 0x00, 0x7F, 0xF4, 0x00, 0x00, 0x01, 0xFF, 0xD0, 0x00, 0x00,
    0x07, 0xFF, 0x80, 0x00, 0x00, 0x0F, 0xFF, 0x00, 0x09, 0x00, 0x3F, 0xFF, 0xAB, 0xF4, 0x00, 0x7F,
    0xFF, 0xFF, 0xD0, 0x00, 0xBF, 0xFF, 0xFF, 0x40, 0x00, 0xBF, 0xFF, 0xFD, 0x00, 0x00, 0x2F, 0xFE,
    0x40, 0x00, 0x00, 0x00, 0x00, 0xFF, 0xFC, 0x00, 0x00, 0x00, 0x0F, 0xFF, 0xF4, 0x00, 0x00, 0x00,
    0xFF, 0xFF, 0xF0, 0x00, 0x00, 0x0F, 0xFD, 0x3F, 0xE0, 0x00, 0x00, 0xFF, 0xC0, 0x7F, 0xC0, 0x00,
    0x0F, 0xF8, 0x00, 0x7F, 0xC0, 0x00, 0x00, 0x00, 0x00, 0x00, 0x00, 0x00, 0x00, 0x00, 0x00, 0x00,
    0x00, 0x00, 0x00, 0x00, 0x00, 0x00, 0x00, 0x00, 0x1B, 0xFF, 0xE4, 0x00, 0x00, 0x0B, 0xFF, 0xFF,
    0xFE, 0x00, 0x01, 0xFF, 0xFF, 0xFF, 0xFC, 0x00, 0x2F, 0xFF, 0xFF, 0xFF, 0xE0, 0x02, 0xFF, 0xFF,
    0xAA, 0xFF, 0x00, 0x1F, 0xFF, 0xC0, 0x00, 0x78, 0x00, 0xFF, 0xF8, 0x00, 0x00, 0x00, 0x0B, 0xFF,
    0xC0, 0x00, 0x00, 0x00, 0x3F, 0xFC, 0x00, 0x00, 0x00, 0x01, 0xFF, 0xE0, 0x00, 0x00, 0x00, 0x0F,
    0xFF, 0x00, 0x00, 0x00, 0x00, 0x3F, 0xFC, 0x00, 0x00, 0x00, 0x01, 0xFF, 0xE0, 0x00, 0x00, 0x00,
    0x0B, 0xFF, 0x40, 0x00, 0x00, 0x00, 0x2F, 0xFC, 0x00, 0x00, 0x00, 0x00, 0xBF, 0xF0, 0x00, 0x00,
    0x00, 0x03, 0xFF, 0xC0, 0x00, 0x00, 0x00, 0x0F, 0xFF, 0x00, 0x00, 0x00, 0x00, 0x2F, 0xFC, 0x00,
    0x00, 0x00, 0x00, 0xBF, 0xF8, 0x00, 0x00, 0x00, 0x01, 0xFF, 0xF0, 0x00, 0x00, 0x00, 0x03, 0xFF,
    0xF0, 0x00, 0x19, 0x00, 0x0B, 0xFF, 0xFA, 0xAF, 0xF4, 0x00, 0x0F, 0xFF, 0xFF, 0xFF, 0xD0, 0x00,
    0x0F, 0xFF, 0xFF, 0xFF, 0x40, 0x00, 0x0B, 0xFF, 0xFF, 0xFD, 0x00, 0x00, 0x02, 0xFF, 0xFA, 0x40,
    0x00, 0x00, 0x00, 0x7F, 0xFD, 0x00, 0x00, 0x07, 0xFF, 0xFC, 0x00, 0x00, 0x7F, 0xFF, 0xF8, 0x00,
    0x07, 0xFF, 0x2F, 0xF0, 0x00, 0x7F, 0xE0, 0x2F, 0xF0, 0x07, 0xFD, 0x00, 0x3F, 0xD0, 0x00, 0x00,
    0x00, 0x00, 0x00, 0x00, 0x00, 0x00, 0x00, 0x00, 0x00, 0xBF, 0xF9, 0x00, 0x00, 0x2F, 0xFF, 0xFF,
    0x40, 0x03, 0xFF, 0xFF, 0xFC, 0x00, 0x3F, 0xFF, 0xFF, 0xE0, 0x03, 0xFF, 0xFA, 0xBF, 0x00, 0x2F,
    0xFF, 0x00, 0x04, 0x00, 0xFF, 0xF0, 0x00, 0x00, 0x07, 0xFF, 0x80, 0x00, 0x00, 0x3F, 0xFC, 0x00,
    0x00, 0x00, 0xFF, 0xF0, 0x00, 0x00, 0x03, 0xFF, 0x80, 0x00, 0x00, 0x1F, 0xFD, 0x00, 0x00, 0x00,
    0x7F, 0xF4, 0x00, 0x00, 0x01, 0xFF, 0xD0, 0x00, 0x00, 0x07, 0xFF, 0x80, 0x00, 0x00, 0x0F, 0xFF,
    0x00, 0x09, 0x00, 0x3F, 0xFF, 0xAB, 0xF4, 0x00, 0x7F, 0xFF, 0xFF, 0xD0, 0x00, 0xBF, 0xFF, 0xFF,
    0x40, 0x00, 0xBF, 0xFF, 0xFD, 0x00, 0x00, 0x2F, 0xFE, 0x40, 0x00, 0x00, 0x00, 0x00, 0x1F, 0xD0,
    0x00, 0x00, 0x00, 0x01, 0xFF, 0xC0, 0x00, 0x00, 0x00, 0x0B, 0xFF, 0x40, 0x00, 0x00, 0x00, 0x3F,
    0xFC, 0x00, 0x00, 0x00, 0x00, 0xBF, 0xF0, 0x00, 0x00, 0x00, 0x00, 0xBE, 0x00, 0x00, 0x00, 0x00,
    0x00, 0x00, 0x00, 0x00, 0x00, 0x00, 0x00, 0x00, 0x00, 0x00, 0x00, 0x00, 0x00, 0x00, 0x00, 0x00,
    0x00, 0x1B, 0xFF, 0xE4, 0x00, 0x00, 0x0B, 0xFF, 0xFF, 0xFE, 0x00, 0x01, 0xFF, 0xFF, 0xFF, 0xFC,
    0x00, 0x2F, 0xFF, 0xFF, 0xFF, 0xE0, 0x02, 0xFF, 0xFF, 0xAA, 0xFF, 0x00, 0x1F, 0xFF, 0xC0, 0x00,
    0x78, 0x00, 0xFF, 0xF8, 0x00, 0x00, 0x00, 0x0B, 0xFF, 0xC0, 0x00, 0x00, 0x00, 0x3F, 0xFC, 0x00,
    0x00, 0x00, 0x01, 0xFF, 0xE0, 0x00, 0x00, 0x00, 0x0F, 0xFF, 0x00, 0x00, 0x00, 0x00, 0x3F, 0xFC,
    0x00, 0x00, 0x00, 0x01, 0xFF, 0xE0, 0x00, 0x00, 0x00, 0x0B, 0xFF, 0x40, 0x00, 0x00, 0x00, 0x2F,
    0xFC, 0x00, 0x00, 0x00, 0x00, 0xBF, 0xF0, 0x00, 0x00, 0x00, 0x03, 0xFF, 0xC0, 0x00, 0x00, 0x00,
    0x0F, 0xFF, 0x00, 0x00, 0x00, 0x00, 0x2F, 0xFC, 0x00, 0x00, 0x00, 0x00, 0xBF, 0xF8, 0x00, 0x00,
    0x00, 0x01, 0xFF, 0xF0, 0x00, 0x00, 0x00, 0x03, 0xFF, 0xF0, 0x00, 0x19, 0x00, 0x0B, 0xFF, 0xFA,
    0xAF, 0xF4, 0x00, 0x0F, 0xFF, 0xFF, 0xFF, 0xD0, 0x00, 0x0F, 0xFF, 0xFF, 0xFF, 0x40, 0x00, 0x0B,
    0xFF, 0xFF, 0xFD, 0x00, 0x00, 0x02, 0xFF, 0xFA, 0x40, 0x00, 0x00, 0x00, 0x0B, 0xE0, 0x00, 0x00,
    0x03, 0xFF, 0x80, 0x00, 0x00, 0x3F, 0xFC, 0x00, 0x00, 0x07, 0xFF, 0x80, 0x00, 0x00, 0x3F, 0xF4,
    0x00, 0x00, 0x01, 0xFD, 0x00, 0x00, 0x00, 0x00, 0x00, 0x00, 0x00, 0x00, 0x00, 0x00, 0x00, 0x00,
    0xBF, 0xF9, 0x00, 0x00, 0xBF, 0xFF, 0xFD, 0x00, 0x3F, 0xFF, 0xFF, 0xC0, 0x0F, 0xFF, 0xFF, 0xF8,
    0x03, 0xFF, 0xFA, 0xBF, 0x00, 0xBF, 0xFC, 0x00, 0x10, 0x0F, 0xFF, 0x00, 0x00, 0x01, 0xFF, 0xE0,
    0x00, 0x00, 0x3F, 0xFC, 0x00, 0x00, 0x03, 0xFF, 0xC0, 0x00, 0x00, 0x3F, 0xF8, 0x00, 0x00, 0x07,
    0xFF, 0x40, 0x00, 0x00, 0x7F, 0xF4, 0x00, 0x00, 0x07, 0xFF, 0x40, 0x00, 0x00, 0x7F, 0xF8, 0x00,
    0x00, 0x03, 0xFF, 0xC0, 0x02, 0x40, 0x3F, 0xFF, 0xAB, 0xF4, 0x01, 0xFF, 0xFF, 0xFF, 0x40, 0x0B,
    0xFF, 0xFF, 0xF4, 0x00, 0x2F, 0xFF, 0xFF, 0x40, 0x00, 0x2F, 0xFE, 0x40, 0x00, 0x00, 0x00, 0xBF,
    0x80, 0x07, 0xFC, 0x00, 0x00, 0x3F, 0xE0, 0x2F, 0xF0, 0x00, 0x00, 0x1F, 0xF4, 0xFF, 0xC0, 0x00,
    0x00, 0x0B, 0xFF, 0xFF, 0x00, 0x00, 0x00, 0x03, 0xFF, 0xFC, 0x00, 0x00, 0x00, 0x02, 0xFF, 0xF4,
    0x00, 0x00, 0x00, 0x00, 0x00, 0x00, 0x00, 0x00, 0x00, 0x00, 0x00, 0x00, 0x00, 0x00, 0x00, 0x00,
    0x00, 0x00, 0x00, 0x00, 0x00, 0x06, 0xFF, 0xF9, 0x00, 0x00, 0x00, 0xBF, 0xFF, 0xFF, 0xE0, 0x00,
    0x07, 0xFF, 0xFF, 0xFF, 0xF0, 0x00, 0x2F, 0xFF, 0xFF, 0xFF, 0xE0, 0x00, 0xBF, 0xFF, 0xEA, 0xBF,
    0xC0, 0x01, 0xFF, 0xFC, 0x00, 0x07, 0x80, 0x03, 0xFF, 0xE0, 0x00, 0x00, 0x00, 0x0B, 0xFF, 0xC0,
    0x00, 0x00, 0x00, 0x0F, 0xFF, 0x00, 0x00, 0x00, 0x00, 0x1F, 0xFE, 0x00, 0x00, 0x00, 0x00, 0x3F,
    0xFC, 0x00, 0x00, 0x00, 0x00, 0x3F, 0xFC, 0x00, 0x00, 0x00, 0x00, 0x7F, 0xF8, 0x00, 0x00, 0x00,
    0x00, 0xBF, 0xF4, 0x00, 0x00, 0x00, 0x00, 0xBF, 0xF0, 0x00, 0x00, 0x00, 0x00, 0xBF, 0xF0, 0x00,
    0x00, 0x00, 0x00, 0xFF, 0xF0, 0x00, 0x00, 0x00, 0x00, 0xFF, 0xF0, 0x00, 0x00, 0x00, 0x00, 0xBF,
    0xF0, 0x00, 0x00, 0x00, 0x00, 0xBF, 0xF8, 0x00, 0x00, 0x00, 0x00, 0x7F, 0xFC, 0x00, 0x00, 0x00,
    0x00, 0x3F, 0xFF, 0x00, 0x01, 0x90, 0x00, 0x2F, 0xFF, 0xEA, 0xBF, 0xD0, 0x00, 0x0F, 0xFF, 0xFF,
    0xFF, 0xD0, 0x00, 0x03, 0xFF, 0xFF, 0xFF, 0xD0, 0x00, 0x00, 0xBF, 0xFF, 0xFF, 0xD0, 0x00, 0x00,
    0x0B, 0xFF, 0xE9, 0x00, 0x00, 0x00, 0x3F, 0xC0, 0x02, 0xFE, 0x00, 0x1F, 0xF0, 0x1F, 0xF8, 0x00,
    0x0F, 0xFC, 0xBF, 0xE0, 0x00, 0x03, 0xFF, 0xFF, 0x80, 0x00, 0x02, 0xFF, 0xFE, 0x00, 0x00, 0x00,
    0xFF, 0xF8, 0x00, 0x00, 0x00, 0x00, 0x00, 0x00, 0x00, 0x00, 0x00, 0x00, 0x00, 0x00, 0x00, 0xBF,
    0xF9, 0x00, 0x00, 0x0B, 0xFF, 0xFF, 0xD0, 0x00, 0x3F, 0xFF, 0xFF, 0xC0, 0x00, 0xFF, 0xFF, 0xFF,
    0x80, 0x03, 0xFF, 0xFA, 0xBF, 0x00, 0x0B, 0xFF, 0xC0, 0x01, 0x00, 0x0F, 0xFF, 0x00, 0x00, 0x00,
    0x1F, 0xFE, 0x00, 0x00, 0x00, 0x3F, 0xFC, 0x00, 0x00, 0x00, 0x3F, 0xFC, 0x00, 0x00, 0x00, 0x3F,
    0xF8, 0x00, 0x00, 0x00, 0x7F, 0xF4, 0x00, 0x00, 0x00, 0x7F, 0xF4, 0x00, 0x00, 0x00, 0x7F, 0xF4,
    0x00, 0x00, 0x00, 0x7F, 0xF8, 0x00, 0x00, 0x00, 0x3F, 0xFC, 0x00, 0x24, 0x00, 0x3F, 0xFF, 0xAB,
    0xF4, 0x00, 0x1F, 0xFF, 0xFF, 0xF4, 0x00, 0x0B, 0xFF, 0xFF, 0xF4, 0x00, 0x02, 0xFF, 0xFF, 0xF4,
    0x00, 0x00, 0x2F, 0xFE, 0x40, 0x00, 0x00, 0x00, 0x0F, 0xF4, 0x00, 0xBF, 0xC0, 0x00, 0x00, 0x3F,
    0xD0, 0x3F, 0xF0, 0x00, 0x00, 0x02, 0xFF, 0x1F, 0xF8, 0x00, 0x00, 0x00, 0x0F, 0xFF, 0xFE, 0x00,
    0x00, 0x00, 0x00, 0x7F, 0xFF, 0xC0, 0x00, 0x00, 0x00, 0x03, 0xFF, 0xF0, 0x00, 0x00, 0x00, 0x00,
    0x00, 0x00, 0x00, 0x00, 0x00, 0x00, 0x00, 0x00, 0x00, 0x00, 0x00, 0x07, 0xFF, 0xFF, 0xA0, 0x00,
    0x00, 0x00, 0xBF, 0xFF, 0xFF, 0xE0, 0x00, 0x00, 0x0F, 0xFF, 0xFF, 0xFF, 0xD0, 0x00, 0x00, 0xFF,
    0xFF, 0xFF, 0xFF, 0x00, 0x00, 0x1F, 0xFE, 0xAB, 0xFF, 0xFC, 0x00, 0x02, 0xFF, 0xC0, 0x0B, 0xFF,
    0xD0, 0x00, 0x2F, 0xFC, 0x00, 0x2F, 0xFE, 0x00, 0x03, 0xFF, 0x80, 0x00, 0xFF, 0xF0, 0x00, 0x3F,
    0xF8, 0x00, 0x0B, 0xFF, 0x00, 0x07, 0xFF, 0x40, 0x00, 0xBF, 0xF0, 0x00, 0xBF, 0xF0, 0x00, 0x0B,
    0xFF, 0x00, 0x0F, 0xFF, 0x00, 0x00, 0xBF, 0xF0, 0x00, 0xFF, 0xE0, 0x00, 0x0B, 0xFF, 0x00, 0x0F,
    0xFD, 0x00, 0x00, 0xFF, 0xF0, 0x01, 0xFF, 0xD0, 0x00, 0x0F, 0xFF, 0x00, 0x2F, 0xFC, 0x00, 0x00,
    0xFF, 0xE0, 0x03, 0xFF, 0xC0, 0x00, 0x2F, 0xFD, 0x00, 0x3F, 0xF8, 0x00, 0x03, 0xFF, 0xC0, 0x03,
    0xFF, 0x40, 0x00, 0xBF, 0xF8, 0x00, 0x7F, 0xF4, 0x00, 0x1F, 0xFF, 0x00, 0x0B, 0xFF, 0x00, 0x07,
    0xFF, 0xE0, 0x00, 0xFF, 0xF0, 0x02, 0xFF, 0xFC, 0x00, 0x0F, 0xFF, 0xAB, 0xFF, 0xFF, 0x00, 0x01,
    0xFF, 0xFF, 0xFF, 0xFF, 0xC0, 0x00, 0x2F, 0xFF, 0xFF, 0xFF, 0xE0, 0x00, 0x02, 0xFF, 0xFF, 0xFF,
    0xE4, 0x00, 0x00, 0x3F, 0xFF, 0xFF, 0x90, 0x00, 0x00, 0x00, 0x00, 0x00, 0x00, 0x00, 0x7F, 0xF0,
    0x3F, 0xF0, 0x00, 0x00, 0x00, 0x01, 0xFF, 0xC1, 0xFF, 0x80, 0x00, 0x00, 0x00, 0x0B, 0xFF, 0x0F,
    0xFC, 0x00, 0x00, 0x00, 0x00, 0x3F, 0xF8, 0x7F, 0xC0, 0x00, 0x00, 0x00, 0x00, 0xFF, 0xD2, 0xFD,
    0x00, 0x00, 0x00, 0x00, 0x07, 0xFF, 0x0F, 0xE0, 0x00, 0x00, 0x00, 0x00, 0x2F, 0xFC, 0x00, 0x00,
    0x00, 0x00, 0x00, 0x00, 0xBF, 0xF0, 0x00, 0x00, 0x00, 0x01, 0xFF, 0x43, 0xFF, 0x80, 0x00, 0x00,
    0x00, 0x7F, 0xFF, 0x8F, 0xFD, 0x00, 0x00, 0x00, 0x07, 0xFF, 0xFF, 0x7F, 0xF0, 0x00, 0x00, 0x00,
    0x3F, 0xFF, 0xFF, 0xFF, 0xC0, 0x00, 0x00, 0x03, 0xFF, 0xFA, 0xFF, 0xFE, 0x00, 0x00, 0x00, 0x1F,
    0xFF, 0x00, 0xFF, 0xF8, 0x00, 0x00, 0x00, 0xFF, 0xF0, 0x02, 0xFF, 0xD0, 0x00, 0x00, 0x07, 0xFF,
    0x80, 0x07, 0xFF, 0x00, 0x00, 0x00, 0x2F, 0xFC, 0x00, 0x1F, 0xFC, 0x00, 0x00, 0x00, 0xFF, 0xF0,
    0x00, 0xBF, 0xE0, 0x00, 0x00, 0x03, 0xFF, 0x80, 0x02, 0xFF, 0x40, 0x00, 0x00, 0x0F, 0xFD, 0x00,
    0x0F, 0xFD, 0x00, 0x00, 0x00, 0x7F, 0xF4, 0x00, 0x7F, 0xF0, 0x00, 0x00, 0x01, 0xFF, 0xD0, 0x02,
    0xFF, 0xC0, 0x00, 0x00, 0x07, 0xFF, 0x40, 0x1F, 0xFE, 0x00, 0x00, 0x00, 0x0F, 0xFF, 0x00, 0xFF,
    0xF4, 0x00, 0x00, 0x00, 0x3F, 0xFF, 0xAF, 0xFF, 0xC0, 0x00, 0x00, 0x00, 0xBF, 0xFF, 0xFF, 0xFF,
    0x00, 0x00, 0x00, 0x00, 0xFF, 0xFF, 0xFB, 0xFC, 0x00, 0x00, 0x00, 0x01, 0xFF, 0xFE, 0x2F, 0xE0,
    0x00, 0x00, 0x00, 0x00, 0xBF, 0x90, 0xFF, 0x40, 0x00, 0x00, 0x00, 0x00, 0x07, 0xFF, 0xFF, 0xA0,
    0x00, 0x00, 0x02, 0xFF, 0xFF, 0xFF, 0x80, 0x00, 0x00, 0xFF, 0xFF, 0xFF, 0xFD, 0x00, 0x00, 0x3F,
    0xFF, 0xFF, 0xFF, 0xC0, 0x00, 0x1F, 0xFE, 0xAB, 0xFF, 0xFC, 0x00, 0x0B, 0xFF, 0x00, 0x2F, 0xFF,
    0x40, 0x02, 0xFF, 0xC0, 0x02, 0xFF, 0xE0, 0x00, 0xFF, 0xE0, 0x00, 0x3F, 0xFC, 0x00, 0x3F, 0xF8,
    0x00, 0x0B, 0xFF, 0x00, 0x1F, 0xFD, 0x00, 0x02, 0xFF, 0xC0, 0x0B, 0xFF, 0x00, 0x00, 0xBF, 0xF0,
    0x2B, 0xFF, 0xEA, 0x80, 0x2F, 0xFC, 0x2F, 0xFF, 0xFF, 0xF0, 0x0B, 0xFF, 0x0F, 0xFF, 0xFF, 0xFC,
    0x03, 0xFF, 0xC3, 0xFF, 0xFF, 0xFE, 0x00, 0xFF, 0xF1, 0xFF, 0xFF, 0xFF, 0x40, 0x3F, 0xF8, 0x03,
    0xFF, 0xC0, 0x00, 0x2F, 0xFD, 0x00, 0xFF, 0xE0, 0x00, 0x0F, 0xFF, 0x00, 0x3F, 0xF4, 0x00, 0x0B,
    0xFF, 0x80, 0x1F, 0xFD, 0x00, 0x07, 0xFF, 0xC0, 0x0B, 0xFF, 0x00, 0x07, 0xFF, 0xE0, 0x03, 0xFF,
    0xC0, 0x0B, 0xFF, 0xF0, 0x00, 0xFF, 0xFA, 0xBF, 0xFF, 0xF0, 0x00, 0x7F, 0xFF, 0xFF, 0xFF, 0xF0,
    0x00, 0x2F, 0xFF, 0xFF, 0xFF, 0xE0, 0x00, 0x0B, 0xFF, 0xFF, 0xFF, 0x90, 0x00, 0x03, 0xFF, 0xFF,
    0xF9, 0x00, 0x00, 0x00, 0x00, 0x00, 0x00, 0x00, 0x7F, 0xF0, 0x00, 0x00, 0x00, 0x00, 0x2F, 0xFC,
    0x00, 0x00, 0x00, 0x00, 0x0B, 0xFF, 0x00, 0x00, 0x00, 0x1F, 0xFF, 0xFF, 0xFD, 0x00, 0x00, 0x0B,
    0xFF, 0xFF, 0xFF, 0x00, 0x00, 0x02, 0xFF, 0xFF, 0xFF, 0xC0, 0x00, 0x00, 0xFF, 0xFF, 0xFF, 0xF0,
    0x00, 0x00, 0x00, 0x0B, 0xFF, 0x00, 0x00, 0x00, 0x00, 0x03, 0xFF, 0x80, 0x00, 0x00, 0xBF, 0xD0,
    0xFF, 0xD0, 0x00, 0x02, 0xFF, 0xFE, 0x3F, 0xF0, 0x00, 0x02, 0xFF, 0xFF, 0xEF, 0xFC, 0x00, 0x02,
    0xFF, 0xFF, 0xFF, 0xFF, 0x00, 0x00, 0xFF, 0xFE, 0xBF, 0xFF, 0x80, 0x00, 0xBF, 0xF8, 0x03, 0xFF,
    0xD0, 0x00, 0x3F, 0xFC, 0x00, 0xBF, 0xF0, 0x00, 0x2F, 0xFD, 0x00, 0x1F, 0xFC, 0x00, 0x0F, 0xFF,
    0x00, 0x07, 0xFE, 0x00, 0x03, 0xFF, 0x80, 0x02, 0xFF, 0x40, 0x00, 0xFF, 0xD0, 0x00, 0xFF, 0xD0,
    0x00, 0x7F, 0xF4, 0x00, 0x3F, 0xF0, 0x00, 0x1F, 0xFD, 0x00, 0x2F, 0xFC, 0x00, 0x07, 0xFF, 0x40,
    0x0F, 0xFE, 0x00, 0x00, 0xFF, 0xF0, 0x0F, 0xFF, 0x40, 0x00, 0x3F, 0xFF, 0xAF, 0xFF, 0xC0, 0x00,
    0x0B, 0xFF, 0xFF, 0xFF, 0xF0, 0x00, 0x00, 0xFF, 0xFF, 0xFB, 0xFC, 0x00, 0x00, 0x1F, 0xFF, 0xE2,
    0xFE, 0x00, 0x00, 0x00, 0xBF, 0x90, 0xFF, 0x40, 0x00, 0x00, 0x00, 0x00, 0x2F, 0xFF, 0xFF, 0xC0,
    0x00, 0x03, 0xFF, 0xFF, 0xF8, 0x00, 0x00, 0x3F, 0xFF, 0xFF, 0x40, 0x00, 0x03, 0xFF, 0xFF, 0xF0,
    0x00, 0x00, 0x00, 0x00, 0x00, 0x00, 0x00, 0x00, 0x00, 0x00, 0x00, 0x00, 0x07, 0xFF, 0xFF, 0xFF,
    0xE0, 0x00, 0xBF, 0xFF, 0xFF, 0xFD, 0x00, 0x0F, 0xFF, 0xFF, 0xFF, 0xC0, 0x00, 0xFF, 0xFF, 0xFF,
    0xFC, 0x00, 0x1F, 0xFE, 0xAA, 0xAA, 0x40, 0x02, 0xFF, 0xC0, 0x00, 0x00, 0x00, 0x2F, 0xFC, 0x00,
    0x00, 0x00, 0x03, 0xFF, 0xC0, 0x00, 0x00, 0x00, 0x3F, 0xF8, 0x00, 0x00, 0x00, 0x07, 0xFF, 0x40,
    0x00, 0x00, 0x00, 0xBF, 0xF0, 0x00, 0x00, 0x00, 0x0F, 0xFF, 0xFF, 0xFF, 0x80, 0x00, 0xFF, 0xFF,
    0xFF, 0xF4, 0x00, 0x0F, 0xFF, 0xFF, 0xFF, 0x00, 0x01, 0xFF, 0xFF, 0xFF, 0xF0, 0x00, 0x2F, 0xFE,
    0xAA, 0xA9, 0x00, 0x03, 0xFF, 0xC0, 0x00, 0x00, 0x00, 0x3F, 0xF8, 0x00, 0x00, 0x00, 0x03, 0xFF,
    0x40, 0x00, 0x00, 0x00, 0x7F, 0xF0, 0x00, 0x00, 0x00, 0x0B, 0xFF, 0x00, 0x00, 0x00, 0x00, 0xFF,
    0xF0, 0x00, 0x00, 0x00, 0x0F, 0xFF, 0xAA, 0xAA, 0x40, 0x01, 0xFF, 0xFF, 0xFF, 0xF8, 0x00, 0x2F,
    0xFF, 0xFF, 0xFF, 0x80, 0x02, 0xFF, 0xFF, 0xFF, 0xF4, 0x00, 0x3F, 0xFF, 0xFF, 0xFF, 0x00, 0x00,
    0x00, 0x03, 0xFF, 0xFF, 0xF8, 0x00, 0x0F, 0xFF, 0xFF, 0xD0, 0x00, 0x3F, 0xFF, 0xFF, 0x00, 0x01,
    0xFF, 0xFF, 0xFC, 0x00, 0x00, 0x00, 0x00, 0x00, 0x00, 0x00, 0x00, 0x00, 0x00, 0x00, 0x06, 0xFF,
    0x90, 0x00, 0x02, 0xFF, 0xFF, 0xF0, 0x00, 0x3F, 0xFF, 0xFF, 0xF0, 0x03, 0xFF, 0xFF, 0xFF, 0xE0,
    0x3F, 0xFF, 0xEB, 0xFF, 0xC1, 0xFF, 0xF0, 0x07, 0xFF, 0x0F, 0xFF, 0x00, 0x1F, 0xFC, 0x7F, 0xF4,
    0x00, 0xFF, 0xE2, 0xFF, 0xC0, 0x6F, 0xFF, 0x4F, 0xFF, 0xFF, 0xFF, 0xF8, 0x3F, 0xFF, 0xFF, 0xFF,
    0x81, 0xFF, 0xFF, 0xFF, 0xF4, 0x07, 0xFF, 0xFF, 0xE4, 0x00, 0x1F, 0xFC, 0x00, 0x00, 0x00, 0x7F,
    0xF4, 0x00, 0x00, 0x00, 0xFF, 0xF0, 0x00, 0x18, 0x03, 0xFF, 0xFA, 0xAF, 0xF0, 0x07, 0xFF, 0xFF,
    0xFF, 0xC0, 0x0B, 0xFF, 0xFF, 0xFF, 0x00, 0x0B, 0xFF, 0xFF, 0xF4, 0x00, 0x02, 0xFF, 0xF9, 0x00,
    0x00, 0x00, 0x00, 0x2A, 0x00, 0x02, 0x90, 0x00, 0x07, 0xF0, 0x00, 0xBF, 0x00, 0x00, 0x3F, 0xC0,
    0x2F, 0xD0, 0x00, 0x03, 0xFF, 0xFF, 0xFC, 0x00, 0x00, 0x1F, 0xFF, 0xFF, 0x40, 0x00, 0x00, 0xBF,
    0xFF, 0xD0, 0x00, 0x00, 0x01, 0xBF, 0xE0, 0x00, 0x00, 0x00, 0x00, 0x00, 0x00, 0x00, 0x00, 0x00,
    0x00, 0x00, 0x00, 0x00, 0x7F, 0xFF, 0xFF, 0xFE, 0x00, 0x0B, 0xFF, 0xFF, 0xFF, 0xD0, 0x00, 0xFF,
    0xFF, 0xFF, 0xFC, 0x00, 0x0F, 0xFF, 0xFF, 0xFF, 0xC0, 0x01, 0xFF, 0xEA, 0xAA, 0xA4, 0x00, 0x2F,
    0xFC, 0x00, 0x00, 0x00, 0x02, 0xFF, 0xC0, 0x00, 0x00, 0x00, 0x3F, 0xFC, 0x00, 0x00, 0x00, 0x03,
    0xFF, 0x80, 0x00, 0x00, 0x00, 0x7F, 0xF4, 0x00, 0x00, 0x00, 0x0B, 0xFF, 0x00, 0x00, 0x00, 0x00,
    0xFF, 0xFF, 0xFF, 0xF8, 0x00, 0x0F, 0xFF, 0xFF, 0xFF, 0x40, 0x00, 0xFF, 0xFF, 0xFF, 0xF0, 0x00,
    0x1F, 0xFF, 0xFF, 0xFF, 0x00, 0x02, 0xFF, 0xEA, 0xAA, 0x90, 0x00, 0x3F, 0xFC, 0x00, 0x00, 0x00,
    0x03, 0xFF, 0x80, 0x00, 0x00, 0x00, 0x3F, 0xF4, 0x00, 0x00, 0x00, 0x07, 0xFF, 0x00, 0x00, 0x00,
    0x00, 0xBF, 0xF0, 0x00, 0x00, 0x00, 0x0F, 0xFF, 0x00, 0x00, 0x00, 0x00, 0xFF, 0xFA, 0xAA, 0xA4,
    0x00, 0x1F, 0xFF, 0xFF, 0xFF, 0x80, 0x02, 0xFF, 0xFF, 0xFF, 0xF8, 0x00, 0x2F, 0xFF, 0xFF, 0xFF,
    0x40, 0x03, 0xFF, 0xFF, 0xFF, 0xF0, 0x00, 0x00, 0x0B, 0xE0, 0x00, 0xFD, 0x00, 0x0B, 0xF4, 0x07,
    0xFC, 0x00, 0x07, 0xFF, 0xFF, 0xF8, 0x00, 0x03, 0xFF, 0xFF, 0xF0, 0x00, 0x01, 0xFF, 0xFF, 0xC0,
    0x00, 0x00, 0x2F, 0xF9, 0x00, 0x00, 0x00, 0x00, 0x00, 0x00, 0x00, 0x00, 0x00, 0x00, 0x00, 0x00,
    0x00, 0x6F, 0xF9, 0x00, 0x00, 0x0B, 0xFF, 0xFF, 0xC0, 0x00, 0x3F, 0xFF, 0xFF, 0xF0, 0x00, 0xFF,
    0xFF, 0xFF, 0xF8, 0x03, 0xFF, 0xFE, 0xBF, 0xFC, 0x07, 0xFF, 0xC0, 0x1F, 0xFC, 0x0F, 0xFF, 0x00,
    0x1F, 0xFC, 0x1F, 0xFD, 0x00, 0x3F, 0xF8, 0x2F, 0xFC, 0x06, 0xFF, 0xF4, 0x3F, 0xFF, 0xFF, 0xFF,
    0xE0, 0x3F, 0xFF, 0xFF, 0xFF, 0x80, 0x7F, 0xFF, 0xFF, 0xFD, 0x00, 0x7F, 0xFF, 0xFE, 0x40, 0x00,
    0x7F, 0xF0, 0x00, 0x00, 0x00, 0x7F, 0xF4, 0x00, 0x00, 0x00, 0x3F, 0xFC, 0x00, 0x06, 0x00, 0x3F,
    0xFF, 0xAA, 0xFF, 0x00, 0x1F, 0xFF, 0xFF, 0xFF, 0x00, 0x0B, 0xFF, 0xFF, 0xFF, 0x00, 0x02, 0xFF,
    0xFF, 0xFD, 0x00, 0x00, 0x2F, 0xFF, 0x90, 0x00, 0x00, 0x00, 0x00, 0x2F, 0xD0, 0x00, 0x00, 0x00,
    0x0B, 0xFF, 0x00, 0x00, 0x00, 0x00, 0xFF, 0xF0, 0x00, 0x00, 0x00, 0x0F, 0xFF, 0x00, 0x00, 0x00,
    0x00, 0xFF, 0xE0, 0x00, 0x00, 0x00, 0x03, 0xF8, 0x00, 0x00, 0x00, 0x00, 0x00, 0x00, 0x00, 0x00,
    0x00, 0x00, 0x00, 0x00, 0x00, 0x07, 0xFF, 0xFF, 0xFF, 0xE0, 0x00, 0xBF, 0xFF, 0xFF, 0xFD, 0x00,
    0x0F, 0xFF, 0xFF, 0xFF, 0xC0, 0x00, 0xFF, 0xFF, 0xFF, 0xFC, 0x00, 0x1F, 0xFE, 0xAA, 0xAA, 0x40,
    0x02, 0xFF, 0xC0, 0x00, 0x00, 0x00, 0x2F, 0xFC, 0x00, 0x00, 0x00, 0x03, 0xFF, 0xC0, 0x00, 0x00,
    0x00, 0x3F, 0xF8, 0x00, 0x00, 0x00, 0x07, 0xFF, 0x40, 0x00, 0x00, 0x00, 0xBF, 0xF0, 0x00, 0x00,
    0x00, 0x0F, 0xFF, 0xFF, 0xFF, 0x80, 0x00, 0xFF, 0xFF, 0xFF, 0xF4, 0x00, 0x0F, 0xFF, 0xFF, 0xFF,
    0x00, 0x01, 0xFF, 0xFF, 0xFF, 0xF0, 0x00, 0x2F, 0xFE, 0xAA, 0xA9, 0x00, 0x03, 0xFF, 0xC0, 0x00,
    0x00, 0x00, 0x3F, 0xF8, 0x00, 0x00, 0x00, 0x03, 0xFF, 0x40, 0x00, 0x00, 0x00, 0x7F, 0xF0, 0x00,
    0x00, 0x00, 0x0B, 0xFF, 0x00, 0x00, 0x00, 0x00, 0xFF, 0xF0, 0x00, 0x00, 0x00, 0x0F, 0xFF, 0xAA,
    0xAA, 0x40, 0x01, 0xFF, 0xFF, 0xFF, 0xF8, 0x00, 0x2F, 0xFF, 0xFF, 0xFF, 0x80, 0x02, 0xFF, 0xFF,
    0xFF, 0xF4, 0x00, 0x3F, 0xFF, 0xFF, 0xFF, 0x00, 0x00, 0x00, 0x00, 0x02, 0xFC, 0x00, 0x00, 0x00,
    0x3F, 0xFC, 0x00, 0x00, 0x00, 0xFF, 0xF0, 0x00, 0x00, 0x03, 0xFF, 0xC0, 0x00, 0x00, 0x0F, 0xFD,
    0x00, 0x00, 0x00, 0x1F, 0xD0, 0x00, 0x00, 0x00, 0x00, 0x00, 0x00, 0x00, 0x00, 0x00, 0x00, 0x00,
    0x00, 0x6F, 0xF9, 0x00, 0x00, 0x2F, 0xFF, 0xFF, 0x00, 0x03, 0xFF, 0xFF, 0xFF, 0x00, 0x3F, 0xFF,
    0xFF, 0xFE, 0x03, 0xFF, 0xFE, 0xBF, 0xFC, 0x1F, 0xFF, 0x00, 0x7F, 0xF0, 0xFF, 0xF0, 0x01, 0xFF,
    0xC7, 0xFF, 0x40, 0x0F, 0xFE, 0x2F, 0xFC, 0x06, 0xFF, 0xF4, 0xFF, 0xFF, 0xFF, 0xFF, 0x83, 0xFF,
    0xFF, 0xFF, 0xF8, 0x1F, 0xFF, 0xFF, 0xFF, 0x40, 0x7F, 0xFF, 0xFE, 0x40, 0x01, 0xFF, 0xC0, 0x00,
    0x00, 0x07, 0xFF, 0x40, 0x00, 0x00, 0x0F, 0xFF, 0x00, 0x01, 0x80, 0x3F, 0xFF, 0xAA, 0xFF, 0x00,
    0x7F, 0xFF, 0xFF, 0xFC, 0x00, 0xBF, 0xFF, 0xFF, 0xF0, 0x00, 0xBF, 0xFF, 0xFF, 0x40, 0x00, 0x2F,
    0xFF, 0x90, 0x00, 0x00, 0x07, 0xFF, 0xFF, 0xFF, 0xE0, 0x00, 0xBF, 0xFF, 0xFF, 0xFD, 0x00, 0x0F,
    0xFF, 0xFF, 0xFF, 0xC0, 0x00, 0xFF, 0xFF, 0xFF, 0xFC, 0x00, 0x1F, 0xFE, 0xAA, 0xAA, 0x40, 0x02,
    0xFF, 0xC0, 0x00, 0x00, 0x00, 0x2F, 0xFC, 0x00, 0x00, 0x00, 0x03, 0xFF, 0xC0, 0x00, 0x00, 0x00,
    0x3F, 0xF8, 0x00, 0x00, 0x00, 0x07, 0xFF, 0x40, 0x00, 0x00, 0x00, 0xBF, 0xF0, 0x00, 0x00, 0x00,
    0x0F, 0xFF, 0xFF, 0xFF, 0x80, 0x00, 0xFF, 0xFF, 0xFF, 0xF4, 0x00, 0x0F, 0xFF, 0xFF, 0xFF, 0x00,
    0x01, 0xFF, 0xFF, 0xFF, 0xF0, 0x00, 0x2F, 0xFE, 0xAA, 0xA9, 0x00, 0x03, 0xFF, 0xC0, 0x00, 0x00,
    0x00, 0x3F, 0xF8, 0x00, 0x00, 0x00, 0x03, 0xFF, 0x40, 0x00, 0x00, 0x00, 0x7F, 0xF0, 0x00, 0x00,
    0x00, 0x0B, 0xFF, 0x00, 0x00, 0x00, 0x00, 0xFF, 0xF0, 0x00, 0x00, 0x00, 0x0F, 0xFF, 0xAA, 0xAA,
    0x40, 0x01, 0xFF, 0xFF, 0xFF, 0xF8, 0x00, 0x2F, 0xFF, 0xFF, 0xFF, 0x80, 0x02, 0xFF, 0xFF, 0xFF,
    0xF4, 0x00, 0x3F, 0xFF, 0xFF, 0xFF, 0x00, 0x00, 0x00, 0x00, 0xBF, 0x40, 0x00, 0x00, 0x00, 0x2F,
    0xD0, 0x00, 0x00, 0x00, 0x0B, 0xF4, 0x00, 0x00, 0x00, 0x01, 0xFF, 0x00, 0x00, 0x00, 0x00, 0x2F,
    0xD0, 0x00, 0x00, 0x00, 0x02, 0xFE, 0x00, 0x00, 0x00, 0x00, 0x2F, 0xFF, 0x40, 0x00, 0x00, 0x00,
    0xFF, 0xF4, 0x00, 0x00, 0x00, 0x02, 0xFF, 0x40, 0x00, 0x00, 0x00, 0x6F, 0xF9, 0x00, 0x00, 0x2F,
    0xFF, 0xFF, 0x00, 0x03, 0xFF, 0xFF, 0xFF, 0x00, 0x3F, 0xFF, 0xFF, 0xFE, 0x03, 0xFF, 0xFE, 0xBF,
    0xFC, 0x1F, 0xFF, 0x00, 0x7F, 0xF0, 0xFF, 0xF0, 0x01, 0xFF, 0xC7, 0xFF, 0x40, 0x0F, 0xFE, 0x2F,
    0xFC, 0x06, 0xFF, 0xF4, 0xFF, 0xFF, 0xFF, 0xFF, 0x83, 0xFF, 0xFF, 0xFF, 0xF8, 0x1F, 0xFF, 0xFF,
    0xFF, 0x40, 0x7F, 0xFF, 0xFE, 0x40, 0x01, 0xFF, 0xC0, 0x00, 0x00, 0x07, 0xFF, 0x40, 0x00, 0x00,
    0x0F, 0xFF, 0x00, 0x01, 0x80, 0x3F, 0xFF, 0xAA, 0xFF, 0x00, 0x7F, 0xFF, 0xFF, 0xFC, 0x00, 0xBF,
    0xFF, 0xFF, 0xF0, 0x00, 0xBF, 0xFF, 0xFF, 0x40, 0x00, 0x2F, 0xFF, 0xF0, 0x00, 0x00, 0x00, 0xFF,
    0x00, 0x00, 0x00, 0x0F, 0xF0, 0x00, 0x00, 0x00, 0xFF, 0x00, 0x00, 0x00, 0x07, 0xFC, 0x00, 0x00,
    0x00, 0x2F, 0xE0, 0x00, 0x00, 0x00, 0xBF, 0x80, 0x00, 0x00, 0x01, 0xFF, 0xF4, 0x00, 0x00, 0x03,
    0xFF, 0xD0, 0x00, 0x00, 0x02, 0xFF, 0x40, 0x00, 0x00, 0x00, 0xBF, 0x80, 0x07, 0xFC, 0x00, 0x00,
    0x3F, 0xD0, 0x3F, 0xF0, 0x00, 0x00, 0x1F, 0xF4, 0xFF, 0xC0, 0x00, 0x00, 0x0F, 0xFF, 0xFF, 0x00,
    0x00, 0x00, 0x07, 0xFF, 0xFC, 0x00, 0x00, 0x00, 0x03, 0xFF, 0xF0, 0x00, 0x00, 0x00, 0x00, 0x00,
    0x00, 0x00, 0x00, 0x00, 0x00, 0x00, 0x00, 0x00, 0x00, 0x07, 0xFF, 0xFF, 0xFF, 0xE0, 0x00, 0x0B,
    0xFF, 0xFF, 0xFF, 0xD0, 0x00, 0x0F, 0xFF, 0xFF, 0xFF, 0xC0, 0x00, 0x0F, 0xFF, 0xFF, 0xFF, 0xC0,
    0x00, 0x1F, 0xFE, 0xAA, 0xAA, 0x40, 0x00, 0x2F, 0xFC, 0x00, 0x00, 0x00, 0x00, 0x2F, 0xFC, 0x00,
    0x00, 0x00, 0x00, 0x3F, 0xFC, 0x00, 0x00, 0x00, 0x00, 0x3F, 0xF8, 0x00, 0x00, 0x00, 0x00, 0x7F,
    0xF4, 0x00, 0x00, 0x00, 0x00, 0xBF, 0xF0, 0x00, 0x00, 0x00, 0x00, 0xFF, 0xFF, 0xFF, 0xF8, 0x00,
    0x00, 0xFF, 0xFF, 0xFF, 0xF4, 0x00, 0x00, 0xFF, 0xFF, 0xFF, 0xF0, 0x00, 0x01, 0xFF, 0xFF, 0xFF,
    0xF0, 0x00, 0x02, 0xFF, 0xEA, 0xAA, 0x90, 0x00, 0x03, 0xFF, 0xC0, 0x00, 0x00, 0x00, 0x03, 0xFF,
    0x80, 0x00, 0x00, 0x00, 0x03, 0xFF, 0x40, 0x00, 0x00, 0x00, 0x07, 0xFF, 0x00, 0x00, 0x00, 0x00,
    0x0B, 0xFF, 0x00, 0x00, 0x00, 0x00, 0x0F, 0xFF, 0x00, 0x00, 0x00, 0x00, 0x0F, 0xFF, 0xAA, 0xAA,
    0x40, 0x00, 0x1F, 0xFF, 0xFF, 0xFF, 0x80, 0x00, 0x2F, 0xFF, 0xFF, 0xFF, 0x80, 0x00, 0x2F, 0xFF,
    0xFF, 0xFF, 0x40, 0x00, 0x3F, 0xFF, 0xFF, 0xFF, 0x00, 0x00, 0x00, 0x0F, 0xF4, 0x00, 0xBF, 0xC0,
    0x01, 0xFF, 0x00, 0xFF, 0x80, 0x00, 0x2F, 0xF1, 0xFF, 0x80, 0x00, 0x03, 0xFF, 0xFF, 0x80, 0x00,
    0x00, 0x7F, 0xFF, 0xC0, 0x00, 0x00, 0x0F, 0xFF, 0xC0, 0x00, 0x00, 0x00, 0x00, 0x00, 0x00, 0x00,
    0x00, 0x00, 0x00, 0x00, 0x00, 0x00, 0x6F, 0xF9, 0x00, 0x00, 0x02, 0xFF, 0xFF, 0xF0, 0x00, 0x03,
    0xFF, 0xFF, 0xFF, 0x00, 0x03, 0xFF, 0xFF, 0xFF, 0xE0, 0x03, 0xFF, 0xFE, 0xBF, 0xFC, 0x01, 0xFF,
    0xF0, 0x07, 0xFF, 0x00, 0xFF, 0xF0, 0x01, 0xFF, 0xC0, 0x7F, 0xF4, 0x00, 0xFF, 0xE0, 0x2F, 0xFC,
    0x06, 0xFF, 0xF4, 0x0F, 0xFF, 0xFF, 0xFF, 0xF8, 0x03, 0xFF, 0xFF, 0xFF, 0xF8, 0x01, 0xFF, 0xFF,
    0xFF, 0xF4, 0x00, 0x7F, 0xFF, 0xFE, 0x40, 0x00, 0x1F, 0xFC, 0x00, 0x00, 0x00, 0x07, 0xFF, 0x40,
    0x00, 0x00, 0x00, 0xFF, 0xF0, 0x00, 0x18, 0x00, 0x3F, 0xFF, 0xAA, 0xFF, 0x00, 0x07, 0xFF, 0xFF,
    0xFF, 0xC0, 0x00, 0xBF, 0xFF, 0xFF, 0xF0, 0x00, 0x0B, 0xFF, 0xFF, 0xF4, 0x00, 0x00, 0x2F, 0xFF,
    0x90, 0x00, 0x00, 0x00, 0x00, 0x00, 0x3F, 0xFF, 0x00, 0x00, 0x00, 0x00, 0xFF, 0xFF, 0x40, 0x00,
    0x00, 0x03, 0xFF, 0xFF, 0xC0, 0x00, 0x00, 0x0F, 0xFD, 0x3F, 0xD0, 0x00, 0x00, 0x3F, 0xF0, 0x1F,
    0xF0, 0x00, 0x00, 0xFF, 0x80, 0x07, 0xF8, 0x00, 0x00, 0x00, 0x00, 0x00, 0x00, 0x00, 0x00, 0x00,
    0x00, 0x00, 0x00, 0x00, 0x00, 0x00, 0x00, 0x00, 0x00, 0x00, 0x00, 0x06, 0xFF, 0xFE, 0x40, 0x00,
    0x00, 0x7F, 0xFF, 0xFF, 0xF8, 0x00, 0x03, 0xFF, 0xFF, 0xFF, 0xFC, 0x00, 0x1F, 0xFF, 0xFF, 0xFF,
    0xF8, 0x00, 0x7F, 0xFF, 0xEA, 0xAF, 0xF0, 0x00, 0xFF, 0xFD, 0x00, 0x01, 0xA0, 0x03, 0xFF, 0xF0,
    0x00, 0x00, 0x00, 0x0B, 0xFF, 0xC0, 0x00, 0x00, 0x00, 0x0F, 0xFF, 0x40, 0x00, 0x00, 0x00, 0x1F,
    0xFE, 0x00, 0x00, 0x00, 0x00, 0x3F, 0xFD, 0x00, 0x00, 0x00, 0x00, 0x3F, 0xFC, 0x00, 0xAA, 0xAA,
    0xA0, 0x7F, 0xF8, 0x00, 0xFF, 0xFF, 0xF0, 0xBF, 0xF4, 0x01, 0xFF, 0xFF, 0xE0, 0xBF, 0xF0, 0x02,
    0xFF, 0xFF, 0xE0, 0xBF, 0xF0, 0x03, 0xFF, 0xFF, 0xD0, 0xFF, 0xF0, 0x00, 0x02, 0xFF, 0xC0, 0xFF,
    0xF0, 0x00, 0x02, 0xFF, 0xC0, 0xBF, 0xF0, 0x00, 0x03, 0xFF, 0x80, 0xBF, 0xF4, 0x00, 0x03, 0xFF,
    0x40, 0x7F, 0xFC, 0x00, 0x07, 0xFF, 0x00, 0x3F, 0xFF, 0x00, 0x0B, 0xFF, 0x00, 0x1F, 0xFF, 0xEA,
    0xBF, 0xFF, 0x00, 0x0F, 0xFF, 0xFF, 0xFF, 0xFE, 0x00, 0x03, 0xFF, 0xFF, 0xFF, 0xFD, 0x00, 0x00,
    0xBF, 0xFF, 0xFF, 0xF8, 0x00, 0x00, 0x06, 0xFF, 0xFA, 0x40, 0x00, 0x00, 0x00, 0x03, 0xFF, 0xE0,
    0x00, 0x00, 0x00, 0xFF, 0xFF, 0x00, 0x00, 0x00, 0x3F, 0xFF, 0xFC, 0x00, 0x00, 0x0F, 0xFC, 0x7F,
    0xD0, 0x00, 0x03, 0xFE, 0x02, 0xFF, 0x00, 0x00, 0xFF, 0x40, 0x0B, 0xF8, 0x00, 0x00, 0x00, 0x00,
    0x00, 0x00, 0x00, 0x00, 0x00, 0x00, 0x00, 0x00, 0x00, 0xBF, 0xE0, 0x3F, 0xE0, 0x00, 0x7F, 0xFF,
    0xC7, 0xFD, 0x00, 0x1F, 0xFF, 0xFE, 0xBF, 0xC0, 0x03, 0xFF, 0xFF, 0xFF, 0xFC, 0x00, 0xFF, 0xFE,
    0xBF, 0xFF, 0x80, 0x1F, 0xFF, 0x00, 0xFF, 0xF8, 0x03, 0xFF, 0xD0, 0x0B, 0xFF, 0x40, 0x7F, 0xF8,
    0x00, 0x7F, 0xF0, 0x0B, 0xFF, 0x40, 0x07, 0xFF, 0x00, 0xFF, 0xF0, 0x00, 0xBF, 0xE0, 0x0F, 0xFE,
    0x00, 0x0F, 0xFD, 0x00, 0xFF, 0xE0, 0x00, 0xFF, 0xD0, 0x1F, 0xFD, 0x00, 0x1F, 0xFC, 0x01, 0xFF,
    0xD0, 0x03, 0xFF, 0xC0, 0x1F, 0xFD, 0x00, 0x7F, 0xF8, 0x00, 0xFF, 0xF0, 0x1F, 0xFF, 0x40, 0x0F,
    0xFF, 0x9B, 0xFF, 0xF0, 0x00, 0xFF, 0xFF, 0xFF, 0xFF, 0x00, 0x07, 0xFF, 0xFF, 0xBF, 0xF0, 0x00,
    0x2F, 0xFF, 0xCF, 0xFE, 0x00, 0x00, 0x7F, 0xE0, 0xFF, 0xD0, 0x00, 0x00, 0x00, 0x0F, 0xFC, 0x00,
    0x00, 0x00, 0x02, 0xFF, 0xC0, 0x00, 0x00, 0x00, 0x3F, 0xF8, 0x00, 0x74, 0x00, 0x0F, 0xFF, 0x40,
    0x07, 0xFE, 0xAB, 0xFF, 0xF0, 0x00, 0x7F, 0xFF, 0xFF, 0xFC, 0x00, 0x07, 0xFF, 0xFF, 0xFF, 0x40,
    0x00, 0x7F, 0xFF, 0xFF, 0xC0, 0x00, 0x00, 0x6F, 0xFF, 0x80, 0x00, 0x00, 0x00, 0x00, 0x0A, 0x80,
    0x00, 0xA4, 0x00, 0x00, 0x0F, 0xC0, 0x02, 0xFC, 0x00, 0x00, 0x0F, 0xF4, 0x0B, 0xF4, 0x00, 0x00,
    0x0F, 0xFF, 0xFF, 0xF0, 0x00, 0x00, 0x07, 0xFF, 0xFF, 0xD0, 0x00, 0x00, 0x02, 0xFF, 0xFF, 0x40,
    0x00, 0x00, 0x00, 0x6F, 0xF8, 0x00, 0x00, 0x00, 0x00, 0x00, 0x00, 0x00, 0x00, 0x00, 0x00, 0x00,
    0x00, 0x00, 0x00, 0x00, 0x06, 0xFF, 0xFE, 0x40, 0x00, 0x00, 0x7F, 0xFF, 0xFF, 0xF8, 0x00, 0x03,
    0xFF, 0xFF, 0xFF, 0xFC, 0x00, 0x1F, 0xFF, 0xFF, 0xFF, 0xF8, 0x00, 0x7F, 0xFF, 0xEA, 0xAF, 0xF0,
    0x00, 0xFF, 0xFD, 0x00, 0x01, 0xA0, 0x03, 0xFF, 0xF0, 0x00, 0x00, 0x00, 0x0B, 0xFF, 0xC0, 0x00,
    0x00, 0x00, 0x0F, 0xFF, 0x40, 0x00, 0x00, 0x00, 0x1F, 0xFE, 0x00, 0x00, 0x00, 0x00, 0x3F, 0xFD,
    0x00, 0x00, 0x00, 0x00, 0x3F, 0xFC, 0x00, 0xAA, 0xAA, 0xA0, 0x7F, 0xF8, 0x00, 0xFF, 0xFF, 0xF0,
    0xBF, 0xF4, 0x01, 0xFF, 0xFF, 0xE0, 0xBF, 0xF0, 0x02, 0xFF, 0xFF, 0xE0, 0xBF, 0xF0, 0x03, 0xFF,
    0xFF, 0xD0, 0xFF, 0xF0, 0x00, 0x02, 0xFF, 0xC0, 0xFF, 0xF0, 0x00, 0x02, 0xFF, 0xC0, 0xBF, 0xF0,
    0x00, 0x03, 0xFF, 0x80, 0xBF, 0xF4, 0x00, 0x03, 0xFF, 0x40, 0x7F, 0xFC, 0x00, 0x07, 0xFF, 0x00,
    0x3F, 0xFF, 0x00, 0x0B, 0xFF, 0x00, 0x1F, 0xFF, 0xEA, 0xBF, 0xFF, 0x00, 0x0F, 0xFF, 0xFF, 0xFF,
    0xFE, 0x00, 0x03, 0xFF, 0xFF, 0xFF, 0xFD, 0x00, 0x00, 0xBF, 0xFF, 0xFF, 0xF8, 0x00, 0x00, 0x06,
    0xFF, 0xFA, 0x40, 0x00, 0x00, 0x01, 0xFC, 0x00, 0x2F, 0xC0, 0x00, 0x1F, 0xE0, 0x0B, 0xF4, 0x00,
    0x00, 0xFF, 0xFF, 0xFF, 0x00, 0x00, 0x0B, 0xFF, 0xFF, 0xD0, 0x00, 0x00, 0x3F, 0xFF, 0xF4, 0x00,
    0x00, 0x00, 0x7F, 0xF8, 0x00, 0x00, 0x00, 0x00, 0x00, 0x00, 0x00, 0x00, 0x00, 0x00, 0x00, 0x00,
    0x00, 0x00, 0xBF, 0xE0, 0x3F, 0xE0, 0x00, 0x7F, 0xFF, 0xC7, 0xFD, 0x00, 0x1F, 0xFF, 0xFE, 0xBF,
    0xC0, 0x03, 0xFF, 0xFF, 0xFF, 0xFC, 0x00, 0xFF, 0xFE, 0xBF, 0xFF, 0x80, 0x1F, 0xFF, 0x00, 0xFF,
    0xF8, 0x03, 0xFF, 0xD0, 0x0B, 0xFF, 0x40, 0x7F, 0xF8, 0x00, 0x7F, 0xF0, 0x0B, 0xFF, 0x40, 0x07,
    0xFF, 0x00, 0xFF, 0xF0, 0x00, 0xBF, 0xE0, 0x0F, 0xFE, 0x00, 0x0F, 0xFD, 0x00, 0xFF, 0xE0, 0x00,
    0xFF, 0xD0, 0x1F, 0xFD, 0x00, 0x1F, 0xFC, 0x01, 0xFF, 0xD0, 0x03, 0xFF, 0xC0, 0x1F, 0xFD, 0x00,
    0x7F, 0xF8, 0x00, 0xFF, 0xF0, 0x1F, 0xFF, 0x40, 0x0F, 0xFF, 0x9B, 0xFF, 0xF0, 0x00, 0xFF, 0xFF,
    0xFF, 0xFF, 0x00, 0x07, 0xFF, 0xFF, 0xBF, 0xF0, 0x00, 0x2F, 0xFF, 0xCF, 0xFE, 0x00, 0x00, 0x7F,
    0xE0, 0xFF, 0xD0, 0x00, 0x00, 0x00, 0x0F, 0xFC, 0x00, 0x00, 0x00, 0x02, 0xFF, 0xC0, 0x00, 0x00,
    0x00, 0x3F, 0xF8, 0x00, 0x74, 0x00, 0x0F, 0xFF, 0x40, 0x07, 0xFE, 0xAB, 0xFF, 0xF0, 0x00, 0x7F,
    0xFF, 0xFF, 0xFC, 0x00, 0x07, 0xFF, 0xFF, 0xFF, 0x40, 0x00, 0x7F, 0xFF, 0xFF, 0xC0, 0x00, 0x00,
    0x6F, 0xFF, 0x80, 0x00, 0x00, 0x00, 0x00, 0x00, 0x0B, 0xF4, 0x00, 0x00, 0x00, 0x00, 0x1F, 0xFC,
    0x00, 0x00, 0x00, 0x00, 0x3F, 0xFC, 0x00, 0x00, 0x00, 0x00, 0x3F, 0xFC, 0x00, 0x00, 0x00, 0x00,
    0x3F, 0xF8, 0x00, 0x00, 0x00, 0x00, 0x0F, 0xE0, 0x00, 0x00, 0x00, 0x00, 0x00, 0x00, 0x00, 0x00,
    0x00, 0x00, 0x00, 0x00, 0x00, 0x00, 0x00, 0x00, 0x00, 0x00, 0x00, 0x00, 0x00, 0x06, 0xFF, 0xFE,
    0x40, 0x00, 0x00, 0x7F, 0xFF, 0xFF, 0xF8, 0x00, 0x03, 0xFF, 0xFF, 0xFF, 0xFC, 0x00, 0x1F, 0xFF,
    0xFF, 0xFF, 0xF8, 0x00, 0x7F, 0xFF, 0xEA, 0xAF, 0xF0, 0x00, 0xFF, 0xFD, 0x00, 0x01, 0xA0, 0x03,
    0xFF, 0xF0, 0x00, 0x00, 0x00, 0x0B, 0xFF, 0xC0, 0x00, 0x00, 0x00, 0x0F, 0xFF, 0x40, 0x00, 0x00,
    0x00, 0x1F, 0xFE, 0x00, 0x00, 0x00, 0x00, 0x3F, 0xFD, 0x00, 0x00, 0x00, 0x00, 0x3F, 0xFC, 0x00,
    0xAA, 0xAA, 0xA0, 0x7F, 0xF8, 0x00, 0xFF, 0xFF, 0xF0, 0xBF, 0xF4, 0x01, 0xFF, 0xFF, 0xE0, 0xBF,
    0xF0, 0x02, 0xFF, 0xFF, 0xE0, 0xBF, 0xF0, 0x03, 0xFF, 0xFF, 0xD0, 0xFF, 0xF0, 0x00, 0x02, 0xFF,
    0xC0, 0xFF, 0xF0, 0x00, 0x02, 0xFF, 0xC0, 0xBF, 0xF0, 0x00, 0x03, 0xFF, 0x80, 0xBF, 0xF4, 0x00,
    0x03, 0xFF, 0x40, 0x7F, 0xFC, 0x00, 0x07, 0xFF, 0x00, 0x3F, 0xFF, 0x00, 0x0B, 0xFF, 0x00, 0x1F,
    0xFF, 0xEA, 0xBF, 0xFF, 0x00, 0x0F, 0xFF, 0xFF, 0xFF, 0xFE, 0x00, 0x03, 0xFF, 0xFF, 0xFF, 0xFD,
    0x00, 0x00, 0xBF, 0xFF, 0xFF, 0xF8, 0x00, 0x00, 0x06, 0xFF, 0xFA, 0x40, 0x00, 0x00, 0x00, 0x00,
    0xBF, 0x40, 0x00, 0x00, 0x00, 0x2F, 0xFC, 0x00, 0x00, 0x00, 0x03, 0xFF, 0xC0, 0x00, 0x00, 0x00,
    0x3F, 0xFC, 0x00, 0x00, 0x00, 0x03, 0xFF, 0x80, 0x00, 0x00, 0x00, 0x0F, 0xE0, 0x00, 0x00, 0x00,
    0x00, 0x00, 0x00, 0x00, 0x00, 0x00, 0x00, 0x00, 0x00, 0x00, 0x00, 0xBF, 0xE0, 0x3F, 0xE0, 0x00,
    0x7F, 0xFF, 0xC7, 0xFD, 0x00, 0x1F, 0xFF, 0xFE, 0xBF, 0xC0, 0x03, 0xFF, 0xFF, 0xFF, 0xFC, 0x00,
    0xFF, 0xFE, 0xBF, 0xFF, 0x80, 0x1F, 0xFF, 0x00, 0xFF, 0xF8, 0x03, 0xFF, 0xD0, 0x0B, 0xFF, 0x40,
    0x7F, 0xF8, 0x00, 0x7F, 0xF0, 0x0B, 0xFF, 0x40, 0x07, 0xFF, 0x00, 0xFF, 0xF0, 0x00, 0xBF, 0xE0,
    0x0F, 0xFE, 0x00, 0x0F, 0xFD, 0x00, 0xFF, 0xE0, 0x00, 0xFF, 0xD0, 0x1F, 0xFD, 0x00, 0x1F, 0xFC,
    0x01, 0xFF, 0xD0, 0x03, 0xFF, 0xC0, 0x1F, 0xFD, 0x00, 0x7F, 0xF8, 0x00, 0xFF, 0xF0, 0x1F, 0xFF,
    0x40, 0x0F, 0xFF, 0x9B, 0xFF, 0xF0, 0x00, 0xFF, 0xFF, 0xFF, 0xFF, 0x00, 0x07, 0xFF, 0xFF, 0xBF,
    0xF0, 0x00, 0x2F, 0xFF, 0xCF, 0xFE, 0x00, 0x00, 0x7F, 0xE0, 0xFF, 0xD0, 0x00, 0x00, 0x00, 0x0F,
    0xFC, 0x00, 0x00, 0x00, 0x02, 0xFF, 0xC0, 0x00, 0x00, 0x00, 0x3F, 0xF8, 0x00, 0x74, 0x00, 0x0F,
    0xFF, 0x40, 0x07, 0xFE, 0xAB, 0xFF, 0xF0, 0x00, 0x7F, 0xFF, 0xFF, 0xFC, 0x00, 0x07, 0xFF, 0xFF,
    0xFF, 0x40, 0x00, 0x7F, 0xFF, 0xFF, 0xC0, 0x00, 0x00, 0x6F, 0xFF, 0x80, 0x00, 0x00, 0x00, 0x00,
    0x06, 0xFF, 0xFE, 0x40, 0x00, 0x00, 0x7F, 0xFF, 0xFF, 0xF8, 0x00, 0x03, 0xFF, 0xFF, 0xFF, 0xFC,
    0x00, 0x1F, 0xFF, 0xFF, 0xFF, 0xF8, 0x00, 0x7F, 0xFF, 0xEA, 0xAF, 0xF0, 0x00, 0xFF, 0xFD, 0x00,
    0x01, 0xA0, 0x03, 0xFF, 0xF0, 0x00, 0x00, 0x00, 0x0B, 0xFF, 0xC0, 0x00, 0x00, 0x00, 0x0F, 0xFF,
    0x40, 0x00, 0x00, 0x00, 0x1F, 0xFE, 0x00, 0x00, 0x00, 0x00, 0x3F, 0xFD, 0x00, 0x00, 0x00, 0x00,
    0x3F, 0xFC, 0x00, 0xAA, 0xAA, 0xA0, 0x7F, 0xF8, 0x00, 0xFF, 0xFF, 0xF0, 0xBF, 0xF4, 0x01, 0xFF,
    0xFF, 0xE0, 0xBF, 0xF0, 0x02, 0xFF, 0xFF, 0xE0, 0xBF, 0xF0, 0x03, 0xFF, 0xFF, 0xD0, 0xFF, 0xF0,
    0x00, 0x02, 0xFF, 0xC0, 0xFF, 0xF0, 0x00, 0x02, 0xFF, 0xC0, 0xBF, 0xF0, 0x00, 0x03, 0xFF, 0x80,
    0xBF, 0xF4, 0x00, 0x03, 0xFF, 0x40, 0x7F, 0xFC, 0x00, 0x07, 0xFF, 0x00, 0x3F, 0xFF, 0x00, 0x0B,
    0xFF, 0x00, 0x1F, 0xFF, 0xEA, 0xBF, 0xFF, 0x00, 0x0F, 0xFF, 0xFF, 0xFF, 0xFE, 0x00, 0x03, 0xFF,
    0xFF, 0xFF, 0xFD, 0x00, 0x00, 0xBF, 0xFF, 0xFF, 0xF8, 0x00, 0x00, 0x06, 0xFF, 0xFA, 0x40, 0x00,
    0x00, 0x00, 0x00, 0x00, 0x00, 0x00, 0x00, 0x00, 0x00, 0x00, 0x00, 0x00, 0x00, 0x01, 0xFF, 0xC0,
    0x00, 0x00, 0x00, 0x03, 0xFF, 0x40, 0x00, 0x00, 0x00, 0x03, 0xFE, 0x00, 0x00, 0x00, 0x00, 0x0B,
    0xFC, 0x00, 0x00, 0x00, 0x00, 0x0F, 0xF0, 0x00, 0x00, 0x00, 0x00, 0x1F, 0xD0, 0x00, 0x00, 0x00,
    0x00, 0x00, 0x00, 0x0F, 0xE0, 0x00, 0x00, 0x00, 0x03, 0xFC, 0x00, 0x00, 0x00, 0x00, 0xBF, 0xC0,
    0x00, 0x00, 0x00, 0x1F, 0xF4, 0x00, 0x00, 0x00, 0x03, 0xFF, 0x00, 0x00, 0x00, 0x00, 0xBF, 0xE0,
    0x00, 0x00, 0x00, 0x00, 0x00, 0x00, 0x00, 0x00, 0x00, 0x00, 0x00, 0x00, 0x00, 0x00, 0xBF, 0xE0,
    0x3F, 0xE0, 0x00, 0x7F, 0xFF, 0xC7, 0xFD, 0x00, 0x1F, 0xFF, 0xFE, 0xBF, 0xC0, 0x03, 0xFF, 0xFF,
    0xFF, 0xFC, 0x00, 0xFF, 0xFE, 0xBF, 0xFF, 0x80, 0x1F, 0xFF, 0x00, 0xFF, 0xF8, 0x03, 0xFF, 0xD0,
    0x0B, 0xFF, 0x40, 0x7F, 0xF8, 0x00, 0x7F, 0xF0, 0x0B, 0xFF, 0x40, 0x07, 0xFF, 0x00, 0xFF, 0xF0,
    0x00, 0xBF, 0xE0, 0x0F, 0xFE, 0x00, 0x0F, 0xFD, 0x00, 0xFF, 0xE0, 0x00, 0xFF, 0xD0, 0x1F, 0xFD,
    0x00, 0x1F, 0xFC, 0x01, 0xFF, 0xD0, 0x03, 0xFF, 0xC0, 0x1F, 0xFD, 0x00, 0x7F, 0xF8, 0x00, 0xFF,
    0xF0, 0x1F, 0xFF, 0x40, 0x0F, 0xFF, 0x9B, 0xFF, 0xF0, 0x00, 0xFF, 0xFF, 0xFF, 0xFF, 0x00, 0x07,
    0xFF, 0xFF, 0xBF, 0xF0, 0x00, 0x2F, 0xFF, 0xCF, 0xFE, 0x00, 0x00, 0x7F, 0xE0, 0xFF, 0xD0, 0x00,
    0x00, 0x00, 0x0F, 0xFC, 0x00, 0x00, 0x00, 0x02, 0xFF, 0xC0, 0x00, 0x00, 0x00, 0x3F, 0xF8, 0x00,
    0x64, 0x00, 0x0F, 0xFF, 0x40, 0x07, 0xFE, 0xAB, 0xFF, 0xF0, 0x00, 0x7F, 0xFF, 0xFF, 0xFC, 0x00,
    0x07, 0xFF, 0xFF, 0xFF, 0x40, 0x00, 0x7F, 0xFF, 0xFF, 0xC0, 0x00, 0x00, 0x6F, 0xFF, 0x80, 0x00,
    0x00, 0x00, 0x00, 0x00, 0x0F, 0xFF, 0xC0, 0x00, 0x00, 0x00, 0x00, 0xFF, 0xFF, 0x80, 0x00, 0x00,
    0x00, 0x0B, 0xFF, 0xFF, 0x00, 0x00, 0x00, 0x00, 0xBF, 0xD3, 0xFE, 0x00, 0x00, 0x00, 0x0F, 0xFC,
    0x07, 0xFD, 0x00, 0x00, 0x00, 0xFF, 0x80, 0x07, 0xFC, 0x00, 0x00, 0x00, 0x00, 0x00, 0x00, 0x00,
    0x00, 0x00, 0x00, 0x00, 0x00, 0x00, 0x00, 0x00, 0x07, 0xFF, 0x00, 0x00, 0x7F, 0xF4, 0x00, 0x2F,
    0xFC, 0x00, 0x02, 0xFF, 0xC0, 0x00, 0xFF, 0xF0, 0x00, 0x0B, 0xFF, 0x00, 0x03, 0xFF, 0x80, 0x00,
    0x3F, 0xF8, 0x00, 0x1F, 0xFD, 0x00, 0x00, 0xFF, 0xD0, 0x00, 0xBF, 0xF0, 0x00, 0x07, 0xFF, 0x40,
    0x02, 0xFF, 0xC0, 0x00, 0x2F, 0xFC, 0x00, 0x0F, 0xFE, 0x00, 0x00, 0xFF, 0xF0, 0x00, 0x3F, 0xF8,
    0x00, 0x03, 0xFF, 0x80, 0x01, 0xFF, 0xD0, 0x00, 0x0F, 0xFD, 0x00, 0x0B, 0xFF, 0xAA, 0xAA, 0xBF,
    0xF0, 0x00, 0x3F, 0xFF, 0xFF, 0xFF, 0xFF, 0xC0, 0x00, 0xFF, 0xFF, 0xFF, 0xFF, 0xFF, 0x00, 0x03,
    0xFF, 0xFF, 0xFF, 0xFF, 0xF8, 0x00, 0x1F, 0xFF, 0xFF, 0xFF, 0xFF, 0xD0, 0x00, 0xBF, 0xF0, 0x00,
    0x0B, 0xFF, 0x00, 0x03, 0xFF, 0xC0, 0x00, 0x3F, 0xFC, 0x00, 0x0F, 0xFE, 0x00, 0x00, 0xFF, 0xF0,
    0x00, 0x3F, 0xF4, 0x00, 0x03, 0xFF, 0x80, 0x01, 0xFF, 0xC0, 0x00, 0x1F, 0xFD, 0x00, 0x0B, 0xFF,
    0x00, 0x00, 0xBF, 0xF0, 0x00, 0x3F, 0xFC, 0x00, 0x02, 0xFF, 0xC0, 0x00, 0xFF, 0xE0, 0x00, 0x0F,
    0xFE, 0x00, 0x07, 0xFF, 0x40, 0x00, 0x3F, 0xF8, 0x00, 0x2F, 0xFC, 0x00, 0x01, 0xFF, 0xD0, 0x00,
    0xBF, 0xF0, 0x00, 0x0B, 0xFF, 0x00, 0x03, 0xFF, 0x80, 0x00, 0x2F, 0xFC, 0x00, 0x00, 0x00, 0x03,
    0xFF, 0xF0, 0x00, 0x00, 0x02, 0xFF, 0xFE, 0x00, 0x00, 0x02, 0xFF, 0xFF, 0xC0, 0x00, 0x02, 0xFF,
    0x4F, 0xF8, 0x00, 0x02, 0xFF, 0x40, 0xFF, 0x40, 0x02, 0xFE, 0x00, 0x1F, 0xF0, 0x00, 0x00, 0x00,
    0x00, 0x00, 0x00, 0x00, 0x00, 0x00, 0x00, 0x00, 0x00, 0x07, 0xFF, 0x00, 0x00, 0x00, 0x02, 0xFF,
    0xC0, 0x00, 0x00, 0x00, 0xFF, 0xE0, 0x00, 0x00, 0x00, 0x3F, 0xF4, 0x00, 0x00, 0x00, 0x0F, 0xFD,
    0x00, 0x00, 0x00, 0x07, 0xFF, 0x00, 0x00, 0x00, 0x02, 0xFF, 0xC0, 0x00, 0x00, 0x00, 0xFF, 0xE0,
    0x00, 0x00, 0x00, 0x3F, 0xF4, 0x6F, 0xE0, 0x00, 0x1F, 0xFC, 0xFF, 0xFF, 0x40, 0x07, 0xFF, 0xFF,
    0xFF, 0xF0, 0x02, 0xFF, 0xFF, 0xFF, 0xFD, 0x00, 0xFF, 0xFE, 0x07, 0xFF, 0x80, 0x3F, 0xFE, 0x00,
    0xFF, 0xE0, 0x1F, 0xFF, 0x00, 0x3F, 0xF8, 0x0B, 0xFF, 0x40, 0x0F, 0xFE, 0x02, 0xFF, 0xC0, 0x03,
    0xFF, 0x40, 0xFF, 0xE0, 0x01, 0xFF, 0xD0, 0x3F, 0xF4, 0x00, 0x7F, 0xF0, 0x1F, 0xFC, 0x00, 0x2F,
    0xFC, 0x0B, 0xFF, 0x00, 0x0F, 0xFE, 0x03, 0xFF, 0x80, 0x03, 0xFF, 0x40, 0xFF, 0xE0, 0x01, 0xFF,
    0xC0, 0x3F, 0xF4, 0x00, 0xBF, 0xF0, 0x1F, 0xFC, 0x00, 0x2F, 0xFC, 0x0B, 0xFF, 0x00, 0x0F, 0xFE,
    0x03, 0xFF, 0x80, 0x03, 0xFF, 0x40, 0xFF, 0xD0, 0x01, 0xFF, 0xC0, 0x3F, 0xF4, 0x00, 0xBF, 0xF0,
    0x00, 0x00, 0x07, 0xFF, 0x00, 0x00, 0x7F, 0xF4, 0x00, 0x03, 0xFF, 0xC0, 0x00, 0x2F, 0xFC, 0x00,
    0x00, 0xFF, 0xE0, 0x00, 0x0F, 0xFF, 0x00, 0x1F, 0xFF, 0xFF, 0xFF, 0xFF, 0xFF, 0xFF, 0x0B, 0xFF,
    0xFF, 0xFF, 0xFF, 0xFF, 0xFF, 0x83, 0xFF, 0xFF, 0xFF, 0xFF, 0xFF, 0xFF, 0xE0, 0xFF, 0xFF, 0xFF,
    0xFF, 0xFF, 0xFF, 0xF4, 0x00, 0xFF, 0xE0, 0x00, 0x0F, 0xFF, 0x00, 0x00, 0x3F, 0xF4, 0x00, 0x03,
    0xFF, 0x80, 0x00, 0x1F, 0xFD, 0x00, 0x00, 0xFF, 0xD0, 0x00, 0x0B, 0xFF, 0xAA, 0xAA, 0xBF, 0xF0,
    0x00, 0x03, 0xFF, 0xFF, 0xFF, 0xFF, 0xFC, 0x00, 0x00, 0xFF, 0xFF, 0xFF, 0xFF, 0xFF, 0x00, 0x00,
    0x3F, 0xFF, 0xFF, 0xFF, 0xFF, 0x80, 0x00, 0x1F, 0xFF, 0xFF, 0xFF, 0xFF, 0xD0, 0x00, 0x0B, 0xFF,
    0x00, 0x00, 0xBF, 0xF0, 0x00, 0x03, 0xFF, 0xC0, 0x00, 0x3F, 0xFC, 0x00, 0x00, 0xFF, 0xE0, 0x00,
    0x0F, 0xFF, 0x00, 0x00, 0x7F, 0xF4, 0x00, 0x03, 0xFF, 0x80, 0x00, 0x1F, 0xFC, 0x00, 0x01, 0xFF,
    0xD0, 0x00, 0x0B, 0xFF, 0x00, 0x00, 0xBF, 0xF0, 0x00, 0x03, 0xFF, 0xC0, 0x00, 0x3F, 0xFC, 0x00,
    0x00, 0xFF, 0xE0, 0x00, 0x0F, 0xFE, 0x00, 0x00, 0x7F, 0xF4, 0x00, 0x03, 0xFF, 0x80, 0x00, 0x2F,
    0xFC, 0x00, 0x01, 0xFF, 0xD0, 0x00, 0x0B, 0xFF, 0x00, 0x00, 0xBF, 0xF0, 0x00, 0x03, 0xFF, 0x80,
    0x00, 0x3F, 0xFC, 0x00, 0x00, 0x00, 0x07, 0xFF, 0x00, 0x00, 0x00, 0x02, 0xFF, 0xC0, 0x00, 0x00,
    0x00, 0xFF, 0xE0, 0x00, 0x00, 0x0F, 0xFF, 0xFF, 0xFF, 0x00, 0x03, 0xFF, 0xFF, 0xFF, 0xC0, 0x01,
    0xFF, 0xFF, 0xFF, 0xE0, 0x00, 0xBF, 0xFF, 0xFF, 0xF4, 0x00, 0x00, 0xFF, 0xE0, 0x00, 0x00, 0x00,
    0x3F, 0xF4, 0x00, 0x00, 0x00, 0x0F, 0xFC, 0x1F, 0xF8, 0x00, 0x07, 0xFF, 0x3F, 0xFF, 0xC0, 0x02,
    0xFF, 0xBF, 0xFF, 0xFC, 0x00, 0xFF, 0xFF, 0xFF, 0xFF, 0x00, 0x3F, 0xFF, 0xEB, 0xFF, 0xD0, 0x1F,
    0xFF, 0xC0, 0x7F, 0xF4, 0x07, 0xFF, 0xC0, 0x0F, 0xFD, 0x02, 0xFF, 0xD0, 0x03, 0xFF, 0x40, 0xFF,
    0xF0, 0x00, 0xFF, 0xC0, 0x3F, 0xF8, 0x00, 0x7F, 0xF0, 0x1F, 0xFD, 0x00, 0x2F, 0xFC, 0x0B, 0xFF,
    0x00, 0x0F, 0xFE, 0x02, 0xFF, 0xC0, 0x03, 0xFF, 0x40, 0xFF, 0xE0, 0x01, 0xFF, 0xC0, 0x3F, 0xF4,
    0x00, 0x7F, 0xF0, 0x1F, 0xFC, 0x00, 0x2F, 0xFC, 0x0B, 0xFF, 0x00, 0x0F, 0xFE, 0x03, 0xFF, 0x80,
    0x03, 0xFF, 0x40, 0xFF, 0xE0, 0x01, 0xFF, 0xC0, 0x3F, 0xF4, 0x00, 0xBF, 0xF0, 0x00, 0x00, 0x00,
    0x2A, 0x40, 0x0B, 0xC0, 0x00, 0x1F, 0xFF, 0x42, 0xFC, 0x00, 0x03, 0xFF, 0xFF, 0xFF, 0x40, 0x00,
    0xBF, 0xFF, 0xFF, 0xF0, 0x00, 0x0F, 0xD1, 0xFF, 0xFC, 0x00, 0x00, 0xF8, 0x01, 0xBE, 0x00, 0x00,
    0x00, 0x00, 0x00, 0x00, 0x00, 0x00, 0x00, 0x00, 0x00, 0x00, 0x00, 0x0B, 0xFF, 0xFF, 0xF4, 0x00,
    0x00, 0xBF, 0xFF, 0xFF, 0x00, 0x00, 0x0F, 0xFF, 0xFF, 0xF0, 0x00, 0x00, 0xBF, 0xFF, 0xFD, 0x00,
    0x00, 0x00, 0xBF, 0xF8, 0x00, 0x00, 0x00, 0x07, 0xFF, 0x00, 0x00, 0x00, 0x00, 0xBF, 0xF0, 0x00,
    0x00, 0x00, 0x0F, 0xFE, 0x00, 0x00, 0x00, 0x00, 0xFF, 0xD0, 0x00, 0x00, 0x00, 0x1F, 0xFD, 0x00,
    0x00, 0x00, 0x02, 0xFF, 0xC0, 0x00, 0x00, 0x00, 0x2F, 0xFC, 0x00, 0x00, 0x00, 0x03, 0xFF, 0x80,
    0x00, 0x00, 0x00, 0x3F, 0xF4, 0x00, 0x00, 0x00, 0x07, 0xFF, 0x00, 0x00, 0x00, 0x00, 0xBF, 0xF0,
    0x00, 0x00, 0x00, 0x0F, 0xFF, 0x00, 0x00, 0x00, 0x00, 0xFF, 0xE0, 0x00, 0x00, 0x00, 0x0F, 0xFD,
    0x00, 0x00, 0x00, 0x01, 0xFF, 0xC0, 0x00, 0x00, 0x00, 0x2F, 0xFC, 0x00, 0x00, 0x00, 0x03, 0xFF,
    0xC0, 0x00, 0x00, 0x00, 0xBF, 0xFD, 0x00, 0x00, 0x00, 0xBF, 0xFF, 0xFC, 0x00, 0x00, 0x2F, 0xFF,
    0xFF, 0xD0, 0x00, 0x03, 0xFF, 0xFF, 0xFC, 0x00, 0x00, 0x3F, 0xFF, 0xFF, 0xC0, 0x00, 0x00, 0x00,
    0x6A, 0x00, 0x1F, 0x40, 0xBF, 0xF8, 0x0F, 0xD0, 0xBF, 0xFF, 0xFF, 0xF0, 0x3F, 0xFF, 0xFF, 0xF4,
    0x1F, 0xC2, 0xFF, 0xF8, 0x0B, 0xC0, 0x0B, 0xF4, 0x00, 0x00, 0x00, 0x00, 0x00, 0x00, 0x00, 0x00,
    0x00, 0x00, 0x3F, 0xF8, 0x00, 0x00, 0x1F, 0xFD, 0x00, 0x00, 0x0B, 0xFF, 0x00, 0x00, 0x02, 0xFF,
    0xC0, 0x00, 0x00, 0xFF, 0xE0, 0x00, 0x00, 0x3F, 0xF8, 0x00, 0x00, 0x1F, 0xFD, 0x00, 0x00, 0x0B,
    0xFF, 0x00, 0x00, 0x03, 0xFF, 0xC0, 0x00, 0x00, 0xFF, 0xE0, 0x00, 0x00, 0x3F, 0xF4, 0x00, 0x00,
    0x1F, 0xFD, 0x00, 0x00, 0x0B, 0xFF, 0x00, 0x00, 0x03, 0xFF, 0xC0, 0x00, 0x00, 0xFF, 0xE0, 0x00,
    0x00, 0x3F, 0xF4, 0x00, 0x00, 0x1F, 0xFC, 0x00, 0x00, 0x0B, 0xFF, 0x00, 0x00, 0x03, 0xFF, 0xC0,
    0x00, 0x00, 0xFF, 0xE0, 0x00, 0x00, 0x3F, 0xF4, 0x00, 0x00, 0x00, 0x00, 0x00, 0xFF, 0xFF, 0xFC,
    0x00, 0x01, 0xFF, 0xFF, 0xFC, 0x00, 0x02, 0xFF, 0xFF, 0xFC, 0x00, 0x03, 0xFF, 0xFF, 0xF8, 0x00,
    0x00, 0x00, 0x00, 0x00, 0x00, 0x00, 0x00, 0x00, 0x00, 0x00, 0x0B, 0xFF, 0xFF, 0xF4, 0x00, 0x0B,
    0xFF, 0xFF, 0xF0, 0x00, 0x0F, 0xFF, 0xFF, 0xF0, 0x00, 0x0B, 0xFF, 0xFF, 0xD0, 0x00, 0x00, 0xBF,
    0xF8, 0x00, 0x00, 0x00, 0x7F, 0xF0, 0x00, 0x00, 0x00, 0xBF, 0xF0, 0x00, 0x00, 0x00, 0xFF, 0xE0,
    0x00, 0x00, 0x00, 0xFF, 0xD0, 0x00, 0x00, 0x01, 0xFF, 0xD0, 0x00, 0x00, 0x02, 0xFF, 0xC0, 0x00,
    0x00, 0x02, 0xFF, 0xC0, 0x00, 0x00, 0x03, 0xFF, 0x80, 0x00, 0x00, 0x03, 0xFF, 0x40, 0x00, 0x00,
    0x07, 0xFF, 0x00, 0x00, 0x00, 0x0B, 0xFF, 0x00, 0x00, 0x00, 0x0F, 0xFF, 0x00, 0x00, 0x00, 0x0F,
    0xFE, 0x00, 0x00, 0x00, 0x0F, 0xFD, 0x00, 0x00, 0x00, 0x1F, 0xFC, 0x00, 0x00, 0x00, 0x2F, 0xFC,
    0x00, 0x00, 0x00, 0x3F, 0xFC, 0x00, 0x00, 0x00, 0xBF, 0xFD, 0x00, 0x00, 0x0B, 0xFF, 0xFF, 0xC0,
    0x00, 0x2F, 0xFF, 0xFF, 0xD0, 0x00, 0x3F, 0xFF, 0xFF, 0xC0, 0x00, 0x3F, 0xFF, 0xFF, 0xC0, 0x00,
    0x03, 0xFF, 0xFF, 0xF4, 0x0F, 0xFF, 0xFF, 0xC0, 0x7F, 0xFF, 0xFF, 0x02, 0xFF, 0xFF, 0xFC, 0x00,
    0x00, 0x00, 0x00, 0x00, 0x00, 0x00, 0x00, 0x03, 0xFF, 0x80, 0x00, 0x1F, 0xFD, 0x00, 0x00, 0xBF,
    0xF0, 0x00, 0x02, 0xFF, 0xC0, 0x00, 0x0F, 0xFE, 0x00, 0x00, 0x3F, 0xF8, 0x00, 0x01, 0xFF, 0xD0,
    0x00, 0x0B, 0xFF, 0x00, 0x00, 0x3F, 0xFC, 0x00, 0x00, 0xFF, 0xE0, 0x00, 0x03, 0xFF, 0x40, 0x00,
    0x1F, 0xFD, 0x00, 0x00, 0xBF, 0xF0, 0x00, 0x03, 0xFF, 0xC0, 0x00, 0x0F, 0xFE, 0x00, 0x00, 0x3F,
    0xF4, 0x00, 0x01, 0xFF, 0xC0, 0x00, 0x0B, 0xFF, 0x00, 0x00, 0x3F, 0xFC, 0x00, 0x00, 0xFF, 0xE0,
    0x00, 0x03, 0xFF, 0x40, 0x00, 0x00, 0x00, 0x02, 0xA0, 0x00, 0x2A, 0x00, 0x00, 0xFD, 0x00, 0x2F,
    0xC0, 0x00, 0x3F, 0xD0, 0x2F, 0xE0, 0x00, 0x0F, 0xFF, 0xFF, 0xF0, 0x00, 0x01, 0xFF, 0xFF, 0xF8,
    0x00, 0x00, 0x2F, 0xFF, 0xF8, 0x00, 0x00, 0x01, 0xBF, 0xE0, 0x00, 0x00, 0x00, 0x00, 0x00, 0x00,
    0x00, 0x00, 0x00, 0x00, 0x00, 0x00, 0x02, 0xFF, 0xFF, 0xFD, 0x00, 0x00, 0xBF, 0xFF, 0xFF, 0x00,
    0x00, 0x3F, 0xFF, 0xFF, 0xC0, 0x00, 0x0B, 0xFF, 0xFF, 0xD0, 0x00, 0x00, 0x2F, 0xFE, 0x00, 0x00,
    0x00, 0x07, 0xFF, 0x00, 0x00, 0x00, 0x02, 0xFF, 0xC0, 0x00, 0x00, 0x00, 0xFF, 0xE0, 0x00, 0x00,
    0x00, 0x3F, 0xF4, 0x00, 0x00, 0x00, 0x1F, 0xFD, 0x00, 0x00, 0x00, 0x0B, 0xFF, 0x00, 0x00, 0x00,
    0x02, 0xFF, 0xC0, 0x00, 0x00, 0x00, 0xFF, 0xE0, 0x00, 0x00, 0x00, 0x3F, 0xF4, 0x00, 0x00, 0x00,
    0x1F, 0xFC, 0x00, 0x00, 0x00, 0x0B, 0xFF, 0x00, 0x00, 0x00, 0x03, 0xFF, 0xC0, 0x00, 0x00, 0x00,
    0xFF, 0xE0, 0x00, 0x00, 0x00, 0x3F, 0xF4, 0x00, 0x00, 0x00, 0x1F, 0xFC, 0x00, 0x00, 0x00, 0x0B,
    0xFF, 0x00, 0x00, 0x00, 0x03, 0xFF, 0xC0, 0x00, 0x00, 0x02, 0xFF, 0xF4, 0x00, 0x00, 0x0B, 0xFF,
    0xFF, 0xC0, 0x00, 0x0B, 0xFF, 0xFF, 0xF4, 0x00, 0x03, 0xFF, 0xFF, 0xFC, 0x00, 0x00, 0xFF, 0xFF,
    0xFF, 0x00, 0x00, 0x0B, 0xE0, 0x00, 0xFD, 0x0B, 0xF4, 0x07, 0xFC, 0x07, 0xFF, 0xFF, 0xFC, 0x03,
    0xFF, 0xFF, 0xF0, 0x00, 0xFF, 0xFF, 0xD0, 0x00, 0x2F, 0xF9, 0x00, 0x00, 0x00, 0x00, 0x00, 0x00,
    0x00, 0x00, 0x00, 0x00, 0x3F, 0xF8, 0x00, 0x00, 0x7F, 0xF4, 0x00, 0x00, 0xBF, 0xF0, 0x00, 0x00,
    0xBF, 0xF0, 0x00, 0x00, 0xFF, 0xE0, 0x00, 0x00, 0xFF, 0xE0, 0x00, 0x01, 0xFF, 0xD0, 0x00, 0x02,
    0xFF, 0xC0, 0x00, 0x03, 0xFF, 0xC0, 0x00, 0x03, 0xFF, 0x80, 0x00, 0x03, 0xFF, 0x40, 0x00, 0x07,
    0xFF, 0x40, 0x00, 0x0B, 0xFF, 0x00, 0x00, 0x0F, 0xFF, 0x00, 0x00, 0x0F, 0xFE, 0x00, 0x00, 0x0F,
    0xFD, 0x00, 0x00, 0x1F, 0xFC, 0x00, 0x00, 0x2F, 0xFC, 0x00, 0x00, 0x3F, 0xFC, 0x00, 0x00, 0x3F,
    0xF8, 0x00, 0x00, 0x3F, 0xF4, 0x00, 0x00, 0x00, 0x0B, 0xFF, 0xFF, 0xF4, 0x00, 0x2F, 0xFF, 0xFF,
    0xC0, 0x00, 0xFF, 0xFF, 0xFF, 0x00, 0x02, 0xFF, 0xFF, 0xF4, 0x00, 0x00, 0xBF, 0xF8, 0x00, 0x00,
    0x01, 0xFF, 0xC0, 0x00, 0x00, 0x0B, 0xFF, 0x00, 0x00, 0x00, 0x3F, 0xF8, 0x00, 0x00, 0x00, 0xFF,
    0xD0, 0x00, 0x00, 0x07, 0xFF, 0x40, 0x00, 0x00, 0x2F, 0xFC, 0x00, 0x00, 0x00, 0xBF, 0xF0, 0x00,
    0x00, 0x03, 0xFF, 0x80, 0x00, 0x00, 0x0F, 0xFD, 0x00, 0x00, 0x00, 0x7F, 0xF0, 0x00, 0x00, 0x02,
    0xFF, 0xC0, 0x00, 0x00, 0x0F, 0xFF, 0x00, 0x00, 0x00, 0x3F, 0xF8, 0x00, 0x00, 0x00, 0xFF, 0xD0,
    0x00, 0x00, 0x07, 0xFF, 0x00, 0x00, 0x00, 0x2F, 0xFC, 0x00, 0x00, 0x00, 0xFF, 0xF0, 0x00, 0x00,
    0x0B, 0xFF, 0xD0, 0x00, 0x02, 0xFF, 0xFF, 0xF0, 0x00, 0x2F, 0xFF, 0xFF, 0xD0, 0x00, 0xFF, 0xFF,
    0xFF, 0x00, 0x03, 0xFF, 0xFF, 0xFC, 0x00, 0x00, 0x02, 0xFC, 0x00, 0x00, 0x00, 0x3F, 0xC0, 0x00,
    0x00, 0x03, 0xFC, 0x00, 0x00, 0x00, 0x2F, 0xE0, 0x00, 0x00, 0x00, 0xFF, 0x40, 0x00, 0x00, 0x03,
    0xFD, 0x00, 0x00, 0x00, 0x0F, 0xFF, 0xC0, 0x00, 0x00, 0x1F, 0xFF, 0x00, 0x00, 0x00, 0x1F, 0xFC,
    0x00, 0x00, 0x00, 0x00, 0x2F, 0xC0, 0x00, 0x02, 0xFF, 0xC0, 0x00, 0x0F, 0xFF, 0x00, 0x00, 0x3F,
    0xFC, 0x00, 0x00, 0xFF, 0xE0, 0x00, 0x01, 0xFE, 0x00, 0x00, 0x00, 0x00, 0x00, 0x00, 0x00, 0x00,
    0x00, 0x03, 0xFF, 0x80, 0x00, 0x1F, 0xFD, 0x00, 0x00, 0xBF, 0xF0, 0x00, 0x02, 0xFF, 0xC0, 0x00,
    0x0F, 0xFE, 0x00, 0x00, 0x3F, 0xF8, 0x00, 0x01, 0xFF, 0xD0, 0x00, 0x0B, 0xFF, 0x00, 0x00, 0x3F,
    0xFC, 0x00, 0x00, 0xFF, 0xE0, 0x00, 0x03, 0xFF, 0x40, 0x00, 0x1F, 0xFD, 0x00, 0x00, 0xBF, 0xF0,
    0x00, 0x03, 0xFF, 0xC0, 0x00, 0x0F, 0xFE, 0x00, 0x00, 0x3F, 0xF4, 0x00, 0x01, 0xFF, 0xC0, 0x00,
    0x0B, 0xFF, 0x00, 0x00, 0x3F, 0xFC, 0x00, 0x00, 0xFF, 0xE0, 0x00, 0x03, 0xFF, 0x40, 0x00, 0x07,
    0xF8, 0x00, 0x00, 0x7F, 0x80, 0x00, 0x07, 0xFC, 0x00, 0x00, 0x3F, 0xC0, 0x00, 0x01, 0xFF, 0x00,
    0x00, 0x07, 0xFC, 0x00, 0x00, 0x0F, 0xFF, 0xC0, 0x00, 0x2F, 0xFF, 0x00, 0x00, 0x2F, 0xF8, 0x00,
    0x00, 0x00, 0x00, 0x01, 0xFE, 0x00, 0x00, 0x00, 0x0F, 0xFD, 0x00, 0x00, 0x00, 0xBF, 0xF8, 0x00,
    0x00, 0x02, 0xFF, 0xD0, 0x00, 0x00, 0x07, 0xFF, 0x00, 0x00, 0x00, 0x0B, 0xF0, 0x00, 0x00, 0x00,
    0x00, 0x00, 0x00, 0x00, 0x00, 0x00, 0x00, 0x00, 0x0B, 0xFF, 0xFF, 0xF4, 0x00, 0x2F, 0xFF, 0xFF,
    0xC0, 0x00, 0xFF, 0xFF, 0xFF, 0x00, 0x02, 0xFF, 0xFF, 0xF4, 0x00, 0x00, 0xBF, 0xF8, 0x00, 0x00,
    0x01, 0xFF, 0xC0, 0x00, 0x00, 0x0B, 0xFF, 0x00, 0x00, 0x00, 0x3F, 0xF8, 0x00, 0x00, 0x00, 0xFF,
    0xD0, 0x00, 0x00, 0x07, 0xFF, 0x40, 0x00, 0x00, 0x2F, 0xFC, 0x00, 0x00, 0x00, 0xBF, 0xF0, 0x00,
    0x00, 0x03, 0xFF, 0x80, 0x00, 0x00, 0x0F, 0xFD, 0x00, 0x00, 0x00, 0x7F, 0xF0, 0x00, 0x00, 0x02,
    0xFF, 0xC0, 0x00, 0x00, 0x0F, 0xFF, 0x00, 0x00, 0x00, 0x3F, 0xF8, 0x00, 0x00, 0x00, 0xFF, 0xD0,
    0x00, 0x00, 0x07, 0xFF, 0x00, 0x00, 0x00, 0x2F, 0xFC, 0x00, 0x00, 0x00, 0xFF, 0xF0, 0x00, 0x00,
    0x0B, 0xFF, 0xD0, 0x00, 0x02, 0xFF, 0xFF, 0xF0, 0x00, 0x2F, 0xFF, 0xFF, 0xD0, 0x00, 0xFF, 0xFF,
    0xFF, 0x00, 0x03, 0xFF, 0xFF, 0xFC, 0x00, 0x00, 0x00, 0x3F, 0xF8, 0x01, 0xFF, 0xD0, 0x0B, 0xFF,
    0x00, 0x2F, 0xFC, 0x00, 0xFF, 0xE0, 0x03, 0xFF, 0x80, 0x1F, 0xFD, 0x00, 0xBF, 0xF0, 0x03, 0xFF,
    0xC0, 0x0F, 0xFE, 0x00, 0x3F, 0xF4, 0x01, 0xFF, 0xD0, 0x0B, 0xFF, 0x00, 0x3F, 0xFC, 0x00, 0xFF,
    0xE0, 0x03, 0xFF, 0x40, 0x1F, 0xFC, 0x00, 0xBF, 0xF0, 0x03, 0xFF, 0xC0, 0x0F, 0xFE, 0x00, 0x3F,
    0xF4, 0x00, 0x00, 0x0B, 0xFF, 0xFF, 0xF4, 0x02, 0xFF, 0xC0, 0x00, 0xBF, 0xFF, 0xFF, 0x00, 0x3F,
    0xFC, 0x00, 0x0F, 0xFF, 0xFF, 0xF0, 0x03, 0xFF, 0x80, 0x00, 0xBF, 0xFF, 0xFD, 0x00, 0x7F, 0xF4,
    0x00, 0x00, 0xBF, 0xF8, 0x00, 0x07, 0xFF, 0x00, 0x00, 0x07, 0xFF, 0x00, 0x00, 0xBF, 0xF0, 0x00,
    0x00, 0xBF, 0xF0, 0x00, 0x0F, 0xFE, 0x00, 0x00, 0x0F, 0xFE, 0x00, 0x00, 0xFF, 0xE0, 0x00, 0x00,
    0xFF, 0xD0, 0x00, 0x1F, 0xFD, 0x00, 0x00, 0x1F, 0xFD, 0x00, 0x02, 0xFF, 0xC0, 0x00, 0x02, 0xFF,
    0xC0, 0x00, 0x3F, 0xFC, 0x00, 0x00, 0x2F, 0xFC, 0x00, 0x03, 0xFF, 0x80, 0x00, 0x03, 0xFF, 0x80,
    0x00, 0x3F, 0xF4, 0x00, 0x00, 0x3F, 0xF4, 0x00, 0x07, 0xFF, 0x40, 0x00, 0x07, 0xFF, 0x00, 0x00,
    0xBF, 0xF0, 0x00, 0x00, 0xBF, 0xF0, 0x00, 0x0F, 0xFF, 0x00, 0x00, 0x0F, 0xFF, 0x00, 0x00, 0xFF,
    0xE0, 0x00, 0x00, 0xFF, 0xE0, 0x00, 0x0F, 0xFD, 0x00, 0x00, 0x0F, 0xFD, 0x00, 0x01, 0xFF, 0xC0,
    0x00, 0x01, 0xFF, 0xC0, 0x00, 0x2F, 0xFC, 0x00, 0x00, 0x2F, 0xFC, 0x00, 0x03, 0xFF, 0xC0, 0x00,
    0x03, 0xFF, 0xC0, 0x00, 0x3F, 0xF8, 0x00, 0x00, 0xBF, 0xFD, 0x00, 0x07, 0xFF, 0x40, 0x00, 0xBF,
    0xFF, 0xFC, 0x00, 0xBF, 0xF0, 0x00, 0x2F, 0xFF, 0xFF, 0xD0, 0x0B, 0xFF, 0x00, 0x03, 0xFF, 0xFF,
    0xFC, 0x00, 0xFF, 0xE0, 0x00, 0x3F, 0xFF, 0xFF, 0xC0, 0x0F, 0xFE, 0x00, 0x00, 0x00, 0x00, 0x00,
    0x01, 0xFF, 0xD0, 0x00, 0x00, 0x00, 0x00, 0x00, 0x3F, 0xFC, 0x00, 0x00, 0x00, 0x00, 0x00, 0x0B,
    0xFF, 0x80, 0x00, 0x00, 0x00, 0x07, 0xAB, 0xFF, 0xF0, 0x00, 0x00, 0x00, 0x00, 0xBF, 0xFF, 0xFE,
    0x00, 0x00, 0x00, 0x00, 0x0B, 0xFF, 0xFF, 0xC0, 0x00, 0x00, 0x00, 0x00, 0xBF, 0xFF, 0xE0, 0x00,
    0x00, 0x00, 0x00, 0x07, 0xFF, 0xE0, 0x00, 0x00, 0x00, 0x00, 0x02, 0xFC, 0x00, 0x07, 0xF4, 0x00,
    0x0B, 0xFF, 0x00, 0x1F, 0xFC, 0x00, 0x0F, 0xFF, 0x00, 0x2F, 0xFD, 0x00, 0x0F, 0xFF, 0x00, 0x3F,
    0xFC, 0x00, 0x0F, 0xFE, 0x00, 0x2F, 0xFC, 0x00, 0x07, 0xF8, 0x00, 0x0B, 0xE0, 0x00, 0x00, 0x00,
    0x00, 0x00, 0x00, 0x00, 0x00, 0x00, 0x00, 0x00, 0x00, 0x00, 0x3F, 0xF8, 0x00, 0xFF, 0xF0, 0x00,
    0x7F, 0xF4, 0x00, 0xFF, 0xE0, 0x00, 0xBF, 0xF0, 0x00, 0xFF, 0xD0, 0x00, 0xBF, 0xF0, 0x01, 0xFF,
    0xC0, 0x00, 0xFF, 0xE0, 0x02, 0xFF, 0xC0, 0x00, 0xFF, 0xE0, 0x03, 0xFF, 0xC0, 0x01, 0xFF, 0xD0,
    0x03, 0xFF, 0x80, 0x02, 0xFF, 0xC0, 0x07, 0xFF, 0x40, 0x03, 0xFF, 0xC0, 0x07, 0xFF, 0x00, 0x03,
    0xFF, 0x80, 0x0B, 0xFF, 0x00, 0x03, 0xFF, 0x40, 0x0F, 0xFE, 0x00, 0x07, 0xFF, 0x40, 0x0F, 0xFE,
    0x00, 0x0B, 0xFF, 0x00, 0x1F, 0xFD, 0x00, 0x0F, 0xFF, 0x00, 0x2F, 0xFC, 0x00, 0x0F, 0xFE, 0x00,
    0x2F, 0xFC, 0x00, 0x0F, 0xFD, 0x00, 0x3F, 0xF8, 0x00, 0x1F, 0xFC, 0x00, 0x3F, 0xF4, 0x00, 0x2F,
    0xFC, 0x00, 0x7F, 0xF4, 0x00, 0x3F, 0xFC, 0x00, 0xBF, 0xF0, 0x00, 0x3F, 0xF8, 0x00, 0xFF, 0xF0,
    0x00, 0x3F, 0xF4, 0x00, 0xFF, 0xE0, 0x00, 0x00, 0x00, 0x00, 0xFF, 0xD0, 0x00, 0x00, 0x00, 0x01,
    0xFF, 0xC0, 0x00, 0x00, 0x00, 0x02, 0xFF, 0xC0, 0x00, 0x00, 0x00, 0x07, 0xFF, 0x80, 0x00, 0x00,
    0x06, 0xAF, 0xFF, 0x40, 0x00, 0x00, 0x0B, 0xFF, 0xFF, 0x00, 0x00, 0x00, 0x0B, 0xFF, 0xFC, 0x00,
    0x00, 0x00, 0x0B, 0xFF, 0xF4, 0x00, 0x00, 0x00, 0x07, 0xFF, 0x80, 0x00, 0x00, 0x00, 0x00, 0x00,
    0x1F, 0xFF, 0x40, 0x00, 0x00, 0x00, 0x7F, 0xFF, 0xC0, 0x00, 0x00, 0x01, 0xFF, 0xFF, 0xD0, 0x00,
    0x00, 0x07, 0xFE, 0x2F, 0xF0, 0x00, 0x00, 0x1F, 0xF8, 0x0F, 0xF8, 0x00, 0x00, 0x7F, 0xD0, 0x03,
    0xFD, 0x00, 0x00, 0x00, 0x00, 0x00, 0x00, 0x00, 0x00, 0x00, 0x00, 0x00, 0x00, 0x00, 0x00, 0x00,
    0x3F, 0xF8, 0x00, 0x00, 0x00, 0x00, 0x3F, 0xF4, 0x00, 0x00, 0x00, 0x00, 0x7F, 0xF0, 0x00, 0x00,
    0x00, 0x00, 0xBF, 0xF0, 0x00, 0x00, 0x00, 0x00, 0xFF, 0xF0, 0x00, 0x00, 0x00, 0x00, 0xFF, 0xE0,
    0x00, 0x00, 0x00, 0x01, 0xFF, 0xD0, 0x00, 0x00, 0x00, 0x01, 0xFF, 0xC0, 0x00, 0x00, 0x00, 0x02,
    0xFF, 0xC0, 0x00, 0x00, 0x00, 0x03, 0xFF, 0x80, 0x00, 0x00, 0x00, 0x03, 0xFF, 0x80, 0x00, 0x00,
    0x00, 0x07, 0xFF, 0x40, 0x00, 0x00, 0x00, 0x0B, 0xFF, 0x00, 0x00, 0x00, 0x00, 0x0F, 0xFF, 0x00,
    0x00, 0x00, 0x00, 0x0F, 0xFE, 0x00, 0x00, 0x00, 0x00, 0x0F, 0xFD, 0x00, 0x00, 0x00, 0x00, 0x1F,
    0xFD, 0x00, 0x00, 0x00, 0x00, 0x2F, 0xFC, 0x00, 0x00, 0x00, 0x00, 0x3F, 0xFC, 0x00, 0x00, 0x00,
    0x00, 0x3F, 0xF8, 0x00, 0x00, 0x00, 0x00, 0x3F, 0xF4, 0x00, 0x00, 0x00, 0x00, 0x7F, 0xF0, 0x00,
    0x00, 0x00, 0x00, 0xBF, 0xF0, 0x00, 0x00, 0x00, 0x00, 0xFF, 0xF0, 0x00, 0x00, 0x00, 0x00, 0xFF,
    0xE0, 0x00, 0x00, 0x00, 0x01, 0xFF, 0xD0, 0x00, 0x00, 0x00, 0x02, 0xFF, 0xC0, 0x00, 0x00, 0x00,
    0x03, 0xFF, 0xC0, 0x00, 0x00, 0x00, 0x07, 0xFF, 0x80, 0x00, 0x00, 0x00, 0x0F, 0xFF, 0x00, 0x00,
    0x00, 0xEA, 0xBF, 0xFF, 0x00, 0x00, 0x00, 0xFF, 0xFF, 0xFC, 0x00, 0x00, 0x00, 0xFF, 0xFF, 0xF4,
    0x00, 0x00, 0x00, 0xFF, 0xFF, 0xD0, 0x00, 0x00, 0x00, 0xBF, 0xF9, 0x00, 0x00, 0x00, 0x00, 0x00,
    0x00, 0x07, 0xFF, 0xD0, 0x00, 0x00, 0x07, 0xFF, 0xFC, 0x00, 0x00, 0x07, 0xFF, 0xFF, 0x40, 0x00,
    0x07, 0xFE, 0x2F, 0xF0, 0x00, 0x07, 0xFE, 0x03, 0xFE, 0x00, 0x07, 0xFC, 0x00, 0x3F, 0xD0, 0x00,
    0x00, 0x00, 0x00, 0x00, 0x00, 0x00, 0x00, 0x00, 0x00, 0x00, 0x00, 0x0F, 0xFE, 0x00, 0x00, 0x00,
    0x03, 0xFF, 0x40, 0x00, 0x00, 0x01, 0xFF, 0xC0, 0x00, 0x00, 0x00, 0xBF, 0xF0, 0x00, 0x00, 0x00,
    0x3F, 0xFC, 0x00, 0x00, 0x00, 0x0F, 0xFE, 0x00, 0x00, 0x00, 0x07, 0xFF, 0x40, 0x00, 0x00, 0x01,
    0xFF, 0xC0, 0x00, 0x00, 0x00, 0xBF, 0xF0, 0x00, 0x00, 0x00, 0x3F, 0xF8, 0x00, 0x00, 0x00, 0x0F,
    0xFE, 0x00, 0x00, 0x00, 0x07, 0xFF, 0x40, 0x00, 0x00, 0x02, 0xFF, 0xC0, 0x00, 0x00, 0x00, 0xBF,
    0xF0, 0x00, 0x00, 0x00, 0x3F, 0xF8, 0x00, 0x00, 0x00, 0x0F, 0xFD, 0x00, 0x00, 0x00, 0x07, 0xFF,
    0x40, 0x00, 0x00, 0x02, 0xFF, 0xC0, 0x00, 0x00, 0x00, 0xFF, 0xF0, 0x00, 0x00, 0x00, 0x3F, 0xF8,
    0x00, 0x00, 0x00, 0x0F, 0xFD, 0x00, 0x00, 0x00, 0x07, 0xFF, 0x00, 0x00, 0x00, 0x02, 0xFF, 0xC0,
    0x00, 0x00, 0x00, 0xFF, 0xF0, 0x00, 0x00, 0x00, 0xBF, 0xF8, 0x00, 0x00, 0x2A, 0xFF, 0xFC, 0x00,
    0x00, 0x0F, 0xFF, 0xFE, 0x00, 0x00, 0x03, 0xFF, 0xFF, 0x00, 0x00, 0x00, 0xFF, 0xFF, 0x00, 0x00,
    0x00, 0x2F, 0xFD, 0x00, 0x00, 0x00, 0x00, 0x00, 0x07, 0xFF, 0x00, 0x02, 0xFF, 0xF0, 0x00, 0x2F,
    0xFC, 0x00, 0x1F, 0xFF, 0x00, 0x00, 0xFF, 0xE0, 0x00, 0xFF, 0xF4, 0x00, 0x03, 0xFF, 0x40, 0x0F,
    0xFF, 0x40, 0x00, 0x1F, 0xFD, 0x00, 0xFF, 0xF8, 0x00, 0x00, 0xBF, 0xF0, 0x0B, 0xFF, 0xC0, 0x00,
    0x02, 0xFF, 0xC0, 0xBF, 0xFC, 0x00, 0x00, 0x0F, 0xFE, 0x07, 0xFF, 0xC0, 0x00, 0x00, 0x3F, 0xF4,
    0x3F, 0xFD, 0x00, 0x00, 0x01, 0xFF, 0xC3, 0xFF, 0xD0, 0x00, 0x00, 0x0B, 0xFF, 0x2F, 0xFE, 0x00,
    0x00, 0x00, 0x3F, 0xF9, 0xFF, 0xF0, 0x00, 0x00, 0x00, 0xFF, 0xEF, 0xFF, 0x00, 0x00, 0x00, 0x03,
    0xFF, 0xFF, 0xFC, 0x00, 0x00, 0x00, 0x1F, 0xFF, 0xFF, 0xF0, 0x00, 0x00, 0x00, 0xBF, 0xFF, 0xFF,
    0xE0, 0x00, 0x00, 0x03, 0xFF, 0xF7, 0xFF, 0xC0, 0x00, 0x00, 0x0F, 0xFE, 0x0B, 0xFF, 0x40, 0x00,
    0x00, 0x3F, 0xF4, 0x1F, 0xFE, 0x00, 0x00, 0x01, 0xFF, 0xC0, 0x3F, 0xFC, 0x00, 0x00, 0x0B, 0xFF,
    0x00, 0xBF, 0xF4, 0x00, 0x00, 0x3F, 0xF8, 0x00, 0xFF, 0xF0, 0x00, 0x00, 0xFF, 0xD0, 0x03, 0xFF,
    0xC0, 0x00, 0x07, 0xFF, 0x40, 0x0B, 0xFF, 0x80, 0x00, 0x2F, 0xFC, 0x00, 0x0F, 0xFF, 0x00, 0x00,
    0xBF, 0xF0, 0x00, 0x3F, 0xFD, 0x00, 0x03, 0xFF, 0x80, 0x00, 0x7F, 0xF8, 0x00, 0x00, 0x00, 0x00,
    0x00, 0x00, 0x00, 0x00, 0x00, 0x00, 0x00, 0x00, 0x00, 0x00, 0x00, 0x00, 0x07, 0xFF, 0x00, 0x00,
    0x00, 0x00, 0x00, 0x3F, 0xF4, 0x00, 0x00, 0x00, 0x00, 0x01, 0xFF, 0x80, 0x00, 0x00, 0x00, 0x00,
    0x0B, 0xFC, 0x00, 0x00, 0x00, 0x00, 0x00, 0x3F, 0xC0, 0x00, 0x00, 0x00, 0x00, 0x02, 0xFD, 0x00,
    0x00, 0x00, 0x00, 0x00, 0x00, 0x07, 0xFF, 0x00, 0x00, 0x00, 0x00, 0x0B, 0xFF, 0x00, 0x00, 0x00,
    0x00, 0x0F, 0xFE, 0x00, 0x00, 0x00, 0x00, 0x0F, 0xFD, 0x00, 0x00, 0x00, 0x00, 0x0F, 0xFD, 0x00,
    0x00, 0x00, 0x00, 0x1F, 0xFC, 0x00, 0x00, 0x00, 0x00, 0x2F, 0xFC, 0x00, 0x00, 0x00, 0x00, 0x3F,
    0xF8, 0x00, 0x00, 0x00, 0x00, 0x3F, 0xF4, 0x00, 0xBF, 0xF8, 0x00, 0x7F, 0xF0, 0x02, 0xFF, 0xE0,
    0x00, 0x7F, 0xF0, 0x07, 0xFF, 0x80, 0x00, 0xBF, 0xF0, 0x1F, 0xFE, 0x00, 0x00, 0xFF, 0xE0, 0x7F,
    0xFC, 0x00, 0x00, 0xFF, 0xD1, 0xFF, 0xF0, 0x00, 0x01, 0xFF, 0xC3, 0xFF, 0xC0, 0x00, 0x02, 0xFF,
    0xCF, 0xFF, 0x00, 0x00, 0x02, 0xFF, 0xBF, 0xFC, 0x00, 0x00, 0x03, 0xFF, 0xFF, 0xF0, 0x00, 0x00,
    0x03, 0xFF, 0xFF, 0xF4, 0x00, 0x00, 0x07, 0xFF, 0xFF, 0xFC, 0x00, 0x00, 0x0B, 0xFF, 0xFF, 0xFD,
    0x00, 0x00, 0x0F, 0xFF, 0xDF, 0xFF, 0x00, 0x00, 0x0F, 0xFE, 0x0B, 0xFF, 0x40, 0x00, 0x0F, 0xFD,
    0x03, 0xFF, 0xC0, 0x00, 0x1F, 0xFC, 0x03, 0xFF, 0xC0, 0x00, 0x2F, 0xFC, 0x01, 0xFF, 0xE0, 0x00,
    0x3F, 0xF8, 0x00, 0xFF, 0xF0, 0x00, 0x3F, 0xF4, 0x00, 0xBF, 0xF8, 0x00, 0x3F, 0xF4, 0x00, 0x3F,
    0xFC, 0x00, 0x00, 0x00, 0x00, 0x00, 0x00, 0x00, 0x00, 0x00, 0x00, 0x00, 0x00, 0x00, 0x00, 0x0B,
    0xFF, 0x00, 0x00, 0x00, 0x00, 0x0F, 0xFD, 0x00, 0x00, 0x00, 0x00, 0x1F, 0xF8, 0x00, 0x00, 0x00,
    0x00, 0x2F, 0xF0, 0x00, 0x00, 0x00, 0x00, 0x3F, 0xC0, 0x00, 0x00, 0x00, 0x00, 0xBF, 0x40, 0x00,
    0x00, 0x00, 0x00, 0x3F, 0xF4, 0x00, 0xBF, 0xF8, 0x00, 0x7F, 0xF0, 0x02, 0xFF, 0xE0, 0x00, 0x7F,
    0xF0, 0x07, 0xFF, 0x80, 0x00, 0xBF, 0xF0, 0x1F, 0xFE, 0x00, 0x00, 0xFF, 0xE0, 0x7F, 0xFC, 0x00,
    0x00, 0xFF, 0xD1, 0xFF, 0xF0, 0x00, 0x01, 0xFF, 0xC3, 0xFF, 0xC0, 0x00, 0x02, 0xFF, 0xCF, 0xFF,
    0x00, 0x00, 0x02, 0xFF, 0xBF, 0xFC, 0x00, 0x00, 0x03, 0xFF, 0xFF, 0xF0, 0x00, 0x00, 0x03, 0xFF,
    0xFF, 0xF4, 0x00, 0x00, 0x07, 0xFF, 0xFF, 0xFC, 0x00, 0x00, 0x0B, 0xFF, 0xFF, 0xFD, 0x00, 0x00,
    0x0F, 0xFF, 0xDF, 0xFF, 0x00, 0x00, 0x0F, 0xFE, 0x0B, 0xFF, 0x40, 0x00, 0x0F, 0xFD, 0x03, 0xFF,
    0xC0, 0x00, 0x1F, 0xFC, 0x03, 0xFF, 0xC0, 0x00, 0x2F, 0xFC, 0x01, 0xFF, 0xE0, 0x00, 0x3F, 0xF8,
    0x00, 0xFF, 0xF0, 0x00, 0x3F, 0xF4, 0x00, 0xBF, 0xF8, 0x00, 0x3F, 0xF4, 0x00, 0x3F, 0xFC, 0x00,
    0x00, 0x00, 0x00, 0xAA, 0xA0, 0x00, 0x00, 0x0B, 0xFF, 0x80, 0x00, 0x00, 0x7F, 0xF8, 0x00, 0x00,
    0x03, 0xFF, 0x40, 0x00, 0x00, 0x2F, 0xF4, 0x00, 0x00, 0x02, 0xFF, 0x00, 0x00, 0x00, 0x0A, 0x90,
    0x00, 0x00, 0x00, 0x00, 0x00, 0x00, 0x00, 0x00, 0x00, 0x00, 0x00, 0x00, 0x1F, 0xFC, 0x00, 0x00,
    0x00, 0xBF, 0xF0, 0x00, 0x00, 0x03, 0xFF, 0x80, 0x00, 0x00, 0x0F, 0xFD, 0x00, 0x00, 0x00, 0x7F,
    0xF4, 0x00, 0x00, 0x02, 0xFF, 0xC0, 0x00, 0x00, 0x0B, 0xFF, 0x00, 0x00, 0x00, 0x3F, 0xF8, 0x00,
    0x00, 0x00, 0xFF, 0xD0, 0x00, 0x00, 0x07, 0xFF, 0x00, 0x00, 0x00, 0x2F, 0xFC, 0x00, 0x00, 0x00,
    0xFF, 0xF0, 0x00, 0x00, 0x03, 0xFF, 0x80, 0x00, 0x00, 0x0F, 0xFD, 0x00, 0x00, 0x00, 0x7F, 0xF0,
    0x00, 0x00, 0x02, 0xFF, 0xC0, 0x00, 0x00, 0x0F, 0xFF, 0x00, 0x00, 0x00, 0x3F, 0xF8, 0x00, 0x00,
    0x00, 0xFF, 0xD0, 0x00, 0x00, 0x07, 0xFF, 0x00, 0x00, 0x00, 0x2F, 0xFC, 0x00, 0x00, 0x00, 0xFF,
    0xE0, 0x00, 0x00, 0x03, 0xFF, 0xEA, 0xAA, 0x90, 0x1F, 0xFF, 0xFF, 0xFF, 0x80, 0xBF, 0xFF, 0xFF,
    0xFD, 0x02, 0xFF, 0xFF, 0xFF, 0xF4, 0x0F, 0xFF, 0xFF, 0xFF, 0xC0, 0x00, 0x00, 0x07, 0xFF, 0xC0,
    0x00, 0x00, 0xFF, 0xF0, 0x00, 0x00, 0x2F, 0xFC, 0x00, 0x00, 0x07, 0xFF, 0x00, 0x00, 0x01, 0xFF,
    0x80, 0x00, 0x00, 0x3F, 0xD0, 0x00, 0x00, 0x00, 0x00, 0x00, 0x00, 0x00, 0x00, 0x00, 0x00, 0x00,
    0x07, 0xFF, 0x00, 0x00, 0x00, 0xBF, 0xF0, 0x00, 0x00, 0x0F, 0xFF, 0x00, 0x00, 0x00, 0xFF, 0xE0,
    0x00, 0x00, 0x0F, 0xFD, 0x00, 0x00, 0x01, 0xFF, 0xC0, 0x00, 0x00, 0x2F, 0xFC, 0x00, 0x00, 0x03,
    0xFF, 0x80, 0x00, 0x00, 0x3F, 0xF8, 0x00, 0x00, 0x07, 0xFF, 0x40, 0x00, 0x00, 0x7F, 0xF0, 0x00,
    0x00, 0x0B, 0xFF, 0x00, 0x00, 0x00, 0xFF, 0xE0, 0x00, 0x00, 0x0F, 0xFD, 0x00, 0x00, 0x01, 0xFF,
    0xD0, 0x00, 0x00, 0x2F, 0xFC, 0x00, 0x00, 0x02, 0xFF, 0xC0, 0x00, 0x00, 0x3F, 0xF8, 0x00, 0x00,
    0x03, 0xFF, 0x40, 0x00, 0x00, 0x7F, 0xF0, 0x00, 0x00, 0x0B, 0xFF, 0x00, 0x00, 0x00, 0xFF, 0xF0,
    0x00, 0x00, 0x0F, 0xFE, 0x00, 0x00, 0x00, 0xFF, 0xD0, 0x00, 0x00, 0x1F, 0xFC, 0x00, 0x00, 0x02,
    0xFF, 0xC0, 0x00, 0x00, 0x3F, 0xFC, 0x00, 0x00, 0x03, 0xFF, 0x80, 0x00, 0x00, 0x7F, 0xF4, 0x00,
    0x00, 0x00, 0x00, 0x07, 0xFF, 0x00, 0x00, 0x02, 0xFF, 0xC0, 0x00, 0x00, 0xFF, 0xE0, 0x00, 0x00,
    0x3F, 0xF4, 0x00, 0x00, 0x1F, 0xFD, 0x00, 0x00, 0x0B, 0xFF, 0x00, 0x00, 0x02, 0xFF, 0xC0, 0x00,
    0x00, 0xFF, 0xE0, 0x00, 0x00, 0x3F, 0xF4, 0x00, 0x00, 0x1F, 0xFC, 0x00, 0x00, 0x0B, 0xFF, 0x00,
    0x00, 0x03, 0xFF, 0xC0, 0x00, 0x00, 0xFF, 0xE0, 0x00, 0x00, 0x3F, 0xF4, 0x00, 0x00, 0x1F, 0xFC,
    0x00, 0x00, 0x0B, 0xFF, 0x00, 0x00, 0x03, 0xFF, 0xC0, 0x00, 0x00, 0xFF, 0xE0, 0x00, 0x00, 0x3F,
    0xF4, 0x00, 0x00, 0x1F, 0xFC, 0x00, 0x00, 0x0B, 0xFF, 0x00, 0x00, 0x03, 0xFF, 0x80, 0x00, 0x00,
    0xFF, 0xFA, 0xAA, 0xA4, 0x7F, 0xFF, 0xFF, 0xFE, 0x2F, 0xFF, 0xFF, 0xFF, 0x4B, 0xFF, 0xFF, 0xFF,
    0xD3, 0xFF, 0xFF, 0xFF, 0xF0, 0x00, 0x00, 0x00, 0x00, 0x00, 0x00, 0x00, 0x00, 0x00, 0x07, 0xFF,
    0x00, 0x00, 0x02, 0xFF, 0x80, 0x00, 0x00, 0xFF, 0xC0, 0x00, 0x00, 0x7F, 0xC0, 0x00, 0x00, 0x3F,
    0xD0, 0x00, 0x00, 0x1F, 0xD0, 0x00, 0x00, 0x00, 0x00, 0x7F, 0xF0, 0x00, 0x02, 0xFF, 0xC0, 0x00,
    0x0F, 0xFF, 0x00, 0x00, 0x3F, 0xF8, 0x00, 0x00, 0xFF, 0xD0, 0x00, 0x07, 0xFF, 0x00, 0x00, 0x2F,
    0xFC, 0x00, 0x00, 0xFF, 0xE0, 0x00, 0x03, 0xFF, 0x80, 0x00, 0x1F, 0xFD, 0x00, 0x00, 0x7F, 0xF0,
    0x00, 0x02, 0xFF, 0xC0, 0x00, 0x0F, 0xFE, 0x00, 0x00, 0x3F, 0xF4, 0x00, 0x01, 0xFF, 0xD0, 0x00,
    0x0B, 0xFF, 0x00, 0x00, 0x2F, 0xFC, 0x00, 0x00, 0xFF, 0xE0, 0x00, 0x03, 0xFF, 0x40, 0x00, 0x1F,
    0xFC, 0x00, 0x00, 0xBF, 0xF0, 0x00, 0x03, 0xFF, 0xC0, 0x00, 0x0F, 0xFE, 0x00, 0x00, 0x3F, 0xF4,
    0x00, 0x01, 0xFF, 0xC0, 0x00, 0x0B, 0xFF, 0x00, 0x00, 0x3F, 0xFC, 0x00, 0x00, 0xFF, 0xE0, 0x00,
    0x07, 0xFF, 0x40, 0x00, 0x00, 0x00, 0x00, 0x00, 0x00, 0x00, 0x00, 0x01, 0xFF, 0xC0, 0x00, 0x0B,
    0xFD, 0x00, 0x00, 0x3F, 0xE0, 0x00, 0x02, 0xFF, 0x00, 0x00, 0x0F, 0xF0, 0x00, 0x00, 0x7F, 0x40,
    0x00, 0x00, 0x00, 0x07, 0xFF, 0x00, 0xFF, 0xD0, 0x00, 0xBF, 0xF0, 0x0F, 0xFC, 0x00, 0x0F, 0xFE,
    0x02, 0xFF, 0x00, 0x00, 0xFF, 0xD0, 0x3F, 0xD0, 0x00, 0x1F, 0xFD, 0x07, 0xF8, 0x00, 0x02, 0xFF,
    0xC0, 0xFE, 0x00, 0x00, 0x2F, 0xFC, 0x00, 0x00, 0x00, 0x03, 0xFF, 0x80, 0x00, 0x00, 0x00, 0x3F,
    0xF4, 0x00, 0x00, 0x00, 0x07, 0xFF, 0x00, 0x00, 0x00, 0x00, 0xBF, 0xF0, 0x00, 0x00, 0x00, 0x0F,
    0xFF, 0x00, 0x00, 0x00, 0x00, 0xFF, 0xE0, 0x00, 0x00, 0x00, 0x0F, 0xFD, 0x00, 0x00, 0x00, 0x01,
    0xFF, 0xC0, 0x00, 0x00, 0x00, 0x2F, 0xFC, 0x00, 0x00, 0x00, 0x03, 0xFF, 0xC0, 0x00, 0x00, 0x00,
    0x3F, 0xF8, 0x00, 0x00, 0x00, 0x03, 0xFF, 0x40, 0x00, 0x00, 0x00, 0x7F, 0xF0, 0x00, 0x00, 0x00,
    0x0B, 0xFF, 0x00, 0x00, 0x00, 0x00, 0xFF, 0xE0, 0x00, 0x00, 0x00, 0x0F, 0xFF, 0xAA, 0xAA, 0x40,
    0x01, 0xFF, 0xFF, 0xFF, 0xF8, 0x00, 0x2F, 0xFF, 0xFF, 0xFF, 0x40, 0x02, 0xFF, 0xFF, 0xFF, 0xF4,
    0x00, 0x3F, 0xFF, 0xFF, 0xFF, 0x00, 0x00, 0x00, 0x07, 0xFF, 0x07, 0xFF, 0x00, 0x0B, 0xFF, 0x0B,
    0xFD, 0x00, 0x0F, 0xFF, 0x0F, 0xF8, 0x00, 0x0F, 0xFE, 0x2F, 0xF0, 0x00, 0x0F, 0xFD, 0x3F, 0xC0,
    0x00, 0x1F, 0xFC, 0x7F, 0x40, 0x00, 0x2F, 0xFC, 0x00, 0x00, 0x00, 0x3F, 0xF8, 0x00, 0x00, 0x00,
    0x3F, 0xF8, 0x00, 0x00, 0x00, 0x7F, 0xF4, 0x00, 0x00, 0x00, 0x7F, 0xF0, 0x00, 0x00, 0x00, 0xBF,
    0xF0, 0x00, 0x00, 0x00, 0xFF, 0xE0, 0x00, 0x00, 0x00, 0xFF, 0xD0, 0x00, 0x00, 0x01, 0xFF, 0xD0,
    0x00, 0x00, 0x02, 0xFF, 0xC0, 0x00, 0x00, 0x02, 0xFF, 0xC0, 0x00, 0x00, 0x03, 0xFF, 0x80, 0x00,
    0x00, 0x03, 0xFF, 0x40, 0x00, 0x00, 0x07, 0xFF, 0x00, 0x00, 0x00, 0x0B, 0xFF, 0x00, 0x00, 0x00,
    0x0F, 0xFF, 0x00, 0x00, 0x00, 0x0F, 0xFE, 0x00, 0x00, 0x00, 0x0F, 0xFD, 0x00, 0x00, 0x00, 0x1F,
    0xFC, 0x00, 0x00, 0x00, 0x2F, 0xFC, 0x00, 0x00, 0x00, 0x3F, 0xFC, 0x00, 0x00, 0x00, 0x3F, 0xF8,
    0x00, 0x00, 0x00, 0x7F, 0xF4, 0x00, 0x00, 0x00, 0x00, 0x07, 0xFF, 0x00, 0x00, 0x00, 0x2F, 0xFC,
    0x00, 0x00, 0x00, 0xFF, 0xE0, 0x00, 0x00, 0x03, 0xFF, 0x40, 0x00, 0x00, 0x1F, 0xFD, 0x00, 0x00,
    0x00, 0xBF, 0xF0, 0x00, 0x00, 0x02, 0xFF, 0xC0, 0x00, 0x00, 0x0F, 0xFE, 0x00, 0x00, 0x00, 0x3F,
    0xF4, 0x00, 0x00, 0x01, 0xFF, 0xC0, 0x00, 0x00, 0x0B, 0xFF, 0x00, 0xBE, 0x00, 0x3F, 0xFC, 0x0F,
    0xFE, 0x00, 0xFF, 0xE0, 0x3F, 0xFC, 0x03, 0xFF, 0x41, 0xFF, 0xF0, 0x1F, 0xFC, 0x03, 0xFF, 0x40,
    0xBF, 0xF0, 0x07, 0xF4, 0x03, 0xFF, 0xC0, 0x00, 0x00, 0x0F, 0xFE, 0x00, 0x00, 0x00, 0x3F, 0xF4,
    0x00, 0x00, 0x01, 0xFF, 0xC0, 0x00, 0x00, 0x0B, 0xFF, 0x00, 0x00, 0x00, 0x3F, 0xF8, 0x00, 0x00,
    0x00, 0xFF, 0xFA, 0xAA, 0xA4, 0x07, 0xFF, 0xFF, 0xFF, 0xE0, 0x2F, 0xFF, 0xFF, 0xFF, 0x40, 0xBF,
    0xFF, 0xFF, 0xFD, 0x03, 0xFF, 0xFF, 0xFF, 0xF0, 0x00, 0x00, 0x07, 0xFF, 0x00, 0x00, 0x00, 0xBF,
    0xF0, 0x00, 0x00, 0x0F, 0xFF, 0x00, 0x00, 0x00, 0xFF, 0xE0, 0x00, 0x00, 0x0F, 0xFD, 0x00, 0x00,
    0x01, 0xFF, 0xC0, 0x00, 0x00, 0x2F, 0xFC, 0x00, 0x00, 0x03, 0xFF, 0x80, 0x00, 0x00, 0x3F, 0xF8,
    0x00, 0x00, 0x07, 0xFF, 0x40, 0x00, 0x00, 0x7F, 0xF0, 0x00, 0x00, 0x0B, 0xFF, 0x00, 0x00, 0x00,
    0xFF, 0xE0, 0x00, 0x00, 0x0F, 0xFD, 0x07, 0xF8, 0x01, 0xFF, 0xD0, 0xFF, 0xD0, 0x2F, 0xFC, 0x1F,
    0xFE, 0x02, 0xFF, 0xC2, 0xFF, 0xD0, 0x3F, 0xF8, 0x1F, 0xFC, 0x03, 0xFF, 0x40, 0xBF, 0x40, 0x7F,
    0xF0, 0x00, 0x00, 0x0B, 0xFF, 0x00, 0x00, 0x00, 0xFF, 0xF0, 0x00, 0x00, 0x0F, 0xFE, 0x00, 0x00,
    0x00, 0xFF, 0xD0, 0x00, 0x00, 0x1F, 0xFC, 0x00, 0x00, 0x02, 0xFF, 0xC0, 0x00, 0x00, 0x3F, 0xFC,
    0x00, 0x00, 0x03, 0xFF, 0x80, 0x00, 0x00, 0x7F, 0xF4, 0x00, 0x00, 0x00, 0x00, 0x01, 0xFF, 0xC0,
    0x00, 0x00, 0x2F, 0xFC, 0x00, 0x00, 0x03, 0xFF, 0x80, 0x00, 0x00, 0x3F, 0xF8, 0x00, 0x00, 0x07,
    0xFF, 0x40, 0x00, 0x00, 0x7F, 0xF0, 0x00, 0x00, 0x0B, 0xFF, 0x00, 0x00, 0x00, 0xFF, 0xE0, 0x00,
    0x00, 0x0F, 0xFD, 0x70, 0x00, 0x01, 0xFF, 0xFF, 0x80, 0x00, 0x2F, 0xFF, 0xFC, 0x00, 0x02, 0xFF,
    0xFF, 0xE0, 0x00, 0x3F, 0xFF, 0xF4, 0x00, 0x1F, 0xFF, 0xF8, 0x00, 0x0F, 0xFF, 0xF8, 0x00, 0x03,
    0xFF, 0xFF, 0x00, 0x00, 0x1F, 0xFF, 0xF0, 0x00, 0x00, 0xFF, 0xFE, 0x00, 0x00, 0x06, 0xFF, 0xD0,
    0x00, 0x00, 0x1F, 0xFC, 0x00, 0x00, 0x02, 0xFF, 0xC0, 0x00, 0x00, 0x3F, 0xF8, 0x00, 0x00, 0x03,
    0xFF, 0xEA, 0xAA, 0x90, 0x3F, 0xFF, 0xFF, 0xFE, 0x07, 0xFF, 0xFF, 0xFF, 0xD0, 0xBF, 0xFF, 0xFF,
    0xFD, 0x0F, 0xFF, 0xFF, 0xFF, 0xC0, 0x00, 0x03, 0xFF, 0x80, 0x00, 0x3F, 0xF4, 0x00, 0x07, 0xFF,
    0x00, 0x00, 0xBF, 0xF0, 0x00, 0x0B, 0xFE, 0x00, 0x00, 0xFF, 0xD0, 0x00, 0x0F, 0xFD, 0x00, 0x01,
    0xFF, 0xC0, 0x00, 0x2F, 0xFC, 0x00, 0x03, 0xFF, 0x80, 0x00, 0x3F, 0xF4, 0x00, 0x03, 0xFF, 0xE0,
    0x00, 0x7F, 0xFF, 0x00, 0x0B, 0xFF, 0xFC, 0x00, 0xFF, 0xFF, 0xC0, 0x3F, 0xFF, 0xE0, 0x2F, 0xFF,
    0xF0, 0x0F, 0xFF, 0xFC, 0x00, 0x7F, 0xFF, 0xC0, 0x03, 0xFF, 0xF8, 0x00, 0x1B, 0xFF, 0x40, 0x00,
    0x7F, 0xF0, 0x00, 0x07, 0xFF, 0x00, 0x00, 0xBF, 0xE0, 0x00, 0x0F, 0xFE, 0x00, 0x00, 0xFF, 0xD0,
    0x00, 0x1F, 0xFC, 0x00, 0x02, 0xFF, 0xC0, 0x00, 0x2F, 0xF8, 0x00, 0x00, 0x00, 0x00, 0x00, 0x00,
    0x03, 0xFF, 0xD0, 0x00, 0x00, 0x00, 0x00, 0x02, 0xFF, 0xD0, 0x00, 0x00, 0x00, 0x00, 0x01, 0xFF,
    0xD0, 0x00, 0x00, 0x00, 0x00, 0x00, 0xFF, 0xC0, 0x00, 0x00, 0x00, 0x00, 0x00, 0xFF, 0xC0, 0x00,
    0x00, 0x00, 0x00, 0x00, 0x7F, 0x80, 0x00, 0x00, 0x00, 0x00, 0x00, 0x00, 0x00, 0x00, 0x00, 0x00,
    0x00, 0x00, 0x00, 0x00, 0x00, 0x00, 0x00, 0x0B, 0xFF, 0xD0, 0x00, 0x02, 0xFF, 0x80, 0x02, 0xFF,
    0xF8, 0x00, 0x00, 0xFF, 0xD0, 0x00, 0xFF, 0xFF, 0x00, 0x00, 0x3F, 0xF0, 0x00, 0x3F, 0xFF, 0xC0,
    0x00, 0x1F, 0xFC, 0x00, 0x1F, 0xFF, 0xF8, 0x00, 0x07, 0xFE, 0x00, 0x0B, 0xFF, 0xFF, 0x00, 0x02,
    0xFF, 0x40, 0x03, 0xFF, 0xFF, 0xC0, 0x00, 0xFF, 0xD0, 0x00, 0xFF, 0xEF, 0xF8, 0x00, 0x3F, 0xF0,
    0x00, 0x3F, 0xE7, 0xFF, 0x00, 0x1F, 0xFC, 0x00, 0x1F, 0xF8, 0xFF, 0xC0, 0x0B, 0xFE, 0x00, 0x0B,
    0xFD, 0x3F, 0xF4, 0x03, 0xFF, 0x40, 0x03, 0xFF, 0x07, 0xFF, 0x00, 0xFF, 0xC0, 0x00, 0xFF, 0xC0,
    0xFF, 0xC0, 0x3F, 0xF0, 0x00, 0x3F, 0xF0, 0x3F, 0xF4, 0x1F, 0xFC, 0x00, 0x1F, 0xF8, 0x0B, 0xFF,
    0x0B, 0xFE, 0x00, 0x0B, 0xFD, 0x00, 0xFF, 0xC3, 0xFF, 0x40, 0x03, 0xFF, 0x40, 0x3F, 0xF4, 0xFF,
    0xC0, 0x00, 0xFF, 0xC0, 0x0B, 0xFF, 0x3F, 0xF0, 0x00, 0x7F, 0xF0, 0x00, 0xFF, 0xDF, 0xF8, 0x00,
    0x1F, 0xF8, 0x00, 0x3F, 0xFF, 0xFE, 0x00, 0x0B, 0xFD, 0x00, 0x0B, 0xFF, 0xFF, 0x40, 0x03, 0xFF,
    0x00, 0x01, 0xFF, 0xFF, 0xC0, 0x00, 0xFF, 0xC0, 0x00, 0x3F, 0xFF, 0xF0, 0x00, 0x7F, 0xF0, 0x00,
    0x0B, 0xFF, 0xF8, 0x00, 0x2F, 0xF8, 0x00, 0x01, 0xFF, 0xFD, 0x00, 0x0F, 0xFD, 0x00, 0x00, 0x3F,
    0xFF, 0x40, 0x03, 0xFF, 0x00, 0x00, 0x0B, 0xFF, 0xC0, 0x00, 0x00, 0x00, 0x00, 0x03, 0xFF, 0xC0,
    0x00, 0x00, 0x00, 0xFF, 0xF4, 0x00, 0x00, 0x00, 0x1F, 0xFD, 0x00, 0x00, 0x00, 0x03, 0xFF, 0x00,
    0x00, 0x00, 0x00, 0xFF, 0xC0, 0x00, 0x00, 0x00, 0x2F, 0xE0, 0x00, 0x00, 0x00, 0x00, 0x00, 0x00,
    0x00, 0x00, 0x00, 0x00, 0x00, 0x00, 0x00, 0x3F, 0xC0, 0x6F, 0xE0, 0x00, 0x07, 0xFC, 0x2F, 0xFF,
    0xD0, 0x00, 0x7F, 0xCB, 0xFF, 0xFF, 0x00, 0x0B, 0xFE, 0xFF, 0xFF, 0xF4, 0x00, 0xFF, 0xFF, 0xAF,
    0xFF, 0x80, 0x0F, 0xFF, 0xC0, 0x3F, 0xF8, 0x01, 0xFF, 0xF4, 0x03, 0xFF, 0x80, 0x2F, 0xFE, 0x00,
    0x3F, 0xF8, 0x02, 0xFF, 0xC0, 0x03, 0xFF, 0x40, 0x3F, 0xFC, 0x00, 0x3F, 0xF4, 0x03, 0xFF, 0x80,
    0x07, 0xFF, 0x00, 0x7F, 0xF0, 0x00, 0xBF, 0xF0, 0x0B, 0xFF, 0x00, 0x0F, 0xFE, 0x00, 0xFF, 0xF0,
    0x00, 0xFF, 0xD0, 0x0F, 0xFE, 0x00, 0x1F, 0xFC, 0x00, 0xFF, 0xD0, 0x01, 0xFF, 0xC0, 0x1F, 0xFC,
    0x00, 0x2F, 0xFC, 0x02, 0xFF, 0xC0, 0x03, 0xFF, 0x80, 0x3F, 0xF8, 0x00, 0x3F, 0xF4, 0x03, 0xFF,
    0x80, 0x07, 0xFF, 0x00, 0x3F, 0xF4, 0x00, 0xBF, 0xF0, 0x00, 0x00, 0x0B, 0xFF, 0xD0, 0x00, 0x02,
    0xFF, 0x80, 0x02, 0xFF, 0xF8, 0x00, 0x00, 0xFF, 0xD0, 0x00, 0xFF, 0xFF, 0x00, 0x00, 0x3F, 0xF0,
    0x00, 0x3F, 0xFF, 0xC0, 0x00, 0x1F, 0xFC, 0x00, 0x1F, 0xFF, 0xF8, 0x00, 0x07, 0xFE, 0x00, 0x0B,
    0xFF, 0xFF, 0x00, 0x02, 0xFF, 0x40, 0x03, 0xFF, 0xFF, 0xC0, 0x00, 0xFF, 0xD0, 0x00, 0xFF, 0xEF,
    0xF8, 0x00, 0x3F, 0xF0, 0x00, 0x3F, 0xE7, 0xFF, 0x00, 0x1F, 0xFC, 0x00, 0x1F, 0xF8, 0xFF, 0xC0,
    0x0B, 0xFE, 0x00, 0x0B, 0xFD, 0x3F, 0xF4, 0x03, 0xFF, 0x40, 0x03, 0xFF, 0x07, 0xFF, 0x00, 0xFF,
    0xC0, 0x00, 0xFF, 0xC0, 0xFF, 0xC0, 0x3F, 0xF0, 0x00, 0x3F, 0xF0, 0x3F, 0xF4, 0x1F, 0xFC, 0x00,
    0x1F, 0xF8, 0x0B, 0xFF, 0x0B, 0xFE, 0x00, 0x0B, 0xFD, 0x00, 0xFF, 0xC3, 0xFF, 0x40, 0x03, 0xFF,
    0x40, 0x3F, 0xF4, 0xFF, 0xC0, 0x00, 0xFF, 0xC0, 0x0B, 0xFF, 0x3F, 0xF0, 0x00, 0x7F, 0xF0, 0x00,
    0xFF, 0xDF, 0xF8, 0x00, 0x1F, 0xF8, 0x00, 0x3F, 0xFF, 0xFE, 0x00, 0x0B, 0xFD, 0x00, 0x0B, 0xFF,
    0xFF, 0x40, 0x03, 0xFF, 0x00, 0x01, 0xFF, 0xFF, 0xC0, 0x00, 0xFF, 0xC0, 0x00, 0x3F, 0xFF, 0xF0,
    0x00, 0x7F, 0xF0, 0x00, 0x0B, 0xFF, 0xF8, 0x00, 0x2F, 0xF8, 0x00, 0x01, 0xFF, 0xFD, 0x00, 0x0F,
    0xFD, 0x00, 0x00, 0x3F, 0xFF, 0x40, 0x03, 0xFF, 0x00, 0x00, 0x0B, 0xFF, 0xC0, 0x00, 0x00, 0x00,
    0x00, 0x00, 0x00, 0x00, 0x00, 0x00, 0x00, 0x00, 0x00, 0x00, 0x00, 0x00, 0x00, 0x00, 0x0F, 0xFD,
    0x00, 0x00, 0x00, 0x00, 0x00, 0x07, 0xFF, 0x00, 0x00, 0x00, 0x00, 0x00, 0x02, 0xFF, 0x00, 0x00,
    0x00, 0x00, 0x00, 0x00, 0xFF, 0x40, 0x00, 0x00, 0x00, 0x00, 0x00, 0xBF, 0x80, 0x00, 0x00, 0x00,
    0x00, 0x00, 0x3F, 0xC0, 0x00, 0x00, 0x00, 0x00, 0x00, 0x3F, 0xC0, 0x6F, 0xE0, 0x00, 0x1F, 0xF0,
    0xBF, 0xFF, 0x40, 0x07, 0xFC, 0xBF, 0xFF, 0xF0, 0x02, 0xFF, 0xBF, 0xFF, 0xFD, 0x00, 0xFF, 0xFF,
    0xAF, 0xFF, 0x80, 0x3F, 0xFF, 0x00, 0xFF, 0xE0, 0x1F, 0xFF, 0x40, 0x3F, 0xF8, 0x0B, 0xFF, 0x80,
    0x0F, 0xFE, 0x02, 0xFF, 0xC0, 0x03, 0xFF, 0x40, 0xFF, 0xF0, 0x00, 0xFF, 0xD0, 0x3F, 0xF8, 0x00,
    0x7F, 0xF0, 0x1F, 0xFC, 0x00, 0x2F, 0xFC, 0x0B, 0xFF, 0x00, 0x0F, 0xFE, 0x03, 0xFF, 0xC0, 0x03,
    0xFF, 0x40, 0xFF, 0xE0, 0x01, 0xFF, 0xC0, 0x3F, 0xF4, 0x00, 0x7F, 0xF0, 0x1F, 0xFC, 0x00, 0x2F,
    0xFC, 0x0B, 0xFF, 0x00, 0x0F, 0xFE, 0x03, 0xFF, 0x80, 0x03, 0xFF, 0x40, 0xFF, 0xE0, 0x01, 0xFF,
    0xC0, 0x3F, 0xF4, 0x00, 0xBF, 0xF0, 0x00, 0x00, 0x00, 0x00, 0x00, 0x00, 0x00, 0x00, 0x00, 0x00,
    0x00, 0x00, 0x2F, 0xFC, 0x00, 0x00, 0x00, 0x0F, 0xFD, 0x00, 0x00, 0x00, 0x07, 0xFE, 0x00, 0x00,
    0x00, 0x02, 0xFF, 0x00, 0x00, 0x00, 0x00, 0xFF, 0x00, 0x00, 0x00, 0x00, 0xBF, 0x40, 0x00, 0x00,
    0x00, 0x00, 0x00, 0x00, 0xFF, 0x40, 0x0B, 0xF8, 0x00, 0x00, 0x00, 0x1F, 0xF0, 0x1F, 0xF8, 0x00,
    0x00, 0x00, 0x02, 0xFF, 0x1F, 0xF8, 0x00, 0x00, 0x00, 0x00, 0x3F, 0xFF, 0xF8, 0x00, 0x00, 0x00,
    0x00, 0x0B, 0xFF, 0xF8, 0x00, 0x00, 0x00, 0x00, 0x00, 0xFF, 0xFC, 0x00, 0x00, 0x00, 0x00, 0x00,
    0x00, 0x00, 0x00, 0x00, 0x00, 0x00, 0x00, 0x00, 0x00, 0x00, 0x00, 0x00, 0x0B, 0xFF, 0xD0, 0x00,
    0x02, 0xFF, 0x80, 0x02, 0xFF, 0xF8, 0x00, 0x00, 0xFF, 0xD0, 0x00, 0xFF, 0xFF, 0x00, 0x00, 0x3F,
    0xF0, 0x00, 0x3F, 0xFF, 0xC0, 0x00, 0x1F, 0xFC, 0x00, 0x1F, 0xFF, 0xF8, 0x00, 0x07, 0xFE, 0x00,
    0x0B, 0xFF, 0xFF, 0x00, 0x02, 0xFF, 0x40, 0x03, 0xFF, 0xFF, 0xC0, 0x00, 0xFF, 0xD0, 0x00, 0xFF,
    0xEF, 0xF8, 0x00, 0x3F, 0xF0, 0x00, 0x3F, 0xE7, 0xFF, 0x00, 0x1F, 0xFC, 0x00, 0x1F, 0xF8, 0xFF,
    0xC0, 0x0B, 0xFE, 0x00, 0x0B, 0xFD, 0x3F, 0xF4, 0x03, 0xFF, 0x40, 0x03, 0xFF, 0x07, 0xFF, 0x00,
    0xFF, 0xC0, 0x00, 0xFF, 0xC0, 0xFF, 0xC0, 0x3F, 0xF0, 0x00, 0x3F, 0xF0, 0x3F, 0xF4, 0x1F, 0xFC,
    0x00, 0x1F, 0xF8, 0x0B, 0xFF, 0x0B, 0xFE, 0x00, 0x0B, 0xFD, 0x00, 0xFF, 0xC3, 0xFF, 0x40, 0x03,
    0xFF, 0x40, 0x3F, 0xF4, 0xFF, 0xC0, 0x00, 0xFF, 0xC0, 0x0B, 0xFF, 0x3F, 0xF0, 0x00, 0x7F, 0xF0,
    0x00, 0xFF, 0xDF, 0xF8, 0x00, 0x1F, 0xF8, 0x00, 0x3F, 0xFF, 0xFE, 0x00, 0x0B, 0xFD, 0x00, 0x0B,
    0xFF, 0xFF, 0x40, 0x03, 0xFF, 0x00, 0x01, 0xFF, 0xFF, 0xC0, 0x00, 0xFF, 0xC0, 0x00, 0x3F, 0xFF,
    0xF0, 0x00, 0x7F, 0xF0, 0x00, 0x0B, 0xFF, 0xF8, 0x00, 0x2F, 0xF8, 0x00, 0x01, 0xFF, 0xFD, 0x00,
    0x0F, 0xFD, 0x00, 0x00, 0x3F, 0xFF, 0x40, 0x03, 0xFF, 0x00, 0x00, 0x0B, 0xFF, 0xC0, 0x00, 0x00,
    0x00, 0xFF, 0x00, 0x0F, 0xF8, 0x00, 0x02, 0xFF, 0x01, 0xFF, 0x80, 0x00, 0x03, 0xFF, 0x2F, 0xF8,
    0x00, 0x00, 0x07, 0xFF, 0xFF, 0x80, 0x00, 0x00, 0x0B, 0xFF, 0xF8, 0x00, 0x00, 0x00, 0x1F, 0xFF,
    0x80, 0x00, 0x00, 0x00, 0x00, 0x00, 0x00, 0x00, 0x00, 0x00, 0x00, 0x00, 0x00, 0x00, 0x3F, 0xC0,
    0x6F, 0xE0, 0x00, 0x01, 0xFF, 0x0B, 0xFF, 0xF4, 0x00, 0x07, 0xFC, 0xBF, 0xFF, 0xF0, 0x00, 0x2F,
    0xFB, 0xFF, 0xFF, 0xD0, 0x00, 0xFF, 0xFF, 0xAF, 0xFF, 0x80, 0x03, 0xFF, 0xF0, 0x0F, 0xFE, 0x00,
    0x1F, 0xFF, 0x40, 0x3F, 0xF8, 0x00, 0xBF, 0xF8, 0x00, 0xFF, 0xE0, 0x02, 0xFF, 0xC0, 0x03, 0xFF,
    0x40, 0x0F, 0xFF, 0x00, 0x0F, 0xFD, 0x00, 0x3F, 0xF8, 0x00, 0x7F, 0xF0, 0x01, 0xFF, 0xC0, 0x02,
    0xFF, 0xC0, 0x0B, 0xFF, 0x00, 0x0F, 0xFE, 0x00, 0x3F, 0xFC, 0x00, 0x3F, 0xF4, 0x00, 0xFF, 0xE0,
    0x01, 0xFF, 0xC0, 0x03, 0xFF, 0x40, 0x07, 0xFF, 0x00, 0x1F, 0xFC, 0x00, 0x2F, 0xFC, 0x00, 0xBF,
    0xF0, 0x00, 0xFF, 0xE0, 0x03, 0xFF, 0x80, 0x03, 0xFF, 0x40, 0x0F, 0xFE, 0x00, 0x1F, 0xFC, 0x00,
    0x3F, 0xF4, 0x00, 0xBF, 0xF0, 0x00, 0x00, 0xBF, 0xF0, 0x00, 0x00, 0x00, 0x00, 0x3F, 0xF4, 0x00,
    0x00, 0x00, 0x00, 0x1F, 0xFC, 0x00, 0x00, 0x00, 0x00, 0x0F, 0xFD, 0x00, 0x00, 0x00, 0x00, 0x03,
    0xFF, 0x00, 0x00, 0x00, 0x00, 0x02, 0xFF, 0x00, 0x00, 0x00, 0x00, 0x00, 0xFF, 0x87, 0xFC, 0x07,
    0xFE, 0x00, 0x7F, 0xC1, 0xFF, 0x0F, 0xFF, 0xF0, 0x3F, 0xD0, 0xBF, 0xCF, 0xFF, 0xFF, 0x00, 0x00,
    0x3F, 0xEB, 0xFF, 0xFF, 0xC0, 0x00, 0x0F, 0xFF, 0xFA, 0xFF, 0xF4, 0x00, 0x07, 0xFF, 0xF0, 0x1F,
    0xFE, 0x00, 0x02, 0xFF, 0xF0, 0x03, 0xFF, 0x80, 0x00, 0xBF, 0xF4, 0x00, 0xFF, 0xD0, 0x00, 0x3F,
    0xFC, 0x00, 0x3F, 0xF4, 0x00, 0x0F, 0xFE, 0x00, 0x1F, 0xFC, 0x00, 0x07, 0xFF, 0x40, 0x0B, 0xFF,
    0x00, 0x02, 0xFF, 0xC0, 0x03, 0xFF, 0x80, 0x00, 0xBF, 0xF0, 0x00, 0xFF, 0xD0, 0x00, 0x3F, 0xF8,
    0x00, 0x3F, 0xF4, 0x00, 0x0F, 0xFD, 0x00, 0x1F, 0xFC, 0x00, 0x07, 0xFF, 0x00, 0x0B, 0xFF, 0x00,
    0x02, 0xFF, 0xC0, 0x03, 0xFF, 0x80, 0x00, 0xFF, 0xF0, 0x00, 0xFF, 0xD0, 0x00, 0x3F, 0xF8, 0x00,
    0x7F, 0xF0, 0x00, 0x0F, 0xFD, 0x00, 0x1F, 0xFC, 0x00, 0x07, 0xFF, 0x00, 0x0B, 0xFF, 0x00, 0x00,
    0x07, 0xFF, 0xC0, 0x00, 0x02, 0xFF, 0x40, 0x02, 0xFF, 0xF4, 0x00, 0x00, 0xFF, 0xC0, 0x00, 0xFF,
    0xFE, 0x00, 0x00, 0x3F, 0xF0, 0x00, 0x3F, 0xFF, 0xC0, 0x00, 0x1F, 0xFC, 0x00, 0x1F, 0xFF, 0xF4,
    0x00, 0x0B, 0xFE, 0x00, 0x0B, 0xFF, 0xFF, 0x00, 0x02, 0xFF, 0x40, 0x02, 0xFF, 0xFF, 0xC0, 0x00,
    0xFF, 0xC0, 0x00, 0xFF, 0xEF, 0xF8, 0x00, 0x3F, 0xF0, 0x00, 0x3F, 0xE3, 0xFF, 0x00, 0x1F, 0xF8,
    0x00, 0x1F, 0xF4, 0xFF, 0xD0, 0x0B, 0xFE, 0x00, 0x0B, 0xFD, 0x1F, 0xF8, 0x03, 0xFF, 0x40, 0x03,
    0xFF, 0x03, 0xFF, 0x00, 0xFF, 0xC0, 0x00, 0xFF, 0xC0, 0xBF, 0xD0, 0x7F, 0xF0, 0x00, 0x3F, 0xF0,
    0x1F, 0xFC, 0x1F, 0xF8, 0x00, 0x1F, 0xF8, 0x03, 0xFF, 0x0B, 0xFD, 0x00, 0x0B, 0xFD, 0x00, 0xBF,
    0xE3, 0xFF, 0x40, 0x03, 0xFF, 0x00, 0x0F, 0xFC, 0xFF, 0xC0, 0x00, 0xFF, 0xC0, 0x03, 0xFF, 0x7F,
    0xF0, 0x00, 0x3F, 0xF0, 0x00, 0x7F, 0xFF, 0xF8, 0x00, 0x1F, 0xF8, 0x00, 0x0F, 0xFF, 0xFD, 0x00,
    0x0B, 0xFD, 0x00, 0x02, 0xFF, 0xFF, 0x00, 0x03, 0xFF, 0x00, 0x00, 0x7F, 0xFF, 0xC0, 0x00, 0xFF,
    0xC0, 0x00, 0x0F, 0xFF, 0xF0, 0x00, 0x7F, 0xE0, 0x00, 0x02, 0xFF, 0xF8, 0x00, 0x2F, 0xF8, 0x00,
    0x00, 0x3F, 0xFD, 0x00, 0x0B, 0xFD, 0x00, 0x00, 0x0F, 0xFF, 0x00, 0x03, 0xFF, 0x00, 0x00, 0x01,
    0xFF, 0xC0, 0x00, 0x00, 0x00, 0x00, 0x00, 0x7F, 0xE0, 0x00, 0x00, 0x00, 0x00, 0x00, 0x3F, 0xF4,
    0x00, 0x00, 0x00, 0x00, 0x00, 0x3F, 0xFC, 0x00, 0x00, 0x00, 0x00, 0xEA, 0xBF, 0xFE, 0x00, 0x00,
    0x00, 0x00, 0x3F, 0xFF, 0xFF, 0x00, 0x00, 0x00, 0x00, 0x0F, 0xFF, 0xFF, 0x00, 0x00, 0x00, 0x00,
    0x03, 0xFF, 0xFE, 0x00, 0x00, 0x00, 0x00, 0x00, 0xBF, 0xF8, 0x00, 0x00, 0x00, 0x00, 0x3F, 0xC0,
    0x6F, 0xE0, 0x00, 0x1F, 0xF0, 0xBF, 0xFF, 0x40, 0x07, 0xFC, 0xBF, 0xFF, 0xF0, 0x02, 0xFF, 0xBF,
    0xFF, 0xFD, 0x00, 0xFF, 0xFF, 0xAF, 0xFF, 0x80, 0x3F, 0xFF, 0x00, 0xFF, 0xE0, 0x1F, 0xFF, 0x40,
    0x3F, 0xF8, 0x0B, 0xFF, 0x80, 0x0F, 0xFE, 0x02, 0xFF, 0xC0, 0x03, 0xFF, 0x40, 0xFF, 0xF0, 0x00,
    0xFF, 0xD0, 0x3F, 0xF8, 0x00, 0x7F, 0xF0, 0x1F, 0xFC, 0x00, 0x2F, 0xFC, 0x0B, 0xFF, 0x00, 0x0F,
    0xFE, 0x03, 0xFF, 0xC0, 0x03, 0xFF, 0x40, 0xFF, 0xE0, 0x01, 0xFF, 0xC0, 0x3F, 0xF4, 0x00, 0x7F,
    0xF0, 0x1F, 0xFC, 0x00, 0x2F, 0xFC, 0x0B, 0xFF, 0x00, 0x0F, 0xFE, 0x03, 0xFF, 0x80, 0x03, 0xFF,
    0x40, 0xFF, 0xE0, 0x01, 0xFF, 0xC0, 0x3F, 0xF4, 0x00, 0xBF, 0xF0, 0x00, 0x00, 0x00, 0x2F, 0xFC,
    0x00, 0x00, 0x00, 0x0F, 0xFE, 0x00, 0x00, 0x00, 0x07, 0xFF, 0x40, 0x00, 0x00, 0x03, 0xFF, 0xC0,
    0x00, 0x00, 0xAB, 0xFF, 0xE0, 0x00, 0x00, 0x3F, 0xFF, 0xF0, 0x00, 0x00, 0x0F, 0xFF, 0xF8, 0x00,
    0x00, 0x03, 0xFF, 0xF8, 0x00, 0x00, 0x00, 0xBF, 0xE4, 0x00, 0x00, 0x00, 0x00, 0x0B, 0xFF, 0xFF,
    0xE0, 0x00, 0x00, 0x03, 0xFF, 0xFF, 0xF4, 0x00, 0x00, 0x00, 0xFF, 0xFF, 0xFD, 0x00, 0x00, 0x00,
    0x7F, 0xFF, 0xFF, 0x00, 0x00, 0x00, 0x00, 0x00, 0x00, 0x00, 0x00, 0x00, 0x00, 0x00, 0x00, 0x00,
    0x00, 0x00, 0x00, 0x6F, 0xFE, 0x40, 0x00, 0x00, 0x02, 0xFF, 0xFF, 0xFD, 0x00, 0x00, 0x07, 0xFF,
    0xFF, 0xFF, 0xD0, 0x00, 0x0B, 0xFF, 0xFF, 0xFF, 0xFD, 0x00, 0x0B, 0xFF, 0xFA, 0xBF, 0xFF, 0xC0,
    0x07, 0xFF, 0xE0, 0x01, 0xFF, 0xF4, 0x03, 0xFF, 0xE0, 0x00, 0x1F, 0xFF, 0x02, 0xFF, 0xE0, 0x00,
    0x03, 0xFF, 0xC0, 0xFF, 0xF0, 0x00, 0x00, 0xBF, 0xF0, 0x7F, 0xF8, 0x00, 0x00, 0x2F, 0xFC, 0x3F,
    0xFC, 0x00, 0x00, 0x0B, 0xFF, 0x0F, 0xFF, 0x00, 0x00, 0x02, 0xFF, 0xC7, 0xFF, 0x80, 0x00, 0x00,
    0xBF, 0xF2, 0xFF, 0xD0, 0x00, 0x00, 0x3F, 0xFC, 0xBF, 0xF0, 0x00, 0x00, 0x0F, 0xFF, 0x2F, 0xFC,
    0x00, 0x00, 0x07, 0xFF, 0x8F, 0xFF, 0x00, 0x00, 0x02, 0xFF, 0xD3, 0xFF, 0xC0, 0x00, 0x00, 0xFF,
    0xF0, 0xBF, 0xF0, 0x00, 0x00, 0xBF, 0xF8, 0x2F, 0xFD, 0x00, 0x00, 0x3F, 0xFC, 0x07, 0xFF, 0xC0,
    0x00, 0x3F, 0xFE, 0x00, 0xFF, 0xF8, 0x00, 0x7F, 0xFF, 0x00, 0x1F, 0xFF, 0xEA, 0xFF, 0xFF, 0x40,
    0x03, 0xFF, 0xFF, 0xFF, 0xFF, 0x40, 0x00, 0x3F, 0xFF, 0xFF, 0xFF, 0x40, 0x00, 0x02, 0xFF, 0xFF,
    0xFE, 0x00, 0x00, 0x00, 0x06, 0xFF, 0xE4, 0x00, 0x00, 0x00, 0x00, 0x03, 0xFF, 0xFF, 0xF8, 0x00,
    0x03, 0xFF, 0xFF, 0xF4, 0x00, 0x03, 0xFF, 0xFF, 0xF0, 0x00, 0x07, 0xFF, 0xFF, 0xF0, 0x00, 0x00,
    0x00, 0x00, 0x00, 0x00, 0x00, 0x00, 0x00, 0x00, 0x00, 0x01, 0xBF, 0xF8, 0x00, 0x00, 0x0F, 0xFF,
    0xFF, 0x40, 0x00, 0x7F, 0xFF, 0xFF, 0xE0, 0x01, 0xFF, 0xFF, 0xFF, 0xF0, 0x03, 0xFF, 0xFA, 0xFF,
    0xF8, 0x0B, 0xFF, 0xC0, 0x3F, 0xFC, 0x0F, 0xFF, 0x00, 0x1F, 0xFC, 0x1F, 0xFD, 0x00, 0x1F, 0xFD,
    0x3F, 0xFC, 0x00, 0x1F, 0xFD, 0x3F, 0xF8, 0x00, 0x1F, 0xFC, 0x3F, 0xF4, 0x00, 0x1F, 0xFC, 0x7F,
    0xF4, 0x00, 0x2F, 0xFC, 0x7F, 0xF0, 0x00, 0x3F, 0xFC, 0x7F, 0xF0, 0x00, 0x7F, 0xF4, 0x7F, 0xF4,
    0x00, 0xFF, 0xF0, 0x3F, 0xFC, 0x02, 0xFF, 0xE0, 0x3F, 0xFF, 0xAF, 0xFF, 0xC0, 0x1F, 0xFF, 0xFF,
    0xFF, 0x40, 0x0B, 0xFF, 0xFF, 0xFD, 0x00, 0x01, 0xFF, 0xFF, 0xF0, 0x00, 0x00, 0x2F, 0xFE, 0x40,
    0x00, 0x00, 0x00, 0x0A, 0x40, 0x01, 0xA4, 0x00, 0x00, 0x07, 0xF0, 0x00, 0xFE, 0x00, 0x00, 0x01,
    0xFF, 0x00, 0xFF, 0x40, 0x00, 0x00, 0x3F, 0xFF, 0xFF, 0xC0, 0x00, 0x00, 0x0B, 0xFF, 0xFF, 0xD0,
    0x00, 0x00, 0x00, 0xFF, 0xFF, 0xD0, 0x00, 0x00, 0x00, 0x07, 0xFF, 0x80, 0x00, 0x00, 0x00, 0x00,
    0x00, 0x00, 0x00, 0x00, 0x00, 0x00, 0x00, 0x00, 0x00, 0x00, 0x00, 0x01, 0xBF, 0xF9, 0x00, 0x00,
    0x00, 0x0B, 0xFF, 0xFF, 0xF4, 0x00, 0x00, 0x1F, 0xFF, 0xFF, 0xFF, 0x40, 0x00, 0x2F, 0xFF, 0xFF,
    0xFF, 0xF4, 0x00, 0x2F, 0xFF, 0xEA, 0xFF, 0xFF, 0x00, 0x1F, 0xFF, 0x80, 0x07, 0xFF, 0xD0, 0x0F,
    0xFF, 0x80, 0x00, 0x7F, 0xFC, 0x0B, 0xFF, 0x80, 0x00, 0x0F, 0xFF, 0x03, 0xFF, 0xC0, 0x00, 0x02,
    0xFF, 0xC1, 0xFF, 0xE0, 0x00, 0x00, 0xBF, 0xF0, 0xFF, 0xF0, 0x00, 0x00, 0x2F, 0xFC, 0x3F, 0xFC,
    0x00, 0x00, 0x0B, 0xFF, 0x1F, 0xFE, 0x00, 0x00, 0x02, 0xFF, 0xCB, 0xFF, 0x40, 0x00, 0x00, 0xFF,
    0xF2, 0xFF, 0xC0, 0x00, 0x00, 0x3F, 0xFC, 0xBF, 0xF0, 0x00, 0x00, 0x1F, 0xFE, 0x3F, 0xFC, 0x00,
    0x00, 0x0B, 0xFF, 0x4F, 0xFF, 0x00, 0x00, 0x03, 0xFF, 0xC2, 0xFF, 0xC0, 0x00, 0x02, 0xFF, 0xE0,
    0xBF, 0xF4, 0x00, 0x00, 0xFF, 0xF0, 0x1F, 0xFF, 0x00, 0x00, 0xFF, 0xF8, 0x03, 0xFF, 0xE0, 0x01,
    0xFF, 0xFC, 0x00, 0x7F, 0xFF, 0xAB, 0xFF, 0xFD, 0x00, 0x0F, 0xFF, 0xFF, 0xFF, 0xFD, 0x00, 0x00,
    0xFF, 0xFF, 0xFF, 0xFD, 0x00, 0x00, 0x0B, 0xFF, 0xFF, 0xF8, 0x00, 0x00, 0x00, 0x1B, 0xFF, 0x90,
    0x00, 0x00, 0x00, 0x0B, 0xF0, 0x00, 0xFE, 0x00, 0x07, 0xF8, 0x02, 0xFD, 0x00, 0x07, 0xFF, 0xFF,
    0xFC, 0x00, 0x03, 0xFF, 0xFF, 0xF4, 0x00, 0x00, 0xFF, 0xFF, 0xD0, 0x00, 0x00, 0x2F, 0xFD, 0x00,
    0x00, 0x00, 0x00, 0x00, 0x00, 0x00, 0x00, 0x00, 0x00, 0x00, 0x00, 0x01, 0xBF, 0xF8, 0x00, 0x00,
    0x0F, 0xFF, 0xFF, 0x40, 0x00, 0x7F, 0xFF, 0xFF, 0xE0, 0x01, 0xFF, 0xFF, 0xFF, 0xF0, 0x03, 0xFF,
    0xFA, 0xFF, 0xF8, 0x0B, 0xFF, 0xC0, 0x3F, 0xFC, 0x0F, 0xFF, 0x00, 0x1F, 0xFC, 0x1F, 0xFD, 0x00,
    0x1F, 0xFD, 0x3F, 0xFC, 0x00, 0x1F, 0xFD, 0x3F, 0xF8, 0x00, 0x1F, 0xFC, 0x3F, 0xF4, 0x00, 0x1F,
    0xFC, 0x7F, 0xF4, 0x00, 0x2F, 0xFC, 0x7F, 0xF0, 0x00, 0x3F, 0xFC, 0x7F, 0xF0, 0x00, 0x7F, 0xF4,
    0x7F, 0xF4, 0x00, 0xFF, 0xF0, 0x3F, 0xFC, 0x02, 0xFF, 0xE0, 0x3F, 0xFF, 0xAF, 0xFF, 0xC0, 0x1F,
    0xFF, 0xFF, 0xFF, 0x40, 0x0B, 0xFF, 0xFF, 0xFD, 0x00, 0x01, 0xFF, 0xFF, 0xF0, 0x00, 0x00, 0x2F,
    0xFE, 0x40, 0x00, 0x00, 0x00, 0x00, 0x1F, 0xFD, 0x3F, 0xFC, 0x00, 0x00, 0x00, 0x3F, 0xF4, 0x7F,
    0xF0, 0x00, 0x00, 0x00, 0xBF, 0xD0, 0xFF, 0xC0, 0x00, 0x00, 0x01, 0xFF, 0x43, 0xFE, 0x00, 0x00,
    0x00, 0x03, 0xFC, 0x0B, 0xF8, 0x00, 0x00, 0x00, 0x0F, 0xE0, 0x1F, 0xD0, 0x00, 0x00, 0x00, 0x00,
    0x00, 0x00, 0x00, 0x00, 0x00, 0x00, 0x00, 0x00, 0x00, 0x00, 0x00, 0x00, 0x00, 0x00, 0x00, 0x00,
    0x00, 0x00, 0x00, 0x00, 0x06, 0xFF, 0xE4, 0x00, 0x00, 0x00, 0x00, 0xBF, 0xFF, 0xFF, 0x40, 0x00,
    0x00, 0x07, 0xFF, 0xFF, 0xFF, 0xD0, 0x00, 0x00, 0x2F, 0xFF, 0xFF, 0xFF, 0xF4, 0x00, 0x00, 0xBF,
    0xFF, 0xAB, 0xFF, 0xFC, 0x00, 0x01, 0xFF, 0xF8, 0x00, 0x7F, 0xFD, 0x00, 0x03, 0xFF, 0xE0, 0x00,
    0x1F, 0xFF, 0x00, 0x0B, 0xFF, 0x80, 0x00, 0x0F, 0xFF, 0x00, 0x0F, 0xFF, 0x00, 0x00, 0x0B, 0xFF,
    0x00, 0x1F, 0xFE, 0x00, 0x00, 0x0B, 0xFF, 0x00, 0x3F, 0xFC, 0x00, 0x00, 0x0B, 0xFF, 0x00, 0x3F,
    0xFC, 0x00, 0x00, 0x0B, 0xFF, 0x00, 0x7F, 0xF8, 0x00, 0x00, 0x0B, 0xFF, 0x00, 0xBF, 0xF4, 0x00,
    0x00, 0x0F, 0xFF, 0x00, 0xBF, 0xF0, 0x00, 0x00, 0x0F, 0xFF, 0x00, 0xBF, 0xF0, 0x00, 0x00, 0x1F,
    0xFE, 0x00, 0xFF, 0xF0, 0x00, 0x00, 0x2F, 0xFD, 0x00, 0xFF, 0xF0, 0x00, 0x00, 0x3F, 0xFC, 0x00,
    0xBF, 0xF0, 0x00, 0x00, 0xBF, 0xF8, 0x00, 0xBF, 0xF4, 0x00, 0x00, 0xFF, 0xF0, 0x00, 0x7F, 0xFC,
    0x00, 0x03, 0xFF, 0xE0, 0x00, 0x3F, 0xFE, 0x00, 0x1F, 0xFF, 0xC0, 0x00, 0x1F, 0xFF, 0xEA, 0xFF,
    0xFF, 0x40, 0x00, 0x0F, 0xFF, 0xFF, 0xFF, 0xFD, 0x00, 0x00, 0x03, 0xFF, 0xFF, 0xFF, 0xF4, 0x00,
    0x00, 0x00, 0xBF, 0xFF, 0xFF, 0x80, 0x00, 0x00, 0x00, 0x06, 0xFF, 0xE4, 0x00, 0x00, 0x00, 0x00,
    0x00, 0x0B, 0xFF, 0x0F, 0xFE, 0x00, 0x00, 0x0F, 0xFD, 0x2F, 0xFC, 0x00, 0x00, 0x3F, 0xF4, 0x7F,
    0xE0, 0x00, 0x00, 0xBF, 0xC0, 0xFF, 0x80, 0x00, 0x01, 0xFE, 0x03, 0xFD, 0x00, 0x00, 0x03, 0xF4,
    0x0B, 0xF0, 0x00, 0x00, 0x00, 0x00, 0x00, 0x00, 0x00, 0x00, 0x00, 0x00, 0x00, 0x00, 0x00, 0x00,
    0x01, 0xBF, 0xF8, 0x00, 0x00, 0x00, 0x0F, 0xFF, 0xFF, 0x40, 0x00, 0x00, 0x7F, 0xFF, 0xFF, 0xE0,
    0x00, 0x01, 0xFF, 0xFF, 0xFF, 0xF0, 0x00, 0x03, 0xFF, 0xFA, 0xFF, 0xF8, 0x00, 0x0B, 0xFF, 0xC0,
    0x3F, 0xFC, 0x00, 0x0F, 0xFF, 0x00, 0x1F, 0xFC, 0x00, 0x1F, 0xFD, 0x00, 0x1F, 0xFD, 0x00, 0x3F,
    0xFC, 0x00, 0x1F, 0xFD, 0x00, 0x3F, 0xF8, 0x00, 0x1F, 0xFC, 0x00, 0x3F, 0xF4, 0x00, 0x1F, 0xFC,
    0x00, 0x7F, 0xF4, 0x00, 0x2F, 0xFC, 0x00, 0x7F, 0xF0, 0x00, 0x3F, 0xFC, 0x00, 0x7F, 0xF0, 0x00,
    0x7F, 0xF4, 0x00, 0x7F, 0xF4, 0x00, 0xFF, 0xF0, 0x00, 0x3F, 0xFC, 0x02, 0xFF, 0xE0, 0x00, 0x3F,
    0xFF, 0xAF, 0xFF, 0xC0, 0x00, 0x1F, 0xFF, 0xFF, 0xFF, 0x40, 0x00, 0x0B, 0xFF, 0xFF, 0xFD, 0x00,
    0x00, 0x01, 0xFF, 0xFF, 0xF0, 0x00, 0x00, 0x00, 0x2F, 0xFE, 0x40, 0x00, 0x00, 0x00, 0x00, 0x06,
    0xFF, 0xFF, 0xFF, 0xFF, 0xFF, 0xC0, 0x00, 0x0B, 0xFF, 0xFF, 0xFF, 0xFF, 0xFF, 0xF8, 0x00, 0x07,
    0xFF, 0xFF, 0xFF, 0xFF, 0xFF, 0xFF, 0x80, 0x02, 0xFF, 0xFF, 0xFF, 0xFF, 0xFF, 0xFF, 0xF4, 0x00,
    0xBF, 0xFF, 0xEA, 0xFF, 0xFE, 0xAA, 0xAA, 0x00, 0x1F, 0xFF, 0x80, 0x03, 0xFF, 0x80, 0x00, 0x00,
    0x03, 0xFF, 0xE0, 0x00, 0x7F, 0xF4, 0x00, 0x00, 0x00, 0xBF, 0xF8, 0x00, 0x0B, 0xFF, 0x00, 0x00,
    0x00, 0x0F, 0xFF, 0x00, 0x00, 0xBF, 0xF0, 0x00, 0x00, 0x01, 0xFF, 0xE0, 0x00, 0x0F, 0xFE, 0x00,
    0x00, 0x00, 0x3F, 0xFC, 0x00, 0x00, 0xFF, 0xFA, 0xAA, 0xA0, 0x03, 0xFF, 0xC0, 0x00, 0x1F, 0xFF,
    0xFF, 0xFF, 0x00, 0x7F, 0xF8, 0x00, 0x02, 0xFF, 0xFF, 0xFF, 0xF0, 0x07, 0xFF, 0x40, 0x00, 0x3F,
    0xFF, 0xFF, 0xFE, 0x00, 0xBF, 0xF0, 0x00, 0x03, 0xFF, 0xFF, 0xFF, 0xD0, 0x0B, 0xFF, 0x00, 0x00,
    0x3F, 0xF4, 0x00, 0x00, 0x00, 0xBF, 0xF0, 0x00, 0x07, 0xFF, 0x00, 0x00, 0x00, 0x0B, 0xFF, 0x00,
    0x00, 0xBF, 0xF0, 0x00, 0x00, 0x00, 0xBF, 0xF0, 0x00, 0x0F, 0xFF, 0x00, 0x00, 0x00, 0x0B, 0xFF,
    0x40, 0x00, 0xFF, 0xE0, 0x00, 0x00, 0x00, 0x7F, 0xFC, 0x00, 0x0F, 0xFD, 0x00, 0x00, 0x00, 0x03,
    0xFF, 0xE0, 0x01, 0xFF, 0xC0, 0x00, 0x00, 0x00, 0x1F, 0xFF, 0xEA, 0xFF, 0xFE, 0xAA, 0xAA, 0x00,
    0x00, 0xFF, 0xFF, 0xFF, 0xFF, 0xFF, 0xFF, 0xF0, 0x00, 0x03, 0xFF, 0xFF, 0xFF, 0xFF, 0xFF, 0xFF,
    0x00, 0x00, 0x0B, 0xFF, 0xFF, 0xFF, 0xFF, 0xFF, 0xE0, 0x00, 0x00, 0x0B, 0xFF, 0xFF, 0xFF, 0xFF,
    0xFE, 0x00, 0x00, 0x00, 0x01, 0xBF, 0xE0, 0x00, 0x6F, 0xFE, 0x00, 0x00, 0x1F, 0xFF, 0xFD, 0x03,
    0xFF, 0xFF, 0xD0, 0x00, 0xBF, 0xFF, 0xFF, 0x5F, 0xFF, 0xFF, 0xF0, 0x01, 0xFF, 0xFF, 0xFF, 0xFF,
    0xFF, 0xFF, 0xF8, 0x03, 0xFF, 0xFA, 0xFF, 0xFF, 0xFE, 0xBF, 0xFC, 0x0B, 0xFF, 0x80, 0x3F, 0xFF,
    0xD0, 0x1F, 0xFC, 0x0F, 0xFF, 0x00, 0x3F, 0xFF, 0x40, 0x0F, 0xFC, 0x2F, 0xFD, 0x00, 0x2F, 0xFE,
    0x00, 0x3F, 0xFC, 0x3F, 0xFC, 0x00, 0x2F, 0xFC, 0x01, 0xFF, 0xF4, 0x3F, 0xF8, 0x00, 0x2F, 0xFF,
    0xFF, 0xFF, 0xF0, 0x3F, 0xF4, 0x00, 0x3F, 0xFF, 0xFF, 0xFF, 0xC0, 0x7F, 0xF4, 0x00, 0x3F, 0xFF,
    0xFF, 0xFD, 0x00, 0x7F, 0xF0, 0x00, 0x3F, 0xFF, 0xFE, 0x40, 0x00, 0x7F, 0xF0, 0x00, 0xBF, 0xF4,
    0x00, 0x00, 0x00, 0x7F, 0xF4, 0x00, 0xFF, 0xF8, 0x00, 0x00, 0x00, 0x3F, 0xFC, 0x03, 0xFF, 0xFC,
    0x00, 0x01, 0x00, 0x3F, 0xFF, 0xAF, 0xFF, 0xFF, 0xEA, 0xBF, 0x00, 0x1F, 0xFF, 0xFF, 0xFF, 0xFF,
    0xFF, 0xFF, 0x00, 0x0B, 0xFF, 0xFF, 0xF7, 0xFF, 0xFF, 0xFF, 0x00, 0x02, 0xFF, 0xFF, 0xC0, 0xFF,
    0xFF, 0xFE, 0x00, 0x00, 0x2F, 0xF9, 0x00, 0x1B, 0xFF, 0x90, 0x00, 0x00, 0x00, 0x00, 0x00, 0x6A,
    0xA4, 0x00, 0x00, 0x00, 0x03, 0xFF, 0xC0, 0x00, 0x00, 0x00, 0x3F, 0xFC, 0x00, 0x00, 0x00, 0x02,
    0xFF, 0xC0, 0x00, 0x00, 0x00, 0x1F, 0xFC, 0x00, 0x00, 0x00, 0x00, 0xFF, 0x80, 0x00, 0x00, 0x00,
    0x06, 0xA4, 0x00, 0x00, 0x00, 0x00, 0x00, 0x00, 0x00, 0x00, 0x00, 0x00, 0x00, 0x00, 0x00, 0x00,
    0x1F, 0xFF, 0xFE, 0x40, 0x00, 0x00, 0xBF, 0xFF, 0xFF, 0xE0, 0x00, 0x03, 0xFF, 0xFF, 0xFF, 0xE0,
    0x00, 0x0F, 0xFF, 0xFF, 0xFF, 0xD0, 0x00, 0x7F, 0xFA, 0xAF, 0xFF, 0xC0, 0x02, 0xFF, 0xC0, 0x0F,
    0xFF, 0x00, 0x0B, 0xFF, 0x00, 0x2F, 0xFD, 0x00, 0x3F, 0xF8, 0x00, 0x7F, 0xF4, 0x00, 0xFF, 0xE0,
    0x02, 0xFF, 0xC0, 0x07, 0xFF, 0x40, 0x0F, 0xFF, 0x00, 0x2F, 0xFC, 0x00, 0x7F, 0xF8, 0x00, 0xFF,
    0xF0, 0x1B, 0xFF, 0xD0, 0x03, 0xFF, 0xFF, 0xFF, 0xFE, 0x00, 0x0F, 0xFF, 0xFF, 0xFF, 0xE0, 0x00,
    0x7F, 0xFF, 0xFF, 0xFD, 0x00, 0x02, 0xFF, 0xFF, 0xFF, 0x80, 0x00, 0x0F, 0xFF, 0xAF, 0xFF, 0x00,
    0x00, 0x3F, 0xF8, 0x1F, 0xFD, 0x00, 0x00, 0xFF, 0xD0, 0x3F, 0xFC, 0x00, 0x07, 0xFF, 0x00, 0xBF,
    0xF0, 0x00, 0x2F, 0xFC, 0x01, 0xFF, 0xE0, 0x00, 0xFF, 0xF0, 0x03, 0xFF, 0xC0, 0x03, 0xFF, 0x80,
    0x0B, 0xFF, 0x40, 0x1F, 0xFD, 0x00, 0x0F, 0xFF, 0x00, 0xBF, 0xF0, 0x00, 0x3F, 0xFC, 0x02, 0xFF,
    0xC0, 0x00, 0xBF, 0xF8, 0x0F, 0xFE, 0x00, 0x00, 0xFF, 0xF0, 0x00, 0x00, 0x00, 0xBF, 0xF8, 0x00,
    0x00, 0x07, 0xFF, 0x80, 0x00, 0x00, 0x3F, 0xF8, 0x00, 0x00, 0x03, 0xFF, 0x80, 0x00, 0x00, 0x2F,
    0xF4, 0x00, 0x00, 0x01, 0xFF, 0x00, 0x00, 0x00, 0x00, 0x00, 0x00, 0x00, 0x00, 0x00, 0x00, 0x00,
    0x00, 0x3F, 0xD0, 0x7F, 0xC0, 0x01, 0xFF, 0x4F, 0xFF, 0x00, 0x0B, 0xFD, 0xFF, 0xF8, 0x00, 0x2F,
    0xFF, 0xFF, 0xD0, 0x00, 0xFF, 0xFF, 0xFF, 0x00, 0x03, 0xFF, 0xF8, 0x00, 0x00, 0x1F, 0xFF, 0x80,
    0x00, 0x00, 0xBF, 0xFC, 0x00, 0x00, 0x03, 0xFF, 0xC0, 0x00, 0x00, 0x0F, 0xFF, 0x00, 0x00, 0x00,
    0x3F, 0xF4, 0x00, 0x00, 0x01, 0xFF, 0xC0, 0x00, 0x00, 0x0B, 0xFF, 0x00, 0x00, 0x00, 0x3F, 0xFC,
    0x00, 0x00, 0x00, 0xFF, 0xE0, 0x00, 0x00, 0x03, 0xFF, 0x40, 0x00, 0x00, 0x1F, 0xFC, 0x00, 0x00,
    0x00, 0xBF, 0xF0, 0x00, 0x00, 0x03, 0xFF, 0xC0, 0x00, 0x00, 0x0F, 0xFE, 0x00, 0x00, 0x00, 0x3F,
    0xF4, 0x00, 0x00, 0x00, 0x00, 0x07, 0xFF, 0xFF, 0x90, 0x00, 0x00, 0x2F, 0xFF, 0xFF, 0xF8, 0x00,
    0x00, 0xFF, 0xFF, 0xFF, 0xF8, 0x00, 0x03, 0xFF, 0xFF, 0xFF, 0xF4, 0x00, 0x1F, 0xFE, 0xAB, 0xFF,
    0xF0, 0x00, 0xBF, 0xF0, 0x03, 0xFF, 0xC0, 0x02, 0xFF, 0xC0, 0x0B, 0xFF, 0x40, 0x0F, 0xFE, 0x00,
    0x1F, 0xFD, 0x00, 0x3F, 0xF8, 0x00, 0xBF, 0xF0, 0x01, 0xFF, 0xD0, 0x03, 0xFF, 0xC0, 0x0B, 0xFF,
    0x00, 0x1F, 0xFE, 0x00, 0x3F, 0xFC, 0x06, 0xFF, 0xF4, 0x00, 0xFF, 0xFF, 0xFF, 0xFF, 0x80, 0x03,
    0xFF, 0xFF, 0xFF, 0xF8, 0x00, 0x1F, 0xFF, 0xFF, 0xFF, 0x40, 0x00, 0xBF, 0xFF, 0xFF, 0xE0, 0x00,
    0x03, 0xFF, 0xEB, 0xFF, 0xC0, 0x00, 0x0F, 0xFE, 0x07, 0xFF, 0x40, 0x00, 0x3F, 0xF4, 0x0F, 0xFF,
    0x00, 0x01, 0xFF, 0xC0, 0x2F, 0xFC, 0x00, 0x0B, 0xFF, 0x00, 0x7F, 0xF8, 0x00, 0x3F, 0xFC, 0x00,
    0xFF, 0xF0, 0x00, 0xFF, 0xE0, 0x02, 0xFF, 0xD0, 0x07, 0xFF, 0x40, 0x03, 0xFF, 0xC0, 0x2F, 0xFC,
    0x00, 0x0F, 0xFF, 0x00, 0xBF, 0xF0, 0x00, 0x2F, 0xFE, 0x03, 0xFF, 0x80, 0x00, 0x3F, 0xFC, 0x00,
    0x00, 0x00, 0x00, 0x00, 0x00, 0x00, 0x00, 0x00, 0x00, 0x00, 0x00, 0x00, 0x0F, 0xFD, 0x00, 0x00,
    0x00, 0x00, 0x3F, 0xF0, 0x00, 0x00, 0x00, 0x02, 0xFF, 0x40, 0x00, 0x00, 0x00, 0x0F, 0xF8, 0x00,
    0x00, 0x00, 0x00, 0x7F, 0x80, 0x00, 0x00, 0x00, 0x03, 0xFC, 0x00, 0x00, 0x00, 0x00, 0x00, 0x03,
    0xFD, 0x07, 0xFC, 0x00, 0x07, 0xFD, 0x3F, 0xFC, 0x00, 0x0B, 0xFD, 0xFF, 0xF8, 0x00, 0x0B, 0xFF,
    0xFF, 0xF4, 0x00, 0x0F, 0xFF, 0xFF, 0xF0, 0x00, 0x0F, 0xFF, 0xE0, 0x00, 0x00, 0x1F, 0xFF, 0x80,
    0x00, 0x00, 0x2F, 0xFF, 0x00, 0x00, 0x00, 0x3F, 0xFC, 0x00, 0x00, 0x00, 0x3F, 0xFC, 0x00, 0x00,
    0x00, 0x3F, 0xF4, 0x00, 0x00, 0x00, 0x7F, 0xF0, 0x00, 0x00, 0x00, 0xBF, 0xF0, 0x00, 0x00, 0x00,
    0xFF, 0xF0, 0x00, 0x00, 0x00, 0xFF, 0xE0, 0x00, 0x00, 0x00, 0xFF, 0xD0, 0x00, 0x00, 0x01, 0xFF,
    0xC0, 0x00, 0x00, 0x02, 0xFF, 0xC0, 0x00, 0x00, 0x03, 0xFF, 0xC0, 0x00, 0x00, 0x03, 0xFF, 0x80,
    0x00, 0x00, 0x03, 0xFF, 0x40, 0x00, 0x00, 0x00, 0x00, 0x00, 0x00, 0x00, 0x00, 0x00, 0x00, 0x00,
    0x00, 0x03, 0xFF, 0x00, 0x00, 0x00, 0x0B, 0xFE, 0x00, 0x00, 0x00, 0x0F, 0xFC, 0x00, 0x00, 0x00,
    0x1F, 0xF0, 0x00, 0x00, 0x00, 0x3F, 0xD0, 0x00, 0x00, 0x00, 0x3F, 0x80, 0x00, 0x00, 0x00, 0x00,
    0x00, 0x3F, 0xD0, 0x02, 0xFF, 0x00, 0x00, 0x03, 0xFD, 0x03, 0xFF, 0x00, 0x00, 0x00, 0xBF, 0xC7,
    0xFF, 0x00, 0x00, 0x00, 0x0F, 0xFF, 0xFF, 0x00, 0x00, 0x00, 0x01, 0xFF, 0xFF, 0x00, 0x00, 0x00,
    0x00, 0x3F, 0xFF, 0x00, 0x00, 0x00, 0x00, 0x00, 0x00, 0x00, 0x00, 0x00, 0x00, 0x00, 0x00, 0x00,
    0x00, 0x00, 0x07, 0xFF, 0xFF, 0x90, 0x00, 0x00, 0x02, 0xFF, 0xFF, 0xFF, 0x80, 0x00, 0x00, 0xFF,
    0xFF, 0xFF, 0xF8, 0x00, 0x00, 0x3F, 0xFF, 0xFF, 0xFF, 0x40, 0x00, 0x1F, 0xFE, 0xAB, 0xFF, 0xF0,
    0x00, 0x0B, 0xFF, 0x00, 0x3F, 0xFC, 0x00, 0x02, 0xFF, 0xC0, 0x0B, 0xFF, 0x40, 0x00, 0xFF, 0xE0,
    0x01, 0xFF, 0xD0, 0x00, 0x3F, 0xF8, 0x00, 0xBF, 0xF0, 0x00, 0x1F, 0xFD, 0x00, 0x3F, 0xFC, 0x00,
    0x0B, 0xFF, 0x00, 0x1F, 0xFE, 0x00, 0x03, 0xFF, 0xC0, 0x6F, 0xFF, 0x40, 0x00, 0xFF, 0xFF, 0xFF,
    0xFF, 0x80, 0x00, 0x3F, 0xFF, 0xFF, 0xFF, 0x80, 0x00, 0x1F, 0xFF, 0xFF, 0xFF, 0x40, 0x00, 0x0B,
    0xFF, 0xFF, 0xFE, 0x00, 0x00, 0x03, 0xFF, 0xEB, 0xFF, 0xC0, 0x00, 0x00, 0xFF, 0xE0, 0x7F, 0xF4,
    0x00, 0x00, 0x3F, 0xF4, 0x0F, 0xFF, 0x00, 0x00, 0x1F, 0xFC, 0x02, 0xFF, 0xC0, 0x00, 0x0B, 0xFF,
    0x00, 0x7F, 0xF8, 0x00, 0x03, 0xFF, 0xC0, 0x0F, 0xFF, 0x00, 0x00, 0xFF, 0xE0, 0x02, 0xFF, 0xD0,
    0x00, 0x7F, 0xF4, 0x00, 0x3F, 0xFC, 0x00, 0x2F, 0xFC, 0x00, 0x0F, 0xFF, 0x00, 0x0B, 0xFF, 0x00,
    0x02, 0xFF, 0xE0, 0x03, 0xFF, 0x80, 0x00, 0x3F, 0xFC, 0x00, 0x00, 0x2F, 0xD0, 0x02, 0xFF, 0x00,
    0x03, 0xFD, 0x03, 0xFF, 0x00, 0x00, 0x7F, 0xC7, 0xFF, 0x00, 0x00, 0x0F, 0xFF, 0xFF, 0x00, 0x00,
    0x01, 0xFF, 0xFF, 0x00, 0x00, 0x00, 0x3F, 0xFF, 0x00, 0x00, 0x00, 0x00, 0x00, 0x00, 0x00, 0x00,
    0x00, 0x00, 0x00, 0x00, 0x00, 0x3F, 0xD0, 0x7F, 0xC0, 0x00, 0x1F, 0xF4, 0xFF, 0xF0, 0x00, 0x0B,
    0xFD, 0xFF, 0xF8, 0x00, 0x02, 0xFF, 0xFF, 0xFD, 0x00, 0x00, 0xFF, 0xFF, 0xFF, 0x00, 0x00, 0x3F,
    0xFF, 0x80, 0x00, 0x00, 0x1F, 0xFF, 0x80, 0x00, 0x00, 0x0B, 0xFF, 0xC0, 0x00, 0x00, 0x03, 0xFF,
    0xC0, 0x00, 0x00, 0x00, 0xFF, 0xF0, 0x00, 0x00, 0x00, 0x3F, 0xF4, 0x00, 0x00, 0x00, 0x1F, 0xFC,
    0x00, 0x00, 0x00, 0x0B, 0xFF, 0x00, 0x00, 0x00, 0x03, 0xFF, 0xC0, 0x00, 0x00, 0x00, 0xFF, 0xE0,
    0x00, 0x00, 0x00, 0x3F, 0xF4, 0x00, 0x00, 0x00, 0x1F, 0xFC, 0x00, 0x00, 0x00, 0x0B, 0xFF, 0x00,
    0x00, 0x00, 0x03, 0xFF, 0xC0, 0x00, 0x00, 0x00, 0xFF, 0xE0, 0x00, 0x00, 0x00, 0x3F, 0xF4, 0x00,
    0x00, 0x00, 0x00, 0x00, 0x00, 0x00, 0x06, 0xAA, 0x40, 0x00, 0x00, 0x03, 0xFF, 0xC0, 0x00, 0x00,
    0x02, 0xFF, 0xC0, 0x00, 0x00, 0x01, 0xFF, 0xC0, 0x00, 0x00, 0x00, 0xFF, 0xC0, 0x00, 0x00, 0x00,
    0xFF, 0x80, 0x00, 0x00, 0x00, 0x2A, 0x40, 0x00, 0x00, 0x00, 0x00, 0x00, 0x00, 0x00, 0x00, 0x00,
    0x00, 0x00, 0x00, 0x00, 0x06, 0xFF, 0xE4, 0x00, 0x00, 0x2F, 0xFF, 0xFF, 0xE0, 0x00, 0x3F, 0xFF,
    0xFF, 0xFC, 0x00, 0x2F, 0xFF, 0xFF, 0xFD, 0x00, 0x1F, 0xFF, 0xEA, 0xFF, 0x00, 0x0F, 0xFF, 0x40,
    0x02, 0x40, 0x03, 0xFF, 0xC0, 0x00, 0x00, 0x00, 0xFF, 0xE0, 0x00, 0x00, 0x00, 0x3F, 0xFC, 0x00,
    0x00, 0x00, 0x0F, 0xFF, 0x40, 0x00, 0x00, 0x02, 0xFF, 0xF4, 0x00, 0x00, 0x00, 0x7F, 0xFF, 0x80,
    0x00, 0x00, 0x0B, 0xFF, 0xFC, 0x00, 0x00, 0x00, 0xBF, 0xFF, 0xD0, 0x00, 0x00, 0x0B, 0xFF, 0xFC,
    0x00, 0x00, 0x00, 0x7F, 0xFF, 0x80, 0x00, 0x00, 0x03, 0xFF, 0xF0, 0x00, 0x00, 0x00, 0x3F, 0xFC,
    0x00, 0x00, 0x00, 0x0B, 0xFF, 0x40, 0x00, 0x00, 0x01, 0xFF, 0xD0, 0x00, 0x00, 0x00, 0xBF, 0xF0,
    0x07, 0x80, 0x00, 0x7F, 0xFC, 0x01, 0xFF, 0xAA, 0xFF, 0xFD, 0x00, 0x7F, 0xFF, 0xFF, 0xFF, 0x00,
    0x1F, 0xFF, 0xFF, 0xFF, 0x00, 0x03, 0xFF, 0xFF, 0xFE, 0x00, 0x00, 0x0B, 0xFF, 0xE4, 0x00, 0x00,
    0x00, 0x00, 0x01, 0xFF, 0xF0, 0x00, 0x00, 0x0F, 0xFF, 0x00, 0x00, 0x00, 0xFF, 0xF0, 0x00, 0x00,
    0x07, 0xFF, 0x00, 0x00, 0x00, 0x3F, 0xE0, 0x00, 0x00, 0x03, 0xFD, 0x00, 0x00, 0x00, 0x00, 0x00,
    0x00, 0x00, 0x00, 0x00, 0x00, 0x00, 0x00, 0x06, 0xFF, 0xE4, 0x00, 0x01, 0xFF, 0xFF, 0xFD, 0x00,
    0x1F, 0xFF, 0xFF, 0xFC, 0x00, 0xFF, 0xFF, 0xFF, 0xD0, 0x07, 0xFF, 0xEA, 0xFF, 0x00, 0x1F, 0xFD,
    0x00, 0x24, 0x00, 0x7F, 0xF4, 0x00, 0x00, 0x01, 0xFF, 0xF0, 0x00, 0x00, 0x03, 0xFF, 0xF4, 0x00,
    0x00, 0x03, 0xFF, 0xFD, 0x00, 0x00, 0x03, 0xFF, 0xFE, 0x00, 0x00, 0x02, 0xFF, 0xFD, 0x00, 0x00,
    0x00, 0xFF, 0xFC, 0x00, 0x00, 0x00, 0xFF, 0xF0, 0x00, 0x00, 0x01, 0xFF, 0xD0, 0x28, 0x00, 0x0F,
    0xFF, 0x00, 0xBF, 0xAA, 0xFF, 0xFC, 0x02, 0xFF, 0xFF, 0xFF, 0xE0, 0x0B, 0xFF, 0xFF, 0xFF, 0x00,
    0x2F, 0xFF, 0xFF, 0xE0, 0x00, 0x06, 0xFF, 0xE4, 0x00, 0x00, 0x00, 0x00, 0x03, 0xFF, 0xF0, 0x00,
    0x00, 0x03, 0xFF, 0xFD, 0x00, 0x00, 0x03, 0xFF, 0xFF, 0xC0, 0x00, 0x03, 0xFF, 0x5F, 0xF4, 0x00,
    0x03, 0xFF, 0x01, 0xFF, 0x00, 0x03, 0xFD, 0x00, 0x2F, 0xE0, 0x00, 0x00, 0x00, 0x00, 0x00, 0x00,
    0x00, 0x00, 0x00, 0x00, 0x00, 0x00, 0x00, 0x00, 0x00, 0x00, 0x00, 0x06, 0xFF, 0xE4, 0x00, 0x00,
    0x2F, 0xFF, 0xFF, 0xE0, 0x00, 0x3F, 0xFF, 0xFF, 0xFC, 0x00, 0x2F, 0xFF, 0xFF, 0xFD, 0x00, 0x1F,
    0xFF, 0xEA, 0xFF, 0x00, 0x0F, 0xFF, 0x40, 0x02, 0x40, 0x03, 0xFF, 0xC0, 0x00, 0x00, 0x00, 0xFF,
    0xE0, 0x00, 0x00, 0x00, 0x3F, 0xFC, 0x00, 0x00, 0x00, 0x0F, 0xFF, 0x40, 0x00, 0x00, 0x02, 0xFF,
    0xF4, 0x00, 0x00, 0x00, 0x7F, 0xFF, 0x80, 0x00, 0x00, 0x0B, 0xFF, 0xFC, 0x00, 0x00, 0x00, 0xBF,
    0xFF, 0xD0, 0x00, 0x00, 0x0B, 0xFF, 0xFC, 0x00, 0x00, 0x00, 0x7F, 0xFF, 0x80, 0x00, 0x00, 0x03,
    0xFF, 0xF0, 0x00, 0x00, 0x00, 0x3F, 0xFC, 0x00, 0x00, 0x00, 0x0B, 0xFF, 0x40, 0x00, 0x00, 0x01,
    0xFF, 0xD0, 0x00, 0x00, 0x00, 0xBF, 0xF0, 0x07, 0x80, 0x00, 0x7F, 0xFC, 0x01, 0xFF, 0xAA, 0xFF,
    0xFD, 0x00, 0x7F, 0xFF, 0xFF, 0xFF, 0x00, 0x1F, 0xFF, 0xFF, 0xFF, 0x00, 0x03, 0xFF, 0xFF, 0xFE,
    0x00, 0x00, 0x0B, 0xFF, 0xE4, 0x00, 0x00, 0x00, 0x00, 0xFF, 0xFC, 0x00, 0x00, 0x0B, 0xFF, 0xF8,
    0x00, 0x00, 0xBF, 0xFF, 0xF0, 0x00, 0x0B, 0xFD, 0x3F, 0xF0, 0x00, 0xBF, 0xD0, 0x3F, 0xD0, 0x0B,
    0xF8, 0x00, 0x7F, 0xC0, 0x00, 0x00, 0x00, 0x00, 0x00, 0x00, 0x00, 0x00, 0x00, 0x00, 0x06, 0xFF,
    0xE4, 0x00, 0x01, 0xFF, 0xFF, 0xFD, 0x00, 0x1F, 0xFF, 0xFF, 0xFC, 0x00, 0xFF, 0xFF, 0xFF, 0xD0,
    0x07, 0xFF, 0xEA, 0xFF, 0x00, 0x1F, 0xFD, 0x00, 0x24, 0x00, 0x7F, 0xF4, 0x00, 0x00, 0x01, 0xFF,
    0xF0, 0x00, 0x00, 0x03, 0xFF, 0xF4, 0x00, 0x00, 0x03, 0xFF, 0xFD, 0x00, 0x00, 0x03, 0xFF, 0xFE,
    0x00, 0x00, 0x02, 0xFF, 0xFD, 0x00, 0x00, 0x00, 0xFF, 0xFC, 0x00, 0x00, 0x00, 0xFF, 0xF0, 0x00,
    0x00, 0x01, 0xFF, 0xD0, 0x28, 0x00, 0x0F, 0xFF, 0x00, 0xBF, 0xAA, 0xFF, 0xFC, 0x02, 0xFF, 0xFF,
    0xFF, 0xE0, 0x0B, 0xFF, 0xFF, 0xFF, 0x00, 0x2F, 0xFF, 0xFF, 0xE0, 0x00, 0x06, 0xFF, 0xE4, 0x00,
    0x00, 0x00, 0x00, 0x1B, 0xFF, 0x90, 0x00, 0x00, 0xBF, 0xFF, 0xFF, 0x80, 0x00, 0xFF, 0xFF, 0xFF,
    0xF0, 0x00, 0xFF, 0xFF, 0xFF, 0xF4, 0x00, 0x7F, 0xFF, 0xAB, 0xFC, 0x00, 0x3F, 0xFD, 0x00, 0x09,
    0x00, 0x0F, 0xFF, 0x00, 0x00, 0x00, 0x03, 0xFF, 0x80, 0x00, 0x00, 0x00, 0xFF, 0xF0, 0x00, 0x00,
    0x00, 0x3F, 0xFD, 0x00, 0x00, 0x00, 0x0B, 0xFF, 0xD0, 0x00, 0x00, 0x00, 0xFF, 0xFE, 0x00, 0x00,
    0x00, 0x2F, 0xFF, 0xF0, 0x00, 0x00, 0x02, 0xFF, 0xFF, 0x40, 0x00, 0x00, 0x2F, 0xFF, 0xF0, 0x00,
    0x00, 0x01, 0xFF, 0xFE, 0x00, 0x00, 0x00, 0x0F, 0xFF, 0xC0, 0x00, 0x00, 0x00, 0xFF, 0xF0, 0x00,
    0x00, 0x00, 0x1F, 0xFD, 0x00, 0x00, 0x00, 0x07, 0xFF, 0x40, 0x00, 0x00, 0x02, 0xFF, 0xC0, 0x1E,
    0x40, 0x01, 0xFF, 0xF0, 0x07, 0xFF, 0xAB, 0xFF, 0xF4, 0x01, 0xFF, 0xFF, 0xFF, 0xFC, 0x00, 0x7F,
    0xFF, 0xFF, 0xFC, 0x00, 0x0F, 0xFF, 0xFF, 0xF8, 0x00, 0x00, 0x2F, 0xFF, 0x90, 0x00, 0x00, 0x00,
    0x7F, 0x00, 0x00, 0x00, 0x00, 0x3F, 0xE0, 0x00, 0x00, 0x00, 0x1F, 0xFF, 0x00, 0x00, 0x00, 0x00,
    0x7F, 0xD0, 0x00, 0x00, 0x00, 0x0F, 0xF4, 0x00, 0x00, 0x00, 0x07, 0xFD, 0x00, 0x00, 0x00, 0xFF,
    0xFF, 0x00, 0x00, 0x00, 0x3F, 0xFF, 0x40, 0x00, 0x00, 0x0F, 0xFE, 0x00, 0x00, 0x00, 0x00, 0x06,
    0xFF, 0xE4, 0x00, 0x07, 0xFF, 0xFF, 0xF4, 0x01, 0xFF, 0xFF, 0xFF, 0xC0, 0x3F, 0xFF, 0xFF, 0xF4,
    0x03, 0xFF, 0xEA, 0xFF, 0x00, 0x7F, 0xF4, 0x00, 0x90, 0x07, 0xFF, 0x40, 0x00, 0x00, 0x7F, 0xFC,
    0x00, 0x00, 0x03, 0xFF, 0xF4, 0x00, 0x00, 0x1F, 0xFF, 0xF4, 0x00, 0x00, 0x7F, 0xFF, 0xE0, 0x00,
    0x01, 0xFF, 0xFF, 0x40, 0x00, 0x01, 0xFF, 0xFC, 0x00, 0x00, 0x03, 0xFF, 0xC0, 0x00, 0x00, 0x2F,
    0xFD, 0x04, 0x00, 0x02, 0xFF, 0xC0, 0xB9, 0x00, 0xBF, 0xFC, 0x0B, 0xFF, 0xFF, 0xFF, 0x80, 0xBF,
    0xFF, 0xFF, 0xF0, 0x0B, 0xFF, 0xFF, 0xF8, 0x00, 0x1B, 0xFF, 0xE4, 0x00, 0x00, 0x07, 0xF0, 0x00,
    0x00, 0x00, 0xFF, 0x80, 0x00, 0x00, 0x1F, 0xFF, 0x00, 0x00, 0x00, 0x1F, 0xF4, 0x00, 0x00, 0x00,
    0xFF, 0x40, 0x00, 0x00, 0x1F, 0xF4, 0x00, 0x00, 0xFF, 0xFF, 0x00, 0x00, 0x0F, 0xFF, 0xD0, 0x00,
    0x00, 0xFF, 0xE0, 0x00, 0x00, 0x00, 0x02, 0xFE, 0x00, 0x2F, 0xF0, 0x00, 0x03, 0xFD, 0x03, 0xFF,
    0x00, 0x00, 0x07, 0xFC, 0x7F, 0xF0, 0x00, 0x00, 0x0F, 0xFF, 0xFF, 0x00, 0x00, 0x00, 0x1F, 0xFF,
    0xF0, 0x00, 0x00, 0x00, 0x3F, 0xFF, 0x00, 0x00, 0x00, 0x00, 0x00, 0x00, 0x00, 0x00, 0x00, 0x00,
    0x00, 0x00, 0x00, 0x00, 0x00, 0x00, 0x00, 0x00, 0x00, 0x00, 0x00, 0x6F, 0xFE, 0x40, 0x00, 0x00,
    0x2F, 0xFF, 0xFF, 0xE0, 0x00, 0x03, 0xFF, 0xFF, 0xFF, 0xC0, 0x00, 0x2F, 0xFF, 0xFF, 0xFD, 0x00,
    0x01, 0xFF, 0xFE, 0xAF, 0xF0, 0x00, 0x0F, 0xFF, 0x40, 0x02, 0x40, 0x00, 0x3F, 0xFC, 0x00, 0x00,
    0x00, 0x00, 0xFF, 0xE0, 0x00, 0x00, 0x00, 0x03, 0xFF, 0xC0, 0x00, 0x00, 0x00, 0x0F, 0xFF, 0x40,
    0x00, 0x00, 0x00, 0x2F, 0xFF, 0x40, 0x00, 0x00, 0x00, 0x7F, 0xFF, 0x80, 0x00, 0x00, 0x00, 0xBF,
    0xFF, 0xC0, 0x00, 0x00, 0x00, 0xBF, 0xFF, 0xD0, 0x00, 0x00, 0x00, 0xBF, 0xFF, 0xC0, 0x00, 0x00,
    0x00, 0x7F, 0xFF, 0x80, 0x00, 0x00, 0x00, 0x3F, 0xFF, 0x00, 0x00, 0x00, 0x00, 0x3F, 0xFC, 0x00,
    0x00, 0x00, 0x00, 0xBF, 0xF4, 0x00, 0x00, 0x00, 0x01, 0xFF, 0xD0, 0x00, 0x00, 0x00, 0x0B, 0xFF,
    0x00, 0x07, 0x80, 0x00, 0x7F, 0xFC, 0x00, 0x1F, 0xFA, 0xAF, 0xFF, 0xD0, 0x00, 0x7F, 0xFF, 0xFF,
    0xFF, 0x00, 0x01, 0xFF, 0xFF, 0xFF, 0xF0, 0x00, 0x03, 0xFF, 0xFF, 0xFE, 0x00, 0x00, 0x00, 0xBF,
    0xFE, 0x40, 0x00, 0x00, 0x00, 0x7F, 0xC0, 0x07, 0xFD, 0x00, 0x3F, 0xE0, 0x2F, 0xF4, 0x00, 0x0F,
    0xF8, 0xFF, 0xD0, 0x00, 0x0B, 0xFF, 0xFF, 0x40, 0x00, 0x03, 0xFF, 0xFD, 0x00, 0x00, 0x02, 0xFF,
    0xF4, 0x00, 0x00, 0x00, 0x00, 0x00, 0x00, 0x00, 0x00, 0x00, 0x00, 0x00, 0x00, 0x06, 0xFF, 0xE4,
    0x00, 0x00, 0x7F, 0xFF, 0xFF, 0x40, 0x01, 0xFF, 0xFF, 0xFF, 0xC0, 0x03, 0xFF, 0xFF, 0xFF, 0x40,
    0x07, 0xFF, 0xEA, 0xFF, 0x00, 0x07, 0xFF, 0x40, 0x09, 0x00, 0x07, 0xFF, 0x40, 0x00, 0x00, 0x07,
    0xFF, 0xC0, 0x00, 0x00, 0x03, 0xFF, 0xF4, 0x00, 0x00, 0x00, 0xFF, 0xFF, 0x40, 0x00, 0x00, 0x3F,
    0xFF, 0xE0, 0x00, 0x00, 0x0B, 0xFF, 0xF4, 0x00, 0x00, 0x00, 0xFF, 0xFC, 0x00, 0x00, 0x00, 0x3F,
    0xFC, 0x00, 0x00, 0x00, 0x1F, 0xFD, 0x00, 0xA0, 0x00, 0x3F, 0xFC, 0x00, 0xBF, 0xAA, 0xFF, 0xFC,
    0x00, 0xBF, 0xFF, 0xFF, 0xF8, 0x00, 0xBF, 0xFF, 0xFF, 0xF0, 0x00, 0xBF, 0xFF, 0xFF, 0x80, 0x00,
    0x06, 0xFF, 0xE4, 0x00, 0x00, 0x0F, 0xFF, 0xFF, 0xFF, 0xFF, 0x47, 0xFF, 0xFF, 0xFF, 0xFF, 0xD1,
    0xFF, 0xFF, 0xFF, 0xFF, 0xF0, 0xBF, 0xFF, 0xFF, 0xFF, 0xFC, 0x1A, 0xAB, 0xFF, 0xEA, 0xA9, 0x00,
    0x00, 0xBF, 0xF0, 0x00, 0x00, 0x00, 0x3F, 0xFC, 0x00, 0x00, 0x00, 0x0F, 0xFE, 0x00, 0x00, 0x00,
    0x07, 0xFF, 0x40, 0x00, 0x00, 0x02, 0xFF, 0xC0, 0x00, 0x00, 0x00, 0xFF, 0xF0, 0x00, 0x00, 0x00,
    0x3F, 0xF8, 0x00, 0x00, 0x00, 0x0F, 0xFE, 0x00, 0x00, 0x00, 0x07, 0xFF, 0x40, 0x00, 0x00, 0x02,
    0xFF, 0xC0, 0x00, 0x00, 0x00, 0xFF, 0xF0, 0x00, 0x00, 0x00, 0x3F, 0xF8, 0x00, 0x00, 0x00, 0x0F,
    0xFD, 0x00, 0x00, 0x00, 0x07, 0xFF, 0x40, 0x00, 0x00, 0x02, 0xFF, 0xC0, 0x00, 0x00, 0x00, 0xFF,
    0xF0, 0x00, 0x00, 0x00, 0x3F, 0xF8, 0x00, 0x00, 0x00, 0x0F, 0xFD, 0x00, 0x00, 0x00, 0x07, 0xFF,
    0x40, 0x00, 0x00, 0x02, 0xFF, 0xC0, 0x00, 0x00, 0x00, 0xFF, 0xF0, 0x00, 0x00, 0x00, 0x3F, 0xF8,
    0x00, 0x00, 0x00, 0x03, 0xF4, 0x00, 0x00, 0x00, 0x02, 0xFD, 0x00, 0x00, 0x00, 0x00, 0xFF, 0xE0,
    0x00, 0x00, 0x00, 0x07, 0xFD, 0x00, 0x00, 0x00, 0x00, 0xFF, 0x80, 0x00, 0x00, 0x10, 0x7F, 0xD0,
    0x00, 0x00, 0x0F, 0xFF, 0xF0, 0x00, 0x00, 0x03, 0xFF, 0xF4, 0x00, 0x00, 0x00, 0xBF, 0xE0, 0x00,
    0x00, 0x00, 0x00, 0x01, 0xA4, 0x00, 0x00, 0x07, 0xF8, 0x00, 0x00, 0x0F, 0xF4, 0x00, 0x00, 0x1F,
    0xF0, 0x00, 0x00, 0x3F, 0xF0, 0x00, 0x01, 0xFF, 0xFF, 0xFC, 0x1F, 0xFF, 0xFF, 0xFC, 0x3F, 0xFF,
    0xFF, 0xF8, 0x3F, 0xFF, 0xFF, 0xF4, 0x2B, 0xFF, 0xEA, 0xA0, 0x02, 0xFF, 0xC0, 0x00, 0x03, 0xFF,
    0x80, 0x00, 0x03, 0xFF, 0x40, 0x00, 0x07, 0xFF, 0x00, 0x00, 0x0B, 0xFF, 0x00, 0x00, 0x0F, 0xFE,
    0x00, 0x00, 0x0F, 0xFE, 0x00, 0x00, 0x0F, 0xFD, 0x00, 0x00, 0x1F, 0xFC, 0x00, 0x00, 0x2F, 0xFC,
    0x00, 0x00, 0x3F, 0xFC, 0x00, 0x00, 0x3F, 0xFE, 0x6D, 0x00, 0x2F, 0xFF, 0xFD, 0x00, 0x1F, 0xFF,
    0xFD, 0x00, 0x0F, 0xFF, 0xFD, 0x00, 0x01, 0xFF, 0xE4, 0x00, 0x01, 0xFC, 0x00, 0x00, 0x03, 0xFE,
    0x00, 0x00, 0x07, 0xFF, 0xC0, 0x00, 0x00, 0x7F, 0xD0, 0x00, 0x00, 0x3F, 0xD0, 0x00, 0x10, 0x7F,
    0xD0, 0x00, 0x3F, 0xFF, 0xC0, 0x00, 0x3F, 0xFF, 0x40, 0x00, 0x3F, 0xF8, 0x00, 0x00, 0x00, 0x7F,
    0xC0, 0x07, 0xFD, 0x00, 0x2F, 0xE0, 0x2F, 0xF4, 0x00, 0x0F, 0xF8, 0xFF, 0xD0, 0x00, 0x0B, 0xFF,
    0xFF, 0x40, 0x00, 0x03, 0xFF, 0xFD, 0x00, 0x00, 0x01, 0xFF, 0xF4, 0x00, 0x00, 0x00, 0x00, 0x00,
    0x00, 0x00, 0x00, 0x00, 0x00, 0x00, 0x3F, 0xFF, 0xFF, 0xFF, 0xFD, 0x7F, 0xFF, 0xFF, 0xFF, 0xFD,
    0x7F, 0xFF, 0xFF, 0xFF, 0xFC, 0xBF, 0xFF, 0xFF, 0xFF, 0xFC, 0x6A, 0xAF, 0xFF, 0xAA, 0xA4, 0x00,
    0x0B, 0xFF, 0x00, 0x00, 0x00, 0x0F, 0xFF, 0x00, 0x00, 0x00, 0x0F, 0xFE, 0x00, 0x00, 0x00, 0x1F,
    0xFD, 0x00, 0x00, 0x00, 0x2F, 0xFC, 0x00, 0x00, 0x00, 0x3F, 0xFC, 0x00, 0x00, 0x00, 0x3F, 0xF8,
    0x00, 0x00, 0x00, 0x3F, 0xF8, 0x00, 0x00, 0x00, 0x7F, 0xF4, 0x00, 0x00, 0x00, 0xBF, 0xF0, 0x00,
    0x00, 0x00, 0xFF, 0xF0, 0x00, 0x00, 0x00, 0xFF, 0xE0, 0x00, 0x00, 0x00, 0xFF, 0xD0, 0x00, 0x00,
    0x01, 0xFF, 0xD0, 0x00, 0x00, 0x02, 0xFF, 0xC0, 0x00, 0x00, 0x03, 0xFF, 0xC0, 0x00, 0x00, 0x03,
    0xFF, 0x80, 0x00, 0x00, 0x03, 0xFF, 0x40, 0x00, 0x00, 0x07, 0xFF, 0x40, 0x00, 0x00, 0x0B, 0xFF,
    0x00, 0x00, 0x00, 0x0F, 0xFF, 0x00, 0x00, 0x00, 0x0F, 0xFE, 0x00, 0x00, 0x00, 0x00, 0x00, 0x00,
    0x0F, 0xFD, 0x00, 0x00, 0x00, 0x1F, 0xFC, 0x00, 0x00, 0x00, 0x2F, 0xF0, 0x00, 0x01, 0x54, 0x3F,
    0xD0, 0x00, 0x03, 0xF8, 0xBF, 0x80, 0x00, 0x0B, 0xF4, 0xFE, 0x00, 0x00, 0x1F, 0xF0, 0x00, 0x00,
    0x00, 0x3F, 0xF0, 0x00, 0x00, 0x01, 0xBF, 0xFF, 0xFC, 0x00, 0x1F, 0xFF, 0xFF, 0xFC, 0x00, 0x3F,
    0xFF, 0xFF, 0xF8, 0x00, 0x3F, 0xFF, 0xFF, 0xF4, 0x00, 0x2B, 0xFF, 0xEA, 0xA0, 0x00, 0x02, 0xFF,
    0xC0, 0x00, 0x00, 0x03, 0xFF, 0x80, 0x00, 0x00, 0x03, 0xFF, 0x40, 0x00, 0x00, 0x07, 0xFF, 0x00,
    0x00, 0x00, 0x0B, 0xFF, 0x00, 0x00, 0x00, 0x0F, 0xFE, 0x00, 0x00, 0x00, 0x0F, 0xFD, 0x00, 0x00,
    0x00, 0x0F, 0xFD, 0x00, 0x00, 0x00, 0x1F, 0xFC, 0x00, 0x00, 0x00, 0x2F, 0xFC, 0x00, 0x00, 0x00,
    0x3F, 0xFC, 0x00, 0x00, 0x00, 0x3F, 0xFE, 0xAD, 0x00, 0x00, 0x2F, 0xFF, 0xFD, 0x00, 0x00, 0x1F,
    0xFF, 0xFD, 0x00, 0x00, 0x0F, 0xFF, 0xFD, 0x00, 0x00, 0x01, 0xFF, 0xE4, 0x00, 0x00, 0x0F, 0xFF,
    0xFF, 0xFF, 0xFF, 0x47, 0xFF, 0xFF, 0xFF, 0xFF, 0xD1, 0xFF, 0xFF, 0xFF, 0xFF, 0xF0, 0xBF, 0xFF,
    0xFF, 0xFF, 0xFC, 0x1A, 0xAB, 0xFF, 0xEA, 0xA9, 0x00, 0x00, 0xBF, 0xF0, 0x00, 0x00, 0x00, 0x3F,
    0xFC, 0x00, 0x00, 0x00, 0x0F, 0xFE, 0x00, 0x00, 0x00, 0x07, 0xFF, 0x40, 0x00, 0x00, 0x02, 0xFF,
    0xC0, 0x00, 0x00, 0x00, 0xBF, 0xF0, 0x00, 0x00, 0x2A, 0xBF, 0xFE, 0xA8, 0x00, 0x1F, 0xFF, 0xFF,
    0xFF, 0x00, 0x0B, 0xFF, 0xFF, 0xFF, 0x80, 0x03, 0xFF, 0xFF, 0xFF, 0xD0, 0x00, 0xFF, 0xFF, 0xFF,
    0xF4, 0x00, 0x00, 0x3F, 0xF8, 0x00, 0x00, 0x00, 0x0F, 0xFE, 0x00, 0x00, 0x00, 0x07, 0xFF, 0x40,
    0x00, 0x00, 0x02, 0xFF, 0xC0, 0x00, 0x00, 0x00, 0xFF, 0xF0, 0x00, 0x00, 0x00, 0x3F, 0xF8, 0x00,
    0x00, 0x00, 0x0F, 0xFD, 0x00, 0x00, 0x00, 0x07, 0xFF, 0x40, 0x00, 0x00, 0x02, 0xFF, 0xC0, 0x00,
    0x00, 0x00, 0xFF, 0xF0, 0x00, 0x00, 0x00, 0x3F, 0xF8, 0x00, 0x00, 0x00, 0x00, 0x00, 0x69, 0x00,
    0x00, 0x00, 0x7F, 0x80, 0x00, 0x00, 0x3F, 0xD0, 0x00, 0x00, 0x1F, 0xF0, 0x00, 0x00, 0x0F, 0xFC,
    0x00, 0x00, 0x1F, 0xFF, 0xFF, 0xC0, 0x7F, 0xFF, 0xFF, 0xF0, 0x3F, 0xFF, 0xFF, 0xF8, 0x0F, 0xFF,
    0xFF, 0xFD, 0x02, 0xBF, 0xFE, 0xAA, 0x00, 0x0B, 0xFF, 0x00, 0x00, 0x03, 0xFF, 0x80, 0x00, 0x00,
    0xFF, 0xD0, 0x00, 0x0F, 0xFF, 0xFF, 0xF4, 0x03, 0xFF, 0xFF, 0xFC, 0x00, 0xFF, 0xFF, 0xFF, 0x00,
    0x7F, 0xFF, 0xFF, 0xC0, 0x00, 0xFF, 0xD0, 0x00, 0x00, 0x7F, 0xF0, 0x00, 0x00, 0x2F, 0xFC, 0x00,
    0x00, 0x0F, 0xFF, 0x00, 0x00, 0x03, 0xFF, 0xEA, 0xD0, 0x00, 0xFF, 0xFF, 0xF4, 0x00, 0x2F, 0xFF,
    0xFD, 0x00, 0x03, 0xFF, 0xFF, 0x40, 0x00, 0x1F, 0xFE, 0x40, 0x00, 0x00, 0x00, 0x02, 0xA4, 0x00,
    0xF8, 0x00, 0x00, 0x07, 0xFF, 0xD0, 0xBE, 0x00, 0x00, 0x03, 0xFF, 0xFF, 0xFF, 0x40, 0x00, 0x02,
    0xFF, 0xFF, 0xFF, 0xC0, 0x00, 0x00, 0xFD, 0x1F, 0xFF, 0xC0, 0x00, 0x00, 0x7E, 0x00, 0x7F, 0x80,
    0x00, 0x00, 0x00, 0x00, 0x00, 0x00, 0x00, 0x00, 0x00, 0x00, 0x00, 0x00, 0x00, 0x00, 0xBF, 0xF0,
    0x00, 0x0B, 0xFF, 0x00, 0x3F, 0xFC, 0x00, 0x02, 0xFF, 0xC0, 0x0F, 0xFE, 0x00, 0x00, 0xFF, 0xE0,
    0x07, 0xFF, 0x40, 0x00, 0x3F, 0xF8, 0x02, 0xFF, 0xC0, 0x00, 0x1F, 0xFD, 0x00, 0xFF, 0xF0, 0x00,
    0x0B, 0xFF, 0x00, 0x3F, 0xF8, 0x00, 0x03, 0xFF, 0xC0, 0x0F, 0xFE, 0x00, 0x00, 0xFF, 0xE0, 0x07,
    0xFF, 0x40, 0x00, 0x3F, 0xF4, 0x02, 0xFF, 0xC0, 0x00, 0x1F, 0xFC, 0x00, 0xFF, 0xF0, 0x00, 0x0B,
    0xFF, 0x00, 0x3F, 0xF8, 0x00, 0x03, 0xFF, 0xC0, 0x1F, 0xFD, 0x00, 0x00, 0xFF, 0xE0, 0x0B, 0xFF,
    0x00, 0x00, 0x7F, 0xF4, 0x02, 0xFF, 0xC0, 0x00, 0x1F, 0xFC, 0x00, 0xFF, 0xF0, 0x00, 0x0B, 0xFF,
    0x00, 0x3F, 0xF8, 0x00, 0x03, 0xFF, 0x80, 0x1F, 0xFD, 0x00, 0x00, 0xFF, 0xE0, 0x07, 0xFF, 0x40,
    0x00, 0x7F, 0xF4, 0x01, 0xFF, 0xD0, 0x00, 0x3F, 0xFC, 0x00, 0x7F, 0xF4, 0x00, 0x1F, 0xFE, 0x00,
    0x0F, 0xFF, 0x00, 0x1F, 0xFF, 0x00, 0x03, 0xFF, 0xFA, 0xBF, 0xFF, 0x80, 0x00, 0x7F, 0xFF, 0xFF,
    0xFF, 0xC0, 0x00, 0x0B, 0xFF, 0xFF, 0xFF, 0xC0, 0x00, 0x00, 0x7F, 0xFF, 0xFF, 0x80, 0x00, 0x00,
    0x01, 0xBF, 0xF9, 0x00, 0x00, 0x00, 0x00, 0x00, 0xA9, 0x00, 0x2F, 0x00, 0x01, 0xFF, 0xF4, 0x2F,
    0xC0, 0x00, 0xFF, 0xFF, 0xFF, 0xD0, 0x00, 0xBF, 0xFF, 0xFF, 0xF0, 0x00, 0x3F, 0x47, 0xFF, 0xF4,
    0x00, 0x0F, 0x80, 0x1B, 0xE0, 0x00, 0x00, 0x00, 0x00, 0x00, 0x00, 0x00, 0x00, 0x00, 0x00, 0x00,
    0x07, 0xFF, 0x00, 0x0B, 0xFF, 0x02, 0xFF, 0xC0, 0x03, 0xFF, 0x80, 0xBF, 0xF0, 0x00, 0xFF, 0xD0,
    0x3F, 0xF8, 0x00, 0x3F, 0xF4, 0x0F, 0xFD, 0x00, 0x1F, 0xFC, 0x07, 0xFF, 0x00, 0x0B, 0xFF, 0x02,
    0xFF, 0xC0, 0x03, 0xFF, 0x80, 0xFF, 0xE0, 0x00, 0xFF, 0xD0, 0x3F, 0xF8, 0x00, 0x7F, 0xF4, 0x0F,
    0xFD, 0x00, 0x2F, 0xFC, 0x07, 0xFF, 0x00, 0x0F, 0xFF, 0x02, 0xFF, 0xC0, 0x03, 0xFF, 0x80, 0xFF,
    0xE0, 0x02, 0xFF, 0xD0, 0x3F, 0xF8, 0x00, 0xFF, 0xF0, 0x0F, 0xFE, 0x00, 0xBF, 0xFC, 0x03, 0xFF,
    0xC0, 0x7F, 0xFF, 0x00, 0xFF, 0xFE, 0xBF, 0xFF, 0x80, 0x2F, 0xFF, 0xFF, 0x7F, 0xD0, 0x07, 0xFF,
    0xFF, 0x5F, 0xF0, 0x00, 0xBF, 0xFF, 0x47, 0xFC, 0x00, 0x07, 0xFE, 0x01, 0xFF, 0x00, 0x00, 0x00,
    0x00, 0x2F, 0xFF, 0xFF, 0xC0, 0x00, 0x00, 0x0B, 0xFF, 0xFF, 0xE0, 0x00, 0x00, 0x03, 0xFF, 0xFF,
    0xF4, 0x00, 0x00, 0x00, 0xFF, 0xFF, 0xFD, 0x00, 0x00, 0x00, 0x00, 0x00, 0x00, 0x00, 0x00, 0x00,
    0x00, 0x00, 0x00, 0x00, 0x00, 0x0B, 0xFF, 0x00, 0x00, 0xBF, 0xF0, 0x03, 0xFF, 0xC0, 0x00, 0x2F,
    0xFC, 0x00, 0xFF, 0xE0, 0x00, 0x0F, 0xFE, 0x00, 0x7F, 0xF4, 0x00, 0x03, 0xFF, 0x80, 0x2F, 0xFC,
    0x00, 0x01, 0xFF, 0xD0, 0x0F, 0xFF, 0x00, 0x00, 0xBF, 0xF0, 0x03, 0xFF, 0x80, 0x00, 0x3F, 0xFC,
    0x00, 0xFF, 0xE0, 0x00, 0x0F, 0xFE, 0x00, 0x7F, 0xF4, 0x00, 0x03, 0xFF, 0x40, 0x2F, 0xFC, 0x00,
    0x01, 0xFF, 0xC0, 0x0F, 0xFF, 0x00, 0x00, 0xBF, 0xF0, 0x03, 0xFF, 0x80, 0x00, 0x3F, 0xFC, 0x01,
    0xFF, 0xD0, 0x00, 0x0F, 0xFE, 0x00, 0xBF, 0xF0, 0x00, 0x07, 0xFF, 0x40, 0x2F, 0xFC, 0x00, 0x01,
    0xFF, 0xC0, 0x0F, 0xFF, 0x00, 0x00, 0xBF, 0xF0, 0x03, 0xFF, 0x80, 0x00, 0x3F, 0xF8, 0x01, 0xFF,
    0xD0, 0x00, 0x0F, 0xFE, 0x00, 0x7F, 0xF4, 0x00, 0x07, 0xFF, 0x40, 0x1F, 0xFD, 0x00, 0x03, 0xFF,
    0xC0, 0x07, 0xFF, 0x40, 0x01, 0xFF, 0xE0, 0x00, 0xFF, 0xF0, 0x01, 0xFF, 0xF0, 0x00, 0x3F, 0xFF,
    0xAB, 0xFF, 0xF8, 0x00, 0x07, 0xFF, 0xFF, 0xFF, 0xFC, 0x00, 0x00, 0xBF, 0xFF, 0xFF, 0xFC, 0x00,
    0x00, 0x07, 0xFF, 0xFF, 0xF8, 0x00, 0x00, 0x00, 0x1B, 0xFF, 0x90, 0x00, 0x00, 0x00, 0x00, 0x07,
    0xFF, 0xFF, 0xF0, 0x00, 0x02, 0xFF, 0xFF, 0xFC, 0x00, 0x00, 0xFF, 0xFF, 0xFE, 0x00, 0x00, 0x3F,
    0xFF, 0xFF, 0x40, 0x00, 0x00, 0x00, 0x00, 0x00, 0x00, 0x00, 0x00, 0x00, 0x00, 0x00, 0x7F, 0xF0,
    0x00, 0xBF, 0xF0, 0x2F, 0xFC, 0x00, 0x3F, 0xF8, 0x0B, 0xFF, 0x00, 0x0F, 0xFD, 0x03, 0xFF, 0x80,
    0x03, 0xFF, 0x40, 0xFF, 0xD0, 0x01, 0xFF, 0xC0, 0x7F, 0xF0, 0x00, 0xBF, 0xF0, 0x2F, 0xFC, 0x00,
    0x3F, 0xF8, 0x0F, 0xFE, 0x00, 0x0F, 0xFD, 0x03, 0xFF, 0x80, 0x07, 0xFF, 0x40, 0xFF, 0xD0, 0x02,
    0xFF, 0xC0, 0x7F, 0xF0, 0x00, 0xFF, 0xF0, 0x2F, 0xFC, 0x00, 0x3F, 0xF8, 0x0F, 0xFE, 0x00, 0x2F,
    0xFD, 0x03, 0xFF, 0x80, 0x0F, 0xFF, 0x00, 0xFF, 0xE0, 0x0B, 0xFF, 0xC0, 0x3F, 0xFC, 0x07, 0xFF,
    0xF0, 0x0F, 0xFF, 0xEB, 0xFF, 0xF8, 0x02, 0xFF, 0xFF, 0xF7, 0xFD, 0x00, 0x7F, 0xFF, 0xF5, 0xFF,
    0x00, 0x0B, 0xFF, 0xF4, 0x7F, 0xC0, 0x00, 0x7F, 0xE0, 0x1F, 0xF0, 0x00, 0x00, 0x00, 0x2A, 0x00,
    0x02, 0x90, 0x00, 0x00, 0x0F, 0xD0, 0x02, 0xFC, 0x00, 0x00, 0x03, 0xFD, 0x02, 0xFE, 0x00, 0x00,
    0x00, 0xFF, 0xFF, 0xFF, 0x00, 0x00, 0x00, 0x1F, 0xFF, 0xFF, 0x40, 0x00, 0x00, 0x02, 0xFF, 0xFF,
    0x40, 0x00, 0x00, 0x00, 0x1B, 0xFE, 0x00, 0x00, 0x00, 0x00, 0x00, 0x00, 0x00, 0x00, 0x00, 0x00,
    0x00, 0x00, 0x00, 0x00, 0x00, 0x2F, 0xFC, 0x00, 0x02, 0xFF, 0xC0, 0x0F, 0xFF, 0x00, 0x00, 0xBF,
    0xF0, 0x03, 0xFF, 0x80, 0x00, 0x3F, 0xF8, 0x01, 0xFF, 0xD0, 0x00, 0x0F, 0xFE, 0x00, 0xBF, 0xF0,
    0x00, 0x07, 0xFF, 0x40, 0x3F, 0xFC, 0x00, 0x02, 0xFF, 0xC0, 0x0F, 0xFE, 0x00, 0x00, 0xFF, 0xF0,
    0x03, 0xFF, 0x80, 0x00, 0x3F, 0xF8, 0x01, 0xFF, 0xD0, 0x00, 0x0F, 0xFD, 0x00, 0xBF, 0xF0, 0x00,
    0x07, 0xFF, 0x00, 0x3F, 0xFC, 0x00, 0x02, 0xFF, 0xC0, 0x0F, 0xFE, 0x00, 0x00, 0xFF, 0xF0, 0x07,
    0xFF, 0x40, 0x00, 0x3F, 0xF8, 0x02, 0xFF, 0xC0, 0x00, 0x1F, 0xFD, 0x00, 0xBF, 0xF0, 0x00, 0x07,
    0xFF, 0x00, 0x3F, 0xFC, 0x00, 0x02, 0xFF, 0xC0, 0x0F, 0xFE, 0x00, 0x00, 0xFF, 0xE0, 0x07, 0xFF,
    0x40, 0x00, 0x3F, 0xF8, 0x01, 0xFF, 0xD0, 0x00, 0x1F, 0xFD, 0x00, 0x7F, 0xF4, 0x00, 0x0F, 0xFF,
    0x00, 0x1F, 0xFD, 0x00, 0x07, 0xFF, 0x80, 0x03, 0xFF, 0xC0, 0x07, 0xFF, 0xC0, 0x00, 0xFF, 0xFE,
    0xAF, 0xFF, 0xE0, 0x00, 0x1F, 0xFF, 0xFF, 0xFF, 0xF0, 0x00, 0x02, 0xFF, 0xFF, 0xFF, 0xF0, 0x00,
    0x00, 0x1F, 0xFF, 0xFF, 0xE0, 0x00, 0x00, 0x00, 0x6F, 0xFE, 0x40, 0x00, 0x00, 0x00, 0x0F, 0xD0,
    0x01, 0xFC, 0x00, 0x03, 0xFD, 0x01, 0xFF, 0x00, 0x00, 0xFF, 0xFF, 0xFF, 0x40, 0x00, 0x1F, 0xFF,
    0xFF, 0x80, 0x00, 0x02, 0xFF, 0xFF, 0x80, 0x00, 0x00, 0x1B, 0xFE, 0x40, 0x00, 0x00, 0x00, 0x00,
    0x00, 0x00, 0x00, 0x00, 0x00, 0x00, 0x00, 0x07, 0xFF, 0x00, 0x0B, 0xFF, 0x02, 0xFF, 0xC0, 0x03,
    0xFF, 0x80, 0xBF, 0xF0, 0x00, 0xFF, 0xD0, 0x3F, 0xF8, 0x00, 0x3F, 0xF4, 0x0F, 0xFD, 0x00, 0x1F,
    0xFC, 0x07, 0xFF, 0x00, 0x0B, 0xFF, 0x02, 0xFF, 0xC0, 0x03, 0xFF, 0x80, 0xFF, 0xE0, 0x00, 0xFF,
    0xD0, 0x3F, 0xF8, 0x00, 0x7F, 0xF4, 0x0F, 0xFD, 0x00, 0x2F, 0xFC, 0x07, 0xFF, 0x00, 0x0F, 0xFF,
    0x02, 0xFF, 0xC0, 0x03, 0xFF, 0x80, 0xFF, 0xE0, 0x02, 0xFF, 0xD0, 0x3F, 0xF8, 0x00, 0xFF, 0xF0,
    0x0F, 0xFE, 0x00, 0xBF, 0xFC, 0x03, 0xFF, 0xC0, 0x7F, 0xFF, 0x00, 0xFF, 0xFE, 0xBF, 0xFF, 0x80,
    0x2F, 0xFF, 0xFF, 0x7F, 0xD0, 0x07, 0xFF, 0xFF, 0x5F, 0xF0, 0x00, 0xBF, 0xFF, 0x47, 0xFC, 0x00,
    0x07, 0xFE, 0x01, 0xFF, 0x00, 0x00, 0x00, 0x00, 0x00, 0x2F, 0x80, 0x00, 0x00, 0x00, 0x00, 0x7F,
    0xFD, 0x00, 0x00, 0x00, 0x00, 0x3F, 0xFF, 0xC0, 0x00, 0x00, 0x00, 0x1F, 0x83, 0xF4, 0x00, 0x00,
    0x00, 0x0B, 0xC0, 0x7E, 0x00, 0x00, 0x00, 0x02, 0xF0, 0x1F, 0x80, 0x00, 0x00, 0x00, 0x7E, 0x0F,
    0xD0, 0x00, 0x00, 0x00, 0x0F, 0xFF, 0xF0, 0x00, 0x00, 0x00, 0x01, 0xFF, 0xF4, 0x00, 0x00, 0x00,
    0x00, 0x0B, 0xE0, 0x00, 0x00, 0x00, 0x00, 0x00, 0x00, 0x00, 0x00, 0x00, 0x00, 0x00, 0x00, 0x00,
    0x00, 0x00, 0xBF, 0xF0, 0x00, 0x0B, 0xFF, 0x00, 0x3F, 0xFC, 0x00, 0x02, 0xFF, 0xC0, 0x0F, 0xFE,
    0x00, 0x00, 0xFF, 0xE0, 0x07, 0xFF, 0x40, 0x00, 0x3F, 0xF8, 0x02, 0xFF, 0xC0, 0x00, 0x1F, 0xFD,
    0x00, 0xFF, 0xF0, 0x00, 0x0B, 0xFF, 0x00, 0x3F, 0xF8, 0x00, 0x03, 0xFF, 0xC0, 0x0F, 0xFE, 0x00,
    0x00, 0xFF, 0xE0, 0x07, 0xFF, 0x40, 0x00, 0x3F, 0xF4, 0x02, 0xFF, 0xC0, 0x00, 0x1F, 0xFC, 0x00,
    0xFF, 0xF0, 0x00, 0x0B, 0xFF, 0x00, 0x3F, 0xF8, 0x00, 0x03, 0xFF, 0xC0, 0x1F, 0xFD, 0x00, 0x00,
    0xFF, 0xE0, 0x0B, 0xFF, 0x00, 0x00, 0x7F, 0xF4, 0x02, 0xFF, 0xC0, 0x00, 0x1F, 0xFC, 0x00, 0xFF,
    0xF0, 0x00, 0x0B, 0xFF, 0x00, 0x3F, 0xF8, 0x00, 0x03, 0xFF, 0x80, 0x1F, 0xFD, 0x00, 0x00, 0xFF,
    0xE0, 0x07, 0xFF, 0x40, 0x00, 0x7F, 0xF4, 0x01, 0xFF, 0xD0, 0x00, 0x3F, 0xFC, 0x00, 0x7F, 0xF4,
    0x00, 0x1F, 0xFE, 0x00, 0x0F, 0xFF, 0x00, 0x1F, 0xFF, 0x00, 0x03, 0xFF, 0xFA, 0xBF, 0xFF, 0x80,
    0x00, 0x7F, 0xFF, 0xFF, 0xFF, 0xC0, 0x00, 0x0B, 0xFF, 0xFF, 0xFF, 0xC0, 0x00, 0x00, 0x7F, 0xFF,
    0xFF, 0x80, 0x00, 0x00, 0x01, 0xBF, 0xF9, 0x00, 0x00, 0x00, 0x00, 0x00, 0x1F, 0xF4, 0x00, 0x00,
    0x00, 0x2F, 0xFF, 0x80, 0x00, 0x00, 0x0F, 0xFF, 0xF4, 0x00, 0x00, 0x07, 0xE0, 0xBE, 0x00, 0x00,
    0x02, 0xF4, 0x0F, 0x80, 0x00, 0x00, 0x7E, 0x0B, 0xE0, 0x00, 0x00, 0x0F, 0xFF, 0xF0, 0x00, 0x00,
    0x01, 0xFF, 0xF8, 0x00, 0x00, 0x00, 0x0B, 0xE4, 0x00, 0x00, 0x00, 0x00, 0x00, 0x00, 0x00, 0x00,
    0x00, 0x00, 0x00, 0x00, 0x1F, 0xFC, 0x00, 0x2F, 0xFC, 0x0B, 0xFF, 0x00, 0x0F, 0xFE, 0x02, 0xFF,
    0xC0, 0x03, 0xFF, 0x40, 0xFF, 0xE0, 0x00, 0xFF, 0xD0, 0x3F, 0xF4, 0x00, 0x7F, 0xF0, 0x1F, 0xFC,
    0x00, 0x2F, 0xFC, 0x0B, 0xFF, 0x00, 0x0F, 0xFE, 0x03, 0xFF, 0x80, 0x03, 0xFF, 0x40, 0xFF, 0xE0,
    0x01, 0xFF, 0xD0, 0x3F, 0xF4, 0x00, 0xBF, 0xF0, 0x1F, 0xFC, 0x00, 0x3F, 0xFC, 0x0B, 0xFF, 0x00,
    0x0F, 0xFE, 0x03, 0xFF, 0x80, 0x0B, 0xFF, 0x40, 0xFF, 0xE0, 0x03, 0xFF, 0xC0, 0x3F, 0xF8, 0x02,
    0xFF, 0xF0, 0x0F, 0xFF, 0x01, 0xFF, 0xFC, 0x03, 0xFF, 0xFA, 0xFF, 0xFE, 0x00, 0xBF, 0xFF, 0xFD,
    0xFF, 0x40, 0x1F, 0xFF, 0xFD, 0x7F, 0xC0, 0x02, 0xFF, 0xFD, 0x1F, 0xF0, 0x00, 0x1F, 0xF8, 0x07,
    0xFC, 0x00, 0x00, 0x00, 0x00, 0x3F, 0xF4, 0xBF, 0xF0, 0x00, 0x00, 0x03, 0xFF, 0x87, 0xFF, 0x00,
    0x00, 0x00, 0x2F, 0xF8, 0x3F, 0xF0, 0x00, 0x00, 0x01, 0xFF, 0x42, 0xFF, 0x00, 0x00, 0x00, 0x0F,
    0xF0, 0x2F, 0xE0, 0x00, 0x00, 0x00, 0xFE, 0x00, 0xFD, 0x00, 0x00, 0x00, 0x00, 0x00, 0x00, 0x00,
    0x00, 0x00, 0x00, 0x00, 0x00, 0x00, 0x00, 0x00, 0x00, 0x00, 0x00, 0x00, 0x00, 0x00, 0x00, 0x02,
    0xFF, 0xC0, 0x00, 0x2F, 0xFC, 0x00, 0x0F, 0xFF, 0x00, 0x00, 0xBF, 0xF0, 0x00, 0x3F, 0xF8, 0x00,
    0x03, 0xFF, 0x80, 0x01, 0xFF, 0xD0, 0x00, 0x0F, 0xFE, 0x00, 0x0B, 0xFF, 0x00, 0x00, 0x7F, 0xF4,
    0x00, 0x3F, 0xFC, 0x00, 0x02, 0xFF, 0xC0, 0x00, 0xFF, 0xE0, 0x00, 0x0F, 0xFF, 0x00, 0x03, 0xFF,
    0x80, 0x00, 0x3F, 0xF8, 0x00, 0x1F, 0xFD, 0x00, 0x00, 0xFF, 0xD0, 0x00, 0xBF, 0xF0, 0x00, 0x07,
    0xFF, 0x00, 0x03, 0xFF, 0xC0, 0x00, 0x2F, 0xFC, 0x00, 0x0F, 0xFE, 0x00, 0x00, 0xFF, 0xF0, 0x00,
    0x7F, 0xF4, 0x00, 0x03, 0xFF, 0x80, 0x02, 0xFF, 0xC0, 0x00, 0x1F, 0xFD, 0x00, 0x0B, 0xFF, 0x00,
    0x00, 0x7F, 0xF0, 0x00, 0x3F, 0xFC, 0x00, 0x02, 0xFF, 0xC0, 0x00, 0xFF, 0xE0, 0x00, 0x0F, 0xFE,
    0x00, 0x07, 0xFF, 0x40, 0x00, 0x3F, 0xF8, 0x00, 0x1F, 0xFD, 0x00, 0x01, 0xFF, 0xD0, 0x00, 0x7F,
    0xF4, 0x00, 0x0F, 0xFF, 0x00, 0x01, 0xFF, 0xD0, 0x00, 0x7F, 0xF8, 0x00, 0x03, 0xFF, 0xC0, 0x07,
    0xFF, 0xC0, 0x00, 0x0F, 0xFF, 0xEA, 0xFF, 0xFE, 0x00, 0x00, 0x1F, 0xFF, 0xFF, 0xFF, 0xF0, 0x00,
    0x00, 0x2F, 0xFF, 0xFF, 0xFF, 0x00, 0x00, 0x00, 0x1F, 0xFF, 0xFF, 0xE0, 0x00, 0x00, 0x00, 0x06,
    0xFF, 0xE4, 0x00, 0x00, 0x00, 0x00, 0x00, 0x0F, 0xFE, 0x1F, 0xFC, 0x00, 0x00, 0x2F, 0xF8, 0x3F,
    0xF4, 0x00, 0x00, 0x7F, 0xE0, 0xFF, 0xD0, 0x00, 0x00, 0xFF, 0x42, 0xFF, 0x00, 0x00, 0x03, 0xFD,
    0x07, 0xFC, 0x00, 0x00, 0x0B, 0xF0, 0x0F, 0xE0, 0x00, 0x00, 0x00, 0x00, 0x00, 0x00, 0x00, 0x00,
    0x00, 0x00, 0x00, 0x00, 0x00, 0x07, 0xFF, 0x00, 0x0B, 0xFF, 0x00, 0x0B, 0xFF, 0x00, 0x0F, 0xFE,
    0x00, 0x0B, 0xFF, 0x00, 0x0F, 0xFD, 0x00, 0x0F, 0xFE, 0x00, 0x0F, 0xFD, 0x00, 0x0F, 0xFD, 0x00,
    0x1F, 0xFC, 0x00, 0x1F, 0xFC, 0x00, 0x2F, 0xFC, 0x00, 0x2F, 0xFC, 0x00, 0x3F, 0xF8, 0x00, 0x3F,
    0xF8, 0x00, 0x3F, 0xF4, 0x00, 0x3F, 0xF8, 0x00, 0x7F, 0xF4, 0x00, 0x3F, 0xF4, 0x00, 0xBF, 0xF0,
    0x00, 0x7F, 0xF0, 0x00, 0xFF, 0xF0, 0x00, 0xBF, 0xF0, 0x00, 0xFF, 0xE0, 0x00, 0xFF, 0xE0, 0x02,
    0xFF, 0xD0, 0x00, 0xFF, 0xE0, 0x03, 0xFF, 0xC0, 0x00, 0xFF, 0xE0, 0x0B, 0xFF, 0xC0, 0x00, 0xFF,
    0xF0, 0x1F, 0xFF, 0xC0, 0x00, 0xFF, 0xFE, 0xBF, 0xFF, 0x80, 0x00, 0xBF, 0xFF, 0xFD, 0xFF, 0x40,
    0x00, 0x7F, 0xFF, 0xF5, 0xFF, 0x00, 0x00, 0x2F, 0xFF, 0xD1, 0xFF, 0x00, 0x00, 0x07, 0xFE, 0x01,
    0xFF, 0x00, 0x00, 0x00, 0xBF, 0xF0, 0x00, 0x0B, 0xFF, 0x00, 0x3F, 0xFC, 0x00, 0x02, 0xFF, 0xC0,
    0x0F, 0xFE, 0x00, 0x00, 0xFF, 0xE0, 0x07, 0xFF, 0x40, 0x00, 0x3F, 0xF8, 0x02, 0xFF, 0xC0, 0x00,
    0x1F, 0xFD, 0x00, 0xFF, 0xF0, 0x00, 0x0B, 0xFF, 0x00, 0x3F, 0xF8, 0x00, 0x03, 0xFF, 0xC0, 0x0F,
    0xFD, 0x00, 0x00, 0xFF, 0xE0, 0x07, 0xFF, 0x40, 0x00, 0x3F, 0xF4, 0x02, 0xFF, 0xC0, 0x00, 0x1F,
    0xFC, 0x00, 0xFF, 0xF0, 0x00, 0x0B, 0xFF, 0x00, 0x3F, 0xF8, 0x00, 0x03, 0xFF, 0xC0, 0x1F, 0xFD,
    0x00, 0x00, 0xFF, 0xE0, 0x0B, 0xFF, 0x00, 0x00, 0x7F, 0xF4, 0x02, 0xFF, 0xC0, 0x00, 0x2F, 0xFC,
    0x00, 0xFF, 0xF0, 0x00, 0x0B, 0xFF, 0x00, 0x3F, 0xF8, 0x00, 0x03, 0xFF, 0x80, 0x1F, 0xFD, 0x00,
    0x00, 0xFF, 0xE0, 0x07, 0xFF, 0x40, 0x00, 0xBF, 0xF4, 0x01, 0xFF, 0xD0, 0x00, 0x3F, 0xFC, 0x00,
    0x7F, 0xF8, 0x00, 0x2F, 0xFE, 0x00, 0x0F, 0xFF, 0x40, 0x2F, 0xFF, 0x00, 0x03, 0xFF, 0xFF, 0xFF,
    0xFF, 0x80, 0x00, 0x7F, 0xFF, 0xFF, 0xFF, 0xC0, 0x00, 0x0B, 0xFF, 0xFF, 0xFF, 0xC0, 0x00, 0x00,
    0x7F, 0xFF, 0xFF, 0x80, 0x00, 0x00, 0x01, 0xBF, 0xF9, 0x00, 0x00, 0x00, 0x00, 0x0B, 0xF4, 0x00,
    0x00, 0x00, 0x00, 0x0B, 0xF4, 0x00, 0x00, 0x00, 0x00, 0x0B, 0xF8, 0x00, 0x00, 0x00, 0x00, 0x03,
    0xFC, 0x00, 0x00, 0x00, 0x00, 0x01, 0xFF, 0x00, 0x00, 0x00, 0x00, 0x00, 0x7F, 0xC0, 0x00, 0x00,
    0x00, 0x00, 0x0F, 0xFF, 0xC0, 0x00, 0x00, 0x00, 0x02, 0xFF, 0xF0, 0x00, 0x00, 0x00, 0x00, 0x1F,
    0xF8, 0x00, 0x00, 0x00, 0x07, 0xFF, 0x00, 0x0B, 0xFF, 0x02, 0xFF, 0xC0, 0x03, 0xFF, 0x80, 0xBF,
    0xF0, 0x00, 0xFF, 0xD0, 0x3F, 0xF8, 0x00, 0x3F, 0xF4, 0x0F, 0xFD, 0x00, 0x1F, 0xFC, 0x07, 0xFF,
    0x00, 0x0B, 0xFF, 0x02, 0xFF, 0xC0, 0x03, 0xFF, 0x80, 0xFF, 0xE0, 0x00, 0xFF, 0xD0, 0x3F, 0xF8,
    0x00, 0x7F, 0xF4, 0x0F, 0xFD, 0x00, 0x2F, 0xFC, 0x07, 0xFF, 0x00, 0x0F, 0xFF, 0x02, 0xFF, 0xC0,
    0x03, 0xFF, 0x80, 0xFF, 0xE0, 0x02, 0xFF, 0xD0, 0x3F, 0xF8, 0x00, 0xFF, 0xF0, 0x0F, 0xFE, 0x00,
    0xBF, 0xFC, 0x03, 0xFF, 0xC0, 0x7F, 0xFF, 0x00, 0xFF, 0xFE, 0xBF, 0xFF, 0x80, 0x2F, 0xFF, 0xFF,
    0x7F, 0xD0, 0x07, 0xFF, 0xFF, 0x5F, 0xF0, 0x00, 0xBF, 0xFF, 0x47, 0xFC, 0x00, 0x07, 0xFE, 0x01,
    0xFF, 0x00, 0x00, 0x00, 0x02, 0xFD, 0x00, 0x00, 0x00, 0x03, 0xFC, 0x00, 0x00, 0x00, 0x03, 0xFD,
    0x00, 0x00, 0x00, 0x01, 0xFE, 0x00, 0x00, 0x00, 0x00, 0xFF, 0x40, 0x00, 0x00, 0x00, 0x3F, 0xE0,
    0x00, 0x00, 0x00, 0x0B, 0xFF, 0xD0, 0x00, 0x00, 0x00, 0xFF, 0xF4, 0x00, 0x00, 0x00, 0x0B, 0xFC,
    0x00, 0x00, 0x00, 0x00, 0x00, 0x03, 0xFF, 0xF0, 0x00, 0x00, 0x00, 0x00, 0x00, 0x00, 0x3F, 0xFF,
    0xD0, 0x00, 0x00, 0x00, 0x00, 0x00, 0x03, 0xFF, 0xFF, 0xC0, 0x00, 0x00, 0x00, 0x00, 0x00, 0x3F,
    0xF1, 0xFF, 0x40, 0x00, 0x00, 0x00, 0x00, 0x03, 0xFF, 0x01, 0xFF, 0x00, 0x00, 0x00, 0x00, 0x00,
    0x3F, 0xD0, 0x02, 0xFE, 0x00, 0x00, 0x00, 0x00, 0x00, 0x00, 0x00, 0x00, 0x00, 0x00, 0x00, 0x00,
    0x00, 0x00, 0x00, 0x00, 0x00, 0x00, 0x00, 0x00, 0xBF, 0xE0, 0x00, 0x0B, 0xFE, 0x00, 0x00, 0xFF,
    0xF2, 0xFF, 0x80, 0x00, 0x3F, 0xF8, 0x00, 0x03, 0xFF, 0x4B, 0xFE, 0x00, 0x01, 0xFF, 0xE0, 0x00,
    0x2F, 0xFC, 0x2F, 0xF8, 0x00, 0x0F, 0xFF, 0x80, 0x00, 0xFF, 0xE0, 0x7F, 0xE0, 0x00, 0x7F, 0xFE,
    0x00, 0x07, 0xFF, 0x01, 0xFF, 0x80, 0x03, 0xFF, 0xF8, 0x00, 0x3F, 0xF8, 0x07, 0xFE, 0x00, 0x0F,
    0xFF, 0xF0, 0x01, 0xFF, 0xC0, 0x1F, 0xF8, 0x00, 0xBF, 0xFF, 0xC0, 0x0B, 0xFF, 0x00, 0x7F, 0xE0,
    0x03, 0xFF, 0xFF, 0x00, 0x3F, 0xF4, 0x01, 0xFF, 0x80, 0x2F, 0xFB, 0xFC, 0x02, 0xFF, 0xC0, 0x07,
    0xFE, 0x00, 0xFF, 0xAF, 0xF0, 0x0F, 0xFD, 0x00, 0x1F, 0xF8, 0x07, 0xFC, 0xBF, 0xC0, 0x7F, 0xF0,
    0x00, 0x3F, 0xE0, 0x3F, 0xF1, 0xFF, 0x03, 0xFF, 0x80, 0x00, 0xFF, 0x81, 0xFF, 0x47, 0xFC, 0x0F,
    0xFC, 0x00, 0x03, 0xFE, 0x0F, 0xFC, 0x1F, 0xF0, 0xBF, 0xE0, 0x00, 0x0F, 0xF8, 0x3F, 0xE0, 0x7F,
    0xC3, 0xFF, 0x00, 0x00, 0x3F, 0xE2, 0xFF, 0x01, 0xFF, 0x1F, 0xFC, 0x00, 0x00, 0xFF, 0x8F, 0xF8,
    0x07, 0xFC, 0xBF, 0xD0, 0x00, 0x03, 0xFE, 0x7F, 0xC0, 0x1F, 0xF3, 0xFF, 0x00, 0x00, 0x0F, 0xFB,
    0xFE, 0x00, 0x7F, 0xDF, 0xF4, 0x00, 0x00, 0x3F, 0xEF, 0xF4, 0x01, 0xFF, 0xFF, 0xC0, 0x00, 0x00,
    0xFF, 0xFF, 0xC0, 0x07, 0xFF, 0xFE, 0x00, 0x00, 0x03, 0xFF, 0xFD, 0x00, 0x1F, 0xFF, 0xF0, 0x00,
    0x00, 0x0F, 0xFF, 0xF0, 0x00, 0x3F, 0xFF, 0x80, 0x00, 0x00, 0x3F, 0xFF, 0x80, 0x00, 0xFF, 0xFD,
    0x00, 0x00, 0x00, 0xFF, 0xFC, 0x00, 0x03, 0xFF, 0xF0, 0x00, 0x00, 0x03, 0xFF, 0xE0, 0x00, 0x0F,
    0xFF, 0x40, 0x00, 0x00, 0x00, 0x00, 0x00, 0x00, 0xBF, 0xFD, 0x00, 0x00, 0x00, 0x00, 0x00, 0x1F,
    0xFF, 0xF0, 0x00, 0x00, 0x00, 0x00, 0x07, 0xFF, 0xFF, 0x40, 0x00, 0x00, 0x00, 0x01, 0xFF, 0x8B,
    0xFC, 0x00, 0x00, 0x00, 0x00, 0xBF, 0xD0, 0x3F, 0xE0, 0x00, 0x00, 0x00, 0x1F, 0xF0, 0x00, 0xFF,
    0x00, 0x00, 0x00, 0x00, 0x00, 0x00, 0x00, 0x00, 0x00, 0x00, 0x00, 0x00, 0x00, 0x00, 0x00, 0x00,
    0x00, 0xBF, 0xD0, 0x02, 0xFF, 0xE0, 0x01, 0xFF, 0xCB, 0xFD, 0x00, 0x3F, 0xFE, 0x00, 0x3F, 0xFC,
    0xBF, 0xD0, 0x07, 0xFF, 0xE0, 0x03, 0xFF, 0x4B, 0xFD, 0x00, 0xFF, 0xFE, 0x00, 0xBF, 0xF0, 0xBF,
    0xD0, 0x0F, 0xFF, 0xE0, 0x0F, 0xFD, 0x07, 0xFD, 0x02, 0xFE, 0xFE, 0x02, 0xFF, 0xC0, 0x7F, 0xD0,
    0x3F, 0xDF, 0xE0, 0x3F, 0xF4, 0x07, 0xFD, 0x0B, 0xF9, 0xFE, 0x07, 0xFF, 0x00, 0x7F, 0xD0, 0xFF,
    0x5F, 0xE0, 0xFF, 0xE0, 0x07, 0xFE, 0x1F, 0xF1, 0xFE, 0x0F, 0xFC, 0x00, 0x7F, 0xD3, 0xFE, 0x1F,
    0xE2, 0xFF, 0x80, 0x03, 0xFD, 0x3F, 0xC1, 0xFE, 0x3F, 0xF0, 0x00, 0x3F, 0xDB, 0xF8, 0x1F, 0xE7,
    0xFE, 0x00, 0x03, 0xFD, 0xFF, 0x41, 0xFE, 0xBF, 0xC0, 0x00, 0x3F, 0xEF, 0xF0, 0x1F, 0xEF, 0xFC,
    0x00, 0x03, 0xFF, 0xFD, 0x01, 0xFF, 0xFF, 0x40, 0x00, 0x3F, 0xFF, 0xC0, 0x1F, 0xFF, 0xF0, 0x00,
    0x03, 0xFF, 0xF8, 0x01, 0xFF, 0xFD, 0x00, 0x00, 0x3F, 0xFF, 0x00, 0x1F, 0xFF, 0xC0, 0x00, 0x03,
    0xFF, 0xF0, 0x01, 0xFF, 0xF4, 0x00, 0x00, 0x3F, 0xFD, 0x00, 0x1F, 0xFF, 0x00, 0x00, 0x00, 0x00,
    0x00, 0x7F, 0xFD, 0x00, 0x00, 0x00, 0x1F, 0xFF, 0xF0, 0x00, 0x00, 0x07, 0xFF, 0xFF, 0x80, 0x00,
    0x01, 0xFF, 0xCB, 0xFC, 0x00, 0x00, 0x7F, 0xE0, 0x2F, 0xF0, 0x00, 0x1F, 0xF4, 0x00, 0xFF, 0x40,
    0x00, 0x00, 0x00, 0x00, 0x00, 0x00, 0x00, 0x00, 0x00, 0x00, 0x00, 0x7F, 0xF0, 0x00, 0x03, 0xFF,
    0xD3, 0xFF, 0x40, 0x00, 0xBF, 0xF8, 0x3F, 0xF8, 0x00, 0x0F, 0xFF, 0x02, 0xFF, 0xC0, 0x03, 0xFF,
    0xC0, 0x1F, 0xFC, 0x00, 0x7F, 0xF8, 0x00, 0xFF, 0xD0, 0x0F, 0xFF, 0x00, 0x0F, 0xFE, 0x02, 0xFF,
    0xC0, 0x00, 0xBF, 0xE0, 0x7F, 0xF8, 0x00, 0x07, 0xFF, 0x0F, 0xFF, 0x00, 0x00, 0x3F, 0xF2, 0xFF,
    0xC0, 0x00, 0x03, 0xFF, 0xBF, 0xF4, 0x00, 0x00, 0x2F, 0xFF, 0xFF, 0x00, 0x00, 0x01, 0xFF, 0xFF,
    0xC0, 0x00, 0x00, 0x0F, 0xFF, 0xF4, 0x00, 0x00, 0x00, 0xFF, 0xFF, 0x00, 0x00, 0x00, 0x0B, 0xFF,
    0xC0, 0x00, 0x00, 0x00, 0x7F, 0xF4, 0x00, 0x00, 0x00, 0x07, 0xFF, 0x00, 0x00, 0x00, 0x00, 0xBF,
    0xF0, 0x00, 0x00, 0x00, 0x0F, 0xFE, 0x00, 0x00, 0x00, 0x00, 0xFF, 0xD0, 0x00, 0x00, 0x00, 0x1F,
    0xFD, 0x00, 0x00, 0x00, 0x02, 0xFF, 0xC0, 0x00, 0x00, 0x00, 0x2F, 0xFC, 0x00, 0x00, 0x00, 0x03,
    0xFF, 0x80, 0x00, 0x00, 0x00, 0x3F, 0xF4, 0x00, 0x00, 0x00, 0x07, 0xFF, 0x00, 0x00, 0x00, 0x00,
    0x00, 0x00, 0x00, 0xFF, 0xFC, 0x00, 0x00, 0x00, 0x00, 0xFF, 0xFF, 0x40, 0x00, 0x00, 0x00, 0xFF,
    0xFF, 0xF0, 0x00, 0x00, 0x00, 0xFF, 0xD3, 0xFE, 0x00, 0x00, 0x00, 0xFF, 0xC0, 0x7F, 0xD0, 0x00,
    0x00, 0xFF, 0x80, 0x07, 0xFC, 0x00, 0x00, 0x00, 0x00, 0x00, 0x00, 0x00, 0x00, 0x00, 0x00, 0x00,
    0x00, 0x00, 0x00, 0x3F, 0xF4, 0x00, 0x0F, 0xFF, 0x00, 0x0F, 0xFD, 0x00, 0x07, 0xFF, 0x80, 0x03,
    0xFF, 0x80, 0x03, 0xFF, 0xC0, 0x00, 0xBF, 0xE0, 0x00, 0xFF, 0xE0, 0x00, 0x1F, 0xF8, 0x00, 0xBF,
    0xF0, 0x00, 0x07, 0xFF, 0x00, 0x3F, 0xF8, 0x00, 0x00, 0xFF, 0xC0, 0x2F, 0xFC, 0x00, 0x00, 0x3F,
    0xF0, 0x0F, 0xFD, 0x00, 0x00, 0x0F, 0xFC, 0x0B, 0xFF, 0x00, 0x00, 0x03, 0xFF, 0x43, 0xFF, 0x40,
    0x00, 0x00, 0xBF, 0xD2, 0xFF, 0xC0, 0x00, 0x00, 0x1F, 0xF4, 0xFF, 0xD0, 0x00, 0x00, 0x07, 0xFD,
    0x7F, 0xF0, 0x00, 0x00, 0x00, 0xFF, 0x6F, 0xF4, 0x00, 0x00, 0x00, 0x3F, 0xEF, 0xFC, 0x00, 0x00,
    0x00, 0x0F, 0xFF, 0xFD, 0x00, 0x00, 0x00, 0x03, 0xFF, 0xFF, 0x00, 0x00, 0x00, 0x00, 0xBF, 0xFF,
    0x40, 0x00, 0x00, 0x00, 0x1F, 0xFF, 0x80, 0x00, 0x00, 0x00, 0x07, 0xFF, 0xC0, 0x00, 0x00, 0x00,
    0x00, 0xFF, 0xE0, 0x00, 0x00, 0x00, 0x00, 0x7F, 0xF0, 0x00, 0x00, 0x00, 0x00, 0x3F, 0xF8, 0x00,
    0x00, 0x00, 0x00, 0x2F, 0xFC, 0x00, 0x00, 0x00, 0x00, 0x2F, 0xFE, 0x00, 0x00, 0x00, 0x1A, 0xBF,
    0xFF, 0x00, 0x00, 0x00, 0x0B, 0xFF, 0xFF, 0x00, 0x00, 0x00, 0x02, 0xFF, 0xFF, 0x40, 0x00, 0x00,
    0x00, 0xBF, 0xFF, 0x00, 0x00, 0x00, 0x00, 0x1F, 0xF9, 0x00, 0x00, 0x00, 0x00, 0x00, 0x00, 0x01,
    0x90, 0x06, 0x40, 0x00, 0x00, 0xFF, 0x43, 0xFD, 0x00, 0x00, 0x1F, 0xF8, 0x7F, 0xE0, 0x00, 0x01,
    0xFF, 0x47, 0xFD, 0x00, 0x00, 0x0B, 0xE0, 0x2F, 0x80, 0x00, 0x00, 0x00, 0x00, 0x00, 0x00, 0x00,
    0x00, 0x00, 0x00, 0x00, 0x00, 0x00, 0x00, 0x00, 0x00, 0x00, 0x7F, 0xF0, 0x00, 0x03, 0xFF, 0xD3,
    0xFF, 0x40, 0x00, 0xBF, 0xF8, 0x3F, 0xF8, 0x00, 0x0F, 0xFF, 0x02, 0xFF, 0xC0, 0x03, 0xFF, 0xC0,
    0x1F, 0xFC, 0x00, 0x7F, 0xF8, 0x00, 0xFF, 0xD0, 0x0F, 0xFF, 0x00, 0x0F, 0xFE, 0x02, 0xFF, 0xC0,
    0x00, 0xBF, 0xE0, 0x7F, 0xF8, 0x00, 0x07, 0xFF, 0x0F, 0xFF, 0x00, 0x00, 0x3F, 0xF2, 0xFF, 0xC0,
    0x00, 0x03, 0xFF, 0xBF, 0xF4, 0x00, 0x00, 0x2F, 0xFF, 0xFF, 0x00, 0x00, 0x01, 0xFF, 0xFF, 0xC0,
    0x00, 0x00, 0x0F, 0xFF, 0xF4, 0x00, 0x00, 0x00, 0xFF, 0xFF, 0x00, 0x00, 0x00, 0x0B, 0xFF, 0xC0,
    0x00, 0x00, 0x00, 0x7F, 0xF4, 0x00, 0x00, 0x00, 0x07, 0xFF, 0x00, 0x00, 0x00, 0x00, 0xBF, 0xF0,
    0x00, 0x00, 0x00, 0x0F, 0xFE, 0x00, 0x00, 0x00, 0x00, 0xFF, 0xD0, 0x00, 0x00, 0x00, 0x1F, 0xFD,
    0x00, 0x00, 0x00, 0x02, 0xFF, 0xC0, 0x00, 0x00, 0x00, 0x2F, 0xFC, 0x00, 0x00, 0x00, 0x03, 0xFF,
    0x80, 0x00, 0x00, 0x00, 0x3F, 0xF4, 0x00, 0x00, 0x00, 0x07, 0xFF, 0x00, 0x00, 0x00, 0x00, 0x00,
    0x00, 0x00, 0x00, 0x1A, 0xA8, 0x00, 0x00, 0x00, 0x00, 0xBF, 0xF8, 0x00, 0x00, 0x00, 0x01, 0xFF,
    0xE0, 0x00, 0x00, 0x00, 0x03, 0xFF, 0x80, 0x00, 0x00, 0x00, 0x0B, 0xFD, 0x00, 0x00, 0x00, 0x00,
    0x1F, 0xF4, 0x00, 0x00, 0x00, 0x00, 0x1A, 0x40, 0x00, 0x00, 0x00, 0x00, 0x00, 0x00, 0x00, 0x00,
    0x00, 0x00, 0x00, 0x00, 0x00, 0x00, 0x07, 0xFF, 0xFF, 0xFF, 0xFF, 0x00, 0x07, 0xFF, 0xFF, 0xFF,
    0xFE, 0x00, 0x0B, 0xFF, 0xFF, 0xFF, 0xFD, 0x00, 0x0F, 0xFF, 0xFF, 0xFF, 0xFD, 0x00, 0x0A, 0xAA,
    0xAA, 0xFF, 0xF8, 0x00, 0x00, 0x00, 0x03, 0xFF, 0xF0, 0x00, 0x00, 0x00, 0x0B, 0xFF, 0xC0, 0x00,
    0x00, 0x00, 0x1F, 0xFF, 0x40, 0x00, 0x00, 0x00, 0x3F, 0xFE, 0x00, 0x00, 0x00, 0x00, 0xFF, 0xFC,
    0x00, 0x00, 0x00, 0x02, 0xFF, 0xF0, 0x00, 0x00, 0x00, 0x07, 0xFF, 0xD0, 0x00, 0x00, 0x00, 0x1F,
    0xFF, 0x80, 0x00, 0x00, 0x00, 0x3F, 0xFF, 0x00, 0x00, 0x00, 0x00, 0xFF, 0xFC, 0x00, 0x00, 0x00,
    0x02, 0xFF, 0xF0, 0x00, 0x00, 0x00, 0x07, 0xFF, 0xD0, 0x00, 0x00, 0x00, 0x0F, 0xFF, 0x80, 0x00,
    0x00, 0x00, 0x3F, 0xFF, 0x00, 0x00, 0x00, 0x00, 0xBF, 0xFC, 0x00, 0x00, 0x00, 0x01, 0xFF, 0xF4,
    0x00, 0x00, 0x00, 0x03, 0xFF, 0xE0, 0x00, 0x00, 0x00, 0x0F, 0xFF, 0xEA, 0xAA, 0xA9, 0x00, 0x1F,
    0xFF, 0xFF, 0xFF, 0xFE, 0x00, 0x2F, 0xFF, 0xFF, 0xFF, 0xFD, 0x00, 0x3F, 0xFF, 0xFF, 0xFF, 0xFC,
    0x00, 0x3F, 0xFF, 0xFF, 0xFF, 0xFC, 0x00, 0x00, 0x00, 0x00, 0x3F, 0xFD, 0x00, 0x00, 0x00, 0xBF,
    0xF4, 0x00, 0x00, 0x01, 0xFF, 0xD0, 0x00, 0x00, 0x03, 0xFF, 0x40, 0x00, 0x00, 0x0F, 0xFC, 0x00,
    0x00, 0x00, 0x1F, 0xE0, 0x00, 0x00, 0x00, 0x00, 0x00, 0x00, 0x00, 0x00, 0x00, 0x00, 0x00, 0x00,
    0x3F, 0xFF, 0xFF, 0xFC, 0x00, 0x3F, 0xFF, 0xFF, 0xF8, 0x00, 0x7F, 0xFF, 0xFF, 0xF4, 0x00, 0xBF,
    0xFF, 0xFF, 0xF0, 0x00, 0x6A, 0xAB, 0xFF, 0xE0, 0x00, 0x00, 0x07, 0xFF, 0xC0, 0x00, 0x00, 0x0F,
    0xFF, 0x00, 0x00, 0x00, 0x3F, 0xFC, 0x00, 0x00, 0x00, 0xBF, 0xF4, 0x00, 0x00, 0x02, 0xFF, 0xE0,
    0x00, 0x00, 0x07, 0xFF, 0x80, 0x00, 0x00, 0x0F, 0xFF, 0x00, 0x00, 0x00, 0x3F, 0xFC, 0x00, 0x00,
    0x00, 0xBF, 0xF4, 0x00, 0x00, 0x02, 0xFF, 0xD0, 0x00, 0x00, 0x07, 0xFF, 0x80, 0x00, 0x00, 0x0F,
    0xFF, 0xAA, 0xA9, 0x00, 0x3F, 0xFF, 0xFF, 0xFE, 0x00, 0x3F, 0xFF, 0xFF, 0xFD, 0x00, 0x7F, 0xFF,
    0xFF, 0xFC, 0x00, 0xBF, 0xFF, 0xFF, 0xFC, 0x00, 0x00, 0x00, 0x00, 0x03, 0xF8, 0x00, 0x00, 0x00,
    0x00, 0x0F, 0xFE, 0x00, 0x00, 0x00, 0x00, 0x1F, 0xFE, 0x00, 0x00, 0x00, 0x00, 0x1F, 0xFE, 0x00,
    0x00, 0x00, 0x00, 0x1F, 0xFC, 0x00, 0x00, 0x00, 0x00, 0x0B, 0xF4, 0x00, 0x00, 0x00, 0x00, 0x00,
    0x00, 0x00, 0x00, 0x00, 0x00, 0x00, 0x00, 0x00, 0x00, 0x07, 0xFF, 0xFF, 0xFF, 0xFF, 0x00, 0x07,
    0xFF, 0xFF, 0xFF, 0xFE, 0x00, 0x0B, 0xFF, 0xFF, 0xFF, 0xFD, 0x00, 0x0F, 0xFF, 0xFF, 0xFF, 0xFD,
    0x00, 0x0A, 0xAA, 0xAA, 0xFF, 0xF8, 0x00, 0x00, 0x00, 0x03, 0xFF, 0xF0, 0x00, 0x00, 0x00, 0x0B,
    0xFF, 0xC0, 0x00, 0x00, 0x00, 0x1F, 0xFF, 0x40, 0x00, 0x00, 0x00, 0x3F, 0xFE, 0x00, 0x00, 0x00,
    0x00, 0xFF, 0xFC, 0x00, 0x00, 0x00, 0x02, 0xFF, 0xF0, 0x00, 0x00, 0x00, 0x07, 0xFF, 0xD0, 0x00,
    0x00, 0x00, 0x1F, 0xFF, 0x80, 0x00, 0x00, 0x00, 0x3F, 0xFF, 0x00, 0x00, 0x00, 0x00, 0xFF, 0xFC,
    0x00, 0x00, 0x00, 0x02, 0xFF, 0xF0, 0x00, 0x00, 0x00, 0x07, 0xFF, 0xD0, 0x00, 0x00, 0x00, 0x0F,
    0xFF, 0x80, 0x00, 0x00, 0x00, 0x3F, 0xFF, 0x00, 0x00, 0x00, 0x00, 0xBF, 0xFC, 0x00, 0x00, 0x00,
    0x01, 0xFF, 0xF4, 0x00, 0x00, 0x00, 0x03, 0xFF, 0xE0, 0x00, 0x00, 0x00, 0x0F, 0xFF, 0xEA, 0xAA,
    0xA9, 0x00, 0x1F, 0xFF, 0xFF, 0xFF, 0xFE, 0x00, 0x2F, 0xFF, 0xFF, 0xFF, 0xFD, 0x00, 0x3F, 0xFF,
    0xFF, 0xFF, 0xFC, 0x00, 0x3F, 0xFF, 0xFF, 0xFF, 0xFC, 0x00, 0x00, 0x00, 0x02, 0xFC, 0x00, 0x00,
    0x00, 0x2F, 0xFC, 0x00, 0x00, 0x00, 0xFF, 0xF0, 0x00, 0x00, 0x03, 0xFF, 0xC0, 0x00, 0x00, 0x0F,
    0xFE, 0x00, 0x00, 0x00, 0x1F, 0xE0, 0x00, 0x00, 0x00, 0x00, 0x00, 0x00, 0x00, 0x00, 0x00, 0x00,
    0x00, 0x3F, 0xFF, 0xFF, 0xFC, 0x00, 0xFF, 0xFF, 0xFF, 0xE0, 0x07, 0xFF, 0xFF, 0xFF, 0x40, 0x2F,
    0xFF, 0xFF, 0xFC, 0x00, 0x6A, 0xAB, 0xFF, 0xE0, 0x00, 0x00, 0x1F, 0xFF, 0x00, 0x00, 0x00, 0xFF,
    0xF0, 0x00, 0x00, 0x0F, 0xFF, 0x00, 0x00, 0x00, 0xBF, 0xF4, 0x00, 0x00, 0x0B, 0xFF, 0x80, 0x00,
    0x00, 0x7F, 0xF8, 0x00, 0x00, 0x03, 0xFF, 0xC0, 0x00, 0x00, 0x3F, 0xFC, 0x00, 0x00, 0x02, 0xFF,
    0xD0, 0x00, 0x00, 0x2F, 0xFD, 0x00, 0x00, 0x01, 0xFF, 0xE0, 0x00, 0x00, 0x0F, 0xFF, 0xAA, 0xA9,
    0x00, 0xFF, 0xFF, 0xFF, 0xF8, 0x03, 0xFF, 0xFF, 0xFF, 0xD0, 0x1F, 0xFF, 0xFF, 0xFF, 0x00, 0xBF,
    0xFF, 0xFF, 0xFC, 0x00, 0x00, 0x00, 0x0F, 0xF0, 0x00, 0xFF, 0x80, 0x00, 0x02, 0xFF, 0x01, 0xFF,
    0x80, 0x00, 0x00, 0x3F, 0xF2, 0xFF, 0x80, 0x00, 0x00, 0x07, 0xFF, 0xFF, 0x80, 0x00, 0x00, 0x00,
    0xBF, 0xFF, 0x80, 0x00, 0x00, 0x00, 0x1F, 0xFF, 0x80, 0x00, 0x00, 0x00, 0x00, 0x00, 0x00, 0x00,
    0x00, 0x00, 0x00, 0x00, 0x00, 0x00, 0x00, 0x07, 0xFF, 0xFF, 0xFF, 0xFF, 0x00, 0x01, 0xFF, 0xFF,
    0xFF, 0xFF, 0x80, 0x00, 0xBF, 0xFF, 0xFF, 0xFF, 0xD0, 0x00, 0x3F, 0xFF, 0xFF, 0xFF, 0xF4, 0x00,
    0x0A, 0xAA, 0xAA, 0xFF, 0xF8, 0x00, 0x00, 0x00, 0x00, 0xFF, 0xFC, 0x00, 0x00, 0x00, 0x00, 0xBF,
    0xFC, 0x00, 0x00, 0x00, 0x00, 0x7F, 0xFD, 0x00, 0x00, 0x00, 0x00, 0x3F, 0xFE, 0x00, 0x00, 0x00,
    0x00, 0x3F, 0xFF, 0x00, 0x00, 0x00, 0x00, 0x2F, 0xFF, 0x00, 0x00, 0x00, 0x00, 0x1F, 0xFF, 0x40,
    0x00, 0x00, 0x00, 0x1F, 0xFF, 0x80, 0x00, 0x00, 0x00, 0x0F, 0xFF, 0xC0, 0x00, 0x00, 0x00, 0x0F,
    0xFF, 0xC0, 0x00, 0x00, 0x00, 0x0B, 0xFF, 0xC0, 0x00, 0x00, 0x00, 0x07, 0xFF, 0xD0, 0x00, 0x00,
    0x00, 0x03, 0xFF, 0xE0, 0x00, 0x00, 0x00, 0x03, 0xFF, 0xF0, 0x00, 0x00, 0x00, 0x02, 0xFF, 0xF0,
    0x00, 0x00, 0x00, 0x01, 0xFF, 0xF4, 0x00, 0x00, 0x00, 0x00, 0xFF, 0xF8, 0x00, 0x00, 0x00, 0x00,
    0xFF, 0xFE, 0xAA, 0xAA, 0x90, 0x00, 0x7F, 0xFF, 0xFF, 0xFF, 0xF8, 0x00, 0x2F, 0xFF, 0xFF, 0xFF,
    0xFD, 0x00, 0x0F, 0xFF, 0xFF, 0xFF, 0xFF, 0x00, 0x03, 0xFF, 0xFF, 0xFF, 0xFF, 0xC0, 0x00, 0x00,
    0x0F, 0xF4, 0x00, 0xBF, 0xC0, 0x00, 0x3F, 0xD0, 0x3F, 0xF0, 0x00, 0x02, 0xFF, 0x1F, 0xFC, 0x00,
    0x00, 0x0F, 0xFF, 0xFF, 0x00, 0x00, 0x00, 0x7F, 0xFF, 0xC0, 0x00, 0x00, 0x03, 0xFF, 0xF0, 0x00,
    0x00, 0x00, 0x00, 0x00, 0x00, 0x00, 0x00, 0x00, 0x00, 0x00, 0x00, 0x00, 0x3F, 0xFF, 0xFF, 0xFC,
    0x00, 0x03, 0xFF, 0xFF, 0xFF, 0x80, 0x00, 0x7F, 0xFF, 0xFF, 0xF4, 0x00, 0x0B, 0xFF, 0xFF, 0xFF,
    0x00, 0x00, 0x6A, 0xAB, 0xFF, 0xE0, 0x00, 0x00, 0x00, 0x7F, 0xFC, 0x00, 0x00, 0x00, 0x0F, 0xFF,
    0x00, 0x00, 0x00, 0x03, 0xFF, 0xC0, 0x00, 0x00, 0x00, 0xBF, 0xF4, 0x00, 0x00, 0x00, 0x2F, 0xFE,
    0x00, 0x00, 0x00, 0x07, 0xFF, 0x80, 0x00, 0x00, 0x00, 0xFF, 0xF0, 0x00, 0x00, 0x00, 0x3F, 0xFC,
    0x00, 0x00, 0x00, 0x0B, 0xFF, 0x40, 0x00, 0x00, 0x02, 0xFF, 0xD0, 0x00, 0x00, 0x00, 0x7F, 0xF8,
    0x00, 0x00, 0x00, 0x0F, 0xFF, 0xAA, 0xA9, 0x00, 0x03, 0xFF, 0xFF, 0xFF, 0xE0, 0x00, 0x3F, 0xFF,
    0xFF, 0xFD, 0x00, 0x07, 0xFF, 0xFF, 0xFF, 0xC0, 0x00, 0xBF, 0xFF, 0xFF, 0xFC, 0x00, 0x00, 0x00,
    0x00, 0x00, 0x02, 0xFF, 0xD0, 0x00, 0x00, 0x00, 0xBF, 0xFF, 0xD0, 0x00, 0x00, 0x0B, 0xFF, 0xFF,
    0x00, 0x00, 0x00, 0x3F, 0xFF, 0xF8, 0x00, 0x00, 0x02, 0xFF, 0xFA, 0xD0, 0x00, 0x00, 0x0F, 0xFF,
    0x00, 0x00, 0x00, 0x00, 0x3F, 0xF4, 0x00, 0x00, 0x00, 0x01, 0xFF, 0xC0, 0x00, 0x00, 0x00, 0x0B,
    0xFF, 0x00, 0x00, 0x00, 0x00, 0x3F, 0xF8, 0x00, 0x00, 0x00, 0x00, 0xFF, 0xD0, 0x00, 0x00, 0x00,
    0x07, 0xFF, 0x00, 0x00, 0x00, 0x00, 0x1F, 0xFC, 0x00, 0x00, 0x00, 0x00, 0xBF, 0xF0, 0x00, 0x00,
    0x00, 0x03, 0xFF, 0x80, 0x00, 0x00, 0x00, 0x0F, 0xFD, 0x00, 0x00, 0x00, 0x00, 0x7F, 0xF0, 0x00,
    0x00, 0x00, 0x02, 0xFF, 0xC0, 0x00, 0x00, 0x00, 0x0F, 0xFF, 0x00, 0x00, 0x00, 0x00, 0x3F, 0xF8,
    0x00, 0x00, 0x00, 0x00, 0xFF, 0xD0, 0x00, 0x00, 0x00, 0x07, 0xFF, 0x00, 0x00, 0x00, 0x00, 0x2F,
    0xFC, 0x00, 0x00, 0x00, 0x00, 0xFF, 0xE0, 0x00, 0x00, 0x00, 0x03, 0xFF, 0x40, 0x00, 0x00, 0x00,
    0x0F, 0xFD, 0x00, 0x00, 0x00, 0x00, 0x7F, 0xF0, 0x00, 0x00, 0x00, 0x02, 0xFF, 0xC0, 0x00, 0x00,
    0x00, 0x0F, 0xFE, 0x00, 0x00, 0x00, 0x00, 0x3F, 0xF4, 0x00, 0x00, 0x00, 0x01, 0xFF, 0xC0, 0x00,
    0x00, 0x00, 0x0B, 0xFF, 0x00, 0x00, 0x00, 0x00, 0x7F, 0xF8, 0x00, 0x00, 0x01, 0xAB, 0xFF, 0xD0,
    0x00, 0x00, 0x0B, 0xFF, 0xFF, 0x00, 0x00, 0x00, 0x2F, 0xFF, 0xF0, 0x00, 0x00, 0x00, 0xBF, 0xFF,
    0x40, 0x00, 0x00, 0x01, 0xFF, 0xE0, 0x00, 0x00, 0x00, 0x00, 0x7F, 0xF4, 0x0F, 0xFE, 0x00, 0xFF,
    0xC0, 0x1F, 0xF4, 0x02, 0xFF, 0x00, 0x2F, 0xC0, 0x00, 0xFF, 0xF4, 0x0B, 0xFF, 0x40, 0x7F, 0xF4,
    0x03, 0xFF, 0x40, 0x3F, 0xF0, 0x02, 0xFE, 0x00, 0x00, 0x00, 0x3F, 0xFF, 0x00, 0x00, 0xBF, 0xFF,
    0x80, 0x02, 0xFF, 0xFF, 0xC0, 0x0B, 0xFD, 0x3F, 0xE0, 0x3F, 0xF0, 0x0F, 0xF4, 0xFF, 0x80, 0x07,
    0xFC, 0x01, 0xFE, 0x00, 0x3F, 0x0B, 0xFF, 0xD0, 0xFE, 0x1F, 0xFF, 0xFF, 0xFC, 0x3F, 0xFF, 0xFF,
    0xF8, 0x3F, 0x47, 0xFF, 0xF0, 0x7E, 0x00, 0x7F, 0x80, 0x2F, 0xFF, 0xFF, 0xCB, 0xFF, 0xFF, 0xE3,
    0xFF, 0xFF, 0xF4, 0xFF, 0xFF, 0xFD, 0x2F, 0xFF, 0xFF, 0xFF, 0x8F, 0xFF, 0xFF, 0xFF, 0xD3, 0xFF,
    0xFF, 0xFF, 0xF0, 0xFF, 0xFF, 0xFF, 0xFC, 0x3F, 0x40, 0x07, 0xF0, 0xFF, 0x40, 0x7F, 0xC3, 0xFF,
    0xFF, 0xFD, 0x07, 0xFF, 0xFF, 0xF0, 0x0B, 0xFF, 0xFE, 0x00, 0x06, 0xFF, 0x90, 0x00, 0x1F, 0xD1,
    0xFF, 0xDB, 0xFF, 0x7F, 0xFD, 0xBF, 0xF0, 0xBE, 0x00, 0x09, 0x00, 0x14, 0x1F, 0xF0, 0x7F, 0xCF,
    0xFC, 0x3F, 0xF3, 0xFF, 0x0F, 0xFC, 0x7F, 0x41, 0xFD, 0x00, 0x2F, 0xF8, 0x0F, 0xFF, 0xD3, 0xFF,
    0xF8, 0x02, 0xFF, 0x00, 0xBF, 0x81, 0xBF, 0xC1, 0xFF, 0xC0, 0x7F, 0x40, 0x0A, 0x40, 0x00, 0x06,
    0xF8, 0x02, 0xFF, 0xF0, 0x7F, 0xFF, 0xCF, 0xD0, 0xFC, 0xFC, 0x0B, 0xDF, 0xD0, 0xFC, 0xBF, 0xFF,
    0xC3, 0xFF, 0xF4, 0x0B, 0xF8, 0x00, 0x00, 0xFF, 0xE2, 0xFF, 0xC0, 0x2F, 0xF8, 0x3F, 0xF4, 0x07,
    0xFE, 0x0F, 0xFD, 0x00, 0xFF, 0x42, 0xFF, 0x00, 0x3F, 0xD0, 0x7F, 0x80, 0x0B, 0xE0, 0x0F, 0xD0,
    0x00, 0x7F, 0x80, 0x07, 0xFD, 0x3F, 0xE0, 0x2F, 0xF4, 0x0F, 0xF4, 0xFF, 0xC0, 0x0B, 0xFF, 0xFF,
    0x00, 0x03, 0xFF, 0xFC, 0x00, 0x02, 0xFF, 0xF4, 0x00, 0x07, 0xF4, 0x2F, 0xC0, 0xFF, 0x03, 0xF8,
    0x1F, 0xD0, 0xBF, 0x03, 0xFC, 0x0F, 0xF0, 0x3F, 0x81, 0xFD, 0x00, 0x0F, 0xE0, 0xFF, 0x07, 0xF4,
    0x3F, 0xC2, 0xFC, 0x0F, 0xE0, 0xFF, 0x07, 0xF4, 0x3F, 0xC2, 0xFC, 0x0F, 0xE0, 0xFF, 0x07, 0xF4,
    0x3F, 0xC0, 0xFF, 0xD3, 0xFF, 0x41, 0xFF, 0xC3, 0xFF, 0x02, 0xFF, 0x0B, 0xFC, 0x02, 0xFD, 0x0B,
    0xF8, 0x03, 0xFC, 0x0F, 0xF0, 0x03, 0xF4, 0x0F, 0xD0, 0x00, 0x09, 0x00, 0x00, 0x07, 0xF8, 0x00,
    0x00, 0xBF, 0xC0, 0x05, 0x4B, 0xFC, 0x54, 0xFC, 0x3F, 0x0F, 0xCF, 0xC0, 0x02, 0xF8, 0xBF, 0x40,
    0xBF, 0x03, 0xFF, 0xFF, 0xD0, 0x1F, 0xFF, 0xF8, 0x00, 0x2F, 0xF8, 0x00, 0x00, 0x7F, 0xF4, 0x00,
    0x7F, 0xFF, 0xF0, 0x0F, 0xFF, 0xFF, 0x83, 0xFF, 0xFF, 0xFC, 0x3F, 0xD0, 0x2F, 0xDB, 0xF0, 0x00,
    0xFD, 0x69, 0x00, 0x06, 0x80, 0x00, 0x7F, 0xC0, 0x0F, 0xF4, 0x02, 0xFF, 0x00, 0x7F, 0xE0, 0x0F,
    0xFC, 0x01, 0xFF, 0xC0, 0x3F, 0xF4, 0x07, 0xFF, 0x00, 0xFF, 0xE0, 0x00, 0x02, 0xFF, 0xC0, 0x3F,
    0xF4, 0x07, 0xFF, 0x00, 0xBF, 0xD0, 0x0F, 0xFC, 0x02, 0xFF, 0x40, 0x3F, 0xF0, 0x07, 0xFC, 0x00,
    0xFF, 0x80, 0x00, 0xFF, 0xCF, 0xFC, 0xFF, 0xCB, 0xFC, 0xBF, 0xC7, 0xFC, 0x3F, 0xC3, 0xFC, 0x2F,
    0xC0, 0x02, 0xFF, 0xC0, 0x3F, 0xF4, 0x07, 0xFF, 0x00, 0xBF, 0xD0, 0x0F, 0xFC, 0x02, 0xFF, 0x40,
    0x3F, 0xF0, 0x07, 0xFC, 0x00, 0xFF, 0x80, 0x00, 0x3F, 0xF8, 0x0B, 0xFF, 0x00, 0xFF, 0xC0, 0x0F,
    0xF8, 0x01, 0xFF, 0x00, 0x1F, 0xD0, 0x00, 0x7F, 0xFC, 0x00, 0xFF, 0xF0, 0x02, 0xFF, 0xC0, 0x07,
    0xFE, 0x00, 0x1F, 0xF8, 0x00, 0x3F, 0xD0, 0x00, 0x00, 0x19, 0x00, 0x0B, 0xC0, 0x03, 0xE0, 0xFF,
    0xF4, 0x7F, 0xFC, 0x00, 0x2F, 0x00, 0x0F, 0x80, 0x01, 0x90, 0x06, 0x40, 0x03, 0xE0, 0x00, 0xF8,
    0x00, 0x3F, 0xFD, 0x1F, 0xFF, 0x0B, 0xC0, 0x03, 0xE0, 0x00, 0xA0, 0x00, 0x00, 0x00, 0x00, 0x7F,
    0xFF, 0xFD, 0xBF, 0xFF, 0xFC, 0x00, 0x00, 0xBC, 0x00, 0x00, 0xF8, 0x00, 0x00, 0xF4, 0x00, 0x01,
    0xF0, 0x00, 0x01, 0xF0, 0x00, 0x02, 0xF0, 0x00, 0x03, 0xE0, 0x00, 0x03, 0xD0, 0x00, 0x2F, 0xFC,
    0x00, 0x3F, 0xFC, 0x00, 0x3F, 0xF4, 0x00, 0xFF, 0xF0, 0x06, 0xFF, 0xC0, 0x2F, 0xFF, 0x40, 0x3F,
    0xFD, 0x00, 0x3F, 0xE0, 0x00, 0x24, 0x00, 0x00, 0x02, 0xD1, 0xFD, 0x3F, 0xCB, 0xE0, 0xFC, 0x0F,
    0xC0, 0xBF, 0x03, 0xF0, 0x0B, 0x00, 0x00, 0x00, 0xF8, 0x00, 0x3D, 0x00, 0x0F, 0x00, 0x07, 0xC0,
    0x7F, 0xFF, 0xAF, 0xFF, 0xD0, 0x00, 0x00, 0x1F, 0xFF, 0xDB, 0xFF, 0xF0, 0x0F, 0x00, 0x07, 0xC0,
    0x02, 0xF0, 0x00, 0xF8, 0x00, 0x00, 0xBC, 0x00, 0x0F, 0x80, 0x00, 0xF8, 0x03, 0xFF, 0xFC, 0x3F,
    0xFF, 0xC0, 0x2F, 0x00, 0x03, 0xE0, 0x00, 0x18, 0x00, 0x00, 0x00, 0x07, 0xFF, 0xFC, 0x7F, 0xFF,
    0x80, 0x00, 0x3F, 0xF0, 0x03, 0xFE, 0x00, 0x3F, 0xD0, 0x07, 0xFD, 0x00, 0xBF, 0xC0, 0x0F, 0xFC,
    0xAB, 0xFF, 0x8F, 0xFF, 0xF0, 0xFF, 0xFE, 0x0F, 0xFF, 0xC0, 0x7F, 0xD0, 0x00, 0x1A, 0x90, 0x0F,
    0xF8, 0x03, 0xFD, 0x01, 0xFF, 0x00, 0xBF, 0xC0, 0x3F, 0xF0, 0x0F, 0xFE, 0xA3, 0xFF, 0xFC, 0xBF,
    0xFF, 0x0F, 0xFF, 0xC0, 0xBF, 0xE0, 0x0B, 0xF4, 0x2F, 0xFC, 0x3F, 0xFC, 0x3F, 0xFC, 0x3F, 0xF8,
    0x0F, 0xE0, 0x06, 0x40, 0x19, 0x0F, 0xF8, 0x3F, 0xE3, 0xFF, 0x0F, 0xFC, 0xFF, 0x83, 0xFE, 0x2F,
    0x80, 0xBE, 0x00, 0x06, 0xF8, 0x02, 0xFF, 0xF4, 0x7F, 0xFF, 0xCB, 0xE0, 0xFD, 0xBC, 0x07, 0xDB,
    0xD0, 0xBD, 0x7F, 0xFF, 0xC2, 0xFF, 0xF4, 0x07, 0xFD, 0x00, 0x0B, 0xFE, 0x0F, 0xFC, 0x1F, 0xF4,
    0x3F, 0xE0, 0x7F, 0xC0, 0xBF, 0x00, 0x03, 0xF4, 0x02, 0xFE, 0x00, 0xFF, 0xF0, 0x07, 0xFD, 0x00,
    0xFF, 0x90, 0x7F, 0xEF, 0xFF, 0xF3, 0xFF, 0xF4, 0xBF, 0xE0, 0x00, 0x02, 0xFD, 0x0B, 0xF4, 0x2F,
    0xD0, 0x7F, 0x80, 0xBF, 0x40, 0xBF, 0x80, 0xBF, 0xFD, 0x3F, 0xFD, 0x0B, 0xFC, 0x0F, 0xF0, 0x3F,
    0xC0, 0xFE, 0x07, 0xF4, 0x2F, 0xC0, 0xFF, 0x03, 0xF8, 0x1F, 0xD0, 0xBF, 0x42, 0xFC, 0x00, 0x00,
    0x00, 0x00, 0x00, 0x1F, 0xFF, 0xFF, 0xFC, 0x1F, 0xFF, 0xFF, 0xFC, 0x2F, 0x00, 0x00, 0xF8, 0x3E,
    0x00, 0x00, 0xF4, 0x3D, 0x00, 0x01, 0xF0, 0x7C, 0x00, 0x02, 0xF0, 0x60, 0x06, 0x00, 0x63, 0xD0,
    0x3C, 0x03, 0xDF, 0x82, 0xF4, 0x2F, 0x1F, 0xFF, 0xFF, 0xF4, 0x1F, 0xE1, 0xFE, 0x00, 0xBF, 0x80,
    0x07, 0xFC, 0x3F, 0xD0, 0x2F, 0xF0, 0x1F, 0xF4, 0xFF, 0xC0, 0x0F, 0xFF, 0xFF, 0x00, 0x03, 0xFF,
    0xFC, 0x00, 0x02, 0xFF, 0xF0, 0x00, 0x00, 0x0F, 0xFF, 0xC0, 0x00, 0x3F, 0xFF, 0xD0, 0x00, 0xFF,
    0xFF, 0xF0, 0x03, 0xFF, 0x4F, 0xF8, 0x0F, 0xFC, 0x07, 0xFD, 0x3F, 0xE0, 0x01, 0xFF, 0x3F, 0x40,
    0x07, 0xF0, 0xFF, 0x40, 0x7F, 0xC3, 0xFF, 0xFF, 0xFD, 0x07, 0xFF, 0xFF, 0xE0, 0x0B, 0xFF, 0xFE,
    0x00, 0x06, 0xFF, 0x90, 0x00, 0x00, 0x7F, 0xF4, 0x00, 0x7F, 0xFF, 0xF0, 0x0F, 0xFF, 0xFF, 0xC3,
    0xFF, 0xFF, 0xFC, 0x3F, 0xD0, 0x2F, 0xDB, 0xF0, 0x00, 0xFE, 0x69, 0x00, 0x06, 0x80, 0x02, 0xFD,
    0x00, 0xBD, 0x0F, 0xFF, 0xD1, 0xFC, 0x2F, 0xFF, 0xFF, 0xFC, 0x3F, 0xFF, 0xFF, 0xF4, 0xBE, 0x0B,
    0xFF, 0xE0, 0xFC, 0x00, 0xBF, 0x40, 0x2F, 0xFF, 0xFF, 0x8F, 0xFF, 0xFF, 0xE3, 0xFF, 0xFF, 0xF4,
    0xFF, 0xFF, 0xFC, 0x3F, 0xFF, 0xFF, 0xFF, 0xE3, 0xFF, 0xFF, 0xFF, 0xFE, 0x7F, 0xFF, 0xFF, 0xFF,
    0xD0, 0x07, 0xFF, 0xFF, 0xFF, 0xD0, 0xBF, 0xFF, 0xFF, 0xFD, 0x0F, 0xFF, 0xFF, 0xFF, 0xC0, 0x00,
    0x00, 0x00, 0x00, 0x00, 0x00, 0x00, 0x00, 0x01, 0xFF, 0xFF, 0xFF, 0xF4, 0x2F, 0xFF, 0xFF, 0xFF,
    0x43, 0xFF, 0xFF, 0xFF, 0xF0, 0x02, 0xFD, 0x00, 0x7E, 0x0F, 0xFF, 0xD0, 0xFD, 0x2F, 0xFF, 0xFF,
    0xFC, 0x3F, 0xFF, 0xFF, 0xF4, 0x7F, 0x07, 0xFF, 0xE0, 0xBD, 0x00, 0xBF, 0x80, 0x3F, 0xFF, 0xFF,
    0xFF, 0x0F, 0xFF, 0xFF, 0xFF, 0xC7, 0xFF, 0xFF, 0xFF, 0xF1, 0xFF, 0xFF, 0xFF, 0xF8, 0x3F, 0xFF,
    0xFF, 0xFF, 0xFF, 0xFF, 0xFE, 0x7F, 0xFF, 0xFF, 0xFF, 0xFF, 0xFF, 0xFE, 0x7F, 0xFF, 0xFF, 0xFF,
    0xFF, 0xFF, 0xFD, 0xBF, 0xFF, 0xFF, 0xFF, 0xFF, 0xFF, 0xFC, 0x00, 0x00, 0x02, 0x00, 0x00, 0x02,
    0xF8, 0x00, 0x01, 0xFF, 0xC0, 0x00, 0xBF, 0xFD, 0x00, 0xBF, 0xFE, 0x00, 0x7F, 0xFF, 0x40, 0x3F,
    0xFF, 0x80, 0x03, 0xFF, 0x80, 0x00, 0x2F, 0xD0, 0x00, 0x00, 0xE0, 0x00, 0x00, 0x00, 0x00, 0x00,
    0x00, 0x00, 0x00, 0x00, 0x00, 0x1F, 0xD0, 0x00, 0x00, 0x00, 0x03, 0xFC, 0x00, 0x00, 0x00, 0x00,
    0x7F, 0x00, 0x00, 0x00, 0x00, 0x0F, 0xE0, 0x00, 0x00, 0x00, 0x02, 0xFC, 0x00, 0x00, 0x00, 0x00,
    0x3F, 0x40, 0x00, 0x00, 0x00, 0x0B, 0xF0, 0x00, 0x00, 0x00, 0x01, 0xFD, 0x00, 0x00, 0x00, 0x00,
    0x3F, 0xC0, 0x00, 0x00, 0x00, 0x07, 0xF0, 0x00, 0x00, 0x00, 0x00, 0xFE, 0x00, 0x00, 0x00, 0x00,
    0x2F, 0xC0, 0x00, 0x00, 0x00, 0x03, 0xF8, 0x00, 0x00, 0x00, 0x00, 0xBF, 0x00, 0x00, 0x00, 0x00,
    0x1F, 0xD0, 0x00, 0x00, 0x00, 0x03, 0xFC, 0x00, 0x00, 0x00, 0x00, 0x7F, 0x40, 0x00, 0x00, 0x00,
    0x0F, 0xE0, 0x00, 0x00, 0x00, 0x02, 0xFC, 0x00, 0x00, 0x00, 0x00, 0x3F, 0x80, 0x00, 0x00, 0x00,
    0x0B, 0xF0, 0x00, 0x00, 0x00, 0x00, 0xFD, 0x00, 0x00, 0x00, 0x00, 0x3F, 0xC0, 0x00, 0x00, 0x00,
    0x07, 0xF4, 0x00, 0x00, 0x00, 0x00, 0xFE, 0x00, 0x00, 0x00, 0x00, 0x1F, 0xC0, 0x00, 0x00, 0x00,
    0x03, 0xF8, 0x00, 0x00, 0x00, 0x00, 0xBF, 0x00, 0x00, 0x00, 0x00, 0x0F, 0xD0, 0x00, 0x00, 0x00,
    0x02, 0xFC, 0x00, 0x00, 0x00, 0x00, 0x7F, 0x40, 0x00, 0x00, 0x00, 0x00, 0x0E, 0x00, 0xFC, 0x1F,
    0xD0, 0x7E, 0x03, 0xF0, 0xBE, 0x7F, 0xD7, 0xF8, 0xB9, 0x00, 0x06, 0x00, 0x00, 0x28, 0x0F, 0x40,
    0x00, 0x7C, 0x1F, 0x00, 0x00, 0x7C, 0x2F, 0x00, 0x00, 0xBC, 0x3F, 0x00, 0x00, 0xF8, 0x3F, 0xFF,
    0xFF, 0xF4, 0x3F, 0xFF, 0xFF, 0xF0, 0x0B, 0xFF, 0xFF, 0xFC, 0x0F, 0xFF, 0xFF, 0xFC, 0x0F, 0x00,
    0x00, 0xB8, 0x1E, 0x00, 0x00, 0xF4, 0x2E, 0x00, 0x00, 0xF0, 0x2D, 0x00, 0x00, 0xF0, 0x3F, 0xFF,
    0xFF, 0xF0, 0x3F, 0xFF, 0xFF, 0xE0, 0x02, 0xF8, 0x2F, 0x80, 0x7F, 0xFF, 0xFF, 0xC3, 0xD0, 0xFD,
    0x0F, 0x6D, 0x02, 0xD0, 0x2D, 0x60, 0x06, 0x00, 0x60, 0x00, 0x00, 0x03, 0x81, 0xC2, 0xF6, 0xF4,
    0x3F, 0xF4, 0x07, 0xF4, 0x07, 0xFF, 0x07, 0xEB, 0xE1, 0xE0, 0xF0, 0x00, 0x00, 0x00, 0x00, 0x2F,
    0x00, 0xBF, 0x80, 0x3E, 0x00, 0x1F, 0x00, 0x07, 0xD0, 0x00, 0xFC, 0x00, 0x1F, 0x40, 0x03, 0xD0,
    0x02, 0xF0, 0x0B, 0xF4, 0x03, 0xE0, 0x00, 0x0B, 0xFF, 0xFF, 0xFF, 0xC0, 0xFF, 0xFF, 0xFF, 0xFC,
    0x0F, 0xFF, 0xFF, 0xFF, 0xC0, 0x00, 0x00, 0x00, 0x00, 0x00, 0x00, 0x00, 0x00, 0x02, 0xFF, 0xFF,
    0xFF, 0xF0, 0x3F, 0xFF, 0xFF, 0xFF, 0x03, 0xFF, 0xFF, 0xFF, 0xF0, 0xBF, 0xF0, 0x0F, 0xFD, 0x01,
    0xFF, 0xC0, 0x2F, 0xF0, 0x02, 0xFE, 0x00, 0x3F, 0xC0, 0x00, 0xFF, 0xF0, 0x0F, 0xFF, 0x00, 0xBF,
    0xF0, 0x07, 0xFF, 0x00, 0x3F, 0xE0, 0x03, 0xFE, 0x00, 0x00, 0x01, 0xFE, 0x00, 0x3F, 0x01, 0xFF,
    0xF8, 0x2F, 0xC0, 0xFF, 0xFF, 0xFF, 0xD0, 0xBF, 0xFF, 0xFF, 0xF0, 0x3F, 0x42, 0xFF, 0xF4, 0x0F,
    0xC0, 0x1B, 0xE0, 0x00, 0x3F, 0xD1, 0xFF, 0xD7, 0xFF, 0x81, 0xFE, 0x03, 0xF4, 0x2F, 0xC0, 0x78,
    0x00, 0x00, 0x06, 0x40, 0x3F, 0xFC, 0x14, 0x0B, 0xFC, 0x2F, 0xFD, 0x7F, 0xC3, 0xFF, 0x0F, 0xFD,
    0x3F, 0xF1, 0xFF, 0x8B, 0xFD, 0x0F, 0xFC, 0x2F, 0x83, 0xFE, 0x02, 0xF8, 0x00, 0x01, 0xFE, 0x00,
    0x00, 0x00, 0x2F, 0xE0, 0xFF, 0x43, 0xFD, 0x1F, 0xFA, 0x7F, 0xFC, 0xFF, 0xE1, 0xFF, 0x40, 0x00,
    0x00, 0x00, 0x00, 0x00, 0xFF, 0xFF, 0xFF, 0xFD, 0x0F, 0xFF, 0xFF, 0xFF, 0xC1, 0xF0, 0x00, 0x00,
    0xBC, 0x2F, 0x00, 0x00, 0x0B, 0x82, 0xE0, 0x00, 0x00, 0xF4, 0x3E, 0x00, 0x00, 0x0F, 0x40, 0x1F,
    0xFF, 0xFF, 0xFF, 0x4B, 0xFF, 0xFF, 0xFF, 0xD3, 0xFF, 0xFF, 0xFF, 0xF0, 0x00, 0x00, 0x00, 0x00,
    0x00, 0x00, 0x00, 0x00, 0x1F, 0xFF, 0xFF, 0xFF, 0x4B, 0xFF, 0xFF, 0xFF, 0xD3, 0xFF, 0xFF, 0xFF,
    0xF0, 0x2F, 0xC0, 0xFE, 0x2F, 0xC1, 0xFD, 0x3F, 0xC2, 0xFC, 0x3F, 0x82, 0xFC, 0x7F, 0x43, 0xFC,
    0xBF, 0x43, 0xF8, 0xBF, 0x07, 0xF4, 0x00, 0x00, 0x0F, 0xFF, 0xC7, 0xFF, 0xE0, 0x00, 0xF4, 0x00,
    0x3D, 0x00, 0x1F, 0x00, 0x0B, 0xC0, 0x01, 0x90, 0x00, 0x00, 0x00, 0x00, 0x00, 0x07, 0x40, 0x00,
    0x2E, 0x7D, 0x0F, 0x03, 0xFF, 0xF0, 0xF8, 0x3F, 0xFF, 0xFF, 0xD1, 0xF4, 0xBF, 0xFE, 0x0B, 0x87,
    0xDF, 0xD0, 0x00, 0x1D, 0x00, 0x00, 0x00, 0x00, 0x00, 0x00, 0x00, 0x00, 0x50, 0x00, 0x00, 0x0F,
    0xF0, 0x00, 0x00, 0xBF, 0xC0, 0x00, 0x02, 0xFF, 0x00, 0x00, 0x03, 0xF0, 0x00, 0x07, 0xE0, 0x02,
    0xD0, 0xBF, 0xF8, 0x1F, 0x07, 0xFF, 0xFF, 0xFC, 0x3E, 0x0B, 0xFF, 0xC0, 0xF0, 0x02, 0xF8, 0x00,
    0x00, 0x50, 0x00, 0x00, 0x1F, 0xF0, 0x00, 0x00, 0xBF, 0xC0, 0x00, 0x02, 0xFF, 0x00, 0x00, 0x03,
    0xF0, 0x00, 0x00, 0x00, 0xBE, 0x00, 0x78, 0x0F, 0xFF, 0x43, 0xD0, 0xBF, 0xFF, 0xFF, 0x03, 0xD1,
    0xFF, 0xF0, 0x1E, 0x00, 0x7E, 0x00, 0x00, 0x00, 0x00, 0x00, 0x7F, 0x90, 0x3D, 0x07, 0xFF, 0xFF,
    0xF0, 0x3F, 0xFF, 0xFF, 0x41, 0xF0, 0x1B, 0xF0, 0x00, 0x00, 0x00, 0x00, 0x00, 0x0B, 0x02, 0xC0,
    0x07, 0xE0, 0x2F, 0x02, 0xFF, 0xFF, 0xFC, 0x2F, 0xFF, 0xFF, 0x80, 0xBC, 0x07, 0xD0, 0x01, 0x80,
    0xA0, 0x00, 0x00, 0x00, 0x00, 0x00, 0x00, 0x06, 0x00, 0xBD, 0x0B, 0xFC, 0x6F, 0xE4, 0x3E, 0x00,
    0xF4, 0x07, 0xC0, 0x2F, 0x00, 0x7F, 0xF4, 0x03, 0xFF, 0xC0, 0x1F, 0xFD, 0x7F, 0xF4, 0x03, 0xFF,
    0xC0, 0x1F, 0xFD, 0x78, 0x00, 0x00, 0x00, 0x00, 0x00, 0x2D, 0x78, 0x00, 0x00, 0x00, 0x00, 0x00,
    0x2D, 0x78, 0x00, 0x00, 0x3C, 0x00, 0x00, 0x2D, 0x74, 0x00, 0x0E, 0x3C, 0xB0, 0x00, 0x1D, 0x00,
    0x00, 0x0E, 0x00, 0xB0, 0x00, 0x00, 0x00, 0x03, 0xC0, 0x00, 0x03, 0xC0, 0x00, 0x00, 0x02, 0xC0,
    0x00, 0x03, 0x80, 0x00, 0x00, 0x1D, 0x00, 0x00, 0x00, 0x34, 0x00, 0x00, 0x1D, 0x00, 0x00, 0x00,
    0x38, 0x00, 0x78, 0x00, 0x00, 0x00, 0x00, 0x00, 0x2D, 0x78, 0x00, 0x00, 0x00, 0x00, 0x00, 0x2D,
    0x78, 0x38, 0x00, 0x00, 0x00, 0x2C, 0x2D, 0x78, 0x38, 0x00, 0x00, 0x00, 0x1C, 0x2D, 0x78, 0x00,
    0x00, 0x00, 0x00, 0x00, 0x2D, 0x78, 0x1D, 0x00, 0x00, 0x00, 0x38, 0x2D, 0x00, 0x1D, 0x00, 0x00,
    0x00, 0x34, 0x00, 0x00, 0x02, 0xC0, 0x00, 0x03, 0x80, 0x00, 0x00, 0x03, 0xC0, 0x00, 0x03, 0xC0,
    0x00, 0x00, 0x00, 0x0E, 0x00, 0xB0, 0x00, 0x00, 0x78, 0x00, 0x0E, 0x3C, 0xB0, 0x00, 0x1D, 0x78,
    0x00, 0x00, 0x3C, 0x00, 0x00, 0x2D, 0x78, 0x00, 0x00, 0x00, 0x00, 0x00, 0x2D, 0x78, 0x00, 0x00,
    0x00, 0x00, 0x00, 0x2D, 0x7F, 0xF4, 0x03, 0xFF, 0xC0, 0x1F, 0xFD, 0x7F, 0xF4, 0x03, 0xFF, 0xC0,
    0x1F, 0xFD, 0xE0, 0x03, 0xF4, 0x03, 0xFE, 0x01, 0xFD, 0x07, 0xF5, 0xFF, 0x8F, 0xD0, 0x34, 0x00,
    0x01, 0xB4, 0x2F, 0xC1, 0xFF, 0x0F, 0xD0, 0x3F, 0x00, 0xFC, 0x03, 0xFC, 0x07, 0xF0, 0x07, 0x80,
    0x00, 0x00, 0x00, 0x6F, 0xF8, 0x00, 0x3F, 0xFF, 0xF4, 0x0F, 0xFF, 0xFF, 0xC1, 0xFD, 0x01, 0xFD,
    0x3F, 0x06, 0x47, 0xE3, 0xE2, 0xFD, 0x3E, 0x00, 0x3F, 0xE0, 0x00, 0x03, 0xFD, 0x00, 0x00, 0x1F,
    0x80, 0x00, 0x10, 0x10, 0x7C, 0xB8, 0x3F, 0xFC, 0x1F, 0xF0, 0x2F, 0xF0, 0xBF, 0xFC, 0x3C, 0x38,
    0x00, 0x00, 0x00, 0x28, 0x0B, 0xF2, 0xFF, 0x1F, 0xD0, 0x7F, 0x40, 0xBF, 0xC0, 0x2F, 0xC0, 0x0A,
    0xA0, 0x02, 0xF8, 0x02, 0xFE, 0x01, 0xFE, 0x07, 0xF8, 0xFF, 0xCB, 0xE0, 0x28, 0x00, 0xE0, 0x00,
    0x1A, 0x02, 0xF9, 0x00, 0xFD, 0x01, 0xFF, 0x47, 0xF8, 0x00, 0xFD, 0x2E, 0xF0, 0x1F, 0xF4, 0xF3,
    0xD2, 0xFD, 0x0B, 0x87, 0xCE, 0x00, 0x3C, 0x0F, 0x40, 0x0A, 0x40, 0x3F, 0x40, 0xFF, 0x00, 0xFC,
    0x02, 0xF0, 0x0F, 0xC3, 0xFE, 0x0F, 0xF0, 0x3E, 0x00, 0x1F, 0xD1, 0xFF, 0xCB, 0xFF, 0x7F, 0xFC,
    0xBF, 0xF0, 0xBE, 0x00, 0x03, 0xD0, 0x04, 0xF0, 0x47, 0xFE, 0xE2, 0xFF, 0xFC, 0x0B, 0xF0, 0x07,
    0xFF, 0x01, 0xE3, 0xC0, 0x00, 0x40, 0x0B, 0xF4, 0xBF, 0x80, 0xFF, 0xFF, 0xFF, 0x8B, 0x81, 0xFC,
    0x0F, 0x3C, 0x03, 0xD0, 0x2D, 0xF0, 0x0F, 0x40, 0xB6, 0xE0, 0x7F, 0x03, 0xC3, 0xFF, 0xFF, 0xFE,
    0x02, 0xFD, 0x2F, 0xD0, 0x18, 0x00, 0x3C, 0x00, 0x78, 0x00, 0xBF, 0xFC, 0xFF, 0xF8, 0x00, 0xB4,
    0x00, 0xF0, 0x00, 0x50, 0x2A, 0x00, 0x00, 0x00, 0x00, 0x00, 0x1A, 0x43, 0xFC, 0x00, 0x00, 0x00,
    0x00, 0x0F, 0xF4, 0x2F, 0xF4, 0x00, 0x00, 0x00, 0x1B, 0xFD, 0x00, 0xFF, 0xF9, 0x00, 0x00, 0x6F,
    0xFF, 0x80, 0x03, 0xFF, 0xFF, 0xFF, 0xFF, 0xFF, 0xD0, 0x00, 0x0F, 0xFF, 0xFF, 0xFF, 0xFF, 0xF0,
    0x00, 0x00, 0x1F, 0xFF, 0xFF, 0xFF, 0xE4, 0x00, 0x00, 0x00, 0x06, 0xFF, 0xFE, 0x90, 0x00, 0x00,
    0x1A, 0x40, 0x00, 0x00, 0x00, 0x00, 0x1A, 0x82, 0xFD, 0x00, 0x00, 0x00, 0x00, 0x0B, 0xF8, 0x1F,
    0xF8, 0x00, 0x00, 0x00, 0x0B, 0xFF, 0x00, 0xBF, 0xFE, 0x40, 0x00, 0x6F, 0xFF, 0xC0, 0x02, 0xFF,
    0xFF, 0xFF, 0xFF, 0xFF, 0xE0, 0x00, 0x0B, 0xFF, 0xFF, 0xFF, 0xFF, 0xF4, 0x00, 0x00, 0x0B, 0xFF,
    0xFF, 0xFF, 0xF4, 0x00, 0x00, 0x00, 0x06, 0xBF, 0xFF, 0x90, 0x00, 0x00, 0x3F, 0xFF, 0xFF, 0xFF,
    0xFF, 0x4F, 0xFF, 0xFF, 0xFF, 0xFF, 0xC7, 0xFF, 0xFF, 0xFF, 0xFF, 0xF1, 0xFF, 0xFF, 0xFF, 0xFF,
    0xF8, 0x3F, 0xFF, 0xFF, 0xFF, 0xFF, 0x4F, 0xFF, 0xFF, 0xFF, 0xFF, 0xC7, 0xFF, 0xFF, 0xFF, 0xFF,
    0xF1, 0xFF, 0xFF, 0xFF, 0xFF, 0xF8, 0x00, 0x1F, 0xFF, 0xA4, 0x00, 0x00, 0x02, 0xF4, 0x07, 0xFF,
    0xFF, 0xFF, 0xA4, 0x00, 0x6F, 0xC0, 0x7F, 0xFF, 0xFF, 0xFF, 0xFF, 0xFF, 0xFD, 0x03, 0xFF, 0xFF,
    0xFF, 0xFF, 0xFF, 0xFF, 0xE0, 0x2F, 0xD0, 0x01, 0x6F, 0xFF, 0xFF, 0xFE, 0x00, 0xFC, 0x00, 0x00,
    0x01, 0x6F, 0xFF, 0x80, 0x00, 0x00, 0x00, 0x06, 0xBF, 0xFF, 0x90, 0x00, 0x00, 0x00, 0x1B, 0xFF,
    0xFF, 0xFF, 0xF4, 0x00, 0x00, 0x0F, 0xFF, 0xFF, 0xFF, 0xFF, 0xE0, 0x00, 0x0B, 0xFF, 0xFF, 0xFF,
    0xFF, 0xFF, 0xC0, 0x02, 0xFF, 0xF9, 0x00, 0x01, 0x6F, 0xFF, 0x00, 0xBF, 0xE0, 0x00, 0x00, 0x00,
    0x2F, 0xF4, 0x2F, 0xE0, 0x00, 0x00, 0x00, 0x00, 0x7F, 0xC1, 0xA4, 0x00, 0x00, 0x00, 0x00, 0x00,
    0xA8, 0x00, 0x00, 0x00, 0x00, 0x00, 0x00, 0x00, 0x00, 0x00, 0x00, 0x00, 0x00, 0x00, 0x0E, 0x00,
    0x00, 0x00, 0x00, 0x00, 0x00, 0x00, 0xFC, 0x03, 0xFF, 0xFF, 0xFF, 0xFF, 0xFF, 0xFF, 0xF4, 0x7F,
    0xFF, 0xFF, 0xFF, 0xFF, 0xFF, 0xFF, 0xDB, 0xFF, 0xFF, 0xFF, 0xFF, 0xFF, 0xFF, 0xF4, 0x00, 0x00,
    0x00, 0x00, 0x00, 0x00, 0xFC, 0x00, 0x00, 0x00, 0x00, 0x00, 0x00, 0x0E, 0x00, 0x00, 0x00, 0x00,
    0x00, 0x00, 0x00, 0x40, 0x00, 0x02, 0xE2, 0xC0, 0xFF, 0xFC, 0x3F, 0x0F, 0xC3, 0xD0, 0xF8, 0x7C,
    0x0F, 0x4B, 0xC1, 0xF0, 0xBC, 0x3F, 0x07, 0xFF, 0xE0, 0x2F, 0xAE, 0x00, 0x00, 0xA9, 0x01, 0xFF,
    0xE1, 0xF4, 0x7C, 0xFC, 0x3E, 0x3F, 0xFE, 0x0F, 0x90, 0x03, 0xE0, 0x00, 0xBF, 0xF8, 0x06, 0xF8,
    0x00, 0x00, 0x00, 0x3D, 0x03, 0xC0, 0x00, 0x0F, 0xC0, 0xF8, 0x0F, 0x41, 0xF0, 0x2F, 0x03, 0xE0,
    0x3D, 0x07, 0xC0, 0x02, 0xF8, 0x03, 0xFF, 0xC3, 0xF0, 0xF9, 0xF4, 0x2F, 0xBC, 0x0F, 0xAF, 0x03,
    0xEB, 0xC2, 0xF0, 0xFF, 0xF4, 0x0F, 0xF4, 0x00, 0x1F, 0x03, 0xD2, 0xF0, 0x7C, 0x3E, 0x0B, 0xC3,
    0xD0, 0xF8, 0x7C, 0x1F, 0x4B, 0xC3, 0xF0, 0x7F, 0xFF, 0x02, 0xF5, 0xE0, 0x02, 0xF9, 0x0F, 0xFE,
    0x3F, 0x00, 0x7D, 0x00, 0xBC, 0x00, 0xBC, 0x00, 0xBC, 0x00, 0x7F, 0xF8, 0x1F, 0xF4, 0x00, 0x00,
    0xA0, 0x00, 0x0B, 0xC0, 0x00, 0x3E, 0x00, 0xB8, 0xF4, 0x0F, 0xFF, 0xC0, 0xFC, 0x3F, 0x03, 0xD0,
    0xF8, 0x1F, 0x03, 0xD0, 0xBC, 0x0F, 0x02, 0xF0, 0xFC, 0x07, 0xFF, 0xF0, 0x0B, 0xE7, 0x80, 0x02,
    0xF0, 0x00, 0x3E, 0x00, 0x03, 0xD0, 0x00, 0x7D, 0xB8, 0x0B, 0xFF, 0xE0, 0xFD, 0x3F, 0x0F, 0x82,
    0xF0, 0xF4, 0x3E, 0x1F, 0x03, 0xD2, 0xF0, 0x7C, 0x3E, 0x0B, 0xC2, 0x80, 0x64, 0x0F, 0x2F, 0x4B,
    0xE0, 0x3F, 0xFF, 0xBF, 0xD1, 0xF8, 0x7F, 0x0F, 0x4B, 0xC1, 0xF0, 0x3C, 0x3E, 0x0B, 0xC1, 0xF0,
    0xF4, 0x3E, 0x0B, 0x87, 0xC0, 0xF4, 0x3D, 0x2F, 0x07, 0xC0, 0xF0, 0x0F, 0x6E, 0x0F, 0xFD, 0x1F,
    0xC0, 0x2F, 0x00, 0x3F, 0x00, 0x3E, 0x00, 0x7D, 0x00, 0xBC, 0x00, 0x01, 0xD0, 0x07, 0xE8, 0x3F,
    0xFC, 0x0F, 0x80, 0x0F, 0x40, 0x1F, 0x00, 0x2F, 0x00, 0x3E, 0x00, 0x3F, 0xE0, 0x1F, 0xE0, 0xF8,
    0x0F, 0xAE, 0x0B, 0xC7, 0xC3, 0xD1, 0xF2, 0xE0, 0x3D, 0xF0, 0x0F, 0xF8, 0x03, 0xFC, 0x00, 0xFD,
    0x00, 0x07, 0xD1, 0xF8, 0x0F, 0x8F, 0x80, 0x1F, 0xF8, 0x00, 0x3F, 0x80, 0x01, 0xFD, 0x00, 0x1F,
    0xFC, 0x01, 0xF4, 0xF4, 0x1F, 0x83, 0xF0, 0x00, 0x00, 0x0F, 0xFD, 0x00, 0x00, 0x00, 0x00, 0x7F,
    0xF0, 0x00, 0x00, 0x00, 0x02, 0xFF, 0x00, 0x00, 0x00, 0x00, 0x0F, 0xF8, 0x00, 0x00, 0x00, 0x00,
    0x3F, 0xC0, 0x00, 0x00, 0x00, 0x01, 0xFD, 0x00, 0x00, 0x00, 0x00, 0x00, 0x00, 0x00, 0x00, 0x00,
    0x00, 0x00, 0x00, 0x00, 0x0B, 0xFF, 0xFF, 0xFF, 0xD0, 0x00, 0xFF, 0xFF, 0xFF, 0xFC, 0x00, 0x0F,
    0xFF, 0xFF, 0xFF, 0xC0, 0x01, 0xFF, 0xFF, 0xFF, 0xF8, 0x00, 0x1F, 0xFD, 0x55, 0x55, 0x00, 0x02,
    0xFF, 0xC0, 0x00, 0x00, 0x00, 0x3F, 0xF8, 0x00, 0x00, 0x00, 0x03, 0xFF, 0x80, 0x00, 0x00, 0x00,
    0x7F, 0xF4, 0x00, 0x00, 0x00, 0x0B, 0xFF, 0x00, 0x00, 0x00, 0x00, 0xFF, 0xF0, 0x00, 0x00, 0x00,
    0x0F, 0xFF, 0xFF, 0xFF, 0x40, 0x00, 0xFF, 0xFF, 0xFF, 0xF0, 0x00, 0x1F, 0xFF, 0xFF, 0xFF, 0x00,
    0x02, 0xFF, 0xFF, 0xFF, 0xF0, 0x00, 0x3F, 0xFD, 0x55, 0x54, 0x00, 0x03, 0xFF, 0x80, 0x00, 0x00,
    0x00, 0x3F, 0xF4, 0x00, 0x00, 0x00, 0x07, 0xFF, 0x40, 0x00, 0x00, 0x00, 0xBF, 0xF0, 0x00, 0x00,
    0x00, 0x0F, 0xFF, 0x00, 0x00, 0x00, 0x00, 0xFF, 0xE0, 0x00, 0x00, 0x00, 0x1F, 0xFE, 0x55, 0x55,
    0x40, 0x01, 0xFF, 0xFF, 0xFF, 0xF8, 0x00, 0x2F, 0xFF, 0xFF, 0xFF, 0x40, 0x03, 0xFF, 0xFF, 0xFF,
    0xF0, 0x00, 0x3F, 0xFF, 0xFF, 0xFF, 0x00, 0x00, 0x00, 0x00, 0x1F, 0x80, 0xBE, 0x00, 0x00, 0x03,
    0xFD, 0x1F, 0xF0, 0x00, 0x00, 0x7F, 0xD2, 0xFF, 0x00, 0x00, 0x07, 0xFC, 0x2F, 0xF0, 0x00, 0x00,
    0x2F, 0x40, 0xFC, 0x00, 0x00, 0x00, 0x00, 0x00, 0x00, 0x00, 0x00, 0x00, 0x00, 0x00, 0x00, 0x00,
    0x00, 0x00, 0x00, 0x00, 0x00, 0x0B, 0xFF, 0xFF, 0xFF, 0xD0, 0x00, 0xFF, 0xFF, 0xFF, 0xFC, 0x00,
    0x0F, 0xFF, 0xFF, 0xFF, 0xC0, 0x01, 0xFF, 0xFF, 0xFF, 0xF8, 0x00, 0x1F, 0xFD, 0x55, 0x55, 0x00,
    0x02, 0xFF, 0xC0, 0x00, 0x00, 0x00, 0x3F, 0xF8, 0x00, 0x00, 0x00, 0x03, 0xFF, 0x80, 0x00, 0x00,
    0x00, 0x7F, 0xF4, 0x00, 0x00, 0x00, 0x0B, 0xFF, 0x00, 0x00, 0x00, 0x00, 0xFF, 0xF0, 0x00, 0x00,
    0x00, 0x0F, 0xFF, 0xFF, 0xFF, 0x40, 0x00, 0xFF, 0xFF, 0xFF, 0xF0, 0x00, 0x1F, 0xFF, 0xFF, 0xFF,
    0x00, 0x02, 0xFF, 0xFF, 0xFF, 0xF0, 0x00, 0x3F, 0xFD, 0x55, 0x54, 0x00, 0x03, 0xFF, 0x80, 0x00,
    0x00, 0x00, 0x3F, 0xF4, 0x00, 0x00, 0x00, 0x07, 0xFF, 0x40, 0x00, 0x00, 0x00, 0xBF, 0xF0, 0x00,
    0x00, 0x00, 0x0F, 0xFF, 0x00, 0x00, 0x00, 0x00, 0xFF, 0xE0, 0x00, 0x00, 0x00, 0x1F, 0xFE, 0x55,
    0x55, 0x40, 0x01, 0xFF, 0xFF, 0xFF, 0xF8, 0x00, 0x2F, 0xFF, 0xFF, 0xFF, 0x40, 0x03, 0xFF, 0xFF,
    0xFF, 0xF0, 0x00, 0x3F, 0xFF, 0xFF, 0xFF, 0x00, 0x00, 0x3F, 0xFF, 0xFF, 0xFF, 0xFF, 0x41, 0xFF,
    0xFF, 0xFF, 0xFF, 0xFC, 0x0B, 0xFF, 0xFF, 0xFF, 0xFF, 0xF0, 0x3F, 0xFF, 0xFF, 0xFF, 0xFF, 0x80,
    0x55, 0x5F, 0xFF, 0x55, 0x54, 0x00, 0x00, 0x3F, 0xFC, 0x00, 0x00, 0x00, 0x00, 0xFF, 0xE0, 0x00,
    0x00, 0x00, 0x03, 0xFF, 0x40, 0x00, 0x00, 0x00, 0x1F, 0xFC, 0x00, 0x00, 0x00, 0x00, 0xBF, 0xF0,
    0x00, 0x00, 0x00, 0x03, 0xFF, 0xEF, 0xFE, 0x00, 0x00, 0x0F, 0xFF, 0xFF, 0xFF, 0x40, 0x00, 0x3F,
    0xFF, 0xFF, 0xFF, 0x40, 0x01, 0xFF, 0xFF, 0xFF, 0xFF, 0x00, 0x0B, 0xFF, 0x95, 0xBF, 0xFE, 0x00,
    0x3F, 0xF8, 0x00, 0x7F, 0xFC, 0x00, 0xFF, 0xD0, 0x00, 0xFF, 0xF0, 0x07, 0xFF, 0x40, 0x02, 0xFF,
    0xC0, 0x1F, 0xFC, 0x00, 0x0B, 0xFF, 0x00, 0xBF, 0xF0, 0x00, 0x3F, 0xFC, 0x03, 0xFF, 0x80, 0x00,
    0xFF, 0xE0, 0x0F, 0xFD, 0x00, 0x0B, 0xFF, 0x40, 0x7F, 0xF4, 0x65, 0xFF, 0xFC, 0x02, 0xFF, 0xC2,
    0xFF, 0xFF, 0xD0, 0x0B, 0xFF, 0x0B, 0xFF, 0xFE, 0x00, 0x3F, 0xF8, 0x2F, 0xFF, 0xE0, 0x00, 0xFF,
    0xD0, 0x7F, 0xF8, 0x00, 0x00, 0x00, 0x00, 0x00, 0x00, 0xAA, 0x90, 0x00, 0x00, 0x00, 0x3F, 0xFC,
    0x00, 0x00, 0x00, 0x0B, 0xFF, 0x00, 0x00, 0x00, 0x01, 0xFF, 0xC0, 0x00, 0x00, 0x00, 0x3F, 0xF0,
    0x00, 0x00, 0x00, 0x0F, 0xF8, 0x00, 0x00, 0x00, 0x00, 0xA9, 0x00, 0x00, 0x00, 0x00, 0x00, 0x00,
    0x00, 0x00, 0x00, 0x00, 0x00, 0x00, 0x00, 0x00, 0x7F, 0xFF, 0xFF, 0xFD, 0x00, 0x0B, 0xFF, 0xFF,
    0xFF, 0xC0, 0x00, 0xFF, 0xFF, 0xFF, 0xFC, 0x00, 0x0F, 0xFF, 0xFF, 0xFF, 0x80, 0x01, 0xFF, 0xD5,
    0x55, 0x50, 0x00, 0x2F, 0xFC, 0x00, 0x00, 0x00, 0x02, 0xFF, 0x80, 0x00, 0x00, 0x00, 0x3F, 0xF8,
    0x00, 0x00, 0x00, 0x03, 0xFF, 0x40, 0x00, 0x00, 0x00, 0x7F, 0xF0, 0x00, 0x00, 0x00, 0x0B, 0xFF,
    0x00, 0x00, 0x00, 0x00, 0xFF, 0xE0, 0x00, 0x00, 0x00, 0x0F, 0xFD, 0x00, 0x00, 0x00, 0x00, 0xFF,
    0xD0, 0x00, 0x00, 0x00, 0x1F, 0xFC, 0x00, 0x00, 0x00, 0x02, 0xFF, 0xC0, 0x00, 0x00, 0x00, 0x3F,
    0xF8, 0x00, 0x00, 0x00, 0x03, 0xFF, 0x40, 0x00, 0x00, 0x00, 0x3F, 0xF0, 0x00, 0x00, 0x00, 0x07,
    0xFF, 0x00, 0x00, 0x00, 0x00, 0xBF, 0xF0, 0x00, 0x00, 0x00, 0x0F, 0xFE, 0x00, 0x00, 0x00, 0x00,
    0xFF, 0xD0, 0x00, 0x00, 0x00, 0x1F, 0xFC, 0x00, 0x00, 0x00, 0x02, 0xFF, 0xC0, 0x00, 0x00, 0x00,
    0x2F, 0xFC, 0x00, 0x00, 0x00, 0x03, 0xFF, 0x80, 0x00, 0x00, 0x00, 0x00, 0x00, 0x06, 0xFF, 0xF9,
    0x00, 0x00, 0x02, 0xFF, 0xFF, 0xFF, 0x80, 0x00, 0x7F, 0xFF, 0xFF, 0xFF, 0x00, 0x0B, 0xFF, 0xFF,
    0xFF, 0xF8, 0x00, 0xBF, 0xFF, 0x95, 0xBF, 0xC0, 0x07, 0xFF, 0xE0, 0x00, 0x0A, 0x00, 0x3F, 0xFD,
    0x00, 0x00, 0x00, 0x02, 0xFF, 0xE0, 0x00, 0x00, 0x00, 0x0F, 0xFF, 0x00, 0x00, 0x00, 0x00, 0x7F,
    0xF4, 0x00, 0x00, 0x00, 0x03, 0xFF, 0xC0, 0x00, 0x00, 0x00, 0x0F, 0xFF, 0xFF, 0xFF, 0xD0, 0x00,
    0x7F, 0xFF, 0xFF, 0xFF, 0x00, 0x02, 0xFF, 0xFF, 0xFF, 0xFC, 0x00, 0x0B, 0xFF, 0xFF, 0xFF, 0xE0,
    0x00, 0x3F, 0xFD, 0x55, 0x55, 0x00, 0x00, 0xFF, 0xF0, 0x00, 0x00, 0x00, 0x03, 0xFF, 0xC0, 0x00,
    0x00, 0x00, 0x0B, 0xFF, 0x00, 0x00, 0x00, 0x00, 0x2F, 0xFD, 0x00, 0x00, 0x00, 0x00, 0x7F, 0xFC,
    0x00, 0x00, 0x00, 0x00, 0xFF, 0xF8, 0x00, 0x02, 0x40, 0x01, 0xFF, 0xFE, 0x56, 0xFD, 0x00, 0x03,
    0xFF, 0xFF, 0xFF, 0xF4, 0x00, 0x03, 0xFF, 0xFF, 0xFF, 0xD0, 0x00, 0x02, 0xFF, 0xFF, 0xFF, 0x00,
    0x00, 0x00, 0xBF, 0xFF, 0x90, 0x00, 0x00, 0x00, 0x00, 0x1B, 0xFF, 0x90, 0x00, 0x00, 0xBF, 0xFF,
    0xFF, 0x80, 0x00, 0xFF, 0xFF, 0xFF, 0xF0, 0x00, 0xBF, 0xFF, 0xFF, 0xF4, 0x00, 0x7F, 0xFE, 0x56,
    0xFC, 0x00, 0x2F, 0xFD, 0x00, 0x05, 0x00, 0x0F, 0xFF, 0x00, 0x00, 0x00, 0x03, 0xFF, 0x80, 0x00,
    0x00, 0x00, 0xFF, 0xF0, 0x00, 0x00, 0x00, 0x3F, 0xFD, 0x00, 0x00, 0x00, 0x0B, 0xFF, 0xE0, 0x00,
    0x00, 0x01, 0xFF, 0xFF, 0x00, 0x00, 0x00, 0x2F, 0xFF, 0xF4, 0x00, 0x00, 0x03, 0xFF, 0xFF, 0x40,
    0x00, 0x00, 0x2F, 0xFF, 0xF0, 0x00, 0x00, 0x02, 0xFF, 0xFE, 0x00, 0x00, 0x00, 0x1F, 0xFF, 0xC0,
    0x00, 0x00, 0x00, 0xFF, 0xF0, 0x00, 0x00, 0x00, 0x2F, 0xFD, 0x00, 0x00, 0x00, 0x07, 0xFF, 0x40,
    0x00, 0x00, 0x01, 0xFF, 0xC0, 0x1D, 0x00, 0x00, 0xFF, 0xF0, 0x07, 0xFA, 0x56, 0xFF, 0xF8, 0x01,
    0xFF, 0xFF, 0xFF, 0xFC, 0x00, 0x7F, 0xFF, 0xFF, 0xFC, 0x00, 0x0F, 0xFF, 0xFF, 0xF8, 0x00, 0x00,
    0x6F, 0xFF, 0x90, 0x00, 0x00, 0x00, 0x0B, 0xFF, 0x00, 0x03, 0xFF, 0xC0, 0x00, 0xFF, 0xE0, 0x00,
    0x7F, 0xF4, 0x00, 0x2F, 0xFC, 0x00, 0x0B, 0xFF, 0x00, 0x03, 0xFF, 0xC0, 0x00, 0xFF, 0xE0, 0x00,
    0x7F, 0xF4, 0x00, 0x2F, 0xFC, 0x00, 0x0F, 0xFF, 0x00, 0x03, 0xFF, 0x80, 0x00, 0xFF, 0xD0, 0x00,
    0x7F, 0xF4, 0x00, 0x2F, 0xFC, 0x00, 0x0F, 0xFF, 0x00, 0x03, 0xFF, 0x80, 0x00, 0xFF, 0xD0, 0x00,
    0x7F, 0xF0, 0x00, 0x2F, 0xFC, 0x00, 0x0F, 0xFF, 0x00, 0x03, 0xFF, 0x80, 0x01, 0xFF, 0xD0, 0x00,
    0xBF, 0xF0, 0x00, 0x2F, 0xFC, 0x00, 0x0F, 0xFF, 0x00, 0x03, 0xFF, 0x80, 0x00, 0x00, 0x0B, 0xD0,
    0xFC, 0x00, 0x0B, 0xFC, 0xBF, 0xC0, 0x03, 0xFF, 0x3F, 0xF0, 0x00, 0xFF, 0x8F, 0xF4, 0x00, 0x1F,
    0x81, 0xF8, 0x00, 0x00, 0x00, 0x00, 0x00, 0x00, 0x00, 0x00, 0x00, 0x00, 0x00, 0x00, 0x00, 0x00,
    0x0B, 0xFF, 0x00, 0x00, 0x03, 0xFF, 0xC0, 0x00, 0x00, 0xFF, 0xE0, 0x00, 0x00, 0x3F, 0xF4, 0x00,
    0x00, 0x1F, 0xFC, 0x00, 0x00, 0x0B, 0xFF, 0x00, 0x00, 0x03, 0xFF, 0x80, 0x00, 0x00, 0xFF, 0xE0,
    0x00, 0x00, 0x7F, 0xF4, 0x00, 0x00, 0x1F, 0xFC, 0x00, 0x00, 0x0B, 0xFF, 0x00, 0x00, 0x03, 0xFF,
    0x80, 0x00, 0x00, 0xFF, 0xD0, 0x00, 0x00, 0x7F, 0xF4, 0x00, 0x00, 0x2F, 0xFC, 0x00, 0x00, 0x0B,
    0xFF, 0x00, 0x00, 0x03, 0xFF, 0x80, 0x00, 0x00, 0xFF, 0xD0, 0x00, 0x00, 0x7F, 0xF0, 0x00, 0x00,
    0x2F, 0xFC, 0x00, 0x00, 0x0F, 0xFF, 0x00, 0x00, 0x03, 0xFF, 0x80, 0x00, 0x00, 0xFF, 0xD0, 0x00,
    0x00, 0x7F, 0xF0, 0x00, 0x00, 0x2F, 0xFC, 0x00, 0x00, 0x0F, 0xFE, 0x00, 0x00, 0x03, 0xFF, 0x80,
    0x00, 0x00, 0x00, 0x00, 0x00, 0x0F, 0xFE, 0x00, 0x00, 0x00, 0x1F, 0xFD, 0x00, 0x00, 0x00, 0x2F,
    0xFC, 0x00, 0x00, 0x00, 0x3F, 0xFC, 0x00, 0x00, 0x00, 0x3F, 0xF8, 0x00, 0x00, 0x00, 0x3F, 0xF4,
    0x00, 0x00, 0x00, 0x7F, 0xF4, 0x00, 0x00, 0x00, 0xBF, 0xF0, 0x00, 0x00, 0x00, 0xFF, 0xF0, 0x00,
    0x00, 0x00, 0xFF, 0xE0, 0x00, 0x00, 0x00, 0xFF, 0xD0, 0x00, 0x00, 0x01, 0xFF, 0xC0, 0x00, 0x00,
    0x02, 0xFF, 0xC0, 0x00, 0x00, 0x03, 0xFF, 0xC0, 0x00, 0x00, 0x03, 0xFF, 0x80, 0x00, 0x00, 0x07,
    0xFF, 0x40, 0x00, 0x00, 0x07, 0xFF, 0x00, 0x00, 0x00, 0x0B, 0xFF, 0x00, 0x00, 0x00, 0x0F, 0xFE,
    0x00, 0x00, 0x00, 0x0F, 0xFE, 0x00, 0x00, 0x00, 0x1F, 0xFD, 0x00, 0x00, 0x00, 0x2F, 0xFC, 0x00,
    0x00, 0x00, 0x2F, 0xFC, 0x00, 0x00, 0x00, 0x3F, 0xF8, 0x00, 0x00, 0x00, 0x3F, 0xF4, 0x00, 0x00,
    0x00, 0x7F, 0xF4, 0x00, 0x00, 0x00, 0xBF, 0xF0, 0x00, 0x00, 0x00, 0xFF, 0xF0, 0x00, 0x00, 0x01,
    0xFF, 0xD0, 0x00, 0x00, 0x03, 0xFF, 0xC0, 0x00, 0x25, 0x6F, 0xFF, 0x80, 0x00, 0x3F, 0xFF, 0xFF,
    0x00, 0x00, 0x3F, 0xFF, 0xFD, 0x00, 0x00, 0x3F, 0xFF, 0xF4, 0x00, 0x00, 0x2F, 0xFE, 0x40, 0x00,
    0x00, 0x00, 0x00, 0x01, 0xFF, 0xFF, 0xFF, 0xFF, 0x40, 0x00, 0x00, 0x00, 0x00, 0x2F, 0xFF, 0xFF,
    0xFF, 0xF0, 0x00, 0x00, 0x00, 0x00, 0x03, 0xFF, 0xFF, 0xFF, 0xFF, 0x00, 0x00, 0x00, 0x00, 0x00,
    0x3F, 0xFF, 0xFF, 0xFF, 0xE0, 0x00, 0x00, 0x00, 0x00, 0x07, 0xFF, 0x55, 0x5F, 0xFD, 0x00, 0x00,
    0x00, 0x00, 0x00, 0xBF, 0xE0, 0x01, 0xFF, 0xD0, 0x00, 0x00, 0x00, 0x00, 0x0F, 0xFD, 0x00, 0x2F,
    0xFC, 0x00, 0x00, 0x00, 0x00, 0x00, 0xFF, 0xC0, 0x03, 0xFF, 0xC0, 0x00, 0x00, 0x00, 0x00, 0x1F,
    0xFC, 0x00, 0x3F, 0xF8, 0x00, 0x00, 0x00, 0x00, 0x02, 0xFF, 0x80, 0x03, 0xFF, 0x94, 0x00, 0x00,
    0x00, 0x00, 0x3F, 0xF4, 0x00, 0x7F, 0xFF, 0xFF, 0x40, 0x00, 0x00, 0x03, 0xFF, 0x00, 0x0B, 0xFF,
    0xFF, 0xFF, 0x00, 0x00, 0x00, 0x7F, 0xF0, 0x00, 0xFF, 0xFF, 0xFF, 0xFC, 0x00, 0x00, 0x0B, 0xFE,
    0x00, 0x0F, 0xFF, 0xFF, 0xFF, 0xF0, 0x00, 0x00, 0xFF, 0xD0, 0x00, 0xFF, 0xD0, 0x2F, 0xFF, 0x40,
    0x00, 0x0F, 0xFC, 0x00, 0x1F, 0xFC, 0x00, 0xBF, 0xF8, 0x00, 0x02, 0xFF, 0xC0, 0x02, 0xFF, 0xC0,
    0x07, 0xFF, 0x80, 0x00, 0x3F, 0xF4, 0x00, 0x3F, 0xF8, 0x00, 0x3F, 0xF8, 0x00, 0x03, 0xFF, 0x00,
    0x03, 0xFF, 0x80, 0x03, 0xFF, 0x80, 0x00, 0x7F, 0xF0, 0x00, 0x7F, 0xF4, 0x00, 0x7F, 0xF4, 0x00,
    0x0F, 0xFE, 0x00, 0x07, 0xFF, 0x00, 0x0F, 0xFF, 0x00, 0x02, 0xFF, 0xC0, 0x00, 0xBF, 0xF0, 0x02,
    0xFF, 0xE0, 0x55, 0xFF, 0xF8, 0x00, 0x0F, 0xFF, 0x56, 0xFF, 0xFC, 0x0B, 0xFF, 0xFF, 0x00, 0x00,
    0xFF, 0xFF, 0xFF, 0xFF, 0x40, 0xBF, 0xFF, 0xD0, 0x00, 0x1F, 0xFF, 0xFF, 0xFF, 0xD0, 0x0B, 0xFF,
    0xF4, 0x00, 0x02, 0xFF, 0xFF, 0xFF, 0xF0, 0x00, 0x7F, 0xE4, 0x00, 0x00, 0x2F, 0xFF, 0xFF, 0xA0,
    0x00, 0x00, 0x00, 0x0B, 0xFF, 0x00, 0x00, 0xFF, 0xE0, 0x00, 0x00, 0x00, 0xFF, 0xF0, 0x00, 0x1F,
    0xFD, 0x00, 0x00, 0x00, 0x0F, 0xFE, 0x00, 0x02, 0xFF, 0xC0, 0x00, 0x00, 0x01, 0xFF, 0xD0, 0x00,
    0x3F, 0xFC, 0x00, 0x00, 0x00, 0x1F, 0xFC, 0x00, 0x03, 0xFF, 0x80, 0x00, 0x00, 0x02, 0xFF, 0xC0,
    0x00, 0x3F, 0xF8, 0x00, 0x00, 0x00, 0x3F, 0xFC, 0x00, 0x07, 0xFF, 0x40, 0x00, 0x00, 0x03, 0xFF,
    0x80, 0x00, 0xBF, 0xF0, 0x00, 0x00, 0x00, 0x7F, 0xF4, 0x00, 0x0F, 0xFF, 0x00, 0x00, 0x00, 0x0B,
    0xFF, 0x00, 0x00, 0xFF, 0xE0, 0x00, 0x00, 0x00, 0xFF, 0xF5, 0x55, 0x5F, 0xFE, 0x50, 0x00, 0x00,
    0x0F, 0xFF, 0xFF, 0xFF, 0xFF, 0xFF, 0xFD, 0x00, 0x00, 0xFF, 0xFF, 0xFF, 0xFF, 0xFF, 0xFF, 0xFC,
    0x00, 0x1F, 0xFF, 0xFF, 0xFF, 0xFF, 0xFF, 0xFF, 0xF0, 0x02, 0xFF, 0xFF, 0xFF, 0xFF, 0xFF, 0xFF,
    0xFF, 0xC0, 0x3F, 0xFC, 0x00, 0x07, 0xFF, 0x40, 0xBF, 0xFC, 0x03, 0xFF, 0x80, 0x00, 0xBF, 0xF0,
    0x02, 0xFF, 0xD0, 0x3F, 0xF4, 0x00, 0x0B, 0xFF, 0x00, 0x0F, 0xFE, 0x07, 0xFF, 0x40, 0x00, 0xFF,
    0xF0, 0x00, 0xFF, 0xE0, 0xBF, 0xF0, 0x00, 0x0F, 0xFE, 0x00, 0x1F, 0xFD, 0x0F, 0xFF, 0x00, 0x01,
    0xFF, 0xD0, 0x03, 0xFF, 0xC0, 0xFF, 0xE0, 0x00, 0x2F, 0xFC, 0x00, 0xBF, 0xFC, 0x1F, 0xFD, 0x00,
    0x03, 0xFF, 0xD5, 0xBF, 0xFF, 0x41, 0xFF, 0xC0, 0x00, 0x3F, 0xFF, 0xFF, 0xFF, 0xE0, 0x2F, 0xFC,
    0x00, 0x03, 0xFF, 0xFF, 0xFF, 0xF8, 0x03, 0xFF, 0xC0, 0x00, 0x7F, 0xFF, 0xFF, 0xFD, 0x00, 0x3F,
    0xF8, 0x00, 0x0B, 0xFF, 0xFF, 0xF9, 0x00, 0x00, 0x3F, 0xFF, 0xFF, 0xFF, 0xFF, 0x41, 0xFF, 0xFF,
    0xFF, 0xFF, 0xFC, 0x0B, 0xFF, 0xFF, 0xFF, 0xFF, 0xF0, 0x3F, 0xFF, 0xFF, 0xFF, 0xFF, 0x80, 0x55,
    0x5F, 0xFF, 0x55, 0x54, 0x00, 0x00, 0x3F, 0xFC, 0x00, 0x00, 0x00, 0x00, 0xFF, 0xE0, 0x00, 0x00,
    0x00, 0x03, 0xFF, 0x40, 0x00, 0x00, 0x00, 0x1F, 0xFD, 0x00, 0x00, 0x00, 0x00, 0xBF, 0xF0, 0x00,
    0x00, 0x00, 0x03, 0xFF, 0xC1, 0x50, 0x00, 0x00, 0x0F, 0xFF, 0xFF, 0xFE, 0x00, 0x00, 0x3F, 0xFF,
    0xFF, 0xFF, 0x00, 0x01, 0xFF, 0xFF, 0xFF, 0xFF, 0x00, 0x0B, 0xFF, 0xFF, 0xFF, 0xFD, 0x00, 0x3F,
    0xFD, 0x00, 0xFF, 0xFC, 0x00, 0xFF, 0xE0, 0x00, 0xFF, 0xF0, 0x07, 0xFF, 0x40, 0x03, 0xFF, 0xC0,
    0x1F, 0xFC, 0x00, 0x0F, 0xFF, 0x00, 0xBF, 0xF0, 0x00, 0x3F, 0xF8, 0x03, 0xFF, 0x80, 0x00, 0xFF,
    0xD0, 0x0F, 0xFE, 0x00, 0x07, 0xFF, 0x00, 0x7F, 0xF4, 0x00, 0x2F, 0xFC, 0x02, 0xFF, 0xC0, 0x00,
    0xFF, 0xF0, 0x0B, 0xFF, 0x00, 0x03, 0xFF, 0x80, 0x3F, 0xF8, 0x00, 0x1F, 0xFD, 0x00, 0xFF, 0xD0,
    0x00, 0x7F, 0xF0, 0x00, 0x00, 0x00, 0x00, 0x00, 0x0A, 0xA9, 0x00, 0x00, 0x00, 0x00, 0x00, 0xFF,
    0xF4, 0x00, 0x00, 0x00, 0x00, 0x07, 0xFF, 0x40, 0x00, 0x00, 0x00, 0x00, 0x3F, 0xF0, 0x00, 0x00,
    0x00, 0x00, 0x03, 0xFF, 0x00, 0x00, 0x00, 0x00, 0x00, 0x2F, 0xF0, 0x00, 0x00, 0x00, 0x00, 0x00,
    0xA9, 0x00, 0x00, 0x00, 0x00, 0x00, 0x00, 0x00, 0x00, 0x00, 0x00, 0x00, 0x00, 0x00, 0x00, 0x00,
    0x00, 0x00, 0x2F, 0xFC, 0x00, 0x07, 0xFF, 0xC0, 0x00, 0xFF, 0xF0, 0x00, 0x3F, 0xFC, 0x00, 0x03,
    0xFF, 0x80, 0x03, 0xFF, 0xD0, 0x00, 0x0F, 0xFD, 0x00, 0x2F, 0xFE, 0x00, 0x00, 0x7F, 0xF0, 0x01,
    0xFF, 0xF0, 0x00, 0x02, 0xFF, 0xC0, 0x0F, 0xFF, 0x00, 0x00, 0x0F, 0xFF, 0x00, 0xFF, 0xF0, 0x00,
    0x00, 0x3F, 0xF8, 0x0B, 0xFF, 0x40, 0x00, 0x01, 0xFF, 0xD0, 0x7F, 0xF8, 0x00, 0x00, 0x07, 0xFF,
    0x03, 0xFF, 0xC0, 0x00, 0x00, 0x2F, 0xFD, 0x7F, 0xFC, 0x00, 0x00, 0x00, 0xFF, 0xFF, 0xFF, 0xD0,
    0x00, 0x00, 0x03, 0xFF, 0xFF, 0xFD, 0x00, 0x00, 0x00, 0x1F, 0xFF, 0xFF, 0xF4, 0x00, 0x00, 0x00,
    0xBF, 0xFF, 0xFF, 0xE0, 0x00, 0x00, 0x02, 0xFF, 0xC3, 0xFF, 0xC0, 0x00, 0x00, 0x0F, 0xFE, 0x07,
    0xFF, 0x40, 0x00, 0x00, 0x3F, 0xF4, 0x0F, 0xFF, 0x00, 0x00, 0x01, 0xFF, 0xC0, 0x3F, 0xFC, 0x00,
    0x00, 0x0B, 0xFF, 0x00, 0x7F, 0xF4, 0x00, 0x00, 0x3F, 0xFC, 0x00, 0xFF, 0xF0, 0x00, 0x00, 0xFF,
    0xE0, 0x03, 0xFF, 0xC0, 0x00, 0x03, 0xFF, 0x40, 0x07, 0xFF, 0x80, 0x00, 0x1F, 0xFC, 0x00, 0x0F,
    0xFF, 0x00, 0x00, 0xBF, 0xF0, 0x00, 0x3F, 0xFD, 0x00, 0x03, 0xFF, 0xC0, 0x00, 0x7F, 0xF8, 0x00,
    0x0F, 0xFE, 0x00, 0x00, 0xFF, 0xF0, 0x00, 0x00, 0x00, 0x00, 0x7F, 0xF0, 0x00, 0x00, 0x00, 0x00,
    0x00, 0xBF, 0xE0, 0x00, 0x00, 0x00, 0x00, 0x00, 0xFF, 0xC0, 0x00, 0x00, 0x00, 0x00, 0x00, 0xFF,
    0x40, 0x00, 0x00, 0x00, 0x00, 0x01, 0xFE, 0x00, 0x00, 0x00, 0x00, 0x00, 0x02, 0xFC, 0x00, 0x00,
    0x00, 0x00, 0x00, 0x00, 0x00, 0x00, 0x00, 0x00, 0x00, 0x00, 0x00, 0x00, 0x00, 0x00, 0x0B, 0xFE,
    0x00, 0x01, 0xFF, 0xF8, 0x00, 0x3F, 0xF4, 0x00, 0x0F, 0xFF, 0xD0, 0x00, 0xFF, 0xC0, 0x00, 0xFF,
    0xFF, 0x40, 0x07, 0xFF, 0x00, 0x07, 0xFF, 0xFC, 0x00, 0x2F, 0xF8, 0x00, 0x3F, 0xFF, 0xF0, 0x00,
    0xBF, 0xD0, 0x02, 0xFF, 0xFF, 0x80, 0x03, 0xFF, 0x40, 0x1F, 0xFF, 0xFD, 0x00, 0x0F, 0xFC, 0x00,
    0xFF, 0xFF, 0xF0, 0x00, 0x7F, 0xF0, 0x0B, 0xFD, 0xFF, 0xC0, 0x02, 0xFF, 0x80, 0x3F, 0xE7, 0xFF,
    0x00, 0x0F, 0xFD, 0x03, 0xFF, 0x2F, 0xF8, 0x00, 0x3F, 0xF0, 0x2F, 0xF4, 0xFF, 0xD0, 0x00, 0xFF,
    0xC0, 0xFF, 0xC3, 0xFF, 0x00, 0x07, 0xFF, 0x0F, 0xFC, 0x0F, 0xFC, 0x00, 0x2F, 0xF8, 0x7F, 0xE0,
    0x7F, 0xF0, 0x00, 0xFF, 0xD3, 0xFF, 0x02, 0xFF, 0x80, 0x03, 0xFF, 0x2F, 0xF4, 0x0F, 0xFD, 0x00,
    0x0F, 0xFD, 0xFF, 0x80, 0x3F, 0xF0, 0x00, 0x7F, 0xEF, 0xFC, 0x01, 0xFF, 0xC0, 0x02, 0xFF, 0xFF,
    0xD0, 0x0B, 0xFE, 0x00, 0x0F, 0xFF, 0xFF, 0x00, 0x2F, 0xF4, 0x00, 0x3F, 0xFF, 0xF0, 0x00, 0xFF,
    0xD0, 0x01, 0xFF, 0xFF, 0x80, 0x03, 0xFF, 0x00, 0x0B, 0xFF, 0xFC, 0x00, 0x1F, 0xFC, 0x00, 0x2F,
    0xFF, 0xD0, 0x00, 0xBF, 0xE0, 0x00, 0xFF, 0xFE, 0x00, 0x03, 0xFF, 0x40, 0x03, 0xFF, 0xF0, 0x00,
    0x0F, 0xFC, 0x00, 0x00, 0x00, 0x00, 0x6A, 0x40, 0x06, 0xA4, 0x00, 0x00, 0x0B, 0xFC, 0x00, 0xFF,
    0x80, 0x00, 0x00, 0x7F, 0xC0, 0x1F, 0xF4, 0x00, 0x00, 0x03, 0xFE, 0x07, 0xFF, 0x00, 0x00, 0x00,
    0x2F, 0xFF, 0xFF, 0xC0, 0x00, 0x00, 0x00, 0xFF, 0xFF, 0xF0, 0x00, 0x00, 0x00, 0x01, 0xBF, 0xE4,
    0x00, 0x00, 0x00, 0x00, 0x00, 0x00, 0x00, 0x00, 0x00, 0x00, 0x00, 0x00, 0x00, 0x00, 0x00, 0x2F,
    0xFC, 0x00, 0x00, 0x2F, 0xFE, 0x01, 0xFF, 0xD0, 0x00, 0x03, 0xFF, 0xC0, 0x0F, 0xFD, 0x00, 0x00,
    0xBF, 0xF4, 0x00, 0xFF, 0xE0, 0x00, 0x0F, 0xFF, 0x00, 0x0B, 0xFF, 0x00, 0x02, 0xFF, 0xC0, 0x00,
    0x7F, 0xF0, 0x00, 0x3F, 0xF8, 0x00, 0x03, 0xFF, 0x40, 0x0B, 0xFF, 0x00, 0x00, 0x2F, 0xF8, 0x00,
    0xFF, 0xD0, 0x00, 0x01, 0xFF, 0xC0, 0x3F, 0xFC, 0x00, 0x00, 0x0F, 0xFC, 0x07, 0xFF, 0x40, 0x00,
    0x00, 0xFF, 0xD0, 0xFF, 0xE0, 0x00, 0x00, 0x0B, 0xFE, 0x1F, 0xFC, 0x00, 0x00, 0x00, 0x7F, 0xF3,
    0xFF, 0x80, 0x00, 0x00, 0x03, 0xFF, 0x7F, 0xF0, 0x00, 0x00, 0x00, 0x3F, 0xFF, 0xFD, 0x00, 0x00,
    0x00, 0x02, 0xFF, 0xFF, 0xC0, 0x00, 0x00, 0x00, 0x1F, 0xFF, 0xF0, 0x00, 0x00, 0x00, 0x00, 0xFF,
    0xFE, 0x00, 0x00, 0x00, 0x00, 0x0F, 0xFF, 0xC0, 0x00, 0x00, 0x00, 0x00, 0xBF, 0xF4, 0x00, 0x00,
    0x00, 0x00, 0x1F, 0xFF, 0x00, 0x00, 0x00, 0x00, 0x03, 0xFF, 0xC0, 0x00, 0x00, 0x06, 0x56, 0xFF,
    0xF4, 0x00, 0x00, 0x00, 0x7F, 0xFF, 0xFE, 0x00, 0x00, 0x00, 0x07, 0xFF, 0xFF, 0xC0, 0x00, 0x00,
    0x00, 0x7F, 0xFF, 0xE0, 0x00, 0x00, 0x00, 0x02, 0xFF, 0xE0, 0x00, 0x00, 0x00, 0x00, 0x00, 0x0B,
    0xFF, 0x00, 0x00, 0xFF, 0xE0, 0x00, 0xFF, 0xF0, 0x00, 0x0F, 0xFE, 0x00, 0x0F, 0xFE, 0x00, 0x01,
    0xFF, 0xD0, 0x01, 0xFF, 0xD0, 0x00, 0x2F, 0xFC, 0x00, 0x1F, 0xFC, 0x00, 0x03, 0xFF, 0xC0, 0x02,
    0xFF, 0xC0, 0x00, 0x3F, 0xF8, 0x00, 0x3F, 0xFC, 0x00, 0x03, 0xFF, 0x40, 0x03, 0xFF, 0x80, 0x00,
    0x7F, 0xF4, 0x00, 0x7F, 0xF4, 0x00, 0x0B, 0xFF, 0x00, 0x0B, 0xFF, 0x00, 0x00, 0xFF, 0xF0, 0x00,
    0xFF, 0xF0, 0x00, 0x0F, 0xFE, 0x00, 0x0F, 0xFF, 0x00, 0x00, 0xFF, 0xD0, 0x00, 0xFF, 0xE0, 0x00,
    0x1F, 0xFC, 0x00, 0x1F, 0xFD, 0x00, 0x02, 0xFF, 0xC0, 0x02, 0xFF, 0xC0, 0x00, 0x3F, 0xFC, 0x00,
    0x3F, 0xFC, 0x00, 0x03, 0xFF, 0x80, 0x03, 0xFF, 0x80, 0x00, 0x3F, 0xF4, 0x00, 0x3F, 0xF8, 0x00,
    0x07, 0xFF, 0x00, 0x07, 0xFF, 0x40, 0x00, 0xBF, 0xF0, 0x00, 0xBF, 0xF0, 0x00, 0x0F, 0xFF, 0x00,
    0x0F, 0xFF, 0x00, 0x00, 0xFF, 0xE0, 0x00, 0xFF, 0xE0, 0x00, 0x0F, 0xFD, 0x00, 0x1F, 0xFE, 0x55,
    0x56, 0xFF, 0xC0, 0x01, 0xFF, 0xFF, 0xFF, 0xFF, 0xFC, 0x00, 0x2F, 0xFF, 0xFF, 0xFF, 0xFF, 0x80,
    0x03, 0xFF, 0xFF, 0xFF, 0xFF, 0xF4, 0x00, 0x3F, 0xFF, 0xFF, 0xFF, 0xFF, 0x40, 0x00, 0x00, 0x1F,
    0xFC, 0x00, 0x00, 0x00, 0x00, 0x02, 0xFF, 0xC0, 0x00, 0x00, 0x00, 0x00, 0x2F, 0xF8, 0x00, 0x00,
    0x00, 0x00, 0x03, 0xFF, 0x80, 0x00, 0x00, 0x00, 0x00, 0x3F, 0xF4, 0x00, 0x00, 0x00, 0x00, 0x07,
    0xFF, 0x00, 0x00, 0x00, 0x00, 0x00, 0x00, 0x00, 0x07, 0xFF, 0xE0, 0x00, 0x00, 0x00, 0x03, 0xFF,
    0xFC, 0x00, 0x00, 0x00, 0x01, 0xFF, 0xFF, 0x00, 0x00, 0x00, 0x00, 0xFF, 0xFF, 0xC0, 0x00, 0x00,
    0x00, 0x7F, 0xFF, 0xF0, 0x00, 0x00, 0x00, 0x3F, 0xFB, 0xFC, 0x00, 0x00, 0x00, 0x2F, 0xF9, 0xFF,
    0x40, 0x00, 0x00, 0x0F, 0xFC, 0x7F, 0xD0, 0x00, 0x00, 0x0B, 0xFE, 0x1F, 0xF8, 0x00, 0x00, 0x03,
    0xFF, 0x03, 0xFE, 0x00, 0x00, 0x02, 0xFF, 0x80, 0xFF, 0x80, 0x00, 0x00, 0xFF, 0xD0, 0x3F, 0xF0,
    0x00, 0x00, 0xBF, 0xF0, 0x0F, 0xFC, 0x00, 0x00, 0x3F, 0xF4, 0x03, 0xFF, 0x00, 0x00, 0x2F, 0xFC,
    0x00, 0xFF, 0xC0, 0x00, 0x0F, 0xFD, 0x00, 0x3F, 0xF0, 0x00, 0x0B, 0xFF, 0xFF, 0xFF, 0xFD, 0x00,
    0x03, 0xFF, 0xFF, 0xFF, 0xFF, 0x40, 0x03, 0xFF, 0xFF, 0xFF, 0xFF, 0xE0, 0x01, 0xFF, 0xFF, 0xFF,
    0xFF, 0xF8, 0x00, 0xFF, 0xF5, 0x55, 0x5B, 0xFE, 0x00, 0x7F, 0xF4, 0x00, 0x01, 0xFF, 0xC0, 0x3F,
    0xFC, 0x00, 0x00, 0x7F, 0xF0, 0x1F, 0xFD, 0x00, 0x00, 0x1F, 0xFC, 0x0F, 0xFF, 0x00, 0x00, 0x03,
    0xFF, 0x07, 0xFF, 0x40, 0x00, 0x00, 0xFF, 0xC3, 0xFF, 0xC0, 0x00, 0x00, 0x3F, 0xF4, 0x00, 0x0B,
    0xFF, 0xFF, 0xFF, 0xE0, 0x00, 0xFF, 0xFF, 0xFF, 0xFD, 0x00, 0x0F, 0xFF, 0xFF, 0xFF, 0xD0, 0x00,
    0xFF, 0xFF, 0xFF, 0xFC, 0x00, 0x1F, 0xFD, 0x55, 0x55, 0x40, 0x02, 0xFF, 0xC0, 0x00, 0x00, 0x00,
    0x3F, 0xF8, 0x00, 0x00, 0x00, 0x03, 0xFF, 0x40, 0x00, 0x00, 0x00, 0x7F, 0xF4, 0x00, 0x00, 0x00,
    0x07, 0xFF, 0x00, 0x00, 0x00, 0x00, 0xBF, 0xF5, 0x40, 0x00, 0x00, 0x0F, 0xFF, 0xFF, 0xF8, 0x00,
    0x00, 0xFF, 0xFF, 0xFF, 0xF4, 0x00, 0x1F, 0xFF, 0xFF, 0xFF, 0xC0, 0x02, 0xFF, 0xFF, 0xFF, 0xFF,
    0x00, 0x2F, 0xFC, 0x02, 0xFF, 0xF0, 0x03, 0xFF, 0x80, 0x0B, 0xFF, 0x40, 0x3F, 0xF4, 0x00, 0x7F,
    0xF4, 0x07, 0xFF, 0x00, 0x07, 0xFF, 0x40, 0xBF, 0xF0, 0x00, 0x7F, 0xF4, 0x0F, 0xFF, 0x00, 0x0F,
    0xFF, 0x00, 0xFF, 0xE0, 0x02, 0xFF, 0xE0, 0x0F, 0xFE, 0x56, 0xFF, 0xFC, 0x01, 0xFF, 0xFF, 0xFF,
    0xFF, 0x80, 0x2F, 0xFF, 0xFF, 0xFF, 0xE0, 0x03, 0xFF, 0xFF, 0xFF, 0xF4, 0x00, 0x3F, 0xFF, 0xFF,
    0xE4, 0x00, 0x00, 0x00, 0x07, 0xFF, 0xFF, 0xE4, 0x00, 0x00, 0x0B, 0xFF, 0xFF, 0xFF, 0x80, 0x00,
    0x0F, 0xFF, 0xFF, 0xFF, 0xE0, 0x00, 0x0F, 0xFF, 0xFF, 0xFF, 0xF4, 0x00, 0x1F, 0xFD, 0x56, 0xFF,
    0xF8, 0x00, 0x2F, 0xFC, 0x00, 0x7F, 0xFC, 0x00, 0x2F, 0xFC, 0x00, 0x3F, 0xFC, 0x00, 0x3F, 0xF8,
    0x00, 0x3F, 0xF8, 0x00, 0x3F, 0xF4, 0x00, 0x3F, 0xF4, 0x00, 0x7F, 0xF0, 0x00, 0xBF, 0xF0, 0x00,
    0xBF, 0xF5, 0x5B, 0xFF, 0xD0, 0x00, 0xFF, 0xFF, 0xFF, 0xFF, 0x40, 0x00, 0xFF, 0xFF, 0xFF, 0xE4,
    0x00, 0x00, 0xFF, 0xFF, 0xFF, 0xF4, 0x00, 0x01, 0xFF, 0xFF, 0xFF, 0xFE, 0x00, 0x02, 0xFF, 0xC0,
    0x0F, 0xFF, 0x40, 0x03, 0xFF, 0x80, 0x03, 0xFF, 0xC0, 0x03, 0xFF, 0x80, 0x02, 0xFF, 0xC0, 0x03,
    0xFF, 0x40, 0x02, 0xFF, 0xC0, 0x07, 0xFF, 0x00, 0x02, 0xFF, 0xC0, 0x0B, 0xFF, 0x00, 0x03, 0xFF,
    0xC0, 0x0F, 0xFF, 0x00, 0x0F, 0xFF, 0x80, 0x0F, 0xFE, 0x55, 0xBF, 0xFF, 0x00, 0x1F, 0xFF, 0xFF,
    0xFF, 0xFD, 0x00, 0x2F, 0xFF, 0xFF, 0xFF, 0xF8, 0x00, 0x2F, 0xFF, 0xFF, 0xFF, 0xD0, 0x00, 0x3F,
    0xFF, 0xFF, 0xF9, 0x00, 0x00, 0x00, 0x07, 0xFF, 0xFF, 0xFF, 0xD0, 0x00, 0xBF, 0xFF, 0xFF, 0xFC,
    0x00, 0x0F, 0xFF, 0xFF, 0xFF, 0xC0, 0x00, 0xFF, 0xFF, 0xFF, 0xF8, 0x00, 0x1F, 0xFD, 0x55, 0x55,
    0x00, 0x02, 0xFF, 0xC0, 0x00, 0x00, 0x00, 0x2F, 0xF8, 0x00, 0x00, 0x00, 0x03, 0xFF, 0x80, 0x00,
    0x00, 0x00, 0x3F, 0xF4, 0x00, 0x00, 0x00, 0x07, 0xFF, 0x00, 0x00, 0x00, 0x00, 0xBF, 0xF0, 0x00,
    0x00, 0x00, 0x0F, 0xFE, 0x00, 0x00, 0x00, 0x00, 0xFF, 0xD0, 0x00, 0x00, 0x00, 0x0F, 0xFD, 0x00,
    0x00, 0x00, 0x01, 0xFF, 0xC0, 0x00, 0x00, 0x00, 0x2F, 0xFC, 0x00, 0x00, 0x00, 0x03, 0xFF, 0x80,
    0x00, 0x00, 0x00, 0x3F, 0xF4, 0x00, 0x00, 0x00, 0x03, 0xFF, 0x00, 0x00, 0x00, 0x00, 0x7F, 0xF0,
    0x00, 0x00, 0x00, 0x0B, 0xFF, 0x00, 0x00, 0x00, 0x00, 0xFF, 0xE0, 0x00, 0x00, 0x00, 0x0F, 0xFD,
    0x00, 0x00, 0x00, 0x01, 0xFF, 0xC0, 0x00, 0x00, 0x00, 0x2F, 0xFC, 0x00, 0x00, 0x00, 0x02, 0xFF,
    0xC0, 0x00, 0x00, 0x00, 0x3F, 0xF8, 0x00, 0x00, 0x00, 0x00, 0x00, 0x00, 0x00, 0x0F, 0xFF, 0xFF,
    0xFF, 0xF8, 0x00, 0x00, 0x00, 0x7F, 0xFF, 0xFF, 0xFF, 0xE0, 0x00, 0x00, 0x03, 0xFF, 0xFF, 0xFF,
    0xFF, 0x40, 0x00, 0x00, 0x0F, 0xFF, 0xFF, 0xFF, 0xFC, 0x00, 0x00, 0x00, 0x7F, 0xF5, 0x55, 0xFF,
    0xF0, 0x00, 0x00, 0x02, 0xFF, 0x80, 0x03, 0xFF, 0x80, 0x00, 0x00, 0x0F, 0xFD, 0x00, 0x1F, 0xFD,
    0x00, 0x00, 0x00, 0x3F, 0xF0, 0x00, 0x7F, 0xF4, 0x00, 0x00, 0x01, 0xFF, 0xC0, 0x02, 0xFF, 0xC0,
    0x00, 0x00, 0x0B, 0xFE, 0x00, 0x0F, 0xFF, 0x00, 0x00, 0x00, 0x3F, 0xF4, 0x00, 0x3F, 0xF8, 0x00,
    0x00, 0x00, 0xFF, 0xC0, 0x01, 0xFF, 0xD0, 0x00, 0x00, 0x07, 0xFF, 0x00, 0x07, 0xFF, 0x00, 0x00,
    0x00, 0x2F, 0xF8, 0x00, 0x2F, 0xFC, 0x00, 0x00, 0x00, 0xFF, 0xD0, 0x00, 0xFF, 0xF0, 0x00, 0x00,
    0x07, 0xFF, 0x00, 0x03, 0xFF, 0x80, 0x00, 0x00, 0x3F, 0xFC, 0x00, 0x1F, 0xFD, 0x00, 0x00, 0x00,
    0xFF, 0xD0, 0x00, 0x7F, 0xF0, 0x00, 0x00, 0x0B, 0xFF, 0x00, 0x02, 0xFF, 0xC0, 0x00, 0x00, 0x7F,
    0xF8, 0x00, 0x0F, 0xFF, 0x00, 0x00, 0x03, 0xFF, 0xC0, 0x00, 0x3F, 0xF8, 0x00, 0x00, 0x2F, 0xFE,
    0x00, 0x01, 0xFF, 0xD0, 0x00, 0x16, 0xFF, 0xF5, 0x55, 0x5B, 0xFF, 0x55, 0x01, 0xFF, 0xFF, 0xFF,
    0xFF, 0xFF, 0xFF, 0xF8, 0x07, 0xFF, 0xFF, 0xFF, 0xFF, 0xFF, 0xFF, 0xD0, 0x2F, 0xFF, 0xFF, 0xFF,
    0xFF, 0xFF, 0xFF, 0x00, 0xFF, 0xFF, 0xFF, 0xFF, 0xFF, 0xFF, 0xFC, 0x03, 0xFF, 0x40, 0x00, 0x00,
    0x00, 0xFF, 0xF0, 0x0F, 0xFC, 0x00, 0x00, 0x00, 0x03, 0xFF, 0x80, 0x7F, 0xF0, 0x00, 0x00, 0x00,
    0x1F, 0xFD, 0x02, 0xFF, 0xC0, 0x00, 0x00, 0x00, 0x7F, 0xF0, 0x0F, 0xFE, 0x00, 0x00, 0x00, 0x02,
    0xFF, 0xC0, 0x3F, 0xF4, 0x00, 0x00, 0x00, 0x0F, 0xFF, 0x00, 0xAA, 0x80, 0x00, 0x00, 0x00, 0x2A,
    0xA4, 0x00, 0x00, 0x0B, 0xFF, 0xFF, 0xFF, 0xD0, 0x00, 0xFF, 0xFF, 0xFF, 0xFC, 0x00, 0x0F, 0xFF,
    0xFF, 0xFF, 0xC0, 0x01, 0xFF, 0xFF, 0xFF, 0xF8, 0x00, 0x1F, 0xFD, 0x55, 0x55, 0x00, 0x02, 0xFF,
    0xC0, 0x00, 0x00, 0x00, 0x3F, 0xF8, 0x00, 0x00, 0x00, 0x03, 0xFF, 0x80, 0x00, 0x00, 0x00, 0x7F,
    0xF4, 0x00, 0x00, 0x00, 0x0B, 0xFF, 0x00, 0x00, 0x00, 0x00, 0xFF, 0xF0, 0x00, 0x00, 0x00, 0x0F,
    0xFF, 0xFF, 0xFF, 0x40, 0x00, 0xFF, 0xFF, 0xFF, 0xF0, 0x00, 0x1F, 0xFF, 0xFF, 0xFF, 0x00, 0x02,
    0xFF, 0xFF, 0xFF, 0xF0, 0x00, 0x3F, 0xFD, 0x55, 0x54, 0x00, 0x03, 0xFF, 0x80, 0x00, 0x00, 0x00,
    0x3F, 0xF4, 0x00, 0x00, 0x00, 0x07, 0xFF, 0x40, 0x00, 0x00, 0x00, 0xBF, 0xF0, 0x00, 0x00, 0x00,
    0x0F, 0xFF, 0x00, 0x00, 0x00, 0x00, 0xFF, 0xE0, 0x00, 0x00, 0x00, 0x1F, 0xFE, 0x55, 0x55, 0x40,
    0x01, 0xFF, 0xFF, 0xFF, 0xF8, 0x00, 0x2F, 0xFF, 0xFF, 0xFF, 0x40, 0x03, 0xFF, 0xFF, 0xFF, 0xF0,
    0x00, 0x3F, 0xFF, 0xFF, 0xFF, 0x00, 0x00, 0x00, 0x01, 0xFF, 0xC0, 0x00, 0x3F, 0xF4, 0x00, 0x3F,
    0xFD, 0x00, 0x00, 0xFF, 0xD0, 0x00, 0x3F, 0xF0, 0x00, 0xBF, 0xF8, 0x00, 0x00, 0x7F, 0xF0, 0x00,
    0x7F, 0xF0, 0x01, 0xFF, 0xF0, 0x00, 0x00, 0x3F, 0xF4, 0x00, 0xBF, 0xE0, 0x03, 0xFF, 0xC0, 0x00,
    0x00, 0x2F, 0xFC, 0x00, 0xFF, 0xE0, 0x0F, 0xFF, 0x40, 0x00, 0x00, 0x0F, 0xFC, 0x00, 0xFF, 0xD0,
    0x2F, 0xFE, 0x00, 0x00, 0x00, 0x0B, 0xFE, 0x01, 0xFF, 0xC0, 0x7F, 0xF8, 0x00, 0x00, 0x00, 0x03,
    0xFF, 0x01, 0xFF, 0xC0, 0xFF, 0xF0, 0x00, 0x00, 0x00, 0x03, 0xFF, 0x82, 0xFF, 0x83, 0xFF, 0xC0,
    0x00, 0x00, 0x00, 0x01, 0xFF, 0xC3, 0xFF, 0x4B, 0xFF, 0x40, 0x00, 0x00, 0x00, 0x00, 0xFF, 0xE7,
    0xFF, 0xAF, 0xFE, 0x00, 0x00, 0x00, 0x00, 0x00, 0x7F, 0xFF, 0xFF, 0xFF, 0xFC, 0x00, 0x00, 0x00,
    0x00, 0x00, 0xBF, 0xFF, 0xFF, 0xFF, 0xF0, 0x00, 0x00, 0x00, 0x00, 0x02, 0xFF, 0xFF, 0xFF, 0xFF,
    0xF0, 0x00, 0x00, 0x00, 0x00, 0x07, 0xFF, 0xFF, 0xFF, 0xFF, 0xF4, 0x00, 0x00, 0x00, 0x00, 0x0F,
    0xFF, 0x8F, 0xFC, 0x3F, 0xF8, 0x00, 0x00, 0x00, 0x00, 0x3F, 0xFF, 0x1F, 0xFC, 0x3F, 0xFC, 0x00,
    0x00, 0x00, 0x00, 0xBF, 0xFC, 0x2F, 0xFC, 0x2F, 0xFD, 0x00, 0x00, 0x00, 0x01, 0xFF, 0xF4, 0x3F,
    0xF8, 0x0F, 0xFE, 0x00, 0x00, 0x00, 0x03, 0xFF, 0xE0, 0x3F, 0xF4, 0x0F, 0xFF, 0x00, 0x00, 0x00,
    0x0F, 0xFF, 0xC0, 0x3F, 0xF0, 0x0B, 0xFF, 0x40, 0x00, 0x00, 0x2F, 0xFF, 0x00, 0x7F, 0xF0, 0x07,
    0xFF, 0x80, 0x00, 0x00, 0xBF, 0xFD, 0x00, 0xBF, 0xF0, 0x03, 0xFF, 0xC0, 0x00, 0x01, 0xFF, 0xF8,
    0x00, 0xFF, 0xE0, 0x02, 0xFF, 0xD0, 0x00, 0x03, 0xFF, 0xF0, 0x00, 0xFF, 0xD0, 0x01, 0xFF, 0xF0,
    0x00, 0x0F, 0xFF, 0xC0, 0x00, 0xFF, 0xC0, 0x00, 0xFF, 0xF0, 0x00, 0x2F, 0xFF, 0x40, 0x01, 0xFF,
    0xC0, 0x00, 0xBF, 0xF4, 0x00, 0x00, 0x01, 0xBF, 0xFE, 0x40, 0x00, 0x0B, 0xFF, 0xFF, 0xFF, 0x40,
    0x00, 0xFF, 0xFF, 0xFF, 0xFE, 0x00, 0x0B, 0xFF, 0xFF, 0xFF, 0xF4, 0x00, 0x3F, 0xE5, 0x6F, 0xFF,
    0xC0, 0x01, 0x40, 0x00, 0x7F, 0xFC, 0x00, 0x00, 0x00, 0x02, 0xFF, 0xC0, 0x00, 0x00, 0x00, 0x2F,
    0xFC, 0x00, 0x00, 0x00, 0x03, 0xFF, 0xC0, 0x00, 0x00, 0x00, 0xBF, 0xF4, 0x00, 0x01, 0x56, 0xBF,
    0xFE, 0x00, 0x00, 0xFF, 0xFF, 0xFF, 0x40, 0x00, 0x0F, 0xFF, 0xF9, 0x00, 0x00, 0x01, 0xFF, 0xFF,
    0xF4, 0x00, 0x00, 0x1F, 0xFF, 0xFF, 0xE0, 0x00, 0x00, 0x00, 0x6F, 0xFF, 0x40, 0x00, 0x00, 0x00,
    0x3F, 0xFC, 0x00, 0x00, 0x00, 0x02, 0xFF, 0xC0, 0x00, 0x00, 0x00, 0x1F, 0xFC, 0x00, 0x00, 0x00,
    0x02, 0xFF, 0xC0, 0x00, 0x00, 0x00, 0x3F, 0xFC, 0x06, 0x00, 0x00, 0x0F, 0xFF, 0x80, 0x7F, 0x95,
    0x6F, 0xFF, 0xF0, 0x07, 0xFF, 0xFF, 0xFF, 0xFE, 0x00, 0x7F, 0xFF, 0xFF, 0xFF, 0x80, 0x07, 0xFF,
    0xFF, 0xFF, 0xD0, 0x00, 0x06, 0xFF, 0xFE, 0x80, 0x00, 0x00, 0x00, 0x0B, 0xFE, 0x00, 0x01, 0xFF,
    0xF8, 0x00, 0x3F, 0xF4, 0x00, 0x0F, 0xFF, 0xD0, 0x00, 0xFF, 0xC0, 0x00, 0xFF, 0xFF, 0x40, 0x07,
    0xFF, 0x00, 0x07, 0xFF, 0xFC, 0x00, 0x2F, 0xF8, 0x00, 0x3F, 0xFF, 0xF0, 0x00, 0xBF, 0xD0, 0x02,
    0xFF, 0xFF, 0x80, 0x03, 0xFF, 0x40, 0x1F, 0xFF, 0xFD, 0x00, 0x0F, 0xFC, 0x00, 0xFF, 0xFF, 0xF0,
    0x00, 0x7F, 0xF0, 0x0B, 0xFD, 0xFF, 0xC0, 0x02, 0xFF, 0x80, 0x3F, 0xE7, 0xFF, 0x00, 0x0F, 0xFD,
    0x03, 0xFF, 0x2F, 0xF8, 0x00, 0x3F, 0xF0, 0x2F, 0xF4, 0xFF, 0xD0, 0x00, 0xFF, 0xC0, 0xFF, 0xC3,
    0xFF, 0x00, 0x07, 0xFF, 0x0F, 0xFC, 0x0F, 0xFC, 0x00, 0x2F, 0xF8, 0x7F, 0xE0, 0x7F, 0xF0, 0x00,
    0xFF, 0xD3, 0xFF, 0x02, 0xFF, 0x80, 0x03, 0xFF, 0x2F, 0xF4, 0x0F, 0xFD, 0x00, 0x0F, 0xFD, 0xFF,
    0x80, 0x3F, 0xF0, 0x00, 0x7F, 0xEF, 0xFC, 0x01, 0xFF, 0xC0, 0x02, 0xFF, 0xFF, 0xD0, 0x0B, 0xFE,
    0x00, 0x0F, 0xFF, 0xFF, 0x00, 0x2F, 0xF4, 0x00, 0x3F, 0xFF, 0xF0, 0x00, 0xFF, 0xD0, 0x01, 0xFF,
    0xFF, 0x80, 0x03, 0xFF, 0x00, 0x0B, 0xFF, 0xFC, 0x00, 0x1F, 0xFC, 0x00, 0x2F, 0xFF, 0xD0, 0x00,
    0xBF, 0xE0, 0x00, 0xFF, 0xFE, 0x00, 0x03, 0xFF, 0x40, 0x03, 0xFF, 0xF0, 0x00, 0x0F, 0xFC, 0x00,
    0x00, 0x00, 0x00, 0x07, 0xFC, 0x00, 0xBF, 0xC0, 0x00, 0x00, 0x1F, 0xF0, 0x03, 0xFE, 0x00, 0x00,
    0x00, 0x3F, 0xE0, 0x3F, 0xF0, 0x00, 0x00, 0x00, 0xBF, 0xFF, 0xFF, 0x40, 0x00, 0x00, 0x00, 0xBF,
    0xFF, 0xF4, 0x00, 0x00, 0x00, 0x00, 0x6F, 0xFE, 0x00, 0x00, 0x00, 0x00, 0x00, 0x00, 0x00, 0x00,
    0x00, 0x00, 0x00, 0x00, 0x00, 0x00, 0x00, 0x00, 0x0B, 0xFE, 0x00, 0x01, 0xFF, 0xF8, 0x00, 0x3F,
    0xF4, 0x00, 0x0F, 0xFF, 0xD0, 0x00, 0xFF, 0xC0, 0x00, 0xFF, 0xFF, 0x40, 0x07, 0xFF, 0x00, 0x07,
    0xFF, 0xFC, 0x00, 0x2F, 0xF8, 0x00, 0x3F, 0xFF, 0xF0, 0x00, 0xBF, 0xD0, 0x02, 0xFF, 0xFF, 0x80,
    0x03, 0xFF, 0x40, 0x1F, 0xFF, 0xFD, 0x00, 0x0F, 0xFC, 0x00, 0xFF, 0xFF, 0xF0, 0x00, 0x7F, 0xF0,
    0x0B, 0xFD, 0xFF, 0xC0, 0x02, 0xFF, 0x80, 0x3F, 0xE7, 0xFF, 0x00, 0x0F, 0xFD, 0x03, 0xFF, 0x2F,
    0xF8, 0x00, 0x3F, 0xF0, 0x2F, 0xF4, 0xFF, 0xD0, 0x00, 0xFF, 0xC0, 0xFF, 0xC3, 0xFF, 0x00, 0x07,
    0xFF, 0x0F, 0xFC, 0x0F, 0xFC, 0x00, 0x2F, 0xF8, 0x7F, 0xE0, 0x7F, 0xF0, 0x00, 0xFF, 0xD3, 0xFF,
    0x02, 0xFF, 0x80, 0x03, 0xFF, 0x2F, 0xF4, 0x0F, 0xFD, 0x00, 0x0F, 0xFD, 0xFF, 0x80, 0x3F, 0xF0,
    0x00, 0x7F, 0xEF, 0xFC, 0x01, 0xFF, 0xC0, 0x02, 0xFF, 0xFF, 0xD0, 0x0B, 0xFE, 0x00, 0x0F, 0xFF,
    0xFF, 0x00, 0x2F, 0xF4, 0x00, 0x3F, 0xFF, 0xF0, 0x00, 0xFF, 0xD0, 0x01, 0xFF, 0xFF, 0x80, 0x03,
    0xFF, 0x00, 0x0B, 0xFF, 0xFC, 0x00, 0x1F, 0xFC, 0x00, 0x2F, 0xFF, 0xD0, 0x00, 0xBF, 0xE0, 0x00,
    0xFF, 0xFE, 0x00, 0x03, 0xFF, 0x40, 0x03, 0xFF, 0xF0, 0x00, 0x0F, 0xFC, 0x00, 0x00, 0x00, 0x0B,
    0xFF, 0x00, 0x01, 0xFF, 0xF0, 0x00, 0x3F, 0xFC, 0x00, 0x0F, 0xFF, 0x00, 0x00, 0xFF, 0xE0, 0x00,
    0xFF, 0xF4, 0x00, 0x03, 0xFF, 0x40, 0x0B, 0xFF, 0x80, 0x00, 0x1F, 0xFC, 0x00, 0x7F, 0xFC, 0x00,
    0x00, 0xBF, 0xF0, 0x03, 0xFF, 0xC0, 0x00, 0x03, 0xFF, 0xC0, 0x3F, 0xFC, 0x00, 0x00, 0x0F, 0xFE,
    0x02, 0xFF, 0xD0, 0x00, 0x00, 0x7F, 0xF4, 0x1F, 0xFE, 0x00, 0x00, 0x01, 0xFF, 0xC0, 0xFF, 0xF0,
    0x00, 0x00, 0x0B, 0xFF, 0x5F, 0xFF, 0x00, 0x00, 0x00, 0x3F, 0xFF, 0xFF, 0xF4, 0x00, 0x00, 0x00,
    0xFF, 0xFF, 0xFF, 0x40, 0x00, 0x00, 0x07, 0xFF, 0xFF, 0xFD, 0x00, 0x00, 0x00, 0x2F, 0xFF, 0xFF,
    0xF8, 0x00, 0x00, 0x00, 0xBF, 0xF0, 0xFF, 0xF0, 0x00, 0x00, 0x03, 0xFF, 0x81, 0xFF, 0xD0, 0x00,
    0x00, 0x0F, 0xFD, 0x03, 0xFF, 0xC0, 0x00, 0x00, 0x7F, 0xF0, 0x0F, 0xFF, 0x00, 0x00, 0x02, 0xFF,
    0xC0, 0x1F, 0xFD, 0x00, 0x00, 0x0F, 0xFF, 0x00, 0x3F, 0xFC, 0x00, 0x00, 0x3F, 0xF8, 0x00, 0xFF,
    0xF0, 0x00, 0x00, 0xFF, 0xD0, 0x01, 0xFF, 0xE0, 0x00, 0x07, 0xFF, 0x00, 0x03, 0xFF, 0xC0, 0x00,
    0x2F, 0xFC, 0x00, 0x0F, 0xFF, 0x40, 0x00, 0xFF, 0xF0, 0x00, 0x1F, 0xFE, 0x00, 0x03, 0xFF, 0x80,
    0x00, 0x3F, 0xFC, 0x00, 0x00, 0x00, 0x00, 0x01, 0xFF, 0xFF, 0xFF, 0xFF, 0x80, 0x00, 0x00, 0xBF,
    0xFF, 0xFF, 0xFF, 0xD0, 0x00, 0x00, 0x3F, 0xFF, 0xFF, 0xFF, 0xF0, 0x00, 0x00, 0x0F, 0xFF, 0xFF,
    0xFF, 0xFC, 0x00, 0x00, 0x0B, 0xFF, 0x55, 0x5F, 0xFE, 0x00, 0x00, 0x03, 0xFF, 0x80, 0x07, 0xFF,
    0x80, 0x00, 0x00, 0xFF, 0xD0, 0x01, 0xFF, 0xD0, 0x00, 0x00, 0x7F, 0xF0, 0x00, 0xBF, 0xF0, 0x00,
    0x00, 0x2F, 0xF8, 0x00, 0x3F, 0xFC, 0x00, 0x00, 0x0F, 0xFD, 0x00, 0x0F, 0xFE, 0x00, 0x00, 0x03,
    0xFF, 0x00, 0x07, 0xFF, 0x40, 0x00, 0x01, 0xFF, 0xC0, 0x01, 0xFF, 0xD0, 0x00, 0x00, 0xBF, 0xE0,
    0x00, 0xBF, 0xF0, 0x00, 0x00, 0x3F, 0xF4, 0x00, 0x3F, 0xFC, 0x00, 0x00, 0x0F, 0xFC, 0x00, 0x0F,
    0xFE, 0x00, 0x00, 0x0B, 0xFF, 0x00, 0x07, 0xFF, 0x40, 0x00, 0x03, 0xFF, 0x80, 0x01, 0xFF, 0xC0,
    0x00, 0x00, 0xFF, 0xD0, 0x00, 0xBF, 0xF0, 0x00, 0x00, 0x7F, 0xF0, 0x00, 0x3F, 0xFC, 0x00, 0x00,
    0x3F, 0xFC, 0x00, 0x0F, 0xFE, 0x00, 0x00, 0x1F, 0xFD, 0x00, 0x07, 0xFF, 0x40, 0x00, 0x2F, 0xFF,
    0x00, 0x02, 0xFF, 0xC0, 0x07, 0xFF, 0xFF, 0x80, 0x00, 0xBF, 0xF0, 0x01, 0xFF, 0xFF, 0xC0, 0x00,
    0x3F, 0xFC, 0x00, 0x7F, 0xFF, 0xD0, 0x00, 0x0F, 0xFE, 0x00, 0x1F, 0xFF, 0xD0, 0x00, 0x07, 0xFF,
    0x40, 0x03, 0xFF, 0x40, 0x00, 0x02, 0xFF, 0xC0, 0x00, 0x00, 0x0B, 0xFF, 0xF0, 0x00, 0x00, 0x3F,
    0xFF, 0xC0, 0x00, 0xFF, 0xFF, 0x00, 0x00, 0x07, 0xFF, 0xFC, 0x00, 0x0F, 0xFF, 0xF0, 0x00, 0x00,
    0xFF, 0xFF, 0x80, 0x00, 0xFF, 0xFF, 0x00, 0x00, 0x1F, 0xFF, 0xF4, 0x00, 0x1F, 0xFF, 0xF0, 0x00,
    0x03, 0xFF, 0xFF, 0x00, 0x02, 0xFF, 0xFF, 0x00, 0x00, 0x7F, 0xFF, 0xF0, 0x00, 0x3F, 0xFF, 0xF4,
    0x00, 0x0F, 0xFF, 0xFE, 0x00, 0x03, 0xFF, 0xFF, 0x40, 0x01, 0xFF, 0xBF, 0xE0, 0x00, 0x7F, 0xEF,
    0xF4, 0x00, 0x3F, 0xEB, 0xFD, 0x00, 0x07, 0xFD, 0xBF, 0x40, 0x07, 0xFC, 0xFF, 0xC0, 0x00, 0xBF,
    0xDB, 0xF8, 0x00, 0xFF, 0x8F, 0xFC, 0x00, 0x0F, 0xFC, 0xBF, 0x80, 0x1F, 0xF1, 0xFF, 0x80, 0x00,
    0xFF, 0xCB, 0xF8, 0x03, 0xFE, 0x2F, 0xF4, 0x00, 0x1F, 0xF8, 0xBF, 0x80, 0x7F, 0xC3, 0xFF, 0x00,
    0x02, 0xFF, 0x87, 0xFC, 0x0F, 0xF8, 0x3F, 0xF0, 0x00, 0x2F, 0xF4, 0x7F, 0xC1, 0xFF, 0x07, 0xFF,
    0x00, 0x03, 0xFF, 0x07, 0xFC, 0x3F, 0xE0, 0xBF, 0xE0, 0x00, 0x3F, 0xF0, 0x7F, 0xC7, 0xFC, 0x0B,
    0xFD, 0x00, 0x07, 0xFE, 0x03, 0xFC, 0xFF, 0x80, 0xFF, 0xC0, 0x00, 0xBF, 0xD0, 0x3F, 0xDF, 0xF0,
    0x0F, 0xFC, 0x00, 0x0F, 0xFD, 0x03, 0xFF, 0xFE, 0x01, 0xFF, 0xC0, 0x00, 0xFF, 0xC0, 0x3F, 0xFF,
    0xC0, 0x2F, 0xF8, 0x00, 0x0F, 0xFC, 0x03, 0xFF, 0xF8, 0x03, 0xFF, 0x40, 0x01, 0xFF, 0x80, 0x3F,
    0xFF, 0x00, 0x3F, 0xF0, 0x00, 0x2F, 0xF4, 0x03, 0xFF, 0xE0, 0x03, 0xFF, 0x00, 0x03, 0xFF, 0x00,
    0x3F, 0xFC, 0x00, 0x7F, 0xE0, 0x00, 0x3F, 0xF0, 0x03, 0xFF, 0x80, 0x0B, 0xFE, 0x00, 0x00, 0x00,
    0x0B, 0xFF, 0x00, 0x00, 0x7F, 0xF0, 0x00, 0x3F, 0xFC, 0x00, 0x02, 0xFF, 0xC0, 0x00, 0xFF, 0xE0,
    0x00, 0x0F, 0xFF, 0x00, 0x07, 0xFF, 0x40, 0x00, 0x3F, 0xF8, 0x00, 0x1F, 0xFC, 0x00, 0x01, 0xFF,
    0xD0, 0x00, 0xBF, 0xF0, 0x00, 0x0B, 0xFF, 0x00, 0x03, 0xFF, 0xC0, 0x00, 0x2F, 0xFC, 0x00, 0x0F,
    0xFE, 0x00, 0x00, 0xFF, 0xE0, 0x00, 0x7F, 0xF4, 0x00, 0x03, 0xFF, 0x80, 0x02, 0xFF, 0xC0, 0x00,
    0x1F, 0xFD, 0x00, 0x0F, 0xFF, 0x55, 0x55, 0xBF, 0xF0, 0x00, 0x3F, 0xFF, 0xFF, 0xFF, 0xFF, 0xC0,
    0x00, 0xFF, 0xFF, 0xFF, 0xFF, 0xFE, 0x00, 0x07, 0xFF, 0xFF, 0xFF, 0xFF, 0xF4, 0x00, 0x2F, 0xFF,
    0xFF, 0xFF, 0xFF, 0xC0, 0x00, 0xFF, 0xF0, 0x00, 0x0B, 0xFF, 0x00, 0x03, 0xFF, 0x80, 0x00, 0x3F,
    0xFC, 0x00, 0x0F, 0xFD, 0x00, 0x00, 0xFF, 0xE0, 0x00, 0x7F, 0xF0, 0x00, 0x07, 0xFF, 0x40, 0x02,
    0xFF, 0xC0, 0x00, 0x2F, 0xFC, 0x00, 0x0F, 0xFF, 0x00, 0x00, 0xBF, 0xF0, 0x00, 0x3F, 0xF8, 0x00,
    0x03, 0xFF, 0xC0, 0x01, 0xFF, 0xD0, 0x00, 0x0F, 0xFE, 0x00, 0x07, 0xFF, 0x00, 0x00, 0x7F, 0xF4,
    0x00, 0x2F, 0xFC, 0x00, 0x02, 0xFF, 0xC0, 0x00, 0xFF, 0xF0, 0x00, 0x0B, 0xFF, 0x00, 0x03, 0xFF,
    0x80, 0x00, 0x3F, 0xF8, 0x00, 0x00, 0x00, 0x00, 0x0B, 0xFF, 0xE0, 0x00, 0x00, 0x00, 0x7F, 0xFF,
    0xFF, 0x80, 0x00, 0x00, 0xBF, 0xFF, 0xFF, 0xFC, 0x00, 0x00, 0xFF, 0xFF, 0xFF, 0xFF, 0xC0, 0x00,
    0xBF, 0xFF, 0x56, 0xFF, 0xF8, 0x00, 0x7F, 0xFD, 0x00, 0x1F, 0xFF, 0x00, 0x3F, 0xFC, 0x00, 0x01,
    0xFF, 0xE0, 0x2F, 0xFD, 0x00, 0x00, 0x3F, 0xFC, 0x0F, 0xFF, 0x00, 0x00, 0x0F, 0xFF, 0x0B, 0xFF,
    0x40, 0x00, 0x02, 0xFF, 0xC3, 0xFF, 0xC0, 0x00, 0x00, 0xBF, 0xF0, 0xFF, 0xE0, 0x00, 0x00, 0x2F,
    0xFC, 0x7F, 0xF4, 0x00, 0x00, 0x0B, 0xFF, 0x2F, 0xFC, 0x00, 0x00, 0x03, 0xFF, 0xCB, 0xFF, 0x00,
    0x00, 0x00, 0xFF, 0xE3, 0xFF, 0xC0, 0x00, 0x00, 0x7F, 0xF4, 0xFF, 0xF0, 0x00, 0x00, 0x2F, 0xFC,
    0x3F, 0xFC, 0x00, 0x00, 0x0F, 0xFF, 0x0B, 0xFF, 0x00, 0x00, 0x07, 0xFF, 0x42, 0xFF, 0xD0, 0x00,
    0x03, 0xFF, 0xC0, 0x7F, 0xFC, 0x00, 0x02, 0xFF, 0xE0, 0x0F, 0xFF, 0x80, 0x02, 0xFF, 0xF0, 0x01,
    0xFF, 0xFD, 0x5B, 0xFF, 0xF0, 0x00, 0x2F, 0xFF, 0xFF, 0xFF, 0xF4, 0x00, 0x02, 0xFF, 0xFF, 0xFF,
    0xF4, 0x00, 0x00, 0x1F, 0xFF, 0xFF, 0xE0, 0x00, 0x00, 0x00, 0x6F, 0xFE, 0x40, 0x00, 0x00, 0x00,
    0x0B, 0xFF, 0xFF, 0xFF, 0xFF, 0xF0, 0x00, 0xFF, 0xFF, 0xFF, 0xFF, 0xFE, 0x00, 0x0F, 0xFF, 0xFF,
    0xFF, 0xFF, 0xD0, 0x01, 0xFF, 0xFF, 0xFF, 0xFF, 0xFC, 0x00, 0x1F, 0xFD, 0x55, 0x57, 0xFF, 0xC0,
    0x02, 0xFF, 0xC0, 0x00, 0x3F, 0xFC, 0x00, 0x3F, 0xF8, 0x00, 0x03, 0xFF, 0x80, 0x03, 0xFF, 0x40,
    0x00, 0x7F, 0xF4, 0x00, 0x7F, 0xF0, 0x00, 0x0B, 0xFF, 0x00, 0x0B, 0xFF, 0x00, 0x00, 0xFF, 0xF0,
    0x00, 0xFF, 0xF0, 0x00, 0x0F, 0xFE, 0x00, 0x0F, 0xFE, 0x00, 0x01, 0xFF, 0xD0, 0x00, 0xFF, 0xD0,
    0x00, 0x1F, 0xFD, 0x00, 0x1F, 0xFC, 0x00, 0x02, 0xFF, 0xC0, 0x02, 0xFF, 0xC0, 0x00, 0x3F, 0xFC,
    0x00, 0x3F, 0xFC, 0x00, 0x03, 0xFF, 0x80, 0x03, 0xFF, 0x80, 0x00, 0x7F, 0xF4, 0x00, 0x3F, 0xF4,
    0x00, 0x07, 0xFF, 0x00, 0x07, 0xFF, 0x00, 0x00, 0xBF, 0xF0, 0x00, 0xBF, 0xF0, 0x00, 0x0F, 0xFF,
    0x00, 0x0F, 0xFF, 0x00, 0x00, 0xFF, 0xE0, 0x00, 0xFF, 0xE0, 0x00, 0x1F, 0xFD, 0x00, 0x1F, 0xFD,
    0x00, 0x01, 0xFF, 0xC0, 0x01, 0xFF, 0xC0, 0x00, 0x2F, 0xFC, 0x00, 0x2F, 0xFC, 0x00, 0x03, 0xFF,
    0xC0, 0x03, 0xFF, 0xC0, 0x00, 0x3F, 0xF8, 0x00, 0x3F, 0xF8, 0x00, 0x07, 0xFF, 0x40, 0x00, 0x00,
    0x0B, 0xFF, 0xFF, 0x90, 0x00, 0x00, 0x3F, 0xFF, 0xFF, 0xF4, 0x00, 0x00, 0xFF, 0xFF, 0xFF, 0xF8,
    0x00, 0x03, 0xFF, 0xFF, 0xFF, 0xF4, 0x00, 0x1F, 0xFD, 0x5B, 0xFF, 0xF0, 0x00, 0xBF, 0xF0, 0x03,
    0xFF, 0xD0, 0x03, 0xFF, 0x80, 0x0B, 0xFF, 0x40, 0x0F, 0xFE, 0x00, 0x1F, 0xFD, 0x00, 0x7F, 0xF4,
    0x00, 0x7F, 0xF4, 0x01, 0xFF, 0xC0, 0x02, 0xFF, 0xC0, 0x0B, 0xFF, 0x00, 0x0F, 0xFF, 0x00, 0x3F,
    0xF8, 0x00, 0xFF, 0xF8, 0x00, 0xFF, 0xE5, 0x6F, 0xFF, 0xC0, 0x07, 0xFF, 0xFF, 0xFF, 0xFD, 0x00,
    0x2F, 0xFF, 0xFF, 0xFF, 0xD0, 0x00, 0xBF, 0xFF, 0xFF, 0xFC, 0x00, 0x03, 0xFF, 0xFF, 0xFA, 0x00,
    0x00, 0x0F, 0xFD, 0x00, 0x00, 0x00, 0x00, 0x7F, 0xF0, 0x00, 0x00, 0x00, 0x02, 0xFF, 0xC0, 0x00,
    0x00, 0x00, 0x0F, 0xFE, 0x00, 0x00, 0x00, 0x00, 0x3F, 0xF8, 0x00, 0x00, 0x00, 0x00, 0xFF, 0xD0,
    0x00, 0x00, 0x00, 0x07, 0xFF, 0x00, 0x00, 0x00, 0x00, 0x2F, 0xFC, 0x00, 0x00, 0x00, 0x00, 0xFF,
    0xF0, 0x00, 0x00, 0x00, 0x03, 0xFF, 0x80, 0x00, 0x00, 0x00, 0x00, 0x00, 0x00, 0x06, 0xFF, 0xF9,
    0x00, 0x00, 0x02, 0xFF, 0xFF, 0xFF, 0x80, 0x00, 0x7F, 0xFF, 0xFF, 0xFF, 0x00, 0x0B, 0xFF, 0xFF,
    0xFF, 0xF8, 0x00, 0xBF, 0xFF, 0x95, 0xBF, 0xC0, 0x07, 0xFF, 0xE0, 0x00, 0x0A, 0x00, 0x3F, 0xFD,
    0x00, 0x00, 0x00, 0x02, 0xFF, 0xE0, 0x00, 0x00, 0x00, 0x0F, 0xFF, 0x00, 0x00, 0x00, 0x00, 0x7F,
    0xF4, 0x00, 0x00, 0x00, 0x03, 0xFF, 0xC0, 0x00, 0x00, 0x00, 0x0F, 0xFE, 0x00, 0x00, 0x00, 0x00,
    0x7F, 0xF4, 0x00, 0x00, 0x00, 0x02, 0xFF, 0xC0, 0x00, 0x00, 0x00, 0x0B, 0xFF, 0x00, 0x00, 0x00,
    0x00, 0x3F, 0xFC, 0x00, 0x00, 0x00, 0x00, 0xFF, 0xF0, 0x00, 0x00, 0x00, 0x03, 0xFF, 0xC0, 0x00,
    0x00, 0x00, 0x0B, 0xFF, 0x00, 0x00, 0x00, 0x00, 0x2F, 0xFD, 0x00, 0x00, 0x00, 0x00, 0x7F, 0xFC,
    0x00, 0x00, 0x00, 0x00, 0xFF, 0xF8, 0x00, 0x01, 0x00, 0x01, 0xFF, 0xFE, 0x56, 0xFD, 0x00, 0x03,
    0xFF, 0xFF, 0xFF, 0xF4, 0x00, 0x03, 0xFF, 0xFF, 0xFF, 0xD0, 0x00, 0x02, 0xFF, 0xFF, 0xFF, 0x00,
    0x00, 0x00, 0xBF, 0xFF, 0x90, 0x00, 0x00, 0x3F, 0xFF, 0xFF, 0xFF, 0xFD, 0x7F, 0xFF, 0xFF, 0xFF,
    0xFC, 0xBF, 0xFF, 0xFF, 0xFF, 0xFC, 0xFF, 0xFF, 0xFF, 0xFF, 0xF8, 0x55, 0x5F, 0xFF, 0x55, 0x50,
    0x00, 0x0F, 0xFF, 0x00, 0x00, 0x00, 0x0F, 0xFE, 0x00, 0x00, 0x00, 0x0F, 0xFD, 0x00, 0x00, 0x00,
    0x1F, 0xFD, 0x00, 0x00, 0x00, 0x2F, 0xFC, 0x00, 0x00, 0x00, 0x3F, 0xFC, 0x00, 0x00, 0x00, 0x3F,
    0xF8, 0x00, 0x00, 0x00, 0x7F, 0xF4, 0x00, 0x00, 0x00, 0x7F, 0xF0, 0x00, 0x00, 0x00, 0xBF, 0xF0,
    0x00, 0x00, 0x00, 0xFF, 0xF0, 0x00, 0x00, 0x00, 0xFF, 0xE0, 0x00, 0x00, 0x01, 0xFF, 0xD0, 0x00,
    0x00, 0x01, 0xFF, 0xC0, 0x00, 0x00, 0x02, 0xFF, 0xC0, 0x00, 0x00, 0x03, 0xFF, 0xC0, 0x00, 0x00,
    0x03, 0xFF, 0x80, 0x00, 0x00, 0x07, 0xFF, 0x40, 0x00, 0x00, 0x07, 0xFF, 0x00, 0x00, 0x00, 0x0B,
    0xFF, 0x00, 0x00, 0x00, 0x0F, 0xFF, 0x00, 0x00, 0x00, 0x0F, 0xFE, 0x00, 0x00, 0x00, 0x02, 0xFF,
    0xC0, 0x00, 0x02, 0xFF, 0xE0, 0x1F, 0xFD, 0x00, 0x00, 0x3F, 0xFC, 0x00, 0xFF, 0xD0, 0x00, 0x0B,
    0xFF, 0x40, 0x0F, 0xFE, 0x00, 0x00, 0xFF, 0xF0, 0x00, 0xBF, 0xF0, 0x00, 0x2F, 0xFC, 0x00, 0x07,
    0xFF, 0x00, 0x03, 0xFF, 0x80, 0x00, 0x3F, 0xF4, 0x00, 0xBF, 0xF0, 0x00, 0x02, 0xFF, 0x80, 0x0F,
    0xFD, 0x00, 0x00, 0x1F, 0xFC, 0x03, 0xFF, 0xC0, 0x00, 0x00, 0xFF, 0xC0, 0x7F, 0xF4, 0x00, 0x00,
    0x0F, 0xFD, 0x0F, 0xFE, 0x00, 0x00, 0x00, 0xBF, 0xE1, 0xFF, 0xC0, 0x00, 0x00, 0x07, 0xFF, 0x3F,
    0xF8, 0x00, 0x00, 0x00, 0x3F, 0xF7, 0xFF, 0x00, 0x00, 0x00, 0x03, 0xFF, 0xFF, 0xD0, 0x00, 0x00,
    0x00, 0x2F, 0xFF, 0xFC, 0x00, 0x00, 0x00, 0x01, 0xFF, 0xFF, 0x00, 0x00, 0x00, 0x00, 0x0F, 0xFF,
    0xE0, 0x00, 0x00, 0x00, 0x00, 0xFF, 0xFC, 0x00, 0x00, 0x00, 0x00, 0x0B, 0xFF, 0x40, 0x00, 0x00,
    0x00, 0x01, 0xFF, 0xF0, 0x00, 0x00, 0x00, 0x00, 0x3F, 0xFC, 0x00, 0x00, 0x00, 0x65, 0x6F, 0xFF,
    0x40, 0x00, 0x00, 0x07, 0xFF, 0xFF, 0xE0, 0x00, 0x00, 0x00, 0x7F, 0xFF, 0xFC, 0x00, 0x00, 0x00,
    0x07, 0xFF, 0xFE, 0x00, 0x00, 0x00, 0x00, 0x2F, 0xFE, 0x00, 0x00, 0x00, 0x00, 0x00, 0x00, 0x00,
    0x00, 0x00, 0xBF, 0xE0, 0x00, 0x00, 0x00, 0x00, 0x00, 0x00, 0xFF, 0xD0, 0x00, 0x00, 0x00, 0x00,
    0x00, 0x05, 0xFF, 0xD0, 0x00, 0x00, 0x00, 0x00, 0x1B, 0xFF, 0xFF, 0xFF, 0x90, 0x00, 0x00, 0x02,
    0xFF, 0xFF, 0xFF, 0xFF, 0xFD, 0x00, 0x00, 0x1F, 0xFF, 0xFF, 0xFF, 0xFF, 0xFF, 0x40, 0x00, 0xBF,
    0xFF, 0xFF, 0xFF, 0xFF, 0xFF, 0xD0, 0x01, 0xFF, 0xFE, 0x43, 0xFF, 0x1B, 0xFF, 0xF0, 0x03, 0xFF,
    0xD0, 0x07, 0xFF, 0x00, 0xFF, 0xF8, 0x0B, 0xFF, 0x40, 0x0B, 0xFE, 0x00, 0x3F, 0xFC, 0x0F, 0xFE,
    0x00, 0x0F, 0xFD, 0x00, 0x2F, 0xFC, 0x1F, 0xFD, 0x00, 0x0F, 0xFC, 0x00, 0x2F, 0xFC, 0x2F, 0xFC,
    0x00, 0x0F, 0xFC, 0x00, 0x2F, 0xFC, 0x2F, 0xFC, 0x00, 0x1F, 0xF8, 0x00, 0x2F, 0xFC, 0x2F, 0xFC,
    0x00, 0x2F, 0xF4, 0x00, 0x3F, 0xF8, 0x2F, 0xFC, 0x00, 0x3F, 0xF4, 0x00, 0x7F, 0xF4, 0x1F, 0xFE,
    0x00, 0x3F, 0xF0, 0x00, 0xFF, 0xF0, 0x0F, 0xFF, 0x40, 0x7F, 0xF0, 0x03, 0xFF, 0xE0, 0x0B, 0xFF,
    0xE4, 0xBF, 0xE0, 0x6F, 0xFF, 0xC0, 0x03, 0xFF, 0xFF, 0xFF, 0xFF, 0xFF, 0xFF, 0x00, 0x00, 0xFF,
    0xFF, 0xFF, 0xFF, 0xFF, 0xFC, 0x00, 0x00, 0x2F, 0xFF, 0xFF, 0xFF, 0xFF, 0xD0, 0x00, 0x00, 0x02,
    0xFF, 0xFF, 0xFF, 0xF8, 0x00, 0x00, 0x00, 0x00, 0x02, 0xFF, 0x90, 0x00, 0x00, 0x00, 0x00, 0x00,
    0x03, 0xFF, 0x40, 0x00, 0x00, 0x00, 0x00, 0x00, 0x03, 0xFF, 0x00, 0x00, 0x00, 0x00, 0x00, 0x00,
    0x03, 0xFF, 0x00, 0x00, 0x00, 0x00, 0x00, 0x03, 0xFF, 0xC0, 0x00, 0x0F, 0xFF, 0x40, 0x00, 0xBF,
    0xF4, 0x00, 0x0F, 0xFF, 0x80, 0x00, 0x0F, 0xFE, 0x00, 0x07, 0xFF, 0xC0, 0x00, 0x03, 0xFF, 0xC0,
    0x03, 0xFF, 0xC0, 0x00, 0x00, 0x7F, 0xF4, 0x03, 0xFF, 0xD0, 0x00, 0x00, 0x0F, 0xFE, 0x02, 0xFF,
    0xE0, 0x00, 0x00, 0x03, 0xFF, 0xC1, 0xFF, 0xF0, 0x00, 0x00, 0x00, 0x7F, 0xF0, 0xFF, 0xF0, 0x00,
    0x00, 0x00, 0x0F, 0xFD, 0xBF, 0xF4, 0x00, 0x00, 0x00, 0x03, 0xFF, 0xFF, 0xF8, 0x00, 0x00, 0x00,
    0x00, 0x7F, 0xFF, 0xFC, 0x00, 0x00, 0x00, 0x00, 0x0F, 0xFF, 0xFC, 0x00, 0x00, 0x00, 0x00, 0x03,
    0xFF, 0xFD, 0x00, 0x00, 0x00, 0x00, 0x01, 0xFF, 0xFF, 0x00, 0x00, 0x00, 0x00, 0x00, 0xFF, 0xFF,
    0xC0, 0x00, 0x00, 0x00, 0x00, 0xBF, 0xFF, 0xF8, 0x00, 0x00, 0x00, 0x00, 0x7F, 0xFF, 0xFF, 0x00,
    0x00, 0x00, 0x00, 0x3F, 0xFD, 0xFF, 0xD0, 0x00, 0x00, 0x00, 0x3F, 0xFC, 0x3F, 0xF8, 0x00, 0x00,
    0x00, 0x2F, 0xFD, 0x0F, 0xFF, 0x00, 0x00, 0x00, 0x1F, 0xFE, 0x02, 0xFF, 0xD0, 0x00, 0x00, 0x0F,
    0xFF, 0x00, 0x3F, 0xF8, 0x00, 0x00, 0x0F, 0xFF, 0x40, 0x0F, 0xFF, 0x00, 0x00, 0x0B, 0xFF, 0x80,
    0x02, 0xFF, 0xD0, 0x00, 0x07, 0xFF, 0xC0, 0x00, 0x7F, 0xFC, 0x00, 0x03, 0xFF, 0xC0, 0x00, 0x0F,
    0xFF, 0x00, 0x03, 0xFF, 0xE0, 0x00, 0x02, 0xFF, 0xD0, 0x00, 0x00, 0x0B, 0xFF, 0x00, 0x00, 0xFF,
    0xE0, 0x00, 0xFF, 0xF0, 0x00, 0x0F, 0xFD, 0x00, 0x0F, 0xFE, 0x00, 0x01, 0xFF, 0xD0, 0x01, 0xFF,
    0xD0, 0x00, 0x2F, 0xFC, 0x00, 0x2F, 0xFC, 0x00, 0x03, 0xFF, 0xC0, 0x02, 0xFF, 0xC0, 0x00, 0x3F,
    0xF8, 0x00, 0x3F, 0xFC, 0x00, 0x03, 0xFF, 0x40, 0x03, 0xFF, 0x80, 0x00, 0x7F, 0xF4, 0x00, 0x7F,
    0xF4, 0x00, 0x0B, 0xFF, 0x00, 0x0B, 0xFF, 0x00, 0x00, 0xFF, 0xF0, 0x00, 0xFF, 0xF0, 0x00, 0x0F,
    0xFE, 0x00, 0x0F, 0xFE, 0x00, 0x00, 0xFF, 0xD0, 0x00, 0xFF, 0xE0, 0x00, 0x1F, 0xFC, 0x00, 0x1F,
    0xFD, 0x00, 0x02, 0xFF, 0xC0, 0x02, 0xFF, 0xC0, 0x00, 0x3F, 0xFC, 0x00, 0x3F, 0xFC, 0x00, 0x03,
    0xFF, 0x80, 0x03, 0xFF, 0x80, 0x00, 0x3F, 0xF4, 0x00, 0x3F, 0xF4, 0x00, 0x07, 0xFF, 0x00, 0x07,
    0xFF, 0x40, 0x00, 0xBF, 0xF0, 0x00, 0xBF, 0xF0, 0x00, 0x0F, 0xFF, 0x00, 0x0F, 0xFF, 0x00, 0x00,
    0xFF, 0xE0, 0x00, 0xFF, 0xE0, 0x00, 0x1F, 0xFD, 0x00, 0x1F, 0xFE, 0x55, 0x56, 0xFF, 0xD5, 0x42,
    0xFF, 0xFF, 0xFF, 0xFF, 0xFF, 0xF8, 0x2F, 0xFF, 0xFF, 0xFF, 0xFF, 0xFF, 0x43, 0xFF, 0xFF, 0xFF,
    0xFF, 0xFF, 0xF4, 0x3F, 0xFF, 0xFF, 0xFF, 0xFF, 0xFF, 0x00, 0x00, 0x00, 0x00, 0x00, 0xFF, 0xF0,
    0x00, 0x00, 0x00, 0x00, 0x0F, 0xFE, 0x00, 0x00, 0x00, 0x00, 0x00, 0xFF, 0xD0, 0x00, 0x00, 0x00,
    0x00, 0x1F, 0xFC, 0x00, 0x00, 0x00, 0x00, 0x02, 0xFF, 0xC0, 0x00, 0x00, 0x00, 0x00, 0x2F, 0xFC,
    0x00, 0x00, 0x00, 0x00, 0x02, 0xAA, 0x40, 0x07, 0xFF, 0x40, 0x00, 0x7F, 0xF0, 0x2F, 0xFC, 0x00,
    0x02, 0xFF, 0xC0, 0xFF, 0xF0, 0x00, 0x0F, 0xFE, 0x03, 0xFF, 0x80, 0x00, 0x3F, 0xF8, 0x0F, 0xFD,
    0x00, 0x01, 0xFF, 0xD0, 0x7F, 0xF0, 0x00, 0x0B, 0xFF, 0x02, 0xFF, 0xC0, 0x00, 0x3F, 0xFC, 0x0F,
    0xFE, 0x00, 0x00, 0xFF, 0xE0, 0x3F, 0xF8, 0x00, 0x03, 0xFF, 0x40, 0xFF, 0xD0, 0x00, 0x1F, 0xFC,
    0x07, 0xFF, 0x40, 0x00, 0xBF, 0xF0, 0x1F, 0xFF, 0x00, 0x03, 0xFF, 0xC0, 0x3F, 0xFE, 0x00, 0x6F,
    0xFE, 0x00, 0xFF, 0xFF, 0xFF, 0xFF, 0xF4, 0x01, 0xFF, 0xFF, 0xFF, 0xFF, 0xC0, 0x02, 0xFF, 0xFF,
    0xFF, 0xFF, 0x00, 0x01, 0xFF, 0xFF, 0xFF, 0xFC, 0x00, 0x00, 0x15, 0x40, 0xFF, 0xE0, 0x00, 0x00,
    0x00, 0x07, 0xFF, 0x40, 0x00, 0x00, 0x00, 0x1F, 0xFC, 0x00, 0x00, 0x00, 0x00, 0xBF, 0xF0, 0x00,
    0x00, 0x00, 0x03, 0xFF, 0x80, 0x00, 0x00, 0x00, 0x0F, 0xFE, 0x00, 0x00, 0x00, 0x00, 0x7F, 0xF4,
    0x00, 0x00, 0x00, 0x02, 0xFF, 0xC0, 0x00, 0x00, 0x00, 0x0B, 0xFF, 0x00, 0x00, 0x00, 0x00, 0x3F,
    0xF8, 0x00, 0x00, 0x00, 0x07, 0xFF, 0x00, 0x03, 0xFF, 0x80, 0x01, 0xFF, 0xC0, 0x00, 0xBF, 0xF0,
    0x00, 0x3F, 0xF4, 0x00, 0x2F, 0xFC, 0x00, 0x0F, 0xFE, 0x00, 0x07, 0xFF, 0x40, 0x03, 0xFF, 0xC0,
    0x00, 0xFF, 0xD0, 0x00, 0xBF, 0xF0, 0x00, 0x3F, 0xF8, 0x00, 0x1F, 0xFD, 0x00, 0x0B, 0xFF, 0x00,
    0x03, 0xFF, 0x40, 0x02, 0xFF, 0xC0, 0x00, 0xFF, 0xE0, 0x00, 0x7F, 0xF0, 0x00, 0x2F, 0xFC, 0x00,
    0x0F, 0xFD, 0x00, 0x0B, 0xFF, 0x00, 0x03, 0xFF, 0x80, 0x01, 0xFF, 0xC0, 0x00, 0xFF, 0xF0, 0x00,
    0x3F, 0xF4, 0x00, 0x2F, 0xFC, 0x00, 0x0F, 0xFE, 0x00, 0x07, 0xFF, 0x40, 0x03, 0xFF, 0xC0, 0x00,
    0xFF, 0xD0, 0x00, 0xBF, 0xF0, 0x00, 0x3F, 0xF8, 0x00, 0x1F, 0xFC, 0x00, 0x0F, 0xFF, 0x00, 0x03,
    0xFF, 0x40, 0x02, 0xFF, 0xC0, 0x00, 0xFF, 0xE0, 0x00, 0x7F, 0xF0, 0x00, 0x3F, 0xF8, 0x00, 0x0F,
    0xFD, 0x00, 0x0B, 0xFF, 0x00, 0x03, 0xFF, 0x80, 0x01, 0xFF, 0xC0, 0x00, 0xFF, 0xF0, 0x00, 0x3F,
    0xF4, 0x00, 0x2F, 0xFC, 0x00, 0x0F, 0xFE, 0x00, 0x07, 0xFF, 0x00, 0x03, 0xFF, 0xC0, 0x00, 0xFF,
    0xD0, 0x00, 0xBF, 0xF0, 0x00, 0x3F, 0xF8, 0x00, 0x1F, 0xFC, 0x00, 0x0F, 0xFE, 0x00, 0x03, 0xFF,
    0x40, 0x02, 0xFF, 0xC0, 0x00, 0xFF, 0xD0, 0x00, 0x7F, 0xF0, 0x00, 0x3F, 0xF8, 0x00, 0x1F, 0xFD,
    0x00, 0x0B, 0xFF, 0x00, 0x03, 0xFF, 0x80, 0x01, 0xFF, 0xC0, 0x00, 0xFF, 0xF0, 0x00, 0x3F, 0xF4,
    0x00, 0x2F, 0xFC, 0x00, 0x0F, 0xFE, 0x55, 0x5B, 0xFF, 0x55, 0x57, 0xFF, 0x80, 0x01, 0xFF, 0xFF,
    0xFF, 0xFF, 0xFF, 0xFF, 0xFF, 0xF4, 0x00, 0x2F, 0xFF, 0xFF, 0xFF, 0xFF, 0xFF, 0xFF, 0xFF, 0x00,
    0x02, 0xFF, 0xFF, 0xFF, 0xFF, 0xFF, 0xFF, 0xFF, 0xF0, 0x00, 0x3F, 0xFF, 0xFF, 0xFF, 0xFF, 0xFF,
    0xFF, 0xFF, 0x00, 0x00, 0x00, 0x0B, 0xFF, 0x00, 0x03, 0xFF, 0x40, 0x03, 0xFF, 0xC0, 0x03, 0xFF,
    0xC0, 0x01, 0xFF, 0xC0, 0x00, 0xFF, 0xE0, 0x00, 0xFF, 0xE0, 0x00, 0xBF, 0xF0, 0x00, 0x3F, 0xF4,
    0x00, 0x3F, 0xF4, 0x00, 0x3F, 0xFC, 0x00, 0x1F, 0xFC, 0x00, 0x1F, 0xFC, 0x00, 0x0F, 0xFE, 0x00,
    0x0B, 0xFF, 0x00, 0x0B, 0xFF, 0x00, 0x03, 0xFF, 0x40, 0x03, 0xFF, 0xC0, 0x03, 0xFF, 0xC0, 0x01,
    0xFF, 0xC0, 0x00, 0xFF, 0xE0, 0x00, 0xFF, 0xE0, 0x00, 0xBF, 0xF0, 0x00, 0x3F, 0xF4, 0x00, 0x7F,
    0xF4, 0x00, 0x3F, 0xFC, 0x00, 0x1F, 0xFC, 0x00, 0x1F, 0xFC, 0x00, 0x0F, 0xFE, 0x00, 0x0B, 0xFF,
    0x00, 0x0B, 0xFF, 0x00, 0x03, 0xFF, 0x40, 0x03, 0xFF, 0xC0, 0x03, 0xFF, 0x80, 0x01, 0xFF, 0xC0,
    0x00, 0xFF, 0xE0, 0x00, 0xFF, 0xE0, 0x00, 0xBF, 0xF0, 0x00, 0x3F, 0xF4, 0x00, 0x7F, 0xF4, 0x00,
    0x3F, 0xF8, 0x00, 0x1F, 0xFC, 0x00, 0x2F, 0xFC, 0x00, 0x0F, 0xFE, 0x00, 0x0B, 0xFF, 0x00, 0x0B,
    0xFF, 0x00, 0x07, 0xFF, 0x40, 0x03, 0xFF, 0xC0, 0x03, 0xFF, 0x80, 0x01, 0xFF, 0xC0, 0x00, 0xFF,
    0xE0, 0x00, 0xFF, 0xD0, 0x00, 0xBF, 0xF0, 0x00, 0x7F, 0xF4, 0x00, 0x7F, 0xF4, 0x00, 0x3F, 0xF8,
    0x00, 0x1F, 0xFC, 0x00, 0x2F, 0xFC, 0x00, 0x0F, 0xFD, 0x00, 0x0B, 0xFF, 0x00, 0x0F, 0xFF, 0x00,
    0x07, 0xFF, 0x40, 0x03, 0xFF, 0x80, 0x03, 0xFF, 0x80, 0x02, 0xFF, 0xC0, 0x00, 0xFF, 0xE0, 0x00,
    0xFF, 0xE5, 0x55, 0xFF, 0xF5, 0x55, 0xBF, 0xF9, 0x50, 0x7F, 0xFF, 0xFF, 0xFF, 0xFF, 0xFF, 0xFF,
    0xFF, 0xF8, 0x2F, 0xFF, 0xFF, 0xFF, 0xFF, 0xFF, 0xFF, 0xFF, 0xFE, 0x0F, 0xFF, 0xFF, 0xFF, 0xFF,
    0xFF, 0xFF, 0xFF, 0xFF, 0x43, 0xFF, 0xFF, 0xFF, 0xFF, 0xFF, 0xFF, 0xFF, 0xFF, 0xC0, 0x00, 0x00,
    0x00, 0x00, 0x00, 0x00, 0x00, 0xFF, 0xF0, 0x00, 0x00, 0x00, 0x00, 0x00, 0x00, 0x00, 0x3F, 0xF8,
    0x00, 0x00, 0x00, 0x00, 0x00, 0x00, 0x00, 0x0F, 0xFD, 0x00, 0x00, 0x00, 0x00, 0x00, 0x00, 0x00,
    0x07, 0xFF, 0x00, 0x00, 0x00, 0x00, 0x00, 0x00, 0x00, 0x02, 0xFF, 0xC0, 0x00, 0x00, 0x00, 0x00,
    0x00, 0x00, 0x00, 0xAA, 0xA0, 0x00, 0x3F, 0xFF, 0xFF, 0xC0, 0x00, 0x07, 0xFF, 0xFF, 0xF8, 0x00,
    0x00, 0xBF, 0xFF, 0xFF, 0x80, 0x00, 0x0F, 0xFF, 0xFF, 0xF4, 0x00, 0x00, 0x55, 0x5F, 0xFF, 0x00,
    0x00, 0x00, 0x00, 0xFF, 0xF0, 0x00, 0x00, 0x00, 0x0F, 0xFE, 0x00, 0x00, 0x00, 0x00, 0xFF, 0xE0,
    0x00, 0x00, 0x00, 0x1F, 0xFD, 0x00, 0x00, 0x00, 0x02, 0xFF, 0xC0, 0x00, 0x00, 0x00, 0x3F, 0xFF,
    0xFE, 0x40, 0x00, 0x03, 0xFF, 0xFF, 0xFF, 0x80, 0x00, 0x3F, 0xFF, 0xFF, 0xFE, 0x00, 0x07, 0xFF,
    0xFF, 0xFF, 0xF8, 0x00, 0xBF, 0xF5, 0x6F, 0xFF, 0xC0, 0x0F, 0xFF, 0x00, 0x3F, 0xFD, 0x00, 0xFF,
    0xE0, 0x01, 0xFF, 0xE0, 0x1F, 0xFD, 0x00, 0x0F, 0xFE, 0x01, 0xFF, 0xC0, 0x01, 0xFF, 0xE0, 0x2F,
    0xFC, 0x00, 0x2F, 0xFD, 0x03, 0xFF, 0xC0, 0x03, 0xFF, 0xC0, 0x3F, 0xF8, 0x00, 0xBF, 0xF8, 0x07,
    0xFF, 0x95, 0xBF, 0xFF, 0x00, 0x7F, 0xFF, 0xFF, 0xFF, 0xD0, 0x0B, 0xFF, 0xFF, 0xFF, 0xF4, 0x00,
    0xFF, 0xFF, 0xFF, 0xFD, 0x00, 0x0F, 0xFF, 0xFF, 0xE8, 0x00, 0x00, 0x00, 0x0B, 0xFF, 0x00, 0x00,
    0x00, 0x01, 0xFF, 0xD0, 0x00, 0xFF, 0xF0, 0x00, 0x00, 0x00, 0x2F, 0xFC, 0x00, 0x0F, 0xFE, 0x00,
    0x00, 0x00, 0x03, 0xFF, 0xC0, 0x00, 0xFF, 0xD0, 0x00, 0x00, 0x00, 0x3F, 0xF8, 0x00, 0x1F, 0xFC,
    0x00, 0x00, 0x00, 0x07, 0xFF, 0x40, 0x02, 0xFF, 0xC0, 0x00, 0x00, 0x00, 0xBF, 0xF0, 0x00, 0x3F,
    0xFC, 0x00, 0x00, 0x00, 0x0B, 0xFF, 0x00, 0x03, 0xFF, 0x80, 0x00, 0x00, 0x00, 0xFF, 0xF0, 0x00,
    0x7F, 0xF4, 0x00, 0x00, 0x00, 0x0F, 0xFE, 0x00, 0x07, 0xFF, 0x00, 0x00, 0x00, 0x01, 0xFF, 0xD0,
    0x00, 0xBF, 0xFF, 0xF9, 0x00, 0x00, 0x2F, 0xFC, 0x00, 0x0F, 0xFF, 0xFF, 0xFD, 0x00, 0x03, 0xFF,
    0xC0, 0x00, 0xFF, 0xFF, 0xFF, 0xF8, 0x00, 0x3F, 0xFC, 0x00, 0x1F, 0xFF, 0xFF, 0xFF, 0xD0, 0x03,
    0xFF, 0x80, 0x02, 0xFF, 0xD5, 0xBF, 0xFF, 0x00, 0x7F, 0xF4, 0x00, 0x2F, 0xFC, 0x01, 0xFF, 0xF0,
    0x0B, 0xFF, 0x00, 0x03, 0xFF, 0x80, 0x0B, 0xFF, 0x40, 0xFF, 0xF0, 0x00, 0x3F, 0xF4, 0x00, 0x7F,
    0xF4, 0x0F, 0xFE, 0x00, 0x07, 0xFF, 0x40, 0x07, 0xFF, 0x40, 0xFF, 0xE0, 0x00, 0xBF, 0xF0, 0x00,
    0xBF, 0xF0, 0x1F, 0xFD, 0x00, 0x0F, 0xFF, 0x00, 0x0F, 0xFF, 0x02, 0xFF, 0xC0, 0x00, 0xFF, 0xE0,
    0x03, 0xFF, 0xD0, 0x3F, 0xFC, 0x00, 0x0F, 0xFE, 0x56, 0xFF, 0xFC, 0x03, 0xFF, 0x80, 0x01, 0xFF,
    0xFF, 0xFF, 0xFF, 0x40, 0x7F, 0xF4, 0x00, 0x2F, 0xFF, 0xFF, 0xFF, 0xD0, 0x0B, 0xFF, 0x00, 0x03,
    0xFF, 0xFF, 0xFF, 0xE0, 0x00, 0xBF, 0xF0, 0x00, 0x3F, 0xFF, 0xFF, 0x90, 0x00, 0x0F, 0xFF, 0x00,
    0x00, 0x00, 0x0B, 0xFF, 0x00, 0x00, 0x00, 0x00, 0xFF, 0xF0, 0x00, 0x00, 0x00, 0x0F, 0xFE, 0x00,
    0x00, 0x00, 0x00, 0xFF, 0xD0, 0x00, 0x00, 0x00, 0x1F, 0xFC, 0x00, 0x00, 0x00, 0x02, 0xFF, 0xC0,
    0x00, 0x00, 0x00, 0x3F, 0xFC, 0x00, 0x00, 0x00, 0x03, 0xFF, 0x80, 0x00, 0x00, 0x00, 0x7F, 0xF4,
    0x00, 0x00, 0x00, 0x07, 0xFF, 0x00, 0x00, 0x00, 0x00, 0xBF, 0xFF, 0xF9, 0x00, 0x00, 0x0F, 0xFF,
    0xFF, 0xFE, 0x00, 0x00, 0xFF, 0xFF, 0xFF, 0xFC, 0x00, 0x1F, 0xFF, 0xFF, 0xFF, 0xE0, 0x02, 0xFF,
    0xD5, 0xBF, 0xFF, 0x00, 0x2F, 0xFC, 0x00, 0xFF, 0xF4, 0x03, 0xFF, 0x80, 0x07, 0xFF, 0x80, 0x3F,
    0xF4, 0x00, 0x3F, 0xF8, 0x07, 0xFF, 0x40, 0x03, 0xFF, 0x80, 0xBF, 0xF0, 0x00, 0x7F, 0xF4, 0x0F,
    0xFF, 0x00, 0x0F, 0xFF, 0x00, 0xFF, 0xE0, 0x02, 0xFF, 0xE0, 0x0F, 0xFE, 0x56, 0xFF, 0xFC, 0x01,
    0xFF, 0xFF, 0xFF, 0xFF, 0x80, 0x2F, 0xFF, 0xFF, 0xFF, 0xE0, 0x03, 0xFF, 0xFF, 0xFF, 0xF4, 0x00,
    0x3F, 0xFF, 0xFF, 0xA0, 0x00, 0x00, 0x00, 0x01, 0xBF, 0xFE, 0x00, 0x00, 0x01, 0xFF, 0xFF, 0xFF,
    0x80, 0x00, 0x07, 0xFF, 0xFF, 0xFF, 0xC0, 0x00, 0x0F, 0xFF, 0xFF, 0xFF, 0xC0, 0x00, 0x2F, 0x95,
    0x6F, 0xFF, 0x80, 0x00, 0x50, 0x00, 0x0F, 0xFF, 0x00, 0x00, 0x00, 0x00, 0x1F, 0xFE, 0x00, 0x00,
    0x00, 0x00, 0x3F, 0xFC, 0x00, 0x00, 0x00, 0x00, 0xBF, 0xF0, 0x00, 0x00, 0x00, 0x02, 0xFF, 0xC0,
    0x00, 0x00, 0x00, 0x0B, 0xFF, 0x00, 0x01, 0xFF, 0xFF, 0xFF, 0xFC, 0x00, 0x0B, 0xFF, 0xFF, 0xFF,
    0xF0, 0x00, 0x3F, 0xFF, 0xFF, 0xFF, 0xC0, 0x00, 0xFF, 0xFF, 0xFF, 0xFE, 0x00, 0x01, 0x55, 0x55,
    0xBF, 0xF4, 0x00, 0x00, 0x00, 0x02, 0xFF, 0xC0, 0x00, 0x00, 0x00, 0x0F, 0xFF, 0x00, 0x00, 0x00,
    0x00, 0xBF, 0xF4, 0x00, 0x00, 0x00, 0x03, 0xFF, 0xC0, 0x00, 0x00, 0x00, 0x3F, 0xFE, 0x00, 0x80,
    0x00, 0x07, 0xFF, 0xF0, 0x03, 0xF9, 0x56, 0xFF, 0xFF, 0x00, 0x0F, 0xFF, 0xFF, 0xFF, 0xF4, 0x00,
    0x3F, 0xFF, 0xFF, 0xFF, 0x40, 0x00, 0xFF, 0xFF, 0xFF, 0xE0, 0x00, 0x00, 0x6B, 0xFF, 0xE4, 0x00,
    0x00, 0x00, 0x00, 0x0B, 0xFF, 0x00, 0x00, 0x06, 0xFF, 0xE4, 0x00, 0x00, 0x03, 0xFF, 0xC0, 0x00,
    0x2F, 0xFF, 0xFF, 0xD0, 0x00, 0x00, 0xFF, 0xE0, 0x00, 0x3F, 0xFF, 0xFF, 0xFD, 0x00, 0x00, 0x3F,
    0xF4, 0x00, 0x3F, 0xFF, 0xFF, 0xFF, 0xC0, 0x00, 0x1F, 0xFC, 0x00, 0x3F, 0xFF, 0x96, 0xFF, 0xFC,
    0x00, 0x0B, 0xFF, 0x00, 0x2F, 0xFE, 0x00, 0x0F, 0xFF, 0x40, 0x03, 0xFF, 0xC0, 0x1F, 0xFF, 0x00,
    0x01, 0xFF, 0xE0, 0x00, 0xFF, 0xE0, 0x0F, 0xFF, 0x00, 0x00, 0x3F, 0xFC, 0x00, 0x7F, 0xF4, 0x07,
    0xFF, 0x80, 0x00, 0x0B, 0xFF, 0x00, 0x1F, 0xFC, 0x02, 0xFF, 0xC0, 0x00, 0x02, 0xFF, 0xC0, 0x0B,
    0xFF, 0x55, 0xFF, 0xF0, 0x00, 0x00, 0xBF, 0xF0, 0x03, 0xFF, 0xFF, 0xFF, 0xF4, 0x00, 0x00, 0x2F,
    0xFC, 0x00, 0xFF, 0xFF, 0xFF, 0xFD, 0x00, 0x00, 0x0B, 0xFF, 0x00, 0x7F, 0xFF, 0xFF, 0xFF, 0x00,
    0x00, 0x03, 0xFF, 0xC0, 0x2F, 0xFF, 0xFF, 0xFF, 0xC0, 0x00, 0x00, 0xFF, 0xE0, 0x0B, 0xFF, 0x00,
    0xFF, 0xF0, 0x00, 0x00, 0x3F, 0xF8, 0x03, 0xFF, 0x80, 0x3F, 0xFC, 0x00, 0x00, 0x2F, 0xFD, 0x00,
    0xFF, 0xD0, 0x0F, 0xFF, 0x00, 0x00, 0x0F, 0xFF, 0x00, 0x7F, 0xF0, 0x03, 0xFF, 0xC0, 0x00, 0x07,
    0xFF, 0x80, 0x2F, 0xFC, 0x00, 0xBF, 0xF0, 0x00, 0x03, 0xFF, 0xC0, 0x0F, 0xFF, 0x00, 0x1F, 0xFD,
    0x00, 0x02, 0xFF, 0xE0, 0x03, 0xFF, 0x80, 0x03, 0xFF, 0xC0, 0x02, 0xFF, 0xF0, 0x00, 0xFF, 0xD0,
    0x00, 0xBF, 0xFE, 0x5B, 0xFF, 0xF4, 0x00, 0x7F, 0xF0, 0x00, 0x0F, 0xFF, 0xFF, 0xFF, 0xF8, 0x00,
    0x2F, 0xFC, 0x00, 0x00, 0xFF, 0xFF, 0xFF, 0xF4, 0x00, 0x0F, 0xFF, 0x00, 0x00, 0x0B, 0xFF, 0xFF,
    0xF0, 0x00, 0x03, 0xFF, 0x80, 0x00, 0x00, 0x2F, 0xFF, 0x80, 0x00, 0x00, 0x00, 0x00, 0x00, 0x6F,
    0xFF, 0xFF, 0xE0, 0x00, 0x00, 0xBF, 0xFF, 0xFF, 0xFD, 0x00, 0x00, 0x3F, 0xFF, 0xFF, 0xFF, 0xD0,
    0x00, 0x0F, 0xFF, 0xFF, 0xFF, 0xFC, 0x00, 0x01, 0xFF, 0xFD, 0x57, 0xFF, 0xC0, 0x00, 0x3F, 0xFD,
    0x00, 0x3F, 0xF8, 0x00, 0x03, 0xFF, 0x80, 0x07, 0xFF, 0x40, 0x00, 0x7F, 0xF4, 0x00, 0x7F, 0xF0,
    0x00, 0x0B, 0xFF, 0x00, 0x0B, 0xFF, 0x00, 0x00, 0xBF, 0xF0, 0x00, 0xFF, 0xF0, 0x00, 0x0B, 0xFF,
    0x40, 0x0F, 0xFE, 0x00, 0x00, 0x7F, 0xFC, 0x01, 0xFF, 0xD0, 0x00, 0x03, 0xFF, 0xF9, 0x6F, 0xFC,
    0x00, 0x00, 0x1F, 0xFF, 0xFF, 0xFF, 0xC0, 0x00, 0x00, 0x7F, 0xFF, 0xFF, 0xF8, 0x00, 0x00, 0x03,
    0xFF, 0xFF, 0xFF, 0x80, 0x00, 0x00, 0xBF, 0xFF, 0xFF, 0xF4, 0x00, 0x00, 0x1F, 0xFF, 0x0B, 0xFF,
    0x00, 0x00, 0x03, 0xFF, 0xC0, 0xFF, 0xF0, 0x00, 0x00, 0xFF, 0xF4, 0x0F, 0xFE, 0x00, 0x00, 0x2F,
    0xFE, 0x00, 0xFF, 0xD0, 0x00, 0x0B, 0xFF, 0xC0, 0x1F, 0xFC, 0x00, 0x01, 0xFF, 0xF4, 0x02, 0xFF,
    0xC0, 0x00, 0x3F, 0xFE, 0x00, 0x3F, 0xFC, 0x00, 0x0F, 0xFF, 0xC0, 0x03, 0xFF, 0x80, 0x02, 0xFF,
    0xF0, 0x00, 0x7F, 0xF4, 0x00, 0x7F, 0xFD, 0x00, 0x07, 0xFF, 0x00, 0x00, 0x00, 0x02, 0xFF, 0x40,
    0xFF, 0x00, 0x0B, 0xFF, 0xFC, 0xBF, 0xC0, 0x0F, 0xFF, 0xFF, 0xBF, 0xF0, 0x0B, 0xFF, 0xFF, 0xFF,
    0xF8, 0x07, 0xFF, 0xE5, 0xFF, 0xFD, 0x03, 0xFF, 0xD0, 0x1F, 0xFF, 0x01, 0xFF, 0xE0, 0x03, 0xFF,
    0xC0, 0xFF, 0xF0, 0x00, 0xFF, 0xE0, 0x3F, 0xF8, 0x00, 0x3F, 0xF8, 0x1F, 0xFD, 0x00, 0x0F, 0xFD,
    0x0B, 0xFF, 0x00, 0x03, 0xFF, 0x02, 0xFF, 0xC0, 0x00, 0xFF, 0xC0, 0xFF, 0xF0, 0x00, 0x7F, 0xE0,
    0x3F, 0xFC, 0x00, 0x3F, 0xF8, 0x0F, 0xFF, 0x00, 0x1F, 0xFD, 0x02, 0xFF, 0xD0, 0x1F, 0xFF, 0x00,
    0xBF, 0xFE, 0x6F, 0xFF, 0xC0, 0x0F, 0xFF, 0xFF, 0xFF, 0xE0, 0x02, 0xFF, 0xFF, 0xEF, 0xF4, 0x00,
    0x3F, 0xFF, 0xD3, 0xFD, 0x00, 0x01, 0xFF, 0x80, 0xFF, 0x00, 0x00, 0x00, 0x00, 0x00, 0x00, 0x05,
    0x00, 0x00, 0x00, 0x16, 0xFF, 0xC0, 0x00, 0x00, 0xBF, 0xFF, 0xF0, 0x00, 0x02, 0xFF, 0xFF, 0xFD,
    0x00, 0x03, 0xFF, 0xFF, 0xFF, 0x40, 0x07, 0xFF, 0xFF, 0xFA, 0x40, 0x03, 0xFF, 0xF9, 0x00, 0x00,
    0x03, 0xFF, 0xE0, 0x00, 0x00, 0x01, 0xFF, 0xE0, 0x00, 0x00, 0x00, 0xFF, 0xF0, 0x00, 0x00, 0x00,
    0x7F, 0xF0, 0x7F, 0xE0, 0x00, 0x2F, 0xFC, 0xFF, 0xFF, 0x00, 0x0F, 0xFE, 0xFF, 0xFF, 0xF0, 0x07,
    0xFF, 0xFF, 0xFF, 0xFC, 0x02, 0xFF, 0xFE, 0x6F, 0xFF, 0x80, 0xFF, 0xFD, 0x01, 0xFF, 0xF0, 0x3F,
    0xFE, 0x00, 0x3F, 0xFC, 0x0F, 0xFF, 0x00, 0x0B, 0xFF, 0x07, 0xFF, 0xC0, 0x02, 0xFF, 0xC1, 0xFF,
    0xE0, 0x00, 0xFF, 0xE0, 0x7F, 0xF4, 0x00, 0x3F, 0xF8, 0x1F, 0xFD, 0x00, 0x0F, 0xFD, 0x07, 0xFF,
    0x40, 0x0B, 0xFF, 0x00, 0xFF, 0xD0, 0x03, 0xFF, 0x80, 0x3F, 0xFC, 0x02, 0xFF, 0xC0, 0x0B, 0xFF,
    0xD7, 0xFF, 0xE0, 0x00, 0xFF, 0xFF, 0xFF, 0xF0, 0x00, 0x1F, 0xFF, 0xFF, 0xF0, 0x00, 0x01, 0xFF,
    0xFF, 0xE0, 0x00, 0x00, 0x0B, 0xFF, 0x80, 0x00, 0x00, 0x00, 0x01, 0xBF, 0xF9, 0x00, 0x00, 0x1F,
    0xFF, 0xFF, 0x80, 0x00, 0xBF, 0xFF, 0xFF, 0xF0, 0x02, 0xFF, 0xFF, 0xFF, 0xF4, 0x07, 0xFF, 0xE5,
    0xBF, 0xF8, 0x0F, 0xFF, 0x40, 0x2F, 0xFC, 0x1F, 0xFD, 0x00, 0x3F, 0xF8, 0x3F, 0xFD, 0x55, 0xFF,
    0xF0, 0x3F, 0xFF, 0xFF, 0xFF, 0xE0, 0x7F, 0xFF, 0xFF, 0xFE, 0x40, 0xBF, 0xFF, 0xFF, 0xFD, 0x00,
    0xBF, 0xFF, 0xFF, 0xFF, 0x80, 0xFF, 0xE0, 0x07, 0xFF, 0xC0, 0xFF, 0xE0, 0x00, 0xFF, 0xE0, 0xBF,
    0xF0, 0x00, 0xFF, 0xE0, 0x7F, 0xF4, 0x01, 0xFF, 0xD0, 0x3F, 0xFE, 0x5B, 0xFF, 0xC0, 0x2F, 0xFF,
    0xFF, 0xFF, 0xC0, 0x0F, 0xFF, 0xFF, 0xFF, 0x00, 0x02, 0xFF, 0xFF, 0xF8, 0x00, 0x00, 0x2F, 0xFF,
    0x80, 0x00, 0x00, 0x06, 0xFF, 0xE4, 0x00, 0x02, 0xFF, 0xFF, 0xFD, 0x00, 0x0F, 0xFF, 0xFF, 0xFC,
    0x00, 0x2F, 0xFF, 0xFF, 0xF8, 0x00, 0x3F, 0x96, 0xFF, 0xF0, 0x00, 0x40, 0x03, 0xFF, 0xC0, 0x00,
    0x00, 0x0F, 0xFF, 0x00, 0x00, 0x00, 0xBF, 0xF4, 0x00, 0x00, 0x7F, 0xFF, 0xC0, 0x00, 0x6F, 0xFF,
    0xFC, 0x00, 0x0F, 0xFF, 0xFF, 0x80, 0x01, 0xFF, 0xFF, 0xE0, 0x00, 0x0F, 0xFF, 0xE4, 0x00, 0x00,
    0x7F, 0xF8, 0x00, 0x00, 0x02, 0xFF, 0xC0, 0x00, 0x00, 0x0F, 0xFF, 0x00, 0x02, 0x40, 0x2F, 0xFF,
    0x56, 0xFD, 0x00, 0x7F, 0xFF, 0xFF, 0xF4, 0x00, 0xFF, 0xFF, 0xFF, 0xD0, 0x00, 0xBF, 0xFF, 0xFF,
    0x00, 0x00, 0x6F, 0xFE, 0x40, 0x00, 0x00, 0x00, 0x55, 0x00, 0x00, 0x00, 0x7F, 0xFF, 0xF8, 0x00,
    0x00, 0x7F, 0xFF, 0xFF, 0x40, 0x00, 0x3F, 0xFF, 0xFF, 0xD0, 0x00, 0x2F, 0xFF, 0xFF, 0xF0, 0x00,
    0x19, 0x01, 0xFF, 0xF8, 0x00, 0x00, 0x00, 0x3F, 0xFC, 0x00, 0x00, 0x00, 0x1F, 0xFD, 0x00, 0x00,
    0x00, 0x0F, 0xFE, 0x00, 0x00, 0x00, 0x0B, 0xFE, 0x00, 0x0B, 0xFD, 0x0B, 0xFF, 0x00, 0xBF, 0xFF,
    0xCB, 0xFF, 0x02, 0xFF, 0xFF, 0xEB, 0xFF, 0x0B, 0xFF, 0xFF, 0xFF, 0xFF, 0x0F, 0xFF, 0xD6, 0xFF,
    0xFF, 0x2F, 0xFE, 0x00, 0x3F, 0xFE, 0x3F, 0xFC, 0x00, 0x2F, 0xFE, 0x7F, 0xF8, 0x00, 0x1F, 0xFD,
    0xBF, 0xF0, 0x00, 0x2F, 0xFD, 0xBF, 0xF0, 0x00, 0x2F, 0xFC, 0xBF, 0xF0, 0x00, 0x3F, 0xFC, 0xFF,
    0xF0, 0x00, 0x7F, 0xF4, 0xBF, 0xF0, 0x00, 0xBF, 0xF0, 0xBF, 0xF0, 0x01, 0xFF, 0xE0, 0x7F, 0xF4,
    0x03, 0xFF, 0xC0, 0x3F, 0xFE, 0x6F, 0xFF, 0x80, 0x2F, 0xFF, 0xFF, 0xFF, 0x00, 0x0F, 0xFF, 0xFF,
    0xFC, 0x00, 0x03, 0xFF, 0xFF, 0xE0, 0x00, 0x00, 0x6F, 0xFD, 0x00, 0x00, 0x00, 0x01, 0xBF, 0xF8,
    0x00, 0x00, 0x3F, 0xFF, 0xFD, 0x00, 0x07, 0xFF, 0xFF, 0xFD, 0x00, 0x7F, 0xFF, 0xFF, 0xFC, 0x03,
    0xFF, 0xE5, 0xFF, 0xF0, 0x3F, 0xFD, 0x00, 0xFF, 0xC1, 0xFF, 0xE0, 0x07, 0xFF, 0x0F, 0xFF, 0x00,
    0x3F, 0xFC, 0x3F, 0xF8, 0x0B, 0xFF, 0xE1, 0xFF, 0xFF, 0xFF, 0xFF, 0x0B, 0xFF, 0xFF, 0xFF, 0xF4,
    0x2F, 0xFF, 0xFF, 0xFF, 0x00, 0xFF, 0xFF, 0xFF, 0x80, 0x03, 0xFF, 0xD5, 0x00, 0x00, 0x0B, 0xFF,
    0x00, 0x00, 0x00, 0x1F, 0xFE, 0x00, 0x01, 0x00, 0x3F, 0xFF, 0x56, 0xFD, 0x00, 0xBF, 0xFF, 0xFF,
    0xF4, 0x00, 0xFF, 0xFF, 0xFF, 0xD0, 0x00, 0xFF, 0xFF, 0xFE, 0x00, 0x00, 0x6F, 0xFE, 0x40, 0x00,
    0x00, 0xFF, 0xE0, 0x00, 0x0B, 0xFE, 0x00, 0x02, 0xFF, 0xD0, 0x0F, 0xFF, 0xD0, 0x00, 0xFF, 0xD0,
    0x02, 0xFF, 0xFC, 0x00, 0xFF, 0xFF, 0x40, 0x0F, 0xFC, 0x00, 0xFF, 0xFF, 0x80, 0x0F, 0xFF, 0xFC,
    0x01, 0xFF, 0xC0, 0x3F, 0xFF, 0xF4, 0x00, 0x57, 0xFF, 0xD0, 0x2F, 0xFC, 0x0B, 0xFF, 0xE5, 0x00,
    0x00, 0x0F, 0xFE, 0x02, 0xFF, 0x80, 0xFF, 0xF0, 0x00, 0x00, 0x00, 0xFF, 0xE0, 0x3F, 0xF4, 0x2F,
    0xFC, 0x00, 0x00, 0x00, 0x0B, 0xFF, 0x03, 0xFF, 0x03, 0xFF, 0x80, 0x00, 0x00, 0x00, 0xBF, 0xFF,
    0xFF, 0xFF, 0xFF, 0xF0, 0x00, 0x00, 0x00, 0x0B, 0xFF, 0xFF, 0xFF, 0xFF, 0xFF, 0x00, 0x00, 0x00,
    0x00, 0xFF, 0xFF, 0xFF, 0xFF, 0xFF, 0xE0, 0x00, 0x00, 0x00, 0x0F, 0xFF, 0xFF, 0xFF, 0xFF, 0xFD,
    0x00, 0x00, 0x00, 0x01, 0xFF, 0xD6, 0xFF, 0xD5, 0xFF, 0xD0, 0x00, 0x00, 0x00, 0x2F, 0xFC, 0x1F,
    0xFC, 0x0F, 0xFD, 0x00, 0x00, 0x00, 0x07, 0xFF, 0x42, 0xFF, 0x80, 0xFF, 0xE0, 0x00, 0x00, 0x00,
    0xFF, 0xF0, 0x3F, 0xF4, 0x0F, 0xFF, 0x00, 0x00, 0x05, 0xBF, 0xFD, 0x03, 0xFF, 0x40, 0xBF, 0xFD,
    0x50, 0x02, 0xFF, 0xFF, 0x80, 0x3F, 0xF0, 0x03, 0xFF, 0xFF, 0x00, 0x3F, 0xFF, 0xE0, 0x07, 0xFF,
    0x00, 0x2F, 0xFF, 0xF0, 0x03, 0xFF, 0xF4, 0x00, 0xBF, 0xE0, 0x00, 0xBF, 0xFF, 0x00, 0xBF, 0xE4,
    0x00, 0x0F, 0xFD, 0x00, 0x01, 0xBF, 0xF0, 0x00, 0x00, 0x1B, 0xFF, 0xE0, 0x00, 0x3F, 0xFF, 0xFF,
    0xE0, 0x03, 0xFF, 0xFF, 0xFF, 0x80, 0x1F, 0xFF, 0xFF, 0xFD, 0x00, 0xF9, 0x57, 0xFF, 0xE0, 0x00,
    0x00, 0x0F, 0xFE, 0x00, 0x00, 0x00, 0xFF, 0xE0, 0x00, 0x00, 0x6F, 0xFC, 0x00, 0x3F, 0xFF, 0xFF,
    0x40, 0x03, 0xFF, 0xFF, 0x80, 0x00, 0x3F, 0xFF, 0xE0, 0x00, 0x07, 0xFF, 0xFF, 0xD0, 0x00, 0x15,
    0x6F, 0xFF, 0x00, 0x00, 0x00, 0x7F, 0xF4, 0x00, 0x00, 0x03, 0xFF, 0x40, 0x00, 0x00, 0xBF, 0xF4,
    0x7E, 0x55, 0xBF, 0xFF, 0x07, 0xFF, 0xFF, 0xFF, 0xE0, 0x7F, 0xFF, 0xFF, 0xFC, 0x07, 0xFF, 0xFF,
    0xFE, 0x00, 0x1B, 0xFF, 0xF9, 0x00, 0x00, 0x01, 0xFF, 0xC0, 0x03, 0xFF, 0xC0, 0xBF, 0xF0, 0x00,
    0xFF, 0xE0, 0x3F, 0xF8, 0x00, 0x3F, 0xF4, 0x0F, 0xFD, 0x00, 0x1F, 0xFC, 0x07, 0xFF, 0x00, 0x0B,
    0xFF, 0x02, 0xFF, 0xC0, 0x03, 0xFF, 0x80, 0xBF, 0xF0, 0x00, 0xFF, 0xE0, 0x3F, 0xF8, 0x00, 0x3F,
    0xF4, 0x0F, 0xFD, 0x00, 0x1F, 0xFC, 0x07, 0xFF, 0x00, 0x0B, 0xFF, 0x02, 0xFF, 0xC0, 0x03, 0xFF,
    0x80, 0xFF, 0xF0, 0x00, 0xFF, 0xD0, 0x3F, 0xF8, 0x00, 0xBF, 0xF4, 0x0F, 0xFD, 0x00, 0x3F, 0xFC,
    0x03, 0xFF, 0x40, 0x2F, 0xFF, 0x00, 0xFF, 0xE0, 0x1F, 0xFF, 0x80, 0x3F, 0xFD, 0x6F, 0xFF, 0xD0,
    0x0F, 0xFF, 0xFF, 0xEF, 0xF0, 0x01, 0xFF, 0xFF, 0xD7, 0xFC, 0x00, 0x3F, 0xFF, 0xD2, 0xFF, 0x00,
    0x01, 0xFF, 0x80, 0xBF, 0x80, 0x00, 0x00, 0x06, 0xA4, 0x00, 0xAA, 0x00, 0x03, 0xFE, 0x00, 0x7F,
    0xC0, 0x00, 0xBF, 0x80, 0x3F, 0xE0, 0x00, 0x1F, 0xF4, 0x2F, 0xF0, 0x00, 0x03, 0xFF, 0xFF, 0xF8,
    0x00, 0x00, 0x7F, 0xFF, 0xF8, 0x00, 0x00, 0x02, 0xFF, 0xE0, 0x00, 0x00, 0x00, 0x00, 0x00, 0x00,
    0x00, 0x00, 0x00, 0x00, 0x00, 0x00, 0x7F, 0xF0, 0x00, 0xFF, 0xF0, 0x2F, 0xFC, 0x00, 0x3F, 0xF8,
    0x0F, 0xFE, 0x00, 0x0F, 0xFD, 0x03, 0xFF, 0x40, 0x07, 0xFF, 0x01, 0xFF, 0xC0, 0x02, 0xFF, 0xC0,
    0xBF, 0xF0, 0x00, 0xFF, 0xE0, 0x2F, 0xFC, 0x00, 0x3F, 0xF8, 0x0F, 0xFE, 0x00, 0x0F, 0xFD, 0x03,
    0xFF, 0x40, 0x07, 0xFF, 0x01, 0xFF, 0xC0, 0x02, 0xFF, 0xC0, 0xBF, 0xF0, 0x00, 0xFF, 0xE0, 0x3F,
    0xFC, 0x00, 0x3F, 0xF4, 0x0F, 0xFE, 0x00, 0x2F, 0xFD, 0x03, 0xFF, 0x40, 0x0F, 0xFF, 0x00, 0xFF,
    0xD0, 0x0B, 0xFF, 0xC0, 0x3F, 0xF8, 0x07, 0xFF, 0xE0, 0x0F, 0xFF, 0x5B, 0xFF, 0xF4, 0x03, 0xFF,
    0xFF, 0xFB, 0xFC, 0x00, 0x7F, 0xFF, 0xF5, 0xFF, 0x00, 0x0F, 0xFF, 0xF4, 0xBF, 0xC0, 0x00, 0x7F,
    0xE0, 0x2F, 0xE0, 0x00, 0x00, 0x7F, 0xF0, 0x00, 0xFF, 0xF4, 0x01, 0xFF, 0xC0, 0x0F, 0xFF, 0x80,
    0x0B, 0xFF, 0x00, 0xBF, 0xF8, 0x00, 0x3F, 0xF8, 0x07, 0xFF, 0xC0, 0x00, 0xFF, 0xD0, 0x3F, 0xFC,
    0x00, 0x07, 0xFF, 0x03, 0xFF, 0xD0, 0x00, 0x2F, 0xFC, 0x2F, 0xFD, 0x00, 0x00, 0xBF, 0xF2, 0xFF,
    0xE0, 0x00, 0x03, 0xFF, 0xFF, 0xFF, 0x00, 0x00, 0x0F, 0xFF, 0xFF, 0xF0, 0x00, 0x00, 0x7F, 0xFF,
    0xFF, 0x40, 0x00, 0x02, 0xFF, 0xFF, 0xFF, 0x00, 0x00, 0x0F, 0xFF, 0x7F, 0xFC, 0x00, 0x00, 0x3F,
    0xF8, 0x7F, 0xF8, 0x00, 0x00, 0xFF, 0xD0, 0xFF, 0xF0, 0x00, 0x07, 0xFF, 0x01, 0xFF, 0xD0, 0x00,
    0x2F, 0xFC, 0x03, 0xFF, 0xC0, 0x00, 0xFF, 0xE0, 0x0B, 0xFF, 0x40, 0x03, 0xFF, 0x40, 0x1F, 0xFF,
    0x00, 0x0F, 0xFD, 0x00, 0x3F, 0xFC, 0x00, 0x7F, 0xF0, 0x00, 0x7F, 0xF8, 0x00, 0x00, 0x00, 0xFF,
    0xFF, 0xFF, 0xFC, 0x00, 0x01, 0xFF, 0xFF, 0xFF, 0xFC, 0x00, 0x02, 0xFF, 0xFF, 0xFF, 0xFC, 0x00,
    0x03, 0xFF, 0xFF, 0xFF, 0xF8, 0x00, 0x03, 0xFF, 0x55, 0x7F, 0xF4, 0x00, 0x07, 0xFE, 0x00, 0x7F,
    0xF0, 0x00, 0x0F, 0xFD, 0x00, 0xBF, 0xF0, 0x00, 0x0F, 0xFC, 0x00, 0xBF, 0xF0, 0x00, 0x1F, 0xFC,
    0x00, 0xFF, 0xE0, 0x00, 0x2F, 0xF8, 0x00, 0xFF, 0xD0, 0x00, 0x3F, 0xF4, 0x01, 0xFF, 0xC0, 0x00,
    0x3F, 0xF0, 0x02, 0xFF, 0xC0, 0x00, 0x7F, 0xF0, 0x03, 0xFF, 0x80, 0x00, 0xBF, 0xE0, 0x03, 0xFF,
    0x80, 0x00, 0xFF, 0xD0, 0x03, 0xFF, 0x40, 0x01, 0xFF, 0xC0, 0x07, 0xFF, 0x00, 0x5B, 0xFF, 0x80,
    0x0B, 0xFF, 0x00, 0xFF, 0xFF, 0x00, 0x0F, 0xFE, 0x00, 0xFF, 0xFD, 0x00, 0x0F, 0xFE, 0x00, 0xFF,
    0xF8, 0x00, 0x0F, 0xFD, 0x00, 0xFF, 0x90, 0x00, 0x1F, 0xFC, 0x00, 0x00, 0x7F, 0xFF, 0x40, 0x00,
    0xBF, 0xFF, 0x40, 0x2F, 0xFF, 0xD0, 0x00, 0x3F, 0xFF, 0xC0, 0x0B, 0xFF, 0xF8, 0x00, 0x2F, 0xFF,
    0xF0, 0x03, 0xFF, 0xFE, 0x00, 0x0F, 0xFF, 0xFC, 0x00, 0xFF, 0xFF, 0x80, 0x0B, 0xFF, 0xFE, 0x00,
    0x7F, 0xFF, 0xE0, 0x03, 0xFF, 0xFF, 0x40, 0x2F, 0xFB, 0xFC, 0x02, 0xFF, 0xFF, 0xC0, 0x0B, 0xFE,
    0xFF, 0x00, 0xFF, 0x7F, 0xF0, 0x03, 0xFF, 0x7F, 0xC0, 0xBF, 0xDF, 0xF8, 0x00, 0xFF, 0xDF, 0xF0,
    0x3F, 0xD7, 0xFE, 0x00, 0x7F, 0xE3, 0xFC, 0x2F, 0xF2, 0xFF, 0x40, 0x2F, 0xF4, 0xFF, 0x0F, 0xF4,
    0xFF, 0xC0, 0x0F, 0xFC, 0x3F, 0xCB, 0xFC, 0x3F, 0xF0, 0x03, 0xFF, 0x0F, 0xF7, 0xFD, 0x1F, 0xF8,
    0x00, 0xFF, 0xC3, 0xFF, 0xFF, 0x0B, 0xFD, 0x00, 0x7F, 0xE0, 0xFF, 0xFF, 0x43, 0xFF, 0x40, 0x2F,
    0xF4, 0x3F, 0xFF, 0xC0, 0xFF, 0xC0, 0x0F, 0xFC, 0x0F, 0xFF, 0xD0, 0x3F, 0xF0, 0x03, 0xFF, 0x03,
    0xFF, 0xF0, 0x1F, 0xF8, 0x00, 0xFF, 0xC0, 0xBF, 0xF4, 0x0B, 0xFD, 0x00, 0x7F, 0xE0, 0x2F, 0xFC,
    0x03, 0xFF, 0x00, 0x00, 0x00, 0x7F, 0xF0, 0x00, 0xFF, 0xE0, 0x0B, 0xFF, 0x00, 0x1F, 0xFD, 0x00,
    0xFF, 0xF0, 0x01, 0xFF, 0xC0, 0x0F, 0xFE, 0x00, 0x2F, 0xFC, 0x00, 0xFF, 0xD0, 0x03, 0xFF, 0x80,
    0x1F, 0xFC, 0x00, 0x3F, 0xF8, 0x02, 0xFF, 0xC0, 0x07, 0xFF, 0x40, 0x3F, 0xFC, 0x00, 0xBF, 0xF0,
    0x03, 0xFF, 0xFF, 0xFF, 0xFF, 0x00, 0x3F, 0xFF, 0xFF, 0xFF, 0xE0, 0x07, 0xFF, 0xFF, 0xFF, 0xFD,
    0x00, 0xBF, 0xFF, 0xFF, 0xFF, 0xD0, 0x0F, 0xFF, 0x55, 0x6F, 0xFC, 0x00, 0xFF, 0xE0, 0x03, 0xFF,
    0xC0, 0x1F, 0xFD, 0x00, 0x3F, 0xF8, 0x01, 0xFF, 0xC0, 0x03, 0xFF, 0x40, 0x2F, 0xFC, 0x00, 0x7F,
    0xF4, 0x03, 0xFF, 0x80, 0x0B, 0xFF, 0x00, 0x3F, 0xF8, 0x00, 0xFF, 0xF0, 0x07, 0xFF, 0x40, 0x0F,
    0xFE, 0x00, 0xBF, 0xF0, 0x00, 0xFF, 0xD0, 0x00, 0x00, 0x00, 0x6F, 0xF9, 0x00, 0x00, 0x01, 0xFF,
    0xFF, 0xF4, 0x00, 0x02, 0xFF, 0xFF, 0xFF, 0x40, 0x02, 0xFF, 0xFF, 0xFF, 0xF0, 0x01, 0xFF, 0xF9,
    0x7F, 0xFD, 0x00, 0xFF, 0xF4, 0x03, 0xFF, 0xC0, 0x7F, 0xF8, 0x00, 0xFF, 0xF0, 0x3F, 0xFC, 0x00,
    0x2F, 0xFC, 0x0F, 0xFE, 0x00, 0x0B, 0xFF, 0x07, 0xFF, 0x40, 0x02, 0xFF, 0xC2, 0xFF, 0xC0, 0x00,
    0xFF, 0xF0, 0xBF, 0xF0, 0x00, 0x3F, 0xF8, 0x2F, 0xFC, 0x00, 0x1F, 0xFD, 0x0B, 0xFF, 0x00, 0x0B,
    0xFF, 0x02, 0xFF, 0xC0, 0x03, 0xFF, 0x80, 0x7F, 0xF4, 0x03, 0xFF, 0xD0, 0x0F, 0xFF, 0x97, 0xFF,
    0xE0, 0x02, 0xFF, 0xFF, 0xFF, 0xF0, 0x00, 0x3F, 0xFF, 0xFF, 0xF0, 0x00, 0x02, 0xFF, 0xFF, 0xE0,
    0x00, 0x00, 0x1B, 0xFF, 0x80, 0x00, 0x00, 0x00, 0x7F, 0xC0, 0x7F, 0xE0, 0x00, 0x2F, 0xF0, 0xFF,
    0xFF, 0x00, 0x0B, 0xFC, 0xFF, 0xFF, 0xF0, 0x03, 0xFE, 0xFF, 0xFF, 0xFC, 0x00, 0xFF, 0xFF, 0x5F,
    0xFF, 0x40, 0x7F, 0xFE, 0x00, 0xFF, 0xD0, 0x2F, 0xFF, 0x00, 0x3F, 0xF4, 0x0F, 0xFF, 0x40, 0x0F,
    0xFD, 0x03, 0xFF, 0xC0, 0x07, 0xFF, 0x00, 0xFF, 0xE0, 0x01, 0xFF, 0xC0, 0x7F, 0xF4, 0x00, 0xBF,
    0xF0, 0x2F, 0xFC, 0x00, 0x3F, 0xF8, 0x0F, 0xFE, 0x00, 0x0F, 0xFD, 0x03, 0xFF, 0x80, 0x07, 0xFF,
    0x00, 0xFF, 0xD0, 0x02, 0xFF, 0xC0, 0x7F, 0xF0, 0x00, 0xBF, 0xF0, 0x2F, 0xFC, 0x00, 0x3F, 0xF8,
    0x0F, 0xFE, 0x00, 0x0F, 0xFD, 0x03, 0xFF, 0x40, 0x07, 0xFF, 0x00, 0xFF, 0xD0, 0x02, 0xFF, 0xC0,
    0x7F, 0xF0, 0x00, 0xBF, 0xF0, 0x00, 0x00, 0x03, 0xFC, 0x07, 0xFE, 0x00, 0x00, 0x07, 0xFC, 0x7F,
    0xFF, 0xD0, 0x00, 0x07, 0xFD, 0xFF, 0xFF, 0xF0, 0x00, 0x0B, 0xFF, 0xFF, 0xFF, 0xF8, 0x00, 0x0F,
    0xFF, 0xE0, 0xFF, 0xFC, 0x00, 0x0F, 0xFF, 0x40, 0x3F, 0xFC, 0x00, 0x1F, 0xFE, 0x00, 0x2F, 0xFC,
    0x00, 0x2F, 0xFC, 0x00, 0x2F, 0xFC, 0x00, 0x2F, 0xF8, 0x00, 0x2F, 0xFC, 0x00, 0x3F, 0xF4, 0x00,
    0x2F, 0xFC, 0x00, 0x3F, 0xF0, 0x00, 0x3F, 0xFC, 0x00, 0x7F, 0xF0, 0x00, 0x3F, 0xF8, 0x00, 0xBF,
    0xF0, 0x00, 0x7F, 0xF4, 0x00, 0xFF, 0xF0, 0x00, 0xBF, 0xF0, 0x00, 0xFF, 0xF0, 0x01, 0xFF, 0xE0,
    0x00, 0xFF, 0xF8, 0x03, 0xFF, 0xD0, 0x01, 0xFF, 0xFE, 0x6F, 0xFF, 0x80, 0x02, 0xFF, 0xFF, 0xFF,
    0xFF, 0x00, 0x03, 0xFF, 0xBF, 0xFF, 0xFC, 0x00, 0x03, 0xFF, 0x1F, 0xFF, 0xF0, 0x00, 0x07, 0xFF,
    0x02, 0xFE, 0x40, 0x00, 0x07, 0xFF, 0x00, 0x00, 0x00, 0x00, 0x0B, 0xFF, 0x00, 0x00, 0x00, 0x00,
    0x0F, 0xFE, 0x00, 0x00, 0x00, 0x00, 0x0F, 0xFD, 0x00, 0x00, 0x00, 0x00, 0x1F, 0xFC, 0x00, 0x00,
    0x00, 0x00, 0x2F, 0xFC, 0x00, 0x00, 0x00, 0x00, 0x2F, 0xFC, 0x00, 0x00, 0x00, 0x00, 0x3F, 0xF8,
    0x00, 0x00, 0x00, 0x00, 0x3F, 0xF4, 0x00, 0x00, 0x00, 0x00, 0x00, 0x00, 0x6F, 0xFE, 0x40, 0x00,
    0x7F, 0xFF, 0xFF, 0x00, 0x2F, 0xFF, 0xFF, 0xD0, 0x0B, 0xFF, 0xFF, 0xFC, 0x01, 0xFF, 0xFD, 0x5B,
    0x80, 0x3F, 0xFD, 0x00, 0x00, 0x07, 0xFF, 0x80, 0x00, 0x00, 0xFF, 0xF0, 0x00, 0x00, 0x0F, 0xFE,
    0x00, 0x00, 0x01, 0xFF, 0xC0, 0x00, 0x00, 0x2F, 0xFC, 0x00, 0x00, 0x03, 0xFF, 0xC0, 0x00, 0x00,
    0x3F, 0xF8, 0x00, 0x00, 0x03, 0xFF, 0x80, 0x00, 0x00, 0x2F, 0xFC, 0x00, 0x00, 0x02, 0xFF, 0xD0,
    0x00, 0x40, 0x1F, 0xFF, 0x95, 0xBC, 0x00, 0xFF, 0xFF, 0xFF, 0xC0, 0x03, 0xFF, 0xFF, 0xFC, 0x00,
    0x0F, 0xFF, 0xFF, 0x80, 0x00, 0x1B, 0xFE, 0x40, 0x00, 0x00, 0x7F, 0xC0, 0x7F, 0xE0, 0x00, 0xBF,
    0x80, 0x00, 0xBF, 0xC3, 0xFF, 0xFC, 0x0B, 0xFF, 0xF4, 0x00, 0xBF, 0xCF, 0xFF, 0xFE, 0x2F, 0xFF,
    0xFC, 0x00, 0xFF, 0xBF, 0xFF, 0xFF, 0xBF, 0xFF, 0xFD, 0x00, 0xFF, 0xFE, 0x5F, 0xFF, 0xFD, 0x2F,
    0xFE, 0x01, 0xFF, 0xF8, 0x07, 0xFF, 0xF0, 0x0F, 0xFE, 0x02, 0xFF, 0xF0, 0x07, 0xFF, 0xD0, 0x0F,
    0xFE, 0x03, 0xFF, 0xD0, 0x07, 0xFF, 0xC0, 0x0F, 0xFE, 0x03, 0xFF, 0xC0, 0x07, 0xFF, 0x40, 0x0F,
    0xFE, 0x03, 0xFF, 0x40, 0x0B, 0xFF, 0x00, 0x0F, 0xFD, 0x07, 0xFF, 0x00, 0x0F, 0xFE, 0x00, 0x1F,
    0xFC, 0x0B, 0xFF, 0x00, 0x0F, 0xFD, 0x00, 0x2F, 0xFC, 0x0F, 0xFE, 0x00, 0x1F, 0xFC, 0x00, 0x3F,
    0xF8, 0x0F, 0xFE, 0x00, 0x2F, 0xFC, 0x00, 0x3F, 0xF8, 0x0F, 0xFD, 0x00, 0x2F, 0xFC, 0x00, 0x3F,
    0xF4, 0x1F, 0xFC, 0x00, 0x3F, 0xF8, 0x00, 0x7F, 0xF0, 0x2F, 0xFC, 0x00, 0x3F, 0xF4, 0x00, 0xBF,
    0xF0, 0x3F, 0xF8, 0x00, 0x7F, 0xF0, 0x00, 0xFF, 0xE0, 0x3F, 0xF4, 0x00, 0xBF, 0xF0, 0x00, 0xFF,
    0xD0, 0x3F, 0xF4, 0x00, 0xBF, 0xF0, 0x01, 0xFF, 0xD0, 0x7F, 0xF0, 0x00, 0xFF, 0xE0, 0x01, 0xFF,
    0xC0, 0x00, 0x3F, 0xFC, 0x00, 0x07, 0xFF, 0x80, 0x0B, 0xFF, 0x00, 0x03, 0xFF, 0xC0, 0x02, 0xFF,
    0xC0, 0x01, 0xFF, 0xD0, 0x00, 0x7F, 0xF0, 0x00, 0xFF, 0xF0, 0x00, 0x0F, 0xFC, 0x00, 0x7F, 0xF4,
    0x00, 0x03, 0xFF, 0x40, 0x3F, 0xFC, 0x00, 0x00, 0xFF, 0xD0, 0x0F, 0xFD, 0x00, 0x00, 0x3F, 0xF4,
    0x0B, 0xFF, 0x00, 0x00, 0x0B, 0xFE, 0x03, 0xFF, 0x40, 0x00, 0x02, 0xFF, 0x82, 0xFF, 0xC0, 0x00,
    0x00, 0x7F, 0xF0, 0xFF, 0xD0, 0x00, 0x00, 0x0F, 0xFC, 0xBF, 0xF0, 0x00, 0x00, 0x03, 0xFF, 0x3F,
    0xF4, 0x00, 0x00, 0x00, 0xFF, 0xDF, 0xF8, 0x00, 0x00, 0x00, 0x3F, 0xFB, 0xFC, 0x00, 0x00, 0x00,
    0x0B, 0xFF, 0xFE, 0x00, 0x00, 0x00, 0x02, 0xFF, 0xFF, 0x00, 0x00, 0x00, 0x00, 0x7F, 0xFF, 0x80,
    0x00, 0x00, 0x00, 0x0F, 0xFF, 0xC0, 0x00, 0x00, 0x00, 0x03, 0xFF, 0xE0, 0x00, 0x00, 0x00, 0x00,
    0xFF, 0xF0, 0x00, 0x00, 0x00, 0x00, 0x3F, 0xF8, 0x00, 0x00, 0x00, 0x00, 0x2F, 0xFC, 0x00, 0x00,
    0x00, 0x00, 0x1F, 0xFE, 0x00, 0x00, 0x00, 0x00, 0x0F, 0xFF, 0x00, 0x00, 0x00, 0x09, 0x6F, 0xFF,
    0x40, 0x00, 0x00, 0x07, 0xFF, 0xFF, 0x80, 0x00, 0x00, 0x01, 0xFF, 0xFF, 0x80, 0x00, 0x00, 0x00,
    0x7F, 0xFF, 0x80, 0x00, 0x00, 0x00, 0x0F, 0xFE, 0x00, 0x00, 0x00, 0x00, 0x00, 0x00, 0x00, 0x00,
    0x0A, 0xA9, 0x00, 0x00, 0x00, 0x00, 0x00, 0xFF, 0xC0, 0x00, 0x00, 0x00, 0x00, 0x1F, 0xFC, 0x00,
    0x00, 0x00, 0x00, 0x02, 0xFF, 0xC0, 0x00, 0x00, 0x00, 0x00, 0x2F, 0xF8, 0x00, 0x00, 0x00, 0x00,
    0x03, 0xFF, 0x40, 0x00, 0x00, 0x00, 0x00, 0x3F, 0xF0, 0x00, 0x00, 0x00, 0x00, 0x07, 0xFF, 0x00,
    0x00, 0x00, 0x00, 0x6F, 0xFF, 0xFE, 0x40, 0x00, 0x00, 0xBF, 0xFF, 0xFF, 0xFF, 0x00, 0x00, 0x3F,
    0xFF, 0xFF, 0xFF, 0xFD, 0x00, 0x1F, 0xFF, 0xFF, 0xFF, 0xFF, 0xF0, 0x03, 0xFF, 0xFA, 0xFF, 0xEF,
    0xFF, 0x80, 0xFF, 0xF8, 0x2F, 0xF8, 0x3F, 0xFC, 0x1F, 0xFE, 0x03, 0xFF, 0x41, 0xFF, 0xD3, 0xFF,
    0xC0, 0x3F, 0xF0, 0x0F, 0xFD, 0x3F, 0xF8, 0x03, 0xFF, 0x00, 0xFF, 0xE7, 0xFF, 0x00, 0x7F, 0xF0,
    0x0F, 0xFE, 0xBF, 0xF0, 0x0B, 0xFE, 0x00, 0xFF, 0xDB, 0xFF, 0x00, 0xFF, 0xD0, 0x1F, 0xFD, 0xBF,
    0xF0, 0x0F, 0xFC, 0x02, 0xFF, 0xCB, 0xFF, 0x01, 0xFF, 0xC0, 0x3F, 0xF8, 0xBF, 0xF4, 0x1F, 0xF8,
    0x0B, 0xFF, 0x47, 0xFF, 0xC2, 0xFF, 0x82, 0xFF, 0xE0, 0x3F, 0xFF, 0xBF, 0xFA, 0xFF, 0xFC, 0x01,
    0xFF, 0xFF, 0xFF, 0xFF, 0xFF, 0x00, 0x0B, 0xFF, 0xFF, 0xFF, 0xFF, 0xC0, 0x00, 0x1F, 0xFF, 0xFF,
    0xFF, 0xD0, 0x00, 0x00, 0x1F, 0xFF, 0xFF, 0x90, 0x00, 0x00, 0x00, 0x0F, 0xFD, 0x00, 0x00, 0x00,
    0x00, 0x00, 0xFF, 0xC0, 0x00, 0x00, 0x00, 0x00, 0x1F, 0xFC, 0x00, 0x00, 0x00, 0x00, 0x02, 0xFF,
    0x80, 0x00, 0x00, 0x00, 0x00, 0x3F, 0xF8, 0x00, 0x00, 0x00, 0x00, 0x03, 0xFF, 0x40, 0x00, 0x00,
    0x00, 0x00, 0x7F, 0xF0, 0x00, 0x00, 0x00, 0x00, 0x07, 0xFF, 0x00, 0x00, 0x00, 0x00, 0x00, 0xBF,
    0xE0, 0x00, 0x00, 0x00, 0x00, 0x1F, 0xFE, 0x00, 0x1F, 0xFF, 0x00, 0x03, 0xFF, 0xC0, 0x0F, 0xFF,
    0x40, 0x00, 0xBF, 0xF0, 0x0B, 0xFF, 0x80, 0x00, 0x0F, 0xFE, 0x07, 0xFF, 0x80, 0x00, 0x03, 0xFF,
    0xC3, 0xFF, 0xC0, 0x00, 0x00, 0x7F, 0xF2, 0xFF, 0xC0, 0x00, 0x00, 0x0F, 0xFF, 0xFF, 0xD0, 0x00,
    0x00, 0x02, 0xFF, 0xFF, 0xE0, 0x00, 0x00, 0x00, 0x3F, 0xFF, 0xE0, 0x00, 0x00, 0x00, 0x0F, 0xFF,
    0xF0, 0x00, 0x00, 0x00, 0x03, 0xFF, 0xF4, 0x00, 0x00, 0x00, 0x02, 0xFF, 0xFD, 0x00, 0x00, 0x00,
    0x01, 0xFF, 0xFF, 0xC0, 0x00, 0x00, 0x00, 0xFF, 0xFF, 0xF4, 0x00, 0x00, 0x00, 0xFF, 0xFB, 0xFE,
    0x00, 0x00, 0x00, 0xFF, 0xF1, 0xFF, 0xC0, 0x00, 0x00, 0xBF, 0xF4, 0x3F, 0xF8, 0x00, 0x00, 0x7F,
    0xF8, 0x0F, 0xFF, 0x00, 0x00, 0x3F, 0xFC, 0x01, 0xFF, 0xD0, 0x00, 0x3F, 0xFD, 0x00, 0x3F, 0xFC,
    0x00, 0x3F, 0xFE, 0x00, 0x0F, 0xFF, 0x00, 0x00, 0x01, 0xFF, 0xC0, 0x03, 0xFF, 0xC0, 0xBF, 0xF0,
    0x00, 0xFF, 0xE0, 0x3F, 0xF8, 0x00, 0x3F, 0xF4, 0x0F, 0xFD, 0x00, 0x1F, 0xFC, 0x07, 0xFF, 0x00,
    0x0B, 0xFF, 0x02, 0xFF, 0xC0, 0x03, 0xFF, 0x80, 0xBF, 0xF0, 0x00, 0xFF, 0xE0, 0x3F, 0xF8, 0x00,
    0x3F, 0xF4, 0x0F, 0xFD, 0x00, 0x1F, 0xFC, 0x07, 0xFF, 0x00, 0x0B, 0xFF, 0x02, 0xFF, 0xC0, 0x03,
    0xFF, 0x80, 0xFF, 0xF0, 0x00, 0xFF, 0xD0, 0x3F, 0xF8, 0x00, 0xBF, 0xF4, 0x0F, 0xFD, 0x00, 0x3F,
    0xFC, 0x03, 0xFF, 0x40, 0x2F, 0xFF, 0x00, 0xFF, 0xE0, 0x1F, 0xFF, 0xC0, 0x3F, 0xFD, 0x6F, 0xFF,
    0xF9, 0x4F, 0xFF, 0xFF, 0xFF, 0xFF, 0xD1, 0xFF, 0xFF, 0xD7, 0xFF, 0xF0, 0x3F, 0xFF, 0xD0, 0xBF,
    0xFC, 0x01, 0xFF, 0x80, 0x0B, 0xFE, 0x00, 0x00, 0x00, 0x02, 0xFF, 0x40, 0x00, 0x00, 0x00, 0xFF,
    0xC0, 0x00, 0x00, 0x00, 0x3F, 0xF0, 0x00, 0x00, 0x00, 0x1F, 0xFC, 0x00, 0x00, 0x00, 0x0B, 0xFE,
    0x00, 0x0F, 0xFD, 0x00, 0x1F, 0xFC, 0x1F, 0xFD, 0x00, 0x2F, 0xFC, 0x1F, 0xFC, 0x00, 0x3F, 0xF8,
    0x2F, 0xFC, 0x00, 0x3F, 0xF8, 0x3F, 0xF8, 0x00, 0x7F, 0xF4, 0x3F, 0xF4, 0x00, 0xBF, 0xF0, 0x3F,
    0xF4, 0x00, 0xFF, 0xF0, 0x7F, 0xF0, 0x01, 0xFF, 0xE0, 0x7F, 0xF4, 0x03, 0xFF, 0xE0, 0x7F, 0xFC,
    0x0F, 0xFF, 0xD0, 0x3F, 0xFF, 0xFF, 0xFF, 0xC0, 0x3F, 0xFF, 0xFF, 0xFF, 0xC0, 0x1F, 0xFF, 0xF7,
    0xFF, 0x80, 0x07, 0xFF, 0xD3, 0xFF, 0x40, 0x00, 0x14, 0x07, 0xFF, 0x40, 0x00, 0x00, 0x07, 0xFF,
    0x00, 0x00, 0x00, 0x0B, 0xFF, 0x00, 0x00, 0x00, 0x0F, 0xFE, 0x00, 0x00, 0x00, 0x0F, 0xFD, 0x00,
    0x00, 0x00, 0x1F, 0xFC, 0x00, 0x00, 0x00, 0x1F, 0xFC, 0x00, 0x01, 0xFF, 0xC0, 0x03, 0xFF, 0x40,
    0x0B, 0xFF, 0x00, 0xBF, 0xF0, 0x00, 0xFF, 0xD0, 0x02, 0xFF, 0xC0, 0x3F, 0xF8, 0x00, 0x7F, 0xF0,
    0x00, 0xFF, 0xE0, 0x0F, 0xFD, 0x00, 0x2F, 0xFC, 0x00, 0x3F, 0xF4, 0x07, 0xFF, 0x00, 0x0F, 0xFE,
    0x00, 0x1F, 0xFC, 0x02, 0xFF, 0xC0, 0x03, 0xFF, 0x40, 0x0B, 0xFF, 0x00, 0xFF, 0xF0, 0x00, 0xFF,
    0xD0, 0x03, 0xFF, 0xC0, 0x3F, 0xF8, 0x00, 0x7F, 0xF0, 0x00, 0xFF, 0xE0, 0x0F, 0xFD, 0x00, 0x2F,
    0xFC, 0x00, 0x3F, 0xF4, 0x07, 0xFF, 0x00, 0x0F, 0xFE, 0x00, 0x1F, 0xFC, 0x02, 0xFF, 0xC0, 0x03,
    0xFF, 0x40, 0x0B, 0xFF, 0x00, 0xFF, 0xE0, 0x01, 0xFF, 0xC0, 0x03, 0xFF, 0x80, 0x3F, 0xF8, 0x00,
    0xFF, 0xF0, 0x01, 0xFF, 0xE0, 0x0F, 0xFD, 0x00, 0x3F, 0xFC, 0x00, 0xFF, 0xF4, 0x03, 0xFF, 0x40,
    0x3F, 0xFF, 0x00, 0x7F, 0xFC, 0x00, 0xFF, 0xE0, 0x2F, 0xFF, 0xC0, 0x3F, 0xFF, 0x00, 0x3F, 0xFD,
    0x6F, 0xFF, 0xF9, 0xBF, 0xFF, 0x80, 0x0F, 0xFF, 0xFF, 0xDF, 0xFF, 0xFF, 0xBF, 0xD0, 0x01, 0xFF,
    0xFF, 0xD3, 0xFF, 0xFF, 0x8F, 0xF4, 0x00, 0x3F, 0xFF, 0xD0, 0x7F, 0xFF, 0x87, 0xFC, 0x00, 0x01,
    0xFF, 0x80, 0x02, 0xFE, 0x01, 0xFF, 0x00, 0x00, 0x01, 0xFF, 0xC0, 0x03, 0xFF, 0x40, 0x0B, 0xFF,
    0x00, 0xBF, 0xF0, 0x00, 0xFF, 0xD0, 0x02, 0xFF, 0xC0, 0x3F, 0xF8, 0x00, 0x7F, 0xF0, 0x00, 0xFF,
    0xE0, 0x0F, 0xFD, 0x00, 0x2F, 0xFC, 0x00, 0x3F, 0xF4, 0x07, 0xFF, 0x00, 0x0F, 0xFE, 0x00, 0x1F,
    0xFC, 0x02, 0xFF, 0xC0, 0x03, 0xFF, 0x40, 0x0B, 0xFF, 0x00, 0xFF, 0xF0, 0x00, 0xFF, 0xD0, 0x03,
    0xFF, 0xC0, 0x3F, 0xF8, 0x00, 0x7F, 0xF0, 0x00, 0xFF, 0xE0, 0x0F, 0xFD, 0x00, 0x2F, 0xFC, 0x00,
    0x3F, 0xF4, 0x07, 0xFF, 0x00, 0x0F, 0xFE, 0x00, 0x1F, 0xFC, 0x02, 0xFF, 0xC0, 0x03, 0xFF, 0x40,
    0x0B, 0xFF, 0x00, 0xFF, 0xE0, 0x01, 0xFF, 0xC0, 0x03, 0xFF, 0xC0, 0x3F, 0xF8, 0x00, 0xFF, 0xF0,
    0x01, 0xFF, 0xE0, 0x0F, 0xFD, 0x00, 0x3F, 0xFC, 0x00, 0xFF, 0xF4, 0x03, 0xFF, 0x40, 0x3F, 0xFF,
    0x00, 0x7F, 0xFC, 0x00, 0xFF, 0xE0, 0x2F, 0xFF, 0xC0, 0x3F, 0xFF, 0x00, 0x3F, 0xFD, 0x6F, 0xFF,
    0xF9, 0xBF, 0xFF, 0xE5, 0x0F, 0xFF, 0xFF, 0xDF, 0xFF, 0xFF, 0xBF, 0xFF, 0x81, 0xFF, 0xFF, 0xC3,
    0xFF, 0xFF, 0x8F, 0xFF, 0xD0, 0x3F, 0xFF, 0xD0, 0x7F, 0xFF, 0x81, 0xFF, 0xF0, 0x01, 0xFF, 0x80,
    0x02, 0xFE, 0x00, 0x1F, 0xFC, 0x00, 0x00, 0x00, 0x00, 0x00, 0x00, 0x07, 0xFE, 0x00, 0x00, 0x00,
    0x00, 0x00, 0x00, 0x02, 0xFF, 0x80, 0x00, 0x00, 0x00, 0x00, 0x00, 0x00, 0xFF, 0xD0, 0x00, 0x00,
    0x00, 0x00, 0x00, 0x00, 0x3F, 0xF0, 0x00, 0x00, 0x00, 0x00, 0x00, 0x00, 0x1F, 0xFC, 0x00, 0x2F,
    0xFF, 0xFF, 0x00, 0x00, 0x03, 0xFF, 0xFF, 0xE0, 0x00, 0x00, 0x3F, 0xFF, 0xFD, 0x00, 0x00, 0x07,
    0xFF, 0xFF, 0xD0, 0x00, 0x00, 0x15, 0x6F, 0xFC, 0x00, 0x00, 0x00, 0x02, 0xFF, 0xC0, 0x00, 0x00,
    0x00, 0x3F, 0xF8, 0x00, 0x00, 0x00, 0x03, 0xFF, 0xFF, 0xF9, 0x00, 0x00, 0x7F, 0xFF, 0xFF, 0xFC,
    0x00, 0x0B, 0xFF, 0xFF, 0xFF, 0xF0, 0x00, 0xFF, 0xFF, 0xFF, 0xFF, 0x40, 0x0F, 0xFF, 0x95, 0xFF,
    0xFC, 0x00, 0xFF, 0xD0, 0x03, 0xFF, 0xC0, 0x1F, 0xFC, 0x00, 0x2F, 0xFC, 0x01, 0xFF, 0xC0, 0x03,
    0xFF, 0xC0, 0x1F, 0xFD, 0x00, 0x7F, 0xF8, 0x00, 0xFF, 0xF9, 0x6F, 0xFF, 0x00, 0x0F, 0xFF, 0xFF,
    0xFF, 0xE0, 0x00, 0x7F, 0xFF, 0xFF, 0xF8, 0x00, 0x01, 0xFF, 0xFF, 0xFD, 0x00, 0x00, 0x01, 0xBF,
    0xF9, 0x00, 0x00, 0x01, 0xFF, 0xC0, 0x00, 0x00, 0x03, 0xFF, 0x40, 0xBF, 0xF0, 0x00, 0x00, 0x01,
    0xFF, 0xC0, 0x3F, 0xF8, 0x00, 0x00, 0x00, 0x7F, 0xF0, 0x0F, 0xFD, 0x00, 0x00, 0x00, 0x2F, 0xFC,
    0x07, 0xFF, 0x40, 0x00, 0x00, 0x0F, 0xFE, 0x02, 0xFF, 0xC0, 0x00, 0x00, 0x03, 0xFF, 0x40, 0xBF,
    0xF0, 0x00, 0x00, 0x01, 0xFF, 0xC0, 0x3F, 0xFF, 0xFF, 0x90, 0x00, 0xBF, 0xF0, 0x0F, 0xFF, 0xFF,
    0xFE, 0x00, 0x2F, 0xFC, 0x07, 0xFF, 0xFF, 0xFF, 0xE0, 0x0F, 0xFE, 0x02, 0xFF, 0xFF, 0xFF, 0xFC,
    0x03, 0xFF, 0x40, 0xFF, 0xF9, 0x5F, 0xFF, 0x81, 0xFF, 0xC0, 0x3F, 0xF8, 0x00, 0xFF, 0xE0, 0xBF,
    0xF0, 0x0F, 0xFD, 0x00, 0x3F, 0xF8, 0x3F, 0xFC, 0x03, 0xFF, 0x40, 0x0F, 0xFD, 0x0F, 0xFE, 0x00,
    0xFF, 0xE0, 0x0B, 0xFF, 0x03, 0xFF, 0x40, 0x3F, 0xFE, 0x5B, 0xFF, 0xC1, 0xFF, 0xC0, 0x0B, 0xFF,
    0xFF, 0xFF, 0xD0, 0xBF, 0xF0, 0x00, 0xFF, 0xFF, 0xFF, 0xD0, 0x3F, 0xF8, 0x00, 0x0F, 0xFF, 0xFF,
    0xD0, 0x0F, 0xFE, 0x00, 0x00, 0x6F, 0xFE, 0x40, 0x03, 0xFF, 0x40, 0x00, 0x01, 0xFF, 0xC0, 0x00,
    0x00, 0x0B, 0xFF, 0x00, 0x00, 0x00, 0x3F, 0xF8, 0x00, 0x00, 0x00, 0xFF, 0xD0, 0x00, 0x00, 0x07,
    0xFF, 0x40, 0x00, 0x00, 0x2F, 0xFC, 0x00, 0x00, 0x00, 0xBF, 0xF0, 0x00, 0x00, 0x03, 0xFF, 0xFF,
    0xFD, 0x00, 0x0F, 0xFF, 0xFF, 0xFF, 0x00, 0x7F, 0xFF, 0xFF, 0xFF, 0x02, 0xFF, 0xFF, 0xFF, 0xFE,
    0x0F, 0xFF, 0x95, 0xBF, 0xFC, 0x3F, 0xF8, 0x00, 0xBF, 0xF0, 0xFF, 0xD0, 0x01, 0xFF, 0xC3, 0xFF,
    0x40, 0x0B, 0xFF, 0x0F, 0xFE, 0x00, 0x3F, 0xFC, 0x3F, 0xFE, 0x5B, 0xFF, 0xD0, 0xBF, 0xFF, 0xFF,
    0xFF, 0x00, 0xFF, 0xFF, 0xFF, 0xF0, 0x00, 0xFF, 0xFF, 0xFE, 0x00, 0x00, 0x6F, 0xFE, 0x40, 0x00,
    0x00, 0x6F, 0xFE, 0x00, 0x00, 0xFF, 0xFF, 0xF8, 0x00, 0x3F, 0xFF, 0xFF, 0x80, 0x0B, 0xFF, 0xFF,
    0xF4, 0x00, 0xE5, 0x7F, 0xFF, 0x00, 0x00, 0x03, 0xFF, 0xC0, 0x00, 0x00, 0x7F, 0xF4, 0x00, 0x00,
    0x0F, 0xFD, 0x00, 0x7F, 0xFF, 0xFF, 0x40, 0x2F, 0xFF, 0xFF, 0xD0, 0x0F, 0xFF, 0xFF, 0xF4, 0x03,
    0xFF, 0xFF, 0xFC, 0x00, 0x55, 0x5F, 0xFF, 0x00, 0x00, 0x03, 0xFF, 0x80, 0x00, 0x02, 0xFF, 0xD0,
    0x00, 0x01, 0xFF, 0xF0, 0x3D, 0x5B, 0xFF, 0xF4, 0x0F, 0xFF, 0xFF, 0xF8, 0x03, 0xFF, 0xFF, 0xF8,
    0x00, 0xFF, 0xFF, 0xF8, 0x00, 0x0B, 0xFF, 0x90, 0x00, 0x00, 0x00, 0x7F, 0xF4, 0x00, 0x1B, 0xFE,
    0x40, 0x00, 0x07, 0xFF, 0x00, 0x0F, 0xFF, 0xFF, 0x40, 0x00, 0xBF, 0xF0, 0x07, 0xFF, 0xFF, 0xFD,
    0x00, 0x0F, 0xFE, 0x00, 0xFF, 0xFF, 0xFF, 0xF0, 0x00, 0xFF, 0xD0, 0x3F, 0xFF, 0x5F, 0xFF, 0x40,
    0x1F, 0xFC, 0x07, 0xFF, 0x80, 0x3F, 0xF8, 0x02, 0xFF, 0xC0, 0xFF, 0xF0, 0x02, 0xFF, 0xC0, 0x2F,
    0xFC, 0x0F, 0xFD, 0x00, 0x1F, 0xFC, 0x03, 0xFF, 0xFF, 0xFF, 0xC0, 0x01, 0xFF, 0xC0, 0x3F, 0xFF,
    0xFF, 0xFC, 0x00, 0x2F, 0xFC, 0x07, 0xFF, 0xFF, 0xFF, 0x80, 0x02, 0xFF, 0xC0, 0xBF, 0xFF, 0xFF,
    0xF8, 0x00, 0x3F, 0xF8, 0x0F, 0xFF, 0x57, 0xFF, 0x40, 0x03, 0xFF, 0x40, 0xFF, 0xE0, 0x3F, 0xF4,
    0x00, 0x7F, 0xF0, 0x0F, 0xFD, 0x03, 0xFF, 0x80, 0x0F, 0xFF, 0x01, 0xFF, 0xC0, 0x2F, 0xFC, 0x02,
    0xFF, 0xD0, 0x2F, 0xFC, 0x01, 0xFF, 0xF5, 0xBF, 0xFC, 0x03, 0xFF, 0x80, 0x0F, 0xFF, 0xFF, 0xFF,
    0x00, 0x3F, 0xF8, 0x00, 0x3F, 0xFF, 0xFF, 0xC0, 0x03, 0xFF, 0x40, 0x01, 0xFF, 0xFF, 0xF0, 0x00,
    0x7F, 0xF0, 0x00, 0x01, 0xFF, 0xE4, 0x00, 0x00, 0x00, 0x00, 0x1B, 0xFF, 0xFF, 0xF0, 0x00, 0x07,
    0xFF, 0xFF, 0xFF, 0xC0, 0x00, 0xBF, 0xFF, 0xFF, 0xFE, 0x00, 0x07, 0xFF, 0xFF, 0xFF, 0xF8, 0x00,
    0x3F, 0xFF, 0x55, 0xFF, 0xD0, 0x01, 0xFF, 0xE0, 0x07, 0xFF, 0x00, 0x07, 0xFF, 0x00, 0x2F, 0xFC,
    0x00, 0x2F, 0xFC, 0x00, 0xFF, 0xE0, 0x00, 0x7F, 0xF4, 0x03, 0xFF, 0x40, 0x00, 0xFF, 0xF9, 0x5F,
    0xFD, 0x00, 0x02, 0xFF, 0xFF, 0xFF, 0xF0, 0x00, 0x02, 0xFF, 0xFF, 0xFF, 0xC0, 0x00, 0x03, 0xFF,
    0xFF, 0xFE, 0x00, 0x00, 0x2F, 0xFF, 0xFF, 0xF4, 0x00, 0x02, 0xFF, 0xE0, 0xFF, 0xD0, 0x00, 0x1F,
    0xFF, 0x07, 0xFF, 0x00, 0x00, 0xFF, 0xF0, 0x2F, 0xFC, 0x00, 0x0F, 0xFF, 0x40, 0xFF, 0xE0, 0x00,
    0xBF, 0xF8, 0x03, 0xFF, 0x40, 0x0B, 0xFF, 0xC0, 0x1F, 0xFC, 0x00, 0x7F, 0xFC, 0x00, 0xBF, 0xF0,
    0x00, 0x00, 0x02, 0xFF, 0x80, 0x00, 0x00, 0x03, 0xFF, 0x00, 0x00, 0x00, 0x07, 0xFE, 0x00, 0x00,
    0x00, 0x0B, 0xFC, 0x00, 0x00, 0x00, 0x0F, 0xF4, 0x00, 0x00, 0x00, 0x0F, 0xE0, 0x00, 0x00, 0x00,
    0x00, 0x00, 0x00, 0x00, 0x00, 0x00, 0x00, 0x00, 0x01, 0xBF, 0xF8, 0x00, 0x00, 0x3F, 0xFF, 0xFD,
    0x00, 0x07, 0xFF, 0xFF, 0xFD, 0x00, 0x7F, 0xFF, 0xFF, 0xFC, 0x03, 0xFF, 0xE5, 0xFF, 0xF0, 0x3F,
    0xFD, 0x00, 0xFF, 0xC1, 0xFF, 0xE0, 0x07, 0xFF, 0x0F, 0xFF, 0x00, 0x3F, 0xFC, 0x3F, 0xF8, 0x0B,
    0xFF, 0xE1, 0xFF, 0xFF, 0xFF, 0xFF, 0x0B, 0xFF, 0xFF, 0xFF, 0xF4, 0x2F, 0xFF, 0xFF, 0xFF, 0x00,
    0xFF, 0xFF, 0xFF, 0x80, 0x03, 0xFF, 0xD5, 0x00, 0x00, 0x0B, 0xFF, 0x00, 0x00, 0x00, 0x1F, 0xFE,
    0x00, 0x01, 0x00, 0x3F, 0xFF, 0x56, 0xFD, 0x00, 0xBF, 0xFF, 0xFF, 0xF4, 0x00, 0xFF, 0xFF, 0xFF,
    0xD0, 0x00, 0xFF, 0xFF, 0xFE, 0x00, 0x00, 0x6F, 0xFE, 0x40, 0x00, 0x00, 0x02, 0xF4, 0x0F, 0xC0,
    0x00, 0x2F, 0xF0, 0xFF, 0xC0, 0x00, 0xFF, 0xC3, 0xFF, 0x00, 0x03, 0xFF, 0x0F, 0xF8, 0x00, 0x07,
    0xF0, 0x1F, 0x80, 0x00, 0x00, 0x00, 0x00, 0x00, 0x00, 0x00, 0x00, 0x00, 0x00, 0x00, 0x00, 0x00,
    0x00, 0x00, 0x01, 0xBF, 0xF8, 0x00, 0x00, 0x3F, 0xFF, 0xFD, 0x00, 0x07, 0xFF, 0xFF, 0xFD, 0x00,
    0x7F, 0xFF, 0xFF, 0xFC, 0x03, 0xFF, 0xE5, 0xFF, 0xF0, 0x3F, 0xFD, 0x00, 0xFF, 0xC1, 0xFF, 0xE0,
    0x07, 0xFF, 0x0F, 0xFF, 0x00, 0x3F, 0xFC, 0x3F, 0xF8, 0x0B, 0xFF, 0xE1, 0xFF, 0xFF, 0xFF, 0xFF,
    0x0B, 0xFF, 0xFF, 0xFF, 0xF4, 0x2F, 0xFF, 0xFF, 0xFF, 0x00, 0xFF, 0xFF, 0xFF, 0x80, 0x03, 0xFF,
    0xD5, 0x00, 0x00, 0x0B, 0xFF, 0x00, 0x00, 0x00, 0x1F, 0xFE, 0x00, 0x01, 0x00, 0x3F, 0xFF, 0x56,
    0xFD, 0x00, 0xBF, 0xFF, 0xFF, 0xF4, 0x00, 0xFF, 0xFF, 0xFF, 0xD0, 0x00, 0xFF, 0xFF, 0xFE, 0x00,
    0x00, 0x6F, 0xFE, 0x40, 0x00, 0x00, 0x0B, 0xFF, 0x00, 0x00, 0x00, 0x02, 0xFF, 0xC0, 0x00, 0x00,
    0x00, 0xFF, 0xE0, 0x00, 0x00, 0x0F, 0xFF, 0xFF, 0xFF, 0x00, 0x07, 0xFF, 0xFF, 0xFF, 0x80, 0x01,
    0xFF, 0xFF, 0xFF, 0xD0, 0x00, 0xBF, 0xFF, 0xFF, 0xF4, 0x00, 0x00, 0xFF, 0xE0, 0x00, 0x00, 0x00,
    0x3F, 0xF4, 0x00, 0x00, 0x00, 0x1F, 0xFC, 0x1F, 0xF8, 0x00, 0x0B, 0xFF, 0x3F, 0xFF, 0xC0, 0x03,
    0xFF, 0xBF, 0xFF, 0xF8, 0x00, 0xFF, 0xFF, 0xFF, 0xFF, 0x00, 0x3F, 0xFF, 0xD7, 0xFF, 0xD0, 0x1F,
    0xFF, 0x80, 0x7F, 0xF4, 0x0B, 0xFF, 0xC0, 0x0F, 0xFD, 0x03, 0xFF, 0xD0, 0x03, 0xFF, 0x40, 0xFF,
    0xF0, 0x01, 0xFF, 0xC0, 0x3F, 0xF8, 0x00, 0xBF, 0xF0, 0x1F, 0xFC, 0x00, 0x3F, 0xF8, 0x0B, 0xFF,
    0x00, 0x0F, 0xFE, 0x03, 0xFF, 0x80, 0x03, 0xFF, 0x40, 0xFF, 0xD0, 0x01, 0xFF, 0xC0, 0x7F, 0xF4,
    0x00, 0xBF, 0xF0, 0x1F, 0xFC, 0x00, 0x3F, 0xF8, 0x0B, 0xFF, 0x00, 0x0F, 0xFD, 0x03, 0xFF, 0x80,
    0x03, 0xFF, 0x40, 0xFF, 0xD0, 0x01, 0xFF, 0xC0, 0x7F, 0xF0, 0x00, 0xBF, 0xF0, 0x00, 0x00, 0x00,
    0x3F, 0xF8, 0x00, 0x00, 0x00, 0x0F, 0xFD, 0x00, 0x00, 0x00, 0x07, 0xFF, 0x00, 0x00, 0x00, 0x03,
    0xFF, 0xC0, 0x00, 0x00, 0x97, 0xFF, 0xE0, 0x00, 0x00, 0x7F, 0xFF, 0xF0, 0x00, 0x00, 0x1F, 0xFF,
    0xF4, 0x00, 0x00, 0x07, 0xFF, 0xF4, 0x00, 0x00, 0x00, 0xFF, 0xE0, 0x00, 0x00, 0x00, 0x00, 0x00,
    0x1A, 0xA9, 0x00, 0x00, 0x00, 0x3F, 0xFC, 0x00, 0x00, 0x00, 0xFF, 0xE0, 0x00, 0x00, 0x02, 0xFF,
    0x80, 0x00, 0x00, 0x07, 0xFE, 0x00, 0x00, 0x00, 0x0F, 0xF4, 0x00, 0x00, 0x00, 0x1A, 0x90, 0x00,
    0x00, 0x00, 0x00, 0x00, 0x00, 0x00, 0x00, 0x00, 0x00, 0x00, 0x00, 0x06, 0xFF, 0xE4, 0x00, 0x00,
    0xBF, 0xFF, 0xFF, 0x40, 0x00, 0xFF, 0xFF, 0xFF, 0xC0, 0x00, 0xBF, 0xFF, 0xFF, 0xE0, 0x00, 0x3F,
    0x96, 0xFF, 0xF0, 0x00, 0x10, 0x00, 0xFF, 0xF0, 0x00, 0x00, 0x00, 0xFF, 0xF0, 0x00, 0x00, 0x02,
    0xFF, 0xD0, 0x00, 0x00, 0x7F, 0xFF, 0xC0, 0x00, 0x1B, 0xFF, 0xFF, 0x00, 0x00, 0xFF, 0xFF, 0xF8,
    0x00, 0x07, 0xFF, 0xFF, 0x80, 0x00, 0x0F, 0xFF, 0xE4, 0x00, 0x00, 0x1F, 0xFE, 0x00, 0x00, 0x00,
    0x2F, 0xFC, 0x00, 0x00, 0x00, 0x3F, 0xFC, 0x00, 0x09, 0x00, 0x2F, 0xFF, 0x56, 0xFD, 0x00, 0x1F,
    0xFF, 0xFF, 0xFD, 0x00, 0x0F, 0xFF, 0xFF, 0xFD, 0x00, 0x02, 0xFF, 0xFF, 0xFC, 0x00, 0x00, 0x6F,
    0xFE, 0x40, 0x00, 0x00, 0x01, 0xBF, 0xF9, 0x00, 0x07, 0xFF, 0xFF, 0xF0, 0x0B, 0xFF, 0xFF, 0xF4,
    0x0B, 0xFF, 0xFF, 0xFC, 0x07, 0xFF, 0xF5, 0x6E, 0x03, 0xFF, 0xD0, 0x00, 0x01, 0xFF, 0xE0, 0x00,
    0x00, 0xFF, 0xF0, 0x00, 0x00, 0x3F, 0xFF, 0xFF, 0xC0, 0x1F, 0xFF, 0xFF, 0xF0, 0x0B, 0xFF, 0xFF,
    0xFC, 0x03, 0xFF, 0xFF, 0xFE, 0x00, 0xFF, 0xF5, 0x55, 0x00, 0x3F, 0xF8, 0x00, 0x00, 0x0F, 0xFF,
    0x00, 0x00, 0x02, 0xFF, 0xD0, 0x00, 0x40, 0x7F, 0xFE, 0x56, 0xF0, 0x0F, 0xFF, 0xFF, 0xFC, 0x01,
    0xFF, 0xFF, 0xFF, 0x00, 0x1F, 0xFF, 0xFF, 0x80, 0x00, 0xBF, 0xF9, 0x00, 0x00, 0x00, 0x0B, 0xFF,
    0xE0, 0x00, 0x2F, 0xFF, 0xFF, 0xC0, 0x2F, 0xFF, 0xFF, 0xF4, 0x0F, 0xFF, 0xFF, 0xFC, 0x0B, 0xFF,
    0xD5, 0xBE, 0x03, 0xFF, 0xC0, 0x02, 0x00, 0xFF, 0xF0, 0x00, 0x00, 0x2F, 0xFE, 0x00, 0x00, 0x03,
    0xFF, 0xF4, 0x00, 0x00, 0xBF, 0xFF, 0xD0, 0x00, 0x0B, 0xFF, 0xFD, 0x00, 0x00, 0x7F, 0xFF, 0xC0,
    0x00, 0x01, 0xFF, 0xF8, 0x00, 0x00, 0x1F, 0xFF, 0x00, 0x00, 0x03, 0xFF, 0xC2, 0x00, 0x00, 0xFF,
    0xF0, 0xFE, 0x56, 0xFF, 0xF8, 0x3F, 0xFF, 0xFF, 0xFC, 0x0F, 0xFF, 0xFF, 0xFD, 0x03, 0xFF, 0xFF,
    0xFD, 0x00, 0x1B, 0xFF, 0xE4, 0x00, 0x00, 0x00, 0x02, 0xF8, 0x00, 0x03, 0xFF, 0x80, 0x00, 0xFF,
    0xF0, 0x00, 0x7F, 0xF8, 0x00, 0x0F, 0xFD, 0x00, 0x01, 0xFD, 0x00, 0x00, 0x00, 0x00, 0x00, 0x00,
    0x00, 0x00, 0x7F, 0xF4, 0x00, 0x2F, 0xFC, 0x00, 0x0B, 0xFF, 0x00, 0x03, 0xFF, 0x80, 0x00, 0xFF,
    0xD0, 0x00, 0x7F, 0xF4, 0x00, 0x2F, 0xFC, 0x00, 0x0F, 0xFF, 0x00, 0x03, 0xFF, 0x80, 0x00, 0xFF,
    0xD0, 0x00, 0x7F, 0xF4, 0x00, 0x2F, 0xFC, 0x00, 0x0F, 0xFF, 0x00, 0x03, 0xFF, 0x80, 0x00, 0xFF,
    0xD0, 0x00, 0x7F, 0xF0, 0x00, 0x2F, 0xFC, 0x00, 0x0F, 0xFF, 0x00, 0x03, 0xFF, 0x80, 0x00, 0xFF,
    0xD0, 0x00, 0x7F, 0xF0, 0x00, 0x00, 0x00, 0x3E, 0x0B, 0xC0, 0x0F, 0xF1, 0xFE, 0x00, 0xFF, 0x7F,
    0xE0, 0x0F, 0xF3, 0xFD, 0x00, 0xFF, 0x3F, 0xC0, 0x0B, 0xC1, 0xF4, 0x00, 0x00, 0x00, 0x00, 0x00,
    0x00, 0x00, 0x00, 0x7F, 0xF0, 0x00, 0x0B, 0xFF, 0x00, 0x00, 0xFF, 0xF0, 0x00, 0x0F, 0xFE, 0x00,
    0x00, 0xFF, 0xD0, 0x00, 0x1F, 0xFC, 0x00, 0x02, 0xFF, 0xC0, 0x00, 0x3F, 0xFC, 0x00, 0x03, 0xFF,
    0x80, 0x00, 0x3F, 0xF4, 0x00, 0x07, 0xFF, 0x00, 0x00, 0xBF, 0xF0, 0x00, 0x0F, 0xFF, 0x00, 0x00,
    0xFF, 0xE0, 0x00, 0x1F, 0xFD, 0x00, 0x01, 0xFF, 0xC0, 0x00, 0x2F, 0xFC, 0x00, 0x03, 0xFF, 0x80,
    0x00, 0x3F, 0xF8, 0x00, 0x07, 0xFF, 0x40, 0x00, 0xBF, 0xF0, 0x00, 0x00, 0x00, 0x00, 0x00, 0x2F,
    0x80, 0x00, 0x00, 0x03, 0xFF, 0x80, 0x00, 0x00, 0x0F, 0xFF, 0x00, 0x00, 0x00, 0x7F, 0xF8, 0x00,
    0x00, 0x00, 0xFF, 0xD0, 0x00, 0x00, 0x01, 0xFD, 0x00, 0x00, 0x00, 0x00, 0x00, 0x00, 0x00, 0x00,
    0x00, 0x00, 0x00, 0x00, 0x07, 0xFF, 0x40, 0x00, 0x00, 0x2F, 0xFC, 0x00, 0x00, 0x00, 0xBF, 0xF0,
    0x00, 0x00, 0x03, 0xFF, 0x80, 0x00, 0x00, 0x0F, 0xFD, 0x00, 0x00, 0x00, 0x7F, 0xF4, 0x00, 0x00,
    0x02, 0xFF, 0xC0, 0x00, 0x00, 0x0B, 0xFF, 0x00, 0x00, 0x00, 0x3F, 0xF8, 0x00, 0x00, 0x00, 0xFF,
    0xD0, 0x00, 0x00, 0x07, 0xFF, 0x00, 0x00, 0x00, 0x2F, 0xFC, 0x00, 0x00, 0x00, 0xFF, 0xF0, 0x00,
    0x00, 0x03, 0xFF, 0x80, 0x00, 0x00, 0x0F, 0xFD, 0x00, 0x00, 0x00, 0x7F, 0xF0, 0x00, 0x00, 0x02,
    0xFF, 0xC0, 0x00, 0x00, 0x0F, 0xFF, 0x00, 0x00, 0x00, 0x3F, 0xF8, 0x00, 0x00, 0x00, 0xFF, 0xD0,
    0x00, 0x00, 0x07, 0xFF, 0x00, 0x00, 0x00, 0x2F, 0xFC, 0x00, 0x00, 0x00, 0xFF, 0xE0, 0x00, 0x00,
    0x03, 0xFF, 0x80, 0x00, 0x00, 0x2F, 0xFC, 0x00, 0x00, 0x96, 0xFF, 0xF0, 0x00, 0x03, 0xFF, 0xFF,
    0x40, 0x00, 0x0F, 0xFF, 0xF8, 0x00, 0x00, 0x3F, 0xFF, 0x80, 0x00, 0x00, 0xBF, 0xE4, 0x00, 0x00,
    0x00, 0x00, 0x00, 0xFF, 0xFF, 0xFF, 0xF8, 0x00, 0x00, 0x00, 0x01, 0xFF, 0xFF, 0xFF, 0xF4, 0x00,
    0x00, 0x00, 0x02, 0xFF, 0xFF, 0xFF, 0xF0, 0x00, 0x00, 0x00, 0x03, 0xFF, 0xFF, 0xFF, 0xF0, 0x00,
    0x00, 0x00, 0x03, 0xFF, 0x55, 0xFF, 0xF0, 0x00, 0x00, 0x00, 0x07, 0xFF, 0x00, 0xFF, 0xE0, 0x00,
    0x00, 0x00, 0x0B, 0xFE, 0x00, 0xFF, 0xD0, 0x00, 0x00, 0x00, 0x0F, 0xFC, 0x01, 0xFF, 0xFF, 0xFE,
    0x40, 0x00, 0x1F, 0xFC, 0x01, 0xFF, 0xFF, 0xFF, 0xE0, 0x00, 0x2F, 0xF8, 0x02, 0xFF, 0xFF, 0xFF,
    0xF8, 0x00, 0x3F, 0xF4, 0x03, 0xFF, 0xFF, 0xFF, 0xFD, 0x00, 0x3F, 0xF0, 0x03, 0xFF, 0xD5, 0x7F,
    0xFE, 0x00, 0x7F, 0xF0, 0x07, 0xFF, 0x00, 0x0F, 0xFE, 0x00, 0xBF, 0xE0, 0x07, 0xFF, 0x00, 0x0F,
    0xFE, 0x00, 0xFF, 0xD0, 0x07, 0xFF, 0x00, 0x0F, 0xFE, 0x01, 0xFF, 0xC0, 0x07, 0xFF, 0x00, 0x2F,
    0xFD, 0x5B, 0xFF, 0x80, 0x07, 0xFF, 0xD5, 0xBF, 0xFC, 0xFF, 0xFF, 0x00, 0x03, 0xFF, 0xFF, 0xFF,
    0xF4, 0xFF, 0xFE, 0x00, 0x01, 0xFF, 0xFF, 0xFF, 0xD0, 0xFF, 0xF8, 0x00, 0x00, 0x7F, 0xFF, 0xFF,
    0x40, 0xBF, 0x90, 0x00, 0x00, 0x0B, 0xFF, 0xE4, 0x00, 0x00, 0x7F, 0xF0, 0x01, 0xFF, 0xC0, 0x00,
    0x00, 0x02, 0xFF, 0xC0, 0x0B, 0xFF, 0x00, 0x00, 0x00, 0x0F, 0xFF, 0x00, 0x3F, 0xF8, 0x00, 0x00,
    0x00, 0x3F, 0xF8, 0x00, 0xFF, 0xE0, 0x00, 0x00, 0x00, 0xFF, 0xD0, 0x07, 0xFF, 0x40, 0x00, 0x00,
    0x07, 0xFF, 0x00, 0x1F, 0xFC, 0x00, 0x00, 0x00, 0x2F, 0xFC, 0x00, 0xBF, 0xF0, 0x00, 0x00, 0x00,
    0xFF, 0xFF, 0xFF, 0xFF, 0xFF, 0xF9, 0x00, 0x03, 0xFF, 0xFF, 0xFF, 0xFF, 0xFF, 0xFE, 0x00, 0x0F,
    0xFF, 0xFF, 0xFF, 0xFF, 0xFF, 0xFF, 0x00, 0x7F, 0xFF, 0xFF, 0xFF, 0xFF, 0xFF, 0xFD, 0x02, 0xFF,
    0xD5, 0x5F, 0xFF, 0x55, 0xFF, 0xF8, 0x0F, 0xFE, 0x00, 0x3F, 0xF8, 0x00, 0xFF, 0xF0, 0x3F, 0xF4,
    0x00, 0xFF, 0xD0, 0x03, 0xFF, 0xC1, 0xFF, 0xD0, 0x03, 0xFF, 0x40, 0x0F, 0xFE, 0x07, 0xFF, 0x00,
    0x0F, 0xFE, 0x00, 0x7F, 0xF4, 0x2F, 0xFC, 0x00, 0x3F, 0xFE, 0x5B, 0xFF, 0xC0, 0xFF, 0xE0, 0x00,
    0x7F, 0xFF, 0xFF, 0xFE, 0x03, 0xFF, 0x40, 0x00, 0xFF, 0xFF, 0xFF, 0xE0, 0x1F, 0xFD, 0x00, 0x00,
    0xFF, 0xFF, 0xFE, 0x00, 0xBF, 0xF0, 0x00, 0x00, 0x6F, 0xFE, 0x40, 0x00, 0x00, 0x02, 0xAA, 0x00,
    0x00, 0x00, 0x02, 0xFF, 0xC0, 0x00, 0x00, 0x00, 0xFF, 0xE0, 0x00, 0x00, 0x0F, 0xFF, 0xFF, 0xFF,
    0x00, 0x07, 0xFF, 0xFF, 0xFF, 0x80, 0x01, 0xFF, 0xFF, 0xFF, 0xD0, 0x00, 0xBF, 0xFF, 0xFF, 0xF4,
    0x00, 0x00, 0xFF, 0xE0, 0x00, 0x00, 0x00, 0x3F, 0xF4, 0x00, 0x00, 0x00, 0x1F, 0xFC, 0x1F, 0xF8,
    0x00, 0x0B, 0xFF, 0x3F, 0xFF, 0xC0, 0x02, 0xFF, 0xBF, 0xFF, 0xF8, 0x00, 0xFF, 0xFF, 0xFF, 0xFF,
    0x00, 0x3F, 0xFF, 0xEB, 0xFF, 0xC0, 0x1F, 0xFF, 0x80, 0x7F, 0xF4, 0x0B, 0xFF, 0xC0, 0x0F, 0xFD,
    0x03, 0xFF, 0xD0, 0x03, 0xFF, 0x40, 0xFF, 0xF0, 0x01, 0xFF, 0xC0, 0x3F, 0xF8, 0x00, 0xBF, 0xF0,
    0x1F, 0xFC, 0x00, 0x3F, 0xF8, 0x0B, 0xFF, 0x00, 0x0F, 0xFE, 0x03, 0xFF, 0x80, 0x03, 0xFF, 0x40,
    0xFF, 0xD0, 0x01, 0xFF, 0xC0, 0x7F, 0xF0, 0x00, 0xBF, 0xF0, 0x1F, 0xFC, 0x00, 0x3F, 0xF8, 0x0B,
    0xFF, 0x00, 0x0F, 0xFE, 0x03, 0xFF, 0x80, 0x03, 0xFF, 0x40, 0xFF, 0xD0, 0x01, 0xFF, 0xC0, 0x7F,
    0xF0, 0x00, 0xBF, 0xF0, 0x00, 0x00, 0x00, 0x00, 0x03, 0xFF, 0xC0, 0x00, 0x00, 0x00, 0x3F, 0xFC,
    0x00, 0x00, 0x00, 0x02, 0xFF, 0xC0, 0x00, 0x00, 0x00, 0x1F, 0xFC, 0x00, 0x00, 0x00, 0x00, 0xFF,
    0x80, 0x00, 0x00, 0x00, 0x0B, 0xF8, 0x00, 0x00, 0x00, 0x00, 0x00, 0x00, 0x00, 0x00, 0x00, 0x00,
    0x00, 0x00, 0x00, 0x00, 0x7F, 0xF0, 0x00, 0xFF, 0xF4, 0x01, 0xFF, 0xC0, 0x0F, 0xFF, 0x80, 0x0B,
    0xFF, 0x00, 0xBF, 0xF8, 0x00, 0x3F, 0xF8, 0x07, 0xFF, 0xC0, 0x00, 0xFF, 0xD0, 0x3F, 0xFC, 0x00,
    0x07, 0xFF, 0x03, 0xFF, 0xD0, 0x00, 0x2F, 0xFC, 0x2F, 0xFD, 0x00, 0x00, 0xBF, 0xF2, 0xFF, 0xE0,
    0x00, 0x03, 0xFF, 0xFF, 0xFF, 0x00, 0x00, 0x0F, 0xFF, 0xFF, 0xF0, 0x00, 0x00, 0x7F, 0xFF, 0xFF,
    0x40, 0x00, 0x02, 0xFF, 0xFF, 0xFF, 0x00, 0x00, 0x0F, 0xFF, 0x7F, 0xFC, 0x00, 0x00, 0x3F, 0xF8,
    0x7F, 0xF8, 0x00, 0x00, 0xFF, 0xD0, 0xFF, 0xF0, 0x00, 0x07, 0xFF, 0x01, 0xFF, 0xD0, 0x00, 0x2F,
    0xFC, 0x03, 0xFF, 0xC0, 0x00, 0xFF, 0xE0, 0x0B, 0xFF, 0x40, 0x03, 0xFF, 0x40, 0x1F, 0xFF, 0x00,
    0x0F, 0xFD, 0x00, 0x3F, 0xFC, 0x00, 0x7F, 0xF0, 0x00, 0x7F, 0xF8, 0x00, 0x00, 0x00, 0xFF, 0xE0,
    0x00, 0x00, 0x00, 0x0F, 0xFC, 0x00, 0x00, 0x00, 0x01, 0xFF, 0x40, 0x00, 0x00, 0x00, 0x2F, 0xF0,
    0x00, 0x00, 0x00, 0x03, 0xFC, 0x00, 0x00, 0x00, 0x00, 0x3F, 0x80, 0x00, 0x00, 0x00, 0x00, 0x00,
    0x00, 0x00, 0x00, 0x00, 0x00, 0x00, 0x01, 0xFF, 0xC0, 0x03, 0xFF, 0xC0, 0xBF, 0xF0, 0x00, 0xFF,
    0xE0, 0x3F, 0xF8, 0x00, 0x3F, 0xF4, 0x0F, 0xFD, 0x00, 0x1F, 0xFC, 0x07, 0xFF, 0x00, 0x0B, 0xFF,
    0x02, 0xFF, 0xC0, 0x03, 0xFF, 0x80, 0xBF, 0xF0, 0x00, 0xFF, 0xE0, 0x3F, 0xF8, 0x00, 0x3F, 0xF4,
    0x0F, 0xFD, 0x00, 0x1F, 0xFC, 0x07, 0xFF, 0x00, 0x0B, 0xFF, 0x02, 0xFF, 0xC0, 0x03, 0xFF, 0x80,
    0xFF, 0xF0, 0x00, 0xFF, 0xD0, 0x3F, 0xF8, 0x00, 0xBF, 0xF4, 0x0F, 0xFD, 0x00, 0x3F, 0xFC, 0x03,
    0xFF, 0x40, 0x2F, 0xFF, 0x00, 0xFF, 0xE0, 0x1F, 0xFF, 0x80, 0x3F, 0xFD, 0x6F, 0xFF, 0xD0, 0x0F,
    0xFF, 0xFF, 0xEF, 0xF0, 0x01, 0xFF, 0xFF, 0xD7, 0xFC, 0x00, 0x3F, 0xFF, 0xD2, 0xFF, 0x00, 0x01,
    0xFF, 0x80, 0xBF, 0x80, 0x00, 0x00, 0x00, 0x3F, 0xD0, 0x0B, 0xFC, 0x00, 0x00, 0x0F, 0xF4, 0x03,
    0xFE, 0x00, 0x00, 0x03, 0xFF, 0x02, 0xFF, 0x00, 0x00, 0x00, 0x7F, 0xFF, 0xFF, 0x80, 0x00, 0x00,
    0x0B, 0xFF, 0xFF, 0x80, 0x00, 0x00, 0x00, 0x2F, 0xFE, 0x00, 0x00, 0x00, 0x00, 0x00, 0x00, 0x00,
    0x00, 0x00, 0x00, 0x00, 0x00, 0x00, 0x00, 0x00, 0x3F, 0xFC, 0x00, 0x07, 0xFF, 0x80, 0x0B, 0xFF,
    0x00, 0x03, 0xFF, 0xC0, 0x02, 0xFF, 0xC0, 0x01, 0xFF, 0xD0, 0x00, 0x7F, 0xF0, 0x00, 0xFF, 0xF0,
    0x00, 0x0F, 0xFC, 0x00, 0x7F, 0xF4, 0x00, 0x03, 0xFF, 0x40, 0x3F, 0xFC, 0x00, 0x00, 0xFF, 0xD0,
    0x0F, 0xFD, 0x00, 0x00, 0x3F, 0xF4, 0x0B, 0xFF, 0x00, 0x00, 0x0B, 0xFE, 0x03, 0xFF, 0x40, 0x00,
    0x02, 0xFF, 0x82, 0xFF, 0xC0, 0x00, 0x00, 0x7F, 0xF0, 0xFF, 0xD0, 0x00, 0x00, 0x0F, 0xFC, 0xBF,
    0xF0, 0x00, 0x00, 0x03, 0xFF, 0x3F, 0xF4, 0x00, 0x00, 0x00, 0xFF, 0xDF, 0xF8, 0x00, 0x00, 0x00,
    0x3F, 0xFB, 0xFC, 0x00, 0x00, 0x00, 0x0B, 0xFF, 0xFE, 0x00, 0x00, 0x00, 0x02, 0xFF, 0xFF, 0x00,
    0x00, 0x00, 0x00, 0x7F, 0xFF, 0x80, 0x00, 0x00, 0x00, 0x0F, 0xFF, 0xC0, 0x00, 0x00, 0x00, 0x03,
    0xFF, 0xE0, 0x00, 0x00, 0x00, 0x00, 0xFF, 0xF0, 0x00, 0x00, 0x00, 0x00, 0x3F, 0xF8, 0x00, 0x00,
    0x00, 0x00, 0x2F, 0xFC, 0x00, 0x00, 0x00, 0x00, 0x1F, 0xFE, 0x00, 0x00, 0x00, 0x00, 0x0F, 0xFF,
    0x00, 0x00, 0x00, 0x09, 0x6F, 0xFF, 0x40, 0x00, 0x00, 0x07, 0xFF, 0xFF, 0x80, 0x00, 0x00, 0x01,
    0xFF, 0xFF, 0x80, 0x00, 0x00, 0x00, 0x7F, 0xFF, 0x80, 0x00, 0x00, 0x00, 0x0F, 0xFE, 0x00, 0x00,
    0x00, 0x00, 0x00, 0x01, 0xFF, 0xC0, 0x03, 0xFF, 0xC0, 0xBF, 0xF0, 0x00, 0xFF, 0xE0, 0x3F, 0xF8,
    0x00, 0x3F, 0xF4, 0x0F, 0xFD, 0x00, 0x1F, 0xFC, 0x07, 0xFF, 0x00, 0x0B, 0xFF, 0x02, 0xFF, 0xC0,
    0x03, 0xFF, 0x80, 0xBF, 0xF0, 0x00, 0xFF, 0xE0, 0x3F, 0xF8, 0x00, 0x3F, 0xF4, 0x0F, 0xFD, 0x00,
    0x1F, 0xFC, 0x07, 0xFF, 0x00, 0x0B, 0xFF, 0x02, 0xFF, 0xC0, 0x03, 0xFF, 0x80, 0xFF, 0xF0, 0x00,
    0xFF, 0xD0, 0x3F, 0xF8, 0x00, 0xBF, 0xF4, 0x0F, 0xFD, 0x00, 0x3F, 0xFC, 0x03, 0xFF, 0x40, 0x2F,
    0xFF, 0x00, 0xFF, 0xE0, 0x1F, 0xFF, 0x80, 0x3F, 0xFD, 0x6F, 0xFF, 0xD0, 0x0F, 0xFF, 0xFF, 0xEF,
    0xF0, 0x01, 0xFF, 0xFF, 0xD7, 0xFC, 0x00, 0x3F, 0xFF, 0xD2, 0xFF, 0x00, 0x01, 0xFF, 0x80, 0xBF,
    0x80, 0x00, 0x00, 0x05, 0x00, 0x00, 0x00, 0x00, 0x2F, 0x80, 0x00, 0x00, 0x00, 0xBF, 0xD0, 0x00,
    0x00, 0x00, 0x3F, 0xF0, 0x00, 0x00, 0x00, 0x0F, 0xFC, 0x00, 0x00, 0x00, 0x07, 0xFE, 0x00, 0x00,
    0x00, 0x02, 0xFF, 0x80, 0x00, 0x00, 0x3F, 0xFC, 0x00, 0x0F, 0xFE, 0x00, 0x02, 0xFF, 0xC3, 0xFF,
    0x80, 0x01, 0xFF, 0xD0, 0x00, 0x3F, 0xF8, 0x7F, 0xF8, 0x00, 0x1F, 0xFC, 0x00, 0x03, 0xFF, 0x87,
    0xFF, 0x40, 0x02, 0xFF, 0xC0, 0x00, 0x7F, 0xF0, 0xBF, 0xF4, 0x00, 0x2F, 0xFC, 0x00, 0x0B, 0xFF,
    0x0B, 0xFF, 0x40, 0x03, 0xFF, 0xC0, 0x00, 0xFF, 0xE0, 0xBF, 0xF0, 0x00, 0x3F, 0xF8, 0x00, 0x0F,
    0xFD, 0x0B, 0xFF, 0x00, 0x03, 0xFF, 0x80, 0x02, 0xFF, 0xC0, 0xBF, 0xF0, 0x00, 0xBF, 0xF8, 0x00,
    0x3F, 0xFC, 0x0F, 0xFF, 0x00, 0x0F, 0xFF, 0x40, 0x07, 0xFF, 0x40, 0xFF, 0xF0, 0x02, 0xFF, 0xF4,
    0x00, 0xBF, 0xF0, 0x0F, 0xFF, 0x00, 0x3F, 0xFF, 0x40, 0x0F, 0xFE, 0x00, 0xBF, 0xF0, 0x0B, 0xFF,
    0xF4, 0x01, 0xFF, 0xD0, 0x0B, 0xFF, 0x00, 0xFF, 0xFF, 0x40, 0x3F, 0xFC, 0x00, 0xBF, 0xF0, 0x2F,
    0xFF, 0xF4, 0x07, 0xFF, 0x40, 0x0B, 0xFF, 0x03, 0xFF, 0xFF, 0x80, 0xFF, 0xF0, 0x00, 0x7F, 0xF4,
    0xBF, 0xFF, 0xF8, 0x1F, 0xFD, 0x00, 0x07, 0xFF, 0x4F, 0xFA, 0xFF, 0x83, 0xFF, 0xC0, 0x00, 0x3F,
    0xF9, 0xFF, 0x2F, 0xFC, 0x7F, 0xF4, 0x00, 0x03, 0xFF, 0xBF, 0xE1, 0xFF, 0xCF, 0xFF, 0x00, 0x00,
    0x3F, 0xFF, 0xFD, 0x1F, 0xFF, 0xFF, 0xD0, 0x00, 0x02, 0xFF, 0xFF, 0xC0, 0xFF, 0xFF, 0xF8, 0x00,
    0x00, 0x1F, 0xFF, 0xF4, 0x0F, 0xFF, 0xFF, 0x00, 0x00, 0x00, 0xFF, 0xFF, 0x00, 0xBF, 0xFF, 0xD0,
    0x00, 0x00, 0x0F, 0xFF, 0xE0, 0x07, 0xFF, 0xF8, 0x00, 0x00, 0x00, 0xBF, 0xFC, 0x00, 0x3F, 0xFF,
    0x00, 0x00, 0x00, 0x07, 0xFF, 0x80, 0x03, 0xFF, 0xC0, 0x00, 0x00, 0x00, 0x3F, 0xF4, 0x00, 0xBF,
    0xF0, 0x00, 0xFF, 0xE3, 0xFF, 0x40, 0x0F, 0xFE, 0x00, 0x0F, 0xFD, 0x3F, 0xF0, 0x00, 0xFF, 0xD0,
    0x02, 0xFF, 0xC7, 0xFF, 0x00, 0x0F, 0xFD, 0x00, 0x3F, 0xF8, 0x7F, 0xF0, 0x00, 0xFF, 0xD0, 0x03,
    0xFF, 0x47, 0xFF, 0x00, 0x1F, 0xFC, 0x00, 0xBF, 0xF0, 0x7F, 0xF0, 0x01, 0xFF, 0xC0, 0x0F, 0xFE,
    0x07, 0xFF, 0x00, 0x3F, 0xFC, 0x01, 0xFF, 0xC0, 0x7F, 0xF0, 0x0B, 0xFF, 0xC0, 0x2F, 0xF8, 0x07,
    0xFF, 0x00, 0xFF, 0xFC, 0x03, 0xFF, 0x40, 0x7F, 0xF0, 0x2F, 0xFF, 0xC0, 0xBF, 0xF0, 0x03, 0xFF,
    0x07, 0xFF, 0xFD, 0x0F, 0xFC, 0x00, 0x3F, 0xF0, 0xFF, 0xFF, 0xD2, 0xFF, 0x80, 0x03, 0xFF, 0x6F,
    0xFB, 0xFD, 0x3F, 0xF0, 0x00, 0x2F, 0xFB, 0xFD, 0x7F, 0xEB, 0xFE, 0x00, 0x01, 0xFF, 0xFF, 0xC3,
    0xFF, 0xFF, 0xC0, 0x00, 0x1F, 0xFF, 0xF4, 0x3F, 0xFF, 0xF4, 0x00, 0x00, 0xFF, 0xFF, 0x02, 0xFF,
    0xFE, 0x00, 0x00, 0x0F, 0xFF, 0xC0, 0x1F, 0xFF, 0xC0, 0x00, 0x00, 0x7F, 0xF8, 0x00, 0xFF, 0xF0,
    0x00, 0x00, 0x03, 0xFF, 0x00, 0x0F, 0xFE, 0x00, 0x00, 0x00, 0x00, 0x0F, 0xFD, 0x00, 0x00, 0x00,
    0x1F, 0xFD, 0x00, 0x00, 0x00, 0x1F, 0xFC, 0x00, 0x00, 0x15, 0x7F, 0xFD, 0x55, 0x40, 0x3F, 0xFF,
    0xFF, 0xFF, 0xD0, 0x3F, 0xFF, 0xFF, 0xFF, 0xC0, 0x7F, 0xFF, 0xFF, 0xFF, 0xC0, 0xBF, 0xFF, 0xFF,
    0xFF, 0x80, 0x00, 0xBF, 0xF0, 0x00, 0x00, 0x00, 0xFF, 0xE0, 0x00, 0x00, 0x00, 0xFF, 0xE5, 0x00,
    0x00, 0x01, 0xFF, 0xFF, 0xFE, 0x00, 0x02, 0xFF, 0xFF, 0xFF, 0xD0, 0x03, 0xFF, 0xFF, 0xFF, 0xF0,
    0x03, 0xFF, 0xFF, 0xFF, 0xFC, 0x03, 0xFF, 0x40, 0x7F, 0xFC, 0x07, 0xFF, 0x00, 0x1F, 0xFD, 0x0B,
    0xFF, 0x00, 0x0F, 0xFE, 0x0F, 0xFE, 0x00, 0x0F, 0xFE, 0x0F, 0xFE, 0x00, 0x0F, 0xFD, 0x1F, 0xFD,
    0x00, 0x2F, 0xFD, 0x1F, 0xFC, 0x00, 0x7F, 0xFC, 0x2F, 0xFD, 0x5B, 0xFF, 0xF8, 0x3F, 0xFF, 0xFF,
    0xFF, 0xF0, 0x3F, 0xFF, 0xFF, 0xFF, 0xC0, 0x7F, 0xFF, 0xFF, 0xFD, 0x00, 0xBF, 0xFF, 0xFF, 0x90,
    0x00, 0x00, 0x3F, 0xC0, 0x6F, 0xE0, 0x00, 0x00, 0x00, 0x07, 0xFC, 0x2F, 0xFF, 0xD0, 0x00, 0x00,
    0x00, 0x7F, 0xCF, 0xFF, 0xFF, 0x00, 0x00, 0x00, 0x0B, 0xFE, 0xFF, 0xFF, 0xF4, 0x00, 0x00, 0x00,
    0xFF, 0xFF, 0x5B, 0xFF, 0x80, 0x00, 0x00, 0x0F, 0xFF, 0xC0, 0x3F, 0xF8, 0x00, 0x00, 0x01, 0xFF,
    0xF0, 0x03, 0xFF, 0x80, 0x00, 0x00, 0x2F, 0xFE, 0x00, 0x3F, 0xF8, 0x00, 0x00, 0x02, 0xFF, 0xC0,
    0x03, 0xFF, 0xFF, 0xF8, 0x00, 0x3F, 0xFC, 0x00, 0x7F, 0xFF, 0xFF, 0xF4, 0x03, 0xFF, 0x40, 0x07,
    0xFF, 0xFF, 0xFF, 0xC0, 0x7F, 0xF0, 0x00, 0xBF, 0xFE, 0xBF, 0xFE, 0x0B, 0xFF, 0x00, 0x0F, 0xFE,
    0x00, 0xFF, 0xF0, 0xFF, 0xF0, 0x00, 0xFF, 0xD0, 0x0B, 0xFF, 0x0F, 0xFE, 0x00, 0x0F, 0xFD, 0x00,
    0xBF, 0xF0, 0xFF, 0xD0, 0x00, 0xFF, 0xE0, 0x0F, 0xFE, 0x1F, 0xFC, 0x00, 0x0F, 0xFF, 0x9B, 0xFF,
    0xC2, 0xFF, 0xC0, 0x00, 0xBF, 0xFF, 0xFF, 0xF8, 0x3F, 0xF8, 0x00, 0x03, 0xFF, 0xFF, 0xFF, 0x03,
    0xFF, 0x80, 0x00, 0x1F, 0xFF, 0xFF, 0x80, 0x3F, 0xF4, 0x00, 0x00, 0x2F, 0xFF, 0x80, 0x00, 0x00,
    0x07, 0xFF, 0x00, 0x00, 0x06, 0xFF, 0xFA, 0x40, 0x00, 0x2F, 0xFC, 0x00, 0x02, 0xFF, 0xFF, 0xFF,
    0xD0, 0x00, 0xFF, 0xE0, 0x00, 0x3F, 0xFF, 0xFF, 0xFF, 0x40, 0x03, 0xFF, 0x40, 0x07, 0xFF, 0xFF,
    0xFF, 0xFC, 0x00, 0x1F, 0xFD, 0x00, 0x7F, 0xFF, 0xD5, 0xAF, 0xD0, 0x00, 0xBF, 0xF0, 0x03, 0xFF,
    0xF0, 0x00, 0x0B, 0x00, 0x02, 0xFF, 0xC0, 0x2F, 0xFF, 0x00, 0x00, 0x00, 0x00, 0x0F, 0xFE, 0x01,
    0xFF, 0xF0, 0x00, 0x00, 0x00, 0x00, 0x3F, 0xF4, 0x0B, 0xFF, 0x40, 0x00, 0x00, 0x00, 0x01, 0xFF,
    0xD0, 0x3F, 0xFC, 0x00, 0x00, 0x00, 0x00, 0x0B, 0xFF, 0x56, 0xFF, 0xE5, 0x55, 0x54, 0x00, 0x00,
    0x3F, 0xFF, 0xFF, 0xFF, 0xFF, 0xFF, 0xF0, 0x00, 0x00, 0xFF, 0xFF, 0xFF, 0xFF, 0xFF, 0xFF, 0x80,
    0x00, 0x03, 0xFF, 0xFF, 0xFF, 0xFF, 0xFF, 0xFD, 0x00, 0x00, 0x1F, 0xFF, 0xFF, 0xFF, 0xFF, 0xFF,
    0xF0, 0x00, 0x00, 0xBF, 0xF0, 0x1F, 0xFD, 0x00, 0x00, 0x00, 0x00, 0x03, 0xFF, 0x80, 0x7F, 0xF4,
    0x00, 0x00, 0x00, 0x00, 0x0F, 0xFD, 0x01, 0xFF, 0xD0, 0x00, 0x00, 0x00, 0x00, 0x3F, 0xF4, 0x07,
    0xFF, 0x40, 0x00, 0x00, 0x00, 0x01, 0xFF, 0xC0, 0x0F, 0xFE, 0x00, 0x00, 0x00, 0x00, 0x0B, 0xFF,
    0x00, 0x3F, 0xFC, 0x00, 0x00, 0x00, 0x00, 0x3F, 0xF8, 0x00, 0xBF, 0xFC, 0x00, 0x01, 0x80, 0x00,
    0xFF, 0xD0, 0x00, 0xFF, 0xFE, 0x56, 0xFE, 0x00, 0x07, 0xFF, 0x40, 0x01, 0xFF, 0xFF, 0xFF, 0xF8,
    0x00, 0x2F, 0xFC, 0x00, 0x02, 0xFF, 0xFF, 0xFF, 0xE0, 0x00, 0xBF, 0xF0, 0x00, 0x01, 0xFF, 0xFF,
    0xFF, 0x80, 0x03, 0xFF, 0x80, 0x00, 0x00, 0x6F, 0xFF, 0xA4, 0x00, 0x00, 0x00, 0x3F, 0xF8, 0x00,
    0x02, 0xFF, 0xF9, 0x00, 0x1F, 0xFD, 0x00, 0x0B, 0xFF, 0xFF, 0xD0, 0x07, 0xFF, 0x00, 0x0F, 0xFF,
    0xFF, 0xF0, 0x02, 0xFF, 0xC0, 0x0F, 0xFF, 0xFF, 0xF8, 0x00, 0xFF, 0xE0, 0x0F, 0xFF, 0xE5, 0xBC,
    0x00, 0x3F, 0xF4, 0x0B, 0xFF, 0xC0, 0x00, 0x00, 0x1F, 0xFC, 0x03, 0xFF, 0xC0, 0x00, 0x00, 0x0B,
    0xFF, 0x01, 0xFF, 0xD0, 0x00, 0x00, 0x02, 0xFF, 0xFF, 0xFF, 0xFF, 0xFF, 0x80, 0x00, 0xFF, 0xFF,
    0xFF, 0xFF, 0xFF, 0xD0, 0x00, 0x3F, 0xFF, 0xFF, 0xFF, 0xFF, 0xF0, 0x00, 0x1F, 0xFF, 0xFF, 0xFF,
    0xFF, 0xFC, 0x00, 0x0B, 0xFF, 0x56, 0xFF, 0xD5, 0x55, 0x00, 0x03, 0xFF, 0xC0, 0x7F, 0xF0, 0x00,
    0x00, 0x00, 0xFF, 0xE0, 0x1F, 0xFD, 0x00, 0x00, 0x00, 0x3F, 0xF4, 0x03, 0xFF, 0xC0, 0x01, 0x40,
    0x1F, 0xFC, 0x00, 0xFF, 0xFD, 0x5B, 0xD0, 0x0B, 0xFF, 0x00, 0x2F, 0xFF, 0xFF, 0xF4, 0x03, 0xFF,
    0x80, 0x03, 0xFF, 0xFF, 0xFD, 0x00, 0xFF, 0xE0, 0x00, 0x2F, 0xFF, 0xFF, 0x40, 0x3F, 0xF4, 0x00,
    0x01, 0xBF, 0xF9, 0x00, 0x00, 0x00, 0x00, 0x00, 0x02, 0xFF, 0xF4, 0x00, 0x00, 0x00, 0x00, 0x7F,
    0xFF, 0x80, 0x00, 0x00, 0x00, 0x0F, 0xFF, 0xF8, 0x00, 0x00, 0x00, 0x01, 0xFF, 0xFF, 0xC0, 0x00,
    0x00, 0x00, 0x3F, 0xFF, 0xFC, 0x00, 0x00, 0x00, 0x07, 0xFE, 0xBF, 0xC0, 0x00, 0x00, 0x00, 0xFF,
    0xDB, 0xFC, 0x00, 0x00, 0x00, 0x2F, 0xFC, 0x7F, 0xD0, 0x00, 0x00, 0x03, 0xFF, 0x47, 0xFD, 0x00,
    0x00, 0x00, 0xBF, 0xF0, 0x3F, 0xE0, 0x00, 0x00, 0x0F, 0xFD, 0x03, 0xFE, 0x00, 0x00, 0x02, 0xFF,
    0xFF, 0xFF, 0xF0, 0x00, 0x00, 0x7F, 0xFF, 0xFF, 0xFF, 0x00, 0x00, 0x0F, 0xFF, 0xFF, 0xFF, 0xF0,
    0x00, 0x01, 0xFF, 0xFF, 0xFF, 0xFF, 0x40, 0x00, 0x3F, 0xFA, 0xFF, 0xAF, 0xF4, 0x00, 0x07, 0xFF,
    0x2F, 0xF5, 0xFF, 0x80, 0x00, 0xFF, 0xE3, 0xFF, 0x1F, 0xF8, 0x00, 0x2F, 0xFC, 0x3F, 0xF0, 0xFF,
    0xC0, 0x03, 0xFF, 0x87, 0xFE, 0x0F, 0xFC, 0x00, 0xBF, 0xF0, 0xBF, 0xE0, 0xFF, 0xC0, 0x0F, 0xFD,
    0x0F, 0xFD, 0x0F, 0xFC, 0x03, 0xFF, 0xC0, 0xFF, 0xC0, 0xFF, 0xD0, 0x7F, 0xF4, 0x0F, 0xFC, 0x0B,
    0xFD, 0x0F, 0xFF, 0x01, 0xFF, 0x80, 0xBF, 0xE1, 0xFF, 0xD0, 0x2F, 0xF8, 0x0B, 0xFE, 0x3F, 0xFC,
    0x03, 0xFF, 0x40, 0x7F, 0xF0, 0x00, 0x00, 0x00, 0xBF, 0xFD, 0x00, 0x00, 0x00, 0x03, 0xFF, 0xF8,
    0x00, 0x00, 0x00, 0x2F, 0xFF, 0xF0, 0x00, 0x00, 0x01, 0xFF, 0xFF, 0xC0, 0x00, 0x00, 0x0F, 0xFE,
    0xFF, 0x00, 0x00, 0x00, 0x7F, 0xE7, 0xFD, 0x00, 0x00, 0x03, 0xFF, 0x0F, 0xF4, 0x00, 0x00, 0x2F,
    0xF8, 0x3F, 0xE0, 0x00, 0x00, 0xFF, 0xC0, 0xFF, 0xC0, 0x00, 0x0B, 0xFF, 0xFF, 0xFF, 0x00, 0x00,
    0x7F, 0xFF, 0xFF, 0xFC, 0x00, 0x03, 0xFF, 0xFF, 0xFF, 0xF4, 0x00, 0x1F, 0xFF, 0xFF, 0xFF, 0xD0,
    0x00, 0xFF, 0xEF, 0xFE, 0xFF, 0x80, 0x0B, 0xFF, 0x3F, 0xF3, 0xFF, 0x00, 0x3F, 0xF4, 0xFF, 0x8F,
    0xFC, 0x02, 0xFF, 0xC7, 0xFD, 0x3F, 0xF0, 0x1F, 0xFD, 0x2F, 0xF0, 0xBF, 0xD0, 0xFF, 0xE0, 0xFF,
    0xC2, 0xFF, 0x47, 0xFF, 0x03, 0xFF, 0x07, 0xFE, 0x3F, 0xF8, 0x1F, 0xF8, 0x1F, 0xFC, 0x00, 0x07,
    0xFF, 0x00, 0x00, 0x0F, 0xFF, 0xC0, 0x00, 0x02, 0xFF, 0xC0, 0x00, 0x0B, 0xFF, 0xF0, 0x00, 0x00,
    0xFF, 0xE0, 0x00, 0x03, 0xFF, 0xFD, 0x00, 0x00, 0x3F, 0xF4, 0x00, 0x02, 0xFF, 0xFF, 0x40, 0x00,
    0x1F, 0xFC, 0x00, 0x01, 0xFF, 0xFF, 0xE0, 0x00, 0x0B, 0xFF, 0x00, 0x00, 0xFF, 0xDF, 0xF8, 0x00,
    0x02, 0xFF, 0xC0, 0x00, 0x7F, 0xF3, 0xFF, 0x00, 0x00, 0xFF, 0xE0, 0x00, 0x3F, 0xF4, 0xFF, 0xC0,
    0x00, 0x3F, 0xF4, 0x00, 0x1F, 0xFC, 0x3F, 0xF0, 0x00, 0x1F, 0xFC, 0x00, 0x0F, 0xFD, 0x0B, 0xFC,
    0x00, 0x0B, 0xFF, 0x00, 0x07, 0xFF, 0x02, 0xFF, 0x40, 0x03, 0xFF, 0xFF, 0xFF, 0xFF, 0xFF, 0xFF,
    0xD0, 0x00, 0xFF, 0xFF, 0xFF, 0xFF, 0xFF, 0xFF, 0xF8, 0x00, 0x3F, 0xFF, 0xFF, 0xFF, 0xFF, 0xFF,
    0xFE, 0x00, 0x1F, 0xFF, 0xFF, 0xFF, 0xFF, 0xFF, 0xFF, 0xC0, 0x0B, 0xFF, 0x55, 0xBF, 0xF7, 0xFF,
    0x7F, 0xF0, 0x03, 0xFF, 0x80, 0x3F, 0xF8, 0xFF, 0xCF, 0xFC, 0x00, 0xFF, 0xD0, 0x2F, 0xFC, 0x7F,
    0xE3, 0xFF, 0x00, 0x3F, 0xF0, 0x0F, 0xFE, 0x2F, 0xF4, 0xBF, 0xD0, 0x1F, 0xFC, 0x0B, 0xFF, 0x0F,
    0xFD, 0x2F, 0xF4, 0x0B, 0xFF, 0x03, 0xFF, 0x83, 0xFF, 0x07, 0xFE, 0x03, 0xFF, 0x82, 0xFF, 0xC0,
    0xFF, 0xC1, 0xFF, 0x80, 0xFF, 0xD0, 0xFF, 0xE0, 0x7F, 0xE0, 0x7F, 0xF0, 0x7F, 0xF0, 0xFF, 0xF0,
    0x2F, 0xF4, 0x0F, 0xFC, 0x2F, 0xFC, 0x7F, 0xF4, 0x0F, 0xFD, 0x03, 0xFF, 0x0B, 0xFE, 0x3F, 0xFC,
    0x03, 0xFF, 0x00, 0xFF, 0xC3, 0xFF, 0x9F, 0xFD, 0x01, 0xFF, 0xC0, 0x3F, 0xF4, 0x00, 0x3F, 0xF0,
    0x00, 0x03, 0xFF, 0xF0, 0x00, 0x07, 0xFE, 0x00, 0x00, 0xBF, 0xFF, 0x00, 0x00, 0x7F, 0xD0, 0x00,
    0x0F, 0xFF, 0xF4, 0x00, 0x0B, 0xFD, 0x00, 0x02, 0xFF, 0xFF, 0x80, 0x00, 0xFF, 0xC0, 0x00, 0x7F,
    0xEF, 0xF8, 0x00, 0x0F, 0xFC, 0x00, 0x0F, 0xFC, 0xBF, 0xC0, 0x01, 0xFF, 0x80, 0x01, 0xFF, 0x8B,
    0xFC, 0x00, 0x2F, 0xF4, 0x00, 0x3F, 0xF0, 0x7F, 0xC0, 0x02, 0xFF, 0xFF, 0xFF, 0xFF, 0xFF, 0xFD,
    0x00, 0x3F, 0xFF, 0xFF, 0xFF, 0xFF, 0xFF, 0xE0, 0x03, 0xFF, 0xFF, 0xFF, 0xFF, 0xFF, 0xFE, 0x00,
    0x7F, 0xFF, 0xFF, 0xFF, 0xFF, 0xFF, 0xF0, 0x0B, 0xFD, 0x00, 0xFF, 0xDF, 0xFB, 0xFF, 0x00, 0xFF,
    0xC0, 0x2F, 0xFC, 0xFF, 0x6F, 0xF0, 0x0F, 0xFC, 0x03, 0xFF, 0x5F, 0xF6, 0xFF, 0x40, 0xFF, 0x80,
    0xBF, 0xF2, 0xFF, 0x1F, 0xF8, 0x1F, 0xF8, 0x0F, 0xFD, 0x3F, 0xF0, 0xFF, 0x82, 0xFF, 0x43, 0xFF,
    0x83, 0xFF, 0x0F, 0xFC, 0x3F, 0xF0, 0x7F, 0xF0, 0x7F, 0xE0, 0xFF, 0xC3, 0xFF, 0x0F, 0xFE, 0x07,
    0xFD, 0x0F, 0xFC, 0x3F, 0xE1, 0xFF, 0xC0, 0xBF, 0xC0, 0xBF, 0xD0, 0x00, 0x00, 0xBF, 0xFF, 0xFF,
    0xFF, 0xFF, 0xF0, 0x00, 0x03, 0xFF, 0xFF, 0xFF, 0xFF, 0xFF, 0xC0, 0x00, 0x0F, 0xFF, 0xFF, 0xFF,
    0xFF, 0xFE, 0x00, 0x00, 0x2F, 0xFF, 0xFF, 0xFF, 0xFF, 0xE0, 0x00, 0x00, 0x3F, 0xF9, 0x55, 0x6F,
    0xFF, 0x00, 0x00, 0x00, 0xBF, 0xE0, 0x01, 0xFF, 0xF0, 0x00, 0x00, 0x00, 0xFF, 0xC0, 0x0F, 0xFF,
    0x00, 0x00, 0x00, 0x02, 0xFF, 0x80, 0xFF, 0xF0, 0x00, 0x00, 0x00, 0x03, 0xFF, 0x0B, 0xFF, 0x00,
    0x00, 0x00, 0x00, 0x0B, 0xFE, 0x7F, 0xF0, 0x00, 0x00, 0x00, 0x00, 0x0F, 0xFF, 0xFF, 0x40, 0x00,
    0x00, 0x00, 0x06, 0xFF, 0xFF, 0xFD, 0x00, 0x00, 0x00, 0x00, 0xBF, 0xFF, 0xFF, 0xFF, 0x00, 0x00,
    0x00, 0x0F, 0xFF, 0xFF, 0xFF, 0xFE, 0x00, 0x00, 0x00, 0xBF, 0xFF, 0xFF, 0xFF, 0xFC, 0x00, 0x00,
    0x07, 0xFF, 0x8F, 0xFF, 0x3F, 0xF8, 0x00, 0x00, 0x3F, 0xF8, 0x3F, 0xF8, 0x7F, 0xF0, 0x00, 0x01,
    0xFF, 0xC0, 0xFF, 0xD1, 0xFF, 0xC0, 0x00, 0x0B, 0xFE, 0x07, 0xFF, 0x03, 0xFF, 0x00, 0x00, 0x3F,
    0xF4, 0x2F, 0xFC, 0x0F, 0xFC, 0x00, 0x02, 0xFF, 0xC0, 0xFF, 0xF0, 0x3F, 0xF0, 0x00, 0x0F, 0xFD,
    0x03, 0xFF, 0x80, 0xFF, 0xD0, 0x00, 0xBF, 0xF0, 0x0F, 0xFD, 0x03, 0xFF, 0x40, 0x03, 0xFF, 0x80,
    0x7F, 0xF0, 0x0F, 0xFD, 0x00, 0x1F, 0xFD, 0x02, 0xFF, 0xC0, 0x3F, 0xF4, 0x00, 0xFF, 0xF0, 0x0F,
    0xFF, 0x00, 0xFF, 0xE0, 0x07, 0xFF, 0x40, 0x3F, 0xF8, 0x03, 0xFF, 0x80, 0x00, 0x00, 0x0F, 0xFF,
    0xFF, 0xFF, 0xFF, 0x00, 0x03, 0xFF, 0xFF, 0xFF, 0xFF, 0xC0, 0x00, 0xFF, 0xFF, 0xFF, 0xFF, 0xD0,
    0x00, 0x1F, 0xFF, 0xFF, 0xFF, 0xE0, 0x00, 0x03, 0xFE, 0x55, 0xBF, 0xE0, 0x00, 0x00, 0x7F, 0xC0,
    0x3F, 0xE0, 0x00, 0x00, 0x0F, 0xF4, 0x3F, 0xF0, 0x00, 0x00, 0x01, 0xFF, 0x2F, 0xF0, 0x00, 0x00,
    0x00, 0x3F, 0xFF, 0xF0, 0x00, 0x00, 0x00, 0x6F, 0xFF, 0xFC, 0x00, 0x00, 0x00, 0xBF, 0xFF, 0xFF,
    0xD0, 0x00, 0x00, 0xFF, 0xFF, 0xFF, 0xFC, 0x00, 0x00, 0xBF, 0xFF, 0xFF, 0xFF, 0x00, 0x00, 0x3F,
    0xF3, 0xFF, 0x3F, 0xD0, 0x00, 0x2F, 0xF0, 0xFF, 0x8F, 0xF8, 0x00, 0x0F, 0xF8, 0x7F, 0xD2, 0xFF,
    0x00, 0x0B, 0xFC, 0x1F, 0xF4, 0xBF, 0xC0, 0x03, 0xFE, 0x0B, 0xFC, 0x1F, 0xF0, 0x02, 0xFF, 0x43,
    0xFF, 0x07, 0xFC, 0x00, 0xFF, 0xC0, 0xFF, 0x81, 0xFF, 0x40, 0xBF, 0xD0, 0x7F, 0xD0, 0x7F, 0xD0,
    0x00, 0x00, 0x07, 0xFF, 0x00, 0xFF, 0xFF, 0xFF, 0xFF, 0xFF, 0xE0, 0x00, 0xBF, 0xF0, 0x1F, 0xFF,
    0xFF, 0xFF, 0xFF, 0xFD, 0x00, 0x0F, 0xFE, 0x01, 0xFF, 0xFF, 0xFF, 0xFF, 0xFF, 0xC0, 0x00, 0xFF,
    0xD0, 0x0F, 0xFF, 0xFF, 0xFF, 0xFF, 0xF4, 0x00, 0x1F, 0xFD, 0x00, 0xBF, 0xF5, 0x55, 0x7F, 0xFE,
    0x00, 0x02, 0xFF, 0xC0, 0x03, 0xFF, 0x40, 0x0B, 0xFF, 0x80, 0x00, 0x2F, 0xFC, 0x00, 0x2F, 0xF8,
    0x02, 0xFF, 0xE0, 0x00, 0x03, 0xFF, 0x80, 0x00, 0xFF, 0xC0, 0x7F, 0xFC, 0x00, 0x00, 0x3F, 0xF4,
    0x00, 0x0B, 0xFE, 0x0F, 0xFF, 0x00, 0x00, 0x07, 0xFF, 0x40, 0x00, 0x3F, 0xF3, 0xFF, 0xC0, 0x00,
    0x00, 0xBF, 0xF5, 0x55, 0x57, 0xFF, 0xFF, 0xF0, 0x00, 0x00, 0x0F, 0xFF, 0xFF, 0xFF, 0xFF, 0xFF,
    0xFE, 0x00, 0x00, 0x00, 0xFF, 0xFF, 0xFF, 0xFF, 0xFF, 0xFF, 0xFC, 0x00, 0x00, 0x0F, 0xFF, 0xFF,
    0xFF, 0xFF, 0xFF, 0xFF, 0xF0, 0x00, 0x01, 0xFF, 0xFF, 0xFF, 0xFF, 0xFF, 0xFF, 0xFF, 0x80, 0x00,
    0x2F, 0xFC, 0x02, 0xFF, 0xD7, 0xFF, 0x5F, 0xFC, 0x00, 0x03, 0xFF, 0x80, 0x3F, 0xF4, 0x7F, 0xF0,
    0xFF, 0xD0, 0x00, 0x3F, 0xF4, 0x0B, 0xFF, 0x0B, 0xFF, 0x0B, 0xFE, 0x00, 0x03, 0xFF, 0x40, 0xFF,
    0xD0, 0xFF, 0xE0, 0xBF, 0xE0, 0x00, 0x7F, 0xF0, 0x2F, 0xFC, 0x0F, 0xFE, 0x0B, 0xFE, 0x00, 0x0B,
    0xFF, 0x03, 0xFF, 0x41, 0xFF, 0xD0, 0xBF, 0xF0, 0x00, 0xFF, 0xE0, 0xBF, 0xF0, 0x1F, 0xFC, 0x0B,
    0xFF, 0x00, 0x0F, 0xFD, 0x0F, 0xFE, 0x02, 0xFF, 0xC0, 0x7F, 0xF0, 0x01, 0xFF, 0xD1, 0xFF, 0xD0,
    0x3F, 0xFC, 0x07, 0xFF, 0x00, 0x2F, 0xFC, 0x3F, 0xFC, 0x03, 0xFF, 0x80, 0x7F, 0xF0, 0x02, 0xFF,
    0xC7, 0xFF, 0x40, 0x3F, 0xF4, 0x07, 0xFF, 0x00, 0x3F, 0xF8, 0xFF, 0xF0, 0x07, 0xFF, 0x00, 0x7F,
    0xF0, 0x00, 0x00, 0x3F, 0xF0, 0x2F, 0xFF, 0xFF, 0xFF, 0xFE, 0x00, 0x7F, 0xE0, 0x3F, 0xFF, 0xFF,
    0xFF, 0xFD, 0x00, 0x7F, 0xD0, 0x2F, 0xFF, 0xFF, 0xFF, 0xF8, 0x00, 0xBF, 0xD0, 0x0F, 0xFF, 0xFF,
    0xFF, 0xE0, 0x00, 0xFF, 0xC0, 0x0B, 0xFD, 0x55, 0xFF, 0xC0, 0x00, 0xFF, 0xC0, 0x03, 0xFD, 0x03,
    0xFF, 0x00, 0x01, 0xFF, 0x80, 0x01, 0xFF, 0x0B, 0xFC, 0x00, 0x02, 0xFF, 0x40, 0x00, 0xFF, 0x1F,
    0xF0, 0x00, 0x02, 0xFF, 0xFF, 0xFF, 0xFF, 0xFF, 0xC0, 0x00, 0x03, 0xFF, 0xFF, 0xFF, 0xFF, 0xFF,
    0xF0, 0x00, 0x03, 0xFF, 0xFF, 0xFF, 0xFF, 0xFF, 0xFC, 0x00, 0x07, 0xFF, 0xFF, 0xFF, 0xFF, 0xFF,
    0xFD, 0x00, 0x0B, 0xFE, 0x55, 0xFF, 0xEF, 0xFB, 0xFE, 0x00, 0x0F, 0xFC, 0x03, 0xFF, 0x2F, 0xF2,
    0xFF, 0x00, 0x0F, 0xFC, 0x07, 0xFD, 0x3F, 0xF1, 0xFF, 0x00, 0x0F, 0xFC, 0x0F, 0xFC, 0x3F, 0xF1,
    0xFF, 0x00, 0x1F, 0xF8, 0x1F, 0xF4, 0x3F, 0xE0, 0xFF, 0x40, 0x2F, 0xF4, 0x3F, 0xF0, 0x7F, 0xD0,
    0xFF, 0x40, 0x3F, 0xF0, 0x7F, 0xE0, 0xBF, 0xC0, 0xFF, 0x40, 0x3F, 0xF0, 0xFF, 0xC0, 0xFF, 0xC0,
    0xFF, 0x80, 0x3F, 0xE1, 0xFF, 0x80, 0xFF, 0xC0, 0xFF, 0x80, 0x00, 0x00, 0x00, 0x00, 0x00, 0xBE,
    0x00, 0x00, 0x0B, 0xE0, 0x0B, 0xFF, 0x00, 0x00, 0x03, 0xF8, 0x2F, 0xFF, 0x00, 0x00, 0x01, 0xFE,
    0xBF, 0xD0, 0x00, 0x00, 0x00, 0xBF, 0xFF, 0x00, 0x00, 0x00, 0x00, 0x7F, 0xFC, 0x00, 0x00, 0x00,
    0x1B, 0xFF, 0xFF, 0x80, 0x00, 0x01, 0xFF, 0xFF, 0xFF, 0xF0, 0x00, 0x0B, 0xFF, 0xFF, 0xFF, 0xFC,
    0x00, 0x07, 0xFF, 0xFF, 0xFF, 0xFD, 0x00, 0x03, 0xFE, 0x40, 0x7F, 0xFF, 0x00, 0x01, 0xE0, 0x00,
    0x0F, 0xFF, 0x00, 0x00, 0x00, 0x00, 0x0F, 0xFF, 0x00, 0x00, 0x00, 0x00, 0x0F, 0xFF, 0x00, 0x00,
    0x00, 0x00, 0x0F, 0xFE, 0x00, 0x00, 0x00, 0x00, 0x3F, 0xFC, 0x00, 0x00, 0x00, 0x06, 0xFF, 0xF4,
    0x00, 0x00, 0x7F, 0xFF, 0xFF, 0xD0, 0x00, 0x00, 0x7F, 0xFF, 0xFD, 0x00, 0x00, 0x00, 0xBF, 0xFF,
    0xE4, 0x00, 0x00, 0x00, 0xFF, 0xFF, 0xFF, 0x00, 0x00, 0x00, 0x55, 0x6F, 0xFF, 0xC0, 0x00, 0x00,
    0x00, 0x02, 0xFF, 0xE0, 0x00, 0x00, 0x00, 0x00, 0xFF, 0xF0, 0x00, 0x00, 0x00, 0x00, 0xBF, 0xF0,
    0x00, 0x00, 0x00, 0x00, 0xFF, 0xF0, 0x00, 0x00, 0x00, 0x01, 0xFF, 0xF0, 0x00, 0x00, 0x00, 0x07,
    0xFF, 0xE0, 0x00, 0x00, 0x05, 0xBF, 0xFF, 0xC0, 0x00, 0x1B, 0xFF, 0xFF, 0xFF, 0x80, 0x01, 0xFF,
    0xFF, 0xFF, 0xFD, 0x00, 0x0F, 0xFF, 0xFF, 0xFF, 0xE0, 0x00, 0x2F, 0xFF, 0xFF, 0xF9, 0x00, 0x00,
    0x3F, 0xFF, 0x94, 0x00, 0x00, 0x00, 0x7F, 0xF4, 0x00, 0x00, 0x00, 0x00, 0x7F, 0xF0, 0x00, 0x00,
    0x00, 0x00, 0x7F, 0xFD, 0x55, 0x54, 0x00, 0x00, 0x3F, 0xFF, 0xFF, 0xFF, 0x40, 0x00, 0x2F, 0xFF,
    0xFF, 0xFF, 0x80, 0x00, 0x0F, 0xFF, 0xFF, 0xFF, 0x80, 0x00, 0x01, 0xBF, 0xFF, 0xFF, 0x80, 0x00,
    0x00, 0x00, 0x00, 0x00, 0x40, 0x00, 0x00, 0x00, 0x54, 0x00, 0x2F, 0xD0, 0x00, 0x0F, 0xE0, 0x0F,
    0xFE, 0x00, 0x00, 0x7F, 0x87, 0xFF, 0xD0, 0x00, 0x02, 0xFE, 0xFF, 0x40, 0x00, 0x00, 0x1F, 0xFF,
    0xD0, 0x00, 0x00, 0xBF, 0xFF, 0xFF, 0x80, 0x00, 0x1F, 0xFF, 0xFF, 0xFF, 0x00, 0x00, 0xFF, 0xFF,
    0xFF, 0xF4, 0x00, 0x0F, 0xE4, 0x1B, 0xFF, 0x80, 0x00, 0x00, 0x00, 0x3F, 0xF8, 0x00, 0x00, 0x00,
    0x03, 0xFF, 0x40, 0x00, 0x00, 0x01, 0xBF, 0xF0, 0x00, 0x00, 0xFF, 0xFF, 0xFD, 0x00, 0x00, 0x0F,
    0xFF, 0xFE, 0x00, 0x00, 0x01, 0xFF, 0xFF, 0x80, 0x00, 0x00, 0x1F, 0xFF, 0xFF, 0x40, 0x00, 0x00,
    0x55, 0xBF, 0xFC, 0x00, 0x00, 0x00, 0x01, 0xFF, 0xD0, 0x00, 0x00, 0x00, 0x0F, 0xFD, 0x00, 0x00,
    0x00, 0x01, 0xFF, 0xD0, 0x00, 0x00, 0x01, 0xBF, 0xFC, 0x00, 0x00, 0x6B, 0xFF, 0xFF, 0x80, 0x01,
    0xFF, 0xFF, 0xFF, 0xF0, 0x00, 0xFF, 0xFF, 0xFF, 0xF8, 0x00, 0x3F, 0xFF, 0xFF, 0xE4, 0x00, 0x07,
    0xFF, 0xE5, 0x00, 0x00, 0x00, 0xBF, 0xD0, 0x00, 0x00, 0x00, 0x0B, 0xFC, 0x00, 0x00, 0x00, 0x00,
    0xBF, 0xF5, 0x55, 0x50, 0x00, 0x07, 0xFF, 0xFF, 0xFF, 0xD0, 0x00, 0x3F, 0xFF, 0xFF, 0xFD, 0x00,
    0x01, 0xFF, 0xFF, 0xFF, 0xD0, 0x00, 0x02, 0xFF, 0xFF, 0xFD, 0x00, 0x00, 0x00, 0x00, 0x00, 0x40,
    0x00, 0x0B, 0xFE, 0x00, 0x3F, 0xF4, 0x00, 0xFF, 0xC0, 0xFF, 0xD0, 0x03, 0xFF, 0x00, 0x1F, 0xFC,
    0x0F, 0xFD, 0x00, 0x7F, 0xF0, 0x02, 0xFF, 0x81, 0xFF, 0xC0, 0x0B, 0xFE, 0x00, 0x3F, 0xF4, 0x2F,
    0xFC, 0x00, 0xFF, 0xE0, 0x03, 0xFF, 0x02, 0xFF, 0x80, 0x0F, 0xFD, 0x00, 0x7F, 0xF0, 0x3F, 0xF4,
    0x00, 0xFF, 0xC0, 0x07, 0xFF, 0x03, 0xFF, 0x00, 0x1F, 0xFC, 0x00, 0xBF, 0xE0, 0x7F, 0xF0, 0x02,
    0xFF, 0x80, 0x0F, 0xFD, 0x0B, 0xFF, 0x00, 0x3F, 0xF8, 0x00, 0xFF, 0xC0, 0xBF, 0xE0, 0x03, 0xFF,
    0x40, 0x1F, 0xFC, 0x0F, 0xFE, 0x00, 0x3F, 0xF0, 0x02, 0xFF, 0x80, 0xFF, 0xE0, 0x07, 0xFF, 0x00,
    0x3F, 0xF4, 0x0F, 0xFE, 0x00, 0xBF, 0xE0, 0x0B, 0xFF, 0x00, 0xBF, 0xF4, 0x0F, 0xFD, 0x02, 0xFF,
    0xD0, 0x07, 0xFF, 0xE5, 0xFF, 0xE6, 0xFF, 0xF8, 0x00, 0x3F, 0xFF, 0xFF, 0xFF, 0xFF, 0xFF, 0x00,
    0x00, 0xFF, 0xFF, 0xFF, 0xFF, 0xFF, 0x80, 0x00, 0x03, 0xFF, 0xFF, 0xFF, 0xFF, 0xD0, 0x00, 0x00,
    0x06, 0xFF, 0xFF, 0xFE, 0x90, 0x00, 0x00, 0x00, 0x00, 0x3F, 0xF0, 0x00, 0x00, 0x00, 0x00, 0x00,
    0x07, 0xFF, 0x00, 0x00, 0x00, 0x00, 0x00, 0x00, 0xBF, 0xE0, 0x00, 0x00, 0x00, 0x00, 0x00, 0x0F,
    0xFD, 0x00, 0x00, 0x00, 0x00, 0x00, 0x00, 0xFF, 0xD0, 0x00, 0x00, 0x00, 0x00, 0x00, 0x1F, 0xFC,
    0x00, 0x00, 0x00, 0x00, 0x00, 0x01, 0xFF, 0xC0, 0x00, 0x00, 0x00, 0x00, 0x00, 0x00, 0x00, 0x03,
    0xFF, 0x40, 0x00, 0x00, 0x00, 0x00, 0x03, 0xFF, 0x00, 0x00, 0x00, 0x00, 0x00, 0x07, 0xFF, 0x00,
    0x00, 0x00, 0x00, 0x00, 0x0B, 0xFE, 0x00, 0x00, 0x00, 0x00, 0x00, 0x0F, 0xFD, 0x00, 0x00, 0x00,
    0x00, 0x00, 0x0F, 0xFC, 0x00, 0x00, 0x00, 0x00, 0x00, 0x1F, 0xFC, 0x00, 0x00, 0x00, 0x00, 0x00,
    0x1F, 0xFC, 0x00, 0x00, 0x01, 0xFF, 0xC0, 0x2F, 0xF8, 0x0F, 0xFE, 0x02, 0xFF, 0xC0, 0x3F, 0xF4,
    0x0F, 0xFE, 0x02, 0xFF, 0xC0, 0x3F, 0xF0, 0x0F, 0xFE, 0x03, 0xFF, 0x80, 0x7F, 0xF0, 0x0F, 0xFE,
    0x03, 0xFF, 0x40, 0xBF, 0xF0, 0x0F, 0xFE, 0x07, 0xFF, 0x00, 0xFF, 0xE0, 0x0F, 0xFE, 0x0B, 0xFF,
    0x00, 0xFF, 0xD0, 0x0F, 0xFD, 0x0F, 0xFF, 0x00, 0xFF, 0xC0, 0x1F, 0xFD, 0x0F, 0xFE, 0x01, 0xFF,
    0xC0, 0x1F, 0xFC, 0x0F, 0xFD, 0x02, 0xFF, 0x80, 0x2F, 0xFC, 0x1F, 0xFC, 0x03, 0xFF, 0x80, 0x3F,
    0xFC, 0x2F, 0xFC, 0x03, 0xFF, 0x40, 0x3F, 0xF8, 0x3F, 0xFC, 0x03, 0xFF, 0x00, 0x7F, 0xF4, 0x3F,
    0xF8, 0x07, 0xFF, 0x00, 0xFF, 0xF0, 0x3F, 0xF8, 0x0B, 0xFE, 0x02, 0xFF, 0xD0, 0x3F, 0xFC, 0x0F,
    0xFD, 0x0B, 0xFF, 0xC0, 0x2F, 0xFF, 0x9F, 0xFE, 0xBF, 0xFF, 0x00, 0x0F, 0xFF, 0xFF, 0xFF, 0xFF,
    0xFC, 0x00, 0x0B, 0xFF, 0xFF, 0xFF, 0xFF, 0xF0, 0x00, 0x02, 0xFF, 0xFF, 0xFF, 0xFF, 0x40, 0x00,
    0x00, 0x1F, 0xFF, 0xFF, 0xE4, 0x00, 0x00, 0x00, 0x00, 0x3F, 0xF0, 0x00, 0x00, 0x00, 0x00, 0x00,
    0x7F, 0xF0, 0x00, 0x00, 0x00, 0x00, 0x00, 0xBF, 0xF0, 0x00, 0x00, 0x00, 0x00, 0x00, 0xBF, 0xE0,
    0x00, 0x00, 0x00, 0x00, 0x00, 0xFF, 0xD0, 0x00, 0x00, 0x00, 0x00, 0x00, 0xFF, 0xC0, 0x00, 0x00,
    0x00, 0x00, 0x01, 0xFF, 0xC0, 0x00, 0x00, 0x00, 0x00, 0x02, 0xFF, 0xC0, 0x00, 0x00, 0x00, 0x00,
    0x03, 0xFF, 0x80, 0x00, 0x00, 0x00, 0x00, 0x00, 0x06, 0xFF, 0xE4, 0x00, 0x00, 0x00, 0x2F, 0xFF,
    0xFF, 0xD0, 0x00, 0x00, 0x7F, 0xFF, 0xFF, 0xFD, 0x00, 0x00, 0xBF, 0xFF, 0xFF, 0xFF, 0xD0, 0x00,
    0xBF, 0xFF, 0x96, 0xFF, 0xFC, 0x00, 0x7F, 0xFD, 0x00, 0x0F, 0xFF, 0x40, 0x3F, 0xFC, 0x00, 0x00,
    0xFF, 0xF0, 0x2F, 0xFD, 0x00, 0x00, 0x2F, 0xFC, 0x0F, 0xFE, 0x00, 0x00, 0x07, 0xFF, 0x07, 0xFF,
    0x40, 0x00, 0x01, 0xFF, 0xC3, 0xFF, 0xD5, 0x55, 0x55, 0xBF, 0xF0, 0xFF, 0xFF, 0xFF, 0xFF, 0xFF,
    0xFC, 0x7F, 0xFF, 0xFF, 0xFF, 0xFF, 0xFF, 0x2F, 0xFF, 0xFF, 0xFF, 0xFF, 0xFF, 0xCB, 0xFF, 0xFF,
    0xFF, 0xFF, 0xFF, 0xF2, 0xFF, 0xC0, 0x00, 0x00, 0x3F, 0xF8, 0xFF, 0xF0, 0x00, 0x00, 0x2F, 0xFD,
    0x3F, 0xFC, 0x00, 0x00, 0x0F, 0xFF, 0x0B, 0xFF, 0x00, 0x00, 0x07, 0xFF, 0x82, 0xFF, 0xC0, 0x00,
    0x03, 0xFF, 0xC0, 0x7F, 0xF8, 0x00, 0x02, 0xFF, 0xE0, 0x0F, 0xFF, 0x80, 0x03, 0xFF, 0xF0, 0x01,
    0xFF, 0xFD, 0x5B, 0xFF, 0xF4, 0x00, 0x3F, 0xFF, 0xFF, 0xFF, 0xF4, 0x00, 0x03, 0xFF, 0xFF, 0xFF,
    0xF4, 0x00, 0x00, 0x2F, 0xFF, 0xFF, 0xE0, 0x00, 0x00, 0x00, 0x6F, 0xFE, 0x40, 0x00, 0x00, 0x00,
    0x01, 0xBF, 0xF8, 0x00, 0x00, 0x0F, 0xFF, 0xFF, 0x40, 0x00, 0x7F, 0xFF, 0xFF, 0xE0, 0x01, 0xFF,
    0xFF, 0xFF, 0xF0, 0x03, 0xFF, 0xE5, 0xBF, 0xF8, 0x0B, 0xFF, 0x40, 0x2F, 0xFC, 0x0F, 0xFE, 0x00,
    0x1F, 0xFC, 0x1F, 0xFC, 0x00, 0x0F, 0xFD, 0x3F, 0xFF, 0xFF, 0xFF, 0xFD, 0x3F, 0xFF, 0xFF, 0xFF,
    0xFC, 0x3F, 0xFF, 0xFF, 0xFF, 0xFC, 0x7F, 0xFF, 0xFF, 0xFF, 0xFC, 0x7F, 0xF5, 0x55, 0x7F, 0xFC,
    0x7F, 0xF0, 0x00, 0x3F, 0xF4, 0x7F, 0xF0, 0x00, 0xBF, 0xF0, 0x3F, 0xF8, 0x01, 0xFF, 0xE0, 0x3F,
    0xFE, 0x5B, 0xFF, 0xC0, 0x1F, 0xFF, 0xFF, 0xFF, 0x40, 0x0B, 0xFF, 0xFF, 0xFD, 0x00, 0x01, 0xFF,
    0xFF, 0xF0, 0x00, 0x00, 0x2F, 0xFE, 0x40, 0x00, 0xBF, 0xF0, 0x00, 0x00, 0x07, 0xFF, 0x7F, 0xF0,
    0x00, 0x00, 0x3F, 0xFF, 0x7F, 0xF0, 0x00, 0x00, 0xFF, 0xFF, 0x7F, 0xF0, 0x00, 0x02, 0xFF, 0xFF,
    0x3F, 0xF0, 0x00, 0x07, 0xFF, 0xD6, 0x3F, 0xF0, 0x00, 0x0F, 0xFF, 0x00, 0x3F, 0xF0, 0x00, 0x1F,
    0xFC, 0x00, 0x3F, 0xF0, 0x00, 0x3F, 0xF8, 0x00, 0x3F, 0xF4, 0x00, 0x7F, 0xF0, 0x00, 0x3F, 0xF4,
    0x00, 0xFF, 0xE0, 0x00, 0x2F, 0xF4, 0x01, 0xFF, 0xC0, 0x00, 0x2F, 0xF4, 0x03, 0xFF, 0x80, 0x00,
    0x2F, 0xF8, 0x07, 0xFF, 0x00, 0x00, 0x1F, 0xF8, 0x0F, 0xFE, 0x00, 0x00, 0x1F, 0xF8, 0x1F, 0xFC,
    0x00, 0x00, 0x1F, 0xF8, 0x3F, 0xF8, 0x00, 0x00, 0x0F, 0xF8, 0x7F, 0xF0, 0x00, 0x00, 0x0F, 0xFC,
    0xBF, 0xE0, 0x00, 0x00, 0x0F, 0xFC, 0xFF, 0xC0, 0x00, 0x00, 0x0F, 0xFE, 0xFF, 0x80, 0x00, 0x00,
    0x0F, 0xFB, 0xFF, 0x00, 0x00, 0x00, 0x0F, 0xFF, 0xFE, 0x00, 0x00, 0x00, 0x0B, 0xFF, 0xFC, 0x00,
    0x00, 0x00, 0x0B, 0xFF, 0xF8, 0x00, 0x00, 0x00, 0x0B, 0xFF, 0xF0, 0x00, 0x00, 0x00, 0x07, 0xFF,
    0xE0, 0x00, 0x00, 0x00, 0x07, 0xFF, 0xC0, 0x00, 0x00, 0x00, 0x3F, 0xF4, 0x00, 0x01, 0xBF, 0x8F,
    0xFD, 0x00, 0x02, 0xFF, 0xF3, 0xFF, 0x40, 0x01, 0xFF, 0xFC, 0xBF, 0xE0, 0x00, 0xFF, 0xFF, 0x2F,
    0xF8, 0x00, 0xBF, 0xF9, 0x47, 0xFE, 0x00, 0x3F, 0xF4, 0x01, 0xFF, 0xC0, 0x2F, 0xFC, 0x00, 0x3F,
    0xF0, 0x0F, 0xFD, 0x00, 0x0F, 0xFC, 0x0B, 0xFF, 0x00, 0x03, 0xFF, 0x03, 0xFF, 0x40, 0x00, 0xFF,
    0xC2, 0xFF, 0xC0, 0x00, 0x3F, 0xF0, 0xFF, 0xD0, 0x00, 0x0B, 0xFC, 0xBF, 0xF0, 0x00, 0x02, 0xFF,
    0x3F, 0xF0, 0x00, 0x00, 0x7F, 0xEF, 0xF8, 0x00, 0x00, 0x1F, 0xFF, 0xFC, 0x00, 0x00, 0x03, 0xFF,
    0xFE, 0x00, 0x00, 0x00, 0xFF, 0xFF, 0x00, 0x00, 0x00, 0x3F, 0xFF, 0x80, 0x00, 0x00, 0x0F, 0xFF,
    0xC0, 0x00, 0x00, 0x02, 0xFF, 0xE0, 0x00, 0x00, 0x00, 0x0F, 0xFD, 0x3F, 0xF4, 0x00, 0x00, 0x07,
    0xFE, 0x1F, 0xF8, 0x00, 0x00, 0x02, 0xFF, 0x0B, 0xFC, 0x00, 0x00, 0x00, 0xFF, 0x43, 0xFD, 0x00,
    0x00, 0x00, 0x3F, 0x80, 0xFE, 0x00, 0x00, 0x00, 0x0F, 0xC0, 0x3F, 0x00, 0x00, 0x00, 0x00, 0x00,
    0x00, 0x00, 0x00, 0x00, 0x00, 0x00, 0x00, 0x00, 0x00, 0xBF, 0xF0, 0x00, 0x00, 0x07, 0xFF, 0x7F,
    0xF0, 0x00, 0x00, 0x3F, 0xFF, 0x7F, 0xF0, 0x00, 0x00, 0xFF, 0xFF, 0x7F, 0xF0, 0x00, 0x02, 0xFF,
    0xFF, 0x3F, 0xF0, 0x00, 0x07, 0xFF, 0xD6, 0x3F, 0xF0, 0x00, 0x0F, 0xFF, 0x00, 0x3F, 0xF0, 0x00,
    0x1F, 0xFC, 0x00, 0x3F, 0xF0, 0x00, 0x3F, 0xF8, 0x00, 0x3F, 0xF4, 0x00, 0x7F, 0xF0, 0x00, 0x3F,
    0xF4, 0x00, 0xFF, 0xE0, 0x00, 0x2F, 0xF4, 0x01, 0xFF, 0xC0, 0x00, 0x2F, 0xF4, 0x03, 0xFF, 0x80,
    0x00, 0x2F, 0xF8, 0x07, 0xFF, 0x00, 0x00, 0x1F, 0xF8, 0x0F, 0xFE, 0x00, 0x00, 0x1F, 0xF8, 0x1F,
    0xFC, 0x00, 0x00, 0x1F, 0xF8, 0x3F, 0xF8, 0x00, 0x00, 0x0F, 0xF8, 0x7F, 0xF0, 0x00, 0x00, 0x0F,
    0xFC, 0xBF, 0xE0, 0x00, 0x00, 0x0F, 0xFC, 0xFF, 0xC0, 0x00, 0x00, 0x0F, 0xFE, 0xFF, 0x80, 0x00,
    0x00, 0x0F, 0xFB, 0xFF, 0x00, 0x00, 0x00, 0x0F, 0xFF, 0xFE, 0x00, 0x00, 0x00, 0x0B, 0xFF, 0xFC,
    0x00, 0x00, 0x00, 0x0B, 0xFF, 0xF8, 0x00, 0x00, 0x00, 0x0B, 0xFF, 0xF0, 0x00, 0x00, 0x00, 0x07,
    0xFF, 0xE0, 0x00, 0x00, 0x00, 0x07, 0xFF, 0xC0, 0x00, 0x00, 0x00, 0x2F, 0xF8, 0xBF, 0xE0, 0x00,
    0x03, 0xFF, 0x0F, 0xFC, 0x00, 0x00, 0x7F, 0xC1, 0xFF, 0x00, 0x00, 0x0B, 0xF8, 0x2F, 0xE0, 0x00,
    0x00, 0xBF, 0x02, 0xFC, 0x00, 0x00, 0x0F, 0xD0, 0x3F, 0x40, 0x00, 0x00, 0x00, 0x00, 0x00, 0x00,
    0x00, 0x00, 0x00, 0x00, 0x00, 0x3F, 0xF4, 0x00, 0x01, 0xBF, 0x8F, 0xFD, 0x00, 0x02, 0xFF, 0xF3,
    0xFF, 0x40, 0x01, 0xFF, 0xFC, 0xBF, 0xE0, 0x00, 0xFF, 0xFF, 0x2F, 0xF8, 0x00, 0xBF, 0xF9, 0x47,
    0xFE, 0x00, 0x3F, 0xF4, 0x01, 0xFF, 0xC0, 0x2F, 0xFC, 0x00, 0x3F, 0xF0, 0x0F, 0xFD, 0x00, 0x0F,
    0xFC, 0x0B, 0xFF, 0x00, 0x03, 0xFF, 0x03, 0xFF, 0x40, 0x00, 0xFF, 0xC2, 0xFF, 0xC0, 0x00, 0x3F,
    0xF0, 0xFF, 0xD0, 0x00, 0x0B, 0xFC, 0xBF, 0xF0, 0x00, 0x02, 0xFF, 0x3F, 0xF0, 0x00, 0x00, 0x7F,
    0xEF, 0xF8, 0x00, 0x00, 0x1F, 0xFF, 0xFC, 0x00, 0x00, 0x03, 0xFF, 0xFE, 0x00, 0x00, 0x00, 0xFF,
    0xFF, 0x00, 0x00, 0x00, 0x3F, 0xFF, 0x80, 0x00, 0x00, 0x0F, 0xFF, 0xC0, 0x00, 0x00, 0x02, 0xFF,
    0xE0, 0x00, 0x00, 0x00, 0x00, 0x00, 0x06, 0xFF, 0xE4, 0x00, 0x00, 0x00, 0x00, 0x00, 0x00, 0x00,
    0x00, 0x02, 0xFF, 0xFF, 0xFD, 0x00, 0x00, 0x00, 0x00, 0x00, 0x00, 0x00, 0x00, 0x7F, 0xFF, 0xFF,
    0xFD, 0x00, 0x00, 0x00, 0x00, 0x00, 0x00, 0x00, 0x0B, 0xFF, 0xFF, 0xFF, 0xFD, 0x00, 0x00, 0x00,
    0x00, 0x00, 0x00, 0x00, 0xBF, 0xFF, 0x96, 0xFF, 0xFC, 0x00, 0x00, 0x00, 0x00, 0x00, 0x00, 0x07,
    0xFF, 0xE0, 0x00, 0xFF, 0xF4, 0x00, 0x00, 0x00, 0x00, 0x00, 0x00, 0x3F, 0xFD, 0x00, 0x01, 0xFF,
    0xF0, 0x2F, 0xF8, 0x00, 0x07, 0xFF, 0x82, 0xFF, 0xE0, 0x00, 0x03, 0xFF, 0xC0, 0xBF, 0xF0, 0x00,
    0x3F, 0xFC, 0x0F, 0xFF, 0x00, 0x00, 0x0B, 0xFF, 0x01, 0xFF, 0xC0, 0x01, 0xFF, 0xD0, 0x7F, 0xF8,
    0x00, 0x00, 0x2F, 0xFC, 0x03, 0xFF, 0x00, 0x0F, 0xFF, 0x03, 0xFF, 0xC0, 0x00, 0x00, 0xBF, 0xF0,
    0x0F, 0xFC, 0x00, 0x7F, 0xF4, 0x0F, 0xFF, 0x00, 0x00, 0x02, 0xFF, 0xC0, 0x3F, 0xF0, 0x03, 0xFF,
    0xC0, 0x7F, 0xF8, 0x00, 0x00, 0x0B, 0xFF, 0x00, 0xFF, 0xD0, 0x0F, 0xFD, 0x02, 0xFF, 0xD0, 0x00,
    0x00, 0x3F, 0xFC, 0x02, 0xFF, 0x40, 0xBF, 0xF0, 0x0B, 0xFF, 0x00, 0x00, 0x00, 0xFF, 0xF0, 0x0B,
    0xFE, 0x03, 0xFF, 0x40, 0x2F, 0xFC, 0x00, 0x00, 0x07, 0xFF, 0x80, 0x1F, 0xF8, 0x2F, 0xFC, 0x00,
    0xFF, 0xF0, 0x00, 0x00, 0x2F, 0xFD, 0x00, 0x3F, 0xE0, 0xFF, 0xD0, 0x03, 0xFF, 0xC0, 0x00, 0x00,
    0xFF, 0xF0, 0x00, 0xFF, 0xCB, 0xFF, 0x00, 0x0B, 0xFF, 0x00, 0x00, 0x07, 0xFF, 0x80, 0x03, 0xFF,
    0x3F, 0xF4, 0x00, 0x2F, 0xFD, 0x00, 0x00, 0x3F, 0xFC, 0x00, 0x0F, 0xFD, 0xFF, 0x80, 0x00, 0x7F,
    0xFC, 0x00, 0x03, 0xFF, 0xE0, 0x00, 0x2F, 0xFB, 0xFC, 0x00, 0x00, 0xFF, 0xF8, 0x00, 0x3F, 0xFF,
    0x00, 0x00, 0x7F, 0xFF, 0xE0, 0x00, 0x01, 0xFF, 0xFE, 0x5B, 0xFF, 0xF4, 0x00, 0x01, 0xFF, 0xFF,
    0x00, 0x00, 0x03, 0xFF, 0xFF, 0xFF, 0xFF, 0x40, 0x00, 0x03, 0xFF, 0xF8, 0x00, 0x00, 0x03, 0xFF,
    0xFF, 0xFF, 0xF4, 0x00, 0x00, 0x0F, 0xFF, 0xC0, 0x00, 0x00, 0x02, 0xFF, 0xFF, 0xFE, 0x00, 0x00,
    0x00, 0x3F, 0xFE, 0x00, 0x00, 0x00, 0x00, 0x6F, 0xFE, 0x40, 0x00, 0x00, 0x00, 0xFF, 0xF0, 0x00,
    0x00, 0x00, 0x00, 0x00, 0x00, 0x00, 0x00, 0x00, 0x03, 0xFF, 0x80, 0x00, 0x00, 0x00, 0x00, 0x00,
    0x00, 0x00, 0x00, 0x00, 0x2F, 0xFC, 0x00, 0x00, 0x00, 0x00, 0x00, 0x00, 0x00, 0x00, 0x00, 0x01,
    0xFF, 0xE0, 0x00, 0x00, 0x00, 0x00, 0x00, 0x00, 0x00, 0x00, 0x00, 0x0F, 0xFF, 0x00, 0x00, 0x00,
    0x00, 0x00, 0x00, 0x00, 0x00, 0x00, 0x56, 0xFF, 0xF4, 0x00, 0x00, 0x00, 0x00, 0x00, 0x00, 0x00,
    0x00, 0x03, 0xFF, 0xFF, 0x80, 0x00, 0x00, 0x00, 0x00, 0x00, 0x00, 0x00, 0x00, 0x0F, 0xFF, 0xF8,
    0x00, 0x00, 0x00, 0x00, 0x00, 0x00, 0x00, 0x00, 0x00, 0x3F, 0xFF, 0x40, 0x00, 0x00, 0x00, 0x00,
    0x00, 0x00, 0x00, 0x00, 0x00, 0xFF, 0xD0, 0x00, 0x00, 0x00, 0x00, 0x00, 0x01, 0xBF, 0xF8, 0x00,
    0x03, 0xFF, 0x40, 0x00, 0xFF, 0xF0, 0x00, 0x3F, 0xFF, 0xFD, 0x00, 0x0F, 0xFD, 0x00, 0x07, 0xFF,
    0x80, 0x07, 0xFF, 0xFF, 0xFE, 0x00, 0x3F, 0xF4, 0x00, 0x3F, 0xFC, 0x00, 0x7F, 0xFF, 0xFF, 0xFC,
    0x00, 0xBF, 0xE0, 0x01, 0xFF, 0xE0, 0x03, 0xFF, 0xF5, 0xBF, 0xF8, 0x02, 0xFF, 0x80, 0x0F, 0xFF,
    0x00, 0x2F, 0xFE, 0x00, 0xFF, 0xF0, 0x07, 0xFF, 0x00, 0x7F, 0xF4, 0x00, 0xFF, 0xF0, 0x01, 0xFF,
    0xC0, 0x0F, 0xFC, 0x02, 0xFF, 0xC0, 0x07, 0xFF, 0x40, 0x07, 0xFF, 0x40, 0x3F, 0xF0, 0x0F, 0xFD,
    0x00, 0x3F, 0xFC, 0x00, 0x1F, 0xFD, 0x00, 0xFF, 0xC0, 0xBF, 0xF0, 0x00, 0xFF, 0xE0, 0x00, 0x7F,
    0xF0, 0x03, 0xFF, 0x03, 0xFF, 0x40, 0x03, 0xFF, 0x40, 0x01, 0xFF, 0xC0, 0x0B, 0xFD, 0x2F, 0xFC,
    0x00, 0x1F, 0xFD, 0x00, 0x0B, 0xFF, 0x00, 0x2F, 0xF4, 0xFF, 0xD0, 0x00, 0x7F, 0xF0, 0x00, 0x3F,
    0xFC, 0x00, 0x7F, 0xD7, 0xFF, 0x00, 0x01, 0xFF, 0xC0, 0x01, 0xFF, 0xD0, 0x00, 0xFF, 0x7F, 0xF4,
    0x00, 0x07, 0xFF, 0x40, 0x0F, 0xFF, 0x00, 0x03, 0xFE, 0xFF, 0xC0, 0x00, 0x0F, 0xFE, 0x00, 0xBF,
    0xF8, 0x00, 0x0F, 0xFF, 0xFD, 0x00, 0x00, 0x3F, 0xFE, 0x5F, 0xFF, 0xC0, 0x00, 0x3F, 0xFF, 0xE0,
    0x00, 0x00, 0x7F, 0xFF, 0xFF, 0xFD, 0x00, 0x00, 0xBF, 0xFF, 0x00, 0x00, 0x00, 0xBF, 0xFF, 0xFF,
    0xD0, 0x00, 0x01, 0xFF, 0xF8, 0x00, 0x00, 0x00, 0x7F, 0xFF, 0xFC, 0x00, 0x00, 0x07, 0xFF, 0xC0,
    0x00, 0x00, 0x00, 0x2F, 0xFE, 0x40, 0x00, 0x00, 0x1F, 0xFE, 0x00, 0x00, 0x00, 0x00, 0x00, 0x00,
    0x00, 0x00, 0x00, 0xBF, 0xF0, 0x00, 0x00, 0x00, 0x00, 0x00, 0x00, 0x00, 0x00, 0x03, 0xFF, 0x80,
    0x00, 0x00, 0x00, 0x00, 0x00, 0x00, 0x00, 0x00, 0x3F, 0xFC, 0x00, 0x00, 0x00, 0x00, 0x00, 0x00,
    0x00, 0x00, 0x02, 0xFF, 0xE0, 0x00, 0x00, 0x00, 0x00, 0x00, 0x00, 0x00, 0x15, 0x7F, 0xFF, 0x00,
    0x00, 0x00, 0x00, 0x00, 0x00, 0x00, 0x00, 0xBF, 0xFF, 0xF0, 0x00, 0x00, 0x00, 0x00, 0x00, 0x00,
    0x00, 0x02, 0xFF, 0xFF, 0x40, 0x00, 0x00, 0x00, 0x00, 0x00, 0x00, 0x00, 0x0B, 0xFF, 0xF0, 0x00,
    0x00, 0x00, 0x00, 0x00, 0x00, 0x00, 0x00, 0x1F, 0xF9, 0x00, 0x00, 0x00, 0x00, 0x00, 0x00, 0x00,
    0x00, 0x2F, 0x80, 0x00, 0x00, 0x00, 0x00, 0x0B, 0xFC, 0x00, 0x00, 0x00, 0x00, 0x1B, 0xFF, 0xF9,
    0x00, 0x00, 0x00, 0x1F, 0xFF, 0xFF, 0xFC, 0x00, 0x00, 0x0B, 0xFF, 0xFF, 0xFF, 0xF4, 0x00, 0x03,
    0xFF, 0xFF, 0xFF, 0xFF, 0xC0, 0x00, 0xFF, 0xFF, 0xFF, 0xFF, 0xFE, 0x00, 0x2F, 0xFF, 0x87, 0xE1,
    0xFF, 0xF0, 0x07, 0xFF, 0xD0, 0x00, 0x0B, 0xFF, 0x80, 0xFF, 0xF4, 0x00, 0x00, 0x3F, 0xFC, 0x1F,
    0xFF, 0x00, 0x00, 0x02, 0xFF, 0xC2, 0xFF, 0xD0, 0x00, 0x00, 0x2F, 0xFC, 0x3F, 0xFC, 0x00, 0x00,
    0x01, 0xFF, 0xC3, 0xFF, 0x80, 0x00, 0x00, 0x1F, 0xFC, 0x7F, 0xF4, 0x00, 0x00, 0x02, 0xFF, 0xCB,
    0xFF, 0x00, 0x00, 0x00, 0x2F, 0xFC, 0xBF, 0xF0, 0x00, 0x00, 0x03, 0xFF, 0xCB, 0xFF, 0x00, 0x00,
    0x00, 0x3F, 0xF8, 0xBF, 0xF0, 0x00, 0x00, 0x07, 0xFF, 0x4B, 0xFF, 0x00, 0x00, 0x00, 0xFF, 0xF0,
    0xBF, 0xF4, 0x00, 0x00, 0x1F, 0xFF, 0x07, 0xFF, 0x80, 0x00, 0x03, 0xFF, 0xD0, 0x3F, 0xFC, 0x00,
    0x00, 0xFF, 0xFC, 0x02, 0xFF, 0xF1, 0xFC, 0x3F, 0xFF, 0x00, 0x0F, 0xFF, 0xFF, 0xFF, 0xFF, 0xD0,
    0x00, 0x7F, 0xFF, 0xFF, 0xFF, 0xF4, 0x00, 0x02, 0xFF, 0xFF, 0xFF, 0xFD, 0x00, 0x00, 0x07, 0xFF,
    0xFF, 0xFE, 0x00, 0x00, 0x00, 0x06, 0xFF, 0xF9, 0x00, 0x00, 0x00, 0x00, 0x0B, 0xFC, 0x00, 0x00,
    0x00, 0x00, 0x00, 0x3F, 0x40, 0x00, 0x00, 0x00, 0x00, 0x00, 0x07, 0xE0, 0x00, 0x00, 0x00, 0x06,
    0xFF, 0x90, 0x00, 0x00, 0x07, 0xFF, 0xFF, 0xD0, 0x00, 0x03, 0xFF, 0xFF, 0xFF, 0x80, 0x00, 0xFF,
    0xFF, 0xFF, 0xFD, 0x00, 0x3F, 0xFF, 0xFF, 0xFF, 0xF0, 0x0B, 0xFF, 0xFF, 0xFF, 0xFF, 0x80, 0xFF,
    0xF4, 0xBC, 0x3F, 0xFC, 0x1F, 0xFE, 0x00, 0x02, 0xFF, 0xC3, 0xFF, 0xC0, 0x00, 0x2F, 0xFC, 0x3F,
    0xF8, 0x00, 0x01, 0xFF, 0xC3, 0xFF, 0x40, 0x00, 0x2F, 0xFC, 0x7F, 0xF4, 0x00, 0x02, 0xFF, 0xC7,
    0xFF, 0x00, 0x00, 0x3F, 0xF8, 0x7F, 0xF4, 0x00, 0x07, 0xFF, 0x43, 0xFF, 0x80, 0x00, 0xFF, 0xF0,
    0x3F, 0xFC, 0x7D, 0x3F, 0xFE, 0x02, 0xFF, 0xFF, 0xFF, 0xFF, 0xC0, 0x0F, 0xFF, 0xFF, 0xFF, 0xF4,
    0x00, 0x7F, 0xFF, 0xFF, 0xFE, 0x00, 0x01, 0xFF, 0xFF, 0xFF, 0x40, 0x00, 0x02, 0xFF, 0xFF, 0x40,
    0x00, 0x00, 0x02, 0xFE, 0x00, 0x00, 0x00, 0x00, 0x0F, 0xC0, 0x00, 0x00, 0x00, 0x00, 0x00, 0x00,
    0x00, 0x00, 0x00, 0x00, 0x00, 0x00, 0x00, 0x00, 0x00, 0x7F, 0xF4, 0x00, 0x00, 0x00, 0x00, 0x00,
    0x00, 0x0B, 0xFF, 0xFE, 0x40, 0x00, 0x00, 0x00, 0x00, 0x00, 0x7E, 0x02, 0xFF, 0xF0, 0x00, 0x00,
    0x00, 0x00, 0x02, 0xF0, 0x50, 0x7F, 0x80, 0x00, 0x00, 0x00, 0x00, 0x00, 0x0B, 0xF0, 0x00, 0x00,
    0x00, 0x00, 0x00, 0x00, 0x00, 0x2F, 0xC0, 0x00, 0x00, 0x00, 0x00, 0x00, 0x00, 0x00, 0x2F, 0x00,
    0x00, 0x00, 0x00, 0x00, 0x00, 0x00, 0x00, 0x3C, 0x00, 0x00, 0x00, 0x00, 0x00, 0x00, 0x00, 0x03,
    0xD0, 0x00, 0x00, 0x00, 0x00, 0x00, 0x00, 0x00, 0x3D, 0x00, 0x00, 0x00, 0x00, 0x00, 0x00, 0x00,
    0x00, 0x40, 0x00, 0x00, 0x00, 0x00, 0x00, 0x00, 0x00, 0x00, 0x00, 0x00, 0x00, 0x00, 0x00, 0x01,
    0xBF, 0xF8, 0x00, 0x06, 0xFF, 0x80, 0x00, 0x00, 0x7F, 0xFF, 0xFE, 0x01, 0xFF, 0xFF, 0xE0, 0x00,
    0x07, 0xFF, 0xFF, 0xF8, 0x03, 0xFF, 0xFF, 0xE0, 0x00, 0x7F, 0xFF, 0xFF, 0xC0, 0x0F, 0xFF, 0xFF,
    0xD0, 0x07, 0xFF, 0xF5, 0x7E, 0x00, 0x2E, 0x5F, 0xFF, 0xC0, 0x3F, 0xFE, 0x00, 0x10, 0x00, 0x00,
    0x0F, 0xFF, 0x41, 0xFF, 0xF0, 0x00, 0x00, 0x00, 0x00, 0x1F, 0xFE, 0x0F, 0xFF, 0x00, 0x00, 0x00,
    0x00, 0x00, 0x3F, 0xF8, 0x7F, 0xF8, 0x00, 0x00, 0x00, 0x00, 0x00, 0xFF, 0xF2, 0xFF, 0xC0, 0x00,
    0x00, 0x00, 0x00, 0x03, 0xFF, 0xCF, 0xFF, 0x00, 0x00, 0x00, 0x00, 0x00, 0x0F, 0xFF, 0x3F, 0xF8,
    0x00, 0x00, 0x00, 0x00, 0x00, 0x3F, 0xFD, 0xFF, 0xD0, 0x00, 0x00, 0x00, 0x00, 0x00, 0xFF, 0xE7,
    0xFF, 0x40, 0x00, 0x15, 0x50, 0x00, 0x07, 0xFF, 0xAF, 0xFC, 0x00, 0x02, 0xFF, 0xC0, 0x00, 0x2F,
    0xFD, 0xBF, 0xF0, 0x00, 0x0B, 0xFF, 0x00, 0x00, 0xFF, 0xF2, 0xFF, 0xC0, 0x00, 0x3F, 0xF8, 0x00,
    0x03, 0xFF, 0xCB, 0xFF, 0x00, 0x00, 0xFF, 0xD0, 0x00, 0x2F, 0xFD, 0x1F, 0xFD, 0x00, 0x07, 0xFF,
    0x00, 0x00, 0xFF, 0xF0, 0x7F, 0xF8, 0x00, 0x2F, 0xFC, 0x00, 0x0B, 0xFF, 0x80, 0xFF, 0xF0, 0x00,
    0xFF, 0xE0, 0x00, 0xBF, 0xFC, 0x02, 0xFF, 0xF4, 0x1F, 0xFF, 0xE0, 0x1F, 0xFF, 0xD0, 0x07, 0xFF,
    0xFF, 0xFF, 0xFF, 0xFF, 0xFF, 0xFF, 0x00, 0x0B, 0xFF, 0xFF, 0xFF, 0xFF, 0xFF, 0xFF, 0xF0, 0x00,
    0x0F, 0xFF, 0xFF, 0xFB, 0xFF, 0xFF, 0xFE, 0x00, 0x00, 0x0B, 0xFF, 0xFF, 0x07, 0xFF, 0xFF, 0xD0,
    0x00, 0x00, 0x02, 0xFF, 0x90, 0x01, 0xBF, 0xE4, 0x00, 0x00, 0x00, 0x00, 0x00, 0x00, 0x00, 0x00,
    0x00, 0x00, 0x00, 0x00, 0x00, 0xBF, 0xF4, 0x00, 0x00, 0x00, 0x00, 0x00, 0x2F, 0xFF, 0xF9, 0x00,
    0x00, 0x00, 0x00, 0x07, 0xE0, 0x2F, 0xFF, 0x00, 0x00, 0x00, 0x00, 0xBC, 0x14, 0x1B, 0xE0, 0x00,
    0x00, 0x00, 0x00, 0x0B, 0xF0, 0x00, 0x00, 0x00, 0x00, 0x00, 0x00, 0x7F, 0x40, 0x00, 0x00, 0x00,
    0x00, 0x00, 0x00, 0xF4, 0x00, 0x00, 0x00, 0x00, 0x00, 0x00, 0x0F, 0x00, 0x00, 0x00, 0x00, 0x00,
    0x00, 0x0B, 0xC0, 0x00, 0x00, 0x00, 0x00, 0x00, 0x00, 0xD0, 0x00, 0x00, 0x00, 0x00, 0x00, 0x00,
    0x00, 0x00, 0x00, 0x00, 0x00, 0x00, 0x00, 0x00, 0x00, 0x00, 0x00, 0x00, 0x00, 0x1B, 0xFE, 0x40,
    0x1B, 0xFE, 0x00, 0x00, 0x1F, 0xFF, 0xFC, 0x0B, 0xFF, 0xFD, 0x00, 0x0B, 0xFF, 0xFF, 0xC0, 0x7F,
    0xFF, 0xF4, 0x01, 0xFF, 0xFF, 0xF4, 0x03, 0xFF, 0xFF, 0xC0, 0x3F, 0xFE, 0x5B, 0x00, 0x39, 0x7F,
    0xFD, 0x0B, 0xFF, 0x40, 0x00, 0x00, 0x01, 0xFF, 0xE0, 0xFF, 0xE0, 0x00, 0x00, 0x00, 0x0F, 0xFE,
    0x2F, 0xFC, 0x00, 0x00, 0x00, 0x00, 0xBF, 0xF3, 0xFF, 0xC0, 0x00, 0x00, 0x00, 0x0F, 0xFF, 0x3F,
    0xF4, 0x00, 0x00, 0x00, 0x00, 0xFF, 0xE3, 0xFF, 0x40, 0x07, 0xFF, 0x00, 0x0F, 0xFE, 0x3F, 0xF0,
    0x00, 0xBF, 0xE0, 0x00, 0xFF, 0xD7, 0xFF, 0x00, 0x0F, 0xFE, 0x00, 0x1F, 0xFC, 0x7F, 0xF0, 0x00,
    0xFF, 0xD0, 0x02, 0xFF, 0xC7, 0xFF, 0x40, 0x1F, 0xFC, 0x00, 0x3F, 0xF8, 0x3F, 0xF8, 0x03, 0xFF,
    0xD0, 0x0F, 0xFF, 0x03, 0xFF, 0xE5, 0xFF, 0xFF, 0x97, 0xFF, 0xE0, 0x2F, 0xFF, 0xFF, 0xFF, 0xFF,
    0xFF, 0xFC, 0x00, 0xFF, 0xFF, 0xFD, 0xFF, 0xFF, 0xFF, 0x00, 0x03, 0xFF, 0xFF, 0x42, 0xFF, 0xFF,
    0x80, 0x00, 0x07, 0xFF, 0x40, 0x06, 0xFF, 0x90, 0x00, 0x00, 0x00, 0x00, 0xFF, 0xFF, 0xFF, 0xF8,
    0x00, 0x00, 0x00, 0x00, 0x1F, 0xFF, 0xFF, 0xFF, 0x40, 0x00, 0x00, 0x00, 0x00, 0xFF, 0xFF, 0xFF,
    0xF0, 0x00, 0x00, 0x00, 0x00, 0x0F, 0x42, 0xF0, 0x3C, 0x00, 0x00, 0x00, 0x00, 0x00, 0xA0, 0x18,
    0x02, 0x40, 0x00, 0x00, 0x00, 0x00, 0x00, 0x00, 0x00, 0x00, 0x00, 0x00, 0x00, 0x00, 0x00, 0x00,
    0x00, 0x00, 0x00, 0x00, 0x03, 0xFF, 0xC0, 0x00, 0xFF, 0xE0, 0x00, 0x2F, 0xFC, 0x3F, 0xF8, 0x00,
    0x1F, 0xFD, 0x00, 0x03, 0xFF, 0x87, 0xFF, 0x80, 0x01, 0xFF, 0xC0, 0x00, 0x3F, 0xF8, 0x7F, 0xF4,
    0x00, 0x2F, 0xFC, 0x00, 0x07, 0xFF, 0x0B, 0xFF, 0x40, 0x02, 0xFF, 0xC0, 0x00, 0xBF, 0xF0, 0xBF,
    0xF4, 0x00, 0x3F, 0xFC, 0x00, 0x0F, 0xFE, 0x0B, 0xFF, 0x00, 0x03, 0xFF, 0x80, 0x00, 0xFF, 0xD0,
    0xBF, 0xF0, 0x00, 0x3F, 0xF8, 0x00, 0x2F, 0xFC, 0x0B, 0xFF, 0x00, 0x0B, 0xFF, 0x80, 0x03, 0xFF,
    0xC0, 0xFF, 0xF0, 0x00, 0xFF, 0xF4, 0x00, 0x7F, 0xF4, 0x0F, 0xFF, 0x00, 0x2F, 0xFF, 0x40, 0x0B,
    0xFF, 0x00, 0xFF, 0xF0, 0x03, 0xFF, 0xF4, 0x00, 0xFF, 0xE0, 0x0B, 0xFF, 0x00, 0xBF, 0xFF, 0x40,
    0x1F, 0xFD, 0x00, 0xBF, 0xF0, 0x0F, 0xFF, 0xF4, 0x03, 0xFF, 0xC0, 0x0B, 0xFF, 0x02, 0xFF, 0xFF,
    0x40, 0x7F, 0xF4, 0x00, 0xBF, 0xF0, 0x3F, 0xFF, 0xF8, 0x0F, 0xFF, 0x00, 0x07, 0xFF, 0x4B, 0xFF,
    0xFF, 0x81, 0xFF, 0xD0, 0x00, 0x7F, 0xF4, 0xFF, 0xAF, 0xF8, 0x3F, 0xFC, 0x00, 0x03, 0xFF, 0x9F,
    0xF2, 0xFF, 0xC7, 0xFF, 0x40, 0x00, 0x3F, 0xFB, 0xFE, 0x1F, 0xFC, 0xFF, 0xF0, 0x00, 0x03, 0xFF,
    0xFF, 0xD1, 0xFF, 0xFF, 0xFD, 0x00, 0x00, 0x2F, 0xFF, 0xFC, 0x0F, 0xFF, 0xFF, 0x80, 0x00, 0x01,
    0xFF, 0xFF, 0x40, 0xFF, 0xFF, 0xF0, 0x00, 0x00, 0x0F, 0xFF, 0xF0, 0x0B, 0xFF, 0xFD, 0x00, 0x00,
    0x00, 0xFF, 0xFE, 0x00, 0x7F, 0xFF, 0x80, 0x00, 0x00, 0x0B, 0xFF, 0xC0, 0x03, 0xFF, 0xF0, 0x00,
    0x00, 0x00, 0x7F, 0xF8, 0x00, 0x3F, 0xFC, 0x00, 0x00, 0x00, 0x00, 0x00, 0x7F, 0xFF, 0xFF, 0xFE,
    0x00, 0x00, 0x00, 0x0B, 0xFF, 0xFF, 0xFF, 0xD0, 0x00, 0x00, 0x00, 0x7F, 0xFF, 0xFF, 0xF8, 0x00,
    0x00, 0x00, 0x03, 0xD0, 0xF8, 0x1F, 0x00, 0x00, 0x00, 0x00, 0x24, 0x06, 0x00, 0x90, 0x00, 0x00,
    0x00, 0x00, 0x00, 0x00, 0x00, 0x00, 0x00, 0x00, 0x00, 0x00, 0x00, 0x00, 0x00, 0x00, 0x03, 0xFF,
    0x40, 0x0B, 0xFF, 0x00, 0x0F, 0xFE, 0x3F, 0xF4, 0x00, 0xFF, 0xE0, 0x00, 0xFF, 0xD3, 0xFF, 0x00,
    0x0F, 0xFD, 0x00, 0x2F, 0xFC, 0x7F, 0xF0, 0x00, 0xFF, 0xD0, 0x03, 0xFF, 0x87, 0xFF, 0x00, 0x0F,
    0xFD, 0x00, 0x3F, 0xF4, 0x7F, 0xF0, 0x01, 0xFF, 0xC0, 0x0B, 0xFF, 0x07, 0xFF, 0x00, 0x1F, 0xFC,
    0x00, 0xFF, 0xE0, 0x7F, 0xF0, 0x03, 0xFF, 0xC0, 0x1F, 0xFC, 0x07, 0xFF, 0x00, 0xBF, 0xFC, 0x02,
    0xFF, 0x80, 0x7F, 0xF0, 0x0F, 0xFF, 0xC0, 0x3F, 0xF4, 0x07, 0xFF, 0x02, 0xFF, 0xFC, 0x0B, 0xFF,
    0x00, 0x3F, 0xF0, 0x7F, 0xFF, 0xD0, 0xFF, 0xC0, 0x03, 0xFF, 0x0F, 0xFF, 0xFD, 0x2F, 0xF8, 0x00,
    0x3F, 0xF6, 0xFF, 0xBF, 0xD3, 0xFF, 0x00, 0x02, 0xFF, 0xBF, 0xD7, 0xFE, 0xBF, 0xE0, 0x00, 0x1F,
    0xFF, 0xFC, 0x3F, 0xFF, 0xFC, 0x00, 0x01, 0xFF, 0xFF, 0x43, 0xFF, 0xFF, 0x40, 0x00, 0x0F, 0xFF,
    0xF0, 0x2F, 0xFF, 0xE0, 0x00, 0x00, 0xFF, 0xFC, 0x01, 0xFF, 0xFC, 0x00, 0x00, 0x07, 0xFF, 0x80,
    0x0F, 0xFF, 0x00, 0x00, 0x00, 0x3F, 0xF0, 0x00, 0xFF, 0xE0, 0x00, 0x00, 0x00, 0x00, 0x06, 0xFF,
    0xF9, 0x00, 0x00, 0x02, 0xFF, 0xFF, 0xFF, 0x80, 0x00, 0x7F, 0xFF, 0xFF, 0xFF, 0x00, 0x0B, 0xFF,
    0xFF, 0xFF, 0xF8, 0x00, 0xBF, 0xFF, 0x95, 0xBF, 0xC0, 0x07, 0xFF, 0xE0, 0x00, 0x0A, 0x00, 0x3F,
    0xFE, 0x00, 0x00, 0x00, 0x02, 0xFF, 0xE0, 0x00, 0x00, 0x00, 0x0F, 0xFF, 0x00, 0x00, 0x00, 0x00,
    0x7F, 0xF8, 0x00, 0x00, 0x00, 0x03, 0xFF, 0xC0, 0x00, 0x00, 0x00, 0x0F, 0xFF, 0x00, 0x00, 0x00,
    0x00, 0x7F, 0xF8, 0x00, 0x00, 0x00, 0x01, 0xFF, 0xD0, 0x00, 0x00, 0x00, 0x0B, 0xFF, 0x00, 0x00,
    0x00, 0x00, 0x2F, 0xFC, 0x00, 0x00, 0x00, 0x00, 0xFF, 0xF0, 0x00, 0x00, 0x00, 0x03, 0xFF, 0xC0,
    0x00, 0x00, 0x00, 0x0B, 0xFF, 0x00, 0x00, 0x00, 0x00, 0x2F, 0xFD, 0x00, 0x00, 0x00, 0x00, 0x7F,
    0xFC, 0x00, 0x00, 0x00, 0x00, 0xFF, 0xF8, 0x00, 0x00, 0x00, 0x02, 0xFF, 0xFE, 0x56, 0xB0, 0x00,
    0x03, 0xFF, 0xFF, 0xFF, 0x80, 0x00, 0x07, 0xFF, 0xFF, 0xFE, 0x00, 0x00, 0x03, 0xFF, 0xFF, 0xF4,
    0x00, 0x00, 0x01, 0xBF, 0xFF, 0xC0, 0x00, 0x00, 0x00, 0x0F, 0xFF, 0x00, 0x00, 0x00, 0x00, 0x3F,
    0xF8, 0x00, 0x00, 0x00, 0x01, 0xFF, 0xD0, 0x00, 0x00, 0x00, 0x07, 0xFF, 0x00, 0x00, 0x00, 0x00,
    0x2F, 0xFC, 0x00, 0x00, 0x00, 0x00, 0xFF, 0xF0, 0x00, 0x00, 0x00, 0x03, 0xFF, 0x80, 0x00, 0x00,
    0x00, 0x1F, 0xFD, 0x00, 0x00, 0x00, 0x00, 0xBF, 0xF0, 0x00, 0x00, 0x00, 0x00, 0xBF, 0xF9, 0x00,
    0x00, 0xBF, 0xFF, 0xFD, 0x00, 0x3F, 0xFF, 0xFF, 0xC0, 0x0F, 0xFF, 0xFF, 0xF8, 0x03, 0xFF, 0xF9,
    0x6F, 0x00, 0x7F, 0xFC, 0x00, 0x00, 0x0F, 0xFF, 0x00, 0x00, 0x01, 0xFF, 0xE0, 0x00, 0x00, 0x2F,
    0xFC, 0x00, 0x00, 0x03, 0xFF, 0xC0, 0x00, 0x00, 0x3F, 0xF8, 0x00, 0x00, 0x03, 0xFF, 0x40, 0x00,
    0x00, 0x7F, 0xF4, 0x00, 0x00, 0x07, 0xFF, 0x40, 0x00, 0x00, 0x7F, 0xF4, 0x00, 0x00, 0x03, 0xFF,
    0xC0, 0x00, 0x00, 0x3F, 0xFE, 0x00, 0x80, 0x02, 0xFF, 0xFF, 0xFC, 0x00, 0x0F, 0xFF, 0xFF, 0xC0,
    0x00, 0x3F, 0xFF, 0xF8, 0x00, 0x00, 0xBF, 0xFF, 0x40, 0x00, 0x00, 0xBF, 0xF0, 0x00, 0x00, 0x0B,
    0xFF, 0x00, 0x00, 0x00, 0xFF, 0xF0, 0x00, 0x00, 0x0F, 0xFE, 0x00, 0x00, 0x01, 0xFF, 0xD0, 0x00,
    0x00, 0x2F, 0xFC, 0x00, 0x00, 0x03, 0xFF, 0xC0, 0x00, 0x00, 0x3F, 0xF8, 0x00, 0x00, 0x03, 0xFF,
    0x40, 0x00, 0x00, 0x00, 0x00, 0x01, 0x40, 0x00, 0x00, 0x00, 0x03, 0xE0, 0x00, 0x00, 0x00, 0x0B,
    0xE0, 0x00, 0x03, 0x40, 0x0F, 0xC0, 0x00, 0x0B, 0xE0, 0x3F, 0x40, 0x00, 0x0B, 0xFE, 0x7F, 0x00,
    0x00, 0x00, 0xFF, 0xFC, 0x00, 0x00, 0x00, 0x1F, 0xFC, 0x00, 0x00, 0x00, 0x03, 0xFF, 0x80, 0x00,
    0x00, 0x0B, 0xFF, 0xF4, 0x00, 0x00, 0x0F, 0xC7, 0xFE, 0x00, 0x00, 0x3F, 0x40, 0x7D, 0x1E, 0x00,
    0x7F, 0x00, 0x04, 0x3F, 0xD0, 0xFC, 0x00, 0x00, 0x1F, 0xFE, 0xF8, 0x00, 0x00, 0x01, 0xFF, 0xF0,
    0x00, 0x00, 0x00, 0x2F, 0xF8, 0x00, 0x00, 0x00, 0x0F, 0xFF, 0x40, 0x00, 0x00, 0x3F, 0xBF, 0xF0,
    0x00, 0x00, 0x7F, 0x0B, 0xF8, 0x00, 0x00, 0xFC, 0x00, 0xB0, 0x00, 0x02, 0xF8, 0x00, 0x00, 0x00,
    0x03, 0xF0, 0x00, 0x00, 0x00, 0x00, 0xA0, 0x00, 0x00, 0x00, 0x00, 0x00, 0x00, 0x00, 0x00, 0x00,
    0x00, 0x00, 0x50, 0x00, 0x00, 0x0B, 0xF1, 0xFF, 0xFF, 0xFF, 0xDF, 0xFF, 0xFF, 0xFE, 0xBF, 0xFF,
    0xFF, 0xF1, 0xFC, 0x00, 0x00, 0x01, 0x40, 0x00, 0x00, 0x00, 0x00, 0x01, 0xFF, 0x40, 0x01, 0xFF,
    0xFF, 0x87, 0xFF, 0xFF, 0xFF, 0x2F, 0xFF, 0xFF, 0xFD, 0xBF, 0xFF, 0x9B, 0xF7, 0xFE, 0x40, 0x0F,
    0xD0, 0x1F, 0xD0, 0xFF, 0xCB, 0xFF, 0x3F, 0xD0, 0xBD, 0x00, 0xFE, 0x00, 0xFE, 0x00, 0x10, 0x0B,
    0xE0, 0x1F, 0xFC, 0x0F, 0xFC, 0x02, 0xFC, 0x02, 0xF8, 0x1B, 0xF0, 0x7F, 0x40, 0x10, 0x00, 0x01,
    0xBF, 0x90, 0x00, 0x07, 0xFF, 0xFF, 0x40, 0x1F, 0xFF, 0xFF, 0xFE, 0x2F, 0xFF, 0xFF, 0xFE, 0x3F,
    0xE6, 0xFF, 0xFD, 0x3F, 0x80, 0x06, 0xFC, 0x00, 0x00, 0x00, 0x00, 0x02, 0xFE, 0x00, 0x00, 0x00,
    0x00, 0x00, 0x00, 0x00, 0x00, 0x00, 0x0F, 0xFF, 0xD0, 0x00, 0x00, 0x00, 0x00, 0x00, 0x00, 0x00,
    0x00, 0x1E, 0x41, 0xF0, 0x00, 0x00, 0x00, 0x00, 0x00, 0x00, 0x00, 0x00, 0x2C, 0x00, 0xB4, 0x00,
    0x00, 0x00, 0x00, 0x00, 0x00, 0x00, 0x00, 0x14, 0x00, 0x10, 0x00, 0x00, 0x00, 0x00, 0x00, 0x00,
    0x00, 0x00, 0x00, 0x00, 0x00, 0x00, 0x00, 0x00, 0x00, 0x00, 0x00, 0x00, 0x00, 0x00, 0x00, 0x00,
    0x00, 0x00, 0x00, 0x00, 0x00, 0x0B, 0xFE, 0x00, 0x00, 0x00, 0x00, 0x01, 0xFF, 0xD0, 0x00, 0x00,
    0x2F, 0xFF, 0xC0, 0x00, 0x00, 0x00, 0x07, 0xFF, 0xF4, 0x00, 0x00, 0x3C, 0x02, 0xD0, 0x00, 0x00,
    0x00, 0x0F, 0x40, 0x7C, 0x00, 0x00, 0x74, 0x00, 0xE0, 0x00, 0x00, 0x00, 0x0E, 0x00, 0x2C, 0x00,
    0x00, 0x00, 0x00, 0x00, 0x00, 0x00, 0x00, 0x00, 0x00, 0x00, 0x00, 0x00, 0x00, 0x00, 0x00, 0x00,
    0x00, 0x00, 0x00, 0x00, 0x00, 0x00, 0x00, 0x00, 0x00, 0x00, 0x00, 0x00, 0x00, 0x00, 0x00, 0x00,
    0x00, 0x00, 0x00, 0x00, 0x00, 0x00, 0x00, 0x00, 0x00, 0x00, 0x00, 0x00, 0x00, 0x00, 0x00, 0x00,
    0x00, 0x00, 0x00, 0x00, 0x00, 0x00, 0x00, 0x00, 0x00, 0x00, 0x00, 0x00, 0x00, 0x00, 0x00, 0x00,
    0x00, 0x00, 0x00, 0x00, 0x00, 0x00, 0x00, 0x00, 0x00, 0x00, 0x00, 0x00, 0x00, 0x0B, 0xFE, 0x00,
    0x00, 0x00, 0x00, 0x00, 0x00, 0x00, 0xFF, 0xD0, 0x2F, 0xFF, 0xC0, 0x00, 0x00, 0x00, 0x00, 0x00,
    0x03, 0xFF, 0xF4, 0x3C, 0x02, 0xE0, 0x00, 0x00, 0x00, 0x00, 0x00, 0x0B, 0x40, 0x7C, 0x74, 0x00,
    0xF0, 0x00, 0x00, 0x00, 0x00, 0x00, 0x0F, 0x00, 0x1D, 0x00, 0x00, 0x00, 0x00, 0x00, 0x00, 0x00,
    0x00, 0x00, 0x00, 0x00, 0x00, 0x00, 0x00, 0x00, 0x00, 0x00, 0x00, 0x00, 0x00, 0x00, 0x00, 0x00,
    0x00, 0x00, 0x00, 0x00, 0x00, 0x00, 0x00, 0x00, 0x00, 0x00, 0x00, 0x00, 0x00, 0x00, 0x00, 0x00,
    0x00, 0x00, 0x00, 0x00, 0x00, 0x00, 0x00, 0x00, 0x00, 0x00, 0x00, 0x00, 0x00, 0x00, 0x00, 0x00,
    0x00, 0x00, 0x00, 0x00, 0x00, 0x00, 0x00, 0x00, 0x00, 0x00, 0x00, 0x00, 0x00, 0x00, 0x00, 0x00,
    0x00, 0x00, 0x00, 0x00, 0x00, 0x00, 0x00, 0x0B, 0xFE, 0x00, 0x00, 0x00, 0x00, 0x01, 0xFF, 0xD0,
    0x00, 0x00, 0x2F, 0xFF, 0xC0, 0x00, 0x00, 0x00, 0x07, 0xFF, 0xF4, 0x00, 0x00, 0x3C, 0x02, 0xD0,
    0x00, 0x00, 0x00, 0x0F, 0x40, 0x7C, 0x00, 0x00, 0x74, 0x00, 0xE0, 0x00, 0x00, 0x00, 0x0E, 0x00,
    0x2C, 0x00, 0x00, 0x00, 0x00, 0x00, 0x00, 0x00, 0x00, 0x00, 0x00, 0x00, 0x00, 0x00, 0x00, 0x00,
    0x00, 0x00, 0x00, 0x00, 0x00, 0x00, 0x00, 0x00, 0x00, 0x00, 0x00, 0x00, 0x03, 0xFF, 0x40, 0x00,
    0x00, 0x00, 0x00, 0x00, 0x00, 0x00, 0x00, 0x0F, 0xFF, 0xE0, 0x00, 0x00, 0x00, 0x00, 0x00, 0x00,
    0x00, 0x00, 0x2D, 0x01, 0xF0, 0x00, 0x00, 0x00, 0x00, 0x00, 0x00, 0x00, 0x00, 0x3C, 0x00, 0x74,
    0x00, 0x00, 0x00, 0x00, 0x00, 0x00, 0x00, 0x00, 0x00, 0x3D, 0x00, 0x00, 0x00, 0x00, 0x00, 0x00,
    0x00, 0x00, 0x00, 0x07, 0xC0, 0x00, 0x00, 0x00, 0x00, 0x00, 0x00, 0x00, 0x00, 0x00, 0xBC, 0x00,
    0x00, 0x00, 0x00, 0x00, 0x00, 0x00, 0x00, 0x00, 0x0F, 0x80, 0x00, 0x00, 0x00, 0x00, 0x00, 0x00,
    0x00, 0x00, 0x01, 0xF4, 0x00, 0x00, 0x00, 0x00, 0x00, 0x00, 0x14, 0x00, 0x00, 0x3F, 0x40, 0x00,
    0x00, 0x00, 0x00, 0x00, 0x03, 0xC0, 0x00, 0x03, 0xF0, 0x00, 0x00, 0x00, 0x00, 0x00, 0x00, 0x3E,
    0x00, 0x00, 0x7F, 0x00, 0x00, 0x00, 0xB4, 0x00, 0x00, 0x02, 0xF4, 0x00, 0x00, 0x00, 0x00, 0x00,
    0xBF, 0xC0, 0x00, 0x00, 0x0F, 0xC0, 0x00, 0x00, 0x00, 0x00, 0xBF, 0xE0, 0x00, 0x00, 0x00, 0xBE,
    0x00, 0x00, 0x00, 0x00, 0x3F, 0xF4, 0x00, 0x00, 0x00, 0x03, 0xF0, 0x00, 0x00, 0x00, 0x02, 0xF8,
    0x00, 0x00, 0x00, 0x00, 0x2E, 0x00, 0x00, 0x00, 0x00, 0x09, 0x00, 0x00, 0x00, 0x00, 0x00, 0x80,
    0x00, 0x00, 0x00, 0x00, 0x00, 0x00, 0x00, 0x00, 0x00, 0x00, 0x00, 0x00, 0x00, 0x00, 0x00, 0x00,
    0x00, 0x00, 0x00, 0x00, 0x00, 0x00, 0x00, 0x00, 0x00, 0x00, 0x00, 0x00, 0x00, 0x00, 0x00, 0x00,
    0x00, 0x00, 0x00, 0x00, 0x00, 0x00, 0x00, 0x00, 0x00, 0x00, 0x00, 0x00, 0x00, 0x00, 0x00, 0x00,
    0x00, 0x00, 0x00, 0x00, 0x00, 0x00, 0x00, 0x00, 0x00, 0x04, 0x00, 0x0B, 0xE9, 0x00, 0x00, 0x00,
    0x00, 0x00, 0x00, 0x00, 0xF9, 0x00, 0xBF, 0xFF, 0x00, 0x00, 0x00, 0x00, 0x00, 0x00, 0x0F, 0xFE,
    0x00, 0xBF, 0xF0, 0x00, 0x00, 0x00, 0x00, 0x00, 0x00, 0xFF, 0xFE, 0x00, 0x7F, 0x00, 0x00, 0x00,
    0x00, 0x00, 0x00, 0x00, 0x6B, 0xE0, 0x00, 0x10, 0x00, 0x00, 0x00, 0x00, 0x00, 0x00, 0x00, 0x00,
    0x00, 0x00, 0x00, 0x00, 0x00, 0x00, 0x00, 0x00, 0x00, 0x00, 0x00, 0x00, 0x00, 0x00, 0x00, 0x00,
    0x00, 0x00, 0x00, 0x00, 0x00, 0x00, 0x00, 0x00, 0x00, 0x00, 0x00, 0x00, 0x00, 0x00, 0x00, 0x00,
    0x00, 0x00, 0x00, 0x00, 0x00, 0x00, 0x00, 0x00, 0x00, 0x00, 0x00, 0x00, 0x00, 0x00, 0x00, 0x00,
    0x00, 0x00, 0x00, 0x00, 0x00, 0x00, 0x00, 0x00, 0x00, 0x00, 0x00, 0x00, 0x20, 0x00, 0x00, 0x00,
    0x00, 0x06, 0x00, 0x00, 0x00, 0x00, 0x0B, 0x80, 0x00, 0x00, 0x00, 0x02, 0xF8, 0x00, 0x00, 0x00,
    0x01, 0xFC, 0x00, 0x00, 0x00, 0x01, 0xFF, 0xC0, 0x00, 0x00, 0x00, 0x0B, 0xE0, 0x00, 0x00, 0x00,
    0xBF, 0xE0, 0x00, 0x00, 0x00, 0x00, 0x3F, 0x00, 0x00, 0x00, 0x3F, 0xE0, 0x00, 0x00, 0xFD, 0x00,
    0x01, 0xF8, 0x00, 0x00, 0x01, 0xD0, 0x00, 0x00, 0x0F, 0xC0, 0x00, 0x0B, 0xC0, 0x00, 0x00, 0x00,
    0x00, 0x00, 0x01, 0xFC, 0x00, 0x00, 0x3C, 0x00, 0x00, 0x00, 0x00, 0x00, 0x00, 0x1F, 0x40, 0x00,
    0x01, 0x40, 0x00, 0x00, 0x00, 0x00, 0x00, 0x02, 0xF0, 0x00, 0x00, 0x00, 0x00, 0x00, 0x00, 0x00,
    0x00, 0x00, 0x3E, 0x00, 0x00, 0x00, 0x00, 0x00, 0x00, 0x00, 0x00, 0x00, 0x03, 0xD0, 0x00, 0x00,
    0x00, 0x00, 0x00, 0x00, 0x00, 0x00, 0x00, 0x7C, 0x00, 0x00, 0x00, 0x00, 0x00, 0x00, 0x00, 0x06,
    0xA4, 0x00, 0x06, 0xA8, 0x00, 0x00, 0x00, 0xFF, 0xC0, 0x00, 0xFF, 0xC0, 0x00, 0x00, 0x0F, 0xFC,
    0x00, 0x2F, 0xF4, 0x00, 0x00, 0x00, 0xBF, 0xF0, 0x0B, 0xFF, 0x00, 0x00, 0x00, 0x03, 0xFF, 0xFF,
    0xFF, 0xC0, 0x00, 0x00, 0x00, 0x0F, 0xFF, 0xFF, 0xF0, 0x00, 0x00, 0x00, 0x00, 0x1B, 0xFF, 0xE0,
    0x00, 0x00, 0x00, 0x00, 0x00, 0x00, 0x00, 0x00, 0x00, 0x00, 0x00, 0x00, 0x00, 0x00, 0x00, 0x00,
    0x00, 0x00, 0x7F, 0xE0, 0x00, 0x02, 0xFF, 0xF4, 0x00, 0x0B, 0xFD, 0x00, 0x00, 0x7F, 0xFF, 0x00,
    0x00, 0xFF, 0xD0, 0x00, 0x0F, 0xFF, 0xF0, 0x00, 0x0F, 0xFC, 0x00, 0x03, 0xFF, 0xFF, 0x00, 0x01,
    0xFF, 0xC0, 0x00, 0xBF, 0xFF, 0xE0, 0x00, 0x2F, 0xF8, 0x00, 0x1F, 0xFF, 0xFD, 0x00, 0x02, 0xFF,
    0x40, 0x03, 0xFF, 0xFF, 0xC0, 0x00, 0x3F, 0xF0, 0x00, 0xBF, 0xFF, 0xFC, 0x00, 0x03, 0xFF, 0x00,
    0x1F, 0xFD, 0xFF, 0x80, 0x00, 0x7F, 0xF0, 0x03, 0xFF, 0x6F, 0xF8, 0x00, 0x0B, 0xFE, 0x00, 0xFF,
    0xE2, 0xFF, 0x40, 0x00, 0xFF, 0xD0, 0x2F, 0xFC, 0x3F, 0xF0, 0x00, 0x0F, 0xFC, 0x07, 0xFF, 0x03,
    0xFF, 0x00, 0x00, 0xFF, 0xC0, 0xFF, 0xD0, 0x7F, 0xE0, 0x00, 0x1F, 0xF8, 0x3F, 0xF8, 0x0B, 0xFD,
    0x00, 0x02, 0xFF, 0x4B, 0xFF, 0x00, 0xFF, 0xC0, 0x00, 0x3F, 0xF1, 0xFF, 0xD0, 0x0F, 0xFC, 0x00,
    0x03, 0xFF, 0x3F, 0xF8, 0x00, 0xFF, 0xC0, 0x00, 0x3F, 0xEB, 0xFF, 0x00, 0x1F, 0xF8, 0x00, 0x07,
    0xFF, 0xFF, 0xC0, 0x02, 0xFF, 0x40, 0x00, 0xBF, 0xFF, 0xF4, 0x00, 0x3F, 0xF0, 0x00, 0x0F, 0xFF,
    0xFF, 0x00, 0x03, 0xFF, 0x00, 0x00, 0xFF, 0xFF, 0xC0, 0x00, 0x7F, 0xFF, 0xFC, 0x1F, 0xFF, 0xF4,
    0x00, 0x07, 0xFF, 0xFF, 0xC2, 0xFF, 0xFE, 0x00, 0x00, 0xBF, 0xFF, 0xF4, 0x2F, 0xFF, 0xC0, 0x00,
    0x0F, 0xFF, 0xFF, 0x03, 0xFF, 0xF0, 0x00, 0x00, 0xFF, 0xFF, 0xD0, 0x00, 0x00, 0x00, 0x00, 0x00,
    0x0F, 0xFC, 0x00, 0x00, 0x00, 0x00, 0x00, 0x02, 0xFF, 0x80, 0x00, 0x00, 0x00, 0x00, 0x00, 0x7F,
    0xF0, 0x00, 0x00, 0x00, 0x00, 0x00, 0x0F, 0xFE, 0x00, 0x00, 0x00, 0x00, 0x00, 0x01, 0xFF, 0xD0,
    0x00, 0x00, 0x00, 0x00, 0x00, 0x3F, 0xFC, 0x00, 0x00, 0x00, 0x00, 0x00, 0x0B, 0xFF, 0x40, 0x00,
    0x00, 0x00, 0x00, 0x01, 0xFF, 0xF0, 0x00, 0x00, 0x3F, 0xF0, 0x00, 0x3F, 0xF0, 0x00, 0xFF, 0xC0,
    0x00, 0xFF, 0xC0, 0x03, 0xFF, 0x00, 0x0B, 0xFD, 0x00, 0x07, 0xFF, 0x40, 0xBF, 0xF0, 0x00, 0x0F,
    0xFF, 0xFF, 0xFF, 0x00, 0x00, 0x0F, 0xFF, 0xFF, 0xE0, 0x00, 0x00, 0x06, 0xFF, 0xF8, 0x00, 0x00,
    0x00, 0x00, 0x00, 0x00, 0x00, 0x00, 0x00, 0x00, 0x00, 0x00, 0x00, 0x07, 0xFF, 0x00, 0x0B, 0xFF,
    0x00, 0x2F, 0xFC, 0x00, 0x3F, 0xF8, 0x00, 0xBF, 0xF0, 0x00, 0xFF, 0xD0, 0x03, 0xFF, 0x80, 0x03,
    0xFF, 0x40, 0x0F, 0xFD, 0x00, 0x1F, 0xFC, 0x00, 0x7F, 0xF0, 0x00, 0xBF, 0xF0, 0x02, 0xFF, 0xC0,
    0x03, 0xFF, 0x80, 0x0F, 0xFF, 0x00, 0x0F, 0xFD, 0x00, 0x3F, 0xF8, 0x00, 0x7F, 0xF4, 0x00, 0xFF,
    0xD0, 0x01, 0xFF, 0xC0, 0x07, 0xFF, 0x00, 0x0B, 0xFF, 0x00, 0x2F, 0xFC, 0x00, 0x3F, 0xF8, 0x00,
    0xFF, 0xF0, 0x01, 0xFF, 0xD0, 0x03, 0xFF, 0x80, 0x0F, 0xFF, 0x00, 0x0F, 0xFE, 0x00, 0x7F, 0xFC,
    0x00, 0x3F, 0xF8, 0x03, 0xFF, 0xF0, 0x00, 0xFF, 0xF4, 0x7F, 0xFF, 0x80, 0x02, 0xFF, 0xFF, 0xFF,
    0xFF, 0xFF, 0x07, 0xFF, 0xFF, 0xAF, 0xFF, 0xF4, 0x0B, 0xFF, 0xF8, 0xBF, 0xFF, 0xC0, 0x07, 0xFE,
    0x02, 0xFF, 0xFD, 0x00, 0x00, 0x00, 0x00, 0x2F, 0xF0, 0x00, 0x00, 0x00, 0x01, 0xFF, 0x80, 0x00,
    0x00, 0x00, 0x0F, 0xFC, 0x00, 0x00, 0x00, 0x00, 0x7F, 0xE0, 0x00, 0x00, 0x00, 0x03, 0xFF, 0x40,
    0x00, 0x00, 0x00, 0x2F, 0xFC, 0x00, 0x00, 0x00, 0x00, 0xFF, 0xD0, 0x00, 0x00, 0x07, 0xFF, 0x00,
    0x00, 0x00, 0x02, 0xFF, 0xC0, 0x00, 0x00, 0x00, 0xFF, 0xF0, 0x00, 0x00, 0x0B, 0xFF, 0xFF, 0xFD,
    0x00, 0x03, 0xFF, 0xFF, 0xFF, 0x00, 0x00, 0xFF, 0xFF, 0xFF, 0xC0, 0x00, 0x7F, 0xFF, 0xFF, 0xE0,
    0x00, 0x05, 0xFF, 0xF5, 0x50, 0x00, 0x00, 0x3F, 0xF8, 0x00, 0x00, 0x00, 0x1F, 0xFD, 0x00, 0x00,
    0x00, 0x0B, 0xFF, 0x54, 0x00, 0x00, 0x03, 0xFF, 0xFF, 0xF9, 0x00, 0x00, 0xFF, 0xFF, 0xFF, 0xE0,
    0x00, 0x3F, 0xFF, 0xFF, 0xFE, 0x00, 0x1F, 0xFF, 0xFF, 0xFF, 0xD0, 0x0B, 0xFF, 0x01, 0xFF, 0xF8,
    0x03, 0xFF, 0xC0, 0x0F, 0xFF, 0x00, 0xFF, 0xE0, 0x02, 0xFF, 0xC0, 0x7F, 0xF4, 0x00, 0xBF, 0xF0,
    0x1F, 0xFC, 0x00, 0x3F, 0xFC, 0x0B, 0xFF, 0x00, 0x0F, 0xFE, 0x03, 0xFF, 0xC0, 0x0F, 0xFF, 0x40,
    0xFF, 0xF5, 0x6F, 0xFF, 0xC0, 0x7F, 0xFF, 0xFF, 0xFF, 0xD0, 0x2F, 0xFF, 0xFF, 0xFF, 0xD0, 0x0B,
    0xFF, 0xFF, 0xFF, 0x80, 0x03, 0xFF, 0xFF, 0xF9, 0x00, 0x00, 0x00, 0x7F, 0xF0, 0x00, 0x00, 0x0B,
    0xFF, 0x00, 0x00, 0x00, 0xFF, 0xE0, 0x00, 0x00, 0x0F, 0xFD, 0x00, 0x00, 0x3F, 0xFF, 0xFF, 0xFC,
    0x07, 0xFF, 0xFF, 0xFF, 0x80, 0xBF, 0xFF, 0xFF, 0xF4, 0x0B, 0xFF, 0xFF, 0xFF, 0x00, 0x03, 0xFF,
    0x40, 0x00, 0x00, 0x3F, 0xF0, 0x00, 0x00, 0x07, 0xFF, 0x00, 0x00, 0x00, 0xBF, 0xF0, 0x00, 0x00,
    0x0F, 0xFE, 0x00, 0x00, 0x00, 0xFF, 0xD0, 0x00, 0x00, 0x1F, 0xFC, 0x00, 0x00, 0x02, 0xFF, 0xC1,
    0x50, 0x00, 0x2F, 0xFF, 0xFF, 0xF4, 0x03, 0xFF, 0xFF, 0xFF, 0xE0, 0x3F, 0xFF, 0xFF, 0xFF, 0x47,
    0xFF, 0xFF, 0xFF, 0xFC, 0xBF, 0xF0, 0x07, 0xFF, 0xCF, 0xFE, 0x00, 0x1F, 0xFC, 0xFF, 0xE0, 0x01,
    0xFF, 0xCF, 0xFF, 0x00, 0x3F, 0xFC, 0xBF, 0xFD, 0x6F, 0xFF, 0x47, 0xFF, 0xFF, 0xFF, 0xF0, 0x3F,
    0xFF, 0xFF, 0xFC, 0x00, 0xFF, 0xFF, 0xFE, 0x00, 0x01, 0xBF, 0xFA, 0x00, 0x00, 0x00, 0x07, 0xFF,
    0xFF, 0xE4, 0x00, 0x00, 0x0B, 0xFF, 0xFF, 0xFF, 0x40, 0x00, 0x0F, 0xFF, 0xFF, 0xFF, 0xD0, 0x00,
    0x0F, 0xFF, 0xFF, 0xFF, 0xF0, 0x00, 0x1F, 0xFD, 0x56, 0xFF, 0xF4, 0x00, 0x2F, 0xFC, 0x00, 0x7F,
    0xFC, 0x00, 0x2F, 0xFC, 0x00, 0x3F, 0xFC, 0x00, 0x3F, 0xF8, 0x00, 0x2F, 0xFC, 0x00, 0x3F, 0xF4,
    0x00, 0x2F, 0xFC, 0x00, 0x7F, 0xF0, 0x08, 0x3F, 0xFC, 0x00, 0xBF, 0xF0, 0xBE, 0x3F, 0xFC, 0x00,
    0xFF, 0xF0, 0xFF, 0xFF, 0xF4, 0x00, 0xFF, 0xE0, 0x7F, 0xFF, 0xF0, 0x00, 0xFF, 0xFF, 0xFF, 0xFF,
    0xD0, 0x01, 0xFF, 0xFF, 0xFF, 0xFF, 0x40, 0x02, 0xFF, 0xFF, 0xFF, 0xFD, 0x00, 0x03, 0xFF, 0xFF,
    0xFF, 0xF8, 0x00, 0x03, 0xFF, 0x95, 0x43, 0xFC, 0x00, 0x03, 0xFF, 0x40, 0x01, 0xF4, 0x00, 0x07,
    0xFF, 0x00, 0x00, 0x40, 0x00, 0x0B, 0xFF, 0x00, 0x00, 0x00, 0x00, 0x0F, 0xFE, 0x00, 0x00, 0x00,
    0x00, 0x0F, 0xFD, 0x00, 0x00, 0x00, 0x00, 0x1F, 0xFD, 0x00, 0x00, 0x00, 0x00, 0x2F, 0xFC, 0x00,
    0x00, 0x00, 0x00, 0x2F, 0xFC, 0x00, 0x00, 0x00, 0x00, 0x3F, 0xF8, 0x00, 0x00, 0x00, 0x00, 0x00,
    0x03, 0xFC, 0x0B, 0xFD, 0x00, 0x00, 0x1F, 0xF0, 0xFF, 0xFE, 0x00, 0x00, 0x7F, 0xDF, 0xFF, 0xFE,
    0x00, 0x02, 0xFF, 0xFF, 0xFF, 0xFC, 0x00, 0x0F, 0xFF, 0xE5, 0xFF, 0xF4, 0x00, 0x3F, 0xFD, 0x01,
    0xFF, 0xE0, 0x01, 0xFF, 0xE0, 0x03, 0xFF, 0x80, 0x0B, 0xFF, 0x00, 0x0F, 0xFE, 0x00, 0x2F, 0xF8,
    0x00, 0x3F, 0xF8, 0x00, 0xFF, 0xD0, 0x00, 0xFF, 0xE0, 0x03, 0xFF, 0x00, 0x03, 0xFF, 0x40, 0x1F,
    0xFC, 0x00, 0x1F, 0xFC, 0x00, 0xBF, 0xE0, 0x10, 0xFF, 0xF0, 0x03, 0xFF, 0x83, 0xF3, 0xFF, 0x80,
    0x0F, 0xFF, 0x2F, 0xFF, 0xFC, 0x00, 0x3F, 0xFC, 0x3F, 0xFF, 0xF0, 0x01, 0xFF, 0xFD, 0xFF, 0xFF,
    0x00, 0x0B, 0xFF, 0xFF, 0xFF, 0xF8, 0x00, 0x3F, 0xFB, 0xFF, 0xFF, 0x80, 0x00, 0xFF, 0xC7, 0xFF,
    0xFD, 0x00, 0x07, 0xFF, 0x07, 0xFF, 0xFC, 0x00, 0x1F, 0xFC, 0x00, 0x07, 0xF8, 0x00, 0xBF, 0xF0,
    0x00, 0x0F, 0x80, 0x03, 0xFF, 0x80, 0x00, 0x00, 0x00, 0x0F, 0xFD, 0x00, 0x00, 0x00, 0x00, 0x7F,
    0xF0, 0x00, 0x00, 0x00, 0x02, 0xFF, 0xC0, 0x00, 0x00, 0x00, 0x0B, 0xFF, 0x00, 0x00, 0x00, 0x00,
    0x3F, 0xF8, 0x00, 0x00, 0x00, 0x00, 0xFF, 0xD0, 0x00, 0x00, 0x00, 0x00, 0x00, 0x00, 0x00, 0x00,
    0x1A, 0xA4, 0x00, 0x00, 0x00, 0x00, 0xBF, 0xD0, 0x00, 0x00, 0x00, 0x03, 0xFF, 0x00, 0x00, 0x00,
    0x00, 0x0F, 0xFC, 0x00, 0x00, 0x00, 0x00, 0x7F, 0xF0, 0x00, 0x00, 0x00, 0x02, 0xFF, 0x80, 0x00,
    0x7F, 0xFF, 0xFF, 0xFD, 0x00, 0x02, 0xFF, 0xFF, 0xFF, 0xF0, 0x00, 0x0F, 0xFF, 0xFF, 0xFF, 0xC0,
    0x00, 0x3F, 0xFF, 0xFF, 0xFE, 0x00, 0x01, 0xFF, 0xD5, 0x55, 0x50, 0x00, 0x0B, 0xFF, 0x00, 0x00,
    0x00, 0x00, 0x2F, 0xFC, 0x00, 0x00, 0x00, 0x00, 0xFF, 0xE0, 0x00, 0x00, 0x00, 0x03, 0xFF, 0x40,
    0x00, 0x00, 0x00, 0x1F, 0xFC, 0x00, 0x00, 0x00, 0x00, 0xBF, 0xF0, 0x00, 0x00, 0x00, 0x03, 0xFF,
    0xC0, 0x00, 0x00, 0x00, 0x0F, 0xFE, 0x00, 0x00, 0x00, 0x00, 0x3F, 0xF4, 0x00, 0x00, 0x00, 0x01,
    0xFF, 0xC0, 0x00, 0x00, 0x00, 0x0B, 0xFF, 0x00, 0x00, 0x00, 0x00, 0x3F, 0xFC, 0x00, 0x00, 0x00,
    0x00, 0xFF, 0xE0, 0x00, 0x00, 0x00, 0x03, 0xFF, 0x40, 0x00, 0x00, 0x00, 0x1F, 0xFC, 0x00, 0x00,
    0x00, 0x00, 0xBF, 0xF0, 0x00, 0x00, 0x00, 0x03, 0xFF, 0xC0, 0x00, 0x00, 0x00, 0x0F, 0xFE, 0x00,
    0x00, 0x00, 0x00, 0x7F, 0xF4, 0x00, 0x00, 0x00, 0x02, 0xFF, 0xC0, 0x00, 0x00, 0x00, 0x0B, 0xFF,
    0x00, 0x00, 0x00, 0x00, 0x3F, 0xF8, 0x00, 0x00, 0x00, 0x00, 0x00, 0x00, 0x00, 0x0B, 0xFD, 0x00,
    0x00, 0x00, 0x0F, 0xFD, 0x00, 0x00, 0x00, 0x0F, 0xFC, 0x00, 0x00, 0x00, 0x1F, 0xFC, 0x00, 0x00,
    0x00, 0x2F, 0xF8, 0x00, 0x3F, 0xFF, 0xFF, 0xF4, 0x00, 0x7F, 0xFF, 0xFF, 0xF0, 0x00, 0xBF, 0xFF,
    0xFF, 0xF0, 0x00, 0xBF, 0xFF, 0xFF, 0xE0, 0x00, 0xFF, 0xE5, 0x55, 0x40, 0x00, 0xFF, 0xD0, 0x00,
    0x00, 0x01, 0xFF, 0xC0, 0x00, 0x00, 0x02, 0xFF, 0xC0, 0x00, 0x00, 0x03, 0xFF, 0xC0, 0x00, 0x00,
    0x03, 0xFF, 0x80, 0x00, 0x00, 0x03, 0xFF, 0x40, 0x00, 0x00, 0x07, 0xFF, 0x00, 0x00, 0x00, 0x0B,
    0xFF, 0x00, 0x00, 0x00, 0x0F, 0xFF, 0x00, 0x00, 0x00, 0x0F, 0xFE, 0x00, 0x00, 0x00, 0x0F, 0xFD,
    0x00, 0x00, 0x00, 0x1F, 0xFC, 0x00, 0x00, 0x00, 0x2F, 0xFC, 0x00, 0x00, 0x00, 0x3F, 0xFC, 0x00,
    0x00, 0x00, 0x3F, 0xF8, 0x00, 0x00, 0x00, 0x3F, 0xF4, 0x00, 0x00, 0x00, 0x00, 0x07, 0xFF, 0xFF,
    0xFF, 0xD0, 0x00, 0xBF, 0xFF, 0xFF, 0xFC, 0x00, 0x0F, 0xFF, 0xFF, 0xFF, 0xC0, 0x00, 0xFF, 0xFF,
    0xFF, 0xF8, 0x00, 0x1F, 0xFD, 0x55, 0x55, 0x00, 0x01, 0xFF, 0xC0, 0x00, 0x00, 0x00, 0x2F, 0xFC,
    0x00, 0x00, 0x00, 0x03, 0xFF, 0x80, 0x00, 0x00, 0x00, 0x3F, 0xF8, 0x00, 0x00, 0x00, 0x07, 0xFF,
    0x40, 0x00, 0x00, 0x00, 0xBF, 0xF0, 0x00, 0x00, 0x00, 0x5F, 0xFF, 0x55, 0x40, 0x00, 0x2F, 0xFF,
    0xFF, 0xFD, 0x00, 0x03, 0xFF, 0xFF, 0xFF, 0xC0, 0x00, 0x3F, 0xFF, 0xFF, 0xFC, 0x00, 0x03, 0xFF,
    0xFF, 0xFF, 0x80, 0x00, 0x03, 0xFF, 0xC0, 0x00, 0x00, 0x00, 0x3F, 0xF8, 0x00, 0x00, 0x00, 0x07,
    0xFF, 0x40, 0x00, 0x00, 0x00, 0x7F, 0xF0, 0x00, 0x00, 0x00, 0x0B, 0xFF, 0x00, 0x00, 0x00, 0x00,
    0xFF, 0xF0, 0x00, 0x00, 0x00, 0x0F, 0xFE, 0x00, 0x00, 0x00, 0x01, 0xFF, 0xD0, 0x00, 0x00, 0x00,
    0x2F, 0xFC, 0x00, 0x00, 0x00, 0x02, 0xFF, 0xC0, 0x00, 0x00, 0x00, 0x3F, 0xF8, 0x00, 0x00, 0x00,
    0x00, 0x00, 0x0F, 0xFF, 0xFF, 0xFD, 0x00, 0x1F, 0xFF, 0xFF, 0xFC, 0x00, 0x1F, 0xFF, 0xFF, 0xFC,
    0x00, 0x2F, 0xFF, 0xFF, 0xFC, 0x00, 0x3F, 0xF9, 0x55, 0x50, 0x00, 0x3F, 0xF4, 0x00, 0x00, 0x00,
    0x7F, 0xF0, 0x00, 0x00, 0x00, 0x7F, 0xF0, 0x00, 0x00, 0x00, 0xBF, 0xF0, 0x00, 0x00, 0x1F, 0xFF,
    0xFF, 0xF4, 0x00, 0x2F, 0xFF, 0xFF, 0xF0, 0x00, 0x3F, 0xFF, 0xFF, 0xF0, 0x00, 0x3F, 0xFF, 0xFF,
    0xF0, 0x00, 0x17, 0xFF, 0xD5, 0x40, 0x00, 0x03, 0xFF, 0x80, 0x00, 0x00, 0x03, 0xFF, 0x40, 0x00,
    0x00, 0x07, 0xFF, 0x00, 0x00, 0x00, 0x0B, 0xFF, 0x00, 0x00, 0x00, 0x0F, 0xFE, 0x00, 0x00, 0x00,
    0x0F, 0xFE, 0x00, 0x00, 0x00, 0x0F, 0xFD, 0x00, 0x00, 0x00, 0x00, 0x07, 0xFF, 0xFF, 0xFF, 0xD0,
    0x00, 0xBF, 0xFF, 0xFF, 0xFC, 0x00, 0x0F, 0xFF, 0xFF, 0xFF, 0xC0, 0x00, 0xFF, 0xFF, 0xFF, 0xF8,
    0x00, 0x1F, 0xFD, 0x55, 0x55, 0x00, 0x02, 0xFF, 0xC0, 0x00, 0x00, 0x00, 0x2F, 0xF8, 0x00, 0x00,
    0x00, 0x03, 0xFF, 0x80, 0x00, 0x00, 0x00, 0x3F, 0xF4, 0x00, 0x00, 0x00, 0x07, 0xFF, 0x00, 0x00,
    0x00, 0x00, 0xBF, 0xF0, 0x00, 0x00, 0x00, 0x0F, 0xFE, 0x15, 0x00, 0x00, 0x00, 0xFF, 0xFF, 0xFF,
    0x80, 0x00, 0x0F, 0xFF, 0xFF, 0xFF, 0x40, 0x01, 0xFF, 0xFF, 0xFF, 0xFD, 0x00, 0x2F, 0xFF, 0xFF,
    0xFF, 0xF0, 0x03, 0xFF, 0x80, 0x2F, 0xFF, 0x80, 0x3F, 0xF4, 0x00, 0x7F, 0xFC, 0x03, 0xFF, 0x00,
    0x02, 0xFF, 0xD0, 0x7F, 0xF0, 0x00, 0x1F, 0xFE, 0x0B, 0xFF, 0x00, 0x00, 0xFF, 0xE0, 0xFF, 0xE0,
    0x00, 0x0F, 0xFF, 0x0F, 0xFD, 0x00, 0x00, 0xFF, 0xF1, 0xFF, 0xC0, 0x00, 0x0F, 0xFE, 0x2F, 0xFC,
    0x00, 0x00, 0xFF, 0xE2, 0xFF, 0xC0, 0x00, 0x0F, 0xFD, 0x3F, 0xF8, 0x00, 0x01, 0xFF, 0xC0, 0x00,
    0x00, 0x00, 0x3F, 0xFC, 0x00, 0x00, 0x00, 0x07, 0xFF, 0x80, 0x00, 0x00, 0x00, 0xFF, 0xF0, 0x00,
    0x00, 0x00, 0x3F, 0xFE, 0x00, 0x0B, 0x95, 0x6F, 0xFF, 0xC0, 0x00, 0xBF, 0xFF, 0xFF, 0xF0, 0x00,
    0x0B, 0xFF, 0xFF, 0xFC, 0x00, 0x00, 0xBF, 0xFF, 0xFE, 0x00, 0x00, 0x01, 0xBF, 0xF9, 0x00, 0x00,
    0x00, 0x3F, 0xFF, 0xFF, 0xF4, 0x01, 0xFF, 0xFF, 0xFF, 0xC0, 0x07, 0xFF, 0xFF, 0xFF, 0x00, 0x2F,
    0xFF, 0xFF, 0xFC, 0x00, 0xFF, 0xE5, 0x55, 0x40, 0x03, 0xFF, 0x40, 0x00, 0x00, 0x1F, 0xFC, 0x00,
    0x00, 0x00, 0xBF, 0xF0, 0x00, 0x00, 0x02, 0xFF, 0xC0, 0x00, 0x00, 0x0F, 0xFF, 0xFF, 0x80, 0x00,
    0x3F, 0xFF, 0xFF, 0xD0, 0x01, 0xFF, 0xFF, 0xFF, 0xD0, 0x0B, 0xFF, 0xFF, 0xFF, 0xC0, 0x3F, 0xFD,
    0x6F, 0xFF, 0x40, 0xFF, 0xD0, 0x1F, 0xFE, 0x03, 0xFF, 0x40, 0x3F, 0xFC, 0x1F, 0xFC, 0x00, 0xBF,
    0xF0, 0xBF, 0xF0, 0x02, 0xFF, 0xC3, 0xFF, 0x80, 0x0B, 0xFF, 0x0F, 0xFD, 0x00, 0x2F, 0xFC, 0x3F,
    0xF4, 0x00, 0xFF, 0xE0, 0x00, 0x00, 0x03, 0xFF, 0x80, 0x00, 0x00, 0x1F, 0xFC, 0x00, 0x00, 0x00,
    0xFF, 0xF0, 0x00, 0x00, 0x0F, 0xFF, 0x40, 0x0E, 0x56, 0xFF, 0xFC, 0x00, 0x3F, 0xFF, 0xFF, 0xC0,
    0x00, 0xFF, 0xFF, 0xFD, 0x00, 0x03, 0xFF, 0xFF, 0xC0, 0x00, 0x0B, 0xFF, 0xE0, 0x00, 0x00, 0x00,
    0x03, 0xFF, 0x80, 0x00, 0xFF, 0xD0, 0x00, 0xFF, 0xF0, 0x00, 0x07, 0xFF, 0x00, 0x07, 0xFF, 0x00,
    0x0B, 0xFF, 0x40, 0x00, 0x0F, 0xFD, 0x00, 0x1F, 0xFC, 0x00, 0x7F, 0xF8, 0x00, 0x00, 0x2F, 0xFC,
    0x00, 0xBF, 0xE0, 0x03, 0xFF, 0xC0, 0x00, 0x00, 0x7F, 0xF0, 0x03, 0xFF, 0x40, 0x3F, 0xFC, 0x00,
    0x00, 0x00, 0xFF, 0xE0, 0x0F, 0xFD, 0x02, 0xFF, 0xD0, 0x00, 0x00, 0x01, 0xFF, 0xC0, 0x7F, 0xF0,
    0x1F, 0xFD, 0x00, 0x00, 0x00, 0x03, 0xFF, 0x42, 0xFF, 0xC0, 0xFF, 0xE0, 0x00, 0x00, 0x00, 0x0B,
    0xFE, 0x0B, 0xFE, 0x0F, 0xFF, 0x00, 0x00, 0x00, 0x00, 0x1F, 0xFC, 0x3F, 0xF4, 0xBF, 0xF0, 0x00,
    0x00, 0x00, 0x00, 0x3F, 0xF4, 0xFF, 0xC7, 0xFF, 0x40, 0x00, 0x00, 0x00, 0x00, 0xBF, 0xF7, 0xFF,
    0x7F, 0xF8, 0x00, 0x00, 0x00, 0x00, 0x00, 0xFF, 0xEF, 0xFF, 0xFF, 0xC0, 0x00, 0x00, 0x00, 0x00,
    0x07, 0xFF, 0xFF, 0xFF, 0xFC, 0x00, 0x00, 0x00, 0x00, 0x00, 0x7F, 0xFF, 0xFF, 0xBF, 0xF0, 0x00,
    0x00, 0x00, 0x00, 0x03, 0xFF, 0xDF, 0xFC, 0xFF, 0xE0, 0x00, 0x00, 0x00, 0x00, 0x3F, 0xFD, 0x7F,
    0xF2, 0xFF, 0xC0, 0x00, 0x00, 0x00, 0x02, 0xFF, 0xD2, 0xFF, 0xC3, 0xFF, 0x40, 0x00, 0x00, 0x00,
    0x1F, 0xFE, 0x0F, 0xFE, 0x0F, 0xFF, 0x00, 0x00, 0x00, 0x01, 0xFF, 0xF0, 0x3F, 0xF4, 0x1F, 0xFC,
    0x00, 0x00, 0x00, 0x0F, 0xFF, 0x00, 0xFF, 0xC0, 0x3F, 0xF8, 0x00, 0x00, 0x00, 0xFF, 0xF4, 0x07,
    0xFF, 0x00, 0xBF, 0xF0, 0x00, 0x00, 0x0B, 0xFF, 0x80, 0x2F, 0xF8, 0x00, 0xFF, 0xD0, 0x00, 0x00,
    0x7F, 0xF8, 0x00, 0xFF, 0xD0, 0x03, 0xFF, 0xFF, 0x00, 0x07, 0xFF, 0xC0, 0x03, 0xFF, 0x40, 0x07,
    0xFF, 0xFC, 0x00, 0x3F, 0xFC, 0x00, 0x1F, 0xFC, 0x00, 0x0F, 0xFF, 0xF0, 0x03, 0xFF, 0xD0, 0x00,
    0xBF, 0xF0, 0x00, 0x2F, 0xFF, 0x80, 0x00, 0x00, 0x00, 0x00, 0x00, 0x00, 0x00, 0x1F, 0xFD, 0x00,
    0x00, 0x00, 0x00, 0x00, 0x00, 0x00, 0x00, 0x7F, 0xF0, 0x00, 0x00, 0x00, 0x00, 0x00, 0x00, 0x00,
    0x02, 0xFF, 0xC0, 0x00, 0x00, 0x00, 0x00, 0x00, 0x00, 0x00, 0x0F, 0xFE, 0x00, 0x00, 0x00, 0x00,
    0x00, 0x00, 0x00, 0x00, 0x3F, 0xF4, 0x00, 0x00, 0x00, 0x00, 0x00, 0x00, 0x00, 0x01, 0xFF, 0xD0,
    0x00, 0x00, 0x00, 0x00, 0x00, 0x00, 0x00, 0x0B, 0xFF, 0x00, 0x00, 0x00, 0x00, 0x00, 0x00, 0x00,
    0x00, 0x2F, 0xFC, 0x00, 0x00, 0x01, 0xFF, 0xD0, 0x00, 0x0B, 0xFE, 0x00, 0x01, 0xBF, 0xD0, 0x2F,
    0xFF, 0xC0, 0x00, 0xFF, 0xD0, 0x01, 0xFF, 0xFC, 0x02, 0xFF, 0xFF, 0x00, 0x0F, 0xFD, 0x00, 0xBF,
    0xFF, 0xC0, 0x2F, 0xFF, 0xF8, 0x00, 0xFF, 0xC0, 0x2F, 0xFF, 0xF8, 0x01, 0x9B, 0xFF, 0xC0, 0x1F,
    0xFC, 0x07, 0xFF, 0xE5, 0x00, 0x00, 0x1F, 0xFD, 0x02, 0xFF, 0x80, 0xFF, 0xF4, 0x00, 0x00, 0x00,
    0xFF, 0xE0, 0x3F, 0xF4, 0x1F, 0xFD, 0x00, 0x00, 0x00, 0x0F, 0xFE, 0x03, 0xFF, 0x02, 0xFF, 0xC0,
    0x00, 0x00, 0x00, 0xFF, 0xE0, 0x7F, 0xF0, 0x3F, 0xF4, 0x00, 0x00, 0x00, 0x0F, 0xFF, 0xFF, 0xFF,
    0xFF, 0xFF, 0x00, 0x00, 0x00, 0x00, 0xFF, 0xFF, 0xFF, 0xFF, 0xFF, 0xF0, 0x00, 0x00, 0x00, 0x0F,
    0xFF, 0xFF, 0xFF, 0xFF, 0xFF, 0x00, 0x00, 0x00, 0x02, 0xFF, 0xFF, 0xFF, 0xFF, 0xFF, 0xE0, 0x00,
    0x00, 0x00, 0x3F, 0xFD, 0x5F, 0xFD, 0x5F, 0xFE, 0x00, 0x00, 0x00, 0x0B, 0xFF, 0x81, 0xFF, 0xC0,
    0xBF, 0xF0, 0x00, 0x00, 0x01, 0xFF, 0xF0, 0x2F, 0xF8, 0x0B, 0xFF, 0x40, 0x00, 0x05, 0xBF, 0xFE,
    0x03, 0xFF, 0x40, 0x7F, 0xFE, 0x58, 0x02, 0xFF, 0xFF, 0xC0, 0x3F, 0xF0, 0x03, 0xFF, 0xFF, 0xC0,
    0x3F, 0xFF, 0xF0, 0x07, 0xFF, 0x00, 0x2F, 0xFF, 0xFC, 0x03, 0xFF, 0xF8, 0x00, 0xBF, 0xE0, 0x00,
    0xFF, 0xFF, 0x80, 0x7F, 0xF8, 0x00, 0x0F, 0xFD, 0x00, 0x03, 0xFF, 0xF8, 0x00, 0x00, 0x00, 0x00,
    0x00, 0x00, 0x00, 0x07, 0xFF, 0x40, 0x00, 0x00, 0x00, 0x00, 0x00, 0x00, 0x00, 0x3F, 0xF0, 0x00,
    0x00, 0x00, 0x00, 0x00, 0x00, 0x00, 0x03, 0xFF, 0x00, 0x00, 0x00, 0x00, 0x00, 0x00, 0x00, 0x00,
    0x3F, 0xE0, 0x00, 0x00, 0x00, 0x00, 0x00, 0x00, 0x00, 0x07, 0xFE, 0x00, 0x00, 0x00, 0x00, 0x00,
    0x00, 0x00, 0x00, 0xBF, 0xD0, 0x00, 0x00, 0x00, 0x00, 0x00, 0x00, 0x00, 0x0F, 0xFC, 0x00, 0x00,
    0x00, 0x00, 0x00, 0x00, 0x00, 0x00, 0xAA, 0x80, 0x00, 0x00, 0x01, 0xBF, 0xFE, 0x40, 0x00, 0x0B,
    0xFF, 0xFF, 0xFF, 0x40, 0x00, 0xFF, 0xFF, 0xFF, 0xFE, 0x00, 0x0B, 0xFF, 0xFF, 0xFF, 0xF4, 0x00,
    0x3F, 0xE5, 0x6F, 0xFF, 0xC0, 0x01, 0x40, 0x00, 0x7F, 0xFC, 0x00, 0x00, 0x00, 0x02, 0xFF, 0xC0,
    0x00, 0x00, 0x00, 0x2F, 0xFC, 0x00, 0x00, 0x00, 0x03, 0xFF, 0xC0, 0x00, 0x00, 0x00, 0xBF, 0xF4,
    0x00, 0x01, 0x56, 0xBF, 0xFE, 0x00, 0x00, 0xFF, 0xFF, 0xFF, 0x40, 0x00, 0x0F, 0xFF, 0xF9, 0x00,
    0x00, 0x01, 0xFF, 0xFF, 0xF4, 0x00, 0x00, 0x1F, 0xFF, 0xFF, 0xE0, 0x00, 0x00, 0x00, 0x6F, 0xFF,
    0x40, 0x00, 0x00, 0x00, 0x3F, 0xFC, 0x00, 0x00, 0x00, 0x02, 0xFF, 0xC0, 0x00, 0x00, 0x00, 0x1F,
    0xFC, 0x00, 0x00, 0x00, 0x02, 0xFF, 0xC0, 0x00, 0x00, 0x00, 0x3F, 0xFC, 0x06, 0x40, 0x00, 0x1F,
    0xFF, 0x80, 0x7F, 0xE9, 0xAF, 0xFF, 0xF0, 0x07, 0xFF, 0xFF, 0xFF, 0xFE, 0x00, 0x7F, 0xFF, 0xFF,
    0xFF, 0x80, 0x07, 0xFF, 0xFF, 0xFF, 0xD0, 0x00, 0x06, 0xFF, 0xFE, 0x80, 0x00, 0x00, 0x00, 0x2F,
    0xC0, 0x00, 0x00, 0x00, 0x00, 0xFE, 0x00, 0x00, 0x00, 0x00, 0x0F, 0xF0, 0x00, 0x00, 0x00, 0x00,
    0xBF, 0x00, 0x00, 0x00, 0x00, 0x0F, 0xF4, 0x00, 0x00, 0x00, 0x41, 0xFF, 0x00, 0x00, 0x00, 0x0F,
    0xFF, 0xF0, 0x00, 0x00, 0x00, 0xFF, 0xFC, 0x00, 0x00, 0x00, 0x0F, 0xFE, 0x00, 0x00, 0x00, 0x00,
    0x1B, 0xFF, 0xE0, 0x00, 0x3F, 0xFF, 0xFF, 0xE0, 0x03, 0xFF, 0xFF, 0xFF, 0x80, 0x1F, 0xFF, 0xFF,
    0xFD, 0x00, 0xF9, 0x57, 0xFF, 0xE0, 0x00, 0x00, 0x0F, 0xFE, 0x00, 0x00, 0x00, 0xFF, 0xE0, 0x00,
    0x00, 0x6F, 0xFC, 0x00, 0x3F, 0xFF, 0xFF, 0x40, 0x03, 0xFF, 0xFF, 0x80, 0x00, 0x3F, 0xFF, 0xE0,
    0x00, 0x07, 0xFF, 0xFF, 0xD0, 0x00, 0x15, 0x6F, 0xFF, 0x00, 0x00, 0x00, 0x7F, 0xF4, 0x00, 0x00,
    0x03, 0xFF, 0x40, 0x00, 0x00, 0x7F, 0xF4, 0x79, 0x41, 0x6F, 0xFF, 0x07, 0xFF, 0xFF, 0xFF, 0xE0,
    0x7F, 0xFF, 0xFF, 0xFC, 0x07, 0xFF, 0xFF, 0xFE, 0x00, 0x1B, 0xFF, 0xF9, 0x00, 0x00, 0x00, 0xBF,
    0x00, 0x00, 0x00, 0x03, 0xF8, 0x00, 0x00, 0x00, 0x2F, 0xC0, 0x00, 0x00, 0x02, 0xFD, 0x00, 0x00,
    0x00, 0x2F, 0xD0, 0x00, 0x00, 0x07, 0xFC, 0x00, 0x00, 0x3F, 0xFF, 0xC0, 0x00, 0x03, 0xFF, 0xF0,
    0x00, 0x00, 0x2F, 0xF8, 0x00, 0x00, 0x00, 0x07, 0xFF, 0x00, 0x03, 0xFF, 0xD0, 0x00, 0xBF, 0xF0,
    0x00, 0xBF, 0xF8, 0x00, 0x0F, 0xFE, 0x00, 0x1F, 0xFF, 0x00, 0x00, 0xFF, 0xE0, 0x03, 0xFF, 0xC0,
    0x00, 0x1F, 0xFD, 0x00, 0xFF, 0xF4, 0x00, 0x02, 0xFF, 0xC0, 0x2F, 0xFD, 0x00, 0x00, 0x2F, 0xFC,
    0x0B, 0xFF, 0x80, 0x00, 0x03, 0xFF, 0x81, 0xFF, 0xF0, 0x00, 0x00, 0x3F, 0xF4, 0x3F, 0xFC, 0x00,
    0x00, 0x07, 0xFF, 0x4F, 0xFF, 0x40, 0x00, 0x00, 0xBF, 0xF2, 0xFF, 0xE0, 0x00, 0x00, 0x0F, 0xFF,
    0x7F, 0xFC, 0x00, 0x00, 0x00, 0xFF, 0xFF, 0xFF, 0x00, 0x00, 0x00, 0x0F, 0xFF, 0xFF, 0xD0, 0x00,
    0x00, 0x01, 0xFF, 0xEF, 0xFD, 0x00, 0x00, 0x00, 0x2F, 0xFC, 0xFF, 0xF0, 0x00, 0x00, 0x03, 0xFF,
    0xCB, 0xFF, 0x00, 0x00, 0x00, 0x3F, 0xF8, 0x7F, 0xF8, 0x00, 0x00, 0x03, 0xFF, 0x43, 0xFF, 0xC0,
    0x00, 0x00, 0x7F, 0xF0, 0x2F, 0xFD, 0x00, 0x00, 0x0B, 0xFF, 0x00, 0xFF, 0xF0, 0x00, 0x00, 0xFF,
    0xE0, 0x0F, 0xFF, 0x00, 0x00, 0x0F, 0xFE, 0x00, 0x7F, 0xF8, 0x00, 0x01, 0xFF, 0xD0, 0x03, 0xFF,
    0xFF, 0xF0, 0x2F, 0xFC, 0x00, 0x2F, 0xFF, 0xFF, 0x02, 0xFF, 0xC0, 0x01, 0xFF, 0xFF, 0xE0, 0x3F,
    0xF8, 0x00, 0x0F, 0xFF, 0xFD, 0x00, 0x00, 0x00, 0x00, 0x02, 0xFF, 0xC0, 0x00, 0x00, 0x00, 0x00,
    0x2F, 0xFC, 0x00, 0x00, 0x00, 0x00, 0x03, 0xFF, 0x80, 0x00, 0x00, 0x00, 0x00, 0x3F, 0xF4, 0x00,
    0x00, 0x00, 0x00, 0x07, 0xFF, 0x00, 0x00, 0x00, 0x00, 0x00, 0xBF, 0xF0, 0x00, 0x00, 0x00, 0x00,
    0x0F, 0xFF, 0x00, 0x00, 0x00, 0x00, 0x00, 0xFF, 0xE0, 0x00, 0x00, 0x3F, 0xF4, 0x00, 0xFF, 0xF4,
    0x01, 0xFF, 0xD0, 0x0B, 0xFF, 0x80, 0x07, 0xFF, 0x00, 0x7F, 0xFC, 0x00, 0x2F, 0xFC, 0x07, 0xFF,
    0xC0, 0x00, 0xFF, 0xE0, 0x3F, 0xFC, 0x00, 0x03, 0xFF, 0x43, 0xFF, 0xD0, 0x00, 0x1F, 0xFC, 0x3F,
    0xFD, 0x00, 0x00, 0xBF, 0xF2, 0xFF, 0xE0, 0x00, 0x02, 0xFF, 0xEF, 0xFE, 0x00, 0x00, 0x0F, 0xFF,
    0xFF, 0xF0, 0x00, 0x00, 0x3F, 0xFF, 0xFF, 0x40, 0x00, 0x01, 0xFF, 0xDF, 0xFE, 0x00, 0x00, 0x0B,
    0xFF, 0x3F, 0xFC, 0x00, 0x00, 0x3F, 0xF8, 0x7F, 0xF8, 0x00, 0x00, 0xFF, 0xE0, 0xFF, 0xF0, 0x00,
    0x03, 0xFF, 0x41, 0xFF, 0xE0, 0x00, 0x1F, 0xFC, 0x03, 0xFF, 0xFF, 0xD0, 0xBF, 0xF0, 0x0B, 0xFF,
    0xFF, 0x03, 0xFF, 0x80, 0x0F, 0xFF, 0xFC, 0x0F, 0xFD, 0x00, 0x2F, 0xFF, 0xE0, 0x3F, 0xF4, 0x00,
    0x3F, 0xFF, 0x40, 0x00, 0x00, 0x00, 0x0B, 0xFD, 0x00, 0x00, 0x00, 0x00, 0x3F, 0xF0, 0x00, 0x00,
    0x00, 0x00, 0xFF, 0xC0, 0x00, 0x00, 0x00, 0x07, 0xFE, 0x00, 0x00, 0x00, 0x00, 0x2F, 0xF4, 0x00,
    0x00, 0x00, 0x00, 0xFF, 0xC0, 0x00, 0x00, 0x00, 0x03, 0xFF, 0x00, 0x00, 0x07, 0xFF, 0x00, 0x00,
    0xFF, 0xF0, 0x00, 0x2F, 0xFC, 0x00, 0x0F, 0xFF, 0x40, 0x00, 0xFF, 0xF0, 0xF8, 0xFF, 0xF4, 0x00,
    0x03, 0xFF, 0x87, 0xDB, 0xFF, 0x80, 0x00, 0x1F, 0xFD, 0x1F, 0xBF, 0xF8, 0x00, 0x00, 0xBF, 0xF0,
    0xBF, 0xFF, 0x80, 0x00, 0x02, 0xFF, 0xC3, 0xFF, 0xFC, 0x00, 0x00, 0x0F, 0xFE, 0x0F, 0xFF, 0xC0,
    0x00, 0x00, 0x3F, 0xF4, 0x7F, 0xFC, 0x00, 0x00, 0x01, 0xFF, 0xD3, 0xFF, 0xC0, 0x00, 0x00, 0x0B,
    0xFF, 0x2F, 0xFD, 0x00, 0x00, 0x00, 0x3F, 0xFD, 0xFF, 0xD0, 0x00, 0x00, 0x00, 0xFF, 0xFF, 0xFE,
    0x00, 0x00, 0x00, 0x03, 0xFF, 0xFF, 0xF0, 0x00, 0x00, 0x00, 0x1F, 0xFD, 0xFF, 0xD0, 0x00, 0x00,
    0x00, 0xBF, 0xF2, 0xFF, 0xC0, 0x00, 0x00, 0x03, 0xFF, 0xC7, 0xFF, 0x40, 0x00, 0x00, 0x0F, 0xFE,
    0x0F, 0xFF, 0x00, 0x00, 0x00, 0x3F, 0xF4, 0x7F, 0xFD, 0x00, 0x00, 0x01, 0xFF, 0xC2, 0xFF, 0xFC,
    0x00, 0x00, 0x0B, 0xFF, 0x0F, 0xFF, 0xF4, 0x00, 0x00, 0x3F, 0xFC, 0x3F, 0xFF, 0xF0, 0x00, 0x00,
    0xFF, 0xE0, 0xF6, 0xFF, 0xC0, 0x00, 0x07, 0xFF, 0x47, 0xD3, 0xFF, 0x80, 0x00, 0x2F, 0xFC, 0x00,
    0x0F, 0xFF, 0x00, 0x00, 0xBF, 0xF0, 0x00, 0x1F, 0xFE, 0x00, 0x03, 0xFF, 0x80, 0x00, 0x3F, 0xFC,
    0x00, 0x00, 0x00, 0x3F, 0xF4, 0x00, 0xBF, 0xF4, 0x01, 0xFF, 0xC0, 0x0B, 0xFF, 0x80, 0x07, 0xFF,
    0x3E, 0x7F, 0xF8, 0x00, 0x2F, 0xFC, 0xFB, 0xFF, 0xC0, 0x00, 0xFF, 0xE3, 0xFF, 0xFC, 0x00, 0x03,
    0xFF, 0x5F, 0xFF, 0xC0, 0x00, 0x1F, 0xFC, 0xBF, 0xFD, 0x00, 0x00, 0xBF, 0xF3, 0xFF, 0xE0, 0x00,
    0x02, 0xFF, 0xDF, 0xFE, 0x00, 0x00, 0x0F, 0xFF, 0xFF, 0xF0, 0x00, 0x00, 0x3F, 0xFF, 0xFF, 0x00,
    0x00, 0x01, 0xFF, 0xDF, 0xFE, 0x00, 0x00, 0x0B, 0xFF, 0x3F, 0xFC, 0x00, 0x00, 0x3F, 0xF8, 0xFF,
    0xF8, 0x00, 0x00, 0xFF, 0xD7, 0xFF, 0xF0, 0x00, 0x03, 0xFF, 0x5F, 0xFF, 0xE0, 0x00, 0x1F, 0xFC,
    0xBF, 0xFF, 0xC0, 0x00, 0xBF, 0xF3, 0xE7, 0xFF, 0x40, 0x03, 0xFF, 0x8F, 0x4F, 0xFF, 0x00, 0x0F,
    0xFD, 0x00, 0x2F, 0xFD, 0x00, 0x3F, 0xF4, 0x00, 0x3F, 0xFC, 0x00, 0x00, 0x07, 0xFF, 0x00, 0x02,
    0xFF, 0xE0, 0x00, 0x2F, 0xFC, 0x00, 0x2F, 0xFF, 0x00, 0x05, 0xFF, 0xF5, 0x01, 0xFF, 0xF0, 0x00,
    0xBF, 0xFF, 0xFC, 0x0F, 0xFF, 0x00, 0x03, 0xFF, 0xFF, 0xE0, 0xFF, 0xF4, 0x00, 0x0F, 0xFF, 0xFF,
    0x8B, 0xFF, 0x80, 0x00, 0x7F, 0xFF, 0xFD, 0xBF, 0xF8, 0x00, 0x00, 0x0F, 0xFE, 0x07, 0xFF, 0xC0,
    0x00, 0x00, 0x3F, 0xF4, 0x3F, 0xFC, 0x00, 0x00, 0x01, 0xFF, 0xC3, 0xFF, 0xC0, 0x00, 0x00, 0x0B,
    0xFF, 0x2F, 0xFD, 0x00, 0x00, 0x00, 0x3F, 0xFD, 0xFF, 0xE0, 0x00, 0x00, 0x00, 0xFF, 0xFF, 0xFE,
    0x00, 0x00, 0x00, 0x03, 0xFF, 0xFF, 0xF0, 0x00, 0x00, 0x00, 0x1F, 0xFD, 0xFF, 0xE0, 0x00, 0x00,
    0x00, 0xBF, 0xF3, 0xFF, 0xC0, 0x00, 0x00, 0x03, 0xFF, 0xC7, 0xFF, 0x40, 0x00, 0x00, 0x0F, 0xFE,
    0x0F, 0xFF, 0x00, 0x00, 0x00, 0x7F, 0xF4, 0x2F, 0xFD, 0x00, 0x00, 0x01, 0xFF, 0xC0, 0x7F, 0xF8,
    0x00, 0x00, 0x0B, 0xFF, 0x00, 0xFF, 0xF0, 0x00, 0x00, 0x3F, 0xFC, 0x02, 0xFF, 0xE0, 0x00, 0x00,
    0xFF, 0xE0, 0x03, 0xFF, 0xC0, 0x00, 0x07, 0xFF, 0x40, 0x0F, 0xFF, 0x40, 0x00, 0x2F, 0xFC, 0x00,
    0x1F, 0xFF, 0x00, 0x00, 0xBF, 0xF0, 0x00, 0x3F, 0xFD, 0x00, 0x03, 0xFF, 0x80, 0x00, 0xBF, 0xF8,
    0x00, 0x00, 0x00, 0x02, 0xAA, 0x00, 0x00, 0x00, 0x00, 0x1F, 0xFC, 0x00, 0x00, 0x00, 0x00, 0xBF,
    0xF0, 0x00, 0x00, 0x00, 0xFF, 0xFF, 0xFF, 0xF0, 0x00, 0x03, 0xFF, 0xFF, 0xFF, 0xC0, 0x00, 0x1F,
    0xFF, 0xFF, 0xFE, 0x00, 0x00, 0x7F, 0xFF, 0xFF, 0xF4, 0x00, 0x00, 0x0F, 0xFF, 0x00, 0x00, 0x00,
    0x00, 0x3F, 0xF8, 0x00, 0xFF, 0xF4, 0x00, 0xFF, 0xD0, 0x0B, 0xFF, 0x80, 0x07, 0xFF, 0x00, 0x7F,
    0xFC, 0x00, 0x2F, 0xFC, 0x07, 0xFF, 0xC0, 0x00, 0xFF, 0xE0, 0x3F, 0xFC, 0x00, 0x03, 0xFF, 0x43,
    0xFF, 0xD0, 0x00, 0x0F, 0xFD, 0x2F, 0xFD, 0x00, 0x00, 0x7F, 0xF2, 0xFF, 0xE0, 0x00, 0x02, 0xFF,
    0xDF, 0xFF, 0x00, 0x00, 0x0F, 0xFF, 0xFF, 0xF0, 0x00, 0x00, 0x3F, 0xFF, 0xFF, 0x40, 0x00, 0x01,
    0xFF, 0xEF, 0xFE, 0x00, 0x00, 0x0B, 0xFF, 0x3F, 0xFC, 0x00, 0x00, 0x2F, 0xFC, 0x7F, 0xF8, 0x00,
    0x00, 0xFF, 0xE0, 0xFF, 0xF0, 0x00, 0x03, 0xFF, 0x42, 0xFF, 0xE0, 0x00, 0x1F, 0xFC, 0x03, 0xFF,
    0xC0, 0x00, 0xBF, 0xF0, 0x0B, 0xFF, 0x80, 0x03, 0xFF, 0x80, 0x0F, 0xFF, 0x00, 0x0F, 0xFE, 0x00,
    0x2F, 0xFD, 0x00, 0x3F, 0xF4, 0x00, 0x3F, 0xFC, 0x00, 0x3F, 0xFF, 0xFF, 0x40, 0x01, 0xFF, 0xF1,
    0xFF, 0xFF, 0xFD, 0x00, 0x1F, 0xFF, 0x0B, 0xFF, 0xFF, 0xF0, 0x00, 0xFF, 0xF4, 0x3F, 0xFF, 0xFF,
    0xC0, 0x0F, 0xFF, 0x40, 0x55, 0x5F, 0xFE, 0x00, 0xBF, 0xF8, 0x00, 0x00, 0x7F, 0xF4, 0x07, 0xFF,
    0xC0, 0x00, 0x02, 0xFF, 0xC0, 0x7F, 0xFC, 0x00, 0x00, 0x0B, 0xFF, 0x03, 0xFF, 0xC0, 0x00, 0x00,
    0x3F, 0xFC, 0x3F, 0xFD, 0x00, 0x00, 0x00, 0xFF, 0xE2, 0xFF, 0xD0, 0x00, 0x00, 0x07, 0xFF, 0x5F,
    0xFE, 0x00, 0x00, 0x00, 0x2F, 0xFD, 0xFF, 0xF0, 0x00, 0x00, 0x00, 0xFF, 0xFF, 0xFF, 0x00, 0x00,
    0x00, 0x03, 0xFF, 0xFF, 0xF8, 0x00, 0x00, 0x00, 0x0F, 0xFE, 0xFF, 0xF0, 0x00, 0x00, 0x00, 0x7F,
    0xF5, 0xFF, 0xD0, 0x00, 0x00, 0x02, 0xFF, 0xC3, 0xFF, 0xC0, 0x00, 0x00, 0x0F, 0xFF, 0x0B, 0xFF,
    0x40, 0x00, 0x00, 0x3F, 0xF8, 0x1F, 0xFE, 0x00, 0x00, 0x00, 0xFF, 0xD0, 0x3F, 0xFC, 0x00, 0x00,
    0x07, 0xFF, 0x40, 0xBF, 0xF8, 0x00, 0x00, 0x2F, 0xFC, 0x00, 0xFF, 0xF0, 0x00, 0x00, 0xFF, 0xF0,
    0x03, 0xFF, 0xD0, 0x00, 0x03, 0xFF, 0x80, 0x07, 0xFF, 0x80, 0x00, 0x0F, 0xFD, 0x00, 0x0F, 0xFF,
    0x00, 0x00, 0x7F, 0xF0, 0x00, 0x2F, 0xFE, 0x00, 0x02, 0xFF, 0xC0, 0x00, 0x7F, 0xFC, 0x00, 0x00,
    0x3F, 0xFF, 0xFF, 0x80, 0x0B, 0xFF, 0x83, 0xFF, 0xFF, 0xF4, 0x01, 0xFF, 0xF0, 0x7F, 0xFF, 0xFF,
    0x40, 0x3F, 0xFC, 0x07, 0xFF, 0xFF, 0xF0, 0x0F, 0xFF, 0x00, 0x15, 0x5F, 0xFF, 0x03, 0xFF, 0xD0,
    0x00, 0x00, 0xFF, 0xE0, 0xBF, 0xF8, 0x00, 0x00, 0x0F, 0xFD, 0x2F, 0xFE, 0x00, 0x00, 0x01, 0xFF,
    0xD7, 0xFF, 0xC0, 0x00, 0x00, 0x1F, 0xFD, 0xFF, 0xF0, 0x00, 0x00, 0x02, 0xFF, 0xFF, 0xFD, 0x00,
    0x00, 0x00, 0x3F, 0xFF, 0xFF, 0x80, 0x00, 0x00, 0x03, 0xFF, 0xBF, 0xFC, 0x00, 0x00, 0x00, 0x7F,
    0xF2, 0xFF, 0xD0, 0x00, 0x00, 0x0B, 0xFF, 0x0F, 0xFF, 0x00, 0x00, 0x00, 0xBF, 0xF0, 0xFF, 0xF4,
    0x00, 0x00, 0x0F, 0xFE, 0x07, 0xFF, 0xC0, 0x00, 0x00, 0xFF, 0xD0, 0x3F, 0xFC, 0x00, 0x00, 0x1F,
    0xFC, 0x01, 0xFF, 0xE0, 0x00, 0x02, 0xFF, 0xC0, 0x0F, 0xFF, 0x00, 0x00, 0x3F, 0xF8, 0x00, 0x7F,
    0xF8, 0x00, 0x03, 0xFF, 0x80, 0x03, 0xFF, 0xC0, 0x00, 0x00, 0x07, 0xFF, 0x00, 0x00, 0x7F, 0xF4,
    0x00, 0x2F, 0xFC, 0x00, 0x01, 0xFF, 0xC0, 0x00, 0xFF, 0xE0, 0x00, 0x0B, 0xFF, 0x00, 0x03, 0xFF,
    0x40, 0x00, 0x3F, 0xF8, 0x00, 0x1F, 0xFD, 0x00, 0x00, 0xFF, 0xE0, 0x00, 0xBF, 0xF0, 0x00, 0x07,
    0xFF, 0x40, 0x02, 0xFF, 0xC0, 0x00, 0x2F, 0xFC, 0x00, 0x0F, 0xFE, 0x00, 0x00, 0xBF, 0xF0, 0x00,
    0x3F, 0xF4, 0x00, 0x03, 0xFF, 0x80, 0x01, 0xFF, 0xD0, 0x00, 0x0F, 0xFD, 0x00, 0x0B, 0xFF, 0x55,
    0x55, 0xBF, 0xF4, 0x00, 0x3F, 0xFF, 0xFF, 0xFF, 0xFF, 0xC0, 0x00, 0xFF, 0xFF, 0xFF, 0xFF, 0xFF,
    0x00, 0x03, 0xFF, 0xFF, 0xFF, 0xFF, 0xF8, 0x00, 0x1F, 0xFF, 0xFF, 0xFF, 0xFF, 0xD0, 0x00, 0xBF,
    0xF0, 0x00, 0x07, 0xFF, 0x40, 0x03, 0xFF, 0x80, 0x00, 0x2F, 0xFC, 0x00, 0x0F, 0xFD, 0x00, 0x00,
    0xFF, 0xF0, 0x00, 0x3F, 0xF4, 0x00, 0x03, 0xFF, 0x80, 0x01, 0xFF, 0xC0, 0x00, 0x1F, 0xFD, 0x00,
    0x0B, 0xFF, 0x00, 0x00, 0x7F, 0xF0, 0x00, 0x3F, 0xF8, 0x00, 0x02, 0xFF, 0xC0, 0x00, 0xFF, 0xD0,
    0x00, 0x0F, 0xFF, 0x00, 0x07, 0xFF, 0x40, 0x00, 0x3F, 0xFF, 0xFF, 0x2F, 0xFC, 0x00, 0x01, 0xFF,
    0xFF, 0xF8, 0xBF, 0xF0, 0x00, 0x0B, 0xFF, 0xFF, 0xD3, 0xFF, 0x80, 0x00, 0x2F, 0xFF, 0xFF, 0x00,
    0x00, 0x00, 0x00, 0x00, 0x2F, 0xFC, 0x00, 0x00, 0x00, 0x00, 0x00, 0xFF, 0xE0, 0x00, 0x00, 0x00,
    0x00, 0x03, 0xFF, 0x80, 0x00, 0x00, 0x00, 0x00, 0x1F, 0xFD, 0x00, 0x00, 0x00, 0x00, 0x00, 0xBF,
    0xF0, 0x00, 0x00, 0x00, 0x00, 0x02, 0xFF, 0xC0, 0x00, 0x00, 0x00, 0x00, 0x0F, 0xFE, 0x00, 0x00,
    0x00, 0x00, 0x00, 0x3F, 0xF4, 0x00, 0x00, 0x3F, 0xF8, 0x00, 0x7F, 0xF4, 0x00, 0x7F, 0xF4, 0x00,
    0x7F, 0xF0, 0x00, 0x7F, 0xF0, 0x00, 0xBF, 0xF0, 0x00, 0xBF, 0xF0, 0x00, 0xFF, 0xE0, 0x00, 0xFF,
    0xE0, 0x00, 0xFF, 0xD0, 0x00, 0xFF, 0xE0, 0x01, 0xFF, 0xD0, 0x01, 0xFF, 0xD0, 0x02, 0xFF, 0xC0,
    0x02, 0xFF, 0xC0, 0x02, 0xFF, 0xC0, 0x02, 0xFF, 0xFF, 0xFF, 0xFF, 0x80, 0x03, 0xFF, 0xFF, 0xFF,
    0xFF, 0x40, 0x03, 0xFF, 0xFF, 0xFF, 0xFF, 0x00, 0x07, 0xFF, 0xFF, 0xFF, 0xFF, 0x00, 0x0B, 0xFF,
    0x55, 0x5F, 0xFF, 0x00, 0x0F, 0xFF, 0x00, 0x0F, 0xFE, 0x00, 0x0F, 0xFE, 0x00, 0x0F, 0xFD, 0x00,
    0x0F, 0xFD, 0x00, 0x1F, 0xFC, 0x00, 0x1F, 0xFC, 0x00, 0x2F, 0xFF, 0xFC, 0x2F, 0xFC, 0x00, 0x3F,
    0xFF, 0xFC, 0x3F, 0xFC, 0x00, 0x3F, 0xFF, 0xFC, 0x3F, 0xF8, 0x00, 0x3F, 0xFF, 0xF8, 0x3F, 0xF4,
    0x00, 0x7F, 0xFF, 0xF4, 0x00, 0x00, 0x00, 0x00, 0x3F, 0xF0, 0x00, 0x00, 0x00, 0x00, 0x3F, 0xF0,
    0x00, 0x00, 0x00, 0x00, 0x7F, 0xE0, 0x00, 0x00, 0x00, 0x00, 0xBF, 0xE0, 0x00, 0x00, 0x00, 0x00,
    0xFF, 0xD0, 0x00, 0x00, 0x00, 0x00, 0xFF, 0xC0, 0x00, 0x00, 0x00, 0x01, 0xFF, 0xC0, 0x00, 0x07,
    0xFF, 0x00, 0x00, 0x7F, 0xFF, 0xFF, 0x00, 0x02, 0xFF, 0xC0, 0x00, 0x1F, 0xFF, 0xFF, 0xC0, 0x00,
    0xFF, 0xE0, 0x00, 0x0B, 0xFF, 0xFF, 0xE0, 0x00, 0x3F, 0xF4, 0x00, 0x03, 0xFF, 0xFF, 0xF4, 0x00,
    0x1F, 0xFD, 0x00, 0x00, 0xFF, 0xE5, 0x54, 0x00, 0x0B, 0xFF, 0x00, 0x00, 0x7F, 0xF0, 0x00, 0x00,
    0x02, 0xFF, 0xC0, 0x00, 0x2F, 0xFC, 0x00, 0x00, 0x00, 0xFF, 0xE0, 0x00, 0x0B, 0xFF, 0x00, 0x00,
    0x00, 0x3F, 0xF4, 0x00, 0x03, 0xFF, 0x80, 0x00, 0x00, 0x1F, 0xFD, 0x00, 0x00, 0xFF, 0xD0, 0x00,
    0x00, 0x0B, 0xFF, 0x55, 0x55, 0xBF, 0xF0, 0x00, 0x00, 0x03, 0xFF, 0xFF, 0xFF, 0xFF, 0xFC, 0x00,
    0x00, 0x00, 0xFF, 0xFF, 0xFF, 0xFF, 0xFF, 0x00, 0x00, 0x00, 0x3F, 0xFF, 0xFF, 0xFF, 0xFF, 0x80,
    0x00, 0x00, 0x1F, 0xFF, 0xFF, 0xFF, 0xFF, 0xD0, 0x00, 0x00, 0x0B, 0xFF, 0x00, 0x00, 0x7F, 0xF0,
    0x00, 0x00, 0x03, 0xFF, 0x80, 0x00, 0x2F, 0xFC, 0x00, 0x00, 0x00, 0xFF, 0xD0, 0x00, 0x0F, 0xFE,
    0x00, 0x00, 0x00, 0x3F, 0xF4, 0x00, 0x03, 0xFF, 0x80, 0x00, 0x00, 0x1F, 0xFC, 0x00, 0x01, 0xFF,
    0xD0, 0x00, 0x00, 0x0B, 0xFF, 0x00, 0x00, 0x7F, 0xF0, 0x00, 0x00, 0x03, 0xFF, 0x80, 0x00, 0x2F,
    0xFC, 0x00, 0x00, 0x00, 0xFF, 0xD0, 0x00, 0x0F, 0xFE, 0x00, 0x00, 0x00, 0x7F, 0xF4, 0x00, 0x03,
    0xFF, 0x80, 0x00, 0x00, 0x2F, 0xFC, 0x00, 0x01, 0xFF, 0xD0, 0x00, 0x00, 0x0B, 0xFF, 0x00, 0x00,
    0xBF, 0xF0, 0x00, 0x00, 0x03, 0xFF, 0x80, 0x00, 0x2F, 0xFC, 0x00, 0x00, 0x00, 0x00, 0x3F, 0xF8,
    0x00, 0x3F, 0xFF, 0xFF, 0x80, 0x1F, 0xFD, 0x00, 0x1F, 0xFF, 0xFF, 0xD0, 0x07, 0xFF, 0x00, 0x0B,
    0xFF, 0xFF, 0xF0, 0x02, 0xFF, 0xC0, 0x03, 0xFF, 0xFF, 0xFC, 0x00, 0xFF, 0xE0, 0x00, 0xFF, 0xE5,
    0x55, 0x00, 0x3F, 0xF4, 0x00, 0x3F, 0xF4, 0x00, 0x00, 0x1F, 0xFC, 0x00, 0x1F, 0xFC, 0x00, 0x00,
    0x0B, 0xFF, 0x00, 0x0B, 0xFF, 0x00, 0x00, 0x02, 0xFF, 0xFF, 0xFF, 0xFF, 0x80, 0x00, 0x00, 0xFF,
    0xFF, 0xFF, 0xFF, 0xD0, 0x00, 0x00, 0x3F, 0xFF, 0xFF, 0xFF, 0xF4, 0x00, 0x00, 0x1F, 0xFF, 0xFF,
    0xFF, 0xFC, 0x00, 0x00, 0x0B, 0xFF, 0x55, 0x5F, 0xFF, 0x00, 0x00, 0x03, 0xFF, 0xC0, 0x03, 0xFF,
    0x80, 0x00, 0x00, 0xFF, 0xE0, 0x00, 0xFF, 0xD0, 0x00, 0x00, 0x3F, 0xF4, 0x00, 0x7F, 0xF4, 0x00,
    0x00, 0x1F, 0xFC, 0x00, 0x1F, 0xFC, 0x00, 0x00, 0x0B, 0xFF, 0x00, 0x0B, 0xFF, 0x00, 0x00, 0x03,
    0xFF, 0x80, 0x03, 0xFF, 0x80, 0x00, 0x00, 0xFF, 0xE0, 0x00, 0xFF, 0xD0, 0x00, 0x00, 0x3F, 0xF4,
    0x00, 0x7F, 0xF0, 0x00, 0x00, 0x00, 0x00, 0x07, 0xFF, 0xFF, 0xFF, 0xFF, 0xF0, 0x00, 0x00, 0x00,
    0x0B, 0xFF, 0xFF, 0xFF, 0xFF, 0xE0, 0x00, 0x00, 0x00, 0x0F, 0xFF, 0xFF, 0xFF, 0xFF, 0xD0, 0x00,
    0x00, 0x00, 0x0F, 0xFF, 0xFF, 0xFF, 0xFF, 0xC0, 0x00, 0x00, 0x00, 0x1F, 0xFD, 0x55, 0x57, 0xFF,
    0xC0, 0x00, 0x00, 0x00, 0x2F, 0xFC, 0x00, 0x03, 0xFF, 0x80, 0x00, 0x00, 0x00, 0x2F, 0xFC, 0x00,
    0x03, 0xFF, 0x40, 0x00, 0x00, 0x00, 0x3F, 0xF8, 0x00, 0x07, 0xFF, 0x40, 0x00, 0x00, 0x00, 0x3F,
    0xF4, 0x00, 0x0B, 0xFF, 0x00, 0x00, 0x00, 0x00, 0x7F, 0xF0, 0x00, 0x0B, 0xFF, 0x00, 0x00, 0x00,
    0x00, 0xBF, 0xF0, 0x00, 0x0F, 0xFE, 0x00, 0x00, 0x00, 0x00, 0xFF, 0xF0, 0x00, 0x0F, 0xFD, 0x15,
    0x00, 0x00, 0x00, 0xFF, 0xE0, 0x00, 0x1F, 0xFF, 0xFF, 0xF4, 0x00, 0x00, 0xFF, 0xD0, 0x00, 0x2F,
    0xFF, 0xFF, 0xFF, 0x00, 0x01, 0xFF, 0xC0, 0x00, 0x3F, 0xFF, 0xFF, 0xFF, 0xC0, 0x02, 0xFF, 0xC0,
    0x00, 0x3F, 0xFF, 0xFF, 0xFF, 0xF0, 0x03, 0xFF, 0x80, 0x00, 0x3F, 0xF4, 0x07, 0xFF, 0xF4, 0x03,
    0xFF, 0x80, 0x00, 0x7F, 0xF0, 0x00, 0xBF, 0xFC, 0x03, 0xFF, 0x40, 0x00, 0xBF, 0xF0, 0x00, 0x3F,
    0xFC, 0x07, 0xFF, 0x00, 0x00, 0xFF, 0xE0, 0x00, 0x2F, 0xFD, 0x0B, 0xFF, 0x00, 0x00, 0xFF, 0xE0,
    0x00, 0x1F, 0xFD, 0x0F, 0xFE, 0x00, 0x00, 0xFF, 0xD0, 0x00, 0x0F, 0xFE, 0x0F, 0xFD, 0x00, 0x01,
    0xFF, 0xC0, 0x00, 0x0F, 0xFE, 0x1F, 0xFD, 0x00, 0x02, 0xFF, 0xC0, 0x00, 0x0F, 0xFD, 0x2F, 0xFC,
    0x00, 0x03, 0xFF, 0x80, 0x00, 0x1F, 0xFD, 0x2F, 0xFC, 0x00, 0x03, 0xFF, 0x80, 0x00, 0x2F, 0xFC,
    0x3F, 0xF8, 0x00, 0x03, 0xFF, 0x40, 0x00, 0x3F, 0xFC, 0x00, 0x00, 0x00, 0x00, 0x00, 0x00, 0x00,
    0x3F, 0xF8, 0x00, 0x00, 0x00, 0x00, 0x00, 0x00, 0x00, 0xBF, 0xF4, 0x00, 0x00, 0x00, 0x00, 0x00,
    0x00, 0x01, 0xFF, 0xF0, 0x00, 0x00, 0x00, 0x00, 0x00, 0x00, 0x07, 0xFF, 0xD0, 0x00, 0x00, 0x00,
    0x00, 0x0F, 0x95, 0xBF, 0xFF, 0x80, 0x00, 0x00, 0x00, 0x00, 0x0F, 0xFF, 0xFF, 0xFF, 0x00, 0x00,
    0x00, 0x00, 0x00, 0x0F, 0xFF, 0xFF, 0xFC, 0x00, 0x00, 0x00, 0x00, 0x00, 0x0F, 0xFF, 0xFF, 0xD0,
    0x00, 0x00, 0x00, 0x00, 0x00, 0x02, 0xFF, 0xF9, 0x00, 0x00, 0x00, 0x3F, 0xFF, 0xFF, 0xFF, 0xF0,
    0x00, 0x00, 0x07, 0xFF, 0xFF, 0xFF, 0xFF, 0x00, 0x00, 0x00, 0x7F, 0xFF, 0xFF, 0xFF, 0xE0, 0x00,
    0x00, 0x0B, 0xFF, 0xFF, 0xFF, 0xFD, 0x00, 0x00, 0x00, 0xFF, 0xE5, 0x56, 0xFF, 0xC0, 0x00, 0x00,
    0x0F, 0xFD, 0x00, 0x2F, 0xFC, 0x00, 0x00, 0x01, 0xFF, 0xC0, 0x03, 0xFF, 0x80, 0x00, 0x00, 0x2F,
    0xFC, 0x00, 0x3F, 0xF8, 0x00, 0x00, 0x02, 0xFF, 0xC0, 0x03, 0xFF, 0x40, 0x00, 0x00, 0x3F, 0xF8,
    0x00, 0x7F, 0xFF, 0xF9, 0x00, 0x03, 0xFF, 0x40, 0x0B, 0xFF, 0xFF, 0xFC, 0x00, 0x7F, 0xF0, 0x00,
    0xFF, 0xFF, 0xFF, 0xF0, 0x0B, 0xFF, 0x00, 0x0F, 0xFF, 0xFF, 0xFF, 0x40, 0xFF, 0xF0, 0x00, 0xFF,
    0xE5, 0xFF, 0xFC, 0x0F, 0xFE, 0x00, 0x1F, 0xFC, 0x03, 0xFF, 0xC0, 0xFF, 0xD0, 0x02, 0xFF, 0xC0,
    0x1F, 0xFD, 0x1F, 0xFC, 0x00, 0x3F, 0xF8, 0x00, 0xFF, 0xD2, 0xFF, 0xC0, 0x03, 0xFF, 0x40, 0x0F,
    0xFE, 0x3F, 0xF8, 0x00, 0x7F, 0xF0, 0x00, 0xFF, 0xD3, 0xFF, 0x80, 0x07, 0xFF, 0x00, 0x0F, 0xFD,
    0x3F, 0xF4, 0x00, 0xBF, 0xF0, 0x01, 0xFF, 0xD0, 0x00, 0x00, 0x00, 0x00, 0x00, 0x2F, 0xFC, 0x00,
    0x00, 0x00, 0x00, 0x00, 0x03, 0xFF, 0xC0, 0x00, 0x00, 0x00, 0x00, 0x00, 0x7F, 0xF4, 0x00, 0x00,
    0x00, 0x00, 0x00, 0x1F, 0xFF, 0x00, 0x00, 0x00, 0x00, 0xB9, 0x5B, 0xFF, 0xD0, 0x00, 0x00, 0x00,
    0x0B, 0xFF, 0xFF, 0xF8, 0x00, 0x00, 0x00, 0x00, 0xBF, 0xFF, 0xFE, 0x00, 0x00, 0x00, 0x00, 0x0B,
    0xFF, 0xFF, 0x40, 0x00, 0x00, 0x00, 0x00, 0x2F, 0xFE, 0x40, 0x00, 0x00, 0x00, 0x06, 0xFF, 0xE4,
    0x00, 0x00, 0x00, 0xBF, 0xFF, 0xF8, 0x00, 0x00, 0x07, 0xFF, 0xFF, 0xF4, 0x00, 0x00, 0x2F, 0xFF,
    0xFF, 0xF0, 0x00, 0x00, 0xBF, 0xFF, 0x95, 0x90, 0x00, 0x01, 0xFF, 0xF8, 0x00, 0x00, 0x00, 0x03,
    0xFF, 0xD0, 0x02, 0xFF, 0x80, 0x0B, 0xFF, 0x80, 0x2F, 0xFF, 0xF0, 0x0F, 0xFF, 0x00, 0xBF, 0xFF,
    0xFC, 0x1F, 0xFD, 0x01, 0xFF, 0xFF, 0xFD, 0x3F, 0xFC, 0x03, 0xFF, 0xDF, 0xFE, 0x3F, 0xF8, 0x07,
    0xFF, 0x07, 0xFF, 0x7F, 0xF4, 0x0F, 0xFE, 0x03, 0xFF, 0x7F, 0xF4, 0x0F, 0xFC, 0x07, 0xFF, 0xBF,
    0xF0, 0x0F, 0xFC, 0x07, 0xFE, 0xBF, 0xF0, 0x1F, 0xFC, 0x0B, 0xFD, 0xBF, 0xF0, 0x1F, 0xF8, 0x0F,
    0xFC, 0xBF, 0xF0, 0x1F, 0xF8, 0x1F, 0xFC, 0xBF, 0xF0, 0x1F, 0xF8, 0x3F, 0xF4, 0xBF, 0xF4, 0x0F,
    0xFC, 0x7F, 0xF0, 0x7F, 0xF8, 0x0F, 0xFD, 0xFF, 0xD0, 0x3F, 0xFD, 0x0B, 0xFF, 0xFF, 0x80, 0x1F,
    0xFF, 0x9B, 0xFF, 0xFE, 0x00, 0x0F, 0xFF, 0xFF, 0xFF, 0xFD, 0x64, 0x03, 0xFF, 0xFF, 0xFF, 0xFF,
    0xF4, 0x00, 0xBF, 0xFF, 0xFF, 0xFF, 0xF4, 0x00, 0x06, 0xFF, 0xEB, 0xFF, 0xF4, 0x00, 0x00, 0x00,
    0x00, 0xBF, 0xF4, 0x00, 0x01, 0xBF, 0xF8, 0x00, 0x00, 0x03, 0xFF, 0xFF, 0x40, 0x00, 0x07, 0xFF,
    0xFF, 0xC0, 0x00, 0x07, 0xFF, 0xFF, 0xE0, 0x00, 0x03, 0xFF, 0xF9, 0x65, 0x00, 0x02, 0xFF, 0xE0,
    0x7F, 0xFD, 0x00, 0xFF, 0xF0, 0x7F, 0xFF, 0xD0, 0xBF, 0xF4, 0x3F, 0xFF, 0xFC, 0x3F, 0xFC, 0x2F,
    0xFF, 0xFF, 0x0F, 0xFE, 0x0F, 0xFC, 0x7F, 0xD3, 0xFF, 0x47, 0xFD, 0x0F, 0xF5, 0xFF, 0xD1, 0xFF,
    0x07, 0xFC, 0x7F, 0xF0, 0x7F, 0xC1, 0xFF, 0x1F, 0xFD, 0x1F, 0xF0, 0xFF, 0x83, 0xFF, 0x47, 0xFC,
    0x7F, 0xC0, 0xFF, 0xF0, 0xFF, 0xBF, 0xE0, 0x2F, 0xFE, 0x7F, 0xFF, 0xE0, 0x07, 0xFF, 0xFF, 0xFF,
    0xF5, 0x40, 0xBF, 0xFF, 0xFF, 0xFF, 0xE0, 0x0B, 0xFF, 0xFF, 0xFF, 0xF8, 0x00, 0x2F, 0xFD, 0x7F,
    0xFE, 0x00, 0x00, 0x00, 0x02, 0xFF, 0x40, 0x00, 0x00, 0x06, 0xFF, 0xF9, 0x00, 0x00, 0x02, 0xFF,
    0xFF, 0xFF, 0x80, 0x00, 0x7F, 0xFF, 0xFF, 0xFF, 0x00, 0x0B, 0xFF, 0xFF, 0xFF, 0xF8, 0x00, 0xBF,
    0xFF, 0x95, 0xBF, 0xC0, 0x07, 0xFF, 0xE0, 0x00, 0x0A, 0x00, 0x3F, 0xFE, 0x00, 0x00, 0x00, 0x02,
    0xFF, 0xE0, 0x00, 0x00, 0x00, 0x0F, 0xFF, 0x00, 0x00, 0x00, 0x00, 0x7F, 0xF4, 0x00, 0x00, 0x00,
    0x03, 0xFF, 0xC0, 0x00, 0x00, 0x00, 0x0F, 0xFE, 0x00, 0x00, 0x00, 0x00, 0x7F, 0xF4, 0x00, 0x00,
    0x00, 0x02, 0xFF, 0xD0, 0x00, 0x00, 0x00, 0x0B, 0xFF, 0x00, 0x00, 0x00, 0x00, 0x2F, 0xFC, 0x00,
    0x00, 0x00, 0x00, 0xFF, 0xF0, 0x00, 0x00, 0x00, 0x03, 0xFF, 0xC0, 0x00, 0x00, 0x00, 0x0B, 0xFF,
    0x40, 0x00, 0x00, 0x00, 0x2F, 0xFE, 0x00, 0x00, 0x00, 0x00, 0x7F, 0xFC, 0x00, 0x00, 0x00, 0x00,
    0xFF, 0xFD, 0x00, 0x07, 0x40, 0x02, 0xFF, 0xFF, 0xFF, 0xFD, 0x00, 0x03, 0xFF, 0xFF, 0xFF, 0xF4,
    0x00, 0x03, 0xFF, 0xFF, 0xFF, 0xD0, 0x00, 0x02, 0xFF, 0xFF, 0xFF, 0x40, 0x00, 0x00, 0xBF, 0xFE,
    0x40, 0x00, 0x00, 0x00, 0x0F, 0xE0, 0x00, 0x00, 0x00, 0x00, 0x1F, 0xD0, 0x00, 0x00, 0x00, 0x00,
    0x3F, 0x80, 0x00, 0x00, 0x00, 0x00, 0xFF, 0x00, 0x00, 0x00, 0x00, 0x03, 0xFC, 0x00, 0x00, 0x00,
    0x00, 0x2F, 0xF0, 0x00, 0x00, 0x00, 0x7F, 0xFF, 0x40, 0x00, 0x00, 0x01, 0xFF, 0xF8, 0x00, 0x00,
    0x00, 0x07, 0xFE, 0x40, 0x00, 0x00, 0x00, 0x00, 0xBF, 0xF9, 0x00, 0x00, 0xBF, 0xFF, 0xFD, 0x00,
    0x3F, 0xFF, 0xFF, 0xC0, 0x0F, 0xFF, 0xFF, 0xF8, 0x03, 0xFF, 0xF9, 0x6F, 0x00, 0xBF, 0xFC, 0x00,
    0x00, 0x0F, 0xFF, 0x00, 0x00, 0x01, 0xFF, 0xD0, 0x00, 0x00, 0x3F, 0xFC, 0x00, 0x00, 0x03, 0xFF,
    0x80, 0x00, 0x00, 0x3F, 0xF8, 0x00, 0x00, 0x07, 0xFF, 0x40, 0x00, 0x00, 0x7F, 0xF4, 0x00, 0x00,
    0x07, 0xFF, 0x40, 0x00, 0x00, 0x7F, 0xF8, 0x00, 0x00, 0x03, 0xFF, 0xC0, 0x02, 0x40, 0x3F, 0xFF,
    0xAB, 0xF4, 0x01, 0xFF, 0xFF, 0xFF, 0x40, 0x0B, 0xFF, 0xFF, 0xF4, 0x00, 0x2F, 0xFF, 0xFF, 0x40,
    0x00, 0x2F, 0xFE, 0x40, 0x00, 0x00, 0xBF, 0x00, 0x00, 0x00, 0x03, 0xF8, 0x00, 0x00, 0x00, 0x3F,
    0xC0, 0x00, 0x00, 0x02, 0xFC, 0x00, 0x00, 0x00, 0x2F, 0xD0, 0x00, 0x01, 0x07, 0xFC, 0x00, 0x00,
    0x3F, 0xFF, 0xC0, 0x00, 0x03, 0xFF, 0xF0, 0x00, 0x00, 0x2F, 0xF8, 0x00, 0x00, 0x3F, 0xFF, 0xFF,
    0xFF, 0xFD, 0x7F, 0xFF, 0xFF, 0xFF, 0xFC, 0x7F, 0xFF, 0xFF, 0xFF, 0xFC, 0xBF, 0xFF, 0xFF, 0xFF,
    0xFC, 0x55, 0x5B, 0xFF, 0x55, 0x50, 0x00, 0x0B, 0xFF, 0x00, 0x00, 0x00, 0x0F, 0xFE, 0x00, 0x00,
    0x00, 0x0F, 0xFD, 0x00, 0x00, 0x00, 0x1F, 0xFD, 0x00, 0x00, 0x00, 0x2F, 0xFC, 0x00, 0x00, 0x00,
    0x2F, 0xFC, 0x00, 0x00, 0x00, 0x3F, 0xF8, 0x00, 0x00, 0x00, 0x3F, 0xF4, 0x00, 0x00, 0x00, 0x7F,
    0xF4, 0x00, 0x00, 0x00, 0xBF, 0xF0, 0x00, 0x00, 0x00, 0xFF, 0xF0, 0x00, 0x00, 0x00, 0xFF, 0xE0,
    0x00, 0x00, 0x00, 0xFF, 0xD0, 0x00, 0x00, 0x01, 0xFF, 0xD0, 0x00, 0x00, 0x02, 0xFF, 0xC0, 0x00,
    0x00, 0x03, 0xFF, 0xC0, 0x00, 0x00, 0x03, 0xFF, 0x80, 0x00, 0x00, 0x03, 0xFF, 0x80, 0x00, 0x00,
    0x07, 0xFF, 0xFF, 0xE0, 0x00, 0x0B, 0xFF, 0xFF, 0xD0, 0x00, 0x0F, 0xFF, 0xFF, 0xC0, 0x00, 0x0F,
    0xFF, 0xFF, 0xC0, 0x00, 0x00, 0x03, 0xFF, 0x80, 0x00, 0x00, 0x03, 0xFF, 0x40, 0x00, 0x00, 0x07,
    0xFF, 0x00, 0x00, 0x00, 0x0B, 0xFF, 0x00, 0x00, 0x00, 0x0F, 0xFF, 0x00, 0x00, 0x00, 0x0F, 0xFE,
    0x00, 0x00, 0x00, 0x0F, 0xFD, 0x00, 0x00, 0x00, 0x1F, 0xFC, 0x00, 0x00, 0x00, 0x3F, 0xC0, 0x6F,
    0xE0, 0x00, 0xBF, 0xD0, 0x00, 0x07, 0xFC, 0x3F, 0xFF, 0xC0, 0x7F, 0xFF, 0x80, 0x00, 0x7F, 0xCF,
    0xFF, 0xFF, 0x2F, 0xFF, 0xFD, 0x00, 0x0B, 0xFF, 0xFF, 0xFF, 0xF7, 0xFF, 0xFF, 0xE0, 0x00, 0xFF,
    0xFF, 0x4B, 0xFF, 0xFD, 0x1F, 0xFF, 0x00, 0x0F, 0xFF, 0xC0, 0x3F, 0xFF, 0x40, 0xBF, 0xF0, 0x01,
    0xFF, 0xF0, 0x03, 0xFF, 0xE0, 0x0B, 0xFF, 0x00, 0x2F, 0xFE, 0x00, 0x3F, 0xFC, 0x00, 0xBF, 0xF0,
    0x02, 0xFF, 0xC0, 0x07, 0xFF, 0x80, 0x0F, 0xFE, 0x00, 0x3F, 0xF8, 0x00, 0x7F, 0xF0, 0x00, 0xFF,
    0xE0, 0x03, 0xFF, 0x40, 0x0B, 0xFF, 0x00, 0x0F, 0xFD, 0x00, 0x7F, 0xF0, 0x00, 0xFF, 0xE0, 0x01,
    0xFF, 0xC0, 0x0B, 0xFF, 0x00, 0x0F, 0xFD, 0x00, 0x2F, 0xFC, 0x00, 0xFF, 0xE0, 0x01, 0xFF, 0xC0,
    0x03, 0xFF, 0x80, 0x0F, 0xFE, 0x00, 0x1F, 0xFC, 0x00, 0x3F, 0xF8, 0x00, 0xFF, 0xD0, 0x02, 0xFF,
    0xC0, 0x03, 0xFF, 0x40, 0x1F, 0xFC, 0x00, 0x3F, 0xF8, 0x00, 0x3F, 0xFD, 0x82, 0xFF, 0xC0, 0x03,
    0xFF, 0x40, 0x03, 0xFF, 0xFC, 0x3F, 0xF8, 0x00, 0x7F, 0xF0, 0x00, 0x3F, 0xFF, 0x83, 0xFF, 0x40,
    0x0B, 0xFF, 0x00, 0x01, 0xFF, 0xF8, 0x3F, 0xF4, 0x00, 0xBF, 0xF0, 0x00, 0x03, 0xFF, 0x40, 0x00,
    0x00, 0x00, 0x00, 0x00, 0x00, 0x3F, 0xF0, 0x00, 0x00, 0x00, 0x00, 0x00, 0x00, 0x03, 0xFF, 0x00,
    0x00, 0x00, 0x00, 0x00, 0x00, 0x00, 0x7F, 0xE0, 0x00, 0x00, 0x00, 0x00, 0x00, 0x00, 0x0B, 0xFD,
    0x00, 0x00, 0x00, 0x00, 0x00, 0x00, 0x00, 0xFF, 0xC0, 0x00, 0x00, 0x00, 0x00, 0x00, 0x00, 0x0F,
    0xFC, 0x00, 0x00, 0x00, 0x00, 0x00, 0x00, 0x01, 0xFF, 0xC0, 0x7F, 0xF0, 0x00, 0x03, 0xFF, 0xD3,
    0xFF, 0x40, 0x00, 0xBF, 0xF8, 0x3F, 0xF8, 0x00, 0x0F, 0xFF, 0x02, 0xFF, 0xC0, 0x03, 0xFF, 0xC0,
    0x1F, 0xFC, 0x00, 0x7F, 0xF8, 0x00, 0xFF, 0xD0, 0x0F, 0xFF, 0x00, 0x0F, 0xFE, 0x02, 0xFF, 0xC0,
    0x00, 0xBF, 0xE0, 0x7F, 0xF8, 0x00, 0x07, 0xFF, 0x0F, 0xFF, 0x00, 0x00, 0x3F, 0xF2, 0xFF, 0xC0,
    0x00, 0x03, 0xFF, 0xBF, 0xF4, 0x00, 0x00, 0x2F, 0xFF, 0xFF, 0x00, 0x00, 0x01, 0xFF, 0xFF, 0xC0,
    0x00, 0x00, 0x0F, 0xFF, 0xF4, 0x00, 0x00, 0x00, 0xFF, 0xFF, 0x00, 0x00, 0x00, 0x0B, 0xFF, 0xC0,
    0x00, 0x00, 0x00, 0x7F, 0xF4, 0x00, 0x00, 0x00, 0x07, 0xFF, 0x00, 0x00, 0x00, 0x00, 0xBF, 0xF0,
    0x00, 0x00, 0x00, 0x0F, 0xFE, 0x00, 0x00, 0x00, 0x00, 0xFF, 0xD0, 0x00, 0x00, 0x00, 0x1F, 0xFD,
    0x00, 0x00, 0x00, 0x02, 0xFF, 0xC0, 0x00, 0x00, 0x00, 0x2F, 0xFC, 0x00, 0x00, 0x00, 0x03, 0xFF,
    0x80, 0x00, 0x00, 0x00, 0x3F, 0xF4, 0x00, 0x00, 0x00, 0x07, 0xFF, 0x00, 0x00, 0x00, 0x00, 0x3F,
    0xF4, 0x00, 0x0F, 0xFF, 0x0F, 0xFD, 0x00, 0x07, 0xFF, 0x83, 0xFF, 0x40, 0x03, 0xFF, 0xC0, 0xBF,
    0xE0, 0x01, 0xFF, 0xE0, 0x2F, 0xF8, 0x00, 0xFF, 0xF0, 0x07, 0xFE, 0x00, 0x7F, 0xF4, 0x01, 0xFF,
    0xC0, 0x2F, 0xFC, 0x00, 0x3F, 0xF0, 0x0F, 0xFD, 0x00, 0x0F, 0xFC, 0x0B, 0xFF, 0x00, 0x03, 0xFF,
    0x03, 0xFF, 0x40, 0x00, 0xFF, 0xC2, 0xFF, 0xC0, 0x00, 0x2F, 0xF0, 0xFF, 0xC0, 0x00, 0x0B, 0xFC,
    0xBF, 0xE0, 0x00, 0x01, 0xFF, 0x7F, 0xF0, 0x00, 0x00, 0x7F, 0xEF, 0xF8, 0x00, 0x00, 0x0F, 0xFF,
    0xFC, 0x00, 0x00, 0x03, 0xFF, 0xFE, 0x00, 0x00, 0x00, 0xFF, 0xFF, 0x00, 0x00, 0x00, 0x3F, 0xFF,
    0x40, 0x00, 0x00, 0x0B, 0xFF, 0xC0, 0x00, 0x00, 0x02, 0xFF, 0xD0, 0x00, 0x00, 0x00, 0xBF, 0xF0,
    0x00, 0x00, 0x00, 0x3F, 0xFC, 0x00, 0x00, 0x00, 0x0F, 0xFE, 0x00, 0x00, 0x00, 0x07, 0xFF, 0x40,
    0x00, 0x00, 0x01, 0xFF, 0xC0, 0x00, 0x00, 0x00, 0xBF, 0xF0, 0x00, 0x00, 0x00, 0x3F, 0xFC, 0x00,
    0x00, 0x00, 0x0F, 0xFE, 0x00, 0x00, 0x00, 0x07, 0xFF, 0x40, 0x00, 0x00, 0x00, 0x07, 0xFF, 0x00,
    0x00, 0x3F, 0xFD, 0x03, 0xFF, 0x40, 0x00, 0xBF, 0xF8, 0x03, 0xFF, 0x80, 0x00, 0xFF, 0xF0, 0x02,
    0xFF, 0xC0, 0x03, 0xFF, 0xD0, 0x01, 0xFF, 0xC0, 0x07, 0xFF, 0x80, 0x00, 0xFF, 0xD0, 0x0F, 0xFF,
    0x00, 0x00, 0xFF, 0xD0, 0x2F, 0xFD, 0x00, 0x00, 0xBF, 0xE0, 0x7F, 0xF8, 0x00, 0x00, 0x7F, 0xF0,
    0xFF, 0xF0, 0x00, 0x00, 0x3F, 0xF2, 0xFF, 0xD0, 0x00, 0x00, 0x3F, 0xF7, 0xFF, 0x80, 0x00, 0x00,
    0x2F, 0xFF, 0xFF, 0x00, 0x00, 0x00, 0x1F, 0xFF, 0xFD, 0x00, 0x00, 0x00, 0x0F, 0xFF, 0xF8, 0x00,
    0x00, 0x00, 0x0F, 0xFF, 0xF0, 0x00, 0x00, 0x00, 0x0B, 0xFF, 0xD0, 0x00, 0x00, 0x00, 0x07, 0xFF,
    0x80, 0x00, 0x00, 0x05, 0x5B, 0xFF, 0x55, 0x40, 0x00, 0x3F, 0xFF, 0xFF, 0xFF, 0xD0, 0x00, 0x3F,
    0xFF, 0xFF, 0xFF, 0xC0, 0x00, 0x7F, 0xFF, 0xFF, 0xFF, 0xC0, 0x00, 0xBF, 0xFF, 0xFF, 0xFF, 0x80,
    0x00, 0x00, 0x2F, 0xFC, 0x00, 0x00, 0x00, 0x00, 0x2F, 0xFC, 0x00, 0x00, 0x00, 0x00, 0x3F, 0xF8,
    0x00, 0x00, 0x00, 0x00, 0x3F, 0xF4, 0x00, 0x00, 0x00, 0x00, 0x7F, 0xF0, 0x00, 0x00, 0x00, 0x00,
    0xFF, 0xD0, 0x00, 0x3F, 0xFC, 0x00, 0xFF, 0xD0, 0x00, 0x7F, 0xF8, 0x00, 0xFF, 0xD0, 0x00, 0xFF,
    0xF0, 0x00, 0xBF, 0xE0, 0x01, 0xFF, 0xE0, 0x00, 0xBF, 0xE0, 0x02, 0xFF, 0xC0, 0x00, 0x7F, 0xE0,
    0x03, 0xFF, 0x40, 0x00, 0x7F, 0xF0, 0x0B, 0xFF, 0x00, 0x00, 0x3F, 0xF0, 0x0F, 0xFD, 0x00, 0x00,
    0x3F, 0xF0, 0x2F, 0xFC, 0x00, 0x00, 0x3F, 0xF0, 0x3F, 0xF4, 0x00, 0x00, 0x3F, 0xF0, 0xBF, 0xF0,
    0x00, 0x00, 0x2F, 0xF0, 0xFF, 0xD0, 0x00, 0x00, 0x2F, 0xF2, 0xFF, 0x80, 0x00, 0x00, 0x1F, 0xF3,
    0xFF, 0x00, 0x00, 0x00, 0x1F, 0xFB, 0xFE, 0x00, 0x00, 0x00, 0x0F, 0xFF, 0xFC, 0x00, 0x00, 0x00,
    0x0F, 0xFF, 0xF8, 0x00, 0x00, 0x00, 0x0F, 0xFF, 0xF0, 0x00, 0x00, 0x00, 0x0F, 0xFF, 0xE0, 0x00,
    0x00, 0x00, 0x0B, 0xFF, 0xC0, 0x00, 0x00, 0x00, 0x0B, 0xFF, 0x40, 0x00, 0x00, 0x1F, 0xFF, 0xFF,
    0xFF, 0xC0, 0x00, 0x2F, 0xFF, 0xFF, 0xFF, 0xC0, 0x00, 0x2F, 0xFF, 0xFF, 0xFF, 0x80, 0x00, 0x3F,
    0xFF, 0xFF, 0xFF, 0x80, 0x00, 0x15, 0x6F, 0xFD, 0x55, 0x00, 0x00, 0x00, 0x2F, 0xFC, 0x00, 0x00,
    0x00, 0x00, 0x3F, 0xFC, 0x00, 0x00, 0x00, 0x00, 0x3F, 0xF8, 0x00, 0x00, 0x00, 0x00, 0x7F, 0xF4,
    0x00, 0x00, 0x00, 0x00, 0x03, 0xFF, 0xC0, 0x00, 0x0F, 0xFF, 0x40, 0x00, 0x7F, 0xF4, 0x00, 0x0B,
    0xFF, 0x80, 0x00, 0x0F, 0xFE, 0x00, 0x07, 0xFF, 0xC0, 0x00, 0x03, 0xFF, 0xC0, 0x03, 0xFF, 0xC0,
    0x00, 0x00, 0x7F, 0xF0, 0x02, 0xFF, 0xD0, 0x00, 0x00, 0x0F, 0xFD, 0x01, 0xFF, 0xE0, 0x00, 0x00,
    0x03, 0xFF, 0xC0, 0xFF, 0xF0, 0x00, 0x00, 0x00, 0x7F, 0xF0, 0xBF, 0xF0, 0x00, 0x00, 0x00, 0x0F,
    0xFD, 0x7F, 0xF4, 0x00, 0x00, 0x00, 0x03, 0xFF, 0xBF, 0xF8, 0x00, 0x00, 0x00, 0x00, 0x7F, 0xFF,
    0xFC, 0x00, 0x00, 0x00, 0x00, 0x0F, 0xFF, 0xFD, 0x00, 0x00, 0x00, 0x00, 0x03, 0xFF, 0xFE, 0x00,
    0x00, 0x00, 0x00, 0x00, 0xFF, 0xFF, 0x00, 0x00, 0x00, 0x00, 0x00, 0xBF, 0xFF, 0xC0, 0x00, 0x00,
    0x00, 0x00, 0x7F, 0xFF, 0xF4, 0x00, 0x00, 0x00, 0x00, 0x3F, 0xFF, 0xFE, 0x00, 0x00, 0x00, 0x00,
    0x3F, 0xFF, 0xFF, 0xC0, 0x00, 0x00, 0x00, 0x2F, 0xFE, 0x7F, 0xF4, 0x00, 0x00, 0x00, 0x1F, 0xFF,
    0x0F, 0xFE, 0x00, 0x00, 0x00, 0x0F, 0xFF, 0x02, 0xFF, 0xC0, 0x00, 0x00, 0x0F, 0xFF, 0x40, 0x7F,
    0xF4, 0x00, 0x00, 0x0B, 0xFF, 0x80, 0x0F, 0xFF, 0x00, 0x00, 0x07, 0xFF, 0xC0, 0x02, 0xFF, 0xFF,
    0xE0, 0x03, 0xFF, 0xC0, 0x00, 0x7F, 0xFF, 0xF4, 0x03, 0xFF, 0xD0, 0x00, 0x0F, 0xFF, 0xFC, 0x02,
    0xFF, 0xE0, 0x00, 0x02, 0xFF, 0xFF, 0x00, 0x00, 0x00, 0x00, 0x00, 0x03, 0xFF, 0xC0, 0x00, 0x00,
    0x00, 0x00, 0x00, 0xFF, 0xE0, 0x00, 0x00, 0x00, 0x00, 0x00, 0x3F, 0xF4, 0x00, 0x00, 0x00, 0x00,
    0x00, 0x1F, 0xFC, 0x00, 0x00, 0x00, 0x00, 0x00, 0x0B, 0xFF, 0x00, 0x00, 0x00, 0x00, 0x00, 0x03,
    0xFF, 0x80, 0x00, 0x00, 0x00, 0x00, 0x00, 0xFF, 0xD0, 0x00, 0x00, 0x00, 0x00, 0x00, 0x7F, 0xF4,
    0x00, 0x00, 0x2F, 0xFD, 0x00, 0x2F, 0xFF, 0x00, 0x03, 0xFF, 0x80, 0x1F, 0xFF, 0x00, 0x00, 0xFF,
    0xF0, 0x0F, 0xFF, 0x00, 0x00, 0x1F, 0xFD, 0x0F, 0xFF, 0x40, 0x00, 0x03, 0xFF, 0x87, 0xFF, 0x80,
    0x00, 0x00, 0xBF, 0xF3, 0xFF, 0x80, 0x00, 0x00, 0x0F, 0xFF, 0xFF, 0xC0, 0x00, 0x00, 0x03, 0xFF,
    0xFF, 0xC0, 0x00, 0x00, 0x00, 0x7F, 0xFF, 0xD0, 0x00, 0x00, 0x00, 0x0F, 0xFF, 0xD0, 0x00, 0x00,
    0x00, 0x03, 0xFF, 0xF0, 0x00, 0x00, 0x00, 0x03, 0xFF, 0xFD, 0x00, 0x00, 0x00, 0x03, 0xFF, 0xFF,
    0x80, 0x00, 0x00, 0x02, 0xFF, 0xFF, 0xF0, 0x00, 0x00, 0x01, 0xFF, 0xDF, 0xFE, 0x00, 0x00, 0x00,
    0xFF, 0xE2, 0xFF, 0xC0, 0x00, 0x00, 0xFF, 0xF0, 0x7F, 0xFF, 0xF8, 0x00, 0xBF, 0xF4, 0x0F, 0xFF,
    0xFE, 0x00, 0xBF, 0xF8, 0x02, 0xFF, 0xFF, 0x40, 0x7F, 0xFC, 0x00, 0x7F, 0xFF, 0xC0, 0x3F, 0xFD,
    0x00, 0x0F, 0xFF, 0xF0, 0x00, 0x00, 0x00, 0x00, 0x1F, 0xF8, 0x00, 0x00, 0x00, 0x00, 0x0B, 0xFD,
    0x00, 0x00, 0x00, 0x00, 0x03, 0xFF, 0x00, 0x00, 0x00, 0x00, 0x00, 0xFF, 0xC0, 0x00, 0x00, 0x00,
    0x00, 0x7F, 0xF0, 0x00, 0x00, 0x00, 0x00, 0x2F, 0xF8, 0x00, 0x00, 0x00, 0x00, 0x0F, 0xFD, 0x00,
    0x3F, 0xFF, 0xFF, 0xFF, 0xFC, 0x2F, 0xFC, 0x7F, 0xFF, 0xFF, 0xFF, 0xF8, 0x2F, 0xFC, 0x7F, 0xFF,
    0xFF, 0xFF, 0xF4, 0x3F, 0xF8, 0xBF, 0xFF, 0xFF, 0xFF, 0xF0, 0x3F, 0xF4, 0x55, 0x5B, 0xFF, 0x55,
    0x50, 0x7F, 0xF0, 0x00, 0x0B, 0xFF, 0x00, 0x00, 0xBF, 0xF0, 0x00, 0x0F, 0xFE, 0x00, 0x00, 0xFF,
    0xF0, 0x00, 0x0F, 0xFD, 0x00, 0x00, 0xFF, 0xE0, 0x00, 0x1F, 0xFD, 0x00, 0x00, 0xFF, 0xD0, 0x00,
    0x2F, 0xFC, 0x00, 0x01, 0xFF, 0xC0, 0x00, 0x2F, 0xFC, 0x00, 0x02, 0xFF, 0xC0, 0x00, 0x3F, 0xF8,
    0x00, 0x03, 0xFF, 0xC0, 0x00, 0x3F, 0xF4, 0x00, 0x03, 0xFF, 0x80, 0x00, 0x7F, 0xF4, 0x00, 0x03,
    0xFF, 0x40, 0x00, 0xBF, 0xF0, 0x00, 0x07, 0xFF, 0x00, 0x00, 0xFF, 0xF0, 0x00, 0x0B, 0xFF, 0x00,
    0x00, 0xFF, 0xE0, 0x00, 0x0F, 0xFF, 0x00, 0x00, 0xFF, 0xD0, 0x00, 0x0F, 0xFE, 0x00, 0x01, 0xFF,
    0xD0, 0x00, 0x0F, 0xFD, 0x00, 0x02, 0xFF, 0xC0, 0x00, 0x1F, 0xFC, 0x00, 0x03, 0xFF, 0xC0, 0x00,
    0x2F, 0xFC, 0x00, 0x03, 0xFF, 0x80, 0x00, 0x3F, 0xF8, 0x00, 0x03, 0xFF, 0x95, 0x55, 0x7F, 0xF9,
    0x50, 0x07, 0xFF, 0xFF, 0xFF, 0xFF, 0xFF, 0xF0, 0x0B, 0xFF, 0xFF, 0xFF, 0xFF, 0xFF, 0xF0, 0x0F,
    0xFF, 0xFF, 0xFF, 0xFF, 0xFF, 0xE0, 0x0F, 0xFF, 0xFF, 0xFF, 0xFF, 0xFF, 0xE0, 0x00, 0x00, 0x00,
    0x00, 0x01, 0xFF, 0xD0, 0x00, 0x00, 0x00, 0x00, 0x02, 0xFF, 0xC0, 0x00, 0x00, 0x00, 0x00, 0x02,
    0xFF, 0xC0, 0x00, 0x00, 0x00, 0x00, 0x03, 0xFF, 0x80, 0x00, 0x00, 0x00, 0x00, 0x03, 0xFF, 0x40,
    0x00, 0x00, 0x00, 0x00, 0x07, 0xFF, 0x40, 0x00, 0x00, 0x00, 0x00, 0x0B, 0xFF, 0x00, 0x00, 0x00,
    0x00, 0x00, 0x0B, 0xFF, 0x00, 0x00, 0x00, 0x00, 0x00, 0x0A, 0xA9, 0x00, 0x2F, 0xFF, 0xFF, 0xFF,
    0x1F, 0xFC, 0x2F, 0xFF, 0xFF, 0xFF, 0x1F, 0xFC, 0x3F, 0xFF, 0xFF, 0xFE, 0x2F, 0xFC, 0x3F, 0xFF,
    0xFF, 0xFD, 0x3F, 0xF8, 0x15, 0x7F, 0xFD, 0x54, 0x3F, 0xF4, 0x00, 0x3F, 0xF4, 0x00, 0x7F, 0xF0,
    0x00, 0x3F, 0xF4, 0x00, 0xBF, 0xF0, 0x00, 0x7F, 0xF0, 0x00, 0xBF, 0xF0, 0x00, 0xBF, 0xF0, 0x00,
    0xFF, 0xE0, 0x00, 0xFF, 0xE0, 0x00, 0xFF, 0xD0, 0x00, 0xFF, 0xD0, 0x01, 0xFF, 0xC0, 0x01, 0xFF,
    0xD0, 0x02, 0xFF, 0xC0, 0x01, 0xFF, 0xC0, 0x03, 0xFF, 0xC0, 0x02, 0xFF, 0xC0, 0x0B, 0xFF, 0x80,
    0x02, 0xFF, 0xC0, 0x0F, 0xFF, 0x40, 0x02, 0xFF, 0xC0, 0x3F, 0xFF, 0x40, 0x02, 0xFF, 0xE5, 0xFF,
    0xFF, 0xD8, 0x01, 0xFF, 0xFF, 0xFF, 0xFF, 0xFC, 0x00, 0xFF, 0xFF, 0xF2, 0xFF, 0xF8, 0x00, 0x7F,
    0xFF, 0x80, 0xFF, 0xF4, 0x00, 0x0B, 0xF9, 0x00, 0x7F, 0xF0, 0x00, 0x00, 0x00, 0x00, 0x3F, 0xF0,
    0x00, 0x00, 0x00, 0x00, 0x7F, 0xE0, 0x00, 0x00, 0x00, 0x00, 0x7F, 0xD0, 0x00, 0x00, 0x00, 0x00,
    0xBF, 0xD0, 0x00, 0x00, 0x00, 0x00, 0xFF, 0xC0, 0x00, 0x00, 0x00, 0x00, 0xFF, 0xC0, 0x00, 0x00,
    0x00, 0x01, 0xFF, 0x80, 0x07, 0xFF, 0x00, 0x00, 0x7F, 0xF4, 0x2F, 0xFC, 0x00, 0x01, 0xFF, 0xC0,
    0xFF, 0xE0, 0x00, 0x0B, 0xFF, 0x03, 0xFF, 0x80, 0x00, 0x3F, 0xF8, 0x1F, 0xFD, 0x00, 0x00, 0xFF,
    0xE0, 0x7F, 0xF0, 0x00, 0x07, 0xFF, 0x42, 0xFF, 0xC0, 0x00, 0x2F, 0xFC, 0x0F, 0xFE, 0x00, 0x00,
    0xBF, 0xF0, 0x3F, 0xF8, 0x00, 0x03, 0xFF, 0x81, 0xFF, 0xD0, 0x00, 0x0F, 0xFD, 0x07, 0xFF, 0x00,
    0x00, 0x7F, 0xF4, 0x2F, 0xFC, 0x00, 0x02, 0xFF, 0xC0, 0xBF, 0xF4, 0x00, 0x1F, 0xFF, 0x01, 0xFF,
    0xF9, 0x5B, 0xFF, 0xF8, 0x03, 0xFF, 0xFF, 0xFF, 0xFF, 0xD0, 0x0B, 0xFF, 0xFF, 0xFF, 0xFF, 0x00,
    0x0B, 0xFF, 0xFF, 0xFF, 0xFC, 0x00, 0x06, 0xFF, 0xA0, 0xFF, 0xF0, 0x00, 0x00, 0x00, 0x03, 0xFF,
    0x80, 0x00, 0x00, 0x00, 0x1F, 0xFD, 0x00, 0x00, 0x00, 0x00, 0x7F, 0xF0, 0x00, 0x00, 0x00, 0x02,
    0xFF, 0xC0, 0x00, 0x00, 0x00, 0x0F, 0xFF, 0x00, 0x00, 0x00, 0x00, 0x3F, 0xFF, 0xFF, 0x00, 0x00,
    0x01, 0xFF, 0xFF, 0xF8, 0x00, 0x00, 0x0B, 0xFF, 0xFF, 0xD0, 0x00, 0x00, 0x2F, 0xFF, 0xFF, 0x00,
    0x00, 0x00, 0x00, 0x2F, 0xFC, 0x00, 0x00, 0x00, 0x00, 0xFF, 0xE0, 0x00, 0x00, 0x00, 0x03, 0xFF,
    0x40, 0x00, 0x00, 0x00, 0x1F, 0xFD, 0x00, 0x00, 0x00, 0x00, 0xBF, 0xF0, 0x00, 0x00, 0x00, 0x02,
    0xFF, 0xC0, 0x00, 0x00, 0x00, 0x0F, 0xFE, 0x00, 0x00, 0x00, 0x00, 0x3F, 0xF4, 0x00, 0x2F, 0xFC,
    0x00, 0x3F, 0xF8, 0x3F, 0xF8, 0x00, 0x3F, 0xF4, 0x3F, 0xF4, 0x00, 0x7F, 0xF0, 0x7F, 0xF0, 0x00,
    0xBF, 0xF0, 0x7F, 0xF0, 0x00, 0xFF, 0xE0, 0xBF, 0xF0, 0x00, 0xFF, 0xE0, 0xFF, 0xE0, 0x02, 0xFF,
    0xD0, 0xFF, 0xE0, 0x03, 0xFF, 0xC0, 0xFF, 0xE0, 0x0B, 0xFF, 0xC0, 0xFF, 0xF4, 0x2F, 0xFF, 0x80,
    0xBF, 0xFF, 0xFF, 0xFF, 0x40, 0x7F, 0xFF, 0xFF, 0xFF, 0x00, 0x3F, 0xFF, 0xF7, 0xFF, 0x00, 0x0B,
    0xFF, 0x8B, 0xFF, 0x00, 0x00, 0x50, 0x0F, 0xFE, 0x00, 0x00, 0x00, 0x0F, 0xFD, 0x00, 0x00, 0x00,
    0x1F, 0xFF, 0xFD, 0x00, 0x00, 0x1F, 0xFF, 0xFC, 0x00, 0x00, 0x2F, 0xFF, 0xFC, 0x00, 0x00, 0x3F,
    0xFF, 0xF8, 0x00, 0x00, 0x3F, 0xFF, 0xF4, 0x00, 0x00, 0x00, 0x2F, 0xF4, 0x00, 0x00, 0x00, 0x3F,
    0xF0, 0x00, 0x00, 0x00, 0x3F, 0xF0, 0x00, 0x00, 0x00, 0x7F, 0xE0, 0x00, 0x00, 0x00, 0xBF, 0xD0,
    0x00, 0x00, 0x00, 0xFF, 0xC0, 0x00, 0x00, 0x00, 0xFF, 0xC0, 0x07, 0xFF, 0x00, 0x00, 0x7F, 0xF4,
    0x2F, 0xFC, 0x00, 0x02, 0xFF, 0xC0, 0xFF, 0xF0, 0x00, 0x0B, 0xFF, 0x03, 0xFF, 0x80, 0x00, 0x3F,
    0xFC, 0x1F, 0xFD, 0x00, 0x00, 0xFF, 0xE0, 0x7F, 0xF0, 0x00, 0x07, 0xFF, 0x42, 0xFF, 0xC0, 0x00,
    0x2F, 0xFC, 0x0F, 0xFF, 0x0B, 0xC0, 0xFF, 0xF0, 0x3F, 0xF8, 0x2F, 0x03, 0xFF, 0x81, 0xFF, 0xD0,
    0xFC, 0x0F, 0xFE, 0x07, 0xFF, 0x03, 0xE0, 0x7F, 0xF4, 0x2F, 0xFD, 0x1F, 0x42, 0xFF, 0xC0, 0xBF,
    0xFC, 0xBD, 0x7F, 0xFF, 0x02, 0xFF, 0xFF, 0xFF, 0xFF, 0xF8, 0x07, 0xFF, 0xFF, 0xFF, 0xFF, 0xD0,
    0x0F, 0xFF, 0xFF, 0xFF, 0xFF, 0x40, 0x0F, 0xFF, 0xFF, 0xFF, 0xFC, 0x00, 0x06, 0xFF, 0xE4, 0xFF,
    0xF0, 0x00, 0x00, 0x3F, 0x03, 0xFF, 0x80, 0x00, 0x00, 0xF8, 0x0F, 0xFD, 0x00, 0x00, 0x03, 0xE0,
    0x7F, 0xF0, 0x00, 0x00, 0x1F, 0x42, 0xFF, 0xC0, 0x00, 0x00, 0xBC, 0x0F, 0xFF, 0x00, 0x00, 0x02,
    0xE0, 0x3F, 0xF8, 0x00, 0x00, 0x00, 0x01, 0xFF, 0xD0, 0x00, 0x00, 0x00, 0x07, 0xFF, 0x00, 0x00,
    0x00, 0x00, 0x2F, 0xFC, 0x00, 0x00, 0x2F, 0xFC, 0x00, 0x2F, 0xFC, 0x3F, 0xF8, 0x00, 0x3F, 0xF8,
    0x3F, 0xF4, 0x00, 0x3F, 0xF4, 0x7F, 0xF0, 0x00, 0x7F, 0xF4, 0x7F, 0xF0, 0x00, 0xBF, 0xF0, 0xBF,
    0xF0, 0x00, 0xFF, 0xF0, 0xFF, 0xE1, 0xF0, 0xFF, 0xE0, 0xFF, 0xE2, 0xF2, 0xFF, 0xD0, 0xFF, 0xE3,
    0xE7, 0xFF, 0xD0, 0xFF, 0xF7, 0xFF, 0xFF, 0xC0, 0xBF, 0xFF, 0xFF, 0xFF, 0xC0, 0x3F, 0xFF, 0xFF,
    0xFF, 0x80, 0x1F, 0xFF, 0xF7, 0xFF, 0x40, 0x02, 0xFF, 0x87, 0xFF, 0x00, 0x00, 0x0F, 0x4B, 0xFF,
    0x00, 0x00, 0x1F, 0x0F, 0xFF, 0x00, 0x00, 0x2F, 0x0F, 0xFE, 0x00, 0x00, 0x3E, 0x0F, 0xFD, 0x00,
    0x00, 0x14, 0x1F, 0xFC, 0x00, 0x00, 0x00, 0x2F, 0xFC, 0x00, 0x00, 0x00, 0x2F, 0xFC, 0x00, 0x00,
    0x1F, 0xFC, 0x00, 0x00, 0x00, 0x00, 0xBF, 0xF0, 0x00, 0x00, 0x00, 0x03, 0xFF, 0xC0, 0x00, 0x00,
    0x00, 0x0F, 0xFE, 0x00, 0x00, 0x00, 0x00, 0x7F, 0xF4, 0x00, 0x00, 0x00, 0x02, 0xFF, 0xC0, 0x00,
    0x00, 0x00, 0x0B, 0xFF, 0x00, 0x00, 0x00, 0x00, 0x3F, 0xFC, 0x00, 0x00, 0x00, 0x00, 0xFF, 0xE0,
    0x00, 0x00, 0x00, 0x07, 0xFF, 0x46, 0xFF, 0xE0, 0x00, 0x2F, 0xFF, 0xFF, 0xFF, 0xF4, 0x00, 0xFF,
    0xFF, 0xFF, 0xFF, 0xF4, 0x03, 0xFF, 0xFF, 0xFF, 0xFF, 0xF0, 0x0F, 0xFF, 0xF9, 0x5F, 0xFF, 0xC0,
    0x7F, 0xF8, 0x00, 0x0F, 0xFF, 0x02, 0xFF, 0xC0, 0x00, 0x2F, 0xFC, 0x0F, 0xFF, 0x00, 0x00, 0xBF,
    0xF0, 0x3F, 0xF8, 0x00, 0x03, 0xFF, 0xC0, 0xFF, 0xD0, 0x00, 0x0F, 0xFE, 0x07, 0xFF, 0x00, 0x00,
    0x7F, 0xF4, 0x2F, 0xFC, 0x00, 0x02, 0xFF, 0xC0, 0xFF, 0xF0, 0x00, 0x0B, 0xFF, 0x03, 0xFF, 0x80,
    0x00, 0x3F, 0xFC, 0x1F, 0xFD, 0x00, 0x00, 0xFF, 0xE0, 0x7F, 0xF0, 0x00, 0x07, 0xFF, 0x42, 0xFF,
    0xC0, 0x00, 0x2F, 0xFC, 0x0F, 0xFF, 0x00, 0x00, 0xBF, 0xF0, 0x00, 0x00, 0x07, 0xFF, 0x00, 0x00,
    0x00, 0x02, 0xFF, 0xC0, 0x00, 0x00, 0x00, 0xFF, 0xE0, 0x00, 0x00, 0x00, 0x3F, 0xF4, 0x00, 0x00,
    0x00, 0x0F, 0xFD, 0x00, 0x00, 0x00, 0x07, 0xFF, 0x00, 0x00, 0x00, 0x02, 0xFF, 0xC0, 0x00, 0x00,
    0x00, 0xFF, 0xE0, 0x00, 0x00, 0x00, 0x3F, 0xF4, 0x6F, 0xE0, 0x00, 0x1F, 0xFC, 0xFF, 0xFF, 0x40,
    0x07, 0xFF, 0xFF, 0xFF, 0xF0, 0x02, 0xFF, 0xFF, 0xFF, 0xFD, 0x00, 0xFF, 0xFE, 0x07, 0xFF, 0x80,
    0x3F, 0xFE, 0x00, 0xFF, 0xE0, 0x1F, 0xFF, 0x00, 0x3F, 0xF8, 0x0B, 0xFF, 0x40, 0x0F, 0xFE, 0x02,
    0xFF, 0xC0, 0x03, 0xFF, 0x40, 0xFF, 0xE0, 0x01, 0xFF, 0xD0, 0x3F, 0xF4, 0x00, 0x7F, 0xF0, 0x1F,
    0xFC, 0x00, 0x2F, 0xFC, 0x0B, 0xFF, 0x00, 0x0F, 0xFE, 0x03, 0xFF, 0x80, 0x03, 0xFF, 0x40, 0xFF,
    0xE0, 0x01, 0xFF, 0xC0, 0x3F, 0xF4, 0x00, 0xBF, 0xF0, 0x1F, 0xFC, 0x00, 0x2F, 0xFC, 0x0B, 0xFF,
    0x00, 0x0F, 0xFE, 0x03, 0xFF, 0x80, 0x03, 0xFF, 0x40, 0xFF, 0xD0, 0x01, 0xFF, 0xC0, 0x3F, 0xF4,
    0x00, 0xBF, 0xF0, 0x00, 0x00, 0x00, 0x00, 0x00, 0x6F, 0xFE, 0x40, 0x00, 0x00, 0x00, 0x02, 0xFF,
    0xFF, 0xFC, 0x00, 0x00, 0x00, 0x0B, 0xFF, 0xFF, 0xFF, 0xC0, 0x00, 0x00, 0x0B, 0xFF, 0xFF, 0xFF,
    0xF8, 0x00, 0x00, 0x0B, 0xFF, 0xF9, 0x6F, 0xFF, 0x00, 0x00, 0x0B, 0xFF, 0xE0, 0x02, 0xFF, 0xC3,
    0xFF, 0x03, 0xFF, 0xD0, 0x00, 0x7F, 0xF1, 0xFF, 0x42, 0xFF, 0xD0, 0x00, 0x2F, 0xFC, 0xBF, 0xC0,
    0xFF, 0xF0, 0x00, 0x0F, 0xFF, 0x3F, 0xF0, 0xBF, 0xF4, 0x00, 0x1F, 0xFF, 0x8F, 0xFF, 0x7F, 0xFD,
    0x56, 0xBF, 0xFF, 0xC2, 0xFF, 0xFF, 0xFF, 0xFF, 0xFF, 0xFF, 0xD0, 0x7F, 0xFF, 0xFF, 0xFF, 0xFF,
    0xFF, 0xC0, 0x07, 0xFF, 0xFF, 0xFF, 0xFF, 0xFF, 0x40, 0x00, 0x2F, 0xFF, 0xFF, 0xFF, 0xA4, 0x00,
    0x00, 0x00, 0x2F, 0xFC, 0x00, 0x00, 0x00, 0x00, 0x00, 0x0F, 0xFF, 0x00, 0x00, 0x00, 0x00, 0x00,
    0x02, 0xFF, 0xC0, 0x00, 0x00, 0x00, 0x00, 0x00, 0xBF, 0xF0, 0x00, 0x00, 0x00, 0x00, 0x00, 0x1F,
    0xFD, 0x00, 0x00, 0x00, 0x00, 0x00, 0x03, 0xFF, 0xC0, 0x00, 0x00, 0x00, 0x00, 0x00, 0xFF, 0xF8,
    0x00, 0x01, 0x80, 0x00, 0x00, 0x1F, 0xFF, 0xE5, 0x6F, 0xF0, 0x00, 0x00, 0x03, 0xFF, 0xFF, 0xFF,
    0xFC, 0x00, 0x00, 0x00, 0x3F, 0xFF, 0xFF, 0xFF, 0x00, 0x00, 0x00, 0x02, 0xFF, 0xFF, 0xFF, 0x80,
    0x00, 0x00, 0x00, 0x0B, 0xFF, 0xF9, 0x00, 0x00, 0x00, 0x00, 0x00, 0x1F, 0xFE, 0x40, 0x00, 0x00,
    0x02, 0xFF, 0xFF, 0xF0, 0x00, 0x00, 0x0F, 0xFF, 0xFF, 0xFC, 0x00, 0x00, 0x3F, 0xFF, 0xFF, 0xFD,
    0x00, 0x00, 0xFF, 0xFE, 0x5F, 0xFE, 0x2F, 0xC1, 0xFF, 0xF0, 0x0B, 0xFF, 0x7F, 0x83, 0xFF, 0xC0,
    0x0B, 0xFF, 0xBF, 0x87, 0xFF, 0x40, 0x0F, 0xFE, 0xBF, 0xCB, 0xFF, 0x01, 0xBF, 0xFD, 0x7F, 0xFF,
    0xFF, 0xFF, 0xFF, 0xFC, 0x3F, 0xFF, 0xFF, 0xFF, 0xFF, 0xF0, 0x0F, 0xFF, 0xFF, 0xFF, 0xFF, 0x80,
    0x00, 0x7F, 0xFF, 0xFF, 0xF4, 0x00, 0x00, 0x1F, 0xFD, 0x50, 0x00, 0x00, 0x00, 0x1F, 0xFC, 0x00,
    0x00, 0x00, 0x00, 0x0F, 0xFE, 0x00, 0x00, 0x40, 0x00, 0x0F, 0xFF, 0xD5, 0x6F, 0xC0, 0x00, 0x07,
    0xFF, 0xFF, 0xFF, 0xC0, 0x00, 0x02, 0xFF, 0xFF, 0xFF, 0xC0, 0x00, 0x00, 0xBF, 0xFF, 0xFF, 0x40,
    0x00, 0x00, 0x0B, 0xFF, 0xE4, 0x00, 0x00, 0x00, 0x00, 0x00, 0x6F, 0xFE, 0x40, 0x00, 0x00, 0x00,
    0x02, 0xFF, 0xFF, 0xFC, 0x00, 0x00, 0x00, 0x0B, 0xFF, 0xFF, 0xFF, 0xC0, 0x00, 0x00, 0x0B, 0xFF,
    0xFF, 0xFF, 0xF8, 0x00, 0x00, 0x0B, 0xFF, 0xF9, 0x6F, 0xFF, 0x00, 0x00, 0x0B, 0xFF, 0xE0, 0x02,
    0xFF, 0xC3, 0xFF, 0x03, 0xFF, 0xD0, 0x00, 0x7F, 0xF1, 0xFF, 0x42, 0xFF, 0xD0, 0x00, 0x2F, 0xFC,
    0xBF, 0xC0, 0xFF, 0xF0, 0x00, 0x0F, 0xFF, 0x3F, 0xF0, 0xBF, 0xF4, 0x00, 0x1F, 0xFF, 0x8F, 0xFF,
    0x7F, 0xFD, 0x56, 0xBF, 0xFF, 0xC2, 0xFF, 0xFF, 0xFF, 0xFF, 0xFF, 0xFF, 0xD0, 0x7F, 0xFF, 0xFF,
    0xFF, 0xFF, 0xFF, 0xC0, 0x07, 0xFF, 0xFF, 0xFF, 0xFF, 0xFF, 0x40, 0x00, 0x2F, 0xFF, 0xFF, 0xFF,
    0xA4, 0x00, 0x00, 0x00, 0x2F, 0xFC, 0x00, 0x00, 0x00, 0x00, 0x00, 0x0F, 0xFF, 0x00, 0x00, 0x00,
    0x00, 0x00, 0x02, 0xFF, 0xC0, 0x00, 0x00, 0x00, 0x00, 0x00, 0xBF, 0xF0, 0x00, 0x00, 0x00, 0x00,
    0x00, 0x1F, 0xFE, 0x00, 0x00, 0x00, 0x00, 0x00, 0x03, 0xFF, 0xC0, 0x00, 0x00, 0x00, 0x00, 0x00,
    0xFF, 0xFD, 0x00, 0x1B, 0xC0, 0x00, 0x00, 0x1F, 0xFF, 0xFF, 0xFF, 0xF0, 0x00, 0x00, 0x03, 0xFF,
    0xFF, 0xFF, 0xFC, 0x00, 0x00, 0x00, 0x3F, 0xFF, 0xFF, 0xFF, 0x00, 0x00, 0x00, 0x02, 0xFF, 0xFF,
    0xFF, 0x80, 0x00, 0x00, 0x00, 0x0B, 0xFF, 0xF9, 0x00, 0x00, 0x00, 0x00, 0x02, 0xFF, 0xC0, 0x00,
    0x00, 0x00, 0x00, 0x00, 0xFF, 0xE0, 0x00, 0x00, 0x00, 0x00, 0x00, 0x3F, 0xF4, 0x00, 0x00, 0x00,
    0x00, 0x00, 0x1F, 0xFC, 0x00, 0x00, 0x00, 0x00, 0x00, 0x0B, 0xFF, 0x00, 0x00, 0x00, 0x00, 0x00,
    0x03, 0xFF, 0xC0, 0x00, 0x00, 0x00, 0x00, 0x00, 0xFF, 0xE0, 0x00, 0x00, 0x00, 0x00, 0x00, 0x2A,
    0xA0, 0x00, 0x00, 0x00, 0x00, 0x00, 0x00, 0x1F, 0xFE, 0x40, 0x00, 0x00, 0x02, 0xFF, 0xFF, 0xF0,
    0x00, 0x00, 0x0F, 0xFF, 0xFF, 0xFC, 0x00, 0x00, 0x3F, 0xFF, 0xFF, 0xFD, 0x00, 0x00, 0xFF, 0xFE,
    0x5F, 0xFE, 0x2F, 0xC1, 0xFF, 0xF0, 0x0B, 0xFF, 0x7F, 0x83, 0xFF, 0xC0, 0x0B, 0xFF, 0xBF, 0x87,
    0xFF, 0x40, 0x0F, 0xFE, 0xBF, 0xCB, 0xFF, 0x01, 0xBF, 0xFD, 0x7F, 0xFF, 0xFF, 0xFF, 0xFF, 0xFC,
    0x3F, 0xFF, 0xFF, 0xFF, 0xFF, 0xF0, 0x0F, 0xFF, 0xFF, 0xFF, 0xFF, 0x80, 0x00, 0x7F, 0xFF, 0xFF,
    0xF4, 0x00, 0x00, 0x1F, 0xFD, 0x50, 0x00, 0x00, 0x00, 0x1F, 0xFC, 0x00, 0x00, 0x00, 0x00, 0x0F,
    0xFD, 0x00, 0x00, 0x00, 0x00, 0x0F, 0xFF, 0x40, 0x06, 0xC0, 0x00, 0x07, 0xFF, 0xFF, 0xFF, 0xC0,
    0x00, 0x02, 0xFF, 0xFF, 0xFF, 0xC0, 0x00, 0x00, 0xBF, 0xFF, 0xFF, 0x80, 0x00, 0x00, 0x0F, 0xFF,
    0xE4, 0x00, 0x00, 0x00, 0x0B, 0xFD, 0x00, 0x00, 0x00, 0x00, 0x0F, 0xFC, 0x00, 0x00, 0x00, 0x00,
    0x0F, 0xFC, 0x00, 0x00, 0x00, 0x00, 0x1F, 0xF8, 0x00, 0x00, 0x00, 0x00, 0x2F, 0xF4, 0x00, 0x00,
    0x00, 0x00, 0x3F, 0xF4, 0x00, 0x00, 0x00, 0x00, 0x3F, 0xF0, 0x00, 0x00, 0x00, 0x0B, 0xFF, 0xFF,
    0xF4, 0x00, 0x2F, 0xFF, 0xFF, 0xC0, 0x00, 0xFF, 0xFF, 0xFF, 0x00, 0x02, 0xFF, 0xFF, 0xF4, 0x00,
    0x00, 0xBF, 0xF8, 0x00, 0x00, 0x01, 0xFF, 0xC0, 0x00, 0x00, 0x0B, 0xFF, 0x00, 0x00, 0x00, 0x3F,
    0xF8, 0x00, 0x00, 0x00, 0xFF, 0xD0, 0x00, 0x00, 0x07, 0xFF, 0x40, 0x00, 0x00, 0x2F, 0xFC, 0x00,
    0x00, 0x00, 0xBF, 0xF0, 0x00, 0x00, 0x03, 0xFF, 0x80, 0x00, 0x00, 0x0F, 0xFD, 0x00, 0x00, 0x00,
    0x7F, 0xF0, 0x00, 0x00, 0x02, 0xFF, 0xC0, 0x00, 0x00, 0x0F, 0xFF, 0x00, 0x00, 0x00, 0x3F, 0xF8,
    0x00, 0x00, 0x00, 0xFF, 0xD0, 0x00, 0x00, 0x07, 0xFF, 0x00, 0x00, 0x00, 0x2F, 0xFC, 0x00, 0x00,
    0x00, 0xFF, 0xF0, 0x00, 0x00, 0x0B, 0xFF, 0xD0, 0x00, 0x02, 0xFF, 0xFF, 0xF0, 0x00, 0x2F, 0xFF,
    0xFF, 0xD0, 0x00, 0xFF, 0xFF, 0xFF, 0x00, 0x03, 0xFF, 0xFF, 0xFC, 0x00, 0x00, 0x00, 0x00, 0x00,
    0x00, 0x0F, 0xF8, 0x00, 0xFF, 0x40, 0x00, 0x00, 0x00, 0x00, 0x00, 0x0F, 0xF8, 0x02, 0xFF, 0x00,
    0x00, 0x00, 0x00, 0x00, 0x00, 0x0B, 0xFD, 0x07, 0xFE, 0x00, 0x00, 0x00, 0x00, 0x00, 0x00, 0x03,
    0xFF, 0xFF, 0xFC, 0x00, 0x00, 0x00, 0x00, 0x00, 0x00, 0x01, 0xFF, 0xFF, 0xF0, 0x00, 0x00, 0x00,
    0x00, 0x00, 0x00, 0x00, 0x2F, 0xFE, 0x40, 0x00, 0x00, 0x00, 0x00, 0x00, 0x00, 0x00, 0x00, 0x00,
    0x00, 0x00, 0x00, 0x00, 0x00, 0x00, 0x00, 0x00, 0x00, 0x00, 0x00, 0x00, 0x00, 0x00, 0x01, 0xFF,
    0xC0, 0x00, 0x3F, 0xF4, 0x00, 0x3F, 0xFD, 0x00, 0x00, 0xFF, 0xD0, 0x00, 0x3F, 0xF0, 0x00, 0xBF,
    0xF8, 0x00, 0x00, 0x7F, 0xF0, 0x00, 0x7F, 0xF0, 0x01, 0xFF, 0xF0, 0x00, 0x00, 0x3F, 0xF4, 0x00,
    0xBF, 0xE0, 0x03, 0xFF, 0xC0, 0x00, 0x00, 0x2F, 0xFC, 0x00, 0xFF, 0xE0, 0x0F, 0xFF, 0x40, 0x00,
    0x00, 0x0F, 0xFC, 0x00, 0xFF, 0xD0, 0x2F, 0xFE, 0x00, 0x00, 0x00, 0x0B, 0xFE, 0x01, 0xFF, 0xC0,
    0x7F, 0xF8, 0x00, 0x00, 0x00, 0x03, 0xFF, 0x01, 0xFF, 0xC0, 0xFF, 0xF0, 0x00, 0x00, 0x00, 0x03,
    0xFF, 0x82, 0xFF, 0x83, 0xFF, 0xC0, 0x00, 0x00, 0x00, 0x01, 0xFF, 0xC3, 0xFF, 0x4B, 0xFF, 0x40,
    0x00, 0x00, 0x00, 0x00, 0xFF, 0xE7, 0xFF, 0xAF, 0xFE, 0x00, 0x00, 0x00, 0x00, 0x00, 0x7F, 0xFF,
    0xFF, 0xFF, 0xFC, 0x00, 0x00, 0x00, 0x00, 0x00, 0xBF, 0xFF, 0xFF, 0xFF, 0xF0, 0x00, 0x00, 0x00,
    0x00, 0x02, 0xFF, 0xFF, 0xFF, 0xFF, 0xF0, 0x00, 0x00, 0x00, 0x00, 0x07, 0xFF, 0xFF, 0xFF, 0xFF,
    0xF4, 0x00, 0x00, 0x00, 0x00, 0x0F, 0xFF, 0x8F, 0xFC, 0x3F, 0xF8, 0x00, 0x00, 0x00, 0x00, 0x3F,
    0xFF, 0x1F, 0xFC, 0x3F, 0xFC, 0x00, 0x00, 0x00, 0x00, 0xBF, 0xFC, 0x2F, 0xFC, 0x2F, 0xFD, 0x00,
    0x00, 0x00, 0x01, 0xFF, 0xF4, 0x3F, 0xF8, 0x0F, 0xFE, 0x00, 0x00, 0x00, 0x03, 0xFF, 0xE0, 0x3F,
    0xF4, 0x0F, 0xFF, 0x00, 0x00, 0x00, 0x0F, 0xFF, 0xC0, 0x3F, 0xF0, 0x0B, 0xFF, 0x40, 0x00, 0x00,
    0x2F, 0xFF, 0x00, 0x7F, 0xF0, 0x07, 0xFF, 0x80, 0x00, 0x00, 0xBF, 0xFD, 0x00, 0xBF, 0xF0, 0x03,
    0xFF, 0xC0, 0x00, 0x01, 0xFF, 0xF8, 0x00, 0xFF, 0xE0, 0x02, 0xFF, 0xD0, 0x00, 0x03, 0xFF, 0xF0,
    0x00, 0xFF, 0xD0, 0x01, 0xFF, 0xF0, 0x00, 0x0F, 0xFF, 0xC0, 0x00, 0xFF, 0xC0, 0x00, 0xFF, 0xF0,
    0x00, 0x2F, 0xFF, 0x40, 0x01, 0xFF, 0xC0, 0x00, 0xBF, 0xF4, 0x00, 0x00, 0x00, 0x00, 0x00, 0xA9,
    0x00, 0x1A, 0x90, 0x00, 0x00, 0x00, 0x00, 0x00, 0x1F, 0xF0, 0x03, 0xFD, 0x00, 0x00, 0x00, 0x00,
    0x00, 0x01, 0xFF, 0x00, 0xBF, 0xC0, 0x00, 0x00, 0x00, 0x00, 0x00, 0x0F, 0xF8, 0x1F, 0xF8, 0x00,
    0x00, 0x00, 0x00, 0x00, 0x00, 0xBF, 0xFF, 0xFF, 0x00, 0x00, 0x00, 0x00, 0x00, 0x00, 0x03, 0xFF,
    0xFF, 0xC0, 0x00, 0x00, 0x00, 0x00, 0x00, 0x00, 0x06, 0xFF, 0x90, 0x00, 0x00, 0x00, 0x00, 0x00,
    0x00, 0x00, 0x00, 0x00, 0x00, 0x00, 0x00, 0x00, 0x00, 0x00, 0x00, 0x00, 0x00, 0x00, 0x00, 0x00,
    0x00, 0x0F, 0xFE, 0x00, 0x00, 0xBF, 0xE0, 0x00, 0x2F, 0xFD, 0x00, 0xFF, 0xFD, 0x00, 0x0F, 0xFD,
    0x00, 0x2F, 0xFF, 0xC0, 0x0F, 0xFF, 0xF4, 0x00, 0xFF, 0xC0, 0x0F, 0xFF, 0xF8, 0x00, 0xFF, 0xFF,
    0xC0, 0x1F, 0xFC, 0x03, 0xFF, 0xFF, 0x40, 0x05, 0x7F, 0xFD, 0x02, 0xFF, 0xC0, 0xBF, 0xFE, 0x50,
    0x00, 0x00, 0xFF, 0xE0, 0x2F, 0xF8, 0x0F, 0xFF, 0x00, 0x00, 0x00, 0x0F, 0xFE, 0x03, 0xFF, 0x42,
    0xFF, 0xC0, 0x00, 0x00, 0x00, 0xBF, 0xF0, 0x3F, 0xF0, 0x3F, 0xF8, 0x00, 0x00, 0x00, 0x0B, 0xFF,
    0xFF, 0xFF, 0xFF, 0xFF, 0x00, 0x00, 0x00, 0x00, 0xBF, 0xFF, 0xFF, 0xFF, 0xFF, 0xF0, 0x00, 0x00,
    0x00, 0x0F, 0xFF, 0xFF, 0xFF, 0xFF, 0xFE, 0x00, 0x00, 0x00, 0x00, 0xFF, 0xFF, 0xFF, 0xFF, 0xFF,
    0xD0, 0x00, 0x00, 0x00, 0x1F, 0xFD, 0x6F, 0xFD, 0x5F, 0xFD, 0x00, 0x00, 0x00, 0x02, 0xFF, 0xC1,
    0xFF, 0xC0, 0xFF, 0xD0, 0x00, 0x00, 0x00, 0x7F, 0xF4, 0x2F, 0xF8, 0x0F, 0xFE, 0x00, 0x00, 0x00,
    0x0F, 0xFF, 0x03, 0xFF, 0x40, 0xFF, 0xF0, 0x00, 0x00, 0x5B, 0xFF, 0xD0, 0x3F, 0xF4, 0x0B, 0xFF,
    0xD5, 0x00, 0x2F, 0xFF, 0xF8, 0x03, 0xFF, 0x00, 0x3F, 0xFF, 0xF0, 0x03, 0xFF, 0xFE, 0x00, 0x7F,
    0xF0, 0x02, 0xFF, 0xFF, 0x00, 0x3F, 0xFF, 0x40, 0x0B, 0xFE, 0x00, 0x0B, 0xFF, 0xF0, 0x0B, 0xFE,
    0x40, 0x00, 0xFF, 0xD0, 0x00, 0x1B, 0xFF, 0x00, 0x00, 0x07, 0xFF, 0x00, 0x03, 0xFF, 0xD0, 0x00,
    0xBF, 0xF0, 0x00, 0xBF, 0xF8, 0x00, 0x0F, 0xFE, 0x00, 0x1F, 0xFF, 0x00, 0x00, 0xFF, 0xD0, 0x07,
    0xFF, 0xC0, 0x00, 0x1F, 0xFD, 0x00, 0xFF, 0xF0, 0x00, 0x02, 0xFF, 0xC0, 0x3F, 0xFD, 0x00, 0x00,
    0x2F, 0xFC, 0x0B, 0xFF, 0x80, 0x00, 0x03, 0xFF, 0x81, 0xFF, 0xF0, 0x00, 0x00, 0x3F, 0xF4, 0x3F,
    0xFC, 0x00, 0x00, 0x07, 0xFF, 0x0F, 0xFF, 0x00, 0x00, 0x00, 0xBF, 0xF2, 0xFF, 0xD0, 0x00, 0x00,
    0x0F, 0xFF, 0xBF, 0xF8, 0x00, 0x00, 0x00, 0xFF, 0xFF, 0xFF, 0x00, 0x00, 0x00, 0x0F, 0xFF, 0xFF,
    0xFE, 0x00, 0x00, 0x01, 0xFF, 0xFF, 0xFF, 0xFE, 0x00, 0x00, 0x2F, 0xFF, 0xFF, 0xFF, 0xF8, 0x00,
    0x03, 0xFF, 0xFF, 0xFF, 0xFF, 0xD0, 0x00, 0x3F, 0xF8, 0x01, 0xBF, 0xFF, 0x00, 0x03, 0xFF, 0x40,
    0x01, 0xFF, 0xF0, 0x00, 0x7F, 0xF0, 0x00, 0x0B, 0xFF, 0x40, 0x0B, 0xFF, 0x00, 0x00, 0x7F, 0xF8,
    0x00, 0xFF, 0xE0, 0x00, 0x03, 0xFF, 0x80, 0x0F, 0xFE, 0x00, 0x00, 0x3F, 0xFC, 0x01, 0xFF, 0xD0,
    0x00, 0x03, 0xFF, 0x80, 0x2F, 0xFC, 0x00, 0x00, 0x3F, 0xF8, 0x02, 0xFF, 0xC0, 0x00, 0x03, 0xFF,
    0x40, 0x3F, 0xF8, 0x00, 0x00, 0x7F, 0xF0, 0x00, 0x00, 0x00, 0x00, 0x0F, 0xFF, 0x00, 0x00, 0x00,
    0x00, 0x01, 0xFF, 0xE0, 0x00, 0x00, 0x00, 0x00, 0x3F, 0xFC, 0x00, 0x00, 0x00, 0x00, 0x0F, 0xFF,
    0x80, 0x00, 0x02, 0xE5, 0x5B, 0xFF, 0xF0, 0x00, 0x00, 0x2F, 0xFF, 0xFF, 0xFC, 0x00, 0x00, 0x02,
    0xFF, 0xFF, 0xFF, 0x00, 0x00, 0x00, 0x2F, 0xFF, 0xFF, 0x80, 0x00, 0x00, 0x00, 0x6F, 0xFE, 0x40,
    0x00, 0x00, 0x00, 0x3F, 0xF4, 0x00, 0xFF, 0xF4, 0x01, 0xFF, 0xC0, 0x0B, 0xFF, 0x80, 0x07, 0xFF,
    0x00, 0xBF, 0xF8, 0x00, 0x2F, 0xFC, 0x07, 0xFF, 0x80, 0x00, 0xFF, 0xE0, 0x7F, 0xFC, 0x00, 0x03,
    0xFF, 0x43, 0xFF, 0xC0, 0x00, 0x1F, 0xFC, 0x3F, 0xFC, 0x00, 0x00, 0xBF, 0xF3, 0xFF, 0xC0, 0x00,
    0x02, 0xFF, 0xBF, 0xFD, 0x00, 0x00, 0x0F, 0xFF, 0xFF, 0xE0, 0x00, 0x00, 0x3F, 0xFF, 0xFF, 0xF8,
    0x00, 0x01, 0xFF, 0xFF, 0xFF, 0xFC, 0x00, 0x0B, 0xFF, 0xFF, 0xFF, 0xF8, 0x00, 0x3F, 0xFC, 0x02,
    0xFF, 0xF0, 0x00, 0xFF, 0xD0, 0x02, 0xFF, 0xD0, 0x03, 0xFF, 0x00, 0x03, 0xFF, 0x80, 0x1F, 0xFC,
    0x00, 0x0F, 0xFF, 0x00, 0xBF, 0xF0, 0x00, 0x2F, 0xFC, 0x03, 0xFF, 0x80, 0x00, 0xBF, 0xF0, 0x0F,
    0xFD, 0x00, 0x03, 0xFF, 0xC0, 0x3F, 0xF4, 0x00, 0x0F, 0xFE, 0x00, 0x00, 0x00, 0x00, 0x3F, 0xF4,
    0x00, 0x00, 0x00, 0x02, 0xFF, 0xC0, 0x00, 0x00, 0x00, 0x0F, 0xFF, 0x00, 0x00, 0x00, 0x00, 0xFF,
    0xF4, 0x00, 0x00, 0xE5, 0x6F, 0xFF, 0xC0, 0x00, 0x03, 0xFF, 0xFF, 0xFC, 0x00, 0x00, 0x0F, 0xFF,
    0xFF, 0xC0, 0x00, 0x00, 0x3F, 0xFF, 0xF8, 0x00, 0x00, 0x00, 0xBF, 0xFE, 0x00, 0x00, 0x00, 0x00,
    0x00, 0x00, 0xBF, 0xFF, 0xFF, 0xFF, 0x00, 0x00, 0x00, 0x0F, 0xFF, 0xFF, 0xFF, 0xF0, 0x00, 0x00,
    0x00, 0xFF, 0xFF, 0xFF, 0xFE, 0x00, 0x00, 0x00, 0x1F, 0xFF, 0xFF, 0xFF, 0xE0, 0x00, 0x00, 0x02,
    0xFF, 0x95, 0x6F, 0xFD, 0x00, 0x00, 0x00, 0x3F, 0xF4, 0x02, 0xFF, 0xC0, 0x00, 0x00, 0x03, 0xFF,
    0x00, 0x3F, 0xFC, 0x00, 0x00, 0x00, 0xBF, 0xF0, 0x03, 0xFF, 0x80, 0x00, 0x00, 0x0F, 0xFE, 0x00,
    0x3F, 0xF4, 0x00, 0x00, 0x00, 0xFF, 0xD0, 0x07, 0xFF, 0x00, 0x00, 0x00, 0x1F, 0xFC, 0x00, 0xBF,
    0xF0, 0x00, 0x00, 0x02, 0xFF, 0xC0, 0x0F, 0xFF, 0x00, 0x00, 0x00, 0x3F, 0xF8, 0x00, 0xFF, 0xE0,
    0x00, 0x00, 0x07, 0xFF, 0x00, 0x0F, 0xFD, 0x00, 0x00, 0x00, 0xBF, 0xF0, 0x01, 0xFF, 0xC0, 0x00,
    0x00, 0x0F, 0xFE, 0x00, 0x2F, 0xFC, 0x00, 0x00, 0x01, 0xFF, 0xD0, 0x03, 0xFF, 0xC0, 0x00, 0x00,
    0x2F, 0xFC, 0x00, 0x3F, 0xF8, 0x00, 0x00, 0x03, 0xFF, 0x80, 0x03, 0xFF, 0x40, 0x00, 0x00, 0x7F,
    0xF0, 0x00, 0x7F, 0xF0, 0x00, 0x00, 0x0F, 0xFF, 0x00, 0x0B, 0xFF, 0x00, 0x00, 0x02, 0xFF, 0xD0,
    0x00, 0xFF, 0xE0, 0x00, 0x25, 0xFF, 0xFC, 0x00, 0x0F, 0xFF, 0xFF, 0xC3, 0xFF, 0xFF, 0x00, 0x01,
    0xFF, 0xFF, 0xF8, 0x3F, 0xFF, 0xD0, 0x00, 0x1F, 0xFF, 0xFF, 0x03, 0xFF, 0xF4, 0x00, 0x02, 0xFF,
    0xFF, 0xE0, 0x3F, 0xF8, 0x00, 0x00, 0x3F, 0xFF, 0xFC, 0x00, 0x00, 0x00, 0x00, 0x00, 0x01, 0xFF,
    0x80, 0x00, 0x00, 0x00, 0x00, 0x00, 0x3F, 0xF0, 0x00, 0x00, 0x00, 0x00, 0x00, 0x0B, 0xFF, 0x00,
    0x00, 0x00, 0x00, 0x00, 0x01, 0xFF, 0xD0, 0x00, 0x00, 0x00, 0x00, 0x00, 0x3F, 0xFC, 0x00, 0x00,
    0x00, 0x00, 0x00, 0x0B, 0xFF, 0x40, 0x00, 0x00, 0x00, 0x00, 0x01, 0xFF, 0xF0, 0x00, 0x00, 0x00,
    0x00, 0x00, 0x1A, 0xA9, 0x00, 0x00, 0x00, 0x00, 0x00, 0x1B, 0xFF, 0xE4, 0x00, 0x00, 0x00, 0x2F,
    0xFF, 0xFF, 0xF0, 0x00, 0x00, 0x0B, 0xFF, 0xFF, 0xFF, 0x00, 0x00, 0x02, 0xFF, 0xFF, 0xFF, 0xE0,
    0x00, 0x00, 0x3F, 0xFE, 0x5F, 0xFE, 0x00, 0x00, 0x0F, 0xFF, 0x00, 0xFF, 0xD0, 0x00, 0x00, 0xFF,
    0xD0, 0x1F, 0xFC, 0x00, 0x00, 0x2F, 0xFC, 0x02, 0xFF, 0xC0, 0x00, 0x03, 0xFF, 0x80, 0x3F, 0xF8,
    0x00, 0x00, 0x7F, 0xF0, 0x03, 0xFF, 0x40, 0x00, 0x0F, 0xFF, 0x00, 0x3F, 0xF0, 0x00, 0x00, 0xFF,
    0xD0, 0x07, 0xFF, 0x00, 0x00, 0x1F, 0xFC, 0x00, 0xBF, 0xF0, 0x00, 0x03, 0xFF, 0x80, 0x0F, 0xFE,
    0x00, 0x00, 0x3F, 0xF4, 0x00, 0xFF, 0xD0, 0x00, 0x0F, 0xFF, 0x00, 0x1F, 0xFC, 0x00, 0x16, 0xFF,
    0xE0, 0x01, 0xFF, 0xD5, 0x43, 0xFF, 0xFC, 0x00, 0x2F, 0xFF, 0xFC, 0x3F, 0xFF, 0x40, 0x03, 0xFF,
    0xFF, 0xC3, 0xFF, 0xE0, 0x00, 0x3F, 0xFF, 0xF4, 0x3F, 0xE4, 0x00, 0x07, 0xFF, 0xFF, 0x00, 0x00,
    0x00, 0x00, 0x00, 0x7F, 0xD0, 0x00, 0x00, 0x00, 0x00, 0x0F, 0xFC, 0x00, 0x00, 0x00, 0x00, 0x01,
    0xFF, 0x80, 0x00, 0x00, 0x00, 0x00, 0x3F, 0xF0, 0x00, 0x00, 0x00, 0x00, 0x0B, 0xFE, 0x00, 0x00,
    0x00, 0x00, 0x00, 0xFF, 0xD0, 0x00, 0x00, 0x00, 0x00, 0x2F, 0xFC, 0x00, 0x00, 0x07, 0xFF, 0x00,
    0x00, 0x7F, 0xF4, 0x00, 0x2F, 0xFC, 0x00, 0x02, 0xFF, 0xC0, 0x00, 0xFF, 0xF0, 0x00, 0x0B, 0xFF,
    0x00, 0x03, 0xFF, 0x80, 0x00, 0x3F, 0xF8, 0x00, 0x1F, 0xFD, 0x00, 0x00, 0xFF, 0xD0, 0x00, 0xBF,
    0xF0, 0x00, 0x07, 0xFF, 0x40, 0x02, 0xFF, 0xC0, 0x00, 0x2F, 0xFC, 0x00, 0x0F, 0xFF, 0x00, 0x00,
    0xFF, 0xF0, 0x00, 0x3F, 0xF8, 0x00, 0x03, 0xFF, 0x80, 0x01, 0xFF, 0xD0, 0x00, 0x0F, 0xFD, 0x00,
    0x0B, 0xFF, 0x55, 0x55, 0xBF, 0xF0, 0x00, 0x3F, 0xFF, 0xFF, 0xFF, 0xFF, 0xC0, 0x00, 0xFF, 0xFF,
    0xFF, 0xFF, 0xFF, 0x00, 0x03, 0xFF, 0xFF, 0xFF, 0xFF, 0xF8, 0x00, 0x1F, 0xFF, 0xFF, 0xFF, 0xFF,
    0xD0, 0x00, 0xBF, 0xF0, 0x00, 0x0B, 0xFF, 0x00, 0x03, 0xFF, 0xC0, 0x00, 0x3F, 0xFC, 0x00, 0x0F,
    0xFE, 0x00, 0x00, 0xFF, 0xE0, 0x00, 0x3F, 0xF4, 0x00, 0x03, 0xFF, 0x80, 0x01, 0xFF, 0xC0, 0x00,
    0x1F, 0xFD, 0x00, 0x0B, 0xFF, 0x00, 0x00, 0xBF, 0xF0, 0x00, 0x3F, 0xFC, 0x00, 0x03, 0xFF, 0xC0,
    0x00, 0xFF, 0xE0, 0x00, 0x0F, 0xFE, 0x00, 0x07, 0xFF, 0x40, 0x00, 0x3F, 0xF4, 0x00, 0x2F, 0xFC,
    0x00, 0x01, 0xFF, 0xC0, 0x00, 0xBF, 0xF0, 0x00, 0x0B, 0xFF, 0x00, 0x03, 0xFF, 0x80, 0x00, 0x3F,
    0xFC, 0x00, 0x00, 0x00, 0x00, 0x00, 0xFF, 0xE0, 0x00, 0x00, 0x00, 0x00, 0x0B, 0xFF, 0x00, 0x00,
    0x00, 0x00, 0x00, 0x3F, 0xFC, 0x00, 0x00, 0x00, 0x00, 0x03, 0xFF, 0xD0, 0x00, 0x00, 0x0E, 0x95,
    0xBF, 0xFF, 0x00, 0x00, 0x00, 0x3F, 0xFF, 0xFF, 0xF0, 0x00, 0x00, 0x00, 0xFF, 0xFF, 0xFF, 0x40,
    0x00, 0x00, 0x03, 0xFF, 0xFF, 0xF0, 0x00, 0x00, 0x00, 0x06, 0xFF, 0xF8, 0x00, 0x00, 0x00, 0x00,
    0x3F, 0xF8, 0x00, 0x7F, 0xF4, 0x01, 0xFF, 0xD0, 0x01, 0xFF, 0xC0, 0x07, 0xFF, 0x00, 0x0B, 0xFF,
    0x00, 0x2F, 0xFC, 0x00, 0x3F, 0xF8, 0x00, 0xFF, 0xE0, 0x00, 0xFF, 0xD0, 0x03, 0xFF, 0x80, 0x07,
    0xFF, 0x40, 0x1F, 0xFD, 0x00, 0x2F, 0xFC, 0x00, 0xBF, 0xF0, 0x00, 0xBF, 0xF0, 0x02, 0xFF, 0xFF,
    0xFF, 0xFF, 0x80, 0x0F, 0xFF, 0xFF, 0xFF, 0xFD, 0x00, 0x3F, 0xFF, 0xFF, 0xFF, 0xF0, 0x01, 0xFF,
    0xFF, 0xFF, 0xFF, 0xC0, 0x0B, 0xFF, 0x55, 0x5F, 0xFF, 0x00, 0x3F, 0xFC, 0x00, 0x3F, 0xF8, 0x00,
    0xFF, 0xE0, 0x00, 0xFF, 0xD0, 0x03, 0xFF, 0x40, 0x07, 0xFF, 0x00, 0x1F, 0xFC, 0x00, 0x2F, 0xFC,
    0x00, 0xBF, 0xF0, 0x00, 0xFF, 0xF0, 0x03, 0xFF, 0xC0, 0x03, 0xFF, 0x80, 0x0F, 0xFE, 0x00, 0x0F,
    0xFD, 0x00, 0x3F, 0xF4, 0x00, 0x7F, 0xF0, 0x00, 0x00, 0x00, 0x02, 0xFF, 0xC0, 0x00, 0x00, 0x00,
    0x0F, 0xFE, 0x00, 0x00, 0x00, 0x00, 0x7F, 0xF4, 0x00, 0x00, 0x00, 0x03, 0xFF, 0xC0, 0x00, 0x02,
    0xE5, 0xBF, 0xFE, 0x00, 0x00, 0x0B, 0xFF, 0xFF, 0xF0, 0x00, 0x00, 0x2F, 0xFF, 0xFF, 0x00, 0x00,
    0x00, 0xBF, 0xFF, 0xF0, 0x00, 0x00, 0x00, 0xBF, 0xF9, 0x00, 0x00, 0x00, 0x00, 0x07, 0xFF, 0x00,
    0x00, 0x7F, 0xF4, 0x00, 0x0B, 0xFF, 0x00, 0x00, 0x7F, 0xF0, 0x00, 0x0F, 0xFE, 0x00, 0x00, 0xBF,
    0xF0, 0x00, 0x0F, 0xFD, 0x00, 0x00, 0xFF, 0xE0, 0x00, 0x1F, 0xFD, 0x00, 0x00, 0xFF, 0xD0, 0x00,
    0x2F, 0xFC, 0x00, 0x01, 0xFF, 0xD0, 0x00, 0x2F, 0xFC, 0x00, 0x02, 0xFF, 0xC0, 0x00, 0x3F, 0xF8,
    0x00, 0x02, 0xFF, 0xC0, 0x00, 0x3F, 0xF4, 0x00, 0x03, 0xFF, 0x80, 0x00, 0x7F, 0xF4, 0x00, 0x03,
    0xFF, 0x40, 0x00, 0xBF, 0xF5, 0x55, 0x5B, 0xFF, 0x00, 0x00, 0xFF, 0xFF, 0xFF, 0xFF, 0xFF, 0x00,
    0x00, 0xFF, 0xFF, 0xFF, 0xFF, 0xFF, 0x00, 0x00, 0xFF, 0xFF, 0xFF, 0xFF, 0xFE, 0x00, 0x01, 0xFF,
    0xFF, 0xFF, 0xFF, 0xFD, 0x00, 0x02, 0xFF, 0xC0, 0x00, 0x1F, 0xFC, 0x00, 0x03, 0xFF, 0x80, 0x00,
    0x2F, 0xFC, 0x00, 0x03, 0xFF, 0x40, 0x00, 0x3F, 0xF8, 0x00, 0x03, 0xFF, 0x40, 0x00, 0x3F, 0xF8,
    0x00, 0x07, 0xFF, 0x00, 0x00, 0x7F, 0xF4, 0x00, 0x0B, 0xFF, 0x00, 0x00, 0x7F, 0xF0, 0x00, 0x0F,
    0xFE, 0x00, 0x00, 0xBF, 0xF0, 0x00, 0x0F, 0xFD, 0x00, 0x00, 0xFF, 0xFF, 0xFC, 0x1F, 0xFD, 0x00,
    0x00, 0xFF, 0xFF, 0xF8, 0x2F, 0xFC, 0x00, 0x01, 0xFF, 0xFF, 0xF4, 0x2F, 0xFC, 0x00, 0x02, 0xFF,
    0xFF, 0xF0, 0x3F, 0xF8, 0x00, 0x02, 0xFF, 0xFF, 0xD0, 0x00, 0x00, 0x00, 0x00, 0x00, 0xFF, 0xC0,
    0x00, 0x00, 0x00, 0x00, 0x03, 0xFF, 0x80, 0x00, 0x00, 0x00, 0x00, 0x07, 0xFF, 0x00, 0x00, 0x00,
    0x00, 0x00, 0x0F, 0xFE, 0x00, 0x00, 0x00, 0x00, 0x00, 0x2F, 0xFC, 0x00, 0x00, 0x00, 0x00, 0x00,
    0x3F, 0xFC, 0x00, 0x00, 0x00, 0x00, 0x00, 0xFF, 0xF4, 0x00, 0x00, 0x00, 0x00, 0x01, 0xFF, 0xF0,
    0x00, 0x00, 0x3F, 0xF8, 0x00, 0x7F, 0xF4, 0x00, 0x7F, 0xF4, 0x00, 0x7F, 0xF0, 0x00, 0x7F, 0xF0,
    0x00, 0xBF, 0xF0, 0x00, 0xBF, 0xF0, 0x00, 0xFF, 0xE0, 0x00, 0xFF, 0xE0, 0x00, 0xFF, 0xD0, 0x00,
    0xFF, 0xE0, 0x01, 0xFF, 0xD0, 0x01, 0xFF, 0xD0, 0x02, 0xFF, 0xC0, 0x02, 0xFF, 0xC0, 0x02, 0xFF,
    0xC0, 0x02, 0xFF, 0xFF, 0xFF, 0xFF, 0x80, 0x03, 0xFF, 0xFF, 0xFF, 0xFF, 0x40, 0x03, 0xFF, 0xFF,
    0xFF, 0xFF, 0x40, 0x07, 0xFF, 0xFF, 0xFF, 0xFF, 0x00, 0x0B, 0xFF, 0x55, 0x5F, 0xFF, 0x00, 0x0F,
    0xFF, 0x00, 0x0F, 0xFE, 0x00, 0x0F, 0xFE, 0x00, 0x0F, 0xFD, 0x00, 0x0F, 0xFD, 0x00, 0x1F, 0xFC,
    0x00, 0x1F, 0xFC, 0x00, 0x2F, 0xFE, 0xA9, 0x2F, 0xFC, 0x00, 0x3F, 0xFF, 0xFD, 0x3F, 0xFC, 0x00,
    0x3F, 0xFF, 0xFC, 0x3F, 0xF8, 0x00, 0x3F, 0xFF, 0xF4, 0x3F, 0xF4, 0x00, 0x7F, 0xFF, 0xF0, 0x00,
    0x00, 0x00, 0x00, 0x7F, 0xE0, 0x00, 0x00, 0x00, 0x00, 0xFF, 0xC0, 0x00, 0x00, 0x00, 0x01, 0xFF,
    0x80, 0x00, 0x00, 0x00, 0x03, 0xFF, 0x40, 0x00, 0x00, 0x00, 0x0B, 0xFF, 0x00, 0x00, 0x00, 0x00,
    0x0F, 0xFD, 0x00, 0x00, 0x00, 0x00, 0x2F, 0xFC, 0x00, 0x00, 0x00, 0x00, 0x1A, 0xA4, 0x00, 0x07,
    0xFF, 0x00, 0x00, 0x7F, 0xF4, 0x2F, 0xFC, 0x00, 0x01, 0xFF, 0xC0, 0xFF, 0xE0, 0x00, 0x0B, 0xFF,
    0x03, 0xFF, 0x80, 0x00, 0x3F, 0xF8, 0x1F, 0xFD, 0x00, 0x00, 0xFF, 0xD0, 0x7F, 0xF0, 0x00, 0x07,
    0xFF, 0x42, 0xFF, 0xC0, 0x00, 0x2F, 0xFC, 0x0F, 0xFE, 0x00, 0x00, 0xBF, 0xF0, 0x3F, 0xF8, 0x00,
    0x03, 0xFF, 0x81, 0xFF, 0xD0, 0x00, 0x0F, 0xFD, 0x07, 0xFF, 0x00, 0x00, 0x7F, 0xF0, 0x2F, 0xFC,
    0x00, 0x02, 0xFF, 0xC0, 0xBF, 0xF4, 0x00, 0x1F, 0xFF, 0x01, 0xFF, 0xF9, 0x5B, 0xFF, 0xF8, 0x03,
    0xFF, 0xFF, 0xFF, 0xFF, 0xD0, 0x0B, 0xFF, 0xFF, 0xFF, 0xFF, 0x00, 0x0B, 0xFF, 0xFF, 0xFF, 0xFC,
    0x00, 0x06, 0xFF, 0xA0, 0xFF, 0xF0, 0x00, 0x00, 0x00, 0x03, 0xFF, 0x80, 0x00, 0x00, 0x00, 0x1F,
    0xFD, 0x00, 0x00, 0x00, 0x00, 0x7F, 0xF0, 0x00, 0x00, 0x00, 0x02, 0xFF, 0xC0, 0x00, 0x00, 0x15,
    0x5F, 0xFE, 0x00, 0x00, 0x00, 0xFF, 0xFF, 0xF8, 0x00, 0x00, 0x07, 0xFF, 0xFF, 0xD0, 0x00, 0x00,
    0x2F, 0xFF, 0xFF, 0x00, 0x00, 0x00, 0xFF, 0xFF, 0xFC, 0x00, 0x00, 0x03, 0xFF, 0x40, 0x00, 0x00,
    0x00, 0x1F, 0xFC, 0x00, 0x00, 0x00, 0x00, 0x7F, 0xF0, 0x00, 0x00, 0x00, 0x02, 0xFF, 0xC0, 0x00,
    0x00, 0x00, 0x0F, 0xFE, 0x00, 0x00, 0x00, 0x00, 0x3F, 0xF4, 0x00, 0x00, 0x00, 0x01, 0xFF, 0xC0,
    0x00, 0x00, 0x00, 0x0B, 0xFF, 0x00, 0x00, 0x00, 0x00, 0x2F, 0xFC, 0x00, 0x3F, 0xF8, 0xFF, 0xE0,
    0x00, 0xFF, 0xD3, 0xFF, 0x40, 0x07, 0xFF, 0x1F, 0xFC, 0x00, 0x2F, 0xFC, 0x7F, 0xF0, 0x00, 0xFF,
    0xE2, 0xFF, 0xC0, 0x03, 0xFF, 0x8F, 0xFE, 0x00, 0x2F, 0xFD, 0x3F, 0xF8, 0x00, 0xFF, 0xF0, 0xFF,
    0xE0, 0x0B, 0xFF, 0xC3, 0xFF, 0xD0, 0xBF, 0xFE, 0x0B, 0xFF, 0xFF, 0xFF, 0xF8, 0x1F, 0xFF, 0xFF,
    0xFF, 0xD0, 0x3F, 0xFF, 0xF7, 0xFF, 0x00, 0x2F, 0xFE, 0x2F, 0xFC, 0x00, 0x05, 0x00, 0xFF, 0xE0,
    0x00, 0x00, 0x03, 0xFF, 0x40, 0x00, 0x15, 0x5F, 0xFD, 0x00, 0x00, 0xFF, 0xFF, 0xF0, 0x00, 0x03,
    0xFF, 0xFF, 0xC0, 0x00, 0x1F, 0xFF, 0xFE, 0x00, 0x00, 0xBF, 0xFF, 0xF4, 0x00, 0x03, 0xFF, 0x00,
    0x00, 0x00, 0x0F, 0xFC, 0x00, 0x00, 0x00, 0x7F, 0xE0, 0x00, 0x00, 0x02, 0xFF, 0x40, 0x00, 0x00,
    0x0F, 0xFC, 0x00, 0x00, 0x00, 0x3F, 0xF0, 0x00, 0x00, 0x01, 0xFF, 0xC0, 0x00, 0x00, 0x02, 0xA9,
    0x00, 0x00, 0x00, 0x00, 0x07, 0xFF, 0xF0, 0x00, 0x00, 0x3F, 0xFF, 0xC0, 0x00, 0x2F, 0xFF, 0xC0,
    0x00, 0x01, 0xFF, 0xFF, 0x00, 0x00, 0xFF, 0xFF, 0x00, 0x00, 0x0F, 0xFF, 0xF8, 0x00, 0x03, 0xFF,
    0xFC, 0x00, 0x00, 0x7F, 0xFF, 0xD0, 0x00, 0x1F, 0xFF, 0xF4, 0x00, 0x03, 0xFF, 0xFF, 0x00, 0x00,
    0xBF, 0xFF, 0xD0, 0x00, 0x1F, 0xFF, 0xFC, 0x00, 0x02, 0xFF, 0xFF, 0x40, 0x00, 0xFF, 0xFF, 0xF0,
    0x00, 0x0F, 0xFE, 0xFD, 0x00, 0x07, 0xFE, 0xFF, 0x80, 0x00, 0x3F, 0xEB, 0xF8, 0x00, 0x3F, 0xEB,
    0xFD, 0x00, 0x01, 0xFF, 0xAF, 0xE0, 0x01, 0xFF, 0x3F, 0xF0, 0x00, 0x0B, 0xFD, 0xBF, 0x80, 0x0F,
    0xF8, 0xFF, 0xC0, 0x00, 0x3F, 0xF2, 0xFE, 0x00, 0x7F, 0xC7, 0xFF, 0x00, 0x00, 0xFF, 0xC7, 0xFC,
    0x03, 0xFE, 0x2F, 0xF8, 0x00, 0x03, 0xFF, 0x1F, 0xF0, 0x1F, 0xF0, 0xFF, 0xD0, 0x00, 0x1F, 0xF8,
    0x7F, 0xC0, 0xFF, 0x83, 0xFF, 0x00, 0x00, 0xBF, 0xD1, 0xFF, 0x07, 0xFC, 0x0F, 0xFC, 0x00, 0x03,
    0xFF, 0x03, 0xFC, 0x3F, 0xE0, 0x7F, 0xE0, 0x00, 0x0F, 0xFC, 0x0F, 0xF1, 0xFF, 0x02, 0xFF, 0x80,
    0x00, 0x3F, 0xF0, 0x3F, 0xCF, 0xF8, 0x0F, 0xFD, 0x00, 0x01, 0xFF, 0x80, 0xFF, 0x7F, 0xC0, 0x3F,
    0xF0, 0x00, 0x0B, 0xFD, 0x03, 0xFF, 0xFE, 0x01, 0xFF, 0xC0, 0x00, 0x3F, 0xF0, 0x0F, 0xFF, 0xF0,
    0x07, 0xFE, 0x00, 0x00, 0xFF, 0xC0, 0x3F, 0xFF, 0x80, 0x2F, 0xFF, 0xFF, 0x07, 0xFE, 0x00, 0xFF,
    0xFC, 0x00, 0xFF, 0xFF, 0xF8, 0x2F, 0xF8, 0x03, 0xFF, 0xE0, 0x03, 0xFF, 0xFF, 0xC0, 0xBF, 0xD0,
    0x0F, 0xFF, 0x00, 0x1F, 0xFF, 0xFE, 0x03, 0xFF, 0x00, 0x2F, 0xF8, 0x00, 0xBF, 0xFF, 0xF0, 0x00,
    0x00, 0x00, 0x00, 0x00, 0x00, 0x01, 0xFF, 0x80, 0x00, 0x00, 0x00, 0x00, 0x00, 0x00, 0x0F, 0xFD,
    0x00, 0x00, 0x00, 0x00, 0x00, 0x00, 0x00, 0xBF, 0xF0, 0x00, 0x00, 0x00, 0x00, 0x00, 0x00, 0x03,
    0xFF, 0x40, 0x00, 0x00, 0x00, 0x00, 0x00, 0x00, 0x3F, 0xFC, 0x00, 0x00, 0x00, 0x00, 0x00, 0x00,
    0x01, 0xFF, 0xE0, 0x00, 0x00, 0x00, 0x00, 0x00, 0x00, 0x0F, 0xFF, 0x00, 0x00, 0x00, 0x00, 0x00,
    0x00, 0x00, 0xBF, 0xF8, 0x00, 0x00, 0x00, 0x3F, 0xFF, 0xC0, 0x00, 0x7F, 0xFF, 0x80, 0x00, 0xFF,
    0xFF, 0x00, 0x03, 0xFF, 0xFE, 0x00, 0x07, 0xFF, 0xFC, 0x00, 0x1F, 0xFF, 0xF4, 0x00, 0x2F, 0xFF,
    0xF0, 0x00, 0xFF, 0xFF, 0xC0, 0x00, 0xFF, 0xFF, 0xC0, 0x07, 0xFF, 0xFF, 0x00, 0x03, 0xFF, 0xFF,
    0x00, 0x3F, 0xFF, 0xF8, 0x00, 0x0F, 0xFF, 0xFC, 0x01, 0xFF, 0xBF, 0xD0, 0x00, 0x7F, 0xEF, 0xF0,
    0x0F, 0xFE, 0xFF, 0x40, 0x02, 0xFF, 0x7F, 0xC0, 0x7F, 0xDF, 0xFC, 0x00, 0x0F, 0xFC, 0xFF, 0x43,
    0xFE, 0x3F, 0xF0, 0x00, 0x3F, 0xF3, 0xFD, 0x1F, 0xF1, 0xFF, 0x80, 0x00, 0xFF, 0xCF, 0xF4, 0xFF,
    0x8B, 0xFD, 0x00, 0x07, 0xFE, 0x3F, 0xD7, 0xFC, 0x3F, 0xF0, 0x00, 0x2F, 0xF4, 0xBF, 0x7F, 0xE0,
    0xFF, 0xC0, 0x00, 0xFF, 0xC2, 0xFF, 0xFF, 0x07, 0xFF, 0x00, 0x03, 0xFF, 0x0B, 0xFF, 0xF8, 0x1F,
    0xF8, 0x00, 0x1F, 0xFC, 0x2F, 0xFF, 0xC0, 0xBF, 0xE0, 0x00, 0x7F, 0xE0, 0xBF, 0xFE, 0x03, 0xFF,
    0xFF, 0xC2, 0xFF, 0x41, 0xFF, 0xF0, 0x0F, 0xFF, 0xFE, 0x0F, 0xFC, 0x07, 0xFF, 0x80, 0x7F, 0xFF,
    0xF0, 0x3F, 0xF0, 0x1F, 0xFC, 0x02, 0xFF, 0xFF, 0x80, 0x00, 0x00, 0x00, 0x00, 0x00, 0x0B, 0xFD,
    0x00, 0x00, 0x00, 0x00, 0x00, 0x00, 0x3F, 0xF0, 0x00, 0x00, 0x00, 0x00, 0x00, 0x02, 0xFF, 0x40,
    0x00, 0x00, 0x00, 0x00, 0x00, 0x0F, 0xFC, 0x00, 0x00, 0x00, 0x00, 0x00, 0x00, 0xBF, 0xE0, 0x00,
    0x00, 0x00, 0x00, 0x00, 0x03, 0xFF, 0x00, 0x00, 0x00, 0x00, 0x00, 0x00, 0x3F, 0xF8, 0x00, 0x00,
    0x00, 0x00, 0x00, 0x00, 0xAA, 0x80, 0x00, 0x00, 0x0B, 0xFF, 0xFF, 0xF4, 0x00, 0x2F, 0xFF, 0xFF,
    0xC0, 0x00, 0xFF, 0xFF, 0xFF, 0x00, 0x02, 0xFF, 0xFF, 0xF4, 0x00, 0x00, 0xBF, 0xF8, 0x00, 0x00,
    0x01, 0xFF, 0xC0, 0x00, 0x00, 0x0B, 0xFF, 0x00, 0x00, 0x00, 0x3F, 0xF8, 0x00, 0x00, 0x00, 0xFF,
    0xD0, 0x00, 0x00, 0x07, 0xFF, 0x40, 0x00, 0x00, 0x2F, 0xFC, 0x00, 0x00, 0x00, 0xBF, 0xF0, 0x00,
    0x00, 0x03, 0xFF, 0x80, 0x00, 0x00, 0x0F, 0xFD, 0x00, 0x00, 0x00, 0x7F, 0xF0, 0x00, 0x00, 0x02,
    0xFF, 0xC0, 0x00, 0x00, 0x0F, 0xFF, 0x00, 0x00, 0x00, 0x3F, 0xF8, 0x00, 0x00, 0x00, 0xFF, 0xD0,
    0x00, 0x00, 0x07, 0xFF, 0x00, 0x00, 0x00, 0x2F, 0xFC, 0x00, 0x00, 0x00, 0xFF, 0xF0, 0x00, 0x00,
    0x0B, 0xFF, 0xD0, 0x00, 0x02, 0xFF, 0xFF, 0xF0, 0x00, 0x2F, 0xFF, 0xFF, 0xD0, 0x00, 0xFF, 0xFF,
    0xFF, 0x00, 0x03, 0xFF, 0xFF, 0xFC, 0x00, 0x00, 0x00, 0x00, 0x00, 0xBF, 0xC0, 0x0F, 0xF8, 0x00,
    0x00, 0x02, 0xFF, 0x00, 0x7F, 0xD0, 0x00, 0x00, 0x07, 0xFE, 0x07, 0xFF, 0x00, 0x00, 0x00, 0x0F,
    0xFF, 0xFF, 0xF4, 0x00, 0x00, 0x00, 0x0F, 0xFF, 0xFF, 0x40, 0x00, 0x00, 0x00, 0x06, 0xFF, 0x90,
    0x00, 0x00, 0x00, 0x00, 0x00, 0x00, 0x00, 0x00, 0x00, 0x00, 0x00, 0x00, 0x00, 0x00, 0x00, 0x00,
    0x00, 0x07, 0xFF, 0xE0, 0x00, 0x00, 0x00, 0x00, 0x3F, 0xFF, 0x80, 0x00, 0x00, 0x00, 0x02, 0xFF,
    0xFF, 0x00, 0x00, 0x00, 0x00, 0x0F, 0xFF, 0xFC, 0x00, 0x00, 0x00, 0x00, 0xBF, 0xFF, 0xF0, 0x00,
    0x00, 0x00, 0x03, 0xFF, 0xBF, 0xC0, 0x00, 0x00, 0x00, 0x2F, 0xF9, 0xFF, 0x00, 0x00, 0x00, 0x00,
    0xFF, 0xC7, 0xFD, 0x00, 0x00, 0x00, 0x0B, 0xFE, 0x1F, 0xF4, 0x00, 0x00, 0x00, 0x3F, 0xF0, 0x7F,
    0xE0, 0x00, 0x00, 0x02, 0xFF, 0x80, 0xFF, 0x80, 0x00, 0x00, 0x0F, 0xFC, 0x03, 0xFE, 0x00, 0x00,
    0x00, 0xBF, 0xE0, 0x0F, 0xFC, 0x00, 0x00, 0x03, 0xFF, 0x00, 0x3F, 0xF0, 0x00, 0x00, 0x3F, 0xF8,
    0x00, 0xFF, 0xC0, 0x00, 0x01, 0xFF, 0xD0, 0x03, 0xFF, 0x00, 0x00, 0x0F, 0xFF, 0xFF, 0xFF, 0xFC,
    0x00, 0x00, 0x7F, 0xFF, 0xFF, 0xFF, 0xF4, 0x00, 0x03, 0xFF, 0xFF, 0xFF, 0xFF, 0xD0, 0x00, 0x1F,
    0xFF, 0xFF, 0xFF, 0xFF, 0x80, 0x00, 0xFF, 0xE5, 0x55, 0x5B, 0xFE, 0x00, 0x07, 0xFF, 0x00, 0x00,
    0x2F, 0xF8, 0x00, 0x3F, 0xF8, 0x00, 0x00, 0x7F, 0xF0, 0x01, 0xFF, 0xD0, 0x00, 0x01, 0xFF, 0xC0,
    0x0F, 0xFF, 0x00, 0x00, 0x07, 0xFF, 0x00, 0x7F, 0xF4, 0x00, 0x00, 0x0F, 0xFC, 0x03, 0xFF, 0xC0,
    0x00, 0x00, 0x3F, 0xF0, 0x00, 0x00, 0x02, 0xA8, 0x00, 0x6A, 0x40, 0x00, 0xFF, 0x00, 0x3F, 0xE0,
    0x00, 0x3F, 0xC0, 0x1F, 0xF0, 0x00, 0x0F, 0xFC, 0x1F, 0xF8, 0x00, 0x01, 0xFF, 0xFF, 0xFC, 0x00,
    0x00, 0x2F, 0xFF, 0xFC, 0x00, 0x00, 0x01, 0xBF, 0xE4, 0x00, 0x00, 0x00, 0x00, 0x00, 0x00, 0x00,
    0x00, 0x00, 0x00, 0x00, 0x00, 0x00, 0xBF, 0xE0, 0x3F, 0xE0, 0x01, 0xFF, 0xFF, 0x1F, 0xF4, 0x01,
    0xFF, 0xFF, 0xFB, 0xFC, 0x00, 0xFF, 0xFF, 0xFF, 0xFF, 0x00, 0xFF, 0xFD, 0x7F, 0xFF, 0x80, 0x7F,
    0xFC, 0x03, 0xFF, 0xE0, 0x3F, 0xFC, 0x00, 0xBF, 0xF4, 0x1F, 0xFE, 0x00, 0x1F, 0xFC, 0x0B, 0xFF,
    0x00, 0x07, 0xFF, 0x03, 0xFF, 0xC0, 0x02, 0xFF, 0x80, 0xFF, 0xE0, 0x00, 0xFF, 0xE0, 0x3F, 0xF8,
    0x00, 0x3F, 0xF4, 0x1F, 0xFD, 0x00, 0x1F, 0xFC, 0x07, 0xFF, 0x40, 0x0F, 0xFF, 0x01, 0xFF, 0xD0,
    0x07, 0xFF, 0x80, 0x3F, 0xFC, 0x03, 0xFF, 0xD0, 0x0F, 0xFF, 0x9B, 0xFF, 0xF4, 0x02, 0xFF, 0xFF,
    0xFF, 0xFC, 0x00, 0x7F, 0xFF, 0xFB, 0xFF, 0x00, 0x07, 0xFF, 0xF8, 0xFF, 0x80, 0x00, 0x6F, 0xE0,
    0x3F, 0xD0, 0x00, 0x00, 0x00, 0x00, 0x01, 0x40, 0x05, 0x00, 0x00, 0x00, 0x01, 0xFF, 0x07, 0xFC,
    0x00, 0x00, 0x00, 0x3F, 0xF0, 0xBF, 0xC0, 0x00, 0x00, 0x03, 0xFF, 0x0F, 0xFC, 0x00, 0x00, 0x00,
    0x1F, 0xD0, 0x7F, 0x40, 0x00, 0x00, 0x00, 0x00, 0x00, 0x00, 0x00, 0x00, 0x00, 0x00, 0x00, 0x00,
    0x00, 0x00, 0x00, 0x00, 0x00, 0x00, 0x00, 0x00, 0x00, 0x00, 0x07, 0xFF, 0xE0, 0x00, 0x00, 0x00,
    0x00, 0xFF, 0xFE, 0x00, 0x00, 0x00, 0x00, 0x2F, 0xFF, 0xF0, 0x00, 0x00, 0x00, 0x03, 0xFF, 0xFF,
    0x00, 0x00, 0x00, 0x00, 0xBF, 0xFF, 0xF0, 0x00, 0x00, 0x00, 0x0F, 0xFE, 0xFF, 0x00, 0x00, 0x00,
    0x02, 0xFF, 0x9F, 0xF0, 0x00, 0x00, 0x00, 0x3F, 0xF1, 0xFF, 0x40, 0x00, 0x00, 0x0B, 0xFE, 0x1F,
    0xF4, 0x00, 0x00, 0x00, 0xFF, 0xC1, 0xFF, 0x80, 0x00, 0x00, 0x2F, 0xF8, 0x0F, 0xF8, 0x00, 0x00,
    0x03, 0xFF, 0x00, 0xFF, 0x80, 0x00, 0x00, 0xBF, 0xE0, 0x0F, 0xFC, 0x00, 0x00, 0x0F, 0xFC, 0x00,
    0xFF, 0xC0, 0x00, 0x03, 0xFF, 0x80, 0x0F, 0xFC, 0x00, 0x00, 0x7F, 0xF4, 0x00, 0xFF, 0xC0, 0x00,
    0x0F, 0xFF, 0xFF, 0xFF, 0xFC, 0x00, 0x01, 0xFF, 0xFF, 0xFF, 0xFF, 0xD0, 0x00, 0x3F, 0xFF, 0xFF,
    0xFF, 0xFD, 0x00, 0x07, 0xFF, 0xFF, 0xFF, 0xFF, 0xE0, 0x00, 0xFF, 0xE5, 0x55, 0x5B, 0xFE, 0x00,
    0x1F, 0xFC, 0x00, 0x00, 0xBF, 0xE0, 0x03, 0xFF, 0x80, 0x00, 0x07, 0xFF, 0x00, 0x7F, 0xF4, 0x00,
    0x00, 0x7F, 0xF0, 0x0F, 0xFF, 0x00, 0x00, 0x07, 0xFF, 0x01, 0xFF, 0xD0, 0x00, 0x00, 0x3F, 0xF0,
    0x3F, 0xFC, 0x00, 0x00, 0x03, 0xFF, 0x00, 0x00, 0x00, 0x14, 0x00, 0x50, 0x00, 0x00, 0x7F, 0xC1,
    0xFF, 0x00, 0x00, 0x3F, 0xF0, 0xFF, 0xC0, 0x00, 0x0F, 0xFC, 0x3F, 0xF0, 0x00, 0x01, 0xFC, 0x07,
    0xF0, 0x00, 0x00, 0x00, 0x00, 0x00, 0x00, 0x00, 0x00, 0x00, 0x00, 0x00, 0x00, 0x00, 0x00, 0x00,
    0x00, 0x00, 0x02, 0xFF, 0x80, 0xFF, 0x80, 0x07, 0xFF, 0xFC, 0x7F, 0xD0, 0x07, 0xFF, 0xFF, 0xEF,
    0xF0, 0x03, 0xFF, 0xFF, 0xFF, 0xFC, 0x03, 0xFF, 0xF5, 0xFF, 0xFE, 0x01, 0xFF, 0xF0, 0x0F, 0xFF,
    0x80, 0xFF, 0xF0, 0x02, 0xFF, 0xD0, 0x7F, 0xF8, 0x00, 0x7F, 0xF0, 0x2F, 0xFC, 0x00, 0x1F, 0xFC,
    0x0F, 0xFF, 0x00, 0x0B, 0xFE, 0x03, 0xFF, 0x80, 0x03, 0xFF, 0x80, 0xFF, 0xE0, 0x00, 0xFF, 0xD0,
    0x7F, 0xF4, 0x00, 0x7F, 0xF0, 0x1F, 0xFD, 0x00, 0x3F, 0xFC, 0x07, 0xFF, 0x40, 0x1F, 0xFE, 0x00,
    0xFF, 0xF0, 0x0F, 0xFF, 0x40, 0x3F, 0xFE, 0x6F, 0xFF, 0xD0, 0x0B, 0xFF, 0xFF, 0xFF, 0xF0, 0x01,
    0xFF, 0xFF, 0xEF, 0xFC, 0x00, 0x1F, 0xFF, 0xE3, 0xFE, 0x00, 0x01, 0xBF, 0x80, 0xFF, 0x40, 0x00,
    0x00, 0x00, 0x00, 0x00, 0x2F, 0xFF, 0xFF, 0xFF, 0xFF, 0xE0, 0x00, 0x00, 0x00, 0x07, 0xFF, 0xFF,
    0xFF, 0xFF, 0xFE, 0x00, 0x00, 0x00, 0x00, 0xFF, 0xFF, 0xFF, 0xFF, 0xFF, 0xD0, 0x00, 0x00, 0x00,
    0x2F, 0xFF, 0xFF, 0xFF, 0xFF, 0xFC, 0x00, 0x00, 0x00, 0x03, 0xFF, 0x9F, 0xFE, 0x55, 0x55, 0x40,
    0x00, 0x00, 0x00, 0xFF, 0xF1, 0xFF, 0xD0, 0x00, 0x00, 0x00, 0x00, 0x00, 0x1F, 0xFC, 0x2F, 0xFC,
    0x00, 0x00, 0x00, 0x00, 0x00, 0x03, 0xFF, 0x82, 0xFF, 0xC0, 0x00, 0x00, 0x00, 0x00, 0x00, 0xBF,
    0xF0, 0x3F, 0xF8, 0x00, 0x00, 0x00, 0x00, 0x00, 0x1F, 0xFD, 0x03, 0xFF, 0x40, 0x00, 0x00, 0x00,
    0x00, 0x03, 0xFF, 0xC0, 0x7F, 0xF9, 0x55, 0x54, 0x00, 0x00, 0x00, 0xBF, 0xF4, 0x0B, 0xFF, 0xFF,
    0xFF, 0xC0, 0x00, 0x00, 0x0F, 0xFF, 0x00, 0xBF, 0xFF, 0xFF, 0xF8, 0x00, 0x00, 0x03, 0xFF, 0xC0,
    0x0F, 0xFF, 0xFF, 0xFF, 0x40, 0x00, 0x00, 0x7F, 0xF8, 0x00, 0xFF, 0xFF, 0xFF, 0xF0, 0x00, 0x00,
    0x0F, 0xFF, 0x00, 0x1F, 0xFC, 0x00, 0x00, 0x00, 0x00, 0x02, 0xFF, 0xFF, 0xFF, 0xFF, 0xC0, 0x00,
    0x00, 0x00, 0x00, 0x7F, 0xFF, 0xFF, 0xFF, 0xFC, 0x00, 0x00, 0x00, 0x00, 0x0F, 0xFF, 0xFF, 0xFF,
    0xFF, 0x80, 0x00, 0x00, 0x00, 0x02, 0xFF, 0xFF, 0xFF, 0xFF, 0xF4, 0x00, 0x00, 0x00, 0x00, 0x3F,
    0xF9, 0x55, 0x5B, 0xFF, 0x00, 0x00, 0x00, 0x00, 0x0F, 0xFF, 0x00, 0x00, 0xBF, 0xF0, 0x00, 0x00,
    0x00, 0x01, 0xFF, 0xD0, 0x00, 0x0F, 0xFF, 0x55, 0x55, 0x40, 0x00, 0x3F, 0xFC, 0x00, 0x00, 0xFF,
    0xFF, 0xFF, 0xFC, 0x00, 0x0B, 0xFF, 0x40, 0x00, 0x1F, 0xFF, 0xFF, 0xFF, 0x80, 0x01, 0xFF, 0xE0,
    0x00, 0x01, 0xFF, 0xFF, 0xFF, 0xF8, 0x00, 0x3F, 0xFC, 0x00, 0x00, 0x2F, 0xFF, 0xFF, 0xFF, 0x40,
    0x00, 0x00, 0x02, 0xFF, 0x40, 0xFE, 0x1B, 0xFD, 0x00, 0x00, 0x7F, 0xFF, 0xC7, 0xFB, 0xFF, 0xFF,
    0x00, 0x07, 0xFF, 0xFF, 0xAF, 0xFF, 0xFF, 0xFF, 0x00, 0x7F, 0xFF, 0xFF, 0xFF, 0xFF, 0xFF, 0xFD,
    0x03, 0xFF, 0xF5, 0xFF, 0xFF, 0xF9, 0xBF, 0xF8, 0x1F, 0xFE, 0x00, 0xFF, 0xFE, 0x00, 0xBF, 0xE0,
    0xFF, 0xF0, 0x02, 0xFF, 0xF0, 0x02, 0xFF, 0x87, 0xFF, 0x40, 0x0B, 0xFF, 0x00, 0x1F, 0xFE, 0x2F,
    0xFC, 0x00, 0x2F, 0xFC, 0x06, 0xFF, 0xF0, 0xFF, 0xE0, 0x00, 0xBF, 0xFF, 0xFF, 0xFF, 0x83, 0xFF,
    0x80, 0x03, 0xFF, 0xFF, 0xFF, 0xFC, 0x0F, 0xFD, 0x00, 0x0F, 0xFF, 0xFF, 0xFF, 0x80, 0x7F, 0xF4,
    0x00, 0x7F, 0xFF, 0xFF, 0x90, 0x01, 0xFF, 0xC0, 0x03, 0xFF, 0xD5, 0x00, 0x00, 0x07, 0xFF, 0x40,
    0x2F, 0xFF, 0x00, 0x00, 0x00, 0x0F, 0xFF, 0x01, 0xFF, 0xFE, 0x00, 0x00, 0x40, 0x3F, 0xFF, 0xBF,
    0xFF, 0xFF, 0x55, 0xBE, 0x00, 0xBF, 0xFF, 0xFF, 0xFF, 0xFF, 0xFF, 0xF8, 0x00, 0xFF, 0xFF, 0xDF,
    0xFF, 0xFF, 0xFF, 0xE0, 0x01, 0xFF, 0xFD, 0x3F, 0xBF, 0xFF, 0xFF, 0x80, 0x00, 0xBF, 0x80, 0xFD,
    0x1B, 0xFF, 0x90, 0x00, 0x00, 0x00, 0xBF, 0xC0, 0x0F, 0xF8, 0x00, 0x02, 0xFF, 0x00, 0x7F, 0xD0,
    0x00, 0x07, 0xFE, 0x07, 0xFF, 0x00, 0x00, 0x0F, 0xFF, 0xFF, 0xF0, 0x00, 0x00, 0x0F, 0xFF, 0xFF,
    0x40, 0x00, 0x00, 0x06, 0xFF, 0x90, 0x00, 0x00, 0x00, 0x00, 0x00, 0x00, 0x00, 0x00, 0x00, 0x00,
    0x00, 0x00, 0x00, 0x07, 0xFF, 0xFF, 0xFF, 0xE0, 0x00, 0x2F, 0xFF, 0xFF, 0xFF, 0x40, 0x00, 0xFF,
    0xFF, 0xFF, 0xFC, 0x00, 0x03, 0xFF, 0xFF, 0xFF, 0xF0, 0x00, 0x1F, 0xFE, 0x55, 0x55, 0x00, 0x00,
    0xBF, 0xF0, 0x00, 0x00, 0x00, 0x02, 0xFF, 0xC0, 0x00, 0x00, 0x00, 0x0F, 0xFE, 0x00, 0x00, 0x00,
    0x00, 0x3F, 0xF8, 0x00, 0x00, 0x00, 0x01, 0xFF, 0xD0, 0x00, 0x00, 0x00, 0x0B, 0xFF, 0x00, 0x00,
    0x00, 0x00, 0x3F, 0xFF, 0xFF, 0xFE, 0x00, 0x00, 0xFF, 0xFF, 0xFF, 0xF4, 0x00, 0x03, 0xFF, 0xFF,
    0xFF, 0xC0, 0x00, 0x1F, 0xFF, 0xFF, 0xFF, 0x00, 0x00, 0xBF, 0xF5, 0x55, 0x54, 0x00, 0x03, 0xFF,
    0xC0, 0x00, 0x00, 0x00, 0x0F, 0xFE, 0x00, 0x00, 0x00, 0x00, 0x3F, 0xF4, 0x00, 0x00, 0x00, 0x01,
    0xFF, 0xC0, 0x00, 0x00, 0x00, 0x0B, 0xFF, 0x00, 0x00, 0x00, 0x00, 0x3F, 0xFC, 0x00, 0x00, 0x00,
    0x00, 0xFF, 0xF5, 0x55, 0x54, 0x00, 0x07, 0xFF, 0xFF, 0xFF, 0xF0, 0x00, 0x2F, 0xFF, 0xFF, 0xFF,
    0x80, 0x00, 0xBF, 0xFF, 0xFF, 0xFD, 0x00, 0x03, 0xFF, 0xFF, 0xFF, 0xF0, 0x00, 0x00, 0x00, 0x01,
    0xA8, 0x00, 0x6A, 0x40, 0x00, 0x3F, 0xD0, 0x0B, 0xFC, 0x00, 0x03, 0xFD, 0x00, 0xFF, 0x40, 0x00,
    0x2F, 0xF0, 0x3F, 0xF0, 0x00, 0x00, 0xFF, 0xFF, 0xFD, 0x00, 0x00, 0x07, 0xFF, 0xFF, 0x40, 0x00,
    0x00, 0x0B, 0xFF, 0x80, 0x00, 0x00, 0x00, 0x00, 0x00, 0x00, 0x00, 0x00, 0x00, 0x00, 0x00, 0x00,
    0x00, 0x06, 0xFF, 0x90, 0x00, 0x00, 0x0B, 0xFF, 0xFF, 0xC0, 0x00, 0x03, 0xFF, 0xFF, 0xFF, 0x00,
    0x00, 0xFF, 0xFF, 0xFF, 0xF4, 0x00, 0x3F, 0xFF, 0x97, 0xFF, 0xC0, 0x07, 0xFF, 0xC0, 0x1F, 0xFC,
    0x00, 0xFF, 0xF0, 0x01, 0xFF, 0xC0, 0x1F, 0xFD, 0x00, 0x3F, 0xF8, 0x02, 0xFF, 0xC0, 0x6F, 0xFF,
    0x40, 0x3F, 0xFF, 0xFF, 0xFF, 0xF0, 0x03, 0xFF, 0xFF, 0xFF, 0xFC, 0x00, 0x7F, 0xFF, 0xFF, 0xFE,
    0x00, 0x07, 0xFF, 0xFF, 0xFD, 0x00, 0x00, 0x7F, 0xF5, 0x40, 0x00, 0x00, 0x07, 0xFF, 0x40, 0x00,
    0x00, 0x00, 0x3F, 0xFC, 0x00, 0x01, 0x00, 0x03, 0xFF, 0xF9, 0x5B, 0xF0, 0x00, 0x1F, 0xFF, 0xFF,
    0xFF, 0x00, 0x00, 0xBF, 0xFF, 0xFF, 0xF0, 0x00, 0x02, 0xFF, 0xFF, 0xFD, 0x00, 0x00, 0x02, 0xFF,
    0xF9, 0x00, 0x00, 0x00, 0x06, 0xBF, 0xFE, 0x40, 0x00, 0x00, 0xFF, 0xFF, 0xFF, 0xD0, 0x00, 0x03,
    0xFF, 0xFF, 0xFF, 0xE0, 0x00, 0x0F, 0xFF, 0xFF, 0xFF, 0xE0, 0x00, 0x3F, 0x95, 0x6F, 0xFF, 0xD0,
    0x00, 0x40, 0x00, 0x0B, 0xFF, 0x80, 0x00, 0x00, 0x00, 0x0F, 0xFF, 0x00, 0x00, 0x00, 0x00, 0x1F,
    0xFD, 0x00, 0x00, 0x00, 0x00, 0x3F, 0xF4, 0x00, 0x00, 0x00, 0x00, 0xFF, 0xE0, 0x00, 0x00, 0x00,
    0x03, 0xFF, 0x80, 0x00, 0x1B, 0xFF, 0xFF, 0xFE, 0x00, 0x2F, 0xFF, 0xFF, 0xFF, 0xF4, 0x07, 0xFF,
    0xFF, 0xFF, 0xFF, 0xD0, 0xBF, 0xFF, 0xFF, 0xFF, 0xFF, 0x07, 0xFF, 0xFE, 0x55, 0x7F, 0xFC, 0x3F,
    0xFF, 0x00, 0x01, 0xFF, 0xE1, 0xFF, 0xE0, 0x00, 0x0F, 0xFF, 0x4B, 0xFF, 0x00, 0x00, 0x7F, 0xFC,
    0x2F, 0xFC, 0x00, 0x03, 0xFF, 0xD0, 0xBF, 0xF0, 0x00, 0x3F, 0xFF, 0x02, 0xFF, 0xD0, 0x03, 0xFF,
    0xF0, 0x07, 0xFF, 0xE5, 0xBF, 0xFF, 0x40, 0x0F, 0xFF, 0xFF, 0xFF, 0xF4, 0x00, 0x1F, 0xFF, 0xFF,
    0xFF, 0x40, 0x00, 0x1F, 0xFF, 0xFF, 0xE0, 0x00, 0x00, 0x06, 0xFF, 0xE4, 0x00, 0x00, 0x00, 0x00,
    0x06, 0xFF, 0xE4, 0x00, 0x00, 0xBF, 0xFF, 0xFF, 0x40, 0x00, 0xFF, 0xFF, 0xFF, 0xD0, 0x00, 0xFF,
    0xFF, 0xFF, 0xF0, 0x00, 0xFE, 0x56, 0xFF, 0xF8, 0x00, 0x40, 0x00, 0x3F, 0xFC, 0x00, 0x00, 0x00,
    0x1F, 0xFC, 0x00, 0x00, 0x00, 0x1F, 0xFC, 0x00, 0x01, 0xBF, 0xFF, 0xFC, 0x00, 0x7F, 0xFF, 0xFF,
    0xFC, 0x02, 0xFF, 0xFF, 0xFF, 0xFC, 0x0F, 0xFF, 0xFF, 0xFF, 0xFC, 0x1F, 0xFF, 0xE5, 0x7F, 0xF8,
    0x3F, 0xFD, 0x00, 0x7F, 0xF0, 0x3F, 0xF4, 0x00, 0xFF, 0xF0, 0x3F, 0xF4, 0x03, 0xFF, 0xD0, 0x3F,
    0xFD, 0x6F, 0xFF, 0x80, 0x2F, 0xFF, 0xFF, 0xFF, 0x00, 0x0F, 0xFF, 0xFF, 0xFC, 0x00, 0x07, 0xFF,
    0xFF, 0xD0, 0x00, 0x00, 0x7F, 0xF9, 0x00, 0x00, 0x00, 0x00, 0x0F, 0xD0, 0x3F, 0x40, 0x00, 0x00,
    0xFF, 0xC3, 0xFF, 0x00, 0x00, 0x03, 0xFF, 0x0F, 0xFC, 0x00, 0x00, 0x0B, 0xF4, 0x2F, 0xD0, 0x00,
    0x00, 0x01, 0x00, 0x04, 0x00, 0x00, 0x00, 0x00, 0x00, 0x00, 0x00, 0x00, 0x00, 0x00, 0x00, 0x00,
    0x00, 0x00, 0x00, 0x00, 0x00, 0x00, 0x00, 0x06, 0xBF, 0xFE, 0x40, 0x00, 0x00, 0xFF, 0xFF, 0xFF,
    0xD0, 0x00, 0x03, 0xFF, 0xFF, 0xFF, 0xE0, 0x00, 0x0F, 0xFF, 0xFF, 0xFF, 0xE0, 0x00, 0x3F, 0x95,
    0x6F, 0xFF, 0xD0, 0x00, 0x40, 0x00, 0x0B, 0xFF, 0x80, 0x00, 0x00, 0x00, 0x0F, 0xFF, 0x00, 0x00,
    0x00, 0x00, 0x1F, 0xFD, 0x00, 0x00, 0x00, 0x00, 0x3F, 0xF4, 0x00, 0x00, 0x00, 0x00, 0xFF, 0xE0,
    0x00, 0x00, 0x00, 0x03, 0xFF, 0x80, 0x00, 0x1B, 0xFF, 0xFF, 0xFE, 0x00, 0x2F, 0xFF, 0xFF, 0xFF,
    0xF4, 0x07, 0xFF, 0xFF, 0xFF, 0xFF, 0xD0, 0xBF, 0xFF, 0xFF, 0xFF, 0xFF, 0x07, 0xFF, 0xFE, 0x55,
    0x7F, 0xFC, 0x3F, 0xFF, 0x00, 0x01, 0xFF, 0xE1, 0xFF, 0xE0, 0x00, 0x0F, 0xFF, 0x4B, 0xFF, 0x00,
    0x00, 0x7F, 0xFC, 0x2F, 0xFC, 0x00, 0x03, 0xFF, 0xD0, 0xBF, 0xF0, 0x00, 0x3F, 0xFF, 0x02, 0xFF,
    0xD0, 0x03, 0xFF, 0xF0, 0x07, 0xFF, 0xE5, 0xBF, 0xFF, 0x40, 0x0F, 0xFF, 0xFF, 0xFF, 0xF4, 0x00,
    0x1F, 0xFF, 0xFF, 0xFF, 0x40, 0x00, 0x1F, 0xFF, 0xFF, 0xE0, 0x00, 0x00, 0x06, 0xFF, 0xE4, 0x00,
    0x00, 0x00, 0x00, 0x00, 0x14, 0x00, 0x50, 0x00, 0x01, 0xFF, 0x07, 0xFC, 0x00, 0x03, 0xFF, 0x0F,
    0xFC, 0x00, 0x03, 0xFF, 0x0F, 0xFC, 0x00, 0x01, 0xFC, 0x07, 0xF0, 0x00, 0x00, 0x00, 0x00, 0x00,
    0x00, 0x00, 0x00, 0x00, 0x00, 0x00, 0x00, 0x00, 0x00, 0x00, 0x00, 0x06, 0xFF, 0xE4, 0x00, 0x00,
    0xBF, 0xFF, 0xFF, 0x40, 0x00, 0xFF, 0xFF, 0xFF, 0xD0, 0x00, 0xFF, 0xFF, 0xFF, 0xF0, 0x00, 0xFE,
    0x56, 0xFF, 0xF8, 0x00, 0x40, 0x00, 0x3F, 0xFC, 0x00, 0x00, 0x00, 0x1F, 0xFC, 0x00, 0x00, 0x00,
    0x1F, 0xFC, 0x00, 0x01, 0xBF, 0xFF, 0xFC, 0x00, 0x7F, 0xFF, 0xFF, 0xFC, 0x02, 0xFF, 0xFF, 0xFF,
    0xFC, 0x0F, 0xFF, 0xFF, 0xFF, 0xFC, 0x1F, 0xFF, 0xE5, 0x7F, 0xF8, 0x3F, 0xFD, 0x00, 0x7F, 0xF0,
    0x3F, 0xF4, 0x00, 0xFF, 0xF0, 0x3F, 0xF4, 0x03, 0xFF, 0xD0, 0x3F, 0xFD, 0x6F, 0xFF, 0x80, 0x2F,
    0xFF, 0xFF, 0xFF, 0x00, 0x0F, 0xFF, 0xFF, 0xFC, 0x00, 0x07, 0xFF, 0xFF, 0xD0, 0x00, 0x00, 0x7F,
    0xF9, 0x00, 0x00, 0x00, 0x00, 0x00, 0x00, 0x00, 0x10, 0x00, 0x40, 0x00, 0x00, 0x00, 0x00, 0x00,
    0x00, 0x03, 0xFD, 0x0F, 0xF4, 0x00, 0x00, 0x00, 0x00, 0x00, 0x00, 0x07, 0xFE, 0x1F, 0xF8, 0x00,
    0x00, 0x00, 0x00, 0x00, 0x00, 0x07, 0xFD, 0x1F, 0xF4, 0x00, 0x00, 0x00, 0x00, 0x00, 0x00, 0x02,
    0xF8, 0x0B, 0xE0, 0x00, 0x00, 0x00, 0x00, 0x00, 0x00, 0x00, 0x00, 0x00, 0x00, 0x00, 0x00, 0x00,
    0x00, 0x00, 0x00, 0x00, 0x00, 0x00, 0x00, 0x00, 0x00, 0x00, 0x00, 0x00, 0x00, 0x00, 0x00, 0x00,
    0x00, 0x00, 0x00, 0x00, 0x01, 0xFF, 0xC0, 0x00, 0x3F, 0xF4, 0x00, 0x3F, 0xFD, 0x00, 0x00, 0xFF,
    0xD0, 0x00, 0x3F, 0xF0, 0x00, 0xBF, 0xF8, 0x00, 0x00, 0x7F, 0xF0, 0x00, 0x7F, 0xF0, 0x01, 0xFF,
    0xF0, 0x00, 0x00, 0x3F, 0xF4, 0x00, 0xBF, 0xE0, 0x03, 0xFF, 0xC0, 0x00, 0x00, 0x2F, 0xFC, 0x00,
    0xFF, 0xE0, 0x0F, 0xFF, 0x40, 0x00, 0x00, 0x0F, 0xFC, 0x00, 0xFF, 0xD0, 0x2F, 0xFE, 0x00, 0x00,
    0x00, 0x0B, 0xFE, 0x01, 0xFF, 0xC0, 0x7F, 0xF8, 0x00, 0x00, 0x00, 0x03, 0xFF, 0x01, 0xFF, 0xC0,
    0xFF, 0xF0, 0x00, 0x00, 0x00, 0x03, 0xFF, 0x82, 0xFF, 0x83, 0xFF, 0xC0, 0x00, 0x00, 0x00, 0x01,
    0xFF, 0xC3, 0xFF, 0x4B, 0xFF, 0x40, 0x00, 0x00, 0x00, 0x00, 0xFF, 0xE7, 0xFF, 0xAF, 0xFE, 0x00,
    0x00, 0x00, 0x00, 0x00, 0x7F, 0xFF, 0xFF, 0xFF, 0xFC, 0x00, 0x00, 0x00, 0x00, 0x00, 0xBF, 0xFF,
    0xFF, 0xFF, 0xF0, 0x00, 0x00, 0x00, 0x00, 0x02, 0xFF, 0xFF, 0xFF, 0xFF, 0xF0, 0x00, 0x00, 0x00,
    0x00, 0x07, 0xFF, 0xFF, 0xFF, 0xFF, 0xF4, 0x00, 0x00, 0x00, 0x00, 0x0F, 0xFF, 0x8F, 0xFC, 0x3F,
    0xF8, 0x00, 0x00, 0x00, 0x00, 0x3F, 0xFF, 0x1F, 0xFC, 0x3F, 0xFC, 0x00, 0x00, 0x00, 0x00, 0xBF,
    0xFC, 0x2F, 0xFC, 0x2F, 0xFD, 0x00, 0x00, 0x00, 0x01, 0xFF, 0xF4, 0x3F, 0xF8, 0x0F, 0xFE, 0x00,
    0x00, 0x00, 0x03, 0xFF, 0xE0, 0x3F, 0xF4, 0x0F, 0xFF, 0x00, 0x00, 0x00, 0x0F, 0xFF, 0xC0, 0x3F,
    0xF0, 0x0B, 0xFF, 0x40, 0x00, 0x00, 0x2F, 0xFF, 0x00, 0x7F, 0xF0, 0x07, 0xFF, 0x80, 0x00, 0x00,
    0xBF, 0xFD, 0x00, 0xBF, 0xF0, 0x03, 0xFF, 0xC0, 0x00, 0x01, 0xFF, 0xF8, 0x00, 0xFF, 0xE0, 0x02,
    0xFF, 0xD0, 0x00, 0x03, 0xFF, 0xF0, 0x00, 0xFF, 0xD0, 0x01, 0xFF, 0xF0, 0x00, 0x0F, 0xFF, 0xC0,
    0x00, 0xFF, 0xC0, 0x00, 0xFF, 0xF0, 0x00, 0x2F, 0xFF, 0x40, 0x01, 0xFF, 0xC0, 0x00, 0xBF, 0xF4,
    0x00, 0x00, 0x00, 0x00, 0x00, 0x05, 0x00, 0x14, 0x00, 0x00, 0x00, 0x00, 0x00, 0x00, 0x07, 0xFC,
    0x1F, 0xF0, 0x00, 0x00, 0x00, 0x00, 0x00, 0x00, 0xFF, 0xC3, 0xFF, 0x00, 0x00, 0x00, 0x00, 0x00,
    0x00, 0x0F, 0xFC, 0x3F, 0xF0, 0x00, 0x00, 0x00, 0x00, 0x00, 0x00, 0x7F, 0x01, 0xFD, 0x00, 0x00,
    0x00, 0x00, 0x00, 0x00, 0x00, 0x00, 0x00, 0x00, 0x00, 0x00, 0x00, 0x00, 0x00, 0x00, 0x00, 0x00,
    0x00, 0x00, 0x00, 0x00, 0x00, 0x00, 0x00, 0x00, 0x00, 0x00, 0x00, 0x00, 0x00, 0x00, 0xFF, 0xE0,
    0x00, 0x0B, 0xFE, 0x00, 0x02, 0xFF, 0xD0, 0x0F, 0xFF, 0xD0, 0x00, 0xFF, 0xD0, 0x02, 0xFF, 0xFC,
    0x00, 0xFF, 0xFF, 0x40, 0x0F, 0xFC, 0x00, 0xFF, 0xFF, 0x80, 0x0F, 0xFF, 0xFC, 0x01, 0xFF, 0xC0,
    0x3F, 0xFF, 0xF4, 0x00, 0x57, 0xFF, 0xD0, 0x2F, 0xFC, 0x0B, 0xFF, 0xE5, 0x00, 0x00, 0x0F, 0xFE,
    0x02, 0xFF, 0x80, 0xFF, 0xF0, 0x00, 0x00, 0x00, 0xFF, 0xE0, 0x3F, 0xF4, 0x2F, 0xFC, 0x00, 0x00,
    0x00, 0x0B, 0xFF, 0x03, 0xFF, 0x03, 0xFF, 0x80, 0x00, 0x00, 0x00, 0xBF, 0xFF, 0xFF, 0xFF, 0xFF,
    0xF0, 0x00, 0x00, 0x00, 0x0B, 0xFF, 0xFF, 0xFF, 0xFF, 0xFF, 0x00, 0x00, 0x00, 0x00, 0xFF, 0xFF,
    0xFF, 0xFF, 0xFF, 0xE0, 0x00, 0x00, 0x00, 0x0F, 0xFF, 0xFF, 0xFF, 0xFF, 0xFD, 0x00, 0x00, 0x00,
    0x01, 0xFF, 0xD6, 0xFF, 0xD5, 0xFF, 0xD0, 0x00, 0x00, 0x00, 0x2F, 0xFC, 0x1F, 0xFC, 0x0F, 0xFD,
    0x00, 0x00, 0x00, 0x07, 0xFF, 0x42, 0xFF, 0x80, 0xFF, 0xE0, 0x00, 0x00, 0x00, 0xFF, 0xF0, 0x3F,
    0xF4, 0x0F, 0xFF, 0x00, 0x00, 0x05, 0xBF, 0xFD, 0x03, 0xFF, 0x40, 0xBF, 0xFD, 0x50, 0x02, 0xFF,
    0xFF, 0x80, 0x3F, 0xF0, 0x03, 0xFF, 0xFF, 0x00, 0x3F, 0xFF, 0xE0, 0x07, 0xFF, 0x00, 0x2F, 0xFF,
    0xF0, 0x03, 0xFF, 0xF4, 0x00, 0xBF, 0xE0, 0x00, 0xBF, 0xFF, 0x00, 0xBF, 0xE4, 0x00, 0x0F, 0xFD,
    0x00, 0x01, 0xBF, 0xF0, 0x00, 0x00, 0x00, 0x2F, 0x80, 0xBF, 0x00, 0x00, 0x07, 0xFD, 0x1F, 0xF4,
    0x00, 0x00, 0xBF, 0xD2, 0xFF, 0x40, 0x00, 0x07, 0xFC, 0x1F, 0xF0, 0x00, 0x00, 0x05, 0x00, 0x14,
    0x00, 0x00, 0x00, 0x00, 0x00, 0x00, 0x00, 0x00, 0x00, 0x00, 0x00, 0x00, 0x00, 0x00, 0x00, 0x00,
    0x00, 0x00, 0x01, 0xBF, 0xFE, 0x40, 0x00, 0x0B, 0xFF, 0xFF, 0xFF, 0x40, 0x00, 0xFF, 0xFF, 0xFF,
    0xFE, 0x00, 0x0B, 0xFF, 0xFF, 0xFF, 0xF4, 0x00, 0x3F, 0xE5, 0x6F, 0xFF, 0xC0, 0x01, 0x40, 0x00,
    0x7F, 0xFC, 0x00, 0x00, 0x00, 0x02, 0xFF, 0xC0, 0x00, 0x00, 0x00, 0x2F, 0xFC, 0x00, 0x00, 0x00,
    0x03, 0xFF, 0xC0, 0x00, 0x00, 0x00, 0xBF, 0xF4, 0x00, 0x01, 0x56, 0xBF, 0xFE, 0x00, 0x00, 0xFF,
    0xFF, 0xFF, 0x40, 0x00, 0x0F, 0xFF, 0xF9, 0x00, 0x00, 0x01, 0xFF, 0xFF, 0xF4, 0x00, 0x00, 0x1F,
    0xFF, 0xFF, 0xE0, 0x00, 0x00, 0x00, 0x6F, 0xFF, 0x40, 0x00, 0x00, 0x00, 0x3F, 0xFC, 0x00, 0x00,
    0x00, 0x02, 0xFF, 0xC0, 0x00, 0x00, 0x00, 0x1F, 0xFC, 0x00, 0x00, 0x00, 0x02, 0xFF, 0xC0, 0x00,
    0x00, 0x00, 0x3F, 0xFC, 0x06, 0x00, 0x00, 0x0F, 0xFF, 0x80, 0x7F, 0x95, 0x6F, 0xFF, 0xF0, 0x07,
    0xFF, 0xFF, 0xFF, 0xFE, 0x00, 0x7F, 0xFF, 0xFF, 0xFF, 0x80, 0x07, 0xFF, 0xFF, 0xFF, 0xD0, 0x00,
    0x06, 0xFF, 0xFE, 0x80, 0x00, 0x00, 0x00, 0x00, 0x50, 0x01, 0x40, 0x00, 0x0F, 0xF0, 0x3F, 0xC0,
    0x00, 0xBF, 0xD2, 0xFF, 0x40, 0x02, 0xFF, 0x0B, 0xFC, 0x00, 0x03, 0xF4, 0x0F, 0xD0, 0x00, 0x00,
    0x00, 0x00, 0x00, 0x00, 0x00, 0x00, 0x00, 0x00, 0x00, 0x00, 0x00, 0x00, 0x00, 0x1B, 0xFF, 0xE0,
    0x00, 0x0F, 0xFF, 0xFF, 0xF8, 0x00, 0x3F, 0xFF, 0xFF, 0xF8, 0x00, 0x7F, 0xFF, 0xFF, 0xF4, 0x00,
    0xF9, 0x57, 0xFF, 0xE0, 0x00, 0x00, 0x03, 0xFF, 0x80, 0x00, 0x00, 0x0F, 0xFE, 0x00, 0x00, 0x01,
    0xBF, 0xF0, 0x00, 0x3F, 0xFF, 0xFF, 0x40, 0x00, 0xFF, 0xFF, 0xE0, 0x00, 0x03, 0xFF, 0xFE, 0x00,
    0x00, 0x1F, 0xFF, 0xFF, 0x40, 0x00, 0x15, 0x6F, 0xFF, 0x00, 0x00, 0x00, 0x1F, 0xFD, 0x00, 0x00,
    0x00, 0x3F, 0xF4, 0x00, 0x00, 0x02, 0xFF, 0xD0, 0x7E, 0x55, 0xBF, 0xFF, 0x01, 0xFF, 0xFF, 0xFF,
    0xF8, 0x07, 0xFF, 0xFF, 0xFF, 0xC0, 0x1F, 0xFF, 0xFF, 0xF8, 0x00, 0x1B, 0xFF, 0xF9, 0x00, 0x00,
    0x00, 0x0B, 0xFF, 0xFF, 0xFF, 0xF0, 0x00, 0x3F, 0xFF, 0xFF, 0xFF, 0xC0, 0x00, 0xFF, 0xFF, 0xFF,
    0xFE, 0x00, 0x07, 0xFF, 0xFF, 0xFF, 0xF4, 0x00, 0x05, 0x55, 0x6F, 0xFF, 0x40, 0x00, 0x00, 0x01,
    0xFF, 0xF4, 0x00, 0x00, 0x00, 0x1F, 0xFF, 0x00, 0x00, 0x00, 0x01, 0xFF, 0xF0, 0x00, 0x00, 0x00,
    0x1F, 0xFF, 0x00, 0x00, 0x00, 0x02, 0xFF, 0xE0, 0x00, 0x00, 0x00, 0x2F, 0xFE, 0x00, 0x00, 0x00,
    0x00, 0xFF, 0xFE, 0x40, 0x00, 0x00, 0x07, 0xFF, 0xFF, 0xC0, 0x00, 0x00, 0x2F, 0xFF, 0xFF, 0xC0,
    0x00, 0x00, 0x6A, 0xBF, 0xFF, 0x80, 0x00, 0x00, 0x00, 0x1F, 0xFF, 0x00, 0x00, 0x00, 0x00, 0x2F,
    0xFD, 0x00, 0x00, 0x00, 0x00, 0x7F, 0xF4, 0x00, 0x00, 0x00, 0x00, 0xFF, 0xD0, 0x00, 0x00, 0x00,
    0x07, 0xFF, 0x40, 0x00, 0x00, 0x00, 0x3F, 0xFC, 0x00, 0xD0, 0x00, 0x03, 0xFF, 0xF0, 0x03, 0xFE,
    0x55, 0xBF, 0xFF, 0x40, 0x0F, 0xFF, 0xFF, 0xFF, 0xF8, 0x00, 0x3F, 0xFF, 0xFF, 0xFF, 0x80, 0x00,
    0xFF, 0xFF, 0xFF, 0xF0, 0x00, 0x00, 0x1B, 0xFF, 0xE4, 0x00, 0x00, 0x00, 0x00, 0x0F, 0xFF, 0xFF,
    0xFF, 0xD0, 0x01, 0xFF, 0xFF, 0xFF, 0xFD, 0x00, 0x2F, 0xFF, 0xFF, 0xFF, 0xC0, 0x03, 0xFF, 0xFF,
    0xFF, 0xFC, 0x00, 0x15, 0x55, 0x6F, 0xFF, 0x00, 0x00, 0x00, 0x07, 0xFF, 0xC0, 0x00, 0x00, 0x01,
    0xFF, 0xF0, 0x00, 0x00, 0x00, 0x7F, 0xFC, 0x00, 0x00, 0x00, 0x1F, 0xFE, 0x00, 0x00, 0x00, 0x07,
    0xFF, 0x80, 0x00, 0x00, 0x01, 0xFF, 0xE0, 0x00, 0x00, 0x00, 0x3F, 0xF8, 0x00, 0x00, 0x00, 0x0B,
    0xFF, 0xE4, 0x00, 0x00, 0x00, 0xFF, 0xFF, 0xF0, 0x00, 0x00, 0x0F, 0xFF, 0xFF, 0xC0, 0x00, 0x00,
    0xAB, 0xFF, 0xFF, 0x00, 0x00, 0x00, 0x02, 0xFF, 0xF4, 0x00, 0x00, 0x00, 0x0B, 0xFF, 0x80, 0x00,
    0x00, 0x00, 0x3F, 0xF8, 0x00, 0x00, 0x00, 0x03, 0xFF, 0xC0, 0x00, 0x00, 0x00, 0x3F, 0xF8, 0x00,
    0x00, 0x00, 0x03, 0xFF, 0x80, 0x00, 0x00, 0x00, 0xBF, 0xF4, 0x00, 0x00, 0x00, 0x0F, 0xFF, 0x00,
    0xA0, 0x00, 0x07, 0xFF, 0xE0, 0x0B, 0xF9, 0x5B, 0xFF, 0xFC, 0x00, 0xBF, 0xFF, 0xFF, 0xFF, 0x00,
    0x0B, 0xFF, 0xFF, 0xFF, 0xC0, 0x00, 0xBF, 0xFF, 0xFF, 0xE0, 0x00, 0x00, 0x6F, 0xFF, 0x90, 0x00,
    0x00, 0x00, 0x00, 0x00, 0xFF, 0xFF, 0xFD, 0x00, 0x00, 0x00, 0x03, 0xFF, 0xFF, 0xF0, 0x00, 0x00,
    0x00, 0x1F, 0xFF, 0xFF, 0xC0, 0x00, 0x00, 0x00, 0xBF, 0xFF, 0xFF, 0x00, 0x00, 0x00, 0x00, 0x00,
    0x00, 0x00, 0x00, 0x00, 0x00, 0x00, 0x00, 0x00, 0x00, 0x00, 0x00, 0xBF, 0xE0, 0x00, 0x1F, 0xFF,
    0x80, 0x03, 0xFF, 0x40, 0x00, 0xFF, 0xFD, 0x00, 0x0F, 0xFC, 0x00, 0x0F, 0xFF, 0xF4, 0x00, 0x7F,
    0xF0, 0x00, 0x7F, 0xFF, 0xC0, 0x02, 0xFF, 0x80, 0x03, 0xFF, 0xFF, 0x00, 0x0B, 0xFD, 0x00, 0x2F,
    0xFF, 0xF8, 0x00, 0x3F, 0xF4, 0x01, 0xFF, 0xFF, 0xD0, 0x00, 0xFF, 0xC0, 0x0F, 0xFF, 0xFF, 0x00,
    0x07, 0xFF, 0x00, 0xBF, 0xDF, 0xFC, 0x00, 0x2F, 0xF8, 0x03, 0xFE, 0x7F, 0xF0, 0x00, 0xFF, 0xD0,
    0x3F, 0xF2, 0xFF, 0x80, 0x03, 0xFF, 0x02, 0xFF, 0x4F, 0xFD, 0x00, 0x0F, 0xFC, 0x0F, 0xFC, 0x3F,
    0xF0, 0x00, 0x7F, 0xF0, 0xFF, 0xC0, 0xFF, 0xC0, 0x02, 0xFF, 0x87, 0xFE, 0x07, 0xFF, 0x00, 0x0F,
    0xFD, 0x3F, 0xF0, 0x2F, 0xF8, 0x00, 0x3F, 0xF2, 0xFF, 0x40, 0xFF, 0xD0, 0x00, 0xFF, 0xDF, 0xF8,
    0x03, 0xFF, 0x00, 0x07, 0xFE, 0xFF, 0xC0, 0x1F, 0xFC, 0x00, 0x2F, 0xFF, 0xFD, 0x00, 0xBF, 0xE0,
    0x00, 0xFF, 0xFF, 0xF0, 0x02, 0xFF, 0x40, 0x03, 0xFF, 0xFF, 0x00, 0x0F, 0xFD, 0x00, 0x1F, 0xFF,
    0xF8, 0x00, 0x3F, 0xF0, 0x00, 0xBF, 0xFF, 0xC0, 0x01, 0xFF, 0xC0, 0x02, 0xFF, 0xFD, 0x00, 0x0B,
    0xFE, 0x00, 0x0F, 0xFF, 0xE0, 0x00, 0x3F, 0xF4, 0x00, 0x3F, 0xFF, 0x00, 0x00, 0xFF, 0xC0, 0x00,
    0x00, 0x07, 0xFF, 0xFF, 0xF0, 0x00, 0x02, 0xFF, 0xFF, 0xFC, 0x00, 0x00, 0xFF, 0xFF, 0xFE, 0x00,
    0x00, 0x3F, 0xFF, 0xFF, 0x40, 0x00, 0x00, 0x00, 0x00, 0x00, 0x00, 0x00, 0x00, 0x00, 0x00, 0x00,
    0x7F, 0xF0, 0x00, 0xBF, 0xF0, 0x2F, 0xFC, 0x00, 0x3F, 0xF8, 0x0B, 0xFF, 0x00, 0x0F, 0xFD, 0x03,
    0xFF, 0x80, 0x03, 0xFF, 0x40, 0xFF, 0xD0, 0x01, 0xFF, 0xC0, 0x7F, 0xF0, 0x00, 0xBF, 0xF0, 0x2F,
    0xFC, 0x00, 0x3F, 0xF8, 0x0F, 0xFF, 0x00, 0x0F, 0xFD, 0x03, 0xFF, 0x80, 0x07, 0xFF, 0x40, 0xFF,
    0xD0, 0x02, 0xFF, 0xC0, 0x7F, 0xF0, 0x00, 0xFF, 0xF0, 0x2F, 0xFC, 0x00, 0x3F, 0xF8, 0x0F, 0xFE,
    0x00, 0x1F, 0xFD, 0x03, 0xFF, 0x80, 0x0F, 0xFF, 0x00, 0xFF, 0xE0, 0x07, 0xFF, 0xC0, 0x3F, 0xF8,
    0x03, 0xFF, 0xF0, 0x0F, 0xFF, 0x9B, 0xFF, 0xF8, 0x02, 0xFF, 0xFF, 0xF7, 0xFD, 0x00, 0x7F, 0xFF,
    0xF5, 0xFF, 0x00, 0x0B, 0xFF, 0xF4, 0x7F, 0xC0, 0x00, 0x7F, 0xE0, 0x1F, 0xF0, 0x00, 0x00, 0x00,
    0x00, 0x14, 0x00, 0x50, 0x00, 0x00, 0x00, 0x03, 0xFC, 0x0F, 0xF4, 0x00, 0x00, 0x00, 0x1F, 0xF4,
    0x7F, 0xD0, 0x00, 0x00, 0x00, 0xBF, 0xD2, 0xFF, 0x40, 0x00, 0x00, 0x00, 0xFE, 0x03, 0xF8, 0x00,
    0x00, 0x00, 0x00, 0x00, 0x00, 0x00, 0x00, 0x00, 0x00, 0x00, 0x00, 0x00, 0x00, 0x00, 0x00, 0x00,
    0x00, 0x00, 0x00, 0x00, 0x00, 0x0B, 0xFE, 0x00, 0x01, 0xFF, 0xF8, 0x00, 0x3F, 0xF4, 0x00, 0x0F,
    0xFF, 0xD0, 0x00, 0xFF, 0xC0, 0x00, 0xFF, 0xFF, 0x40, 0x07, 0xFF, 0x00, 0x07, 0xFF, 0xFC, 0x00,
    0x2F, 0xF8, 0x00, 0x3F, 0xFF, 0xF0, 0x00, 0xBF, 0xD0, 0x02, 0xFF, 0xFF, 0x80, 0x03, 0xFF, 0x40,
    0x1F, 0xFF, 0xFD, 0x00, 0x0F, 0xFC, 0x00, 0xFF, 0xFF, 0xF0, 0x00, 0x7F, 0xF0, 0x0B, 0xFD, 0xFF,
    0xC0, 0x02, 0xFF, 0x80, 0x3F, 0xE7, 0xFF, 0x00, 0x0F, 0xFD, 0x03, 0xFF, 0x2F, 0xF8, 0x00, 0x3F,
    0xF0, 0x2F, 0xF4, 0xFF, 0xD0, 0x00, 0xFF, 0xC0, 0xFF, 0xC3, 0xFF, 0x00, 0x07, 0xFF, 0x0F, 0xFC,
    0x0F, 0xFC, 0x00, 0x2F, 0xF8, 0x7F, 0xE0, 0x7F, 0xF0, 0x00, 0xFF, 0xD3, 0xFF, 0x02, 0xFF, 0x80,
    0x03, 0xFF, 0x2F, 0xF4, 0x0F, 0xFD, 0x00, 0x0F, 0xFD, 0xFF, 0x80, 0x3F, 0xF0, 0x00, 0x7F, 0xEF,
    0xFC, 0x01, 0xFF, 0xC0, 0x02, 0xFF, 0xFF, 0xD0, 0x0B, 0xFE, 0x00, 0x0F, 0xFF, 0xFF, 0x00, 0x2F,
    0xF4, 0x00, 0x3F, 0xFF, 0xF0, 0x00, 0xFF, 0xD0, 0x01, 0xFF, 0xFF, 0x80, 0x03, 0xFF, 0x00, 0x0B,
    0xFF, 0xFC, 0x00, 0x1F, 0xFC, 0x00, 0x2F, 0xFF, 0xD0, 0x00, 0xBF, 0xE0, 0x00, 0xFF, 0xFE, 0x00,
    0x03, 0xFF, 0x40, 0x03, 0xFF, 0xF0, 0x00, 0x0F, 0xFC, 0x00, 0x00, 0x00, 0x00, 0x50, 0x01, 0x40,
    0x00, 0x01, 0xFF, 0x07, 0xFC, 0x00, 0x00, 0xFF, 0xC3, 0xFF, 0x00, 0x00, 0x3F, 0xF0, 0xFF, 0xC0,
    0x00, 0x07, 0xF4, 0x1F, 0xD0, 0x00, 0x00, 0x00, 0x00, 0x00, 0x00, 0x00, 0x00, 0x00, 0x00, 0x00,
    0x00, 0x00, 0x00, 0x00, 0x00, 0x07, 0xFF, 0x00, 0x0B, 0xFF, 0x02, 0xFF, 0xC0, 0x03, 0xFF, 0x80,
    0xBF, 0xF0, 0x00, 0xFF, 0xD0, 0x3F, 0xF8, 0x00, 0x3F, 0xF4, 0x0F, 0xFD, 0x00, 0x1F, 0xFC, 0x07,
    0xFF, 0x00, 0x0B, 0xFF, 0x02, 0xFF, 0xC0, 0x03, 0xFF, 0x80, 0xFF, 0xF0, 0x00, 0xFF, 0xD0, 0x3F,
    0xF8, 0x00, 0x7F, 0xF4, 0x0F, 0xFD, 0x00, 0x2F, 0xFC, 0x07, 0xFF, 0x00, 0x0F, 0xFF, 0x02, 0xFF,
    0xC0, 0x03, 0xFF, 0x80, 0xFF, 0xE0, 0x01, 0xFF, 0xD0, 0x3F, 0xF8, 0x00, 0xFF, 0xF0, 0x0F, 0xFE,
    0x00, 0x7F, 0xFC, 0x03, 0xFF, 0x80, 0x3F, 0xFF, 0x00, 0xFF, 0xF9, 0xBF, 0xFF, 0x80, 0x2F, 0xFF,
    0xFF, 0x7F, 0xD0, 0x07, 0xFF, 0xFF, 0x5F, 0xF0, 0x00, 0xBF, 0xFF, 0x47, 0xFC, 0x00, 0x07, 0xFE,
    0x01, 0xFF, 0x00, 0x00, 0x00, 0x00, 0x07, 0xF4, 0x1F, 0xD0, 0x00, 0x00, 0x03, 0xFF, 0x0F, 0xFC,
    0x00, 0x00, 0x00, 0xFF, 0xC3, 0xFF, 0x00, 0x00, 0x00, 0x3F, 0xD0, 0xFF, 0x40, 0x00, 0x00, 0x01,
    0x40, 0x05, 0x00, 0x00, 0x00, 0x00, 0x00, 0x00, 0x00, 0x00, 0x00, 0x00, 0x00, 0x00, 0x00, 0x00,
    0x00, 0x00, 0x00, 0x00, 0x00, 0x00, 0x00, 0x00, 0x06, 0xFF, 0xE4, 0x00, 0x00, 0x00, 0x2F, 0xFF,
    0xFF, 0xD0, 0x00, 0x00, 0x7F, 0xFF, 0xFF, 0xFD, 0x00, 0x00, 0xBF, 0xFF, 0xFF, 0xFF, 0xD0, 0x00,
    0xBF, 0xFF, 0x96, 0xFF, 0xFC, 0x00, 0x7F, 0xFE, 0x00, 0x0F, 0xFF, 0x40, 0x3F, 0xFD, 0x00, 0x01,
    0xFF, 0xF0, 0x2F, 0xFE, 0x00, 0x00, 0x3F, 0xFC, 0x0F, 0xFF, 0x00, 0x00, 0x0B, 0xFF, 0x07, 0xFF,
    0x80, 0x00, 0x02, 0xFF, 0xC3, 0xFF, 0xC0, 0x00, 0x00, 0xBF, 0xF0, 0xFF, 0xF0, 0x00, 0x00, 0x2F,
    0xFC, 0x7F, 0xF8, 0x00, 0x00, 0x0B, 0xFF, 0x2F, 0xFD, 0x00, 0x00, 0x03, 0xFF, 0xCB, 0xFF, 0x00,
    0x00, 0x00, 0xFF, 0xF2, 0xFF, 0xC0, 0x00, 0x00, 0x7F, 0xF8, 0xFF, 0xF0, 0x00, 0x00, 0x2F, 0xFD,
    0x3F, 0xFC, 0x00, 0x00, 0x0F, 0xFF, 0x0B, 0xFF, 0x00, 0x00, 0x07, 0xFF, 0x82, 0xFF, 0xD0, 0x00,
    0x03, 0xFF, 0xC0, 0x7F, 0xFC, 0x00, 0x03, 0xFF, 0xE0, 0x0F, 0xFF, 0x80, 0x03, 0xFF, 0xF0, 0x01,
    0xFF, 0xFE, 0x5B, 0xFF, 0xF4, 0x00, 0x3F, 0xFF, 0xFF, 0xFF, 0xF4, 0x00, 0x03, 0xFF, 0xFF, 0xFF,
    0xF4, 0x00, 0x00, 0x2F, 0xFF, 0xFF, 0xE0, 0x00, 0x00, 0x00, 0x6F, 0xFE, 0x40, 0x00, 0x00, 0x00,
    0x00, 0x10, 0x00, 0x40, 0x00, 0x02, 0xFD, 0x0B, 0xF4, 0x00, 0x07, 0xFE, 0x1F, 0xF8, 0x00, 0x07,
    0xFE, 0x1F, 0xF8, 0x00, 0x02, 0xF8, 0x0B, 0xE0, 0x00, 0x00, 0x00, 0x00, 0x00, 0x00, 0x00, 0x00,
    0x00, 0x00, 0x00, 0x00, 0x00, 0x00, 0x00, 0x00, 0x01, 0xBF, 0xF8, 0x00, 0x00, 0x0F, 0xFF, 0xFF,
    0x40, 0x00, 0x7F, 0xFF, 0xFF, 0xE0, 0x01, 0xFF, 0xFF, 0xFF, 0xF0, 0x03, 0xFF, 0xF5, 0xBF, 0xF8,
    0x0B, 0xFF, 0x80, 0x3F, 0xFC, 0x0F, 0xFF, 0x00, 0x1F, 0xFC, 0x1F, 0xFD, 0x00, 0x1F, 0xFD, 0x3F,
    0xFC, 0x00, 0x1F, 0xFD, 0x3F, 0xF8, 0x00, 0x1F, 0xFC, 0x3F, 0xF4, 0x00, 0x1F, 0xFC, 0x7F, 0xF4,
    0x00, 0x2F, 0xFC, 0x7F, 0xF0, 0x00, 0x3F, 0xFC, 0x7F, 0xF0, 0x00, 0x7F, 0xF4, 0x7F, 0xF4, 0x00,
    0xFF, 0xF0, 0x3F, 0xF8, 0x02, 0xFF, 0xE0, 0x3F, 0xFE, 0x5F, 0xFF, 0xC0, 0x1F, 0xFF, 0xFF, 0xFF,
    0x40, 0x0B, 0xFF, 0xFF, 0xFD, 0x00, 0x01, 0xFF, 0xFF, 0xF0, 0x00, 0x00, 0x2F, 0xFE, 0x40, 0x00,
    0x00, 0x00, 0x06, 0xFF, 0xE4, 0x00, 0x00, 0x00, 0x2F, 0xFF, 0xFF, 0xD0, 0x00, 0x00, 0x7F, 0xFF,
    0xFF, 0xFD, 0x00, 0x00, 0xBF, 0xFF, 0xFF, 0xFF, 0xD0, 0x00, 0xBF, 0xFF, 0x96, 0xFF, 0xFC, 0x00,
    0x7F, 0xFD, 0x00, 0x0F, 0xFF, 0x40, 0x3F, 0xFC, 0x00, 0x00, 0xFF, 0xF0, 0x2F, 0xFD, 0x00, 0x00,
    0x2F, 0xFC, 0x0F, 0xFE, 0x00, 0x00, 0x07, 0xFF, 0x07, 0xFF, 0x40, 0x00, 0x01, 0xFF, 0xC3, 0xFF,
    0xD5, 0x55, 0x55, 0xBF, 0xF0, 0xFF, 0xFF, 0xFF, 0xFF, 0xFF, 0xFC, 0x7F, 0xFF, 0xFF, 0xFF, 0xFF,
    0xFF, 0x2F, 0xFF, 0xFF, 0xFF, 0xFF, 0xFF, 0xCB, 0xFF, 0xFF, 0xFF, 0xFF, 0xFF, 0xF2, 0xFF, 0xC0,
    0x00, 0x00, 0x3F, 0xF8, 0xFF, 0xF0, 0x00, 0x00, 0x2F, 0xFD, 0x3F, 0xFC, 0x00, 0x00, 0x0F, 0xFF,
    0x0B, 0xFF, 0x00, 0x00, 0x07, 0xFF, 0x82, 0xFF, 0xC0, 0x00, 0x03, 0xFF, 0xC0, 0x7F, 0xF8, 0x00,
    0x02, 0xFF, 0xE0, 0x0F, 0xFF, 0x80, 0x03, 0xFF, 0xF0, 0x01, 0xFF, 0xFD, 0x5B, 0xFF, 0xF4, 0x00,
    0x3F, 0xFF, 0xFF, 0xFF, 0xF4, 0x00, 0x03, 0xFF, 0xFF, 0xFF, 0xF4, 0x00, 0x00, 0x2F, 0xFF, 0xFF,
    0xE0, 0x00, 0x00, 0x00, 0x6F, 0xFE, 0x40, 0x00, 0x00, 0x00, 0x01, 0xBF, 0xF8, 0x00, 0x00, 0x0F,
    0xFF, 0xFF, 0x40, 0x00, 0x7F, 0xFF, 0xFF, 0xE0, 0x01, 0xFF, 0xFF, 0xFF, 0xF0, 0x03, 0xFF, 0xE5,
    0xBF, 0xF8, 0x0B, 0xFF, 0x40, 0x2F, 0xFC, 0x0F, 0xFE, 0x00, 0x1F, 0xFC, 0x1F, 0xFC, 0x00, 0x0F,
    0xFD, 0x3F, 0xFF, 0xFF, 0xFF, 0xFD, 0x3F, 0xFF, 0xFF, 0xFF, 0xFC, 0x3F, 0xFF, 0xFF, 0xFF, 0xFC,
    0x7F, 0xFF, 0xFF, 0xFF, 0xFC, 0x7F, 0xF5, 0x55, 0x7F, 0xFC, 0x7F, 0xF0, 0x00, 0x3F, 0xF4, 0x7F,
    0xF0, 0x00, 0xBF, 0xF0, 0x3F, 0xF8, 0x01, 0xFF, 0xE0, 0x3F, 0xFE, 0x5B, 0xFF, 0xC0, 0x1F, 0xFF,
    0xFF, 0xFF, 0x40, 0x0B, 0xFF, 0xFF, 0xFD, 0x00, 0x01, 0xFF, 0xFF, 0xF0, 0x00, 0x00, 0x2F, 0xFE,
    0x40, 0x00, 0x00, 0x00, 0x0B, 0xE0, 0x2F, 0x80, 0x00, 0x00, 0x0B, 0xFC, 0x2F, 0xF0, 0x00, 0x00,
    0x03, 0xFF, 0x0F, 0xFC, 0x00, 0x00, 0x00, 0xBF, 0x82, 0xFE, 0x00, 0x00, 0x00, 0x01, 0x00, 0x04,
    0x00, 0x00, 0x00, 0x00, 0x00, 0x00, 0x00, 0x00, 0x00, 0x00, 0x00, 0x00, 0x00, 0x00, 0x00, 0x00,
    0x00, 0x00, 0x00, 0x00, 0x00, 0x00, 0x06, 0xFF, 0xE4, 0x00, 0x00, 0x00, 0x2F, 0xFF, 0xFF, 0xD0,
    0x00, 0x00, 0x7F, 0xFF, 0xFF, 0xFD, 0x00, 0x00, 0xBF, 0xFF, 0xFF, 0xFF, 0xD0, 0x00, 0xBF, 0xFF,
    0x96, 0xFF, 0xFC, 0x00, 0x7F, 0xFD, 0x00, 0x0F, 0xFF, 0x40, 0x3F, 0xFC, 0x00, 0x00, 0xFF, 0xF0,
    0x2F, 0xFD, 0x00, 0x00, 0x2F, 0xFC, 0x0F, 0xFE, 0x00, 0x00, 0x07, 0xFF, 0x07, 0xFF, 0x40, 0x00,
    0x01, 0xFF, 0xC3, 0xFF, 0xD5, 0x55, 0x55, 0xBF, 0xF0, 0xFF, 0xFF, 0xFF, 0xFF, 0xFF, 0xFC, 0x7F,
    0xFF, 0xFF, 0xFF, 0xFF, 0xFF, 0x2F, 0xFF, 0xFF, 0xFF, 0xFF, 0xFF, 0xCB, 0xFF, 0xFF, 0xFF, 0xFF,
    0xFF, 0xF2, 0xFF, 0xC0, 0x00, 0x00, 0x3F, 0xF8, 0xFF, 0xF0, 0x00, 0x00, 0x2F, 0xFD, 0x3F, 0xFC,
    0x00, 0x00, 0x0F, 0xFF, 0x0B, 0xFF, 0x00, 0x00, 0x07, 0xFF, 0x82, 0xFF, 0xC0, 0x00, 0x03, 0xFF,
    0xC0, 0x7F, 0xF8, 0x00, 0x02, 0xFF, 0xE0, 0x0F, 0xFF, 0x80, 0x03, 0xFF, 0xF0, 0x01, 0xFF, 0xFD,
    0x5B, 0xFF, 0xF4, 0x00, 0x3F, 0xFF, 0xFF, 0xFF, 0xF4, 0x00, 0x03, 0xFF, 0xFF, 0xFF, 0xF4, 0x00,
    0x00, 0x2F, 0xFF, 0xFF, 0xE0, 0x00, 0x00, 0x00, 0x6F, 0xFE, 0x40, 0x00, 0x00, 0x00, 0x00, 0x50,
    0x01, 0x40, 0x00, 0x03, 0xFC, 0x0F, 0xF0, 0x00, 0x0B, 0xFD, 0x2F, 0xF4, 0x00, 0x0F, 0xFC, 0x2F,
    0xF0, 0x00, 0x07, 0xF4, 0x1F, 0xD0, 0x00, 0x00, 0x00, 0x00, 0x00, 0x00, 0x00, 0x00, 0x00, 0x00,
    0x00, 0x00, 0x00, 0x00, 0x00, 0x00, 0x01, 0xBF, 0xF8, 0x00, 0x00, 0x0F, 0xFF, 0xFF, 0x40, 0x00,
    0x7F, 0xFF, 0xFF, 0xE0, 0x01, 0xFF, 0xFF, 0xFF, 0xF0, 0x03, 0xFF, 0xE5, 0xBF, 0xF8, 0x0B, 0xFF,
    0x40, 0x2F, 0xFC, 0x0F, 0xFE, 0x00, 0x1F, 0xFC, 0x1F, 0xFC, 0x00, 0x0F, 0xFD, 0x3F, 0xFF, 0xFF,
    0xFF, 0xFD, 0x3F, 0xFF, 0xFF, 0xFF, 0xFC, 0x3F, 0xFF, 0xFF, 0xFF, 0xFC, 0x7F, 0xFF, 0xFF, 0xFF,
    0xFC, 0x7F, 0xF5, 0x55, 0x7F, 0xFC, 0x7F, 0xF0, 0x00, 0x3F, 0xF4, 0x7F, 0xF0, 0x00, 0xBF, 0xF0,
    0x3F, 0xF8, 0x01, 0xFF, 0xE0, 0x3F, 0xFE, 0x5B, 0xFF, 0xC0, 0x1F, 0xFF, 0xFF, 0xFF, 0x40, 0x0B,
    0xFF, 0xFF, 0xFD, 0x00, 0x01, 0xFF, 0xFF, 0xF0, 0x00, 0x00, 0x2F, 0xFE, 0x40, 0x00, 0x00, 0x00,
    0x7F, 0x01, 0xFC, 0x00, 0x00, 0x03, 0xFE, 0x0F, 0xF8, 0x00, 0x00, 0x1F, 0xF8, 0x7F, 0xE0, 0x00,
    0x00, 0x3F, 0xC0, 0xFF, 0x00, 0x00, 0x00, 0x14, 0x00, 0x50, 0x00, 0x00, 0x00, 0x00, 0x00, 0x00,
    0x00, 0x00, 0x00, 0x00, 0x00, 0x00, 0x00, 0x00, 0x00, 0x00, 0x00, 0x00, 0x00, 0x01, 0xBF, 0xFE,
    0x00, 0x00, 0x01, 0xFF, 0xFF, 0xFF, 0x80, 0x00, 0x07, 0xFF, 0xFF, 0xFF, 0xC0, 0x00, 0x0F, 0xFF,
    0xFF, 0xFF, 0xC0, 0x00, 0x2F, 0x95, 0x6F, 0xFF, 0x80, 0x00, 0x50, 0x00, 0x0F, 0xFF, 0x00, 0x00,
    0x00, 0x00, 0x1F, 0xFE, 0x00, 0x00, 0x00, 0x00, 0x3F, 0xFC, 0x00, 0x00, 0x00, 0x00, 0xBF, 0xF0,
    0x00, 0x00, 0x00, 0x02, 0xFF, 0xC0, 0x00, 0x00, 0x00, 0x0B, 0xFF, 0x00, 0x01, 0xFF, 0xFF, 0xFF,
    0xFC, 0x00, 0x0B, 0xFF, 0xFF, 0xFF, 0xF0, 0x00, 0x3F, 0xFF, 0xFF, 0xFF, 0xC0, 0x00, 0xFF, 0xFF,
    0xFF, 0xFE, 0x00, 0x01, 0x55, 0x55, 0xBF, 0xF4, 0x00, 0x00, 0x00, 0x02, 0xFF, 0xC0, 0x00, 0x00,
    0x00, 0x0F, 0xFF, 0x00, 0x00, 0x00, 0x00, 0xBF, 0xF4, 0x00, 0x00, 0x00, 0x03, 0xFF, 0xC0, 0x00,
    0x00, 0x00, 0x3F, 0xFE, 0x00, 0x80, 0x00, 0x07, 0xFF, 0xF0, 0x03, 0xF9, 0x56, 0xFF, 0xFF, 0x00,
    0x0F, 0xFF, 0xFF, 0xFF, 0xF4, 0x00, 0x3F, 0xFF, 0xFF, 0xFF, 0x40, 0x00, 0xFF, 0xFF, 0xFF, 0xE0,
    0x00, 0x00, 0x6B, 0xFF, 0xE4, 0x00, 0x00, 0x00, 0x00, 0x01, 0x40, 0x05, 0x00, 0x01, 0xFF, 0x07,
    0xFC, 0x00, 0x3F, 0xF0, 0xFF, 0xC0, 0x03, 0xFF, 0x0F, 0xFC, 0x00, 0x1F, 0xD0, 0x7F, 0x40, 0x00,
    0x00, 0x00, 0x00, 0x00, 0x00, 0x00, 0x00, 0x00, 0x00, 0x00, 0x00, 0x00, 0x00, 0x6F, 0xFE, 0x00,
    0x00, 0x3F, 0xFF, 0xFE, 0x00, 0x03, 0xFF, 0xFF, 0xF8, 0x00, 0x2F, 0xFF, 0xFF, 0xD0, 0x00, 0xE5,
    0x7F, 0xFF, 0x00, 0x00, 0x00, 0xFF, 0xF0, 0x00, 0x00, 0x07, 0xFF, 0x40, 0x00, 0x00, 0x3F, 0xF4,
    0x00, 0x7F, 0xFF, 0xFF, 0x40, 0x0B, 0xFF, 0xFF, 0xF4, 0x00, 0xFF, 0xFF, 0xFF, 0x40, 0x0F, 0xFF,
    0xFF, 0xF0, 0x00, 0x55, 0x5F, 0xFF, 0x00, 0x00, 0x00, 0xFF, 0xE0, 0x00, 0x00, 0x2F, 0xFD, 0x00,
    0x00, 0x07, 0xFF, 0xC0, 0x3D, 0x5B, 0xFF, 0xF4, 0x03, 0xFF, 0xFF, 0xFE, 0x00, 0x3F, 0xFF, 0xFF,
    0x80, 0x03, 0xFF, 0xFF, 0xE0, 0x00, 0x0B, 0xFF, 0x90, 0x00, 0x00, 0x00, 0x00, 0x1F, 0xFF, 0xFF,
    0xC0, 0x00, 0x00, 0x02, 0xFF, 0xFF, 0xFC, 0x00, 0x00, 0x00, 0x3F, 0xFF, 0xFF, 0x80, 0x00, 0x00,
    0x03, 0xFF, 0xFF, 0xF4, 0x00, 0x00, 0x00, 0x00, 0x00, 0x00, 0x00, 0x00, 0x00, 0x00, 0x00, 0x00,
    0x00, 0x00, 0x02, 0xFF, 0xC0, 0x00, 0x02, 0xFF, 0xE0, 0x1F, 0xFD, 0x00, 0x00, 0x3F, 0xFC, 0x00,
    0xFF, 0xD0, 0x00, 0x0B, 0xFF, 0x40, 0x0F, 0xFE, 0x00, 0x00, 0xFF, 0xF0, 0x00, 0xBF, 0xF0, 0x00,
    0x2F, 0xFC, 0x00, 0x07, 0xFF, 0x00, 0x03, 0xFF, 0x80, 0x00, 0x3F, 0xF4, 0x00, 0xBF, 0xF0, 0x00,
    0x02, 0xFF, 0x80, 0x0F, 0xFD, 0x00, 0x00, 0x1F, 0xFC, 0x03, 0xFF, 0xC0, 0x00, 0x00, 0xFF, 0xC0,
    0x7F, 0xF4, 0x00, 0x00, 0x0F, 0xFD, 0x0F, 0xFE, 0x00, 0x00, 0x00, 0xBF, 0xE1, 0xFF, 0xC0, 0x00,
    0x00, 0x07, 0xFF, 0x3F, 0xF8, 0x00, 0x00, 0x00, 0x3F, 0xF7, 0xFF, 0x00, 0x00, 0x00, 0x03, 0xFF,
    0xFF, 0xD0, 0x00, 0x00, 0x00, 0x2F, 0xFF, 0xFC, 0x00, 0x00, 0x00, 0x01, 0xFF, 0xFF, 0x00, 0x00,
    0x00, 0x00, 0x0F, 0xFF, 0xE0, 0x00, 0x00, 0x00, 0x00, 0xFF, 0xFC, 0x00, 0x00, 0x00, 0x00, 0x0B,
    0xFF, 0x40, 0x00, 0x00, 0x00, 0x01, 0xFF, 0xF0, 0x00, 0x00, 0x00, 0x00, 0x3F, 0xFC, 0x00, 0x00,
    0x00, 0x65, 0x6F, 0xFF, 0x40, 0x00, 0x00, 0x07, 0xFF, 0xFF, 0xE0, 0x00, 0x00, 0x00, 0x7F, 0xFF,
    0xFC, 0x00, 0x00, 0x00, 0x07, 0xFF, 0xFE, 0x00, 0x00, 0x00, 0x00, 0x2F, 0xFE, 0x00, 0x00, 0x00,
    0x00, 0x00, 0x00, 0x00, 0x1F, 0xFF, 0xFF, 0xC0, 0x00, 0x00, 0x0B, 0xFF, 0xFF, 0xE0, 0x00, 0x00,
    0x03, 0xFF, 0xFF, 0xF8, 0x00, 0x00, 0x00, 0xFF, 0xFF, 0xFD, 0x00, 0x00, 0x00, 0x00, 0x00, 0x00,
    0x00, 0x00, 0x00, 0x00, 0x00, 0x00, 0x00, 0x00, 0x03, 0xFF, 0x40, 0x00, 0xFF, 0xF0, 0x00, 0xFF,
    0xD0, 0x00, 0x7F, 0xF8, 0x00, 0x3F, 0xF8, 0x00, 0x3F, 0xFC, 0x00, 0x0B, 0xFE, 0x00, 0x0F, 0xFE,
    0x00, 0x01, 0xFF, 0x80, 0x0B, 0xFF, 0x00, 0x00, 0x7F, 0xF0, 0x03, 0xFF, 0x80, 0x00, 0x0F, 0xFC,
    0x02, 0xFF, 0xC0, 0x00, 0x03, 0xFF, 0x00, 0xFF, 0xD0, 0x00, 0x00, 0xFF, 0xC0, 0xBF, 0xF0, 0x00,
    0x00, 0x3F, 0xF4, 0x3F, 0xF4, 0x00, 0x00, 0x0B, 0xFD, 0x2F, 0xFC, 0x00, 0x00, 0x01, 0xFF, 0x4F,
    0xFD, 0x00, 0x00, 0x00, 0x7F, 0xD7, 0xFF, 0x00, 0x00, 0x00, 0x0F, 0xF6, 0xFF, 0x40, 0x00, 0x00,
    0x03, 0xFE, 0xFF, 0xC0, 0x00, 0x00, 0x00, 0xFF, 0xFF, 0xD0, 0x00, 0x00, 0x00, 0x3F, 0xFF, 0xF0,
    0x00, 0x00, 0x00, 0x0B, 0xFF, 0xF4, 0x00, 0x00, 0x00, 0x01, 0xFF, 0xF8, 0x00, 0x00, 0x00, 0x00,
    0x7F, 0xFC, 0x00, 0x00, 0x00, 0x00, 0x0F, 0xFE, 0x00, 0x00, 0x00, 0x00, 0x07, 0xFF, 0x00, 0x00,
    0x00, 0x00, 0x03, 0xFF, 0x80, 0x00, 0x00, 0x00, 0x02, 0xFF, 0xC0, 0x00, 0x00, 0x00, 0x01, 0xFF,
    0xE0, 0x00, 0x00, 0x01, 0x57, 0xFF, 0xF0, 0x00, 0x00, 0x00, 0xBF, 0xFF, 0xF0, 0x00, 0x00, 0x00,
    0x2F, 0xFF, 0xF4, 0x00, 0x00, 0x00, 0x0B, 0xFF, 0xF0, 0x00, 0x00, 0x00, 0x01, 0xFF, 0x90, 0x00,
    0x00, 0x00, 0x00, 0x00, 0x00, 0x0B, 0xE0, 0x2F, 0x80, 0x00, 0x00, 0x02, 0xFF, 0x0B, 0xFD, 0x00,
    0x00, 0x00, 0x3F, 0xF0, 0xBF, 0xC0, 0x00, 0x00, 0x02, 0xFE, 0x07, 0xF8, 0x00, 0x00, 0x00, 0x01,
    0x00, 0x04, 0x00, 0x00, 0x00, 0x00, 0x00, 0x00, 0x00, 0x00, 0x00, 0x00, 0x00, 0x00, 0x00, 0x00,
    0x00, 0x00, 0x00, 0x00, 0x00, 0x00, 0x00, 0x02, 0xFF, 0xC0, 0x00, 0x02, 0xFF, 0xE0, 0x1F, 0xFD,
    0x00, 0x00, 0x3F, 0xFC, 0x00, 0xFF, 0xD0, 0x00, 0x0B, 0xFF, 0x40, 0x0F, 0xFE, 0x00, 0x00, 0xFF,
    0xF0, 0x00, 0xBF, 0xF0, 0x00, 0x2F, 0xFC, 0x00, 0x07, 0xFF, 0x00, 0x03, 0xFF, 0x80, 0x00, 0x3F,
    0xF4, 0x00, 0xBF, 0xF0, 0x00, 0x02, 0xFF, 0x80, 0x0F, 0xFD, 0x00, 0x00, 0x1F, 0xFC, 0x03, 0xFF,
    0xC0, 0x00, 0x00, 0xFF, 0xC0, 0x7F, 0xF4, 0x00, 0x00, 0x0F, 0xFD, 0x0F, 0xFE, 0x00, 0x00, 0x00,
    0xBF, 0xE1, 0xFF, 0xC0, 0x00, 0x00, 0x07, 0xFF, 0x3F, 0xF8, 0x00, 0x00, 0x00, 0x3F, 0xF7, 0xFF,
    0x00, 0x00, 0x00, 0x03, 0xFF, 0xFF, 0xD0, 0x00, 0x00, 0x00, 0x2F, 0xFF, 0xFC, 0x00, 0x00, 0x00,
    0x01, 0xFF, 0xFF, 0x00, 0x00, 0x00, 0x00, 0x0F, 0xFF, 0xE0, 0x00, 0x00, 0x00, 0x00, 0xFF, 0xFC,
    0x00, 0x00, 0x00, 0x00, 0x0B, 0xFF, 0x40, 0x00, 0x00, 0x00, 0x01, 0xFF, 0xF0, 0x00, 0x00, 0x00,
    0x00, 0x3F, 0xFC, 0x00, 0x00, 0x00, 0x65, 0x6F, 0xFF, 0x40, 0x00, 0x00, 0x07, 0xFF, 0xFF, 0xE0,
    0x00, 0x00, 0x00, 0x7F, 0xFF, 0xFC, 0x00, 0x00, 0x00, 0x07, 0xFF, 0xFE, 0x00, 0x00, 0x00, 0x00,
    0x2F, 0xFE, 0x00, 0x00, 0x00, 0x00, 0x00, 0x00, 0x00, 0x0B, 0xE0, 0x2F, 0x80, 0x00, 0x00, 0x0B,
    0xFC, 0x2F, 0xF0, 0x00, 0x00, 0x03, 0xFF, 0x0F, 0xFC, 0x00, 0x00, 0x00, 0xBF, 0x82, 0xFE, 0x00,
    0x00, 0x00, 0x01, 0x00, 0x04, 0x00, 0x00, 0x00, 0x00, 0x00, 0x00, 0x00, 0x00, 0x00, 0x00, 0x00,
    0x00, 0x00, 0x00, 0x00, 0xFF, 0xD0, 0x00, 0x3F, 0xFC, 0x00, 0x3F, 0xF4, 0x00, 0x1F, 0xFE, 0x00,
    0x0F, 0xFE, 0x00, 0x0F, 0xFF, 0x00, 0x02, 0xFF, 0x80, 0x03, 0xFF, 0x80, 0x00, 0x7F, 0xE0, 0x02,
    0xFF, 0xC0, 0x00, 0x1F, 0xFC, 0x00, 0xFF, 0xE0, 0x00, 0x03, 0xFF, 0x00, 0xBF, 0xF0, 0x00, 0x00,
    0xFF, 0xC0, 0x3F, 0xF4, 0x00, 0x00, 0x3F, 0xF0, 0x2F, 0xFC, 0x00, 0x00, 0x0F, 0xFD, 0x0F, 0xFD,
    0x00, 0x00, 0x02, 0xFF, 0x4B, 0xFF, 0x00, 0x00, 0x00, 0x7F, 0xD3, 0xFF, 0x40, 0x00, 0x00, 0x1F,
    0xF5, 0xFF, 0xC0, 0x00, 0x00, 0x03, 0xFD, 0xBF, 0xD0, 0x00, 0x00, 0x00, 0xFF, 0xBF, 0xF0, 0x00,
    0x00, 0x00, 0x3F, 0xFF, 0xF4, 0x00, 0x00, 0x00, 0x0F, 0xFF, 0xFC, 0x00, 0x00, 0x00, 0x02, 0xFF,
    0xFD, 0x00, 0x00, 0x00, 0x00, 0x7F, 0xFE, 0x00, 0x00, 0x00, 0x00, 0x1F, 0xFF, 0x00, 0x00, 0x00,
    0x00, 0x03, 0xFF, 0x80, 0x00, 0x00, 0x00, 0x01, 0xFF, 0xC0, 0x00, 0x00, 0x00, 0x00, 0xFF, 0xE0,
    0x00, 0x00, 0x00, 0x00, 0xBF, 0xF0, 0x00, 0x00, 0x00, 0x00, 0x7F, 0xF8, 0x00, 0x00, 0x00, 0x55,
    0xFF, 0xFC, 0x00, 0x00, 0x00, 0x2F, 0xFF, 0xFC, 0x00, 0x00, 0x00, 0x0B, 0xFF, 0xFD, 0x00, 0x00,
    0x00, 0x02, 0xFF, 0xFC, 0x00, 0x00, 0x00, 0x00, 0x7F, 0xE4, 0x00, 0x00, 0x00, 0x00, 0x00, 0x00,
    0x00, 0x00, 0x3F, 0xF4, 0xBF, 0xF0, 0x00, 0x00, 0x03, 0xFF, 0x87, 0xFF, 0x00, 0x00, 0x00, 0x2F,
    0xF8, 0x3F, 0xF0, 0x00, 0x00, 0x01, 0xFF, 0x42, 0xFF, 0x00, 0x00, 0x00, 0x0F, 0xF0, 0x1F, 0xE0,
    0x00, 0x00, 0x00, 0xFE, 0x00, 0xFD, 0x00, 0x00, 0x00, 0x00, 0x00, 0x00, 0x00, 0x00, 0x00, 0x00,
    0x00, 0x00, 0x00, 0x00, 0x00, 0x00, 0x00, 0x00, 0x00, 0x00, 0x00, 0x00, 0x0B, 0xFF, 0x00, 0x00,
    0x0B, 0xFF, 0x80, 0x1F, 0xFD, 0x00, 0x00, 0x3F, 0xFC, 0x00, 0x3F, 0xF4, 0x00, 0x02, 0xFF, 0xD0,
    0x00, 0xFF, 0xE0, 0x00, 0x0F, 0xFF, 0x00, 0x02, 0xFF, 0xC0, 0x00, 0xBF, 0xF0, 0x00, 0x07, 0xFF,
    0x00, 0x03, 0xFF, 0x80, 0x00, 0x0F, 0xFD, 0x00, 0x2F, 0xFC, 0x00, 0x00, 0x2F, 0xF8, 0x00, 0xFF,
    0xD0, 0x00, 0x00, 0x7F, 0xF0, 0x0F, 0xFF, 0x00, 0x00, 0x00, 0xFF, 0xC0, 0x7F, 0xF4, 0x00, 0x00,
    0x03, 0xFF, 0x43, 0xFF, 0x80, 0x00, 0x00, 0x0B, 0xFE, 0x1F, 0xFC, 0x00, 0x00, 0x00, 0x1F, 0xFC,
    0xFF, 0xE0, 0x00, 0x00, 0x00, 0x3F, 0xF7, 0xFF, 0x00, 0x00, 0x00, 0x00, 0xFF, 0xFF, 0xF4, 0x00,
    0x00, 0x00, 0x02, 0xFF, 0xFF, 0xC0, 0x00, 0x00, 0x00, 0x07, 0xFF, 0xFC, 0x00, 0x00, 0x00, 0x00,
    0x0F, 0xFF, 0xE0, 0x00, 0x00, 0x00, 0x00, 0x3F, 0xFF, 0x00, 0x00, 0x00, 0x00, 0x00, 0xBF, 0xF4,
    0x00, 0x00, 0x00, 0x00, 0x07, 0xFF, 0xC0, 0x00, 0x00, 0x00, 0x00, 0x3F, 0xFC, 0x00, 0x00, 0x00,
    0x19, 0x5B, 0xFF, 0xD0, 0x00, 0x00, 0x00, 0x7F, 0xFF, 0xFE, 0x00, 0x00, 0x00, 0x01, 0xFF, 0xFF,
    0xF0, 0x00, 0x00, 0x00, 0x07, 0xFF, 0xFE, 0x00, 0x00, 0x00, 0x00, 0x0B, 0xFF, 0x80, 0x00, 0x00,
    0x00, 0x00, 0x00, 0x00, 0x00, 0x7F, 0xF4, 0xFF, 0xF0, 0x00, 0x00, 0x0F, 0xFD, 0x2F, 0xFC, 0x00,
    0x00, 0x03, 0xFF, 0x43, 0xFF, 0x00, 0x00, 0x00, 0xBF, 0xC0, 0xFF, 0x80, 0x00, 0x00, 0x1F, 0xF0,
    0x2F, 0xD0, 0x00, 0x00, 0x03, 0xF8, 0x07, 0xF4, 0x00, 0x00, 0x00, 0x00, 0x00, 0x00, 0x00, 0x00,
    0x00, 0x00, 0x00, 0x00, 0x00, 0x00, 0x00, 0x3F, 0xF4, 0x00, 0x0F, 0xFF, 0x00, 0x03, 0xFF, 0x40,
    0x01, 0xFF, 0xE0, 0x00, 0x3F, 0xF8, 0x00, 0x3F, 0xFC, 0x00, 0x02, 0xFF, 0x80, 0x03, 0xFF, 0x80,
    0x00, 0x1F, 0xF8, 0x00, 0xBF, 0xF0, 0x00, 0x01, 0xFF, 0xC0, 0x0F, 0xFE, 0x00, 0x00, 0x0F, 0xFC,
    0x02, 0xFF, 0xC0, 0x00, 0x00, 0xFF, 0xC0, 0x3F, 0xF4, 0x00, 0x00, 0x0F, 0xFC, 0x0B, 0xFF, 0x00,
    0x00, 0x00, 0xFF, 0xD0, 0xFF, 0xD0, 0x00, 0x00, 0x0B, 0xFD, 0x2F, 0xFC, 0x00, 0x00, 0x00, 0x7F,
    0xD3, 0xFF, 0x40, 0x00, 0x00, 0x07, 0xFD, 0x7F, 0xF0, 0x00, 0x00, 0x00, 0x3F, 0xDB, 0xFD, 0x00,
    0x00, 0x00, 0x03, 0xFE, 0xFF, 0xC0, 0x00, 0x00, 0x00, 0x3F, 0xFF, 0xF4, 0x00, 0x00, 0x00, 0x03,
    0xFF, 0xFF, 0x00, 0x00, 0x00, 0x00, 0x2F, 0xFF, 0xD0, 0x00, 0x00, 0x00, 0x01, 0xFF, 0xF8, 0x00,
    0x00, 0x00, 0x00, 0x1F, 0xFF, 0x00, 0x00, 0x00, 0x00, 0x00, 0xFF, 0xE0, 0x00, 0x00, 0x00, 0x00,
    0x1F, 0xFC, 0x00, 0x00, 0x00, 0x00, 0x03, 0xFF, 0x80, 0x00, 0x00, 0x00, 0x00, 0xBF, 0xF0, 0x00,
    0x00, 0x00, 0x00, 0x1F, 0xFE, 0x00, 0x00, 0x00, 0x05, 0x5F, 0xFF, 0xC0, 0x00, 0x00, 0x00, 0xBF,
    0xFF, 0xF0, 0x00, 0x00, 0x00, 0x0B, 0xFF, 0xFD, 0x00, 0x00, 0x00, 0x00, 0xBF, 0xFF, 0x00, 0x00,
    0x00, 0x00, 0x07, 0xFE, 0x40, 0x00, 0x00, 0x00, 0x00, 0x00, 0x00, 0x14, 0x00, 0x50, 0x00, 0x00,
    0x03, 0xFC, 0x0F, 0xF0, 0x00, 0x00, 0x2F, 0xF4, 0xBF, 0xD0, 0x00, 0x00, 0xBF, 0xC2, 0xFF, 0x00,
    0x00, 0x00, 0xFD, 0x03, 0xF4, 0x00, 0x00, 0x00, 0x00, 0x00, 0x00, 0x00, 0x00, 0x00, 0x00, 0x00,
    0x00, 0x00, 0x00, 0x00, 0x00, 0x00, 0x00, 0x07, 0xFF, 0x40, 0x00, 0x7F, 0xF0, 0x2F, 0xFC, 0x00,
    0x02, 0xFF, 0xC0, 0xFF, 0xF0, 0x00, 0x0F, 0xFE, 0x03, 0xFF, 0x80, 0x00, 0x3F, 0xF8, 0x0F, 0xFD,
    0x00, 0x01, 0xFF, 0xD0, 0x7F, 0xF0, 0x00, 0x0B, 0xFF, 0x02, 0xFF, 0xC0, 0x00, 0x3F, 0xFC, 0x0F,
    0xFE, 0x00, 0x00, 0xFF, 0xE0, 0x3F, 0xF8, 0x00, 0x03, 0xFF, 0x40, 0xFF, 0xD0, 0x00, 0x1F, 0xFC,
    0x07, 0xFF, 0x40, 0x00, 0xBF, 0xF0, 0x1F, 0xFF, 0x00, 0x03, 0xFF, 0xC0, 0x3F, 0xFE, 0x00, 0x6F,
    0xFE, 0x00, 0xFF, 0xFF, 0xFF, 0xFF, 0xF4, 0x01, 0xFF, 0xFF, 0xFF, 0xFF, 0xC0, 0x02, 0xFF, 0xFF,
    0xFF, 0xFF, 0x00, 0x01, 0xFF, 0xFF, 0xFF, 0xFC, 0x00, 0x00, 0x15, 0x40, 0xFF, 0xE0, 0x00, 0x00,
    0x00, 0x07, 0xFF, 0x40, 0x00, 0x00, 0x00, 0x1F, 0xFC, 0x00, 0x00, 0x00, 0x00, 0xBF, 0xF0, 0x00,
    0x00, 0x00, 0x03, 0xFF, 0x80, 0x00, 0x00, 0x00, 0x0F, 0xFE, 0x00, 0x00, 0x00, 0x00, 0x7F, 0xF4,
    0x00, 0x00, 0x00, 0x02, 0xFF, 0xC0, 0x00, 0x00, 0x00, 0x0B, 0xFF, 0x00, 0x00, 0x00, 0x00, 0x3F,
    0xF8, 0x00, 0x00, 0x00, 0x0B, 0xF0, 0x2F, 0xC0, 0x00, 0x1F, 0xF4, 0x7F, 0xD0, 0x00, 0x2F, 0xF4,
    0xBF, 0xD0, 0x00, 0x1F, 0xF0, 0x7F, 0xC0, 0x00, 0x01, 0x40, 0x05, 0x00, 0x00, 0x00, 0x00, 0x00,
    0x00, 0x00, 0x00, 0x00, 0x00, 0x00, 0x0F, 0xFD, 0x00, 0x1F, 0xFC, 0x1F, 0xFD, 0x00, 0x2F, 0xFC,
    0x1F, 0xFC, 0x00, 0x3F, 0xF8, 0x2F, 0xFC, 0x00, 0x3F, 0xF8, 0x3F, 0xF8, 0x00, 0x7F, 0xF4, 0x3F,
    0xF4, 0x00, 0xBF, 0xF0, 0x3F, 0xF4, 0x00, 0xFF, 0xF0, 0x7F, 0xF0, 0x01, 0xFF, 0xE0, 0x7F, 0xF4,
    0x03, 0xFF, 0xE0, 0x7F, 0xFC, 0x0F, 0xFF, 0xD0, 0x3F, 0xFF, 0xFF, 0xFF, 0xC0, 0x3F, 0xFF, 0xFF,
    0xFF, 0xC0, 0x1F, 0xFF, 0xF7, 0xFF, 0x80, 0x07, 0xFF, 0xD3, 0xFF, 0x40, 0x00, 0x14, 0x07, 0xFF,
    0x40, 0x00, 0x00, 0x07, 0xFF, 0x00, 0x00, 0x00, 0x0B, 0xFF, 0x00, 0x00, 0x00, 0x0F, 0xFE, 0x00,
    0x00, 0x00, 0x0F, 0xFD, 0x00, 0x00, 0x00, 0x1F, 0xFC, 0x00, 0x00, 0x00, 0x1F, 0xFC, 0x00, 0x00,
    0x07, 0xFF, 0xFF, 0xFF, 0xD0, 0x00, 0xBF, 0xFF, 0xFF, 0xFC, 0x00, 0x0F, 0xFF, 0xFF, 0xFF, 0xC0,
    0x00, 0xFF, 0xFF, 0xFF, 0xF8, 0x00, 0x1F, 0xFD, 0x55, 0x55, 0x00, 0x02, 0xFF, 0xC0, 0x00, 0x00,
    0x00, 0x2F, 0xF8, 0x00, 0x00, 0x00, 0x03, 0xFF, 0x80, 0x00, 0x00, 0x00, 0x3F, 0xF4, 0x00, 0x00,
    0x00, 0x07, 0xFF, 0x00, 0x00, 0x00, 0x00, 0xBF, 0xF0, 0x00, 0x00, 0x00, 0x0F, 0xFE, 0x00, 0x00,
    0x00, 0x00, 0xFF, 0xE0, 0x00, 0x00, 0x00, 0x0F, 0xFD, 0x00, 0x00, 0x00, 0x01, 0xFF, 0xC0, 0x00,
    0x00, 0x00, 0x2F, 0xFC, 0x00, 0x00, 0x00, 0x03, 0xFF, 0x80, 0x00, 0x00, 0x00, 0x3F, 0xF8, 0x00,
    0x00, 0x00, 0x03, 0xFF, 0x40, 0x00, 0x00, 0x00, 0x7F, 0xF0, 0x00, 0x00, 0x00, 0x0B, 0xFF, 0x00,
    0x00, 0x00, 0x00, 0xFF, 0xE0, 0x00, 0x00, 0x00, 0x0F, 0xFE, 0x00, 0x00, 0x00, 0x01, 0xFF, 0xFF,
    0xF8, 0x00, 0x00, 0x2F, 0xFF, 0xFF, 0x40, 0x00, 0x02, 0xFF, 0xFF, 0xF0, 0x00, 0x00, 0x3F, 0xFF,
    0xFF, 0x00, 0x00, 0x00, 0x00, 0xFF, 0xE0, 0x00, 0x00, 0x00, 0x0F, 0xFD, 0x00, 0x00, 0x00, 0x01,
    0xFF, 0xC0, 0x00, 0x00, 0x00, 0x2F, 0xFC, 0x00, 0x00, 0x00, 0x03, 0xFF, 0xC0, 0x00, 0x00, 0x00,
    0x3F, 0xF8, 0x00, 0x00, 0x00, 0x03, 0xFF, 0x40, 0x00, 0x00, 0x00, 0x7F, 0xF0, 0x00, 0x00, 0x00,
    0x00, 0x3F, 0xFF, 0xFF, 0xF4, 0x01, 0xFF, 0xFF, 0xFF, 0xC0, 0x07, 0xFF, 0xFF, 0xFF, 0x00, 0x2F,
    0xFF, 0xFF, 0xFC, 0x00, 0xFF, 0xE5, 0x55, 0x40, 0x03, 0xFF, 0x40, 0x00, 0x00, 0x1F, 0xFC, 0x00,
    0x00, 0x00, 0xBF, 0xF0, 0x00, 0x00, 0x02, 0xFF, 0x80, 0x00, 0x00, 0x0F, 0xFE, 0x00, 0x00, 0x00,
    0x3F, 0xF4, 0x00, 0x00, 0x01, 0xFF, 0xC0, 0x00, 0x00, 0x0B, 0xFF, 0x00, 0x00, 0x00, 0x3F, 0xF8,
    0x00, 0x00, 0x00, 0xFF, 0xD0, 0x00, 0x00, 0x03, 0xFF, 0x40, 0x00, 0x00, 0x1F, 0xFF, 0xFC, 0x00,
    0x00, 0xBF, 0xFF, 0xF0, 0x00, 0x03, 0xFF, 0xFF, 0xC0, 0x00, 0x0F, 0xFF, 0xFE, 0x00, 0x00, 0x3F,
    0xFF, 0xF4, 0x00, 0x00, 0x00, 0xBF, 0xC0, 0x00, 0x00, 0x03, 0xFF, 0x00, 0x00, 0x00, 0x0F, 0xF8,
    0x00, 0x00, 0x00, 0x7F, 0xE0, 0x00, 0x00, 0x02, 0xFF, 0x40, 0x00, 0x00, 0x0F, 0xFC, 0x00, 0x00,
    0x00, 0x3F, 0xF0, 0x00, 0x00, 0x00, 0x00, 0x00, 0x00, 0x10, 0x00, 0x40, 0x00, 0x00, 0x00, 0x00,
    0x00, 0x2F, 0xE0, 0xBF, 0x80, 0x00, 0x00, 0x00, 0x00, 0x03, 0xFF, 0x0F, 0xFC, 0x00, 0x00, 0x00,
    0x00, 0x00, 0x3F, 0xE0, 0xFF, 0x80, 0x00, 0x00, 0x00, 0x00, 0x02, 0xF8, 0x0B, 0xE0, 0x00, 0x00,
    0x00, 0x00, 0x00, 0x00, 0x00, 0x00, 0x00, 0x00, 0x00, 0x00, 0x00, 0x00, 0x00, 0x00, 0x00, 0x00,
    0x00, 0x00, 0x00, 0x00, 0x00, 0x00, 0x00, 0x00, 0x00, 0x00, 0x0B, 0xFF, 0x00, 0x00, 0x00, 0x01,
    0xFF, 0xD0, 0x00, 0xFF, 0xF0, 0x00, 0x00, 0x00, 0x2F, 0xFC, 0x00, 0x0F, 0xFE, 0x00, 0x00, 0x00,
    0x03, 0xFF, 0xC0, 0x00, 0xFF, 0xD0, 0x00, 0x00, 0x00, 0x3F, 0xF8, 0x00, 0x1F, 0xFC, 0x00, 0x00,
    0x00, 0x07, 0xFF, 0x40, 0x02, 0xFF, 0xC0, 0x00, 0x00, 0x00, 0xBF, 0xF0, 0x00, 0x3F, 0xFC, 0x00,
    0x00, 0x00, 0x0B, 0xFF, 0x00, 0x03, 0xFF, 0x80, 0x00, 0x00, 0x00, 0xFF, 0xF0, 0x00, 0x7F, 0xF4,
    0x00, 0x00, 0x00, 0x0F, 0xFE, 0x00, 0x07, 0xFF, 0x00, 0x00, 0x00, 0x01, 0xFF, 0xD0, 0x00, 0xBF,
    0xFF, 0xF9, 0x00, 0x00, 0x2F, 0xFC, 0x00, 0x0F, 0xFF, 0xFF, 0xFD, 0x00, 0x03, 0xFF, 0xC0, 0x00,
    0xFF, 0xFF, 0xFF, 0xF8, 0x00, 0x3F, 0xFC, 0x00, 0x1F, 0xFF, 0xFF, 0xFF, 0xD0, 0x03, 0xFF, 0x80,
    0x02, 0xFF, 0xD5, 0xBF, 0xFF, 0x00, 0x7F, 0xF4, 0x00, 0x2F, 0xFC, 0x01, 0xFF, 0xF0, 0x0B, 0xFF,
    0x00, 0x03, 0xFF, 0x80, 0x0B, 0xFF, 0x40, 0xFF, 0xF0, 0x00, 0x3F, 0xF4, 0x00, 0x7F, 0xF4, 0x0F,
    0xFE, 0x00, 0x07, 0xFF, 0x40, 0x07, 0xFF, 0x40, 0xFF, 0xE0, 0x00, 0xBF, 0xF0, 0x00, 0xBF, 0xF0,
    0x1F, 0xFD, 0x00, 0x0F, 0xFF, 0x00, 0x0F, 0xFF, 0x02, 0xFF, 0xC0, 0x00, 0xFF, 0xE0, 0x03, 0xFF,
    0xD0, 0x3F, 0xFC, 0x00, 0x0F, 0xFE, 0x56, 0xFF, 0xFC, 0x03, 0xFF, 0x80, 0x01, 0xFF, 0xFF, 0xFF,
    0xFF, 0x40, 0x7F, 0xF4, 0x00, 0x2F, 0xFF, 0xFF, 0xFF, 0xD0, 0x0B, 0xFF, 0x00, 0x03, 0xFF, 0xFF,
    0xFF, 0xE0, 0x00, 0xBF, 0xF0, 0x00, 0x3F, 0xFF, 0xFF, 0x90, 0x00, 0x0F, 0xFF, 0x00, 0x00, 0x00,
    0x00, 0x00, 0x14, 0x00, 0x50, 0x00, 0x00, 0x00, 0x00, 0x7F, 0xC1, 0xFF, 0x00, 0x00, 0x00, 0x00,
    0x3F, 0xF0, 0xFF, 0xC0, 0x00, 0x00, 0x00, 0x0F, 0xFC, 0x3F, 0xF0, 0x00, 0x00, 0x00, 0x01, 0xFD,
    0x07, 0xF4, 0x00, 0x00, 0x00, 0x00, 0x00, 0x00, 0x00, 0x00, 0x00, 0x00, 0x00, 0x00, 0x00, 0x00,
    0x00, 0x00, 0x00, 0x00, 0x00, 0x00, 0x00, 0x00, 0x00, 0x01, 0xFF, 0xC0, 0x00, 0x00, 0x03, 0xFF,
    0x40, 0xBF, 0xF0, 0x00, 0x00, 0x01, 0xFF, 0xC0, 0x3F, 0xF8, 0x00, 0x00, 0x00, 0x7F, 0xF0, 0x0F,
    0xFD, 0x00, 0x00, 0x00, 0x2F, 0xFC, 0x07, 0xFF, 0x40, 0x00, 0x00, 0x0F, 0xFE, 0x02, 0xFF, 0xC0,
    0x00, 0x00, 0x03, 0xFF, 0x40, 0xBF, 0xF0, 0x00, 0x00, 0x01, 0xFF, 0xC0, 0x3F, 0xFF, 0xFF, 0x90,
    0x00, 0xBF, 0xF0, 0x0F, 0xFF, 0xFF, 0xFE, 0x00, 0x2F, 0xFC, 0x07, 0xFF, 0xFF, 0xFF, 0xE0, 0x0F,
    0xFE, 0x02, 0xFF, 0xFF, 0xFF, 0xFC, 0x03, 0xFF, 0x40, 0xFF, 0xF9, 0x5F, 0xFF, 0x81, 0xFF, 0xC0,
    0x3F, 0xF8, 0x00, 0xFF, 0xE0, 0xBF, 0xF0, 0x0F, 0xFD, 0x00, 0x3F, 0xF8, 0x3F, 0xFC, 0x03, 0xFF,
    0x40, 0x0F, 0xFD, 0x0F, 0xFE, 0x00, 0xFF, 0xE0, 0x0B, 0xFF, 0x03, 0xFF, 0x40, 0x3F, 0xFE, 0x5B,
    0xFF, 0xC1, 0xFF, 0xC0, 0x0B, 0xFF, 0xFF, 0xFF, 0xD0, 0xBF, 0xF0, 0x00, 0xFF, 0xFF, 0xFF, 0xD0,
    0x3F, 0xF8, 0x00, 0x0F, 0xFF, 0xFF, 0xD0, 0x0F, 0xFE, 0x00, 0x00, 0x6F, 0xFE, 0x40, 0x03, 0xFF,
    0x40, 0x00, 0x00, 0x07, 0xFF, 0xFF, 0xFF, 0xD0, 0x00, 0xBF, 0xFF, 0xFF, 0xFC, 0x00, 0x0F, 0xFF,
    0xFF, 0xFF, 0xC0, 0x00, 0xFF, 0xFF, 0xFF, 0xF8, 0x00, 0x1F, 0xFD, 0x55, 0x55, 0x00, 0x01, 0xFF,
    0xC0, 0x00, 0x00, 0x00, 0x2F, 0xFC, 0x00, 0x00, 0x00, 0x03, 0xFF, 0x80, 0x00, 0x00, 0x00, 0x3F,
    0xF8, 0x00, 0x00, 0x00, 0x07, 0xFF, 0x40, 0x00, 0x00, 0x00, 0xBF, 0xF0, 0x00, 0x00, 0x00, 0x5F,
    0xFF, 0x55, 0x40, 0x00, 0x2F, 0xFF, 0xFF, 0xFD, 0x00, 0x03, 0xFF, 0xFF, 0xFF, 0xC0, 0x00, 0x3F,
    0xFF, 0xFF, 0xFC, 0x00, 0x03, 0xFF, 0xFF, 0xFF, 0x80, 0x00, 0x03, 0xFF, 0xC0, 0x00, 0x00, 0x00,
    0x3F, 0xF8, 0x00, 0x00, 0x00, 0x07, 0xFF, 0x40, 0x00, 0x00, 0x00, 0x7F, 0xF0, 0x00, 0x00, 0x00,
    0x0B, 0xFF, 0x00, 0x00, 0x00, 0x00, 0xFF, 0xFA, 0xA8, 0x00, 0x00, 0x0F, 0xFF, 0xFF, 0xC0, 0x00,
    0x01, 0xFF, 0xFF, 0xF8, 0x00, 0x00, 0x2F, 0xFF, 0xFF, 0x40, 0x00, 0x02, 0xFF, 0xFF, 0xF4, 0x00,
    0x00, 0x3F, 0xFF, 0xFF, 0x00, 0x00, 0x00, 0x00, 0xBF, 0xF0, 0x00, 0x00, 0x00, 0x0F, 0xFE, 0x00,
    0x00, 0x00, 0x00, 0xFF, 0xD0, 0x00, 0x00, 0x00, 0x2F, 0xFC, 0x00, 0x00, 0x02, 0x5B, 0xFF, 0xC0,
    0x00, 0x00, 0x3F, 0xFF, 0xF4, 0x00, 0x00, 0x03, 0xFF, 0xFF, 0x00, 0x00, 0x00, 0x3F, 0xFF, 0xC0,
    0x00, 0x00, 0x02, 0xFF, 0x90, 0x00, 0x00, 0x00, 0x00, 0x0F, 0xFF, 0xFF, 0xFD, 0x00, 0x1F, 0xFF,
    0xFF, 0xFC, 0x00, 0x1F, 0xFF, 0xFF, 0xFC, 0x00, 0x2F, 0xFF, 0xFF, 0xFC, 0x00, 0x3F, 0xF9, 0x55,
    0x50, 0x00, 0x3F, 0xF4, 0x00, 0x00, 0x00, 0x7F, 0xF0, 0x00, 0x00, 0x00, 0xBF, 0xF0, 0x00, 0x00,
    0x05, 0xFF, 0xF5, 0x50, 0x00, 0x2F, 0xFF, 0xFF, 0xF4, 0x00, 0x2F, 0xFF, 0xFF, 0xF0, 0x00, 0x3F,
    0xFF, 0xFF, 0xF0, 0x00, 0x3F, 0xFF, 0xFF, 0xE0, 0x00, 0x03, 0xFF, 0x80, 0x00, 0x00, 0x03, 0xFF,
    0x40, 0x00, 0x00, 0x03, 0xFF, 0x40, 0x00, 0x00, 0x07, 0xFF, 0xFF, 0xD0, 0x00, 0x0B, 0xFF, 0xFF,
    0xD0, 0x00, 0x0F, 0xFF, 0xFF, 0xC0, 0x00, 0x0F, 0xFF, 0xFF, 0xC0, 0x00, 0x0F, 0xFF, 0xFF, 0x80,
    0x00, 0x00, 0x03, 0xFF, 0x40, 0x00, 0x00, 0x03, 0xFF, 0x40, 0x00, 0x00, 0x07, 0xFF, 0x00, 0x00,
    0x00, 0x0F, 0xFF, 0x00, 0x00, 0x09, 0x7F, 0xFE, 0x00, 0x00, 0x0F, 0xFF, 0xFC, 0x00, 0x00, 0x0F,
    0xFF, 0xF4, 0x00, 0x00, 0x0F, 0xFF, 0xE0, 0x00, 0x00, 0x0B, 0xFE, 0x00, 0x00, 0x00, 0x00, 0x03,
    0xFF, 0xC0, 0x00, 0x0F, 0xFF, 0x40, 0x00, 0x7F, 0xF4, 0x00, 0x0B, 0xFF, 0x80, 0x00, 0x0F, 0xFE,
    0x00, 0x07, 0xFF, 0xC0, 0x00, 0x03, 0xFF, 0xC0, 0x03, 0xFF, 0xC0, 0x00, 0x00, 0x7F, 0xF0, 0x03,
    0xFF, 0xD0, 0x00, 0x00, 0x0F, 0xFE, 0x01, 0xFF, 0xE0, 0x00, 0x00, 0x03, 0xFF, 0xC0, 0xFF, 0xF0,
    0x00, 0x00, 0x00, 0x7F, 0xF0, 0xFF, 0xF0, 0x00, 0x00, 0x00, 0x0F, 0xFD, 0xBF, 0xF4, 0x00, 0x00,
    0x00, 0x02, 0xFF, 0xFF, 0xF8, 0x00, 0x00, 0x00, 0x00, 0x7F, 0xFF, 0xFC, 0x00, 0x00, 0x00, 0x00,
    0x0F, 0xFF, 0xFC, 0x00, 0x00, 0x00, 0x00, 0x02, 0xFF, 0xFD, 0x00, 0x00, 0x00, 0x00, 0x00, 0xFF,
    0xFF, 0x00, 0x00, 0x00, 0x00, 0x00, 0xFF, 0xFF, 0xC0, 0x00, 0x00, 0x00, 0x00, 0xBF, 0xFF, 0xF4,
    0x00, 0x00, 0x00, 0x00, 0x7F, 0xFF, 0xFF, 0x00, 0x00, 0x00, 0x00, 0x3F, 0xFE, 0xFF, 0xC0, 0x00,
    0x00, 0x00, 0x3F, 0xFD, 0x3F, 0xF8, 0x00, 0x00, 0x00, 0x2F, 0xFE, 0x0F, 0xFF, 0x00, 0x00, 0x00,
    0x1F, 0xFF, 0x02, 0xFF, 0xC0, 0x00, 0x00, 0x0F, 0xFF, 0x00, 0x3F, 0xFE, 0xAA, 0x00, 0x0F, 0xFF,
    0x40, 0x0F, 0xFF, 0xFF, 0xC0, 0x0B, 0xFF, 0x80, 0x02, 0xFF, 0xFF, 0xE0, 0x07, 0xFF, 0xC0, 0x00,
    0x7F, 0xFF, 0xF4, 0x03, 0xFF, 0xC0, 0x00, 0x0F, 0xFF, 0xFC, 0x03, 0xFF, 0xD0, 0x00, 0x02, 0xFF,
    0xFF, 0x00, 0x00, 0x00, 0x00, 0x00, 0x02, 0xFF, 0x80, 0x00, 0x00, 0x00, 0x00, 0x00, 0xFF, 0xE0,
    0x00, 0x00, 0x00, 0x00, 0x00, 0x3F, 0xF4, 0x00, 0x00, 0x00, 0x00, 0x00, 0x2F, 0xFC, 0x00, 0x00,
    0x00, 0x00, 0x09, 0x6F, 0xFE, 0x00, 0x00, 0x00, 0x00, 0x03, 0xFF, 0xFF, 0x40, 0x00, 0x00, 0x00,
    0x00, 0xFF, 0xFF, 0x80, 0x00, 0x00, 0x00, 0x00, 0x3F, 0xFF, 0x80, 0x00, 0x00, 0x00, 0x00, 0x0B,
    0xFE, 0x40, 0x00, 0x00, 0x3F, 0xFC, 0x00, 0x3F, 0xFD, 0x00, 0x2F, 0xFC, 0x00, 0xFF, 0xF8, 0x00,
    0x0F, 0xFE, 0x02, 0xFF, 0xE0, 0x00, 0x0F, 0xFF, 0x03, 0xFF, 0xC0, 0x00, 0x07, 0xFF, 0x0F, 0xFF,
    0x00, 0x00, 0x03, 0xFF, 0xAF, 0xFD, 0x00, 0x00, 0x02, 0xFF, 0xFF, 0xF4, 0x00, 0x00, 0x00, 0xFF,
    0xFF, 0xE0, 0x00, 0x00, 0x00, 0xFF, 0xFF, 0xC0, 0x00, 0x00, 0x00, 0x7F, 0xFF, 0x00, 0x00, 0x00,
    0x00, 0x7F, 0xFD, 0x00, 0x00, 0x00, 0x00, 0xFF, 0xFE, 0x00, 0x00, 0x00, 0x03, 0xFF, 0xFF, 0x00,
    0x00, 0x00, 0x0B, 0xFF, 0xFF, 0x40, 0x00, 0x00, 0x2F, 0xFF, 0xFF, 0xC0, 0x00, 0x00, 0x7F, 0xF9,
    0xFF, 0xD0, 0x00, 0x00, 0xFF, 0xF0, 0xFF, 0xFF, 0xFC, 0x03, 0xFF, 0xC0, 0xBF, 0xFF, 0xF8, 0x0F,
    0xFF, 0x40, 0x3F, 0xFF, 0xF4, 0x2F, 0xFE, 0x00, 0x3F, 0xFF, 0xF4, 0x7F, 0xFC, 0x00, 0x1F, 0xFF,
    0xF0, 0x00, 0x00, 0x00, 0x00, 0xBF, 0xF0, 0x00, 0x00, 0x00, 0x00, 0xFF, 0xE0, 0x00, 0x00, 0x00,
    0x00, 0xFF, 0xD0, 0x00, 0x00, 0x00, 0x02, 0xFF, 0xC0, 0x00, 0x00, 0x02, 0x5B, 0xFF, 0xC0, 0x00,
    0x00, 0x03, 0xFF, 0xFF, 0x40, 0x00, 0x00, 0x03, 0xFF, 0xFF, 0x00, 0x00, 0x00, 0x03, 0xFF, 0xFC,
    0x00, 0x00, 0x00, 0x02, 0xFF, 0x90, 0x00, 0x00, 0x03, 0xFF, 0xC0, 0x00, 0x0F, 0xFF, 0x40, 0x00,
    0x7F, 0xF4, 0x00, 0x0B, 0xFF, 0x80, 0x00, 0x0F, 0xFE, 0x00, 0x07, 0xFF, 0xC0, 0x00, 0x03, 0xFF,
    0xC0, 0x03, 0xFF, 0xC0, 0x00, 0x00, 0x7F, 0xF0, 0x02, 0xFF, 0xD0, 0x00, 0x00, 0x0F, 0xFE, 0x01,
    0xFF, 0xE0, 0x00, 0x00, 0x03, 0xFF, 0xC0, 0xFF, 0xF0, 0x00, 0x00, 0x00, 0x7F, 0xF0, 0xBF, 0xF0,
    0x00, 0x00, 0x00, 0x0F, 0xFD, 0x7F, 0xF4, 0x00, 0x00, 0x00, 0x02, 0xFF, 0xBF, 0xF8, 0x00, 0x00,
    0x00, 0x00, 0x7F, 0xFF, 0xFC, 0x00, 0x00, 0x00, 0x3F, 0xFF, 0xFF, 0xFF, 0xFF, 0x00, 0x00, 0x0F,
    0xFF, 0xFF, 0xFF, 0xFF, 0x80, 0x00, 0x07, 0xFF, 0xFF, 0xFF, 0xFF, 0xD0, 0x00, 0x02, 0xFF, 0xFF,
    0xFF, 0xFF, 0xF0, 0x00, 0x00, 0x55, 0xFF, 0xFF, 0xFD, 0x54, 0x00, 0x00, 0x00, 0xBF, 0xFB, 0xFF,
    0x00, 0x00, 0x00, 0x00, 0x7F, 0xF8, 0xFF, 0xD0, 0x00, 0x00, 0x00, 0x3F, 0xFC, 0x3F, 0xFC, 0x00,
    0x00, 0x00, 0x3F, 0xFC, 0x0B, 0xFF, 0x00, 0x00, 0x00, 0x1F, 0xFE, 0x01, 0xFF, 0xD0, 0x00, 0x00,
    0x0F, 0xFF, 0x00, 0x3F, 0xFC, 0x00, 0x00, 0x0F, 0xFF, 0x00, 0x0F, 0xFF, 0x00, 0x00, 0x0B, 0xFF,
    0x80, 0x01, 0xFF, 0xE0, 0x00, 0x07, 0xFF, 0xC0, 0x00, 0x3F, 0xFC, 0x00, 0x03, 0xFF, 0xC0, 0x00,
    0x0F, 0xFF, 0x00, 0x03, 0xFF, 0xE0, 0x00, 0x02, 0xFF, 0xE0, 0x00, 0x00, 0x3F, 0xFC, 0x00, 0x3F,
    0xFD, 0x00, 0x2F, 0xFC, 0x00, 0xFF, 0xF8, 0x00, 0x0F, 0xFD, 0x01, 0xFF, 0xF0, 0x00, 0x0F, 0xFF,
    0x03, 0xFF, 0xC0, 0x00, 0x07, 0xFF, 0x0F, 0xFF, 0x40, 0x00, 0x03, 0xFF, 0x5F, 0xFD, 0x00, 0x00,
    0x02, 0xFF, 0xFF, 0xF8, 0x00, 0x00, 0x01, 0xFF, 0xFF, 0xF0, 0x00, 0x00, 0x15, 0xFF, 0xFF, 0xE5,
    0x00, 0x00, 0xBF, 0xFF, 0xFF, 0xFF, 0x80, 0x00, 0xFF, 0xFF, 0xFF, 0xFF, 0x40, 0x00, 0xFF, 0xFF,
    0xFF, 0xFF, 0x00, 0x01, 0xFF, 0xFF, 0xFF, 0xFF, 0x00, 0x00, 0x07, 0xFF, 0xFF, 0x40, 0x00, 0x00,
    0x0F, 0xFF, 0xFF, 0x80, 0x00, 0x00, 0x3F, 0xFD, 0xFF, 0xC0, 0x00, 0x00, 0xFF, 0xF0, 0xFF, 0xE0,
    0x00, 0x03, 0xFF, 0xD0, 0xBF, 0xF0, 0x00, 0x0B, 0xFF, 0x80, 0x3F, 0xF8, 0x00, 0x2F, 0xFF, 0x00,
    0x3F, 0xFC, 0x00, 0x7F, 0xFC, 0x00, 0x1F, 0xFD, 0x00, 0x00, 0x00, 0x00, 0x38, 0x00, 0x07, 0x80,
    0x00, 0x7C, 0xBF, 0xFF, 0xBC, 0x07, 0xCF, 0x03, 0xC3, 0xC3, 0xC0, 0xF0, 0x00, 0x3C, 0x00, 0x0F,
    0x00, 0x03, 0xC0, 0x00, 0xF0, 0x00, 0x3C, 0x00, 0x0F, 0x00, 0x03, 0xC0, 0x00, 0xF0, 0x00, 0x3C,
    0x00, 0x0F, 0x00, 0x03, 0xC0, 0x00, 0xF0, 0x00, 0x3C, 0x00, 0x0F, 0x00, 0x03, 0xC0, 0x00, 0xF0,
    0x00, 0x3C, 0x00, 0x0F, 0x00, 0x03, 0xC0, 0x00, 0xF0, 0x00, 0x3C, 0x00, 0x0F, 0x00, 0x02, 0x80,
    0x00, 0x00, 0x00, 0x00, 0xB0, 0x00, 0xB4, 0x00, 0xF4, 0x00, 0xBF, 0xFF, 0x8F, 0x40, 0xF0, 0xF0,
    0x3C, 0x0F, 0x0F, 0x00, 0x03, 0xC0, 0x00, 0xF0, 0x00, 0x3C, 0x00, 0x0F, 0x00, 0x03, 0xC0, 0x00,
    0xF0, 0x00, 0x3C, 0x00, 0x0F, 0x00, 0x03, 0xC0, 0x00, 0xF0, 0x00, 0x3C, 0x00, 0x0F, 0x00, 0x03,
    0xC0, 0x00, 0xF0, 0x00, 0x3C, 0x00, 0x0F, 0x00, 0x03, 0xC0, 0x00, 0xF0, 0x00, 0x3C, 0x00, 0x0F,
    0x00, 0x03, 0xC0, 0x00, 0xF0, 0x00, 0x3C, 0x00, 0x0A, 0x0A, 0xAA, 0xA8, 0x2F, 0xFF, 0xFC, 0x3F,
    0xFF, 0xFC, 0x3F, 0xFF, 0xF8, 0x7F, 0xFF, 0xF4, 0x0A, 0xAA, 0xA8, 0x2F, 0xFF, 0xFC, 0x3F, 0xFF,
    0xFC, 0x3F, 0xFF, 0xF8, 0x7F, 0xFF, 0xF4, 0x1A, 0xAA, 0xAA, 0xAA, 0xA4, 0xFF, 0xFF, 0xFF, 0xFF,
    0xE3, 0xFF, 0xFF, 0xFF, 0xFF, 0x9F, 0xFF, 0xFF, 0xFF, 0xFD, 0xBF, 0xFF, 0xFF, 0xFF, 0xF0, 0x0A,
    0xAA, 0xAA, 0xAA, 0x82, 0xFF, 0xFF, 0xFF, 0xFC, 0x3F, 0xFF, 0xFF, 0xFF, 0xC3, 0xFF, 0xFF, 0xFF,
    0xF8, 0x3F, 0xFF, 0xFF, 0xFF, 0x40, 0x0A, 0xAA, 0xAA, 0xAA, 0xAA, 0xAA, 0xAA, 0xAA, 0xA8, 0x2F,
    0xFF, 0xFF, 0xFF, 0xFF, 0xFF, 0xFF, 0xFF, 0xFC, 0x3F, 0xFF, 0xFF, 0xFF, 0xFF, 0xFF, 0xFF, 0xFF,
    0xFC, 0x3F, 0xFF, 0xFF, 0xFF, 0xFF, 0xFF, 0xFF, 0xFF, 0xF8, 0x3F, 0xFF, 0xFF, 0xFF, 0xFF, 0xFF,
    0xFF, 0xFF, 0xF4, 0x0A, 0xAA, 0xAA, 0xAA, 0xAA, 0xAA, 0xAA, 0xAA, 0xA8, 0x2F, 0xFF, 0xFF, 0xFF,
    0xFF, 0xFF, 0xFF, 0xFF, 0xFC, 0x3F, 0xFF, 0xFF, 0xFF, 0xFF, 0xFF, 0xFF, 0xFF, 0xFC, 0x3F, 0xFF,
    0xFF, 0xFF, 0xFF, 0xFF, 0xFF, 0xFF, 0xF8, 0x3F, 0xFF, 0xFF, 0xFF, 0xFF, 0xFF, 0xFF, 0xFF, 0xF4,
    0xBF, 0x40, 0x0F, 0xF2, 0xFD, 0x00, 0x3F, 0xCB, 0xF4, 0x00, 0xFF, 0x2F, 0xD0, 0x03, 0xFC, 0xBF,
    0x40, 0x0F, 0xF2, 0xFD, 0x00, 0x3F, 0xCB, 0xF4, 0x00, 0xFF, 0x2F, 0xD0, 0x03, 0xFC, 0xBF, 0x40,
    0x0F, 0xF2, 0xFD, 0x00, 0x3F, 0xCB, 0xF4, 0x00, 0xFF, 0x2F, 0xD0, 0x03, 0xFC, 0xBF, 0x40, 0x0F,
    0xF2, 0xFD, 0x00, 0x3F, 0xCB, 0xF4, 0x00, 0xFF, 0x2F, 0xD0, 0x03, 0xFC, 0xBF, 0x40, 0x0F, 0xF2,
    0xFD, 0x00, 0x3F, 0xCB, 0xF4, 0x00, 0xFF, 0x2F, 0xD0, 0x03, 0xFC, 0xBF, 0x40, 0x0F, 0xF2, 0xFD,
    0x00, 0x3F, 0xCB, 0xF4, 0x00, 0xFF, 0x2F, 0xD0, 0x03, 0xFC, 0xBF, 0x40, 0x0F, 0xF2, 0xFD, 0x00,
    0x3F, 0xCB, 0xF4, 0x00, 0xFF, 0x2F, 0xD0, 0x03, 0xFC, 0xBF, 0x40, 0x0F, 0xF2, 0xFD, 0x00, 0x3F,
    0xCB, 0xF4, 0x00, 0xFF, 0x2F, 0xD0, 0x03, 0xFC, 0xBF, 0x40, 0x0F, 0xF2, 0xFD, 0x00, 0x3F, 0xCB,
    0xF4, 0x00, 0xFF, 0x2F, 0xD0, 0x03, 0xFC, 0xBF, 0x40, 0x0F, 0xF2, 0xFD, 0x00, 0x3F, 0xC0, 0x1F,
    0xFF, 0xFF, 0xFF, 0x8B, 0xFF, 0xFF, 0xFF, 0xD3, 0xFF, 0xFF, 0xFF, 0xF4, 0x00, 0x00, 0x00, 0x00,
    0x00, 0x00, 0x00, 0x00, 0x1F, 0xFF, 0xFF, 0xFF, 0x8B, 0xFF, 0xFF, 0xFF, 0xD3, 0xFF, 0xFF, 0xFF,
    0xF0, 0x00, 0x7F, 0xC0, 0x0F, 0xF4, 0x02, 0xFF, 0x00, 0x3F, 0xE0, 0x0F, 0xFC, 0x01, 0xFF, 0xC0,
    0x3F, 0xF4, 0x07, 0xFF, 0x00, 0xFF, 0xE0, 0x00, 0x00, 0xBF, 0xF0, 0x0F, 0xFD, 0x01, 0xFF, 0xC0,
    0x3F, 0xF4, 0x03, 0xFF, 0x00, 0xBF, 0xD0, 0x0F, 0xF8, 0x01, 0xFF, 0x00, 0x3F, 0xD0, 0x00, 0x02,
    0xFF, 0xC0, 0x3F, 0xF8, 0x07, 0xFF, 0x00, 0xBF, 0xE0, 0x0F, 0xFC, 0x01, 0xFF, 0x40, 0x3F, 0xF0,
    0x03, 0xFD, 0x00, 0xBF, 0x80, 0x00, 0xFF, 0xCF, 0xFC, 0xBF, 0xCB, 0xFC, 0x7F, 0xC3, 0xFC, 0x3F,
    0xC3, 0xFC, 0x2F, 0xD0, 0x00, 0x7F, 0xC0, 0x3F, 0xC0, 0x0F, 0xF4, 0x0F, 0xF8, 0x02, 0xFF, 0x01,
    0xFF, 0x00, 0x3F, 0xE0, 0x3F, 0xE0, 0x0F, 0xFC, 0x0B, 0xFD, 0x01, 0xFF, 0xC0, 0xFF, 0xC0, 0x3F,
    0xF4, 0x2F, 0xF8, 0x07, 0xFF, 0x03, 0xFF, 0x00, 0xFF, 0xE0, 0xBF, 0xF0, 0x00, 0x00, 0xBF, 0xF0,
    0xBF, 0xF0, 0x03, 0xFF, 0x43, 0xFF, 0x80, 0x1F, 0xFC, 0x1F, 0xFC, 0x00, 0xFF, 0xD0, 0xBF, 0xD0,
    0x03, 0xFF, 0x03, 0xFF, 0x00, 0x2F, 0xF0, 0x1F, 0xF4, 0x00, 0xFF, 0x80, 0xFF, 0xC0, 0x07, 0xFC,
    0x03, 0xFC, 0x00, 0x3F, 0xD0, 0x2F, 0xE0, 0x00, 0x02, 0xFF, 0xC1, 0xFF, 0xC0, 0x3F, 0xF8, 0x2F,
    0xF8, 0x07, 0xFF, 0x03, 0xFF, 0x00, 0xBF, 0xD0, 0x7F, 0xE0, 0x0F, 0xFC, 0x0F, 0xFC, 0x01, 0xFF,
    0x40, 0xFF, 0x80, 0x3F, 0xF0, 0x2F, 0xF0, 0x03, 0xFC, 0x03, 0xFD, 0x00, 0xBF, 0x80, 0x7F, 0xC0,
    0x00, 0x3F, 0xF0, 0x3F, 0xF0, 0xFF, 0xC0, 0xFF, 0xC3, 0xFF, 0x03, 0xFF, 0x0B, 0xFC, 0x0B, 0xFC,
    0x1F, 0xF0, 0x1F, 0xF0, 0x3F, 0xC0, 0x3F, 0xC0, 0xFF, 0x40, 0xFF, 0x42, 0xFD, 0x02, 0xFD, 0x07,
    0xF4, 0x07, 0xF4, 0x00, 0x01, 0xFF, 0x80, 0x00, 0x00, 0xBF, 0xD0, 0x00, 0x00, 0x2F, 0xF0, 0x00,
    0x00, 0x0B, 0xF8, 0x00, 0x00, 0x03, 0xFD, 0x00, 0x00, 0x00, 0xFF, 0x00, 0x00, 0x00, 0x3F, 0x80,
    0x00, 0x69, 0x5F, 0xE5, 0xA8, 0x2F, 0xFF, 0xFF, 0xFF, 0x0F, 0xFF, 0xFF, 0xFF, 0x83, 0xFF, 0xFF,
    0xFF, 0xD1, 0xA9, 0x7F, 0x96, 0xA0, 0x00, 0x0F, 0xD0, 0x00, 0x00, 0x07, 0xF0, 0x00, 0x00, 0x02,
    0xFC, 0x00, 0x00, 0x00, 0xFF, 0x00, 0x00, 0x00, 0x3F, 0x80, 0x00, 0x00, 0x1F, 0xE0, 0x00, 0x00,
    0x0B, 0xF4, 0x00, 0x00, 0x03, 0xFC, 0x00, 0x00, 0x01, 0xFF, 0x00, 0x00, 0x00, 0xBF, 0xC0, 0x00,
    0x00, 0x3F, 0xF0, 0x00, 0x00, 0x0F, 0xF8, 0x00, 0x00, 0x07, 0xFD, 0x00, 0x00, 0x02, 0xFF, 0x40,
    0x00, 0x00, 0xFF, 0xC0, 0x00, 0x00, 0x3F, 0xF0, 0x00, 0x00, 0x1F, 0xFC, 0x00, 0x00, 0x00, 0x00,
    0x00, 0x0F, 0xFC, 0x00, 0x00, 0x00, 0x7F, 0xE0, 0x00, 0x00, 0x01, 0xFF, 0x00, 0x00, 0x00, 0x07,
    0xFC, 0x00, 0x00, 0x00, 0x1F, 0xE0, 0x00, 0x00, 0x00, 0xBF, 0x00, 0x00, 0x05, 0x42, 0xFC, 0x15,
    0x40, 0xBF, 0xFF, 0xFF, 0xFD, 0x03, 0xFF, 0xFF, 0xFF, 0xF0, 0x0F, 0xFF, 0xFF, 0xFF, 0xC0, 0x3F,
    0xAF, 0xFA, 0xBE, 0x00, 0x00, 0x3F, 0xC0, 0x00, 0x00, 0x00, 0xFF, 0x00, 0x00, 0x00, 0x0B, 0xFC,
    0x00, 0x00, 0x00, 0x3F, 0xF0, 0x00, 0x00, 0x00, 0xFF, 0x40, 0x00, 0x00, 0x03, 0xFC, 0x00, 0x00,
    0x00, 0x0F, 0xE0, 0x00, 0x03, 0xFA, 0xBF, 0xAB, 0xF0, 0x0F, 0xFF, 0xFF, 0xFF, 0xC0, 0x7F, 0xFF,
    0xFF, 0xFE, 0x01, 0xFF, 0xFF, 0xFF, 0xF4, 0x05, 0x50, 0xFD, 0x05, 0x40, 0x00, 0x07, 0xF4, 0x00,
    0x00, 0x00, 0x2F, 0xD0, 0x00, 0x00, 0x00, 0xFF, 0x40, 0x00, 0x00, 0x07, 0xFC, 0x00, 0x00, 0x00,
    0x2F, 0xF0, 0x00, 0x00, 0x00, 0xFF, 0xC0, 0x00, 0x00, 0x02, 0xFF, 0x40, 0x0F, 0xFF, 0xE0, 0x2F,
    0xFF, 0xF4, 0x3F, 0xFF, 0xF8, 0x7F, 0xFF, 0xFC, 0x7F, 0xFF, 0xFC, 0x7F, 0xFF, 0xFC, 0x7F, 0xFF,
    0xFC, 0x3F, 0xFF, 0xF8, 0x3F, 0xFF, 0xF4, 0x0F, 0xFF, 0xE0, 0x02, 0xFF, 0x40, 0x00, 0x00, 0x00,
    0x00, 0x90, 0x00, 0x00, 0x2D, 0x00, 0x00, 0x0F, 0xE0, 0x00, 0x03, 0xFE, 0x00, 0x01, 0xFF, 0xE0,
    0x00, 0xBF, 0xFF, 0x00, 0x3F, 0xFF, 0xF0, 0x0F, 0xFF, 0xFF, 0x03, 0xFF, 0xFF, 0x41, 0xFF, 0xFD,
    0x00, 0xBF, 0xF4, 0x00, 0x3F, 0xD0, 0x00, 0x0F, 0x40, 0x00, 0x06, 0x00, 0x00, 0x00, 0x00, 0x00,
    0x00, 0x0B, 0xF0, 0xFF, 0xF7, 0xFF, 0xEF, 0xFF, 0x7F, 0xF4, 0xBF, 0x40, 0x0B, 0xE0, 0x00, 0x2F,
    0x83, 0xFF, 0x80, 0x0F, 0xFE, 0xBF, 0xFC, 0x02, 0xFF, 0xEB, 0xFF, 0x80, 0x3F, 0xFE, 0xBF, 0xF4,
    0x02, 0xFF, 0xC2, 0xFD, 0x00, 0x0B, 0xF4, 0x0B, 0xE0, 0x00, 0xBF, 0x40, 0x07, 0xF4, 0x3F, 0xF8,
    0x03, 0xFF, 0xC0, 0x2F, 0xFC, 0xBF, 0xFC, 0x07, 0xFF, 0xC0, 0x3F, 0xFD, 0xBF, 0xF8, 0x07, 0xFF,
    0xC0, 0x3F, 0xFD, 0xBF, 0xF4, 0x07, 0xFF, 0x80, 0x3F, 0xFC, 0x2F, 0xD0, 0x02, 0xFE, 0x00, 0x1F,
    0xE0, 0x07, 0xF4, 0x2F, 0xFC, 0x3F, 0xFD, 0x3F, 0xFD, 0x3F, 0xFC, 0x1F, 0xE0, 0xBF, 0xFF, 0xFC,
    0x00, 0x0F, 0x00, 0x03, 0xC0, 0x00, 0xF0, 0x00, 0x3C, 0x00, 0x0F, 0x00, 0x03, 0xC0, 0x00, 0xF0,
    0x00, 0x3C, 0x00, 0x0F, 0x00, 0x03, 0xC0, 0x00, 0xF0, 0x00, 0x3C, 0x00, 0x0F, 0x00, 0x03, 0xC0,
    0x00, 0xF0, 0x00, 0x3C, 0x00, 0x0F, 0x00, 0x03, 0xC0, 0x00, 0xF0, 0x00, 0x3C, 0x00, 0x0F, 0x00,
    0x03, 0xC0, 0x00, 0xF0, 0x00, 0x3C, 0x00, 0x0F, 0x00, 0x02, 0x80, 0x00, 0xFF, 0xFF, 0x80, 0x00,
    0xF0, 0x00, 0x3C, 0x00, 0x0F, 0x00, 0x03, 0xC0, 0x00, 0xF0, 0x00, 0x3C, 0x00, 0x0F, 0x00, 0x03,
    0xC0, 0x00, 0xF0, 0x00, 0x3C, 0x00, 0x0F, 0x00, 0x03, 0xC0, 0x00, 0xF0, 0x00, 0x3C, 0x00, 0x0F,
    0x00, 0x03, 0xC0, 0x00, 0xF0, 0x00, 0x3C, 0x00, 0x0F, 0x00, 0x03, 0xC0, 0x00, 0xF0, 0x00, 0x3C,
    0x00, 0x0F, 0x00, 0x03, 0xC0, 0x00, 0xF0, 0x00, 0x3C, 0x00, 0x0A, 0x7F, 0xFF, 0xD7, 0xFF, 0xFD,
    0x7F, 0xFF, 0xD7, 0xFF, 0xFD, 0x7F, 0xFF, 0xD7, 0xFF, 0xFD, 0x7F, 0xFF, 0xD7, 0xFF, 0xFD, 0x00,
    0xF0, 0x00, 0x0F, 0x00, 0x00, 0xF0, 0x00, 0x0F, 0x00, 0x00, 0xF0, 0x00, 0x0F, 0x00, 0x00, 0xF0,
    0x00, 0x0F, 0x00, 0x00, 0xF0, 0x00, 0x0F, 0x00, 0x00, 0xF0, 0x00, 0x0F, 0x00, 0x00, 0xF0, 0x00,
    0x0F, 0x00, 0x00, 0xF0, 0x00, 0x0F, 0x00, 0x00, 0xF0, 0x00, 0x0F, 0x00, 0x00, 0xF0, 0x00, 0x0F,
    0x00, 0x00, 0xF0, 0x00, 0x0F, 0x00, 0x00, 0xF0, 0x00, 0x7F, 0xFF, 0xD7, 0x40, 0x00, 0x70, 0x00,
    0x07, 0x00, 0x00, 0x70, 0x00, 0x07, 0x00, 0x00, 0x70, 0x00, 0x07, 0xFF, 0xFD, 0x00, 0xF0, 0x00,
    0x0F, 0x00, 0x00, 0xF0, 0x00, 0x0F, 0x00, 0x00, 0xF0, 0x00, 0x0F, 0x00, 0x00, 0xF0, 0x00, 0x0F,
    0x00, 0x00, 0xF0, 0x00, 0x0F, 0x00, 0x00, 0xF0, 0x00, 0x0F, 0x00, 0x00, 0xF0, 0x00, 0x0F, 0x00,
    0x00, 0xF0, 0x00, 0x0F, 0x00, 0x00, 0xF0, 0x00, 0x0F, 0x00, 0x00, 0xF0, 0x00, 0x0F, 0x00, 0x00,
    0xF0, 0x00, 0x0F, 0x00, 0x00, 0xF0, 0x00, 0x00, 0x00, 0x7F, 0xFF, 0xD0, 0x00, 0x1D, 0x00, 0x00,
    0xD0, 0x00, 0x0D, 0x00, 0x00, 0xD0, 0x00, 0x0D, 0x00, 0x00, 0xD7, 0xFF, 0xFD, 0x00, 0xF0, 0x00,
    0x0F, 0x00, 0x00, 0xF0, 0x00, 0x0F, 0x00, 0x00, 0xF0, 0x00, 0x0F, 0x00, 0x00, 0xF0, 0x00, 0x0F,
    0x00, 0x00, 0xF0, 0x00, 0x0F, 0x00, 0x00, 0xF0, 0x00, 0x0F, 0x00, 0x00, 0xF0, 0x00, 0x0F, 0x00,
    0x00, 0xF0, 0x00, 0x0F, 0x00, 0x00, 0xF0, 0x00, 0x0F, 0x00, 0x00, 0xF0, 0x00, 0x0F, 0x00, 0x00,
    0xF0, 0x00, 0x0F, 0x00, 0x00, 0xF0, 0x00, 0x00, 0x00, 0x00, 0x2F, 0xF4, 0x00, 0x00, 0x0F, 0xF0,
    0x00, 0x00, 0x00, 0x00, 0x07, 0xFF, 0xF8, 0x00, 0x00, 0xFF, 0x40, 0x00, 0x00, 0x00, 0x00, 0x7F,
    0xFF, 0xF4, 0x00, 0x0B, 0xF8, 0x00, 0x00, 0x00, 0x00, 0x03, 0xFF, 0xFF, 0xF0, 0x00, 0x7F, 0xC0,
    0x00, 0x00, 0x00, 0x00, 0x2F, 0xF4, 0xBF, 0xC0, 0x03, 0xFC, 0x00, 0x00, 0x00, 0x00, 0x00, 0xFF,
    0x81, 0xFF, 0x00, 0x3F, 0xD0, 0x00, 0x00, 0x00, 0x00, 0x07, 0xFD, 0x0B, 0xFC, 0x02, 0xFE, 0x00,
    0x00, 0x00, 0x00, 0x00, 0x2F, 0xF0, 0x2F, 0xF0, 0x1F, 0xF0, 0x00, 0x00, 0x00, 0x00, 0x00, 0xFF,
    0xC0, 0xFF, 0x80, 0xFF, 0x00, 0x00, 0x00, 0x00, 0x00, 0x03, 0xFE, 0x03, 0xFD, 0x0F, 0xF4, 0x00,
    0x00, 0x00, 0x00, 0x00, 0x0F, 0xF8, 0x2F, 0xF0, 0xBF, 0x86, 0xFE, 0x00, 0x00, 0xBF, 0xE0, 0x3F,
    0xF1, 0xFF, 0x87, 0xFC, 0xBF, 0xFF, 0x40, 0x0F, 0xFF, 0xF0, 0xBF, 0xFF, 0xFC, 0x3F, 0xDB, 0xFF,
    0xFF, 0x00, 0xFF, 0xFF, 0xE1, 0xFF, 0xFF, 0xE3, 0xFE, 0x7F, 0xFF, 0xFD, 0x0B, 0xFF, 0xFF, 0xC2,
    0xFF, 0xFE, 0x2F, 0xF3, 0xFF, 0x4F, 0xF8, 0x7F, 0xF1, 0xFF, 0x01, 0xFF, 0x81, 0xFF, 0x0F, 0xF8,
    0x3F, 0xE2, 0xFF, 0x03, 0xFD, 0x00, 0x00, 0x0F, 0xF4, 0xBF, 0xC0, 0xFF, 0x8F, 0xF8, 0x0F, 0xF4,
    0x00, 0x00, 0xBF, 0x83, 0xFF, 0x03, 0xFE, 0x3F, 0xD0, 0x7F, 0xC0, 0x00, 0x07, 0xFC, 0x0F, 0xF8,
    0x0F, 0xF9, 0xFF, 0x01, 0xFF, 0x00, 0x00, 0x3F, 0xC0, 0x3F, 0xD0, 0x7F, 0xDB, 0xFC, 0x0B, 0xFC,
    0x00, 0x03, 0xFD, 0x00, 0xFF, 0x42, 0xFF, 0x2F, 0xF0, 0x3F, 0xE0, 0x00, 0x2F, 0xE0, 0x03, 0xFD,
    0x0F, 0xFC, 0xBF, 0xC1, 0xFF, 0x40, 0x01, 0xFF, 0x00, 0x0F, 0xF8, 0xBF, 0xD2, 0xFF, 0x0F, 0xFC,
    0x00, 0x0F, 0xF0, 0x00, 0x3F, 0xFF, 0xFF, 0x07, 0xFF, 0xFF, 0xD0, 0x00, 0xFF, 0x40, 0x00, 0xBF,
    0xFF, 0xF0, 0x0F, 0xFF, 0xFE, 0x00, 0x0B, 0xF8, 0x00, 0x00, 0xFF, 0xFF, 0x40, 0x1F, 0xFF, 0xE0,
    0x00, 0x7F, 0xC0, 0x00, 0x00, 0x7F, 0xE0, 0x00, 0x0B, 0xFD, 0x00, 0x00, 0x00, 0x2F, 0xF4, 0x00,
    0x00, 0x0F, 0xF0, 0x00, 0x00, 0x00, 0x00, 0x00, 0x00, 0x00, 0x01, 0xFF, 0xFE, 0x00, 0x00, 0x3F,
    0xD0, 0x00, 0x00, 0x00, 0x00, 0x00, 0x00, 0x00, 0x07, 0xFF, 0xFF, 0x40, 0x00, 0xBF, 0x80, 0x00,
    0x00, 0x00, 0x00, 0x00, 0x00, 0x00, 0x0F, 0xFF, 0xFF, 0xC0, 0x01, 0xFF, 0x00, 0x00, 0x00, 0x00,
    0x00, 0x00, 0x00, 0x00, 0x2F, 0xF4, 0xBF, 0xC0, 0x03, 0xFC, 0x00, 0x00, 0x00, 0x00, 0x00, 0x00,
    0x00, 0x00, 0x3F, 0xE0, 0x7F, 0xC0, 0x0F, 0xF4, 0x00, 0x00, 0x00, 0x00, 0x00, 0x00, 0x00, 0x00,
    0x7F, 0xD0, 0xBF, 0xC0, 0x2F, 0xE0, 0x00, 0x00, 0x00, 0x00, 0x00, 0x00, 0x00, 0x00, 0xBF, 0xC0,
    0xBF, 0xC0, 0x7F, 0xC0, 0x00, 0x00, 0x00, 0x00, 0x00, 0x00, 0x00, 0x00, 0xFF, 0xC0, 0xFF, 0x80,
    0xFF, 0x00, 0x00, 0x00, 0x00, 0x00, 0x00, 0x00, 0x00, 0x00, 0xFF, 0x80, 0xFF, 0x43, 0xFD, 0x00,
    0x00, 0x00, 0x00, 0x00, 0x00, 0x00, 0x00, 0x00, 0xFF, 0x82, 0xFF, 0x0B, 0xF8, 0x6F, 0xE0, 0x00,
    0x0B, 0xFE, 0x00, 0x00, 0xBF, 0x90, 0xFF, 0xC7, 0xFE, 0x1F, 0xF2, 0xFF, 0xFD, 0x00, 0x3F, 0xFF,
    0xC0, 0x0B, 0xFF, 0xF8, 0xBF, 0xFF, 0xFC, 0x3F, 0xDB, 0xFF, 0xFF, 0x00, 0xFF, 0xFF, 0xE0, 0x1F,
    0xFF, 0xFC, 0x7F, 0xFF, 0xF8, 0xFF, 0x9F, 0xFF, 0xFF, 0x42, 0xFF, 0xFF, 0xF0, 0x3F, 0xFF, 0xFE,
    0x2F, 0xFF, 0xE2, 0xFF, 0x3F, 0xF4, 0xFF, 0x87, 0xFF, 0x1F, 0xF0, 0xBF, 0xD3, 0xFF, 0x07, 0xFE,
    0x07, 0xFC, 0x3F, 0xE0, 0xFF, 0x8B, 0xFC, 0x0F, 0xF4, 0xFF, 0x82, 0xFF, 0x00, 0x00, 0x0F, 0xF4,
    0xBF, 0xC0, 0xFF, 0x8F, 0xF8, 0x0F, 0xF5, 0xFF, 0x42, 0xFF, 0x00, 0x00, 0x2F, 0xE0, 0xFF, 0xC0,
    0xFF, 0x8F, 0xF4, 0x1F, 0xF2, 0xFF, 0x02, 0xFF, 0x00, 0x00, 0x7F, 0xC0, 0xFF, 0x80, 0xFF, 0x9F,
    0xF0, 0x1F, 0xF3, 0xFF, 0x03, 0xFE, 0x00, 0x00, 0xFF, 0x00, 0xFF, 0x41, 0xFF, 0x6F, 0xF0, 0x2F,
    0xF3, 0xFE, 0x03, 0xFD, 0x00, 0x03, 0xFD, 0x00, 0xFF, 0x42, 0xFF, 0x2F, 0xF0, 0x3F, 0xE3, 0xFE,
    0x07, 0xFC, 0x00, 0x0B, 0xF8, 0x00, 0xFF, 0x43, 0xFF, 0x2F, 0xF0, 0x7F, 0xD3, 0xFD, 0x0F, 0xFC,
    0x00, 0x1F, 0xF0, 0x00, 0xFF, 0x8B, 0xFD, 0x2F, 0xF0, 0xFF, 0xC3, 0xFE, 0x2F, 0xF4, 0x00, 0x3F,
    0xC0, 0x00, 0xFF, 0xFF, 0xFC, 0x1F, 0xFF, 0xFF, 0x43, 0xFF, 0xFF, 0xF0, 0x00, 0xFF, 0x40, 0x00,
    0xBF, 0xFF, 0xF0, 0x0F, 0xFF, 0xFE, 0x01, 0xFF, 0xFF, 0xD0, 0x02, 0xFE, 0x00, 0x00, 0x3F, 0xFF,
    0xD0, 0x07, 0xFF, 0xF8, 0x00, 0xBF, 0xFF, 0x40, 0x07, 0xFC, 0x00, 0x00, 0x07, 0xFE, 0x00, 0x00,
    0xBF, 0xD0, 0x00, 0x1F, 0xF8, 0x00, 0x00, 0x1F, 0xF8, 0x00, 0x3F, 0xF0, 0x00, 0xBF, 0xC0, 0x00,
    0xFF, 0x80, 0x02, 0xFF, 0x00, 0x07, 0xFC, 0x00, 0x0F, 0xF4, 0x00, 0x1F, 0xE0, 0x00, 0x3F, 0xC0,
    0x00, 0x2A, 0x00, 0x00, 0x00, 0x1F, 0xF8, 0x0B, 0xFD, 0x00, 0x3F, 0xF0, 0x1F, 0xF8, 0x00, 0x7F,
    0xD0, 0x3F, 0xF0, 0x00, 0xFF, 0x80, 0x7F, 0xD0, 0x02, 0xFF, 0x00, 0xFF, 0x80, 0x03, 0xFD, 0x02,
    0xFF, 0x00, 0x0B, 0xF8, 0x03, 0xFC, 0x00, 0x1F, 0xF0, 0x0B, 0xF8, 0x00, 0x3F, 0xC0, 0x0F, 0xF0,
    0x00, 0x7F, 0x80, 0x2F, 0xC0, 0x00, 0x00, 0x1F, 0xF8, 0x0B, 0xFD, 0x03, 0xFF, 0x00, 0x0F, 0xFC,
    0x07, 0xFE, 0x02, 0xFF, 0x40, 0x07, 0xFD, 0x03, 0xFF, 0x00, 0xFF, 0x80, 0x03, 0xFE, 0x01, 0xFF,
    0x40, 0xFF, 0xC0, 0x02, 0xFF, 0x00, 0xFF, 0x80, 0x7F, 0xC0, 0x00, 0xFF, 0x40, 0xBF, 0xC0, 0x3F,
    0xE0, 0x00, 0xBF, 0x80, 0x3F, 0xC0, 0x1F, 0xF0, 0x00, 0x7F, 0xC0, 0x2F, 0xE0, 0x0F, 0xF0, 0x00,
    0x3F, 0xC0, 0x0F, 0xF0, 0x0B, 0xF4, 0x00, 0x1F, 0xE0, 0x0B, 0xF0, 0x03, 0xFC, 0x00, 0x00, 0x3F,
    0xF0, 0x01, 0xFF, 0x80, 0x0B, 0xFC, 0x00, 0x3F, 0xD0, 0x02, 0xFF, 0x00, 0x0F, 0xF0, 0x00, 0x7F,
    0x80, 0x03, 0xFC, 0x00, 0x1F, 0xD0, 0x00, 0x69, 0x3F, 0xF0, 0x0F, 0xFC, 0x00, 0x7F, 0xE0, 0x2F,
    0xF0, 0x00, 0xFF, 0xC0, 0x3F, 0xE0, 0x00, 0xFF, 0x40, 0xBF, 0xC0, 0x02, 0xFE, 0x00, 0xFF, 0x40,
    0x03, 0xFC, 0x02, 0xFE, 0x00, 0x0B, 0xF4, 0x03, 0xFC, 0x00, 0x0F, 0xF0, 0x07, 0xF4, 0x00, 0x2F,
    0xD0, 0x0F, 0xF0, 0x00, 0x3F, 0x80, 0x1F, 0xD0, 0x3F, 0xF0, 0x0F, 0xFC, 0x0B, 0xFD, 0x00, 0x1F,
    0xF8, 0x0B, 0xFC, 0x03, 0xFF, 0x00, 0x0F, 0xFC, 0x03, 0xFE, 0x02, 0xFF, 0x00, 0x03, 0xFD, 0x02,
    0xFF, 0x00, 0xFF, 0x80, 0x02, 0xFE, 0x00, 0xFF, 0x40, 0x7F, 0xC0, 0x00, 0xFF, 0x00, 0xBF, 0x80,
    0x3F, 0xD0, 0x00, 0xBF, 0x40, 0x3F, 0xC0, 0x1F, 0xE0, 0x00, 0x3F, 0xC0, 0x1F, 0xD0, 0x0F, 0xF0,
    0x00, 0x2F, 0xD0, 0x0F, 0xF0, 0x07, 0xF8, 0x00, 0x0F, 0xE0, 0x07, 0xF4, 0x03, 0xFC, 0x00, 0x02,
    0xE0, 0x00, 0x00, 0xFC, 0x00, 0x00, 0xFF, 0x00, 0x00, 0x7F, 0xC0, 0x00, 0x3F, 0xF4, 0x00, 0x2F,
    0x2E, 0x00, 0x1F, 0x87, 0xC0, 0x0F, 0xC1, 0xF0, 0x0B, 0xD0, 0x3D, 0x03, 0xE0, 0x0F, 0x83, 0xF0,
    0x03, 0xF2, 0xF4, 0x00, 0xBC, 0x00, 0x00, 0x00, 0x00, 0x03, 0x40, 0x00, 0x0B, 0xE0, 0x00, 0x2F,
    0xF8, 0x00, 0x7F, 0xF8, 0x01, 0xFF, 0xF0, 0x03, 0xFF, 0xC0, 0x0F, 0xFF, 0x00, 0x3F, 0xFD, 0x00,
    0xBF, 0xF8, 0x00, 0x7F, 0xF4, 0x00, 0x3F, 0xF8, 0x00, 0x2F, 0xFC, 0x00, 0x0F, 0xFD, 0x00, 0x0B,
    0xFF, 0x00, 0x03, 0xFF, 0x40, 0x03, 0xFF, 0x40, 0x01, 0xE4, 0x00, 0x00, 0x00, 0x00, 0x00, 0x00,
    0x00, 0x00, 0x74, 0x00, 0x2F, 0xF0, 0x00, 0xFF, 0xC0, 0x02, 0xFF, 0x80, 0x07, 0xFF, 0x00, 0x0F,
    0xFE, 0x00, 0x2F, 0xFC, 0x00, 0x3F, 0xF4, 0x00, 0xFF, 0xF0, 0x0F, 0xFF, 0x40, 0xBF, 0xF4, 0x0B,
    0xFF, 0x80, 0x7F, 0xF8, 0x03, 0xFF, 0xC0, 0x2F, 0xFC, 0x00, 0x2F, 0xC0, 0x00, 0x2C, 0x00, 0x00,
    0x00, 0x00, 0x00, 0x00, 0x00, 0x00, 0x2F, 0x80, 0x00, 0x00, 0x00, 0x1C, 0x00, 0x0F, 0xFD, 0x00,
    0x03, 0x40, 0x07, 0xF0, 0x00, 0xFF, 0xE0, 0x00, 0xFC, 0x01, 0xFF, 0x80, 0x0F, 0xFE, 0x00, 0x3F,
    0xF0, 0x0F, 0xFE, 0x00, 0xFF, 0xD0, 0x0F, 0xFE, 0x00, 0x3F, 0xF8, 0x02, 0xF8, 0x03, 0xFF, 0x80,
    0x00, 0xFF, 0xE0, 0x00, 0x00, 0xFF, 0xE0, 0x00, 0x03, 0xFF, 0x80, 0x00, 0x3F, 0xFC, 0x00, 0x00,
    0x0F, 0xFE, 0x00, 0x0F, 0xFF, 0x00, 0x00, 0x00, 0x3F, 0xF8, 0x02, 0xFF, 0xC0, 0x00, 0x00, 0x01,
    0xFF, 0xD0, 0xBF, 0xF0, 0x00, 0x00, 0x00, 0x07, 0xFF, 0x6F, 0xFC, 0x00, 0x00, 0x2F, 0x80, 0x1F,
    0xFF, 0xFF, 0x00, 0x3F, 0x47, 0xFE, 0x00, 0x7F, 0xFF, 0xC0, 0x0F, 0xFC, 0xBF, 0xF0, 0x01, 0xFF,
    0xF0, 0x00, 0xFF, 0xDB, 0xFF, 0x00, 0x1F, 0xFF, 0x40, 0x0F, 0xFD, 0x7F, 0xE0, 0x0B, 0xFF, 0xFD,
    0x00, 0xFF, 0xC2, 0xF8, 0x02, 0xFF, 0xFF, 0xF4, 0x03, 0xF4, 0x00, 0x00, 0xBF, 0xF6, 0xFF, 0xD0,
    0x00, 0x00, 0x00, 0x2F, 0xFD, 0x0B, 0xFF, 0x40, 0x00, 0x00, 0x0B, 0xFF, 0x00, 0x2F, 0xFD, 0x00,
    0x00, 0x03, 0xFF, 0xC0, 0x00, 0x7F, 0xF8, 0x00, 0x00, 0xFF, 0xF0, 0x00, 0x01, 0xFF, 0xE0, 0x00,
    0x3F, 0xFC, 0x02, 0xF8, 0x07, 0xFF, 0x80, 0x0F, 0xFF, 0x00, 0xFF, 0xD0, 0x1F, 0xFE, 0x00, 0xFF,
    0x80, 0x0F, 0xFE, 0x00, 0x7F, 0xF0, 0x03, 0xE0, 0x00, 0xFF, 0xE0, 0x00, 0xFC, 0x00, 0x08, 0x00,
    0x0F, 0xFD, 0x00, 0x03, 0x00, 0x00, 0x00, 0x00, 0x2F, 0x80, 0x00, 0x00, 0x00, 0x00, 0x1F, 0xFF,
    0x00, 0xFF, 0xF0, 0x00, 0xBF, 0xF8, 0x07, 0xFF, 0xC0, 0x03, 0xFF, 0xD0, 0x2F, 0xFE, 0x00, 0x0F,
    0xFF, 0x00, 0xBF, 0xF4, 0x00, 0x3F, 0xFC, 0x03, 0xFF, 0xC0, 0x01, 0xFF, 0xD0, 0x0F, 0xFF, 0x00,
    0x0B, 0xFF, 0x00, 0x3F, 0xF8, 0x00, 0x2F, 0xFC, 0x01, 0xFF, 0xD0, 0x00, 0xFF, 0xE0, 0x0B, 0xFF,
    0x00, 0x03, 0xFF, 0x40, 0x2F, 0xFC, 0x00, 0x0F, 0xFC, 0x00, 0xFF, 0xE0, 0x00, 0x7F, 0xF0, 0x03,
    0xFF, 0x00, 0x02, 0xFF, 0x80, 0x0F, 0xFC, 0x00, 0x0B, 0xFD, 0x00, 0x7F, 0xE0, 0x00, 0x3F, 0xF0,
    0x02, 0xFF, 0x40, 0x00, 0xFF, 0xC0, 0x0B, 0xFC, 0x00, 0x03, 0xFE, 0x00, 0x3F, 0xF0, 0x00, 0x1F,
    0xF4, 0x00, 0xFF, 0x80, 0x00, 0x00, 0x00, 0x00, 0x00, 0x00, 0x00, 0x00, 0x00, 0x00, 0x00, 0x00,
    0x00, 0x00, 0x00, 0x00, 0x00, 0x00, 0x2F, 0xC0, 0x02, 0xFD, 0x00, 0x03, 0xFF, 0xC0, 0x2F, 0xFC,
    0x00, 0x1F, 0xFF, 0x00, 0xFF, 0xF4, 0x00, 0xBF, 0xFC, 0x07, 0xFF, 0xC0, 0x01, 0xFF, 0xD0, 0x0F,
    0xFE, 0x00, 0x02, 0xFD, 0x00, 0x1F, 0xE0, 0x00, 0x00, 0x00, 0x6F, 0xFE, 0x00, 0x1F, 0xFF, 0xFF,
    0xD0, 0xBF, 0xFF, 0xFF, 0xF4, 0x3F, 0xFF, 0xFF, 0xFC, 0x3F, 0xFF, 0xEF, 0xFD, 0x1E, 0xFF, 0x4B,
    0xFD, 0x01, 0xFF, 0x0B, 0xFD, 0x02, 0xFF, 0x0B, 0xFD, 0x02, 0xFE, 0x1F, 0xFC, 0x03, 0xFD, 0x7F,
    0xF4, 0x03, 0xFE, 0xFF, 0xE0, 0x03, 0xFF, 0xFF, 0x80, 0x07, 0xFF, 0xFD, 0x00, 0x0B, 0xFF, 0xF0,
    0x00, 0x0B, 0xFF, 0x80, 0x00, 0x0F, 0xFE, 0x00, 0x00, 0x0F, 0xFC, 0x00, 0x00, 0x0F, 0xF8, 0x00,
    0x00, 0x00, 0x00, 0x00, 0x00, 0x00, 0x00, 0x00, 0x00, 0x00, 0x00, 0x00, 0x00, 0x1F, 0xE0, 0x00,
    0x00, 0x7F, 0xF4, 0x00, 0x00, 0xFF, 0xF8, 0x00, 0x00, 0xFF, 0xF4, 0x00, 0x00, 0xBF, 0xF0, 0x00,
    0x00, 0x3F, 0x80, 0x00, 0x00, 0x1F, 0xFF, 0xFF, 0xFF, 0xE2, 0xFF, 0xFF, 0xFF, 0xFD, 0x3F, 0xFF,
    0xFF, 0xFF, 0xD3, 0xFF, 0xFF, 0xFF, 0xFC, 0x20, 0x00, 0x00, 0x00, 0x13, 0xC0, 0x00, 0x00, 0x01,
    0xEB, 0x80, 0x00, 0x00, 0x0F, 0x0F, 0x00, 0x00, 0x01, 0xF4, 0x2F, 0x40, 0x00, 0x2F, 0x80, 0x2F,
    0x90, 0x1B, 0xF4, 0x00, 0x2F, 0xFF, 0xFF, 0x00, 0x00, 0x0B, 0xFF, 0x90, 0x00, 0x00, 0x00, 0x00,
    0x00, 0x00, 0x00, 0x06, 0xFF, 0xE4, 0x00, 0x00, 0x7F, 0xFF, 0xFF, 0x00, 0x02, 0xFE, 0x00, 0x2F,
    0xC0, 0x0B, 0xD0, 0x00, 0x03, 0xF0, 0x1F, 0x00, 0x00, 0x00, 0xF4, 0x3C, 0x00, 0x00, 0x00, 0x78,
    0xB4, 0x00, 0x00, 0x00, 0x3C, 0x10, 0x00, 0x00, 0x00, 0x10, 0x00, 0x00, 0x00, 0x00, 0x68, 0x00,
    0x00, 0x00, 0x01, 0xF8, 0x00, 0x00, 0x00, 0x03, 0xF0, 0x00, 0x00, 0x00, 0x0B, 0xD0, 0x00, 0x00,
    0x00, 0x1F, 0xC0, 0x00, 0x00, 0x00, 0x3F, 0x00, 0x00, 0x00, 0x00, 0xBE, 0x00, 0x00, 0x00, 0x00,
    0xFC, 0x00, 0x00, 0x00, 0x03, 0xF4, 0x00, 0x00, 0x00, 0x07, 0xE0, 0x00, 0x00, 0x00, 0x0F, 0xC0,
    0x00, 0x00, 0x00, 0x2F, 0x40, 0x00, 0x00, 0x00, 0x7F, 0x00, 0x00, 0x00, 0x00, 0xFC, 0x00, 0x00,
    0x00, 0x02, 0xFC, 0x00, 0x00, 0x00, 0x03, 0xFC, 0x00, 0x00, 0x00, 0x0F, 0xFD, 0x00, 0x00, 0x00,
    0x1F, 0xBE, 0x00, 0x00, 0x00, 0x3F, 0x2F, 0x00, 0x00, 0x00, 0xBD, 0x1F, 0x00, 0x00, 0x01, 0xFC,
    0x0F, 0x40, 0x00, 0x03, 0xF0, 0x0F, 0x80, 0x00, 0x0B, 0xE0, 0x0F, 0xC0, 0x00, 0x0F, 0xC0, 0x0B,
    0xC0, 0x00, 0x3F, 0x40, 0x07, 0xD0, 0x00, 0x00, 0x00, 0x00, 0x00, 0x00, 0x09, 0x00, 0x00, 0x00,
    0x00, 0x00, 0x00, 0x00, 0x00, 0x00, 0x01, 0xFF, 0x00, 0x00, 0x00, 0x00, 0x00, 0x00, 0x00, 0x00,
    0x00, 0x2F, 0xF0, 0x00, 0x00, 0x00, 0x00, 0x00, 0x00, 0x00, 0x00, 0x02, 0xFE, 0x00, 0x00, 0x00,
    0x00, 0x00, 0x00, 0x00, 0x07, 0x00, 0x2F, 0xD0, 0x00, 0x00, 0x00, 0x00, 0x00, 0x00, 0x00, 0xBE,
    0x03, 0xFC, 0x00, 0x00, 0x00, 0x00, 0x00, 0x00, 0x00, 0x0F, 0xFE, 0x3F, 0x80, 0x00, 0x00, 0x00,
    0x00, 0x00, 0x00, 0x01, 0xFF, 0xFF, 0xFA, 0xAA, 0x80, 0x00, 0x00, 0x00, 0x00, 0x00, 0x0B, 0xFF,
    0xFF, 0xFF, 0xFC, 0x00, 0x00, 0x00, 0x00, 0x00, 0x00, 0x01, 0xBF, 0xFF, 0xFF, 0xC0, 0x00, 0x00,
    0x00, 0x00, 0x00, 0x00, 0x07, 0xFF, 0xFF, 0xFC, 0x00, 0x00, 0x00, 0x00, 0x00, 0x00, 0x01, 0xFF,
    0xFC, 0x16, 0x80, 0x00, 0x00, 0x00, 0x00, 0x00, 0x00, 0xBF, 0xFF, 0xD0, 0x00, 0x00, 0x00, 0x00,
    0x00, 0x00, 0x00, 0x2F, 0xF8, 0xFF, 0x00, 0x00, 0x00, 0x00, 0x00, 0x00, 0x00, 0x07, 0xFF, 0x0F,
    0xF4, 0x00, 0x00, 0x00, 0x00, 0x00, 0x00, 0x00, 0x1F, 0xD0, 0xBF, 0xC0, 0x00, 0x00, 0x00, 0x00,
    0x00, 0x3E, 0x90, 0x78, 0x07, 0xFD, 0x00, 0xF9, 0x00, 0x00, 0x00, 0x03, 0xFE, 0x00, 0x00, 0x3F,
    0x80, 0x0F, 0xF8, 0x00, 0x00, 0x00, 0x3F, 0xD0, 0x00, 0x01, 0x00, 0x00, 0xFF, 0x00, 0x00, 0x40,
    0x03, 0xFC, 0x00, 0x00, 0x01, 0x00, 0x1F, 0xF0, 0x00, 0x0F, 0x80, 0x3F, 0x80, 0x00, 0x00, 0x3D,
    0x01, 0xFD, 0x00, 0x01, 0xFF, 0x47, 0xF4, 0x00, 0x00, 0x0B, 0xFD, 0x1F, 0xC0, 0x00, 0x2F, 0xFF,
    0xBF, 0x00, 0x00, 0x00, 0xFF, 0xFF, 0xFC, 0x00, 0x03, 0xFF, 0xFF, 0xFF, 0xFF, 0xC0, 0x0F, 0xFF,
    0xFF, 0xFF, 0xFE, 0x01, 0xBF, 0xFF, 0xFF, 0xFC, 0x00, 0x07, 0xFF, 0xFF, 0xFF, 0xE0, 0x00, 0xBF,
    0xFF, 0xFF, 0x80, 0x00, 0x02, 0xFF, 0xFF, 0xFE, 0x00, 0x1F, 0xFF, 0xEF, 0xF8, 0x00, 0x00, 0x7F,
    0xFE, 0xBF, 0xD0, 0x07, 0xFF, 0xFC, 0x00, 0x00, 0x00, 0x2F, 0xFF, 0xE0, 0x00, 0x01, 0xFF, 0xAF,
    0xD0, 0x00, 0x00, 0x0B, 0xFE, 0xFF, 0x00, 0x00, 0xBF, 0xF1, 0xFF, 0x00, 0x00, 0x02, 0xFF, 0xCB,
    0xF8, 0x00, 0x0B, 0xFD, 0x0F, 0xF0, 0x00, 0x00, 0x2F, 0xF0, 0x7F, 0xC0, 0x00, 0x1F, 0x80, 0xFF,
    0x80, 0x00, 0x00, 0xBD, 0x03, 0xFE, 0x00, 0x00, 0x20, 0x0B, 0xFC, 0x00, 0x00, 0x01, 0x80, 0x3F,
    0xF0, 0x00, 0x00, 0x00, 0x79, 0x00, 0x00, 0x00, 0x00, 0x02, 0xE0, 0x00, 0x00, 0x00, 0x00, 0x00,
    0x00, 0x00, 0x00, 0x00, 0x00, 0x00, 0x00, 0x0A, 0xAA, 0xA8, 0x1F, 0xFF, 0xFC, 0x2F, 0xFF, 0xF8,
    0x3F, 0xFF, 0xF8, 0x3F, 0xFF, 0xF4, 0x00, 0x00, 0x00, 0x00, 0x01, 0xFF, 0x00, 0x00, 0x00, 0x00,
    0x00, 0xFF, 0x40, 0x00, 0x00, 0x00, 0x00, 0xBF, 0x80, 0x00, 0x00, 0x00, 0x00, 0x7F, 0xC0, 0x00,
    0x00, 0x00, 0x00, 0x3F, 0xC0, 0x00, 0x00, 0x00, 0x00, 0x3F, 0xD0, 0x00, 0x00, 0x00, 0x00, 0x2F,
    0xE0, 0x00, 0x00, 0x00, 0x00, 0x1F, 0xF0, 0x00, 0x00, 0x00, 0x00, 0x0F, 0xF4, 0x00, 0x00, 0x00,
    0x00, 0x0F, 0xF8, 0x00, 0x00, 0x00, 0x00, 0x0B, 0xFC, 0x00, 0x00, 0x00, 0x00, 0x07, 0xFC, 0x00,
    0x00, 0x00, 0x00, 0x03, 0xFD, 0x00, 0x00, 0x00, 0x00, 0x03, 0xFE, 0x00, 0x00, 0x00, 0x00, 0x02,
    0xFF, 0x00, 0x00, 0x00, 0x00, 0x01, 0xFF, 0x00, 0x00, 0x00, 0x00, 0x00, 0xFF, 0x40, 0x00, 0x00,
    0x00, 0x00, 0xFF, 0x80, 0x00, 0x00, 0x00, 0x00, 0xBF, 0xC0, 0x00, 0x00, 0x00, 0x00, 0x7F, 0xC0,
    0x00, 0x00, 0x00, 0x00, 0x3F, 0xD0, 0x00, 0x00, 0x00, 0x00, 0x2F, 0xE0, 0x00, 0x00, 0x00, 0x00,
    0x1F, 0xF0, 0x00, 0x00, 0x00, 0x00, 0x0F, 0xF4, 0x00, 0x00, 0x00, 0x00, 0x0F, 0xF8, 0x00, 0x00,
    0x00, 0x00, 0x0B, 0xFC, 0x00, 0x00, 0x00, 0x00, 0x07, 0xFC, 0x00, 0x00, 0x00, 0x00, 0x00, 0x00,
    0x03, 0xFF, 0xFF, 0x00, 0x03, 0xFF, 0xFE, 0x00, 0x03, 0xFF, 0xFD, 0x00, 0x07, 0xFF, 0xFC, 0x00,
    0x0B, 0xFC, 0x00, 0x00, 0x0F, 0xFC, 0x00, 0x00, 0x0F, 0xF8, 0x00, 0x00, 0x1F, 0xF4, 0x00, 0x00,
    0x2F, 0xF0, 0x00, 0x00, 0x2F, 0xF0, 0x00, 0x00, 0x3F, 0xF0, 0x00, 0x00, 0x3F, 0xE0, 0x00, 0x00,
    0x7F, 0xD0, 0x00, 0x00, 0xBF, 0xC0, 0x00, 0x00, 0xFF, 0xEA, 0x40, 0x00, 0xFF, 0xFF, 0x80, 0x00,
    0xFF, 0xFF, 0x40, 0x01, 0xFF, 0xFF, 0x40, 0x02, 0xFF, 0xFF, 0x00, 0x03, 0xFF, 0x00, 0x00, 0x03,
    0xFE, 0x00, 0x00, 0x03, 0xFD, 0x00, 0x00, 0x07, 0xFD, 0x00, 0x00, 0x0B, 0xFC, 0x00, 0x00, 0x0F,
    0xFC, 0x00, 0x00, 0x0F, 0xF8, 0x00, 0x00, 0x1F, 0xF4, 0x00, 0x00, 0x2F, 0xF0, 0x00, 0x00, 0x2F,
    0xF0, 0x00, 0x00, 0x3F, 0xFF, 0xE0, 0x00, 0x3F, 0xFF, 0xE0, 0x00, 0x7F, 0xFF, 0xD0, 0x00, 0xBF,
    0xFF, 0xC0, 0x00, 0x00, 0x02, 0xFF, 0xFF, 0x00, 0x00, 0xFF, 0xFF, 0xC0, 0x00, 0x3F, 0xFF, 0xE0,
    0x00, 0x1F, 0xFF, 0xF4, 0x00, 0x00, 0x0B, 0xFC, 0x00, 0x00, 0x03, 0xFF, 0x00, 0x00, 0x00, 0xFF,
    0x80, 0x00, 0x00, 0x3F, 0xE0, 0x00, 0x00, 0x1F, 0xF4, 0x00, 0x00, 0x0B, 0xFC, 0x00, 0x00, 0x03,
    0xFF, 0x00, 0x00, 0x00, 0xFF, 0x80, 0x00, 0x00, 0x7F, 0xD0, 0x00, 0x00, 0x1F, 0xF0, 0x00, 0x06,
    0xAF, 0xFC, 0x00, 0x03, 0xFF, 0xFF, 0x00, 0x00, 0xFF, 0xFF, 0x80, 0x00, 0x3F, 0xFF, 0xD0, 0x00,
    0x1F, 0xFF, 0xF0, 0x00, 0x00, 0x0F, 0xFC, 0x00, 0x00, 0x03, 0xFF, 0x00, 0x00, 0x00, 0xFF, 0x80,
    0x00, 0x00, 0x7F, 0xD0, 0x00, 0x00, 0x2F, 0xF0, 0x00, 0x00, 0x0F, 0xFC, 0x00, 0x00, 0x03, 0xFE,
    0x00, 0x00, 0x01, 0xFF, 0x40, 0x00, 0x00, 0x7F, 0xD0, 0x00, 0x00, 0x2F, 0xF0, 0x00, 0x0F, 0xFF,
    0xFC, 0x00, 0x03, 0xFF, 0xFE, 0x00, 0x00, 0xFF, 0xFF, 0x40, 0x00, 0x7F, 0xFF, 0xC0, 0x00, 0x00,
    0x00, 0x1B, 0xFF, 0x80, 0x00, 0x1B, 0xFF, 0x90, 0x01, 0xFF, 0xFF, 0xFD, 0x00, 0xBF, 0xFF, 0xFF,
    0x02, 0xFF, 0xFF, 0xFF, 0xD0, 0xFF, 0xFF, 0xFF, 0xF0, 0x3F, 0xFF, 0xFF, 0xFC, 0x2F, 0xFF, 0xFF,
    0xFD, 0x0F, 0xFE, 0xAF, 0xFF, 0x47, 0xFE, 0xAF, 0xFF, 0xC1, 0xE0, 0x01, 0xFF, 0xD0, 0xF4, 0x00,
    0xBF, 0xF0, 0x00, 0x00, 0x3F, 0xF4, 0x00, 0x00, 0x1F, 0xFC, 0x00, 0x00, 0x0F, 0xFD, 0x00, 0x00,
    0x0B, 0xFF, 0x00, 0x00, 0x0B, 0xFF, 0x00, 0x00, 0x03, 0xFF, 0x80, 0x00, 0x0B, 0xFF, 0x40, 0x00,
    0x07, 0xFF, 0xC0, 0x00, 0x1F, 0xFF, 0x80, 0x00, 0x0B, 0xFF, 0xD0, 0x00, 0x2F, 0xFF, 0x80, 0x00,
    0x0F, 0xFF, 0xD0, 0x00, 0x2F, 0xFF, 0x40, 0x00, 0x1F, 0xFF, 0xC0, 0x00, 0x2F, 0xFF, 0x00, 0x00,
    0x0F, 0xFF, 0x40, 0x00, 0x0F, 0xFE, 0x00, 0x00, 0x0B, 0xFF, 0x00, 0x00, 0x0B, 0xFE, 0x00, 0x00,
    0x03, 0xFF, 0x00, 0x00, 0x03, 0xFF, 0x00, 0x00, 0x01, 0xFF, 0x80, 0x00, 0x00, 0xFF, 0x80, 0x00,
    0x00, 0xBF, 0xC0, 0x00, 0x00, 0x00, 0x00, 0x00, 0x00, 0x00, 0x00, 0x00, 0x00, 0x00, 0x00, 0x00,
    0x00, 0x00, 0x00, 0x00, 0x00, 0x00, 0x00, 0x00, 0x00, 0x00, 0x00, 0x00, 0x00, 0x02, 0xFD, 0x00,
    0x00, 0x00, 0xBE, 0x00, 0x00, 0x02, 0xFF, 0xC0, 0x00, 0x00, 0xFF, 0xE0, 0x00, 0x00, 0xFF, 0xF4,
    0x00, 0x00, 0x7F, 0xFC, 0x00, 0x00, 0x3F, 0xFC, 0x00, 0x00, 0x2F, 0xFF, 0x00, 0x00, 0x0F, 0xFF,
    0x00, 0x00, 0x07, 0xFF, 0x40, 0x00, 0x00, 0xFE, 0x00, 0x00, 0x00, 0xBF, 0x40, 0x00, 0x00, 0x00,
    0x2B, 0xFF, 0x80, 0x00, 0x3F, 0xFC, 0x07, 0xFF, 0xFF, 0xF4, 0x00, 0x3F, 0xFC, 0x2F, 0xFF, 0xFF,
    0xFD, 0x00, 0x7F, 0xF8, 0x0F, 0xFF, 0xFF, 0xFF, 0x00, 0xBF, 0xF4, 0x0F, 0xFE, 0xAF, 0xFF, 0x00,
    0xBF, 0xF0, 0x07, 0x80, 0x07, 0xFF, 0x40, 0xFF, 0xF0, 0x00, 0x00, 0x03, 0xFF, 0x40, 0xFF, 0xE0,
    0x00, 0x00, 0x03, 0xFF, 0x41, 0xFF, 0xD0, 0x00, 0x00, 0x0B, 0xFF, 0x01, 0xFF, 0xC0, 0x00, 0x00,
    0x2F, 0xFD, 0x02, 0xFF, 0xC0, 0x00, 0x01, 0xFF, 0xF8, 0x03, 0xFF, 0x80, 0x00, 0x0B, 0xFF, 0xE0,
    0x03, 0xFF, 0x40, 0x00, 0x2F, 0xFF, 0x40, 0x03, 0xFF, 0x00, 0x00, 0xBF, 0xFC, 0x00, 0x07, 0xFF,
    0x00, 0x00, 0xFF, 0xE0, 0x00, 0x07, 0xFE, 0x00, 0x02, 0xFF, 0x80, 0x00, 0x0B, 0xFD, 0x00, 0x03,
    0xFF, 0x00, 0x00, 0x0F, 0xFC, 0x00, 0x03, 0xFE, 0x00, 0x00, 0x0F, 0xFC, 0x00, 0x00, 0x00, 0x00,
    0x00, 0x00, 0x00, 0x00, 0x00, 0x00, 0x00, 0x00, 0x00, 0x00, 0x00, 0x00, 0x00, 0x00, 0x00, 0x00,
    0x00, 0x00, 0x0B, 0xF4, 0x00, 0x00, 0x1F, 0xD0, 0x00, 0x2F, 0xFC, 0x00, 0x00, 0xBF, 0xF4, 0x00,
    0x3F, 0xFD, 0x00, 0x00, 0xFF, 0xF4, 0x00, 0x3F, 0xFC, 0x00, 0x00, 0xFF, 0xF4, 0x00, 0x3F, 0xFC,
    0x00, 0x00, 0xFF, 0xF0, 0x00, 0x0F, 0xE0, 0x00, 0x00, 0x7F, 0x80, 0x00, 0x00, 0x1F, 0xFF, 0x00,
    0x1B, 0xFF, 0x90, 0x00, 0x02, 0xFF, 0xE0, 0x2F, 0xFF, 0xFF, 0xC0, 0x00, 0x3F, 0xFD, 0x0F, 0xFF,
    0xFF, 0xFF, 0x00, 0x03, 0xFF, 0xC0, 0x7F, 0xFF, 0xFF, 0xF8, 0x00, 0x3F, 0xFC, 0x03, 0xFF, 0xAB,
    0xFF, 0xC0, 0x07, 0xFF, 0x40, 0x2E, 0x00, 0x2F, 0xFC, 0x00, 0xBF, 0xF0, 0x00, 0x00, 0x01, 0xFF,
    0xC0, 0x0B, 0xFF, 0x00, 0x00, 0x00, 0x1F, 0xFC, 0x00, 0xFF, 0xE0, 0x00, 0x00, 0x03, 0xFF, 0x80,
    0x0F, 0xFD, 0x00, 0x00, 0x00, 0xFF, 0xF0, 0x00, 0xFF, 0xC0, 0x00, 0x00, 0xBF, 0xFD, 0x00, 0x1F,
    0xFC, 0x00, 0x00, 0x3F, 0xFF, 0x40, 0x02, 0xFF, 0x80, 0x00, 0x0F, 0xFF, 0xD0, 0x00, 0x2F, 0xF4,
    0x00, 0x03, 0xFF, 0xE0, 0x00, 0x03, 0xFF, 0x00, 0x00, 0x7F, 0xF4, 0x00, 0x00, 0x3F, 0xF0, 0x00,
    0x0F, 0xFD, 0x00, 0x00, 0x03, 0xFE, 0x00, 0x00, 0xFF, 0x80, 0x00, 0x00, 0x7F, 0xD0, 0x00, 0x1F,
    0xF4, 0x00, 0x00, 0x00, 0x00, 0x00, 0x00, 0x00, 0x00, 0x00, 0x00, 0x00, 0x00, 0x00, 0x00, 0x00,
    0x00, 0x00, 0x00, 0x00, 0x00, 0x00, 0x00, 0x00, 0x00, 0x00, 0xBF, 0x00, 0x00, 0x2F, 0xC0, 0x00,
    0x00, 0x3F, 0xFC, 0x00, 0x0F, 0xFF, 0x00, 0x00, 0x07, 0xFF, 0xC0, 0x00, 0xFF, 0xF0, 0x00, 0x00,
    0xBF, 0xFC, 0x00, 0x1F, 0xFF, 0x00, 0x00, 0x07, 0xFF, 0x40, 0x00, 0xFF, 0xE0, 0x00, 0x00, 0x2F,
    0xD0, 0x00, 0x07, 0xF4, 0x00, 0x00, 0x00, 0xBF, 0xFF, 0xFF, 0xFF, 0xFA, 0xFF, 0xFF, 0xFF, 0xFF,
    0xEB, 0xFF, 0xFF, 0xFF, 0xFF, 0xAF, 0xFF, 0xFF, 0xFF, 0xFD, 0x6A, 0xAA, 0xAA, 0xBF, 0xF0, 0x00,
    0x00, 0x02, 0xFF, 0x00, 0x00, 0x00, 0x0F, 0xF8, 0x00, 0x00, 0x00, 0xFF, 0xC0, 0x00, 0x00, 0x07,
    0xFE, 0x00, 0x00, 0x00, 0x3F, 0xF0, 0x00, 0x00, 0x02, 0xFF, 0x40, 0x00, 0x00, 0x0F, 0xFC, 0x00,
    0x00, 0x00, 0xFF, 0xC0, 0x00, 0x00, 0x07, 0xFE, 0x00, 0x00, 0x00, 0x3F, 0xF0, 0x00, 0x00, 0x02,
    0xFF, 0x80, 0x00, 0x00, 0x1F, 0xFC, 0x00, 0x00, 0x00, 0xFF, 0xD0, 0x00, 0x00, 0x07, 0xFF, 0x00,
    0x00, 0x00, 0x3F, 0xF4, 0x00, 0x00, 0x02, 0xFF, 0x80, 0x00, 0x00, 0x3F, 0xFF, 0xFF, 0xF9, 0x00,
    0x0F, 0xFF, 0xFF, 0xFF, 0xF0, 0x03, 0xFF, 0xFF, 0xFF, 0xFF, 0x00, 0xFF, 0xFF, 0xFF, 0xFF, 0xF0,
    0x3F, 0x03, 0xFF, 0xFF, 0xFD, 0x0F, 0xC0, 0xFF, 0xFF, 0xFF, 0x83, 0xF0, 0x3F, 0xFF, 0xFF, 0xF0,
    0xFC, 0x0F, 0xFF, 0xFF, 0xFC, 0x3F, 0x03, 0xFF, 0xFF, 0xFF, 0x0F, 0xC0, 0xFF, 0xFF, 0xFF, 0xC3,
    0xF0, 0x3F, 0xFF, 0xFF, 0xF0, 0xFC, 0x0F, 0xFF, 0xFF, 0xFC, 0x3F, 0x03, 0xFF, 0xFF, 0xFF, 0x0F,
    0xC0, 0xFF, 0xFF, 0xFF, 0x83, 0xF0, 0x3F, 0xFF, 0xFF, 0xD0, 0xFC, 0x0F, 0xFF, 0xFF, 0xF0, 0x3F,
    0x03, 0xFF, 0xFF, 0xF4, 0x0F, 0xC0, 0xFF, 0xFF, 0xF8, 0x03, 0xF0, 0x3F, 0xFF, 0xE0, 0x00, 0xFC,
    0x0F, 0xC0, 0x00, 0x00, 0x3F, 0x03, 0xF0, 0x00, 0x00, 0x0F, 0xC0, 0xFC, 0x00, 0x00, 0x03, 0xF0,
    0x3F, 0x00, 0x00, 0x00, 0xFC, 0x0F, 0xC0, 0x00, 0x00, 0x3F, 0x03, 0xF0, 0x00, 0x00, 0x0F, 0xC0,
    0xFC, 0x00, 0x00, 0x03, 0xF0, 0x3F, 0x00, 0x00, 0x00, 0xFC, 0x0F, 0xC0, 0x00, 0x00, 0x3F, 0x03,
    0xF0, 0x00, 0x00, 0x0F, 0xC0, 0xFC, 0x00, 0x00, 0x03, 0xF0, 0x3F, 0x00, 0x00, 0x00, 0xFC, 0x0F,
    0xC0, 0x00, 0x00, 0x3F, 0x03, 0xF0, 0x00, 0x00, 0x0F, 0xC0, 0xFC, 0x00, 0x00, 0x00, 0x00, 0x1B,
    0xFF, 0xFF, 0xFF, 0x40, 0x3F, 0xFF, 0xFF, 0xFF, 0xD0, 0x3F, 0xFF, 0xFF, 0xFF, 0xF4, 0x2F, 0xFF,
    0xFF, 0xFF, 0xFD, 0x0F, 0xFF, 0xFF, 0xF0, 0x2F, 0x4B, 0xFF, 0xFF, 0xFC, 0x0B, 0xD2, 0xFF, 0xFF,
    0xFF, 0x02, 0xF4, 0xFF, 0xFF, 0xFF, 0xC0, 0xBD, 0x3F, 0xFF, 0xFF, 0xF0, 0x2F, 0x4F, 0xFF, 0xFF,
    0xFC, 0x0B, 0xD3, 0xFF, 0xFF, 0xFF, 0x02, 0xF4, 0xFF, 0xFF, 0xFF, 0xC0, 0xBD, 0x3F, 0xFF, 0xFF,
    0xF0, 0x2F, 0x4F, 0xFF, 0xFF, 0xFC, 0x0B, 0xD2, 0xFF, 0xFF, 0xFF, 0x02, 0xF4, 0x7F, 0xFF, 0xFF,
    0xC0, 0xBD, 0x0F, 0xFF, 0xFF, 0xFF, 0xFF, 0x40, 0xFF, 0xFF, 0xFF, 0xFF, 0xD0, 0x1F, 0xFF, 0xFF,
    0xFF, 0xF4, 0x00, 0x6F, 0xFF, 0xFF, 0xFD, 0x7F, 0xFF, 0xFF, 0xF9, 0x00, 0x1F, 0xFF, 0xFF, 0xFF,
    0xF0, 0x07, 0xFF, 0xFF, 0xFF, 0xFF, 0x01, 0xFF, 0xFF, 0xFF, 0xFF, 0xE0, 0x7F, 0x03, 0xFF, 0xFF,
    0xFC, 0x1F, 0xC0, 0xFF, 0xFF, 0xFF, 0x87, 0xF0, 0x3F, 0xFF, 0xFF, 0xF1, 0xFC, 0x0F, 0xFF, 0xFF,
    0xFC, 0x7F, 0x03, 0xFF, 0xFF, 0xFF, 0x1F, 0xC0, 0xFF, 0xFF, 0xFF, 0xC7, 0xF0, 0x3F, 0xFF, 0xFF,
    0xF1, 0xFC, 0x0F, 0xFF, 0xFF, 0xFC, 0x7F, 0x03, 0xFF, 0xFF, 0xFF, 0x1F, 0xC0, 0xFF, 0xFF, 0xFF,
    0xC7, 0xF0, 0x3F, 0xFF, 0xFF, 0xE1, 0xFC, 0x0F, 0xFF, 0xFF, 0xF4, 0x7F, 0xFF, 0xFF, 0xFF, 0xFC,
    0x1F, 0xFF, 0xFF, 0xFF, 0xFD, 0x07, 0xFF, 0xFF, 0xFF, 0xFD, 0x01, 0xFF, 0xFF, 0xFF, 0xE4, 0x00,
    0x00, 0x00, 0x00, 0x00, 0x00, 0x00, 0x02, 0xF9, 0x00, 0x00, 0x00, 0x0B, 0xFC, 0x00, 0x00, 0x00,
    0x2F, 0xE0, 0x00, 0x00, 0x00, 0xFF, 0x40, 0x00, 0xB8, 0x03, 0xFC, 0x00, 0x03, 0xFE, 0x0F, 0xE0,
    0x00, 0x1F, 0xFF, 0xBF, 0x40, 0x00, 0xBF, 0xFF, 0xFF, 0xFF, 0xF0, 0x1B, 0xFF, 0xFF, 0xFF, 0xC0,
    0x01, 0xFF, 0xFF, 0xFF, 0x00, 0x0F, 0xFF, 0xEF, 0xFC, 0x00, 0xFF, 0xFF, 0x00, 0x00, 0x0F, 0xFD,
    0xFE, 0x00, 0x01, 0xFF, 0xD3, 0xFC, 0x00, 0x07, 0xFE, 0x0F, 0xF8, 0x00, 0x03, 0xF0, 0x2F, 0xF0,
    0x00, 0x02, 0x00, 0x7F, 0xD0, 0x00, 0x00, 0x00, 0xE4, 0x00, 0x00, 0x00, 0x00, 0x00, 0x00, 0x00,
    0x7F, 0x40, 0x2F, 0xFC, 0x03, 0xFF, 0xD0, 0x3F, 0xFD, 0x03, 0xFF, 0xC0, 0x0F, 0xE0, 0x00, 0x00,
    0x00, 0x00, 0x00, 0x00, 0x00, 0x00, 0x00, 0x00, 0x00, 0x00, 0x00, 0x00, 0x00, 0x00, 0x00, 0x00,
    0x00, 0x00, 0x00, 0x00, 0x00, 0x00, 0x00, 0xBF, 0xD0, 0x0B, 0xFD, 0x00, 0xBF, 0xD0, 0x07, 0xFD,
    0x00, 0x7F, 0xC0, 0x07, 0xFC, 0x00, 0x3F, 0xC0, 0x03, 0xFC, 0x00, 0x3F, 0xC0, 0x00, 0x00, 0x00,
    0x00, 0xBF, 0xF8, 0x00, 0x00, 0x00, 0x03, 0xFF, 0xFF, 0xE0, 0x00, 0x00, 0x07, 0xF9, 0x01, 0xBF,
    0x00, 0x00, 0x07, 0xE0, 0x00, 0x03, 0xE0, 0x00, 0x03, 0xD0, 0x00, 0x00, 0x3C, 0x00, 0x03, 0xD0,
    0x00, 0x00, 0x07, 0x80, 0x02, 0xD0, 0x00, 0x00, 0x00, 0xF0, 0x00, 0x20, 0x00, 0x00, 0x00, 0x20,
    0x00, 0x00, 0x00, 0x00, 0x00, 0x00, 0x00, 0x00, 0x00, 0x00, 0x00, 0x00, 0x00, 0x00, 0x00, 0x00,
    0x00, 0x00, 0x00, 0x00, 0x00, 0x00, 0x00, 0x00, 0x00, 0x00, 0x00, 0x00, 0x00, 0x00, 0x00, 0x00,
    0x00, 0x00, 0x00, 0x00, 0x00, 0x00, 0x00, 0x00, 0x00, 0x00, 0x00, 0x00, 0x00, 0x00, 0x00, 0x00,
    0x00, 0x00, 0x00, 0x00, 0x00, 0x00, 0x00, 0x00, 0x00, 0x00, 0x00, 0x00, 0x00, 0x00, 0x00, 0x00,
    0x00, 0x00, 0x00, 0x00, 0x00, 0x00, 0x00, 0x00, 0x00, 0x00, 0x00, 0x00, 0x00, 0x00, 0x00, 0x00,
    0x00, 0x00, 0x00, 0x00, 0x00, 0x00, 0x00, 0x00, 0x00, 0x00, 0x00, 0x00, 0x00, 0x00, 0x00, 0x00,
    0x00, 0x00, 0x00, 0x00, 0x00, 0x00, 0x00, 0x00, 0x00, 0x00, 0x00, 0x00, 0x00, 0x00, 0x00, 0x00,
    0x00, 0x00, 0x00, 0x00, 0x00, 0x00, 0x00, 0x00, 0x00, 0x00, 0x00, 0x00, 0x00, 0x00, 0x00, 0x00,
    0x00, 0x00, 0x00, 0x00, 0x00, 0x00, 0x00, 0x00, 0x00, 0x00, 0x00, 0x00, 0x00, 0x00, 0x00, 0x00,
    0x80, 0x00, 0x00, 0x00, 0x80, 0x00, 0xF0, 0x00, 0x00, 0x00, 0x78, 0x00, 0x2E, 0x00, 0x00, 0x00,
    0x3C, 0x00, 0x03, 0xC0, 0x00, 0x00, 0x7D, 0x00, 0x00, 0x7D, 0x00, 0x00, 0xBD, 0x00, 0x00, 0x0B,
    0xE4, 0x06, 0xFD, 0x00, 0x00, 0x00, 0xBF, 0xFF, 0xFC, 0x00, 0x00, 0x00, 0x02, 0xFF, 0xE4, 0x00,
    0x00, 0x00, 0x00, 0x00, 0x00, 0x00, 0x00, 0x00, 0x00, 0x00, 0x02, 0xF9, 0x00, 0x00, 0x00, 0x00,
    0x0B, 0xFC, 0x00, 0x00, 0x00, 0x00, 0x2F, 0xE0, 0x00, 0x00, 0x00, 0x00, 0xFF, 0x40, 0x00, 0x00,
    0xB8, 0x03, 0xFC, 0x00, 0x00, 0x03, 0xFE, 0x0F, 0xE0, 0x00, 0x00, 0x1F, 0xFF, 0xBF, 0x40, 0x00,
    0x00, 0xBF, 0xFF, 0xFF, 0xFF, 0xF0, 0x00, 0x1B, 0xFF, 0xFF, 0xFF, 0xC0, 0x00, 0x01, 0xFF, 0xFF,
    0xFF, 0x00, 0x00, 0x0F, 0xFF, 0xEF, 0xFC, 0x00, 0x00, 0xFF, 0xFF, 0x00, 0x00, 0x00, 0x0F, 0xFD,
    0xFE, 0x00, 0x00, 0x01, 0xFF, 0xD3, 0xFC, 0x00, 0x00, 0x07, 0xFE, 0x0F, 0xF8, 0x00, 0x00, 0x03,
    0xF0, 0x2F, 0xF0, 0x00, 0x00, 0x02, 0x00, 0x7F, 0xD0, 0x00, 0x00, 0x00, 0x00, 0xE4, 0x00, 0x00,
    0x00, 0x00, 0x00, 0x00, 0x00, 0x00, 0x00, 0x7E, 0x40, 0x00, 0x00, 0x00, 0x02, 0xFF, 0x00, 0x00,
    0x00, 0x00, 0x0B, 0xF8, 0x00, 0x00, 0x00, 0x00, 0x2F, 0xD0, 0x00, 0x00, 0x2E, 0x00, 0xFF, 0x00,
    0x00, 0x00, 0xFF, 0x83, 0xF8, 0x00, 0x00, 0x07, 0xFF, 0xEF, 0xD0, 0x00, 0x00, 0x2F, 0xFF, 0xFF,
    0xFF, 0xFC, 0x00, 0x06, 0xFF, 0xFF, 0xFF, 0xF0, 0x00, 0x00, 0x7F, 0xFF, 0xFF, 0xC0, 0x00, 0x03,
    0xFF, 0xFB, 0xFF, 0x00, 0x00, 0x3F, 0xFF, 0xC0, 0x00, 0x00, 0x03, 0xFF, 0x7F, 0x80, 0x00, 0x00,
    0x7F, 0xF4, 0xFF, 0x00, 0x00, 0x01, 0xFF, 0x83, 0xFE, 0x00, 0x00, 0x00, 0xFC, 0x07, 0xFC, 0x00,
    0x00, 0x00, 0x90, 0x0F, 0xF4, 0x00, 0x00, 0x00, 0x00, 0x39, 0x00, 0x00, 0x00, 0x00, 0x00, 0x00,
    0x00, 0x00, 0x00, 0x2F, 0xD0, 0x03, 0xFE, 0xBF, 0xF0, 0x07, 0xFC, 0xFF, 0xF4, 0x0F, 0xF8, 0xFF,
    0xF4, 0x0F, 0xF4, 0xBF, 0xF0, 0x2F, 0xF0, 0x2F, 0xD0, 0x3F, 0xD0, 0x00, 0x00, 0x7F, 0xC0, 0x00,
    0x00, 0xFF, 0x80, 0x00, 0x01, 0xFF, 0x00, 0x00, 0x02, 0xFF, 0x00, 0x00, 0x03, 0xFD, 0x00, 0x00,
    0x07, 0xFC, 0x00, 0x00, 0x0F, 0xF8, 0x00, 0x00, 0x1F, 0xF0, 0x00, 0x00, 0x2F, 0xE0, 0x00, 0x00,
    0x3F, 0xD0, 0x00, 0x00, 0xBF, 0xC0, 0x00, 0x00, 0xFF, 0x80, 0x00, 0x01, 0xFF, 0x00, 0x00, 0x03,
    0xFE, 0x00, 0x00, 0x03, 0xFD, 0x00, 0x00, 0x0B, 0xFC, 0x07, 0xF4, 0x0F, 0xF4, 0x1F, 0xFD, 0x1F,
    0xF0, 0x2F, 0xFE, 0x3F, 0xE0, 0x2F, 0xFE, 0x7F, 0xC0, 0x1F, 0xFD, 0xBF, 0xC0, 0x07, 0xF4, 0x00,
    0x01, 0x65, 0x40, 0x00, 0x00, 0x00, 0x00, 0x14, 0x00, 0x7F, 0xFF, 0xFF, 0x90, 0x00, 0x00, 0x00,
    0xFD, 0x02, 0xFF, 0xFF, 0xFF, 0xFF, 0x90, 0x00, 0x03, 0xFC, 0x07, 0xFF, 0xFF, 0xFF, 0xFF, 0xFF,
    0xEA, 0xBF, 0xF8, 0x0F, 0xFF, 0xFF, 0xFF, 0xFF, 0xFF, 0xFF, 0xFF, 0xF0, 0x2F, 0xF4, 0x01, 0x6F,
    0xFF, 0xFF, 0xFF, 0xFF, 0xD0, 0x3F, 0x80, 0x00, 0x00, 0x5B, 0xFF, 0xFF, 0xFF, 0x40, 0x3F, 0x00,
    0x00, 0x00, 0x00, 0x1A, 0xFF, 0xE4, 0x00, 0x00, 0x00, 0x00, 0x00, 0x00, 0x00, 0x02, 0xFF, 0xF8,
    0x00, 0x00, 0x2F, 0xFF, 0xFF, 0x40, 0x00, 0xFE, 0x40, 0x1B, 0xE0, 0x03, 0xF0, 0x00, 0x01, 0xF4,
    0x0F, 0x80, 0x00, 0x00, 0x7C, 0x1E, 0x00, 0x00, 0x00, 0x3D, 0x3C, 0x00, 0x00, 0x00, 0x1D, 0x00,
    0x00, 0x00, 0x00, 0x04, 0x00, 0x00, 0x3F, 0x40, 0x00, 0x00, 0x00, 0x0F, 0xD0, 0x00, 0x00, 0x0F,
    0x03, 0xF4, 0x2C, 0x00, 0x0F, 0xF0, 0xFD, 0x2F, 0xC0, 0x07, 0xFF, 0x7F, 0x6F, 0xF4, 0x00, 0x7F,
    0xFF, 0xFF, 0xF4, 0x00, 0x07, 0xFF, 0xFF, 0xF4, 0x00, 0x00, 0x7F, 0xFF, 0xF4, 0x00, 0x7F, 0xFF,
    0xFF, 0xFF, 0xFF, 0x5F, 0xFF, 0xFF, 0xFF, 0xFF, 0xD7, 0xFF, 0xFF, 0xFF, 0xFF, 0xF5, 0xFF, 0xFF,
    0xFF, 0xFF, 0xFD, 0x00, 0x1F, 0xFF, 0xFD, 0x00, 0x00, 0x1F, 0xFF, 0xFF, 0xD0, 0x00, 0x1F, 0xFF,
    0xFF, 0xFD, 0x00, 0x1F, 0xFD, 0xFD, 0xBF, 0xD0, 0x03, 0xFC, 0x3F, 0x4B, 0xF0, 0x00, 0x3C, 0x0F,
    0xD0, 0xB0, 0x00, 0x00, 0x03, 0xF4, 0x00, 0x00, 0x00, 0x00, 0xFD, 0x00, 0x00, 0x00, 0x00, 0x00,
    0x7F, 0x80, 0x00, 0x00, 0x03, 0xFF, 0x80, 0x00, 0x00, 0x1F, 0xFF, 0x00, 0x00, 0x00, 0x7F, 0xFC,
    0x00, 0x00, 0x00, 0xFF, 0xE0, 0x00, 0x00, 0x00, 0xFE, 0x00, 0x00, 0x00, 0x00, 0x00, 0x00, 0x00,
    0x00, 0x00, 0x00, 0x00, 0x00, 0x00, 0x00, 0x00, 0x00, 0x00, 0x00, 0x00, 0x00, 0xBF, 0x00, 0x00,
    0x00, 0x0B, 0xFF, 0x00, 0x00, 0x00, 0x3F, 0xFD, 0x00, 0x00, 0x00, 0xFF, 0xF4, 0x00, 0x00, 0x02,
    0xFF, 0xC0, 0x00, 0x00, 0x02, 0xFC, 0x00, 0x00, 0x00, 0x00, 0x00, 0x00, 0x00, 0x00, 0x00, 0x00,
    0x00, 0x00, 0x00, 0x00, 0x00, 0x00, 0x00, 0x00, 0x00, 0x00, 0x00, 0x00, 0x00, 0x00, 0x00, 0x00,
    0x00, 0x00, 0x00, 0x00, 0xFE, 0x00, 0x00, 0x00, 0x0F, 0xFE, 0x00, 0x00, 0x00, 0x7F, 0xFC, 0x00,
    0x00, 0x01, 0xFF, 0xF0, 0x00, 0x00, 0x03, 0xFF, 0x80, 0x00, 0x00, 0x03, 0xF8, 0x00, 0x00, 0x1F,
    0xF8, 0x3F, 0xF0, 0x7F, 0xE0, 0xFF, 0xC0, 0x03, 0xFF, 0x07, 0xFD, 0x0F, 0xFC, 0x1F, 0xF8, 0x00,
    0x7F, 0xD0, 0xFF, 0xC1, 0xFF, 0x43, 0xFF, 0x00, 0x0F, 0xF8, 0x2F, 0xF0, 0x3F, 0xE0, 0x7F, 0xC0,
    0x02, 0xFF, 0x03, 0xFD, 0x0B, 0xFC, 0x0F, 0xF4, 0x00, 0x3F, 0xD0, 0xBF, 0xC0, 0xFF, 0x42, 0xFF,
    0x00, 0x0B, 0xF8, 0x0F, 0xF0, 0x2F, 0xE0, 0x3F, 0xC0, 0x01, 0xFF, 0x03, 0xFD, 0x03, 0xFC, 0x0B,
    0xF4, 0x00, 0x3F, 0xC0, 0x7F, 0x80, 0xFF, 0x41, 0xFF, 0x00, 0x07, 0xF8, 0x0F, 0xF0, 0x1F, 0xE0,
    0x3F, 0xC0, 0x00, 0x00, 0x00, 0x00, 0x7F, 0x80, 0x00, 0x00, 0x00, 0x00, 0x00, 0x3F, 0xF8, 0x00,
    0x00, 0x00, 0x00, 0x00, 0x1F, 0xFF, 0x00, 0x00, 0x00, 0x00, 0x00, 0x07, 0xFF, 0xC0, 0x00, 0x00,
    0x00, 0x00, 0x00, 0xFF, 0xE0, 0x00, 0x00, 0x00, 0x00, 0x00, 0x0F, 0xE0, 0x00, 0x00, 0x00, 0x00,
    0x00, 0x00, 0x00, 0x00, 0x00, 0x00, 0x00, 0x00, 0x00, 0x00, 0x00, 0x00, 0x00, 0x00, 0x00, 0x00,
    0x00, 0x00, 0x00, 0x00, 0x00, 0x00, 0x00, 0x00, 0x00, 0x00, 0x00, 0x00, 0xBF, 0x00, 0x00, 0x00,
    0x00, 0x1F, 0xE0, 0xBF, 0xF0, 0x00, 0x00, 0x00, 0x0F, 0xFE, 0x3F, 0xFC, 0x00, 0x00, 0x00, 0x07,
    0xFF, 0xCF, 0xFF, 0x00, 0x00, 0x00, 0x01, 0xFF, 0xF2, 0xFF, 0xC0, 0x00, 0x00, 0x00, 0x3F, 0xF8,
    0x2F, 0xC0, 0x00, 0x00, 0x00, 0x07, 0xF8, 0x00, 0x00, 0x00, 0x00, 0x00, 0x00, 0x00, 0x00, 0x00,
    0x00, 0x00, 0x00, 0x00, 0x00, 0x00, 0x00, 0x00, 0x00, 0x00, 0x00, 0x00, 0x00, 0x00, 0x00, 0x00,
    0x00, 0x00, 0x00, 0x00, 0x00, 0x00, 0x00, 0x00, 0x00, 0x00, 0x00, 0x00, 0x00, 0x00, 0x0F, 0xE0,
    0x00, 0x00, 0x00, 0x00, 0x00, 0x0F, 0xFE, 0x00, 0x00, 0x00, 0x00, 0x00, 0x07, 0xFF, 0xC0, 0x00,
    0x00, 0x00, 0x00, 0x01, 0xFF, 0xF0, 0x00, 0x00, 0x00, 0x00, 0x00, 0x3F, 0xF8, 0x00, 0x00, 0x00,
    0x00, 0x00, 0x03, 0xF8, 0x00, 0x00, 0x00, 0x0B, 0xF0, 0x00, 0x00, 0x00, 0x00, 0xFE, 0x0B, 0xFF,
    0x00, 0x00, 0x00, 0x00, 0xFF, 0xE3, 0xFF, 0xD0, 0x00, 0x00, 0x00, 0x7F, 0xFC, 0xFF, 0xF4, 0x00,
    0x00, 0x00, 0x1F, 0xFF, 0x2F, 0xFC, 0x00, 0x00, 0x00, 0x03, 0xFF, 0x82, 0xFC, 0x00, 0x00, 0x00,
    0x00, 0x3F, 0x80, 0x00, 0x00, 0x00, 0x00, 0x00, 0x00, 0x00, 0x00, 0x00, 0x00, 0x00, 0x00, 0x00,
    0x00, 0x00, 0x00, 0x00, 0x00, 0x00, 0x00, 0x00, 0x00, 0x00, 0x00, 0x00, 0x00, 0x00, 0x00, 0x00,
    0x00, 0x00, 0x03, 0xF8, 0x00, 0x00, 0x00, 0x00, 0x00, 0x03, 0xFF, 0x80, 0x00, 0x00, 0x00, 0x00,
    0x00, 0xFF, 0xF0, 0x00, 0x00, 0x00, 0x00, 0x00, 0x3F, 0xFC, 0x00, 0x00, 0x00, 0x00, 0x00, 0x0F,
    0xFE, 0x00, 0x00, 0x00, 0x00, 0x00, 0x00, 0xBE, 0x00, 0x00, 0x00, 0x00, 0x00, 0x00, 0x00, 0x00,
    0x00, 0x00, 0x00, 0x00, 0x00, 0x00, 0x00, 0x00, 0x00, 0x00, 0x00, 0x00, 0x00, 0x00, 0x00, 0x00,
    0x00, 0x00, 0x00, 0x00, 0x00, 0x00, 0x00, 0x00, 0x00, 0x00, 0x00, 0x00, 0x00, 0x00, 0x00, 0x02,
    0xFC, 0x00, 0x00, 0x00, 0x00, 0x7F, 0x82, 0xFF, 0xC0, 0x00, 0x00, 0x00, 0x3F, 0xF8, 0xFF, 0xF4,
    0x00, 0x00, 0x00, 0x1F, 0xFF, 0x3F, 0xFD, 0x00, 0x00, 0x00, 0x07, 0xFF, 0xCB, 0xFF, 0x00, 0x00,
    0x00, 0x00, 0xFF, 0xE0, 0xBF, 0x00, 0x00, 0x00, 0x00, 0x1F, 0xE0, 0x0B, 0xF0, 0x2F, 0xFC, 0x3F,
    0xFD, 0x3F, 0xFD, 0x2F, 0xFC, 0x0B, 0xF0, 0x00, 0x00, 0x00, 0x00, 0x00, 0x00, 0x00, 0x00, 0x00,
    0x00, 0x00, 0x00, 0x00, 0x00, 0x00, 0x00, 0x00, 0x00, 0x00, 0x00, 0x00, 0x00, 0x00, 0x00, 0x00,
    0x00, 0x00, 0x00, 0x00, 0x00, 0x0B, 0xF0, 0x2F, 0xFC, 0x3F, 0xFD, 0x3F, 0xFD, 0x2F, 0xFC, 0x0B,
    0xF0, 0x00, 0x00, 0x0B, 0xF4, 0x00, 0x00, 0x00, 0x00, 0x2F, 0xFC, 0x00, 0x00, 0x00, 0x00, 0x3F,
    0xFD, 0x00, 0x00, 0x00, 0x00, 0x3F, 0xFD, 0x00, 0x00, 0x00, 0x00, 0x2F, 0xFC, 0x00, 0x00, 0x00,
    0x00, 0x0B, 0xF4, 0x00, 0x00, 0x00, 0x00, 0x00, 0x00, 0x00, 0x00, 0x00, 0x00, 0x00, 0x00, 0x00,
    0x00, 0x00, 0x00, 0x00, 0x00, 0x00, 0x00, 0x00, 0x00, 0x00, 0x00, 0x00, 0x00, 0x00, 0x00, 0x00,
    0x00, 0x00, 0x00, 0x00, 0x00, 0x00, 0x00, 0x00, 0x00, 0x0B, 0xF0, 0x00, 0x00, 0x07, 0xF8, 0x2F,
    0xFC, 0x00, 0x00, 0x0F, 0xFD, 0x3F, 0xFD, 0x00, 0x00, 0x2F, 0xFE, 0x3F, 0xFD, 0x00, 0x00, 0x2F,
    0xFE, 0x2F, 0xFC, 0x00, 0x00, 0x0F, 0xFD, 0x0B, 0xF0, 0x00, 0x00, 0x07, 0xF8, 0x00, 0x00, 0x00,
    0x00, 0x00, 0x00, 0x00, 0x00, 0x00, 0x00, 0x00, 0x00, 0x00, 0x00, 0x00, 0x00, 0x00, 0x00, 0x00,
    0x00, 0x00, 0x00, 0x00, 0x00, 0x00, 0x00, 0x00, 0x00, 0x00, 0x00, 0x00, 0x00, 0x00, 0x00, 0x00,
    0x00, 0x00, 0x00, 0x0B, 0xF4, 0x00, 0x00, 0x00, 0x00, 0x2F, 0xFC, 0x00, 0x00, 0x00, 0x00, 0x3F,
    0xFD, 0x00, 0x00, 0x00, 0x00, 0x3F, 0xFD, 0x00, 0x00, 0x00, 0x00, 0x2F, 0xFC, 0x00, 0x00, 0x00,
    0x00, 0x0B, 0xF4, 0x00, 0x00, 0x00, 0x00, 0x00, 0xBF, 0x80, 0x00, 0x00, 0x00, 0x00, 0x00, 0x2F,
    0xE0, 0x00, 0x00, 0x00, 0x1F, 0xE0, 0x0B, 0xF8, 0x01, 0xFD, 0x00, 0x1F, 0xFD, 0x02, 0xFE, 0x01,
    0xFF, 0xD0, 0x0B, 0xFF, 0x80, 0xBF, 0x80, 0xBF, 0xF8, 0x02, 0xFF, 0xE0, 0x2F, 0xE0, 0x2F, 0xFE,
    0x00, 0x7F, 0xF4, 0x0B, 0xF8, 0x07, 0xFF, 0x40, 0x07, 0xF8, 0x02, 0xFE, 0x00, 0x7F, 0x40, 0x00,
    0x00, 0x00, 0xBF, 0x80, 0x00, 0x00, 0x00, 0x00, 0x00, 0x2F, 0xE0, 0x00, 0x00, 0x00, 0x00, 0x00,
    0x0B, 0xF8, 0x00, 0x00, 0x00, 0x00, 0x00, 0x02, 0xFE, 0x00, 0x00, 0x00, 0xFF, 0xFF, 0xFF, 0xFF,
    0xFF, 0xFF, 0xFF, 0xFF, 0xFF, 0xFF, 0xFF, 0xFF, 0xFF, 0xFF, 0xFF, 0xFF, 0xFF, 0xFF, 0xFF, 0xFF,
    0xFF, 0xFF, 0xFF, 0xFF, 0xFF, 0xFF, 0xFF, 0xFF, 0xFF, 0x6A, 0xAA, 0xAA, 0xFF, 0xEA, 0xAA, 0xAA,
    0x80, 0x00, 0x00, 0x2F, 0xE0, 0x00, 0x00, 0x00, 0x00, 0x00, 0x0B, 0xF8, 0x00, 0x00, 0x00, 0x00,
    0x00, 0x02, 0xFE, 0x00, 0x00, 0x00, 0x01, 0xFE, 0x00, 0xBF, 0x80, 0x1F, 0xD0, 0x01, 0xFF, 0xD0,
    0x2F, 0xE0, 0x1F, 0xFD, 0x00, 0xBF, 0xF8, 0x0B, 0xF8, 0x0B, 0xFF, 0x80, 0x2F, 0xFE, 0x02, 0xFE,
    0x02, 0xFF, 0xE0, 0x07, 0xFF, 0x40, 0xBF, 0x80, 0x7F, 0xF4, 0x00, 0x7F, 0x40, 0x2F, 0xE0, 0x07,
    0xF4, 0x00, 0x00, 0x00, 0x0B, 0xF8, 0x00, 0x00, 0x00, 0x00, 0x00, 0x02, 0xFE, 0x00, 0x00, 0x00,
    0x00, 0x00, 0x00, 0xBF, 0x80, 0x00, 0x00, 0x00, 0x2F, 0xD1, 0xFF, 0xDB, 0xFF, 0xAF, 0xFE, 0x7F,
    0xF4, 0x7F, 0x40, 0x00, 0x00, 0x00, 0x00, 0x00, 0x00, 0x00, 0x00, 0x07, 0xF4, 0x7F, 0xF6, 0xFF,
    0xEB, 0xFF, 0x9F, 0xFD, 0x1F, 0xD0, 0x00, 0x00, 0x00, 0x00, 0x00, 0x00, 0x00, 0x00, 0x00, 0x00,
    0x0B, 0xF4, 0xBF, 0xF7, 0xFF, 0xEF, 0xFF, 0xAF, 0xFD, 0x2F, 0xD0, 0x1F, 0xE0, 0xFF, 0xE7, 0xFF,
    0xDF, 0xFF, 0x3F, 0xF8, 0x7F, 0x81, 0xFE, 0x0F, 0xFE, 0x7F, 0xFD, 0xFF, 0xF3, 0xFF, 0x87, 0xF8,
    0x00, 0x00, 0x00, 0x01, 0xFE, 0x0F, 0xFE, 0x7F, 0xFD, 0xFF, 0xF3, 0xFF, 0x87, 0xF8, 0x00, 0x00,
    0x7F, 0x83, 0xFF, 0x9F, 0xFF, 0x7F, 0xFC, 0xFF, 0xE1, 0xFE, 0x00, 0x7F, 0xFF, 0xD0, 0x0F, 0x00,
    0x00, 0xF0, 0x00, 0x0F, 0x00, 0x00, 0xF0, 0x00, 0x0F, 0x00, 0x00, 0xF0, 0x07, 0xFF, 0xFD, 0x00,
    0xF0, 0x00, 0x0F, 0x00, 0x00, 0xF0, 0x00, 0x0F, 0x00, 0x00, 0xF0, 0x00, 0x0F, 0x00, 0x00, 0xF0,
    0x00, 0x0F, 0x00, 0x00, 0xF0, 0x00, 0x0F, 0x00, 0x00, 0xF0, 0x00, 0x0F, 0x00, 0x00, 0xF0, 0x00,
    0x0F, 0x00, 0x00, 0xF0, 0x00, 0x0F, 0x00, 0x00, 0xF0, 0x00, 0x0F, 0x00, 0x00, 0xF0, 0x00, 0x0F,
    0x00, 0x00, 0xF0, 0x00, 0x0F, 0x00, 0x00, 0xF0, 0x00, 0x00, 0x00, 0x7F, 0xFF, 0xD7, 0x40, 0x1D,
    0x70, 0x00, 0xD7, 0x00, 0x0D, 0x70, 0x00, 0xD7, 0x00, 0x0D, 0x70, 0x00, 0xD7, 0xFF, 0xFD, 0x00,
    0xF0, 0x00, 0x0F, 0x00, 0x00, 0xF0, 0x00, 0x0F, 0x00, 0x00, 0xF0, 0x00, 0x0F, 0x00, 0x00, 0xF0,
    0x00, 0x0F, 0x00, 0x00, 0xF0, 0x00, 0x0F, 0x00, 0x00, 0xF0, 0x00, 0x0F, 0x00, 0x00, 0xF0, 0x00,
    0x0F, 0x00, 0x00, 0xF0, 0x00, 0x0F, 0x00, 0x00, 0xF0, 0x00, 0x0F, 0x00, 0x00, 0xF0, 0x00, 0x0F,
    0x00, 0x00, 0xF0, 0x00, 0x0F, 0x00, 0x00, 0xF0, 0x00, 0x00, 0x00, 0x3F, 0xFF, 0xC2, 0xFF, 0xF8,
    0x0F, 0xFF, 0x00, 0xBF, 0xE0, 0x03, 0xFC, 0x00, 0x1F, 0x40, 0x00, 0xF0, 0x00, 0x0F, 0x00, 0x00,
    0xF0, 0x00, 0x0F, 0x00, 0x00, 0xF0, 0x00, 0x0F, 0x00, 0x00, 0xF0, 0x00, 0x0F, 0x00, 0x00, 0xF0,
    0x00, 0x0F, 0x00, 0x00, 0xF0, 0x00, 0x0F, 0x00, 0x00, 0xF0, 0x00, 0x0F, 0x00, 0x00, 0xF0, 0x00,
    0x0F, 0x00, 0x00, 0xF0, 0x00, 0x0F, 0x00, 0x00, 0xF0, 0x00, 0x0F, 0x00, 0x00, 0xF0, 0x00, 0x0F,
    0x00, 0x00, 0xF0, 0x00, 0x0F, 0x00, 0x00, 0xF0, 0x00, 0x00, 0x00, 0x00, 0x05, 0x00, 0x00, 0xF0,
    0x00, 0x1F, 0x40, 0x03, 0xFC, 0x00, 0xBF, 0xE0, 0x0F, 0xFF, 0x02, 0xFF, 0xF8, 0x3F, 0xFF, 0xC0,
    0x0F, 0x00, 0x00, 0xF0, 0x00, 0x0F, 0x00, 0x00, 0xF0, 0x00, 0x0F, 0x00, 0x00, 0xF0, 0x00, 0x0F,
    0x00, 0x00, 0xF0, 0x00, 0x0F, 0x00, 0x00, 0xF0, 0x00, 0x0F, 0x00, 0x00, 0xF0, 0x00, 0x0F, 0x00,
    0x00, 0xF0, 0x00, 0x0F, 0x00, 0x00, 0xF0, 0x00, 0x0F, 0x00, 0x00, 0xF0, 0x00, 0x0F, 0x00, 0x00,
    0xF0, 0x00, 0x0F, 0x00, 0x00, 0xF0, 0x00, 0x0F, 0x00, 0x00, 0x00, 0x00, 0x0A, 0x00, 0x02, 0xF8,
    0x00, 0xF5, 0xF0, 0x3C, 0x03, 0xC2, 0xD0, 0x78, 0x0B, 0x5E, 0x00, 0x2F, 0x80, 0x00, 0xF0, 0x00,
    0x0F, 0x00, 0x00, 0xF0, 0x00, 0x0F, 0x00, 0x00, 0xF0, 0x00, 0x0F, 0x00, 0x00, 0xF0, 0x00, 0x0F,
    0x00, 0x00, 0xF0, 0x00, 0x0F, 0x00, 0x00, 0xF0, 0x00, 0x0F, 0x00, 0x00, 0xF0, 0x00, 0x0F, 0x00,
    0x00, 0xF0, 0x00, 0x0F, 0x00, 0x00, 0xF0, 0x00, 0x0F, 0x00, 0x00, 0xF0, 0x00, 0x0F, 0x00, 0x00,
    0xF0, 0x00, 0x0F, 0x00, 0x00, 0xF0, 0x00, 0x0F, 0x00, 0x7F, 0xF0, 0x00, 0x0F, 0x00, 0x00, 0xF0,
    0x00, 0x0F, 0x00, 0x00, 0xF0, 0x00, 0x0F, 0x00, 0x00, 0xF0, 0x07, 0xFF, 0xFD, 0x00, 0xF0, 0x00,
    0x0F, 0x00, 0x00, 0xF0, 0x00, 0x0F, 0x00, 0x00, 0xF0, 0x00, 0x0F, 0x00, 0x00, 0xF0, 0x00, 0x0F,
    0x00, 0x00, 0xF0, 0x00, 0x0F, 0x00, 0x00, 0xF0, 0x00, 0x0F, 0x00, 0x00, 0xF0, 0x00, 0x0F, 0x00,
    0x00, 0xF0, 0x00, 0x0F, 0x00, 0x00, 0xF0, 0x00, 0x0F, 0x00, 0x00, 0xF0, 0x00, 0x0F, 0x00, 0x00,
    0xF0, 0x00, 0x0F, 0x00, 0x00, 0xF0, 0x00, 0x00, 0x00, 0x00, 0x1A, 0xE4, 0x00, 0x0B, 0xFF, 0xF0,
    0x03, 0xFF, 0xFF, 0x80, 0xBF, 0xFF, 0xFC, 0x0F, 0xFC, 0x7F, 0xD2, 0xFF, 0x03, 0xFD, 0x3F, 0xF0,
    0x3F, 0xD3, 0xFE, 0x03, 0xFD, 0x7F, 0xD0, 0x7F, 0xC7, 0xFC, 0x0B, 0xFC, 0x7F, 0xC0, 0xFF, 0xCB,
    0xFC, 0x0F, 0xF8, 0x7F, 0xC3, 0xFF, 0x03, 0xFF, 0xFF, 0xE0, 0x3F, 0xFF, 0xFC, 0x00, 0xFF, 0xFF,
    0x00, 0x02, 0xFE, 0x40, 0x00, 0x00, 0x7E, 0x00, 0x3F, 0xC0, 0x0B, 0xD0, 0x00, 0x00, 0x00, 0x00,
    0x00, 0xBF, 0x00, 0x3F, 0xC0, 0x0F, 0xE0, 0x07, 0xF4, 0x02, 0xFC, 0x00, 0xFF, 0x00, 0x3F, 0x80,
    0x1F, 0xD0, 0x0B, 0xF0, 0x03, 0xFC, 0x00, 0xFE, 0x00, 0x3F, 0x40, 0x00, 0x00, 0x00, 0x06, 0xA4,
    0x00, 0x00, 0xBF, 0xE0, 0x00, 0x0B, 0xFF, 0x40, 0x00, 0x7F, 0xFD, 0x00, 0x07, 0xFF, 0xF0, 0x00,
    0x3F, 0xFF, 0xC0, 0x03, 0xFE, 0xFE, 0x00, 0x3F, 0xCF, 0xF4, 0x02, 0xFD, 0x3F, 0xC0, 0x1F, 0xD1,
    0xFF, 0x01, 0xFE, 0x0B, 0xFC, 0x0B, 0xFF, 0xFF, 0xFF, 0x3F, 0xFF, 0xFF, 0xF8, 0xFF, 0xFF, 0xFF,
    0xD0, 0x00, 0x1F, 0xF0, 0x00, 0x00, 0xBF, 0xC0, 0x00, 0x03, 0xFE, 0x00, 0x00, 0xBF, 0xFF, 0xF0,
    0x03, 0xFF, 0xFF, 0xC0, 0x0F, 0xFF, 0xFE, 0x00, 0xBF, 0xFF, 0xF4, 0x03, 0xF8, 0x00, 0x00, 0x0F,
    0xD0, 0x00, 0x00, 0x7F, 0xA9, 0x00, 0x02, 0xFF, 0xFF, 0x40, 0x0B, 0xFF, 0xFF, 0x00, 0x05, 0x1B,
    0xFD, 0x00, 0x00, 0x0B, 0xF8, 0x00, 0x00, 0x2F, 0xE0, 0x00, 0x00, 0xFF, 0x41, 0xD0, 0x0B, 0xFC,
    0x07, 0xFF, 0xFF, 0xD0, 0x1F, 0xFF, 0xFD, 0x00, 0x1B, 0xFF, 0x40, 0x00, 0x00, 0x06, 0xFF, 0xD0,
    0x07, 0xFF, 0xFC, 0x02, 0xFF, 0xFF, 0xC0, 0xBF, 0xFF, 0xFC, 0x0F, 0xFC, 0x00, 0x02, 0xFF, 0x00,
    0x00, 0x3F, 0xD7, 0xE4, 0x03, 0xFF, 0xFF, 0xE0, 0x7F, 0xFF, 0xFF, 0x0B, 0xFD, 0x0F, 0xF4, 0xBF,
    0x80, 0x7F, 0x8B, 0xF4, 0x0B, 0xF4, 0x7F, 0x80, 0xFF, 0x43, 0xFF, 0xFF, 0xF0, 0x2F, 0xFF, 0xFD,
    0x00, 0xFF, 0xFF, 0x40, 0x01, 0xFF, 0x80, 0x00, 0x0B, 0xFF, 0xFF, 0xF4, 0x3F, 0xFF, 0xFF, 0xC0,
    0xFF, 0xFF, 0xFF, 0x03, 0xFF, 0xFF, 0xF8, 0x00, 0x00, 0x3F, 0xC0, 0x00, 0x03, 0xFD, 0x00, 0x00,
    0x2F, 0xE0, 0x00, 0x00, 0xFF, 0x00, 0x00, 0x0F, 0xF4, 0x00, 0x00, 0xBF, 0xC0, 0x00, 0x07, 0xFC,
    0x00, 0x00, 0x3F, 0xE0, 0x00, 0x02, 0xFF, 0x00, 0x00, 0x1F, 0xF4, 0x00, 0x00, 0xFF, 0x80, 0x00,
    0x0B, 0xFC, 0x00, 0x00, 0x2A, 0x90, 0x00, 0x00, 0x00, 0x0B, 0xFE, 0x00, 0x01, 0xFF, 0xFF, 0x00,
    0x1F, 0xFF, 0xFF, 0x00, 0xFF, 0x83, 0xFC, 0x03, 0xFC, 0x0F, 0xF0, 0x0F, 0xF4, 0x7F, 0xC0, 0x1F,
    0xFB, 0xFD, 0x00, 0x2F, 0xFF, 0x80, 0x01, 0xBF, 0xFD, 0x00, 0x2F, 0xFF, 0xFD, 0x02, 0xFF, 0x4F,
    0xFC, 0x0F, 0xF4, 0x0F, 0xF4, 0x3F, 0xC0, 0x3F, 0xD0, 0xFF, 0x82, 0xFF, 0x02, 0xFF, 0xFF, 0xF8,
    0x03, 0xFF, 0xFF, 0x80, 0x01, 0xFF, 0xE0, 0x00, 0x00, 0x6F, 0xF4, 0x00, 0x2F, 0xFF, 0xE0, 0x0B,
    0xFF, 0xFF, 0x40, 0xFF, 0x47, 0xFC, 0x2F, 0xD0, 0x3F, 0xC3, 0xFC, 0x03, 0xFC, 0x3F, 0xC0, 0x3F,
    0xC3, 0xFE, 0x0B, 0xFC, 0x2F, 0xFF, 0xFF, 0xC0, 0xFF, 0xFF, 0xFC, 0x02, 0xFD, 0xBF, 0x80, 0x00,
    0x0F, 0xF0, 0x00, 0x07, 0xFE, 0x0B, 0xFF, 0xFF, 0xC0, 0xBF, 0xFF, 0xF0, 0x0B, 0xFF, 0xF8, 0x00,
    0x7F, 0xF8, 0x00, 0x00, 0x00, 0xBC, 0x00, 0x00, 0xBC, 0x00, 0x00, 0xBC, 0x00, 0x00, 0xBC, 0x00,
    0xBF, 0xFF, 0xFC, 0xBF, 0xFF, 0xFC, 0xBF, 0xFF, 0xFC, 0x00, 0xBC, 0x00, 0x00, 0xBC, 0x00, 0x00,
    0xBC, 0x00, 0x00, 0xBC, 0x00, 0xFF, 0xFF, 0xFC, 0xFF, 0xFF, 0xFC, 0xAA, 0xAA, 0xA8, 0x7F, 0xFF,
    0xFE, 0x7F, 0xFF, 0xFE, 0x00, 0x00, 0x00, 0x00, 0x00, 0x00, 0x7F, 0xFF, 0xFD, 0x7F, 0xFF, 0xFE,
    0x7F, 0xFF, 0xFE, 0x00, 0x06, 0x80, 0x01, 0xF8, 0x00, 0x7F, 0x00, 0x0F, 0xC0, 0x02, 0xF4, 0x00,
    0x7F, 0x00, 0x0F, 0xD0, 0x00, 0xFC, 0x00, 0x2F, 0x80, 0x03, 0xF4, 0x00, 0x3F, 0x00, 0x03, 0xF0,
    0x00, 0x7F, 0x00, 0x07, 0xE0, 0x00, 0x7E, 0x00, 0x07, 0xF0, 0x00, 0x3F, 0x00, 0x03, 0xF0, 0x00,
    0x2F, 0x40, 0x01, 0xF8, 0x00, 0x0F, 0xC0, 0x00, 0x00, 0x29, 0x00, 0x03, 0xF0, 0x00, 0x2F, 0x40,
    0x01, 0xF8, 0x00, 0x0F, 0xC0, 0x00, 0xFC, 0x00, 0x0F, 0xC0, 0x00, 0xFC, 0x00, 0x0F, 0xC0, 0x00,
    0xFC, 0x00, 0x0F, 0xC0, 0x01, 0xF8, 0x00, 0x2F, 0x40, 0x03, 0xF0, 0x00, 0x7F, 0x00, 0x0F, 0xD0,
    0x01, 0xFC, 0x00, 0x3F, 0x00, 0x0B, 0xD0, 0x01, 0xF8, 0x00, 0x3F, 0x00, 0x00, 0x03, 0xF1, 0xFF,
    0x00, 0x3F, 0xBF, 0xFC, 0x07, 0xFE, 0x2F, 0xD0, 0xBF, 0x80, 0xFD, 0x0F, 0xF0, 0x1F, 0xD0, 0xFE,
    0x01, 0xFC, 0x1F, 0xD0, 0x2F, 0xC2, 0xFC, 0x03, 0xF8, 0x2F, 0xC0, 0x3F, 0x43, 0xF8, 0x07, 0xF0,
    0x3F, 0x40, 0xBF, 0x07, 0xF0, 0x0F, 0xE0, 0x00, 0x2F, 0xF4, 0x00, 0x1F, 0xFF, 0xF0, 0x07, 0xFF,
    0xFF, 0x40, 0xFF, 0xFF, 0xFC, 0x1F, 0xF8, 0xBF, 0xC3, 0xFF, 0x07, 0xFC, 0x3F, 0xD0, 0x7F, 0xC7,
    0xFC, 0x07, 0xFC, 0xBF, 0xC0, 0xBF, 0xCB, 0xFC, 0x0F, 0xFC, 0xFF, 0xC0, 0xFF, 0x8F, 0xF8, 0x2F,
    0xF0, 0xBF, 0xC3, 0xFF, 0x07, 0xFF, 0xFF, 0xD0, 0x3F, 0xFF, 0xF8, 0x01, 0xFF, 0xFE, 0x00, 0x02,
    0xFE, 0x00, 0x00, 0x00, 0x02, 0xFF, 0x00, 0x07, 0xFF, 0x80, 0x0B, 0xFF, 0xD0, 0x1F, 0xFF, 0xF4,
    0x3F, 0xFF, 0xFC, 0x07, 0xFE, 0xFF, 0x00, 0xF4, 0xFF, 0x80, 0x00, 0x3F, 0xD0, 0x00, 0x1F, 0xF0,
    0x00, 0x0B, 0xFC, 0x00, 0x02, 0xFF, 0x00, 0x00, 0xFF, 0x80, 0x00, 0x3F, 0xD0, 0x00, 0x1F, 0xF0,
    0x00, 0x0B, 0xFC, 0x00, 0x03, 0xFE, 0x00, 0x00, 0x0A, 0xF9, 0x00, 0x0F, 0xFF, 0xF8, 0x03, 0xFF,
    0xFF, 0xE0, 0x2F, 0xFF, 0xFF, 0x00, 0xF4, 0x3F, 0xF0, 0x00, 0x02, 0xFF, 0x00, 0x00, 0x3F, 0xE0,
    0x00, 0x07, 0xFC, 0x00, 0x01, 0xFF, 0x40, 0x00, 0xBF, 0xD0, 0x00, 0x3F, 0xF0, 0x00, 0x0F, 0xF8,
    0x00, 0x07, 0xFD, 0x00, 0x02, 0xFF, 0xFF, 0xF8, 0x7F, 0xFF, 0xFF, 0x87, 0xFF, 0xFF, 0xF4, 0xBF,
    0xFF, 0xFF, 0x00, 0x00, 0x2F, 0xF9, 0x00, 0x2F, 0xFF, 0xF8, 0x03, 0xFF, 0xFF, 0xC0, 0x2F, 0xFF,
    0xFD, 0x00, 0x90, 0x3F, 0xD0, 0x00, 0x03, 0xFD, 0x00, 0x00, 0xBF, 0x80, 0x0F, 0xFF, 0xE0, 0x00,
    0xFF, 0xF0, 0x00, 0x0F, 0xFF, 0xD0, 0x00, 0x01, 0xFF, 0x00, 0x00, 0x0F, 0xF4, 0x90, 0x02, 0xFF,
    0x4B, 0xFF, 0xFF, 0xF0, 0xBF, 0xFF, 0xFD, 0x0B, 0xFF, 0xFF, 0x40, 0x1B, 0xFF, 0x40, 0x00, 0x00,
    0x00, 0x06, 0xA4, 0x00, 0x00, 0xBF, 0xE0, 0x00, 0x0B, 0xFF, 0x40, 0x00, 0x7F, 0xFC, 0x00, 0x07,
    0xFF, 0xF0, 0x00, 0x3F, 0xFF, 0xC0, 0x03, 0xFE, 0xFE, 0x00, 0x3F, 0xCF, 0xF4, 0x02, 0xFC, 0x3F,
    0xC0, 0x2F, 0xD1, 0xFF, 0x01, 0xFE, 0x0B, 0xF8, 0x0B, 0xFF, 0xFF, 0xFE, 0x3F, 0xFF, 0xFF, 0xF4,
    0xFF, 0xFF, 0xFF, 0xD0, 0x00, 0x1F, 0xF0, 0x00, 0x00, 0xBF, 0x80, 0x00, 0x03, 0xFE, 0x00, 0x00,
    0xBF, 0xFF, 0xF0, 0x03, 0xFF, 0xFF, 0xC0, 0x0F, 0xFF, 0xFE, 0x00, 0x7F, 0xFF, 0xF4, 0x02, 0xF8,
    0x00, 0x00, 0x0F, 0xD0, 0x00, 0x00, 0x3F, 0xA9, 0x00, 0x02, 0xFF, 0xFF, 0x40, 0x07, 0xFF, 0xFF,
    0x00, 0x05, 0x5B, 0xFE, 0x00, 0x00, 0x0B, 0xF8, 0x00, 0x00, 0x2F, 0xE0, 0x00, 0x00, 0xFF, 0x40,
    0xD0, 0x0B, 0xFC, 0x03, 0xFF, 0xFF, 0xD0, 0x0F, 0xFF, 0xFD, 0x00, 0x1B, 0xFF, 0x80, 0x00, 0x00,
    0x07, 0xFF, 0xC0, 0x07, 0xFF, 0xFC, 0x02, 0xFF, 0xFF, 0xC0, 0xBF, 0xFF, 0xFC, 0x0F, 0xFC, 0x00,
    0x02, 0xFF, 0x00, 0x00, 0x3F, 0xC7, 0xE4, 0x07, 0xFF, 0xFF, 0xE0, 0x7F, 0xFF, 0xFF, 0x0B, 0xFD,
    0x0F, 0xF4, 0xBF, 0x80, 0xBF, 0x8B, 0xF4, 0x0B, 0xF4, 0x7F, 0x81, 0xFF, 0x03, 0xFF, 0xFF, 0xF0,
    0x2F, 0xFF, 0xFD, 0x00, 0xFF, 0xFF, 0x40, 0x01, 0xFF, 0x80, 0x00, 0x0B, 0xFF, 0xFF, 0xF0, 0x3F,
    0xFF, 0xFF, 0xC0, 0xFF, 0xFF, 0xFF, 0x07, 0xFF, 0xFF, 0xF4, 0x00, 0x00, 0x7F, 0xC0, 0x00, 0x03,
    0xFC, 0x00, 0x00, 0x2F, 0xE0, 0x00, 0x01, 0xFF, 0x00, 0x00, 0x0F, 0xF4, 0x00, 0x00, 0xBF, 0x80,
    0x00, 0x07, 0xFC, 0x00, 0x00, 0x3F, 0xE0, 0x00, 0x02, 0xFF, 0x00, 0x00, 0x1F, 0xF4, 0x00, 0x00,
    0xFF, 0x80, 0x00, 0x0B, 0xFC, 0x00, 0x00, 0x3F, 0xD0, 0x00, 0x00, 0x00, 0x1B, 0xF9, 0x00, 0x0B,
    0xFF, 0xFC, 0x02, 0xFF, 0xFF, 0xE0, 0x3F, 0xD1, 0xFF, 0x03, 0xFC, 0x0F, 0xF0, 0x3F, 0xC2, 0xFE,
    0x02, 0xFF, 0xBF, 0xC0, 0x0F, 0xFF, 0xE0, 0x01, 0xFF, 0xFC, 0x00, 0xFF, 0xFF, 0xF0, 0x3F, 0xF0,
    0xFF, 0xC3, 0xFC, 0x07, 0xFC, 0x7F, 0xC0, 0x7F, 0xC7, 0xFD, 0x0F, 0xFC, 0x3F, 0xFF, 0xFF, 0x40,
    0xFF, 0xFF, 0xD0, 0x02, 0xFF, 0xE0, 0x00, 0x00, 0x7F, 0xE4, 0x00, 0xFF, 0xFF, 0x80, 0xFF, 0xFF,
    0xF0, 0x7F, 0xC2, 0xFE, 0x3F, 0xC0, 0x3F, 0xCF, 0xF0, 0x0F, 0xF3, 0xFC, 0x03, 0xFC, 0xFF, 0x43,
    0xFF, 0x3F, 0xFF, 0xFF, 0xC7, 0xFF, 0xFF, 0xE0, 0x7F, 0xDF, 0xF4, 0x00, 0x0B, 0xFC, 0x00, 0x0B,
    0xFD, 0x3F, 0xFF, 0xFE, 0x0F, 0xFF, 0xFE, 0x03, 0xFF, 0xFD, 0x00, 0xBF, 0xE4, 0x00, 0x00, 0x00,
    0xBC, 0x00, 0x02, 0xF0, 0x00, 0x0B, 0xC0, 0x00, 0x2F, 0x00, 0xFF, 0xFF, 0xFF, 0xFF, 0xFF, 0xFF,
    0xFF, 0xFF, 0xC0, 0x2F, 0x00, 0x00, 0xBC, 0x00, 0x02, 0xF0, 0x00, 0x0B, 0xC0, 0x00, 0xAA, 0xAA,
    0xAB, 0xFF, 0xFF, 0xFF, 0xFF, 0xFF, 0xC0, 0xBF, 0xFF, 0xFD, 0xBF, 0xFF, 0xFD, 0x7F, 0xFF, 0xFD,
    0x00, 0x00, 0x00, 0x7F, 0xFF, 0xFD, 0xBF, 0xFF, 0xFD, 0xBF, 0xFF, 0xFD, 0x00, 0x0F, 0xC0, 0x03,
    0xF0, 0x00, 0xFD, 0x00, 0x2F, 0x80, 0x03, 0xF0, 0x00, 0xBD, 0x00, 0x0F, 0xC0, 0x01, 0xF8, 0x00,
    0x3F, 0x40, 0x03, 0xF0, 0x00, 0x3F, 0x00, 0x07, 0xE0, 0x00, 0x7E, 0x00, 0x07, 0xE0, 0x00, 0x7E,
    0x00, 0x07, 0xE0, 0x00, 0x3F, 0x00, 0x03, 0xF0, 0x00, 0x2F, 0x40, 0x00, 0xF8, 0x00, 0x06, 0x40,
    0x00, 0x00, 0x7D, 0x00, 0x0F, 0xC0, 0x02, 0xF4, 0x00, 0x7E, 0x00, 0x1F, 0xC0, 0x03, 0xF0, 0x00,
    0xFC, 0x00, 0x3F, 0x00, 0x0F, 0xC0, 0x07, 0xF0, 0x01, 0xF8, 0x00, 0xBD, 0x00, 0x3F, 0x00, 0x1F,
    0xC0, 0x0F, 0xD0, 0x07, 0xF0, 0x03, 0xF4, 0x01, 0xF8, 0x00, 0xFC, 0x00, 0xFC, 0x00, 0x68, 0x00,
    0x00, 0x00, 0xBF, 0x4F, 0xC0, 0x7F, 0xFE, 0xFC, 0x0F, 0xFF, 0xFF, 0x82, 0xFD, 0x0F, 0xF4, 0x3F,
    0xC0, 0xBF, 0x07, 0xF4, 0x0B, 0xF0, 0xBF, 0x00, 0xBE, 0x0F, 0xF0, 0x0F, 0xE0, 0xFF, 0x01, 0xFD,
    0x0F, 0xF0, 0x7F, 0xC0, 0xBF, 0xFF, 0xFC, 0x03, 0xFF, 0xEF, 0x80, 0x0F, 0xE2, 0xF4, 0x00, 0x00,
    0x6F, 0xE4, 0x00, 0xFF, 0xFF, 0x40, 0xFF, 0xEF, 0xF0, 0xBF, 0x41, 0xFC, 0x3F, 0x40, 0xFF, 0x1F,
    0xFB, 0xFF, 0x4B, 0xFF, 0xFF, 0x83, 0xFF, 0xF9, 0x00, 0xFF, 0x00, 0x00, 0x2F, 0xC0, 0x04, 0x07,
    0xFF, 0xBF, 0x00, 0xBF, 0xFF, 0xC0, 0x07, 0xFF, 0x80, 0x00, 0x00, 0xBF, 0xE0, 0x01, 0xFF, 0xFF,
    0x00, 0xFF, 0xFF, 0xE0, 0xFF, 0x42, 0xFC, 0x3F, 0x80, 0x7F, 0x2F, 0xC0, 0x1F, 0xCB, 0xF0, 0x0B,
    0xF3, 0xFC, 0x03, 0xFC, 0xFF, 0x00, 0xFE, 0x2F, 0xC0, 0xFF, 0x07, 0xFE, 0xFF, 0x80, 0xBF, 0xFF,
    0x80, 0x07, 0xFE, 0x40, 0x00, 0x00, 0xFF, 0x01, 0xFF, 0x00, 0x2F, 0xD0, 0xFF, 0x00, 0x03, 0xF8,
    0xFF, 0x00, 0x00, 0xBF, 0xBF, 0x40, 0x00, 0x1F, 0xFF, 0x80, 0x00, 0x03, 0xFF, 0x80, 0x00, 0x00,
    0xBF, 0xC0, 0x00, 0x00, 0xBF, 0xF0, 0x00, 0x00, 0x7F, 0xFE, 0x00, 0x00, 0x3F, 0xAF, 0xC0, 0x00,
    0x3F, 0xC3, 0xF8, 0x00, 0x3F, 0xC0, 0xFF, 0x00, 0x2F, 0xD0, 0x2F, 0xD0, 0x00, 0x01, 0xBF, 0xE0,
    0x01, 0xFF, 0xFF, 0x40, 0x7F, 0xBF, 0xF0, 0x04, 0x01, 0xFD, 0x00, 0x00, 0x3F, 0x80, 0x2F, 0xFF,
    0xE0, 0xBF, 0xFF, 0xF4, 0xFF, 0xFB, 0xFC, 0x3F, 0x80, 0xFF, 0x1F, 0xC0, 0xBF, 0x43, 0xFE, 0xFF,
    0x80, 0xBF, 0xFF, 0x80, 0x07, 0xFE, 0x00, 0x00, 0x00, 0x7F, 0x40, 0x00, 0x0B, 0xF0, 0x00, 0x00,
    0xFF, 0x00, 0x00, 0x0F, 0xE0, 0x00, 0x00, 0xFD, 0x00, 0x00, 0x1F, 0xCB, 0xF4, 0x02, 0xFF, 0xFF,
    0xD0, 0x3F, 0xE0, 0xFF, 0x03, 0xFC, 0x0B, 0xF0, 0x7F, 0x40, 0xFF, 0x07, 0xF0, 0x0F, 0xE0, 0xBF,
    0x00, 0xFD, 0x0F, 0xE0, 0x1F, 0xD0, 0xFD, 0x02, 0xFC, 0x1F, 0xC0, 0x3F, 0xC2, 0xFC, 0x03, 0xF8,
    0x3F, 0xC0, 0x3F, 0x43, 0xF8, 0x07, 0xF0, 0x00, 0x7F, 0x00, 0x00, 0x00, 0xBF, 0x00, 0x00, 0x00,
    0xFF, 0x00, 0x00, 0x00, 0xFE, 0x00, 0x00, 0x00, 0xFD, 0x00, 0x00, 0x01, 0xFC, 0x03, 0xFC, 0x02,
    0xFC, 0x0F, 0xF0, 0x03, 0xF8, 0x3F, 0xC0, 0x03, 0xF4, 0xFF, 0x00, 0x07, 0xF7, 0xFC, 0x00, 0x0B,
    0xFF, 0xF0, 0x00, 0x0F, 0xFF, 0xF0, 0x00, 0x0F, 0xFF, 0xF4, 0x00, 0x0F, 0xF7, 0xFC, 0x00, 0x1F,
    0xC2, 0xFC, 0x00, 0x2F, 0xC0, 0xFE, 0x00, 0x3F, 0x80, 0xFF, 0x00, 0x3F, 0x80, 0x7F, 0x80, 0x00,
    0x7F, 0x40, 0x2F, 0xC0, 0x0B, 0xF0, 0x03, 0xF8, 0x00, 0xFD, 0x00, 0x7F, 0x40, 0x2F, 0xC0, 0x0F,
    0xF0, 0x03, 0xF8, 0x01, 0xFD, 0x00, 0x7F, 0x00, 0x2F, 0xC0, 0x0F, 0xE0, 0x03, 0xF8, 0x01, 0xFD,
    0x00, 0xBF, 0x00, 0x3F, 0xC0, 0x0F, 0xE0, 0x00, 0x01, 0xF4, 0xBF, 0x41, 0xFE, 0x00, 0x2F, 0x7F,
    0xFD, 0xBF, 0xF8, 0x03, 0xFF, 0xAF, 0xFF, 0xBF, 0xC0, 0x3F, 0xD0, 0xFF, 0xC1, 0xFC, 0x07, 0xF8,
    0x0F, 0xF0, 0x1F, 0xC0, 0x7F, 0x40, 0xFE, 0x02, 0xFC, 0x0B, 0xF0, 0x0F, 0xD0, 0x3F, 0xC0, 0xFE,
    0x01, 0xFC, 0x03, 0xF8, 0x0F, 0xD0, 0x2F, 0xC0, 0x3F, 0x41, 0xFC, 0x03, 0xF8, 0x07, 0xF0, 0x2F,
    0xC0, 0x3F, 0x40, 0xBF, 0x03, 0xFC, 0x07, 0xF4, 0x0F, 0xE0, 0x3F, 0x80, 0xBF, 0x00, 0xFE, 0x00,
    0x03, 0xF0, 0xBF, 0x00, 0x3F, 0x3F, 0xFC, 0x03, 0xFF, 0xFF, 0xD0, 0x7F, 0xD1, 0xFE, 0x0B, 0xF4,
    0x0F, 0xD0, 0xFF, 0x01, 0xFD, 0x0F, 0xE0, 0x1F, 0xC1, 0xFD, 0x02, 0xFC, 0x2F, 0xC0, 0x3F, 0x82,
    0xFC, 0x03, 0xF4, 0x3F, 0x80, 0x7F, 0x03, 0xF4, 0x0B, 0xF0, 0x7F, 0x00, 0xFF, 0x00, 0x00, 0xFC,
    0x7F, 0x80, 0x03, 0xF7, 0xFF, 0x80, 0x1F, 0xFF, 0xFF, 0x00, 0x7F, 0x81, 0xFD, 0x02, 0xFC, 0x03,
    0xF4, 0x0F, 0xE0, 0x0F, 0xD0, 0x3F, 0x40, 0x7F, 0x41, 0xFC, 0x02, 0xFC, 0x0B, 0xF0, 0x0F, 0xE0,
    0x3F, 0xD0, 0xFF, 0x40, 0xFF, 0xFF, 0xF8, 0x07, 0xFB, 0xFF, 0xC0, 0x2F, 0xC7, 0xF4, 0x00, 0xBF,
    0x00, 0x00, 0x03, 0xF8, 0x00, 0x00, 0x0F, 0xD0, 0x00, 0x00, 0x7F, 0x00, 0x00, 0x02, 0xFC, 0x00,
    0x00, 0x00, 0x01, 0xFF, 0xE4, 0x2F, 0xFF, 0xE1, 0xFE, 0x07, 0x07, 0xF4, 0x00, 0x1F, 0xF4, 0x00,
    0x3F, 0xFC, 0x00, 0x3F, 0xFC, 0x00, 0x1F, 0xF8, 0x00, 0x0F, 0xF2, 0x40, 0x3F, 0x8F, 0xFF, 0xFD,
    0x3F, 0xFF, 0xE0, 0x6F, 0xF9, 0x00, 0x00, 0x64, 0x00, 0x0F, 0x40, 0x03, 0xF4, 0x01, 0xBF, 0xFD,
    0xBF, 0xFF, 0xCB, 0xFF, 0xFC, 0x0F, 0xD0, 0x01, 0xFC, 0x00, 0x2F, 0xC0, 0x03, 0xF8, 0x00, 0x3F,
    0x40, 0x07, 0xF0, 0x00, 0x7F, 0x00, 0x07, 0xFF, 0xC0, 0x3F, 0xFC, 0x01, 0xFF, 0x80, 0x00, 0x02,
    0xFF, 0xE4, 0x00, 0x00, 0x0B, 0xFF, 0xFF, 0xC0, 0x00, 0x0F, 0xFF, 0xFF, 0xE0, 0x00, 0x0F, 0xFF,
    0xFF, 0xF0, 0x00, 0x0B, 0xFF, 0xEA, 0xF8, 0x00, 0x07, 0xFF, 0xC0, 0x00, 0x00, 0x03, 0xFF, 0xC0,
    0x00, 0x00, 0x00, 0xFF, 0xD0, 0x00, 0x00, 0x00, 0x7F, 0xF0, 0x2F, 0xFF, 0xFF, 0x2F, 0xF8, 0x0F,
    0xFF, 0xFF, 0xCF, 0xFE, 0x03, 0xFF, 0xFF, 0xE3, 0xFF, 0x41, 0xFF, 0xFF, 0xF4, 0xFF, 0xE0, 0xBF,
    0xEA, 0xA8, 0x3F, 0xFC, 0x3F, 0xF0, 0x00, 0x0B, 0xFF, 0x4F, 0xFC, 0x00, 0x01, 0xFF, 0xFF, 0xFF,
    0xFF, 0xC0, 0x3F, 0xFF, 0xFF, 0xFF, 0xF0, 0x07, 0xFF, 0xFF, 0xFF, 0xF8, 0x00, 0x3F, 0xFF, 0xFF,
    0xFD, 0x00, 0x00, 0x6F, 0xFE, 0xAA, 0x00, 0x00, 0x03, 0xFF, 0x00, 0x00, 0x00, 0x01, 0xFF, 0x80,
    0x00, 0x00, 0x00, 0xBF, 0xEA, 0xA8, 0x00, 0x00, 0x3F, 0xFF, 0xFF, 0x00, 0x00, 0x0F, 0xFF, 0xFF,
    0x80, 0x00, 0x03, 0xFF, 0xFF, 0xD0, 0x00, 0x01, 0xFF, 0xFF, 0xF0, 0x00, 0x00, 0x00, 0x00, 0x0F,
    0xC1, 0xF4, 0x00, 0x00, 0x00, 0x3E, 0x0F, 0xC0, 0x00, 0x00, 0x02, 0xF9, 0x7D, 0x00, 0x00, 0x06,
    0xFF, 0xFF, 0xF0, 0x00, 0x01, 0xFF, 0xFF, 0xFF, 0xF0, 0x00, 0x2F, 0xFF, 0xFF, 0xFF, 0xC0, 0x03,
    0xFF, 0xFF, 0xFF, 0xFD, 0x00, 0x3F, 0xFF, 0xFC, 0x1F, 0xF0, 0x02, 0xFF, 0xFB, 0xE0, 0xFD, 0x00,
    0x1F, 0xFF, 0x1F, 0x03, 0xE0, 0x00, 0xFF, 0xF4, 0xFC, 0x2F, 0x00, 0x07, 0xFF, 0x87, 0xD0, 0xFC,
    0x00, 0x2F, 0xFC, 0x2F, 0x07, 0xD0, 0x00, 0xFF, 0xE0, 0xF8, 0x2F, 0x00, 0x07, 0xFF, 0x47, 0xD0,
    0xF8, 0x00, 0x2F, 0xFC, 0x3F, 0x07, 0xD0, 0x00, 0xBF, 0xF0, 0xF8, 0x3F, 0x00, 0x03, 0xFF, 0xCB,
    0xC1, 0xF8, 0x00, 0x0F, 0xFF, 0x3F, 0x0B, 0xC0, 0x00, 0x2F, 0xFE, 0xF4, 0x3E, 0x00, 0x00, 0xBF,
    0xFF, 0xC1, 0xF4, 0x00, 0x01, 0xFF, 0xFE, 0x0F, 0xC1, 0x00, 0x03, 0xFF, 0xF8, 0x3F, 0xBC, 0x00,
    0x0B, 0xFF, 0xFF, 0xFF, 0xF0, 0x00, 0x0F, 0xFF, 0xFF, 0xFF, 0xC0, 0x00, 0x1F, 0xFF, 0xFF, 0xFF,
    0x00, 0x00, 0x0F, 0xFF, 0xFF, 0xF8, 0x00, 0x00, 0x7E, 0xFF, 0xF9, 0x00, 0x00, 0x03, 0xF0, 0x7D,
    0x00, 0x00, 0x00, 0x0F, 0x83, 0xF0, 0x00, 0x00, 0x00, 0xBC, 0x0F, 0x80, 0x00, 0x00, 0x00, 0x00,
    0x00, 0x0A, 0xFF, 0xF9, 0x00, 0x00, 0x02, 0xFF, 0xFF, 0xFF, 0x40, 0x00, 0xBF, 0xFF, 0xFF, 0xFF,
    0x00, 0x0B, 0xFF, 0xFF, 0xFF, 0xF4, 0x00, 0xBF, 0xFF, 0xEA, 0xFF, 0xC0, 0x07, 0xFF, 0xE0, 0x00,
    0x2D, 0x00, 0x3F, 0xFE, 0x00, 0x00, 0x00, 0x02, 0xFF, 0xE0, 0x00, 0x00, 0x00, 0x0F, 0xFF, 0x00,
    0x00, 0x00, 0x00, 0x7F, 0xF4, 0x00, 0x00, 0x00, 0x03, 0xFF, 0xC0, 0x7F, 0x47, 0xF0, 0x0F, 0xFE,
    0x02, 0xFC, 0x7F, 0x80, 0x7F, 0xF4, 0x0F, 0xF7, 0xFD, 0x01, 0xFF, 0xC0, 0x3F, 0xFF, 0xF0, 0x0B,
    0xFF, 0x01, 0xFF, 0xFA, 0x80, 0x2F, 0xFC, 0x0B, 0xFF, 0x00, 0x00, 0xBF, 0xF0, 0x2F, 0xF4, 0x00,
    0x02, 0xFF, 0xC0, 0xFF, 0xC0, 0x00, 0x0B, 0xFF, 0x03, 0xFE, 0x00, 0x00, 0x1F, 0xFD, 0x1F, 0xF8,
    0x00, 0x00, 0x7F, 0xFC, 0xBF, 0xD0, 0x00, 0x00, 0xFF, 0xFF, 0xFF, 0x1B, 0x00, 0x02, 0xFF, 0xFF,
    0xFF, 0xFC, 0x00, 0x03, 0xFF, 0xFF, 0xFF, 0xF0, 0x00, 0x03, 0xFF, 0xFF, 0xFF, 0xC0, 0x00, 0x03,
    0xFF, 0xFF, 0xFF, 0x00, 0x00, 0x01, 0xBF, 0xFE, 0x40, 0x00, 0x00, 0x00, 0x03, 0xFF, 0xFF, 0xFF,
    0xF0, 0x00, 0x0F, 0xFF, 0xFF, 0xFF, 0xC0, 0x00, 0x3F, 0xFF, 0xFF, 0xFE, 0x00, 0x01, 0xFF, 0xFF,
    0xFF, 0xF4, 0x00, 0x0B, 0xFF, 0xAA, 0xAA, 0x80, 0x00, 0x3F, 0xF8, 0x00, 0x00, 0x00, 0x00, 0xFF,
    0xD0, 0x00, 0x00, 0x00, 0x07, 0xFF, 0x00, 0x00, 0x00, 0x00, 0x2F, 0xFC, 0x00, 0x00, 0x00, 0x00,
    0xBF, 0xF0, 0x00, 0x00, 0x00, 0x03, 0xFF, 0x80, 0x00, 0x00, 0x00, 0x0F, 0xFF, 0xFF, 0xFF, 0x00,
    0x00, 0x7F, 0xFF, 0xFF, 0xFC, 0x00, 0x02, 0xFF, 0xFF, 0xFF, 0xE0, 0x00, 0x0F, 0xFF, 0xFF, 0xFF,
    0x40, 0x00, 0x3F, 0xFA, 0xAA, 0xA8, 0x00, 0x00, 0xFF, 0xD0, 0x00, 0x00, 0x00, 0x07, 0xFF, 0x00,
    0x00, 0x00, 0x00, 0x2F, 0xFC, 0x00, 0x00, 0x00, 0x1F, 0xFF, 0xFF, 0xF4, 0x00, 0x00, 0xBF, 0xFF,
    0xFF, 0xD0, 0x00, 0x03, 0xFF, 0xFF, 0xFF, 0x00, 0x00, 0x00, 0x7F, 0xF0, 0x00, 0x00, 0x00, 0x02,
    0xFF, 0xC0, 0x00, 0x00, 0x00, 0x0F, 0xFE, 0x00, 0x00, 0x00, 0x00, 0x3F, 0xF4, 0x00, 0x00, 0x00,
    0x01, 0xFF, 0xC0, 0x00, 0x00, 0x00, 0x00, 0x00, 0x00, 0x00, 0x1B, 0xFF, 0x90, 0x00, 0x00, 0x01,
    0xFF, 0xFF, 0xFD, 0x00, 0x00, 0x07, 0xFF, 0xFF, 0xFD, 0x00, 0x00, 0x0F, 0xFF, 0xFF, 0xFC, 0x00,
    0x00, 0x2F, 0xFF, 0xAB, 0xF4, 0x00, 0x00, 0x3F, 0xFC, 0x00, 0x60, 0x00, 0x00, 0x7F, 0xF0, 0x00,
    0x00, 0x00, 0x00, 0xBF, 0xF0, 0x00, 0x00, 0x00, 0x00, 0xFF, 0xE0, 0x00, 0x00, 0x00, 0x00, 0xFF,
    0xD0, 0x00, 0x00, 0x00, 0xFF, 0xFF, 0xFF, 0xFE, 0x00, 0x00, 0xFF, 0xFF, 0xFF, 0xFD, 0x00, 0x01,
    0xFF, 0xFF, 0xFF, 0xFC, 0x00, 0x00, 0x03, 0xFF, 0x80, 0x00, 0x00, 0x00, 0x03, 0xFF, 0x40, 0x00,
    0x00, 0x03, 0xFF, 0xFF, 0xFF, 0xF8, 0x00, 0x03, 0xFF, 0xFF, 0xFF, 0xF4, 0x00, 0x07, 0xFF, 0xFF,
    0xFF, 0xF0, 0x00, 0x00, 0x0F, 0xFD, 0x00, 0x00, 0x00, 0x00, 0x2F, 0xFC, 0x00, 0x00, 0x00, 0x00,
    0x7F, 0xF4, 0x00, 0x00, 0x00, 0x01, 0xFF, 0xD0, 0x00, 0x00, 0x00, 0x1F, 0xFF, 0xAA, 0xAA, 0xA9,
    0x00, 0x2F, 0xFF, 0xFF, 0xFF, 0xFE, 0x00, 0x2F, 0xFF, 0xFF, 0xFF, 0xFE, 0x00, 0x3F, 0xFF, 0xFF,
    0xFF, 0xFD, 0x00, 0x3F, 0xFF, 0xFF, 0xFF, 0xFC, 0x00, 0x00, 0x00, 0x00, 0x00, 0x00, 0x00, 0xFE,
    0x00, 0x00, 0x00, 0x00, 0x00, 0x00, 0x00, 0xFF, 0x00, 0x00, 0x00, 0x00, 0x00, 0x00, 0x00, 0x7F,
    0x40, 0x00, 0x00, 0x00, 0x00, 0x00, 0x00, 0x3F, 0x80, 0x00, 0x00, 0x3F, 0xC0, 0x2F, 0xE0, 0x3F,
    0xFF, 0xD0, 0x00, 0x1F, 0xF0, 0xBF, 0xFF, 0x1F, 0xFF, 0xFE, 0x00, 0x07, 0xFC, 0xBF, 0xFF, 0xEF,
    0xFF, 0xFF, 0xD0, 0x02, 0xFF, 0x7F, 0xFF, 0xFF, 0xFF, 0xFF, 0xF8, 0x00, 0xFF, 0xFF, 0xFF, 0xFF,
    0xFF, 0xFF, 0xFF, 0x00, 0x3F, 0xFF, 0x82, 0xFF, 0xFF, 0x43, 0xFF, 0xC0, 0x1F, 0xFF, 0x80, 0x3F,
    0xFF, 0x00, 0xBF, 0xF0, 0x0B, 0xFF, 0xC0, 0x0F, 0xFF, 0x40, 0x2F, 0xFC, 0x02, 0xFF, 0xD0, 0x03,
    0xFF, 0xC0, 0x0B, 0xFE, 0x00, 0xFF, 0xF0, 0x01, 0xFF, 0xD0, 0x03, 0xFF, 0x80, 0x3F, 0xF8, 0x00,
    0xBF, 0xF0, 0x00, 0xFF, 0xD0, 0x1F, 0xFD, 0x00, 0x3F, 0xFC, 0x00, 0x7F, 0xF0, 0x0B, 0xFF, 0x00,
    0x2F, 0xFE, 0x00, 0x2F, 0xFC, 0x03, 0xFF, 0xC0, 0x1F, 0xFF, 0x40, 0x0B, 0xFE, 0x00, 0xFF, 0xE0,
    0x0F, 0xFF, 0xC0, 0x03, 0xFF, 0x80, 0x3F, 0xF4, 0x0B, 0xFF, 0xF0, 0x00, 0xFF, 0xD0, 0x1F, 0xFC,
    0x07, 0xFF, 0xF8, 0x00, 0x7F, 0xF0, 0x0B, 0xFF, 0x03, 0xFF, 0xFD, 0x00, 0x2F, 0xFC, 0x03, 0xFF,
    0x82, 0xFF, 0xFF, 0x00, 0x0F, 0xFE, 0x00, 0xFF, 0xE1, 0xFF, 0xFF, 0xC0, 0x03, 0xFF, 0x40, 0x3F,
    0xF4, 0xFE, 0xBF, 0xF0, 0x00, 0xFF, 0xD0, 0x00, 0x00, 0xBF, 0x00, 0x00, 0x00, 0x00, 0x00, 0x00,
    0x00, 0x7F, 0x40, 0x00, 0x00, 0x00, 0x00, 0x00, 0x00, 0x3F, 0x80, 0x00, 0x00, 0x00, 0x00, 0x00,
    0x00, 0x2F, 0xC0, 0x00, 0x00, 0x00, 0x00, 0x00, 0x00, 0x00, 0x0B, 0xFF, 0x40, 0x0F, 0xF4, 0x00,
    0x3F, 0xFD, 0x00, 0x3F, 0xC0, 0x00, 0xFF, 0xF4, 0x00, 0xFF, 0x00, 0x07, 0xFF, 0xE0, 0x07, 0xF8,
    0x00, 0x2F, 0xFF, 0x80, 0x2F, 0xE0, 0x00, 0xFF, 0xFE, 0x00, 0xFF, 0x40, 0x03, 0xFE, 0xFC, 0x03,
    0xFC, 0x00, 0x0F, 0xEB, 0xF0, 0x1F, 0xF0, 0x00, 0x7F, 0xAF, 0xC0, 0xBF, 0x80, 0x2F, 0xFF, 0xFF,
    0xFF, 0xFF, 0xD0, 0xFF, 0xFF, 0xFF, 0xFF, 0xFF, 0x43, 0xFF, 0xFF, 0xFF, 0xFF, 0xFC, 0x01, 0xFF,
    0x1F, 0xC1, 0xFF, 0x00, 0x07, 0xF8, 0x3F, 0x4B, 0xF8, 0x00, 0x2F, 0xD0, 0xFD, 0x2F, 0xD0, 0x0F,
    0xFF, 0xFF, 0xFF, 0xFF, 0xF4, 0x3F, 0xFF, 0xFF, 0xFF, 0xFF, 0xC1, 0xFF, 0xFF, 0xFF, 0xFF, 0xFF,
    0x00, 0x7F, 0x80, 0xFE, 0x7F, 0x80, 0x02, 0xFD, 0x02, 0xFA, 0xFD, 0x00, 0x0F, 0xF0, 0x0B, 0xFB,
    0xF0, 0x00, 0x3F, 0xC0, 0x2F, 0xFF, 0xC0, 0x01, 0xFF, 0x00, 0x7F, 0xFF, 0x00, 0x0B, 0xF8, 0x01,
    0xFF, 0xF8, 0x00, 0x3F, 0xD0, 0x07, 0xFF, 0xD0, 0x00, 0xFF, 0x00, 0x0F, 0xFF, 0x00, 0x03, 0xFC,
    0x00, 0x3F, 0xFC, 0x00, 0x00, 0x00, 0x1F, 0xFF, 0xF9, 0x00, 0x00, 0x00, 0x00, 0x00, 0xBF, 0xFF,
    0xFF, 0x40, 0x00, 0x00, 0x00, 0x03, 0xFF, 0xFF, 0xFF, 0x40, 0x00, 0x00, 0x00, 0x0F, 0xFF, 0xFF,
    0xFF, 0x00, 0x00, 0x00, 0x00, 0x3F, 0xFA, 0xBF, 0xFE, 0x00, 0x00, 0x00, 0x01, 0xFF, 0xC0, 0x3F,
    0xFC, 0x00, 0x00, 0x00, 0x0B, 0xFE, 0x00, 0x7F, 0xF0, 0x00, 0x00, 0x00, 0x3F, 0xF4, 0x01, 0xFF,
    0xC0, 0x7F, 0x00, 0x00, 0xFF, 0xC0, 0x07, 0xFF, 0x03, 0xFC, 0x00, 0x07, 0xFF, 0x00, 0x2F, 0xFC,
    0x1F, 0xE0, 0x00, 0x1F, 0xF8, 0x00, 0xFF, 0xE0, 0xFF, 0x40, 0x00, 0xBF, 0xE0, 0x1F, 0xFF, 0x4F,
    0xFF, 0xFE, 0x03, 0xFF, 0xAB, 0xFF, 0xFD, 0xFF, 0xFF, 0xF4, 0x0F, 0xFF, 0xFF, 0xFF, 0xDF, 0xFF,
    0xFF, 0xC0, 0x7F, 0xFF, 0xFF, 0xFC, 0x7F, 0xFF, 0xFF, 0x02, 0xFF, 0xFF, 0xFF, 0x80, 0x2F, 0xF4,
    0x00, 0x0B, 0xFF, 0xFF, 0x90, 0x00, 0xFF, 0xC0, 0x00, 0x3F, 0xF0, 0x00, 0x00, 0x03, 0xFF, 0x00,
    0x00, 0xFF, 0xC0, 0x00, 0x00, 0x0F, 0xF8, 0x00, 0x07, 0xFF, 0x00, 0x00, 0x00, 0x7F, 0xD0, 0x00,
    0x2F, 0xF8, 0x00, 0x00, 0x02, 0xFF, 0x00, 0x00, 0xFF, 0xD0, 0x00, 0x00, 0x0F, 0xFC, 0x00, 0x03,
    0xFF, 0x00, 0x00, 0x00, 0x3F, 0xFE, 0xB4, 0x0F, 0xFC, 0x00, 0x00, 0x00, 0xFF, 0xFF, 0xD0, 0x7F,
    0xF0, 0x00, 0x00, 0x02, 0xFF, 0xFF, 0x42, 0xFF, 0x80, 0x00, 0x00, 0x03, 0xFF, 0xFD, 0x0F, 0xFD,
    0x00, 0x00, 0x00, 0x01, 0xFF, 0xE0, 0x00, 0x00, 0x0F, 0xFF, 0xFE, 0x00, 0x00, 0x00, 0x00, 0x00,
    0x00, 0xFF, 0xFF, 0xFE, 0x00, 0x00, 0x00, 0x00, 0x00, 0x1F, 0xFF, 0xFF, 0xFC, 0x00, 0x00, 0x00,
    0x00, 0x02, 0xFF, 0xFF, 0xFF, 0xD0, 0x00, 0x00, 0x00, 0x00, 0x3F, 0xFE, 0xBF, 0xFF, 0x00, 0x00,
    0x00, 0x00, 0x03, 0xFF, 0x40, 0xFF, 0xF0, 0x00, 0x00, 0x00, 0x00, 0x3F, 0xF0, 0x0B, 0xFF, 0x00,
    0x6F, 0xF9, 0x00, 0x07, 0xFF, 0x00, 0xBF, 0xF0, 0x3F, 0xFF, 0xFD, 0x00, 0xBF, 0xF0, 0x0B, 0xFF,
    0x0F, 0xFF, 0xFF, 0xD0, 0x0F, 0xFE, 0x00, 0xFF, 0xF2, 0xFF, 0xFF, 0xFC, 0x00, 0xFF, 0xD0, 0x3F,
    0xFE, 0x3F, 0xFE, 0xAF, 0x40, 0x1F, 0xFE, 0xAF, 0xFF, 0xC7, 0xFF, 0x00, 0x00, 0x01, 0xFF, 0xFF,
    0xFF, 0xF4, 0x7F, 0xF0, 0x00, 0x00, 0x2F, 0xFF, 0xFF, 0xFD, 0x03, 0xFF, 0x40, 0x00, 0x03, 0xFF,
    0xFF, 0xFE, 0x00, 0x3F, 0xFE, 0x00, 0x00, 0x3F, 0xFF, 0xFF, 0xD0, 0x01, 0xFF, 0xFC, 0x00, 0x07,
    0xFF, 0x0F, 0xFE, 0x00, 0x07, 0xFF, 0xF4, 0x00, 0xBF, 0xF0, 0xBF, 0xE0, 0x00, 0x0F, 0xFF, 0xC0,
    0x0B, 0xFE, 0x07, 0xFF, 0x00, 0x00, 0x1F, 0xFE, 0x00, 0xFF, 0xD0, 0x7F, 0xF0, 0x00, 0x00, 0xBF,
    0xF0, 0x0F, 0xFD, 0x03, 0xFF, 0x40, 0x00, 0x07, 0xFF, 0x01, 0xFF, 0xC0, 0x3F, 0xF8, 0x60, 0x00,
    0xFF, 0xE0, 0x2F, 0xFC, 0x03, 0xFF, 0x87, 0xFA, 0xBF, 0xFE, 0x03, 0xFF, 0x80, 0x2F, 0xFC, 0x7F,
    0xFF, 0xFF, 0xC0, 0x3F, 0xF4, 0x01, 0xFF, 0xC7, 0xFF, 0xFF, 0xF4, 0x03, 0xFF, 0x40, 0x1F, 0xFD,
    0x7F, 0xFF, 0xFD, 0x00, 0x7F, 0xF0, 0x00, 0xFF, 0xD1, 0xBF, 0xF9, 0x00, 0x00, 0x00, 0xFF, 0x00,
    0x0B, 0xFC, 0x00, 0x3F, 0xD0, 0x0F, 0xF0, 0x00, 0xFF, 0xC0, 0x07, 0xFC, 0x00, 0xFF, 0x00, 0x1F,
    0xFC, 0x00, 0xBF, 0x80, 0x0F, 0xF0, 0x03, 0xFF, 0xC0, 0x0F, 0xF0, 0x00, 0xFF, 0x00, 0x3F, 0xFC,
    0x01, 0xFF, 0x00, 0x0F, 0xF0, 0x0B, 0xFF, 0xC0, 0x2F, 0xD0, 0x00, 0xFF, 0x00, 0xFF, 0xF8, 0x03,
    0xFC, 0x00, 0x0F, 0xF0, 0x1F, 0xEF, 0x80, 0x7F, 0x80, 0x01, 0xFE, 0x02, 0xFA, 0xF8, 0x0F, 0xF4,
    0x00, 0x1F, 0xE0, 0x3F, 0x6F, 0x80, 0xFF, 0x00, 0x01, 0xFE, 0x07, 0xF3, 0xF8, 0x2F, 0xE0, 0x00,
    0x1F, 0xE0, 0xFE, 0x3F, 0x43, 0xFD, 0x00, 0x2F, 0xFF, 0xFF, 0xFF, 0xFF, 0xFF, 0xFC, 0x03, 0xFF,
    0xFF, 0xFF, 0xFF, 0xFF, 0xFF, 0xC0, 0x3F, 0xFF, 0xFF, 0xFF, 0xFF, 0xFF, 0xFC, 0x00, 0x2F, 0xD7,
    0xF4, 0x3F, 0x5F, 0xF0, 0x00, 0x02, 0xFC, 0xBF, 0x03, 0xF2, 0xFD, 0x00, 0x00, 0x3F, 0xCF, 0xE0,
    0x7F, 0x3F, 0xC0, 0x00, 0x03, 0xFD, 0xFC, 0x07, 0xF7, 0xF8, 0x00, 0x00, 0x3F, 0xEF, 0xC0, 0x7F,
    0xBF, 0x40, 0x00, 0x03, 0xFF, 0xF4, 0x07, 0xFF, 0xF0, 0x00, 0x00, 0x3F, 0xFF, 0x00, 0x7F, 0xFE,
    0x00, 0x00, 0x03, 0xFF, 0xE0, 0x07, 0xFF, 0xC0, 0x00, 0x00, 0x3F, 0xFD, 0x00, 0x7F, 0xFC, 0x00,
    0x00, 0x03, 0xFF, 0xC0, 0x07, 0xFF, 0x40, 0x00, 0x00, 0x3F, 0xF4, 0x00, 0xBF, 0xF0, 0x00, 0x00,
    0x03, 0xFF, 0x00, 0x0B, 0xFE, 0x00, 0x00, 0x00, 0x00, 0x0F, 0xFF, 0xFF, 0xF4, 0x00, 0x07, 0xFD,
    0x00, 0x1F, 0xFF, 0xFF, 0xFF, 0x00, 0x07, 0xFC, 0x00, 0x2F, 0xFF, 0xFF, 0xFF, 0xC0, 0x0B, 0xFC,
    0x00, 0x3F, 0xFF, 0xFF, 0xFF, 0xF0, 0x0F, 0xFC, 0x00, 0x3F, 0xFA, 0xAA, 0xFF, 0xF0, 0x0F, 0xF8,
    0x00, 0x3F, 0xE0, 0x00, 0x2F, 0xF8, 0x1F, 0xF4, 0x00, 0x7F, 0xD0, 0x00, 0x0F, 0xF8, 0x2F, 0xF0,
    0x00, 0xBF, 0xC2, 0xFF, 0x0F, 0xF8, 0x3F, 0xF0, 0x00, 0xFF, 0xC3, 0xFF, 0x0F, 0xF8, 0x3F, 0xE0,
    0x00, 0xFF, 0x83, 0xFE, 0x0F, 0xF8, 0x3F, 0xE0, 0x01, 0xFF, 0x47, 0xFD, 0x1F, 0xF4, 0x7F, 0xD0,
    0x01, 0xFF, 0x4B, 0xFC, 0x1F, 0xF0, 0xBF, 0xC0, 0x02, 0xFF, 0x0B, 0xFC, 0x2F, 0xF0, 0xFF, 0xC0,
    0x03, 0xFF, 0x0F, 0xFC, 0x3F, 0xF0, 0xFF, 0x80, 0x03, 0xFE, 0x0F, 0xF8, 0x3F, 0xE1, 0xFF, 0x40,
    0x07, 0xFD, 0x1F, 0xF4, 0x7F, 0xD1, 0xFF, 0x40, 0x0B, 0xFC, 0x2F, 0xF0, 0xBF, 0xC2, 0xFF, 0x00,
    0x0F, 0xFC, 0x3F, 0xF0, 0xFF, 0xC3, 0xFF, 0x00, 0x0F, 0xFC, 0x3F, 0xE0, 0xFF, 0x87, 0xFE, 0x00,
    0x0F, 0xF8, 0x3F, 0xD0, 0xFF, 0x4B, 0xFD, 0x00, 0x1F, 0xF4, 0x7F, 0xC0, 0x00, 0x1F, 0xFC, 0x00,
    0x2F, 0xF0, 0xBF, 0xC0, 0x00, 0x7F, 0xF4, 0x00, 0x3F, 0xF0, 0xFF, 0xEA, 0xAB, 0xFF, 0xF0, 0x00,
    0x3F, 0xE0, 0xFF, 0xFF, 0xFF, 0xFF, 0xD0, 0x00, 0x3F, 0xD1, 0xFF, 0xFF, 0xFF, 0xFF, 0x40, 0x00,
    0x7F, 0xC1, 0xFF, 0xFF, 0xFF, 0xFD, 0x00, 0x00, 0xBF, 0xC2, 0xFF, 0xFF, 0xFF, 0x90, 0x00, 0x00,
    0x00, 0x00, 0x00, 0x00, 0x1F, 0xFC, 0x00, 0x00, 0x00, 0x00, 0x02, 0xFF, 0xC0, 0x00, 0x00, 0x00,
    0x00, 0x2F, 0xFC, 0x00, 0x00, 0x00, 0x1F, 0xFF, 0xFF, 0xFD, 0x00, 0x00, 0x02, 0xFF, 0xFF, 0xFF,
    0xC0, 0x00, 0x00, 0x2F, 0xFF, 0xFF, 0xFC, 0x00, 0x00, 0x03, 0xFF, 0xFF, 0xFF, 0xC0, 0x00, 0x00,
    0x00, 0x0B, 0xFF, 0x00, 0x00, 0x00, 0x00, 0x00, 0xFF, 0xE0, 0x00, 0x00, 0x0B, 0xFD, 0x0F, 0xFD,
    0x00, 0x00, 0x0B, 0xFF, 0xF8, 0xFF, 0xC0, 0x00, 0x02, 0xFF, 0xFF, 0xEF, 0xFC, 0x00, 0x00, 0xBF,
    0xFF, 0xFF, 0xFF, 0xC0, 0x00, 0x0F, 0xFF, 0xEB, 0xFF, 0xF8, 0x00, 0x02, 0xFF, 0xE0, 0x0F, 0xFF,
    0x40, 0x00, 0x3F, 0xFC, 0x00, 0xBF, 0xF0, 0x00, 0x0B, 0xFF, 0x40, 0x07, 0xFF, 0x00, 0x00, 0xFF,
    0xF0, 0x00, 0x7F, 0xE0, 0x00, 0x0F, 0xFE, 0x00, 0x0B, 0xFD, 0x00, 0x00, 0xFF, 0xD0, 0x00, 0xFF,
    0xD0, 0x00, 0x1F, 0xFD, 0x00, 0x0F, 0xFC, 0x00, 0x01, 0xFF, 0xD0, 0x02, 0xFF, 0xC0, 0x00, 0x1F,
    0xFD, 0x00, 0x3F, 0xF8, 0x00, 0x00, 0xFF, 0xF0, 0x0F, 0xFF, 0x40, 0x00, 0x0F, 0xFF, 0xEB, 0xFF,
    0xF0, 0x00, 0x00, 0xBF, 0xFF, 0xFF, 0xFF, 0x00, 0x00, 0x03, 0xFF, 0xFF, 0xEF, 0xF0, 0x00, 0x00,
    0x1F, 0xFF, 0xE2, 0xFE, 0x00, 0x00, 0x00, 0x2F, 0xE4, 0x3F, 0xD0, 0x00, 0x00, 0x00, 0x00, 0x00,
    0x00, 0x00, 0x00, 0x00, 0x00, 0x00, 0x00, 0x00, 0x00, 0x00, 0x00, 0x00, 0x00, 0x00, 0x00, 0x00,
    0x7F, 0xFF, 0xFF, 0xFF, 0x00, 0x00, 0x07, 0xFF, 0xFF, 0xFF, 0xE0, 0x00, 0x00, 0xBF, 0xFF, 0xFF,
    0xFD, 0x00, 0x00, 0x00, 0x00, 0x00, 0x00, 0x6F, 0xFE, 0x40, 0x00, 0x00, 0x0F, 0xFF, 0xFF, 0xD0,
    0x00, 0x01, 0xFF, 0xFF, 0xFF, 0x40, 0x00, 0x2F, 0xFF, 0xFF, 0xFC, 0x00, 0x01, 0xFF, 0xFE, 0xAF,
    0xD0, 0x00, 0x0F, 0xFF, 0x80, 0x05, 0x00, 0x00, 0xFF, 0xF4, 0x00, 0x00, 0x00, 0x07, 0xFF, 0x80,
    0x00, 0x00, 0x00, 0x2F, 0xFC, 0x00, 0x00, 0x00, 0x2F, 0xFF, 0xFF, 0xFF, 0x00, 0x00, 0xFF, 0xFF,
    0xFF, 0xFC, 0x00, 0x03, 0xFF, 0xFF, 0xFF, 0xE0, 0x00, 0x00, 0xFF, 0xE0, 0x00, 0x00, 0x00, 0x03,
    0xFF, 0x80, 0x00, 0x00, 0x00, 0x0F, 0xFD, 0x00, 0x00, 0x00, 0x0B, 0xFF, 0xFF, 0xFE, 0x00, 0x00,
    0x3F, 0xFF, 0xFF, 0xF8, 0x00, 0x00, 0xFF, 0xFF, 0xFF, 0xD0, 0x00, 0x00, 0x1F, 0xFC, 0x00, 0x00,
    0x00, 0x00, 0x7F, 0xF0, 0x00, 0x00, 0x00, 0x01, 0xFF, 0xD0, 0x00, 0x00, 0x00, 0x03, 0xFF, 0xC0,
    0x01, 0x40, 0x00, 0x0B, 0xFF, 0xEA, 0xBE, 0x00, 0x00, 0x1F, 0xFF, 0xFF, 0xF8, 0x00, 0x00, 0x2F,
    0xFF, 0xFF, 0xE0, 0x00, 0x00, 0x2F, 0xFF, 0xFF, 0x80, 0x00, 0x00, 0x0B, 0xFF, 0xE4, 0x00, 0x00,
    0x00, 0x07, 0xFF, 0x00, 0x0B, 0xFF, 0xC0, 0x00, 0xBF, 0xF0, 0x01, 0xFF, 0xF0, 0x00, 0x0F, 0xFE,
    0x00, 0x3F, 0xFD, 0x00, 0x00, 0xFF, 0xD0, 0x0B, 0xFF, 0x80, 0x00, 0x1F, 0xFD, 0x01, 0xFF, 0xF0,
    0x00, 0x02, 0xFF, 0xC0, 0x3F, 0xFC, 0x00, 0x00, 0x2F, 0xFC, 0x0B, 0xFF, 0x40, 0x00, 0x03, 0xFF,
    0x81, 0xFF, 0xE0, 0x00, 0x00, 0x3F, 0xF4, 0x3F, 0xFC, 0x00, 0x00, 0x07, 0xFF, 0x0F, 0xFF, 0x00,
    0x00, 0x00, 0xBF, 0xF1, 0xFF, 0xD0, 0x00, 0x00, 0x0F, 0xFF, 0x3F, 0xF8, 0x00, 0x00, 0x2F, 0xFF,
    0xFF, 0xFF, 0xFF, 0x80, 0x03, 0xFF, 0xFF, 0xFF, 0xFF, 0xF4, 0x00, 0x3F, 0xFF, 0xFF, 0xFF, 0xFF,
    0x00, 0x07, 0xFF, 0xFF, 0xFF, 0xFF, 0xF0, 0x00, 0x03, 0xFF, 0xFF, 0xFF, 0x40, 0x00, 0x00, 0x3F,
    0xFC, 0x3F, 0xFC, 0x00, 0x00, 0x03, 0xFF, 0x42, 0xFF, 0xC0, 0x00, 0x00, 0x7F, 0xF0, 0x1F, 0xFD,
    0x00, 0x00, 0x0B, 0xFF, 0x00, 0xFF, 0xE0, 0x00, 0x00, 0xFF, 0xE0, 0x0F, 0xFF, 0x00, 0x00, 0x0F,
    0xFE, 0x00, 0xBF, 0xF4, 0x00, 0x01, 0xFF, 0xD0, 0x07, 0xFF, 0x80, 0x00, 0x2F, 0xFC, 0x00, 0x3F,
    0xFC, 0x00, 0x02, 0xFF, 0xC0, 0x03, 0xFF, 0xD0, 0x00, 0x3F, 0xF8, 0x00, 0x2F, 0xFE, 0x00, 0x00,
    0x03, 0xFF, 0xFF, 0xFF, 0xFF, 0xD0, 0x3F, 0xFF, 0xFF, 0xFF, 0xFC, 0x07, 0xFF, 0xFF, 0xFF, 0xFF,
    0xC0, 0xBF, 0xFF, 0xFF, 0xFF, 0xFC, 0x06, 0xAA, 0xFF, 0xFA, 0xAA, 0x40, 0x00, 0x0B, 0xFF, 0x00,
    0x00, 0x00, 0x00, 0xFF, 0xE1, 0xC0, 0x00, 0x00, 0x0F, 0xFE, 0xBE, 0x00, 0x00, 0x01, 0xFF, 0xFF,
    0xE0, 0x00, 0x00, 0x1F, 0xFF, 0xF0, 0x00, 0x00, 0x02, 0xFF, 0xF4, 0x00, 0x00, 0x00, 0x3F, 0xFC,
    0x00, 0x00, 0x00, 0x0B, 0xFF, 0x40, 0x00, 0x00, 0x07, 0xFF, 0xF4, 0xB0, 0x00, 0x02, 0xFF, 0xFF,
    0x7F, 0x80, 0x00, 0xFF, 0xFF, 0xFF, 0xF0, 0x00, 0x0F, 0x8F, 0xFF, 0xF4, 0x00, 0x00, 0x10, 0xFF,
    0xF8, 0x00, 0x00, 0x00, 0x1F, 0xFD, 0x00, 0x00, 0x00, 0x07, 0xFF, 0xC0, 0x00, 0x00, 0x02, 0xFF,
    0xFC, 0x00, 0x00, 0x01, 0xFF, 0xFF, 0x80, 0x00, 0x00, 0x7F, 0xFF, 0xF4, 0x00, 0x00, 0x03, 0xD7,
    0xFF, 0x00, 0x00, 0x00, 0x00, 0xBF, 0xF0, 0x00, 0x00, 0x00, 0x0F, 0xFF, 0x00, 0x00, 0x00, 0x00,
    0xFF, 0xE0, 0x00, 0x00, 0x00, 0x01, 0xAF, 0xFF, 0xA0, 0x00, 0x00, 0x00, 0x00, 0x00, 0x0B, 0xFF,
    0xFF, 0xFF, 0xD0, 0x00, 0x00, 0x00, 0x00, 0x03, 0xFF, 0xFF, 0xFF, 0xFF, 0x00, 0x00, 0x00, 0x00,
    0x00, 0x7F, 0xFF, 0xFF, 0xFF, 0xF0, 0x00, 0x00, 0x00, 0x00, 0x0F, 0xFA, 0xAB, 0xFF, 0xFF, 0x00,
    0x00, 0x00, 0x00, 0x00, 0x00, 0x00, 0x0B, 0xFF, 0xE0, 0x00, 0x00, 0x00, 0x00, 0x03, 0xFF, 0x80,
    0x7F, 0xFC, 0x00, 0x00, 0x00, 0x00, 0x00, 0xFF, 0xD0, 0x0B, 0xFF, 0x80, 0x00, 0x00, 0x00, 0x00,
    0x7F, 0xF0, 0x00, 0xFF, 0xF0, 0x00, 0x00, 0x00, 0x00, 0x1F, 0xFC, 0x00, 0x2F, 0xFC, 0x00, 0x00,
    0x00, 0x00, 0x0B, 0xFE, 0x00, 0x07, 0xFF, 0x00, 0x00, 0x00, 0x00, 0x03, 0xFF, 0x80, 0x01, 0xFF,
    0xC0, 0x00, 0x00, 0x00, 0x00, 0xFF, 0xD0, 0x00, 0x7F, 0xF0, 0x00, 0x00, 0x00, 0x00, 0x7F, 0xF0,
    0x00, 0x1F, 0xFC, 0x00, 0x00, 0x00, 0x00, 0x2F, 0xFC, 0x00, 0x0B, 0xFF, 0x00, 0x6F, 0xFD, 0x00,
    0x0B, 0xFE, 0x00, 0x03, 0xFF, 0xC0, 0xBF, 0xFF, 0xF0, 0x03, 0xFF, 0x80, 0x00, 0xFF, 0xE0, 0xFF,
    0xFF, 0xFF, 0x00, 0xFF, 0xD0, 0x00, 0xBF, 0xF4, 0x7F, 0xE0, 0xBF, 0xD0, 0x7F, 0xF0, 0x00, 0x3F,
    0xFC, 0x3F, 0xF0, 0x0F, 0xF8, 0x2F, 0xFC, 0x00, 0x3F, 0xFD, 0x1F, 0xF4, 0x02, 0xFE, 0x0F, 0xFE,
    0x00, 0x3F, 0xFF, 0x0B, 0xFC, 0x00, 0xBF, 0x83, 0xFF, 0x40, 0x7F, 0xFF, 0x03, 0xFF, 0x00, 0x3F,
    0xE0, 0xFF, 0xEA, 0xFF, 0xFF, 0x40, 0xFF, 0x80, 0x1F, 0xF4, 0x7F, 0xFF, 0xFF, 0xFF, 0x40, 0x7F,
    0xF4, 0x1F, 0xFC, 0x2F, 0xFF, 0xFF, 0xFF, 0x00, 0x1F, 0xFF, 0xFF, 0xFD, 0x0F, 0xFF, 0xFF, 0xFD,
    0x00, 0x0B, 0xFF, 0xFF, 0xFD, 0x03, 0xFF, 0xFF, 0xA0, 0x00, 0x03, 0xFF, 0x6F, 0xF8, 0x00, 0x00,
    0x00, 0x00, 0x00, 0x00, 0xFF, 0x80, 0x00, 0x00, 0x00, 0x00, 0x00, 0x00, 0x00, 0x7F, 0xD0, 0x00,
    0x00, 0x00, 0x00, 0x00, 0x00, 0x00, 0x2F, 0xF0, 0x00, 0x00, 0x00, 0x00, 0x00, 0x00, 0x00, 0x0B,
    0xFC, 0x00, 0x00, 0x00, 0x00, 0x00, 0x00, 0x00, 0x03, 0xFF, 0x00, 0x00, 0x00, 0x00, 0x00, 0x00,
    0x00, 0x00, 0xFF, 0x80, 0x00, 0x00, 0x00, 0x00, 0x00, 0x00, 0x00, 0x7F, 0xD0, 0x00, 0x00, 0x00,
    0x00, 0x00, 0x00, 0x00, 0x2F, 0xF0, 0x00, 0x00, 0x00, 0x00, 0x00, 0x00, 0x00, 0x0B, 0xFC, 0x00,
    0x00, 0x00, 0x00, 0x00, 0x00, 0x00, 0xBF, 0xE4, 0x00, 0x00, 0x00, 0x00, 0xBF, 0xFF, 0xE0, 0x00,
    0x00, 0x00, 0x2F, 0xFF, 0xFF, 0x40, 0x00, 0x00, 0x07, 0xFF, 0xFF, 0xFC, 0x00, 0x00, 0x00, 0xFF,
    0xFE, 0xFF, 0xC0, 0x00, 0x00, 0x1F, 0xFF, 0x0B, 0xFC, 0x00, 0x00, 0x01, 0xFF, 0xD0, 0x7F, 0xC0,
    0x00, 0x00, 0x2F, 0xFC, 0x0B, 0xFC, 0x00, 0x00, 0x02, 0xFF, 0xC0, 0xFF, 0x80, 0x00, 0x00, 0x2F,
    0xFC, 0x0F, 0xF4, 0x00, 0x00, 0x02, 0xFF, 0xC2, 0xFF, 0x00, 0x00, 0x00, 0x1F, 0xFC, 0x7F, 0xD0,
    0x00, 0x00, 0x01, 0xFF, 0xDF, 0xFC, 0x00, 0x00, 0x00, 0x0F, 0xFF, 0xFF, 0x00, 0x00, 0x00, 0x00,
    0xFF, 0xFF, 0xD0, 0x00, 0x00, 0x00, 0x0B, 0xFF, 0xF4, 0x00, 0x00, 0x00, 0x00, 0x7F, 0xFE, 0x00,
    0x00, 0x00, 0x0C, 0x03, 0xFF, 0xC0, 0x00, 0x00, 0x03, 0xD0, 0x3F, 0xFD, 0x00, 0x00, 0x00, 0xBE,
    0x0B, 0xFF, 0xE0, 0x00, 0x00, 0x1F, 0xF2, 0xFF, 0xFF, 0x00, 0x00, 0x03, 0xFF, 0xBF, 0xFF, 0xF0,
    0x00, 0x00, 0xBF, 0xFF, 0xF7, 0xFF, 0x40, 0x00, 0x1F, 0xFF, 0xFC, 0x3F, 0xF8, 0x00, 0x03, 0xF8,
    0xFF, 0x03, 0xFF, 0x80, 0x00, 0xFF, 0x0F, 0xD0, 0x3F, 0xFC, 0x00, 0x2F, 0xC0, 0x74, 0x02, 0xFF,
    0xC0, 0x00, 0x00, 0x02, 0x00, 0x2F, 0xFC, 0x00, 0x00, 0x00, 0x00, 0x03, 0xFF, 0xC0, 0x00, 0x00,
    0x00, 0x00, 0x3F, 0xF8, 0x00, 0x00, 0x00, 0x00, 0x0B, 0xFF, 0x40, 0x00, 0x00, 0x00, 0x2A, 0xFF,
    0xF0, 0x00, 0x00, 0x00, 0x03, 0xFF, 0xFF, 0x00, 0x00, 0x00, 0x00, 0x3F, 0xFF, 0xC0, 0x00, 0x00,
    0x00, 0x03, 0xFF, 0xF4, 0x00, 0x00, 0x00, 0x00, 0x3F, 0xE4, 0x00, 0x00, 0x00, 0x1F, 0xFF, 0xFE,
    0x40, 0x00, 0x00, 0x7F, 0xFF, 0xFF, 0xC0, 0x00, 0x02, 0xFF, 0xFF, 0xFF, 0xC0, 0x00, 0x0F, 0xFF,
    0xFF, 0xFF, 0x80, 0x00, 0x3F, 0xFA, 0xAF, 0xFF, 0x00, 0x01, 0xFF, 0xC0, 0x1F, 0xFD, 0x00, 0xBF,
    0xFF, 0xFF, 0xFF, 0xFF, 0x83, 0xFF, 0xFF, 0xFF, 0xFF, 0xFD, 0x0F, 0xFF, 0xFF, 0xFF, 0xFF, 0xF0,
    0x03, 0xFF, 0x00, 0x0F, 0xFC, 0x00, 0x1F, 0xFC, 0x00, 0x7F, 0xF0, 0x0B, 0xFF, 0xFF, 0xFF, 0xFF,
    0xF8, 0x3F, 0xFF, 0xFF, 0xFF, 0xFF, 0xD0, 0xFF, 0xFF, 0xFF, 0xFF, 0xFF, 0x00, 0x3F, 0xF0, 0x1F,
    0xFF, 0x80, 0x01, 0xFF, 0xFF, 0xFF, 0xFC, 0x00, 0x0B, 0xFF, 0xFF, 0xFF, 0xC0, 0x00, 0x3F, 0xFF,
    0xFF, 0xF8, 0x00, 0x00, 0xFF, 0xFF, 0xFE, 0x00, 0x00, 0x03, 0xFF, 0xA5, 0x00, 0x00, 0x00, 0x1F,
    0xFC, 0x00, 0x00, 0x00, 0x00, 0xBF, 0xE0, 0x00, 0x00, 0x00, 0x03, 0xFF, 0x40, 0x00, 0x00, 0x00,
    0x0F, 0xFD, 0x00, 0x00, 0x00, 0x00, 0x7F, 0xF0, 0x00, 0x00, 0x00, 0x01, 0xFF, 0xC0, 0x00, 0x00,
    0x00, 0x0B, 0xFE, 0x00, 0x00, 0x00, 0x00, 0x00, 0x00, 0x00, 0x00, 0x0F, 0xC0, 0x00, 0x00, 0x00,
    0x00, 0x2F, 0xD4, 0x00, 0x00, 0x00, 0x1B, 0xFF, 0xFF, 0xE4, 0x00, 0x01, 0xFF, 0xFF, 0xFF, 0xFD,
    0x00, 0x0B, 0xFF, 0xFF, 0xFF, 0xFC, 0x00, 0x3F, 0xFF, 0xFF, 0xFF, 0xF4, 0x00, 0xFF, 0xFF, 0xFF,
    0x06, 0xF0, 0x02, 0xFF, 0xFD, 0xBE, 0x00, 0x10, 0x07, 0xFF, 0xF0, 0xFD, 0x00, 0x00, 0x0F, 0xFF,
    0xC0, 0xFC, 0x00, 0x00, 0x1F, 0xFF, 0x00, 0xFC, 0x00, 0x00, 0x2F, 0xFE, 0x01, 0xF8, 0x00, 0x00,
    0x3F, 0xFC, 0x02, 0xF8, 0x00, 0x00, 0x7F, 0xFC, 0x03, 0xFA, 0xAA, 0xA0, 0x7F, 0xF4, 0x03, 0xFF,
    0xFF, 0xF4, 0xBF, 0xF0, 0x07, 0xFF, 0xFF, 0xF0, 0xBF, 0xF0, 0x0B, 0xFF, 0xFF, 0xF0, 0xFF, 0xF0,
    0x0B, 0xFF, 0xFF, 0xE0, 0xFF, 0xF0, 0x0F, 0xC0, 0xFF, 0xD0, 0xFF, 0xF0, 0x0F, 0xC1, 0xFF, 0xD0,
    0xFF, 0xF0, 0x1F, 0xC2, 0xFF, 0xC0, 0xBF, 0xF4, 0x2F, 0x83, 0xFF, 0xC0, 0x7F, 0xFC, 0x3F, 0x43,
    0xFF, 0x80, 0x3F, 0xFF, 0x3F, 0x43, 0xFF, 0x40, 0x2F, 0xFF, 0xFF, 0xAF, 0xFF, 0x00, 0x0F, 0xFF,
    0xFF, 0xFF, 0xFF, 0x00, 0x03, 0xFF, 0xFF, 0xFF, 0xFF, 0x00, 0x00, 0xBF, 0xFF, 0xFF, 0xFD, 0x00,
    0x00, 0x0B, 0xFF, 0xFE, 0x40, 0x00, 0x00, 0x01, 0xFC, 0x00, 0x00, 0x00, 0x00, 0x02, 0xF8, 0x00,
    0x00, 0x00, 0x00, 0x01, 0xA4, 0x00, 0x00, 0x00, 0x00, 0x00, 0x00, 0x0F, 0xFF, 0xC0, 0x00, 0x00,
    0x00, 0x00, 0x7F, 0xFF, 0x00, 0x00, 0x00, 0x00, 0x03, 0xFF, 0xFC, 0x00, 0x00, 0x00, 0x00, 0x1F,
    0xFF, 0xF0, 0x00, 0x00, 0x00, 0x00, 0xFF, 0xFF, 0xC0, 0x00, 0x00, 0x00, 0x07, 0xFF, 0xFF, 0x00,
    0x00, 0x00, 0x00, 0x3F, 0xFB, 0xFD, 0x00, 0x00, 0x00, 0x01, 0xFF, 0xDF, 0xF4, 0x00, 0x00, 0x00,
    0x0F, 0xFD, 0x7F, 0xD0, 0x00, 0x00, 0x00, 0x7F, 0xF1, 0xFF, 0x80, 0x00, 0x0B, 0xFF, 0xFF, 0xFF,
    0xFF, 0xFF, 0x40, 0x3F, 0xFF, 0xFF, 0xFF, 0xFF, 0xFC, 0x00, 0xFF, 0xFF, 0xFF, 0xFF, 0xFF, 0xF0,
    0x00, 0x07, 0xFF, 0x00, 0xFF, 0xC0, 0x00, 0x00, 0x3F, 0xF8, 0x03, 0xFF, 0x00, 0x00, 0x01, 0xFF,
    0xD0, 0x0F, 0xFC, 0x00, 0x03, 0xFF, 0xFF, 0xFF, 0xFF, 0xFF, 0xC0, 0x0F, 0xFF, 0xFF, 0xFF, 0xFF,
    0xFF, 0x00, 0x3F, 0xFF, 0xFF, 0xFF, 0xFF, 0xF8, 0x00, 0x1F, 0xFD, 0x00, 0x0B, 0xFD, 0x00, 0x00,
    0xFF, 0xF0, 0x00, 0x2F, 0xF8, 0x00, 0x07, 0xFF, 0x40, 0x00, 0xBF, 0xE0, 0x00, 0x3F, 0xFC, 0x00,
    0x01, 0xFF, 0xC0, 0x01, 0xFF, 0xD0, 0x00, 0x07, 0xFF, 0x00, 0x0F, 0xFF, 0x00, 0x00, 0x1F, 0xFC,
    0x00, 0x7F, 0xF4, 0x00, 0x00, 0x7F, 0xF0, 0x03, 0xFF, 0xC0, 0x00, 0x00, 0xFF, 0xC0, 0x00, 0x00,
    0x00, 0x6F, 0xFF, 0x80, 0x00, 0x00, 0x2F, 0xFF, 0xFF, 0xD0, 0x00, 0x01, 0xFF, 0xFF, 0xFF, 0xE0,
    0x00, 0x03, 0xFF, 0xFF, 0xFF, 0xC0, 0x00, 0x0B, 0xFE, 0xAF, 0xFF, 0x80, 0x00, 0x09, 0x00, 0x0F,
    0xFF, 0x00, 0x00, 0x00, 0x00, 0x2F, 0xFC, 0x00, 0x00, 0x00, 0x00, 0xBF, 0xE0, 0x00, 0x00, 0x00,
    0x07, 0xFF, 0x80, 0x3F, 0xFF, 0xFF, 0xFF, 0xFF, 0xC1, 0xFF, 0xFF, 0xFF, 0xFF, 0xFF, 0x0B, 0xFF,
    0xFF, 0xFF, 0xFF, 0xF8, 0x00, 0x1F, 0xFF, 0xFF, 0xE0, 0x00, 0x02, 0xFF, 0xFF, 0xF4, 0x00, 0x07,
    0xFF, 0xFF, 0xFF, 0xFF, 0xF8, 0x2F, 0xFF, 0xFF, 0xFF, 0xFF, 0xE0, 0xBF, 0xFF, 0xFF, 0xFF, 0xFF,
    0x40, 0x3F, 0xF8, 0x00, 0x00, 0x00, 0x01, 0xFF, 0xC0, 0x00, 0x00, 0x00, 0x07, 0xFF, 0x00, 0x00,
    0x00, 0x00, 0x1F, 0xFC, 0x00, 0x00, 0x00, 0x00, 0x7F, 0xF8, 0x00, 0x1B, 0x40, 0x00, 0xFF, 0xFE,
    0xAB, 0xFD, 0x00, 0x02, 0xFF, 0xFF, 0xFF, 0xF4, 0x00, 0x03, 0xFF, 0xFF, 0xFF, 0xD0, 0x00, 0x02,
    0xFF, 0xFF, 0xFF, 0x00, 0x00, 0x00, 0xBF, 0xFE, 0x40, 0x00, 0x00, 0x00, 0x00, 0x00, 0x0F, 0xD0,
    0x00, 0x00, 0x00, 0x00, 0x3F, 0x00, 0x00, 0x00, 0x00, 0xBF, 0xFF, 0x90, 0x00, 0x00, 0x3F, 0xFF,
    0xFF, 0xF8, 0x00, 0x0B, 0xFF, 0xFF, 0xFF, 0xF0, 0x00, 0xBF, 0xFF, 0xFF, 0xFF, 0x80, 0x0B, 0xFF,
    0xFF, 0xFF, 0xFC, 0x00, 0x7F, 0xFF, 0x5F, 0xC2, 0xE0, 0x03, 0xFF, 0xF0, 0xBE, 0x00, 0x00, 0x2F,
    0xFF, 0x03, 0xF4, 0x00, 0x00, 0xFF, 0xF0, 0x0F, 0xD0, 0x00, 0x07, 0xFF, 0x80, 0x3F, 0x00, 0x00,
    0x2F, 0xFC, 0x01, 0xFC, 0x00, 0x00, 0xFF, 0xF0, 0x0B, 0xE0, 0x00, 0x07, 0xFF, 0x80, 0x3F, 0x40,
    0x00, 0x1F, 0xFD, 0x00, 0xFC, 0x00, 0x00, 0xBF, 0xF0, 0x07, 0xF0, 0x00, 0x02, 0xFF, 0xC0, 0x1F,
    0xC0, 0x00, 0x0B, 0xFF, 0x00, 0xBE, 0x00, 0x00, 0x2F, 0xFC, 0x03, 0xF4, 0x00, 0x00, 0xBF, 0xF0,
    0x0F, 0xC0, 0x00, 0x02, 0xFF, 0xD0, 0x7F, 0x00, 0x00, 0x07, 0xFF, 0x82, 0xFC, 0x00, 0x00, 0x0F,
    0xFF, 0x4B, 0xE0, 0x00, 0x00, 0x3F, 0xFF, 0xBF, 0x47, 0xD0, 0x00, 0x7F, 0xFF, 0xFF, 0xFF, 0x40,
    0x00, 0xBF, 0xFF, 0xFF, 0xFD, 0x00, 0x00, 0xBF, 0xFF, 0xFF, 0xF4, 0x00, 0x00, 0x7F, 0xFF, 0xFF,
    0x80, 0x00, 0x00, 0x1B, 0xFE, 0x90, 0x00, 0x00, 0x00, 0x0F, 0xC0, 0x00, 0x00, 0x00, 0x00, 0x7F,
    0x00, 0x00, 0x00, 0x00, 0x01, 0xA4, 0x00, 0x00, 0x00, 0x00, 0x01, 0xA4, 0x00, 0x1A, 0x40, 0x00,
    0x00, 0x7F, 0x80, 0x07, 0xF8, 0x00, 0x00, 0x0F, 0xF4, 0x00, 0xFF, 0x40, 0x00, 0x01, 0xFF, 0x00,
    0x1F, 0xF0, 0x00, 0x00, 0x3F, 0xF0, 0x03, 0xFF, 0x00, 0x00, 0x1F, 0xFF, 0xFF, 0xFF, 0xFF, 0xFC,
    0x1F, 0xFF, 0xFF, 0xFF, 0xFF, 0xFF, 0xC3, 0xFF, 0xFF, 0xFF, 0xFF, 0xFF, 0xF8, 0x3F, 0xFF, 0xFF,
    0xFF, 0xFF, 0xFF, 0x42, 0xBF, 0xFE, 0xAB, 0xFF, 0xEA, 0xA0, 0x02, 0xFF, 0xC0, 0x2F, 0xFC, 0x00,
    0x00, 0x3F, 0xF8, 0x03, 0xFF, 0x80, 0x00, 0x03, 0xFF, 0x40, 0x3F, 0xF4, 0x00, 0x00, 0x7F, 0xF0,
    0x07, 0xFF, 0x00, 0x00, 0x0B, 0xFF, 0x00, 0xBF, 0xF0, 0x00, 0x00, 0xFF, 0xF0, 0x0F, 0xFE, 0x00,
    0x00, 0x0F, 0xFE, 0x00, 0xFF, 0xD0, 0x00, 0x00, 0xFF, 0xD0, 0x0F, 0xFD, 0x00, 0x00, 0x1F, 0xFC,
    0x01, 0xFF, 0xC0, 0x00, 0x02, 0xFF, 0xC0, 0x2F, 0xFC, 0x00, 0x00, 0x3F, 0xF8, 0x03, 0xFF, 0xC0,
    0x00, 0x03, 0xFF, 0x80, 0x3F, 0xFE, 0xAD, 0x00, 0x3F, 0xF4, 0x02, 0xFF, 0xFF, 0xD0, 0x07, 0xFF,
    0x00, 0x1F, 0xFF, 0xFD, 0x00, 0xBF, 0xF0, 0x00, 0xFF, 0xFF, 0xD0, 0x0F, 0xFE, 0x00, 0x01, 0xFF,
    0xF8, 0x00, 0x00, 0x00, 0x00, 0x00, 0xBF, 0xFE, 0x40, 0x00, 0x00, 0x00, 0x0B, 0xFF, 0xFF, 0xF8,
    0x00, 0x00, 0x00, 0x3F, 0xFF, 0xFF, 0xFC, 0x00, 0x00, 0x00, 0xFF, 0xFF, 0xFF, 0xF4, 0x00, 0x00,
    0x01, 0xFF, 0xFE, 0xAF, 0xF0, 0x00, 0x00, 0x03, 0xFF, 0xD0, 0x00, 0x90, 0x00, 0x00, 0x03, 0xFF,
    0x80, 0x00, 0x00, 0x00, 0x00, 0x03, 0xFF, 0x40, 0x00, 0x00, 0x00, 0x00, 0x03, 0xFF, 0x80, 0x00,
    0x00, 0x00, 0x00, 0x03, 0xFF, 0xC0, 0x00, 0x00, 0x00, 0x00, 0x03, 0xFF, 0xF4, 0x00, 0x00, 0x00,
    0x00, 0x01, 0xFF, 0xFE, 0x00, 0x00, 0x00, 0x00, 0x00, 0xBF, 0xFF, 0xC0, 0x00, 0x00, 0x00, 0x00,
    0x2F, 0xFF, 0xF0, 0x00, 0x00, 0x00, 0x00, 0x0B, 0xFF, 0xFC, 0x00, 0x00, 0x00, 0x00, 0x01, 0xFF,
    0xFE, 0x00, 0x00, 0x00, 0x00, 0x00, 0x2F, 0xFF, 0x00, 0x00, 0x00, 0x00, 0x00, 0x0B, 0xFF, 0x00,
    0x1F, 0xD0, 0xBD, 0x2F, 0xC3, 0xFF, 0x00, 0x7F, 0xFB, 0xFF, 0xBF, 0xE3, 0xFF, 0x00, 0xB5, 0xFE,
    0x3F, 0xD7, 0xF3, 0xFF, 0x00, 0xBE, 0xFC, 0x3F, 0x87, 0xF7, 0xFE, 0x00, 0x7F, 0xF8, 0x3F, 0x07,
    0xFF, 0xFD, 0x00, 0x2F, 0xFF, 0xBF, 0x0B, 0xFF, 0xF8, 0x00, 0x0B, 0xFF, 0xFF, 0xFF, 0xFF, 0xE0,
    0x00, 0x03, 0xFF, 0xFF, 0xFF, 0xFF, 0x40, 0x00, 0x07, 0xE6, 0xFF, 0xFF, 0xE4, 0x00, 0x00, 0x0B,
    0xD0, 0xFC, 0x1F, 0x80, 0x00, 0x00, 0x0F, 0xD0, 0xFC, 0x2F, 0x80, 0x00, 0x00, 0x0F, 0xC1, 0xF8,
    0x2F, 0x40, 0x00, 0x00, 0x03, 0xFF, 0xFF, 0xFF, 0xFF, 0xC0, 0x3F, 0xFF, 0xFF, 0xFF, 0xFC, 0x07,
    0xFF, 0xFF, 0xFF, 0xFF, 0xC0, 0xBF, 0xFF, 0xFF, 0xFF, 0xF8, 0x06, 0xAA, 0xAA, 0xAA, 0xAA, 0x00,
    0x00, 0x00, 0x00, 0x00, 0x00, 0x00, 0x00, 0x00, 0x00, 0x00, 0x01, 0xAA, 0xAA, 0xAA, 0xAA, 0x90,
    0x2F, 0xFF, 0xFF, 0xFF, 0xFD, 0x03, 0xFF, 0xFF, 0xFF, 0xFF, 0xD0, 0x3F, 0xFF, 0xFF, 0xFF, 0xFC,
    0x07, 0xFF, 0xFF, 0xFF, 0xFF, 0xC0, 0x00, 0x07, 0xFF, 0x40, 0x00, 0x00, 0x00, 0xBF, 0xF0, 0x00,
    0x00, 0x00, 0x0B, 0xFF, 0x00, 0x00, 0x00, 0x00, 0xFF, 0xF0, 0x00, 0x00, 0x00, 0x0F, 0xFE, 0x00,
    0x00, 0x00, 0x01, 0xFF, 0xD0, 0x00, 0x00, 0x00, 0x2F, 0xFC, 0x00, 0x00, 0x00, 0x03, 0xFF, 0xC0,
    0x00, 0x00, 0x00, 0x3F, 0xF8, 0x00, 0x00, 0x00, 0x03, 0xFF, 0x80, 0x00, 0x00, 0x00, 0x7F, 0xF4,
    0x00, 0x00, 0x00, 0x0B, 0xFF, 0x00, 0x00, 0x00, 0x00, 0xFF, 0xF0, 0x00, 0x00, 0x00, 0x0F, 0xFE,
    0x00, 0x00, 0x00, 0x00, 0xFF, 0xE0, 0x00, 0x00, 0x00, 0x01, 0xFF, 0xFF, 0xFF, 0xFD, 0x02, 0xFF,
    0xFF, 0xFF, 0xFC, 0x03, 0xFF, 0xFF, 0xFF, 0xFC, 0x03, 0xFF, 0xFF, 0xD0, 0x00, 0x00, 0x01, 0xFF,
    0xF0, 0x00, 0x00, 0x00, 0x7F, 0xF4, 0x00, 0x0B, 0xFF, 0xFF, 0xFF, 0xF0, 0x0F, 0xFF, 0xFF, 0xFF,
    0xF0, 0x0F, 0xFF, 0xFF, 0xFF, 0xE0, 0x00, 0x00, 0x7F, 0xF0, 0x00, 0x00, 0x00, 0xFF, 0xF0, 0x00,
    0x00, 0x07, 0xFF, 0xD0, 0x00, 0x2F, 0xFF, 0xFF, 0x80, 0x00, 0x3F, 0xFF, 0xFD, 0x00, 0x00, 0x3F,
    0xFF, 0xE0, 0x00, 0x00, 0x7F, 0xF4, 0x00, 0x00, 0x00, 0x3F, 0xF8, 0x00, 0x00, 0x00, 0x2F, 0xFC,
    0x00, 0x00, 0x00, 0x0F, 0xFE, 0x00, 0x00, 0x00, 0x0B, 0xFF, 0x00, 0x00, 0x00, 0x03, 0xFF, 0x80,
    0x00, 0x00, 0x03, 0xFF, 0xC0, 0x00, 0x00, 0x01, 0xFF, 0xE0, 0x00, 0x00, 0x00, 0xFF, 0xF0, 0x00,
    0x00, 0x00, 0x7F, 0xF8, 0x00, 0x00, 0x00, 0x3F, 0xFC, 0x00, 0x00, 0x00, 0x2F, 0xFD, 0x00, 0x00,
    0x00, 0x03, 0xFF, 0x00, 0x00, 0x00, 0x01, 0xFF, 0xC0, 0x00, 0x00, 0x00, 0xBF, 0xE0, 0x00, 0x00,
    0x00, 0x3F, 0xF4, 0x06, 0x80, 0x00, 0x0F, 0xFD, 0xBF, 0xE0, 0x00, 0x03, 0xFF, 0xFF, 0xF4, 0x00,
    0x06, 0xFF, 0xFF, 0xE4, 0x00, 0x2F, 0xFF, 0xFE, 0x40, 0x00, 0x0F, 0xFF, 0xF4, 0x00, 0x00, 0x03,
    0xFF, 0xFC, 0x06, 0xE0, 0x00, 0x47, 0xFF, 0xBF, 0xF4, 0x00, 0x02, 0xFF, 0xFF, 0xFC, 0x00, 0x06,
    0xFF, 0xFF, 0xE4, 0x00, 0x0F, 0xFF, 0xFE, 0x00, 0x00, 0x07, 0xFF, 0xFC, 0x00, 0x00, 0x02, 0xEB,
    0xFF, 0x00, 0x0A, 0xA9, 0x02, 0xFF, 0x80, 0x03, 0xFF, 0x00, 0xFF, 0xD0, 0x01, 0xFF, 0xC0, 0x3F,
    0xF4, 0x00, 0xFF, 0xE0, 0x1F, 0xFC, 0x00, 0xBF, 0xF0, 0x07, 0xFF, 0x00, 0xBF, 0xF8, 0x02, 0xFF,
    0x81, 0xFF, 0xFC, 0x00, 0xFF, 0xFF, 0xFF, 0xFD, 0x00, 0x3F, 0xFF, 0xFF, 0xFD, 0x00, 0x1F, 0xFF,
    0xFF, 0xFC, 0x00, 0x0B, 0xFF, 0xFF, 0xF4, 0x00, 0x02, 0xFF, 0xFE, 0x90, 0x00, 0x00, 0x02, 0xFF,
    0x40, 0x00, 0x00, 0x00, 0x0F, 0xFF, 0xD0, 0x00, 0x00, 0x00, 0x2F, 0x87, 0xF0, 0x00, 0x00, 0x00,
    0x3F, 0x03, 0xF0, 0x00, 0x00, 0x00, 0x7F, 0x03, 0xF0, 0x00, 0x00, 0x00, 0x7F, 0x43, 0xF0, 0x00,
    0x00, 0x00, 0x7F, 0xFF, 0xFF, 0xFF, 0xFE, 0x40, 0x3F, 0xFF, 0xFF, 0xFF, 0xFF, 0xE0, 0x2F, 0xFF,
    0xFF, 0xFF, 0xFF, 0xF4, 0x0B, 0xFF, 0xFF, 0xFF, 0xFF, 0xFC, 0x00, 0x6F, 0xEA, 0xAA, 0xAB, 0xFC,
    0x00, 0x1F, 0x80, 0x00, 0x00, 0xFD, 0x00, 0x2F, 0x40, 0x40, 0x00, 0xBD, 0x00, 0x3F, 0x07, 0xC3,
    0x40, 0xBC, 0x00, 0x3F, 0x2F, 0xEF, 0xC0, 0xFC, 0x00, 0x3F, 0xBF, 0xFF, 0xE1, 0xF8, 0x00, 0x7F,
    0xFF, 0xFF, 0xFF, 0xF4, 0x00, 0x7F, 0xE1, 0xF5, 0xFF, 0xE0, 0x00, 0xBF, 0x80, 0xD0, 0x6E, 0x40,
    0x02, 0xFF, 0x00, 0x00, 0x00, 0x00, 0x0B, 0xFF, 0x40, 0x00, 0x00, 0x00, 0x3F, 0xFF, 0xC0, 0x00,
    0x00, 0x00, 0x1E, 0x3F, 0xFE, 0xAB, 0x80, 0x00, 0x04, 0x2F, 0xFF, 0xFF, 0x40, 0x00, 0x00, 0x0F,
    0xFF, 0xFF, 0x00, 0x00, 0x00, 0x03, 0xFF, 0xFF, 0x00, 0x00, 0x00, 0x00, 0x6F, 0xF9, 0x00, 0x00,
    0x00, 0x00, 0x00, 0x00, 0x3F, 0xF4, 0x00, 0x00, 0x00, 0x00, 0x00, 0x03, 0xFF, 0x00, 0x00, 0x00,
    0x00, 0x00, 0x00, 0x7F, 0xF0, 0x00, 0x00, 0x00, 0x00, 0x00, 0x0B, 0xFE, 0x00, 0x00, 0x00, 0x00,
    0x00, 0x00, 0xFF, 0xD0, 0x00, 0x00, 0x00, 0x00, 0x00, 0x0F, 0xFC, 0x00, 0x00, 0x00, 0x00, 0x00,
    0x00, 0xFF, 0xC0, 0x00, 0x00, 0x00, 0x00, 0x00, 0x1F, 0xFC, 0x00, 0x00, 0x00, 0x00, 0x06, 0xFF,
    0xFF, 0xFE, 0x40, 0x00, 0x00, 0x0B, 0xFF, 0xFF, 0xFF, 0xFF, 0x40, 0x00, 0x07, 0xFF, 0xFF, 0xFF,
    0xFF, 0xFE, 0x00, 0x01, 0xFF, 0xFF, 0xFF, 0xFF, 0xFF, 0xF4, 0x00, 0x3F, 0xFF, 0xAB, 0xFF, 0xAF,
    0xFF, 0xC0, 0x0B, 0xFF, 0x80, 0xBF, 0xE0, 0x3F, 0xFC, 0x00, 0xFF, 0xE0, 0x0F, 0xFD, 0x01, 0xFF,
    0xD0, 0x2F, 0xFC, 0x00, 0xFF, 0xC0, 0x0F, 0xFD, 0x03, 0xFF, 0x80, 0x1F, 0xFC, 0x00, 0xFF, 0xD0,
    0x3F, 0xF4, 0x02, 0xFF, 0x80, 0x0F, 0xFD, 0x07, 0xFF, 0x00, 0x3F, 0xF4, 0x00, 0xFF, 0xC0, 0xBF,
    0xF0, 0x03, 0xFF, 0x00, 0x1F, 0xFC, 0x0F, 0xFE, 0x00, 0x3F, 0xF0, 0x02, 0xFF, 0xC0, 0xFF, 0xD0,
    0x00, 0x00, 0x00, 0x3F, 0xF8, 0x0F, 0xFC, 0x00, 0x00, 0x00, 0x03, 0xFF, 0x41, 0xFF, 0xC0, 0x00,
    0x00, 0x00, 0x7F, 0xF0, 0x2F, 0xFC, 0x00, 0x00, 0x00, 0x07, 0xFF, 0x03, 0xFF, 0x80, 0x00, 0x00,
    0x00, 0xBF, 0xE0, 0x3F, 0xF4, 0x00, 0x00, 0x00, 0x0F, 0xFE, 0x00, 0x00, 0x00, 0xFF, 0xFF, 0xF9,
    0x00, 0x00, 0x01, 0xFF, 0xFF, 0xFF, 0xC0, 0x00, 0x01, 0xFF, 0xFF, 0xFF, 0xF0, 0x00, 0x02, 0xFF,
    0xFF, 0xFF, 0xF8, 0x00, 0x03, 0xFF, 0xAA, 0xFF, 0xFC, 0x00, 0x03, 0xFF, 0x40, 0x3F, 0xFC, 0x00,
    0x07, 0xFF, 0x00, 0x1F, 0xFD, 0x00, 0x0B, 0xFF, 0x00, 0x1F, 0xFD, 0x00, 0x0B, 0xFE, 0x00, 0x1F,
    0xFC, 0x00, 0x0F, 0xFD, 0x00, 0x2F, 0xFC, 0x00, 0x0F, 0xFD, 0x00, 0x3F, 0xF8, 0x00, 0x1F, 0xFC,
    0x01, 0xFF, 0xF4, 0x02, 0xBF, 0xFE, 0xAF, 0xFF, 0xF0, 0x07, 0xFF, 0xFF, 0xFF, 0xFF, 0xC0, 0x0B,
    0xFF, 0xFF, 0xFF, 0xFF, 0x00, 0x0F, 0xFF, 0xFF, 0xFF, 0xF8, 0x00, 0x0F, 0xFF, 0xFF, 0xFE, 0x40,
    0x00, 0x00, 0xBF, 0xF0, 0x00, 0x00, 0x00, 0x00, 0xFF, 0xE0, 0x00, 0x00, 0x00, 0x00, 0xFF, 0xD0,
    0x00, 0x00, 0x00, 0x3F, 0xFF, 0xFF, 0xF0, 0x00, 0x00, 0x3F, 0xFF, 0xFF, 0xF0, 0x00, 0x00, 0x3F,
    0xFF, 0xFF, 0xF0, 0x00, 0x00, 0x7F, 0xFF, 0xFF, 0xE0, 0x00, 0x00, 0x03, 0xFF, 0x40, 0x00, 0x00,
    0x00, 0x07, 0xFF, 0x00, 0x00, 0x00, 0x00, 0x0B, 0xFF, 0x00, 0x00, 0x00, 0x00, 0x00, 0x00, 0x00,
    0x02, 0xF0, 0x3D, 0x00, 0x00, 0x00, 0x00, 0x3F, 0x07, 0xC0, 0x00, 0x00, 0x00, 0x03, 0xE0, 0xBC,
    0x00, 0x00, 0x00, 0x00, 0x3D, 0x0F, 0x80, 0x00, 0x00, 0x00, 0x1F, 0xFF, 0xFD, 0x00, 0x00, 0x00,
    0x6F, 0xFF, 0xFF, 0xFD, 0x00, 0x00, 0x2F, 0xFF, 0xFF, 0xFF, 0xC0, 0x00, 0x0F, 0xFF, 0xFF, 0xFF,
    0xFC, 0x00, 0x03, 0xFF, 0xFF, 0xAB, 0xFF, 0x80, 0x00, 0xFF, 0xFF, 0xF0, 0x3D, 0x64, 0x00, 0x1F,
    0xFF, 0x6F, 0x07, 0xC0, 0x00, 0x03, 0xFF, 0xD3, 0xE0, 0x7C, 0x00, 0x00, 0x7F, 0xFC, 0x3D, 0x0B,
    0xC0, 0x00, 0x0F, 0xFF, 0x07, 0xD0, 0xF8, 0x00, 0x00, 0xFF, 0xF0, 0x7C, 0x0F, 0x40, 0x00, 0x1F,
    0xFE, 0x01, 0x40, 0x50, 0x00, 0x01, 0xFF, 0xD0, 0x00, 0x00, 0x00, 0x00, 0x1F, 0xFC, 0x00, 0x00,
    0x00, 0x00, 0x01, 0xFF, 0xC0, 0x00, 0x00, 0x00, 0x00, 0x1F, 0xFC, 0x00, 0x00, 0x00, 0x00, 0x00,
    0xFF, 0xD0, 0x00, 0x00, 0x00, 0x00, 0x0F, 0xFE, 0x00, 0x00, 0x00, 0x00, 0x00, 0x7F, 0xF0, 0x00,
    0x00, 0x00, 0x00, 0x03, 0xFF, 0x80, 0x00, 0x00, 0x00, 0x00, 0x0F, 0xFE, 0x00, 0x00, 0x00, 0x00,
    0x00, 0x3F, 0xFD, 0x00, 0x00, 0x00, 0x1A, 0xAA, 0xFF, 0xFE, 0xAA, 0x80, 0x02, 0xFF, 0xFF, 0xFF,
    0xFF, 0xFC, 0x00, 0x3F, 0xFF, 0xFF, 0xFF, 0xFF, 0xC0, 0x03, 0xFF, 0xFF, 0xFF, 0xFF, 0xF8, 0x00,
    0x7F, 0xFF, 0xFF, 0xFF, 0xFF, 0x40, 0x00, 0x00, 0x00, 0x07, 0xC1, 0xF0, 0x00, 0x00, 0x02, 0xF0,
    0xBC, 0x00, 0x00, 0x00, 0xBC, 0x2F, 0x00, 0x00, 0x00, 0x3E, 0x0F, 0x80, 0x00, 0x07, 0xFF, 0xFF,
    0xD0, 0x00, 0x02, 0xFF, 0xFF, 0xFE, 0x00, 0x00, 0xFF, 0xFF, 0xFF, 0xE0, 0x00, 0x3F, 0xFF, 0xFF,
    0xFD, 0x00, 0x1F, 0xFE, 0xAF, 0xFF, 0x80, 0x0B, 0xFE, 0x02, 0xFF, 0xE0, 0x02, 0xFF, 0x40, 0x3F,
    0xF8, 0x00, 0xFF, 0xC0, 0x0F, 0xFE, 0x00, 0x3F, 0xF0, 0x07, 0xFF, 0x40, 0x1F, 0xFC, 0x03, 0xFF,
    0xC0, 0x0B, 0xFF, 0xAB, 0xFF, 0xC0, 0x03, 0xFF, 0xFF, 0xFF, 0xC0, 0x00, 0xFF, 0xFF, 0xFF, 0x40,
    0x00, 0x3F, 0xFF, 0xFF, 0xE0, 0x00, 0x1F, 0xFF, 0xFF, 0xFE, 0x00, 0x0B, 0xFE, 0x03, 0xFF, 0xD0,
    0x03, 0xFF, 0x40, 0x3F, 0xF8, 0x00, 0xFF, 0xC0, 0x0F, 0xFF, 0x00, 0x3F, 0xF0, 0x03, 0xFF, 0xC0,
    0x1F, 0xFC, 0x00, 0xFF, 0xF0, 0x0B, 0xFE, 0x00, 0x7F, 0xF8, 0x03, 0xFF, 0x40, 0x3F, 0xFD, 0x00,
    0xFF, 0xEA, 0xBF, 0xFF, 0x00, 0x7F, 0xFF, 0xFF, 0xFF, 0x40, 0x2F, 0xFF, 0xFF, 0xFF, 0x40, 0x0B,
    0xFF, 0xFF, 0xFF, 0x00, 0x03, 0xFF, 0xFF, 0xF8, 0x00, 0x00, 0x03, 0xE0, 0xF8, 0x00, 0x00, 0x00,
    0xF4, 0x3D, 0x00, 0x00, 0x00, 0x3D, 0x1F, 0x40, 0x00, 0x00, 0x0A, 0x02, 0x80, 0x00, 0x00, 0x1A,
    0xAA, 0xA8, 0x2F, 0xFF, 0xFC, 0x3F, 0xFF, 0xFC, 0x3F, 0xFF, 0xF8, 0x7F, 0xFF, 0xF4, 0x00, 0x00,
    0x00, 0x00, 0x00, 0x00, 0x00, 0x00, 0x00, 0x00, 0x00, 0x00, 0x00, 0xE0, 0x00, 0x00, 0x00, 0x00,
    0x00, 0x00, 0x00, 0x0F, 0xE0, 0x00, 0x00, 0x00, 0x00, 0x00, 0x00, 0x00, 0xFF, 0xE0, 0x00, 0x00,
    0x00, 0x00, 0x00, 0x00, 0x0F, 0xFF, 0xE0, 0x00, 0x00, 0x00, 0x00, 0x00, 0x00, 0xFF, 0xFF, 0xE0,
    0x00, 0x00, 0x00, 0x00, 0x00, 0x0F, 0xFF, 0xFF, 0xE0, 0x00, 0x00, 0x00, 0x00, 0x00, 0xFF, 0xFF,
    0xFF, 0xE0, 0x00, 0x00, 0x00, 0x00, 0x0F, 0xE4, 0x00, 0x6F, 0xE0, 0x00, 0x00, 0x00, 0x00, 0xFC,
    0x00, 0x00, 0x1F, 0xE0, 0x00, 0x00, 0x00, 0x0F, 0xF0, 0x00, 0x00, 0x2F, 0xE0, 0x00, 0x00, 0x00,
    0xFF, 0xD0, 0x15, 0x00, 0x3F, 0xE0, 0x00, 0x00, 0x0F, 0xFF, 0xDF, 0xFE, 0x00, 0xFF, 0xE0, 0x00,
    0x00, 0xFF, 0xFF, 0xFF, 0xFC, 0x03, 0xFF, 0xE0, 0x00, 0x0F, 0xFF, 0xFF, 0xFF, 0xE0, 0x0F, 0xFF,
    0xE0, 0x00, 0xFF, 0xFF, 0xFF, 0xFF, 0x00, 0x7F, 0xFF, 0xE0, 0x0F, 0xFF, 0xFF, 0xFF, 0xF0, 0x03,
    0xFF, 0xFF, 0xE0, 0xFF, 0xFF, 0xFF, 0xFF, 0x00, 0x3F, 0xFF, 0xFF, 0xE3, 0xFF, 0xFF, 0xFF, 0xF0,
    0x03, 0xFF, 0xFF, 0xFF, 0x43, 0xFF, 0xFF, 0xFF, 0x40, 0x3F, 0xFF, 0xFF, 0xF4, 0x03, 0xFF, 0xFF,
    0xFC, 0x03, 0xFF, 0xFF, 0xFF, 0x40, 0x03, 0xFF, 0xFF, 0xF0, 0x0F, 0xFF, 0xFF, 0xF4, 0x00, 0x03,
    0xFF, 0xFF, 0xEA, 0xBF, 0xFF, 0xFF, 0x40, 0x00, 0x03, 0xFF, 0xFF, 0xFF, 0xFF, 0xFF, 0xF4, 0x00,
    0x00, 0x03, 0xFF, 0xFF, 0xFF, 0xFF, 0xFF, 0x40, 0x00, 0x00, 0x03, 0xFF, 0xF4, 0x1F, 0xFF, 0xF4,
    0x00, 0x00, 0x00, 0x03, 0xFF, 0x80, 0x1F, 0xFF, 0x40, 0x00, 0x00, 0x00, 0x03, 0xFE, 0x00, 0x7F,
    0xF4, 0x00, 0x00, 0x00, 0x00, 0x03, 0xF8, 0x01, 0xFF, 0x40, 0x00, 0x00, 0x00, 0x00, 0x03, 0xF8,
    0x1F, 0xF4, 0x00, 0x00, 0x00, 0x00, 0x00, 0x03, 0xFF, 0xFF, 0x40, 0x00, 0x00, 0x00, 0x00, 0x00,
    0x03, 0xFF, 0xF4, 0x00, 0x00, 0x00, 0x00, 0x00, 0x00, 0x03, 0xFF, 0x40, 0x00, 0x00, 0x00, 0x00,
    0x00, 0x00, 0x03, 0xF4, 0x00, 0x00, 0x00, 0x00, 0x00, 0x00, 0x00, 0x02, 0x40, 0x00, 0x00, 0x00,
    0x00, 0x00, 0x00, 0x00, 0x00, 0x00, 0x00, 0x00, 0x00,
};

static const EpdGlyph notosans_18_bolditalicGlyphs[] = {
    { 0, 0, 0, 0, 0, 0, 0 }, //  
    { 0, 0, 10, 0, 0, 0, 0 }, // 
    { 0, 0, 10, 0, 0, 0, 0 }, //  
    { 12, 27, 11, 0, 27, 81, 0 }, // !
    { 15, 10, 17, 3, 27, 38, 81 }, // "
    { 25, 27, 24, 0, 27, 169, 119 }, // #
    { 21, 31, 21, 0, 29, 163, 288 }, // $
    { 29, 27, 32, 2, 27, 196, 451 }, // %
    { 26, 27, 27, 1, 27, 176, 647 }, // &
    { 8, 10, 10, 3, 27, 20, 823 }, // '
    { 15, 33, 13, 1, 27, 124, 843 }, // (
    { 15, 34, 13, -3, 27, 128, 967 }, // )
    { 19, 20, 20, 3, 30, 95, 1095 }, // *
    { 20, 18, 21, 1, 22, 90, 1190 }, // +
    { 10, 9, 11, -2, 4, 23, 1280 }, // ,
    { 12, 5, 12, 0, 13, 15, 1303 }, // -
    { 7, 6, 11, 0, 6, 11, 1318 }, // .
    { 21, 27, 16, -2, 27, 142, 1329 }, // /
    { 20, 27, 21, 1, 27, 135, 1471 }, // 0
    { 16, 27, 21, 3, 27, 108, 1606 }, // 1
    { 22, 27, 21, -1, 27, 149, 1714 }, // 2
    { 21, 27, 21, 0, 27, 142, 1863 }, // 3
    { 22, 27, 21, -1, 27, 149, 2005 }, // 4
    { 21, 27, 21, 0, 27, 142, 2154 }, // 5
    { 21, 27, 21, 1, 27, 142, 2296 }, // 6
    { 22, 27, 21, 1, 27, 149, 2438 }, // 7
    { 20, 27, 21, 1, 27, 135, 2587 }, // 8
    { 19, 27, 21, 1, 27, 129, 2722 }, // 9
    { 11, 21, 11, 0, 21, 58, 2851 }, // :
    { 14, 25, 11, -3, 21, 88, 2909 }, // ;
    { 20, 21, 21, 1, 24, 105, 2997 }, // <
    { 20, 12, 21, 1, 20, 60, 3102 }, // =
    { 20, 21, 21, 1, 24, 105, 3162 }, // >
    { 17, 27, 17, 2, 27, 115, 3267 }, // ?
    { 31, 30, 32, 1, 27, 233, 3382 }, // @
    { 25, 27, 24, -3, 27, 169, 3615 }, // A
    { 23, 27, 23, 0, 27, 156, 3784 }, // B
    { 23, 27, 23, 2, 27, 156, 3940 }, // C
    { 25, 27, 25, 0, 27, 169, 4096 }, // D
    { 22, 27, 20, 0, 27, 149, 4265 }, // E
    { 22, 27, 20, 0, 27, 149, 4414 }, // F
    { 24, 27, 26, 2, 27, 162, 4563 }, // G
    { 27, 27, 26, 0, 27, 183, 4725 }, // H
    { 19, 27, 14, -2, 27, 129, 4908 }, // I
    { 19, 35, 13, -6, 27, 167, 5037 }, // J
    { 27, 27, 23, 0, 27, 183, 5204 }, // K
    { 17, 27, 19, 0, 27, 115, 5387 }, // L
    { 34, 27, 33, 0, 27, 230, 5502 }, // M
    { 29, 27, 28, 0, 27, 196, 5732 }, // N
    { 25, 27, 27, 2, 27, 169, 5928 }, // O
    { 24, 27, 23, 0, 27, 162, 6097 }, // P
    { 25, 33, 27, 2, 27, 207, 6259 }, // Q
    { 23, 27, 23, 0, 27, 156, 6466 }, // R
    { 21, 27, 20, 0, 27, 142, 6622 }, // S
    { 20, 27, 20, 3, 27, 135, 6764 }, // T
    { 25, 27, 26, 2, 27, 169, 6899 }, // U
    { 23, 27, 22, 3, 27, 156, 7068 }, // V
    { 35, 27, 34, 3, 27, 237, 7224 }, // W
    { 29, 27, 23, -3, 27, 196, 7461 }, // X
    { 22, 27, 21, 3, 27, 149, 7657 }, // Y
    { 24, 27, 20, -2, 27, 162, 7806 }, // Z
    { 16, 33, 12, -1, 27, 132, 7968 }, // [
    { 9, 27, 16, 4, 27, 61, 8100 }, // <backslash>
    { 17, 33, 12, -3, 27, 141, 8161 }, // ]
    { 20, 18, 21, 0, 28, 90, 8302 }, // ^
    { 17, 3, 15, -4, -3, 13, 8392 }, // _
    { 9, 6, 12, 5, 29, 14, 8405 }, // `
    { 21, 21, 22, 1, 21, 111, 8419 }, // a
    { 21, 29, 22, 0, 29, 153, 8530 }, // b
    { 18, 21, 18, 1, 21, 95, 8683 }, // c
    { 23, 29, 22, 1, 29, 167, 8778 }, // d
    { 19, 21, 21, 1, 21, 100, 8945 }, // e
    { 23, 38, 14, -4, 29, 219, 9045 }, // f
    { 22, 30, 22, 0, 21, 165, 9264 }, // g
    { 21, 29, 23, 0, 29, 153, 9429 }, // h
    { 13, 29, 11, 0, 29, 95, 9582 }, // i
    { 18, 38, 11, -5, 29, 171, 9677 }, // j
    { 24, 29, 21, 0, 29, 174, 9848 }, // k
    { 13, 29, 11, 0, 29, 95, 10022 }, // l
    { 33, 21, 34, 0, 21, 174, 10117 }, // m
    { 21, 21, 23, 0, 21, 111, 10291 }, // n
    { 20, 21, 22, 1, 21, 105, 10402 }, // o
    { 23, 30, 22, -2, 21, 173, 10507 }, // p
    { 21, 30, 22, 1, 21, 158, 10680 }, // q
    { 18, 21, 16, 0, 21, 95, 10838 }, // r
    { 18, 21, 18, 0, 21, 95, 10933 }, // s
    { 16, 26, 15, 1, 26, 104, 11028 }, // t
    { 21, 21, 23, 2, 21, 111, 11132 }, // u
    { 21, 21, 19, 1, 21, 111, 11243 }, // v
    { 30, 21, 30, 2, 21, 158, 11354 }, // w
    { 24, 21, 20, -2, 21, 126, 11512 }, // x
    { 25, 30, 19, -3, 21, 188, 11638 }, // y
    { 19, 21, 18, -1, 21, 100, 11826 }, // z
    { 17, 34, 13, -1, 27, 145, 11926 }, // {
    { 5, 38, 21, 8, 29, 48, 12071 }, // |
    { 16, 34, 13, -2, 27, 136, 12119 }, // }
    { 20, 8, 21, 1, 17, 40, 12255 }, // ~
    { 0, 0, 10, 0, 0, 0, 12295 }, //  
    { 13, 27, 11, -2, 21, 88, 12295 }, // ¡
    { 17, 27, 21, 3, 27, 115, 12383 }, // ¢
    { 24, 27, 21, -1, 27, 162, 12498 }, // £
    { 18, 19, 21, 2, 23, 86, 12660 }, // ¤
    { 23, 27, 21, 1, 27, 156, 12746 }, // ¥
    { 5, 38, 21, 8, 29, 48, 12902 }, // ¦
    { 19, 29, 18, 0, 29, 138, 12950 }, // §
    { 13, 5, 21, 7, 28, 17, 13088 }, // ¨
    { 29, 28, 31, 1, 28, 203, 13105 }, // ©
    { 15, 13, 14, 2, 27, 49, 13308 }, // ª
    { 21, 19, 21, 1, 20, 100, 13357 }, // «
    { 20, 12, 21, 1, 16, 60, 13457 }, // ¬
    { 12, 5, 12, 0, 13, 15, 13517 }, // ­
    { 29, 28, 31, 1, 28, 203, 13532 }, // ®
    { 18, 4, 16, 3, 33, 18, 13735 }, // ¯
    { 14, 13, 16, 1, 28, 46, 13753 }, // °
    { 20, 23, 21, 1, 23, 115, 13799 }, // ±
    { 14, 17, 14, 2, 33, 60, 13914 }, // ²
    { 14, 17, 14, 2, 32, 60, 13974 }, // ³
    { 11, 6, 12, 4, 29, 17, 14034 }, // ´
    { 25, 30, 23, -2, 21, 188, 14051 }, // µ
    { 21, 34, 25, 2, 29, 179, 14239 }, // ¶
    { 8, 6, 11, 2, 16, 12, 14418 }, // ·
    { 9, 9, 8, -4, 0, 21, 14430 }, // ¸
    { 12, 16, 14, 3, 32, 48, 14451 }, // ¹
    { 12, 13, 14, 3, 27, 39, 14499 }, // º
    { 20, 19, 21, 0, 20, 95, 14538 }, // »
    { 28, 27, 31, 2, 27, 189, 14633 }, // ¼
    { 30, 27, 33, 2, 27, 203, 14822 }, // ½
    { 31, 27, 32, 1, 27, 210, 15025 }, // ¾
    { 16, 28, 17, -1, 21, 112, 15235 }, // ¿
    { 25, 35, 24, -3, 35, 219, 15347 }, // À
    { 26, 36, 24, -3, 36, 234, 15566 }, // Á
    { 27, 35, 24, -3, 35, 237, 15800 }, // Â
    { 27, 35, 24, -3, 35, 237, 16037 }, // Ã
    { 26, 35, 24, -3, 35, 228, 16274 }, // Ä
    { 25, 38, 24, -3, 38, 238, 16502 }, // Å
    { 38, 27, 34, -3, 27, 257, 16740 }, // Æ
    { 23, 36, 23, 2, 27, 207, 16997 }, // Ç
    { 22, 35, 20, 0, 35, 193, 17204 }, // È
    { 22, 36, 20, 0, 36, 198, 17397 }, // É
    { 22, 35, 20, 0, 35, 193, 17595 }, // Ê
    { 22, 35, 20, 0, 35, 193, 17788 }, // Ë
    { 19, 35, 14, -2, 35, 167, 17981 }, // Ì
    { 21, 36, 14, -2, 36, 189, 18148 }, // Í
    { 21, 35, 14, -2, 35, 184, 18337 }, // Î
    { 20, 35, 14, -2, 35, 175, 18521 }, // Ï
    { 25, 27, 25, 0, 27, 169, 18696 }, // Ð
    { 29, 35, 28, 0, 35, 254, 18865 }, // Ñ
    { 25, 36, 27, 2, 36, 225, 19119 }, // Ò
    { 25, 36, 27, 2, 36, 225, 19344 }, // Ó
    { 25, 36, 27, 2, 36, 225, 19569 }, // Ô
    { 25, 35, 27, 2, 35, 219, 19794 }, // Õ
    { 25, 35, 27, 2, 35, 219, 20013 }, // Ö
    { 18, 18, 21, 2, 22, 81, 20232 }, // ×
    { 26, 31, 27, 1, 29, 202, 20313 }, // Ø
    { 25, 36, 26, 2, 36, 225, 20515 }, // Ù
    { 25, 36, 26, 2, 36, 225, 20740 }, // Ú
    { 25, 36, 26, 2, 36, 225, 20965 }, // Û
    { 25, 35, 26, 2, 35, 219, 21190 }, // Ü
    { 22, 36, 21, 3, 36, 198, 21409 }, // Ý
    { 22, 27, 23, 0, 27, 149, 21607 }, // Þ
    { 29, 38, 25, -5, 29, 276, 21756 }, // ß
    { 21, 29, 22, 1, 29, 153, 22032 }, // à
    { 21, 29, 22, 1, 29, 153, 22185 }, // á
    { 21, 29, 22, 1, 29, 153, 22338 }, // â
    { 22, 29, 22, 1, 29, 160, 22491 }, // ã
    { 21, 29, 22, 1, 29, 153, 22651 }, // ä
    { 21, 32, 22, 1, 32, 168, 22804 }, // å
    { 31, 21, 33, 1, 21, 163, 22972 }, // æ
    { 18, 30, 18, 1, 21, 135, 23135 }, // ç
    { 19, 29, 21, 1, 29, 138, 23270 }, // è
    { 20, 29, 21, 1, 29, 145, 23408 }, // é
    { 20, 29, 21, 1, 29, 145, 23553 }, // ê
    { 19, 29, 21, 1, 29, 138, 23698 }, // ë
    { 12, 29, 11, 0, 29, 87, 23836 }, // ì
    { 16, 29, 11, 0, 29, 116, 23923 }, // í
    { 16, 29, 11, 0, 29, 116, 24039 }, // î
    { 15, 29, 11, 0, 29, 109, 24155 }, // ï
    { 21, 30, 22, 1, 30, 158, 24264 }, // ð
    { 23, 29, 23, 0, 29, 167, 24422 }, // ñ
    { 20, 29, 22, 1, 29, 145, 24589 }, // ò
    { 20, 29, 22, 1, 29, 145, 24734 }, // ó
    { 20, 29, 22, 1, 29, 145, 24879 }, // ô
    { 21, 29, 22, 1, 29, 153, 25024 }, // õ
    { 20, 29, 22, 1, 29, 145, 25177 }, // ö
    { 20, 19, 21, 1, 23, 95, 25322 }, // ÷
    { 21, 24, 22, 0, 22, 126, 25417 }, // ø
    { 21, 29, 23, 2, 29, 153, 25543 }, // ù
    { 21, 29, 23, 2, 29, 153, 25696 }, // ú
    { 21, 29, 23, 2, 29, 153, 25849 }, // û
    { 21, 29, 23, 2, 29, 153, 26002 }, // ü
    { 25, 38, 19, -3, 29, 238, 26155 }, // ý
    { 23, 38, 22, -2, 29, 219, 26393 }, // þ
    { 25, 38, 19, -3, 29, 238, 26612 }, // ÿ
    { 26, 33, 24, -3, 33, 215, 26850 }, // Ā
    { 21, 27, 22, 1, 27, 142, 27065 }, // ā
    { 26, 36, 24, -3, 36, 234, 27207 }, // Ă
    { 21, 29, 22, 1, 29, 153, 27441 }, // ă
    { 25, 36, 24, -3, 27, 225, 27594 }, // Ą
    { 21, 30, 22, 1, 21, 158, 27819 }, // ą
    { 23, 36, 23, 2, 36, 207, 27977 }, // Ć
    { 19, 29, 18, 1, 29, 138, 28184 }, // ć
    { 23, 36, 23, 2, 36, 207, 28322 }, // Ĉ
    { 19, 29, 18, 1, 29, 138, 28529 }, // ĉ
    { 23, 36, 23, 2, 36, 207, 28667 }, // Ċ
    { 18, 29, 18, 1, 29, 131, 28874 }, // ċ
    { 24, 36, 23, 2, 36, 216, 29005 }, // Č
    { 20, 29, 18, 1, 29, 145, 29221 }, // č
    { 26, 35, 25, 0, 35, 228, 29366 }, // Ď
    { 31, 29, 25, 1, 29, 225, 29594 }, // ď
    { 25, 27, 25, 0, 27, 169, 29819 }, // Đ
    { 25, 29, 22, 1, 29, 182, 29988 }, // đ
    { 22, 33, 20, 0, 33, 182, 30170 }, // Ē
    { 19, 27, 21, 1, 27, 129, 30352 }, // ē
    { 22, 36, 20, 0, 36, 198, 30481 }, // Ĕ
    { 20, 29, 21, 1, 29, 145, 30679 }, // ĕ
    { 22, 35, 20, 0, 35, 193, 30824 }, // Ė
    { 19, 29, 21, 1, 29, 138, 31017 }, // ė
    { 22, 36, 20, 0, 27, 198, 31155 }, // Ę
    { 19, 30, 21, 1, 21, 143, 31353 }, // ę
    { 24, 35, 20, 0, 35, 210, 31496 }, // Ě
    { 21, 29, 21, 1, 29, 153, 31706 }, // ě
    { 24, 36, 26, 2, 36, 216, 31859 }, // Ĝ
    { 22, 38, 22, 0, 29, 209, 32075 }, // ĝ
    { 24, 36, 26, 2, 36, 216, 32284 }, // Ğ
    { 22, 38, 22, 0, 29, 209, 32500 }, // ğ
    { 24, 36, 26, 2, 36, 216, 32709 }, // Ġ
    { 22, 38, 22, 0, 29, 209, 32925 }, // ġ
    { 24, 35, 26, 2, 27, 210, 33134 }, // Ģ
    { 22, 38, 22, 0, 29, 209, 33344 }, // ģ
    { 27, 35, 26, 0, 35, 237, 33553 }, // Ĥ
    { 21, 37, 23, 0, 37, 195, 33790 }, // ĥ
    { 29, 27, 26, 0, 27, 196, 33985 }, // Ħ
    { 21, 29, 23, 0, 29, 153, 34181 }, // ħ
    { 22, 35, 14, -2, 35, 193, 34334 }, // Ĩ
    { 17, 29, 11, 0, 29, 124, 34527 }, // ĩ
    { 20, 33, 14, -2, 33, 165, 34651 }, // Ī
    { 15, 27, 11, 0, 27, 102, 34816 }, // ī
    { 21, 36, 14, -2, 36, 189, 34918 }, // Ĭ
    { 16, 29, 11, 0, 29, 116, 35107 }, // ĭ
    { 19, 36, 14, -2, 27, 171, 35223 }, // Į
    { 15, 38, 11, -2, 29, 143, 35394 }, // į
    { 19, 35, 14, -2, 35, 167, 35537 }, // İ
    { 11, 21, 11, 0, 21, 58, 35704 }, // ı
    { 30, 35, 27, -2, 27, 263, 35762 }, // Ĳ
    { 24, 38, 22, 0, 29, 228, 36025 }, // ĳ
    { 24, 43, 13, -6, 35, 258, 36253 }, // Ĵ
    { 21, 38, 11, -5, 29, 200, 36511 }, // ĵ
    { 27, 35, 23, 0, 27, 237, 36711 }, // Ķ
    { 24, 37, 21, 0, 29, 222, 36948 }, // ķ
    { 24, 21, 21, 0, 21, 126, 37170 }, // ĸ
    { 19, 36, 19, 0, 36, 171, 37296 }, // Ĺ
    { 18, 37, 11, 0, 37, 167, 37467 }, // ĺ
    { 17, 35, 19, 0, 27, 149, 37634 }, // Ļ
    { 15, 37, 11, -2, 29, 139, 37783 }, // ļ
    { 22, 27, 19, 0, 27, 149, 37922 }, // Ľ
    { 20, 29, 14, 0, 29, 145, 38071 }, // ľ
    { 19, 27, 19, 0, 27, 129, 38216 }, // Ŀ
    { 18, 29, 17, 0, 29, 131, 38345 }, // ŀ
    { 18, 27, 19, -1, 27, 122, 38476 }, // Ł
    { 14, 29, 12, 0, 29, 102, 38598 }, // ł
    { 29, 35, 28, 0, 35, 254, 38700 }, // Ń
    { 22, 29, 23, 0, 29, 160, 38954 }, // ń
    { 29, 35, 28, 0, 27, 254, 39114 }, // Ņ
    { 21, 29, 23, 0, 21, 153, 39368 }, // ņ
    { 29, 35, 28, 0, 35, 254, 39521 }, // Ň
    { 23, 29, 23, 0, 29, 167, 39775 }, // ň
    { 25, 27, 26, 0, 27, 169, 39942 }, // ŉ
    { 29, 35, 28, 0, 27, 254, 40111 }, // Ŋ
    { 21, 30, 23, 0, 21, 158, 40365 }, // ŋ
    { 25, 33, 27, 2, 33, 207, 40523 }, // Ō
    { 20, 27, 22, 1, 27, 135, 40730 }, // ō
    { 25, 36, 27, 2, 36, 225, 40865 }, // Ŏ
    { 20, 29, 22, 1, 29, 145, 41090 }, // ŏ
    { 28, 36, 27, 2, 36, 252, 41235 }, // Ő
    { 24, 29, 22, 1, 29, 174, 41487 }, // ő
    { 34, 27, 34, 2, 27, 230, 41661 }, // Œ
    { 32, 21, 33, 1, 21, 168, 41891 }, // œ
    { 23, 36, 23, 0, 36, 207, 42059 }, // Ŕ
    { 19, 29, 16, 0, 29, 138, 42266 }, // ŕ
    { 23, 35, 23, 0, 27, 202, 42404 }, // Ŗ
    { 20, 29, 16, -2, 21, 145, 42606 }, // ŗ
    { 25, 35, 23, 0, 35, 219, 42751 }, // Ř
    { 21, 29, 16, 0, 29, 153, 42970 }, // ř
    { 21, 36, 20, 0, 36, 189, 43123 }, // Ś
    { 19, 29, 18, 0, 29, 138, 43312 }, // ś
    { 21, 36, 20, 0, 36, 189, 43450 }, // Ŝ
    { 19, 29, 18, 0, 29, 138, 43639 }, // ŝ
    { 21, 36, 20, 0, 27, 189, 43777 }, // Ş
    { 18, 30, 18, 0, 21, 135, 43966 }, // ş
    { 23, 36, 20, 0, 36, 207, 44101 }, // Š
    { 20, 29, 18, 0, 29, 145, 44308 }, // š
    { 21, 36, 20, 2, 27, 189, 44453 }, // Ţ
    { 16, 35, 15, 1, 26, 140, 44642 }, // ţ
    { 20, 35, 20, 3, 35, 175, 44782 }, // Ť
    { 20, 29, 15, 1, 29, 145, 44957 }, // ť
    { 21, 27, 20, 2, 27, 142, 45102 }, // Ŧ
    { 17, 26, 15, 0, 26, 111, 45244 }, // ŧ
    { 25, 35, 26, 2, 35, 219, 45355 }, // Ũ
    { 21, 29, 23, 2, 29, 153, 45574 }, // ũ
    { 25, 33, 26, 2, 33, 207, 45727 }, // Ū
    { 21, 27, 23, 2, 27, 142, 45934 }, // ū
    { 25, 36, 26, 2, 36, 225, 46076 }, // Ŭ
    { 21, 29, 23, 2, 29, 153, 46301 }, // ŭ
    { 25, 39, 26, 2, 39, 244, 46454 }, // Ů
    { 21, 32, 23, 2, 32, 168, 46698 }, // ů
    { 27, 36, 26, 2, 36, 243, 46866 }, // Ű
    { 24, 29, 23, 2, 29, 174, 47109 }, // ű
    { 25, 36, 26, 2, 27, 225, 47283 }, // Ų
    { 21, 30, 23, 2, 21, 158, 47508 }, // ų
    { 35, 35, 34, 3, 35, 307, 47666 }, // Ŵ
    { 30, 29, 30, 2, 29, 218, 47973 }, // ŵ
    { 22, 35, 21, 3, 35, 193, 48191 }, // Ŷ
    { 25, 38, 19, -3, 29, 238, 48384 }, // ŷ
    { 22, 35, 21, 3, 35, 193, 48622 }, // Ÿ
    { 24, 36, 20, -2, 36, 216, 48815 }, // Ź
    { 20, 29, 18, -1, 29, 145, 49031 }, // ź
    { 24, 35, 20, -2, 35, 210, 49176 }, // Ż
    { 19, 29, 18, -1, 29, 138, 49386 }, // ż
    { 25, 35, 20, -2, 35, 219, 49524 }, // Ž
    { 22, 29, 18, -1, 29, 160, 49743 }, // ž
    { 23, 38, 13, -5, 29, 219, 49903 }, // ſ
    { 9, 6, 0, -16, 29, 14, 50122 }, // ̀
    { 11, 6, 0, -9, 29, 17, 50136 }, // ́
    { 16, 6, 0, -5, 29, 24, 50153 }, // ̂
    { 16, 6, 0, -17, 29, 24, 50177 }, // ̃
    { 13, 4, 0, -4, 27, 13, 50201 }, // ̄
    { 17, 4, 0, -5, 32, 17, 50214 }, // ̅
    { 15, 6, 0, -4, 29, 23, 50231 }, // ̆
    { 7, 6, 0, 0, 29, 11, 50254 }, // ̇
    { 13, 5, 0, -3, 28, 17, 50265 }, // ̈
    { 9, 9, 0, -12, 31, 21, 50282 }, // ̉
    { 10, 9, 0, -1, 32, 23, 50303 }, // ̊
    { 18, 6, 0, -4, 29, 27, 50326 }, // ̋
    { 16, 6, 0, -4, 29, 24, 50353 }, // ̌
    { 7, 10, 0, 0, 29, 18, 50377 }, // ̍
    { 13, 7, 0, -3, 30, 23, 50395 }, // ̎
    { 15, 6, 0, -17, 29, 23, 50418 }, // ̏
    { 14, 10, 0, -3, 33, 35, 50441 }, // ̐
    { 14, 7, 0, -4, 29, 25, 50476 }, // ̑
    { 10, 9, 0, -2, 27, 23, 50501 }, // ̒
    { 10, 9, 0, -2, 27, 23, 50524 }, // ̓
    { 6, 9, 0, 0, 27, 14, 50547 }, // ̔
    { 10, 9, 0, -2, 27, 23, 50561 }, // ̕
    { 9, 6, 0, -8, -2, 14, 50584 }, // ̖
    { 12, 6, 0, -9, -2, 18, 50598 }, // ̗
    { 9, 8, 0, -7, -1, 18, 50616 }, // ̘
    { 9, 8, 0, -8, -1, 18, 50634 }, // ̙
    { 12, 11, 12, 3, 29, 33, 50652 }, // ̚
    { 12, 9, 0, -3, 29, 27, 50685 }, // ̛
    { 6, 10, 0, -2, 0, 15, 50712 }, // ̜
    { 9, 6, 0, -8, -2, 14, 50727 }, // ̝
    { 9, 7, 0, -7, -1, 16, 50741 }, // ̞
    { 10, 8, 0, -8, -1, 20, 50757 }, // ̟
    { 10, 3, 0, -8, -3, 8, 50777 }, // ̠
    { 10, 11, 0, -8, 2, 28, 50785 }, // ̡
    { 9, 11, 0, -4, 2, 25, 50813 }, // ̢
    { 8, 6, 0, -18, -2, 12, 50838 }, // ̣
    { 13, 5, 0, -10, -2, 17, 50850 }, // ̤
    { 10, 9, 0, -8, 0, 23, 50867 }, // ̥
    { 8, 6, 0, 2, -2, 12, 50890 }, // ̦
    { 9, 9, 0, -7, 0, 21, 50902 }, // ̧
    { 8, 9, 0, -7, 0, 18, 50923 }, // ̨
    { 7, 10, 0, -6, -2, 18, 50941 }, // ̩
    { 16, 7, 0, -11, -1, 28, 50959 }, // ̪
    { 15, 5, 0, -10, -2, 19, 50987 }, // ̫
    { 16, 6, 0, -10, -2, 24, 51006 }, // ̬
    { 16, 6, 0, -12, -2, 24, 51030 }, // ̭
    { 15, 6, 0, -10, -2, 23, 51054 }, // ̮
    { 14, 7, 0, -10, -2, 25, 51077 }, // ̯
    { 16, 6, 0, -11, -2, 24, 51102 }, // ̰
    { 13, 4, 0, -10, -3, 13, 51126 }, // ̱
    { 18, 3, 0, -12, -3, 14, 51139 }, // ̲
    { 18, 8, 0, -13, -1, 36, 51153 }, // ̳
    { 16, 6, 0, -8, 14, 24, 51189 }, // ̴
    { 17, 4, 0, -9, 12, 17, 51213 }, // ̵
    { 28, 4, 0, -14, 13, 28, 51230 }, // ̶
    { 14, 11, 0, -7, 16, 39, 51258 }, // ̷
    { 22, 31, 0, -11, 29, 171, 51297 }, // ̸
    { 6, 9, 0, -3, 0, 14, 51468 }, // ̹
    { 16, 7, 0, -11, -1, 28, 51482 }, // ̺
    { 16, 8, 0, -11, -1, 32, 51510 }, // ̻
    { 15, 5, 0, -10, -2, 19, 51542 }, // ̼
    { 9, 9, 0, -1, 30, 21, 51561 }, // ̽
    { 9, 11, 0, -1, 33, 25, 51582 }, // ̾
    { 18, 8, 0, -5, 37, 36, 51607 }, // ̿
    { 9, 6, 0, -3, 29, 14, 51643 }, // ̀
    { 11, 6, 0, 0, 29, 17, 51657 }, // ́
    { 17, 6, 0, 5, 29, 26, 51674 }, // ͂
    { 7, 8, 0, 0, 30, 14, 51700 }, // ̓
    { 21, 6, 0, -6, 29, 32, 51714 }, // ̈́
    { 7, 7, 0, -5, -2, 13, 51746 }, // ͅ
    { 18, 7, 0, -6, 30, 32, 51759 }, // ͆
    { 17, 8, 0, -12, -1, 34, 51791 }, // ͇
    { 12, 7, 0, -9, -1, 21, 51825 }, // ͈
    { 9, 8, 0, -7, -2, 18, 51846 }, // ͉
    { 15, 9, 0, -4, 30, 34, 51864 }, // ͊
    { 15, 15, 0, -4, 36, 57, 51898 }, // ͋
    { 15, 10, 0, -4, 33, 38, 51955 }, // ͌
    { 14, 8, 0, -10, -1, 28, 51993 }, // ͍
    { 7, 9, 0, -6, 0, 16, 52021 }, // ͎
    { 28, 27, 0, -14, 27, 189, 52037 }, // ͏
    { 7, 8, 0, 0, 30, 14, 52226 }, // ͐
    { 7, 10, 0, 4, 32, 18, 52240 }, // ͑
    { 14, 9, 0, -4, 32, 32, 52258 }, // ͒
    { 8, 8, 0, -6, -1, 16, 52290 }, // ͓
    { 7, 8, 0, -6, -1, 14, 52306 }, // ͔
    { 7, 8, 0, -5, -1, 14, 52320 }, // ͕
    { 15, 7, 0, -9, -2, 27, 52334 }, // ͖
    { 7, 9, 0, 3, 32, 16, 52361 }, // ͗
    { 7, 6, 0, 0, 29, 11, 52377 }, // ͘
    { 9, 8, 0, -7, -1, 18, 52388 }, // ͙
    { 15, 8, 0, -10, -1, 30, 52406 }, // ͚
    { 8, 8, 0, 0, 30, 16, 52436 }, // ͛
    { 30, 8, 0, -17, -1, 60, 52452 }, // ͜
    { 30, 8, 0, -12, 30, 60, 52512 }, // ͝
    { 21, 4, 0, -7, 27, 21, 52572 }, // ͞
    { 21, 4, 0, -13, -1, 21, 52593 }, // ͟
    { 31, 6, 0, -12, 29, 47, 52614 }, // ͠
    { 30, 8, 0, -11, 33, 60, 52661 }, // ͡
    { 30, 9, 0, -19, 0, 68, 52721 }, // ͢
    { 10, 9, 0, -1, 32, 23, 52789 }, // ͣ
    { 9, 9, 0, -1, 32, 21, 52812 }, // ͤ
    { 6, 12, 0, 1, 35, 18, 52833 }, // ͥ
    { 9, 9, 0, -1, 32, 21, 52851 }, // ͦ
    { 10, 8, 0, -1, 31, 20, 52872 }, // ͧ
    { 8, 9, 0, 0, 32, 18, 52892 }, // ͨ
    { 11, 12, 0, -1, 35, 33, 52910 }, // ͩ
    { 10, 12, 0, -2, 35, 30, 52943 }, // ͪ
    { 15, 8, 0, -4, 31, 30, 52973 }, // ͫ
    { 8, 8, 0, 0, 31, 16, 53003 }, // ͬ
    { 8, 10, 0, 0, 33, 20, 53019 }, // ͭ
    { 9, 8, 0, 0, 31, 18, 53039 }, // ͮ
    { 11, 8, 0, -2, 31, 22, 53057 }, // ͯ
    { 22, 35, 20, 0, 35, 193, 53079 }, // Ѐ
    { 22, 35, 20, 0, 35, 193, 53272 }, // Ё
    { 23, 27, 27, 3, 27, 156, 53465 }, // Ђ
    { 22, 36, 19, 0, 36, 198, 53621 }, // Ѓ
    { 23, 27, 23, 2, 27, 156, 53819 }, // Є
    { 21, 27, 20, 0, 27, 142, 53975 }, // Ѕ
    { 13, 27, 12, 0, 27, 88, 54117 }, // І
    { 17, 35, 12, 0, 35, 149, 54205 }, // Ї
    { 20, 35, 12, -7, 27, 175, 54354 }, // Ј
    { 38, 27, 36, -2, 27, 257, 54529 }, // Љ
    { 34, 27, 35, 0, 27, 230, 54786 }, // Њ
    { 23, 27, 27, 3, 27, 156, 55016 }, // Ћ
    { 27, 36, 24, 0, 36, 243, 55172 }, // Ќ
    { 27, 35, 26, 0, 35, 237, 55415 }, // Ѝ
    { 26, 36, 22, 0, 36, 234, 55652 }, // Ў
    { 26, 33, 25, 0, 27, 215, 55886 }, // Џ
    { 25, 27, 24, -3, 27, 169, 56101 }, // А
    { 22, 27, 22, 0, 27, 149, 56270 }, // Б
    { 24, 27, 23, 0, 27, 162, 56419 }, // В
    { 22, 27, 19, 0, 27, 149, 56581 }, // Г
    { 31, 34, 27, -4, 27, 264, 56730 }, // Д
    { 22, 27, 20, 0, 27, 149, 56994 }, // Е
    { 40, 27, 34, -3, 27, 270, 57143 }, // Ж
    { 22, 27, 21, 0, 27, 149, 57413 }, // З
    { 27, 27, 26, 0, 27, 183, 57562 }, // И
    { 27, 35, 26, 0, 35, 237, 57745 }, // Й
    { 27, 27, 24, 0, 27, 183, 57982 }, // К
    { 29, 27, 26, -2, 27, 196, 58165 }, // Л
    { 34, 27, 33, 0, 27, 230, 58361 }, // М
    { 27, 27, 26, 0, 27, 183, 58591 }, // Н
    { 25, 27, 27, 2, 27, 169, 58774 }, // О
    { 26, 27, 25, 0, 27, 176, 58943 }, // П
    { 23, 27, 22, 0, 27, 156, 59119 }, // Р
    { 23, 27, 22, 2, 27, 156, 59275 }, // С
    { 20, 27, 20, 3, 27, 135, 59431 }, // Т
    { 26, 27, 22, 0, 27, 176, 59566 }, // У
    { 32, 27, 33, 1, 27, 216, 59742 }, // Ф
    { 29, 27, 23, -3, 27, 196, 59958 }, // Х
    { 26, 34, 26, 0, 27, 221, 60154 }, // Ц
    { 23, 27, 25, 3, 27, 156, 60375 }, // Ч
    { 38, 27, 37, 0, 27, 257, 60531 }, // Ш
    { 37, 33, 37, 0, 27, 306, 60788 }, // Щ
    { 22, 27, 26, 3, 27, 149, 61094 }, // Ъ
    { 34, 27, 33, 0, 27, 230, 61243 }, // Ы
    { 22, 27, 22, 0, 27, 149, 61473 }, // Ь
    { 23, 27, 23, 0, 27, 156, 61622 }, // Э
    { 37, 27, 37, 0, 27, 250, 61778 }, // Ю
    { 26, 27, 23, -2, 27, 176, 62028 }, // Я
    { 21, 21, 22, 1, 21, 111, 62204 }, // а
    { 21, 30, 21, 1, 30, 158, 62315 }, // б
    { 20, 21, 21, 1, 21, 105, 62473 }, // в
    { 19, 21, 17, -1, 21, 100, 62578 }, // г
    { 20, 30, 22, 1, 30, 150, 62678 }, // д
    { 19, 21, 20, 1, 21, 100, 62828 }, // е
    { 38, 21, 36, -1, 21, 200, 62928 }, // ж
    { 18, 21, 19, 0, 21, 95, 63128 }, // з
    { 21, 21, 22, 1, 21, 111, 63223 }, // и
    { 21, 30, 22, 1, 30, 158, 63334 }, // й
    { 23, 21, 21, 0, 21, 121, 63492 }, // к
    { 24, 21, 23, -1, 21, 126, 63613 }, // л
    { 29, 21, 29, 0, 21, 153, 63739 }, // м
    { 22, 21, 22, 0, 21, 116, 63892 }, // н
    { 21, 21, 21, 0, 21, 111, 64008 }, // о
    { 21, 21, 22, 0, 21, 111, 64119 }, // п
    { 24, 30, 23, -2, 21, 180, 64230 }, // р
    { 18, 21, 18, 0, 21, 95, 64410 }, // с
    { 32, 21, 34, 0, 21, 168, 64505 }, // т
    { 25, 30, 20, -3, 21, 188, 64673 }, // у
    { 26, 38, 28, 1, 29, 247, 64861 }, // ф
    { 25, 21, 20, -3, 21, 132, 65108 }, // х
    { 21, 26, 23, 1, 21, 137, 65240 }, // ц
    { 20, 21, 22, 2, 21, 105, 65377 }, // ч
    { 33, 21, 34, 1, 21, 174, 65482 }, // ш
    { 33, 26, 34, 1, 21, 215, 65656 }, // щ
    { 22, 21, 23, 1, 21, 116, 65871 }, // ъ
    { 29, 21, 30, 1, 21, 153, 65987 }, // ы
    { 19, 21, 21, 1, 21, 100, 66140 }, // ь
    { 17, 21, 18, 0, 21, 90, 66240 }, // э
    { 30, 21, 30, 0, 21, 158, 66330 }, // ю
    { 23, 21, 21, -2, 21, 121, 66488 }, // я
    { 19, 29, 20, 1, 29, 138, 66609 }, // ѐ
    { 19, 29, 20, 1, 29, 138, 66747 }, // ё
    { 21, 38, 22, 0, 29, 200, 66885 }, // ђ
    { 20, 30, 17, -1, 30, 150, 67085 }, // ѓ
    { 17, 21, 18, 1, 21, 90, 67235 }, // є
    { 17, 21, 17, 0, 21, 90, 67325 }, // ѕ
    { 13, 29, 11, 0, 29, 95, 67415 }, // і
    { 14, 29, 11, 0, 29, 102, 67510 }, // ї
    { 19, 38, 11, -6, 29, 181, 67612 }, // ј
    { 32, 21, 32, -1, 21, 168, 67793 }, // љ
    { 31, 21, 31, 0, 21, 163, 67961 }, // њ
    { 21, 29, 22, 0, 29, 153, 68124 }, // ћ
    { 23, 29, 21, 0, 29, 167, 68277 }, // ќ
    { 21, 29, 22, 1, 29, 153, 68444 }, // ѝ
    { 25, 38, 20, -3, 29, 238, 68597 }, // ў
    { 21, 28, 22, 1, 21, 147, 68835 }, // џ
    { 34, 27, 33, 3, 27, 230, 68982 }, // Ѡ
    { 30, 21, 30, 2, 21, 158, 69212 }, // ѡ
    { 20, 27, 24, 2, 27, 135, 69370 }, // Ѣ
    { 30, 21, 32, 0, 21, 158, 69505 }, // ѣ
    { 35, 27, 33, 0, 27, 237, 69663 }, // Ѥ
    { 29, 21, 28, 0, 21, 153, 69900 }, // ѥ
    { 26, 27, 25, -3, 27, 176, 70053 }, // Ѧ
    { 23, 21, 22, -3, 21, 121, 70229 }, // ѧ
    { 33, 27, 35, 0, 27, 223, 70350 }, // Ѩ
    { 30, 21, 31, 0, 21, 158, 70573 }, // ѩ
    { 31, 27, 27, -2, 27, 210, 70731 }, // Ѫ
    { 25, 21, 22, -2, 21, 132, 70941 }, // ѫ
    { 38, 27, 37, 0, 27, 257, 71073 }, // Ѭ
    { 32, 21, 31, 0, 21, 168, 71330 }, // ѭ
    { 24, 42, 22, -2, 33, 252, 71498 }, // Ѯ
    { 22, 34, 20, -2, 25, 187, 71750 }, // ѯ
    { 30, 27, 31, 4, 27, 203, 71937 }, // Ѱ
    { 28, 38, 30, 1, 29, 266, 72140 }, // ѱ
    { 25, 27, 27, 2, 27, 169, 72406 }, // Ѳ
    { 20, 21, 22, 1, 21, 105, 72575 }, // ѳ
    { 24, 27, 24, 3, 27, 162, 72680 }, // Ѵ
    { 21, 21, 20, 1, 21, 111, 72842 }, // ѵ
    { 24, 35, 24, 3, 35, 210, 72953 }, // Ѷ
    { 21, 29, 20, 1, 29, 153, 73163 }, // ѷ
    { 47, 36, 47, 2, 27, 423, 73316 }, // Ѹ
    { 43, 30, 41, 1, 21, 323, 73739 }, // ѹ
    { 26, 31, 28, 2, 29, 202, 74062 }, // Ѻ
    { 22, 24, 24, 1, 22, 132, 74264 }, // ѻ
    { 35, 40, 38, 2, 40, 350, 74396 }, // Ѽ
    { 30, 34, 32, 1, 34, 255, 74746 }, // ѽ
    { 34, 34, 33, 3, 34, 289, 75001 }, // Ѿ
    { 30, 28, 30, 2, 28, 210, 75290 }, // ѿ
    { 23, 36, 23, 2, 27, 207, 75500 }, // Ҁ
    { 18, 30, 18, 1, 21, 135, 75707 }, // ҁ
    { 20, 25, 23, 1, 24, 125, 75842 }, // ҂
    { 15, 7, 0, -15, 28, 27, 75967 }, // ҃
    { 15, 6, 0, -15, 29, 23, 75994 }, // ҄
    { 7, 8, 0, -10, 30, 14, 76017 }, // ҅
    { 8, 8, 0, -11, 30, 16, 76031 }, // ҆
    { 16, 6, 0, -4, 35, 24, 76047 }, // ҇
    { 44, 39, 0, -22, 30, 429, 76071 }, // ҈
    { 42, 42, 0, -21, 31, 441, 76500 }, // ҉
    { 30, 44, 31, 0, 36, 330, 76941 }, // Ҋ
    { 23, 37, 24, 1, 30, 213, 77271 }, // ҋ
    { 21, 27, 22, 0, 27, 142, 77484 }, // Ҍ
    { 18, 29, 21, 2, 29, 131, 77626 }, // ҍ
    { 24, 27, 23, 0, 27, 162, 77757 }, // Ҏ
    { 23, 30, 22, -2, 21, 173, 77919 }, // ҏ
    { 23, 33, 19, 0, 33, 190, 78092 }, // Ґ
    { 20, 26, 17, 0, 26, 130, 78282 }, // ґ
    { 22, 27, 19, 0, 27, 149, 78412 }, // Ғ
    { 20, 21, 17, -1, 21, 105, 78561 }, // ғ
    { 22, 36, 25, 0, 27, 198, 78666 }, // Ҕ
    { 19, 30, 21, 0, 21, 143, 78864 }, // ҕ
    { 39, 35, 34, -3, 27, 342, 79007 }, // Җ
    { 38, 29, 36, -1, 21, 276, 79349 }, // җ
    { 22, 36, 21, 0, 27, 198, 79625 }, // Ҙ
    { 18, 30, 19, 0, 21, 135, 79823 }, // ҙ
    { 26, 35, 26, 0, 27, 228, 79958 }, // Қ
    { 23, 28, 23, 0, 21, 161, 80186 }, // қ
    { 27, 27, 24, 0, 27, 183, 80347 }, // Ҝ
    { 23, 21, 22, 1, 21, 121, 80530 }, // ҝ
    { 27, 27, 23, 0, 27, 183, 80651 }, // Ҟ
    { 23, 29, 22, 0, 29, 167, 80834 }, // ҟ
    { 27, 27, 26, 3, 27, 183, 81001 }, // Ҡ
    { 26, 21, 24, 1, 21, 137, 81184 }, // ҡ
    { 27, 35, 29, 0, 27, 237, 81321 }, // Ң
    { 24, 28, 25, 0, 21, 168, 81558 }, // ң
    { 33, 27, 29, 0, 27, 223, 81726 }, // Ҥ
    { 29, 21, 27, 0, 21, 153, 81949 }, // ҥ
    { 36, 36, 39, 0, 27, 324, 82102 }, // Ҧ
    { 30, 30, 32, 0, 21, 225, 82426 }, // ҧ
    { 24, 28, 27, 2, 27, 168, 82651 }, // Ҩ
    { 21, 22, 23, 1, 21, 116, 82819 }, // ҩ
    { 23, 36, 23, 2, 27, 207, 82935 }, // Ҫ
    { 18, 30, 18, 1, 21, 135, 83142 }, // ҫ
    { 20, 35, 20, 3, 27, 175, 83277 }, // Ҭ
    { 34, 28, 35, 0, 21, 238, 83452 }, // ҭ
    { 22, 27, 21, 3, 27, 149, 83690 }, // Ү
    { 21, 30, 19, 1, 21, 158, 83839 }, // ү
    { 24, 27, 21, 1, 27, 162, 83997 }, // Ұ
    { 24, 30, 19, -2, 21, 180, 84159 }, // ұ
    { 29, 35, 26, -3, 27, 254, 84339 }, // Ҳ
    { 25, 28, 22, -2, 21, 175, 84593 }, // ҳ
    { 28, 36, 31, 3, 27, 252, 84768 }, // Ҵ
    { 24, 28, 26, 1, 21, 168, 85020 }, // ҵ
    { 23, 35, 28, 3, 27, 202, 85188 }, // Ҷ
    { 20, 28, 24, 3, 21, 140, 85390 }, // ҷ
    { 23, 27, 25, 3, 27, 156, 85530 }, // Ҹ
    { 20, 21, 23, 3, 21, 105, 85686 }, // ҹ
    { 23, 27, 25, 1, 27, 156, 85791 }, // Һ
    { 21, 29, 23, 0, 29, 153, 85947 }, // һ
    { 29, 27, 29, 1, 27, 196, 86100 }, // Ҽ
    { 24, 21, 25, 0, 21, 126, 86296 }, // ҽ
    { 29, 35, 29, 1, 27, 254, 86422 }, // Ҿ
    { 24, 28, 25, 0, 21, 168, 86676 }, // ҿ
    { 19, 27, 14, -2, 27, 129, 86844 }, // Ӏ
    { 40, 35, 34, -3, 35, 350, 86973 }, // Ӂ
    { 38, 30, 36, -1, 30, 285, 87323 }, // ӂ
    { 26, 36, 26, 0, 27, 234, 87608 }, // Ӄ
    { 23, 30, 23, 0, 21, 173, 87842 }, // ӄ
    { 30, 35, 29, -2, 27, 263, 88015 }, // Ӆ
    { 26, 28, 25, -2, 21, 182, 88278 }, // ӆ
    { 27, 36, 26, 0, 27, 243, 88460 }, // Ӈ
    { 23, 30, 23, 0, 21, 173, 88703 }, // ӈ
    { 28, 35, 29, 0, 27, 245, 88876 }, // Ӊ
    { 24, 29, 25, 0, 21, 174, 89121 }, // ӊ
    { 23, 35, 25, 3, 27, 202, 89295 }, // Ӌ
    { 19, 29, 22, 3, 21, 138, 89497 }, // ӌ
    { 35, 35, 35, 0, 27, 307, 89635 }, // Ӎ
    { 31, 29, 31, 0, 21, 225, 89942 }, // ӎ
    { 19, 27, 14, -2, 27, 129, 90167 }, // ӏ
    { 27, 35, 24, -3, 35, 237, 90296 }, // Ӑ
    { 21, 30, 22, 1, 30, 158, 90533 }, // ӑ
    { 26, 35, 24, -3, 35, 228, 90691 }, // Ӓ
    { 21, 29, 22, 1, 29, 153, 90919 }, // ӓ
    { 38, 27, 34, -3, 27, 257, 91072 }, // Ӕ
    { 31, 21, 33, 1, 21, 163, 91329 }, // ӕ
    { 23, 35, 20, 0, 35, 202, 91492 }, // Ӗ
    { 22, 30, 21, 1, 30, 165, 91694 }, // ӗ
    { 23, 27, 25, 1, 27, 156, 91859 }, // Ә
    { 20, 21, 21, 0, 21, 105, 92015 }, // ә
    { 23, 35, 25, 1, 35, 202, 92120 }, // Ӛ
    { 20, 29, 21, 0, 29, 145, 92322 }, // ӛ
    { 40, 35, 34, -3, 35, 350, 92467 }, // Ӝ
    { 38, 29, 36, -1, 29, 276, 92817 }, // ӝ
    { 22, 35, 21, 0, 35, 193, 93093 }, // Ӟ
    { 19, 29, 19, 0, 29, 138, 93286 }, // ӟ
    { 23, 27, 21, -1, 27, 156, 93424 }, // Ӡ
    { 22, 30, 21, -2, 21, 165, 93580 }, // ӡ
    { 27, 33, 26, 0, 33, 223, 93745 }, // Ӣ
    { 21, 27, 23, 2, 27, 142, 93968 }, // ӣ
    { 27, 35, 26, 0, 35, 237, 94110 }, // Ӥ
    { 21, 29, 23, 2, 29, 153, 94347 }, // ӥ
    { 25, 35, 27, 2, 35, 219, 94500 }, // Ӧ
    { 20, 29, 22, 1, 29, 145, 94719 }, // ӧ
    { 25, 27, 27, 2, 27, 169, 94864 }, // Ө
    { 20, 21, 22, 1, 21, 105, 95033 }, // ө
    { 25, 35, 27, 2, 35, 219, 95138 }, // Ӫ
    { 20, 29, 22, 1, 29, 145, 95357 }, // ӫ
    { 23, 35, 23, 0, 35, 202, 95502 }, // Ӭ
    { 18, 29, 18, 0, 29, 131, 95704 }, // ӭ
    { 26, 33, 22, 0, 33, 215, 95835 }, // Ӯ
    { 25, 36, 19, -3, 27, 225, 96050 }, // ӯ
    { 26, 35, 22, 0, 35, 228, 96275 }, // Ӱ
    { 25, 37, 19, -3, 28, 232, 96503 }, // ӱ
    { 27, 36, 22, 0, 36, 243, 96735 }, // Ӳ
    { 26, 38, 19, -3, 29, 247, 96978 }, // ӳ
    { 23, 35, 25, 3, 35, 202, 97225 }, // Ӵ
    { 20, 28, 22, 2, 28, 140, 97427 }, // ӵ
    { 22, 35, 19, 0, 27, 193, 97567 }, // Ӷ
    { 19, 28, 17, 0, 21, 133, 97760 }, // ӷ
    { 34, 35, 33, 0, 35, 298, 97893 }, // Ӹ
    { 29, 29, 30, 1, 29, 211, 98191 }, // ӹ
    { 22, 36, 19, 0, 27, 198, 98402 }, // Ӻ
    { 20, 30, 17, -1, 21, 150, 98600 }, // ӻ
    { 29, 36, 26, -3, 27, 261, 98750 }, // Ӽ
    { 24, 30, 22, -2, 21, 180, 99011 }, // ӽ
    { 29, 27, 23, -3, 27, 196, 99191 }, // Ӿ
    { 24, 21, 20, -2, 21, 126, 99387 }, // ӿ
    { 0, 0, 19, 0, 0, 0, 99513 }, //  
    { 0, 0, 38, 0, 0, 0, 99513 }, //  
    { 0, 0, 19, 0, 0, 0, 99513 }, //  
    { 0, 0, 38, 0, 0, 0, 99513 }, //  
    { 0, 0, 12, 0, 0, 0, 99513 }, //  
    { 0, 0, 9, 0, 0, 0, 99513 }, //  
    { 0, 0, 6, 0, 0, 0, 99513 }, //  
    { 0, 0, 21, 0, 0, 0, 99513 }, //  
    { 0, 0, 11, 0, 0, 0, 99513 }, //  
    { 0, 0, 6, 0, 0, 0, 99513 }, //  
    { 0, 0, 4, 0, 0, 0, 99513 }, //  
    { 0, 0, 0, 0, 0, 0, 99513 }, // ​
    { 0, 0, 0, 0, 0, 0, 99513 }, // ‌
    { 0, 0, 0, 0, 0, 0, 99513 }, // ‍
    { 9, 32, 0, -1, 27, 72, 99513 }, // ‎
    { 9, 32, 0, -8, 27, 72, 99585 }, // ‏
    { 12, 5, 12, 0, 13, 15, 99657 }, // ‐
    { 12, 5, 12, 0, 13, 15, 99672 }, // ‑
    { 19, 5, 21, 1, 16, 24, 99687 }, // ‒
    { 18, 5, 18, 0, 13, 23, 99711 }, // –
    { 36, 5, 36, 0, 13, 45, 99734 }, // —
    { 36, 5, 36, 0, 13, 45, 99779 }, // ―
    { 15, 38, 21, 3, 29, 143, 99824 }, // ‖
    { 17, 8, 15, -4, -1, 34, 99967 }, // ‗
    { 10, 9, 8, 2, 27, 23, 100001 }, // ‘
    { 10, 9, 8, 1, 27, 23, 100024 }, // ’
    { 10, 9, 11, -2, 4, 23, 100047 }, // ‚
    { 6, 9, 8, 4, 27, 14, 100070 }, // ‛
    { 18, 9, 16, 2, 27, 41, 100084 }, // “
    { 19, 9, 16, 1, 27, 43, 100125 }, // ”
    { 18, 9, 19, -2, 4, 41, 100168 }, // „
    { 15, 9, 16, 3, 27, 34, 100209 }, // ‟
    { 17, 29, 19, 3, 29, 124, 100243 }, // †
    { 19, 29, 19, 1, 29, 138, 100367 }, // ‡
    { 12, 12, 14, 2, 20, 36, 100505 }, // •
    { 13, 16, 13, 1, 22, 52, 100541 }, // ‣
    { 7, 6, 19, 4, 6, 11, 100593 }, // ․
    { 18, 6, 22, 0, 6, 27, 100604 }, // ‥
    { 28, 6, 31, 0, 6, 42, 100631 }, // …
    { 8, 6, 12, 2, 13, 12, 100673 }, // ‧
    { 0, 0, 23, 0, 0, 0, 100685 }, //  
    { 0, 0, 23, 0, 0, 0, 100685 }, //  
    { 9, 28, 0, -1, 23, 63, 100685 }, // ‪
    { 9, 28, 0, -8, 23, 63, 100748 }, // ‫
    { 10, 31, 0, -5, 26, 78, 100811 }, // ‬
    { 10, 32, 0, -5, 26, 80, 100889 }, // ‭
    { 10, 32, 0, -5, 26, 80, 100969 }, // ‮
    { 0, 0, 6, 0, 0, 0, 101049 }, //  
    { 43, 27, 46, 2, 27, 291, 101049 }, // ‰
    { 56, 27, 59, 2, 27, 378, 101340 }, // ‱
    { 12, 10, 11, 2, 27, 30, 101718 }, // ′
    { 20, 10, 19, 2, 27, 50, 101748 }, // ″
    { 29, 10, 28, 2, 27, 73, 101798 }, // ‴
    { 10, 10, 11, 2, 27, 25, 101871 }, // ‵
    { 19, 10, 19, 2, 27, 48, 101896 }, // ‶
    { 28, 10, 28, 2, 27, 70, 101944 }, // ‷
    { 13, 12, 13, -3, 3, 39, 102014 }, // ‸
    { 12, 19, 12, 1, 20, 57, 102053 }, // ‹
    { 11, 19, 12, 0, 20, 53, 102110 }, // ›
    { 30, 29, 32, 1, 27, 218, 102163 }, // ※
    { 23, 27, 21, 0, 27, 156, 102381 }, // ‼
    { 16, 27, 17, 3, 27, 108, 102537 }, // ‽
    { 18, 4, 16, 3, 33, 18, 102645 }, // ‾
    { 19, 8, 20, -2, -1, 38, 102663 }, // ‿
    { 20, 9, 20, 3, 31, 45, 102701 }, // ⁀
    { 20, 25, 14, -4, 16, 125, 102746 }, // ⁁
    { 42, 35, 43, -1, 29, 368, 102871 }, // ⁂
    { 12, 5, 12, 0, 13, 15, 103239 }, // ⁃
    { 25, 27, 5, -10, 27, 169, 103254 }, // ⁄
    { 16, 33, 12, -1, 27, 132, 103423 }, // ⁅
    { 17, 33, 12, -3, 27, 141, 103555 }, // ⁆
    { 33, 27, 34, 2, 27, 223, 103696 }, // ⁇
    { 28, 27, 28, 2, 27, 189, 103919 }, // ⁈
    { 30, 27, 28, 0, 27, 203, 104108 }, // ⁉
    { 19, 21, 20, 2, 21, 100, 104311 }, // ⁊
    { 21, 34, 23, 3, 29, 179, 104411 }, // ⁋
    { 21, 20, 24, 1, 21, 105, 104590 }, // ⁌
    { 21, 20, 24, 2, 21, 105, 104695 }, // ⁍
    { 19, 20, 20, -1, 11, 95, 104800 }, // ⁎
    { 10, 25, 11, 1, 21, 63, 104895 }, // ⁏
    { 25, 39, 20, -2, 30, 244, 104958 }, // ⁐
    { 23, 39, 20, -1, 30, 225, 105202 }, // ⁑
    { 16, 27, 16, 0, 27, 108, 105427 }, // ⁒
    { 36, 8, 38, 1, 15, 72, 105535 }, // ⁓
    { 20, 9, 20, -4, 0, 45, 105607 }, // ⁔
    { 21, 20, 22, 0, 20, 105, 105652 }, // ⁕
    { 19, 27, 21, 1, 27, 129, 105757 }, // ⁖
    { 34, 10, 33, 2, 27, 85, 105886 }, // ⁗
    { 29, 27, 32, 1, 27, 196, 105971 }, // ⁘
    { 29, 27, 32, 1, 27, 196, 106167 }, // ⁙
    { 8, 27, 10, 1, 27, 54, 106363 }, // ⁚
    { 24, 30, 27, 1, 30, 180, 106417 }, // ⁛
    { 29, 29, 31, 1, 28, 211, 106597 }, // ⁜
    { 7, 29, 11, 2, 29, 51, 106808 }, // ⁝
    { 7, 27, 11, 2, 27, 48, 106859 }, // ⁞
    { 0, 0, 8, 0, 0, 0, 106907 }, //  
    { 0, 0, 23, 0, 0, 0, 106907 }, // ⁠
    { 0, 0, 23, 0, 0, 0, 106907 }, // ⁡
    { 0, 0, 23, 0, 0, 0, 106907 }, // ⁢
    { 0, 0, 23, 0, 0, 0, 106907 }, // ⁣
    { 0, 0, 23, 0, 0, 0, 106907 }, // ⁤
    { 0, 0, 23, 0, 0, 0, 106907 }, // ⁦
    { 0, 0, 23, 0, 0, 0, 106907 }, // ⁧
    { 0, 0, 23, 0, 0, 0, 106907 }, // ⁨
    { 0, 0, 23, 0, 0, 0, 106907 }, // ⁩
    { 10, 32, 0, -5, 26, 80, 106907 }, // ⁪
    { 10, 32, 0, -5, 26, 80, 106987 }, // ⁫
    { 10, 31, 0, -5, 26, 78, 107067 }, // ⁬
    { 10, 32, 0, -5, 27, 80, 107145 }, // ⁭
    { 10, 32, 0, -5, 27, 80, 107225 }, // ⁮
    { 10, 32, 0, -5, 26, 80, 107305 }, // ⁯
    { 14, 17, 14, 3, 32, 60, 107385 }, // ⁰
    { 9, 17, 9, 2, 28, 39, 107445 }, // ⁱ
    { 15, 17, 14, 1, 32, 64, 107484 }, // ⁴
    { 15, 17, 14, 2, 32, 64, 107548 }, // ⁵
    { 14, 17, 14, 3, 32, 60, 107612 }, // ⁶
    { 15, 17, 14, 3, 32, 64, 107672 }, // ⁷
    { 15, 17, 14, 2, 32, 64, 107736 }, // ⁸
    { 14, 17, 14, 3, 32, 60, 107800 }, // ⁹
    { 12, 11, 14, 4, 28, 33, 107860 }, // ⁺
    { 12, 3, 14, 4, 23, 9, 107893 }, // ⁻
    { 12, 7, 15, 4, 26, 21, 107902 }, // ⁼
    { 10, 21, 8, 4, 34, 53, 107923 }, // ⁽
    { 10, 21, 8, 0, 34, 53, 107976 }, // ⁾
    { 14, 12, 15, 2, 23, 42, 108029 }, // ⁿ
    { 14, 17, 14, -1, 12, 60, 108071 }, // ₀
    { 13, 16, 14, -1, 11, 52, 108131 }, // ₁
    { 14, 17, 14, -2, 12, 60, 108183 }, // ₂
    { 14, 17, 14, -2, 12, 60, 108243 }, // ₃
    { 15, 17, 14, -3, 12, 64, 108303 }, // ₄
    { 15, 17, 14, -2, 12, 64, 108367 }, // ₅
    { 14, 17, 14, -1, 12, 60, 108431 }, // ₆
    { 15, 17, 14, -1, 12, 64, 108491 }, // ₇
    { 14, 17, 14, -2, 12, 60, 108555 }, // ₈
    { 13, 17, 14, -1, 12, 56, 108615 }, // ₉
    { 11, 11, 14, 0, 9, 31, 108671 }, // ₊
    { 11, 3, 14, 0, 5, 9, 108702 }, // ₋
    { 12, 7, 15, 0, 6, 21, 108711 }, // ₌
    { 10, 21, 8, 0, 14, 53, 108732 }, // ₍
    { 9, 21, 8, -4, 14, 48, 108785 }, // ₎
    { 14, 13, 14, -1, 9, 46, 108833 }, // ₐ
    { 13, 13, 13, -1, 9, 43, 108879 }, // ₑ
    { 13, 13, 14, -1, 9, 43, 108922 }, // ₒ
    { 17, 13, 13, -4, 9, 56, 108965 }, // ₓ
    { 13, 13, 13, -2, 9, 43, 109021 }, // ₔ
    { 14, 18, 17, -1, 14, 63, 109064 }, // ₕ
    { 16, 18, 15, -1, 14, 72, 109127 }, // ₖ
    { 9, 18, 10, -1, 14, 41, 109199 }, // ₗ
    { 22, 13, 24, -1, 9, 72, 109240 }, // ₘ
    { 14, 13, 15, -2, 9, 46, 109312 }, // ₙ
    { 15, 18, 15, -3, 9, 68, 109358 }, // ₚ
    { 11, 13, 13, -1, 9, 36, 109426 }, // ₛ
    { 10, 16, 10, -1, 12, 40, 109462 }, // ₜ
    { 21, 27, 21, 2, 27, 142, 109502 }, // ₠
    { 23, 31, 21, 1, 29, 179, 109644 }, // ₡
    { 23, 27, 21, 1, 27, 156, 109823 }, // ₢
    { 23, 27, 21, 0, 27, 156, 109979 }, // ₣
    { 24, 27, 21, -1, 27, 162, 110135 }, // ₤
    { 33, 29, 34, 0, 25, 240, 110297 }, // ₥
    { 23, 27, 22, 0, 27, 156, 110537 }, // ₦
    { 31, 27, 32, 1, 27, 210, 110693 }, // ₧
    { 34, 27, 34, 0, 27, 230, 110903 }, // ₨
    { 30, 27, 27, 0, 27, 203, 111133 }, // ₩
    { 32, 27, 32, 1, 27, 216, 111336 }, // ₪
    { 26, 35, 22, 0, 29, 228, 111552 }, // ₫
    { 23, 27, 21, 0, 27, 156, 111780 }, // €
    { 26, 27, 21, 0, 27, 176, 111936 }, // ₭
    { 22, 27, 20, 1, 27, 149, 112112 }, // ₮
    { 37, 36, 38, 0, 27, 333, 112261 }, // ₯
    { 26, 36, 22, -3, 27, 234, 112594 }, // ₰
    { 23, 27, 21, 0, 27, 156, 112828 }, // ₱
    { 24, 32, 26, 2, 29, 192, 112984 }, // ₲
    { 27, 27, 23, -3, 27, 183, 113176 }, // ₳
    { 23, 27, 21, 0, 27, 156, 113359 }, // ₴
    { 23, 33, 23, 2, 29, 190, 113515 }, // ₵
    { 26, 26, 25, 1, 26, 169, 113705 }, // ₶
    { 28, 30, 26, -1, 27, 210, 113874 }, // ₷
    { 22, 27, 20, 1, 27, 149, 114084 }, // ₸
    { 20, 27, 21, 2, 27, 135, 114233 }, // ₹
    { 21, 27, 21, 0, 27, 142, 114368 }, // ₺
    { 24, 27, 24, 2, 27, 162, 114510 }, // ₻
    { 30, 27, 31, -1, 27, 203, 114672 }, // ₼
    { 24, 27, 22, -1, 27, 162, 114875 }, // ₽
    { 26, 31, 23, -1, 31, 202, 115037 }, // ₾
    { 21, 35, 21, 0, 31, 184, 115239 }, // ₿
    { 12, 5, 12, 0, 13, 15, 115423 }, // −
    { 35, 36, 38, 1, 29, 315, 115438 }, // �
};

static const EpdUnicodeInterval notosans_18_bolditalicIntervals[] = {
    { 0x0, 0x0, 0x0 },
    { 0xD, 0xD, 0x1 },
    { 0x20, 0x7E, 0x2 },
    { 0xA0, 0xFF, 0x61 },
    { 0x100, 0x17F, 0xC1 },
    { 0x300, 0x36F, 0x141 },
    { 0x400, 0x4FF, 0x1B1 },
    { 0x2000, 0x2064, 0x2B1 },
    { 0x2066, 0x206F, 0x316 },
    { 0x2070, 0x2071, 0x320 },
    { 0x2074, 0x208E, 0x322 },
    { 0x2090, 0x209C, 0x33D },
    { 0x20A0, 0x20BF, 0x34A },
    { 0x2212, 0x2212, 0x36A },
    { 0xFFFD, 0xFFFD, 0x36B },
};

static const EpdFontData notosans_18_bolditalic = {
    notosans_18_bolditalicBitmaps,
    notosans_18_bolditalicGlyphs,
    notosans_18_bolditalicIntervals,
    15,
    51,
    41,
    -11,
    true,
};
