/**
 * generated by fontconvert.py
 * name: notosans_14_italic
 * size: 14
 * mode: 2-bit
 */
#pragma once
#include "EpdFontData.h"

static const uint8_t notosans_14_italicBitmaps[64776] = {
    0x00, 0x3F, 0x00, 0x1F, 0x80, 0x0B, 0xD0, 0x02, 0xF0, 0x00, 0xFC, 0x00, 0x3E, 0x00, 0x1F, 0x40,
    0x07, 0xC0, 0x02, 0xF0, 0x00, 0xF8, 0x00, 0x3D, 0x00, 0x0F, 0x00, 0x07, 0xC0, 0x02, 0xE0, 0x00,
    0x64, 0x00, 0x00, 0x00, 0x00, 0x00, 0x0B, 0xC0, 0x07, 0xF0, 0x01, 0xFC, 0x00, 0x3D, 0x00, 0x00,
    0x3F, 0x0F, 0xC3, 0xE0, 0xF8, 0x3D, 0x0F, 0x43, 0xC0, 0xF0, 0x7C, 0x1F, 0x0B, 0x41, 0xE0, 0xB0,
    0x2C, 0x0F, 0x02, 0xC0, 0x00, 0x00, 0x78, 0x03, 0xC0, 0x00, 0x00, 0xB4, 0x07, 0x80, 0x00, 0x00,
    0xF0, 0x0B, 0x40, 0x00, 0x00, 0xF0, 0x0F, 0x00, 0x00, 0x02, 0xE0, 0x0F, 0x00, 0x00, 0x03, 0xD0,
    0x2E, 0x00, 0x07, 0xFF, 0xFF, 0xFF, 0xFC, 0x07, 0xFF, 0xFF, 0xFF, 0xFC, 0x00, 0x0B, 0x40, 0x78,
    0x00, 0x00, 0x0F, 0x00, 0xB4, 0x00, 0x00, 0x0F, 0x00, 0xF0, 0x00, 0x00, 0x2E, 0x01, 0xF0, 0x00,
    0x00, 0x3D, 0x02, 0xE0, 0x00, 0x3F, 0xFF, 0xFF, 0xFF, 0xD0, 0x3F, 0xFF, 0xFF, 0xFF, 0xD0, 0x00,
    0xB4, 0x07, 0x80, 0x00, 0x00, 0xF0, 0x0B, 0x40, 0x00, 0x00, 0xF0, 0x0F, 0x00, 0x00, 0x01, 0xE0,
    0x0F, 0x00, 0x00, 0x02, 0xD0, 0x2E, 0x00, 0x00, 0x03, 0xC0, 0x3C, 0x00, 0x00, 0x00, 0x00, 0x0E,
    0x00, 0x00, 0x00, 0x1E, 0x00, 0x00, 0x00, 0x7E, 0x00, 0x00, 0x0B, 0xFF, 0xF8, 0x00, 0x3F, 0xFF,
    0xFC, 0x00, 0xFD, 0x7C, 0x28, 0x01, 0xF4, 0x78, 0x00, 0x02, 0xF0, 0xB4, 0x00, 0x02, 0xF0, 0xF0,
    0x00, 0x01, 0xF4, 0xF0, 0x00, 0x00, 0xFF, 0xE0, 0x00, 0x00, 0x3F, 0xF4, 0x00, 0x00, 0x07, 0xFF,
    0x00, 0x00, 0x03, 0xEF, 0xC0, 0x00, 0x03, 0xC7, 0xD0, 0x00, 0x07, 0x83, 0xE0, 0x00, 0x0B, 0x43,
    0xD0, 0x00, 0x0B, 0x0B, 0xC0, 0x39, 0x0F, 0x6F, 0x80, 0x3F, 0xFF, 0xFF, 0x00, 0x1B, 0xFF, 0xF4,
    0x00, 0x00, 0x2D, 0x00, 0x00, 0x00, 0x2C, 0x00, 0x00, 0x00, 0x3C, 0x00, 0x00, 0x00, 0x24, 0x00,
    0x00, 0x01, 0xFE, 0x00, 0x00, 0xB8, 0x01, 0xFF, 0xE0, 0x00, 0x7C, 0x00, 0xF8, 0x7C, 0x00, 0x3C,
    0x00, 0xB8, 0x0F, 0x40, 0x3D, 0x00, 0x3C, 0x03, 0xD0, 0x2E, 0x00, 0x1F, 0x00, 0xF0, 0x1F, 0x00,
    0x07, 0x80, 0x3C, 0x0F, 0x40, 0x02, 0xE0, 0x1F, 0x0F, 0x80, 0x00, 0xB4, 0x0B, 0x8B, 0xC7, 0xF8,
    0x2E, 0x03, 0xC7, 0xCB, 0xFF, 0x47, 0xC7, 0xE3, 0xD7, 0xC2, 0xF0, 0xFF, 0xF2, 0xE3, 0xD0, 0x3C,
    0x0F, 0xE1, 0xF1, 0xF0, 0x0F, 0x00, 0x00, 0xF0, 0xB8, 0x03, 0xC0, 0x00, 0xF4, 0x3D, 0x01, 0xE0,
    0x00, 0xB8, 0x0F, 0x00, 0xB4, 0x00, 0x7C, 0x03, 0xC0, 0x3C, 0x00, 0x3C, 0x00, 0xF4, 0x1F, 0x00,
    0x3D, 0x00, 0x2E, 0x1F, 0x40, 0x2E, 0x00, 0x07, 0xFF, 0x80, 0x1F, 0x00, 0x00, 0x7F, 0x40, 0x00,
    0x00, 0x00, 0xBF, 0x90, 0x00, 0x00, 0x1F, 0xFF, 0xD0, 0x00, 0x01, 0xFD, 0x1F, 0xC0, 0x00, 0x0B,
    0xC0, 0x1F, 0x00, 0x00, 0x3E, 0x00, 0x3C, 0x00, 0x00, 0xF8, 0x01, 0xF0, 0x00, 0x03, 0xE0, 0x0F,
    0x40, 0x00, 0x07, 0xC1, 0xF8, 0x00, 0x00, 0x0F, 0xBF, 0x40, 0x00, 0x00, 0x3F, 0xD0, 0x00, 0x00,
    0x0B, 0xFF, 0x00, 0x00, 0x00, 0xFD, 0x3F, 0x00, 0x3E, 0x0F, 0xC0, 0x7E, 0x01, 0xF0, 0xBC, 0x00,
    0xBD, 0x0F, 0x83, 0xE0, 0x00, 0xFC, 0xFC, 0x0F, 0x40, 0x00, 0xFF, 0xC0, 0x3E, 0x00, 0x01, 0xFC,
    0x00, 0xFC, 0x00, 0x1F, 0xF0, 0x01, 0xFD, 0x07, 0xFF, 0xF0, 0x02, 0xFF, 0xFF, 0x87, 0xE0, 0x01,
    0xFF, 0xD0, 0x0B, 0xD0, 0x3F, 0x3E, 0x3D, 0x3C, 0x7C, 0xB4, 0xB0, 0xF0, 0x00, 0x03, 0xD0, 0x00,
    0xF4, 0x00, 0x3E, 0x00, 0x0B, 0xC0, 0x00, 0xF4, 0x00, 0x3E, 0x00, 0x07, 0xC0, 0x00, 0xF8, 0x00,
    0x1F, 0x40, 0x02, 0xF0, 0x00, 0x3E, 0x00, 0x03, 0xD0, 0x00, 0x7C, 0x00, 0x0B, 0xC0, 0x00, 0xBC,
    0x00, 0x0F, 0x80, 0x00, 0xF8, 0x00, 0x0F, 0x80, 0x00, 0xF8, 0x00, 0x0B, 0xC0, 0x00, 0xBC, 0x00,
    0x07, 0xC0, 0x00, 0x3C, 0x00, 0x02, 0xE0, 0x00, 0x0F, 0x00, 0x00, 0x60, 0x00, 0x00, 0x0B, 0x40,
    0x00, 0x0F, 0x00, 0x00, 0x3D, 0x00, 0x00, 0xB8, 0x00, 0x01, 0xF0, 0x00, 0x07, 0xC0, 0x00, 0x1F,
    0x00, 0x00, 0x3C, 0x00, 0x00, 0xF4, 0x00, 0x03, 0xC0, 0x00, 0x1F, 0x00, 0x00, 0x7C, 0x00, 0x02,
    0xF0, 0x00, 0x0B, 0xC0, 0x00, 0x3E, 0x00, 0x01, 0xF4, 0x00, 0x0B, 0xC0, 0x00, 0x3E, 0x00, 0x01,
    0xF0, 0x00, 0x0F, 0x80, 0x00, 0xBC, 0x00, 0x03, 0xD0, 0x00, 0x3E, 0x00, 0x02, 0xF0, 0x00, 0x1F,
    0x00, 0x00, 0x60, 0x00, 0x00, 0x00, 0x06, 0x40, 0x00, 0x00, 0x7C, 0x00, 0x00, 0x0B, 0x80, 0x01,
    0x00, 0xB4, 0x00, 0xBD, 0x0F, 0x00, 0x0B, 0xFD, 0xE0, 0x00, 0x06, 0xFF, 0xFF, 0xD0, 0x07, 0xFB,
    0xFD, 0x01, 0xFB, 0x00, 0x00, 0x7C, 0x78, 0x00, 0x1F, 0x43, 0xC0, 0x02, 0xE0, 0x3E, 0x00, 0x08,
    0x01, 0xF0, 0x00, 0x00, 0x09, 0x00, 0x00, 0x0F, 0x00, 0x00, 0x00, 0xF0, 0x00, 0x00, 0x0F, 0x00,
    0x00, 0x00, 0xF0, 0x00, 0x00, 0x0F, 0x00, 0x00, 0x01, 0xF0, 0x00, 0xFF, 0xFF, 0xFF, 0xFF, 0xFF,
    0xFF, 0xFF, 0x00, 0x0F, 0x00, 0x00, 0x00, 0xF0, 0x00, 0x00, 0x0F, 0x00, 0x00, 0x00, 0xF0, 0x00,
    0x00, 0x0F, 0x00, 0x00, 0x00, 0xF0, 0x00, 0x02, 0xF4, 0x0F, 0xC0, 0x7D, 0x02, 0xF0, 0x0F, 0x40,
    0xB8, 0x03, 0xC0, 0x00, 0x00, 0x00, 0x0F, 0xFF, 0xC3, 0xFF, 0xF0, 0x2F, 0x1F, 0xC7, 0xF0, 0xF4,
    0x00, 0x00, 0x00, 0xF8, 0x00, 0x00, 0x0B, 0xC0, 0x00, 0x00, 0x3D, 0x00, 0x00, 0x02, 0xF0, 0x00,
    0x00, 0x0F, 0x40, 0x00, 0x00, 0xFC, 0x00, 0x00, 0x07, 0xD0, 0x00, 0x00, 0x3E, 0x00, 0x00, 0x01,
    0xF0, 0x00, 0x00, 0x0F, 0x80, 0x00, 0x00, 0xBC, 0x00, 0x00, 0x03, 0xE0, 0x00, 0x00, 0x2F, 0x00,
    0x00, 0x00, 0xF4, 0x00, 0x00, 0x0F, 0xC0, 0x00, 0x00, 0x7D, 0x00, 0x00, 0x03, 0xF0, 0x00, 0x00,
    0x1F, 0x00, 0x00, 0x00, 0xF8, 0x00, 0x00, 0x0B, 0xC0, 0x00, 0x00, 0x3E, 0x00, 0x00, 0x00, 0x00,
    0x06, 0xFE, 0x00, 0x00, 0xBF, 0xFF, 0x00, 0x0F, 0xE0, 0xBF, 0x00, 0xBD, 0x00, 0xBC, 0x03, 0xE0,
    0x01, 0xF4, 0x2F, 0x00, 0x03, 0xE0, 0xF8, 0x00, 0x0F, 0x87, 0xD0, 0x00, 0x3E, 0x2F, 0x00, 0x00,
    0xF8, 0xFC, 0x00, 0x03, 0xD3, 0xE0, 0x00, 0x1F, 0x4F, 0x40, 0x00, 0xBC, 0x7D, 0x00, 0x03, 0xF1,
    0xF4, 0x00, 0x0F, 0x87, 0xD0, 0x00, 0x7D, 0x1F, 0x40, 0x03, 0xF0, 0x3E, 0x00, 0x1F, 0x40, 0xFC,
    0x00, 0xFC, 0x01, 0xF8, 0x1F, 0xC0, 0x02, 0xFF, 0xFC, 0x00, 0x01, 0xFF, 0x40, 0x00, 0x00, 0x0F,
    0xC0, 0x2F, 0xE0, 0x7F, 0xF4, 0xBF, 0xBC, 0xBF, 0x2F, 0x0D, 0x0F, 0xC0, 0x03, 0xE0, 0x00, 0xF4,
    0x00, 0x7C, 0x00, 0x2F, 0x00, 0x0F, 0x80, 0x03, 0xE0, 0x01, 0xF4, 0x00, 0xBC, 0x00, 0x2F, 0x00,
    0x0F, 0x80, 0x03, 0xD0, 0x01, 0xF0, 0x00, 0xBC, 0x00, 0x3F, 0x00, 0x0F, 0x80, 0x00, 0x00, 0x06,
    0xFF, 0x80, 0x00, 0x3F, 0xFF, 0xF0, 0x00, 0xFE, 0x42, 0xFC, 0x00, 0x20, 0x00, 0xBC, 0x00, 0x00,
    0x00, 0x7D, 0x00, 0x00, 0x00, 0x7D, 0x00, 0x00, 0x00, 0x7C, 0x00, 0x00, 0x00, 0xFC, 0x00, 0x00,
    0x01, 0xF4, 0x00, 0x00, 0x07, 0xF0, 0x00, 0x00, 0x1F, 0xC0, 0x00, 0x00, 0x7F, 0x00, 0x00, 0x01,
    0xFC, 0x00, 0x00, 0x0B, 0xF0, 0x00, 0x00, 0x2F, 0xC0, 0x00, 0x00, 0xBE, 0x00, 0x00, 0x03, 0xF8,
    0x00, 0x00, 0x0F, 0xD0, 0x00, 0x00, 0x3F, 0x40, 0x00, 0x00, 0xBF, 0xFF, 0xFF, 0xD0, 0xFF, 0xFF,
    0xFF, 0xC0, 0x00, 0x06, 0xFF, 0x80, 0x00, 0x7F, 0xFF, 0xF0, 0x00, 0xFE, 0x42, 0xFC, 0x00, 0x10,
    0x00, 0xBC, 0x00, 0x00, 0x00, 0x7D, 0x00, 0x00, 0x00, 0x7C, 0x00, 0x00, 0x00, 0xFC, 0x00, 0x00,
    0x02, 0xF4, 0x00, 0x00, 0x1F, 0xD0, 0x00, 0x3F, 0xFD, 0x00, 0x00, 0x3F, 0xFD, 0x00, 0x00, 0x00,
    0x2F, 0x80, 0x00, 0x00, 0x0B, 0xD0, 0x00, 0x00, 0x03, 0xE0, 0x00, 0x00, 0x03, 0xE0, 0x00, 0x00,
    0x03, 0xE0, 0x00, 0x00, 0x07, 0xD0, 0x00, 0x00, 0x0F, 0xC0, 0x7E, 0x41, 0xBF, 0x40, 0x7F, 0xFF,
    0xFD, 0x00, 0x0B, 0xFF, 0xD0, 0x00, 0x00, 0x00, 0x00, 0xFC, 0x00, 0x00, 0x03, 0xFC, 0x00, 0x00,
    0x0B, 0xFC, 0x00, 0x00, 0x2F, 0xB8, 0x00, 0x00, 0x7C, 0xF4, 0x00, 0x01, 0xF4, 0xF0, 0x00, 0x03,
    0xE1, 0xF0, 0x00, 0x0F, 0x82, 0xF0, 0x00, 0x3F, 0x03, 0xE0, 0x00, 0xBC, 0x03, 0xD0, 0x01, 0xF0,
    0x07, 0xC0, 0x07, 0xD0, 0x0B, 0xC0, 0x0F, 0x80, 0x0F, 0x80, 0x3E, 0x00, 0x0F, 0x80, 0x7F, 0xFF,
    0xFF, 0xFE, 0xBF, 0xFF, 0xFF, 0xFD, 0x15, 0x55, 0x7F, 0x54, 0x00, 0x00, 0x3E, 0x00, 0x00, 0x00,
    0x3D, 0x00, 0x00, 0x00, 0x7C, 0x00, 0x00, 0x00, 0x7C, 0x00, 0x00, 0x3F, 0xFF, 0xF8, 0x01, 0xFF,
    0xFF, 0xD0, 0x0B, 0x80, 0x00, 0x00, 0x3D, 0x00, 0x00, 0x01, 0xF0, 0x00, 0x00, 0x0B, 0xC0, 0x00,
    0x00, 0x3E, 0x00, 0x00, 0x00, 0xF0, 0x00, 0x00, 0x07, 0xFF, 0xF4, 0x00, 0x2F, 0xFF, 0xFC, 0x00,
    0x14, 0x07, 0xF8, 0x00, 0x00, 0x03, 0xF0, 0x00, 0x00, 0x0B, 0xC0, 0x00, 0x00, 0x2F, 0x00, 0x00,
    0x00, 0xBC, 0x00, 0x00, 0x03, 0xF0, 0x00, 0x00, 0x0F, 0x81, 0x00, 0x00, 0xFC, 0x0F, 0x90, 0x6F,
    0xD0, 0x3F, 0xFF, 0xFD, 0x00, 0x1F, 0xFE, 0x40, 0x00, 0x00, 0x00, 0x6F, 0xF8, 0x00, 0x1F, 0xFF,
    0xE0, 0x02, 0xFE, 0x41, 0x00, 0x2F, 0x80, 0x00, 0x01, 0xF8, 0x00, 0x00, 0x0F, 0xC0, 0x00, 0x00,
    0x7D, 0x00, 0x00, 0x03, 0xF0, 0x00, 0x00, 0x0F, 0x4B, 0xFD, 0x00, 0x7D, 0xFF, 0xFE, 0x02, 0xFF,
    0x41, 0xFC, 0x0F, 0xE0, 0x01, 0xF4, 0x3F, 0x00, 0x03, 0xE0, 0xF8, 0x00, 0x0F, 0x83, 0xD0, 0x00,
    0x3D, 0x0F, 0x40, 0x01, 0xF0, 0x3E, 0x00, 0x0B, 0xC0, 0xFC, 0x00, 0x7D, 0x01, 0xFD, 0x1B, 0xE0,
    0x02, 0xFF, 0xFE, 0x00, 0x01, 0xBF, 0x90, 0x00, 0x2F, 0xFF, 0xFF, 0xF4, 0xBF, 0xFF, 0xFF, 0xC0,
    0x00, 0x00, 0x3F, 0x00, 0x00, 0x02, 0xF0, 0x00, 0x00, 0x0F, 0x80, 0x00, 0x00, 0xBC, 0x00, 0x00,
    0x07, 0xD0, 0x00, 0x00, 0x3F, 0x00, 0x00, 0x01, 0xF4, 0x00, 0x00, 0x0F, 0x80, 0x00, 0x00, 0xBC,
    0x00, 0x00, 0x03, 0xE0, 0x00, 0x00, 0x2F, 0x00, 0x00, 0x01, 0xF4, 0x00, 0x00, 0x0F, 0xC0, 0x00,
    0x00, 0x7D, 0x00, 0x00, 0x03, 0xE0, 0x00, 0x00, 0x2F, 0x00, 0x00, 0x00, 0xF8, 0x00, 0x00, 0x0F,
    0xC0, 0x00, 0x00, 0x7D, 0x00, 0x00, 0x00, 0x00, 0x06, 0xFF, 0x40, 0x00, 0xFF, 0xFF, 0x80, 0x0F,
    0xE0, 0x7F, 0x40, 0x7D, 0x00, 0x3E, 0x02, 0xF0, 0x00, 0xFC, 0x0B, 0xC0, 0x03, 0xE0, 0x2F, 0x00,
    0x0F, 0x40, 0x3D, 0x00, 0xFC, 0x00, 0xBD, 0x1F, 0x80, 0x00, 0xBF, 0xF4, 0x00, 0x0B, 0xFF, 0x80,
    0x01, 0xFD, 0x2F, 0xC0, 0x1F, 0x80, 0x1F, 0x80, 0xF8, 0x00, 0x2F, 0x0B, 0xC0, 0x00, 0x7C, 0x2F,
    0x00, 0x01, 0xF0, 0xBC, 0x00, 0x0B, 0xC1, 0xF8, 0x00, 0x3F, 0x03, 0xF9, 0x0B, 0xF0, 0x07, 0xFF,
    0xFF, 0x40, 0x02, 0xFF, 0xD0, 0x00, 0x00, 0x1B, 0xFD, 0x00, 0x02, 0xFF, 0xFE, 0x00, 0x2F, 0x91,
    0xFD, 0x01, 0xF4, 0x00, 0xFC, 0x0F, 0xC0, 0x01, 0xF0, 0x3D, 0x00, 0x07, 0xC1, 0xF0, 0x00, 0x1F,
    0x07, 0xC0, 0x00, 0xBC, 0x1F, 0x00, 0x03, 0xF0, 0x7E, 0x00, 0x2F, 0xC0, 0xFE, 0x07, 0xFF, 0x01,
    0xFF, 0xFD, 0xF8, 0x00, 0xBF, 0x87, 0xD0, 0x00, 0x00, 0x2F, 0x00, 0x00, 0x00, 0xF8, 0x00, 0x00,
    0x0B, 0xC0, 0x00, 0x00, 0x3E, 0x00, 0x00, 0x03, 0xF0, 0x05, 0x41, 0xBF, 0x00, 0x2F, 0xFF, 0xF0,
    0x00, 0x7F, 0xF9, 0x00, 0x00, 0x01, 0xF0, 0x0F, 0xE0, 0x3F, 0x40, 0xB8, 0x00, 0x00, 0x00, 0x00,
    0x00, 0x00, 0x00, 0x00, 0x00, 0x00, 0x00, 0x00, 0x00, 0x00, 0x2F, 0x01, 0xFC, 0x07, 0xF0, 0x0F,
    0x40, 0x00, 0x1F, 0x00, 0x0F, 0xE0, 0x03, 0xF4, 0x00, 0xB8, 0x00, 0x00, 0x00, 0x00, 0x00, 0x00,
    0x00, 0x00, 0x00, 0x00, 0x00, 0x00, 0x00, 0x00, 0x00, 0x00, 0x00, 0x00, 0x00, 0x00, 0x00, 0xFC,
    0x00, 0x3E, 0x00, 0x2F, 0x00, 0x0F, 0x80, 0x07, 0xC0, 0x03, 0xD0, 0x00, 0xF0, 0x00, 0x00, 0x00,
    0x00, 0x10, 0x00, 0x00, 0x2F, 0x00, 0x00, 0x2F, 0xE0, 0x00, 0x2F, 0xE0, 0x00, 0x2F, 0xE0, 0x00,
    0x2F, 0xD0, 0x00, 0x2F, 0xD0, 0x00, 0x0F, 0xD0, 0x00, 0x00, 0xBF, 0x80, 0x00, 0x00, 0xBF, 0xD0,
    0x00, 0x00, 0x7F, 0xD0, 0x00, 0x00, 0x7F, 0xE0, 0x00, 0x00, 0x6F, 0xE0, 0x00, 0x00, 0x2F, 0x00,
    0x00, 0x00, 0x10, 0xFF, 0xFF, 0xFF, 0xEF, 0xFF, 0xFF, 0xFE, 0x00, 0x00, 0x00, 0x00, 0x00, 0x00,
    0x00, 0x00, 0x00, 0x00, 0x00, 0x00, 0x00, 0x00, 0xFF, 0xFF, 0xFF, 0xEF, 0xFF, 0xFF, 0xFE, 0x80,
    0x00, 0x00, 0x0F, 0x80, 0x00, 0x00, 0xBF, 0x80, 0x00, 0x00, 0xBF, 0x80, 0x00, 0x00, 0xBF, 0x80,
    0x00, 0x00, 0xBF, 0x80, 0x00, 0x00, 0x7F, 0x80, 0x00, 0x00, 0xBF, 0x00, 0x00, 0x2F, 0xE0, 0x00,
    0x7F, 0xE0, 0x00, 0xBF, 0xD0, 0x01, 0xBF, 0x90, 0x00, 0xFF, 0x80, 0x00, 0x0F, 0x80, 0x00, 0x00,
    0x40, 0x00, 0x00, 0x00, 0x06, 0xFF, 0x80, 0x3F, 0xFF, 0xF4, 0x2E, 0x42, 0xFC, 0x00, 0x00, 0xBC,
    0x00, 0x00, 0x7C, 0x00, 0x00, 0x7C, 0x00, 0x00, 0xFC, 0x00, 0x02, 0xF4, 0x00, 0x0B, 0xE0, 0x00,
    0x3F, 0x40, 0x00, 0xFD, 0x00, 0x03, 0xF0, 0x00, 0x0B, 0xC0, 0x00, 0x0F, 0x00, 0x00, 0x0E, 0x00,
    0x00, 0x00, 0x00, 0x00, 0x00, 0x00, 0x00, 0x3E, 0x00, 0x00, 0xBF, 0x00, 0x00, 0xBF, 0x00, 0x00,
    0x7C, 0x00, 0x00, 0x00, 0x00, 0x0B, 0xFF, 0xE0, 0x00, 0x00, 0x07, 0xFF, 0xFF, 0xF8, 0x00, 0x00,
    0xBF, 0x90, 0x17, 0xF8, 0x00, 0x0F, 0xD0, 0x00, 0x01, 0xF4, 0x00, 0xFC, 0x00, 0x00, 0x02, 0xF0,
    0x0F, 0xC0, 0x00, 0x00, 0x03, 0xD0, 0x7C, 0x00, 0xBF, 0xF8, 0x0B, 0x83, 0xD0, 0x1F, 0xFF, 0xF0,
    0x1F, 0x1F, 0x00, 0xFD, 0x07, 0xC0, 0x3C, 0xF4, 0x0F, 0x80, 0x2E, 0x00, 0xF3, 0xC0, 0x7C, 0x00,
    0xF4, 0x07, 0xDF, 0x02, 0xE0, 0x03, 0xC0, 0x1E, 0x7C, 0x0F, 0x40, 0x1F, 0x00, 0xB9, 0xE0, 0x3C,
    0x00, 0xF8, 0x03, 0xC7, 0xC0, 0xF4, 0x07, 0xE0, 0x2F, 0x1F, 0x03, 0xE0, 0x7B, 0xC2, 0xF0, 0x3C,
    0x07, 0xFF, 0x8F, 0xFF, 0x40, 0xF4, 0x0B, 0xF8, 0x1F, 0xF4, 0x02, 0xF0, 0x00, 0x00, 0x00, 0x00,
    0x03, 0xE0, 0x00, 0x00, 0x00, 0x00, 0x0B, 0xE0, 0x00, 0x00, 0x00, 0x00, 0x0B, 0xF9, 0x01, 0x6E,
    0x00, 0x00, 0x07, 0xFF, 0xFF, 0xF4, 0x00, 0x00, 0x01, 0xBF, 0xF9, 0x00, 0x00, 0x00, 0x00, 0x02,
    0xF4, 0x00, 0x00, 0x00, 0xFE, 0x00, 0x00, 0x00, 0xBF, 0x80, 0x00, 0x00, 0x3E, 0xF0, 0x00, 0x00,
    0x3E, 0x7C, 0x00, 0x00, 0x1F, 0x1F, 0x00, 0x00, 0x0F, 0x83, 0xC0, 0x00, 0x07, 0xC0, 0xF4, 0x00,
    0x03, 0xE0, 0x3D, 0x00, 0x01, 0xF0, 0x0F, 0x80, 0x00, 0xF8, 0x03, 0xE0, 0x00, 0xBC, 0x00, 0xBC,
    0x00, 0x3F, 0xFF, 0xFF, 0x00, 0x2F, 0xFF, 0xFF, 0xC0, 0x0F, 0x95, 0x56, 0xF0, 0x0B, 0xC0, 0x00,
    0x7D, 0x03, 0xD0, 0x00, 0x0F, 0x43, 0xF0, 0x00, 0x03, 0xE1, 0xF4, 0x00, 0x00, 0xF8, 0xFC, 0x00,
    0x00, 0x3F, 0x7D, 0x00, 0x00, 0x0B, 0xC0, 0x00, 0xBF, 0xFF, 0x90, 0x00, 0x2F, 0xFF, 0xFF, 0x00,
    0x0F, 0x80, 0x1F, 0xE0, 0x03, 0xD0, 0x00, 0xFC, 0x01, 0xF4, 0x00, 0x2F, 0x00, 0xBC, 0x00, 0x0B,
    0xC0, 0x3F, 0x00, 0x03, 0xF0, 0x0F, 0x80, 0x01, 0xF8, 0x03, 0xD0, 0x02, 0xF8, 0x01, 0xFF, 0xFF,
    0xF4, 0x00, 0xBF, 0xFF, 0xF4, 0x00, 0x3F, 0x00, 0x6F, 0x80, 0x0F, 0x80, 0x02, 0xF4, 0x03, 0xD0,
    0x00, 0x3E, 0x01, 0xF0, 0x00, 0x0F, 0xC0, 0xBC, 0x00, 0x03, 0xF0, 0x3F, 0x00, 0x01, 0xF8, 0x0F,
    0x80, 0x00, 0xFC, 0x07, 0xD0, 0x06, 0xFD, 0x01, 0xFF, 0xFF, 0xFD, 0x00, 0xBF, 0xFF, 0xE4, 0x00,
    0x00, 0x00, 0x01, 0xBF, 0xF9, 0x00, 0x07, 0xFF, 0xFF, 0xC0, 0x07, 0xF9, 0x01, 0xE0, 0x07, 0xF0,
    0x00, 0x00, 0x07, 0xF0, 0x00, 0x00, 0x03, 0xF0, 0x00, 0x00, 0x01, 0xF4, 0x00, 0x00, 0x00, 0xFC,
    0x00, 0x00, 0x00, 0x3E, 0x00, 0x00, 0x00, 0x1F, 0x40, 0x00, 0x00, 0x0B, 0xC0, 0x00, 0x00, 0x03,
    0xF0, 0x00, 0x00, 0x00, 0xFC, 0x00, 0x00, 0x00, 0x3F, 0x00, 0x00, 0x00, 0x0F, 0xC0, 0x00, 0x00,
    0x02, 0xF0, 0x00, 0x00, 0x00, 0x7E, 0x00, 0x00, 0x00, 0x0F, 0xD0, 0x00, 0x00, 0x01, 0xFE, 0x41,
    0x68, 0x00, 0x1F, 0xFF, 0xFE, 0x00, 0x00, 0x7F, 0xFA, 0x00, 0x00, 0x00, 0xBF, 0xFF, 0x80, 0x00,
    0x0B, 0xFF, 0xFF, 0x80, 0x00, 0xF8, 0x06, 0xFF, 0x00, 0x0F, 0x40, 0x03, 0xF4, 0x01, 0xF0, 0x00,
    0x0F, 0xC0, 0x2F, 0x00, 0x00, 0xBC, 0x03, 0xF0, 0x00, 0x07, 0xD0, 0x3E, 0x00, 0x00, 0x3E, 0x03,
    0xD0, 0x00, 0x03, 0xE0, 0x7C, 0x00, 0x00, 0x3E, 0x0B, 0xC0, 0x00, 0x07, 0xD0, 0xFC, 0x00, 0x00,
    0xBD, 0x0F, 0x80, 0x00, 0x0F, 0xC0, 0xF4, 0x00, 0x00, 0xF8, 0x1F, 0x00, 0x00, 0x2F, 0x42, 0xF0,
    0x00, 0x07, 0xF0, 0x3F, 0x00, 0x01, 0xFC, 0x03, 0xE0, 0x00, 0xBF, 0x40, 0x7D, 0x01, 0xBF, 0xD0,
    0x07, 0xFF, 0xFF, 0xE0, 0x00, 0xBF, 0xFF, 0x90, 0x00, 0x00, 0x00, 0xBF, 0xFF, 0xFC, 0x00, 0xBF,
    0xFF, 0xFC, 0x00, 0xF8, 0x00, 0x00, 0x00, 0xF4, 0x00, 0x00, 0x01, 0xF0, 0x00, 0x00, 0x02, 0xF0,
    0x00, 0x00, 0x03, 0xF0, 0x00, 0x00, 0x03, 0xE0, 0x00, 0x00, 0x03, 0xD0, 0x00, 0x00, 0x07, 0xFF,
    0xFF, 0x80, 0x0B, 0xFF, 0xFF, 0x40, 0x0F, 0xC0, 0x00, 0x00, 0x0F, 0x80, 0x00, 0x00, 0x0F, 0x40,
    0x00, 0x00, 0x1F, 0x00, 0x00, 0x00, 0x2F, 0x00, 0x00, 0x00, 0x3F, 0x00, 0x00, 0x00, 0x3E, 0x00,
    0x00, 0x00, 0x7D, 0x00, 0x00, 0x00, 0x7F, 0xFF, 0xFC, 0x00, 0xBF, 0xFF, 0xFC, 0x00, 0x00, 0xBF,
    0xFF, 0xFC, 0x00, 0xBF, 0xFF, 0xFC, 0x00, 0xF8, 0x00, 0x00, 0x00, 0xF4, 0x00, 0x00, 0x01, 0xF0,
    0x00, 0x00, 0x02, 0xF0, 0x00, 0x00, 0x03, 0xF0, 0x00, 0x00, 0x03, 0xE0, 0x00, 0x00, 0x03, 0xD0,
    0x00, 0x00, 0x07, 0xD0, 0x00, 0x00, 0x0B, 0xFF, 0xFF, 0x40, 0x0F, 0xFF, 0xFF, 0x00, 0x0F, 0x80,
    0x00, 0x00, 0x0F, 0x40, 0x00, 0x00, 0x1F, 0x00, 0x00, 0x00, 0x2F, 0x00, 0x00, 0x00, 0x3E, 0x00,
    0x00, 0x00, 0x3E, 0x00, 0x00, 0x00, 0x7D, 0x00, 0x00, 0x00, 0x7C, 0x00, 0x00, 0x00, 0xBC, 0x00,
    0x00, 0x00, 0x00, 0x01, 0xBF, 0xF9, 0x00, 0x00, 0xFF, 0xFF, 0xFC, 0x00, 0x7F, 0x90, 0x1B, 0xC0,
    0x1F, 0xC0, 0x00, 0x00, 0x07, 0xF0, 0x00, 0x00, 0x00, 0xFC, 0x00, 0x00, 0x00, 0x1F, 0x40, 0x00,
    0x00, 0x03, 0xF0, 0x00, 0x00, 0x00, 0x3E, 0x00, 0x00, 0x00, 0x07, 0xD0, 0x00, 0x00, 0x00, 0xBC,
    0x00, 0x2F, 0xFF, 0x0F, 0xC0, 0x03, 0xFF, 0xF0, 0xFC, 0x00, 0x00, 0x3E, 0x0F, 0xC0, 0x00, 0x03,
    0xD0, 0xFC, 0x00, 0x00, 0x7D, 0x0B, 0xC0, 0x00, 0x0B, 0xC0, 0x7E, 0x00, 0x00, 0xFC, 0x03, 0xF4,
    0x00, 0x0F, 0x80, 0x0F, 0xF4, 0x06, 0xF4, 0x00, 0x3F, 0xFF, 0xFF, 0x00, 0x00, 0x6F, 0xFE, 0x40,
    0x00, 0x00, 0x7C, 0x00, 0x00, 0xBC, 0x02, 0xF0, 0x00, 0x03, 0xE0, 0x0F, 0x80, 0x00, 0x0F, 0x40,
    0x3D, 0x00, 0x00, 0x7C, 0x01, 0xF4, 0x00, 0x02, 0xF0, 0x0B, 0xC0, 0x00, 0x0F, 0xC0, 0x2F, 0x00,
    0x00, 0x3E, 0x00, 0xF8, 0x00, 0x00, 0xF4, 0x03, 0xD0, 0x00, 0x07, 0xC0, 0x1F, 0xFF, 0xFF, 0xFF,
    0x00, 0xBF, 0xFF, 0xFF, 0xFC, 0x03, 0xF5, 0x55, 0x57, 0xE0, 0x0F, 0x80, 0x00, 0x0F, 0x40, 0x3D,
    0x00, 0x00, 0x7C, 0x01, 0xF0, 0x00, 0x02, 0xF0, 0x0B, 0xC0, 0x00, 0x0F, 0x80, 0x3F, 0x00, 0x00,
    0x3D, 0x00, 0xF8, 0x00, 0x01, 0xF4, 0x07, 0xD0, 0x00, 0x07, 0xC0, 0x1F, 0x00, 0x00, 0x2F, 0x00,
    0xBC, 0x00, 0x00, 0xF8, 0x00, 0x00, 0x7F, 0xFF, 0x00, 0x0B, 0xFF, 0x40, 0x00, 0x7C, 0x00, 0x00,
    0x2F, 0x00, 0x00, 0x0F, 0xC0, 0x00, 0x03, 0xE0, 0x00, 0x00, 0xF4, 0x00, 0x00, 0x7C, 0x00, 0x00,
    0x2F, 0x00, 0x00, 0x0F, 0x80, 0x00, 0x03, 0xE0, 0x00, 0x00, 0xF4, 0x00, 0x00, 0x7C, 0x00, 0x00,
    0x2F, 0x00, 0x00, 0x0F, 0x80, 0x00, 0x03, 0xD0, 0x00, 0x01, 0xF4, 0x00, 0x00, 0xBC, 0x00, 0x00,
    0x2F, 0x00, 0x00, 0xBF, 0xF8, 0x00, 0x7F, 0xFF, 0x00, 0x00, 0x00, 0x00, 0x07, 0xC0, 0x00, 0x00,
    0xBC, 0x00, 0x00, 0x0F, 0x80, 0x00, 0x00, 0xF4, 0x00, 0x00, 0x1F, 0x40, 0x00, 0x02, 0xF0, 0x00,
    0x00, 0x3F, 0x00, 0x00, 0x03, 0xE0, 0x00, 0x00, 0x3D, 0x00, 0x00, 0x07, 0xC0, 0x00, 0x00, 0xBC,
    0x00, 0x00, 0x0F, 0xC0, 0x00, 0x00, 0xF8, 0x00, 0x00, 0x1F, 0x40, 0x00, 0x01, 0xF0, 0x00, 0x00,
    0x2F, 0x00, 0x00, 0x03, 0xE0, 0x00, 0x00, 0x3E, 0x00, 0x00, 0x07, 0xD0, 0x00, 0x00, 0xBC, 0x00,
    0x00, 0x0F, 0xC0, 0x00, 0x00, 0xF8, 0x00, 0x00, 0x2F, 0x40, 0x00, 0x0B, 0xE0, 0x00, 0xBF, 0xFC,
    0x00, 0x07, 0xFE, 0x00, 0x00, 0x00, 0x00, 0x00, 0x00, 0x00, 0xBC, 0x00, 0x0B, 0xD0, 0x0B, 0xC0,
    0x02, 0xF8, 0x00, 0xF8, 0x00, 0xBE, 0x00, 0x0F, 0x40, 0x2F, 0x80, 0x01, 0xF0, 0x0B, 0xE0, 0x00,
    0x2F, 0x01, 0xF8, 0x00, 0x03, 0xF0, 0x7E, 0x00, 0x00, 0x3E, 0x1F, 0x80, 0x00, 0x03, 0xD7, 0xE0,
    0x00, 0x00, 0x7E, 0xFC, 0x00, 0x00, 0x0B, 0xFF, 0xD0, 0x00, 0x00, 0xFF, 0x3F, 0x00, 0x00, 0x0F,
    0x81, 0xF4, 0x00, 0x00, 0xF4, 0x0F, 0x80, 0x00, 0x1F, 0x00, 0xBC, 0x00, 0x02, 0xF0, 0x03, 0xE0,
    0x00, 0x3E, 0x00, 0x3F, 0x00, 0x03, 0xE0, 0x01, 0xF4, 0x00, 0x7D, 0x00, 0x0F, 0xC0, 0x07, 0xC0,
    0x00, 0xBC, 0x00, 0xBC, 0x00, 0x03, 0xE0, 0x00, 0x00, 0xBC, 0x00, 0x00, 0xBC, 0x00, 0x00, 0xF8,
    0x00, 0x00, 0xF4, 0x00, 0x01, 0xF4, 0x00, 0x02, 0xF0, 0x00, 0x03, 0xF0, 0x00, 0x03, 0xE0, 0x00,
    0x03, 0xD0, 0x00, 0x07, 0xC0, 0x00, 0x0B, 0xC0, 0x00, 0x0F, 0xC0, 0x00, 0x0F, 0x80, 0x00, 0x0F,
    0x40, 0x00, 0x1F, 0x00, 0x00, 0x2F, 0x00, 0x00, 0x3E, 0x00, 0x00, 0x3E, 0x00, 0x00, 0x7E, 0x55,
    0x54, 0x7F, 0xFF, 0xFC, 0xBF, 0xFF, 0xFC, 0x00, 0xBF, 0x40, 0x00, 0x02, 0xFE, 0x00, 0xBF, 0x40,
    0x00, 0x03, 0xFD, 0x00, 0xFF, 0x80, 0x00, 0x0B, 0xFC, 0x00, 0xFB, 0x80, 0x00, 0x1F, 0xBC, 0x01,
    0xF7, 0xC0, 0x00, 0x3E, 0xF8, 0x02, 0xF7, 0xC0, 0x00, 0x7C, 0xF4, 0x03, 0xE3, 0xC0, 0x00, 0xF8,
    0xF4, 0x03, 0xD3, 0xC0, 0x01, 0xF1, 0xF0, 0x03, 0xC3, 0xD0, 0x03, 0xD2, 0xF0, 0x07, 0xC3, 0xD0,
    0x0B, 0xC3, 0xE0, 0x0B, 0xC2, 0xD0, 0x0F, 0x43, 0xD0, 0x0F, 0x82, 0xE0, 0x2F, 0x07, 0xD0, 0x0F,
    0x41, 0xE0, 0x3C, 0x0B, 0xC0, 0x1F, 0x01, 0xF0, 0xB8, 0x0F, 0xC0, 0x1F, 0x00, 0xF0, 0xF0, 0x0F,
    0x80, 0x2F, 0x00, 0xF2, 0xE0, 0x0F, 0x40, 0x3E, 0x00, 0xF7, 0xC0, 0x1F, 0x00, 0x3D, 0x00, 0xFF,
    0x80, 0x2F, 0x00, 0x7C, 0x00, 0xFF, 0x00, 0x3F, 0x00, 0xBC, 0x00, 0xBD, 0x00, 0x3E, 0x00, 0xB8,
    0x00, 0xBC, 0x00, 0x3D, 0x00, 0x00, 0xBE, 0x00, 0x00, 0x3E, 0x00, 0xBF, 0x00, 0x00, 0x3D, 0x00,
    0xFF, 0x40, 0x00, 0x3C, 0x00, 0xFF, 0x80, 0x00, 0x7C, 0x01, 0xFB, 0xC0, 0x00, 0xBC, 0x02, 0xF3,
    0xD0, 0x00, 0xF8, 0x03, 0xE3, 0xE0, 0x00, 0xF4, 0x03, 0xD1, 0xF0, 0x01, 0xF0, 0x03, 0xC0, 0xF4,
    0x02, 0xF0, 0x07, 0xC0, 0xBC, 0x02, 0xF0, 0x0B, 0xC0, 0x7C, 0x03, 0xE0, 0x0F, 0x80, 0x3E, 0x03,
    0xD0, 0x0F, 0x40, 0x2F, 0x07, 0xC0, 0x1F, 0x00, 0x0F, 0x4B, 0xC0, 0x1F, 0x00, 0x0F, 0x8B, 0x80,
    0x2F, 0x00, 0x07, 0xCF, 0x80, 0x3E, 0x00, 0x03, 0xDF, 0x40, 0x3D, 0x00, 0x02, 0xFF, 0x00, 0x7C,
    0x00, 0x01, 0xFF, 0x00, 0xBC, 0x00, 0x00, 0xFE, 0x00, 0xB8, 0x00, 0x00, 0xBD, 0x00, 0x00, 0x01,
    0xFF, 0xE0, 0x00, 0x00, 0xBF, 0xFF, 0xF4, 0x00, 0x0F, 0xF4, 0x0B, 0xF4, 0x00, 0xBE, 0x00, 0x03,
    0xF0, 0x0B, 0xE0, 0x00, 0x07, 0xE0, 0x3F, 0x00, 0x00, 0x0F, 0xC2, 0xF4, 0x00, 0x00, 0x3F, 0x0F,
    0xC0, 0x00, 0x00, 0xBC, 0x7E, 0x00, 0x00, 0x02, 0xF2, 0xF4, 0x00, 0x00, 0x0B, 0xCB, 0xC0, 0x00,
    0x00, 0x3F, 0x3F, 0x00, 0x00, 0x00, 0xFC, 0xFC, 0x00, 0x00, 0x07, 0xE3, 0xF0, 0x00, 0x00, 0x2F,
    0x4F, 0xC0, 0x00, 0x00, 0xFC, 0x2F, 0x00, 0x00, 0x0B, 0xE0, 0x7E, 0x00, 0x00, 0x7F, 0x00, 0xFD,
    0x00, 0x07, 0xF0, 0x00, 0xFE, 0x41, 0xFF, 0x40, 0x01, 0xFF, 0xFF, 0xF0, 0x00, 0x00, 0x6F, 0xF9,
    0x00, 0x00, 0x00, 0xBF, 0xFF, 0x40, 0x00, 0xBF, 0xFF, 0xF0, 0x00, 0xF8, 0x06, 0xFC, 0x00, 0xF4,
    0x00, 0xBC, 0x01, 0xF4, 0x00, 0x3D, 0x02, 0xF0, 0x00, 0x3E, 0x03, 0xF0, 0x00, 0x3D, 0x03, 0xE0,
    0x00, 0x7D, 0x03, 0xD0, 0x00, 0xFC, 0x07, 0xD0, 0x02, 0xF8, 0x0B, 0xC0, 0x6F, 0xF0, 0x0F, 0xFF,
    0xFF, 0x80, 0x0F, 0xFF, 0xE4, 0x00, 0x0F, 0x40, 0x00, 0x00, 0x1F, 0x00, 0x00, 0x00, 0x2F, 0x00,
    0x00, 0x00, 0x3F, 0x00, 0x00, 0x00, 0x3E, 0x00, 0x00, 0x00, 0x7D, 0x00, 0x00, 0x00, 0x7C, 0x00,
    0x00, 0x00, 0xBC, 0x00, 0x00, 0x00, 0x00, 0x01, 0xFF, 0xE0, 0x00, 0x00, 0xBF, 0xFF, 0xF4, 0x00,
    0x0F, 0xF4, 0x0B, 0xF4, 0x00, 0xBE, 0x00, 0x03, 0xF0, 0x0B, 0xE0, 0x00, 0x07, 0xE0, 0x3F, 0x00,
    0x00, 0x0F, 0xC2, 0xF4, 0x00, 0x00, 0x3F, 0x0F, 0xC0, 0x00, 0x00, 0xBC, 0x7E, 0x00, 0x00, 0x02,
    0xF2, 0xF4, 0x00, 0x00, 0x0B, 0xCB, 0xC0, 0x00, 0x00, 0x3F, 0x3F, 0x00, 0x00, 0x00, 0xFC, 0xFC,
    0x00, 0x00, 0x07, 0xE3, 0xF0, 0x00, 0x00, 0x2F, 0x4F, 0xC0, 0x00, 0x00, 0xFC, 0x2F, 0x00, 0x00,
    0x0B, 0xD0, 0x7E, 0x00, 0x00, 0x7F, 0x00, 0xFD, 0x00, 0x07, 0xF0, 0x00, 0xFE, 0x41, 0xBF, 0x40,
    0x01, 0xFF, 0xFF, 0xF0, 0x00, 0x00, 0x6F, 0xFD, 0x00, 0x00, 0x00, 0x01, 0xF8, 0x00, 0x00, 0x00,
    0x02, 0xF4, 0x00, 0x00, 0x00, 0x03, 0xF0, 0x00, 0x00, 0x00, 0x07, 0xF0, 0x00, 0x00, 0x00, 0x06,
    0x90, 0x00, 0x00, 0xBF, 0xFF, 0x40, 0x00, 0xBF, 0xFF, 0xF0, 0x00, 0xF8, 0x06, 0xFC, 0x00, 0xF4,
    0x00, 0xBD, 0x01, 0xF0, 0x00, 0x3E, 0x02, 0xF0, 0x00, 0x3E, 0x03, 0xF0, 0x00, 0x3D, 0x03, 0xE0,
    0x00, 0xBC, 0x03, 0xD0, 0x01, 0xFC, 0x07, 0xC0, 0x1B, 0xF0, 0x0B, 0xFF, 0xFF, 0x80, 0x0F, 0xFF,
    0xF8, 0x00, 0x0F, 0x80, 0xF8, 0x00, 0x0F, 0x40, 0xBC, 0x00, 0x1F, 0x00, 0x3D, 0x00, 0x2F, 0x00,
    0x3F, 0x00, 0x3E, 0x00, 0x2F, 0x00, 0x3E, 0x00, 0x0F, 0x80, 0x7D, 0x00, 0x0F, 0xC0, 0x7C, 0x00,
    0x0B, 0xD0, 0xBC, 0x00, 0x03, 0xE0, 0x00, 0x06, 0xFF, 0xD0, 0x00, 0x2F, 0xFF, 0xFC, 0x00, 0xFE,
    0x41, 0xB8, 0x01, 0xF8, 0x00, 0x00, 0x03, 0xF0, 0x00, 0x00, 0x03, 0xF0, 0x00, 0x00, 0x03, 0xF0,
    0x00, 0x00, 0x02, 0xF4, 0x00, 0x00, 0x01, 0xFE, 0x00, 0x00, 0x00, 0x7F, 0xD0, 0x00, 0x00, 0x1F,
    0xF8, 0x00, 0x00, 0x02, 0xFF, 0x00, 0x00, 0x00, 0x3F, 0x80, 0x00, 0x00, 0x0F, 0xC0, 0x00, 0x00,
    0x0F, 0xC0, 0x00, 0x00, 0x0B, 0xC0, 0x00, 0x00, 0x0F, 0xC0, 0x00, 0x00, 0x2F, 0x40, 0x79, 0x01,
    0xFF, 0x00, 0x7F, 0xFF, 0xF8, 0x00, 0x1B, 0xFF, 0x80, 0x00, 0x3F, 0xFF, 0xFF, 0xFC, 0x3F, 0xFF,
    0xFF, 0xFC, 0x00, 0x0F, 0xC0, 0x00, 0x00, 0x0F, 0x80, 0x00, 0x00, 0x0F, 0x80, 0x00, 0x00, 0x1F,
    0x40, 0x00, 0x00, 0x2F, 0x00, 0x00, 0x00, 0x3F, 0x00, 0x00, 0x00, 0x3E, 0x00, 0x00, 0x00, 0x3D,
    0x00, 0x00, 0x00, 0x7D, 0x00, 0x00, 0x00, 0xBC, 0x00, 0x00, 0x00, 0xFC, 0x00, 0x00, 0x00, 0xF8,
    0x00, 0x00, 0x00, 0xF4, 0x00, 0x00, 0x01, 0xF0, 0x00, 0x00, 0x02, 0xF0, 0x00, 0x00, 0x03, 0xF0,
    0x00, 0x00, 0x03, 0xE0, 0x00, 0x00, 0x07, 0xD0, 0x00, 0x00, 0x07, 0xC0, 0x00, 0x00, 0x03, 0xF0,
    0x00, 0x02, 0xF0, 0x0F, 0x80, 0x00, 0x0F, 0x80, 0x3D, 0x00, 0x00, 0x3E, 0x01, 0xF0, 0x00, 0x01,
    0xF4, 0x0B, 0xC0, 0x00, 0x07, 0xC0, 0x3F, 0x00, 0x00, 0x2F, 0x00, 0xF8, 0x00, 0x00, 0xF8, 0x07,
    0xD0, 0x00, 0x03, 0xD0, 0x1F, 0x00, 0x00, 0x1F, 0x40, 0xBC, 0x00, 0x00, 0xBC, 0x03, 0xE0, 0x00,
    0x03, 0xF0, 0x0F, 0x40, 0x00, 0x0F, 0x80, 0x7C, 0x00, 0x00, 0x3D, 0x02, 0xF0, 0x00, 0x01, 0xF0,
    0x0B, 0xC0, 0x00, 0x0B, 0xC0, 0x2F, 0x00, 0x00, 0x3E, 0x00, 0xBC, 0x00, 0x02, 0xF0, 0x01, 0xF8,
    0x00, 0x1F, 0x80, 0x03, 0xFD, 0x57, 0xFC, 0x00, 0x03, 0xFF, 0xFF, 0xC0, 0x00, 0x01, 0xFF, 0xE4,
    0x00, 0x00, 0x7D, 0x00, 0x00, 0x1F, 0x8F, 0x40, 0x00, 0x0F, 0xC3, 0xD0, 0x00, 0x07, 0xD0, 0xF8,
    0x00, 0x03, 0xF0, 0x3E, 0x00, 0x01, 0xF4, 0x0B, 0xC0, 0x00, 0xFC, 0x02, 0xF0, 0x00, 0x7D, 0x00,
    0xBC, 0x00, 0x3F, 0x00, 0x1F, 0x00, 0x1F, 0x40, 0x07, 0xC0, 0x0F, 0xC0, 0x00, 0xF4, 0x07, 0xC0,
    0x00, 0x3D, 0x03, 0xE0, 0x00, 0x0F, 0x41, 0xF0, 0x00, 0x03, 0xE0, 0xF8, 0x00, 0x00, 0xF8, 0x7C,
    0x00, 0x00, 0x2E, 0x3E, 0x00, 0x00, 0x0B, 0xDF, 0x00, 0x00, 0x01, 0xFF, 0x80, 0x00, 0x00, 0x7F,
    0xC0, 0x00, 0x00, 0x0F, 0xD0, 0x00, 0x00, 0x03, 0xF0, 0x00, 0x00, 0x00, 0xF8, 0x00, 0x07, 0xE0,
    0x00, 0x1F, 0x7E, 0x00, 0x02, 0xF8, 0x00, 0x0F, 0xCF, 0xC0, 0x00, 0xFE, 0x00, 0x07, 0xD2, 0xF0,
    0x00, 0xBF, 0xC0, 0x03, 0xF0, 0xBC, 0x00, 0x3E, 0xF0, 0x00, 0xF4, 0x2F, 0x00, 0x2E, 0x7C, 0x00,
    0xBC, 0x0B, 0xC0, 0x0F, 0x5F, 0x00, 0x3E, 0x02, 0xF0, 0x0B, 0xC3, 0xC0, 0x1F, 0x00, 0xBC, 0x03,
    0xD0, 0xF0, 0x0F, 0x80, 0x1F, 0x01, 0xF0, 0x3C, 0x07, 0xC0, 0x07, 0xC0, 0xF4, 0x0F, 0x03, 0xF0,
    0x01, 0xF0, 0x7C, 0x03, 0xC0, 0xF4, 0x00, 0x7C, 0x3E, 0x00, 0xF0, 0xBC, 0x00, 0x1F, 0x1F, 0x00,
    0x3D, 0x3D, 0x00, 0x07, 0xCB, 0x80, 0x0F, 0x5F, 0x00, 0x00, 0xF3, 0xC0, 0x03, 0xDF, 0x80, 0x00,
    0x3E, 0xE0, 0x00, 0xF7, 0xC0, 0x00, 0x0F, 0xF4, 0x00, 0x3F, 0xE0, 0x00, 0x03, 0xFC, 0x00, 0x0B,
    0xF0, 0x00, 0x00, 0xFD, 0x00, 0x02, 0xF8, 0x00, 0x00, 0x3F, 0x00, 0x00, 0xBD, 0x00, 0x00, 0x00,
    0x00, 0x2F, 0x00, 0x00, 0x7D, 0x00, 0x0F, 0x40, 0x01, 0xF8, 0x00, 0x0F, 0xC0, 0x03, 0xF0, 0x00,
    0x07, 0xC0, 0x0F, 0xC0, 0x00, 0x03, 0xD0, 0x2F, 0x00, 0x00, 0x02, 0xF0, 0x7D, 0x00, 0x00, 0x01,
    0xF0, 0xF8, 0x00, 0x00, 0x00, 0xFB, 0xF0, 0x00, 0x00, 0x00, 0xBF, 0xC0, 0x00, 0x00, 0x00, 0x3F,
    0x40, 0x00, 0x00, 0x00, 0xBF, 0x00, 0x00, 0x00, 0x01, 0xFF, 0x40, 0x00, 0x00, 0x03, 0xEB, 0xC0,
    0x00, 0x00, 0x0F, 0xC7, 0xC0, 0x00, 0x00, 0x2F, 0x03, 0xE0, 0x00, 0x00, 0x7D, 0x02, 0xF0, 0x00,
    0x00, 0xF8, 0x01, 0xF0, 0x00, 0x03, 0xF0, 0x00, 0xF8, 0x00, 0x0B, 0xC0, 0x00, 0xBC, 0x00, 0x1F,
    0x40, 0x00, 0x7D, 0x00, 0x3E, 0x00, 0x00, 0x3E, 0x00, 0x3D, 0x00, 0x00, 0xBC, 0x3E, 0x00, 0x01,
    0xF8, 0x2F, 0x00, 0x03, 0xF0, 0x1F, 0x00, 0x0B, 0xC0, 0x0F, 0x40, 0x1F, 0x40, 0x0F, 0x80, 0x3F,
    0x00, 0x0B, 0xC0, 0xBC, 0x00, 0x07, 0xC1, 0xF4, 0x00, 0x03, 0xD3, 0xF0, 0x00, 0x03, 0xEB, 0xC0,
    0x00, 0x02, 0xFF, 0x40, 0x00, 0x01, 0xFF, 0x00, 0x00, 0x00, 0xFC, 0x00, 0x00, 0x00, 0xF8, 0x00,
    0x00, 0x00, 0xF4, 0x00, 0x00, 0x01, 0xF0, 0x00, 0x00, 0x02, 0xF0, 0x00, 0x00, 0x03, 0xE0, 0x00,
    0x00, 0x03, 0xE0, 0x00, 0x00, 0x07, 0xD0, 0x00, 0x00, 0x0B, 0xC0, 0x00, 0x00, 0x00, 0x2F, 0xFF,
    0xFF, 0xE0, 0x03, 0xFF, 0xFF, 0xFD, 0x00, 0x00, 0x00, 0x1F, 0xC0, 0x00, 0x00, 0x03, 0xF4, 0x00,
    0x00, 0x00, 0xBE, 0x00, 0x00, 0x00, 0x2F, 0x80, 0x00, 0x00, 0x07, 0xF0, 0x00, 0x00, 0x00, 0xFC,
    0x00, 0x00, 0x00, 0x3F, 0x40, 0x00, 0x00, 0x0B, 0xE0, 0x00, 0x00, 0x01, 0xFC, 0x00, 0x00, 0x00,
    0x3F, 0x00, 0x00, 0x00, 0x0F, 0xD0, 0x00, 0x00, 0x02, 0xF8, 0x00, 0x00, 0x00, 0x7E, 0x00, 0x00,
    0x00, 0x1F, 0xC0, 0x00, 0x00, 0x03, 0xF0, 0x00, 0x00, 0x00, 0xFD, 0x00, 0x00, 0x00, 0x2F, 0x80,
    0x00, 0x00, 0x03, 0xFF, 0xFF, 0xFF, 0x00, 0x3F, 0xFF, 0xFF, 0xF0, 0x00, 0x00, 0x0F, 0xFE, 0x00,
    0x0F, 0xFD, 0x00, 0x1F, 0x00, 0x00, 0x2F, 0x00, 0x00, 0x3E, 0x00, 0x00, 0x3D, 0x00, 0x00, 0x3C,
    0x00, 0x00, 0x7C, 0x00, 0x00, 0xBC, 0x00, 0x00, 0xF8, 0x00, 0x00, 0xF4, 0x00, 0x00, 0xF0, 0x00,
    0x01, 0xF0, 0x00, 0x02, 0xF0, 0x00, 0x03, 0xE0, 0x00, 0x03, 0xD0, 0x00, 0x07, 0xC0, 0x00, 0x07,
    0xC0, 0x00, 0x0B, 0x80, 0x00, 0x0F, 0x80, 0x00, 0x0F, 0x40, 0x00, 0x1F, 0x00, 0x00, 0x2F, 0x00,
    0x00, 0x2F, 0x00, 0x00, 0x3F, 0xF8, 0x00, 0x3F, 0xF4, 0x00, 0xF8, 0x0B, 0x80, 0x7C, 0x07, 0xC0,
    0x3C, 0x03, 0xD0, 0x3D, 0x02, 0xE0, 0x2E, 0x01, 0xF0, 0x1F, 0x00, 0xF0, 0x0F, 0x40, 0xF4, 0x0B,
    0x80, 0xBC, 0x07, 0xC0, 0x7C, 0x03, 0xC0, 0x3D, 0x03, 0xE0, 0x00, 0x0F, 0xFF, 0x00, 0x0F, 0xFE,
    0x00, 0x00, 0x3D, 0x00, 0x00, 0x7C, 0x00, 0x00, 0x7C, 0x00, 0x00, 0xBC, 0x00, 0x00, 0xF8, 0x00,
    0x00, 0xF4, 0x00, 0x01, 0xF0, 0x00, 0x01, 0xF0, 0x00, 0x02, 0xE0, 0x00, 0x03, 0xE0, 0x00, 0x03,
    0xD0, 0x00, 0x07, 0xC0, 0x00, 0x0B, 0xC0, 0x00, 0x0B, 0x80, 0x00, 0x0F, 0x40, 0x00, 0x0F, 0x40,
    0x00, 0x1F, 0x00, 0x00, 0x2F, 0x00, 0x00, 0x3E, 0x00, 0x00, 0x3D, 0x00, 0x00, 0x3C, 0x00, 0x00,
    0x7C, 0x00, 0x3F, 0xFC, 0x00, 0x3F, 0xF8, 0x00, 0x00, 0x05, 0x00, 0x00, 0x00, 0x3D, 0x00, 0x00,
    0x02, 0xFC, 0x00, 0x00, 0x0F, 0xF4, 0x00, 0x00, 0xB9, 0xF0, 0x00, 0x03, 0xC3, 0xD0, 0x00, 0x1E,
    0x07, 0xC0, 0x00, 0xF0, 0x0F, 0x40, 0x07, 0xC0, 0x1F, 0x00, 0x3D, 0x00, 0x3D, 0x01, 0xF0, 0x00,
    0x7C, 0x0B, 0x40, 0x00, 0xF4, 0x3C, 0x00, 0x01, 0xF2, 0xE0, 0x00, 0x03, 0xD0, 0x00, 0x00, 0x00,
    0x1F, 0xFF, 0xFF, 0xCB, 0xFF, 0xFF, 0xF0, 0x68, 0x07, 0xD0, 0x2F, 0x00, 0xF4, 0x03, 0xC0, 0x00,
    0x1F, 0xF0, 0x3C, 0x00, 0xFF, 0xFD, 0x78, 0x03, 0xF9, 0x1F, 0xF8, 0x0B, 0xE0, 0x07, 0xF4, 0x0F,
    0x80, 0x03, 0xF0, 0x2F, 0x00, 0x03, 0xF0, 0x3F, 0x00, 0x03, 0xE0, 0x3D, 0x00, 0x03, 0xD0, 0x7C,
    0x00, 0x07, 0xD0, 0xBC, 0x00, 0x0F, 0xC0, 0xBC, 0x00, 0x1F, 0xC0, 0xBC, 0x00, 0x3F, 0x80, 0x7D,
    0x00, 0xBF, 0x40, 0x3F, 0x47, 0xDF, 0x00, 0x2F, 0xFF, 0x4F, 0x00, 0x07, 0xF8, 0x1F, 0x00, 0x00,
    0x2F, 0x00, 0x00, 0x00, 0x3F, 0x00, 0x00, 0x00, 0x3E, 0x00, 0x00, 0x00, 0x3D, 0x00, 0x00, 0x00,
    0x7C, 0x00, 0x00, 0x00, 0xBC, 0x00, 0x00, 0x00, 0xF8, 0x2F, 0xD0, 0x00, 0xF5, 0xFF, 0xF4, 0x01,
    0xF7, 0xD1, 0xFC, 0x02, 0xFE, 0x00, 0x7D, 0x02, 0xF8, 0x00, 0x3D, 0x03, 0xF0, 0x00, 0x3D, 0x03,
    0xE0, 0x00, 0x3D, 0x07, 0xC0, 0x00, 0x7D, 0x0B, 0xC0, 0x00, 0xBC, 0x0F, 0xC0, 0x00, 0xFC, 0x0F,
    0x80, 0x01, 0xF8, 0x0F, 0xC0, 0x03, 0xF0, 0x1F, 0xC0, 0x0B, 0xE0, 0x2E, 0xF4, 0x6F, 0xC0, 0x3D,
    0x7F, 0xFF, 0x00, 0x3C, 0x1F, 0xF4, 0x00, 0x00, 0x1B, 0xFE, 0x00, 0x3F, 0xFF, 0xC0, 0x3F, 0x90,
    0x60, 0x2F, 0x40, 0x00, 0x1F, 0x80, 0x00, 0x0B, 0xC0, 0x00, 0x03, 0xE0, 0x00, 0x01, 0xF4, 0x00,
    0x00, 0x7C, 0x00, 0x00, 0x2F, 0x00, 0x00, 0x0B, 0xC0, 0x00, 0x01, 0xF0, 0x00, 0x00, 0x7E, 0x00,
    0x00, 0x0F, 0xE4, 0x1C, 0x00, 0xFF, 0xFF, 0x00, 0x07, 0xFE, 0x40, 0x00, 0x00, 0x00, 0x0F, 0x40,
    0x00, 0x00, 0x07, 0xC0, 0x00, 0x00, 0x02, 0xF0, 0x00, 0x00, 0x00, 0xF8, 0x00, 0x00, 0x00, 0x3D,
    0x00, 0x00, 0x00, 0x1F, 0x00, 0x01, 0xFF, 0x0B, 0xC0, 0x03, 0xFF, 0xF6, 0xF0, 0x03, 0xF8, 0x1F,
    0xF8, 0x02, 0xF4, 0x00, 0xFD, 0x01, 0xF8, 0x00, 0x3F, 0x00, 0xBC, 0x00, 0x0F, 0xC0, 0x3F, 0x00,
    0x03, 0xF0, 0x1F, 0x40, 0x00, 0xF8, 0x07, 0xC0, 0x00, 0x7D, 0x02, 0xF0, 0x00, 0x2F, 0x00, 0xBC,
    0x00, 0x0F, 0xC0, 0x2F, 0x00, 0x0F, 0xE0, 0x07, 0xD0, 0x0B, 0xF4, 0x00, 0xFD, 0x1F, 0x7D, 0x00,
    0x2F, 0xFF, 0x4F, 0x00, 0x01, 0xFE, 0x07, 0xC0, 0x00, 0x00, 0x1F, 0xF8, 0x00, 0x3F, 0xFF, 0xC0,
    0x3F, 0x82, 0xF8, 0x2F, 0x40, 0x3E, 0x0F, 0x40, 0x0F, 0x8B, 0xC0, 0x0B, 0xC3, 0xE0, 0x6F, 0xE1,
    0xFF, 0xFF, 0xD0, 0x7F, 0xFE, 0x40, 0x2F, 0x00, 0x00, 0x0B, 0xC0, 0x00, 0x01, 0xF0, 0x00, 0x00,
    0x3E, 0x00, 0x00, 0x0F, 0xE4, 0x1F, 0x00, 0xFF, 0xFF, 0xC0, 0x0B, 0xFE, 0x40, 0x00, 0x00, 0x00,
    0x00, 0x00, 0x00, 0x00, 0xBF, 0xE0, 0x00, 0x00, 0xBF, 0xF8, 0x00, 0x00, 0x7E, 0x00, 0x00, 0x00,
    0x2F, 0x00, 0x00, 0x00, 0x0F, 0x40, 0x00, 0x00, 0x07, 0xC0, 0x00, 0x00, 0x07, 0xFF, 0xD0, 0x00,
    0x1F, 0xFF, 0xF0, 0x00, 0x00, 0x3E, 0x00, 0x00, 0x00, 0x0F, 0x40, 0x00, 0x00, 0x07, 0xC0, 0x00,
    0x00, 0x02, 0xF0, 0x00, 0x00, 0x00, 0xFC, 0x00, 0x00, 0x00, 0x3E, 0x00, 0x00, 0x00, 0x0F, 0x40,
    0x00, 0x00, 0x07, 0xC0, 0x00, 0x00, 0x02, 0xF0, 0x00, 0x00, 0x00, 0xFC, 0x00, 0x00, 0x00, 0x3E,
    0x00, 0x00, 0x00, 0x0F, 0x40, 0x00, 0x00, 0x07, 0xC0, 0x00, 0x00, 0x02, 0xF0, 0x00, 0x00, 0x00,
    0xF8, 0x00, 0x00, 0x00, 0x3E, 0x00, 0x00, 0x00, 0x1F, 0x40, 0x00, 0x00, 0x0B, 0xC0, 0x00, 0x00,
    0x4B, 0xE0, 0x00, 0x00, 0x7F, 0xF0, 0x00, 0x00, 0x0F, 0xE0, 0x00, 0x00, 0x00, 0x00, 0x07, 0xFD,
    0x0F, 0x00, 0x0F, 0xFF, 0xD7, 0xC0, 0x0F, 0xE0, 0x7F, 0xE0, 0x0B, 0xD0, 0x03, 0xF4, 0x03, 0xE0,
    0x00, 0xFC, 0x02, 0xF0, 0x00, 0x3F, 0x00, 0xFC, 0x00, 0x0F, 0x80, 0x7D, 0x00, 0x03, 0xD0, 0x1F,
    0x00, 0x01, 0xF4, 0x0B, 0xC0, 0x00, 0xFC, 0x02, 0xF0, 0x00, 0x7F, 0x00, 0xBC, 0x00, 0x3F, 0x80,
    0x1F, 0x40, 0x2F, 0xD0, 0x03, 0xF4, 0x7E, 0xF0, 0x00, 0xBF, 0xFD, 0x7C, 0x00, 0x07, 0xF8, 0x2F,
    0x00, 0x00, 0x00, 0x0F, 0x80, 0x00, 0x00, 0x03, 0xD0, 0x00, 0x00, 0x02, 0xF0, 0x00, 0x00, 0x01,
    0xF8, 0x00, 0x79, 0x06, 0xFC, 0x00, 0x1F, 0xFF, 0xFC, 0x00, 0x01, 0xBF, 0xF4, 0x00, 0x00, 0x00,
    0x2F, 0x00, 0x00, 0x00, 0x3E, 0x00, 0x00, 0x00, 0x3E, 0x00, 0x00, 0x00, 0x3D, 0x00, 0x00, 0x00,
    0x7C, 0x00, 0x00, 0x00, 0xBC, 0x00, 0x00, 0x00, 0xF8, 0x2F, 0xD0, 0x00, 0xF5, 0xFF, 0xF8, 0x01,
    0xF7, 0xD1, 0xFC, 0x02, 0xFE, 0x00, 0x7C, 0x02, 0xFC, 0x00, 0x7C, 0x03, 0xF0, 0x00, 0x7C, 0x03,
    0xE0, 0x00, 0xBC, 0x07, 0xD0, 0x00, 0xF8, 0x0B, 0xC0, 0x00, 0xF4, 0x0F, 0xC0, 0x01, 0xF4, 0x0F,
    0x80, 0x02, 0xF0, 0x0F, 0x40, 0x02, 0xF0, 0x1F, 0x00, 0x03, 0xE0, 0x2F, 0x00, 0x03, 0xD0, 0x3E,
    0x00, 0x07, 0xC0, 0x3D, 0x00, 0x0B, 0xC0, 0x00, 0x2E, 0x00, 0x3F, 0x00, 0x3D, 0x00, 0x00, 0x00,
    0x00, 0x00, 0xF8, 0x00, 0xF4, 0x01, 0xF0, 0x02, 0xF0, 0x03, 0xF0, 0x03, 0xE0, 0x03, 0xD0, 0x07,
    0xC0, 0x0B, 0xC0, 0x0F, 0x80, 0x0F, 0x80, 0x1F, 0x40, 0x1F, 0x00, 0x2F, 0x00, 0x3E, 0x00, 0x3D,
    0x00, 0x00, 0x00, 0x2E, 0x00, 0x00, 0x3F, 0x00, 0x00, 0x3D, 0x00, 0x00, 0x00, 0x00, 0x00, 0x00,
    0x00, 0x00, 0xF8, 0x00, 0x00, 0xF4, 0x00, 0x01, 0xF0, 0x00, 0x02, 0xF0, 0x00, 0x03, 0xE0, 0x00,
    0x03, 0xE0, 0x00, 0x03, 0xD0, 0x00, 0x07, 0xC0, 0x00, 0x0B, 0xC0, 0x00, 0x0F, 0x80, 0x00, 0x0F,
    0x40, 0x00, 0x1F, 0x40, 0x00, 0x1F, 0x00, 0x00, 0x2F, 0x00, 0x00, 0x3E, 0x00, 0x00, 0x3D, 0x00,
    0x00, 0x7C, 0x00, 0x00, 0xBC, 0x00, 0x00, 0xBC, 0x00, 0x00, 0xF8, 0x00, 0x03, 0xF0, 0x00, 0xBF,
    0xD0, 0x00, 0xBF, 0x40, 0x00, 0x00, 0x2F, 0x00, 0x00, 0x00, 0x3F, 0x00, 0x00, 0x00, 0x3E, 0x00,
    0x00, 0x00, 0x7D, 0x00, 0x00, 0x00, 0x7C, 0x00, 0x00, 0x00, 0xBC, 0x00, 0x00, 0x00, 0xF8, 0x00,
    0xFC, 0x00, 0xF4, 0x03, 0xF0, 0x01, 0xF0, 0x0F, 0xC0, 0x02, 0xF0, 0x3F, 0x00, 0x03, 0xF0, 0xFC,
    0x00, 0x03, 0xD3, 0xF0, 0x00, 0x03, 0xDF, 0xC0, 0x00, 0x07, 0xFF, 0xC0, 0x00, 0x0B, 0xFF, 0xD0,
    0x00, 0x0F, 0xD3, 0xF0, 0x00, 0x0F, 0x81, 0xF4, 0x00, 0x1F, 0x40, 0xF8, 0x00, 0x1F, 0x00, 0xBC,
    0x00, 0x2F, 0x00, 0x3E, 0x00, 0x3E, 0x00, 0x2F, 0x00, 0x3D, 0x00, 0x1F, 0x80, 0x00, 0x2F, 0x00,
    0x0F, 0xC0, 0x03, 0xE0, 0x00, 0xF4, 0x00, 0x7C, 0x00, 0x2F, 0x00, 0x0F, 0x80, 0x03, 0xD0, 0x01,
    0xF4, 0x00, 0xBC, 0x00, 0x2F, 0x00, 0x0F, 0x80, 0x03, 0xD0, 0x01, 0xF0, 0x00, 0xBC, 0x00, 0x3F,
    0x00, 0x0F, 0x80, 0x07, 0xD0, 0x01, 0xF0, 0x00, 0xBC, 0x00, 0x3E, 0x00, 0x0F, 0x40, 0x00, 0x00,
    0xF0, 0x2F, 0xC0, 0x1B, 0xF4, 0x00, 0xF1, 0xFF, 0xF0, 0xBF, 0xFD, 0x01, 0xF7, 0x92, 0xF6, 0xF4,
    0x7E, 0x02, 0xFE, 0x00, 0xFF, 0x80, 0x3F, 0x03, 0xF8, 0x00, 0xFE, 0x00, 0x2F, 0x03, 0xF0, 0x00,
    0xFC, 0x00, 0x3F, 0x03, 0xE0, 0x00, 0xF8, 0x00, 0x3E, 0x07, 0xD0, 0x01, 0xF4, 0x00, 0x3D, 0x0B,
    0xC0, 0x02, 0xF0, 0x00, 0x7C, 0x0F, 0xC0, 0x03, 0xF0, 0x00, 0xBC, 0x0F, 0x80, 0x03, 0xE0, 0x00,
    0xF8, 0x1F, 0x40, 0x03, 0xD0, 0x00, 0xF8, 0x1F, 0x00, 0x07, 0xC0, 0x01, 0xF4, 0x2F, 0x00, 0x0B,
    0xC0, 0x02, 0xF0, 0x3E, 0x00, 0x0F, 0xC0, 0x02, 0xF0, 0x3D, 0x00, 0x0F, 0x80, 0x03, 0xE0, 0x00,
    0xF4, 0x2F, 0xD0, 0x01, 0xF1, 0xFF, 0xF8, 0x01, 0xFB, 0xD1, 0xFC, 0x02, 0xFE, 0x00, 0x7D, 0x03,
    0xFC, 0x00, 0x7D, 0x03, 0xF0, 0x00, 0xBC, 0x07, 0xE0, 0x00, 0xFC, 0x0B, 0xD0, 0x00, 0xFC, 0x0B,
    0xC0, 0x00, 0xF8, 0x0F, 0xC0, 0x01, 0xF4, 0x0F, 0x80, 0x02, 0xF0, 0x1F, 0x40, 0x03, 0xF0, 0x2F,
    0x00, 0x03, 0xE0, 0x3F, 0x00, 0x07, 0xE0, 0x3F, 0x00, 0x07, 0xD0, 0x3E, 0x00, 0x0B, 0xC0, 0x00,
    0x1F, 0xF8, 0x00, 0x03, 0xFF, 0xFD, 0x00, 0x3F, 0x81, 0xFC, 0x03, 0xF4, 0x00, 0xF8, 0x1F, 0x40,
    0x03, 0xF0, 0xFC, 0x00, 0x0B, 0xC3, 0xE0, 0x00, 0x2F, 0x1F, 0x40, 0x00, 0xBC, 0x7C, 0x00, 0x03,
    0xF2, 0xF0, 0x00, 0x0F, 0x8B, 0xC0, 0x00, 0x7C, 0x1F, 0x00, 0x03, 0xF0, 0x3E, 0x00, 0x2F, 0x40,
    0xBE, 0x47, 0xF8, 0x00, 0xFF, 0xFF, 0x80, 0x00, 0x7F, 0xE0, 0x00, 0x00, 0x3C, 0x0B, 0xF4, 0x00,
    0x0F, 0x1F, 0xFF, 0x40, 0x07, 0xDF, 0x47, 0xF0, 0x02, 0xFE, 0x00, 0x7D, 0x00, 0xFE, 0x00, 0x0F,
    0x40, 0x3F, 0x00, 0x03, 0xD0, 0x0F, 0x80, 0x00, 0xF4, 0x07, 0xC0, 0x00, 0x7D, 0x02, 0xF0, 0x00,
    0x2F, 0x00, 0xFC, 0x00, 0x0F, 0xC0, 0x3E, 0x00, 0x07, 0xE0, 0x1F, 0xC0, 0x03, 0xF0, 0x07, 0xF0,
    0x02, 0xF8, 0x02, 0xFF, 0x46, 0xFC, 0x00, 0xF9, 0xFF, 0xFC, 0x00, 0x3D, 0x1F, 0xF4, 0x00, 0x1F,
    0x00, 0x00, 0x00, 0x0B, 0xC0, 0x00, 0x00, 0x02, 0xF0, 0x00, 0x00, 0x00, 0xF8, 0x00, 0x00, 0x00,
    0x3D, 0x00, 0x00, 0x00, 0x1F, 0x00, 0x00, 0x00, 0x0B, 0xC0, 0x00, 0x00, 0x00, 0x00, 0x1F, 0xF4,
    0x3C, 0x00, 0xFF, 0xFD, 0x78, 0x03, 0xF8, 0x1F, 0xF8, 0x0B, 0xD0, 0x07, 0xF4, 0x0F, 0x80, 0x03,
    0xF0, 0x2F, 0x00, 0x03, 0xF0, 0x3F, 0x00, 0x03, 0xE0, 0x7D, 0x00, 0x03, 0xD0, 0x7C, 0x00, 0x07,
    0xD0, 0xBC, 0x00, 0x0F, 0xC0, 0xBC, 0x00, 0x1F, 0xC0, 0xBC, 0x00, 0x3F, 0x80, 0x7D, 0x00, 0xBF,
    0x40, 0x3F, 0x47, 0xEF, 0x00, 0x2F, 0xFF, 0x5F, 0x00, 0x07, 0xF8, 0x3F, 0x00, 0x00, 0x00, 0x3E,
    0x00, 0x00, 0x00, 0x3D, 0x00, 0x00, 0x00, 0x7C, 0x00, 0x00, 0x00, 0xBC, 0x00, 0x00, 0x00, 0xFC,
    0x00, 0x00, 0x00, 0xF8, 0x00, 0x00, 0x00, 0xF4, 0x00, 0x00, 0xF0, 0x7F, 0x40, 0x3C, 0xBF, 0xC0,
    0x1F, 0xB9, 0x00, 0x0B, 0xF8, 0x00, 0x03, 0xF8, 0x00, 0x00, 0xFC, 0x00, 0x00, 0x3E, 0x00, 0x00,
    0x1F, 0x00, 0x00, 0x0B, 0xC0, 0x00, 0x03, 0xE0, 0x00, 0x00, 0xF8, 0x00, 0x00, 0x7D, 0x00, 0x00,
    0x1F, 0x00, 0x00, 0x0B, 0xC0, 0x00, 0x03, 0xE0, 0x00, 0x00, 0xF4, 0x00, 0x00, 0x00, 0x7F, 0xF4,
    0x00, 0xFF, 0xFF, 0xC0, 0xBE, 0x01, 0xD0, 0x3E, 0x00, 0x00, 0x0F, 0x80, 0x00, 0x03, 0xF0, 0x00,
    0x00, 0x7F, 0x40, 0x00, 0x07, 0xFC, 0x00, 0x00, 0x3F, 0xD0, 0x00, 0x01, 0xFC, 0x00, 0x00, 0x1F,
    0x80, 0x00, 0x03, 0xE0, 0x00, 0x01, 0xF4, 0x39, 0x02, 0xFC, 0x0F, 0xFF, 0xFD, 0x00, 0xBF, 0xF8,
    0x00, 0x00, 0x20, 0x00, 0x0B, 0x00, 0x00, 0xF0, 0x00, 0x2F, 0x00, 0x1F, 0xFF, 0xEB, 0xFF, 0xFD,
    0x07, 0xD0, 0x00, 0xBC, 0x00, 0x0F, 0xC0, 0x00, 0xF8, 0x00, 0x0F, 0x40, 0x01, 0xF0, 0x00, 0x2F,
    0x00, 0x03, 0xE0, 0x00, 0x3E, 0x00, 0x03, 0xD0, 0x00, 0x7D, 0x00, 0x07, 0xE0, 0x40, 0x3F, 0xFC,
    0x00, 0xBF, 0x80, 0x03, 0xD0, 0x00, 0xBC, 0x07, 0xC0, 0x00, 0xF8, 0x0B, 0xC0, 0x00, 0xF8, 0x0F,
    0xC0, 0x00, 0xF4, 0x0F, 0x80, 0x01, 0xF0, 0x0F, 0x40, 0x02, 0xF0, 0x1F, 0x00, 0x03, 0xE0, 0x2F,
    0x00, 0x03, 0xD0, 0x3F, 0x00, 0x07, 0xD0, 0x3E, 0x00, 0x0F, 0xC0, 0x3D, 0x00, 0x0F, 0xC0, 0x7C,
    0x00, 0x3F, 0x80, 0x7D, 0x00, 0xBF, 0x40, 0x3F, 0x47, 0xDF, 0x00, 0x2F, 0xFF, 0x4F, 0x00, 0x0B,
    0xF8, 0x1F, 0x00, 0xBC, 0x00, 0x03, 0xF1, 0xF0, 0x00, 0x2F, 0x07, 0xC0, 0x00, 0xF8, 0x0F, 0x40,
    0x0B, 0xC0, 0x3D, 0x00, 0x3E, 0x00, 0xF8, 0x02, 0xF0, 0x03, 0xE0, 0x0F, 0x80, 0x0F, 0x80, 0xBC,
    0x00, 0x2F, 0x03, 0xE0, 0x00, 0xBC, 0x2F, 0x00, 0x01, 0xF0, 0xF4, 0x00, 0x07, 0xCB, 0xC0, 0x00,
    0x0F, 0x3D, 0x00, 0x00, 0x3E, 0xF0, 0x00, 0x00, 0xFF, 0x40, 0x00, 0x03, 0xFC, 0x00, 0x00, 0x7C,
    0x00, 0x3F, 0x00, 0x0B, 0xC7, 0xC0, 0x07, 0xF4, 0x00, 0xF8, 0x3C, 0x00, 0xBF, 0x40, 0x2F, 0x03,
    0xD0, 0x0F, 0xB4, 0x03, 0xE0, 0x3D, 0x02, 0xEB, 0x40, 0x7C, 0x03, 0xD0, 0x3C, 0xB8, 0x0F, 0x80,
    0x3D, 0x0B, 0x8B, 0x81, 0xF4, 0x03, 0xD0, 0xF0, 0xB8, 0x3F, 0x00, 0x3D, 0x1F, 0x0B, 0x83, 0xD0,
    0x03, 0xD3, 0xD0, 0x78, 0xBC, 0x00, 0x3D, 0x7C, 0x07, 0x8F, 0x40, 0x03, 0xDF, 0x40, 0x79, 0xF0,
    0x00, 0x3D, 0xF0, 0x07, 0xBE, 0x00, 0x03, 0xFD, 0x00, 0x7F, 0xC0, 0x00, 0x3F, 0xC0, 0x03, 0xF8,
    0x00, 0x02, 0xF8, 0x00, 0x3F, 0x00, 0x00, 0x00, 0x7C, 0x00, 0x1F, 0x40, 0x0F, 0x80, 0x1F, 0x80,
    0x02, 0xF0, 0x0F, 0xC0, 0x00, 0x3D, 0x0F, 0xC0, 0x00, 0x0B, 0xCB, 0xC0, 0x00, 0x01, 0xFB, 0xD0,
    0x00, 0x00, 0x3F, 0xE0, 0x00, 0x00, 0x07, 0xE0, 0x00, 0x00, 0x03, 0xF8, 0x00, 0x00, 0x02, 0xFF,
    0x00, 0x00, 0x02, 0xF3, 0xE0, 0x00, 0x01, 0xF4, 0xBC, 0x00, 0x00, 0xF8, 0x0F, 0x40, 0x00, 0xFC,
    0x02, 0xF0, 0x00, 0xFC, 0x00, 0x7D, 0x00, 0xBD, 0x00, 0x0F, 0x80, 0x00, 0xBC, 0x00, 0x03, 0xF0,
    0x01, 0xF0, 0x00, 0x2F, 0x00, 0x03, 0xD0, 0x00, 0xF8, 0x00, 0x0F, 0x40, 0x0B, 0xC0, 0x00, 0x3E,
    0x00, 0x3E, 0x00, 0x00, 0xF8, 0x02, 0xF0, 0x00, 0x02, 0xF0, 0x0F, 0x80, 0x00, 0x07, 0xC0, 0xBC,
    0x00, 0x00, 0x1F, 0x03, 0xD0, 0x00, 0x00, 0x3C, 0x2F, 0x00, 0x00, 0x00, 0xF0, 0xF4, 0x00, 0x00,
    0x03, 0xDB, 0xC0, 0x00, 0x00, 0x0F, 0x7D, 0x00, 0x00, 0x00, 0x2F, 0xF0, 0x00, 0x00, 0x00, 0x7F,
    0x40, 0x00, 0x00, 0x01, 0xF8, 0x00, 0x00, 0x00, 0x07, 0xC0, 0x00, 0x00, 0x00, 0x3E, 0x00, 0x00,
    0x00, 0x02, 0xF0, 0x00, 0x00, 0x00, 0x1F, 0x80, 0x00, 0x00, 0x01, 0xFC, 0x00, 0x00, 0x02, 0xFF,
    0xC0, 0x00, 0x00, 0x0B, 0xF8, 0x00, 0x00, 0x00, 0x00, 0x00, 0xFF, 0xFF, 0xE0, 0x0F, 0xFF, 0xFE,
    0x00, 0x00, 0x0F, 0xC0, 0x00, 0x01, 0xF4, 0x00, 0x00, 0x7D, 0x00, 0x00, 0x0F, 0x80, 0x00, 0x03,
    0xF0, 0x00, 0x00, 0xBC, 0x00, 0x00, 0x1F, 0x00, 0x00, 0x07, 0xD0, 0x00, 0x00, 0xF8, 0x00, 0x00,
    0x3F, 0x00, 0x00, 0x0B, 0xC0, 0x00, 0x02, 0xF4, 0x00, 0x00, 0x3F, 0xFF, 0xFC, 0x07, 0xFF, 0xFF,
    0xC0, 0x00, 0x00, 0xBE, 0x00, 0x03, 0xFD, 0x00, 0x0B, 0xD0, 0x00, 0x0F, 0x80, 0x00, 0x0F, 0x00,
    0x00, 0x1F, 0x00, 0x00, 0x2E, 0x00, 0x00, 0x3E, 0x00, 0x00, 0x3D, 0x00, 0x00, 0x7C, 0x00, 0x00,
    0xB8, 0x00, 0x07, 0xF0, 0x00, 0x7F, 0xC0, 0x00, 0xBF, 0x40, 0x00, 0x0B, 0xD0, 0x00, 0x03, 0xE0,
    0x00, 0x03, 0xE0, 0x00, 0x03, 0xD0, 0x00, 0x03, 0xC0, 0x00, 0x07, 0xC0, 0x00, 0x0B, 0x80, 0x00,
    0x0F, 0x80, 0x00, 0x0F, 0xC0, 0x00, 0x0B, 0xF8, 0x00, 0x02, 0xF8, 0x00, 0x00, 0x00, 0x00, 0x79,
    0xE7, 0x9E, 0x79, 0xE7, 0x9E, 0x79, 0xE7, 0x9E, 0x79, 0xE7, 0x9E, 0x79, 0xE7, 0x9E, 0x79, 0xE7,
    0x9E, 0x79, 0xE7, 0x9E, 0x78, 0x00, 0x1F, 0x80, 0x00, 0x07, 0xFC, 0x00, 0x00, 0x2F, 0x00, 0x00,
    0x03, 0xD0, 0x00, 0x00, 0xF0, 0x00, 0x00, 0x7C, 0x00, 0x00, 0x2E, 0x00, 0x00, 0x0F, 0x80, 0x00,
    0x03, 0xD0, 0x00, 0x00, 0xF0, 0x00, 0x00, 0x3C, 0x00, 0x00, 0x0F, 0xC0, 0x00, 0x00, 0xBF, 0x00,
    0x00, 0xBF, 0x80, 0x00, 0xFD, 0x00, 0x00, 0x7C, 0x00, 0x00, 0x2E, 0x00, 0x00, 0x0F, 0x40, 0x00,
    0x03, 0xC0, 0x00, 0x01, 0xF0, 0x00, 0x00, 0xBC, 0x00, 0x00, 0x3E, 0x00, 0x00, 0x2F, 0x00, 0x00,
    0xFF, 0x80, 0x00, 0x3F, 0x80, 0x00, 0x00, 0x00, 0x00, 0x00, 0x2F, 0xE4, 0x00, 0x1B, 0xFF, 0xF8,
    0x1F, 0xF4, 0x6F, 0xFF, 0xE8, 0x00, 0x1F, 0xF4, 0x00, 0x2E, 0x00, 0x1F, 0xC0, 0x07, 0xF0, 0x00,
    0xF4, 0x00, 0x00, 0x00, 0x00, 0x00, 0x06, 0x00, 0x02, 0xC0, 0x00, 0xF0, 0x00, 0x3C, 0x00, 0x1E,
    0x00, 0x0B, 0x40, 0x03, 0xD0, 0x00, 0xF0, 0x00, 0x7C, 0x00, 0x2F, 0x00, 0x0F, 0x80, 0x07, 0xD0,
    0x02, 0xF4, 0x00, 0xFC, 0x00, 0x3F, 0x00, 0x0A, 0x40, 0x00, 0x00, 0x01, 0xD0, 0x00, 0x00, 0xB4,
    0x00, 0x00, 0x7F, 0xE0, 0x02, 0xFF, 0xFC, 0x03, 0xF4, 0x05, 0x03, 0xF0, 0x00, 0x01, 0xF4, 0x00,
    0x00, 0xF8, 0x00, 0x00, 0x7D, 0x00, 0x00, 0x2F, 0x00, 0x00, 0x0B, 0xC0, 0x00, 0x03, 0xF0, 0x00,
    0x00, 0xFC, 0x00, 0x00, 0x3F, 0x00, 0x00, 0x0B, 0xD0, 0x00, 0x00, 0xFD, 0x01, 0xC0, 0x1F, 0xFF,
    0xF0, 0x01, 0xFF, 0xF4, 0x00, 0x0F, 0x00, 0x00, 0x07, 0x80, 0x00, 0x01, 0xD0, 0x00, 0x00, 0x00,
    0x00, 0x0B, 0xFE, 0x40, 0x00, 0x07, 0xFF, 0xFE, 0x00, 0x00, 0xFD, 0x06, 0xC0, 0x00, 0x2F, 0x00,
    0x00, 0x00, 0x03, 0xE0, 0x00, 0x00, 0x00, 0x7D, 0x00, 0x00, 0x00, 0x07, 0xC0, 0x00, 0x00, 0x00,
    0xBC, 0x00, 0x00, 0x00, 0x0F, 0x80, 0x00, 0x00, 0x00, 0xF8, 0x00, 0x00, 0x03, 0xFF, 0xFF, 0xD0,
    0x00, 0x7F, 0xFF, 0xFC, 0x00, 0x00, 0x2F, 0x00, 0x00, 0x00, 0x03, 0xE0, 0x00, 0x00, 0x00, 0x3D,
    0x00, 0x00, 0x00, 0x07, 0xC0, 0x00, 0x00, 0x00, 0xFC, 0x00, 0x00, 0x00, 0x1F, 0x00, 0x00, 0x00,
    0x0B, 0xD0, 0x00, 0x00, 0x03, 0xFF, 0xFF, 0xFF, 0x80, 0x3F, 0xFF, 0xFF, 0xF4, 0x00, 0x20, 0x00,
    0x02, 0x1F, 0x2F, 0xE3, 0xE3, 0xFF, 0xFF, 0xF0, 0x3F, 0x46, 0xF0, 0x1F, 0x00, 0x2D, 0x0B, 0x40,
    0x03, 0xC3, 0xC0, 0x00, 0xF0, 0xB4, 0x00, 0x3C, 0x1E, 0x00, 0x2E, 0x03, 0xE0, 0x2F, 0x02, 0xFF,
    0xFF, 0xF1, 0xF6, 0xFF, 0x7E, 0x20, 0x00, 0x03, 0x00, 0x00, 0x00, 0x00, 0x0B, 0xC0, 0x00, 0x0F,
    0x81, 0xF0, 0x00, 0x0F, 0xC0, 0x3D, 0x00, 0x07, 0xD0, 0x0B, 0x80, 0x03, 0xE0, 0x01, 0xF0, 0x03,
    0xF0, 0x00, 0x3C, 0x01, 0xF0, 0x00, 0x0F, 0x40, 0xF8, 0x00, 0x02, 0xE0, 0xBC, 0x00, 0x00, 0x7C,
    0x7C, 0x00, 0x00, 0x0F, 0x3D, 0x00, 0x00, 0x03, 0xFF, 0x00, 0x00, 0x3F, 0xFF, 0xFE, 0x00, 0x1F,
    0xFF, 0xFF, 0x40, 0x00, 0x07, 0xC0, 0x00, 0x00, 0x02, 0xF0, 0x00, 0x00, 0xFF, 0xFF, 0xF8, 0x00,
    0x3F, 0xFF, 0xFE, 0x00, 0x00, 0x1F, 0x40, 0x00, 0x00, 0x07, 0xC0, 0x00, 0x00, 0x02, 0xF0, 0x00,
    0x00, 0x00, 0xF8, 0x00, 0x00, 0x00, 0x79, 0xE7, 0x9E, 0x79, 0xE7, 0x9E, 0x79, 0xE7, 0x80, 0x00,
    0x00, 0x00, 0x00, 0x07, 0x9E, 0x79, 0xE7, 0x9E, 0x79, 0xE7, 0x9E, 0x78, 0x00, 0x06, 0xFF, 0x90,
    0x00, 0xBF, 0xFF, 0xC0, 0x07, 0xE4, 0x1A, 0x00, 0x3E, 0x00, 0x00, 0x00, 0xF8, 0x00, 0x00, 0x02,
    0xF4, 0x00, 0x00, 0x03, 0xF8, 0x00, 0x00, 0x0B, 0xFE, 0x00, 0x00, 0xF9, 0xFF, 0x00, 0x0F, 0x40,
    0x7E, 0x00, 0x7C, 0x00, 0xBC, 0x02, 0xE0, 0x01, 0xF0, 0x07, 0xC0, 0x0B, 0x80, 0x0F, 0xD0, 0xBC,
    0x00, 0x1F, 0xFB, 0xC0, 0x00, 0x0B, 0xFC, 0x00, 0x00, 0x02, 0xF8, 0x00, 0x00, 0x02, 0xF0, 0x00,
    0x00, 0x03, 0xC0, 0x00, 0x00, 0x1F, 0x00, 0x39, 0x06, 0xF8, 0x00, 0xFF, 0xFF, 0xC0, 0x01, 0xBF,
    0xE4, 0x00, 0x00, 0x3C, 0x0B, 0x2F, 0x07, 0xD7, 0x80, 0xF0, 0x00, 0x01, 0xBF, 0xE4, 0x00, 0x00,
    0x02, 0xFF, 0xFF, 0xF8, 0x00, 0x00, 0xFF, 0x50, 0x1B, 0xF0, 0x00, 0x3F, 0x40, 0x00, 0x0F, 0xC0,
    0x0B, 0x80, 0x00, 0x00, 0x2F, 0x01, 0xF0, 0x07, 0xFF, 0x80, 0xB4, 0x2C, 0x01, 0xFF, 0xFC, 0x03,
    0xC3, 0x80, 0x3E, 0x01, 0x40, 0x2D, 0x74, 0x0B, 0xC0, 0x00, 0x00, 0xE7, 0x00, 0xF4, 0x00, 0x00,
    0x0E, 0xB0, 0x0F, 0x00, 0x00, 0x00, 0xFB, 0x00, 0xF0, 0x00, 0x00, 0x0F, 0x70, 0x0F, 0x00, 0x00,
    0x00, 0xF7, 0x40, 0xF4, 0x00, 0x00, 0x0E, 0x3C, 0x0B, 0xC0, 0x00, 0x02, 0xD2, 0xD0, 0x3F, 0x41,
    0x40, 0x3C, 0x1F, 0x01, 0xFF, 0xFC, 0x0B, 0x80, 0xBC, 0x06, 0xFE, 0x42, 0xF0, 0x03, 0xF4, 0x00,
    0x00, 0xFC, 0x00, 0x0F, 0xF9, 0x01, 0xFF, 0x00, 0x00, 0x1F, 0xFF, 0xFF, 0x80, 0x00, 0x00, 0x1B,
    0xFF, 0x80, 0x00, 0x02, 0xF9, 0xC0, 0xF5, 0xFC, 0x2C, 0x07, 0x83, 0x80, 0x74, 0x74, 0x07, 0x4B,
    0x00, 0xF0, 0xB0, 0x1F, 0x07, 0x87, 0xE0, 0x2F, 0xDD, 0x00, 0x00, 0x00, 0x00, 0x10, 0x01, 0x00,
    0x2F, 0x03, 0xD0, 0x2F, 0x02, 0xF0, 0x2F, 0x42, 0xF0, 0x2F, 0x41, 0xF4, 0x2F, 0x41, 0xF4, 0x0B,
    0xC0, 0xFC, 0x00, 0xF4, 0x2F, 0x00, 0x2F, 0x03, 0xD0, 0x03, 0xD0, 0xBC, 0x00, 0x7C, 0x0F, 0x40,
    0x0F, 0x01, 0xE0, 0x00, 0x00, 0x00, 0x00, 0x00, 0x00, 0x00, 0x0F, 0xFF, 0xFF, 0xFF, 0xFF, 0xFF,
    0xFF, 0xF0, 0x00, 0x00, 0x1F, 0x00, 0x00, 0x01, 0xF0, 0x00, 0x00, 0x1F, 0x00, 0x00, 0x01, 0xF0,
    0x00, 0x00, 0x1F, 0x00, 0x00, 0x00, 0x90, 0x00, 0x00, 0x0F, 0xFF, 0xC3, 0xFF, 0xF0, 0x00, 0x01,
    0xBF, 0xE4, 0x00, 0x00, 0x02, 0xFF, 0xFF, 0xF8, 0x00, 0x00, 0xFF, 0x50, 0x1B, 0xF0, 0x00, 0x3F,
    0x40, 0x00, 0x0F, 0xC0, 0x0B, 0x80, 0x00, 0x00, 0x2F, 0x01, 0xF0, 0x3F, 0xFE, 0x00, 0xB4, 0x2C,
    0x03, 0xFF, 0xFC, 0x03, 0xC3, 0x80, 0x3D, 0x07, 0xD0, 0x2D, 0x74, 0x03, 0xD0, 0x3D, 0x00, 0xE7,
    0x00, 0x3D, 0x03, 0xD0, 0x0E, 0xB0, 0x03, 0xD0, 0xBC, 0x00, 0xFB, 0x00, 0x3F, 0xFF, 0x40, 0x0F,
    0x70, 0x03, 0xFF, 0xD0, 0x00, 0xF7, 0x40, 0x3D, 0x2F, 0x00, 0x0E, 0x3C, 0x03, 0xD0, 0xF8, 0x02,
    0xD2, 0xD0, 0x3D, 0x03, 0xD0, 0x3C, 0x1F, 0x03, 0xD0, 0x2F, 0x0B, 0x80, 0xBC, 0x14, 0x00, 0x52,
    0xF0, 0x03, 0xF4, 0x00, 0x00, 0xFC, 0x00, 0x0F, 0xF9, 0x01, 0xFF, 0x00, 0x00, 0x1F, 0xFF, 0xFF,
    0x80, 0x00, 0x00, 0x1B, 0xFF, 0x80, 0x00, 0x00, 0x00, 0x00, 0x0B, 0xFF, 0xFF, 0xF3, 0xFF, 0xFF,
    0xF8, 0x00, 0x00, 0x00, 0x7F, 0xE0, 0x1F, 0xFF, 0xC3, 0xD0, 0x3E, 0x78, 0x00, 0xF7, 0x80, 0x0F,
    0x78, 0x00, 0xF3, 0xE0, 0x7D, 0x1F, 0xFF, 0x80, 0x2F, 0xD0, 0x00, 0x0F, 0x00, 0x00, 0x00, 0xF0,
    0x00, 0x00, 0x0F, 0x00, 0x00, 0x00, 0xF0, 0x00, 0x00, 0x0F, 0x00, 0x00, 0x01, 0xF0, 0x00, 0xFF,
    0xFF, 0xFF, 0xFF, 0xFF, 0xFF, 0xFF, 0x00, 0x0F, 0x00, 0x00, 0x00, 0xF0, 0x00, 0x00, 0x0F, 0x00,
    0x00, 0x00, 0xF0, 0x00, 0x00, 0x0F, 0x00, 0x00, 0x00, 0xF0, 0x00, 0x00, 0x00, 0x00, 0x0F, 0xFF,
    0xFF, 0xFF, 0xFF, 0xFF, 0xFF, 0xF0, 0x00, 0xBE, 0x00, 0x7F, 0xFC, 0x07, 0x43, 0xE0, 0x00, 0x1E,
    0x00, 0x02, 0xD0, 0x00, 0x3C, 0x00, 0x0F, 0x40, 0x03, 0xD0, 0x00, 0xF4, 0x00, 0x7C, 0x00, 0x2E,
    0x00, 0x0B, 0xFF, 0xF4, 0xFF, 0xFF, 0x40, 0x01, 0xFF, 0x40, 0xBF, 0xFC, 0x01, 0x02, 0xE0, 0x00,
    0x1D, 0x00, 0x03, 0xC0, 0x2F, 0xE0, 0x03, 0xFD, 0x00, 0x00, 0xF4, 0x00, 0x07, 0x80, 0x00, 0x78,
    0x50, 0x0F, 0x4B, 0xFF, 0xE0, 0x2F, 0xF4, 0x00, 0x01, 0xA4, 0x0F, 0xC0, 0xFC, 0x0B, 0xC0, 0x78,
    0x00, 0x00, 0x3E, 0x00, 0x07, 0xC0, 0x03, 0xD0, 0x00, 0xBC, 0x00, 0x7C, 0x00, 0x0F, 0x80, 0x0B,
    0xC0, 0x00, 0xF4, 0x00, 0xFC, 0x00, 0x1F, 0x40, 0x0F, 0x80, 0x01, 0xF0, 0x00, 0xF4, 0x00, 0x2F,
    0x00, 0x1F, 0x00, 0x03, 0xE0, 0x02, 0xF0, 0x00, 0x3D, 0x00, 0x3E, 0x00, 0x0B, 0xC0, 0x03, 0xE0,
    0x00, 0xFC, 0x00, 0x7D, 0x00, 0x2F, 0xC0, 0x07, 0xD0, 0x0B, 0xF8, 0x00, 0xBF, 0x47, 0xDF, 0x40,
    0x0F, 0xFF, 0xF4, 0xF0, 0x00, 0xF6, 0xF8, 0x0F, 0x00, 0x1F, 0x00, 0x00, 0x00, 0x02, 0xF0, 0x00,
    0x00, 0x00, 0x2F, 0x00, 0x00, 0x00, 0x03, 0xE0, 0x00, 0x00, 0x00, 0x3D, 0x00, 0x00, 0x00, 0x07,
    0xC0, 0x00, 0x00, 0x00, 0xBC, 0x00, 0x00, 0x00, 0x00, 0x00, 0xBF, 0xFF, 0xFC, 0x07, 0xFF, 0xFF,
    0xFC, 0x0F, 0xFF, 0xF8, 0x2C, 0x2F, 0xFF, 0xF8, 0x2C, 0x3F, 0xFF, 0xF8, 0x2C, 0x3F, 0xFF, 0xF8,
    0x2C, 0x3F, 0xFF, 0xF8, 0x2C, 0x3F, 0xFF, 0xF8, 0x2C, 0x3F, 0xFF, 0xF8, 0x2C, 0x3F, 0xFF, 0xF8,
    0x2C, 0x3F, 0xFF, 0xF8, 0x2C, 0x1F, 0xFF, 0xF8, 0x2C, 0x0F, 0xFF, 0xF8, 0x2C, 0x02, 0xFF, 0xF8,
    0x2C, 0x00, 0x05, 0x78, 0x2C, 0x00, 0x00, 0x38, 0x2C, 0x00, 0x00, 0x38, 0x2C, 0x00, 0x00, 0x38,
    0x2C, 0x00, 0x00, 0x38, 0x2C, 0x00, 0x00, 0x38, 0x2C, 0x00, 0x00, 0x38, 0x2C, 0x00, 0x00, 0x38,
    0x2C, 0x00, 0x00, 0x38, 0x2C, 0x00, 0x00, 0x38, 0x2C, 0x00, 0x00, 0x38, 0x2C, 0x00, 0x00, 0x24,
    0x18, 0x2E, 0x1F, 0xCB, 0xF1, 0xF4, 0x03, 0xC0, 0x2E, 0x00, 0x6E, 0x00, 0x3C, 0x02, 0xF1, 0xFF,
    0x47, 0xF4, 0x00, 0x00, 0x60, 0x0F, 0xC2, 0xFF, 0x1E, 0x78, 0x12, 0xD0, 0x0F, 0x00, 0x3C, 0x01,
    0xF0, 0x0B, 0x80, 0x2D, 0x00, 0xF0, 0x03, 0xC0, 0x1E, 0x00, 0x02, 0xFD, 0x03, 0xD6, 0xD2, 0xC0,
    0x38, 0xE0, 0x0F, 0x74, 0x03, 0xDD, 0x00, 0xE7, 0x40, 0xB0, 0xF0, 0x78, 0x1F, 0xF8, 0x00, 0x00,
    0x00, 0x02, 0x00, 0x50, 0x02, 0xE0, 0x3C, 0x00, 0x3C, 0x0B, 0x80, 0x0F, 0x81, 0xF0, 0x01, 0xF0,
    0x3E, 0x00, 0x3E, 0x07, 0xC0, 0x0F, 0xC0, 0xF8, 0x0F, 0xC0, 0xFC, 0x0B, 0xC0, 0xBC, 0x07, 0xC0,
    0xBC, 0x03, 0xD0, 0xBC, 0x01, 0xD0, 0x3C, 0x00, 0x00, 0x00, 0x00, 0x00, 0x00, 0x7D, 0x00, 0x01,
    0xF0, 0x0B, 0xF0, 0x00, 0x0F, 0x01, 0xFB, 0xC0, 0x00, 0xF4, 0x02, 0x1E, 0x00, 0x0B, 0x80, 0x00,
    0xB4, 0x00, 0x7C, 0x00, 0x03, 0xC0, 0x03, 0xC0, 0x00, 0x0F, 0x00, 0x3D, 0x00, 0x00, 0x7C, 0x02,
    0xE0, 0x00, 0x02, 0xE0, 0x1F, 0x00, 0xF0, 0x0B, 0x40, 0xF4, 0x0F, 0xC0, 0x3C, 0x0B, 0x80, 0xFE,
    0x00, 0xF0, 0x7C, 0x0B, 0xB8, 0x02, 0x43, 0xC0, 0x76, 0xD0, 0x00, 0x3D, 0x07, 0x8F, 0x00, 0x02,
    0xE0, 0x38, 0x3C, 0x00, 0x1F, 0x03, 0xC1, 0xE0, 0x00, 0xF0, 0x2F, 0xFF, 0xF0, 0x0F, 0x40, 0xFF,
    0xFF, 0xC0, 0xB8, 0x00, 0x00, 0xF0, 0x07, 0xC0, 0x00, 0x03, 0xC0, 0x3C, 0x00, 0x00, 0x1E, 0x00,
    0x00, 0x7D, 0x00, 0x01, 0xF0, 0x00, 0xBF, 0x00, 0x00, 0xF0, 0x00, 0xFB, 0xC0, 0x00, 0xF4, 0x00,
    0x35, 0xE0, 0x00, 0xB8, 0x00, 0x00, 0xB4, 0x00, 0x7C, 0x00, 0x00, 0x3C, 0x00, 0x3D, 0x00, 0x00,
    0x0F, 0x00, 0x2E, 0x00, 0x00, 0x07, 0xC0, 0x1F, 0x00, 0x00, 0x01, 0xE0, 0x0F, 0x02, 0xA4, 0x00,
    0xB4, 0x0F, 0x4B, 0xFF, 0x80, 0x3C, 0x0B, 0x82, 0x81, 0xF0, 0x0F, 0x07, 0xC0, 0x00, 0x3C, 0x02,
    0x43, 0xC0, 0x00, 0x0F, 0x00, 0x03, 0xD0, 0x00, 0x0B, 0x80, 0x02, 0xE0, 0x00, 0x07, 0x80, 0x01,
    0xF0, 0x00, 0x07, 0x80, 0x00, 0xF0, 0x00, 0x0B, 0x80, 0x00, 0xF4, 0x00, 0x0B, 0x40, 0x00, 0xB8,
    0x00, 0x0F, 0x40, 0x00, 0x7C, 0x00, 0x0F, 0xFF, 0xF0, 0x3D, 0x00, 0x03, 0xFF, 0xFC, 0x00, 0x00,
    0x00, 0x00, 0x00, 0x00, 0x00, 0x1F, 0xF8, 0x00, 0x00, 0x78, 0x07, 0xFF, 0xD0, 0x00, 0x0F, 0x00,
    0x24, 0x2E, 0x00, 0x03, 0xE0, 0x00, 0x01, 0xF0, 0x00, 0x7C, 0x00, 0x00, 0x1E, 0x00, 0x0F, 0x00,
    0x00, 0x07, 0xC0, 0x03, 0xD0, 0x00, 0x2F, 0xE0, 0x00, 0xB8, 0x00, 0x03, 0xFE, 0x00, 0x1F, 0x00,
    0x00, 0x00, 0xB8, 0x03, 0xD0, 0x00, 0x00, 0x03, 0xC0, 0xB8, 0x02, 0x80, 0x00, 0x7C, 0x1F, 0x00,
    0xFC, 0x64, 0x1F, 0x83, 0xC0, 0x3F, 0x87, 0xFF, 0xF0, 0xF4, 0x0B, 0xB4, 0x1F, 0xF8, 0x2E, 0x02,
    0xCF, 0x00, 0x00, 0x07, 0xC0, 0x74, 0xF0, 0x00, 0x00, 0xF4, 0x0D, 0x1E, 0x00, 0x00, 0x2E, 0x03,
    0x82, 0xE0, 0x00, 0x07, 0xC0, 0xFF, 0xFF, 0xC0, 0x00, 0xF0, 0x0F, 0xFF, 0xFC, 0x00, 0x3D, 0x00,
    0x00, 0x3C, 0x00, 0x0B, 0x80, 0x00, 0x07, 0x80, 0x01, 0xF0, 0x00, 0x00, 0x74, 0x00, 0x00, 0x00,
    0x7C, 0x00, 0x00, 0xFD, 0x00, 0x01, 0xFC, 0x00, 0x00, 0xF8, 0x00, 0x00, 0x00, 0x00, 0x00, 0x00,
    0x00, 0x00, 0xA0, 0x00, 0x01, 0xE0, 0x00, 0x03, 0xD0, 0x00, 0x0F, 0xC0, 0x00, 0x3F, 0x00, 0x01,
    0xFD, 0x00, 0x07, 0xF0, 0x00, 0x1F, 0xC0, 0x00, 0x3F, 0x00, 0x00, 0x7D, 0x00, 0x00, 0xBC, 0x00,
    0x00, 0xBC, 0x00, 0x00, 0xBD, 0x00, 0x00, 0x3F, 0x41, 0xF4, 0x2F, 0xFF, 0xF8, 0x06, 0xFF, 0x80,
    0x00, 0x00, 0x06, 0x80, 0x00, 0x00, 0x01, 0xF4, 0x00, 0x00, 0x00, 0x2F, 0x00, 0x00, 0x00, 0x03,
    0xD0, 0x00, 0x00, 0x00, 0x3C, 0x00, 0x00, 0x00, 0x00, 0x00, 0x00, 0x00, 0x00, 0x00, 0x00, 0x00,
    0x0B, 0xD0, 0x00, 0x00, 0x03, 0xF8, 0x00, 0x00, 0x02, 0xFE, 0x00, 0x00, 0x00, 0xFB, 0xC0, 0x00,
    0x00, 0xF9, 0xF0, 0x00, 0x00, 0x7C, 0x7C, 0x00, 0x00, 0x3E, 0x0F, 0x00, 0x00, 0x1F, 0x03, 0xD0,
    0x00, 0x0F, 0x80, 0xF4, 0x00, 0x07, 0xC0, 0x3E, 0x00, 0x03, 0xE0, 0x0F, 0x80, 0x02, 0xF0, 0x02,
    0xF0, 0x00, 0xFF, 0xFF, 0xFC, 0x00, 0xBF, 0xFF, 0xFF, 0x00, 0x3E, 0x55, 0x5B, 0xC0, 0x2F, 0x00,
    0x01, 0xF4, 0x0F, 0x40, 0x00, 0x3D, 0x0F, 0xC0, 0x00, 0x0F, 0x87, 0xD0, 0x00, 0x03, 0xE3, 0xF0,
    0x00, 0x00, 0xFD, 0xF4, 0x00, 0x00, 0x2F, 0x00, 0x00, 0x00, 0x01, 0x90, 0x00, 0x00, 0x00, 0x2F,
    0x40, 0x00, 0x00, 0x01, 0xF4, 0x00, 0x00, 0x00, 0x0F, 0x40, 0x00, 0x00, 0x00, 0xF0, 0x00, 0x00,
    0x00, 0x00, 0x00, 0x00, 0x00, 0x00, 0x00, 0x00, 0x00, 0x00, 0x00, 0xBD, 0x00, 0x00, 0x00, 0x03,
    0xF8, 0x00, 0x00, 0x00, 0x2F, 0xE0, 0x00, 0x00, 0x00, 0xFB, 0xC0, 0x00, 0x00, 0x0F, 0x9F, 0x00,
    0x00, 0x00, 0x7C, 0x7C, 0x00, 0x00, 0x03, 0xE0, 0xF0, 0x00, 0x00, 0x1F, 0x03, 0xD0, 0x00, 0x00,
    0xF8, 0x0F, 0x40, 0x00, 0x07, 0xC0, 0x3E, 0x00, 0x00, 0x3E, 0x00, 0xF8, 0x00, 0x02, 0xF0, 0x02,
    0xF0, 0x00, 0x0F, 0xFF, 0xFF, 0xC0, 0x00, 0xBF, 0xFF, 0xFF, 0x00, 0x03, 0xE5, 0x55, 0xBC, 0x00,
    0x2F, 0x00, 0x01, 0xF4, 0x00, 0xF4, 0x00, 0x03, 0xD0, 0x0F, 0xC0, 0x00, 0x0F, 0x80, 0x7D, 0x00,
    0x00, 0x3E, 0x03, 0xF0, 0x00, 0x00, 0xFC, 0x1F, 0x40, 0x00, 0x02, 0xF0, 0x00, 0x00, 0x00, 0x28,
    0x00, 0x00, 0x00, 0x0F, 0xE0, 0x00, 0x00, 0x03, 0xEF, 0x40, 0x00, 0x00, 0xF4, 0x7C, 0x00, 0x00,
    0x3C, 0x01, 0xE0, 0x00, 0x00, 0x00, 0x00, 0x00, 0x00, 0x00, 0x00, 0x00, 0x00, 0x00, 0x2F, 0x40,
    0x00, 0x00, 0x03, 0xF8, 0x00, 0x00, 0x00, 0xBF, 0x80, 0x00, 0x00, 0x0F, 0xBC, 0x00, 0x00, 0x03,
    0xE7, 0xC0, 0x00, 0x00, 0x7C, 0x7C, 0x00, 0x00, 0x0F, 0x83, 0xC0, 0x00, 0x01, 0xF0, 0x3D, 0x00,
    0x00, 0x3E, 0x03, 0xD0, 0x00, 0x07, 0xC0, 0x3E, 0x00, 0x00, 0xF8, 0x03, 0xE0, 0x00, 0x2F, 0x00,
    0x2F, 0x00, 0x03, 0xFF, 0xFF, 0xF0, 0x00, 0xBF, 0xFF, 0xFF, 0x00, 0x0F, 0x95, 0x56, 0xF0, 0x02,
    0xF0, 0x00, 0x1F, 0x40, 0x3D, 0x00, 0x00, 0xF4, 0x0F, 0xC0, 0x00, 0x0F, 0x81, 0xF4, 0x00, 0x00,
    0xF8, 0x3F, 0x00, 0x00, 0x0F, 0xC7, 0xD0, 0x00, 0x00, 0xBC, 0x00, 0x00, 0x06, 0x80, 0x28, 0x00,
    0x00, 0x2F, 0xF8, 0x78, 0x00, 0x00, 0x3D, 0xBF, 0xF0, 0x00, 0x00, 0x70, 0x0B, 0xD0, 0x00, 0x00,
    0x00, 0x00, 0x00, 0x00, 0x00, 0x00, 0x00, 0x00, 0x00, 0x00, 0x02, 0xF4, 0x00, 0x00, 0x00, 0x03,
    0xF8, 0x00, 0x00, 0x00, 0x0B, 0xF8, 0x00, 0x00, 0x00, 0x0F, 0xBC, 0x00, 0x00, 0x00, 0x3E, 0x7C,
    0x00, 0x00, 0x00, 0x7C, 0x7C, 0x00, 0x00, 0x00, 0xF8, 0x3C, 0x00, 0x00, 0x01, 0xF0, 0x3D, 0x00,
    0x00, 0x03, 0xE0, 0x3D, 0x00, 0x00, 0x07, 0xC0, 0x3E, 0x00, 0x00, 0x0F, 0x80, 0x3E, 0x00, 0x00,
    0x2F, 0x00, 0x2F, 0x00, 0x00, 0x3F, 0xFF, 0xFF, 0x00, 0x00, 0xBF, 0xFF, 0xFF, 0x00, 0x00, 0xF9,
    0x55, 0x6F, 0x00, 0x02, 0xF0, 0x00, 0x1F, 0x40, 0x03, 0xD0, 0x00, 0x0F, 0x40, 0x0F, 0xC0, 0x00,
    0x0F, 0x80, 0x1F, 0x40, 0x00, 0x0F, 0x80, 0x3F, 0x00, 0x00, 0x0F, 0xC0, 0x7D, 0x00, 0x00, 0x0B,
    0xC0, 0x00, 0x00, 0x0B, 0x01, 0xD0, 0x00, 0x00, 0xF4, 0x3E, 0x00, 0x00, 0x0F, 0x02, 0xC0, 0x00,
    0x00, 0x00, 0x00, 0x00, 0x00, 0x00, 0x00, 0x00, 0x00, 0x00, 0x00, 0x00, 0x00, 0x00, 0x02, 0xF4,
    0x00, 0x00, 0x00, 0x3F, 0x80, 0x00, 0x00, 0x0B, 0xF8, 0x00, 0x00, 0x00, 0xFB, 0xC0, 0x00, 0x00,
    0x3E, 0x7C, 0x00, 0x00, 0x07, 0xC7, 0xC0, 0x00, 0x00, 0xF8, 0x3C, 0x00, 0x00, 0x1F, 0x03, 0xD0,
    0x00, 0x03, 0xE0, 0x3D, 0x00, 0x00, 0x7C, 0x03, 0xE0, 0x00, 0x0F, 0x80, 0x3E, 0x00, 0x02, 0xF0,
    0x02, 0xF0, 0x00, 0x3F, 0xFF, 0xFF, 0x00, 0x0B, 0xFF, 0xFF, 0xF0, 0x00, 0xF9, 0x55, 0x6F, 0x00,
    0x2F, 0x00, 0x01, 0xF4, 0x03, 0xD0, 0x00, 0x0F, 0x40, 0xFC, 0x00, 0x00, 0xF8, 0x1F, 0x40, 0x00,
    0x0F, 0x83, 0xF0, 0x00, 0x00, 0xFC, 0x7D, 0x00, 0x00, 0x0B, 0xC0, 0x00, 0x00, 0x01, 0xFD, 0x00,
    0x00, 0x00, 0xE2, 0xD0, 0x00, 0x00, 0xB0, 0x38, 0x00, 0x00, 0x2C, 0x0E, 0x00, 0x00, 0x07, 0x47,
    0x40, 0x00, 0x00, 0xBF, 0x80, 0x00, 0x00, 0x00, 0x00, 0x00, 0x00, 0x00, 0x00, 0x00, 0x00, 0x02,
    0xF4, 0x00, 0x00, 0x00, 0xFE, 0x00, 0x00, 0x00, 0xBF, 0x80, 0x00, 0x00, 0x3E, 0xF0, 0x00, 0x00,
    0x3E, 0x7C, 0x00, 0x00, 0x1F, 0x1F, 0x00, 0x00, 0x0F, 0x83, 0xC0, 0x00, 0x07, 0xC0, 0xF4, 0x00,
    0x03, 0xE0, 0x3D, 0x00, 0x01, 0xF0, 0x0F, 0x80, 0x00, 0xF8, 0x03, 0xE0, 0x00, 0xBC, 0x00, 0xBC,
    0x00, 0x3F, 0xFF, 0xFF, 0x00, 0x2F, 0xFF, 0xFF, 0xC0, 0x0F, 0x95, 0x56, 0xF0, 0x0B, 0xC0, 0x00,
    0x7D, 0x03, 0xD0, 0x00, 0x0F, 0x43, 0xF0, 0x00, 0x03, 0xE1, 0xF4, 0x00, 0x00, 0xF8, 0xFC, 0x00,
    0x00, 0x3F, 0x7D, 0x00, 0x00, 0x0B, 0xC0, 0x00, 0x00, 0x00, 0x2F, 0xFF, 0xFF, 0xFC, 0x00, 0x00,
    0x00, 0x7F, 0xFF, 0xFF, 0xFC, 0x00, 0x00, 0x00, 0xF8, 0xF8, 0x00, 0x00, 0x00, 0x00, 0x02, 0xF0,
    0xF4, 0x00, 0x00, 0x00, 0x00, 0x03, 0xD1, 0xF4, 0x00, 0x00, 0x00, 0x00, 0x0F, 0xC2, 0xF0, 0x00,
    0x00, 0x00, 0x00, 0x1F, 0x03, 0xF0, 0x00, 0x00, 0x00, 0x00, 0x3E, 0x03, 0xE0, 0x00, 0x00, 0x00,
    0x00, 0xBC, 0x03, 0xD0, 0x00, 0x00, 0x00, 0x01, 0xF4, 0x07, 0xFF, 0xFF, 0x80, 0x00, 0x03, 0xE0,
    0x0B, 0xFF, 0xFF, 0x80, 0x00, 0x0B, 0xC0, 0x0F, 0xC0, 0x00, 0x00, 0x00, 0x1F, 0xFF, 0xFF, 0x80,
    0x00, 0x00, 0x00, 0x3F, 0xFF, 0xFF, 0x40, 0x00, 0x00, 0x00, 0xBC, 0x00, 0x2F, 0x00, 0x00, 0x00,
    0x00, 0xF8, 0x00, 0x2F, 0x00, 0x00, 0x00, 0x03, 0xF0, 0x00, 0x3F, 0x00, 0x00, 0x00, 0x07, 0xD0,
    0x00, 0x3E, 0x00, 0x00, 0x00, 0x0F, 0xC0, 0x00, 0x7D, 0x00, 0x00, 0x00, 0x2F, 0x00, 0x00, 0x7F,
    0xFF, 0xFC, 0x00, 0x7E, 0x00, 0x00, 0xBF, 0xFF, 0xFC, 0x00, 0x00, 0x01, 0xBF, 0xF9, 0x00, 0x07,
    0xFF, 0xFF, 0xC0, 0x07, 0xF9, 0x01, 0xE0, 0x07, 0xF0, 0x00, 0x00, 0x07, 0xF0, 0x00, 0x00, 0x03,
    0xF0, 0x00, 0x00, 0x01, 0xF4, 0x00, 0x00, 0x00, 0xFC, 0x00, 0x00, 0x00, 0x3E, 0x00, 0x00, 0x00,
    0x1F, 0x40, 0x00, 0x00, 0x0B, 0xC0, 0x00, 0x00, 0x03, 0xF0, 0x00, 0x00, 0x00, 0xFC, 0x00, 0x00,
    0x00, 0x3F, 0x00, 0x00, 0x00, 0x0F, 0xC0, 0x00, 0x00, 0x02, 0xF0, 0x00, 0x00, 0x00, 0x7E, 0x00,
    0x00, 0x00, 0x0F, 0xD0, 0x00, 0x00, 0x01, 0xFE, 0x41, 0x68, 0x00, 0x1F, 0xFF, 0xFE, 0x00, 0x00,
    0x7F, 0xFA, 0x00, 0x00, 0x03, 0x80, 0x00, 0x00, 0x02, 0xE0, 0x00, 0x00, 0x00, 0x2F, 0x00, 0x00,
    0x00, 0x03, 0xC0, 0x00, 0x00, 0x02, 0xF0, 0x00, 0x00, 0x1F, 0xF4, 0x00, 0x00, 0x07, 0xF4, 0x00,
    0x00, 0x00, 0x01, 0x90, 0x00, 0x00, 0x01, 0xF0, 0x00, 0x00, 0x00, 0xF8, 0x00, 0x00, 0x00, 0x3C,
    0x00, 0x00, 0x00, 0x0F, 0x00, 0x00, 0x00, 0x00, 0x00, 0x00, 0x00, 0x00, 0x00, 0x00, 0xBF, 0xFF,
    0xFC, 0x00, 0xBF, 0xFF, 0xFC, 0x00, 0xF8, 0x00, 0x00, 0x00, 0xF4, 0x00, 0x00, 0x01, 0xF0, 0x00,
    0x00, 0x02, 0xF0, 0x00, 0x00, 0x03, 0xF0, 0x00, 0x00, 0x03, 0xE0, 0x00, 0x00, 0x03, 0xD0, 0x00,
    0x00, 0x07, 0xFF, 0xFF, 0x80, 0x0B, 0xFF, 0xFF, 0x40, 0x0F, 0xC0, 0x00, 0x00, 0x0F, 0x80, 0x00,
    0x00, 0x0F, 0x40, 0x00, 0x00, 0x1F, 0x00, 0x00, 0x00, 0x2F, 0x00, 0x00, 0x00, 0x3F, 0x00, 0x00,
    0x00, 0x3E, 0x00, 0x00, 0x00, 0x7D, 0x00, 0x00, 0x00, 0x7F, 0xFF, 0xFC, 0x00, 0xBF, 0xFF, 0xFC,
    0x00, 0x00, 0x00, 0x00, 0xA4, 0x00, 0x00, 0x02, 0xF4, 0x00, 0x00, 0x0B, 0xD0, 0x00, 0x00, 0x1F,
    0x00, 0x00, 0x00, 0x3C, 0x00, 0x00, 0x00, 0x00, 0x00, 0x00, 0x00, 0x00, 0x00, 0x00, 0xBF, 0xFF,
    0xFC, 0x00, 0xBF, 0xFF, 0xFC, 0x00, 0xF8, 0x00, 0x00, 0x00, 0xF4, 0x00, 0x00, 0x01, 0xF0, 0x00,
    0x00, 0x02, 0xF0, 0x00, 0x00, 0x03, 0xF0, 0x00, 0x00, 0x03, 0xE0, 0x00, 0x00, 0x03, 0xD0, 0x00,
    0x00, 0x07, 0xFF, 0xFF, 0x80, 0x0B, 0xFF, 0xFF, 0x40, 0x0F, 0xC0, 0x00, 0x00, 0x0F, 0x80, 0x00,
    0x00, 0x0F, 0x40, 0x00, 0x00, 0x1F, 0x00, 0x00, 0x00, 0x2F, 0x00, 0x00, 0x00, 0x3F, 0x00, 0x00,
    0x00, 0x3E, 0x00, 0x00, 0x00, 0x7D, 0x00, 0x00, 0x00, 0x7F, 0xFF, 0xFC, 0x00, 0xBF, 0xFF, 0xFC,
    0x00, 0x00, 0x00, 0x1A, 0x00, 0x00, 0x00, 0x7F, 0x40, 0x00, 0x01, 0xFB, 0xC0, 0x00, 0x07, 0xD2,
    0xE0, 0x00, 0x1F, 0x00, 0xB4, 0x00, 0x00, 0x00, 0x00, 0x00, 0x00, 0x00, 0x00, 0x00, 0xBF, 0xFF,
    0xFC, 0x00, 0xBF, 0xFF, 0xFC, 0x00, 0xF8, 0x00, 0x00, 0x00, 0xF4, 0x00, 0x00, 0x01, 0xF0, 0x00,
    0x00, 0x02, 0xF0, 0x00, 0x00, 0x03, 0xF0, 0x00, 0x00, 0x03, 0xE0, 0x00, 0x00, 0x03, 0xD0, 0x00,
    0x00, 0x07, 0xFF, 0xFF, 0x80, 0x0B, 0xFF, 0xFF, 0x40, 0x0F, 0xC0, 0x00, 0x00, 0x0F, 0x80, 0x00,
    0x00, 0x0F, 0x40, 0x00, 0x00, 0x1F, 0x00, 0x00, 0x00, 0x2F, 0x00, 0x00, 0x00, 0x3F, 0x00, 0x00,
    0x00, 0x3E, 0x00, 0x00, 0x00, 0x7D, 0x00, 0x00, 0x00, 0x7F, 0xFF, 0xFC, 0x00, 0xBF, 0xFF, 0xFC,
    0x00, 0x00, 0x03, 0xC0, 0xB0, 0x00, 0x07, 0xC0, 0xF4, 0x00, 0x03, 0x80, 0xF0, 0x00, 0x00, 0x00,
    0x00, 0x00, 0x00, 0x00, 0x00, 0x00, 0x00, 0x00, 0x00, 0x00, 0xBF, 0xFF, 0xFC, 0x00, 0xBF, 0xFF,
    0xFC, 0x00, 0xF8, 0x00, 0x00, 0x00, 0xF4, 0x00, 0x00, 0x01, 0xF0, 0x00, 0x00, 0x02, 0xF0, 0x00,
    0x00, 0x03, 0xF0, 0x00, 0x00, 0x03, 0xE0, 0x00, 0x00, 0x03, 0xD0, 0x00, 0x00, 0x07, 0xFF, 0xFF,
    0x80, 0x0B, 0xFF, 0xFF, 0x40, 0x0F, 0xC0, 0x00, 0x00, 0x0F, 0x80, 0x00, 0x00, 0x0F, 0x40, 0x00,
    0x00, 0x1F, 0x00, 0x00, 0x00, 0x2F, 0x00, 0x00, 0x00, 0x3F, 0x00, 0x00, 0x00, 0x3E, 0x00, 0x00,
    0x00, 0x7D, 0x00, 0x00, 0x00, 0x7F, 0xFF, 0xFC, 0x00, 0xBF, 0xFF, 0xFC, 0x00, 0x00, 0x0A, 0x40,
    0x00, 0x03, 0xF0, 0x00, 0x00, 0x3D, 0x00, 0x00, 0x07, 0xC0, 0x00, 0x00, 0x74, 0x00, 0x00, 0x00,
    0x00, 0x00, 0x00, 0x00, 0x01, 0xFF, 0xFC, 0x00, 0x2F, 0xFD, 0x00, 0x01, 0xF0, 0x00, 0x00, 0xBC,
    0x00, 0x00, 0x3F, 0x00, 0x00, 0x0F, 0x80, 0x00, 0x03, 0xD0, 0x00, 0x01, 0xF0, 0x00, 0x00, 0xBC,
    0x00, 0x00, 0x3E, 0x00, 0x00, 0x0F, 0x80, 0x00, 0x03, 0xD0, 0x00, 0x01, 0xF0, 0x00, 0x00, 0xBC,
    0x00, 0x00, 0x3E, 0x00, 0x00, 0x0F, 0x40, 0x00, 0x07, 0xD0, 0x00, 0x02, 0xF0, 0x00, 0x00, 0xBC,
    0x00, 0x02, 0xFF, 0xE0, 0x01, 0xFF, 0xFC, 0x00, 0x00, 0x00, 0x06, 0x90, 0x00, 0x00, 0xFC, 0x00,
    0x00, 0x3F, 0x00, 0x00, 0x0B, 0xC0, 0x00, 0x01, 0xE0, 0x00, 0x00, 0x00, 0x00, 0x00, 0x00, 0x00,
    0x00, 0x07, 0xFF, 0xF0, 0x00, 0x2F, 0xFD, 0x00, 0x00, 0x7C, 0x00, 0x00, 0x0B, 0xC0, 0x00, 0x00,
    0xFC, 0x00, 0x00, 0x0F, 0x80, 0x00, 0x00, 0xF4, 0x00, 0x00, 0x1F, 0x00, 0x00, 0x02, 0xF0, 0x00,
    0x00, 0x3E, 0x00, 0x00, 0x03, 0xE0, 0x00, 0x00, 0x3D, 0x00, 0x00, 0x07, 0xC0, 0x00, 0x00, 0xBC,
    0x00, 0x00, 0x0F, 0x80, 0x00, 0x00, 0xF4, 0x00, 0x00, 0x1F, 0x40, 0x00, 0x02, 0xF0, 0x00, 0x00,
    0x2F, 0x00, 0x00, 0x2F, 0xFE, 0x00, 0x07, 0xFF, 0xF0, 0x00, 0x00, 0x00, 0x64, 0x00, 0x00, 0x2F,
    0xC0, 0x00, 0x0B, 0xFF, 0x00, 0x02, 0xF0, 0xF4, 0x00, 0xB8, 0x03, 0xC0, 0x00, 0x00, 0x00, 0x00,
    0x00, 0x00, 0x00, 0x07, 0xFF, 0xF0, 0x00, 0x2F, 0xFD, 0x00, 0x00, 0x7C, 0x00, 0x00, 0x0B, 0xC0,
    0x00, 0x00, 0xFC, 0x00, 0x00, 0x0F, 0x80, 0x00, 0x00, 0xF4, 0x00, 0x00, 0x1F, 0x00, 0x00, 0x02,
    0xF0, 0x00, 0x00, 0x3E, 0x00, 0x00, 0x03, 0xE0, 0x00, 0x00, 0x3D, 0x00, 0x00, 0x07, 0xC0, 0x00,
    0x00, 0xBC, 0x00, 0x00, 0x0F, 0x80, 0x00, 0x00, 0xF4, 0x00, 0x00, 0x1F, 0x40, 0x00, 0x02, 0xF0,
    0x00, 0x00, 0x2F, 0x00, 0x00, 0x2F, 0xFE, 0x00, 0x07, 0xFF, 0xF0, 0x00, 0x00, 0x0E, 0x03, 0xC0,
    0x02, 0xF0, 0x7C, 0x00, 0x1D, 0x03, 0x80, 0x00, 0x00, 0x00, 0x00, 0x00, 0x00, 0x00, 0x00, 0x00,
    0x00, 0x00, 0x7F, 0xFF, 0x00, 0x02, 0xFF, 0xD0, 0x00, 0x07, 0xC0, 0x00, 0x00, 0xBC, 0x00, 0x00,
    0x0F, 0xC0, 0x00, 0x00, 0xF8, 0x00, 0x00, 0x0F, 0x40, 0x00, 0x01, 0xF0, 0x00, 0x00, 0x2F, 0x00,
    0x00, 0x03, 0xE0, 0x00, 0x00, 0x3E, 0x00, 0x00, 0x03, 0xD0, 0x00, 0x00, 0x7C, 0x00, 0x00, 0x0B,
    0xC0, 0x00, 0x00, 0xF8, 0x00, 0x00, 0x0F, 0x40, 0x00, 0x01, 0xF4, 0x00, 0x00, 0x2F, 0x00, 0x00,
    0x02, 0xF0, 0x00, 0x02, 0xFF, 0xE0, 0x00, 0x7F, 0xFF, 0x00, 0x00, 0x00, 0x2F, 0xFF, 0xE0, 0x00,
    0x00, 0xBF, 0xFF, 0xF8, 0x00, 0x03, 0xE0, 0x1B, 0xFC, 0x00, 0x0F, 0x40, 0x03, 0xF4, 0x00, 0x7C,
    0x00, 0x03, 0xF0, 0x02, 0xF0, 0x00, 0x0B, 0xC0, 0x0F, 0xC0, 0x00, 0x1F, 0x40, 0x3E, 0x00, 0x00,
    0x3E, 0x00, 0xF4, 0x00, 0x00, 0xF8, 0x07, 0xD0, 0x00, 0x03, 0xE2, 0xFF, 0xFF, 0x80, 0x1F, 0x4F,
    0xFF, 0xFD, 0x00, 0xBD, 0x03, 0xE0, 0x00, 0x03, 0xF0, 0x0F, 0x40, 0x00, 0x0F, 0x80, 0x7C, 0x00,
    0x00, 0xBD, 0x02, 0xF0, 0x00, 0x07, 0xF0, 0x0F, 0xC0, 0x00, 0x7F, 0x00, 0x3E, 0x00, 0x0B, 0xF4,
    0x01, 0xF4, 0x06, 0xFF, 0x40, 0x07, 0xFF, 0xFF, 0xE0, 0x00, 0x2F, 0xFF, 0xE4, 0x00, 0x00, 0x00,
    0x00, 0x1A, 0x40, 0x70, 0x00, 0x00, 0x7F, 0xF4, 0xF0, 0x00, 0x00, 0xF6, 0xFF, 0xD0, 0x00, 0x00,
    0xD0, 0x2F, 0x40, 0x00, 0x00, 0x00, 0x00, 0x00, 0x00, 0x00, 0x00, 0x00, 0x00, 0x00, 0xBE, 0x00,
    0x00, 0x3E, 0x00, 0xBF, 0x00, 0x00, 0x3D, 0x00, 0xFF, 0x40, 0x00, 0x3C, 0x00, 0xFF, 0x80, 0x00,
    0x7C, 0x01, 0xFB, 0xC0, 0x00, 0xBC, 0x02, 0xF3, 0xD0, 0x00, 0xF8, 0x03, 0xE3, 0xE0, 0x00, 0xF4,
    0x03, 0xD1, 0xF0, 0x01, 0xF0, 0x03, 0xC0, 0xF4, 0x02, 0xF0, 0x07, 0xC0, 0xBC, 0x02, 0xF0, 0x0B,
    0xC0, 0x7C, 0x03, 0xE0, 0x0F, 0x80, 0x3E, 0x03, 0xD0, 0x0F, 0x40, 0x2F, 0x07, 0xC0, 0x1F, 0x00,
    0x0F, 0x4B, 0xC0, 0x1F, 0x00, 0x0F, 0x8B, 0x80, 0x2F, 0x00, 0x07, 0xCF, 0x80, 0x3E, 0x00, 0x03,
    0xDF, 0x40, 0x3D, 0x00, 0x02, 0xFF, 0x00, 0x7C, 0x00, 0x01, 0xFF, 0x00, 0xBC, 0x00, 0x00, 0xFE,
    0x00, 0xB8, 0x00, 0x00, 0xBD, 0x00, 0x00, 0x00, 0x3E, 0x00, 0x00, 0x00, 0x00, 0xBC, 0x00, 0x00,
    0x00, 0x00, 0xF4, 0x00, 0x00, 0x00, 0x00, 0xF0, 0x00, 0x00, 0x00, 0x00, 0x80, 0x00, 0x00, 0x00,
    0x00, 0x00, 0x00, 0x00, 0x00, 0x00, 0x00, 0x00, 0x00, 0x7F, 0xF8, 0x00, 0x00, 0x2F, 0xFF, 0xFD,
    0x00, 0x03, 0xFD, 0x02, 0xFD, 0x00, 0x2F, 0x80, 0x00, 0xFC, 0x02, 0xF8, 0x00, 0x01, 0xF8, 0x0F,
    0xC0, 0x00, 0x03, 0xF0, 0xBD, 0x00, 0x00, 0x0F, 0xC3, 0xF0, 0x00, 0x00, 0x2F, 0x1F, 0x80, 0x00,
    0x00, 0xBC, 0xBD, 0x00, 0x00, 0x02, 0xF2, 0xF0, 0x00, 0x00, 0x0F, 0xCF, 0xC0, 0x00, 0x00, 0x3F,
    0x3F, 0x00, 0x00, 0x01, 0xF8, 0xFC, 0x00, 0x00, 0x0B, 0xD3, 0xF0, 0x00, 0x00, 0x3F, 0x0B, 0xC0,
    0x00, 0x02, 0xF8, 0x1F, 0x80, 0x00, 0x1F, 0xC0, 0x3F, 0x40, 0x01, 0xFC, 0x00, 0x3F, 0x90, 0x7F,
    0xD0, 0x00, 0x7F, 0xFF, 0xFC, 0x00, 0x00, 0x1B, 0xFE, 0x40, 0x00, 0x00, 0x00, 0x00, 0x3F, 0x00,
    0x00, 0x00, 0x02, 0xF4, 0x00, 0x00, 0x00, 0x1F, 0x40, 0x00, 0x00, 0x01, 0xF0, 0x00, 0x00, 0x00,
    0x05, 0x00, 0x00, 0x00, 0x00, 0x00, 0x00, 0x00, 0x00, 0x00, 0x00, 0x00, 0x00, 0x00, 0x7F, 0xF8,
    0x00, 0x00, 0x2F, 0xFF, 0xFD, 0x00, 0x03, 0xFD, 0x02, 0xFD, 0x00, 0x2F, 0x80, 0x00, 0xFC, 0x02,
    0xF8, 0x00, 0x01, 0xF8, 0x0F, 0xC0, 0x00, 0x03, 0xF0, 0xBD, 0x00, 0x00, 0x0F, 0xC3, 0xF0, 0x00,
    0x00, 0x2F, 0x1F, 0x80, 0x00, 0x00, 0xBC, 0xBD, 0x00, 0x00, 0x02, 0xF2, 0xF0, 0x00, 0x00, 0x0F,
    0xCF, 0xC0, 0x00, 0x00, 0x3F, 0x3F, 0x00, 0x00, 0x01, 0xF8, 0xFC, 0x00, 0x00, 0x0B, 0xD3, 0xF0,
    0x00, 0x00, 0x3F, 0x0B, 0xC0, 0x00, 0x02, 0xF8, 0x1F, 0x80, 0x00, 0x1F, 0xC0, 0x3F, 0x40, 0x01,
    0xFC, 0x00, 0x3F, 0x90, 0x7F, 0xD0, 0x00, 0x7F, 0xFF, 0xFC, 0x00, 0x00, 0x1B, 0xFE, 0x40, 0x00,
    0x00, 0x00, 0x07, 0xE0, 0x00, 0x00, 0x00, 0x7F, 0xD0, 0x00, 0x00, 0x07, 0xD7, 0xC0, 0x00, 0x00,
    0x7C, 0x0B, 0x80, 0x00, 0x01, 0x40, 0x05, 0x00, 0x00, 0x00, 0x00, 0x00, 0x00, 0x00, 0x00, 0x00,
    0x00, 0x00, 0x00, 0x7F, 0xF8, 0x00, 0x00, 0x2F, 0xFF, 0xFD, 0x00, 0x03, 0xFD, 0x02, 0xFD, 0x00,
    0x2F, 0x80, 0x00, 0xFC, 0x02, 0xF8, 0x00, 0x01, 0xF8, 0x0F, 0xC0, 0x00, 0x03, 0xF0, 0xBD, 0x00,
    0x00, 0x0F, 0xC3, 0xF0, 0x00, 0x00, 0x2F, 0x1F, 0x80, 0x00, 0x00, 0xBC, 0xBD, 0x00, 0x00, 0x02,
    0xF2, 0xF0, 0x00, 0x00, 0x0F, 0xCF, 0xC0, 0x00, 0x00, 0x3F, 0x3F, 0x00, 0x00, 0x01, 0xF8, 0xFC,
    0x00, 0x00, 0x0B, 0xD3, 0xF0, 0x00, 0x00, 0x3F, 0x0B, 0xC0, 0x00, 0x02, 0xF8, 0x1F, 0x80, 0x00,
    0x1F, 0xC0, 0x3F, 0x40, 0x01, 0xFC, 0x00, 0x3F, 0x90, 0x7F, 0xD0, 0x00, 0x7F, 0xFF, 0xFC, 0x00,
    0x00, 0x1B, 0xFE, 0x40, 0x00, 0x00, 0x00, 0x29, 0x01, 0xC0, 0x00, 0x03, 0xFF, 0x4F, 0x00, 0x00,
    0x3D, 0x7F, 0xF4, 0x00, 0x00, 0xE0, 0x2F, 0x40, 0x00, 0x00, 0x00, 0x00, 0x00, 0x00, 0x00, 0x00,
    0x00, 0x00, 0x00, 0x1F, 0xFE, 0x00, 0x00, 0x0B, 0xFF, 0xFF, 0x40, 0x00, 0xFF, 0x40, 0xBF, 0x40,
    0x0B, 0xE0, 0x00, 0x3F, 0x00, 0xBE, 0x00, 0x00, 0x7E, 0x03, 0xF0, 0x00, 0x00, 0xFC, 0x2F, 0x40,
    0x00, 0x03, 0xF0, 0xFC, 0x00, 0x00, 0x0B, 0xC7, 0xE0, 0x00, 0x00, 0x2F, 0x2F, 0x40, 0x00, 0x00,
    0xBC, 0xBC, 0x00, 0x00, 0x03, 0xF3, 0xF0, 0x00, 0x00, 0x0F, 0xCF, 0xC0, 0x00, 0x00, 0x7E, 0x3F,
    0x00, 0x00, 0x02, 0xF4, 0xFC, 0x00, 0x00, 0x0F, 0xC2, 0xF0, 0x00, 0x00, 0xBE, 0x07, 0xE0, 0x00,
    0x07, 0xF0, 0x0F, 0xD0, 0x00, 0x7F, 0x00, 0x0F, 0xE4, 0x1F, 0xF4, 0x00, 0x1F, 0xFF, 0xFF, 0x00,
    0x00, 0x06, 0xFF, 0x90, 0x00, 0x00, 0x00, 0x00, 0x78, 0x0F, 0x00, 0x00, 0x03, 0xF0, 0x7C, 0x00,
    0x00, 0x0B, 0x41, 0xE0, 0x00, 0x00, 0x00, 0x00, 0x00, 0x00, 0x00, 0x00, 0x00, 0x00, 0x00, 0x00,
    0x00, 0x00, 0x00, 0x00, 0x1F, 0xFE, 0x00, 0x00, 0x0B, 0xFF, 0xFF, 0x40, 0x00, 0xFF, 0x40, 0xBF,
    0x40, 0x0B, 0xE0, 0x00, 0x3F, 0x00, 0xBE, 0x00, 0x00, 0x7E, 0x03, 0xF0, 0x00, 0x00, 0xFC, 0x2F,
    0x40, 0x00, 0x03, 0xF0, 0xFC, 0x00, 0x00, 0x0B, 0xC7, 0xE0, 0x00, 0x00, 0x2F, 0x2F, 0x40, 0x00,
    0x00, 0xBC, 0xBC, 0x00, 0x00, 0x03, 0xF3, 0xF0, 0x00, 0x00, 0x0F, 0xCF, 0xC0, 0x00, 0x00, 0x7E,
    0x3F, 0x00, 0x00, 0x02, 0xF4, 0xFC, 0x00, 0x00, 0x0F, 0xC2, 0xF0, 0x00, 0x00, 0xBE, 0x07, 0xE0,
    0x00, 0x07, 0xF0, 0x0F, 0xD0, 0x00, 0x7F, 0x00, 0x0F, 0xE4, 0x1F, 0xF4, 0x00, 0x1F, 0xFF, 0xFF,
    0x00, 0x00, 0x06, 0xFF, 0x90, 0x00, 0x00, 0x14, 0x00, 0x01, 0x47, 0xD0, 0x00, 0x7C, 0x2F, 0x40,
    0x1F, 0x80, 0xBD, 0x07, 0xE0, 0x02, 0xF5, 0xF8, 0x00, 0x0B, 0xFE, 0x00, 0x00, 0x3F, 0x80, 0x00,
    0x07, 0xFD, 0x00, 0x01, 0xFB, 0xF4, 0x00, 0x7E, 0x0B, 0xC0, 0x1F, 0x80, 0x2F, 0x07, 0xE0, 0x00,
    0xBC, 0x28, 0x00, 0x02, 0x40, 0x00, 0x00, 0x00, 0x00, 0x00, 0x00, 0x00, 0x08, 0x00, 0x00, 0x7F,
    0xF8, 0x3E, 0x00, 0x0B, 0xFF, 0xFF, 0xFC, 0x00, 0x2F, 0xD0, 0x2F, 0xF0, 0x00, 0xBE, 0x00, 0x0B,
    0xF0, 0x01, 0xF8, 0x00, 0x1F, 0xF8, 0x03, 0xF0, 0x00, 0x3E, 0xFC, 0x0B, 0xD0, 0x00, 0xFC, 0xBC,
    0x0F, 0xC0, 0x02, 0xF0, 0xBC, 0x1F, 0x40, 0x07, 0xD0, 0xBC, 0x2F, 0x00, 0x1F, 0x40, 0xBC, 0x2F,
    0x00, 0x3E, 0x00, 0xFC, 0x3F, 0x00, 0xFC, 0x00, 0xFC, 0x3F, 0x02, 0xF0, 0x01, 0xF8, 0x3F, 0x0B,
    0xD0, 0x02, 0xF4, 0x3F, 0x1F, 0x40, 0x03, 0xF0, 0x2F, 0x7E, 0x00, 0x0B, 0xE0, 0x1F, 0xFC, 0x00,
    0x1F, 0xC0, 0x0F, 0xF0, 0x00, 0x7F, 0x00, 0x0B, 0xF9, 0x06, 0xFD, 0x00, 0x1F, 0xFF, 0xFF, 0xF0,
    0x00, 0x3E, 0x1B, 0xFE, 0x40, 0x00, 0x18, 0x00, 0x00, 0x00, 0x00, 0x00, 0x00, 0xFC, 0x00, 0x00,
    0x00, 0x01, 0xF4, 0x00, 0x00, 0x00, 0x02, 0xF0, 0x00, 0x00, 0x00, 0x02, 0xD0, 0x00, 0x00, 0x00,
    0x01, 0x40, 0x00, 0x00, 0x00, 0x00, 0x00, 0x00, 0x00, 0x00, 0x00, 0x00, 0x00, 0xFC, 0x00, 0x00,
    0xBC, 0x03, 0xE0, 0x00, 0x03, 0xE0, 0x0F, 0x40, 0x00, 0x0F, 0x80, 0x7C, 0x00, 0x00, 0x7D, 0x02,
    0xF0, 0x00, 0x01, 0xF0, 0x0F, 0xC0, 0x00, 0x0B, 0xC0, 0x3E, 0x00, 0x00, 0x3E, 0x01, 0xF4, 0x00,
    0x00, 0xF4, 0x07, 0xC0, 0x00, 0x07, 0xD0, 0x2F, 0x00, 0x00, 0x2F, 0x00, 0xF8, 0x00, 0x00, 0xFC,
    0x03, 0xD0, 0x00, 0x03, 0xE0, 0x1F, 0x00, 0x00, 0x0F, 0x40, 0xBC, 0x00, 0x00, 0x7C, 0x02, 0xF0,
    0x00, 0x02, 0xF0, 0x0B, 0xC0, 0x00, 0x0F, 0x80, 0x2F, 0x00, 0x00, 0xBC, 0x00, 0x7E, 0x00, 0x07,
    0xE0, 0x00, 0xFF, 0x55, 0xFF, 0x00, 0x00, 0xFF, 0xFF, 0xF0, 0x00, 0x00, 0x7F, 0xF9, 0x00, 0x00,
    0x00, 0x00, 0x00, 0xBE, 0x00, 0x00, 0x00, 0x07, 0xE0, 0x00, 0x00, 0x00, 0x3E, 0x00, 0x00, 0x00,
    0x03, 0xD0, 0x00, 0x00, 0x00, 0x09, 0x00, 0x00, 0x00, 0x00, 0x00, 0x00, 0x00, 0x00, 0x00, 0x00,
    0x00, 0x00, 0xFC, 0x00, 0x00, 0xBC, 0x03, 0xE0, 0x00, 0x03, 0xE0, 0x0F, 0x40, 0x00, 0x0F, 0x80,
    0x7C, 0x00, 0x00, 0x7D, 0x02, 0xF0, 0x00, 0x01, 0xF0, 0x0F, 0xC0, 0x00, 0x0B, 0xC0, 0x3E, 0x00,
    0x00, 0x3E, 0x01, 0xF4, 0x00, 0x00, 0xF4, 0x07, 0xC0, 0x00, 0x07, 0xD0, 0x2F, 0x00, 0x00, 0x2F,
    0x00, 0xF8, 0x00, 0x00, 0xFC, 0x03, 0xD0, 0x00, 0x03, 0xE0, 0x1F, 0x00, 0x00, 0x0F, 0x40, 0xBC,
    0x00, 0x00, 0x7C, 0x02, 0xF0, 0x00, 0x02, 0xF0, 0x0B, 0xC0, 0x00, 0x0F, 0x80, 0x2F, 0x00, 0x00,
    0xBC, 0x00, 0x7E, 0x00, 0x07, 0xE0, 0x00, 0xFF, 0x55, 0xFF, 0x00, 0x00, 0xFF, 0xFF, 0xF0, 0x00,
    0x00, 0x7F, 0xF9, 0x00, 0x00, 0x00, 0x00, 0x0F, 0xC0, 0x00, 0x00, 0x00, 0xFF, 0x80, 0x00, 0x00,
    0x0F, 0x8F, 0x40, 0x00, 0x00, 0xF4, 0x1F, 0x00, 0x00, 0x06, 0x00, 0x18, 0x00, 0x00, 0x00, 0x00,
    0x00, 0x00, 0x00, 0x00, 0x00, 0x00, 0x00, 0xFC, 0x00, 0x00, 0xBC, 0x03, 0xE0, 0x00, 0x03, 0xE0,
    0x0F, 0x40, 0x00, 0x0F, 0x80, 0x7C, 0x00, 0x00, 0x7D, 0x02, 0xF0, 0x00, 0x01, 0xF0, 0x0F, 0xC0,
    0x00, 0x0B, 0xC0, 0x3E, 0x00, 0x00, 0x3E, 0x01, 0xF4, 0x00, 0x00, 0xF4, 0x07, 0xC0, 0x00, 0x07,
    0xD0, 0x2F, 0x00, 0x00, 0x2F, 0x00, 0xF8, 0x00, 0x00, 0xFC, 0x03, 0xD0, 0x00, 0x03, 0xE0, 0x1F,
    0x00, 0x00, 0x0F, 0x40, 0xBC, 0x00, 0x00, 0x7C, 0x02, 0xF0, 0x00, 0x02, 0xF0, 0x0B, 0xC0, 0x00,
    0x0F, 0x80, 0x2F, 0x00, 0x00, 0xBC, 0x00, 0x7E, 0x00, 0x07, 0xE0, 0x00, 0xFF, 0x55, 0xFF, 0x00,
    0x00, 0xFF, 0xFF, 0xF0, 0x00, 0x00, 0x7F, 0xF9, 0x00, 0x00, 0x00, 0x00, 0xF0, 0x2D, 0x00, 0x00,
    0x07, 0xC0, 0xF4, 0x00, 0x00, 0x0F, 0x03, 0xC0, 0x00, 0x00, 0x00, 0x00, 0x00, 0x00, 0x00, 0x00,
    0x00, 0x00, 0x00, 0x00, 0x00, 0x00, 0x00, 0x3F, 0x00, 0x00, 0x2F, 0x00, 0xF8, 0x00, 0x00, 0xF8,
    0x03, 0xD0, 0x00, 0x03, 0xE0, 0x1F, 0x00, 0x00, 0x1F, 0x40, 0xBC, 0x00, 0x00, 0x7C, 0x03, 0xF0,
    0x00, 0x02, 0xF0, 0x0F, 0x80, 0x00, 0x0F, 0x80, 0x7D, 0x00, 0x00, 0x3D, 0x01, 0xF0, 0x00, 0x01,
    0xF4, 0x0B, 0xC0, 0x00, 0x0B, 0xC0, 0x3E, 0x00, 0x00, 0x3F, 0x00, 0xF4, 0x00, 0x00, 0xF8, 0x07,
    0xC0, 0x00, 0x03, 0xD0, 0x2F, 0x00, 0x00, 0x1F, 0x00, 0xBC, 0x00, 0x00, 0xBC, 0x02, 0xF0, 0x00,
    0x03, 0xE0, 0x0B, 0xC0, 0x00, 0x2F, 0x00, 0x1F, 0x80, 0x01, 0xF8, 0x00, 0x3F, 0xD5, 0x7F, 0xC0,
    0x00, 0x3F, 0xFF, 0xFC, 0x00, 0x00, 0x1F, 0xFE, 0x40, 0x00, 0x00, 0x00, 0x00, 0x06, 0x80, 0x00,
    0x00, 0x1F, 0x80, 0x00, 0x00, 0x3E, 0x00, 0x00, 0x00, 0xF8, 0x00, 0x00, 0x02, 0xD0, 0x00, 0x00,
    0x00, 0x00, 0x00, 0x00, 0x00, 0x00, 0x00, 0x3D, 0x00, 0x00, 0xBC, 0x3E, 0x00, 0x01, 0xF8, 0x2F,
    0x00, 0x03, 0xF0, 0x1F, 0x00, 0x0B, 0xC0, 0x0F, 0x40, 0x1F, 0x40, 0x0F, 0x80, 0x3F, 0x00, 0x0B,
    0xC0, 0xBC, 0x00, 0x07, 0xC1, 0xF4, 0x00, 0x03, 0xD3, 0xF0, 0x00, 0x03, 0xEB, 0xC0, 0x00, 0x02,
    0xFF, 0x40, 0x00, 0x01, 0xFF, 0x00, 0x00, 0x00, 0xFC, 0x00, 0x00, 0x00, 0xF8, 0x00, 0x00, 0x00,
    0xF4, 0x00, 0x00, 0x01, 0xF0, 0x00, 0x00, 0x02, 0xF0, 0x00, 0x00, 0x03, 0xE0, 0x00, 0x00, 0x03,
    0xE0, 0x00, 0x00, 0x07, 0xD0, 0x00, 0x00, 0x0B, 0xC0, 0x00, 0x00, 0x00, 0xBC, 0x00, 0x00, 0x02,
    0xF0, 0x00, 0x00, 0x0F, 0x80, 0x00, 0x00, 0x3E, 0x50, 0x00, 0x01, 0xFF, 0xFF, 0x40, 0x0B, 0xFF,
    0xFF, 0x80, 0x3F, 0x00, 0x7F, 0x40, 0xF8, 0x00, 0x7E, 0x03, 0xD0, 0x00, 0xFC, 0x1F, 0x00, 0x03,
    0xF0, 0xBC, 0x00, 0x0F, 0x83, 0xE0, 0x00, 0x7D, 0x0F, 0x80, 0x03, 0xF0, 0x3D, 0x01, 0xBF, 0x41,
    0xFF, 0xFF, 0xF4, 0x0B, 0xFF, 0xF9, 0x00, 0x3E, 0x00, 0x00, 0x00, 0xF4, 0x00, 0x00, 0x07, 0xD0,
    0x00, 0x00, 0x1F, 0x00, 0x00, 0x00, 0xBC, 0x00, 0x00, 0x00, 0x00, 0x00, 0x00, 0x00, 0x00, 0x00,
    0x00, 0x00, 0x7F, 0xFD, 0x00, 0x00, 0x00, 0xBF, 0xFF, 0xD0, 0x00, 0x00, 0x7E, 0x01, 0xFC, 0x00,
    0x00, 0x3E, 0x00, 0x2F, 0x00, 0x00, 0x1F, 0x00, 0x0B, 0xC0, 0x00, 0x0B, 0xC0, 0x03, 0xE0, 0x00,
    0x03, 0xE0, 0x07, 0xF0, 0x00, 0x00, 0xF4, 0x0B, 0xE0, 0x00, 0x00, 0x7D, 0x0F, 0xE0, 0x00, 0x00,
    0x2F, 0x07, 0xD0, 0x00, 0x00, 0x0B, 0xC2, 0xF0, 0x00, 0x00, 0x03, 0xE0, 0xBD, 0x00, 0x00, 0x00,
    0xF4, 0x0F, 0xD0, 0x00, 0x00, 0x7C, 0x00, 0xFE, 0x00, 0x00, 0x2F, 0x00, 0x0F, 0xD0, 0x00, 0x0F,
    0xC0, 0x00, 0xFC, 0x00, 0x03, 0xE0, 0x00, 0x2F, 0x00, 0x00, 0xF4, 0x00, 0x0B, 0xC0, 0x00, 0x7C,
    0x00, 0x03, 0xF0, 0x00, 0x2F, 0x2D, 0x07, 0xF4, 0x00, 0x0F, 0x8B, 0xFF, 0xF8, 0x00, 0x03, 0xE0,
    0xBF, 0xE4, 0x00, 0x01, 0xF4, 0x00, 0x00, 0x00, 0x00, 0xBC, 0x00, 0x00, 0x00, 0x00, 0x3F, 0x00,
    0x00, 0x00, 0x00, 0x0F, 0x80, 0x00, 0x00, 0x00, 0x0F, 0xC0, 0x00, 0x00, 0x00, 0xBF, 0xD0, 0x00,
    0x00, 0x00, 0x2F, 0xD0, 0x00, 0x00, 0x00, 0x00, 0x00, 0x0B, 0xC0, 0x00, 0x00, 0x03, 0xE0, 0x00,
    0x00, 0x01, 0xF0, 0x00, 0x00, 0x00, 0xB4, 0x00, 0x00, 0x00, 0x3C, 0x00, 0x00, 0x00, 0x00, 0x00,
    0x00, 0x00, 0x00, 0x00, 0x00, 0x1F, 0xF0, 0x3C, 0x00, 0xFF, 0xFD, 0x78, 0x03, 0xF9, 0x1F, 0xF8,
    0x0B, 0xE0, 0x07, 0xF4, 0x0F, 0x80, 0x03, 0xF0, 0x2F, 0x00, 0x03, 0xF0, 0x3F, 0x00, 0x03, 0xE0,
    0x3D, 0x00, 0x03, 0xD0, 0x7C, 0x00, 0x07, 0xD0, 0xBC, 0x00, 0x0F, 0xC0, 0xBC, 0x00, 0x1F, 0xC0,
    0xBC, 0x00, 0x3F, 0x80, 0x7D, 0x00, 0xBF, 0x40, 0x3F, 0x47, 0xDF, 0x00, 0x2F, 0xFF, 0x4F, 0x00,
    0x07, 0xF8, 0x1F, 0x00, 0x00, 0x00, 0x07, 0xF0, 0x00, 0x00, 0x0F, 0xC0, 0x00, 0x00, 0x3E, 0x00,
    0x00, 0x00, 0xB8, 0x00, 0x00, 0x00, 0x50, 0x00, 0x00, 0x00, 0x00, 0x00, 0x00, 0x1F, 0xF0, 0x3C,
    0x00, 0xFF, 0xFD, 0x78, 0x03, 0xF9, 0x1F, 0xF8, 0x0B, 0xE0, 0x07, 0xF4, 0x0F, 0x80, 0x03, 0xF0,
    0x2F, 0x00, 0x03, 0xF0, 0x3F, 0x00, 0x03, 0xE0, 0x3D, 0x00, 0x03, 0xD0, 0x7C, 0x00, 0x07, 0xD0,
    0xBC, 0x00, 0x0F, 0xC0, 0xBC, 0x00, 0x1F, 0xC0, 0xBC, 0x00, 0x3F, 0x80, 0x7D, 0x00, 0xBF, 0x40,
    0x3F, 0x47, 0xDF, 0x00, 0x2F, 0xFF, 0x4F, 0x00, 0x07, 0xF8, 0x1F, 0x00, 0x00, 0x00, 0xBD, 0x00,
    0x00, 0x01, 0xFF, 0x00, 0x00, 0x07, 0xDF, 0x40, 0x00, 0x1F, 0x47, 0xC0, 0x00, 0x3C, 0x01, 0xE0,
    0x00, 0x00, 0x00, 0x00, 0x00, 0x00, 0x00, 0x00, 0x00, 0x1F, 0xF0, 0x3C, 0x00, 0xFF, 0xFD, 0x78,
    0x03, 0xF9, 0x1F, 0xF8, 0x0B, 0xE0, 0x07, 0xF4, 0x0F, 0x80, 0x03, 0xF0, 0x2F, 0x00, 0x03, 0xF0,
    0x3F, 0x00, 0x03, 0xE0, 0x3D, 0x00, 0x03, 0xD0, 0x7C, 0x00, 0x07, 0xD0, 0xBC, 0x00, 0x0F, 0xC0,
    0xBC, 0x00, 0x1F, 0xC0, 0xBC, 0x00, 0x3F, 0x80, 0x7D, 0x00, 0xBF, 0x40, 0x3F, 0x47, 0xDF, 0x00,
    0x2F, 0xFF, 0x4F, 0x00, 0x07, 0xF8, 0x1F, 0x00, 0x00, 0x06, 0x80, 0x28, 0x00, 0x2F, 0xF8, 0x78,
    0x00, 0x3D, 0xBF, 0xF0, 0x00, 0x70, 0x0B, 0xD0, 0x00, 0x00, 0x00, 0x00, 0x00, 0x00, 0x00, 0x00,
    0x00, 0x1F, 0xF0, 0x3C, 0x00, 0xFF, 0xFD, 0x78, 0x03, 0xF9, 0x1F, 0xF8, 0x0B, 0xE0, 0x07, 0xF4,
    0x0F, 0x80, 0x03, 0xF0, 0x2F, 0x00, 0x03, 0xF0, 0x3F, 0x00, 0x03, 0xE0, 0x3D, 0x00, 0x03, 0xD0,
    0x7C, 0x00, 0x07, 0xD0, 0xBC, 0x00, 0x0F, 0xC0, 0xBC, 0x00, 0x1F, 0xC0, 0xBC, 0x00, 0x3F, 0x80,
    0x7D, 0x00, 0xBF, 0x40, 0x3F, 0x47, 0xDF, 0x00, 0x2F, 0xFF, 0x4F, 0x00, 0x07, 0xF8, 0x1F, 0x00,
    0x00, 0x0F, 0x02, 0xD0, 0x00, 0x1F, 0x43, 0xE0, 0x00, 0x0E, 0x02, 0xC0, 0x00, 0x00, 0x00, 0x00,
    0x00, 0x00, 0x00, 0x00, 0x00, 0x1F, 0xF0, 0x3C, 0x00, 0xFF, 0xFD, 0x78, 0x03, 0xF9, 0x1F, 0xF8,
    0x0B, 0xE0, 0x07, 0xF4, 0x0F, 0x80, 0x03, 0xF0, 0x2F, 0x00, 0x03, 0xF0, 0x3F, 0x00, 0x03, 0xE0,
    0x3D, 0x00, 0x03, 0xD0, 0x7C, 0x00, 0x07, 0xD0, 0xBC, 0x00, 0x0F, 0xC0, 0xBC, 0x00, 0x1F, 0xC0,
    0xBC, 0x00, 0x3F, 0x80, 0x7D, 0x00, 0xBF, 0x40, 0x3F, 0x47, 0xDF, 0x00, 0x2F, 0xFF, 0x4F, 0x00,
    0x07, 0xF8, 0x1F, 0x00, 0x00, 0x01, 0xFD, 0x00, 0x00, 0x03, 0x8B, 0x40, 0x00, 0x0B, 0x03, 0x80,
    0x00, 0x0B, 0x03, 0x80, 0x00, 0x07, 0x47, 0x40, 0x00, 0x02, 0xFE, 0x00, 0x00, 0x00, 0x00, 0x00,
    0x00, 0x00, 0x00, 0x00, 0x00, 0x1F, 0xF0, 0x3C, 0x00, 0xFF, 0xFD, 0x78, 0x03, 0xF9, 0x1F, 0xF8,
    0x0B, 0xE0, 0x07, 0xF4, 0x0F, 0x80, 0x03, 0xF0, 0x2F, 0x00, 0x03, 0xF0, 0x3F, 0x00, 0x03, 0xE0,
    0x3D, 0x00, 0x03, 0xD0, 0x7C, 0x00, 0x07, 0xD0, 0xBC, 0x00, 0x0F, 0xC0, 0xBC, 0x00, 0x1F, 0xC0,
    0xBC, 0x00, 0x3F, 0x80, 0x7D, 0x00, 0xBF, 0x40, 0x3F, 0x47, 0xDF, 0x00, 0x2F, 0xFF, 0x4F, 0x00,
    0x07, 0xF8, 0x1F, 0x00, 0x00, 0x1F, 0xE0, 0xB1, 0xBF, 0x40, 0x03, 0xFF, 0xE3, 0xEF, 0xFF, 0x80,
    0x3F, 0x82, 0xEF, 0xF4, 0x3F, 0x02, 0xF4, 0x03, 0xFF, 0x00, 0x7D, 0x0F, 0x80, 0x0B, 0xF0, 0x01,
    0xF0, 0xBC, 0x00, 0x1F, 0x80, 0x0F, 0xC3, 0xE0, 0x00, 0xBC, 0x06, 0xFC, 0x0F, 0x40, 0x02, 0xFF,
    0xFF, 0xC0, 0x7C, 0x00, 0x0F, 0xFF, 0xA0, 0x02, 0xF0, 0x00, 0x7E, 0x00, 0x00, 0x0B, 0xC0, 0x03,
    0xF8, 0x00, 0x00, 0x2F, 0x00, 0x1F, 0xE0, 0x00, 0x00, 0x7D, 0x01, 0xFF, 0xC0, 0x00, 0x00, 0xFC,
    0x2E, 0xBF, 0xD0, 0x6D, 0x02, 0xFF, 0xE2, 0xDF, 0xFF, 0xF4, 0x02, 0xFD, 0x0F, 0x0B, 0xFE, 0x40,
    0x00, 0x1B, 0xFE, 0x00, 0x3F, 0xFF, 0xC0, 0x3F, 0x90, 0x60, 0x2F, 0x40, 0x00, 0x1F, 0x80, 0x00,
    0x0B, 0xC0, 0x00, 0x03, 0xE0, 0x00, 0x01, 0xF4, 0x00, 0x00, 0x7C, 0x00, 0x00, 0x2F, 0x00, 0x00,
    0x0B, 0xC0, 0x00, 0x01, 0xF0, 0x00, 0x00, 0x7E, 0x00, 0x00, 0x0F, 0xE4, 0x1C, 0x00, 0xFF, 0xFF,
    0x00, 0x07, 0xFE, 0x40, 0x00, 0xF0, 0x00, 0x00, 0x7C, 0x00, 0x00, 0x0B, 0xC0, 0x00, 0x00, 0xF0,
    0x00, 0x00, 0xBC, 0x00, 0x07, 0xFE, 0x00, 0x00, 0xFD, 0x00, 0x00, 0x00, 0x1F, 0x40, 0x00, 0x03,
    0xF0, 0x00, 0x00, 0x7C, 0x00, 0x00, 0x0B, 0x80, 0x00, 0x00, 0xB0, 0x00, 0x00, 0x00, 0x00, 0x00,
    0x00, 0x00, 0x00, 0x7F, 0xE0, 0x00, 0xFF, 0xFF, 0x00, 0xFE, 0x0B, 0xE0, 0xBD, 0x00, 0xF8, 0x3D,
    0x00, 0x3E, 0x2F, 0x00, 0x2F, 0x0F, 0x81, 0xBF, 0x87, 0xFF, 0xFF, 0x41, 0xFF, 0xF9, 0x00, 0xBC,
    0x00, 0x00, 0x2F, 0x00, 0x00, 0x07, 0xC0, 0x00, 0x00, 0xF8, 0x00, 0x00, 0x3F, 0x90, 0x7C, 0x03,
    0xFF, 0xFF, 0x00, 0x2F, 0xF9, 0x00, 0x00, 0x00, 0x0F, 0xC0, 0x00, 0x02, 0xF4, 0x00, 0x00, 0x7D,
    0x00, 0x00, 0x0F, 0x40, 0x00, 0x03, 0xD0, 0x00, 0x00, 0x00, 0x00, 0x00, 0x00, 0x00, 0x00, 0x01,
    0xFF, 0x80, 0x00, 0xFF, 0xFF, 0x00, 0x3F, 0x82, 0xF8, 0x0B, 0xD0, 0x0F, 0x80, 0xF4, 0x00, 0xF8,
    0x2F, 0x00, 0x2F, 0x03, 0xE0, 0x6F, 0xE0, 0x7F, 0xFF, 0xF4, 0x07, 0xFF, 0xE4, 0x00, 0xBC, 0x00,
    0x00, 0x0B, 0xC0, 0x00, 0x00, 0x7C, 0x00, 0x00, 0x03, 0xE0, 0x00, 0x00, 0x3F, 0x90, 0x7C, 0x00,
    0xFF, 0xFF, 0xC0, 0x02, 0xFF, 0x90, 0x00, 0x00, 0x01, 0xF8, 0x00, 0x01, 0xFF, 0x00, 0x00, 0xFB,
    0xE0, 0x00, 0xF4, 0x3C, 0x00, 0xF4, 0x07, 0x80, 0x00, 0x00, 0x00, 0x00, 0x00, 0x00, 0x00, 0x7F,
    0xE0, 0x00, 0xFF, 0xFF, 0x00, 0xFE, 0x0B, 0xE0, 0xBD, 0x00, 0xF8, 0x3D, 0x00, 0x3E, 0x2F, 0x00,
    0x2F, 0x0F, 0x81, 0xBF, 0x87, 0xFF, 0xFF, 0x41, 0xFF, 0xF9, 0x00, 0xBC, 0x00, 0x00, 0x2F, 0x00,
    0x00, 0x07, 0xC0, 0x00, 0x00, 0xF8, 0x00, 0x00, 0x3F, 0x90, 0x7C, 0x03, 0xFF, 0xFF, 0x00, 0x2F,
    0xF9, 0x00, 0x00, 0x2D, 0x07, 0x80, 0x0F, 0x83, 0xF0, 0x02, 0xC0, 0x74, 0x00, 0x00, 0x00, 0x00,
    0x00, 0x00, 0x00, 0x07, 0xFE, 0x00, 0x0F, 0xFF, 0xF0, 0x0F, 0xE0, 0xBE, 0x0B, 0xD0, 0x0F, 0x83,
    0xD0, 0x03, 0xE2, 0xF0, 0x02, 0xF0, 0xF8, 0x1B, 0xF8, 0x7F, 0xFF, 0xF4, 0x1F, 0xFF, 0x90, 0x0B,
    0xC0, 0x00, 0x02, 0xF0, 0x00, 0x00, 0x7C, 0x00, 0x00, 0x0F, 0x80, 0x00, 0x03, 0xF9, 0x07, 0xC0,
    0x3F, 0xFF, 0xF0, 0x02, 0xFF, 0x90, 0x00, 0x03, 0xE0, 0x01, 0xF0, 0x00, 0xB8, 0x00, 0x2D, 0x00,
    0x00, 0x00, 0x00, 0x00, 0xF8, 0x00, 0xF4, 0x01, 0xF0, 0x02, 0xF0, 0x03, 0xF0, 0x03, 0xE0, 0x03,
    0xD0, 0x07, 0xC0, 0x0B, 0xC0, 0x0F, 0x80, 0x0F, 0x80, 0x1F, 0x40, 0x1F, 0x00, 0x2F, 0x00, 0x3E,
    0x00, 0x3D, 0x00, 0x00, 0x01, 0xA0, 0x00, 0x0F, 0xC0, 0x00, 0xFC, 0x00, 0x0B, 0x80, 0x00, 0xB8,
    0x00, 0x00, 0x00, 0x00, 0x00, 0x00, 0x00, 0x3E, 0x00, 0x00, 0xF4, 0x00, 0x07, 0xC0, 0x00, 0x2F,
    0x00, 0x00, 0xFC, 0x00, 0x03, 0xE0, 0x00, 0x0F, 0x40, 0x00, 0x7C, 0x00, 0x02, 0xF0, 0x00, 0x0F,
    0x80, 0x00, 0x3E, 0x00, 0x01, 0xF4, 0x00, 0x07, 0xC0, 0x00, 0x2F, 0x00, 0x00, 0xF8, 0x00, 0x03,
    0xD0, 0x00, 0x00, 0x00, 0x19, 0x00, 0x02, 0xFC, 0x00, 0x2F, 0xF8, 0x02, 0xF0, 0xF4, 0x2E, 0x00,
    0xF0, 0x00, 0x00, 0x00, 0x00, 0x00, 0x00, 0x3E, 0x00, 0x00, 0xF4, 0x00, 0x07, 0xC0, 0x00, 0x2F,
    0x00, 0x00, 0xFC, 0x00, 0x03, 0xE0, 0x00, 0x0F, 0x40, 0x00, 0x7C, 0x00, 0x02, 0xF0, 0x00, 0x0F,
    0x80, 0x00, 0x3E, 0x00, 0x01, 0xF4, 0x00, 0x07, 0xC0, 0x00, 0x2F, 0x00, 0x00, 0xF8, 0x00, 0x03,
    0xD0, 0x00, 0x00, 0x07, 0x80, 0xF0, 0x3F, 0x0B, 0xC0, 0x74, 0x1E, 0x00, 0x00, 0x00, 0x00, 0x00,
    0x00, 0x03, 0xE0, 0x00, 0x0F, 0x40, 0x00, 0x7C, 0x00, 0x02, 0xF0, 0x00, 0x0F, 0xC0, 0x00, 0x3E,
    0x00, 0x00, 0xF4, 0x00, 0x07, 0xC0, 0x00, 0x2F, 0x00, 0x00, 0xF8, 0x00, 0x03, 0xE0, 0x00, 0x1F,
    0x40, 0x00, 0x7C, 0x00, 0x02, 0xF0, 0x00, 0x0F, 0x80, 0x00, 0x3D, 0x00, 0x00, 0x00, 0x01, 0x40,
    0x00, 0x00, 0x03, 0xE0, 0xBC, 0x00, 0x03, 0xFB, 0xF4, 0x00, 0x00, 0xFF, 0x40, 0x00, 0x03, 0xFF,
    0x40, 0x00, 0x2F, 0x8B, 0xC0, 0x00, 0x0D, 0x03, 0xD0, 0x00, 0x00, 0x02, 0xE0, 0x00, 0x00, 0x01,
    0xF0, 0x00, 0x7F, 0xF4, 0xF0, 0x02, 0xFF, 0xFD, 0xF0, 0x0F, 0xE0, 0x1F, 0xF0, 0x1F, 0x40, 0x07,
    0xF0, 0x3F, 0x00, 0x03, 0xF0, 0x7D, 0x00, 0x03, 0xF0, 0xBC, 0x00, 0x03, 0xE0, 0xBC, 0x00, 0x03,
    0xD0, 0xBC, 0x00, 0x07, 0xC0, 0xBC, 0x00, 0x0F, 0x80, 0x7D, 0x00, 0x2F, 0x00, 0x3F, 0x41, 0xFD,
    0x00, 0x1F, 0xFF, 0xF4, 0x00, 0x02, 0xFF, 0x80, 0x00, 0x00, 0x01, 0xA4, 0x07, 0x00, 0x01, 0xFF,
    0xD3, 0xC0, 0x00, 0xF6, 0xFF, 0xD0, 0x00, 0x34, 0x0B, 0xD0, 0x00, 0x00, 0x00, 0x00, 0x00, 0x00,
    0x00, 0x00, 0x00, 0x0F, 0x42, 0xFD, 0x00, 0x07, 0xC7, 0xFF, 0xE0, 0x01, 0xFB, 0xD1, 0xFC, 0x00,
    0xBF, 0x80, 0x1F, 0x40, 0x3F, 0xC0, 0x07, 0xD0, 0x0F, 0xC0, 0x02, 0xF0, 0x07, 0xE0, 0x00, 0xFC,
    0x02, 0xF4, 0x00, 0x3F, 0x00, 0xBC, 0x00, 0x0F, 0x80, 0x3F, 0x00, 0x07, 0xD0, 0x0F, 0x80, 0x02,
    0xF0, 0x07, 0xD0, 0x00, 0xFC, 0x02, 0xF0, 0x00, 0x3E, 0x00, 0xFC, 0x00, 0x1F, 0x80, 0x3F, 0x00,
    0x07, 0xD0, 0x0F, 0x80, 0x02, 0xF0, 0x00, 0x00, 0x0A, 0x40, 0x00, 0x00, 0x3F, 0x00, 0x00, 0x00,
    0x3D, 0x00, 0x00, 0x00, 0x7C, 0x00, 0x00, 0x00, 0xB4, 0x00, 0x00, 0x00, 0x00, 0x00, 0x00, 0x00,
    0x00, 0x00, 0x07, 0xFE, 0x00, 0x00, 0xFF, 0xFF, 0x40, 0x0F, 0xE0, 0x7F, 0x00, 0xFD, 0x00, 0x3E,
    0x07, 0xD0, 0x00, 0xFC, 0x3F, 0x00, 0x02, 0xF0, 0xF8, 0x00, 0x0B, 0xC7, 0xD0, 0x00, 0x2F, 0x1F,
    0x00, 0x00, 0xFC, 0xBC, 0x00, 0x03, 0xE2, 0xF0, 0x00, 0x1F, 0x07, 0xC0, 0x00, 0xFC, 0x0F, 0x80,
    0x0B, 0xD0, 0x2F, 0x91, 0xFE, 0x00, 0x3F, 0xFF, 0xE0, 0x00, 0x1F, 0xF8, 0x00, 0x00, 0x00, 0x00,
    0x06, 0x80, 0x00, 0x00, 0x3F, 0x00, 0x00, 0x03, 0xF0, 0x00, 0x00, 0x2E, 0x00, 0x00, 0x02, 0xE0,
    0x00, 0x00, 0x00, 0x00, 0x00, 0x00, 0x00, 0x00, 0x00, 0x07, 0xFE, 0x00, 0x00, 0xFF, 0xFF, 0x40,
    0x0F, 0xE0, 0x7F, 0x00, 0xFD, 0x00, 0x3E, 0x07, 0xD0, 0x00, 0xFC, 0x3F, 0x00, 0x02, 0xF0, 0xF8,
    0x00, 0x0B, 0xC7, 0xD0, 0x00, 0x2F, 0x1F, 0x00, 0x00, 0xFC, 0xBC, 0x00, 0x03, 0xE2, 0xF0, 0x00,
    0x1F, 0x07, 0xC0, 0x00, 0xFC, 0x0F, 0x80, 0x0B, 0xD0, 0x2F, 0x91, 0xFE, 0x00, 0x3F, 0xFF, 0xE0,
    0x00, 0x1F, 0xF8, 0x00, 0x00, 0x00, 0x00, 0x64, 0x00, 0x00, 0x0B, 0xF0, 0x00, 0x00, 0xBF, 0xE0,
    0x00, 0x0B, 0xC3, 0xD0, 0x00, 0xB4, 0x03, 0xC0, 0x00, 0x00, 0x00, 0x00, 0x00, 0x00, 0x00, 0x00,
    0x07, 0xFE, 0x00, 0x00, 0xFF, 0xFF, 0x40, 0x0F, 0xE0, 0x7F, 0x00, 0xFD, 0x00, 0x3E, 0x07, 0xD0,
    0x00, 0xFC, 0x3F, 0x00, 0x02, 0xF0, 0xF8, 0x00, 0x0B, 0xC7, 0xD0, 0x00, 0x2F, 0x1F, 0x00, 0x00,
    0xFC, 0xBC, 0x00, 0x03, 0xE2, 0xF0, 0x00, 0x1F, 0x07, 0xC0, 0x00, 0xFC, 0x0F, 0x80, 0x0B, 0xD0,
    0x2F, 0x91, 0xFE, 0x00, 0x3F, 0xFF, 0xE0, 0x00, 0x1F, 0xF8, 0x00, 0x00, 0x00, 0x0A, 0x40, 0x34,
    0x00, 0xFF, 0xD3, 0xC0, 0x0B, 0x9F, 0xFE, 0x00, 0x38, 0x07, 0xE0, 0x00, 0x00, 0x00, 0x00, 0x00,
    0x00, 0x00, 0x00, 0x01, 0xFF, 0x80, 0x00, 0x3F, 0xFF, 0xD0, 0x03, 0xF8, 0x1F, 0xC0, 0x3F, 0x40,
    0x0F, 0x81, 0xF4, 0x00, 0x3F, 0x0F, 0xC0, 0x00, 0xBC, 0x3E, 0x00, 0x02, 0xF1, 0xF4, 0x00, 0x0B,
    0xC7, 0xC0, 0x00, 0x3F, 0x2F, 0x00, 0x00, 0xF8, 0xBC, 0x00, 0x07, 0xC1, 0xF0, 0x00, 0x3F, 0x03,
    0xE0, 0x02, 0xF4, 0x0B, 0xE4, 0x7F, 0x80, 0x0F, 0xFF, 0xF8, 0x00, 0x07, 0xFE, 0x00, 0x00, 0x00,
    0x1E, 0x03, 0xC0, 0x00, 0xFC, 0x2F, 0x00, 0x01, 0xD0, 0x78, 0x00, 0x00, 0x00, 0x00, 0x00, 0x00,
    0x00, 0x00, 0x00, 0x7F, 0xE0, 0x00, 0x0F, 0xFF, 0xF4, 0x00, 0xFE, 0x07, 0xF0, 0x0F, 0xD0, 0x03,
    0xE0, 0x7D, 0x00, 0x0F, 0xC3, 0xF0, 0x00, 0x2F, 0x0F, 0x80, 0x00, 0xBC, 0x7D, 0x00, 0x02, 0xF1,
    0xF0, 0x00, 0x0F, 0xCB, 0xC0, 0x00, 0x3E, 0x2F, 0x00, 0x01, 0xF0, 0x7C, 0x00, 0x0F, 0xC0, 0xF8,
    0x00, 0xBD, 0x02, 0xF9, 0x1F, 0xE0, 0x03, 0xFF, 0xFE, 0x00, 0x01, 0xFF, 0x80, 0x00, 0x00, 0x1F,
    0x00, 0x00, 0x02, 0xF4, 0x00, 0x00, 0x2F, 0x40, 0x00, 0x01, 0xF0, 0x00, 0x00, 0x00, 0x00, 0x00,
    0x00, 0x00, 0x00, 0xFF, 0xFF, 0xFF, 0xFF, 0xFF, 0xFF, 0xFF, 0x00, 0x00, 0x00, 0x00, 0x00, 0x00,
    0x00, 0x00, 0x1F, 0x00, 0x00, 0x02, 0xF4, 0x00, 0x00, 0x2F, 0x40, 0x00, 0x01, 0xF0, 0x00, 0x00,
    0x00, 0x00, 0x08, 0x00, 0x07, 0xFE, 0x3D, 0x00, 0x3F, 0xFF, 0xF8, 0x00, 0xFE, 0x07, 0xF4, 0x03,
    0xF0, 0x07, 0xF8, 0x07, 0xD0, 0x0F, 0xFC, 0x0F, 0xC0, 0x3E, 0xBC, 0x0F, 0x40, 0xB8, 0xBC, 0x1F,
    0x02, 0xF0, 0xBC, 0x1F, 0x07, 0xC0, 0xB8, 0x2F, 0x0F, 0x40, 0xF4, 0x2F, 0x3D, 0x01, 0xF0, 0x1F,
    0xF8, 0x03, 0xE0, 0x0F, 0xF0, 0x0B, 0xC0, 0x0B, 0xE0, 0x7F, 0x40, 0x1F, 0xFF, 0xFD, 0x00, 0x3D,
    0x7F, 0xE0, 0x00, 0x08, 0x00, 0x00, 0x00, 0x00, 0x07, 0xD0, 0x00, 0x00, 0x03, 0xE0, 0x00, 0x00,
    0x01, 0xF0, 0x00, 0x00, 0x00, 0xB8, 0x00, 0x00, 0x00, 0x3C, 0x00, 0x00, 0x00, 0x00, 0x00, 0x00,
    0x00, 0x00, 0x00, 0x03, 0xD0, 0x00, 0xBC, 0x07, 0xC0, 0x00, 0xF8, 0x0B, 0xC0, 0x00, 0xF8, 0x0F,
    0xC0, 0x00, 0xF4, 0x0F, 0x80, 0x01, 0xF0, 0x0F, 0x40, 0x02, 0xF0, 0x1F, 0x00, 0x03, 0xE0, 0x2F,
    0x00, 0x03, 0xD0, 0x3F, 0x00, 0x07, 0xD0, 0x3E, 0x00, 0x0F, 0xC0, 0x3D, 0x00, 0x0F, 0xC0, 0x7C,
    0x00, 0x3F, 0x80, 0x7D, 0x00, 0xBF, 0x40, 0x3F, 0x47, 0xDF, 0x00, 0x2F, 0xFF, 0x4F, 0x00, 0x0B,
    0xF8, 0x1F, 0x00, 0x00, 0x00, 0x03, 0xF0, 0x00, 0x00, 0x0F, 0xC0, 0x00, 0x00, 0x2F, 0x00, 0x00,
    0x00, 0xB8, 0x00, 0x00, 0x00, 0x00, 0x00, 0x00, 0x00, 0x00, 0x00, 0x03, 0xD0, 0x00, 0xBC, 0x07,
    0xC0, 0x00, 0xF8, 0x0B, 0xC0, 0x00, 0xF8, 0x0F, 0xC0, 0x00, 0xF4, 0x0F, 0x80, 0x01, 0xF0, 0x0F,
    0x40, 0x02, 0xF0, 0x1F, 0x00, 0x03, 0xE0, 0x2F, 0x00, 0x03, 0xD0, 0x3F, 0x00, 0x07, 0xD0, 0x3E,
    0x00, 0x0F, 0xC0, 0x3D, 0x00, 0x0F, 0xC0, 0x7C, 0x00, 0x3F, 0x80, 0x7D, 0x00, 0xBF, 0x40, 0x3F,
    0x47, 0xDF, 0x00, 0x2F, 0xFF, 0x4F, 0x00, 0x0B, 0xF8, 0x1F, 0x00, 0x00, 0x00, 0xBE, 0x00, 0x00,
    0x02, 0xFF, 0x00, 0x00, 0x0B, 0xC7, 0xC0, 0x00, 0x3E, 0x02, 0xE0, 0x00, 0x00, 0x00, 0x00, 0x00,
    0x00, 0x00, 0x00, 0x03, 0xD0, 0x00, 0xBC, 0x07, 0xC0, 0x00, 0xF8, 0x0B, 0xC0, 0x00, 0xF8, 0x0F,
    0xC0, 0x00, 0xF4, 0x0F, 0x80, 0x01, 0xF0, 0x0F, 0x40, 0x02, 0xF0, 0x1F, 0x00, 0x03, 0xE0, 0x2F,
    0x00, 0x03, 0xD0, 0x3F, 0x00, 0x07, 0xD0, 0x3E, 0x00, 0x0F, 0xC0, 0x3D, 0x00, 0x0F, 0xC0, 0x7C,
    0x00, 0x3F, 0x80, 0x7D, 0x00, 0xBF, 0x40, 0x3F, 0x47, 0xDF, 0x00, 0x2F, 0xFF, 0x4F, 0x00, 0x0B,
    0xF8, 0x1F, 0x00, 0x00, 0x0B, 0x41, 0xE0, 0x00, 0x0F, 0x83, 0xF0, 0x00, 0x0B, 0x01, 0xD0, 0x00,
    0x00, 0x00, 0x00, 0x00, 0x00, 0x00, 0x00, 0x03, 0xD0, 0x00, 0xBC, 0x07, 0xC0, 0x00, 0xF8, 0x0B,
    0xC0, 0x00, 0xF8, 0x0F, 0xC0, 0x00, 0xF4, 0x0F, 0x80, 0x01, 0xF0, 0x0F, 0x40, 0x02, 0xF0, 0x1F,
    0x00, 0x03, 0xE0, 0x2F, 0x00, 0x03, 0xD0, 0x3F, 0x00, 0x07, 0xD0, 0x3E, 0x00, 0x0F, 0xC0, 0x3D,
    0x00, 0x0F, 0xC0, 0x7C, 0x00, 0x3F, 0x80, 0x7D, 0x00, 0xBF, 0x40, 0x3F, 0x47, 0xDF, 0x00, 0x2F,
    0xFF, 0x4F, 0x00, 0x0B, 0xF8, 0x1F, 0x00, 0x00, 0x00, 0x00, 0x19, 0x00, 0x00, 0x00, 0x02, 0xF4,
    0x00, 0x00, 0x00, 0x1F, 0x40, 0x00, 0x00, 0x00, 0xF4, 0x00, 0x00, 0x00, 0x0F, 0x00, 0x00, 0x00,
    0x00, 0x00, 0x00, 0x00, 0x00, 0x00, 0x00, 0x00, 0x00, 0x2F, 0x00, 0x00, 0xFC, 0x00, 0x7C, 0x00,
    0x0B, 0xC0, 0x00, 0xF4, 0x00, 0x3E, 0x00, 0x03, 0xD0, 0x02, 0xF0, 0x00, 0x0F, 0x80, 0x0F, 0x80,
    0x00, 0x3E, 0x00, 0xBC, 0x00, 0x00, 0xBC, 0x03, 0xE0, 0x00, 0x01, 0xF0, 0x2F, 0x00, 0x00, 0x07,
    0xC0, 0xF4, 0x00, 0x00, 0x0F, 0x0B, 0xC0, 0x00, 0x00, 0x3C, 0x3D, 0x00, 0x00, 0x00, 0xF6, 0xF0,
    0x00, 0x00, 0x03, 0xDF, 0x40, 0x00, 0x00, 0x0B, 0xFC, 0x00, 0x00, 0x00, 0x1F, 0xD0, 0x00, 0x00,
    0x00, 0x7E, 0x00, 0x00, 0x00, 0x01, 0xF0, 0x00, 0x00, 0x00, 0x0F, 0x80, 0x00, 0x00, 0x00, 0xBC,
    0x00, 0x00, 0x00, 0x07, 0xE0, 0x00, 0x00, 0x00, 0x7F, 0x00, 0x00, 0x00, 0xBF, 0xF0, 0x00, 0x00,
    0x02, 0xFE, 0x00, 0x00, 0x00, 0x00, 0x00, 0x0B, 0xC0, 0x00, 0x00, 0x03, 0xF0, 0x00, 0x00, 0x00,
    0xF8, 0x00, 0x00, 0x00, 0x3D, 0x00, 0x00, 0x00, 0x1F, 0x00, 0x00, 0x00, 0x0B, 0xC0, 0x00, 0x00,
    0x03, 0xE0, 0xBF, 0x40, 0x00, 0xF5, 0xFF, 0xF4, 0x00, 0x7D, 0xF4, 0x7F, 0x00, 0x2F, 0xE0, 0x07,
    0xD0, 0x0B, 0xE0, 0x00, 0xF4, 0x03, 0xF0, 0x00, 0x3D, 0x00, 0xF8, 0x00, 0x0F, 0x40, 0x7C, 0x00,
    0x07, 0xD0, 0x2F, 0x00, 0x02, 0xF0, 0x0F, 0xC0, 0x00, 0xFC, 0x03, 0xE0, 0x00, 0x7E, 0x00, 0xFC,
    0x00, 0x3F, 0x00, 0x7F, 0x00, 0x2F, 0x80, 0x2F, 0xF4, 0x6F, 0xC0, 0x0F, 0x9F, 0xFF, 0xC0, 0x03,
    0xD1, 0xFF, 0x40, 0x01, 0xF0, 0x00, 0x00, 0x00, 0x7C, 0x00, 0x00, 0x00, 0x2F, 0x00, 0x00, 0x00,
    0x0F, 0x80, 0x00, 0x00, 0x03, 0xD0, 0x00, 0x00, 0x01, 0xF0, 0x00, 0x00, 0x00, 0xBC, 0x00, 0x00,
    0x00, 0x00, 0x00, 0x00, 0xF0, 0x2D, 0x00, 0x00, 0x07, 0xD0, 0xF8, 0x00, 0x00, 0x0E, 0x02, 0xC0,
    0x00, 0x00, 0x00, 0x00, 0x00, 0x00, 0x00, 0x00, 0x00, 0x00, 0x02, 0xF0, 0x00, 0x0F, 0xC0, 0x07,
    0xC0, 0x00, 0xBC, 0x00, 0x0F, 0x40, 0x03, 0xE0, 0x00, 0x3D, 0x00, 0x2F, 0x00, 0x00, 0xF8, 0x00,
    0xF8, 0x00, 0x03, 0xE0, 0x0B, 0xC0, 0x00, 0x0B, 0xC0, 0x3E, 0x00, 0x00, 0x1F, 0x02, 0xF0, 0x00,
    0x00, 0x7C, 0x0F, 0x40, 0x00, 0x00, 0xF0, 0xBC, 0x00, 0x00, 0x03, 0xC3, 0xD0, 0x00, 0x00, 0x0F,
    0x6F, 0x00, 0x00, 0x00, 0x3D, 0xF4, 0x00, 0x00, 0x00, 0xBF, 0xC0, 0x00, 0x00, 0x01, 0xFD, 0x00,
    0x00, 0x00, 0x07, 0xE0, 0x00, 0x00, 0x00, 0x1F, 0x00, 0x00, 0x00, 0x00, 0xF8, 0x00, 0x00, 0x00,
    0x0B, 0xC0, 0x00, 0x00, 0x00, 0x7E, 0x00, 0x00, 0x00, 0x07, 0xF0, 0x00, 0x00, 0x0B, 0xFF, 0x00,
    0x00, 0x00, 0x2F, 0xE0, 0x00, 0x00, 0x00, 0x00, 0x00, 0x00, 0x00, 0x00, 0x00, 0x01, 0xFF, 0xFE,
    0x00, 0x00, 0x2F, 0xFF, 0xD0, 0x00, 0x00, 0x00, 0x00, 0x00, 0x00, 0x00, 0x00, 0x00, 0x00, 0x00,
    0x2F, 0x40, 0x00, 0x00, 0x03, 0xF8, 0x00, 0x00, 0x00, 0xBF, 0x80, 0x00, 0x00, 0x0F, 0xBC, 0x00,
    0x00, 0x03, 0xE7, 0xC0, 0x00, 0x00, 0x7C, 0x7C, 0x00, 0x00, 0x0F, 0x83, 0xC0, 0x00, 0x01, 0xF0,
    0x3D, 0x00, 0x00, 0x3E, 0x03, 0xD0, 0x00, 0x07, 0xC0, 0x3E, 0x00, 0x00, 0xF8, 0x03, 0xE0, 0x00,
    0x2F, 0x00, 0x2F, 0x00, 0x03, 0xFF, 0xFF, 0xF0, 0x00, 0xBF, 0xFF, 0xFF, 0x00, 0x0F, 0x95, 0x56,
    0xF0, 0x02, 0xF0, 0x00, 0x1F, 0x40, 0x3D, 0x00, 0x00, 0xF4, 0x0F, 0xC0, 0x00, 0x0F, 0x81, 0xF4,
    0x00, 0x00, 0xF8, 0x3F, 0x00, 0x00, 0x0F, 0xC7, 0xD0, 0x00, 0x00, 0xBC, 0x00, 0x00, 0x00, 0x00,
    0x00, 0x1F, 0xFF, 0xD0, 0x00, 0x2F, 0xFF, 0xD0, 0x00, 0x00, 0x00, 0x00, 0x00, 0x00, 0x00, 0x00,
    0x00, 0x1F, 0xF0, 0x3C, 0x00, 0xFF, 0xFD, 0x78, 0x03, 0xF9, 0x1F, 0xF8, 0x0B, 0xE0, 0x07, 0xF4,
    0x0F, 0x80, 0x03, 0xF0, 0x2F, 0x00, 0x03, 0xF0, 0x3F, 0x00, 0x03, 0xE0, 0x3D, 0x00, 0x03, 0xD0,
    0x7C, 0x00, 0x07, 0xD0, 0xBC, 0x00, 0x0F, 0xC0, 0xBC, 0x00, 0x1F, 0xC0, 0xBC, 0x00, 0x3F, 0x80,
    0x7D, 0x00, 0xBF, 0x40, 0x3F, 0x47, 0xDF, 0x00, 0x2F, 0xFF, 0x4F, 0x00, 0x07, 0xF8, 0x1F, 0x00,
    0x00, 0x00, 0x1D, 0x00, 0xB0, 0x00, 0x00, 0x3D, 0x0B, 0x80, 0x00, 0x00, 0xFF, 0xFC, 0x00, 0x00,
    0x00, 0xBF, 0x80, 0x00, 0x00, 0x00, 0x00, 0x00, 0x00, 0x00, 0x00, 0x00, 0x00, 0x00, 0x00, 0x2F,
    0x40, 0x00, 0x00, 0x00, 0xFE, 0x00, 0x00, 0x00, 0x0B, 0xF8, 0x00, 0x00, 0x00, 0x3E, 0xF0, 0x00,
    0x00, 0x03, 0xE7, 0xC0, 0x00, 0x00, 0x1F, 0x1F, 0x00, 0x00, 0x00, 0xF8, 0x3C, 0x00, 0x00, 0x07,
    0xC0, 0xF4, 0x00, 0x00, 0x3E, 0x03, 0xD0, 0x00, 0x01, 0xF0, 0x0F, 0x80, 0x00, 0x0F, 0x80, 0x3E,
    0x00, 0x00, 0xBC, 0x00, 0xBC, 0x00, 0x03, 0xFF, 0xFF, 0xF0, 0x00, 0x2F, 0xFF, 0xFF, 0xC0, 0x00,
    0xF9, 0x55, 0x6F, 0x00, 0x0B, 0xC0, 0x00, 0x7D, 0x00, 0x3D, 0x00, 0x00, 0xF4, 0x03, 0xF0, 0x00,
    0x03, 0xE0, 0x1F, 0x40, 0x00, 0x0F, 0x80, 0xFC, 0x00, 0x00, 0x3F, 0x07, 0xD0, 0x00, 0x00, 0xBC,
    0x00, 0x00, 0x1D, 0x00, 0xF0, 0x00, 0x0F, 0x42, 0xE0, 0x00, 0x0F, 0xFF, 0xC0, 0x00, 0x02, 0xFE,
    0x00, 0x00, 0x00, 0x00, 0x00, 0x00, 0x00, 0x00, 0x00, 0x00, 0x1F, 0xF0, 0x3C, 0x00, 0xFF, 0xFD,
    0x78, 0x03, 0xF9, 0x1F, 0xF8, 0x0B, 0xE0, 0x07, 0xF4, 0x0F, 0x80, 0x03, 0xF0, 0x2F, 0x00, 0x03,
    0xF0, 0x3F, 0x00, 0x03, 0xE0, 0x3D, 0x00, 0x03, 0xD0, 0x7C, 0x00, 0x07, 0xD0, 0xBC, 0x00, 0x0F,
    0xC0, 0xBC, 0x00, 0x1F, 0xC0, 0xBC, 0x00, 0x3F, 0x80, 0x7D, 0x00, 0xBF, 0x40, 0x3F, 0x47, 0xDF,
    0x00, 0x2F, 0xFF, 0x4F, 0x00, 0x07, 0xF8, 0x1F, 0x00, 0x00, 0x00, 0x02, 0xF4, 0x00, 0x00, 0x00,
    0xFE, 0x00, 0x00, 0x00, 0xBF, 0x80, 0x00, 0x00, 0x3E, 0xF0, 0x00, 0x00, 0x3E, 0x7C, 0x00, 0x00,
    0x1F, 0x1F, 0x00, 0x00, 0x0F, 0x83, 0xC0, 0x00, 0x07, 0xC0, 0xF4, 0x00, 0x03, 0xE0, 0x3D, 0x00,
    0x01, 0xF0, 0x0F, 0x80, 0x00, 0xF8, 0x03, 0xE0, 0x00, 0xBC, 0x00, 0xBC, 0x00, 0x3F, 0xFF, 0xFF,
    0x00, 0x2F, 0xFF, 0xFF, 0xC0, 0x0F, 0x95, 0x56, 0xF0, 0x0B, 0xC0, 0x00, 0x7D, 0x03, 0xD0, 0x00,
    0x0F, 0x43, 0xF0, 0x00, 0x03, 0xE1, 0xF4, 0x00, 0x00, 0xF8, 0xFC, 0x00, 0x00, 0x3F, 0x7D, 0x00,
    0x00, 0x0B, 0xC0, 0x00, 0x00, 0x07, 0x80, 0x00, 0x00, 0x07, 0x80, 0x00, 0x00, 0x03, 0xC0, 0x00,
    0x00, 0x01, 0xE0, 0x00, 0x00, 0x00, 0xB8, 0x00, 0x00, 0x00, 0x1F, 0xE0, 0x00, 0x00, 0x02, 0xF8,
    0x00, 0x00, 0x00, 0x00, 0x00, 0x00, 0x1F, 0xF0, 0x3C, 0x00, 0xFF, 0xFD, 0x78, 0x03, 0xF9, 0x1F,
    0xF8, 0x0B, 0xE0, 0x07, 0xF4, 0x0F, 0x80, 0x03, 0xF0, 0x2F, 0x00, 0x03, 0xF0, 0x3F, 0x00, 0x03,
    0xE0, 0x3D, 0x00, 0x03, 0xD0, 0x7C, 0x00, 0x07, 0xD0, 0xBC, 0x00, 0x0F, 0xC0, 0xBC, 0x00, 0x1F,
    0xC0, 0xBC, 0x00, 0x3F, 0x80, 0x7D, 0x00, 0xBF, 0x40, 0x3F, 0x47, 0xDF, 0x00, 0x2F, 0xFF, 0x4F,
    0x00, 0x07, 0xF8, 0x1F, 0x00, 0x00, 0x00, 0x38, 0x00, 0x00, 0x01, 0xE0, 0x00, 0x00, 0x03, 0xC0,
    0x00, 0x00, 0x07, 0xC0, 0x00, 0x00, 0x07, 0xFC, 0x00, 0x00, 0x02, 0xFC, 0x00, 0x00, 0x00, 0x00,
    0x00, 0x00, 0x00, 0x00, 0x7F, 0x00, 0x00, 0x00, 0x3F, 0x00, 0x00, 0x00, 0x2F, 0x00, 0x00, 0x00,
    0x2E, 0x00, 0x00, 0x00, 0x09, 0x00, 0x00, 0x00, 0x00, 0x00, 0x00, 0x00, 0x00, 0x00, 0x00, 0x00,
    0x06, 0xFF, 0xE4, 0x00, 0x1F, 0xFF, 0xFF, 0x00, 0x1F, 0xE4, 0x07, 0x80, 0x1F, 0xC0, 0x00, 0x00,
    0x1F, 0xC0, 0x00, 0x00, 0x0F, 0xC0, 0x00, 0x00, 0x07, 0xD0, 0x00, 0x00, 0x03, 0xF0, 0x00, 0x00,
    0x00, 0xF8, 0x00, 0x00, 0x00, 0x7D, 0x00, 0x00, 0x00, 0x2F, 0x00, 0x00, 0x00, 0x0F, 0xC0, 0x00,
    0x00, 0x03, 0xF0, 0x00, 0x00, 0x00, 0xFC, 0x00, 0x00, 0x00, 0x3F, 0x00, 0x00, 0x00, 0x0B, 0xC0,
    0x00, 0x00, 0x01, 0xF8, 0x00, 0x00, 0x00, 0x3F, 0x40, 0x00, 0x00, 0x07, 0xF9, 0x05, 0xA0, 0x00,
    0x7F, 0xFF, 0xF8, 0x00, 0x01, 0xFF, 0xE8, 0x00, 0x00, 0x00, 0x0F, 0xC0, 0x00, 0x0F, 0xC0, 0x00,
    0x0B, 0xC0, 0x00, 0x07, 0xC0, 0x00, 0x03, 0xC0, 0x00, 0x00, 0x00, 0x00, 0x00, 0x00, 0x00, 0x00,
    0x6F, 0xF8, 0x00, 0xFF, 0xFF, 0x00, 0xFE, 0x41, 0x80, 0xBD, 0x00, 0x00, 0x7E, 0x00, 0x00, 0x2F,
    0x00, 0x00, 0x0F, 0x80, 0x00, 0x07, 0xD0, 0x00, 0x01, 0xF0, 0x00, 0x00, 0xBC, 0x00, 0x00, 0x2F,
    0x00, 0x00, 0x07, 0xC0, 0x00, 0x01, 0xF8, 0x00, 0x00, 0x3F, 0x90, 0x70, 0x03, 0xFF, 0xFC, 0x00,
    0x1F, 0xF9, 0x00, 0x00, 0x00, 0x0B, 0xD0, 0x00, 0x00, 0x0B, 0xFC, 0x00, 0x00, 0x0B, 0xCF, 0x80,
    0x00, 0x0B, 0x80, 0xF0, 0x00, 0x02, 0x40, 0x09, 0x00, 0x00, 0x00, 0x00, 0x00, 0x00, 0x00, 0x00,
    0x00, 0x00, 0x06, 0xFF, 0xE4, 0x00, 0x1F, 0xFF, 0xFF, 0x00, 0x1F, 0xE4, 0x07, 0x80, 0x1F, 0xC0,
    0x00, 0x00, 0x1F, 0xC0, 0x00, 0x00, 0x0F, 0xC0, 0x00, 0x00, 0x07, 0xD0, 0x00, 0x00, 0x03, 0xF0,
    0x00, 0x00, 0x00, 0xF8, 0x00, 0x00, 0x00, 0x7D, 0x00, 0x00, 0x00, 0x2F, 0x00, 0x00, 0x00, 0x0F,
    0xC0, 0x00, 0x00, 0x03, 0xF0, 0x00, 0x00, 0x00, 0xFC, 0x00, 0x00, 0x00, 0x3F, 0x00, 0x00, 0x00,
    0x0B, 0xC0, 0x00, 0x00, 0x01, 0xF8, 0x00, 0x00, 0x00, 0x3F, 0x40, 0x00, 0x00, 0x07, 0xF9, 0x05,
    0xA0, 0x00, 0x7F, 0xFF, 0xF8, 0x00, 0x01, 0xFF, 0xE8, 0x00, 0x00, 0x02, 0xF4, 0x00, 0x01, 0xFF,
    0x00, 0x01, 0xF7, 0xD0, 0x01, 0xF4, 0x7C, 0x01, 0xF0, 0x07, 0x40, 0x00, 0x00, 0x00, 0x00, 0x00,
    0x00, 0x00, 0x6F, 0xF8, 0x00, 0xFF, 0xFF, 0x00, 0xFE, 0x41, 0x80, 0xBD, 0x00, 0x00, 0x7E, 0x00,
    0x00, 0x2F, 0x00, 0x00, 0x0F, 0x80, 0x00, 0x07, 0xD0, 0x00, 0x01, 0xF0, 0x00, 0x00, 0xBC, 0x00,
    0x00, 0x2F, 0x00, 0x00, 0x07, 0xC0, 0x00, 0x01, 0xF8, 0x00, 0x00, 0x3F, 0x90, 0x70, 0x03, 0xFF,
    0xFC, 0x00, 0x1F, 0xF9, 0x00, 0x00, 0x00, 0x07, 0xC0, 0x00, 0x00, 0x03, 0xF0, 0x00, 0x00, 0x00,
    0x78, 0x00, 0x00, 0x00, 0x00, 0x00, 0x00, 0x00, 0x00, 0x00, 0x00, 0x00, 0x00, 0x00, 0x00, 0x00,
    0x1B, 0xFF, 0x90, 0x00, 0x7F, 0xFF, 0xFC, 0x00, 0x7F, 0x90, 0x1E, 0x00, 0x7F, 0x00, 0x00, 0x00,
    0x7F, 0x00, 0x00, 0x00, 0x3F, 0x00, 0x00, 0x00, 0x1F, 0x40, 0x00, 0x00, 0x0F, 0xC0, 0x00, 0x00,
    0x03, 0xE0, 0x00, 0x00, 0x01, 0xF4, 0x00, 0x00, 0x00, 0xBC, 0x00, 0x00, 0x00, 0x3F, 0x00, 0x00,
    0x00, 0x0F, 0xC0, 0x00, 0x00, 0x03, 0xF0, 0x00, 0x00, 0x00, 0xFC, 0x00, 0x00, 0x00, 0x2F, 0x00,
    0x00, 0x00, 0x07, 0xE0, 0x00, 0x00, 0x00, 0xFD, 0x00, 0x00, 0x00, 0x1F, 0xE4, 0x16, 0x80, 0x01,
    0xFF, 0xFF, 0xE0, 0x00, 0x07, 0xFF, 0xA0, 0x00, 0x00, 0x01, 0xF0, 0x00, 0x00, 0xFC, 0x00, 0x00,
    0x1E, 0x00, 0x00, 0x00, 0x00, 0x00, 0x00, 0x00, 0x00, 0x06, 0xFF, 0x80, 0x0F, 0xFF, 0xF0, 0x0F,
    0xE4, 0x18, 0x0B, 0xD0, 0x00, 0x07, 0xE0, 0x00, 0x02, 0xF0, 0x00, 0x00, 0xF8, 0x00, 0x00, 0x7D,
    0x00, 0x00, 0x1F, 0x00, 0x00, 0x0B, 0xC0, 0x00, 0x02, 0xF0, 0x00, 0x00, 0x7C, 0x00, 0x00, 0x1F,
    0x80, 0x00, 0x03, 0xF9, 0x07, 0x00, 0x3F, 0xFF, 0xC0, 0x01, 0xFF, 0x90, 0x00, 0x00, 0x00, 0xE0,
    0x0B, 0x40, 0x00, 0x2E, 0x1F, 0x40, 0x00, 0x03, 0xEF, 0x40, 0x00, 0x00, 0x7F, 0x40, 0x00, 0x00,
    0x0A, 0x40, 0x00, 0x00, 0x00, 0x00, 0x00, 0x00, 0x00, 0x00, 0x00, 0x00, 0x06, 0xFF, 0xE4, 0x00,
    0x1F, 0xFF, 0xFF, 0x00, 0x1F, 0xE4, 0x07, 0x80, 0x1F, 0xC0, 0x00, 0x00, 0x1F, 0xC0, 0x00, 0x00,
    0x0F, 0xC0, 0x00, 0x00, 0x07, 0xD0, 0x00, 0x00, 0x03, 0xF0, 0x00, 0x00, 0x00, 0xF8, 0x00, 0x00,
    0x00, 0x7D, 0x00, 0x00, 0x00, 0x2F, 0x00, 0x00, 0x00, 0x0F, 0xC0, 0x00, 0x00, 0x03, 0xF0, 0x00,
    0x00, 0x00, 0xFC, 0x00, 0x00, 0x00, 0x3F, 0x00, 0x00, 0x00, 0x0B, 0xC0, 0x00, 0x00, 0x01, 0xF8,
    0x00, 0x00, 0x00, 0x3F, 0x40, 0x00, 0x00, 0x07, 0xF9, 0x05, 0xA0, 0x00, 0x7F, 0xFF, 0xF8, 0x00,
    0x01, 0xFF, 0xE8, 0x00, 0x00, 0x78, 0x02, 0xD0, 0x02, 0xE0, 0xF8, 0x00, 0x0F, 0x7E, 0x00, 0x00,
    0xBF, 0x80, 0x00, 0x03, 0xF0, 0x00, 0x00, 0x00, 0x00, 0x00, 0x00, 0x00, 0x00, 0x01, 0xBF, 0xE0,
    0x00, 0xFF, 0xFF, 0x00, 0x3F, 0x90, 0x60, 0x0B, 0xD0, 0x00, 0x01, 0xF8, 0x00, 0x00, 0x2F, 0x00,
    0x00, 0x03, 0xE0, 0x00, 0x00, 0x7D, 0x00, 0x00, 0x07, 0xC0, 0x00, 0x00, 0xBC, 0x00, 0x00, 0x0B,
    0xC0, 0x00, 0x00, 0x7C, 0x00, 0x00, 0x07, 0xE0, 0x00, 0x00, 0x3F, 0x90, 0x70, 0x00, 0xFF, 0xFF,
    0x00, 0x01, 0xFF, 0x90, 0x00, 0x00, 0x00, 0x50, 0x01, 0x80, 0x00, 0x07, 0xC0, 0xF4, 0x00, 0x00,
    0x2E, 0x7D, 0x00, 0x00, 0x00, 0xFF, 0x40, 0x00, 0x00, 0x0B, 0xD0, 0x00, 0x00, 0x00, 0x00, 0x00,
    0x00, 0x00, 0x00, 0x00, 0x00, 0x0B, 0xFF, 0xF8, 0x00, 0x00, 0xBF, 0xFF, 0xF8, 0x00, 0x0F, 0x80,
    0x6F, 0xF0, 0x00, 0xF4, 0x00, 0x3F, 0x40, 0x1F, 0x00, 0x00, 0xFC, 0x02, 0xF0, 0x00, 0x0B, 0xC0,
    0x3F, 0x00, 0x00, 0x7D, 0x03, 0xE0, 0x00, 0x03, 0xE0, 0x3D, 0x00, 0x00, 0x3E, 0x07, 0xC0, 0x00,
    0x03, 0xE0, 0xBC, 0x00, 0x00, 0x7D, 0x0F, 0xC0, 0x00, 0x0B, 0xD0, 0xF8, 0x00, 0x00, 0xFC, 0x0F,
    0x40, 0x00, 0x0F, 0x81, 0xF0, 0x00, 0x02, 0xF4, 0x2F, 0x00, 0x00, 0x7F, 0x03, 0xF0, 0x00, 0x1F,
    0xC0, 0x3E, 0x00, 0x0B, 0xF4, 0x07, 0xD0, 0x1B, 0xFD, 0x00, 0x7F, 0xFF, 0xFE, 0x00, 0x0B, 0xFF,
    0xF9, 0x00, 0x00, 0x00, 0x00, 0x00, 0x0F, 0x47, 0xC0, 0x00, 0x00, 0x01, 0xF0, 0xF8, 0x00, 0x00,
    0x00, 0x2F, 0x1F, 0x00, 0x00, 0x00, 0x03, 0xE3, 0xC0, 0x00, 0x00, 0x00, 0x3D, 0x10, 0x00, 0x00,
    0x00, 0x07, 0xC0, 0x00, 0x00, 0x1F, 0xF0, 0xBC, 0x00, 0x00, 0x0F, 0xFF, 0xDB, 0xC0, 0x00, 0x03,
    0xF8, 0x1F, 0xF8, 0x00, 0x00, 0xBD, 0x00, 0x3F, 0x40, 0x00, 0x1F, 0x80, 0x03, 0xF0, 0x00, 0x02,
    0xF0, 0x00, 0x3F, 0x00, 0x00, 0x3F, 0x00, 0x03, 0xF0, 0x00, 0x07, 0xD0, 0x00, 0x3E, 0x00, 0x00,
    0x7C, 0x00, 0x07, 0xD0, 0x00, 0x0B, 0xC0, 0x00, 0xBC, 0x00, 0x00, 0xBC, 0x00, 0x0F, 0xC0, 0x00,
    0x0B, 0xC0, 0x03, 0xF8, 0x00, 0x00, 0x7D, 0x00, 0xBF, 0x40, 0x00, 0x03, 0xF4, 0x7D, 0xF4, 0x00,
    0x00, 0x2F, 0xFF, 0x4F, 0x00, 0x00, 0x00, 0x7F, 0x81, 0xF0, 0x00, 0x00, 0x00, 0x2F, 0xFF, 0xE0,
    0x00, 0x00, 0xBF, 0xFF, 0xF8, 0x00, 0x03, 0xE0, 0x1B, 0xFC, 0x00, 0x0F, 0x40, 0x03, 0xF4, 0x00,
    0x7C, 0x00, 0x03, 0xF0, 0x02, 0xF0, 0x00, 0x0B, 0xC0, 0x0F, 0xC0, 0x00, 0x1F, 0x40, 0x3E, 0x00,
    0x00, 0x3E, 0x00, 0xF4, 0x00, 0x00, 0xF8, 0x07, 0xD0, 0x00, 0x03, 0xE2, 0xFF, 0xFF, 0x80, 0x1F,
    0x4F, 0xFF, 0xFD, 0x00, 0xBD, 0x03, 0xE0, 0x00, 0x03, 0xF0, 0x0F, 0x40, 0x00, 0x0F, 0x80, 0x7C,
    0x00, 0x00, 0xBD, 0x02, 0xF0, 0x00, 0x07, 0xF0, 0x0F, 0xC0, 0x00, 0x7F, 0x00, 0x3E, 0x00, 0x0B,
    0xF4, 0x01, 0xF4, 0x06, 0xFF, 0x40, 0x07, 0xFF, 0xFF, 0xE0, 0x00, 0x2F, 0xFF, 0xE4, 0x00, 0x00,
    0x00, 0x00, 0x00, 0x1F, 0x40, 0x00, 0x00, 0x02, 0xF0, 0x00, 0x00, 0xFF, 0xFF, 0xF0, 0x00, 0x0F,
    0xFF, 0xFE, 0x00, 0x00, 0x00, 0x3D, 0x00, 0x00, 0x00, 0x07, 0xC0, 0x00, 0x1F, 0xF0, 0xBC, 0x00,
    0x0F, 0xFF, 0xDB, 0x80, 0x03, 0xF8, 0x1F, 0xF8, 0x00, 0xBD, 0x00, 0x3F, 0x40, 0x1F, 0x80, 0x03,
    0xF0, 0x02, 0xF0, 0x00, 0x3F, 0x00, 0x3E, 0x00, 0x03, 0xE0, 0x07, 0xD0, 0x00, 0x3D, 0x00, 0x7C,
    0x00, 0x07, 0xD0, 0x0B, 0xC0, 0x00, 0xBC, 0x00, 0xBC, 0x00, 0x0F, 0xC0, 0x0B, 0xC0, 0x03, 0xF8,
    0x00, 0x7D, 0x00, 0xBF, 0x40, 0x03, 0xF4, 0x7D, 0xF0, 0x00, 0x2F, 0xFF, 0x4F, 0x00, 0x00, 0x7F,
    0x81, 0xF0, 0x00, 0x00, 0x00, 0x00, 0x00, 0x00, 0x0B, 0xFF, 0xF4, 0x00, 0x0B, 0xFF, 0xF0, 0x00,
    0x00, 0x00, 0x00, 0x00, 0x00, 0x00, 0x00, 0x00, 0xBF, 0xFF, 0xFC, 0x00, 0xBF, 0xFF, 0xFC, 0x00,
    0xF8, 0x00, 0x00, 0x00, 0xF4, 0x00, 0x00, 0x01, 0xF0, 0x00, 0x00, 0x02, 0xF0, 0x00, 0x00, 0x03,
    0xF0, 0x00, 0x00, 0x03, 0xE0, 0x00, 0x00, 0x03, 0xD0, 0x00, 0x00, 0x07, 0xFF, 0xFF, 0x80, 0x0B,
    0xFF, 0xFF, 0x40, 0x0F, 0xC0, 0x00, 0x00, 0x0F, 0x80, 0x00, 0x00, 0x0F, 0x40, 0x00, 0x00, 0x1F,
    0x00, 0x00, 0x00, 0x2F, 0x00, 0x00, 0x00, 0x3F, 0x00, 0x00, 0x00, 0x3E, 0x00, 0x00, 0x00, 0x7D,
    0x00, 0x00, 0x00, 0x7F, 0xFF, 0xFC, 0x00, 0xBF, 0xFF, 0xFC, 0x00, 0x00, 0x00, 0x00, 0x00, 0x0F,
    0xFF, 0xE0, 0x07, 0xFF, 0xF4, 0x00, 0x00, 0x00, 0x00, 0x00, 0x00, 0x00, 0x07, 0xFE, 0x00, 0x0F,
    0xFF, 0xF0, 0x0F, 0xE0, 0xBE, 0x0B, 0xD0, 0x0F, 0x83, 0xD0, 0x03, 0xE2, 0xF0, 0x02, 0xF0, 0xF8,
    0x1B, 0xF8, 0x7F, 0xFF, 0xF4, 0x1F, 0xFF, 0x90, 0x0B, 0xC0, 0x00, 0x02, 0xF0, 0x00, 0x00, 0x7C,
    0x00, 0x00, 0x0F, 0x80, 0x00, 0x03, 0xF9, 0x07, 0xC0, 0x3F, 0xFF, 0xF0, 0x02, 0xFF, 0x90, 0x00,
    0x00, 0x07, 0x00, 0x3C, 0x00, 0x07, 0x81, 0xB4, 0x00, 0x03, 0xFF, 0xF0, 0x00, 0x00, 0xBF, 0x40,
    0x00, 0x00, 0x00, 0x00, 0x00, 0x00, 0x00, 0x00, 0x00, 0xBF, 0xFF, 0xFC, 0x00, 0xBF, 0xFF, 0xFC,
    0x00, 0xF8, 0x00, 0x00, 0x00, 0xF4, 0x00, 0x00, 0x01, 0xF0, 0x00, 0x00, 0x02, 0xF0, 0x00, 0x00,
    0x03, 0xF0, 0x00, 0x00, 0x03, 0xE0, 0x00, 0x00, 0x03, 0xD0, 0x00, 0x00, 0x07, 0xFF, 0xFF, 0x80,
    0x0B, 0xFF, 0xFF, 0x40, 0x0F, 0xC0, 0x00, 0x00, 0x0F, 0x80, 0x00, 0x00, 0x0F, 0x40, 0x00, 0x00,
    0x1F, 0x00, 0x00, 0x00, 0x2F, 0x00, 0x00, 0x00, 0x3F, 0x00, 0x00, 0x00, 0x3E, 0x00, 0x00, 0x00,
    0x7D, 0x00, 0x00, 0x00, 0x7F, 0xFF, 0xFC, 0x00, 0xBF, 0xFF, 0xFC, 0x00, 0x00, 0x38, 0x02, 0xC0,
    0x03, 0xD0, 0xBC, 0x00, 0x2F, 0xFF, 0x00, 0x00, 0xBF, 0x80, 0x00, 0x00, 0x00, 0x00, 0x00, 0x00,
    0x00, 0x00, 0x1F, 0xF8, 0x00, 0x0F, 0xFF, 0xF0, 0x03, 0xF8, 0x2F, 0x80, 0xBD, 0x00, 0xF8, 0x0F,
    0x40, 0x0F, 0x82, 0xF0, 0x02, 0xF0, 0x3E, 0x06, 0xFE, 0x07, 0xFF, 0xFF, 0x40, 0x7F, 0xFE, 0x40,
    0x0B, 0xC0, 0x00, 0x00, 0xBC, 0x00, 0x00, 0x07, 0xC0, 0x00, 0x00, 0x3E, 0x00, 0x00, 0x03, 0xF9,
    0x07, 0xC0, 0x0F, 0xFF, 0xFC, 0x00, 0x2F, 0xF9, 0x00, 0x00, 0x00, 0x1F, 0x00, 0x00, 0x00, 0x3F,
    0x00, 0x00, 0x00, 0x2E, 0x00, 0x00, 0x00, 0x00, 0x00, 0x00, 0x00, 0x00, 0x00, 0x00, 0x00, 0x00,
    0x00, 0x00, 0xBF, 0xFF, 0xFC, 0x00, 0xBF, 0xFF, 0xFC, 0x00, 0xF8, 0x00, 0x00, 0x00, 0xF4, 0x00,
    0x00, 0x01, 0xF0, 0x00, 0x00, 0x02, 0xF0, 0x00, 0x00, 0x03, 0xF0, 0x00, 0x00, 0x03, 0xE0, 0x00,
    0x00, 0x03, 0xD0, 0x00, 0x00, 0x07, 0xFF, 0xFF, 0x80, 0x0B, 0xFF, 0xFF, 0x40, 0x0F, 0xC0, 0x00,
    0x00, 0x0F, 0x80, 0x00, 0x00, 0x0F, 0x40, 0x00, 0x00, 0x1F, 0x00, 0x00, 0x00, 0x2F, 0x00, 0x00,
    0x00, 0x3F, 0x00, 0x00, 0x00, 0x3E, 0x00, 0x00, 0x00, 0x7D, 0x00, 0x00, 0x00, 0x7F, 0xFF, 0xFC,
    0x00, 0xBF, 0xFF, 0xFC, 0x00, 0x00, 0x00, 0xF0, 0x00, 0x00, 0xBD, 0x00, 0x00, 0x1F, 0x00, 0x00,
    0x00, 0x00, 0x00, 0x00, 0x00, 0x00, 0x07, 0xFE, 0x00, 0x0F, 0xFF, 0xF0, 0x0F, 0xE0, 0xBE, 0x0B,
    0xD0, 0x0F, 0x83, 0xD0, 0x03, 0xE2, 0xF0, 0x02, 0xF0, 0xF8, 0x1B, 0xF8, 0x7F, 0xFF, 0xF4, 0x1F,
    0xFF, 0x90, 0x0B, 0xC0, 0x00, 0x02, 0xF0, 0x00, 0x00, 0x7C, 0x00, 0x00, 0x0F, 0x80, 0x00, 0x03,
    0xF9, 0x07, 0xC0, 0x3F, 0xFF, 0xF0, 0x02, 0xFF, 0x90, 0x00, 0x00, 0xBF, 0xFF, 0xFC, 0x00, 0xBF,
    0xFF, 0xFC, 0x00, 0xF8, 0x00, 0x00, 0x00, 0xF4, 0x00, 0x00, 0x01, 0xF0, 0x00, 0x00, 0x02, 0xF0,
    0x00, 0x00, 0x03, 0xF0, 0x00, 0x00, 0x03, 0xE0, 0x00, 0x00, 0x03, 0xD0, 0x00, 0x00, 0x07, 0xFF,
    0xFF, 0x80, 0x0B, 0xFF, 0xFF, 0x40, 0x0F, 0xC0, 0x00, 0x00, 0x0F, 0x80, 0x00, 0x00, 0x0F, 0x40,
    0x00, 0x00, 0x1F, 0x00, 0x00, 0x00, 0x2F, 0x00, 0x00, 0x00, 0x3F, 0x00, 0x00, 0x00, 0x3E, 0x00,
    0x00, 0x00, 0x7D, 0x00, 0x00, 0x00, 0x7F, 0xFF, 0xFC, 0x00, 0xBF, 0xFF, 0xFC, 0x00, 0x00, 0x02,
    0xD0, 0x00, 0x00, 0x0B, 0x40, 0x00, 0x00, 0x1E, 0x00, 0x00, 0x00, 0x3D, 0x00, 0x00, 0x00, 0x3D,
    0x00, 0x00, 0x00, 0x2F, 0xD0, 0x00, 0x00, 0x0F, 0xD0, 0x00, 0x00, 0x00, 0x00, 0x00, 0x00, 0x1F,
    0xF8, 0x00, 0x3F, 0xFF, 0xC0, 0x3F, 0x82, 0xF8, 0x2F, 0x40, 0x3E, 0x0F, 0x40, 0x0F, 0x8B, 0xC0,
    0x0B, 0xC3, 0xE0, 0x6F, 0xE1, 0xFF, 0xFF, 0xD0, 0x7F, 0xFE, 0x40, 0x2F, 0x00, 0x00, 0x0B, 0xC0,
    0x00, 0x01, 0xF0, 0x00, 0x00, 0x3E, 0x00, 0x00, 0x0F, 0xE4, 0x1F, 0x00, 0xFF, 0xFF, 0xC0, 0x0B,
    0xFF, 0x80, 0x00, 0x07, 0x40, 0x00, 0x07, 0x40, 0x00, 0x03, 0xC0, 0x00, 0x01, 0xF0, 0x00, 0x00,
    0x3F, 0xC0, 0x00, 0x0B, 0xF0, 0x00, 0x00, 0x00, 0x00, 0x00, 0x06, 0x00, 0x18, 0x00, 0x03, 0xC0,
    0xB8, 0x00, 0x01, 0xF3, 0xE0, 0x00, 0x00, 0xFF, 0x80, 0x00, 0x00, 0x7E, 0x00, 0x00, 0x00, 0x00,
    0x00, 0x00, 0x00, 0x00, 0x00, 0x00, 0xBF, 0xFF, 0xFC, 0x00, 0xBF, 0xFF, 0xFC, 0x00, 0xF8, 0x00,
    0x00, 0x00, 0xF4, 0x00, 0x00, 0x01, 0xF0, 0x00, 0x00, 0x02, 0xF0, 0x00, 0x00, 0x03, 0xF0, 0x00,
    0x00, 0x03, 0xE0, 0x00, 0x00, 0x03, 0xD0, 0x00, 0x00, 0x07, 0xFF, 0xFF, 0x80, 0x0B, 0xFF, 0xFF,
    0x40, 0x0F, 0xC0, 0x00, 0x00, 0x0F, 0x80, 0x00, 0x00, 0x0F, 0x40, 0x00, 0x00, 0x1F, 0x00, 0x00,
    0x00, 0x2F, 0x00, 0x00, 0x00, 0x3F, 0x00, 0x00, 0x00, 0x3E, 0x00, 0x00, 0x00, 0x7D, 0x00, 0x00,
    0x00, 0x7F, 0xFF, 0xFC, 0x00, 0xBF, 0xFF, 0xFC, 0x00, 0x00, 0x3C, 0x02, 0xE0, 0x01, 0xE0, 0xB8,
    0x00, 0x0F, 0xBF, 0x00, 0x00, 0x7F, 0xC0, 0x00, 0x03, 0xF0, 0x00, 0x00, 0x00, 0x00, 0x00, 0x00,
    0x00, 0x00, 0x01, 0xFF, 0x80, 0x00, 0xFF, 0xFF, 0x00, 0x3F, 0x82, 0xF8, 0x0B, 0xD0, 0x0F, 0x80,
    0xF8, 0x00, 0xF8, 0x2F, 0x00, 0x2F, 0x03, 0xE0, 0x6F, 0xE0, 0x7F, 0xFF, 0xF4, 0x07, 0xFF, 0xE4,
    0x00, 0xBC, 0x00, 0x00, 0x0B, 0xC0, 0x00, 0x00, 0x7C, 0x00, 0x00, 0x03, 0xE0, 0x00, 0x00, 0x3F,
    0x90, 0x7C, 0x00, 0xFF, 0xFF, 0xC0, 0x02, 0xFF, 0x90, 0x00, 0x00, 0x00, 0x03, 0xF0, 0x00, 0x00,
    0x00, 0xFF, 0x80, 0x00, 0x00, 0x3E, 0x7C, 0x00, 0x00, 0x0F, 0x41, 0xF0, 0x00, 0x01, 0x40, 0x06,
    0x00, 0x00, 0x00, 0x00, 0x00, 0x00, 0x00, 0x00, 0x00, 0x00, 0x00, 0x1B, 0xFF, 0x90, 0x00, 0x0F,
    0xFF, 0xFF, 0xC0, 0x07, 0xF9, 0x01, 0xBC, 0x01, 0xFC, 0x00, 0x00, 0x00, 0x7F, 0x00, 0x00, 0x00,
    0x0F, 0xC0, 0x00, 0x00, 0x01, 0xF4, 0x00, 0x00, 0x00, 0x3F, 0x00, 0x00, 0x00, 0x03, 0xE0, 0x00,
    0x00, 0x00, 0x7D, 0x00, 0x00, 0x00, 0x0B, 0xC0, 0x02, 0xFF, 0xF0, 0xFC, 0x00, 0x3F, 0xFF, 0x0F,
    0xC0, 0x00, 0x03, 0xE0, 0xFC, 0x00, 0x00, 0x3D, 0x0F, 0xC0, 0x00, 0x07, 0xD0, 0xBC, 0x00, 0x00,
    0xBC, 0x07, 0xE0, 0x00, 0x0F, 0xC0, 0x3F, 0x40, 0x00, 0xF8, 0x00, 0xFF, 0x40, 0x6F, 0x40, 0x03,
    0xFF, 0xFF, 0xF0, 0x00, 0x06, 0xFF, 0xE4, 0x00, 0x00, 0x00, 0x1A, 0x00, 0x00, 0x00, 0x1F, 0xE0,
    0x00, 0x00, 0x1F, 0xBC, 0x00, 0x00, 0x1F, 0x4B, 0x80, 0x00, 0x1F, 0x00, 0xB4, 0x00, 0x00, 0x00,
    0x00, 0x00, 0x00, 0x00, 0x00, 0x00, 0x00, 0x1F, 0xF4, 0x3C, 0x00, 0x3F, 0xFF, 0x5F, 0x00, 0x3F,
    0x81, 0xFF, 0x80, 0x2F, 0x40, 0x0F, 0xD0, 0x0F, 0x80, 0x03, 0xF0, 0x0B, 0xC0, 0x00, 0xFC, 0x03,
    0xF0, 0x00, 0x3E, 0x01, 0xF4, 0x00, 0x0F, 0x40, 0x7C, 0x00, 0x07, 0xD0, 0x2F, 0x00, 0x03, 0xF0,
    0x0B, 0xC0, 0x01, 0xFC, 0x02, 0xF0, 0x00, 0xFE, 0x00, 0x7D, 0x00, 0xBF, 0x40, 0x0F, 0xD1, 0xFB,
    0xC0, 0x02, 0xFF, 0xF5, 0xF0, 0x00, 0x1F, 0xE0, 0xBC, 0x00, 0x00, 0x00, 0x3E, 0x00, 0x00, 0x00,
    0x0F, 0x40, 0x00, 0x00, 0x0B, 0xC0, 0x00, 0x00, 0x07, 0xE0, 0x01, 0xE4, 0x1B, 0xF0, 0x00, 0x7F,
    0xFF, 0xF0, 0x00, 0x06, 0xFF, 0xD0, 0x00, 0x00, 0x00, 0x00, 0xB0, 0x03, 0x80, 0x00, 0x0B, 0x81,
    0xF0, 0x00, 0x00, 0x7F, 0xFE, 0x00, 0x00, 0x01, 0xFF, 0x40, 0x00, 0x00, 0x00, 0x00, 0x00, 0x00,
    0x00, 0x00, 0x00, 0x00, 0x01, 0xBF, 0xF9, 0x00, 0x00, 0xFF, 0xFF, 0xFC, 0x00, 0x7F, 0x90, 0x1B,
    0xC0, 0x1F, 0xC0, 0x00, 0x00, 0x07, 0xF0, 0x00, 0x00, 0x00, 0xFC, 0x00, 0x00, 0x00, 0x1F, 0x40,
    0x00, 0x00, 0x03, 0xF0, 0x00, 0x00, 0x00, 0x3E, 0x00, 0x00, 0x00, 0x07, 0xD0, 0x00, 0x00, 0x00,
    0xBC, 0x00, 0x2F, 0xFF, 0x0F, 0xC0, 0x03, 0xFF, 0xF0, 0xFC, 0x00, 0x00, 0x3E, 0x0F, 0xC0, 0x00,
    0x03, 0xD0, 0xFC, 0x00, 0x00, 0x7D, 0x0B, 0xC0, 0x00, 0x0B, 0xC0, 0x7E, 0x00, 0x00, 0xFC, 0x03,
    0xF4, 0x00, 0x0F, 0x80, 0x0F, 0xF4, 0x06, 0xF4, 0x00, 0x3F, 0xFF, 0xFF, 0x00, 0x00, 0x6F, 0xFE,
    0x40, 0x00, 0x00, 0x07, 0x00, 0x3C, 0x00, 0x01, 0xE0, 0x2D, 0x00, 0x00, 0x3F, 0xFF, 0x00, 0x00,
    0x03, 0xFE, 0x00, 0x00, 0x00, 0x00, 0x00, 0x00, 0x00, 0x00, 0x00, 0x00, 0x00, 0x7F, 0xD0, 0xF0,
    0x00, 0xFF, 0xFD, 0x7C, 0x00, 0xFE, 0x07, 0xFE, 0x00, 0xBD, 0x00, 0x3F, 0x40, 0x3E, 0x00, 0x0F,
    0xC0, 0x2F, 0x00, 0x03, 0xF0, 0x0F, 0xC0, 0x00, 0xF8, 0x07, 0xD0, 0x00, 0x3D, 0x01, 0xF0, 0x00,
    0x1F, 0x40, 0xBC, 0x00, 0x0F, 0xC0, 0x2F, 0x00, 0x07, 0xF0, 0x0B, 0xC0, 0x03, 0xF8, 0x01, 0xF4,
    0x02, 0xFD, 0x00, 0x3F, 0x47, 0xEF, 0x00, 0x0B, 0xFF, 0xD7, 0xC0, 0x00, 0x7F, 0x82, 0xF0, 0x00,
    0x00, 0x00, 0xF8, 0x00, 0x00, 0x00, 0x3D, 0x00, 0x00, 0x00, 0x2F, 0x00, 0x00, 0x00, 0x1F, 0x80,
    0x07, 0x90, 0x6F, 0xC0, 0x01, 0xFF, 0xFF, 0xC0, 0x00, 0x1B, 0xFF, 0x40, 0x00, 0x00, 0x00, 0x00,
    0x02, 0xE0, 0x00, 0x00, 0x00, 0x3F, 0x00, 0x00, 0x00, 0x03, 0xD0, 0x00, 0x00, 0x00, 0x00, 0x00,
    0x00, 0x00, 0x00, 0x00, 0x00, 0x00, 0x00, 0x00, 0x00, 0x00, 0x01, 0xBF, 0xF9, 0x00, 0x00, 0xFF,
    0xFF, 0xFC, 0x00, 0x7F, 0x90, 0x1B, 0xC0, 0x1F, 0xC0, 0x00, 0x00, 0x07, 0xF0, 0x00, 0x00, 0x00,
    0xFC, 0x00, 0x00, 0x00, 0x1F, 0x40, 0x00, 0x00, 0x03, 0xF0, 0x00, 0x00, 0x00, 0x3E, 0x00, 0x00,
    0x00, 0x07, 0xD0, 0x00, 0x00, 0x00, 0xBC, 0x00, 0x2F, 0xFF, 0x0F, 0xC0, 0x03, 0xFF, 0xF0, 0xFC,
    0x00, 0x00, 0x3E, 0x0F, 0xC0, 0x00, 0x03, 0xD0, 0xFC, 0x00, 0x00, 0x7D, 0x0B, 0xC0, 0x00, 0x0B,
    0xC0, 0x7E, 0x00, 0x00, 0xFC, 0x03, 0xF4, 0x00, 0x0F, 0x80, 0x0F, 0xF4, 0x06, 0xF4, 0x00, 0x3F,
    0xFF, 0xFF, 0x00, 0x00, 0x6F, 0xFE, 0x40, 0x00, 0x00, 0x00, 0x1F, 0x00, 0x00, 0x00, 0x0F, 0xC0,
    0x00, 0x00, 0x02, 0xE0, 0x00, 0x00, 0x00, 0x00, 0x00, 0x00, 0x00, 0x00, 0x00, 0x00, 0x01, 0xFF,
    0x43, 0xC0, 0x03, 0xFF, 0xF5, 0xF0, 0x03, 0xF8, 0x1F, 0xF8, 0x02, 0xF4, 0x00, 0xFD, 0x00, 0xF8,
    0x00, 0x3F, 0x00, 0xBC, 0x00, 0x0F, 0xC0, 0x3F, 0x00, 0x03, 0xE0, 0x1F, 0x40, 0x00, 0xF4, 0x07,
    0xC0, 0x00, 0x7D, 0x02, 0xF0, 0x00, 0x3F, 0x00, 0xBC, 0x00, 0x1F, 0xC0, 0x2F, 0x00, 0x0F, 0xE0,
    0x07, 0xD0, 0x0B, 0xF4, 0x00, 0xFD, 0x1F, 0xBC, 0x00, 0x2F, 0xFF, 0x5F, 0x00, 0x01, 0xFE, 0x0B,
    0xC0, 0x00, 0x00, 0x03, 0xE0, 0x00, 0x00, 0x00, 0xF4, 0x00, 0x00, 0x00, 0xBC, 0x00, 0x00, 0x00,
    0x7E, 0x00, 0x1E, 0x41, 0xBF, 0x00, 0x07, 0xFF, 0xFF, 0x00, 0x00, 0x6F, 0xFD, 0x00, 0x00, 0x00,
    0x01, 0xBF, 0xF9, 0x00, 0x00, 0xFF, 0xFF, 0xFC, 0x00, 0x7F, 0x90, 0x1B, 0xC0, 0x1F, 0xC0, 0x00,
    0x00, 0x07, 0xF0, 0x00, 0x00, 0x00, 0xFC, 0x00, 0x00, 0x00, 0x1F, 0x40, 0x00, 0x00, 0x03, 0xF0,
    0x00, 0x00, 0x00, 0x3E, 0x00, 0x00, 0x00, 0x07, 0xD0, 0x00, 0x00, 0x00, 0xBC, 0x00, 0x2F, 0xFF,
    0x0F, 0xC0, 0x03, 0xFF, 0xF0, 0xFC, 0x00, 0x00, 0x3E, 0x0F, 0xC0, 0x00, 0x03, 0xD0, 0xFC, 0x00,
    0x00, 0x7D, 0x0B, 0xC0, 0x00, 0x0B, 0xC0, 0x7E, 0x00, 0x00, 0xFC, 0x03, 0xF4, 0x00, 0x0F, 0x80,
    0x0F, 0xF4, 0x06, 0xF4, 0x00, 0x3F, 0xFF, 0xFF, 0x00, 0x00, 0x6F, 0xFE, 0x40, 0x00, 0x00, 0x00,
    0x00, 0x00, 0x00, 0x06, 0x80, 0x00, 0x00, 0x00, 0xF8, 0x00, 0x00, 0x00, 0x1F, 0x00, 0x00, 0x00,
    0x03, 0xC0, 0x00, 0x00, 0x00, 0x74, 0x00, 0x00, 0x00, 0x00, 0x00, 0x00, 0x80, 0x00, 0x00, 0x00,
    0xF0, 0x00, 0x00, 0x00, 0xF4, 0x00, 0x00, 0x00, 0xBC, 0x00, 0x00, 0x00, 0x3D, 0x00, 0x00, 0x00,
    0x00, 0x00, 0x00, 0x00, 0x00, 0x00, 0x00, 0x00, 0x1F, 0xF4, 0x3C, 0x00, 0x3F, 0xFF, 0x5F, 0x00,
    0x3F, 0x81, 0xFF, 0x80, 0x2F, 0x40, 0x0F, 0xD0, 0x0F, 0x80, 0x03, 0xF0, 0x0B, 0xC0, 0x00, 0xFC,
    0x03, 0xF0, 0x00, 0x3E, 0x01, 0xF4, 0x00, 0x0F, 0x40, 0x7C, 0x00, 0x07, 0xD0, 0x2F, 0x00, 0x03,
    0xF0, 0x0B, 0xC0, 0x01, 0xFC, 0x02, 0xF0, 0x00, 0xFE, 0x00, 0x7D, 0x00, 0xBF, 0x40, 0x0F, 0xD1,
    0xFB, 0xC0, 0x02, 0xFF, 0xF5, 0xF0, 0x00, 0x1F, 0xE0, 0xBC, 0x00, 0x00, 0x00, 0x3E, 0x00, 0x00,
    0x00, 0x0F, 0x40, 0x00, 0x00, 0x0B, 0xC0, 0x00, 0x00, 0x07, 0xE0, 0x01, 0xE4, 0x1B, 0xF0, 0x00,
    0x7F, 0xFF, 0xF0, 0x00, 0x06, 0xFF, 0xD0, 0x00, 0x00, 0x00, 0x00, 0x01, 0x90, 0x00, 0x00, 0x00,
    0x1F, 0xD0, 0x00, 0x00, 0x01, 0xFB, 0xC0, 0x00, 0x00, 0x1F, 0x0B, 0x80, 0x00, 0x01, 0xE0, 0x0F,
    0x00, 0x00, 0x00, 0x00, 0x00, 0x00, 0x00, 0x00, 0x00, 0x00, 0x00, 0x1F, 0x00, 0x00, 0x2F, 0x00,
    0xBC, 0x00, 0x00, 0xF8, 0x03, 0xE0, 0x00, 0x03, 0xD0, 0x0F, 0x40, 0x00, 0x1F, 0x00, 0x7D, 0x00,
    0x00, 0xBC, 0x02, 0xF0, 0x00, 0x03, 0xF0, 0x0B, 0xC0, 0x00, 0x0F, 0x80, 0x3E, 0x00, 0x00, 0x3D,
    0x00, 0xF4, 0x00, 0x01, 0xF0, 0x07, 0xFF, 0xFF, 0xFF, 0xC0, 0x2F, 0xFF, 0xFF, 0xFF, 0x00, 0xFD,
    0x55, 0x55, 0xF8, 0x03, 0xE0, 0x00, 0x03, 0xD0, 0x0F, 0x40, 0x00, 0x1F, 0x00, 0x7C, 0x00, 0x00,
    0xBC, 0x02, 0xF0, 0x00, 0x03, 0xE0, 0x0F, 0xC0, 0x00, 0x0F, 0x40, 0x3E, 0x00, 0x00, 0x7D, 0x01,
    0xF4, 0x00, 0x01, 0xF0, 0x07, 0xC0, 0x00, 0x0B, 0xC0, 0x2F, 0x00, 0x00, 0x3E, 0x00, 0x00, 0x0F,
    0xC0, 0x00, 0x00, 0x2F, 0xE0, 0x00, 0x00, 0xBC, 0xF4, 0x00, 0x03, 0xE0, 0x3C, 0x00, 0x06, 0x00,
    0x08, 0x00, 0x00, 0x00, 0x00, 0x00, 0x00, 0x00, 0x00, 0x00, 0x00, 0x2F, 0x00, 0x00, 0x00, 0x3E,
    0x00, 0x00, 0x00, 0x3E, 0x00, 0x00, 0x00, 0x3D, 0x00, 0x00, 0x00, 0x7C, 0x00, 0x00, 0x00, 0xBC,
    0x00, 0x00, 0x00, 0xF8, 0x2F, 0xD0, 0x00, 0xF5, 0xFF, 0xF8, 0x01, 0xF7, 0xD1, 0xFC, 0x02, 0xFE,
    0x00, 0x7C, 0x02, 0xFC, 0x00, 0x7C, 0x03, 0xF0, 0x00, 0x7C, 0x03, 0xE0, 0x00, 0xBC, 0x07, 0xD0,
    0x00, 0xF8, 0x0B, 0xC0, 0x00, 0xF4, 0x0F, 0xC0, 0x01, 0xF4, 0x0F, 0x80, 0x02, 0xF0, 0x0F, 0x40,
    0x02, 0xF0, 0x1F, 0x00, 0x03, 0xE0, 0x2F, 0x00, 0x03, 0xD0, 0x3E, 0x00, 0x07, 0xC0, 0x3D, 0x00,
    0x0B, 0xC0, 0x00, 0xBC, 0x00, 0x00, 0xBC, 0x00, 0x2F, 0x00, 0x00, 0x3E, 0x00, 0x0F, 0x80, 0x00,
    0x0F, 0x80, 0x03, 0xE0, 0x00, 0x07, 0xD0, 0x3F, 0xFF, 0xFF, 0xFF, 0xFF, 0xCF, 0xFF, 0xFF, 0xFF,
    0xFF, 0xE0, 0x2F, 0x00, 0x00, 0x3E, 0x00, 0x0F, 0x80, 0x00, 0x0F, 0x40, 0x03, 0xD0, 0x00, 0x07,
    0xD0, 0x01, 0xFF, 0xFF, 0xFF, 0xF0, 0x00, 0xBF, 0xFF, 0xFF, 0xFC, 0x00, 0x3F, 0x00, 0x00, 0x3E,
    0x00, 0x0F, 0x80, 0x00, 0x1F, 0x40, 0x03, 0xD0, 0x00, 0x07, 0xC0, 0x01, 0xF0, 0x00, 0x02, 0xF0,
    0x00, 0xBC, 0x00, 0x00, 0xFC, 0x00, 0x3E, 0x00, 0x00, 0x3E, 0x00, 0x0F, 0x80, 0x00, 0x1F, 0x40,
    0x07, 0xD0, 0x00, 0x0B, 0xC0, 0x01, 0xF0, 0x00, 0x02, 0xF0, 0x00, 0xBC, 0x00, 0x00, 0xF8, 0x00,
    0x00, 0x00, 0x2F, 0x00, 0x00, 0x00, 0x3E, 0x00, 0x00, 0x07, 0xFF, 0xFF, 0x40, 0x07, 0xFF, 0xFF,
    0x00, 0x00, 0xBC, 0x00, 0x00, 0x00, 0xBC, 0x00, 0x00, 0x00, 0xF8, 0x2F, 0xD0, 0x00, 0xF5, 0xFF,
    0xF4, 0x01, 0xF7, 0xD1, 0xFC, 0x02, 0xFE, 0x00, 0x7C, 0x03, 0xF8, 0x00, 0x7C, 0x03, 0xF0, 0x00,
    0x7C, 0x03, 0xE0, 0x00, 0xBC, 0x07, 0xC0, 0x00, 0xF8, 0x0B, 0xC0, 0x00, 0xF4, 0x0F, 0x80, 0x01,
    0xF4, 0x0F, 0x40, 0x02, 0xF0, 0x0F, 0x40, 0x02, 0xF0, 0x1F, 0x00, 0x03, 0xE0, 0x2F, 0x00, 0x03,
    0xD0, 0x3E, 0x00, 0x07, 0xC0, 0x3D, 0x00, 0x0B, 0xC0, 0x00, 0x0A, 0x40, 0x34, 0x00, 0xFF, 0xD2,
    0xC0, 0x0B, 0x9F, 0xFE, 0x00, 0x38, 0x07, 0xE0, 0x00, 0x00, 0x00, 0x00, 0x00, 0x00, 0x00, 0x00,
    0x07, 0xFF, 0xF0, 0x00, 0x0B, 0xFF, 0x40, 0x00, 0x07, 0xC0, 0x00, 0x00, 0x2F, 0x00, 0x00, 0x00,
    0xFC, 0x00, 0x00, 0x03, 0xE0, 0x00, 0x00, 0x0F, 0x40, 0x00, 0x00, 0x7C, 0x00, 0x00, 0x02, 0xF0,
    0x00, 0x00, 0x0F, 0x80, 0x00, 0x00, 0x3E, 0x00, 0x00, 0x00, 0xF4, 0x00, 0x00, 0x07, 0xC0, 0x00,
    0x00, 0x2F, 0x00, 0x00, 0x00, 0xF8, 0x00, 0x00, 0x03, 0xD0, 0x00, 0x00, 0x1F, 0x40, 0x00, 0x00,
    0xBC, 0x00, 0x00, 0x02, 0xF0, 0x00, 0x00, 0xBF, 0xF8, 0x00, 0x07, 0xFF, 0xF0, 0x00, 0x00, 0x02,
    0x90, 0x0D, 0x0F, 0xFD, 0x3C, 0x2E, 0x7F, 0xF8, 0x38, 0x07, 0xE0, 0x00, 0x00, 0x00, 0x00, 0x00,
    0x00, 0x00, 0xF8, 0x00, 0x00, 0xF4, 0x00, 0x01, 0xF0, 0x00, 0x02, 0xF0, 0x00, 0x03, 0xF0, 0x00,
    0x03, 0xE0, 0x00, 0x03, 0xD0, 0x00, 0x07, 0xC0, 0x00, 0x0B, 0xC0, 0x00, 0x0F, 0x80, 0x00, 0x0F,
    0x80, 0x00, 0x1F, 0x40, 0x00, 0x1F, 0x00, 0x00, 0x2F, 0x00, 0x00, 0x3E, 0x00, 0x00, 0x3D, 0x00,
    0x00, 0x00, 0x00, 0x00, 0x00, 0x03, 0xFF, 0xFC, 0x00, 0x3F, 0xFF, 0xC0, 0x00, 0x00, 0x00, 0x00,
    0x00, 0x00, 0x00, 0x07, 0xFF, 0xF0, 0x00, 0x2F, 0xFD, 0x00, 0x00, 0x7C, 0x00, 0x00, 0x0B, 0xC0,
    0x00, 0x00, 0xFC, 0x00, 0x00, 0x0F, 0x80, 0x00, 0x00, 0xF4, 0x00, 0x00, 0x1F, 0x00, 0x00, 0x02,
    0xF0, 0x00, 0x00, 0x3E, 0x00, 0x00, 0x03, 0xE0, 0x00, 0x00, 0x3D, 0x00, 0x00, 0x07, 0xC0, 0x00,
    0x00, 0xBC, 0x00, 0x00, 0x0F, 0x80, 0x00, 0x00, 0xF4, 0x00, 0x00, 0x1F, 0x40, 0x00, 0x02, 0xF0,
    0x00, 0x00, 0x2F, 0x00, 0x00, 0x2F, 0xFE, 0x00, 0x07, 0xFF, 0xF0, 0x00, 0x0F, 0xFF, 0xF0, 0x3F,
    0xFF, 0xC0, 0x00, 0x00, 0x00, 0x00, 0x00, 0x00, 0xF8, 0x00, 0x03, 0xD0, 0x00, 0x1F, 0x00, 0x00,
    0xBC, 0x00, 0x03, 0xF0, 0x00, 0x0F, 0x80, 0x00, 0x3D, 0x00, 0x01, 0xF0, 0x00, 0x0B, 0xC0, 0x00,
    0x3E, 0x00, 0x00, 0xF8, 0x00, 0x07, 0xD0, 0x00, 0x1F, 0x00, 0x00, 0xBC, 0x00, 0x03, 0xE0, 0x00,
    0x0F, 0x40, 0x00, 0x00, 0x3C, 0x00, 0xD0, 0x02, 0xE0, 0x7C, 0x00, 0x1F, 0xFF, 0x40, 0x00, 0x7F,
    0xD0, 0x00, 0x00, 0x00, 0x00, 0x00, 0x00, 0x00, 0x00, 0x7F, 0xFF, 0x00, 0x02, 0xFF, 0xD0, 0x00,
    0x07, 0xC0, 0x00, 0x00, 0xBC, 0x00, 0x00, 0x0F, 0xC0, 0x00, 0x00, 0xF8, 0x00, 0x00, 0x0F, 0x40,
    0x00, 0x01, 0xF0, 0x00, 0x00, 0x2F, 0x00, 0x00, 0x03, 0xE0, 0x00, 0x00, 0x3E, 0x00, 0x00, 0x03,
    0xD0, 0x00, 0x00, 0x7C, 0x00, 0x00, 0x0B, 0xC0, 0x00, 0x00, 0xF8, 0x00, 0x00, 0x0F, 0x40, 0x00,
    0x01, 0xF4, 0x00, 0x00, 0x2F, 0x00, 0x00, 0x02, 0xF0, 0x00, 0x02, 0xFF, 0xE0, 0x00, 0x7F, 0xFF,
    0x00, 0x00, 0x0F, 0x00, 0x74, 0x3D, 0x07, 0xC0, 0x7F, 0xFD, 0x00, 0x7F, 0xD0, 0x00, 0x00, 0x00,
    0x00, 0x00, 0x00, 0x0F, 0x80, 0x00, 0x3D, 0x00, 0x01, 0xF0, 0x00, 0x0B, 0xC0, 0x00, 0x3F, 0x00,
    0x00, 0xF8, 0x00, 0x03, 0xD0, 0x00, 0x1F, 0x00, 0x00, 0xBC, 0x00, 0x03, 0xE0, 0x00, 0x0F, 0x80,
    0x00, 0x7D, 0x00, 0x01, 0xF0, 0x00, 0x0B, 0xC0, 0x00, 0x3E, 0x00, 0x00, 0xF4, 0x00, 0x00, 0x00,
    0x7F, 0xFF, 0x00, 0x0B, 0xFF, 0x40, 0x00, 0x7C, 0x00, 0x00, 0x2F, 0x00, 0x00, 0x0F, 0xC0, 0x00,
    0x03, 0xE0, 0x00, 0x00, 0xF4, 0x00, 0x00, 0x7C, 0x00, 0x00, 0x2F, 0x00, 0x00, 0x0F, 0x80, 0x00,
    0x03, 0xE0, 0x00, 0x00, 0xF4, 0x00, 0x00, 0x7C, 0x00, 0x00, 0x2F, 0x00, 0x00, 0x0F, 0x80, 0x00,
    0x03, 0xD0, 0x00, 0x01, 0xF4, 0x00, 0x00, 0xBC, 0x00, 0x00, 0x2F, 0x00, 0x00, 0xBF, 0xF8, 0x00,
    0x7F, 0xFF, 0x00, 0x00, 0x78, 0x00, 0x00, 0x78, 0x00, 0x00, 0x3C, 0x00, 0x00, 0x1E, 0x00, 0x00,
    0x0B, 0x80, 0x00, 0x01, 0xFE, 0x00, 0x00, 0x2F, 0x80, 0x00, 0x00, 0x00, 0x00, 0x00, 0x00, 0x0B,
    0x80, 0x03, 0xF0, 0x00, 0xF4, 0x00, 0x00, 0x00, 0x00, 0x00, 0x0F, 0x80, 0x03, 0xD0, 0x01, 0xF0,
    0x00, 0xBC, 0x00, 0x3F, 0x00, 0x0F, 0x80, 0x03, 0xD0, 0x01, 0xF0, 0x00, 0xBC, 0x00, 0x3E, 0x00,
    0x0F, 0x80, 0x07, 0xD0, 0x01, 0xF0, 0x00, 0xBC, 0x00, 0x3E, 0x00, 0x0F, 0x40, 0x02, 0xD0, 0x02,
    0xD0, 0x01, 0xE0, 0x00, 0xF0, 0x00, 0x3D, 0x00, 0x0F, 0xF0, 0x01, 0xFC, 0x00, 0x00, 0x00, 0x00,
    0x00, 0x00, 0xB8, 0x00, 0x00, 0x3F, 0x00, 0x00, 0x0F, 0x40, 0x00, 0x00, 0x00, 0x00, 0x00, 0x00,
    0x00, 0x00, 0x00, 0x00, 0x07, 0xFF, 0xF0, 0x00, 0xBF, 0xF4, 0x00, 0x07, 0xC0, 0x00, 0x02, 0xF0,
    0x00, 0x00, 0xFC, 0x00, 0x00, 0x3E, 0x00, 0x00, 0x0F, 0x40, 0x00, 0x07, 0xC0, 0x00, 0x02, 0xF0,
    0x00, 0x00, 0xF8, 0x00, 0x00, 0x3E, 0x00, 0x00, 0x0F, 0x40, 0x00, 0x07, 0xC0, 0x00, 0x02, 0xF0,
    0x00, 0x00, 0xF8, 0x00, 0x00, 0x3D, 0x00, 0x00, 0x1F, 0x40, 0x00, 0x0B, 0xC0, 0x00, 0x02, 0xF0,
    0x00, 0x0B, 0xFF, 0x80, 0x07, 0xFF, 0xF0, 0x00, 0x00, 0xF8, 0x03, 0xD0, 0x1F, 0x00, 0xBC, 0x03,
    0xF0, 0x0F, 0x80, 0x3D, 0x01, 0xF0, 0x0B, 0xC0, 0x3E, 0x00, 0xF8, 0x07, 0xD0, 0x1F, 0x00, 0xBC,
    0x03, 0xE0, 0x0F, 0x40, 0x00, 0x7F, 0xFF, 0x00, 0xF8, 0x00, 0xBF, 0xF4, 0x03, 0xD0, 0x00, 0x7C,
    0x00, 0x1F, 0x00, 0x02, 0xF0, 0x00, 0xBC, 0x00, 0x0F, 0xC0, 0x03, 0xE0, 0x00, 0x3E, 0x00, 0x0F,
    0x80, 0x00, 0xF4, 0x00, 0x7D, 0x00, 0x07, 0xC0, 0x02, 0xF0, 0x00, 0x2F, 0x00, 0x0B, 0xC0, 0x00,
    0xF8, 0x00, 0x3E, 0x00, 0x03, 0xE0, 0x00, 0xF4, 0x00, 0x0F, 0x40, 0x07, 0xC0, 0x00, 0x7C, 0x00,
    0x2F, 0x00, 0x02, 0xF0, 0x00, 0xFC, 0x00, 0x0F, 0x80, 0x03, 0xE0, 0x00, 0x3D, 0x00, 0x0F, 0x40,
    0x01, 0xF4, 0x00, 0x7C, 0x00, 0x0B, 0xC0, 0x02, 0xF0, 0x00, 0x2F, 0x00, 0x0F, 0x80, 0x0B, 0xFF,
    0x80, 0x3E, 0x00, 0x7F, 0xFF, 0x01, 0xF4, 0x00, 0x00, 0x00, 0x0B, 0xC0, 0x00, 0x00, 0x00, 0x3E,
    0x00, 0x00, 0x00, 0x07, 0xF0, 0x00, 0x00, 0x0F, 0xFF, 0x40, 0x00, 0x00, 0x3F, 0xE4, 0x00, 0x00,
    0x00, 0x00, 0x00, 0x00, 0x00, 0x00, 0x2E, 0x00, 0x3C, 0x00, 0x3F, 0x00, 0xBD, 0x00, 0x3D, 0x00,
    0x78, 0x00, 0x00, 0x00, 0x00, 0x00, 0x00, 0x00, 0x00, 0x00, 0xF8, 0x01, 0xF0, 0x00, 0xF4, 0x02,
    0xF0, 0x01, 0xF0, 0x03, 0xE0, 0x02, 0xF0, 0x03, 0xD0, 0x03, 0xF0, 0x07, 0xD0, 0x03, 0xE0, 0x07,
    0xC0, 0x03, 0xD0, 0x0B, 0xC0, 0x07, 0xC0, 0x0F, 0x80, 0x0B, 0xC0, 0x0F, 0x40, 0x0F, 0x80, 0x1F,
    0x00, 0x0F, 0x80, 0x2F, 0x00, 0x1F, 0x40, 0x2F, 0x00, 0x1F, 0x00, 0x3E, 0x00, 0x2F, 0x00, 0x3D,
    0x00, 0x3E, 0x00, 0x7C, 0x00, 0x3D, 0x00, 0xBC, 0x00, 0x00, 0x00, 0xFC, 0x00, 0x00, 0x00, 0xF8,
    0x00, 0x00, 0x00, 0xF4, 0x00, 0x00, 0x02, 0xF0, 0x00, 0x00, 0x47, 0xE0, 0x00, 0x00, 0xFF, 0xC0,
    0x00, 0x00, 0xFE, 0x00, 0x00, 0x00, 0x00, 0x01, 0xA0, 0x00, 0x00, 0x01, 0xFD, 0x00, 0x00, 0x01,
    0xFB, 0xC0, 0x00, 0x01, 0xF4, 0xB8, 0x00, 0x01, 0xE0, 0x0B, 0x40, 0x00, 0x00, 0x00, 0x00, 0x00,
    0x00, 0x00, 0x00, 0x00, 0x00, 0x1F, 0x00, 0x00, 0x00, 0x0B, 0xC0, 0x00, 0x00, 0x03, 0xE0, 0x00,
    0x00, 0x00, 0xF4, 0x00, 0x00, 0x00, 0x7D, 0x00, 0x00, 0x00, 0x2F, 0x00, 0x00, 0x00, 0x0F, 0xC0,
    0x00, 0x00, 0x03, 0xE0, 0x00, 0x00, 0x00, 0xF4, 0x00, 0x00, 0x00, 0x7C, 0x00, 0x00, 0x00, 0x2F,
    0x00, 0x00, 0x00, 0x0F, 0xC0, 0x00, 0x00, 0x03, 0xE0, 0x00, 0x00, 0x01, 0xF4, 0x00, 0x00, 0x00,
    0x7C, 0x00, 0x00, 0x00, 0x2F, 0x00, 0x00, 0x00, 0x0F, 0x80, 0x00, 0x00, 0x03, 0xE0, 0x00, 0x00,
    0x01, 0xF4, 0x00, 0x00, 0x00, 0xBC, 0x00, 0x00, 0x00, 0x3F, 0x00, 0x00, 0x00, 0x0F, 0x80, 0x00,
    0x00, 0x0B, 0xD0, 0x00, 0x00, 0x0B, 0xE0, 0x00, 0x02, 0xFF, 0xF0, 0x00, 0x00, 0x7F, 0xE0, 0x00,
    0x00, 0x00, 0x00, 0x00, 0x00, 0x00, 0x00, 0x00, 0x19, 0x00, 0x00, 0x02, 0xFC, 0x00, 0x00, 0x2F,
    0xF8, 0x00, 0x02, 0xF0, 0xF4, 0x00, 0x2E, 0x00, 0xF0, 0x00, 0x00, 0x00, 0x00, 0x00, 0x00, 0x00,
    0x00, 0x00, 0x3E, 0x00, 0x00, 0x00, 0xF4, 0x00, 0x00, 0x07, 0xC0, 0x00, 0x00, 0x2F, 0x00, 0x00,
    0x00, 0xF8, 0x00, 0x00, 0x03, 0xE0, 0x00, 0x00, 0x0F, 0x40, 0x00, 0x00, 0x7C, 0x00, 0x00, 0x02,
    0xF0, 0x00, 0x00, 0x0F, 0x80, 0x00, 0x00, 0x3D, 0x00, 0x00, 0x01, 0xF4, 0x00, 0x00, 0x07, 0xC0,
    0x00, 0x00, 0x2F, 0x00, 0x00, 0x00, 0xF8, 0x00, 0x00, 0x03, 0xD0, 0x00, 0x00, 0x1F, 0x00, 0x00,
    0x00, 0xBC, 0x00, 0x00, 0x02, 0xF0, 0x00, 0x00, 0x0F, 0x80, 0x00, 0x00, 0xFC, 0x00, 0x00, 0xBF,
    0xD0, 0x00, 0x02, 0xFD, 0x00, 0x00, 0x00, 0x00, 0xBC, 0x00, 0x0B, 0xD0, 0x0B, 0xC0, 0x02, 0xF8,
    0x00, 0xF8, 0x00, 0xBE, 0x00, 0x0F, 0x40, 0x2F, 0x80, 0x01, 0xF0, 0x0B, 0xE0, 0x00, 0x2F, 0x01,
    0xF8, 0x00, 0x03, 0xF0, 0x7E, 0x00, 0x00, 0x3E, 0x1F, 0x80, 0x00, 0x03, 0xD7, 0xE0, 0x00, 0x00,
    0x7E, 0xFC, 0x00, 0x00, 0x0B, 0xFF, 0xD0, 0x00, 0x00, 0xFF, 0x3F, 0x00, 0x00, 0x0F, 0x81, 0xF4,
    0x00, 0x00, 0xF4, 0x0F, 0x80, 0x00, 0x1F, 0x00, 0xBC, 0x00, 0x02, 0xF0, 0x03, 0xE0, 0x00, 0x3E,
    0x00, 0x3F, 0x00, 0x03, 0xE0, 0x01, 0xF4, 0x00, 0x7D, 0x00, 0x0F, 0xC0, 0x07, 0xC0, 0x00, 0xBC,
    0x00, 0xBC, 0x00, 0x03, 0xE0, 0x00, 0x00, 0x00, 0x00, 0x00, 0x00, 0x00, 0x00, 0x00, 0x00, 0x03,
    0xD0, 0x00, 0x00, 0x00, 0xBC, 0x00, 0x00, 0x00, 0x0F, 0x00, 0x00, 0x00, 0x02, 0xD0, 0x00, 0x00,
    0x00, 0x14, 0x00, 0x00, 0x00, 0x00, 0x2F, 0x00, 0x00, 0x00, 0x3F, 0x00, 0x00, 0x00, 0x3E, 0x00,
    0x00, 0x00, 0x7D, 0x00, 0x00, 0x00, 0x7C, 0x00, 0x00, 0x00, 0xBC, 0x00, 0x00, 0x00, 0xF8, 0x00,
    0xFC, 0x00, 0xF4, 0x03, 0xF0, 0x01, 0xF0, 0x0F, 0xC0, 0x02, 0xF0, 0x3F, 0x00, 0x03, 0xF0, 0xFC,
    0x00, 0x03, 0xD3, 0xF0, 0x00, 0x03, 0xDF, 0xC0, 0x00, 0x07, 0xFF, 0xC0, 0x00, 0x0B, 0xFF, 0xD0,
    0x00, 0x0F, 0xD3, 0xF0, 0x00, 0x0F, 0x81, 0xF4, 0x00, 0x1F, 0x40, 0xF8, 0x00, 0x1F, 0x00, 0xBC,
    0x00, 0x2F, 0x00, 0x3E, 0x00, 0x3E, 0x00, 0x2F, 0x00, 0x3D, 0x00, 0x1F, 0x80, 0x00, 0x00, 0x00,
    0x00, 0x00, 0x00, 0x00, 0x00, 0x00, 0x3E, 0x00, 0x00, 0x00, 0x7C, 0x00, 0x00, 0x00, 0xF4, 0x00,
    0x00, 0x01, 0xE0, 0x00, 0x00, 0x01, 0x40, 0x00, 0x00, 0x00, 0xF8, 0x00, 0xFC, 0x00, 0xF4, 0x03,
    0xF0, 0x01, 0xF0, 0x0F, 0xC0, 0x02, 0xF0, 0x3F, 0x00, 0x03, 0xE0, 0xFC, 0x00, 0x03, 0xD3, 0xF0,
    0x00, 0x07, 0xDF, 0xC0, 0x00, 0x07, 0xFF, 0xC0, 0x00, 0x0B, 0xFF, 0xD0, 0x00, 0x0F, 0xD3, 0xF0,
    0x00, 0x0F, 0x81, 0xF4, 0x00, 0x1F, 0x40, 0xF8, 0x00, 0x2F, 0x00, 0xBC, 0x00, 0x2F, 0x00, 0x3E,
    0x00, 0x3E, 0x00, 0x2F, 0x00, 0x3D, 0x00, 0x1F, 0x80, 0x00, 0x00, 0x68, 0x00, 0x00, 0xFC, 0x00,
    0x03, 0xF0, 0x00, 0x0B, 0x80, 0x00, 0x2E, 0x00, 0x00, 0x00, 0x00, 0x00, 0x00, 0x00, 0x00, 0xBC,
    0x00, 0x00, 0xBC, 0x00, 0x00, 0xF8, 0x00, 0x00, 0xF4, 0x00, 0x01, 0xF4, 0x00, 0x02, 0xF0, 0x00,
    0x03, 0xF0, 0x00, 0x03, 0xE0, 0x00, 0x03, 0xD0, 0x00, 0x07, 0xC0, 0x00, 0x0B, 0xC0, 0x00, 0x0F,
    0xC0, 0x00, 0x0F, 0x80, 0x00, 0x0F, 0x40, 0x00, 0x1F, 0x00, 0x00, 0x2F, 0x00, 0x00, 0x3E, 0x00,
    0x00, 0x3E, 0x00, 0x00, 0x7E, 0x55, 0x54, 0x7F, 0xFF, 0xFC, 0xBF, 0xFF, 0xFC, 0x00, 0x00, 0x7E,
    0x00, 0x00, 0xF8, 0x00, 0x03, 0xE0, 0x00, 0x0F, 0x80, 0x00, 0x09, 0x00, 0x00, 0x00, 0x00, 0x00,
    0x00, 0x00, 0x00, 0x2F, 0x00, 0x00, 0x3F, 0x00, 0x00, 0x3E, 0x00, 0x00, 0x3D, 0x00, 0x00, 0x7C,
    0x00, 0x00, 0xBC, 0x00, 0x00, 0xF8, 0x00, 0x00, 0xF4, 0x00, 0x01, 0xF4, 0x00, 0x02, 0xF0, 0x00,
    0x02, 0xF0, 0x00, 0x03, 0xE0, 0x00, 0x03, 0xD0, 0x00, 0x07, 0xC0, 0x00, 0x0B, 0xC0, 0x00, 0x0F,
    0xC0, 0x00, 0x0F, 0x80, 0x00, 0x1F, 0x40, 0x00, 0x1F, 0x00, 0x00, 0x2F, 0x00, 0x00, 0x3E, 0x00,
    0x00, 0x3D, 0x00, 0x00, 0x00, 0xBC, 0x00, 0x00, 0xBC, 0x00, 0x00, 0xF8, 0x00, 0x00, 0xF4, 0x00,
    0x01, 0xF4, 0x00, 0x02, 0xF0, 0x00, 0x03, 0xF0, 0x00, 0x03, 0xE0, 0x00, 0x03, 0xD0, 0x00, 0x07,
    0xC0, 0x00, 0x0B, 0xC0, 0x00, 0x0F, 0xC0, 0x00, 0x0F, 0x80, 0x00, 0x0F, 0x40, 0x00, 0x1F, 0x00,
    0x00, 0x2F, 0x00, 0x00, 0x3E, 0x00, 0x00, 0x3E, 0x00, 0x00, 0x7E, 0x55, 0x54, 0x7F, 0xFF, 0xFC,
    0xBF, 0xFF, 0xFC, 0x00, 0x00, 0x00, 0x00, 0x00, 0x00, 0x00, 0xF8, 0x00, 0x01, 0xF0, 0x00, 0x03,
    0xD0, 0x00, 0x07, 0x80, 0x00, 0x05, 0x00, 0x00, 0x00, 0x02, 0xF0, 0x00, 0x0F, 0xC0, 0x00, 0x3E,
    0x00, 0x00, 0xF4, 0x00, 0x07, 0xC0, 0x00, 0x2F, 0x00, 0x00, 0xF8, 0x00, 0x03, 0xD0, 0x00, 0x1F,
    0x40, 0x00, 0xBC, 0x00, 0x02, 0xF0, 0x00, 0x0F, 0x80, 0x00, 0x3D, 0x00, 0x01, 0xF0, 0x00, 0x0B,
    0xC0, 0x00, 0x3F, 0x00, 0x00, 0xF8, 0x00, 0x07, 0xD0, 0x00, 0x1F, 0x00, 0x00, 0xBC, 0x00, 0x03,
    0xE0, 0x00, 0x0F, 0x40, 0x00, 0x00, 0x00, 0x00, 0x00, 0x00, 0x03, 0xD0, 0x00, 0x2E, 0x00, 0x00,
    0xF0, 0x00, 0x0B, 0x40, 0x00, 0x24, 0x00, 0x00, 0x00, 0xBC, 0x02, 0xF0, 0x02, 0xF0, 0x0F, 0x40,
    0x0F, 0x80, 0x7C, 0x00, 0x3D, 0x03, 0xC0, 0x01, 0xF4, 0x19, 0x00, 0x0B, 0xC0, 0x00, 0x00, 0x3F,
    0x00, 0x00, 0x00, 0xF8, 0x00, 0x00, 0x03, 0xD0, 0x00, 0x00, 0x1F, 0x00, 0x00, 0x00, 0xBC, 0x00,
    0x00, 0x03, 0xF0, 0x00, 0x00, 0x0F, 0x80, 0x00, 0x00, 0x3D, 0x00, 0x00, 0x01, 0xF0, 0x00, 0x00,
    0x0B, 0xC0, 0x00, 0x00, 0x3E, 0x00, 0x00, 0x00, 0xF8, 0x00, 0x00, 0x07, 0xE5, 0x55, 0x40, 0x1F,
    0xFF, 0xFF, 0x00, 0xBF, 0xFF, 0xFC, 0x00, 0x00, 0x2F, 0x0F, 0x80, 0x0F, 0xC7, 0xC0, 0x03, 0xE3,
    0xD0, 0x00, 0xF5, 0xE0, 0x00, 0x7C, 0x60, 0x00, 0x2F, 0x00, 0x00, 0x0F, 0x80, 0x00, 0x03, 0xD0,
    0x00, 0x01, 0xF4, 0x00, 0x00, 0xBC, 0x00, 0x00, 0x2F, 0x00, 0x00, 0x0F, 0x80, 0x00, 0x03, 0xD0,
    0x00, 0x01, 0xF0, 0x00, 0x00, 0xBC, 0x00, 0x00, 0x3F, 0x00, 0x00, 0x0F, 0x80, 0x00, 0x07, 0xD0,
    0x00, 0x01, 0xF0, 0x00, 0x00, 0xBC, 0x00, 0x00, 0x3E, 0x00, 0x00, 0x0F, 0x40, 0x00, 0x00, 0x00,
    0xBC, 0x00, 0x00, 0xBC, 0x00, 0x00, 0xF8, 0x00, 0x00, 0xF4, 0x00, 0x01, 0xF4, 0x00, 0x02, 0xF0,
    0x00, 0x03, 0xF0, 0x00, 0x03, 0xE0, 0x00, 0x03, 0xD0, 0x00, 0x07, 0xC0, 0x2E, 0x0B, 0xC0, 0x3F,
    0x0F, 0xC0, 0x3D, 0x0F, 0x80, 0x00, 0x0F, 0x40, 0x00, 0x1F, 0x00, 0x00, 0x2F, 0x00, 0x00, 0x3E,
    0x00, 0x00, 0x3E, 0x00, 0x00, 0x7E, 0x55, 0x54, 0x7F, 0xFF, 0xFC, 0xBF, 0xFF, 0xFC, 0x00, 0x2F,
    0x00, 0x00, 0xFC, 0x00, 0x03, 0xE0, 0x00, 0x0F, 0x40, 0x00, 0x7C, 0x00, 0x02, 0xF0, 0x00, 0x0F,
    0x80, 0x00, 0x3D, 0x00, 0x01, 0xF4, 0x00, 0x0B, 0xC0, 0x00, 0x2F, 0x1F, 0x00, 0xF8, 0xFC, 0x03,
    0xD1, 0xE0, 0x1F, 0x00, 0x00, 0xBC, 0x00, 0x03, 0xF0, 0x00, 0x0F, 0x80, 0x00, 0x7D, 0x00, 0x01,
    0xF0, 0x00, 0x0B, 0xC0, 0x00, 0x3E, 0x00, 0x00, 0xF4, 0x00, 0x00, 0x00, 0x2F, 0x00, 0x00, 0x0B,
    0xC0, 0x00, 0x03, 0xE0, 0x00, 0x00, 0xF4, 0x00, 0x00, 0x7C, 0x00, 0x00, 0x2F, 0x00, 0x00, 0x0F,
    0xC0, 0x00, 0x03, 0xE0, 0x00, 0x00, 0xF4, 0xF0, 0x00, 0x7F, 0xFC, 0x00, 0x2F, 0xF4, 0x00, 0x1F,
    0xE0, 0x00, 0x2F, 0xE0, 0x00, 0x1F, 0xF4, 0x00, 0x01, 0x7C, 0x00, 0x00, 0x2F, 0x00, 0x00, 0x0F,
    0x80, 0x00, 0x03, 0xE0, 0x00, 0x01, 0xF9, 0x55, 0x50, 0xBF, 0xFF, 0xFC, 0x2F, 0xFF, 0xFF, 0x00,
    0x00, 0x2F, 0x00, 0x0F, 0xC0, 0x03, 0xE0, 0x00, 0xF4, 0x00, 0x7C, 0x00, 0x2F, 0x00, 0x0F, 0x80,
    0x03, 0xD0, 0x01, 0xF4, 0x00, 0xBE, 0xC0, 0x3F, 0xF0, 0x1F, 0xD0, 0x2F, 0xD0, 0x2F, 0xF0, 0x01,
    0xBC, 0x00, 0x3F, 0x00, 0x0F, 0x80, 0x07, 0xD0, 0x01, 0xF0, 0x00, 0xBC, 0x00, 0x3E, 0x00, 0x0F,
    0x40, 0x00, 0x00, 0x00, 0x00, 0x06, 0x80, 0x00, 0x00, 0x00, 0x1F, 0x80, 0x00, 0x00, 0x00, 0x3E,
    0x00, 0x00, 0x00, 0x00, 0xF8, 0x00, 0x00, 0x00, 0x02, 0xD0, 0x00, 0x00, 0x00, 0x00, 0x00, 0x00,
    0x00, 0x00, 0x00, 0x00, 0x00, 0x00, 0xBE, 0x00, 0x00, 0x3E, 0x00, 0xBF, 0x00, 0x00, 0x3D, 0x00,
    0xFF, 0x40, 0x00, 0x3C, 0x00, 0xFF, 0x80, 0x00, 0x7C, 0x01, 0xFB, 0xC0, 0x00, 0xBC, 0x02, 0xF3,
    0xD0, 0x00, 0xF8, 0x03, 0xE3, 0xE0, 0x00, 0xF4, 0x03, 0xD1, 0xF0, 0x01, 0xF0, 0x03, 0xC0, 0xF4,
    0x02, 0xF0, 0x07, 0xC0, 0xBC, 0x02, 0xF0, 0x0B, 0xC0, 0x7C, 0x03, 0xE0, 0x0F, 0x80, 0x3E, 0x03,
    0xD0, 0x0F, 0x40, 0x2F, 0x07, 0xC0, 0x1F, 0x00, 0x0F, 0x4B, 0xC0, 0x1F, 0x00, 0x0F, 0x8B, 0x80,
    0x2F, 0x00, 0x07, 0xCF, 0x80, 0x3E, 0x00, 0x03, 0xDF, 0x40, 0x3D, 0x00, 0x02, 0xFF, 0x00, 0x7C,
    0x00, 0x01, 0xFF, 0x00, 0xBC, 0x00, 0x00, 0xFE, 0x00, 0xB8, 0x00, 0x00, 0xBD, 0x00, 0x00, 0x00,
    0x00, 0x68, 0x00, 0x00, 0x01, 0xF8, 0x00, 0x00, 0x03, 0xE0, 0x00, 0x00, 0x0F, 0x80, 0x00, 0x00,
    0x2D, 0x00, 0x00, 0x00, 0x00, 0x00, 0x00, 0x00, 0x00, 0x00, 0x00, 0xF4, 0x2F, 0xD0, 0x01, 0xF1,
    0xFF, 0xF8, 0x01, 0xFB, 0xD1, 0xFC, 0x02, 0xFE, 0x00, 0x7D, 0x03, 0xFC, 0x00, 0x7D, 0x03, 0xF0,
    0x00, 0xBC, 0x07, 0xE0, 0x00, 0xFC, 0x0B, 0xD0, 0x00, 0xFC, 0x0B, 0xC0, 0x00, 0xF8, 0x0F, 0xC0,
    0x01, 0xF4, 0x0F, 0x80, 0x02, 0xF0, 0x1F, 0x40, 0x03, 0xF0, 0x2F, 0x00, 0x03, 0xE0, 0x3F, 0x00,
    0x07, 0xE0, 0x3F, 0x00, 0x07, 0xD0, 0x3E, 0x00, 0x0B, 0xC0, 0x00, 0xBE, 0x00, 0x00, 0x3E, 0x00,
    0xBF, 0x00, 0x00, 0x3D, 0x00, 0xFF, 0x40, 0x00, 0x3C, 0x00, 0xFF, 0x80, 0x00, 0x7C, 0x01, 0xFB,
    0xC0, 0x00, 0xBC, 0x02, 0xF3, 0xD0, 0x00, 0xF8, 0x03, 0xE3, 0xE0, 0x00, 0xF4, 0x03, 0xD1, 0xF0,
    0x01, 0xF0, 0x03, 0xC0, 0xF4, 0x02, 0xF0, 0x07, 0xC0, 0xBC, 0x02, 0xF0, 0x0B, 0xC0, 0x7C, 0x03,
    0xE0, 0x0F, 0x80, 0x3E, 0x03, 0xD0, 0x0F, 0x40, 0x2F, 0x07, 0xC0, 0x1F, 0x00, 0x0F, 0x4B, 0xC0,
    0x1F, 0x00, 0x0F, 0x8B, 0x80, 0x2F, 0x00, 0x07, 0xCF, 0x80, 0x3E, 0x00, 0x03, 0xDF, 0x40, 0x3D,
    0x00, 0x02, 0xFF, 0x00, 0x7C, 0x00, 0x01, 0xFF, 0x00, 0xBC, 0x00, 0x00, 0xFE, 0x00, 0xB8, 0x00,
    0x00, 0xBD, 0x00, 0x00, 0x00, 0x00, 0x00, 0x00, 0x00, 0x00, 0x00, 0x00, 0x00, 0x00, 0x0B, 0xC0,
    0x00, 0x00, 0x00, 0x0F, 0x40, 0x00, 0x00, 0x00, 0x2E, 0x00, 0x00, 0x00, 0x00, 0x3C, 0x00, 0x00,
    0x00, 0x00, 0x10, 0x00, 0x00, 0x00, 0x00, 0xF4, 0x2F, 0xD0, 0x01, 0xF1, 0xFF, 0xF8, 0x01, 0xFB,
    0xD1, 0xFC, 0x02, 0xFE, 0x00, 0x7D, 0x03, 0xFC, 0x00, 0x7D, 0x03, 0xF0, 0x00, 0xBC, 0x07, 0xE0,
    0x00, 0xFC, 0x0B, 0xD0, 0x00, 0xFC, 0x0B, 0xC0, 0x00, 0xF8, 0x0F, 0xC0, 0x01, 0xF4, 0x0F, 0x80,
    0x02, 0xF0, 0x1F, 0x40, 0x03, 0xF0, 0x2F, 0x00, 0x03, 0xE0, 0x3F, 0x00, 0x07, 0xE0, 0x3F, 0x00,
    0x07, 0xD0, 0x3E, 0x00, 0x0B, 0xC0, 0x00, 0x00, 0x00, 0x00, 0x00, 0x05, 0x00, 0x00, 0x00, 0x2F,
    0x00, 0x00, 0x00, 0x3D, 0x00, 0x00, 0x00, 0xB8, 0x00, 0x00, 0x00, 0xE0, 0x00, 0x00, 0x00, 0x00,
    0x24, 0x00, 0x50, 0x00, 0x00, 0x2E, 0x07, 0xD0, 0x00, 0x00, 0x0F, 0x6F, 0x00, 0x00, 0x00, 0x07,
    0xFC, 0x00, 0x00, 0x00, 0x03, 0xF0, 0x00, 0x00, 0x00, 0x00, 0x00, 0x00, 0x00, 0x00, 0x00, 0x00,
    0x00, 0x00, 0xBE, 0x00, 0x00, 0x3E, 0x00, 0xBF, 0x00, 0x00, 0x3D, 0x00, 0xFF, 0x40, 0x00, 0x3C,
    0x00, 0xFF, 0x80, 0x00, 0x7C, 0x01, 0xFB, 0xC0, 0x00, 0xBC, 0x02, 0xF3, 0xD0, 0x00, 0xF8, 0x03,
    0xE3, 0xE0, 0x00, 0xF4, 0x03, 0xD1, 0xF0, 0x01, 0xF0, 0x03, 0xC0, 0xF4, 0x02, 0xF0, 0x07, 0xC0,
    0xBC, 0x02, 0xF0, 0x0B, 0xC0, 0x7C, 0x03, 0xE0, 0x0F, 0x80, 0x3E, 0x03, 0xD0, 0x0F, 0x40, 0x2F,
    0x07, 0xC0, 0x1F, 0x00, 0x0F, 0x4B, 0xC0, 0x1F, 0x00, 0x0F, 0x8B, 0x80, 0x2F, 0x00, 0x07, 0xCF,
    0x80, 0x3E, 0x00, 0x03, 0xDF, 0x40, 0x3D, 0x00, 0x02, 0xFF, 0x00, 0x7C, 0x00, 0x01, 0xFF, 0x00,
    0xBC, 0x00, 0x00, 0xFE, 0x00, 0xB8, 0x00, 0x00, 0xBD, 0x00, 0x00, 0x02, 0x40, 0x05, 0x00, 0x02,
    0xD0, 0x7C, 0x00, 0x00, 0xF6, 0xF0, 0x00, 0x00, 0x7F, 0xC0, 0x00, 0x00, 0x3F, 0x00, 0x00, 0x00,
    0x00, 0x00, 0x00, 0x00, 0x00, 0x00, 0x00, 0xF4, 0x2F, 0xD0, 0x01, 0xF1, 0xFF, 0xF8, 0x01, 0xFB,
    0xD1, 0xFC, 0x02, 0xFE, 0x00, 0x7D, 0x03, 0xFC, 0x00, 0x7D, 0x03, 0xF0, 0x00, 0xBC, 0x07, 0xE0,
    0x00, 0xFC, 0x0B, 0xD0, 0x00, 0xFC, 0x0B, 0xC0, 0x00, 0xF8, 0x0F, 0xC0, 0x01, 0xF4, 0x0F, 0x80,
    0x02, 0xF0, 0x1F, 0x40, 0x03, 0xF0, 0x2F, 0x00, 0x03, 0xE0, 0x3F, 0x00, 0x07, 0xE0, 0x3F, 0x00,
    0x07, 0xD0, 0x3E, 0x00, 0x0B, 0xC0, 0x03, 0xF0, 0x00, 0x00, 0x01, 0xF4, 0x00, 0x00, 0x00, 0xFC,
    0x00, 0x00, 0x00, 0x3D, 0x00, 0x00, 0x00, 0x2F, 0x00, 0x00, 0x00, 0x0F, 0x0F, 0x82, 0xFE, 0x0B,
    0x83, 0xD7, 0xFF, 0xF0, 0x00, 0xFB, 0xD0, 0xBD, 0x00, 0x7F, 0xC0, 0x0F, 0x80, 0x2F, 0xC0, 0x03,
    0xE0, 0x0F, 0xD0, 0x01, 0xF4, 0x03, 0xF0, 0x00, 0xBD, 0x00, 0xF8, 0x00, 0x2F, 0x00, 0x7D, 0x00,
    0x0F, 0xC0, 0x2F, 0x00, 0x03, 0xE0, 0x0F, 0xC0, 0x01, 0xF4, 0x03, 0xE0, 0x00, 0xBC, 0x01, 0xF4,
    0x00, 0x3F, 0x00, 0xBD, 0x00, 0x0F, 0xC0, 0x2F, 0x00, 0x03, 0xE0, 0x0F, 0xC0, 0x01, 0xF4, 0x00,
    0x00, 0xBE, 0x00, 0x00, 0x3E, 0x00, 0xBF, 0x00, 0x00, 0x3D, 0x00, 0xFF, 0x40, 0x00, 0x7C, 0x00,
    0xFF, 0x80, 0x00, 0x7C, 0x01, 0xFB, 0xC0, 0x00, 0xBC, 0x02, 0xE3, 0xD0, 0x00, 0xF8, 0x03, 0xE3,
    0xF0, 0x00, 0xF4, 0x03, 0xD1, 0xF0, 0x01, 0xF0, 0x03, 0xC0, 0xF8, 0x02, 0xF0, 0x07, 0xC0, 0xBC,
    0x03, 0xE0, 0x0B, 0xC0, 0x3D, 0x03, 0xE0, 0x0F, 0x80, 0x3E, 0x03, 0xD0, 0x0F, 0x40, 0x1F, 0x07,
    0xC0, 0x1F, 0x00, 0x0F, 0x4B, 0xC0, 0x1F, 0x00, 0x0B, 0xCB, 0x80, 0x2F, 0x00, 0x07, 0xCF, 0x40,
    0x3E, 0x00, 0x03, 0xEF, 0x40, 0x3D, 0x00, 0x02, 0xFF, 0x00, 0x7C, 0x00, 0x00, 0xFF, 0x00, 0xBC,
    0x00, 0x00, 0xFE, 0x00, 0xB8, 0x00, 0x00, 0x7D, 0x00, 0x00, 0x00, 0x00, 0x7C, 0x00, 0x00, 0x00,
    0x00, 0xFC, 0x00, 0x00, 0x00, 0x02, 0xF4, 0x00, 0x00, 0x03, 0xFF, 0xE0, 0x00, 0x00, 0x03, 0xFF,
    0x40, 0x00, 0x00, 0x00, 0x00, 0x00, 0x00, 0x00, 0xF0, 0x2F, 0xD0, 0x00, 0xF1, 0xFF, 0xF8, 0x01,
    0xF7, 0xD1, 0xFC, 0x02, 0xFE, 0x00, 0x7C, 0x03, 0xFC, 0x00, 0x7C, 0x03, 0xF0, 0x00, 0x7C, 0x03,
    0xE0, 0x00, 0xBC, 0x07, 0xD0, 0x00, 0xF8, 0x0B, 0xC0, 0x00, 0xF4, 0x0F, 0xC0, 0x01, 0xF4, 0x0F,
    0x80, 0x02, 0xF0, 0x1F, 0x40, 0x02, 0xF0, 0x1F, 0x00, 0x03, 0xE0, 0x2F, 0x00, 0x03, 0xD0, 0x3E,
    0x00, 0x07, 0xC0, 0x3D, 0x00, 0x0B, 0xC0, 0x00, 0x00, 0x0F, 0xC0, 0x00, 0x00, 0x0F, 0x80, 0x00,
    0x00, 0x0F, 0x40, 0x00, 0x00, 0x2F, 0x00, 0x00, 0x04, 0x7E, 0x00, 0x00, 0x0F, 0xFC, 0x00, 0x00,
    0x0F, 0xE0, 0x00, 0x00, 0x00, 0x00, 0x00, 0x00, 0x00, 0x03, 0xFF, 0xFC, 0x00, 0x00, 0x0F, 0xFF,
    0xE0, 0x00, 0x00, 0x00, 0x00, 0x00, 0x00, 0x00, 0x00, 0x00, 0x00, 0x00, 0x07, 0xFF, 0x80, 0x00,
    0x02, 0xFF, 0xFF, 0xD0, 0x00, 0x3F, 0xD0, 0x2F, 0xD0, 0x02, 0xF8, 0x00, 0x0F, 0xC0, 0x2F, 0x80,
    0x00, 0x1F, 0x80, 0xFC, 0x00, 0x00, 0x3F, 0x0B, 0xD0, 0x00, 0x00, 0xFC, 0x3F, 0x00, 0x00, 0x02,
    0xF1, 0xF8, 0x00, 0x00, 0x0B, 0xCB, 0xD0, 0x00, 0x00, 0x2F, 0x2F, 0x00, 0x00, 0x00, 0xFC, 0xFC,
    0x00, 0x00, 0x03, 0xF3, 0xF0, 0x00, 0x00, 0x1F, 0x8F, 0xC0, 0x00, 0x00, 0xBD, 0x3F, 0x00, 0x00,
    0x03, 0xF0, 0xBC, 0x00, 0x00, 0x2F, 0x81, 0xF8, 0x00, 0x01, 0xFC, 0x03, 0xF4, 0x00, 0x1F, 0xC0,
    0x03, 0xF9, 0x07, 0xFD, 0x00, 0x07, 0xFF, 0xFF, 0xC0, 0x00, 0x01, 0xBF, 0xE4, 0x00, 0x00, 0x00,
    0x00, 0x00, 0x00, 0x00, 0xFF, 0xFF, 0x00, 0x03, 0xFF, 0xF8, 0x00, 0x00, 0x00, 0x00, 0x00, 0x00,
    0x00, 0x00, 0x00, 0x7F, 0xE0, 0x00, 0x0F, 0xFF, 0xF4, 0x00, 0xFE, 0x07, 0xF0, 0x0F, 0xD0, 0x03,
    0xE0, 0x7D, 0x00, 0x0F, 0xC3, 0xF0, 0x00, 0x2F, 0x0F, 0x80, 0x00, 0xBC, 0x7D, 0x00, 0x02, 0xF1,
    0xF0, 0x00, 0x0F, 0xCB, 0xC0, 0x00, 0x3E, 0x2F, 0x00, 0x01, 0xF0, 0x7C, 0x00, 0x0F, 0xC0, 0xF8,
    0x00, 0xBD, 0x02, 0xF9, 0x1F, 0xE0, 0x03, 0xFF, 0xFE, 0x00, 0x01, 0xFF, 0x80, 0x00, 0x00, 0x00,
    0xE0, 0x07, 0x40, 0x00, 0x03, 0xD0, 0x7C, 0x00, 0x00, 0x07, 0xFF, 0xD0, 0x00, 0x00, 0x07, 0xF8,
    0x00, 0x00, 0x00, 0x00, 0x00, 0x00, 0x00, 0x00, 0x00, 0x00, 0x00, 0x00, 0x1F, 0xFE, 0x00, 0x00,
    0x0B, 0xFF, 0xFF, 0x40, 0x00, 0xFF, 0x40, 0xBF, 0x40, 0x0B, 0xE0, 0x00, 0x3F, 0x00, 0xBE, 0x00,
    0x00, 0x7E, 0x03, 0xF0, 0x00, 0x00, 0xFC, 0x2F, 0x40, 0x00, 0x03, 0xF0, 0xFC, 0x00, 0x00, 0x0B,
    0xC7, 0xE0, 0x00, 0x00, 0x2F, 0x2F, 0x40, 0x00, 0x00, 0xBC, 0xBC, 0x00, 0x00, 0x03, 0xF3, 0xF0,
    0x00, 0x00, 0x0F, 0xCF, 0xC0, 0x00, 0x00, 0x7E, 0x3F, 0x00, 0x00, 0x02, 0xF4, 0xFC, 0x00, 0x00,
    0x0F, 0xC2, 0xF0, 0x00, 0x00, 0xBE, 0x07, 0xE0, 0x00, 0x07, 0xF0, 0x0F, 0xD0, 0x00, 0x7F, 0x00,
    0x0F, 0xE4, 0x1F, 0xF4, 0x00, 0x1F, 0xFF, 0xFF, 0x00, 0x00, 0x06, 0xFF, 0x90, 0x00, 0x00, 0x00,
    0x3C, 0x01, 0xD0, 0x00, 0xF4, 0x1F, 0x00, 0x01, 0xFF, 0xF4, 0x00, 0x01, 0xFE, 0x40, 0x00, 0x00,
    0x00, 0x00, 0x00, 0x00, 0x00, 0x00, 0x01, 0xFF, 0x80, 0x00, 0x3F, 0xFF, 0xD0, 0x03, 0xF8, 0x1F,
    0xC0, 0x3F, 0x40, 0x0F, 0x81, 0xF4, 0x00, 0x3F, 0x0F, 0xC0, 0x00, 0xBC, 0x3E, 0x00, 0x02, 0xF1,
    0xF4, 0x00, 0x0B, 0xC7, 0xC0, 0x00, 0x3F, 0x2F, 0x00, 0x00, 0xF8, 0xBC, 0x00, 0x07, 0xC1, 0xF0,
    0x00, 0x3F, 0x03, 0xE0, 0x02, 0xF4, 0x0B, 0xE4, 0x7F, 0x80, 0x0F, 0xFF, 0xF8, 0x00, 0x07, 0xFE,
    0x00, 0x00, 0x00, 0x00, 0x03, 0xF0, 0xFC, 0x00, 0x00, 0x07, 0xC2, 0xF0, 0x00, 0x00, 0x0F, 0x43,
    0xC0, 0x00, 0x00, 0x3D, 0x0F, 0x40, 0x00, 0x00, 0xB4, 0x2C, 0x00, 0x00, 0x00, 0x00, 0x00, 0x00,
    0x00, 0x00, 0x00, 0x00, 0x00, 0x00, 0x01, 0xFF, 0xE0, 0x00, 0x00, 0x2F, 0xFF, 0xFD, 0x00, 0x00,
    0xFF, 0x40, 0xBF, 0x40, 0x02, 0xF8, 0x00, 0x0F, 0xC0, 0x0B, 0xE0, 0x00, 0x07, 0xE0, 0x0F, 0xC0,
    0x00, 0x03, 0xF0, 0x2F, 0x40, 0x00, 0x03, 0xF0, 0x3F, 0x00, 0x00, 0x02, 0xF0, 0x7E, 0x00, 0x00,
    0x02, 0xF0, 0xBD, 0x00, 0x00, 0x02, 0xF0, 0xBC, 0x00, 0x00, 0x03, 0xF0, 0xFC, 0x00, 0x00, 0x03,
    0xF0, 0xFC, 0x00, 0x00, 0x07, 0xE0, 0xFC, 0x00, 0x00, 0x0B, 0xD0, 0xFC, 0x00, 0x00, 0x0F, 0xC0,
    0xBC, 0x00, 0x00, 0x2F, 0x80, 0x7E, 0x00, 0x00, 0x7F, 0x00, 0x3F, 0x40, 0x01, 0xFC, 0x00, 0x0F,
    0xE4, 0x1F, 0xF4, 0x00, 0x07, 0xFF, 0xFF, 0xC0, 0x00, 0x00, 0x6F, 0xF9, 0x00, 0x00, 0x00, 0x00,
    0xBC, 0x3F, 0x00, 0x00, 0x7D, 0x1F, 0x00, 0x00, 0x3D, 0x0F, 0x40, 0x00, 0x3D, 0x0F, 0x40, 0x00,
    0x2D, 0x0B, 0x40, 0x00, 0x00, 0x00, 0x00, 0x00, 0x00, 0x00, 0x00, 0x00, 0x00, 0x7F, 0xE0, 0x00,
    0x00, 0xFF, 0xFF, 0x40, 0x00, 0xFE, 0x07, 0xF0, 0x00, 0xFD, 0x00, 0x3E, 0x00, 0x7D, 0x00, 0x0F,
    0xC0, 0x3F, 0x00, 0x02, 0xF0, 0x0F, 0x80, 0x00, 0xBC, 0x07, 0xD0, 0x00, 0x2F, 0x01, 0xF0, 0x00,
    0x0F, 0xC0, 0xBC, 0x00, 0x03, 0xE0, 0x2F, 0x00, 0x01, 0xF0, 0x07, 0xC0, 0x00, 0xFC, 0x00, 0xF8,
    0x00, 0xBD, 0x00, 0x2F, 0x91, 0xFE, 0x00, 0x03, 0xFF, 0xFE, 0x00, 0x00, 0x1F, 0xF8, 0x00, 0x00,
    0x00, 0x01, 0xFF, 0xFF, 0xFF, 0xFF, 0x00, 0x0B, 0xFF, 0xFF, 0xFF, 0xFF, 0xC0, 0x0F, 0xF4, 0x03,
    0xE0, 0x00, 0x00, 0x0B, 0xE0, 0x00, 0xF4, 0x00, 0x00, 0x0B, 0xE0, 0x00, 0x7D, 0x00, 0x00, 0x03,
    0xF0, 0x00, 0x2F, 0x00, 0x00, 0x02, 0xF4, 0x00, 0x0F, 0xC0, 0x00, 0x00, 0xFC, 0x00, 0x03, 0xE0,
    0x00, 0x00, 0x7D, 0x00, 0x00, 0xF8, 0x00, 0x00, 0x2F, 0x00, 0x00, 0x7F, 0xFF, 0xF8, 0x0B, 0xC0,
    0x00, 0x2F, 0xFF, 0xFD, 0x03, 0xF0, 0x00, 0x0F, 0xC0, 0x00, 0x00, 0xFC, 0x00, 0x03, 0xE0, 0x00,
    0x00, 0x3F, 0x00, 0x00, 0xF4, 0x00, 0x00, 0x0F, 0xC0, 0x00, 0x7C, 0x00, 0x00, 0x02, 0xF0, 0x00,
    0x2F, 0x00, 0x00, 0x00, 0x7E, 0x00, 0x0F, 0xC0, 0x00, 0x00, 0x0F, 0xD0, 0x03, 0xE0, 0x00, 0x00,
    0x00, 0xFE, 0x41, 0xF4, 0x00, 0x00, 0x00, 0x1F, 0xFF, 0xFF, 0xFF, 0xFC, 0x00, 0x00, 0x6F, 0xFF,
    0xFF, 0xFF, 0x00, 0x00, 0x00, 0x1F, 0xF8, 0x00, 0x7F, 0xE0, 0x00, 0xFF, 0xFF, 0x43, 0xFF, 0xFC,
    0x03, 0xF8, 0x1F, 0xDF, 0xD0, 0xBD, 0x0F, 0xD0, 0x03, 0xFF, 0x00, 0x3D, 0x1F, 0x40, 0x02, 0xFC,
    0x00, 0x7D, 0x3F, 0x00, 0x02, 0xF8, 0x00, 0xFC, 0x3E, 0x00, 0x02, 0xF4, 0x5B, 0xF4, 0x7D, 0x00,
    0x02, 0xFF, 0xFF, 0xD0, 0x7C, 0x00, 0x03, 0xFF, 0xF9, 0x00, 0xBC, 0x00, 0x03, 0xE0, 0x00, 0x00,
    0xBC, 0x00, 0x07, 0xE0, 0x00, 0x00, 0x7C, 0x00, 0x0F, 0xF0, 0x00, 0x00, 0x3E, 0x00, 0x2F, 0xF4,
    0x00, 0x00, 0x2F, 0x81, 0xFD, 0xFD, 0x06, 0xD0, 0x0F, 0xFF, 0xF4, 0x7F, 0xFF, 0xD0, 0x01, 0xFF,
    0x80, 0x0B, 0xFE, 0x40, 0x00, 0x00, 0x00, 0x68, 0x00, 0x00, 0x01, 0xF8, 0x00, 0x00, 0x03, 0xE0,
    0x00, 0x00, 0x0F, 0x80, 0x00, 0x00, 0x3D, 0x00, 0x00, 0x00, 0x00, 0x00, 0x00, 0x00, 0x00, 0x00,
    0x00, 0xBF, 0xFF, 0x40, 0x00, 0xBF, 0xFF, 0xF0, 0x00, 0xF8, 0x06, 0xFC, 0x00, 0xF4, 0x00, 0xBD,
    0x01, 0xF0, 0x00, 0x3E, 0x02, 0xF0, 0x00, 0x3E, 0x03, 0xF0, 0x00, 0x3D, 0x03, 0xE0, 0x00, 0xBC,
    0x03, 0xD0, 0x01, 0xFC, 0x07, 0xC0, 0x1B, 0xF0, 0x0B, 0xFF, 0xFF, 0x80, 0x0F, 0xFF, 0xF8, 0x00,
    0x0F, 0x80, 0xF8, 0x00, 0x0F, 0x40, 0xBC, 0x00, 0x1F, 0x00, 0x3D, 0x00, 0x2F, 0x00, 0x3F, 0x00,
    0x3E, 0x00, 0x2F, 0x00, 0x3E, 0x00, 0x0F, 0x80, 0x7D, 0x00, 0x0F, 0xC0, 0x7C, 0x00, 0x0B, 0xD0,
    0xBC, 0x00, 0x03, 0xE0, 0x00, 0x00, 0x06, 0x80, 0x00, 0x00, 0xFC, 0x00, 0x00, 0x3F, 0x00, 0x00,
    0x0B, 0x80, 0x00, 0x02, 0xE0, 0x00, 0x00, 0x00, 0x00, 0x00, 0x00, 0x00, 0x00, 0x0F, 0x07, 0xF4,
    0x00, 0xF2, 0xFF, 0x00, 0x1F, 0xB9, 0x00, 0x02, 0xFE, 0x00, 0x00, 0x3F, 0x80, 0x00, 0x03, 0xF0,
    0x00, 0x00, 0x3E, 0x00, 0x00, 0x07, 0xC0, 0x00, 0x00, 0xBC, 0x00, 0x00, 0x0F, 0x80, 0x00, 0x00,
    0xF8, 0x00, 0x00, 0x1F, 0x40, 0x00, 0x01, 0xF0, 0x00, 0x00, 0x2F, 0x00, 0x00, 0x03, 0xE0, 0x00,
    0x00, 0x3D, 0x00, 0x00, 0x00, 0x00, 0xBF, 0xFF, 0x40, 0x00, 0xBF, 0xFF, 0xF0, 0x00, 0xF8, 0x06,
    0xFC, 0x00, 0xF4, 0x00, 0xBD, 0x01, 0xF0, 0x00, 0x3E, 0x02, 0xF0, 0x00, 0x3E, 0x03, 0xF0, 0x00,
    0x3D, 0x03, 0xE0, 0x00, 0xBC, 0x03, 0xD0, 0x01, 0xFC, 0x07, 0xC0, 0x1B, 0xF0, 0x0B, 0xFF, 0xFF,
    0x80, 0x0F, 0xFF, 0xF8, 0x00, 0x0F, 0x80, 0xF8, 0x00, 0x0F, 0x40, 0xBC, 0x00, 0x1F, 0x00, 0x3D,
    0x00, 0x2F, 0x00, 0x3F, 0x00, 0x3E, 0x00, 0x2F, 0x00, 0x3E, 0x00, 0x0F, 0x80, 0x7D, 0x00, 0x0F,
    0xC0, 0x7C, 0x00, 0x0B, 0xD0, 0xBC, 0x00, 0x03, 0xE0, 0x00, 0x00, 0x00, 0x00, 0x00, 0x00, 0x00,
    0x00, 0x00, 0x3D, 0x00, 0x00, 0x00, 0x7C, 0x00, 0x00, 0x00, 0xF0, 0x00, 0x00, 0x01, 0xD0, 0x00,
    0x00, 0x01, 0x40, 0x00, 0x00, 0x00, 0x3C, 0x1F, 0xD0, 0x03, 0xCB, 0xFC, 0x00, 0x7E, 0xE4, 0x00,
    0x0B, 0xF8, 0x00, 0x00, 0xFE, 0x00, 0x00, 0x0F, 0xC0, 0x00, 0x00, 0xF8, 0x00, 0x00, 0x1F, 0x00,
    0x00, 0x02, 0xF0, 0x00, 0x00, 0x3E, 0x00, 0x00, 0x03, 0xE0, 0x00, 0x00, 0x7D, 0x00, 0x00, 0x07,
    0xC0, 0x00, 0x00, 0xBC, 0x00, 0x00, 0x0F, 0x80, 0x00, 0x00, 0xF4, 0x00, 0x00, 0x00, 0x00, 0x00,
    0x00, 0x00, 0x00, 0x00, 0x0F, 0x40, 0x00, 0x02, 0xF0, 0x00, 0x00, 0x3C, 0x00, 0x00, 0x0B, 0x40,
    0x00, 0x00, 0x50, 0x00, 0x00, 0x00, 0x00, 0x02, 0x40, 0x05, 0x00, 0x02, 0xD0, 0x7C, 0x00, 0x00,
    0xF6, 0xF0, 0x00, 0x00, 0x7F, 0xC0, 0x00, 0x00, 0x3F, 0x00, 0x00, 0x00, 0x00, 0x00, 0x00, 0x00,
    0x00, 0x00, 0x00, 0xBF, 0xFF, 0x40, 0x00, 0xBF, 0xFF, 0xF0, 0x00, 0xF8, 0x06, 0xFC, 0x00, 0xF4,
    0x00, 0xBD, 0x01, 0xF0, 0x00, 0x3E, 0x02, 0xF0, 0x00, 0x3E, 0x03, 0xF0, 0x00, 0x3D, 0x03, 0xE0,
    0x00, 0xBC, 0x03, 0xD0, 0x01, 0xFC, 0x07, 0xC0, 0x1B, 0xF0, 0x0B, 0xFF, 0xFF, 0x80, 0x0F, 0xFF,
    0xF8, 0x00, 0x0F, 0x80, 0xF8, 0x00, 0x0F, 0x40, 0xBC, 0x00, 0x1F, 0x00, 0x3D, 0x00, 0x2F, 0x00,
    0x3F, 0x00, 0x3E, 0x00, 0x2F, 0x00, 0x3E, 0x00, 0x0F, 0x80, 0x7D, 0x00, 0x0F, 0xC0, 0x7C, 0x00,
    0x0B, 0xD0, 0xBC, 0x00, 0x03, 0xE0, 0x00, 0x14, 0x00, 0x50, 0x00, 0x78, 0x0F, 0x40, 0x00, 0xF5,
    0xF4, 0x00, 0x00, 0xFF, 0x40, 0x00, 0x02, 0xF4, 0x00, 0x00, 0x00, 0x00, 0x00, 0x00, 0x00, 0x00,
    0x00, 0x3C, 0x1F, 0xD0, 0x00, 0xF2, 0xFF, 0x00, 0x07, 0xEE, 0x40, 0x00, 0x2F, 0xE0, 0x00, 0x00,
    0xFE, 0x00, 0x00, 0x03, 0xF0, 0x00, 0x00, 0x0F, 0x80, 0x00, 0x00, 0x7C, 0x00, 0x00, 0x02, 0xF0,
    0x00, 0x00, 0x0F, 0x80, 0x00, 0x00, 0x3E, 0x00, 0x00, 0x01, 0xF4, 0x00, 0x00, 0x07, 0xC0, 0x00,
    0x00, 0x2F, 0x00, 0x00, 0x00, 0xF8, 0x00, 0x00, 0x03, 0xD0, 0x00, 0x00, 0x00, 0x00, 0x00, 0x01,
    0xF8, 0x00, 0x00, 0x03, 0xF0, 0x00, 0x00, 0x0F, 0x80, 0x00, 0x00, 0x2E, 0x00, 0x00, 0x00, 0x24,
    0x00, 0x00, 0x00, 0x00, 0x00, 0x00, 0x00, 0x00, 0x00, 0x00, 0x06, 0xFF, 0xD0, 0x00, 0x2F, 0xFF,
    0xFC, 0x00, 0xFE, 0x41, 0xB8, 0x01, 0xF8, 0x00, 0x00, 0x03, 0xF0, 0x00, 0x00, 0x03, 0xF0, 0x00,
    0x00, 0x03, 0xF0, 0x00, 0x00, 0x02, 0xF4, 0x00, 0x00, 0x01, 0xFE, 0x00, 0x00, 0x00, 0x7F, 0xD0,
    0x00, 0x00, 0x1F, 0xF8, 0x00, 0x00, 0x02, 0xFF, 0x00, 0x00, 0x00, 0x3F, 0x80, 0x00, 0x00, 0x0F,
    0xC0, 0x00, 0x00, 0x0F, 0xC0, 0x00, 0x00, 0x0B, 0xC0, 0x00, 0x00, 0x0F, 0xC0, 0x00, 0x00, 0x2F,
    0x40, 0x79, 0x01, 0xFF, 0x00, 0x7F, 0xFF, 0xF8, 0x00, 0x1B, 0xFF, 0x80, 0x00, 0x00, 0x00, 0x2F,
    0x80, 0x00, 0x0F, 0x80, 0x00, 0x0F, 0xC0, 0x00, 0x0B, 0xC0, 0x00, 0x07, 0x80, 0x00, 0x00, 0x00,
    0x00, 0x00, 0x00, 0x00, 0x01, 0xFF, 0xD0, 0x03, 0xFF, 0xFF, 0x02, 0xF8, 0x07, 0x40, 0xF8, 0x00,
    0x00, 0x3E, 0x00, 0x00, 0x0F, 0xC0, 0x00, 0x01, 0xFD, 0x00, 0x00, 0x1F, 0xF0, 0x00, 0x00, 0xFF,
    0x40, 0x00, 0x07, 0xF0, 0x00, 0x00, 0x7E, 0x00, 0x00, 0x0F, 0x80, 0x00, 0x07, 0xD0, 0xE4, 0x0B,
    0xF0, 0x3F, 0xFF, 0xF4, 0x02, 0xFF, 0xE0, 0x00, 0x00, 0x00, 0x3F, 0x40, 0x00, 0x00, 0xBF, 0xC0,
    0x00, 0x02, 0xF3, 0xD0, 0x00, 0x0B, 0x80, 0xF0, 0x00, 0x09, 0x00, 0x24, 0x00, 0x00, 0x00, 0x00,
    0x00, 0x00, 0x00, 0x00, 0x00, 0x06, 0xFF, 0xD0, 0x00, 0x2F, 0xFF, 0xFC, 0x00, 0xFE, 0x41, 0xB8,
    0x01, 0xF8, 0x00, 0x00, 0x03, 0xF0, 0x00, 0x00, 0x03, 0xF0, 0x00, 0x00, 0x03, 0xF0, 0x00, 0x00,
    0x02, 0xF4, 0x00, 0x00, 0x01, 0xFE, 0x00, 0x00, 0x00, 0x7F, 0xD0, 0x00, 0x00, 0x1F, 0xF8, 0x00,
    0x00, 0x02, 0xFF, 0x00, 0x00, 0x00, 0x3F, 0x80, 0x00, 0x00, 0x0F, 0xC0, 0x00, 0x00, 0x0F, 0xC0,
    0x00, 0x00, 0x0B, 0xC0, 0x00, 0x00, 0x0F, 0xC0, 0x00, 0x00, 0x2F, 0x40, 0x79, 0x01, 0xFF, 0x00,
    0x7F, 0xFF, 0xF8, 0x00, 0x1B, 0xFF, 0x80, 0x00, 0x00, 0x03, 0xF0, 0x00, 0x02, 0xFE, 0x00, 0x02,
    0xF7, 0xC0, 0x02, 0xF0, 0xB8, 0x02, 0xE0, 0x0B, 0x00, 0x00, 0x00, 0x00, 0x00, 0x00, 0x00, 0x01,
    0xFF, 0xD0, 0x03, 0xFF, 0xFF, 0x02, 0xF8, 0x07, 0x40, 0xF8, 0x00, 0x00, 0x3E, 0x00, 0x00, 0x0F,
    0xC0, 0x00, 0x01, 0xFD, 0x00, 0x00, 0x1F, 0xF0, 0x00, 0x00, 0xFF, 0x40, 0x00, 0x07, 0xF0, 0x00,
    0x00, 0x7E, 0x00, 0x00, 0x0F, 0x80, 0x00, 0x07, 0xD0, 0xE4, 0x0B, 0xF0, 0x3F, 0xFF, 0xF4, 0x02,
    0xFF, 0xE0, 0x00, 0x00, 0x06, 0xFF, 0xD0, 0x00, 0x2F, 0xFF, 0xFC, 0x00, 0xFE, 0x41, 0xB8, 0x01,
    0xF8, 0x00, 0x00, 0x03, 0xF0, 0x00, 0x00, 0x03, 0xF0, 0x00, 0x00, 0x03, 0xF0, 0x00, 0x00, 0x02,
    0xF4, 0x00, 0x00, 0x01, 0xFE, 0x00, 0x00, 0x00, 0x7F, 0xD0, 0x00, 0x00, 0x1F, 0xF8, 0x00, 0x00,
    0x02, 0xFF, 0x00, 0x00, 0x00, 0x3F, 0x80, 0x00, 0x00, 0x0F, 0xC0, 0x00, 0x00, 0x0F, 0xC0, 0x00,
    0x00, 0x0B, 0xC0, 0x00, 0x00, 0x0F, 0xC0, 0x00, 0x00, 0x2F, 0x40, 0x79, 0x01, 0xFF, 0x00, 0x7F,
    0xFF, 0xF8, 0x00, 0x1B, 0xFF, 0x80, 0x00, 0x00, 0x34, 0x00, 0x00, 0x00, 0xF8, 0x00, 0x00, 0x00,
    0x6E, 0x00, 0x00, 0x00, 0x1F, 0x00, 0x00, 0x00, 0x7F, 0x00, 0x00, 0x0B, 0xFD, 0x00, 0x00, 0x0B,
    0xE4, 0x00, 0x00, 0x00, 0x7F, 0xF4, 0x00, 0xFF, 0xFF, 0xC0, 0xBE, 0x01, 0xD0, 0x3E, 0x00, 0x00,
    0x0F, 0x80, 0x00, 0x03, 0xF0, 0x00, 0x00, 0x7F, 0x40, 0x00, 0x07, 0xFC, 0x00, 0x00, 0x3F, 0xD0,
    0x00, 0x01, 0xFC, 0x00, 0x00, 0x1F, 0x80, 0x00, 0x03, 0xE0, 0x00, 0x01, 0xF4, 0x39, 0x02, 0xFC,
    0x0F, 0xFF, 0xFD, 0x00, 0xBF, 0xF8, 0x00, 0x01, 0xD0, 0x00, 0x00, 0xF4, 0x00, 0x00, 0x1F, 0x80,
    0x00, 0x01, 0xF0, 0x00, 0x01, 0xF8, 0x00, 0x0F, 0xFC, 0x00, 0x02, 0xF8, 0x00, 0x00, 0x00, 0x07,
    0x80, 0x2D, 0x00, 0x02, 0xE1, 0xF4, 0x00, 0x00, 0xFB, 0xD0, 0x00, 0x00, 0xBF, 0x40, 0x00, 0x00,
    0x29, 0x00, 0x00, 0x00, 0x00, 0x00, 0x00, 0x00, 0x00, 0x00, 0x00, 0x06, 0xFF, 0xD0, 0x00, 0x2F,
    0xFF, 0xFC, 0x00, 0xFE, 0x41, 0xB8, 0x01, 0xF8, 0x00, 0x00, 0x03, 0xF0, 0x00, 0x00, 0x03, 0xF0,
    0x00, 0x00, 0x03, 0xF0, 0x00, 0x00, 0x02, 0xF4, 0x00, 0x00, 0x01, 0xFE, 0x00, 0x00, 0x00, 0x7F,
    0xD0, 0x00, 0x00, 0x1F, 0xF8, 0x00, 0x00, 0x02, 0xFF, 0x00, 0x00, 0x00, 0x3F, 0x80, 0x00, 0x00,
    0x0F, 0xC0, 0x00, 0x00, 0x0F, 0xC0, 0x00, 0x00, 0x0B, 0xC0, 0x00, 0x00, 0x0F, 0xC0, 0x00, 0x00,
    0x2F, 0x40, 0x79, 0x01, 0xFF, 0x00, 0x7F, 0xFF, 0xF8, 0x00, 0x1B, 0xFF, 0x80, 0x00, 0x00, 0xB4,
    0x03, 0xC0, 0x03, 0xC1, 0xF4, 0x00, 0x1F, 0x7D, 0x00, 0x00, 0xFF, 0x40, 0x00, 0x07, 0xE0, 0x00,
    0x00, 0x00, 0x00, 0x00, 0x00, 0x00, 0x00, 0x07, 0xFF, 0x40, 0x03, 0xFF, 0xFF, 0x00, 0xBE, 0x01,
    0xD0, 0x0F, 0x80, 0x00, 0x00, 0xF8, 0x00, 0x00, 0x0F, 0xC0, 0x00, 0x00, 0x7F, 0x40, 0x00, 0x01,
    0xFF, 0x00, 0x00, 0x03, 0xFD, 0x00, 0x00, 0x07, 0xF0, 0x00, 0x00, 0x1F, 0x80, 0x00, 0x00, 0xF8,
    0x00, 0x00, 0x1F, 0x40, 0xE4, 0x0B, 0xF0, 0x0F, 0xFF, 0xFD, 0x00, 0x2F, 0xFE, 0x00, 0x00, 0x3F,
    0xFF, 0xFF, 0xFC, 0x3F, 0xFF, 0xFF, 0xFC, 0x00, 0x0F, 0xC0, 0x00, 0x00, 0x0F, 0x80, 0x00, 0x00,
    0x0F, 0x80, 0x00, 0x00, 0x1F, 0x40, 0x00, 0x00, 0x2F, 0x00, 0x00, 0x00, 0x3F, 0x00, 0x00, 0x00,
    0x3E, 0x00, 0x00, 0x00, 0x3D, 0x00, 0x00, 0x00, 0x7D, 0x00, 0x00, 0x00, 0xBC, 0x00, 0x00, 0x00,
    0xFC, 0x00, 0x00, 0x00, 0xF8, 0x00, 0x00, 0x00, 0xF4, 0x00, 0x00, 0x01, 0xF0, 0x00, 0x00, 0x02,
    0xF0, 0x00, 0x00, 0x03, 0xF0, 0x00, 0x00, 0x03, 0xE0, 0x00, 0x00, 0x07, 0xD0, 0x00, 0x00, 0x07,
    0xC0, 0x00, 0x00, 0x03, 0x80, 0x00, 0x00, 0x0B, 0x40, 0x00, 0x00, 0x0B, 0xD0, 0x00, 0x00, 0x01,
    0xF0, 0x00, 0x00, 0x02, 0xE0, 0x00, 0x00, 0xBF, 0xD0, 0x00, 0x00, 0xBF, 0x40, 0x00, 0x00, 0x00,
    0x00, 0x00, 0x00, 0x00, 0x08, 0x00, 0x00, 0xB0, 0x00, 0x03, 0xC0, 0x00, 0x2F, 0x00, 0x07, 0xFF,
    0xF8, 0xBF, 0xFF, 0xD0, 0x1F, 0x40, 0x00, 0xBC, 0x00, 0x03, 0xF0, 0x00, 0x0F, 0x80, 0x00, 0x3D,
    0x00, 0x01, 0xF0, 0x00, 0x0B, 0xC0, 0x00, 0x3E, 0x00, 0x00, 0xF8, 0x00, 0x03, 0xD0, 0x00, 0x1F,
    0x40, 0x00, 0x7E, 0x04, 0x00, 0xFF, 0xF0, 0x00, 0xBF, 0x80, 0x02, 0xC0, 0x00, 0x1F, 0x00, 0x00,
    0x1F, 0x00, 0x00, 0x2D, 0x00, 0x01, 0xF4, 0x00, 0xFF, 0xC0, 0x03, 0xF8, 0x00, 0x00, 0x00, 0x24,
    0x00, 0x50, 0x00, 0x3D, 0x07, 0xC0, 0x00, 0x0F, 0x6F, 0x00, 0x00, 0x0B, 0xFC, 0x00, 0x00, 0x03,
    0xF0, 0x00, 0x00, 0x00, 0x00, 0x00, 0x00, 0x00, 0x00, 0x00, 0x3F, 0xFF, 0xFF, 0xFC, 0x3F, 0xFF,
    0xFF, 0xFC, 0x00, 0x0F, 0xC0, 0x00, 0x00, 0x0F, 0x80, 0x00, 0x00, 0x0F, 0x80, 0x00, 0x00, 0x1F,
    0x40, 0x00, 0x00, 0x2F, 0x00, 0x00, 0x00, 0x3F, 0x00, 0x00, 0x00, 0x3E, 0x00, 0x00, 0x00, 0x3D,
    0x00, 0x00, 0x00, 0x7D, 0x00, 0x00, 0x00, 0xBC, 0x00, 0x00, 0x00, 0xFC, 0x00, 0x00, 0x00, 0xF8,
    0x00, 0x00, 0x00, 0xF4, 0x00, 0x00, 0x01, 0xF0, 0x00, 0x00, 0x02, 0xF0, 0x00, 0x00, 0x03, 0xF0,
    0x00, 0x00, 0x03, 0xE0, 0x00, 0x00, 0x07, 0xD0, 0x00, 0x00, 0x07, 0xC0, 0x00, 0x00, 0x00, 0x00,
    0x2F, 0x00, 0x00, 0x3C, 0x00, 0x10, 0xF4, 0x00, 0x75, 0xE0, 0x00, 0xF0, 0x40, 0x02, 0xF0, 0x00,
    0x1F, 0xFF, 0xE0, 0xBF, 0xFF, 0xD0, 0x07, 0xD0, 0x00, 0x0B, 0xC0, 0x00, 0x0F, 0xC0, 0x00, 0x0F,
    0x80, 0x00, 0x0F, 0x40, 0x00, 0x1F, 0x00, 0x00, 0x2F, 0x00, 0x00, 0x3E, 0x00, 0x00, 0x3E, 0x00,
    0x00, 0x3D, 0x00, 0x00, 0x7D, 0x00, 0x00, 0x7E, 0x04, 0x00, 0x3F, 0xFC, 0x00, 0x0B, 0xF8, 0x00,
    0x3F, 0xFF, 0xFF, 0xFC, 0x3F, 0xFF, 0xFF, 0xFC, 0x00, 0x0F, 0xC0, 0x00, 0x00, 0x0F, 0x80, 0x00,
    0x00, 0x0F, 0x40, 0x00, 0x00, 0x1F, 0x40, 0x00, 0x00, 0x2F, 0x00, 0x00, 0x00, 0x3F, 0x00, 0x00,
    0x00, 0x3E, 0x00, 0x00, 0x3F, 0xFF, 0xFE, 0x00, 0x7F, 0xFF, 0xFD, 0x00, 0x00, 0xBC, 0x00, 0x00,
    0x00, 0xFC, 0x00, 0x00, 0x00, 0xF8, 0x00, 0x00, 0x00, 0xF4, 0x00, 0x00, 0x01, 0xF0, 0x00, 0x00,
    0x02, 0xF0, 0x00, 0x00, 0x03, 0xF0, 0x00, 0x00, 0x03, 0xE0, 0x00, 0x00, 0x07, 0xD0, 0x00, 0x00,
    0x07, 0xC0, 0x00, 0x00, 0x00, 0x08, 0x00, 0x00, 0xB0, 0x00, 0x03, 0xC0, 0x00, 0x2F, 0x00, 0x07,
    0xFF, 0xF8, 0xBF, 0xFF, 0xD0, 0x1F, 0x40, 0x00, 0xBC, 0x00, 0x03, 0xE0, 0x00, 0xFF, 0xFF, 0x07,
    0xFF, 0xF8, 0x02, 0xF0, 0x00, 0x0B, 0xC0, 0x00, 0x3E, 0x00, 0x00, 0xF4, 0x00, 0x07, 0xD0, 0x00,
    0x1F, 0x40, 0x00, 0x3E, 0x04, 0x00, 0xFF, 0xF0, 0x00, 0xBF, 0x80, 0x00, 0x00, 0xA8, 0x02, 0x80,
    0x00, 0x0F, 0xFE, 0x2D, 0x00, 0x00, 0x79, 0xFF, 0xF0, 0x00, 0x02, 0xC0, 0x7E, 0x00, 0x00, 0x00,
    0x00, 0x00, 0x00, 0x00, 0x00, 0x00, 0x00, 0x00, 0x3F, 0x00, 0x00, 0x2F, 0x00, 0xF8, 0x00, 0x00,
    0xF8, 0x03, 0xD0, 0x00, 0x03, 0xE0, 0x1F, 0x00, 0x00, 0x1F, 0x40, 0xBC, 0x00, 0x00, 0x7C, 0x03,
    0xF0, 0x00, 0x02, 0xF0, 0x0F, 0x80, 0x00, 0x0F, 0x80, 0x7D, 0x00, 0x00, 0x3D, 0x01, 0xF0, 0x00,
    0x01, 0xF4, 0x0B, 0xC0, 0x00, 0x0B, 0xC0, 0x3E, 0x00, 0x00, 0x3F, 0x00, 0xF4, 0x00, 0x00, 0xF8,
    0x07, 0xC0, 0x00, 0x03, 0xD0, 0x2F, 0x00, 0x00, 0x1F, 0x00, 0xBC, 0x00, 0x00, 0xBC, 0x02, 0xF0,
    0x00, 0x03, 0xE0, 0x0B, 0xC0, 0x00, 0x2F, 0x00, 0x1F, 0x80, 0x01, 0xF8, 0x00, 0x3F, 0xD5, 0x7F,
    0xC0, 0x00, 0x3F, 0xFF, 0xFC, 0x00, 0x00, 0x1F, 0xFE, 0x40, 0x00, 0x00, 0x00, 0x06, 0x90, 0x1C,
    0x00, 0x1F, 0xFD, 0x7C, 0x00, 0x3D, 0xBF, 0xF4, 0x00, 0x74, 0x0B, 0xD0, 0x00, 0x00, 0x00, 0x00,
    0x00, 0x00, 0x00, 0x00, 0x03, 0xD0, 0x00, 0xBC, 0x07, 0xC0, 0x00, 0xF8, 0x0B, 0xC0, 0x00, 0xF8,
    0x0F, 0xC0, 0x00, 0xF4, 0x0F, 0x80, 0x01, 0xF0, 0x0F, 0x40, 0x02, 0xF0, 0x1F, 0x00, 0x03, 0xE0,
    0x2F, 0x00, 0x03, 0xD0, 0x3F, 0x00, 0x07, 0xD0, 0x3E, 0x00, 0x0F, 0xC0, 0x3D, 0x00, 0x0F, 0xC0,
    0x7C, 0x00, 0x3F, 0x80, 0x7D, 0x00, 0xBF, 0x40, 0x3F, 0x47, 0xDF, 0x00, 0x2F, 0xFF, 0x4F, 0x00,
    0x0B, 0xF8, 0x1F, 0x00, 0x00, 0x00, 0x00, 0x00, 0x00, 0x00, 0x0B, 0xFF, 0xF0, 0x00, 0x00, 0x3F,
    0xFF, 0xC0, 0x00, 0x00, 0x00, 0x00, 0x00, 0x00, 0x00, 0x00, 0x00, 0x00, 0x0F, 0xC0, 0x00, 0x0B,
    0xC0, 0x3E, 0x00, 0x00, 0x3E, 0x00, 0xF4, 0x00, 0x00, 0xF8, 0x07, 0xC0, 0x00, 0x07, 0xD0, 0x2F,
    0x00, 0x00, 0x1F, 0x00, 0xFC, 0x00, 0x00, 0xBC, 0x03, 0xE0, 0x00, 0x03, 0xE0, 0x1F, 0x40, 0x00,
    0x0F, 0x40, 0x7C, 0x00, 0x00, 0x7D, 0x02, 0xF0, 0x00, 0x02, 0xF0, 0x0F, 0x80, 0x00, 0x0F, 0xC0,
    0x3D, 0x00, 0x00, 0x3E, 0x01, 0xF0, 0x00, 0x00, 0xF4, 0x0B, 0xC0, 0x00, 0x07, 0xC0, 0x2F, 0x00,
    0x00, 0x2F, 0x00, 0xBC, 0x00, 0x00, 0xF8, 0x02, 0xF0, 0x00, 0x0B, 0xC0, 0x07, 0xE0, 0x00, 0x7E,
    0x00, 0x0F, 0xF5, 0x5F, 0xF0, 0x00, 0x0F, 0xFF, 0xFF, 0x00, 0x00, 0x07, 0xFF, 0x90, 0x00, 0x00,
    0x00, 0x00, 0x00, 0x00, 0x00, 0x0F, 0xFF, 0xE0, 0x00, 0x1F, 0xFF, 0xD0, 0x00, 0x00, 0x00, 0x00,
    0x00, 0x00, 0x00, 0x00, 0x03, 0xD0, 0x00, 0xBC, 0x07, 0xC0, 0x00, 0xF8, 0x0B, 0xC0, 0x00, 0xF8,
    0x0F, 0xC0, 0x00, 0xF4, 0x0F, 0x80, 0x01, 0xF0, 0x0F, 0x40, 0x02, 0xF0, 0x1F, 0x00, 0x03, 0xE0,
    0x2F, 0x00, 0x03, 0xD0, 0x3F, 0x00, 0x07, 0xD0, 0x3E, 0x00, 0x0F, 0xC0, 0x3D, 0x00, 0x0F, 0xC0,
    0x7C, 0x00, 0x3F, 0x80, 0x7D, 0x00, 0xBF, 0x40, 0x3F, 0x47, 0xDF, 0x00, 0x2F, 0xFF, 0x4F, 0x00,
    0x0B, 0xF8, 0x1F, 0x00, 0x00, 0x02, 0xC0, 0x0E, 0x00, 0x00, 0x0B, 0x81, 0xF4, 0x00, 0x00, 0x0F,
    0xFF, 0x80, 0x00, 0x00, 0x0B, 0xF4, 0x00, 0x00, 0x00, 0x00, 0x00, 0x00, 0x00, 0x00, 0x00, 0x00,
    0x00, 0x3F, 0x00, 0x00, 0x2F, 0x00, 0xF8, 0x00, 0x00, 0xF8, 0x03, 0xD0, 0x00, 0x03, 0xE0, 0x1F,
    0x00, 0x00, 0x1F, 0x40, 0xBC, 0x00, 0x00, 0x7C, 0x03, 0xF0, 0x00, 0x02, 0xF0, 0x0F, 0x80, 0x00,
    0x0F, 0x80, 0x7D, 0x00, 0x00, 0x3D, 0x01, 0xF0, 0x00, 0x01, 0xF4, 0x0B, 0xC0, 0x00, 0x0B, 0xC0,
    0x3E, 0x00, 0x00, 0x3F, 0x00, 0xF4, 0x00, 0x00, 0xF8, 0x07, 0xC0, 0x00, 0x03, 0xD0, 0x2F, 0x00,
    0x00, 0x1F, 0x00, 0xBC, 0x00, 0x00, 0xBC, 0x02, 0xF0, 0x00, 0x03, 0xE0, 0x0B, 0xC0, 0x00, 0x2F,
    0x00, 0x1F, 0x80, 0x01, 0xF8, 0x00, 0x3F, 0xD5, 0x7F, 0xC0, 0x00, 0x3F, 0xFF, 0xFC, 0x00, 0x00,
    0x1F, 0xFE, 0x40, 0x00, 0x00, 0x00, 0x0D, 0x00, 0xB0, 0x00, 0x0F, 0x42, 0xE0, 0x00, 0x0B, 0xFF,
    0xC0, 0x00, 0x02, 0xFE, 0x00, 0x00, 0x00, 0x00, 0x00, 0x00, 0x00, 0x00, 0x00, 0x03, 0xD0, 0x00,
    0xBC, 0x07, 0xC0, 0x00, 0xF8, 0x0B, 0xC0, 0x00, 0xF8, 0x0F, 0xC0, 0x00, 0xF4, 0x0F, 0x80, 0x01,
    0xF0, 0x0F, 0x40, 0x02, 0xF0, 0x1F, 0x00, 0x03, 0xE0, 0x2F, 0x00, 0x03, 0xD0, 0x3F, 0x00, 0x07,
    0xD0, 0x3E, 0x00, 0x0F, 0xC0, 0x3D, 0x00, 0x0F, 0xC0, 0x7C, 0x00, 0x3F, 0x80, 0x7D, 0x00, 0xBF,
    0x40, 0x3F, 0x47, 0xDF, 0x00, 0x2F, 0xFF, 0x4F, 0x00, 0x0B, 0xF8, 0x1F, 0x00, 0x00, 0x00, 0x2F,
    0xD0, 0x00, 0x00, 0x02, 0xD2, 0xC0, 0x00, 0x00, 0x0E, 0x03, 0x40, 0x00, 0x00, 0x2C, 0x2C, 0x00,
    0x00, 0x00, 0x3F, 0xD0, 0x00, 0x00, 0x00, 0x00, 0x00, 0x00, 0x00, 0x00, 0x00, 0x00, 0x00, 0x00,
    0x00, 0x00, 0x00, 0x03, 0xF0, 0x00, 0x02, 0xF0, 0x0F, 0x80, 0x00, 0x0F, 0x80, 0x3D, 0x00, 0x00,
    0x3E, 0x01, 0xF0, 0x00, 0x01, 0xF4, 0x0B, 0xC0, 0x00, 0x07, 0xC0, 0x3F, 0x00, 0x00, 0x2F, 0x00,
    0xF8, 0x00, 0x00, 0xF8, 0x07, 0xD0, 0x00, 0x03, 0xD0, 0x1F, 0x00, 0x00, 0x1F, 0x40, 0xBC, 0x00,
    0x00, 0xBC, 0x03, 0xE0, 0x00, 0x03, 0xF0, 0x0F, 0x40, 0x00, 0x0F, 0x80, 0x7C, 0x00, 0x00, 0x3D,
    0x02, 0xF0, 0x00, 0x01, 0xF0, 0x0B, 0xC0, 0x00, 0x0B, 0xC0, 0x2F, 0x00, 0x00, 0x3E, 0x00, 0xBC,
    0x00, 0x02, 0xF0, 0x01, 0xF8, 0x00, 0x1F, 0x80, 0x03, 0xFD, 0x57, 0xFC, 0x00, 0x03, 0xFF, 0xFF,
    0xC0, 0x00, 0x01, 0xFF, 0xE4, 0x00, 0x00, 0x00, 0x00, 0xFE, 0x00, 0x00, 0x03, 0x87, 0x80, 0x00,
    0x07, 0x02, 0xC0, 0x00, 0x07, 0x02, 0xC0, 0x00, 0x03, 0x83, 0x80, 0x00, 0x01, 0xFE, 0x00, 0x00,
    0x00, 0x00, 0x00, 0x00, 0x00, 0x00, 0x00, 0x03, 0xD0, 0x00, 0xBC, 0x07, 0xC0, 0x00, 0xF8, 0x0B,
    0xC0, 0x00, 0xF8, 0x0F, 0xC0, 0x00, 0xF4, 0x0F, 0x80, 0x01, 0xF0, 0x0F, 0x40, 0x02, 0xF0, 0x1F,
    0x00, 0x03, 0xE0, 0x2F, 0x00, 0x03, 0xD0, 0x3F, 0x00, 0x07, 0xD0, 0x3E, 0x00, 0x0F, 0xC0, 0x3D,
    0x00, 0x0F, 0xC0, 0x7C, 0x00, 0x3F, 0x80, 0x7D, 0x00, 0xBF, 0x40, 0x3F, 0x47, 0xDF, 0x00, 0x2F,
    0xFF, 0x4F, 0x00, 0x0B, 0xF8, 0x1F, 0x00, 0x00, 0x00, 0x07, 0xD2, 0xF0, 0x00, 0x00, 0x3E, 0x0F,
    0x40, 0x00, 0x03, 0xE0, 0xF8, 0x00, 0x00, 0x2E, 0x0B, 0x80, 0x00, 0x01, 0xE0, 0x74, 0x00, 0x00,
    0x00, 0x00, 0x00, 0x00, 0x00, 0x00, 0x00, 0x00, 0x00, 0xFC, 0x00, 0x00, 0xBC, 0x03, 0xE0, 0x00,
    0x03, 0xE0, 0x0F, 0x40, 0x00, 0x0F, 0x80, 0x7C, 0x00, 0x00, 0x7D, 0x02, 0xF0, 0x00, 0x01, 0xF0,
    0x0F, 0xC0, 0x00, 0x0B, 0xC0, 0x3E, 0x00, 0x00, 0x3E, 0x01, 0xF4, 0x00, 0x00, 0xF4, 0x07, 0xC0,
    0x00, 0x07, 0xD0, 0x2F, 0x00, 0x00, 0x2F, 0x00, 0xF8, 0x00, 0x00, 0xFC, 0x03, 0xD0, 0x00, 0x03,
    0xE0, 0x1F, 0x00, 0x00, 0x0F, 0x40, 0xBC, 0x00, 0x00, 0x7C, 0x02, 0xF0, 0x00, 0x02, 0xF0, 0x0B,
    0xC0, 0x00, 0x0F, 0x80, 0x2F, 0x00, 0x00, 0xBC, 0x00, 0x7E, 0x00, 0x07, 0xE0, 0x00, 0xFF, 0x55,
    0xFF, 0x00, 0x00, 0xFF, 0xFF, 0xF0, 0x00, 0x00, 0x7F, 0xF9, 0x00, 0x00, 0x00, 0x00, 0x3F, 0x0F,
    0x80, 0x00, 0x2F, 0x0B, 0xC0, 0x00, 0x1F, 0x07, 0xC0, 0x00, 0x0F, 0x03, 0xC0, 0x00, 0x0F, 0x03,
    0xC0, 0x00, 0x00, 0x00, 0x00, 0x00, 0x00, 0x00, 0x00, 0x00, 0x0F, 0x40, 0x02, 0xF0, 0x07, 0xC0,
    0x00, 0xF8, 0x02, 0xF0, 0x00, 0x3E, 0x00, 0xFC, 0x00, 0x0F, 0x40, 0x3E, 0x00, 0x07, 0xC0, 0x0F,
    0x40, 0x02, 0xF0, 0x07, 0xC0, 0x00, 0xF8, 0x02, 0xF0, 0x00, 0x3D, 0x00, 0xFC, 0x00, 0x1F, 0x40,
    0x3E, 0x00, 0x0F, 0xC0, 0x0F, 0x40, 0x03, 0xF0, 0x07, 0xC0, 0x03, 0xF8, 0x01, 0xF4, 0x02, 0xFD,
    0x00, 0x3F, 0x47, 0xDF, 0x00, 0x0B, 0xFF, 0xD3, 0xC0, 0x00, 0xBF, 0x81, 0xF0, 0x00, 0x03, 0xF0,
    0x00, 0x02, 0xF0, 0x0F, 0x80, 0x00, 0x0F, 0x80, 0x3D, 0x00, 0x00, 0x3E, 0x01, 0xF0, 0x00, 0x01,
    0xF4, 0x0B, 0xC0, 0x00, 0x07, 0xC0, 0x3F, 0x00, 0x00, 0x2F, 0x00, 0xF8, 0x00, 0x00, 0xF8, 0x07,
    0xD0, 0x00, 0x03, 0xD0, 0x1F, 0x00, 0x00, 0x1F, 0x40, 0xBC, 0x00, 0x00, 0xBC, 0x03, 0xE0, 0x00,
    0x03, 0xF0, 0x0F, 0x40, 0x00, 0x0F, 0x80, 0x7C, 0x00, 0x00, 0x3D, 0x02, 0xF0, 0x00, 0x01, 0xF0,
    0x0B, 0xC0, 0x00, 0x0B, 0xC0, 0x2F, 0x00, 0x00, 0x3E, 0x00, 0xBC, 0x00, 0x02, 0xF0, 0x01, 0xF8,
    0x00, 0x1F, 0x80, 0x03, 0xFD, 0x57, 0xFC, 0x00, 0x03, 0xFF, 0xFF, 0xC0, 0x00, 0x01, 0xFF, 0xE4,
    0x00, 0x00, 0x00, 0x78, 0x00, 0x00, 0x00, 0x07, 0x80, 0x00, 0x00, 0x00, 0x3C, 0x00, 0x00, 0x00,
    0x00, 0xF0, 0x00, 0x00, 0x00, 0x03, 0xFC, 0x00, 0x00, 0x00, 0x07, 0xF0, 0x00, 0x00, 0x00, 0x00,
    0x00, 0x00, 0x00, 0x03, 0xD0, 0x00, 0xBC, 0x07, 0xC0, 0x00, 0xF8, 0x0B, 0xC0, 0x00, 0xF8, 0x0F,
    0xC0, 0x00, 0xF4, 0x0F, 0x80, 0x01, 0xF0, 0x0F, 0x40, 0x02, 0xF0, 0x1F, 0x00, 0x03, 0xE0, 0x2F,
    0x00, 0x03, 0xD0, 0x3F, 0x00, 0x07, 0xD0, 0x3E, 0x00, 0x0F, 0xC0, 0x3D, 0x00, 0x0F, 0xC0, 0x7C,
    0x00, 0x3F, 0x80, 0x7D, 0x00, 0xBF, 0x40, 0x3F, 0x47, 0xDF, 0x00, 0x2F, 0xFF, 0x4F, 0x00, 0x0B,
    0xF8, 0x1F, 0x00, 0x00, 0x00, 0x38, 0x00, 0x00, 0x01, 0xE0, 0x00, 0x00, 0x03, 0xC0, 0x00, 0x00,
    0x07, 0xC0, 0x00, 0x00, 0x07, 0xFC, 0x00, 0x00, 0x02, 0xFC, 0x00, 0x00, 0x00, 0x00, 0x00, 0x00,
    0x00, 0x00, 0xA4, 0x00, 0x00, 0x00, 0x00, 0x00, 0xFF, 0x00, 0x00, 0x00, 0x00, 0x00, 0xBF, 0xE0,
    0x00, 0x00, 0x00, 0x00, 0xF8, 0x3C, 0x00, 0x00, 0x00, 0x00, 0xF4, 0x03, 0xC0, 0x00, 0x00, 0x00,
    0x00, 0x00, 0x00, 0x00, 0x00, 0x00, 0x00, 0x00, 0x00, 0x00, 0x03, 0xE0, 0x00, 0x1F, 0x80, 0x00,
    0x7D, 0xF8, 0x00, 0x0B, 0xE0, 0x00, 0x3F, 0x3F, 0x00, 0x03, 0xF8, 0x00, 0x1F, 0x4B, 0xC0, 0x02,
    0xFF, 0x00, 0x0F, 0xC2, 0xF0, 0x00, 0xFB, 0xC0, 0x03, 0xD0, 0xBC, 0x00, 0xB9, 0xF0, 0x02, 0xF0,
    0x2F, 0x00, 0x3D, 0x7C, 0x00, 0xF8, 0x0B, 0xC0, 0x2F, 0x0F, 0x00, 0x7C, 0x02, 0xF0, 0x0F, 0x43,
    0xC0, 0x3E, 0x00, 0x7C, 0x07, 0xC0, 0xF0, 0x1F, 0x00, 0x1F, 0x03, 0xD0, 0x3C, 0x0F, 0xC0, 0x07,
    0xC1, 0xF0, 0x0F, 0x03, 0xD0, 0x01, 0xF0, 0xF8, 0x03, 0xC2, 0xF0, 0x00, 0x7C, 0x7C, 0x00, 0xF4,
    0xF4, 0x00, 0x1F, 0x2E, 0x00, 0x3D, 0x7C, 0x00, 0x03, 0xCF, 0x00, 0x0F, 0x7E, 0x00, 0x00, 0xFB,
    0x80, 0x03, 0xDF, 0x00, 0x00, 0x3F, 0xD0, 0x00, 0xFF, 0x80, 0x00, 0x0F, 0xF0, 0x00, 0x2F, 0xC0,
    0x00, 0x03, 0xF4, 0x00, 0x0B, 0xE0, 0x00, 0x00, 0xFC, 0x00, 0x02, 0xF4, 0x00, 0x00, 0x00, 0x00,
    0x06, 0x80, 0x00, 0x00, 0x00, 0x00, 0xFE, 0x00, 0x00, 0x00, 0x00, 0x3E, 0xF0, 0x00, 0x00, 0x00,
    0x0F, 0x47, 0xC0, 0x00, 0x00, 0x03, 0xC0, 0x2D, 0x00, 0x00, 0x00, 0x00, 0x00, 0x00, 0x00, 0x00,
    0x00, 0x00, 0x00, 0x00, 0x07, 0xC0, 0x03, 0xF0, 0x00, 0xBC, 0x7C, 0x00, 0x7F, 0x40, 0x0F, 0x83,
    0xC0, 0x0B, 0xF4, 0x02, 0xF0, 0x3D, 0x00, 0xFB, 0x40, 0x3E, 0x03, 0xD0, 0x2E, 0xB4, 0x07, 0xC0,
    0x3D, 0x03, 0xCB, 0x80, 0xF8, 0x03, 0xD0, 0xB8, 0xB8, 0x1F, 0x40, 0x3D, 0x0F, 0x0B, 0x83, 0xF0,
    0x03, 0xD1, 0xF0, 0xB8, 0x3D, 0x00, 0x3D, 0x3D, 0x07, 0x8B, 0xC0, 0x03, 0xD7, 0xC0, 0x78, 0xF4,
    0x00, 0x3D, 0xF4, 0x07, 0x9F, 0x00, 0x03, 0xDF, 0x00, 0x7B, 0xE0, 0x00, 0x3F, 0xD0, 0x07, 0xFC,
    0x00, 0x03, 0xFC, 0x00, 0x3F, 0x80, 0x00, 0x2F, 0x80, 0x03, 0xF0, 0x00, 0x00, 0x00, 0x00, 0xA4,
    0x00, 0x00, 0x03, 0xFC, 0x00, 0x00, 0x0F, 0xFD, 0x00, 0x00, 0x3E, 0x0F, 0x00, 0x00, 0xF4, 0x07,
    0x80, 0x00, 0x00, 0x00, 0x00, 0x00, 0x00, 0x00, 0x00, 0x3D, 0x00, 0x00, 0xBC, 0x3E, 0x00, 0x01,
    0xF8, 0x2F, 0x00, 0x03, 0xF0, 0x1F, 0x00, 0x0B, 0xC0, 0x0F, 0x40, 0x1F, 0x40, 0x0F, 0x80, 0x3F,
    0x00, 0x0B, 0xC0, 0xBC, 0x00, 0x07, 0xC1, 0xF4, 0x00, 0x03, 0xD3, 0xF0, 0x00, 0x03, 0xEB, 0xC0,
    0x00, 0x02, 0xFF, 0x40, 0x00, 0x01, 0xFF, 0x00, 0x00, 0x00, 0xFC, 0x00, 0x00, 0x00, 0xF8, 0x00,
    0x00, 0x00, 0xF4, 0x00, 0x00, 0x01, 0xF0, 0x00, 0x00, 0x02, 0xF0, 0x00, 0x00, 0x03, 0xE0, 0x00,
    0x00, 0x03, 0xE0, 0x00, 0x00, 0x07, 0xD0, 0x00, 0x00, 0x0B, 0xC0, 0x00, 0x00, 0x00, 0x00, 0x06,
    0x80, 0x00, 0x00, 0x00, 0x3F, 0x80, 0x00, 0x00, 0x03, 0xEF, 0x00, 0x00, 0x00, 0x3D, 0x1F, 0x00,
    0x00, 0x03, 0xC0, 0x2D, 0x00, 0x00, 0x00, 0x00, 0x00, 0x00, 0x00, 0x00, 0x00, 0x00, 0x00, 0x2F,
    0x00, 0x00, 0xFC, 0x00, 0x7C, 0x00, 0x0B, 0xC0, 0x00, 0xF4, 0x00, 0x3E, 0x00, 0x03, 0xD0, 0x02,
    0xF0, 0x00, 0x0F, 0x80, 0x0F, 0x80, 0x00, 0x3E, 0x00, 0xBC, 0x00, 0x00, 0xBC, 0x03, 0xE0, 0x00,
    0x01, 0xF0, 0x2F, 0x00, 0x00, 0x07, 0xC0, 0xF4, 0x00, 0x00, 0x0F, 0x0B, 0xC0, 0x00, 0x00, 0x3C,
    0x3D, 0x00, 0x00, 0x00, 0xF6, 0xF0, 0x00, 0x00, 0x03, 0xDF, 0x40, 0x00, 0x00, 0x0B, 0xFC, 0x00,
    0x00, 0x00, 0x1F, 0xD0, 0x00, 0x00, 0x00, 0x7E, 0x00, 0x00, 0x00, 0x01, 0xF0, 0x00, 0x00, 0x00,
    0x0F, 0x80, 0x00, 0x00, 0x00, 0xBC, 0x00, 0x00, 0x00, 0x07, 0xE0, 0x00, 0x00, 0x00, 0x7F, 0x00,
    0x00, 0x00, 0xBF, 0xF0, 0x00, 0x00, 0x02, 0xFE, 0x00, 0x00, 0x00, 0x00, 0x00, 0x1D, 0x07, 0x80,
    0x00, 0x3E, 0x0B, 0xC0, 0x00, 0x2D, 0x0B, 0x40, 0x00, 0x00, 0x00, 0x00, 0x00, 0x00, 0x00, 0x00,
    0x00, 0x00, 0x00, 0x00, 0x3D, 0x00, 0x00, 0xBC, 0x3E, 0x00, 0x01, 0xF8, 0x2F, 0x00, 0x03, 0xF0,
    0x1F, 0x00, 0x0B, 0xC0, 0x0F, 0x40, 0x1F, 0x40, 0x0F, 0x80, 0x3F, 0x00, 0x0B, 0xC0, 0xBC, 0x00,
    0x07, 0xC1, 0xF4, 0x00, 0x03, 0xD3, 0xF0, 0x00, 0x03, 0xEB, 0xC0, 0x00, 0x02, 0xFF, 0x40, 0x00,
    0x01, 0xFF, 0x00, 0x00, 0x00, 0xFC, 0x00, 0x00, 0x00, 0xF8, 0x00, 0x00, 0x00, 0xF4, 0x00, 0x00,
    0x01, 0xF0, 0x00, 0x00, 0x02, 0xF0, 0x00, 0x00, 0x03, 0xE0, 0x00, 0x00, 0x03, 0xE0, 0x00, 0x00,
    0x07, 0xD0, 0x00, 0x00, 0x0B, 0xC0, 0x00, 0x00, 0x00, 0x00, 0x00, 0x0A, 0x40, 0x00, 0x00, 0x03,
    0xF0, 0x00, 0x00, 0x00, 0xFC, 0x00, 0x00, 0x00, 0x2F, 0x00, 0x00, 0x00, 0x07, 0x80, 0x00, 0x00,
    0x00, 0x00, 0x00, 0x00, 0x00, 0x00, 0x00, 0x00, 0x02, 0xFF, 0xFF, 0xFE, 0x00, 0x3F, 0xFF, 0xFF,
    0xD0, 0x00, 0x00, 0x01, 0xFC, 0x00, 0x00, 0x00, 0x3F, 0x40, 0x00, 0x00, 0x0B, 0xE0, 0x00, 0x00,
    0x02, 0xF8, 0x00, 0x00, 0x00, 0x7F, 0x00, 0x00, 0x00, 0x0F, 0xC0, 0x00, 0x00, 0x03, 0xF4, 0x00,
    0x00, 0x00, 0xBE, 0x00, 0x00, 0x00, 0x1F, 0xC0, 0x00, 0x00, 0x03, 0xF0, 0x00, 0x00, 0x00, 0xFD,
    0x00, 0x00, 0x00, 0x2F, 0x80, 0x00, 0x00, 0x07, 0xE0, 0x00, 0x00, 0x01, 0xFC, 0x00, 0x00, 0x00,
    0x3F, 0x00, 0x00, 0x00, 0x0F, 0xD0, 0x00, 0x00, 0x02, 0xF8, 0x00, 0x00, 0x00, 0x3F, 0xFF, 0xFF,
    0xF0, 0x03, 0xFF, 0xFF, 0xFF, 0x00, 0x00, 0x00, 0x01, 0xA0, 0x00, 0x00, 0x1F, 0x80, 0x00, 0x00,
    0xF8, 0x00, 0x00, 0x0F, 0x80, 0x00, 0x00, 0xF4, 0x00, 0x00, 0x00, 0x00, 0x00, 0x00, 0x00, 0x00,
    0x00, 0x3F, 0xFF, 0xF8, 0x00, 0xFF, 0xFF, 0xE0, 0x00, 0x00, 0x3F, 0x00, 0x00, 0x01, 0xF4, 0x00,
    0x00, 0x1F, 0x40, 0x00, 0x00, 0xF8, 0x00, 0x00, 0x0F, 0xC0, 0x00, 0x00, 0xBC, 0x00, 0x00, 0x07,
    0xC0, 0x00, 0x00, 0x7D, 0x00, 0x00, 0x03, 0xE0, 0x00, 0x00, 0x3F, 0x00, 0x00, 0x02, 0xF0, 0x00,
    0x00, 0x2F, 0x40, 0x00, 0x00, 0xFF, 0xFF, 0xF0, 0x07, 0xFF, 0xFF, 0xC0, 0x00, 0x00, 0x00, 0x02,
    0xE0, 0x00, 0x00, 0x00, 0x3F, 0x00, 0x00, 0x00, 0x03, 0xD0, 0x00, 0x00, 0x00, 0x00, 0x00, 0x00,
    0x00, 0x00, 0x00, 0x00, 0x00, 0x00, 0x00, 0x00, 0x00, 0x2F, 0xFF, 0xFF, 0xE0, 0x03, 0xFF, 0xFF,
    0xFD, 0x00, 0x00, 0x00, 0x1F, 0xC0, 0x00, 0x00, 0x03, 0xF4, 0x00, 0x00, 0x00, 0xBE, 0x00, 0x00,
    0x00, 0x2F, 0x80, 0x00, 0x00, 0x07, 0xF0, 0x00, 0x00, 0x00, 0xFC, 0x00, 0x00, 0x00, 0x3F, 0x40,
    0x00, 0x00, 0x0B, 0xE0, 0x00, 0x00, 0x01, 0xFC, 0x00, 0x00, 0x00, 0x3F, 0x00, 0x00, 0x00, 0x0F,
    0xD0, 0x00, 0x00, 0x02, 0xF8, 0x00, 0x00, 0x00, 0x7E, 0x00, 0x00, 0x00, 0x1F, 0xC0, 0x00, 0x00,
    0x03, 0xF0, 0x00, 0x00, 0x00, 0xFD, 0x00, 0x00, 0x00, 0x2F, 0x80, 0x00, 0x00, 0x03, 0xFF, 0xFF,
    0xFF, 0x00, 0x3F, 0xFF, 0xFF, 0xF0, 0x00, 0x00, 0x00, 0x3C, 0x00, 0x00, 0x0B, 0xD0, 0x00, 0x00,
    0x7C, 0x00, 0x00, 0x00, 0x00, 0x00, 0x00, 0x00, 0x00, 0x0F, 0xFF, 0xFE, 0x00, 0xFF, 0xFF, 0xE0,
    0x00, 0x00, 0xFC, 0x00, 0x00, 0x1F, 0x40, 0x00, 0x07, 0xD0, 0x00, 0x00, 0xF8, 0x00, 0x00, 0x3F,
    0x00, 0x00, 0x0B, 0xC0, 0x00, 0x01, 0xF0, 0x00, 0x00, 0x7D, 0x00, 0x00, 0x0F, 0x80, 0x00, 0x03,
    0xF0, 0x00, 0x00, 0xBC, 0x00, 0x00, 0x2F, 0x40, 0x00, 0x03, 0xFF, 0xFF, 0xC0, 0x7F, 0xFF, 0xFC,
    0x00, 0x00, 0x00, 0x50, 0x01, 0x80, 0x00, 0x07, 0xC0, 0xF4, 0x00, 0x00, 0x2E, 0x7D, 0x00, 0x00,
    0x00, 0xFF, 0x40, 0x00, 0x00, 0x0B, 0xE0, 0x00, 0x00, 0x00, 0x00, 0x00, 0x00, 0x00, 0x00, 0x00,
    0x00, 0x02, 0xFF, 0xFF, 0xFE, 0x00, 0x3F, 0xFF, 0xFF, 0xD0, 0x00, 0x00, 0x01, 0xFC, 0x00, 0x00,
    0x00, 0x3F, 0x40, 0x00, 0x00, 0x0B, 0xE0, 0x00, 0x00, 0x02, 0xF8, 0x00, 0x00, 0x00, 0x7F, 0x00,
    0x00, 0x00, 0x0F, 0xC0, 0x00, 0x00, 0x03, 0xF4, 0x00, 0x00, 0x00, 0xBE, 0x00, 0x00, 0x00, 0x1F,
    0xC0, 0x00, 0x00, 0x03, 0xF0, 0x00, 0x00, 0x00, 0xFD, 0x00, 0x00, 0x00, 0x2F, 0x80, 0x00, 0x00,
    0x07, 0xE0, 0x00, 0x00, 0x01, 0xFC, 0x00, 0x00, 0x00, 0x3F, 0x00, 0x00, 0x00, 0x0F, 0xD0, 0x00,
    0x00, 0x02, 0xF8, 0x00, 0x00, 0x00, 0x3F, 0xFF, 0xFF, 0xF0, 0x03, 0xFF, 0xFF, 0xFF, 0x00, 0x00,
    0x09, 0x00, 0x14, 0x00, 0x2D, 0x07, 0xC0, 0x00, 0x3D, 0xBC, 0x00, 0x00, 0x7F, 0xC0, 0x00, 0x00,
    0xFC, 0x00, 0x00, 0x00, 0x00, 0x00, 0x00, 0x00, 0x00, 0x00, 0x3F, 0xFF, 0xF8, 0x00, 0xFF, 0xFF,
    0xE0, 0x00, 0x00, 0x3F, 0x00, 0x00, 0x01, 0xF4, 0x00, 0x00, 0x1F, 0x40, 0x00, 0x00, 0xF8, 0x00,
    0x00, 0x0F, 0xC0, 0x00, 0x00, 0xBC, 0x00, 0x00, 0x07, 0xC0, 0x00, 0x00, 0x7D, 0x00, 0x00, 0x03,
    0xE0, 0x00, 0x00, 0x3F, 0x00, 0x00, 0x02, 0xF0, 0x00, 0x00, 0x2F, 0x40, 0x00, 0x00, 0xFF, 0xFF,
    0xF0, 0x07, 0xFF, 0xFF, 0xC0, 0x00, 0x00, 0x00, 0x00, 0x00, 0x00, 0x00, 0x00, 0xFF, 0xD0, 0x00,
    0x00, 0xFF, 0xF0, 0x00, 0x00, 0xFD, 0x04, 0x00, 0x00, 0x3E, 0x00, 0x00, 0x00, 0x1F, 0x00, 0x00,
    0x00, 0x0B, 0xC0, 0x00, 0x00, 0x03, 0xE0, 0x00, 0x00, 0x00, 0xF4, 0x00, 0x00, 0x00, 0x7D, 0x00,
    0x00, 0x00, 0x2F, 0x00, 0x00, 0x00, 0x0F, 0xC0, 0x00, 0x00, 0x03, 0xE0, 0x00, 0x00, 0x00, 0xF4,
    0x00, 0x00, 0x00, 0x7C, 0x00, 0x00, 0x00, 0x2F, 0x00, 0x00, 0x00, 0x0F, 0xC0, 0x00, 0x00, 0x03,
    0xE0, 0x00, 0x00, 0x00, 0xF4, 0x00, 0x00, 0x00, 0x7C, 0x00, 0x00, 0x00, 0x2F, 0x00, 0x00, 0x00,
    0x0F, 0x80, 0x00, 0x00, 0x03, 0xE0, 0x00, 0x00, 0x01, 0xF4, 0x00, 0x00, 0x00, 0xBC, 0x00, 0x00,
    0x00, 0x3F, 0x00, 0x00, 0x00, 0x0F, 0x80, 0x00, 0x00, 0x1F, 0xC0, 0x00, 0x00, 0xBF, 0xD0, 0x00,
    0x00, 0x2F, 0xD0, 0x00, 0x00, 0x00, 0x29, 0x03, 0xF0, 0x0F, 0x40, 0x7C, 0x02, 0xD0, 0x00, 0xA4,
    0x0F, 0xC0, 0xBC, 0x0B, 0xC0, 0x78, 0x00, 0x00, 0x68, 0x00, 0x0F, 0xE0, 0x03, 0xEF, 0x01, 0xF4,
    0x7C, 0x7C, 0x02, 0xD0, 0x07, 0xE0, 0x0D, 0x0F, 0xFD, 0x3C, 0x2D, 0x2F, 0xF8, 0x38, 0x07, 0xE0,
    0x00, 0x00, 0x2F, 0xFF, 0xCF, 0xFF, 0xF0, 0x00, 0x00, 0x00, 0x0F, 0xFF, 0xFF, 0xC7, 0xFF, 0xFF,
    0xE0, 0x70, 0x03, 0xDF, 0x46, 0xD3, 0xFF, 0xF0, 0x2F, 0xE0, 0x7C, 0xFC, 0xB8, 0x2C, 0x0B, 0x5F,
    0x43, 0xE3, 0xC0, 0xF0, 0x00, 0x03, 0xF8, 0x7F, 0xE0, 0x1E, 0x02, 0xE2, 0xF8, 0x3C, 0x03, 0x80,
    0x0B, 0xE0, 0xF1, 0xE7, 0x42, 0xDD, 0x0B, 0x38, 0x38, 0x7F, 0x80, 0x00, 0x00, 0x03, 0xF0, 0xFC,
    0x07, 0xC2, 0xF0, 0x0F, 0x43, 0xC0, 0x3D, 0x0F, 0x40, 0xB4, 0x2C, 0x00, 0x20, 0x00, 0x93, 0xD0,
    0xBC, 0x1F, 0x2F, 0x00, 0xBF, 0xC0, 0x03, 0xF0, 0x00, 0x0F, 0x83, 0xD0, 0xF0, 0x7C, 0x2E, 0x0F,
    0x43, 0xD0, 0xF0, 0x1F, 0x0F, 0x4B, 0xC3, 0xD2, 0xE1, 0xF0, 0xF4, 0x7C, 0x3C, 0x2E, 0x00, 0x28,
    0x0A, 0x00, 0xFC, 0x3F, 0x01, 0xF0, 0x7C, 0x02, 0xF0, 0xBC, 0x02, 0xD0, 0xB4, 0x00, 0xF4, 0x00,
    0x1F, 0x40, 0x00, 0xF0, 0x03, 0x40, 0x3C, 0x3D, 0x0B, 0x82, 0xFF, 0xF0, 0x0B, 0xF8, 0x00, 0x00,
    0x00, 0x02, 0xFF, 0x03, 0xFF, 0xF2, 0xE0, 0x2D, 0xF0, 0x03, 0x40, 0x01, 0xE0, 0x3D, 0x0B, 0xC0,
    0xF4, 0x2F, 0x07, 0xE0, 0xBC, 0x00, 0x03, 0xF0, 0xBD, 0x0F, 0xC1, 0xF4, 0x2E, 0x03, 0xC0, 0xB4,
    0x00, 0x7D, 0x7D, 0x3D, 0x3D, 0x3D, 0x2D, 0x1E, 0x03, 0xF0, 0xBD, 0x0F, 0xC1, 0xF4, 0x2E, 0x03,
    0xC0, 0xB4, 0x00, 0x29, 0x03, 0xF0, 0x0F, 0x40, 0x7C, 0x02, 0xD0, 0x00, 0xA4, 0x0B, 0xD0, 0x7D,
    0x03, 0xD0, 0x3C, 0x00, 0x00, 0x90, 0x1E, 0xBF, 0xEF, 0xFD, 0x03, 0xC0, 0x3C, 0x09, 0x00, 0x78,
    0x02, 0xFF, 0x4F, 0xFC, 0x3C, 0x01, 0xE0, 0x00, 0x00, 0x00, 0x03, 0xFF, 0xFC, 0x3F, 0xFF, 0xC0,
    0x00, 0x3C, 0x00, 0x07, 0x80, 0x00, 0xB4, 0x00, 0x0F, 0x00, 0x00, 0xF0, 0x00, 0x0E, 0x00, 0x00,
    0xFC, 0x00, 0xFC, 0x02, 0xF4, 0x07, 0xE0, 0x2F, 0x80, 0x38, 0x00, 0x00, 0x00, 0x0B, 0x4B, 0x43,
    0x40, 0xE0, 0x3E, 0x03, 0x40, 0x01, 0x80, 0x0F, 0x00, 0x78, 0x2F, 0xFE, 0xBF, 0xF4, 0x00, 0x00,
    0x3F, 0xFC, 0x3F, 0xFC, 0x03, 0x80, 0x07, 0x80, 0x0B, 0x40, 0x02, 0xC0, 0x0F, 0x03, 0xFF, 0xDF,
    0xFE, 0x0B, 0x40, 0x2C, 0x00, 0x00, 0x02, 0xFF, 0xFB, 0xFF, 0x80, 0x00, 0xF8, 0x03, 0xD0, 0x0F,
    0x00, 0x7C, 0x02, 0xF0, 0x1F, 0x4B, 0xFC, 0x2F, 0xC0, 0x3E, 0x03, 0xD0, 0x3C, 0x07, 0xC0, 0xBC,
    0x0B, 0xC0, 0xBF, 0xC2, 0xFC, 0x2E, 0x3F, 0x3D, 0x2C, 0x07, 0x4F, 0x43, 0xE3, 0xC0, 0xB4, 0x0F,
    0xD0, 0xE1, 0xD7, 0x03, 0xDC, 0x0F, 0x38, 0x78, 0x7F, 0x80, 0x00, 0x00, 0x06, 0x43, 0xD2, 0xE0,
    0xF0, 0xB0, 0x00, 0x07, 0x40, 0xF0, 0x07, 0xD0, 0x1E, 0x07, 0xEF, 0xFC, 0xFE, 0x00, 0x01, 0x80,
    0xB4, 0x1D, 0x03, 0xC0, 0x3D, 0x03, 0xFC, 0x1F, 0xC0, 0x0B, 0xC3, 0xE0, 0xF4, 0x3C, 0x1F, 0x0B,
    0x83, 0xE0, 0xF4, 0x00, 0x00, 0x00, 0x3F, 0xFF, 0xFD, 0x7F, 0xFF, 0xFC, 0x78, 0x00, 0x3C, 0xB4,
    0x00, 0x38, 0xF0, 0x00, 0x74, 0x00, 0x00, 0x00, 0x70, 0x2C, 0x0E, 0x74, 0x7C, 0x2C, 0x3F, 0xEF,
    0xF4, 0x05, 0x01, 0x40, 0x24, 0x00, 0x52, 0xD0, 0x7C, 0x0F, 0x6F, 0x00, 0x7F, 0xC0, 0x03, 0xF0,
    0x00, 0x00, 0x64, 0x00, 0x2F, 0xC0, 0x0B, 0xFE, 0x02, 0xE0, 0xF4, 0xF4, 0x03, 0xC0, 0x38, 0x01,
    0xC3, 0xD0, 0x7C, 0x2F, 0xFF, 0x40, 0x7F, 0x80, 0x00, 0x00, 0x01, 0xFF, 0x81, 0xFF, 0xF4, 0xF4,
    0x1F, 0x74, 0x02, 0xC0, 0x0B, 0xD0, 0x3C, 0xBF, 0xE1, 0xD3, 0x87, 0xFF, 0x2C, 0x02, 0xF0, 0x00,
    0x00, 0x0F, 0xFF, 0xE7, 0xFF, 0xF4, 0x00, 0x00, 0x00, 0x1F, 0xFF, 0xFF, 0xE7, 0xFF, 0xFF, 0xF4,
    0x2F, 0xFF, 0xFF, 0xC3, 0xFF, 0xFF, 0xFC, 0x00, 0x00, 0x00, 0x00, 0x00, 0x00, 0x00, 0x7F, 0xFF,
    0xFF, 0x0B, 0xFF, 0xFF, 0xF0, 0x07, 0xE0, 0x1C, 0x1F, 0xFD, 0x3C, 0x3C, 0x7F, 0xF4, 0x34, 0x0B,
    0xD0, 0x00, 0x00, 0x00, 0x7F, 0xFF, 0xFE, 0xBF, 0xFF, 0xFD, 0x00, 0x00, 0x00, 0x00, 0x00, 0xBF,
    0xFF, 0xFF, 0xFF, 0xFF, 0xFF, 0xFF, 0xFF, 0xFF, 0xFE, 0x00, 0x00, 0x00, 0x00, 0xBC, 0x00, 0x7F,
    0x80, 0x3F, 0xC0, 0x2F, 0xD0, 0x03, 0xE0, 0x00, 0x00, 0x00, 0x00, 0x00, 0x00, 0x00, 0x2E, 0x00,
    0x00, 0x00, 0x3C, 0x00, 0x00, 0x00, 0xB8, 0x00, 0x00, 0x01, 0xF0, 0x00, 0x00, 0x03, 0xD0, 0x00,
    0x00, 0x07, 0xC0, 0x00, 0x00, 0x0F, 0x40, 0x00, 0x00, 0x2E, 0x00, 0x00, 0x00, 0x3C, 0x00, 0x00,
    0x00, 0xB8, 0x00, 0x00, 0x00, 0xF0, 0x00, 0x00, 0x03, 0xD0, 0x00, 0x00, 0x07, 0xC0, 0x00, 0x00,
    0x0F, 0x40, 0x00, 0x00, 0x2F, 0x00, 0x00, 0x00, 0x3C, 0x00, 0x00, 0x00, 0xB8, 0x00, 0x00, 0x00,
    0xF0, 0x00, 0x00, 0x03, 0xD0, 0x00, 0x00, 0x07, 0xC0, 0x00, 0x00, 0x0F, 0x40, 0x00, 0x00, 0x1F,
    0x00, 0x00, 0x00, 0x3C, 0x00, 0x00, 0x00, 0xB8, 0x00, 0x00, 0x00, 0x2C, 0x0B, 0xC0, 0xB0, 0x2C,
    0x0E, 0x2E, 0x00, 0x00, 0x3C, 0x00, 0x2D, 0x78, 0x00, 0x3C, 0x74, 0x00, 0x3C, 0xBF, 0xFF, 0xF8,
    0xFF, 0xFF, 0xF4, 0x00, 0x00, 0x00, 0x3F, 0xFF, 0xFC, 0x3F, 0xFF, 0xFC, 0x74, 0x00, 0x38, 0x70,
    0x00, 0x74, 0xBF, 0xFF, 0xF0, 0xFF, 0xFF, 0xF0, 0x0B, 0xE7, 0xF8, 0x38, 0x7D, 0x2D, 0xB0, 0x38,
    0x1D, 0x00, 0x00, 0x00, 0x04, 0x10, 0x2E, 0x7C, 0x0F, 0xF0, 0x0F, 0xC0, 0x3F, 0xF0, 0x74, 0xE0,
    0x00, 0x00, 0x00, 0xB4, 0x1F, 0x40, 0xB4, 0x02, 0xE0, 0x07, 0xC0, 0x0F, 0x00, 0x7C, 0x0F, 0x80,
    0x00, 0x00, 0x1F, 0xFF, 0xFF, 0xC2, 0xFF, 0xFF, 0xFC, 0x00, 0x00, 0x00, 0x00, 0x00, 0x00, 0x00,
    0x3F, 0xFF, 0xFF, 0x47, 0xFF, 0xFF, 0xF0, 0x29, 0x03, 0xF0, 0x0F, 0x40, 0x7C, 0x01, 0xD0, 0x01,
    0xA0, 0x1F, 0x80, 0xF8, 0x0F, 0x40, 0xF4, 0x00, 0x07, 0xE0, 0x0D, 0x0F, 0xFD, 0x3C, 0x2D, 0x2F,
    0xF8, 0x38, 0x07, 0xE0, 0x00, 0x03, 0xF4, 0x3F, 0xC0, 0x7C, 0x03, 0xC0, 0xF0, 0x00, 0x00, 0x00,
    0x0A, 0x40, 0x00, 0xFC, 0x02, 0xC7, 0xD7, 0x9F, 0x6E, 0x3F, 0x3C, 0xF0, 0xB4, 0x02, 0x00, 0x00,
    0x2E, 0x0F, 0x43, 0xD0, 0xFF, 0x2F, 0x80, 0x00, 0x00, 0x00, 0x03, 0xFF, 0xFF, 0xFC, 0x3F, 0xFF,
    0xFF, 0x87, 0x80, 0x00, 0x78, 0xB4, 0x00, 0x0B, 0x4B, 0x00, 0x00, 0xF0, 0x1F, 0xFF, 0xFF, 0xD1,
    0xFF, 0xFF, 0xFC, 0x00, 0x00, 0x00, 0x00, 0x00, 0x00, 0x00, 0x3F, 0xFF, 0xFF, 0x83, 0xFF, 0xFF,
    0xF4, 0x0F, 0x0F, 0x87, 0xC3, 0xD2, 0xE0, 0xF0, 0xF4, 0x7C, 0x3D, 0x2E, 0x00, 0x00, 0x01, 0xFF,
    0xCB, 0xFF, 0x00, 0x38, 0x01, 0xD0, 0x0B, 0x00, 0x18, 0x00, 0x00, 0x00, 0x00, 0x00, 0x34, 0x00,
    0xBE, 0xC3, 0xCB, 0xFF, 0x1D, 0x38, 0xFF, 0xF2, 0xC7, 0xAF, 0x00, 0x1C, 0x00, 0x00, 0x00, 0x00,
    0x00, 0x1F, 0x00, 0x00, 0x2F, 0x00, 0x00, 0x1D, 0x00, 0x0B, 0xE0, 0x2C, 0x1F, 0xFD, 0x78, 0x3C,
    0x7F, 0xF0, 0x74, 0x0B, 0xD0, 0x00, 0xB0, 0x00, 0x00, 0xF4, 0x00, 0x00, 0xF0, 0x00, 0x00, 0x00,
    0x00, 0x07, 0xF9, 0x2D, 0x0F, 0xFF, 0xFC, 0x2C, 0x0B, 0xE0, 0x00, 0x00, 0x00, 0x0F, 0xF4, 0x78,
    0x3F, 0xFF, 0xF0, 0x74, 0x2F, 0xC0, 0x00, 0x41, 0x40, 0x1E, 0x0B, 0x42, 0xFF, 0xFF, 0x4B, 0xFF,
    0xFC, 0x0B, 0x03, 0x80, 0x04, 0x00, 0x00, 0x00, 0x00, 0x70, 0x1F, 0xC2, 0xF9, 0x0F, 0x01, 0xE0,
    0x2D, 0x00, 0x00, 0x00, 0x00, 0x00, 0x00, 0x07, 0xFC, 0x07, 0xFD, 0x03, 0xFD, 0x7F, 0xC0, 0x7F,
    0xD0, 0x3F, 0xD7, 0x00, 0x00, 0x00, 0x00, 0x0D, 0x70, 0x00, 0x0A, 0x00, 0x00, 0xD6, 0x00, 0x0C,
    0xA3, 0x00, 0x09, 0x00, 0x1D, 0xC0, 0x37, 0x40, 0x00, 0x00, 0xC0, 0x00, 0x30, 0x00, 0x00, 0x70,
    0x00, 0x00, 0xA0, 0x07, 0x0B, 0x00, 0x00, 0x0E, 0x0D, 0x70, 0x00, 0x00, 0x00, 0x00, 0xD7, 0x0D,
    0x00, 0x00, 0x03, 0x0D, 0x70, 0xD0, 0x00, 0x00, 0x30, 0xD7, 0x07, 0x00, 0x00, 0x0A, 0x0D, 0x00,
    0x70, 0x00, 0x00, 0xA0, 0x00, 0x01, 0xC0, 0x00, 0x34, 0x00, 0x00, 0x0D, 0xC0, 0x37, 0x00, 0x07,
    0x00, 0x0C, 0xA3, 0x00, 0x0D, 0x70, 0x00, 0x0A, 0x00, 0x00, 0xD7, 0x40, 0x00, 0x00, 0x00, 0x1D,
    0x7F, 0xC0, 0x7F, 0xD0, 0x3F, 0xD7, 0xFC, 0x07, 0xFD, 0x03, 0xFD, 0xD0, 0x2F, 0x81, 0xFC, 0x7F,
    0xBE, 0x34, 0x00, 0x0B, 0x4B, 0x43, 0x40, 0xE0, 0x3D, 0x07, 0x40, 0x02, 0xFD, 0x07, 0xFF, 0xC3,
    0xD0, 0xB9, 0xD0, 0x0F, 0x01, 0xE0, 0x00, 0xFC, 0x00, 0x2E, 0x00, 0x00, 0x00, 0x92, 0x03, 0xFE,
    0x07, 0xF0, 0x3F, 0xD0, 0xF7, 0x80, 0x00, 0x00, 0x00, 0xA1, 0xBD, 0x3E, 0x03, 0xE0, 0x0B, 0xD0,
    0x0A, 0xA0, 0x07, 0xE0, 0x0B, 0xC0, 0xBC, 0x7E, 0x4A, 0x00, 0xD0, 0x01, 0x90, 0xBE, 0x03, 0xE0,
    0x1F, 0xC7, 0xF0, 0x1F, 0xCB, 0x74, 0xBE, 0x4E, 0x38, 0xD0, 0x2C, 0x2C, 0x28, 0x3E, 0x0F, 0x0B,
    0x1D, 0xB8, 0x00, 0x7C, 0xFC, 0xB8, 0x03, 0x80, 0x9E, 0x93, 0xFF, 0x82, 0xF4, 0x1E, 0xF0, 0x21,
    0x40, 0x1F, 0xDB, 0xF0, 0x78, 0xBD, 0x3C, 0xB0, 0x38, 0x0D, 0xB0, 0x38, 0x0D, 0x74, 0x7C, 0x2C,
    0x2F, 0xEB, 0xF4, 0x00, 0x00, 0x00, 0x20, 0x07, 0x00, 0xBF, 0xDF, 0xFC, 0x02, 0xC0, 0x38, 0x18,
    0x00, 0x00, 0x00, 0x01, 0x82, 0xE0, 0x00, 0x00, 0x00, 0xBC, 0x0F, 0x80, 0x00, 0x00, 0x7F, 0x00,
    0x7F, 0x94, 0x01, 0xBF, 0xC0, 0x00, 0xFF, 0xFF, 0xFF, 0xD0, 0x00, 0x00, 0xAF, 0xFF, 0x80, 0x00,
    0x60, 0x00, 0x00, 0x00, 0x06, 0x5F, 0x00, 0x00, 0x00, 0x07, 0xC3, 0xF0, 0x00, 0x00, 0x0F, 0xD0,
    0x3F, 0x94, 0x01, 0xBF, 0xC0, 0x02, 0xFF, 0xFF, 0xFF, 0x40, 0x00, 0x06, 0xFF, 0xF9, 0x00, 0x00,
    0x00, 0x00, 0x00, 0x02, 0xFF, 0xFF, 0xFF, 0xEF, 0xFF, 0xFF, 0xFF, 0x40, 0x00, 0x00, 0x00, 0x00,
    0x7F, 0xFF, 0xFF, 0xFC, 0xBF, 0xFF, 0xFF, 0xFC, 0x06, 0xFF, 0x90, 0x00, 0x01, 0xD2, 0xFF, 0xFF,
    0xF9, 0x00, 0xBC, 0x7D, 0x01, 0xAF, 0xFF, 0xFF, 0x0F, 0x00, 0x00, 0x1B, 0xFF, 0x80, 0x00, 0x00,
    0x00, 0x00, 0x00, 0x00, 0x01, 0xBF, 0xFF, 0x90, 0x00, 0x0B, 0xFF, 0xFF, 0xFF, 0x40, 0x0F, 0xF4,
    0x00, 0x1B, 0xF4, 0x0F, 0xC0, 0x00, 0x00, 0x2F, 0x0F, 0x40, 0x00, 0x00, 0x02, 0xE6, 0x40, 0x00,
    0x00, 0x00, 0x24, 0x00, 0x00, 0x00, 0x00, 0x08, 0x00, 0x00, 0x00, 0x00, 0x00, 0xF0, 0xBF, 0xFF,
    0xFF, 0xFF, 0xFF, 0xCF, 0xFF, 0xFF, 0xFF, 0xFF, 0xFC, 0x00, 0x00, 0x00, 0x00, 0x0E, 0x00, 0x00,
    0x00, 0x00, 0x00, 0x40, 0x07, 0xD9, 0x1D, 0x2C, 0x34, 0x1C, 0x30, 0x28, 0x30, 0x34, 0x30, 0xB0,
    0x2F, 0x30, 0x0B, 0xD3, 0x8A, 0x70, 0xEB, 0xF4, 0xD0, 0x0B, 0x04, 0x2F, 0x80, 0x0A, 0x00, 0x08,
    0x1C, 0x18, 0x24, 0x30, 0x30, 0x60, 0x07, 0xF0, 0x70, 0xA3, 0x41, 0xCC, 0x07, 0x30, 0x28, 0xD1,
    0xC1, 0xFC, 0x00, 0x08, 0x08, 0x1C, 0x0C, 0x28, 0x1C, 0x34, 0x28, 0x30, 0x34, 0x30, 0xB0, 0x2E,
    0x30, 0x0B, 0xE2, 0xC0, 0x30, 0x07, 0x00, 0x60, 0x07, 0x00, 0x2F, 0x80, 0x00, 0x07, 0x00, 0x0A,
    0x07, 0xDD, 0x1C, 0x2C, 0x34, 0x1C, 0x30, 0x28, 0x70, 0x34, 0x30, 0xB0, 0x2F, 0x30, 0x05, 0x00,
    0x24, 0x00, 0xC0, 0x03, 0x7D, 0x1E, 0x1C, 0xA0, 0x73, 0x42, 0x8C, 0x0D, 0x70, 0x30, 0x40, 0x40,
    0x0D, 0xF5, 0xF4, 0x78, 0xB8, 0x72, 0xC1, 0xC1, 0xCD, 0x09, 0x0A, 0x30, 0x30, 0x35, 0xC0, 0xC0,
    0xC1, 0x01, 0x01, 0x00, 0x0D, 0xE0, 0xE0, 0x1C, 0x02, 0x40, 0x30, 0x03, 0x00, 0x10, 0x00, 0x0C,
    0x1F, 0xD3, 0x40, 0xC0, 0x30, 0x18, 0x0A, 0x00, 0xF0, 0x60, 0x31, 0xC2, 0x83, 0x1C, 0x0C, 0xD0,
    0x3A, 0x00, 0xF0, 0x00, 0x04, 0x04, 0x0D, 0x34, 0x07, 0xA0, 0x03, 0x80, 0x0B, 0xC0, 0x1C, 0xD0,
    0x70, 0x70, 0x00, 0x00, 0xBC, 0x00, 0x00, 0x00, 0x3E, 0x00, 0x00, 0x00, 0x1F, 0x00, 0x00, 0x00,
    0x0B, 0x80, 0x00, 0x00, 0x03, 0xC0, 0x00, 0x00, 0x00, 0x00, 0x00, 0x00, 0x00, 0x00, 0x00, 0x2F,
    0xFF, 0xFF, 0x00, 0x3F, 0xFF, 0xFE, 0x00, 0x3D, 0x00, 0x00, 0x00, 0x7C, 0x00, 0x00, 0x00, 0xBC,
    0x00, 0x00, 0x00, 0xFC, 0x00, 0x00, 0x00, 0xF8, 0x00, 0x00, 0x00, 0xF4, 0x00, 0x00, 0x01, 0xF0,
    0x00, 0x00, 0x02, 0xFF, 0xFF, 0xD0, 0x03, 0xFF, 0xFF, 0xC0, 0x03, 0xE0, 0x00, 0x00, 0x03, 0xD0,
    0x00, 0x00, 0x07, 0xC0, 0x00, 0x00, 0x0B, 0xC0, 0x00, 0x00, 0x0F, 0xC0, 0x00, 0x00, 0x0F, 0x80,
    0x00, 0x00, 0x1F, 0x40, 0x00, 0x00, 0x1F, 0x00, 0x00, 0x00, 0x2F, 0xFF, 0xFF, 0x00, 0x3F, 0xFF,
    0xFE, 0x00, 0x00, 0x00, 0xB4, 0x3C, 0x00, 0x00, 0xF4, 0x7C, 0x00, 0x00, 0xF0, 0x78, 0x00, 0x00,
    0x00, 0x00, 0x00, 0x00, 0x00, 0x00, 0x00, 0x2F, 0xFF, 0xFF, 0x00, 0x3F, 0xFF, 0xFE, 0x00, 0x3D,
    0x00, 0x00, 0x00, 0x7C, 0x00, 0x00, 0x00, 0xBC, 0x00, 0x00, 0x00, 0xFC, 0x00, 0x00, 0x00, 0xF8,
    0x00, 0x00, 0x00, 0xF4, 0x00, 0x00, 0x01, 0xF0, 0x00, 0x00, 0x02, 0xFF, 0xFF, 0xD0, 0x03, 0xFF,
    0xFF, 0xC0, 0x03, 0xE0, 0x00, 0x00, 0x03, 0xD0, 0x00, 0x00, 0x07, 0xC0, 0x00, 0x00, 0x0B, 0xC0,
    0x00, 0x00, 0x0F, 0xC0, 0x00, 0x00, 0x0F, 0x80, 0x00, 0x00, 0x1F, 0x40, 0x00, 0x00, 0x1F, 0x00,
    0x00, 0x00, 0x2F, 0xFF, 0xFF, 0x00, 0x3F, 0xFF, 0xFE, 0x00, 0x3F, 0xFF, 0xFF, 0xF4, 0x3F, 0xFF,
    0xFF, 0xF0, 0x00, 0x2F, 0x00, 0x00, 0x00, 0x3F, 0x00, 0x00, 0x00, 0x3E, 0x00, 0x00, 0x00, 0x3D,
    0x00, 0x00, 0x00, 0x7C, 0x00, 0x00, 0x00, 0xBC, 0x00, 0x00, 0x00, 0xFE, 0xFF, 0x80, 0x00, 0xFF,
    0xFF, 0xF0, 0x01, 0xF9, 0x02, 0xFC, 0x01, 0xF0, 0x00, 0xBD, 0x02, 0xF0, 0x00, 0x3E, 0x03, 0xE0,
    0x00, 0x3F, 0x03, 0xD0, 0x00, 0x3F, 0x07, 0xD0, 0x00, 0x3E, 0x0B, 0xC0, 0x00, 0x7D, 0x0B, 0xC0,
    0x00, 0xFC, 0x0F, 0x81, 0x07, 0xF4, 0x0F, 0x42, 0xFF, 0xD0, 0x1F, 0x42, 0xFE, 0x00, 0x00, 0x00,
    0x00, 0x7E, 0x00, 0x00, 0x00, 0xF8, 0x00, 0x00, 0x03, 0xE0, 0x00, 0x00, 0x0B, 0x80, 0x00, 0x00,
    0x0F, 0x00, 0x00, 0x00, 0x00, 0x00, 0x00, 0x00, 0x00, 0x00, 0x00, 0x2F, 0xFF, 0xFE, 0x00, 0x3F,
    0xFF, 0xFD, 0x00, 0x3D, 0x00, 0x00, 0x00, 0x7C, 0x00, 0x00, 0x00, 0xBC, 0x00, 0x00, 0x00, 0xFC,
    0x00, 0x00, 0x00, 0xF8, 0x00, 0x00, 0x00, 0xF4, 0x00, 0x00, 0x01, 0xF0, 0x00, 0x00, 0x02, 0xF0,
    0x00, 0x00, 0x03, 0xF0, 0x00, 0x00, 0x03, 0xE0, 0x00, 0x00, 0x03, 0xD0, 0x00, 0x00, 0x07, 0xC0,
    0x00, 0x00, 0x0B, 0xC0, 0x00, 0x00, 0x0F, 0x80, 0x00, 0x00, 0x0F, 0x80, 0x00, 0x00, 0x1F, 0x40,
    0x00, 0x00, 0x1F, 0x00, 0x00, 0x00, 0x2F, 0x00, 0x00, 0x00, 0x3E, 0x00, 0x00, 0x00, 0x00, 0x00,
    0x6F, 0xFE, 0x40, 0x00, 0x7F, 0xFF, 0xFC, 0x00, 0x3F, 0xD0, 0x17, 0x40, 0x0F, 0xE0, 0x00, 0x00,
    0x02, 0xF8, 0x00, 0x00, 0x00, 0x3F, 0x00, 0x00, 0x00, 0x0B, 0xC0, 0x00, 0x00, 0x00, 0xF8, 0x00,
    0x00, 0x00, 0x1F, 0x40, 0x00, 0x00, 0x02, 0xFF, 0xFF, 0xFC, 0x00, 0x3F, 0xFF, 0xFF, 0xC0, 0x03,
    0xF0, 0x00, 0x00, 0x00, 0x3E, 0x00, 0x00, 0x00, 0x03, 0xE0, 0x00, 0x00, 0x00, 0x3F, 0x00, 0x00,
    0x00, 0x03, 0xF0, 0x00, 0x00, 0x00, 0x2F, 0x40, 0x00, 0x00, 0x00, 0xFD, 0x00, 0x00, 0x00, 0x07,
    0xF9, 0x01, 0x90, 0x00, 0x1F, 0xFF, 0xFD, 0x00, 0x00, 0x1F, 0xFE, 0x40, 0x00, 0x00, 0x06, 0xFF,
    0xE0, 0x00, 0x2F, 0xFF, 0xFC, 0x00, 0xFE, 0x41, 0xB4, 0x01, 0xF8, 0x00, 0x00, 0x03, 0xF0, 0x00,
    0x00, 0x03, 0xF0, 0x00, 0x00, 0x03, 0xF0, 0x00, 0x00, 0x02, 0xF4, 0x00, 0x00, 0x00, 0xFE, 0x00,
    0x00, 0x00, 0x7F, 0xD0, 0x00, 0x00, 0x1F, 0xF8, 0x00, 0x00, 0x02, 0xFE, 0x00, 0x00, 0x00, 0x7F,
    0x40, 0x00, 0x00, 0x0F, 0xC0, 0x00, 0x00, 0x0F, 0xC0, 0x00, 0x00, 0x0B, 0xC0, 0x00, 0x00, 0x0F,
    0xC0, 0x00, 0x00, 0x2F, 0x40, 0x79, 0x01, 0xFF, 0x00, 0x7F, 0xFF, 0xF8, 0x00, 0x1B, 0xFF, 0x90,
    0x00, 0x00, 0x2F, 0x00, 0x0F, 0x80, 0x03, 0xD0, 0x01, 0xF4, 0x00, 0xBC, 0x00, 0x3F, 0x00, 0x0F,
    0x80, 0x03, 0xD0, 0x01, 0xF0, 0x00, 0xBC, 0x00, 0x3F, 0x00, 0x0F, 0x80, 0x03, 0xD0, 0x01, 0xF0,
    0x00, 0xBC, 0x00, 0x3F, 0x00, 0x0F, 0x80, 0x07, 0xD0, 0x02, 0xF0, 0x00, 0xBC, 0x00, 0x3E, 0x00,
    0x00, 0x00, 0x3C, 0xB4, 0x02, 0xF3, 0xE0, 0x07, 0x8F, 0x00, 0x00, 0x00, 0x00, 0x00, 0x00, 0x00,
    0xBC, 0x00, 0x03, 0xE0, 0x00, 0x0F, 0x40, 0x00, 0x7D, 0x00, 0x02, 0xF0, 0x00, 0x0F, 0xC0, 0x00,
    0x3E, 0x00, 0x00, 0xF4, 0x00, 0x07, 0xC0, 0x00, 0x2F, 0x00, 0x00, 0xFC, 0x00, 0x03, 0xE0, 0x00,
    0x0F, 0x40, 0x00, 0x7C, 0x00, 0x02, 0xF0, 0x00, 0x0F, 0xC0, 0x00, 0x3E, 0x00, 0x01, 0xF4, 0x00,
    0x0B, 0xC0, 0x00, 0x2F, 0x00, 0x00, 0xF8, 0x00, 0x00, 0x00, 0x00, 0x07, 0xC0, 0x00, 0x00, 0xBC,
    0x00, 0x00, 0x0F, 0x80, 0x00, 0x00, 0xF4, 0x00, 0x00, 0x1F, 0x40, 0x00, 0x02, 0xF0, 0x00, 0x00,
    0x3F, 0x00, 0x00, 0x03, 0xE0, 0x00, 0x00, 0x3D, 0x00, 0x00, 0x07, 0xC0, 0x00, 0x00, 0xBC, 0x00,
    0x00, 0x0F, 0xC0, 0x00, 0x00, 0xF8, 0x00, 0x00, 0x1F, 0x40, 0x00, 0x01, 0xF0, 0x00, 0x00, 0x2F,
    0x00, 0x00, 0x03, 0xE0, 0x00, 0x00, 0x3D, 0x00, 0x00, 0x07, 0xD0, 0x00, 0x00, 0xBC, 0x00, 0x00,
    0x0F, 0xC0, 0x00, 0x00, 0xF8, 0x00, 0x00, 0x2F, 0x00, 0x00, 0x0B, 0xE0, 0x00, 0xBF, 0xFC, 0x00,
    0x07, 0xFE, 0x00, 0x00, 0x00, 0x00, 0x00, 0x00, 0x00, 0x00, 0x0F, 0xFF, 0xFF, 0xC0, 0x00, 0x00,
    0x00, 0x1F, 0xFF, 0xFF, 0xC0, 0x00, 0x00, 0x00, 0x2F, 0x00, 0x0F, 0x80, 0x00, 0x00, 0x00, 0x3E,
    0x00, 0x1F, 0x40, 0x00, 0x00, 0x00, 0x3D, 0x00, 0x1F, 0x00, 0x00, 0x00, 0x00, 0x7C, 0x00, 0x2F,
    0x00, 0x00, 0x00, 0x00, 0xB8, 0x00, 0x3E, 0x00, 0x00, 0x00, 0x00, 0xF4, 0x00, 0x3E, 0x00, 0x00,
    0x00, 0x00, 0xF0, 0x00, 0x7F, 0xFE, 0x40, 0x00, 0x02, 0xF0, 0x00, 0xBF, 0xFF, 0xF0, 0x00, 0x03,
    0xE0, 0x00, 0xBC, 0x07, 0xF8, 0x00, 0x03, 0xD0, 0x00, 0xF8, 0x00, 0xBC, 0x00, 0x07, 0xC0, 0x00,
    0xF4, 0x00, 0x7D, 0x00, 0x0B, 0xC0, 0x01, 0xF4, 0x00, 0x3E, 0x00, 0x0F, 0x80, 0x02, 0xF0, 0x00,
    0x3D, 0x00, 0x0F, 0x40, 0x03, 0xF0, 0x00, 0x7D, 0x00, 0x2F, 0x00, 0x03, 0xE0, 0x00, 0xFC, 0x00,
    0x3E, 0x00, 0x03, 0xD0, 0x02, 0xF8, 0x11, 0xFC, 0x00, 0x07, 0xD0, 0x1F, 0xF0, 0x3F, 0xF4, 0x00,
    0x0B, 0xFF, 0xFF, 0x80, 0x3F, 0x80, 0x00, 0x0F, 0xFF, 0xF9, 0x00, 0x00, 0x2F, 0x00, 0x00, 0xFC,
    0x00, 0x00, 0x03, 0xE0, 0x00, 0x0F, 0x80, 0x00, 0x00, 0x3D, 0x00, 0x00, 0xF4, 0x00, 0x00, 0x07,
    0xD0, 0x00, 0x1F, 0x00, 0x00, 0x00, 0xBC, 0x00, 0x02, 0xF0, 0x00, 0x00, 0x0F, 0xC0, 0x00, 0x3F,
    0x00, 0x00, 0x00, 0xF8, 0x00, 0x03, 0xE0, 0x00, 0x00, 0x0F, 0x40, 0x00, 0x3D, 0x00, 0x00, 0x01,
    0xF9, 0x55, 0x5B, 0xD5, 0x00, 0x00, 0x2F, 0xFF, 0xFF, 0xFF, 0xFF, 0x80, 0x03, 0xFF, 0xFF, 0xFF,
    0xFF, 0xFF, 0x00, 0x3E, 0x00, 0x00, 0xF8, 0x06, 0xFC, 0x03, 0xD0, 0x00, 0x1F, 0x40, 0x0F, 0xC0,
    0x7C, 0x00, 0x01, 0xF0, 0x00, 0x7D, 0x0B, 0xC0, 0x00, 0x2F, 0x00, 0x07, 0xD0, 0xFC, 0x00, 0x03,
    0xE0, 0x00, 0xBC, 0x0F, 0x80, 0x00, 0x3E, 0x00, 0x0F, 0xC1, 0xF4, 0x00, 0x07, 0xD0, 0x02, 0xF4,
    0x1F, 0x00, 0x00, 0xBC, 0x01, 0xFE, 0x02, 0xF0, 0x00, 0x0B, 0xFF, 0xFF, 0x80, 0x3E, 0x00, 0x00,
    0xFF, 0xFF, 0x80, 0x00, 0x3F, 0xFF, 0xFF, 0xF4, 0x0F, 0xFF, 0xFF, 0xFC, 0x00, 0x02, 0xF0, 0x00,
    0x00, 0x00, 0xFC, 0x00, 0x00, 0x00, 0x3E, 0x00, 0x00, 0x00, 0x0F, 0x40, 0x00, 0x00, 0x07, 0xC0,
    0x00, 0x00, 0x02, 0xF0, 0x00, 0x00, 0x00, 0xFE, 0xFF, 0x90, 0x00, 0x3F, 0xFF, 0xFE, 0x00, 0x1F,
    0x90, 0x1F, 0xD0, 0x07, 0xC0, 0x00, 0xF8, 0x02, 0xF0, 0x00, 0x3F, 0x00, 0xF8, 0x00, 0x0F, 0x80,
    0x3D, 0x00, 0x03, 0xE0, 0x1F, 0x40, 0x00, 0xF4, 0x0B, 0xC0, 0x00, 0x7C, 0x02, 0xF0, 0x00, 0x2F,
    0x00, 0xF8, 0x00, 0x0F, 0xC0, 0x3D, 0x00, 0x03, 0xE0, 0x1F, 0x40, 0x00, 0xF4, 0x00, 0x00, 0x00,
    0x00, 0x0F, 0xC0, 0x00, 0x00, 0x00, 0xBD, 0x00, 0x00, 0x00, 0x07, 0xD0, 0x00, 0x00, 0x00, 0x3D,
    0x00, 0x00, 0x00, 0x02, 0xD0, 0x00, 0x00, 0x00, 0x00, 0x00, 0x00, 0x00, 0x00, 0x00, 0x00, 0x00,
    0x0B, 0xC0, 0x00, 0xBD, 0x00, 0x3E, 0x00, 0x07, 0xD0, 0x00, 0xF4, 0x00, 0x7E, 0x00, 0x07, 0xD0,
    0x03, 0xF0, 0x00, 0x2F, 0x00, 0x3F, 0x00, 0x00, 0xFC, 0x03, 0xF0, 0x00, 0x03, 0xE0, 0x2F, 0x40,
    0x00, 0x0F, 0x42, 0xF4, 0x00, 0x00, 0x7C, 0x1F, 0x80, 0x00, 0x02, 0xFF, 0xF8, 0x00, 0x00, 0x0F,
    0xFF, 0xC0, 0x00, 0x00, 0x3E, 0x5F, 0x80, 0x00, 0x00, 0xF4, 0x2F, 0x00, 0x00, 0x07, 0xC0, 0x3D,
    0x00, 0x00, 0x2F, 0x00, 0xFC, 0x00, 0x00, 0xF8, 0x01, 0xF4, 0x00, 0x03, 0xE0, 0x03, 0xE0, 0x00,
    0x1F, 0x40, 0x0B, 0xC0, 0x00, 0xBC, 0x00, 0x0F, 0x80, 0x02, 0xF0, 0x00, 0x3F, 0x00, 0x0F, 0x80,
    0x00, 0x7D, 0x00, 0x00, 0x00, 0x07, 0xD0, 0x00, 0x00, 0x00, 0x00, 0xFC, 0x00, 0x00, 0x00, 0x00,
    0x0F, 0x00, 0x00, 0x00, 0x00, 0x01, 0xE0, 0x00, 0x00, 0x00, 0x00, 0x2C, 0x00, 0x00, 0x00, 0x00,
    0x00, 0x00, 0x00, 0x00, 0x00, 0x00, 0x00, 0x00, 0x00, 0xBC, 0x00, 0x00, 0xFC, 0x00, 0x3E, 0x00,
    0x00, 0xFF, 0x00, 0x0F, 0x40, 0x00, 0xBF, 0x80, 0x07, 0xD0, 0x00, 0x7F, 0xD0, 0x02, 0xF0, 0x00,
    0x3E, 0xF0, 0x00, 0xFC, 0x00, 0x3E, 0x7C, 0x00, 0x3E, 0x00, 0x2F, 0x2F, 0x00, 0x0F, 0x40, 0x1F,
    0x0F, 0x80, 0x07, 0xC0, 0x0F, 0x43, 0xD0, 0x02, 0xF0, 0x0F, 0x81, 0xF0, 0x00, 0xFC, 0x0B, 0xC0,
    0xBC, 0x00, 0x3E, 0x07, 0xC0, 0x3F, 0x00, 0x0F, 0x43, 0xD0, 0x0F, 0x80, 0x07, 0xC3, 0xE0, 0x07,
    0xD0, 0x02, 0xF2, 0xF0, 0x01, 0xF0, 0x00, 0xF9, 0xF0, 0x00, 0xBC, 0x00, 0x3E, 0xF4, 0x00, 0x3E,
    0x00, 0x1F, 0xF8, 0x00, 0x0F, 0x40, 0x0B, 0xFC, 0x00, 0x07, 0xD0, 0x02, 0xFC, 0x00, 0x02, 0xF0,
    0x00, 0xFD, 0x00, 0x00, 0xFC, 0x00, 0x00, 0x03, 0xD0, 0x1F, 0x00, 0x00, 0x0F, 0x80, 0xF8, 0x00,
    0x00, 0x1F, 0xFF, 0xC0, 0x00, 0x00, 0x0B, 0xE4, 0x00, 0x00, 0x00, 0x00, 0x00, 0x00, 0x00, 0x00,
    0x00, 0x00, 0x00, 0x3E, 0x00, 0x00, 0x2F, 0x40, 0xBC, 0x00, 0x00, 0xFC, 0x01, 0xF0, 0x00, 0x0B,
    0xC0, 0x03, 0xD0, 0x00, 0x3E, 0x00, 0x0F, 0x80, 0x03, 0xF0, 0x00, 0x2F, 0x00, 0x1F, 0x40, 0x00,
    0x7C, 0x00, 0xFC, 0x00, 0x00, 0xF4, 0x07, 0xC0, 0x00, 0x03, 0xF0, 0x3E, 0x00, 0x00, 0x0B, 0xC2,
    0xF0, 0x00, 0x00, 0x0F, 0x0F, 0x40, 0x00, 0x00, 0x3D, 0xBC, 0x00, 0x00, 0x00, 0xBB, 0xD0, 0x00,
    0x00, 0x01, 0xFE, 0x00, 0x00, 0x00, 0x03, 0xF0, 0x00, 0x00, 0x00, 0x2F, 0x40, 0x00, 0x00, 0x01,
    0xFC, 0x00, 0x00, 0x00, 0x0F, 0xC0, 0x00, 0x00, 0x56, 0xFD, 0x00, 0x00, 0x03, 0xFF, 0xD0, 0x00,
    0x00, 0x0B, 0xF8, 0x00, 0x00, 0x00, 0x00, 0x00, 0x2F, 0x00, 0x00, 0x7D, 0x00, 0x3E, 0x00, 0x00,
    0x7C, 0x00, 0x3D, 0x00, 0x00, 0xBC, 0x00, 0x7D, 0x00, 0x00, 0xF8, 0x00, 0xBC, 0x00, 0x00, 0xF4,
    0x00, 0xFC, 0x00, 0x01, 0xF4, 0x00, 0xF8, 0x00, 0x02, 0xF0, 0x00, 0xF4, 0x00, 0x02, 0xF0, 0x01,
    0xF0, 0x00, 0x03, 0xE0, 0x02, 0xF0, 0x00, 0x03, 0xD0, 0x03, 0xF0, 0x00, 0x07, 0xC0, 0x03, 0xE0,
    0x00, 0x0B, 0xC0, 0x03, 0xD0, 0x00, 0x0F, 0xC0, 0x07, 0xC0, 0x00, 0x0F, 0x80, 0x0B, 0xC0, 0x00,
    0x0F, 0x40, 0x0F, 0xC0, 0x00, 0x1F, 0x00, 0x0F, 0x80, 0x00, 0x2F, 0x00, 0x1F, 0x40, 0x00, 0x3F,
    0x00, 0x1F, 0x40, 0x00, 0x3E, 0x00, 0x2F, 0xFF, 0xFF, 0xFD, 0x00, 0x3F, 0xFF, 0xFF, 0xFC, 0x00,
    0x00, 0x07, 0xC0, 0x00, 0x00, 0x00, 0x07, 0xC0, 0x00, 0x00, 0x00, 0x0B, 0xC0, 0x00, 0x00, 0x00,
    0x0F, 0x80, 0x00, 0x00, 0x00, 0x0A, 0x00, 0x00, 0x00, 0x00, 0x00, 0x02, 0xF4, 0x00, 0x00, 0x00,
    0xFE, 0x00, 0x00, 0x00, 0xBF, 0x80, 0x00, 0x00, 0x3E, 0xF0, 0x00, 0x00, 0x3E, 0x7C, 0x00, 0x00,
    0x1F, 0x1F, 0x00, 0x00, 0x0F, 0x83, 0xC0, 0x00, 0x07, 0xC0, 0xF4, 0x00, 0x03, 0xE0, 0x3D, 0x00,
    0x01, 0xF0, 0x0F, 0x80, 0x00, 0xF8, 0x03, 0xE0, 0x00, 0xBC, 0x00, 0xBC, 0x00, 0x3F, 0xFF, 0xFF,
    0x00, 0x2F, 0xFF, 0xFF, 0xC0, 0x0F, 0x95, 0x56, 0xF0, 0x0B, 0xC0, 0x00, 0x7D, 0x03, 0xD0, 0x00,
    0x0F, 0x43, 0xF0, 0x00, 0x03, 0xE1, 0xF4, 0x00, 0x00, 0xF8, 0xFC, 0x00, 0x00, 0x3F, 0x7D, 0x00,
    0x00, 0x0B, 0xC0, 0x00, 0x2F, 0xFF, 0xFF, 0x40, 0x0F, 0xFF, 0xFF, 0xC0, 0x03, 0xD0, 0x00, 0x00,
    0x01, 0xF0, 0x00, 0x00, 0x00, 0xBC, 0x00, 0x00, 0x00, 0x3F, 0x00, 0x00, 0x00, 0x0F, 0x80, 0x00,
    0x00, 0x03, 0xD0, 0x00, 0x00, 0x01, 0xFF, 0xF9, 0x00, 0x00, 0xBF, 0xFF, 0xF0, 0x00, 0x3E, 0x01,
    0xFF, 0x00, 0x0F, 0x80, 0x0B, 0xD0, 0x03, 0xD0, 0x00, 0xF8, 0x01, 0xF0, 0x00, 0x3E, 0x00, 0xBC,
    0x00, 0x0F, 0x80, 0x3E, 0x00, 0x07, 0xD0, 0x0F, 0x80, 0x03, 0xF0, 0x07, 0xD0, 0x01, 0xF8, 0x01,
    0xF0, 0x07, 0xFC, 0x00, 0xBF, 0xFF, 0xF8, 0x00, 0x3F, 0xFF, 0xE4, 0x00, 0x00, 0x00, 0x2F, 0xFF,
    0x90, 0x00, 0x0F, 0xFF, 0xFF, 0x40, 0x03, 0xD0, 0x1B, 0xF0, 0x01, 0xF0, 0x00, 0xBE, 0x00, 0xBC,
    0x00, 0x0F, 0x80, 0x3F, 0x00, 0x03, 0xE0, 0x0F, 0x80, 0x01, 0xF4, 0x03, 0xD0, 0x00, 0xFC, 0x01,
    0xF0, 0x01, 0xFD, 0x00, 0xBF, 0xFF, 0xF8, 0x00, 0x3F, 0xFF, 0xF4, 0x00, 0x0F, 0x80, 0x1F, 0xC0,
    0x03, 0xD0, 0x00, 0xF8, 0x01, 0xF0, 0x00, 0x2F, 0x00, 0xBC, 0x00, 0x07, 0xD0, 0x3E, 0x00, 0x02,
    0xF0, 0x0F, 0x80, 0x00, 0xFC, 0x07, 0xD0, 0x00, 0xBE, 0x01, 0xF0, 0x01, 0xBF, 0x00, 0xBF, 0xFF,
    0xFF, 0x00, 0x3F, 0xFF, 0xF9, 0x00, 0x00, 0x00, 0x2F, 0xFF, 0xFE, 0x00, 0x3F, 0xFF, 0xFD, 0x00,
    0x3D, 0x00, 0x00, 0x00, 0x7C, 0x00, 0x00, 0x00, 0xBC, 0x00, 0x00, 0x00, 0xFC, 0x00, 0x00, 0x00,
    0xF8, 0x00, 0x00, 0x00, 0xF4, 0x00, 0x00, 0x01, 0xF0, 0x00, 0x00, 0x02, 0xF0, 0x00, 0x00, 0x03,
    0xF0, 0x00, 0x00, 0x03, 0xE0, 0x00, 0x00, 0x03, 0xD0, 0x00, 0x00, 0x07, 0xC0, 0x00, 0x00, 0x0B,
    0xC0, 0x00, 0x00, 0x0F, 0x80, 0x00, 0x00, 0x0F, 0x80, 0x00, 0x00, 0x1F, 0x40, 0x00, 0x00, 0x1F,
    0x00, 0x00, 0x00, 0x2F, 0x00, 0x00, 0x00, 0x3E, 0x00, 0x00, 0x00, 0x00, 0x00, 0x02, 0xFF, 0xFF,
    0xFC, 0x00, 0x00, 0x0F, 0xFF, 0xFF, 0xE0, 0x00, 0x00, 0x3D, 0x00, 0x1F, 0x40, 0x00, 0x01, 0xF0,
    0x00, 0x7C, 0x00, 0x00, 0x0F, 0x80, 0x02, 0xF0, 0x00, 0x00, 0x3D, 0x00, 0x0F, 0xC0, 0x00, 0x01,
    0xF0, 0x00, 0x3E, 0x00, 0x00, 0x0B, 0xC0, 0x01, 0xF4, 0x00, 0x00, 0x3E, 0x00, 0x07, 0xC0, 0x00,
    0x00, 0xF4, 0x00, 0x2F, 0x00, 0x00, 0x07, 0xC0, 0x00, 0xF8, 0x00, 0x00, 0x2F, 0x00, 0x03, 0xE0,
    0x00, 0x00, 0xF8, 0x00, 0x1F, 0x40, 0x00, 0x07, 0xC0, 0x00, 0xBC, 0x00, 0x00, 0x3E, 0x00, 0x02,
    0xF0, 0x00, 0x01, 0xF4, 0x00, 0x0F, 0x80, 0x00, 0x0F, 0x80, 0x00, 0x3D, 0x00, 0x00, 0xFC, 0x00,
    0x01, 0xF4, 0x00, 0x0B, 0xD0, 0x00, 0x0B, 0xC0, 0x03, 0xFF, 0xFF, 0xFF, 0xFF, 0xF8, 0x1F, 0xFF,
    0xFF, 0xFF, 0xFF, 0xD0, 0xBC, 0x00, 0x00, 0x00, 0x1F, 0x03, 0xE0, 0x00, 0x00, 0x00, 0xBC, 0x0F,
    0x80, 0x00, 0x00, 0x03, 0xE0, 0x3D, 0x00, 0x00, 0x00, 0x0F, 0x81, 0xF0, 0x00, 0x00, 0x00, 0x3D,
    0x00, 0x00, 0x2F, 0xFF, 0xFF, 0x00, 0x3F, 0xFF, 0xFE, 0x00, 0x3D, 0x00, 0x00, 0x00, 0x7C, 0x00,
    0x00, 0x00, 0xBC, 0x00, 0x00, 0x00, 0xFC, 0x00, 0x00, 0x00, 0xF8, 0x00, 0x00, 0x00, 0xF4, 0x00,
    0x00, 0x01, 0xF0, 0x00, 0x00, 0x02, 0xFF, 0xFF, 0xD0, 0x03, 0xFF, 0xFF, 0xC0, 0x03, 0xE0, 0x00,
    0x00, 0x03, 0xD0, 0x00, 0x00, 0x07, 0xC0, 0x00, 0x00, 0x0B, 0xC0, 0x00, 0x00, 0x0F, 0xC0, 0x00,
    0x00, 0x0F, 0x80, 0x00, 0x00, 0x1F, 0x40, 0x00, 0x00, 0x1F, 0x00, 0x00, 0x00, 0x2F, 0xFF, 0xFF,
    0x00, 0x3F, 0xFF, 0xFE, 0x00, 0x00, 0x0B, 0x80, 0x02, 0xF0, 0x00, 0x7E, 0x00, 0x07, 0xC0, 0x03,
    0xE0, 0x01, 0xF8, 0x00, 0x03, 0xE0, 0x03, 0xD0, 0x03, 0xF0, 0x00, 0x01, 0xF0, 0x07, 0xC0, 0x0F,
    0xC0, 0x00, 0x00, 0xF4, 0x0B, 0xC0, 0x3F, 0x00, 0x00, 0x00, 0xBC, 0x0B, 0xC0, 0xBD, 0x00, 0x00,
    0x00, 0x3C, 0x0F, 0x81, 0xF4, 0x00, 0x00, 0x00, 0x3E, 0x0F, 0x47, 0xE0, 0x00, 0x00, 0x00, 0x1F,
    0x1F, 0x0F, 0xC0, 0x00, 0x00, 0x00, 0x0F, 0xFF, 0xFF, 0x00, 0x00, 0x00, 0x00, 0x2F, 0xFF, 0xFD,
    0x00, 0x00, 0x00, 0x00, 0x7E, 0x7E, 0x7E, 0x00, 0x00, 0x00, 0x01, 0xF8, 0x3D, 0x2F, 0x00, 0x00,
    0x00, 0x03, 0xF0, 0x7C, 0x0F, 0x80, 0x00, 0x00, 0x0F, 0xC0, 0xBC, 0x0B, 0xC0, 0x00, 0x00, 0x3F,
    0x40, 0xF8, 0x07, 0xD0, 0x00, 0x00, 0xBD, 0x00, 0xF8, 0x03, 0xE0, 0x00, 0x02, 0xF8, 0x00, 0xF4,
    0x02, 0xF0, 0x00, 0x07, 0xE0, 0x01, 0xF0, 0x00, 0xF8, 0x00, 0x1F, 0xC0, 0x02, 0xF0, 0x00, 0xBC,
    0x00, 0x3F, 0x00, 0x03, 0xE0, 0x00, 0x7D, 0x00, 0x00, 0x1B, 0xFF, 0x40, 0x00, 0xBF, 0xFF, 0xF0,
    0x00, 0x35, 0x06, 0xFC, 0x00, 0x00, 0x00, 0xBD, 0x00, 0x00, 0x00, 0x3E, 0x00, 0x00, 0x00, 0x3E,
    0x00, 0x00, 0x00, 0x7D, 0x00, 0x00, 0x00, 0xFC, 0x00, 0x00, 0x07, 0xF0, 0x00, 0x3F, 0xFF, 0x80,
    0x00, 0x3F, 0xFE, 0x00, 0x00, 0x00, 0x1F, 0xC0, 0x00, 0x00, 0x03, 0xF0, 0x00, 0x00, 0x01, 0xF0,
    0x00, 0x00, 0x01, 0xF0, 0x00, 0x00, 0x02, 0xF0, 0x00, 0x00, 0x03, 0xF0, 0x00, 0x00, 0x0B, 0xD0,
    0x79, 0x00, 0x7F, 0x80, 0x7F, 0xFF, 0xFE, 0x00, 0x1B, 0xFF, 0xE0, 0x00, 0x00, 0x2F, 0x00, 0x00,
    0x3F, 0x00, 0x0F, 0x80, 0x00, 0x3F, 0xC0, 0x03, 0xD0, 0x00, 0x2F, 0xE0, 0x01, 0xF4, 0x00, 0x1F,
    0xF4, 0x00, 0xBC, 0x00, 0x0F, 0xBC, 0x00, 0x3F, 0x00, 0x0F, 0x9F, 0x00, 0x0F, 0x80, 0x0B, 0xCB,
    0xC0, 0x03, 0xD0, 0x07, 0xC3, 0xE0, 0x01, 0xF0, 0x03, 0xD0, 0xF4, 0x00, 0xBC, 0x03, 0xE0, 0x7C,
    0x00, 0x3F, 0x02, 0xF0, 0x2F, 0x00, 0x0F, 0x81, 0xF0, 0x0F, 0xC0, 0x03, 0xD0, 0xF4, 0x03, 0xE0,
    0x01, 0xF0, 0xF8, 0x01, 0xF4, 0x00, 0xBC, 0xBC, 0x00, 0x7C, 0x00, 0x3E, 0x7C, 0x00, 0x2F, 0x00,
    0x0F, 0xBD, 0x00, 0x0F, 0x80, 0x07, 0xFE, 0x00, 0x03, 0xD0, 0x02, 0xFF, 0x00, 0x01, 0xF4, 0x00,
    0xBF, 0x00, 0x00, 0xBC, 0x00, 0x3F, 0x40, 0x00, 0x3F, 0x00, 0x00, 0x00, 0x00, 0x3D, 0x00, 0xF0,
    0x00, 0x00, 0x0B, 0xC0, 0xF8, 0x00, 0x00, 0x00, 0xFF, 0xFC, 0x00, 0x00, 0x00, 0x0B, 0xE4, 0x00,
    0x00, 0x00, 0x00, 0x00, 0x00, 0x00, 0x00, 0x00, 0x00, 0x00, 0x00, 0x02, 0xF0, 0x00, 0x03, 0xF0,
    0x00, 0xF8, 0x00, 0x03, 0xFC, 0x00, 0x3D, 0x00, 0x02, 0xFE, 0x00, 0x1F, 0x40, 0x01, 0xFF, 0x40,
    0x0B, 0xC0, 0x00, 0xFB, 0xC0, 0x03, 0xF0, 0x00, 0xF9, 0xF0, 0x00, 0xF8, 0x00, 0xBC, 0xBC, 0x00,
    0x3D, 0x00, 0x7C, 0x3E, 0x00, 0x1F, 0x00, 0x3D, 0x0F, 0x40, 0x0B, 0xC0, 0x3E, 0x07, 0xC0, 0x03,
    0xF0, 0x2F, 0x02, 0xF0, 0x00, 0xF8, 0x1F, 0x00, 0xFC, 0x00, 0x3D, 0x0F, 0x40, 0x3E, 0x00, 0x1F,
    0x0F, 0x80, 0x1F, 0x40, 0x0B, 0xCB, 0xC0, 0x07, 0xC0, 0x03, 0xE7, 0xC0, 0x02, 0xF0, 0x00, 0xFB,
    0xD0, 0x00, 0xF8, 0x00, 0x7F, 0xE0, 0x00, 0x3D, 0x00, 0x2F, 0xF0, 0x00, 0x1F, 0x40, 0x0B, 0xF0,
    0x00, 0x0B, 0xC0, 0x03, 0xF4, 0x00, 0x03, 0xF0, 0x00, 0x00, 0x2F, 0x00, 0x02, 0xF4, 0x00, 0xF8,
    0x00, 0x1F, 0x40, 0x03, 0xD0, 0x01, 0xF8, 0x00, 0x1F, 0x40, 0x0F, 0xC0, 0x00, 0xBC, 0x00, 0xFC,
    0x00, 0x03, 0xF0, 0x0F, 0xC0, 0x00, 0x0F, 0x80, 0xBD, 0x00, 0x00, 0x3D, 0x0B, 0xD0, 0x00, 0x01,
    0xF0, 0x7E, 0x00, 0x00, 0x0B, 0xFF, 0xE0, 0x00, 0x00, 0x3F, 0xFF, 0x00, 0x00, 0x00, 0xF9, 0x7E,
    0x00, 0x00, 0x03, 0xD0, 0xBC, 0x00, 0x00, 0x1F, 0x00, 0xF4, 0x00, 0x00, 0xBC, 0x03, 0xF0, 0x00,
    0x03, 0xE0, 0x07, 0xD0, 0x00, 0x0F, 0x80, 0x0F, 0x80, 0x00, 0x7D, 0x00, 0x2F, 0x00, 0x02, 0xF0,
    0x00, 0x3E, 0x00, 0x0B, 0xC0, 0x00, 0xFC, 0x00, 0x3E, 0x00, 0x01, 0xF4, 0x00, 0x00, 0x00, 0x0F,
    0xFF, 0xFF, 0xE0, 0x00, 0x01, 0xFF, 0xFF, 0xFD, 0x00, 0x00, 0x2F, 0x00, 0x0B, 0xC0, 0x00, 0x03,
    0xE0, 0x00, 0xBC, 0x00, 0x00, 0x3D, 0x00, 0x0F, 0xC0, 0x00, 0x07, 0xC0, 0x00, 0xF8, 0x00, 0x00,
    0xB8, 0x00, 0x1F, 0x40, 0x00, 0x0F, 0x40, 0x02, 0xF0, 0x00, 0x00, 0xF0, 0x00, 0x2F, 0x00, 0x00,
    0x2F, 0x00, 0x03, 0xE0, 0x00, 0x03, 0xE0, 0x00, 0x3E, 0x00, 0x00, 0x3D, 0x00, 0x07, 0xD0, 0x00,
    0x07, 0xC0, 0x00, 0xBC, 0x00, 0x00, 0xBC, 0x00, 0x0F, 0xC0, 0x00, 0x0F, 0x80, 0x00, 0xF8, 0x00,
    0x00, 0xF4, 0x00, 0x0F, 0x40, 0x00, 0x2F, 0x00, 0x01, 0xF0, 0x00, 0x03, 0xE0, 0x00, 0x2F, 0x00,
    0x01, 0xFC, 0x00, 0x03, 0xF0, 0x03, 0xFF, 0x40, 0x00, 0x3E, 0x00, 0x3F, 0x80, 0x00, 0x03, 0xD0,
    0x00, 0x00, 0x2F, 0xC0, 0x00, 0x00, 0xFF, 0x40, 0x0F, 0xF4, 0x00, 0x00, 0x7F, 0xC0, 0x03, 0xFD,
    0x00, 0x00, 0x3F, 0xF0, 0x01, 0xFF, 0x40, 0x00, 0x1F, 0xBC, 0x00, 0xBE, 0xE0, 0x00, 0x0F, 0x7E,
    0x00, 0x3E, 0xB8, 0x00, 0x0B, 0xCF, 0x40, 0x0F, 0x5F, 0x00, 0x03, 0xD7, 0xC0, 0x03, 0xD7, 0xC0,
    0x02, 0xF2, 0xF0, 0x01, 0xF0, 0xF0, 0x00, 0xF0, 0xFC, 0x00, 0xBC, 0x3C, 0x00, 0xB8, 0x3E, 0x00,
    0x3E, 0x0F, 0x40, 0x3C, 0x0F, 0x40, 0x0F, 0x43, 0xD0, 0x3E, 0x07, 0xC0, 0x03, 0xC0, 0xB8, 0x1F,
    0x02, 0xF0, 0x01, 0xF0, 0x2E, 0x0F, 0x80, 0xF8, 0x00, 0xBC, 0x07, 0xC7, 0xC0, 0x3E, 0x00, 0x3E,
    0x01, 0xF3, 0xD0, 0x1F, 0x40, 0x0F, 0x40, 0x3D, 0xF0, 0x07, 0xC0, 0x07, 0xC0, 0x0F, 0xF4, 0x02,
    0xF0, 0x01, 0xF0, 0x03, 0xFC, 0x00, 0xF8, 0x00, 0xBC, 0x00, 0xFD, 0x00, 0x3D, 0x00, 0x3E, 0x00,
    0x2E, 0x00, 0x1F, 0x40, 0x00, 0x00, 0x2F, 0x00, 0x00, 0x3E, 0x00, 0x3E, 0x00, 0x00, 0x3E, 0x00,
    0x3D, 0x00, 0x00, 0x7D, 0x00, 0x7D, 0x00, 0x00, 0xBC, 0x00, 0xBC, 0x00, 0x00, 0xBC, 0x00, 0xFC,
    0x00, 0x00, 0xF8, 0x00, 0xF8, 0x00, 0x00, 0xF4, 0x00, 0xF4, 0x00, 0x01, 0xF0, 0x01, 0xF0, 0x00,
    0x02, 0xF0, 0x02, 0xFF, 0xFF, 0xFF, 0xF0, 0x03, 0xFF, 0xFF, 0xFF, 0xE0, 0x03, 0xE5, 0x55, 0x57,
    0xD0, 0x03, 0xD0, 0x00, 0x07, 0xC0, 0x07, 0xC0, 0x00, 0x0B, 0xC0, 0x0B, 0xC0, 0x00, 0x0F, 0xC0,
    0x0F, 0x80, 0x00, 0x0F, 0x80, 0x0F, 0x80, 0x00, 0x0F, 0x40, 0x1F, 0x40, 0x00, 0x1F, 0x00, 0x1F,
    0x00, 0x00, 0x2F, 0x00, 0x2F, 0x00, 0x00, 0x3E, 0x00, 0x3E, 0x00, 0x00, 0x3E, 0x00, 0x00, 0x01,
    0xBF, 0xE4, 0x00, 0x00, 0x2F, 0xFF, 0xFC, 0x00, 0x03, 0xF9, 0x06, 0xFC, 0x00, 0x3F, 0x40, 0x02,
    0xF8, 0x02, 0xF4, 0x00, 0x03, 0xF0, 0x0F, 0x80, 0x00, 0x07, 0xD0, 0xBC, 0x00, 0x00, 0x1F, 0x43,
    0xE0, 0x00, 0x00, 0x3E, 0x1F, 0x40, 0x00, 0x00, 0xF8, 0xBC, 0x00, 0x00, 0x07, 0xD3, 0xF0, 0x00,
    0x00, 0x1F, 0x4F, 0x80, 0x00, 0x00, 0xBC, 0x3E, 0x00, 0x00, 0x03, 0xF0, 0xF8, 0x00, 0x00, 0x0F,
    0x83, 0xE0, 0x00, 0x00, 0xBC, 0x0F, 0xC0, 0x00, 0x03, 0xE0, 0x2F, 0x40, 0x00, 0x3F, 0x00, 0x3F,
    0x00, 0x02, 0xF4, 0x00, 0x7F, 0x40, 0x7F, 0x80, 0x00, 0x7F, 0xFF, 0xF4, 0x00, 0x00, 0x2F, 0xF9,
    0x00, 0x00, 0x00, 0x2F, 0xFF, 0xFF, 0xFD, 0x00, 0x3F, 0xFF, 0xFF, 0xFC, 0x00, 0x3D, 0x00, 0x00,
    0xBC, 0x00, 0x7C, 0x00, 0x00, 0xFC, 0x00, 0xBC, 0x00, 0x00, 0xF8, 0x00, 0xFC, 0x00, 0x01, 0xF4,
    0x00, 0xF8, 0x00, 0x01, 0xF0, 0x00, 0xF4, 0x00, 0x02, 0xF0, 0x01, 0xF0, 0x00, 0x03, 0xF0, 0x02,
    0xF0, 0x00, 0x03, 0xE0, 0x03, 0xF0, 0x00, 0x07, 0xD0, 0x03, 0xE0, 0x00, 0x07, 0xC0, 0x03, 0xD0,
    0x00, 0x0B, 0xC0, 0x07, 0xC0, 0x00, 0x0F, 0x80, 0x0B, 0xC0, 0x00, 0x0F, 0x80, 0x0F, 0x80, 0x00,
    0x1F, 0x40, 0x0F, 0x80, 0x00, 0x2F, 0x00, 0x1F, 0x40, 0x00, 0x2F, 0x00, 0x1F, 0x00, 0x00, 0x3E,
    0x00, 0x2F, 0x00, 0x00, 0x3D, 0x00, 0x3E, 0x00, 0x00, 0x7C, 0x00, 0x00, 0x2F, 0xFF, 0x80, 0x00,
    0x0F, 0xFF, 0xFD, 0x00, 0x03, 0xE0, 0x1F, 0xD0, 0x01, 0xF4, 0x00, 0xFC, 0x00, 0xBC, 0x00, 0x2F,
    0x00, 0x3F, 0x00, 0x0B, 0xC0, 0x0F, 0x80, 0x02, 0xF0, 0x03, 0xD0, 0x00, 0xFC, 0x01, 0xF4, 0x00,
    0x3E, 0x00, 0xBC, 0x00, 0x3F, 0x00, 0x3F, 0x00, 0x7F, 0x40, 0x0F, 0xFF, 0xFF, 0x40, 0x03, 0xFF,
    0xFD, 0x00, 0x01, 0xF0, 0x00, 0x00, 0x00, 0xBC, 0x00, 0x00, 0x00, 0x3F, 0x00, 0x00, 0x00, 0x0F,
    0x80, 0x00, 0x00, 0x07, 0xD0, 0x00, 0x00, 0x01, 0xF0, 0x00, 0x00, 0x00, 0xBC, 0x00, 0x00, 0x00,
    0x3E, 0x00, 0x00, 0x00, 0x00, 0x00, 0x00, 0x6F, 0xFE, 0x40, 0x00, 0x7F, 0xFF, 0xFC, 0x00, 0x3F,
    0xD0, 0x17, 0x40, 0x0F, 0xE0, 0x00, 0x00, 0x02, 0xF8, 0x00, 0x00, 0x00, 0x3F, 0x00, 0x00, 0x00,
    0x0B, 0xC0, 0x00, 0x00, 0x00, 0xF8, 0x00, 0x00, 0x00, 0x1F, 0x40, 0x00, 0x00, 0x02, 0xF0, 0x00,
    0x00, 0x00, 0x3F, 0x00, 0x00, 0x00, 0x03, 0xF0, 0x00, 0x00, 0x00, 0x3E, 0x00, 0x00, 0x00, 0x03,
    0xE0, 0x00, 0x00, 0x00, 0x3F, 0x00, 0x00, 0x00, 0x03, 0xF0, 0x00, 0x00, 0x00, 0x1F, 0x40, 0x00,
    0x00, 0x00, 0xFD, 0x00, 0x00, 0x00, 0x07, 0xF9, 0x01, 0x90, 0x00, 0x1F, 0xFF, 0xFD, 0x00, 0x00,
    0x1F, 0xFE, 0x40, 0x00, 0x3F, 0xFF, 0xFF, 0xFD, 0x3F, 0xFF, 0xFF, 0xFC, 0x00, 0x0B, 0xC0, 0x00,
    0x00, 0x0B, 0xC0, 0x00, 0x00, 0x0F, 0x80, 0x00, 0x00, 0x0F, 0x80, 0x00, 0x00, 0x1F, 0x40, 0x00,
    0x00, 0x2F, 0x00, 0x00, 0x00, 0x2F, 0x00, 0x00, 0x00, 0x3E, 0x00, 0x00, 0x00, 0x3D, 0x00, 0x00,
    0x00, 0x7D, 0x00, 0x00, 0x00, 0xBC, 0x00, 0x00, 0x00, 0xFC, 0x00, 0x00, 0x00, 0xF8, 0x00, 0x00,
    0x00, 0xF4, 0x00, 0x00, 0x01, 0xF0, 0x00, 0x00, 0x02, 0xF0, 0x00, 0x00, 0x03, 0xF0, 0x00, 0x00,
    0x03, 0xE0, 0x00, 0x00, 0x03, 0xD0, 0x00, 0x00, 0x03, 0xE0, 0x00, 0x02, 0xF4, 0x0B, 0xC0, 0x00,
    0x0F, 0xC0, 0x1F, 0x00, 0x00, 0xBC, 0x00, 0x3D, 0x00, 0x03, 0xE0, 0x00, 0xF8, 0x00, 0x3F, 0x00,
    0x02, 0xF0, 0x01, 0xF4, 0x00, 0x07, 0xC0, 0x0F, 0xC0, 0x00, 0x0F, 0x40, 0x7C, 0x00, 0x00, 0x3F,
    0x03, 0xE0, 0x00, 0x00, 0xBC, 0x2F, 0x00, 0x00, 0x00, 0xF0, 0xF4, 0x00, 0x00, 0x03, 0xDB, 0xC0,
    0x00, 0x00, 0x0B, 0xBD, 0x00, 0x00, 0x00, 0x1F, 0xE0, 0x00, 0x00, 0x00, 0x3F, 0x00, 0x00, 0x00,
    0x02, 0xF4, 0x00, 0x00, 0x00, 0x1F, 0xC0, 0x00, 0x00, 0x00, 0xFC, 0x00, 0x00, 0x05, 0x6F, 0xD0,
    0x00, 0x00, 0x3F, 0xFD, 0x00, 0x00, 0x00, 0xBF, 0x80, 0x00, 0x00, 0x00, 0x00, 0x00, 0x00, 0xF8,
    0x00, 0x00, 0x00, 0x00, 0x1F, 0x40, 0x00, 0x00, 0x01, 0xBF, 0xFF, 0x80, 0x00, 0x02, 0xFF, 0xFF,
    0xFF, 0x80, 0x00, 0xFF, 0x93, 0xE6, 0xFE, 0x00, 0x3F, 0x40, 0x3D, 0x02, 0xF4, 0x0F, 0xC0, 0x07,
    0xC0, 0x0F, 0xC0, 0xF8, 0x00, 0xBC, 0x00, 0xBC, 0x2F, 0x00, 0x0F, 0xC0, 0x07, 0xC3, 0xF0, 0x00,
    0xF8, 0x00, 0x7C, 0x3E, 0x00, 0x1F, 0x40, 0x0B, 0xC3, 0xE0, 0x02, 0xF0, 0x00, 0xFC, 0x3E, 0x00,
    0x2F, 0x00, 0x1F, 0x42, 0xF0, 0x03, 0xE0, 0x03, 0xF0, 0x1F, 0x80, 0x3D, 0x00, 0xFD, 0x00, 0xBF,
    0x47, 0xD1, 0xBF, 0x40, 0x02, 0xFF, 0xFF, 0xFF, 0xC0, 0x00, 0x06, 0xFF, 0xFF, 0x90, 0x00, 0x00,
    0x00, 0xF8, 0x00, 0x00, 0x00, 0x00, 0x1F, 0x40, 0x00, 0x00, 0x00, 0x01, 0xF0, 0x00, 0x00, 0x00,
    0x00, 0x2F, 0x00, 0x00, 0x7D, 0x00, 0x0F, 0x40, 0x01, 0xF8, 0x00, 0x0F, 0xC0, 0x03, 0xF0, 0x00,
    0x07, 0xC0, 0x0F, 0xC0, 0x00, 0x03, 0xD0, 0x2F, 0x00, 0x00, 0x02, 0xF0, 0x7D, 0x00, 0x00, 0x01,
    0xF0, 0xF8, 0x00, 0x00, 0x00, 0xFB, 0xF0, 0x00, 0x00, 0x00, 0xBF, 0xC0, 0x00, 0x00, 0x00, 0x3F,
    0x40, 0x00, 0x00, 0x00, 0xBF, 0x00, 0x00, 0x00, 0x01, 0xFF, 0x40, 0x00, 0x00, 0x03, 0xEB, 0xC0,
    0x00, 0x00, 0x0F, 0xC7, 0xC0, 0x00, 0x00, 0x2F, 0x03, 0xE0, 0x00, 0x00, 0x7D, 0x02, 0xF0, 0x00,
    0x00, 0xF8, 0x01, 0xF0, 0x00, 0x03, 0xF0, 0x00, 0xF8, 0x00, 0x0B, 0xC0, 0x00, 0xBC, 0x00, 0x1F,
    0x40, 0x00, 0x7D, 0x00, 0x3E, 0x00, 0x00, 0x3E, 0x00, 0x00, 0x2F, 0x00, 0x00, 0x3D, 0x00, 0x3E,
    0x00, 0x00, 0x7C, 0x00, 0x3D, 0x00, 0x00, 0xBC, 0x00, 0x7D, 0x00, 0x00, 0xF8, 0x00, 0xBC, 0x00,
    0x00, 0xF8, 0x00, 0xFC, 0x00, 0x01, 0xF4, 0x00, 0xF8, 0x00, 0x02, 0xF0, 0x00, 0xF4, 0x00, 0x02,
    0xF0, 0x01, 0xF0, 0x00, 0x03, 0xE0, 0x02, 0xF0, 0x00, 0x03, 0xD0, 0x03, 0xF0, 0x00, 0x07, 0xC0,
    0x03, 0xE0, 0x00, 0x0B, 0xC0, 0x03, 0xD0, 0x00, 0x0F, 0xC0, 0x07, 0xC0, 0x00, 0x0F, 0x80, 0x0B,
    0xC0, 0x00, 0x0F, 0x40, 0x0F, 0x80, 0x00, 0x1F, 0x00, 0x0F, 0x80, 0x00, 0x2F, 0x00, 0x1F, 0x40,
    0x00, 0x3F, 0x00, 0x2F, 0x55, 0x55, 0x7E, 0x50, 0x2F, 0xFF, 0xFF, 0xFF, 0xF0, 0x3F, 0xFF, 0xFF,
    0xFF, 0xF0, 0x00, 0x00, 0x00, 0x03, 0xE0, 0x00, 0x00, 0x00, 0x03, 0xE0, 0x00, 0x00, 0x00, 0x03,
    0xD0, 0x00, 0x00, 0x00, 0x07, 0xC0, 0x00, 0x00, 0x00, 0x06, 0x80, 0x07, 0xD0, 0x00, 0x1F, 0x02,
    0xF0, 0x00, 0x0B, 0xC0, 0xBC, 0x00, 0x03, 0xF0, 0x3E, 0x00, 0x00, 0xF8, 0x0F, 0x40, 0x00, 0x7D,
    0x07, 0xC0, 0x00, 0x1F, 0x02, 0xF0, 0x00, 0x0B, 0xC0, 0xBC, 0x00, 0x03, 0xE0, 0x2F, 0x00, 0x00,
    0xF8, 0x0B, 0xD0, 0x00, 0x7D, 0x00, 0xFE, 0x55, 0xBF, 0x00, 0x1F, 0xFF, 0xFF, 0xC0, 0x00, 0xBF,
    0xFB, 0xE0, 0x00, 0x00, 0x00, 0xF4, 0x00, 0x00, 0x00, 0x7D, 0x00, 0x00, 0x00, 0x2F, 0x00, 0x00,
    0x00, 0x0F, 0xC0, 0x00, 0x00, 0x03, 0xE0, 0x00, 0x00, 0x00, 0xF4, 0x00, 0x00, 0x00, 0x7C, 0x00,
    0x00, 0x00, 0x2F, 0x00, 0x00, 0x00, 0x2F, 0x00, 0x03, 0xF0, 0x00, 0x3F, 0x00, 0x3E, 0x00, 0x03,
    0xE0, 0x00, 0x3E, 0x00, 0x3D, 0x00, 0x03, 0xD0, 0x00, 0x3D, 0x00, 0x7D, 0x00, 0x07, 0xC0, 0x00,
    0x7C, 0x00, 0xBC, 0x00, 0x0B, 0xC0, 0x00, 0xBC, 0x00, 0xFC, 0x00, 0x0F, 0xC0, 0x00, 0xF8, 0x00,
    0xF8, 0x00, 0x0F, 0x80, 0x00, 0xF8, 0x00, 0xF4, 0x00, 0x0F, 0x40, 0x01, 0xF4, 0x01, 0xF0, 0x00,
    0x1F, 0x00, 0x01, 0xF0, 0x02, 0xF0, 0x00, 0x2F, 0x00, 0x02, 0xF0, 0x03, 0xF0, 0x00, 0x3E, 0x00,
    0x03, 0xE0, 0x03, 0xE0, 0x00, 0x3E, 0x00, 0x03, 0xD0, 0x03, 0xD0, 0x00, 0x7D, 0x00, 0x07, 0xD0,
    0x07, 0xC0, 0x00, 0x7C, 0x00, 0x0B, 0xC0, 0x0B, 0xC0, 0x00, 0xBC, 0x00, 0x0B, 0xC0, 0x0F, 0x80,
    0x00, 0xF8, 0x00, 0x0F, 0x80, 0x0F, 0x80, 0x00, 0xF4, 0x00, 0x0F, 0x40, 0x1F, 0x40, 0x01, 0xF4,
    0x00, 0x1F, 0x00, 0x1F, 0x55, 0x56, 0xF5, 0x55, 0x6F, 0x00, 0x2F, 0xFF, 0xFF, 0xFF, 0xFF, 0xFF,
    0x00, 0x3F, 0xFF, 0xFF, 0xFF, 0xFF, 0xFE, 0x00, 0x00, 0x2F, 0x00, 0x02, 0xF0, 0x00, 0x3F, 0x00,
    0x3E, 0x00, 0x03, 0xE0, 0x00, 0x3E, 0x00, 0x3D, 0x00, 0x03, 0xD0, 0x00, 0x3D, 0x00, 0x7D, 0x00,
    0x07, 0xC0, 0x00, 0x7C, 0x00, 0xBC, 0x00, 0x0B, 0xC0, 0x00, 0xBC, 0x00, 0xFC, 0x00, 0x0F, 0xC0,
    0x00, 0xFC, 0x00, 0xF8, 0x00, 0x0F, 0x80, 0x00, 0xF8, 0x00, 0xF4, 0x00, 0x0F, 0x40, 0x01, 0xF4,
    0x01, 0xF0, 0x00, 0x1F, 0x00, 0x01, 0xF0, 0x02, 0xF0, 0x00, 0x2F, 0x00, 0x02, 0xF0, 0x03, 0xF0,
    0x00, 0x3F, 0x00, 0x03, 0xE0, 0x03, 0xE0, 0x00, 0x3E, 0x00, 0x03, 0xE0, 0x03, 0xD0, 0x00, 0x3D,
    0x00, 0x07, 0xD0, 0x07, 0xC0, 0x00, 0x7C, 0x00, 0x0B, 0xC0, 0x0B, 0xC0, 0x00, 0xBC, 0x00, 0x0B,
    0xC0, 0x0F, 0x80, 0x00, 0xF8, 0x00, 0x0F, 0x80, 0x0F, 0x80, 0x00, 0xF8, 0x00, 0x0F, 0x40, 0x1F,
    0x40, 0x01, 0xF4, 0x00, 0x1F, 0x40, 0x1F, 0x55, 0x56, 0xF5, 0x55, 0x6F, 0x54, 0x2F, 0xFF, 0xFF,
    0xFF, 0xFF, 0xFF, 0xF8, 0x3F, 0xFF, 0xFF, 0xFF, 0xFF, 0xFF, 0xF4, 0x00, 0x00, 0x00, 0x00, 0x00,
    0x01, 0xF0, 0x00, 0x00, 0x00, 0x00, 0x00, 0x01, 0xF0, 0x00, 0x00, 0x00, 0x00, 0x00, 0x02, 0xF0,
    0x00, 0x00, 0x00, 0x00, 0x00, 0x03, 0xE0, 0x00, 0x00, 0x00, 0x00, 0x00, 0x02, 0x90, 0x3F, 0xFF,
    0x40, 0x00, 0x3F, 0xFF, 0x40, 0x00, 0x00, 0x2F, 0x00, 0x00, 0x00, 0x3F, 0x00, 0x00, 0x00, 0x3E,
    0x00, 0x00, 0x00, 0x3D, 0x00, 0x00, 0x00, 0x7C, 0x00, 0x00, 0x00, 0xBC, 0x00, 0x00, 0x00, 0xFF,
    0xFE, 0x00, 0x00, 0xFF, 0xFF, 0xD0, 0x00, 0xF4, 0x0B, 0xF0, 0x01, 0xF0, 0x01, 0xF8, 0x02, 0xF0,
    0x00, 0xFC, 0x03, 0xE0, 0x00, 0xBC, 0x03, 0xE0, 0x00, 0xBC, 0x07, 0xD0, 0x00, 0xFC, 0x07, 0xC0,
    0x01, 0xF4, 0x0B, 0xC0, 0x03, 0xF0, 0x0F, 0xC0, 0x6F, 0xD0, 0x0F, 0xFF, 0xFF, 0x40, 0x1F, 0xFF,
    0xE4, 0x00, 0x00, 0x2F, 0x00, 0x00, 0x00, 0x7C, 0x00, 0x3E, 0x00, 0x00, 0x00, 0xBC, 0x00, 0x3D,
    0x00, 0x00, 0x00, 0xF8, 0x00, 0x7C, 0x00, 0x00, 0x00, 0xF8, 0x00, 0xBC, 0x00, 0x00, 0x01, 0xF4,
    0x00, 0xFC, 0x00, 0x00, 0x02, 0xF0, 0x00, 0xF8, 0x00, 0x00, 0x02, 0xF0, 0x00, 0xF4, 0x00, 0x00,
    0x03, 0xE0, 0x01, 0xFF, 0xF9, 0x00, 0x03, 0xD0, 0x02, 0xFF, 0xFF, 0x80, 0x07, 0xD0, 0x03, 0xF5,
    0x6F, 0xD0, 0x0B, 0xC0, 0x03, 0xE0, 0x03, 0xF0, 0x0F, 0xC0, 0x03, 0xD0, 0x02, 0xF0, 0x0F, 0x80,
    0x07, 0xC0, 0x01, 0xF4, 0x0F, 0x40, 0x0B, 0xC0, 0x01, 0xF0, 0x1F, 0x00, 0x0F, 0xC0, 0x02, 0xF0,
    0x2F, 0x00, 0x0F, 0x80, 0x03, 0xE0, 0x3F, 0x00, 0x1F, 0x40, 0x0B, 0xD0, 0x3E, 0x00, 0x1F, 0x00,
    0x7F, 0x80, 0x3D, 0x00, 0x2F, 0xFF, 0xFE, 0x00, 0x7C, 0x00, 0x3F, 0xFF, 0xE0, 0x00, 0xBC, 0x00,
    0x00, 0x2F, 0x00, 0x00, 0x00, 0xF8, 0x00, 0x00, 0x03, 0xD0, 0x00, 0x00, 0x1F, 0x00, 0x00, 0x00,
    0xBC, 0x00, 0x00, 0x03, 0xF0, 0x00, 0x00, 0x0F, 0x80, 0x00, 0x00, 0x3D, 0x00, 0x00, 0x01, 0xFF,
    0xF9, 0x00, 0x0B, 0xFF, 0xFE, 0x00, 0x3F, 0x56, 0xFE, 0x00, 0xF8, 0x00, 0xFC, 0x03, 0xD0, 0x01,
    0xF4, 0x1F, 0x00, 0x03, 0xD0, 0xBC, 0x00, 0x1F, 0x43, 0xF0, 0x00, 0xBC, 0x0F, 0x80, 0x03, 0xF0,
    0x7D, 0x00, 0x2F, 0x41, 0xF0, 0x07, 0xF8, 0x0B, 0xFF, 0xFF, 0x80, 0x3F, 0xFF, 0xE0, 0x00, 0x00,
    0x6F, 0xFE, 0x40, 0x00, 0xBF, 0xFF, 0xF8, 0x00, 0x0E, 0x40, 0x7F, 0xC0, 0x00, 0x00, 0x02, 0xF4,
    0x00, 0x00, 0x00, 0x3F, 0x00, 0x00, 0x00, 0x0B, 0xC0, 0x00, 0x00, 0x01, 0xF4, 0x00, 0x00, 0x00,
    0x7D, 0x00, 0x00, 0x00, 0x1F, 0x40, 0x0F, 0xFF, 0xFF, 0xC0, 0x07, 0xFF, 0xFF, 0xF0, 0x00, 0x00,
    0x00, 0xFC, 0x00, 0x00, 0x00, 0x3E, 0x00, 0x00, 0x00, 0x1F, 0x40, 0x00, 0x00, 0x0F, 0xC0, 0x00,
    0x00, 0x07, 0xE0, 0x00, 0x00, 0x03, 0xF0, 0x00, 0x00, 0x07, 0xF0, 0x06, 0x40, 0x1B, 0xF4, 0x02,
    0xFF, 0xFF, 0xF0, 0x00, 0x2F, 0xFF, 0x90, 0x00, 0x00, 0x00, 0x2F, 0x00, 0x00, 0xBF, 0xF4, 0x00,
    0x00, 0xF8, 0x00, 0x1F, 0xFF, 0xFC, 0x00, 0x03, 0xD0, 0x02, 0xFD, 0x06, 0xFC, 0x00, 0x1F, 0x00,
    0x2F, 0x80, 0x01, 0xF8, 0x00, 0xBC, 0x01, 0xF8, 0x00, 0x02, 0xF0, 0x03, 0xF0, 0x0F, 0xC0, 0x00,
    0x07, 0xD0, 0x0F, 0x80, 0x7D, 0x00, 0x00, 0x0F, 0x80, 0x3D, 0x02, 0xF0, 0x00, 0x00, 0x3E, 0x01,
    0xF5, 0x5F, 0xC0, 0x00, 0x00, 0xF8, 0x0B, 0xFF, 0xFD, 0x00, 0x00, 0x03, 0xE0, 0x3F, 0xFF, 0xF4,
    0x00, 0x00, 0x1F, 0x40, 0xF8, 0x0B, 0xC0, 0x00, 0x00, 0xBC, 0x03, 0xD0, 0x2F, 0x00, 0x00, 0x03,
    0xF0, 0x1F, 0x00, 0xBC, 0x00, 0x00, 0x0F, 0x80, 0xBC, 0x02, 0xF0, 0x00, 0x00, 0xBD, 0x03, 0xE0,
    0x07, 0xD0, 0x00, 0x03, 0xF0, 0x0F, 0x80, 0x0F, 0x80, 0x00, 0x2F, 0x40, 0x7D, 0x00, 0x2F, 0x40,
    0x02, 0xF8, 0x01, 0xF0, 0x00, 0x3F, 0x80, 0x7F, 0x80, 0x0B, 0xC0, 0x00, 0x3F, 0xFF, 0xF4, 0x00,
    0x3E, 0x00, 0x00, 0x1F, 0xFE, 0x00, 0x00, 0x00, 0x00, 0x1B, 0xFF, 0xFC, 0x00, 0x03, 0xFF, 0xFF,
    0xE0, 0x00, 0x3F, 0x90, 0x1F, 0x40, 0x03, 0xF0, 0x00, 0x7C, 0x00, 0x0F, 0x80, 0x02, 0xF0, 0x00,
    0x7D, 0x00, 0x0F, 0xC0, 0x02, 0xF0, 0x00, 0x3E, 0x00, 0x07, 0xD0, 0x01, 0xF4, 0x00, 0x0F, 0xC0,
    0x07, 0xC0, 0x00, 0x2F, 0x90, 0x2F, 0x00, 0x00, 0x2F, 0xFF, 0xF8, 0x00, 0x00, 0x3F, 0xFF, 0xE0,
    0x00, 0x02, 0xF4, 0x1F, 0x40, 0x00, 0x1F, 0x80, 0xBC, 0x00, 0x00, 0xFC, 0x02, 0xF0, 0x00, 0x0F,
    0xC0, 0x0F, 0x80, 0x00, 0xBD, 0x00, 0x3D, 0x00, 0x07, 0xE0, 0x01, 0xF4, 0x00, 0x3F, 0x00, 0x0B,
    0xC0, 0x03, 0xF0, 0x00, 0x3F, 0x00, 0x2F, 0x40, 0x00, 0xF8, 0x00, 0x00, 0x2F, 0xE0, 0x78, 0x03,
    0xFF, 0xF2, 0xE0, 0x3F, 0x81, 0xFF, 0x43, 0xF0, 0x01, 0xFC, 0x1F, 0x40, 0x03, 0xF0, 0xFC, 0x00,
    0x0F, 0x83, 0xE0, 0x00, 0x3D, 0x1F, 0x00, 0x01, 0xF4, 0xBC, 0x00, 0x0B, 0xC2, 0xF0, 0x00, 0x3F,
    0x0F, 0xC0, 0x01, 0xF8, 0x3F, 0x00, 0x0F, 0xD0, 0xBC, 0x00, 0xFF, 0x01, 0xFC, 0x1F, 0x7C, 0x02,
    0xFF, 0xF1, 0xF0, 0x02, 0xFE, 0x07, 0x80, 0x00, 0x00, 0x00, 0x04, 0x00, 0x00, 0x6F, 0xFD, 0x00,
    0x07, 0xFF, 0xFD, 0x00, 0x2F, 0xF5, 0x00, 0x00, 0xBE, 0x00, 0x00, 0x01, 0xF8, 0x00, 0x00, 0x03,
    0xE0, 0x00, 0x00, 0x0B, 0xC0, 0x00, 0x00, 0x0F, 0x87, 0xFE, 0x00, 0x1F, 0x6F, 0xFF, 0xC0, 0x2F,
    0xF4, 0x0F, 0xD0, 0x3F, 0xC0, 0x03, 0xF0, 0x3F, 0x00, 0x02, 0xF0, 0x3E, 0x00, 0x02, 0xF0, 0x7D,
    0x00, 0x02, 0xF0, 0x7C, 0x00, 0x03, 0xF0, 0x7C, 0x00, 0x03, 0xE0, 0x7C, 0x00, 0x07, 0xC0, 0x7C,
    0x00, 0x0F, 0xC0, 0x3E, 0x00, 0x2F, 0x00, 0x2F, 0x81, 0xFE, 0x00, 0x0F, 0xFF, 0xF4, 0x00, 0x01,
    0xFF, 0x80, 0x00, 0x00, 0x1F, 0xF8, 0x00, 0x0F, 0xFF, 0xF4, 0x03, 0xF4, 0x1F, 0xC0, 0xFC, 0x00,
    0xBC, 0x1F, 0x00, 0x0B, 0xC3, 0xE0, 0x00, 0xFC, 0x7D, 0x00, 0x7F, 0x0B, 0xFF, 0xFF, 0x40, 0xBF,
    0xFF, 0xF8, 0x0F, 0xC0, 0x07, 0xE0, 0xFC, 0x00, 0x1F, 0x0B, 0xC0, 0x01, 0xF0, 0x7D, 0x00, 0x2F,
    0x03, 0xF8, 0x1B, 0xD0, 0x0F, 0xFF, 0xF8, 0x00, 0x2F, 0xF9, 0x00, 0x00, 0xBF, 0xF4, 0x00, 0xFF,
    0xFF, 0xC0, 0x29, 0x02, 0xF4, 0x00, 0x00, 0x3E, 0x00, 0x00, 0x0F, 0x40, 0x00, 0x0F, 0xC0, 0x00,
    0x6F, 0xD0, 0x02, 0xFF, 0x80, 0x07, 0xFD, 0x00, 0x07, 0xF4, 0x00, 0x03, 0xF0, 0x00, 0x00, 0xF4,
    0x00, 0x00, 0x7D, 0x00, 0x00, 0x0F, 0xD0, 0x1E, 0x01, 0xFF, 0xFF, 0x80, 0x0B, 0xFE, 0x40, 0x00,
    0x6F, 0xF8, 0x00, 0x03, 0xFF, 0xFC, 0x00, 0x0A, 0x41, 0xFC, 0x00, 0x00, 0x01, 0xF8, 0x00, 0x00,
    0x02, 0xF0, 0x00, 0x00, 0x07, 0xD0, 0x00, 0x00, 0x0F, 0x40, 0x00, 0x00, 0x3E, 0x00, 0x7F, 0xF0,
    0xF8, 0x0B, 0xFF, 0xF7, 0xE0, 0xBF, 0x41, 0xFF, 0x47, 0xE0, 0x01, 0xFD, 0x3F, 0x00, 0x03, 0xF0,
    0xF8, 0x00, 0x0B, 0xC7, 0xC0, 0x00, 0x3F, 0x2F, 0x00, 0x00, 0xF8, 0xBC, 0x00, 0x07, 0xC2, 0xF0,
    0x00, 0x3F, 0x0B, 0xC0, 0x01, 0xF4, 0x1F, 0x40, 0x0F, 0xC0, 0x3F, 0x41, 0xFC, 0x00, 0x7F, 0xFF,
    0xC0, 0x00, 0x2F, 0xF4, 0x00, 0x00, 0x00, 0x1F, 0xF8, 0x00, 0x3F, 0xFF, 0xC0, 0x3F, 0x42, 0xF4,
    0x3F, 0x00, 0x3E, 0x1F, 0x40, 0x0F, 0x4F, 0xC0, 0x0B, 0xC3, 0xE0, 0x6F, 0xD1, 0xFF, 0xFF, 0xD0,
    0xBF, 0xFE, 0x40, 0x2F, 0x00, 0x00, 0x0B, 0xC0, 0x00, 0x02, 0xF0, 0x00, 0x00, 0x7D, 0x00, 0x00,
    0x0F, 0xE0, 0x1E, 0x00, 0xFF, 0xFF, 0x80, 0x0B, 0xFE, 0x40, 0x01, 0xFE, 0x00, 0x0F, 0x80, 0x07,
    0xF8, 0x07, 0xFE, 0x00, 0x3D, 0x00, 0xFF, 0xE0, 0x00, 0xBD, 0x01, 0xF0, 0x0F, 0xD0, 0x00, 0x00,
    0xF8, 0x07, 0xC0, 0xBC, 0x00, 0x00, 0x02, 0xF0, 0x2F, 0x03, 0xE0, 0x00, 0x00, 0x0B, 0xC0, 0xF8,
    0x1F, 0x00, 0x00, 0x00, 0x2F, 0x03, 0xD0, 0xF8, 0x00, 0x00, 0x00, 0xBF, 0xFF, 0xFF, 0xD0, 0x00,
    0x00, 0x03, 0xFF, 0xFF, 0xFF, 0x40, 0x00, 0x00, 0x0F, 0x42, 0xE0, 0x7C, 0x00, 0x00, 0x00, 0x7C,
    0x0F, 0x81, 0xF0, 0x00, 0x00, 0x03, 0xE0, 0x3D, 0x07, 0xD0, 0x00, 0x00, 0x2F, 0x01, 0xF0, 0x0F,
    0x80, 0x00, 0x02, 0xF4, 0x0B, 0xC0, 0x2F, 0x40, 0x03, 0xFF, 0x80, 0x2E, 0x00, 0x3F, 0xF0, 0x0F,
    0xE4, 0x00, 0xF4, 0x00, 0x2F, 0xC0, 0x01, 0xBF, 0xE0, 0x02, 0xFF, 0xFF, 0x00, 0x34, 0x0B, 0xE0,
    0x00, 0x00, 0xFC, 0x00, 0x00, 0x2F, 0x00, 0x00, 0x0F, 0x80, 0x00, 0x1F, 0xC0, 0x03, 0xFF, 0x80,
    0x01, 0xFF, 0xE0, 0x00, 0x00, 0x7E, 0x00, 0x00, 0x0B, 0xC0, 0x00, 0x02, 0xF0, 0x00, 0x00, 0xFC,
    0x39, 0x01, 0xFD, 0x0F, 0xFF, 0xFD, 0x00, 0xBF, 0xF8, 0x00, 0x07, 0xD0, 0x00, 0xBC, 0x1F, 0x00,
    0x03, 0xE0, 0xBC, 0x00, 0x0F, 0x43, 0xE0, 0x00, 0x7C, 0x0F, 0x40, 0x02, 0xF0, 0x7C, 0x00, 0x0F,
    0xC2, 0xF0, 0x00, 0x3E, 0x0B, 0xC0, 0x00, 0xF4, 0x3E, 0x00, 0x07, 0xC0, 0xF4, 0x00, 0x3F, 0x07,
    0xC0, 0x01, 0xFC, 0x1F, 0x00, 0x0F, 0xE0, 0x7C, 0x00, 0xBF, 0x41, 0xFD, 0x1F, 0x7C, 0x03, 0xFF,
    0xF1, 0xF0, 0x02, 0xFE, 0x07, 0x80, 0x00, 0x2E, 0x00, 0xF0, 0x00, 0xBC, 0x0B, 0xC0, 0x00, 0xFE,
    0xFC, 0x00, 0x01, 0xFF, 0x80, 0x00, 0x00, 0x00, 0x00, 0x00, 0x00, 0x00, 0x00, 0x7D, 0x00, 0x0B,
    0xC1, 0xF0, 0x00, 0x3E, 0x0B, 0xC0, 0x00, 0xF4, 0x3E, 0x00, 0x07, 0xC0, 0xF4, 0x00, 0x2F, 0x07,
    0xC0, 0x00, 0xFC, 0x2F, 0x00, 0x03, 0xE0, 0xBC, 0x00, 0x0F, 0x43, 0xE0, 0x00, 0x7C, 0x0F, 0x40,
    0x03, 0xF0, 0x7C, 0x00, 0x1F, 0xC1, 0xF0, 0x00, 0xFE, 0x07, 0xC0, 0x0B, 0xF4, 0x1F, 0xD1, 0xF7,
    0xC0, 0x3F, 0xFF, 0x1F, 0x00, 0x2F, 0xE0, 0x78, 0x00, 0x00, 0xF4, 0x00, 0xBD, 0x01, 0xF4, 0x01,
    0xF4, 0x02, 0xF0, 0x07, 0xE0, 0x02, 0xF0, 0x0F, 0x80, 0x03, 0xE0, 0x3F, 0x00, 0x03, 0xD0, 0xFC,
    0x00, 0x07, 0xD2, 0xF0, 0x00, 0x0B, 0xFF, 0xD0, 0x00, 0x0F, 0xFF, 0xD0, 0x00, 0x0F, 0x83, 0xE0,
    0x00, 0x0F, 0x41, 0xF0, 0x00, 0x1F, 0x00, 0xF8, 0x00, 0x2F, 0x00, 0xBC, 0x00, 0x3F, 0x00, 0x3E,
    0x00, 0x3E, 0x00, 0x2F, 0x00, 0x3D, 0x00, 0x1F, 0x80, 0x00, 0x00, 0xFF, 0xFF, 0xE0, 0x00, 0x2F,
    0xFF, 0xFE, 0x00, 0x03, 0xE0, 0x07, 0xD0, 0x00, 0x3D, 0x00, 0x7C, 0x00, 0x07, 0xC0, 0x0B, 0xC0,
    0x00, 0xBC, 0x00, 0xF8, 0x00, 0x0F, 0x80, 0x0F, 0x40, 0x00, 0xF4, 0x01, 0xF4, 0x00, 0x1F, 0x00,
    0x2F, 0x00, 0x02, 0xF0, 0x02, 0xF0, 0x00, 0x3E, 0x00, 0x3E, 0x00, 0x07, 0xC0, 0x03, 0xD0, 0x00,
    0xFC, 0x00, 0x7C, 0x00, 0x2F, 0x40, 0x0B, 0xC0, 0x3F, 0xE0, 0x00, 0xFC, 0x03, 0xF4, 0x00, 0x0F,
    0x80, 0x00, 0xFE, 0x00, 0x00, 0x3F, 0xC0, 0x1F, 0xE0, 0x00, 0x0B, 0xF8, 0x02, 0xFF, 0x00, 0x01,
    0xFF, 0x80, 0x2E, 0xF0, 0x00, 0x3E, 0xF4, 0x03, 0xDF, 0x00, 0x07, 0xDF, 0x00, 0x3C, 0xB4, 0x00,
    0xF6, 0xF0, 0x07, 0xCB, 0x80, 0x2F, 0x2E, 0x00, 0xBC, 0x7C, 0x03, 0xC3, 0xE0, 0x0F, 0x83, 0xC0,
    0xF8, 0x3D, 0x00, 0xF4, 0x3C, 0x1F, 0x07, 0xC0, 0x0F, 0x03, 0xD3, 0xD0, 0xBC, 0x01, 0xF0, 0x2D,
    0xBC, 0x0F, 0x80, 0x2F, 0x01, 0xFF, 0x40, 0xF4, 0x03, 0xE0, 0x1F, 0xE0, 0x0F, 0x40, 0x3D, 0x00,
    0xFC, 0x01, 0xF0, 0x03, 0xC0, 0x0F, 0x80, 0x2F, 0x00, 0x00, 0xF4, 0x00, 0x2F, 0x01, 0xF4, 0x00,
    0x3E, 0x02, 0xF0, 0x00, 0x3D, 0x02, 0xF0, 0x00, 0x7D, 0x03, 0xE0, 0x00, 0xBC, 0x03, 0xD0, 0x00,
    0xBC, 0x07, 0xD0, 0x00, 0xF8, 0x0B, 0xFF, 0xFF, 0xF4, 0x0F, 0xFF, 0xFF, 0xF0, 0x0F, 0x80, 0x02,
    0xF0, 0x0F, 0x40, 0x03, 0xF0, 0x1F, 0x00, 0x03, 0xE0, 0x2F, 0x00, 0x03, 0xD0, 0x3F, 0x00, 0x07,
    0xC0, 0x3E, 0x00, 0x0B, 0xC0, 0x3D, 0x00, 0x0F, 0xC0, 0x00, 0x1F, 0xF8, 0x00, 0x03, 0xFF, 0xFD,
    0x00, 0x3F, 0x41, 0xFC, 0x03, 0xF0, 0x00, 0xF8, 0x1F, 0x40, 0x02, 0xF0, 0xFC, 0x00, 0x0B, 0xC3,
    0xD0, 0x00, 0x2F, 0x1F, 0x00, 0x00, 0xBC, 0xBC, 0x00, 0x03, 0xE2, 0xF0, 0x00, 0x0F, 0x4B, 0xC0,
    0x00, 0xBC, 0x1F, 0x00, 0x03, 0xE0, 0x3E, 0x00, 0x2F, 0x00, 0xBE, 0x07, 0xF4, 0x00, 0xFF, 0xFF,
    0x40, 0x00, 0x7F, 0xE0, 0x00, 0x00, 0xF0, 0x7F, 0xD0, 0x07, 0xCF, 0xFF, 0xC0, 0x1F, 0xF8, 0x1F,
    0x80, 0xBF, 0x40, 0x3F, 0x03, 0xF8, 0x00, 0xBC, 0x0F, 0xC0, 0x03, 0xF0, 0x7D, 0x00, 0x0F, 0x82,
    0xF0, 0x00, 0x3D, 0x0F, 0xC0, 0x01, 0xF0, 0x3E, 0x00, 0x0B, 0xC0, 0xF4, 0x00, 0x3F, 0x07, 0xC0,
    0x00, 0xF8, 0x2F, 0x00, 0x07, 0xD0, 0xF8, 0x00, 0x1F, 0x03, 0xE0, 0x00, 0xBC, 0x0F, 0x40, 0x03,
    0xE0, 0x00, 0x3C, 0x1B, 0xF4, 0x00, 0x1F, 0x2F, 0xFF, 0x40, 0x0B, 0xEE, 0x07, 0xF0, 0x02, 0xFD,
    0x00, 0xBD, 0x00, 0xFE, 0x00, 0x0F, 0x40, 0x3F, 0x00, 0x03, 0xD0, 0x1F, 0x80, 0x00, 0xF4, 0x0B,
    0xD0, 0x00, 0x7D, 0x03, 0xF0, 0x00, 0x2F, 0x00, 0xFC, 0x00, 0x0F, 0xC0, 0x3F, 0x00, 0x03, 0xE0,
    0x1F, 0xC0, 0x03, 0xF0, 0x0B, 0xF0, 0x02, 0xF8, 0x03, 0xEF, 0x46, 0xFC, 0x00, 0xF5, 0xFF, 0xF8,
    0x00, 0x3D, 0x1F, 0xF4, 0x00, 0x1F, 0x00, 0x00, 0x00, 0x0B, 0xC0, 0x00, 0x00, 0x03, 0xE0, 0x00,
    0x00, 0x00, 0xF4, 0x00, 0x00, 0x00, 0x7D, 0x00, 0x00, 0x00, 0x1F, 0x00, 0x00, 0x00, 0x0B, 0xC0,
    0x00, 0x00, 0x00, 0x00, 0x1F, 0xFE, 0x00, 0x3F, 0xFF, 0xC0, 0x3F, 0x40, 0x60, 0x3F, 0x00, 0x00,
    0x1F, 0x40, 0x00, 0x0F, 0xC0, 0x00, 0x03, 0xD0, 0x00, 0x01, 0xF0, 0x00, 0x00, 0xBC, 0x00, 0x00,
    0x2F, 0x00, 0x00, 0x0F, 0xC0, 0x00, 0x02, 0xF0, 0x00, 0x00, 0x7D, 0x00, 0x00, 0x0F, 0xE0, 0x1C,
    0x01, 0xFF, 0xFF, 0x00, 0x0B, 0xFE, 0x40, 0x00, 0xF0, 0x7F, 0x80, 0x1F, 0xF0, 0x01, 0xF2, 0xFF,
    0xF0, 0xFF, 0xFC, 0x02, 0xFB, 0x82, 0xF6, 0xE0, 0xBD, 0x02, 0xFD, 0x00, 0xFF, 0x40, 0x3E, 0x03,
    0xF4, 0x00, 0xFD, 0x00, 0x3E, 0x03, 0xF0, 0x00, 0xFC, 0x00, 0x3E, 0x07, 0xD0, 0x01, 0xF4, 0x00,
    0x3D, 0x0B, 0xC0, 0x01, 0xF0, 0x00, 0x7C, 0x0F, 0xC0, 0x02, 0xF0, 0x00, 0xBC, 0x0F, 0x80, 0x03,
    0xE0, 0x00, 0xFC, 0x0F, 0x40, 0x03, 0xD0, 0x00, 0xF8, 0x1F, 0x00, 0x07, 0xC0, 0x00, 0xF4, 0x2F,
    0x00, 0x0B, 0xC0, 0x01, 0xF0, 0x3F, 0x00, 0x0F, 0xC0, 0x02, 0xF0, 0x3E, 0x00, 0x0F, 0x80, 0x03,
    0xE0, 0x3D, 0x00, 0x0F, 0x40, 0x03, 0xE0, 0x00, 0x7D, 0x00, 0x02, 0xF0, 0x00, 0xF4, 0x00, 0x0F,
    0x40, 0x03, 0xE0, 0x00, 0xBC, 0x00, 0x0F, 0x80, 0x07, 0xD0, 0x00, 0x2F, 0x00, 0x3F, 0x00, 0x00,
    0xBC, 0x01, 0xF4, 0x00, 0x01, 0xF0, 0x0F, 0xC0, 0x00, 0x03, 0xC0, 0x7D, 0x00, 0x00, 0x0F, 0x43,
    0xE0, 0x00, 0x00, 0x3D, 0x1F, 0x00, 0x00, 0x00, 0xF4, 0xF8, 0x00, 0x00, 0x02, 0xE7, 0xC0, 0x00,
    0x00, 0x0B, 0xAE, 0x00, 0x00, 0x00, 0x1F, 0xF0, 0x00, 0x00, 0x00, 0x3F, 0x80, 0x00, 0x00, 0x00,
    0xFC, 0x00, 0x00, 0x00, 0x03, 0xD0, 0x00, 0x00, 0x00, 0x2F, 0x00, 0x00, 0x00, 0x01, 0xF4, 0x00,
    0x00, 0x00, 0x0F, 0xC0, 0x00, 0x00, 0x01, 0xFC, 0x00, 0x00, 0x01, 0xFF, 0xD0, 0x00, 0x00, 0x07,
    0xF8, 0x00, 0x00, 0x00, 0x00, 0x00, 0x00, 0x06, 0x80, 0x00, 0x00, 0x00, 0xBC, 0x00, 0x00, 0x00,
    0x0F, 0x80, 0x00, 0x00, 0x00, 0xF4, 0x00, 0x00, 0x00, 0x1F, 0x40, 0x00, 0x00, 0x02, 0xF0, 0x00,
    0x00, 0x00, 0x2F, 0x00, 0x00, 0x00, 0xBF, 0xFD, 0x00, 0x00, 0xBF, 0xFF, 0xFC, 0x00, 0x3F, 0x97,
    0xDB, 0xF0, 0x0F, 0xD0, 0xBC, 0x1F, 0x82, 0xF4, 0x0B, 0xC0, 0xBC, 0x3E, 0x00, 0xF8, 0x07, 0xC7,
    0xD0, 0x0F, 0x40, 0x7D, 0xBC, 0x01, 0xF0, 0x07, 0xDB, 0xC0, 0x2F, 0x00, 0x7C, 0xFC, 0x03, 0xE0,
    0x0F, 0xCB, 0xC0, 0x3E, 0x00, 0xF8, 0x7C, 0x03, 0xD0, 0x3F, 0x03, 0xF0, 0x7C, 0x0B, 0xD0, 0x1F,
    0xDB, 0xDB, 0xF8, 0x00, 0xBF, 0xFF, 0xFD, 0x00, 0x00, 0xBF, 0xF9, 0x00, 0x00, 0x01, 0xF4, 0x00,
    0x00, 0x00, 0x2F, 0x00, 0x00, 0x00, 0x02, 0xF0, 0x00, 0x00, 0x00, 0x3E, 0x00, 0x00, 0x00, 0x03,
    0xD0, 0x00, 0x00, 0x00, 0x7C, 0x00, 0x00, 0x00, 0x0B, 0xC0, 0x00, 0x00, 0x00, 0xF8, 0x00, 0x3F,
    0x00, 0x1F, 0x00, 0x2F, 0x00, 0x03, 0xD0, 0x1F, 0x40, 0x00, 0xBC, 0x1F, 0x80, 0x00, 0x0F, 0x4F,
    0x80, 0x00, 0x02, 0xEF, 0xC0, 0x00, 0x00, 0x7F, 0xC0, 0x00, 0x00, 0x0F, 0xD0, 0x00, 0x00, 0x07,
    0xF0, 0x00, 0x00, 0x03, 0xFE, 0x00, 0x00, 0x03, 0xE7, 0xC0, 0x00, 0x03, 0xF0, 0xF8, 0x00, 0x02,
    0xF0, 0x2F, 0x00, 0x01, 0xF4, 0x03, 0xD0, 0x01, 0xF8, 0x00, 0xBC, 0x00, 0xFC, 0x00, 0x1F, 0x40,
    0x07, 0xD0, 0x00, 0xBC, 0x1F, 0x00, 0x03, 0xE0, 0xBC, 0x00, 0x0F, 0x43, 0xE0, 0x00, 0x7C, 0x0F,
    0x40, 0x02, 0xF0, 0x7D, 0x00, 0x0F, 0xC2, 0xF0, 0x00, 0x3E, 0x0B, 0xC0, 0x00, 0xF4, 0x3E, 0x00,
    0x0B, 0xC0, 0xF4, 0x00, 0x3F, 0x07, 0xC0, 0x01, 0xF8, 0x1F, 0x00, 0x0F, 0xE0, 0x7D, 0x00, 0xBF,
    0x41, 0xFD, 0x1F, 0x7E, 0x03, 0xFF, 0xF0, 0xFF, 0x42, 0xFE, 0x01, 0xFD, 0x00, 0x00, 0x01, 0xF0,
    0x00, 0x00, 0x0B, 0xC0, 0x00, 0x00, 0x3E, 0x00, 0x00, 0x00, 0xF4, 0x2F, 0x00, 0x03, 0xD3, 0xE0,
    0x00, 0x7C, 0x3D, 0x00, 0x0B, 0xC7, 0xD0, 0x00, 0xFC, 0xBC, 0x00, 0x1F, 0x8B, 0xC0, 0x03, 0xF4,
    0xBC, 0x00, 0xBF, 0x0B, 0xE0, 0x7F, 0xF0, 0x3F, 0xFF, 0x7E, 0x01, 0xFF, 0x83, 0xE0, 0x00, 0x00,
    0x7D, 0x00, 0x00, 0x0B, 0xC0, 0x00, 0x00, 0xBC, 0x00, 0x00, 0x0F, 0x80, 0x00, 0x00, 0xF8, 0x00,
    0x00, 0x1F, 0x40, 0x07, 0xD0, 0x00, 0xF4, 0x00, 0x3D, 0x07, 0xC0, 0x01, 0xF0, 0x00, 0x7D, 0x0B,
    0xC0, 0x02, 0xF0, 0x00, 0xBC, 0x0F, 0x80, 0x03, 0xF0, 0x00, 0xBC, 0x0F, 0x80, 0x03, 0xE0, 0x00,
    0xF8, 0x1F, 0x40, 0x03, 0xD0, 0x00, 0xF4, 0x2F, 0x00, 0x07, 0xC0, 0x01, 0xF0, 0x2F, 0x00, 0x0B,
    0xC0, 0x02, 0xF0, 0x3E, 0x00, 0x0F, 0x80, 0x03, 0xF0, 0x3D, 0x00, 0x0F, 0x80, 0x03, 0xE0, 0x7D,
    0x00, 0x2F, 0x40, 0x0B, 0xD0, 0x7C, 0x00, 0x7F, 0x40, 0x1F, 0xC0, 0x7C, 0x00, 0xFF, 0x40, 0x3F,
    0xC0, 0x3F, 0x07, 0xCF, 0xD1, 0xEB, 0xC0, 0x3F, 0xFF, 0x0B, 0xFF, 0xCB, 0x80, 0x0B, 0xF8, 0x02,
    0xFD, 0x0F, 0x40, 0x07, 0xD0, 0x00, 0xF4, 0x00, 0x3D, 0x07, 0xC0, 0x01, 0xF0, 0x00, 0x7D, 0x0B,
    0xC0, 0x02, 0xF0, 0x00, 0xBC, 0x0F, 0x80, 0x03, 0xF0, 0x00, 0xBC, 0x0F, 0x80, 0x03, 0xE0, 0x00,
    0xF8, 0x1F, 0x40, 0x03, 0xD0, 0x00, 0xF4, 0x2F, 0x00, 0x07, 0xC0, 0x01, 0xF0, 0x2F, 0x00, 0x0B,
    0xC0, 0x02, 0xF0, 0x3E, 0x00, 0x0F, 0x80, 0x03, 0xF0, 0x3D, 0x00, 0x0F, 0x80, 0x03, 0xE0, 0x7D,
    0x00, 0x2F, 0x40, 0x0B, 0xD0, 0x7C, 0x00, 0x7F, 0x40, 0x1F, 0xC0, 0x7C, 0x00, 0xFF, 0x40, 0x3F,
    0xC0, 0x3F, 0x07, 0xCF, 0xD1, 0xEB, 0xD0, 0x3F, 0xFF, 0x0B, 0xFF, 0xC7, 0xFC, 0x0B, 0xF8, 0x02,
    0xFD, 0x02, 0xFC, 0x00, 0x00, 0x00, 0x00, 0x00, 0xF8, 0x00, 0x00, 0x00, 0x00, 0x00, 0xF4, 0x00,
    0x00, 0x00, 0x00, 0x00, 0xF4, 0x00, 0x00, 0x00, 0x00, 0x01, 0xF0, 0x3F, 0xFF, 0x00, 0x00, 0x7F,
    0xFE, 0x00, 0x00, 0x00, 0x7D, 0x00, 0x00, 0x00, 0x7C, 0x00, 0x00, 0x00, 0xBC, 0x00, 0x00, 0x00,
    0xF8, 0x00, 0x00, 0x00, 0xFF, 0xFF, 0x80, 0x01, 0xFF, 0xFF, 0xF0, 0x01, 0xF4, 0x02, 0xF8, 0x02,
    0xF0, 0x00, 0xFC, 0x02, 0xF0, 0x00, 0xBC, 0x02, 0xF0, 0x00, 0xF8, 0x02, 0xF0, 0x01, 0xF4, 0x00,
    0xFD, 0x07, 0xF0, 0x00, 0xBF, 0xFF, 0xC0, 0x00, 0x1B, 0xFE, 0x00, 0x03, 0xD0, 0x00, 0x00, 0x3E,
    0x07, 0xD0, 0x00, 0x00, 0x3D, 0x0B, 0xC0, 0x00, 0x00, 0x7C, 0x0B, 0xC0, 0x00, 0x00, 0xBC, 0x0F,
    0x80, 0x00, 0x00, 0xFC, 0x0F, 0x40, 0x00, 0x00, 0xF8, 0x1F, 0xFF, 0xE0, 0x00, 0xF4, 0x2F, 0xFF,
    0xFD, 0x01, 0xF0, 0x3F, 0x00, 0x7F, 0x02, 0xF0, 0x3E, 0x00, 0x1F, 0x03, 0xE0, 0x3E, 0x00, 0x1F,
    0x43, 0xE0, 0x3E, 0x00, 0x1F, 0x07, 0xD0, 0x3F, 0x00, 0x3F, 0x07, 0xC0, 0x2F, 0x81, 0xFD, 0x0B,
    0xC0, 0x0F, 0xFF, 0xF8, 0x0F, 0x80, 0x02, 0xFF, 0x80, 0x0F, 0x40, 0x03, 0xD0, 0x00, 0x01, 0xF0,
    0x00, 0x00, 0xBC, 0x00, 0x00, 0x3E, 0x00, 0x00, 0x0F, 0x40, 0x00, 0x07, 0xD0, 0x00, 0x01, 0xFF,
    0xFF, 0x40, 0xBF, 0xFF, 0xF4, 0x3E, 0x00, 0x7F, 0x0F, 0x40, 0x07, 0xD3, 0xD0, 0x00, 0xF4, 0xF4,
    0x00, 0x7D, 0x3E, 0x00, 0x3F, 0x0B, 0xE0, 0x6F, 0x40, 0xFF, 0xFF, 0x80, 0x0B, 0xFE, 0x40, 0x02,
    0xFF, 0xD0, 0x02, 0xFF, 0xFE, 0x00, 0x34, 0x1B, 0xE0, 0x00, 0x00, 0xFC, 0x00, 0x00, 0x1F, 0x40,
    0x00, 0x03, 0xD0, 0x00, 0x00, 0xF4, 0x0F, 0xFF, 0xFD, 0x03, 0xFF, 0xFF, 0x40, 0x00, 0x0B, 0xC0,
    0x00, 0x03, 0xF0, 0x00, 0x01, 0xF4, 0x00, 0x00, 0xFC, 0x09, 0x01, 0xFC, 0x03, 0xFF, 0xFC, 0x00,
    0x7F, 0xF4, 0x00, 0x00, 0xF8, 0x00, 0x2F, 0xF4, 0x00, 0x0F, 0x40, 0x1F, 0xFF, 0xE0, 0x01, 0xF0,
    0x07, 0xF4, 0x2F, 0x80, 0x2F, 0x00, 0xFC, 0x00, 0xBC, 0x03, 0xF0, 0x2F, 0x00, 0x07, 0xC0, 0x3E,
    0x03, 0xE0, 0x00, 0x3D, 0x03, 0xE0, 0x7D, 0x00, 0x03, 0xD0, 0x7F, 0xFF, 0xC0, 0x00, 0x7C, 0x0B,
    0xFF, 0xFC, 0x00, 0x0B, 0xC0, 0xFC, 0x0B, 0xC0, 0x00, 0xFC, 0x0F, 0x80, 0xBC, 0x00, 0x0F, 0x81,
    0xF4, 0x0B, 0xC0, 0x02, 0xF0, 0x1F, 0x00, 0x7D, 0x00, 0x7E, 0x02, 0xF0, 0x03, 0xF4, 0x1F, 0xC0,
    0x3E, 0x00, 0x0F, 0xFF, 0xF0, 0x03, 0xD0, 0x00, 0x2F, 0xF4, 0x00, 0x00, 0x0B, 0xFF, 0xFC, 0x00,
    0x7F, 0xFF, 0xFC, 0x00, 0xFD, 0x00, 0xF8, 0x02, 0xF0, 0x00, 0xF4, 0x03, 0xE0, 0x01, 0xF0, 0x03,
    0xE0, 0x01, 0xF0, 0x03, 0xF0, 0x02, 0xF0, 0x01, 0xF8, 0x03, 0xE0, 0x00, 0xBF, 0xFF, 0xD0, 0x00,
    0x2F, 0xFF, 0xC0, 0x00, 0x7E, 0x07, 0xC0, 0x00, 0xFC, 0x0B, 0xC0, 0x03, 0xF0, 0x0F, 0x80, 0x0F,
    0xC0, 0x0F, 0x40, 0x2F, 0x40, 0x1F, 0x00, 0xBE, 0x00, 0x2F, 0x00, 0x00, 0x0F, 0x80, 0x00, 0x02,
    0xF0, 0x00, 0x00, 0x3E, 0x00, 0x00, 0x03, 0xC0, 0x00, 0x00, 0x74, 0x00, 0x00, 0x00, 0x00, 0x00,
    0x00, 0x00, 0x00, 0x7F, 0xE0, 0x00, 0xFF, 0xFF, 0x00, 0xFD, 0x0B, 0xD0, 0xFC, 0x00, 0xF8, 0x7D,
    0x00, 0x3D, 0x3F, 0x00, 0x2F, 0x0F, 0x81, 0xBF, 0x47, 0xFF, 0xFF, 0x42, 0xFF, 0xF9, 0x00, 0xBC,
    0x00, 0x00, 0x2F, 0x00, 0x00, 0x0B, 0xC0, 0x00, 0x01, 0xF4, 0x00, 0x00, 0x3F, 0x80, 0x78, 0x03,
    0xFF, 0xFE, 0x00, 0x2F, 0xF9, 0x00, 0x00, 0x2D, 0x07, 0x80, 0x03, 0xE0, 0xFC, 0x00, 0x2D, 0x0B,
    0x40, 0x00, 0x00, 0x00, 0x00, 0x00, 0x00, 0x00, 0x01, 0xFF, 0x80, 0x00, 0xFF, 0xFF, 0x00, 0x3F,
    0x42, 0xF4, 0x0F, 0xC0, 0x0F, 0x81, 0xF4, 0x00, 0xF4, 0x3F, 0x00, 0x2F, 0x03, 0xE0, 0x6F, 0xD0,
    0x7F, 0xFF, 0xF4, 0x0B, 0xFF, 0xE4, 0x00, 0xBC, 0x00, 0x00, 0x0B, 0xC0, 0x00, 0x00, 0xBC, 0x00,
    0x00, 0x07, 0xD0, 0x00, 0x00, 0x3F, 0x80, 0x78, 0x00, 0xFF, 0xFF, 0x80, 0x02, 0xFF, 0x90, 0x00,
    0x00, 0x19, 0x00, 0x00, 0x00, 0x2F, 0x00, 0x00, 0x00, 0x3E, 0x00, 0x00, 0x07, 0xFF, 0xFF, 0x40,
    0x07, 0xFF, 0xFF, 0x00, 0x00, 0xBC, 0x00, 0x00, 0x00, 0xFC, 0x00, 0x00, 0x00, 0xF8, 0x6F, 0xD0,
    0x00, 0xF6, 0xFF, 0xF4, 0x01, 0xFB, 0xD1, 0xFC, 0x02, 0xFE, 0x00, 0xBC, 0x03, 0xF8, 0x00, 0xBC,
    0x03, 0xF0, 0x00, 0xBC, 0x03, 0xE0, 0x00, 0xFC, 0x07, 0xC0, 0x00, 0xF8, 0x0B, 0xC0, 0x00, 0xF4,
    0x0F, 0x80, 0x01, 0xF0, 0x0F, 0x40, 0x02, 0xF0, 0x1F, 0x40, 0x03, 0xF0, 0x1F, 0x00, 0x03, 0xE0,
    0x2F, 0x00, 0x03, 0xD0, 0x3E, 0x00, 0x07, 0xC0, 0x3D, 0x00, 0x0B, 0xC0, 0x00, 0x00, 0x0F, 0xC0,
    0x00, 0x00, 0x0F, 0x80, 0x00, 0x00, 0x1F, 0x40, 0x00, 0x00, 0x2F, 0x00, 0x00, 0x00, 0x7E, 0x00,
    0x00, 0x1F, 0xFC, 0x00, 0x00, 0x1F, 0xE0, 0x00, 0x00, 0x00, 0x0F, 0xC0, 0x00, 0x03, 0xF0, 0x00,
    0x00, 0xBC, 0x00, 0x00, 0x1F, 0x00, 0x00, 0x03, 0xC0, 0x00, 0x00, 0x00, 0x00, 0x00, 0x00, 0x00,
    0x00, 0x0B, 0xFF, 0x40, 0x03, 0xFF, 0xFF, 0x00, 0x29, 0x02, 0xF4, 0x00, 0x00, 0x0F, 0x80, 0x00,
    0x00, 0xF4, 0x00, 0x00, 0x3F, 0x00, 0x00, 0x6F, 0xD0, 0x00, 0xBF, 0xE0, 0x00, 0x7F, 0xD0, 0x00,
    0x1F, 0xD0, 0x00, 0x03, 0xF0, 0x00, 0x00, 0x3D, 0x00, 0x00, 0x07, 0xD0, 0x00, 0x00, 0x3F, 0x40,
    0x78, 0x01, 0xFF, 0xFF, 0x80, 0x02, 0xFF, 0x90, 0x00, 0x00, 0x1F, 0xFE, 0x00, 0x3F, 0xFF, 0xC0,
    0x3F, 0x40, 0x60, 0x3F, 0x00, 0x00, 0x1F, 0x40, 0x00, 0x0F, 0xC0, 0x00, 0x03, 0xE0, 0x00, 0x01,
    0xFF, 0xFF, 0xC0, 0xBF, 0xFF, 0xE0, 0x2F, 0x00, 0x00, 0x0B, 0xC0, 0x00, 0x02, 0xF0, 0x00, 0x00,
    0x7D, 0x00, 0x00, 0x0F, 0xE0, 0x1C, 0x00, 0xFF, 0xFF, 0x00, 0x0B, 0xFE, 0x40, 0x00, 0x7F, 0xF8,
    0x00, 0xFF, 0xFF, 0xC0, 0xBE, 0x01, 0xD0, 0x3E, 0x00, 0x00, 0x0F, 0x80, 0x00, 0x03, 0xF0, 0x00,
    0x00, 0x7F, 0x80, 0x00, 0x07, 0xFD, 0x00, 0x00, 0x3F, 0xD0, 0x00, 0x01, 0xFC, 0x00, 0x00, 0x1F,
    0x80, 0x00, 0x03, 0xE0, 0x00, 0x01, 0xF4, 0x39, 0x01, 0xFC, 0x0F, 0xFF, 0xFD, 0x00, 0xBF, 0xF8,
    0x00, 0x00, 0x2E, 0x00, 0x3F, 0x00, 0x3D, 0x00, 0x00, 0x00, 0x00, 0x00, 0xF8, 0x00, 0xF4, 0x01,
    0xF0, 0x02, 0xF0, 0x03, 0xF0, 0x03, 0xE0, 0x03, 0xD0, 0x07, 0xC0, 0x0B, 0xC0, 0x0F, 0x80, 0x0F,
    0x80, 0x1F, 0x40, 0x1F, 0x00, 0x2F, 0x00, 0x3E, 0x00, 0x3D, 0x00, 0x01, 0xE3, 0xC0, 0x3F, 0x7C,
    0x02, 0xD3, 0x80, 0x00, 0x00, 0x00, 0x00, 0x00, 0x0F, 0x40, 0x01, 0xF4, 0x00, 0x2F, 0x00, 0x02,
    0xF0, 0x00, 0x3E, 0x00, 0x03, 0xD0, 0x00, 0x7C, 0x00, 0x0B, 0xC0, 0x00, 0xFC, 0x00, 0x0F, 0x80,
    0x00, 0xF4, 0x00, 0x1F, 0x00, 0x02, 0xF0, 0x00, 0x3F, 0x00, 0x03, 0xE0, 0x00, 0x3D, 0x00, 0x00,
    0x00, 0x00, 0x2D, 0x00, 0x00, 0x7E, 0x00, 0x00, 0x3D, 0x00, 0x00, 0x00, 0x00, 0x00, 0x00, 0x00,
    0x00, 0xF4, 0x00, 0x01, 0xF0, 0x00, 0x02, 0xF0, 0x00, 0x02, 0xF0, 0x00, 0x03, 0xE0, 0x00, 0x03,
    0xD0, 0x00, 0x07, 0xC0, 0x00, 0x0B, 0xC0, 0x00, 0x0F, 0xC0, 0x00, 0x0F, 0x80, 0x00, 0x0F, 0x40,
    0x00, 0x1F, 0x00, 0x00, 0x2F, 0x00, 0x00, 0x3E, 0x00, 0x00, 0x3E, 0x00, 0x00, 0x3D, 0x00, 0x00,
    0x7C, 0x00, 0x00, 0xBC, 0x00, 0x00, 0xF8, 0x00, 0x00, 0xF4, 0x00, 0x43, 0xF0, 0x00, 0xFF, 0xD0,
    0x00, 0xBF, 0x40, 0x00, 0x00, 0x00, 0xFF, 0xFF, 0xD0, 0x00, 0x00, 0x00, 0xBF, 0xFF, 0xF0, 0x00,
    0x00, 0x00, 0x3E, 0x00, 0xBC, 0x00, 0x00, 0x00, 0x0F, 0x40, 0x3F, 0x00, 0x00, 0x00, 0x07, 0xC0,
    0x0F, 0x80, 0x00, 0x00, 0x02, 0xF0, 0x03, 0xD0, 0x00, 0x00, 0x00, 0xF8, 0x01, 0xFF, 0xFE, 0x00,
    0x00, 0x3D, 0x00, 0xBF, 0xFF, 0xF4, 0x00, 0x1F, 0x00, 0x3F, 0x00, 0x7F, 0x00, 0x0B, 0xC0, 0x0F,
    0x80, 0x0B, 0xC0, 0x03, 0xE0, 0x03, 0xD0, 0x01, 0xF0, 0x01, 0xF0, 0x00, 0xF8, 0x00, 0xBC, 0x00,
    0xFC, 0x00, 0x3F, 0x00, 0x3F, 0x00, 0xBD, 0x00, 0x0B, 0xE0, 0x7F, 0x43, 0xFE, 0x00, 0x00, 0xFF,
    0xFF, 0x80, 0xFD, 0x00, 0x00, 0x0B, 0xFE, 0x00, 0x00, 0xF4, 0x00, 0x7D, 0x00, 0x00, 0x07, 0xC0,
    0x01, 0xF0, 0x00, 0x00, 0x1F, 0x00, 0x0B, 0xC0, 0x00, 0x00, 0xBC, 0x00, 0x3E, 0x00, 0x00, 0x03,
    0xE0, 0x00, 0xF4, 0x00, 0x00, 0x0F, 0x40, 0x07, 0xC0, 0x00, 0x00, 0x7F, 0xFF, 0xFF, 0xFF, 0xE0,
    0x02, 0xFF, 0xFF, 0xFF, 0xFF, 0xF0, 0x0F, 0xC0, 0x03, 0xE0, 0x1B, 0xE0, 0x3E, 0x00, 0x0F, 0x40,
    0x0F, 0xC0, 0xF4, 0x00, 0x3D, 0x00, 0x2F, 0x07, 0xC0, 0x00, 0xF4, 0x00, 0xFC, 0x2F, 0x00, 0x03,
    0xE0, 0x03, 0xE0, 0xFC, 0x00, 0x0F, 0xD0, 0x7F, 0x03, 0xE0, 0x00, 0x0F, 0xFF, 0xF4, 0x0F, 0x40,
    0x00, 0x0B, 0xFE, 0x00, 0x00, 0x19, 0x00, 0x00, 0x00, 0x2F, 0x00, 0x00, 0x00, 0x3E, 0x00, 0x00,
    0x07, 0xFF, 0xFF, 0x40, 0x07, 0xFF, 0xFF, 0x00, 0x00, 0xBC, 0x00, 0x00, 0x00, 0xBC, 0x00, 0x00,
    0x00, 0xF8, 0x6F, 0xD0, 0x00, 0xF6, 0xFF, 0xF4, 0x01, 0xFB, 0x91, 0xFC, 0x02, 0xFD, 0x00, 0xBC,
    0x03, 0xF8, 0x00, 0x7C, 0x03, 0xF0, 0x00, 0xBC, 0x03, 0xE0, 0x00, 0xBC, 0x07, 0xC0, 0x00, 0xF8,
    0x0B, 0xC0, 0x00, 0xF4, 0x0F, 0x80, 0x01, 0xF4, 0x0F, 0x40, 0x02, 0xF0, 0x0F, 0x40, 0x02, 0xF0,
    0x1F, 0x00, 0x03, 0xE0, 0x2F, 0x00, 0x03, 0xD0, 0x3E, 0x00, 0x07, 0xC0, 0x3D, 0x00, 0x0B, 0xC0,
    0x00, 0x00, 0x00, 0x68, 0x00, 0x00, 0x01, 0xF4, 0x00, 0x00, 0x07, 0xD0, 0x00, 0x00, 0x0F, 0x40,
    0x00, 0x00, 0x3C, 0x00, 0x00, 0x00, 0x00, 0x00, 0x00, 0x00, 0x00, 0x00, 0x00, 0xF4, 0x00, 0xBD,
    0x01, 0xF4, 0x01, 0xF4, 0x02, 0xF0, 0x07, 0xE0, 0x02, 0xF0, 0x0F, 0x80, 0x03, 0xE0, 0x3F, 0x00,
    0x03, 0xD0, 0xFC, 0x00, 0x07, 0xD2, 0xF0, 0x00, 0x0B, 0xFF, 0xD0, 0x00, 0x0F, 0xFF, 0xD0, 0x00,
    0x0F, 0x83, 0xE0, 0x00, 0x0F, 0x41, 0xF0, 0x00, 0x1F, 0x00, 0xF8, 0x00, 0x2F, 0x00, 0xBC, 0x00,
    0x3F, 0x00, 0x3E, 0x00, 0x3E, 0x00, 0x2F, 0x00, 0x3D, 0x00, 0x1F, 0x80, 0x00, 0x07, 0xD0, 0x00,
    0x00, 0x0B, 0xC0, 0x00, 0x00, 0x0F, 0x40, 0x00, 0x00, 0x1F, 0x00, 0x00, 0x00, 0x2C, 0x00, 0x00,
    0x00, 0x00, 0x00, 0x00, 0x00, 0x00, 0x01, 0xF4, 0x00, 0x2F, 0x07, 0xC0, 0x00, 0xF8, 0x2F, 0x00,
    0x03, 0xD0, 0xF8, 0x00, 0x1F, 0x03, 0xD0, 0x00, 0xBC, 0x1F, 0x00, 0x03, 0xF0, 0xBC, 0x00, 0x0F,
    0x82, 0xF0, 0x00, 0x3D, 0x0F, 0x80, 0x01, 0xF0, 0x3D, 0x00, 0x0F, 0xC1, 0xF0, 0x00, 0x7F, 0x07,
    0xC0, 0x03, 0xF8, 0x1F, 0x00, 0x2F, 0xD0, 0x7F, 0x47, 0xDF, 0x00, 0xFF, 0xFC, 0x7C, 0x00, 0xBF,
    0x81, 0xE0, 0x00, 0x00, 0x00, 0xF0, 0x07, 0xC0, 0x00, 0x03, 0xD0, 0x3D, 0x00, 0x00, 0x0B, 0xFB,
    0xE0, 0x00, 0x00, 0x0B, 0xFD, 0x00, 0x00, 0x00, 0x00, 0x00, 0x00, 0x00, 0x00, 0x00, 0x00, 0x00,
    0x07, 0xD0, 0x00, 0x2F, 0x00, 0x0F, 0x40, 0x00, 0xF4, 0x00, 0x3E, 0x00, 0x0B, 0xC0, 0x00, 0xF8,
    0x00, 0x7D, 0x00, 0x02, 0xF0, 0x03, 0xF0, 0x00, 0x0B, 0xC0, 0x1F, 0x40, 0x00, 0x1F, 0x00, 0xFC,
    0x00, 0x00, 0x3C, 0x07, 0xD0, 0x00, 0x00, 0xF4, 0x3E, 0x00, 0x00, 0x03, 0xD1, 0xF0, 0x00, 0x00,
    0x0F, 0x4F, 0x80, 0x00, 0x00, 0x2E, 0x7C, 0x00, 0x00, 0x00, 0xBA, 0xE0, 0x00, 0x00, 0x01, 0xFF,
    0x00, 0x00, 0x00, 0x03, 0xF8, 0x00, 0x00, 0x00, 0x0F, 0xC0, 0x00, 0x00, 0x00, 0x3D, 0x00, 0x00,
    0x00, 0x02, 0xF0, 0x00, 0x00, 0x00, 0x1F, 0x40, 0x00, 0x00, 0x00, 0xFC, 0x00, 0x00, 0x00, 0x1F,
    0xC0, 0x00, 0x00, 0x1F, 0xFD, 0x00, 0x00, 0x00, 0x7F, 0x80, 0x00, 0x00, 0x00, 0x07, 0xD0, 0x00,
    0xBC, 0x1F, 0x00, 0x03, 0xE0, 0xBC, 0x00, 0x0F, 0x43, 0xE0, 0x00, 0x7C, 0x0F, 0x40, 0x02, 0xF0,
    0x7C, 0x00, 0x0F, 0xC2, 0xF0, 0x00, 0x3E, 0x0B, 0xC0, 0x00, 0xF4, 0x3E, 0x00, 0x07, 0xC0, 0xF4,
    0x00, 0x3F, 0x07, 0xC0, 0x01, 0xFC, 0x1F, 0x00, 0x0F, 0xE0, 0x7C, 0x00, 0xBF, 0x41, 0xFD, 0x1F,
    0x7C, 0x03, 0xFF, 0xF1, 0xF0, 0x02, 0xFE, 0x07, 0x80, 0x00, 0x04, 0x00, 0x00, 0x01, 0xF0, 0x00,
    0x00, 0x0F, 0x80, 0x00, 0x00, 0x3D, 0x00, 0x00, 0x01, 0xF4, 0x00, 0x00, 0x02, 0x80, 0x00, 0x00,
    0x2F, 0x00, 0x00, 0xBC, 0x00, 0x00, 0xF8, 0xBC, 0x00, 0x03, 0xF0, 0x00, 0x07, 0xD3, 0xF0, 0x00,
    0x0F, 0xC0, 0x00, 0x2F, 0x0F, 0xC0, 0x00, 0x3E, 0x00, 0x00, 0xFC, 0x3F, 0x00, 0x00, 0xF8, 0x00,
    0x03, 0xE0, 0xF8, 0x00, 0x03, 0xE0, 0x00, 0x1F, 0x43, 0xE0, 0x00, 0x1F, 0x80, 0x00, 0xBC, 0x0F,
    0x80, 0x00, 0xFE, 0x00, 0x03, 0xE0, 0x3E, 0x00, 0x0B, 0xF8, 0x00, 0x1F, 0x00, 0xFC, 0x00, 0x3F,
    0xE0, 0x00, 0xFC, 0x03, 0xF0, 0x02, 0xEF, 0xC0, 0x07, 0xD0, 0x0F, 0xC0, 0x1F, 0x3F, 0x00, 0x3F,
    0x00, 0x2F, 0x00, 0xF8, 0xBC, 0x01, 0xF4, 0x00, 0xBC, 0x07, 0xC2, 0xF0, 0x0F, 0xC0, 0x01, 0xF4,
    0x3D, 0x07, 0xD0, 0x7D, 0x00, 0x03, 0xD2, 0xF0, 0x0F, 0x83, 0xE0, 0x00, 0x0F, 0x8F, 0x40, 0x3F,
    0x2F, 0x00, 0x00, 0x3F, 0xB8, 0x00, 0xBD, 0xF4, 0x00, 0x00, 0xBF, 0xC0, 0x01, 0xFF, 0x80, 0x00,
    0x00, 0xFE, 0x00, 0x03, 0xFC, 0x00, 0x00, 0x03, 0xF0, 0x00, 0x0F, 0xC0, 0x00, 0x00, 0x2F, 0x00,
    0x0B, 0xC0, 0x00, 0xF8, 0xFC, 0x00, 0x3F, 0x00, 0x07, 0xD3, 0xE0, 0x00, 0xF8, 0x00, 0x2F, 0x0F,
    0x80, 0x03, 0xE0, 0x00, 0xF8, 0x3E, 0x00, 0x0F, 0x80, 0x07, 0xD0, 0xF8, 0x00, 0x3E, 0x00, 0x2F,
    0x03, 0xE0, 0x01, 0xF8, 0x00, 0xF4, 0x0F, 0x80, 0x0F, 0xE0, 0x0B, 0xC0, 0x3E, 0x00, 0xBF, 0x80,
    0x3D, 0x00, 0xBC, 0x07, 0xEE, 0x02, 0xF0, 0x02, 0xF0, 0x3C, 0xBC, 0x0F, 0x40, 0x07, 0xC3, 0xD1,
    0xF0, 0xB8, 0x00, 0x0F, 0x6E, 0x03, 0xC7, 0xC0, 0x00, 0x3F, 0xF0, 0x0F, 0xBD, 0x00, 0x00, 0xBF,
    0x40, 0x2F, 0xE0, 0x00, 0x00, 0xF8, 0x00, 0x3E, 0x00, 0x00, 0x00, 0xBC, 0x00, 0x00, 0x0B, 0xC0,
    0x00, 0x00, 0xF8, 0x00, 0x0B, 0xFF, 0xFF, 0xF0, 0xFF, 0xFF, 0xFE, 0x00, 0x2F, 0x40, 0x00, 0x03,
    0xF0, 0x00, 0x00, 0x3E, 0x00, 0x00, 0x03, 0xD0, 0x00, 0x00, 0x7F, 0xFF, 0x40, 0x0B, 0xFF, 0xFF,
    0x00, 0xFC, 0x06, 0xFC, 0x0F, 0x80, 0x0B, 0xD1, 0xF4, 0x00, 0x7D, 0x1F, 0x00, 0x03, 0xD2, 0xF0,
    0x00, 0x7D, 0x3E, 0x00, 0x0B, 0xC3, 0xE0, 0x02, 0xF8, 0x7D, 0x01, 0xFF, 0x0B, 0xFF, 0xFF, 0x80,
    0xBF, 0xFE, 0x80, 0x00, 0x00, 0xF4, 0x6F, 0xE0, 0x00, 0x00, 0x07, 0xCB, 0xFF, 0xE0, 0x00, 0x00,
    0x1F, 0xBD, 0x1F, 0xC0, 0x00, 0x00, 0xBF, 0x80, 0x1F, 0x00, 0x00, 0x03, 0xFC, 0x00, 0x7C, 0x00,
    0x00, 0x0F, 0xC0, 0x02, 0xF0, 0x00, 0x00, 0x7E, 0x00, 0x0F, 0xFF, 0xF4, 0x02, 0xF4, 0x00, 0x3F,
    0xFF, 0xF8, 0x0B, 0xC0, 0x00, 0xF4, 0x07, 0xF0, 0x3F, 0x00, 0x07, 0xC0, 0x03, 0xD0, 0xF8, 0x00,
    0x2F, 0x00, 0x0F, 0x87, 0xD0, 0x00, 0xBC, 0x00, 0x3D, 0x2F, 0x00, 0x02, 0xF0, 0x02, 0xF0, 0xFC,
    0x00, 0x07, 0xF4, 0x2F, 0x83, 0xF0, 0x00, 0x0B, 0xFF, 0xFC, 0x0F, 0x80, 0x00, 0x07, 0xFF, 0x40,
    0x00, 0xBC, 0x00, 0x00, 0x6F, 0xFE, 0x40, 0x0B, 0xC0, 0x00, 0x7F, 0xFF, 0xFC, 0x00, 0xF8, 0x00,
    0x1F, 0xE4, 0x06, 0x80, 0x0F, 0x40, 0x07, 0xF0, 0x00, 0x00, 0x01, 0xF0, 0x01, 0xFC, 0x00, 0x00,
    0x00, 0x2F, 0x00, 0x3F, 0x00, 0x00, 0x00, 0x03, 0xF0, 0x07, 0xD0, 0x00, 0x00, 0x00, 0x3E, 0x00,
    0xFC, 0x00, 0x00, 0x00, 0x03, 0xE5, 0x5F, 0xD5, 0x55, 0x40, 0x00, 0x7F, 0xFF, 0xFF, 0xFF, 0xFC,
    0x00, 0x0B, 0xFF, 0xFF, 0xFF, 0xFF, 0xC0, 0x00, 0xF8, 0x03, 0xF0, 0x00, 0x00, 0x00, 0x0F, 0x80,
    0x3F, 0x00, 0x00, 0x00, 0x00, 0xF4, 0x03, 0xF0, 0x00, 0x00, 0x00, 0x1F, 0x00, 0x2F, 0x00, 0x00,
    0x00, 0x02, 0xF0, 0x02, 0xF0, 0x00, 0x00, 0x00, 0x3E, 0x00, 0x1F, 0x80, 0x00, 0x00, 0x03, 0xE0,
    0x00, 0xFD, 0x00, 0x00, 0x00, 0x7D, 0x00, 0x03, 0xF9, 0x01, 0xA0, 0x07, 0xC0, 0x00, 0x1F, 0xFF,
    0xFE, 0x00, 0xBC, 0x00, 0x00, 0x1F, 0xFF, 0x90, 0x00, 0x00, 0xF8, 0x00, 0x1B, 0xFE, 0x00, 0x3D,
    0x00, 0x3F, 0xFF, 0xC0, 0x1F, 0x00, 0x3F, 0x90, 0x60, 0x0B, 0xC0, 0x2F, 0x40, 0x00, 0x03, 0xF0,
    0x0F, 0x80, 0x00, 0x00, 0xF8, 0x0B, 0xC0, 0x00, 0x00, 0x3E, 0x03, 0xE0, 0x00, 0x00, 0x1F, 0xFF,
    0xFF, 0xFF, 0xC0, 0x0B, 0xFF, 0xFF, 0xFF, 0xE0, 0x03, 0xF0, 0x2F, 0x00, 0x00, 0x00, 0xF8, 0x0B,
    0xC0, 0x00, 0x00, 0x7D, 0x02, 0xF0, 0x00, 0x00, 0x1F, 0x00, 0x7E, 0x00, 0x00, 0x0B, 0xC0, 0x0F,
    0xE0, 0x1C, 0x03, 0xE0, 0x00, 0xFF, 0xFF, 0x00, 0xF4, 0x00, 0x0B, 0xFF, 0x40, 0x00, 0x00, 0x00,
    0xFC, 0x00, 0x00, 0x00, 0x07, 0xF0, 0x00, 0x00, 0x00, 0x3F, 0xC0, 0x00, 0x00, 0x02, 0xFF, 0x40,
    0x00, 0x00, 0x0F, 0x6E, 0x00, 0x00, 0x00, 0xBC, 0xBC, 0x00, 0x00, 0x07, 0xD1, 0xF0, 0x00, 0x00,
    0x3F, 0x07, 0xC0, 0x00, 0x01, 0xF4, 0x0F, 0x40, 0x00, 0x0F, 0xFF, 0xFD, 0x00, 0x00, 0xBF, 0xFF,
    0xF8, 0x00, 0x03, 0xE7, 0xE7, 0xF0, 0x00, 0x2F, 0x0F, 0x4B, 0xC0, 0x01, 0xF4, 0x3C, 0x1F, 0x00,
    0x0F, 0xC1, 0xF0, 0x7D, 0x00, 0x7C, 0x0B, 0xC0, 0xF4, 0x03, 0xE0, 0x3E, 0x03, 0xE0, 0x2F, 0x00,
    0xF4, 0x0F, 0xC0, 0xF4, 0x03, 0xC0, 0x2F, 0x0F, 0xC0, 0x1F, 0x00, 0x7C, 0x7D, 0x00, 0xB8, 0x01,
    0xF4, 0x00, 0x00, 0x2F, 0xC0, 0x00, 0x00, 0x3F, 0xD0, 0x00, 0x00, 0xBF, 0xD0, 0x00, 0x00, 0xF6,
    0xE0, 0x00, 0x03, 0xF2, 0xF0, 0x00, 0x07, 0xC1, 0xF0, 0x00, 0x0F, 0x81, 0xF0, 0x00, 0x1F, 0xFF,
    0xF4, 0x00, 0x3F, 0xFF, 0xF4, 0x00, 0xBC, 0xB8, 0xF8, 0x00, 0xF4, 0xF8, 0xBC, 0x03, 0xF0, 0xF4,
    0xBC, 0x07, 0xD0, 0xF0, 0x7C, 0x0F, 0x81, 0xF0, 0x3D, 0x1F, 0x02, 0xE0, 0x3D, 0x3E, 0x03, 0xD0,
    0x3E, 0x00, 0xBC, 0x00, 0x00, 0xFC, 0x00, 0x02, 0xF0, 0x00, 0x07, 0xF0, 0x00, 0x0F, 0x80, 0x00,
    0x3F, 0xD0, 0x00, 0x3D, 0x00, 0x01, 0xFF, 0x40, 0x01, 0xF4, 0x00, 0x0F, 0xAE, 0x00, 0x0B, 0xC0,
    0x00, 0xBC, 0xBC, 0x00, 0x3F, 0x00, 0x03, 0xD1, 0xF0, 0x00, 0xF8, 0x00, 0x3F, 0x07, 0xC0, 0x03,
    0xD0, 0x01, 0xF4, 0x0F, 0x40, 0x1F, 0xFF, 0xFF, 0xFF, 0xFD, 0x00, 0xBF, 0xFF, 0xFF, 0xFF, 0xF8,
    0x03, 0xF5, 0x57, 0xE7, 0xE7, 0xF0, 0x0F, 0x80, 0x2F, 0x0F, 0x4B, 0xC0, 0x3D, 0x00, 0xF4, 0x3C,
    0x1F, 0x01, 0xF0, 0x0F, 0xC1, 0xF0, 0x7D, 0x0B, 0xC0, 0x7C, 0x0B, 0xC0, 0xF4, 0x3E, 0x03, 0xE0,
    0x3E, 0x03, 0xE0, 0xF8, 0x2F, 0x00, 0xF4, 0x0F, 0xC7, 0xD0, 0xF8, 0x03, 0xC0, 0x2F, 0x1F, 0x0F,
    0xC0, 0x1F, 0x00, 0x7C, 0xBC, 0x7D, 0x00, 0xB8, 0x01, 0xF4, 0x00, 0xF8, 0x00, 0x2F, 0xC0, 0x00,
    0xF4, 0x00, 0x7F, 0xC0, 0x01, 0xF0, 0x00, 0xFB, 0xC0, 0x02, 0xF0, 0x01, 0xF3, 0xD0, 0x03, 0xF0,
    0x03, 0xE3, 0xE0, 0x03, 0xE0, 0x07, 0xC2, 0xE0, 0x03, 0xE0, 0x0F, 0x82, 0xF0, 0x07, 0xFF, 0xFF,
    0xFF, 0xF0, 0x0B, 0xFF, 0xFF, 0xFF, 0xF0, 0x0F, 0xC0, 0xFC, 0xF8, 0xF4, 0x0F, 0x81, 0xF0, 0xF4,
    0xF8, 0x1F, 0x43, 0xE0, 0xF0, 0xF8, 0x1F, 0x0B, 0xC1, 0xF0, 0xBC, 0x2F, 0x0F, 0x42, 0xE0, 0x7C,
    0x3E, 0x2F, 0x03, 0xD0, 0x7C, 0x3D, 0x7D, 0x03, 0xD0, 0x3D, 0x00, 0x03, 0xFF, 0xFF, 0xFF, 0xF0,
    0x00, 0x1F, 0xFF, 0xFF, 0xFF, 0xC0, 0x00, 0x3E, 0x00, 0x00, 0xFD, 0x00, 0x00, 0xBC, 0x00, 0x0F,
    0xD0, 0x00, 0x00, 0xF8, 0x00, 0xBD, 0x00, 0x00, 0x02, 0xF0, 0x0B, 0xD0, 0x00, 0x00, 0x03, 0xE0,
    0xBD, 0x00, 0x00, 0x00, 0x0B, 0xCB, 0xD0, 0x00, 0x00, 0x00, 0x0F, 0xFE, 0x00, 0x00, 0x00, 0x07,
    0xFF, 0xFF, 0x40, 0x00, 0x00, 0xBF, 0xFF, 0xFF, 0x40, 0x00, 0x0B, 0xF5, 0xF8, 0xBF, 0x00, 0x00,
    0x3F, 0x07, 0xD0, 0xFC, 0x00, 0x02, 0xF0, 0x2F, 0x02, 0xF0, 0x00, 0x0F, 0x80, 0xFC, 0x07, 0xC0,
    0x00, 0xBC, 0x03, 0xE0, 0x1F, 0x40, 0x03, 0xE0, 0x0F, 0x40, 0x7D, 0x00, 0x2F, 0x00, 0x7C, 0x01,
    0xF4, 0x00, 0xF8, 0x02, 0xF0, 0x03, 0xD0, 0x07, 0xC0, 0x0F, 0xC0, 0x0F, 0x40, 0x3F, 0x00, 0x3E,
    0x00, 0x3E, 0x00, 0x00, 0x1F, 0xFF, 0xFF, 0xFC, 0x00, 0xBF, 0xFF, 0xFF, 0xE0, 0x00, 0xF8, 0x00,
    0x7E, 0x00, 0x01, 0xF0, 0x07, 0xE0, 0x00, 0x02, 0xE0, 0x7D, 0x00, 0x00, 0x03, 0xD7, 0xD0, 0x00,
    0x00, 0x1F, 0xFF, 0x00, 0x00, 0x07, 0xFF, 0xFF, 0x40, 0x00, 0x7E, 0x7E, 0x7F, 0x00, 0x03, 0xE0,
    0xF4, 0x3E, 0x00, 0x2F, 0x03, 0xD0, 0xBC, 0x00, 0xF4, 0x1F, 0x02, 0xF0, 0x0F, 0xC0, 0xBC, 0x07,
    0xC0, 0x7D, 0x02, 0xE0, 0x1F, 0x03, 0xF0, 0x0F, 0x40, 0x3D, 0x1F, 0x40, 0x3C, 0x00, 0xF4, 0x00,
    0xBC, 0x03, 0xFF, 0xFF, 0xFF, 0xF4, 0x02, 0xF0, 0x0F, 0xFF, 0xFF, 0xFF, 0xC0, 0x0F, 0x80, 0x3F,
    0x00, 0x00, 0xBE, 0x00, 0x3D, 0x00, 0x7D, 0x00, 0x0B, 0xE0, 0x01, 0xF4, 0x00, 0xFC, 0x00, 0x7E,
    0x00, 0x0B, 0xC0, 0x01, 0xF4, 0x07, 0xE0, 0x00, 0x3F, 0x00, 0x03, 0xF0, 0x7F, 0x00, 0x00, 0xF8,
    0x00, 0x07, 0xD7, 0xF0, 0x00, 0x03, 0xD0, 0x00, 0x0F, 0xFF, 0x00, 0x00, 0x1F, 0xFF, 0xFF, 0xFF,
    0xFE, 0x40, 0x00, 0xBF, 0xFF, 0xFF, 0xFF, 0xFF, 0x40, 0x03, 0xF5, 0x57, 0xF4, 0xFC, 0x7F, 0x00,
    0x0F, 0x80, 0x2F, 0x03, 0xE0, 0x7D, 0x00, 0x3D, 0x01, 0xF4, 0x0F, 0x40, 0xF4, 0x01, 0xF0, 0x0F,
    0xC0, 0x7C, 0x03, 0xD0, 0x0B, 0xC0, 0x7D, 0x02, 0xF0, 0x0F, 0x80, 0x3E, 0x03, 0xF0, 0x0F, 0x80,
    0x3E, 0x00, 0xF8, 0x0F, 0x40, 0x3E, 0x00, 0xF8, 0x07, 0xD0, 0xBC, 0x01, 0xF4, 0x03, 0xE0, 0x1F,
    0x03, 0xE0, 0x0B, 0xC0, 0x0F, 0xC0, 0xBC, 0x2F, 0x00, 0x2F, 0x00, 0x3F, 0x00, 0x00, 0xF8, 0x1F,
    0xFF, 0xFF, 0xFC, 0x00, 0xF4, 0x1F, 0xFF, 0xFF, 0xF8, 0x01, 0xF0, 0x0F, 0x80, 0x07, 0xE0, 0x02,
    0xF0, 0x07, 0xC0, 0x1F, 0x80, 0x03, 0xF0, 0x03, 0xF0, 0x7E, 0x00, 0x03, 0xE0, 0x00, 0xF5, 0xF8,
    0x00, 0x03, 0xE0, 0x00, 0xBF, 0xF0, 0x00, 0x07, 0xFF, 0xFF, 0xFF, 0xFD, 0x00, 0x0B, 0xFF, 0xFF,
    0xBF, 0xBF, 0x00, 0x0F, 0xC0, 0xFC, 0x3E, 0x0F, 0x80, 0x0F, 0x82, 0xF0, 0x3D, 0x0B, 0xC0, 0x1F,
    0x43, 0xE0, 0x3C, 0x07, 0xC0, 0x1F, 0x0B, 0xC0, 0x7C, 0x07, 0xC0, 0x2F, 0x0F, 0x80, 0xB8, 0x03,
    0xD0, 0x3E, 0x2F, 0x00, 0xF8, 0x03, 0xD0, 0x3D, 0x3D, 0x00, 0xF4, 0x03, 0xE0, 0x00, 0x00, 0x78,
    0x07, 0xC0, 0x00, 0x03, 0xD1, 0xFC, 0x00, 0x00, 0x1F, 0x7D, 0x00, 0x00, 0x00, 0xBF, 0x40, 0x00,
    0x01, 0xBF, 0xF8, 0x00, 0x00, 0xFF, 0xFF, 0xF0, 0x00, 0x1F, 0x90, 0x2F, 0xC0, 0x00, 0x80, 0x00,
    0xBC, 0x00, 0x00, 0x00, 0x07, 0xD0, 0x00, 0x00, 0x00, 0x7D, 0x00, 0x00, 0x00, 0x0B, 0xC0, 0x00,
    0x00, 0x00, 0xF8, 0x00, 0x00, 0x00, 0x2F, 0x00, 0x00, 0x00, 0x6F, 0xC0, 0x00, 0x0F, 0xFF, 0xD0,
    0x00, 0x00, 0xFF, 0xFE, 0x00, 0x00, 0x00, 0x02, 0xFC, 0x00, 0x00, 0x00, 0x07, 0xE0, 0x00, 0x00,
    0x00, 0x3F, 0x00, 0x00, 0x00, 0x03, 0xF0, 0x00, 0x00, 0x00, 0x3F, 0x00, 0x00, 0x00, 0x07, 0xE0,
    0x00, 0x00, 0x01, 0xFD, 0x00, 0x00, 0x1A, 0xFF, 0x40, 0x02, 0xFF, 0xFF, 0xD0, 0x00, 0xFF, 0xFE,
    0x80, 0x00, 0x3F, 0x90, 0x00, 0x00, 0x03, 0xE0, 0x00, 0x00, 0x00, 0x3F, 0x00, 0x00, 0x00, 0x02,
    0xFF, 0xFF, 0xFC, 0x00, 0x07, 0xFF, 0xFF, 0xC0, 0x00, 0x00, 0x00, 0x04, 0x00, 0x00, 0x0B, 0x40,
    0xBC, 0x00, 0x03, 0xC2, 0xFC, 0x00, 0x01, 0xF7, 0xD0, 0x00, 0x00, 0xFF, 0x00, 0x00, 0x0B, 0xFF,
    0x80, 0x00, 0x3F, 0xFF, 0xF0, 0x00, 0x39, 0x07, 0xF4, 0x00, 0x00, 0x00, 0xF4, 0x00, 0x00, 0x00,
    0xF4, 0x00, 0x00, 0x02, 0xF0, 0x00, 0x00, 0x1B, 0xD0, 0x00, 0x0F, 0xFE, 0x00, 0x00, 0x0F, 0xFF,
    0x00, 0x00, 0x00, 0x0B, 0xC0, 0x00, 0x00, 0x03, 0xD0, 0x00, 0x00, 0x03, 0xD0, 0x00, 0x00, 0x07,
    0xC0, 0x00, 0x00, 0x6F, 0x80, 0x00, 0x6F, 0xFE, 0x00, 0x0B, 0xFF, 0xD0, 0x00, 0x3F, 0x90, 0x00,
    0x00, 0x7C, 0x00, 0x00, 0x00, 0x7D, 0x00, 0x00, 0x00, 0x3F, 0xFF, 0xFE, 0x00, 0x0B, 0xFF, 0xFF,
    0x00, 0x00, 0x00, 0x01, 0x00, 0x0F, 0xC0, 0x0B, 0xC0, 0x0B, 0xC0, 0xF8, 0x00, 0xF8, 0x00, 0xF8,
    0x0F, 0x40, 0x0F, 0x80, 0x0F, 0x81, 0xF4, 0x01, 0xF4, 0x01, 0xF4, 0x2F, 0x00, 0x2F, 0x00, 0x2F,
    0x03, 0xF0, 0x03, 0xF0, 0x03, 0xF0, 0x3E, 0x00, 0x3E, 0x00, 0x3E, 0x03, 0xD0, 0x03, 0xD0, 0x07,
    0xD0, 0x7D, 0x00, 0x7C, 0x00, 0xBC, 0x07, 0xD0, 0x0B, 0xC0, 0x0F, 0x80, 0x7D, 0x00, 0xFC, 0x02,
    0xF0, 0x03, 0xF0, 0x0F, 0x80, 0x7E, 0x00, 0x2F, 0xD1, 0xF4, 0x7F, 0x80, 0x00, 0xFF, 0xFF, 0xFF,
    0xE0, 0x00, 0x02, 0xFF, 0xFF, 0xE0, 0x00, 0x00, 0x00, 0x3F, 0x00, 0x00, 0x00, 0x00, 0x03, 0xE0,
    0x00, 0x00, 0x00, 0x00, 0x7D, 0x00, 0x00, 0x00, 0x00, 0x0B, 0xC0, 0x00, 0x00, 0x00, 0x00, 0xBC,
    0x00, 0x00, 0x00, 0x00, 0x0F, 0x80, 0x00, 0x00, 0x00, 0x00, 0x00, 0x01, 0x90, 0x00, 0x00, 0x00,
    0x0F, 0x40, 0x00, 0x00, 0x00, 0x7C, 0x00, 0x00, 0x00, 0x01, 0xF0, 0x00, 0x00, 0x00, 0x0B, 0xC0,
    0x00, 0x00, 0x00, 0x3E, 0x00, 0x00, 0x00, 0x00, 0xF4, 0x00, 0x00, 0xF4, 0x07, 0xC0, 0x7C, 0x07,
    0xC0, 0x2F, 0x01, 0xF0, 0x2F, 0x00, 0xF8, 0x07, 0xD0, 0xFC, 0x03, 0xE0, 0x1F, 0x43, 0xE0, 0x0F,
    0x40, 0x7D, 0x0F, 0x40, 0x7C, 0x01, 0xF0, 0x7C, 0x02, 0xF0, 0x0B, 0xC2, 0xF0, 0x0F, 0x80, 0x3F,
    0x0F, 0xC0, 0x3D, 0x00, 0xF8, 0x3E, 0x01, 0xF0, 0x07, 0xD0, 0xF8, 0x07, 0xC0, 0x3F, 0x03, 0xE0,
    0x2F, 0x02, 0xF4, 0x0F, 0xC0, 0xF8, 0x1F, 0x80, 0x2F, 0xD7, 0xE7, 0xFC, 0x00, 0x3F, 0xFF, 0xFF,
    0x80, 0x00, 0x1F, 0xFF, 0xE0, 0x00, 0x00, 0x02, 0xF0, 0x00, 0x00, 0x00, 0x0F, 0x80, 0x00, 0x00,
    0x00, 0x3D, 0x00, 0x00, 0x00, 0x01, 0xF0, 0x00, 0x00, 0x00, 0x0B, 0xC0, 0x00, 0x00, 0x00, 0x2F,
    0x00, 0x00, 0x00, 0x00, 0xF8, 0x00, 0x00, 0x00, 0x00, 0x01, 0xFF, 0xE0, 0x00, 0x00, 0xBF, 0xFF,
    0xF4, 0x00, 0x0B, 0xF4, 0x07, 0xF4, 0x00, 0xBD, 0x00, 0x03, 0xF0, 0x0B, 0xD0, 0x00, 0x07, 0xE0,
    0x3E, 0x00, 0x00, 0x0F, 0xC2, 0xF0, 0x00, 0x00, 0x2F, 0x0F, 0x80, 0x00, 0x00, 0xBC, 0x7D, 0x00,
    0x00, 0x02, 0xF2, 0xFF, 0xFF, 0xFF, 0xFF, 0xCB, 0xFF, 0xFF, 0xFF, 0xFF, 0x3F, 0x00, 0x00, 0x00,
    0xFC, 0xFC, 0x00, 0x00, 0x07, 0xE3, 0xF0, 0x00, 0x00, 0x2F, 0x4F, 0xC0, 0x00, 0x00, 0xFC, 0x2F,
    0x40, 0x00, 0x0B, 0xE0, 0x7E, 0x00, 0x00, 0x7F, 0x00, 0xFD, 0x00, 0x07, 0xF0, 0x00, 0xFE, 0x41,
    0xFF, 0x40, 0x01, 0xFF, 0xFF, 0xF0, 0x00, 0x00, 0x6F, 0xF9, 0x00, 0x00, 0x00, 0x1F, 0xF8, 0x00,
    0x03, 0xFF, 0xFD, 0x00, 0x3F, 0x81, 0xFD, 0x03, 0xF4, 0x00, 0xF8, 0x1F, 0x40, 0x02, 0xF0, 0xFC,
    0x00, 0x0B, 0xC3, 0xE0, 0x00, 0x2F, 0x1F, 0xFF, 0xFF, 0xFC, 0x7F, 0xFF, 0xFF, 0xF2, 0xF0, 0x00,
    0x0F, 0x8B, 0xC0, 0x00, 0x7C, 0x1F, 0x00, 0x03, 0xF0, 0x3E, 0x00, 0x2F, 0x40, 0xBE, 0x07, 0xF8,
    0x00, 0xFF, 0xFF, 0x40, 0x00, 0x7F, 0xE0, 0x00, 0x7D, 0x00, 0x00, 0x0F, 0xF3, 0xD0, 0x00, 0x03,
    0xFF, 0x3D, 0x00, 0x00, 0xFD, 0x03, 0xE0, 0x00, 0x1F, 0x40, 0x3E, 0x00, 0x03, 0xF0, 0x02, 0xF0,
    0x00, 0x7D, 0x00, 0x2F, 0x00, 0x0F, 0xC0, 0x02, 0xF0, 0x01, 0xF4, 0x00, 0x1F, 0x00, 0x3F, 0x00,
    0x01, 0xF0, 0x07, 0xD0, 0x00, 0x0F, 0x40, 0xFC, 0x00, 0x00, 0xF4, 0x1F, 0x40, 0x00, 0x0F, 0x43,
    0xF0, 0x00, 0x00, 0xF8, 0x3D, 0x00, 0x00, 0x0F, 0x8B, 0xC0, 0x00, 0x00, 0xB8, 0xF4, 0x00, 0x00,
    0x0B, 0xEF, 0x00, 0x00, 0x00, 0x7F, 0xD0, 0x00, 0x00, 0x07, 0xFC, 0x00, 0x00, 0x00, 0x3F, 0x40,
    0x00, 0x00, 0x03, 0xF0, 0x00, 0x00, 0x00, 0xBC, 0x00, 0x02, 0xF1, 0xF0, 0x00, 0x3F, 0xC7, 0xC0,
    0x02, 0xF4, 0x0F, 0x40, 0x0F, 0x80, 0x3D, 0x00, 0xBC, 0x00, 0xF8, 0x03, 0xE0, 0x03, 0xE0, 0x2F,
    0x00, 0x0F, 0x80, 0xF8, 0x00, 0x2F, 0x07, 0xC0, 0x00, 0xBC, 0x3E, 0x00, 0x01, 0xF1, 0xF0, 0x00,
    0x07, 0xCF, 0x80, 0x00, 0x0F, 0x7D, 0x00, 0x00, 0x3E, 0xF0, 0x00, 0x00, 0xFF, 0x40, 0x00, 0x03,
    0xFC, 0x00, 0x00, 0x0F, 0xC3, 0xF0, 0x00, 0x00, 0xBC, 0x2F, 0x00, 0x00, 0x03, 0xE0, 0xF8, 0x00,
    0x00, 0x0F, 0x03, 0xC0, 0x00, 0x00, 0x78, 0x1E, 0x00, 0x00, 0x00, 0x00, 0x00, 0x00, 0x00, 0x00,
    0x00, 0x00, 0x07, 0xD0, 0x00, 0x00, 0xFF, 0x3D, 0x00, 0x00, 0x3F, 0xF3, 0xD0, 0x00, 0x0F, 0xD0,
    0x3E, 0x00, 0x01, 0xF4, 0x03, 0xE0, 0x00, 0x3F, 0x00, 0x2F, 0x00, 0x07, 0xD0, 0x02, 0xF0, 0x00,
    0xFC, 0x00, 0x2F, 0x00, 0x1F, 0x40, 0x01, 0xF0, 0x03, 0xF0, 0x00, 0x1F, 0x00, 0x7D, 0x00, 0x00,
    0xF4, 0x0F, 0xC0, 0x00, 0x0F, 0x41, 0xF4, 0x00, 0x00, 0xF4, 0x3F, 0x00, 0x00, 0x0F, 0x83, 0xD0,
    0x00, 0x00, 0xF8, 0xBC, 0x00, 0x00, 0x0B, 0x8F, 0x40, 0x00, 0x00, 0xBE, 0xF0, 0x00, 0x00, 0x07,
    0xFD, 0x00, 0x00, 0x00, 0x7F, 0xC0, 0x00, 0x00, 0x03, 0xF4, 0x00, 0x00, 0x00, 0x3F, 0x00, 0x00,
    0x00, 0x68, 0x1A, 0x00, 0x01, 0xF4, 0x7D, 0x00, 0x02, 0xF0, 0xBC, 0x00, 0x03, 0xD0, 0xF4, 0x00,
    0x03, 0xC0, 0xF0, 0x00, 0x00, 0x00, 0x00, 0x00, 0x00, 0x00, 0x00, 0x2F, 0x00, 0x00, 0xBC, 0x7C,
    0x00, 0x0F, 0xF1, 0xF0, 0x00, 0xBD, 0x03, 0xD0, 0x03, 0xE0, 0x0F, 0x40, 0x2F, 0x00, 0x3E, 0x00,
    0xF8, 0x00, 0xF8, 0x0B, 0xC0, 0x03, 0xE0, 0x3E, 0x00, 0x0B, 0xC1, 0xF0, 0x00, 0x2F, 0x0F, 0x80,
    0x00, 0x7C, 0x7C, 0x00, 0x01, 0xF3, 0xE0, 0x00, 0x03, 0xDF, 0x40, 0x00, 0x0F, 0xBC, 0x00, 0x00,
    0x3F, 0xD0, 0x00, 0x00, 0xFF, 0x00, 0x00, 0x00, 0x00, 0x01, 0xFF, 0xE0, 0x00, 0x00, 0x00, 0x00,
    0x00, 0x00, 0xBF, 0xFF, 0xF4, 0x00, 0x00, 0x00, 0x00, 0x00, 0x0B, 0xF4, 0x0B, 0xF4, 0x00, 0x00,
    0x00, 0x00, 0x00, 0xBE, 0x00, 0x03, 0xF0, 0x00, 0x00, 0x00, 0x00, 0x0B, 0xE0, 0x00, 0x07, 0xE0,
    0x00, 0x00, 0x00, 0x00, 0x3F, 0x00, 0x00, 0x0F, 0xC1, 0xF0, 0x00, 0x0F, 0xC2, 0xF4, 0x00, 0x00,
    0x3F, 0x07, 0xC0, 0x00, 0x7D, 0x0F, 0xC0, 0x00, 0x00, 0xBC, 0x0F, 0x40, 0x03, 0xE0, 0x7D, 0x00,
    0x00, 0x02, 0xF0, 0x3D, 0x00, 0x2F, 0x02, 0xF4, 0x00, 0x00, 0x0B, 0xC0, 0xF8, 0x00, 0xF8, 0x0B,
    0xC0, 0x00, 0x00, 0x3F, 0x03, 0xE0, 0x0B, 0xC0, 0x3F, 0x00, 0x00, 0x00, 0xFC, 0x0B, 0xC0, 0x3E,
    0x00, 0xFC, 0x00, 0x00, 0x07, 0xE0, 0x1F, 0x02, 0xF0, 0x03, 0xF0, 0x00, 0x00, 0x2F, 0x40, 0x7C,
    0x0F, 0x80, 0x0F, 0xC0, 0x00, 0x00, 0xFC, 0x00, 0xF0, 0xBC, 0x00, 0x2F, 0x00, 0x00, 0x0B, 0xE0,
    0x03, 0xD3, 0xD0, 0x00, 0x7E, 0x00, 0x00, 0x7F, 0x00, 0x0F, 0x6F, 0x00, 0x00, 0xFD, 0x00, 0x07,
    0xF0, 0x00, 0x2D, 0xF4, 0x00, 0x00, 0xFE, 0x41, 0xBF, 0x40, 0x00, 0xBF, 0xC0, 0x00, 0x01, 0xFF,
    0xFF, 0xF0, 0x00, 0x01, 0xFD, 0x00, 0x00, 0x00, 0x6F, 0xF9, 0x00, 0x00, 0x07, 0xF0, 0x00, 0x00,
    0x00, 0x00, 0x00, 0x00, 0x00, 0x1F, 0x00, 0x00, 0x00, 0x00, 0x00, 0x00, 0x00, 0x00, 0xF8, 0x00,
    0x00, 0x00, 0x00, 0x00, 0x00, 0x00, 0x0B, 0xC0, 0x00, 0x00, 0x00, 0x00, 0x00, 0x00, 0x00, 0x7E,
    0x00, 0x00, 0x00, 0x00, 0x00, 0x00, 0x00, 0x07, 0xF0, 0x00, 0x00, 0x00, 0x00, 0x00, 0x00, 0x0B,
    0xFF, 0x00, 0x00, 0x00, 0x00, 0x00, 0x00, 0x00, 0x2F, 0xE0, 0x00, 0x00, 0x00, 0x00, 0x1F, 0xF8,
    0x00, 0x3D, 0x00, 0x02, 0xF0, 0x03, 0xFF, 0xFD, 0x00, 0xF8, 0x00, 0x0F, 0x80, 0x3F, 0x81, 0xFC,
    0x03, 0xE0, 0x00, 0xBC, 0x03, 0xF0, 0x00, 0xF8, 0x0B, 0xC0, 0x03, 0xE0, 0x1F, 0x40, 0x02, 0xF0,
    0x2F, 0x00, 0x2F, 0x00, 0xFC, 0x00, 0x0B, 0xC0, 0x7C, 0x00, 0xF8, 0x03, 0xE0, 0x00, 0x2F, 0x00,
    0xF0, 0x0B, 0xC0, 0x1F, 0x40, 0x00, 0xBC, 0x03, 0xD0, 0x3D, 0x00, 0x7C, 0x00, 0x03, 0xF0, 0x0F,
    0x83, 0xF0, 0x02, 0xF0, 0x00, 0x0F, 0x80, 0x3E, 0x1F, 0x40, 0x0B, 0xC0, 0x00, 0x7C, 0x00, 0xB8,
    0xBC, 0x00, 0x1F, 0x00, 0x03, 0xF0, 0x01, 0xE3, 0xD0, 0x00, 0x3E, 0x00, 0x2F, 0x40, 0x07, 0xEF,
    0x00, 0x00, 0xBE, 0x07, 0xF8, 0x00, 0x0F, 0xF0, 0x00, 0x00, 0xFF, 0xFF, 0x80, 0x00, 0x3F, 0x80,
    0x00, 0x00, 0x7F, 0xE0, 0x00, 0x00, 0xFC, 0x00, 0x00, 0x00, 0x00, 0x00, 0x00, 0x03, 0xE0, 0x00,
    0x00, 0x00, 0x00, 0x00, 0x00, 0x2F, 0x00, 0x00, 0x00, 0x00, 0x00, 0x00, 0x00, 0xF8, 0x00, 0x00,
    0x00, 0x00, 0x00, 0x00, 0x0F, 0xC0, 0x00, 0x00, 0x00, 0x00, 0x00, 0x01, 0xFD, 0x00, 0x00, 0x00,
    0x00, 0x00, 0x01, 0xFF, 0xD0, 0x00, 0x00, 0x00, 0x00, 0x00, 0x03, 0xF9, 0x00, 0x00, 0x00, 0x00,
    0x00, 0x00, 0x0F, 0x80, 0x00, 0x00, 0x01, 0xBF, 0x40, 0x00, 0x00, 0xBF, 0xFF, 0xD0, 0x00, 0x1F,
    0xFF, 0xFF, 0xE0, 0x01, 0xFD, 0x2F, 0x5F, 0xD0, 0x0F, 0xC0, 0x00, 0x0F, 0xC0, 0xFC, 0x00, 0x00,
    0x2F, 0x47, 0xD0, 0x00, 0x00, 0x7E, 0x3F, 0x00, 0x00, 0x00, 0xF8, 0xF8, 0x00, 0x00, 0x03, 0xE7,
    0xD0, 0x00, 0x00, 0x0F, 0xAF, 0x00, 0x00, 0x00, 0x3E, 0xFC, 0x00, 0x00, 0x01, 0xFB, 0xF0, 0x00,
    0x00, 0x0B, 0xDF, 0xC0, 0x00, 0x00, 0x3F, 0x3F, 0x00, 0x00, 0x00, 0xF8, 0xBC, 0x00, 0x00, 0x0B,
    0xD1, 0xF4, 0x00, 0x00, 0x7F, 0x03, 0xF0, 0x00, 0x03, 0xF0, 0x0B, 0xF1, 0xF4, 0x7F, 0x40, 0x0B,
    0xFF, 0xFF, 0xF4, 0x00, 0x07, 0xFF, 0xFE, 0x00, 0x00, 0x02, 0xFE, 0x40, 0x00, 0x00, 0x03, 0xE0,
    0x00, 0x00, 0x00, 0x02, 0xF0, 0x00, 0x00, 0x1F, 0xE0, 0x00, 0x07, 0xFF, 0xF4, 0x00, 0xBF, 0xFF,
    0xF4, 0x0B, 0xF3, 0xE3, 0xF0, 0x3F, 0x00, 0x07, 0xD2, 0xF0, 0x00, 0x0F, 0x8F, 0x80, 0x00, 0x3E,
    0x7D, 0x00, 0x00, 0xF9, 0xF0, 0x00, 0x03, 0xDB, 0xC0, 0x00, 0x1F, 0x6F, 0x00, 0x00, 0xBC, 0xBC,
    0x00, 0x03, 0xE1, 0xF4, 0x00, 0x3F, 0x03, 0xF1, 0xF6, 0xF8, 0x07, 0xFF, 0xFF, 0x80, 0x07, 0xFF,
    0xF8, 0x00, 0x01, 0xFD, 0x00, 0x00, 0x02, 0xE0, 0x00, 0x00, 0x00, 0x00, 0x00, 0x7F, 0x80, 0x00,
    0x00, 0x00, 0x00, 0x1F, 0xFF, 0x90, 0x00, 0x00, 0x00, 0x03, 0xD1, 0xBF, 0xD0, 0x00, 0x00, 0x00,
    0x3C, 0x50, 0xBC, 0x00, 0x00, 0x00, 0x00, 0x0F, 0x80, 0x00, 0x00, 0x00, 0x00, 0x00, 0xBC, 0x00,
    0x00, 0x00, 0x00, 0x00, 0x03, 0xC0, 0x00, 0x00, 0x00, 0x00, 0x00, 0xB0, 0x00, 0x00, 0x00, 0x00,
    0x00, 0x18, 0x00, 0x00, 0x00, 0x00, 0x00, 0x00, 0x00, 0x00, 0x00, 0x00, 0x07, 0xFE, 0x40, 0x6F,
    0xF4, 0x00, 0x03, 0xFF, 0xFC, 0x0F, 0xFF, 0xE0, 0x00, 0xFE, 0x07, 0x40, 0xA4, 0x7F, 0x00, 0x3F,
    0x40, 0x00, 0x00, 0x01, 0xF8, 0x07, 0xE0, 0x00, 0x00, 0x00, 0x0F, 0xC0, 0xFC, 0x00, 0x00, 0x00,
    0x00, 0xBC, 0x1F, 0x40, 0x00, 0x00, 0x00, 0x0B, 0xC3, 0xF0, 0x00, 0x00, 0x00, 0x00, 0xBC, 0x3E,
    0x00, 0x00, 0x00, 0x00, 0x0F, 0xC7, 0xD0, 0x00, 0x00, 0x00, 0x00, 0xFC, 0xBC, 0x00, 0x00, 0x00,
    0x00, 0x0F, 0x8F, 0xC0, 0x00, 0x29, 0x00, 0x01, 0xF4, 0xFC, 0x00, 0x03, 0xD0, 0x00, 0x2F, 0x0F,
    0xC0, 0x00, 0x7C, 0x00, 0x03, 0xF0, 0xFC, 0x00, 0x0B, 0xC0, 0x00, 0x7D, 0x0F, 0xC0, 0x00, 0xFC,
    0x00, 0x0F, 0xC0, 0xBC, 0x00, 0x0F, 0x80, 0x02, 0xF4, 0x07, 0xE0, 0x01, 0xF8, 0x00, 0x7E, 0x00,
    0x3F, 0x90, 0xBF, 0xE0, 0x6F, 0xC0, 0x00, 0xFF, 0xFF, 0xBF, 0xFF, 0xE0, 0x00, 0x02, 0xFF, 0x80,
    0x7F, 0xE0, 0x00, 0x00, 0x00, 0x00, 0x00, 0x00, 0x00, 0x00, 0x00, 0x02, 0xFF, 0x90, 0x00, 0x00,
    0x02, 0xFF, 0xFF, 0xD0, 0x00, 0x00, 0xF0, 0x5B, 0xF0, 0x00, 0x00, 0x00, 0xF8, 0x00, 0x00, 0x00,
    0x00, 0x3F, 0x00, 0x00, 0x00, 0x00, 0x03, 0xC0, 0x00, 0x00, 0x00, 0x01, 0xD0, 0x00, 0x00, 0x00,
    0x01, 0x80, 0x00, 0x00, 0x00, 0x00, 0x00, 0x00, 0x00, 0x00, 0x00, 0x00, 0x00, 0x00, 0x00, 0x7F,
    0xD0, 0x2F, 0xE0, 0x00, 0xFF, 0xF8, 0x1F, 0xFF, 0x00, 0xFD, 0x08, 0x02, 0x0B, 0xD0, 0xFC, 0x00,
    0x00, 0x00, 0xFC, 0x7D, 0x00, 0x00, 0x00, 0x3F, 0x3F, 0x00, 0x00, 0x00, 0x0B, 0xCF, 0x80, 0x00,
    0x00, 0x02, 0xF7, 0xD0, 0x00, 0x00, 0x00, 0xFD, 0xF0, 0x00, 0xF8, 0x00, 0x3E, 0xBC, 0x00, 0x3E,
    0x00, 0x1F, 0x6F, 0x00, 0x0F, 0x40, 0x0B, 0xC7, 0xD0, 0x07, 0xC0, 0x03, 0xE0, 0xF8, 0x02, 0xF0,
    0x03, 0xF0, 0x3F, 0x96, 0xFE, 0x5B, 0xF4, 0x03, 0xFF, 0xFF, 0xFF, 0xF4, 0x00, 0x2F, 0xE4, 0x7F,
    0xE0, 0x00, 0x00, 0x00, 0x2F, 0xFF, 0xFF, 0xC0, 0x00, 0x00, 0x00, 0x74, 0x38, 0x1D, 0x00, 0x00,
    0x00, 0x00, 0x40, 0x40, 0x10, 0x00, 0x00, 0x00, 0x00, 0x00, 0x00, 0x00, 0x00, 0x00, 0x00, 0x00,
    0x00, 0x00, 0x00, 0x00, 0xBC, 0x00, 0x02, 0xF0, 0x00, 0x03, 0xE2, 0xF0, 0x00, 0x0F, 0xC0, 0x00,
    0x1F, 0x4F, 0xC0, 0x00, 0x3F, 0x00, 0x00, 0xBC, 0x3F, 0x00, 0x00, 0xF8, 0x00, 0x03, 0xF0, 0xFC,
    0x00, 0x03, 0xE0, 0x00, 0x0F, 0x83, 0xE0, 0x00, 0x0F, 0x80, 0x00, 0x7D, 0x0F, 0x80, 0x00, 0x7E,
    0x00, 0x02, 0xF0, 0x3E, 0x00, 0x03, 0xF8, 0x00, 0x0F, 0x80, 0xF8, 0x00, 0x2F, 0xE0, 0x00, 0x7C,
    0x03, 0xF0, 0x00, 0xFF, 0x80, 0x03, 0xF0, 0x0F, 0xC0, 0x0B, 0xBF, 0x00, 0x1F, 0x40, 0x3F, 0x00,
    0x7C, 0xFC, 0x00, 0xFC, 0x00, 0xBC, 0x03, 0xE2, 0xF0, 0x07, 0xD0, 0x02, 0xF0, 0x1F, 0x0B, 0xC0,
    0x3F, 0x00, 0x07, 0xD0, 0xF4, 0x1F, 0x41, 0xF4, 0x00, 0x0F, 0x4B, 0xC0, 0x3E, 0x0F, 0x80, 0x00,
    0x3E, 0x3D, 0x00, 0xFC, 0xBC, 0x00, 0x00, 0xFE, 0xE0, 0x02, 0xF7, 0xD0, 0x00, 0x02, 0xFF, 0x00,
    0x07, 0xFE, 0x00, 0x00, 0x03, 0xF8, 0x00, 0x0F, 0xF0, 0x00, 0x00, 0x0F, 0xC0, 0x00, 0x3F, 0x00,
    0x00, 0x00, 0x00, 0x02, 0xFF, 0xFF, 0xFC, 0x00, 0x00, 0x07, 0x43, 0x81, 0xD0, 0x00, 0x00, 0x04,
    0x04, 0x01, 0x00, 0x00, 0x00, 0x00, 0x00, 0x00, 0x00, 0x00, 0x00, 0x00, 0x00, 0x00, 0x00, 0xBC,
    0x00, 0x2F, 0x00, 0x03, 0xE3, 0xF0, 0x00, 0xFC, 0x00, 0x1F, 0x4F, 0x80, 0x03, 0xE0, 0x00, 0xBC,
    0x3E, 0x00, 0x0F, 0x80, 0x03, 0xE0, 0xF8, 0x00, 0x3E, 0x00, 0x1F, 0x43, 0xE0, 0x00, 0xF8, 0x00,
    0xBC, 0x0F, 0x80, 0x07, 0xE0, 0x03, 0xD0, 0x3E, 0x00, 0x3F, 0x80, 0x2F, 0x00, 0xF8, 0x02, 0xFE,
    0x00, 0xF4, 0x02, 0xF0, 0x1F, 0xB8, 0x0B, 0xC0, 0x0B, 0xC0, 0xF2, 0xF0, 0x3D, 0x00, 0x1F, 0x0F,
    0x47, 0xC2, 0xE0, 0x00, 0x3D, 0xB8, 0x0F, 0x1F, 0x00, 0x00, 0xFF, 0xC0, 0x3E, 0xF4, 0x00, 0x02,
    0xFD, 0x00, 0xBF, 0x80, 0x00, 0x03, 0xE0, 0x00, 0xF8, 0x00, 0x00, 0x00, 0x01, 0xBF, 0xF9, 0x00,
    0x03, 0xFF, 0xFF, 0xC0, 0x07, 0xF9, 0x01, 0xA0, 0x07, 0xF0, 0x00, 0x00, 0x07, 0xF0, 0x00, 0x00,
    0x03, 0xF0, 0x00, 0x00, 0x01, 0xF4, 0x00, 0x00, 0x00, 0xFC, 0x00, 0x00, 0x00, 0x3E, 0x00, 0x00,
    0x00, 0x1F, 0x40, 0x00, 0x00, 0x0B, 0xC0, 0x00, 0x00, 0x03, 0xF0, 0x00, 0x00, 0x00, 0xFC, 0x00,
    0x00, 0x00, 0x3F, 0x00, 0x00, 0x00, 0x0F, 0xC0, 0x00, 0x00, 0x02, 0xF0, 0x00, 0x00, 0x00, 0x7E,
    0x00, 0x00, 0x00, 0x0F, 0xD0, 0x00, 0x00, 0x01, 0xFE, 0x41, 0x00, 0x00, 0x1F, 0xFF, 0xC0, 0x00,
    0x00, 0xBF, 0xE0, 0x00, 0x00, 0x00, 0xF8, 0x00, 0x00, 0x00, 0x7D, 0x00, 0x00, 0x00, 0x2F, 0x00,
    0x00, 0x00, 0x0F, 0xC0, 0x00, 0x00, 0x03, 0xE0, 0x00, 0x00, 0x00, 0xF4, 0x00, 0x00, 0x00, 0x7C,
    0x00, 0x00, 0x00, 0x1B, 0xFE, 0x00, 0x3F, 0xFF, 0xC0, 0x3F, 0x90, 0x60, 0x2F, 0x40, 0x00, 0x1F,
    0x80, 0x00, 0x0B, 0xC0, 0x00, 0x03, 0xE0, 0x00, 0x01, 0xF4, 0x00, 0x00, 0x7C, 0x00, 0x00, 0x2F,
    0x00, 0x00, 0x0B, 0xC0, 0x00, 0x02, 0xF0, 0x00, 0x00, 0x7E, 0x00, 0x00, 0x0F, 0xE0, 0x20, 0x00,
    0xFF, 0xFC, 0x00, 0x0B, 0xFE, 0x00, 0x00, 0x0F, 0x80, 0x00, 0x07, 0xD0, 0x00, 0x01, 0xF0, 0x00,
    0x00, 0xBC, 0x00, 0x00, 0x3E, 0x00, 0x00, 0x0F, 0x40, 0x00, 0x07, 0xD0, 0x00, 0x00, 0x00, 0x00,
    0x40, 0x00, 0x00, 0x01, 0xE0, 0x00, 0x00, 0x03, 0xD0, 0x00, 0x3C, 0x0B, 0xC0, 0x00, 0x3F, 0x9F,
    0x40, 0x00, 0x0B, 0xFE, 0x00, 0x00, 0x00, 0xFF, 0x40, 0x00, 0x00, 0xFF, 0xE0, 0x00, 0x01, 0xF1,
    0xFC, 0x10, 0x03, 0xD0, 0x2C, 0x3E, 0x0B, 0xC0, 0x00, 0x2F, 0xDF, 0x40, 0x00, 0x03, 0xFE, 0x00,
    0x00, 0x00, 0xBF, 0x80, 0x00, 0x00, 0xFF, 0xF4, 0x00, 0x01, 0xF0, 0xFD, 0x00, 0x03, 0xD0, 0x18,
    0x00, 0x0B, 0xC0, 0x00, 0x00, 0x07, 0x40, 0x00, 0x00, 0x00, 0x00, 0x00, 0x00, 0x00, 0x00, 0x3C,
    0x3F, 0xFF, 0xFD, 0x7F, 0xFF, 0xFC, 0x7C, 0x00, 0x00, 0x14, 0x00, 0x00, 0x00, 0x00, 0x00, 0x00,
    0x1F, 0xF0, 0x06, 0xFF, 0xFC, 0x7F, 0xF4, 0x3C, 0x7E, 0x00, 0x2C, 0x7C, 0xFC, 0xB0, 0x38, 0x0A,
    0x3D, 0x3F, 0x0F, 0x2C, 0x60, 0x0F, 0xE4, 0x00, 0x3F, 0xFF, 0x80, 0xB8, 0x2F, 0xFC, 0xF0, 0x01,
    0xF8, 0x00, 0x00, 0x00, 0x07, 0xF8, 0x00, 0x00, 0x00, 0x00, 0x00, 0x00, 0x00, 0xFF, 0xF0, 0x00,
    0x00, 0x00, 0x00, 0x00, 0x00, 0x2C, 0x0B, 0x00, 0x00, 0x00, 0x00, 0x00, 0x00, 0x01, 0x40, 0x20,
    0x00, 0x00, 0x00, 0x00, 0x00, 0x00, 0x00, 0x00, 0x00, 0x00, 0x00, 0x00, 0x02, 0xF8, 0x00, 0x00,
    0x00, 0x07, 0xF8, 0x00, 0x00, 0xFF, 0xF0, 0x00, 0x00, 0x01, 0xFF, 0xE0, 0x00, 0x1D, 0x07, 0x40,
    0x00, 0x00, 0x2C, 0x0B, 0x00, 0x01, 0x80, 0x24, 0x00, 0x00, 0x02, 0x40, 0x20, 0x00, 0x00, 0x00,
    0x00, 0x00, 0x00, 0x00, 0x00, 0x00, 0x00, 0x00, 0x00, 0x00, 0x00, 0x00, 0x00, 0x00, 0x00, 0x00,
    0x00, 0x00, 0x00, 0x00, 0x00, 0x00, 0x00, 0x00, 0x00, 0x00, 0x00, 0x00, 0x00, 0x00, 0x00, 0x00,
    0x00, 0x00, 0x00, 0x00, 0x00, 0x00, 0x00, 0x00, 0x1F, 0xF0, 0x00, 0x00, 0x00, 0x00, 0x01, 0xFF,
    0x03, 0xFF, 0xC0, 0x00, 0x00, 0x00, 0x00, 0x3F, 0xFC, 0x70, 0x1D, 0x00, 0x00, 0x00, 0x00, 0x07,
    0x01, 0xD0, 0x00, 0x40, 0x00, 0x00, 0x00, 0x00, 0x00, 0x04, 0x00, 0x00, 0x00, 0x00, 0x00, 0x00,
    0x00, 0x00, 0x00, 0x00, 0x00, 0x00, 0x00, 0x00, 0x00, 0x00, 0x00, 0x00, 0x00, 0x00, 0x00, 0x00,
    0x00, 0x00, 0x00, 0x00, 0x00, 0x00, 0x00, 0x00, 0x00, 0x00, 0x00, 0x00, 0x00, 0x2F, 0x80, 0x00,
    0x00, 0x00, 0x7F, 0x80, 0x00, 0x0F, 0xFF, 0x00, 0x00, 0x00, 0x1F, 0xFE, 0x00, 0x01, 0xD0, 0x74,
    0x00, 0x00, 0x02, 0xC0, 0xB0, 0x00, 0x14, 0x01, 0x40, 0x00, 0x00, 0x14, 0x02, 0x00, 0x00, 0x00,
    0x00, 0x00, 0x00, 0x00, 0x00, 0x00, 0x00, 0x00, 0x00, 0x00, 0x7F, 0x80, 0x00, 0x00, 0x00, 0x00,
    0x00, 0x00, 0x0F, 0xFF, 0x00, 0x00, 0x00, 0x00, 0x00, 0x00, 0x02, 0xC0, 0x74, 0x00, 0x00, 0x00,
    0x00, 0x00, 0x00, 0x14, 0x01, 0x00, 0x00, 0x00, 0x00, 0x00, 0x00, 0x00, 0x00, 0x3C, 0x00, 0x00,
    0x00, 0x00, 0x00, 0x00, 0x00, 0x07, 0x80, 0x00, 0x00, 0x00, 0x00, 0x00, 0x00, 0x00, 0xF4, 0x00,
    0x00, 0x00, 0x00, 0x00, 0x00, 0x00, 0x0F, 0x00, 0x00, 0x00, 0x00, 0x00, 0x09, 0x00, 0x02, 0xF0,
    0x00, 0x00, 0x00, 0x00, 0x00, 0xF0, 0x00, 0x3F, 0x00, 0x00, 0x18, 0x00, 0x00, 0x0B, 0x80, 0x00,
    0x00, 0x00, 0x1F, 0xD0, 0x00, 0x00, 0x3D, 0x00, 0x00, 0x00, 0x2F, 0xF0, 0x00, 0x00, 0x02, 0xF0,
    0x00, 0x00, 0x02, 0xF4, 0x00, 0x00, 0x00, 0x0E, 0x00, 0x00, 0x00, 0x08, 0x00, 0x00, 0x00, 0x00,
    0x40, 0x00, 0x00, 0x00, 0x00, 0x00, 0x00, 0x00, 0x00, 0x00, 0x00, 0x00, 0x00, 0x00, 0x00, 0x00,
    0x00, 0x00, 0x00, 0x00, 0x00, 0x00, 0x00, 0x00, 0x00, 0x00, 0x00, 0x00, 0x00, 0x00, 0x00, 0x00,
    0x29, 0x00, 0x00, 0x00, 0x00, 0x00, 0x02, 0x80, 0x03, 0xFF, 0x80, 0x00, 0x00, 0x00, 0x00, 0x3F,
    0xD0, 0x07, 0xFC, 0x00, 0x00, 0x00, 0x00, 0x03, 0xFF, 0xC0, 0x02, 0xC0, 0x00, 0x00, 0x00, 0x00,
    0x00, 0x6C, 0x00, 0x00, 0x00, 0x00, 0x00, 0x00, 0x00, 0x00, 0x00, 0x00, 0x00, 0x00, 0x00, 0x00,
    0x00, 0x00, 0x00, 0x00, 0x00, 0x00, 0x00, 0x00, 0x00, 0x00, 0x00, 0x00, 0x00, 0x00, 0x00, 0x00,
    0x00, 0x00, 0x00, 0x00, 0x00, 0x00, 0x00, 0x00, 0x00, 0x00, 0x20, 0x00, 0x00, 0x00, 0x07, 0x00,
    0x00, 0x00, 0x0F, 0x00, 0x00, 0x00, 0x02, 0xFC, 0x00, 0x00, 0x00, 0xF8, 0x00, 0x00, 0x01, 0xFF,
    0x00, 0x00, 0x00, 0x07, 0xC0, 0x00, 0x00, 0x7E, 0x00, 0x00, 0xFC, 0x00, 0x2E, 0x00, 0x00, 0x01,
    0x00, 0x00, 0x0F, 0x80, 0x00, 0xF0, 0x00, 0x00, 0x00, 0x00, 0x00, 0xF0, 0x00, 0x06, 0x00, 0x00,
    0x00, 0x00, 0x00, 0x1F, 0x00, 0x00, 0x00, 0x00, 0x00, 0x00, 0x00, 0x02, 0xD0, 0x00, 0x00, 0x00,
    0x00, 0x00, 0x00, 0x00, 0x2C, 0x00, 0x00, 0x00, 0x00, 0x00, 0x02, 0xE0, 0x02, 0xF0, 0x00, 0x02,
    0xF4, 0x07, 0xD0, 0x00, 0x00, 0xFF, 0xFF, 0x80, 0x00, 0x00, 0x2F, 0xFD, 0x00, 0x00, 0x00, 0x00,
    0x00, 0x00, 0x00, 0x00, 0x00, 0x00, 0x00, 0x00, 0xBC, 0x00, 0x00, 0xFD, 0x00, 0xB8, 0x00, 0x02,
    0xFD, 0x00, 0xF8, 0x00, 0x07, 0xFC, 0x00, 0xF4, 0x00, 0x0F, 0xFC, 0x01, 0xF0, 0x00, 0x3E, 0xF8,
    0x02, 0xF0, 0x00, 0xBC, 0xF4, 0x03, 0xE0, 0x01, 0xF0, 0xF0, 0x03, 0xD0, 0x03, 0xD1, 0xF0, 0x03,
    0xC0, 0x0F, 0x82, 0xF0, 0x07, 0xC0, 0x2F, 0x03, 0xE0, 0x0B, 0xC0, 0x7C, 0x03, 0xD0, 0x0F, 0x81,
    0xF4, 0x07, 0xC0, 0x0F, 0x43, 0xE0, 0x07, 0xC0, 0x1F, 0x0F, 0xC0, 0x0B, 0xC0, 0x1F, 0x2F, 0x00,
    0x0F, 0x80, 0x2E, 0x7D, 0x00, 0x0F, 0x40, 0x3E, 0xF8, 0x00, 0x1F, 0x00, 0x3F, 0xF0, 0x00, 0x2F,
    0x00, 0x7F, 0xC0, 0x00, 0x2F, 0x50, 0xBF, 0x40, 0x00, 0x3F, 0xF0, 0xBE, 0x00, 0x00, 0x3F, 0xD0,
    0x00, 0x00, 0x00, 0x03, 0xC0, 0x00, 0x00, 0x00, 0x0F, 0x80, 0x00, 0x00, 0x00, 0x1F, 0x00, 0x00,
    0x00, 0x00, 0x3E, 0x00, 0x00, 0x00, 0x00, 0xBC, 0x00, 0x00, 0x00, 0x00, 0xA4, 0x00, 0x00, 0x28,
    0x00, 0x28, 0x00, 0x7C, 0x00, 0x7C, 0x00, 0x3E, 0x02, 0xF8, 0x00, 0x2F, 0xFF, 0xF0, 0x00, 0x07,
    0xFE, 0x40, 0x00, 0x00, 0x00, 0x00, 0x00, 0x00, 0x00, 0x00, 0x03, 0xD0, 0x00, 0xBC, 0x07, 0xC0,
    0x00, 0xF8, 0x0B, 0xC0, 0x00, 0xF8, 0x0F, 0xC0, 0x00, 0xF4, 0x0F, 0x80, 0x01, 0xF0, 0x0F, 0x40,
    0x02, 0xF0, 0x1F, 0x00, 0x03, 0xE0, 0x2F, 0x00, 0x03, 0xD0, 0x3F, 0x00, 0x07, 0xD0, 0x3E, 0x00,
    0x0F, 0xC0, 0x3D, 0x00, 0x0F, 0xC0, 0x7C, 0x00, 0x3F, 0x80, 0x7D, 0x00, 0xBF, 0x40, 0x3F, 0x47,
    0xDF, 0x94, 0x2F, 0xFF, 0x4F, 0xF0, 0x0B, 0xF8, 0x1F, 0xF0, 0x00, 0x00, 0x02, 0xD0, 0x00, 0x00,
    0x03, 0xC0, 0x00, 0x00, 0x0F, 0x40, 0x00, 0x00, 0x1F, 0x00, 0x00, 0x00, 0x3E, 0x00, 0x00, 0xBC,
    0x00, 0x00, 0x0B, 0xC0, 0x00, 0x05, 0xFD, 0x54, 0x01, 0xFF, 0xFF, 0x80, 0x2F, 0xFF, 0xF4, 0x00,
    0x2F, 0x00, 0x00, 0x03, 0xF0, 0x00, 0x00, 0x3E, 0x00, 0x00, 0x03, 0xD0, 0x00, 0x00, 0x7F, 0xFF,
    0x80, 0x0B, 0xFF, 0xFF, 0x00, 0xFC, 0x06, 0xFC, 0x0F, 0x80, 0x0B, 0xD0, 0xF4, 0x00, 0x3D, 0x1F,
    0x00, 0x03, 0xD2, 0xF0, 0x00, 0x7D, 0x3F, 0x00, 0x0B, 0xC3, 0xE0, 0x01, 0xF8, 0x7D, 0x01, 0xFF,
    0x07, 0xFF, 0xFF, 0x80, 0xBF, 0xFE, 0x80, 0x00, 0x00, 0x64, 0x00, 0x00, 0x3E, 0x00, 0x00, 0x0F,
    0x80, 0x00, 0x07, 0xD0, 0x00, 0x2F, 0xFF, 0xF0, 0x0F, 0xFF, 0xF8, 0x00, 0x3E, 0x00, 0x00, 0x0F,
    0x40, 0x00, 0x07, 0xC0, 0x00, 0x02, 0xF0, 0x00, 0x00, 0xF8, 0x00, 0x00, 0x3D, 0x00, 0x00, 0x0F,
    0x40, 0x00, 0x07, 0xFF, 0xFD, 0x02, 0xFF, 0xFF, 0xE0, 0xFD, 0x01, 0xFC, 0x3D, 0x00, 0x1F, 0x4F,
    0x40, 0x03, 0xD3, 0xD0, 0x00, 0xF4, 0xF8, 0x00, 0xBC, 0x3F, 0x81, 0xBE, 0x03, 0xFF, 0xFE, 0x00,
    0x2F, 0xF8, 0x00, 0x00, 0x7F, 0xFF, 0x40, 0x00, 0xBF, 0xFF, 0xF0, 0x00, 0xF8, 0x06, 0xFC, 0x00,
    0xF4, 0x00, 0xBD, 0x01, 0xF4, 0x00, 0x3D, 0x02, 0xF0, 0x00, 0x3E, 0x02, 0xF0, 0x00, 0x3E, 0x03,
    0xE0, 0x00, 0x7D, 0x03, 0xD0, 0xB4, 0xFC, 0x07, 0xD0, 0x7E, 0xF8, 0x0B, 0xC0, 0x7F, 0xF0, 0x0F,
    0xFF, 0xFF, 0x80, 0x0F, 0xFF, 0xFF, 0x00, 0x0F, 0x40, 0x0B, 0x80, 0x1F, 0x00, 0x03, 0x40, 0x2F,
    0x00, 0x00, 0x00, 0x3F, 0x00, 0x00, 0x00, 0x3E, 0x00, 0x00, 0x00, 0x7D, 0x00, 0x00, 0x00, 0x7C,
    0x00, 0x00, 0x00, 0xBC, 0x00, 0x00, 0x00, 0x00, 0x3C, 0x0B, 0xF4, 0x00, 0x0F, 0x1F, 0xFF, 0x40,
    0x07, 0xDE, 0x47, 0xF0, 0x02, 0xFE, 0x00, 0x7D, 0x00, 0xFE, 0x00, 0x0F, 0x40, 0x3F, 0x00, 0x03,
    0xD0, 0x0F, 0x80, 0x00, 0xF4, 0x07, 0xC0, 0x00, 0x7D, 0x02, 0xF0, 0x00, 0x2F, 0x00, 0xFC, 0x00,
    0x0F, 0xC0, 0x3E, 0x01, 0x03, 0xE0, 0x1F, 0x83, 0xD3, 0xF0, 0x07, 0xF0, 0x7E, 0xF8, 0x02, 0xFF,
    0x4F, 0xFC, 0x00, 0xF9, 0xFF, 0xFC, 0x00, 0x3D, 0x1F, 0xFE, 0x00, 0x1F, 0x00, 0x03, 0xC0, 0x0B,
    0xC0, 0x00, 0xB4, 0x02, 0xF0, 0x00, 0x04, 0x00, 0xF8, 0x00, 0x00, 0x00, 0x3D, 0x00, 0x00, 0x00,
    0x1F, 0x00, 0x00, 0x00, 0x0B, 0xC0, 0x00, 0x00, 0x00, 0x00, 0x00, 0x00, 0x19, 0x00, 0x00, 0x00,
    0x2F, 0x00, 0x00, 0x00, 0x3E, 0x00, 0x00, 0x00, 0x3D, 0x00, 0x00, 0x00, 0x7C, 0x00, 0xBF, 0xFF,
    0xFC, 0x00, 0xBF, 0xFF, 0xF8, 0x00, 0xF8, 0x00, 0x00, 0x00, 0xF4, 0x00, 0x00, 0x01, 0xF0, 0x00,
    0x00, 0x02, 0xF0, 0x00, 0x00, 0x03, 0xF0, 0x00, 0x00, 0x03, 0xE0, 0x00, 0x00, 0x03, 0xD0, 0x00,
    0x00, 0x07, 0xC0, 0x00, 0x00, 0x0B, 0xC0, 0x00, 0x00, 0x0F, 0xC0, 0x00, 0x00, 0x0F, 0x80, 0x00,
    0x00, 0x0F, 0x40, 0x00, 0x00, 0x1F, 0x00, 0x00, 0x00, 0x2F, 0x00, 0x00, 0x00, 0x3E, 0x00, 0x00,
    0x00, 0x3E, 0x00, 0x00, 0x00, 0x7D, 0x00, 0x00, 0x00, 0x7C, 0x00, 0x00, 0x00, 0xBC, 0x00, 0x00,
    0x00, 0x00, 0x00, 0x02, 0x80, 0x00, 0x00, 0x7C, 0x00, 0x00, 0x0B, 0xC0, 0x00, 0x00, 0xFC, 0x00,
    0x00, 0x0F, 0x80, 0x0F, 0xFF, 0xF4, 0x00, 0xFF, 0xFF, 0x00, 0x1F, 0x40, 0x00, 0x02, 0xF0, 0x00,
    0x00, 0x3F, 0x00, 0x00, 0x03, 0xE0, 0x00, 0x00, 0x3D, 0x00, 0x00, 0x07, 0xC0, 0x00, 0x00, 0xBC,
    0x00, 0x00, 0x0F, 0x80, 0x00, 0x00, 0xF8, 0x00, 0x00, 0x1F, 0x40, 0x00, 0x01, 0xF0, 0x00, 0x00,
    0x2F, 0x00, 0x00, 0x03, 0xE0, 0x00, 0x00, 0x3D, 0x00, 0x00, 0x00, 0x00, 0xBF, 0xFF, 0xFC, 0x00,
    0xBF, 0xFF, 0xF8, 0x00, 0xF8, 0x00, 0x00, 0x00, 0xF4, 0x00, 0x00, 0x01, 0xF0, 0x00, 0x00, 0x02,
    0xF0, 0x00, 0x00, 0x02, 0xF0, 0x00, 0x00, 0x03, 0xE0, 0x00, 0x00, 0x03, 0xD0, 0x00, 0x00, 0x07,
    0xD0, 0x00, 0x00, 0xBF, 0xFF, 0xE0, 0x00, 0xFF, 0xFF, 0xD0, 0x00, 0x0F, 0x80, 0x00, 0x00, 0x0F,
    0x40, 0x00, 0x00, 0x1F, 0x00, 0x00, 0x00, 0x2F, 0x00, 0x00, 0x00, 0x3F, 0x00, 0x00, 0x00, 0x3E,
    0x00, 0x00, 0x00, 0x7D, 0x00, 0x00, 0x00, 0x7C, 0x00, 0x00, 0x00, 0xBC, 0x00, 0x00, 0x00, 0x00,
    0xFF, 0xFF, 0x40, 0x3F, 0xFF, 0xC0, 0x1F, 0x00, 0x00, 0x0B, 0xC0, 0x00, 0x03, 0xE0, 0x00, 0x00,
    0xF8, 0x00, 0x00, 0x3D, 0x00, 0x02, 0xFF, 0xFF, 0x00, 0xBF, 0xFF, 0xC0, 0x03, 0xF0, 0x00, 0x00,
    0xF8, 0x00, 0x00, 0x3D, 0x00, 0x00, 0x1F, 0x00, 0x00, 0x0B, 0xC0, 0x00, 0x03, 0xE0, 0x00, 0x00,
    0xF4, 0x00, 0x00, 0x00, 0x7F, 0xFF, 0xFC, 0x00, 0xBF, 0xFF, 0xFC, 0x00, 0xF8, 0x00, 0x00, 0x00,
    0xF4, 0x00, 0x00, 0x01, 0xF0, 0x00, 0x00, 0x02, 0xF0, 0x00, 0x00, 0x02, 0xF0, 0x00, 0x00, 0x03,
    0xE0, 0x00, 0x00, 0x03, 0xD0, 0x00, 0x00, 0x07, 0xFF, 0xE4, 0x00, 0x0B, 0xFF, 0xFE, 0x00, 0x0F,
    0x80, 0x7F, 0xC0, 0x0F, 0x40, 0x0F, 0xD0, 0x0F, 0x40, 0x03, 0xF0, 0x1F, 0x00, 0x02, 0xF0, 0x2F,
    0x00, 0x01, 0xF4, 0x3E, 0x00, 0x01, 0xF4, 0x3E, 0x00, 0x01, 0xF4, 0x7D, 0x00, 0x01, 0xF4, 0x7C,
    0x00, 0x02, 0xF0, 0xBC, 0x00, 0x03, 0xF0, 0x00, 0x00, 0x03, 0xE0, 0x00, 0x00, 0x0B, 0xD0, 0x00,
    0x00, 0x1F, 0xC0, 0x00, 0x00, 0x7F, 0x00, 0x24, 0x06, 0xFD, 0x00, 0x3F, 0xFF, 0xF0, 0x00, 0x1B,
    0xFE, 0x40, 0x00, 0x00, 0xFF, 0xFF, 0x80, 0x3F, 0xFF, 0xD0, 0x1F, 0x40, 0x00, 0x0B, 0xC0, 0x00,
    0x03, 0xF0, 0x00, 0x00, 0xF8, 0x00, 0x00, 0x3D, 0x00, 0x00, 0x1F, 0xFF, 0x80, 0x0B, 0xFF, 0xFC,
    0x03, 0xF0, 0x2F, 0x80, 0xF8, 0x03, 0xF0, 0x7D, 0x00, 0x7D, 0x1F, 0x00, 0x0F, 0x4B, 0xC0, 0x03,
    0xD3, 0xE0, 0x00, 0xF4, 0xF4, 0x00, 0x7D, 0x00, 0x00, 0x2F, 0x00, 0x00, 0x0F, 0xC0, 0x00, 0x07,
    0xD0, 0x00, 0x03, 0xF0, 0x09, 0x0B, 0xF4, 0x03, 0xFF, 0xF4, 0x00, 0xBF, 0xE0, 0x00, 0x00, 0x2F,
    0x00, 0x03, 0xD0, 0x00, 0xFC, 0x00, 0x0F, 0x80, 0x07, 0xC0, 0x03, 0xF0, 0x00, 0x0B, 0xC0, 0x07,
    0xC0, 0x0F, 0xD0, 0x00, 0x03, 0xE0, 0x0B, 0xC0, 0x2F, 0x40, 0x00, 0x02, 0xF0, 0x0F, 0x80, 0xBE,
    0x00, 0x00, 0x00, 0xF8, 0x0F, 0x41, 0xF8, 0x00, 0x00, 0x00, 0xBC, 0x1F, 0x07, 0xE0, 0x00, 0x00,
    0x00, 0x3E, 0x2F, 0x0F, 0xC0, 0x00, 0x00, 0x00, 0x2F, 0x2F, 0x3F, 0x00, 0x00, 0x00, 0x00, 0x0F,
    0xBE, 0xFC, 0x00, 0x00, 0x00, 0x00, 0x0F, 0xFF, 0xF4, 0x00, 0x00, 0x00, 0x00, 0x3F, 0xBD, 0xF4,
    0x00, 0x00, 0x00, 0x00, 0xFD, 0xBC, 0xFC, 0x00, 0x00, 0x00, 0x03, 0xF4, 0xF8, 0x7D, 0x00, 0x00,
    0x00, 0x0B, 0xD0, 0xF8, 0x3F, 0x00, 0x00, 0x00, 0x2F, 0x80, 0xF4, 0x1F, 0x40, 0x00, 0x00, 0x7E,
    0x01, 0xF0, 0x0F, 0xC0, 0x00, 0x01, 0xFC, 0x02, 0xF0, 0x07, 0xD0, 0x00, 0x07, 0xF0, 0x03, 0xE0,
    0x03, 0xF0, 0x00, 0x0F, 0xC0, 0x03, 0xD0, 0x01, 0xFF, 0x80, 0x3F, 0x00, 0x07, 0xD0, 0x00, 0xFF,
    0x40, 0x00, 0x00, 0x00, 0x00, 0x00, 0x1F, 0x00, 0x00, 0x00, 0x00, 0x00, 0x00, 0x2F, 0x00, 0x00,
    0x00, 0x00, 0x00, 0x00, 0x3F, 0x00, 0x00, 0x00, 0x00, 0x00, 0x00, 0x3E, 0x00, 0x00, 0x00, 0x00,
    0x00, 0x00, 0x3D, 0x00, 0x00, 0x00, 0x00, 0x00, 0x00, 0x7C, 0x00, 0x03, 0xFE, 0x00, 0x0F, 0x00,
    0x1B, 0xF4, 0x0F, 0xFF, 0x00, 0x7C, 0x02, 0xFF, 0xC0, 0x00, 0xBD, 0x02, 0xE0, 0x2F, 0x90, 0x00,
    0x00, 0xFC, 0x0F, 0x81, 0xF8, 0x00, 0x00, 0x02, 0xF0, 0x3D, 0x0F, 0xC0, 0x00, 0x00, 0x07, 0xC0,
    0xF0, 0x7D, 0x00, 0x00, 0x00, 0x1F, 0x07, 0xC3, 0xF0, 0x00, 0x00, 0x00, 0xBF, 0xFF, 0xFF, 0x80,
    0x00, 0x00, 0x03, 0xFF, 0xFF, 0xFD, 0x00, 0x00, 0x00, 0x0F, 0x83, 0xD0, 0xF4, 0x00, 0x00, 0x00,
    0x7D, 0x0F, 0x03, 0xD0, 0x00, 0x00, 0x03, 0xF0, 0x7C, 0x0F, 0x80, 0x00, 0x00, 0x2F, 0x42, 0xE0,
    0x3F, 0x00, 0x00, 0x07, 0xF8, 0x0F, 0x40, 0xBE, 0x04, 0x03, 0xFF, 0x80, 0x3C, 0x00, 0xFF, 0xF0,
    0x1F, 0xE0, 0x01, 0xF0, 0x00, 0xBF, 0xC0, 0x00, 0x00, 0x00, 0x00, 0x00, 0x3E, 0x00, 0x00, 0x00,
    0x00, 0x00, 0x00, 0xF4, 0x00, 0x00, 0x00, 0x00, 0x00, 0x07, 0xC0, 0x00, 0x00, 0x00, 0x00, 0x00,
    0x2F, 0x00, 0x00, 0x00, 0x00, 0x00, 0x00, 0xB8, 0x00, 0x00, 0x1B, 0xFF, 0x40, 0x00, 0xBF, 0xFF,
    0xF0, 0x00, 0x35, 0x06, 0xFC, 0x00, 0x00, 0x00, 0xBD, 0x00, 0x00, 0x00, 0x3E, 0x00, 0x00, 0x00,
    0x3E, 0x00, 0x00, 0x00, 0x7D, 0x00, 0x00, 0x00, 0xFC, 0x00, 0x00, 0x07, 0xF0, 0x00, 0x3F, 0xFF,
    0x80, 0x00, 0x3F, 0xFE, 0x00, 0x00, 0x00, 0x1F, 0xC0, 0x00, 0x00, 0x03, 0xF0, 0x00, 0x00, 0x01,
    0xF0, 0x00, 0x00, 0x01, 0xF0, 0x00, 0x00, 0x02, 0xF0, 0x00, 0x00, 0x03, 0xF0, 0x00, 0x00, 0x0B,
    0xD0, 0x79, 0x00, 0x7F, 0x80, 0x7F, 0xFF, 0xFE, 0x00, 0x1B, 0xFF, 0xE0, 0x00, 0x00, 0x2D, 0x00,
    0x00, 0x00, 0x1E, 0x00, 0x00, 0x00, 0x1F, 0x00, 0x00, 0x00, 0x2F, 0x00, 0x00, 0x07, 0xFD, 0x00,
    0x00, 0x07, 0xF4, 0x00, 0x00, 0x00, 0x00, 0x00, 0x00, 0x01, 0xBF, 0xE0, 0x02, 0xFF, 0xFF, 0x00,
    0x34, 0x0B, 0xE0, 0x00, 0x00, 0xFC, 0x00, 0x00, 0x2F, 0x00, 0x00, 0x0F, 0x80, 0x00, 0x1F, 0xC0,
    0x03, 0xFF, 0x80, 0x01, 0xFF, 0xE0, 0x00, 0x00, 0x7E, 0x00, 0x00, 0x0B, 0xC0, 0x00, 0x02, 0xF0,
    0x00, 0x00, 0xFC, 0x39, 0x01, 0xFD, 0x0F, 0xFF, 0xFD, 0x00, 0xBF, 0xF8, 0x00, 0x00, 0xB4, 0x00,
    0x00, 0x1E, 0x00, 0x00, 0x07, 0xC0, 0x00, 0x02, 0xE0, 0x00, 0x1F, 0xF4, 0x00, 0x07, 0xF4, 0x00,
    0x00, 0x00, 0x00, 0x00, 0x00, 0x7C, 0x00, 0x0B, 0xE0, 0x02, 0xF0, 0x00, 0x7E, 0x00, 0x0F, 0x80,
    0x07, 0xE0, 0x00, 0x3E, 0x00, 0x7E, 0x00, 0x01, 0xF4, 0x07, 0xE0, 0x00, 0x0B, 0xC0, 0x7E, 0x00,
    0x00, 0x2F, 0x07, 0xF0, 0x00, 0x00, 0xF8, 0x3F, 0x00, 0x00, 0x03, 0xD3, 0xF0, 0x00, 0x00, 0x1F,
    0x7F, 0x00, 0x00, 0x00, 0xBF, 0xF0, 0x00, 0x00, 0x03, 0xFB, 0xD0, 0x00, 0x00, 0x0F, 0x8F, 0xC0,
    0x00, 0x00, 0x3D, 0x1F, 0x40, 0x00, 0x01, 0xF0, 0x2F, 0x00, 0x00, 0x0B, 0xC0, 0x3E, 0x00, 0x00,
    0x3F, 0x00, 0x7D, 0x00, 0x00, 0xF8, 0x00, 0xFC, 0x00, 0x07, 0xD0, 0x00, 0xF8, 0x00, 0x1F, 0x00,
    0x02, 0xFF, 0x00, 0xBC, 0x00, 0x03, 0xFC, 0x00, 0x00, 0x00, 0x03, 0xF0, 0x00, 0x00, 0x00, 0x0F,
    0x80, 0x00, 0x00, 0x00, 0x3D, 0x00, 0x00, 0x00, 0x01, 0xF0, 0x00, 0x00, 0x00, 0x0B, 0xC0, 0x00,
    0x00, 0x00, 0x3E, 0x00, 0x00, 0x00, 0xF8, 0x00, 0xFC, 0x00, 0xF4, 0x03, 0xF0, 0x01, 0xF0, 0x0F,
    0xC0, 0x02, 0xF0, 0x3F, 0x00, 0x03, 0xE0, 0xFC, 0x00, 0x03, 0xE3, 0xF0, 0x00, 0x03, 0xDF, 0xC0,
    0x00, 0x07, 0xFF, 0x00, 0x00, 0x0B, 0xFF, 0x00, 0x00, 0x0F, 0x8F, 0x80, 0x00, 0x0F, 0x8B, 0xC0,
    0x00, 0x1F, 0x43, 0xF0, 0x00, 0x1F, 0x00, 0xF8, 0x00, 0x2F, 0x00, 0xBC, 0x00, 0x3E, 0x00, 0x3F,
    0xF0, 0x3D, 0x00, 0x1F, 0xF0, 0x00, 0x00, 0x03, 0xE0, 0x00, 0x00, 0x03, 0xD0, 0x00, 0x00, 0x07,
    0xC0, 0x00, 0x00, 0x0B, 0xC0, 0x00, 0x00, 0x0B, 0x80, 0x00, 0x00, 0x0F, 0x80, 0x00, 0x7C, 0x00,
    0x0B, 0xE0, 0x02, 0xF0, 0x00, 0xBE, 0x00, 0x0F, 0x80, 0x07, 0xE0, 0x00, 0x3D, 0x04, 0x7E, 0x00,
    0x01, 0xF4, 0xBB, 0xE0, 0x00, 0x0B, 0xC3, 0xFE, 0x00, 0x00, 0x2F, 0x0F, 0xE0, 0x00, 0x00, 0xF8,
    0x7E, 0x00, 0x00, 0x03, 0xD7, 0xF0, 0x00, 0x00, 0x1F, 0x7F, 0x40, 0x00, 0x00, 0xBF, 0xFC, 0x00,
    0x00, 0x03, 0xFB, 0xF0, 0x00, 0x00, 0x0F, 0x8F, 0xC0, 0x00, 0x00, 0x3D, 0x2F, 0x80, 0x00, 0x01,
    0xF0, 0xBF, 0x00, 0x00, 0x0B, 0xC3, 0xFF, 0x00, 0x00, 0x3F, 0x0F, 0x7D, 0x00, 0x00, 0xF8, 0x00,
    0xFC, 0x00, 0x07, 0xD0, 0x01, 0xF8, 0x00, 0x1F, 0x00, 0x02, 0xF4, 0x00, 0xBC, 0x00, 0x03, 0xF0,
    0x00, 0x00, 0xF8, 0x00, 0xBD, 0x00, 0xF5, 0xD3, 0xF0, 0x01, 0xF2, 0xDF, 0xC0, 0x02, 0xF3, 0xFF,
    0x00, 0x03, 0xE3, 0xFC, 0x00, 0x03, 0xD7, 0xE0, 0x00, 0x07, 0xDF, 0x80, 0x00, 0x07, 0xFF, 0x00,
    0x00, 0x0B, 0xDF, 0x00, 0x00, 0x0F, 0x8F, 0xC0, 0x00, 0x0F, 0x5F, 0xD0, 0x00, 0x1F, 0x2F, 0xF0,
    0x00, 0x1F, 0x2D, 0xF8, 0x00, 0x2F, 0x3C, 0xBD, 0x00, 0x3E, 0x00, 0x3F, 0x00, 0x3D, 0x00, 0x1F,
    0x80, 0x00, 0xBC, 0x00, 0x0B, 0xE0, 0x02, 0xF0, 0x00, 0xBE, 0x00, 0x5F, 0xD4, 0x0B, 0xE0, 0x03,
    0xFF, 0xF0, 0x7E, 0x00, 0x1F, 0xFF, 0xC7, 0xE0, 0x00, 0x0B, 0xC0, 0x7E, 0x00, 0x00, 0x2F, 0x07,
    0xE0, 0x00, 0x00, 0xF8, 0x7E, 0x00, 0x00, 0x03, 0xD7, 0xE0, 0x00, 0x00, 0x1F, 0x7E, 0x00, 0x00,
    0x00, 0xBF, 0xF0, 0x00, 0x00, 0x03, 0xFB, 0xD0, 0x00, 0x00, 0x0F, 0x8F, 0xC0, 0x00, 0x00, 0x3D,
    0x1F, 0x80, 0x00, 0x01, 0xF0, 0x2F, 0x00, 0x00, 0x0B, 0xC0, 0x3F, 0x00, 0x00, 0x3E, 0x00, 0xBD,
    0x00, 0x00, 0xF8, 0x00, 0xFC, 0x00, 0x07, 0xD0, 0x01, 0xF8, 0x00, 0x1F, 0x00, 0x02, 0xF4, 0x00,
    0xBC, 0x00, 0x03, 0xF0, 0x00, 0x00, 0x19, 0x00, 0x00, 0x00, 0x2F, 0x00, 0x00, 0x00, 0x3E, 0x00,
    0x00, 0x07, 0xFF, 0xFC, 0x00, 0x0B, 0xFF, 0xFC, 0x00, 0x00, 0xBC, 0x00, 0x00, 0x00, 0xFC, 0x00,
    0x00, 0x00, 0xF8, 0x00, 0xFC, 0x00, 0xF4, 0x03, 0xF0, 0x01, 0xF0, 0x0F, 0xC0, 0x02, 0xF0, 0x3F,
    0x00, 0x03, 0xE0, 0xFC, 0x00, 0x03, 0xE3, 0xF0, 0x00, 0x03, 0xDF, 0xC0, 0x00, 0x07, 0xFF, 0x40,
    0x00, 0x0B, 0xEF, 0x00, 0x00, 0x0F, 0x8F, 0xC0, 0x00, 0x0F, 0x87, 0xD0, 0x00, 0x1F, 0x43, 0xF0,
    0x00, 0x1F, 0x00, 0xFC, 0x00, 0x2F, 0x00, 0xBD, 0x00, 0x3E, 0x00, 0x3F, 0x00, 0x3D, 0x00, 0x1F,
    0x80, 0x3F, 0xFF, 0x40, 0x01, 0xF8, 0x3F, 0xFF, 0x00, 0x07, 0xE0, 0x00, 0x3F, 0x00, 0x1F, 0x80,
    0x00, 0x3E, 0x00, 0x7E, 0x00, 0x00, 0x3D, 0x01, 0xF8, 0x00, 0x00, 0x7C, 0x07, 0xE0, 0x00, 0x00,
    0xBC, 0x1F, 0x80, 0x00, 0x00, 0xFC, 0x7E, 0x00, 0x00, 0x00, 0xF9, 0xF8, 0x00, 0x00, 0x01, 0xFB,
    0xE0, 0x00, 0x00, 0x01, 0xFF, 0xC0, 0x00, 0x00, 0x02, 0xF7, 0xE0, 0x00, 0x00, 0x03, 0xE2, 0xF0,
    0x00, 0x00, 0x03, 0xD0, 0xFC, 0x00, 0x00, 0x07, 0xD0, 0x7D, 0x00, 0x00, 0x0B, 0xC0, 0x3F, 0x00,
    0x00, 0x0B, 0xC0, 0x1F, 0x80, 0x00, 0x0F, 0x80, 0x0B, 0xD0, 0x00, 0x0F, 0x40, 0x03, 0xF0, 0x00,
    0x1F, 0x40, 0x01, 0xF8, 0x00, 0x2F, 0x00, 0x00, 0xFC, 0x00, 0xBF, 0xFF, 0x00, 0x2F, 0x7F, 0xFF,
    0xC0, 0x2F, 0x40, 0x03, 0xE0, 0x2F, 0x40, 0x01, 0xF4, 0x2F, 0x40, 0x00, 0x7C, 0x2F, 0x40, 0x00,
    0x2F, 0x2F, 0x40, 0x00, 0x0F, 0xAF, 0x40, 0x00, 0x03, 0xFF, 0x40, 0x00, 0x01, 0xFB, 0xD0, 0x00,
    0x00, 0x7C, 0xBC, 0x00, 0x00, 0x2F, 0x0F, 0x80, 0x00, 0x0F, 0x81, 0xF4, 0x00, 0x03, 0xD0, 0x3F,
    0x00, 0x01, 0xF4, 0x03, 0xE0, 0x00, 0x7C, 0x00, 0xBD, 0x00, 0x2F, 0x00, 0x0F, 0xC0, 0x00, 0x7C,
    0x00, 0x00, 0xBC, 0x02, 0xF0, 0x00, 0x03, 0xE0, 0x0F, 0x80, 0x00, 0x0F, 0x40, 0x3D, 0x00, 0x00,
    0x7C, 0x01, 0xF4, 0x00, 0x02, 0xF0, 0x0B, 0xC0, 0x00, 0x0F, 0xC0, 0x2F, 0x00, 0x00, 0x3E, 0x00,
    0xF8, 0x00, 0x00, 0xF4, 0x03, 0xD0, 0x00, 0x07, 0xC0, 0x1F, 0xFF, 0xFF, 0xFF, 0x00, 0xBF, 0xFF,
    0xFF, 0xFC, 0x03, 0xF5, 0x55, 0x57, 0xE0, 0x0F, 0x80, 0x00, 0x0F, 0x40, 0x3D, 0x00, 0x00, 0x7C,
    0x01, 0xF0, 0x00, 0x02, 0xF0, 0x0B, 0xC0, 0x00, 0x0F, 0xC0, 0x3F, 0x00, 0x00, 0x3E, 0x00, 0xF8,
    0x00, 0x01, 0xF4, 0x07, 0xD0, 0x00, 0x07, 0xC0, 0x1F, 0x00, 0x00, 0x2F, 0xF4, 0xBC, 0x00, 0x00,
    0xFF, 0xC0, 0x00, 0x00, 0x00, 0x2F, 0x00, 0x00, 0x00, 0x00, 0xFC, 0x00, 0x00, 0x00, 0x03, 0xE0,
    0x00, 0x00, 0x00, 0x0F, 0x40, 0x00, 0x00, 0x00, 0x7C, 0x00, 0x00, 0x00, 0x02, 0xF0, 0x00, 0x00,
    0xF8, 0x00, 0x0F, 0x80, 0x3D, 0x00, 0x03, 0xD0, 0x1F, 0x00, 0x01, 0xF0, 0x0B, 0xC0, 0x00, 0xBC,
    0x03, 0xF0, 0x00, 0x3E, 0x00, 0xF8, 0x00, 0x0F, 0x80, 0x3E, 0x00, 0x07, 0xD0, 0x1F, 0xFF, 0xFF,
    0xF0, 0x0B, 0xFF, 0xFF, 0xFC, 0x03, 0xF0, 0x00, 0x3E, 0x00, 0xF8, 0x00, 0x0F, 0x80, 0x7D, 0x00,
    0x07, 0xD0, 0x1F, 0x00, 0x02, 0xF0, 0x0B, 0xC0, 0x00, 0xBC, 0x03, 0xE0, 0x00, 0x3F, 0xF0, 0xF4,
    0x00, 0x0F, 0xF8, 0x00, 0x00, 0x00, 0x3D, 0x00, 0x00, 0x00, 0x1F, 0x00, 0x00, 0x00, 0x0B, 0xC0,
    0x00, 0x00, 0x03, 0xF0, 0x00, 0x00, 0x00, 0xF8, 0x00, 0x00, 0x00, 0x3D, 0x00, 0x00, 0xBC, 0x00,
    0x00, 0xBF, 0xFE, 0x00, 0xBC, 0x00, 0x00, 0xFF, 0xFD, 0x00, 0xF8, 0x00, 0x00, 0xF4, 0x00, 0x00,
    0xF4, 0x00, 0x01, 0xF0, 0x00, 0x01, 0xF4, 0x00, 0x02, 0xF0, 0x00, 0x02, 0xF0, 0x00, 0x03, 0xE0,
    0x00, 0x03, 0xF0, 0x00, 0x03, 0xE0, 0x00, 0x03, 0xE0, 0x00, 0x03, 0xD0, 0x00, 0x03, 0xD0, 0x00,
    0x07, 0xC0, 0x00, 0x07, 0xFF, 0xFF, 0xFF, 0xC0, 0x00, 0x0B, 0xFF, 0xFF, 0xFF, 0x80, 0x00, 0x0F,
    0xD5, 0x55, 0x5F, 0x40, 0x00, 0x0F, 0x80, 0x00, 0x1F, 0x40, 0x00, 0x0F, 0x40, 0x00, 0x1F, 0x00,
    0x00, 0x1F, 0x00, 0x00, 0x2F, 0x00, 0x00, 0x2F, 0x00, 0x00, 0x3E, 0x00, 0x00, 0x3E, 0x00, 0x00,
    0x3D, 0x00, 0x00, 0x3E, 0x00, 0x00, 0x7C, 0x00, 0x00, 0x7D, 0x00, 0x00, 0xBC, 0x00, 0x00, 0x7C,
    0x00, 0x00, 0xBC, 0x00, 0x00, 0xBC, 0x00, 0x00, 0xF8, 0x00, 0x00, 0x00, 0xF8, 0x00, 0x0F, 0xFF,
    0xE0, 0x0F, 0x40, 0x00, 0xFF, 0xFD, 0x01, 0xF0, 0x00, 0x1F, 0x00, 0x00, 0x2F, 0x00, 0x02, 0xF0,
    0x00, 0x03, 0xF0, 0x00, 0x3E, 0x00, 0x00, 0x3E, 0x00, 0x03, 0xD0, 0x00, 0x03, 0xE0, 0x00, 0x7D,
    0x00, 0x00, 0x7F, 0xFF, 0xFF, 0xC0, 0x00, 0x0B, 0xFF, 0xFF, 0xFC, 0x00, 0x00, 0xFC, 0x00, 0x0F,
    0x80, 0x00, 0x0F, 0x80, 0x00, 0xF4, 0x00, 0x01, 0xF4, 0x00, 0x1F, 0x40, 0x00, 0x1F, 0x00, 0x02,
    0xF0, 0x00, 0x02, 0xF0, 0x00, 0x2F, 0x00, 0x00, 0x3E, 0x00, 0x03, 0xE0, 0x00, 0x03, 0xD0, 0x00,
    0x3D, 0x00, 0x00, 0x00, 0x7F, 0xFF, 0xFF, 0xF8, 0x00, 0x00, 0x0B, 0xFF, 0xFF, 0xFF, 0x40, 0x00,
    0x00, 0xF8, 0x00, 0x02, 0xF0, 0x00, 0x00, 0x0F, 0x40, 0x00, 0x3F, 0x00, 0x00, 0x01, 0xF0, 0x00,
    0x03, 0xE0, 0x00, 0x00, 0x2F, 0x00, 0x00, 0x3D, 0x00, 0x00, 0x02, 0xF0, 0x00, 0x07, 0xC0, 0x00,
    0x00, 0x3E, 0x00, 0x00, 0xBC, 0x00, 0x00, 0x03, 0xD0, 0x00, 0x0F, 0x80, 0x00, 0x00, 0x7C, 0x00,
    0x00, 0xFF, 0xFD, 0x00, 0x0B, 0xC0, 0x00, 0x1F, 0xFF, 0xFD, 0x00, 0xFC, 0x00, 0x01, 0xF0, 0x1B,
    0xF0, 0x0F, 0x80, 0x00, 0x2F, 0x00, 0x1F, 0xC0, 0xF4, 0x00, 0x03, 0xE0, 0x00, 0xBC, 0x1F, 0x00,
    0x00, 0x3D, 0x00, 0x07, 0xD2, 0xF0, 0x00, 0x07, 0xD0, 0x00, 0x3E, 0x3F, 0x00, 0x00, 0x7C, 0x00,
    0x03, 0xE3, 0xE0, 0x00, 0x0B, 0xC0, 0x00, 0x3E, 0x7D, 0x00, 0x00, 0xF8, 0x00, 0x03, 0xE7, 0xC0,
    0x00, 0x0F, 0x80, 0x00, 0x7E, 0xBC, 0x00, 0x01, 0xF4, 0x00, 0x0B, 0xD0, 0x00, 0x00, 0x00, 0x00,
    0x00, 0xFC, 0x00, 0x00, 0x00, 0x00, 0x00, 0x1F, 0x80, 0x00, 0x00, 0x00, 0x00, 0x03, 0xF0, 0x00,
    0x00, 0x00, 0x00, 0x00, 0xFE, 0x00, 0x00, 0x00, 0x06, 0x41, 0xBF, 0x80, 0x00, 0x00, 0x00, 0x7F,
    0xFF, 0xD0, 0x00, 0x00, 0x00, 0x02, 0xFF, 0xD0, 0x00, 0x00, 0xFF, 0xFF, 0xFF, 0x00, 0x00, 0x0F,
    0xFF, 0xFF, 0xF0, 0x00, 0x01, 0xF0, 0x00, 0x3E, 0x00, 0x00, 0x2F, 0x00, 0x03, 0xD0, 0x00, 0x03,
    0xE0, 0x00, 0x7C, 0x00, 0x00, 0x3E, 0x00, 0x0B, 0xC0, 0x00, 0x03, 0xD0, 0x00, 0xFC, 0x00, 0x00,
    0x7C, 0x00, 0x0F, 0xFF, 0xD0, 0x0B, 0xC0, 0x01, 0xFF, 0xFF, 0x40, 0xF8, 0x00, 0x1F, 0x41, 0xFC,
    0x0F, 0x80, 0x02, 0xF0, 0x07, 0xE1, 0xF4, 0x00, 0x3E, 0x00, 0x3F, 0x1F, 0x00, 0x03, 0xE0, 0x02,
    0xF2, 0xF0, 0x00, 0x7D, 0x00, 0x2F, 0x3E, 0x00, 0x07, 0xC0, 0x02, 0xF3, 0xD0, 0x00, 0xBC, 0x00,
    0x3F, 0x00, 0x00, 0x00, 0x00, 0x03, 0xE0, 0x00, 0x00, 0x00, 0x00, 0x7D, 0x00, 0x00, 0x00, 0x00,
    0x0F, 0xC0, 0x00, 0x00, 0x00, 0x02, 0xF4, 0x00, 0x00, 0x02, 0x41, 0xFE, 0x00, 0x00, 0x00, 0x2F,
    0xFF, 0x80, 0x00, 0x00, 0x01, 0xFF, 0x90, 0x00, 0x00, 0x01, 0xBF, 0xE0, 0x00, 0x01, 0xFF, 0xFF,
    0x00, 0x00, 0xBF, 0x40, 0x50, 0x00, 0x3F, 0x80, 0x00, 0x00, 0x0B, 0xE0, 0x01, 0xFF, 0x00, 0xFC,
    0x00, 0xBF, 0xFC, 0x2F, 0x00, 0x2F, 0x87, 0xE3, 0xF0, 0x03, 0xE0, 0x3F, 0x7D, 0x00, 0xBC, 0x03,
    0xFB, 0xC0, 0x0F, 0xC0, 0x3F, 0xBC, 0x00, 0xF8, 0x03, 0xFF, 0xC0, 0x1F, 0x40, 0x3F, 0xFC, 0x01,
    0xF4, 0x07, 0xEF, 0xC0, 0x1F, 0x40, 0xBD, 0xFC, 0x01, 0xF4, 0x0F, 0xCB, 0xD0, 0x1F, 0x42, 0xF8,
    0x7E, 0x00, 0xF8, 0x7F, 0x03, 0xF4, 0x0F, 0xDF, 0xC0, 0x0F, 0xE4, 0xBF, 0xF4, 0x00, 0x7F, 0xFF,
    0xFD, 0x04, 0x00, 0x6F, 0xFF, 0xFF, 0x80, 0x00, 0x00, 0x1B, 0xF4, 0x00, 0x1F, 0xF8, 0x00, 0x01,
    0xFF, 0xF8, 0x00, 0x07, 0xF4, 0x00, 0x00, 0x0F, 0xC0, 0x1F, 0xE0, 0x2F, 0x40, 0xBF, 0xF8, 0x3F,
    0x02, 0xF4, 0xFC, 0x3D, 0x03, 0xE0, 0x7C, 0x7C, 0x07, 0xD0, 0x7C, 0xBC, 0x0B, 0xC0, 0xBC, 0xBC,
    0x0B, 0xC0, 0xF8, 0xBC, 0x0B, 0xC1, 0xF4, 0x7D, 0x07, 0xD3, 0xF0, 0x3E, 0x03, 0xFF, 0xC0, 0x2F,
    0x83, 0xFF, 0x00, 0x0F, 0xFF, 0xFF, 0xF0, 0x01, 0xFF, 0xAF, 0xF0, 0x00, 0x00, 0x00, 0x00, 0x00,
    0x01, 0xBF, 0xF9, 0x00, 0x07, 0xFF, 0xFF, 0xC0, 0x07, 0xF9, 0x01, 0xA0, 0x07, 0xF0, 0x00, 0x00,
    0x07, 0xF0, 0x00, 0x00, 0x03, 0xF0, 0x00, 0x00, 0x01, 0xF4, 0x00, 0x00, 0x00, 0xFC, 0x00, 0x00,
    0x00, 0x3E, 0x00, 0x00, 0x00, 0x1F, 0x40, 0x00, 0x00, 0x0B, 0xC0, 0x00, 0x00, 0x03, 0xF0, 0x00,
    0x00, 0x00, 0xFC, 0x00, 0x00, 0x00, 0x3F, 0x00, 0x00, 0x00, 0x0F, 0xC0, 0x00, 0x00, 0x02, 0xF0,
    0x00, 0x00, 0x00, 0x7E, 0x00, 0x00, 0x00, 0x0F, 0xD0, 0x00, 0x00, 0x01, 0xFE, 0x40, 0x68, 0x00,
    0x1F, 0xFF, 0xFE, 0x00, 0x00, 0x7F, 0xFA, 0x00, 0x00, 0x02, 0xD0, 0x00, 0x00, 0x00, 0x78, 0x00,
    0x00, 0x00, 0x0F, 0x00, 0x00, 0x00, 0x0B, 0xC0, 0x00, 0x00, 0x3F, 0xD0, 0x00, 0x00, 0x1F, 0xD0,
    0x00, 0x00, 0x00, 0x00, 0x00, 0x00, 0x00, 0x1B, 0xFE, 0x00, 0x3F, 0xFF, 0xC0, 0x3F, 0x90, 0x60,
    0x2F, 0x40, 0x00, 0x1F, 0x80, 0x00, 0x0B, 0xC0, 0x00, 0x03, 0xE0, 0x00, 0x01, 0xF4, 0x00, 0x00,
    0x7C, 0x00, 0x00, 0x2F, 0x00, 0x00, 0x0B, 0xC0, 0x00, 0x01, 0xF0, 0x00, 0x00, 0x7E, 0x00, 0x00,
    0x0F, 0xE0, 0x1C, 0x00, 0xFF, 0xFF, 0x00, 0x07, 0xFE, 0x40, 0x00, 0x78, 0x00, 0x00, 0x0F, 0x00,
    0x00, 0x03, 0xC0, 0x00, 0x01, 0xF0, 0x00, 0x0F, 0xF8, 0x00, 0x03, 0xF8, 0x00, 0x00, 0x00, 0x00,
    0x00, 0x3F, 0xFF, 0xFF, 0xFC, 0x3F, 0xFF, 0xFF, 0xFC, 0x00, 0x0F, 0xC0, 0x00, 0x00, 0x0F, 0x80,
    0x00, 0x00, 0x0F, 0x80, 0x00, 0x00, 0x1F, 0x40, 0x00, 0x00, 0x2F, 0x00, 0x00, 0x00, 0x3F, 0x00,
    0x00, 0x00, 0x3E, 0x00, 0x00, 0x00, 0x3D, 0x00, 0x00, 0x00, 0x7D, 0x00, 0x00, 0x00, 0xBC, 0x00,
    0x00, 0x00, 0xFC, 0x00, 0x00, 0x00, 0xF8, 0x00, 0x00, 0x00, 0xF4, 0x00, 0x00, 0x01, 0xF4, 0x00,
    0x00, 0x02, 0xF0, 0x00, 0x00, 0x03, 0xF0, 0x00, 0x00, 0x03, 0xE0, 0x00, 0x00, 0x07, 0xFF, 0x00,
    0x00, 0x07, 0xFE, 0x00, 0x00, 0x00, 0x3D, 0x00, 0x00, 0x00, 0x7C, 0x00, 0x00, 0x00, 0xBC, 0x00,
    0x00, 0x00, 0xBC, 0x00, 0x00, 0x00, 0xF8, 0x00, 0x00, 0x00, 0xF4, 0x00, 0x00, 0x00, 0xF0, 0x2F,
    0xC0, 0x1B, 0xF4, 0x00, 0x3C, 0x7F, 0xFC, 0x2F, 0xFF, 0x40, 0x1F, 0x79, 0x1F, 0x6E, 0x47, 0xE0,
    0x0B, 0xF4, 0x03, 0xFE, 0x00, 0xFC, 0x03, 0xF8, 0x00, 0xFE, 0x00, 0x2F, 0x00, 0xFC, 0x00, 0x3F,
    0x00, 0x0F, 0x80, 0x3E, 0x00, 0x0F, 0x80, 0x03, 0xE0, 0x1F, 0x40, 0x07, 0xD0, 0x01, 0xF4, 0x0B,
    0xC0, 0x02, 0xF0, 0x00, 0x7C, 0x03, 0xF0, 0x00, 0xFC, 0x00, 0x2F, 0x00, 0xF8, 0x00, 0x3E, 0x00,
    0x0F, 0x80, 0x7D, 0x00, 0x0F, 0x40, 0x03, 0xD0, 0x1F, 0x00, 0x07, 0xC0, 0x01, 0xF4, 0x0B, 0xC0,
    0x02, 0xF0, 0x00, 0x7D, 0x03, 0xE0, 0x00, 0xFC, 0x00, 0x0F, 0xF4, 0xF4, 0x00, 0x3E, 0x00, 0x01,
    0xFC, 0x00, 0x00, 0x00, 0x00, 0x00, 0x2F, 0x00, 0x00, 0x00, 0x00, 0x00, 0x0F, 0x80, 0x00, 0x00,
    0x00, 0x00, 0x03, 0xD0, 0x00, 0x00, 0x00, 0x00, 0x01, 0xF0, 0x00, 0x00, 0x00, 0x00, 0x00, 0xBC,
    0x00, 0x3D, 0x00, 0x00, 0xBC, 0x3E, 0x00, 0x01, 0xF8, 0x2F, 0x00, 0x03, 0xF0, 0x1F, 0x00, 0x0B,
    0xC0, 0x0F, 0x40, 0x1F, 0x40, 0x0F, 0x80, 0x3F, 0x00, 0x0B, 0xC0, 0xBC, 0x00, 0x07, 0xC1, 0xF4,
    0x00, 0x03, 0xD3, 0xF0, 0x00, 0x03, 0xEB, 0xC0, 0x00, 0x02, 0xFF, 0x40, 0x00, 0x01, 0xFF, 0x00,
    0x00, 0x00, 0xFC, 0x00, 0x00, 0x00, 0xF8, 0x00, 0x00, 0x00, 0xF4, 0x00, 0x00, 0x01, 0xF0, 0x00,
    0x00, 0x02, 0xF0, 0x00, 0x00, 0x03, 0xE0, 0x00, 0x00, 0x03, 0xE0, 0x00, 0x00, 0x07, 0xD0, 0x00,
    0x00, 0x0B, 0xC0, 0x00, 0x00, 0xBC, 0x00, 0x03, 0xF1, 0xF0, 0x00, 0x2F, 0x07, 0xD0, 0x00, 0xF8,
    0x0F, 0x40, 0x0B, 0xC0, 0x3E, 0x00, 0x3E, 0x00, 0xF8, 0x02, 0xF0, 0x02, 0xF0, 0x1F, 0x40, 0x0B,
    0xC0, 0xFC, 0x00, 0x1F, 0x07, 0xD0, 0x00, 0x7C, 0x3E, 0x00, 0x00, 0xF1, 0xF0, 0x00, 0x03, 0xDF,
    0x80, 0x00, 0x0F, 0xBC, 0x00, 0x00, 0x3F, 0xD0, 0x00, 0x00, 0xBF, 0x00, 0x00, 0x02, 0xF4, 0x00,
    0x00, 0x0B, 0xC0, 0x00, 0x00, 0x3E, 0x00, 0x00, 0x00, 0xF8, 0x00, 0x00, 0x03, 0xD0, 0x00, 0x00,
    0x1F, 0x00, 0x00, 0x00, 0xBC, 0x00, 0x00, 0x03, 0xE0, 0x00, 0x00, 0x00, 0x0F, 0x40, 0x00, 0x2F,
    0x03, 0xE0, 0x00, 0x1F, 0x80, 0xBC, 0x00, 0x0F, 0xC0, 0x1F, 0x00, 0x0B, 0xC0, 0x03, 0xD0, 0x07,
    0xD0, 0x00, 0xF8, 0x03, 0xF0, 0x00, 0x2F, 0x02, 0xF0, 0x00, 0x07, 0xC1, 0xF4, 0x00, 0x00, 0xF4,
    0xFC, 0x00, 0x00, 0x3E, 0xBC, 0x00, 0x00, 0x0B, 0xFD, 0x00, 0x00, 0x01, 0xFE, 0x00, 0x00, 0x00,
    0x3F, 0x00, 0x00, 0x05, 0x5F, 0x95, 0x00, 0x03, 0xFF, 0xFF, 0xD0, 0x01, 0xFF, 0xFF, 0xF0, 0x00,
    0x00, 0xBC, 0x00, 0x00, 0x00, 0x3E, 0x00, 0x00, 0x00, 0x0F, 0x80, 0x00, 0x00, 0x07, 0xD0, 0x00,
    0x00, 0x02, 0xF0, 0x00, 0x00, 0x00, 0x0B, 0xC0, 0x00, 0x3F, 0x01, 0xF0, 0x00, 0x2F, 0x00, 0x7D,
    0x00, 0x0F, 0x80, 0x0F, 0x40, 0x0B, 0xC0, 0x03, 0xE0, 0x03, 0xE0, 0x00, 0xF8, 0x02, 0xF0, 0x00,
    0x3F, 0x01, 0xF4, 0x00, 0x0B, 0xC0, 0xFC, 0x00, 0x02, 0xF0, 0x7D, 0x00, 0x00, 0x7C, 0x3E, 0x00,
    0x00, 0x0F, 0x1F, 0x00, 0x00, 0x03, 0xCF, 0x80, 0x00, 0x00, 0xFB, 0xC0, 0x00, 0x00, 0x3F, 0xD0,
    0x00, 0x00, 0x0B, 0xF0, 0x00, 0x00, 0x02, 0xF4, 0x00, 0x00, 0x3F, 0xFF, 0xF8, 0x00, 0x1F, 0xFF,
    0xFD, 0x00, 0x00, 0x0F, 0x80, 0x00, 0x00, 0x03, 0xD0, 0x00, 0x00, 0x01, 0xF0, 0x00, 0x00, 0x00,
    0xBC, 0x00, 0x00, 0x00, 0x3E, 0x00, 0x00, 0x00, 0x00, 0x2F, 0x00, 0x00, 0x7D, 0x00, 0x0F, 0x40,
    0x00, 0xF8, 0x00, 0x0F, 0xC0, 0x03, 0xF0, 0x00, 0x07, 0xC0, 0x0B, 0xC0, 0x00, 0x03, 0xD0, 0x2F,
    0x40, 0x00, 0x02, 0xF0, 0x7E, 0x00, 0x00, 0x01, 0xF0, 0xF8, 0x00, 0x00, 0x00, 0xF7, 0xF0, 0x00,
    0x00, 0x00, 0xBF, 0xC0, 0x00, 0x00, 0x00, 0x3F, 0x40, 0x00, 0x00, 0x00, 0x7F, 0x00, 0x00, 0x00,
    0x00, 0xFF, 0x40, 0x00, 0x00, 0x03, 0xFF, 0x80, 0x00, 0x00, 0x0B, 0xC7, 0xC0, 0x00, 0x00, 0x1F,
    0x43, 0xD0, 0x00, 0x00, 0x7E, 0x03, 0xE0, 0x00, 0x00, 0xFC, 0x01, 0xF0, 0x00, 0x03, 0xF0, 0x00,
    0xF4, 0x00, 0x0B, 0xD0, 0x00, 0xFC, 0x00, 0x1F, 0x40, 0x00, 0x7F, 0xD0, 0x3E, 0x00, 0x00, 0x3F,
    0xC0, 0x00, 0x00, 0x00, 0x0B, 0xC0, 0x00, 0x00, 0x00, 0x0F, 0x80, 0x00, 0x00, 0x00, 0x0F, 0x40,
    0x00, 0x00, 0x00, 0x0F, 0x40, 0x00, 0x00, 0x00, 0x1F, 0x00, 0x00, 0x00, 0x00, 0x2F, 0x00, 0x00,
    0xBC, 0x00, 0x2F, 0x00, 0x1F, 0x40, 0x2F, 0x40, 0x03, 0xE0, 0x1F, 0x80, 0x00, 0x7C, 0x0F, 0xC0,
    0x00, 0x0F, 0x4F, 0xC0, 0x00, 0x02, 0xFB, 0xC0, 0x00, 0x00, 0x3F, 0xD0, 0x00, 0x00, 0x0F, 0xE0,
    0x00, 0x00, 0x03, 0xF4, 0x00, 0x00, 0x03, 0xFF, 0x00, 0x00, 0x02, 0xF7, 0xC0, 0x00, 0x02, 0xF0,
    0xF8, 0x00, 0x01, 0xF4, 0x1F, 0x00, 0x01, 0xF8, 0x03, 0xE0, 0x00, 0xFC, 0x00, 0xBF, 0xC0, 0xFC,
    0x00, 0x0F, 0xE0, 0x00, 0x00, 0x00, 0xF8, 0x00, 0x00, 0x00, 0x3D, 0x00, 0x00, 0x00, 0x1F, 0x00,
    0x00, 0x00, 0x0B, 0xC0, 0x00, 0x00, 0x03, 0xE0, 0x00, 0x00, 0x00, 0xF4, 0x00, 0x3F, 0xFF, 0xFF,
    0xFC, 0x0F, 0x8F, 0xFF, 0xFF, 0xFF, 0x03, 0xE0, 0x00, 0xFC, 0x00, 0x01, 0xF4, 0x00, 0x3E, 0x00,
    0x00, 0xBC, 0x00, 0x0F, 0x40, 0x00, 0x2F, 0x00, 0x07, 0xD0, 0x00, 0x0F, 0x80, 0x02, 0xF0, 0x00,
    0x03, 0xD0, 0x00, 0xFC, 0x00, 0x01, 0xF4, 0x00, 0x3E, 0x00, 0x00, 0xBC, 0x00, 0x0F, 0x40, 0x00,
    0x3F, 0x00, 0x07, 0xD0, 0x00, 0x0F, 0x80, 0x02, 0xF0, 0x00, 0x03, 0xD0, 0x00, 0xFC, 0x00, 0x01,
    0xF0, 0x00, 0x3E, 0x00, 0x00, 0xBC, 0x00, 0x0F, 0x40, 0x00, 0x3F, 0x00, 0x07, 0xD0, 0x00, 0x0F,
    0x80, 0x02, 0xF0, 0x00, 0x03, 0xD0, 0x00, 0xFC, 0x00, 0x01, 0xF0, 0x00, 0x3E, 0x00, 0x00, 0xBC,
    0x00, 0x1F, 0xFF, 0xFF, 0xFF, 0xF0, 0x07, 0xFF, 0xFF, 0xFF, 0xFC, 0x00, 0x00, 0x00, 0x00, 0x3F,
    0x00, 0x00, 0x00, 0x00, 0x0F, 0x80, 0x00, 0x00, 0x00, 0x03, 0xD0, 0x00, 0x00, 0x00, 0x01, 0xF0,
    0x00, 0x00, 0x00, 0x00, 0xBC, 0x00, 0x00, 0x00, 0x00, 0x2E, 0x00, 0x7F, 0xFF, 0xFF, 0x07, 0xCB,
    0xFF, 0xFF, 0xE0, 0xBC, 0x00, 0xBC, 0x00, 0x0F, 0x80, 0x0B, 0xC0, 0x00, 0xF4, 0x00, 0xF8, 0x00,
    0x1F, 0x00, 0x0F, 0x40, 0x02, 0xF0, 0x01, 0xF4, 0x00, 0x2F, 0x00, 0x2F, 0x00, 0x03, 0xE0, 0x02,
    0xF0, 0x00, 0x7D, 0x00, 0x3E, 0x00, 0x0B, 0xC0, 0x03, 0xD0, 0x00, 0xFC, 0x00, 0x3D, 0x00, 0x3F,
    0x80, 0x03, 0xD0, 0x0B, 0xF8, 0x00, 0x3F, 0x47, 0xDF, 0xC0, 0x02, 0xFF, 0xF4, 0xBF, 0x80, 0x07,
    0xF8, 0x02, 0xF4, 0x00, 0x00, 0x00, 0x1F, 0x00, 0x00, 0x00, 0x02, 0xF0, 0x00, 0x00, 0x00, 0x3E,
    0x00, 0x00, 0x00, 0x03, 0xE0, 0x00, 0x00, 0x00, 0x7D, 0x00, 0x0F, 0xC0, 0x00, 0x3F, 0x0F, 0x80,
    0x00, 0x3E, 0x0F, 0x40, 0x00, 0x7D, 0x1F, 0x00, 0x00, 0x7C, 0x2F, 0x00, 0x00, 0xBC, 0x3F, 0x00,
    0x00, 0xF8, 0x3E, 0x00, 0x00, 0xF8, 0x3D, 0x00, 0x01, 0xF4, 0x7C, 0x00, 0x01, 0xF0, 0xBC, 0x00,
    0x02, 0xF0, 0xBD, 0x00, 0x07, 0xE0, 0x7F, 0x55, 0xBF, 0xE0, 0x2F, 0xFF, 0xFF, 0xD0, 0x07, 0xFE,
    0x4B, 0xC0, 0x00, 0x00, 0x0B, 0xC0, 0x00, 0x00, 0x0F, 0x80, 0x00, 0x00, 0x0F, 0x40, 0x00, 0x00,
    0x1F, 0x40, 0x00, 0x00, 0x2F, 0x00, 0x00, 0x00, 0x3F, 0xF4, 0x00, 0x00, 0x3F, 0xF0, 0x00, 0x00,
    0x02, 0xF0, 0x00, 0x00, 0x03, 0xE0, 0x00, 0x00, 0x03, 0xD0, 0x00, 0x00, 0x07, 0xC0, 0x00, 0x00,
    0x0B, 0xC0, 0x00, 0x00, 0x0B, 0xC0, 0x3F, 0x00, 0x03, 0xD3, 0xE0, 0x00, 0x7C, 0x3D, 0x00, 0x0B,
    0xC7, 0xC0, 0x00, 0xFC, 0xBC, 0x00, 0x1F, 0x8B, 0xC0, 0x03, 0xF4, 0xBC, 0x00, 0xBF, 0x0B, 0xD0,
    0x7F, 0xF0, 0x3F, 0xFF, 0x7E, 0x01, 0xFF, 0x83, 0xE0, 0x00, 0x00, 0x7D, 0x00, 0x00, 0x0B, 0xC0,
    0x00, 0x00, 0xFC, 0x00, 0x00, 0x0F, 0x80, 0x00, 0x00, 0xFF, 0x80, 0x00, 0x1F, 0xF4, 0x00, 0x00,
    0x1F, 0x40, 0x00, 0x02, 0xF0, 0x00, 0x00, 0x3F, 0x00, 0x00, 0x03, 0xE0, 0x00, 0x00, 0x3D, 0x00,
    0x00, 0x07, 0xC0, 0x0F, 0xC0, 0x00, 0x3F, 0x0F, 0x80, 0x00, 0x3E, 0x0F, 0x40, 0x00, 0x7D, 0x1F,
    0x00, 0x00, 0x7C, 0x2F, 0x00, 0x00, 0xBC, 0x3F, 0x00, 0x00, 0xF8, 0x3E, 0x01, 0x40, 0xF8, 0x3D,
    0x07, 0x81, 0xF4, 0x7C, 0x0B, 0x41, 0xF0, 0xBC, 0x0F, 0x02, 0xF0, 0xBD, 0x0F, 0x07, 0xE0, 0x7F,
    0x5F, 0xBF, 0xD0, 0x2F, 0xFF, 0xFF, 0xD0, 0x07, 0xFE, 0x4B, 0xC0, 0x00, 0x3C, 0x0F, 0xC0, 0x00,
    0x3C, 0x0F, 0x80, 0x00, 0x78, 0x0F, 0x40, 0x00, 0xB4, 0x1F, 0x00, 0x00, 0x00, 0x2F, 0x00, 0x00,
    0x00, 0x3F, 0x00, 0x00, 0x00, 0x3E, 0x00, 0x2F, 0x00, 0x03, 0xD3, 0xE0, 0x00, 0x7C, 0x3D, 0x00,
    0x0B, 0xC7, 0xC0, 0x00, 0xF8, 0xBC, 0x2C, 0x1F, 0x8B, 0xC3, 0xC3, 0xF4, 0xFC, 0x3C, 0xBF, 0x0B,
    0xD7, 0xAF, 0xF0, 0x3F, 0xFF, 0x7E, 0x01, 0xFF, 0xD3, 0xD0, 0x00, 0xF0, 0x7D, 0x00, 0x0F, 0x0B,
    0xC0, 0x01, 0xE0, 0xFC, 0x00, 0x1D, 0x0F, 0x80, 0x00, 0x00, 0xF4, 0x00, 0x00, 0x1F, 0x00, 0x00,
    0x7C, 0x00, 0x00, 0x00, 0xBC, 0x00, 0x00, 0x00, 0xF8, 0x00, 0x00, 0x00, 0xF4, 0x00, 0x00, 0x01,
    0xF4, 0x00, 0x00, 0x02, 0xF0, 0x00, 0x00, 0x02, 0xF0, 0x00, 0x00, 0x03, 0xE1, 0xBF, 0xE0, 0x03,
    0xFF, 0xFF, 0xFC, 0x07, 0xFD, 0x40, 0xFD, 0x0B, 0xC0, 0x00, 0x3E, 0x0F, 0x80, 0x00, 0x3E, 0x0F,
    0x80, 0x00, 0x3E, 0x0F, 0x40, 0x00, 0x7D, 0x1F, 0x00, 0x00, 0xBC, 0x2F, 0x00, 0x00, 0xBC, 0x3E,
    0x00, 0x00, 0xF8, 0x3E, 0x00, 0x00, 0xF8, 0x7D, 0x00, 0x01, 0xF4, 0x7C, 0x00, 0x02, 0xF0, 0xBC,
    0x00, 0x02, 0xF0, 0x00, 0x1A, 0x00, 0x00, 0x00, 0x2F, 0x00, 0x00, 0x00, 0x3E, 0x00, 0x00, 0x00,
    0x3D, 0x00, 0x00, 0x00, 0x7C, 0x00, 0x00, 0x00, 0xBC, 0x00, 0x00, 0x00, 0xBC, 0x00, 0x00, 0x00,
    0xF8, 0x2F, 0xD0, 0x00, 0xF5, 0xFF, 0xF8, 0x01, 0xF7, 0xD1, 0xFC, 0x02, 0xFE, 0x00, 0x7C, 0x03,
    0xF8, 0x00, 0x7C, 0x03, 0xF0, 0x00, 0x7C, 0x03, 0xE0, 0x00, 0xBC, 0x07, 0xD0, 0x00, 0xF8, 0x0B,
    0xC0, 0x00, 0xF4, 0x0F, 0xC0, 0x01, 0xF4, 0x0F, 0x80, 0x02, 0xF0, 0x0F, 0x40, 0x02, 0xF0, 0x1F,
    0x00, 0x03, 0xE0, 0x2F, 0x00, 0x03, 0xD0, 0x3E, 0x00, 0x07, 0xC0, 0x3D, 0x00, 0x0B, 0xC0, 0x00,
    0x00, 0x01, 0xBF, 0xE4, 0x00, 0x00, 0x01, 0xFF, 0xFF, 0xF0, 0x00, 0x00, 0xBF, 0x90, 0x7F, 0x80,
    0x00, 0x2F, 0xC0, 0x00, 0xFC, 0x00, 0x07, 0xE0, 0x00, 0x0B, 0xC0, 0x00, 0xFC, 0x00, 0x00, 0xBC,
    0x2D, 0x2F, 0x40, 0x00, 0x0F, 0xC3, 0xC3, 0xF0, 0x00, 0x07, 0xF4, 0x3D, 0x7D, 0x00, 0x1B, 0xFE,
    0x03, 0xFF, 0xFF, 0xFF, 0xFF, 0x40, 0x1F, 0xFF, 0xFF, 0xFE, 0x40, 0x00, 0x0F, 0xD5, 0x00, 0x00,
    0x00, 0x00, 0xFC, 0x00, 0x00, 0x00, 0x00, 0x0F, 0xC0, 0x00, 0x00, 0x00, 0x00, 0xFC, 0x00, 0x00,
    0x00, 0x00, 0x0B, 0xC0, 0x00, 0x00, 0x00, 0x00, 0x7E, 0x00, 0x00, 0x00, 0x00, 0x03, 0xF4, 0x00,
    0x01, 0x00, 0x00, 0x1F, 0xE4, 0x06, 0xF0, 0x00, 0x00, 0x7F, 0xFF, 0xFF, 0x00, 0x00, 0x00, 0xBF,
    0xFE, 0x40, 0x00, 0x00, 0x00, 0x7F, 0xE0, 0x00, 0x03, 0xFF, 0xFC, 0x00, 0x0F, 0xE0, 0xBE, 0x00,
    0x2F, 0x00, 0x3E, 0x78, 0x7D, 0x00, 0x3E, 0xF4, 0xFC, 0x00, 0xBC, 0xF8, 0xF8, 0x1B, 0xF8, 0xBF,
    0xFF, 0xFF, 0xD0, 0x2F, 0xFF, 0xF9, 0x00, 0x02, 0xF0, 0x00, 0x00, 0x02, 0xF0, 0x00, 0x00, 0x02,
    0xF0, 0x00, 0x00, 0x01, 0xF8, 0x00, 0x00, 0x00, 0xFE, 0x01, 0xE0, 0x00, 0x3F, 0xFF, 0xE0, 0x00,
    0x0B, 0xFE, 0x40, 0x00, 0x00, 0x01, 0xBF, 0xE4, 0x00, 0x00, 0x01, 0xFF, 0xFF, 0xF0, 0x00, 0x00,
    0xBF, 0x90, 0x7F, 0x80, 0x00, 0x2F, 0xC0, 0x00, 0xFC, 0x00, 0x07, 0xE0, 0x00, 0x0B, 0xC0, 0x00,
    0xFC, 0x00, 0x00, 0xBC, 0x2D, 0x2F, 0x40, 0x00, 0x0F, 0xC3, 0xC3, 0xF0, 0x00, 0x07, 0xF4, 0x3D,
    0x7D, 0x00, 0x1B, 0xFE, 0x03, 0xFF, 0xFF, 0xFF, 0xFF, 0x40, 0x1F, 0xFF, 0xFF, 0xFE, 0x40, 0x00,
    0x0F, 0xD5, 0x00, 0x00, 0x00, 0x00, 0xFC, 0x00, 0x00, 0x00, 0x00, 0x0F, 0xC0, 0x00, 0x00, 0x00,
    0x00, 0xFC, 0x00, 0x00, 0x00, 0x00, 0x0B, 0xC0, 0x00, 0x00, 0x00, 0x00, 0x7E, 0x00, 0x00, 0x00,
    0x00, 0x03, 0xF4, 0x00, 0x01, 0x00, 0x00, 0x1F, 0xE4, 0x06, 0xF0, 0x00, 0x00, 0x7F, 0xFF, 0xFF,
    0x00, 0x00, 0x00, 0xBF, 0xFE, 0x40, 0x00, 0x00, 0x00, 0xF4, 0x00, 0x00, 0x00, 0x00, 0x1F, 0x00,
    0x00, 0x00, 0x00, 0x02, 0xF0, 0x00, 0x00, 0x00, 0x00, 0x3E, 0x00, 0x00, 0x00, 0x00, 0x03, 0xE0,
    0x00, 0x00, 0x00, 0x00, 0x7F, 0xE0, 0x00, 0x03, 0xFF, 0xFC, 0x00, 0x0F, 0xE0, 0xBE, 0x00, 0x2F,
    0x00, 0x3E, 0x78, 0x7D, 0x00, 0x3E, 0xF4, 0xFC, 0x00, 0xBC, 0xF8, 0xF8, 0x1B, 0xF8, 0xBF, 0xFF,
    0xFF, 0xD0, 0x2F, 0xFF, 0xF9, 0x00, 0x02, 0xF0, 0x00, 0x00, 0x02, 0xF0, 0x00, 0x00, 0x02, 0xF0,
    0x00, 0x00, 0x01, 0xF8, 0x00, 0x00, 0x00, 0xFE, 0x01, 0xE0, 0x00, 0x3F, 0xFF, 0xE0, 0x00, 0x0B,
    0xFE, 0x40, 0x00, 0x03, 0xE0, 0x00, 0x00, 0x03, 0xD0, 0x00, 0x00, 0x07, 0xC0, 0x00, 0x00, 0x0B,
    0xC0, 0x00, 0x00, 0x0F, 0xC0, 0x00, 0x00, 0x7F, 0xFF, 0x00, 0x0B, 0xFF, 0x40, 0x00, 0x7C, 0x00,
    0x00, 0x2F, 0x00, 0x00, 0x0F, 0xC0, 0x00, 0x03, 0xE0, 0x00, 0x00, 0xF4, 0x00, 0x00, 0x7C, 0x00,
    0x00, 0x2F, 0x00, 0x00, 0x0F, 0x80, 0x00, 0x03, 0xE0, 0x00, 0x00, 0xF4, 0x00, 0x00, 0x7C, 0x00,
    0x00, 0x2F, 0x00, 0x00, 0x0F, 0x80, 0x00, 0x03, 0xD0, 0x00, 0x01, 0xF4, 0x00, 0x00, 0xBC, 0x00,
    0x00, 0x2F, 0x00, 0x00, 0xBF, 0xF8, 0x00, 0x7F, 0xFF, 0x00, 0x00, 0x00, 0x00, 0x00, 0x2E, 0x00,
    0xF4, 0x00, 0x00, 0x00, 0x00, 0x2F, 0x02, 0xF0, 0x00, 0x00, 0x00, 0x00, 0x0F, 0xFF, 0xD0, 0x00,
    0x00, 0x00, 0x00, 0x02, 0xFE, 0x00, 0x00, 0x00, 0x00, 0x00, 0x00, 0x00, 0x00, 0x00, 0x00, 0x00,
    0x00, 0x00, 0x00, 0x00, 0x00, 0x00, 0x0B, 0x80, 0x02, 0xF0, 0x00, 0x7E, 0x00, 0x07, 0xC0, 0x03,
    0xE0, 0x01, 0xF8, 0x00, 0x03, 0xE0, 0x03, 0xD0, 0x03, 0xF0, 0x00, 0x01, 0xF0, 0x07, 0xC0, 0x0F,
    0xC0, 0x00, 0x00, 0xF4, 0x0B, 0xC0, 0x3F, 0x00, 0x00, 0x00, 0xBC, 0x0B, 0xC0, 0xBD, 0x00, 0x00,
    0x00, 0x3C, 0x0F, 0x81, 0xF4, 0x00, 0x00, 0x00, 0x3E, 0x0F, 0x47, 0xE0, 0x00, 0x00, 0x00, 0x1F,
    0x1F, 0x0F, 0xC0, 0x00, 0x00, 0x00, 0x0F, 0xFF, 0xFF, 0x00, 0x00, 0x00, 0x00, 0x2F, 0xFF, 0xFD,
    0x00, 0x00, 0x00, 0x00, 0x7E, 0x7E, 0x7E, 0x00, 0x00, 0x00, 0x01, 0xF8, 0x3D, 0x2F, 0x00, 0x00,
    0x00, 0x03, 0xF0, 0x7C, 0x0F, 0x80, 0x00, 0x00, 0x0F, 0xC0, 0xBC, 0x0B, 0xC0, 0x00, 0x00, 0x3F,
    0x40, 0xF8, 0x07, 0xD0, 0x00, 0x00, 0xBD, 0x00, 0xF8, 0x03, 0xE0, 0x00, 0x02, 0xF8, 0x00, 0xF4,
    0x02, 0xF0, 0x00, 0x07, 0xE0, 0x01, 0xF0, 0x00, 0xF8, 0x00, 0x1F, 0xC0, 0x02, 0xF0, 0x00, 0xBC,
    0x00, 0x3F, 0x00, 0x03, 0xE0, 0x00, 0x7D, 0x00, 0x00, 0x00, 0x00, 0xF4, 0x07, 0xC0, 0x00, 0x00,
    0x00, 0x03, 0xD0, 0x3E, 0x00, 0x00, 0x00, 0x00, 0x0B, 0xFB, 0xF0, 0x00, 0x00, 0x00, 0x00, 0x07,
    0xFD, 0x00, 0x00, 0x00, 0x00, 0x00, 0x00, 0x00, 0x00, 0x00, 0x00, 0x00, 0x00, 0x00, 0x00, 0x00,
    0x00, 0x1F, 0xE0, 0x00, 0xF8, 0x00, 0x7F, 0x80, 0x7F, 0xE0, 0x03, 0xD0, 0x0F, 0xFE, 0x00, 0x0B,
    0xD0, 0x1F, 0x00, 0xFD, 0x00, 0x00, 0x0F, 0x80, 0x7C, 0x0B, 0xC0, 0x00, 0x00, 0x2F, 0x02, 0xF0,
    0x3E, 0x00, 0x00, 0x00, 0xBC, 0x0F, 0x81, 0xF0, 0x00, 0x00, 0x02, 0xF0, 0x3D, 0x0F, 0x80, 0x00,
    0x00, 0x0B, 0xFF, 0xFF, 0xFD, 0x00, 0x00, 0x00, 0x3F, 0xFF, 0xFF, 0xF4, 0x00, 0x00, 0x00, 0xF4,
    0x2E, 0x07, 0xC0, 0x00, 0x00, 0x07, 0xC0, 0xF8, 0x1F, 0x00, 0x00, 0x00, 0x3E, 0x03, 0xD0, 0x7D,
    0x00, 0x00, 0x02, 0xF0, 0x1F, 0x00, 0xF8, 0x00, 0x00, 0x2F, 0x40, 0xBC, 0x02, 0xF4, 0x00, 0x3F,
    0xF8, 0x02, 0xE0, 0x03, 0xFF, 0x00, 0xFE, 0x40, 0x0F, 0x40, 0x02, 0xFC, 0x00, 0x00, 0x7C, 0x00,
    0x0B, 0xE0, 0x02, 0xF0, 0x00, 0xBE, 0x00, 0x0F, 0x80, 0x0B, 0xE0, 0x00, 0x3D, 0x00, 0x7E, 0x00,
    0x01, 0xF4, 0x07, 0xE0, 0x00, 0x0B, 0xC0, 0x7E, 0x00, 0x00, 0x2F, 0x07, 0xE0, 0x00, 0x00, 0xF8,
    0x7E, 0x00, 0x00, 0x03, 0xD7, 0xE0, 0x00, 0x00, 0x1F, 0xBF, 0x00, 0x00, 0x00, 0xBF, 0xFF, 0xD0,
    0x00, 0x03, 0xFF, 0xFF, 0xF0, 0x00, 0x0F, 0x80, 0x1F, 0xF0, 0x00, 0x3D, 0x00, 0x0F, 0xD0, 0x01,
    0xF0, 0x00, 0x0F, 0x80, 0x0B, 0xC0, 0x00, 0x3F, 0x00, 0x3F, 0x00, 0x00, 0xBC, 0x00, 0xF8, 0x00,
    0x02, 0xF0, 0x07, 0xD0, 0x00, 0x0B, 0xC0, 0x1F, 0x00, 0x00, 0x3F, 0x00, 0xBC, 0x00, 0x00, 0xFC,
    0x00, 0x00, 0x00, 0x07, 0xE0, 0x00, 0x00, 0x00, 0x3F, 0x00, 0x00, 0x00, 0x01, 0xF8, 0x00, 0x00,
    0x00, 0x1F, 0xC0, 0x00, 0x24, 0x07, 0xFC, 0x00, 0x00, 0xFF, 0xFF, 0xC0, 0x00, 0x02, 0xFF, 0xE4,
    0x00, 0x00, 0x00, 0xF8, 0x00, 0xFC, 0x00, 0xF4, 0x03, 0xF0, 0x01, 0xF0, 0x0F, 0xC0, 0x02, 0xF0,
    0x3F, 0x00, 0x03, 0xE0, 0xFC, 0x00, 0x03, 0xE3, 0xF0, 0x00, 0x03, 0xDF, 0xC0, 0x00, 0x07, 0xFF,
    0xE0, 0x00, 0x0B, 0xFF, 0xFD, 0x00, 0x0F, 0xC0, 0x7F, 0x40, 0x0F, 0x40, 0x0F, 0xC0, 0x1F, 0x40,
    0x0B, 0xC0, 0x1F, 0x00, 0x07, 0xC0, 0x2F, 0x00, 0x07, 0xC0, 0x3E, 0x00, 0x07, 0xC0, 0x3D, 0x00,
    0x0B, 0xC0, 0x00, 0x00, 0x0F, 0xC0, 0x00, 0x00, 0x0F, 0x80, 0x00, 0x00, 0x2F, 0x00, 0x00, 0x00,
    0x7E, 0x00, 0x05, 0x06, 0xFC, 0x00, 0x0B, 0xFF, 0xF0, 0x00, 0x02, 0xFF, 0x40, 0x00, 0x00, 0x00,
    0x1F, 0xFF, 0xFF, 0x00, 0x00, 0x0B, 0xFF, 0xFF, 0xC0, 0x00, 0x03, 0xE0, 0x03, 0xE0, 0x00, 0x00,
    0xF4, 0x01, 0xF4, 0x00, 0x00, 0xBC, 0x00, 0xBC, 0x00, 0x00, 0x3E, 0x00, 0x3F, 0x00, 0x00, 0x0F,
    0x40, 0x0F, 0x80, 0x00, 0x07, 0xC0, 0x03, 0xD0, 0x00, 0x02, 0xF0, 0x01, 0xF4, 0x00, 0x00, 0xF8,
    0x00, 0xBC, 0x00, 0x00, 0x3D, 0x00, 0x3F, 0x00, 0x00, 0x1F, 0x00, 0x0F, 0x80, 0x00, 0x0F, 0xC0,
    0x03, 0xD0, 0x00, 0x03, 0xD0, 0x01, 0xF0, 0x00, 0x01, 0xF0, 0x00, 0xBC, 0x00, 0x00, 0xFC, 0x00,
    0x3F, 0x00, 0x00, 0x7D, 0x00, 0x0F, 0x80, 0x00, 0x3F, 0x00, 0x07, 0xD0, 0x00, 0x7F, 0x40, 0x01,
    0xF9, 0x43, 0xFF, 0x80, 0x00, 0xBF, 0xD0, 0xFF, 0x40, 0x00, 0x3F, 0xF0, 0x00, 0x00, 0x00, 0x00,
    0xF4, 0x00, 0x00, 0x00, 0x00, 0xBC, 0x00, 0x00, 0x00, 0x00, 0x3D, 0x00, 0x00, 0x00, 0x00, 0x3F,
    0x00, 0x00, 0x00, 0x00, 0x2F, 0x40, 0x00, 0x00, 0x00, 0x0B, 0xFF, 0x80, 0x00, 0x0F, 0xFF, 0xE0,
    0x00, 0x0F, 0xD0, 0xF8, 0x00, 0x07, 0xD0, 0x7D, 0x00, 0x03, 0xE0, 0x1F, 0x00, 0x01, 0xF4, 0x0B,
    0xC0, 0x00, 0xBC, 0x03, 0xE0, 0x00, 0x3E, 0x00, 0xF4, 0x00, 0x1F, 0x00, 0x7D, 0x00, 0x0B, 0xC0,
    0x2F, 0x00, 0x03, 0xD0, 0x0F, 0xC0, 0x02, 0xF0, 0x03, 0xE0, 0x00, 0xF8, 0x00, 0xF4, 0x01, 0xFC,
    0x00, 0x7D, 0x07, 0xFD, 0x00, 0x2F, 0xF4, 0xF8, 0x00, 0x0F, 0xFC, 0x00, 0x00, 0x00, 0x2D, 0x00,
    0x00, 0x00, 0x0F, 0x00, 0x00, 0x00, 0x0B, 0x80, 0x00, 0x00, 0x03, 0xC0, 0x00, 0x00, 0x03, 0xE0,
    0x00, 0x00, 0x00, 0xA0, 0x00, 0x00, 0x7C, 0x00, 0x00, 0xBC, 0x02, 0xF0, 0x00, 0x03, 0xE0, 0x0F,
    0x80, 0x00, 0x0F, 0x40, 0x3D, 0x00, 0x00, 0x7C, 0x01, 0xF4, 0x00, 0x02, 0xF0, 0x0B, 0xC0, 0x00,
    0x0F, 0xC0, 0x2F, 0x00, 0x00, 0x3E, 0x00, 0xF8, 0x00, 0x00, 0xF4, 0x03, 0xE5, 0x55, 0x5B, 0xC0,
    0x1F, 0xFF, 0xFF, 0xFF, 0x00, 0xBF, 0xFF, 0xFF, 0xFC, 0x03, 0xF0, 0x00, 0x03, 0xE0, 0x0F, 0x80,
    0x00, 0x1F, 0x40, 0x3D, 0x00, 0x00, 0x7C, 0x01, 0xF0, 0x00, 0x02, 0xF0, 0x0B, 0xC0, 0x00, 0x0F,
    0x80, 0x3E, 0x00, 0x00, 0x3D, 0x00, 0xF8, 0x00, 0x01, 0xF4, 0x07, 0xD0, 0x00, 0x0B, 0xC0, 0x1F,
    0x00, 0x00, 0x2F, 0x00, 0xBC, 0x00, 0x00, 0xF8, 0x00, 0x00, 0x00, 0x07, 0xD0, 0x00, 0x00, 0x00,
    0x2F, 0x00, 0x00, 0x00, 0x01, 0xF4, 0x00, 0x00, 0x00, 0x0F, 0xC0, 0x00, 0x24, 0x06, 0xFC, 0x00,
    0x00, 0xFF, 0xFF, 0xC0, 0x00, 0x02, 0xFF, 0xE4, 0x00, 0x00, 0x00, 0xF8, 0x00, 0x0F, 0x80, 0x3D,
    0x00, 0x03, 0xD0, 0x1F, 0x00, 0x01, 0xF0, 0x0B, 0xC0, 0x00, 0xBC, 0x03, 0xF0, 0x00, 0x3E, 0x00,
    0xF8, 0x00, 0x0F, 0x40, 0x3E, 0x00, 0x07, 0xD0, 0x1F, 0xFF, 0xFF, 0xF0, 0x0B, 0xFF, 0xFF, 0xFC,
    0x03, 0xF0, 0x00, 0x3E, 0x00, 0xF8, 0x00, 0x0F, 0x40, 0x7D, 0x00, 0x07, 0xC0, 0x1F, 0x00, 0x02,
    0xF0, 0x0B, 0xC0, 0x00, 0xBC, 0x03, 0xE0, 0x00, 0x3E, 0x00, 0xF4, 0x00, 0x0F, 0x40, 0x00, 0x00,
    0x07, 0xC0, 0x00, 0x00, 0x02, 0xF0, 0x00, 0x00, 0x00, 0xF8, 0x00, 0x00, 0x00, 0xBC, 0x00, 0x02,
    0x41, 0xBE, 0x00, 0x00, 0xBF, 0xFE, 0x00, 0x00, 0x1B, 0xF9, 0x00, 0x00, 0x00, 0x7C, 0x00, 0x00,
    0xBC, 0x02, 0xF0, 0x00, 0x03, 0xE0, 0x0F, 0x80, 0x00, 0x0F, 0x40, 0x3D, 0x00, 0x00, 0x7C, 0x01,
    0xF4, 0x00, 0x02, 0xF0, 0x0B, 0xC0, 0x00, 0x0F, 0xC0, 0x2F, 0x00, 0x00, 0x3E, 0x00, 0xF8, 0x00,
    0x00, 0xF4, 0x03, 0xD0, 0x00, 0x07, 0xC0, 0x1F, 0xFF, 0xFF, 0xFF, 0x00, 0xBF, 0xFF, 0xFF, 0xFC,
    0x03, 0xF5, 0x55, 0x57, 0xE0, 0x0F, 0x80, 0x00, 0x0F, 0x40, 0x3D, 0x00, 0x00, 0x7C, 0x01, 0xF0,
    0x00, 0x02, 0xF0, 0x0B, 0xC0, 0x00, 0x0F, 0x80, 0x3F, 0x00, 0x00, 0x3E, 0x00, 0xF8, 0x00, 0x01,
    0xF4, 0x07, 0xD0, 0x00, 0x07, 0xD4, 0x1F, 0x00, 0x00, 0x2F, 0xF4, 0xBC, 0x00, 0x00, 0xFF, 0xC0,
    0x00, 0x00, 0x00, 0x3D, 0x00, 0x00, 0x00, 0x01, 0xF0, 0x00, 0x00, 0x00, 0x0F, 0x80, 0x00, 0x00,
    0x00, 0xBC, 0x00, 0x00, 0x00, 0x07, 0xE0, 0x00, 0x00, 0x00, 0x1A, 0x00, 0x00, 0x00, 0xF8, 0x00,
    0x0F, 0x80, 0x3D, 0x00, 0x03, 0xD0, 0x1F, 0x00, 0x01, 0xF0, 0x0B, 0xC0, 0x00, 0xBC, 0x03, 0xF0,
    0x00, 0x3E, 0x00, 0xF8, 0x00, 0x0F, 0x80, 0x3E, 0x00, 0x07, 0xD0, 0x1F, 0xFF, 0xFF, 0xF0, 0x0B,
    0xFF, 0xFF, 0xFC, 0x03, 0xF0, 0x00, 0x3E, 0x00, 0xF8, 0x00, 0x0F, 0x40, 0x7D, 0x00, 0x07, 0xD0,
    0x1F, 0x00, 0x02, 0xF0, 0x0B, 0xC0, 0x00, 0xBC, 0x03, 0xE0, 0x00, 0x3F, 0xF0, 0xF4, 0x00, 0x0F,
    0xF8, 0x00, 0x00, 0x00, 0x3C, 0x00, 0x00, 0x00, 0x2E, 0x00, 0x00, 0x00, 0x0F, 0x00, 0x00, 0x00,
    0x0B, 0xC0, 0x00, 0x00, 0x03, 0xD0, 0x00, 0x00, 0x00, 0x90, 0x00, 0x0F, 0xC0, 0x00, 0x3F, 0x0F,
    0x80, 0x00, 0x3E, 0x0F, 0x40, 0x00, 0x7D, 0x1F, 0x00, 0x00, 0x7C, 0x2F, 0x00, 0x00, 0xBC, 0x3F,
    0x00, 0x00, 0xF8, 0x3E, 0x00, 0x00, 0xF8, 0x3D, 0x00, 0x01, 0xF4, 0x7C, 0x00, 0x01, 0xF0, 0xBC,
    0x00, 0x02, 0xF0, 0xBD, 0x00, 0x07, 0xE0, 0x7F, 0x55, 0xBF, 0xD0, 0x2F, 0xFF, 0xFF, 0xD0, 0x07,
    0xFE, 0x4B, 0xC0, 0x00, 0x00, 0x0B, 0xC0, 0x00, 0x00, 0x0F, 0x80, 0x00, 0x00, 0x0F, 0x40, 0x00,
    0x00, 0x1F, 0x00, 0x00, 0x00, 0x2F, 0x00, 0x00, 0x03, 0xFF, 0x00, 0x00, 0x07, 0xFE, 0x00, 0x00,
    0x0B, 0xC0, 0x00, 0x00, 0x0F, 0x80, 0x00, 0x00, 0x0F, 0x40, 0x00, 0x00, 0x0F, 0x00, 0x00, 0x00,
    0x1F, 0x00, 0x00, 0x00, 0x19, 0x00, 0x00, 0x0F, 0x40, 0x02, 0xF0, 0x7C, 0x00, 0x0F, 0x82, 0xF0,
    0x00, 0x3E, 0x0B, 0xC0, 0x01, 0xF4, 0x3E, 0x00, 0x0F, 0xC0, 0xF4, 0x00, 0x7F, 0x03, 0xD0, 0x03,
    0xF8, 0x0F, 0xC0, 0xBF, 0xE0, 0x2F, 0xFF, 0xDF, 0x40, 0x2F, 0xF8, 0xBC, 0x00, 0x00, 0x02, 0xF0,
    0x00, 0x00, 0x0F, 0x80, 0x00, 0x00, 0x3D, 0x00, 0x00, 0x01, 0xF4, 0x00, 0x00, 0xBF, 0xC0, 0x00,
    0x03, 0xFF, 0x00, 0x00, 0x0F, 0x40, 0x00, 0x00, 0x3D, 0x00, 0x00, 0x01, 0xF0, 0x00, 0x00, 0x0B,
    0xC0, 0x00, 0x00, 0x3E, 0x00, 0x00, 0x00, 0xF8, 0x00, 0x00, 0x00, 0xBF, 0x40, 0x00, 0x02, 0xFE,
    0x00, 0xBF, 0x40, 0x00, 0x03, 0xFD, 0x00, 0xFF, 0x80, 0x00, 0x0B, 0xFC, 0x00, 0xFB, 0x80, 0x00,
    0x1F, 0xBC, 0x01, 0xF7, 0xC0, 0x00, 0x3E, 0xF8, 0x02, 0xF7, 0xC0, 0x00, 0x7C, 0xF4, 0x03, 0xE3,
    0xC0, 0x00, 0xF8, 0xF4, 0x03, 0xD3, 0xC0, 0x01, 0xF1, 0xF0, 0x03, 0xC3, 0xD0, 0x03, 0xD2, 0xF0,
    0x07, 0xC3, 0xD0, 0x0B, 0xC3, 0xE0, 0x0B, 0xC2, 0xD0, 0x0F, 0x43, 0xD0, 0x0F, 0x82, 0xE0, 0x2F,
    0x07, 0xD0, 0x0F, 0x41, 0xE0, 0x3C, 0x0B, 0xC0, 0x1F, 0x01, 0xF0, 0xB8, 0x0F, 0xC0, 0x1F, 0x00,
    0xF0, 0xF0, 0x0F, 0x80, 0x2F, 0x00, 0xF2, 0xE0, 0x0F, 0x40, 0x3E, 0x00, 0xF7, 0xC0, 0x1F, 0x00,
    0x3D, 0x00, 0xFF, 0x80, 0x2F, 0x00, 0x7C, 0x00, 0xFF, 0x00, 0x3F, 0x50, 0xBC, 0x00, 0xBD, 0x00,
    0x3F, 0xF0, 0xB8, 0x00, 0xBC, 0x00, 0x3F, 0xE0, 0x00, 0x00, 0x00, 0x00, 0x03, 0xC0, 0x00, 0x00,
    0x00, 0x00, 0x0B, 0x80, 0x00, 0x00, 0x00, 0x00, 0x1F, 0x00, 0x00, 0x00, 0x00, 0x00, 0x3E, 0x00,
    0x00, 0x00, 0x00, 0x00, 0xBD, 0x00, 0x00, 0x00, 0x00, 0x00, 0x64, 0x00, 0x00, 0xFE, 0x00, 0x01,
    0xFE, 0x00, 0xFE, 0x00, 0x03, 0xFD, 0x01, 0xFF, 0x00, 0x07, 0xFC, 0x02, 0xEF, 0x00, 0x0F, 0xBC,
    0x03, 0xDF, 0x00, 0x1F, 0xB8, 0x03, 0xCF, 0x00, 0x3C, 0xF4, 0x03, 0xCB, 0x40, 0x78, 0xF4, 0x07,
    0xCB, 0x40, 0xF0, 0xF0, 0x0B, 0x87, 0x82, 0xE1, 0xF0, 0x0F, 0x47, 0x83, 0xC2, 0xE0, 0x0F, 0x03,
    0xCB, 0x83, 0xD0, 0x0F, 0x03, 0xCF, 0x03, 0xD0, 0x1F, 0x03, 0xFD, 0x07, 0xC0, 0x2E, 0x03, 0xFC,
    0x07, 0xC0, 0x3D, 0x02, 0xF4, 0x0B, 0xFC, 0x3C, 0x02, 0xF0, 0x0F, 0xF4, 0x00, 0x00, 0x00, 0x00,
    0xF0, 0x00, 0x00, 0x00, 0x02, 0xE0, 0x00, 0x00, 0x00, 0x03, 0xC0, 0x00, 0x00, 0x00, 0x0B, 0x80,
    0x00, 0x00, 0x00, 0x0F, 0x40, 0x00, 0x00, 0x00, 0x19, 0x00, 0x00, 0x7F, 0xFF, 0x00, 0x0B, 0xFF,
    0x40, 0x00, 0x7C, 0x00, 0x00, 0x2F, 0x00, 0x00, 0x0F, 0xC0, 0x00, 0x03, 0xE0, 0x00, 0x00, 0xF4,
    0x00, 0x00, 0x7C, 0x00, 0x00, 0x2F, 0x00, 0x00, 0x0F, 0x80, 0x00, 0x03, 0xE0, 0x00, 0x00, 0xF4,
    0x00, 0x00, 0x7C, 0x00, 0x00, 0x2F, 0x00, 0x00, 0x0F, 0x80, 0x00, 0x03, 0xD0, 0x00, 0x01, 0xF4,
    0x00, 0x00, 0xBC, 0x00, 0x00, 0x2F, 0x00, 0x00, 0xBF, 0xF8, 0x00, 0x7F, 0xFF, 0x00, 0x00, 0x00,
    0x00, 0x3D, 0x00, 0xF4, 0x00, 0x00, 0xBC, 0x0F, 0xC0, 0x00, 0x00, 0xFF, 0xFC, 0x00, 0x00, 0x00,
    0xBE, 0x40, 0x00, 0x00, 0x00, 0x00, 0x00, 0x00, 0x00, 0x00, 0x00, 0x00, 0x00, 0x00, 0x2F, 0x40,
    0x00, 0x00, 0x00, 0xFE, 0x00, 0x00, 0x00, 0x0B, 0xF8, 0x00, 0x00, 0x00, 0x3E, 0xF0, 0x00, 0x00,
    0x03, 0xE7, 0xC0, 0x00, 0x00, 0x1F, 0x1F, 0x00, 0x00, 0x00, 0xF8, 0x3C, 0x00, 0x00, 0x07, 0xC0,
    0xF4, 0x00, 0x00, 0x3E, 0x03, 0xD0, 0x00, 0x01, 0xF0, 0x0F, 0x80, 0x00, 0x0F, 0x80, 0x3E, 0x00,
    0x00, 0xBC, 0x00, 0xBC, 0x00, 0x03, 0xFF, 0xFF, 0xF0, 0x00, 0x2F, 0xFF, 0xFF, 0xC0, 0x00, 0xF9,
    0x55, 0x6F, 0x00, 0x0B, 0xC0, 0x00, 0x7D, 0x00, 0x3D, 0x00, 0x00, 0xF4, 0x03, 0xF0, 0x00, 0x03,
    0xE0, 0x1F, 0x40, 0x00, 0x0F, 0x80, 0xFC, 0x00, 0x00, 0x3F, 0x07, 0xD0, 0x00, 0x00, 0xBC, 0x00,
    0x00, 0x1F, 0x00, 0xF8, 0x00, 0x1F, 0x01, 0xF0, 0x00, 0x0F, 0xEF, 0xD0, 0x00, 0x02, 0xFE, 0x40,
    0x00, 0x00, 0x00, 0x00, 0x00, 0x00, 0x00, 0x00, 0x00, 0x1F, 0xF0, 0x3C, 0x00, 0xFF, 0xFD, 0x78,
    0x03, 0xF8, 0x1F, 0xF8, 0x0B, 0xD0, 0x07, 0xF4, 0x0F, 0x80, 0x03, 0xF0, 0x2F, 0x00, 0x03, 0xF0,
    0x3F, 0x00, 0x03, 0xE0, 0x3D, 0x00, 0x03, 0xD0, 0x7C, 0x00, 0x07, 0xD0, 0xBC, 0x00, 0x0F, 0xC0,
    0xBC, 0x00, 0x0F, 0xC0, 0xBC, 0x00, 0x3F, 0x80, 0x7D, 0x00, 0xBF, 0x40, 0x3F, 0x47, 0xDF, 0x00,
    0x2F, 0xFF, 0x4F, 0x00, 0x07, 0xF8, 0x1F, 0x00, 0x00, 0x00, 0x0B, 0x01, 0xD0, 0x00, 0x00, 0xF4,
    0x3E, 0x00, 0x00, 0x0F, 0x02, 0xC0, 0x00, 0x00, 0x00, 0x00, 0x00, 0x00, 0x00, 0x00, 0x00, 0x00,
    0x00, 0x00, 0x00, 0x00, 0x00, 0x02, 0xF4, 0x00, 0x00, 0x00, 0x3F, 0x80, 0x00, 0x00, 0x0B, 0xF8,
    0x00, 0x00, 0x00, 0xFB, 0xC0, 0x00, 0x00, 0x3E, 0x7C, 0x00, 0x00, 0x07, 0xC7, 0xC0, 0x00, 0x00,
    0xF8, 0x3C, 0x00, 0x00, 0x1F, 0x03, 0xD0, 0x00, 0x03, 0xE0, 0x3D, 0x00, 0x00, 0x7C, 0x03, 0xE0,
    0x00, 0x0F, 0x80, 0x3E, 0x00, 0x02, 0xF0, 0x02, 0xF0, 0x00, 0x3F, 0xFF, 0xFF, 0x00, 0x0B, 0xFF,
    0xFF, 0xF0, 0x00, 0xF9, 0x55, 0x6F, 0x00, 0x2F, 0x00, 0x01, 0xF4, 0x03, 0xD0, 0x00, 0x0F, 0x40,
    0xFC, 0x00, 0x00, 0xF8, 0x1F, 0x40, 0x00, 0x0F, 0x83, 0xF0, 0x00, 0x00, 0xFC, 0x7D, 0x00, 0x00,
    0x0B, 0xC0, 0x00, 0x0F, 0x02, 0xD0, 0x00, 0x1F, 0x43, 0xE0, 0x00, 0x0F, 0x02, 0xC0, 0x00, 0x00,
    0x00, 0x00, 0x00, 0x00, 0x00, 0x00, 0x00, 0x1F, 0xF0, 0x3C, 0x00, 0xFF, 0xFD, 0x78, 0x03, 0xF8,
    0x1F, 0xF8, 0x0B, 0xD0, 0x07, 0xF4, 0x0F, 0x80, 0x03, 0xF0, 0x2F, 0x00, 0x03, 0xF0, 0x3F, 0x00,
    0x03, 0xE0, 0x3D, 0x00, 0x03, 0xD0, 0x7C, 0x00, 0x07, 0xD0, 0xBC, 0x00, 0x0F, 0xC0, 0xBC, 0x00,
    0x0F, 0xC0, 0xBC, 0x00, 0x3F, 0x80, 0x7D, 0x00, 0xBF, 0x40, 0x3F, 0x47, 0xDF, 0x00, 0x2F, 0xFF,
    0x4F, 0x00, 0x07, 0xF8, 0x1F, 0x00, 0x00, 0x00, 0x00, 0x2F, 0xFF, 0xFF, 0xFC, 0x00, 0x00, 0x00,
    0x7F, 0xFF, 0xFF, 0xFC, 0x00, 0x00, 0x00, 0xF8, 0xF8, 0x00, 0x00, 0x00, 0x00, 0x02, 0xF0, 0xF4,
    0x00, 0x00, 0x00, 0x00, 0x03, 0xD1, 0xF4, 0x00, 0x00, 0x00, 0x00, 0x0F, 0xC2, 0xF0, 0x00, 0x00,
    0x00, 0x00, 0x1F, 0x03, 0xF0, 0x00, 0x00, 0x00, 0x00, 0x3E, 0x03, 0xE0, 0x00, 0x00, 0x00, 0x00,
    0xBC, 0x03, 0xD0, 0x00, 0x00, 0x00, 0x01, 0xF4, 0x07, 0xFF, 0xFF, 0x80, 0x00, 0x03, 0xE0, 0x0B,
    0xFF, 0xFF, 0x80, 0x00, 0x0B, 0xC0, 0x0F, 0xC0, 0x00, 0x00, 0x00, 0x1F, 0xFF, 0xFF, 0x80, 0x00,
    0x00, 0x00, 0x3F, 0xFF, 0xFF, 0x40, 0x00, 0x00, 0x00, 0xBC, 0x00, 0x2F, 0x00, 0x00, 0x00, 0x00,
    0xF8, 0x00, 0x2F, 0x00, 0x00, 0x00, 0x03, 0xF0, 0x00, 0x3F, 0x00, 0x00, 0x00, 0x07, 0xD0, 0x00,
    0x3E, 0x00, 0x00, 0x00, 0x0F, 0xC0, 0x00, 0x7D, 0x00, 0x00, 0x00, 0x2F, 0x00, 0x00, 0x7F, 0xFF,
    0xFC, 0x00, 0x7E, 0x00, 0x00, 0xBF, 0xFF, 0xFC, 0x00, 0x00, 0x1F, 0xE0, 0xB1, 0xBF, 0x40, 0x03,
    0xFF, 0xE3, 0xEF, 0xFF, 0x80, 0x3F, 0x82, 0xEF, 0xF4, 0x3F, 0x02, 0xF4, 0x03, 0xFF, 0x00, 0x7D,
    0x0F, 0x80, 0x0B, 0xF0, 0x01, 0xF0, 0xBC, 0x00, 0x1F, 0x80, 0x0F, 0xC3, 0xE0, 0x00, 0xBC, 0x06,
    0xFC, 0x0F, 0x40, 0x02, 0xFF, 0xFF, 0xC0, 0x7C, 0x00, 0x0F, 0xFF, 0xA0, 0x02, 0xF0, 0x00, 0x7E,
    0x00, 0x00, 0x0B, 0xC0, 0x03, 0xF8, 0x00, 0x00, 0x2F, 0x00, 0x1F, 0xE0, 0x00, 0x00, 0x7D, 0x01,
    0xFF, 0xC0, 0x00, 0x00, 0xFC, 0x2E, 0xBF, 0xD0, 0x6D, 0x02, 0xFF, 0xE2, 0xDF, 0xFF, 0xF4, 0x02,
    0xFD, 0x0F, 0x0B, 0xFE, 0x40, 0x00, 0x0B, 0x80, 0x3D, 0x00, 0x07, 0xC0, 0xBC, 0x00, 0x03, 0xFF,
    0xF4, 0x00, 0x00, 0xAE, 0x80, 0x00, 0x00, 0x00, 0x00, 0x00, 0x00, 0x00, 0x00, 0x00, 0xBF, 0xFF,
    0xFC, 0x00, 0xBF, 0xFF, 0xFC, 0x00, 0xF8, 0x00, 0x00, 0x00, 0xF4, 0x00, 0x00, 0x01, 0xF0, 0x00,
    0x00, 0x02, 0xF0, 0x00, 0x00, 0x03, 0xF0, 0x00, 0x00, 0x03, 0xE0, 0x00, 0x00, 0x03, 0xD0, 0x00,
    0x00, 0x07, 0xFF, 0xFF, 0x80, 0x0B, 0xFF, 0xFF, 0x40, 0x0F, 0xC0, 0x00, 0x00, 0x0F, 0x80, 0x00,
    0x00, 0x0F, 0x40, 0x00, 0x00, 0x1F, 0x00, 0x00, 0x00, 0x2F, 0x00, 0x00, 0x00, 0x3F, 0x00, 0x00,
    0x00, 0x3E, 0x00, 0x00, 0x00, 0x7D, 0x00, 0x00, 0x00, 0x7F, 0xFF, 0xFC, 0x00, 0xBF, 0xFF, 0xFC,
    0x00, 0x00, 0x3D, 0x00, 0xF0, 0x00, 0xB8, 0x0F, 0x80, 0x01, 0xFE, 0xFC, 0x00, 0x01, 0xFF, 0x80,
    0x00, 0x00, 0x00, 0x00, 0x00, 0x00, 0x00, 0x00, 0x01, 0xFF, 0x80, 0x00, 0x3F, 0xFF, 0xC0, 0x03,
    0xF8, 0x2F, 0x80, 0x2F, 0x40, 0x3E, 0x00, 0xF4, 0x00, 0xF8, 0x0B, 0xC0, 0x0B, 0xC0, 0x3E, 0x06,
    0xFE, 0x01, 0xFF, 0xFF, 0xD0, 0x07, 0xFF, 0xE4, 0x00, 0x2F, 0x00, 0x00, 0x00, 0xBC, 0x00, 0x00,
    0x01, 0xF0, 0x00, 0x00, 0x03, 0xE0, 0x00, 0x00, 0x0F, 0xE0, 0x1B, 0x00, 0x0F, 0xFF, 0xFC, 0x00,
    0x0B, 0xFE, 0x40, 0x00, 0x00, 0x1B, 0xFF, 0x80, 0x00, 0x1F, 0xFF, 0xFF, 0x80, 0x01, 0xE5, 0x01,
    0xFE, 0x00, 0x00, 0x00, 0x03, 0xF4, 0x00, 0x00, 0x00, 0x0F, 0x80, 0x00, 0x00, 0x00, 0xBC, 0x00,
    0x00, 0x00, 0x0B, 0xC0, 0x00, 0x00, 0x00, 0x7D, 0x00, 0x00, 0x00, 0x07, 0xD0, 0x00, 0x6F, 0xFF,
    0xFC, 0x01, 0xFF, 0xFF, 0xFF, 0xC0, 0xFF, 0xE4, 0x00, 0xFC, 0x3F, 0xC0, 0x00, 0x1F, 0x87, 0xF0,
    0x00, 0x03, 0xF0, 0xBC, 0x00, 0x00, 0x7F, 0x0F, 0xC0, 0x00, 0x0F, 0xD0, 0xFC, 0x00, 0x02, 0xF8,
    0x0B, 0xD0, 0x00, 0xBF, 0x00, 0x3F, 0x40, 0xBF, 0x80, 0x01, 0xFF, 0xFF, 0xD0, 0x00, 0x02, 0xFF,
    0x90, 0x00, 0x00, 0x00, 0xBF, 0xE0, 0x00, 0x7F, 0xFF, 0xD0, 0x07, 0x40, 0x7F, 0x00, 0x00, 0x00,
    0xF8, 0x00, 0x00, 0x0F, 0xC0, 0x00, 0x00, 0xBC, 0x00, 0x00, 0x0B, 0xC0, 0x06, 0xFF, 0xFC, 0x03,
    0xFF, 0xFF, 0x81, 0xFE, 0x40, 0xF4, 0x3F, 0x00, 0x2F, 0x03, 0xD0, 0x03, 0xE0, 0x7D, 0x00, 0xFC,
    0x03, 0xF0, 0x7F, 0x40, 0x2F, 0xFF, 0xD0, 0x00, 0x7F, 0xE0, 0x00, 0x00, 0x00, 0xF0, 0x2C, 0x00,
    0x00, 0x1F, 0x03, 0xD0, 0x00, 0x00, 0xE0, 0x3C, 0x00, 0x00, 0x00, 0x00, 0x00, 0x00, 0x00, 0x00,
    0x00, 0x00, 0x00, 0x00, 0x00, 0x00, 0x00, 0x1B, 0xFF, 0x80, 0x00, 0x1F, 0xFF, 0xFF, 0x80, 0x01,
    0xE5, 0x01, 0xFE, 0x00, 0x00, 0x00, 0x03, 0xF4, 0x00, 0x00, 0x00, 0x0F, 0x80, 0x00, 0x00, 0x00,
    0xBC, 0x00, 0x00, 0x00, 0x0B, 0xC0, 0x00, 0x00, 0x00, 0x7D, 0x00, 0x00, 0x00, 0x07, 0xD0, 0x00,
    0x6F, 0xFF, 0xFC, 0x01, 0xFF, 0xFF, 0xFF, 0xC0, 0xFF, 0xE4, 0x00, 0xFC, 0x3F, 0xC0, 0x00, 0x1F,
    0x87, 0xF0, 0x00, 0x03, 0xF0, 0xBC, 0x00, 0x00, 0x7F, 0x0F, 0xC0, 0x00, 0x0F, 0xD0, 0xFC, 0x00,
    0x02, 0xF8, 0x0B, 0xD0, 0x00, 0xBF, 0x00, 0x3F, 0x40, 0xBF, 0x80, 0x01, 0xFF, 0xFF, 0xD0, 0x00,
    0x02, 0xFF, 0x90, 0x00, 0x00, 0x00, 0x0F, 0x03, 0xC0, 0x02, 0xF0, 0x7D, 0x00, 0x1E, 0x03, 0x80,
    0x00, 0x00, 0x00, 0x00, 0x00, 0x00, 0x00, 0x0B, 0xFE, 0x00, 0x07, 0xFF, 0xFD, 0x00, 0x74, 0x07,
    0xF0, 0x00, 0x00, 0x0F, 0x80, 0x00, 0x00, 0xFC, 0x00, 0x00, 0x0B, 0xC0, 0x00, 0x00, 0xBC, 0x00,
    0x6F, 0xFF, 0xC0, 0x3F, 0xFF, 0xF8, 0x1F, 0xE4, 0x0F, 0x43, 0xF0, 0x02, 0xF0, 0x3D, 0x00, 0x3E,
    0x07, 0xD0, 0x0F, 0xC0, 0x3F, 0x07, 0xF4, 0x02, 0xFF, 0xFD, 0x00, 0x07, 0xFE, 0x00, 0x00, 0x00,
    0x00, 0x00, 0x0E, 0x03, 0xC0, 0x00, 0x00, 0x00, 0x00, 0x2F, 0x07, 0xD0, 0x00, 0x00, 0x00, 0x00,
    0x1E, 0x03, 0xC0, 0x00, 0x00, 0x00, 0x00, 0x00, 0x00, 0x00, 0x00, 0x00, 0x00, 0x00, 0x00, 0x00,
    0x00, 0x00, 0x00, 0x00, 0x00, 0x00, 0x00, 0x00, 0x00, 0x00, 0x0B, 0x80, 0x02, 0xF0, 0x00, 0x7E,
    0x00, 0x07, 0xC0, 0x03, 0xE0, 0x01, 0xF8, 0x00, 0x03, 0xE0, 0x03, 0xD0, 0x03, 0xF0, 0x00, 0x01,
    0xF0, 0x07, 0xC0, 0x0F, 0xC0, 0x00, 0x00, 0xF4, 0x0B, 0xC0, 0x3F, 0x00, 0x00, 0x00, 0xBC, 0x0B,
    0xC0, 0xBD, 0x00, 0x00, 0x00, 0x3C, 0x0F, 0x81, 0xF4, 0x00, 0x00, 0x00, 0x3E, 0x0F, 0x47, 0xE0,
    0x00, 0x00, 0x00, 0x1F, 0x1F, 0x0F, 0xC0, 0x00, 0x00, 0x00, 0x0F, 0xFF, 0xFF, 0x00, 0x00, 0x00,
    0x00, 0x2F, 0xFF, 0xFD, 0x00, 0x00, 0x00, 0x00, 0x7E, 0x7E, 0x7E, 0x00, 0x00, 0x00, 0x01, 0xF8,
    0x3D, 0x2F, 0x00, 0x00, 0x00, 0x03, 0xF0, 0x7C, 0x0F, 0x80, 0x00, 0x00, 0x0F, 0xC0, 0xBC, 0x0B,
    0xC0, 0x00, 0x00, 0x3F, 0x40, 0xF8, 0x07, 0xD0, 0x00, 0x00, 0xBD, 0x00, 0xF8, 0x03, 0xE0, 0x00,
    0x02, 0xF8, 0x00, 0xF4, 0x02, 0xF0, 0x00, 0x07, 0xE0, 0x01, 0xF0, 0x00, 0xF8, 0x00, 0x1F, 0xC0,
    0x02, 0xF0, 0x00, 0xBC, 0x00, 0x3F, 0x00, 0x03, 0xE0, 0x00, 0x7D, 0x00, 0x00, 0x00, 0x00, 0x78,
    0x1F, 0x00, 0x00, 0x00, 0x00, 0x03, 0xE0, 0xBC, 0x00, 0x00, 0x00, 0x00, 0x0B, 0x41, 0xD0, 0x00,
    0x00, 0x00, 0x00, 0x00, 0x00, 0x00, 0x00, 0x00, 0x00, 0x00, 0x00, 0x00, 0x00, 0x00, 0x07, 0xF8,
    0x00, 0x3E, 0x00, 0x1F, 0xE0, 0x1F, 0xF8, 0x00, 0xF4, 0x03, 0xFF, 0x80, 0x02, 0xF4, 0x07, 0xC0,
    0x3F, 0x40, 0x00, 0x03, 0xE0, 0x1F, 0x02, 0xF0, 0x00, 0x00, 0x0B, 0xC0, 0xBC, 0x0F, 0x80, 0x00,
    0x00, 0x2F, 0x03, 0xE0, 0x7C, 0x00, 0x00, 0x00, 0xBC, 0x0F, 0x43, 0xE0, 0x00, 0x00, 0x02, 0xFF,
    0xFF, 0xFF, 0x40, 0x00, 0x00, 0x0F, 0xFF, 0xFF, 0xFD, 0x00, 0x00, 0x00, 0x3D, 0x0B, 0x81, 0xF0,
    0x00, 0x00, 0x01, 0xF0, 0x3E, 0x07, 0xC0, 0x00, 0x00, 0x0F, 0x80, 0xF4, 0x1F, 0x40, 0x00, 0x00,
    0xBC, 0x07, 0xC0, 0x3E, 0x00, 0x00, 0x0B, 0xD0, 0x2F, 0x00, 0xBD, 0x00, 0x0F, 0xFE, 0x00, 0xB8,
    0x00, 0xFF, 0xC0, 0x3F, 0x90, 0x03, 0xD0, 0x00, 0xBF, 0x00, 0x00, 0x00, 0xF0, 0x2C, 0x00, 0x01,
    0xF0, 0x3D, 0x00, 0x00, 0xE0, 0x3C, 0x00, 0x00, 0x00, 0x00, 0x00, 0x00, 0x00, 0x00, 0x00, 0x00,
    0x00, 0x00, 0x00, 0x1B, 0xFF, 0x40, 0x00, 0xBF, 0xFF, 0xF0, 0x00, 0x35, 0x06, 0xFC, 0x00, 0x00,
    0x00, 0xBD, 0x00, 0x00, 0x00, 0x3E, 0x00, 0x00, 0x00, 0x3E, 0x00, 0x00, 0x00, 0x7D, 0x00, 0x00,
    0x00, 0xFC, 0x00, 0x00, 0x07, 0xF0, 0x00, 0x3F, 0xFF, 0x80, 0x00, 0x3F, 0xFE, 0x00, 0x00, 0x00,
    0x1F, 0xC0, 0x00, 0x00, 0x03, 0xF0, 0x00, 0x00, 0x01, 0xF0, 0x00, 0x00, 0x01, 0xF0, 0x00, 0x00,
    0x02, 0xF0, 0x00, 0x00, 0x03, 0xF0, 0x00, 0x00, 0x0B, 0xD0, 0x79, 0x00, 0x7F, 0x80, 0x7F, 0xFF,
    0xFE, 0x00, 0x1B, 0xFF, 0xE0, 0x00, 0x00, 0x3C, 0x0B, 0x40, 0x1F, 0x43, 0xE0, 0x03, 0x80, 0xF0,
    0x00, 0x00, 0x00, 0x00, 0x00, 0x00, 0x00, 0x6F, 0xF8, 0x00, 0xBF, 0xFF, 0xC0, 0x0D, 0x02, 0xF8,
    0x00, 0x00, 0x3F, 0x00, 0x00, 0x0B, 0xC0, 0x00, 0x03, 0xE0, 0x00, 0x07, 0xF0, 0x00, 0xFF, 0xE0,
    0x00, 0x7F, 0xF8, 0x00, 0x00, 0x1F, 0x80, 0x00, 0x02, 0xF0, 0x00, 0x00, 0xBC, 0x00, 0x00, 0x3F,
    0x0E, 0x40, 0x7F, 0x43, 0xFF, 0xFF, 0x40, 0x2F, 0xFE, 0x00, 0x00, 0x00, 0xBF, 0xFF, 0xFF, 0x00,
    0xFF, 0xFF, 0xFE, 0x00, 0x00, 0x01, 0xFC, 0x00, 0x00, 0x07, 0xF0, 0x00, 0x00, 0x1F, 0x80, 0x00,
    0x00, 0x7E, 0x00, 0x00, 0x01, 0xF8, 0x00, 0x00, 0x0B, 0xD0, 0x00, 0x00, 0x2F, 0x40, 0x00, 0x00,
    0x3F, 0xF8, 0x00, 0x00, 0x7F, 0xFF, 0x40, 0x00, 0x00, 0x2F, 0xC0, 0x00, 0x00, 0x0B, 0xD0, 0x00,
    0x00, 0x03, 0xE0, 0x00, 0x00, 0x03, 0xE0, 0x00, 0x00, 0x07, 0xE0, 0x00, 0x00, 0x0B, 0xC0, 0x40,
    0x00, 0x1F, 0x80, 0xF9, 0x01, 0xBF, 0x00, 0xFF, 0xFF, 0xFC, 0x00, 0x1B, 0xFF, 0x80, 0x00, 0x00,
    0xBF, 0xFF, 0xFC, 0x00, 0xFF, 0xFF, 0xFC, 0x00, 0x00, 0x03, 0xF0, 0x00, 0x00, 0x0B, 0xD0, 0x00,
    0x00, 0x2F, 0x40, 0x00, 0x00, 0xBD, 0x00, 0x00, 0x01, 0xF4, 0x00, 0x00, 0x07, 0xD0, 0x00, 0x00,
    0x1F, 0x40, 0x00, 0x00, 0x3F, 0x90, 0x00, 0x00, 0x7F, 0xFC, 0x00, 0x00, 0x01, 0xFF, 0x00, 0x00,
    0x00, 0x2F, 0x40, 0x00, 0x00, 0x0F, 0x80, 0x00, 0x00, 0x0B, 0xC0, 0x00, 0x00, 0x0B, 0xC0, 0x00,
    0x00, 0x0F, 0xC0, 0x00, 0x00, 0x0F, 0x80, 0x00, 0x00, 0x2F, 0x00, 0x00, 0x00, 0x7E, 0x00, 0xE4,
    0x06, 0xFC, 0x00, 0xFF, 0xFF, 0xF0, 0x00, 0x2F, 0xFE, 0x40, 0x00, 0x00, 0x00, 0x00, 0x00, 0x00,
    0x00, 0x00, 0x07, 0xFF, 0xF8, 0x00, 0x00, 0x02, 0xFF, 0xFD, 0x00, 0x00, 0x00, 0x00, 0x00, 0x00,
    0x00, 0x00, 0x00, 0x00, 0x00, 0x00, 0x0B, 0xC0, 0x00, 0x0F, 0xC0, 0x03, 0xE0, 0x00, 0x0F, 0xF0,
    0x00, 0xF4, 0x00, 0x0B, 0xF8, 0x00, 0x7D, 0x00, 0x07, 0xFD, 0x00, 0x2F, 0x00, 0x03, 0xEF, 0x00,
    0x0F, 0xC0, 0x03, 0xE7, 0xC0, 0x03, 0xE0, 0x02, 0xF2, 0xF0, 0x00, 0xF4, 0x01, 0xF0, 0xF8, 0x00,
    0x7C, 0x00, 0xF4, 0x3D, 0x00, 0x2F, 0x00, 0xF8, 0x1F, 0x00, 0x0F, 0xC0, 0xBC, 0x0B, 0xC0, 0x03,
    0xE0, 0x7C, 0x03, 0xF0, 0x00, 0xF4, 0x3D, 0x00, 0xF8, 0x00, 0x7C, 0x3E, 0x00, 0x7D, 0x00, 0x2F,
    0x2F, 0x00, 0x1F, 0x00, 0x0F, 0x9F, 0x00, 0x0B, 0xC0, 0x03, 0xEF, 0x40, 0x03, 0xE0, 0x01, 0xFF,
    0x80, 0x00, 0xF4, 0x00, 0xBF, 0xC0, 0x00, 0x7D, 0x00, 0x2F, 0xC0, 0x00, 0x2F, 0x00, 0x0F, 0xD0,
    0x00, 0x0F, 0xC0, 0x00, 0x00, 0x00, 0x00, 0x00, 0x00, 0x0F, 0xFF, 0xE0, 0x00, 0x1F, 0xFF, 0xD0,
    0x00, 0x00, 0x00, 0x00, 0x00, 0x00, 0x00, 0x00, 0x03, 0xD0, 0x00, 0xBC, 0x07, 0xC0, 0x00, 0xF8,
    0x0B, 0xC0, 0x00, 0xF8, 0x0F, 0xC0, 0x00, 0xF4, 0x0F, 0x80, 0x01, 0xF0, 0x0F, 0x40, 0x02, 0xF0,
    0x1F, 0x00, 0x03, 0xE0, 0x2F, 0x00, 0x03, 0xD0, 0x3F, 0x00, 0x07, 0xD0, 0x3E, 0x00, 0x0F, 0xC0,
    0x3D, 0x00, 0x0F, 0xC0, 0x7C, 0x00, 0x3F, 0x80, 0x7D, 0x00, 0xBF, 0x40, 0x3F, 0x47, 0xDF, 0x00,
    0x2F, 0xFF, 0x4F, 0x00, 0x0B, 0xF8, 0x1F, 0x00, 0x00, 0x00, 0x0B, 0x01, 0xD0, 0x00, 0x00, 0x03,
    0xD0, 0xF8, 0x00, 0x00, 0x00, 0xF0, 0x2D, 0x00, 0x00, 0x00, 0x00, 0x00, 0x00, 0x00, 0x00, 0x00,
    0x00, 0x00, 0x00, 0x00, 0x00, 0x00, 0x00, 0x00, 0x02, 0xF0, 0x00, 0x03, 0xF0, 0x00, 0xF8, 0x00,
    0x03, 0xFC, 0x00, 0x3D, 0x00, 0x02, 0xFE, 0x00, 0x1F, 0x40, 0x01, 0xFF, 0x40, 0x0B, 0xC0, 0x00,
    0xFB, 0xC0, 0x03, 0xF0, 0x00, 0xF9, 0xF0, 0x00, 0xF8, 0x00, 0xBC, 0xBC, 0x00, 0x3D, 0x00, 0x7C,
    0x3E, 0x00, 0x1F, 0x00, 0x3D, 0x0F, 0x40, 0x0B, 0xC0, 0x3E, 0x07, 0xC0, 0x03, 0xF0, 0x2F, 0x02,
    0xF0, 0x00, 0xF8, 0x1F, 0x00, 0xFC, 0x00, 0x3D, 0x0F, 0x40, 0x3E, 0x00, 0x1F, 0x0F, 0x80, 0x1F,
    0x40, 0x0B, 0xCB, 0xC0, 0x07, 0xC0, 0x03, 0xE7, 0xC0, 0x02, 0xF0, 0x00, 0xFB, 0xD0, 0x00, 0xF8,
    0x00, 0x7F, 0xE0, 0x00, 0x3D, 0x00, 0x2F, 0xF0, 0x00, 0x1F, 0x40, 0x0B, 0xF0, 0x00, 0x0B, 0xC0,
    0x03, 0xF4, 0x00, 0x03, 0xF0, 0x00, 0x00, 0x0B, 0x41, 0xE0, 0x00, 0x0F, 0x83, 0xF0, 0x00, 0x0B,
    0x02, 0xD0, 0x00, 0x00, 0x00, 0x00, 0x00, 0x00, 0x00, 0x00, 0x03, 0xD0, 0x00, 0xBC, 0x07, 0xC0,
    0x00, 0xF8, 0x0B, 0xC0, 0x00, 0xF8, 0x0F, 0xC0, 0x00, 0xF4, 0x0F, 0x80, 0x01, 0xF0, 0x0F, 0x40,
    0x02, 0xF0, 0x1F, 0x00, 0x03, 0xE0, 0x2F, 0x00, 0x03, 0xD0, 0x3F, 0x00, 0x07, 0xD0, 0x3E, 0x00,
    0x0F, 0xC0, 0x3D, 0x00, 0x0F, 0xC0, 0x7C, 0x00, 0x3F, 0x80, 0x7D, 0x00, 0xBF, 0x40, 0x3F, 0x47,
    0xDF, 0x00, 0x2F, 0xFF, 0x4F, 0x00, 0x0B, 0xF8, 0x1F, 0x00, 0x00, 0x00, 0x78, 0x1F, 0x00, 0x00,
    0x03, 0xE0, 0xBC, 0x00, 0x00, 0x0B, 0x41, 0xD0, 0x00, 0x00, 0x00, 0x00, 0x00, 0x00, 0x00, 0x00,
    0x00, 0x00, 0x00, 0x00, 0x00, 0x00, 0x00, 0x00, 0x1F, 0xFE, 0x00, 0x00, 0x0B, 0xFF, 0xFF, 0x40,
    0x00, 0xBF, 0x40, 0xBF, 0x40, 0x0B, 0xE0, 0x00, 0x3F, 0x00, 0xBE, 0x00, 0x00, 0x7E, 0x03, 0xF0,
    0x00, 0x00, 0xFC, 0x2F, 0x40, 0x00, 0x03, 0xF0, 0xFC, 0x00, 0x00, 0x0B, 0xC7, 0xD0, 0x00, 0x00,
    0x2F, 0x2F, 0x40, 0x00, 0x00, 0xBC, 0xBC, 0x00, 0x00, 0x03, 0xF3, 0xF0, 0x00, 0x00, 0x0F, 0xCF,
    0xC0, 0x00, 0x00, 0x7E, 0x3F, 0x00, 0x00, 0x02, 0xF4, 0xFC, 0x00, 0x00, 0x0F, 0xC2, 0xF0, 0x00,
    0x00, 0xBE, 0x07, 0xE0, 0x00, 0x07, 0xF0, 0x0F, 0xD0, 0x00, 0x7F, 0x00, 0x0F, 0xE4, 0x1B, 0xF4,
    0x00, 0x1F, 0xFF, 0xFF, 0x00, 0x00, 0x06, 0xFF, 0x90, 0x00, 0x00, 0x00, 0x1E, 0x03, 0xC0, 0x00,
    0xFC, 0x2F, 0x00, 0x01, 0xD0, 0x78, 0x00, 0x00, 0x00, 0x00, 0x00, 0x00, 0x00, 0x00, 0x00, 0x7F,
    0xE0, 0x00, 0x0F, 0xFF, 0xF4, 0x00, 0xFE, 0x07, 0xF0, 0x0F, 0xC0, 0x03, 0xE0, 0x7D, 0x00, 0x0B,
    0xC3, 0xF0, 0x00, 0x2F, 0x0F, 0x80, 0x00, 0xBC, 0x7D, 0x00, 0x02, 0xF1, 0xF0, 0x00, 0x0F, 0xCB,
    0xC0, 0x00, 0x3E, 0x2F, 0x00, 0x01, 0xF0, 0x7C, 0x00, 0x0F, 0xC0, 0xF8, 0x00, 0xBD, 0x02, 0xF8,
    0x1F, 0xE0, 0x03, 0xFF, 0xFE, 0x00, 0x01, 0xFF, 0x80, 0x00, 0x00, 0x01, 0xFF, 0xE0, 0x00, 0x00,
    0xBF, 0xFF, 0xF4, 0x00, 0x0B, 0xF4, 0x07, 0xF4, 0x00, 0xBD, 0x00, 0x03, 0xF0, 0x0B, 0xD0, 0x00,
    0x07, 0xE0, 0x3E, 0x00, 0x00, 0x0F, 0xC2, 0xF0, 0x00, 0x00, 0x2F, 0x0F, 0x80, 0x00, 0x00, 0xBC,
    0x7D, 0x00, 0x00, 0x02, 0xF2, 0xFF, 0xFF, 0xFF, 0xFF, 0xCB, 0xFF, 0xFF, 0xFF, 0xFF, 0x3F, 0x00,
    0x00, 0x00, 0xFC, 0xFC, 0x00, 0x00, 0x07, 0xE3, 0xF0, 0x00, 0x00, 0x2F, 0x4F, 0xC0, 0x00, 0x00,
    0xFC, 0x2F, 0x40, 0x00, 0x0B, 0xE0, 0x7E, 0x00, 0x00, 0x7F, 0x00, 0xFD, 0x00, 0x07, 0xF0, 0x00,
    0xFE, 0x41, 0xFF, 0x40, 0x01, 0xFF, 0xFF, 0xF0, 0x00, 0x00, 0x6F, 0xF9, 0x00, 0x00, 0x00, 0x1F,
    0xF8, 0x00, 0x03, 0xFF, 0xFD, 0x00, 0x3F, 0x81, 0xFD, 0x03, 0xF4, 0x00, 0xF8, 0x1F, 0x40, 0x02,
    0xF0, 0xFC, 0x00, 0x0B, 0xC3, 0xE0, 0x00, 0x2F, 0x1F, 0xFF, 0xFF, 0xFC, 0x7F, 0xFF, 0xFF, 0xF2,
    0xF0, 0x00, 0x0F, 0x8B, 0xC0, 0x00, 0x7C, 0x1F, 0x00, 0x03, 0xF0, 0x3E, 0x00, 0x2F, 0x40, 0xBE,
    0x07, 0xF8, 0x00, 0xFF, 0xFF, 0x40, 0x00, 0x7F, 0xE0, 0x00, 0x00, 0x00, 0xE0, 0x2C, 0x00, 0x00,
    0x0B, 0xC1, 0xF4, 0x00, 0x00, 0x1E, 0x03, 0xC0, 0x00, 0x00, 0x00, 0x00, 0x00, 0x00, 0x00, 0x00,
    0x00, 0x00, 0x00, 0x00, 0x00, 0x00, 0x00, 0x00, 0x1F, 0xFE, 0x00, 0x00, 0x0B, 0xFF, 0xFF, 0x40,
    0x00, 0xBF, 0x40, 0x7F, 0x40, 0x0B, 0xD0, 0x00, 0x3F, 0x00, 0xBD, 0x00, 0x00, 0x7E, 0x03, 0xE0,
    0x00, 0x00, 0xFC, 0x2F, 0x00, 0x00, 0x02, 0xF0, 0xF8, 0x00, 0x00, 0x0B, 0xC7, 0xD0, 0x00, 0x00,
    0x2F, 0x2F, 0xFF, 0xFF, 0xFF, 0xFC, 0xBF, 0xFF, 0xFF, 0xFF, 0xF3, 0xF0, 0x00, 0x00, 0x0F, 0xCF,
    0xC0, 0x00, 0x00, 0x7E, 0x3F, 0x00, 0x00, 0x02, 0xF4, 0xFC, 0x00, 0x00, 0x0F, 0xC2, 0xF4, 0x00,
    0x00, 0xBE, 0x07, 0xE0, 0x00, 0x07, 0xF0, 0x0F, 0xD0, 0x00, 0x7F, 0x00, 0x0F, 0xE4, 0x1F, 0xF4,
    0x00, 0x1F, 0xFF, 0xFF, 0x00, 0x00, 0x06, 0xFF, 0x90, 0x00, 0x00, 0x00, 0x1E, 0x07, 0xC0, 0x00,
    0xF8, 0x2F, 0x00, 0x02, 0xD0, 0x74, 0x00, 0x00, 0x00, 0x00, 0x00, 0x00, 0x00, 0x00, 0x00, 0x7F,
    0xE0, 0x00, 0x0F, 0xFF, 0xF4, 0x00, 0xFE, 0x07, 0xF4, 0x0F, 0xD0, 0x03, 0xE0, 0x7D, 0x00, 0x0B,
    0xC3, 0xF0, 0x00, 0x2F, 0x0F, 0x80, 0x00, 0xBC, 0x7F, 0xFF, 0xFF, 0xF1, 0xFF, 0xFF, 0xFF, 0xCB,
    0xC0, 0x00, 0x3E, 0x2F, 0x00, 0x01, 0xF0, 0x7C, 0x00, 0x0F, 0xC0, 0xF8, 0x00, 0xBD, 0x02, 0xF8,
    0x1F, 0xE0, 0x03, 0xFF, 0xFD, 0x00, 0x01, 0xFF, 0x80, 0x00, 0x00, 0x03, 0x80, 0xF0, 0x00, 0x02,
    0xF0, 0x7C, 0x00, 0x00, 0x78, 0x0E, 0x00, 0x00, 0x00, 0x00, 0x00, 0x00, 0x00, 0x00, 0x00, 0x00,
    0x00, 0x00, 0x00, 0x00, 0x06, 0xFF, 0xE4, 0x00, 0x0B, 0xFF, 0xFF, 0x80, 0x00, 0xE4, 0x07, 0xFC,
    0x00, 0x00, 0x00, 0x2F, 0x40, 0x00, 0x00, 0x03, 0xF0, 0x00, 0x00, 0x00, 0xBC, 0x00, 0x00, 0x00,
    0x1F, 0x40, 0x00, 0x00, 0x07, 0xD0, 0x00, 0x00, 0x01, 0xF4, 0x00, 0xFF, 0xFF, 0xFC, 0x00, 0x7F,
    0xFF, 0xFF, 0x00, 0x00, 0x00, 0x0F, 0xC0, 0x00, 0x00, 0x03, 0xE0, 0x00, 0x00, 0x01, 0xF4, 0x00,
    0x00, 0x00, 0xFC, 0x00, 0x00, 0x00, 0x7E, 0x00, 0x00, 0x00, 0x3F, 0x00, 0x00, 0x00, 0x7F, 0x00,
    0x64, 0x01, 0xBF, 0x40, 0x2F, 0xFF, 0xFF, 0x00, 0x02, 0xFF, 0xF9, 0x00, 0x00, 0x00, 0xB4, 0x1E,
    0x00, 0x3E, 0x0F, 0xC0, 0x0B, 0x01, 0xD0, 0x00, 0x00, 0x00, 0x00, 0x00, 0x00, 0x00, 0xBF, 0xF4,
    0x00, 0xBF, 0xFF, 0x80, 0x0D, 0x06, 0xF8, 0x00, 0x00, 0x3F, 0x00, 0x00, 0x07, 0xD0, 0x00, 0x00,
    0xF4, 0x00, 0x00, 0x3D, 0x03, 0xFF, 0xFF, 0x40, 0xFF, 0xFF, 0xD0, 0x00, 0x02, 0xF0, 0x00, 0x00,
    0xFC, 0x00, 0x00, 0x7D, 0x00, 0x00, 0x3F, 0x02, 0x40, 0x7F, 0x00, 0xFF, 0xFF, 0x00, 0x1F, 0xFD,
    0x00, 0x00, 0x00, 0x00, 0x00, 0x00, 0x00, 0x00, 0x07, 0xFF, 0xF8, 0x00, 0x00, 0x2F, 0xFF, 0xD0,
    0x00, 0x00, 0x00, 0x00, 0x00, 0x00, 0x00, 0x00, 0x00, 0x00, 0x0F, 0x80, 0x00, 0x0B, 0xD0, 0x2F,
    0x00, 0x00, 0x3F, 0x00, 0x7C, 0x00, 0x02, 0xF0, 0x00, 0xF4, 0x00, 0x0F, 0x80, 0x03, 0xE0, 0x00,
    0xFC, 0x00, 0x0B, 0xC0, 0x07, 0xD0, 0x00, 0x1F, 0x00, 0x3F, 0x00, 0x00, 0x3D, 0x01, 0xF0, 0x00,
    0x00, 0xFC, 0x0F, 0x80, 0x00, 0x02, 0xF0, 0xBC, 0x00, 0x00, 0x03, 0xC3, 0xD0, 0x00, 0x00, 0x0F,
    0x6F, 0x00, 0x00, 0x00, 0x2E, 0xF4, 0x00, 0x00, 0x00, 0x7F, 0x80, 0x00, 0x00, 0x00, 0xFC, 0x00,
    0x00, 0x00, 0x0B, 0xD0, 0x00, 0x00, 0x00, 0x7F, 0x00, 0x00, 0x00, 0x03, 0xF0, 0x00, 0x00, 0x15,
    0xBF, 0x40, 0x00, 0x00, 0xFF, 0xF4, 0x00, 0x00, 0x02, 0xFE, 0x00, 0x00, 0x00, 0x00, 0x00, 0x01,
    0xFF, 0xFE, 0x00, 0x00, 0x0B, 0xFF, 0xF4, 0x00, 0x00, 0x00, 0x00, 0x00, 0x00, 0x00, 0x00, 0x00,
    0x00, 0x00, 0xBC, 0x00, 0x03, 0xF0, 0x01, 0xF0, 0x00, 0x2F, 0x00, 0x03, 0xD0, 0x00, 0xF8, 0x00,
    0x0F, 0x40, 0x0B, 0xC0, 0x00, 0x3E, 0x00, 0x3E, 0x00, 0x00, 0xF8, 0x02, 0xF0, 0x00, 0x02, 0xF0,
    0x0F, 0x80, 0x00, 0x07, 0xC0, 0xBC, 0x00, 0x00, 0x1F, 0x03, 0xD0, 0x00, 0x00, 0x3C, 0x2F, 0x00,
    0x00, 0x00, 0xF0, 0xF4, 0x00, 0x00, 0x03, 0xDB, 0xC0, 0x00, 0x00, 0x0F, 0x7D, 0x00, 0x00, 0x00,
    0x2F, 0xF0, 0x00, 0x00, 0x00, 0x7F, 0x40, 0x00, 0x00, 0x01, 0xF8, 0x00, 0x00, 0x00, 0x07, 0xC0,
    0x00, 0x00, 0x00, 0x3E, 0x00, 0x00, 0x00, 0x02, 0xF0, 0x00, 0x00, 0x00, 0x1F, 0x80, 0x00, 0x00,
    0x01, 0xFC, 0x00, 0x00, 0x02, 0xFF, 0xC0, 0x00, 0x00, 0x0B, 0xF8, 0x00, 0x00, 0x00, 0x00, 0x00,
    0x00, 0xB0, 0x2D, 0x00, 0x00, 0x03, 0xD0, 0xF8, 0x00, 0x00, 0x0F, 0x02, 0xC0, 0x00, 0x00, 0x00,
    0x00, 0x00, 0x00, 0x00, 0x00, 0x00, 0x00, 0x00, 0x00, 0x00, 0x00, 0x00, 0x3E, 0x00, 0x00, 0x2F,
    0x40, 0xBC, 0x00, 0x00, 0xFC, 0x01, 0xF0, 0x00, 0x0B, 0xC0, 0x03, 0xD0, 0x00, 0x3E, 0x00, 0x0F,
    0x80, 0x03, 0xF0, 0x00, 0x2F, 0x00, 0x1F, 0x40, 0x00, 0x7C, 0x00, 0xFC, 0x00, 0x00, 0xF4, 0x07,
    0xC0, 0x00, 0x03, 0xF0, 0x3E, 0x00, 0x00, 0x0B, 0xC2, 0xF0, 0x00, 0x00, 0x0F, 0x0F, 0x40, 0x00,
    0x00, 0x3D, 0xBC, 0x00, 0x00, 0x00, 0xBB, 0xD0, 0x00, 0x00, 0x01, 0xFE, 0x00, 0x00, 0x00, 0x03,
    0xF0, 0x00, 0x00, 0x00, 0x2F, 0x40, 0x00, 0x00, 0x01, 0xFC, 0x00, 0x00, 0x00, 0x0F, 0xC0, 0x00,
    0x00, 0x56, 0xFD, 0x00, 0x00, 0x03, 0xFF, 0xD0, 0x00, 0x00, 0x0B, 0xF8, 0x00, 0x00, 0x00, 0x00,
    0x00, 0x00, 0xF0, 0x2D, 0x00, 0x00, 0x07, 0xD0, 0xF8, 0x00, 0x00, 0x0F, 0x02, 0xC0, 0x00, 0x00,
    0x00, 0x00, 0x00, 0x00, 0x00, 0x00, 0x00, 0x00, 0x02, 0xF0, 0x00, 0x0F, 0xC0, 0x07, 0xC0, 0x00,
    0xBC, 0x00, 0x0F, 0x40, 0x03, 0xE0, 0x00, 0x3D, 0x00, 0x2F, 0x00, 0x00, 0xF8, 0x00, 0xF8, 0x00,
    0x03, 0xE0, 0x0B, 0xC0, 0x00, 0x0B, 0xC0, 0x3E, 0x00, 0x00, 0x1F, 0x02, 0xF0, 0x00, 0x00, 0x7C,
    0x0F, 0x40, 0x00, 0x00, 0xF0, 0xBC, 0x00, 0x00, 0x03, 0xC3, 0xD0, 0x00, 0x00, 0x0F, 0x6F, 0x00,
    0x00, 0x00, 0x3D, 0xF4, 0x00, 0x00, 0x00, 0xBF, 0xC0, 0x00, 0x00, 0x01, 0xFD, 0x00, 0x00, 0x00,
    0x07, 0xE0, 0x00, 0x00, 0x00, 0x1F, 0x00, 0x00, 0x00, 0x00, 0xF8, 0x00, 0x00, 0x00, 0x0B, 0xC0,
    0x00, 0x00, 0x00, 0x7E, 0x00, 0x00, 0x00, 0x07, 0xF0, 0x00, 0x00, 0x0B, 0xFF, 0x00, 0x00, 0x00,
    0x2F, 0xE0, 0x00, 0x00, 0x00, 0x00, 0x00, 0x03, 0xE0, 0xF8, 0x00, 0x00, 0x3F, 0x0F, 0x80, 0x00,
    0x01, 0xF0, 0xBC, 0x00, 0x00, 0x0F, 0x07, 0xC0, 0x00, 0x00, 0xF0, 0x38, 0x00, 0x00, 0x00, 0x00,
    0x00, 0x00, 0x00, 0x00, 0x00, 0x00, 0x00, 0xF8, 0x00, 0x00, 0xBD, 0x02, 0xF0, 0x00, 0x03, 0xF0,
    0x07, 0xC0, 0x00, 0x2F, 0x00, 0x0F, 0x40, 0x00, 0xF8, 0x00, 0x3E, 0x00, 0x0F, 0xC0, 0x00, 0xBC,
    0x00, 0x7D, 0x00, 0x01, 0xF0, 0x03, 0xF0, 0x00, 0x03, 0xD0, 0x1F, 0x00, 0x00, 0x0F, 0xC0, 0xF8,
    0x00, 0x00, 0x2F, 0x0B, 0xC0, 0x00, 0x00, 0x3C, 0x3D, 0x00, 0x00, 0x00, 0xF6, 0xF0, 0x00, 0x00,
    0x02, 0xEF, 0x40, 0x00, 0x00, 0x07, 0xF8, 0x00, 0x00, 0x00, 0x0F, 0xC0, 0x00, 0x00, 0x00, 0xBD,
    0x00, 0x00, 0x00, 0x07, 0xF0, 0x00, 0x00, 0x00, 0x3F, 0x00, 0x00, 0x01, 0x5B, 0xF4, 0x00, 0x00,
    0x0F, 0xFF, 0x40, 0x00, 0x00, 0x2F, 0xE0, 0x00, 0x00, 0x00, 0x00, 0x00, 0x03, 0xE1, 0xF8, 0x00,
    0x00, 0x3F, 0x0F, 0x80, 0x00, 0x02, 0xF0, 0xBC, 0x00, 0x00, 0x1F, 0x07, 0xC0, 0x00, 0x00, 0xE0,
    0x38, 0x00, 0x00, 0x00, 0x00, 0x00, 0x00, 0x00, 0x00, 0x00, 0x00, 0x00, 0x2F, 0x00, 0x00, 0xFC,
    0x00, 0x7C, 0x00, 0x0B, 0xC0, 0x00, 0xF4, 0x00, 0x3E, 0x00, 0x03, 0xD0, 0x02, 0xF0, 0x00, 0x0F,
    0x80, 0x0F, 0x80, 0x00, 0x3E, 0x00, 0xBC, 0x00, 0x00, 0xBC, 0x03, 0xE0, 0x00, 0x01, 0xF0, 0x2F,
    0x00, 0x00, 0x07, 0xC0, 0xF4, 0x00, 0x00, 0x0F, 0x0B, 0xC0, 0x00, 0x00, 0x3C, 0x3D, 0x00, 0x00,
    0x00, 0xF6, 0xF0, 0x00, 0x00, 0x03, 0xDF, 0x40, 0x00, 0x00, 0x0B, 0xFC, 0x00, 0x00, 0x00, 0x1F,
    0xD0, 0x00, 0x00, 0x00, 0x7E, 0x00, 0x00, 0x00, 0x01, 0xF0, 0x00, 0x00, 0x00, 0x0F, 0x80, 0x00,
    0x00, 0x00, 0xBC, 0x00, 0x00, 0x00, 0x07, 0xE0, 0x00, 0x00, 0x00, 0x7F, 0x00, 0x00, 0x00, 0xBF,
    0xF0, 0x00, 0x00, 0x02, 0xFE, 0x00, 0x00, 0x00, 0x00, 0x00, 0x02, 0xD0, 0x78, 0x00, 0x00, 0xF8,
    0x3F, 0x00, 0x00, 0x3C, 0x0B, 0x40, 0x00, 0x00, 0x00, 0x00, 0x00, 0x00, 0x00, 0x00, 0x00, 0x00,
    0x00, 0x00, 0x00, 0x7D, 0x00, 0x01, 0xF0, 0x2F, 0x00, 0x00, 0xBC, 0x0B, 0xC0, 0x00, 0x3F, 0x03,
    0xE0, 0x00, 0x0F, 0x80, 0xF4, 0x00, 0x07, 0xD0, 0x7C, 0x00, 0x01, 0xF0, 0x2F, 0x00, 0x00, 0xBC,
    0x0B, 0xC0, 0x00, 0x3E, 0x02, 0xF0, 0x00, 0x0F, 0x80, 0xBD, 0x00, 0x07, 0xD0, 0x0F, 0xE5, 0x5B,
    0xF0, 0x01, 0xFF, 0xFF, 0xFC, 0x00, 0x0B, 0xFF, 0xBE, 0x00, 0x00, 0x00, 0x0F, 0x40, 0x00, 0x00,
    0x07, 0xD0, 0x00, 0x00, 0x02, 0xF0, 0x00, 0x00, 0x00, 0xFC, 0x00, 0x00, 0x00, 0x3E, 0x00, 0x00,
    0x00, 0x0F, 0x40, 0x00, 0x00, 0x07, 0xC0, 0x00, 0x00, 0x02, 0xF0, 0x00, 0x00, 0xB4, 0x1E, 0x00,
    0x0F, 0x82, 0xF0, 0x00, 0xB0, 0x1D, 0x00, 0x00, 0x00, 0x00, 0x00, 0x00, 0x00, 0x02, 0xF0, 0x00,
    0x3D, 0x3E, 0x00, 0x07, 0xC3, 0xD0, 0x00, 0xBC, 0x7D, 0x00, 0x0F, 0xCB, 0xC0, 0x01, 0xF8, 0xBC,
    0x00, 0x3F, 0x4B, 0xC0, 0x0B, 0xF0, 0xBE, 0x07, 0xFF, 0x03, 0xFF, 0xF7, 0xE0, 0x1F, 0xF8, 0x3E,
    0x00, 0x00, 0x07, 0xD0, 0x00, 0x00, 0xBC, 0x00, 0x00, 0x0B, 0xC0, 0x00, 0x00, 0xF8, 0x00, 0x00,
    0x0F, 0x80, 0x00, 0x01, 0xF4, 0x00, 0x00, 0x7F, 0xFF, 0xFC, 0x00, 0xBF, 0xFF, 0xFC, 0x00, 0xF8,
    0x00, 0x00, 0x00, 0xF4, 0x00, 0x00, 0x01, 0xF4, 0x00, 0x00, 0x02, 0xF0, 0x00, 0x00, 0x02, 0xF0,
    0x00, 0x00, 0x03, 0xE0, 0x00, 0x00, 0x03, 0xD0, 0x00, 0x00, 0x07, 0xC0, 0x00, 0x00, 0x0B, 0xC0,
    0x00, 0x00, 0x0F, 0xC0, 0x00, 0x00, 0x0F, 0x80, 0x00, 0x00, 0x0F, 0x40, 0x00, 0x00, 0x1F, 0x00,
    0x00, 0x00, 0x2F, 0x00, 0x00, 0x00, 0x3F, 0x00, 0x00, 0x00, 0x3E, 0x00, 0x00, 0x00, 0x7D, 0x00,
    0x00, 0x00, 0x7F, 0xE0, 0x00, 0x00, 0xBF, 0xD0, 0x00, 0x00, 0x07, 0xC0, 0x00, 0x00, 0x0B, 0xC0,
    0x00, 0x00, 0x0F, 0xC0, 0x00, 0x00, 0x0F, 0x80, 0x00, 0x00, 0x0F, 0x40, 0x00, 0x00, 0x1F, 0x00,
    0x00, 0x00, 0x00, 0xFF, 0xFF, 0x40, 0x3F, 0xFF, 0xC0, 0x1F, 0x40, 0x00, 0x0B, 0xC0, 0x00, 0x03,
    0xF0, 0x00, 0x00, 0xF8, 0x00, 0x00, 0x3D, 0x00, 0x00, 0x1F, 0x00, 0x00, 0x0B, 0xC0, 0x00, 0x03,
    0xF0, 0x00, 0x00, 0xF8, 0x00, 0x00, 0x7D, 0x00, 0x00, 0x1F, 0x00, 0x00, 0x0B, 0xC0, 0x00, 0x03,
    0xFF, 0x00, 0x00, 0xFF, 0x80, 0x00, 0x03, 0xE0, 0x00, 0x01, 0xF4, 0x00, 0x00, 0xBC, 0x00, 0x00,
    0x2F, 0x00, 0x00, 0x0F, 0x80, 0x00, 0x03, 0xD0, 0x00, 0x00, 0x00, 0x00, 0x01, 0xE0, 0x3C, 0x00,
    0x00, 0x00, 0x03, 0xF0, 0xBC, 0x00, 0x00, 0x00, 0x02, 0xD0, 0x78, 0x00, 0x00, 0x00, 0x00, 0x00,
    0x00, 0x00, 0x00, 0x00, 0x00, 0x00, 0x00, 0x00, 0x00, 0x00, 0x00, 0x00, 0x00, 0x00, 0x00, 0x2F,
    0x00, 0x00, 0x00, 0x7C, 0x00, 0x3E, 0x00, 0x00, 0x00, 0xBC, 0x00, 0x3D, 0x00, 0x00, 0x00, 0xF8,
    0x00, 0x7C, 0x00, 0x00, 0x00, 0xF8, 0x00, 0xBC, 0x00, 0x00, 0x01, 0xF4, 0x00, 0xFC, 0x00, 0x00,
    0x02, 0xF0, 0x00, 0xF8, 0x00, 0x00, 0x02, 0xF0, 0x00, 0xF4, 0x00, 0x00, 0x03, 0xE0, 0x01, 0xFF,
    0xF9, 0x00, 0x03, 0xD0, 0x02, 0xFF, 0xFF, 0x80, 0x07, 0xD0, 0x03, 0xF5, 0x6F, 0xD0, 0x0B, 0xC0,
    0x03, 0xE0, 0x03, 0xF0, 0x0F, 0xC0, 0x03, 0xD0, 0x02, 0xF0, 0x0F, 0x80, 0x07, 0xC0, 0x01, 0xF4,
    0x0F, 0x40, 0x0B, 0xC0, 0x01, 0xF0, 0x1F, 0x00, 0x0F, 0xC0, 0x02, 0xF0, 0x2F, 0x00, 0x0F, 0x80,
    0x03, 0xE0, 0x3F, 0x00, 0x1F, 0x40, 0x0B, 0xD0, 0x3E, 0x00, 0x1F, 0x00, 0x7F, 0x80, 0x3D, 0x00,
    0x2F, 0xFF, 0xFE, 0x00, 0x7C, 0x00, 0x3F, 0xFF, 0xE0, 0x00, 0xBC, 0x00, 0x00, 0x00, 0xB4, 0x1E,
    0x00, 0x00, 0x00, 0xF8, 0x3F, 0x00, 0x00, 0x00, 0xB0, 0x1D, 0x00, 0x00, 0x00, 0x00, 0x00, 0x00,
    0x00, 0x00, 0x00, 0x00, 0x00, 0x03, 0xD0, 0x00, 0x00, 0x3E, 0x07, 0xD0, 0x00, 0x00, 0x3D, 0x0B,
    0xC0, 0x00, 0x00, 0x7C, 0x0B, 0xC0, 0x00, 0x00, 0xBC, 0x0F, 0x80, 0x00, 0x00, 0xFC, 0x0F, 0x40,
    0x00, 0x00, 0xF8, 0x1F, 0xFF, 0xE0, 0x00, 0xF4, 0x2F, 0xFF, 0xFD, 0x01, 0xF0, 0x3F, 0x00, 0x7F,
    0x02, 0xF0, 0x3E, 0x00, 0x1F, 0x03, 0xE0, 0x3E, 0x00, 0x1F, 0x43, 0xE0, 0x3E, 0x00, 0x1F, 0x07,
    0xD0, 0x3F, 0x00, 0x3F, 0x07, 0xC0, 0x2F, 0x81, 0xFD, 0x0B, 0xC0, 0x0F, 0xFF, 0xF8, 0x0F, 0x80,
    0x02, 0xFF, 0x80, 0x0F, 0x40, 0x00, 0x2F, 0xFF, 0xFF, 0x00, 0x0B, 0xFF, 0xFF, 0x80, 0x03, 0xE0,
    0x00, 0x00, 0x00, 0xF4, 0x00, 0x00, 0x00, 0x7C, 0x00, 0x00, 0x00, 0x2F, 0x00, 0x00, 0x00, 0x0B,
    0xC0, 0x00, 0x00, 0x03, 0xE0, 0x00, 0x00, 0x00, 0xF4, 0x00, 0x00, 0x00, 0x7D, 0x00, 0x00, 0x02,
    0xFF, 0xFF, 0x80, 0x00, 0xFF, 0xFF, 0xD0, 0x00, 0x03, 0xE0, 0x00, 0x00, 0x00, 0xF4, 0x00, 0x00,
    0x00, 0x7C, 0x00, 0x00, 0x00, 0x2F, 0x00, 0x00, 0x00, 0x0F, 0xC0, 0x00, 0x00, 0x03, 0xE0, 0x00,
    0x00, 0x01, 0xF4, 0x00, 0x00, 0x00, 0x7F, 0xD0, 0x00, 0x00, 0x2F, 0xF0, 0x00, 0x00, 0x00, 0x7C,
    0x00, 0x00, 0x00, 0x2E, 0x00, 0x00, 0x00, 0x0F, 0x40, 0x00, 0x00, 0x07, 0xC0, 0x00, 0x00, 0x2F,
    0xF0, 0x00, 0x00, 0x0B, 0xE0, 0x00, 0x00, 0x00, 0x00, 0x3F, 0xFF, 0xD0, 0x03, 0xFF, 0xFC, 0x00,
    0x7C, 0x00, 0x00, 0x0B, 0xC0, 0x00, 0x00, 0xF8, 0x00, 0x00, 0x0F, 0x80, 0x00, 0x00, 0xF4, 0x00,
    0x02, 0xFF, 0xFF, 0x00, 0x2F, 0xFF, 0xF0, 0x00, 0x3F, 0x00, 0x00, 0x03, 0xE0, 0x00, 0x00, 0x3D,
    0x00, 0x00, 0x07, 0xC0, 0x00, 0x00, 0xBC, 0x00, 0x00, 0x0F, 0xFC, 0x00, 0x00, 0xFF, 0x80, 0x00,
    0x00, 0xB8, 0x00, 0x00, 0x0F, 0x40, 0x00, 0x00, 0xF0, 0x00, 0x01, 0x2F, 0x00, 0x00, 0x3F, 0xD0,
    0x00, 0x03, 0xF4, 0x00, 0x00, 0x00, 0x2F, 0x00, 0x00, 0x7D, 0x00, 0x0F, 0x40, 0x01, 0xF8, 0x00,
    0x0F, 0xC0, 0x03, 0xF0, 0x00, 0x07, 0xC0, 0x0F, 0xC0, 0x00, 0x03, 0xD0, 0x2F, 0x00, 0x00, 0x02,
    0xF0, 0x7D, 0x00, 0x00, 0x01, 0xF0, 0xF8, 0x00, 0x00, 0x00, 0xFB, 0xF0, 0x00, 0x00, 0x00, 0xBF,
    0xC0, 0x00, 0x00, 0x00, 0x3F, 0x40, 0x00, 0x00, 0x00, 0xBF, 0x00, 0x00, 0x00, 0x01, 0xFF, 0x40,
    0x00, 0x00, 0x03, 0xEB, 0xC0, 0x00, 0x00, 0x0F, 0xC7, 0xC0, 0x00, 0x00, 0x2F, 0x03, 0xD0, 0x00,
    0x00, 0x7D, 0x02, 0xF0, 0x00, 0x00, 0xF8, 0x01, 0xF0, 0x00, 0x03, 0xF0, 0x00, 0xF8, 0x00, 0x0B,
    0xC0, 0x00, 0xBD, 0x40, 0x1F, 0x40, 0x00, 0x7F, 0xC0, 0x3E, 0x00, 0x00, 0x3F, 0xC0, 0x00, 0x00,
    0x00, 0x0B, 0x80, 0x00, 0x00, 0x00, 0x0F, 0x40, 0x00, 0x00, 0x00, 0x0F, 0x00, 0x00, 0x00, 0x00,
    0x2F, 0x00, 0x00, 0x00, 0x03, 0xFD, 0x00, 0x00, 0x00, 0x03, 0xF8, 0x00, 0x00, 0x7C, 0x00, 0x1F,
    0x40, 0x0F, 0x80, 0x1F, 0x80, 0x02, 0xF0, 0x0F, 0xC0, 0x00, 0x3D, 0x0F, 0xC0, 0x00, 0x0B, 0xCB,
    0xC0, 0x00, 0x01, 0xFB, 0xD0, 0x00, 0x00, 0x3F, 0xE0, 0x00, 0x00, 0x07, 0xE0, 0x00, 0x00, 0x03,
    0xF8, 0x00, 0x00, 0x02, 0xFF, 0x00, 0x00, 0x02, 0xF3, 0xE0, 0x00, 0x01, 0xF4, 0xBC, 0x00, 0x00,
    0xF8, 0x0F, 0x40, 0x00, 0xFC, 0x02, 0xF0, 0x00, 0xFC, 0x00, 0x7F, 0xC0, 0xBD, 0x00, 0x0F, 0xF0,
    0x00, 0x00, 0x00, 0xB8, 0x00, 0x00, 0x00, 0x3D, 0x00, 0x00, 0x00, 0x0F, 0x40, 0x00, 0x00, 0x0B,
    0xC0, 0x00, 0x00, 0x3F, 0xE0, 0x00, 0x00, 0x0B, 0xE0, 0x00, 0x00, 0x2F, 0x00, 0x00, 0x7D, 0x00,
    0x0F, 0x40, 0x01, 0xF8, 0x00, 0x0F, 0xC0, 0x03, 0xF0, 0x00, 0x07, 0xC0, 0x0F, 0xC0, 0x00, 0x03,
    0xD0, 0x2F, 0x00, 0x00, 0x02, 0xF0, 0x7D, 0x00, 0x00, 0x01, 0xF0, 0xF8, 0x00, 0x00, 0x00, 0xFB,
    0xF0, 0x00, 0x00, 0x15, 0xFF, 0xD5, 0x00, 0x00, 0xBF, 0xFF, 0xFF, 0x80, 0x00, 0xBF, 0xFF, 0xFF,
    0x40, 0x00, 0x01, 0xFF, 0x40, 0x00, 0x00, 0x03, 0xEB, 0xC0, 0x00, 0x00, 0x0F, 0xC7, 0xC0, 0x00,
    0x00, 0x2F, 0x03, 0xD0, 0x00, 0x00, 0x7D, 0x02, 0xF0, 0x00, 0x00, 0xF8, 0x01, 0xF0, 0x00, 0x03,
    0xF0, 0x00, 0xF8, 0x00, 0x0B, 0xC0, 0x00, 0xBC, 0x00, 0x1F, 0x40, 0x00, 0x7D, 0x00, 0x3E, 0x00,
    0x00, 0x3E, 0x00, 0x00, 0x7C, 0x00, 0x1F, 0x40, 0x0F, 0x80, 0x0F, 0x80, 0x02, 0xF0, 0x0F, 0xC0,
    0x00, 0x3D, 0x0B, 0xC0, 0x00, 0x0F, 0x87, 0xD0, 0x00, 0x01, 0xF7, 0xE0, 0x00, 0x00, 0x3F, 0xE0,
    0x00, 0x07, 0xFF, 0xFF, 0xF0, 0x02, 0xFF, 0xFF, 0xF8, 0x00, 0x02, 0xFF, 0x00, 0x00, 0x01, 0xF7,
    0xD0, 0x00, 0x01, 0xF4, 0xBC, 0x00, 0x00, 0xF8, 0x0F, 0x40, 0x00, 0xFC, 0x02, 0xF0, 0x00, 0xFC,
    0x00, 0x7D, 0x00, 0xBD, 0x00, 0x0F, 0x80, 0x00, 0x00, 0x01, 0xC0, 0x00, 0x70, 0xBF, 0xFC, 0xA0,
    0x74, 0xA1, 0xD0, 0xA0, 0x40, 0xA0, 0x00, 0xA0, 0x00, 0xA0, 0x00, 0xA0, 0x00, 0xA0, 0x00, 0xA0,
    0x00, 0xA0, 0x00, 0xA0, 0x00, 0xA0, 0x00, 0xA0, 0x00, 0xA0, 0x00, 0xA0, 0x00, 0xA0, 0x00, 0xA0,
    0x00, 0xA0, 0x00, 0xA0, 0x00, 0xA0, 0x00, 0x50, 0x00, 0x00, 0x00, 0x03, 0x40, 0x0D, 0x00, 0x3F,
    0xFE, 0x1D, 0x0A, 0x07, 0x4A, 0x01, 0x0A, 0x00, 0x0A, 0x00, 0x0A, 0x00, 0x0A, 0x00, 0x0A, 0x00,
    0x0A, 0x00, 0x0A, 0x00, 0x0A, 0x00, 0x0A, 0x00, 0x0A, 0x00, 0x0A, 0x00, 0x0A, 0x00, 0x0A, 0x00,
    0x0A, 0x00, 0x0A, 0x00, 0x0A, 0x00, 0x0A, 0x00, 0x0A, 0x00, 0x05, 0x00, 0x00, 0x0F, 0xFF, 0xC3,
    0xFF, 0xF0, 0x00, 0x00, 0x0F, 0xFF, 0xC3, 0xFF, 0xF0, 0x00, 0x00, 0x00, 0x00, 0xFF, 0xFF, 0xFF,
    0xC3, 0xFF, 0xFF, 0xFF, 0x00, 0x00, 0x00, 0x00, 0x03, 0xFF, 0xFF, 0xFC, 0x3F, 0xFF, 0xFF, 0x80,
    0x00, 0x00, 0x00, 0x00, 0x00, 0x00, 0x00, 0x3F, 0xFF, 0xFF, 0xFF, 0xFF, 0xFF, 0xFC, 0x3F, 0xFF,
    0xFF, 0xFF, 0xFF, 0xFF, 0xF8, 0x00, 0x00, 0x00, 0x00, 0x00, 0x00, 0x00, 0x3F, 0xFF, 0xFF, 0xFF,
    0xFF, 0xFF, 0xFC, 0x3F, 0xFF, 0xFF, 0xFF, 0xFF, 0xFF, 0xF8, 0xB4, 0x03, 0xED, 0x00, 0xFB, 0x40,
    0x3E, 0xD0, 0x0F, 0xB4, 0x03, 0xED, 0x00, 0xFB, 0x40, 0x3E, 0xD0, 0x0F, 0xB4, 0x03, 0xED, 0x00,
    0xFB, 0x40, 0x3E, 0xD0, 0x0F, 0xB4, 0x03, 0xED, 0x00, 0xFB, 0x40, 0x3E, 0xD0, 0x0F, 0xB4, 0x03,
    0xED, 0x00, 0xFB, 0x40, 0x3E, 0xD0, 0x0F, 0xB4, 0x03, 0xED, 0x00, 0xFB, 0x40, 0x3E, 0xD0, 0x0F,
    0xB4, 0x03, 0xED, 0x00, 0xFB, 0x40, 0x3E, 0xD0, 0x0F, 0xB4, 0x03, 0xC0, 0x3F, 0xFF, 0xFF, 0x8F,
    0xFF, 0xFF, 0xE0, 0x00, 0x00, 0x00, 0x00, 0x00, 0x00, 0xBF, 0xFF, 0xFF, 0x3F, 0xFF, 0xFF, 0x80,
    0x00, 0xB4, 0x07, 0xC0, 0x3D, 0x02, 0xF0, 0x0F, 0x80, 0xBC, 0x03, 0xF0, 0x00, 0x02, 0xF4, 0x0F,
    0xC0, 0x7D, 0x02, 0xF0, 0x0F, 0x40, 0xB8, 0x03, 0xC0, 0x00, 0x02, 0xF0, 0x0F, 0xC0, 0xBD, 0x03,
    0xE0, 0x1F, 0x00, 0xF4, 0x03, 0xC0, 0x00, 0xBC, 0xBC, 0xBC, 0x7C, 0x3C, 0x3C, 0x2C, 0x00, 0xB4,
    0x1E, 0x01, 0xF0, 0x3C, 0x03, 0xD0, 0xBC, 0x0B, 0xC0, 0xF4, 0x0F, 0x83, 0xF0, 0x2F, 0x07, 0xE0,
    0x3F, 0x0F, 0xC0, 0x02, 0xF4, 0x3F, 0x03, 0xF0, 0xBD, 0x07, 0xD0, 0xFC, 0x0B, 0xC1, 0xF4, 0x0F,
    0x43, 0xE0, 0x2E, 0x03, 0xC0, 0x3C, 0x0B, 0x40, 0x02, 0xF0, 0x7E, 0x03, 0xF0, 0xFC, 0x0B, 0xD0,
    0xF8, 0x0F, 0x82, 0xF0, 0x1F, 0x03, 0xD0, 0x3D, 0x07, 0xC0, 0x3C, 0x0F, 0x00, 0xFC, 0x3F, 0x2F,
    0x0B, 0xCB, 0xC2, 0xF1, 0xF0, 0x7C, 0x3C, 0x0F, 0x0F, 0x03, 0xC2, 0xC0, 0xB0, 0x00, 0x3F, 0x00,
    0x00, 0xFC, 0x00, 0x03, 0xD0, 0x00, 0x0F, 0x00, 0x00, 0x3C, 0x00, 0x51, 0xE1, 0x5B, 0xFF, 0xFF,
    0xBF, 0xBE, 0xBD, 0x00, 0xF0, 0x00, 0x03, 0x80, 0x00, 0x1D, 0x00, 0x00, 0xB4, 0x00, 0x03, 0xC0,
    0x00, 0x0F, 0x00, 0x00, 0x7C, 0x00, 0x02, 0xE0, 0x00, 0x0F, 0x40, 0x00, 0x3D, 0x00, 0x02, 0xF0,
    0x00, 0x0F, 0xC0, 0x00, 0x3F, 0x00, 0x01, 0xF8, 0x00, 0x00, 0x00, 0x00, 0xBD, 0x00, 0x00, 0x02,
    0xF0, 0x00, 0x00, 0x0F, 0x80, 0x00, 0x00, 0x3C, 0x00, 0x00, 0x00, 0xF0, 0x00, 0x0B, 0xFB, 0xEF,
    0xC0, 0x3F, 0xFF, 0xFF, 0x00, 0x50, 0xB0, 0x14, 0x00, 0x03, 0xC0, 0x00, 0x00, 0x1F, 0x00, 0x00,
    0x00, 0xBC, 0x00, 0x00, 0x03, 0xF0, 0x00, 0x00, 0x0F, 0x40, 0x00, 0x00, 0x3C, 0x00, 0x00, 0x40,
    0xE0, 0x50, 0x0B, 0xFF, 0xFF, 0xC0, 0x3F, 0xFE, 0xFE, 0x00, 0x00, 0xF0, 0x00, 0x00, 0x03, 0xC0,
    0x00, 0x00, 0x1F, 0x00, 0x00, 0x00, 0xFC, 0x00, 0x00, 0x03, 0xE0, 0x00, 0x00, 0x0B, 0xE0, 0x3F,
    0xFC, 0x3F, 0xFC, 0x3F, 0xFD, 0x3F, 0xFC, 0x2F, 0xFC, 0x0B, 0xE0, 0x00, 0x00, 0x00, 0xA0, 0x00,
    0x0F, 0xC0, 0x00, 0xFF, 0x40, 0x1F, 0xFE, 0x01, 0xFF, 0xFC, 0x2F, 0xFE, 0x03, 0xFD, 0x00, 0x38,
    0x00, 0x00, 0x00, 0x00, 0x3D, 0xFE, 0xFE, 0xBC, 0x2F, 0x00, 0x7C, 0x7F, 0x00, 0xFE, 0x7F, 0x00,
    0xFD, 0x3D, 0x00, 0xB8, 0x2F, 0x00, 0x3D, 0x00, 0xBC, 0x7F, 0x00, 0xFE, 0x01, 0xFC, 0x7F, 0x00,
    0xFE, 0x01, 0xFC, 0x3D, 0x00, 0xBC, 0x00, 0xF4, 0x1F, 0x4F, 0xE3, 0xF4, 0xBC, 0xBF, 0xFC, 0xA0,
    0x00, 0xA0, 0x00, 0xA0, 0x00, 0xA0, 0x00, 0xA0, 0x00, 0xA0, 0x00, 0xA0, 0x00, 0xA0, 0x00, 0xA0,
    0x00, 0xA0, 0x00, 0xA0, 0x00, 0xA0, 0x00, 0xA0, 0x00, 0xA0, 0x00, 0xA0, 0x00, 0xA0, 0x00, 0xA0,
    0x00, 0xA0, 0x00, 0xA0, 0x00, 0xA0, 0x00, 0x50, 0x00, 0x3F, 0xFE, 0x00, 0x0A, 0x00, 0x0A, 0x00,
    0x0A, 0x00, 0x0A, 0x00, 0x0A, 0x00, 0x0A, 0x00, 0x0A, 0x00, 0x0A, 0x00, 0x0A, 0x00, 0x0A, 0x00,
    0x0A, 0x00, 0x0A, 0x00, 0x0A, 0x00, 0x0A, 0x00, 0x0A, 0x00, 0x0A, 0x00, 0x0A, 0x00, 0x0A, 0x00,
    0x0A, 0x00, 0x0A, 0x00, 0x05, 0x7F, 0xFD, 0x7F, 0xFD, 0x7F, 0xFD, 0x7F, 0xFD, 0x7F, 0xFD, 0x7F,
    0xFD, 0x02, 0x80, 0x02, 0x80, 0x02, 0x80, 0x02, 0x80, 0x02, 0x80, 0x02, 0x80, 0x02, 0x80, 0x02,
    0x80, 0x02, 0x80, 0x02, 0x80, 0x02, 0x80, 0x02, 0x80, 0x02, 0x80, 0x02, 0x80, 0x02, 0x80, 0x02,
    0x80, 0x02, 0x80, 0x02, 0x80, 0x7F, 0xFD, 0x70, 0x00, 0x70, 0x00, 0x70, 0x00, 0x70, 0x00, 0x7F,
    0xFD, 0x02, 0x80, 0x02, 0x80, 0x02, 0x80, 0x02, 0x80, 0x02, 0x80, 0x02, 0x80, 0x02, 0x80, 0x02,
    0x80, 0x02, 0x80, 0x02, 0x80, 0x02, 0x80, 0x02, 0x80, 0x02, 0x80, 0x02, 0x80, 0x02, 0x80, 0x02,
    0x80, 0x02, 0x80, 0x02, 0x80, 0x00, 0x00, 0x7F, 0xFD, 0x00, 0x0D, 0x00, 0x0D, 0x00, 0x0D, 0x00,
    0x0D, 0x7F, 0xFD, 0x02, 0x80, 0x02, 0x80, 0x02, 0x80, 0x02, 0x80, 0x02, 0x80, 0x02, 0x80, 0x02,
    0x80, 0x02, 0x80, 0x02, 0x80, 0x02, 0x80, 0x02, 0x80, 0x02, 0x80, 0x02, 0x80, 0x02, 0x80, 0x02,
    0x80, 0x02, 0x80, 0x02, 0x80, 0x02, 0x80, 0x00, 0x00, 0x01, 0xFE, 0x00, 0x00, 0xB8, 0x00, 0x00,
    0x00, 0x7F, 0xF8, 0x00, 0x1F, 0x00, 0x00, 0x00, 0x0F, 0x87, 0xC0, 0x03, 0xC0, 0x00, 0x00, 0x02,
    0xE0, 0x3D, 0x00, 0xF4, 0x00, 0x00, 0x00, 0x3C, 0x03, 0xD0, 0x2E, 0x00, 0x00, 0x00, 0x07, 0xC0,
    0x3C, 0x07, 0xC0, 0x00, 0x00, 0x00, 0x78, 0x03, 0xC0, 0xF4, 0x00, 0x00, 0x00, 0x0B, 0x80, 0x7C,
    0x3E, 0x00, 0x00, 0x00, 0x00, 0xB4, 0x0B, 0x8B, 0xC7, 0xF8, 0x00, 0xBF, 0x0B, 0x80, 0xF1, 0xF2,
    0xFF, 0xD0, 0x3F, 0xFC, 0x7C, 0x7E, 0x3D, 0x7C, 0x2F, 0x0F, 0x83, 0xD3, 0xFF, 0xCB, 0x8F, 0x40,
    0xF1, 0xF0, 0x2E, 0x0F, 0xE1, 0xF1, 0xF0, 0x0F, 0x3D, 0x02, 0xE0, 0x00, 0x3C, 0x2E, 0x00, 0xF3,
    0xC0, 0x2D, 0x00, 0x0F, 0x43, 0xD0, 0x1E, 0x3C, 0x03, 0xD0, 0x02, 0xE0, 0x3C, 0x02, 0xD7, 0xC0,
    0x3C, 0x00, 0x7C, 0x03, 0xC0, 0x3C, 0x78, 0x07, 0xC0, 0x0F, 0x00, 0x3D, 0x07, 0xC7, 0xC0, 0xF4,
    0x03, 0xD0, 0x02, 0xE1, 0xF4, 0x3D, 0x2F, 0x00, 0xB8, 0x00, 0x1F, 0xFE, 0x03, 0xFF, 0xC0, 0x1F,
    0x00, 0x00, 0x7F, 0x40, 0x0B, 0xE0, 0x00, 0x01, 0xFE, 0x00, 0x00, 0xB8, 0x00, 0x00, 0x00, 0x00,
    0x00, 0x07, 0xFF, 0x80, 0x01, 0xF0, 0x00, 0x00, 0x00, 0x00, 0x00, 0x0F, 0x87, 0xC0, 0x03, 0xC0,
    0x00, 0x00, 0x00, 0x00, 0x00, 0x2E, 0x03, 0xD0, 0x0F, 0x40, 0x00, 0x00, 0x00, 0x00, 0x00, 0x3C,
    0x03, 0xD0, 0x2E, 0x00, 0x00, 0x00, 0x00, 0x00, 0x00, 0x7C, 0x03, 0xC0, 0x7C, 0x00, 0x00, 0x00,
    0x00, 0x00, 0x00, 0x78, 0x03, 0xC0, 0xF4, 0x00, 0x00, 0x00, 0x00, 0x00, 0x00, 0xB8, 0x07, 0xC3,
    0xE0, 0x00, 0x00, 0x00, 0x00, 0x00, 0x00, 0xB4, 0x0B, 0x8B, 0xC7, 0xF8, 0x00, 0xBF, 0x00, 0x1F,
    0xE0, 0xB8, 0x0F, 0x1F, 0x2F, 0xFD, 0x03, 0xFF, 0xC0, 0xBF, 0xF8, 0x7C, 0x7E, 0x3D, 0x7C, 0x2F,
    0x0F, 0x83, 0xD1, 0xF0, 0x7C, 0x3F, 0xFC, 0xB8, 0xF4, 0x0F, 0x1F, 0x02, 0xE3, 0xD0, 0x3C, 0x0F,
    0xE1, 0xF1, 0xF0, 0x0F, 0x3D, 0x02, 0xE3, 0xC0, 0x3C, 0x00, 0x03, 0xC2, 0xE0, 0x0F, 0x3C, 0x02,
    0xD7, 0x80, 0x3C, 0x00, 0x0F, 0x43, 0xD0, 0x1E, 0x3C, 0x03, 0xDB, 0x40, 0x7C, 0x00, 0x2E, 0x03,
    0xC0, 0x2D, 0x7C, 0x03, 0xCF, 0x40, 0xB8, 0x00, 0x7C, 0x03, 0xC0, 0x3C, 0x78, 0x07, 0xCF, 0x40,
    0xF4, 0x00, 0xF0, 0x03, 0xD0, 0x7C, 0x7C, 0x0F, 0x4F, 0x41, 0xF0, 0x03, 0xD0, 0x02, 0xE1, 0xF4,
    0x3D, 0x2F, 0x0B, 0xC7, 0xD0, 0x0B, 0x80, 0x01, 0xFF, 0xE0, 0x3F, 0xFC, 0x07, 0xFF, 0x80, 0x1F,
    0x00, 0x00, 0x7F, 0x40, 0x0B, 0xE0, 0x01, 0xFD, 0x00, 0x00, 0xBC, 0x00, 0xF8, 0x02, 0xF0, 0x03,
    0xC0, 0x0B, 0x80, 0x0F, 0x00, 0x2D, 0x00, 0x14, 0x00, 0x00, 0xBC, 0x2F, 0x00, 0x3E, 0x0F, 0x80,
    0x1F, 0x0B, 0xC0, 0x0F, 0x43, 0xD0, 0x07, 0x81, 0xE0, 0x03, 0xC0, 0xF0, 0x01, 0xE0, 0x74, 0x00,
    0xF0, 0x3C, 0x00, 0x00, 0xBC, 0x2F, 0x0B, 0xC0, 0x0F, 0x83, 0xE0, 0xF4, 0x01, 0xF0, 0xBC, 0x2F,
    0x00, 0x3D, 0x0F, 0x43, 0xC0, 0x07, 0x81, 0xE0, 0xB8, 0x00, 0xF0, 0x3C, 0x0F, 0x00, 0x1E, 0x07,
    0x41, 0xD0, 0x03, 0xC0, 0xF0, 0x3C, 0x00, 0x3D, 0x0B, 0x81, 0xF0, 0x3C, 0x0F, 0x02, 0xD0, 0x78,
    0x0E, 0x3D, 0x2F, 0x02, 0xE0, 0xF0, 0x1F, 0x0F, 0x40, 0xF0, 0xB4, 0x0F, 0x07, 0x80, 0xB4, 0x3C,
    0x07, 0x83, 0xC0, 0x38, 0x2C, 0x3D, 0x2F, 0x0F, 0x42, 0xE0, 0xF0, 0xB8, 0x1F, 0x0F, 0x47, 0xC0,
    0xF0, 0xB4, 0x3C, 0x0F, 0x07, 0x83, 0xC0, 0xB4, 0x3C, 0x2D, 0x07, 0x83, 0xC1, 0xE0, 0x38, 0x2C,
    0x0E, 0x00, 0x01, 0x00, 0x00, 0x2E, 0x00, 0x01, 0xFC, 0x00, 0x0F, 0x70, 0x00, 0xB0, 0xD0, 0x07,
    0x43, 0x80, 0x38, 0x0B, 0x03, 0xC0, 0x1C, 0x2D, 0x00, 0x34, 0xE0, 0x00, 0xF0, 0x00, 0x10, 0x00,
    0xBC, 0x02, 0xF0, 0x0B, 0xD0, 0x2F, 0x40, 0xBE, 0x00, 0xBC, 0x00, 0x3D, 0x00, 0x2F, 0x00, 0x0F,
    0x40, 0x0B, 0xC0, 0x03, 0xC0, 0x00, 0x00, 0x02, 0x00, 0x0B, 0x80, 0x03, 0xC0, 0x03, 0xE0, 0x01,
    0xF0, 0x00, 0xF8, 0x00, 0xBC, 0x01, 0xF4, 0x07, 0xD0, 0x1F, 0x40, 0x3D, 0x00, 0x74, 0x00, 0x00,
    0x00, 0x04, 0x00, 0x0F, 0x40, 0x00, 0x43, 0xD0, 0x01, 0xF8, 0x00, 0x3D, 0x0F, 0x40, 0x0F, 0x40,
    0x0F, 0x80, 0x3D, 0x00, 0x00, 0x03, 0xE0, 0x00, 0xF4, 0x00, 0x00, 0xF8, 0x00, 0x03, 0xD0, 0x00,
    0x3E, 0x00, 0x00, 0x0F, 0x40, 0x0F, 0x80, 0x00, 0x00, 0x3D, 0x03, 0xE0, 0x00, 0x00, 0x00, 0xF4,
    0xF8, 0x00, 0x03, 0xD0, 0x03, 0xFE, 0x00, 0x3E, 0xBE, 0x00, 0x1F, 0xC0, 0x03, 0xF3, 0xD0, 0x07,
    0xFE, 0x00, 0x3E, 0x00, 0x01, 0xF4, 0xF8, 0x00, 0x00, 0x00, 0x3D, 0x03, 0xE0, 0x00, 0x00, 0x0F,
    0x40, 0x0F, 0x80, 0x00, 0x03, 0xD0, 0x00, 0x3E, 0x00, 0x00, 0xF4, 0x00, 0x00, 0xF8, 0x00, 0x3D,
    0x00, 0x00, 0x03, 0xE0, 0x0F, 0x40, 0x0F, 0x40, 0x0F, 0x83, 0xE0, 0x01, 0xF8, 0x00, 0x3C, 0x04,
    0x00, 0x0F, 0x40, 0x00, 0x40, 0x00, 0x3F, 0x01, 0xF8, 0x01, 0xF8, 0x0B, 0xD0, 0x0B, 0xD0, 0x3F,
    0x00, 0x2F, 0x00, 0xFC, 0x00, 0xFC, 0x03, 0xE0, 0x03, 0xE0, 0x1F, 0x40, 0x1F, 0x40, 0x7C, 0x00,
    0x7C, 0x02, 0xF0, 0x02, 0xF0, 0x0F, 0x80, 0x0F, 0x80, 0x3D, 0x00, 0x3D, 0x00, 0xF0, 0x00, 0xF0,
    0x07, 0xC0, 0x07, 0xC0, 0x2E, 0x00, 0x2E, 0x00, 0xB4, 0x00, 0x64, 0x02, 0x80, 0x00, 0x00, 0x00,
    0x00, 0x00, 0x00, 0x00, 0x00, 0xBC, 0x02, 0xE0, 0x07, 0xF0, 0x1F, 0xC0, 0x1F, 0xC0, 0xBF, 0x00,
    0x3D, 0x01, 0xF4, 0x00, 0x06, 0xFF, 0x80, 0x3F, 0xFF, 0xF4, 0x2E, 0xF9, 0xFC, 0x01, 0xF4, 0xBC,
    0x02, 0xF0, 0x7C, 0x02, 0xF0, 0x7C, 0x03, 0xE0, 0xFC, 0x03, 0xD2, 0xF4, 0x03, 0xCB, 0xE0, 0x07,
    0xFF, 0x40, 0x0B, 0xFC, 0x00, 0x0F, 0xE0, 0x00, 0x0F, 0xC0, 0x00, 0x0F, 0x00, 0x00, 0x0A, 0x00,
    0x00, 0x00, 0x00, 0x00, 0x00, 0x00, 0x00, 0x3E, 0x00, 0x00, 0xBF, 0x00, 0x00, 0xBF, 0x00, 0x00,
    0x7C, 0x00, 0x00, 0x00, 0x00, 0x00, 0x0B, 0xFF, 0xFF, 0xF3, 0xFF, 0xFF, 0xF8, 0x10, 0x00, 0x00,
    0x04, 0x70, 0x00, 0x00, 0x1C, 0x38, 0x00, 0x00, 0x74, 0x2D, 0x00, 0x01, 0xE0, 0x0F, 0x40, 0x1F,
    0xC0, 0x03, 0xFF, 0xFE, 0x00, 0x00, 0xBF, 0xE0, 0x00, 0x00, 0x00, 0x00, 0x00, 0x00, 0x1F, 0xFE,
    0x00, 0x00, 0xFF, 0xFF, 0xC0, 0x03, 0xF4, 0x07, 0xE0, 0x0F, 0x40, 0x00, 0xB0, 0x2C, 0x00, 0x00,
    0x38, 0x70, 0x00, 0x00, 0x1C, 0x10, 0x00, 0x00, 0x04, 0x00, 0x00, 0x02, 0xC0, 0x00, 0x00, 0x34,
    0x00, 0x00, 0x0F, 0x00, 0x00, 0x01, 0xD0, 0x00, 0x00, 0x38, 0x00, 0x00, 0x0B, 0x00, 0x00, 0x00,
    0xD0, 0x00, 0x00, 0x3C, 0x00, 0x00, 0x07, 0x40, 0x00, 0x00, 0xE0, 0x00, 0x00, 0x2D, 0x00, 0x00,
    0x03, 0xD0, 0x00, 0x00, 0xFE, 0x00, 0x00, 0x1D, 0xB0, 0x00, 0x03, 0x8B, 0x00, 0x00, 0xB0, 0x70,
    0x00, 0x0D, 0x07, 0x40, 0x03, 0xC0, 0x38, 0x00, 0x74, 0x03, 0x80, 0x00, 0x00, 0x00, 0x00, 0x00,
    0x00, 0x00, 0x00, 0x00, 0x00, 0x00, 0x00, 0x01, 0xF0, 0x00, 0x00, 0x00, 0x00, 0x00, 0x00, 0x07,
    0xC0, 0x00, 0x00, 0x00, 0x00, 0x00, 0x00, 0x2E, 0x00, 0x00, 0x00, 0x00, 0x00, 0x07, 0x40, 0xB0,
    0x00, 0x00, 0x00, 0x00, 0x00, 0x2F, 0xD2, 0xC0, 0x00, 0x00, 0x00, 0x00, 0x00, 0x1B, 0xFF, 0xAA,
    0x90, 0x00, 0x00, 0x00, 0x00, 0x01, 0xFF, 0xFF, 0x40, 0x00, 0x00, 0x00, 0x00, 0x0B, 0xF1, 0x69,
    0x00, 0x00, 0x00, 0x00, 0x00, 0xB9, 0xE0, 0x00, 0x00, 0x00, 0x00, 0x00, 0x0F, 0xC3, 0xC0, 0x00,
    0x00, 0x00, 0x00, 0x00, 0xBC, 0x0F, 0x80, 0x00, 0x00, 0x00, 0x00, 0x00, 0xD0, 0x2F, 0x00, 0x00,
    0x00, 0x00, 0x09, 0x00, 0x00, 0x38, 0x02, 0x40, 0x00, 0x00, 0x7C, 0x00, 0x00, 0x00, 0x0F, 0x40,
    0x00, 0x01, 0xE0, 0x00, 0x00, 0x00, 0x3C, 0x00, 0x10, 0x0B, 0x40, 0x00, 0x08, 0x00, 0xE0, 0x02,
    0xF4, 0x2C, 0x00, 0x00, 0x3E, 0x07, 0x40, 0x0B, 0xFD, 0xE0, 0x00, 0x01, 0xFF, 0xAC, 0x00, 0x00,
    0xBF, 0xFF, 0xF8, 0x00, 0x1B, 0xFF, 0xFF, 0x00, 0x3F, 0xBF, 0xD0, 0x00, 0x0B, 0xEB, 0xFC, 0x03,
    0xED, 0x00, 0x00, 0x00, 0xFB, 0x80, 0x00, 0x7D, 0x3C, 0x00, 0x00, 0x0F, 0x8F, 0x00, 0x07, 0xE0,
    0xF4, 0x00, 0x00, 0xFC, 0x2E, 0x00, 0x2F, 0x02, 0xE0, 0x00, 0x07, 0xC0, 0x7C, 0x00, 0x20, 0x07,
    0xC0, 0x00, 0x05, 0x00, 0xF8, 0x00, 0x00, 0x09, 0x00, 0x00, 0x00, 0x02, 0x40, 0x00, 0x00, 0x00,
    0x3F, 0xFD, 0x3F, 0xFD, 0x00, 0x00, 0x00, 0x03, 0xD0, 0x00, 0x00, 0x00, 0xB8, 0x00, 0x00, 0x00,
    0x1F, 0x00, 0x00, 0x00, 0x03, 0xC0, 0x00, 0x00, 0x00, 0xF4, 0x00, 0x00, 0x00, 0x2E, 0x00, 0x00,
    0x00, 0x07, 0xC0, 0x00, 0x00, 0x00, 0xF4, 0x00, 0x00, 0x00, 0x3E, 0x00, 0x00, 0x00, 0x0B, 0xC0,
    0x00, 0x00, 0x01, 0xF0, 0x00, 0x00, 0x00, 0x3D, 0x00, 0x00, 0x00, 0x0B, 0x80, 0x00, 0x00, 0x01,
    0xF0, 0x00, 0x00, 0x00, 0x3C, 0x00, 0x00, 0x00, 0x0F, 0x40, 0x00, 0x00, 0x02, 0xE0, 0x00, 0x00,
    0x00, 0x7C, 0x00, 0x00, 0x00, 0x0F, 0x00, 0x00, 0x00, 0x03, 0xD0, 0x00, 0x00, 0x00, 0xB8, 0x00,
    0x00, 0x00, 0x00, 0x00, 0x0F, 0xFE, 0x00, 0x0F, 0xFD, 0x00, 0x1F, 0x00, 0x00, 0x2F, 0x00, 0x00,
    0x3E, 0x00, 0x00, 0x3D, 0x00, 0x00, 0x3C, 0x00, 0x00, 0x7C, 0x00, 0x00, 0xBC, 0x00, 0x00, 0xF8,
    0x00, 0x00, 0xF4, 0x00, 0x00, 0xF4, 0x00, 0x01, 0xFF, 0xC0, 0x02, 0xFF, 0xC0, 0x03, 0xE0, 0x00,
    0x03, 0xD0, 0x00, 0x07, 0xC0, 0x00, 0x07, 0xC0, 0x00, 0x0B, 0x80, 0x00, 0x0F, 0x80, 0x00, 0x0F,
    0x40, 0x00, 0x1F, 0x00, 0x00, 0x2F, 0x00, 0x00, 0x2F, 0x00, 0x00, 0x3F, 0xF8, 0x00, 0x3F, 0xF4,
    0x00, 0x00, 0x0F, 0xFF, 0x00, 0x0F, 0xFE, 0x00, 0x00, 0x3D, 0x00, 0x00, 0x7C, 0x00, 0x00, 0x7C,
    0x00, 0x00, 0xBC, 0x00, 0x00, 0xF8, 0x00, 0x00, 0xF4, 0x00, 0x01, 0xF0, 0x00, 0x01, 0xF0, 0x00,
    0x02, 0xE0, 0x00, 0x03, 0xE0, 0x01, 0xFF, 0xD0, 0x02, 0xFF, 0xC0, 0x00, 0x0B, 0xC0, 0x00, 0x0B,
    0x80, 0x00, 0x0F, 0x40, 0x00, 0x0F, 0x40, 0x00, 0x1F, 0x00, 0x00, 0x2F, 0x00, 0x00, 0x3E, 0x00,
    0x00, 0x3D, 0x00, 0x00, 0x3C, 0x00, 0x00, 0x7C, 0x00, 0x3F, 0xFC, 0x00, 0x3F, 0xF8, 0x00, 0x06,
    0xFF, 0x80, 0x01, 0xBF, 0xD0, 0x3F, 0xFF, 0xF4, 0x1F, 0xFF, 0xFC, 0x2E, 0x42, 0xFC, 0x0F, 0x41,
    0xFD, 0x00, 0x00, 0xBC, 0x00, 0x00, 0x3E, 0x00, 0x00, 0x7C, 0x00, 0x00, 0x3F, 0x00, 0x00, 0x7C,
    0x00, 0x00, 0x3E, 0x00, 0x00, 0xFC, 0x00, 0x00, 0x7D, 0x00, 0x02, 0xF4, 0x00, 0x00, 0xFC, 0x00,
    0x0B, 0xE0, 0x00, 0x07, 0xF0, 0x00, 0x3F, 0x40, 0x00, 0x1F, 0xC0, 0x00, 0xFD, 0x00, 0x00, 0xBE,
    0x00, 0x03, 0xF0, 0x00, 0x01, 0xF4, 0x00, 0x0B, 0xC0, 0x00, 0x03, 0xD0, 0x00, 0x0F, 0x00, 0x00,
    0x07, 0x80, 0x00, 0x0E, 0x00, 0x00, 0x0B, 0x40, 0x00, 0x00, 0x00, 0x00, 0x00, 0x00, 0x00, 0x00,
    0x00, 0x00, 0x00, 0x00, 0x00, 0x3E, 0x00, 0x00, 0x1F, 0x00, 0x00, 0xBF, 0x00, 0x00, 0x3F, 0x40,
    0x00, 0xBF, 0x00, 0x00, 0x3F, 0x40, 0x00, 0x7C, 0x00, 0x00, 0x3E, 0x00, 0x00, 0x06, 0xFF, 0x80,
    0x02, 0xF4, 0xFF, 0xFF, 0xD0, 0x0F, 0xC2, 0xE4, 0x2F, 0xC0, 0x3F, 0x00, 0x00, 0x2F, 0x00, 0xF8,
    0x00, 0x00, 0x7C, 0x07, 0xD0, 0x00, 0x01, 0xF0, 0x2F, 0x00, 0x00, 0x0F, 0xC0, 0xBC, 0x00, 0x00,
    0xBD, 0x03, 0xE0, 0x00, 0x0B, 0xE0, 0x0F, 0x40, 0x00, 0xFD, 0x00, 0x7C, 0x00, 0x0F, 0xD0, 0x01,
    0xF0, 0x00, 0xFC, 0x00, 0x0B, 0x80, 0x0B, 0xC0, 0x00, 0x3D, 0x00, 0x3C, 0x00, 0x00, 0xF0, 0x00,
    0xE0, 0x00, 0x03, 0x80, 0x00, 0x00, 0x00, 0x00, 0x00, 0x00, 0x00, 0x00, 0x00, 0x00, 0xF8, 0x00,
    0x03, 0xD0, 0x0B, 0xF0, 0x00, 0x2F, 0xC0, 0x2F, 0xC0, 0x00, 0xFE, 0x00, 0x7C, 0x00, 0x01, 0xF0,
    0x00, 0x00, 0x3F, 0x00, 0x7F, 0xF4, 0x00, 0x1F, 0x81, 0xFF, 0xFF, 0xC0, 0x0B, 0xD0, 0x3D, 0x07,
    0xF8, 0x02, 0xF0, 0x00, 0x00, 0x3F, 0x00, 0xFC, 0x00, 0x00, 0x0F, 0xC0, 0x3E, 0x00, 0x00, 0x03,
    0xF0, 0x1F, 0x40, 0x00, 0x00, 0xF4, 0x07, 0xC0, 0x00, 0x00, 0xFC, 0x02, 0xF0, 0x00, 0x00, 0xFC,
    0x00, 0xF8, 0x00, 0x01, 0xFC, 0x00, 0x3D, 0x00, 0x02, 0xF8, 0x00, 0x0F, 0x00, 0x01, 0xF4, 0x00,
    0x07, 0xC0, 0x00, 0xF4, 0x00, 0x02, 0xE0, 0x00, 0x7C, 0x00, 0x00, 0xB4, 0x00, 0x1D, 0x00, 0x00,
    0x00, 0x00, 0x00, 0x00, 0x00, 0x00, 0x00, 0x00, 0x00, 0x00, 0x0B, 0xC0, 0x01, 0xF0, 0x00, 0x07,
    0xF0, 0x00, 0xFE, 0x00, 0x01, 0xFC, 0x00, 0x3F, 0x40, 0x00, 0x3D, 0x00, 0x0B, 0x80, 0x00, 0x00,
    0x3F, 0xFF, 0xFF, 0xFC, 0xFF, 0xFF, 0xFF, 0xF0, 0x00, 0x00, 0x0F, 0x40, 0x00, 0x00, 0xBC, 0x00,
    0x00, 0x03, 0xD0, 0x00, 0x00, 0x3E, 0x00, 0x00, 0x01, 0xF0, 0x00, 0x00, 0x0F, 0x40, 0x00, 0x00,
    0xBC, 0x00, 0x00, 0x07, 0xD0, 0x00, 0x00, 0x3E, 0x00, 0x00, 0x02, 0xF0, 0x00, 0x00, 0x0F, 0x80,
    0x00, 0x00, 0xFC, 0x00, 0x00, 0x07, 0xD0, 0x00, 0x00, 0x3E, 0x00, 0x00, 0xFF, 0xFF, 0xF9, 0x03,
    0xFF, 0xFF, 0xFE, 0x0F, 0x07, 0xFF, 0xFD, 0x3C, 0x1F, 0xFF, 0xFC, 0xF0, 0x7F, 0xFF, 0xF3, 0xC1,
    0xFF, 0xFF, 0xDF, 0x07, 0xFF, 0xFF, 0x7C, 0x1F, 0xFF, 0xFD, 0xF0, 0x7F, 0xFF, 0xF7, 0xC1, 0xFF,
    0xFF, 0xDF, 0x07, 0xFF, 0xFF, 0x3C, 0x1F, 0xFF, 0xF8, 0xF0, 0x7F, 0xFF, 0xC3, 0xC1, 0xFF, 0xF8,
    0x0F, 0x07, 0x44, 0x00, 0x3C, 0x1D, 0x00, 0x00, 0xF0, 0x74, 0x00, 0x03, 0xC1, 0xD0, 0x00, 0x0F,
    0x07, 0x40, 0x00, 0x3C, 0x1D, 0x00, 0x00, 0xF0, 0x74, 0x00, 0x03, 0xC1, 0xD0, 0x00, 0x0F, 0x07,
    0x40, 0x00, 0x3C, 0x1D, 0x00, 0x00, 0xF0, 0x74, 0x00, 0x02, 0x40, 0x90, 0x00, 0x00, 0x00, 0xBF,
    0xFF, 0xFC, 0x07, 0xFF, 0xFF, 0xFC, 0x1F, 0xFF, 0xF4, 0x2C, 0x3F, 0xFF, 0xF4, 0x2C, 0x3F, 0xFF,
    0xF4, 0x2C, 0x7F, 0xFF, 0xF4, 0x2C, 0x7F, 0xFF, 0xF4, 0x2C, 0x7F, 0xFF, 0xF4, 0x2C, 0x7F, 0xFF,
    0xF4, 0x2C, 0x7F, 0xFF, 0xF4, 0x2C, 0x3F, 0xFF, 0xF4, 0x2C, 0x3F, 0xFF, 0xF4, 0x2C, 0x1F, 0xFF,
    0xF4, 0x2C, 0x0B, 0xFF, 0xFF, 0xFC, 0x01, 0xBF, 0xFF, 0xFC, 0x7F, 0xFF, 0xFE, 0x00, 0x7F, 0xFF,
    0xFF, 0xC0, 0x74, 0x3F, 0xFF, 0xF0, 0x74, 0x3F, 0xFF, 0xF4, 0x74, 0x3F, 0xFF, 0xF8, 0x74, 0x3F,
    0xFF, 0xFC, 0x74, 0x3F, 0xFF, 0xFC, 0x74, 0x3F, 0xFF, 0xFC, 0x74, 0x3F, 0xFF, 0xFC, 0x74, 0x3F,
    0xFF, 0xFC, 0x74, 0x3F, 0xFF, 0xFC, 0x74, 0x3F, 0xFF, 0xF4, 0x74, 0x3F, 0xFF, 0xF0, 0x7F, 0xFF,
    0xFF, 0xD0, 0x7F, 0xFF, 0xFE, 0x00, 0x00, 0x01, 0x90, 0x00, 0x00, 0x0B, 0xC0, 0x00, 0x00, 0x2D,
    0x00, 0x05, 0x00, 0xF0, 0x00, 0x3F, 0x43, 0xC0, 0x00, 0xBF, 0xDD, 0x00, 0x00, 0x1B, 0xFF, 0xFF,
    0x00, 0x07, 0xFB, 0xFC, 0x00, 0x7F, 0xC0, 0x00, 0x0B, 0xC7, 0x80, 0x00, 0xBD, 0x0F, 0x00, 0x03,
    0xE0, 0x3D, 0x00, 0x02, 0x00, 0xBC, 0x00, 0x00, 0x01, 0x80, 0x00, 0x01, 0xF0, 0x0F, 0xE0, 0x3F,
    0x40, 0xB8, 0x00, 0x00, 0x00, 0x00, 0x00, 0x00, 0x00, 0x00, 0x00, 0x00, 0x00, 0x00, 0x00, 0x00,
    0x00, 0x00, 0xFC, 0x03, 0xE0, 0x0F, 0x80, 0x3E, 0x00, 0xB8, 0x02, 0xE0, 0x07, 0x80, 0x00, 0x00,
    0x00, 0x00, 0x00, 0x00, 0x00, 0x1F, 0xFE, 0x00, 0x00, 0x00, 0xFF, 0xFF, 0xC0, 0x00, 0x07, 0xF4,
    0x07, 0xE0, 0x00, 0x0F, 0x40, 0x00, 0xB0, 0x00, 0x3C, 0x00, 0x00, 0x38, 0x00, 0x70, 0x00, 0x00,
    0x1C, 0x00, 0x10, 0x00, 0x00, 0x04, 0x00, 0x00, 0x00, 0x00, 0x00, 0x00, 0x00, 0x00, 0x00, 0x00,
    0x00, 0x00, 0x00, 0x00, 0x00, 0x00, 0x00, 0x00, 0x00, 0x00, 0x00, 0x00, 0x00, 0x00, 0x00, 0x00,
    0x00, 0x00, 0x00, 0x00, 0x00, 0x00, 0x00, 0x00, 0x00, 0x00, 0x00, 0x00, 0x00, 0x00, 0x00, 0x00,
    0x00, 0x00, 0x00, 0x00, 0x00, 0x00, 0x00, 0x00, 0x00, 0x00, 0x00, 0x00, 0x00, 0x00, 0x00, 0x00,
    0x00, 0x00, 0x00, 0x00, 0x00, 0x00, 0x00, 0x00, 0x00, 0x00, 0x00, 0x00, 0x00, 0x00, 0x00, 0x00,
    0x00, 0x00, 0x00, 0x00, 0x00, 0x00, 0x00, 0x00, 0x00, 0x00, 0x00, 0x00, 0x00, 0x00, 0x00, 0x00,
    0x70, 0x00, 0x00, 0x1C, 0x00, 0x38, 0x00, 0x00, 0x74, 0x00, 0x2D, 0x00, 0x01, 0xE0, 0x00, 0x0F,
    0x40, 0x1F, 0xC0, 0x00, 0x03, 0xFF, 0xFE, 0x00, 0x00, 0x00, 0xBF, 0xE0, 0x00, 0x00, 0x00, 0x00,
    0x19, 0x00, 0x00, 0x00, 0x07, 0xC0, 0x00, 0x00, 0x02, 0xE0, 0x00, 0x01, 0x00, 0xB4, 0x00, 0x02,
    0xF4, 0x3C, 0x00, 0x00, 0xBF, 0xDE, 0x00, 0x00, 0x01, 0xBF, 0xFF, 0xF4, 0x00, 0x03, 0xFB, 0xFD,
    0x00, 0x07, 0xEC, 0x00, 0x00, 0x07, 0xD7, 0x80, 0x00, 0x07, 0xE0, 0xF0, 0x00, 0x02, 0xF0, 0x3E,
    0x00, 0x00, 0x20, 0x0B, 0xC0, 0x00, 0x00, 0x00, 0x90, 0x00, 0x00, 0x00, 0x00, 0x00, 0x00, 0x1A,
    0x00, 0x00, 0x00, 0x07, 0xC0, 0x00, 0x00, 0x02, 0xE0, 0x00, 0x05, 0x00, 0xB4, 0x00, 0x02, 0xF4,
    0x3C, 0x00, 0x00, 0xBF, 0xDE, 0x00, 0x00, 0x01, 0xBF, 0xFF, 0xF4, 0x00, 0x03, 0xFB, 0xFD, 0x00,
    0x07, 0xEC, 0x00, 0x00, 0x07, 0xC7, 0x80, 0x00, 0x07, 0xD0, 0xF0, 0x00, 0x02, 0xE0, 0x3E, 0x00,
    0x00, 0x20, 0x0B, 0xC0, 0x00, 0x00, 0x00, 0x90, 0x00, 0x00, 0x7C, 0x00, 0xF6, 0xF8, 0x03, 0xCB,
    0xE0, 0x2E, 0x1F, 0x00, 0xF4, 0x00, 0x07, 0xC0, 0x00, 0x2D, 0x00, 0x00, 0xF0, 0x00, 0x0B, 0x80,
    0x00, 0x3D, 0x00, 0x01, 0xF0, 0x00, 0x0B, 0x80, 0x00, 0x3C, 0x00, 0x01, 0xF0, 0x00, 0x0F, 0x40,
    0x00, 0x7C, 0x00, 0x02, 0xE0, 0x00, 0x0F, 0x00, 0x00, 0x7C, 0x03, 0xC3, 0xD0, 0x2F, 0x8F, 0x00,
    0xBE, 0xB8, 0x00, 0xF0, 0x00, 0xBF, 0xE4, 0x00, 0x00, 0x00, 0xD0, 0x7F, 0xFF, 0xFE, 0x40, 0x00,
    0x3C, 0x1F, 0x40, 0x6F, 0xFF, 0x94, 0x1F, 0x83, 0xC0, 0x00, 0x07, 0xFF, 0xFF, 0xF0, 0x38, 0x00,
    0x00, 0x01, 0xBF, 0xF4, 0x00, 0x00, 0x00, 0x00, 0x00, 0x00, 0x1F, 0xFE, 0x00, 0x00, 0xBF, 0xFF,
    0xC0, 0x03, 0xF4, 0x06, 0xF0, 0x0F, 0x40, 0x00, 0x74, 0x2D, 0x00, 0x00, 0x2C, 0x34, 0x00, 0x00,
    0x1C, 0x10, 0x00, 0x00, 0x04, 0x00, 0x02, 0xC0, 0x00, 0x00, 0x02, 0xC0, 0x00, 0x03, 0x42, 0xC0,
    0xE0, 0x03, 0xD2, 0xC3, 0xE0, 0x01, 0xF6, 0xCB, 0xC0, 0x00, 0x7F, 0xFF, 0x00, 0x00, 0x1F, 0xFC,
    0x00, 0x3F, 0xFF, 0xFF, 0xFE, 0x3F, 0xFF, 0xFF, 0xFE, 0x00, 0x1F, 0xFC, 0x00, 0x00, 0x7F, 0xEF,
    0x00, 0x02, 0xF2, 0xC7, 0xC0, 0x07, 0xC2, 0xC1, 0xF0, 0x01, 0x02, 0xC0, 0x40, 0x00, 0x02, 0xC0,
    0x00, 0x00, 0x00, 0x1F, 0x00, 0x00, 0x0F, 0xE0, 0x00, 0x01, 0xF0, 0x00, 0x00, 0x00, 0x00, 0x00,
    0x00, 0x00, 0x00, 0x00, 0x00, 0x00, 0x00, 0x00, 0x00, 0x00, 0x00, 0x3D, 0x00, 0x00, 0x1F, 0xC0,
    0x00, 0x07, 0xF0, 0x00, 0x00, 0xF4, 0x00, 0x00, 0x00, 0x00, 0x00, 0x00, 0x00, 0x00, 0x00, 0x00,
    0x00, 0x00, 0x00, 0x00, 0x00, 0x00, 0x00, 0x00, 0x00, 0x00, 0x07, 0xC0, 0x00, 0x03, 0xF4, 0x00,
    0x00, 0xFD, 0x00, 0x00, 0x1F, 0x00, 0x00, 0xBC, 0x2F, 0x0F, 0xC3, 0xF0, 0x03, 0xE0, 0xF8, 0x3D,
    0x1F, 0x40, 0x1F, 0x0B, 0xC2, 0xE0, 0xB8, 0x00, 0xF4, 0x3D, 0x0F, 0x03, 0xC0, 0x07, 0x81, 0xE0,
    0xB8, 0x2D, 0x00, 0x3C, 0x0F, 0x03, 0xC0, 0xF0, 0x01, 0xE0, 0x74, 0x2D, 0x0B, 0x40, 0x0F, 0x03,
    0xC0, 0xE0, 0x38, 0x00, 0x00, 0x00, 0x1F, 0x00, 0x00, 0x00, 0x00, 0x03, 0xF4, 0x00, 0x00, 0x00,
    0x00, 0x1F, 0x00, 0x00, 0x00, 0x00, 0x00, 0x00, 0x00, 0x00, 0x00, 0x00, 0x00, 0x00, 0x00, 0x00,
    0x00, 0x00, 0x00, 0x00, 0x00, 0x00, 0x00, 0x00, 0x00, 0x00, 0x00, 0x00, 0x00, 0x00, 0x00, 0x00,
    0x3D, 0x00, 0x00, 0x00, 0x07, 0xC7, 0xF0, 0x00, 0x00, 0x00, 0xFD, 0x7F, 0x00, 0x00, 0x00, 0x0F,
    0xD3, 0xD0, 0x00, 0x00, 0x00, 0x7C, 0x00, 0x00, 0x00, 0x00, 0x00, 0x00, 0x00, 0x00, 0x00, 0x00,
    0x00, 0x00, 0x00, 0x00, 0x00, 0x00, 0x00, 0x00, 0x00, 0x00, 0x00, 0x00, 0x00, 0x00, 0x00, 0x00,
    0x00, 0x00, 0x00, 0x01, 0xF0, 0x00, 0x00, 0x00, 0x00, 0x3F, 0x40, 0x00, 0x00, 0x00, 0x03, 0xF4,
    0x00, 0x00, 0x00, 0x00, 0x1F, 0x00, 0x00, 0x00, 0x3E, 0x00, 0x00, 0x00, 0x07, 0xD7, 0xF0, 0x00,
    0x00, 0x00, 0xBE, 0x3E, 0x00, 0x00, 0x00, 0x07, 0xD0, 0x00, 0x00, 0x00, 0x00, 0x00, 0x00, 0x00,
    0x00, 0x00, 0x00, 0x00, 0x00, 0x00, 0x00, 0x00, 0x00, 0x00, 0x00, 0x00, 0x00, 0x00, 0x00, 0x00,
    0x00, 0x00, 0x00, 0x00, 0x00, 0x00, 0x1F, 0x00, 0x00, 0x00, 0x00, 0x03, 0xF8, 0x00, 0x00, 0x00,
    0x00, 0x2F, 0x80, 0x00, 0x00, 0x00, 0x01, 0xF0, 0x00, 0x00, 0x00, 0x00, 0x00, 0x00, 0x00, 0x00,
    0x00, 0x00, 0x00, 0x00, 0x00, 0x00, 0x00, 0x00, 0x00, 0x00, 0x00, 0x00, 0x00, 0x00, 0x00, 0x00,
    0x00, 0x00, 0x00, 0x00, 0x00, 0x03, 0xD0, 0x00, 0x00, 0x00, 0x7C, 0x7F, 0x00, 0x00, 0x00, 0x0F,
    0xD7, 0xF0, 0x00, 0x00, 0x00, 0xFD, 0x3D, 0x00, 0x00, 0x00, 0x07, 0xC0, 0x3D, 0x7F, 0x7F, 0x3D,
    0x00, 0x00, 0x00, 0x00, 0x00, 0x00, 0x00, 0x00, 0x00, 0x00, 0x00, 0x00, 0x00, 0x3D, 0x7F, 0x7F,
    0x3D, 0x00, 0x02, 0xE0, 0x00, 0x00, 0x00, 0xFC, 0x00, 0x00, 0x00, 0x3F, 0x00, 0x00, 0x00, 0x0B,
    0x80, 0x00, 0x00, 0x00, 0x00, 0x00, 0x00, 0x00, 0x00, 0x00, 0x00, 0x00, 0x00, 0x00, 0x00, 0x00,
    0x00, 0x00, 0x00, 0x00, 0x00, 0x00, 0x00, 0x0F, 0x40, 0x00, 0x07, 0xC7, 0xF0, 0x00, 0x03, 0xF5,
    0xFC, 0x00, 0x00, 0xFD, 0x3D, 0x00, 0x00, 0x1F, 0x00, 0x00, 0x00, 0x00, 0x00, 0x00, 0x00, 0x00,
    0x00, 0x00, 0x00, 0x00, 0x00, 0x00, 0x00, 0x00, 0x00, 0x00, 0x00, 0x00, 0x00, 0x00, 0x00, 0x2E,
    0x00, 0x00, 0x00, 0x0F, 0xC0, 0x00, 0x00, 0x03, 0xF0, 0x00, 0x00, 0x00, 0xB8, 0x00, 0x00, 0x00,
    0x00, 0x2E, 0x00, 0x00, 0x00, 0x00, 0x02, 0xE0, 0x00, 0x00, 0x03, 0xD0, 0x2E, 0x00, 0xF4, 0x00,
    0xBE, 0x02, 0xE0, 0x2F, 0xC0, 0x0B, 0xE0, 0x2E, 0x02, 0xFC, 0x00, 0x3D, 0x02, 0xE0, 0x0F, 0x40,
    0x00, 0x00, 0x2E, 0x00, 0x00, 0x00, 0x00, 0x02, 0xE0, 0x00, 0x00, 0x00, 0x00, 0x2E, 0x00, 0x00,
    0x00, 0x00, 0x02, 0xF0, 0x00, 0x00, 0xFF, 0xFF, 0xFF, 0xFF, 0xFF, 0xCF, 0xFF, 0xFF, 0xFF, 0xFF,
    0xFC, 0x00, 0x00, 0x2E, 0x00, 0x00, 0x00, 0x00, 0x02, 0xE0, 0x00, 0x00, 0x00, 0x00, 0x2E, 0x00,
    0x00, 0x00, 0x00, 0x02, 0xE0, 0x00, 0x00, 0x03, 0xD0, 0x2E, 0x01, 0xF0, 0x00, 0xBE, 0x02, 0xE0,
    0x3F, 0x40, 0x0B, 0xE0, 0x2E, 0x03, 0xF4, 0x00, 0x3D, 0x02, 0xE0, 0x1F, 0x00, 0x00, 0x00, 0x2E,
    0x00, 0x00, 0x00, 0x00, 0x02, 0xE0, 0x00, 0x00, 0x7C, 0xFE, 0xFE, 0x7C, 0x00, 0x00, 0x00, 0x00,
    0x00, 0x7C, 0xFE, 0xFE, 0x7C, 0x00, 0x00, 0x00, 0x00, 0x7C, 0xFE, 0xFE, 0x7C, 0x2E, 0x1F, 0xC7,
    0xF0, 0xB8, 0x00, 0x0B, 0x87, 0xF1, 0xFC, 0x2E, 0x00, 0x00, 0x00, 0xB8, 0x7F, 0x1F, 0xC2, 0xE0,
    0x00, 0x00, 0x0B, 0x87, 0xF1, 0xFC, 0x2E, 0x00, 0x7F, 0xFD, 0x02, 0x80, 0x02, 0x80, 0x02, 0x80,
    0x02, 0x80, 0x7F, 0xFD, 0x02, 0x80, 0x02, 0x80, 0x02, 0x80, 0x02, 0x80, 0x02, 0x80, 0x02, 0x80,
    0x02, 0x80, 0x02, 0x80, 0x02, 0x80, 0x02, 0x80, 0x02, 0x80, 0x02, 0x80, 0x02, 0x80, 0x02, 0x80,
    0x02, 0x80, 0x02, 0x80, 0x02, 0x80, 0x02, 0x80, 0x00, 0x00, 0x7F, 0xFD, 0x70, 0x0D, 0x70, 0x0D,
    0x70, 0x0D, 0x70, 0x0D, 0x7F, 0xFD, 0x02, 0x80, 0x02, 0x80, 0x02, 0x80, 0x02, 0x80, 0x02, 0x80,
    0x02, 0x80, 0x02, 0x80, 0x02, 0x80, 0x02, 0x80, 0x02, 0x80, 0x02, 0x80, 0x02, 0x80, 0x02, 0x80,
    0x02, 0x80, 0x02, 0x80, 0x02, 0x80, 0x02, 0x80, 0x02, 0x80, 0x00, 0x00, 0x3F, 0xFC, 0x2F, 0xF8,
    0x0F, 0xF0, 0x0B, 0xE0, 0x03, 0xC0, 0x02, 0x80, 0x02, 0x80, 0x02, 0x80, 0x02, 0x80, 0x02, 0x80,
    0x02, 0x80, 0x02, 0x80, 0x02, 0x80, 0x02, 0x80, 0x02, 0x80, 0x02, 0x80, 0x02, 0x80, 0x02, 0x80,
    0x02, 0x80, 0x02, 0x80, 0x02, 0x80, 0x02, 0x80, 0x02, 0x80, 0x02, 0x80, 0x00, 0x00, 0x01, 0x40,
    0x03, 0xC0, 0x0B, 0xE0, 0x0F, 0xF0, 0x2F, 0xF8, 0x3F, 0xFC, 0x02, 0x80, 0x02, 0x80, 0x02, 0x80,
    0x02, 0x80, 0x02, 0x80, 0x02, 0x80, 0x02, 0x80, 0x02, 0x80, 0x02, 0x80, 0x02, 0x80, 0x02, 0x80,
    0x02, 0x80, 0x02, 0x80, 0x02, 0x80, 0x02, 0x80, 0x02, 0x80, 0x02, 0x80, 0x02, 0x80, 0x00, 0x00,
    0x02, 0x80, 0x0B, 0xE0, 0x38, 0x2C, 0x38, 0x2C, 0x0B, 0xE0, 0x03, 0xC0, 0x02, 0x80, 0x02, 0x80,
    0x02, 0x80, 0x02, 0x80, 0x02, 0x80, 0x02, 0x80, 0x02, 0x80, 0x02, 0x80, 0x02, 0x80, 0x02, 0x80,
    0x02, 0x80, 0x02, 0x80, 0x02, 0x80, 0x02, 0x80, 0x02, 0x80, 0x02, 0x80, 0x02, 0x80, 0x02, 0x80,
    0x7F, 0x80, 0x02, 0x80, 0x02, 0x80, 0x02, 0x80, 0x02, 0x80, 0x7F, 0xFD, 0x02, 0x80, 0x02, 0x80,
    0x02, 0x80, 0x02, 0x80, 0x02, 0x80, 0x02, 0x80, 0x02, 0x80, 0x02, 0x80, 0x02, 0x80, 0x02, 0x80,
    0x02, 0x80, 0x02, 0x80, 0x02, 0x80, 0x02, 0x80, 0x02, 0x80, 0x02, 0x80, 0x02, 0x80, 0x02, 0x80,
    0x00, 0x00, 0x00, 0xBF, 0x40, 0x3F, 0xFC, 0x0B, 0xC2, 0xE0, 0xF0, 0x0F, 0x1E, 0x00, 0xF2, 0xD0,
    0x1F, 0x3C, 0x01, 0xE3, 0xC0, 0x2D, 0x3C, 0x03, 0xC3, 0xC0, 0x7C, 0x3D, 0x0F, 0x41, 0xFF, 0xE0,
    0x07, 0xF4, 0x00, 0x01, 0x40, 0xF0, 0x10, 0x00, 0x0B, 0x03, 0xC0, 0xE0, 0x34, 0x1C, 0x0B, 0x03,
    0xC0, 0xE0, 0x74, 0x2C, 0x00, 0x00, 0x01, 0x80, 0x00, 0x7C, 0x00, 0x1F, 0xC0, 0x03, 0xBC, 0x00,
    0xF7, 0x80, 0x3C, 0xB4, 0x0B, 0x0F, 0x02, 0xC0, 0xF0, 0x7F, 0xFF, 0xDB, 0xFF, 0xFD, 0x00, 0x2C,
    0x00, 0x03, 0xC0, 0x00, 0x3C, 0x00, 0x01, 0xFF, 0xE0, 0x2F, 0xFE, 0x03, 0xC0, 0x00, 0x38, 0x00,
    0x07, 0x40, 0x00, 0xFF, 0xD0, 0x0F, 0xFF, 0x40, 0x00, 0xBC, 0x00, 0x03, 0xC0, 0x00, 0x3C, 0x10,
    0x0F, 0x43, 0xFF, 0xE0, 0x2F, 0xF4, 0x00, 0x00, 0xBF, 0xC0, 0x3F, 0xF8, 0x0F, 0x80, 0x02, 0xE0,
    0x00, 0x3C, 0x00, 0x07, 0xAF, 0x80, 0xBF, 0xFF, 0x0F, 0x80, 0xF0, 0xF0, 0x0F, 0x0F, 0x00, 0xF0,
    0xB4, 0x2E, 0x07, 0xFF, 0xC0, 0x1F, 0xE0, 0x00, 0x1F, 0xFF, 0xD2, 0xFF, 0xFC, 0x00, 0x07, 0x80,
    0x00, 0xF0, 0x00, 0x2D, 0x00, 0x07, 0xC0, 0x00, 0xF4, 0x00, 0x2E, 0x00, 0x03, 0xC0, 0x00, 0xF4,
    0x00, 0x1F, 0x00, 0x03, 0xC0, 0x00, 0x64, 0x00, 0x00, 0x00, 0xBF, 0x40, 0x3F, 0xFD, 0x0B, 0x81,
    0xE0, 0xF0, 0x0E, 0x0B, 0x42, 0xD0, 0x3E, 0xF4, 0x07, 0xFD, 0x01, 0xF1, 0xF4, 0x3C, 0x07, 0x87,
    0x80, 0x7C, 0x7C, 0x0B, 0x83, 0xFF, 0xF0, 0x0B, 0xF8, 0x00, 0x00, 0xBF, 0x00, 0x3F, 0xFC, 0x0F,
    0x42, 0xE0, 0xF0, 0x1E, 0x1E, 0x01, 0xE1, 0xE0, 0x2E, 0x1F, 0x07, 0xD0, 0xFF, 0xFC, 0x02, 0xE3,
    0xC0, 0x00, 0xB4, 0x00, 0x2E, 0x03, 0xFF, 0x80, 0x3F, 0x90, 0x00, 0x02, 0xC0, 0x02, 0xC0, 0x02,
    0xC0, 0xBF, 0xFF, 0xFF, 0xFF, 0x02, 0xC0, 0x02, 0xC0, 0x02, 0xC0, 0x00, 0x00, 0xFF, 0xFF, 0x00,
    0x00, 0xFF, 0xFF, 0xBF, 0xFF, 0x00, 0x00, 0xBF, 0xFF, 0xFF, 0xFF, 0x00, 0x24, 0x03, 0xC0, 0x3C,
    0x02, 0xE0, 0x0F, 0x00, 0xB8, 0x03, 0xC0, 0x0F, 0x00, 0x78, 0x02, 0xD0, 0x0B, 0x40, 0x2D, 0x00,
    0x78, 0x00, 0xE0, 0x03, 0xC0, 0x07, 0x40, 0x00, 0x80, 0x03, 0x80, 0x0F, 0x00, 0x2C, 0x00, 0xB4,
    0x02, 0xD0, 0x0B, 0x40, 0x2D, 0x00, 0xF0, 0x03, 0xC0, 0x1E, 0x00, 0xF0, 0x07, 0x80, 0x3C, 0x02,
    0xD0, 0x2D, 0x00, 0x0E, 0x7F, 0x80, 0xFC, 0x1D, 0x1F, 0x01, 0xD2, 0xD0, 0x2D, 0x3C, 0x02, 0xC3,
    0x80, 0x3C, 0x74, 0x03, 0x8B, 0x00, 0x74, 0xF0, 0x0B, 0x00, 0x00, 0xBE, 0x00, 0x3F, 0xF8, 0x0F,
    0x83, 0xC1, 0xF0, 0x2D, 0x2D, 0x02, 0xD3, 0xC0, 0x2D, 0x3C, 0x02, 0xD7, 0x80, 0x3C, 0x78, 0x03,
    0xC7, 0x80, 0x78, 0x78, 0x0B, 0x43, 0xC1, 0xF0, 0x2F, 0xFC, 0x00, 0xBE, 0x00, 0x00, 0xBC, 0x0F,
    0xE2, 0xFB, 0x4B, 0x3C, 0x00, 0xF0, 0x07, 0xC0, 0x1E, 0x00, 0xB4, 0x03, 0xC0, 0x0F, 0x00, 0x7C,
    0x01, 0xE0, 0x0B, 0x40, 0x00, 0xBF, 0x80, 0x0F, 0xFF, 0x80, 0x24, 0x0F, 0x00, 0x00, 0x3C, 0x00,
    0x00, 0xF0, 0x00, 0x0B, 0x40, 0x00, 0xB8, 0x00, 0x0B, 0x80, 0x00, 0xB8, 0x00, 0x0F, 0x40, 0x00,
    0xF4, 0x00, 0x0F, 0xFF, 0xF0, 0x7F, 0xFF, 0xC0, 0x00, 0x7F, 0x40, 0x0F, 0xFF, 0x80, 0x24, 0x1F,
    0x00, 0x00, 0x3C, 0x00, 0x00, 0xF0, 0x00, 0x0B, 0x80, 0x0F, 0xF4, 0x00, 0x7F, 0xC0, 0x00, 0x07,
    0xC0, 0x00, 0x0F, 0x40, 0x00, 0x3C, 0x08, 0x02, 0xF0, 0x3F, 0xFF, 0x40, 0x6F, 0xE0, 0x00, 0x00,
    0x03, 0xC0, 0x00, 0xFC, 0x00, 0x3F, 0x80, 0x0B, 0xB8, 0x01, 0xDB, 0x40, 0x78, 0xF0, 0x0E, 0x0F,
    0x03, 0xC1, 0xE0, 0xBF, 0xFF, 0xCF, 0xFF, 0xFC, 0x00, 0x3C, 0x00, 0x03, 0xC0, 0x00, 0x78, 0x00,
    0x03, 0xFF, 0xD0, 0x7F, 0xFC, 0x0B, 0x40, 0x00, 0xF0, 0x00, 0x0F, 0x00, 0x01, 0xFF, 0x80, 0x1F,
    0xFF, 0x00, 0x00, 0xF0, 0x00, 0x0B, 0x40, 0x00, 0xF0, 0x40, 0x1F, 0x0F, 0xFF, 0xC0, 0x6F, 0xE0,
    0x00, 0x00, 0x2F, 0xE0, 0x1F, 0xFD, 0x07, 0xD0, 0x00, 0xF0, 0x00, 0x1D, 0xBD, 0x03, 0xFF, 0xF4,
    0x3E, 0x0B, 0x83, 0xC0, 0x3C, 0x78, 0x03, 0xC3, 0x80, 0x78, 0x3C, 0x0F, 0x02, 0xFF, 0xE0, 0x0B,
    0xF4, 0x00, 0x0B, 0xFF, 0xF0, 0x3F, 0xFF, 0xC0, 0x00, 0x2D, 0x00, 0x01, 0xF0, 0x00, 0x0F, 0x00,
    0x00, 0xB8, 0x00, 0x03, 0xC0, 0x00, 0x3D, 0x00, 0x01, 0xF0, 0x00, 0x0F, 0x40, 0x00, 0xB8, 0x00,
    0x03, 0xC0, 0x00, 0x3E, 0x00, 0x00, 0x00, 0xBE, 0x00, 0x7F, 0xFC, 0x0F, 0x83, 0xD0, 0xF0, 0x1D,
    0x0F, 0x02, 0xC0, 0xB9, 0xB8, 0x03, 0xFD, 0x00, 0xFF, 0xD0, 0x3D, 0x0F, 0x0B, 0x40, 0xB8, 0xB4,
    0x0B, 0x8B, 0x80, 0xF4, 0x3F, 0xFE, 0x00, 0xBF, 0x40, 0x01, 0xFE, 0x00, 0xBF, 0xF8, 0x1F, 0x03,
    0xC2, 0xD0, 0x2D, 0x3C, 0x03, 0xD2, 0xD0, 0x7C, 0x1F, 0xFF, 0xC0, 0xBE, 0x7C, 0x00, 0x0B, 0x40,
    0x01, 0xF0, 0x00, 0x7D, 0x0B, 0xFF, 0x40, 0x7F, 0x80, 0x00, 0x00, 0xE0, 0x00, 0x38, 0x00, 0x0E,
    0x00, 0xFF, 0xFE, 0x3F, 0xFF, 0x80, 0x38, 0x00, 0x0E, 0x00, 0x03, 0x80, 0x00, 0x00, 0x0F, 0xFF,
    0xE1, 0x55, 0x50, 0x3F, 0xFF, 0x8F, 0xFF, 0xE0, 0x00, 0x00, 0xFF, 0xFE, 0x3F, 0xFF, 0x80, 0x00,
    0xF0, 0x0F, 0x40, 0x78, 0x03, 0xC0, 0x2D, 0x00, 0xF0, 0x07, 0x80, 0x2D, 0x00, 0xF0, 0x03, 0xC0,
    0x0F, 0x00, 0x3C, 0x00, 0xF0, 0x02, 0xD0, 0x03, 0x80, 0x0F, 0x00, 0x00, 0xF0, 0x00, 0x74, 0x00,
    0x38, 0x00, 0x3C, 0x00, 0x3C, 0x00, 0x3C, 0x00, 0x3C, 0x00, 0x3C, 0x00, 0x3C, 0x00, 0xB8, 0x00,
    0xF0, 0x01, 0xF0, 0x03, 0xD0, 0x07, 0x80, 0x0F, 0x00, 0x3C, 0x00, 0x02, 0xF8, 0xB0, 0xF9, 0xBE,
    0x2D, 0x03, 0xD3, 0xC0, 0x2C, 0x74, 0x03, 0xCB, 0x00, 0x38, 0xB0, 0x0B, 0x8B, 0x00, 0xF4, 0x3D,
    0xBB, 0x01, 0xF8, 0xB0, 0x02, 0xFE, 0x03, 0xE6, 0xD2, 0xC0, 0x74, 0xE0, 0x7C, 0x7F, 0xF8, 0x2D,
    0x00, 0x0B, 0x00, 0x01, 0xD0, 0x00, 0x3D, 0x5C, 0x02, 0xFE, 0x00, 0x02, 0xFE, 0x00, 0xF9, 0xB8,
    0x2D, 0x02, 0xC3, 0x80, 0x1C, 0x74, 0x01, 0xCB, 0x00, 0x2C, 0xB0, 0x03, 0xC7, 0x40, 0xB4, 0x3D,
    0x6E, 0x00, 0xBF, 0x40, 0x03, 0xC0, 0x38, 0x01, 0xD0, 0xF0, 0x00, 0xE3, 0xC0, 0x00, 0x7B, 0x00,
    0x00, 0x3D, 0x00, 0x00, 0x7C, 0x00, 0x01, 0xEE, 0x00, 0x03, 0x8B, 0x00, 0x0F, 0x03, 0x80, 0x3C,
    0x02, 0xC0, 0x07, 0xFD, 0x02, 0x97, 0xD0, 0x00, 0x3C, 0x00, 0x0F, 0x02, 0xFF, 0xC7, 0xE5, 0xE3,
    0xC0, 0x74, 0xE0, 0x3C, 0x3D, 0x7C, 0x03, 0xF8, 0x00, 0x03, 0xC0, 0x00, 0x38, 0x00, 0x07, 0x40,
    0x00, 0xB0, 0x00, 0x0F, 0x2F, 0x80, 0xEB, 0xFD, 0x0F, 0x81, 0xE1, 0xF0, 0x0D, 0x2D, 0x01, 0xD3,
    0xC0, 0x2C, 0x38, 0x03, 0xC7, 0x40, 0x38, 0xB0, 0x07, 0x4B, 0x00, 0xB0, 0x03, 0xC0, 0x00, 0x38,
    0x00, 0x07, 0x40, 0x00, 0xB0, 0x00, 0x0F, 0x03, 0xC0, 0xE0, 0xF0, 0x0D, 0x3C, 0x01, 0xCF, 0x00,
    0x2F, 0xD0, 0x03, 0xEF, 0x00, 0x38, 0x74, 0x07, 0x43, 0xC0, 0xB0, 0x2D, 0x0B, 0x00, 0xE0, 0x03,
    0xC0, 0xE0, 0x74, 0x2C, 0x0B, 0x03, 0x80, 0xE0, 0x74, 0x2C, 0x0F, 0x03, 0x81, 0xD0, 0x70, 0x2C,
    0x00, 0x0E, 0x2F, 0x47, 0xF4, 0x0F, 0xC2, 0xEC, 0x2C, 0x0F, 0x01, 0xF0, 0x1C, 0x1D, 0x02, 0xD0,
    0x2C, 0x2C, 0x02, 0xC0, 0x3C, 0x3C, 0x03, 0x80, 0x38, 0x38, 0x03, 0x80, 0x74, 0x74, 0x07, 0x40,
    0x70, 0x70, 0x0B, 0x00, 0xB0, 0xB0, 0x0F, 0x00, 0xF0, 0x03, 0x8B, 0xE0, 0x0E, 0xFF, 0xD0, 0x7E,
    0x07, 0x42, 0xE0, 0x1D, 0x0F, 0x00, 0xB0, 0x3C, 0x03, 0xC1, 0xE0, 0x0E, 0x0B, 0x40, 0x74, 0x2C,
    0x02, 0xC0, 0xF0, 0x0B, 0x00, 0x03, 0x5F, 0xD0, 0x0F, 0xC2, 0xC0, 0x7C, 0x03, 0x42, 0xC0, 0x0E,
    0x0F, 0x00, 0x74, 0x38, 0x02, 0xD1, 0xE0, 0x0F, 0x07, 0xC0, 0xF4, 0x2E, 0xFF, 0x80, 0xE2, 0xF8,
    0x03, 0x40, 0x00, 0x1C, 0x00, 0x00, 0xB0, 0x00, 0x03, 0xC0, 0x00, 0x00, 0x07, 0xF9, 0x1F, 0xFF,
    0x2D, 0x00, 0x1C, 0x00, 0x07, 0x40, 0x00, 0xB0, 0x00, 0x3C, 0x40, 0x3C, 0xFF, 0xF8, 0x7F, 0xE0,
    0x03, 0x00, 0x2C, 0x07, 0xFF, 0x47, 0x80, 0x1D, 0x00, 0xB0, 0x03, 0xC0, 0x0E, 0x00, 0x74, 0x01,
    0xD0, 0x07, 0xF8, 0x0B, 0xD0, 0x00, 0x6F, 0xE4, 0x00, 0x0B, 0xFF, 0xF0, 0x00, 0xFE, 0x41, 0x40,
    0x07, 0xE0, 0x00, 0x00, 0x3F, 0x00, 0x00, 0x01, 0xF4, 0x00, 0x00, 0x0B, 0xC0, 0x3F, 0xFF, 0x7F,
    0x01, 0xFF, 0xFC, 0xF8, 0x0B, 0xC0, 0x03, 0xE0, 0x2E, 0x00, 0x0F, 0xC0, 0xF4, 0x00, 0x2F, 0x83,
    0xD0, 0x00, 0x3F, 0xFF, 0xFF, 0xC0, 0x2F, 0xFF, 0xFE, 0x00, 0x03, 0xE0, 0x00, 0x00, 0x0F, 0x40,
    0x00, 0x00, 0x3D, 0x00, 0x00, 0x01, 0xF0, 0x00, 0x00, 0x0B, 0xC0, 0x00, 0x00, 0x2F, 0xFF, 0x80,
    0x00, 0xFF, 0xFE, 0x00, 0x00, 0x00, 0x0F, 0x0F, 0x00, 0x00, 0x07, 0x87, 0x80, 0x00, 0x03, 0xD2,
    0xD0, 0x00, 0x1F, 0xFF, 0xF4, 0x00, 0x2F, 0xFF, 0xFF, 0x00, 0x3F, 0xBC, 0x3E, 0x80, 0x2F, 0x5E,
    0x0E, 0x00, 0x1F, 0x4F, 0x0B, 0x40, 0x0F, 0x83, 0xC3, 0xC0, 0x07, 0xC2, 0xD1, 0xD0, 0x03, 0xF0,
    0xF0, 0xF0, 0x00, 0xF8, 0x78, 0x78, 0x00, 0x3D, 0x3C, 0x2C, 0x00, 0x1F, 0x4E, 0x0F, 0x00, 0x07,
    0xDB, 0x4B, 0x40, 0x00, 0xF7, 0xC3, 0xC0, 0x00, 0x3F, 0xD1, 0xE0, 0x00, 0x0F, 0xF0, 0xF0, 0x00,
    0x01, 0xFD, 0x78, 0x14, 0x00, 0x2F, 0xFF, 0xFE, 0x00, 0x0F, 0xBF, 0xFE, 0x00, 0x07, 0x47, 0x80,
    0x00, 0x02, 0xC2, 0xC0, 0x00, 0x00, 0xE0, 0xF0, 0x00, 0x00, 0x00, 0x01, 0xBF, 0xF8, 0x00, 0x0B,
    0xFF, 0xFF, 0x00, 0x3F, 0x90, 0x1C, 0x00, 0xFD, 0x00, 0x00, 0x03, 0xF0, 0x00, 0x00, 0x07, 0xD0,
    0x00, 0x00, 0x0F, 0xC0, 0x00, 0x00, 0x0F, 0x40, 0x00, 0x00, 0x2F, 0x01, 0xD2, 0xF4, 0x3F, 0x02,
    0xDF, 0xF0, 0x3E, 0x03, 0xFD, 0x00, 0x3D, 0x03, 0xF0, 0x00, 0x3D, 0x03, 0xE0, 0x00, 0x3D, 0x07,
    0xC0, 0x00, 0x3E, 0x0B, 0xC0, 0x00, 0x3E, 0x0F, 0x80, 0x00, 0x2F, 0x0F, 0x40, 0x00, 0x1F, 0xDF,
    0x00, 0x00, 0x0B, 0xFF, 0x5B, 0x00, 0x03, 0xFF, 0xFF, 0x00, 0x00, 0x7F, 0xF9, 0x00, 0x00, 0x07,
    0xFF, 0xFF, 0xC0, 0x02, 0xFF, 0xFF, 0xE0, 0x00, 0xF8, 0x00, 0x00, 0x00, 0x3D, 0x00, 0x00, 0x00,
    0x1F, 0x00, 0x00, 0x00, 0x0B, 0xC0, 0x00, 0x00, 0x02, 0xF0, 0x00, 0x00, 0x00, 0xF8, 0x00, 0x00,
    0x00, 0x3D, 0x00, 0x00, 0x00, 0x1F, 0x40, 0x00, 0x00, 0x0B, 0xFF, 0xFF, 0x40, 0x03, 0xFF, 0xFF,
    0xC0, 0x00, 0xF8, 0x00, 0x00, 0x00, 0x3D, 0x00, 0x00, 0x00, 0x1F, 0x00, 0x00, 0x00, 0xFF, 0xFF,
    0xC0, 0x00, 0x7F, 0xFF, 0xE0, 0x00, 0x00, 0xF8, 0x00, 0x00, 0x00, 0x3D, 0x00, 0x00, 0x00, 0x1F,
    0x00, 0x00, 0x00, 0x0B, 0xC0, 0x00, 0x00, 0x00, 0x00, 0x00, 0x0B, 0xFE, 0x40, 0x00, 0x07, 0xFF,
    0xFE, 0x00, 0x00, 0xFD, 0x06, 0xC0, 0x00, 0x2F, 0x00, 0x00, 0x00, 0x03, 0xE0, 0x00, 0x00, 0x00,
    0x7D, 0x00, 0x00, 0x00, 0x0B, 0xC0, 0x00, 0x00, 0x00, 0xFC, 0x00, 0x00, 0x03, 0xFF, 0xFF, 0xF0,
    0x00, 0x3F, 0xFF, 0xFE, 0x00, 0x00, 0x1F, 0x40, 0x00, 0x00, 0x02, 0xF0, 0x00, 0x00, 0x0B, 0xFF,
    0xFF, 0xC0, 0x00, 0xFF, 0xFF, 0xF8, 0x00, 0x00, 0x7D, 0x00, 0x00, 0x00, 0x0B, 0xC0, 0x00, 0x00,
    0x00, 0xF8, 0x00, 0x00, 0x00, 0x2F, 0x00, 0x00, 0x00, 0x1F, 0xD0, 0x00, 0x00, 0x03, 0xFF, 0xFF,
    0xFF, 0x80, 0x3F, 0xFF, 0xFF, 0xF4, 0x00, 0x00, 0x00, 0x00, 0x00, 0x0F, 0x00, 0x00, 0x00, 0x00,
    0x00, 0x2D, 0x00, 0x00, 0x00, 0x00, 0x00, 0x78, 0x00, 0x00, 0x00, 0x00, 0x00, 0xF0, 0x00, 0x00,
    0xF0, 0x2F, 0xC2, 0xEB, 0xF4, 0x00, 0xF1, 0xFF, 0xF7, 0xFF, 0xFD, 0x01, 0xF7, 0x92, 0xFF, 0xF4,
    0x7E, 0x02, 0xFE, 0x00, 0xFF, 0x80, 0x3F, 0x03, 0xF8, 0x00, 0xFE, 0x00, 0x2F, 0x03, 0xF0, 0x00,
    0xFC, 0x00, 0x3F, 0x03, 0xE0, 0x01, 0xF8, 0x00, 0x3E, 0x07, 0xD0, 0x03, 0xF4, 0x00, 0x3D, 0x0B,
    0xC0, 0x0B, 0xF0, 0x00, 0x7C, 0x0F, 0xC0, 0x1F, 0xF0, 0x00, 0xBC, 0x0F, 0x80, 0x3F, 0xE0, 0x00,
    0xF8, 0x1F, 0x40, 0xBB, 0xD0, 0x00, 0xF8, 0x1F, 0x00, 0xF7, 0xC0, 0x01, 0xF4, 0x2F, 0x03, 0xDB,
    0xC0, 0x02, 0xF0, 0x3E, 0x07, 0x8F, 0xC0, 0x02, 0xF0, 0x3D, 0x0F, 0x0F, 0x80, 0x03, 0xE0, 0x00,
    0x2D, 0x00, 0x00, 0x00, 0x00, 0x00, 0x78, 0x00, 0x00, 0x00, 0x00, 0x00, 0xF0, 0x00, 0x00, 0x00,
    0x00, 0x00, 0x2F, 0x40, 0x0F, 0x00, 0x0F, 0xE0, 0x07, 0xC0, 0x03, 0xF8, 0x01, 0xF0, 0x01, 0xFF,
    0x00, 0xB8, 0x00, 0xBB, 0xC0, 0x3D, 0x00, 0x3D, 0xF0, 0x0F, 0x00, 0x0F, 0x3C, 0x07, 0xC0, 0x7F,
    0xFF, 0xFF, 0xFE, 0x2F, 0xFF, 0xFF, 0xFF, 0x80, 0xB8, 0xB8, 0x3D, 0x00, 0x3D, 0x1E, 0x0F, 0x00,
    0x0F, 0x47, 0xC7, 0xC0, 0x7F, 0xFF, 0xFF, 0xFF, 0x1F, 0xFF, 0xFF, 0xFF, 0x80, 0xBC, 0x0F, 0x7D,
    0x00, 0x3D, 0x03, 0xDF, 0x00, 0x0F, 0x40, 0xBB, 0xC0, 0x03, 0xC0, 0x2F, 0xE0, 0x01, 0xF0, 0x07,
    0xF8, 0x00, 0xB8, 0x00, 0xFD, 0x00, 0x3D, 0x00, 0x3F, 0x00, 0x00, 0x00, 0x3F, 0xFD, 0x00, 0x00,
    0x00, 0x0F, 0xFF, 0xF0, 0x00, 0x00, 0x07, 0xD1, 0xBF, 0x00, 0x00, 0x02, 0xF0, 0x0B, 0xC0, 0x00,
    0x00, 0xB8, 0x01, 0xF4, 0x00, 0x00, 0x3E, 0x00, 0x3D, 0x00, 0x00, 0x0F, 0x40, 0x1F, 0x43, 0x80,
    0x07, 0xC0, 0x0B, 0xC2, 0xD0, 0x02, 0xF0, 0x07, 0xE1, 0xF0, 0x00, 0xF8, 0x1B, 0xF7, 0xFF, 0xF0,
    0x3F, 0xFF, 0xF2, 0xFF, 0xF8, 0x0F, 0xFF, 0x90, 0x0F, 0x80, 0x07, 0xC0, 0x00, 0x03, 0xD0, 0x02,
    0xF0, 0x00, 0x01, 0xF0, 0x00, 0xF8, 0x00, 0x00, 0xBC, 0x00, 0x3D, 0x00, 0x00, 0x2E, 0x00, 0x1F,
    0x00, 0x00, 0x0F, 0x40, 0x07, 0xC0, 0x00, 0x03, 0xD0, 0x02, 0xF0, 0x00, 0x00, 0xF8, 0x40, 0xF8,
    0x00, 0x00, 0x3F, 0xF0, 0x3D, 0x00, 0x00, 0x07, 0xFC, 0x00, 0x00, 0x3F, 0xFE, 0x00, 0x00, 0x00,
    0x00, 0x3F, 0xFF, 0xC0, 0x00, 0x00, 0x00, 0x7D, 0x0B, 0xE0, 0x00, 0x00, 0x00, 0xBC, 0x02, 0xF0,
    0x00, 0x00, 0x00, 0xF8, 0x01, 0xF0, 0x00, 0x00, 0x00, 0xF8, 0x01, 0xF4, 0x2F, 0xE4, 0x00, 0xF4,
    0x02, 0xF1, 0xFF, 0xFC, 0x01, 0xF0, 0x03, 0xF3, 0xF4, 0x28, 0x02, 0xF0, 0x0B, 0xD3, 0xD0, 0x00,
    0x03, 0xE0, 0x6F, 0x83, 0xD0, 0x00, 0x03, 0xFF, 0xFE, 0x03, 0xE0, 0x00, 0x07, 0xFF, 0xF0, 0x02,
    0xF8, 0x00, 0x07, 0xC0, 0xF0, 0x00, 0xFE, 0x00, 0x0B, 0xC0, 0xF4, 0x00, 0x2F, 0xC0, 0x0F, 0x80,
    0xF8, 0x00, 0x0B, 0xE0, 0x0F, 0x40, 0xBC, 0x00, 0x03, 0xF0, 0x1F, 0x00, 0xBC, 0x00, 0x02, 0xF0,
    0x2F, 0x00, 0x7C, 0x00, 0x03, 0xE0, 0x2F, 0x00, 0x3D, 0x74, 0x1F, 0xD0, 0x3E, 0x00, 0x3E, 0x7F,
    0xFF, 0x80, 0x3D, 0x00, 0x3F, 0x2F, 0xF9, 0x00, 0x03, 0xD0, 0x0B, 0xC0, 0x0F, 0x40, 0xF4, 0x03,
    0xF0, 0x07, 0xC0, 0x3D, 0x01, 0xFC, 0x02, 0xE0, 0x0F, 0x00, 0xBF, 0x00, 0xF4, 0x03, 0xC0, 0x3B,
    0xC0, 0x7C, 0x00, 0xF0, 0x2D, 0xF0, 0x2E, 0x00, 0x3C, 0x0F, 0x3C, 0x0F, 0x00, 0x1F, 0x07, 0x8F,
    0x07, 0xC0, 0x07, 0xC2, 0xD3, 0xC3, 0xD0, 0x0F, 0xFF, 0xFF, 0xFF, 0xFE, 0x07, 0xFF, 0xFF, 0xFF,
    0xFF, 0x40, 0x1E, 0x3C, 0x1E, 0x3D, 0x00, 0x0B, 0x8F, 0x07, 0x8F, 0x00, 0x02, 0xE7, 0x41, 0xD7,
    0x80, 0x00, 0xB7, 0xC0, 0x76, 0xC0, 0x00, 0x2E, 0xF0, 0x1D, 0xF0, 0x00, 0x0B, 0xF4, 0x07, 0xB8,
    0x00, 0x02, 0xFC, 0x02, 0xFC, 0x00, 0x00, 0xFE, 0x00, 0xBF, 0x00, 0x00, 0x3F, 0x40, 0x2F, 0x40,
    0x00, 0x0F, 0xC0, 0x0B, 0xC0, 0x00, 0x00, 0x00, 0x3F, 0xFF, 0xE4, 0x00, 0x3E, 0x00, 0x3F, 0xFF,
    0xFE, 0x00, 0x3D, 0x00, 0x7C, 0x00, 0x6F, 0x40, 0x3C, 0x00, 0x7C, 0x00, 0x0F, 0x80, 0x7C, 0x00,
    0xB8, 0x00, 0x07, 0xC0, 0xBC, 0x00, 0xF4, 0x2E, 0x07, 0xC0, 0xF8, 0x00, 0xF4, 0x3D, 0x0B, 0xC0,
    0xF4, 0x01, 0xF0, 0x3D, 0x0B, 0x80, 0xF0, 0x02, 0xF0, 0x7C, 0x0F, 0x41, 0xF0, 0x03, 0xE0, 0xBC,
    0x0F, 0x02, 0xE0, 0x03, 0xD0, 0xB8, 0x1F, 0x03, 0xE0, 0x03, 0xC0, 0xF4, 0x2F, 0x03, 0xD0, 0x07,
    0xC0, 0xF0, 0x3E, 0x07, 0xC0, 0x0B, 0xC1, 0xF0, 0x3D, 0x0B, 0xC0, 0x0F, 0x82, 0xF0, 0x3C, 0x0B,
    0x80, 0x0F, 0x42, 0xE0, 0x28, 0x0F, 0x40, 0x0F, 0x03, 0xD0, 0x00, 0x1F, 0x00, 0x1F, 0x03, 0xC0,
    0x00, 0x3E, 0x00, 0x2E, 0x07, 0xC0, 0x02, 0xFC, 0x00, 0x3E, 0x0B, 0xFF, 0xFF, 0xF0, 0x00, 0x3D,
    0x0F, 0xFF, 0xFE, 0x40, 0x00, 0x00, 0x00, 0x00, 0x07, 0xD0, 0x00, 0x00, 0x00, 0x2F, 0x00, 0x00,
    0x03, 0xFF, 0xFF, 0xC0, 0x00, 0x0F, 0xFF, 0xFE, 0x00, 0x00, 0x00, 0x0F, 0x40, 0x00, 0x00, 0x00,
    0x7C, 0x00, 0x00, 0x7F, 0xC2, 0xF0, 0x00, 0x0F, 0xFF, 0xDB, 0x80, 0x00, 0xFE, 0x07, 0xFE, 0x00,
    0x0B, 0xD0, 0x03, 0xF4, 0x00, 0x7E, 0x00, 0x0F, 0xC0, 0x02, 0xF0, 0x00, 0x3F, 0x00, 0x0F, 0x80,
    0x00, 0xF8, 0x00, 0x7D, 0x00, 0x03, 0xD0, 0x01, 0xF0, 0x00, 0x1F, 0x40, 0x0B, 0xC0, 0x00, 0xBC,
    0x00, 0x2F, 0x00, 0x03, 0xF0, 0x00, 0xBC, 0x00, 0x3F, 0x80, 0x01, 0xF4, 0x02, 0xFD, 0x00, 0x03,
    0xF4, 0x7D, 0xF0, 0x00, 0x0B, 0xFF, 0xD3, 0xC0, 0x00, 0x07, 0xF8, 0x1F, 0x00, 0x00, 0x00, 0x00,
    0x00, 0x00, 0x00, 0x00, 0x00, 0x00, 0x00, 0xBF, 0xFF, 0xFF, 0x00, 0x02, 0xFF, 0xFF, 0xFC, 0x00,
    0x00, 0x00, 0x00, 0x00, 0x00, 0x00, 0x00, 0x00, 0x0B, 0xFE, 0x40, 0x00, 0x0B, 0xFF, 0xFD, 0x00,
    0x02, 0xFD, 0x06, 0xC0, 0x00, 0xBD, 0x00, 0x00, 0x00, 0x1F, 0x80, 0x00, 0x00, 0x03, 0xF0, 0x00,
    0x00, 0x00, 0x7D, 0x00, 0x00, 0x00, 0xFF, 0xFF, 0xFC, 0x00, 0x0F, 0xFF, 0xFF, 0x80, 0x00, 0x1F,
    0x40, 0x00, 0x00, 0x01, 0xF0, 0x00, 0x00, 0x00, 0x2F, 0x00, 0x00, 0x00, 0x3F, 0xFF, 0xFC, 0x00,
    0x03, 0xFF, 0xFF, 0xC0, 0x00, 0x02, 0xF0, 0x00, 0x00, 0x00, 0x2F, 0x00, 0x00, 0x00, 0x01, 0xF0,
    0x00, 0x00, 0x00, 0x0F, 0xC0, 0x00, 0x00, 0x00, 0xBF, 0x41, 0xA0, 0x00, 0x02, 0xFF, 0xFE, 0x00,
    0x00, 0x06, 0xFF, 0x80, 0x00, 0x00, 0x2F, 0x00, 0x02, 0xF4, 0x00, 0xBC, 0x00, 0x2F, 0x40, 0x03,
    0xE0, 0x02, 0xF8, 0x00, 0x0F, 0x40, 0x2F, 0x80, 0x00, 0x7C, 0x02, 0xF8, 0x00, 0x02, 0xF0, 0x2F,
    0x80, 0x00, 0x0F, 0xC2, 0xF8, 0x00, 0x00, 0x3E, 0x2F, 0x80, 0x00, 0x00, 0xF5, 0xF8, 0x00, 0x00,
    0xBF, 0xFF, 0xFF, 0xF4, 0x03, 0xFF, 0xFF, 0xFF, 0xC0, 0x00, 0xFE, 0x2F, 0x00, 0x00, 0x03, 0xE0,
    0x7D, 0x00, 0x00, 0x0F, 0x40, 0xFC, 0x00, 0x00, 0x7C, 0x02, 0xF0, 0x00, 0x02, 0xF0, 0x03, 0xE0,
    0x00, 0x0F, 0x80, 0x0B, 0xC0, 0x00, 0x3E, 0x00, 0x1F, 0x40, 0x01, 0xF4, 0x00, 0x3F, 0x00, 0x07,
    0xC0, 0x00, 0xBD, 0x00, 0x2F, 0x00, 0x00, 0xF8, 0x00, 0x0F, 0xFF, 0xFF, 0xFF, 0x03, 0xFF, 0xFF,
    0xFF, 0xC0, 0x00, 0x3F, 0x00, 0x00, 0x00, 0x0F, 0x80, 0x00, 0x00, 0x03, 0xE0, 0x00, 0x00, 0x01,
    0xF4, 0xF0, 0x00, 0x00, 0xBE, 0xF8, 0x00, 0x00, 0x3F, 0xF4, 0x00, 0x00, 0x0F, 0xE0, 0x00, 0x00,
    0x1F, 0xD0, 0x00, 0x00, 0x2F, 0xF0, 0xA0, 0x00, 0x7E, 0xBD, 0xFC, 0x00, 0x0D, 0x3F, 0xF8, 0x00,
    0x00, 0x0F, 0xF0, 0x00, 0x00, 0x0F, 0xE0, 0x00, 0x00, 0x1F, 0xF0, 0x00, 0x00, 0x3F, 0xFC, 0x00,
    0x00, 0x1E, 0x3F, 0x00, 0x00, 0x00, 0x0F, 0x80, 0x00, 0x00, 0x07, 0xD0, 0x00, 0x00, 0x01, 0xF0,
    0x00, 0x00, 0x00, 0x0A, 0xFF, 0xE4, 0x00, 0x00, 0x00, 0x00, 0x3F, 0xFF, 0xFF, 0x40, 0x00, 0x00,
    0x00, 0x2E, 0x40, 0x6F, 0xE0, 0x00, 0x00, 0x00, 0x00, 0x00, 0x02, 0xF8, 0x00, 0x00, 0x00, 0x00,
    0x3D, 0x00, 0xBD, 0x00, 0x00, 0x00, 0x00, 0x7C, 0x00, 0x3E, 0x00, 0x00, 0x00, 0x00, 0xBC, 0x00,
    0x2F, 0x00, 0x00, 0x00, 0x00, 0xF8, 0x00, 0x1F, 0x00, 0x00, 0x00, 0x00, 0xF8, 0x00, 0x1F, 0x40,
    0x00, 0x00, 0x00, 0xF4, 0x00, 0x1F, 0x40, 0x00, 0x00, 0x01, 0xF0, 0x00, 0x1F, 0x00, 0x00, 0x00,
    0x02, 0xF0, 0x00, 0x2F, 0x00, 0xBF, 0xD0, 0x03, 0xE0, 0x00, 0x3F, 0x03, 0xFF, 0xF4, 0x03, 0xD0,
    0x00, 0x3E, 0x0F, 0xD1, 0xFC, 0x07, 0xC0, 0x00, 0xBC, 0x1F, 0x40, 0x7C, 0x07, 0xC0, 0x01, 0xF8,
    0x2F, 0x00, 0x7C, 0x0B, 0xC0, 0x07, 0xF0, 0x3E, 0x00, 0x7C, 0x0F, 0x80, 0x2F, 0xD0, 0x3D, 0x00,
    0xFC, 0x0F, 0x96, 0xFF, 0x40, 0x7F, 0x47, 0xF4, 0x1F, 0xFF, 0xF8, 0x00, 0xBF, 0xFF, 0xD0, 0x2F,
    0xFE, 0x40, 0x00, 0xBA, 0xFE, 0x00, 0x00, 0x00, 0x00, 0x00, 0xF8, 0x00, 0x00, 0x00, 0x00, 0x00,
    0x00, 0xF4, 0x00, 0x00, 0x00, 0x00, 0x00, 0x01, 0xF0, 0x00, 0x00, 0x00, 0x00, 0x00, 0x02, 0xF0,
    0x00, 0x00, 0x00, 0x00, 0x00, 0x03, 0xE0, 0x00, 0x00, 0x00, 0x00, 0x00, 0x03, 0xE0, 0x00, 0x00,
    0x00, 0x00, 0x00, 0x03, 0xD0, 0x00, 0x00, 0x00, 0x00, 0x00, 0x7F, 0x80, 0x00, 0x00, 0x0B, 0xFF,
    0x80, 0x00, 0x00, 0x3E, 0x2F, 0x00, 0x00, 0x02, 0xF0, 0x3C, 0x00, 0x00, 0x0F, 0x40, 0xF0, 0x00,
    0x00, 0x3D, 0x07, 0xC0, 0x00, 0x00, 0xF0, 0x2D, 0x00, 0x00, 0x03, 0xC0, 0xF0, 0x00, 0x00, 0x0F,
    0x0B, 0x40, 0x00, 0x00, 0x3D, 0x7C, 0x00, 0x00, 0x00, 0xFB, 0xC0, 0x00, 0x00, 0x02, 0xFD, 0x00,
    0x00, 0x00, 0x07, 0xE0, 0x00, 0x00, 0x00, 0x1F, 0x00, 0x00, 0x02, 0x40, 0xFC, 0x00, 0x00, 0x1F,
    0x0F, 0xF4, 0x00, 0x00, 0xFC, 0xBA, 0xE0, 0x00, 0x0B, 0xFF, 0xC7, 0xC0, 0x00, 0x7C, 0xFC, 0x1F,
    0x00, 0x03, 0xC2, 0xD0, 0x3C, 0x00, 0x3D, 0x06, 0x00, 0xF0, 0x00, 0x00, 0x00, 0x03, 0xC0, 0x00,
    0x00, 0x00, 0x0F, 0x00, 0x00, 0x00, 0x00, 0x7C, 0x00, 0x00, 0x00, 0x02, 0xF0, 0x00, 0x00, 0x04,
    0x2F, 0x80, 0x00, 0x00, 0x2F, 0xFC, 0x00, 0x00, 0x00, 0x7F, 0x80, 0x00, 0x00, 0xBF, 0xFE, 0x00,
    0x00, 0x3F, 0xFF, 0xF4, 0x00, 0x0F, 0x80, 0x7F, 0x00, 0x07, 0xC0, 0x07, 0xD0, 0x3F, 0xFF, 0xFF,
    0xFF, 0x4F, 0xFF, 0xFF, 0xFF, 0xD0, 0x3E, 0x00, 0x1F, 0x40, 0x0F, 0x40, 0x07, 0xC0, 0xBF, 0xFF,
    0xFF, 0xFE, 0x3F, 0xFF, 0xFF, 0xFF, 0x40, 0xFC, 0x00, 0xFC, 0x00, 0x3E, 0x01, 0xFD, 0x00, 0x0F,
    0xFF, 0xFD, 0x00, 0x07, 0xFF, 0xF8, 0x00, 0x02, 0xF0, 0x00, 0x00, 0x00, 0xF8, 0x00, 0x00, 0x00,
    0x3E, 0x00, 0x00, 0x00, 0x0F, 0x40, 0x00, 0x00, 0x07, 0xC0, 0x00, 0x00, 0x02, 0xF0, 0x00, 0x00,
    0x00, 0xF8, 0x00, 0x00, 0x00, 0x00, 0x00, 0x00, 0x07, 0x40, 0x00, 0x00, 0x1B, 0xFF, 0xE4, 0x00,
    0x0F, 0xFF, 0xFF, 0xC0, 0x07, 0xF9, 0xF1, 0xB8, 0x01, 0xFC, 0x1E, 0x00, 0x00, 0x7F, 0x02, 0xD0,
    0x00, 0x0F, 0xC0, 0x2C, 0x00, 0x01, 0xF4, 0x03, 0xC0, 0x00, 0x3F, 0x00, 0x38, 0x00, 0x03, 0xE0,
    0x07, 0x80, 0x00, 0x7D, 0x00, 0xB4, 0x00, 0x0B, 0xC0, 0x0F, 0xFF, 0xF0, 0xFC, 0x00, 0xFF, 0xFF,
    0x0F, 0xC0, 0x0E, 0x03, 0xE0, 0xFC, 0x01, 0xD0, 0x3D, 0x0F, 0xC0, 0x2C, 0x07, 0xD0, 0xBC, 0x03,
    0xC0, 0xBC, 0x07, 0xE0, 0x3C, 0x0F, 0xC0, 0x3F, 0x47, 0x80, 0xF8, 0x00, 0xFE, 0xB8, 0x6F, 0x40,
    0x03, 0xFF, 0xFF, 0xF0, 0x00, 0x06, 0xFF, 0xE4, 0x00, 0x00, 0x0E, 0x00, 0x00, 0x00, 0x01, 0xE0,
    0x00, 0x00, 0x00, 0x00, 0x02, 0xF4, 0x00, 0x00, 0x00, 0x03, 0xF8, 0x00, 0x00, 0x00, 0x0B, 0xF8,
    0x00, 0x00, 0x00, 0x0F, 0xBC, 0x00, 0x00, 0x00, 0x2F, 0x7C, 0x00, 0x00, 0x00, 0x7D, 0x7C, 0x00,
    0x00, 0x00, 0xFC, 0x3C, 0x00, 0x00, 0x01, 0xF4, 0x3D, 0x00, 0x02, 0xFF, 0xFF, 0xFF, 0xFD, 0x03,
    0xFF, 0xFF, 0xFF, 0xFC, 0x00, 0x0F, 0xC0, 0x3E, 0x00, 0x00, 0x2F, 0x00, 0x2F, 0x00, 0x0B, 0xFF,
    0xFF, 0xFF, 0xF4, 0x0F, 0xFF, 0xFF, 0xFF, 0xF0, 0x01, 0xF8, 0x00, 0x1F, 0x40, 0x02, 0xF0, 0x00,
    0x0F, 0x40, 0x03, 0xE0, 0x00, 0x0F, 0x40, 0x0B, 0xC0, 0x00, 0x0F, 0x80, 0x1F, 0x80, 0x00, 0x0F,
    0x80, 0x3F, 0x00, 0x00, 0x0B, 0xC0, 0x7D, 0x00, 0x00, 0x0B, 0xC0, 0x00, 0x06, 0xFF, 0xE0, 0x00,
    0x01, 0xFF, 0xFF, 0xC0, 0x00, 0x0E, 0x41, 0xBF, 0x00, 0x00, 0x00, 0x02, 0xF0, 0x00, 0x00, 0x00,
    0x1F, 0x40, 0x00, 0x00, 0x02, 0xF0, 0x00, 0x00, 0x00, 0x3F, 0x00, 0xFF, 0xFF, 0xFF, 0xFC, 0x0F,
    0xFF, 0xFF, 0xFF, 0xC0, 0x00, 0x1F, 0xFD, 0x00, 0x00, 0x7F, 0xF9, 0x00, 0x03, 0xFF, 0xFF, 0xFF,
    0xF0, 0x3F, 0xFF, 0xFF, 0xFF, 0x00, 0xFC, 0x00, 0x00, 0x00, 0x1F, 0x40, 0x00, 0x00, 0x01, 0xF0,
    0x00, 0x00, 0x00, 0x1F, 0x40, 0x00, 0x00, 0x00, 0xF8, 0x00, 0x00, 0x00, 0x0F, 0xE4, 0x16, 0xC0,
    0x00, 0x3F, 0xFF, 0xFC, 0x00, 0x00, 0x7F, 0xF9, 0x00, 0x00, 0x00, 0x00, 0x07, 0x80, 0x00, 0x00,
    0x7F, 0xFE, 0x40, 0x01, 0xFF, 0xFF, 0xF0, 0x02, 0xFD, 0x3C, 0x28, 0x02, 0xF8, 0x1E, 0x00, 0x01,
    0xF8, 0x0B, 0x40, 0x00, 0xFC, 0x02, 0xC0, 0x00, 0x7D, 0x00, 0xF0, 0x00, 0x3F, 0x00, 0x3C, 0x00,
    0x0F, 0x80, 0x1E, 0x00, 0x07, 0xD0, 0x0B, 0x40, 0x02, 0xF0, 0x03, 0xC0, 0x00, 0xFC, 0x00, 0xF0,
    0x00, 0x3F, 0x00, 0x38, 0x00, 0x0F, 0xC0, 0x1D, 0x00, 0x03, 0xF0, 0x0B, 0x40, 0x00, 0xBD, 0x03,
    0xC0, 0x00, 0x1F, 0xC0, 0xF0, 0x00, 0x03, 0xF8, 0x78, 0x00, 0x00, 0x7F, 0xEE, 0x6E, 0x00, 0x07,
    0xFF, 0xFF, 0x80, 0x00, 0x1B, 0xFE, 0x40, 0x00, 0x00, 0xF0, 0x00, 0x00, 0x00, 0x78, 0x00, 0x00,
    0x00, 0x08, 0x00, 0x20, 0x00, 0x02, 0xC0, 0x0B, 0x00, 0x00, 0x3C, 0x01, 0xF0, 0x00, 0x0B, 0xC0,
    0x3E, 0x00, 0x07, 0xFF, 0xFF, 0xFF, 0xD2, 0xFF, 0xFF, 0xFF, 0xFC, 0x01, 0xF4, 0x0B, 0xD0, 0x00,
    0x2F, 0x00, 0xBC, 0x00, 0x03, 0xF0, 0x0F, 0x80, 0x00, 0x3E, 0x00, 0xF4, 0x00, 0x03, 0xD0, 0x1F,
    0x40, 0x00, 0x7C, 0x02, 0xF0, 0x00, 0x0B, 0xC0, 0x2F, 0x00, 0x00, 0xFC, 0x03, 0xE0, 0x00, 0x0F,
    0x80, 0x3D, 0x00, 0x01, 0xF4, 0x07, 0xC0, 0x00, 0x1F, 0x00, 0x7C, 0x00, 0x02, 0xF0, 0x07, 0xE0,
    0x40, 0x3E, 0x00, 0x3F, 0xFC, 0x03, 0xD0, 0x00, 0xBF, 0x80, 0x00, 0x00, 0x00, 0xBF, 0xF9, 0x00,
    0x00, 0x01, 0xFF, 0xFF, 0xD0, 0x00, 0x01, 0xFD, 0x01, 0xF0, 0x00, 0x00, 0xFC, 0x00, 0x00, 0x00,
    0x00, 0x7D, 0x00, 0x00, 0x00, 0x00, 0x1F, 0x40, 0x00, 0x00, 0x00, 0x07, 0xD0, 0x00, 0x00, 0x00,
    0x00, 0xFC, 0x00, 0x00, 0x00, 0x00, 0x2F, 0xC0, 0x00, 0x00, 0x00, 0x02, 0xFE, 0x00, 0x00, 0x00,
    0x00, 0x1F, 0xF4, 0x00, 0x00, 0x00, 0x00, 0xBF, 0x40, 0x00, 0x00, 0x00, 0x07, 0xF0, 0x00, 0x00,
    0x00, 0x00, 0x7D, 0x01, 0xF0, 0xF4, 0xBC, 0x1F, 0x40, 0xDE, 0x8B, 0x57, 0x87, 0xD0, 0x73, 0xC1,
    0xD0, 0xE2, 0xF0, 0x0D, 0xE0, 0xB0, 0x3A, 0xFC, 0x02, 0xF9, 0x7C, 0x1F, 0xFC, 0x00, 0x3F, 0xFF,
    0xFF, 0xF8, 0x00, 0x0B, 0x1B, 0xFF, 0xE0, 0x00, 0x03, 0x81, 0xC0, 0xE0, 0x00, 0x00, 0xD0, 0xB0,
    0x34, 0x00, 0x00, 0x0F, 0xFF, 0xFF, 0xFE, 0x0F, 0xFF, 0xFF, 0xFD, 0x00, 0x00, 0x00, 0x00, 0x00,
    0x00, 0x00, 0x00, 0x00, 0x00, 0x00, 0x00, 0x3F, 0xFF, 0xFF, 0xF8, 0x3F, 0xFF, 0xFF, 0xF4, 0x00,
    0x0F, 0x80, 0x00, 0x00, 0x0F, 0x40, 0x00, 0x00, 0x1F, 0x00, 0x00, 0x00, 0x2F, 0x00, 0x00, 0x00,
    0x3F, 0x00, 0x00, 0x00, 0x3E, 0x00, 0x00, 0x00, 0x3D, 0x00, 0x00, 0x00, 0x7C, 0x00, 0x00, 0x00,
    0xBC, 0x00, 0x00, 0x00, 0xFC, 0x00, 0x00, 0x00, 0xF8, 0x00, 0x00, 0x01, 0xF4, 0x00, 0x00, 0x02,
    0xF0, 0x00, 0x00, 0x02, 0xF0, 0x00, 0x00, 0x02, 0xAA, 0xAA, 0xA4, 0x0F, 0xFF, 0xFF, 0xE0, 0x2A,
    0xFE, 0xAA, 0x40, 0x00, 0xFC, 0x00, 0x00, 0x01, 0xF4, 0x00, 0x15, 0x57, 0xF5, 0x41, 0xFF, 0xFF,
    0xFE, 0x01, 0x55, 0xBE, 0x50, 0x00, 0x07, 0xF0, 0x00, 0xAA, 0xFF, 0x40, 0x03, 0xFF, 0xF0, 0x00,
    0x0F, 0xD4, 0x00, 0x00, 0x2F, 0x00, 0x00, 0x00, 0x7D, 0x00, 0x00, 0x00, 0xF8, 0x00, 0x00, 0x01,
    0xF0, 0x00, 0x00, 0x03, 0xE0, 0x00, 0x00, 0x0B, 0xC0, 0x00, 0x00, 0x0F, 0x80, 0x00, 0x00, 0x3F,
    0x00, 0x00, 0x00, 0x7D, 0x00, 0x00, 0x00, 0x1F, 0x40, 0x00, 0x00, 0x2F, 0x00, 0x00, 0x00, 0x3F,
    0x00, 0x20, 0x00, 0x3E, 0x1B, 0xF0, 0x00, 0x3F, 0xFF, 0x80, 0x01, 0xBF, 0xD0, 0x00, 0x1F, 0xFC,
    0x00, 0x40, 0x29, 0xFC, 0x1B, 0xC0, 0x00, 0xFE, 0xFE, 0x40, 0x02, 0xFF, 0x90, 0x00, 0x3F, 0xF4,
    0x00, 0x00, 0xBB, 0xF0, 0x00, 0x15, 0x03, 0xE0, 0x00, 0x3E, 0x03, 0xE0, 0x00, 0x7D, 0x07, 0xD0,
    0x00, 0xFC, 0x0B, 0xC0, 0x01, 0xF4, 0x0B, 0xC0, 0x03, 0xF0, 0x0F, 0x80, 0x2F, 0xC0, 0x0F, 0x9A,
    0xFF, 0x40, 0x1F, 0xFF, 0xF8, 0x00, 0x1F, 0xFE, 0x40, 0x00, 0x0B, 0xF4, 0x00, 0x00, 0x00, 0xBF,
    0xF4, 0x00, 0x00, 0x03, 0xD2, 0xE0, 0x00, 0x00, 0x1E, 0x07, 0x80, 0x00, 0x00, 0x7C, 0x2D, 0x00,
    0x00, 0x00, 0xFF, 0xFF, 0xFF, 0xFD, 0x00, 0xFF, 0xFF, 0xFF, 0xFD, 0x00, 0x1F, 0x00, 0x00, 0x7C,
    0x00, 0x78, 0x00, 0x00, 0x74, 0x02, 0xD0, 0x00, 0x00, 0xE0, 0x0F, 0x0A, 0x08, 0x03, 0x80, 0x3C,
    0xFC, 0xFC, 0x1D, 0x00, 0xFF, 0xBF, 0xB8, 0xF0, 0x07, 0xF0, 0xF4, 0xFF, 0x80, 0x2F, 0x02, 0x40,
    0xF8, 0x02, 0xF8, 0x00, 0x00, 0x00, 0x2E, 0xF0, 0x00, 0x00, 0x00, 0x93, 0xD0, 0x00, 0x00, 0x00,
    0x0B, 0xE0, 0x18, 0x00, 0x00, 0x0F, 0xFF, 0xF0, 0x00, 0x00, 0x0B, 0xFF, 0x40, 0x00, 0x00, 0x00,
    0x00, 0x3F, 0x00, 0x00, 0x00, 0x00, 0x03, 0xE0, 0x00, 0x00, 0x00, 0x00, 0x3D, 0x00, 0x00, 0x00,
    0x00, 0x07, 0xC0, 0x00, 0x00, 0x00, 0x00, 0xBC, 0x00, 0x00, 0x00, 0x00, 0x0F, 0xC0, 0x00, 0x00,
    0x00, 0x01, 0xF8, 0x00, 0x00, 0x00, 0x2F, 0xFF, 0xFF, 0x40, 0x00, 0x2F, 0xFF, 0xFF, 0xFE, 0x00,
    0x0B, 0xF4, 0x2F, 0x07, 0xF4, 0x01, 0xFC, 0x03, 0xF0, 0x0F, 0xC0, 0x3F, 0x00, 0x3E, 0x00, 0xBC,
    0x07, 0xE0, 0x07, 0xD0, 0x0B, 0xC0, 0xBC, 0x00, 0xBC, 0x00, 0xBC, 0x0F, 0xC0, 0x0B, 0xC0, 0x0F,
    0xC0, 0xF8, 0x00, 0xF8, 0x00, 0xF8, 0x0F, 0x80, 0x05, 0x00, 0x1F, 0x41, 0xF4, 0x00, 0x00, 0x01,
    0xF0, 0x2F, 0x00, 0x00, 0x00, 0x2F, 0x03, 0xF0, 0x00, 0x00, 0x03, 0xF0, 0x3E, 0x00, 0x00, 0x00,
    0x3E, 0x00, 0x00, 0x0B, 0xFF, 0xFE, 0x00, 0x00, 0x2F, 0xFF, 0xFF, 0x40, 0x00, 0xF8, 0x01, 0xFF,
    0x00, 0x03, 0xD0, 0x00, 0xBD, 0x00, 0x1F, 0x40, 0x01, 0xF4, 0x00, 0xBC, 0x00, 0x07, 0xD0, 0x03,
    0xF0, 0x00, 0x1F, 0x40, 0x0F, 0x80, 0x00, 0xFC, 0x00, 0x3D, 0x00, 0x0B, 0xD0, 0x01, 0xF0, 0x01,
    0xFE, 0x00, 0xFF, 0xFF, 0xFF, 0xD0, 0x07, 0xFF, 0xFF, 0xF4, 0x00, 0x00, 0xF8, 0x00, 0x00, 0x00,
    0x07, 0xD0, 0x00, 0x00, 0x00, 0x1F, 0x00, 0x00, 0x00, 0x0F, 0xFF, 0xFF, 0x00, 0x00, 0x7F, 0xFF,
    0xF8, 0x00, 0x00, 0x0F, 0x80, 0x00, 0x00, 0x00, 0x7D, 0x00, 0x00, 0x00, 0x02, 0xF0, 0x00, 0x00,
    0x00, 0x0B, 0xC0, 0x00, 0x00, 0x00, 0x00, 0x00, 0x00, 0xE0, 0xE0, 0x00, 0x00, 0x01, 0xD0, 0xE0,
    0x00, 0x00, 0x02, 0xC1, 0xD0, 0x00, 0x00, 0x07, 0xFF, 0xE4, 0x00, 0x00, 0x7F, 0xFF, 0xFC, 0x00,
    0x03, 0xFF, 0x83, 0xEC, 0x00, 0x0F, 0xE7, 0x47, 0x40, 0x00, 0x2F, 0x8B, 0x07, 0x40, 0x00, 0x7E,
    0x0F, 0x0B, 0x00, 0x00, 0xFC, 0x0F, 0x0F, 0x00, 0x00, 0xF8, 0x0E, 0x0E, 0x00, 0x01, 0xF4, 0x1D,
    0x0D, 0x00, 0x02, 0xF0, 0x00, 0x00, 0x00, 0x03, 0xF0, 0x00, 0x00, 0x00, 0x03, 0xF0, 0x00, 0x00,
    0x00, 0x03, 0xF0, 0x00, 0x00, 0x00, 0x02, 0xF0, 0x00, 0x00, 0x00, 0x01, 0xF0, 0x00, 0x00, 0x00,
    0x00, 0xF8, 0x00, 0x00, 0x00, 0x00, 0xBC, 0x00, 0x00, 0x00, 0x00, 0x2F, 0x40, 0x00, 0x00, 0x00,
    0x0B, 0xF5, 0x00, 0x00, 0x3F, 0xFF, 0xFF, 0xFF, 0x00, 0x3F, 0xFF, 0xFF, 0xFE, 0x00, 0x00, 0x01,
    0xD2, 0xC0, 0x00, 0x02, 0xC3, 0xC0, 0x00, 0x03, 0xC3, 0x80, 0x00, 0xBF, 0xFF, 0x80, 0x00, 0xBF,
    0xFF, 0xF0, 0x00, 0xFD, 0x57, 0xF8, 0x00, 0xF4, 0x00, 0xFC, 0x01, 0xF4, 0x00, 0xFC, 0x02, 0xF0,
    0x00, 0xBC, 0x03, 0xF0, 0x00, 0xFC, 0x03, 0xE0, 0x01, 0xF4, 0x03, 0xD0, 0x0B, 0xE0, 0x07, 0xFF,
    0xFF, 0x40, 0x0B, 0xFF, 0xFD, 0x00, 0x0F, 0xC0, 0x6F, 0x80, 0x0F, 0x80, 0x0B, 0xD0, 0x0F, 0x40,
    0x03, 0xE0, 0x1F, 0x00, 0x03, 0xE0, 0x2F, 0x00, 0x03, 0xE0, 0x3F, 0x00, 0x07, 0xD0, 0x3E, 0x00,
    0x0F, 0xC0, 0x7D, 0x01, 0xBF, 0x40, 0x7F, 0xFF, 0xFD, 0x00, 0xBF, 0xFF, 0xD0, 0x00, 0x07, 0x4B,
    0x00, 0x00, 0x0B, 0x0F, 0x00, 0x00, 0x0F, 0x0E, 0x00, 0x00, 0x3F, 0xFF, 0x0F, 0xFF, 0xC1, 0x55,
    0x40, 0x00, 0x00, 0x00, 0x20, 0x00, 0x00, 0x00, 0x00, 0x00, 0x03, 0xF0, 0x00, 0x00, 0x00, 0x00,
    0x00, 0x3F, 0xF0, 0x00, 0x00, 0x00, 0x00, 0x03, 0xFF, 0xF0, 0x00, 0x00, 0x00, 0x00, 0x3F, 0xFF,
    0xF0, 0x00, 0x00, 0x00, 0x03, 0xFE, 0xAF, 0xF0, 0x00, 0x00, 0x00, 0x3E, 0x40, 0x07, 0xF0, 0x00,
    0x00, 0x03, 0xF0, 0x00, 0x03, 0xF0, 0x00, 0x00, 0x3F, 0xD0, 0x64, 0x0B, 0xF0, 0x00, 0x03, 0xFF,
    0xEF, 0xF0, 0x1F, 0xF0, 0x00, 0x3F, 0xFF, 0xFF, 0xC0, 0xBF, 0xF0, 0x03, 0xFF, 0xFF, 0xFE, 0x03,
    0xFF, 0xF0, 0x3F, 0xFF, 0xFF, 0xE0, 0x1F, 0xFF, 0xF2, 0xFF, 0xFF, 0xFE, 0x01, 0xFF, 0xFF, 0xE2,
    0xFF, 0xFF, 0xF0, 0x2F, 0xFF, 0xFF, 0x02, 0xFF, 0xFF, 0x81, 0xFF, 0xFF, 0xF0, 0x02, 0xFF, 0xFD,
    0x0B, 0xFF, 0xFF, 0x00, 0x02, 0xFF, 0xFF, 0xFF, 0xFF, 0xF0, 0x00, 0x02, 0xFF, 0xFF, 0xFF, 0xFF,
    0x00, 0x00, 0x02, 0xFF, 0x81, 0xFF, 0xF0, 0x00, 0x00, 0x02, 0xFC, 0x03, 0xFF, 0x00, 0x00, 0x00,
    0x02, 0xF0, 0x0F, 0xF0, 0x00, 0x00, 0x00, 0x02, 0xF4, 0xBF, 0x00, 0x00, 0x00, 0x00, 0x02, 0xFF,
    0xF0, 0x00, 0x00, 0x00, 0x00, 0x02, 0xFF, 0x00, 0x00, 0x00, 0x00, 0x00, 0x02, 0xF0, 0x00, 0x00,
    0x00, 0x00, 0x00, 0x02, 0x00, 0x00, 0x00, 0x00,
};

static const EpdGlyph notosans_14_italicGlyphs[] = {
    { 0, 0, 0, 0, 0, 0, 0 }, //  
    { 0, 0, 8, 0, 0, 0, 0 }, // 
    { 0, 0, 8, 0, 0, 0, 0 }, //  
    { 9, 21, 8, 0, 21, 48, 0 }, // !
    { 10, 8, 11, 3, 21, 20, 48 }, // "
    { 20, 21, 19, 0, 21, 105, 68 }, // #
    { 16, 25, 16, 0, 22, 100, 173 }, // $
    { 21, 21, 23, 2, 21, 111, 273 }, // %
    { 19, 21, 20, 0, 21, 100, 384 }, // &
    { 4, 8, 6, 3, 21, 8, 484 }, // '
    { 10, 26, 8, 1, 21, 65, 492 }, // (
    { 11, 26, 8, -3, 21, 72, 557 }, // )
    { 14, 14, 16, 3, 23, 49, 629 }, // *
    { 14, 14, 17, 2, 17, 49, 678 }, // +
    { 7, 7, 7, -2, 3, 13, 727 }, // ,
    { 9, 3, 9, 0, 10, 7, 740 }, // -
    { 5, 4, 7, 0, 4, 5, 747 }, // .
    { 15, 21, 10, -2, 21, 79, 752 }, // /
    { 15, 21, 16, 1, 21, 79, 831 }, // 0
    { 9, 21, 16, 4, 21, 48, 910 }, // 1
    { 16, 21, 16, 0, 21, 84, 958 }, // 2
    { 16, 21, 16, 0, 21, 84, 1042 }, // 3
    { 16, 21, 16, 0, 21, 84, 1126 }, // 4
    { 15, 21, 16, 1, 21, 79, 1210 }, // 5
    { 15, 21, 16, 1, 21, 79, 1289 }, // 6
    { 15, 21, 16, 2, 21, 79, 1368 }, // 7
    { 15, 21, 16, 1, 21, 79, 1447 }, // 8
    { 15, 21, 16, 1, 21, 79, 1526 }, // 9
    { 7, 16, 7, 0, 16, 28, 1605 }, // :
    { 9, 20, 7, -2, 16, 45, 1633 }, // ;
    { 14, 15, 17, 2, 18, 53, 1678 }, // <
    { 14, 8, 17, 2, 14, 28, 1731 }, // =
    { 14, 15, 17, 2, 18, 53, 1759 }, // >
    { 12, 21, 13, 2, 21, 63, 1812 }, // ?
    { 23, 24, 25, 1, 21, 138, 1875 }, // @
    { 17, 21, 16, -2, 21, 90, 2013 }, // A
    { 17, 21, 18, 1, 21, 90, 2103 }, // B
    { 17, 21, 17, 2, 21, 90, 2193 }, // C
    { 18, 21, 19, 1, 21, 95, 2283 }, // D
    { 16, 21, 15, 1, 21, 84, 2378 }, // E
    { 16, 21, 14, 1, 21, 84, 2462 }, // F
    { 18, 21, 20, 2, 21, 95, 2546 }, // G
    { 19, 21, 20, 1, 21, 100, 2641 }, // H
    { 13, 21, 9, -1, 21, 69, 2741 }, // I
    { 14, 27, 8, -5, 21, 95, 2810 }, // J
    { 18, 21, 16, 1, 21, 95, 2905 }, // K
    { 12, 21, 14, 1, 21, 63, 3000 }, // L
    { 24, 21, 25, 1, 21, 126, 3063 }, // M
    { 20, 21, 21, 1, 21, 105, 3189 }, // N
    { 19, 21, 21, 2, 21, 100, 3294 }, // O
    { 16, 21, 17, 1, 21, 84, 3394 }, // P
    { 19, 26, 21, 2, 21, 124, 3478 }, // Q
    { 16, 21, 17, 1, 21, 84, 3602 }, // R
    { 16, 21, 15, 0, 21, 84, 3686 }, // S
    { 16, 21, 15, 2, 21, 84, 3770 }, // T
    { 19, 21, 20, 2, 21, 100, 3854 }, // U
    { 17, 21, 16, 2, 21, 90, 3954 }, // V
    { 25, 21, 25, 3, 21, 132, 4044 }, // W
    { 20, 21, 15, -2, 21, 105, 4176 }, // X
    { 16, 21, 15, 2, 21, 84, 4281 }, // Y
    { 18, 21, 15, -1, 21, 95, 4365 }, // Z
    { 12, 26, 8, -1, 21, 78, 4460 }, // [
    { 6, 21, 10, 3, 21, 32, 4538 }, // <backslash>
    { 12, 26, 8, -3, 21, 78, 4570 }, // ]
    { 15, 14, 17, 1, 22, 53, 4648 }, // ^
    { 13, 3, 12, -3, -2, 10, 4701 }, // _
    { 6, 5, 8, 4, 23, 8, 4711 }, // `
    { 16, 16, 17, 1, 16, 64, 4719 }, // a
    { 16, 22, 17, 0, 22, 88, 4783 }, // b
    { 13, 16, 13, 1, 16, 52, 4871 }, // c
    { 17, 22, 17, 1, 22, 94, 4923 }, // d
    { 13, 16, 15, 1, 16, 52, 5017 }, // e
    { 17, 30, 9, -4, 23, 128, 5069 }, // f
    { 17, 23, 17, 0, 16, 98, 5197 }, // g
    { 16, 22, 17, 0, 22, 88, 5295 }, // h
    { 8, 21, 8, 0, 21, 42, 5383 }, // i
    { 12, 28, 8, -4, 21, 84, 5425 }, // j
    { 16, 22, 14, 0, 22, 88, 5509 }, // k
    { 9, 22, 8, 0, 22, 50, 5597 }, // l
    { 24, 16, 26, 0, 16, 96, 5647 }, // m
    { 16, 16, 17, 0, 16, 64, 5743 }, // n
    { 15, 16, 16, 1, 16, 60, 5807 }, // o
    { 17, 23, 17, -1, 16, 98, 5867 }, // p
    { 16, 23, 17, 1, 16, 92, 5965 }, // q
    { 13, 16, 12, 0, 16, 52, 6057 }, // r
    { 13, 16, 13, 0, 16, 52, 6109 }, // s
    { 10, 20, 10, 1, 20, 50, 6161 }, // t
    { 16, 16, 17, 1, 16, 64, 6211 }, // u
    { 15, 16, 14, 1, 16, 60, 6275 }, // v
    { 22, 16, 21, 1, 16, 88, 6335 }, // w
    { 17, 16, 14, -2, 16, 68, 6423 }, // x
    { 19, 23, 14, -3, 16, 110, 6491 }, // y
    { 14, 16, 13, -1, 16, 56, 6601 }, // z
    { 12, 26, 10, 0, 21, 78, 6657 }, // {
    { 3, 29, 16, 7, 22, 22, 6735 }, // |
    { 13, 26, 10, -2, 21, 85, 6757 }, // }
    { 14, 4, 17, 2, 12, 14, 6842 }, // ~
    { 0, 0, 8, 0, 0, 0, 6856 }, //  
    { 9, 22, 8, -1, 16, 50, 6856 }, // ¡
    { 13, 21, 16, 3, 21, 69, 6906 }, // ¢
    { 18, 21, 16, -1, 21, 95, 6975 }, // £
    { 13, 14, 16, 2, 17, 46, 7070 }, // ¤
    { 17, 21, 16, 1, 21, 90, 7116 }, // ¥
    { 3, 29, 16, 7, 22, 22, 7206 }, // ¦
    { 15, 23, 14, 0, 23, 87, 7228 }, // §
    { 9, 3, 16, 6, 22, 7, 7315 }, // ¨
    { 22, 22, 24, 1, 22, 121, 7322 }, // ©
    { 10, 10, 10, 2, 21, 25, 7443 }, // ª
    { 13, 13, 14, 1, 14, 43, 7468 }, // «
    { 14, 9, 17, 2, 12, 32, 7511 }, // ¬
    { 9, 3, 9, 0, 10, 7, 7543 }, // ­
    { 22, 22, 24, 1, 22, 121, 7550 }, // ®
    { 13, 3, 11, 2, 25, 10, 7671 }, // ¯
    { 10, 10, 12, 1, 22, 25, 7681 }, // °
    { 14, 17, 17, 2, 17, 60, 7706 }, // ±
    { 10, 13, 10, 2, 25, 33, 7766 }, // ²
    { 10, 13, 10, 2, 25, 33, 7799 }, // ³
    { 7, 5, 8, 3, 23, 9, 7832 }, // ´
    { 18, 23, 17, -1, 16, 104, 7841 }, // µ
    { 16, 26, 19, 2, 22, 104, 7945 }, // ¶
    { 5, 4, 7, 2, 12, 5, 8049 }, // ·
    { 7, 7, 6, -3, 0, 13, 8054 }, // ¸
    { 7, 13, 10, 4, 25, 23, 8067 }, // ¹
    { 9, 10, 10, 2, 21, 23, 8090 }, // º
    { 13, 13, 14, 0, 14, 43, 8113 }, // »
    { 19, 21, 21, 2, 21, 100, 8156 }, // ¼
    { 21, 21, 23, 2, 21, 111, 8256 }, // ½
    { 22, 23, 23, 1, 23, 127, 8367 }, // ¾
    { 12, 22, 13, -1, 16, 66, 8494 }, // ¿
    { 17, 28, 16, -2, 28, 119, 8560 }, // À
    { 19, 28, 16, -2, 28, 133, 8679 }, // Á
    { 18, 28, 16, -2, 28, 126, 8812 }, // Â
    { 20, 27, 16, -2, 27, 135, 8938 }, // Ã
    { 18, 27, 16, -2, 27, 122, 9073 }, // Ä
    { 17, 29, 16, -2, 29, 124, 9195 }, // Å
    { 28, 21, 24, -2, 21, 147, 9319 }, // Æ
    { 17, 28, 17, 2, 21, 119, 9466 }, // Ç
    { 16, 28, 15, 1, 28, 112, 9585 }, // È
    { 16, 28, 15, 1, 28, 112, 9697 }, // É
    { 16, 28, 15, 1, 28, 112, 9809 }, // Ê
    { 16, 27, 15, 1, 27, 108, 9921 }, // Ë
    { 13, 28, 9, -1, 28, 91, 10029 }, // Ì
    { 14, 28, 9, -1, 28, 98, 10120 }, // Í
    { 14, 28, 9, -1, 28, 98, 10218 }, // Î
    { 14, 27, 9, -1, 27, 95, 10316 }, // Ï
    { 19, 21, 19, 0, 21, 100, 10411 }, // Ð
    { 20, 27, 21, 1, 27, 135, 10511 }, // Ñ
    { 19, 28, 21, 2, 28, 133, 10646 }, // Ò
    { 19, 28, 21, 2, 28, 133, 10779 }, // Ó
    { 19, 28, 21, 2, 28, 133, 10912 }, // Ô
    { 19, 27, 21, 2, 27, 129, 11045 }, // Õ
    { 19, 27, 21, 2, 27, 129, 11174 }, // Ö
    { 14, 14, 17, 2, 17, 49, 11303 }, // ×
    { 20, 23, 21, 1, 22, 115, 11352 }, // Ø
    { 19, 28, 20, 2, 28, 133, 11467 }, // Ù
    { 19, 28, 20, 2, 28, 133, 11600 }, // Ú
    { 19, 28, 20, 2, 28, 133, 11733 }, // Û
    { 19, 27, 20, 2, 27, 129, 11866 }, // Ü
    { 16, 28, 15, 2, 28, 112, 11995 }, // Ý
    { 15, 21, 17, 1, 21, 79, 12107 }, // Þ
    { 21, 30, 17, -4, 23, 158, 12186 }, // ß
    { 16, 23, 17, 1, 23, 92, 12344 }, // à
    { 16, 22, 17, 1, 22, 88, 12436 }, // á
    { 16, 23, 17, 1, 23, 92, 12524 }, // â
    { 16, 22, 17, 1, 22, 88, 12616 }, // ã
    { 16, 21, 17, 1, 21, 84, 12704 }, // ä
    { 16, 24, 17, 1, 24, 96, 12788 }, // å
    { 23, 16, 24, 1, 16, 92, 12884 }, // æ
    { 13, 23, 13, 1, 16, 75, 12976 }, // ç
    { 13, 23, 15, 1, 23, 75, 13051 }, // è
    { 14, 23, 15, 1, 23, 81, 13126 }, // é
    { 13, 23, 15, 1, 23, 75, 13207 }, // ê
    { 13, 21, 15, 1, 21, 69, 13282 }, // ë
    { 8, 22, 8, 0, 22, 44, 13351 }, // ì
    { 11, 23, 8, 0, 23, 64, 13395 }, // í
    { 11, 23, 8, 0, 23, 64, 13459 }, // î
    { 11, 21, 8, 0, 21, 58, 13523 }, // ï
    { 16, 23, 17, 1, 23, 92, 13581 }, // ð
    { 17, 22, 17, 0, 22, 94, 13673 }, // ñ
    { 15, 23, 16, 1, 23, 87, 13767 }, // ò
    { 15, 23, 16, 1, 23, 87, 13854 }, // ó
    { 15, 23, 16, 1, 23, 87, 13941 }, // ô
    { 15, 22, 16, 1, 22, 83, 14028 }, // õ
    { 15, 21, 16, 1, 21, 79, 14111 }, // ö
    { 14, 14, 17, 2, 18, 49, 14190 }, // ÷
    { 16, 18, 16, 0, 17, 72, 14239 }, // ø
    { 16, 23, 17, 1, 23, 92, 14311 }, // ù
    { 16, 22, 17, 1, 22, 88, 14403 }, // ú
    { 16, 22, 17, 1, 22, 88, 14491 }, // û
    { 16, 21, 17, 1, 21, 84, 14579 }, // ü
    { 19, 30, 14, -3, 23, 143, 14663 }, // ý
    { 17, 29, 17, -1, 22, 124, 14806 }, // þ
    { 19, 28, 14, -3, 21, 133, 14930 }, // ÿ
    { 18, 26, 16, -2, 26, 117, 15063 }, // Ā
    { 16, 21, 17, 1, 21, 84, 15180 }, // ā
    { 19, 27, 16, -2, 27, 129, 15264 }, // Ă
    { 16, 22, 17, 1, 22, 88, 15393 }, // ă
    { 17, 29, 16, -2, 21, 124, 15481 }, // Ą
    { 16, 23, 17, 1, 16, 92, 15605 }, // ą
    { 17, 28, 17, 2, 28, 119, 15697 }, // Ć
    { 13, 23, 13, 1, 23, 75, 15816 }, // ć
    { 17, 28, 17, 2, 28, 119, 15891 }, // Ĉ
    { 13, 23, 13, 1, 23, 75, 16010 }, // ĉ
    { 17, 27, 17, 2, 27, 115, 16085 }, // Ċ
    { 13, 21, 13, 1, 21, 69, 16200 }, // ċ
    { 17, 28, 17, 2, 28, 119, 16269 }, // Č
    { 14, 23, 13, 1, 23, 81, 16388 }, // č
    { 18, 28, 19, 1, 28, 126, 16469 }, // Ď
    { 22, 22, 18, 1, 22, 121, 16595 }, // ď
    { 19, 21, 19, 0, 21, 100, 16716 }, // Đ
    { 18, 22, 17, 1, 22, 99, 16816 }, // đ
    { 16, 26, 15, 1, 26, 104, 16915 }, // Ē
    { 13, 21, 15, 1, 21, 69, 17019 }, // ē
    { 16, 27, 15, 1, 27, 108, 17088 }, // Ĕ
    { 14, 22, 15, 1, 22, 77, 17196 }, // ĕ
    { 16, 27, 15, 1, 27, 108, 17273 }, // Ė
    { 13, 21, 15, 1, 21, 69, 17381 }, // ė
    { 16, 29, 15, 1, 21, 116, 17450 }, // Ę
    { 13, 23, 15, 1, 16, 75, 17566 }, // ę
    { 16, 28, 15, 1, 28, 112, 17641 }, // Ě
    { 14, 23, 15, 1, 23, 81, 17753 }, // ě
    { 18, 28, 20, 2, 28, 126, 17834 }, // Ĝ
    { 17, 30, 17, 0, 23, 128, 17960 }, // ĝ
    { 18, 27, 20, 2, 27, 122, 18088 }, // Ğ
    { 17, 29, 17, 0, 22, 124, 18210 }, // ğ
    { 18, 27, 20, 2, 27, 122, 18334 }, // Ġ
    { 17, 28, 17, 0, 21, 119, 18456 }, // ġ
    { 18, 27, 20, 2, 21, 122, 18575 }, // Ģ
    { 17, 30, 17, 0, 23, 128, 18697 }, // ģ
    { 19, 28, 20, 1, 28, 133, 18825 }, // Ĥ
    { 16, 29, 17, 0, 29, 116, 18958 }, // ĥ
    { 21, 21, 20, 1, 21, 111, 19074 }, // Ħ
    { 16, 22, 17, 0, 22, 88, 19185 }, // ħ
    { 15, 27, 9, -1, 27, 102, 19273 }, // Ĩ
    { 12, 22, 8, 0, 22, 66, 19375 }, // ĩ
    { 14, 26, 9, -1, 26, 91, 19441 }, // Ī
    { 11, 20, 8, 0, 20, 55, 19532 }, // ī
    { 14, 27, 9, -1, 27, 95, 19587 }, // Ĭ
    { 11, 22, 8, 0, 22, 61, 19682 }, // ĭ
    { 13, 29, 9, -1, 21, 95, 19743 }, // Į
    { 9, 29, 8, -1, 21, 66, 19838 }, // į
    { 13, 27, 9, -1, 27, 88, 19904 }, // İ
    { 7, 16, 8, 0, 16, 28, 19992 }, // ı
    { 19, 27, 17, -1, 21, 129, 20020 }, // Ĳ
    { 16, 28, 15, 0, 21, 112, 20149 }, // ĳ
    { 17, 34, 8, -5, 28, 145, 20261 }, // Ĵ
    { 15, 30, 8, -4, 23, 113, 20406 }, // ĵ
    { 18, 28, 16, 1, 21, 126, 20519 }, // Ķ
    { 16, 29, 14, 0, 22, 116, 20645 }, // ķ
    { 16, 16, 14, 0, 16, 64, 20761 }, // ĸ
    { 12, 28, 14, 1, 28, 84, 20825 }, // Ĺ
    { 12, 29, 8, 0, 29, 87, 20909 }, // ĺ
    { 12, 28, 14, 1, 21, 84, 20996 }, // Ļ
    { 11, 29, 8, -2, 22, 80, 21080 }, // ļ
    { 15, 21, 14, 1, 21, 79, 21160 }, // Ľ
    { 13, 22, 8, 0, 22, 72, 21239 }, // ľ
    { 12, 21, 14, 1, 21, 63, 21311 }, // Ŀ
    { 11, 22, 9, 0, 22, 61, 21374 }, // ŀ
    { 13, 21, 14, 0, 21, 69, 21435 }, // Ł
    { 9, 22, 8, 0, 22, 50, 21504 }, // ł
    { 20, 28, 21, 1, 28, 140, 21554 }, // Ń
    { 16, 23, 17, 0, 23, 92, 21694 }, // ń
    { 20, 28, 21, 1, 21, 140, 21786 }, // Ņ
    { 16, 22, 17, 0, 16, 88, 21926 }, // ņ
    { 20, 28, 21, 1, 28, 140, 22014 }, // Ň
    { 16, 23, 17, 0, 23, 92, 22154 }, // ň
    { 17, 21, 19, 1, 21, 90, 22246 }, // ŉ
    { 20, 27, 21, 1, 21, 135, 22336 }, // Ŋ
    { 16, 23, 17, 0, 16, 92, 22471 }, // ŋ
    { 19, 26, 21, 2, 26, 124, 22563 }, // Ō
    { 15, 21, 16, 1, 21, 79, 22687 }, // ō
    { 19, 27, 21, 2, 27, 129, 22766 }, // Ŏ
    { 15, 22, 16, 1, 22, 83, 22895 }, // ŏ
    { 20, 28, 21, 2, 28, 140, 22978 }, // Ő
    { 17, 23, 16, 1, 23, 98, 23118 }, // ő
    { 25, 21, 25, 2, 21, 132, 23216 }, // Œ
    { 24, 16, 25, 1, 16, 96, 23348 }, // œ
    { 16, 28, 17, 1, 28, 112, 23444 }, // Ŕ
    { 14, 23, 12, 0, 23, 81, 23556 }, // ŕ
    { 16, 28, 17, 1, 21, 112, 23637 }, // Ŗ
    { 14, 23, 12, -1, 16, 81, 23749 }, // ŗ
    { 16, 28, 17, 1, 28, 112, 23830 }, // Ř
    { 15, 23, 12, 0, 23, 87, 23942 }, // ř
    { 16, 28, 15, 0, 28, 112, 24029 }, // Ś
    { 13, 23, 13, 0, 23, 75, 24141 }, // ś
    { 16, 28, 15, 0, 28, 112, 24216 }, // Ŝ
    { 13, 23, 13, 0, 23, 75, 24328 }, // ŝ
    { 16, 28, 15, 0, 21, 112, 24403 }, // Ş
    { 13, 23, 13, 0, 16, 75, 24515 }, // ş
    { 16, 28, 15, 0, 28, 112, 24590 }, // Š
    { 14, 23, 13, 0, 23, 81, 24702 }, // š
    { 16, 29, 15, 2, 21, 116, 24783 }, // Ţ
    { 11, 27, 10, 0, 20, 75, 24899 }, // ţ
    { 16, 28, 15, 2, 28, 112, 24974 }, // Ť
    { 12, 22, 10, 1, 22, 66, 25086 }, // ť
    { 16, 21, 15, 2, 21, 84, 25152 }, // Ŧ
    { 11, 20, 10, 0, 20, 55, 25236 }, // ŧ
    { 19, 27, 20, 2, 27, 129, 25291 }, // Ũ
    { 16, 22, 17, 1, 22, 88, 25420 }, // ũ
    { 19, 26, 20, 2, 26, 124, 25508 }, // Ū
    { 16, 21, 17, 1, 21, 84, 25632 }, // ū
    { 19, 27, 20, 2, 27, 129, 25716 }, // Ŭ
    { 16, 22, 17, 1, 22, 88, 25845 }, // ŭ
    { 19, 29, 20, 2, 29, 138, 25933 }, // Ů
    { 16, 24, 17, 1, 24, 96, 26071 }, // ů
    { 19, 28, 20, 2, 28, 133, 26167 }, // Ű
    { 17, 23, 17, 1, 23, 98, 26300 }, // ű
    { 19, 28, 20, 2, 21, 133, 26398 }, // Ų
    { 16, 23, 17, 1, 16, 92, 26531 }, // ų
    { 25, 28, 25, 3, 28, 175, 26623 }, // Ŵ
    { 22, 23, 21, 1, 23, 127, 26798 }, // ŵ
    { 16, 28, 15, 2, 28, 112, 26925 }, // Ŷ
    { 19, 30, 14, -3, 23, 143, 27037 }, // ŷ
    { 16, 27, 15, 2, 27, 108, 27180 }, // Ÿ
    { 18, 28, 15, -1, 28, 126, 27288 }, // Ź
    { 15, 23, 13, -1, 23, 87, 27414 }, // ź
    { 18, 27, 15, -1, 27, 122, 27501 }, // Ż
    { 14, 21, 13, -1, 21, 74, 27623 }, // ż
    { 18, 28, 15, -1, 28, 126, 27697 }, // Ž
    { 15, 23, 13, -1, 23, 87, 27823 }, // ž
    { 17, 30, 8, -4, 23, 128, 27910 }, // ſ
    { 6, 5, 0, -12, 23, 8, 28038 }, // ̀
    { 7, 5, 0, -7, 23, 9, 28046 }, // ́
    { 10, 5, 0, -3, 23, 13, 28055 }, // ̂
    { 12, 4, 0, -13, 22, 12, 28068 }, // ̃
    { 9, 3, 0, -2, 21, 7, 28080 }, // ̄
    { 13, 3, 0, -3, 26, 10, 28087 }, // ̅
    { 9, 4, 0, -2, 22, 9, 28097 }, // ̆
    { 4, 3, 0, 1, 21, 3, 28106 }, // ̇
    { 9, 3, 0, -2, 22, 7, 28109 }, // ̈
    { 6, 8, 0, -9, 25, 12, 28116 }, // ̉
    { 7, 7, 0, -1, 24, 13, 28128 }, // ̊
    { 12, 5, 0, -2, 23, 15, 28141 }, // ̋
    { 10, 5, 0, -2, 23, 13, 28156 }, // ̌
    { 5, 8, 0, 0, 23, 10, 28169 }, // ̍
    { 9, 5, 0, -2, 22, 12, 28179 }, // ̎
    { 11, 5, 0, -15, 23, 14, 28191 }, // ̏
    { 10, 7, 0, -2, 25, 18, 28205 }, // ̐
    { 9, 5, 0, -2, 23, 12, 28223 }, // ̑
    { 6, 7, 0, -1, 21, 11, 28235 }, // ̒
    { 6, 7, 0, -1, 21, 11, 28246 }, // ̓
    { 4, 7, 0, 0, 21, 7, 28257 }, // ̔
    { 6, 7, 0, -1, 21, 11, 28264 }, // ̕
    { 6, 5, 0, -6, -1, 8, 28275 }, // ̖
    { 7, 5, 0, -5, -1, 9, 28283 }, // ̗
    { 6, 6, 0, -5, 0, 9, 28292 }, // ̘
    { 7, 6, 0, -6, 0, 11, 28301 }, // ̙
    { 10, 9, 10, 2, 24, 23, 28312 }, // ̚
    { 8, 7, 0, -2, 22, 14, 28335 }, // ̛
    { 5, 6, 0, -2, -1, 8, 28349 }, // ̜
    { 7, 5, 0, -6, -1, 9, 28357 }, // ̝
    { 8, 6, 0, -6, 0, 12, 28366 }, // ̞
    { 7, 6, 0, -6, -1, 11, 28378 }, // ̟
    { 7, 3, 0, -6, -2, 6, 28389 }, // ̠
    { 7, 8, 0, -6, 1, 14, 28395 }, // ̡
    { 6, 8, 0, -3, 1, 12, 28409 }, // ̢
    { 4, 3, 0, -13, -2, 3, 28421 }, // ̣
    { 9, 3, 0, -7, -2, 7, 28424 }, // ̤
    { 7, 7, 0, -6, 0, 13, 28431 }, // ̥
    { 5, 5, 0, 2, -1, 7, 28444 }, // ̦
    { 6, 7, 0, -5, 0, 11, 28451 }, // ̧
    { 6, 7, 0, -5, 1, 11, 28462 }, // ̨
    { 5, 8, 0, -5, -1, 10, 28473 }, // ̩
    { 12, 6, 0, -8, 0, 18, 28483 }, // ̪
    { 12, 5, 0, -8, -1, 15, 28501 }, // ̫
    { 10, 5, 0, -7, -1, 13, 28516 }, // ̬
    { 10, 5, 0, -7, -1, 13, 28529 }, // ̭
    { 10, 4, 0, -7, -1, 10, 28542 }, // ̮
    { 9, 5, 0, -7, -1, 12, 28552 }, // ̯
    { 11, 4, 0, -8, -1, 11, 28564 }, // ̰
    { 9, 3, 0, -7, -2, 7, 28575 }, // ̱
    { 13, 3, 0, -9, -2, 10, 28582 }, // ̲
    { 14, 6, 0, -9, -1, 21, 28592 }, // ̳
    { 12, 4, 0, -6, 10, 12, 28613 }, // ̴
    { 12, 3, 0, -6, 11, 9, 28625 }, // ̵
    { 20, 3, 0, -10, 10, 15, 28634 }, // ̶
    { 10, 7, 0, -5, 12, 18, 28649 }, // ̷
    { 16, 24, 0, -8, 22, 96, 28667 }, // ̸
    { 5, 7, 0, -2, 0, 9, 28763 }, // ̹
    { 12, 5, 0, -8, -1, 15, 28772 }, // ̺
    { 12, 7, 0, -8, 0, 21, 28787 }, // ̻
    { 12, 4, 0, -8, -2, 12, 28808 }, // ̼
    { 8, 7, 0, -1, 23, 14, 28820 }, // ̽
    { 7, 9, 0, -1, 25, 16, 28834 }, // ̾
    { 14, 6, 0, -3, 28, 21, 28850 }, // ̿
    { 6, 5, 0, -2, 23, 8, 28871 }, // ̀
    { 7, 5, 0, 1, 23, 9, 28879 }, // ́
    { 12, 4, 0, 4, 22, 12, 28888 }, // ͂
    { 6, 7, 0, 0, 24, 11, 28900 }, // ̓
    { 11, 6, 0, -3, 24, 17, 28911 }, // ̈́
    { 5, 5, 0, -4, -2, 7, 28928 }, // ͅ
    { 14, 6, 0, -4, 24, 21, 28935 }, // ͆
    { 14, 6, 0, -9, -1, 21, 28956 }, // ͇
    { 9, 5, 0, -7, -1, 12, 28977 }, // ͈
    { 7, 7, 0, -5, -1, 13, 28989 }, // ͉
    { 11, 8, 0, -3, 24, 22, 29002 }, // ͊
    { 12, 10, 0, -3, 27, 30, 29024 }, // ͋
    { 12, 8, 0, -3, 26, 24, 29054 }, // ͌
    { 11, 6, 0, -8, -1, 17, 29078 }, // ͍
    { 6, 7, 0, -5, 0, 11, 29095 }, // ͎
    { 22, 22, 0, -11, 22, 121, 29106 }, // ͏
    { 5, 6, 0, 0, 23, 8, 29227 }, // ͐
    { 5, 6, 0, 3, 23, 8, 29235 }, // ͑
    { 9, 7, 0, -2, 25, 16, 29243 }, // ͒
    { 7, 7, 0, -5, 0, 13, 29259 }, // ͓
    { 6, 6, 0, -5, -1, 9, 29272 }, // ͔
    { 6, 6, 0, -4, -1, 9, 29281 }, // ͕
    { 12, 6, 0, -7, -1, 18, 29290 }, // ͖
    { 4, 7, 0, 3, 24, 7, 29308 }, // ͗
    { 4, 3, 0, 1, 21, 3, 29315 }, // ͘
    { 7, 6, 0, -6, -1, 11, 29318 }, // ͙
    { 12, 7, 0, -8, -1, 21, 29329 }, // ͚
    { 6, 6, 0, 0, 23, 9, 29350 }, // ͛
    { 22, 6, 0, -13, -1, 33, 29359 }, // ͜
    { 21, 6, 0, -8, 23, 32, 29392 }, // ͝
    { 15, 3, 0, -5, 21, 12, 29424 }, // ͞
    { 16, 3, 0, -10, -1, 12, 29436 }, // ͟
    { 22, 4, 0, -8, 22, 22, 29448 }, // ͠
    { 21, 7, 0, -8, 26, 37, 29470 }, // ͡
    { 22, 6, 0, -14, -1, 33, 29507 }, // ͢
    { 8, 7, 0, -1, 25, 14, 29540 }, // ͣ
    { 6, 7, 0, 0, 25, 11, 29554 }, // ͤ
    { 4, 9, 0, 1, 27, 9, 29565 }, // ͥ
    { 7, 7, 0, -1, 25, 13, 29574 }, // ͦ
    { 8, 7, 0, -1, 25, 14, 29587 }, // ͧ
    { 6, 7, 0, 0, 25, 11, 29601 }, // ͨ
    { 8, 9, 0, -1, 27, 18, 29612 }, // ͩ
    { 7, 10, 0, -1, 28, 18, 29630 }, // ͪ
    { 11, 7, 0, -3, 25, 20, 29648 }, // ͫ
    { 6, 7, 0, 0, 25, 11, 29668 }, // ͬ
    { 5, 8, 0, 1, 26, 10, 29679 }, // ͭ
    { 7, 6, 0, 0, 24, 11, 29689 }, // ͮ
    { 8, 7, 0, -1, 25, 14, 29700 }, // ͯ
    { 16, 28, 15, 0, 28, 112, 29714 }, // Ѐ
    { 16, 26, 15, 0, 26, 104, 29826 }, // Ё
    { 16, 21, 19, 2, 21, 84, 29930 }, // Ђ
    { 16, 28, 14, 0, 28, 112, 30014 }, // Ѓ
    { 18, 21, 17, 1, 21, 95, 30126 }, // Є
    { 16, 21, 15, 0, 21, 84, 30221 }, // Ѕ
    { 9, 21, 8, 0, 21, 48, 30305 }, // І
    { 11, 26, 8, 0, 26, 72, 30353 }, // Ї
    { 14, 27, 8, -5, 21, 95, 30425 }, // Ј
    { 28, 21, 27, -2, 21, 147, 30520 }, // Љ
    { 26, 21, 27, 0, 21, 137, 30667 }, // Њ
    { 17, 21, 20, 2, 21, 90, 30804 }, // Ћ
    { 19, 28, 16, 0, 28, 133, 30894 }, // Ќ
    { 21, 28, 20, 0, 28, 147, 31027 }, // Ѝ
    { 19, 27, 16, 0, 27, 129, 31174 }, // Ў
    { 20, 26, 19, 0, 21, 130, 31303 }, // Џ
    { 17, 21, 17, -2, 21, 90, 31433 }, // А
    { 17, 21, 16, 0, 21, 90, 31523 }, // Б
    { 17, 21, 17, 0, 21, 90, 31613 }, // В
    { 16, 21, 14, 0, 21, 84, 31703 }, // Г
    { 23, 26, 20, -3, 21, 150, 31787 }, // Д
    { 16, 21, 15, 0, 21, 84, 31937 }, // Е
    { 28, 21, 23, -2, 21, 147, 32021 }, // Ж
    { 16, 21, 15, -1, 21, 84, 32168 }, // З
    { 21, 21, 20, 0, 21, 111, 32252 }, // И
    { 21, 27, 20, 0, 27, 142, 32363 }, // Й
    { 19, 21, 16, 0, 21, 100, 32505 }, // К
    { 22, 21, 20, -2, 21, 116, 32605 }, // Л
    { 25, 21, 24, 0, 21, 132, 32721 }, // М
    { 20, 21, 20, 0, 21, 105, 32853 }, // Н
    { 19, 21, 20, 1, 21, 100, 32958 }, // О
    { 20, 21, 19, 0, 21, 105, 33058 }, // П
    { 17, 21, 16, 0, 21, 90, 33163 }, // Р
    { 18, 21, 17, 1, 21, 95, 33253 }, // С
    { 16, 21, 15, 2, 21, 84, 33348 }, // Т
    { 19, 21, 16, 0, 21, 100, 33432 }, // У
    { 22, 21, 23, 1, 21, 116, 33532 }, // Ф
    { 20, 21, 16, -2, 21, 105, 33648 }, // Х
    { 20, 26, 20, 0, 21, 130, 33753 }, // Ц
    { 17, 21, 18, 2, 21, 90, 33883 }, // Ч
    { 28, 21, 28, 0, 21, 147, 33973 }, // Ш
    { 28, 26, 28, 0, 21, 182, 34120 }, // Щ
    { 16, 21, 19, 2, 21, 84, 34302 }, // Ъ
    { 24, 21, 23, 0, 21, 126, 34386 }, // Ы
    { 15, 21, 16, 0, 21, 79, 34512 }, // Ь
    { 17, 21, 17, 0, 21, 90, 34591 }, // Э
    { 27, 21, 27, 0, 21, 142, 34681 }, // Ю
    { 19, 21, 17, -2, 21, 100, 34823 }, // Я
    { 15, 16, 17, 1, 16, 60, 34923 }, // а
    { 16, 23, 16, 1, 23, 92, 34983 }, // б
    { 14, 16, 15, 1, 16, 56, 35075 }, // в
    { 13, 16, 13, 0, 16, 52, 35131 }, // г
    { 15, 23, 16, 1, 23, 87, 35183 }, // д
    { 13, 16, 14, 1, 16, 52, 35270 }, // е
    { 27, 16, 26, -1, 16, 108, 35322 }, // ж
    { 13, 16, 13, 0, 16, 52, 35430 }, // з
    { 15, 16, 17, 1, 16, 60, 35482 }, // и
    { 15, 22, 17, 1, 22, 83, 35542 }, // й
    { 16, 16, 15, 0, 16, 64, 35625 }, // к
    { 18, 16, 17, -2, 16, 72, 35689 }, // л
    { 22, 16, 22, 0, 16, 88, 35761 }, // м
    { 16, 16, 17, 0, 16, 64, 35849 }, // н
    { 15, 16, 16, 1, 16, 60, 35913 }, // о
    { 15, 16, 16, 0, 16, 60, 35973 }, // п
    { 17, 23, 17, -1, 16, 98, 36033 }, // р
    { 13, 16, 13, 1, 16, 52, 36131 }, // с
    { 24, 16, 25, 0, 16, 96, 36183 }, // т
    { 19, 23, 14, -3, 16, 110, 36279 }, // у
    { 18, 30, 20, 1, 23, 135, 36389 }, // ф
    { 17, 16, 13, -2, 16, 68, 36524 }, // х
    { 15, 20, 17, 1, 16, 75, 36592 }, // ц
    { 14, 16, 16, 2, 16, 56, 36667 }, // ч
    { 24, 16, 25, 1, 16, 96, 36723 }, // ш
    { 24, 20, 26, 1, 16, 120, 36819 }, // щ
    { 16, 16, 17, 1, 16, 64, 36939 }, // ъ
    { 20, 16, 21, 1, 16, 80, 37003 }, // ы
    { 13, 16, 15, 1, 16, 52, 37083 }, // ь
    { 13, 16, 14, 0, 16, 52, 37135 }, // э
    { 22, 16, 23, 0, 16, 88, 37187 }, // ю
    { 16, 16, 15, -1, 16, 64, 37275 }, // я
    { 13, 23, 14, 1, 23, 75, 37339 }, // ѐ
    { 14, 21, 14, 1, 21, 74, 37414 }, // ё
    { 16, 30, 17, 0, 23, 120, 37488 }, // ђ
    { 14, 23, 13, 0, 23, 81, 37608 }, // ѓ
    { 13, 16, 14, 1, 16, 52, 37689 }, // є
    { 13, 16, 13, 0, 16, 52, 37741 }, // ѕ
    { 8, 21, 8, 0, 21, 42, 37793 }, // і
    { 10, 21, 7, 0, 21, 53, 37835 }, // ї
    { 12, 28, 7, -4, 21, 84, 37888 }, // ј
    { 25, 16, 24, -2, 16, 100, 37972 }, // љ
    { 23, 16, 24, 0, 16, 92, 38072 }, // њ
    { 16, 23, 17, 0, 23, 92, 38164 }, // ћ
    { 16, 23, 15, 0, 23, 92, 38256 }, // ќ
    { 15, 23, 17, 1, 23, 87, 38348 }, // ѝ
    { 19, 29, 14, -3, 22, 138, 38435 }, // ў
    { 15, 22, 17, 1, 16, 83, 38573 }, // џ
    { 27, 21, 27, 2, 21, 142, 38656 }, // Ѡ
    { 23, 16, 23, 1, 16, 92, 38798 }, // ѡ
    { 14, 21, 17, 2, 21, 74, 38890 }, // Ѣ
    { 23, 16, 24, 0, 16, 92, 38964 }, // ѣ
    { 26, 21, 25, 1, 21, 137, 39056 }, // Ѥ
    { 21, 16, 20, 0, 16, 84, 39193 }, // ѥ
    { 19, 21, 18, -2, 21, 100, 39277 }, // Ѧ
    { 16, 16, 16, -2, 16, 64, 39377 }, // ѧ
    { 23, 21, 25, 1, 21, 121, 39441 }, // Ѩ
    { 20, 16, 21, 0, 16, 80, 39562 }, // ѩ
    { 23, 21, 19, -2, 21, 121, 39642 }, // Ѫ
    { 19, 16, 18, -2, 16, 76, 39763 }, // ѫ
    { 27, 21, 27, 1, 21, 142, 39839 }, // Ѭ
    { 24, 16, 23, 0, 16, 96, 39981 }, // ѭ
    { 18, 32, 16, -2, 25, 144, 40077 }, // Ѯ
    { 16, 26, 13, -2, 20, 104, 40221 }, // ѯ
    { 22, 21, 22, 3, 21, 116, 40325 }, // Ѱ
    { 19, 30, 21, 1, 23, 143, 40441 }, // ѱ
    { 19, 21, 21, 2, 21, 100, 40584 }, // Ѳ
    { 15, 16, 16, 1, 16, 60, 40684 }, // ѳ
    { 18, 21, 17, 2, 21, 95, 40744 }, // Ѵ
    { 15, 16, 13, 1, 16, 60, 40839 }, // ѵ
    { 18, 28, 17, 2, 28, 126, 40899 }, // Ѷ
    { 15, 23, 13, 1, 23, 87, 41025 }, // ѷ
    { 35, 28, 35, 2, 21, 245, 41112 }, // Ѹ
    { 31, 23, 30, 1, 16, 179, 41357 }, // ѹ
    { 19, 24, 22, 2, 22, 114, 41536 }, // Ѻ
    { 15, 19, 17, 1, 17, 72, 41650 }, // ѻ
    { 26, 31, 28, 2, 31, 202, 41722 }, // Ѽ
    { 21, 27, 23, 1, 27, 142, 41924 }, // ѽ
    { 27, 26, 27, 2, 26, 176, 42066 }, // Ѿ
    { 23, 21, 23, 1, 21, 121, 42242 }, // ѿ
    { 17, 28, 17, 2, 21, 119, 42363 }, // Ҁ
    { 13, 23, 13, 1, 16, 75, 42482 }, // ҁ
    { 16, 20, 18, 1, 19, 80, 42557 }, // ҂
    { 12, 5, 0, -12, 21, 15, 42637 }, // ҃
    { 12, 5, 0, -12, 23, 15, 42652 }, // ҄
    { 4, 5, 0, -8, 23, 5, 42667 }, // ҅
    { 4, 5, 0, -8, 23, 5, 42672 }, // ҆
    { 12, 4, 0, -2, 26, 12, 42677 }, // ҇
    { 34, 31, 0, -17, 23, 264, 42689 }, // ҈
    { 34, 32, 0, -17, 24, 272, 42953 }, // ҉
    { 20, 33, 21, 1, 27, 165, 43225 }, // Ҋ
    { 16, 28, 17, 1, 23, 112, 43390 }, // ҋ
    { 14, 21, 16, 1, 21, 74, 43502 }, // Ҍ
    { 13, 23, 15, 1, 23, 75, 43576 }, // ҍ
    { 16, 21, 17, 1, 21, 84, 43651 }, // Ҏ
    { 17, 23, 17, -1, 16, 98, 43735 }, // ҏ
    { 16, 26, 14, 1, 26, 104, 43833 }, // Ґ
    { 14, 21, 11, 0, 21, 74, 43937 }, // ґ
    { 16, 21, 14, 1, 21, 84, 44011 }, // Ғ
    { 13, 16, 11, 0, 16, 52, 44095 }, // ғ
    { 16, 28, 18, 1, 21, 112, 44147 }, // Ҕ
    { 13, 23, 15, 0, 16, 75, 44259 }, // ҕ
    { 28, 27, 24, -2, 21, 189, 44334 }, // Җ
    { 27, 21, 25, -1, 16, 142, 44523 }, // җ
    { 16, 28, 15, -1, 21, 112, 44665 }, // Ҙ
    { 13, 23, 13, 0, 16, 75, 44777 }, // ҙ
    { 19, 27, 18, 1, 21, 129, 44852 }, // Қ
    { 16, 22, 15, 0, 16, 88, 44981 }, // қ
    { 19, 21, 17, 1, 21, 100, 45069 }, // Ҝ
    { 16, 16, 14, 0, 16, 64, 45169 }, // ҝ
    { 19, 21, 16, 1, 21, 100, 45233 }, // Ҟ
    { 16, 23, 14, 0, 23, 92, 45333 }, // ҟ
    { 20, 21, 19, 2, 21, 105, 45425 }, // Ҡ
    { 17, 16, 17, 1, 16, 68, 45530 }, // ҡ
    { 19, 27, 20, 1, 21, 129, 45598 }, // Ң
    { 17, 22, 18, 0, 16, 94, 45727 }, // ң
    { 24, 21, 22, 1, 21, 126, 45821 }, // Ҥ
    { 22, 16, 20, 0, 16, 88, 45947 }, // ҥ
    { 26, 28, 29, 1, 21, 182, 46035 }, // Ҧ
    { 22, 23, 24, 0, 16, 127, 46217 }, // ҧ
    { 18, 22, 21, 2, 21, 99, 46344 }, // Ҩ
    { 16, 17, 18, 1, 16, 68, 46443 }, // ҩ
    { 17, 28, 17, 2, 21, 119, 46511 }, // Ҫ
    { 13, 23, 13, 1, 16, 75, 46630 }, // ҫ
    { 16, 27, 15, 2, 21, 108, 46705 }, // Ҭ
    { 25, 21, 26, 0, 16, 132, 46813 }, // ҭ
    { 16, 21, 15, 2, 21, 84, 46945 }, // Ү
    { 15, 23, 14, 1, 16, 87, 47029 }, // ү
    { 17, 21, 15, 1, 21, 90, 47116 }, // Ұ
    { 17, 23, 14, -1, 16, 98, 47206 }, // ұ
    { 20, 27, 17, -2, 21, 135, 47304 }, // Ҳ
    { 17, 22, 15, -1, 16, 94, 47439 }, // ҳ
    { 21, 27, 23, 2, 21, 142, 47533 }, // Ҵ
    { 18, 21, 19, 1, 16, 95, 47675 }, // ҵ
    { 16, 27, 19, 3, 21, 108, 47770 }, // Ҷ
    { 14, 22, 16, 2, 16, 77, 47878 }, // ҷ
    { 16, 21, 19, 3, 21, 84, 47955 }, // Ҹ
    { 14, 16, 16, 2, 16, 56, 48039 }, // ҹ
    { 16, 21, 19, 1, 21, 84, 48095 }, // Һ
    { 16, 23, 17, 0, 23, 92, 48179 }, // һ
    { 22, 21, 22, 1, 21, 116, 48271 }, // Ҽ
    { 16, 16, 17, 1, 16, 64, 48387 }, // ҽ
    { 22, 26, 22, 1, 21, 143, 48451 }, // Ҿ
    { 16, 21, 17, 1, 16, 84, 48594 }, // ҿ
    { 13, 21, 9, -1, 21, 69, 48678 }, // Ӏ
    { 28, 27, 23, -2, 27, 189, 48747 }, // Ӂ
    { 27, 22, 26, -1, 22, 149, 48936 }, // ӂ
    { 19, 28, 19, 1, 21, 133, 49085 }, // Ӄ
    { 16, 23, 15, 0, 16, 92, 49218 }, // ӄ
    { 21, 26, 19, -1, 21, 137, 49310 }, // Ӆ
    { 17, 22, 16, -2, 16, 94, 49447 }, // ӆ
    { 19, 28, 20, 1, 21, 133, 49541 }, // Ӈ
    { 17, 23, 18, 0, 16, 98, 49674 }, // ӈ
    { 19, 27, 20, 1, 21, 129, 49772 }, // Ӊ
    { 17, 22, 18, 0, 16, 94, 49901 }, // ӊ
    { 16, 27, 19, 3, 21, 108, 49995 }, // Ӌ
    { 15, 22, 17, 2, 16, 83, 50103 }, // ӌ
    { 24, 27, 25, 1, 21, 162, 50186 }, // Ӎ
    { 20, 22, 20, 0, 16, 110, 50348 }, // ӎ
    { 13, 21, 9, -1, 21, 69, 50458 }, // ӏ
    { 19, 27, 16, -2, 27, 129, 50527 }, // Ӑ
    { 16, 22, 17, 1, 22, 88, 50656 }, // ӑ
    { 18, 27, 16, -2, 27, 122, 50744 }, // Ӓ
    { 16, 21, 17, 1, 21, 84, 50866 }, // ӓ
    { 28, 21, 24, -2, 21, 147, 50950 }, // Ӕ
    { 23, 16, 24, 1, 16, 92, 51097 }, // ӕ
    { 16, 27, 15, 1, 27, 108, 51189 }, // Ӗ
    { 15, 22, 15, 1, 22, 83, 51297 }, // ӗ
    { 18, 21, 19, 1, 21, 95, 51380 }, // Ә
    { 14, 16, 14, 0, 16, 56, 51475 }, // ә
    { 18, 27, 19, 1, 27, 122, 51531 }, // Ӛ
    { 14, 21, 14, 0, 21, 74, 51653 }, // ӛ
    { 28, 27, 23, -2, 27, 189, 51727 }, // Ӝ
    { 27, 21, 26, -1, 21, 142, 51916 }, // ӝ
    { 16, 27, 15, -1, 27, 108, 52058 }, // Ӟ
    { 13, 21, 13, 0, 21, 69, 52166 }, // ӟ
    { 16, 21, 15, 0, 21, 84, 52235 }, // Ӡ
    { 16, 23, 14, -2, 16, 92, 52319 }, // ӡ
    { 21, 26, 20, 0, 26, 137, 52411 }, // Ӣ
    { 16, 21, 17, 1, 21, 84, 52548 }, // ӣ
    { 21, 27, 20, 0, 27, 142, 52632 }, // Ӥ
    { 16, 21, 17, 1, 21, 84, 52774 }, // ӥ
    { 19, 27, 21, 2, 27, 129, 52858 }, // Ӧ
    { 15, 21, 16, 1, 21, 79, 52987 }, // ӧ
    { 19, 21, 21, 2, 21, 100, 53066 }, // Ө
    { 15, 16, 16, 1, 16, 60, 53166 }, // ө
    { 19, 27, 21, 2, 27, 129, 53226 }, // Ӫ
    { 15, 21, 16, 1, 21, 79, 53355 }, // ӫ
    { 17, 27, 17, 0, 27, 115, 53434 }, // Ӭ
    { 13, 21, 14, 0, 21, 69, 53549 }, // ӭ
    { 19, 26, 16, 0, 26, 124, 53618 }, // Ӯ
    { 19, 27, 14, -3, 20, 129, 53742 }, // ӯ
    { 19, 27, 16, 0, 27, 129, 53871 }, // Ӱ
    { 19, 28, 14, -3, 21, 133, 54000 }, // ӱ
    { 19, 28, 16, 0, 28, 133, 54133 }, // Ӳ
    { 19, 30, 14, -3, 23, 143, 54266 }, // ӳ
    { 17, 27, 18, 2, 27, 115, 54409 }, // Ӵ
    { 14, 21, 16, 2, 21, 74, 54524 }, // ӵ
    { 16, 27, 14, 1, 21, 108, 54598 }, // Ӷ
    { 13, 22, 11, 0, 16, 72, 54706 }, // ӷ
    { 24, 27, 23, 0, 27, 162, 54778 }, // Ӹ
    { 20, 21, 21, 1, 21, 105, 54940 }, // ӹ
    { 17, 27, 14, 0, 21, 115, 55045 }, // Ӻ
    { 14, 22, 11, -1, 16, 77, 55160 }, // ӻ
    { 20, 27, 15, -2, 21, 135, 55237 }, // Ӽ
    { 17, 22, 14, -2, 16, 94, 55372 }, // ӽ
    { 20, 21, 15, -2, 21, 105, 55466 }, // Ӿ
    { 17, 16, 14, -2, 16, 68, 55571 }, // ӿ
    { 0, 0, 15, 0, 0, 0, 55639 }, //  
    { 0, 0, 29, 0, 0, 0, 55639 }, //  
    { 0, 0, 15, 0, 0, 0, 55639 }, //  
    { 0, 0, 29, 0, 0, 0, 55639 }, //  
    { 0, 0, 10, 0, 0, 0, 55639 }, //  
    { 0, 0, 7, 0, 0, 0, 55639 }, //  
    { 0, 0, 5, 0, 0, 0, 55639 }, //  
    { 0, 0, 16, 0, 0, 0, 55639 }, //  
    { 0, 0, 7, 0, 0, 0, 55639 }, //  
    { 0, 0, 5, 0, 0, 0, 55639 }, //  
    { 0, 0, 3, 0, 0, 0, 55639 }, //  
    { 0, 0, 0, 0, 0, 0, 55639 }, // ​
    { 0, 0, 0, 0, 0, 0, 55639 }, // ‌
    { 0, 0, 0, 0, 0, 0, 55639 }, // ‍
    { 8, 25, 0, -1, 21, 50, 55639 }, // ‎
    { 8, 25, 0, -7, 21, 50, 55689 }, // ‏
    { 9, 3, 9, 0, 10, 7, 55739 }, // ‐
    { 9, 3, 9, 0, 10, 7, 55746 }, // ‑
    { 15, 3, 16, 1, 12, 12, 55753 }, // ‒
    { 14, 3, 14, 0, 10, 11, 55765 }, // –
    { 28, 3, 28, 0, 10, 21, 55776 }, // —
    { 28, 3, 28, 0, 10, 21, 55797 }, // ―
    { 9, 29, 16, 4, 22, 66, 55818 }, // ‖
    { 13, 6, 12, -3, -1, 20, 55884 }, // ‗
    { 7, 7, 5, 1, 21, 13, 55904 }, // ‘
    { 7, 7, 5, 1, 21, 13, 55917 }, // ’
    { 7, 7, 7, -2, 3, 13, 55930 }, // ‚
    { 4, 7, 5, 3, 21, 7, 55943 }, // ‛
    { 12, 7, 10, 1, 21, 21, 55950 }, // “
    { 12, 7, 10, 1, 21, 21, 55971 }, // ”
    { 12, 7, 12, -2, 3, 21, 55992 }, // „
    { 9, 7, 10, 3, 21, 16, 56013 }, // ‟
    { 11, 22, 14, 3, 22, 61, 56029 }, // †
    { 15, 22, 14, 0, 22, 83, 56090 }, // ‡
    { 8, 7, 11, 2, 14, 14, 56173 }, // •
    { 10, 10, 11, 1, 16, 25, 56187 }, // ‣
    { 4, 4, 15, 4, 4, 4, 56212 }, // ․
    { 12, 4, 15, 0, 4, 12, 56216 }, // ‥
    { 20, 4, 22, 0, 4, 20, 56228 }, // …
    { 5, 4, 7, 1, 10, 5, 56248 }, // ‧
    { 0, 0, 18, 0, 0, 0, 56253 }, //  
    { 0, 0, 18, 0, 0, 0, 56253 }, //  
    { 8, 22, 0, -1, 18, 44, 56253 }, // ‪
    { 8, 22, 0, -7, 18, 44, 56297 }, // ‫
    { 8, 24, 0, -4, 20, 48, 56341 }, // ‬
    { 8, 25, 0, -4, 20, 50, 56389 }, // ‭
    { 8, 25, 0, -4, 20, 50, 56439 }, // ‮
    { 0, 0, 5, 0, 0, 0, 56489 }, //  
    { 30, 21, 33, 2, 21, 158, 56489 }, // ‰
    { 40, 21, 42, 2, 21, 210, 56647 }, // ‱
    { 8, 8, 6, 1, 21, 16, 56857 }, // ′
    { 13, 8, 11, 1, 21, 26, 56873 }, // ″
    { 18, 8, 16, 1, 21, 36, 56899 }, // ‴
    { 5, 8, 8, 3, 21, 10, 56935 }, // ‵
    { 10, 8, 12, 3, 21, 20, 56945 }, // ‶
    { 14, 8, 17, 3, 21, 28, 56965 }, // ‷
    { 11, 10, 12, -3, 3, 28, 56993 }, // ‸
    { 8, 13, 8, 1, 14, 26, 57021 }, // ‹
    { 8, 13, 8, 0, 14, 26, 57047 }, // ›
    { 22, 21, 24, 1, 21, 116, 57073 }, // ※
    { 15, 21, 14, 0, 21, 79, 57189 }, // ‼
    { 12, 21, 13, 2, 21, 63, 57268 }, // ‽
    { 13, 3, 11, 2, 25, 10, 57331 }, // ‾
    { 16, 7, 16, -2, 0, 28, 57341 }, // ‿
    { 16, 8, 16, 2, 25, 32, 57369 }, // ⁀
    { 14, 19, 10, -3, 12, 67, 57401 }, // ⁁
    { 31, 27, 33, 0, 23, 210, 57468 }, // ⁂
    { 8, 3, 8, 0, 10, 6, 57678 }, // ⁃
    { 18, 21, 4, -7, 21, 95, 57684 }, // ⁄
    { 12, 26, 8, -1, 21, 78, 57779 }, // ⁅
    { 12, 26, 8, -3, 21, 78, 57857 }, // ⁆
    { 24, 21, 25, 2, 21, 126, 57935 }, // ⁇
    { 19, 21, 20, 2, 21, 100, 58061 }, // ⁈
    { 21, 21, 20, 0, 21, 111, 58161 }, // ⁉
    { 15, 16, 15, 1, 16, 60, 58272 }, // ⁊
    { 15, 26, 17, 3, 22, 98, 58332 }, // ⁋
    { 16, 15, 19, 1, 16, 60, 58430 }, // ⁌
    { 16, 15, 19, 2, 16, 60, 58490 }, // ⁍
    { 15, 14, 16, -1, 8, 53, 58550 }, // ⁎
    { 7, 20, 7, 0, 16, 35, 58603 }, // ⁏
    { 20, 32, 16, -2, 25, 160, 58638 }, // ⁐
    { 17, 29, 16, 0, 23, 124, 58798 }, // ⁑
    { 11, 21, 11, 0, 21, 58, 58922 }, // ⁒
    { 26, 5, 29, 2, 11, 33, 58980 }, // ⁓
    { 16, 8, 16, -3, 1, 32, 59013 }, // ⁔
    { 16, 15, 17, 0, 15, 60, 59045 }, // ⁕
    { 13, 21, 15, 1, 21, 69, 59105 }, // ⁖
    { 23, 8, 21, 1, 21, 46, 59174 }, // ⁗
    { 22, 21, 24, 1, 21, 116, 59220 }, // ⁘
    { 22, 21, 24, 1, 21, 116, 59336 }, // ⁙
    { 4, 21, 6, 1, 21, 21, 59452 }, // ⁚
    { 17, 22, 19, 1, 22, 94, 59473 }, // ⁛
    { 22, 22, 23, 1, 22, 121, 59567 }, // ⁜
    { 4, 21, 8, 2, 21, 21, 59688 }, // ⁝
    { 5, 21, 8, 2, 21, 27, 59709 }, // ⁞
    { 0, 0, 6, 0, 0, 0, 59736 }, //  
    { 0, 0, 18, 0, 0, 0, 59736 }, // ⁠
    { 0, 0, 18, 0, 0, 0, 59736 }, // ⁡
    { 0, 0, 18, 0, 0, 0, 59736 }, // ⁢
    { 0, 0, 18, 0, 0, 0, 59736 }, // ⁣
    { 0, 0, 18, 0, 0, 0, 59736 }, // ⁤
    { 0, 0, 18, 0, 0, 0, 59736 }, // ⁦
    { 0, 0, 18, 0, 0, 0, 59736 }, // ⁧
    { 0, 0, 18, 0, 0, 0, 59736 }, // ⁨
    { 0, 0, 18, 0, 0, 0, 59736 }, // ⁩
    { 8, 25, 0, -4, 20, 50, 59736 }, // ⁪
    { 8, 25, 0, -4, 20, 50, 59786 }, // ⁫
    { 8, 24, 0, -4, 20, 48, 59836 }, // ⁬
    { 8, 25, 0, -4, 21, 50, 59884 }, // ⁭
    { 8, 25, 0, -4, 21, 50, 59934 }, // ⁮
    { 8, 25, 0, -4, 20, 50, 59984 }, // ⁯
    { 10, 13, 10, 2, 25, 33, 60034 }, // ⁰
    { 5, 14, 7, 2, 22, 18, 60067 }, // ⁱ
    { 10, 13, 10, 2, 25, 33, 60085 }, // ⁴
    { 10, 13, 10, 2, 25, 33, 60118 }, // ⁵
    { 10, 13, 10, 3, 25, 33, 60151 }, // ⁶
    { 10, 13, 10, 3, 25, 33, 60184 }, // ⁷
    { 10, 13, 10, 2, 25, 33, 60217 }, // ⁸
    { 10, 13, 10, 2, 25, 33, 60250 }, // ⁹
    { 8, 8, 10, 3, 22, 16, 60283 }, // ⁺
    { 8, 3, 10, 3, 19, 6, 60299 }, // ⁻
    { 8, 5, 10, 3, 20, 10, 60305 }, // ⁼
    { 7, 16, 5, 3, 27, 28, 60315 }, // ⁽
    { 7, 16, 5, 0, 27, 28, 60343 }, // ⁾
    { 10, 9, 11, 2, 17, 23, 60371 }, // ⁿ
    { 10, 14, 10, -1, 10, 35, 60394 }, // ₀
    { 7, 13, 10, 0, 9, 23, 60429 }, // ₁
    { 11, 13, 10, -2, 9, 36, 60452 }, // ₂
    { 11, 14, 10, -2, 10, 39, 60488 }, // ₃
    { 10, 13, 10, -1, 9, 33, 60527 }, // ₄
    { 10, 13, 10, -1, 9, 33, 60560 }, // ₅
    { 10, 13, 10, -1, 9, 33, 60593 }, // ₆
    { 11, 13, 10, -1, 9, 36, 60626 }, // ₇
    { 10, 14, 10, -1, 10, 35, 60662 }, // ₈
    { 10, 13, 10, -1, 9, 33, 60697 }, // ₉
    { 9, 8, 10, -1, 6, 18, 60730 }, // ₊
    { 9, 3, 10, -1, 4, 7, 60748 }, // ₋
    { 9, 5, 10, -1, 5, 12, 60755 }, // ₌
    { 7, 16, 5, 0, 11, 28, 60767 }, // ₍
    { 8, 16, 5, -4, 11, 32, 60795 }, // ₎
    { 10, 10, 11, -1, 7, 25, 60827 }, // ₐ
    { 9, 10, 9, -1, 7, 23, 60852 }, // ₑ
    { 10, 10, 11, -1, 7, 25, 60875 }, // ₒ
    { 12, 10, 9, -3, 7, 30, 60900 }, // ₓ
    { 9, 10, 9, -2, 7, 23, 60930 }, // ₔ
    { 10, 14, 13, 0, 11, 35, 60953 }, // ₕ
    { 10, 14, 10, 0, 11, 35, 60988 }, // ₖ
    { 5, 14, 7, 0, 11, 18, 61023 }, // ₗ
    { 16, 10, 18, 0, 7, 40, 61041 }, // ₘ
    { 11, 10, 11, -2, 7, 28, 61081 }, // ₙ
    { 11, 14, 11, -2, 7, 39, 61109 }, // ₚ
    { 8, 10, 9, -1, 7, 20, 61148 }, // ₛ
    { 7, 12, 6, -1, 9, 21, 61168 }, // ₜ
    { 15, 21, 16, 2, 21, 79, 61189 }, // ₠
    { 17, 24, 16, 1, 22, 102, 61268 }, // ₡
    { 16, 21, 16, 1, 21, 84, 61370 }, // ₢
    { 17, 21, 16, 0, 21, 90, 61454 }, // ₣
    { 18, 21, 16, -1, 21, 95, 61544 }, // ₤
    { 24, 23, 26, 0, 20, 138, 61639 }, // ₥
    { 17, 21, 16, 0, 21, 90, 61777 }, // ₦
    { 21, 21, 22, 0, 21, 111, 61867 }, // ₧
    { 24, 21, 23, 0, 21, 126, 61978 }, // ₨
    { 21, 21, 18, 0, 21, 111, 62104 }, // ₩
    { 24, 21, 23, 0, 21, 126, 62215 }, // ₪
    { 19, 27, 17, 0, 22, 129, 62341 }, // ₫
    { 18, 21, 16, 0, 21, 95, 62470 }, // €
    { 19, 21, 16, 0, 21, 100, 62565 }, // ₭
    { 17, 21, 15, 1, 21, 90, 62665 }, // ₮
    { 28, 28, 28, 0, 21, 196, 62755 }, // ₯
    { 19, 28, 16, -2, 21, 133, 62951 }, // ₰
    { 17, 21, 16, 1, 21, 90, 63084 }, // ₱
    { 18, 24, 20, 2, 22, 108, 63174 }, // ₲
    { 20, 21, 16, -2, 21, 105, 63282 }, // ₳
    { 18, 21, 15, -1, 21, 95, 63387 }, // ₴
    { 17, 24, 17, 2, 22, 102, 63482 }, // ₵
    { 18, 20, 17, 0, 20, 90, 63584 }, // ₶
    { 21, 23, 19, -1, 21, 121, 63674 }, // ₷
    { 16, 21, 14, 1, 21, 84, 63795 }, // ₸
    { 15, 21, 16, 2, 21, 79, 63879 }, // ₹
    { 16, 21, 16, 0, 21, 84, 63958 }, // ₺
    { 19, 21, 20, 1, 21, 100, 64042 }, // ₻
    { 22, 21, 22, -1, 21, 116, 64142 }, // ₼
    { 19, 21, 17, -1, 21, 100, 64258 }, // ₽
    { 20, 24, 17, -1, 24, 120, 64358 }, // ₾
    { 16, 27, 16, 1, 24, 108, 64478 }, // ₿
    { 9, 3, 9, 0, 9, 7, 64586 }, // −
    { 27, 27, 29, 1, 22, 183, 64593 }, // �
};

static const EpdUnicodeInterval notosans_14_italicIntervals[] = {
    { 0x0, 0x0, 0x0 },
    { 0xD, 0xD, 0x1 },
    { 0x20, 0x7E, 0x2 },
    { 0xA0, 0xFF, 0x61 },
    { 0x100, 0x17F, 0xC1 },
    { 0x300, 0x36F, 0x141 },
    { 0x400, 0x4FF, 0x1B1 },
    { 0x2000, 0x2064, 0x2B1 },
    { 0x2066, 0x206F, 0x316 },
    { 0x2070, 0x2071, 0x320 },
    { 0x2074, 0x208E, 0x322 },
    { 0x2090, 0x209C, 0x33D },
    { 0x20A0, 0x20BF, 0x34A },
    { 0x2212, 0x2212, 0x36A },
    { 0xFFFD, 0xFFFD, 0x36B },
};

static const EpdFontData notosans_14_italic = {
    notosans_14_italicBitmaps,
    notosans_14_italicGlyphs,
    notosans_14_italicIntervals,
    15,
    40,
    32,
    -9,
    true,
};
