/**
 * generated by fontconvert.py
 * name: notosans_16_bold
 * size: 16
 * mode: 2-bit
 */
#pragma once
#include "EpdFontData.h"

static const uint8_t notosans_16_boldBitmaps[85414] = {
    0xFF, 0xCF, 0xFC, 0xFF, 0xCF, 0xFC, 0xFF, 0xCF, 0xFC, 0xFF, 0xCF, 0xFC, 0xFF, 0xCF, 0xFC, 0xFF,
    0xCF, 0xFC, 0xFF, 0xCF, 0xFC, 0xFF, 0xCF, 0xFC, 0x00, 0x00, 0x00, 0x2F, 0x8B, 0xFE, 0xFF, 0xFF,
    0xFF, 0xBF, 0xE2, 0xF8, 0xFF, 0xC3, 0xFF, 0xFF, 0x83, 0xFF, 0xFF, 0x82, 0xFE, 0xBF, 0x82, 0xFE,
    0xBF, 0x82, 0xFE, 0xBF, 0x41, 0xFD, 0x7F, 0x41, 0xFD, 0x7F, 0x41, 0xFD, 0x7F, 0x00, 0xFD, 0x00,
    0x03, 0xF8, 0x0F, 0xD0, 0x00, 0x07, 0xF4, 0x1F, 0xC0, 0x00, 0x07, 0xF0, 0x2F, 0xC0, 0x00, 0x0B,
    0xF0, 0x3F, 0x80, 0x00, 0x0F, 0xE0, 0x3F, 0x80, 0x00, 0x0F, 0xD0, 0x7F, 0x40, 0x3F, 0xFF, 0xFF,
    0xFF, 0xFF, 0x3F, 0xFF, 0xFF, 0xFF, 0xFF, 0x3F, 0xFF, 0xFF, 0xFF, 0xFF, 0x3F, 0xFF, 0xFF, 0xFF,
    0xFF, 0x00, 0x3F, 0x80, 0xFD, 0x00, 0x00, 0x3F, 0x41, 0xFC, 0x00, 0x00, 0x7F, 0x02, 0xFC, 0x00,
    0x00, 0xBF, 0x02, 0xFC, 0x00, 0xFF, 0xFF, 0xFF, 0xFF, 0xFC, 0xFF, 0xFF, 0xFF, 0xFF, 0xFC, 0xFF,
    0xFF, 0xFF, 0xFF, 0xFC, 0xFF, 0xFF, 0xFF, 0xFF, 0xFC, 0x01, 0xFC, 0x0B, 0xF0, 0x00, 0x02, 0xFC,
    0x0F, 0xF0, 0x00, 0x03, 0xFC, 0x0F, 0xE0, 0x00, 0x03, 0xF8, 0x1F, 0xD0, 0x00, 0x03, 0xF4, 0x1F,
    0xC0, 0x00, 0x07, 0xF0, 0x2F, 0xC0, 0x00, 0x00, 0x03, 0xC0, 0x00, 0x00, 0x00, 0xF0, 0x00, 0x00,
    0x00, 0x7E, 0x40, 0x00, 0x0B, 0xFF, 0xFF, 0xD0, 0x0F, 0xFF, 0xFF, 0xFE, 0x0F, 0xFF, 0xFF, 0xFF,
    0x0B, 0xFF, 0xFF, 0xFF, 0xC3, 0xFF, 0x8F, 0x01, 0xD0, 0xFF, 0xC3, 0xC0, 0x00, 0x3F, 0xF4, 0xF0,
    0x00, 0x0B, 0xFF, 0x7C, 0x00, 0x01, 0xFF, 0xFF, 0x00, 0x00, 0x2F, 0xFF, 0xF8, 0x00, 0x01, 0xFF,
    0xFF, 0xE0, 0x00, 0x0B, 0xFF, 0xFF, 0x40, 0x00, 0x2F, 0xFF, 0xF0, 0x00, 0x03, 0xFF, 0xFF, 0x00,
    0x00, 0xF2, 0xFF, 0xC0, 0x00, 0x3C, 0x3F, 0xF2, 0x00, 0x0F, 0x0F, 0xFC, 0xFE, 0x43, 0xDB, 0xFF,
    0x3F, 0xFF, 0xFF, 0xFF, 0x4F, 0xFF, 0xFF, 0xFF, 0x82, 0xFF, 0xFF, 0xFF, 0x80, 0x06, 0xFF, 0xF9,
    0x00, 0x00, 0x00, 0xF0, 0x00, 0x00, 0x00, 0x3C, 0x00, 0x00, 0x00, 0x0F, 0x00, 0x00, 0x02, 0xFE,
    0x00, 0x00, 0x07, 0xF4, 0x00, 0x1F, 0xFF, 0xC0, 0x00, 0x0F, 0xF0, 0x00, 0x3F, 0xFF, 0xF0, 0x00,
    0x2F, 0xC0, 0x00, 0x7F, 0xFF, 0xF4, 0x00, 0x3F, 0x80, 0x00, 0xFF, 0x8B, 0xF8, 0x00, 0xBF, 0x00,
    0x00, 0xFF, 0x03, 0xFC, 0x00, 0xFE, 0x00, 0x00, 0xFF, 0x03, 0xFC, 0x03, 0xFC, 0x00, 0x00, 0xFF,
    0x03, 0xFC, 0x07, 0xF4, 0x00, 0x00, 0xFF, 0x03, 0xFC, 0x0F, 0xF0, 0xBF, 0x40, 0xBF, 0x03, 0xF8,
    0x2F, 0xC3, 0xFF, 0xF0, 0x7F, 0x8B, 0xF4, 0x3F, 0x8F, 0xFF, 0xF8, 0x3F, 0xFF, 0xF0, 0xBF, 0x1F,
    0xFF, 0xFC, 0x1F, 0xFF, 0xD0, 0xFE, 0x2F, 0xE2, 0xFE, 0x02, 0xFE, 0x03, 0xFC, 0x3F, 0xD1, 0xFF,
    0x00, 0x00, 0x07, 0xF4, 0x3F, 0xC0, 0xFF, 0x00, 0x00, 0x0F, 0xF0, 0x3F, 0xC0, 0xFF, 0x00, 0x00,
    0x1F, 0xD0, 0x3F, 0xC0, 0xFF, 0x00, 0x00, 0x3F, 0x80, 0x3F, 0xC0, 0xFF, 0x00, 0x00, 0xBF, 0x00,
    0x3F, 0xC0, 0xFF, 0x00, 0x00, 0xFE, 0x00, 0x2F, 0xD1, 0xFE, 0x00, 0x02, 0xFC, 0x00, 0x1F, 0xE2,
    0xFD, 0x00, 0x07, 0xF4, 0x00, 0x0F, 0xFF, 0xFC, 0x00, 0x0F, 0xF0, 0x00, 0x03, 0xFF, 0xF0, 0x00,
    0x1F, 0xD0, 0x00, 0x00, 0xBF, 0x80, 0x00, 0x1B, 0xFE, 0x40, 0x00, 0x00, 0x01, 0xFF, 0xFF, 0xF4,
    0x00, 0x00, 0x03, 0xFF, 0xFF, 0xFD, 0x00, 0x00, 0x0F, 0xFF, 0xFF, 0xFE, 0x00, 0x00, 0x0F, 0xFE,
    0x0B, 0xFF, 0x00, 0x00, 0x0F, 0xFC, 0x03, 0xFF, 0x00, 0x00, 0x0F, 0xFC, 0x07, 0xFF, 0x00, 0x00,
    0x0F, 0xFD, 0x0F, 0xFD, 0x00, 0x00, 0x07, 0xFF, 0x7F, 0xF8, 0x00, 0x00, 0x02, 0xFF, 0xFF, 0xE0,
    0x00, 0x00, 0x00, 0xFF, 0xFF, 0x40, 0x00, 0x00, 0x03, 0xFF, 0xFC, 0x00, 0x1F, 0xFC, 0x1F, 0xFF,
    0xFF, 0x00, 0x2F, 0xF8, 0x3F, 0xFF, 0xFF, 0xC0, 0x3F, 0xF0, 0xBF, 0xF0, 0xFF, 0xF4, 0x7F, 0xF0,
    0xFF, 0xD0, 0x3F, 0xFD, 0xFF, 0xD0, 0xFF, 0xC0, 0x0F, 0xFF, 0xFF, 0xC0, 0xFF, 0xC0, 0x03, 0xFF,
    0xFF, 0x00, 0xFF, 0xE0, 0x00, 0xFF, 0xFE, 0x00, 0xBF, 0xF8, 0x01, 0xFF, 0xFD, 0x00, 0x3F, 0xFF,
    0xFF, 0xFF, 0xFF, 0x40, 0x1F, 0xFF, 0xFF, 0xFF, 0xFF, 0xD0, 0x03, 0xFF, 0xFF, 0xFD, 0xBF, 0xF4,
    0x00, 0x6F, 0xFF, 0x80, 0x2F, 0xFE, 0xFF, 0xFF, 0xEF, 0xFA, 0xFE, 0xBF, 0xAF, 0xD7, 0xF5, 0xFD,
    0x7F, 0x00, 0x00, 0xFF, 0x40, 0x7F, 0x80, 0x3F, 0xC0, 0x2F, 0xE0, 0x0F, 0xF0, 0x07, 0xF8, 0x03,
    0xFD, 0x00, 0xFF, 0x00, 0x7F, 0xC0, 0x1F, 0xE0, 0x0B, 0xF4, 0x03, 0xFC, 0x00, 0xFF, 0x00, 0x3F,
    0xC0, 0x0F, 0xF0, 0x03, 0xFC, 0x00, 0xFF, 0x00, 0x3F, 0xC0, 0x0F, 0xF0, 0x02, 0xFD, 0x00, 0xBF,
    0x80, 0x1F, 0xF0, 0x03, 0xFC, 0x00, 0xFF, 0x40, 0x1F, 0xE0, 0x03, 0xFC, 0x00, 0xBF, 0x80, 0x0F,
    0xF0, 0x01, 0xFE, 0x00, 0x3F, 0xD0, 0x7F, 0xC0, 0x0B, 0xF4, 0x00, 0xFF, 0x00, 0x2F, 0xE0, 0x03,
    0xFC, 0x00, 0xBF, 0x40, 0x1F, 0xF0, 0x03, 0xFC, 0x00, 0xFF, 0x40, 0x2F, 0xD0, 0x07, 0xF8, 0x01,
    0xFF, 0x00, 0x3F, 0xC0, 0x0F, 0xF0, 0x03, 0xFC, 0x00, 0xFF, 0x00, 0x3F, 0xC0, 0x0F, 0xF0, 0x03,
    0xFC, 0x01, 0xFE, 0x00, 0xBF, 0x80, 0x3F, 0xD0, 0x0F, 0xF0, 0x07, 0xFC, 0x02, 0xFD, 0x00, 0xFF,
    0x00, 0xBF, 0x80, 0x3F, 0xC0, 0x2F, 0xD0, 0x1F, 0xF0, 0x00, 0x00, 0x03, 0xFC, 0x00, 0x00, 0x00,
    0x3F, 0xC0, 0x00, 0x00, 0x03, 0xFC, 0x00, 0x00, 0x00, 0x3F, 0xC0, 0x00, 0x04, 0x02, 0xF8, 0x01,
    0x42, 0xF9, 0x2F, 0x86, 0xF8, 0x2F, 0xFF, 0xFF, 0xFF, 0xC3, 0xFF, 0xFF, 0xFF, 0xFC, 0x2B, 0xFF,
    0xFF, 0xFF, 0x80, 0x00, 0xFF, 0xF0, 0x00, 0x00, 0x2F, 0xFF, 0x80, 0x00, 0x07, 0xFA, 0xFD, 0x00,
    0x00, 0xFF, 0x0F, 0xF0, 0x00, 0x3F, 0xF0, 0xBF, 0xC0, 0x01, 0xFD, 0x03, 0xF4, 0x00, 0x01, 0xC0,
    0x24, 0x00, 0x00, 0x0F, 0xF0, 0x00, 0x00, 0x0F, 0xF0, 0x00, 0x00, 0x0F, 0xF0, 0x00, 0x00, 0x0F,
    0xF0, 0x00, 0x00, 0x0F, 0xF0, 0x00, 0x00, 0x0F, 0xF0, 0x00, 0x00, 0x0F, 0xF0, 0x00, 0xFF, 0xFF,
    0xFF, 0xFF, 0xFF, 0xFF, 0xFF, 0xFF, 0xFF, 0xFF, 0xFF, 0xFF, 0xFF, 0xFF, 0xFF, 0xFF, 0x00, 0x0F,
    0xF0, 0x00, 0x00, 0x0F, 0xF0, 0x00, 0x00, 0x0F, 0xF0, 0x00, 0x00, 0x0F, 0xF0, 0x00, 0x00, 0x0F,
    0xF0, 0x00, 0x00, 0x0F, 0xF0, 0x00, 0x1F, 0xF4, 0xBF, 0xC3, 0xFF, 0x0F, 0xF4, 0x3F, 0xC1, 0xFE,
    0x0B, 0xF4, 0x3F, 0xC0, 0xFF, 0xFF, 0xFF, 0xFF, 0xFF, 0xFF, 0xFF, 0xFF, 0xFF, 0x2F, 0x8B, 0xFE,
    0xFF, 0xFF, 0xFF, 0xBF, 0xE2, 0xF8, 0x00, 0x00, 0x3F, 0xD0, 0x00, 0x07, 0xFC, 0x00, 0x00, 0xFF,
    0xC0, 0x00, 0x0F, 0xF4, 0x00, 0x02, 0xFF, 0x00, 0x00, 0x3F, 0xE0, 0x00, 0x07, 0xFD, 0x00, 0x00,
    0xBF, 0xC0, 0x00, 0x0F, 0xF8, 0x00, 0x01, 0xFF, 0x00, 0x00, 0x3F, 0xF0, 0x00, 0x03, 0xFD, 0x00,
    0x00, 0xBF, 0xC0, 0x00, 0x0F, 0xF8, 0x00, 0x01, 0xFF, 0x40, 0x00, 0x2F, 0xF0, 0x00, 0x03, 0xFE,
    0x00, 0x00, 0x7F, 0xC0, 0x00, 0x0B, 0xFC, 0x00, 0x00, 0xFF, 0x40, 0x00, 0x1F, 0xF0, 0x00, 0x03,
    0xFE, 0x00, 0x00, 0x3F, 0xD0, 0x00, 0x0B, 0xFC, 0x00, 0x00, 0x00, 0x2F, 0xFE, 0x00, 0x00, 0xBF,
    0xFF, 0xF4, 0x00, 0xBF, 0xFF, 0xFF, 0x40, 0x7F, 0xFF, 0xFF, 0xF0, 0x3F, 0xFC, 0x0F, 0xFE, 0x0F,
    0xFC, 0x00, 0xFF, 0xC7, 0xFE, 0x00, 0x2F, 0xF6, 0xFF, 0x40, 0x07, 0xFE, 0xFF, 0xD0, 0x01, 0xFF,
    0xFF, 0xF0, 0x00, 0x3F, 0xFF, 0xFC, 0x00, 0x0F, 0xFF, 0xFF, 0x00, 0x03, 0xFF, 0xFF, 0xC0, 0x00,
    0xFF, 0xFF, 0xF0, 0x00, 0x3F, 0xFF, 0xFC, 0x00, 0x0F, 0xFF, 0xFF, 0x40, 0x07, 0xFF, 0xBF, 0xD0,
    0x01, 0xFF, 0x9F, 0xF8, 0x00, 0xBF, 0xD3, 0xFF, 0x00, 0x3F, 0xF0, 0xBF, 0xF0, 0x3F, 0xFC, 0x0F,
    0xFF, 0xFF, 0xFD, 0x01, 0xFF, 0xFF, 0xFE, 0x00, 0x1F, 0xFF, 0xFE, 0x00, 0x00, 0xBF, 0xF8, 0x00,
    0x00, 0x02, 0xFF, 0x00, 0x03, 0xFF, 0xC0, 0x07, 0xFF, 0xF0, 0x0B, 0xFF, 0xFC, 0x0B, 0xFF, 0xFF,
    0x0F, 0xFF, 0xFF, 0xCB, 0xFF, 0x3F, 0xF0, 0xBE, 0x0F, 0xFC, 0x0D, 0x03, 0xFF, 0x00, 0x00, 0xFF,
    0xC0, 0x00, 0x3F, 0xF0, 0x00, 0x0F, 0xFC, 0x00, 0x03, 0xFF, 0x00, 0x00, 0xFF, 0xC0, 0x00, 0x3F,
    0xF0, 0x00, 0x0F, 0xFC, 0x00, 0x03, 0xFF, 0x00, 0x00, 0xFF, 0xC0, 0x00, 0x3F, 0xF0, 0x00, 0x0F,
    0xFC, 0x00, 0x03, 0xFF, 0x00, 0x00, 0xFF, 0xC0, 0x00, 0x3F, 0xF0, 0x00, 0x0F, 0xFC, 0x00, 0x1B,
    0xFF, 0x80, 0x00, 0x2F, 0xFF, 0xFF, 0x40, 0x1F, 0xFF, 0xFF, 0xFE, 0x03, 0xFF, 0xFF, 0xFF, 0xF0,
    0x0F, 0xF8, 0x07, 0xFF, 0x80, 0x3C, 0x00, 0x1F, 0xFC, 0x00, 0x00, 0x00, 0xFF, 0xC0, 0x00, 0x00,
    0x0F, 0xFC, 0x00, 0x00, 0x01, 0xFF, 0xC0, 0x00, 0x00, 0x3F, 0xF8, 0x00, 0x00, 0x07, 0xFF, 0x00,
    0x00, 0x01, 0xFF, 0xE0, 0x00, 0x00, 0x3F, 0xFC, 0x00, 0x00, 0x0F, 0xFF, 0x00, 0x00, 0x03, 0xFF,
    0xC0, 0x00, 0x00, 0xFF, 0xF0, 0x00, 0x00, 0x3F, 0xFC, 0x00, 0x00, 0x0F, 0xFF, 0x00, 0x00, 0x02,
    0xFF, 0xC0, 0x00, 0x00, 0xBF, 0xF0, 0x00, 0x00, 0x2F, 0xFF, 0xFF, 0xFF, 0xF3, 0xFF, 0xFF, 0xFF,
    0xFF, 0x3F, 0xFF, 0xFF, 0xFF, 0xF3, 0xFF, 0xFF, 0xFF, 0xFF, 0x01, 0xBF, 0xFE, 0x40, 0x0B, 0xFF,
    0xFF, 0xFC, 0x0B, 0xFF, 0xFF, 0xFF, 0xC0, 0xFF, 0xFF, 0xFF, 0xFC, 0x1F, 0x40, 0x0F, 0xFF, 0x00,
    0x00, 0x00, 0xFF, 0xC0, 0x00, 0x00, 0x3F, 0xF0, 0x00, 0x00, 0x1F, 0xF8, 0x00, 0x00, 0x2F, 0xFC,
    0x00, 0x3F, 0xFF, 0xF8, 0x00, 0x1F, 0xFF, 0xE0, 0x00, 0x07, 0xFF, 0xFF, 0x80, 0x01, 0xFF, 0xFF,
    0xFD, 0x00, 0x00, 0x07, 0xFF, 0xC0, 0x00, 0x00, 0x2F, 0xF8, 0x00, 0x00, 0x03, 0xFF, 0x00, 0x00,
    0x00, 0xFF, 0xC0, 0x00, 0x00, 0x7F, 0xF4, 0x00, 0x00, 0x3F, 0xFB, 0xE4, 0x00, 0x7F, 0xFD, 0xFF,
    0xFF, 0xFF, 0xFF, 0x3F, 0xFF, 0xFF, 0xFF, 0x0F, 0xFF, 0xFF, 0xFE, 0x00, 0x1B, 0xFF, 0xE4, 0x00,
    0x00, 0x00, 0x0F, 0xFC, 0x00, 0x00, 0x02, 0xFF, 0xC0, 0x00, 0x00, 0x7F, 0xFC, 0x00, 0x00, 0x0F,
    0xFF, 0xC0, 0x00, 0x02, 0xFF, 0xFC, 0x00, 0x00, 0x7F, 0xFF, 0xC0, 0x00, 0x0F, 0xDF, 0xFC, 0x00,
    0x02, 0xFC, 0xFF, 0xC0, 0x00, 0x7F, 0x4F, 0xFC, 0x00, 0x0F, 0xE0, 0xFF, 0xC0, 0x02, 0xFC, 0x0F,
    0xFC, 0x00, 0x7F, 0x80, 0xFF, 0xC0, 0x0F, 0xF0, 0x0F, 0xFC, 0x02, 0xFD, 0x00, 0xFF, 0xC0, 0x7F,
    0x80, 0x0F, 0xFC, 0x0F, 0xFF, 0xFF, 0xFF, 0xFF, 0xFF, 0xFF, 0xFF, 0xFF, 0xFF, 0xFF, 0xFF, 0xFF,
    0xFF, 0xFF, 0xFF, 0xFF, 0xFF, 0xF0, 0x00, 0x00, 0xFF, 0xC0, 0x00, 0x00, 0x0F, 0xFC, 0x00, 0x00,
    0x00, 0xFF, 0xC0, 0x00, 0x00, 0x0F, 0xFC, 0x00, 0x00, 0x00, 0xFF, 0xC0, 0x2F, 0xFF, 0xFF, 0xF4,
    0x0B, 0xFF, 0xFF, 0xFD, 0x03, 0xFF, 0xFF, 0xFF, 0x40, 0xFF, 0xFF, 0xFF, 0xD0, 0x3F, 0xF0, 0x00,
    0x00, 0x0F, 0xF8, 0x00, 0x00, 0x03, 0xFE, 0x00, 0x00, 0x00, 0xFF, 0x80, 0x00, 0x00, 0x7F, 0xFF,
    0xF9, 0x00, 0x1F, 0xFF, 0xFF, 0xF4, 0x07, 0xFF, 0xFF, 0xFF, 0x41, 0xFF, 0xFF, 0xFF, 0xF0, 0x05,
    0x00, 0x7F, 0xFE, 0x00, 0x00, 0x02, 0xFF, 0xC0, 0x00, 0x00, 0x3F, 0xF0, 0x00, 0x00, 0x0F, 0xFC,
    0x00, 0x00, 0x03, 0xFF, 0x00, 0x00, 0x00, 0xFF, 0xC4, 0x00, 0x00, 0xBF, 0xE3, 0xE4, 0x00, 0xBF,
    0xF4, 0xFF, 0xFF, 0xFF, 0xF8, 0x3F, 0xFF, 0xFF, 0xFC, 0x0F, 0xFF, 0xFF, 0xF8, 0x00, 0x6F, 0xFF,
    0x90, 0x00, 0x00, 0x01, 0xBF, 0xFC, 0x00, 0x0B, 0xFF, 0xFF, 0x40, 0x0F, 0xFF, 0xFF, 0xD0, 0x0F,
    0xFF, 0xFF, 0xF4, 0x0F, 0xFF, 0x40, 0x00, 0x07, 0xFE, 0x00, 0x00, 0x03, 0xFF, 0x00, 0x00, 0x00,
    0xFF, 0x40, 0x00, 0x00, 0x7F, 0xC1, 0xFF, 0x80, 0x2F, 0xF3, 0xFF, 0xFE, 0x0F, 0xFF, 0xFF, 0xFF,
    0xE3, 0xFF, 0xFF, 0xFF, 0xFC, 0xFF, 0xF8, 0x07, 0xFF, 0xBF, 0xF8, 0x00, 0xBF, 0xFF, 0xFD, 0x00,
    0x1F, 0xFF, 0xFF, 0x00, 0x03, 0xFF, 0xFF, 0xC0, 0x00, 0xFF, 0xEF, 0xF8, 0x00, 0x7F, 0xF3, 0xFF,
    0x00, 0x2F, 0xF8, 0xFF, 0xF0, 0x2F, 0xFD, 0x0F, 0xFF, 0xFF, 0xFF, 0x01, 0xFF, 0xFF, 0xFF, 0x00,
    0x1F, 0xFF, 0xFF, 0x00, 0x00, 0x6F, 0xF9, 0x00, 0xFF, 0xFF, 0xFF, 0xFF, 0xFF, 0xFF, 0xFF, 0xFF,
    0xFF, 0xFF, 0xFF, 0xFF, 0xFF, 0xFF, 0xFF, 0xFF, 0xFF, 0x00, 0x00, 0x02, 0xFF, 0x40, 0x00, 0x00,
    0xFF, 0xC0, 0x00, 0x00, 0x7F, 0xD0, 0x00, 0x00, 0x3F, 0xF0, 0x00, 0x00, 0x1F, 0xF8, 0x00, 0x00,
    0x0F, 0xFC, 0x00, 0x00, 0x03, 0xFF, 0x00, 0x00, 0x02, 0xFF, 0x40, 0x00, 0x00, 0xFF, 0xC0, 0x00,
    0x00, 0xBF, 0xE0, 0x00, 0x00, 0x3F, 0xF0, 0x00, 0x00, 0x1F, 0xF8, 0x00, 0x00, 0x0F, 0xFC, 0x00,
    0x00, 0x07, 0xFF, 0x00, 0x00, 0x03, 0xFF, 0x40, 0x00, 0x00, 0xFF, 0xC0, 0x00, 0x00, 0xBF, 0xE0,
    0x00, 0x00, 0x3F, 0xF0, 0x00, 0x00, 0x2F, 0xF8, 0x00, 0x00, 0x0F, 0xFC, 0x00, 0x00, 0x00, 0x2F,
    0xFE, 0x40, 0x00, 0xBF, 0xFF, 0xFC, 0x00, 0xFF, 0xFF, 0xFF, 0xC0, 0xBF, 0xFF, 0xFF, 0xF8, 0x3F,
    0xFC, 0x0B, 0xFF, 0x0F, 0xFC, 0x00, 0xFF, 0xC3, 0xFF, 0x00, 0x3F, 0xF0, 0xBF, 0xD0, 0x1F, 0xFC,
    0x0F, 0xFD, 0x0F, 0xFD, 0x01, 0xFF, 0xFF, 0xFD, 0x00, 0x1F, 0xFF, 0xFD, 0x00, 0x01, 0xFF, 0xFC,
    0x00, 0x02, 0xFF, 0xFF, 0xE0, 0x03, 0xFF, 0xEF, 0xFF, 0x03, 0xFF, 0x80, 0xFF, 0xF2, 0xFF, 0x80,
    0x0F, 0xFE, 0xFF, 0xC0, 0x01, 0xFF, 0xFF, 0xF0, 0x00, 0x3F, 0xFF, 0xFD, 0x00, 0x1F, 0xFE, 0xFF,
    0xD0, 0x1F, 0xFE, 0x7F, 0xFF, 0xFF, 0xFF, 0x0B, 0xFF, 0xFF, 0xFF, 0x40, 0xBF, 0xFF, 0xFF, 0x40,
    0x01, 0xBF, 0xF9, 0x00, 0x00, 0x6F, 0xF9, 0x00, 0x00, 0xFF, 0xFF, 0xF4, 0x00, 0xFF, 0xFF, 0xFF,
    0x40, 0xFF, 0xFF, 0xFF, 0xF0, 0x7F, 0xF4, 0x0B, 0xFF, 0x2F, 0xF8, 0x00, 0xFF, 0xCF, 0xFC, 0x00,
    0x1F, 0xFB, 0xFF, 0x00, 0x03, 0xFF, 0xFF, 0xC0, 0x00, 0xFF, 0xFF, 0xF8, 0x00, 0xBF, 0xFB, 0xFF,
    0x40, 0xBF, 0xFD, 0xFF, 0xFF, 0xFF, 0xFF, 0x2F, 0xFF, 0xFF, 0xFF, 0xC2, 0xFF, 0xFF, 0x3F, 0xF0,
    0x1B, 0xFE, 0x0F, 0xF8, 0x00, 0x00, 0x03, 0xFD, 0x00, 0x00, 0x02, 0xFF, 0x00, 0x00, 0x00, 0xFF,
    0xC0, 0x00, 0x00, 0xFF, 0xD0, 0x00, 0x02, 0xFF, 0xF0, 0x1F, 0xFF, 0xFF, 0xF0, 0x07, 0xFF, 0xFF,
    0xF0, 0x01, 0xFF, 0xFF, 0xE0, 0x00, 0x3F, 0xFE, 0x40, 0x00, 0x2F, 0x8B, 0xFE, 0xFF, 0xFF, 0xFF,
    0xBF, 0xE2, 0xF8, 0x00, 0x00, 0x00, 0x00, 0x00, 0x00, 0x00, 0x00, 0x00, 0x00, 0x02, 0xF8, 0xBF,
    0xEF, 0xFF, 0xFF, 0xFB, 0xFE, 0x2F, 0x80, 0x0F, 0xC0, 0xFF, 0xC3, 0xFF, 0x0F, 0xFC, 0x2F, 0xF0,
    0x3F, 0x00, 0x00, 0x00, 0x00, 0x00, 0x00, 0x00, 0x00, 0x00, 0x00, 0x00, 0x00, 0x00, 0x00, 0x00,
    0x00, 0x00, 0x00, 0x1F, 0xF0, 0xBF, 0x82, 0xFD, 0x0F, 0xF0, 0x3F, 0x81, 0xFD, 0x0B, 0xF0, 0x3F,
    0x80, 0x00, 0x00, 0x00, 0x00, 0x00, 0x00, 0x00, 0x0B, 0x00, 0x00, 0x00, 0xBF, 0x00, 0x00, 0x0B,
    0xFF, 0x00, 0x00, 0x7F, 0xFF, 0x00, 0x07, 0xFF, 0xF4, 0x00, 0x7F, 0xFF, 0x40, 0x07, 0xFF, 0xF4,
    0x00, 0x7F, 0xFE, 0x00, 0x00, 0xFF, 0xE0, 0x00, 0x00, 0xFF, 0xF4, 0x00, 0x00, 0xBF, 0xFF, 0x80,
    0x00, 0x07, 0xFF, 0xF9, 0x00, 0x00, 0x7F, 0xFF, 0xD0, 0x00, 0x06, 0xFF, 0xFE, 0x00, 0x00, 0x2F,
    0xFF, 0x00, 0x00, 0x02, 0xFF, 0x00, 0x00, 0x00, 0x1F, 0x00, 0x00, 0x00, 0x01, 0xFF, 0xFF, 0xFF,
    0xFF, 0xFF, 0xFF, 0xFF, 0xFF, 0xFF, 0xFF, 0xFF, 0xFF, 0xFF, 0xFF, 0xFF, 0xFF, 0x00, 0x00, 0x00,
    0x00, 0x00, 0x00, 0x00, 0x00, 0xFF, 0xFF, 0xFF, 0xFF, 0xFF, 0xFF, 0xFF, 0xFF, 0xFF, 0xFF, 0xFF,
    0xFF, 0xFF, 0xFF, 0xFF, 0xFF, 0x00, 0x00, 0x00, 0x00, 0xE0, 0x00, 0x00, 0x00, 0xFE, 0x00, 0x00,
    0x00, 0xFF, 0xE0, 0x00, 0x00, 0xFF, 0xFD, 0x00, 0x00, 0x1F, 0xFF, 0xD0, 0x00, 0x01, 0xFF, 0xFD,
    0x00, 0x00, 0x1F, 0xFF, 0xD0, 0x00, 0x00, 0xBF, 0xFD, 0x00, 0x00, 0x0B, 0xFF, 0x00, 0x00, 0x1F,
    0xFF, 0x00, 0x02, 0xFF, 0xFE, 0x00, 0x6F, 0xFF, 0xD0, 0x07, 0xFF, 0xFD, 0x00, 0xBF, 0xFF, 0x90,
    0x00, 0xFF, 0xF8, 0x00, 0x00, 0xFF, 0x80, 0x00, 0x00, 0xF4, 0x00, 0x00, 0x00, 0x40, 0x00, 0x00,
    0x00, 0x01, 0xBF, 0xF9, 0x00, 0x2F, 0xFF, 0xFF, 0xD0, 0xBF, 0xFF, 0xFF, 0xF0, 0x3F, 0xFF, 0xFF,
    0xF8, 0x2E, 0x40, 0x2F, 0xFC, 0x00, 0x00, 0x0F, 0xFC, 0x00, 0x00, 0x0F, 0xFC, 0x00, 0x00, 0x1F,
    0xFC, 0x00, 0x00, 0x7F, 0xF4, 0x00, 0x01, 0xFF, 0xE0, 0x00, 0x0B, 0xFF, 0x80, 0x00, 0x1F, 0xFD,
    0x00, 0x00, 0x2F, 0xF4, 0x00, 0x00, 0x3F, 0xD0, 0x00, 0x00, 0x3F, 0xC0, 0x00, 0x00, 0x2A, 0x80,
    0x00, 0x00, 0x00, 0x00, 0x00, 0x00, 0x00, 0x00, 0x00, 0x00, 0x3F, 0x00, 0x00, 0x00, 0xFF, 0xC0,
    0x00, 0x00, 0xFF, 0xC0, 0x00, 0x00, 0xFF, 0xC0, 0x00, 0x00, 0xBF, 0xC0, 0x00, 0x00, 0x3F, 0x00,
    0x00, 0x00, 0x00, 0x1B, 0xFF, 0xE8, 0x00, 0x00, 0x00, 0x0B, 0xFF, 0xFF, 0xFF, 0x40, 0x00, 0x01,
    0xFF, 0xFF, 0xFF, 0xFF, 0xC0, 0x00, 0x2F, 0xFE, 0x40, 0x07, 0xFF, 0xC0, 0x02, 0xFF, 0x80, 0x00,
    0x01, 0xFF, 0xC0, 0x1F, 0xF4, 0x1B, 0xFF, 0x90, 0xFF, 0x80, 0xFF, 0x43, 0xFF, 0xFF, 0xF0, 0xFF,
    0x0B, 0xF8, 0x3F, 0xFF, 0xFF, 0xC2, 0xFD, 0x3F, 0xC3, 0xFF, 0x40, 0xFF, 0x07, 0xF9, 0xFE, 0x1F,
    0xF0, 0x03, 0xFC, 0x0F, 0xFB, 0xF4, 0xBF, 0x40, 0x0F, 0xF0, 0x3F, 0xFF, 0xC3, 0xFC, 0x00, 0x3F,
    0xC0, 0xFF, 0xFF, 0x0F, 0xF0, 0x00, 0xFF, 0x03, 0xFF, 0xFC, 0x3F, 0xC0, 0x03, 0xFC, 0x1F, 0xEF,
    0xF0, 0xFF, 0x40, 0x2F, 0xF0, 0xBF, 0x7F, 0xC1, 0xFF, 0x41, 0xFF, 0xD3, 0xFC, 0xFF, 0x43, 0xFF,
    0xFF, 0xFF, 0xFF, 0xD2, 0xFE, 0x03, 0xFF, 0xFC, 0x7F, 0xFE, 0x07, 0xFC, 0x02, 0xFF, 0x80, 0x3F,
    0xD0, 0x0F, 0xF4, 0x00, 0x00, 0x00, 0x00, 0x00, 0x1F, 0xF4, 0x00, 0x00, 0x00, 0x00, 0x00, 0x2F,
    0xF8, 0x00, 0x00, 0x02, 0x00, 0x00, 0x3F, 0xFE, 0x40, 0x06, 0xFC, 0x00, 0x00, 0x2F, 0xFF, 0xFF,
    0xFF, 0xF0, 0x00, 0x00, 0x0B, 0xFF, 0xFF, 0xFF, 0xC0, 0x00, 0x00, 0x01, 0xBF, 0xFF, 0x90, 0x00,
    0x00, 0x00, 0x00, 0xFF, 0xFC, 0x00, 0x00, 0x00, 0x00, 0xFF, 0xFC, 0x00, 0x00, 0x00, 0x02, 0xFF,
    0xFE, 0x00, 0x00, 0x00, 0x03, 0xFF, 0xFF, 0x00, 0x00, 0x00, 0x03, 0xFE, 0xFF, 0x00, 0x00, 0x00,
    0x0B, 0xFC, 0xFF, 0x80, 0x00, 0x00, 0x0F, 0xFC, 0xFF, 0xC0, 0x00, 0x00, 0x1F, 0xF8, 0x7F, 0xD0,
    0x00, 0x00, 0x2F, 0xF4, 0x3F, 0xE0, 0x00, 0x00, 0x3F, 0xF0, 0x3F, 0xF0, 0x00, 0x00, 0x7F, 0xE0,
    0x2F, 0xF4, 0x00, 0x00, 0xBF, 0xD0, 0x1F, 0xF8, 0x00, 0x00, 0xFF, 0xC0, 0x0F, 0xFC, 0x00, 0x01,
    0xFF, 0x80, 0x0B, 0xFD, 0x00, 0x02, 0xFF, 0xFF, 0xFF, 0xFE, 0x00, 0x03, 0xFF, 0xFF, 0xFF, 0xFF,
    0x00, 0x07, 0xFF, 0xFF, 0xFF, 0xFF, 0x40, 0x0B, 0xFF, 0xFF, 0xFF, 0xFF, 0xC0, 0x0F, 0xFC, 0x00,
    0x00, 0xFF, 0xC0, 0x1F, 0xFC, 0x00, 0x00, 0xFF, 0xD0, 0x3F, 0xF8, 0x00, 0x00, 0xBF, 0xF0, 0x3F,
    0xF4, 0x00, 0x00, 0x3F, 0xF0, 0x7F, 0xF0, 0x00, 0x00, 0x3F, 0xF8, 0xFF, 0xE0, 0x00, 0x00, 0x2F,
    0xFC, 0xFF, 0xFF, 0xFE, 0x80, 0x0F, 0xFF, 0xFF, 0xFF, 0xC0, 0xFF, 0xFF, 0xFF, 0xFF, 0x0F, 0xFF,
    0xFF, 0xFF, 0xF8, 0xFF, 0xC0, 0x07, 0xFF, 0xCF, 0xFC, 0x00, 0x1F, 0xFC, 0xFF, 0xC0, 0x00, 0xFF,
    0xCF, 0xFC, 0x00, 0x1F, 0xFC, 0xFF, 0xC0, 0x07, 0xFF, 0x4F, 0xFF, 0xFF, 0xFF, 0xE0, 0xFF, 0xFF,
    0xFF, 0xF4, 0x0F, 0xFF, 0xFF, 0xFF, 0x90, 0xFF, 0xFF, 0xFF, 0xFF, 0x4F, 0xFC, 0x00, 0x6F, 0xFD,
    0xFF, 0xC0, 0x00, 0xBF, 0xEF, 0xFC, 0x00, 0x07, 0xFF, 0xFF, 0xC0, 0x00, 0x3F, 0xFF, 0xFC, 0x00,
    0x07, 0xFF, 0xFF, 0xC0, 0x00, 0xBF, 0xFF, 0xFC, 0x00, 0x2F, 0xFE, 0xFF, 0xFF, 0xFF, 0xFF, 0xCF,
    0xFF, 0xFF, 0xFF, 0xF0, 0xFF, 0xFF, 0xFF, 0xFC, 0x0F, 0xFF, 0xFF, 0xF9, 0x00, 0x00, 0x01, 0xBF,
    0xFA, 0x40, 0x00, 0xBF, 0xFF, 0xFF, 0xC0, 0x0F, 0xFF, 0xFF, 0xFF, 0x00, 0xFF, 0xFF, 0xFF, 0xF8,
    0x0F, 0xFF, 0x80, 0x07, 0xC0, 0xBF, 0xF4, 0x00, 0x00, 0x03, 0xFF, 0x80, 0x00, 0x00, 0x1F, 0xFC,
    0x00, 0x00, 0x00, 0xBF, 0xE0, 0x00, 0x00, 0x03, 0xFF, 0x40, 0x00, 0x00, 0x0F, 0xFC, 0x00, 0x00,
    0x00, 0x3F, 0xF0, 0x00, 0x00, 0x00, 0xFF, 0xC0, 0x00, 0x00, 0x03, 0xFF, 0x00, 0x00, 0x00, 0x0F,
    0xFD, 0x00, 0x00, 0x00, 0x2F, 0xF8, 0x00, 0x00, 0x00, 0x7F, 0xF0, 0x00, 0x00, 0x00, 0xFF, 0xD0,
    0x00, 0x00, 0x02, 0xFF, 0xD0, 0x00, 0x00, 0x03, 0xFF, 0xE0, 0x01, 0xB8, 0x07, 0xFF, 0xFF, 0xFF,
    0xE0, 0x0B, 0xFF, 0xFF, 0xFF, 0x80, 0x07, 0xFF, 0xFF, 0xFD, 0x00, 0x01, 0xBF, 0xFE, 0x80, 0xFF,
    0xFF, 0xFE, 0x40, 0x00, 0xFF, 0xFF, 0xFF, 0xF8, 0x00, 0xFF, 0xFF, 0xFF, 0xFF, 0x40, 0xFF, 0xFF,
    0xFF, 0xFF, 0xD0, 0xFF, 0xC0, 0x06, 0xFF, 0xF0, 0xFF, 0xC0, 0x00, 0x7F, 0xF8, 0xFF, 0xC0, 0x00,
    0x1F, 0xFC, 0xFF, 0xC0, 0x00, 0x0F, 0xFD, 0xFF, 0xC0, 0x00, 0x0B, 0xFE, 0xFF, 0xC0, 0x00, 0x07,
    0xFF, 0xFF, 0xC0, 0x00, 0x03, 0xFF, 0xFF, 0xC0, 0x00, 0x03, 0xFF, 0xFF, 0xC0, 0x00, 0x03, 0xFF,
    0xFF, 0xC0, 0x00, 0x03, 0xFF, 0xFF, 0xC0, 0x00, 0x07, 0xFF, 0xFF, 0xC0, 0x00, 0x0B, 0xFE, 0xFF,
    0xC0, 0x00, 0x0F, 0xFD, 0xFF, 0xC0, 0x00, 0x2F, 0xFC, 0xFF, 0xC0, 0x00, 0x7F, 0xF4, 0xFF, 0xC0,
    0x07, 0xFF, 0xF0, 0xFF, 0xFF, 0xFF, 0xFF, 0xC0, 0xFF, 0xFF, 0xFF, 0xFF, 0x00, 0xFF, 0xFF, 0xFF,
    0xF4, 0x00, 0xFF, 0xFF, 0xFA, 0x40, 0x00, 0xFF, 0xFF, 0xFF, 0xEF, 0xFF, 0xFF, 0xFE, 0xFF, 0xFF,
    0xFF, 0xEF, 0xFF, 0xFF, 0xFD, 0xFF, 0xC0, 0x00, 0x0F, 0xFC, 0x00, 0x00, 0xFF, 0xC0, 0x00, 0x0F,
    0xFC, 0x00, 0x00, 0xFF, 0xC0, 0x00, 0x0F, 0xFF, 0xFF, 0xFC, 0xFF, 0xFF, 0xFF, 0xCF, 0xFF, 0xFF,
    0xFC, 0xFF, 0xFF, 0xFF, 0xCF, 0xFC, 0x00, 0x00, 0xFF, 0xC0, 0x00, 0x0F, 0xFC, 0x00, 0x00, 0xFF,
    0xC0, 0x00, 0x0F, 0xFC, 0x00, 0x00, 0xFF, 0xC0, 0x00, 0x0F, 0xFC, 0x00, 0x00, 0xFF, 0xFF, 0xFF,
    0xDF, 0xFF, 0xFF, 0xFE, 0xFF, 0xFF, 0xFF, 0xEF, 0xFF, 0xFF, 0xFE, 0xFF, 0xFF, 0xFF, 0xEF, 0xFF,
    0xFF, 0xFE, 0xFF, 0xFF, 0xFF, 0xEF, 0xFF, 0xFF, 0xFD, 0xFF, 0xC0, 0x00, 0x0F, 0xFC, 0x00, 0x00,
    0xFF, 0xC0, 0x00, 0x0F, 0xFC, 0x00, 0x00, 0xFF, 0xC0, 0x00, 0x0F, 0xFC, 0x00, 0x00, 0xFF, 0xFF,
    0xFF, 0xCF, 0xFF, 0xFF, 0xFC, 0xFF, 0xFF, 0xFF, 0xCF, 0xFF, 0xFF, 0xFC, 0xFF, 0xC0, 0x00, 0x0F,
    0xFC, 0x00, 0x00, 0xFF, 0xC0, 0x00, 0x0F, 0xFC, 0x00, 0x00, 0xFF, 0xC0, 0x00, 0x0F, 0xFC, 0x00,
    0x00, 0xFF, 0xC0, 0x00, 0x0F, 0xFC, 0x00, 0x00, 0xFF, 0xC0, 0x00, 0x0F, 0xFC, 0x00, 0x00, 0x00,
    0x00, 0xAF, 0xFF, 0x90, 0x00, 0x1F, 0xFF, 0xFF, 0xFE, 0x00, 0xBF, 0xFF, 0xFF, 0xFD, 0x03, 0xFF,
    0xFF, 0xFF, 0xFC, 0x0F, 0xFF, 0xE0, 0x00, 0xB8, 0x1F, 0xFF, 0x00, 0x00, 0x00, 0x3F, 0xFC, 0x00,
    0x00, 0x00, 0x7F, 0xF0, 0x00, 0x00, 0x00, 0xBF, 0xE0, 0x00, 0x00, 0x00, 0xFF, 0xD0, 0x00, 0x00,
    0x00, 0xFF, 0xC0, 0x0B, 0xFF, 0xFF, 0xFF, 0xC0, 0x0F, 0xFF, 0xFF, 0xFF, 0xC0, 0x0F, 0xFF, 0xFF,
    0xFF, 0xC0, 0x0F, 0xFF, 0xFF, 0xFF, 0xD0, 0x00, 0x03, 0xFF, 0xBF, 0xE0, 0x00, 0x03, 0xFF, 0x7F,
    0xF0, 0x00, 0x03, 0xFF, 0x3F, 0xF4, 0x00, 0x03, 0xFF, 0x2F, 0xFD, 0x00, 0x03, 0xFF, 0x0F, 0xFF,
    0x80, 0x07, 0xFF, 0x07, 0xFF, 0xFF, 0xFF, 0xFF, 0x01, 0xFF, 0xFF, 0xFF, 0xFF, 0x00, 0x3F, 0xFF,
    0xFF, 0xFF, 0x00, 0x02, 0xFF, 0xFE, 0x90, 0xFF, 0xC0, 0x00, 0x0F, 0xFC, 0xFF, 0xC0, 0x00, 0x0F,
    0xFC, 0xFF, 0xC0, 0x00, 0x0F, 0xFC, 0xFF, 0xC0, 0x00, 0x0F, 0xFC, 0xFF, 0xC0, 0x00, 0x0F, 0xFC,
    0xFF, 0xC0, 0x00, 0x0F, 0xFC, 0xFF, 0xC0, 0x00, 0x0F, 0xFC, 0xFF, 0xC0, 0x00, 0x0F, 0xFC, 0xFF,
    0xC0, 0x00, 0x0F, 0xFC, 0xFF, 0xFF, 0xFF, 0xFF, 0xFC, 0xFF, 0xFF, 0xFF, 0xFF, 0xFC, 0xFF, 0xFF,
    0xFF, 0xFF, 0xFC, 0xFF, 0xFF, 0xFF, 0xFF, 0xFC, 0xFF, 0xC0, 0x00, 0x0F, 0xFC, 0xFF, 0xC0, 0x00,
    0x0F, 0xFC, 0xFF, 0xC0, 0x00, 0x0F, 0xFC, 0xFF, 0xC0, 0x00, 0x0F, 0xFC, 0xFF, 0xC0, 0x00, 0x0F,
    0xFC, 0xFF, 0xC0, 0x00, 0x0F, 0xFC, 0xFF, 0xC0, 0x00, 0x0F, 0xFC, 0xFF, 0xC0, 0x00, 0x0F, 0xFC,
    0xFF, 0xC0, 0x00, 0x0F, 0xFC, 0xFF, 0xC0, 0x00, 0x0F, 0xFC, 0xFF, 0xC0, 0x00, 0x0F, 0xFC, 0xFF,
    0xFF, 0xFF, 0xFF, 0xFF, 0xFF, 0xFF, 0xFF, 0xCB, 0xFF, 0xF8, 0x03, 0xFF, 0x00, 0x0F, 0xFC, 0x00,
    0x3F, 0xF0, 0x00, 0xFF, 0xC0, 0x03, 0xFF, 0x00, 0x0F, 0xFC, 0x00, 0x3F, 0xF0, 0x00, 0xFF, 0xC0,
    0x03, 0xFF, 0x00, 0x0F, 0xFC, 0x00, 0x3F, 0xF0, 0x00, 0xFF, 0xC0, 0x03, 0xFF, 0x00, 0x0F, 0xFC,
    0x00, 0x3F, 0xF0, 0x00, 0xFF, 0xC0, 0x2F, 0xFF, 0xE3, 0xFF, 0xFF, 0xFF, 0xFF, 0xFF, 0xFF, 0xFF,
    0xFF, 0x00, 0x0F, 0xFC, 0x00, 0x0F, 0xFC, 0x00, 0x0F, 0xFC, 0x00, 0x0F, 0xFC, 0x00, 0x0F, 0xFC,
    0x00, 0x0F, 0xFC, 0x00, 0x0F, 0xFC, 0x00, 0x0F, 0xFC, 0x00, 0x0F, 0xFC, 0x00, 0x0F, 0xFC, 0x00,
    0x0F, 0xFC, 0x00, 0x0F, 0xFC, 0x00, 0x0F, 0xFC, 0x00, 0x0F, 0xFC, 0x00, 0x0F, 0xFC, 0x00, 0x0F,
    0xFC, 0x00, 0x0F, 0xFC, 0x00, 0x0F, 0xFC, 0x00, 0x0F, 0xFC, 0x00, 0x0F, 0xFC, 0x00, 0x0F, 0xFC,
    0x00, 0x0F, 0xFC, 0x00, 0x0F, 0xFC, 0x00, 0x0F, 0xFC, 0x00, 0x0F, 0xFC, 0x00, 0x1F, 0xFC, 0x00,
    0x7F, 0xF8, 0xBF, 0xFF, 0xF0, 0xBF, 0xFF, 0xD0, 0xBF, 0xFF, 0x40, 0x7F, 0xE4, 0x00, 0xFF, 0xC0,
    0x00, 0x3F, 0xFC, 0xFF, 0xC0, 0x00, 0xBF, 0xF0, 0xFF, 0xC0, 0x01, 0xFF, 0xC0, 0xFF, 0xC0, 0x03,
    0xFF, 0x40, 0xFF, 0xC0, 0x0F, 0xFE, 0x00, 0xFF, 0xC0, 0x3F, 0xFC, 0x00, 0xFF, 0xC0, 0xBF, 0xF0,
    0x00, 0xFF, 0xC1, 0xFF, 0xD0, 0x00, 0xFF, 0xC3, 0xFF, 0x80, 0x00, 0xFF, 0xCF, 0xFE, 0x00, 0x00,
    0xFF, 0xEF, 0xFC, 0x00, 0x00, 0xFF, 0xFF, 0xFD, 0x00, 0x00, 0xFF, 0xFF, 0xFF, 0x00, 0x00, 0xFF,
    0xFF, 0xFF, 0x80, 0x00, 0xFF, 0xF5, 0xFF, 0xD0, 0x00, 0xFF, 0xC0, 0xBF, 0xF0, 0x00, 0xFF, 0xC0,
    0x3F, 0xF8, 0x00, 0xFF, 0xC0, 0x2F, 0xFC, 0x00, 0xFF, 0xC0, 0x0F, 0xFF, 0x00, 0xFF, 0xC0, 0x07,
    0xFF, 0x40, 0xFF, 0xC0, 0x02, 0xFF, 0xC0, 0xFF, 0xC0, 0x00, 0xFF, 0xE0, 0xFF, 0xC0, 0x00, 0x7F,
    0xF4, 0xFF, 0xC0, 0x00, 0x3F, 0xFC, 0xFF, 0xC0, 0x00, 0x03, 0xFF, 0x00, 0x00, 0x0F, 0xFC, 0x00,
    0x00, 0x3F, 0xF0, 0x00, 0x00, 0xFF, 0xC0, 0x00, 0x03, 0xFF, 0x00, 0x00, 0x0F, 0xFC, 0x00, 0x00,
    0x3F, 0xF0, 0x00, 0x00, 0xFF, 0xC0, 0x00, 0x03, 0xFF, 0x00, 0x00, 0x0F, 0xFC, 0x00, 0x00, 0x3F,
    0xF0, 0x00, 0x00, 0xFF, 0xC0, 0x00, 0x03, 0xFF, 0x00, 0x00, 0x0F, 0xFC, 0x00, 0x00, 0x3F, 0xF0,
    0x00, 0x00, 0xFF, 0xC0, 0x00, 0x03, 0xFF, 0x00, 0x00, 0x0F, 0xFC, 0x00, 0x00, 0x3F, 0xF0, 0x00,
    0x00, 0xFF, 0xFF, 0xFF, 0xF7, 0xFF, 0xFF, 0xFF, 0xEF, 0xFF, 0xFF, 0xFF, 0xBF, 0xFF, 0xFF, 0xFE,
    0xFF, 0xF8, 0x00, 0x00, 0x0B, 0xFF, 0xF3, 0xFF, 0xF0, 0x00, 0x00, 0x3F, 0xFF, 0xCF, 0xFF, 0xD0,
    0x00, 0x00, 0xFF, 0xFF, 0x3F, 0xFF, 0x80, 0x00, 0x0B, 0xFF, 0xFC, 0xFF, 0xFF, 0x00, 0x00, 0x3F,
    0xFF, 0xF3, 0xFF, 0xFD, 0x00, 0x00, 0xFF, 0xFF, 0xCF, 0xFB, 0xF8, 0x00, 0x0B, 0xF7, 0xFF, 0x3F,
    0xDF, 0xF0, 0x00, 0x3F, 0xCF, 0xFC, 0xFF, 0x3F, 0xD0, 0x00, 0xFF, 0x3F, 0xF3, 0xFC, 0xBF, 0x80,
    0x0B, 0xF4, 0xFF, 0xCF, 0xF1, 0xFF, 0x00, 0x3F, 0xC3, 0xFF, 0x3F, 0xC3, 0xFC, 0x00, 0xFF, 0x0F,
    0xFC, 0xFF, 0x0B, 0xF8, 0x0B, 0xF4, 0x3F, 0xF3, 0xFC, 0x1F, 0xF0, 0x3F, 0xC0, 0xFF, 0xCF, 0xF0,
    0x3F, 0xC0, 0xFF, 0x03, 0xFF, 0x3F, 0xC0, 0xFF, 0x4B, 0xF4, 0x0F, 0xFC, 0xFF, 0x01, 0xFF, 0x3F,
    0xC0, 0x3F, 0xF3, 0xFC, 0x03, 0xFD, 0xFF, 0x00, 0xFF, 0xCF, 0xF0, 0x0F, 0xFF, 0xF4, 0x03, 0xFF,
    0x3F, 0xC0, 0x2F, 0xFF, 0xC0, 0x0F, 0xFC, 0xFF, 0x00, 0x3F, 0xFF, 0x00, 0x3F, 0xF3, 0xFC, 0x00,
    0xFF, 0xF4, 0x00, 0xFF, 0xCF, 0xF0, 0x02, 0xFF, 0xC0, 0x03, 0xFF, 0x3F, 0xC0, 0x07, 0xFF, 0x00,
    0x0F, 0xFC, 0xFF, 0xF4, 0x00, 0x00, 0x3F, 0xFF, 0xFF, 0x00, 0x00, 0x0F, 0xFF, 0xFF, 0xE0, 0x00,
    0x03, 0xFF, 0xFF, 0xFD, 0x00, 0x00, 0xFF, 0xFF, 0xFF, 0xC0, 0x00, 0x3F, 0xFF, 0xFF, 0xF4, 0x00,
    0x0F, 0xFF, 0xFB, 0xFF, 0x00, 0x03, 0xFF, 0xFC, 0xFF, 0xE0, 0x00, 0xFF, 0xFF, 0x1F, 0xFD, 0x00,
    0x3F, 0xFF, 0xC3, 0xFF, 0xC0, 0x0F, 0xFF, 0xF0, 0x3F, 0xF4, 0x03, 0xFF, 0xFC, 0x0B, 0xFF, 0x00,
    0xFF, 0xFF, 0x00, 0xFF, 0xE0, 0x3F, 0xFF, 0xC0, 0x1F, 0xFD, 0x0F, 0xFF, 0xF0, 0x03, 0xFF, 0xC3,
    0xFF, 0xFC, 0x00, 0x3F, 0xF8, 0xFF, 0xFF, 0x00, 0x0B, 0xFF, 0x3F, 0xFF, 0xC0, 0x00, 0xFF, 0xEF,
    0xFF, 0xF0, 0x00, 0x1F, 0xFF, 0xFF, 0xFC, 0x00, 0x03, 0xFF, 0xFF, 0xFF, 0x00, 0x00, 0x3F, 0xFF,
    0xFF, 0xC0, 0x00, 0x0B, 0xFF, 0xFF, 0xF0, 0x00, 0x00, 0xFF, 0xFF, 0xFC, 0x00, 0x00, 0x1F, 0xFF,
    0x00, 0x06, 0xFF, 0xF9, 0x00, 0x00, 0x01, 0xFF, 0xFF, 0xFF, 0x40, 0x00, 0x2F, 0xFF, 0xFF, 0xFF,
    0x80, 0x01, 0xFF, 0xFF, 0xFF, 0xFF, 0x80, 0x0F, 0xFF, 0x40, 0x1F, 0xFF, 0x40, 0xBF, 0xF0, 0x00,
    0x0F, 0xFF, 0x03, 0xFF, 0x40, 0x00, 0x0F, 0xFD, 0x1F, 0xFC, 0x00, 0x00, 0x2F, 0xF8, 0xBF, 0xE0,
    0x00, 0x00, 0x7F, 0xF3, 0xFF, 0x40, 0x00, 0x00, 0xFF, 0xCF, 0xFC, 0x00, 0x00, 0x03, 0xFF, 0x3F,
    0xF0, 0x00, 0x00, 0x0F, 0xFC, 0xFF, 0xC0, 0x00, 0x00, 0x3F, 0xF3, 0xFF, 0x00, 0x00, 0x00, 0xFF,
    0xCF, 0xFD, 0x00, 0x00, 0x03, 0xFF, 0x2F, 0xF8, 0x00, 0x00, 0x1F, 0xFC, 0x7F, 0xF0, 0x00, 0x00,
    0xBF, 0xE0, 0xFF, 0xD0, 0x00, 0x03, 0xFF, 0x02, 0xFF, 0xC0, 0x00, 0x3F, 0xFC, 0x03, 0xFF, 0xD0,
    0x07, 0xFF, 0xD0, 0x07, 0xFF, 0xFF, 0xFF, 0xFE, 0x00, 0x0B, 0xFF, 0xFF, 0xFF, 0xE0, 0x00, 0x07,
    0xFF, 0xFF, 0xFD, 0x00, 0x00, 0x01, 0xBF, 0xFE, 0x40, 0x00, 0xFF, 0xFF, 0xF9, 0x00, 0x3F, 0xFF,
    0xFF, 0xF4, 0x0F, 0xFF, 0xFF, 0xFF, 0x83, 0xFF, 0xFF, 0xFF, 0xF4, 0xFF, 0xC0, 0x1F, 0xFE, 0x3F,
    0xF0, 0x01, 0xFF, 0xCF, 0xFC, 0x00, 0x3F, 0xF3, 0xFF, 0x00, 0x0F, 0xFC, 0xFF, 0xC0, 0x03, 0xFF,
    0x3F, 0xF0, 0x02, 0xFF, 0xCF, 0xFC, 0x02, 0xFF, 0xE3, 0xFF, 0xFF, 0xFF, 0xF0, 0xFF, 0xFF, 0xFF,
    0xF4, 0x3F, 0xFF, 0xFF, 0xF0, 0x0F, 0xFF, 0xFF, 0x90, 0x03, 0xFF, 0x00, 0x00, 0x00, 0xFF, 0xC0,
    0x00, 0x00, 0x3F, 0xF0, 0x00, 0x00, 0x0F, 0xFC, 0x00, 0x00, 0x03, 0xFF, 0x00, 0x00, 0x00, 0xFF,
    0xC0, 0x00, 0x00, 0x3F, 0xF0, 0x00, 0x00, 0x0F, 0xFC, 0x00, 0x00, 0x03, 0xFF, 0x00, 0x00, 0x00,
    0x00, 0x06, 0xFF, 0xF9, 0x00, 0x00, 0x01, 0xFF, 0xFF, 0xFF, 0x40, 0x00, 0x2F, 0xFF, 0xFF, 0xFF,
    0x80, 0x01, 0xFF, 0xFF, 0xFF, 0xFF, 0x80, 0x0F, 0xFF, 0x40, 0x1F, 0xFF, 0x40, 0xBF, 0xF0, 0x00,
    0x0F, 0xFF, 0x03, 0xFF, 0x40, 0x00, 0x0F, 0xFD, 0x1F, 0xFC, 0x00, 0x00, 0x2F, 0xF8, 0xBF, 0xE0,
    0x00, 0x00, 0x7F, 0xF3, 0xFF, 0x40, 0x00, 0x00, 0xFF, 0xCF, 0xFC, 0x00, 0x00, 0x03, 0xFF, 0x3F,
    0xF0, 0x00, 0x00, 0x0F, 0xFC, 0xFF, 0xC0, 0x00, 0x00, 0x3F, 0xF3, 0xFF, 0x00, 0x00, 0x00, 0xFF,
    0xCF, 0xFD, 0x00, 0x00, 0x03, 0xFF, 0x2F, 0xF8, 0x00, 0x00, 0x1F, 0xFC, 0x7F, 0xF0, 0x00, 0x00,
    0xBF, 0xE0, 0xFF, 0xD0, 0x00, 0x03, 0xFF, 0x42, 0xFF, 0xC0, 0x00, 0x3F, 0xFC, 0x03, 0xFF, 0xD0,
    0x07, 0xFF, 0xD0, 0x07, 0xFF, 0xFF, 0xFF, 0xFE, 0x00, 0x0B, 0xFF, 0xFF, 0xFF, 0xF0, 0x00, 0x07,
    0xFF, 0xFF, 0xFE, 0x00, 0x00, 0x01, 0xBF, 0xFF, 0xF0, 0x00, 0x00, 0x00, 0x00, 0xFF, 0xF0, 0x00,
    0x00, 0x00, 0x01, 0xFF, 0xE0, 0x00, 0x00, 0x00, 0x02, 0xFF, 0xE0, 0x00, 0x00, 0x00, 0x03, 0xFF,
    0xD0, 0x00, 0x00, 0x00, 0x03, 0xFF, 0xC0, 0x00, 0x00, 0x00, 0x02, 0xAA, 0x40, 0xFF, 0xFF, 0xFE,
    0x40, 0x00, 0xFF, 0xFF, 0xFF, 0xF4, 0x00, 0xFF, 0xFF, 0xFF, 0xFD, 0x00, 0xFF, 0xFF, 0xFF, 0xFF,
    0x00, 0xFF, 0xC0, 0x0B, 0xFF, 0x80, 0xFF, 0xC0, 0x02, 0xFF, 0xC0, 0xFF, 0xC0, 0x00, 0xFF, 0xC0,
    0xFF, 0xC0, 0x00, 0xFF, 0xC0, 0xFF, 0xC0, 0x01, 0xFF, 0xC0, 0xFF, 0xC0, 0x02, 0xFF, 0x80, 0xFF,
    0xC0, 0x1F, 0xFF, 0x00, 0xFF, 0xFF, 0xFF, 0xFD, 0x00, 0xFF, 0xFF, 0xFF, 0xF4, 0x00, 0xFF, 0xFF,
    0xFF, 0xC0, 0x00, 0xFF, 0xFF, 0xFF, 0xD0, 0x00, 0xFF, 0xC0, 0xBF, 0xF0, 0x00, 0xFF, 0xC0, 0x3F,
    0xF8, 0x00, 0xFF, 0xC0, 0x1F, 0xFD, 0x00, 0xFF, 0xC0, 0x0B, 0xFF, 0x00, 0xFF, 0xC0, 0x03, 0xFF,
    0x80, 0xFF, 0xC0, 0x01, 0xFF, 0xC0, 0xFF, 0xC0, 0x00, 0xFF, 0xF0, 0xFF, 0xC0, 0x00, 0x7F, 0xF4,
    0xFF, 0xC0, 0x00, 0x2F, 0xFC, 0x00, 0x1B, 0xFF, 0x90, 0x00, 0x7F, 0xFF, 0xFF, 0x80, 0xBF, 0xFF,
    0xFF, 0xE0, 0x7F, 0xFF, 0xFF, 0xF0, 0x2F, 0xFC, 0x01, 0xB8, 0x0F, 0xFD, 0x00, 0x00, 0x03, 0xFF,
    0x00, 0x00, 0x00, 0xFF, 0xE0, 0x00, 0x00, 0x3F, 0xFE, 0x00, 0x00, 0x07, 0xFF, 0xF4, 0x00, 0x00,
    0xFF, 0xFF, 0xD0, 0x00, 0x0F, 0xFF, 0xFF, 0x00, 0x00, 0xBF, 0xFF, 0xF4, 0x00, 0x02, 0xFF, 0xFF,
    0x00, 0x00, 0x0B, 0xFF, 0xE0, 0x00, 0x00, 0x7F, 0xFC, 0x00, 0x00, 0x07, 0xFF, 0x00, 0x00, 0x00,
    0xFF, 0xC5, 0x00, 0x00, 0x3F, 0xF2, 0xF9, 0x00, 0x7F, 0xF8, 0xBF, 0xFF, 0xFF, 0xFC, 0x2F, 0xFF,
    0xFF, 0xFD, 0x07, 0xFF, 0xFF, 0xFD, 0x00, 0x1B, 0xFF, 0xE4, 0x00, 0xFF, 0xFF, 0xFF, 0xFF, 0xFF,
    0xFF, 0xFF, 0xFF, 0xFF, 0xFF, 0xFF, 0xFF, 0xFF, 0xFF, 0xFF, 0xFF, 0xFF, 0xFF, 0x00, 0x0F, 0xFC,
    0x00, 0x00, 0x00, 0xFF, 0xC0, 0x00, 0x00, 0x0F, 0xFC, 0x00, 0x00, 0x00, 0xFF, 0xC0, 0x00, 0x00,
    0x0F, 0xFC, 0x00, 0x00, 0x00, 0xFF, 0xC0, 0x00, 0x00, 0x0F, 0xFC, 0x00, 0x00, 0x00, 0xFF, 0xC0,
    0x00, 0x00, 0x0F, 0xFC, 0x00, 0x00, 0x00, 0xFF, 0xC0, 0x00, 0x00, 0x0F, 0xFC, 0x00, 0x00, 0x00,
    0xFF, 0xC0, 0x00, 0x00, 0x0F, 0xFC, 0x00, 0x00, 0x00, 0xFF, 0xC0, 0x00, 0x00, 0x0F, 0xFC, 0x00,
    0x00, 0x00, 0xFF, 0xC0, 0x00, 0x00, 0x0F, 0xFC, 0x00, 0x00, 0x00, 0xFF, 0xC0, 0x00, 0x00, 0x0F,
    0xFC, 0x00, 0x00, 0x00, 0xFF, 0xC0, 0x00, 0xFF, 0xC0, 0x00, 0x03, 0xFF, 0xFF, 0xC0, 0x00, 0x03,
    0xFF, 0xFF, 0xC0, 0x00, 0x03, 0xFF, 0xFF, 0xC0, 0x00, 0x03, 0xFF, 0xFF, 0xC0, 0x00, 0x03, 0xFF,
    0xFF, 0xC0, 0x00, 0x03, 0xFF, 0xFF, 0xC0, 0x00, 0x03, 0xFF, 0xFF, 0xC0, 0x00, 0x03, 0xFF, 0xFF,
    0xC0, 0x00, 0x03, 0xFF, 0xFF, 0xC0, 0x00, 0x03, 0xFF, 0xFF, 0xC0, 0x00, 0x03, 0xFF, 0xFF, 0xC0,
    0x00, 0x03, 0xFF, 0xFF, 0xC0, 0x00, 0x03, 0xFF, 0xFF, 0xC0, 0x00, 0x03, 0xFF, 0xFF, 0xC0, 0x00,
    0x03, 0xFF, 0xFF, 0xC0, 0x00, 0x03, 0xFF, 0xFF, 0xD0, 0x00, 0x07, 0xFF, 0xFF, 0xE0, 0x00, 0x0B,
    0xFF, 0x7F, 0xF0, 0x00, 0x0F, 0xFD, 0x3F, 0xFD, 0x00, 0x7F, 0xFC, 0x1F, 0xFF, 0xFF, 0xFF, 0xF4,
    0x0B, 0xFF, 0xFF, 0xFF, 0xD0, 0x01, 0xFF, 0xFF, 0xFF, 0x40, 0x00, 0x1B, 0xFF, 0xE4, 0x00, 0xFF,
    0xD0, 0x00, 0x00, 0xBF, 0xD7, 0xFE, 0x00, 0x00, 0x0F, 0xFC, 0x3F, 0xF0, 0x00, 0x00, 0xFF, 0xC3,
    0xFF, 0x00, 0x00, 0x2F, 0xF4, 0x1F, 0xF8, 0x00, 0x03, 0xFF, 0x00, 0xFF, 0xC0, 0x00, 0x3F, 0xF0,
    0x0F, 0xFC, 0x00, 0x07, 0xFD, 0x00, 0x7F, 0xD0, 0x00, 0xFF, 0xC0, 0x03, 0xFF, 0x00, 0x0F, 0xFC,
    0x00, 0x3F, 0xF0, 0x01, 0xFF, 0x40, 0x01, 0xFF, 0x40, 0x2F, 0xF0, 0x00, 0x0F, 0xF8, 0x03, 0xFF,
    0x00, 0x00, 0xFF, 0xC0, 0x7F, 0xD0, 0x00, 0x07, 0xFD, 0x0B, 0xFC, 0x00, 0x00, 0x3F, 0xE0, 0xFF,
    0xC0, 0x00, 0x03, 0xFF, 0x1F, 0xF4, 0x00, 0x00, 0x1F, 0xF2, 0xFF, 0x00, 0x00, 0x00, 0xFF, 0x7F,
    0xF0, 0x00, 0x00, 0x0F, 0xFB, 0xFD, 0x00, 0x00, 0x00, 0x7F, 0xFF, 0xC0, 0x00, 0x00, 0x03, 0xFF,
    0xF8, 0x00, 0x00, 0x00, 0x3F, 0xFF, 0x40, 0x00, 0x00, 0x01, 0xFF, 0xF0, 0x00, 0x00, 0x00, 0x0F,
    0xFE, 0x00, 0x00, 0xFF, 0xC0, 0x00, 0x1F, 0xF8, 0x00, 0x03, 0xFF, 0x2F, 0xF4, 0x00, 0x0B, 0xFF,
    0x00, 0x00, 0xFF, 0xC7, 0xFE, 0x00, 0x03, 0xFF, 0xC0, 0x00, 0x7F, 0xE0, 0xFF, 0xC0, 0x00, 0xFF,
    0xF4, 0x00, 0x2F, 0xF4, 0x3F, 0xF0, 0x00, 0x7F, 0xFE, 0x00, 0x0F, 0xFC, 0x0B, 0xFC, 0x00, 0x2F,
    0xFF, 0xC0, 0x03, 0xFF, 0x01, 0xFF, 0x40, 0x0F, 0xFF, 0xF0, 0x00, 0xFF, 0x80, 0x3F, 0xE0, 0x03,
    0xFE, 0xFD, 0x00, 0x7F, 0xD0, 0x0F, 0xFC, 0x01, 0xFE, 0x7F, 0x80, 0x2F, 0xF0, 0x02, 0xFF, 0x00,
    0xBF, 0x4F, 0xF0, 0x0F, 0xFC, 0x00, 0x7F, 0xD0, 0x3F, 0xC3, 0xFC, 0x03, 0xFE, 0x00, 0x0F, 0xF8,
    0x0F, 0xF0, 0xFF, 0x41, 0xFF, 0x40, 0x03, 0xFF, 0x07, 0xF8, 0x2F, 0xE0, 0xBF, 0xC0, 0x00, 0xBF,
    0xC3, 0xFD, 0x07, 0xFC, 0x3F, 0xF0, 0x00, 0x1F, 0xF4, 0xFF, 0x00, 0xFF, 0x0F, 0xF8, 0x00, 0x03,
    0xFD, 0x3F, 0xC0, 0x2F, 0xD7, 0xFD, 0x00, 0x00, 0xFF, 0x9F, 0xE0, 0x07, 0xF9, 0xFF, 0x00, 0x00,
    0x2F, 0xFB, 0xF4, 0x00, 0xFF, 0xBF, 0xC0, 0x00, 0x07, 0xFF, 0xFC, 0x00, 0x3F, 0xFF, 0xE0, 0x00,
    0x00, 0xFF, 0xFF, 0x00, 0x0B, 0xFF, 0xF4, 0x00, 0x00, 0x3F, 0xFF, 0x80, 0x01, 0xFF, 0xFC, 0x00,
    0x00, 0x0B, 0xFF, 0xD0, 0x00, 0x3F, 0xFF, 0x00, 0x00, 0x01, 0xFF, 0xF0, 0x00, 0x0F, 0xFF, 0x80,
    0x00, 0x00, 0x3F, 0xFC, 0x00, 0x02, 0xFF, 0xD0, 0x00, 0x3F, 0xF8, 0x00, 0x01, 0xFF, 0xD0, 0x7F,
    0xF0, 0x00, 0x0F, 0xFE, 0x00, 0xFF, 0xE0, 0x00, 0xBF, 0xF0, 0x00, 0xFF, 0xD0, 0x03, 0xFF, 0x40,
    0x02, 0xFF, 0xC0, 0x2F, 0xFC, 0x00, 0x03, 0xFF, 0x81, 0xFF, 0xC0, 0x00, 0x07, 0xFF, 0x0F, 0xFE,
    0x00, 0x00, 0x0B, 0xFE, 0x7F, 0xF0, 0x00, 0x00, 0x0F, 0xFF, 0xFF, 0x40, 0x00, 0x00, 0x1F, 0xFF,
    0xF8, 0x00, 0x00, 0x00, 0x2F, 0xFF, 0xC0, 0x00, 0x00, 0x00, 0x3F, 0xFD, 0x00, 0x00, 0x00, 0x02,
    0xFF, 0xF8, 0x00, 0x00, 0x00, 0x0F, 0xFF, 0xF0, 0x00, 0x00, 0x00, 0xFF, 0xFF, 0xF0, 0x00, 0x00,
    0x07, 0xFF, 0xFF, 0xE0, 0x00, 0x00, 0x3F, 0xF4, 0xFF, 0xC0, 0x00, 0x02, 0xFF, 0x82, 0xFF, 0xC0,
    0x00, 0x1F, 0xFC, 0x03, 0xFF, 0x80, 0x00, 0xFF, 0xE0, 0x07, 0xFF, 0x00, 0x0B, 0xFF, 0x00, 0x0F,
    0xFF, 0x00, 0x7F, 0xF4, 0x00, 0x0F, 0xFE, 0x03, 0xFF, 0x80, 0x00, 0x2F, 0xFC, 0x2F, 0xFC, 0x00,
    0x00, 0x3F, 0xFC, 0xBF, 0xF0, 0x00, 0x03, 0xFF, 0x8F, 0xFD, 0x00, 0x01, 0xFF, 0xC2, 0xFF, 0xC0,
    0x00, 0xBF, 0xE0, 0x3F, 0xF4, 0x00, 0x3F, 0xF0, 0x07, 0xFF, 0x00, 0x2F, 0xF8, 0x00, 0xFF, 0xD0,
    0x0F, 0xFC, 0x00, 0x1F, 0xFC, 0x0B, 0xFE, 0x00, 0x03, 0xFF, 0x43, 0xFF, 0x00, 0x00, 0x7F, 0xE2,
    0xFF, 0x40, 0x00, 0x0F, 0xFD, 0xFF, 0xC0, 0x00, 0x01, 0xFF, 0xFF, 0xD0, 0x00, 0x00, 0x3F, 0xFF,
    0xF0, 0x00, 0x00, 0x03, 0xFF, 0xF4, 0x00, 0x00, 0x00, 0xBF, 0xF8, 0x00, 0x00, 0x00, 0x0F, 0xFC,
    0x00, 0x00, 0x00, 0x03, 0xFF, 0x00, 0x00, 0x00, 0x00, 0xFF, 0xC0, 0x00, 0x00, 0x00, 0x3F, 0xF0,
    0x00, 0x00, 0x00, 0x0F, 0xFC, 0x00, 0x00, 0x00, 0x03, 0xFF, 0x00, 0x00, 0x00, 0x00, 0xFF, 0xC0,
    0x00, 0x00, 0x00, 0x3F, 0xF0, 0x00, 0x00, 0x00, 0x0F, 0xFC, 0x00, 0x00, 0x00, 0x03, 0xFF, 0x00,
    0x00, 0xFF, 0xFF, 0xFF, 0xFF, 0xCF, 0xFF, 0xFF, 0xFF, 0xFC, 0xFF, 0xFF, 0xFF, 0xFF, 0xCF, 0xFF,
    0xFF, 0xFF, 0xF8, 0x00, 0x00, 0x07, 0xFF, 0x00, 0x00, 0x00, 0xFF, 0xD0, 0x00, 0x00, 0x2F, 0xF8,
    0x00, 0x00, 0x07, 0xFF, 0x00, 0x00, 0x00, 0xFF, 0xD0, 0x00, 0x00, 0x2F, 0xF8, 0x00, 0x00, 0x03,
    0xFF, 0x00, 0x00, 0x00, 0xFF, 0xD0, 0x00, 0x00, 0x2F, 0xF8, 0x00, 0x00, 0x03, 0xFF, 0x00, 0x00,
    0x00, 0xFF, 0xD0, 0x00, 0x00, 0x1F, 0xF8, 0x00, 0x00, 0x03, 0xFF, 0x00, 0x00, 0x00, 0xFF, 0xD0,
    0x00, 0x00, 0x1F, 0xF8, 0x00, 0x00, 0x03, 0xFF, 0x00, 0x00, 0x00, 0xBF, 0xFF, 0xFF, 0xFF, 0xFF,
    0xFF, 0xFF, 0xFF, 0xFF, 0xFF, 0xFF, 0xFF, 0xFF, 0xFF, 0xFF, 0xFF, 0xFF, 0xFF, 0xFF, 0xFF, 0xFF,
    0xFF, 0xFF, 0xFF, 0xFF, 0xFF, 0xFF, 0x00, 0xFF, 0x00, 0xFF, 0x00, 0xFF, 0x00, 0xFF, 0x00, 0xFF,
    0x00, 0xFF, 0x00, 0xFF, 0x00, 0xFF, 0x00, 0xFF, 0x00, 0xFF, 0x00, 0xFF, 0x00, 0xFF, 0x00, 0xFF,
    0x00, 0xFF, 0x00, 0xFF, 0x00, 0xFF, 0x00, 0xFF, 0x00, 0xFF, 0x00, 0xFF, 0x00, 0xFF, 0x00, 0xFF,
    0x00, 0xFF, 0xFF, 0xFF, 0xFF, 0xFF, 0xFF, 0xFF, 0xFF, 0xBF, 0xC0, 0x00, 0x03, 0xFD, 0x00, 0x00,
    0x3F, 0xE0, 0x00, 0x02, 0xFF, 0x00, 0x00, 0x0F, 0xF4, 0x00, 0x00, 0xFF, 0xC0, 0x00, 0x07, 0xFC,
    0x00, 0x00, 0x3F, 0xE0, 0x00, 0x02, 0xFF, 0x00, 0x00, 0x1F, 0xF4, 0x00, 0x00, 0xFF, 0x80, 0x00,
    0x0B, 0xFC, 0x00, 0x00, 0x3F, 0xD0, 0x00, 0x03, 0xFE, 0x00, 0x00, 0x1F, 0xF0, 0x00, 0x00, 0xFF,
    0x40, 0x00, 0x0B, 0xFC, 0x00, 0x00, 0x7F, 0xC0, 0x00, 0x03, 0xFE, 0x00, 0x00, 0x2F, 0xF0, 0x00,
    0x00, 0xFF, 0x40, 0x00, 0x0F, 0xF8, 0x00, 0x00, 0x7F, 0xC0, 0x00, 0x03, 0xFD, 0xBF, 0xFF, 0xBF,
    0xFF, 0xBF, 0xFF, 0x7F, 0xFF, 0x00, 0xFF, 0x00, 0xFF, 0x00, 0xFF, 0x00, 0xFF, 0x00, 0xFF, 0x00,
    0xFF, 0x00, 0xFF, 0x00, 0xFF, 0x00, 0xFF, 0x00, 0xFF, 0x00, 0xFF, 0x00, 0xFF, 0x00, 0xFF, 0x00,
    0xFF, 0x00, 0xFF, 0x00, 0xFF, 0x00, 0xFF, 0x00, 0xFF, 0x00, 0xFF, 0x00, 0xFF, 0x00, 0xFF, 0x00,
    0xFF, 0x7F, 0xFF, 0xBF, 0xFF, 0xBF, 0xFF, 0xBF, 0xFF, 0x00, 0x01, 0xF4, 0x00, 0x00, 0x00, 0x0F,
    0xF0, 0x00, 0x00, 0x00, 0x3F, 0xE0, 0x00, 0x00, 0x02, 0xFF, 0xC0, 0x00, 0x00, 0x0F, 0xFF, 0x80,
    0x00, 0x00, 0xBF, 0xBF, 0x00, 0x00, 0x03, 0xF8, 0xFE, 0x00, 0x00, 0x1F, 0xC2, 0xFC, 0x00, 0x00,
    0xFF, 0x03, 0xF8, 0x00, 0x07, 0xF4, 0x0B, 0xF0, 0x00, 0x3F, 0xC0, 0x1F, 0xE0, 0x00, 0xFD, 0x00,
    0x3F, 0xC0, 0x0B, 0xF0, 0x00, 0x7F, 0x80, 0x3F, 0x80, 0x00, 0xFF, 0x02, 0xFC, 0x00, 0x01, 0xFE,
    0x0F, 0xF0, 0x00, 0x03, 0xFC, 0x00, 0x00, 0x00, 0x0F, 0xFF, 0xFF, 0xFF, 0xFF, 0xFF, 0xFF, 0xF0,
    0x6A, 0xA0, 0x03, 0xFF, 0x80, 0x0F, 0xFD, 0x00, 0x2F, 0xF0, 0x00, 0x7F, 0xC0, 0x01, 0xFE, 0x00,
    0x6F, 0xFF, 0x40, 0x02, 0xFF, 0xFF, 0xFC, 0x00, 0xFF, 0xFF, 0xFF, 0xC0, 0x1F, 0xFF, 0xFF, 0xF8,
    0x03, 0x90, 0x0B, 0xFF, 0x00, 0x00, 0x00, 0xFF, 0xC0, 0x00, 0x00, 0x3F, 0xF0, 0x06, 0xFF, 0xFF,
    0xFC, 0x0F, 0xFF, 0xFF, 0xFF, 0x0F, 0xFF, 0xFF, 0xFF, 0xCB, 0xFF, 0x40, 0x3F, 0xF3, 0xFF, 0x40,
    0x0F, 0xFC, 0xFF, 0xC0, 0x03, 0xFF, 0x3F, 0xF0, 0x02, 0xFF, 0xCF, 0xFE, 0x02, 0xFF, 0xF2, 0xFF,
    0xFF, 0xFF, 0xFC, 0x3F, 0xFF, 0xFD, 0xFF, 0x07, 0xFF, 0xFC, 0x3F, 0xC0, 0x2F, 0xF8, 0x0B, 0xF0,
    0xFF, 0xC0, 0x00, 0x00, 0x3F, 0xF0, 0x00, 0x00, 0x0F, 0xFC, 0x00, 0x00, 0x03, 0xFF, 0x00, 0x00,
    0x00, 0xFF, 0xC0, 0x00, 0x00, 0x3F, 0xF0, 0x00, 0x00, 0x0F, 0xFC, 0x00, 0x00, 0x03, 0xFF, 0x07,
    0xFE, 0x00, 0xFF, 0xCF, 0xFF, 0xF4, 0x3F, 0xFB, 0xFF, 0xFF, 0x0F, 0xFF, 0xFF, 0xFF, 0xF3, 0xFF,
    0xE0, 0x2F, 0xFC, 0xFF, 0xF0, 0x03, 0xFF, 0xBF, 0xF4, 0x00, 0x7F, 0xFF, 0xFC, 0x00, 0x1F, 0xFF,
    0xFF, 0x00, 0x03, 0xFF, 0xFF, 0xC0, 0x00, 0xFF, 0xFF, 0xF0, 0x00, 0x3F, 0xFF, 0xFC, 0x00, 0x1F,
    0xFF, 0xFF, 0x40, 0x07, 0xFE, 0xFF, 0xF0, 0x03, 0xFF, 0xBF, 0xFE, 0x02, 0xFF, 0xCF, 0xFF, 0xFF,
    0xFF, 0xF3, 0xFF, 0xFF, 0xFF, 0xF0, 0xFF, 0x9F, 0xFF, 0xF4, 0x3F, 0xC0, 0xBF, 0xE0, 0x00, 0x00,
    0x1B, 0xFF, 0x80, 0x07, 0xFF, 0xFF, 0xD0, 0xBF, 0xFF, 0xFF, 0x07, 0xFF, 0xFF, 0xF8, 0x3F, 0xFC,
    0x01, 0x81, 0xFF, 0xC0, 0x00, 0x0B, 0xFE, 0x00, 0x00, 0x3F, 0xF4, 0x00, 0x00, 0xFF, 0xC0, 0x00,
    0x03, 0xFF, 0x00, 0x00, 0x0F, 0xFC, 0x00, 0x00, 0x3F, 0xF4, 0x00, 0x00, 0xBF, 0xE0, 0x00, 0x01,
    0xFF, 0xC0, 0x00, 0x03, 0xFF, 0xC0, 0x1B, 0x0B, 0xFF, 0xFF, 0xFC, 0x0F, 0xFF, 0xFF, 0xF0, 0x0B,
    0xFF, 0xFF, 0xC0, 0x02, 0xFF, 0xE4, 0x00, 0x00, 0x00, 0x00, 0xFF, 0xC0, 0x00, 0x00, 0x0F, 0xFC,
    0x00, 0x00, 0x00, 0xFF, 0xC0, 0x00, 0x00, 0x0F, 0xFC, 0x00, 0x00, 0x00, 0xFF, 0xC0, 0x00, 0x00,
    0x0F, 0xFC, 0x00, 0x00, 0x00, 0xFF, 0xC0, 0x0B, 0xFE, 0x0F, 0xFC, 0x03, 0xFF, 0xFC, 0xFF, 0xC0,
    0xFF, 0xFF, 0xFF, 0xFC, 0x3F, 0xFF, 0xFF, 0xFF, 0xC3, 0xFF, 0xC0, 0x7F, 0xFC, 0xBF, 0xF0, 0x01,
    0xFF, 0xCF, 0xFE, 0x00, 0x0F, 0xFC, 0xFF, 0xD0, 0x00, 0xFF, 0xCF, 0xFC, 0x00, 0x0B, 0xFC, 0xFF,
    0xC0, 0x00, 0xBF, 0xCF, 0xFC, 0x00, 0x0B, 0xFC, 0xFF, 0xD0, 0x00, 0xFF, 0xCF, 0xFD, 0x00, 0x0F,
    0xFC, 0xBF, 0xF0, 0x01, 0xFF, 0xC3, 0xFF, 0x80, 0x7F, 0xFC, 0x3F, 0xFF, 0xFF, 0xFF, 0xC0, 0xFF,
    0xFF, 0xFF, 0xFC, 0x07, 0xFF, 0xFC, 0x7F, 0xC0, 0x0B, 0xFE, 0x03, 0xFC, 0x00, 0x1F, 0xFE, 0x40,
    0x00, 0x7F, 0xFF, 0xFC, 0x00, 0xBF, 0xFF, 0xFF, 0xC0, 0x7F, 0xFF, 0xFF, 0xFC, 0x3F, 0xF8, 0x07,
    0xFF, 0x5F, 0xF8, 0x00, 0x7F, 0xEB, 0xFD, 0x00, 0x0F, 0xFF, 0xFF, 0xFF, 0xFF, 0xFF, 0xFF, 0xFF,
    0xFF, 0xFF, 0xFF, 0xFF, 0xFF, 0xFF, 0xFF, 0xFF, 0xFF, 0xFF, 0xFF, 0xFF, 0x00, 0x00, 0x00, 0xBF,
    0xD0, 0x00, 0x00, 0x1F, 0xFC, 0x00, 0x00, 0x03, 0xFF, 0xD0, 0x01, 0xB0, 0x7F, 0xFF, 0xFF, 0xFC,
    0x0B, 0xFF, 0xFF, 0xFF, 0x00, 0x7F, 0xFF, 0xFF, 0x80, 0x01, 0xBF, 0xFE, 0x00, 0x00, 0x1B, 0xFF,
    0x90, 0x0B, 0xFF, 0xFD, 0x01, 0xFF, 0xFF, 0xC0, 0x3F, 0xFF, 0xFC, 0x03, 0xFF, 0x80, 0x00, 0x3F,
    0xF0, 0x00, 0x03, 0xFF, 0x00, 0x01, 0xFF, 0xFF, 0xF0, 0xFF, 0xFF, 0xFF, 0x0F, 0xFF, 0xFF, 0xF0,
    0xFF, 0xFF, 0xFF, 0x00, 0x3F, 0xF0, 0x00, 0x03, 0xFF, 0x00, 0x00, 0x3F, 0xF0, 0x00, 0x03, 0xFF,
    0x00, 0x00, 0x3F, 0xF0, 0x00, 0x03, 0xFF, 0x00, 0x00, 0x3F, 0xF0, 0x00, 0x03, 0xFF, 0x00, 0x00,
    0x3F, 0xF0, 0x00, 0x03, 0xFF, 0x00, 0x00, 0x3F, 0xF0, 0x00, 0x03, 0xFF, 0x00, 0x00, 0x3F, 0xF0,
    0x00, 0x03, 0xFF, 0x00, 0x00, 0x3F, 0xF0, 0x00, 0x00, 0xBF, 0xD0, 0xBF, 0xC0, 0x7F, 0xFF, 0xCF,
    0xFC, 0x0F, 0xFF, 0xFF, 0xFF, 0xC3, 0xFF, 0xFF, 0xFF, 0xFC, 0x3F, 0xF8, 0x0B, 0xFF, 0xCB, 0xFF,
    0x00, 0x2F, 0xFC, 0xFF, 0xD0, 0x01, 0xFF, 0xCF, 0xFD, 0x00, 0x0F, 0xFC, 0xFF, 0xC0, 0x00, 0xFF,
    0xCF, 0xFC, 0x00, 0x0F, 0xFC, 0xFF, 0xC0, 0x00, 0xFF, 0xCF, 0xFD, 0x00, 0x0F, 0xFC, 0xFF, 0xD0,
    0x01, 0xFF, 0xCB, 0xFF, 0x00, 0x2F, 0xFC, 0x3F, 0xF8, 0x0B, 0xFF, 0xC3, 0xFF, 0xFF, 0xFF, 0xFC,
    0x0F, 0xFF, 0xFF, 0xFF, 0xC0, 0x7F, 0xFF, 0x9F, 0xFC, 0x00, 0xBF, 0xD1, 0xFF, 0xC0, 0x00, 0x00,
    0x1F, 0xFC, 0x00, 0x00, 0x02, 0xFF, 0xC0, 0x00, 0x00, 0x3F, 0xFC, 0x3D, 0x00, 0x1F, 0xFF, 0x83,
    0xFF, 0xFF, 0xFF, 0xF0, 0x3F, 0xFF, 0xFF, 0xFD, 0x03, 0xFF, 0xFF, 0xFF, 0x00, 0x06, 0xFF, 0xFE,
    0x40, 0x00, 0xFF, 0xC0, 0x00, 0x00, 0x3F, 0xF0, 0x00, 0x00, 0x0F, 0xFC, 0x00, 0x00, 0x03, 0xFF,
    0x00, 0x00, 0x00, 0xFF, 0xC0, 0x00, 0x00, 0x3F, 0xF0, 0x00, 0x00, 0x0F, 0xFC, 0x00, 0x00, 0x03,
    0xFF, 0x07, 0xFF, 0x40, 0xFF, 0xCF, 0xFF, 0xFC, 0x3F, 0xFF, 0xFF, 0xFF, 0xCF, 0xFF, 0xFF, 0xFF,
    0xF7, 0xFF, 0xF0, 0x1F, 0xFE, 0xFF, 0xF0, 0x02, 0xFF, 0xFF, 0xF8, 0x00, 0x7F, 0xFF, 0xFD, 0x00,
    0x0F, 0xFF, 0xFF, 0x00, 0x03, 0xFF, 0xFF, 0xC0, 0x00, 0xFF, 0xFF, 0xF0, 0x00, 0x3F, 0xFF, 0xFC,
    0x00, 0x0F, 0xFF, 0xFF, 0x00, 0x03, 0xFF, 0xFF, 0xC0, 0x00, 0xFF, 0xFF, 0xF0, 0x00, 0x3F, 0xFF,
    0xFC, 0x00, 0x0F, 0xFF, 0xFF, 0x00, 0x03, 0xFF, 0xFF, 0xC0, 0x00, 0xFF, 0xFF, 0xF0, 0x00, 0x3F,
    0xF0, 0x3F, 0x4F, 0xFC, 0xFF, 0xCF, 0xFC, 0x3F, 0x40, 0x00, 0x00, 0x0F, 0xFC, 0xFF, 0xCF, 0xFC,
    0xFF, 0xCF, 0xFC, 0xFF, 0xCF, 0xFC, 0xFF, 0xCF, 0xFC, 0xFF, 0xCF, 0xFC, 0xFF, 0xCF, 0xFC, 0xFF,
    0xCF, 0xFC, 0xFF, 0xCF, 0xFC, 0xFF, 0xCF, 0xFC, 0x00, 0x7F, 0x40, 0x0F, 0xFC, 0x00, 0xFF, 0xC0,
    0x0F, 0xFC, 0x00, 0x3F, 0x40, 0x00, 0x00, 0x00, 0x00, 0x00, 0x0F, 0xFC, 0x00, 0xFF, 0xC0, 0x0F,
    0xFC, 0x00, 0xFF, 0xC0, 0x0F, 0xFC, 0x00, 0xFF, 0xC0, 0x0F, 0xFC, 0x00, 0xFF, 0xC0, 0x0F, 0xFC,
    0x00, 0xFF, 0xC0, 0x0F, 0xFC, 0x00, 0xFF, 0xC0, 0x0F, 0xFC, 0x00, 0xFF, 0xC0, 0x0F, 0xFC, 0x00,
    0xFF, 0xC0, 0x0F, 0xFC, 0x00, 0xFF, 0xC0, 0x0F, 0xFC, 0x00, 0xFF, 0xC0, 0x0F, 0xFC, 0x00, 0xFF,
    0xC0, 0x2F, 0xFC, 0xFF, 0xFF, 0x8F, 0xFF, 0xF0, 0xFF, 0xFD, 0x0B, 0xFE, 0x00, 0xFF, 0xC0, 0x00,
    0x00, 0x03, 0xFF, 0x00, 0x00, 0x00, 0x0F, 0xFC, 0x00, 0x00, 0x00, 0x3F, 0xF0, 0x00, 0x00, 0x00,
    0xFF, 0xC0, 0x00, 0x00, 0x03, 0xFF, 0x00, 0x00, 0x00, 0x0F, 0xFC, 0x00, 0x00, 0x00, 0x3F, 0xF0,
    0x00, 0x7F, 0xF4, 0xFF, 0xC0, 0x03, 0xFF, 0x43, 0xFF, 0x00, 0x3F, 0xF8, 0x0F, 0xFC, 0x03, 0xFF,
    0x80, 0x3F, 0xF0, 0x3F, 0xFC, 0x00, 0xFF, 0xC2, 0xFF, 0xC0, 0x03, 0xFF, 0x2F, 0xFC, 0x00, 0x0F,
    0xFD, 0xFF, 0xC0, 0x00, 0x3F, 0xFF, 0xFF, 0x00, 0x00, 0xFF, 0xFF, 0xFD, 0x00, 0x03, 0xFF, 0xFF,
    0xFC, 0x00, 0x0F, 0xFF, 0xEF, 0xFC, 0x00, 0x3F, 0xFC, 0x3F, 0xF8, 0x00, 0xFF, 0xC0, 0x7F, 0xF4,
    0x03, 0xFF, 0x00, 0xBF, 0xF0, 0x0F, 0xFC, 0x00, 0xFF, 0xE0, 0x3F, 0xF0, 0x00, 0xFF, 0xD0, 0xFF,
    0xC0, 0x02, 0xFF, 0xC3, 0xFF, 0x00, 0x03, 0xFF, 0xC0, 0xFF, 0xCF, 0xFC, 0xFF, 0xCF, 0xFC, 0xFF,
    0xCF, 0xFC, 0xFF, 0xCF, 0xFC, 0xFF, 0xCF, 0xFC, 0xFF, 0xCF, 0xFC, 0xFF, 0xCF, 0xFC, 0xFF, 0xCF,
    0xFC, 0xFF, 0xCF, 0xFC, 0xFF, 0xCF, 0xFC, 0xFF, 0xCF, 0xFC, 0xFF, 0xCF, 0xFC, 0xFF, 0xCF, 0xFC,
    0xFF, 0x02, 0xFF, 0x90, 0x0B, 0xFE, 0x00, 0xFF, 0x5F, 0xFF, 0xF8, 0x7F, 0xFF, 0xD0, 0xFF, 0xFF,
    0xFF, 0xFE, 0xFF, 0xFF, 0xF0, 0xFF, 0xFF, 0xFF, 0xFF, 0xFF, 0xFF, 0xF8, 0xFF, 0xF8, 0x0F, 0xFF,
    0xE0, 0x3F, 0xFC, 0xFF, 0xF0, 0x07, 0xFF, 0xC0, 0x1F, 0xFC, 0xFF, 0xD0, 0x03, 0xFF, 0x40, 0x0F,
    0xFC, 0xFF, 0xD0, 0x03, 0xFF, 0x40, 0x0F, 0xFC, 0xFF, 0xC0, 0x03, 0xFF, 0x00, 0x0F, 0xFC, 0xFF,
    0xC0, 0x03, 0xFF, 0x00, 0x0F, 0xFC, 0xFF, 0xC0, 0x03, 0xFF, 0x00, 0x0F, 0xFC, 0xFF, 0xC0, 0x03,
    0xFF, 0x00, 0x0F, 0xFC, 0xFF, 0xC0, 0x03, 0xFF, 0x00, 0x0F, 0xFC, 0xFF, 0xC0, 0x03, 0xFF, 0x00,
    0x0F, 0xFC, 0xFF, 0xC0, 0x03, 0xFF, 0x00, 0x0F, 0xFC, 0xFF, 0xC0, 0x03, 0xFF, 0x00, 0x0F, 0xFC,
    0xFF, 0xC0, 0x03, 0xFF, 0x00, 0x0F, 0xFC, 0xFF, 0xC0, 0x03, 0xFF, 0x00, 0x0F, 0xFC, 0xFF, 0xC0,
    0x03, 0xFF, 0x00, 0x0F, 0xFC, 0xFF, 0x01, 0xFF, 0xD0, 0x3F, 0xD3, 0xFF, 0xFF, 0x0F, 0xFF, 0xFF,
    0xFF, 0xF3, 0xFF, 0xFF, 0xFF, 0xFD, 0xFF, 0xF8, 0x07, 0xFF, 0xFF, 0xFC, 0x00, 0xBF, 0xFF, 0xFE,
    0x00, 0x1F, 0xFF, 0xFF, 0x40, 0x03, 0xFF, 0xFF, 0xC0, 0x00, 0xFF, 0xFF, 0xF0, 0x00, 0x3F, 0xFF,
    0xFC, 0x00, 0x0F, 0xFF, 0xFF, 0x00, 0x03, 0xFF, 0xFF, 0xC0, 0x00, 0xFF, 0xFF, 0xF0, 0x00, 0x3F,
    0xFF, 0xFC, 0x00, 0x0F, 0xFF, 0xFF, 0x00, 0x03, 0xFF, 0xFF, 0xC0, 0x00, 0xFF, 0xFF, 0xF0, 0x00,
    0x3F, 0xFF, 0xFC, 0x00, 0x0F, 0xFC, 0x00, 0x1B, 0xFE, 0x40, 0x00, 0x1F, 0xFF, 0xFF, 0x40, 0x0B,
    0xFF, 0xFF, 0xFE, 0x01, 0xFF, 0xFF, 0xFF, 0xF4, 0x3F, 0xFC, 0x03, 0xFF, 0xC7, 0xFF, 0x00, 0x0F,
    0xFD, 0xBF, 0xE0, 0x00, 0xBF, 0xEF, 0xFD, 0x00, 0x07, 0xFF, 0xFF, 0xC0, 0x00, 0x3F, 0xFF, 0xFC,
    0x00, 0x03, 0xFF, 0xFF, 0xC0, 0x00, 0x3F, 0xFF, 0xFD, 0x00, 0x07, 0xFF, 0xBF, 0xE0, 0x00, 0xBF,
    0xE7, 0xFF, 0x00, 0x0F, 0xFD, 0x3F, 0xFC, 0x03, 0xFF, 0xC1, 0xFF, 0xFF, 0xFF, 0xF4, 0x07, 0xFF,
    0xFF, 0xFE, 0x00, 0x1F, 0xFF, 0xFF, 0x40, 0x00, 0x1B, 0xFE, 0x40, 0x00, 0xFF, 0x41, 0xFF, 0x80,
    0x3F, 0xE3, 0xFF, 0xFD, 0x0F, 0xFF, 0xFF, 0xFF, 0xC3, 0xFF, 0xFF, 0xFF, 0xFC, 0xFF, 0xF8, 0x0B,
    0xFF, 0x7F, 0xF8, 0x00, 0xFF, 0xEF, 0xFD, 0x00, 0x1F, 0xFF, 0xFF, 0x00, 0x07, 0xFF, 0xFF, 0xC0,
    0x00, 0xFF, 0xFF, 0xF0, 0x00, 0x3F, 0xFF, 0xFC, 0x00, 0x0F, 0xFF, 0xFF, 0x40, 0x07, 0xFF, 0xFF,
    0xD0, 0x01, 0xFF, 0xBF, 0xFC, 0x00, 0xFF, 0xEF, 0xFF, 0x80, 0xBF, 0xF3, 0xFF, 0xFF, 0xFF, 0xF8,
    0xFF, 0xFF, 0xFF, 0xFC, 0x3F, 0xF3, 0xFF, 0xFD, 0x0F, 0xFC, 0x2F, 0xF8, 0x03, 0xFF, 0x00, 0x00,
    0x00, 0xFF, 0xC0, 0x00, 0x00, 0x3F, 0xF0, 0x00, 0x00, 0x0F, 0xFC, 0x00, 0x00, 0x03, 0xFF, 0x00,
    0x00, 0x00, 0xFF, 0xC0, 0x00, 0x00, 0x3F, 0xF0, 0x00, 0x00, 0x0F, 0xFC, 0x00, 0x00, 0x00, 0x00,
    0xBF, 0xE0, 0x7F, 0xC0, 0x7F, 0xFF, 0xCB, 0xFC, 0x0F, 0xFF, 0xFF, 0xFF, 0xC3, 0xFF, 0xFF, 0xFF,
    0xFC, 0x3F, 0xF8, 0x07, 0xFF, 0xCB, 0xFF, 0x00, 0x1F, 0xFC, 0xFF, 0xE0, 0x00, 0xFF, 0xCF, 0xFD,
    0x00, 0x0F, 0xFC, 0xFF, 0xC0, 0x00, 0xFF, 0xCF, 0xFC, 0x00, 0x0B, 0xFC, 0xFF, 0xC0, 0x00, 0xBF,
    0xCF, 0xFD, 0x00, 0x0F, 0xFC, 0xFF, 0xD0, 0x00, 0xFF, 0xCB, 0xFF, 0x00, 0x1F, 0xFC, 0x3F, 0xF8,
    0x07, 0xFF, 0xC3, 0xFF, 0xFF, 0xFF, 0xFC, 0x0F, 0xFF, 0xFF, 0xFF, 0xC0, 0x7F, 0xFF, 0xCF, 0xFC,
    0x00, 0xBF, 0xD0, 0xFF, 0xC0, 0x00, 0x00, 0x0F, 0xFC, 0x00, 0x00, 0x00, 0xFF, 0xC0, 0x00, 0x00,
    0x0F, 0xFC, 0x00, 0x00, 0x00, 0xFF, 0xC0, 0x00, 0x00, 0x0F, 0xFC, 0x00, 0x00, 0x00, 0xFF, 0xC0,
    0x00, 0x00, 0x0F, 0xFC, 0x00, 0x00, 0x00, 0xFF, 0xC0, 0xFF, 0x00, 0xBF, 0x3F, 0xC2, 0xFF, 0xCF,
    0xF5, 0xFF, 0xF3, 0xFF, 0xFF, 0xFC, 0xFF, 0xFF, 0xFE, 0x3F, 0xFF, 0x40, 0x0F, 0xFF, 0x00, 0x03,
    0xFF, 0x80, 0x00, 0xFF, 0xC0, 0x00, 0x3F, 0xF0, 0x00, 0x0F, 0xFC, 0x00, 0x03, 0xFF, 0x00, 0x00,
    0xFF, 0xC0, 0x00, 0x3F, 0xF0, 0x00, 0x0F, 0xFC, 0x00, 0x03, 0xFF, 0x00, 0x00, 0xFF, 0xC0, 0x00,
    0x3F, 0xF0, 0x00, 0x0F, 0xFC, 0x00, 0x00, 0x01, 0xBF, 0xF9, 0x01, 0xFF, 0xFF, 0xFD, 0x3F, 0xFF,
    0xFF, 0xDB, 0xFF, 0xFF, 0xFC, 0xFF, 0xE0, 0x0B, 0x4F, 0xFC, 0x00, 0x00, 0xFF, 0xF4, 0x00, 0x07,
    0xFF, 0xF4, 0x00, 0x2F, 0xFF, 0xF8, 0x00, 0xBF, 0xFF, 0xF4, 0x00, 0xBF, 0xFF, 0xC0, 0x00, 0x7F,
    0xFE, 0x00, 0x00, 0xBF, 0xF0, 0x00, 0x03, 0xFF, 0xF4, 0x00, 0xBF, 0xFF, 0xFF, 0xFF, 0xFE, 0xFF,
    0xFF, 0xFF, 0xCF, 0xFF, 0xFF, 0xF0, 0x1B, 0xFF, 0xE4, 0x00, 0x01, 0xFC, 0x00, 0x00, 0xBF, 0x00,
    0x00, 0x3F, 0xC0, 0x00, 0x1F, 0xF0, 0x00, 0x1F, 0xFF, 0xFF, 0xEF, 0xFF, 0xFF, 0xFF, 0xFF, 0xFF,
    0xFF, 0xFF, 0xFF, 0xFF, 0x0F, 0xFC, 0x00, 0x03, 0xFF, 0x00, 0x00, 0xFF, 0xC0, 0x00, 0x3F, 0xF0,
    0x00, 0x0F, 0xFC, 0x00, 0x03, 0xFF, 0x00, 0x00, 0xFF, 0xC0, 0x00, 0x3F, 0xF0, 0x00, 0x0F, 0xFC,
    0x00, 0x03, 0xFF, 0x00, 0x00, 0xFF, 0xE0, 0x04, 0x2F, 0xFF, 0xFF, 0x03, 0xFF, 0xFF, 0xC0, 0x7F,
    0xFF, 0xF0, 0x02, 0xFF, 0xE4, 0xFF, 0xC0, 0x00, 0xFF, 0xFF, 0xF0, 0x00, 0x3F, 0xFF, 0xFC, 0x00,
    0x0F, 0xFF, 0xFF, 0x00, 0x03, 0xFF, 0xFF, 0xC0, 0x00, 0xFF, 0xFF, 0xF0, 0x00, 0x3F, 0xFF, 0xFC,
    0x00, 0x0F, 0xFF, 0xFF, 0x00, 0x03, 0xFF, 0xFF, 0xC0, 0x00, 0xFF, 0xFF, 0xF0, 0x00, 0x3F, 0xFF,
    0xFC, 0x00, 0x0F, 0xFF, 0xFF, 0x00, 0x07, 0xFF, 0xFF, 0xD0, 0x02, 0xFF, 0xFF, 0xF8, 0x00, 0xFF,
    0xFB, 0xFF, 0x40, 0xFF, 0xFD, 0xFF, 0xFF, 0xFF, 0xFF, 0x3F, 0xFF, 0xFF, 0x7F, 0xC3, 0xFF, 0xFF,
    0x1F, 0xF0, 0x1F, 0xFD, 0x03, 0xFC, 0xFF, 0xD0, 0x00, 0x1F, 0xFC, 0x7F, 0xE0, 0x00, 0x2F, 0xF4,
    0x3F, 0xF0, 0x00, 0x3F, 0xF0, 0x2F, 0xF4, 0x00, 0x7F, 0xF0, 0x1F, 0xF8, 0x00, 0xBF, 0xD0, 0x0F,
    0xFC, 0x00, 0xFF, 0xC0, 0x0B, 0xFC, 0x00, 0xFF, 0x80, 0x07, 0xFE, 0x02, 0xFF, 0x40, 0x03, 0xFF,
    0x03, 0xFF, 0x00, 0x02, 0xFF, 0x03, 0xFE, 0x00, 0x00, 0xFF, 0x47, 0xFC, 0x00, 0x00, 0xFF, 0xCF,
    0xFC, 0x00, 0x00, 0x7F, 0xCF, 0xF4, 0x00, 0x00, 0x3F, 0xEF, 0xF0, 0x00, 0x00, 0x2F, 0xFF, 0xE0,
    0x00, 0x00, 0x1F, 0xFF, 0xD0, 0x00, 0x00, 0x0F, 0xFF, 0xC0, 0x00, 0x00, 0x0B, 0xFF, 0x80, 0x00,
    0x00, 0x03, 0xFF, 0x40, 0x00, 0xBF, 0xD0, 0x02, 0xFF, 0xC0, 0x03, 0xFF, 0x0F, 0xF8, 0x00, 0xFF,
    0xF4, 0x00, 0xFF, 0xC3, 0xFF, 0x00, 0x3F, 0xFE, 0x00, 0x7F, 0xE0, 0xBF, 0xC0, 0x1F, 0xFF, 0xC0,
    0x2F, 0xF4, 0x1F, 0xF4, 0x0B, 0xFB, 0xF0, 0x0F, 0xFC, 0x03, 0xFE, 0x03, 0xFD, 0xFD, 0x03, 0xFE,
    0x00, 0xFF, 0xC0, 0xFE, 0x3F, 0x81, 0xFF, 0x40, 0x2F, 0xF0, 0x3F, 0x4F, 0xF0, 0xBF, 0xC0, 0x07,
    0xFD, 0x1F, 0xC2, 0xFC, 0x3F, 0xF0, 0x00, 0xFF, 0x8B, 0xF0, 0x7F, 0x4F, 0xF8, 0x00, 0x3F, 0xF3,
    0xFC, 0x0F, 0xD3, 0xFD, 0x00, 0x0B, 0xFC, 0xFE, 0x03, 0xF9, 0xFF, 0x00, 0x00, 0xFF, 0x7F, 0x40,
    0xFF, 0xBF, 0xC0, 0x00, 0x3F, 0xEF, 0xC0, 0x2F, 0xEF, 0xE0, 0x00, 0x0B, 0xFF, 0xF0, 0x07, 0xFF,
    0xF0, 0x00, 0x01, 0xFF, 0xF8, 0x00, 0xFF, 0xFC, 0x00, 0x00, 0x3F, 0xFD, 0x00, 0x3F, 0xFE, 0x00,
    0x00, 0x0F, 0xFF, 0x00, 0x0B, 0xFF, 0x40, 0x00, 0x02, 0xFF, 0xC0, 0x02, 0xFF, 0xC0, 0x00, 0x3F,
    0xF4, 0x00, 0x3F, 0xF8, 0x2F, 0xFC, 0x00, 0xBF, 0xF0, 0x0F, 0xFE, 0x01, 0xFF, 0xC0, 0x07, 0xFF,
    0x03, 0xFF, 0x80, 0x02, 0xFF, 0x87, 0xFF, 0x00, 0x00, 0xFF, 0xDF, 0xFD, 0x00, 0x00, 0x7F, 0xFF,
    0xF8, 0x00, 0x00, 0x3F, 0xFF, 0xF0, 0x00, 0x00, 0x0F, 0xFF, 0xD0, 0x00, 0x00, 0x0F, 0xFF, 0xC0,
    0x00, 0x00, 0x1F, 0xFF, 0xE0, 0x00, 0x00, 0x3F, 0xFF, 0xF4, 0x00, 0x00, 0xBF, 0xFF, 0xFC, 0x00,
    0x01, 0xFF, 0xCF, 0xFE, 0x00, 0x03, 0xFF, 0x43, 0xFF, 0x00, 0x0B, 0xFF, 0x02, 0xFF, 0xC0, 0x0F,
    0xFD, 0x00, 0xFF, 0xD0, 0x3F, 0xF8, 0x00, 0x7F, 0xF0, 0xBF, 0xF0, 0x00, 0x3F, 0xFC, 0x3F, 0xF4,
    0x00, 0x07, 0xFE, 0x2F, 0xF8, 0x00, 0x0F, 0xFD, 0x0F, 0xFC, 0x00, 0x0F, 0xFC, 0x0F, 0xFC, 0x00,
    0x1F, 0xF8, 0x07, 0xFE, 0x00, 0x2F, 0xF0, 0x03, 0xFF, 0x00, 0x3F, 0xF0, 0x02, 0xFF, 0x00, 0x7F,
    0xD0, 0x01, 0xFF, 0x80, 0xBF, 0xC0, 0x00, 0xFF, 0xC0, 0xFF, 0xC0, 0x00, 0xBF, 0xC1, 0xFF, 0x40,
    0x00, 0x3F, 0xD2, 0xFF, 0x00, 0x00, 0x3F, 0xF3, 0xFE, 0x00, 0x00, 0x1F, 0xF3, 0xFD, 0x00, 0x00,
    0x0F, 0xFB, 0xFC, 0x00, 0x00, 0x0B, 0xFF, 0xF8, 0x00, 0x00, 0x03, 0xFF, 0xF0, 0x00, 0x00, 0x03,
    0xFF, 0xF0, 0x00, 0x00, 0x01, 0xFF, 0xD0, 0x00, 0x00, 0x00, 0xFF, 0xC0, 0x00, 0x00, 0x00, 0xFF,
    0x80, 0x00, 0x00, 0x02, 0xFF, 0x40, 0x00, 0x00, 0x03, 0xFF, 0x00, 0x00, 0x00, 0x1F, 0xFE, 0x00,
    0x00, 0x0F, 0xFF, 0xFC, 0x00, 0x00, 0x0F, 0xFF, 0xF4, 0x00, 0x00, 0x0F, 0xFF, 0xD0, 0x00, 0x00,
    0x0F, 0xFE, 0x00, 0x00, 0x00, 0xFF, 0xFF, 0xFF, 0xFF, 0xFF, 0xFF, 0xFF, 0xFF, 0xFF, 0xFF, 0xFF,
    0xFF, 0xFF, 0xFF, 0x00, 0x01, 0xFF, 0xC0, 0x00, 0x3F, 0xF4, 0x00, 0x0B, 0xFE, 0x00, 0x01, 0xFF,
    0xC0, 0x00, 0x3F, 0xF4, 0x00, 0x0B, 0xFE, 0x00, 0x01, 0xFF, 0xC0, 0x00, 0x3F, 0xF0, 0x00, 0x0B,
    0xFD, 0x00, 0x01, 0xFF, 0x80, 0x00, 0x3F, 0xF0, 0x00, 0x0B, 0xFF, 0xFF, 0xFF, 0xFF, 0xFF, 0xFF,
    0xFF, 0xFF, 0xFF, 0xFF, 0xFF, 0xFF, 0xFF, 0xF0, 0x00, 0x06, 0xFC, 0x00, 0xFF, 0xF0, 0x0B, 0xFF,
    0xC0, 0x3F, 0xFF, 0x00, 0xFF, 0x80, 0x03, 0xFC, 0x00, 0x0F, 0xF0, 0x00, 0x3F, 0xC0, 0x00, 0xFF,
    0x00, 0x03, 0xFC, 0x00, 0x0F, 0xF0, 0x00, 0x7F, 0xC0, 0x07, 0xFF, 0x03, 0xFF, 0xF4, 0x0F, 0xFE,
    0x00, 0x3F, 0xF8, 0x00, 0xFF, 0xFD, 0x00, 0x1F, 0xFC, 0x00, 0x1F, 0xF0, 0x00, 0x3F, 0xC0, 0x00,
    0xFF, 0x00, 0x03, 0xFC, 0x00, 0x0F, 0xF0, 0x00, 0x3F, 0xC0, 0x00, 0xFF, 0x00, 0x03, 0xFE, 0x00,
    0x0F, 0xFF, 0xC0, 0x2F, 0xFF, 0x00, 0x3F, 0xFC, 0x00, 0x1B, 0xF0, 0xFF, 0xFF, 0xFF, 0xFF, 0xFF,
    0xFF, 0xFF, 0xFF, 0xFF, 0xFF, 0xFF, 0xFF, 0xFF, 0xFF, 0xFF, 0xFF, 0xFF, 0xFF, 0xFF, 0xFF, 0xFF,
    0xFF, 0xFF, 0xFF, 0xFF, 0xFF, 0xFF, 0xFF, 0xFF, 0xFF, 0xFF, 0xFF, 0xFF, 0xFF, 0xFE, 0x40, 0x00,
    0xFF, 0xF0, 0x00, 0xFF, 0xF8, 0x00, 0xFF, 0xFC, 0x00, 0x0B, 0xFC, 0x00, 0x03, 0xFC, 0x00, 0x03,
    0xFC, 0x00, 0x03, 0xFC, 0x00, 0x03, 0xFC, 0x00, 0x03, 0xFC, 0x00, 0x03, 0xFC, 0x00, 0x03, 0xFD,
    0x00, 0x03, 0xFF, 0x40, 0x01, 0xFF, 0xFD, 0x00, 0x2F, 0xFE, 0x00, 0x2F, 0xFE, 0x01, 0xFF, 0xFE,
    0x03, 0xFF, 0x80, 0x03, 0xFD, 0x00, 0x03, 0xFC, 0x00, 0x03, 0xFC, 0x00, 0x03, 0xFC, 0x00, 0x03,
    0xFC, 0x00, 0x03, 0xFC, 0x00, 0x03, 0xFC, 0x00, 0x0B, 0xFC, 0x00, 0xFF, 0xFC, 0x00, 0xFF, 0xF8,
    0x00, 0xFF, 0xF0, 0x00, 0xFE, 0x40, 0x00, 0x1B, 0xF9, 0x00, 0x01, 0xBF, 0xFF, 0xD0, 0x0B, 0xFF,
    0xFF, 0xFF, 0xFF, 0xFF, 0xFF, 0xFF, 0xFF, 0xF4, 0x0B, 0xFF, 0xFE, 0x80, 0x00, 0x6F, 0xF4, 0x00,
    0x00, 0x00, 0x00, 0x3F, 0x0B, 0xFC, 0xFF, 0xCF, 0xFC, 0xBF, 0xC3, 0xF0, 0x00, 0x00, 0x00, 0x00,
    0x0F, 0xFC, 0xFF, 0xCF, 0xFC, 0xFF, 0xCF, 0xFC, 0xFF, 0xCF, 0xFC, 0xFF, 0xCF, 0xFC, 0xFF, 0xCF,
    0xFC, 0xFF, 0xCF, 0xFC, 0xFF, 0xCF, 0xFC, 0xFF, 0xC0, 0x00, 0x03, 0xF0, 0x00, 0x00, 0x0F, 0xC0,
    0x00, 0x00, 0x3F, 0x00, 0x00, 0x1F, 0xFF, 0xF4, 0x03, 0xFF, 0xFF, 0xF4, 0x3F, 0xFF, 0xFF, 0xC3,
    0xFF, 0xFF, 0xFE, 0x1F, 0xFF, 0x40, 0x74, 0xBF, 0xF0, 0x00, 0x03, 0xFF, 0x40, 0x00, 0x0F, 0xFC,
    0x00, 0x00, 0x3F, 0xF0, 0x00, 0x00, 0xFF, 0xC0, 0x00, 0x03, 0xFF, 0x00, 0x00, 0x0F, 0xFD, 0x00,
    0x00, 0x2F, 0xFC, 0x00, 0x00, 0x3F, 0xFD, 0x01, 0xB0, 0xBF, 0xFF, 0xFF, 0xC0, 0xFF, 0xFF, 0xFF,
    0x00, 0xBF, 0xFF, 0xFC, 0x00, 0x2B, 0xFF, 0x40, 0x00, 0x0F, 0xC0, 0x00, 0x00, 0x3F, 0x00, 0x00,
    0x00, 0xFC, 0x00, 0x00, 0x06, 0xFF, 0xE4, 0x00, 0x0F, 0xFF, 0xFF, 0xC0, 0x0F, 0xFF, 0xFF, 0xF0,
    0x0B, 0xFF, 0xFF, 0xF4, 0x03, 0xFF, 0x80, 0x18, 0x00, 0xFF, 0xC0, 0x00, 0x00, 0x3F, 0xF0, 0x00,
    0x00, 0x0F, 0xFC, 0x00, 0x00, 0x03, 0xFF, 0x00, 0x00, 0x3F, 0xFF, 0xFF, 0xFC, 0x0F, 0xFF, 0xFF,
    0xFF, 0x03, 0xFF, 0xFF, 0xFF, 0xC0, 0xFF, 0xFF, 0xFF, 0xF0, 0x00, 0xFF, 0xC0, 0x00, 0x00, 0x3F,
    0xF0, 0x00, 0x00, 0x0F, 0xFC, 0x00, 0x00, 0x03, 0xFF, 0x00, 0x00, 0x01, 0xFF, 0x80, 0x00, 0x00,
    0xFF, 0xC0, 0x00, 0x00, 0xBF, 0xD0, 0x00, 0x00, 0xFF, 0xFF, 0xFF, 0xFF, 0xFF, 0xFF, 0xFF, 0xFF,
    0xFF, 0xFF, 0xFF, 0xFF, 0xFF, 0xFF, 0xFF, 0xFF, 0xFF, 0x00, 0x00, 0x00, 0x00, 0x02, 0x80, 0x00,
    0x0A, 0x01, 0xF5, 0xBF, 0x9B, 0xD0, 0xFF, 0xFF, 0xFF, 0xFC, 0x1F, 0xFF, 0xFF, 0xFD, 0x02, 0xFF,
    0xFF, 0xFD, 0x00, 0xBF, 0x40, 0xBF, 0x80, 0x3F, 0x40, 0x07, 0xF0, 0x0F, 0xC0, 0x00, 0xFC, 0x03,
    0xF0, 0x00, 0x3F, 0x00, 0xFD, 0x00, 0x2F, 0xC0, 0x2F, 0xE0, 0x2F, 0xE0, 0x0B, 0xFF, 0xFF, 0xF8,
    0x07, 0xFF, 0xFF, 0xFF, 0x43, 0xFF, 0xFF, 0xFF, 0xF0, 0x7D, 0x6F, 0xE1, 0xF4, 0x0A, 0x00, 0x00,
    0x24, 0x00, 0x00, 0x00, 0x00, 0x00, 0x3F, 0xF0, 0x00, 0x07, 0xFF, 0x07, 0xFE, 0x00, 0x02, 0xFF,
    0x40, 0xFF, 0xC0, 0x00, 0xFF, 0xC0, 0x1F, 0xF8, 0x00, 0xBF, 0xD0, 0x03, 0xFF, 0x00, 0x3F, 0xE0,
    0x00, 0x7F, 0xD0, 0x2F, 0xF0, 0x00, 0x0F, 0xFC, 0x0F, 0xF8, 0x00, 0x01, 0xFF, 0x47, 0xFC, 0x00,
    0x00, 0x3F, 0xF3, 0xFE, 0x00, 0x00, 0x07, 0xFE, 0xFF, 0x00, 0x00, 0x00, 0xFF, 0xFF, 0x80, 0x00,
    0x00, 0x1F, 0xFF, 0xC0, 0x00, 0x00, 0xFF, 0xFF, 0xFF, 0xC0, 0x00, 0x3F, 0xFF, 0xFF, 0xF0, 0x00,
    0x0F, 0xFF, 0xFF, 0xFC, 0x00, 0x00, 0x03, 0xFF, 0x00, 0x00, 0x00, 0x00, 0xFF, 0xC0, 0x00, 0x00,
    0x3F, 0xFF, 0xFF, 0xF0, 0x00, 0x0F, 0xFF, 0xFF, 0xFC, 0x00, 0x03, 0xFF, 0xFF, 0xFF, 0x00, 0x00,
    0x00, 0xFF, 0xC0, 0x00, 0x00, 0x00, 0x3F, 0xF0, 0x00, 0x00, 0x00, 0x0F, 0xFC, 0x00, 0x00, 0x00,
    0x03, 0xFF, 0x00, 0x00, 0xFF, 0xFF, 0xFF, 0xFF, 0xFF, 0xFF, 0xFF, 0xFF, 0xFF, 0xFF, 0xFF, 0xFF,
    0xFF, 0xFF, 0x00, 0x00, 0x00, 0x00, 0x00, 0x00, 0xFF, 0xFF, 0xFF, 0xFF, 0xFF, 0xFF, 0xFF, 0xFF,
    0xFF, 0xFF, 0xFF, 0xFF, 0xFF, 0xFF, 0x02, 0xFF, 0xE4, 0x07, 0xFF, 0xFF, 0xE7, 0xFF, 0xFF, 0xF7,
    0xFE, 0x00, 0xBC, 0xFF, 0x00, 0x00, 0x3F, 0xD0, 0x00, 0x0B, 0xFE, 0x00, 0x00, 0xFF, 0xFD, 0x00,
    0x0F, 0xFF, 0xF4, 0x0F, 0xFF, 0xFF, 0x4B, 0xF8, 0x7F, 0xF7, 0xFC, 0x02, 0xFF, 0xFF, 0x00, 0x3F,
    0xFF, 0xE0, 0x0F, 0xFB, 0xFE, 0x03, 0xFC, 0xFF, 0xFB, 0xFD, 0x0F, 0xFF, 0xFE, 0x00, 0x7F, 0xFF,
    0x40, 0x00, 0xBF, 0xF4, 0x00, 0x03, 0xFF, 0x00, 0x00, 0x3F, 0xD0, 0x00, 0x0F, 0xFF, 0x90, 0x0B,
    0xFB, 0xFF, 0xFF, 0xFC, 0xFF, 0xFF, 0xFC, 0x06, 0xFF, 0xE4, 0x00, 0x3F, 0x41, 0xFC, 0xFF, 0xC3,
    0xFF, 0xFF, 0xC3, 0xFF, 0x7F, 0x41, 0xFD, 0x00, 0x00, 0x00, 0x00, 0x00, 0x00, 0x00, 0x00, 0x2F,
    0xFF, 0x90, 0x00, 0x00, 0x00, 0xFF, 0xFF, 0xFF, 0x40, 0x00, 0x01, 0xFE, 0x40, 0x1B, 0xF8, 0x00,
    0x01, 0xF8, 0x00, 0x00, 0x2F, 0x80, 0x01, 0xF4, 0x00, 0x00, 0x01, 0xF8, 0x00, 0xF8, 0x01, 0xFF,
    0xF4, 0x1F, 0x40, 0xBC, 0x02, 0xFF, 0xFE, 0x02, 0xF0, 0x3C, 0x02, 0xFD, 0x06, 0x00, 0x3C, 0x1F,
    0x00, 0xFC, 0x00, 0x00, 0x0B, 0x8B, 0x80, 0xBD, 0x00, 0x00, 0x01, 0xF3, 0xD0, 0x3F, 0x00, 0x00,
    0x00, 0x3C, 0xF0, 0x0F, 0xC0, 0x00, 0x00, 0x0F, 0x3C, 0x03, 0xF0, 0x00, 0x00, 0x03, 0xCF, 0x00,
    0xFC, 0x00, 0x00, 0x00, 0xF3, 0xD0, 0x3F, 0x00, 0x00, 0x00, 0x3C, 0xB8, 0x0B, 0xD0, 0x00, 0x00,
    0x1F, 0x1F, 0x00, 0xFC, 0x00, 0x00, 0x0B, 0x83, 0xD0, 0x2F, 0x80, 0x20, 0x03, 0xC0, 0xBC, 0x03,
    0xFF, 0xFD, 0x03, 0xF0, 0x0F, 0x80, 0x1F, 0xFE, 0x02, 0xF0, 0x01, 0xF8, 0x00, 0x00, 0x02, 0xF8,
    0x00, 0x2F, 0xC0, 0x00, 0x03, 0xF8, 0x00, 0x01, 0xFF, 0x50, 0x5F, 0xF8, 0x00, 0x00, 0x0B, 0xFF,
    0xFF, 0xF4, 0x00, 0x00, 0x00, 0x2B, 0xFF, 0x80, 0x00, 0x00, 0x1B, 0xFE, 0x40, 0xFF, 0xFF, 0x42,
    0xE5, 0xFF, 0x00, 0x00, 0xFC, 0x00, 0x57, 0xF4, 0xBF, 0xFF, 0xDB, 0xFF, 0xFF, 0x7F, 0x80, 0xFD,
    0xFD, 0x03, 0xF7, 0xFD, 0x7F, 0xD7, 0xFF, 0xEF, 0x47, 0xF8, 0x3D, 0x00, 0x00, 0x00, 0x00, 0x00,
    0x00, 0x74, 0x00, 0x38, 0x00, 0x03, 0xFD, 0x03, 0xFE, 0x00, 0x3F, 0xF4, 0x2F, 0xF8, 0x03, 0xFF,
    0x81, 0xFF, 0xC0, 0x2F, 0xF8, 0x0F, 0xFC, 0x01, 0xFF, 0xC0, 0xFF, 0xD0, 0x1F, 0xFC, 0x0B, 0xFE,
    0x00, 0xFF, 0xD0, 0x7F, 0xF0, 0x01, 0xFF, 0xC0, 0xFF, 0xD0, 0x02, 0xFF, 0x80, 0xFF, 0xC0, 0x03,
    0xFF, 0x81, 0xFF, 0xC0, 0x03, 0xFF, 0x42, 0xFF, 0x80, 0x03, 0xFF, 0x03, 0xFF, 0x40, 0x07, 0xFE,
    0x03, 0xFF, 0x00, 0x0B, 0x80, 0x03, 0xD0, 0x00, 0x00, 0x00, 0x00, 0x00, 0x7F, 0xFF, 0xFF, 0xFF,
    0xEF, 0xFF, 0xFF, 0xFF, 0xFB, 0xFF, 0xFF, 0xFF, 0xFE, 0xFF, 0xFF, 0xFF, 0xFF, 0x00, 0x00, 0x00,
    0x3F, 0xC0, 0x00, 0x00, 0x0F, 0xF0, 0x00, 0x00, 0x03, 0xFC, 0x00, 0x00, 0x00, 0xFF, 0x00, 0x00,
    0x00, 0x3F, 0xC0, 0x00, 0x00, 0x0F, 0xF0, 0xFF, 0xFF, 0xFF, 0xFF, 0xFF, 0xFF, 0xFF, 0xFF, 0xFF,
    0x00, 0x00, 0x00, 0x00, 0x00, 0x00, 0x00, 0x00, 0x2F, 0xFF, 0x90, 0x00, 0x00, 0x00, 0xFF, 0xFF,
    0xFF, 0x40, 0x00, 0x01, 0xFE, 0x40, 0x1B, 0xF8, 0x00, 0x01, 0xF8, 0x00, 0x00, 0x2F, 0x80, 0x01,
    0xF4, 0x00, 0x00, 0x01, 0xF8, 0x00, 0xF8, 0x3F, 0xFF, 0x80, 0x1F, 0x40, 0xBC, 0x0F, 0xFF, 0xFC,
    0x02, 0xF0, 0x3C, 0x03, 0xF0, 0x6F, 0x80, 0x3C, 0x1F, 0x00, 0xFC, 0x03, 0xF0, 0x0B, 0x8B, 0x80,
    0x3F, 0x00, 0xFC, 0x01, 0xF3, 0xD0, 0x0F, 0xC0, 0x3F, 0x00, 0x3C, 0xF0, 0x03, 0xF0, 0x2F, 0x40,
    0x0F, 0x3C, 0x00, 0xFF, 0xFF, 0x80, 0x03, 0xCF, 0x00, 0x3F, 0xFF, 0x80, 0x00, 0xF3, 0xD0, 0x0F,
    0xC3, 0xF0, 0x00, 0x3C, 0xB8, 0x03, 0xF0, 0x7E, 0x00, 0x1F, 0x1F, 0x00, 0xFC, 0x0B, 0xC0, 0x0B,
    0x83, 0xD0, 0x3F, 0x00, 0xFC, 0x03, 0xC0, 0xBC, 0x0F, 0xC0, 0x2F, 0x43, 0xF0, 0x0F, 0x83, 0xF0,
    0x03, 0xF2, 0xF0, 0x01, 0xF8, 0x00, 0x00, 0x02, 0xF8, 0x00, 0x2F, 0xC0, 0x00, 0x03, 0xF8, 0x00,
    0x01, 0xFF, 0x50, 0x5F, 0xF8, 0x00, 0x00, 0x0B, 0xFF, 0xFF, 0xF4, 0x00, 0x00, 0x00, 0x2B, 0xFF,
    0x80, 0x00, 0x00, 0xFF, 0xFF, 0xFF, 0xFF, 0xFF, 0xFF, 0xFF, 0xFF, 0xFF, 0xFF, 0xFF, 0xFF, 0xFF,
    0xFF, 0xFF, 0xFF, 0xFF, 0x02, 0xFE, 0x00, 0x7F, 0xFF, 0x43, 0xFF, 0xFF, 0x2F, 0xC0, 0xFE, 0xFC,
    0x00, 0xFF, 0xF0, 0x03, 0xFF, 0xC0, 0x0F, 0xEF, 0xC0, 0xFE, 0x3F, 0xFF, 0xF0, 0x7F, 0xFF, 0x40,
    0x2F, 0xE0, 0x00, 0x00, 0x0F, 0xF0, 0x00, 0x00, 0x0F, 0xF0, 0x00, 0x00, 0x0F, 0xF0, 0x00, 0x00,
    0x0F, 0xF0, 0x00, 0x00, 0x0F, 0xF0, 0x00, 0x00, 0x0F, 0xF0, 0x00, 0x00, 0x0F, 0xF0, 0x00, 0xFF,
    0xFF, 0xFF, 0xFF, 0xFF, 0xFF, 0xFF, 0xFF, 0xFF, 0xFF, 0xFF, 0xFF, 0xFF, 0xFF, 0xFF, 0xFF, 0x00,
    0x0F, 0xF0, 0x00, 0x00, 0x0F, 0xF0, 0x00, 0x00, 0x0F, 0xF0, 0x00, 0x00, 0x0F, 0xF0, 0x00, 0x00,
    0x0F, 0xF0, 0x00, 0x00, 0x0F, 0xF0, 0x00, 0x00, 0x00, 0x00, 0x00, 0xFF, 0xFF, 0xFF, 0xFF, 0xFF,
    0xFF, 0xFF, 0xFF, 0xFF, 0xFF, 0xFF, 0xFF, 0xFF, 0xFF, 0xFF, 0xFF, 0x01, 0xFF, 0x80, 0x1F, 0xFF,
    0xF0, 0x3F, 0xFF, 0xFC, 0x0F, 0x9B, 0xFC, 0x04, 0x03, 0xFC, 0x00, 0x03, 0xFC, 0x00, 0x0B, 0xF8,
    0x00, 0x1F, 0xF0, 0x00, 0x7F, 0xC0, 0x01, 0xFF, 0x00, 0x07, 0xFC, 0x00, 0x1F, 0xF5, 0x55, 0x3F,
    0xFF, 0xFF, 0x3F, 0xFF, 0xFF, 0x3F, 0xFF, 0xFF, 0x01, 0xBF, 0xE0, 0x07, 0xFF, 0xFF, 0x42, 0xFF,
    0xFF, 0xF0, 0x3E, 0x5B, 0xFC, 0x00, 0x00, 0xFF, 0x00, 0x00, 0xBF, 0x40, 0x1F, 0xFF, 0x40, 0x07,
    0xFF, 0x80, 0x01, 0xFF, 0xFC, 0x00, 0x00, 0x7F, 0xC0, 0x00, 0x0F, 0xF0, 0xF9, 0x5F, 0xFC, 0x3F,
    0xFF, 0xFE, 0x0F, 0xFF, 0xFF, 0x00, 0x7F, 0xF9, 0x00, 0x00, 0x6A, 0x90, 0x1F, 0xFC, 0x07, 0xFF,
    0x00, 0xFF, 0xC0, 0x3F, 0xE0, 0x0B, 0xF4, 0x00, 0xFF, 0xC0, 0x00, 0xFF, 0xFF, 0xF0, 0x00, 0x3F,
    0xFF, 0xFC, 0x00, 0x0F, 0xFF, 0xFF, 0x00, 0x03, 0xFF, 0xFF, 0xC0, 0x00, 0xFF, 0xFF, 0xF0, 0x00,
    0x3F, 0xFF, 0xFC, 0x00, 0x0F, 0xFF, 0xFF, 0x00, 0x03, 0xFF, 0xFF, 0xC0, 0x00, 0xFF, 0xFF, 0xF0,
    0x00, 0x3F, 0xFF, 0xFC, 0x00, 0x0F, 0xFF, 0xFF, 0x00, 0x07, 0xFF, 0xFF, 0xD0, 0x02, 0xFF, 0xFF,
    0xF8, 0x00, 0xFF, 0xFF, 0xFF, 0x40, 0xBF, 0xFF, 0xFF, 0xFF, 0xFF, 0xFF, 0xFF, 0xFF, 0xFF, 0xBF,
    0xFF, 0xFF, 0xFF, 0x5F, 0xFF, 0xFD, 0xBF, 0x43, 0xFF, 0xFF, 0x00, 0x00, 0x00, 0xFF, 0xC0, 0x00,
    0x00, 0x3F, 0xF0, 0x00, 0x00, 0x0F, 0xFC, 0x00, 0x00, 0x03, 0xFF, 0x00, 0x00, 0x00, 0xFF, 0xC0,
    0x00, 0x00, 0x3F, 0xF0, 0x00, 0x00, 0x0F, 0xFC, 0x00, 0x00, 0x00, 0x00, 0xBF, 0xFF, 0xFF, 0xC2,
    0xFF, 0xFF, 0xFF, 0xF2, 0xFF, 0xFF, 0xFF, 0xFC, 0xFF, 0xFF, 0xFC, 0x3F, 0xBF, 0xFF, 0xFF, 0x0F,
    0xFF, 0xFF, 0xFF, 0xC3, 0xFF, 0xFF, 0xFF, 0xF0, 0xFF, 0xFF, 0xFF, 0xFC, 0x3F, 0xFF, 0xFF, 0xFF,
    0x0F, 0xFF, 0xFF, 0xFF, 0xC3, 0xFF, 0xFF, 0xFF, 0xF0, 0xFE, 0xFF, 0xFF, 0xFC, 0x3F, 0x7F, 0xFF,
    0xFF, 0x0F, 0xCF, 0xFF, 0xFF, 0xC3, 0xF1, 0xFF, 0xFF, 0xF0, 0xFC, 0x1F, 0xFF, 0xFC, 0x3F, 0x00,
    0x6A, 0xBF, 0x0F, 0xC0, 0x00, 0x0F, 0xC3, 0xF0, 0x00, 0x03, 0xF0, 0xFC, 0x00, 0x00, 0xFC, 0x3F,
    0x00, 0x00, 0x3F, 0x0F, 0xC0, 0x00, 0x0F, 0xC3, 0xF0, 0x00, 0x03, 0xF0, 0xFC, 0x00, 0x00, 0xFC,
    0x3F, 0x00, 0x00, 0x3F, 0x0F, 0xC0, 0x00, 0x0F, 0xC3, 0xF0, 0x00, 0x03, 0xF0, 0xFC, 0x00, 0x00,
    0xFC, 0x3F, 0x00, 0x00, 0x3F, 0x0F, 0xC0, 0x00, 0x0F, 0xC3, 0xF0, 0x2F, 0x8B, 0xFE, 0xFF, 0xFF,
    0xFF, 0xBF, 0xE2, 0xF8, 0x0F, 0xC0, 0x1F, 0xE0, 0x1B, 0xFD, 0x00, 0xFF, 0x00, 0xFF, 0xFF, 0xFF,
    0xFF, 0xFC, 0xBF, 0xE0, 0x00, 0x3F, 0xC0, 0x1F, 0xFC, 0x0B, 0xFF, 0xC3, 0xFF, 0xFC, 0x3F, 0x7F,
    0xC0, 0xC3, 0xFC, 0x00, 0x3F, 0xC0, 0x03, 0xFC, 0x00, 0x3F, 0xC0, 0x03, 0xFC, 0x00, 0x3F, 0xC0,
    0x03, 0xFC, 0x00, 0x3F, 0xC0, 0x03, 0xFC, 0x06, 0xFE, 0x00, 0x7F, 0xFF, 0x43, 0xF9, 0xBF, 0x2F,
    0x80, 0xBE, 0xFD, 0x01, 0xFF, 0xF4, 0x07, 0xFF, 0xD0, 0x1F, 0xFF, 0x40, 0x7F, 0xBE, 0x02, 0xF8,
    0xFE, 0x6F, 0xC1, 0xFF, 0xFD, 0x00, 0xBF, 0x80, 0x00, 0x00, 0x00, 0x00, 0x00, 0x1E, 0x00, 0x0B,
    0x00, 0x03, 0xFD, 0x02, 0xFE, 0x00, 0x0F, 0xFC, 0x0F, 0xFE, 0x00, 0x1F, 0xFC, 0x0F, 0xFD, 0x00,
    0x2F, 0xF8, 0x1F, 0xFC, 0x00, 0x3F, 0xF4, 0x1F, 0xFC, 0x00, 0x3F, 0xF4, 0x2F, 0xF8, 0x00, 0x7F,
    0xF0, 0x3F, 0xF4, 0x03, 0xFF, 0x81, 0xFF, 0xC0, 0x2F, 0xF8, 0x0F, 0xFC, 0x01, 0xFF, 0xC0, 0xFF,
    0xD0, 0x0F, 0xFC, 0x0F, 0xFE, 0x00, 0xFF, 0xD0, 0xBF, 0xE0, 0x07, 0xFE, 0x03, 0xFF, 0x00, 0x02,
    0xE0, 0x01, 0xF0, 0x00, 0x00, 0x00, 0x00, 0x00, 0x00, 0x00, 0x3F, 0xC0, 0x00, 0x0F, 0xE0, 0x00,
    0x03, 0xFF, 0x00, 0x00, 0xBF, 0x00, 0x00, 0x7F, 0xFC, 0x00, 0x03, 0xF8, 0x00, 0x07, 0xFF, 0xF0,
    0x00, 0x2F, 0xC0, 0x00, 0x3F, 0xBF, 0xC0, 0x01, 0xFE, 0x00, 0x00, 0x34, 0xFF, 0x00, 0x0F, 0xF0,
    0x00, 0x00, 0x03, 0xFC, 0x00, 0x7F, 0x80, 0x00, 0x00, 0x0F, 0xF0, 0x03, 0xFC, 0x00, 0x00, 0x00,
    0x3F, 0xC0, 0x1F, 0xE0, 0x00, 0x00, 0x00, 0xFF, 0x00, 0xFF, 0x00, 0x00, 0x00, 0x03, 0xFC, 0x07,
    0xF8, 0x07, 0xFC, 0x00, 0x0F, 0xF0, 0x3F, 0xC0, 0x3F, 0xF0, 0x00, 0x3F, 0xC1, 0xFE, 0x01, 0xFF,
    0xC0, 0x00, 0xFF, 0x0F, 0xF0, 0x0F, 0xFF, 0x00, 0x03, 0xFC, 0x7F, 0x80, 0xBB, 0xFC, 0x00, 0x00,
    0x03, 0xFC, 0x03, 0xDF, 0xF0, 0x00, 0x00, 0x1F, 0xE0, 0x3F, 0x3F, 0xC0, 0x00, 0x00, 0xFF, 0x01,
    0xF4, 0xFF, 0x00, 0x00, 0x07, 0xF8, 0x0F, 0x83, 0xFC, 0x00, 0x00, 0x3F, 0xC0, 0xBC, 0x0F, 0xF0,
    0x00, 0x01, 0xFE, 0x03, 0xFF, 0xFF, 0xFC, 0x00, 0x0F, 0xF0, 0x0F, 0xFF, 0xFF, 0xF0, 0x00, 0x7F,
    0x80, 0x3F, 0xFF, 0xFF, 0xC0, 0x03, 0xFC, 0x00, 0x00, 0x0F, 0xF0, 0x00, 0x1F, 0xE0, 0x00, 0x00,
    0x3F, 0xC0, 0x00, 0x3F, 0xC0, 0x00, 0x0F, 0xF0, 0x00, 0x00, 0xFF, 0xC0, 0x00, 0x2F, 0xE0, 0x00,
    0x07, 0xFF, 0xC0, 0x00, 0x3F, 0xC0, 0x00, 0x1F, 0xFF, 0xC0, 0x00, 0xBF, 0x80, 0x00, 0x3F, 0xBF,
    0xC0, 0x00, 0xFF, 0x00, 0x00, 0x0E, 0x3F, 0xC0, 0x02, 0xFE, 0x00, 0x00, 0x00, 0x3F, 0xC0, 0x03,
    0xFC, 0x00, 0x00, 0x00, 0x3F, 0xC0, 0x0B, 0xF8, 0x00, 0x00, 0x00, 0x3F, 0xC0, 0x0F, 0xF0, 0x00,
    0x00, 0x00, 0x3F, 0xC0, 0x2F, 0xE0, 0x00, 0x00, 0x00, 0x3F, 0xC0, 0x7F, 0xC1, 0xBF, 0xE0, 0x00,
    0x3F, 0xC0, 0xFF, 0x5F, 0xFF, 0xFC, 0x00, 0x3F, 0xC1, 0xFF, 0x2F, 0xFF, 0xFE, 0x00, 0x3F, 0xC3,
    0xFD, 0x0F, 0x81, 0xFF, 0x00, 0x3F, 0xC7, 0xFC, 0x00, 0x00, 0xFF, 0x00, 0x00, 0x0F, 0xF4, 0x00,
    0x01, 0xFE, 0x00, 0x00, 0x1F, 0xF0, 0x00, 0x03, 0xFC, 0x00, 0x00, 0x3F, 0xD0, 0x00, 0x0F, 0xF4,
    0x00, 0x00, 0x7F, 0xC0, 0x00, 0x7F, 0xD0, 0x00, 0x00, 0xFF, 0x00, 0x01, 0xFF, 0x40, 0x00, 0x01,
    0xFE, 0x00, 0x0B, 0xFC, 0x00, 0x00, 0x03, 0xFC, 0x00, 0x2F, 0xFF, 0xFF, 0x00, 0x07, 0xF8, 0x00,
    0x3F, 0xFF, 0xFF, 0x00, 0x0F, 0xF0, 0x00, 0x3F, 0xFF, 0xFF, 0x00, 0x1F, 0xE0, 0x00, 0x3F, 0xFF,
    0xFF, 0x02, 0xFE, 0x40, 0x00, 0x06, 0xA0, 0x00, 0xBF, 0xFF, 0xC0, 0x00, 0x3F, 0xC0, 0x03, 0xFF,
    0xFF, 0x80, 0x01, 0xFD, 0x00, 0x07, 0x41, 0xFF, 0x00, 0x0F, 0xF0, 0x00, 0x00, 0x03, 0xFC, 0x00,
    0x7F, 0x40, 0x00, 0x00, 0x1F, 0xE0, 0x03, 0xFC, 0x00, 0x00, 0x3F, 0xFD, 0x00, 0x2F, 0xD0, 0x00,
    0x01, 0xFF, 0xC0, 0x00, 0xFF, 0x00, 0x00, 0x07, 0xFF, 0xE0, 0x0B, 0xF4, 0x00, 0x00, 0x00, 0x2F,
    0xE0, 0x3F, 0xC0, 0x00, 0x00, 0x00, 0x3F, 0xC2, 0xFD, 0x07, 0xFC, 0x10, 0x00, 0xFF, 0x1F, 0xE0,
    0x3F, 0xF0, 0xB8, 0x0B, 0xFC, 0xFF, 0x01, 0xFF, 0xC2, 0xFF, 0xFF, 0xD7, 0xF8, 0x0F, 0xFF, 0x07,
    0xFF, 0xFE, 0x3F, 0xC0, 0xBF, 0xFC, 0x01, 0xBF, 0x81, 0xFE, 0x03, 0xDF, 0xF0, 0x00, 0x00, 0x0F,
    0xF0, 0x3F, 0x3F, 0xC0, 0x00, 0x00, 0x7F, 0x81, 0xF4, 0xFF, 0x00, 0x00, 0x03, 0xFC, 0x0F, 0xC3,
    0xFC, 0x00, 0x00, 0x2F, 0xE0, 0xBC, 0x0F, 0xF0, 0x00, 0x00, 0xFF, 0x03, 0xFF, 0xFF, 0xFC, 0x00,
    0x0B, 0xF4, 0x0F, 0xFF, 0xFF, 0xF0, 0x00, 0x3F, 0xC0, 0x3F, 0xFF, 0xFF, 0xC0, 0x02, 0xFD, 0x00,
    0x00, 0x0F, 0xF0, 0x00, 0x0F, 0xF0, 0x00, 0x00, 0x3F, 0xC0, 0x00, 0x0B, 0xE0, 0x00, 0x00, 0xBF,
    0xE0, 0x00, 0x03, 0xFF, 0xC0, 0x00, 0x0F, 0xFF, 0x00, 0x00, 0x2F, 0xF8, 0x00, 0x00, 0x2F, 0x80,
    0x00, 0x00, 0x00, 0x00, 0x00, 0x00, 0x00, 0x00, 0x00, 0x05, 0x50, 0x00, 0x00, 0x3F, 0xC0, 0x00,
    0x00, 0xFF, 0x00, 0x00, 0x0F, 0xFC, 0x00, 0x00, 0xFF, 0xE0, 0x00, 0x0F, 0xFF, 0x00, 0x00, 0xFF,
    0xF0, 0x00, 0x0F, 0xFF, 0x00, 0x00, 0xBF, 0xF0, 0x00, 0x03, 0xFF, 0x40, 0x00, 0x0F, 0xFC, 0x00,
    0x00, 0x3F, 0xF0, 0x00, 0x10, 0xFF, 0xF0, 0x07, 0xE2, 0xFF, 0xFF, 0xFF, 0xC3, 0xFF, 0xFF, 0xFF,
    0x83, 0xFF, 0xFF, 0xF8, 0x01, 0xBF, 0xF9, 0x00, 0x00, 0x07, 0xFF, 0x40, 0x00, 0x00, 0x00, 0x01,
    0xFF, 0xC0, 0x00, 0x00, 0x00, 0x00, 0x7F, 0xF0, 0x00, 0x00, 0x00, 0x00, 0x0F, 0xF8, 0x00, 0x00,
    0x00, 0x00, 0x02, 0xFD, 0x00, 0x00, 0x00, 0x00, 0x00, 0x69, 0x00, 0x00, 0x00, 0x00, 0x00, 0x00,
    0x00, 0x00, 0x00, 0x00, 0x00, 0x00, 0x00, 0x00, 0x00, 0x00, 0xFF, 0xFC, 0x00, 0x00, 0x00, 0x00,
    0xFF, 0xFC, 0x00, 0x00, 0x00, 0x02, 0xFF, 0xFE, 0x00, 0x00, 0x00, 0x03, 0xFF, 0xFF, 0x00, 0x00,
    0x00, 0x03, 0xFE, 0xFF, 0x00, 0x00, 0x00, 0x0B, 0xFC, 0xFF, 0x80, 0x00, 0x00, 0x0F, 0xFC, 0xFF,
    0xC0, 0x00, 0x00, 0x1F, 0xF8, 0x7F, 0xD0, 0x00, 0x00, 0x2F, 0xF4, 0x3F, 0xE0, 0x00, 0x00, 0x3F,
    0xF0, 0x3F, 0xF0, 0x00, 0x00, 0x7F, 0xE0, 0x2F, 0xF4, 0x00, 0x00, 0xBF, 0xD0, 0x1F, 0xF8, 0x00,
    0x00, 0xFF, 0xC0, 0x0F, 0xFC, 0x00, 0x01, 0xFF, 0x80, 0x0B, 0xFD, 0x00, 0x02, 0xFF, 0xFF, 0xFF,
    0xFE, 0x00, 0x03, 0xFF, 0xFF, 0xFF, 0xFF, 0x00, 0x07, 0xFF, 0xFF, 0xFF, 0xFF, 0x40, 0x0B, 0xFF,
    0xFF, 0xFF, 0xFF, 0xC0, 0x0F, 0xFC, 0x00, 0x00, 0xFF, 0xC0, 0x1F, 0xFC, 0x00, 0x00, 0xFF, 0xD0,
    0x3F, 0xF8, 0x00, 0x00, 0xBF, 0xF0, 0x3F, 0xF4, 0x00, 0x00, 0x3F, 0xF0, 0x7F, 0xF0, 0x00, 0x00,
    0x3F, 0xF8, 0xFF, 0xE0, 0x00, 0x00, 0x2F, 0xFC, 0x00, 0x00, 0x00, 0xBF, 0xF0, 0x00, 0x00, 0x00,
    0x01, 0xFF, 0xC0, 0x00, 0x00, 0x00, 0x03, 0xFF, 0x00, 0x00, 0x00, 0x00, 0x0F, 0xF8, 0x00, 0x00,
    0x00, 0x00, 0x2F, 0xD0, 0x00, 0x00, 0x00, 0x00, 0x2A, 0x00, 0x00, 0x00, 0x00, 0x00, 0x00, 0x00,
    0x00, 0x00, 0x00, 0x00, 0x00, 0x00, 0x00, 0x00, 0x00, 0x00, 0xFF, 0xFC, 0x00, 0x00, 0x00, 0x00,
    0xFF, 0xFC, 0x00, 0x00, 0x00, 0x02, 0xFF, 0xFE, 0x00, 0x00, 0x00, 0x03, 0xFF, 0xFF, 0x00, 0x00,
    0x00, 0x03, 0xFE, 0xFF, 0x00, 0x00, 0x00, 0x0B, 0xFC, 0xFF, 0x80, 0x00, 0x00, 0x0F, 0xFC, 0xFF,
    0xC0, 0x00, 0x00, 0x1F, 0xF8, 0x7F, 0xD0, 0x00, 0x00, 0x2F, 0xF4, 0x3F, 0xE0, 0x00, 0x00, 0x3F,
    0xF0, 0x3F, 0xF0, 0x00, 0x00, 0x7F, 0xE0, 0x2F, 0xF4, 0x00, 0x00, 0xBF, 0xD0, 0x1F, 0xF8, 0x00,
    0x00, 0xFF, 0xC0, 0x0F, 0xFC, 0x00, 0x01, 0xFF, 0x80, 0x0B, 0xFD, 0x00, 0x02, 0xFF, 0xFF, 0xFF,
    0xFE, 0x00, 0x03, 0xFF, 0xFF, 0xFF, 0xFF, 0x00, 0x07, 0xFF, 0xFF, 0xFF, 0xFF, 0x40, 0x0B, 0xFF,
    0xFF, 0xFF, 0xFF, 0xC0, 0x0F, 0xFC, 0x00, 0x00, 0xFF, 0xC0, 0x1F, 0xFC, 0x00, 0x00, 0xFF, 0xD0,
    0x3F, 0xF8, 0x00, 0x00, 0xBF, 0xF0, 0x3F, 0xF4, 0x00, 0x00, 0x3F, 0xF0, 0x7F, 0xF0, 0x00, 0x00,
    0x3F, 0xF8, 0xFF, 0xE0, 0x00, 0x00, 0x2F, 0xFC, 0x00, 0x00, 0x7F, 0xF4, 0x00, 0x00, 0x00, 0x00,
    0xFF, 0xFC, 0x00, 0x00, 0x00, 0x03, 0xFF, 0xFF, 0x00, 0x00, 0x00, 0x0B, 0xF8, 0xBF, 0x80, 0x00,
    0x00, 0x2F, 0xE0, 0x2F, 0xE0, 0x00, 0x00, 0x2A, 0x40, 0x02, 0xA0, 0x00, 0x00, 0x00, 0x00, 0x00,
    0x00, 0x00, 0x00, 0x00, 0x00, 0x00, 0x00, 0x00, 0x00, 0x00, 0xFF, 0xFC, 0x00, 0x00, 0x00, 0x00,
    0xFF, 0xFC, 0x00, 0x00, 0x00, 0x02, 0xFF, 0xFE, 0x00, 0x00, 0x00, 0x03, 0xFF, 0xFF, 0x00, 0x00,
    0x00, 0x03, 0xFE, 0xFF, 0x00, 0x00, 0x00, 0x0B, 0xFC, 0xFF, 0x80, 0x00, 0x00, 0x0F, 0xFC, 0xFF,
    0xC0, 0x00, 0x00, 0x1F, 0xF8, 0x7F, 0xD0, 0x00, 0x00, 0x2F, 0xF4, 0x3F, 0xE0, 0x00, 0x00, 0x3F,
    0xF0, 0x3F, 0xF0, 0x00, 0x00, 0x7F, 0xE0, 0x2F, 0xF4, 0x00, 0x00, 0xBF, 0xD0, 0x1F, 0xF8, 0x00,
    0x00, 0xFF, 0xC0, 0x0F, 0xFC, 0x00, 0x01, 0xFF, 0x80, 0x0B, 0xFD, 0x00, 0x02, 0xFF, 0xFF, 0xFF,
    0xFE, 0x00, 0x03, 0xFF, 0xFF, 0xFF, 0xFF, 0x00, 0x07, 0xFF, 0xFF, 0xFF, 0xFF, 0x40, 0x0B, 0xFF,
    0xFF, 0xFF, 0xFF, 0xC0, 0x0F, 0xFC, 0x00, 0x00, 0xFF, 0xC0, 0x1F, 0xFC, 0x00, 0x00, 0xFF, 0xD0,
    0x3F, 0xF8, 0x00, 0x00, 0xBF, 0xF0, 0x3F, 0xF4, 0x00, 0x00, 0x3F, 0xF0, 0x7F, 0xF0, 0x00, 0x00,
    0x3F, 0xF8, 0xFF, 0xE0, 0x00, 0x00, 0x2F, 0xFC, 0x00, 0x00, 0x00, 0x00, 0x00, 0x00, 0x00, 0x02,
    0xFE, 0x00, 0xF4, 0x00, 0x00, 0x0F, 0xFF, 0xE7, 0xF0, 0x00, 0x00, 0x1F, 0xFF, 0xFF, 0xF0, 0x00,
    0x00, 0x3F, 0x5B, 0xFF, 0xC0, 0x00, 0x00, 0x3E, 0x00, 0xBE, 0x00, 0x00, 0x00, 0x00, 0x00, 0x00,
    0x00, 0x00, 0x00, 0x00, 0x00, 0x00, 0x00, 0x00, 0x00, 0x00, 0xFF, 0xFC, 0x00, 0x00, 0x00, 0x00,
    0xFF, 0xFC, 0x00, 0x00, 0x00, 0x02, 0xFF, 0xFE, 0x00, 0x00, 0x00, 0x03, 0xFF, 0xFF, 0x00, 0x00,
    0x00, 0x03, 0xFE, 0xFF, 0x00, 0x00, 0x00, 0x0B, 0xFC, 0xFF, 0x80, 0x00, 0x00, 0x0F, 0xFC, 0xFF,
    0xC0, 0x00, 0x00, 0x1F, 0xF8, 0x7F, 0xD0, 0x00, 0x00, 0x2F, 0xF4, 0x3F, 0xE0, 0x00, 0x00, 0x3F,
    0xF0, 0x3F, 0xF0, 0x00, 0x00, 0x7F, 0xE0, 0x2F, 0xF4, 0x00, 0x00, 0xBF, 0xD0, 0x1F, 0xF8, 0x00,
    0x00, 0xFF, 0xC0, 0x0F, 0xFC, 0x00, 0x01, 0xFF, 0x80, 0x0B, 0xFD, 0x00, 0x02, 0xFF, 0xFF, 0xFF,
    0xFE, 0x00, 0x03, 0xFF, 0xFF, 0xFF, 0xFF, 0x00, 0x07, 0xFF, 0xFF, 0xFF, 0xFF, 0x40, 0x0B, 0xFF,
    0xFF, 0xFF, 0xFF, 0xC0, 0x0F, 0xFC, 0x00, 0x00, 0xFF, 0xC0, 0x1F, 0xFC, 0x00, 0x00, 0xFF, 0xD0,
    0x3F, 0xF8, 0x00, 0x00, 0xBF, 0xF0, 0x3F, 0xF4, 0x00, 0x00, 0x3F, 0xF0, 0x7F, 0xF0, 0x00, 0x00,
    0x3F, 0xF8, 0xFF, 0xE0, 0x00, 0x00, 0x2F, 0xFC, 0x00, 0x07, 0xF4, 0x1F, 0xD0, 0x00, 0x00, 0x0F,
    0xFC, 0x3F, 0xF0, 0x00, 0x00, 0x0F, 0xFC, 0x3F, 0xF0, 0x00, 0x00, 0x03, 0xF4, 0x1F, 0xC0, 0x00,
    0x00, 0x00, 0x00, 0x00, 0x00, 0x00, 0x00, 0x00, 0x00, 0x00, 0x00, 0x00, 0x00, 0x00, 0x00, 0x00,
    0x00, 0x00, 0x00, 0x00, 0x3F, 0xFC, 0x00, 0x00, 0x00, 0x00, 0x7F, 0xFD, 0x00, 0x00, 0x00, 0x00,
    0xFF, 0xFF, 0x00, 0x00, 0x00, 0x00, 0xFF, 0xFF, 0x00, 0x00, 0x00, 0x02, 0xFF, 0xFF, 0x80, 0x00,
    0x00, 0x03, 0xFE, 0xBF, 0xC0, 0x00, 0x00, 0x07, 0xFD, 0x7F, 0xC0, 0x00, 0x00, 0x0B, 0xFC, 0x3F,
    0xE0, 0x00, 0x00, 0x0F, 0xFC, 0x3F, 0xF0, 0x00, 0x00, 0x1F, 0xF8, 0x2F, 0xF4, 0x00, 0x00, 0x3F,
    0xF4, 0x1F, 0xF8, 0x00, 0x00, 0x3F, 0xF0, 0x0F, 0xFC, 0x00, 0x00, 0x7F, 0xE0, 0x0B, 0xFD, 0x00,
    0x00, 0xFF, 0xD0, 0x07, 0xFF, 0x00, 0x00, 0xFF, 0xFF, 0xFF, 0xFF, 0x00, 0x02, 0xFF, 0xFF, 0xFF,
    0xFF, 0x80, 0x03, 0xFF, 0xFF, 0xFF, 0xFF, 0xC0, 0x07, 0xFF, 0xFF, 0xFF, 0xFF, 0xD0, 0x0B, 0xFE,
    0x00, 0x00, 0xBF, 0xE0, 0x0F, 0xFD, 0x00, 0x00, 0x7F, 0xF0, 0x1F, 0xFC, 0x00, 0x00, 0x3F, 0xF4,
    0x2F, 0xF8, 0x00, 0x00, 0x2F, 0xF8, 0x3F, 0xF4, 0x00, 0x00, 0x1F, 0xFC, 0x7F, 0xF0, 0x00, 0x00,
    0x0F, 0xFD, 0x00, 0x00, 0x1F, 0xE0, 0x00, 0x00, 0x00, 0x00, 0x7F, 0xFC, 0x00, 0x00, 0x00, 0x00,
    0xFC, 0xBE, 0x00, 0x00, 0x00, 0x00, 0xF0, 0x3F, 0x00, 0x00, 0x00, 0x00, 0xF0, 0x3F, 0x00, 0x00,
    0x00, 0x00, 0xF8, 0x7F, 0x00, 0x00, 0x00, 0x00, 0x7F, 0xFD, 0x00, 0x00, 0x00, 0x00, 0xBF, 0xFD,
    0x00, 0x00, 0x00, 0x00, 0xFF, 0xFF, 0x00, 0x00, 0x00, 0x01, 0xFF, 0xFF, 0x00, 0x00, 0x00, 0x02,
    0xFE, 0xFF, 0x80, 0x00, 0x00, 0x03, 0xFD, 0xFF, 0xC0, 0x00, 0x00, 0x07, 0xFC, 0x7F, 0xC0, 0x00,
    0x00, 0x0B, 0xFC, 0x3F, 0xE0, 0x00, 0x00, 0x0F, 0xF8, 0x3F, 0xF0, 0x00, 0x00, 0x1F, 0xF4, 0x2F,
    0xF4, 0x00, 0x00, 0x3F, 0xF0, 0x1F, 0xF8, 0x00, 0x00, 0x3F, 0xF0, 0x0F, 0xFC, 0x00, 0x00, 0x7F,
    0xD0, 0x0B, 0xFD, 0x00, 0x00, 0xFF, 0xC0, 0x07, 0xFE, 0x00, 0x00, 0xFF, 0xFF, 0xFF, 0xFF, 0x00,
    0x01, 0xFF, 0xFF, 0xFF, 0xFF, 0x40, 0x03, 0xFF, 0xFF, 0xFF, 0xFF, 0xC0, 0x03, 0xFF, 0xFF, 0xFF,
    0xFF, 0xC0, 0x0B, 0xFF, 0x00, 0x00, 0xBF, 0xE0, 0x0F, 0xFD, 0x00, 0x00, 0x7F, 0xF0, 0x0F, 0xFC,
    0x00, 0x00, 0x3F, 0xF0, 0x2F, 0xFC, 0x00, 0x00, 0x3F, 0xF8, 0x3F, 0xF8, 0x00, 0x00, 0x1F, 0xFC,
    0x3F, 0xF0, 0x00, 0x00, 0x0F, 0xFD, 0x00, 0x00, 0x03, 0xFF, 0xFF, 0xFF, 0xFF, 0xF0, 0x00, 0x00,
    0xBF, 0xFF, 0xFF, 0xFF, 0xFF, 0x00, 0x00, 0x0F, 0xFF, 0xFF, 0xFF, 0xFF, 0xF0, 0x00, 0x01, 0xFF,
    0xFF, 0xFF, 0xFF, 0xFF, 0x00, 0x00, 0x3F, 0xE0, 0xFF, 0xC0, 0x00, 0x00, 0x00, 0x07, 0xFD, 0x0F,
    0xFC, 0x00, 0x00, 0x00, 0x00, 0xFF, 0xC0, 0xFF, 0xC0, 0x00, 0x00, 0x00, 0x0F, 0xF4, 0x0F, 0xFC,
    0x00, 0x00, 0x00, 0x02, 0xFF, 0x00, 0xFF, 0xC0, 0x00, 0x00, 0x00, 0x3F, 0xE0, 0x0F, 0xFF, 0xFF,
    0xFD, 0x00, 0x0B, 0xFD, 0x00, 0xFF, 0xFF, 0xFF, 0xE0, 0x00, 0xFF, 0xC0, 0x0F, 0xFF, 0xFF, 0xFE,
    0x00, 0x1F, 0xF4, 0x00, 0xFF, 0xFF, 0xFF, 0xE0, 0x03, 0xFF, 0x00, 0x0F, 0xFC, 0x00, 0x00, 0x00,
    0x7F, 0xFF, 0xFF, 0xFF, 0xC0, 0x00, 0x00, 0x0F, 0xFF, 0xFF, 0xFF, 0xFC, 0x00, 0x00, 0x00, 0xFF,
    0xFF, 0xFF, 0xFF, 0xC0, 0x00, 0x00, 0x2F, 0xFF, 0xFF, 0xFF, 0xFC, 0x00, 0x00, 0x03, 0xFF, 0x00,
    0x00, 0xFF, 0xC0, 0x00, 0x00, 0xBF, 0xD0, 0x00, 0x0F, 0xFC, 0x00, 0x00, 0x0F, 0xFC, 0x00, 0x00,
    0xFF, 0xFF, 0xFF, 0xF1, 0xFF, 0x80, 0x00, 0x0F, 0xFF, 0xFF, 0xFF, 0x3F, 0xF0, 0x00, 0x00, 0xFF,
    0xFF, 0xFF, 0xF7, 0xFF, 0x00, 0x00, 0x0F, 0xFF, 0xFF, 0xFF, 0x00, 0x01, 0xBF, 0xFA, 0x40, 0x00,
    0xBF, 0xFF, 0xFF, 0xC0, 0x0F, 0xFF, 0xFF, 0xFF, 0x00, 0xFF, 0xFF, 0xFF, 0xF8, 0x0F, 0xFF, 0x80,
    0x07, 0xC0, 0xBF, 0xF4, 0x00, 0x00, 0x03, 0xFF, 0x80, 0x00, 0x00, 0x1F, 0xFC, 0x00, 0x00, 0x00,
    0xBF, 0xE0, 0x00, 0x00, 0x03, 0xFF, 0x40, 0x00, 0x00, 0x0F, 0xFC, 0x00, 0x00, 0x00, 0x3F, 0xF0,
    0x00, 0x00, 0x00, 0xFF, 0xC0, 0x00, 0x00, 0x03, 0xFF, 0x00, 0x00, 0x00, 0x0F, 0xFD, 0x00, 0x00,
    0x00, 0x2F, 0xF8, 0x00, 0x00, 0x00, 0x7F, 0xF0, 0x00, 0x00, 0x00, 0xFF, 0xD0, 0x00, 0x00, 0x02,
    0xFF, 0xD0, 0x00, 0x00, 0x03, 0xFF, 0xE0, 0x01, 0xB8, 0x07, 0xFF, 0xFF, 0xFF, 0xE0, 0x0B, 0xFF,
    0xFF, 0xFF, 0x80, 0x07, 0xFF, 0xFF, 0xFD, 0x00, 0x01, 0xBF, 0xFE, 0x80, 0x00, 0x00, 0xBC, 0x00,
    0x00, 0x00, 0x03, 0xFD, 0x00, 0x00, 0x00, 0x07, 0xFE, 0x00, 0x00, 0x00, 0x03, 0xFC, 0x00, 0x00,
    0x00, 0x1F, 0xF0, 0x00, 0x00, 0x1F, 0xFF, 0x80, 0x00, 0x00, 0x7F, 0xFC, 0x00, 0x00, 0x00, 0xBF,
    0x80, 0x00, 0x3F, 0xFC, 0x00, 0x00, 0xFF, 0xE0, 0x00, 0x02, 0xFF, 0x40, 0x00, 0x0B, 0xFC, 0x00,
    0x00, 0x1F, 0xF0, 0x00, 0x00, 0x1A, 0x00, 0x00, 0x00, 0x00, 0x00, 0x00, 0x00, 0x00, 0xFF, 0xFF,
    0xFF, 0xEF, 0xFF, 0xFF, 0xFE, 0xFF, 0xFF, 0xFF, 0xEF, 0xFF, 0xFF, 0xFD, 0xFF, 0xC0, 0x00, 0x0F,
    0xFC, 0x00, 0x00, 0xFF, 0xC0, 0x00, 0x0F, 0xFC, 0x00, 0x00, 0xFF, 0xC0, 0x00, 0x0F, 0xFF, 0xFF,
    0xFC, 0xFF, 0xFF, 0xFF, 0xCF, 0xFF, 0xFF, 0xFC, 0xFF, 0xFF, 0xFF, 0xCF, 0xFC, 0x00, 0x00, 0xFF,
    0xC0, 0x00, 0x0F, 0xFC, 0x00, 0x00, 0xFF, 0xC0, 0x00, 0x0F, 0xFC, 0x00, 0x00, 0xFF, 0xC0, 0x00,
    0x0F, 0xFC, 0x00, 0x00, 0xFF, 0xFF, 0xFF, 0xDF, 0xFF, 0xFF, 0xFE, 0xFF, 0xFF, 0xFF, 0xEF, 0xFF,
    0xFF, 0xFE, 0x00, 0x03, 0xFF, 0x80, 0x00, 0xBF, 0xE0, 0x00, 0x1F, 0xF8, 0x00, 0x03, 0xFD, 0x00,
    0x00, 0xFF, 0x40, 0x00, 0x0A, 0x40, 0x00, 0x00, 0x00, 0x00, 0x00, 0x00, 0x00, 0x00, 0xFF, 0xFF,
    0xFF, 0xEF, 0xFF, 0xFF, 0xFE, 0xFF, 0xFF, 0xFF, 0xEF, 0xFF, 0xFF, 0xFD, 0xFF, 0xC0, 0x00, 0x0F,
    0xFC, 0x00, 0x00, 0xFF, 0xC0, 0x00, 0x0F, 0xFC, 0x00, 0x00, 0xFF, 0xC0, 0x00, 0x0F, 0xFF, 0xFF,
    0xFC, 0xFF, 0xFF, 0xFF, 0xCF, 0xFF, 0xFF, 0xFC, 0xFF, 0xFF, 0xFF, 0xCF, 0xFC, 0x00, 0x00, 0xFF,
    0xC0, 0x00, 0x0F, 0xFC, 0x00, 0x00, 0xFF, 0xC0, 0x00, 0x0F, 0xFC, 0x00, 0x00, 0xFF, 0xC0, 0x00,
    0x0F, 0xFC, 0x00, 0x00, 0xFF, 0xFF, 0xFF, 0xDF, 0xFF, 0xFF, 0xFE, 0xFF, 0xFF, 0xFF, 0xEF, 0xFF,
    0xFF, 0xFE, 0x00, 0xFF, 0xE0, 0x00, 0x2F, 0xFF, 0x40, 0x07, 0xFF, 0xFC, 0x01, 0xFF, 0x1F, 0xF0,
    0x7F, 0xC0, 0x3F, 0xC6, 0x90, 0x00, 0x68, 0x00, 0x00, 0x00, 0x00, 0x00, 0x00, 0x00, 0xFF, 0xFF,
    0xFF, 0xEF, 0xFF, 0xFF, 0xFE, 0xFF, 0xFF, 0xFF, 0xEF, 0xFF, 0xFF, 0xFD, 0xFF, 0xC0, 0x00, 0x0F,
    0xFC, 0x00, 0x00, 0xFF, 0xC0, 0x00, 0x0F, 0xFC, 0x00, 0x00, 0xFF, 0xC0, 0x00, 0x0F, 0xFF, 0xFF,
    0xFC, 0xFF, 0xFF, 0xFF, 0xCF, 0xFF, 0xFF, 0xFC, 0xFF, 0xFF, 0xFF, 0xCF, 0xFC, 0x00, 0x00, 0xFF,
    0xC0, 0x00, 0x0F, 0xFC, 0x00, 0x00, 0xFF, 0xC0, 0x00, 0x0F, 0xFC, 0x00, 0x00, 0xFF, 0xC0, 0x00,
    0x0F, 0xFC, 0x00, 0x00, 0xFF, 0xFF, 0xFF, 0xDF, 0xFF, 0xFF, 0xFE, 0xFF, 0xFF, 0xFF, 0xEF, 0xFF,
    0xFF, 0xFE, 0x1F, 0xD0, 0x7F, 0x43, 0xFF, 0x0F, 0xFC, 0x3F, 0xF0, 0xFF, 0xC1, 0xFC, 0x07, 0xF4,
    0x00, 0x00, 0x00, 0x00, 0x00, 0x00, 0x00, 0x00, 0x00, 0x00, 0x0F, 0xFF, 0xFF, 0xFE, 0xFF, 0xFF,
    0xFF, 0xEF, 0xFF, 0xFF, 0xFE, 0xFF, 0xFF, 0xFF, 0xDF, 0xFC, 0x00, 0x00, 0xFF, 0xC0, 0x00, 0x0F,
    0xFC, 0x00, 0x00, 0xFF, 0xC0, 0x00, 0x0F, 0xFC, 0x00, 0x00, 0xFF, 0xFF, 0xFF, 0xCF, 0xFF, 0xFF,
    0xFC, 0xFF, 0xFF, 0xFF, 0xCF, 0xFF, 0xFF, 0xFC, 0xFF, 0xC0, 0x00, 0x0F, 0xFC, 0x00, 0x00, 0xFF,
    0xC0, 0x00, 0x0F, 0xFC, 0x00, 0x00, 0xFF, 0xC0, 0x00, 0x0F, 0xFC, 0x00, 0x00, 0xFF, 0xC0, 0x00,
    0x0F, 0xFF, 0xFF, 0xFD, 0xFF, 0xFF, 0xFF, 0xEF, 0xFF, 0xFF, 0xFE, 0xFF, 0xFF, 0xFF, 0xE0, 0x7F,
    0xF4, 0x00, 0x1F, 0xFC, 0x00, 0x07, 0xFF, 0x00, 0x00, 0xFF, 0x80, 0x00, 0x3F, 0xD0, 0x00, 0x06,
    0x90, 0x00, 0x00, 0x00, 0x00, 0x00, 0x00, 0x3F, 0xFF, 0xFF, 0x3F, 0xFF, 0xFF, 0x3F, 0xFF, 0xFF,
    0x0B, 0xFF, 0xF8, 0x00, 0xFF, 0xC0, 0x00, 0xFF, 0xC0, 0x00, 0xFF, 0xC0, 0x00, 0xFF, 0xC0, 0x00,
    0xFF, 0xC0, 0x00, 0xFF, 0xC0, 0x00, 0xFF, 0xC0, 0x00, 0xFF, 0xC0, 0x00, 0xFF, 0xC0, 0x00, 0xFF,
    0xC0, 0x00, 0xFF, 0xC0, 0x00, 0xFF, 0xC0, 0x00, 0xFF, 0xC0, 0x00, 0xFF, 0xC0, 0x00, 0xFF, 0xC0,
    0x00, 0xFF, 0xC0, 0x0B, 0xFF, 0xF8, 0x3F, 0xFF, 0xFF, 0x3F, 0xFF, 0xFF, 0x3F, 0xFF, 0xFF, 0x00,
    0x2F, 0xFD, 0x00, 0x7F, 0xF4, 0x00, 0xFF, 0xC0, 0x03, 0xFF, 0x00, 0x0B, 0xF8, 0x00, 0x0A, 0x90,
    0x00, 0x00, 0x00, 0x00, 0x00, 0x00, 0x00, 0xFF, 0xFF, 0xFC, 0xFF, 0xFF, 0xFC, 0xFF, 0xFF, 0xFC,
    0x2F, 0xFF, 0xE0, 0x03, 0xFF, 0x00, 0x03, 0xFF, 0x00, 0x03, 0xFF, 0x00, 0x03, 0xFF, 0x00, 0x03,
    0xFF, 0x00, 0x03, 0xFF, 0x00, 0x03, 0xFF, 0x00, 0x03, 0xFF, 0x00, 0x03, 0xFF, 0x00, 0x03, 0xFF,
    0x00, 0x03, 0xFF, 0x00, 0x03, 0xFF, 0x00, 0x03, 0xFF, 0x00, 0x03, 0xFF, 0x00, 0x03, 0xFF, 0x00,
    0x03, 0xFF, 0x00, 0x2F, 0xFF, 0xE0, 0xFF, 0xFF, 0xFC, 0xFF, 0xFF, 0xFC, 0xFF, 0xFF, 0xFC, 0x00,
    0xBF, 0xF0, 0x00, 0x07, 0xFF, 0xF0, 0x00, 0x3F, 0xFF, 0xF0, 0x03, 0xFD, 0x3F, 0xE0, 0x3F, 0xD0,
    0x2F, 0xE0, 0xA4, 0x00, 0x1A, 0x80, 0x00, 0x00, 0x00, 0x00, 0x00, 0x00, 0x00, 0x0F, 0xFF, 0xFF,
    0xC0, 0x3F, 0xFF, 0xFF, 0x00, 0xFF, 0xFF, 0xFC, 0x00, 0xBF, 0xFF, 0x80, 0x00, 0x3F, 0xF0, 0x00,
    0x00, 0xFF, 0xC0, 0x00, 0x03, 0xFF, 0x00, 0x00, 0x0F, 0xFC, 0x00, 0x00, 0x3F, 0xF0, 0x00, 0x00,
    0xFF, 0xC0, 0x00, 0x03, 0xFF, 0x00, 0x00, 0x0F, 0xFC, 0x00, 0x00, 0x3F, 0xF0, 0x00, 0x00, 0xFF,
    0xC0, 0x00, 0x03, 0xFF, 0x00, 0x00, 0x0F, 0xFC, 0x00, 0x00, 0x3F, 0xF0, 0x00, 0x00, 0xFF, 0xC0,
    0x00, 0x03, 0xFF, 0x00, 0x00, 0x0F, 0xFC, 0x00, 0x02, 0xFF, 0xFE, 0x00, 0x3F, 0xFF, 0xFF, 0x00,
    0xFF, 0xFF, 0xFC, 0x03, 0xFF, 0xFF, 0xF0, 0x7F, 0x41, 0xFD, 0xFF, 0xC3, 0xFF, 0xFF, 0xC3, 0xFF,
    0x7F, 0x41, 0xFC, 0x00, 0x00, 0x00, 0x00, 0x00, 0x00, 0x00, 0x00, 0x00, 0xFF, 0xFF, 0xFC, 0xFF,
    0xFF, 0xFC, 0xFF, 0xFF, 0xFC, 0x2F, 0xFF, 0xE0, 0x03, 0xFF, 0x00, 0x03, 0xFF, 0x00, 0x03, 0xFF,
    0x00, 0x03, 0xFF, 0x00, 0x03, 0xFF, 0x00, 0x03, 0xFF, 0x00, 0x03, 0xFF, 0x00, 0x03, 0xFF, 0x00,
    0x03, 0xFF, 0x00, 0x03, 0xFF, 0x00, 0x03, 0xFF, 0x00, 0x03, 0xFF, 0x00, 0x03, 0xFF, 0x00, 0x03,
    0xFF, 0x00, 0x03, 0xFF, 0x00, 0x03, 0xFF, 0x00, 0x2F, 0xFF, 0xE0, 0xFF, 0xFF, 0xFC, 0xFF, 0xFF,
    0xFC, 0xFF, 0xFF, 0xFC, 0x0F, 0xFF, 0xFF, 0xE4, 0x00, 0x00, 0xFF, 0xFF, 0xFF, 0xF8, 0x00, 0x0F,
    0xFF, 0xFF, 0xFF, 0xF4, 0x00, 0xFF, 0xFF, 0xFF, 0xFF, 0xD0, 0x0F, 0xFC, 0x00, 0x6F, 0xFF, 0x00,
    0xFF, 0xC0, 0x00, 0x7F, 0xF8, 0x0F, 0xFC, 0x00, 0x01, 0xFF, 0xC0, 0xFF, 0xC0, 0x00, 0x0F, 0xFD,
    0x0F, 0xFC, 0x00, 0x00, 0xBF, 0xE0, 0xFF, 0xC0, 0x00, 0x07, 0xFF, 0xFF, 0xFF, 0xFF, 0x00, 0x3F,
    0xFF, 0xFF, 0xFF, 0xF0, 0x03, 0xFF, 0xFF, 0xFF, 0xFF, 0x00, 0x3F, 0xFF, 0xFF, 0xFF, 0xF0, 0x03,
    0xFF, 0x0F, 0xFC, 0x00, 0x00, 0x7F, 0xF0, 0xFF, 0xC0, 0x00, 0x0B, 0xFE, 0x0F, 0xFC, 0x00, 0x00,
    0xFF, 0xD0, 0xFF, 0xC0, 0x00, 0x2F, 0xFC, 0x0F, 0xFC, 0x00, 0x0B, 0xFF, 0x40, 0xFF, 0xC0, 0x07,
    0xFF, 0xF0, 0x0F, 0xFF, 0xFF, 0xFF, 0xFC, 0x00, 0xFF, 0xFF, 0xFF, 0xFF, 0x00, 0x0F, 0xFF, 0xFF,
    0xFF, 0x40, 0x00, 0xFF, 0xFF, 0xFA, 0x00, 0x00, 0x00, 0x00, 0x00, 0x00, 0x00, 0x00, 0x07, 0xFD,
    0x00, 0xF8, 0x00, 0x03, 0xFF, 0xF9, 0xFD, 0x00, 0x03, 0xFF, 0xFF, 0xFF, 0x00, 0x00, 0xFD, 0x6F,
    0xFF, 0x40, 0x00, 0x7D, 0x00, 0xBE, 0x00, 0x00, 0x00, 0x00, 0x00, 0x00, 0x00, 0x00, 0x00, 0x00,
    0x00, 0x00, 0xFF, 0xF4, 0x00, 0x00, 0x3F, 0xFF, 0xFF, 0x00, 0x00, 0x0F, 0xFF, 0xFF, 0xE0, 0x00,
    0x03, 0xFF, 0xFF, 0xFD, 0x00, 0x00, 0xFF, 0xFF, 0xFF, 0xC0, 0x00, 0x3F, 0xFF, 0xFF, 0xF4, 0x00,
    0x0F, 0xFF, 0xFB, 0xFF, 0x00, 0x03, 0xFF, 0xFC, 0xFF, 0xE0, 0x00, 0xFF, 0xFF, 0x1F, 0xFD, 0x00,
    0x3F, 0xFF, 0xC3, 0xFF, 0xC0, 0x0F, 0xFF, 0xF0, 0x3F, 0xF4, 0x03, 0xFF, 0xFC, 0x0B, 0xFF, 0x00,
    0xFF, 0xFF, 0x00, 0xFF, 0xE0, 0x3F, 0xFF, 0xC0, 0x1F, 0xFD, 0x0F, 0xFF, 0xF0, 0x03, 0xFF, 0xC3,
    0xFF, 0xFC, 0x00, 0x3F, 0xF8, 0xFF, 0xFF, 0x00, 0x0B, 0xFF, 0x3F, 0xFF, 0xC0, 0x00, 0xFF, 0xEF,
    0xFF, 0xF0, 0x00, 0x1F, 0xFF, 0xFF, 0xFC, 0x00, 0x03, 0xFF, 0xFF, 0xFF, 0x00, 0x00, 0x3F, 0xFF,
    0xFF, 0xC0, 0x00, 0x0B, 0xFF, 0xFF, 0xF0, 0x00, 0x00, 0xFF, 0xFF, 0xFC, 0x00, 0x00, 0x1F, 0xFF,
    0x00, 0x06, 0xA9, 0x00, 0x00, 0x00, 0x00, 0x1F, 0xFD, 0x00, 0x00, 0x00, 0x00, 0x1F, 0xFC, 0x00,
    0x00, 0x00, 0x00, 0x0F, 0xFC, 0x00, 0x00, 0x00, 0x00, 0x0F, 0xF8, 0x00, 0x00, 0x00, 0x00, 0x0B,
    0xF4, 0x00, 0x00, 0x00, 0x00, 0x00, 0x00, 0x00, 0x00, 0x00, 0x00, 0x00, 0x00, 0x00, 0x00, 0x00,
    0x00, 0x00, 0x00, 0x00, 0x00, 0x1B, 0xFF, 0xE4, 0x00, 0x00, 0x07, 0xFF, 0xFF, 0xFD, 0x00, 0x00,
    0xBF, 0xFF, 0xFF, 0xFE, 0x00, 0x07, 0xFF, 0xFF, 0xFF, 0xFE, 0x00, 0x3F, 0xFD, 0x00, 0x7F, 0xFD,
    0x02, 0xFF, 0xC0, 0x00, 0x3F, 0xFC, 0x0F, 0xFD, 0x00, 0x00, 0x3F, 0xF4, 0x7F, 0xF0, 0x00, 0x00,
    0xBF, 0xE2, 0xFF, 0x80, 0x00, 0x01, 0xFF, 0xCF, 0xFD, 0x00, 0x00, 0x03, 0xFF, 0x3F, 0xF0, 0x00,
    0x00, 0x0F, 0xFC, 0xFF, 0xC0, 0x00, 0x00, 0x3F, 0xF3, 0xFF, 0x00, 0x00, 0x00, 0xFF, 0xCF, 0xFC,
    0x00, 0x00, 0x03, 0xFF, 0x3F, 0xF4, 0x00, 0x00, 0x0F, 0xFC, 0xBF, 0xE0, 0x00, 0x00, 0x7F, 0xF1,
    0xFF, 0xC0, 0x00, 0x02, 0xFF, 0x83, 0xFF, 0x40, 0x00, 0x0F, 0xFC, 0x0B, 0xFF, 0x00, 0x00, 0xFF,
    0xF0, 0x0F, 0xFF, 0x40, 0x1F, 0xFF, 0x40, 0x1F, 0xFF, 0xFF, 0xFF, 0xF8, 0x00, 0x2F, 0xFF, 0xFF,
    0xFF, 0x80, 0x00, 0x1F, 0xFF, 0xFF, 0xF4, 0x00, 0x00, 0x06, 0xFF, 0xF9, 0x00, 0x00, 0x00, 0x00,
    0x00, 0x6A, 0x90, 0x00, 0x00, 0x00, 0x07, 0xFF, 0x00, 0x00, 0x00, 0x00, 0x3F, 0xF0, 0x00, 0x00,
    0x00, 0x03, 0xFF, 0x00, 0x00, 0x00, 0x00, 0x2F, 0xE0, 0x00, 0x00, 0x00, 0x01, 0xFD, 0x00, 0x00,
    0x00, 0x00, 0x00, 0x00, 0x00, 0x00, 0x00, 0x00, 0x00, 0x00, 0x00, 0x00, 0x00, 0x00, 0x00, 0x00,
    0x00, 0x00, 0x00, 0x1B, 0xFF, 0xE4, 0x00, 0x00, 0x07, 0xFF, 0xFF, 0xFD, 0x00, 0x00, 0xBF, 0xFF,
    0xFF, 0xFE, 0x00, 0x07, 0xFF, 0xFF, 0xFF, 0xFE, 0x00, 0x3F, 0xFD, 0x00, 0x7F, 0xFD, 0x02, 0xFF,
    0xC0, 0x00, 0x3F, 0xFC, 0x0F, 0xFD, 0x00, 0x00, 0x3F, 0xF4, 0x7F, 0xF0, 0x00, 0x00, 0xBF, 0xE2,
    0xFF, 0x80, 0x00, 0x01, 0xFF, 0xCF, 0xFD, 0x00, 0x00, 0x03, 0xFF, 0x3F, 0xF0, 0x00, 0x00, 0x0F,
    0xFC, 0xFF, 0xC0, 0x00, 0x00, 0x3F, 0xF3, 0xFF, 0x00, 0x00, 0x00, 0xFF, 0xCF, 0xFC, 0x00, 0x00,
    0x03, 0xFF, 0x3F, 0xF4, 0x00, 0x00, 0x0F, 0xFC, 0xBF, 0xE0, 0x00, 0x00, 0x7F, 0xF1, 0xFF, 0xC0,
    0x00, 0x02, 0xFF, 0x83, 0xFF, 0x40, 0x00, 0x0F, 0xFC, 0x0B, 0xFF, 0x00, 0x00, 0xFF, 0xF0, 0x0F,
    0xFF, 0x40, 0x1F, 0xFF, 0x40, 0x1F, 0xFF, 0xFF, 0xFF, 0xF8, 0x00, 0x2F, 0xFF, 0xFF, 0xFF, 0x80,
    0x00, 0x1F, 0xFF, 0xFF, 0xF4, 0x00, 0x00, 0x06, 0xFF, 0xF9, 0x00, 0x00, 0x00, 0x00, 0x6A, 0x90,
    0x00, 0x00, 0x00, 0x03, 0xFF, 0xD0, 0x00, 0x00, 0x00, 0x3F, 0xFF, 0xC0, 0x00, 0x00, 0x02, 0xFE,
    0xBF, 0xC0, 0x00, 0x00, 0x2F, 0xE0, 0xBF, 0x80, 0x00, 0x01, 0xFD, 0x00, 0x7F, 0x80, 0x00, 0x00,
    0x00, 0x00, 0x00, 0x00, 0x00, 0x00, 0x00, 0x00, 0x00, 0x00, 0x00, 0x00, 0x00, 0x00, 0x00, 0x00,
    0x00, 0x1B, 0xFF, 0xE4, 0x00, 0x00, 0x07, 0xFF, 0xFF, 0xFD, 0x00, 0x00, 0xBF, 0xFF, 0xFF, 0xFE,
    0x00, 0x07, 0xFF, 0xFF, 0xFF, 0xFE, 0x00, 0x3F, 0xFD, 0x00, 0x7F, 0xFD, 0x02, 0xFF, 0xC0, 0x00,
    0x3F, 0xFC, 0x0F, 0xFD, 0x00, 0x00, 0x3F, 0xF4, 0x7F, 0xF0, 0x00, 0x00, 0xBF, 0xE2, 0xFF, 0x80,
    0x00, 0x01, 0xFF, 0xCF, 0xFD, 0x00, 0x00, 0x03, 0xFF, 0x3F, 0xF0, 0x00, 0x00, 0x0F, 0xFC, 0xFF,
    0xC0, 0x00, 0x00, 0x3F, 0xF3, 0xFF, 0x00, 0x00, 0x00, 0xFF, 0xCF, 0xFC, 0x00, 0x00, 0x03, 0xFF,
    0x3F, 0xF4, 0x00, 0x00, 0x0F, 0xFC, 0xBF, 0xE0, 0x00, 0x00, 0x7F, 0xF1, 0xFF, 0xC0, 0x00, 0x02,
    0xFF, 0x83, 0xFF, 0x40, 0x00, 0x0F, 0xFC, 0x0B, 0xFF, 0x00, 0x00, 0xFF, 0xF0, 0x0F, 0xFF, 0x40,
    0x1F, 0xFF, 0x40, 0x1F, 0xFF, 0xFF, 0xFF, 0xF8, 0x00, 0x2F, 0xFF, 0xFF, 0xFF, 0x80, 0x00, 0x1F,
    0xFF, 0xFF, 0xF4, 0x00, 0x00, 0x06, 0xFF, 0xF9, 0x00, 0x00, 0x00, 0x00, 0x00, 0x00, 0x00, 0x00,
    0x00, 0x1F, 0xF4, 0x0B, 0xC0, 0x00, 0x01, 0xFF, 0xFD, 0xBE, 0x00, 0x00, 0x0F, 0xFF, 0xFF, 0xF4,
    0x00, 0x00, 0x3F, 0x5F, 0xFF, 0x80, 0x00, 0x01, 0xF0, 0x07, 0xF4, 0x00, 0x00, 0x00, 0x00, 0x00,
    0x00, 0x00, 0x00, 0x00, 0x00, 0x00, 0x00, 0x00, 0x00, 0x06, 0xFF, 0xF9, 0x00, 0x00, 0x01, 0xFF,
    0xFF, 0xFF, 0x40, 0x00, 0x2F, 0xFF, 0xFF, 0xFF, 0x80, 0x01, 0xFF, 0xFF, 0xFF, 0xFF, 0x80, 0x0F,
    0xFF, 0x40, 0x1F, 0xFF, 0x40, 0xBF, 0xF0, 0x00, 0x0F, 0xFF, 0x03, 0xFF, 0x40, 0x00, 0x0F, 0xFD,
    0x1F, 0xFC, 0x00, 0x00, 0x2F, 0xF8, 0xBF, 0xE0, 0x00, 0x00, 0x7F, 0xF3, 0xFF, 0x40, 0x00, 0x00,
    0xFF, 0xCF, 0xFC, 0x00, 0x00, 0x03, 0xFF, 0x3F, 0xF0, 0x00, 0x00, 0x0F, 0xFC, 0xFF, 0xC0, 0x00,
    0x00, 0x3F, 0xF3, 0xFF, 0x00, 0x00, 0x00, 0xFF, 0xCF, 0xFD, 0x00, 0x00, 0x03, 0xFF, 0x2F, 0xF8,
    0x00, 0x00, 0x1F, 0xFC, 0x7F, 0xF0, 0x00, 0x00, 0xBF, 0xE0, 0xFF, 0xD0, 0x00, 0x03, 0xFF, 0x02,
    0xFF, 0xC0, 0x00, 0x3F, 0xFC, 0x03, 0xFF, 0xD0, 0x07, 0xFF, 0xD0, 0x07, 0xFF, 0xFF, 0xFF, 0xFE,
    0x00, 0x0B, 0xFF, 0xFF, 0xFF, 0xE0, 0x00, 0x07, 0xFF, 0xFF, 0xFD, 0x00, 0x00, 0x01, 0xBF, 0xFE,
    0x40, 0x00, 0x00, 0x0F, 0xD0, 0x7F, 0x40, 0x00, 0x00, 0xFF, 0xC3, 0xFF, 0x00, 0x00, 0x03, 0xFF,
    0x0F, 0xFC, 0x00, 0x00, 0x02, 0xF4, 0x1F, 0xC0, 0x00, 0x00, 0x00, 0x00, 0x00, 0x00, 0x00, 0x00,
    0x00, 0x00, 0x00, 0x00, 0x00, 0x00, 0x00, 0x00, 0x00, 0x00, 0x00, 0x00, 0x00, 0x00, 0x00, 0x00,
    0x00, 0x06, 0xFF, 0xF9, 0x00, 0x00, 0x01, 0xFF, 0xFF, 0xFF, 0x40, 0x00, 0x2F, 0xFF, 0xFF, 0xFF,
    0x80, 0x01, 0xFF, 0xFF, 0xFF, 0xFF, 0x80, 0x0F, 0xFF, 0x40, 0x1F, 0xFF, 0x40, 0xBF, 0xF0, 0x00,
    0x0F, 0xFF, 0x03, 0xFF, 0x40, 0x00, 0x0F, 0xFD, 0x1F, 0xFC, 0x00, 0x00, 0x2F, 0xF8, 0xBF, 0xE0,
    0x00, 0x00, 0x7F, 0xF3, 0xFF, 0x40, 0x00, 0x00, 0xFF, 0xCF, 0xFC, 0x00, 0x00, 0x03, 0xFF, 0x3F,
    0xF0, 0x00, 0x00, 0x0F, 0xFC, 0xFF, 0xC0, 0x00, 0x00, 0x3F, 0xF3, 0xFF, 0x00, 0x00, 0x00, 0xFF,
    0xCF, 0xFD, 0x00, 0x00, 0x03, 0xFF, 0x2F, 0xF8, 0x00, 0x00, 0x1F, 0xFC, 0x7F, 0xF0, 0x00, 0x00,
    0xBF, 0xE0, 0xFF, 0xD0, 0x00, 0x03, 0xFF, 0x02, 0xFF, 0xC0, 0x00, 0x3F, 0xFC, 0x03, 0xFF, 0xD0,
    0x07, 0xFF, 0xD0, 0x07, 0xFF, 0xFF, 0xFF, 0xFE, 0x00, 0x0B, 0xFF, 0xFF, 0xFF, 0xE0, 0x00, 0x07,
    0xFF, 0xFF, 0xFD, 0x00, 0x00, 0x01, 0xBF, 0xFE, 0x40, 0x00, 0x04, 0x00, 0x00, 0x40, 0xB8, 0x00,
    0x0B, 0x87, 0xF8, 0x00, 0xBF, 0x9F, 0xF8, 0x0B, 0xFD, 0x1F, 0xF8, 0xBF, 0xD0, 0x1F, 0xFF, 0xFD,
    0x00, 0x1F, 0xFF, 0xD0, 0x00, 0x1F, 0xFD, 0x00, 0x00, 0xBF, 0xF8, 0x00, 0x0B, 0xFF, 0xF4, 0x00,
    0xBF, 0xFF, 0xF4, 0x07, 0xFD, 0x2F, 0xF4, 0x7F, 0xE0, 0x2F, 0xF5, 0xFE, 0x00, 0x2F, 0xD1, 0xE0,
    0x00, 0x2D, 0x00, 0x00, 0x00, 0x10, 0x00, 0x00, 0x00, 0x00, 0x18, 0x00, 0x00, 0x1B, 0xFF, 0xE4,
    0xFC, 0x00, 0x07, 0xFF, 0xFF, 0xFF, 0xF0, 0x00, 0x7F, 0xFF, 0xFF, 0xFF, 0x40, 0x07, 0xFF, 0xFF,
    0xFF, 0xFF, 0x00, 0x3F, 0xFD, 0x00, 0x7F, 0xFD, 0x02, 0xFF, 0xC0, 0x01, 0xFF, 0xFC, 0x0F, 0xFD,
    0x00, 0x0F, 0xFF, 0xF4, 0x7F, 0xF0, 0x00, 0xBF, 0xFF, 0xE2, 0xFF, 0x80, 0x07, 0xF5, 0xFF, 0xCF,
    0xFD, 0x00, 0x3F, 0x83, 0xFF, 0x3F, 0xF0, 0x02, 0xFC, 0x0F, 0xFC, 0xFF, 0xC0, 0x1F, 0xD0, 0x3F,
    0xF3, 0xFF, 0x00, 0xFE, 0x00, 0xFF, 0xCF, 0xFC, 0x0B, 0xF0, 0x03, 0xFF, 0x3F, 0xF4, 0x7F, 0x40,
    0x0F, 0xFC, 0xBF, 0xD3, 0xF8, 0x00, 0x7F, 0xF1, 0xFF, 0xEF, 0xC0, 0x02, 0xFF, 0x83, 0xFF, 0xFD,
    0x00, 0x0F, 0xFC, 0x0F, 0xFF, 0xF0, 0x00, 0xFF, 0xF0, 0x1F, 0xFF, 0x80, 0x1F, 0xFF, 0x40, 0x2F,
    0xFF, 0xFF, 0xFF, 0xF8, 0x00, 0x3F, 0xFF, 0xFF, 0xFF, 0x80, 0x02, 0xFF, 0xFF, 0xFF, 0xF4, 0x00,
    0x0F, 0xD6, 0xFF, 0xF9, 0x00, 0x00, 0x0A, 0x00, 0x00, 0x00, 0x00, 0x00, 0x00, 0x00, 0x00, 0x00,
    0x00, 0x00, 0x00, 0xAA, 0x90, 0x00, 0x00, 0x00, 0xBF, 0xF0, 0x00, 0x00, 0x00, 0x1F, 0xFC, 0x00,
    0x00, 0x00, 0x07, 0xFE, 0x00, 0x00, 0x00, 0x00, 0xFF, 0x80, 0x00, 0x00, 0x00, 0x2F, 0xD0, 0x00,
    0x00, 0x00, 0x00, 0x00, 0x00, 0x00, 0x00, 0x00, 0x00, 0x00, 0x00, 0x00, 0x00, 0x00, 0x00, 0xFF,
    0xC0, 0x00, 0x03, 0xFF, 0xFF, 0xC0, 0x00, 0x03, 0xFF, 0xFF, 0xC0, 0x00, 0x03, 0xFF, 0xFF, 0xC0,
    0x00, 0x03, 0xFF, 0xFF, 0xC0, 0x00, 0x03, 0xFF, 0xFF, 0xC0, 0x00, 0x03, 0xFF, 0xFF, 0xC0, 0x00,
    0x03, 0xFF, 0xFF, 0xC0, 0x00, 0x03, 0xFF, 0xFF, 0xC0, 0x00, 0x03, 0xFF, 0xFF, 0xC0, 0x00, 0x03,
    0xFF, 0xFF, 0xC0, 0x00, 0x03, 0xFF, 0xFF, 0xC0, 0x00, 0x03, 0xFF, 0xFF, 0xC0, 0x00, 0x03, 0xFF,
    0xFF, 0xC0, 0x00, 0x03, 0xFF, 0xFF, 0xC0, 0x00, 0x03, 0xFF, 0xFF, 0xC0, 0x00, 0x03, 0xFF, 0xFF,
    0xD0, 0x00, 0x07, 0xFF, 0xFF, 0xE0, 0x00, 0x0B, 0xFF, 0x7F, 0xF0, 0x00, 0x0F, 0xFD, 0x3F, 0xFD,
    0x00, 0x7F, 0xFC, 0x1F, 0xFF, 0xFF, 0xFF, 0xF4, 0x0B, 0xFF, 0xFF, 0xFF, 0xD0, 0x01, 0xFF, 0xFF,
    0xFF, 0x40, 0x00, 0x1B, 0xFF, 0xE4, 0x00, 0x00, 0x00, 0x06, 0xAA, 0x00, 0x00, 0x00, 0x1F, 0xFD,
    0x00, 0x00, 0x00, 0x3F, 0xF4, 0x00, 0x00, 0x00, 0xFF, 0xC0, 0x00, 0x00, 0x02, 0xFE, 0x00, 0x00,
    0x00, 0x0B, 0xF8, 0x00, 0x00, 0x00, 0x00, 0x00, 0x00, 0x00, 0x00, 0x00, 0x00, 0x00, 0x00, 0x00,
    0x00, 0x00, 0x00, 0x00, 0xFF, 0xC0, 0x00, 0x03, 0xFF, 0xFF, 0xC0, 0x00, 0x03, 0xFF, 0xFF, 0xC0,
    0x00, 0x03, 0xFF, 0xFF, 0xC0, 0x00, 0x03, 0xFF, 0xFF, 0xC0, 0x00, 0x03, 0xFF, 0xFF, 0xC0, 0x00,
    0x03, 0xFF, 0xFF, 0xC0, 0x00, 0x03, 0xFF, 0xFF, 0xC0, 0x00, 0x03, 0xFF, 0xFF, 0xC0, 0x00, 0x03,
    0xFF, 0xFF, 0xC0, 0x00, 0x03, 0xFF, 0xFF, 0xC0, 0x00, 0x03, 0xFF, 0xFF, 0xC0, 0x00, 0x03, 0xFF,
    0xFF, 0xC0, 0x00, 0x03, 0xFF, 0xFF, 0xC0, 0x00, 0x03, 0xFF, 0xFF, 0xC0, 0x00, 0x03, 0xFF, 0xFF,
    0xC0, 0x00, 0x03, 0xFF, 0xFF, 0xD0, 0x00, 0x07, 0xFF, 0xFF, 0xE0, 0x00, 0x0B, 0xFF, 0x7F, 0xF0,
    0x00, 0x0F, 0xFD, 0x3F, 0xFD, 0x00, 0x7F, 0xFC, 0x1F, 0xFF, 0xFF, 0xFF, 0xF4, 0x0B, 0xFF, 0xFF,
    0xFF, 0xD0, 0x01, 0xFF, 0xFF, 0xFF, 0x40, 0x00, 0x1B, 0xFF, 0xE4, 0x00, 0x00, 0x01, 0xAA, 0x40,
    0x00, 0x00, 0x07, 0xFF, 0xC0, 0x00, 0x00, 0x1F, 0xFF, 0xF0, 0x00, 0x00, 0x3F, 0xEF, 0xFC, 0x00,
    0x00, 0xFF, 0x42, 0xFE, 0x00, 0x03, 0xFC, 0x00, 0x7F, 0x80, 0x00, 0x00, 0x00, 0x00, 0x00, 0x00,
    0x00, 0x00, 0x00, 0x00, 0x00, 0x00, 0x00, 0x00, 0x00, 0xFF, 0xC0, 0x00, 0x03, 0xFF, 0xFF, 0xC0,
    0x00, 0x03, 0xFF, 0xFF, 0xC0, 0x00, 0x03, 0xFF, 0xFF, 0xC0, 0x00, 0x03, 0xFF, 0xFF, 0xC0, 0x00,
    0x03, 0xFF, 0xFF, 0xC0, 0x00, 0x03, 0xFF, 0xFF, 0xC0, 0x00, 0x03, 0xFF, 0xFF, 0xC0, 0x00, 0x03,
    0xFF, 0xFF, 0xC0, 0x00, 0x03, 0xFF, 0xFF, 0xC0, 0x00, 0x03, 0xFF, 0xFF, 0xC0, 0x00, 0x03, 0xFF,
    0xFF, 0xC0, 0x00, 0x03, 0xFF, 0xFF, 0xC0, 0x00, 0x03, 0xFF, 0xFF, 0xC0, 0x00, 0x03, 0xFF, 0xFF,
    0xC0, 0x00, 0x03, 0xFF, 0xFF, 0xC0, 0x00, 0x03, 0xFF, 0xFF, 0xD0, 0x00, 0x07, 0xFF, 0xFF, 0xE0,
    0x00, 0x0B, 0xFF, 0x7F, 0xF0, 0x00, 0x0F, 0xFD, 0x3F, 0xFD, 0x00, 0x7F, 0xFC, 0x1F, 0xFF, 0xFF,
    0xFF, 0xF4, 0x0B, 0xFF, 0xFF, 0xFF, 0xD0, 0x01, 0xFF, 0xFF, 0xFF, 0x40, 0x00, 0x1B, 0xFF, 0xE4,
    0x00, 0x00, 0x7F, 0x41, 0xFD, 0x00, 0x00, 0xFF, 0xC3, 0xFF, 0x00, 0x00, 0xFF, 0xC3, 0xFF, 0x00,
    0x00, 0x3F, 0x41, 0xFC, 0x00, 0x00, 0x00, 0x00, 0x00, 0x00, 0x00, 0x00, 0x00, 0x00, 0x00, 0x00,
    0x00, 0x00, 0x00, 0x00, 0x00, 0x00, 0x00, 0x00, 0x00, 0xFF, 0xC0, 0x00, 0x03, 0xFF, 0xFF, 0xC0,
    0x00, 0x03, 0xFF, 0xFF, 0xC0, 0x00, 0x03, 0xFF, 0xFF, 0xC0, 0x00, 0x03, 0xFF, 0xFF, 0xC0, 0x00,
    0x03, 0xFF, 0xFF, 0xC0, 0x00, 0x03, 0xFF, 0xFF, 0xC0, 0x00, 0x03, 0xFF, 0xFF, 0xC0, 0x00, 0x03,
    0xFF, 0xFF, 0xC0, 0x00, 0x03, 0xFF, 0xFF, 0xC0, 0x00, 0x03, 0xFF, 0xFF, 0xC0, 0x00, 0x03, 0xFF,
    0xFF, 0xC0, 0x00, 0x03, 0xFF, 0xFF, 0xC0, 0x00, 0x03, 0xFF, 0xFF, 0xC0, 0x00, 0x03, 0xFF, 0xFF,
    0xC0, 0x00, 0x03, 0xFF, 0xFF, 0xC0, 0x00, 0x03, 0xFF, 0xFF, 0xD0, 0x00, 0x07, 0xFF, 0xFF, 0xE0,
    0x00, 0x0B, 0xFF, 0x7F, 0xF0, 0x00, 0x0F, 0xFD, 0x3F, 0xFD, 0x00, 0x7F, 0xFC, 0x1F, 0xFF, 0xFF,
    0xFF, 0xF4, 0x0B, 0xFF, 0xFF, 0xFF, 0xD0, 0x01, 0xFF, 0xFF, 0xFF, 0x40, 0x00, 0x1B, 0xFF, 0xE4,
    0x00, 0x00, 0x00, 0x02, 0xFF, 0xC0, 0x00, 0x00, 0x01, 0xFF, 0xD0, 0x00, 0x00, 0x00, 0xFF, 0xC0,
    0x00, 0x00, 0x00, 0xBF, 0xC0, 0x00, 0x00, 0x00, 0x7F, 0xC0, 0x00, 0x00, 0x00, 0x3F, 0x80, 0x00,
    0x00, 0x00, 0x00, 0x00, 0x00, 0x00, 0x00, 0x00, 0x00, 0x00, 0x00, 0xBF, 0xF0, 0x00, 0x03, 0xFF,
    0x8F, 0xFD, 0x00, 0x01, 0xFF, 0xC2, 0xFF, 0xC0, 0x00, 0xBF, 0xE0, 0x3F, 0xF4, 0x00, 0x3F, 0xF0,
    0x07, 0xFF, 0x00, 0x2F, 0xF8, 0x00, 0xFF, 0xD0, 0x0F, 0xFC, 0x00, 0x1F, 0xFC, 0x0B, 0xFE, 0x00,
    0x03, 0xFF, 0x43, 0xFF, 0x00, 0x00, 0x7F, 0xE2, 0xFF, 0x40, 0x00, 0x0F, 0xFD, 0xFF, 0xC0, 0x00,
    0x01, 0xFF, 0xFF, 0xD0, 0x00, 0x00, 0x3F, 0xFF, 0xF0, 0x00, 0x00, 0x03, 0xFF, 0xF4, 0x00, 0x00,
    0x00, 0xBF, 0xF8, 0x00, 0x00, 0x00, 0x0F, 0xFC, 0x00, 0x00, 0x00, 0x03, 0xFF, 0x00, 0x00, 0x00,
    0x00, 0xFF, 0xC0, 0x00, 0x00, 0x00, 0x3F, 0xF0, 0x00, 0x00, 0x00, 0x0F, 0xFC, 0x00, 0x00, 0x00,
    0x03, 0xFF, 0x00, 0x00, 0x00, 0x00, 0xFF, 0xC0, 0x00, 0x00, 0x00, 0x3F, 0xF0, 0x00, 0x00, 0x00,
    0x0F, 0xFC, 0x00, 0x00, 0x00, 0x03, 0xFF, 0x00, 0x00, 0xFF, 0xC0, 0x00, 0x00, 0x3F, 0xF0, 0x00,
    0x00, 0x0F, 0xFC, 0x00, 0x00, 0x03, 0xFF, 0x00, 0x00, 0x00, 0xFF, 0xFF, 0xF9, 0x00, 0x3F, 0xFF,
    0xFF, 0xF4, 0x0F, 0xFF, 0xFF, 0xFF, 0x83, 0xFF, 0xFF, 0xFF, 0xF0, 0xFF, 0xC0, 0x1F, 0xFE, 0x3F,
    0xF0, 0x01, 0xFF, 0xCF, 0xFC, 0x00, 0x3F, 0xF3, 0xFF, 0x00, 0x0F, 0xFC, 0xFF, 0xC0, 0x03, 0xFF,
    0x3F, 0xF0, 0x02, 0xFF, 0xCF, 0xFC, 0x02, 0xFF, 0xE3, 0xFF, 0xFF, 0xFF, 0xF0, 0xFF, 0xFF, 0xFF,
    0xF4, 0x3F, 0xFF, 0xFF, 0xF4, 0x0F, 0xFF, 0xFF, 0x90, 0x03, 0xFF, 0x00, 0x00, 0x00, 0xFF, 0xC0,
    0x00, 0x00, 0x3F, 0xF0, 0x00, 0x00, 0x0F, 0xFC, 0x00, 0x00, 0x03, 0xFF, 0x00, 0x00, 0x00, 0x00,
    0x2F, 0xFF, 0x90, 0x00, 0x03, 0xFF, 0xFF, 0xFE, 0x00, 0x1F, 0xFF, 0xFF, 0xFF, 0xC0, 0x3F, 0xFF,
    0xFF, 0xFF, 0xE0, 0xBF, 0xF8, 0x01, 0xFF, 0xF0, 0xFF, 0xE0, 0x00, 0x7F, 0xF0, 0xFF, 0xC0, 0x00,
    0x3F, 0xF0, 0xFF, 0xC0, 0x00, 0xBF, 0xE0, 0xFF, 0xC0, 0x02, 0xFF, 0xC0, 0xFF, 0xC0, 0x0F, 0xFF,
    0x00, 0xFF, 0xC0, 0x3F, 0xF8, 0x00, 0xFF, 0xC0, 0xFF, 0xE0, 0x00, 0xFF, 0xC0, 0xFF, 0xC0, 0x00,
    0xFF, 0xC0, 0xFF, 0xF4, 0x00, 0xFF, 0xC0, 0x7F, 0xFE, 0x00, 0xFF, 0xC0, 0x2F, 0xFF, 0xD0, 0xFF,
    0xC0, 0x07, 0xFF, 0xF4, 0xFF, 0xC0, 0x00, 0x7F, 0xFD, 0xFF, 0xC0, 0x00, 0x0F, 0xFE, 0xFF, 0xC0,
    0x00, 0x07, 0xFF, 0xFF, 0xC0, 0x00, 0x03, 0xFF, 0xFF, 0xC2, 0xD0, 0x0F, 0xFF, 0xFF, 0xC2, 0xFF,
    0xFF, 0xFE, 0xFF, 0xC2, 0xFF, 0xFF, 0xFC, 0xFF, 0xC2, 0xFF, 0xFF, 0xF4, 0xFF, 0xC0, 0xBF, 0xFF,
    0x40, 0x01, 0xFF, 0xD0, 0x00, 0x00, 0x1F, 0xFC, 0x00, 0x00, 0x00, 0xFF, 0xC0, 0x00, 0x00, 0x0F,
    0xF8, 0x00, 0x00, 0x00, 0xBF, 0x40, 0x00, 0x00, 0x05, 0x50, 0x00, 0x00, 0x00, 0x00, 0x00, 0x01,
    0xBF, 0xFD, 0x00, 0x0B, 0xFF, 0xFF, 0xF0, 0x03, 0xFF, 0xFF, 0xFF, 0x00, 0x7F, 0xFF, 0xFF, 0xE0,
    0x0E, 0x40, 0x2F, 0xFC, 0x00, 0x00, 0x03, 0xFF, 0x00, 0x00, 0x00, 0xFF, 0xC0, 0x1B, 0xFF, 0xFF,
    0xF0, 0x3F, 0xFF, 0xFF, 0xFC, 0x3F, 0xFF, 0xFF, 0xFF, 0x2F, 0xFD, 0x00, 0xFF, 0xCF, 0xFD, 0x00,
    0x3F, 0xF3, 0xFF, 0x00, 0x0F, 0xFC, 0xFF, 0xC0, 0x0B, 0xFF, 0x3F, 0xF8, 0x0B, 0xFF, 0xCB, 0xFF,
    0xFF, 0xFF, 0xF0, 0xFF, 0xFF, 0xF7, 0xFC, 0x1F, 0xFF, 0xF0, 0xFF, 0x00, 0xBF, 0xE0, 0x2F, 0xC0,
    0x00, 0x00, 0x2F, 0xFC, 0x00, 0x00, 0x1F, 0xFC, 0x00, 0x00, 0x0F, 0xFC, 0x00, 0x00, 0x0F, 0xF8,
    0x00, 0x00, 0x0B, 0xF4, 0x00, 0x00, 0x01, 0x50, 0x00, 0x00, 0x00, 0x00, 0x00, 0x00, 0x01, 0xBF,
    0xFD, 0x00, 0x0B, 0xFF, 0xFF, 0xF0, 0x03, 0xFF, 0xFF, 0xFF, 0x00, 0x7F, 0xFF, 0xFF, 0xE0, 0x0E,
    0x40, 0x2F, 0xFC, 0x00, 0x00, 0x03, 0xFF, 0x00, 0x00, 0x00, 0xFF, 0xC0, 0x1B, 0xFF, 0xFF, 0xF0,
    0x3F, 0xFF, 0xFF, 0xFC, 0x3F, 0xFF, 0xFF, 0xFF, 0x2F, 0xFD, 0x00, 0xFF, 0xCF, 0xFD, 0x00, 0x3F,
    0xF3, 0xFF, 0x00, 0x0F, 0xFC, 0xFF, 0xC0, 0x0B, 0xFF, 0x3F, 0xF8, 0x0B, 0xFF, 0xCB, 0xFF, 0xFF,
    0xFF, 0xF0, 0xFF, 0xFF, 0xF7, 0xFC, 0x1F, 0xFF, 0xF0, 0xFF, 0x00, 0xBF, 0xE0, 0x2F, 0xC0, 0x00,
    0x1F, 0xFD, 0x00, 0x00, 0x0F, 0xFF, 0xC0, 0x00, 0x0F, 0xFF, 0xFC, 0x00, 0x0B, 0xF8, 0xBF, 0xC0,
    0x0B, 0xF4, 0x07, 0xF8, 0x01, 0x50, 0x00, 0x15, 0x00, 0x00, 0x00, 0x00, 0x00, 0x01, 0xBF, 0xFD,
    0x00, 0x0B, 0xFF, 0xFF, 0xF0, 0x03, 0xFF, 0xFF, 0xFF, 0x00, 0x7F, 0xFF, 0xFF, 0xE0, 0x0E, 0x40,
    0x2F, 0xFC, 0x00, 0x00, 0x03, 0xFF, 0x00, 0x00, 0x00, 0xFF, 0xC0, 0x1B, 0xFF, 0xFF, 0xF0, 0x3F,
    0xFF, 0xFF, 0xFC, 0x3F, 0xFF, 0xFF, 0xFF, 0x2F, 0xFD, 0x00, 0xFF, 0xCF, 0xFD, 0x00, 0x3F, 0xF3,
    0xFF, 0x00, 0x0F, 0xFC, 0xFF, 0xC0, 0x0B, 0xFF, 0x3F, 0xF8, 0x0B, 0xFF, 0xCB, 0xFF, 0xFF, 0xFF,
    0xF0, 0xFF, 0xFF, 0xF7, 0xFC, 0x1F, 0xFF, 0xF0, 0xFF, 0x00, 0xBF, 0xE0, 0x2F, 0xC0, 0x00, 0x00,
    0x00, 0x00, 0x00, 0x2F, 0xE0, 0x1F, 0x40, 0x3F, 0xFF, 0x9F, 0xC0, 0x1F, 0xFF, 0xFF, 0xF0, 0x0B,
    0xD6, 0xFF, 0xF0, 0x03, 0xE0, 0x0B, 0xE0, 0x00, 0x00, 0x00, 0x00, 0x00, 0x00, 0x00, 0x00, 0x00,
    0x00, 0x6F, 0xFF, 0x40, 0x02, 0xFF, 0xFF, 0xFC, 0x00, 0xFF, 0xFF, 0xFF, 0xC0, 0x1F, 0xFF, 0xFF,
    0xF8, 0x03, 0x90, 0x0B, 0xFF, 0x00, 0x00, 0x00, 0xFF, 0xC0, 0x00, 0x00, 0x3F, 0xF0, 0x06, 0xFF,
    0xFF, 0xFC, 0x0F, 0xFF, 0xFF, 0xFF, 0x0F, 0xFF, 0xFF, 0xFF, 0xCB, 0xFF, 0x40, 0x3F, 0xF3, 0xFF,
    0x40, 0x0F, 0xFC, 0xFF, 0xC0, 0x03, 0xFF, 0x3F, 0xF0, 0x02, 0xFF, 0xCF, 0xFE, 0x02, 0xFF, 0xF2,
    0xFF, 0xFF, 0xFF, 0xFC, 0x3F, 0xFF, 0xFD, 0xFF, 0x07, 0xFF, 0xFC, 0x3F, 0xC0, 0x2F, 0xF8, 0x0B,
    0xF0, 0x01, 0xFD, 0x07, 0xF4, 0x00, 0xFF, 0xC3, 0xFF, 0x00, 0x3F, 0xF0, 0xFF, 0xC0, 0x03, 0xF4,
    0x1F, 0xC0, 0x00, 0x00, 0x00, 0x00, 0x00, 0x00, 0x00, 0x00, 0x00, 0x00, 0x00, 0x00, 0x00, 0x01,
    0xBF, 0xFD, 0x00, 0x07, 0xFF, 0xFF, 0xF0, 0x02, 0xFF, 0xFF, 0xFF, 0x00, 0x3F, 0xFF, 0xFF, 0xE0,
    0x0A, 0x40, 0x2F, 0xFC, 0x00, 0x00, 0x03, 0xFF, 0x00, 0x00, 0x00, 0xFF, 0xC0, 0x1B, 0xFF, 0xFF,
    0xF0, 0x3F, 0xFF, 0xFF, 0xFC, 0x3F, 0xFF, 0xFF, 0xFF, 0x2F, 0xFD, 0x00, 0xFF, 0xCF, 0xFD, 0x00,
    0x3F, 0xF3, 0xFF, 0x00, 0x0F, 0xFC, 0xFF, 0xC0, 0x0B, 0xFF, 0x3F, 0xF8, 0x0B, 0xFF, 0xCB, 0xFF,
    0xFF, 0xFF, 0xF0, 0xFF, 0xFF, 0xF7, 0xFC, 0x1F, 0xFF, 0xF4, 0xFF, 0x00, 0xBF, 0xE0, 0x1F, 0xC0,
    0x00, 0x07, 0xF8, 0x00, 0x00, 0x07, 0xFF, 0xC0, 0x00, 0x03, 0xE2, 0xF8, 0x00, 0x00, 0xF0, 0x3F,
    0x00, 0x00, 0x3C, 0x0F, 0xC0, 0x00, 0x0F, 0x8B, 0xE0, 0x00, 0x01, 0xFF, 0xF0, 0x00, 0x00, 0x1F,
    0xE0, 0x00, 0x00, 0x00, 0x00, 0x00, 0x00, 0x00, 0x00, 0x00, 0x00, 0x06, 0xFF, 0xF4, 0x00, 0x2F,
    0xFF, 0xFF, 0xC0, 0x0B, 0xFF, 0xFF, 0xFC, 0x00, 0xFF, 0xFF, 0xFF, 0x80, 0x2D, 0x00, 0xBF, 0xF0,
    0x00, 0x00, 0x0F, 0xFC, 0x00, 0x00, 0x03, 0xFF, 0x00, 0x6F, 0xFF, 0xFF, 0xC0, 0xFF, 0xFF, 0xFF,
    0xF0, 0xFF, 0xFF, 0xFF, 0xFC, 0xBF, 0xF4, 0x03, 0xFF, 0x3F, 0xF4, 0x00, 0xFF, 0xCF, 0xFC, 0x00,
    0x3F, 0xF3, 0xFF, 0x00, 0x2F, 0xFC, 0xFF, 0xE0, 0x2F, 0xFF, 0x2F, 0xFF, 0xFF, 0xFF, 0xC3, 0xFF,
    0xFF, 0xDF, 0xF0, 0x7F, 0xFF, 0xD3, 0xFC, 0x02, 0xFF, 0x80, 0x7F, 0x00, 0x00, 0x6F, 0xFE, 0x00,
    0x6F, 0xF9, 0x00, 0x0B, 0xFF, 0xFF, 0xD3, 0xFF, 0xFF, 0xC0, 0x0F, 0xFF, 0xFF, 0xFF, 0xFF, 0xFF,
    0xF0, 0x07, 0xFF, 0xFF, 0xFF, 0xFF, 0xFF, 0xFC, 0x03, 0x90, 0x0B, 0xFF, 0xD0, 0x1F, 0xFD, 0x00,
    0x00, 0x03, 0xFF, 0x80, 0x07, 0xFE, 0x00, 0x00, 0x03, 0xFF, 0x00, 0x03, 0xFF, 0x01, 0xBF, 0xFF,
    0xFF, 0xFF, 0xFF, 0xFF, 0x0F, 0xFF, 0xFF, 0xFF, 0xFF, 0xFF, 0xFF, 0x3F, 0xFF, 0xFF, 0xFF, 0xFF,
    0xFF, 0xFF, 0xBF, 0xF4, 0x03, 0xFF, 0xFF, 0xFF, 0xFF, 0xFF, 0xD0, 0x03, 0xFF, 0x00, 0x00, 0x00,
    0xFF, 0xC0, 0x07, 0xFF, 0x40, 0x00, 0x00, 0xFF, 0xC0, 0x0B, 0xFF, 0xC0, 0x00, 0x00, 0xFF, 0xE0,
    0x2F, 0xFF, 0xF4, 0x00, 0x6C, 0xBF, 0xFF, 0xFF, 0xFF, 0xFF, 0xFF, 0xFC, 0x3F, 0xFF, 0xFF, 0x0F,
    0xFF, 0xFF, 0xFC, 0x1F, 0xFF, 0xFC, 0x02, 0xFF, 0xFF, 0xF8, 0x02, 0xFF, 0x90, 0x00, 0x6F, 0xFF,
    0x80, 0x00, 0x1B, 0xFF, 0x80, 0x07, 0xFF, 0xFF, 0xD0, 0xBF, 0xFF, 0xFF, 0x07, 0xFF, 0xFF, 0xF8,
    0x3F, 0xFC, 0x01, 0x81, 0xFF, 0xC0, 0x00, 0x0B, 0xFE, 0x00, 0x00, 0x3F, 0xF4, 0x00, 0x00, 0xFF,
    0xC0, 0x00, 0x03, 0xFF, 0x00, 0x00, 0x0F, 0xFC, 0x00, 0x00, 0x3F, 0xF4, 0x00, 0x00, 0xBF, 0xE0,
    0x00, 0x01, 0xFF, 0xC0, 0x00, 0x43, 0xFF, 0xD0, 0x5F, 0x0B, 0xFF, 0xFF, 0xFC, 0x0F, 0xFF, 0xFF,
    0xF0, 0x0B, 0xFF, 0xFF, 0xC0, 0x02, 0xFF, 0xE4, 0x00, 0x02, 0xF0, 0x00, 0x00, 0x0F, 0xF4, 0x00,
    0x00, 0x1F, 0xF8, 0x00, 0x00, 0x0F, 0xF0, 0x00, 0x00, 0x7F, 0xC0, 0x00, 0x7F, 0xFE, 0x00, 0x01,
    0xFF, 0xF0, 0x00, 0x02, 0xFE, 0x00, 0x00, 0x01, 0xFF, 0xC0, 0x00, 0x00, 0x1F, 0xFC, 0x00, 0x00,
    0x01, 0xFF, 0x80, 0x00, 0x00, 0x0F, 0xF4, 0x00, 0x00, 0x00, 0xBF, 0x40, 0x00, 0x00, 0x05, 0x40,
    0x00, 0x00, 0x00, 0x00, 0x00, 0x00, 0x7F, 0xF9, 0x00, 0x01, 0xFF, 0xFF, 0xF0, 0x02, 0xFF, 0xFF,
    0xFF, 0x01, 0xFF, 0xFF, 0xFF, 0xF0, 0xFF, 0xE0, 0x1F, 0xFD, 0x7F, 0xE0, 0x01, 0xFF, 0xAF, 0xF4,
    0x00, 0x3F, 0xFF, 0xFF, 0xFF, 0xFF, 0xFF, 0xFF, 0xFF, 0xFF, 0xFF, 0xFF, 0xFF, 0xFF, 0xFF, 0xFF,
    0xFF, 0xFF, 0xFF, 0xFF, 0xFC, 0x00, 0x00, 0x02, 0xFF, 0x40, 0x00, 0x00, 0x7F, 0xF0, 0x00, 0x00,
    0x0F, 0xFF, 0x40, 0x06, 0xC1, 0xFF, 0xFF, 0xFF, 0xF0, 0x2F, 0xFF, 0xFF, 0xFC, 0x01, 0xFF, 0xFF,
    0xFE, 0x00, 0x06, 0xFF, 0xF8, 0x00, 0x00, 0x00, 0x3F, 0xFC, 0x00, 0x00, 0x2F, 0xFC, 0x00, 0x00,
    0x1F, 0xF8, 0x00, 0x00, 0x0F, 0xF4, 0x00, 0x00, 0x0F, 0xF0, 0x00, 0x00, 0x01, 0x50, 0x00, 0x00,
    0x00, 0x00, 0x00, 0x00, 0x00, 0x7F, 0xF9, 0x00, 0x01, 0xFF, 0xFF, 0xF0, 0x02, 0xFF, 0xFF, 0xFF,
    0x01, 0xFF, 0xFF, 0xFF, 0xF0, 0xFF, 0xE0, 0x1F, 0xFD, 0x7F, 0xE0, 0x01, 0xFF, 0xAF, 0xF4, 0x00,
    0x3F, 0xFF, 0xFF, 0xFF, 0xFF, 0xFF, 0xFF, 0xFF, 0xFF, 0xFF, 0xFF, 0xFF, 0xFF, 0xFF, 0xFF, 0xFF,
    0xFF, 0xFF, 0xFF, 0xFC, 0x00, 0x00, 0x02, 0xFF, 0x40, 0x00, 0x00, 0x7F, 0xF0, 0x00, 0x00, 0x0F,
    0xFF, 0x40, 0x06, 0xC1, 0xFF, 0xFF, 0xFF, 0xF0, 0x2F, 0xFF, 0xFF, 0xFC, 0x01, 0xFF, 0xFF, 0xFE,
    0x00, 0x06, 0xFF, 0xF8, 0x00, 0x00, 0x1F, 0xFC, 0x00, 0x00, 0x0F, 0xFF, 0xC0, 0x00, 0x0F, 0xFF,
    0xFC, 0x00, 0x0F, 0xF4, 0xBF, 0x80, 0x0F, 0xF4, 0x0B, 0xF8, 0x01, 0x50, 0x00, 0x15, 0x00, 0x00,
    0x00, 0x00, 0x00, 0x00, 0x7F, 0xF9, 0x00, 0x01, 0xFF, 0xFF, 0xF0, 0x02, 0xFF, 0xFF, 0xFF, 0x01,
    0xFF, 0xFF, 0xFF, 0xF0, 0xFF, 0xE0, 0x1F, 0xFD, 0x7F, 0xE0, 0x01, 0xFF, 0xAF, 0xF4, 0x00, 0x3F,
    0xFF, 0xFF, 0xFF, 0xFF, 0xFF, 0xFF, 0xFF, 0xFF, 0xFF, 0xFF, 0xFF, 0xFF, 0xFF, 0xFF, 0xFF, 0xFF,
    0xFF, 0xFF, 0xFC, 0x00, 0x00, 0x02, 0xFF, 0x40, 0x00, 0x00, 0x7F, 0xF0, 0x00, 0x00, 0x0F, 0xFF,
    0x40, 0x06, 0xC1, 0xFF, 0xFF, 0xFF, 0xF0, 0x2F, 0xFF, 0xFF, 0xFC, 0x01, 0xFF, 0xFF, 0xFE, 0x00,
    0x06, 0xFF, 0xF8, 0x00, 0x07, 0xF4, 0x07, 0xF4, 0x03, 0xFF, 0x03, 0xFF, 0x00, 0xFF, 0xC0, 0xFF,
    0xC0, 0x1F, 0xC0, 0x1F, 0xD0, 0x00, 0x00, 0x00, 0x00, 0x00, 0x00, 0x00, 0x00, 0x00, 0x00, 0x00,
    0x00, 0x00, 0x00, 0x7F, 0xF9, 0x00, 0x01, 0xFF, 0xFF, 0xF0, 0x02, 0xFF, 0xFF, 0xFF, 0x01, 0xFF,
    0xFF, 0xFF, 0xF0, 0xFF, 0xE0, 0x1F, 0xFD, 0x7F, 0xE0, 0x01, 0xFF, 0xAF, 0xF4, 0x00, 0x3F, 0xFF,
    0xFF, 0xFF, 0xFF, 0xFF, 0xFF, 0xFF, 0xFF, 0xFF, 0xFF, 0xFF, 0xFF, 0xFF, 0xFF, 0xFF, 0xFF, 0xFF,
    0xFF, 0xFC, 0x00, 0x00, 0x02, 0xFF, 0x40, 0x00, 0x00, 0x7F, 0xF0, 0x00, 0x00, 0x0F, 0xFF, 0x40,
    0x06, 0xC1, 0xFF, 0xFF, 0xFF, 0xF0, 0x2F, 0xFF, 0xFF, 0xFC, 0x01, 0xFF, 0xFF, 0xFF, 0x00, 0x06,
    0xFF, 0xF9, 0x00, 0x7F, 0xF4, 0x01, 0xFF, 0xD0, 0x03, 0xFF, 0x00, 0x0B, 0xFC, 0x00, 0x1F, 0xF0,
    0x00, 0x00, 0x00, 0x00, 0x00, 0x3F, 0xF0, 0x03, 0xFF, 0x00, 0x3F, 0xF0, 0x03, 0xFF, 0x00, 0x3F,
    0xF0, 0x03, 0xFF, 0x00, 0x3F, 0xF0, 0x03, 0xFF, 0x00, 0x3F, 0xF0, 0x03, 0xFF, 0x00, 0x3F, 0xF0,
    0x03, 0xFF, 0x00, 0x3F, 0xF0, 0x03, 0xFF, 0x00, 0x3F, 0xF0, 0x03, 0xFF, 0x00, 0x3F, 0xF0, 0x03,
    0xFF, 0x00, 0x3F, 0xF0, 0x00, 0xBF, 0xF0, 0x07, 0xFF, 0x00, 0x7F, 0xE0, 0x03, 0xFD, 0x00, 0x3F,
    0xC0, 0x00, 0x00, 0x00, 0x00, 0x00, 0x00, 0x0F, 0xFC, 0x00, 0x3F, 0xF0, 0x00, 0xFF, 0xC0, 0x03,
    0xFF, 0x00, 0x0F, 0xFC, 0x00, 0x3F, 0xF0, 0x00, 0xFF, 0xC0, 0x03, 0xFF, 0x00, 0x0F, 0xFC, 0x00,
    0x3F, 0xF0, 0x00, 0xFF, 0xC0, 0x03, 0xFF, 0x00, 0x0F, 0xFC, 0x00, 0x3F, 0xF0, 0x00, 0xFF, 0xC0,
    0x03, 0xFF, 0x00, 0x0F, 0xFC, 0x00, 0x3F, 0xF0, 0x00, 0xFF, 0xC0, 0x00, 0x00, 0x7F, 0xF8, 0x00,
    0x03, 0xFF, 0xF4, 0x00, 0x3F, 0xFF, 0xF0, 0x03, 0xFD, 0x1F, 0xF0, 0x3F, 0xC0, 0x0F, 0xF0, 0x00,
    0x00, 0x00, 0x00, 0x00, 0x00, 0x00, 0x00, 0x0F, 0xFC, 0x00, 0x00, 0x3F, 0xF0, 0x00, 0x00, 0xFF,
    0xC0, 0x00, 0x03, 0xFF, 0x00, 0x00, 0x0F, 0xFC, 0x00, 0x00, 0x3F, 0xF0, 0x00, 0x00, 0xFF, 0xC0,
    0x00, 0x03, 0xFF, 0x00, 0x00, 0x0F, 0xFC, 0x00, 0x00, 0x3F, 0xF0, 0x00, 0x00, 0xFF, 0xC0, 0x00,
    0x03, 0xFF, 0x00, 0x00, 0x0F, 0xFC, 0x00, 0x00, 0x3F, 0xF0, 0x00, 0x00, 0xFF, 0xC0, 0x00, 0x03,
    0xFF, 0x00, 0x00, 0x0F, 0xFC, 0x00, 0x00, 0x3F, 0xF0, 0x00, 0x00, 0xFF, 0xC0, 0x00, 0x7F, 0x41,
    0xFD, 0xFF, 0xC3, 0xFF, 0xFF, 0xC3, 0xFF, 0x3F, 0x41, 0xFC, 0x00, 0x00, 0x00, 0x00, 0x00, 0x00,
    0x00, 0x00, 0x00, 0x03, 0xFF, 0x00, 0x03, 0xFF, 0x00, 0x03, 0xFF, 0x00, 0x03, 0xFF, 0x00, 0x03,
    0xFF, 0x00, 0x03, 0xFF, 0x00, 0x03, 0xFF, 0x00, 0x03, 0xFF, 0x00, 0x03, 0xFF, 0x00, 0x03, 0xFF,
    0x00, 0x03, 0xFF, 0x00, 0x03, 0xFF, 0x00, 0x03, 0xFF, 0x00, 0x03, 0xFF, 0x00, 0x03, 0xFF, 0x00,
    0x03, 0xFF, 0x00, 0x03, 0xFF, 0x00, 0x03, 0xFF, 0x00, 0x03, 0xFF, 0x00, 0x00, 0x04, 0x00, 0x00,
    0x00, 0x02, 0xF4, 0x0B, 0xC0, 0x00, 0x3F, 0xF7, 0xFD, 0x00, 0x02, 0xFF, 0xFF, 0xC0, 0x00, 0x07,
    0xFF, 0xE0, 0x00, 0x01, 0xFF, 0xFE, 0x00, 0x00, 0xBF, 0xFF, 0xF8, 0x00, 0x03, 0xF8, 0xFF, 0xD0,
    0x00, 0x28, 0x03, 0xFF, 0x00, 0x00, 0x00, 0x1F, 0xF4, 0x00, 0x6F, 0xF9, 0xFF, 0xC0, 0x3F, 0xFF,
    0xFF, 0xFC, 0x0F, 0xFF, 0xFF, 0xFF, 0xD3, 0xFF, 0xFF, 0xFF, 0xFE, 0x7F, 0xF8, 0x02, 0xFF, 0xFB,
    0xFE, 0x00, 0x0F, 0xFF, 0xFF, 0xD0, 0x00, 0x7F, 0xFF, 0xFC, 0x00, 0x03, 0xFF, 0xFF, 0xC0, 0x00,
    0x3F, 0xFF, 0xFC, 0x00, 0x07, 0xFF, 0xFF, 0xD0, 0x00, 0x7F, 0xEB, 0xFF, 0x00, 0x0F, 0xFD, 0x3F,
    0xF8, 0x02, 0xFF, 0xC2, 0xFF, 0xFF, 0xFF, 0xF4, 0x0B, 0xFF, 0xFF, 0xFD, 0x00, 0x2F, 0xFF, 0xFF,
    0x40, 0x00, 0x1B, 0xFE, 0x40, 0x00, 0x00, 0x00, 0x00, 0x00, 0x00, 0x3F, 0xE0, 0x1F, 0x40, 0x3F,
    0xFF, 0x9F, 0xC0, 0x2F, 0xFF, 0xFF, 0xF0, 0x0F, 0xD6, 0xFF, 0xF0, 0x03, 0xE0, 0x0B, 0xE0, 0x00,
    0x00, 0x00, 0x00, 0x00, 0x00, 0x00, 0x00, 0x00, 0xFF, 0x01, 0xFF, 0xD0, 0x3F, 0xD3, 0xFF, 0xFF,
    0x0F, 0xFF, 0xFF, 0xFF, 0xF3, 0xFF, 0xFF, 0xFF, 0xFD, 0xFF, 0xF8, 0x07, 0xFF, 0xFF, 0xFC, 0x00,
    0xBF, 0xFF, 0xFE, 0x00, 0x1F, 0xFF, 0xFF, 0x40, 0x03, 0xFF, 0xFF, 0xC0, 0x00, 0xFF, 0xFF, 0xF0,
    0x00, 0x3F, 0xFF, 0xFC, 0x00, 0x0F, 0xFF, 0xFF, 0x00, 0x03, 0xFF, 0xFF, 0xC0, 0x00, 0xFF, 0xFF,
    0xF0, 0x00, 0x3F, 0xFF, 0xFC, 0x00, 0x0F, 0xFF, 0xFF, 0x00, 0x03, 0xFF, 0xFF, 0xC0, 0x00, 0xFF,
    0xFF, 0xF0, 0x00, 0x3F, 0xFF, 0xFC, 0x00, 0x0F, 0xFC, 0x00, 0xFF, 0xF0, 0x00, 0x00, 0x03, 0xFF,
    0x80, 0x00, 0x00, 0x0B, 0xFE, 0x00, 0x00, 0x00, 0x1F, 0xF4, 0x00, 0x00, 0x00, 0x3F, 0xC0, 0x00,
    0x00, 0x00, 0x54, 0x00, 0x00, 0x00, 0x00, 0x00, 0x00, 0x01, 0xBF, 0xE4, 0x00, 0x01, 0xFF, 0xFF,
    0xF4, 0x00, 0xBF, 0xFF, 0xFF, 0xE0, 0x1F, 0xFF, 0xFF, 0xFF, 0x43, 0xFF, 0xC0, 0x3F, 0xFC, 0x7F,
    0xF0, 0x00, 0xFF, 0xDB, 0xFE, 0x00, 0x0B, 0xFE, 0xFF, 0xD0, 0x00, 0x7F, 0xFF, 0xFC, 0x00, 0x03,
    0xFF, 0xFF, 0xC0, 0x00, 0x3F, 0xFF, 0xFC, 0x00, 0x03, 0xFF, 0xFF, 0xD0, 0x00, 0x7F, 0xFB, 0xFE,
    0x00, 0x0B, 0xFE, 0x7F, 0xF0, 0x00, 0xFF, 0xD3, 0xFF, 0xC0, 0x3F, 0xFC, 0x1F, 0xFF, 0xFF, 0xFF,
    0x40, 0x7F, 0xFF, 0xFF, 0xE0, 0x01, 0xFF, 0xFF, 0xF4, 0x00, 0x01, 0xBF, 0xE4, 0x00, 0x00, 0x00,
    0x0F, 0xFE, 0x00, 0x00, 0x03, 0xFF, 0x80, 0x00, 0x00, 0xBF, 0xD0, 0x00, 0x00, 0x2F, 0xF4, 0x00,
    0x00, 0x07, 0xFC, 0x00, 0x00, 0x00, 0x55, 0x00, 0x00, 0x00, 0x00, 0x00, 0x00, 0x00, 0x01, 0xBF,
    0xE4, 0x00, 0x01, 0xFF, 0xFF, 0xF4, 0x00, 0xBF, 0xFF, 0xFF, 0xE0, 0x1F, 0xFF, 0xFF, 0xFF, 0x43,
    0xFF, 0xC0, 0x3F, 0xFC, 0x7F, 0xF0, 0x00, 0xFF, 0xDB, 0xFE, 0x00, 0x0B, 0xFE, 0xFF, 0xD0, 0x00,
    0x7F, 0xFF, 0xFC, 0x00, 0x03, 0xFF, 0xFF, 0xC0, 0x00, 0x3F, 0xFF, 0xFC, 0x00, 0x03, 0xFF, 0xFF,
    0xD0, 0x00, 0x7F, 0xFB, 0xFE, 0x00, 0x0B, 0xFE, 0x7F, 0xF0, 0x00, 0xFF, 0xD3, 0xFF, 0xC0, 0x3F,
    0xFC, 0x1F, 0xFF, 0xFF, 0xFF, 0x40, 0x7F, 0xFF, 0xFF, 0xE0, 0x01, 0xFF, 0xFF, 0xF4, 0x00, 0x01,
    0xBF, 0xE4, 0x00, 0x00, 0x0F, 0xFF, 0x00, 0x00, 0x02, 0xFF, 0xFC, 0x00, 0x00, 0xBF, 0xFF, 0xE0,
    0x00, 0x1F, 0xF0, 0xFF, 0x80, 0x07, 0xF8, 0x02, 0xFD, 0x00, 0x55, 0x00, 0x05, 0x50, 0x00, 0x00,
    0x00, 0x00, 0x00, 0x01, 0xBF, 0xE4, 0x00, 0x01, 0xFF, 0xFF, 0xF4, 0x00, 0xBF, 0xFF, 0xFF, 0xE0,
    0x1F, 0xFF, 0xFF, 0xFF, 0x43, 0xFF, 0xC0, 0x3F, 0xFC, 0x7F, 0xF0, 0x00, 0xFF, 0xDB, 0xFE, 0x00,
    0x0B, 0xFE, 0xFF, 0xD0, 0x00, 0x7F, 0xFF, 0xFC, 0x00, 0x03, 0xFF, 0xFF, 0xC0, 0x00, 0x3F, 0xFF,
    0xFC, 0x00, 0x03, 0xFF, 0xFF, 0xD0, 0x00, 0x7F, 0xFB, 0xFE, 0x00, 0x0B, 0xFE, 0x7F, 0xF0, 0x00,
    0xFF, 0xD3, 0xFF, 0xC0, 0x3F, 0xFC, 0x1F, 0xFF, 0xFF, 0xFF, 0x40, 0x7F, 0xFF, 0xFF, 0xE0, 0x01,
    0xFF, 0xFF, 0xF4, 0x00, 0x01, 0xBF, 0xE4, 0x00, 0x00, 0x00, 0x00, 0x00, 0x00, 0x07, 0xFD, 0x02,
    0xF0, 0x02, 0xFF, 0xFD, 0xBF, 0x00, 0x3F, 0xFF, 0xFF, 0xD0, 0x07, 0xE1, 0xFF, 0xFC, 0x00, 0xBC,
    0x01, 0xFE, 0x00, 0x00, 0x00, 0x00, 0x00, 0x00, 0x00, 0x00, 0x00, 0x00, 0x00, 0x1B, 0xFE, 0x40,
    0x00, 0x1F, 0xFF, 0xFF, 0x40, 0x0B, 0xFF, 0xFF, 0xFE, 0x01, 0xFF, 0xFF, 0xFF, 0xF4, 0x3F, 0xFC,
    0x03, 0xFF, 0xC7, 0xFF, 0x00, 0x0F, 0xFD, 0xBF, 0xE0, 0x00, 0xBF, 0xEF, 0xFD, 0x00, 0x07, 0xFF,
    0xFF, 0xC0, 0x00, 0x3F, 0xFF, 0xFC, 0x00, 0x03, 0xFF, 0xFF, 0xC0, 0x00, 0x3F, 0xFF, 0xFD, 0x00,
    0x07, 0xFF, 0xBF, 0xE0, 0x00, 0xBF, 0xE7, 0xFF, 0x00, 0x0F, 0xFD, 0x3F, 0xFC, 0x03, 0xFF, 0xC1,
    0xFF, 0xFF, 0xFF, 0xF4, 0x07, 0xFF, 0xFF, 0xFE, 0x00, 0x1F, 0xFF, 0xFF, 0x40, 0x00, 0x1B, 0xFE,
    0x40, 0x00, 0x01, 0xFD, 0x07, 0xF4, 0x00, 0x3F, 0xF0, 0xFF, 0xC0, 0x03, 0xFF, 0x0F, 0xFC, 0x00,
    0x1F, 0xC0, 0x7F, 0x00, 0x00, 0x00, 0x00, 0x00, 0x00, 0x00, 0x00, 0x00, 0x00, 0x00, 0x00, 0x00,
    0x00, 0x00, 0x01, 0xBF, 0xE4, 0x00, 0x01, 0xFF, 0xFF, 0xF4, 0x00, 0xBF, 0xFF, 0xFF, 0xE0, 0x1F,
    0xFF, 0xFF, 0xFF, 0x43, 0xFF, 0xC0, 0x3F, 0xFC, 0x7F, 0xF0, 0x00, 0xFF, 0xDB, 0xFE, 0x00, 0x0B,
    0xFE, 0xFF, 0xD0, 0x00, 0x7F, 0xFF, 0xFC, 0x00, 0x03, 0xFF, 0xFF, 0xC0, 0x00, 0x3F, 0xFF, 0xFC,
    0x00, 0x03, 0xFF, 0xFF, 0xD0, 0x00, 0x7F, 0xFB, 0xFE, 0x00, 0x0B, 0xFE, 0x7F, 0xF0, 0x00, 0xFF,
    0xD3, 0xFF, 0xC0, 0x3F, 0xFC, 0x1F, 0xFF, 0xFF, 0xFF, 0x40, 0x7F, 0xFF, 0xFF, 0xE0, 0x01, 0xFF,
    0xFF, 0xF4, 0x00, 0x01, 0xBF, 0xE4, 0x00, 0x00, 0x03, 0xF4, 0x00, 0x00, 0x0F, 0xFC, 0x00, 0x00,
    0x0F, 0xFC, 0x00, 0x00, 0x0F, 0xFC, 0x00, 0x00, 0x03, 0xF4, 0x00, 0x00, 0x00, 0x00, 0x00, 0x00,
    0x00, 0x00, 0x00, 0xFF, 0xFF, 0xFF, 0xFF, 0xFF, 0xFF, 0xFF, 0xFF, 0xFF, 0xFF, 0xFF, 0xFF, 0xFF,
    0xFF, 0xFF, 0xFF, 0x00, 0x00, 0x00, 0x00, 0x00, 0x03, 0xF4, 0x00, 0x00, 0x0F, 0xFC, 0x00, 0x00,
    0x0F, 0xFC, 0x00, 0x00, 0x0F, 0xFC, 0x00, 0x00, 0x03, 0xF4, 0x00, 0x00, 0x00, 0x00, 0x00, 0x00,
    0x01, 0xBF, 0xE6, 0xE0, 0x01, 0xFF, 0xFF, 0xFF, 0x40, 0xBF, 0xFF, 0xFF, 0xF0, 0x1F, 0xFF, 0xFF,
    0xFF, 0x43, 0xFF, 0xC0, 0xBF, 0xFC, 0x7F, 0xF0, 0x0F, 0xFF, 0xDB, 0xFE, 0x02, 0xFF, 0xFE, 0xFF,
    0xD0, 0x7F, 0xBF, 0xFF, 0xFC, 0x0F, 0xE3, 0xFF, 0xFF, 0xC2, 0xFC, 0x3F, 0xFF, 0xFC, 0x7F, 0x43,
    0xFF, 0xFF, 0xDF, 0xE0, 0x7F, 0xFB, 0xFF, 0xFC, 0x0B, 0xFE, 0x7F, 0xFF, 0x40, 0xFF, 0xD3, 0xFF,
    0xF0, 0x3F, 0xFC, 0x1F, 0xFF, 0xFF, 0xFF, 0x40, 0xBF, 0xFF, 0xFF, 0xE0, 0x0F, 0xFF, 0xFF, 0xF4,
    0x01, 0xFD, 0xBF, 0xE4, 0x00, 0x02, 0x00, 0x00, 0x00, 0x00, 0x01, 0xFF, 0xD0, 0x00, 0x00, 0x1F,
    0xFC, 0x00, 0x00, 0x00, 0xFF, 0xC0, 0x00, 0x00, 0x0B, 0xFC, 0x00, 0x00, 0x00, 0x7F, 0x80, 0x00,
    0x00, 0x00, 0x00, 0x00, 0x00, 0x00, 0x00, 0x03, 0xFF, 0x00, 0x03, 0xFF, 0xFF, 0xC0, 0x00, 0xFF,
    0xFF, 0xF0, 0x00, 0x3F, 0xFF, 0xFC, 0x00, 0x0F, 0xFF, 0xFF, 0x00, 0x03, 0xFF, 0xFF, 0xC0, 0x00,
    0xFF, 0xFF, 0xF0, 0x00, 0x3F, 0xFF, 0xFC, 0x00, 0x0F, 0xFF, 0xFF, 0x00, 0x03, 0xFF, 0xFF, 0xC0,
    0x00, 0xFF, 0xFF, 0xF0, 0x00, 0x3F, 0xFF, 0xFC, 0x00, 0x1F, 0xFF, 0xFF, 0x40, 0x0B, 0xFF, 0xFF,
    0xE0, 0x03, 0xFF, 0xEF, 0xFD, 0x03, 0xFF, 0xF7, 0xFF, 0xFF, 0xFF, 0xFC, 0xFF, 0xFF, 0xFD, 0xFF,
    0x0F, 0xFF, 0xFC, 0x7F, 0xC0, 0x7F, 0xF4, 0x0F, 0xF0, 0x00, 0x00, 0x2F, 0xFC, 0x00, 0x00, 0x1F,
    0xFC, 0x00, 0x00, 0x1F, 0xF8, 0x00, 0x00, 0x0F, 0xF4, 0x00, 0x00, 0x0F, 0xF0, 0x00, 0x00, 0x00,
    0x00, 0x00, 0x00, 0x00, 0x00, 0x00, 0x03, 0xFF, 0x00, 0x03, 0xFF, 0xFF, 0xC0, 0x00, 0xFF, 0xFF,
    0xF0, 0x00, 0x3F, 0xFF, 0xFC, 0x00, 0x0F, 0xFF, 0xFF, 0x00, 0x03, 0xFF, 0xFF, 0xC0, 0x00, 0xFF,
    0xFF, 0xF0, 0x00, 0x3F, 0xFF, 0xFC, 0x00, 0x0F, 0xFF, 0xFF, 0x00, 0x03, 0xFF, 0xFF, 0xC0, 0x00,
    0xFF, 0xFF, 0xF0, 0x00, 0x3F, 0xFF, 0xFC, 0x00, 0x1F, 0xFF, 0xFF, 0x40, 0x0B, 0xFF, 0xFF, 0xE0,
    0x03, 0xFF, 0xEF, 0xFD, 0x03, 0xFF, 0xF7, 0xFF, 0xFF, 0xFF, 0xFC, 0xFF, 0xFF, 0xFD, 0xFF, 0x0F,
    0xFF, 0xFC, 0x7F, 0xC0, 0x7F, 0xF4, 0x0F, 0xF0, 0x00, 0x1F, 0xFD, 0x00, 0x00, 0x0F, 0xFF, 0xC0,
    0x00, 0x0F, 0xFF, 0xFC, 0x00, 0x0F, 0xF4, 0x7F, 0xC0, 0x0F, 0xF0, 0x03, 0xFC, 0x00, 0x00, 0x00,
    0x00, 0x00, 0x00, 0x00, 0x00, 0x03, 0xFF, 0x00, 0x03, 0xFF, 0xFF, 0xC0, 0x00, 0xFF, 0xFF, 0xF0,
    0x00, 0x3F, 0xFF, 0xFC, 0x00, 0x0F, 0xFF, 0xFF, 0x00, 0x03, 0xFF, 0xFF, 0xC0, 0x00, 0xFF, 0xFF,
    0xF0, 0x00, 0x3F, 0xFF, 0xFC, 0x00, 0x0F, 0xFF, 0xFF, 0x00, 0x03, 0xFF, 0xFF, 0xC0, 0x00, 0xFF,
    0xFF, 0xF0, 0x00, 0x3F, 0xFF, 0xFC, 0x00, 0x1F, 0xFF, 0xFF, 0x40, 0x0B, 0xFF, 0xFF, 0xE0, 0x03,
    0xFF, 0xEF, 0xFD, 0x03, 0xFF, 0xF7, 0xFF, 0xFF, 0xFF, 0xFC, 0xFF, 0xFF, 0xFD, 0xFF, 0x0F, 0xFF,
    0xFC, 0x7F, 0xC0, 0x7F, 0xF4, 0x0F, 0xF0, 0x07, 0xF4, 0x07, 0xF4, 0x03, 0xFF, 0x03, 0xFF, 0x00,
    0xFF, 0xC0, 0xFF, 0xC0, 0x1F, 0xC0, 0x1F, 0xD0, 0x00, 0x00, 0x00, 0x00, 0x00, 0x00, 0x00, 0x00,
    0x00, 0x00, 0x00, 0x00, 0x03, 0xFF, 0x00, 0x03, 0xFF, 0xFF, 0xC0, 0x00, 0xFF, 0xFF, 0xF0, 0x00,
    0x3F, 0xFF, 0xFC, 0x00, 0x0F, 0xFF, 0xFF, 0x00, 0x03, 0xFF, 0xFF, 0xC0, 0x00, 0xFF, 0xFF, 0xF0,
    0x00, 0x3F, 0xFF, 0xFC, 0x00, 0x0F, 0xFF, 0xFF, 0x00, 0x03, 0xFF, 0xFF, 0xC0, 0x00, 0xFF, 0xFF,
    0xF0, 0x00, 0x3F, 0xFF, 0xFC, 0x00, 0x1F, 0xFF, 0xFF, 0x40, 0x0B, 0xFF, 0xFF, 0xE0, 0x03, 0xFF,
    0xEF, 0xFD, 0x03, 0xFF, 0xF7, 0xFF, 0xFF, 0xFF, 0xFC, 0xFF, 0xFF, 0xFD, 0xFF, 0x0F, 0xFF, 0xFC,
    0x3F, 0xC0, 0x7F, 0xF4, 0x0F, 0xF0, 0x00, 0x00, 0x03, 0xFF, 0xC0, 0x00, 0x00, 0x0B, 0xFE, 0x00,
    0x00, 0x00, 0x1F, 0xF8, 0x00, 0x00, 0x00, 0x7F, 0xD0, 0x00, 0x00, 0x00, 0xFE, 0x00, 0x00, 0x00,
    0x00, 0x00, 0x00, 0x00, 0x00, 0x00, 0x00, 0x00, 0x00, 0x3F, 0xF4, 0x00, 0x07, 0xFE, 0x2F, 0xF8,
    0x00, 0x0F, 0xFD, 0x0F, 0xFC, 0x00, 0x0F, 0xFC, 0x0F, 0xFC, 0x00, 0x1F, 0xF8, 0x07, 0xFE, 0x00,
    0x2F, 0xF0, 0x03, 0xFF, 0x00, 0x3F, 0xF0, 0x02, 0xFF, 0x00, 0x7F, 0xD0, 0x01, 0xFF, 0x80, 0xBF,
    0xC0, 0x00, 0xFF, 0xC0, 0xFF, 0xC0, 0x00, 0xBF, 0xC1, 0xFF, 0x40, 0x00, 0x3F, 0xD2, 0xFF, 0x00,
    0x00, 0x3F, 0xF3, 0xFE, 0x00, 0x00, 0x1F, 0xF3, 0xFD, 0x00, 0x00, 0x0F, 0xFB, 0xFC, 0x00, 0x00,
    0x0B, 0xFF, 0xF8, 0x00, 0x00, 0x03, 0xFF, 0xF0, 0x00, 0x00, 0x03, 0xFF, 0xF0, 0x00, 0x00, 0x01,
    0xFF, 0xD0, 0x00, 0x00, 0x00, 0xFF, 0xC0, 0x00, 0x00, 0x00, 0xFF, 0x80, 0x00, 0x00, 0x02, 0xFF,
    0x40, 0x00, 0x00, 0x03, 0xFF, 0x00, 0x00, 0x00, 0x1F, 0xFE, 0x00, 0x00, 0x0F, 0xFF, 0xFC, 0x00,
    0x00, 0x0F, 0xFF, 0xF4, 0x00, 0x00, 0x0F, 0xFF, 0xD0, 0x00, 0x00, 0x0F, 0xFE, 0x00, 0x00, 0x00,
    0xFF, 0xC0, 0x00, 0x00, 0x3F, 0xF0, 0x00, 0x00, 0x0F, 0xFC, 0x00, 0x00, 0x03, 0xFF, 0x00, 0x00,
    0x00, 0xFF, 0xC0, 0x00, 0x00, 0x3F, 0xF0, 0x00, 0x00, 0x0F, 0xFC, 0x00, 0x00, 0x03, 0xFF, 0x07,
    0xFE, 0x00, 0xFF, 0xCF, 0xFF, 0xF4, 0x3F, 0xFB, 0xFF, 0xFF, 0x0F, 0xFF, 0xFF, 0xFF, 0xF3, 0xFF,
    0xE0, 0x2F, 0xFC, 0xFF, 0xE0, 0x03, 0xFF, 0xBF, 0xF4, 0x00, 0x7F, 0xFF, 0xFC, 0x00, 0x1F, 0xFF,
    0xFF, 0x00, 0x03, 0xFF, 0xFF, 0xC0, 0x00, 0xFF, 0xFF, 0xF0, 0x00, 0x3F, 0xFF, 0xFD, 0x00, 0x1F,
    0xFF, 0xFF, 0x40, 0x07, 0xFE, 0xFF, 0xF0, 0x03, 0xFF, 0xBF, 0xFE, 0x02, 0xFF, 0xCF, 0xFF, 0xFF,
    0xFF, 0xE3, 0xFF, 0xFF, 0xFF, 0xF0, 0xFF, 0xDF, 0xFF, 0xF4, 0x3F, 0xF0, 0xBF, 0xE0, 0x0F, 0xFC,
    0x00, 0x00, 0x03, 0xFF, 0x00, 0x00, 0x00, 0xFF, 0xC0, 0x00, 0x00, 0x3F, 0xF0, 0x00, 0x00, 0x0F,
    0xFC, 0x00, 0x00, 0x03, 0xFF, 0x00, 0x00, 0x00, 0xFF, 0xC0, 0x00, 0x00, 0x3F, 0xF0, 0x00, 0x00,
    0x00, 0x00, 0x7F, 0x41, 0xFD, 0x00, 0x00, 0xFF, 0xC3, 0xFF, 0x00, 0x00, 0xFF, 0xC3, 0xFF, 0x00,
    0x00, 0x3F, 0x41, 0xFC, 0x00, 0x00, 0x00, 0x00, 0x00, 0x00, 0x00, 0x00, 0x00, 0x00, 0x00, 0x00,
    0x00, 0x00, 0x00, 0x00, 0x7F, 0xF0, 0x00, 0x0F, 0xFD, 0x3F, 0xF4, 0x00, 0x0F, 0xFC, 0x2F, 0xF8,
    0x00, 0x2F, 0xF8, 0x0F, 0xFC, 0x00, 0x3F, 0xF4, 0x0F, 0xFD, 0x00, 0x3F, 0xF0, 0x07, 0xFE, 0x00,
    0x7F, 0xE0, 0x03, 0xFF, 0x00, 0xFF, 0xC0, 0x02, 0xFF, 0x00, 0xFF, 0xC0, 0x00, 0xFF, 0x81, 0xFF,
    0x40, 0x00, 0xFF, 0xC2, 0xFF, 0x00, 0x00, 0x7F, 0xC3, 0xFE, 0x00, 0x00, 0x3F, 0xD7, 0xFD, 0x00,
    0x00, 0x2F, 0xEB, 0xFC, 0x00, 0x00, 0x0F, 0xFF, 0xF8, 0x00, 0x00, 0x0F, 0xFF, 0xF0, 0x00, 0x00,
    0x07, 0xFF, 0xF0, 0x00, 0x00, 0x03, 0xFF, 0xE0, 0x00, 0x00, 0x02, 0xFF, 0xC0, 0x00, 0x00, 0x00,
    0xFF, 0xC0, 0x00, 0x00, 0x01, 0xFF, 0x40, 0x00, 0x00, 0x02, 0xFF, 0x00, 0x00, 0x00, 0x07, 0xFE,
    0x00, 0x00, 0x00, 0x1F, 0xFC, 0x00, 0x00, 0x2F, 0xFF, 0xF8, 0x00, 0x00, 0x2F, 0xFF, 0xF0, 0x00,
    0x00, 0x2F, 0xFF, 0xC0, 0x00, 0x00, 0x1F, 0xF9, 0x00, 0x00, 0x00, 0x00, 0x0F, 0xFF, 0xFF, 0xC0,
    0x00, 0x00, 0x0F, 0xFF, 0xFF, 0xC0, 0x00, 0x00, 0x0F, 0xFF, 0xFF, 0xC0, 0x00, 0x00, 0x0F, 0xFF,
    0xFF, 0xC0, 0x00, 0x00, 0x00, 0x00, 0x00, 0x00, 0x00, 0x00, 0x00, 0x00, 0x00, 0x00, 0x00, 0x00,
    0x00, 0xFF, 0xFC, 0x00, 0x00, 0x00, 0x00, 0xFF, 0xFC, 0x00, 0x00, 0x00, 0x01, 0xFF, 0xFD, 0x00,
    0x00, 0x00, 0x03, 0xFF, 0xFF, 0x00, 0x00, 0x00, 0x03, 0xFE, 0xFF, 0x00, 0x00, 0x00, 0x0B, 0xFC,
    0xFF, 0x80, 0x00, 0x00, 0x0F, 0xFC, 0xFF, 0xC0, 0x00, 0x00, 0x0F, 0xF8, 0x7F, 0xC0, 0x00, 0x00,
    0x2F, 0xF4, 0x3F, 0xE0, 0x00, 0x00, 0x3F, 0xF0, 0x3F, 0xF0, 0x00, 0x00, 0x7F, 0xE0, 0x2F, 0xF4,
    0x00, 0x00, 0xBF, 0xD0, 0x1F, 0xF8, 0x00, 0x00, 0xFF, 0xC0, 0x0F, 0xFC, 0x00, 0x01, 0xFF, 0x80,
    0x0B, 0xFD, 0x00, 0x02, 0xFF, 0xFF, 0xFF, 0xFE, 0x00, 0x03, 0xFF, 0xFF, 0xFF, 0xFF, 0x00, 0x07,
    0xFF, 0xFF, 0xFF, 0xFF, 0x40, 0x0B, 0xFF, 0xFF, 0xFF, 0xFF, 0xC0, 0x0F, 0xFC, 0x00, 0x00, 0xFF,
    0xC0, 0x1F, 0xFC, 0x00, 0x00, 0xFF, 0xD0, 0x3F, 0xF8, 0x00, 0x00, 0xBF, 0xF0, 0x3F, 0xF4, 0x00,
    0x00, 0x3F, 0xF0, 0x7F, 0xF0, 0x00, 0x00, 0x3F, 0xF8, 0xFF, 0xE0, 0x00, 0x00, 0x2F, 0xFC, 0x03,
    0xFF, 0xFF, 0xF0, 0x00, 0xFF, 0xFF, 0xFC, 0x00, 0x3F, 0xFF, 0xFF, 0x00, 0x0F, 0xFF, 0xFF, 0xC0,
    0x00, 0x00, 0x00, 0x00, 0x00, 0x1B, 0xFF, 0x90, 0x00, 0xBF, 0xFF, 0xFF, 0x00, 0x3F, 0xFF, 0xFF,
    0xF0, 0x07, 0xFF, 0xFF, 0xFE, 0x00, 0xE4, 0x02, 0xFF, 0xC0, 0x00, 0x00, 0x3F, 0xF0, 0x00, 0x00,
    0x0F, 0xFC, 0x01, 0xBF, 0xFF, 0xFF, 0x03, 0xFF, 0xFF, 0xFF, 0xC3, 0xFF, 0xFF, 0xFF, 0xF2, 0xFF,
    0xD0, 0x0F, 0xFC, 0xFF, 0xD0, 0x03, 0xFF, 0x3F, 0xF0, 0x00, 0xFF, 0xCF, 0xFC, 0x00, 0xBF, 0xF3,
    0xFF, 0x80, 0xBF, 0xFC, 0xBF, 0xFF, 0xFF, 0xFF, 0x0F, 0xFF, 0xFF, 0x7F, 0xC1, 0xFF, 0xFF, 0x0F,
    0xF0, 0x0B, 0xFE, 0x02, 0xFC, 0x00, 0x0F, 0xC0, 0x00, 0xFC, 0x00, 0x00, 0x0F, 0xE0, 0x07, 0xFC,
    0x00, 0x00, 0x0B, 0xFF, 0xFF, 0xF4, 0x00, 0x00, 0x03, 0xFF, 0xFF, 0xF0, 0x00, 0x00, 0x00, 0xFF,
    0xFF, 0x80, 0x00, 0x00, 0x00, 0x1B, 0xF9, 0x00, 0x00, 0x00, 0x00, 0x00, 0x00, 0x00, 0x00, 0x00,
    0x00, 0x00, 0x00, 0x00, 0x00, 0x00, 0x00, 0x7F, 0xFE, 0x00, 0x00, 0x00, 0x00, 0xBF, 0xFF, 0x00,
    0x00, 0x00, 0x00, 0xFF, 0xFF, 0x00, 0x00, 0x00, 0x01, 0xFF, 0xFF, 0x80, 0x00, 0x00, 0x02, 0xFF,
    0xBF, 0xC0, 0x00, 0x00, 0x03, 0xFE, 0x7F, 0xD0, 0x00, 0x00, 0x07, 0xFD, 0x3F, 0xE0, 0x00, 0x00,
    0x0B, 0xFC, 0x3F, 0xF0, 0x00, 0x00, 0x0F, 0xFC, 0x2F, 0xF4, 0x00, 0x00, 0x1F, 0xF8, 0x1F, 0xF8,
    0x00, 0x00, 0x3F, 0xF4, 0x0F, 0xFC, 0x00, 0x00, 0x3F, 0xF0, 0x0B, 0xFD, 0x00, 0x00, 0x7F, 0xE0,
    0x07, 0xFF, 0x00, 0x00, 0xFF, 0xD0, 0x03, 0xFF, 0x00, 0x00, 0xFF, 0xFF, 0xFF, 0xFF, 0x40, 0x02,
    0xFF, 0xFF, 0xFF, 0xFF, 0xC0, 0x03, 0xFF, 0xFF, 0xFF, 0xFF, 0xC0, 0x03, 0xFF, 0xFF, 0xFF, 0xFF,
    0xE0, 0x0B, 0xFE, 0x00, 0x00, 0x7F, 0xF0, 0x0F, 0xFD, 0x00, 0x00, 0x3F, 0xF4, 0x1F, 0xFC, 0x00,
    0x00, 0x3F, 0xF8, 0x2F, 0xF8, 0x00, 0x00, 0x1F, 0xFC, 0x3F, 0xF4, 0x00, 0x00, 0x0F, 0xFD, 0x7F,
    0xF0, 0x00, 0x00, 0x0F, 0xFE, 0x0F, 0xD0, 0x00, 0xFC, 0x03, 0xFD, 0x00, 0xBF, 0x00, 0xBF, 0xFF,
    0xFF, 0x40, 0x0F, 0xFF, 0xFF, 0xC0, 0x00, 0xFF, 0xFF, 0x80, 0x00, 0x06, 0xFE, 0x40, 0x00, 0x00,
    0x00, 0x00, 0x00, 0x01, 0xBF, 0xF9, 0x00, 0x0F, 0xFF, 0xFF, 0xF0, 0x03, 0xFF, 0xFF, 0xFF, 0x00,
    0xFF, 0xFF, 0xFF, 0xE0, 0x1E, 0x40, 0x2F, 0xFC, 0x00, 0x00, 0x03, 0xFF, 0x00, 0x00, 0x00, 0xFF,
    0xC0, 0x1B, 0xFF, 0xFF, 0xF0, 0x3F, 0xFF, 0xFF, 0xFC, 0x3F, 0xFF, 0xFF, 0xFF, 0x2F, 0xFD, 0x00,
    0xFF, 0xCF, 0xFD, 0x00, 0x3F, 0xF3, 0xFF, 0x00, 0x0F, 0xFC, 0xFF, 0xC0, 0x0B, 0xFF, 0x3F, 0xF8,
    0x0B, 0xFF, 0xCB, 0xFF, 0xFF, 0xFF, 0xF0, 0xFF, 0xFF, 0xF7, 0xFC, 0x1F, 0xFF, 0xF0, 0xFF, 0x00,
    0xBF, 0xE0, 0x2F, 0xC0, 0x00, 0x00, 0x3F, 0xFE, 0x00, 0x00, 0x00, 0x00, 0x1F, 0xFF, 0xC0, 0x00,
    0x00, 0x00, 0x0B, 0xFF, 0xF4, 0x00, 0x00, 0x00, 0x03, 0xFF, 0xFF, 0x00, 0x00, 0x00, 0x01, 0xFF,
    0xBF, 0xC0, 0x00, 0x00, 0x00, 0xBF, 0xCF, 0xF8, 0x00, 0x00, 0x00, 0x3F, 0xE3, 0xFF, 0x00, 0x00,
    0x00, 0x1F, 0xF4, 0xBF, 0xD0, 0x00, 0x00, 0x0B, 0xFC, 0x1F, 0xF8, 0x00, 0x00, 0x03, 0xFF, 0x03,
    0xFF, 0x00, 0x00, 0x01, 0xFF, 0x80, 0xBF, 0xD0, 0x00, 0x00, 0xBF, 0xD0, 0x1F, 0xFC, 0x00, 0x00,
    0x3F, 0xF0, 0x03, 0xFF, 0x00, 0x00, 0x1F, 0xF8, 0x00, 0xBF, 0xD0, 0x00, 0x0F, 0xFF, 0xFF, 0xFF,
    0xFC, 0x00, 0x03, 0xFF, 0xFF, 0xFF, 0xFF, 0x00, 0x01, 0xFF, 0xFF, 0xFF, 0xFF, 0xE0, 0x00, 0xFF,
    0xFF, 0xFF, 0xFF, 0xFC, 0x00, 0x3F, 0xF0, 0x00, 0x03, 0xFF, 0x40, 0x2F, 0xFC, 0x00, 0x00, 0xFF,
    0xE0, 0x0F, 0xFD, 0x00, 0x00, 0x2F, 0xFC, 0x03, 0xFF, 0x00, 0x00, 0x03, 0xFF, 0x42, 0xFF, 0xC0,
    0x00, 0x00, 0xFF, 0xF0, 0xFF, 0xE0, 0x00, 0x00, 0x2F, 0xFC, 0x00, 0x00, 0x00, 0x00, 0x03, 0xF4,
    0x00, 0x00, 0x00, 0x00, 0x03, 0xF8, 0x00, 0x00, 0x00, 0x00, 0x02, 0xFC, 0x00, 0x00, 0x00, 0x00,
    0x00, 0xFE, 0x00, 0x00, 0x00, 0x00, 0x00, 0x3F, 0xC0, 0x00, 0x00, 0x00, 0x00, 0x0F, 0xFF, 0xC0,
    0x00, 0x00, 0x00, 0x01, 0xFF, 0xF0, 0x00, 0x00, 0x00, 0x00, 0x0B, 0xFC, 0x00, 0x6F, 0xFF, 0x40,
    0x02, 0xFF, 0xFF, 0xFC, 0x00, 0xFF, 0xFF, 0xFF, 0xC0, 0x1F, 0xFF, 0xFF, 0xF8, 0x03, 0x90, 0x0B,
    0xFF, 0x00, 0x00, 0x00, 0xFF, 0xC0, 0x00, 0x00, 0x3F, 0xF0, 0x06, 0xFF, 0xFF, 0xFC, 0x0F, 0xFF,
    0xFF, 0xFF, 0x0F, 0xFF, 0xFF, 0xFF, 0xCB, 0xFF, 0x40, 0x3F, 0xF3, 0xFF, 0x40, 0x0F, 0xFC, 0xFF,
    0xC0, 0x03, 0xFF, 0x3F, 0xF0, 0x02, 0xFF, 0xCF, 0xFE, 0x02, 0xFF, 0xF2, 0xFF, 0xFF, 0xFF, 0xFC,
    0x3F, 0xFF, 0xFD, 0xFF, 0x07, 0xFF, 0xFC, 0x3F, 0xC0, 0x2F, 0xF8, 0x0B, 0xF0, 0x00, 0x00, 0x03,
    0xF0, 0x00, 0x00, 0x03, 0xF0, 0x00, 0x00, 0x02, 0xF8, 0x00, 0x00, 0x00, 0xFD, 0x00, 0x00, 0x00,
    0x3F, 0x80, 0x00, 0x00, 0x0F, 0xFF, 0xC0, 0x00, 0x01, 0xFF, 0xF0, 0x00, 0x00, 0x0B, 0xFC, 0x00,
    0x00, 0x01, 0xAA, 0x80, 0x00, 0x00, 0x0F, 0xFE, 0x00, 0x00, 0x00, 0xFF, 0xD0, 0x00, 0x00, 0x0B,
    0xFD, 0x00, 0x00, 0x00, 0x7F, 0xC0, 0x00, 0x00, 0x03, 0xF8, 0x00, 0x00, 0x00, 0x00, 0x00, 0x00,
    0x00, 0x00, 0x00, 0x00, 0x00, 0x00, 0x00, 0x00, 0x00, 0x00, 0x00, 0x06, 0xFF, 0xE9, 0x00, 0x02,
    0xFF, 0xFF, 0xFF, 0x00, 0x3F, 0xFF, 0xFF, 0xFC, 0x03, 0xFF, 0xFF, 0xFF, 0xE0, 0x3F, 0xFE, 0x00,
    0x1F, 0x02, 0xFF, 0xD0, 0x00, 0x00, 0x0F, 0xFE, 0x00, 0x00, 0x00, 0x7F, 0xF0, 0x00, 0x00, 0x02,
    0xFF, 0x80, 0x00, 0x00, 0x0F, 0xFD, 0x00, 0x00, 0x00, 0x3F, 0xF0, 0x00, 0x00, 0x00, 0xFF, 0xC0,
    0x00, 0x00, 0x03, 0xFF, 0x00, 0x00, 0x00, 0x0F, 0xFC, 0x00, 0x00, 0x00, 0x3F, 0xF4, 0x00, 0x00,
    0x00, 0xBF, 0xE0, 0x00, 0x00, 0x01, 0xFF, 0xC0, 0x00, 0x00, 0x03, 0xFF, 0x40, 0x00, 0x00, 0x0B,
    0xFF, 0x40, 0x00, 0x00, 0x0F, 0xFF, 0x80, 0x06, 0xE0, 0x1F, 0xFF, 0xFF, 0xFF, 0x80, 0x2F, 0xFF,
    0xFF, 0xFE, 0x00, 0x1F, 0xFF, 0xFF, 0xF4, 0x00, 0x06, 0xFF, 0xFA, 0x00, 0x00, 0x00, 0x3F, 0xF4,
    0x00, 0x03, 0xFF, 0x40, 0x00, 0x2F, 0xF4, 0x00, 0x01, 0xFF, 0x00, 0x00, 0x1F, 0xE0, 0x00, 0x00,
    0x15, 0x00, 0x00, 0x00, 0x00, 0x00, 0x00, 0x06, 0xFF, 0xE0, 0x01, 0xFF, 0xFF, 0xF4, 0x2F, 0xFF,
    0xFF, 0xC1, 0xFF, 0xFF, 0xFE, 0x0F, 0xFF, 0x00, 0x60, 0x7F, 0xF0, 0x00, 0x02, 0xFF, 0x80, 0x00,
    0x0F, 0xFD, 0x00, 0x00, 0x3F, 0xF0, 0x00, 0x00, 0xFF, 0xC0, 0x00, 0x03, 0xFF, 0x00, 0x00, 0x0F,
    0xFD, 0x00, 0x00, 0x2F, 0xF8, 0x00, 0x00, 0x7F, 0xF0, 0x00, 0x00, 0xFF, 0xF0, 0x06, 0xC2, 0xFF,
    0xFF, 0xFF, 0x03, 0xFF, 0xFF, 0xFC, 0x02, 0xFF, 0xFF, 0xF0, 0x00, 0xBF, 0xF9, 0x00, 0x00, 0x00,
    0xAA, 0x80, 0x00, 0x00, 0x0F, 0xFF, 0x80, 0x00, 0x00, 0xBF, 0xFF, 0x40, 0x00, 0x07, 0xFD, 0xFF,
    0x40, 0x00, 0x7F, 0xC1, 0xFF, 0x00, 0x03, 0xF8, 0x00, 0xFF, 0x00, 0x00, 0x00, 0x00, 0x00, 0x00,
    0x00, 0x00, 0x00, 0x00, 0x00, 0x00, 0x00, 0x00, 0x00, 0x00, 0x06, 0xFF, 0xE9, 0x00, 0x02, 0xFF,
    0xFF, 0xFF, 0x00, 0x3F, 0xFF, 0xFF, 0xFC, 0x03, 0xFF, 0xFF, 0xFF, 0xE0, 0x3F, 0xFE, 0x00, 0x1F,
    0x02, 0xFF, 0xD0, 0x00, 0x00, 0x0F, 0xFE, 0x00, 0x00, 0x00, 0x7F, 0xF0, 0x00, 0x00, 0x02, 0xFF,
    0x80, 0x00, 0x00, 0x0F, 0xFD, 0x00, 0x00, 0x00, 0x3F, 0xF0, 0x00, 0x00, 0x00, 0xFF, 0xC0, 0x00,
    0x00, 0x03, 0xFF, 0x00, 0x00, 0x00, 0x0F, 0xFC, 0x00, 0x00, 0x00, 0x3F, 0xF4, 0x00, 0x00, 0x00,
    0xBF, 0xE0, 0x00, 0x00, 0x01, 0xFF, 0xC0, 0x00, 0x00, 0x03, 0xFF, 0x40, 0x00, 0x00, 0x0B, 0xFF,
    0x40, 0x00, 0x00, 0x0F, 0xFF, 0x80, 0x06, 0xE0, 0x1F, 0xFF, 0xFF, 0xFF, 0x80, 0x2F, 0xFF, 0xFF,
    0xFE, 0x00, 0x1F, 0xFF, 0xFF, 0xF4, 0x00, 0x06, 0xFF, 0xFA, 0x00, 0x00, 0x3F, 0xFC, 0x00, 0x02,
    0xFF, 0xF8, 0x00, 0x1F, 0xFF, 0xF4, 0x01, 0xFF, 0x0F, 0xF4, 0x1F, 0xF0, 0x0F, 0xF0, 0x15, 0x00,
    0x05, 0x40, 0x00, 0x00, 0x00, 0x00, 0x06, 0xFF, 0xE0, 0x01, 0xFF, 0xFF, 0xF4, 0x2F, 0xFF, 0xFF,
    0xC1, 0xFF, 0xFF, 0xFE, 0x0F, 0xFF, 0x00, 0x60, 0x7F, 0xF0, 0x00, 0x02, 0xFF, 0x80, 0x00, 0x0F,
    0xFD, 0x00, 0x00, 0x3F, 0xF0, 0x00, 0x00, 0xFF, 0xC0, 0x00, 0x03, 0xFF, 0x00, 0x00, 0x0F, 0xFD,
    0x00, 0x00, 0x2F, 0xF8, 0x00, 0x00, 0x7F, 0xF0, 0x00, 0x00, 0xFF, 0xF0, 0x06, 0xC2, 0xFF, 0xFF,
    0xFF, 0x03, 0xFF, 0xFF, 0xFC, 0x02, 0xFF, 0xFF, 0xF0, 0x00, 0xBF, 0xF9, 0x00, 0x00, 0x00, 0x3F,
    0x40, 0x00, 0x00, 0x03, 0xFF, 0x00, 0x00, 0x00, 0x0F, 0xFC, 0x00, 0x00, 0x00, 0x3F, 0xF0, 0x00,
    0x00, 0x00, 0x3F, 0x40, 0x00, 0x00, 0x00, 0x00, 0x00, 0x00, 0x00, 0x00, 0x00, 0x00, 0x00, 0x00,
    0x00, 0x00, 0x00, 0x00, 0x01, 0xBF, 0xFA, 0x40, 0x00, 0xBF, 0xFF, 0xFF, 0xC0, 0x0F, 0xFF, 0xFF,
    0xFF, 0x00, 0xFF, 0xFF, 0xFF, 0xF8, 0x0F, 0xFF, 0x80, 0x07, 0xC0, 0xBF, 0xF4, 0x00, 0x00, 0x03,
    0xFF, 0x80, 0x00, 0x00, 0x1F, 0xFC, 0x00, 0x00, 0x00, 0xBF, 0xE0, 0x00, 0x00, 0x03, 0xFF, 0x40,
    0x00, 0x00, 0x0F, 0xFC, 0x00, 0x00, 0x00, 0x3F, 0xF0, 0x00, 0x00, 0x00, 0xFF, 0xC0, 0x00, 0x00,
    0x03, 0xFF, 0x00, 0x00, 0x00, 0x0F, 0xFD, 0x00, 0x00, 0x00, 0x2F, 0xF8, 0x00, 0x00, 0x00, 0x7F,
    0xF0, 0x00, 0x00, 0x00, 0xFF, 0xD0, 0x00, 0x00, 0x02, 0xFF, 0xD0, 0x00, 0x00, 0x03, 0xFF, 0xE0,
    0x01, 0xB8, 0x07, 0xFF, 0xFF, 0xFF, 0xE0, 0x0B, 0xFF, 0xFF, 0xFF, 0x80, 0x07, 0xFF, 0xFF, 0xFD,
    0x00, 0x01, 0xBF, 0xFE, 0x80, 0x00, 0x07, 0xF0, 0x00, 0x00, 0x3F, 0xF0, 0x00, 0x00, 0xFF, 0xC0,
    0x00, 0x03, 0xFF, 0x00, 0x00, 0x07, 0xF0, 0x00, 0x00, 0x00, 0x00, 0x00, 0x00, 0x00, 0x00, 0x00,
    0x06, 0xFF, 0xE0, 0x01, 0xFF, 0xFF, 0xF4, 0x2F, 0xFF, 0xFF, 0xC1, 0xFF, 0xFF, 0xFE, 0x0F, 0xFF,
    0x40, 0x64, 0x7F, 0xF0, 0x00, 0x02, 0xFF, 0x80, 0x00, 0x0F, 0xFD, 0x00, 0x00, 0x3F, 0xF0, 0x00,
    0x00, 0xFF, 0xC0, 0x00, 0x03, 0xFF, 0x00, 0x00, 0x0F, 0xFD, 0x00, 0x00, 0x2F, 0xF8, 0x00, 0x00,
    0x7F, 0xF0, 0x00, 0x00, 0xFF, 0xF0, 0x06, 0xC2, 0xFF, 0xFF, 0xFF, 0x03, 0xFF, 0xFF, 0xFC, 0x02,
    0xFF, 0xFF, 0xF0, 0x00, 0xBF, 0xF9, 0x00, 0x00, 0xA8, 0x00, 0x06, 0x90, 0x02, 0xFD, 0x00, 0xFF,
    0x40, 0x03, 0xFE, 0x1F, 0xF4, 0x00, 0x03, 0xFF, 0xFF, 0x80, 0x00, 0x03, 0xFF, 0xF8, 0x00, 0x00,
    0x07, 0xFF, 0xC0, 0x00, 0x00, 0x00, 0x00, 0x00, 0x00, 0x00, 0x00, 0x00, 0x00, 0x00, 0x00, 0x00,
    0x00, 0x00, 0x00, 0x06, 0xFF, 0xE9, 0x00, 0x02, 0xFF, 0xFF, 0xFF, 0x00, 0x3F, 0xFF, 0xFF, 0xFC,
    0x03, 0xFF, 0xFF, 0xFF, 0xE0, 0x3F, 0xFE, 0x00, 0x1F, 0x02, 0xFF, 0xD0, 0x00, 0x00, 0x0F, 0xFE,
    0x00, 0x00, 0x00, 0x7F, 0xF0, 0x00, 0x00, 0x02, 0xFF, 0x80, 0x00, 0x00, 0x0F, 0xFD, 0x00, 0x00,
    0x00, 0x3F, 0xF0, 0x00, 0x00, 0x00, 0xFF, 0xC0, 0x00, 0x00, 0x03, 0xFF, 0x00, 0x00, 0x00, 0x0F,
    0xFC, 0x00, 0x00, 0x00, 0x3F, 0xF4, 0x00, 0x00, 0x00, 0xBF, 0xE0, 0x00, 0x00, 0x01, 0xFF, 0xC0,
    0x00, 0x00, 0x03, 0xFF, 0x40, 0x00, 0x00, 0x0B, 0xFF, 0x40, 0x00, 0x00, 0x0F, 0xFF, 0x80, 0x06,
    0xE0, 0x1F, 0xFF, 0xFF, 0xFF, 0x80, 0x2F, 0xFF, 0xFF, 0xFE, 0x00, 0x1F, 0xFF, 0xFF, 0xF4, 0x00,
    0x06, 0xFF, 0xFA, 0x00, 0x1F, 0xD0, 0x02, 0xFC, 0x0B, 0xF8, 0x0F, 0xF4, 0x02, 0xFF, 0x7F, 0xD0,
    0x00, 0xFF, 0xFF, 0x80, 0x00, 0x3F, 0xFF, 0x00, 0x00, 0x05, 0x54, 0x00, 0x00, 0x00, 0x00, 0x00,
    0x00, 0x1B, 0xFF, 0x80, 0x01, 0xFF, 0xFF, 0xF4, 0x0B, 0xFF, 0xFF, 0xF0, 0x1F, 0xFF, 0xFF, 0xE0,
    0x3F, 0xFC, 0x01, 0x80, 0x7F, 0xF0, 0x00, 0x00, 0xBF, 0xE0, 0x00, 0x00, 0xFF, 0xD0, 0x00, 0x00,
    0xFF, 0xC0, 0x00, 0x00, 0xFF, 0xC0, 0x00, 0x00, 0xFF, 0xC0, 0x00, 0x00, 0xFF, 0xD0, 0x00, 0x00,
    0xBF, 0xE0, 0x00, 0x00, 0x7F, 0xF0, 0x00, 0x00, 0x3F, 0xFC, 0x01, 0xB0, 0x2F, 0xFF, 0xFF, 0xF0,
    0x0F, 0xFF, 0xFF, 0xF0, 0x02, 0xFF, 0xFF, 0xF0, 0x00, 0x2F, 0xFE, 0x40, 0x03, 0xF8, 0x00, 0x3F,
    0xC0, 0x01, 0xFF, 0x41, 0xFF, 0x00, 0x00, 0x7F, 0xDB, 0xFD, 0x00, 0x00, 0x2F, 0xFF, 0xF4, 0x00,
    0x00, 0x0F, 0xFF, 0xE0, 0x00, 0x00, 0x02, 0xAA, 0x80, 0x00, 0x00, 0x00, 0x00, 0x00, 0x00, 0x00,
    0x00, 0x00, 0x00, 0x00, 0xFF, 0xFF, 0xFE, 0x40, 0x00, 0xFF, 0xFF, 0xFF, 0xF8, 0x00, 0xFF, 0xFF,
    0xFF, 0xFF, 0x40, 0xFF, 0xFF, 0xFF, 0xFF, 0xD0, 0xFF, 0xC0, 0x06, 0xFF, 0xF0, 0xFF, 0xC0, 0x00,
    0x7F, 0xF8, 0xFF, 0xC0, 0x00, 0x1F, 0xFC, 0xFF, 0xC0, 0x00, 0x0F, 0xFD, 0xFF, 0xC0, 0x00, 0x0B,
    0xFE, 0xFF, 0xC0, 0x00, 0x07, 0xFF, 0xFF, 0xC0, 0x00, 0x03, 0xFF, 0xFF, 0xC0, 0x00, 0x03, 0xFF,
    0xFF, 0xC0, 0x00, 0x03, 0xFF, 0xFF, 0xC0, 0x00, 0x03, 0xFF, 0xFF, 0xC0, 0x00, 0x07, 0xFF, 0xFF,
    0xC0, 0x00, 0x0B, 0xFE, 0xFF, 0xC0, 0x00, 0x0F, 0xFD, 0xFF, 0xC0, 0x00, 0x2F, 0xFC, 0xFF, 0xC0,
    0x00, 0x7F, 0xF4, 0xFF, 0xC0, 0x07, 0xFF, 0xF0, 0xFF, 0xFF, 0xFF, 0xFF, 0xC0, 0xFF, 0xFF, 0xFF,
    0xFF, 0x00, 0xFF, 0xFF, 0xFF, 0xF4, 0x00, 0xFF, 0xFF, 0xFA, 0x40, 0x00, 0x00, 0x00, 0x00, 0xFF,
    0xC1, 0xFF, 0x00, 0x00, 0x00, 0x3F, 0xF0, 0xBF, 0x80, 0x00, 0x00, 0x0F, 0xFC, 0x3F, 0xC0, 0x00,
    0x00, 0x03, 0xFF, 0x0F, 0xE0, 0x00, 0x00, 0x00, 0xFF, 0xC7, 0xF0, 0x00, 0x00, 0x00, 0x3F, 0xF0,
    0x00, 0x00, 0x00, 0x00, 0x0F, 0xFC, 0x00, 0x00, 0x02, 0xFF, 0x83, 0xFF, 0x00, 0x00, 0x03, 0xFF,
    0xFC, 0xFF, 0xC0, 0x00, 0x03, 0xFF, 0xFF, 0xFF, 0xF0, 0x00, 0x03, 0xFF, 0xFF, 0xFF, 0xFC, 0x00,
    0x00, 0xFF, 0xF0, 0x1F, 0xFF, 0x00, 0x00, 0xBF, 0xF0, 0x01, 0xFF, 0xC0, 0x00, 0x3F, 0xF8, 0x00,
    0x3F, 0xF0, 0x00, 0x0F, 0xFD, 0x00, 0x0F, 0xFC, 0x00, 0x03, 0xFF, 0x00, 0x02, 0xFF, 0x00, 0x00,
    0xFF, 0xC0, 0x00, 0xBF, 0xC0, 0x00, 0x3F, 0xF0, 0x00, 0x2F, 0xF0, 0x00, 0x0F, 0xFD, 0x00, 0x0F,
    0xFC, 0x00, 0x03, 0xFF, 0x40, 0x03, 0xFF, 0x00, 0x00, 0xBF, 0xF0, 0x01, 0xFF, 0xC0, 0x00, 0x0F,
    0xFE, 0x01, 0xFF, 0xF0, 0x00, 0x03, 0xFF, 0xFF, 0xFF, 0xFC, 0x00, 0x00, 0x3F, 0xFF, 0xFF, 0xFF,
    0x00, 0x00, 0x07, 0xFF, 0xFC, 0x7F, 0xC0, 0x00, 0x00, 0x2F, 0xF8, 0x0F, 0xF0, 0x00, 0x00, 0x0F,
    0xFF, 0xFF, 0xE4, 0x00, 0x00, 0xFF, 0xFF, 0xFF, 0xF8, 0x00, 0x0F, 0xFF, 0xFF, 0xFF, 0xF4, 0x00,
    0xFF, 0xFF, 0xFF, 0xFF, 0xD0, 0x0F, 0xFC, 0x00, 0x6F, 0xFF, 0x00, 0xFF, 0xC0, 0x00, 0x7F, 0xF8,
    0x0F, 0xFC, 0x00, 0x01, 0xFF, 0xC0, 0xFF, 0xC0, 0x00, 0x0F, 0xFD, 0x0F, 0xFC, 0x00, 0x00, 0xBF,
    0xE0, 0xFF, 0xC0, 0x00, 0x07, 0xFF, 0xFF, 0xFF, 0xFF, 0x00, 0x3F, 0xFF, 0xFF, 0xFF, 0xF0, 0x03,
    0xFF, 0xFF, 0xFF, 0xFF, 0x00, 0x3F, 0xFF, 0xFF, 0xFF, 0xF0, 0x03, 0xFF, 0x0F, 0xFC, 0x00, 0x00,
    0x7F, 0xF0, 0xFF, 0xC0, 0x00, 0x0B, 0xFE, 0x0F, 0xFC, 0x00, 0x00, 0xFF, 0xD0, 0xFF, 0xC0, 0x00,
    0x2F, 0xFC, 0x0F, 0xFC, 0x00, 0x0B, 0xFF, 0x40, 0xFF, 0xC0, 0x07, 0xFF, 0xF0, 0x0F, 0xFF, 0xFF,
    0xFF, 0xFC, 0x00, 0xFF, 0xFF, 0xFF, 0xFF, 0x00, 0x0F, 0xFF, 0xFF, 0xFF, 0x40, 0x00, 0xFF, 0xFF,
    0xFA, 0x00, 0x00, 0x00, 0x00, 0x00, 0xFF, 0xC0, 0x00, 0x00, 0x00, 0xFF, 0xC0, 0x00, 0x03, 0xFF,
    0xFF, 0xFF, 0x00, 0x03, 0xFF, 0xFF, 0xFF, 0x00, 0x03, 0xFF, 0xFF, 0xFF, 0x00, 0x03, 0xFF, 0xFF,
    0xFF, 0x00, 0x00, 0x00, 0xFF, 0xC0, 0x00, 0x00, 0x00, 0xFF, 0xC0, 0x00, 0xBF, 0xE0, 0xFF, 0xC0,
    0x07, 0xFF, 0xFC, 0xFF, 0xC0, 0x1F, 0xFF, 0xFF, 0xFF, 0xC0, 0x3F, 0xFF, 0xFF, 0xFF, 0xC0, 0x7F,
    0xF8, 0x0B, 0xFF, 0xC0, 0xBF, 0xF0, 0x02, 0xFF, 0xC0, 0xFF, 0xD0, 0x01, 0xFF, 0xC0, 0xFF, 0xC0,
    0x00, 0xFF, 0xC0, 0xFF, 0xC0, 0x00, 0xFF, 0xC0, 0xFF, 0xC0, 0x00, 0xFF, 0xC0, 0xFF, 0xC0, 0x00,
    0xFF, 0xC0, 0xFF, 0xD0, 0x00, 0xFF, 0xC0, 0xBF, 0xF0, 0x02, 0xFF, 0xC0, 0x7F, 0xF8, 0x07, 0xFF,
    0xC0, 0x3F, 0xFF, 0xFF, 0xFF, 0xC0, 0x1F, 0xFF, 0xFF, 0xFF, 0xC0, 0x07, 0xFF, 0xF8, 0xFF, 0xC0,
    0x00, 0xBF, 0xD0, 0x7F, 0xC0, 0x0F, 0xFF, 0xFF, 0xC0, 0xFF, 0xFF, 0xFC, 0x0F, 0xFF, 0xFF, 0xC0,
    0xFF, 0xFF, 0xFC, 0x00, 0x00, 0x00, 0x00, 0x00, 0x00, 0x00, 0xFF, 0xFF, 0xFF, 0xEF, 0xFF, 0xFF,
    0xFE, 0xFF, 0xFF, 0xFF, 0xEF, 0xFF, 0xFF, 0xFD, 0xFF, 0xC0, 0x00, 0x0F, 0xFC, 0x00, 0x00, 0xFF,
    0xC0, 0x00, 0x0F, 0xFC, 0x00, 0x00, 0xFF, 0xC0, 0x00, 0x0F, 0xFF, 0xFF, 0xFC, 0xFF, 0xFF, 0xFF,
    0xCF, 0xFF, 0xFF, 0xFC, 0xFF, 0xFF, 0xFF, 0xCF, 0xFC, 0x00, 0x00, 0xFF, 0xC0, 0x00, 0x0F, 0xFC,
    0x00, 0x00, 0xFF, 0xC0, 0x00, 0x0F, 0xFC, 0x00, 0x00, 0xFF, 0xC0, 0x00, 0x0F, 0xFC, 0x00, 0x00,
    0xFF, 0xFF, 0xFF, 0xDF, 0xFF, 0xFF, 0xFE, 0xFF, 0xFF, 0xFF, 0xEF, 0xFF, 0xFF, 0xFE, 0x03, 0xFF,
    0xFF, 0xF0, 0x00, 0xFF, 0xFF, 0xFC, 0x00, 0x3F, 0xFF, 0xFF, 0x00, 0x0F, 0xFF, 0xFF, 0xC0, 0x00,
    0x00, 0x00, 0x00, 0x00, 0x07, 0xFF, 0x90, 0x00, 0x1F, 0xFF, 0xFF, 0x00, 0x2F, 0xFF, 0xFF, 0xF0,
    0x1F, 0xFF, 0xFF, 0xFF, 0x0F, 0xFE, 0x01, 0xFF, 0xD7, 0xFE, 0x00, 0x1F, 0xFA, 0xFF, 0x40, 0x03,
    0xFF, 0xFF, 0xFF, 0xFF, 0xFF, 0xFF, 0xFF, 0xFF, 0xFF, 0xFF, 0xFF, 0xFF, 0xFF, 0xFF, 0xFF, 0xFF,
    0xFF, 0xFF, 0xFF, 0xC0, 0x00, 0x00, 0x2F, 0xF4, 0x00, 0x00, 0x07, 0xFF, 0x00, 0x00, 0x00, 0xFF,
    0xF4, 0x00, 0x6C, 0x1F, 0xFF, 0xFF, 0xFF, 0x02, 0xFF, 0xFF, 0xFF, 0xC0, 0x1F, 0xFF, 0xFF, 0xF0,
    0x00, 0x6F, 0xFF, 0x80, 0x3F, 0x00, 0x03, 0xF3, 0xF8, 0x01, 0xFF, 0x2F, 0xFF, 0xFF, 0xD0, 0xFF,
    0xFF, 0xFC, 0x03, 0xFF, 0xFE, 0x00, 0x06, 0xFE, 0x40, 0x00, 0x00, 0x00, 0x00, 0x00, 0x00, 0x00,
    0xFF, 0xFF, 0xFF, 0xFF, 0xFF, 0xFF, 0xFF, 0xFF, 0xFF, 0xFF, 0xFF, 0xFF, 0xFF, 0xFF, 0xFF, 0xC0,
    0x00, 0x0F, 0xFC, 0x00, 0x00, 0xFF, 0xC0, 0x00, 0x0F, 0xFC, 0x00, 0x00, 0xFF, 0xC0, 0x00, 0x0F,
    0xFF, 0xFF, 0xFD, 0xFF, 0xFF, 0xFF, 0xDF, 0xFF, 0xFF, 0xFD, 0xFF, 0xFF, 0xFF, 0xDF, 0xFC, 0x00,
    0x00, 0xFF, 0xC0, 0x00, 0x0F, 0xFC, 0x00, 0x00, 0xFF, 0xC0, 0x00, 0x0F, 0xFC, 0x00, 0x00, 0xFF,
    0xC0, 0x00, 0x0F, 0xFC, 0x00, 0x00, 0xFF, 0xFF, 0xFF, 0xFF, 0xFF, 0xFF, 0xFF, 0xFF, 0xFF, 0xFF,
    0xFF, 0xFF, 0xFF, 0xFF, 0x0F, 0xC0, 0x00, 0xFC, 0x03, 0xFC, 0x00, 0xBF, 0x00, 0xBF, 0xFF, 0xFF,
    0x40, 0x0F, 0xFF, 0xFF, 0xC0, 0x00, 0xFF, 0xFF, 0x80, 0x00, 0x06, 0xFE, 0x40, 0x00, 0x00, 0x00,
    0x00, 0x00, 0x00, 0x7F, 0xF9, 0x00, 0x01, 0xFF, 0xFF, 0xF0, 0x02, 0xFF, 0xFF, 0xFF, 0x01, 0xFF,
    0xFF, 0xFF, 0xF0, 0xFF, 0xE0, 0x1F, 0xFD, 0x7F, 0xE0, 0x01, 0xFF, 0xAF, 0xF4, 0x00, 0x3F, 0xFF,
    0xFF, 0xFF, 0xFF, 0xFF, 0xFF, 0xFF, 0xFF, 0xFF, 0xFF, 0xFF, 0xFF, 0xFF, 0xFF, 0xFF, 0xFF, 0xFF,
    0xFF, 0xFC, 0x00, 0x00, 0x02, 0xFF, 0x40, 0x00, 0x00, 0x7F, 0xF0, 0x00, 0x00, 0x0F, 0xFF, 0x40,
    0x06, 0xC1, 0xFF, 0xFF, 0xFF, 0xF0, 0x2F, 0xFF, 0xFF, 0xFC, 0x01, 0xFF, 0xFF, 0xFE, 0x00, 0x06,
    0xFF, 0xF8, 0x00, 0x00, 0x1F, 0xC0, 0x00, 0x03, 0xFF, 0x00, 0x00, 0x3F, 0xF0, 0x00, 0x03, 0xFF,
    0x00, 0x00, 0x1F, 0xC0, 0x00, 0x00, 0x00, 0x00, 0x00, 0x00, 0x00, 0x00, 0x00, 0x00, 0x00, 0xFF,
    0xFF, 0xFF, 0xEF, 0xFF, 0xFF, 0xFE, 0xFF, 0xFF, 0xFF, 0xEF, 0xFF, 0xFF, 0xFD, 0xFF, 0xC0, 0x00,
    0x0F, 0xFC, 0x00, 0x00, 0xFF, 0xC0, 0x00, 0x0F, 0xFC, 0x00, 0x00, 0xFF, 0xC0, 0x00, 0x0F, 0xFF,
    0xFF, 0xFC, 0xFF, 0xFF, 0xFF, 0xCF, 0xFF, 0xFF, 0xFC, 0xFF, 0xFF, 0xFF, 0xCF, 0xFC, 0x00, 0x00,
    0xFF, 0xC0, 0x00, 0x0F, 0xFC, 0x00, 0x00, 0xFF, 0xC0, 0x00, 0x0F, 0xFC, 0x00, 0x00, 0xFF, 0xC0,
    0x00, 0x0F, 0xFC, 0x00, 0x00, 0xFF, 0xFF, 0xFF, 0xDF, 0xFF, 0xFF, 0xFE, 0xFF, 0xFF, 0xFF, 0xEF,
    0xFF, 0xFF, 0xFE, 0x00, 0x07, 0xF0, 0x00, 0x00, 0x03, 0xFF, 0x00, 0x00, 0x00, 0xFF, 0xC0, 0x00,
    0x00, 0x3F, 0xF0, 0x00, 0x00, 0x07, 0xF0, 0x00, 0x00, 0x00, 0x00, 0x00, 0x00, 0x00, 0x00, 0x00,
    0x00, 0x00, 0x7F, 0xF9, 0x00, 0x01, 0xFF, 0xFF, 0xF0, 0x02, 0xFF, 0xFF, 0xFF, 0x01, 0xFF, 0xFF,
    0xFF, 0xF0, 0xFF, 0xE0, 0x1F, 0xFD, 0x7F, 0xE0, 0x01, 0xFF, 0xAF, 0xF4, 0x00, 0x3F, 0xFF, 0xFF,
    0xFF, 0xFF, 0xFF, 0xFF, 0xFF, 0xFF, 0xFF, 0xFF, 0xFF, 0xFF, 0xFF, 0xFF, 0xFF, 0xFF, 0xFF, 0xFF,
    0xFC, 0x00, 0x00, 0x02, 0xFF, 0x40, 0x00, 0x00, 0x7F, 0xF0, 0x00, 0x00, 0x0F, 0xFF, 0x40, 0x06,
    0xC1, 0xFF, 0xFF, 0xFF, 0xF0, 0x2F, 0xFF, 0xFF, 0xFC, 0x01, 0xFF, 0xFF, 0xFE, 0x00, 0x06, 0xFF,
    0xF8, 0x00, 0xFF, 0xFF, 0xFF, 0xFF, 0xFF, 0xFF, 0xFF, 0xFF, 0xFF, 0xFF, 0xFF, 0xFF, 0xFF, 0xFF,
    0xFF, 0xC0, 0x00, 0x0F, 0xFC, 0x00, 0x00, 0xFF, 0xC0, 0x00, 0x0F, 0xFC, 0x00, 0x00, 0xFF, 0xC0,
    0x00, 0x0F, 0xFF, 0xFF, 0xFD, 0xFF, 0xFF, 0xFF, 0xDF, 0xFF, 0xFF, 0xFD, 0xFF, 0xFF, 0xFF, 0xDF,
    0xFC, 0x00, 0x00, 0xFF, 0xC0, 0x00, 0x0F, 0xFC, 0x00, 0x00, 0xFF, 0xC0, 0x00, 0x0F, 0xFC, 0x00,
    0x00, 0xFF, 0xC0, 0x00, 0x0F, 0xFC, 0x00, 0x00, 0xFF, 0xFF, 0xFF, 0xFF, 0xFF, 0xFF, 0xFF, 0xFF,
    0xFF, 0xFF, 0xFF, 0xFF, 0xFF, 0xFF, 0x00, 0x00, 0x2F, 0x40, 0x00, 0x0B, 0xE0, 0x00, 0x01, 0xFC,
    0x00, 0x00, 0x3F, 0x80, 0x00, 0x03, 0xFC, 0x00, 0x00, 0x3F, 0xFF, 0x00, 0x01, 0xFF, 0xF0, 0x00,
    0x02, 0xFF, 0x00, 0x1F, 0xFE, 0x40, 0x00, 0x7F, 0xFF, 0xFC, 0x00, 0xBF, 0xFF, 0xFF, 0xC0, 0x7F,
    0xFF, 0xFF, 0xFC, 0x3F, 0xF8, 0x07, 0xFF, 0x5F, 0xF8, 0x00, 0x7F, 0xEB, 0xFD, 0x00, 0x0F, 0xFF,
    0xFF, 0xFF, 0xFF, 0xFF, 0xFF, 0xFF, 0xFF, 0xFF, 0xFF, 0xFF, 0xFF, 0xFF, 0xFF, 0xFF, 0xFF, 0xFF,
    0xFF, 0xFF, 0x00, 0x00, 0x00, 0xBF, 0xD0, 0x00, 0x00, 0x1F, 0xFC, 0x00, 0x00, 0x03, 0xFF, 0xD0,
    0x01, 0xB0, 0x7F, 0xFF, 0xFF, 0xFC, 0x0B, 0xFF, 0xFF, 0xFF, 0x00, 0x7F, 0xFF, 0xFF, 0xC0, 0x01,
    0xBF, 0xFF, 0x80, 0x00, 0x00, 0x1F, 0x80, 0x00, 0x00, 0x0F, 0xC0, 0x00, 0x00, 0x0B, 0xD0, 0x00,
    0x00, 0x03, 0xF0, 0x00, 0x00, 0x00, 0xFD, 0x00, 0x00, 0x00, 0x3F, 0xFD, 0x00, 0x00, 0x07, 0xFF,
    0x40, 0x00, 0x00, 0x7F, 0xD0, 0xBF, 0x40, 0x0B, 0xF0, 0xFF, 0x81, 0xFF, 0x00, 0xFF, 0x9F, 0xF4,
    0x00, 0xFF, 0xFF, 0x80, 0x01, 0xFF, 0xFC, 0x00, 0x01, 0xAA, 0x80, 0x00, 0x00, 0x00, 0x00, 0x00,
    0x00, 0x00, 0x00, 0xFF, 0xFF, 0xFF, 0xE3, 0xFF, 0xFF, 0xFF, 0x8F, 0xFF, 0xFF, 0xFE, 0x3F, 0xFF,
    0xFF, 0xF4, 0xFF, 0xC0, 0x00, 0x03, 0xFF, 0x00, 0x00, 0x0F, 0xFC, 0x00, 0x00, 0x3F, 0xF0, 0x00,
    0x00, 0xFF, 0xC0, 0x00, 0x03, 0xFF, 0xFF, 0xFF, 0x0F, 0xFF, 0xFF, 0xFC, 0x3F, 0xFF, 0xFF, 0xF0,
    0xFF, 0xFF, 0xFF, 0xC3, 0xFF, 0x00, 0x00, 0x0F, 0xFC, 0x00, 0x00, 0x3F, 0xF0, 0x00, 0x00, 0xFF,
    0xC0, 0x00, 0x03, 0xFF, 0x00, 0x00, 0x0F, 0xFC, 0x00, 0x00, 0x3F, 0xF0, 0x00, 0x00, 0xFF, 0xFF,
    0xFF, 0xD3, 0xFF, 0xFF, 0xFF, 0x8F, 0xFF, 0xFF, 0xFE, 0x3F, 0xFF, 0xFF, 0xF8, 0x0F, 0xE0, 0x01,
    0xFF, 0x01, 0xFF, 0x02, 0xFF, 0x00, 0x1F, 0xF7, 0xFF, 0x00, 0x01, 0xFF, 0xFF, 0x00, 0x00, 0x2F,
    0xFF, 0x00, 0x00, 0x01, 0x55, 0x00, 0x00, 0x00, 0x00, 0x00, 0x00, 0x00, 0x7F, 0xF9, 0x00, 0x01,
    0xFF, 0xFF, 0xF0, 0x02, 0xFF, 0xFF, 0xFF, 0x01, 0xFF, 0xFF, 0xFF, 0xF0, 0xFF, 0xE0, 0x1F, 0xFD,
    0x7F, 0xE0, 0x01, 0xFF, 0xAF, 0xF4, 0x00, 0x3F, 0xFF, 0xFF, 0xFF, 0xFF, 0xFF, 0xFF, 0xFF, 0xFF,
    0xFF, 0xFF, 0xFF, 0xFF, 0xFF, 0xFF, 0xFF, 0xFF, 0xFF, 0xFF, 0xFC, 0x00, 0x00, 0x02, 0xFF, 0x40,
    0x00, 0x00, 0x7F, 0xF0, 0x00, 0x00, 0x0F, 0xFF, 0x40, 0x06, 0xC1, 0xFF, 0xFF, 0xFF, 0xF0, 0x2F,
    0xFF, 0xFF, 0xFC, 0x01, 0xFF, 0xFF, 0xFE, 0x00, 0x06, 0xFF, 0xF8, 0x00, 0x00, 0x00, 0x2A, 0xA0,
    0x00, 0x00, 0x00, 0xFF, 0xF8, 0x00, 0x00, 0x02, 0xFF, 0xFE, 0x00, 0x00, 0x0B, 0xFD, 0xFF, 0x40,
    0x00, 0x1F, 0xF0, 0x7F, 0xD0, 0x00, 0x7F, 0x80, 0x0B, 0xF0, 0x00, 0x00, 0x00, 0x00, 0x00, 0x00,
    0x00, 0x00, 0x00, 0x00, 0x00, 0x00, 0x00, 0x00, 0x00, 0x00, 0x00, 0xAF, 0xFF, 0x90, 0x00, 0x1F,
    0xFF, 0xFF, 0xFE, 0x00, 0xBF, 0xFF, 0xFF, 0xFD, 0x03, 0xFF, 0xFF, 0xFF, 0xFC, 0x0F, 0xFF, 0xE0,
    0x00, 0xB8, 0x1F, 0xFF, 0x00, 0x00, 0x00, 0x3F, 0xFC, 0x00, 0x00, 0x00, 0x7F, 0xF0, 0x00, 0x00,
    0x00, 0xBF, 0xE0, 0x00, 0x00, 0x00, 0xFF, 0xD0, 0x00, 0x00, 0x00, 0xFF, 0xC0, 0x0B, 0xFF, 0xFF,
    0xFF, 0xC0, 0x0F, 0xFF, 0xFF, 0xFF, 0xC0, 0x0F, 0xFF, 0xFF, 0xFF, 0xC0, 0x0F, 0xFF, 0xFF, 0xFF,
    0xD0, 0x00, 0x03, 0xFF, 0xBF, 0xE0, 0x00, 0x03, 0xFF, 0x7F, 0xF0, 0x00, 0x03, 0xFF, 0x3F, 0xF4,
    0x00, 0x03, 0xFF, 0x2F, 0xFD, 0x00, 0x03, 0xFF, 0x0F, 0xFF, 0x80, 0x07, 0xFF, 0x07, 0xFF, 0xFF,
    0xFF, 0xFF, 0x01, 0xFF, 0xFF, 0xFF, 0xFF, 0x00, 0x3F, 0xFF, 0xFF, 0xFF, 0x00, 0x02, 0xFF, 0xFE,
    0x90, 0x00, 0x0F, 0xFD, 0x00, 0x00, 0x03, 0xFF, 0xF0, 0x00, 0x00, 0xFF, 0xFF, 0xC0, 0x00, 0x2F,
    0xE2, 0xFF, 0x00, 0x0B, 0xF4, 0x07, 0xFC, 0x00, 0x54, 0x00, 0x05, 0x40, 0x00, 0x00, 0x00, 0x00,
    0x00, 0x0B, 0xFD, 0x0B, 0xFC, 0x07, 0xFF, 0xFC, 0xFF, 0xC0, 0xFF, 0xFF, 0xFF, 0xFC, 0x3F, 0xFF,
    0xFF, 0xFF, 0xC3, 0xFF, 0x80, 0xBF, 0xFC, 0xBF, 0xF0, 0x02, 0xFF, 0xCF, 0xFD, 0x00, 0x1F, 0xFC,
    0xFF, 0xD0, 0x00, 0xFF, 0xCF, 0xFC, 0x00, 0x0F, 0xFC, 0xFF, 0xC0, 0x00, 0xFF, 0xCF, 0xFC, 0x00,
    0x0F, 0xFC, 0xFF, 0xD0, 0x00, 0xFF, 0xCF, 0xFD, 0x00, 0x1F, 0xFC, 0xBF, 0xF0, 0x02, 0xFF, 0xC3,
    0xFF, 0x80, 0xBF, 0xFC, 0x3F, 0xFF, 0xFF, 0xFF, 0xC0, 0xFF, 0xFF, 0xFF, 0xFC, 0x07, 0xFF, 0xF9,
    0xFF, 0xC0, 0x0B, 0xFD, 0x1F, 0xFC, 0x00, 0x00, 0x01, 0xFF, 0xC0, 0x00, 0x00, 0x2F, 0xFC, 0x00,
    0x00, 0x03, 0xFF, 0xC3, 0xD0, 0x01, 0xFF, 0xF8, 0x3F, 0xFF, 0xFF, 0xFF, 0x03, 0xFF, 0xFF, 0xFF,
    0xD0, 0x3F, 0xFF, 0xFF, 0xF0, 0x00, 0x6F, 0xFF, 0xE4, 0x00, 0x00, 0x19, 0x00, 0x01, 0x90, 0x00,
    0x3F, 0x80, 0x07, 0xF0, 0x00, 0x2F, 0xFF, 0xFF, 0xE0, 0x00, 0x0F, 0xFF, 0xFF, 0xC0, 0x00, 0x03,
    0xFF, 0xFF, 0x00, 0x00, 0x00, 0x7F, 0xF4, 0x00, 0x00, 0x00, 0x00, 0x00, 0x00, 0x00, 0x00, 0x00,
    0x00, 0x00, 0x00, 0x00, 0x00, 0x00, 0x00, 0x00, 0x00, 0xAF, 0xFF, 0x90, 0x00, 0x1F, 0xFF, 0xFF,
    0xFE, 0x00, 0xBF, 0xFF, 0xFF, 0xFD, 0x03, 0xFF, 0xFF, 0xFF, 0xFC, 0x0F, 0xFF, 0xD0, 0x01, 0xB0,
    0x1F, 0xFE, 0x00, 0x00, 0x00, 0x3F, 0xFC, 0x00, 0x00, 0x00, 0x7F, 0xF0, 0x00, 0x00, 0x00, 0xBF,
    0xE0, 0x00, 0x00, 0x00, 0xFF, 0xD0, 0x00, 0x00, 0x00, 0xFF, 0xC0, 0x0F, 0xFF, 0xFF, 0xFF, 0xC0,
    0x0F, 0xFF, 0xFF, 0xFF, 0xC0, 0x0F, 0xFF, 0xFF, 0xFF, 0xC0, 0x0F, 0xFF, 0xFF, 0xFF, 0xD0, 0x00,
    0x03, 0xFF, 0xBF, 0xE0, 0x00, 0x03, 0xFF, 0x7F, 0xF0, 0x00, 0x03, 0xFF, 0x3F, 0xF4, 0x00, 0x03,
    0xFF, 0x2F, 0xFD, 0x00, 0x03, 0xFF, 0x0F, 0xFF, 0x80, 0x07, 0xFF, 0x07, 0xFF, 0xFF, 0xFF, 0xFF,
    0x01, 0xFF, 0xFF, 0xFF, 0xFF, 0x00, 0x3F, 0xFF, 0xFF, 0xFF, 0x00, 0x02, 0xFF, 0xFE, 0x90, 0x03,
    0xD0, 0x00, 0xFF, 0x00, 0x3F, 0x40, 0x2F, 0xF0, 0x02, 0xFF, 0xFF, 0xFD, 0x00, 0x0F, 0xFF, 0xFF,
    0xC0, 0x00, 0x3F, 0xFF, 0xE0, 0x00, 0x00, 0x6F, 0xE4, 0x00, 0x00, 0x00, 0x00, 0x00, 0x00, 0x0B,
    0xFD, 0x0B, 0xFC, 0x07, 0xFF, 0xFC, 0xFF, 0xC0, 0xFF, 0xFF, 0xFF, 0xFC, 0x3F, 0xFF, 0xFF, 0xFF,
    0xC3, 0xFF, 0x80, 0xBF, 0xFC, 0xBF, 0xF0, 0x02, 0xFF, 0xCF, 0xFD, 0x00, 0x1F, 0xFC, 0xFF, 0xD0,
    0x00, 0xFF, 0xCF, 0xFC, 0x00, 0x0F, 0xFC, 0xFF, 0xC0, 0x00, 0xFF, 0xCF, 0xFC, 0x00, 0x0F, 0xFC,
    0xFF, 0xD0, 0x00, 0xFF, 0xCF, 0xFD, 0x00, 0x1F, 0xFC, 0xBF, 0xF0, 0x02, 0xFF, 0xC3, 0xFF, 0x80,
    0xBF, 0xFC, 0x3F, 0xFF, 0xFF, 0xFF, 0xC0, 0xFF, 0xFF, 0xFF, 0xFC, 0x07, 0xFF, 0xF9, 0xFF, 0xC0,
    0x0B, 0xFD, 0x1F, 0xFC, 0x00, 0x00, 0x01, 0xFF, 0xC0, 0x00, 0x00, 0x2F, 0xFC, 0x00, 0x00, 0x03,
    0xFF, 0xC3, 0xE0, 0x00, 0xFF, 0xF8, 0x3F, 0xFF, 0xFF, 0xFF, 0x03, 0xFF, 0xFF, 0xFF, 0xD0, 0x3F,
    0xFF, 0xFF, 0xF0, 0x00, 0x6F, 0xFF, 0xE4, 0x00, 0x00, 0x00, 0x1F, 0xC0, 0x00, 0x00, 0x00, 0x3F,
    0xF0, 0x00, 0x00, 0x00, 0x3F, 0xF0, 0x00, 0x00, 0x00, 0x3F, 0xF0, 0x00, 0x00, 0x00, 0x1F, 0xC0,
    0x00, 0x00, 0x00, 0x00, 0x00, 0x00, 0x00, 0x00, 0x00, 0x00, 0x00, 0x00, 0x00, 0x00, 0x00, 0x00,
    0x00, 0x00, 0xAF, 0xFF, 0x90, 0x00, 0x1F, 0xFF, 0xFF, 0xFE, 0x00, 0xBF, 0xFF, 0xFF, 0xFD, 0x03,
    0xFF, 0xFF, 0xFF, 0xFC, 0x0F, 0xFF, 0xE0, 0x00, 0xB8, 0x1F, 0xFF, 0x00, 0x00, 0x00, 0x3F, 0xFC,
    0x00, 0x00, 0x00, 0x7F, 0xF0, 0x00, 0x00, 0x00, 0xBF, 0xE0, 0x00, 0x00, 0x00, 0xFF, 0xD0, 0x00,
    0x00, 0x00, 0xFF, 0xC0, 0x0F, 0xFF, 0xFF, 0xFF, 0xC0, 0x0F, 0xFF, 0xFF, 0xFF, 0xC0, 0x0F, 0xFF,
    0xFF, 0xFF, 0xC0, 0x0F, 0xFF, 0xFF, 0xFF, 0xD0, 0x00, 0x03, 0xFF, 0xBF, 0xE0, 0x00, 0x03, 0xFF,
    0x7F, 0xF0, 0x00, 0x03, 0xFF, 0x3F, 0xF4, 0x00, 0x03, 0xFF, 0x2F, 0xFD, 0x00, 0x03, 0xFF, 0x0F,
    0xFF, 0x80, 0x07, 0xFF, 0x07, 0xFF, 0xFF, 0xFF, 0xFF, 0x01, 0xFF, 0xFF, 0xFF, 0xFF, 0x00, 0x3F,
    0xFF, 0xFF, 0xFF, 0x00, 0x02, 0xFF, 0xFE, 0x90, 0x00, 0x03, 0xF4, 0x00, 0x00, 0x00, 0xFF, 0xC0,
    0x00, 0x00, 0x0F, 0xFC, 0x00, 0x00, 0x00, 0xFF, 0xC0, 0x00, 0x00, 0x03, 0xF4, 0x00, 0x00, 0x00,
    0x00, 0x00, 0x00, 0x00, 0x00, 0x00, 0x00, 0x00, 0x0B, 0xFD, 0x0B, 0xFC, 0x07, 0xFF, 0xFC, 0xFF,
    0xC0, 0xFF, 0xFF, 0xFF, 0xFC, 0x3F, 0xFF, 0xFF, 0xFF, 0xC3, 0xFF, 0x80, 0xBF, 0xFC, 0xBF, 0xF0,
    0x02, 0xFF, 0xCF, 0xFD, 0x00, 0x1F, 0xFC, 0xFF, 0xD0, 0x00, 0xFF, 0xCF, 0xFC, 0x00, 0x0F, 0xFC,
    0xFF, 0xC0, 0x00, 0xFF, 0xCF, 0xFC, 0x00, 0x0F, 0xFC, 0xFF, 0xD0, 0x00, 0xFF, 0xCF, 0xFD, 0x00,
    0x1F, 0xFC, 0xBF, 0xF0, 0x02, 0xFF, 0xC3, 0xFF, 0x80, 0xBF, 0xFC, 0x3F, 0xFF, 0xFF, 0xFF, 0xC0,
    0xFF, 0xFF, 0xFF, 0xFC, 0x07, 0xFF, 0xF9, 0xFF, 0xC0, 0x0B, 0xFD, 0x1F, 0xFC, 0x00, 0x00, 0x01,
    0xFF, 0xC0, 0x00, 0x00, 0x2F, 0xFC, 0x00, 0x00, 0x03, 0xFF, 0xC3, 0xD0, 0x01, 0xFF, 0xF8, 0x3F,
    0xFF, 0xFF, 0xFF, 0x03, 0xFF, 0xFF, 0xFF, 0xD0, 0x3F, 0xFF, 0xFF, 0xF0, 0x00, 0x6F, 0xFF, 0xE4,
    0x00, 0x00, 0x00, 0xAF, 0xFF, 0x90, 0x00, 0x1F, 0xFF, 0xFF, 0xFE, 0x00, 0xBF, 0xFF, 0xFF, 0xFD,
    0x03, 0xFF, 0xFF, 0xFF, 0xFC, 0x0F, 0xFF, 0xE0, 0x00, 0xB8, 0x1F, 0xFF, 0x00, 0x00, 0x00, 0x3F,
    0xFC, 0x00, 0x00, 0x00, 0x7F, 0xF0, 0x00, 0x00, 0x00, 0xBF, 0xE0, 0x00, 0x00, 0x00, 0xFF, 0xD0,
    0x00, 0x00, 0x00, 0xFF, 0xC0, 0x0B, 0xFF, 0xFF, 0xFF, 0xC0, 0x0F, 0xFF, 0xFF, 0xFF, 0xC0, 0x0F,
    0xFF, 0xFF, 0xFF, 0xC0, 0x0F, 0xFF, 0xFF, 0xFF, 0xD0, 0x00, 0x03, 0xFF, 0xBF, 0xE0, 0x00, 0x03,
    0xFF, 0x7F, 0xF0, 0x00, 0x03, 0xFF, 0x3F, 0xF4, 0x00, 0x03, 0xFF, 0x2F, 0xFD, 0x00, 0x03, 0xFF,
    0x0F, 0xFF, 0x80, 0x07, 0xFF, 0x07, 0xFF, 0xFF, 0xFF, 0xFF, 0x01, 0xFF, 0xFF, 0xFF, 0xFF, 0x00,
    0x3F, 0xFF, 0xFF, 0xFF, 0x00, 0x02, 0xFF, 0xFE, 0x90, 0x00, 0x00, 0x00, 0x00, 0x00, 0x00, 0x00,
    0x00, 0x00, 0x00, 0x00, 0x00, 0x2F, 0xF0, 0x00, 0x00, 0x00, 0x3F, 0xE0, 0x00, 0x00, 0x00, 0x3F,
    0xC0, 0x00, 0x00, 0x00, 0x7F, 0x80, 0x00, 0x00, 0x00, 0xBF, 0x00, 0x00, 0x00, 0x00, 0xBD, 0x00,
    0x00, 0x00, 0x0F, 0xC0, 0x00, 0x00, 0x02, 0xFC, 0x00, 0x00, 0x00, 0x7F, 0xC0, 0x00, 0x00, 0x0B,
    0xF8, 0x00, 0x00, 0x00, 0x00, 0x00, 0x00, 0x00, 0x00, 0x00, 0x00, 0x00, 0x0B, 0xFD, 0x0B, 0xFC,
    0x07, 0xFF, 0xFC, 0xFF, 0xC0, 0xFF, 0xFF, 0xFF, 0xFC, 0x3F, 0xFF, 0xFF, 0xFF, 0xC3, 0xFF, 0x80,
    0xBF, 0xFC, 0xBF, 0xF0, 0x02, 0xFF, 0xCF, 0xFD, 0x00, 0x1F, 0xFC, 0xFF, 0xD0, 0x00, 0xFF, 0xCF,
    0xFC, 0x00, 0x0F, 0xFC, 0xFF, 0xC0, 0x00, 0xFF, 0xCF, 0xFC, 0x00, 0x0F, 0xFC, 0xFF, 0xD0, 0x00,
    0xFF, 0xCF, 0xFD, 0x00, 0x1F, 0xFC, 0xBF, 0xF0, 0x02, 0xFF, 0xC7, 0xFF, 0x80, 0xBF, 0xFC, 0x3F,
    0xFF, 0xFF, 0xFF, 0xC0, 0xFF, 0xFF, 0xFF, 0xFC, 0x07, 0xFF, 0xF9, 0xFF, 0xC0, 0x0B, 0xFD, 0x1F,
    0xFC, 0x00, 0x00, 0x01, 0xFF, 0xC0, 0x00, 0x00, 0x2F, 0xFC, 0x00, 0x00, 0x03, 0xFF, 0xC3, 0xD0,
    0x01, 0xFF, 0xF8, 0x3F, 0xFF, 0xFF, 0xFF, 0x03, 0xFF, 0xFF, 0xFF, 0xD0, 0x3F, 0xFF, 0xFF, 0xF4,
    0x00, 0x6F, 0xFF, 0xE4, 0x00, 0x00, 0x07, 0xFF, 0x00, 0x00, 0x00, 0x0F, 0xFF, 0xC0, 0x00, 0x00,
    0x3F, 0xFF, 0xE0, 0x00, 0x00, 0xBF, 0x8F, 0xF4, 0x00, 0x02, 0xFE, 0x02, 0xFD, 0x00, 0x02, 0xA4,
    0x00, 0x69, 0x00, 0x00, 0x00, 0x00, 0x00, 0x00, 0x00, 0x00, 0x00, 0x00, 0x00, 0xFF, 0xC0, 0x00,
    0x0F, 0xFC, 0xFF, 0xC0, 0x00, 0x0F, 0xFC, 0xFF, 0xC0, 0x00, 0x0F, 0xFC, 0xFF, 0xC0, 0x00, 0x0F,
    0xFC, 0xFF, 0xC0, 0x00, 0x0F, 0xFC, 0xFF, 0xC0, 0x00, 0x0F, 0xFC, 0xFF, 0xC0, 0x00, 0x0F, 0xFC,
    0xFF, 0xC0, 0x00, 0x0F, 0xFC, 0xFF, 0xC0, 0x00, 0x0F, 0xFC, 0xFF, 0xFF, 0xFF, 0xFF, 0xFC, 0xFF,
    0xFF, 0xFF, 0xFF, 0xFC, 0xFF, 0xFF, 0xFF, 0xFF, 0xFC, 0xFF, 0xFF, 0xFF, 0xFF, 0xFC, 0xFF, 0xC0,
    0x00, 0x0F, 0xFC, 0xFF, 0xC0, 0x00, 0x0F, 0xFC, 0xFF, 0xC0, 0x00, 0x0F, 0xFC, 0xFF, 0xC0, 0x00,
    0x0F, 0xFC, 0xFF, 0xC0, 0x00, 0x0F, 0xFC, 0xFF, 0xC0, 0x00, 0x0F, 0xFC, 0xFF, 0xC0, 0x00, 0x0F,
    0xFC, 0xFF, 0xC0, 0x00, 0x0F, 0xFC, 0xFF, 0xC0, 0x00, 0x0F, 0xFC, 0xFF, 0xC0, 0x00, 0x0F, 0xFC,
    0xFF, 0xC0, 0x00, 0x0F, 0xFC, 0x00, 0x1A, 0xA0, 0x00, 0x00, 0x00, 0x0B, 0xFF, 0xC0, 0x00, 0x00,
    0x01, 0xFF, 0xFE, 0x00, 0x00, 0x00, 0x7F, 0xDF, 0xF4, 0x00, 0x00, 0x0F, 0xF4, 0x3F, 0xD0, 0x00,
    0x03, 0xFC, 0x00, 0xBF, 0x00, 0x00, 0x00, 0x00, 0x00, 0x00, 0x00, 0x00, 0x00, 0x00, 0x00, 0x00,
    0x00, 0x00, 0x3F, 0xF0, 0x00, 0x00, 0x00, 0x03, 0xFF, 0x00, 0x00, 0x00, 0x00, 0x3F, 0xF0, 0x00,
    0x00, 0x00, 0x03, 0xFF, 0x00, 0x00, 0x00, 0x00, 0x3F, 0xF0, 0x00, 0x00, 0x00, 0x03, 0xFF, 0x00,
    0x00, 0x00, 0x00, 0x3F, 0xF0, 0x00, 0x00, 0x00, 0x03, 0xFF, 0x07, 0xFF, 0x40, 0x00, 0x3F, 0xF3,
    0xFF, 0xFF, 0x00, 0x03, 0xFF, 0xFF, 0xFF, 0xFC, 0x00, 0x3F, 0xFF, 0xFF, 0xFF, 0xD0, 0x03, 0xFF,
    0xF0, 0x1F, 0xFE, 0x00, 0x3F, 0xFC, 0x00, 0xBF, 0xF0, 0x03, 0xFF, 0x80, 0x07, 0xFF, 0x00, 0x3F,
    0xF4, 0x00, 0x3F, 0xF0, 0x03, 0xFF, 0x00, 0x03, 0xFF, 0x00, 0x3F, 0xF0, 0x00, 0x3F, 0xF0, 0x03,
    0xFF, 0x00, 0x03, 0xFF, 0x00, 0x3F, 0xF0, 0x00, 0x3F, 0xF0, 0x03, 0xFF, 0x00, 0x03, 0xFF, 0x00,
    0x3F, 0xF0, 0x00, 0x3F, 0xF0, 0x03, 0xFF, 0x00, 0x03, 0xFF, 0x00, 0x3F, 0xF0, 0x00, 0x3F, 0xF0,
    0x03, 0xFF, 0x00, 0x03, 0xFF, 0x00, 0x3F, 0xF0, 0x00, 0x3F, 0xF0, 0x03, 0xFF, 0x00, 0x03, 0xFF,
    0x03, 0xFF, 0x00, 0x00, 0x3F, 0xF0, 0x00, 0x3F, 0xF0, 0x00, 0x03, 0xFF, 0x00, 0xFF, 0xFF, 0xFF,
    0xFF, 0xFF, 0xFF, 0xFF, 0xFF, 0xFF, 0xFF, 0xFF, 0xFF, 0xFF, 0xFF, 0xFF, 0xFF, 0xFF, 0xFF, 0xFF,
    0xFF, 0xFF, 0xFF, 0xFF, 0xFF, 0xFF, 0xFF, 0x03, 0xFF, 0x00, 0x00, 0x3F, 0xF0, 0x00, 0x3F, 0xF0,
    0x00, 0x03, 0xFF, 0x00, 0x03, 0xFF, 0x00, 0x00, 0x3F, 0xF0, 0x00, 0x3F, 0xFF, 0xFF, 0xFF, 0xFF,
    0x00, 0x03, 0xFF, 0xFF, 0xFF, 0xFF, 0xF0, 0x00, 0x3F, 0xFF, 0xFF, 0xFF, 0xFF, 0x00, 0x03, 0xFF,
    0xFF, 0xFF, 0xFF, 0xF0, 0x00, 0x3F, 0xF0, 0x00, 0x03, 0xFF, 0x00, 0x03, 0xFF, 0x00, 0x00, 0x3F,
    0xF0, 0x00, 0x3F, 0xF0, 0x00, 0x03, 0xFF, 0x00, 0x03, 0xFF, 0x00, 0x00, 0x3F, 0xF0, 0x00, 0x3F,
    0xF0, 0x00, 0x03, 0xFF, 0x00, 0x03, 0xFF, 0x00, 0x00, 0x3F, 0xF0, 0x00, 0x3F, 0xF0, 0x00, 0x03,
    0xFF, 0x00, 0x03, 0xFF, 0x00, 0x00, 0x3F, 0xF0, 0x00, 0x3F, 0xF0, 0x00, 0x03, 0xFF, 0x00, 0x03,
    0xFF, 0x00, 0x00, 0x3F, 0xF0, 0x00, 0x3F, 0xF0, 0x00, 0x03, 0xFF, 0x00, 0x03, 0xFF, 0x00, 0x00,
    0x00, 0x03, 0xFF, 0x00, 0x00, 0x00, 0xFF, 0xFF, 0xFF, 0xC0, 0x00, 0xFF, 0xFF, 0xFF, 0xC0, 0x00,
    0xFF, 0xFF, 0xFF, 0xC0, 0x00, 0xFF, 0xFF, 0xFF, 0xC0, 0x00, 0x03, 0xFF, 0x00, 0x00, 0x00, 0x03,
    0xFF, 0x00, 0x00, 0x00, 0x03, 0xFF, 0x06, 0xFE, 0x00, 0x03, 0xFF, 0x2F, 0xFF, 0xD0, 0x03, 0xFF,
    0xBF, 0xFF, 0xF0, 0x03, 0xFF, 0xFF, 0xFF, 0xF8, 0x03, 0xFF, 0xE0, 0x7F, 0xFC, 0x03, 0xFF, 0xC0,
    0x1F, 0xFC, 0x03, 0xFF, 0x40, 0x0F, 0xFC, 0x03, 0xFF, 0x00, 0x0F, 0xFC, 0x03, 0xFF, 0x00, 0x0F,
    0xFC, 0x03, 0xFF, 0x00, 0x0F, 0xFC, 0x03, 0xFF, 0x00, 0x0F, 0xFC, 0x03, 0xFF, 0x00, 0x0F, 0xFC,
    0x03, 0xFF, 0x00, 0x0F, 0xFC, 0x03, 0xFF, 0x00, 0x0F, 0xFC, 0x03, 0xFF, 0x00, 0x0F, 0xFC, 0x03,
    0xFF, 0x00, 0x0F, 0xFC, 0x03, 0xFF, 0x00, 0x0F, 0xFC, 0x03, 0xFF, 0x00, 0x0F, 0xFC, 0x00, 0x00,
    0x00, 0x00, 0x0F, 0xF4, 0x07, 0xD0, 0xFF, 0xFE, 0x7F, 0x0B, 0xFF, 0xFF, 0xFC, 0x3F, 0x5B, 0xFF,
    0xC0, 0xF4, 0x02, 0xF8, 0x00, 0x00, 0x00, 0x00, 0x00, 0x00, 0x00, 0x00, 0x03, 0xFF, 0xFF, 0xF0,
    0x0F, 0xFF, 0xFF, 0xC0, 0x3F, 0xFF, 0xFF, 0x00, 0x2F, 0xFF, 0xE0, 0x00, 0x0F, 0xFC, 0x00, 0x00,
    0x3F, 0xF0, 0x00, 0x00, 0xFF, 0xC0, 0x00, 0x03, 0xFF, 0x00, 0x00, 0x0F, 0xFC, 0x00, 0x00, 0x3F,
    0xF0, 0x00, 0x00, 0xFF, 0xC0, 0x00, 0x03, 0xFF, 0x00, 0x00, 0x0F, 0xFC, 0x00, 0x00, 0x3F, 0xF0,
    0x00, 0x00, 0xFF, 0xC0, 0x00, 0x03, 0xFF, 0x00, 0x00, 0x0F, 0xFC, 0x00, 0x00, 0x3F, 0xF0, 0x00,
    0x00, 0xFF, 0xC0, 0x00, 0x03, 0xFF, 0x00, 0x00, 0xBF, 0xFF, 0x80, 0x0F, 0xFF, 0xFF, 0xC0, 0x3F,
    0xFF, 0xFF, 0x00, 0xFF, 0xFF, 0xFC, 0x00, 0x00, 0x00, 0x00, 0x0B, 0xF8, 0x03, 0xD0, 0xFF, 0xFE,
    0x7F, 0x47, 0xFF, 0xFF, 0xFC, 0x3F, 0x5B, 0xFF, 0xD0, 0xF8, 0x02, 0xF8, 0x00, 0x00, 0x00, 0x00,
    0x00, 0x00, 0x00, 0x00, 0x00, 0x3F, 0xF0, 0x00, 0x00, 0xFF, 0xC0, 0x00, 0x03, 0xFF, 0x00, 0x00,
    0x0F, 0xFC, 0x00, 0x00, 0x3F, 0xF0, 0x00, 0x00, 0xFF, 0xC0, 0x00, 0x03, 0xFF, 0x00, 0x00, 0x0F,
    0xFC, 0x00, 0x00, 0x3F, 0xF0, 0x00, 0x00, 0xFF, 0xC0, 0x00, 0x03, 0xFF, 0x00, 0x00, 0x0F, 0xFC,
    0x00, 0x00, 0x3F, 0xF0, 0x00, 0x00, 0xFF, 0xC0, 0x00, 0x03, 0xFF, 0x00, 0x00, 0x0F, 0xFC, 0x00,
    0x00, 0x3F, 0xF0, 0x00, 0x00, 0xFF, 0xC0, 0x00, 0x03, 0xFF, 0x00, 0x00, 0xFF, 0xFF, 0xFF, 0xFF,
    0xFF, 0xFF, 0xFF, 0xFF, 0xFF, 0xFF, 0xFF, 0x00, 0x00, 0x00, 0x00, 0x00, 0x0F, 0xFF, 0xFF, 0xFF,
    0xFF, 0xFF, 0xFF, 0xFF, 0xFC, 0xBF, 0xFF, 0x80, 0x3F, 0xF0, 0x00, 0xFF, 0xC0, 0x03, 0xFF, 0x00,
    0x0F, 0xFC, 0x00, 0x3F, 0xF0, 0x00, 0xFF, 0xC0, 0x03, 0xFF, 0x00, 0x0F, 0xFC, 0x00, 0x3F, 0xF0,
    0x00, 0xFF, 0xC0, 0x03, 0xFF, 0x00, 0x0F, 0xFC, 0x00, 0x3F, 0xF0, 0x00, 0xFF, 0xC0, 0x03, 0xFF,
    0x00, 0x0F, 0xFC, 0x02, 0xFF, 0xFE, 0x3F, 0xFF, 0xFF, 0xFF, 0xFF, 0xFF, 0xFF, 0xFF, 0xF0, 0xFF,
    0xFF, 0xFF, 0xFF, 0xFF, 0xFF, 0xFF, 0xFF, 0xFF, 0xFF, 0xFF, 0x00, 0x00, 0x00, 0x0F, 0xFC, 0x00,
    0x3F, 0xF0, 0x00, 0xFF, 0xC0, 0x03, 0xFF, 0x00, 0x0F, 0xFC, 0x00, 0x3F, 0xF0, 0x00, 0xFF, 0xC0,
    0x03, 0xFF, 0x00, 0x0F, 0xFC, 0x00, 0x3F, 0xF0, 0x00, 0xFF, 0xC0, 0x03, 0xFF, 0x00, 0x0F, 0xFC,
    0x00, 0x3F, 0xF0, 0x00, 0xFF, 0xC0, 0x03, 0xFF, 0x00, 0x0F, 0xFC, 0x00, 0x3F, 0xF0, 0x00, 0xFF,
    0xC0, 0xFC, 0x00, 0x0F, 0xFF, 0xC0, 0x0B, 0xFB, 0xFF, 0xFF, 0xF4, 0xFF, 0xFF, 0xFC, 0x0F, 0xFF,
    0xF8, 0x00, 0x6F, 0xE4, 0x00, 0x00, 0x00, 0x00, 0x00, 0x00, 0x00, 0x3F, 0xFF, 0xFF, 0x0F, 0xFF,
    0xFF, 0xC3, 0xFF, 0xFF, 0xF0, 0x2F, 0xFF, 0xE0, 0x00, 0xFF, 0xC0, 0x00, 0x3F, 0xF0, 0x00, 0x0F,
    0xFC, 0x00, 0x03, 0xFF, 0x00, 0x00, 0xFF, 0xC0, 0x00, 0x3F, 0xF0, 0x00, 0x0F, 0xFC, 0x00, 0x03,
    0xFF, 0x00, 0x00, 0xFF, 0xC0, 0x00, 0x3F, 0xF0, 0x00, 0x0F, 0xFC, 0x00, 0x03, 0xFF, 0x00, 0x00,
    0xFF, 0xC0, 0x00, 0x3F, 0xF0, 0x00, 0x0F, 0xFC, 0x00, 0x03, 0xFF, 0x00, 0x0B, 0xFF, 0xF8, 0x0F,
    0xFF, 0xFF, 0xC3, 0xFF, 0xFF, 0xF0, 0xFF, 0xFF, 0xFC, 0xF4, 0x00, 0x1F, 0xFF, 0x40, 0x1F, 0xFB,
    0xFF, 0xFF, 0xF4, 0xFF, 0xFF, 0xFC, 0x0F, 0xFF, 0xF8, 0x00, 0x6F, 0xE4, 0x00, 0x00, 0x00, 0x00,
    0x0F, 0xFC, 0x00, 0x03, 0xFF, 0x00, 0x00, 0xFF, 0xC0, 0x00, 0x3F, 0xF0, 0x00, 0x0F, 0xFC, 0x00,
    0x03, 0xFF, 0x00, 0x00, 0xFF, 0xC0, 0x00, 0x3F, 0xF0, 0x00, 0x0F, 0xFC, 0x00, 0x03, 0xFF, 0x00,
    0x00, 0xFF, 0xC0, 0x00, 0x3F, 0xF0, 0x00, 0x0F, 0xFC, 0x00, 0x03, 0xFF, 0x00, 0x00, 0xFF, 0xC0,
    0x00, 0x3F, 0xF0, 0x00, 0x0F, 0xFC, 0x00, 0x03, 0xFF, 0x00, 0x00, 0xFF, 0xC0, 0x00, 0xFF, 0xFF,
    0xFF, 0xFF, 0xFF, 0xFF, 0xFF, 0xFF, 0xCB, 0xFF, 0xF8, 0x03, 0xFF, 0x00, 0x0F, 0xFC, 0x00, 0x3F,
    0xF0, 0x00, 0xFF, 0xC0, 0x03, 0xFF, 0x00, 0x0F, 0xFC, 0x00, 0x3F, 0xF0, 0x00, 0xFF, 0xC0, 0x03,
    0xFF, 0x00, 0x0F, 0xFC, 0x00, 0x3F, 0xF0, 0x00, 0xFF, 0xC0, 0x03, 0xFF, 0x00, 0x0F, 0xFC, 0x00,
    0x3F, 0xF0, 0x00, 0xFF, 0xC0, 0x2F, 0xFF, 0xE3, 0xFF, 0xFF, 0xFF, 0xFF, 0xFF, 0xFF, 0xFF, 0xFF,
    0x00, 0x0F, 0xD0, 0x00, 0xFD, 0x00, 0x07, 0xF0, 0x00, 0x3F, 0x80, 0x00, 0xFF, 0x00, 0x03, 0xFF,
    0xF0, 0x07, 0xFF, 0xC0, 0x02, 0xFF, 0x0F, 0xD0, 0xFF, 0xC3, 0xFF, 0x0F, 0xFC, 0x0F, 0xD0, 0x00,
    0x00, 0x00, 0x0F, 0xFC, 0x3F, 0xF0, 0xFF, 0xC3, 0xFF, 0x0F, 0xFC, 0x3F, 0xF0, 0xFF, 0xC3, 0xFF,
    0x0F, 0xFC, 0x3F, 0xF0, 0xFF, 0xC3, 0xFF, 0x0F, 0xFC, 0x3F, 0xF0, 0xFF, 0xC3, 0xFF, 0x0F, 0xFC,
    0x3F, 0xF0, 0xFF, 0xC0, 0xFC, 0x0F, 0xD0, 0xBE, 0x03, 0xF4, 0x0F, 0xE0, 0x3F, 0xFF, 0x7F, 0xFC,
    0x2F, 0xF0, 0x01, 0xFC, 0x00, 0x0F, 0xFC, 0x00, 0x3F, 0xF0, 0x00, 0xFF, 0xC0, 0x01, 0xFC, 0x00,
    0x00, 0x00, 0x00, 0x00, 0x00, 0x00, 0x00, 0x00, 0xFF, 0xFF, 0xFF, 0xFF, 0xFF, 0xFF, 0xFF, 0xFF,
    0xCB, 0xFF, 0xF8, 0x03, 0xFF, 0x00, 0x0F, 0xFC, 0x00, 0x3F, 0xF0, 0x00, 0xFF, 0xC0, 0x03, 0xFF,
    0x00, 0x0F, 0xFC, 0x00, 0x3F, 0xF0, 0x00, 0xFF, 0xC0, 0x03, 0xFF, 0x00, 0x0F, 0xFC, 0x00, 0x3F,
    0xF0, 0x00, 0xFF, 0xC0, 0x03, 0xFF, 0x00, 0x0F, 0xFC, 0x00, 0x3F, 0xF0, 0x00, 0xFF, 0xC0, 0x2F,
    0xFF, 0xE3, 0xFF, 0xFF, 0xFF, 0xFF, 0xFF, 0xFF, 0xFF, 0xFF, 0xFF, 0xCF, 0xFC, 0xFF, 0xCF, 0xFC,
    0xFF, 0xCF, 0xFC, 0xFF, 0xCF, 0xFC, 0xFF, 0xCF, 0xFC, 0xFF, 0xCF, 0xFC, 0xFF, 0xCF, 0xFC, 0xFF,
    0xCF, 0xFC, 0xFF, 0xCF, 0xFC, 0xFF, 0xC0, 0xFF, 0xFF, 0xFC, 0x03, 0xFF, 0x3F, 0xFF, 0xFF, 0x00,
    0xFF, 0xCF, 0xFF, 0xFF, 0xC0, 0x3F, 0xF0, 0xBF, 0xFF, 0x80, 0x0F, 0xFC, 0x03, 0xFF, 0x00, 0x03,
    0xFF, 0x00, 0xFF, 0xC0, 0x00, 0xFF, 0xC0, 0x3F, 0xF0, 0x00, 0x3F, 0xF0, 0x0F, 0xFC, 0x00, 0x0F,
    0xFC, 0x03, 0xFF, 0x00, 0x03, 0xFF, 0x00, 0xFF, 0xC0, 0x00, 0xFF, 0xC0, 0x3F, 0xF0, 0x00, 0x3F,
    0xF0, 0x0F, 0xFC, 0x00, 0x0F, 0xFC, 0x03, 0xFF, 0x00, 0x03, 0xFF, 0x00, 0xFF, 0xC0, 0x00, 0xFF,
    0xC0, 0x3F, 0xF0, 0x00, 0x3F, 0xF0, 0x0F, 0xFC, 0x00, 0x0F, 0xFC, 0x03, 0xFF, 0x00, 0x03, 0xFF,
    0x00, 0xFF, 0xC0, 0x00, 0xFF, 0xC0, 0x3F, 0xF0, 0x00, 0x3F, 0xF0, 0x0F, 0xFC, 0x00, 0x0F, 0xFC,
    0x2F, 0xFF, 0xE0, 0x03, 0xFF, 0x3F, 0xFF, 0xFF, 0x00, 0xFF, 0xCF, 0xFF, 0xFF, 0xC0, 0x3F, 0xF3,
    0xFF, 0xFF, 0xF0, 0x0F, 0xFC, 0x00, 0x00, 0x00, 0x03, 0xFF, 0x00, 0x00, 0x00, 0x01, 0xFF, 0xC0,
    0x00, 0x00, 0x01, 0xFF, 0xE0, 0x00, 0x00, 0x3F, 0xFF, 0xF0, 0x00, 0x00, 0x0F, 0xFF, 0xF8, 0x00,
    0x00, 0x03, 0xFF, 0xF8, 0x00, 0x00, 0x00, 0xFF, 0xE0, 0x00, 0x3F, 0x40, 0x07, 0xF4, 0xFF, 0xC0,
    0x0F, 0xFC, 0xFF, 0xC0, 0x0F, 0xFC, 0xFF, 0xC0, 0x0F, 0xFC, 0x3F, 0x40, 0x03, 0xF4, 0x00, 0x00,
    0x00, 0x00, 0x00, 0x00, 0x00, 0x00, 0xFF, 0xC0, 0x0F, 0xFC, 0xFF, 0xC0, 0x0F, 0xFC, 0xFF, 0xC0,
    0x0F, 0xFC, 0xFF, 0xC0, 0x0F, 0xFC, 0xFF, 0xC0, 0x0F, 0xFC, 0xFF, 0xC0, 0x0F, 0xFC, 0xFF, 0xC0,
    0x0F, 0xFC, 0xFF, 0xC0, 0x0F, 0xFC, 0xFF, 0xC0, 0x0F, 0xFC, 0xFF, 0xC0, 0x0F, 0xFC, 0xFF, 0xC0,
    0x0F, 0xFC, 0xFF, 0xC0, 0x0F, 0xFC, 0xFF, 0xC0, 0x0F, 0xFC, 0xFF, 0xC0, 0x0F, 0xFC, 0xFF, 0xC0,
    0x0F, 0xFC, 0xFF, 0xC0, 0x0F, 0xFC, 0xFF, 0xC0, 0x0F, 0xFC, 0xFF, 0xC0, 0x0F, 0xFC, 0xFF, 0xC0,
    0x0F, 0xFC, 0x00, 0x00, 0x0F, 0xFC, 0x00, 0x00, 0x0F, 0xFC, 0x00, 0x00, 0x0F, 0xFC, 0x00, 0x00,
    0x2F, 0xFC, 0x00, 0x0F, 0xFF, 0xF8, 0x00, 0x0F, 0xFF, 0xF0, 0x00, 0x0F, 0xFF, 0xD0, 0x00, 0x0B,
    0xFE, 0x00, 0x00, 0x0A, 0xA8, 0x00, 0x00, 0x3F, 0xFE, 0x00, 0x00, 0xBF, 0xFF, 0x40, 0x01, 0xFF,
    0x7F, 0xD0, 0x07, 0xFC, 0x1F, 0xF0, 0x0F, 0xE0, 0x03, 0xFC, 0x00, 0x00, 0x00, 0x00, 0x00, 0x00,
    0x00, 0x00, 0x00, 0x0F, 0xFC, 0x00, 0x00, 0x0F, 0xFC, 0x00, 0x00, 0x0F, 0xFC, 0x00, 0x00, 0x0F,
    0xFC, 0x00, 0x00, 0x0F, 0xFC, 0x00, 0x00, 0x0F, 0xFC, 0x00, 0x00, 0x0F, 0xFC, 0x00, 0x00, 0x0F,
    0xFC, 0x00, 0x00, 0x0F, 0xFC, 0x00, 0x00, 0x0F, 0xFC, 0x00, 0x00, 0x0F, 0xFC, 0x00, 0x00, 0x0F,
    0xFC, 0x00, 0x00, 0x0F, 0xFC, 0x00, 0x00, 0x0F, 0xFC, 0x00, 0x00, 0x0F, 0xFC, 0x00, 0x00, 0x0F,
    0xFC, 0x00, 0x00, 0x0F, 0xFC, 0x00, 0x00, 0x0F, 0xFC, 0x00, 0x00, 0x0F, 0xFC, 0x00, 0x00, 0x0F,
    0xFC, 0x00, 0x00, 0x0F, 0xFC, 0x00, 0x00, 0x0F, 0xFC, 0x00, 0x00, 0x0F, 0xFC, 0x00, 0x00, 0x0F,
    0xFC, 0x00, 0x00, 0x0F, 0xFC, 0x00, 0x00, 0x1F, 0xFC, 0x00, 0x00, 0x7F, 0xF8, 0x00, 0xBF, 0xFF,
    0xF0, 0x00, 0xBF, 0xFF, 0xD0, 0x00, 0xBF, 0xFF, 0x40, 0x00, 0x7F, 0xE4, 0x00, 0x00, 0x01, 0xFF,
    0xE0, 0x00, 0x3F, 0xFF, 0x40, 0x0F, 0xFF, 0xFC, 0x03, 0xFD, 0x1F, 0xF0, 0xBF, 0x00, 0x3F, 0xC0,
    0x00, 0x00, 0x00, 0x00, 0x00, 0x00, 0x00, 0x0F, 0xFC, 0x00, 0x00, 0xFF, 0xC0, 0x00, 0x0F, 0xFC,
    0x00, 0x00, 0xFF, 0xC0, 0x00, 0x0F, 0xFC, 0x00, 0x00, 0xFF, 0xC0, 0x00, 0x0F, 0xFC, 0x00, 0x00,
    0xFF, 0xC0, 0x00, 0x0F, 0xFC, 0x00, 0x00, 0xFF, 0xC0, 0x00, 0x0F, 0xFC, 0x00, 0x00, 0xFF, 0xC0,
    0x00, 0x0F, 0xFC, 0x00, 0x00, 0xFF, 0xC0, 0x00, 0x0F, 0xFC, 0x00, 0x00, 0xFF, 0xC0, 0x00, 0x0F,
    0xFC, 0x00, 0x00, 0xFF, 0xC0, 0x00, 0x0F, 0xFC, 0x00, 0x00, 0xFF, 0xC0, 0x00, 0x0F, 0xFC, 0x00,
    0x00, 0xFF, 0xC0, 0x00, 0x2F, 0xFC, 0x00, 0xFF, 0xFF, 0x80, 0x0F, 0xFF, 0xF0, 0x00, 0xFF, 0xFD,
    0x00, 0x0B, 0xFE, 0x00, 0x00, 0xFF, 0xC0, 0x00, 0x2F, 0xFC, 0xFF, 0xC0, 0x00, 0xBF, 0xF0, 0xFF,
    0xC0, 0x01, 0xFF, 0xD0, 0xFF, 0xC0, 0x03, 0xFF, 0x80, 0xFF, 0xC0, 0x0F, 0xFF, 0x00, 0xFF, 0xC0,
    0x2F, 0xFC, 0x00, 0xFF, 0xC0, 0xBF, 0xF0, 0x00, 0xFF, 0xC1, 0xFF, 0xD0, 0x00, 0xFF, 0xC3, 0xFF,
    0x80, 0x00, 0xFF, 0xCF, 0xFF, 0x00, 0x00, 0xFF, 0xEF, 0xFC, 0x00, 0x00, 0xFF, 0xFF, 0xFE, 0x00,
    0x00, 0xFF, 0xFF, 0xFF, 0x00, 0x00, 0xFF, 0xFF, 0xFF, 0xC0, 0x00, 0xFF, 0xF4, 0xFF, 0xD0, 0x00,
    0xFF, 0xD0, 0xBF, 0xF0, 0x00, 0xFF, 0xC0, 0x3F, 0xF8, 0x00, 0xFF, 0xC0, 0x1F, 0xFD, 0x00, 0xFF,
    0xC0, 0x0B, 0xFF, 0x00, 0xFF, 0xC0, 0x03, 0xFF, 0x80, 0xFF, 0xC0, 0x02, 0xFF, 0xC0, 0xFF, 0xC0,
    0x00, 0xFF, 0xF0, 0xFF, 0xC0, 0x00, 0x7F, 0xF4, 0xFF, 0xC0, 0x00, 0x2F, 0xFC, 0x00, 0x00, 0x00,
    0x00, 0x00, 0x00, 0x00, 0x00, 0x00, 0x00, 0x00, 0x03, 0xFE, 0x00, 0x00, 0x00, 0x03, 0xFC, 0x00,
    0x00, 0x00, 0x07, 0xF8, 0x00, 0x00, 0x00, 0x0B, 0xF0, 0x00, 0x00, 0x00, 0x0F, 0xD0, 0x00, 0x00,
    0xFF, 0xC0, 0x00, 0x00, 0x03, 0xFF, 0x00, 0x00, 0x00, 0x0F, 0xFC, 0x00, 0x00, 0x00, 0x3F, 0xF0,
    0x00, 0x00, 0x00, 0xFF, 0xC0, 0x00, 0x00, 0x03, 0xFF, 0x00, 0x00, 0x00, 0x0F, 0xFC, 0x00, 0x00,
    0x00, 0x3F, 0xF0, 0x00, 0x7F, 0xF4, 0xFF, 0xC0, 0x07, 0xFF, 0x43, 0xFF, 0x00, 0x3F, 0xF4, 0x0F,
    0xFC, 0x03, 0xFF, 0x80, 0x3F, 0xF0, 0x3F, 0xF8, 0x00, 0xFF, 0xC2, 0xFF, 0xC0, 0x03, 0xFF, 0x2F,
    0xFC, 0x00, 0x0F, 0xFD, 0xFF, 0xC0, 0x00, 0x3F, 0xFF, 0xFE, 0x00, 0x00, 0xFF, 0xFF, 0xFD, 0x00,
    0x03, 0xFF, 0xFF, 0xFC, 0x00, 0x0F, 0xFF, 0xFF, 0xF8, 0x00, 0x3F, 0xF8, 0x3F, 0xF4, 0x00, 0xFF,
    0xC0, 0x7F, 0xF0, 0x03, 0xFF, 0x00, 0xBF, 0xF0, 0x0F, 0xFC, 0x00, 0xFF, 0xE0, 0x3F, 0xF0, 0x01,
    0xFF, 0xD0, 0xFF, 0xC0, 0x02, 0xFF, 0xC3, 0xFF, 0x00, 0x03, 0xFF, 0x80, 0x00, 0x00, 0x00, 0x00,
    0x00, 0x00, 0x00, 0x00, 0x00, 0x00, 0x0F, 0xF8, 0x00, 0x00, 0x00, 0x3F, 0xC0, 0x00, 0x00, 0x01,
    0xFE, 0x00, 0x00, 0x00, 0x0B, 0xF0, 0x00, 0x00, 0x00, 0x3F, 0x40, 0x00, 0x00, 0xFF, 0xC0, 0x00,
    0xFF, 0xD3, 0xFF, 0x00, 0x0B, 0xFE, 0x0F, 0xFC, 0x00, 0xBF, 0xE0, 0x3F, 0xF0, 0x07, 0xFF, 0x00,
    0xFF, 0xC0, 0x3F, 0xF0, 0x03, 0xFF, 0x03, 0xFF, 0x40, 0x0F, 0xFC, 0x2F, 0xF4, 0x00, 0x3F, 0xF2,
    0xFF, 0x80, 0x00, 0xFF, 0xDF, 0xFC, 0x00, 0x03, 0xFF, 0xFF, 0xF0, 0x00, 0x0F, 0xFF, 0xFF, 0xF0,
    0x00, 0x3F, 0xFF, 0xFF, 0xE0, 0x00, 0xFF, 0xF4, 0xFF, 0xD0, 0x03, 0xFF, 0x01, 0xFF, 0xC0, 0x0F,
    0xFC, 0x02, 0xFF, 0xC0, 0x3F, 0xF0, 0x03, 0xFF, 0x80, 0xFF, 0xC0, 0x03, 0xFF, 0x43, 0xFF, 0x00,
    0x07, 0xFF, 0x0F, 0xFC, 0x00, 0x0F, 0xFF, 0x00, 0x00, 0xBF, 0xF0, 0x00, 0x01, 0xFF, 0xC0, 0x00,
    0x03, 0xFF, 0x00, 0x00, 0x0F, 0xF8, 0x00, 0x00, 0x3F, 0xD0, 0x00, 0x00, 0x2A, 0x00, 0x00, 0x00,
    0x00, 0x00, 0x00, 0x00, 0x00, 0x00, 0x00, 0x00, 0x3F, 0xF0, 0x00, 0x00, 0x3F, 0xF0, 0x00, 0x00,
    0x3F, 0xF0, 0x00, 0x00, 0x3F, 0xF0, 0x00, 0x00, 0x3F, 0xF0, 0x00, 0x00, 0x3F, 0xF0, 0x00, 0x00,
    0x3F, 0xF0, 0x00, 0x00, 0x3F, 0xF0, 0x00, 0x00, 0x3F, 0xF0, 0x00, 0x00, 0x3F, 0xF0, 0x00, 0x00,
    0x3F, 0xF0, 0x00, 0x00, 0x3F, 0xF0, 0x00, 0x00, 0x3F, 0xF0, 0x00, 0x00, 0x3F, 0xF0, 0x00, 0x00,
    0x3F, 0xF0, 0x00, 0x00, 0x3F, 0xF0, 0x00, 0x00, 0x3F, 0xF0, 0x00, 0x00, 0x3F, 0xF0, 0x00, 0x00,
    0x3F, 0xF0, 0x00, 0x00, 0x3F, 0xF0, 0x00, 0x00, 0x3F, 0xFF, 0xFF, 0xFD, 0x3F, 0xFF, 0xFF, 0xFE,
    0x3F, 0xFF, 0xFF, 0xFE, 0x3F, 0xFF, 0xFF, 0xFE, 0x00, 0x2A, 0xA0, 0x03, 0xFF, 0x80, 0x2F, 0xF8,
    0x01, 0xFF, 0x40, 0x1F, 0xF4, 0x00, 0xFF, 0x00, 0x00, 0x00, 0x00, 0x00, 0x00, 0x00, 0x3F, 0xF0,
    0x00, 0xFF, 0xC0, 0x03, 0xFF, 0x00, 0x0F, 0xFC, 0x00, 0x3F, 0xF0, 0x00, 0xFF, 0xC0, 0x03, 0xFF,
    0x00, 0x0F, 0xFC, 0x00, 0x3F, 0xF0, 0x00, 0xFF, 0xC0, 0x03, 0xFF, 0x00, 0x0F, 0xFC, 0x00, 0x3F,
    0xF0, 0x00, 0xFF, 0xC0, 0x03, 0xFF, 0x00, 0x0F, 0xFC, 0x00, 0x3F, 0xF0, 0x00, 0xFF, 0xC0, 0x03,
    0xFF, 0x00, 0x0F, 0xFC, 0x00, 0x3F, 0xF0, 0x00, 0xFF, 0xC0, 0x03, 0xFF, 0x00, 0x0F, 0xFC, 0x00,
    0x3F, 0xF0, 0x00, 0xFF, 0xC0, 0x00, 0xFF, 0xC0, 0x00, 0x03, 0xFF, 0x00, 0x00, 0x0F, 0xFC, 0x00,
    0x00, 0x3F, 0xF0, 0x00, 0x00, 0xFF, 0xC0, 0x00, 0x03, 0xFF, 0x00, 0x00, 0x0F, 0xFC, 0x00, 0x00,
    0x3F, 0xF0, 0x00, 0x00, 0xFF, 0xC0, 0x00, 0x03, 0xFF, 0x00, 0x00, 0x0F, 0xFC, 0x00, 0x00, 0x3F,
    0xF0, 0x00, 0x00, 0xFF, 0xC0, 0x00, 0x03, 0xFF, 0x00, 0x00, 0x0F, 0xFC, 0x00, 0x00, 0x3F, 0xF0,
    0x00, 0x00, 0xFF, 0xC0, 0x00, 0x03, 0xFF, 0x00, 0x00, 0x0F, 0xFC, 0x00, 0x00, 0x3F, 0xF0, 0x00,
    0x00, 0xFF, 0xFF, 0xFF, 0xF7, 0xFF, 0xFF, 0xFF, 0xEF, 0xFF, 0xFF, 0xFF, 0xBF, 0xFF, 0xFF, 0xFE,
    0x00, 0x00, 0x00, 0x00, 0x00, 0x00, 0x00, 0x00, 0x02, 0xFF, 0x00, 0x00, 0x0B, 0xF8, 0x00, 0x00,
    0x3F, 0xC0, 0x00, 0x00, 0xFD, 0x00, 0x00, 0x07, 0xF0, 0x00, 0x00, 0x3F, 0xF0, 0xFF, 0xC3, 0xFF,
    0x0F, 0xFC, 0x3F, 0xF0, 0xFF, 0xC3, 0xFF, 0x0F, 0xFC, 0x3F, 0xF0, 0xFF, 0xC3, 0xFF, 0x0F, 0xFC,
    0x3F, 0xF0, 0xFF, 0xC3, 0xFF, 0x0F, 0xFC, 0x3F, 0xF0, 0xFF, 0xC3, 0xFF, 0x0F, 0xFC, 0x3F, 0xF0,
    0xFF, 0xC3, 0xFF, 0x0F, 0xFC, 0x3F, 0xF0, 0xFF, 0xC0, 0x00, 0x00, 0x00, 0x1F, 0xF4, 0x7F, 0xC2,
    0xFD, 0x0F, 0xF0, 0x3F, 0x00, 0xFF, 0xC0, 0x03, 0xFD, 0xFF, 0xC0, 0x07, 0xFC, 0xFF, 0xC0, 0x0B,
    0xF4, 0xFF, 0xC0, 0x0F, 0xE0, 0xFF, 0xC0, 0x0F, 0xC0, 0xFF, 0xC0, 0x00, 0x00, 0xFF, 0xC0, 0x00,
    0x00, 0xFF, 0xC0, 0x00, 0x00, 0xFF, 0xC0, 0x00, 0x00, 0xFF, 0xC0, 0x00, 0x00, 0xFF, 0xC0, 0x00,
    0x00, 0xFF, 0xC0, 0x00, 0x00, 0xFF, 0xC0, 0x00, 0x00, 0xFF, 0xC0, 0x00, 0x00, 0xFF, 0xC0, 0x00,
    0x00, 0xFF, 0xC0, 0x00, 0x00, 0xFF, 0xC0, 0x00, 0x00, 0xFF, 0xC0, 0x00, 0x00, 0xFF, 0xC0, 0x00,
    0x00, 0xFF, 0xC0, 0x00, 0x00, 0xFF, 0xFF, 0xFF, 0xF4, 0xFF, 0xFF, 0xFF, 0xF8, 0xFF, 0xFF, 0xFF,
    0xF8, 0xFF, 0xFF, 0xFF, 0xF8, 0xFF, 0xC1, 0xFF, 0x3F, 0xF0, 0xBF, 0x8F, 0xFC, 0x3F, 0xC3, 0xFF,
    0x0F, 0xE0, 0xFF, 0xC7, 0xF0, 0x3F, 0xF0, 0x00, 0x0F, 0xFC, 0x00, 0x03, 0xFF, 0x00, 0x00, 0xFF,
    0xC0, 0x00, 0x3F, 0xF0, 0x00, 0x0F, 0xFC, 0x00, 0x03, 0xFF, 0x00, 0x00, 0xFF, 0xC0, 0x00, 0x3F,
    0xF0, 0x00, 0x0F, 0xFC, 0x00, 0x03, 0xFF, 0x00, 0x00, 0xFF, 0xC0, 0x00, 0x3F, 0xF0, 0x00, 0x0F,
    0xFC, 0x00, 0x03, 0xFF, 0x00, 0x00, 0xFF, 0xC0, 0x00, 0x3F, 0xF0, 0x00, 0x0F, 0xFC, 0x00, 0x03,
    0xFF, 0x00, 0x00, 0xFF, 0xC0, 0x00, 0x3F, 0xF0, 0x00, 0x00, 0xFF, 0xC0, 0x00, 0x03, 0xFF, 0x00,
    0x00, 0x0F, 0xFC, 0x00, 0x00, 0x3F, 0xF0, 0x00, 0x00, 0xFF, 0xC0, 0x00, 0x03, 0xFF, 0x00, 0x00,
    0x0F, 0xFC, 0x00, 0x00, 0x3F, 0xF0, 0x00, 0x00, 0xFF, 0xC0, 0x1F, 0xC3, 0xFF, 0x00, 0xFF, 0xCF,
    0xFC, 0x03, 0xFF, 0x3F, 0xF0, 0x0F, 0xFC, 0xFF, 0xC0, 0x1F, 0xC3, 0xFF, 0x00, 0x00, 0x0F, 0xFC,
    0x00, 0x00, 0x3F, 0xF0, 0x00, 0x00, 0xFF, 0xC0, 0x00, 0x03, 0xFF, 0x00, 0x00, 0x0F, 0xFC, 0x00,
    0x00, 0x3F, 0xF0, 0x00, 0x00, 0xFF, 0xFF, 0xFF, 0xF7, 0xFF, 0xFF, 0xFF, 0xEF, 0xFF, 0xFF, 0xFF,
    0xBF, 0xFF, 0xFF, 0xFE, 0xFF, 0xC0, 0x00, 0xFF, 0xC0, 0x00, 0xFF, 0xC0, 0x00, 0xFF, 0xC0, 0x00,
    0xFF, 0xC0, 0x00, 0xFF, 0xC0, 0x00, 0xFF, 0xC0, 0x00, 0xFF, 0xC0, 0x00, 0xFF, 0xC0, 0x00, 0xFF,
    0xC0, 0x00, 0xFF, 0xC0, 0x00, 0xFF, 0xC3, 0xF4, 0xFF, 0xCF, 0xFC, 0xFF, 0xCF, 0xFC, 0xFF, 0xCF,
    0xFC, 0xFF, 0xC3, 0xF4, 0xFF, 0xC0, 0x00, 0xFF, 0xC0, 0x00, 0xFF, 0xC0, 0x00, 0xFF, 0xC0, 0x00,
    0xFF, 0xC0, 0x00, 0xFF, 0xC0, 0x00, 0xFF, 0xC0, 0x00, 0xFF, 0xC0, 0x00, 0xFF, 0xC0, 0x00, 0xFF,
    0xC0, 0x00, 0x03, 0xFF, 0x00, 0x00, 0x00, 0x3F, 0xF0, 0x00, 0x00, 0x03, 0xFF, 0x00, 0x00, 0x00,
    0x3F, 0xF0, 0x00, 0x00, 0x03, 0xFF, 0x00, 0x00, 0x00, 0x3F, 0xF0, 0x00, 0x00, 0x03, 0xFF, 0x00,
    0x00, 0x00, 0x3F, 0xF1, 0x80, 0x00, 0x03, 0xFF, 0xBC, 0x00, 0x00, 0x3F, 0xFF, 0xE0, 0x00, 0x03,
    0xFF, 0xFF, 0x00, 0x00, 0x3F, 0xFF, 0x80, 0x00, 0x1F, 0xFF, 0xC0, 0x00, 0x0B, 0xFF, 0xF0, 0x00,
    0x00, 0x7F, 0xFF, 0x00, 0x00, 0x03, 0xFF, 0xF0, 0x00, 0x00, 0x17, 0xFF, 0x00, 0x00, 0x00, 0x3F,
    0xF0, 0x00, 0x00, 0x03, 0xFF, 0x00, 0x00, 0x00, 0x3F, 0xF0, 0x00, 0x00, 0x03, 0xFF, 0xFF, 0xFF,
    0xD0, 0x3F, 0xFF, 0xFF, 0xFE, 0x03, 0xFF, 0xFF, 0xFF, 0xE0, 0x3F, 0xFF, 0xFF, 0xFE, 0x03, 0xFF,
    0x00, 0x03, 0xFF, 0x00, 0x03, 0xFF, 0x00, 0x03, 0xFF, 0x00, 0x03, 0xFF, 0x00, 0x03, 0xFF, 0x00,
    0x03, 0xFF, 0x00, 0x03, 0xFF, 0x00, 0x03, 0xFF, 0x00, 0x03, 0xFF, 0x00, 0x03, 0xFF, 0xE0, 0x03,
    0xFF, 0xF4, 0x03, 0xFF, 0xFC, 0x03, 0xFF, 0xF4, 0x1F, 0xFF, 0x80, 0xBF, 0xFF, 0x00, 0x7F, 0xFF,
    0x00, 0x3F, 0xFF, 0x00, 0x17, 0xFF, 0x00, 0x03, 0xFF, 0x00, 0x03, 0xFF, 0x00, 0x03, 0xFF, 0x00,
    0x03, 0xFF, 0x00, 0x03, 0xFF, 0x00, 0x03, 0xFF, 0x00, 0x03, 0xFF, 0x00, 0x00, 0x00, 0x02, 0xFF,
    0xD0, 0x00, 0x00, 0x01, 0xFF, 0xD0, 0x00, 0x00, 0x01, 0xFF, 0xC0, 0x00, 0x00, 0x00, 0xFF, 0x80,
    0x00, 0x00, 0x00, 0xFF, 0x40, 0x00, 0x00, 0x00, 0x2A, 0x00, 0x00, 0x00, 0x00, 0x00, 0x00, 0x00,
    0x00, 0x00, 0x00, 0x00, 0x00, 0x00, 0xFF, 0xF4, 0x00, 0x00, 0x3F, 0xFF, 0xFF, 0x00, 0x00, 0x0F,
    0xFF, 0xFF, 0xE0, 0x00, 0x03, 0xFF, 0xFF, 0xFD, 0x00, 0x00, 0xFF, 0xFF, 0xFF, 0xC0, 0x00, 0x3F,
    0xFF, 0xFF, 0xF4, 0x00, 0x0F, 0xFF, 0xFB, 0xFF, 0x00, 0x03, 0xFF, 0xFC, 0xFF, 0xE0, 0x00, 0xFF,
    0xFF, 0x1F, 0xFD, 0x00, 0x3F, 0xFF, 0xC3, 0xFF, 0xC0, 0x0F, 0xFF, 0xF0, 0x3F, 0xF4, 0x03, 0xFF,
    0xFC, 0x0B, 0xFF, 0x00, 0xFF, 0xFF, 0x00, 0xFF, 0xE0, 0x3F, 0xFF, 0xC0, 0x1F, 0xFD, 0x0F, 0xFF,
    0xF0, 0x03, 0xFF, 0xC3, 0xFF, 0xFC, 0x00, 0x3F, 0xF8, 0xFF, 0xFF, 0x00, 0x0B, 0xFF, 0x3F, 0xFF,
    0xC0, 0x00, 0xFF, 0xEF, 0xFF, 0xF0, 0x00, 0x1F, 0xFF, 0xFF, 0xFC, 0x00, 0x03, 0xFF, 0xFF, 0xFF,
    0x00, 0x00, 0x3F, 0xFF, 0xFF, 0xC0, 0x00, 0x0B, 0xFF, 0xFF, 0xF0, 0x00, 0x00, 0xFF, 0xFF, 0xFC,
    0x00, 0x00, 0x1F, 0xFF, 0x00, 0x00, 0x2F, 0xFC, 0x00, 0x00, 0x1F, 0xFC, 0x00, 0x00, 0x1F, 0xF8,
    0x00, 0x00, 0x0F, 0xF8, 0x00, 0x00, 0x0F, 0xF4, 0x00, 0x00, 0x01, 0x50, 0x00, 0x00, 0x00, 0x00,
    0x00, 0x03, 0xFC, 0x07, 0xFF, 0x40, 0xFF, 0x4F, 0xFF, 0xFC, 0x3F, 0xFF, 0xFF, 0xFF, 0xCF, 0xFF,
    0xFF, 0xFF, 0xF7, 0xFF, 0xE0, 0x1F, 0xFF, 0xFF, 0xF0, 0x02, 0xFF, 0xFF, 0xF8, 0x00, 0x7F, 0xFF,
    0xFD, 0x00, 0x0F, 0xFF, 0xFF, 0x00, 0x03, 0xFF, 0xFF, 0xC0, 0x00, 0xFF, 0xFF, 0xF0, 0x00, 0x3F,
    0xFF, 0xFC, 0x00, 0x0F, 0xFF, 0xFF, 0x00, 0x03, 0xFF, 0xFF, 0xC0, 0x00, 0xFF, 0xFF, 0xF0, 0x00,
    0x3F, 0xFF, 0xFC, 0x00, 0x0F, 0xFF, 0xFF, 0x00, 0x03, 0xFF, 0xFF, 0xC0, 0x00, 0xFF, 0xFF, 0xF0,
    0x00, 0x3F, 0xF0, 0xFF, 0xF4, 0x00, 0x00, 0x3F, 0xFF, 0xFF, 0x00, 0x00, 0x0F, 0xFF, 0xFF, 0xE0,
    0x00, 0x03, 0xFF, 0xFF, 0xFD, 0x00, 0x00, 0xFF, 0xFF, 0xFF, 0xC0, 0x00, 0x3F, 0xFF, 0xFF, 0xF4,
    0x00, 0x0F, 0xFF, 0xFB, 0xFF, 0x00, 0x03, 0xFF, 0xFC, 0xFF, 0xE0, 0x00, 0xFF, 0xFF, 0x1F, 0xFD,
    0x00, 0x3F, 0xFF, 0xC3, 0xFF, 0xC0, 0x0F, 0xFF, 0xF0, 0x3F, 0xF4, 0x03, 0xFF, 0xFC, 0x0B, 0xFF,
    0x00, 0xFF, 0xFF, 0x00, 0xFF, 0xE0, 0x3F, 0xFF, 0xC0, 0x1F, 0xFD, 0x0F, 0xFF, 0xF0, 0x03, 0xFF,
    0xC3, 0xFF, 0xFC, 0x00, 0x3F, 0xF8, 0xFF, 0xFF, 0x00, 0x0B, 0xFF, 0x3F, 0xFF, 0xC0, 0x00, 0xFF,
    0xEF, 0xFF, 0xF0, 0x00, 0x1F, 0xFF, 0xFF, 0xFC, 0x00, 0x03, 0xFF, 0xFF, 0xFF, 0x00, 0x00, 0x3F,
    0xFF, 0xFF, 0xC0, 0x00, 0x0B, 0xFF, 0xFF, 0xF0, 0x00, 0x00, 0xFF, 0xFF, 0xFC, 0x00, 0x00, 0x1F,
    0xFF, 0x00, 0x00, 0x00, 0x00, 0x00, 0x00, 0x00, 0x00, 0x00, 0x00, 0x00, 0x00, 0x0B, 0xFD, 0x00,
    0x00, 0x00, 0x02, 0xFF, 0x00, 0x00, 0x00, 0x00, 0xFF, 0x40, 0x00, 0x00, 0x00, 0x3F, 0x80, 0x00,
    0x00, 0x00, 0x1F, 0xC0, 0x00, 0x00, 0xFF, 0x01, 0xFF, 0xD0, 0x3F, 0xD3, 0xFF, 0xFF, 0x0F, 0xFF,
    0xFF, 0xFF, 0xF3, 0xFF, 0xFF, 0xFF, 0xFD, 0xFF, 0xF8, 0x07, 0xFF, 0xFF, 0xFC, 0x00, 0xBF, 0xFF,
    0xFE, 0x00, 0x1F, 0xFF, 0xFF, 0x40, 0x03, 0xFF, 0xFF, 0xC0, 0x00, 0xFF, 0xFF, 0xF0, 0x00, 0x3F,
    0xFF, 0xFC, 0x00, 0x0F, 0xFF, 0xFF, 0x00, 0x03, 0xFF, 0xFF, 0xC0, 0x00, 0xFF, 0xFF, 0xF0, 0x00,
    0x3F, 0xFF, 0xFC, 0x00, 0x0F, 0xFF, 0xFF, 0x00, 0x03, 0xFF, 0xFF, 0xC0, 0x00, 0xFF, 0xFF, 0xF0,
    0x00, 0x3F, 0xFF, 0xFC, 0x00, 0x0F, 0xFC, 0x00, 0x00, 0x00, 0x00, 0x00, 0x00, 0x00, 0x00, 0x00,
    0x01, 0xFF, 0x00, 0x00, 0x00, 0xBF, 0x80, 0x00, 0x00, 0x3F, 0xC0, 0x00, 0x00, 0x0F, 0xE0, 0x00,
    0x00, 0x07, 0xF0, 0x00, 0x00, 0x01, 0xFE, 0x00, 0x0F, 0xF0, 0x00, 0x2F, 0xF0, 0x1F, 0xF0, 0x00,
    0x02, 0xFF, 0x6F, 0xF0, 0x00, 0x00, 0x2F, 0xFF, 0xF4, 0x00, 0x00, 0x03, 0xFF, 0xF8, 0x00, 0x00,
    0x00, 0x2A, 0xA4, 0x00, 0x00, 0x00, 0x00, 0x00, 0x00, 0x00, 0x00, 0x00, 0x00, 0x00, 0x00, 0xFF,
    0xF4, 0x00, 0x00, 0x3F, 0xFF, 0xFF, 0x00, 0x00, 0x0F, 0xFF, 0xFF, 0xE0, 0x00, 0x03, 0xFF, 0xFF,
    0xFD, 0x00, 0x00, 0xFF, 0xFF, 0xFF, 0xC0, 0x00, 0x3F, 0xFF, 0xFF, 0xF4, 0x00, 0x0F, 0xFF, 0xFB,
    0xFF, 0x00, 0x03, 0xFF, 0xFC, 0xFF, 0xE0, 0x00, 0xFF, 0xFF, 0x1F, 0xFD, 0x00, 0x3F, 0xFF, 0xC3,
    0xFF, 0xC0, 0x0F, 0xFF, 0xF0, 0x3F, 0xF4, 0x03, 0xFF, 0xFC, 0x0B, 0xFF, 0x00, 0xFF, 0xFF, 0x00,
    0xFF, 0xE0, 0x3F, 0xFF, 0xC0, 0x1F, 0xFD, 0x0F, 0xFF, 0xF0, 0x03, 0xFF, 0xC3, 0xFF, 0xFC, 0x00,
    0x3F, 0xF8, 0xFF, 0xFF, 0x00, 0x0B, 0xFF, 0x3F, 0xFF, 0xC0, 0x00, 0xFF, 0xEF, 0xFF, 0xF0, 0x00,
    0x1F, 0xFF, 0xFF, 0xFC, 0x00, 0x03, 0xFF, 0xFF, 0xFF, 0x00, 0x00, 0x3F, 0xFF, 0xFF, 0xC0, 0x00,
    0x0B, 0xFF, 0xFF, 0xF0, 0x00, 0x00, 0xFF, 0xFF, 0xFC, 0x00, 0x00, 0x1F, 0xFF, 0x0F, 0xE0, 0x01,
    0xFF, 0x01, 0xFF, 0x42, 0xFF, 0x00, 0x1F, 0xF7, 0xFF, 0x00, 0x01, 0xFF, 0xFF, 0x00, 0x00, 0x2F,
    0xFF, 0x40, 0x00, 0x01, 0x55, 0x40, 0x00, 0x00, 0x00, 0x00, 0x03, 0xFC, 0x07, 0xFF, 0x40, 0xFF,
    0x4F, 0xFF, 0xFC, 0x3F, 0xFF, 0xFF, 0xFF, 0xCF, 0xFF, 0xFF, 0xFF, 0xF7, 0xFF, 0xE0, 0x1F, 0xFF,
    0xFF, 0xF0, 0x02, 0xFF, 0xFF, 0xF8, 0x00, 0x7F, 0xFF, 0xFD, 0x00, 0x0F, 0xFF, 0xFF, 0x00, 0x03,
    0xFF, 0xFF, 0xC0, 0x00, 0xFF, 0xFF, 0xF0, 0x00, 0x3F, 0xFF, 0xFC, 0x00, 0x0F, 0xFF, 0xFF, 0x00,
    0x03, 0xFF, 0xFF, 0xC0, 0x00, 0xFF, 0xFF, 0xF0, 0x00, 0x3F, 0xFF, 0xFC, 0x00, 0x0F, 0xFF, 0xFF,
    0x00, 0x03, 0xFF, 0xFF, 0xC0, 0x00, 0xFF, 0xFF, 0xF0, 0x00, 0x3F, 0xF0, 0x0F, 0xF8, 0x00, 0x00,
    0x00, 0x00, 0x1F, 0xF4, 0x00, 0x00, 0x00, 0x00, 0x2F, 0xF0, 0x00, 0x00, 0x00, 0x00, 0x2F, 0xE0,
    0x00, 0x00, 0x00, 0x00, 0x3F, 0xD0, 0x00, 0x00, 0x00, 0x00, 0x3F, 0xC3, 0xFC, 0x06, 0xFF, 0x40,
    0x7F, 0x83, 0xFD, 0x3F, 0xFF, 0xF0, 0xBF, 0x03, 0xFE, 0xFF, 0xFF, 0xFC, 0x00, 0x03, 0xFF, 0xFF,
    0xFF, 0xFD, 0x00, 0x03, 0xFF, 0xF0, 0x1F, 0xFF, 0x00, 0x03, 0xFF, 0xC0, 0x0B, 0xFF, 0x00, 0x03,
    0xFF, 0x80, 0x07, 0xFF, 0x00, 0x03, 0xFF, 0x40, 0x03, 0xFF, 0x00, 0x03, 0xFF, 0x00, 0x03, 0xFF,
    0x00, 0x03, 0xFF, 0x00, 0x03, 0xFF, 0x00, 0x03, 0xFF, 0x00, 0x03, 0xFF, 0x00, 0x03, 0xFF, 0x00,
    0x03, 0xFF, 0x00, 0x03, 0xFF, 0x00, 0x03, 0xFF, 0x00, 0x03, 0xFF, 0x00, 0x03, 0xFF, 0x00, 0x03,
    0xFF, 0x00, 0x03, 0xFF, 0x00, 0x03, 0xFF, 0x00, 0x03, 0xFF, 0x00, 0x03, 0xFF, 0x00, 0x03, 0xFF,
    0x00, 0x03, 0xFF, 0x00, 0x03, 0xFF, 0x00, 0x03, 0xFF, 0x00, 0x03, 0xFF, 0xFF, 0xF4, 0x00, 0x00,
    0x3F, 0xFF, 0xFF, 0x00, 0x00, 0x0F, 0xFF, 0xFF, 0xF0, 0x00, 0x03, 0xFF, 0xFF, 0xFE, 0x00, 0x00,
    0xFF, 0xFF, 0xFF, 0xD0, 0x00, 0x3F, 0xFF, 0xFF, 0xFC, 0x00, 0x0F, 0xFF, 0xFB, 0xFF, 0xC0, 0x03,
    0xFF, 0xFC, 0xFF, 0xF8, 0x00, 0xFF, 0xFF, 0x0F, 0xFF, 0x40, 0x3F, 0xFF, 0xC1, 0xFF, 0xF0, 0x0F,
    0xFF, 0xF0, 0x2F, 0xFF, 0x03, 0xFF, 0xFC, 0x03, 0xFF, 0xE0, 0xFF, 0xFF, 0x00, 0x7F, 0xFD, 0x3F,
    0xFF, 0xC0, 0x0B, 0xFF, 0xCF, 0xFF, 0xF0, 0x00, 0xFF, 0xFF, 0xFF, 0xFC, 0x00, 0x0F, 0xFF, 0xFF,
    0xFF, 0x00, 0x01, 0xFF, 0xFF, 0xFF, 0xC0, 0x00, 0x2F, 0xFF, 0xFF, 0xF0, 0x00, 0x03, 0xFF, 0xFF,
    0xFC, 0x00, 0x00, 0x3F, 0xFF, 0xFF, 0x00, 0x00, 0x07, 0xFF, 0xFF, 0xC0, 0x00, 0x00, 0xBF, 0xFF,
    0xF0, 0x00, 0x00, 0x0F, 0xFF, 0xFC, 0x00, 0x00, 0x01, 0xFF, 0x00, 0x00, 0x00, 0x00, 0x3F, 0xC0,
    0x00, 0x00, 0x00, 0x1F, 0xF0, 0x00, 0x00, 0x00, 0x1F, 0xF8, 0x00, 0x00, 0x2F, 0xFF, 0xFD, 0x00,
    0x00, 0x0B, 0xFF, 0xFE, 0x00, 0x00, 0x02, 0xFF, 0xFE, 0x00, 0x00, 0x00, 0x7F, 0xF8, 0x00, 0xFF,
    0x01, 0xBF, 0xD0, 0x3F, 0xD3, 0xFF, 0xFF, 0x0F, 0xFA, 0xFF, 0xFF, 0xF3, 0xFF, 0xFF, 0xFF, 0xFD,
    0xFF, 0xFC, 0x07, 0xFF, 0xFF, 0xFC, 0x00, 0x7F, 0xFF, 0xFE, 0x00, 0x0F, 0xFF, 0xFF, 0x40, 0x03,
    0xFF, 0xFF, 0xC0, 0x00, 0xFF, 0xFF, 0xF0, 0x00, 0x3F, 0xFF, 0xFC, 0x00, 0x0F, 0xFF, 0xFF, 0x00,
    0x03, 0xFF, 0xFF, 0xC0, 0x00, 0xFF, 0xFF, 0xF0, 0x00, 0x3F, 0xFF, 0xFC, 0x00, 0x0F, 0xFF, 0xFF,
    0x00, 0x03, 0xFF, 0xFF, 0xC0, 0x00, 0xFF, 0xFF, 0xF0, 0x00, 0x3F, 0xFF, 0xFC, 0x00, 0x0F, 0xFC,
    0x00, 0x00, 0x03, 0xFF, 0x00, 0x00, 0x00, 0xFF, 0xC0, 0x00, 0x00, 0x7F, 0xF0, 0x00, 0x00, 0x2F,
    0xFC, 0x00, 0x03, 0xFF, 0xFE, 0x00, 0x00, 0xFF, 0xFF, 0x00, 0x00, 0x3F, 0xFF, 0x40, 0x00, 0x0B,
    0xFE, 0x00, 0x00, 0x0F, 0xFF, 0xFF, 0xC0, 0x00, 0x00, 0x3F, 0xFF, 0xFF, 0x00, 0x00, 0x00, 0xFF,
    0xFF, 0xFC, 0x00, 0x00, 0x03, 0xFF, 0xFF, 0xF0, 0x00, 0x00, 0x00, 0x00, 0x00, 0x00, 0x00, 0x00,
    0x00, 0x00, 0x00, 0x00, 0x00, 0x00, 0x6F, 0xFF, 0x90, 0x00, 0x00, 0x1F, 0xFF, 0xFF, 0xF4, 0x00,
    0x02, 0xFF, 0xFF, 0xFF, 0xF8, 0x00, 0x1F, 0xFF, 0xFF, 0xFF, 0xF8, 0x00, 0xFF, 0xF4, 0x01, 0xFF,
    0xF4, 0x0B, 0xFF, 0x00, 0x00, 0xFF, 0xF0, 0x3F, 0xF4, 0x00, 0x00, 0xFF, 0xD1, 0xFF, 0xC0, 0x00,
    0x02, 0xFF, 0x8B, 0xFE, 0x00, 0x00, 0x07, 0xFF, 0x3F, 0xF4, 0x00, 0x00, 0x0F, 0xFC, 0xFF, 0xC0,
    0x00, 0x00, 0x3F, 0xF3, 0xFF, 0x00, 0x00, 0x00, 0xFF, 0xCF, 0xFC, 0x00, 0x00, 0x03, 0xFF, 0x3F,
    0xF0, 0x00, 0x00, 0x0F, 0xFC, 0xFF, 0xD0, 0x00, 0x00, 0x3F, 0xF2, 0xFF, 0x80, 0x00, 0x01, 0xFF,
    0xC7, 0xFF, 0x00, 0x00, 0x0B, 0xFE, 0x0F, 0xFD, 0x00, 0x00, 0x3F, 0xF0, 0x2F, 0xFC, 0x00, 0x03,
    0xFF, 0xC0, 0x3F, 0xFD, 0x00, 0x7F, 0xFD, 0x00, 0x7F, 0xFF, 0xFF, 0xFF, 0xE0, 0x00, 0xBF, 0xFF,
    0xFF, 0xFE, 0x00, 0x00, 0x7F, 0xFF, 0xFF, 0xD0, 0x00, 0x00, 0x1B, 0xFF, 0xE4, 0x00, 0x00, 0x03,
    0xFF, 0xFF, 0xF0, 0x00, 0x3F, 0xFF, 0xFF, 0x00, 0x03, 0xFF, 0xFF, 0xF0, 0x00, 0x3F, 0xFF, 0xFF,
    0x00, 0x00, 0x00, 0x00, 0x00, 0x00, 0x01, 0xBF, 0xE4, 0x00, 0x01, 0xFF, 0xFF, 0xF4, 0x00, 0xBF,
    0xFF, 0xFF, 0xE0, 0x1F, 0xFF, 0xFF, 0xFF, 0x43, 0xFF, 0xC0, 0x3F, 0xFC, 0x7F, 0xF0, 0x00, 0xFF,
    0xDB, 0xFE, 0x00, 0x0B, 0xFE, 0xFF, 0xD0, 0x00, 0x7F, 0xFF, 0xFC, 0x00, 0x03, 0xFF, 0xFF, 0xC0,
    0x00, 0x3F, 0xFF, 0xFC, 0x00, 0x03, 0xFF, 0xFF, 0xD0, 0x00, 0x7F, 0xFB, 0xFE, 0x00, 0x0B, 0xFE,
    0x7F, 0xF0, 0x00, 0xFF, 0xD3, 0xFF, 0xC0, 0x3F, 0xFC, 0x1F, 0xFF, 0xFF, 0xFF, 0x40, 0x7F, 0xFF,
    0xFF, 0xE0, 0x01, 0xFF, 0xFF, 0xF4, 0x00, 0x01, 0xBF, 0xE4, 0x00, 0x00, 0x19, 0x00, 0x02, 0x90,
    0x00, 0x00, 0xFD, 0x00, 0x2F, 0xC0, 0x00, 0x02, 0xFF, 0xFF, 0xFE, 0x00, 0x00, 0x03, 0xFF, 0xFF,
    0xF0, 0x00, 0x00, 0x03, 0xFF, 0xFF, 0x00, 0x00, 0x00, 0x01, 0xFF, 0xD0, 0x00, 0x00, 0x00, 0x00,
    0x00, 0x00, 0x00, 0x00, 0x00, 0x00, 0x00, 0x00, 0x00, 0x00, 0x00, 0x00, 0x00, 0x00, 0x00, 0x00,
    0x1B, 0xFF, 0xE4, 0x00, 0x00, 0x07, 0xFF, 0xFF, 0xFD, 0x00, 0x00, 0xBF, 0xFF, 0xFF, 0xFE, 0x00,
    0x07, 0xFF, 0xFF, 0xFF, 0xFE, 0x00, 0x3F, 0xFD, 0x00, 0x7F, 0xFD, 0x02, 0xFF, 0xC0, 0x00, 0x3F,
    0xFC, 0x0F, 0xFD, 0x00, 0x00, 0x3F, 0xF4, 0x7F, 0xF0, 0x00, 0x00, 0xBF, 0xE2, 0xFF, 0x80, 0x00,
    0x01, 0xFF, 0xCF, 0xFD, 0x00, 0x00, 0x03, 0xFF, 0x3F, 0xF0, 0x00, 0x00, 0x0F, 0xFC, 0xFF, 0xC0,
    0x00, 0x00, 0x3F, 0xF3, 0xFF, 0x00, 0x00, 0x00, 0xFF, 0xCF, 0xFC, 0x00, 0x00, 0x03, 0xFF, 0x3F,
    0xF4, 0x00, 0x00, 0x0F, 0xFC, 0xBF, 0xE0, 0x00, 0x00, 0x7F, 0xF1, 0xFF, 0xC0, 0x00, 0x02, 0xFF,
    0x83, 0xFF, 0x40, 0x00, 0x0F, 0xFC, 0x0B, 0xFF, 0x00, 0x00, 0xFF, 0xF0, 0x0F, 0xFF, 0x40, 0x1F,
    0xFF, 0x40, 0x1F, 0xFF, 0xFF, 0xFF, 0xF8, 0x00, 0x2F, 0xFF, 0xFF, 0xFF, 0x80, 0x00, 0x1F, 0xFF,
    0xFF, 0xF4, 0x00, 0x00, 0x06, 0xFF, 0xF9, 0x00, 0x00, 0x03, 0xE0, 0x00, 0x3F, 0x00, 0x3F, 0x40,
    0x1F, 0xF0, 0x02, 0xFF, 0xFF, 0xFD, 0x00, 0x0F, 0xFF, 0xFF, 0xC0, 0x00, 0x3F, 0xFF, 0xE0, 0x00,
    0x00, 0x6F, 0xE4, 0x00, 0x00, 0x00, 0x00, 0x00, 0x00, 0x01, 0xBF, 0xE4, 0x00, 0x01, 0xFF, 0xFF,
    0xF4, 0x00, 0xBF, 0xFF, 0xFF, 0xE0, 0x1F, 0xFF, 0xFF, 0xFF, 0x43, 0xFF, 0xC0, 0x3F, 0xFC, 0x7F,
    0xF0, 0x00, 0xFF, 0xDB, 0xFE, 0x00, 0x0B, 0xFE, 0xFF, 0xD0, 0x00, 0x7F, 0xFF, 0xFC, 0x00, 0x03,
    0xFF, 0xFF, 0xC0, 0x00, 0x3F, 0xFF, 0xFC, 0x00, 0x03, 0xFF, 0xFF, 0xD0, 0x00, 0x7F, 0xFB, 0xFE,
    0x00, 0x0B, 0xFE, 0x7F, 0xF0, 0x00, 0xFF, 0xD3, 0xFF, 0xC0, 0x3F, 0xFC, 0x1F, 0xFF, 0xFF, 0xFF,
    0x40, 0x7F, 0xFF, 0xFF, 0xE0, 0x01, 0xFF, 0xFF, 0xF4, 0x00, 0x01, 0xBF, 0xE4, 0x00, 0x00, 0x0B,
    0xFD, 0x3F, 0xF0, 0x00, 0x00, 0x3F, 0xE2, 0xFF, 0x00, 0x00, 0x03, 0xFD, 0x1F, 0xF0, 0x00, 0x00,
    0x2F, 0xD0, 0xFE, 0x00, 0x00, 0x00, 0xFC, 0x0F, 0xD0, 0x00, 0x00, 0x00, 0x00, 0x00, 0x00, 0x00,
    0x00, 0x00, 0x00, 0x00, 0x00, 0x00, 0x00, 0x00, 0x00, 0x00, 0x00, 0x00, 0x00, 0x06, 0xFF, 0xF9,
    0x00, 0x00, 0x01, 0xFF, 0xFF, 0xFF, 0x40, 0x00, 0x2F, 0xFF, 0xFF, 0xFF, 0x80, 0x01, 0xFF, 0xFF,
    0xFF, 0xFF, 0x80, 0x0F, 0xFF, 0x40, 0x1F, 0xFF, 0x40, 0xBF, 0xF0, 0x00, 0x0F, 0xFF, 0x03, 0xFF,
    0x40, 0x00, 0x0F, 0xFD, 0x1F, 0xFC, 0x00, 0x00, 0x2F, 0xF8, 0xBF, 0xE0, 0x00, 0x00, 0x7F, 0xF3,
    0xFF, 0x40, 0x00, 0x00, 0xFF, 0xCF, 0xFC, 0x00, 0x00, 0x03, 0xFF, 0x3F, 0xF0, 0x00, 0x00, 0x0F,
    0xFC, 0xFF, 0xC0, 0x00, 0x00, 0x3F, 0xF3, 0xFF, 0x00, 0x00, 0x00, 0xFF, 0xCF, 0xFD, 0x00, 0x00,
    0x03, 0xFF, 0x2F, 0xF8, 0x00, 0x00, 0x1F, 0xFC, 0x7F, 0xF0, 0x00, 0x00, 0xBF, 0xE0, 0xFF, 0xD0,
    0x00, 0x03, 0xFF, 0x02, 0xFF, 0xC0, 0x00, 0x3F, 0xFC, 0x03, 0xFF, 0xD0, 0x07, 0xFF, 0xD0, 0x07,
    0xFF, 0xFF, 0xFF, 0xFE, 0x00, 0x0B, 0xFF, 0xFF, 0xFF, 0xE0, 0x00, 0x07, 0xFF, 0xFF, 0xFD, 0x00,
    0x00, 0x01, 0xBF, 0xFE, 0x40, 0x00, 0x00, 0xFF, 0xD3, 0xFF, 0x00, 0x1F, 0xF4, 0xBF, 0xC0, 0x03,
    0xFD, 0x1F, 0xF0, 0x00, 0xFF, 0x03, 0xF8, 0x00, 0x2F, 0x80, 0xFD, 0x00, 0x00, 0x00, 0x00, 0x00,
    0x00, 0x00, 0x00, 0x00, 0x00, 0x00, 0x01, 0xBF, 0xE4, 0x00, 0x01, 0xFF, 0xFF, 0xF4, 0x00, 0xBF,
    0xFF, 0xFF, 0xE0, 0x1F, 0xFF, 0xFF, 0xFF, 0x43, 0xFF, 0xC0, 0x3F, 0xFC, 0x7F, 0xF0, 0x00, 0xFF,
    0xDB, 0xFE, 0x00, 0x0B, 0xFE, 0xFF, 0xD0, 0x00, 0x7F, 0xFF, 0xFC, 0x00, 0x03, 0xFF, 0xFF, 0xC0,
    0x00, 0x3F, 0xFF, 0xFC, 0x00, 0x03, 0xFF, 0xFF, 0xD0, 0x00, 0x7F, 0xFB, 0xFE, 0x00, 0x0B, 0xFE,
    0x7F, 0xF0, 0x00, 0xFF, 0xD3, 0xFF, 0xC0, 0x3F, 0xFC, 0x1F, 0xFF, 0xFF, 0xFF, 0x40, 0x7F, 0xFF,
    0xFF, 0xE0, 0x01, 0xFF, 0xFF, 0xF4, 0x00, 0x01, 0xBF, 0xE4, 0x00, 0x00, 0x06, 0xFF, 0xFF, 0xFF,
    0xFF, 0xFF, 0x80, 0x1F, 0xFF, 0xFF, 0xFF, 0xFF, 0xFF, 0xE0, 0x2F, 0xFF, 0xFF, 0xFF, 0xFF, 0xFF,
    0xF8, 0x2F, 0xFF, 0xFF, 0xFF, 0xFF, 0xFF, 0xFD, 0x1F, 0xFF, 0x40, 0x0F, 0xFC, 0x00, 0x00, 0x0F,
    0xFF, 0x00, 0x03, 0xFF, 0x00, 0x00, 0x03, 0xFF, 0x00, 0x00, 0xFF, 0xC0, 0x00, 0x01, 0xFF, 0xC0,
    0x00, 0x3F, 0xF0, 0x00, 0x00, 0xBF, 0xD0, 0x00, 0x0F, 0xFC, 0x00, 0x00, 0x3F, 0xF4, 0x00, 0x03,
    0xFF, 0xFF, 0xFF, 0xCF, 0xFC, 0x00, 0x00, 0xFF, 0xFF, 0xFF, 0xF3, 0xFF, 0x00, 0x00, 0x3F, 0xFF,
    0xFF, 0xFC, 0xFF, 0xC0, 0x00, 0x0F, 0xFF, 0xFF, 0xFF, 0x3F, 0xF0, 0x00, 0x03, 0xFF, 0x00, 0x00,
    0x0F, 0xFD, 0x00, 0x00, 0xFF, 0xC0, 0x00, 0x02, 0xFF, 0x40, 0x00, 0x3F, 0xF0, 0x00, 0x00, 0x7F,
    0xF0, 0x00, 0x0F, 0xFC, 0x00, 0x00, 0x0F, 0xFC, 0x00, 0x03, 0xFF, 0x00, 0x00, 0x03, 0xFF, 0xC0,
    0x00, 0xFF, 0xC0, 0x00, 0x00, 0x7F, 0xFD, 0x00, 0x3F, 0xF0, 0x00, 0x00, 0x0B, 0xFF, 0xFF, 0xFF,
    0xFF, 0xFF, 0xFF, 0x40, 0xBF, 0xFF, 0xFF, 0xFF, 0xFF, 0xFF, 0xE0, 0x07, 0xFF, 0xFF, 0xFF, 0xFF,
    0xFF, 0xF8, 0x00, 0x1B, 0xFF, 0xFF, 0xFF, 0xFF, 0xFE, 0x00, 0x1B, 0xFE, 0x40, 0x06, 0xFF, 0x90,
    0x00, 0x1F, 0xFF, 0xFF, 0x07, 0xFF, 0xFF, 0x80, 0x0B, 0xFF, 0xFF, 0xFD, 0xFF, 0xFF, 0xFF, 0x01,
    0xFF, 0xFF, 0xFF, 0xFF, 0xFF, 0xFF, 0xFC, 0x3F, 0xFC, 0x03, 0xFF, 0xFD, 0x01, 0xFF, 0xD7, 0xFF,
    0x00, 0x0F, 0xFF, 0x80, 0x07, 0xFE, 0xBF, 0xE0, 0x00, 0xBF, 0xF0, 0x00, 0x3F, 0xFF, 0xFD, 0x00,
    0x07, 0xFF, 0xFF, 0xFF, 0xFF, 0xFF, 0xC0, 0x00, 0x3F, 0xFF, 0xFF, 0xFF, 0xFF, 0xFC, 0x00, 0x03,
    0xFF, 0xFF, 0xFF, 0xFF, 0xFF, 0xC0, 0x00, 0x3F, 0xFF, 0xFF, 0xFF, 0xFF, 0xFD, 0x00, 0x07, 0xFF,
    0x00, 0x00, 0x00, 0xBF, 0xE0, 0x00, 0xBF, 0xF4, 0x00, 0x00, 0x07, 0xFF, 0x00, 0x0F, 0xFF, 0xC0,
    0x00, 0x00, 0x3F, 0xFC, 0x03, 0xFF, 0xFF, 0x40, 0x06, 0xC1, 0xFF, 0xFF, 0xFF, 0xFF, 0xFF, 0xFF,
    0xFC, 0x07, 0xFF, 0xFF, 0xFE, 0xFF, 0xFF, 0xFF, 0xC0, 0x1F, 0xFF, 0xFF, 0x43, 0xFF, 0xFF, 0xF8,
    0x00, 0x1B, 0xFE, 0x40, 0x06, 0xFF, 0xF8, 0x00, 0x00, 0x00, 0x3F, 0xFC, 0x00, 0x00, 0x00, 0x7F,
    0xF0, 0x00, 0x00, 0x01, 0xFF, 0xC0, 0x00, 0x00, 0x03, 0xFF, 0x00, 0x00, 0x00, 0x0F, 0xF8, 0x00,
    0x00, 0x00, 0x1F, 0xD0, 0x00, 0x00, 0x00, 0x00, 0x00, 0x00, 0x00, 0x00, 0x00, 0x00, 0x00, 0x00,
    0xFF, 0xFF, 0xFE, 0x40, 0x00, 0xFF, 0xFF, 0xFF, 0xF4, 0x00, 0xFF, 0xFF, 0xFF, 0xFD, 0x00, 0xFF,
    0xFF, 0xFF, 0xFF, 0x00, 0xFF, 0xC0, 0x0B, 0xFF, 0x80, 0xFF, 0xC0, 0x02, 0xFF, 0xC0, 0xFF, 0xC0,
    0x00, 0xFF, 0xC0, 0xFF, 0xC0, 0x00, 0xFF, 0xC0, 0xFF, 0xC0, 0x01, 0xFF, 0xC0, 0xFF, 0xC0, 0x02,
    0xFF, 0x80, 0xFF, 0xC0, 0x1F, 0xFF, 0x00, 0xFF, 0xFF, 0xFF, 0xFD, 0x00, 0xFF, 0xFF, 0xFF, 0xF4,
    0x00, 0xFF, 0xFF, 0xFF, 0xC0, 0x00, 0xFF, 0xFF, 0xFF, 0xD0, 0x00, 0xFF, 0xC0, 0xBF, 0xF0, 0x00,
    0xFF, 0xC0, 0x3F, 0xF8, 0x00, 0xFF, 0xC0, 0x1F, 0xFD, 0x00, 0xFF, 0xC0, 0x0B, 0xFF, 0x00, 0xFF,
    0xC0, 0x03, 0xFF, 0x80, 0xFF, 0xC0, 0x01, 0xFF, 0xC0, 0xFF, 0xC0, 0x00, 0xFF, 0xF0, 0xFF, 0xC0,
    0x00, 0x7F, 0xF4, 0xFF, 0xC0, 0x00, 0x2F, 0xFC, 0x00, 0x07, 0xFF, 0x40, 0x03, 0xFF, 0x40, 0x03,
    0xFF, 0x40, 0x02, 0xFF, 0x00, 0x02, 0xFE, 0x00, 0x00, 0x55, 0x00, 0x00, 0x00, 0x00, 0x03, 0xFC,
    0x02, 0xFC, 0xFF, 0x0B, 0xFF, 0x3F, 0xD7, 0xFF, 0xCF, 0xFF, 0xFF, 0xF3, 0xFF, 0xFF, 0xF8, 0xFF,
    0xFD, 0x00, 0x3F, 0xFC, 0x00, 0x0F, 0xFE, 0x00, 0x03, 0xFF, 0x00, 0x00, 0xFF, 0xC0, 0x00, 0x3F,
    0xF0, 0x00, 0x0F, 0xFC, 0x00, 0x03, 0xFF, 0x00, 0x00, 0xFF, 0xC0, 0x00, 0x3F, 0xF0, 0x00, 0x0F,
    0xFC, 0x00, 0x03, 0xFF, 0x00, 0x00, 0xFF, 0xC0, 0x00, 0x3F, 0xF0, 0x00, 0x00, 0xFF, 0xFF, 0xFE,
    0x40, 0x00, 0xFF, 0xFF, 0xFF, 0xF4, 0x00, 0xFF, 0xFF, 0xFF, 0xFD, 0x00, 0xFF, 0xFF, 0xFF, 0xFF,
    0x00, 0xFF, 0xC0, 0x0B, 0xFF, 0x80, 0xFF, 0xC0, 0x02, 0xFF, 0xC0, 0xFF, 0xC0, 0x00, 0xFF, 0xC0,
    0xFF, 0xC0, 0x00, 0xFF, 0xC0, 0xFF, 0xC0, 0x01, 0xFF, 0xC0, 0xFF, 0xC0, 0x02, 0xFF, 0x80, 0xFF,
    0xC0, 0x1F, 0xFF, 0x00, 0xFF, 0xFF, 0xFF, 0xFD, 0x00, 0xFF, 0xFF, 0xFF, 0xF4, 0x00, 0xFF, 0xFF,
    0xFF, 0xC0, 0x00, 0xFF, 0xFF, 0xFF, 0xD0, 0x00, 0xFF, 0xC0, 0xBF, 0xF0, 0x00, 0xFF, 0xC0, 0x3F,
    0xF8, 0x00, 0xFF, 0xC0, 0x1F, 0xFD, 0x00, 0xFF, 0xC0, 0x0B, 0xFF, 0x00, 0xFF, 0xC0, 0x03, 0xFF,
    0x80, 0xFF, 0xC0, 0x01, 0xFF, 0xC0, 0xFF, 0xC0, 0x00, 0xFF, 0xF0, 0xFF, 0xC0, 0x00, 0x7F, 0xF4,
    0xFF, 0xC0, 0x00, 0x2F, 0xFC, 0x00, 0x00, 0x00, 0x00, 0x00, 0x00, 0x00, 0x00, 0x00, 0x00, 0x00,
    0x03, 0xFF, 0x00, 0x00, 0x00, 0x07, 0xFD, 0x00, 0x00, 0x00, 0x0B, 0xFC, 0x00, 0x00, 0x00, 0x0F,
    0xF0, 0x00, 0x00, 0x00, 0x0F, 0xD0, 0x00, 0x00, 0x3F, 0xC0, 0x2F, 0xC3, 0xFC, 0x2F, 0xFC, 0x3F,
    0xD7, 0xFF, 0xC3, 0xFF, 0xFF, 0xFC, 0x3F, 0xFF, 0xFF, 0x83, 0xFF, 0xF4, 0x00, 0x3F, 0xFC, 0x00,
    0x03, 0xFF, 0x80, 0x00, 0x3F, 0xF0, 0x00, 0x03, 0xFF, 0x00, 0x00, 0x3F, 0xF0, 0x00, 0x03, 0xFF,
    0x00, 0x00, 0x3F, 0xF0, 0x00, 0x03, 0xFF, 0x00, 0x00, 0x3F, 0xF0, 0x00, 0x03, 0xFF, 0x00, 0x00,
    0x3F, 0xF0, 0x00, 0x03, 0xFF, 0x00, 0x00, 0x3F, 0xF0, 0x00, 0x00, 0x00, 0x00, 0x00, 0x00, 0x00,
    0x00, 0x01, 0xFF, 0x40, 0x00, 0x1F, 0xF0, 0x00, 0x02, 0xFD, 0x00, 0x00, 0x3F, 0xC0, 0x00, 0x03,
    0xF0, 0x00, 0x00, 0x1F, 0xD0, 0x00, 0xFF, 0x00, 0x0B, 0xFC, 0x0B, 0xFC, 0x00, 0x03, 0xFF, 0x2F,
    0xF0, 0x00, 0x00, 0xFF, 0xFF, 0xD0, 0x00, 0x00, 0x7F, 0xFF, 0x80, 0x00, 0x00, 0x2F, 0xFF, 0x00,
    0x00, 0x00, 0x00, 0x00, 0x00, 0x00, 0x00, 0x00, 0x00, 0x00, 0x00, 0xFF, 0xFF, 0xFE, 0x40, 0x00,
    0xFF, 0xFF, 0xFF, 0xF4, 0x00, 0xFF, 0xFF, 0xFF, 0xFD, 0x00, 0xFF, 0xFF, 0xFF, 0xFF, 0x00, 0xFF,
    0xC0, 0x0B, 0xFF, 0x80, 0xFF, 0xC0, 0x02, 0xFF, 0xC0, 0xFF, 0xC0, 0x00, 0xFF, 0xC0, 0xFF, 0xC0,
    0x00, 0xFF, 0xC0, 0xFF, 0xC0, 0x01, 0xFF, 0xC0, 0xFF, 0xC0, 0x02, 0xFF, 0x80, 0xFF, 0xC0, 0x1F,
    0xFF, 0x00, 0xFF, 0xFF, 0xFF, 0xFD, 0x00, 0xFF, 0xFF, 0xFF, 0xF4, 0x00, 0xFF, 0xFF, 0xFF, 0xC0,
    0x00, 0xFF, 0xFF, 0xFF, 0xD0, 0x00, 0xFF, 0xC0, 0xBF, 0xF0, 0x00, 0xFF, 0xC0, 0x3F, 0xF8, 0x00,
    0xFF, 0xC0, 0x1F, 0xFD, 0x00, 0xFF, 0xC0, 0x0B, 0xFF, 0x00, 0xFF, 0xC0, 0x03, 0xFF, 0x80, 0xFF,
    0xC0, 0x01, 0xFF, 0xC0, 0xFF, 0xC0, 0x00, 0xFF, 0xF0, 0xFF, 0xC0, 0x00, 0x7F, 0xF4, 0xFF, 0xC0,
    0x00, 0x2F, 0xFC, 0xBF, 0x40, 0x0B, 0xF0, 0xFF, 0x81, 0xFF, 0x40, 0xFF, 0xDF, 0xF4, 0x00, 0xFF,
    0xFF, 0x80, 0x01, 0xFF, 0xF8, 0x00, 0x01, 0x55, 0x40, 0x00, 0x00, 0x00, 0x00, 0x0F, 0xF0, 0x0B,
    0xF0, 0x3F, 0xC2, 0xFF, 0xC0, 0xFF, 0x5F, 0xFF, 0x03, 0xFF, 0xFF, 0xFC, 0x0F, 0xFF, 0xFF, 0xE0,
    0x3F, 0xFF, 0x40, 0x00, 0xFF, 0xF0, 0x00, 0x03, 0xFF, 0x80, 0x00, 0x0F, 0xFC, 0x00, 0x00, 0x3F,
    0xF0, 0x00, 0x00, 0xFF, 0xC0, 0x00, 0x03, 0xFF, 0x00, 0x00, 0x0F, 0xFC, 0x00, 0x00, 0x3F, 0xF0,
    0x00, 0x00, 0xFF, 0xC0, 0x00, 0x03, 0xFF, 0x00, 0x00, 0x0F, 0xFC, 0x00, 0x00, 0x3F, 0xF0, 0x00,
    0x00, 0xFF, 0xC0, 0x00, 0x00, 0x00, 0x00, 0x2A, 0xA0, 0x00, 0x00, 0x2F, 0xF8, 0x00, 0x00, 0x1F,
    0xF8, 0x00, 0x00, 0x0F, 0xF8, 0x00, 0x00, 0x0F, 0xF4, 0x00, 0x00, 0x0B, 0xF0, 0x00, 0x00, 0x00,
    0x00, 0x00, 0x00, 0x00, 0x00, 0x00, 0x00, 0x00, 0x00, 0x00, 0x00, 0x00, 0x06, 0xFF, 0xE4, 0x00,
    0x1F, 0xFF, 0xFF, 0xE0, 0x2F, 0xFF, 0xFF, 0xF8, 0x1F, 0xFF, 0xFF, 0xFC, 0x0B, 0xFF, 0x00, 0x6E,
    0x03, 0xFF, 0x40, 0x00, 0x00, 0xFF, 0xC0, 0x00, 0x00, 0x3F, 0xF8, 0x00, 0x00, 0x0F, 0xFF, 0x80,
    0x00, 0x01, 0xFF, 0xFD, 0x00, 0x00, 0x3F, 0xFF, 0xF4, 0x00, 0x03, 0xFF, 0xFF, 0xC0, 0x00, 0x2F,
    0xFF, 0xFD, 0x00, 0x00, 0xBF, 0xFF, 0xC0, 0x00, 0x02, 0xFF, 0xF8, 0x00, 0x00, 0x1F, 0xFF, 0x00,
    0x00, 0x01, 0xFF, 0xC0, 0x00, 0x00, 0x3F, 0xF1, 0x40, 0x00, 0x0F, 0xFC, 0xBE, 0x40, 0x1F, 0xFE,
    0x2F, 0xFF, 0xFF, 0xFF, 0x0B, 0xFF, 0xFF, 0xFF, 0x41, 0xFF, 0xFF, 0xFF, 0x40, 0x06, 0xFF, 0xF9,
    0x00, 0x00, 0x00, 0x01, 0xFF, 0xD0, 0x00, 0x3F, 0xF4, 0x00, 0x0F, 0xFC, 0x00, 0x02, 0xFF, 0x00,
    0x00, 0x7F, 0x80, 0x00, 0x01, 0x40, 0x00, 0x00, 0x00, 0x00, 0x00, 0x1B, 0xFF, 0x90, 0x1F, 0xFF,
    0xFF, 0xD3, 0xFF, 0xFF, 0xFD, 0xBF, 0xFF, 0xFF, 0xCF, 0xFE, 0x00, 0xB4, 0xFF, 0xC0, 0x00, 0x0F,
    0xFF, 0x40, 0x00, 0x7F, 0xFF, 0x40, 0x02, 0xFF, 0xFF, 0x80, 0x0B, 0xFF, 0xFF, 0x40, 0x0B, 0xFF,
    0xFC, 0x00, 0x07, 0xFF, 0xE0, 0x00, 0x0B, 0xFF, 0x00, 0x00, 0x3F, 0xFF, 0x40, 0x0B, 0xFF, 0xFF,
    0xFF, 0xFF, 0xEF, 0xFF, 0xFF, 0xFC, 0xFF, 0xFF, 0xFF, 0x01, 0xBF, 0xFE, 0x40, 0x00, 0x06, 0xA4,
    0x00, 0x00, 0x0B, 0xFF, 0x40, 0x00, 0x07, 0xFF, 0xF4, 0x00, 0x03, 0xFE, 0xFF, 0x00, 0x03, 0xFC,
    0x1F, 0xF0, 0x03, 0xFC, 0x00, 0xFF, 0x00, 0x00, 0x00, 0x00, 0x00, 0x00, 0x00, 0x00, 0x00, 0x00,
    0x00, 0x00, 0x00, 0x00, 0x06, 0xFF, 0xE4, 0x00, 0x1F, 0xFF, 0xFF, 0xE0, 0x2F, 0xFF, 0xFF, 0xF8,
    0x1F, 0xFF, 0xFF, 0xFC, 0x0B, 0xFF, 0x00, 0x6E, 0x03, 0xFF, 0x40, 0x00, 0x00, 0xFF, 0xC0, 0x00,
    0x00, 0x3F, 0xF8, 0x00, 0x00, 0x0F, 0xFF, 0x80, 0x00, 0x01, 0xFF, 0xFD, 0x00, 0x00, 0x3F, 0xFF,
    0xF4, 0x00, 0x03, 0xFF, 0xFF, 0xC0, 0x00, 0x2F, 0xFF, 0xFD, 0x00, 0x00, 0xBF, 0xFF, 0xC0, 0x00,
    0x02, 0xFF, 0xF8, 0x00, 0x00, 0x1F, 0xFF, 0x00, 0x00, 0x01, 0xFF, 0xC0, 0x00, 0x00, 0x3F, 0xF1,
    0x40, 0x00, 0x0F, 0xFC, 0xBE, 0x40, 0x1F, 0xFE, 0x2F, 0xFF, 0xFF, 0xFF, 0x0B, 0xFF, 0xFF, 0xFF,
    0x41, 0xFF, 0xFF, 0xFF, 0x40, 0x06, 0xFF, 0xF9, 0x00, 0x00, 0x00, 0x3F, 0xF4, 0x00, 0x02, 0xFF,
    0xF4, 0x00, 0x2F, 0xFF, 0xF0, 0x02, 0xFF, 0x1F, 0xF0, 0x2F, 0xE0, 0x1F, 0xF0, 0x55, 0x00, 0x05,
    0x40, 0x00, 0x00, 0x00, 0x00, 0x1B, 0xFF, 0x90, 0x07, 0xFF, 0xFF, 0xF4, 0x3F, 0xFF, 0xFF, 0xD2,
    0xFF, 0xFF, 0xFF, 0x0F, 0xFE, 0x00, 0xB4, 0x3F, 0xF0, 0x00, 0x00, 0xFF, 0xF4, 0x00, 0x01, 0xFF,
    0xFD, 0x00, 0x02, 0xFF, 0xFF, 0x80, 0x02, 0xFF, 0xFF, 0xD0, 0x00, 0xBF, 0xFF, 0xC0, 0x00, 0x1F,
    0xFF, 0x80, 0x00, 0x0B, 0xFF, 0x00, 0x00, 0x0F, 0xFC, 0xF4, 0x00, 0xBF, 0xF3, 0xFF, 0xFF, 0xFF,
    0x8F, 0xFF, 0xFF, 0xFC, 0x3F, 0xFF, 0xFF, 0xC0, 0x1B, 0xFF, 0xE4, 0x00, 0x00, 0x1B, 0xFF, 0x90,
    0x00, 0x7F, 0xFF, 0xFF, 0x80, 0xBF, 0xFF, 0xFF, 0xE0, 0x7F, 0xFF, 0xFF, 0xF0, 0x2F, 0xFC, 0x01,
    0xBC, 0x0F, 0xFD, 0x00, 0x00, 0x03, 0xFF, 0x00, 0x00, 0x00, 0xFF, 0xE0, 0x00, 0x00, 0x3F, 0xFE,
    0x00, 0x00, 0x07, 0xFF, 0xF4, 0x00, 0x00, 0xFF, 0xFF, 0xD0, 0x00, 0x0F, 0xFF, 0xFF, 0x00, 0x00,
    0xBF, 0xFF, 0xF4, 0x00, 0x02, 0xFF, 0xFF, 0x00, 0x00, 0x0B, 0xFF, 0xE0, 0x00, 0x00, 0x7F, 0xFC,
    0x00, 0x00, 0x07, 0xFF, 0x00, 0x00, 0x00, 0xFF, 0xC5, 0x00, 0x00, 0x3F, 0xF2, 0xF9, 0x00, 0x7F,
    0xF8, 0xBF, 0xFF, 0xFF, 0xFC, 0x2F, 0xFF, 0xFF, 0xFD, 0x07, 0xFF, 0xFF, 0xFD, 0x00, 0x1B, 0xFF,
    0xE4, 0x00, 0x00, 0x0B, 0xC0, 0x00, 0x00, 0x03, 0xFD, 0x00, 0x00, 0x00, 0x7F, 0xD0, 0x00, 0x00,
    0x03, 0xFC, 0x00, 0x00, 0x01, 0xFF, 0x00, 0x00, 0x1F, 0xFF, 0x80, 0x00, 0x07, 0xFF, 0xC0, 0x00,
    0x00, 0xBF, 0x80, 0x00, 0x01, 0xBF, 0xF9, 0x01, 0xFF, 0xFF, 0xFD, 0x3F, 0xFF, 0xFF, 0xDB, 0xFF,
    0xFF, 0xFC, 0xFF, 0xE0, 0x07, 0xCF, 0xFC, 0x00, 0x00, 0xFF, 0xF4, 0x00, 0x07, 0xFF, 0xF4, 0x00,
    0x2F, 0xFF, 0xF8, 0x00, 0xBF, 0xFF, 0xF4, 0x00, 0xBF, 0xFF, 0xC0, 0x00, 0x7F, 0xFE, 0x00, 0x00,
    0xBF, 0xF0, 0x00, 0x03, 0xFF, 0xF4, 0x00, 0xBF, 0xFF, 0xFF, 0xFF, 0xFE, 0xFF, 0xFF, 0xFF, 0xCF,
    0xFF, 0xFF, 0xF0, 0x1B, 0xFF, 0xE4, 0x00, 0x03, 0xE0, 0x00, 0x00, 0x7F, 0xD0, 0x00, 0x01, 0xFF,
    0x40, 0x00, 0x03, 0xFC, 0x00, 0x00, 0x7F, 0xC0, 0x03, 0xFF, 0xF8, 0x00, 0x3F, 0xFF, 0x00, 0x01,
    0xBE, 0x40, 0x00, 0x0A, 0x90, 0x00, 0x69, 0x02, 0xFE, 0x00, 0xFF, 0x40, 0x2F, 0xF1, 0xFF, 0x40,
    0x03, 0xFF, 0xFF, 0x40, 0x00, 0x3F, 0xFF, 0x80, 0x00, 0x03, 0xFF, 0xC0, 0x00, 0x00, 0x00, 0x00,
    0x00, 0x00, 0x00, 0x00, 0x00, 0x00, 0x00, 0x00, 0x00, 0x00, 0x06, 0xFF, 0xE4, 0x00, 0x1F, 0xFF,
    0xFF, 0xE0, 0x2F, 0xFF, 0xFF, 0xF8, 0x1F, 0xFF, 0xFF, 0xFC, 0x0B, 0xFF, 0x00, 0x6E, 0x03, 0xFF,
    0x40, 0x00, 0x00, 0xFF, 0xC0, 0x00, 0x00, 0x3F, 0xF8, 0x00, 0x00, 0x0F, 0xFF, 0x80, 0x00, 0x01,
    0xFF, 0xFD, 0x00, 0x00, 0x3F, 0xFF, 0xF4, 0x00, 0x03, 0xFF, 0xFF, 0xC0, 0x00, 0x2F, 0xFF, 0xFD,
    0x00, 0x00, 0xBF, 0xFF, 0xC0, 0x00, 0x02, 0xFF, 0xF8, 0x00, 0x00, 0x1F, 0xFF, 0x00, 0x00, 0x01,
    0xFF, 0xC0, 0x00, 0x00, 0x3F, 0xF1, 0x40, 0x00, 0x0F, 0xFC, 0xBE, 0x40, 0x1F, 0xFE, 0x2F, 0xFF,
    0xFF, 0xFF, 0x0B, 0xFF, 0xFF, 0xFF, 0x41, 0xFF, 0xFF, 0xFF, 0x40, 0x06, 0xFF, 0xF9, 0x00, 0x00,
    0x3F, 0xD0, 0x03, 0xFC, 0x0F, 0xF8, 0x1F, 0xF4, 0x03, 0xFE, 0xBF, 0xD0, 0x00, 0xFF, 0xFF, 0x40,
    0x00, 0x3F, 0xFD, 0x00, 0x00, 0x05, 0x54, 0x00, 0x00, 0x00, 0x00, 0x00, 0x00, 0x6F, 0xFE, 0x40,
    0x07, 0xFF, 0xFF, 0xF4, 0x0F, 0xFF, 0xFF, 0xF4, 0x2F, 0xFF, 0xFF, 0xF0, 0x3F, 0xF8, 0x02, 0xD0,
    0x3F, 0xF0, 0x00, 0x00, 0x3F, 0xFD, 0x00, 0x00, 0x1F, 0xFF, 0xD0, 0x00, 0x0B, 0xFF, 0xFE, 0x00,
    0x02, 0xFF, 0xFF, 0xD0, 0x00, 0x2F, 0xFF, 0xF0, 0x00, 0x01, 0xFF, 0xF8, 0x00, 0x00, 0x2F, 0xFC,
    0x00, 0x00, 0x0F, 0xFC, 0x3D, 0x00, 0x2F, 0xFC, 0x3F, 0xFF, 0xFF, 0xF8, 0x3F, 0xFF, 0xFF, 0xF0,
    0x3F, 0xFF, 0xFF, 0xC0, 0x06, 0xFF, 0xF9, 0x00, 0xFF, 0xFF, 0xFF, 0xFF, 0xFF, 0xFF, 0xFF, 0xFF,
    0xFF, 0xFF, 0xFF, 0xFF, 0xFF, 0xFF, 0xFF, 0xFF, 0xFF, 0xFF, 0x00, 0x0F, 0xFC, 0x00, 0x00, 0x00,
    0xFF, 0xC0, 0x00, 0x00, 0x0F, 0xFC, 0x00, 0x00, 0x00, 0xFF, 0xC0, 0x00, 0x00, 0x0F, 0xFC, 0x00,
    0x00, 0x00, 0xFF, 0xC0, 0x00, 0x00, 0x0F, 0xFC, 0x00, 0x00, 0x00, 0xFF, 0xC0, 0x00, 0x00, 0x0F,
    0xFC, 0x00, 0x00, 0x00, 0xFF, 0xC0, 0x00, 0x00, 0x0F, 0xFC, 0x00, 0x00, 0x00, 0xFF, 0xC0, 0x00,
    0x00, 0x0F, 0xFC, 0x00, 0x00, 0x00, 0xFF, 0xC0, 0x00, 0x00, 0x0F, 0xFC, 0x00, 0x00, 0x00, 0xFF,
    0xC0, 0x00, 0x00, 0x0F, 0xFC, 0x00, 0x00, 0x00, 0xFF, 0xC0, 0x00, 0x00, 0x0F, 0xFC, 0x00, 0x00,
    0x00, 0xFF, 0xC0, 0x00, 0x00, 0x03, 0xF0, 0x00, 0x00, 0x00, 0xBF, 0x40, 0x00, 0x00, 0x0B, 0xFF,
    0x40, 0x00, 0x00, 0x07, 0xFC, 0x00, 0x00, 0x00, 0x3F, 0xC0, 0x00, 0x03, 0xFF, 0xFC, 0x00, 0x00,
    0x3F, 0xFF, 0x00, 0x00, 0x03, 0xFF, 0x80, 0x00, 0x01, 0xFC, 0x00, 0x00, 0xBF, 0x00, 0x00, 0x3F,
    0xC0, 0x00, 0x1F, 0xF0, 0x00, 0x1F, 0xFF, 0xFF, 0xEF, 0xFF, 0xFF, 0xFF, 0xFF, 0xFF, 0xFF, 0xFF,
    0xFF, 0xFF, 0x0F, 0xFC, 0x00, 0x03, 0xFF, 0x00, 0x00, 0xFF, 0xC0, 0x00, 0x3F, 0xF0, 0x00, 0x0F,
    0xFC, 0x00, 0x03, 0xFF, 0x00, 0x00, 0xFF, 0xC0, 0x00, 0x3F, 0xF0, 0x00, 0x0F, 0xFC, 0x00, 0x03,
    0xFF, 0x00, 0x00, 0xFF, 0xF0, 0x04, 0x2F, 0xFF, 0xFF, 0x03, 0xFF, 0xFF, 0xC0, 0x7F, 0xFF, 0xF0,
    0x02, 0xFF, 0xE4, 0x00, 0x1F, 0xC0, 0x00, 0x0F, 0xFD, 0x00, 0x01, 0xBF, 0xD0, 0x00, 0x03, 0xFC,
    0x00, 0x01, 0xFF, 0x00, 0x7F, 0xFF, 0x80, 0x1F, 0xFF, 0xC0, 0x02, 0xFE, 0x40, 0x0B, 0xF0, 0x00,
    0xFF, 0x00, 0x3F, 0xD0, 0x7F, 0xD0, 0x00, 0xFF, 0x6F, 0xF4, 0x00, 0x07, 0xFF, 0xFD, 0x00, 0x00,
    0x2F, 0xFF, 0x80, 0x00, 0x00, 0xAA, 0x90, 0x00, 0x00, 0x00, 0x00, 0x00, 0x00, 0x00, 0x00, 0x00,
    0x00, 0xFF, 0xFF, 0xFF, 0xFF, 0xFF, 0xFF, 0xFF, 0xFF, 0xFF, 0xFF, 0xFF, 0xFF, 0xFF, 0xFF, 0xFF,
    0xFF, 0xFF, 0xFF, 0x00, 0x0F, 0xFC, 0x00, 0x00, 0x00, 0xFF, 0xC0, 0x00, 0x00, 0x0F, 0xFC, 0x00,
    0x00, 0x00, 0xFF, 0xC0, 0x00, 0x00, 0x0F, 0xFC, 0x00, 0x00, 0x00, 0xFF, 0xC0, 0x00, 0x00, 0x0F,
    0xFC, 0x00, 0x00, 0x00, 0xFF, 0xC0, 0x00, 0x00, 0x0F, 0xFC, 0x00, 0x00, 0x00, 0xFF, 0xC0, 0x00,
    0x00, 0x0F, 0xFC, 0x00, 0x00, 0x00, 0xFF, 0xC0, 0x00, 0x00, 0x0F, 0xFC, 0x00, 0x00, 0x00, 0xFF,
    0xC0, 0x00, 0x00, 0x0F, 0xFC, 0x00, 0x00, 0x00, 0xFF, 0xC0, 0x00, 0x00, 0x0F, 0xFC, 0x00, 0x00,
    0x00, 0xFF, 0xC0, 0x00, 0x00, 0x0F, 0xFC, 0x00, 0x00, 0x00, 0xFF, 0xC0, 0x00, 0x00, 0x00, 0x00,
    0x0F, 0xF4, 0x00, 0x00, 0x00, 0x7F, 0xC0, 0x00, 0x00, 0x01, 0xFD, 0x00, 0x7F, 0x00, 0x0B, 0xF0,
    0x02, 0xFC, 0x00, 0x3F, 0x00, 0x0F, 0xF0, 0x00, 0x00, 0x00, 0x7F, 0xC0, 0x00, 0x00, 0x07, 0xFF,
    0xFF, 0xF0, 0x00, 0xBF, 0xFF, 0xFF, 0xC0, 0x03, 0xFF, 0xFF, 0xFF, 0x00, 0x0F, 0xFF, 0xFF, 0xFC,
    0x00, 0x03, 0xFF, 0x00, 0x00, 0x00, 0x0F, 0xFC, 0x00, 0x00, 0x00, 0x3F, 0xF0, 0x00, 0x00, 0x00,
    0xFF, 0xC0, 0x00, 0x00, 0x03, 0xFF, 0x00, 0x00, 0x00, 0x0F, 0xFC, 0x00, 0x00, 0x00, 0x3F, 0xF0,
    0x00, 0x00, 0x00, 0xFF, 0xC0, 0x00, 0x00, 0x03, 0xFF, 0x00, 0x00, 0x00, 0x0F, 0xFC, 0x00, 0x00,
    0x00, 0x3F, 0xF8, 0x01, 0x00, 0x00, 0xBF, 0xFF, 0xFC, 0x00, 0x00, 0xFF, 0xFF, 0xF0, 0x00, 0x01,
    0xFF, 0xFF, 0xC0, 0x00, 0x00, 0xBF, 0xF9, 0x00, 0x00, 0xFF, 0xFF, 0xFF, 0xFF, 0xFF, 0xFF, 0xFF,
    0xFF, 0xFF, 0xFF, 0xFF, 0xFF, 0xFF, 0xFF, 0xFF, 0xFF, 0xFF, 0xFF, 0x00, 0x0F, 0xFC, 0x00, 0x00,
    0x00, 0xFF, 0xC0, 0x00, 0x00, 0x0F, 0xFC, 0x00, 0x00, 0x00, 0xFF, 0xC0, 0x00, 0x00, 0x0F, 0xFC,
    0x00, 0x00, 0x00, 0xFF, 0xC0, 0x00, 0x0F, 0xFF, 0xFF, 0xFC, 0x00, 0xFF, 0xFF, 0xFF, 0xC0, 0x0F,
    0xFF, 0xFF, 0xFC, 0x00, 0xFF, 0xFF, 0xFF, 0xC0, 0x00, 0x0F, 0xFC, 0x00, 0x00, 0x00, 0xFF, 0xC0,
    0x00, 0x00, 0x0F, 0xFC, 0x00, 0x00, 0x00, 0xFF, 0xC0, 0x00, 0x00, 0x0F, 0xFC, 0x00, 0x00, 0x00,
    0xFF, 0xC0, 0x00, 0x00, 0x0F, 0xFC, 0x00, 0x00, 0x00, 0xFF, 0xC0, 0x00, 0x00, 0x0F, 0xFC, 0x00,
    0x00, 0x00, 0xFF, 0xC0, 0x00, 0x01, 0xFC, 0x00, 0x00, 0xBF, 0x00, 0x00, 0x3F, 0xC0, 0x00, 0x1F,
    0xF0, 0x00, 0x1F, 0xFF, 0xFF, 0xEF, 0xFF, 0xFF, 0xFF, 0xFF, 0xFF, 0xFF, 0xFF, 0xFF, 0xFF, 0x0F,
    0xFC, 0x00, 0x03, 0xFF, 0x00, 0x00, 0xFF, 0xC0, 0x03, 0xFF, 0xFF, 0xFC, 0xFF, 0xFF, 0xFF, 0x3F,
    0xFF, 0xFF, 0xCB, 0xFF, 0xFF, 0xF0, 0x3F, 0xF0, 0x00, 0x0F, 0xFC, 0x00, 0x03, 0xFF, 0x00, 0x00,
    0xFF, 0xE0, 0x04, 0x2F, 0xFF, 0xFF, 0x03, 0xFF, 0xFF, 0xC0, 0x7F, 0xFF, 0xF0, 0x02, 0xFF, 0xE4,
    0x00, 0x00, 0x00, 0x00, 0x00, 0x00, 0xBF, 0x80, 0x2F, 0x00, 0x02, 0xFF, 0xF9, 0xBE, 0x00, 0x03,
    0xFF, 0xFF, 0xFD, 0x00, 0x0B, 0xE5, 0xFF, 0xF8, 0x00, 0x0F, 0xC0, 0x1F, 0xD0, 0x00, 0x00, 0x00,
    0x00, 0x00, 0x00, 0x00, 0x00, 0x00, 0x00, 0x00, 0xFF, 0xC0, 0x00, 0x03, 0xFF, 0xFF, 0xC0, 0x00,
    0x03, 0xFF, 0xFF, 0xC0, 0x00, 0x03, 0xFF, 0xFF, 0xC0, 0x00, 0x03, 0xFF, 0xFF, 0xC0, 0x00, 0x03,
    0xFF, 0xFF, 0xC0, 0x00, 0x03, 0xFF, 0xFF, 0xC0, 0x00, 0x03, 0xFF, 0xFF, 0xC0, 0x00, 0x03, 0xFF,
    0xFF, 0xC0, 0x00, 0x03, 0xFF, 0xFF, 0xC0, 0x00, 0x03, 0xFF, 0xFF, 0xC0, 0x00, 0x03, 0xFF, 0xFF,
    0xC0, 0x00, 0x03, 0xFF, 0xFF, 0xC0, 0x00, 0x03, 0xFF, 0xFF, 0xC0, 0x00, 0x03, 0xFF, 0xFF, 0xC0,
    0x00, 0x03, 0xFF, 0xFF, 0xC0, 0x00, 0x03, 0xFF, 0xFF, 0xD0, 0x00, 0x07, 0xFF, 0xFF, 0xE0, 0x00,
    0x0B, 0xFF, 0x7F, 0xF0, 0x00, 0x0F, 0xFD, 0x3F, 0xFD, 0x00, 0x7F, 0xFC, 0x1F, 0xFF, 0xFF, 0xFF,
    0xF4, 0x0B, 0xFF, 0xFF, 0xFF, 0xD0, 0x01, 0xFF, 0xFF, 0xFF, 0x40, 0x00, 0x1B, 0xFF, 0xE4, 0x00,
    0x00, 0x00, 0x00, 0x00, 0x00, 0x2F, 0xE0, 0x0F, 0x40, 0x3F, 0xFF, 0x9F, 0xD0, 0x1F, 0xFF, 0xFF,
    0xF0, 0x0F, 0xD6, 0xFF, 0xF4, 0x03, 0xE0, 0x0B, 0xE0, 0x00, 0x00, 0x00, 0x00, 0x00, 0x00, 0x00,
    0x00, 0x00, 0xFF, 0xC0, 0x00, 0xFF, 0xFF, 0xF0, 0x00, 0x3F, 0xFF, 0xFC, 0x00, 0x0F, 0xFF, 0xFF,
    0x00, 0x03, 0xFF, 0xFF, 0xC0, 0x00, 0xFF, 0xFF, 0xF0, 0x00, 0x3F, 0xFF, 0xFC, 0x00, 0x0F, 0xFF,
    0xFF, 0x00, 0x03, 0xFF, 0xFF, 0xC0, 0x00, 0xFF, 0xFF, 0xF0, 0x00, 0x3F, 0xFF, 0xFC, 0x00, 0x0F,
    0xFF, 0xFF, 0x00, 0x07, 0xFF, 0xFF, 0xD0, 0x02, 0xFF, 0xFF, 0xF8, 0x00, 0xFF, 0xFB, 0xFF, 0x40,
    0xFF, 0xFD, 0xFF, 0xFF, 0xFF, 0xFF, 0x3F, 0xFF, 0xFF, 0x7F, 0xC3, 0xFF, 0xFF, 0x1F, 0xF0, 0x1F,
    0xFD, 0x03, 0xFC, 0x00, 0xFF, 0xFF, 0xFC, 0x00, 0x00, 0xFF, 0xFF, 0xFC, 0x00, 0x00, 0xFF, 0xFF,
    0xFC, 0x00, 0x00, 0xFF, 0xFF, 0xFC, 0x00, 0x00, 0x00, 0x00, 0x00, 0x00, 0x00, 0x00, 0x00, 0x00,
    0x00, 0xFF, 0xC0, 0x00, 0x03, 0xFF, 0xFF, 0xC0, 0x00, 0x03, 0xFF, 0xFF, 0xC0, 0x00, 0x03, 0xFF,
    0xFF, 0xC0, 0x00, 0x03, 0xFF, 0xFF, 0xC0, 0x00, 0x03, 0xFF, 0xFF, 0xC0, 0x00, 0x03, 0xFF, 0xFF,
    0xC0, 0x00, 0x03, 0xFF, 0xFF, 0xC0, 0x00, 0x03, 0xFF, 0xFF, 0xC0, 0x00, 0x03, 0xFF, 0xFF, 0xC0,
    0x00, 0x03, 0xFF, 0xFF, 0xC0, 0x00, 0x03, 0xFF, 0xFF, 0xC0, 0x00, 0x03, 0xFF, 0xFF, 0xC0, 0x00,
    0x03, 0xFF, 0xFF, 0xC0, 0x00, 0x03, 0xFF, 0xFF, 0xC0, 0x00, 0x03, 0xFF, 0xFF, 0xC0, 0x00, 0x03,
    0xFF, 0xFF, 0xD0, 0x00, 0x07, 0xFF, 0xFF, 0xE0, 0x00, 0x0B, 0xFF, 0x7F, 0xF0, 0x00, 0x0F, 0xFD,
    0x3F, 0xFD, 0x00, 0x7F, 0xFC, 0x1F, 0xFF, 0xFF, 0xFF, 0xF4, 0x0B, 0xFF, 0xFF, 0xFF, 0xD0, 0x01,
    0xFF, 0xFF, 0xFF, 0x40, 0x00, 0x1B, 0xFF, 0xE4, 0x00, 0x03, 0xFF, 0xFF, 0xF0, 0x00, 0xFF, 0xFF,
    0xFC, 0x00, 0x3F, 0xFF, 0xFF, 0x00, 0x0F, 0xFF, 0xFF, 0xC0, 0x00, 0x00, 0x00, 0x00, 0x3F, 0xF0,
    0x00, 0x3F, 0xFF, 0xFC, 0x00, 0x0F, 0xFF, 0xFF, 0x00, 0x03, 0xFF, 0xFF, 0xC0, 0x00, 0xFF, 0xFF,
    0xF0, 0x00, 0x3F, 0xFF, 0xFC, 0x00, 0x0F, 0xFF, 0xFF, 0x00, 0x03, 0xFF, 0xFF, 0xC0, 0x00, 0xFF,
    0xFF, 0xF0, 0x00, 0x3F, 0xFF, 0xFC, 0x00, 0x0F, 0xFF, 0xFF, 0x00, 0x03, 0xFF, 0xFF, 0xC0, 0x01,
    0xFF, 0xFF, 0xF4, 0x00, 0xBF, 0xFF, 0xFE, 0x00, 0x3F, 0xFE, 0xFF, 0xD0, 0x3F, 0xFF, 0x7F, 0xFF,
    0xFF, 0xFF, 0xCF, 0xFF, 0xFF, 0xEF, 0xF0, 0xFF, 0xFF, 0xC7, 0xFC, 0x07, 0xFF, 0x40, 0xFF, 0x00,
    0x64, 0x00, 0x0A, 0x40, 0x00, 0xFD, 0x00, 0x2F, 0xC0, 0x00, 0xBF, 0xFF, 0xFF, 0x80, 0x00, 0x3F,
    0xFF, 0xFF, 0x00, 0x00, 0x1F, 0xFF, 0xFC, 0x00, 0x00, 0x02, 0xFF, 0xD0, 0x00, 0x00, 0x00, 0x00,
    0x00, 0x00, 0x00, 0x00, 0x00, 0x00, 0x00, 0x00, 0x00, 0x00, 0x00, 0x00, 0xFF, 0xC0, 0x00, 0x03,
    0xFF, 0xFF, 0xC0, 0x00, 0x03, 0xFF, 0xFF, 0xC0, 0x00, 0x03, 0xFF, 0xFF, 0xC0, 0x00, 0x03, 0xFF,
    0xFF, 0xC0, 0x00, 0x03, 0xFF, 0xFF, 0xC0, 0x00, 0x03, 0xFF, 0xFF, 0xC0, 0x00, 0x03, 0xFF, 0xFF,
    0xC0, 0x00, 0x03, 0xFF, 0xFF, 0xC0, 0x00, 0x03, 0xFF, 0xFF, 0xC0, 0x00, 0x03, 0xFF, 0xFF, 0xC0,
    0x00, 0x03, 0xFF, 0xFF, 0xC0, 0x00, 0x03, 0xFF, 0xFF, 0xC0, 0x00, 0x03, 0xFF, 0xFF, 0xC0, 0x00,
    0x03, 0xFF, 0xFF, 0xC0, 0x00, 0x03, 0xFF, 0xFF, 0xC0, 0x00, 0x03, 0xFF, 0xFF, 0xD0, 0x00, 0x07,
    0xFF, 0xFF, 0xE0, 0x00, 0x0B, 0xFF, 0x7F, 0xF0, 0x00, 0x0F, 0xFD, 0x3F, 0xFD, 0x00, 0x7F, 0xFC,
    0x1F, 0xFF, 0xFF, 0xFF, 0xF4, 0x0B, 0xFF, 0xFF, 0xFF, 0xD0, 0x01, 0xFF, 0xFF, 0xFF, 0x40, 0x00,
    0x1B, 0xFF, 0xE4, 0x00, 0x0F, 0xD0, 0x00, 0xBC, 0x03, 0xFD, 0x00, 0xBF, 0x00, 0xBF, 0xFF, 0xFF,
    0x40, 0x0F, 0xFF, 0xFF, 0xC0, 0x00, 0xFF, 0xFF, 0x80, 0x00, 0x06, 0xFE, 0x40, 0x00, 0x00, 0x00,
    0x00, 0x03, 0xFF, 0x00, 0x03, 0xFF, 0xFF, 0xC0, 0x00, 0xFF, 0xFF, 0xF0, 0x00, 0x3F, 0xFF, 0xFC,
    0x00, 0x0F, 0xFF, 0xFF, 0x00, 0x03, 0xFF, 0xFF, 0xC0, 0x00, 0xFF, 0xFF, 0xF0, 0x00, 0x3F, 0xFF,
    0xFC, 0x00, 0x0F, 0xFF, 0xFF, 0x00, 0x03, 0xFF, 0xFF, 0xC0, 0x00, 0xFF, 0xFF, 0xF0, 0x00, 0x3F,
    0xFF, 0xFC, 0x00, 0x1F, 0xFF, 0xFF, 0x40, 0x0B, 0xFF, 0xFF, 0xE0, 0x03, 0xFF, 0xEF, 0xFD, 0x03,
    0xFF, 0xF7, 0xFF, 0xFF, 0xFF, 0xFC, 0xFF, 0xFF, 0xFE, 0xFF, 0x0F, 0xFF, 0xFC, 0x7F, 0xC0, 0x7F,
    0xF4, 0x0F, 0xF0, 0x00, 0x01, 0xFE, 0x00, 0x00, 0x00, 0x07, 0xFF, 0xC0, 0x00, 0x00, 0x0F, 0x8B,
    0xE0, 0x00, 0x00, 0x0F, 0x03, 0xF0, 0x00, 0x00, 0x0F, 0x03, 0xF0, 0x00, 0x00, 0x0F, 0x4B, 0xE0,
    0x00, 0x00, 0x0B, 0xFF, 0xC0, 0x00, 0x00, 0x02, 0xFF, 0x00, 0x00, 0x00, 0x00, 0x00, 0x00, 0x00,
    0x00, 0x00, 0x00, 0x00, 0x00, 0x00, 0x00, 0x00, 0x00, 0x00, 0xFF, 0xC0, 0x00, 0x03, 0xFF, 0xFF,
    0xC0, 0x00, 0x03, 0xFF, 0xFF, 0xC0, 0x00, 0x03, 0xFF, 0xFF, 0xC0, 0x00, 0x03, 0xFF, 0xFF, 0xC0,
    0x00, 0x03, 0xFF, 0xFF, 0xC0, 0x00, 0x03, 0xFF, 0xFF, 0xC0, 0x00, 0x03, 0xFF, 0xFF, 0xC0, 0x00,
    0x03, 0xFF, 0xFF, 0xC0, 0x00, 0x03, 0xFF, 0xFF, 0xC0, 0x00, 0x03, 0xFF, 0xFF, 0xC0, 0x00, 0x03,
    0xFF, 0xFF, 0xC0, 0x00, 0x03, 0xFF, 0xFF, 0xC0, 0x00, 0x03, 0xFF, 0xFF, 0xC0, 0x00, 0x03, 0xFF,
    0xFF, 0xC0, 0x00, 0x03, 0xFF, 0xFF, 0xC0, 0x00, 0x03, 0xFF, 0xFF, 0xD0, 0x00, 0x07, 0xFF, 0xFF,
    0xE0, 0x00, 0x0B, 0xFF, 0x7F, 0xF0, 0x00, 0x0F, 0xFD, 0x3F, 0xFD, 0x00, 0x7F, 0xFC, 0x1F, 0xFF,
    0xFF, 0xFF, 0xF4, 0x0B, 0xFF, 0xFF, 0xFF, 0xD0, 0x01, 0xFF, 0xFF, 0xFF, 0x40, 0x00, 0x1B, 0xFF,
    0xE4, 0x00, 0x00, 0x07, 0xF8, 0x00, 0x00, 0x07, 0xFF, 0xC0, 0x00, 0x03, 0xE2, 0xF8, 0x00, 0x00,
    0xF0, 0x3F, 0x00, 0x00, 0x3C, 0x0F, 0xC0, 0x00, 0x0F, 0x8B, 0xE0, 0x00, 0x01, 0xFF, 0xF0, 0x00,
    0x00, 0x1F, 0xE0, 0x00, 0x00, 0x00, 0x00, 0x00, 0x00, 0x00, 0x00, 0x00, 0x0F, 0xFC, 0x00, 0x0F,
    0xFF, 0xFF, 0x00, 0x03, 0xFF, 0xFF, 0xC0, 0x00, 0xFF, 0xFF, 0xF0, 0x00, 0x3F, 0xFF, 0xFC, 0x00,
    0x0F, 0xFF, 0xFF, 0x00, 0x03, 0xFF, 0xFF, 0xC0, 0x00, 0xFF, 0xFF, 0xF0, 0x00, 0x3F, 0xFF, 0xFC,
    0x00, 0x0F, 0xFF, 0xFF, 0x00, 0x03, 0xFF, 0xFF, 0xC0, 0x00, 0xFF, 0xFF, 0xF0, 0x00, 0x7F, 0xFF,
    0xFD, 0x00, 0x2F, 0xFF, 0xFF, 0x80, 0x0F, 0xFF, 0xBF, 0xF4, 0x0F, 0xFF, 0xDF, 0xFF, 0xFF, 0xFF,
    0xF3, 0xFF, 0xFF, 0xF7, 0xFC, 0x3F, 0xFF, 0xF0, 0xFF, 0x01, 0xFF, 0xD0, 0x3F, 0xC0, 0x00, 0x3F,
    0xF4, 0xFF, 0xC0, 0x00, 0xBF, 0xD3, 0xFF, 0x00, 0x00, 0xFF, 0x4B, 0xFC, 0x00, 0x03, 0xFC, 0x1F,
    0xE0, 0x00, 0x0B, 0xE0, 0x3F, 0x40, 0x00, 0x00, 0x00, 0x00, 0x00, 0x00, 0x00, 0x00, 0x00, 0x00,
    0x00, 0x00, 0x00, 0x00, 0x00, 0x00, 0xFF, 0xC0, 0x00, 0x03, 0xFF, 0xFF, 0xC0, 0x00, 0x03, 0xFF,
    0xFF, 0xC0, 0x00, 0x03, 0xFF, 0xFF, 0xC0, 0x00, 0x03, 0xFF, 0xFF, 0xC0, 0x00, 0x03, 0xFF, 0xFF,
    0xC0, 0x00, 0x03, 0xFF, 0xFF, 0xC0, 0x00, 0x03, 0xFF, 0xFF, 0xC0, 0x00, 0x03, 0xFF, 0xFF, 0xC0,
    0x00, 0x03, 0xFF, 0xFF, 0xC0, 0x00, 0x03, 0xFF, 0xFF, 0xC0, 0x00, 0x03, 0xFF, 0xFF, 0xC0, 0x00,
    0x03, 0xFF, 0xFF, 0xC0, 0x00, 0x03, 0xFF, 0xFF, 0xC0, 0x00, 0x03, 0xFF, 0xFF, 0xC0, 0x00, 0x03,
    0xFF, 0xFF, 0xC0, 0x00, 0x03, 0xFF, 0xFF, 0xD0, 0x00, 0x07, 0xFF, 0xFF, 0xE0, 0x00, 0x0B, 0xFF,
    0x7F, 0xF0, 0x00, 0x0F, 0xFD, 0x3F, 0xFD, 0x00, 0x7F, 0xFC, 0x1F, 0xFF, 0xFF, 0xFF, 0xF4, 0x0B,
    0xFF, 0xFF, 0xFF, 0xD0, 0x01, 0xFF, 0xFF, 0xFF, 0x40, 0x00, 0x1B, 0xFF, 0xE4, 0x00, 0x00, 0xFF,
    0xCB, 0xFD, 0x00, 0xFF, 0xC7, 0xFE, 0x00, 0x7F, 0xC3, 0xFD, 0x00, 0x3F, 0x82, 0xFC, 0x00, 0x3F,
    0x41, 0xF8, 0x00, 0x00, 0x00, 0x00, 0x00, 0x00, 0x00, 0x00, 0x00, 0x03, 0xFF, 0x00, 0x03, 0xFF,
    0xFF, 0xC0, 0x00, 0xFF, 0xFF, 0xF0, 0x00, 0x3F, 0xFF, 0xFC, 0x00, 0x0F, 0xFF, 0xFF, 0x00, 0x03,
    0xFF, 0xFF, 0xC0, 0x00, 0xFF, 0xFF, 0xF0, 0x00, 0x3F, 0xFF, 0xFC, 0x00, 0x0F, 0xFF, 0xFF, 0x00,
    0x03, 0xFF, 0xFF, 0xC0, 0x00, 0xFF, 0xFF, 0xF0, 0x00, 0x3F, 0xFF, 0xFC, 0x00, 0x1F, 0xFF, 0xFF,
    0x40, 0x0B, 0xFF, 0xFF, 0xE0, 0x03, 0xFF, 0xEF, 0xFD, 0x03, 0xFF, 0xF7, 0xFF, 0xFF, 0xFF, 0xFC,
    0xFF, 0xFF, 0xFD, 0xFF, 0x0F, 0xFF, 0xFC, 0x7F, 0xC0, 0x7F, 0xF4, 0x0F, 0xF0, 0xFF, 0xC0, 0x00,
    0x03, 0xFF, 0xFF, 0xC0, 0x00, 0x03, 0xFF, 0xFF, 0xC0, 0x00, 0x03, 0xFF, 0xFF, 0xC0, 0x00, 0x03,
    0xFF, 0xFF, 0xC0, 0x00, 0x03, 0xFF, 0xFF, 0xC0, 0x00, 0x03, 0xFF, 0xFF, 0xC0, 0x00, 0x03, 0xFF,
    0xFF, 0xC0, 0x00, 0x03, 0xFF, 0xFF, 0xC0, 0x00, 0x03, 0xFF, 0xFF, 0xC0, 0x00, 0x03, 0xFF, 0xFF,
    0xC0, 0x00, 0x03, 0xFF, 0xFF, 0xC0, 0x00, 0x03, 0xFF, 0xFF, 0xC0, 0x00, 0x03, 0xFF, 0xFF, 0xC0,
    0x00, 0x03, 0xFF, 0xFF, 0xC0, 0x00, 0x03, 0xFF, 0xFF, 0xC0, 0x00, 0x03, 0xFF, 0xFF, 0xD0, 0x00,
    0x07, 0xFF, 0xFF, 0xE0, 0x00, 0x0B, 0xFF, 0x7F, 0xF0, 0x00, 0x0F, 0xFD, 0x3F, 0xFD, 0x00, 0x7F,
    0xFC, 0x1F, 0xFF, 0xFF, 0xFF, 0xF4, 0x0B, 0xFF, 0xFF, 0xFF, 0xD0, 0x01, 0xFF, 0xFF, 0xFF, 0x40,
    0x00, 0x1B, 0xFF, 0xFD, 0x00, 0x00, 0x00, 0x02, 0xF4, 0x00, 0x00, 0x00, 0x07, 0xE0, 0x00, 0x00,
    0x00, 0x0F, 0xC0, 0x00, 0x00, 0x00, 0x0F, 0xC0, 0x00, 0x00, 0x00, 0x0F, 0xE0, 0x00, 0x00, 0x00,
    0x0F, 0xFF, 0xC0, 0x00, 0x00, 0x03, 0xFF, 0xC0, 0x00, 0x00, 0x00, 0xBF, 0x80, 0xFF, 0xC0, 0x00,
    0xFF, 0xFF, 0xF0, 0x00, 0x3F, 0xFF, 0xFC, 0x00, 0x0F, 0xFF, 0xFF, 0x00, 0x03, 0xFF, 0xFF, 0xC0,
    0x00, 0xFF, 0xFF, 0xF0, 0x00, 0x3F, 0xFF, 0xFC, 0x00, 0x0F, 0xFF, 0xFF, 0x00, 0x03, 0xFF, 0xFF,
    0xC0, 0x00, 0xFF, 0xFF, 0xF0, 0x00, 0x3F, 0xFF, 0xFC, 0x00, 0x0F, 0xFF, 0xFF, 0x00, 0x07, 0xFF,
    0xFF, 0xD0, 0x02, 0xFF, 0xFF, 0xF8, 0x00, 0xFF, 0xFB, 0xFF, 0x40, 0xFF, 0xFD, 0xFF, 0xFF, 0xFF,
    0xFF, 0x3F, 0xFF, 0xFF, 0x7F, 0xC3, 0xFF, 0xFF, 0x1F, 0xF0, 0x1F, 0xFD, 0x03, 0xFC, 0x00, 0x00,
    0x03, 0xF8, 0x00, 0x00, 0x03, 0xF8, 0x00, 0x00, 0x02, 0xFC, 0x00, 0x00, 0x00, 0xFF, 0x00, 0x00,
    0x00, 0x3F, 0xC0, 0x00, 0x00, 0x0F, 0xFF, 0xC0, 0x00, 0x01, 0xFF, 0xF0, 0x00, 0x00, 0x0B, 0xF8,
    0x00, 0x00, 0x00, 0x3F, 0xFC, 0x00, 0x00, 0x00, 0x00, 0x00, 0x00, 0x2F, 0xFF, 0x80, 0x00, 0x00,
    0x00, 0x00, 0x00, 0x1F, 0xFF, 0xF4, 0x00, 0x00, 0x00, 0x00, 0x00, 0x1F, 0xF1, 0xFF, 0x40, 0x00,
    0x00, 0x00, 0x00, 0x0F, 0xF0, 0x0F, 0xF0, 0x00, 0x00, 0x00, 0x00, 0x06, 0x90, 0x00, 0x69, 0x00,
    0x00, 0x00, 0x00, 0x00, 0x00, 0x00, 0x00, 0x00, 0x00, 0x00, 0x00, 0x00, 0x00, 0x00, 0x00, 0x00,
    0x00, 0x00, 0xFF, 0xC0, 0x00, 0x1F, 0xF8, 0x00, 0x03, 0xFF, 0x2F, 0xF4, 0x00, 0x0B, 0xFF, 0x00,
    0x00, 0xFF, 0xC7, 0xFE, 0x00, 0x03, 0xFF, 0xC0, 0x00, 0x7F, 0xE0, 0xFF, 0xC0, 0x00, 0xFF, 0xF4,
    0x00, 0x2F, 0xF4, 0x3F, 0xF0, 0x00, 0x7F, 0xFE, 0x00, 0x0F, 0xFC, 0x0B, 0xFC, 0x00, 0x2F, 0xFF,
    0xC0, 0x03, 0xFF, 0x01, 0xFF, 0x40, 0x0F, 0xFF, 0xF0, 0x00, 0xFF, 0x80, 0x3F, 0xE0, 0x03, 0xFE,
    0xFD, 0x00, 0x7F, 0xD0, 0x0F, 0xFC, 0x01, 0xFE, 0x7F, 0x80, 0x2F, 0xF0, 0x02, 0xFF, 0x00, 0xBF,
    0x4F, 0xF0, 0x0F, 0xFC, 0x00, 0x7F, 0xD0, 0x3F, 0xC3, 0xFC, 0x03, 0xFE, 0x00, 0x0F, 0xF8, 0x0F,
    0xF0, 0xFF, 0x41, 0xFF, 0x40, 0x03, 0xFF, 0x07, 0xF8, 0x2F, 0xE0, 0xBF, 0xC0, 0x00, 0xBF, 0xC3,
    0xFD, 0x07, 0xFC, 0x3F, 0xF0, 0x00, 0x1F, 0xF4, 0xFF, 0x00, 0xFF, 0x0F, 0xF8, 0x00, 0x03, 0xFD,
    0x3F, 0xC0, 0x2F, 0xD7, 0xFD, 0x00, 0x00, 0xFF, 0x9F, 0xE0, 0x07, 0xF9, 0xFF, 0x00, 0x00, 0x2F,
    0xFB, 0xF4, 0x00, 0xFF, 0xBF, 0xC0, 0x00, 0x07, 0xFF, 0xFC, 0x00, 0x3F, 0xFF, 0xE0, 0x00, 0x00,
    0xFF, 0xFF, 0x00, 0x0B, 0xFF, 0xF4, 0x00, 0x00, 0x3F, 0xFF, 0x80, 0x01, 0xFF, 0xFC, 0x00, 0x00,
    0x0B, 0xFF, 0xD0, 0x00, 0x3F, 0xFF, 0x00, 0x00, 0x01, 0xFF, 0xF0, 0x00, 0x0F, 0xFF, 0x80, 0x00,
    0x00, 0x3F, 0xFC, 0x00, 0x02, 0xFF, 0xD0, 0x00, 0x00, 0x00, 0x01, 0xFF, 0xD0, 0x00, 0x00, 0x00,
    0x00, 0x01, 0xFF, 0xFC, 0x00, 0x00, 0x00, 0x00, 0x00, 0xFF, 0xFF, 0xC0, 0x00, 0x00, 0x00, 0x00,
    0xFF, 0x47, 0xFC, 0x00, 0x00, 0x00, 0x00, 0xFF, 0x00, 0x7F, 0xC0, 0x00, 0x00, 0x00, 0x00, 0x00,
    0x00, 0x00, 0x00, 0x00, 0x00, 0x00, 0x00, 0x00, 0x00, 0x00, 0x02, 0xFF, 0x40, 0x0B, 0xFF, 0x00,
    0x0F, 0xFC, 0x3F, 0xE0, 0x03, 0xFF, 0xD0, 0x03, 0xFF, 0x0F, 0xFC, 0x00, 0xFF, 0xF8, 0x01, 0xFF,
    0x82, 0xFF, 0x00, 0x7F, 0xFF, 0x00, 0xBF, 0xD0, 0x7F, 0xD0, 0x2F, 0xEF, 0xC0, 0x3F, 0xF0, 0x0F,
    0xF8, 0x0F, 0xF7, 0xF4, 0x0F, 0xF8, 0x03, 0xFF, 0x03, 0xF8, 0xFE, 0x07, 0xFD, 0x00, 0xBF, 0xC0,
    0xFD, 0x3F, 0xC2, 0xFF, 0x00, 0x1F, 0xF4, 0x7F, 0x0B, 0xF0, 0xFF, 0xC0, 0x03, 0xFE, 0x2F, 0xC1,
    0xFD, 0x3F, 0xE0, 0x00, 0xFF, 0xCF, 0xF0, 0x3F, 0x4F, 0xF4, 0x00, 0x2F, 0xF3, 0xF8, 0x0F, 0xE7,
    0xFC, 0x00, 0x03, 0xFD, 0xFD, 0x03, 0xFE, 0xFF, 0x00, 0x00, 0xFF, 0xBF, 0x00, 0xBF, 0xBF, 0x80,
    0x00, 0x2F, 0xFF, 0xC0, 0x1F, 0xFF, 0xC0, 0x00, 0x07, 0xFF, 0xE0, 0x03, 0xFF, 0xF0, 0x00, 0x00,
    0xFF, 0xF4, 0x00, 0xFF, 0xF8, 0x00, 0x00, 0x3F, 0xFC, 0x00, 0x2F, 0xFD, 0x00, 0x00, 0x0B, 0xFF,
    0x00, 0x0B, 0xFF, 0x00, 0x00, 0x00, 0x01, 0xFF, 0xD0, 0x00, 0x00, 0x00, 0xFF, 0xFC, 0x00, 0x00,
    0x00, 0xBF, 0xFF, 0xC0, 0x00, 0x00, 0xBF, 0xCF, 0xF8, 0x00, 0x00, 0x7F, 0xC0, 0xBF, 0x40, 0x00,
    0x3F, 0x80, 0x0B, 0xF0, 0x00, 0x00, 0x00, 0x00, 0x00, 0x00, 0x00, 0x00, 0x00, 0x00, 0x00, 0xBF,
    0xF0, 0x00, 0x03, 0xFF, 0x8F, 0xFD, 0x00, 0x01, 0xFF, 0xC2, 0xFF, 0xC0, 0x00, 0xBF, 0xE0, 0x3F,
    0xF4, 0x00, 0x3F, 0xF0, 0x07, 0xFF, 0x00, 0x2F, 0xF8, 0x00, 0xFF, 0xD0, 0x0F, 0xFC, 0x00, 0x1F,
    0xFC, 0x0B, 0xFE, 0x00, 0x03, 0xFF, 0x43, 0xFF, 0x00, 0x00, 0x7F, 0xE2, 0xFF, 0x40, 0x00, 0x0F,
    0xFD, 0xFF, 0xC0, 0x00, 0x01, 0xFF, 0xFF, 0xD0, 0x00, 0x00, 0x3F, 0xFF, 0xF0, 0x00, 0x00, 0x03,
    0xFF, 0xF4, 0x00, 0x00, 0x00, 0xBF, 0xF8, 0x00, 0x00, 0x00, 0x0F, 0xFC, 0x00, 0x00, 0x00, 0x03,
    0xFF, 0x00, 0x00, 0x00, 0x00, 0xFF, 0xC0, 0x00, 0x00, 0x00, 0x3F, 0xF0, 0x00, 0x00, 0x00, 0x0F,
    0xFC, 0x00, 0x00, 0x00, 0x03, 0xFF, 0x00, 0x00, 0x00, 0x00, 0xFF, 0xC0, 0x00, 0x00, 0x00, 0x3F,
    0xF0, 0x00, 0x00, 0x00, 0x0F, 0xFC, 0x00, 0x00, 0x00, 0x03, 0xFF, 0x00, 0x00, 0x00, 0x02, 0xFF,
    0xD0, 0x00, 0x00, 0x07, 0xFF, 0xF0, 0x00, 0x00, 0x1F, 0xFF, 0xFC, 0x00, 0x00, 0x3F, 0xD2, 0xFF,
    0x00, 0x00, 0xFF, 0x00, 0x7F, 0xC0, 0x00, 0x00, 0x00, 0x00, 0x00, 0x00, 0x00, 0x00, 0x00, 0x00,
    0x3F, 0xF4, 0x00, 0x07, 0xFE, 0x2F, 0xF8, 0x00, 0x0F, 0xFD, 0x0F, 0xFC, 0x00, 0x0F, 0xFC, 0x0F,
    0xFC, 0x00, 0x1F, 0xF8, 0x07, 0xFE, 0x00, 0x2F, 0xF0, 0x03, 0xFF, 0x00, 0x3F, 0xF0, 0x02, 0xFF,
    0x00, 0x7F, 0xD0, 0x01, 0xFF, 0x80, 0xBF, 0xC0, 0x00, 0xFF, 0xC0, 0xFF, 0xC0, 0x00, 0xBF, 0xC1,
    0xFF, 0x40, 0x00, 0x3F, 0xD2, 0xFF, 0x00, 0x00, 0x3F, 0xF3, 0xFE, 0x00, 0x00, 0x1F, 0xF3, 0xFD,
    0x00, 0x00, 0x0F, 0xFB, 0xFC, 0x00, 0x00, 0x0B, 0xFF, 0xF8, 0x00, 0x00, 0x03, 0xFF, 0xF0, 0x00,
    0x00, 0x03, 0xFF, 0xF0, 0x00, 0x00, 0x01, 0xFF, 0xD0, 0x00, 0x00, 0x00, 0xFF, 0xC0, 0x00, 0x00,
    0x00, 0xFF, 0x80, 0x00, 0x00, 0x02, 0xFF, 0x40, 0x00, 0x00, 0x03, 0xFF, 0x00, 0x00, 0x00, 0x1F,
    0xFE, 0x00, 0x00, 0x0F, 0xFF, 0xFC, 0x00, 0x00, 0x0F, 0xFF, 0xF4, 0x00, 0x00, 0x0F, 0xFF, 0xD0,
    0x00, 0x00, 0x0F, 0xFE, 0x00, 0x00, 0x00, 0x00, 0x1F, 0xD0, 0x7F, 0x40, 0x00, 0x03, 0xFF, 0x0F,
    0xFC, 0x00, 0x00, 0x3F, 0xF0, 0xFF, 0xC0, 0x00, 0x01, 0xFD, 0x07, 0xF0, 0x00, 0x00, 0x00, 0x00,
    0x00, 0x00, 0x00, 0x00, 0x00, 0x00, 0x00, 0x00, 0x00, 0x00, 0x00, 0x00, 0x00, 0x07, 0xFF, 0x00,
    0x00, 0x1F, 0xFC, 0x3F, 0xF8, 0x00, 0x03, 0xFF, 0x81, 0xFF, 0xC0, 0x00, 0x7F, 0xF0, 0x0F, 0xFE,
    0x00, 0x0F, 0xFE, 0x00, 0x7F, 0xF0, 0x01, 0xFF, 0xC0, 0x02, 0xFF, 0x80, 0x3F, 0xF4, 0x00, 0x0F,
    0xFC, 0x07, 0xFF, 0x00, 0x00, 0xBF, 0xE0, 0xFF, 0xC0, 0x00, 0x03, 0xFF, 0x1F, 0xF8, 0x00, 0x00,
    0x2F, 0xFB, 0xFF, 0x00, 0x00, 0x00, 0xFF, 0xFF, 0xE0, 0x00, 0x00, 0x0B, 0xFF, 0xFC, 0x00, 0x00,
    0x00, 0x3F, 0xFF, 0x40, 0x00, 0x00, 0x02, 0xFF, 0xF0, 0x00, 0x00, 0x00, 0x0F, 0xFD, 0x00, 0x00,
    0x00, 0x00, 0xFF, 0xC0, 0x00, 0x00, 0x00, 0x0F, 0xFC, 0x00, 0x00, 0x00, 0x00, 0xFF, 0xC0, 0x00,
    0x00, 0x00, 0x0F, 0xFC, 0x00, 0x00, 0x00, 0x00, 0xFF, 0xC0, 0x00, 0x00, 0x00, 0x0F, 0xFC, 0x00,
    0x00, 0x00, 0x00, 0xFF, 0xC0, 0x00, 0x00, 0x00, 0x0F, 0xFC, 0x00, 0x00, 0x00, 0x00, 0xFF, 0xC0,
    0x00, 0x00, 0x00, 0x00, 0x7F, 0xF4, 0x00, 0x00, 0x0F, 0xFD, 0x00, 0x00, 0x03, 0xFF, 0x40, 0x00,
    0x00, 0xBF, 0xC0, 0x00, 0x00, 0x1F, 0xE0, 0x00, 0x00, 0x01, 0xA4, 0x00, 0x00, 0x00, 0x00, 0x00,
    0x00, 0x00, 0x00, 0x00, 0x00, 0x00, 0xFF, 0xFF, 0xFF, 0xFF, 0xCF, 0xFF, 0xFF, 0xFF, 0xFC, 0xFF,
    0xFF, 0xFF, 0xFF, 0xCF, 0xFF, 0xFF, 0xFF, 0xF8, 0x00, 0x00, 0x07, 0xFF, 0x00, 0x00, 0x00, 0xFF,
    0xD0, 0x00, 0x00, 0x2F, 0xF8, 0x00, 0x00, 0x07, 0xFF, 0x00, 0x00, 0x00, 0xFF, 0xD0, 0x00, 0x00,
    0x2F, 0xF8, 0x00, 0x00, 0x03, 0xFF, 0x00, 0x00, 0x00, 0xFF, 0xD0, 0x00, 0x00, 0x2F, 0xF8, 0x00,
    0x00, 0x03, 0xFF, 0x00, 0x00, 0x00, 0xFF, 0xD0, 0x00, 0x00, 0x1F, 0xF8, 0x00, 0x00, 0x03, 0xFF,
    0x00, 0x00, 0x00, 0xFF, 0xD0, 0x00, 0x00, 0x1F, 0xF8, 0x00, 0x00, 0x03, 0xFF, 0x00, 0x00, 0x00,
    0xBF, 0xFF, 0xFF, 0xFF, 0xFF, 0xFF, 0xFF, 0xFF, 0xFF, 0xFF, 0xFF, 0xFF, 0xFF, 0xFF, 0xFF, 0xFF,
    0xFF, 0xFF, 0x00, 0x00, 0xFF, 0xE0, 0x00, 0x3F, 0xF8, 0x00, 0x0F, 0xFD, 0x00, 0x02, 0xFF, 0x00,
    0x00, 0xBF, 0x40, 0x00, 0x00, 0x00, 0x00, 0x00, 0x00, 0x00, 0x0F, 0xFF, 0xFF, 0xFF, 0xFF, 0xFF,
    0xFF, 0xFF, 0xFF, 0xFF, 0xFF, 0xFF, 0xFF, 0xFF, 0xF0, 0x00, 0x1F, 0xFC, 0x00, 0x03, 0xFF, 0x40,
    0x00, 0xBF, 0xE0, 0x00, 0x1F, 0xFC, 0x00, 0x03, 0xFF, 0x40, 0x00, 0xBF, 0xE0, 0x00, 0x1F, 0xFC,
    0x00, 0x03, 0xFF, 0x00, 0x00, 0xBF, 0xD0, 0x00, 0x1F, 0xF8, 0x00, 0x03, 0xFF, 0x00, 0x00, 0xBF,
    0xFF, 0xFF, 0xFF, 0xFF, 0xFF, 0xFF, 0xFF, 0xFF, 0xFF, 0xFF, 0xFF, 0xFF, 0xFF, 0x00, 0x01, 0xFC,
    0x00, 0x00, 0x00, 0x3F, 0xF0, 0x00, 0x00, 0x03, 0xFF, 0x00, 0x00, 0x00, 0x3F, 0xF0, 0x00, 0x00,
    0x01, 0xFC, 0x00, 0x00, 0x00, 0x00, 0x00, 0x00, 0x00, 0x00, 0x00, 0x00, 0x00, 0x00, 0x00, 0x00,
    0x00, 0xFF, 0xFF, 0xFF, 0xFF, 0xCF, 0xFF, 0xFF, 0xFF, 0xFC, 0xFF, 0xFF, 0xFF, 0xFF, 0xCF, 0xFF,
    0xFF, 0xFF, 0xF8, 0x00, 0x00, 0x03, 0xFF, 0x00, 0x00, 0x00, 0x7F, 0xE0, 0x00, 0x00, 0x0F, 0xFC,
    0x00, 0x00, 0x03, 0xFF, 0x40, 0x00, 0x00, 0xBF, 0xE0, 0x00, 0x00, 0x0F, 0xFC, 0x00, 0x00, 0x03,
    0xFF, 0x40, 0x00, 0x00, 0xBF, 0xF0, 0x00, 0x00, 0x1F, 0xFC, 0x00, 0x00, 0x03, 0xFF, 0x80, 0x00,
    0x00, 0xBF, 0xF0, 0x00, 0x00, 0x1F, 0xFD, 0x00, 0x00, 0x03, 0xFF, 0x80, 0x00, 0x00, 0xBF, 0xF0,
    0x00, 0x00, 0x1F, 0xFD, 0x00, 0x00, 0x03, 0xFF, 0xC0, 0x00, 0x00, 0xBF, 0xFF, 0xFF, 0xFF, 0xFF,
    0xFF, 0xFF, 0xFF, 0xFF, 0xFF, 0xFF, 0xFF, 0xFF, 0xFF, 0xFF, 0xFF, 0xFF, 0xFF, 0x00, 0x1F, 0xC0,
    0x00, 0x03, 0xFF, 0x00, 0x00, 0x3F, 0xF0, 0x00, 0x03, 0xFF, 0x00, 0x00, 0x1F, 0xC0, 0x00, 0x00,
    0x00, 0x00, 0x00, 0x00, 0x00, 0x0F, 0xFF, 0xFF, 0xFF, 0xFF, 0xFF, 0xFF, 0xFF, 0xFF, 0xFF, 0xFF,
    0xFF, 0xFF, 0xFF, 0xF0, 0x00, 0x0F, 0xFC, 0x00, 0x02, 0xFF, 0x80, 0x00, 0x7F, 0xF0, 0x00, 0x0F,
    0xFC, 0x00, 0x02, 0xFF, 0x80, 0x00, 0x7F, 0xF0, 0x00, 0x0F, 0xFC, 0x00, 0x03, 0xFF, 0x80, 0x00,
    0xBF, 0xF0, 0x00, 0x1F, 0xFD, 0x00, 0x03, 0xFF, 0x80, 0x00, 0xBF, 0xFF, 0xFF, 0xFF, 0xFF, 0xFF,
    0xFF, 0xFF, 0xFF, 0xFF, 0xFF, 0xFF, 0xFF, 0xFF, 0x0F, 0xF0, 0x01, 0xFF, 0x00, 0x3F, 0xD0, 0xBF,
    0xC0, 0x01, 0xFF, 0x6F, 0xF0, 0x00, 0x07, 0xFF, 0xFC, 0x00, 0x00, 0x2F, 0xFF, 0x40, 0x00, 0x00,
    0xAA, 0x90, 0x00, 0x00, 0x00, 0x00, 0x00, 0x00, 0x00, 0x00, 0x00, 0x00, 0xFF, 0xFF, 0xFF, 0xFF,
    0xCF, 0xFF, 0xFF, 0xFF, 0xFC, 0xFF, 0xFF, 0xFF, 0xFF, 0xCF, 0xFF, 0xFF, 0xFF, 0xF8, 0x00, 0x00,
    0x07, 0xFF, 0x00, 0x00, 0x00, 0xFF, 0xD0, 0x00, 0x00, 0x2F, 0xF8, 0x00, 0x00, 0x07, 0xFF, 0x00,
    0x00, 0x00, 0xFF, 0xD0, 0x00, 0x00, 0x2F, 0xF8, 0x00, 0x00, 0x03, 0xFF, 0x00, 0x00, 0x00, 0xFF,
    0xD0, 0x00, 0x00, 0x2F, 0xF8, 0x00, 0x00, 0x03, 0xFF, 0x00, 0x00, 0x00, 0xFF, 0xD0, 0x00, 0x00,
    0x1F, 0xF8, 0x00, 0x00, 0x03, 0xFF, 0x00, 0x00, 0x00, 0xFF, 0xD0, 0x00, 0x00, 0x1F, 0xF8, 0x00,
    0x00, 0x03, 0xFF, 0x00, 0x00, 0x00, 0xBF, 0xFF, 0xFF, 0xFF, 0xFF, 0xFF, 0xFF, 0xFF, 0xFF, 0xFF,
    0xFF, 0xFF, 0xFF, 0xFF, 0xFF, 0xFF, 0xFF, 0xFF, 0xFF, 0x40, 0x0B, 0xF0, 0xBF, 0x81, 0xFF, 0x40,
    0xFF, 0xEF, 0xF4, 0x00, 0xFF, 0xFF, 0x40, 0x00, 0xFF, 0xF8, 0x00, 0x00, 0x00, 0x00, 0x00, 0x00,
    0x00, 0x00, 0x3F, 0xFF, 0xFF, 0xFC, 0xFF, 0xFF, 0xFF, 0xF3, 0xFF, 0xFF, 0xFF, 0xCF, 0xFF, 0xFF,
    0xFF, 0x00, 0x00, 0x7F, 0xF0, 0x00, 0x03, 0xFF, 0x40, 0x00, 0x2F, 0xF8, 0x00, 0x01, 0xFF, 0xC0,
    0x00, 0x0F, 0xFD, 0x00, 0x00, 0xBF, 0xE0, 0x00, 0x07, 0xFF, 0x00, 0x00, 0x3F, 0xF0, 0x00, 0x02,
    0xFF, 0x40, 0x00, 0x1F, 0xF8, 0x00, 0x00, 0xFF, 0xC0, 0x00, 0x0B, 0xFF, 0xFF, 0xFF, 0x3F, 0xFF,
    0xFF, 0xFC, 0xFF, 0xFF, 0xFF, 0xF3, 0xFF, 0xFF, 0xFF, 0xC0, 0x02, 0xFF, 0xE4, 0x1F, 0xFF, 0xFC,
    0x7F, 0xFF, 0xF8, 0xBF, 0xFF, 0xF0, 0xFF, 0xE0, 0x10, 0xFF, 0xC0, 0x00, 0xFF, 0xC0, 0x00, 0xFF,
    0xC0, 0x00, 0xFF, 0xC0, 0x00, 0xFF, 0xC0, 0x00, 0xFF, 0xC0, 0x00, 0xFF, 0xC0, 0x00, 0xFF, 0xC0,
    0x00, 0xFF, 0xC0, 0x00, 0xFF, 0xC0, 0x00, 0xFF, 0xC0, 0x00, 0xFF, 0xC0, 0x00, 0xFF, 0xC0, 0x00,
    0xFF, 0xC0, 0x00, 0xFF, 0xC0, 0x00, 0xFF, 0xC0, 0x00, 0xFF, 0xC0, 0x00, 0xFF, 0xC0, 0x00, 0xFF,
    0xC0, 0x00, 0xFF, 0xC0, 0x00, 0xFF, 0xC0, 0x00, 0x6A, 0x90, 0x03, 0xFF, 0x80, 0x0F, 0xFD, 0x00,
    0x2F, 0xF0, 0x00, 0xBF, 0xC0, 0x01, 0xFE, 0x00, 0x2A, 0xA0, 0x03, 0xFF, 0x80, 0x2F, 0xF8, 0x01,
    0xFF, 0x40, 0x1F, 0xF0, 0x00, 0xFF, 0x00, 0x00, 0x00, 0x6A, 0x90, 0x00, 0x1F, 0xFF, 0x00, 0x03,
    0xFF, 0xFC, 0x00, 0xFF, 0xBF, 0xE0, 0x3F, 0xD0, 0xBF, 0x8B, 0xF4, 0x01, 0xFD, 0x02, 0xFE, 0x41,
    0xF4, 0x3F, 0xFF, 0xFF, 0xC1, 0xFF, 0xFF, 0xFF, 0x0F, 0xFF, 0xFF, 0xF0, 0x3E, 0x01, 0xFE, 0x00,
    0xFF, 0xFF, 0xFF, 0xFF, 0xFF, 0xFF, 0xFF, 0xFF, 0xFF, 0xFF, 0xFF, 0xFF, 0xFF, 0xFF, 0xFF, 0xFF,
    0xFF, 0xFF, 0xFF, 0xFF, 0xFF, 0xFF, 0xFF, 0xFF, 0xFF, 0x64, 0x00, 0x06, 0x7F, 0x40, 0x0B, 0xFB,
    0xFF, 0xFF, 0xF8, 0xFF, 0xFF, 0xFC, 0x1F, 0xFF, 0xFC, 0x00, 0xBF, 0xE4, 0x00, 0x3F, 0x4F, 0xFC,
    0xFF, 0xCF, 0xFC, 0x3F, 0x40, 0x3F, 0x41, 0xFC, 0xFF, 0xC3, 0xFF, 0xFF, 0xC3, 0xFF, 0x7F, 0x41,
    0xFD, 0x6F, 0xE0, 0xBF, 0xFD, 0xBF, 0xFF, 0x01, 0xFF, 0x00, 0xFF, 0x07, 0xFD, 0x0F, 0xF4, 0x0F,
    0xC0, 0x1F, 0xE0, 0x7F, 0xFC, 0xF8, 0xBF, 0xF0, 0x3F, 0xF0, 0x3F, 0xF8, 0xBF, 0x7F, 0xFC, 0x1F,
    0xE0, 0x01, 0xFF, 0x8F, 0xFC, 0x03, 0xFE, 0x2F, 0xF0, 0x0F, 0xF8, 0x7F, 0xC0, 0x2F, 0xD0, 0xFE,
    0x00, 0x3F, 0x02, 0xF4, 0x00, 0x69, 0x00, 0x02, 0xA1, 0xFF, 0x00, 0x7F, 0xC1, 0xFF, 0x4B, 0xFC,
    0x02, 0xFF, 0xFF, 0xC0, 0x02, 0xFF, 0xFC, 0x00, 0x03, 0xFF, 0xD0, 0x00, 0xFF, 0xFF, 0xFF, 0xFF,
    0xF0, 0xFC, 0x0F, 0xFF, 0x03, 0xFF, 0xC0, 0xFF, 0xF0, 0x3F, 0xFC, 0x0F, 0xFF, 0x03, 0xF0, 0xFF,
    0xC7, 0xFD, 0x03, 0xFD, 0x2F, 0xF0, 0x0F, 0xF0, 0xBF, 0x80, 0x3F, 0x82, 0xFC, 0x00, 0xFD, 0x07,
    0xF0, 0x00, 0x7D, 0x00, 0x00, 0xFF, 0x00, 0x14, 0xFF, 0x05, 0x7C, 0x7D, 0x3F, 0x3E, 0x00, 0xBE,
    0x3F, 0xFF, 0xFD, 0x0F, 0xFF, 0xF4, 0x02, 0xFF, 0x80, 0x01, 0xBF, 0x90, 0x02, 0xFF, 0xFF, 0x02,
    0xFF, 0xFF, 0xF1, 0xFF, 0xFF, 0xFD, 0xBF, 0x40, 0x2F, 0xBF, 0x00, 0x03, 0xF0, 0x02, 0xFC, 0x03,
    0xFC, 0x07, 0xF8, 0x0F, 0xF4, 0x0F, 0xF0, 0x2F, 0xF0, 0x3F, 0xF0, 0x3F, 0xE0, 0x0B, 0xFC, 0x0F,
    0xFC, 0x0F, 0xF8, 0x0F, 0xF0, 0x1F, 0xF0, 0x2F, 0xD0, 0x3F, 0xC0, 0x3F, 0x80, 0x3F, 0xE0, 0x3F,
    0xF0, 0x2F, 0xF0, 0x0F, 0xF0, 0x0F, 0xF4, 0x07, 0xF8, 0x03, 0xFC, 0x02, 0xFC, 0x0B, 0xFC, 0x0F,
    0xFC, 0x0F, 0xF8, 0x0F, 0xF0, 0x1F, 0xF0, 0x2F, 0xD0, 0x3F, 0xC0, 0x3F, 0x80, 0x2A, 0xA0, 0x00,
    0xBF, 0xF0, 0x00, 0xBF, 0xE0, 0x00, 0x7F, 0xD0, 0x00, 0x7F, 0xD0, 0x00, 0x3F, 0xC0, 0x00, 0x6A,
    0x90, 0x1F, 0xFC, 0x07, 0xFF, 0x00, 0xFF, 0xC0, 0x3F, 0xE0, 0x0B, 0xF4, 0x00, 0x00, 0xF0, 0x03,
    0xC0, 0x0F, 0x2F, 0xFC, 0xBF, 0xF0, 0x03, 0xC0, 0x0F, 0x00, 0xF0, 0x0F, 0x00, 0xF0, 0x0F, 0xFF,
    0xFF, 0xFF, 0x00, 0xF0, 0x00, 0x00, 0x00, 0x3F, 0xFF, 0xCF, 0xFF, 0xF0, 0x00, 0x3C, 0x00, 0x0F,
    0x00, 0x03, 0xC0, 0x00, 0xF0, 0x00, 0x3C, 0x00, 0x0F, 0x00, 0x03, 0xFF, 0x00, 0xFF, 0xC0, 0x7F,
    0xE0, 0x3F, 0xF0, 0xBF, 0xF8, 0x3F, 0xF8, 0x0F, 0xE4, 0x01, 0x40, 0x00, 0x1F, 0x7F, 0xFC, 0xF0,
    0xF0, 0xFC, 0x7F, 0x0F, 0x02, 0x80, 0x0F, 0x00, 0x3C, 0x00, 0xF0, 0xFF, 0xFF, 0xFF, 0xF0, 0x00,
    0x03, 0xFF, 0xFF, 0xFF, 0xC0, 0xF0, 0x03, 0xC0, 0x0F, 0x00, 0x28, 0x00, 0x03, 0xC0, 0x0F, 0x00,
    0x3C, 0x3F, 0xFF, 0xFF, 0xFC, 0x0F, 0x00, 0x3C, 0x00, 0x00, 0x03, 0xFF, 0xFF, 0xFF, 0xC0, 0x00,
    0xFF, 0x00, 0xFF, 0x00, 0xFF, 0x00, 0xFF, 0x00, 0xFF, 0x01, 0xFF, 0xBF, 0xFF, 0xBF, 0xFD, 0xBF,
    0xFC, 0x7F, 0xE0, 0xFF, 0x00, 0xFF, 0x00, 0xFF, 0x00, 0xFF, 0x00, 0xFF, 0x00, 0xFF, 0x40, 0xFF,
    0xFE, 0xBF, 0xFE, 0x3F, 0xFE, 0x0B, 0xFD, 0x3F, 0x4F, 0xFC, 0xFF, 0xCF, 0xFC, 0x3F, 0x40, 0x3F,
    0x41, 0xFC, 0xFF, 0xC3, 0xFF, 0xFF, 0xC3, 0xFF, 0x7F, 0x41, 0xFD, 0x1F, 0xE0, 0x7F, 0xFC, 0xF8,
    0xBF, 0xF0, 0x3F, 0xF0, 0x3F, 0xF8, 0xBF, 0x7F, 0xFC, 0x1F, 0xE0, 0x3F, 0xE3, 0xFC, 0x7F, 0x8B,
    0xF0, 0xFD, 0x00, 0x0F, 0xC0, 0x1F, 0xE0, 0x1B, 0xFD, 0x00, 0xFF, 0x00, 0xFF, 0xFF, 0xFF, 0xFF,
    0xFC, 0xBF, 0xE0, 0x01, 0x40, 0x2F, 0x82, 0xF8, 0x1F, 0xC0, 0xFE, 0x03, 0xFC, 0x0F, 0xFF, 0xDF,
    0xFF, 0x0B, 0xFC, 0xFF, 0xFF, 0xFF, 0xFF, 0xF0, 0x00, 0x00, 0x00, 0xFF, 0xFF, 0xFF, 0xFF, 0xFF,
    0xFF, 0xF0, 0x00, 0x0F, 0xF0, 0x00, 0x0F, 0xF0, 0x00, 0x0F, 0xF0, 0x00, 0x0F, 0xF0, 0x3C, 0x03,
    0xFC, 0x1F, 0x42, 0xE7, 0xFF, 0xFF, 0xF0, 0x7F, 0x4F, 0xE0, 0x69, 0x00, 0x01, 0xA0, 0xFF, 0x00,
    0x7F, 0xC0, 0xFF, 0x4B, 0xFC, 0x01, 0xFF, 0xFF, 0xC0, 0x02, 0xFF, 0xFD, 0x00, 0x03, 0xFF, 0xE0,
    0x00, 0x00, 0x6A, 0x90, 0x00, 0x1F, 0xFF, 0x00, 0x03, 0xFF, 0xFC, 0x00, 0xFF, 0xBF, 0xE0, 0x2F,
    0xE0, 0xBF, 0x8B, 0xF4, 0x01, 0xFD, 0x64, 0x00, 0x06, 0x7F, 0x40, 0x0B, 0xFB, 0xFF, 0xFF, 0xF8,
    0xFF, 0xFF, 0xFC, 0x1F, 0xFF, 0xFC, 0x00, 0xBF, 0xF4, 0x00, 0x01, 0xBF, 0x90, 0x02, 0xFF, 0xFF,
    0x02, 0xFF, 0xFF, 0xF1, 0xFF, 0xFF, 0xFD, 0xBF, 0x40, 0x2F, 0xBF, 0x00, 0x03, 0xF0, 0x07, 0xF9,
    0x03, 0xE1, 0xFF, 0xFF, 0xFE, 0x3F, 0xFF, 0xFF, 0xC7, 0xFF, 0xFF, 0xF8, 0xBC, 0x06, 0xFD, 0x00,
    0xFF, 0xFF, 0xFF, 0xFF, 0xFF, 0xFF, 0xFF, 0xFF, 0xFF, 0xFF, 0xFF, 0x00, 0x00, 0x00, 0x00, 0xFF,
    0xFF, 0xFF, 0xFF, 0xFF, 0xFF, 0xFF, 0xFF, 0xFF, 0xFF, 0xFF, 0xFF, 0xFF, 0xFF, 0xFF, 0x00, 0x00,
    0x00, 0x00, 0x00, 0x00, 0x00, 0x00, 0x00, 0x00, 0x0F, 0xFF, 0xFF, 0xFF, 0xFF, 0xFF, 0xFF, 0xF0,
    0x02, 0xFD, 0x02, 0xF0, 0x7F, 0xFF, 0xFF, 0xC3, 0xFF, 0xFF, 0xFD, 0x0F, 0xFF, 0xFF, 0xF0, 0x7D,
    0x06, 0xFE, 0x00, 0xFF, 0xFF, 0xFF, 0xFF, 0xFF, 0xFF, 0xFF, 0xFF, 0xFF, 0xFF, 0xFF, 0xFF, 0xFF,
    0xFF, 0xFF, 0xFF, 0xFF, 0xFF, 0xFF, 0xFF, 0xFF, 0xFF, 0xFF, 0xFF, 0xFF, 0xFF, 0xFF, 0xFF, 0xFF,
    0xFF, 0xFF, 0xFF, 0xFF, 0xFF, 0xFF, 0xFF, 0xFF, 0xFF, 0x00, 0x00, 0x00, 0x00, 0x00, 0x34, 0x00,
    0x02, 0xFC, 0x00, 0x1F, 0xFE, 0x00, 0xBF, 0xF8, 0x07, 0xFF, 0xD0, 0x7F, 0xFE, 0x00, 0xBF, 0xF0,
    0x00, 0x3F, 0x40, 0x00, 0x18, 0x00, 0x00, 0x00, 0x00, 0x00, 0x00, 0x00, 0x07, 0xF0, 0x00, 0x00,
    0xFD, 0x00, 0x00, 0x0F, 0xC0, 0x00, 0x02, 0xF8, 0x00, 0x00, 0x3F, 0x40, 0x00, 0x07, 0xF0, 0x00,
    0x00, 0xBD, 0x00, 0x00, 0x0F, 0xC0, 0x00, 0x01, 0xF8, 0x00, 0x00, 0x3F, 0x40, 0x00, 0x07, 0xF0,
    0x00, 0x00, 0xBE, 0x00, 0x00, 0x0F, 0xC0, 0x00, 0x01, 0xFC, 0x00, 0x00, 0x3F, 0x40, 0x00, 0x03,
    0xF0, 0x00, 0x00, 0xBE, 0x00, 0x00, 0x0F, 0xD0, 0x00, 0x01, 0xFC, 0x00, 0x00, 0x2F, 0x80, 0x00,
    0x03, 0xF0, 0x00, 0x00, 0x7F, 0x00, 0x00, 0x0F, 0xD0, 0x00, 0x00, 0xFC, 0x00, 0x00, 0x2F, 0x80,
    0x00, 0x03, 0xF0, 0x00, 0x00, 0x7F, 0x00, 0x00, 0x0F, 0xD0, 0x00, 0x00, 0x74, 0x2F, 0x42, 0xF0,
    0x3C, 0x0F, 0x0B, 0xCB, 0xD1, 0xD0, 0xF0, 0x00, 0x0F, 0xF0, 0x00, 0x0F, 0xF0, 0x00, 0x0F, 0xF0,
    0x00, 0x0F, 0xFF, 0xFF, 0xFF, 0xFF, 0xFF, 0xFF, 0xFF, 0xFF, 0xFF, 0xBF, 0xFF, 0xFF, 0xFF, 0x00,
    0x00, 0x3F, 0xC0, 0x00, 0x0F, 0xF0, 0x00, 0x03, 0xFF, 0xFF, 0xFF, 0xFF, 0xFF, 0xFF, 0xFC, 0x1B,
    0x82, 0xF8, 0x1F, 0xFF, 0xFF, 0xCF, 0x47, 0xE0, 0xBB, 0xC0, 0xF0, 0x0F, 0x00, 0x00, 0x3C, 0x3C,
    0x3F, 0xFC, 0x0F, 0xF0, 0x0F, 0xF0, 0x3F, 0xFC, 0x3C, 0x3C, 0x00, 0x00, 0x1F, 0x2F, 0xCF, 0x43,
    0xD0, 0x7C, 0x0B, 0x80, 0xF0, 0x7C, 0xFE, 0x3D, 0x00, 0xFF, 0xFF, 0xFF, 0xFF, 0xFF, 0xFF, 0xFF,
    0x00, 0x00, 0x00, 0x00, 0x00, 0x00, 0x00, 0x00, 0x00, 0x00, 0x0F, 0xFF, 0xFF, 0xFF, 0xFF, 0xFF,
    0xFF, 0xF0, 0x2A, 0xA4, 0x00, 0xBF, 0xF0, 0x00, 0xBF, 0xF0, 0x00, 0x7F, 0xE0, 0x00, 0x3F, 0xD0,
    0x00, 0x2F, 0xC0, 0x00, 0xAA, 0x90, 0x2F, 0xFC, 0x0B, 0xFE, 0x01, 0xFF, 0x80, 0x3F, 0xD0, 0x0F,
    0xF0, 0x00, 0x07, 0xFD, 0x03, 0xF1, 0xFF, 0xFF, 0xFE, 0x3F, 0xFF, 0xFF, 0xD7, 0xFF, 0xFF, 0xF8,
    0xBD, 0x06, 0xFD, 0x00, 0x54, 0x3F, 0xDF, 0xFC, 0x3F, 0x0F, 0x8B, 0xC0, 0x40, 0x00, 0x03, 0xFF,
    0x00, 0x1F, 0xD0, 0xFF, 0x8B, 0xDF, 0xFC, 0x7F, 0xC7, 0xFF, 0xFF, 0x2F, 0xE1, 0xFF, 0x7F, 0x4F,
    0xF0, 0x2F, 0x40, 0x03, 0xF4, 0x00, 0x00, 0xFF, 0x0F, 0xF0, 0xFF, 0x0F, 0xFF, 0xBF, 0xF2, 0xFE,
    0x00, 0x00, 0x00, 0x03, 0xFF, 0xFF, 0xFF, 0xCF, 0xFF, 0xFF, 0xFF, 0x3C, 0x00, 0x00, 0x3C, 0xF0,
    0x00, 0x00, 0xF3, 0xC0, 0x00, 0x03, 0xCA, 0x00, 0x00, 0x0A, 0x00, 0xFF, 0xFF, 0xFF, 0xFF, 0xFF,
    0xFF, 0xFF, 0x00, 0x00, 0x00, 0x00, 0x00, 0x00, 0x00, 0x00, 0x00, 0x00, 0x0F, 0xFF, 0xFF, 0xFF,
    0xFF, 0xFF, 0xFF, 0xF0, 0xFC, 0x0F, 0xFF, 0x03, 0xFF, 0xC0, 0xFF, 0xF0, 0x3F, 0xFC, 0x0F, 0xFF,
    0x03, 0xF0, 0x00, 0x03, 0xFF, 0xCF, 0xFF, 0x00, 0x3C, 0x00, 0xF0, 0x03, 0xC0, 0x0F, 0x00, 0x00,
    0x00, 0x00, 0x00, 0x00, 0x2D, 0x00, 0x07, 0xFB, 0xC3, 0xC1, 0xFF, 0xF8, 0xB8, 0x3E, 0x2F, 0xFF,
    0x43, 0xC3, 0xDF, 0xD0, 0x00, 0x74, 0x00, 0x00, 0x00, 0x00, 0x00, 0x00, 0x1F, 0x40, 0x00, 0x0F,
    0xF0, 0x00, 0x03, 0xFC, 0x00, 0x00, 0x7D, 0x00, 0x07, 0xF4, 0x07, 0xC3, 0xFF, 0x83, 0xF2, 0xFF,
    0xFF, 0xF8, 0xF8, 0x7F, 0xFC, 0x3C, 0x01, 0xFC, 0x00, 0x07, 0xD0, 0x00, 0x03, 0xFC, 0x00, 0x00,
    0xFF, 0x00, 0x00, 0x1F, 0x40, 0x00, 0x00, 0x00, 0x00, 0x1F, 0xFE, 0x7E, 0x7F, 0xFF, 0xFC, 0xB8,
    0x1B, 0xF4, 0x00, 0x00, 0x00, 0x0F, 0xE0, 0x1E, 0x3F, 0xFD, 0x3D, 0x7C, 0x7F, 0xFC, 0xB4, 0x07,
    0xF0, 0x00, 0x00, 0x00, 0x00, 0x30, 0x14, 0x00, 0x7C, 0x0B, 0x80, 0xBF, 0xFF, 0xFC, 0x1F, 0xFF,
    0xFF, 0x00, 0xF0, 0x2E, 0x00, 0x08, 0x05, 0x00, 0x00, 0x00, 0x00, 0x00, 0x00, 0x28, 0x02, 0xF8,
    0x1F, 0xF8, 0x0F, 0x00, 0x3C, 0x00, 0xF0, 0x03, 0xC0, 0xFF, 0xD0, 0x3F, 0xF0, 0x0F, 0xFF, 0xFF,
    0xD0, 0x3F, 0xF0, 0x0B, 0xFF, 0xF0, 0x00, 0x00, 0x00, 0x00, 0x0F, 0xF0, 0x00, 0x02, 0x80, 0x00,
    0x0F, 0xA0, 0x00, 0xB3, 0x8E, 0x00, 0x0A, 0x00, 0x0A, 0xA0, 0x0A, 0xA0, 0x00, 0x00, 0x0E, 0x00,
    0x00, 0xB0, 0x00, 0x00, 0x00, 0x00, 0x00, 0x00, 0x00, 0x00, 0xB0, 0x00, 0x00, 0x0E, 0x00, 0xF0,
    0xA0, 0x00, 0x00, 0x0A, 0x0F, 0xF0, 0x00, 0x00, 0x00, 0x00, 0x0F, 0xF0, 0xE0, 0x00, 0x00, 0x0B,
    0x0F, 0xF0, 0xA0, 0x00, 0x00, 0x0A, 0x0F, 0xF0, 0x00, 0x00, 0x00, 0x00, 0x0F, 0x00, 0xB0, 0x00,
    0x00, 0x0E, 0x00, 0x00, 0xA0, 0x00, 0x00, 0x0A, 0x00, 0x00, 0x0A, 0x00, 0x00, 0xA0, 0x00, 0x00,
    0x0E, 0x00, 0x00, 0xB0, 0x00, 0x50, 0x00, 0xB2, 0x8E, 0x00, 0x05, 0xF0, 0x00, 0xA3, 0x8A, 0x00,
    0x0F, 0xF0, 0x00, 0x00, 0x00, 0x00, 0x0F, 0xF0, 0x00, 0x00, 0x00, 0x00, 0x0F, 0xFF, 0xD0, 0x3F,
    0xF0, 0x0B, 0xFF, 0xFF, 0xD0, 0x3F, 0xF0, 0x0F, 0xFF, 0xD0, 0x0F, 0xD0, 0x2F, 0xD0, 0x7E, 0x2F,
    0xDF, 0xD0, 0xD0, 0x00, 0x0B, 0x7F, 0xFD, 0xFC, 0xFC, 0xFD, 0x3F, 0x0B, 0x02, 0xFF, 0x90, 0x1F,
    0xFF, 0xF8, 0x3F, 0xFF, 0xFD, 0xBE, 0x00, 0x7E, 0xFC, 0x7D, 0x1F, 0x54, 0xFF, 0x05, 0x00, 0xFF,
    0x00, 0x00, 0x7D, 0x00, 0x08, 0x20, 0x3E, 0xBC, 0x1F, 0xF4, 0x0F, 0xE0, 0x2F, 0xF8, 0x2D, 0x7C,
    0x04, 0x10, 0x00, 0x90, 0xBD, 0xFF, 0x4F, 0xC0, 0xFF, 0x40, 0xBD, 0x00, 0x90, 0xD0, 0x0F, 0xD0,
    0x2F, 0xD0, 0x7E, 0x2F, 0xDF, 0xD0, 0xD0, 0x00, 0xD0, 0x00, 0x64, 0x3F, 0x40, 0x3F, 0x02, 0xFD,
    0x1F, 0xC0, 0x1F, 0x8F, 0xB4, 0x2F, 0xD3, 0xCF, 0x3F, 0x82, 0xD3, 0xCD, 0x00, 0xF0, 0x78, 0x78,
    0x2F, 0xC2, 0xF8, 0x3F, 0x0F, 0xCB, 0xEB, 0xF1, 0xE0, 0x3F, 0x4F, 0xFC, 0xFF, 0xCF, 0xFC, 0x3F,
    0x40, 0x03, 0xC0, 0x23, 0xC8, 0x3F, 0xFC, 0x2F, 0xF8, 0x0F, 0xF0, 0x2E, 0xB8, 0x08, 0x20, 0x1F,
    0xD3, 0xF8, 0x1F, 0xFF, 0xFF, 0x8F, 0x03, 0xD0, 0xF3, 0xC0, 0xF0, 0x2C, 0xF0, 0x3D, 0x0F, 0x1F,
    0xFF, 0xFF, 0x81, 0xFD, 0x2F, 0x80, 0x0E, 0x00, 0x1D, 0x00, 0x2F, 0xFC, 0x3F, 0xFC, 0x00, 0x38,
    0x00, 0x74, 0x00, 0x60, 0x3F, 0x80, 0x00, 0x00, 0x00, 0x02, 0xFC, 0x1F, 0xF4, 0x00, 0x00, 0x00,
    0x1F, 0xF4, 0x0B, 0xFF, 0x90, 0x00, 0x06, 0xFF, 0xE0, 0x03, 0xFF, 0xFF, 0xFF, 0xFF, 0xFF, 0x80,
    0x00, 0xBF, 0xFF, 0xFF, 0xFF, 0xFE, 0x00, 0x00, 0x0B, 0xFF, 0xFF, 0xFF, 0xE0, 0x00, 0x00, 0x00,
    0x6B, 0xFF, 0xE9, 0x00, 0x00, 0x3F, 0x80, 0x00, 0x00, 0x00, 0x02, 0xFC, 0x1F, 0xF4, 0x00, 0x00,
    0x00, 0x1F, 0xF4, 0x0B, 0xFF, 0x90, 0x00, 0x06, 0xFF, 0xE0, 0x03, 0xFF, 0xFF, 0xFF, 0xFF, 0xFF,
    0x80, 0x00, 0xBF, 0xFF, 0xFF, 0xFF, 0xFE, 0x00, 0x00, 0x0B, 0xFF, 0xFF, 0xFF, 0xE0, 0x00, 0x00,
    0x00, 0x6B, 0xFF, 0xE9, 0x00, 0x00, 0x00, 0x00, 0x00, 0x00, 0x00, 0xFF, 0xFF, 0xFF, 0xFF, 0xFF,
    0xFF, 0xFF, 0xFF, 0xFF, 0xFF, 0x00, 0x00, 0x00, 0x00, 0x00, 0xFF, 0xFF, 0xFF, 0xFF, 0xFF, 0xFF,
    0xFF, 0xFF, 0xFF, 0xFF, 0x00, 0xBF, 0xF9, 0x40, 0x00, 0x00, 0x7C, 0x03, 0xFF, 0xFF, 0xFE, 0x90,
    0x01, 0xFC, 0x0F, 0xFF, 0xFF, 0xFF, 0xFF, 0xFF, 0xF8, 0x2F, 0xFF, 0xFF, 0xFF, 0xFF, 0xFF, 0xF0,
    0x3F, 0x80, 0x06, 0xFF, 0xFF, 0xFF, 0xD0, 0x3E, 0x00, 0x00, 0x01, 0xAF, 0xFE, 0x00, 0x00, 0x00,
    0x1B, 0xFF, 0xE4, 0x00, 0x00, 0x00, 0x07, 0xFF, 0xFF, 0xFF, 0xE0, 0x00, 0x00, 0x7F, 0xFF, 0xFF,
    0xFF, 0xFD, 0x00, 0x01, 0xFF, 0xFF, 0xFF, 0xFF, 0xFF, 0x80, 0x07, 0xFF, 0x94, 0x00, 0x17, 0xFF,
    0xE0, 0x0F, 0xF8, 0x00, 0x00, 0x00, 0x2F, 0xF0, 0x2F, 0xC0, 0x00, 0x00, 0x00, 0x07, 0xF8, 0x2A,
    0x00, 0x00, 0x00, 0x00, 0x00, 0xA8, 0x00, 0x00, 0x00, 0x00, 0x00, 0x00, 0x00, 0x00, 0x00, 0x00,
    0x00, 0x00, 0xB0, 0x00, 0x00, 0x00, 0x00, 0x00, 0x02, 0xF4, 0x3F, 0xFF, 0xFF, 0xFF, 0xFF, 0xFF,
    0xF8, 0xFF, 0xFF, 0xFF, 0xFF, 0xFF, 0xFF, 0xE0, 0x00, 0x00, 0x00, 0x00, 0x00, 0xBC, 0x00, 0x00,
    0x00, 0x00, 0x00, 0x02, 0x80, 0x00, 0x00, 0x00, 0x00, 0x00, 0x00, 0x00, 0x1B, 0xE0, 0x3E, 0xFC,
    0x00, 0x3C, 0x1B, 0xFC, 0xB8, 0x3C, 0xF0, 0x3C, 0xFE, 0xFC, 0x2A, 0x18, 0x00, 0x00, 0x2F, 0xF4,
    0x7D, 0x7C, 0xF4, 0x2D, 0xFF, 0xFD, 0xF5, 0x54, 0xB8, 0x00, 0x3F, 0xFC, 0x0A, 0xE4, 0xF3, 0xC0,
    0x3C, 0xF3, 0xCF, 0x3C, 0xF3, 0xC0, 0x0B, 0xE0, 0x3F, 0xFC, 0xF8, 0x2F, 0xF0, 0x0F, 0xF0, 0x0F,
    0xF8, 0x2F, 0x7F, 0xFD, 0x0F, 0xF4, 0xF0, 0x3C, 0xF0, 0x3C, 0xF0, 0x3C, 0xF0, 0x3C, 0xF4, 0x7C,
    0xFF, 0xFC, 0x3F, 0x6C, 0x0B, 0xE4, 0xFF, 0xDF, 0x80, 0x3C, 0x00, 0xF0, 0x03, 0xE0, 0x07, 0xFF,
    0x87, 0xFC, 0x00, 0x0F, 0x00, 0x0F, 0x00, 0x0F, 0x1B, 0x9F, 0x7F, 0xFF, 0xF8, 0x2F, 0xF0, 0x0F,
    0xF0, 0x0F, 0xF8, 0x2F, 0x7F, 0xFF, 0x1F, 0xCF, 0xF0, 0x00, 0xF0, 0x00, 0xF6, 0xE0, 0xFF, 0xFC,
    0xF8, 0x7C, 0xF0, 0x3C, 0xF0, 0x3C, 0xF0, 0x3C, 0xF0, 0x3C, 0xF0, 0x3C, 0xE2, 0xE0, 0xB8, 0x3F,
    0xFF, 0xFF, 0xCF, 0x87, 0xE1, 0xF3, 0xC0, 0xF0, 0x3C, 0xF0, 0x3C, 0x0F, 0x3C, 0x0F, 0x03, 0xCF,
    0x03, 0xC0, 0xF3, 0xC0, 0xF0, 0x3C, 0xE2, 0xDF, 0xFE, 0xFC, 0x0F, 0x00, 0xF0, 0x0F, 0x00, 0xF0,
    0x0F, 0x00, 0x1C, 0x07, 0xFC, 0xFF, 0xC3, 0xC0, 0x3C, 0x03, 0xC0, 0x3C, 0x03, 0xFC, 0x1F, 0xC0,
    0x64, 0x06, 0x6F, 0x03, 0xC3, 0xC1, 0xF0, 0xB4, 0xF4, 0x1F, 0x3C, 0x03, 0xEE, 0x00, 0x7F, 0x00,
    0x0F, 0x80, 0x2F, 0x0B, 0xC0, 0xB9, 0xF0, 0x03, 0xFD, 0x00, 0x1F, 0xC0, 0x03, 0xFE, 0x00, 0xF8,
    0xF4, 0x2F, 0x07, 0xC0, 0x2F, 0xFD, 0x00, 0x00, 0x7F, 0xF0, 0x00, 0x01, 0xFF, 0x80, 0x00, 0x07,
    0xFD, 0x00, 0x00, 0x0F, 0xF0, 0x00, 0x00, 0x2A, 0x40, 0x00, 0x00, 0x00, 0x00, 0x00, 0x00, 0x00,
    0xFF, 0xFF, 0xFF, 0xFF, 0xFF, 0xFF, 0xFF, 0xFF, 0xFF, 0xFF, 0xFF, 0xFF, 0xFF, 0xFF, 0xFF, 0xC0,
    0x00, 0x0F, 0xFC, 0x00, 0x00, 0xFF, 0xC0, 0x00, 0x0F, 0xFC, 0x00, 0x00, 0xFF, 0xC0, 0x00, 0x0F,
    0xFF, 0xFF, 0xFD, 0xFF, 0xFF, 0xFF, 0xEF, 0xFF, 0xFF, 0xFE, 0xFF, 0xFF, 0xFF, 0xEF, 0xFC, 0x00,
    0x00, 0xFF, 0xC0, 0x00, 0x0F, 0xFC, 0x00, 0x00, 0xFF, 0xC0, 0x00, 0x0F, 0xFC, 0x00, 0x00, 0xFF,
    0xC0, 0x00, 0x0F, 0xFC, 0x00, 0x00, 0xFF, 0xFF, 0xFF, 0xFF, 0xFF, 0xFF, 0xFF, 0xFF, 0xFF, 0xFF,
    0xFF, 0xFF, 0xFF, 0xFF, 0x0F, 0xC0, 0x3F, 0x03, 0xFF, 0x0F, 0xFC, 0x3F, 0xF0, 0xFF, 0xC3, 0xFF,
    0x0F, 0xFC, 0x0F, 0xC0, 0x3F, 0x00, 0x00, 0x00, 0x00, 0x00, 0x00, 0x00, 0x00, 0x00, 0x00, 0x00,
    0xFF, 0xFF, 0xFF, 0xFF, 0xFF, 0xFF, 0xFF, 0xFF, 0xFF, 0xFF, 0xFF, 0xFF, 0xFF, 0xFF, 0xFF, 0xC0,
    0x00, 0x0F, 0xFC, 0x00, 0x00, 0xFF, 0xC0, 0x00, 0x0F, 0xFC, 0x00, 0x00, 0xFF, 0xC0, 0x00, 0x0F,
    0xFF, 0xFF, 0xFD, 0xFF, 0xFF, 0xFF, 0xEF, 0xFF, 0xFF, 0xFE, 0xFF, 0xFF, 0xFF, 0xEF, 0xFC, 0x00,
    0x00, 0xFF, 0xC0, 0x00, 0x0F, 0xFC, 0x00, 0x00, 0xFF, 0xC0, 0x00, 0x0F, 0xFC, 0x00, 0x00, 0xFF,
    0xC0, 0x00, 0x0F, 0xFC, 0x00, 0x00, 0xFF, 0xFF, 0xFF, 0xFF, 0xFF, 0xFF, 0xFF, 0xFF, 0xFF, 0xFF,
    0xFF, 0xFF, 0xFF, 0xFF, 0xFF, 0xFF, 0xFF, 0xFF, 0xF0, 0x00, 0xFF, 0xFF, 0xFF, 0xFF, 0xF0, 0x00,
    0xFF, 0xFF, 0xFF, 0xFF, 0xF0, 0x00, 0xFF, 0xFF, 0xFF, 0xFF, 0xF0, 0x00, 0x00, 0x0F, 0xFC, 0x00,
    0x00, 0x00, 0x00, 0x0F, 0xFC, 0x00, 0x00, 0x00, 0x00, 0x0F, 0xFC, 0x00, 0x00, 0x00, 0x00, 0x0F,
    0xFC, 0x00, 0x00, 0x00, 0x00, 0x0F, 0xFC, 0x00, 0x00, 0x00, 0x00, 0x0F, 0xFD, 0xBF, 0xE4, 0x00,
    0x00, 0x0F, 0xFF, 0xFF, 0xFF, 0x40, 0x00, 0x0F, 0xFF, 0xFF, 0xFF, 0xD0, 0x00, 0x0F, 0xFF, 0xFF,
    0xFF, 0xF0, 0x00, 0x0F, 0xFD, 0x00, 0xBF, 0xF8, 0x00, 0x0F, 0xFC, 0x00, 0x2F, 0xFC, 0x00, 0x0F,
    0xFC, 0x00, 0x0F, 0xFC, 0x00, 0x0F, 0xFC, 0x00, 0x0F, 0xFC, 0x00, 0x0F, 0xFC, 0x00, 0x0F, 0xFC,
    0x00, 0x0F, 0xFC, 0x00, 0x1F, 0xFC, 0x00, 0x0F, 0xFC, 0x00, 0x3F, 0xF8, 0x00, 0x0F, 0xFC, 0x1F,
    0xFF, 0xF4, 0x00, 0x0F, 0xFC, 0x1F, 0xFF, 0xE0, 0x00, 0x0F, 0xFC, 0x1F, 0xFF, 0xC0, 0x00, 0x0F,
    0xFC, 0x1F, 0xF9, 0x00, 0x00, 0x00, 0xFF, 0xF0, 0x00, 0x0B, 0xFE, 0x00, 0x00, 0x7F, 0xE0, 0x00,
    0x03, 0xFE, 0x00, 0x00, 0x2F, 0xD0, 0x00, 0x00, 0xA9, 0x00, 0x00, 0x00, 0x00, 0x00, 0x00, 0x00,
    0x00, 0x00, 0xFF, 0xFF, 0xFF, 0xFB, 0xFF, 0xFF, 0xFF, 0xEF, 0xFF, 0xFF, 0xFF, 0xBF, 0xFF, 0xFF,
    0xFD, 0xFF, 0xC0, 0x00, 0x03, 0xFF, 0x00, 0x00, 0x0F, 0xFC, 0x00, 0x00, 0x3F, 0xF0, 0x00, 0x00,
    0xFF, 0xC0, 0x00, 0x03, 0xFF, 0x00, 0x00, 0x0F, 0xFC, 0x00, 0x00, 0x3F, 0xF0, 0x00, 0x00, 0xFF,
    0xC0, 0x00, 0x03, 0xFF, 0x00, 0x00, 0x0F, 0xFC, 0x00, 0x00, 0x3F, 0xF0, 0x00, 0x00, 0xFF, 0xC0,
    0x00, 0x03, 0xFF, 0x00, 0x00, 0x0F, 0xFC, 0x00, 0x00, 0x3F, 0xF0, 0x00, 0x00, 0xFF, 0xC0, 0x00,
    0x03, 0xFF, 0x00, 0x00, 0x0F, 0xFC, 0x00, 0x00, 0x3F, 0xF0, 0x00, 0x00, 0x00, 0x01, 0xBF, 0xFE,
    0x40, 0x00, 0xBF, 0xFF, 0xFF, 0xE0, 0x0F, 0xFF, 0xFF, 0xFF, 0x40, 0xFF, 0xFF, 0xFF, 0xFC, 0x0F,
    0xFF, 0x80, 0x06, 0xD0, 0xBF, 0xF0, 0x00, 0x00, 0x03, 0xFF, 0x00, 0x00, 0x00, 0x1F, 0xF8, 0x00,
    0x00, 0x00, 0xBF, 0xD0, 0x00, 0x00, 0x03, 0xFF, 0xFF, 0xFF, 0xF4, 0x0F, 0xFF, 0xFF, 0xFF, 0xE0,
    0x3F, 0xFF, 0xFF, 0xFF, 0x80, 0xFF, 0xFF, 0xFF, 0xFE, 0x03, 0xFF, 0x00, 0x00, 0x00, 0x0F, 0xFD,
    0x00, 0x00, 0x00, 0x2F, 0xF8, 0x00, 0x00, 0x00, 0x7F, 0xF0, 0x00, 0x00, 0x00, 0xFF, 0xD0, 0x00,
    0x00, 0x02, 0xFF, 0xD0, 0x00, 0x00, 0x03, 0xFF, 0xE4, 0x00, 0x6C, 0x07, 0xFF, 0xFF, 0xFF, 0xF0,
    0x07, 0xFF, 0xFF, 0xFF, 0xC0, 0x03, 0xFF, 0xFF, 0xFF, 0x00, 0x00, 0xBF, 0xFE, 0x90, 0x00, 0x1F,
    0xFF, 0x90, 0x00, 0x7F, 0xFF, 0xFF, 0x80, 0xBF, 0xFF, 0xFF, 0xE0, 0x7F, 0xFF, 0xFF, 0xF0, 0x2F,
    0xFC, 0x01, 0xB8, 0x0F, 0xFC, 0x00, 0x00, 0x03, 0xFF, 0x00, 0x00, 0x00, 0xFF, 0xD0, 0x00, 0x00,
    0x3F, 0xFE, 0x00, 0x00, 0x07, 0xFF, 0xF4, 0x00, 0x00, 0xFF, 0xFF, 0xD0, 0x00, 0x0F, 0xFF, 0xFF,
    0x00, 0x00, 0xBF, 0xFF, 0xF4, 0x00, 0x02, 0xFF, 0xFF, 0x00, 0x00, 0x0B, 0xFF, 0xE0, 0x00, 0x00,
    0x7F, 0xFC, 0x00, 0x00, 0x07, 0xFF, 0x00, 0x00, 0x00, 0xFF, 0xC5, 0x00, 0x00, 0x3F, 0xF2, 0xF9,
    0x00, 0x7F, 0xF8, 0xBF, 0xFF, 0xFF, 0xFC, 0x2F, 0xFF, 0xFF, 0xFD, 0x07, 0xFF, 0xFF, 0xFD, 0x00,
    0x1B, 0xFF, 0xE4, 0x00, 0xFF, 0xCF, 0xFC, 0xFF, 0xCF, 0xFC, 0xFF, 0xCF, 0xFC, 0xFF, 0xCF, 0xFC,
    0xFF, 0xCF, 0xFC, 0xFF, 0xCF, 0xFC, 0xFF, 0xCF, 0xFC, 0xFF, 0xCF, 0xFC, 0xFF, 0xCF, 0xFC, 0xFF,
    0xCF, 0xFC, 0xFF, 0xCF, 0xFC, 0xFF, 0xCF, 0xFC, 0x7D, 0x07, 0xDF, 0xF0, 0xFF, 0xFF, 0x0F, 0xFF,
    0xF0, 0xFF, 0x7D, 0x07, 0xD0, 0x00, 0x00, 0x00, 0x00, 0x00, 0x00, 0x00, 0x0F, 0xFC, 0x00, 0xFF,
    0xC0, 0x0F, 0xFC, 0x00, 0xFF, 0xC0, 0x0F, 0xFC, 0x00, 0xFF, 0xC0, 0x0F, 0xFC, 0x00, 0xFF, 0xC0,
    0x0F, 0xFC, 0x00, 0xFF, 0xC0, 0x0F, 0xFC, 0x00, 0xFF, 0xC0, 0x0F, 0xFC, 0x00, 0xFF, 0xC0, 0x0F,
    0xFC, 0x00, 0xFF, 0xC0, 0x0F, 0xFC, 0x00, 0xFF, 0xC0, 0x0F, 0xFC, 0x00, 0xFF, 0xC0, 0x0F, 0xFC,
    0x00, 0xFF, 0xC0, 0x0F, 0xFC, 0x00, 0xFF, 0xC0, 0x00, 0x0F, 0xFC, 0x00, 0x0F, 0xFC, 0x00, 0x0F,
    0xFC, 0x00, 0x0F, 0xFC, 0x00, 0x0F, 0xFC, 0x00, 0x0F, 0xFC, 0x00, 0x0F, 0xFC, 0x00, 0x0F, 0xFC,
    0x00, 0x0F, 0xFC, 0x00, 0x0F, 0xFC, 0x00, 0x0F, 0xFC, 0x00, 0x0F, 0xFC, 0x00, 0x0F, 0xFC, 0x00,
    0x0F, 0xFC, 0x00, 0x0F, 0xFC, 0x00, 0x0F, 0xFC, 0x00, 0x0F, 0xFC, 0x00, 0x0F, 0xFC, 0x00, 0x0F,
    0xFC, 0x00, 0x0F, 0xFC, 0x00, 0x0F, 0xFC, 0x00, 0x0F, 0xFC, 0x00, 0x0F, 0xFC, 0x00, 0x0F, 0xFC,
    0x00, 0x0F, 0xFC, 0x00, 0x1F, 0xF8, 0x00, 0x7F, 0xF4, 0xBF, 0xFF, 0xF0, 0xBF, 0xFF, 0xD0, 0xBF,
    0xFF, 0x40, 0x6F, 0xE4, 0x00, 0x00, 0x3F, 0xFF, 0xFF, 0xFF, 0xC0, 0x00, 0x00, 0x00, 0x0F, 0xFF,
    0xFF, 0xFF, 0xF0, 0x00, 0x00, 0x00, 0x03, 0xFF, 0xFF, 0xFF, 0xFC, 0x00, 0x00, 0x00, 0x00, 0xFF,
    0xFF, 0xFF, 0xFF, 0x00, 0x00, 0x00, 0x00, 0x3F, 0xC0, 0x00, 0xFF, 0xC0, 0x00, 0x00, 0x00, 0x0F,
    0xF0, 0x00, 0x3F, 0xF0, 0x00, 0x00, 0x00, 0x03, 0xFC, 0x00, 0x0F, 0xFC, 0x00, 0x00, 0x00, 0x00,
    0xFF, 0x00, 0x03, 0xFF, 0x00, 0x00, 0x00, 0x00, 0x3F, 0xC0, 0x00, 0xFF, 0xFF, 0xFE, 0x00, 0x00,
    0x0F, 0xF0, 0x00, 0x3F, 0xFF, 0xFF, 0xF8, 0x00, 0x03, 0xFC, 0x00, 0x0F, 0xFF, 0xFF, 0xFF, 0xC0,
    0x00, 0xFF, 0x00, 0x03, 0xFF, 0xFF, 0xFF, 0xFC, 0x00, 0x3F, 0xC0, 0x00, 0xFF, 0xC0, 0x0B, 0xFF,
    0x40, 0x1F, 0xF0, 0x00, 0x3F, 0xF0, 0x00, 0xBF, 0xE0, 0x07, 0xFC, 0x00, 0x0F, 0xFC, 0x00, 0x0F,
    0xFC, 0x02, 0xFF, 0x00, 0x03, 0xFF, 0x00, 0x03, 0xFF, 0x00, 0xBF, 0xC0, 0x00, 0xFF, 0xC0, 0x00,
    0xFF, 0xC0, 0x3F, 0xF0, 0x00, 0x3F, 0xF0, 0x00, 0x7F, 0xF0, 0x0F, 0xF8, 0x00, 0x0F, 0xFC, 0x00,
    0x2F, 0xF8, 0x0B, 0xFD, 0x00, 0x03, 0xFF, 0x00, 0x2F, 0xFD, 0xFF, 0xFF, 0x00, 0x00, 0xFF, 0xFF,
    0xFF, 0xFF, 0x3F, 0xFF, 0x80, 0x00, 0x3F, 0xFF, 0xFF, 0xFF, 0x0F, 0xFF, 0xC0, 0x00, 0x0F, 0xFF,
    0xFF, 0xFF, 0x03, 0xFF, 0x40, 0x00, 0x03, 0xFF, 0xFF, 0xF8, 0x00, 0xFF, 0xC0, 0x00, 0x0F, 0xFC,
    0x00, 0x00, 0x03, 0xFF, 0x00, 0x00, 0x3F, 0xF0, 0x00, 0x00, 0x0F, 0xFC, 0x00, 0x00, 0xFF, 0xC0,
    0x00, 0x00, 0x3F, 0xF0, 0x00, 0x03, 0xFF, 0x00, 0x00, 0x00, 0xFF, 0xC0, 0x00, 0x0F, 0xFC, 0x00,
    0x00, 0x03, 0xFF, 0x00, 0x00, 0x3F, 0xF0, 0x00, 0x00, 0x0F, 0xFC, 0x00, 0x00, 0xFF, 0xC0, 0x00,
    0x00, 0x3F, 0xF0, 0x00, 0x03, 0xFF, 0x00, 0x00, 0x00, 0xFF, 0xC0, 0x00, 0x0F, 0xFC, 0x00, 0x00,
    0x03, 0xFF, 0xFF, 0xFF, 0xFF, 0xFF, 0xFF, 0x80, 0x0F, 0xFF, 0xFF, 0xFF, 0xFF, 0xFF, 0xFF, 0xF0,
    0x3F, 0xFF, 0xFF, 0xFF, 0xFF, 0xFF, 0xFF, 0xF0, 0xFF, 0xFF, 0xFF, 0xFF, 0xFF, 0xFF, 0xFF, 0xF3,
    0xFF, 0x00, 0x00, 0x3F, 0xF0, 0x02, 0xFF, 0xDF, 0xFC, 0x00, 0x00, 0xFF, 0xC0, 0x02, 0xFF, 0xFF,
    0xF0, 0x00, 0x03, 0xFF, 0x00, 0x03, 0xFF, 0xFF, 0xC0, 0x00, 0x0F, 0xFC, 0x00, 0x0F, 0xFF, 0xFF,
    0x00, 0x00, 0x3F, 0xF0, 0x00, 0x3F, 0xFF, 0xFC, 0x00, 0x00, 0xFF, 0xC0, 0x02, 0xFF, 0xFF, 0xF0,
    0x00, 0x03, 0xFF, 0x00, 0x2F, 0xFD, 0xFF, 0xC0, 0x00, 0x0F, 0xFF, 0xFF, 0xFF, 0xF3, 0xFF, 0x00,
    0x00, 0x3F, 0xFF, 0xFF, 0xFF, 0x4F, 0xFC, 0x00, 0x00, 0xFF, 0xFF, 0xFF, 0xF0, 0x3F, 0xF0, 0x00,
    0x03, 0xFF, 0xFF, 0xF9, 0x00, 0xFF, 0xFF, 0xFF, 0xFF, 0xF0, 0x00, 0xFF, 0xFF, 0xFF, 0xFF, 0xF0,
    0x00, 0xFF, 0xFF, 0xFF, 0xFF, 0xF0, 0x00, 0xFF, 0xFF, 0xFF, 0xFF, 0xF0, 0x00, 0x00, 0x0F, 0xFC,
    0x00, 0x00, 0x00, 0x00, 0x0F, 0xFC, 0x00, 0x00, 0x00, 0x00, 0x0F, 0xFC, 0x00, 0x00, 0x00, 0x00,
    0x0F, 0xFC, 0x00, 0x00, 0x00, 0x00, 0x0F, 0xFC, 0x00, 0x00, 0x00, 0x00, 0x0F, 0xFD, 0xAF, 0xE8,
    0x00, 0x00, 0x0F, 0xFF, 0xFF, 0xFF, 0x80, 0x00, 0x0F, 0xFF, 0xFF, 0xFF, 0xE0, 0x00, 0x0F, 0xFF,
    0xFF, 0xFF, 0xF0, 0x00, 0x0F, 0xFE, 0x00, 0x7F, 0xF8, 0x00, 0x0F, 0xFC, 0x00, 0x1F, 0xFC, 0x00,
    0x0F, 0xFC, 0x00, 0x0F, 0xFC, 0x00, 0x0F, 0xFC, 0x00, 0x0F, 0xFC, 0x00, 0x0F, 0xFC, 0x00, 0x0F,
    0xFC, 0x00, 0x0F, 0xFC, 0x00, 0x0F, 0xFC, 0x00, 0x0F, 0xFC, 0x00, 0x0F, 0xFC, 0x00, 0x0F, 0xFC,
    0x00, 0x0F, 0xFC, 0x00, 0x0F, 0xFC, 0x00, 0x0F, 0xFC, 0x00, 0x0F, 0xFC, 0x00, 0x0F, 0xFC, 0x00,
    0x0F, 0xFC, 0x00, 0x0F, 0xFC, 0x00, 0x00, 0x3F, 0xFC, 0x00, 0x00, 0x00, 0xBF, 0xE0, 0x00, 0x00,
    0x01, 0xFF, 0x80, 0x00, 0x00, 0x03, 0xFD, 0x00, 0x00, 0x00, 0x0B, 0xF4, 0x00, 0x00, 0x00, 0x0A,
    0x90, 0x00, 0x00, 0x00, 0x00, 0x00, 0x00, 0x00, 0x00, 0x00, 0x00, 0x00, 0x00, 0xFF, 0xC0, 0x00,
    0x2F, 0xF8, 0xFF, 0xC0, 0x00, 0x7F, 0xF0, 0xFF, 0xC0, 0x00, 0xFF, 0xD0, 0xFF, 0xC0, 0x03, 0xFF,
    0x80, 0xFF, 0xC0, 0x07, 0xFF, 0x00, 0xFF, 0xC0, 0x0F, 0xFC, 0x00, 0xFF, 0xC0, 0x3F, 0xF4, 0x00,
    0xFF, 0xC0, 0xBF, 0xE0, 0x00, 0xFF, 0xC1, 0xFF, 0xC0, 0x00, 0xFF, 0xFF, 0xFF, 0x40, 0x00, 0xFF,
    0xFF, 0xFE, 0x00, 0x00, 0xFF, 0xFF, 0xFF, 0x00, 0x00, 0xFF, 0xFF, 0xFF, 0x40, 0x00, 0xFF, 0xC2,
    0xFF, 0xC0, 0x00, 0xFF, 0xC0, 0xFF, 0xE0, 0x00, 0xFF, 0xC0, 0x7F, 0xF4, 0x00, 0xFF, 0xC0, 0x2F,
    0xFC, 0x00, 0xFF, 0xC0, 0x0F, 0xFE, 0x00, 0xFF, 0xC0, 0x07, 0xFF, 0x40, 0xFF, 0xC0, 0x03, 0xFF,
    0xC0, 0xFF, 0xC0, 0x00, 0xFF, 0xE0, 0xFF, 0xC0, 0x00, 0xBF, 0xF4, 0xFF, 0xC0, 0x00, 0x3F, 0xFC,
    0xFF, 0xC0, 0x00, 0x1F, 0xFE, 0x00, 0x3F, 0xF8, 0x00, 0x00, 0x00, 0x03, 0xFF, 0x40, 0x00, 0x00,
    0x00, 0x2F, 0xF0, 0x00, 0x00, 0x00, 0x02, 0xFE, 0x00, 0x00, 0x00, 0x00, 0x2F, 0xD0, 0x00, 0x00,
    0x00, 0x01, 0xA4, 0x00, 0x00, 0x00, 0x00, 0x00, 0x00, 0x00, 0x00, 0x00, 0x00, 0x00, 0x00, 0xFF,
    0xC0, 0x00, 0x2F, 0xFF, 0x3F, 0xF0, 0x00, 0x0F, 0xFF, 0xCF, 0xFC, 0x00, 0x07, 0xFF, 0xF3, 0xFF,
    0x00, 0x03, 0xFF, 0xFC, 0xFF, 0xC0, 0x01, 0xFF, 0xFF, 0x3F, 0xF0, 0x00, 0xFF, 0xFF, 0xCF, 0xFC,
    0x00, 0x7F, 0xBF, 0xF3, 0xFF, 0x00, 0x3F, 0xCF, 0xFC, 0xFF, 0xC0, 0x1F, 0xE3, 0xFF, 0x3F, 0xF0,
    0x0F, 0xF0, 0xFF, 0xCF, 0xFC, 0x03, 0xF8, 0x3F, 0xF3, 0xFF, 0x02, 0xFC, 0x0F, 0xFC, 0xFF, 0xC0,
    0xFE, 0x03, 0xFF, 0x3F, 0xF0, 0xBF, 0x40, 0xFF, 0xCF, 0xFC, 0x3F, 0xC0, 0x3F, 0xF3, 0xFF, 0x2F,
    0xD0, 0x0F, 0xFC, 0xFF, 0xCF, 0xF0, 0x03, 0xFF, 0x3F, 0xFB, 0xF4, 0x00, 0xFF, 0xCF, 0xFF, 0xFC,
    0x00, 0x3F, 0xF3, 0xFF, 0xFD, 0x00, 0x0F, 0xFC, 0xFF, 0xFF, 0x00, 0x03, 0xFF, 0x3F, 0xFF, 0x80,
    0x00, 0xFF, 0xCF, 0xFF, 0xC0, 0x00, 0x3F, 0xF3, 0xFF, 0xE0, 0x00, 0x0F, 0xFC, 0x00, 0x7F, 0xC0,
    0x2F, 0xE0, 0x00, 0x03, 0xFE, 0x07, 0xFD, 0x00, 0x00, 0x2F, 0xFF, 0xFF, 0xC0, 0x00, 0x00, 0xFF,
    0xFF, 0xF0, 0x00, 0x00, 0x01, 0xBF, 0xF4, 0x00, 0x00, 0x00, 0x00, 0x00, 0x00, 0x00, 0x00, 0x00,
    0x00, 0x00, 0x00, 0x00, 0x00, 0x00, 0x00, 0x00, 0x00, 0xBF, 0xF0, 0x00, 0x00, 0xFF, 0xC3, 0xFF,
    0x00, 0x00, 0x1F, 0xF8, 0x3F, 0xF8, 0x00, 0x02, 0xFF, 0x41, 0xFF, 0xC0, 0x00, 0x3F, 0xF0, 0x0F,
    0xFD, 0x00, 0x07, 0xFD, 0x00, 0x7F, 0xE0, 0x00, 0xFF, 0xC0, 0x03, 0xFF, 0x00, 0x0F, 0xF8, 0x00,
    0x1F, 0xF8, 0x02, 0xFF, 0x00, 0x00, 0xFF, 0xC0, 0x3F, 0xE0, 0x00, 0x0B, 0xFD, 0x07, 0xFD, 0x00,
    0x00, 0x3F, 0xE0, 0xBF, 0xC0, 0x00, 0x02, 0xFF, 0x0F, 0xF4, 0x00, 0x00, 0x0F, 0xFA, 0xFF, 0x00,
    0x00, 0x00, 0xBF, 0xFF, 0xE0, 0x00, 0x00, 0x03, 0xFF, 0xFC, 0x00, 0x00, 0x00, 0x3F, 0xFF, 0x80,
    0x00, 0x00, 0x01, 0xFF, 0xF4, 0x00, 0x00, 0x00, 0x0F, 0xFF, 0x00, 0x00, 0x00, 0x00, 0xFF, 0xD0,
    0x00, 0x00, 0x00, 0x7F, 0xF8, 0x00, 0x00, 0x0F, 0xFF, 0xFF, 0x00, 0x00, 0x00, 0xFF, 0xFF, 0xD0,
    0x00, 0x00, 0x0F, 0xFF, 0xF4, 0x00, 0x00, 0x00, 0xBF, 0xE4, 0x00, 0x00, 0x00, 0xFF, 0xC0, 0x00,
    0x03, 0xFF, 0xFF, 0xC0, 0x00, 0x03, 0xFF, 0xFF, 0xC0, 0x00, 0x03, 0xFF, 0xFF, 0xC0, 0x00, 0x03,
    0xFF, 0xFF, 0xC0, 0x00, 0x03, 0xFF, 0xFF, 0xC0, 0x00, 0x03, 0xFF, 0xFF, 0xC0, 0x00, 0x03, 0xFF,
    0xFF, 0xC0, 0x00, 0x03, 0xFF, 0xFF, 0xC0, 0x00, 0x03, 0xFF, 0xFF, 0xC0, 0x00, 0x03, 0xFF, 0xFF,
    0xC0, 0x00, 0x03, 0xFF, 0xFF, 0xC0, 0x00, 0x03, 0xFF, 0xFF, 0xC0, 0x00, 0x03, 0xFF, 0xFF, 0xC0,
    0x00, 0x03, 0xFF, 0xFF, 0xC0, 0x00, 0x03, 0xFF, 0xFF, 0xC0, 0x00, 0x03, 0xFF, 0xFF, 0xC0, 0x00,
    0x03, 0xFF, 0xFF, 0xC0, 0x00, 0x03, 0xFF, 0xFF, 0xC0, 0x00, 0x03, 0xFF, 0xFF, 0xC0, 0x00, 0x03,
    0xFF, 0xFF, 0xFF, 0xFF, 0xFF, 0xFF, 0xFF, 0xFF, 0xFF, 0xFF, 0xFF, 0xFF, 0xFF, 0xFF, 0xFF, 0xFF,
    0xFF, 0xFF, 0xFF, 0xFF, 0xFF, 0x00, 0x03, 0xFF, 0x00, 0x00, 0x00, 0x03, 0xFF, 0x00, 0x00, 0x00,
    0x03, 0xFF, 0x00, 0x00, 0x00, 0x03, 0xFF, 0x00, 0x00, 0x00, 0x03, 0xFF, 0x00, 0x00, 0x00, 0x00,
    0xFF, 0xFC, 0x00, 0x00, 0x00, 0x00, 0xFF, 0xFC, 0x00, 0x00, 0x00, 0x02, 0xFF, 0xFE, 0x00, 0x00,
    0x00, 0x03, 0xFF, 0xFF, 0x00, 0x00, 0x00, 0x03, 0xFE, 0xFF, 0x00, 0x00, 0x00, 0x0B, 0xFC, 0xFF,
    0x80, 0x00, 0x00, 0x0F, 0xFC, 0xFF, 0xC0, 0x00, 0x00, 0x1F, 0xF8, 0x7F, 0xD0, 0x00, 0x00, 0x2F,
    0xF4, 0x3F, 0xE0, 0x00, 0x00, 0x3F, 0xF0, 0x3F, 0xF0, 0x00, 0x00, 0x7F, 0xE0, 0x2F, 0xF4, 0x00,
    0x00, 0xBF, 0xD0, 0x1F, 0xF8, 0x00, 0x00, 0xFF, 0xC0, 0x0F, 0xFC, 0x00, 0x01, 0xFF, 0x80, 0x0B,
    0xFD, 0x00, 0x02, 0xFF, 0xFF, 0xFF, 0xFE, 0x00, 0x03, 0xFF, 0xFF, 0xFF, 0xFF, 0x00, 0x07, 0xFF,
    0xFF, 0xFF, 0xFF, 0x40, 0x0B, 0xFF, 0xFF, 0xFF, 0xFF, 0xC0, 0x0F, 0xFC, 0x00, 0x00, 0xFF, 0xC0,
    0x1F, 0xFC, 0x00, 0x00, 0xFF, 0xD0, 0x3F, 0xF8, 0x00, 0x00, 0xBF, 0xF0, 0x3F, 0xF4, 0x00, 0x00,
    0x3F, 0xF0, 0x7F, 0xF0, 0x00, 0x00, 0x3F, 0xF8, 0xFF, 0xE0, 0x00, 0x00, 0x2F, 0xFC, 0xFF, 0xFF,
    0xFF, 0xFD, 0x3F, 0xFF, 0xFF, 0xFF, 0x4F, 0xFF, 0xFF, 0xFF, 0xD3, 0xFF, 0xFF, 0xFF, 0xF4, 0xFF,
    0xC0, 0x00, 0x00, 0x3F, 0xF0, 0x00, 0x00, 0x0F, 0xFC, 0x00, 0x00, 0x03, 0xFF, 0x00, 0x00, 0x00,
    0xFF, 0xC0, 0x00, 0x00, 0x3F, 0xFF, 0xFE, 0x40, 0x0F, 0xFF, 0xFF, 0xFF, 0x03, 0xFF, 0xFF, 0xFF,
    0xF4, 0xFF, 0xFF, 0xFF, 0xFF, 0x3F, 0xF0, 0x02, 0xFF, 0xEF, 0xFC, 0x00, 0x2F, 0xFF, 0xFF, 0x00,
    0x03, 0xFF, 0xFF, 0xC0, 0x00, 0xFF, 0xFF, 0xF0, 0x00, 0x3F, 0xFF, 0xFC, 0x00, 0x2F, 0xFF, 0xFF,
    0x00, 0x2F, 0xFD, 0xFF, 0xFF, 0xFF, 0xFF, 0x3F, 0xFF, 0xFF, 0xFF, 0x4F, 0xFF, 0xFF, 0xFF, 0x03,
    0xFF, 0xFF, 0xF9, 0x00, 0xFF, 0xFF, 0xFE, 0x80, 0x0F, 0xFF, 0xFF, 0xFF, 0xC0, 0xFF, 0xFF, 0xFF,
    0xFF, 0x0F, 0xFF, 0xFF, 0xFF, 0xF8, 0xFF, 0xC0, 0x07, 0xFF, 0xCF, 0xFC, 0x00, 0x0F, 0xFC, 0xFF,
    0xC0, 0x00, 0xFF, 0xCF, 0xFC, 0x00, 0x0F, 0xFC, 0xFF, 0xC0, 0x07, 0xFF, 0x4F, 0xFF, 0xFF, 0xFF,
    0xE0, 0xFF, 0xFF, 0xFF, 0xF4, 0x0F, 0xFF, 0xFF, 0xFF, 0xD0, 0xFF, 0xFF, 0xFF, 0xFF, 0x8F, 0xFC,
    0x00, 0x2F, 0xFD, 0xFF, 0xC0, 0x00, 0xBF, 0xEF, 0xFC, 0x00, 0x03, 0xFF, 0xFF, 0xC0, 0x00, 0x3F,
    0xFF, 0xFC, 0x00, 0x03, 0xFF, 0xFF, 0xC0, 0x00, 0xBF, 0xFF, 0xFC, 0x00, 0x2F, 0xFE, 0xFF, 0xFF,
    0xFF, 0xFF, 0xCF, 0xFF, 0xFF, 0xFF, 0xF4, 0xFF, 0xFF, 0xFF, 0xFC, 0x0F, 0xFF, 0xFF, 0xF9, 0x00,
    0xFF, 0xFF, 0xFF, 0xFB, 0xFF, 0xFF, 0xFF, 0xEF, 0xFF, 0xFF, 0xFF, 0xBF, 0xFF, 0xFF, 0xFD, 0xFF,
    0xC0, 0x00, 0x03, 0xFF, 0x00, 0x00, 0x0F, 0xFC, 0x00, 0x00, 0x3F, 0xF0, 0x00, 0x00, 0xFF, 0xC0,
    0x00, 0x03, 0xFF, 0x00, 0x00, 0x0F, 0xFC, 0x00, 0x00, 0x3F, 0xF0, 0x00, 0x00, 0xFF, 0xC0, 0x00,
    0x03, 0xFF, 0x00, 0x00, 0x0F, 0xFC, 0x00, 0x00, 0x3F, 0xF0, 0x00, 0x00, 0xFF, 0xC0, 0x00, 0x03,
    0xFF, 0x00, 0x00, 0x0F, 0xFC, 0x00, 0x00, 0x3F, 0xF0, 0x00, 0x00, 0xFF, 0xC0, 0x00, 0x03, 0xFF,
    0x00, 0x00, 0x0F, 0xFC, 0x00, 0x00, 0x3F, 0xF0, 0x00, 0x00, 0x00, 0x3F, 0xFF, 0xFF, 0xFF, 0xF0,
    0x00, 0x03, 0xFF, 0xFF, 0xFF, 0xFF, 0x00, 0x00, 0x3F, 0xFF, 0xFF, 0xFF, 0xF0, 0x00, 0x03, 0xFF,
    0xFF, 0xFF, 0xFF, 0x00, 0x00, 0x3F, 0xF0, 0x00, 0x3F, 0xF0, 0x00, 0x03, 0xFF, 0x00, 0x03, 0xFF,
    0x00, 0x00, 0x3F, 0xF0, 0x00, 0x3F, 0xF0, 0x00, 0x03, 0xFF, 0x00, 0x03, 0xFF, 0x00, 0x00, 0x3F,
    0xF0, 0x00, 0x3F, 0xF0, 0x00, 0x03, 0xFF, 0x00, 0x03, 0xFF, 0x00, 0x00, 0x3F, 0xF0, 0x00, 0x3F,
    0xF0, 0x00, 0x03, 0xFF, 0x00, 0x03, 0xFF, 0x00, 0x00, 0x3F, 0xF0, 0x00, 0x3F, 0xF0, 0x00, 0x03,
    0xFE, 0x00, 0x03, 0xFF, 0x00, 0x00, 0x7F, 0xE0, 0x00, 0x3F, 0xF0, 0x00, 0x07, 0xFD, 0x00, 0x03,
    0xFF, 0x00, 0x00, 0xBF, 0xC0, 0x00, 0x3F, 0xF0, 0x00, 0x0F, 0xFC, 0x00, 0x03, 0xFF, 0x00, 0x01,
    0xFF, 0x40, 0x00, 0x3F, 0xF0, 0x00, 0x3F, 0xF0, 0x00, 0x03, 0xFF, 0x00, 0xFF, 0xFF, 0xFF, 0xFF,
    0xFF, 0xFF, 0xCF, 0xFF, 0xFF, 0xFF, 0xFF, 0xFF, 0xFC, 0xFF, 0xFF, 0xFF, 0xFF, 0xFF, 0xFF, 0xCF,
    0xFF, 0xFF, 0xFF, 0xFF, 0xFF, 0xFC, 0xFF, 0xC0, 0x00, 0x00, 0x00, 0xFF, 0xCF, 0xFC, 0x00, 0x00,
    0x00, 0x0F, 0xFC, 0xFF, 0xC0, 0x00, 0x00, 0x00, 0xFF, 0xCF, 0xFC, 0x00, 0x00, 0x00, 0x0F, 0xFC,
    0xFF, 0xC0, 0x00, 0x00, 0x00, 0xFF, 0xC0, 0x00, 0x00, 0x00, 0x00, 0x00, 0x00, 0xFF, 0xFF, 0xFF,
    0xFF, 0xFF, 0xFF, 0xFF, 0xFF, 0xFF, 0xFF, 0xFF, 0xFF, 0xFF, 0xFF, 0xFF, 0xC0, 0x00, 0x0F, 0xFC,
    0x00, 0x00, 0xFF, 0xC0, 0x00, 0x0F, 0xFC, 0x00, 0x00, 0xFF, 0xC0, 0x00, 0x0F, 0xFF, 0xFF, 0xFD,
    0xFF, 0xFF, 0xFF, 0xEF, 0xFF, 0xFF, 0xFE, 0xFF, 0xFF, 0xFF, 0xEF, 0xFC, 0x00, 0x00, 0xFF, 0xC0,
    0x00, 0x0F, 0xFC, 0x00, 0x00, 0xFF, 0xC0, 0x00, 0x0F, 0xFC, 0x00, 0x00, 0xFF, 0xC0, 0x00, 0x0F,
    0xFC, 0x00, 0x00, 0xFF, 0xFF, 0xFF, 0xFF, 0xFF, 0xFF, 0xFF, 0xFF, 0xFF, 0xFF, 0xFF, 0xFF, 0xFF,
    0xFF, 0x3F, 0xF4, 0x00, 0x0F, 0xFC, 0x00, 0x07, 0xFF, 0x03, 0xFF, 0x00, 0x03, 0xFF, 0x00, 0x03,
    0xFF, 0x00, 0xBF, 0xE0, 0x00, 0xFF, 0xC0, 0x03, 0xFF, 0x80, 0x0F, 0xFD, 0x00, 0x3F, 0xF0, 0x01,
    0xFF, 0xC0, 0x00, 0xFF, 0xC0, 0x0F, 0xFC, 0x00, 0xFF, 0xC0, 0x00, 0x2F, 0xFC, 0x03, 0xFF, 0x00,
    0xFF, 0xE0, 0x00, 0x03, 0xFF, 0x40, 0xFF, 0xC0, 0x7F, 0xF0, 0x00, 0x00, 0x3F, 0xF0, 0x3F, 0xF0,
    0x3F, 0xF0, 0x00, 0x00, 0x07, 0xFF, 0x0F, 0xFC, 0x3F, 0xF4, 0x00, 0x00, 0x00, 0xFF, 0xFF, 0xFF,
    0xFF, 0xFC, 0x00, 0x00, 0x00, 0x0F, 0xFF, 0xFF, 0xFF, 0xFC, 0x00, 0x00, 0x00, 0x03, 0xFF, 0xFF,
    0xFF, 0xFF, 0x00, 0x00, 0x00, 0x03, 0xFF, 0xFF, 0xFF, 0xFF, 0xF0, 0x00, 0x00, 0x01, 0xFF, 0xC3,
    0xFF, 0x0F, 0xFD, 0x00, 0x00, 0x00, 0xFF, 0xE0, 0xFF, 0xC2, 0xFF, 0xC0, 0x00, 0x00, 0xBF, 0xF0,
    0x3F, 0xF0, 0x3F, 0xF8, 0x00, 0x00, 0x7F, 0xF4, 0x0F, 0xFC, 0x07, 0xFF, 0x40, 0x00, 0x3F, 0xF8,
    0x03, 0xFF, 0x00, 0xBF, 0xF0, 0x00, 0x2F, 0xFC, 0x00, 0xFF, 0xC0, 0x0F, 0xFE, 0x00, 0x0F, 0xFD,
    0x00, 0x3F, 0xF0, 0x02, 0xFF, 0xC0, 0x0F, 0xFF, 0x00, 0x0F, 0xFC, 0x00, 0x3F, 0xFC, 0x07, 0xFF,
    0x40, 0x03, 0xFF, 0x00, 0x07, 0xFF, 0x43, 0xFF, 0x80, 0x00, 0xFF, 0xC0, 0x00, 0xBF, 0xF2, 0xFF,
    0xC0, 0x00, 0x3F, 0xF0, 0x00, 0x0F, 0xFE, 0x01, 0xBF, 0xFF, 0x80, 0x02, 0xFF, 0xFF, 0xFF, 0x80,
    0x3F, 0xFF, 0xFF, 0xFF, 0x01, 0xFF, 0xFF, 0xFF, 0xF8, 0x0E, 0x40, 0x07, 0xFF, 0xC0, 0x00, 0x00,
    0x0F, 0xFC, 0x00, 0x00, 0x00, 0xFF, 0xC0, 0x00, 0x00, 0x1F, 0xF8, 0x00, 0x00, 0x0B, 0xFF, 0x00,
    0x0F, 0xFF, 0xFF, 0xC0, 0x00, 0xFF, 0xFF, 0x90, 0x00, 0x0F, 0xFF, 0xFE, 0x40, 0x00, 0xFF, 0xFF,
    0xFD, 0x00, 0x00, 0x01, 0xFF, 0xF4, 0x00, 0x00, 0x02, 0xFF, 0x80, 0x00, 0x00, 0x0F, 0xFC, 0x00,
    0x00, 0x00, 0xFF, 0xC0, 0x00, 0x00, 0x0F, 0xFC, 0x00, 0x00, 0x02, 0xFF, 0xC3, 0xD0, 0x00, 0xBF,
    0xF4, 0x3F, 0xFF, 0xFF, 0xFF, 0x03, 0xFF, 0xFF, 0xFF, 0xC0, 0x3F, 0xFF, 0xFF, 0xE0, 0x00, 0x6F,
    0xFF, 0xE0, 0x00, 0xFF, 0xC0, 0x00, 0x2F, 0xFF, 0x3F, 0xF0, 0x00, 0x0F, 0xFF, 0xCF, 0xFC, 0x00,
    0x07, 0xFF, 0xF3, 0xFF, 0x00, 0x03, 0xFF, 0xFC, 0xFF, 0xC0, 0x01, 0xFF, 0xFF, 0x3F, 0xF0, 0x00,
    0xFF, 0xFF, 0xCF, 0xFC, 0x00, 0x7F, 0xBF, 0xF3, 0xFF, 0x00, 0x3F, 0xCF, 0xFC, 0xFF, 0xC0, 0x1F,
    0xE3, 0xFF, 0x3F, 0xF0, 0x0F, 0xF0, 0xFF, 0xCF, 0xFC, 0x03, 0xF8, 0x3F, 0xF3, 0xFF, 0x02, 0xFC,
    0x0F, 0xFC, 0xFF, 0xC0, 0xFE, 0x03, 0xFF, 0x3F, 0xF0, 0xBF, 0x40, 0xFF, 0xCF, 0xFC, 0x3F, 0xC0,
    0x3F, 0xF3, 0xFF, 0x2F, 0xD0, 0x0F, 0xFC, 0xFF, 0xCF, 0xF0, 0x03, 0xFF, 0x3F, 0xFB, 0xF4, 0x00,
    0xFF, 0xCF, 0xFF, 0xFC, 0x00, 0x3F, 0xF3, 0xFF, 0xFD, 0x00, 0x0F, 0xFC, 0xFF, 0xFF, 0x00, 0x03,
    0xFF, 0x3F, 0xFF, 0x80, 0x00, 0xFF, 0xCF, 0xFF, 0xC0, 0x00, 0x3F, 0xF3, 0xFF, 0xE0, 0x00, 0x0F,
    0xFC, 0x01, 0xFF, 0x00, 0xBF, 0x40, 0x00, 0x3F, 0xC0, 0x3F, 0xD0, 0x00, 0x0F, 0xF8, 0x2F, 0xF0,
    0x00, 0x01, 0xFF, 0xFF, 0xF4, 0x00, 0x00, 0x1F, 0xFF, 0xF8, 0x00, 0x00, 0x00, 0xBF, 0xE0, 0x00,
    0x00, 0x00, 0x00, 0x00, 0x00, 0x00, 0x00, 0x00, 0x00, 0x00, 0x00, 0xFF, 0xC0, 0x00, 0x2F, 0xFF,
    0x3F, 0xF0, 0x00, 0x0F, 0xFF, 0xCF, 0xFC, 0x00, 0x07, 0xFF, 0xF3, 0xFF, 0x00, 0x03, 0xFF, 0xFC,
    0xFF, 0xC0, 0x01, 0xFF, 0xFF, 0x3F, 0xF0, 0x00, 0xFF, 0xFF, 0xCF, 0xFC, 0x00, 0x7F, 0xBF, 0xF3,
    0xFF, 0x00, 0x3F, 0xCF, 0xFC, 0xFF, 0xC0, 0x1F, 0xE3, 0xFF, 0x3F, 0xF0, 0x0F, 0xF0, 0xFF, 0xCF,
    0xFC, 0x03, 0xF8, 0x3F, 0xF3, 0xFF, 0x02, 0xFC, 0x0F, 0xFC, 0xFF, 0xC0, 0xFE, 0x03, 0xFF, 0x3F,
    0xF0, 0xBF, 0x40, 0xFF, 0xCF, 0xFC, 0x3F, 0xC0, 0x3F, 0xF3, 0xFF, 0x2F, 0xD0, 0x0F, 0xFC, 0xFF,
    0xCF, 0xF0, 0x03, 0xFF, 0x3F, 0xFB, 0xF4, 0x00, 0xFF, 0xCF, 0xFF, 0xFC, 0x00, 0x3F, 0xF3, 0xFF,
    0xFD, 0x00, 0x0F, 0xFC, 0xFF, 0xFF, 0x00, 0x03, 0xFF, 0x3F, 0xFF, 0x80, 0x00, 0xFF, 0xCF, 0xFF,
    0xC0, 0x00, 0x3F, 0xF3, 0xFF, 0xE0, 0x00, 0x0F, 0xFC, 0xFF, 0xC0, 0x00, 0x2F, 0xF8, 0xFF, 0xC0,
    0x00, 0x7F, 0xF0, 0xFF, 0xC0, 0x00, 0xFF, 0xD0, 0xFF, 0xC0, 0x03, 0xFF, 0x80, 0xFF, 0xC0, 0x07,
    0xFF, 0x00, 0xFF, 0xC0, 0x0F, 0xFC, 0x00, 0xFF, 0xC0, 0x3F, 0xF4, 0x00, 0xFF, 0xC0, 0xBF, 0xE0,
    0x00, 0xFF, 0xC1, 0xFF, 0xC0, 0x00, 0xFF, 0xFF, 0xFF, 0x40, 0x00, 0xFF, 0xFF, 0xFE, 0x00, 0x00,
    0xFF, 0xFF, 0xFF, 0x00, 0x00, 0xFF, 0xFF, 0xFF, 0x40, 0x00, 0xFF, 0xC2, 0xFF, 0xC0, 0x00, 0xFF,
    0xC0, 0xFF, 0xE0, 0x00, 0xFF, 0xC0, 0x7F, 0xF4, 0x00, 0xFF, 0xC0, 0x2F, 0xFC, 0x00, 0xFF, 0xC0,
    0x0F, 0xFE, 0x00, 0xFF, 0xC0, 0x07, 0xFF, 0x40, 0xFF, 0xC0, 0x03, 0xFF, 0xC0, 0xFF, 0xC0, 0x00,
    0xFF, 0xE0, 0xFF, 0xC0, 0x00, 0xBF, 0xF4, 0xFF, 0xC0, 0x00, 0x3F, 0xFC, 0xFF, 0xC0, 0x00, 0x1F,
    0xFE, 0x00, 0x3F, 0xFF, 0xFF, 0xFF, 0xF0, 0x03, 0xFF, 0xFF, 0xFF, 0xFF, 0x00, 0x3F, 0xFF, 0xFF,
    0xFF, 0xF0, 0x03, 0xFF, 0xFF, 0xFF, 0xFF, 0x00, 0x3F, 0xF0, 0x00, 0x3F, 0xF0, 0x03, 0xFF, 0x00,
    0x03, 0xFF, 0x00, 0x3F, 0xF0, 0x00, 0x3F, 0xF0, 0x03, 0xFF, 0x00, 0x03, 0xFF, 0x00, 0x3F, 0xF0,
    0x00, 0x3F, 0xF0, 0x03, 0xFF, 0x00, 0x03, 0xFF, 0x00, 0x3F, 0xF0, 0x00, 0x3F, 0xF0, 0x03, 0xFF,
    0x00, 0x03, 0xFF, 0x00, 0x3F, 0xF0, 0x00, 0x3F, 0xF0, 0x03, 0xFF, 0x00, 0x03, 0xFF, 0x00, 0x7F,
    0xF0, 0x00, 0x3F, 0xF0, 0x0B, 0xFF, 0x00, 0x03, 0xFF, 0x00, 0xBF, 0xE0, 0x00, 0x3F, 0xF0, 0x0F,
    0xFE, 0x00, 0x03, 0xFF, 0x02, 0xFF, 0xD0, 0x00, 0x3F, 0xFF, 0xFF, 0xFC, 0x00, 0x03, 0xFF, 0xFF,
    0xFF, 0x80, 0x00, 0x3F, 0xFF, 0xFF, 0xF0, 0x00, 0x03, 0xFF, 0xFF, 0xFD, 0x00, 0x00, 0x3F, 0xFF,
    0xFE, 0x00, 0x00, 0x03, 0xFF, 0xFF, 0xF8, 0x00, 0x00, 0x0B, 0xFF, 0xF3, 0xFF, 0xF0, 0x00, 0x00,
    0x3F, 0xFF, 0xCF, 0xFF, 0xD0, 0x00, 0x00, 0xFF, 0xFF, 0x3F, 0xFF, 0x80, 0x00, 0x0B, 0xFF, 0xFC,
    0xFF, 0xFF, 0x00, 0x00, 0x3F, 0xFF, 0xF3, 0xFF, 0xFD, 0x00, 0x00, 0xFF, 0xFF, 0xCF, 0xFB, 0xF8,
    0x00, 0x0B, 0xF7, 0xFF, 0x3F, 0xDF, 0xF0, 0x00, 0x3F, 0xCF, 0xFC, 0xFF, 0x3F, 0xD0, 0x00, 0xFF,
    0x3F, 0xF3, 0xFC, 0xBF, 0x80, 0x0B, 0xF4, 0xFF, 0xCF, 0xF1, 0xFF, 0x00, 0x3F, 0xC3, 0xFF, 0x3F,
    0xC3, 0xFC, 0x00, 0xFF, 0x0F, 0xFC, 0xFF, 0x0B, 0xF8, 0x0B, 0xF4, 0x3F, 0xF3, 0xFC, 0x1F, 0xF0,
    0x3F, 0xC0, 0xFF, 0xCF, 0xF0, 0x3F, 0xC0, 0xFF, 0x03, 0xFF, 0x3F, 0xC0, 0xFF, 0x4B, 0xF4, 0x0F,
    0xFC, 0xFF, 0x01, 0xFF, 0x3F, 0xC0, 0x3F, 0xF3, 0xFC, 0x03, 0xFD, 0xFF, 0x00, 0xFF, 0xCF, 0xF0,
    0x0F, 0xFF, 0xF4, 0x03, 0xFF, 0x3F, 0xC0, 0x2F, 0xFF, 0xC0, 0x0F, 0xFC, 0xFF, 0x00, 0x3F, 0xFF,
    0x00, 0x3F, 0xF3, 0xFC, 0x00, 0xFF, 0xF4, 0x00, 0xFF, 0xCF, 0xF0, 0x02, 0xFF, 0xC0, 0x03, 0xFF,
    0x3F, 0xC0, 0x07, 0xFF, 0x00, 0x0F, 0xFC, 0xFF, 0xC0, 0x00, 0x03, 0xFF, 0xFF, 0xC0, 0x00, 0x03,
    0xFF, 0xFF, 0xC0, 0x00, 0x03, 0xFF, 0xFF, 0xC0, 0x00, 0x03, 0xFF, 0xFF, 0xC0, 0x00, 0x03, 0xFF,
    0xFF, 0xC0, 0x00, 0x03, 0xFF, 0xFF, 0xC0, 0x00, 0x03, 0xFF, 0xFF, 0xC0, 0x00, 0x03, 0xFF, 0xFF,
    0xC0, 0x00, 0x03, 0xFF, 0xFF, 0xFF, 0xFF, 0xFF, 0xFF, 0xFF, 0xFF, 0xFF, 0xFF, 0xFF, 0xFF, 0xFF,
    0xFF, 0xFF, 0xFF, 0xFF, 0xFF, 0xFF, 0xFF, 0xFF, 0xFF, 0xC0, 0x00, 0x03, 0xFF, 0xFF, 0xC0, 0x00,
    0x03, 0xFF, 0xFF, 0xC0, 0x00, 0x03, 0xFF, 0xFF, 0xC0, 0x00, 0x03, 0xFF, 0xFF, 0xC0, 0x00, 0x03,
    0xFF, 0xFF, 0xC0, 0x00, 0x03, 0xFF, 0xFF, 0xC0, 0x00, 0x03, 0xFF, 0xFF, 0xC0, 0x00, 0x03, 0xFF,
    0xFF, 0xC0, 0x00, 0x03, 0xFF, 0xFF, 0xC0, 0x00, 0x03, 0xFF, 0xFF, 0xC0, 0x00, 0x03, 0xFF, 0x00,
    0x02, 0xFF, 0xF9, 0x00, 0x00, 0x00, 0xFF, 0xFF, 0xFF, 0x40, 0x00, 0x1F, 0xFF, 0xFF, 0xFF, 0x80,
    0x01, 0xFF, 0xFF, 0xFF, 0xFF, 0x80, 0x0F, 0xFF, 0x40, 0x1F, 0xFF, 0x00, 0xBF, 0xF0, 0x00, 0x0F,
    0xFF, 0x03, 0xFF, 0x40, 0x00, 0x0F, 0xFC, 0x1F, 0xFC, 0x00, 0x00, 0x2F, 0xF8, 0xBF, 0xD0, 0x00,
    0x00, 0x7F, 0xE3, 0xFF, 0x40, 0x00, 0x00, 0xFF, 0xCF, 0xFC, 0x00, 0x00, 0x03, 0xFF, 0x3F, 0xF0,
    0x00, 0x00, 0x0F, 0xFC, 0xFF, 0xC0, 0x00, 0x00, 0x3F, 0xF3, 0xFF, 0x00, 0x00, 0x00, 0xFF, 0xCF,
    0xFD, 0x00, 0x00, 0x03, 0xFF, 0x2F, 0xF4, 0x00, 0x00, 0x1F, 0xF8, 0x7F, 0xF0, 0x00, 0x00, 0xBF,
    0xD0, 0xFF, 0xD0, 0x00, 0x03, 0xFF, 0x02, 0xFF, 0xC0, 0x00, 0x3F, 0xF8, 0x03, 0xFF, 0xD0, 0x07,
    0xFF, 0xC0, 0x07, 0xFF, 0xFF, 0xFF, 0xFD, 0x00, 0x07, 0xFF, 0xFF, 0xFF, 0xE0, 0x00, 0x03, 0xFF,
    0xFF, 0xFD, 0x00, 0x00, 0x00, 0xBF, 0xFE, 0x40, 0x00, 0xFF, 0xFF, 0xFF, 0xFF, 0xFC, 0xFF, 0xFF,
    0xFF, 0xFF, 0xFC, 0xFF, 0xFF, 0xFF, 0xFF, 0xFC, 0xFF, 0xFF, 0xFF, 0xFF, 0xFC, 0xFF, 0xC0, 0x00,
    0x0F, 0xFC, 0xFF, 0xC0, 0x00, 0x0F, 0xFC, 0xFF, 0xC0, 0x00, 0x0F, 0xFC, 0xFF, 0xC0, 0x00, 0x0F,
    0xFC, 0xFF, 0xC0, 0x00, 0x0F, 0xFC, 0xFF, 0xC0, 0x00, 0x0F, 0xFC, 0xFF, 0xC0, 0x00, 0x0F, 0xFC,
    0xFF, 0xC0, 0x00, 0x0F, 0xFC, 0xFF, 0xC0, 0x00, 0x0F, 0xFC, 0xFF, 0xC0, 0x00, 0x0F, 0xFC, 0xFF,
    0xC0, 0x00, 0x0F, 0xFC, 0xFF, 0xC0, 0x00, 0x0F, 0xFC, 0xFF, 0xC0, 0x00, 0x0F, 0xFC, 0xFF, 0xC0,
    0x00, 0x0F, 0xFC, 0xFF, 0xC0, 0x00, 0x0F, 0xFC, 0xFF, 0xC0, 0x00, 0x0F, 0xFC, 0xFF, 0xC0, 0x00,
    0x0F, 0xFC, 0xFF, 0xC0, 0x00, 0x0F, 0xFC, 0xFF, 0xC0, 0x00, 0x0F, 0xFC, 0xFF, 0xC0, 0x00, 0x0F,
    0xFC, 0xFF, 0xFF, 0xF9, 0x00, 0x3F, 0xFF, 0xFF, 0xF4, 0x0F, 0xFF, 0xFF, 0xFF, 0x83, 0xFF, 0xFF,
    0xFF, 0xF0, 0xFF, 0xC0, 0x1F, 0xFE, 0x3F, 0xF0, 0x01, 0xFF, 0xCF, 0xFC, 0x00, 0x3F, 0xF3, 0xFF,
    0x00, 0x0F, 0xFC, 0xFF, 0xC0, 0x03, 0xFF, 0x3F, 0xF0, 0x02, 0xFF, 0xCF, 0xFC, 0x02, 0xFF, 0xD3,
    0xFF, 0xFF, 0xFF, 0xF0, 0xFF, 0xFF, 0xFF, 0xF4, 0x3F, 0xFF, 0xFF, 0xF0, 0x0F, 0xFF, 0xFF, 0x90,
    0x03, 0xFF, 0x00, 0x00, 0x00, 0xFF, 0xC0, 0x00, 0x00, 0x3F, 0xF0, 0x00, 0x00, 0x0F, 0xFC, 0x00,
    0x00, 0x03, 0xFF, 0x00, 0x00, 0x00, 0xFF, 0xC0, 0x00, 0x00, 0x3F, 0xF0, 0x00, 0x00, 0x0F, 0xFC,
    0x00, 0x00, 0x03, 0xFF, 0x00, 0x00, 0x00, 0x00, 0x01, 0xBF, 0xFA, 0x40, 0x00, 0xBF, 0xFF, 0xFF,
    0xC0, 0x1F, 0xFF, 0xFF, 0xFF, 0x01, 0xFF, 0xFF, 0xFF, 0xF4, 0x0F, 0xFF, 0x80, 0x06, 0xC0, 0xBF,
    0xF4, 0x00, 0x00, 0x03, 0xFF, 0x40, 0x00, 0x00, 0x1F, 0xFC, 0x00, 0x00, 0x00, 0xBF, 0xE0, 0x00,
    0x00, 0x03, 0xFF, 0x40, 0x00, 0x00, 0x0F, 0xFC, 0x00, 0x00, 0x00, 0x3F, 0xF0, 0x00, 0x00, 0x00,
    0xFF, 0xC0, 0x00, 0x00, 0x03, 0xFF, 0x00, 0x00, 0x00, 0x0F, 0xFD, 0x00, 0x00, 0x00, 0x2F, 0xF4,
    0x00, 0x00, 0x00, 0x7F, 0xF0, 0x00, 0x00, 0x00, 0xFF, 0xD0, 0x00, 0x00, 0x02, 0xFF, 0xD0, 0x00,
    0x00, 0x03, 0xFF, 0xE0, 0x00, 0x78, 0x07, 0xFF, 0xFF, 0xFF, 0xE0, 0x07, 0xFF, 0xFF, 0xFF, 0x80,
    0x03, 0xFF, 0xFF, 0xFD, 0x00, 0x00, 0xBF, 0xFE, 0x40, 0xFF, 0xFF, 0xFF, 0xFF, 0xFF, 0xFF, 0xFF,
    0xFF, 0xFF, 0xFF, 0xFF, 0xFF, 0xFF, 0xFF, 0xFF, 0xFF, 0xFF, 0xFF, 0x00, 0x0F, 0xFC, 0x00, 0x00,
    0x00, 0xFF, 0xC0, 0x00, 0x00, 0x0F, 0xFC, 0x00, 0x00, 0x00, 0xFF, 0xC0, 0x00, 0x00, 0x0F, 0xFC,
    0x00, 0x00, 0x00, 0xFF, 0xC0, 0x00, 0x00, 0x0F, 0xFC, 0x00, 0x00, 0x00, 0xFF, 0xC0, 0x00, 0x00,
    0x0F, 0xFC, 0x00, 0x00, 0x00, 0xFF, 0xC0, 0x00, 0x00, 0x0F, 0xFC, 0x00, 0x00, 0x00, 0xFF, 0xC0,
    0x00, 0x00, 0x0F, 0xFC, 0x00, 0x00, 0x00, 0xFF, 0xC0, 0x00, 0x00, 0x0F, 0xFC, 0x00, 0x00, 0x00,
    0xFF, 0xC0, 0x00, 0x00, 0x0F, 0xFC, 0x00, 0x00, 0x00, 0xFF, 0xC0, 0x00, 0x00, 0x0F, 0xFC, 0x00,
    0x00, 0x00, 0xFF, 0xC0, 0x00, 0xBF, 0xF0, 0x00, 0x00, 0xFF, 0xC3, 0xFF, 0x00, 0x00, 0x1F, 0xF8,
    0x3F, 0xF8, 0x00, 0x02, 0xFF, 0x41, 0xFF, 0xC0, 0x00, 0x3F, 0xF0, 0x0F, 0xFD, 0x00, 0x07, 0xFD,
    0x00, 0x7F, 0xE0, 0x00, 0xFF, 0xC0, 0x03, 0xFF, 0x00, 0x0F, 0xF8, 0x00, 0x1F, 0xF8, 0x02, 0xFF,
    0x00, 0x00, 0xFF, 0xC0, 0x3F, 0xE0, 0x00, 0x0B, 0xFD, 0x07, 0xFD, 0x00, 0x00, 0x3F, 0xE0, 0xBF,
    0xC0, 0x00, 0x02, 0xFF, 0x0F, 0xF4, 0x00, 0x00, 0x0F, 0xFA, 0xFF, 0x00, 0x00, 0x00, 0xBF, 0xFF,
    0xE0, 0x00, 0x00, 0x03, 0xFF, 0xFC, 0x00, 0x00, 0x00, 0x3F, 0xFF, 0x80, 0x00, 0x00, 0x01, 0xFF,
    0xF4, 0x00, 0x00, 0x00, 0x0F, 0xFF, 0x00, 0x00, 0x00, 0x00, 0xFF, 0xD0, 0x00, 0x00, 0x00, 0x7F,
    0xF8, 0x00, 0x00, 0x0F, 0xFF, 0xFF, 0x00, 0x00, 0x00, 0xFF, 0xFF, 0xD0, 0x00, 0x00, 0x0F, 0xFF,
    0xF4, 0x00, 0x00, 0x00, 0xBF, 0xE4, 0x00, 0x00, 0x00, 0x00, 0x00, 0x03, 0xFF, 0x00, 0x00, 0x00,
    0x00, 0x00, 0x0F, 0xFC, 0x00, 0x00, 0x00, 0x00, 0x6F, 0xFF, 0xFF, 0xE4, 0x00, 0x00, 0x2F, 0xFF,
    0xFF, 0xFF, 0xFC, 0x00, 0x03, 0xFF, 0xFF, 0xFF, 0xFF, 0xFD, 0x00, 0x3F, 0xFF, 0xFF, 0xFF, 0xFF,
    0xFD, 0x02, 0xFF, 0xE4, 0x3F, 0xF0, 0x7F, 0xFC, 0x1F, 0xFD, 0x00, 0xFF, 0xC0, 0x3F, 0xF4, 0xBF,
    0xE0, 0x03, 0xFF, 0x00, 0xBF, 0xE3, 0xFF, 0x40, 0x0F, 0xFC, 0x00, 0xFF, 0xCF, 0xFC, 0x00, 0x3F,
    0xF0, 0x03, 0xFF, 0x3F, 0xF0, 0x00, 0xFF, 0xC0, 0x0F, 0xFC, 0xFF, 0xC0, 0x03, 0xFF, 0x00, 0x3F,
    0xF3, 0xFF, 0x40, 0x0F, 0xFC, 0x00, 0xFF, 0xCB, 0xFE, 0x00, 0x3F, 0xF0, 0x0B, 0xFE, 0x0F, 0xFD,
    0x00, 0xFF, 0xC0, 0x3F, 0xF4, 0x2F, 0xFE, 0x43, 0xFF, 0x07, 0xFF, 0xC0, 0x3F, 0xFF, 0xFF, 0xFF,
    0xFF, 0xFD, 0x00, 0x3F, 0xFF, 0xFF, 0xFF, 0xFF, 0xD0, 0x00, 0x1F, 0xFF, 0xFF, 0xFF, 0xFC, 0x00,
    0x00, 0x06, 0xBF, 0xFF, 0xF9, 0x00, 0x00, 0x00, 0x00, 0x0F, 0xFC, 0x00, 0x00, 0x00, 0x00, 0x00,
    0x3F, 0xF0, 0x00, 0x00, 0x00, 0x00, 0x00, 0xFF, 0xC0, 0x00, 0x00, 0x1F, 0xFC, 0x00, 0x00, 0x3F,
    0xF4, 0x0B, 0xFF, 0x00, 0x00, 0xBF, 0xE0, 0x03, 0xFF, 0x40, 0x00, 0xFF, 0xC0, 0x01, 0xFF, 0xC0,
    0x03, 0xFF, 0x40, 0x00, 0xFF, 0xE0, 0x07, 0xFF, 0x00, 0x00, 0x3F, 0xF4, 0x0F, 0xFC, 0x00, 0x00,
    0x1F, 0xFC, 0x2F, 0xF8, 0x00, 0x00, 0x0F, 0xFD, 0x3F, 0xF0, 0x00, 0x00, 0x03, 0xFF, 0xFF, 0xD0,
    0x00, 0x00, 0x02, 0xFF, 0xFF, 0x80, 0x00, 0x00, 0x00, 0xFF, 0xFF, 0x00, 0x00, 0x00, 0x00, 0x7F,
    0xFD, 0x00, 0x00, 0x00, 0x00, 0xFF, 0xFE, 0x00, 0x00, 0x00, 0x01, 0xFF, 0xFF, 0x40, 0x00, 0x00,
    0x03, 0xFF, 0xFF, 0xC0, 0x00, 0x00, 0x0B, 0xFE, 0xFF, 0xE0, 0x00, 0x00, 0x1F, 0xFC, 0x3F, 0xF4,
    0x00, 0x00, 0x3F, 0xF4, 0x2F, 0xFC, 0x00, 0x00, 0xBF, 0xE0, 0x0F, 0xFE, 0x00, 0x01, 0xFF, 0xC0,
    0x07, 0xFF, 0x40, 0x03, 0xFF, 0x40, 0x02, 0xFF, 0xC0, 0x0B, 0xFF, 0x00, 0x00, 0xFF, 0xE0, 0x0F,
    0xFC, 0x00, 0x00, 0x7F, 0xF4, 0x3F, 0xF8, 0x00, 0x00, 0x3F, 0xFC, 0xFF, 0xC0, 0x00, 0x0F, 0xFC,
    0x03, 0xFF, 0x00, 0x00, 0x3F, 0xF0, 0x0F, 0xFC, 0x00, 0x00, 0xFF, 0xC0, 0x3F, 0xF0, 0x00, 0x03,
    0xFF, 0x00, 0xFF, 0xC0, 0x00, 0x0F, 0xFC, 0x03, 0xFF, 0x00, 0x00, 0x3F, 0xF0, 0x0F, 0xFC, 0x00,
    0x00, 0xFF, 0xC0, 0x3F, 0xF0, 0x00, 0x03, 0xFF, 0x00, 0xFF, 0xC0, 0x00, 0x0F, 0xFC, 0x03, 0xFF,
    0x00, 0x00, 0x3F, 0xF0, 0x0F, 0xFC, 0x00, 0x00, 0xFF, 0xC0, 0x3F, 0xF0, 0x00, 0x03, 0xFF, 0x00,
    0xFF, 0xC0, 0x00, 0x0F, 0xFC, 0x03, 0xFF, 0x00, 0x00, 0x3F, 0xF0, 0x0F, 0xFC, 0x00, 0x00, 0xFF,
    0xC0, 0x3F, 0xF0, 0x00, 0x03, 0xFF, 0x00, 0xFF, 0xC0, 0x00, 0x0F, 0xFC, 0x03, 0xFF, 0x00, 0x00,
    0x3F, 0xF0, 0x0F, 0xFC, 0x00, 0x00, 0xFF, 0xC0, 0x3F, 0xF0, 0x00, 0x03, 0xFF, 0x00, 0xFF, 0xFF,
    0xFF, 0xFF, 0xFF, 0xFF, 0xFF, 0xFF, 0xFF, 0xFF, 0xFF, 0xFF, 0xFF, 0xFF, 0xFF, 0xFF, 0xFF, 0xFF,
    0xFF, 0xFF, 0xFF, 0xFF, 0xFF, 0x00, 0x00, 0x00, 0x00, 0x0F, 0xFC, 0x00, 0x00, 0x00, 0x00, 0x3F,
    0xF0, 0x00, 0x00, 0x00, 0x00, 0xFF, 0xC0, 0x00, 0x00, 0x00, 0x03, 0xFF, 0x00, 0x00, 0x00, 0x00,
    0x0F, 0xFC, 0x00, 0x00, 0x00, 0x00, 0x00, 0x00, 0xFF, 0xC0, 0x00, 0x0F, 0xFF, 0xFF, 0x00, 0x00,
    0x3F, 0xFF, 0xFC, 0x00, 0x00, 0xFF, 0xFF, 0xF0, 0x00, 0x03, 0xFF, 0xFF, 0xC0, 0x00, 0x0F, 0xFF,
    0xFF, 0x00, 0x00, 0x3F, 0xFF, 0xFC, 0x00, 0x00, 0xFF, 0xFF, 0xF0, 0x00, 0x03, 0xFF, 0xFF, 0xC0,
    0x00, 0x0F, 0xFF, 0xFF, 0x80, 0x00, 0x3F, 0xFB, 0xFF, 0x80, 0x06, 0xFF, 0xCF, 0xFF, 0xFF, 0xFF,
    0xFF, 0x1F, 0xFF, 0xFF, 0xFF, 0xFC, 0x1F, 0xFF, 0xFF, 0xFF, 0xF0, 0x06, 0xFF, 0xE4, 0xFF, 0xC0,
    0x00, 0x00, 0x03, 0xFF, 0x00, 0x00, 0x00, 0x0F, 0xFC, 0x00, 0x00, 0x00, 0x3F, 0xF0, 0x00, 0x00,
    0x00, 0xFF, 0xC0, 0x00, 0x00, 0x03, 0xFF, 0x00, 0x00, 0x00, 0x0F, 0xFC, 0x00, 0x00, 0x00, 0x3F,
    0xF0, 0x00, 0x00, 0x00, 0xFF, 0xC0, 0x00, 0x00, 0x03, 0xFF, 0xFF, 0xC0, 0x00, 0xFF, 0xC0, 0x00,
    0xFF, 0xCF, 0xFC, 0x00, 0x0F, 0xFC, 0x00, 0x0F, 0xFC, 0xFF, 0xC0, 0x00, 0xFF, 0xC0, 0x00, 0xFF,
    0xCF, 0xFC, 0x00, 0x0F, 0xFC, 0x00, 0x0F, 0xFC, 0xFF, 0xC0, 0x00, 0xFF, 0xC0, 0x00, 0xFF, 0xCF,
    0xFC, 0x00, 0x0F, 0xFC, 0x00, 0x0F, 0xFC, 0xFF, 0xC0, 0x00, 0xFF, 0xC0, 0x00, 0xFF, 0xCF, 0xFC,
    0x00, 0x0F, 0xFC, 0x00, 0x0F, 0xFC, 0xFF, 0xC0, 0x00, 0xFF, 0xC0, 0x00, 0xFF, 0xCF, 0xFC, 0x00,
    0x0F, 0xFC, 0x00, 0x0F, 0xFC, 0xFF, 0xC0, 0x00, 0xFF, 0xC0, 0x00, 0xFF, 0xCF, 0xFC, 0x00, 0x0F,
    0xFC, 0x00, 0x0F, 0xFC, 0xFF, 0xC0, 0x00, 0xFF, 0xC0, 0x00, 0xFF, 0xCF, 0xFC, 0x00, 0x0F, 0xFC,
    0x00, 0x0F, 0xFC, 0xFF, 0xC0, 0x00, 0xFF, 0xC0, 0x00, 0xFF, 0xCF, 0xFC, 0x00, 0x0F, 0xFC, 0x00,
    0x0F, 0xFC, 0xFF, 0xC0, 0x00, 0xFF, 0xC0, 0x00, 0xFF, 0xCF, 0xFC, 0x00, 0x0F, 0xFC, 0x00, 0x0F,
    0xFC, 0xFF, 0xC0, 0x00, 0xFF, 0xC0, 0x00, 0xFF, 0xCF, 0xFC, 0x00, 0x0F, 0xFC, 0x00, 0x0F, 0xFC,
    0xFF, 0xFF, 0xFF, 0xFF, 0xFF, 0xFF, 0xFF, 0xCF, 0xFF, 0xFF, 0xFF, 0xFF, 0xFF, 0xFF, 0xFC, 0xFF,
    0xFF, 0xFF, 0xFF, 0xFF, 0xFF, 0xFF, 0xCF, 0xFF, 0xFF, 0xFF, 0xFF, 0xFF, 0xFF, 0xFC, 0xFF, 0xC0,
    0x00, 0xFF, 0xC0, 0x00, 0x3F, 0xF0, 0x3F, 0xF0, 0x00, 0x3F, 0xF0, 0x00, 0x0F, 0xFC, 0x0F, 0xFC,
    0x00, 0x0F, 0xFC, 0x00, 0x03, 0xFF, 0x03, 0xFF, 0x00, 0x03, 0xFF, 0x00, 0x00, 0xFF, 0xC0, 0xFF,
    0xC0, 0x00, 0xFF, 0xC0, 0x00, 0x3F, 0xF0, 0x3F, 0xF0, 0x00, 0x3F, 0xF0, 0x00, 0x0F, 0xFC, 0x0F,
    0xFC, 0x00, 0x0F, 0xFC, 0x00, 0x03, 0xFF, 0x03, 0xFF, 0x00, 0x03, 0xFF, 0x00, 0x00, 0xFF, 0xC0,
    0xFF, 0xC0, 0x00, 0xFF, 0xC0, 0x00, 0x3F, 0xF0, 0x3F, 0xF0, 0x00, 0x3F, 0xF0, 0x00, 0x0F, 0xFC,
    0x0F, 0xFC, 0x00, 0x0F, 0xFC, 0x00, 0x03, 0xFF, 0x03, 0xFF, 0x00, 0x03, 0xFF, 0x00, 0x00, 0xFF,
    0xC0, 0xFF, 0xC0, 0x00, 0xFF, 0xC0, 0x00, 0x3F, 0xF0, 0x3F, 0xF0, 0x00, 0x3F, 0xF0, 0x00, 0x0F,
    0xFC, 0x0F, 0xFC, 0x00, 0x0F, 0xFC, 0x00, 0x03, 0xFF, 0x03, 0xFF, 0x00, 0x03, 0xFF, 0x00, 0x00,
    0xFF, 0xC0, 0xFF, 0xC0, 0x00, 0xFF, 0xC0, 0x00, 0x3F, 0xF0, 0x3F, 0xF0, 0x00, 0x3F, 0xF0, 0x00,
    0x0F, 0xFC, 0x0F, 0xFC, 0x00, 0x0F, 0xFC, 0x00, 0x03, 0xFF, 0x03, 0xFF, 0x00, 0x03, 0xFF, 0x00,
    0x00, 0xFF, 0xC0, 0xFF, 0xFF, 0xFF, 0xFF, 0xFF, 0xFF, 0xFF, 0xFF, 0xFF, 0xFF, 0xFF, 0xFF, 0xFF,
    0xFF, 0xFF, 0xFF, 0xFF, 0xFF, 0xFF, 0xFF, 0xFF, 0xFF, 0xFF, 0xFF, 0xFF, 0xFF, 0xFF, 0xFF, 0xFF,
    0xFF, 0xFF, 0xFF, 0xFF, 0x00, 0x00, 0x00, 0x00, 0x00, 0x00, 0x00, 0xFF, 0xC0, 0x00, 0x00, 0x00,
    0x00, 0x00, 0x00, 0x3F, 0xF0, 0x00, 0x00, 0x00, 0x00, 0x00, 0x00, 0x0F, 0xFC, 0x00, 0x00, 0x00,
    0x00, 0x00, 0x00, 0x03, 0xFF, 0x00, 0x00, 0x00, 0x00, 0x00, 0x00, 0x00, 0xFF, 0xC0, 0x00, 0x00,
    0x00, 0x00, 0x00, 0x00, 0x3F, 0xF0, 0x00, 0x00, 0x00, 0x00, 0x00, 0x00, 0x00, 0x00, 0xFF, 0xFF,
    0xFC, 0x00, 0x00, 0x03, 0xFF, 0xFF, 0xF0, 0x00, 0x00, 0x0F, 0xFF, 0xFF, 0xC0, 0x00, 0x00, 0x3F,
    0xFF, 0xFF, 0x00, 0x00, 0x00, 0x00, 0x0F, 0xFC, 0x00, 0x00, 0x00, 0x00, 0x3F, 0xF0, 0x00, 0x00,
    0x00, 0x00, 0xFF, 0xC0, 0x00, 0x00, 0x00, 0x03, 0xFF, 0x00, 0x00, 0x00, 0x00, 0x0F, 0xFF, 0xFF,
    0x90, 0x00, 0x00, 0x3F, 0xFF, 0xFF, 0xF8, 0x00, 0x00, 0xFF, 0xFF, 0xFF, 0xFC, 0x00, 0x03, 0xFF,
    0xFF, 0xFF, 0xFC, 0x00, 0x0F, 0xFC, 0x01, 0xBF, 0xF4, 0x00, 0x3F, 0xF0, 0x00, 0xBF, 0xE0, 0x00,
    0xFF, 0xC0, 0x01, 0xFF, 0xC0, 0x03, 0xFF, 0x00, 0x03, 0xFF, 0x00, 0x0F, 0xFC, 0x00, 0x0F, 0xFC,
    0x00, 0x3F, 0xF0, 0x00, 0x7F, 0xF0, 0x00, 0xFF, 0xC0, 0x02, 0xFF, 0x80, 0x03, 0xFF, 0x00, 0x2F,
    0xFD, 0x00, 0x0F, 0xFF, 0xFF, 0xFF, 0xF0, 0x00, 0x3F, 0xFF, 0xFF, 0xFF, 0x00, 0x00, 0xFF, 0xFF,
    0xFF, 0xF0, 0x00, 0x03, 0xFF, 0xFF, 0xF9, 0x00, 0xFF, 0xC0, 0x00, 0x00, 0x00, 0xFF, 0xFF, 0xF0,
    0x00, 0x00, 0x00, 0x3F, 0xFF, 0xFC, 0x00, 0x00, 0x00, 0x0F, 0xFF, 0xFF, 0x00, 0x00, 0x00, 0x03,
    0xFF, 0xFF, 0xC0, 0x00, 0x00, 0x00, 0xFF, 0xFF, 0xF0, 0x00, 0x00, 0x00, 0x3F, 0xFF, 0xFC, 0x00,
    0x00, 0x00, 0x0F, 0xFF, 0xFF, 0x00, 0x00, 0x00, 0x03, 0xFF, 0xFF, 0xFF, 0xF9, 0x00, 0x00, 0xFF,
    0xFF, 0xFF, 0xFF, 0xF8, 0x00, 0x3F, 0xFF, 0xFF, 0xFF, 0xFF, 0xC0, 0x0F, 0xFF, 0xFF, 0xFF, 0xFF,
    0xFC, 0x03, 0xFF, 0xFF, 0xC0, 0x1B, 0xFF, 0x40, 0xFF, 0xFF, 0xF0, 0x00, 0xBF, 0xE0, 0x3F, 0xFF,
    0xFC, 0x00, 0x1F, 0xFC, 0x0F, 0xFF, 0xFF, 0x00, 0x03, 0xFF, 0x03, 0xFF, 0xFF, 0xC0, 0x00, 0xFF,
    0xC0, 0xFF, 0xFF, 0xF0, 0x00, 0x7F, 0xF0, 0x3F, 0xFF, 0xFC, 0x00, 0x2F, 0xF8, 0x0F, 0xFF, 0xFF,
    0x00, 0x2F, 0xFD, 0x03, 0xFF, 0xFF, 0xFF, 0xFF, 0xFF, 0x00, 0xFF, 0xFF, 0xFF, 0xFF, 0xFF, 0x00,
    0x3F, 0xFF, 0xFF, 0xFF, 0xFF, 0x00, 0x0F, 0xFF, 0xFF, 0xFF, 0xF8, 0x00, 0x03, 0xFF, 0xFF, 0xC0,
    0x00, 0x00, 0x3F, 0xF0, 0x00, 0x00, 0x0F, 0xFC, 0x00, 0x00, 0x03, 0xFF, 0x00, 0x00, 0x00, 0xFF,
    0xC0, 0x00, 0x00, 0x3F, 0xF0, 0x00, 0x00, 0x0F, 0xFC, 0x00, 0x00, 0x03, 0xFF, 0x00, 0x00, 0x00,
    0xFF, 0xFF, 0xF9, 0x00, 0x3F, 0xFF, 0xFF, 0xF8, 0x0F, 0xFF, 0xFF, 0xFF, 0xC3, 0xFF, 0xFF, 0xFF,
    0xFC, 0xFF, 0xC0, 0x1B, 0xFF, 0x7F, 0xF0, 0x00, 0xBF, 0xEF, 0xFC, 0x00, 0x1F, 0xFF, 0xFF, 0x00,
    0x03, 0xFF, 0xFF, 0xC0, 0x00, 0xFF, 0xFF, 0xF0, 0x00, 0x7F, 0xFF, 0xFC, 0x00, 0x2F, 0xFB, 0xFF,
    0x00, 0x2F, 0xFD, 0xFF, 0xFF, 0xFF, 0xFF, 0x3F, 0xFF, 0xFF, 0xFF, 0x0F, 0xFF, 0xFF, 0xFF, 0x03,
    0xFF, 0xFF, 0xF8, 0x00, 0x01, 0xBF, 0xFE, 0x40, 0x00, 0x3F, 0xFF, 0xFF, 0xF4, 0x00, 0x3F, 0xFF,
    0xFF, 0xFE, 0x00, 0x2F, 0xFF, 0xFF, 0xFF, 0x40, 0x0E, 0x40, 0x07, 0xFF, 0xC0, 0x00, 0x00, 0x00,
    0xBF, 0xE0, 0x00, 0x00, 0x00, 0x3F, 0xF0, 0x00, 0x00, 0x00, 0x2F, 0xF4, 0x00, 0x00, 0x00, 0x1F,
    0xF8, 0x01, 0xFF, 0xFF, 0xFF, 0xFC, 0x01, 0xFF, 0xFF, 0xFF, 0xFC, 0x01, 0xFF, 0xFF, 0xFF, 0xFC,
    0x01, 0xFF, 0xFF, 0xFF, 0xFC, 0x00, 0x00, 0x00, 0x0F, 0xFC, 0x00, 0x00, 0x00, 0x0F, 0xFC, 0x00,
    0x00, 0x00, 0x1F, 0xF8, 0x00, 0x00, 0x00, 0x2F, 0xF4, 0x00, 0x00, 0x00, 0x3F, 0xF0, 0x00, 0x00,
    0x00, 0xFF, 0xE0, 0x39, 0x00, 0x07, 0xFF, 0xC0, 0x3F, 0xFF, 0xFF, 0xFF, 0x40, 0x3F, 0xFF, 0xFF,
    0xFD, 0x00, 0x3F, 0xFF, 0xFF, 0xF4, 0x00, 0x06, 0xFF, 0xFE, 0x00, 0x00, 0xFF, 0xC0, 0x00, 0x06,
    0xFF, 0xE4, 0x00, 0x3F, 0xF0, 0x00, 0x1F, 0xFF, 0xFF, 0xD0, 0x0F, 0xFC, 0x00, 0x2F, 0xFF, 0xFF,
    0xFE, 0x03, 0xFF, 0x00, 0x2F, 0xFF, 0xFF, 0xFF, 0xE0, 0xFF, 0xC0, 0x0F, 0xFF, 0x40, 0x3F, 0xFD,
    0x3F, 0xF0, 0x0B, 0xFF, 0x00, 0x02, 0xFF, 0xCF, 0xFC, 0x03, 0xFF, 0x00, 0x00, 0x3F, 0xF3, 0xFF,
    0x01, 0xFF, 0xC0, 0x00, 0x0B, 0xFD, 0xFF, 0xC0, 0xBF, 0xE0, 0x00, 0x01, 0xFF, 0xBF, 0xFF, 0xFF,
    0xF4, 0x00, 0x00, 0x3F, 0xFF, 0xFF, 0xFF, 0xFC, 0x00, 0x00, 0x0F, 0xFF, 0xFF, 0xFF, 0xFF, 0x00,
    0x00, 0x03, 0xFF, 0xFF, 0xFF, 0xFF, 0xC0, 0x00, 0x00, 0xFF, 0xFF, 0xF0, 0x2F, 0xF0, 0x00, 0x00,
    0x3F, 0xFF, 0xFC, 0x0B, 0xFD, 0x00, 0x00, 0x0F, 0xFF, 0xFF, 0x01, 0xFF, 0x40, 0x00, 0x07, 0xFE,
    0xFF, 0xC0, 0x3F, 0xF0, 0x00, 0x02, 0xFF, 0x7F, 0xF0, 0x0F, 0xFC, 0x00, 0x00, 0xFF, 0xCF, 0xFC,
    0x01, 0xFF, 0xC0, 0x00, 0xFF, 0xF3, 0xFF, 0x00, 0x3F, 0xFD, 0x01, 0xFF, 0xF4, 0xFF, 0xC0, 0x03,
    0xFF, 0xFF, 0xFF, 0xF8, 0x3F, 0xF0, 0x00, 0x7F, 0xFF, 0xFF, 0xF8, 0x0F, 0xFC, 0x00, 0x03, 0xFF,
    0xFF, 0xF4, 0x03, 0xFF, 0x00, 0x00, 0x1B, 0xFF, 0x90, 0x00, 0x00, 0x01, 0xBF, 0xFF, 0xFF, 0x00,
    0x1F, 0xFF, 0xFF, 0xFF, 0x00, 0x7F, 0xFF, 0xFF, 0xFF, 0x00, 0xFF, 0xFF, 0xFF, 0xFF, 0x02, 0xFF,
    0xD0, 0x03, 0xFF, 0x03, 0xFF, 0x40, 0x03, 0xFF, 0x03, 0xFF, 0x00, 0x03, 0xFF, 0x03, 0xFF, 0x00,
    0x03, 0xFF, 0x03, 0xFF, 0x00, 0x03, 0xFF, 0x02, 0xFF, 0x80, 0x03, 0xFF, 0x01, 0xFF, 0xE0, 0x03,
    0xFF, 0x00, 0xBF, 0xFF, 0xFF, 0xFF, 0x00, 0x2F, 0xFF, 0xFF, 0xFF, 0x00, 0x07, 0xFF, 0xFF, 0xFF,
    0x00, 0x03, 0xFF, 0xFF, 0xFF, 0x00, 0x0B, 0xFF, 0x03, 0xFF, 0x00, 0x1F, 0xFC, 0x03, 0xFF, 0x00,
    0x3F, 0xF8, 0x03, 0xFF, 0x00, 0xBF, 0xF0, 0x03, 0xFF, 0x00, 0xFF, 0xD0, 0x03, 0xFF, 0x03, 0xFF,
    0x80, 0x03, 0xFF, 0x07, 0xFF, 0x00, 0x03, 0xFF, 0x0F, 0xFD, 0x00, 0x03, 0xFF, 0x2F, 0xFC, 0x00,
    0x03, 0xFF, 0x01, 0xBF, 0xFE, 0x40, 0x07, 0xFF, 0xFF, 0xFC, 0x01, 0xFF, 0xFF, 0xFF, 0xC0, 0x3F,
    0xFF, 0xFF, 0xF4, 0x0A, 0x40, 0x0F, 0xFF, 0x00, 0x00, 0x00, 0xFF, 0xC0, 0x00, 0x00, 0x3F, 0xF0,
    0x02, 0xFF, 0xFF, 0xFC, 0x0B, 0xFF, 0xFF, 0xFF, 0x0F, 0xFF, 0xFF, 0xFF, 0xC7, 0xFF, 0x40, 0x3F,
    0xF3, 0xFF, 0x40, 0x0F, 0xFC, 0xFF, 0xC0, 0x03, 0xFF, 0x3F, 0xF0, 0x02, 0xFF, 0xCF, 0xFE, 0x01,
    0xFF, 0xF2, 0xFF, 0xFF, 0xFF, 0xFC, 0x3F, 0xFF, 0xFD, 0xFF, 0x07, 0xFF, 0xFC, 0x3F, 0xC0, 0x2F,
    0xF4, 0x0B, 0xF0, 0x00, 0x00, 0x00, 0x15, 0x00, 0x00, 0x06, 0xFF, 0xF0, 0x00, 0x1F, 0xFF, 0xFF,
    0x00, 0x0B, 0xFF, 0xFF, 0xF4, 0x03, 0xFF, 0xFF, 0xFF, 0x40, 0xBF, 0xFF, 0xA5, 0x00, 0x0F, 0xFE,
    0x00, 0x00, 0x02, 0xFF, 0x40, 0x00, 0x00, 0x3F, 0xE0, 0x00, 0x00, 0x07, 0xFC, 0x1B, 0xFD, 0x00,
    0xBF, 0xCF, 0xFF, 0xFD, 0x0F, 0xFB, 0xFF, 0xFF, 0xF0, 0xFF, 0xFF, 0xFF, 0xFF, 0xCF, 0xFF, 0x80,
    0x2F, 0xFD, 0xFF, 0xF0, 0x00, 0xFF, 0xEF, 0xFD, 0x00, 0x07, 0xFF, 0xFF, 0xC0, 0x00, 0x3F, 0xFF,
    0xFC, 0x00, 0x03, 0xFF, 0xFF, 0xC0, 0x00, 0x3F, 0xFB, 0xFC, 0x00, 0x03, 0xFF, 0x7F, 0xD0, 0x00,
    0x7F, 0xE3, 0xFF, 0x00, 0x0F, 0xFD, 0x2F, 0xF8, 0x02, 0xFF, 0xC0, 0xFF, 0xFF, 0xFF, 0xF4, 0x07,
    0xFF, 0xFF, 0xFE, 0x00, 0x1F, 0xFF, 0xFF, 0x40, 0x00, 0x1B, 0xFE, 0x40, 0x00, 0xFF, 0xFF, 0xFE,
    0x40, 0x3F, 0xFF, 0xFF, 0xFE, 0x0F, 0xFF, 0xFF, 0xFF, 0xD3, 0xFF, 0xFF, 0xFF, 0xFC, 0xFF, 0xC0,
    0x0B, 0xFF, 0x3F, 0xF0, 0x00, 0xFF, 0xCF, 0xFC, 0x00, 0xBF, 0xE3, 0xFF, 0xFF, 0xFF, 0xF0, 0xFF,
    0xFF, 0xFF, 0x90, 0x3F, 0xFF, 0xFF, 0xF8, 0x0F, 0xFF, 0xFF, 0xFF, 0xC3, 0xFF, 0x00, 0x3F, 0xF8,
    0xFF, 0xC0, 0x03, 0xFF, 0x3F, 0xF0, 0x00, 0xFF, 0xCF, 0xFC, 0x00, 0xBF, 0xF3, 0xFF, 0xFF, 0xFF,
    0xF8, 0xFF, 0xFF, 0xFF, 0xFC, 0x3F, 0xFF, 0xFF, 0xFC, 0x0F, 0xFF, 0xFF, 0xE4, 0x00, 0xFF, 0xFF,
    0xFF, 0xBF, 0xFF, 0xFF, 0xEF, 0xFF, 0xFF, 0xFB, 0xFF, 0xFF, 0xFD, 0xFF, 0xC0, 0x00, 0x3F, 0xF0,
    0x00, 0x0F, 0xFC, 0x00, 0x03, 0xFF, 0x00, 0x00, 0xFF, 0xC0, 0x00, 0x3F, 0xF0, 0x00, 0x0F, 0xFC,
    0x00, 0x03, 0xFF, 0x00, 0x00, 0xFF, 0xC0, 0x00, 0x3F, 0xF0, 0x00, 0x0F, 0xFC, 0x00, 0x03, 0xFF,
    0x00, 0x00, 0xFF, 0xC0, 0x00, 0x3F, 0xF0, 0x00, 0x0F, 0xFC, 0x00, 0x00, 0x00, 0xFF, 0xFF, 0xFF,
    0xF0, 0x00, 0x3F, 0xFF, 0xFF, 0xFC, 0x00, 0x0F, 0xFF, 0xFF, 0xFF, 0x00, 0x03, 0xFF, 0xFF, 0xFF,
    0xC0, 0x00, 0xFF, 0x00, 0x3F, 0xF0, 0x00, 0x3F, 0xC0, 0x0F, 0xFC, 0x00, 0x0F, 0xF0, 0x03, 0xFF,
    0x00, 0x03, 0xFC, 0x00, 0xFF, 0xC0, 0x00, 0xFF, 0x00, 0x3F, 0xF0, 0x00, 0x3F, 0xC0, 0x0F, 0xFC,
    0x00, 0x0F, 0xF0, 0x03, 0xFF, 0x00, 0x07, 0xFC, 0x00, 0xFF, 0xC0, 0x02, 0xFE, 0x00, 0x3F, 0xF0,
    0x00, 0xFF, 0x40, 0x0F, 0xFC, 0x00, 0xBF, 0xC0, 0x03, 0xFF, 0x03, 0xFF, 0xFF, 0xFF, 0xFF, 0xFF,
    0xFF, 0xFF, 0xFF, 0xFF, 0xFF, 0xFF, 0xFF, 0xFF, 0xFF, 0xFF, 0xFF, 0xFF, 0xFF, 0xFF, 0xFF, 0xFF,
    0xFF, 0x00, 0x00, 0x03, 0xFF, 0xFF, 0xC0, 0x00, 0x00, 0xFF, 0xFF, 0xF0, 0x00, 0x00, 0x3F, 0xFF,
    0xFC, 0x00, 0x00, 0x0F, 0xFF, 0xFF, 0x00, 0x00, 0x03, 0xFF, 0x00, 0x00, 0x00, 0x00, 0x00, 0x00,
    0x00, 0x1B, 0xFE, 0x40, 0x00, 0x7F, 0xFF, 0xFC, 0x00, 0xBF, 0xFF, 0xFF, 0xC0, 0x7F, 0xFF, 0xFF,
    0xFC, 0x3F, 0xF8, 0x07, 0xFF, 0x5F, 0xF8, 0x00, 0x7F, 0xEB, 0xFC, 0x00, 0x0F, 0xFF, 0xFF, 0xFF,
    0xFF, 0xFF, 0xFF, 0xFF, 0xFF, 0xFF, 0xFF, 0xFF, 0xFF, 0xFF, 0xFF, 0xFF, 0xFF, 0xFF, 0xFF, 0xFF,
    0x00, 0x00, 0x00, 0xBF, 0xD0, 0x00, 0x00, 0x1F, 0xFC, 0x00, 0x00, 0x03, 0xFF, 0xD0, 0x01, 0xB0,
    0x7F, 0xFF, 0xFF, 0xFC, 0x0B, 0xFF, 0xFF, 0xFF, 0x00, 0x7F, 0xFF, 0xFF, 0x80, 0x01, 0xBF, 0xFA,
    0x00, 0x0F, 0xFC, 0x00, 0x3F, 0xF0, 0x01, 0xFF, 0x80, 0x7F, 0xE0, 0x03, 0xFF, 0x00, 0x3F, 0xF0,
    0x02, 0xFF, 0x40, 0x3F, 0xF0, 0x0B, 0xFC, 0x00, 0x0F, 0xFC, 0x03, 0xFF, 0x01, 0xFF, 0x80, 0x00,
    0x7F, 0xE0, 0x3F, 0xF0, 0x3F, 0xF0, 0x00, 0x02, 0xFF, 0x43, 0xFF, 0x0B, 0xFC, 0x00, 0x00, 0x0F,
    0xFC, 0x3F, 0xF0, 0xFF, 0x80, 0x00, 0x00, 0x7F, 0xFF, 0xFF, 0xFF, 0xF0, 0x00, 0x00, 0x02, 0xFF,
    0xFF, 0xFF, 0xFC, 0x00, 0x00, 0x00, 0x3F, 0xFF, 0xFF, 0xFF, 0xD0, 0x00, 0x00, 0x0B, 0xFF, 0xFF,
    0xFF, 0xFF, 0x00, 0x00, 0x00, 0xFF, 0xD3, 0xFF, 0x1F, 0xF8, 0x00, 0x00, 0x3F, 0xF8, 0x3F, 0xF0,
    0xFF, 0xD0, 0x00, 0x07, 0xFF, 0x03, 0xFF, 0x03, 0xFF, 0x00, 0x00, 0xFF, 0xD0, 0x3F, 0xF0, 0x2F,
    0xF8, 0x00, 0x3F, 0xFC, 0x03, 0xFF, 0x00, 0xFF, 0xD0, 0x07, 0xFF, 0x00, 0x3F, 0xF0, 0x0B, 0xFF,
    0x00, 0xFF, 0xE0, 0x03, 0xFF, 0x00, 0x3F, 0xF8, 0x2F, 0xFC, 0x00, 0x3F, 0xF0, 0x01, 0xFF, 0xC0,
    0x01, 0xBF, 0xFD, 0x00, 0x3F, 0xFF, 0xFF, 0xD0, 0x2F, 0xFF, 0xFF, 0xF4, 0x1F, 0xFF, 0xFF, 0xFC,
    0x09, 0x00, 0x1F, 0xFC, 0x00, 0x00, 0x0F, 0xFC, 0x00, 0x00, 0x2F, 0xF8, 0x01, 0xFF, 0xFF, 0xE0,
    0x01, 0xFF, 0xFE, 0x40, 0x01, 0xFF, 0xFF, 0x80, 0x01, 0xFF, 0xFF, 0xF0, 0x00, 0x00, 0x2F, 0xF8,
    0x00, 0x00, 0x0F, 0xFC, 0x00, 0x00, 0x0F, 0xFC, 0x34, 0x00, 0x2F, 0xFC, 0x3F, 0xFF, 0xFF, 0xF8,
    0x3F, 0xFF, 0xFF, 0xF0, 0x3F, 0xFF, 0xFF, 0xC0, 0x06, 0xFF, 0xF9, 0x00, 0xFF, 0xC0, 0x03, 0xFF,
    0xCF, 0xFC, 0x00, 0xBF, 0xFC, 0xFF, 0xC0, 0x0F, 0xFF, 0xCF, 0xFC, 0x01, 0xFF, 0xFC, 0xFF, 0xC0,
    0x3F, 0xFF, 0xCF, 0xFC, 0x07, 0xFF, 0xFC, 0xFF, 0xC0, 0xFF, 0xFF, 0xCF, 0xFC, 0x1F, 0xDF, 0xFC,
    0xFF, 0xC3, 0xFC, 0xFF, 0xCF, 0xFC, 0x7F, 0x4F, 0xFC, 0xFF, 0xCF, 0xF0, 0xFF, 0xCF, 0xFD, 0xFD,
    0x0F, 0xFC, 0xFF, 0xFF, 0xC0, 0xFF, 0xCF, 0xFF, 0xF4, 0x0F, 0xFC, 0xFF, 0xFF, 0x00, 0xFF, 0xCF,
    0xFF, 0xE0, 0x0F, 0xFC, 0xFF, 0xFC, 0x00, 0xFF, 0xCF, 0xFF, 0x80, 0x0F, 0xFC, 0xFF, 0xF0, 0x00,
    0xFF, 0xC0, 0x06, 0xA4, 0x06, 0xA4, 0x00, 0xBF, 0xC0, 0xFF, 0x80, 0x07, 0xFD, 0x1F, 0xF4, 0x00,
    0x3F, 0xFF, 0xFF, 0x00, 0x00, 0xFF, 0xFF, 0xC0, 0x00, 0x02, 0xFF, 0xD0, 0x00, 0x00, 0x00, 0x00,
    0x00, 0x00, 0x00, 0x00, 0x00, 0x00, 0xFF, 0xC0, 0x03, 0xFF, 0xCF, 0xFC, 0x00, 0xBF, 0xFC, 0xFF,
    0xC0, 0x0F, 0xFF, 0xCF, 0xFC, 0x01, 0xFF, 0xFC, 0xFF, 0xC0, 0x3F, 0xFF, 0xCF, 0xFC, 0x07, 0xFF,
    0xFC, 0xFF, 0xC0, 0xFF, 0xFF, 0xCF, 0xFC, 0x1F, 0xDF, 0xFC, 0xFF, 0xC3, 0xFC, 0xFF, 0xCF, 0xFC,
    0x7F, 0x4F, 0xFC, 0xFF, 0xCF, 0xF0, 0xFF, 0xCF, 0xFD, 0xFD, 0x0F, 0xFC, 0xFF, 0xFF, 0xC0, 0xFF,
    0xCF, 0xFF, 0xF4, 0x0F, 0xFC, 0xFF, 0xFF, 0x00, 0xFF, 0xCF, 0xFF, 0xE0, 0x0F, 0xFC, 0xFF, 0xFC,
    0x00, 0xFF, 0xCF, 0xFF, 0x80, 0x0F, 0xFC, 0xFF, 0xF0, 0x00, 0xFF, 0xC0, 0xFF, 0xC0, 0x00, 0xFF,
    0xCF, 0xFC, 0x00, 0x3F, 0xF4, 0xFF, 0xC0, 0x0B, 0xFE, 0x0F, 0xFC, 0x01, 0xFF, 0xC0, 0xFF, 0xC0,
    0x3F, 0xF0, 0x0F, 0xFC, 0x0B, 0xFD, 0x00, 0xFF, 0xC1, 0xFF, 0x80, 0x0F, 0xFF, 0xFF, 0xF0, 0x00,
    0xFF, 0xFF, 0xFD, 0x00, 0x0F, 0xFF, 0xFF, 0xE0, 0x00, 0xFF, 0xFF, 0xFF, 0x40, 0x0F, 0xFC, 0x2F,
    0xFC, 0x00, 0xFF, 0xC0, 0xFF, 0xE0, 0x0F, 0xFC, 0x07, 0xFF, 0x40, 0xFF, 0xC0, 0x3F, 0xFC, 0x0F,
    0xFC, 0x00, 0xFF, 0xE0, 0xFF, 0xC0, 0x07, 0xFF, 0x0F, 0xFC, 0x00, 0x3F, 0xFC, 0xFF, 0xC0, 0x00,
    0xFF, 0xE0, 0x00, 0xFF, 0xFF, 0xFF, 0xF0, 0x03, 0xFF, 0xFF, 0xFF, 0xC0, 0x0F, 0xFF, 0xFF, 0xFF,
    0x00, 0x3F, 0xFF, 0xFF, 0xFC, 0x00, 0xFF, 0x00, 0x3F, 0xF0, 0x03, 0xFC, 0x00, 0xFF, 0xC0, 0x0F,
    0xF0, 0x03, 0xFF, 0x00, 0x3F, 0xC0, 0x0F, 0xFC, 0x00, 0xFF, 0x00, 0x3F, 0xF0, 0x03, 0xFC, 0x00,
    0xFF, 0xC0, 0x0F, 0xF0, 0x03, 0xFF, 0x00, 0x7F, 0xC0, 0x0F, 0xFC, 0x01, 0xFF, 0x00, 0x3F, 0xF0,
    0x0B, 0xF8, 0x00, 0xFF, 0xC0, 0x7F, 0xD0, 0x03, 0xFF, 0x3F, 0xFF, 0x00, 0x0F, 0xFC, 0xFF, 0xFC,
    0x00, 0x3F, 0xF3, 0xFF, 0xC0, 0x00, 0xFF, 0xCF, 0xF8, 0x00, 0x03, 0xFF, 0x00, 0xFF, 0xFE, 0x00,
    0x01, 0xFF, 0xFF, 0xFF, 0xFC, 0x00, 0x0B, 0xFF, 0xFF, 0xFF, 0xF4, 0x00, 0x3F, 0xFF, 0xFF, 0xFF,
    0xE0, 0x01, 0xFF, 0xFF, 0xFF, 0xFF, 0xC0, 0x0B, 0xFF, 0xFF, 0xFF, 0xBF, 0x00, 0x3F, 0xBF, 0xFF,
    0xFD, 0xFE, 0x01, 0xFD, 0xFF, 0xFF, 0xF3, 0xFC, 0x0B, 0xF3, 0xFF, 0xFF, 0xCB, 0xF0, 0x3F, 0x8F,
    0xFF, 0xFF, 0x1F, 0xE1, 0xFD, 0x3F, 0xFF, 0xFC, 0x3F, 0xCB, 0xF0, 0xFF, 0xFF, 0xF0, 0xBF, 0x3F,
    0xC3, 0xFF, 0xFF, 0xC1, 0xFF, 0xFD, 0x0F, 0xFF, 0xFF, 0x03, 0xFF, 0xF0, 0x3F, 0xFF, 0xFC, 0x0B,
    0xFF, 0xC0, 0xFF, 0xFF, 0xF0, 0x1F, 0xFD, 0x03, 0xFF, 0xFF, 0xC0, 0x3F, 0xF0, 0x0F, 0xFF, 0xFF,
    0x00, 0xBF, 0xC0, 0x3F, 0xFF, 0xFC, 0x01, 0xFE, 0x00, 0xFF, 0xC0, 0xFF, 0xC0, 0x00, 0xFF, 0xFF,
    0xF0, 0x00, 0x3F, 0xFF, 0xFC, 0x00, 0x0F, 0xFF, 0xFF, 0x00, 0x03, 0xFF, 0xFF, 0xC0, 0x00, 0xFF,
    0xFF, 0xF0, 0x00, 0x3F, 0xFF, 0xFC, 0x00, 0x0F, 0xFF, 0xFF, 0x00, 0x03, 0xFF, 0xFF, 0xFF, 0xFF,
    0xFF, 0xFF, 0xFF, 0xFF, 0xFF, 0xFF, 0xFF, 0xFF, 0xFF, 0xFF, 0xFF, 0xFF, 0xFF, 0xFF, 0xFF, 0xC0,
    0x00, 0xFF, 0xFF, 0xF0, 0x00, 0x3F, 0xFF, 0xFC, 0x00, 0x0F, 0xFF, 0xFF, 0x00, 0x03, 0xFF, 0xFF,
    0xC0, 0x00, 0xFF, 0xFF, 0xF0, 0x00, 0x3F, 0xFF, 0xFC, 0x00, 0x0F, 0xFC, 0x00, 0x1B, 0xFE, 0x40,
    0x00, 0x1F, 0xFF, 0xFF, 0x40, 0x0B, 0xFF, 0xFF, 0xFE, 0x01, 0xFF, 0xFF, 0xFF, 0xF4, 0x3F, 0xF8,
    0x02, 0xFF, 0xC7, 0xFF, 0x00, 0x0F, 0xFD, 0xBF, 0xD0, 0x00, 0x7F, 0xEF, 0xFC, 0x00, 0x03, 0xFF,
    0xFF, 0xC0, 0x00, 0x3F, 0xFF, 0xFC, 0x00, 0x03, 0xFF, 0xFF, 0xC0, 0x00, 0x3F, 0xFF, 0xFC, 0x00,
    0x03, 0xFF, 0xBF, 0xD0, 0x00, 0x7F, 0xE7, 0xFF, 0x00, 0x0F, 0xFD, 0x3F, 0xF8, 0x02, 0xFF, 0xC1,
    0xFF, 0xFF, 0xFF, 0xF4, 0x0B, 0xFF, 0xFF, 0xFE, 0x00, 0x1F, 0xFF, 0xFF, 0x40, 0x00, 0x1B, 0xFE,
    0x40, 0x00, 0xFF, 0xFF, 0xFF, 0xFF, 0x3F, 0xFF, 0xFF, 0xFF, 0xCF, 0xFF, 0xFF, 0xFF, 0xF3, 0xFF,
    0xFF, 0xFF, 0xFC, 0xFF, 0xC0, 0x03, 0xFF, 0x3F, 0xF0, 0x00, 0xFF, 0xCF, 0xFC, 0x00, 0x3F, 0xF3,
    0xFF, 0x00, 0x0F, 0xFC, 0xFF, 0xC0, 0x03, 0xFF, 0x3F, 0xF0, 0x00, 0xFF, 0xCF, 0xFC, 0x00, 0x3F,
    0xF3, 0xFF, 0x00, 0x0F, 0xFC, 0xFF, 0xC0, 0x03, 0xFF, 0x3F, 0xF0, 0x00, 0xFF, 0xCF, 0xFC, 0x00,
    0x3F, 0xF3, 0xFF, 0x00, 0x0F, 0xFC, 0xFF, 0xC0, 0x03, 0xFF, 0x3F, 0xF0, 0x00, 0xFF, 0xCF, 0xFC,
    0x00, 0x3F, 0xF0, 0xFF, 0x41, 0xFF, 0x80, 0x3F, 0xE3, 0xFF, 0xFD, 0x0F, 0xFF, 0xFF, 0xFF, 0xC3,
    0xFF, 0xFF, 0xFF, 0xFC, 0xFF, 0xF4, 0x0B, 0xFF, 0x3F, 0xF8, 0x00, 0xFF, 0xEF, 0xFD, 0x00, 0x1F,
    0xFF, 0xFF, 0x00, 0x03, 0xFF, 0xFF, 0xC0, 0x00, 0xFF, 0xFF, 0xF0, 0x00, 0x3F, 0xFF, 0xFC, 0x00,
    0x0F, 0xFF, 0xFF, 0x00, 0x03, 0xFF, 0xFF, 0xD0, 0x01, 0xFF, 0xBF, 0xFC, 0x00, 0xFF, 0xEF, 0xFF,
    0x80, 0xBF, 0xF3, 0xFF, 0xFF, 0xFF, 0xF8, 0xFF, 0xFF, 0xFF, 0xFC, 0x3F, 0xF3, 0xFF, 0xFD, 0x0F,
    0xFC, 0x2F, 0xF8, 0x03, 0xFF, 0x00, 0x00, 0x00, 0xFF, 0xC0, 0x00, 0x00, 0x3F, 0xF0, 0x00, 0x00,
    0x0F, 0xFC, 0x00, 0x00, 0x03, 0xFF, 0x00, 0x00, 0x00, 0xFF, 0xC0, 0x00, 0x00, 0x3F, 0xF0, 0x00,
    0x00, 0x0F, 0xFC, 0x00, 0x00, 0x00, 0x00, 0x1B, 0xFF, 0x90, 0x01, 0xFF, 0xFF, 0xFC, 0x07, 0xFF,
    0xFF, 0xF8, 0x1F, 0xFF, 0xFF, 0xF0, 0x3F, 0xFD, 0x00, 0x60, 0x7F, 0xF0, 0x00, 0x00, 0xBF, 0xE0,
    0x00, 0x00, 0xFF, 0xD0, 0x00, 0x00, 0xFF, 0xC0, 0x00, 0x00, 0xFF, 0xC0, 0x00, 0x00, 0xFF, 0xC0,
    0x00, 0x00, 0xFF, 0xC0, 0x00, 0x00, 0xBF, 0xE0, 0x00, 0x00, 0x7F, 0xF0, 0x00, 0x00, 0x3F, 0xFD,
    0x00, 0x14, 0x1F, 0xFF, 0xFF, 0xF8, 0x0B, 0xFF, 0xFF, 0xF8, 0x02, 0xFF, 0xFF, 0xF8, 0x00, 0x1B,
    0xFF, 0x90, 0xFF, 0xFF, 0xFF, 0xFF, 0xFF, 0xFF, 0xFF, 0xFF, 0xFF, 0xFF, 0xFF, 0xFF, 0xFF, 0xFF,
    0xFF, 0xFF, 0x00, 0x0F, 0xFC, 0x00, 0x00, 0x0F, 0xFC, 0x00, 0x00, 0x0F, 0xFC, 0x00, 0x00, 0x0F,
    0xFC, 0x00, 0x00, 0x0F, 0xFC, 0x00, 0x00, 0x0F, 0xFC, 0x00, 0x00, 0x0F, 0xFC, 0x00, 0x00, 0x0F,
    0xFC, 0x00, 0x00, 0x0F, 0xFC, 0x00, 0x00, 0x0F, 0xFC, 0x00, 0x00, 0x0F, 0xFC, 0x00, 0x00, 0x0F,
    0xFC, 0x00, 0x00, 0x0F, 0xFC, 0x00, 0x00, 0x0F, 0xFC, 0x00, 0x00, 0x0F, 0xFC, 0x00, 0x3F, 0xF4,
    0x00, 0x07, 0xFF, 0x0B, 0xFF, 0x00, 0x02, 0xFF, 0x40, 0xFF, 0xC0, 0x00, 0xFF, 0xC0, 0x3F, 0xF4,
    0x00, 0x7F, 0xF0, 0x07, 0xFE, 0x00, 0x2F, 0xF4, 0x00, 0xFF, 0xC0, 0x0F, 0xFC, 0x00, 0x2F, 0xF4,
    0x03, 0xFE, 0x00, 0x03, 0xFE, 0x01, 0xFF, 0x40, 0x00, 0xFF, 0xC0, 0xFF, 0xC0, 0x00, 0x1F, 0xF4,
    0x3F, 0xE0, 0x00, 0x03, 0xFE, 0x1F, 0xF0, 0x00, 0x00, 0xBF, 0xCB, 0xFC, 0x00, 0x00, 0x1F, 0xF7,
    0xFD, 0x00, 0x00, 0x03, 0xFE, 0xFF, 0x00, 0x00, 0x00, 0xBF, 0xFF, 0x80, 0x00, 0x00, 0x0F, 0xFF,
    0xD0, 0x00, 0x00, 0x03, 0xFF, 0xF0, 0x00, 0x00, 0x00, 0x7F, 0xF8, 0x00, 0x00, 0x00, 0x0F, 0xFD,
    0x00, 0x00, 0x00, 0x03, 0xFF, 0x00, 0x00, 0x00, 0x01, 0xFF, 0x80, 0x00, 0x00, 0x00, 0xFF, 0xC0,
    0x00, 0x00, 0x00, 0xFF, 0xE0, 0x00, 0x00, 0x3F, 0xFF, 0xF0, 0x00, 0x00, 0x0F, 0xFF, 0xF4, 0x00,
    0x00, 0x03, 0xFF, 0xF4, 0x00, 0x00, 0x00, 0xFF, 0xE0, 0x00, 0x00, 0x00, 0x00, 0x00, 0x0F, 0xFC,
    0x00, 0x00, 0x00, 0x00, 0x03, 0xFF, 0x00, 0x00, 0x00, 0x00, 0x00, 0xFF, 0xC0, 0x00, 0x00, 0x00,
    0x00, 0x3F, 0xF0, 0x00, 0x00, 0x00, 0x00, 0x0F, 0xFC, 0x00, 0x00, 0x00, 0x00, 0x03, 0xFF, 0x00,
    0x00, 0x00, 0x00, 0x00, 0xFF, 0xC0, 0x00, 0x00, 0x00, 0x1B, 0xFF, 0xFE, 0x40, 0x00, 0x00, 0xBF,
    0xFF, 0xFF, 0xFE, 0x00, 0x01, 0xFF, 0xFF, 0xFF, 0xFF, 0xF4, 0x00, 0xFF, 0xFF, 0xFF, 0xFF, 0xFF,
    0x40, 0xFF, 0xF4, 0x3F, 0xF1, 0xFF, 0xF0, 0x7F, 0xF0, 0x0F, 0xFC, 0x0F, 0xFD, 0x2F, 0xF8, 0x03,
    0xFF, 0x02, 0xFF, 0x8F, 0xFD, 0x00, 0xFF, 0xC0, 0x3F, 0xF3, 0xFF, 0x00, 0x3F, 0xF0, 0x0F, 0xFC,
    0xFF, 0xC0, 0x0F, 0xFC, 0x03, 0xFF, 0x3F, 0xF0, 0x03, 0xFF, 0x00, 0xFF, 0xCF, 0xFD, 0x00, 0xFF,
    0xC0, 0x3F, 0xF2, 0xFF, 0x80, 0x3F, 0xF0, 0x2F, 0xF8, 0x7F, 0xF0, 0x0F, 0xFC, 0x0F, 0xFD, 0x0F,
    0xFF, 0x43, 0xFF, 0x1F, 0xFF, 0x00, 0xFF, 0xFF, 0xFF, 0xFF, 0xFF, 0x00, 0x0F, 0xFF, 0xFF, 0xFF,
    0xFF, 0x40, 0x00, 0xBF, 0xFF, 0xFF, 0xFE, 0x00, 0x00, 0x01, 0xBF, 0xFF, 0xE4, 0x00, 0x00, 0x00,
    0x00, 0xFF, 0xC0, 0x00, 0x00, 0x00, 0x00, 0x3F, 0xF0, 0x00, 0x00, 0x00, 0x00, 0x0F, 0xFC, 0x00,
    0x00, 0x00, 0x00, 0x03, 0xFF, 0x00, 0x00, 0x00, 0x00, 0x00, 0xFF, 0xC0, 0x00, 0x00, 0x00, 0x00,
    0x3F, 0xF0, 0x00, 0x00, 0x00, 0x00, 0x0F, 0xFC, 0x00, 0x00, 0x00, 0x00, 0x03, 0xFF, 0x00, 0x00,
    0x00, 0x3F, 0xFC, 0x00, 0x2F, 0xFC, 0x0F, 0xFD, 0x00, 0x3F, 0xF4, 0x0B, 0xFF, 0x00, 0xFF, 0xE0,
    0x03, 0xFF, 0x41, 0xFF, 0xC0, 0x01, 0xFF, 0xC3, 0xFF, 0x40, 0x00, 0xBF, 0xE7, 0xFE, 0x00, 0x00,
    0x3F, 0xFF, 0xFC, 0x00, 0x00, 0x1F, 0xFF, 0xF4, 0x00, 0x00, 0x0F, 0xFF, 0xF0, 0x00, 0x00, 0x07,
    0xFF, 0xD0, 0x00, 0x00, 0x0F, 0xFF, 0xF0, 0x00, 0x00, 0x2F, 0xFF, 0xF8, 0x00, 0x00, 0x7F, 0xFF,
    0xFD, 0x00, 0x00, 0xFF, 0xD7, 0xFF, 0x00, 0x02, 0xFF, 0x82, 0xFF, 0x80, 0x03, 0xFF, 0x00, 0xFF,
    0xD0, 0x0F, 0xFE, 0x00, 0xBF, 0xF0, 0x1F, 0xFC, 0x00, 0x3F, 0xF8, 0x3F, 0xF4, 0x00, 0x1F, 0xFC,
    0xFF, 0xC0, 0x03, 0xFF, 0x03, 0xFF, 0x00, 0x0F, 0xFC, 0x0F, 0xFC, 0x00, 0x3F, 0xF0, 0x3F, 0xF0,
    0x00, 0xFF, 0xC0, 0xFF, 0xC0, 0x03, 0xFF, 0x03, 0xFF, 0x00, 0x0F, 0xFC, 0x0F, 0xFC, 0x00, 0x3F,
    0xF0, 0x3F, 0xF0, 0x00, 0xFF, 0xC0, 0xFF, 0xC0, 0x03, 0xFF, 0x03, 0xFF, 0x00, 0x0F, 0xFC, 0x0F,
    0xFC, 0x00, 0x3F, 0xF0, 0x3F, 0xF0, 0x00, 0xFF, 0xC0, 0xFF, 0xC0, 0x03, 0xFF, 0x03, 0xFF, 0x00,
    0x0F, 0xFC, 0x0F, 0xFC, 0x00, 0x3F, 0xF0, 0x3F, 0xFF, 0xFF, 0xFF, 0xFF, 0xFF, 0xFF, 0xFF, 0xFF,
    0xFF, 0xFF, 0xFF, 0xFF, 0xFF, 0xFF, 0xFF, 0xFF, 0xFF, 0xFF, 0xC0, 0x00, 0x00, 0x03, 0xFF, 0x00,
    0x00, 0x00, 0x0F, 0xFC, 0x00, 0x00, 0x00, 0x3F, 0xF0, 0x00, 0x00, 0x00, 0xFF, 0xC0, 0x00, 0x00,
    0x03, 0xFF, 0x00, 0x00, 0x00, 0x00, 0x00, 0xFF, 0xC0, 0x00, 0xFF, 0xFF, 0xF0, 0x00, 0x3F, 0xFF,
    0xFC, 0x00, 0x0F, 0xFF, 0xFF, 0x00, 0x03, 0xFF, 0xFF, 0xC0, 0x00, 0xFF, 0xFF, 0xF0, 0x00, 0x3F,
    0xFF, 0xFC, 0x00, 0x0F, 0xFF, 0xFF, 0x40, 0x03, 0xFF, 0xBF, 0xF4, 0x02, 0xFF, 0xDF, 0xFF, 0xFF,
    0xFF, 0xF3, 0xFF, 0xFF, 0xFF, 0xFC, 0x3F, 0xFF, 0xFF, 0xFF, 0x01, 0xBF, 0xE5, 0xFF, 0xC0, 0x00,
    0x00, 0x3F, 0xF0, 0x00, 0x00, 0x0F, 0xFC, 0x00, 0x00, 0x03, 0xFF, 0x00, 0x00, 0x00, 0xFF, 0xC0,
    0x00, 0x00, 0x3F, 0xF0, 0x00, 0x00, 0x0F, 0xFC, 0xFF, 0xC0, 0x03, 0xFF, 0x00, 0x0F, 0xFF, 0xFF,
    0x00, 0x0F, 0xFC, 0x00, 0x3F, 0xFF, 0xFC, 0x00, 0x3F, 0xF0, 0x00, 0xFF, 0xFF, 0xF0, 0x00, 0xFF,
    0xC0, 0x03, 0xFF, 0xFF, 0xC0, 0x03, 0xFF, 0x00, 0x0F, 0xFF, 0xFF, 0x00, 0x0F, 0xFC, 0x00, 0x3F,
    0xFF, 0xFC, 0x00, 0x3F, 0xF0, 0x00, 0xFF, 0xFF, 0xF0, 0x00, 0xFF, 0xC0, 0x03, 0xFF, 0xFF, 0xC0,
    0x03, 0xFF, 0x00, 0x0F, 0xFF, 0xFF, 0x00, 0x0F, 0xFC, 0x00, 0x3F, 0xFF, 0xFC, 0x00, 0x3F, 0xF0,
    0x00, 0xFF, 0xFF, 0xF0, 0x00, 0xFF, 0xC0, 0x03, 0xFF, 0xFF, 0xC0, 0x03, 0xFF, 0x00, 0x0F, 0xFF,
    0xFF, 0x00, 0x0F, 0xFC, 0x00, 0x3F, 0xFF, 0xFC, 0x00, 0x3F, 0xF0, 0x00, 0xFF, 0xFF, 0xFF, 0xFF,
    0xFF, 0xFF, 0xFF, 0xFF, 0xFF, 0xFF, 0xFF, 0xFF, 0xFF, 0xFF, 0xFF, 0xFF, 0xFF, 0xFF, 0xFF, 0xFF,
    0xFF, 0xFF, 0xFF, 0xFF, 0xFF, 0xFF, 0xFF, 0xFF, 0xC0, 0xFF, 0xC0, 0x03, 0xFF, 0x00, 0x3F, 0xF0,
    0x3F, 0xF0, 0x00, 0xFF, 0xC0, 0x0F, 0xFC, 0x0F, 0xFC, 0x00, 0x3F, 0xF0, 0x03, 0xFF, 0x03, 0xFF,
    0x00, 0x0F, 0xFC, 0x00, 0xFF, 0xC0, 0xFF, 0xC0, 0x03, 0xFF, 0x00, 0x3F, 0xF0, 0x3F, 0xF0, 0x00,
    0xFF, 0xC0, 0x0F, 0xFC, 0x0F, 0xFC, 0x00, 0x3F, 0xF0, 0x03, 0xFF, 0x03, 0xFF, 0x00, 0x0F, 0xFC,
    0x00, 0xFF, 0xC0, 0xFF, 0xC0, 0x03, 0xFF, 0x00, 0x3F, 0xF0, 0x3F, 0xF0, 0x00, 0xFF, 0xC0, 0x0F,
    0xFC, 0x0F, 0xFC, 0x00, 0x3F, 0xF0, 0x03, 0xFF, 0x03, 0xFF, 0x00, 0x0F, 0xFC, 0x00, 0xFF, 0xC0,
    0xFF, 0xC0, 0x03, 0xFF, 0x00, 0x3F, 0xF0, 0x3F, 0xF0, 0x00, 0xFF, 0xC0, 0x0F, 0xFC, 0x0F, 0xFC,
    0x00, 0x3F, 0xF0, 0x03, 0xFF, 0x03, 0xFF, 0xFF, 0xFF, 0xFF, 0xFF, 0xFF, 0xFF, 0xFF, 0xFF, 0xFF,
    0xFF, 0xFF, 0xFF, 0xFF, 0xFF, 0xFF, 0xFF, 0xFF, 0xFF, 0xFF, 0xFF, 0xFF, 0xFF, 0xFF, 0xFF, 0xFF,
    0xFF, 0xFF, 0xFC, 0x00, 0x00, 0x00, 0x00, 0x00, 0x03, 0xFF, 0x00, 0x00, 0x00, 0x00, 0x00, 0x00,
    0xFF, 0xC0, 0x00, 0x00, 0x00, 0x00, 0x00, 0x3F, 0xF0, 0x00, 0x00, 0x00, 0x00, 0x00, 0x0F, 0xFC,
    0x00, 0x00, 0x00, 0x00, 0x00, 0x03, 0xFF, 0x00, 0x00, 0x00, 0x00, 0x00, 0x00, 0x00, 0x00, 0xFF,
    0xFF, 0xF0, 0x00, 0x00, 0x3F, 0xFF, 0xFC, 0x00, 0x00, 0x0F, 0xFF, 0xFF, 0x00, 0x00, 0x03, 0xFF,
    0xFF, 0xC0, 0x00, 0x00, 0x00, 0x3F, 0xF0, 0x00, 0x00, 0x00, 0x0F, 0xFC, 0x00, 0x00, 0x00, 0x03,
    0xFF, 0xFF, 0xE4, 0x00, 0x00, 0xFF, 0xFF, 0xFF, 0xE0, 0x00, 0x3F, 0xFF, 0xFF, 0xFE, 0x00, 0x0F,
    0xFF, 0xFF, 0xFF, 0xD0, 0x03, 0xFF, 0x00, 0x7F, 0xF8, 0x00, 0xFF, 0xC0, 0x07, 0xFF, 0x00, 0x3F,
    0xF0, 0x00, 0xFF, 0xC0, 0x0F, 0xFC, 0x00, 0x7F, 0xF0, 0x03, 0xFF, 0x00, 0x7F, 0xF8, 0x00, 0xFF,
    0xFF, 0xFF, 0xFD, 0x00, 0x3F, 0xFF, 0xFF, 0xFF, 0x00, 0x0F, 0xFF, 0xFF, 0xFE, 0x00, 0x03, 0xFF,
    0xFF, 0xF8, 0x00, 0xFF, 0xC0, 0x00, 0x00, 0x0F, 0xFC, 0xFF, 0xC0, 0x00, 0x00, 0x0F, 0xFC, 0xFF,
    0xC0, 0x00, 0x00, 0x0F, 0xFC, 0xFF, 0xC0, 0x00, 0x00, 0x0F, 0xFC, 0xFF, 0xC0, 0x00, 0x00, 0x0F,
    0xFC, 0xFF, 0xC0, 0x00, 0x00, 0x0F, 0xFC, 0xFF, 0xFF, 0xE8, 0x00, 0x0F, 0xFC, 0xFF, 0xFF, 0xFF,
    0x80, 0x0F, 0xFC, 0xFF, 0xFF, 0xFF, 0xF0, 0x0F, 0xFC, 0xFF, 0xFF, 0xFF, 0xF4, 0x0F, 0xFC, 0xFF,
    0xC0, 0x3F, 0xFC, 0x0F, 0xFC, 0xFF, 0xC0, 0x0F, 0xFC, 0x0F, 0xFC, 0xFF, 0xC0, 0x0F, 0xFC, 0x0F,
    0xFC, 0xFF, 0xC0, 0x0F, 0xFC, 0x0F, 0xFC, 0xFF, 0xC0, 0x3F, 0xFC, 0x0F, 0xFC, 0xFF, 0xFF, 0xFF,
    0xF4, 0x0F, 0xFC, 0xFF, 0xFF, 0xFF, 0xF0, 0x0F, 0xFC, 0xFF, 0xFF, 0xFF, 0xC0, 0x0F, 0xFC, 0xFF,
    0xFF, 0xF9, 0x00, 0x0F, 0xFC, 0xFF, 0xC0, 0x00, 0x00, 0xFF, 0xC0, 0x00, 0x00, 0xFF, 0xC0, 0x00,
    0x00, 0xFF, 0xC0, 0x00, 0x00, 0xFF, 0xC0, 0x00, 0x00, 0xFF, 0xC0, 0x00, 0x00, 0xFF, 0xFF, 0xF9,
    0x00, 0xFF, 0xFF, 0xFF, 0xE0, 0xFF, 0xFF, 0xFF, 0xF8, 0xFF, 0xFF, 0xFF, 0xFD, 0xFF, 0xC0, 0x1F,
    0xFF, 0xFF, 0xC0, 0x07, 0xFF, 0xFF, 0xC0, 0x03, 0xFF, 0xFF, 0xC0, 0x07, 0xFF, 0xFF, 0xC0, 0x1F,
    0xFE, 0xFF, 0xFF, 0xFF, 0xFD, 0xFF, 0xFF, 0xFF, 0xF8, 0xFF, 0xFF, 0xFF, 0xE0, 0xFF, 0xFF, 0xFE,
    0x00, 0x06, 0xFF, 0xE4, 0x00, 0x0F, 0xFF, 0xFF, 0xD0, 0x02, 0xFF, 0xFF, 0xFE, 0x00, 0x3F, 0xFF,
    0xFF, 0xE0, 0x09, 0x00, 0x7F, 0xFC, 0x00, 0x00, 0x03, 0xFF, 0x80, 0x00, 0x00, 0x7F, 0xF0, 0x07,
    0xFF, 0xFF, 0xFC, 0x01, 0xFF, 0xFF, 0xFF, 0x00, 0x7F, 0xFF, 0xFF, 0xC0, 0x1F, 0xFF, 0xFF, 0xF0,
    0x00, 0x00, 0x0F, 0xFC, 0x00, 0x00, 0x0B, 0xFE, 0x00, 0x00, 0x03, 0xFF, 0x42, 0x40, 0x07, 0xFF,
    0xC0, 0xFF, 0xFF, 0xFF, 0xD0, 0x3F, 0xFF, 0xFF, 0xE0, 0x0F, 0xFF, 0xFF, 0xD0, 0x00, 0x6F, 0xFE,
    0x40, 0x00, 0xFF, 0xC0, 0x00, 0xBF, 0xF8, 0x00, 0x3F, 0xF0, 0x02, 0xFF, 0xFF, 0xE0, 0x0F, 0xFC,
    0x03, 0xFF, 0xFF, 0xFE, 0x03, 0xFF, 0x02, 0xFF, 0xFF, 0xFF, 0xD0, 0xFF, 0xC0, 0xFF, 0xE0, 0x2F,
    0xFC, 0x3F, 0xF0, 0xBF, 0xE0, 0x02, 0xFF, 0x4F, 0xFC, 0x3F, 0xF4, 0x00, 0x7F, 0xE3, 0xFF, 0xFF,
    0xFC, 0x00, 0x0F, 0xFC, 0xFF, 0xFF, 0xFF, 0x00, 0x03, 0xFF, 0x3F, 0xFF, 0xFF, 0xC0, 0x00, 0xFF,
    0xCF, 0xFF, 0xFF, 0xF0, 0x00, 0x3F, 0xF3, 0xFF, 0x0F, 0xFC, 0x00, 0x0F, 0xFC, 0xFF, 0xC2, 0xFF,
    0x40, 0x07, 0xFE, 0x3F, 0xF0, 0x7F, 0xE0, 0x02, 0xFF, 0x4F, 0xFC, 0x0F, 0xFE, 0x02, 0xFF, 0xC3,
    0xFF, 0x01, 0xFF, 0xFF, 0xFF, 0xE0, 0xFF, 0xC0, 0x2F, 0xFF, 0xFF, 0xE0, 0x3F, 0xF0, 0x02, 0xFF,
    0xFF, 0xE0, 0x0F, 0xFC, 0x00, 0x0B, 0xFF, 0x80, 0x00, 0x00, 0x1B, 0xFF, 0xFF, 0xF0, 0x0F, 0xFF,
    0xFF, 0xFF, 0x03, 0xFF, 0xFF, 0xFF, 0xF0, 0xBF, 0xFF, 0xFF, 0xFF, 0x0F, 0xFE, 0x00, 0x3F, 0xF0,
    0xFF, 0xC0, 0x03, 0xFF, 0x0F, 0xFC, 0x00, 0x3F, 0xF0, 0xFF, 0xF0, 0x03, 0xFF, 0x07, 0xFF, 0xFF,
    0xFF, 0xF0, 0x3F, 0xFF, 0xFF, 0xFF, 0x00, 0xBF, 0xFF, 0xFF, 0xF0, 0x02, 0xFF, 0xFF, 0xFF, 0x00,
    0x7F, 0xF0, 0x3F, 0xF0, 0x0F, 0xFE, 0x03, 0xFF, 0x02, 0xFF, 0xC0, 0x3F, 0xF0, 0x3F, 0xF4, 0x03,
    0xFF, 0x0F, 0xFE, 0x00, 0x3F, 0xF2, 0xFF, 0xC0, 0x03, 0xFF, 0x3F, 0xF4, 0x00, 0x3F, 0xF0, 0x02,
    0xAA, 0x40, 0x00, 0x00, 0xBF, 0xF0, 0x00, 0x00, 0x07, 0xFF, 0x00, 0x00, 0x00, 0x7F, 0xE0, 0x00,
    0x00, 0x07, 0xFD, 0x00, 0x00, 0x00, 0x3F, 0xC0, 0x00, 0x00, 0x00, 0x00, 0x00, 0x00, 0x00, 0x00,
    0x00, 0x00, 0x1B, 0xFE, 0x40, 0x00, 0x7F, 0xFF, 0xFC, 0x00, 0xBF, 0xFF, 0xFF, 0xC0, 0x7F, 0xFF,
    0xFF, 0xFC, 0x3F, 0xF8, 0x03, 0xFF, 0x5F, 0xF8, 0x00, 0x3F, 0xEB, 0xFC, 0x00, 0x0F, 0xFF, 0xFF,
    0xFF, 0xFF, 0xFF, 0xFF, 0xFF, 0xFF, 0xFF, 0xFF, 0xFF, 0xFF, 0xFF, 0xFF, 0xFF, 0xFF, 0xFF, 0xFF,
    0xFF, 0x00, 0x00, 0x00, 0xBF, 0xD0, 0x00, 0x00, 0x1F, 0xFC, 0x00, 0x00, 0x03, 0xFF, 0xD0, 0x01,
    0xB0, 0x7F, 0xFF, 0xFF, 0xFC, 0x0B, 0xFF, 0xFF, 0xFF, 0x00, 0x7F, 0xFF, 0xFF, 0xC0, 0x01, 0xBF,
    0xFE, 0x00, 0x01, 0xFC, 0x03, 0xF0, 0x00, 0xFF, 0xC3, 0xFF, 0x00, 0x3F, 0xF0, 0xFF, 0xC0, 0x0F,
    0xFC, 0x3F, 0xF0, 0x00, 0xFC, 0x03, 0xF0, 0x00, 0x00, 0x00, 0x00, 0x00, 0x00, 0x00, 0x00, 0x00,
    0x00, 0x6F, 0xF9, 0x00, 0x01, 0xFF, 0xFF, 0xF0, 0x02, 0xFF, 0xFF, 0xFF, 0x01, 0xFF, 0xFF, 0xFF,
    0xF0, 0xFF, 0xE0, 0x1F, 0xFD, 0x7F, 0xE0, 0x01, 0xFF, 0xAF, 0xF0, 0x00, 0x3F, 0xFF, 0xFF, 0xFF,
    0xFF, 0xFF, 0xFF, 0xFF, 0xFF, 0xFF, 0xFF, 0xFF, 0xFF, 0xFF, 0xFF, 0xFF, 0xFF, 0xFF, 0xFF, 0xFC,
    0x00, 0x00, 0x02, 0xFF, 0x40, 0x00, 0x00, 0x7F, 0xF0, 0x00, 0x00, 0x0F, 0xFF, 0x40, 0x06, 0xC1,
    0xFF, 0xFF, 0xFF, 0xF0, 0x1F, 0xFF, 0xFF, 0xFC, 0x01, 0xFF, 0xFF, 0xFF, 0x00, 0x06, 0xFF, 0xF9,
    0x00, 0x03, 0xFF, 0x00, 0x00, 0x00, 0x03, 0xFF, 0x00, 0x00, 0x00, 0xFF, 0xFF, 0xFF, 0xC0, 0x00,
    0xFF, 0xFF, 0xFF, 0xC0, 0x00, 0xFF, 0xFF, 0xFF, 0xC0, 0x00, 0xFF, 0xFF, 0xFF, 0xC0, 0x00, 0x03,
    0xFF, 0x00, 0x00, 0x00, 0x03, 0xFF, 0x00, 0x00, 0x00, 0x03, 0xFF, 0x06, 0xFD, 0x00, 0x03, 0xFF,
    0x2F, 0xFF, 0xC0, 0x03, 0xFF, 0xBF, 0xFF, 0xF0, 0x03, 0xFF, 0xFF, 0xFF, 0xF4, 0x03, 0xFF, 0xE0,
    0x7F, 0xFC, 0x03, 0xFF, 0xC0, 0x1F, 0xFC, 0x03, 0xFF, 0x40, 0x0F, 0xFC, 0x03, 0xFF, 0x00, 0x0F,
    0xFC, 0x03, 0xFF, 0x00, 0x0F, 0xFC, 0x03, 0xFF, 0x00, 0x0F, 0xFC, 0x03, 0xFF, 0x00, 0x0F, 0xFC,
    0x03, 0xFF, 0x00, 0x0F, 0xFC, 0x03, 0xFF, 0x00, 0x0F, 0xFC, 0x03, 0xFF, 0x00, 0x0F, 0xFC, 0x03,
    0xFF, 0x00, 0x0F, 0xFC, 0x03, 0xFF, 0x00, 0x0F, 0xFC, 0x03, 0xFF, 0x00, 0x0F, 0xFC, 0x03, 0xFF,
    0x00, 0x0F, 0xFC, 0x00, 0x00, 0x00, 0x0F, 0xFC, 0x00, 0x00, 0x00, 0x0F, 0xFC, 0x00, 0x00, 0x00,
    0x0F, 0xFC, 0x00, 0x00, 0x00, 0x3F, 0xF8, 0x00, 0x00, 0x2F, 0xFF, 0xF4, 0x00, 0x00, 0x2F, 0xFF,
    0xF0, 0x00, 0x00, 0x2F, 0xFF, 0xC0, 0x00, 0x00, 0x1F, 0xFD, 0x00, 0x00, 0x02, 0xFF, 0xC0, 0x01,
    0xFF, 0x80, 0x00, 0xFF, 0x80, 0x00, 0xBF, 0x80, 0x00, 0x7F, 0x80, 0x00, 0x1A, 0x40, 0x00, 0x00,
    0x00, 0x03, 0xFF, 0xFF, 0xFE, 0xFF, 0xFF, 0xFF, 0xBF, 0xFF, 0xFF, 0xEF, 0xFF, 0xFF, 0xF7, 0xFF,
    0x00, 0x00, 0xFF, 0xC0, 0x00, 0x3F, 0xF0, 0x00, 0x0F, 0xFC, 0x00, 0x03, 0xFF, 0x00, 0x00, 0xFF,
    0xC0, 0x00, 0x3F, 0xF0, 0x00, 0x0F, 0xFC, 0x00, 0x03, 0xFF, 0x00, 0x00, 0xFF, 0xC0, 0x00, 0x3F,
    0xF0, 0x00, 0x0F, 0xFC, 0x00, 0x03, 0xFF, 0x00, 0x00, 0xFF, 0xC0, 0x00, 0x3F, 0xF0, 0x00, 0x00,
    0x00, 0x1B, 0xFF, 0x90, 0x01, 0xFF, 0xFF, 0xFC, 0x07, 0xFF, 0xFF, 0xF4, 0x1F, 0xFF, 0xFF, 0xF0,
    0x3F, 0xFD, 0x00, 0x50, 0x7F, 0xF0, 0x00, 0x00, 0xBF, 0xE0, 0x00, 0x00, 0xFF, 0xFF, 0xFF, 0x00,
    0xFF, 0xFF, 0xFF, 0x00, 0xFF, 0xFF, 0xFF, 0x00, 0xFF, 0xFF, 0xFF, 0x00, 0xFF, 0xC0, 0x00, 0x00,
    0xBF, 0xE0, 0x00, 0x00, 0x7F, 0xF0, 0x00, 0x00, 0x3F, 0xFD, 0x00, 0x14, 0x1F, 0xFF, 0xFF, 0xF8,
    0x0B, 0xFF, 0xFF, 0xF8, 0x02, 0xFF, 0xFF, 0xF8, 0x00, 0x1B, 0xFF, 0x90, 0x01, 0xBF, 0xF9, 0x01,
    0xFF, 0xFF, 0xFD, 0x7F, 0xFF, 0xFF, 0xDB, 0xFF, 0xFF, 0xFC, 0xFF, 0xD0, 0x07, 0x8F, 0xFC, 0x00,
    0x00, 0xFF, 0xF4, 0x00, 0x07, 0xFF, 0xF4, 0x00, 0x2F, 0xFF, 0xF8, 0x00, 0xBF, 0xFF, 0xF4, 0x00,
    0xBF, 0xFF, 0xC0, 0x00, 0x7F, 0xFE, 0x00, 0x00, 0xBF, 0xF0, 0x00, 0x03, 0xFF, 0xE4, 0x00, 0xBF,
    0xFF, 0xFF, 0xFF, 0xFE, 0xFF, 0xFF, 0xFF, 0xCF, 0xFF, 0xFF, 0xF0, 0x1B, 0xFF, 0xE4, 0x00, 0x7F,
    0x4F, 0xFC, 0xFF, 0xCF, 0xFC, 0x3F, 0x40, 0x00, 0x00, 0x0F, 0xFC, 0xFF, 0xCF, 0xFC, 0xFF, 0xCF,
    0xFC, 0xFF, 0xCF, 0xFC, 0xFF, 0xCF, 0xFC, 0xFF, 0xCF, 0xFC, 0xFF, 0xCF, 0xFC, 0xFF, 0xCF, 0xFC,
    0xFF, 0xCF, 0xFC, 0xFF, 0xCF, 0xFC, 0x7D, 0x1F, 0x7F, 0xCF, 0xFF, 0xF3, 0xFF, 0xFC, 0xFF, 0x7D,
    0x1F, 0x40, 0x00, 0x00, 0x00, 0x00, 0x3F, 0xF0, 0x0F, 0xFC, 0x03, 0xFF, 0x00, 0xFF, 0xC0, 0x3F,
    0xF0, 0x0F, 0xFC, 0x03, 0xFF, 0x00, 0xFF, 0xC0, 0x3F, 0xF0, 0x0F, 0xFC, 0x03, 0xFF, 0x00, 0xFF,
    0xC0, 0x3F, 0xF0, 0x0F, 0xFC, 0x03, 0xFF, 0x00, 0xFF, 0xC0, 0x3F, 0xF0, 0x0F, 0xFC, 0x03, 0xFF,
    0x00, 0x00, 0x7F, 0x40, 0x0F, 0xFC, 0x00, 0xFF, 0xC0, 0x0F, 0xFC, 0x00, 0x3F, 0x40, 0x00, 0x00,
    0x00, 0x00, 0x00, 0x0F, 0xFC, 0x00, 0xFF, 0xC0, 0x0F, 0xFC, 0x00, 0xFF, 0xC0, 0x0F, 0xFC, 0x00,
    0xFF, 0xC0, 0x0F, 0xFC, 0x00, 0xFF, 0xC0, 0x0F, 0xFC, 0x00, 0xFF, 0xC0, 0x0F, 0xFC, 0x00, 0xFF,
    0xC0, 0x0F, 0xFC, 0x00, 0xFF, 0xC0, 0x0F, 0xFC, 0x00, 0xFF, 0xC0, 0x0F, 0xFC, 0x00, 0xFF, 0xC0,
    0x0F, 0xFC, 0x00, 0xFF, 0xC0, 0x0F, 0xFC, 0x00, 0xFF, 0xC0, 0x2F, 0xFC, 0xFF, 0xFF, 0x8F, 0xFF,
    0xF0, 0xFF, 0xFD, 0x0B, 0xFE, 0x00, 0x00, 0xFF, 0xFF, 0xFF, 0xF0, 0x00, 0x00, 0x00, 0x3F, 0xFF,
    0xFF, 0xFC, 0x00, 0x00, 0x00, 0x0F, 0xFF, 0xFF, 0xFF, 0x00, 0x00, 0x00, 0x03, 0xFF, 0xFF, 0xFF,
    0xC0, 0x00, 0x00, 0x00, 0xFF, 0x00, 0x3F, 0xF0, 0x00, 0x00, 0x00, 0x3F, 0xC0, 0x0F, 0xFC, 0x00,
    0x00, 0x00, 0x0F, 0xF0, 0x03, 0xFF, 0xFF, 0xE4, 0x00, 0x03, 0xFC, 0x00, 0xFF, 0xFF, 0xFF, 0xC0,
    0x00, 0xFF, 0x00, 0x3F, 0xFF, 0xFF, 0xFC, 0x00, 0x3F, 0xC0, 0x0F, 0xFF, 0xFF, 0xFF, 0x80, 0x0F,
    0xF0, 0x03, 0xFF, 0x00, 0xFF, 0xF0, 0x03, 0xFC, 0x00, 0xFF, 0xC0, 0x0F, 0xFC, 0x00, 0xFF, 0x00,
    0x3F, 0xF0, 0x03, 0xFF, 0x00, 0x7F, 0x80, 0x0F, 0xFC, 0x00, 0xFF, 0xC0, 0x3F, 0xE0, 0x03, 0xFF,
    0x00, 0xFF, 0xF3, 0xFF, 0xF4, 0x00, 0xFF, 0xFF, 0xFF, 0xF4, 0xFF, 0xFC, 0x00, 0x3F, 0xFF, 0xFF,
    0xFC, 0x3F, 0xFC, 0x00, 0x0F, 0xFF, 0xFF, 0xF8, 0x0F, 0xF8, 0x00, 0x03, 0xFF, 0xFF, 0xE0, 0x00,
    0xFF, 0xC0, 0x03, 0xFF, 0x00, 0x00, 0x03, 0xFF, 0x00, 0x0F, 0xFC, 0x00, 0x00, 0x0F, 0xFC, 0x00,
    0x3F, 0xF0, 0x00, 0x00, 0x3F, 0xF0, 0x00, 0xFF, 0xC0, 0x00, 0x00, 0xFF, 0xC0, 0x03, 0xFF, 0x00,
    0x00, 0x03, 0xFF, 0x00, 0x0F, 0xFC, 0x00, 0x00, 0x0F, 0xFC, 0x00, 0x3F, 0xF0, 0x00, 0x00, 0x3F,
    0xFF, 0xFF, 0xFF, 0xFF, 0xFE, 0x40, 0xFF, 0xFF, 0xFF, 0xFF, 0xFF, 0xFF, 0xC3, 0xFF, 0xFF, 0xFF,
    0xFF, 0xFF, 0xFF, 0xCF, 0xFF, 0xFF, 0xFF, 0xFF, 0xFF, 0xFF, 0xBF, 0xF0, 0x00, 0xFF, 0xC0, 0x0B,
    0xFF, 0xFF, 0xC0, 0x03, 0xFF, 0x00, 0x0F, 0xFF, 0xFF, 0x00, 0x0F, 0xFC, 0x00, 0x3F, 0xFF, 0xFC,
    0x00, 0x3F, 0xF0, 0x02, 0xFF, 0xFF, 0xF0, 0x00, 0xFF, 0xFF, 0xFF, 0xFE, 0xFF, 0xC0, 0x03, 0xFF,
    0xFF, 0xFF, 0xF3, 0xFF, 0x00, 0x0F, 0xFF, 0xFF, 0xFF, 0x0F, 0xFC, 0x00, 0x3F, 0xFF, 0xFF, 0x90,
    0x00, 0x03, 0xFF, 0x00, 0x00, 0x00, 0x03, 0xFF, 0x00, 0x00, 0x00, 0xFF, 0xFF, 0xFF, 0xC0, 0x00,
    0xFF, 0xFF, 0xFF, 0xC0, 0x00, 0xFF, 0xFF, 0xFF, 0xC0, 0x00, 0xFF, 0xFF, 0xFF, 0xC0, 0x00, 0x03,
    0xFF, 0x00, 0x00, 0x00, 0x03, 0xFF, 0x00, 0x00, 0x00, 0x03, 0xFF, 0x06, 0xF9, 0x00, 0x03, 0xFF,
    0x2F, 0xFF, 0xC0, 0x03, 0xFF, 0xBF, 0xFF, 0xF0, 0x03, 0xFF, 0xFF, 0xFF, 0xF4, 0x03, 0xFF, 0xE0,
    0x7F, 0xFC, 0x03, 0xFF, 0xC0, 0x1F, 0xFC, 0x03, 0xFF, 0x40, 0x0F, 0xFC, 0x03, 0xFF, 0x00, 0x0F,
    0xFC, 0x03, 0xFF, 0x00, 0x0F, 0xFC, 0x03, 0xFF, 0x00, 0x0F, 0xFC, 0x03, 0xFF, 0x00, 0x0F, 0xFC,
    0x03, 0xFF, 0x00, 0x0F, 0xFC, 0x03, 0xFF, 0x00, 0x0F, 0xFC, 0x03, 0xFF, 0x00, 0x0F, 0xFC, 0x03,
    0xFF, 0x00, 0x0F, 0xFC, 0x03, 0xFF, 0x00, 0x0F, 0xFC, 0x03, 0xFF, 0x00, 0x0F, 0xFC, 0x03, 0xFF,
    0x00, 0x0F, 0xFC, 0x00, 0x00, 0x2F, 0xFC, 0x00, 0x00, 0x07, 0xFE, 0x00, 0x00, 0x00, 0xFF, 0x80,
    0x00, 0x00, 0x3F, 0xE0, 0x00, 0x00, 0x0B, 0xF8, 0x00, 0x00, 0x00, 0xA9, 0x00, 0x00, 0x00, 0x00,
    0x00, 0x00, 0x0F, 0xFC, 0x00, 0x1F, 0xF8, 0xFF, 0xC0, 0x03, 0xFF, 0x0F, 0xFC, 0x00, 0xFF, 0xD0,
    0xFF, 0xC0, 0x2F, 0xF8, 0x0F, 0xFC, 0x03, 0xFF, 0x00, 0xFF, 0xC0, 0xFF, 0xC0, 0x0F, 0xFC, 0x2F,
    0xF4, 0x00, 0xFF, 0xFF, 0xFF, 0x00, 0x0F, 0xFF, 0xFF, 0xC0, 0x00, 0xFF, 0xFF, 0xFD, 0x00, 0x0F,
    0xFF, 0xFF, 0xF0, 0x00, 0xFF, 0xC3, 0xFF, 0x80, 0x0F, 0xFC, 0x0F, 0xFD, 0x00, 0xFF, 0xC0, 0xBF,
    0xF0, 0x0F, 0xFC, 0x03, 0xFF, 0x80, 0xFF, 0xC0, 0x1F, 0xFD, 0x0F, 0xFC, 0x00, 0xBF, 0xF0, 0xFF,
    0xC0, 0x03, 0xFF, 0x8F, 0xFC, 0x00, 0x1F, 0xFC, 0x03, 0xFF, 0x80, 0x00, 0x00, 0x0F, 0xFD, 0x00,
    0x00, 0x00, 0x3F, 0xF0, 0x00, 0x00, 0x00, 0xBF, 0x80, 0x00, 0x00, 0x02, 0xFC, 0x00, 0x00, 0x00,
    0x06, 0x80, 0x00, 0x00, 0x00, 0x00, 0x00, 0x0F, 0xFC, 0x00, 0x3F, 0xFC, 0xFF, 0xC0, 0x0B, 0xFF,
    0xCF, 0xFC, 0x00, 0xFF, 0xFC, 0xFF, 0xC0, 0x1F, 0xFF, 0xCF, 0xFC, 0x03, 0xFF, 0xFC, 0xFF, 0xC0,
    0x7F, 0xFF, 0xCF, 0xFC, 0x0F, 0xFF, 0xFC, 0xFF, 0xC1, 0xFD, 0xFF, 0xCF, 0xFC, 0x3F, 0xCF, 0xFC,
    0xFF, 0xC7, 0xF4, 0xFF, 0xCF, 0xFC, 0xFF, 0x0F, 0xFC, 0xFF, 0xDF, 0xD0, 0xFF, 0xCF, 0xFF, 0xFC,
    0x0F, 0xFC, 0xFF, 0xFF, 0x40, 0xFF, 0xCF, 0xFF, 0xF0, 0x0F, 0xFC, 0xFF, 0xFE, 0x00, 0xFF, 0xCF,
    0xFF, 0xC0, 0x0F, 0xFC, 0xFF, 0xF8, 0x00, 0xFF, 0xCF, 0xFF, 0x00, 0x0F, 0xFC, 0x00, 0x6A, 0x40,
    0x1A, 0x80, 0x00, 0x1F, 0xF0, 0x0F, 0xF4, 0x00, 0x03, 0xFE, 0x0B, 0xFC, 0x00, 0x00, 0xBF, 0xFF,
    0xFE, 0x00, 0x00, 0x0B, 0xFF, 0xFE, 0x00, 0x00, 0x00, 0x6F, 0xF9, 0x00, 0x00, 0x00, 0x00, 0x00,
    0x00, 0x00, 0x00, 0x00, 0x00, 0x00, 0x00, 0x3F, 0xF4, 0x00, 0x07, 0xFF, 0x0B, 0xFF, 0x00, 0x02,
    0xFF, 0x40, 0xFF, 0xC0, 0x00, 0xFF, 0xC0, 0x3F, 0xF4, 0x00, 0x7F, 0xF0, 0x07, 0xFE, 0x00, 0x2F,
    0xF4, 0x00, 0xFF, 0xC0, 0x0F, 0xFC, 0x00, 0x2F, 0xF4, 0x03, 0xFE, 0x00, 0x03, 0xFE, 0x01, 0xFF,
    0x40, 0x00, 0xFF, 0xC0, 0xFF, 0xC0, 0x00, 0x1F, 0xF4, 0x3F, 0xE0, 0x00, 0x03, 0xFE, 0x1F, 0xF0,
    0x00, 0x00, 0xBF, 0xCB, 0xFC, 0x00, 0x00, 0x1F, 0xF7, 0xFD, 0x00, 0x00, 0x03, 0xFE, 0xFF, 0x00,
    0x00, 0x00, 0xBF, 0xFF, 0x80, 0x00, 0x00, 0x0F, 0xFF, 0xD0, 0x00, 0x00, 0x03, 0xFF, 0xF0, 0x00,
    0x00, 0x00, 0x7F, 0xF8, 0x00, 0x00, 0x00, 0x0F, 0xFD, 0x00, 0x00, 0x00, 0x03, 0xFF, 0x00, 0x00,
    0x00, 0x01, 0xFF, 0x80, 0x00, 0x00, 0x00, 0xFF, 0xC0, 0x00, 0x00, 0x00, 0xFF, 0xE0, 0x00, 0x00,
    0x3F, 0xFF, 0xF0, 0x00, 0x00, 0x0F, 0xFF, 0xF4, 0x00, 0x00, 0x03, 0xFF, 0xF4, 0x00, 0x00, 0x00,
    0xFF, 0xE0, 0x00, 0x00, 0x00, 0xFF, 0xC0, 0x03, 0xFF, 0x3F, 0xF0, 0x00, 0xFF, 0xCF, 0xFC, 0x00,
    0x3F, 0xF3, 0xFF, 0x00, 0x0F, 0xFC, 0xFF, 0xC0, 0x03, 0xFF, 0x3F, 0xF0, 0x00, 0xFF, 0xCF, 0xFC,
    0x00, 0x3F, 0xF3, 0xFF, 0x00, 0x0F, 0xFC, 0xFF, 0xC0, 0x03, 0xFF, 0x3F, 0xF0, 0x00, 0xFF, 0xCF,
    0xFC, 0x00, 0x3F, 0xF3, 0xFF, 0x00, 0x0F, 0xFC, 0xFF, 0xC0, 0x03, 0xFF, 0x3F, 0xF0, 0x00, 0xFF,
    0xCF, 0xFC, 0x00, 0x3F, 0xF3, 0xFF, 0xFF, 0xFF, 0xFC, 0xFF, 0xFF, 0xFF, 0xFF, 0x3F, 0xFF, 0xFF,
    0xFF, 0xCF, 0xFF, 0xFF, 0xFF, 0xF0, 0x00, 0x3F, 0xF0, 0x00, 0x00, 0x0F, 0xFC, 0x00, 0x00, 0x03,
    0xFF, 0x00, 0x00, 0x00, 0xFF, 0xC0, 0x00, 0x00, 0x3F, 0xF0, 0x00, 0xFF, 0xC0, 0x00, 0xFF, 0xC0,
    0x00, 0x3F, 0xF3, 0xFF, 0x00, 0x03, 0xFF, 0x00, 0x00, 0xFF, 0xCF, 0xFC, 0x00, 0x0F, 0xFC, 0x00,
    0x03, 0xFF, 0x3F, 0xF0, 0x00, 0x3F, 0xF4, 0x00, 0x0F, 0xFC, 0xBF, 0xD0, 0x00, 0xBF, 0xD0, 0x00,
    0x3F, 0xF2, 0xFF, 0x40, 0x02, 0xFF, 0x80, 0x00, 0xFF, 0xC7, 0xFE, 0x00, 0x07, 0xFE, 0x00, 0x07,
    0xFE, 0x1F, 0xFC, 0x00, 0x1F, 0xFC, 0x00, 0x1F, 0xF8, 0x3F, 0xF0, 0x00, 0xBF, 0xF0, 0x00, 0xBF,
    0xD0, 0xFF, 0xC0, 0x03, 0xFF, 0xD0, 0x02, 0xFF, 0x42, 0xFF, 0x40, 0x1F, 0xFF, 0x80, 0x0F, 0xFC,
    0x07, 0xFE, 0x00, 0xBF, 0xFF, 0x00, 0x3F, 0xF0, 0x0F, 0xFC, 0x03, 0xFF, 0xFC, 0x00, 0xFF, 0x80,
    0x3F, 0xF0, 0x1F, 0xFF, 0xF4, 0x07, 0xFD, 0x00, 0x7F, 0xE0, 0xBF, 0xFF, 0xE0, 0x2F, 0xF0, 0x00,
    0xFF, 0xC3, 0xFD, 0xFF, 0xC0, 0xFF, 0xC0, 0x03, 0xFF, 0x0F, 0xF2, 0xFF, 0x47, 0xFE, 0x00, 0x07,
    0xFE, 0x7F, 0x87, 0xFF, 0x2F, 0xF0, 0x00, 0x0F, 0xFE, 0xFD, 0x0F, 0xFD, 0xFF, 0xC0, 0x00, 0x2F,
    0xFF, 0xF0, 0x1F, 0xFF, 0xFD, 0x00, 0x00, 0x3F, 0xFF, 0xC0, 0x3F, 0xFF, 0xF0, 0x00, 0x00, 0xBF,
    0xFE, 0x00, 0x7F, 0xFF, 0x40, 0x00, 0x00, 0xFF, 0xF0, 0x00, 0xFF, 0xFC, 0x00, 0x00, 0x01, 0xFF,
    0xC0, 0x01, 0xFF, 0xC0, 0x00, 0xFF, 0xC0, 0x03, 0xFF, 0x00, 0x0F, 0xFC, 0xFF, 0xC0, 0x03, 0xFF,
    0x00, 0x0F, 0xFC, 0xFF, 0xC0, 0x03, 0xFF, 0x00, 0x0F, 0xFC, 0xFF, 0xC0, 0x03, 0xFF, 0x00, 0x0F,
    0xFC, 0xBF, 0xD0, 0x02, 0xFF, 0x40, 0x1F, 0xFC, 0x7F, 0xE0, 0x01, 0xFF, 0x80, 0x1F, 0xF8, 0x3F,
    0xE0, 0x01, 0xFF, 0x80, 0x2F, 0xF4, 0x3F, 0xF0, 0x01, 0xFF, 0xC0, 0x2F, 0xF0, 0x2F, 0xF0, 0x03,
    0xFF, 0xC0, 0x3F, 0xF0, 0x1F, 0xF4, 0x07, 0xFF, 0xD0, 0x3F, 0xE0, 0x0F, 0xF8, 0x0F, 0xFF, 0xE0,
    0x7F, 0xD0, 0x0B, 0xFC, 0x1F, 0xFF, 0xF0, 0xBF, 0xC0, 0x07, 0xFD, 0x3F, 0xEF, 0xF0, 0xFF, 0x80,
    0x03, 0xFE, 0x7F, 0xCF, 0xF5, 0xFF, 0x00, 0x01, 0xFF, 0xBF, 0x47, 0xFF, 0xFE, 0x00, 0x00, 0xFF,
    0xFF, 0x03, 0xFF, 0xFC, 0x00, 0x00, 0x7F, 0xFD, 0x01, 0xFF, 0xF8, 0x00, 0x00, 0x3F, 0xFC, 0x00,
    0xFF, 0xF0, 0x00, 0x00, 0x1F, 0xF4, 0x00, 0x7F, 0xD0, 0x00, 0x00, 0xFF, 0xC0, 0x00, 0x00, 0x00,
    0x3F, 0xF0, 0x00, 0x00, 0x00, 0x0F, 0xFC, 0x00, 0x00, 0x03, 0xFF, 0xFF, 0xFF, 0xF0, 0x00, 0xFF,
    0xFF, 0xFF, 0xFC, 0x00, 0x3F, 0xFF, 0xFF, 0xFF, 0x00, 0x0F, 0xFF, 0xFF, 0xFF, 0xC0, 0x00, 0x03,
    0xFF, 0x00, 0x00, 0x00, 0x00, 0xFF, 0xC0, 0x00, 0x00, 0x00, 0x3F, 0xFF, 0xFE, 0x40, 0x00, 0x0F,
    0xFF, 0xFF, 0xFE, 0x00, 0x03, 0xFF, 0xFF, 0xFF, 0xF0, 0x00, 0xFF, 0xFF, 0xFF, 0xFF, 0x00, 0x3F,
    0xF0, 0x06, 0xFF, 0xD0, 0x0F, 0xFC, 0x00, 0x2F, 0xF8, 0x03, 0xFF, 0x00, 0x03, 0xFF, 0x00, 0xFF,
    0xC0, 0x00, 0xFF, 0xC0, 0x3F, 0xF0, 0x00, 0x3F, 0xF0, 0x0F, 0xFC, 0x00, 0x2F, 0xFC, 0x03, 0xFF,
    0x00, 0x2F, 0xFD, 0x00, 0xFF, 0xFF, 0xFF, 0xFF, 0x00, 0x3F, 0xFF, 0xFF, 0xFF, 0x00, 0x0F, 0xFF,
    0xFF, 0xFE, 0x00, 0x03, 0xFF, 0xFF, 0xE4, 0x00, 0x00, 0xAA, 0x80, 0x00, 0x00, 0x00, 0x3F, 0xF0,
    0x00, 0x00, 0x00, 0x0F, 0xFC, 0x00, 0x00, 0x00, 0x03, 0xFF, 0x00, 0x00, 0x00, 0xFF, 0xFF, 0xFF,
    0xFC, 0x00, 0x3F, 0xFF, 0xFF, 0xFF, 0x00, 0x0F, 0xFF, 0xFF, 0xFF, 0xC0, 0x03, 0xFF, 0xFF, 0xFF,
    0xF0, 0x00, 0x00, 0xFF, 0xC0, 0x00, 0x00, 0x00, 0x3F, 0xF0, 0x00, 0x00, 0x00, 0x0F, 0xFC, 0x00,
    0x00, 0x00, 0x03, 0xFF, 0xFF, 0xF9, 0x00, 0x00, 0xFF, 0xFF, 0xFF, 0xF8, 0x00, 0x3F, 0xFF, 0xFF,
    0xFF, 0xC0, 0x0F, 0xFF, 0xFF, 0xFF, 0xF8, 0x03, 0xFF, 0x00, 0x1F, 0xFF, 0x00, 0xFF, 0xC0, 0x00,
    0xFF, 0xC0, 0x3F, 0xF0, 0x00, 0x3F, 0xF0, 0x0F, 0xFC, 0x00, 0x3F, 0xFC, 0x03, 0xFF, 0xFF, 0xFF,
    0xFD, 0x00, 0xFF, 0xFF, 0xFF, 0xFF, 0x00, 0x3F, 0xFF, 0xFF, 0xFE, 0x00, 0x0F, 0xFF, 0xFF, 0xF9,
    0x00, 0xFF, 0xC0, 0x00, 0x01, 0xBF, 0xFE, 0x50, 0xFF, 0xC0, 0x00, 0x1F, 0xFF, 0xFF, 0xFC, 0xFF,
    0xC0, 0x00, 0xBF, 0xFF, 0xFF, 0xFC, 0xFF, 0xC0, 0x03, 0xFF, 0xFF, 0xFF, 0xF8, 0xFF, 0xC0, 0x0B,
    0xFF, 0x90, 0x02, 0xF0, 0xFF, 0xC0, 0x1F, 0xFD, 0x00, 0x00, 0x00, 0xFF, 0xC0, 0x2F, 0xF8, 0x00,
    0x00, 0x00, 0xFF, 0xC0, 0x3F, 0xF0, 0x00, 0x00, 0x00, 0xFF, 0xC0, 0x7F, 0xE0, 0x00, 0x00, 0x00,
    0xFF, 0xFF, 0xFF, 0xFF, 0xFF, 0xFE, 0x00, 0xFF, 0xFF, 0xFF, 0xFF, 0xFF, 0xFE, 0x00, 0xFF, 0xFF,
    0xFF, 0xFF, 0xFF, 0xFE, 0x00, 0xFF, 0xFF, 0xFF, 0xFF, 0xFF, 0xFD, 0x00, 0xFF, 0xC0, 0xBF, 0xE0,
    0x00, 0x00, 0x00, 0xFF, 0xC0, 0x7F, 0xF0, 0x00, 0x00, 0x00, 0xFF, 0xC0, 0x3F, 0xF0, 0x00, 0x00,
    0x00, 0xFF, 0xC0, 0x3F, 0xF4, 0x00, 0x00, 0x00, 0xFF, 0xC0, 0x2F, 0xFC, 0x00, 0x00, 0x00, 0xFF,
    0xC0, 0x0F, 0xFF, 0x00, 0x00, 0x00, 0xFF, 0xC0, 0x0B, 0xFF, 0xD0, 0x01, 0xB8, 0xFF, 0xC0, 0x03,
    0xFF, 0xFF, 0xFF, 0xF8, 0xFF, 0xC0, 0x00, 0xFF, 0xFF, 0xFF, 0xF8, 0xFF, 0xC0, 0x00, 0x2F, 0xFF,
    0xFF, 0xF8, 0xFF, 0xC0, 0x00, 0x01, 0xBF, 0xFE, 0x90, 0xFF, 0xC0, 0x00, 0x1B, 0xFF, 0xE4, 0xFF,
    0xC0, 0x01, 0xFF, 0xFF, 0xFD, 0xFF, 0xC0, 0x07, 0xFF, 0xFF, 0xFC, 0xFF, 0xC0, 0x0F, 0xFF, 0xFF,
    0xF4, 0xFF, 0xC0, 0x2F, 0xFC, 0x00, 0x60, 0xFF, 0xC0, 0x3F, 0xF0, 0x00, 0x00, 0xFF, 0xC0, 0x7F,
    0xE0, 0x00, 0x00, 0xFF, 0xFF, 0xFF, 0xFF, 0xFF, 0x40, 0xFF, 0xFF, 0xFF, 0xFF, 0xFF, 0x80, 0xFF,
    0xFF, 0xFF, 0xFF, 0xFF, 0x80, 0xFF, 0xFF, 0xFF, 0xFF, 0xFF, 0x80, 0xFF, 0xC0, 0x7F, 0xE0, 0x00,
    0x00, 0xFF, 0xC0, 0x3F, 0xF0, 0x00, 0x00, 0xFF, 0xC0, 0x3F, 0xF4, 0x00, 0x00, 0xFF, 0xC0, 0x2F,
    0xFD, 0x00, 0x6C, 0xFF, 0xC0, 0x0F, 0xFF, 0xFF, 0xFC, 0xFF, 0xC0, 0x07, 0xFF, 0xFF, 0xFC, 0xFF,
    0xC0, 0x00, 0xFF, 0xFF, 0xFC, 0xFF, 0xC0, 0x00, 0x1B, 0xFF, 0xE0, 0x00, 0x00, 0x3F, 0xFC, 0x00,
    0x00, 0x00, 0x00, 0x7F, 0xFD, 0x00, 0x00, 0x00, 0x00, 0xFF, 0xFF, 0x00, 0x00, 0x00, 0x00, 0xFF,
    0xFF, 0x00, 0x00, 0x00, 0x02, 0xFD, 0x7F, 0x80, 0x00, 0x00, 0x03, 0xFC, 0x3F, 0xC0, 0x00, 0x00,
    0x07, 0xF8, 0x2F, 0xD0, 0x00, 0x00, 0x0B, 0xF4, 0x1F, 0xE0, 0x00, 0x00, 0x0F, 0xF0, 0x0F, 0xF0,
    0x00, 0x00, 0x2F, 0xFF, 0xFF, 0xF4, 0x00, 0x00, 0x3F, 0xFF, 0xFF, 0xFC, 0x00, 0x00, 0x7F, 0xFF,
    0xFF, 0xFC, 0x00, 0x00, 0xBF, 0xFF, 0xFF, 0xFE, 0x00, 0x00, 0xFF, 0x0F, 0xF0, 0xFF, 0x00, 0x01,
    0xFF, 0x0F, 0xF0, 0xFF, 0x40, 0x03, 0xFE, 0x0F, 0xF0, 0xBF, 0x80, 0x03, 0xFD, 0x0F, 0xF0, 0x7F,
    0xC0, 0x0B, 0xFC, 0x0F, 0xF0, 0x3F, 0xD0, 0x0F, 0xF8, 0x0F, 0xF0, 0x2F, 0xF0, 0x1F, 0xF4, 0x0F,
    0xF0, 0x1F, 0xF0, 0x2F, 0xF0, 0x0F, 0xF0, 0x0F, 0xF8, 0x3F, 0xE0, 0x0F, 0xF0, 0x0B, 0xFC, 0x7F,
    0xD0, 0x0F, 0xF0, 0x07, 0xFD, 0xFF, 0xC0, 0x0F, 0xF0, 0x03, 0xFF, 0x00, 0x00, 0xFF, 0xF0, 0x00,
    0x00, 0x00, 0x1F, 0xFF, 0x40, 0x00, 0x00, 0x03, 0xFF, 0xFC, 0x00, 0x00, 0x00, 0x7F, 0xFF, 0xC0,
    0x00, 0x00, 0x0B, 0xF6, 0xFE, 0x00, 0x00, 0x00, 0xFF, 0x1F, 0xF0, 0x00, 0x00, 0x1F, 0xF0, 0xFF,
    0x40, 0x00, 0x03, 0xFE, 0x0B, 0xFC, 0x00, 0x00, 0x7F, 0xC0, 0x3F, 0xC0, 0x00, 0x0B, 0xFF, 0xFF,
    0xFE, 0x00, 0x00, 0xFF, 0xFF, 0xFF, 0xF0, 0x00, 0x2F, 0xFF, 0xFF, 0xFF, 0x40, 0x03, 0xFE, 0x3F,
    0xCB, 0xFC, 0x00, 0x7F, 0xC3, 0xFC, 0x3F, 0xD0, 0x0B, 0xFC, 0x3F, 0xC3, 0xFE, 0x00, 0xFF, 0x43,
    0xFC, 0x2F, 0xF0, 0x2F, 0xF0, 0x3F, 0xC0, 0xFF, 0x43, 0xFF, 0x03, 0xFC, 0x0F, 0xFC, 0x7F, 0xD0,
    0x3F, 0xC0, 0x7F, 0xD0, 0xFF, 0xC0, 0x00, 0x03, 0xFF, 0xC0, 0x00, 0x0F, 0xFC, 0x00, 0x00, 0x7F,
    0xFD, 0x00, 0x00, 0xFF, 0xC0, 0x00, 0x0F, 0xFF, 0xF0, 0x00, 0x0F, 0xFC, 0x00, 0x00, 0xFF, 0xFF,
    0x00, 0x00, 0xFF, 0xC0, 0x00, 0x2F, 0xD7, 0xF8, 0x00, 0x0F, 0xFC, 0x00, 0x03, 0xFC, 0x3F, 0xC0,
    0x00, 0xFF, 0xC0, 0x00, 0x7F, 0x82, 0xFD, 0x00, 0x0F, 0xFC, 0x00, 0x0F, 0xF4, 0x1F, 0xE0, 0x00,
    0xFF, 0xC0, 0x00, 0xFF, 0x00, 0xFF, 0x00, 0x0F, 0xFF, 0xFF, 0xFF, 0xFF, 0xFF, 0xF4, 0x00, 0xFF,
    0xFF, 0xFF, 0xFF, 0xFF, 0xFF, 0xC0, 0x0F, 0xFF, 0xFF, 0xFF, 0xFF, 0xFF, 0xFC, 0x00, 0xFF, 0xFF,
    0xFF, 0xFF, 0xFF, 0xFF, 0xE0, 0x0F, 0xFC, 0x00, 0xFF, 0x0F, 0xF0, 0xFF, 0x00, 0xFF, 0xC0, 0x2F,
    0xF0, 0xFF, 0x0F, 0xF4, 0x0F, 0xFC, 0x03, 0xFE, 0x0F, 0xF0, 0xBF, 0x80, 0xFF, 0xC0, 0x3F, 0xD0,
    0xFF, 0x07, 0xFC, 0x0F, 0xFC, 0x0B, 0xFC, 0x0F, 0xF0, 0x3F, 0xD0, 0xFF, 0xC0, 0xFF, 0x80, 0xFF,
    0x02, 0xFF, 0x0F, 0xFC, 0x1F, 0xF4, 0x0F, 0xF0, 0x1F, 0xF0, 0xFF, 0xC2, 0xFF, 0x00, 0xFF, 0x00,
    0xFF, 0x8F, 0xFC, 0x3F, 0xF0, 0x0F, 0xF0, 0x0B, 0xFC, 0xFF, 0xC7, 0xFD, 0x00, 0xFF, 0x00, 0x7F,
    0xDF, 0xFC, 0xBF, 0xC0, 0x0F, 0xF0, 0x03, 0xFF, 0xFF, 0x00, 0x00, 0x0F, 0xFF, 0x00, 0x00, 0xFF,
    0x00, 0x00, 0x2F, 0xFF, 0x40, 0x00, 0xFF, 0x00, 0x00, 0x3F, 0xFF, 0xC0, 0x00, 0xFF, 0x00, 0x00,
    0x7F, 0xBF, 0xC0, 0x00, 0xFF, 0x00, 0x00, 0xFF, 0x5F, 0xE0, 0x00, 0xFF, 0x00, 0x01, 0xFF, 0x0F,
    0xF0, 0x00, 0xFF, 0x00, 0x03, 0xFF, 0x0F, 0xF4, 0x00, 0xFF, 0xFF, 0xFF, 0xFD, 0x07, 0xFC, 0x00,
    0xFF, 0xFF, 0xFF, 0xFF, 0xFF, 0xFC, 0x00, 0xFF, 0xFF, 0xFF, 0xFF, 0xFF, 0xFE, 0x00, 0xFF, 0xFF,
    0xFF, 0xFF, 0xFF, 0xFF, 0x00, 0xFF, 0x00, 0x3F, 0xE3, 0xFC, 0xFF, 0x40, 0xFF, 0x00, 0x7F, 0xD3,
    0xFC, 0x7F, 0xC0, 0xFF, 0x00, 0xBF, 0xC3, 0xFC, 0x3F, 0xD0, 0xFF, 0x00, 0xFF, 0x83, 0xFC, 0x3F,
    0xE0, 0xFF, 0x02, 0xFF, 0x43, 0xFC, 0x1F, 0xF0, 0xFF, 0x03, 0xFF, 0x03, 0xFC, 0x0F, 0xF4, 0xFF,
    0x07, 0xFE, 0x03, 0xFC, 0x0F, 0xFC, 0xFF, 0x0F, 0xFC, 0x03, 0xFC, 0x07, 0xFD, 0x03, 0xFF, 0xFF,
    0xFF, 0xFF, 0xFF, 0x00, 0x0F, 0xFF, 0xFF, 0xFF, 0xFF, 0xFC, 0x00, 0x2F, 0xFF, 0xFF, 0xFF, 0xFF,
    0xE0, 0x00, 0x3F, 0xFF, 0xFF, 0xFF, 0xFF, 0x00, 0x00, 0x3F, 0xF0, 0x00, 0x3F, 0xF0, 0x00, 0x00,
    0x7F, 0xE0, 0x02, 0xFF, 0x40, 0x00, 0x00, 0xBF, 0xD0, 0x1F, 0xF4, 0x00, 0x00, 0x00, 0xBF, 0xC0,
    0xFF, 0x80, 0x00, 0x00, 0x00, 0xFF, 0xCF, 0xFC, 0x00, 0x00, 0x00, 0x01, 0xFF, 0xFF, 0xC0, 0x00,
    0x00, 0x00, 0x2F, 0xFF, 0xFF, 0xE0, 0x00, 0x00, 0x03, 0xFF, 0xFF, 0xFF, 0xF0, 0x00, 0x00, 0x3F,
    0xFF, 0xFF, 0xFF, 0xF0, 0x00, 0x02, 0xFF, 0xEF, 0xFE, 0xFF, 0xD0, 0x00, 0x0F, 0xFD, 0x3F, 0xF1,
    0xFF, 0xC0, 0x00, 0x7F, 0xE0, 0xFF, 0xC2, 0xFF, 0x40, 0x03, 0xFF, 0x03, 0xFF, 0x03, 0xFE, 0x00,
    0x0F, 0xFC, 0x0F, 0xFC, 0x0F, 0xFC, 0x00, 0x7F, 0xE0, 0x3F, 0xF0, 0x2F, 0xF4, 0x02, 0xFF, 0x00,
    0xFF, 0xC0, 0x7F, 0xE0, 0x0F, 0xFC, 0x03, 0xFF, 0x00, 0xFF, 0xC0, 0x7F, 0xE0, 0x0F, 0xFC, 0x02,
    0xFF, 0x42, 0xFF, 0x40, 0x3F, 0xF0, 0x07, 0xFE, 0x0F, 0xFC, 0x00, 0xFF, 0xC0, 0x0F, 0xFC, 0x0F,
    0xFF, 0xFF, 0xFF, 0xFF, 0x00, 0xFF, 0xFF, 0xFF, 0xFF, 0xF0, 0x0B, 0xFF, 0xFF, 0xFF, 0xFE, 0x00,
    0x3F, 0xFF, 0xFF, 0xFF, 0xC0, 0x00, 0xFF, 0x80, 0x2F, 0xF0, 0x00, 0x03, 0xFD, 0x07, 0xFC, 0x00,
    0x00, 0x1F, 0xF0, 0xFF, 0x40, 0x00, 0x00, 0xBF, 0xFF, 0xE0, 0x00, 0x00, 0x0B, 0xFF, 0xFD, 0x00,
    0x00, 0x03, 0xFF, 0xFF, 0xFC, 0x00, 0x00, 0xFF, 0xFF, 0xFF, 0xF0, 0x00, 0x2F, 0xFB, 0xFE, 0xFF,
    0x40, 0x03, 0xFD, 0x3F, 0xCB, 0xFC, 0x00, 0x7F, 0xC3, 0xFC, 0x3F, 0xD0, 0x0F, 0xF4, 0x3F, 0xC2,
    0xFE, 0x00, 0xFF, 0x03, 0xFC, 0x1F, 0xF0, 0x2F, 0xF0, 0x3F, 0xC0, 0xFF, 0x43, 0xFE, 0x03, 0xFC,
    0x0B, 0xF8, 0x3F, 0xC0, 0x3F, 0xC0, 0x7F, 0xC0, 0xFF, 0xC0, 0x3F, 0xFF, 0xFF, 0xFF, 0xFF, 0xF0,
    0x3F, 0xF0, 0x0F, 0xFF, 0xFF, 0xFF, 0xFF, 0xFC, 0x0F, 0xFC, 0x02, 0xFF, 0xFF, 0xFF, 0xFF, 0xFE,
    0x03, 0xFF, 0x00, 0x3F, 0xFF, 0xFF, 0xFF, 0xFF, 0x00, 0xFF, 0xC0, 0x03, 0xFF, 0x00, 0x03, 0xFF,
    0x00, 0x3F, 0xF0, 0x00, 0x7F, 0xE0, 0x02, 0xFF, 0x00, 0x0F, 0xFC, 0x00, 0x0B, 0xFD, 0x02, 0xFF,
    0x40, 0x03, 0xFF, 0x00, 0x00, 0xBF, 0xC1, 0xFF, 0x80, 0x00, 0xFF, 0xC0, 0x00, 0x0F, 0xFC, 0xFF,
    0xC0, 0x00, 0x3F, 0xFF, 0xFF, 0xFF, 0xFF, 0xFF, 0xC0, 0x00, 0x0F, 0xFF, 0xFF, 0xFF, 0xFF, 0xFF,
    0xFE, 0x00, 0x03, 0xFF, 0xFF, 0xFF, 0xFF, 0xFF, 0xFF, 0xF0, 0x00, 0xFF, 0xFF, 0xFF, 0xFF, 0xFF,
    0xFF, 0xFF, 0x00, 0x3F, 0xF0, 0x02, 0xFF, 0xDF, 0xFD, 0xFF, 0xD0, 0x0F, 0xFC, 0x00, 0xFF, 0xC3,
    0xFF, 0x0F, 0xFC, 0x03, 0xFF, 0x00, 0xBF, 0xD0, 0xFF, 0xC2, 0xFF, 0x40, 0xFF, 0xC0, 0x3F, 0xF0,
    0x3F, 0xF0, 0x3F, 0xE0, 0x3F, 0xF0, 0x0F, 0xF8, 0x0F, 0xFC, 0x0F, 0xFC, 0x0F, 0xFC, 0x0B, 0xFD,
    0x03, 0xFF, 0x02, 0xFF, 0x43, 0xFF, 0x03, 0xFF, 0x00, 0xFF, 0xC0, 0x7F, 0xE0, 0xFF, 0xC0, 0xFF,
    0xC0, 0x3F, 0xF0, 0x0F, 0xFC, 0x3F, 0xF0, 0x7F, 0xE0, 0x0F, 0xFC, 0x02, 0xFF, 0x4F, 0xFC, 0x3F,
    0xF4, 0x03, 0xFF, 0x00, 0x7F, 0xE3, 0xFF, 0x0F, 0xFC, 0x00, 0xFF, 0xC0, 0x0F, 0xFC, 0xFF, 0x03,
    0xFF, 0xFF, 0xFF, 0xFF, 0xC3, 0xFC, 0x0F, 0xFF, 0xFF, 0xFF, 0xFF, 0x0F, 0xF0, 0x2F, 0xFF, 0xFF,
    0xFF, 0xF8, 0x3F, 0xC0, 0x2F, 0xFF, 0xFF, 0xFF, 0x80, 0xFF, 0x00, 0x3F, 0xE0, 0x0B, 0xFC, 0x03,
    0xFC, 0x00, 0x3F, 0xE0, 0xBF, 0xC0, 0x0F, 0xF0, 0x00, 0x3F, 0xD7, 0xFC, 0x00, 0x3F, 0xFF, 0xFF,
    0xFF, 0xFF, 0xD0, 0x00, 0xFF, 0xFF, 0xFF, 0xFF, 0xFF, 0xD0, 0x03, 0xFF, 0xFF, 0xFF, 0xFF, 0xFF,
    0xD0, 0x0F, 0xFF, 0xFF, 0xFF, 0xFF, 0xFF, 0xC0, 0x3F, 0xC0, 0x2F, 0xF7, 0xFD, 0xFF, 0x80, 0xFF,
    0x00, 0xFF, 0x0F, 0xF1, 0xFF, 0x03, 0xFC, 0x0B, 0xFC, 0x3F, 0xC3, 0xFD, 0x0F, 0xF0, 0x3F, 0xD0,
    0xFF, 0x0B, 0xF8, 0x3F, 0xC0, 0xFF, 0x03, 0xFC, 0x1F, 0xF0, 0xFF, 0x07, 0xFC, 0x0F, 0xF0, 0x3F,
    0xD3, 0xFC, 0x3F, 0xD0, 0x3F, 0xC0, 0xBF, 0x8F, 0xF0, 0xFF, 0x00, 0xFF, 0x01, 0xFF, 0x00, 0x01,
    0x54, 0x00, 0x7F, 0x80, 0x0B, 0xF4, 0x07, 0xFF, 0x00, 0x0B, 0xF4, 0x7F, 0xFC, 0x00, 0x0F, 0xF7,
    0xF8, 0x00, 0x00, 0x0F, 0xFF, 0xC0, 0x00, 0x00, 0x7F, 0xFE, 0x40, 0x00, 0x7F, 0xFF, 0xFF, 0xD0,
    0x1F, 0xFF, 0xFF, 0xFF, 0xE0, 0x3F, 0xFF, 0xFF, 0xFF, 0xD0, 0x7F, 0x94, 0x1B, 0xFF, 0xC0, 0xE0,
    0x00, 0x07, 0xFF, 0x00, 0x00, 0x00, 0x0F, 0xFC, 0x00, 0x00, 0x00, 0x3F, 0xF0, 0x00, 0x00, 0x02,
    0xFF, 0x80, 0x00, 0x00, 0x7F, 0xFC, 0x00, 0x3F, 0xFF, 0xFF, 0x80, 0x00, 0xFF, 0xFF, 0xE0, 0x00,
    0x03, 0xFF, 0xFF, 0xE4, 0x00, 0x0B, 0xFF, 0xFF, 0xFC, 0x00, 0x00, 0x01, 0xBF, 0xFC, 0x00, 0x00,
    0x00, 0x3F, 0xF8, 0x00, 0x00, 0x00, 0x3F, 0xF0, 0x00, 0x00, 0x00, 0xFF, 0xC0, 0x00, 0x00, 0x03,
    0xFF, 0x00, 0x00, 0x00, 0x2F, 0xFC, 0x00, 0x00, 0x07, 0xFF, 0xD0, 0x1B, 0xFF, 0xFF, 0xFF, 0x03,
    0xFF, 0xFF, 0xFF, 0xF0, 0x3F, 0xFF, 0xFF, 0xFE, 0x02, 0xFF, 0xFF, 0xFE, 0x40, 0x0F, 0xFE, 0x00,
    0x00, 0x00, 0x3F, 0xF0, 0x00, 0x00, 0x00, 0xFF, 0xE0, 0x00, 0x00, 0x02, 0xFF, 0xFF, 0xFF, 0xF4,
    0x03, 0xFF, 0xFF, 0xFF, 0xE0, 0x07, 0xFF, 0xFF, 0xFF, 0x80, 0x01, 0xBF, 0xFF, 0xFE, 0x00, 0x00,
    0x00, 0x00, 0x00, 0x00, 0x05, 0x40, 0x00, 0xBE, 0x00, 0xBF, 0x00, 0x3F, 0xF0, 0x03, 0xFC, 0x0F,
    0xFF, 0x00, 0x0F, 0xF3, 0xFD, 0x00, 0x00, 0xBF, 0xFF, 0x40, 0x01, 0xBF, 0xFF, 0xFE, 0x00, 0x3F,
    0xFF, 0xFF, 0xFC, 0x02, 0xFF, 0xFF, 0xFF, 0xE0, 0x0F, 0xA5, 0x17, 0xFF, 0x00, 0x40, 0x00, 0x0F,
    0xF0, 0x00, 0x00, 0x00, 0xFF, 0x00, 0x00, 0x00, 0x7F, 0xE0, 0x00, 0x7F, 0xFF, 0xFC, 0x00, 0x07,
    0xFF, 0xFD, 0x00, 0x00, 0x7F, 0xFF, 0xF8, 0x00, 0x07, 0xFF, 0xFF, 0xF0, 0x00, 0x00, 0x07, 0xFF,
    0xC0, 0x00, 0x00, 0x0F, 0xFC, 0x00, 0x00, 0x00, 0xFF, 0xC0, 0x00, 0x00, 0x7F, 0xFC, 0x01, 0xBF,
    0xFF, 0xFF, 0x40, 0xFF, 0xFF, 0xFF, 0xF0, 0x3F, 0xFF, 0xFF, 0xF8, 0x0B, 0xFF, 0xFF, 0xE4, 0x00,
    0xFF, 0x80, 0x00, 0x00, 0x0F, 0xF0, 0x00, 0x00, 0x00, 0xFF, 0x80, 0x00, 0x00, 0x0F, 0xFF, 0xFF,
    0xFF, 0x00, 0x7F, 0xFF, 0xFF, 0xF4, 0x02, 0xFF, 0xFF, 0xFF, 0x40, 0x06, 0xFF, 0xFF, 0xF4, 0x00,
    0x00, 0x00, 0x00, 0x00, 0xFF, 0xC0, 0x3F, 0xF0, 0x03, 0xFF, 0xFF, 0xC0, 0x3F, 0xF0, 0x03, 0xFF,
    0xFF, 0xC0, 0x3F, 0xF0, 0x03, 0xFF, 0xFF, 0xC0, 0x3F, 0xF0, 0x03, 0xFF, 0xFF, 0xC0, 0x3F, 0xF0,
    0x03, 0xFF, 0xFF, 0xC0, 0x3F, 0xF0, 0x03, 0xFF, 0xFF, 0xC0, 0x3F, 0xF0, 0x03, 0xFF, 0xFF, 0xC0,
    0x3F, 0xF0, 0x03, 0xFF, 0xFF, 0xC0, 0x3F, 0xF0, 0x03, 0xFF, 0xFF, 0xC0, 0x3F, 0xF0, 0x03, 0xFF,
    0xFF, 0xC0, 0x3F, 0xF0, 0x03, 0xFF, 0xBF, 0xD0, 0x3F, 0xF0, 0x0B, 0xFE, 0x7F, 0xF0, 0x3F, 0xF0,
    0x0F, 0xFC, 0x3F, 0xFC, 0x3F, 0xF0, 0xBF, 0xFC, 0x1F, 0xFF, 0xFF, 0xFF, 0xFF, 0xF0, 0x0B, 0xFF,
    0xFF, 0xFF, 0xFF, 0xD0, 0x01, 0xFF, 0xFF, 0xFF, 0xFE, 0x00, 0x00, 0x1B, 0xFF, 0xFF, 0x90, 0x00,
    0x00, 0x00, 0x3F, 0xF0, 0x00, 0x00, 0x00, 0x00, 0x3F, 0xF0, 0x00, 0x00, 0x00, 0x00, 0x3F, 0xF0,
    0x00, 0x00, 0x00, 0x00, 0x3F, 0xF0, 0x00, 0x00, 0x00, 0x00, 0x3F, 0xF0, 0x00, 0x00, 0x00, 0x00,
    0x3F, 0xF0, 0x00, 0x00, 0x00, 0x00, 0x3F, 0xF0, 0x00, 0x00, 0x00, 0x00, 0x3F, 0xF0, 0x00, 0x00,
    0x00, 0x00, 0x3F, 0xF0, 0x00, 0x00, 0x00, 0x00, 0x3F, 0xF0, 0x00, 0x00, 0x00, 0x00, 0x3F, 0xF0,
    0x00, 0x00, 0x00, 0x00, 0x3F, 0xF0, 0x00, 0x00, 0x00, 0x00, 0x3F, 0xF0, 0x00, 0x00, 0xFF, 0xC0,
    0x3F, 0xF0, 0x3F, 0xF0, 0xFF, 0xC0, 0x3F, 0xF0, 0x3F, 0xF0, 0xFF, 0xC0, 0x3F, 0xF0, 0x2F, 0xF4,
    0xFF, 0xC0, 0x3F, 0xF0, 0x1F, 0xF8, 0xFF, 0xC0, 0x3F, 0xF0, 0x1F, 0xF8, 0xFF, 0xC0, 0x3F, 0xF0,
    0x0F, 0xFC, 0xFF, 0xC0, 0x3F, 0xF0, 0x0F, 0xFC, 0xFF, 0xC0, 0x3F, 0xF0, 0x0F, 0xFC, 0xFF, 0xC0,
    0x3F, 0xF0, 0x0F, 0xFC, 0xFF, 0xC0, 0x3F, 0xF0, 0x0F, 0xFC, 0xFF, 0xC0, 0x3F, 0xF0, 0x0F, 0xFC,
    0xFF, 0xC0, 0x3F, 0xF0, 0x0F, 0xFC, 0xFF, 0xD0, 0x3F, 0xF0, 0x2F, 0xF8, 0xBF, 0xF0, 0x3F, 0xF0,
    0x3F, 0xF4, 0x3F, 0xFD, 0x3F, 0xF1, 0xFF, 0xF0, 0x2F, 0xFF, 0xFF, 0xFF, 0xFF, 0xD0, 0x0F, 0xFF,
    0xFF, 0xFF, 0xFF, 0x80, 0x02, 0xFF, 0xFF, 0xFF, 0xFE, 0x00, 0x00, 0x2F, 0xFF, 0xFF, 0x90, 0x00,
    0x00, 0x00, 0x3F, 0xF0, 0x00, 0x00, 0x00, 0x00, 0x3F, 0xF0, 0x00, 0x00, 0x00, 0x00, 0x3F, 0xF0,
    0x00, 0x00, 0x00, 0x00, 0x3F, 0xF0, 0x00, 0x00, 0x00, 0x00, 0x3F, 0xF0, 0x00, 0x00, 0x00, 0x00,
    0x3F, 0xF0, 0x00, 0x00, 0x00, 0x00, 0x3F, 0xF0, 0x00, 0x00, 0x00, 0x00, 0x3F, 0xF0, 0x00, 0x00,
    0x00, 0x02, 0xBF, 0xFA, 0x00, 0x00, 0x00, 0xFF, 0xFF, 0xFF, 0xC0, 0x00, 0x1F, 0xFF, 0xFF, 0xFF,
    0xD0, 0x01, 0xFF, 0xFF, 0xFF, 0xFF, 0xD0, 0x0F, 0xFF, 0x40, 0x07, 0xFF, 0xC0, 0xBF, 0xE0, 0x00,
    0x02, 0xFF, 0x83, 0xFF, 0x00, 0x00, 0x03, 0xFF, 0x1F, 0xF4, 0x00, 0x00, 0x07, 0xFD, 0xBF, 0xC0,
    0x00, 0x00, 0x0F, 0xFB, 0xFF, 0xFF, 0xFF, 0xFF, 0xFF, 0xFF, 0xFF, 0xFF, 0xFF, 0xFF, 0xFF, 0xFF,
    0xFF, 0xFF, 0xFF, 0xFF, 0xFF, 0xFF, 0xFF, 0xFF, 0xFF, 0xFF, 0xFF, 0xFF, 0x00, 0x00, 0x00, 0x3F,
    0xFF, 0xFC, 0x00, 0x00, 0x00, 0xFF, 0xEF, 0xF4, 0x00, 0x00, 0x07, 0xFE, 0x7F, 0xE0, 0x00, 0x00,
    0x2F, 0xF4, 0xFF, 0xC0, 0x00, 0x00, 0xFF, 0xC2, 0xFF, 0xC0, 0x00, 0x0F, 0xFE, 0x03, 0xFF, 0xD0,
    0x01, 0xFF, 0xF0, 0x07, 0xFF, 0xFF, 0xFF, 0xFF, 0x40, 0x07, 0xFF, 0xFF, 0xFF, 0xF4, 0x00, 0x02,
    0xFF, 0xFF, 0xFE, 0x00, 0x00, 0x00, 0xAF, 0xFE, 0x80, 0x00, 0x00, 0x1B, 0xFE, 0x40, 0x00, 0x1F,
    0xFF, 0xFF, 0x40, 0x0B, 0xFF, 0xFF, 0xFD, 0x01, 0xFF, 0xFF, 0xFF, 0xF4, 0x3F, 0xF8, 0x02, 0xFF,
    0xC7, 0xFF, 0x00, 0x0F, 0xFD, 0xBF, 0xD0, 0x00, 0x7F, 0xEF, 0xFF, 0xFF, 0xFF, 0xFF, 0xFF, 0xFF,
    0xFF, 0xFF, 0xFF, 0xFF, 0xFF, 0xFF, 0xFF, 0xFF, 0xFF, 0xFF, 0xFF, 0xFF, 0xFD, 0x00, 0x07, 0xFF,
    0xBF, 0xE0, 0x00, 0xBF, 0xE7, 0xFF, 0x00, 0x0F, 0xFD, 0x3F, 0xFC, 0x03, 0xFF, 0xC1, 0xFF, 0xFF,
    0xFF, 0xF4, 0x07, 0xFF, 0xFF, 0xFE, 0x00, 0x1F, 0xFF, 0xFF, 0x40, 0x00, 0x1B, 0xFE, 0x40, 0x00,
    0x7F, 0xE0, 0x00, 0x00, 0x07, 0xFE, 0x3F, 0xF0, 0x00, 0x00, 0x1F, 0xFF, 0x2F, 0xF4, 0x00, 0x00,
    0x3F, 0xFF, 0x1F, 0xF8, 0x00, 0x00, 0xBF, 0xFF, 0x0F, 0xFC, 0x00, 0x00, 0xFF, 0xC0, 0x0B, 0xFD,
    0x00, 0x01, 0xFF, 0x80, 0x07, 0xFE, 0x00, 0x03, 0xFF, 0x00, 0x03, 0xFF, 0x00, 0x03, 0xFE, 0x00,
    0x02, 0xFF, 0x00, 0x07, 0xFD, 0x00, 0x01, 0xFF, 0x80, 0x0B, 0xFC, 0x00, 0x00, 0xFF, 0xC0, 0x0F,
    0xF8, 0x00, 0x00, 0xBF, 0xC0, 0x1F, 0xF4, 0x00, 0x00, 0x7F, 0xE0, 0x2F, 0xF0, 0x00, 0x00, 0x3F,
    0xF0, 0x3F, 0xE0, 0x00, 0x00, 0x2F, 0xF0, 0x7F, 0xD0, 0x00, 0x00, 0x1F, 0xF4, 0xBF, 0xC0, 0x00,
    0x00, 0x0F, 0xF8, 0xFF, 0x80, 0x00, 0x00, 0x0B, 0xFD, 0xFF, 0x40, 0x00, 0x00, 0x07, 0xFE, 0xFF,
    0x00, 0x00, 0x00, 0x03, 0xFF, 0xFE, 0x00, 0x00, 0x00, 0x02, 0xFF, 0xFC, 0x00, 0x00, 0x00, 0x01,
    0xFF, 0xFC, 0x00, 0x00, 0x00, 0x00, 0xFF, 0xF8, 0x00, 0x00, 0x00, 0x00, 0xBF, 0xF0, 0x00, 0x00,
    0x3F, 0xF4, 0x00, 0x00, 0xBF, 0x8B, 0xFE, 0x00, 0x00, 0xFF, 0xF0, 0xFF, 0xC0, 0x00, 0xBF, 0xFC,
    0x3F, 0xF0, 0x00, 0x3F, 0xFF, 0x07, 0xFE, 0x00, 0x1F, 0xF8, 0x40, 0xFF, 0xC0, 0x0F, 0xFC, 0x00,
    0x2F, 0xF0, 0x03, 0xFE, 0x00, 0x07, 0xFD, 0x01, 0xFF, 0x40, 0x00, 0xFF, 0xC0, 0xFF, 0xC0, 0x00,
    0x2F, 0xF0, 0x3F, 0xE0, 0x00, 0x03, 0xFD, 0x1F, 0xF0, 0x00, 0x00, 0xFF, 0x8F, 0xFC, 0x00, 0x00,
    0x1F, 0xF3, 0xFD, 0x00, 0x00, 0x03, 0xFE, 0xFF, 0x00, 0x00, 0x00, 0xBF, 0xFF, 0x80, 0x00, 0x00,
    0x1F, 0xFF, 0xD0, 0x00, 0x00, 0x03, 0xFF, 0xF0, 0x00, 0x00, 0x00, 0xBF, 0xF8, 0x00, 0x00, 0x00,
    0x1F, 0xFC, 0x00, 0x00, 0x03, 0xFE, 0x2F, 0xF0, 0x00, 0x00, 0x01, 0xFF, 0x0F, 0xF8, 0x00, 0x00,
    0x00, 0x7F, 0xC3, 0xFD, 0x00, 0x00, 0x00, 0x1F, 0xD0, 0xBF, 0x00, 0x00, 0x00, 0x03, 0xF0, 0x2F,
    0x80, 0x00, 0x00, 0x00, 0x00, 0x00, 0x00, 0x00, 0x00, 0x00, 0x00, 0x00, 0x00, 0x00, 0x00, 0x00,
    0x00, 0x00, 0x00, 0x00, 0x7F, 0xE0, 0x00, 0x00, 0x07, 0xFE, 0x3F, 0xF0, 0x00, 0x00, 0x1F, 0xFF,
    0x2F, 0xF4, 0x00, 0x00, 0x3F, 0xFF, 0x1F, 0xF8, 0x00, 0x00, 0xBF, 0xFF, 0x0F, 0xFC, 0x00, 0x00,
    0xFF, 0xC0, 0x0B, 0xFD, 0x00, 0x01, 0xFF, 0x80, 0x07, 0xFE, 0x00, 0x03, 0xFF, 0x00, 0x03, 0xFF,
    0x00, 0x03, 0xFE, 0x00, 0x02, 0xFF, 0x00, 0x07, 0xFD, 0x00, 0x01, 0xFF, 0x80, 0x0B, 0xFC, 0x00,
    0x00, 0xFF, 0xC0, 0x0F, 0xF8, 0x00, 0x00, 0xBF, 0xC0, 0x1F, 0xF4, 0x00, 0x00, 0x7F, 0xE0, 0x2F,
    0xF0, 0x00, 0x00, 0x3F, 0xF0, 0x3F, 0xE0, 0x00, 0x00, 0x2F, 0xF0, 0x7F, 0xD0, 0x00, 0x00, 0x1F,
    0xF4, 0xBF, 0xC0, 0x00, 0x00, 0x0F, 0xF8, 0xFF, 0x80, 0x00, 0x00, 0x0B, 0xFD, 0xFF, 0x40, 0x00,
    0x00, 0x07, 0xFE, 0xFF, 0x00, 0x00, 0x00, 0x03, 0xFF, 0xFE, 0x00, 0x00, 0x00, 0x02, 0xFF, 0xFC,
    0x00, 0x00, 0x00, 0x01, 0xFF, 0xFC, 0x00, 0x00, 0x00, 0x00, 0xFF, 0xF8, 0x00, 0x00, 0x00, 0x00,
    0xBF, 0xF0, 0x00, 0x00, 0x0F, 0xFC, 0x7F, 0xD0, 0x00, 0x00, 0xFF, 0x4B, 0xFC, 0x00, 0x00, 0x0F,
    0xF0, 0xBF, 0x40, 0x00, 0x00, 0xFE, 0x0B, 0xF0, 0x00, 0x00, 0x0F, 0xC0, 0x7E, 0x00, 0x00, 0x00,
    0x00, 0x00, 0x00, 0x00, 0x00, 0x00, 0x00, 0x00, 0x00, 0xFF, 0xD0, 0x00, 0x02, 0xFE, 0x2F, 0xF8,
    0x00, 0x03, 0xFF, 0xC3, 0xFF, 0x00, 0x02, 0xFF, 0xF0, 0xFF, 0xC0, 0x00, 0xFF, 0xFC, 0x1F, 0xF8,
    0x00, 0x7F, 0xE1, 0x03, 0xFF, 0x00, 0x3F, 0xF0, 0x00, 0xBF, 0xC0, 0x0F, 0xF8, 0x00, 0x1F, 0xF4,
    0x07, 0xFD, 0x00, 0x03, 0xFF, 0x03, 0xFF, 0x00, 0x00, 0xBF, 0xC0, 0xFF, 0x80, 0x00, 0x0F, 0xF4,
    0x7F, 0xC0, 0x00, 0x03, 0xFE, 0x3F, 0xF0, 0x00, 0x00, 0x7F, 0xCF, 0xF4, 0x00, 0x00, 0x0F, 0xFB,
    0xFC, 0x00, 0x00, 0x02, 0xFF, 0xFE, 0x00, 0x00, 0x00, 0x7F, 0xFF, 0x40, 0x00, 0x00, 0x0F, 0xFF,
    0xC0, 0x00, 0x00, 0x02, 0xFF, 0xE0, 0x00, 0x00, 0x00, 0x7F, 0xF0, 0x00, 0x00, 0x00, 0x06, 0xFF,
    0xE4, 0x00, 0x00, 0x00, 0x00, 0x00, 0x00, 0x00, 0x02, 0xFF, 0xFF, 0xFE, 0x00, 0x00, 0x00, 0x00,
    0x00, 0x00, 0x00, 0x3F, 0xFF, 0xFF, 0xFF, 0x00, 0x00, 0x00, 0x00, 0x00, 0x00, 0x02, 0xFF, 0xFF,
    0xFF, 0xFF, 0x00, 0x00, 0x00, 0x00, 0x00, 0x00, 0x1F, 0xFE, 0x00, 0x2F, 0xFD, 0x00, 0x00, 0x00,
    0x00, 0x00, 0x00, 0xFF, 0xE0, 0x00, 0x2F, 0xFC, 0x0F, 0xFE, 0x00, 0x01, 0xFF, 0xC3, 0xFF, 0x00,
    0x00, 0x3F, 0xF4, 0x2F, 0xFC, 0x00, 0x0F, 0xFD, 0x2F, 0xF8, 0x00, 0x00, 0xBF, 0xE0, 0x3F, 0xF0,
    0x00, 0x3F, 0xF0, 0xBF, 0xD0, 0x00, 0x01, 0xFF, 0xC0, 0xFF, 0xE0, 0x01, 0xFF, 0x83, 0xFF, 0x00,
    0x00, 0x03, 0xFF, 0x01, 0xFF, 0xC0, 0x0B, 0xFD, 0x0F, 0xFC, 0x00, 0x00, 0x0F, 0xFC, 0x03, 0xFF,
    0x00, 0x3F, 0xF0, 0x3F, 0xF0, 0x00, 0x00, 0x3F, 0xF0, 0x0B, 0xFE, 0x01, 0xFF, 0x80, 0xFF, 0xC0,
    0x00, 0x00, 0xFF, 0xC0, 0x0F, 0xFC, 0x0B, 0xFD, 0x03, 0xFF, 0x00, 0x00, 0x03, 0xFF, 0x00, 0x3F,
    0xF0, 0x3F, 0xF0, 0x0F, 0xFC, 0x00, 0x00, 0x0F, 0xFC, 0x00, 0x7F, 0xD1, 0xFF, 0x80, 0x2F, 0xF4,
    0x00, 0x00, 0x7F, 0xF0, 0x00, 0xFF, 0xCB, 0xFC, 0x00, 0x7F, 0xE0, 0x00, 0x02, 0xFF, 0x80, 0x02,
    0xFF, 0x3F, 0xF0, 0x00, 0xFF, 0xC0, 0x00, 0x0F, 0xFD, 0x00, 0x03, 0xFD, 0xFF, 0x40, 0x03, 0xFF,
    0x80, 0x00, 0xBF, 0xF0, 0x00, 0x0F, 0xFF, 0xFC, 0x00, 0x07, 0xFF, 0x80, 0x0B, 0xFF, 0x40, 0x00,
    0x1F, 0xFF, 0xE0, 0x00, 0x0B, 0xFF, 0xFF, 0xFF, 0xF8, 0x00, 0x00, 0x3F, 0xFF, 0x40, 0x00, 0x0B,
    0xFF, 0xFF, 0xFF, 0xC0, 0x00, 0x00, 0xBF, 0xFC, 0x00, 0x00, 0x07, 0xFF, 0xFF, 0xF8, 0x00, 0x00,
    0x00, 0xFF, 0xE0, 0x00, 0x00, 0x01, 0xBF, 0xF9, 0x00, 0x00, 0x00, 0x03, 0xFF, 0x00, 0x00, 0x00,
    0x00, 0x00, 0x00, 0x00, 0x00, 0x00, 0x0F, 0xFC, 0x00, 0x00, 0x00, 0x00, 0x00, 0x00, 0x00, 0x00,
    0x00, 0x7F, 0xD0, 0x00, 0x00, 0x00, 0x00, 0x00, 0x00, 0x00, 0x00, 0x03, 0xFF, 0x00, 0x00, 0x00,
    0x00, 0x00, 0x00, 0x00, 0x00, 0x00, 0x3F, 0xF8, 0x00, 0x00, 0x00, 0x00, 0x00, 0x00, 0x00, 0x00,
    0xFF, 0xFF, 0xC0, 0x00, 0x00, 0x00, 0x00, 0x00, 0x00, 0x00, 0x03, 0xFF, 0xFD, 0x00, 0x00, 0x00,
    0x00, 0x00, 0x00, 0x00, 0x00, 0x0F, 0xFF, 0xD0, 0x00, 0x00, 0x00, 0x00, 0x00, 0x00, 0x00, 0x00,
    0x3F, 0xF4, 0x00, 0x00, 0x00, 0x00, 0x1B, 0xFE, 0x40, 0x03, 0xFF, 0x40, 0x00, 0x7F, 0xE0, 0x1F,
    0xFF, 0xFF, 0x40, 0x2F, 0xF8, 0x00, 0x0F, 0xFD, 0x0B, 0xFF, 0xFF, 0xFE, 0x00, 0xFF, 0xC0, 0x00,
    0xFF, 0xC1, 0xFF, 0xFF, 0xFF, 0xF4, 0x0F, 0xFD, 0x00, 0x1F, 0xF8, 0x3F, 0xF8, 0x02, 0xFF, 0xC0,
    0x7F, 0xE0, 0x02, 0xFF, 0x07, 0xFF, 0x00, 0x0F, 0xFD, 0x03, 0xFF, 0x00, 0x3F, 0xF0, 0xBF, 0xD0,
    0x00, 0x7F, 0xE0, 0x2F, 0xF0, 0x07, 0xFD, 0x0F, 0xFC, 0x00, 0x03, 0xFF, 0x00, 0xFF, 0x80, 0xBF,
    0xC0, 0xFF, 0xC0, 0x00, 0x3F, 0xF0, 0x0F, 0xFC, 0x0F, 0xFC, 0x0F, 0xFC, 0x00, 0x03, 0xFF, 0x00,
    0x7F, 0xC1, 0xFF, 0x40, 0xFF, 0xC0, 0x00, 0x3F, 0xF0, 0x03, 0xFD, 0x2F, 0xF0, 0x0F, 0xFC, 0x00,
    0x03, 0xFF, 0x00, 0x2F, 0xF3, 0xFE, 0x00, 0xBF, 0xD0, 0x00, 0x7F, 0xE0, 0x01, 0xFF, 0x7F, 0xD0,
    0x07, 0xFF, 0x00, 0x0F, 0xFD, 0x00, 0x0F, 0xFB, 0xFC, 0x00, 0x3F, 0xFC, 0x02, 0xFF, 0xC0, 0x00,
    0xBF, 0xFF, 0x80, 0x01, 0xFF, 0xFF, 0xFF, 0xF4, 0x00, 0x03, 0xFF, 0xF0, 0x00, 0x07, 0xFF, 0xFF,
    0xFE, 0x00, 0x00, 0x2F, 0xFF, 0x00, 0x00, 0x1F, 0xFF, 0xFF, 0x40, 0x00, 0x01, 0xFF, 0xD0, 0x00,
    0x00, 0x1B, 0xFE, 0x40, 0x00, 0x00, 0x0F, 0xFC, 0x00, 0x00, 0x00, 0x00, 0x00, 0x00, 0x00, 0x01,
    0xFF, 0xC0, 0x00, 0x00, 0x00, 0x00, 0x00, 0x00, 0x00, 0x2F, 0xF4, 0x00, 0x00, 0x00, 0x00, 0x00,
    0x00, 0x00, 0x03, 0xFF, 0x00, 0x00, 0x00, 0x00, 0x00, 0x00, 0x00, 0x01, 0xFF, 0xE0, 0x00, 0x00,
    0x00, 0x00, 0x00, 0x00, 0x0F, 0xFF, 0xFC, 0x00, 0x00, 0x00, 0x00, 0x00, 0x00, 0x00, 0xFF, 0xFF,
    0x40, 0x00, 0x00, 0x00, 0x00, 0x00, 0x00, 0x0F, 0xFF, 0xD0, 0x00, 0x00, 0x00, 0x00, 0x00, 0x00,
    0x00, 0xFF, 0xE0, 0x00, 0x00, 0x00, 0x00, 0x00, 0x0B, 0xE0, 0x00, 0x00, 0x00, 0x00, 0x1F, 0xF4,
    0x00, 0x00, 0x00, 0x06, 0xFF, 0xFF, 0x90, 0x00, 0x00, 0x3F, 0xFF, 0xFF, 0xFC, 0x00, 0x01, 0xFF,
    0xFF, 0xFF, 0xFF, 0x40, 0x07, 0xFF, 0xFF, 0xFF, 0xFF, 0xD0, 0x0F, 0xFF, 0xEF, 0xFB, 0xFF, 0xF0,
    0x2F, 0xFE, 0x0B, 0xE0, 0x7F, 0xF8, 0x3F, 0xF8, 0x00, 0x00, 0x2F, 0xFC, 0x7F, 0xF0, 0x00, 0x00,
    0x0F, 0xFD, 0xBF, 0xE0, 0x00, 0x00, 0x0B, 0xFE, 0xFF, 0xD0, 0x00, 0x00, 0x07, 0xFF, 0xFF, 0xC0,
    0x00, 0x00, 0x03, 0xFF, 0xFF, 0xC0, 0x00, 0x00, 0x03, 0xFF, 0xFF, 0xC0, 0x00, 0x00, 0x03, 0xFF,
    0xFF, 0xC0, 0x00, 0x00, 0x03, 0xFF, 0xFF, 0xC0, 0x00, 0x00, 0x03, 0xFF, 0xFF, 0xD0, 0x00, 0x00,
    0x07, 0xFF, 0xBF, 0xE0, 0x00, 0x00, 0x0B, 0xFE, 0x7F, 0xF0, 0x00, 0x00, 0x0F, 0xFD, 0x3F, 0xF8,
    0x00, 0x00, 0x2F, 0xFC, 0x2F, 0xFE, 0x0B, 0xE0, 0xBF, 0xF8, 0x0F, 0xFF, 0xEF, 0xFB, 0xFF, 0xF0,
    0x03, 0xFF, 0xFF, 0xFF, 0xFF, 0xC0, 0x01, 0xFF, 0xFF, 0xFF, 0xFF, 0x40, 0x00, 0x2F, 0xFF, 0xFF,
    0xFC, 0x00, 0x00, 0x02, 0xFF, 0xFF, 0x80, 0x00, 0x00, 0x00, 0x0F, 0xF4, 0x00, 0x00, 0x00, 0x00,
    0x0B, 0xE0, 0x00, 0x00, 0x00, 0x00, 0x7D, 0x00, 0x00, 0x00, 0x00, 0xFF, 0x00, 0x00, 0x00, 0x2F,
    0xFF, 0xF8, 0x00, 0x02, 0xFF, 0xFF, 0xFF, 0x40, 0x0B, 0xFF, 0xFF, 0xFF, 0xE0, 0x2F, 0xFE, 0xFF,
    0xBF, 0xF4, 0x3F, 0xF4, 0xBE, 0x1F, 0xFC, 0x7F, 0xE0, 0x00, 0x0B, 0xFD, 0xFF, 0xD0, 0x00, 0x07,
    0xFE, 0xFF, 0xC0, 0x00, 0x03, 0xFF, 0xFF, 0xC0, 0x00, 0x03, 0xFF, 0xFF, 0xC0, 0x00, 0x03, 0xFF,
    0xFF, 0xC0, 0x00, 0x03, 0xFF, 0xBF, 0xD0, 0x00, 0x07, 0xFE, 0x7F, 0xE0, 0x00, 0x0B, 0xFD, 0x3F,
    0xF4, 0xBE, 0x1F, 0xFC, 0x1F, 0xFE, 0xFF, 0xBF, 0xF4, 0x0B, 0xFF, 0xFF, 0xFF, 0xE0, 0x01, 0xFF,
    0xFF, 0xFF, 0x80, 0x00, 0x2F, 0xFF, 0xF8, 0x00, 0x00, 0x00, 0xFF, 0x00, 0x00, 0x00, 0x00, 0x7D,
    0x00, 0x00, 0x00, 0x00, 0x00, 0x6A, 0x00, 0x00, 0x00, 0x00, 0x00, 0x00, 0x01, 0xFF, 0xFD, 0x00,
    0x00, 0x00, 0x00, 0x00, 0x00, 0xFF, 0xFF, 0xFE, 0x40, 0x00, 0x00, 0x00, 0x00, 0x3F, 0xFF, 0xFF,
    0xE0, 0x00, 0x00, 0x00, 0x00, 0x0F, 0xD5, 0xBF, 0xF8, 0x00, 0x00, 0x00, 0x00, 0x01, 0x43, 0xE0,
    0x14, 0x00, 0x00, 0x00, 0x00, 0x00, 0x03, 0xFE, 0x00, 0x00, 0x00, 0x00, 0x00, 0x00, 0x00, 0xFF,
    0xC0, 0x00, 0x00, 0x00, 0x00, 0x00, 0x00, 0x0B, 0xF0, 0x00, 0x00, 0x00, 0x00, 0x00, 0x00, 0x00,
    0xFC, 0x00, 0x00, 0x00, 0x00, 0x00, 0x00, 0x00, 0xBD, 0x00, 0x00, 0x00, 0x00, 0x00, 0x00, 0x00,
    0xFE, 0x00, 0x00, 0x00, 0x00, 0x00, 0x00, 0x00, 0x3D, 0x00, 0x00, 0x00, 0x00, 0x00, 0x00, 0x00,
    0x00, 0x00, 0x00, 0x00, 0x00, 0x00, 0x01, 0xBF, 0xE0, 0x00, 0x1B, 0xFE, 0x40, 0x00, 0x03, 0xFF,
    0xFF, 0x40, 0x3F, 0xFF, 0xFC, 0x00, 0x07, 0xFF, 0xFF, 0xD0, 0x0F, 0xFF, 0xFF, 0xC0, 0x03, 0xFF,
    0xFF, 0xF0, 0x01, 0xFF, 0xFF, 0xFC, 0x02, 0xFF, 0xD0, 0x24, 0x00, 0x34, 0x07, 0xFF, 0x80, 0xFF,
    0xD0, 0x00, 0x00, 0x00, 0x00, 0x7F, 0xF0, 0x7F, 0xF0, 0x00, 0x00, 0x00, 0x00, 0x0F, 0xFD, 0x2F,
    0xF4, 0x00, 0x00, 0x00, 0x00, 0x01, 0xFF, 0x8F, 0xFD, 0x00, 0x00, 0x00, 0x00, 0x00, 0x3F, 0xF3,
    0xFF, 0x00, 0x00, 0x00, 0x00, 0x00, 0x0F, 0xFC, 0xFF, 0xC0, 0x00, 0x00, 0x00, 0x00, 0x03, 0xFF,
    0x3F, 0xF0, 0x00, 0x00, 0x00, 0x00, 0x00, 0xFF, 0xCF, 0xFC, 0x00, 0x03, 0xFF, 0x00, 0x00, 0x3F,
    0xF3, 0xFF, 0x00, 0x00, 0xFF, 0xC0, 0x00, 0x0F, 0xFC, 0xFF, 0xD0, 0x00, 0x3F, 0xF0, 0x00, 0x07,
    0xFF, 0x2F, 0xF8, 0x00, 0x0F, 0xFC, 0x00, 0x02, 0xFF, 0x87, 0xFF, 0x00, 0x03, 0xFF, 0x00, 0x00,
    0xFF, 0xD0, 0xFF, 0xF0, 0x00, 0xFF, 0xC0, 0x00, 0xFF, 0xF0, 0x2F, 0xFF, 0x40, 0xBF, 0xF9, 0x01,
    0xFF, 0xF8, 0x03, 0xFF, 0xFF, 0xFF, 0xFF, 0xFF, 0xFF, 0xFC, 0x00, 0xBF, 0xFF, 0xFF, 0xFF, 0xFF,
    0xFF, 0xFD, 0x00, 0x0B, 0xFF, 0xFF, 0xFB, 0xFF, 0xFF, 0xFE, 0x00, 0x00, 0x7F, 0xFF, 0xF4, 0x3F,
    0xFF, 0xFD, 0x00, 0x00, 0x01, 0xFF, 0xE0, 0x01, 0xBF, 0xE4, 0x00, 0x00, 0x00, 0x00, 0x1F, 0xE0,
    0x00, 0x00, 0x00, 0x00, 0x00, 0x2F, 0xFF, 0x80, 0x00, 0x00, 0x00, 0x00, 0x1F, 0xFF, 0xFE, 0x00,
    0x00, 0x00, 0x00, 0x0B, 0xFF, 0xFF, 0xFD, 0x00, 0x00, 0x00, 0x02, 0xFC, 0x1F, 0xFF, 0x40, 0x00,
    0x00, 0x00, 0xBE, 0x7F, 0x6F, 0xD0, 0x00, 0x00, 0x00, 0x00, 0x3F, 0xE0, 0x00, 0x00, 0x00, 0x00,
    0x00, 0x0F, 0xFC, 0x00, 0x00, 0x00, 0x00, 0x00, 0x00, 0x7F, 0x00, 0x00, 0x00, 0x00, 0x00, 0x00,
    0x1F, 0x80, 0x00, 0x00, 0x00, 0x00, 0x00, 0x2F, 0xC0, 0x00, 0x00, 0x00, 0x00, 0x00, 0x0F, 0x40,
    0x00, 0x00, 0x00, 0x00, 0x00, 0x00, 0x00, 0x00, 0x00, 0x00, 0x00, 0x0B, 0xFE, 0x40, 0x0B, 0xFE,
    0x40, 0x00, 0x2F, 0xFF, 0xF8, 0x0F, 0xFF, 0xFC, 0x00, 0x3F, 0xFF, 0xFC, 0x01, 0xFF, 0xFF, 0xC0,
    0x2F, 0xFF, 0xFD, 0x00, 0x2F, 0xFF, 0xF8, 0x0F, 0xFE, 0x01, 0x00, 0x01, 0x07, 0xFF, 0x07, 0xFF,
    0x00, 0x00, 0x00, 0x00, 0xBF, 0xE2, 0xFF, 0x40, 0x00, 0x00, 0x00, 0x1F, 0xFC, 0xFF, 0xC0, 0x00,
    0x00, 0x00, 0x03, 0xFF, 0x3F, 0xF0, 0x00, 0x00, 0x00, 0x00, 0xFF, 0xCF, 0xFC, 0x00, 0x0F, 0xFC,
    0x00, 0x3F, 0xF3, 0xFF, 0x00, 0x03, 0xFF, 0x00, 0x0F, 0xFC, 0xFF, 0xC0, 0x00, 0xFF, 0xC0, 0x03,
    0xFF, 0x3F, 0xF4, 0x00, 0x3F, 0xF0, 0x01, 0xFF, 0xCB, 0xFF, 0x00, 0x0F, 0xFC, 0x00, 0xBF, 0xE0,
    0xFF, 0xE0, 0x1F, 0xFF, 0xC0, 0xBF, 0xF4, 0x2F, 0xFF, 0xFF, 0xFF, 0xFF, 0xFF, 0xFC, 0x03, 0xFF,
    0xFF, 0xFE, 0xFF, 0xFF, 0xFC, 0x00, 0x3F, 0xFF, 0xFC, 0x1F, 0xFF, 0xFC, 0x00, 0x01, 0xBF, 0xE4,
    0x00, 0xBF, 0xF4, 0x00, 0x00, 0x00, 0xFF, 0xFF, 0xFF, 0xF0, 0x00, 0x00, 0x00, 0x03, 0xFF, 0xFF,
    0xFF, 0xC0, 0x00, 0x00, 0x00, 0x0B, 0xFF, 0xFF, 0xFE, 0x00, 0x00, 0x00, 0x00, 0x0F, 0x03, 0xC0,
    0xF0, 0x00, 0x00, 0x00, 0x00, 0x24, 0x05, 0x01, 0x40, 0x00, 0x00, 0x00, 0x00, 0x00, 0x00, 0x00,
    0x00, 0x00, 0x00, 0x00, 0x00, 0x00, 0x00, 0x00, 0x00, 0x00, 0x3F, 0xF0, 0x00, 0x3F, 0xF0, 0x00,
    0x0F, 0xFC, 0xFF, 0xC0, 0x00, 0xFF, 0xC0, 0x00, 0x3F, 0xF3, 0xFF, 0x00, 0x03, 0xFF, 0x00, 0x00,
    0xFF, 0xCF, 0xFC, 0x00, 0x0F, 0xFD, 0x00, 0x03, 0xFF, 0x2F, 0xF4, 0x00, 0x2F, 0xF4, 0x00, 0x0F,
    0xFC, 0xBF, 0xD0, 0x00, 0xBF, 0xE0, 0x00, 0x3F, 0xF1, 0xFF, 0x80, 0x01, 0xFF, 0x80, 0x01, 0xFF,
    0x87, 0xFF, 0x00, 0x07, 0xFF, 0x00, 0x07, 0xFE, 0x0F, 0xFC, 0x00, 0x3F, 0xFC, 0x00, 0x1F, 0xF4,
    0x3F, 0xF0, 0x00, 0xFF, 0xF4, 0x00, 0xBF, 0xD0, 0xBF, 0xD0, 0x07, 0xFF, 0xE0, 0x02, 0xFF, 0x01,
    0xFF, 0x80, 0x3F, 0xFF, 0xC0, 0x0F, 0xFC, 0x03, 0xFF, 0x00, 0xFF, 0xFF, 0x00, 0x3F, 0xE0, 0x0F,
    0xFC, 0x07, 0xFF, 0xFE, 0x01, 0xFF, 0x40, 0x2F, 0xF4, 0x2F, 0xFF, 0xFC, 0x0B, 0xFC, 0x00, 0x3F,
    0xF0, 0xFF, 0x7F, 0xF0, 0x3F, 0xF0, 0x00, 0xFF, 0xC7, 0xFC, 0xBF, 0xE0, 0xFF, 0x80, 0x01, 0xFF,
    0xAF, 0xE1, 0xFF, 0xC7, 0xFC, 0x00, 0x03, 0xFF, 0xFF, 0x43, 0xFF, 0x7F, 0xF0, 0x00, 0x0B, 0xFF,
    0xFC, 0x07, 0xFF, 0xFF, 0x40, 0x00, 0x0F, 0xFF, 0xF0, 0x0F, 0xFF, 0xFC, 0x00, 0x00, 0x2F, 0xFF,
    0x80, 0x1F, 0xFF, 0xD0, 0x00, 0x00, 0x3F, 0xFC, 0x00, 0x3F, 0xFF, 0x00, 0x00, 0x00, 0xBF, 0xF0,
    0x00, 0x7F, 0xF4, 0x00, 0x00, 0x00, 0x03, 0xFF, 0xFF, 0xFF, 0xC0, 0x00, 0x00, 0x03, 0xFF, 0xFF,
    0xFF, 0xC0, 0x00, 0x00, 0x02, 0xFF, 0xFF, 0xFF, 0x40, 0x00, 0x00, 0x00, 0xD0, 0xB0, 0x1F, 0x00,
    0x00, 0x00, 0x00, 0x00, 0x00, 0x00, 0x00, 0x00, 0x00, 0x00, 0x00, 0x00, 0x00, 0x00, 0x00, 0xFF,
    0xC0, 0x03, 0xFF, 0x00, 0x0F, 0xFC, 0xFF, 0xC0, 0x03, 0xFF, 0x00, 0x0F, 0xFC, 0xFF, 0xC0, 0x03,
    0xFF, 0x00, 0x0F, 0xFC, 0xBF, 0xD0, 0x03, 0xFF, 0x40, 0x0F, 0xFC, 0xBF, 0xD0, 0x02, 0xFF, 0x40,
    0x0F, 0xFC, 0x7F, 0xE0, 0x01, 0xFF, 0x80, 0x1F, 0xF8, 0x3F, 0xE0, 0x01, 0xFF, 0xC0, 0x1F, 0xF4,
    0x3F, 0xF0, 0x01, 0xFF, 0xC0, 0x2F, 0xF0, 0x2F, 0xF0, 0x03, 0xFF, 0xD0, 0x2F, 0xF0, 0x1F, 0xF4,
    0x07, 0xFF, 0xF0, 0x3F, 0xE0, 0x0F, 0xFC, 0x0F, 0xFF, 0xF0, 0x3F, 0xD0, 0x0B, 0xFC, 0x0F, 0xFF,
    0xF4, 0x7F, 0xC0, 0x03, 0xFD, 0x2F, 0xEF, 0xFC, 0xBF, 0x80, 0x03, 0xFF, 0x3F, 0xCF, 0xFC, 0xFF,
    0x40, 0x01, 0xFF, 0xBF, 0x47, 0xFE, 0xFF, 0x00, 0x00, 0xFF, 0xFF, 0x03, 0xFF, 0xFD, 0x00, 0x00,
    0x7F, 0xFD, 0x01, 0xFF, 0xFC, 0x00, 0x00, 0x3F, 0xFC, 0x00, 0xBF, 0xF4, 0x00, 0x00, 0x0F, 0xF4,
    0x00, 0x3F, 0xF0, 0x00, 0x00, 0x01, 0xBF, 0xFE, 0x40, 0x00, 0x1F, 0xFF, 0xFF, 0xFC, 0x00, 0xFF,
    0xFF, 0xFF, 0xFC, 0x03, 0xFF, 0xFF, 0xFF, 0xF8, 0x0F, 0xFF, 0x90, 0x06, 0xF0, 0x1F, 0xFD, 0x00,
    0x00, 0x10, 0x3F, 0xF8, 0x00, 0x00, 0x00, 0x7F, 0xF0, 0x00, 0x00, 0x00, 0xBF, 0xE0, 0x00, 0x00,
    0x00, 0xFF, 0xD0, 0x00, 0x00, 0x00, 0xFF, 0xC0, 0x00, 0x00, 0x00, 0xFF, 0xC0, 0x00, 0x00, 0x00,
    0xFF, 0xC0, 0x00, 0x00, 0x00, 0xFF, 0xC0, 0x00, 0x00, 0x00, 0xFF, 0xD0, 0x00, 0x00, 0x00, 0xBF,
    0xD0, 0x00, 0x00, 0x00, 0x7F, 0xF0, 0x00, 0x00, 0x00, 0x3F, 0xF4, 0x00, 0x00, 0x00, 0x2F, 0xFC,
    0x00, 0x00, 0x00, 0x0F, 0xFF, 0x80, 0x00, 0x40, 0x07, 0xFF, 0xFF, 0xFF, 0xC0, 0x01, 0xFF, 0xFF,
    0xFF, 0xC0, 0x00, 0x2F, 0xFF, 0xFF, 0xC0, 0x00, 0x01, 0xBF, 0xFF, 0xC0, 0x00, 0x00, 0x00, 0xFF,
    0xC0, 0x00, 0x00, 0x00, 0xFF, 0xC0, 0x00, 0x00, 0x00, 0xFF, 0xC0, 0x00, 0x00, 0x00, 0xFF, 0xC0,
    0x00, 0x00, 0x00, 0xFF, 0xC0, 0x00, 0x00, 0x00, 0xFF, 0xC0, 0x00, 0x00, 0x00, 0xFF, 0xC0, 0x00,
    0x00, 0x00, 0xFF, 0xC0, 0x00, 0x2F, 0xFF, 0x80, 0x0B, 0xFF, 0xFF, 0xE0, 0xFF, 0xFF, 0xFF, 0x0B,
    0xFF, 0xFF, 0xFC, 0x3F, 0xF8, 0x01, 0x92, 0xFF, 0xC0, 0x00, 0x0B, 0xFD, 0x00, 0x00, 0x3F, 0xF0,
    0x00, 0x00, 0xFF, 0xC0, 0x00, 0x03, 0xFF, 0x00, 0x00, 0x0F, 0xFC, 0x00, 0x00, 0x3F, 0xF4, 0x00,
    0x00, 0xBF, 0xE0, 0x00, 0x01, 0xFF, 0xC0, 0x00, 0x03, 0xFF, 0xD0, 0x04, 0x0B, 0xFF, 0xFF, 0xF0,
    0x0F, 0xFF, 0xFF, 0xC0, 0x0B, 0xFF, 0xFF, 0x00, 0x02, 0xFF, 0xFC, 0x00, 0x00, 0x3F, 0xF0, 0x00,
    0x00, 0xFF, 0xC0, 0x00, 0x03, 0xFF, 0x00, 0x00, 0x0F, 0xFC, 0x00, 0x00, 0x3F, 0xF0, 0x00, 0x00,
    0xFF, 0xC0, 0x00, 0x03, 0xFF, 0x00, 0x00, 0x0F, 0xFC, 0x00, 0x00, 0x00, 0x00, 0x00, 0x00, 0x00,
    0x00, 0x02, 0xE0, 0x00, 0x00, 0x00, 0x7D, 0x00, 0x00, 0xD0, 0x0F, 0xC0, 0x00, 0x2F, 0x81, 0xF4,
    0x00, 0x01, 0xFF, 0xBF, 0x00, 0x00, 0x01, 0xFF, 0xC0, 0x00, 0x00, 0x02, 0xFE, 0x00, 0x00, 0x00,
    0x2F, 0xFE, 0x00, 0x00, 0x03, 0xE7, 0xFD, 0x00, 0x00, 0xFC, 0x0B, 0xC2, 0xC0, 0x1F, 0x40, 0x04,
    0x3F, 0x83, 0xF0, 0x00, 0x01, 0xFF, 0xBD, 0x00, 0x00, 0x02, 0xFF, 0xC0, 0x00, 0x00, 0x03, 0xFE,
    0x00, 0x00, 0x00, 0x3F, 0xFD, 0x00, 0x00, 0x0F, 0xCB, 0xFC, 0x00, 0x01, 0xF4, 0x0B, 0x80, 0x00,
    0x3F, 0x00, 0x10, 0x00, 0x07, 0xD0, 0x00, 0x00, 0x00, 0x2C, 0x00, 0x00, 0x00, 0x00, 0x00, 0x00,
    0x00, 0x00, 0x00, 0x00, 0x1F, 0x5F, 0xFF, 0xFF, 0xFF, 0xFF, 0xFF, 0xFF, 0xFF, 0xFF, 0xFD, 0xBD,
    0x00, 0x00, 0x05, 0x00, 0x00, 0x00, 0x00, 0x0B, 0xF8, 0x00, 0x7F, 0xFF, 0xCF, 0xFF, 0xFF, 0xFB,
    0xFF, 0xFF, 0xFF, 0xFF, 0xF8, 0x2F, 0xFF, 0x90, 0x03, 0xF0, 0x3F, 0x6F, 0xFF, 0xFB, 0xF4, 0xBC,
    0x0F, 0xE0, 0xBC, 0x7F, 0x3F, 0xEB, 0xFC, 0x7F, 0x0F, 0xAF, 0xCF, 0x80, 0x0B, 0xF4, 0x00, 0x0F,
    0xFF, 0xD0, 0x0B, 0xFF, 0xFF, 0x43, 0xFF, 0xFF, 0xFF, 0xFE, 0x0B, 0xFF, 0xFF, 0x00, 0x1B, 0xF0,
    0x00, 0x00, 0x00, 0x00, 0x00, 0x00, 0x00, 0x00, 0x00, 0x00, 0x00, 0x00, 0x00, 0x07, 0xFD, 0x00,
    0x00, 0x00, 0x00, 0x00, 0x00, 0x00, 0x01, 0xFF, 0xF4, 0x00, 0x00, 0x00, 0x00, 0x00, 0x00, 0x00,
    0x2C, 0x03, 0xC0, 0x00, 0x00, 0x00, 0x00, 0x00, 0x00, 0x03, 0x80, 0x1C, 0x00, 0x00, 0x00, 0x00,
    0x00, 0x00, 0x00, 0x00, 0x00, 0x00, 0x00, 0x00, 0x00, 0x00, 0x00, 0x00, 0x00, 0x00, 0x00, 0x00,
    0x00, 0x00, 0x00, 0x02, 0xFF, 0x40, 0x00, 0x00, 0x00, 0x1F, 0xF8, 0x00, 0x00, 0xBF, 0xFD, 0x00,
    0x00, 0x00, 0x03, 0xFF, 0xE0, 0x00, 0x0F, 0x00, 0xF0, 0x00, 0x00, 0x00, 0xB4, 0x0B, 0x00, 0x00,
    0x90, 0x06, 0x00, 0x00, 0x00, 0x06, 0x00, 0x20, 0x00, 0x00, 0x00, 0x00, 0x00, 0x00, 0x00, 0x00,
    0x00, 0x00, 0x00, 0x00, 0x00, 0x00, 0x00, 0x00, 0x00, 0x00, 0x00, 0x00, 0x00, 0x00, 0x00, 0x00,
    0x00, 0x00, 0x00, 0x00, 0x00, 0x00, 0x00, 0x00, 0x00, 0x00, 0x00, 0x00, 0x00, 0x00, 0x00, 0x00,
    0x00, 0x00, 0x00, 0x00, 0x00, 0x00, 0x00, 0x00, 0x0B, 0xF8, 0x00, 0x00, 0x00, 0x00, 0x00, 0x01,
    0xFF, 0x43, 0xFF, 0xF0, 0x00, 0x00, 0x00, 0x00, 0x00, 0x7F, 0xFD, 0x78, 0x1B, 0x40, 0x00, 0x00,
    0x00, 0x00, 0x0F, 0x41, 0xF7, 0x00, 0x38, 0x00, 0x00, 0x00, 0x00, 0x00, 0xD0, 0x0B, 0x00, 0x00,
    0x00, 0x00, 0x00, 0x00, 0x00, 0x00, 0x00, 0x00, 0x00, 0x00, 0x00, 0x00, 0x00, 0x00, 0x00, 0x00,
    0x00, 0x00, 0x00, 0x00, 0x00, 0x00, 0x00, 0x00, 0x00, 0x00, 0x00, 0x00, 0x00, 0x00, 0x00, 0x00,
    0x00, 0x00, 0x00, 0x00, 0x00, 0x00, 0x00, 0x00, 0x00, 0x00, 0x00, 0x00, 0x00, 0x00, 0x00, 0x00,
    0x00, 0x00, 0x00, 0x00, 0x00, 0x00, 0x00, 0x00, 0x1F, 0xE0, 0x00, 0x00, 0x00, 0x00, 0xBF, 0x40,
    0x00, 0x07, 0xFF, 0xC0, 0x00, 0x00, 0x00, 0x3F, 0xFE, 0x00, 0x00, 0xF4, 0x1E, 0x00, 0x00, 0x00,
    0x07, 0x41, 0xF0, 0x00, 0x0D, 0x00, 0xB0, 0x00, 0x00, 0x00, 0xB0, 0x03, 0x40, 0x00, 0x00, 0x00,
    0x00, 0x00, 0x00, 0x00, 0x00, 0x00, 0x00, 0x00, 0x00, 0x00, 0x00, 0x00, 0x00, 0x00, 0x00, 0x00,
    0x00, 0x00, 0x00, 0x00, 0xBF, 0xE0, 0x00, 0x00, 0x00, 0x00, 0x00, 0x00, 0x00, 0x1F, 0xFF, 0x40,
    0x00, 0x00, 0x00, 0x00, 0x00, 0x00, 0x03, 0xC0, 0x3C, 0x00, 0x00, 0x00, 0x00, 0x00, 0x00, 0x00,
    0x14, 0x00, 0x80, 0x00, 0x00, 0x00, 0x00, 0x00, 0x00, 0x00, 0x07, 0x80, 0x00, 0x00, 0x00, 0x00,
    0x00, 0x00, 0x00, 0x03, 0xD0, 0x00, 0x00, 0x00, 0x00, 0x00, 0x00, 0x00, 0x01, 0xF0, 0x00, 0x00,
    0x00, 0x00, 0x00, 0x00, 0x00, 0x00, 0xBC, 0x00, 0x00, 0x00, 0x00, 0x00, 0x00, 0x00, 0x00, 0x3E,
    0x00, 0x00, 0x00, 0x00, 0x00, 0x03, 0x80, 0x00, 0x1F, 0x80, 0x00, 0x00, 0x00, 0x00, 0x00, 0xF4,
    0x00, 0x0B, 0xD0, 0x00, 0x00, 0x70, 0x00, 0x00, 0x2F, 0x00, 0x00, 0x00, 0x00, 0x02, 0xFE, 0x00,
    0x00, 0x03, 0xE0, 0x00, 0x00, 0x00, 0x0B, 0xFE, 0x00, 0x00, 0x00, 0xFD, 0x00, 0x00, 0x00, 0x0B,
    0xFC, 0x00, 0x00, 0x00, 0x1F, 0x80, 0x00, 0x00, 0x00, 0xB8, 0x00, 0x00, 0x00, 0x03, 0xC0, 0x00,
    0x00, 0x00, 0x00, 0x00, 0x00, 0x00, 0x00, 0x00, 0x00, 0x00, 0x00, 0x00, 0x00, 0x00, 0x00, 0x00,
    0x00, 0x00, 0x00, 0x00, 0x00, 0x00, 0x00, 0x00, 0x00, 0x00, 0x00, 0x00, 0x00, 0x00, 0x00, 0x00,
    0x00, 0x00, 0x00, 0x00, 0x00, 0x00, 0x00, 0x00, 0x00, 0x00, 0x00, 0x00, 0x00, 0x00, 0x00, 0x00,
    0x00, 0x00, 0x00, 0x3E, 0x40, 0x00, 0x00, 0x00, 0x00, 0x00, 0x03, 0xE0, 0x0F, 0xFF, 0xC0, 0x00,
    0x00, 0x00, 0x00, 0x00, 0xFF, 0xD0, 0x7F, 0xF0, 0x00, 0x00, 0x00, 0x00, 0x00, 0x3F, 0xFF, 0x00,
    0xBC, 0x00, 0x00, 0x00, 0x00, 0x00, 0x00, 0x5B, 0xC0, 0x00, 0x00, 0x00, 0x00, 0x00, 0x00, 0x00,
    0x00, 0x00, 0x00, 0x00, 0x00, 0x00, 0x00, 0x00, 0x00, 0x00, 0x00, 0x00, 0x00, 0x00, 0x00, 0x00,
    0x00, 0x00, 0x00, 0x00, 0x00, 0x00, 0x00, 0x00, 0x00, 0x00, 0x00, 0x00, 0x00, 0x00, 0x00, 0x00,
    0x00, 0x00, 0x00, 0x00, 0x00, 0x00, 0x00, 0x00, 0x00, 0x00, 0x00, 0x00, 0x00, 0x00, 0x00, 0x00,
    0x00, 0x00, 0x40, 0x00, 0x00, 0x00, 0x0F, 0x00, 0x00, 0x00, 0x00, 0xBC, 0x00, 0x00, 0x00, 0x0B,
    0xD0, 0x00, 0x00, 0x01, 0xFF, 0x80, 0x00, 0x00, 0x00, 0xFC, 0x00, 0x00, 0x02, 0xFF, 0x40, 0x00,
    0x00, 0x00, 0x2F, 0x00, 0x00, 0x03, 0xFD, 0x00, 0x00, 0x7E, 0x00, 0x03, 0xE0, 0x00, 0x00, 0x24,
    0x00, 0x00, 0x2F, 0x40, 0x00, 0x7C, 0x00, 0x00, 0x00, 0x00, 0x00, 0x0B, 0xC0, 0x00, 0x0B, 0x00,
    0x00, 0x00, 0x00, 0x00, 0x03, 0xE0, 0x00, 0x00, 0x00, 0x00, 0x00, 0x00, 0x00, 0x00, 0xF4, 0x00,
    0x00, 0x00, 0x00, 0x00, 0x00, 0x00, 0x00, 0x7C, 0x00, 0x00, 0x00, 0x00, 0x00, 0x00, 0x00, 0x00,
    0x2D, 0x00, 0x00, 0x00, 0x00, 0x00, 0x01, 0xA9, 0x00, 0x06, 0xA0, 0x00, 0x00, 0x0B, 0xFC, 0x00,
    0x3F, 0xD0, 0x00, 0x00, 0x2F, 0xF0, 0x01, 0xFF, 0x00, 0x00, 0x00, 0x3F, 0xF0, 0x1F, 0xF8, 0x00,
    0x00, 0x00, 0xBF, 0xFF, 0xFF, 0xC0, 0x00, 0x00, 0x00, 0xBF, 0xFF, 0xFC, 0x00, 0x00, 0x00, 0x00,
    0x2B, 0xFE, 0x40, 0x00, 0x00, 0x00, 0x00, 0x00, 0x00, 0x00, 0x00, 0x00, 0x00, 0x00, 0x00, 0x00,
    0x00, 0x00, 0x03, 0xFF, 0x00, 0x00, 0x0F, 0xFF, 0x00, 0x0F, 0xFC, 0x00, 0x00, 0x7F, 0xFC, 0x00,
    0x3F, 0xF0, 0x00, 0x03, 0xFF, 0xF0, 0x00, 0xFF, 0xC0, 0x00, 0x2F, 0xFF, 0xC0, 0x03, 0xFF, 0x00,
    0x00, 0xFF, 0xFF, 0x00, 0x0F, 0xFC, 0x00, 0x0F, 0xFF, 0xFC, 0x00, 0x3F, 0xF0, 0x00, 0x7F, 0xDF,
    0xF0, 0x00, 0xFF, 0xC0, 0x03, 0xFF, 0x3F, 0xC0, 0x03, 0xFF, 0x00, 0x2F, 0xF4, 0xFF, 0x00, 0x0F,
    0xFC, 0x00, 0xFF, 0xC3, 0xFC, 0x00, 0x3F, 0xF0, 0x0F, 0xFC, 0x0F, 0xF0, 0x00, 0xFF, 0xC0, 0x7F,
    0xE0, 0x3F, 0xC0, 0x03, 0xFF, 0x03, 0xFF, 0x00, 0xFF, 0x00, 0x0F, 0xFC, 0x2F, 0xF8, 0x03, 0xFC,
    0x00, 0x3F, 0xF0, 0xFF, 0xC0, 0x0F, 0xF0, 0x00, 0xFF, 0xCB, 0xFD, 0x00, 0x3F, 0xC0, 0x03, 0xFF,
    0x7F, 0xF0, 0x00, 0xFF, 0x00, 0x0F, 0xFF, 0xFF, 0x00, 0x03, 0xFC, 0x00, 0x3F, 0xFF, 0xF8, 0x00,
    0x0F, 0xF0, 0x00, 0xFF, 0xFF, 0xC0, 0x00, 0x3F, 0xFF, 0xF7, 0xFF, 0xFE, 0x00, 0x00, 0xFF, 0xFF,
    0xCF, 0xFF, 0xF0, 0x00, 0x03, 0xFF, 0xFF, 0x3F, 0xFF, 0x40, 0x00, 0x0F, 0xFF, 0xF8, 0xFF, 0xFC,
    0x00, 0x00, 0x3F, 0xFF, 0xD0, 0x00, 0x00, 0x00, 0x00, 0x00, 0xFF, 0x00, 0x00, 0x00, 0x00, 0x00,
    0x0B, 0xFC, 0x00, 0x00, 0x00, 0x00, 0x00, 0x3F, 0xE0, 0x00, 0x00, 0x00, 0x00, 0x01, 0xFF, 0x40,
    0x00, 0x00, 0x00, 0x00, 0x0F, 0xFC, 0x00, 0x00, 0x00, 0x00, 0x00, 0x3F, 0xF0, 0x00, 0x00, 0x00,
    0x00, 0x02, 0xFF, 0x80, 0x0A, 0xA0, 0x00, 0x2A, 0x80, 0x00, 0x0F, 0xF4, 0x00, 0x7F, 0xD0, 0x00,
    0x0F, 0xFD, 0x01, 0xFF, 0xC0, 0x00, 0x07, 0xFF, 0xFF, 0xFF, 0x40, 0x00, 0x02, 0xFF, 0xFF, 0xFD,
    0x00, 0x00, 0x00, 0x2F, 0xFF, 0x90, 0x00, 0x00, 0x00, 0x00, 0x00, 0x00, 0x00, 0x00, 0x00, 0x00,
    0x00, 0x00, 0x00, 0x00, 0xFF, 0xC0, 0x00, 0xBF, 0xFC, 0x00, 0xFF, 0xC0, 0x00, 0xFF, 0xFC, 0x00,
    0xFF, 0xC0, 0x02, 0xFF, 0xFC, 0x00, 0xFF, 0xC0, 0x07, 0xFF, 0xFC, 0x00, 0xFF, 0xC0, 0x0F, 0xFF,
    0xFC, 0x00, 0xFF, 0xC0, 0x2F, 0xFF, 0xFC, 0x00, 0xFF, 0xC0, 0x3F, 0xEF, 0xFC, 0x00, 0xFF, 0xC0,
    0xFF, 0xCF, 0xFC, 0x00, 0xFF, 0xC1, 0xFF, 0x8F, 0xFC, 0x00, 0xFF, 0xC3, 0xFF, 0x0F, 0xFC, 0x00,
    0xFF, 0xCB, 0xFD, 0x0F, 0xFC, 0x00, 0xFF, 0xDF, 0xF8, 0x0F, 0xFC, 0x00, 0xFF, 0xFF, 0xF0, 0x0F,
    0xFC, 0x00, 0xFF, 0xFF, 0xE0, 0x0F, 0xFC, 0x00, 0xFF, 0xFF, 0xC0, 0x0F, 0xFC, 0x00, 0xFF, 0xFF,
    0x40, 0x0F, 0xFF, 0xFF, 0xFF, 0xFE, 0x00, 0x0F, 0xFF, 0xFE, 0xFF, 0xFC, 0x00, 0x0F, 0xFF, 0xFD,
    0xFF, 0xF8, 0x00, 0x0F, 0xFF, 0xFC, 0x00, 0x00, 0x00, 0x00, 0x03, 0xFC, 0x00, 0x00, 0x00, 0x00,
    0x0B, 0xF8, 0x00, 0x00, 0x00, 0x00, 0x0F, 0xF4, 0x00, 0x00, 0x00, 0x00, 0x1F, 0xF0, 0x00, 0x00,
    0x00, 0x00, 0x3F, 0xF0, 0x00, 0x00, 0x00, 0x00, 0x3F, 0xE0, 0x0F, 0xFC, 0x00, 0x00, 0x00, 0x3F,
    0xF0, 0x00, 0x00, 0x0F, 0xFF, 0xFF, 0xF0, 0x00, 0x3F, 0xFF, 0xFF, 0xC0, 0x00, 0xFF, 0xFF, 0xFF,
    0x00, 0x03, 0xFF, 0xFF, 0xFC, 0x00, 0x00, 0xFF, 0xC0, 0x00, 0x00, 0x03, 0xFF, 0x00, 0x00, 0x00,
    0x0F, 0xFC, 0x00, 0x00, 0x00, 0x3F, 0xFF, 0xFE, 0x40, 0x00, 0xFF, 0xFF, 0xFF, 0xE0, 0x03, 0xFF,
    0xFF, 0xFF, 0xF0, 0x0F, 0xFF, 0xFF, 0xFF, 0xF0, 0x3F, 0xF0, 0x06, 0xFF, 0xD0, 0xFF, 0xC0, 0x02,
    0xFF, 0x83, 0xFF, 0x00, 0x03, 0xFF, 0x0F, 0xFC, 0x00, 0x0F, 0xFC, 0x3F, 0xF0, 0x00, 0x3F, 0xF0,
    0xFF, 0xC0, 0x02, 0xFF, 0xC3, 0xFF, 0x00, 0x6F, 0xFD, 0x0F, 0xFF, 0xFF, 0xFF, 0xF0, 0x3F, 0xFF,
    0xFF, 0xFF, 0x00, 0xFF, 0xFF, 0xFF, 0xE0, 0x03, 0xFF, 0xFF, 0xE4, 0x00, 0x03, 0xFF, 0x00, 0x00,
    0x00, 0x03, 0xFF, 0x00, 0x00, 0x00, 0x03, 0xFF, 0x00, 0x00, 0x00, 0xFF, 0xFF, 0xFF, 0xF0, 0x00,
    0xFF, 0xFF, 0xFF, 0xF0, 0x00, 0xFF, 0xFF, 0xFF, 0xF0, 0x00, 0xFF, 0xFF, 0xFF, 0xF0, 0x00, 0x03,
    0xFF, 0x00, 0x00, 0x00, 0x03, 0xFF, 0x00, 0x00, 0x00, 0x03, 0xFF, 0x00, 0x00, 0x00, 0x03, 0xFF,
    0x00, 0x00, 0x00, 0x03, 0xFF, 0x00, 0x00, 0x00, 0x03, 0xFF, 0x00, 0x00, 0x00, 0x03, 0xFF, 0x00,
    0x00, 0x00, 0x03, 0xFF, 0xFF, 0xF9, 0x00, 0x03, 0xFF, 0xFF, 0xFF, 0xC0, 0x03, 0xFF, 0xFF, 0xFF,
    0xF0, 0x03, 0xFF, 0xFF, 0xFF, 0xF8, 0x03, 0xFF, 0x00, 0x2F, 0xFC, 0x03, 0xFF, 0x00, 0x0F, 0xFC,
    0x03, 0xFF, 0x00, 0x0F, 0xFC, 0x03, 0xFF, 0x00, 0x2F, 0xFC, 0x03, 0xFF, 0xFF, 0xFF, 0xF8, 0x03,
    0xFF, 0xFF, 0xFF, 0xF0, 0x03, 0xFF, 0xFF, 0xFF, 0xC0, 0x03, 0xFF, 0xFF, 0xF9, 0x00, 0xFF, 0xFF,
    0xF9, 0x00, 0x3F, 0xFF, 0xFF, 0xF4, 0x0F, 0xFF, 0xFF, 0xFF, 0x43, 0xFF, 0xFF, 0xFF, 0xF0, 0xFF,
    0xC0, 0x1F, 0xFE, 0x3F, 0xF0, 0x01, 0xFF, 0xCF, 0xFC, 0x00, 0x3F, 0xF3, 0xFF, 0x01, 0x0F, 0xFC,
    0xFF, 0xC2, 0xE3, 0xFF, 0x3F, 0xF1, 0xFE, 0xFF, 0xCF, 0xFC, 0x2F, 0xFF, 0xD3, 0xFF, 0xFF, 0xFF,
    0xF0, 0xFF, 0xFF, 0xFF, 0xF4, 0x3F, 0xFF, 0xFF, 0xF4, 0x0F, 0xFF, 0xFF, 0xFE, 0x03, 0xFF, 0x00,
    0x1F, 0xC0, 0xFF, 0xC0, 0x02, 0xD0, 0x3F, 0xF0, 0x00, 0x00, 0x0F, 0xFC, 0x00, 0x00, 0x03, 0xFF,
    0x00, 0x00, 0x00, 0xFF, 0xC0, 0x00, 0x00, 0x3F, 0xF0, 0x00, 0x00, 0x0F, 0xFC, 0x00, 0x00, 0x03,
    0xFF, 0x00, 0x00, 0x00, 0xFF, 0x41, 0xFF, 0x80, 0x3F, 0xE3, 0xFF, 0xFD, 0x0F, 0xFF, 0xFF, 0xFF,
    0xC3, 0xFF, 0xFF, 0xFF, 0xFC, 0xFF, 0xF8, 0x0B, 0xFF, 0x3F, 0xF8, 0x00, 0xFF, 0xEF, 0xFD, 0x00,
    0x1F, 0xFF, 0xFF, 0x00, 0x03, 0xFF, 0xFF, 0xC0, 0x00, 0xFF, 0xFF, 0xF0, 0x00, 0x3F, 0xFF, 0xFC,
    0x01, 0x0F, 0xFF, 0xFF, 0x02, 0xE3, 0xFF, 0xFF, 0xD2, 0xFF, 0xFF, 0xBF, 0xFC, 0x3F, 0xFF, 0xEF,
    0xFF, 0x83, 0xFF, 0xF3, 0xFF, 0xFF, 0xFF, 0xF8, 0xFF, 0xFF, 0xFF, 0xFC, 0x3F, 0xF3, 0xFF, 0xFF,
    0x0F, 0xFC, 0x2F, 0xFF, 0xE3, 0xFF, 0x00, 0x02, 0xF8, 0xFF, 0xC0, 0x00, 0x34, 0x3F, 0xF0, 0x00,
    0x00, 0x0F, 0xFC, 0x00, 0x00, 0x03, 0xFF, 0x00, 0x00, 0x00, 0xFF, 0xC0, 0x00, 0x00, 0x3F, 0xF0,
    0x00, 0x00, 0x0F, 0xFC, 0x00, 0x00, 0x00, 0x00, 0x00, 0x02, 0xAA, 0x00, 0x00, 0x03, 0xFF, 0x00,
    0x00, 0x03, 0xFF, 0x00, 0x00, 0x03, 0xFF, 0x00, 0x00, 0x03, 0xFF, 0x00, 0x00, 0x03, 0xFF, 0xFF,
    0xFF, 0xFF, 0xFF, 0xFF, 0xFF, 0xFF, 0xFF, 0xFF, 0xFF, 0xFF, 0xFF, 0xFF, 0xFF, 0xFF, 0xFF, 0xFF,
    0xC0, 0x00, 0x00, 0xFF, 0xC0, 0x00, 0x00, 0xFF, 0xC0, 0x00, 0x00, 0xFF, 0xC0, 0x00, 0x00, 0xFF,
    0xC0, 0x00, 0x00, 0xFF, 0xC0, 0x00, 0x00, 0xFF, 0xC0, 0x00, 0x00, 0xFF, 0xC0, 0x00, 0x00, 0xFF,
    0xC0, 0x00, 0x00, 0xFF, 0xC0, 0x00, 0x00, 0xFF, 0xC0, 0x00, 0x00, 0xFF, 0xC0, 0x00, 0x00, 0xFF,
    0xC0, 0x00, 0x00, 0xFF, 0xC0, 0x00, 0x00, 0xFF, 0xC0, 0x00, 0x00, 0xFF, 0xC0, 0x00, 0x00, 0xFF,
    0xC0, 0x00, 0x00, 0xFF, 0xC0, 0x00, 0x00, 0xFF, 0xC0, 0x00, 0x00, 0xFF, 0xC0, 0x00, 0x00, 0x00,
    0x00, 0x3F, 0xF0, 0x00, 0x00, 0xFF, 0xC0, 0x00, 0x03, 0xFF, 0x00, 0x00, 0x0F, 0xFC, 0x00, 0x00,
    0x3F, 0xF3, 0xFF, 0xFF, 0xFF, 0xCF, 0xFF, 0xFF, 0xFF, 0x3F, 0xFF, 0xFF, 0xFC, 0xFF, 0xFF, 0xFF,
    0xF3, 0xFF, 0x00, 0x00, 0x0F, 0xFC, 0x00, 0x00, 0x3F, 0xF0, 0x00, 0x00, 0xFF, 0xC0, 0x00, 0x03,
    0xFF, 0x00, 0x00, 0x0F, 0xFC, 0x00, 0x00, 0x3F, 0xF0, 0x00, 0x00, 0xFF, 0xC0, 0x00, 0x03, 0xFF,
    0x00, 0x00, 0x0F, 0xFC, 0x00, 0x00, 0x3F, 0xF0, 0x00, 0x00, 0xFF, 0xC0, 0x00, 0x03, 0xFF, 0x00,
    0x00, 0x0F, 0xFC, 0x00, 0x00, 0x3F, 0xF0, 0x00, 0x00, 0x0F, 0xFF, 0xFF, 0xFF, 0xC3, 0xFF, 0xFF,
    0xFF, 0xF0, 0xFF, 0xFF, 0xFF, 0xFC, 0x3F, 0xFF, 0xFF, 0xFF, 0x0F, 0xFC, 0x00, 0x00, 0x03, 0xFF,
    0x00, 0x00, 0x00, 0xFF, 0xC0, 0x00, 0x00, 0x3F, 0xF0, 0x00, 0x00, 0x0F, 0xFC, 0x00, 0x00, 0x03,
    0xFF, 0x00, 0x00, 0x0F, 0xFF, 0xFF, 0xFF, 0x03, 0xFF, 0xFF, 0xFF, 0xC0, 0xFF, 0xFF, 0xFF, 0xF0,
    0x3F, 0xFF, 0xFF, 0xFC, 0x00, 0xFF, 0xC0, 0x00, 0x00, 0x3F, 0xF0, 0x00, 0x00, 0x0F, 0xFC, 0x00,
    0x00, 0x03, 0xFF, 0x00, 0x00, 0x00, 0xFF, 0xC0, 0x00, 0x00, 0x3F, 0xF0, 0x00, 0x00, 0x0F, 0xFC,
    0x00, 0x00, 0x03, 0xFF, 0x00, 0x00, 0x00, 0xFF, 0xC0, 0x00, 0x00, 0x3F, 0xF0, 0x00, 0x00, 0x0F,
    0xFF, 0xFF, 0xFE, 0x0F, 0xFF, 0xFF, 0xFE, 0x0F, 0xFF, 0xFF, 0xFE, 0x0F, 0xFF, 0xFF, 0xFD, 0x0F,
    0xFC, 0x00, 0x00, 0x0F, 0xFC, 0x00, 0x00, 0x0F, 0xFC, 0x00, 0x00, 0x0F, 0xFC, 0x00, 0x00, 0xFF,
    0xFF, 0xFF, 0xC0, 0xFF, 0xFF, 0xFF, 0xC0, 0xFF, 0xFF, 0xFF, 0xC0, 0xFF, 0xFF, 0xFF, 0xC0, 0x0F,
    0xFC, 0x00, 0x00, 0x0F, 0xFC, 0x00, 0x00, 0x0F, 0xFC, 0x00, 0x00, 0x0F, 0xFC, 0x00, 0x00, 0x0F,
    0xFC, 0x00, 0x00, 0x0F, 0xFC, 0x00, 0x00, 0x0F, 0xFC, 0x00, 0x00, 0xFF, 0xFF, 0xFF, 0xFC, 0x00,
    0xFF, 0xFF, 0xFF, 0xFC, 0x00, 0xFF, 0xFF, 0xFF, 0xFC, 0x00, 0xFF, 0xFF, 0xFF, 0xFC, 0x00, 0xFF,
    0xC0, 0x00, 0x00, 0x00, 0xFF, 0xC0, 0x00, 0x00, 0x00, 0xFF, 0xC0, 0x00, 0x00, 0x00, 0xFF, 0xC0,
    0x00, 0x00, 0x00, 0xFF, 0xC0, 0x00, 0x00, 0x00, 0xFF, 0xC0, 0x00, 0x00, 0x00, 0xFF, 0xFF, 0xFF,
    0x90, 0x00, 0xFF, 0xFF, 0xFF, 0xFD, 0x00, 0xFF, 0xFF, 0xFF, 0xFF, 0x80, 0xFF, 0xFF, 0xFF, 0xFF,
    0xE0, 0xFF, 0xFF, 0xFF, 0xFF, 0xF4, 0xFF, 0xC0, 0x06, 0xFF, 0xFC, 0xFF, 0xC0, 0x00, 0x3F, 0xFD,
    0xFF, 0xC0, 0x00, 0x0F, 0xFE, 0xFF, 0xC0, 0x00, 0x0B, 0xFF, 0xFF, 0xC0, 0x00, 0x03, 0xFF, 0xFF,
    0xC0, 0x00, 0x03, 0xFF, 0xFF, 0xC0, 0x00, 0x03, 0xFF, 0xFF, 0xC0, 0x00, 0x03, 0xFF, 0xFF, 0xC0,
    0x00, 0x07, 0xFF, 0x00, 0x00, 0x00, 0x0F, 0xFE, 0x00, 0x00, 0x00, 0x1F, 0xFD, 0x00, 0x04, 0x00,
    0xBF, 0xFC, 0x00, 0x1F, 0xFF, 0xFF, 0xF8, 0x00, 0x1F, 0xFF, 0xFF, 0xF0, 0x00, 0x1F, 0xFF, 0xFF,
    0xC0, 0x00, 0x1F, 0xFF, 0xFE, 0x00, 0x00, 0x06, 0xFF, 0xE4, 0x00, 0xFF, 0xFF, 0xFF, 0xC0, 0xFF,
    0xFF, 0xFF, 0xC0, 0xFF, 0xFF, 0xFF, 0xC0, 0xFF, 0xFF, 0xFF, 0x80, 0xFF, 0xC0, 0x00, 0x00, 0xFF,
    0xC0, 0x00, 0x00, 0xFF, 0xC0, 0x00, 0x00, 0xFF, 0xC0, 0x00, 0x00, 0xFF, 0xFF, 0xE4, 0x00, 0xFF,
    0xFF, 0xFF, 0x40, 0xFF, 0xFF, 0xFF, 0xD0, 0xFF, 0xFF, 0xFF, 0xF4, 0xFF, 0xC0, 0x7F, 0xFC, 0xFF,
    0xC0, 0x0F, 0xFD, 0xFF, 0xC0, 0x0B, 0xFE, 0xFF, 0xC0, 0x07, 0xFF, 0xFF, 0xC0, 0x03, 0xFF, 0xFF,
    0xC0, 0x03, 0xFF, 0xFF, 0xC0, 0x03, 0xFF, 0x00, 0x00, 0x03, 0xFF, 0x00, 0x00, 0x07, 0xFE, 0x00,
    0x00, 0x0F, 0xFD, 0x00, 0x40, 0x2F, 0xFC, 0x00, 0xFF, 0xFF, 0xF8, 0x00, 0xFF, 0xFF, 0xF0, 0x00,
    0xFF, 0xFF, 0x80, 0x00, 0x6F, 0xF9, 0x00, 0x2F, 0xF8, 0x00, 0x0F, 0xFC, 0x00, 0x0F, 0xFC, 0x00,
    0x3F, 0xF4, 0x00, 0x3F, 0xF0, 0x00, 0xBF, 0xD0, 0x00, 0x3F, 0xF0, 0x00, 0xFF, 0xC0, 0x07, 0xFE,
    0x00, 0x00, 0xBF, 0xE0, 0x03, 0xFF, 0x00, 0x3F, 0xF0, 0x00, 0x00, 0xFF, 0xC0, 0x0F, 0xFC, 0x01,
    0xFF, 0x40, 0x00, 0x00, 0xFF, 0xC0, 0x3F, 0xF0, 0x0F, 0xF8, 0x00, 0x00, 0x01, 0xFF, 0x80, 0xFF,
    0xC0, 0xBF, 0xC0, 0x00, 0x00, 0x03, 0xFF, 0x03, 0xFF, 0x07, 0xFD, 0x00, 0x00, 0x00, 0x03, 0xFF,
    0x0F, 0xFC, 0x3F, 0xF0, 0x00, 0x00, 0x00, 0x07, 0xFD, 0x3F, 0xF1, 0xFF, 0x00, 0x00, 0x00, 0x00,
    0x0F, 0xFC, 0xFF, 0xCF, 0xF4, 0x00, 0x00, 0x00, 0x00, 0x0F, 0xFB, 0xFF, 0xBF, 0xC0, 0x00, 0x00,
    0x00, 0x00, 0x7F, 0xEF, 0xFF, 0xFF, 0x00, 0x00, 0x00, 0x00, 0x03, 0xFF, 0x3F, 0xF3, 0xFE, 0x00,
    0x00, 0x00, 0x00, 0x3F, 0xF4, 0xFF, 0xC7, 0xFD, 0x00, 0x00, 0x00, 0x01, 0xFF, 0x83, 0xFF, 0x0F,
    0xFC, 0x00, 0x00, 0x00, 0x0F, 0xFC, 0x0F, 0xFC, 0x0F, 0xF8, 0x00, 0x00, 0x00, 0xFF, 0xD0, 0x3F,
    0xF0, 0x2F, 0xF0, 0x00, 0x00, 0x0B, 0xFE, 0x00, 0xFF, 0xC0, 0x3F, 0xE0, 0x00, 0x00, 0x3F, 0xF0,
    0x03, 0xFF, 0x00, 0x7F, 0xD0, 0x00, 0x03, 0xFF, 0x40, 0x0F, 0xFC, 0x00, 0xBF, 0xFF, 0xF0, 0x2F,
    0xF8, 0x00, 0x3F, 0xF0, 0x00, 0xFF, 0xFF, 0xC1, 0xFF, 0xC0, 0x00, 0xFF, 0xC0, 0x01, 0xFF, 0xFF,
    0x0F, 0xFD, 0x00, 0x03, 0xFF, 0x00, 0x03, 0xFF, 0xFC, 0x00, 0x00, 0x00, 0x00, 0x00, 0x00, 0x00,
    0x3F, 0xF0, 0x00, 0x00, 0x00, 0x00, 0x00, 0x00, 0x00, 0xFF, 0xC0, 0x00, 0x00, 0x00, 0x00, 0x00,
    0x00, 0x03, 0xFF, 0x00, 0x00, 0x00, 0x00, 0x00, 0x00, 0x00, 0x0F, 0xFC, 0x00, 0x00, 0x00, 0x00,
    0x00, 0x00, 0x00, 0x3F, 0xF0, 0x00, 0x00, 0x00, 0x00, 0x00, 0x00, 0x00, 0xFF, 0xC0, 0x00, 0x00,
    0x00, 0x00, 0x00, 0x00, 0x03, 0xFF, 0x00, 0x1F, 0xFC, 0x00, 0x3F, 0xF0, 0x00, 0xFF, 0xE0, 0x02,
    0xFF, 0x80, 0x0F, 0xFC, 0x00, 0xBF, 0xF0, 0x00, 0x3F, 0xF4, 0x03, 0xFF, 0x00, 0x7F, 0xF0, 0x00,
    0x03, 0xFF, 0x00, 0xFF, 0xC0, 0x3F, 0xF4, 0x00, 0x00, 0x7F, 0xF0, 0x3F, 0xF0, 0x3F, 0xF8, 0x00,
    0x00, 0x0B, 0xFD, 0x0F, 0xFC, 0x1F, 0xF8, 0x00, 0x00, 0x00, 0xFF, 0xC3, 0xFF, 0x0F, 0xFC, 0x00,
    0x00, 0x00, 0x0F, 0xFC, 0xFF, 0xCF, 0xFC, 0x00, 0x00, 0x00, 0x01, 0xFF, 0xBF, 0xFB, 0xFD, 0x00,
    0x00, 0x00, 0x00, 0x7F, 0xFF, 0xFF, 0xFF, 0x40, 0x00, 0x00, 0x00, 0x3F, 0xF3, 0xFF, 0x3F, 0xF0,
    0x00, 0x00, 0x00, 0x3F, 0xF4, 0xFF, 0xC7, 0xFF, 0x00, 0x00, 0x00, 0x2F, 0xFC, 0x3F, 0xF0, 0xBF,
    0xE0, 0x00, 0x00, 0x1F, 0xFC, 0x0F, 0xFC, 0x0F, 0xFD, 0x00, 0x00, 0x0F, 0xFD, 0x03, 0xFF, 0x01,
    0xFF, 0xC0, 0x00, 0x0F, 0xFE, 0x00, 0xFF, 0xC0, 0x2F, 0xFF, 0xFC, 0x0B, 0xFF, 0x00, 0x3F, 0xF0,
    0x03, 0xFF, 0xFF, 0x07, 0xFF, 0x00, 0x0F, 0xFC, 0x00, 0x7F, 0xFF, 0xC3, 0xFF, 0x80, 0x03, 0xFF,
    0x00, 0x0B, 0xFF, 0xF0, 0x00, 0x00, 0x00, 0x00, 0x00, 0x00, 0x0F, 0xFC, 0x00, 0x00, 0x00, 0x00,
    0x00, 0x00, 0x03, 0xFF, 0x00, 0x00, 0x00, 0x00, 0x00, 0x00, 0x00, 0xFF, 0xC0, 0x00, 0x00, 0x00,
    0x00, 0x00, 0x00, 0x3F, 0xF0, 0x00, 0x00, 0x00, 0x00, 0x00, 0x00, 0x0F, 0xFC, 0x00, 0x00, 0x00,
    0x00, 0x00, 0x00, 0x03, 0xFF, 0x00, 0x00, 0x00, 0x00, 0x00, 0x00, 0x00, 0xFF, 0xC0, 0x01, 0xBF,
    0xFE, 0x00, 0x1F, 0xFF, 0xFF, 0xF8, 0x07, 0xFF, 0xFF, 0xFF, 0xC0, 0xFF, 0xFF, 0xFF, 0xF8, 0x1E,
    0x40, 0x1F, 0xFF, 0x00, 0x00, 0x00, 0xFF, 0xC0, 0x00, 0x00, 0x3F, 0xF0, 0x00, 0x00, 0x1F, 0xF8,
    0x00, 0x00, 0x1F, 0xFC, 0x00, 0xBF, 0xFF, 0xFD, 0x00, 0x2F, 0xFF, 0xF4, 0x00, 0x0B, 0xFF, 0xFF,
    0x80, 0x02, 0xFF, 0xFF, 0xFD, 0x00, 0x00, 0x07, 0xFF, 0xC0, 0x00, 0x00, 0x2F, 0xF8, 0x00, 0x00,
    0x03, 0xFF, 0x00, 0x00, 0x00, 0xFF, 0xC0, 0x00, 0x00, 0x3F, 0xF0, 0x00, 0x00, 0x2F, 0xFE, 0xE4,
    0x00, 0x2F, 0xFD, 0xBF, 0xFF, 0xFF, 0xFF, 0x2F, 0xFF, 0xFF, 0xFF, 0x07, 0xFF, 0xFF, 0xFE, 0x00,
    0x1B, 0xFF, 0xE4, 0x00, 0x00, 0x01, 0xF4, 0x00, 0x00, 0x00, 0x2F, 0x00, 0x00, 0x00, 0x03, 0xE0,
    0x00, 0x00, 0x00, 0xFC, 0x00, 0x00, 0x00, 0x7F, 0x00, 0x00, 0x03, 0xFF, 0xC0, 0x00, 0x00, 0xFF,
    0xD0, 0x00, 0x00, 0x3F, 0xD0, 0x00, 0x06, 0xFF, 0xF9, 0x00, 0x7F, 0xFF, 0xFF, 0xD0, 0x3F, 0xFF,
    0xFF, 0xF4, 0x3F, 0xFF, 0xFF, 0xFC, 0x19, 0x00, 0x2F, 0xFC, 0x00, 0x00, 0x0F, 0xFC, 0x00, 0x00,
    0x2F, 0xF8, 0x02, 0xFF, 0xFF, 0xE0, 0x02, 0xFF, 0xFE, 0x00, 0x02, 0xFF, 0xFF, 0x80, 0x02, 0xFF,
    0xFF, 0xF0, 0x00, 0x00, 0x7F, 0xF8, 0x00, 0x00, 0x0F, 0xFC, 0x00, 0x00, 0x0F, 0xFC, 0x64, 0x00,
    0x2F, 0xFC, 0xBF, 0xFF, 0xFF, 0xF8, 0xBF, 0xFF, 0xFF, 0xF0, 0x7F, 0xFF, 0xFF, 0xC0, 0x1A, 0xFF,
    0xF9, 0x00, 0x00, 0x0B, 0xE0, 0x00, 0x00, 0x02, 0xF4, 0x00, 0x00, 0x00, 0xF8, 0x00, 0x00, 0x00,
    0xFC, 0x00, 0x00, 0x01, 0xFC, 0x00, 0x00, 0x3F, 0xFC, 0x00, 0x00, 0x3F, 0xF4, 0x00, 0x00, 0x3F,
    0xD0, 0x00, 0xFF, 0xC0, 0x00, 0x2F, 0xFC, 0x0F, 0xFC, 0x00, 0x07, 0xFF, 0x00, 0xFF, 0xC0, 0x00,
    0xFF, 0xD0, 0x0F, 0xFC, 0x00, 0x3F, 0xF8, 0x00, 0xFF, 0xC0, 0x0B, 0xFF, 0x00, 0x0F, 0xFC, 0x01,
    0xFF, 0xC0, 0x00, 0xFF, 0xC0, 0x3F, 0xF4, 0x00, 0x0F, 0xFC, 0x0B, 0xFE, 0x00, 0x00, 0xFF, 0xC1,
    0xFF, 0xC0, 0x00, 0x0F, 0xFC, 0x3F, 0xF0, 0x00, 0x00, 0xFF, 0xCF, 0xFD, 0x00, 0x00, 0x0F, 0xFE,
    0xFF, 0x80, 0x00, 0x00, 0xFF, 0xEF, 0xFC, 0x00, 0x00, 0x0F, 0xFC, 0xFF, 0xE0, 0x00, 0x00, 0xFF,
    0xC3, 0xFF, 0x40, 0x00, 0x0F, 0xFC, 0x1F, 0xFC, 0x00, 0x00, 0xFF, 0xC0, 0xBF, 0xF0, 0x00, 0x0F,
    0xFC, 0x03, 0xFF, 0x80, 0x00, 0xFF, 0xC0, 0x0F, 0xFD, 0x00, 0x0F, 0xFC, 0x00, 0x7F, 0xF0, 0x00,
    0xFF, 0xC0, 0x02, 0xFF, 0xFF, 0xFF, 0xFC, 0x00, 0x0F, 0xFF, 0xFF, 0xFF, 0xC0, 0x00, 0x3F, 0xFF,
    0xFF, 0xFC, 0x00, 0x01, 0xFF, 0xFF, 0x00, 0x00, 0x00, 0x00, 0x3F, 0xF0, 0x00, 0x00, 0x00, 0x03,
    0xFF, 0x00, 0x00, 0x00, 0x00, 0x3F, 0xF0, 0x00, 0x00, 0x00, 0x03, 0xFF, 0x00, 0x00, 0x00, 0x00,
    0x3F, 0xF0, 0x00, 0x00, 0x00, 0x03, 0xFF, 0x00, 0x00, 0x00, 0x00, 0x3F, 0xF0, 0xFF, 0xC0, 0x03,
    0xFF, 0xC3, 0xFF, 0x00, 0x2F, 0xFC, 0x0F, 0xFC, 0x00, 0xFF, 0xD0, 0x3F, 0xF0, 0x0F, 0xFE, 0x00,
    0xFF, 0xC0, 0xBF, 0xE0, 0x03, 0xFF, 0x07, 0xFF, 0x00, 0x0F, 0xFC, 0x3F, 0xF0, 0x00, 0x3F, 0xF2,
    0xFF, 0x40, 0x00, 0xFF, 0xDF, 0xF8, 0x00, 0x03, 0xFF, 0xFF, 0xD0, 0x00, 0x0F, 0xFC, 0xFF, 0xC0,
    0x00, 0x3F, 0xF1, 0xFF, 0xC0, 0x00, 0xFF, 0xC2, 0xFF, 0x80, 0x03, 0xFF, 0x03, 0xFF, 0x40, 0x0F,
    0xFC, 0x07, 0xFF, 0x00, 0x3F, 0xF0, 0x0B, 0xFF, 0xFF, 0xFF, 0xC0, 0x0F, 0xFF, 0xFF, 0xFF, 0x00,
    0x0F, 0xFF, 0xFF, 0xFC, 0x00, 0x1F, 0xFF, 0xC0, 0x00, 0x00, 0x03, 0xFF, 0x00, 0x00, 0x00, 0x0F,
    0xFC, 0x00, 0x00, 0x00, 0x3F, 0xF0, 0x00, 0x00, 0x00, 0xFF, 0xC0, 0x00, 0x00, 0x03, 0xFF, 0x00,
    0x00, 0x00, 0x0F, 0xFC, 0x00, 0x00, 0x00, 0x3F, 0xF0, 0xFF, 0xC0, 0x00, 0x3F, 0xF4, 0xFF, 0xC0,
    0x00, 0xFF, 0xE0, 0xFF, 0xC3, 0xC2, 0xFF, 0xC0, 0xFF, 0xC3, 0xC7, 0xFF, 0x00, 0xFF, 0xC3, 0xDF,
    0xFD, 0x00, 0xFF, 0xC3, 0xFF, 0xF8, 0x00, 0xFF, 0xC3, 0xFF, 0xF0, 0x00, 0xFF, 0xC3, 0xFF, 0xC0,
    0x00, 0xFF, 0xC3, 0xFF, 0x40, 0x00, 0xFF, 0xCB, 0xFE, 0x00, 0x00, 0xFF, 0xDF, 0xFC, 0x00, 0x00,
    0xFF, 0xFF, 0xF4, 0x00, 0x00, 0xFF, 0xDF, 0xFC, 0x00, 0x00, 0xFF, 0xCB, 0xFE, 0x00, 0x00, 0xFF,
    0xC3, 0xFF, 0x40, 0x00, 0xFF, 0xC3, 0xFF, 0xC0, 0x00, 0xFF, 0xC3, 0xFF, 0xF0, 0x00, 0xFF, 0xC3,
    0xFF, 0xF8, 0x00, 0xFF, 0xC3, 0xDF, 0xFD, 0x00, 0xFF, 0xC3, 0xCB, 0xFF, 0x00, 0xFF, 0xC3, 0xC3,
    0xFF, 0x80, 0xFF, 0xC0, 0x01, 0xFF, 0xD0, 0xFF, 0xC0, 0x00, 0xBF, 0xF0, 0xFF, 0xC0, 0x00, 0x3F,
    0xFC, 0xFF, 0xC0, 0x01, 0xFF, 0xC3, 0xFF, 0x00, 0x0F, 0xFD, 0x0F, 0xFC, 0x3C, 0xFF, 0xE0, 0x3F,
    0xF0, 0xFB, 0xFF, 0x00, 0xFF, 0xC3, 0xFF, 0xF0, 0x03, 0xFF, 0x0F, 0xFF, 0x40, 0x0F, 0xFC, 0x3F,
    0xF8, 0x00, 0x3F, 0xF1, 0xFF, 0xC0, 0x00, 0xFF, 0xCF, 0xFC, 0x00, 0x03, 0xFF, 0xFF, 0xE0, 0x00,
    0x0F, 0xFE, 0xFF, 0xC0, 0x00, 0x3F, 0xF2, 0xFF, 0xC0, 0x00, 0xFF, 0xC3, 0xFF, 0x80, 0x03, 0xFF,
    0x0F, 0xFF, 0x80, 0x0F, 0xFC, 0x3F, 0xFF, 0x40, 0x3F, 0xF0, 0xF7, 0xFF, 0x00, 0xFF, 0xC3, 0xCB,
    0xFF, 0x03, 0xFF, 0x0F, 0x0F, 0xFF, 0x0F, 0xFC, 0x00, 0x0F, 0xFE, 0x00, 0x0F, 0xFC, 0x00, 0x02,
    0xFF, 0x80, 0xFF, 0xC0, 0x00, 0x7F, 0xF0, 0xBF, 0xFF, 0xF0, 0x0F, 0xFD, 0x0B, 0xFF, 0xFF, 0x03,
    0xFF, 0x80, 0xBF, 0xFF, 0xF0, 0x7F, 0xF0, 0x07, 0xFF, 0xFF, 0x0F, 0xFC, 0x00, 0x0F, 0xFC, 0x03,
    0xFF, 0x40, 0x00, 0xFF, 0xC0, 0xBF, 0xE0, 0x00, 0x0F, 0xFC, 0x1F, 0xFC, 0x00, 0x00, 0xFF, 0xFF,
    0xFF, 0x40, 0x00, 0x0F, 0xFF, 0xFF, 0xE0, 0x00, 0x00, 0xFF, 0xFF, 0xFF, 0x00, 0x00, 0x0F, 0xFF,
    0xFF, 0xF4, 0x00, 0x00, 0xFF, 0xC2, 0xFF, 0xC0, 0x00, 0x0F, 0xFC, 0x0F, 0xFE, 0x00, 0x00, 0xFF,
    0xC0, 0x7F, 0xF4, 0x00, 0x0F, 0xFC, 0x02, 0xFF, 0xC0, 0x00, 0xFF, 0xC0, 0x0F, 0xFE, 0x00, 0x0F,
    0xFC, 0x00, 0x7F, 0xF4, 0x00, 0xFF, 0xC0, 0x03, 0xFF, 0xC0, 0x0F, 0xFC, 0x00, 0x0F, 0xFE, 0x00,
    0xFF, 0xC0, 0x00, 0xBF, 0xF4, 0x0F, 0xFC, 0x00, 0x03, 0xFF, 0xC0, 0xFF, 0xC0, 0x00, 0x1F, 0xFE,
    0x03, 0xFF, 0x00, 0x00, 0x00, 0x00, 0xFF, 0xC0, 0x00, 0x00, 0x0F, 0xFF, 0xFF, 0xF0, 0x00, 0x03,
    0xFF, 0xFF, 0xFC, 0x00, 0x00, 0xFF, 0xFF, 0xFF, 0x00, 0x00, 0x3F, 0xFF, 0xFF, 0xC0, 0x00, 0x00,
    0x3F, 0xF0, 0x00, 0x00, 0x00, 0x0F, 0xFC, 0x00, 0x3F, 0xF4, 0x03, 0xFF, 0x00, 0x3F, 0xF8, 0x00,
    0xFF, 0xC0, 0x1F, 0xFC, 0x00, 0x3F, 0xF0, 0x0F, 0xFC, 0x00, 0x0F, 0xFC, 0x0F, 0xFD, 0x00, 0x03,
    0xFF, 0x07, 0xFD, 0x00, 0x00, 0xFF, 0xC3, 0xFE, 0x00, 0x00, 0x3F, 0xF3, 0xFF, 0x00, 0x00, 0x0F,
    0xFE, 0xFF, 0x00, 0x00, 0x03, 0xFF, 0xFF, 0xC0, 0x00, 0x00, 0xFF, 0xCF, 0xF8, 0x00, 0x00, 0x3F,
    0xF2, 0xFF, 0x80, 0x00, 0x0F, 0xFC, 0x3F, 0xF4, 0x00, 0x03, 0xFF, 0x03, 0xFF, 0x00, 0x00, 0xFF,
    0xC0, 0x7F, 0xF0, 0x00, 0x3F, 0xF0, 0x0F, 0xFE, 0x00, 0x0F, 0xFC, 0x00, 0xFF, 0xD0, 0x03, 0xFF,
    0x00, 0x1F, 0xFC, 0x00, 0xFF, 0xC0, 0x02, 0xFF, 0xC0, 0xBF, 0xFF, 0xFC, 0x00, 0x03, 0xFF, 0x8B,
    0xFF, 0xFF, 0xC0, 0x00, 0xBF, 0xF0, 0xBF, 0xFF, 0xFC, 0x00, 0x1F, 0xFC, 0x07, 0xFF, 0xFF, 0xC0,
    0x03, 0xFF, 0x40, 0x00, 0x0F, 0xFC, 0x00, 0xFF, 0xE0, 0x00, 0x00, 0xFF, 0xC0, 0x2F, 0xF8, 0x00,
    0x00, 0x0F, 0xFC, 0x07, 0xFF, 0x00, 0x00, 0x00, 0xFF, 0xC0, 0xFF, 0xC0, 0x00, 0x00, 0x0F, 0xFC,
    0x2F, 0xF4, 0x00, 0x00, 0x00, 0xFF, 0xCB, 0xFE, 0x00, 0x00, 0x00, 0x0F, 0xFD, 0xFF, 0xC0, 0x00,
    0x00, 0x00, 0xFF, 0xFF, 0xF8, 0x00, 0x00, 0x00, 0x0F, 0xFD, 0xFF, 0xC0, 0x00, 0x00, 0x00, 0xFF,
    0xCB, 0xFF, 0x00, 0x00, 0x00, 0x0F, 0xFC, 0x3F, 0xF8, 0x00, 0x00, 0x00, 0xFF, 0xC0, 0xFF, 0xD0,
    0x00, 0x00, 0x0F, 0xFC, 0x0B, 0xFF, 0x00, 0x00, 0x00, 0xFF, 0xC0, 0x3F, 0xF8, 0x00, 0x00, 0x0F,
    0xFC, 0x00, 0xFF, 0xD0, 0x00, 0x00, 0xFF, 0xC0, 0x07, 0xFF, 0x00, 0x00, 0x0F, 0xFC, 0x00, 0x2F,
    0xFC, 0x00, 0x00, 0xFF, 0xC0, 0x00, 0xFF, 0xE0, 0x00, 0x0F, 0xFC, 0x00, 0x07, 0xFF, 0x40, 0x00,
    0xFF, 0xC0, 0x00, 0x2F, 0xFC, 0xFF, 0xFF, 0xFC, 0x00, 0x1F, 0xF8, 0xFF, 0xFF, 0xFC, 0x00, 0x3F,
    0xF0, 0xFF, 0xFF, 0xFC, 0x00, 0xFF, 0xC0, 0xFF, 0xFF, 0xFC, 0x02, 0xFF, 0x40, 0x00, 0x0F, 0xFC,
    0x07, 0xFE, 0x00, 0x00, 0x0F, 0xFC, 0x0F, 0xFC, 0x00, 0x00, 0x0F, 0xFC, 0x3F, 0xF0, 0x00, 0x00,
    0x0F, 0xFC, 0xBF, 0xC0, 0x00, 0x00, 0x0F, 0xFD, 0xFF, 0x40, 0x00, 0x00, 0x0F, 0xFF, 0xFF, 0x40,
    0x00, 0x00, 0x0F, 0xFC, 0xFF, 0xC0, 0x00, 0x00, 0x0F, 0xFC, 0x7F, 0xF0, 0x00, 0x00, 0x0F, 0xFC,
    0x2F, 0xF8, 0x00, 0x00, 0x0F, 0xFC, 0x0B, 0xFD, 0x00, 0x00, 0x0F, 0xFC, 0x03, 0xFF, 0x00, 0x00,
    0x0F, 0xFC, 0x00, 0xFF, 0xC0, 0x00, 0x0F, 0xFC, 0x00, 0x7F, 0xF0, 0x00, 0x0F, 0xFC, 0x00, 0x2F,
    0xF8, 0x00, 0x0F, 0xFC, 0x00, 0x0F, 0xFD, 0xFF, 0xC0, 0x00, 0x0F, 0xFC, 0x00, 0xFF, 0xC0, 0x00,
    0x0F, 0xFC, 0x00, 0xFF, 0xC0, 0x00, 0x0F, 0xFC, 0x00, 0xFF, 0xC0, 0x00, 0x0F, 0xFC, 0x00, 0xFF,
    0xC0, 0x00, 0x0F, 0xFC, 0x00, 0xFF, 0xC0, 0x00, 0x0F, 0xFC, 0x00, 0xFF, 0xC0, 0x00, 0x0F, 0xFC,
    0x00, 0xFF, 0xC0, 0x00, 0x0F, 0xFC, 0x00, 0xFF, 0xC0, 0x00, 0x0F, 0xFC, 0x00, 0xFF, 0xFF, 0xFF,
    0xFF, 0xFC, 0x00, 0xFF, 0xFF, 0xFF, 0xFF, 0xFC, 0x00, 0xFF, 0xFF, 0xFF, 0xFF, 0xFC, 0x00, 0xFF,
    0xFF, 0xFF, 0xFF, 0xFC, 0x00, 0xFF, 0xC0, 0x00, 0x0F, 0xFC, 0x00, 0xFF, 0xC0, 0x00, 0x0F, 0xFC,
    0x00, 0xFF, 0xC0, 0x00, 0x0F, 0xFC, 0x00, 0xFF, 0xC0, 0x00, 0x0F, 0xFC, 0x00, 0xFF, 0xC0, 0x00,
    0x0F, 0xFC, 0x00, 0xFF, 0xC0, 0x00, 0x0F, 0xFC, 0x00, 0xFF, 0xC0, 0x00, 0x0F, 0xFF, 0xFF, 0xFF,
    0xC0, 0x00, 0x0F, 0xFF, 0xFF, 0xFF, 0xC0, 0x00, 0x0F, 0xFF, 0xFF, 0xFF, 0xC0, 0x00, 0x0F, 0xFF,
    0xFF, 0xFF, 0xC0, 0x00, 0x0F, 0xFF, 0xFF, 0x00, 0x00, 0x00, 0x00, 0x03, 0xFF, 0x00, 0x00, 0x00,
    0x00, 0x03, 0xFF, 0x00, 0x00, 0x00, 0x00, 0x03, 0xFF, 0x00, 0x00, 0x00, 0x00, 0x03, 0xFF, 0x00,
    0x00, 0x00, 0x00, 0x03, 0xFF, 0x00, 0x00, 0x00, 0x00, 0x03, 0xFF, 0x00, 0x00, 0x00, 0x00, 0x03,
    0xFF, 0xFF, 0xC0, 0x00, 0xFF, 0xC0, 0x03, 0xFF, 0x00, 0x03, 0xFF, 0x00, 0x0F, 0xFC, 0x00, 0x0F,
    0xFC, 0x00, 0x3F, 0xF0, 0x00, 0x3F, 0xF0, 0x00, 0xFF, 0xC0, 0x00, 0xFF, 0xC0, 0x03, 0xFF, 0x00,
    0x03, 0xFF, 0x00, 0x0F, 0xFC, 0x00, 0x0F, 0xFC, 0x00, 0x3F, 0xFF, 0xFF, 0xFF, 0xF0, 0x00, 0xFF,
    0xFF, 0xFF, 0xFF, 0xC0, 0x03, 0xFF, 0xFF, 0xFF, 0xFF, 0x00, 0x0F, 0xFF, 0xFF, 0xFF, 0xFC, 0x00,
    0x3F, 0xF0, 0x00, 0x3F, 0xF0, 0x00, 0xFF, 0xC0, 0x00, 0xFF, 0xC0, 0x03, 0xFF, 0x00, 0x03, 0xFF,
    0x00, 0x0F, 0xFC, 0x00, 0x0F, 0xFC, 0x00, 0x3F, 0xF0, 0x00, 0x3F, 0xFF, 0xFC, 0xFF, 0xC0, 0x00,
    0xFF, 0xFF, 0xF3, 0xFF, 0x00, 0x03, 0xFF, 0xFF, 0xCF, 0xFC, 0x00, 0x0F, 0xFF, 0xFF, 0x00, 0x00,
    0x00, 0x00, 0x0F, 0xFC, 0x00, 0x00, 0x00, 0x00, 0x3F, 0xF0, 0x00, 0x00, 0x00, 0x00, 0xFF, 0xC0,
    0x00, 0x00, 0x00, 0x03, 0xFF, 0x00, 0x00, 0x00, 0x00, 0x0F, 0xFC, 0x00, 0x00, 0x00, 0x00, 0x3F,
    0xF0, 0xFF, 0xC0, 0x00, 0x0F, 0xFF, 0xFF, 0xFF, 0xF0, 0x00, 0x03, 0xFF, 0xFF, 0xFF, 0xFC, 0x00,
    0x00, 0xFF, 0xFF, 0xFF, 0xFF, 0x00, 0x00, 0x3F, 0xFF, 0xFF, 0xFF, 0xC0, 0x00, 0x0F, 0xFC, 0x00,
    0x3F, 0xF0, 0x00, 0x03, 0xFF, 0x00, 0x0F, 0xFC, 0x00, 0x00, 0xFF, 0xC0, 0x03, 0xFF, 0x00, 0x00,
    0x3F, 0xF0, 0x00, 0xFF, 0xC0, 0x00, 0x0F, 0xFC, 0x00, 0x3F, 0xFF, 0xFF, 0xFF, 0xFF, 0x00, 0x0F,
    0xFF, 0xFF, 0xFF, 0xFF, 0xC0, 0x03, 0xFF, 0xFF, 0xFF, 0xFF, 0xF0, 0x00, 0xFF, 0xFF, 0xFF, 0xFF,
    0xFC, 0x00, 0x3F, 0xF0, 0x00, 0x03, 0xFF, 0x00, 0x0F, 0xFC, 0x00, 0x00, 0xFF, 0xC0, 0x03, 0xFF,
    0x00, 0x00, 0x3F, 0xF0, 0x00, 0xFF, 0xC0, 0x00, 0x0F, 0xFC, 0x00, 0x3F, 0xF0, 0x00, 0x03, 0xFF,
    0x00, 0x0F, 0xFC, 0x00, 0x00, 0xFF, 0xC0, 0x03, 0xFF, 0x00, 0x00, 0x3F, 0xF0, 0x00, 0xFF, 0xC0,
    0x00, 0x0F, 0xFC, 0x00, 0x3F, 0xF0, 0x00, 0x03, 0xFF, 0x00, 0x0F, 0xFC, 0x00, 0x00, 0xFF, 0xC0,
    0x03, 0xFF, 0x00, 0x00, 0x3F, 0xF0, 0x00, 0xFF, 0xC0, 0x00, 0xFF, 0xFF, 0xFB, 0xFF, 0x00, 0x03,
    0xFF, 0xFF, 0xEF, 0xFC, 0x00, 0x0F, 0xFF, 0xFF, 0xBF, 0xF0, 0x00, 0x3F, 0xFF, 0xFD, 0xFF, 0xC0,
    0x00, 0xFF, 0xC0, 0x03, 0xFF, 0x00, 0x03, 0xFF, 0x00, 0x0F, 0xFC, 0x00, 0x0F, 0xFC, 0x00, 0x3F,
    0xFF, 0xFF, 0xFF, 0xF0, 0x00, 0xFF, 0xFF, 0xFF, 0xFF, 0xC0, 0x03, 0xFF, 0xFF, 0xFF, 0xFF, 0x00,
    0x0F, 0xFF, 0xFF, 0xFF, 0xFC, 0x00, 0x3F, 0xF0, 0x00, 0x3F, 0xF0, 0x00, 0xFF, 0xC0, 0x00, 0xFF,
    0xC0, 0x03, 0xFF, 0x00, 0x03, 0xFF, 0x00, 0x0F, 0xFC, 0x00, 0x0F, 0xFC, 0x00, 0x3F, 0xF0, 0x00,
    0x3F, 0xF0, 0x00, 0xFF, 0xC0, 0x00, 0xFF, 0xC0, 0x03, 0xFF, 0x00, 0x03, 0xFF, 0x00, 0x0F, 0xFC,
    0x00, 0x0F, 0xFC, 0x00, 0x00, 0xFF, 0xFF, 0xFF, 0xFF, 0xF0, 0x00, 0x00, 0x00, 0x3F, 0xFF, 0xFF,
    0xFF, 0xFC, 0x00, 0x00, 0x00, 0x0F, 0xFF, 0xFF, 0xFF, 0xFF, 0x00, 0x00, 0x00, 0x03, 0xFF, 0xFF,
    0xFF, 0xFF, 0xC0, 0x00, 0x00, 0x00, 0xFF, 0xC0, 0x00, 0x3F, 0xF0, 0x00, 0x00, 0x00, 0x3F, 0xF0,
    0x00, 0x0F, 0xFC, 0x00, 0x00, 0x00, 0x0F, 0xFC, 0x00, 0x03, 0xFF, 0x00, 0x00, 0x00, 0x03, 0xFF,
    0x00, 0x00, 0xFF, 0xC0, 0x00, 0x00, 0x00, 0xFF, 0xC0, 0x00, 0x3F, 0xF0, 0x00, 0x00, 0x00, 0x3F,
    0xF0, 0x00, 0x0F, 0xFC, 0x00, 0x00, 0x00, 0x0F, 0xFC, 0x00, 0x03, 0xFF, 0xFF, 0xFE, 0x40, 0x03,
    0xFF, 0x00, 0x00, 0xFF, 0xFF, 0xFF, 0xFD, 0x00, 0xFF, 0xC0, 0x00, 0x3F, 0xFF, 0xFF, 0xFF, 0xE0,
    0x3F, 0xF0, 0x00, 0x0F, 0xFF, 0xFF, 0xFF, 0xFE, 0x0F, 0xFC, 0x00, 0x03, 0xFF, 0xFF, 0xFF, 0xFF,
    0xD3, 0xFF, 0x00, 0x00, 0xFF, 0xD0, 0x06, 0xFF, 0xFC, 0xFF, 0xC0, 0x00, 0x3F, 0xF0, 0x00, 0x0F,
    0xFF, 0x7F, 0xF0, 0x00, 0x0F, 0xFC, 0x00, 0x00, 0xFF, 0xEF, 0xFC, 0x00, 0x03, 0xFF, 0x00, 0x00,
    0x1F, 0xFF, 0xFF, 0x00, 0x00, 0xFF, 0xC0, 0x00, 0x03, 0xFF, 0xFF, 0xC0, 0x00, 0x3F, 0xF0, 0x00,
    0x00, 0xFF, 0xFF, 0xF0, 0x00, 0x0F, 0xFC, 0x00, 0x00, 0x3F, 0xFF, 0xFC, 0x00, 0x03, 0xFF, 0x00,
    0x00, 0x0F, 0xFF, 0xFF, 0x00, 0x00, 0xFF, 0xC0, 0x00, 0x07, 0xFF, 0x00, 0x00, 0x00, 0x00, 0x00,
    0x00, 0x03, 0xFF, 0x80, 0x00, 0x00, 0x00, 0x00, 0x00, 0x02, 0xFF, 0xD0, 0x00, 0x00, 0x00, 0x00,
    0x10, 0x07, 0xFF, 0xF0, 0x00, 0x00, 0x00, 0x00, 0x1F, 0xFF, 0xFF, 0xF8, 0x00, 0x00, 0x00, 0x00,
    0x07, 0xFF, 0xFF, 0xFC, 0x00, 0x00, 0x00, 0x00, 0x01, 0xFF, 0xFF, 0xFC, 0x00, 0x00, 0x00, 0x00,
    0x00, 0x7F, 0xFF, 0xF8, 0x00, 0x00, 0x00, 0x00, 0x00, 0x06, 0xFF, 0xE4, 0x00, 0xFF, 0xFF, 0xFF,
    0xFF, 0x00, 0x00, 0x0F, 0xFF, 0xFF, 0xFF, 0xF0, 0x00, 0x00, 0xFF, 0xFF, 0xFF, 0xFF, 0x00, 0x00,
    0x0F, 0xFF, 0xFF, 0xFF, 0xF0, 0x00, 0x00, 0xFF, 0xC0, 0x03, 0xFF, 0x00, 0x00, 0x0F, 0xFC, 0x00,
    0x3F, 0xF0, 0x00, 0x00, 0xFF, 0xC0, 0x03, 0xFF, 0x00, 0x00, 0x0F, 0xFC, 0x00, 0x3F, 0xF0, 0x00,
    0x00, 0xFF, 0xC0, 0x03, 0xFF, 0xFE, 0x40, 0x0F, 0xFC, 0x00, 0x3F, 0xFF, 0xFF, 0x40, 0xFF, 0xC0,
    0x03, 0xFF, 0xFF, 0xFD, 0x0F, 0xFC, 0x00, 0x3F, 0xFF, 0xFF, 0xF4, 0xFF, 0xC0, 0x03, 0xFF, 0x07,
    0xFF, 0xCF, 0xFC, 0x00, 0x3F, 0xF0, 0x0F, 0xFD, 0xFF, 0xC0, 0x03, 0xFF, 0x00, 0xBF, 0xEF, 0xFC,
    0x00, 0x3F, 0xF0, 0x07, 0xFF, 0xFF, 0xC0, 0x03, 0xFF, 0x00, 0x3F, 0xFF, 0xFC, 0x00, 0x3F, 0xF0,
    0x03, 0xFF, 0xFF, 0xC0, 0x03, 0xFF, 0x00, 0x3F, 0xF0, 0x00, 0x00, 0x00, 0x00, 0x03, 0xFF, 0x00,
    0x00, 0x00, 0x00, 0x00, 0xBF, 0xE0, 0x00, 0x00, 0x00, 0x00, 0x0F, 0xFD, 0x00, 0x00, 0x00, 0x14,
    0x03, 0xFF, 0xC0, 0x00, 0x00, 0x01, 0xFF, 0xFF, 0xF8, 0x00, 0x00, 0x00, 0x1F, 0xFF, 0xFF, 0x00,
    0x00, 0x00, 0x01, 0xFF, 0xFF, 0x80, 0x00, 0x00, 0x00, 0x0B, 0xFF, 0x80, 0x00, 0x00, 0x06, 0xFF,
    0xE0, 0x00, 0x00, 0x01, 0xFF, 0xFF, 0xC0, 0x00, 0x00, 0x2F, 0xFF, 0xFF, 0x00, 0x00, 0x02, 0xFF,
    0xFF, 0xF4, 0x00, 0x00, 0x1F, 0xFF, 0x00, 0x00, 0x00, 0x00, 0xFF, 0xE0, 0x01, 0xFF, 0x90, 0x03,
    0xFF, 0x00, 0x3F, 0xFF, 0xE0, 0x1F, 0xF8, 0x03, 0xFF, 0xFF, 0xE0, 0xBF, 0xD0, 0x1F, 0xFF, 0xFF,
    0xD3, 0xFF, 0x00, 0xBF, 0xE2, 0xFF, 0x8F, 0xFC, 0x03, 0xFF, 0x47, 0xFF, 0x3F, 0xF0, 0x0F, 0xFC,
    0x0F, 0xFC, 0xFF, 0xC0, 0x3F, 0xF0, 0x3F, 0xF3, 0xFF, 0x00, 0xFF, 0xC0, 0xFF, 0xCF, 0xFC, 0x03,
    0xFF, 0x03, 0xFF, 0x2F, 0xF4, 0x0B, 0xFD, 0x1F, 0xF8, 0x7F, 0xF0, 0x1F, 0xF4, 0xBF, 0xD0, 0xFF,
    0xD0, 0x3F, 0xE3, 0xFF, 0x02, 0xFF, 0xC0, 0xBF, 0xEF, 0xF4, 0x03, 0xFF, 0xD0, 0xFF, 0xFF, 0x40,
    0x07, 0xFF, 0xFF, 0xFF, 0xF8, 0x00, 0x0B, 0xFF, 0xFF, 0xFF, 0xFF, 0xF0, 0x07, 0xFF, 0xFF, 0xFF,
    0xFF, 0xC0, 0x01, 0xBF, 0xFA, 0xFF, 0xFF, 0x00, 0x00, 0x00, 0x00, 0x6F, 0xF8, 0x00, 0x2F, 0xFD,
    0x00, 0x00, 0x0B, 0xFF, 0xF8, 0x00, 0x00, 0xBF, 0xFF, 0xD0, 0x00, 0x07, 0xFF, 0xFF, 0x00, 0x00,
    0x3F, 0xF8, 0x02, 0xFE, 0x01, 0xFF, 0xC0, 0x7F, 0xFF, 0x4B, 0xFD, 0x03, 0xFF, 0xFF, 0x3F, 0xF0,
    0x2F, 0xFF, 0xFE, 0xFF, 0xC0, 0xFF, 0x8B, 0xFF, 0xFF, 0x03, 0xFC, 0x0F, 0xFF, 0xFC, 0x0F, 0xF0,
    0x3F, 0xFF, 0xF0, 0x3F, 0xC0, 0xFF, 0xBF, 0xD0, 0xFF, 0x47, 0xF9, 0xFF, 0xC1, 0xFF, 0x7F, 0xD3,
    0xFF, 0x83, 0xFF, 0xFE, 0x07, 0xFF, 0xFF, 0xFF, 0xF0, 0x0B, 0xFF, 0xFF, 0xFF, 0xFC, 0x07, 0xFF,
    0xFF, 0xFF, 0xF0, 0x02, 0xFF, 0xEB, 0xFF, 0xC0, 0x00, 0x00, 0x02, 0xFE, 0x00, 0x01, 0xBF, 0xFA,
    0x40, 0x00, 0xBF, 0xFF, 0xFF, 0xC0, 0x0F, 0xFF, 0xFF, 0xFF, 0x00, 0xFF, 0xFF, 0xFF, 0xF8, 0x0F,
    0xFF, 0x80, 0x07, 0xC0, 0xBF, 0xF4, 0x00, 0x00, 0x03, 0xFF, 0x40, 0x00, 0x00, 0x1F, 0xFC, 0x00,
    0x00, 0x00, 0xBF, 0xE0, 0x00, 0x00, 0x03, 0xFF, 0x40, 0x00, 0x00, 0x0F, 0xFC, 0x00, 0x00, 0x00,
    0x3F, 0xF0, 0x00, 0x00, 0x00, 0xFF, 0xC0, 0x00, 0x00, 0x03, 0xFF, 0x00, 0x00, 0x00, 0x0F, 0xFD,
    0x00, 0x00, 0x00, 0x2F, 0xF4, 0x00, 0x00, 0x00, 0x7F, 0xF0, 0x00, 0x00, 0x00, 0xFF, 0xD0, 0x00,
    0x00, 0x02, 0xFF, 0xC0, 0x00, 0x00, 0x03, 0xFF, 0xE0, 0x01, 0xB8, 0x07, 0xFF, 0xFF, 0xFF, 0xE0,
    0x0B, 0xFF, 0xFF, 0xFF, 0x80, 0x07, 0xFF, 0xFF, 0xFD, 0x00, 0x01, 0xBF, 0xFE, 0x80, 0x00, 0x00,
    0x2F, 0x40, 0x00, 0x00, 0x00, 0x3F, 0x00, 0x00, 0x00, 0x00, 0x3E, 0x00, 0x00, 0x00, 0x00, 0xFC,
    0x00, 0x00, 0x00, 0x07, 0xF0, 0x00, 0x00, 0x0B, 0xFF, 0xC0, 0x00, 0x00, 0x2F, 0xFD, 0x00, 0x00,
    0x00, 0x7F, 0xD0, 0x00, 0x00, 0x1B, 0xFF, 0x80, 0x07, 0xFF, 0xFF, 0xD0, 0xBF, 0xFF, 0xFF, 0x07,
    0xFF, 0xFF, 0xF8, 0x3F, 0xFC, 0x01, 0x91, 0xFF, 0xC0, 0x00, 0x0B, 0xFD, 0x00, 0x00, 0x3F, 0xF0,
    0x00, 0x00, 0xFF, 0xC0, 0x00, 0x03, 0xFF, 0x00, 0x00, 0x0F, 0xFC, 0x00, 0x00, 0x3F, 0xF4, 0x00,
    0x00, 0xBF, 0xE0, 0x00, 0x01, 0xFF, 0xC0, 0x00, 0x43, 0xFF, 0xD0, 0x5F, 0x0B, 0xFF, 0xFF, 0xFC,
    0x0F, 0xFF, 0xFF, 0xF0, 0x0B, 0xFF, 0xFF, 0xC0, 0x02, 0xFF, 0xE4, 0x00, 0x00, 0xBD, 0x00, 0x00,
    0x00, 0xFC, 0x00, 0x00, 0x01, 0xF8, 0x00, 0x00, 0x03, 0xF0, 0x00, 0x00, 0x1F, 0xC0, 0x00, 0x2F,
    0xFF, 0x00, 0x00, 0xBF, 0xF4, 0x00, 0x01, 0xFE, 0x00, 0x00, 0xFF, 0xFF, 0xFF, 0xFF, 0xFF, 0xFF,
    0xFF, 0xFF, 0xFF, 0xFF, 0xFF, 0xFF, 0xFF, 0xFF, 0xFF, 0xFF, 0xFF, 0xFF, 0x00, 0x0F, 0xFC, 0x00,
    0x00, 0x00, 0xFF, 0xC0, 0x00, 0x00, 0x0F, 0xFC, 0x00, 0x00, 0x00, 0xFF, 0xC0, 0x00, 0x00, 0x0F,
    0xFC, 0x00, 0x00, 0x00, 0xFF, 0xC0, 0x00, 0x00, 0x0F, 0xFC, 0x00, 0x00, 0x00, 0xFF, 0xC0, 0x00,
    0x00, 0x0F, 0xFC, 0x00, 0x00, 0x00, 0xFF, 0xC0, 0x00, 0x00, 0x0F, 0xFC, 0x00, 0x00, 0x00, 0xFF,
    0xC0, 0x00, 0x00, 0x0F, 0xFC, 0x00, 0x00, 0x00, 0xFF, 0xC0, 0x00, 0x00, 0x0F, 0xFC, 0x00, 0x00,
    0x00, 0xFF, 0xFF, 0xF0, 0x00, 0x0F, 0xFF, 0xFF, 0x00, 0x00, 0xFF, 0xFF, 0xF0, 0x00, 0x0F, 0xFF,
    0xFF, 0x00, 0x00, 0xFF, 0xFF, 0xF0, 0x00, 0x00, 0x03, 0xFF, 0x00, 0x00, 0x00, 0x3F, 0xF0, 0x00,
    0x00, 0x03, 0xFF, 0x00, 0x00, 0x00, 0x3F, 0xF0, 0x00, 0x00, 0x03, 0xFF, 0x00, 0x00, 0x00, 0x3F,
    0xF0, 0x00, 0x00, 0x03, 0xFF, 0x00, 0xFF, 0xFF, 0xFF, 0xFF, 0xFF, 0xFF, 0xFF, 0xFF, 0xFF, 0xFF,
    0xFF, 0xFF, 0xFF, 0xFF, 0xFF, 0xFF, 0xFF, 0x00, 0x0F, 0xFC, 0x00, 0x00, 0x03, 0xFF, 0x00, 0x00,
    0x00, 0xFF, 0xC0, 0x00, 0x00, 0x3F, 0xF0, 0x00, 0x00, 0x0F, 0xFC, 0x00, 0x00, 0x03, 0xFF, 0x00,
    0x00, 0x00, 0xFF, 0xC0, 0x00, 0x00, 0x3F, 0xF0, 0x00, 0x00, 0x0F, 0xFC, 0x00, 0x00, 0x03, 0xFF,
    0x00, 0x00, 0x00, 0xFF, 0xC0, 0x00, 0x00, 0x3F, 0xFF, 0xFC, 0x00, 0x0F, 0xFF, 0xFF, 0x00, 0x03,
    0xFF, 0xFF, 0xC0, 0x00, 0xFF, 0xFF, 0xF0, 0x00, 0x00, 0x0F, 0xFC, 0x00, 0x00, 0x03, 0xFF, 0x00,
    0x00, 0x00, 0xFF, 0xC0, 0x00, 0x00, 0x3F, 0xF0, 0x00, 0x00, 0x0F, 0xFC, 0x00, 0x00, 0x03, 0xFF,
    0x00, 0xBF, 0xF0, 0x00, 0x03, 0xFF, 0x8F, 0xFD, 0x00, 0x01, 0xFF, 0xC2, 0xFF, 0xC0, 0x00, 0xFF,
    0xE0, 0x3F, 0xF4, 0x00, 0x7F, 0xF0, 0x07, 0xFF, 0x00, 0x3F, 0xF8, 0x00, 0xFF, 0xD0, 0x0F, 0xFC,
    0x00, 0x1F, 0xFC, 0x0B, 0xFD, 0x00, 0x03, 0xFF, 0x03, 0xFF, 0x00, 0x00, 0x7F, 0xE2, 0xFF, 0x40,
    0x00, 0x0F, 0xFD, 0xFF, 0xC0, 0x00, 0x01, 0xFF, 0xFF, 0xD0, 0x00, 0x00, 0x3F, 0xFF, 0xF0, 0x00,
    0x00, 0x03, 0xFF, 0xF0, 0x00, 0x00, 0x00, 0xBF, 0xF8, 0x00, 0x00, 0x00, 0x0F, 0xFC, 0x00, 0x00,
    0x00, 0x03, 0xFF, 0x00, 0x00, 0x00, 0x00, 0xFF, 0xC0, 0x00, 0x00, 0x00, 0x3F, 0xF0, 0x00, 0x00,
    0x00, 0x0F, 0xFC, 0x00, 0x00, 0x00, 0x03, 0xFF, 0x00, 0x00, 0x00, 0x00, 0xFF, 0xC0, 0x00, 0x00,
    0x00, 0x3F, 0xF0, 0x00, 0x00, 0x00, 0x0F, 0xFC, 0x00, 0x00, 0x00, 0x03, 0xFF, 0x00, 0x00, 0x3F,
    0xF8, 0x00, 0x07, 0xFF, 0x0B, 0xFF, 0x00, 0x03, 0xFF, 0x80, 0xFF, 0xD0, 0x00, 0xFF, 0xC0, 0x3F,
    0xF8, 0x00, 0xBF, 0xF0, 0x07, 0xFF, 0x00, 0x3F, 0xF4, 0x00, 0xFF, 0xD0, 0x0F, 0xFC, 0x00, 0x2F,
    0xF8, 0x0B, 0xFE, 0x00, 0x03, 0xFF, 0x03, 0xFF, 0x40, 0x00, 0xFF, 0xD0, 0xFF, 0xC0, 0x00, 0x1F,
    0xF8, 0xBF, 0xE0, 0x00, 0x03, 0xFF, 0x3F, 0xF0, 0x00, 0x00, 0xBF, 0xCF, 0xFC, 0x00, 0x00, 0x1F,
    0xFB, 0xFD, 0x00, 0x00, 0x03, 0xFF, 0xFF, 0x00, 0x00, 0x00, 0xBF, 0xFF, 0x80, 0x00, 0x00, 0x0F,
    0xFF, 0xD0, 0x00, 0x00, 0x03, 0xFF, 0xF0, 0x00, 0x00, 0x00, 0x7F, 0xF8, 0x00, 0x00, 0x00, 0x0F,
    0xFC, 0x00, 0x00, 0x00, 0x03, 0xFF, 0x00, 0x00, 0x00, 0x00, 0xFF, 0xC0, 0x00, 0x00, 0x00, 0x3F,
    0xF0, 0x00, 0x00, 0x00, 0x0F, 0xFC, 0x00, 0x00, 0x00, 0x03, 0xFF, 0x00, 0x00, 0x00, 0x00, 0xFF,
    0xC0, 0x00, 0x00, 0x00, 0x3F, 0xF0, 0x00, 0x00, 0x00, 0x0F, 0xFC, 0x00, 0x00, 0x7F, 0xF0, 0x00,
    0x03, 0xFF, 0x4F, 0xFD, 0x00, 0x01, 0xFF, 0xC1, 0xFF, 0xC0, 0x00, 0xFF, 0xD0, 0x3F, 0xF4, 0x00,
    0x7F, 0xF0, 0x07, 0xFF, 0x00, 0x3F, 0xF4, 0x00, 0xFF, 0xD0, 0x1F, 0xFC, 0x00, 0x1F, 0xFC, 0x0F,
    0xFC, 0x00, 0x02, 0xFF, 0x47, 0xFE, 0x00, 0x00, 0x3F, 0xF3, 0xFF, 0x00, 0x00, 0x0B, 0xFE, 0xFF,
    0x80, 0x00, 0x00, 0xFF, 0xFF, 0xC0, 0x00, 0x00, 0x2F, 0xFF, 0xE0, 0x00, 0x00, 0x03, 0xFF, 0xF0,
    0x00, 0x00, 0x00, 0xBF, 0xF8, 0x00, 0x00, 0x00, 0x0F, 0xFC, 0x00, 0x00, 0x0F, 0xFF, 0xFF, 0xFF,
    0xC0, 0x03, 0xFF, 0xFF, 0xFF, 0xF0, 0x00, 0xFF, 0xFF, 0xFF, 0xFC, 0x00, 0x3F, 0xFF, 0xFF, 0xFF,
    0x00, 0x00, 0x03, 0xFF, 0x00, 0x00, 0x00, 0x00, 0xFF, 0xC0, 0x00, 0x00, 0x00, 0x3F, 0xF0, 0x00,
    0x00, 0x00, 0x0F, 0xFC, 0x00, 0x00, 0x00, 0x03, 0xFF, 0x00, 0x00, 0x3F, 0xF4, 0x00, 0x0F, 0xFC,
    0x3F, 0xFC, 0x00, 0x0F, 0xFC, 0x1F, 0xFC, 0x00, 0x1F, 0xF4, 0x0F, 0xFD, 0x00, 0x3F, 0xF0, 0x0B,
    0xFF, 0x00, 0x3F, 0xF0, 0x03, 0xFF, 0x00, 0x7F, 0xD0, 0x03, 0xFF, 0x40, 0xBF, 0xC0, 0x01, 0xFF,
    0xC0, 0xFF, 0xC0, 0x00, 0xFF, 0xC1, 0xFF, 0x40, 0x00, 0xBF, 0xE2, 0xFF, 0x00, 0x00, 0x7F, 0xF3,
    0xFF, 0x00, 0x00, 0x3F, 0xF3, 0xFE, 0x00, 0x00, 0x2F, 0xFB, 0xFC, 0x00, 0x00, 0x0F, 0xFF, 0xFC,
    0x00, 0x00, 0x0F, 0xFF, 0xF8, 0x00, 0x00, 0x07, 0xFF, 0xF0, 0x00, 0x00, 0x03, 0xFF, 0xF0, 0x00,
    0x00, 0x02, 0xFF, 0xE0, 0x00, 0x00, 0x01, 0xFF, 0xC0, 0x00, 0x03, 0xFF, 0xFF, 0xFF, 0xC0, 0x03,
    0xFF, 0xFF, 0xFF, 0xC0, 0x03, 0xFF, 0xFF, 0xFF, 0xC0, 0x03, 0xFF, 0xFF, 0xFF, 0xC0, 0x00, 0x00,
    0xFF, 0xC0, 0x00, 0x00, 0x00, 0xFF, 0xC0, 0x00, 0x00, 0x00, 0xFF, 0xC0, 0x00, 0x00, 0x00, 0xFF,
    0xC0, 0x00, 0x1F, 0xFC, 0x00, 0x00, 0x7F, 0xF0, 0x00, 0xBF, 0xE0, 0x00, 0x0F, 0xFE, 0x00, 0x03,
    0xFF, 0x40, 0x02, 0xFF, 0xC0, 0x00, 0x1F, 0xFC, 0x00, 0x3F, 0xF0, 0x00, 0x00, 0xFF, 0xE0, 0x0B,
    0xFE, 0x00, 0x00, 0x03, 0xFF, 0x01, 0xFF, 0xC0, 0x00, 0x00, 0x1F, 0xFC, 0x3F, 0xF4, 0x00, 0x00,
    0x00, 0xFF, 0xDB, 0xFE, 0x00, 0x00, 0x00, 0x03, 0xFF, 0xFF, 0xC0, 0x00, 0x00, 0x00, 0x1F, 0xFF,
    0xF4, 0x00, 0x00, 0x00, 0x00, 0xFF, 0xFE, 0x00, 0x00, 0x00, 0x00, 0x0B, 0xFF, 0xC0, 0x00, 0x00,
    0x00, 0x00, 0xFF, 0xFE, 0x00, 0x00, 0x00, 0x00, 0x2F, 0xFF, 0xF4, 0x00, 0x00, 0x00, 0x07, 0xFF,
    0xFF, 0xC0, 0x00, 0x00, 0x00, 0xFF, 0xCB, 0xFE, 0x00, 0x00, 0x00, 0x2F, 0xF8, 0x3F, 0xF4, 0x00,
    0x00, 0x03, 0xFF, 0x02, 0xFF, 0xC0, 0x00, 0x00, 0xFF, 0xD0, 0x0F, 0xFF, 0x00, 0x00, 0x1F, 0xFC,
    0x00, 0x7F, 0xFF, 0xFC, 0x03, 0xFF, 0x00, 0x03, 0xFF, 0xFF, 0xC0, 0xBF, 0xE0, 0x00, 0x0F, 0xFF,
    0xFC, 0x1F, 0xFC, 0x00, 0x00, 0xBF, 0xFF, 0xC3, 0xFF, 0x40, 0x00, 0x03, 0xFF, 0xFC, 0x00, 0x00,
    0x00, 0x00, 0x00, 0xFF, 0xC0, 0x00, 0x00, 0x00, 0x00, 0x0F, 0xFC, 0x00, 0x00, 0x00, 0x00, 0x00,
    0xFF, 0xC0, 0x00, 0x00, 0x00, 0x00, 0x0F, 0xFC, 0x00, 0x00, 0x00, 0x00, 0x00, 0xFF, 0xC0, 0x00,
    0x00, 0x00, 0x00, 0x0F, 0xFC, 0x00, 0x00, 0x00, 0x00, 0x00, 0xFF, 0xC0, 0x7F, 0xF4, 0x00, 0x3F,
    0xFC, 0x02, 0xFF, 0xC0, 0x0B, 0xFF, 0x00, 0x0F, 0xFE, 0x01, 0xFF, 0xE0, 0x00, 0x7F, 0xF0, 0x3F,
    0xFC, 0x00, 0x02, 0xFF, 0xC7, 0xFF, 0x00, 0x00, 0x0F, 0xFD, 0xFF, 0xE0, 0x00, 0x00, 0x7F, 0xFF,
    0xFC, 0x00, 0x00, 0x03, 0xFF, 0xFF, 0x00, 0x00, 0x00, 0x0F, 0xFF, 0xE0, 0x00, 0x00, 0x00, 0xFF,
    0xFC, 0x00, 0x00, 0x00, 0x2F, 0xFF, 0xF0, 0x00, 0x00, 0x03, 0xFF, 0xFF, 0x40, 0x00, 0x00, 0xFF,
    0xFF, 0xFC, 0x00, 0x00, 0x1F, 0xFC, 0xFF, 0xE0, 0x00, 0x03, 0xFF, 0x43, 0xFF, 0x40, 0x00, 0xBF,
    0xF0, 0x2F, 0xFF, 0xFC, 0x1F, 0xFD, 0x00, 0xFF, 0xFF, 0xC3, 0xFF, 0x80, 0x07, 0xFF, 0xFC, 0xBF,
    0xF0, 0x00, 0x3F, 0xFF, 0xC0, 0x00, 0x00, 0x00, 0x0F, 0xFC, 0x00, 0x00, 0x00, 0x00, 0xFF, 0xC0,
    0x00, 0x00, 0x00, 0x0F, 0xFC, 0x00, 0x00, 0x00, 0x00, 0xFF, 0xC0, 0x00, 0x00, 0x00, 0x0F, 0xFC,
    0x00, 0x00, 0x00, 0x00, 0xFF, 0xC0, 0x00, 0x00, 0x00, 0x0F, 0xFC, 0xFF, 0xFF, 0xFF, 0xFF, 0xF0,
    0xFF, 0xC0, 0x0F, 0xFF, 0xFF, 0xFF, 0xFF, 0x0F, 0xFC, 0x00, 0xFF, 0xFF, 0xFF, 0xFF, 0xF0, 0xFF,
    0xC0, 0x0F, 0xFF, 0xFF, 0xFF, 0xFF, 0x0F, 0xFC, 0x00, 0x00, 0x0F, 0xFC, 0x00, 0x00, 0xFF, 0xC0,
    0x00, 0x00, 0xFF, 0xC0, 0x00, 0x0F, 0xFC, 0x00, 0x00, 0x0F, 0xFC, 0x00, 0x00, 0xFF, 0xC0, 0x00,
    0x00, 0xFF, 0xC0, 0x00, 0x0F, 0xFC, 0x00, 0x00, 0x0F, 0xFC, 0x00, 0x00, 0xFF, 0xC0, 0x00, 0x00,
    0xFF, 0xC0, 0x00, 0x0F, 0xFC, 0x00, 0x00, 0x0F, 0xFC, 0x00, 0x00, 0xFF, 0xC0, 0x00, 0x00, 0xFF,
    0xC0, 0x00, 0x0F, 0xFC, 0x00, 0x00, 0x0F, 0xFC, 0x00, 0x00, 0xFF, 0xC0, 0x00, 0x00, 0xFF, 0xC0,
    0x00, 0x0F, 0xFC, 0x00, 0x00, 0x0F, 0xFC, 0x00, 0x00, 0xFF, 0xC0, 0x00, 0x00, 0xFF, 0xC0, 0x00,
    0x0F, 0xFC, 0x00, 0x00, 0x0F, 0xFC, 0x00, 0x00, 0xFF, 0xC0, 0x00, 0x00, 0xFF, 0xC0, 0x00, 0x0F,
    0xFC, 0x00, 0x00, 0x0F, 0xFC, 0x00, 0x00, 0xFF, 0xC0, 0x00, 0x00, 0xFF, 0xC0, 0x00, 0x0F, 0xFC,
    0x00, 0x00, 0x0F, 0xFF, 0xFF, 0xFF, 0xFF, 0xFF, 0xF0, 0x00, 0xFF, 0xFF, 0xFF, 0xFF, 0xFF, 0xFF,
    0x00, 0x0F, 0xFF, 0xFF, 0xFF, 0xFF, 0xFF, 0xF0, 0x00, 0xFF, 0xFF, 0xFF, 0xFF, 0xFF, 0xFF, 0x00,
    0x00, 0x00, 0x00, 0x00, 0x00, 0x3F, 0xF0, 0x00, 0x00, 0x00, 0x00, 0x00, 0x03, 0xFF, 0x00, 0x00,
    0x00, 0x00, 0x00, 0x00, 0x3F, 0xF0, 0x00, 0x00, 0x00, 0x00, 0x00, 0x03, 0xFF, 0x00, 0x00, 0x00,
    0x00, 0x00, 0x00, 0x3F, 0xF0, 0x00, 0x00, 0x00, 0x00, 0x00, 0x03, 0xFF, 0x00, 0x00, 0x00, 0x00,
    0x00, 0x00, 0x3F, 0xF0, 0x00, 0x00, 0x00, 0x00, 0x00, 0x00, 0x00, 0xFF, 0xFF, 0xFF, 0xF0, 0xFF,
    0xC0, 0x3F, 0xFF, 0xFF, 0xFC, 0x3F, 0xF0, 0x0F, 0xFF, 0xFF, 0xFF, 0x0F, 0xFC, 0x03, 0xFF, 0xFF,
    0xFF, 0xC3, 0xFF, 0x00, 0x00, 0xFF, 0xC0, 0x00, 0xFF, 0xC0, 0x00, 0x3F, 0xF0, 0x00, 0x3F, 0xF0,
    0x00, 0x0F, 0xFC, 0x00, 0x0F, 0xFC, 0x00, 0x03, 0xFF, 0x00, 0x03, 0xFF, 0x00, 0x00, 0xFF, 0xC0,
    0x00, 0xFF, 0xC0, 0x00, 0x3F, 0xF0, 0x00, 0x3F, 0xF0, 0x00, 0x0F, 0xFC, 0x00, 0x0F, 0xFC, 0x00,
    0x03, 0xFF, 0x00, 0x03, 0xFF, 0x00, 0x00, 0xFF, 0xC0, 0x00, 0xFF, 0xC0, 0x00, 0x3F, 0xF0, 0x00,
    0x3F, 0xF0, 0x00, 0x0F, 0xFC, 0x00, 0x0F, 0xFC, 0x00, 0x03, 0xFF, 0xFF, 0xFF, 0xFF, 0xFF, 0x00,
    0xFF, 0xFF, 0xFF, 0xFF, 0xFF, 0xC0, 0x3F, 0xFF, 0xFF, 0xFF, 0xFF, 0xF0, 0x0F, 0xFF, 0xFF, 0xFF,
    0xFF, 0xFC, 0x00, 0x00, 0x00, 0x00, 0x00, 0xFF, 0x00, 0x00, 0x00, 0x00, 0x00, 0x3F, 0xC0, 0x00,
    0x00, 0x00, 0x00, 0x0F, 0xF0, 0x00, 0x00, 0x00, 0x00, 0x03, 0xFC, 0x00, 0x00, 0x00, 0x00, 0x00,
    0xFF, 0x00, 0x00, 0x00, 0x00, 0x00, 0x3F, 0xC0, 0x00, 0x00, 0x00, 0x00, 0x0F, 0xF0, 0x00, 0x00,
    0x00, 0x00, 0x00, 0x00, 0xFF, 0xC0, 0x00, 0x0F, 0xFC, 0x00, 0xFF, 0xC0, 0x00, 0x0F, 0xFC, 0x00,
    0xFF, 0xC0, 0x00, 0x0F, 0xFC, 0x00, 0xFF, 0xC0, 0x00, 0x0F, 0xFC, 0x00, 0xFF, 0xC0, 0x00, 0x0F,
    0xFC, 0x00, 0xFF, 0xC0, 0x00, 0x0F, 0xFC, 0x00, 0xFF, 0xC0, 0x00, 0x0F, 0xFC, 0x00, 0xFF, 0xC0,
    0x00, 0x0F, 0xFC, 0x00, 0xFF, 0xC0, 0x00, 0x0F, 0xFC, 0x00, 0xFF, 0xC0, 0x00, 0x0F, 0xFC, 0x00,
    0xFF, 0xD0, 0x00, 0x0F, 0xFC, 0x00, 0xFF, 0xF4, 0x01, 0xBF, 0xFC, 0x00, 0x7F, 0xFF, 0xFF, 0xFF,
    0xFC, 0x00, 0x3F, 0xFF, 0xFF, 0xFF, 0xFC, 0x00, 0x0F, 0xFF, 0xFF, 0xEF, 0xFC, 0x00, 0x01, 0xBF,
    0xE9, 0x0F, 0xFC, 0x00, 0x00, 0x00, 0x00, 0x0F, 0xFC, 0x00, 0x00, 0x00, 0x00, 0x0F, 0xFC, 0x00,
    0x00, 0x00, 0x00, 0x0F, 0xFC, 0x00, 0x00, 0x00, 0x00, 0x0F, 0xFF, 0xFF, 0x00, 0x00, 0x00, 0x0F,
    0xFF, 0xFF, 0x00, 0x00, 0x00, 0x0F, 0xFF, 0xFF, 0x00, 0x00, 0x00, 0x0F, 0xFF, 0xFF, 0x00, 0x00,
    0x00, 0x0F, 0xFF, 0xFF, 0x00, 0x00, 0x00, 0x00, 0x03, 0xFF, 0x00, 0x00, 0x00, 0x00, 0x03, 0xFF,
    0x00, 0x00, 0x00, 0x00, 0x03, 0xFF, 0x00, 0x00, 0x00, 0x00, 0x03, 0xFF, 0x00, 0x00, 0x00, 0x00,
    0x03, 0xFF, 0x00, 0x00, 0x00, 0x00, 0x03, 0xFF, 0x00, 0x00, 0x00, 0x00, 0x03, 0xFF, 0xFF, 0xC0,
    0x00, 0xFF, 0xC0, 0x0F, 0xFC, 0x00, 0x0F, 0xFC, 0x00, 0xFF, 0xC0, 0x00, 0xFF, 0xC0, 0x0F, 0xFC,
    0x00, 0x0F, 0xFC, 0x00, 0xFF, 0xC0, 0x00, 0xFF, 0xC0, 0x0F, 0xFC, 0x00, 0x0F, 0xFC, 0x00, 0xFF,
    0xC0, 0x00, 0xFF, 0xC0, 0x0F, 0xFC, 0x00, 0x0F, 0xFC, 0x00, 0xFF, 0xE0, 0x07, 0xFF, 0xC0, 0x0B,
    0xFF, 0xFF, 0xFF, 0xFC, 0x00, 0x3F, 0xFF, 0xFF, 0xFF, 0xC0, 0x01, 0xFF, 0xFF, 0xDF, 0xFC, 0x00,
    0x02, 0xFF, 0x90, 0xFF, 0xC0, 0x00, 0x00, 0x00, 0x0F, 0xFC, 0x00, 0x00, 0x00, 0x00, 0xFF, 0xC0,
    0x00, 0x00, 0x00, 0x0F, 0xFF, 0xFF, 0x00, 0x00, 0x00, 0xFF, 0xFF, 0xF0, 0x00, 0x00, 0x0F, 0xFF,
    0xFF, 0x00, 0x00, 0x00, 0xFF, 0xFF, 0xF0, 0x00, 0x00, 0x00, 0x03, 0xFF, 0x00, 0x00, 0x00, 0x00,
    0x3F, 0xF0, 0x00, 0x00, 0x00, 0x03, 0xFF, 0x00, 0x00, 0x00, 0x00, 0x3F, 0xF0, 0x00, 0x00, 0x00,
    0x03, 0xFF, 0x00, 0x00, 0x00, 0x00, 0x3F, 0xF0, 0xFF, 0xC0, 0x00, 0x03, 0xFF, 0xFF, 0xC0, 0x00,
    0x03, 0xFF, 0xFF, 0xC0, 0x00, 0x03, 0xFF, 0xFF, 0xC0, 0x00, 0x03, 0xFF, 0xFF, 0xC0, 0x00, 0x03,
    0xFF, 0xFF, 0xC0, 0x00, 0x03, 0xFF, 0xFF, 0xC0, 0x3C, 0x03, 0xFF, 0xFF, 0xC0, 0x3C, 0x03, 0xFF,
    0xFF, 0xC0, 0x3C, 0x03, 0xFF, 0xFF, 0xC0, 0x3C, 0x03, 0xFF, 0xFF, 0xE0, 0x3C, 0x03, 0xFF, 0xFF,
    0xF4, 0x3D, 0xBF, 0xFF, 0x7F, 0xFF, 0xFF, 0xFF, 0xFF, 0x3F, 0xFF, 0xFF, 0xFF, 0xFF, 0x0B, 0xFF,
    0xFF, 0xFB, 0xFF, 0x00, 0x6F, 0xFD, 0x43, 0xFF, 0x00, 0x00, 0x3C, 0x03, 0xFF, 0x00, 0x00, 0x3C,
    0x03, 0xFF, 0x00, 0x00, 0x3C, 0x03, 0xFF, 0x00, 0x00, 0x3C, 0x03, 0xFF, 0x00, 0x00, 0x3C, 0x03,
    0xFF, 0x00, 0x00, 0x00, 0x03, 0xFF, 0x00, 0x00, 0x00, 0x03, 0xFF, 0x00, 0x00, 0x00, 0x03, 0xFF,
    0xFF, 0xC0, 0x00, 0x3F, 0xFF, 0xFC, 0x00, 0x03, 0xFF, 0xFF, 0xC0, 0x00, 0x3F, 0xFF, 0xFC, 0x00,
    0x03, 0xFF, 0xFF, 0xC0, 0x00, 0x3F, 0xFF, 0xFC, 0x0F, 0x03, 0xFF, 0xFF, 0xC0, 0xF0, 0x3F, 0xFF,
    0xFC, 0x0F, 0x03, 0xFF, 0xFF, 0xE0, 0xF2, 0xFF, 0xFB, 0xFF, 0xFF, 0xFF, 0xFF, 0x3F, 0xFF, 0xFF,
    0xFF, 0xF1, 0xFF, 0xFF, 0xFB, 0xFF, 0x02, 0xFF, 0xF4, 0x3F, 0xF0, 0x00, 0x0F, 0x03, 0xFF, 0x00,
    0x00, 0xF0, 0x3F, 0xF0, 0x00, 0x0F, 0x03, 0xFF, 0x00, 0x00, 0xF0, 0x3F, 0xF0, 0x00, 0x00, 0x03,
    0xFF, 0x00, 0x00, 0x00, 0x3F, 0xF0, 0xFF, 0xC0, 0x00, 0x00, 0x00, 0xFF, 0xC0, 0x00, 0x00, 0x00,
    0xFF, 0xC0, 0x00, 0x00, 0x00, 0xFF, 0xC0, 0x00, 0x00, 0x00, 0xFF, 0xC0, 0x00, 0x00, 0x00, 0xFF,
    0xC0, 0x00, 0x00, 0x00, 0xFF, 0xC0, 0x00, 0x00, 0x00, 0xFF, 0xC0, 0x00, 0x00, 0x00, 0xFF, 0xC1,
    0xAF, 0xFE, 0x40, 0xFF, 0xFF, 0xFF, 0xFF, 0xF0, 0xFF, 0xFF, 0xFF, 0xFF, 0xFC, 0xFF, 0xFF, 0xFF,
    0xFF, 0xFD, 0xFF, 0xF9, 0x00, 0x1F, 0xFF, 0xFF, 0xC0, 0x00, 0x07, 0xFF, 0xFF, 0xC0, 0x00, 0x03,
    0xFF, 0xFF, 0xC0, 0x00, 0x03, 0xFF, 0xFF, 0xC0, 0x00, 0x03, 0xFF, 0xFF, 0xC0, 0x00, 0x03, 0xFF,
    0xFF, 0xC0, 0x00, 0x03, 0xFF, 0xFF, 0xC0, 0x00, 0x03, 0xFF, 0xFF, 0xC0, 0x00, 0x03, 0xFF, 0xFF,
    0xC0, 0x00, 0x03, 0xFF, 0xFF, 0xC0, 0x00, 0x03, 0xFF, 0xFF, 0xC0, 0x00, 0x03, 0xFF, 0xFF, 0xC0,
    0x00, 0x00, 0x3F, 0xF0, 0x00, 0x00, 0x0F, 0xFC, 0x00, 0x00, 0x03, 0xFF, 0x00, 0x00, 0x00, 0xFF,
    0xC0, 0x00, 0x00, 0x3F, 0xF0, 0x00, 0x00, 0x0F, 0xFC, 0x00, 0x00, 0x03, 0xFF, 0x07, 0xFF, 0x40,
    0xFF, 0xCF, 0xFF, 0xFC, 0x3F, 0xFF, 0xFF, 0xFF, 0xCF, 0xFF, 0xFF, 0xFF, 0xF7, 0xFF, 0xF0, 0x1F,
    0xFE, 0xFF, 0xF0, 0x01, 0xFF, 0xFF, 0xF8, 0x00, 0x3F, 0xFF, 0xFD, 0x00, 0x0F, 0xFF, 0xFF, 0x00,
    0x03, 0xFF, 0xFF, 0xC0, 0x00, 0xFF, 0xFF, 0xF0, 0x00, 0x3F, 0xFF, 0xFC, 0x00, 0x0F, 0xFF, 0xFF,
    0x00, 0x03, 0xFF, 0xFF, 0xC0, 0x00, 0xFF, 0xFF, 0xF0, 0x00, 0x3F, 0xFF, 0xFC, 0x00, 0x0F, 0xFF,
    0xFF, 0x00, 0x03, 0xFF, 0xFF, 0xC0, 0x00, 0xFF, 0xFF, 0xF0, 0x00, 0x3F, 0xF0, 0x00, 0x00, 0x00,
    0x1B, 0xFF, 0xE4, 0x00, 0x00, 0x00, 0x00, 0xBF, 0xFF, 0xFF, 0xD0, 0x00, 0x00, 0x01, 0xFF, 0xFF,
    0xFF, 0xFE, 0x00, 0x00, 0x01, 0xFF, 0xFF, 0xFF, 0xFF, 0xE0, 0x00, 0x00, 0xFF, 0xF8, 0x00, 0x2F,
    0xFD, 0x1F, 0xD0, 0xBF, 0xF0, 0x00, 0x00, 0xFF, 0xCB, 0xF0, 0x3F, 0xF4, 0x00, 0x00, 0x2F, 0xF3,
    0xFC, 0x1F, 0xFC, 0x00, 0x00, 0x03, 0xFD, 0xFF, 0x4B, 0xFE, 0x00, 0x00, 0x00, 0xFF, 0xBF, 0xFF,
    0xFF, 0xFF, 0xFF, 0xFF, 0xFF, 0xFB, 0xFF, 0xFF, 0xFF, 0xFF, 0xFF, 0xFF, 0xFC, 0xFF, 0xFF, 0xFF,
    0xFF, 0xFF, 0xFF, 0xFF, 0x06, 0xFF, 0xFF, 0xFF, 0xFF, 0xFF, 0xFF, 0xC0, 0x02, 0xFF, 0x80, 0x00,
    0x00, 0x00, 0x00, 0x00, 0xBF, 0xE0, 0x00, 0x00, 0x00, 0x00, 0x00, 0x1F, 0xFC, 0x00, 0x00, 0x00,
    0x00, 0x00, 0x03, 0xFF, 0x40, 0x00, 0x00, 0x00, 0x00, 0x00, 0xBF, 0xF0, 0x00, 0x00, 0x00, 0x40,
    0x00, 0x0F, 0xFE, 0x00, 0x00, 0x02, 0xF0, 0x00, 0x02, 0xFF, 0xF4, 0x00, 0x6F, 0xFC, 0x00, 0x00,
    0x2F, 0xFF, 0xFF, 0xFF, 0xFF, 0x00, 0x00, 0x02, 0xFF, 0xFF, 0xFF, 0xFF, 0xC0, 0x00, 0x00, 0x1F,
    0xFF, 0xFF, 0xFF, 0x40, 0x00, 0x00, 0x00, 0x6F, 0xFF, 0xE4, 0x00, 0x00, 0x00, 0x06, 0xFF, 0x90,
    0x00, 0x00, 0x01, 0xFF, 0xFF, 0xF0, 0x00, 0x00, 0x1F, 0xFF, 0xFF, 0xF0, 0x00, 0x00, 0xFF, 0xFF,
    0xFF, 0xF0, 0x15, 0x0B, 0xFE, 0x01, 0xFF, 0xD2, 0xFC, 0x3F, 0xE0, 0x01, 0xFF, 0x8F, 0xF4, 0xFF,
    0x40, 0x03, 0xFF, 0x3F, 0xFF, 0xFF, 0xFF, 0xFF, 0xFC, 0xFF, 0xFF, 0xFF, 0xFF, 0xFF, 0xF1, 0xFF,
    0xFF, 0xFF, 0xFF, 0xFF, 0xC0, 0xAF, 0xFF, 0xFF, 0xFF, 0xFF, 0x00, 0x07, 0xFD, 0x00, 0x00, 0x00,
    0x00, 0x0F, 0xF8, 0x00, 0x00, 0x00, 0x00, 0x3F, 0xF0, 0x00, 0x00, 0x00, 0x00, 0x7F, 0xF4, 0x00,
    0x6C, 0x00, 0x00, 0xFF, 0xFF, 0xFF, 0xF0, 0x00, 0x00, 0xFF, 0xFF, 0xFF, 0xC0, 0x00, 0x00, 0xBF,
    0xFF, 0xFF, 0x00, 0x00, 0x00, 0x2F, 0xFF, 0x90, 0x00, 0x00, 0x00, 0x00, 0x1B, 0xFF, 0xE4, 0x00,
    0x00, 0x00, 0x00, 0xBF, 0xFF, 0xFF, 0xD0, 0x00, 0x00, 0x01, 0xFF, 0xFF, 0xFF, 0xFE, 0x00, 0x00,
    0x01, 0xFF, 0xFF, 0xFF, 0xFF, 0xE0, 0x00, 0x00, 0xFF, 0xF4, 0x00, 0x2F, 0xFD, 0x1F, 0xD0, 0xFF,
    0xF0, 0x00, 0x01, 0xFF, 0xCB, 0xF0, 0x3F, 0xF0, 0x00, 0x00, 0x2F, 0xF3, 0xFC, 0x2F, 0xF4, 0x00,
    0x00, 0x07, 0xFD, 0xFF, 0x4B, 0xFC, 0x00, 0x00, 0x00, 0xFF, 0xBF, 0xFF, 0xFF, 0xFF, 0xFF, 0xFF,
    0xFF, 0xFB, 0xFF, 0xFF, 0xFF, 0xFF, 0xFF, 0xFF, 0xFC, 0xFF, 0xFF, 0xFF, 0xFF, 0xFF, 0xFF, 0xFF,
    0x0B, 0xFF, 0xFF, 0xFF, 0xFF, 0xFF, 0xFF, 0xC0, 0x03, 0xFF, 0x00, 0x00, 0x00, 0x00, 0x00, 0x00,
    0xBF, 0xD0, 0x00, 0x00, 0x00, 0x00, 0x00, 0x1F, 0xF8, 0x00, 0x00, 0x00, 0x00, 0x00, 0x03, 0xFF,
    0x00, 0x00, 0x00, 0x00, 0x00, 0x00, 0xFF, 0xF0, 0x00, 0x00, 0x07, 0xC0, 0x00, 0x0F, 0xFF, 0x90,
    0x01, 0xBF, 0xF0, 0x00, 0x02, 0xFF, 0xFF, 0xFF, 0xFF, 0xFC, 0x00, 0x00, 0x2F, 0xFF, 0xFF, 0xFF,
    0xFF, 0x00, 0x00, 0x01, 0xFF, 0xFF, 0xFF, 0xFE, 0x00, 0x00, 0x00, 0x06, 0xFF, 0xFF, 0xE4, 0x00,
    0x00, 0x00, 0x00, 0x0F, 0xFC, 0x00, 0x00, 0x00, 0x00, 0x00, 0x03, 0xFF, 0x00, 0x00, 0x00, 0x00,
    0x00, 0x00, 0xFF, 0xC0, 0x00, 0x00, 0x00, 0x00, 0x00, 0x3F, 0xF0, 0x00, 0x00, 0x00, 0x00, 0x00,
    0x0F, 0xFC, 0x00, 0x00, 0x00, 0x00, 0x00, 0x03, 0xFF, 0x00, 0x00, 0x00, 0x00, 0x00, 0x00, 0xFF,
    0xC0, 0x00, 0x00, 0x00, 0x00, 0x06, 0xFF, 0x90, 0x00, 0x00, 0x00, 0xFF, 0xFF, 0xF0, 0x00, 0x00,
    0x0F, 0xFF, 0xFF, 0xF0, 0x00, 0x00, 0xFF, 0xFF, 0xFF, 0xF0, 0x15, 0x0B, 0xFE, 0x01, 0xFF, 0xD2,
    0xFC, 0x3F, 0xF0, 0x01, 0xFF, 0x8F, 0xF0, 0xFF, 0x80, 0x03, 0xFF, 0x3F, 0xFF, 0xFF, 0xFF, 0xFF,
    0xFC, 0xFF, 0xFF, 0xFF, 0xFF, 0xFF, 0xF1, 0xFF, 0xFF, 0xFF, 0xFF, 0xFF, 0xC0, 0xBF, 0xFF, 0xFF,
    0xFF, 0xFF, 0x00, 0x07, 0xFE, 0x00, 0x00, 0x00, 0x00, 0x0F, 0xFC, 0x00, 0x00, 0x00, 0x00, 0x3F,
    0xF0, 0x00, 0x00, 0x00, 0x00, 0xBF, 0xE0, 0x00, 0x04, 0x00, 0x00, 0xFF, 0xE0, 0x01, 0xF0, 0x00,
    0x02, 0xFF, 0xFF, 0xFF, 0xC0, 0x00, 0x02, 0xFF, 0xFF, 0xFF, 0x00, 0x00, 0x01, 0xFF, 0xFF, 0xF8,
    0x00, 0x00, 0x00, 0x7F, 0xF9, 0x00, 0x00, 0x00, 0x00, 0xFF, 0xC0, 0x00, 0x00, 0x00, 0x03, 0xFF,
    0x00, 0x00, 0x00, 0x00, 0x0F, 0xFC, 0x00, 0x00, 0x00, 0x00, 0x3F, 0xF0, 0x00, 0x00, 0x00, 0x00,
    0xFF, 0xC0, 0x00, 0x00, 0x00, 0x03, 0xFF, 0x00, 0x00, 0xFF, 0xFF, 0xFF, 0xFF, 0xFF, 0xFF, 0xFF,
    0xFF, 0xCB, 0xFF, 0xF8, 0x03, 0xFF, 0x00, 0x0F, 0xFC, 0x00, 0x3F, 0xF0, 0x00, 0xFF, 0xC0, 0x03,
    0xFF, 0x00, 0x0F, 0xFC, 0x00, 0x3F, 0xF0, 0x00, 0xFF, 0xC0, 0x03, 0xFF, 0x00, 0x0F, 0xFC, 0x00,
    0x3F, 0xF0, 0x00, 0xFF, 0xC0, 0x03, 0xFF, 0x00, 0x0F, 0xFC, 0x00, 0x3F, 0xF0, 0x00, 0xFF, 0xC0,
    0x2F, 0xFF, 0xE3, 0xFF, 0xFF, 0xFF, 0xFF, 0xFF, 0xFF, 0xFF, 0xFF, 0x00, 0x00, 0x0F, 0xF8, 0x03,
    0xFE, 0x00, 0x00, 0x00, 0x00, 0x01, 0xFF, 0x41, 0xFF, 0x40, 0x00, 0x00, 0x00, 0x00, 0x3F, 0xFF,
    0xFF, 0xC0, 0x00, 0x00, 0x00, 0x00, 0x03, 0xFF, 0xFF, 0xC0, 0x00, 0x00, 0x00, 0x00, 0x00, 0x1F,
    0xFE, 0x40, 0x00, 0x00, 0x00, 0x00, 0x00, 0x00, 0x00, 0x00, 0x00, 0x00, 0x00, 0x00, 0x00, 0x00,
    0x00, 0x00, 0x00, 0x00, 0x00, 0x00, 0x00, 0x00, 0x00, 0x00, 0x00, 0x00, 0x00, 0x3F, 0xF4, 0x00,
    0x0F, 0xFC, 0x00, 0x07, 0xFF, 0x03, 0xFF, 0x00, 0x03, 0xFF, 0x00, 0x03, 0xFF, 0x00, 0xBF, 0xE0,
    0x00, 0xFF, 0xC0, 0x03, 0xFF, 0x80, 0x0F, 0xFD, 0x00, 0x3F, 0xF0, 0x01, 0xFF, 0xC0, 0x00, 0xFF,
    0xC0, 0x0F, 0xFC, 0x00, 0xFF, 0xC0, 0x00, 0x2F, 0xFC, 0x03, 0xFF, 0x00, 0xFF, 0xE0, 0x00, 0x03,
    0xFF, 0x40, 0xFF, 0xC0, 0x7F, 0xF0, 0x00, 0x00, 0x3F, 0xF0, 0x3F, 0xF0, 0x3F, 0xF0, 0x00, 0x00,
    0x07, 0xFF, 0x0F, 0xFC, 0x3F, 0xF4, 0x00, 0x00, 0x00, 0xFF, 0xFF, 0xFF, 0xFF, 0xFC, 0x00, 0x00,
    0x00, 0x0F, 0xFF, 0xFF, 0xFF, 0xFC, 0x00, 0x00, 0x00, 0x03, 0xFF, 0xFF, 0xFF, 0xFF, 0x00, 0x00,
    0x00, 0x03, 0xFF, 0xFF, 0xFF, 0xFF, 0xF0, 0x00, 0x00, 0x01, 0xFF, 0xC3, 0xFF, 0x0F, 0xFD, 0x00,
    0x00, 0x00, 0xFF, 0xE0, 0xFF, 0xC2, 0xFF, 0xC0, 0x00, 0x00, 0xBF, 0xF0, 0x3F, 0xF0, 0x3F, 0xF8,
    0x00, 0x00, 0x7F, 0xF4, 0x0F, 0xFC, 0x07, 0xFF, 0x40, 0x00, 0x3F, 0xF8, 0x03, 0xFF, 0x00, 0xBF,
    0xF0, 0x00, 0x2F, 0xFC, 0x00, 0xFF, 0xC0, 0x0F, 0xFE, 0x00, 0x0F, 0xFD, 0x00, 0x3F, 0xF0, 0x02,
    0xFF, 0xC0, 0x0F, 0xFF, 0x00, 0x0F, 0xFC, 0x00, 0x3F, 0xFC, 0x07, 0xFF, 0x40, 0x03, 0xFF, 0x00,
    0x07, 0xFF, 0x43, 0xFF, 0x80, 0x00, 0xFF, 0xC0, 0x00, 0xBF, 0xF2, 0xFF, 0xC0, 0x00, 0x3F, 0xF0,
    0x00, 0x0F, 0xFE, 0x00, 0x00, 0x2A, 0x80, 0x0A, 0x90, 0x00, 0x00, 0x00, 0x03, 0xFE, 0x01, 0xFE,
    0x00, 0x00, 0x00, 0x00, 0x3F, 0xF4, 0x3F, 0xD0, 0x00, 0x00, 0x00, 0x01, 0xFF, 0xFF, 0xF8, 0x00,
    0x00, 0x00, 0x00, 0x07, 0xFF, 0xFF, 0x00, 0x00, 0x00, 0x00, 0x00, 0x0B, 0xFE, 0x40, 0x00, 0x00,
    0x00, 0x00, 0x00, 0x00, 0x00, 0x00, 0x00, 0x00, 0x00, 0x00, 0x00, 0x00, 0x00, 0x00, 0x00, 0x0F,
    0xFC, 0x00, 0x3F, 0xF0, 0x01, 0xFF, 0x80, 0x7F, 0xE0, 0x03, 0xFF, 0x00, 0x3F, 0xF0, 0x02, 0xFF,
    0x40, 0x3F, 0xF0, 0x0B, 0xFC, 0x00, 0x0F, 0xFC, 0x03, 0xFF, 0x01, 0xFF, 0x80, 0x00, 0x7F, 0xE0,
    0x3F, 0xF0, 0x3F, 0xF0, 0x00, 0x02, 0xFF, 0x43, 0xFF, 0x0B, 0xFC, 0x00, 0x00, 0x0F, 0xFC, 0x3F,
    0xF0, 0xFF, 0x80, 0x00, 0x00, 0x7F, 0xFF, 0xFF, 0xFF, 0xF0, 0x00, 0x00, 0x02, 0xFF, 0xFF, 0xFF,
    0xFC, 0x00, 0x00, 0x00, 0x3F, 0xFF, 0xFF, 0xFF, 0xD0, 0x00, 0x00, 0x0B, 0xFF, 0xFF, 0xFF, 0xFF,
    0x00, 0x00, 0x00, 0xFF, 0xD3, 0xFF, 0x1F, 0xF8, 0x00, 0x00, 0x3F, 0xF8, 0x3F, 0xF0, 0xFF, 0xD0,
    0x00, 0x07, 0xFF, 0x03, 0xFF, 0x03, 0xFF, 0x00, 0x00, 0xFF, 0xD0, 0x3F, 0xF0, 0x2F, 0xF8, 0x00,
    0x3F, 0xFC, 0x03, 0xFF, 0x00, 0xFF, 0xD0, 0x07, 0xFF, 0x00, 0x3F, 0xF0, 0x0B, 0xFF, 0x00, 0xFF,
    0xE0, 0x03, 0xFF, 0x00, 0x3F, 0xF8, 0x2F, 0xFC, 0x00, 0x3F, 0xF0, 0x01, 0xFF, 0xC0, 0xFF, 0xC0,
    0x00, 0x1F, 0xFD, 0x3F, 0xF0, 0x00, 0x0F, 0xFD, 0x0F, 0xFC, 0x00, 0x0F, 0xFE, 0x03, 0xFF, 0x00,
    0x0F, 0xFE, 0x00, 0xFF, 0xC0, 0x0B, 0xFF, 0x00, 0x3F, 0xF0, 0x07, 0xFF, 0x00, 0x0F, 0xFC, 0x03,
    0xFF, 0x00, 0x03, 0xFF, 0x03, 0xFF, 0x40, 0x00, 0xFF, 0xC2, 0xFF, 0x80, 0x00, 0x3F, 0xF1, 0xFF,
    0x80, 0x00, 0x0F, 0xFD, 0xFF, 0xC0, 0x00, 0x03, 0xFF, 0xFF, 0xFA, 0x40, 0x00, 0xFF, 0xFF, 0xFF,
    0xFE, 0x00, 0x3F, 0xFF, 0xFF, 0xFF, 0xF8, 0x0F, 0xFF, 0xFF, 0xFF, 0xFF, 0x83, 0xFF, 0x90, 0x5B,
    0xFF, 0xF4, 0xFF, 0xC0, 0x00, 0x1F, 0xFF, 0x3F, 0xF0, 0x00, 0x00, 0xFF, 0xDF, 0xFC, 0x00, 0x00,
    0x2F, 0xFB, 0xFF, 0x00, 0x00, 0x03, 0xFF, 0xFF, 0xC0, 0x00, 0x00, 0xFF, 0xFF, 0xF0, 0x00, 0x00,
    0x3F, 0xFF, 0xFC, 0x00, 0x00, 0x0F, 0xFF, 0xFF, 0x00, 0x00, 0x07, 0xFF, 0x00, 0x00, 0x00, 0x03,
    0xFF, 0x80, 0x00, 0x00, 0x01, 0xFF, 0xD0, 0x00, 0x10, 0x02, 0xFF, 0xF0, 0x00, 0x1F, 0xFF, 0xFF,
    0xF8, 0x00, 0x07, 0xFF, 0xFF, 0xFC, 0x00, 0x01, 0xFF, 0xFF, 0xFC, 0x00, 0x00, 0x7F, 0xFF, 0xFC,
    0x00, 0x00, 0x06, 0xFF, 0xE4, 0x00, 0xFF, 0xC0, 0x02, 0xFF, 0xE3, 0xFF, 0x00, 0x1F, 0xFE, 0x0F,
    0xFC, 0x00, 0xFF, 0xE0, 0x3F, 0xF0, 0x0F, 0xFE, 0x00, 0xFF, 0xC0, 0xFF, 0xF0, 0x03, 0xFF, 0x0B,
    0xFF, 0x00, 0x0F, 0xFC, 0x7F, 0xF0, 0x00, 0x3F, 0xF7, 0xFF, 0x00, 0x00, 0xFF, 0xFF, 0xF9, 0x00,
    0x03, 0xFF, 0xFF, 0xFF, 0x80, 0x0F, 0xFF, 0xFF, 0xFF, 0xD0, 0x3F, 0xFF, 0xFF, 0xFF, 0xD0, 0xFF,
    0xE5, 0x6F, 0xFF, 0xC3, 0xFF, 0x00, 0x0B, 0xFF, 0x4F, 0xFC, 0x00, 0x0F, 0xFE, 0x3F, 0xF0, 0x00,
    0x1F, 0xFC, 0xFF, 0xC0, 0x00, 0x3F, 0xF3, 0xFF, 0x00, 0x00, 0xFF, 0xCF, 0xFC, 0x00, 0x03, 0xFF,
    0x00, 0x00, 0x00, 0x0F, 0xFC, 0x00, 0x00, 0x00, 0x7F, 0xE0, 0x00, 0x00, 0x03, 0xFF, 0x40, 0x00,
    0x40, 0x3F, 0xFC, 0x00, 0x03, 0xFF, 0xFF, 0xD0, 0x00, 0x0F, 0xFF, 0xFE, 0x00, 0x00, 0x3F, 0xFF,
    0xE0, 0x00, 0x00, 0xBF, 0xF8, 0x00, 0x00, 0x00, 0x03, 0xFF, 0xFF, 0xFF, 0xF0, 0x00, 0x00, 0x03,
    0xFF, 0xFF, 0xFF, 0xF0, 0x00, 0x00, 0x07, 0xFF, 0xFF, 0xFF, 0xF0, 0x00, 0x00, 0x07, 0xFF, 0xFF,
    0xFF, 0xF0, 0x00, 0x00, 0x0B, 0xFC, 0x00, 0x3F, 0xF0, 0x00, 0x00, 0x0B, 0xFC, 0x00, 0x3F, 0xF0,
    0x00, 0x00, 0x0F, 0xFC, 0x00, 0x3F, 0xF0, 0x00, 0x00, 0x0F, 0xF8, 0x00, 0x3F, 0xF0, 0x00, 0x00,
    0x0F, 0xF8, 0x00, 0x3F, 0xF0, 0x00, 0x00, 0x1F, 0xF4, 0x00, 0x3F, 0xF0, 0x00, 0x00, 0x1F, 0xF4,
    0x00, 0x3F, 0xF0, 0x00, 0x00, 0x2F, 0xF0, 0x00, 0x3F, 0xF0, 0x00, 0x00, 0x2F, 0xF0, 0x00, 0x3F,
    0xF0, 0x00, 0x00, 0x3F, 0xF0, 0x00, 0x3F, 0xF0, 0x00, 0x00, 0x3F, 0xF0, 0x00, 0x3F, 0xF0, 0x00,
    0x00, 0x7F, 0xE0, 0x00, 0x3F, 0xF0, 0x00, 0x00, 0x7F, 0xD0, 0x00, 0x3F, 0xF0, 0x00, 0x00, 0xBF,
    0xC0, 0x00, 0x3F, 0xF0, 0x00, 0x00, 0xFF, 0xC0, 0x00, 0x3F, 0xF0, 0x00, 0x02, 0xFF, 0x80, 0x00,
    0x3F, 0xFF, 0xFD, 0xBF, 0xFF, 0x40, 0x00, 0x3F, 0xFF, 0xFC, 0xBF, 0xFF, 0x00, 0x00, 0x3F, 0xFF,
    0xFC, 0xBF, 0xFC, 0x00, 0x00, 0x3F, 0xFF, 0xF8, 0x7F, 0xE0, 0x00, 0x00, 0x3F, 0xFF, 0xF4, 0x00,
    0x00, 0x00, 0x00, 0x00, 0x0F, 0xF0, 0x00, 0x00, 0x00, 0x00, 0x00, 0x2F, 0xF0, 0x00, 0x00, 0x00,
    0x00, 0x00, 0x3F, 0xE0, 0x00, 0x00, 0x00, 0x00, 0x00, 0x7F, 0xD0, 0x00, 0x00, 0x00, 0x00, 0x00,
    0xFF, 0xC0, 0x00, 0x00, 0x00, 0x00, 0x01, 0xFF, 0xC0, 0x00, 0x00, 0x00, 0x00, 0x03, 0xFF, 0x80,
    0x00, 0x3F, 0xFF, 0xFF, 0xFC, 0x00, 0x00, 0x3F, 0xFF, 0xFF, 0xFC, 0x00, 0x00, 0x3F, 0xFF, 0xFF,
    0xFC, 0x00, 0x00, 0x3F, 0xFF, 0xFF, 0xFC, 0x00, 0x00, 0x3F, 0xD0, 0x0F, 0xFC, 0x00, 0x00, 0x3F,
    0xD0, 0x0F, 0xFC, 0x00, 0x00, 0x7F, 0xC0, 0x0F, 0xFC, 0x00, 0x00, 0x7F, 0xC0, 0x0F, 0xFC, 0x00,
    0x00, 0xBF, 0xC0, 0x0F, 0xFC, 0x00, 0x00, 0xBF, 0xC0, 0x0F, 0xFC, 0x00, 0x00, 0xFF, 0x80, 0x0F,
    0xFC, 0x00, 0x00, 0xFF, 0x40, 0x0F, 0xFC, 0x00, 0x01, 0xFF, 0x40, 0x0F, 0xFC, 0x00, 0x02, 0xFF,
    0x00, 0x0F, 0xFC, 0x00, 0x07, 0xFE, 0x00, 0x0F, 0xFC, 0x00, 0xFF, 0xFD, 0x00, 0x0F, 0xFF, 0xFE,
    0xFF, 0xFC, 0x00, 0x0F, 0xFF, 0xFE, 0xFF, 0xF0, 0x00, 0x0F, 0xFF, 0xFD, 0xFF, 0x80, 0x00, 0x0F,
    0xFF, 0xFC, 0x00, 0x00, 0x00, 0x00, 0x03, 0xFC, 0x00, 0x00, 0x00, 0x00, 0x0B, 0xF8, 0x00, 0x00,
    0x00, 0x00, 0x0F, 0xF4, 0x00, 0x00, 0x00, 0x00, 0x1F, 0xF0, 0x00, 0x00, 0x00, 0x00, 0x2F, 0xF0,
    0x00, 0x00, 0x00, 0x00, 0x3F, 0xE0, 0x00, 0x00, 0x00, 0x00, 0x00, 0x00, 0xFF, 0xC0, 0x00, 0x0F,
    0xFC, 0xFF, 0xC0, 0x00, 0x0F, 0xFC, 0xFF, 0xC0, 0x00, 0x0F, 0xFC, 0xFF, 0xC0, 0x00, 0x0F, 0xFC,
    0xFF, 0xC0, 0x00, 0x0F, 0xFC, 0xFF, 0xC0, 0x00, 0x0F, 0xFC, 0xFF, 0xC0, 0x00, 0x0F, 0xFC, 0xFF,
    0xC0, 0x00, 0x0F, 0xFC, 0xFF, 0xC0, 0x00, 0x0F, 0xFC, 0xFF, 0xFF, 0xFF, 0xFF, 0xFC, 0xFF, 0xFF,
    0xFF, 0xFF, 0xFC, 0xFF, 0xFF, 0xFF, 0xFF, 0xFC, 0xFF, 0xFF, 0xFF, 0xFF, 0xFC, 0xFF, 0xC0, 0x00,
    0x0F, 0xFC, 0xFF, 0xC0, 0x00, 0x0F, 0xFC, 0xFF, 0xC0, 0x00, 0x0F, 0xFC, 0xFF, 0xC0, 0x00, 0x0F,
    0xFC, 0xFF, 0xC0, 0x00, 0x0F, 0xFC, 0xFF, 0xC0, 0x00, 0x0F, 0xFC, 0xFF, 0xC0, 0x00, 0x0F, 0xFC,
    0xFF, 0xC0, 0x00, 0x0F, 0xFC, 0xFF, 0xC0, 0x00, 0x0F, 0xFC, 0xFF, 0xC0, 0x00, 0x0F, 0xFC, 0xFF,
    0xC0, 0x00, 0x1F, 0xFC, 0x00, 0x00, 0x00, 0x2F, 0xFC, 0x00, 0x00, 0x00, 0x3F, 0xF8, 0x00, 0x14,
    0x01, 0xFF, 0xF4, 0x00, 0x2F, 0xFF, 0xFF, 0xF0, 0x00, 0x2F, 0xFF, 0xFF, 0xD0, 0x00, 0x2F, 0xFF,
    0xFF, 0x80, 0x00, 0x2F, 0xFF, 0xFD, 0x00, 0x00, 0x0A, 0xFF, 0xE0, 0x00, 0xFF, 0xC0, 0x00, 0xFF,
    0xFF, 0xF0, 0x00, 0x3F, 0xFF, 0xFC, 0x00, 0x0F, 0xFF, 0xFF, 0x00, 0x03, 0xFF, 0xFF, 0xC0, 0x00,
    0xFF, 0xFF, 0xF0, 0x00, 0x3F, 0xFF, 0xFC, 0x00, 0x0F, 0xFF, 0xFF, 0xFF, 0xFF, 0xFF, 0xFF, 0xFF,
    0xFF, 0xFF, 0xFF, 0xFF, 0xFF, 0xFF, 0xFF, 0xFF, 0xFF, 0xFF, 0xFF, 0xFF, 0x00, 0x03, 0xFF, 0xFF,
    0xC0, 0x00, 0xFF, 0xFF, 0xF0, 0x00, 0x3F, 0xFF, 0xFC, 0x00, 0x0F, 0xFF, 0xFF, 0x00, 0x03, 0xFF,
    0xFF, 0xC0, 0x00, 0xFF, 0xFF, 0xF0, 0x00, 0x3F, 0xFF, 0xFC, 0x00, 0x0F, 0xFC, 0x00, 0x00, 0x03,
    0xFF, 0x00, 0x00, 0x01, 0xFF, 0xC0, 0x00, 0x00, 0xBF, 0xE0, 0x02, 0x00, 0xBF, 0xF0, 0x01, 0xFF,
    0xFF, 0xF8, 0x00, 0x7F, 0xFF, 0xFC, 0x00, 0x1F, 0xFF, 0xFC, 0x00, 0x01, 0xFF, 0xE4, 0x00, 0xFF,
    0xC0, 0x00, 0x0F, 0xFC, 0x00, 0x3F, 0xF0, 0x00, 0x03, 0xFF, 0x00, 0x0F, 0xFC, 0x00, 0x00, 0xFF,
    0xC0, 0x03, 0xFF, 0x00, 0x00, 0x3F, 0xF0, 0x00, 0xFF, 0xC0, 0x00, 0x0F, 0xFC, 0x00, 0x3F, 0xF0,
    0x00, 0x03, 0xFF, 0x00, 0x0F, 0xFC, 0x00, 0x00, 0xFF, 0xC0, 0x03, 0xFF, 0x00, 0x00, 0x3F, 0xF0,
    0x00, 0xFF, 0xC0, 0x00, 0x0F, 0xFC, 0x00, 0x3F, 0xFF, 0xFF, 0xFF, 0xFF, 0x00, 0x0F, 0xFF, 0xFF,
    0xFF, 0xFF, 0xC0, 0x03, 0xFF, 0xFF, 0xFF, 0xFF, 0xF0, 0x00, 0xFF, 0xFF, 0xFF, 0xFF, 0xFC, 0x00,
    0x3F, 0xF0, 0x00, 0x03, 0xFF, 0x00, 0x0F, 0xFC, 0x00, 0x00, 0xFF, 0xC0, 0x03, 0xFF, 0x00, 0x00,
    0x3F, 0xF0, 0x00, 0xFF, 0xC0, 0x00, 0x0F, 0xFC, 0x00, 0x3F, 0xF0, 0x00, 0x03, 0xFF, 0x00, 0x0F,
    0xFC, 0x00, 0x00, 0xFF, 0xC0, 0x03, 0xFF, 0x00, 0x00, 0x3F, 0xFF, 0xFD, 0xFF, 0xC0, 0x00, 0x0F,
    0xFF, 0xFF, 0x3F, 0xF0, 0x00, 0x03, 0xFF, 0xFF, 0xCF, 0xFC, 0x00, 0x00, 0xFF, 0xFF, 0xE3, 0xFF,
    0x00, 0x00, 0x3F, 0xFF, 0xF4, 0x00, 0x00, 0x00, 0x00, 0x03, 0xFC, 0x00, 0x00, 0x00, 0x00, 0x02,
    0xFF, 0x00, 0x00, 0x00, 0x00, 0x00, 0xFF, 0x80, 0x00, 0x00, 0x00, 0x00, 0x7F, 0xD0, 0x00, 0x00,
    0x00, 0x00, 0x3F, 0xF0, 0x00, 0x00, 0x00, 0x00, 0x1F, 0xFC, 0x00, 0x00, 0x00, 0x00, 0x0F, 0xFE,
    0x00, 0xFF, 0xC0, 0x00, 0xFF, 0xC0, 0x0F, 0xFC, 0x00, 0x0F, 0xFC, 0x00, 0xFF, 0xC0, 0x00, 0xFF,
    0xC0, 0x0F, 0xFC, 0x00, 0x0F, 0xFC, 0x00, 0xFF, 0xC0, 0x00, 0xFF, 0xC0, 0x0F, 0xFC, 0x00, 0x0F,
    0xFC, 0x00, 0xFF, 0xC0, 0x00, 0xFF, 0xC0, 0x0F, 0xFF, 0xFF, 0xFF, 0xFC, 0x00, 0xFF, 0xFF, 0xFF,
    0xFF, 0xC0, 0x0F, 0xFF, 0xFF, 0xFF, 0xFC, 0x00, 0xFF, 0xFF, 0xFF, 0xFF, 0xC0, 0x0F, 0xFC, 0x00,
    0x0F, 0xFC, 0x00, 0xFF, 0xC0, 0x00, 0xFF, 0xC0, 0x0F, 0xFC, 0x00, 0x0F, 0xFC, 0x00, 0xFF, 0xC0,
    0x00, 0xFF, 0xC0, 0x0F, 0xFC, 0x00, 0x0F, 0xFF, 0xFE, 0xFF, 0xC0, 0x00, 0xFF, 0xFF, 0xEF, 0xFC,
    0x00, 0x0F, 0xFF, 0xFD, 0xFF, 0xC0, 0x00, 0xFF, 0xFF, 0xC0, 0x00, 0x00, 0x00, 0x03, 0xFC, 0x00,
    0x00, 0x00, 0x00, 0xBF, 0x80, 0x00, 0x00, 0x00, 0x0F, 0xF4, 0x00, 0x00, 0x00, 0x01, 0xFF, 0x00,
    0x00, 0x00, 0x00, 0x2F, 0xF0, 0x00, 0x00, 0x00, 0x03, 0xFE, 0x00, 0xFF, 0xC0, 0x00, 0x03, 0xFF,
    0xFF, 0xC0, 0x00, 0x03, 0xFF, 0xFF, 0xC0, 0x00, 0x03, 0xFF, 0xFF, 0xC0, 0x00, 0x03, 0xFF, 0xFF,
    0xC0, 0x00, 0x03, 0xFF, 0xFF, 0xC0, 0x00, 0x03, 0xFF, 0xFF, 0xC0, 0x00, 0x03, 0xFF, 0xFF, 0xC0,
    0x00, 0x03, 0xFF, 0xFF, 0xC0, 0x00, 0x03, 0xFF, 0xFF, 0xC0, 0x00, 0x03, 0xFF, 0xFF, 0xE0, 0x00,
    0x03, 0xFF, 0xFF, 0xF4, 0x01, 0xBF, 0xFF, 0x7F, 0xFF, 0xFF, 0xFF, 0xFF, 0x3F, 0xFF, 0xFF, 0xFF,
    0xFF, 0x0B, 0xFF, 0xFF, 0xFB, 0xFF, 0x00, 0xBF, 0xF9, 0x03, 0xFF, 0x00, 0x00, 0x00, 0x03, 0xFF,
    0x00, 0x00, 0x00, 0x03, 0xFF, 0x00, 0x00, 0x00, 0x03, 0xFF, 0x00, 0x00, 0x0F, 0xFF, 0xFF, 0x00,
    0x00, 0x0F, 0xFF, 0xFF, 0x00, 0x00, 0x0F, 0xFF, 0xFF, 0x00, 0x00, 0x0F, 0xFF, 0xFF, 0x00, 0x00,
    0x0F, 0xFF, 0xFF, 0x00, 0x00, 0x0F, 0xFC, 0x00, 0x00, 0x00, 0x0F, 0xFC, 0x00, 0x00, 0x00, 0x0F,
    0xFC, 0x00, 0x00, 0x00, 0x0F, 0xFC, 0x00, 0x00, 0x00, 0x0F, 0xFC, 0x00, 0x00, 0x00, 0x0F, 0xFC,
    0x00, 0x00, 0x00, 0x0F, 0xFC, 0x00, 0xFF, 0xC0, 0x00, 0xFF, 0xCF, 0xFC, 0x00, 0x0F, 0xFC, 0xFF,
    0xC0, 0x00, 0xFF, 0xCF, 0xFC, 0x00, 0x0F, 0xFC, 0xFF, 0xC0, 0x00, 0xFF, 0xCF, 0xFC, 0x00, 0x0F,
    0xFC, 0xFF, 0xC0, 0x00, 0xFF, 0xCF, 0xFC, 0x00, 0x0F, 0xFC, 0xFF, 0xE0, 0x07, 0xFF, 0xCB, 0xFF,
    0xFF, 0xFF, 0xFC, 0x3F, 0xFF, 0xFF, 0xFF, 0xC1, 0xFF, 0xFF, 0xDF, 0xFC, 0x02, 0xFF, 0x90, 0xFF,
    0xC0, 0x00, 0x00, 0x0F, 0xFC, 0x00, 0x00, 0x00, 0xFF, 0xC0, 0x00, 0x0F, 0xFF, 0xFC, 0x00, 0x00,
    0xFF, 0xFF, 0xC0, 0x00, 0x0F, 0xFF, 0xFC, 0x00, 0x00, 0xFF, 0xFF, 0xC0, 0x00, 0x0F, 0xFC, 0x00,
    0x00, 0x00, 0xFF, 0xC0, 0x00, 0x00, 0x0F, 0xFC, 0x00, 0x00, 0x00, 0xFF, 0xC0, 0x00, 0x00, 0x0F,
    0xFC, 0x00, 0x00, 0x00, 0xFF, 0xC0, 0x00, 0xFF, 0xF8, 0x00, 0x00, 0x0B, 0xFF, 0xF0, 0x00, 0xFF,
    0xFC, 0x00, 0x00, 0x0F, 0xFF, 0xF0, 0x00, 0xFF, 0xFD, 0x00, 0x00, 0x0F, 0xFF, 0xF0, 0x00, 0xFF,
    0xFE, 0x00, 0x00, 0x2F, 0xFF, 0xF0, 0x00, 0xFF, 0xFF, 0x00, 0x00, 0x3F, 0xFF, 0xF0, 0x00, 0xFF,
    0xFF, 0x40, 0x00, 0x7F, 0xBF, 0xF0, 0x00, 0xFF, 0xBF, 0x80, 0x00, 0xBF, 0x7F, 0xF0, 0x00, 0xFF,
    0x7F, 0xC0, 0x00, 0xFF, 0x3F, 0xF0, 0x00, 0xFF, 0x3F, 0xD0, 0x01, 0xFE, 0x3F, 0xF0, 0x00, 0xFF,
    0x2F, 0xE0, 0x02, 0xFD, 0x3F, 0xF0, 0x00, 0xFF, 0x1F, 0xF0, 0x03, 0xFC, 0x3F, 0xF0, 0x00, 0xFF,
    0x0F, 0xF4, 0x07, 0xFC, 0x3F, 0xF0, 0x00, 0xFF, 0x0B, 0xF8, 0x0B, 0xF4, 0x3F, 0xF0, 0x00, 0xFF,
    0x07, 0xFC, 0x0F, 0xF0, 0x3F, 0xF0, 0x00, 0xFF, 0x03, 0xFD, 0x1F, 0xF0, 0x3F, 0xF0, 0x00, 0xFF,
    0x03, 0xFE, 0x2F, 0xD0, 0x3F, 0xF0, 0x00, 0xFF, 0x01, 0xFF, 0x3F, 0xC0, 0x3F, 0xF0, 0x00, 0xFF,
    0x00, 0xFF, 0xBF, 0xC0, 0x3F, 0xF0, 0x00, 0xFF, 0x00, 0xFF, 0xFF, 0x40, 0x3F, 0xF0, 0x00, 0xFF,
    0x00, 0xBF, 0xFF, 0x00, 0x3F, 0xFF, 0xFD, 0xFF, 0x00, 0x3F, 0xFF, 0x00, 0x3F, 0xFF, 0xFC, 0xFF,
    0x00, 0x3F, 0xFD, 0x00, 0x3F, 0xFF, 0xFC, 0xFF, 0x00, 0x2F, 0xFC, 0x00, 0x3F, 0xFF, 0xF8, 0xFF,
    0x00, 0x1F, 0xFC, 0x00, 0x3F, 0xFF, 0xF4, 0x00, 0x00, 0x00, 0x00, 0x00, 0x00, 0x0F, 0xF0, 0x00,
    0x00, 0x00, 0x00, 0x00, 0x00, 0x2F, 0xF0, 0x00, 0x00, 0x00, 0x00, 0x00, 0x00, 0x3F, 0xE0, 0x00,
    0x00, 0x00, 0x00, 0x00, 0x00, 0xBF, 0xD0, 0x00, 0x00, 0x00, 0x00, 0x00, 0x00, 0xFF, 0xC0, 0x00,
    0x00, 0x00, 0x00, 0x00, 0x02, 0xFF, 0xC0, 0x00, 0x00, 0x00, 0x00, 0x00, 0x03, 0xFF, 0x80, 0xFF,
    0xFE, 0x00, 0x00, 0xFF, 0xFC, 0x00, 0xFF, 0xFF, 0x00, 0x02, 0xFF, 0xFC, 0x00, 0xFF, 0xFF, 0x40,
    0x03, 0xFF, 0xFC, 0x00, 0xFF, 0xFF, 0x80, 0x03, 0xFF, 0xFC, 0x00, 0xFF, 0xFF, 0xC0, 0x0B, 0xFF,
    0xFC, 0x00, 0xFF, 0xEF, 0xD0, 0x0F, 0xFF, 0xFC, 0x00, 0xFF, 0xDF, 0xE0, 0x0F, 0xDF, 0xFC, 0x00,
    0xFF, 0xCF, 0xF0, 0x2F, 0xCF, 0xFC, 0x00, 0xFF, 0xCB, 0xF4, 0x3F, 0xCF, 0xFC, 0x00, 0xFF, 0xC7,
    0xF8, 0x3F, 0x4F, 0xFC, 0x00, 0xFF, 0xC3, 0xFC, 0xBF, 0x0F, 0xFC, 0x00, 0xFF, 0xC2, 0xFD, 0xFF,
    0x0F, 0xFC, 0x00, 0xFF, 0xC1, 0xFF, 0xFD, 0x0F, 0xFC, 0x00, 0xFF, 0xC0, 0xFF, 0xFC, 0x0F, 0xFC,
    0x00, 0xFF, 0xC0, 0xBF, 0xFC, 0x0F, 0xFC, 0x00, 0xFF, 0xC0, 0x7F, 0xF8, 0x0F, 0xFF, 0xFF, 0xFF,
    0xC0, 0x3F, 0xF0, 0x0F, 0xFF, 0xFE, 0xFF, 0xC0, 0x2F, 0xF0, 0x0F, 0xFF, 0xFD, 0xFF, 0xC0, 0x1F,
    0xE0, 0x0F, 0xFF, 0xFC, 0x00, 0x00, 0x00, 0x00, 0x00, 0x03, 0xFC, 0x00, 0x00, 0x00, 0x00, 0x00,
    0x0B, 0xF8, 0x00, 0x00, 0x00, 0x00, 0x00, 0x0F, 0xF4, 0x00, 0x00, 0x00, 0x00, 0x00, 0x1F, 0xF0,
    0x00, 0x00, 0x00, 0x00, 0x00, 0x3F, 0xF0, 0x00, 0x00, 0x00, 0x00, 0x00, 0x3F, 0xE0, 0xFF, 0xFF,
    0xFF, 0xFF, 0xFF, 0xFF, 0xFF, 0xFF, 0xCB, 0xFF, 0xF8, 0x03, 0xFF, 0x00, 0x0F, 0xFC, 0x00, 0x3F,
    0xF0, 0x00, 0xFF, 0xC0, 0x03, 0xFF, 0x00, 0x0F, 0xFC, 0x00, 0x3F, 0xF0, 0x00, 0xFF, 0xC0, 0x03,
    0xFF, 0x00, 0x0F, 0xFC, 0x00, 0x3F, 0xF0, 0x00, 0xFF, 0xC0, 0x03, 0xFF, 0x00, 0x0F, 0xFC, 0x00,
    0x3F, 0xF0, 0x00, 0xFF, 0xC0, 0x2F, 0xFF, 0xE3, 0xFF, 0xFF, 0xFF, 0xFF, 0xFF, 0xFF, 0xFF, 0xFF,
    0x00, 0x2F, 0xE0, 0x0F, 0xF4, 0x00, 0x00, 0x1F, 0xF0, 0x0F, 0xF4, 0x00, 0x00, 0x0F, 0xF8, 0x2F,
    0xF0, 0x00, 0x00, 0x0B, 0xFF, 0xFF, 0xD0, 0x00, 0x00, 0x02, 0xFF, 0xFF, 0x80, 0x00, 0x00, 0x00,
    0x6F, 0xF8, 0x00, 0x00, 0x00, 0x00, 0x00, 0x00, 0x00, 0x00, 0x00, 0x00, 0x00, 0x00, 0x00, 0x00,
    0x00, 0x00, 0xFF, 0xFC, 0x00, 0x00, 0x00, 0x00, 0xFF, 0xFC, 0x00, 0x00, 0x00, 0x02, 0xFF, 0xFE,
    0x00, 0x00, 0x00, 0x03, 0xFF, 0xFF, 0x00, 0x00, 0x00, 0x03, 0xFE, 0xFF, 0x00, 0x00, 0x00, 0x0B,
    0xFC, 0xFF, 0x80, 0x00, 0x00, 0x0F, 0xFC, 0xFF, 0xC0, 0x00, 0x00, 0x1F, 0xF8, 0x7F, 0xD0, 0x00,
    0x00, 0x2F, 0xF4, 0x3F, 0xE0, 0x00, 0x00, 0x3F, 0xF0, 0x3F, 0xF0, 0x00, 0x00, 0x7F, 0xE0, 0x2F,
    0xF4, 0x00, 0x00, 0xBF, 0xD0, 0x1F, 0xF8, 0x00, 0x00, 0xFF, 0xC0, 0x0F, 0xFC, 0x00, 0x01, 0xFF,
    0x80, 0x0B, 0xFD, 0x00, 0x02, 0xFF, 0xFF, 0xFF, 0xFE, 0x00, 0x03, 0xFF, 0xFF, 0xFF, 0xFF, 0x00,
    0x07, 0xFF, 0xFF, 0xFF, 0xFF, 0x40, 0x0B, 0xFF, 0xFF, 0xFF, 0xFF, 0xC0, 0x0F, 0xFC, 0x00, 0x00,
    0xFF, 0xC0, 0x1F, 0xFC, 0x00, 0x00, 0xFF, 0xD0, 0x3F, 0xF8, 0x00, 0x00, 0xBF, 0xF0, 0x3F, 0xF4,
    0x00, 0x00, 0x3F, 0xF0, 0x7F, 0xF0, 0x00, 0x00, 0x3F, 0xF8, 0xFF, 0xE0, 0x00, 0x00, 0x2F, 0xFC,
    0x02, 0xA8, 0x01, 0xA9, 0x00, 0xFF, 0x40, 0xFF, 0x40, 0x2F, 0xF0, 0xBF, 0xC0, 0x03, 0xFF, 0xFF,
    0xE0, 0x00, 0x7F, 0xFF, 0xF0, 0x00, 0x02, 0xFF, 0x90, 0x00, 0x00, 0x00, 0x00, 0x00, 0x00, 0x00,
    0x00, 0x00, 0x00, 0x6F, 0xFE, 0x40, 0x02, 0xFF, 0xFF, 0xFC, 0x00, 0xFF, 0xFF, 0xFF, 0xC0, 0x1F,
    0xFF, 0xFF, 0xF8, 0x03, 0x90, 0x0B, 0xFF, 0x00, 0x00, 0x00, 0xFF, 0xC0, 0x00, 0x00, 0x3F, 0xF0,
    0x06, 0xFF, 0xFF, 0xFC, 0x0F, 0xFF, 0xFF, 0xFF, 0x0F, 0xFF, 0xFF, 0xFF, 0xCB, 0xFF, 0x40, 0x3F,
    0xF3, 0xFF, 0x40, 0x0F, 0xFC, 0xFF, 0xC0, 0x03, 0xFF, 0x3F, 0xF0, 0x02, 0xFF, 0xCF, 0xFE, 0x02,
    0xFF, 0xF2, 0xFF, 0xFF, 0xFF, 0xFC, 0x3F, 0xFF, 0xFE, 0xFF, 0x07, 0xFF, 0xFC, 0x3F, 0xC0, 0x2F,
    0xF8, 0x0B, 0xF0, 0x00, 0x07, 0xF4, 0x1F, 0xD0, 0x00, 0x00, 0x0F, 0xFC, 0x3F, 0xF0, 0x00, 0x00,
    0x0F, 0xFC, 0x3F, 0xF0, 0x00, 0x00, 0x02, 0xF4, 0x1F, 0x80, 0x00, 0x00, 0x00, 0x00, 0x00, 0x00,
    0x00, 0x00, 0x00, 0x00, 0x00, 0x00, 0x00, 0x00, 0x00, 0x00, 0x00, 0x00, 0x00, 0x00, 0x00, 0x3F,
    0xFC, 0x00, 0x00, 0x00, 0x00, 0x7F, 0xFE, 0x00, 0x00, 0x00, 0x00, 0xFF, 0xFF, 0x00, 0x00, 0x00,
    0x00, 0xFF, 0xFF, 0x00, 0x00, 0x00, 0x02, 0xFF, 0xFF, 0x80, 0x00, 0x00, 0x03, 0xFE, 0xBF, 0xC0,
    0x00, 0x00, 0x07, 0xFD, 0x7F, 0xD0, 0x00, 0x00, 0x0B, 0xFC, 0x3F, 0xE0, 0x00, 0x00, 0x0F, 0xFC,
    0x3F, 0xF0, 0x00, 0x00, 0x1F, 0xF8, 0x2F, 0xF4, 0x00, 0x00, 0x2F, 0xF4, 0x0F, 0xFC, 0x00, 0x00,
    0x3F, 0xF0, 0x0F, 0xFC, 0x00, 0x00, 0x7F, 0xE0, 0x0B, 0xFD, 0x00, 0x00, 0xFF, 0xD0, 0x07, 0xFF,
    0x00, 0x00, 0xFF, 0xFF, 0xFF, 0xFF, 0x00, 0x02, 0xFF, 0xFF, 0xFF, 0xFF, 0x80, 0x03, 0xFF, 0xFF,
    0xFF, 0xFF, 0xC0, 0x07, 0xFF, 0xFF, 0xFF, 0xFF, 0xD0, 0x0B, 0xFE, 0x00, 0x00, 0xBF, 0xE0, 0x0F,
    0xFD, 0x00, 0x00, 0x7F, 0xF0, 0x1F, 0xFC, 0x00, 0x00, 0x3F, 0xF4, 0x2F, 0xF8, 0x00, 0x00, 0x2F,
    0xFC, 0x3F, 0xF4, 0x00, 0x00, 0x1F, 0xFC, 0x7F, 0xF0, 0x00, 0x00, 0x0F, 0xFD, 0x00, 0xFC, 0x07,
    0xF0, 0x00, 0xFF, 0xC3, 0xFF, 0x00, 0x3F, 0xF0, 0xFF, 0xC0, 0x0F, 0xFC, 0x3F, 0xF0, 0x00, 0xFC,
    0x07, 0xF0, 0x00, 0x00, 0x00, 0x00, 0x00, 0x00, 0x00, 0x00, 0x00, 0x01, 0xBF, 0xFD, 0x00, 0x07,
    0xFF, 0xFF, 0xF0, 0x02, 0xFF, 0xFF, 0xFF, 0x00, 0x3F, 0xFF, 0xFF, 0xE0, 0x0A, 0x40, 0x2F, 0xFC,
    0x00, 0x00, 0x03, 0xFF, 0x00, 0x00, 0x00, 0xFF, 0xC0, 0x1B, 0xFF, 0xFF, 0xF0, 0x3F, 0xFF, 0xFF,
    0xFC, 0x3F, 0xFF, 0xFF, 0xFF, 0x2F, 0xFD, 0x00, 0xFF, 0xCF, 0xFD, 0x00, 0x3F, 0xF3, 0xFF, 0x00,
    0x0F, 0xFC, 0xFF, 0xC0, 0x0B, 0xFF, 0x3F, 0xF8, 0x0B, 0xFF, 0xCB, 0xFF, 0xFF, 0xFF, 0xF0, 0xFF,
    0xFF, 0xF7, 0xFC, 0x1F, 0xFF, 0xF4, 0xFF, 0x00, 0xBF, 0xE0, 0x1F, 0xC0, 0x00, 0x00, 0x03, 0xFF,
    0xFF, 0xFF, 0xFF, 0xF0, 0x00, 0x00, 0xBF, 0xFF, 0xFF, 0xFF, 0xFF, 0x00, 0x00, 0x0F, 0xFF, 0xFF,
    0xFF, 0xFF, 0xF0, 0x00, 0x01, 0xFF, 0xFF, 0xFF, 0xFF, 0xFF, 0x00, 0x00, 0x3F, 0xE0, 0xFF, 0xC0,
    0x00, 0x00, 0x00, 0x07, 0xFD, 0x0F, 0xFC, 0x00, 0x00, 0x00, 0x00, 0xFF, 0xC0, 0xFF, 0xC0, 0x00,
    0x00, 0x00, 0x0F, 0xF4, 0x0F, 0xFC, 0x00, 0x00, 0x00, 0x02, 0xFF, 0x00, 0xFF, 0xC0, 0x00, 0x00,
    0x00, 0x3F, 0xE0, 0x0F, 0xFF, 0xFF, 0xFD, 0x00, 0x0B, 0xFD, 0x00, 0xFF, 0xFF, 0xFF, 0xE0, 0x00,
    0xFF, 0xC0, 0x0F, 0xFF, 0xFF, 0xFE, 0x00, 0x1F, 0xF4, 0x00, 0xFF, 0xFF, 0xFF, 0xE0, 0x03, 0xFF,
    0x00, 0x0F, 0xFC, 0x00, 0x00, 0x00, 0x7F, 0xFF, 0xFF, 0xFF, 0xC0, 0x00, 0x00, 0x0F, 0xFF, 0xFF,
    0xFF, 0xFC, 0x00, 0x00, 0x00, 0xFF, 0xFF, 0xFF, 0xFF, 0xC0, 0x00, 0x00, 0x2F, 0xFF, 0xFF, 0xFF,
    0xFC, 0x00, 0x00, 0x03, 0xFF, 0x00, 0x00, 0xFF, 0xC0, 0x00, 0x00, 0xBF, 0xD0, 0x00, 0x0F, 0xFC,
    0x00, 0x00, 0x0F, 0xFC, 0x00, 0x00, 0xFF, 0xFF, 0xFF, 0xF1, 0xFF, 0x80, 0x00, 0x0F, 0xFF, 0xFF,
    0xFF, 0x3F, 0xF0, 0x00, 0x00, 0xFF, 0xFF, 0xFF, 0xF7, 0xFF, 0x00, 0x00, 0x0F, 0xFF, 0xFF, 0xFF,
    0x00, 0x6F, 0xFE, 0x00, 0x6F, 0xF9, 0x00, 0x0B, 0xFF, 0xFF, 0xD3, 0xFF, 0xFF, 0xC0, 0x0F, 0xFF,
    0xFF, 0xFF, 0xFF, 0xFF, 0xF0, 0x07, 0xFF, 0xFF, 0xFF, 0xFF, 0xFF, 0xFC, 0x03, 0x90, 0x0B, 0xFF,
    0xD0, 0x1F, 0xFD, 0x00, 0x00, 0x03, 0xFF, 0x80, 0x07, 0xFE, 0x00, 0x00, 0x03, 0xFF, 0x00, 0x03,
    0xFF, 0x01, 0xBF, 0xFF, 0xFF, 0xFF, 0xFF, 0xFF, 0x0F, 0xFF, 0xFF, 0xFF, 0xFF, 0xFF, 0xFF, 0x3F,
    0xFF, 0xFF, 0xFF, 0xFF, 0xFF, 0xFF, 0xBF, 0xF4, 0x03, 0xFF, 0xFF, 0xFF, 0xFF, 0xFF, 0xD0, 0x03,
    0xFF, 0x00, 0x00, 0x00, 0xFF, 0xC0, 0x03, 0xFF, 0x40, 0x00, 0x00, 0xFF, 0xC0, 0x0B, 0xFF, 0xC0,
    0x00, 0x00, 0xFF, 0xE0, 0x2F, 0xFF, 0xF0, 0x00, 0x6C, 0xBF, 0xFF, 0xFF, 0xFF, 0xFF, 0xFF, 0xFC,
    0x3F, 0xFF, 0xFF, 0x4F, 0xFF, 0xFF, 0xFC, 0x1F, 0xFF, 0xFC, 0x02, 0xFF, 0xFF, 0xF8, 0x02, 0xFF,
    0x90, 0x00, 0x6F, 0xFF, 0x80, 0xFF, 0x80, 0x3F, 0xDB, 0xFC, 0x03, 0xFC, 0x3F, 0xE0, 0xFF, 0x82,
    0xFF, 0xFF, 0xF0, 0x0B, 0xFF, 0xFD, 0x00, 0x1B, 0xFE, 0x00, 0x00, 0x00, 0x00, 0x00, 0x00, 0x00,
    0x00, 0xFF, 0xFF, 0xFF, 0xEF, 0xFF, 0xFF, 0xFE, 0xFF, 0xFF, 0xFF, 0xEF, 0xFF, 0xFF, 0xFD, 0xFF,
    0xC0, 0x00, 0x0F, 0xFC, 0x00, 0x00, 0xFF, 0xC0, 0x00, 0x0F, 0xFC, 0x00, 0x00, 0xFF, 0xC0, 0x00,
    0x0F, 0xFF, 0xFF, 0xFC, 0xFF, 0xFF, 0xFF, 0xCF, 0xFF, 0xFF, 0xFC, 0xFF, 0xFF, 0xFF, 0xCF, 0xFC,
    0x00, 0x00, 0xFF, 0xC0, 0x00, 0x0F, 0xFC, 0x00, 0x00, 0xFF, 0xC0, 0x00, 0x0F, 0xFC, 0x00, 0x00,
    0xFF, 0xC0, 0x00, 0x0F, 0xFC, 0x00, 0x00, 0xFF, 0xFF, 0xFF, 0xDF, 0xFF, 0xFF, 0xFE, 0xFF, 0xFF,
    0xFF, 0xEF, 0xFF, 0xFF, 0xFE, 0x02, 0xA4, 0x02, 0xA9, 0x01, 0xFF, 0x01, 0xFF, 0x40, 0x3F, 0xE0,
    0xFF, 0xC0, 0x0B, 0xFF, 0xFF, 0xE0, 0x00, 0xBF, 0xFF, 0xE0, 0x00, 0x06, 0xFF, 0x90, 0x00, 0x00,
    0x00, 0x00, 0x00, 0x00, 0x00, 0x00, 0x00, 0x00, 0x1F, 0xFE, 0x40, 0x00, 0x7F, 0xFF, 0xFC, 0x00,
    0xBF, 0xFF, 0xFF, 0xC0, 0x7F, 0xFF, 0xFF, 0xFC, 0x3F, 0xF8, 0x07, 0xFF, 0x5F, 0xF8, 0x00, 0x7F,
    0xEB, 0xFD, 0x00, 0x0F, 0xFF, 0xFF, 0xFF, 0xFF, 0xFF, 0xFF, 0xFF, 0xFF, 0xFF, 0xFF, 0xFF, 0xFF,
    0xFF, 0xFF, 0xFF, 0xFF, 0xFF, 0xFF, 0xFF, 0x00, 0x00, 0x00, 0xBF, 0xD0, 0x00, 0x00, 0x1F, 0xFC,
    0x00, 0x00, 0x03, 0xFF, 0xD0, 0x01, 0xB0, 0x7F, 0xFF, 0xFF, 0xFC, 0x0B, 0xFF, 0xFF, 0xFF, 0x00,
    0x7F, 0xFF, 0xFF, 0xC0, 0x01, 0xBF, 0xFE, 0x00, 0x00, 0x1B, 0xFF, 0xE4, 0x00, 0x00, 0x1F, 0xFF,
    0xFF, 0xFE, 0x00, 0x02, 0xFF, 0xFF, 0xFF, 0xFF, 0x40, 0x0F, 0xFF, 0xFF, 0xFF, 0xFF, 0x40, 0x3F,
    0xE4, 0x00, 0x1F, 0xFF, 0x00, 0xE4, 0x00, 0x00, 0x0B, 0xFE, 0x00, 0x00, 0x00, 0x00, 0x0F, 0xFC,
    0x00, 0x00, 0x00, 0x00, 0x1F, 0xF4, 0x00, 0x00, 0x00, 0x00, 0x3F, 0xE0, 0x00, 0x00, 0x00, 0x00,
    0xFF, 0xCF, 0xFF, 0xFF, 0xFF, 0xFF, 0xFF, 0x3F, 0xFF, 0xFF, 0xFF, 0xFF, 0xFC, 0xFF, 0xFF, 0xFF,
    0xFF, 0xFF, 0xF3, 0xFF, 0xFF, 0xFF, 0xFF, 0xFF, 0xCF, 0xFC, 0x00, 0x00, 0x03, 0xFF, 0x2F, 0xF0,
    0x00, 0x00, 0x1F, 0xF8, 0x7F, 0xD0, 0x00, 0x00, 0xBF, 0xD0, 0xFF, 0x80, 0x00, 0x03, 0xFF, 0x02,
    0xFF, 0x40, 0x00, 0x3F, 0xF8, 0x03, 0xFF, 0x80, 0x07, 0xFF, 0xC0, 0x07, 0xFF, 0xFF, 0xFF, 0xFD,
    0x00, 0x0B, 0xFF, 0xFF, 0xFF, 0xD0, 0x00, 0x07, 0xFF, 0xFF, 0xFC, 0x00, 0x00, 0x01, 0xBF, 0xFE,
    0x40, 0x00, 0x02, 0xBF, 0xF9, 0x00, 0x0F, 0xFF, 0xFF, 0xF4, 0x03, 0xFF, 0xFF, 0xFF, 0x80, 0xFF,
    0xFF, 0xFF, 0xF4, 0x39, 0x00, 0x1F, 0xFF, 0x00, 0x00, 0x00, 0xFF, 0xD0, 0x00, 0x00, 0x1F, 0xF8,
    0x00, 0x00, 0x03, 0xFF, 0xFF, 0xFF, 0xFF, 0xFF, 0xFF, 0xFF, 0xFF, 0xFF, 0xFF, 0xFF, 0xFF, 0xFF,
    0xFF, 0xFF, 0xFF, 0xFF, 0xFF, 0xFF, 0xC0, 0x01, 0xFF, 0xAF, 0xF4, 0x00, 0xBF, 0xD7, 0xFF, 0x40,
    0xBF, 0xF0, 0xFF, 0xFF, 0xFF, 0xF4, 0x0F, 0xFF, 0xFF, 0xF8, 0x00, 0xFF, 0xFF, 0xF8, 0x00, 0x06,
    0xFF, 0xE0, 0x00, 0x00, 0x1F, 0xD0, 0x7F, 0x40, 0x00, 0x00, 0xFF, 0xC3, 0xFF, 0x00, 0x00, 0x03,
    0xFF, 0x0F, 0xFC, 0x00, 0x00, 0x07, 0xE0, 0x0F, 0xD0, 0x00, 0x00, 0x00, 0x00, 0x00, 0x00, 0x00,
    0x00, 0x00, 0x00, 0x00, 0x00, 0x00, 0x00, 0x00, 0x00, 0x00, 0x00, 0x00, 0x00, 0x00, 0x00, 0x00,
    0x00, 0x00, 0x1B, 0xFF, 0xE4, 0x00, 0x00, 0x1F, 0xFF, 0xFF, 0xFE, 0x00, 0x02, 0xFF, 0xFF, 0xFF,
    0xFF, 0x40, 0x0F, 0xFF, 0xFF, 0xFF, 0xFF, 0x40, 0x3F, 0xE4, 0x00, 0x1F, 0xFF, 0x00, 0xE4, 0x00,
    0x00, 0x0B, 0xFE, 0x00, 0x00, 0x00, 0x00, 0x0F, 0xFC, 0x00, 0x00, 0x00, 0x00, 0x1F, 0xF4, 0x00,
    0x00, 0x00, 0x00, 0x3F, 0xE0, 0x00, 0x00, 0x00, 0x00, 0xFF, 0xCF, 0xFF, 0xFF, 0xFF, 0xFF, 0xFF,
    0x3F, 0xFF, 0xFF, 0xFF, 0xFF, 0xFC, 0xFF, 0xFF, 0xFF, 0xFF, 0xFF, 0xF3, 0xFF, 0xFF, 0xFF, 0xFF,
    0xFF, 0xCF, 0xFC, 0x00, 0x00, 0x03, 0xFF, 0x2F, 0xF0, 0x00, 0x00, 0x0F, 0xF8, 0x7F, 0xD0, 0x00,
    0x00, 0xBF, 0xD0, 0xFF, 0xC0, 0x00, 0x03, 0xFF, 0x02, 0xFF, 0x40, 0x00, 0x2F, 0xF8, 0x03, 0xFF,
    0x80, 0x07, 0xFF, 0xC0, 0x07, 0xFF, 0xFF, 0xFF, 0xFD, 0x00, 0x0B, 0xFF, 0xFF, 0xFF, 0xD0, 0x00,
    0x07, 0xFF, 0xFF, 0xFC, 0x00, 0x00, 0x01, 0xBF, 0xFE, 0x40, 0x00, 0x03, 0xF0, 0x0F, 0xC0, 0x03,
    0xFF, 0x0F, 0xFC, 0x00, 0xFF, 0xC3, 0xFF, 0x00, 0x3F, 0xF0, 0xFF, 0xC0, 0x03, 0xF0, 0x0F, 0xC0,
    0x00, 0x00, 0x00, 0x00, 0x00, 0x00, 0x00, 0x00, 0x00, 0x1B, 0xFF, 0xE4, 0x00, 0x3F, 0xFF, 0xFF,
    0xD0, 0x0F, 0xFF, 0xFF, 0xFE, 0x03, 0xFF, 0xFF, 0xFF, 0xD0, 0xE4, 0x00, 0x7F, 0xFC, 0x00, 0x00,
    0x03, 0xFF, 0x40, 0x00, 0x00, 0x7F, 0xE0, 0x00, 0x00, 0x0F, 0xFF, 0xFF, 0xFF, 0xFF, 0xFF, 0xFF,
    0xFF, 0xFF, 0xFF, 0xFF, 0xFF, 0xFF, 0xFF, 0xFF, 0xFF, 0xFF, 0xFF, 0xFF, 0xFF, 0x00, 0x07, 0xFE,
    0xBF, 0xD0, 0x02, 0xFF, 0x5F, 0xFD, 0x02, 0xFF, 0xC3, 0xFF, 0xFF, 0xFF, 0xD0, 0x3F, 0xFF, 0xFF,
    0xE0, 0x03, 0xFF, 0xFF, 0xE0, 0x00, 0x1B, 0xFF, 0x80, 0x00, 0x00, 0x00, 0x01, 0xFD, 0x07, 0xF4,
    0x00, 0x00, 0x00, 0x00, 0x00, 0xFF, 0xC3, 0xFF, 0x00, 0x00, 0x00, 0x00, 0x00, 0x3F, 0xF0, 0xFF,
    0xC0, 0x00, 0x00, 0x00, 0x00, 0x02, 0xF4, 0x1F, 0x80, 0x00, 0x00, 0x00, 0x00, 0x00, 0x00, 0x00,
    0x00, 0x00, 0x00, 0x00, 0x00, 0x00, 0x00, 0x00, 0x00, 0x00, 0x00, 0x00, 0x00, 0x00, 0x00, 0x00,
    0x00, 0x00, 0x00, 0x00, 0x7F, 0xF0, 0x00, 0x3F, 0xF0, 0x00, 0x1F, 0xFC, 0x0B, 0xFD, 0x00, 0x0F,
    0xFC, 0x00, 0x0F, 0xFC, 0x00, 0xFF, 0xC0, 0x03, 0xFF, 0x00, 0x0B, 0xFE, 0x00, 0x1F, 0xFC, 0x00,
    0xFF, 0xC0, 0x07, 0xFF, 0x00, 0x02, 0xFF, 0x40, 0x3F, 0xF0, 0x03, 0xFF, 0x00, 0x00, 0x3F, 0xF0,
    0x0F, 0xFC, 0x02, 0xFF, 0x80, 0x00, 0x07, 0xFE, 0x03, 0xFF, 0x01, 0xFF, 0xC0, 0x00, 0x00, 0xBF,
    0xD0, 0xFF, 0xC0, 0xFF, 0xC0, 0x00, 0x00, 0x0F, 0xFC, 0x3F, 0xF0, 0xBF, 0xD0, 0x00, 0x00, 0x01,
    0xFF, 0xFF, 0xFF, 0xFF, 0xF0, 0x00, 0x00, 0x00, 0x2F, 0xFF, 0xFF, 0xFF, 0xF0, 0x00, 0x00, 0x00,
    0x0B, 0xFF, 0xFF, 0xFF, 0xFC, 0x00, 0x00, 0x00, 0x07, 0xFF, 0xFF, 0xFF, 0xFF, 0xC0, 0x00, 0x00,
    0x03, 0xFF, 0x4F, 0xFC, 0x3F, 0xF4, 0x00, 0x00, 0x02, 0xFF, 0x83, 0xFF, 0x07, 0xFF, 0x00, 0x00,
    0x00, 0xFF, 0xC0, 0xFF, 0xC0, 0xFF, 0xE0, 0x00, 0x00, 0xFF, 0xE0, 0x3F, 0xF0, 0x0F, 0xFD, 0x00,
    0x00, 0x7F, 0xF0, 0x0F, 0xFC, 0x02, 0xFF, 0xC0, 0x00, 0x3F, 0xF4, 0x03, 0xFF, 0x00, 0x3F, 0xF8,
    0x00, 0x2F, 0xFC, 0x00, 0xFF, 0xC0, 0x07, 0xFF, 0x00, 0x1F, 0xFC, 0x00, 0x3F, 0xF0, 0x00, 0xFF,
    0xF0, 0x0F, 0xFE, 0x00, 0x0F, 0xFC, 0x00, 0x1F, 0xFD, 0x0B, 0xFF, 0x00, 0x03, 0xFF, 0x00, 0x02,
    0xFF, 0xC3, 0xFF, 0x40, 0x00, 0xFF, 0xC0, 0x00, 0x3F, 0xF8, 0x00, 0x00, 0x0F, 0xC0, 0x7F, 0x00,
    0x00, 0x00, 0x00, 0x03, 0xFF, 0x0F, 0xFC, 0x00, 0x00, 0x00, 0x00, 0x3F, 0xF0, 0xFF, 0xC0, 0x00,
    0x00, 0x00, 0x03, 0xFF, 0x0F, 0xFC, 0x00, 0x00, 0x00, 0x00, 0x0F, 0xC0, 0x7F, 0x00, 0x00, 0x00,
    0x00, 0x00, 0x00, 0x00, 0x00, 0x00, 0x00, 0x00, 0x00, 0x00, 0x00, 0x00, 0x00, 0x00, 0x02, 0xFF,
    0x40, 0x0F, 0xFC, 0x00, 0x3F, 0xF0, 0x0F, 0xFC, 0x00, 0xFF, 0xC0, 0x0B, 0xFD, 0x00, 0x3F, 0xE0,
    0x0F, 0xFC, 0x01, 0xFF, 0x80, 0x02, 0xFF, 0x40, 0xFF, 0xC0, 0x3F, 0xF0, 0x00, 0x0F, 0xFC, 0x0F,
    0xFC, 0x0B, 0xFD, 0x00, 0x00, 0x3F, 0xE0, 0xFF, 0xC1, 0xFF, 0x80, 0x00, 0x02, 0xFF, 0x0F, 0xFC,
    0x3F, 0xF0, 0x00, 0x00, 0x0F, 0xFF, 0xFF, 0xFF, 0xFD, 0x00, 0x00, 0x00, 0x3F, 0xFF, 0xFF, 0xFF,
    0x80, 0x00, 0x00, 0x07, 0xFF, 0xFF, 0xFF, 0xFC, 0x00, 0x00, 0x00, 0xFF, 0xFF, 0xFF, 0xFF, 0xE0,
    0x00, 0x00, 0x2F, 0xF4, 0xFF, 0xC3, 0xFF, 0x00, 0x00, 0x07, 0xFF, 0x0F, 0xFC, 0x2F, 0xFC, 0x00,
    0x00, 0xFF, 0xD0, 0xFF, 0xC0, 0xFF, 0xE0, 0x00, 0x2F, 0xF8, 0x0F, 0xFC, 0x07, 0xFF, 0x00, 0x07,
    0xFF, 0x00, 0xFF, 0xC0, 0x3F, 0xFC, 0x00, 0xFF, 0xE0, 0x0F, 0xFC, 0x00, 0xFF, 0xD0, 0x2F, 0xFC,
    0x00, 0xFF, 0xC0, 0x0B, 0xFF, 0x03, 0xFF, 0x40, 0x0F, 0xFC, 0x00, 0x3F, 0xF8, 0x01, 0xFD, 0x07,
    0xF4, 0x00, 0x3F, 0xF0, 0xFF, 0xC0, 0x03, 0xFF, 0x0F, 0xFC, 0x00, 0x0B, 0xD0, 0x7E, 0x00, 0x00,
    0x00, 0x00, 0x00, 0x00, 0x00, 0x00, 0x00, 0x00, 0x00, 0x00, 0x00, 0x00, 0x00, 0x00, 0x00, 0x00,
    0x00, 0x01, 0xBF, 0xFF, 0x80, 0x02, 0xFF, 0xFF, 0xFF, 0x80, 0x3F, 0xFF, 0xFF, 0xFF, 0x01, 0xFF,
    0xFF, 0xFF, 0xF8, 0x0E, 0x40, 0x07, 0xFF, 0xC0, 0x00, 0x00, 0x0F, 0xFC, 0x00, 0x00, 0x00, 0xFF,
    0xC0, 0x00, 0x00, 0x1F, 0xF8, 0x00, 0x00, 0x0B, 0xFF, 0x00, 0x0F, 0xFF, 0xFF, 0xC0, 0x00, 0xFF,
    0xFF, 0x90, 0x00, 0x0F, 0xFF, 0xFE, 0x00, 0x00, 0xFF, 0xFF, 0xFD, 0x00, 0x00, 0x01, 0xFF, 0xF4,
    0x00, 0x00, 0x02, 0xFF, 0x80, 0x00, 0x00, 0x0F, 0xFC, 0x00, 0x00, 0x00, 0xFF, 0xC0, 0x00, 0x00,
    0x0F, 0xFC, 0x00, 0x00, 0x02, 0xFF, 0xC3, 0xD0, 0x00, 0xBF, 0xF4, 0x3F, 0xFF, 0xFF, 0xFF, 0x03,
    0xFF, 0xFF, 0xFF, 0xC0, 0x3F, 0xFF, 0xFF, 0xE0, 0x00, 0x6F, 0xFF, 0xE0, 0x00, 0x03, 0xF0, 0x1F,
    0xC0, 0x0F, 0xFC, 0x3F, 0xF0, 0x0F, 0xFC, 0x3F, 0xF0, 0x0F, 0xFC, 0x3F, 0xF0, 0x03, 0xF0, 0x1F,
    0xC0, 0x00, 0x00, 0x00, 0x00, 0x00, 0x00, 0x00, 0x00, 0x01, 0xBF, 0xF9, 0x00, 0x3F, 0xFF, 0xFF,
    0xD0, 0x3F, 0xFF, 0xFF, 0xF4, 0x1F, 0xFF, 0xFF, 0xFC, 0x09, 0x00, 0x2F, 0xFC, 0x00, 0x00, 0x0F,
    0xFC, 0x00, 0x00, 0x2F, 0xF8, 0x00, 0xFF, 0xFF, 0xE0, 0x01, 0xFF, 0xFE, 0x40, 0x01, 0xFF, 0xFF,
    0x80, 0x01, 0xFF, 0xFF, 0xF0, 0x00, 0x00, 0x2F, 0xF8, 0x00, 0x00, 0x0F, 0xFC, 0x00, 0x00, 0x0F,
    0xFC, 0x34, 0x00, 0x2F, 0xFC, 0x3F, 0xFF, 0xFF, 0xF8, 0x3F, 0xFF, 0xFF, 0xF0, 0x3F, 0xFF, 0xFF,
    0xC0, 0x06, 0xFF, 0xF9, 0x00, 0x3F, 0xFF, 0xFF, 0xFF, 0xC3, 0xFF, 0xFF, 0xFF, 0xFC, 0x3F, 0xFF,
    0xFF, 0xFF, 0xC3, 0xFF, 0xFF, 0xFF, 0xF4, 0x00, 0x00, 0x2F, 0xFD, 0x00, 0x00, 0x0B, 0xFF, 0x40,
    0x00, 0x02, 0xFF, 0xD0, 0x00, 0x00, 0xFF, 0xF4, 0x00, 0x00, 0x3F, 0xFD, 0x00, 0x00, 0x0F, 0xFF,
    0x40, 0x00, 0x00, 0xFF, 0xFF, 0xE0, 0x00, 0x0F, 0xFF, 0xFF, 0xE0, 0x00, 0xFF, 0xFF, 0xFF, 0x80,
    0x00, 0x16, 0xFF, 0xFD, 0x00, 0x00, 0x00, 0xFF, 0xE0, 0x00, 0x00, 0x07, 0xFF, 0x00, 0x00, 0x00,
    0x3F, 0xF0, 0x00, 0x00, 0x03, 0xFF, 0x40, 0x00, 0x00, 0xBF, 0xFF, 0x90, 0x00, 0x6F, 0xFD, 0xFF,
    0xFF, 0xFF, 0xFF, 0xCF, 0xFF, 0xFF, 0xFF, 0xF0, 0xFF, 0xFF, 0xFF, 0xF8, 0x00, 0x6F, 0xFF, 0xE4,
    0x00, 0x3F, 0xFF, 0xFF, 0xFF, 0xC3, 0xFF, 0xFF, 0xFF, 0xFC, 0x3F, 0xFF, 0xFF, 0xFF, 0xC3, 0xFF,
    0xFF, 0xFF, 0xF8, 0x00, 0x00, 0x1F, 0xFE, 0x00, 0x00, 0x07, 0xFF, 0x80, 0x00, 0x01, 0xFF, 0xD0,
    0x00, 0x00, 0x7F, 0xF4, 0x00, 0x00, 0x1F, 0xFD, 0x00, 0x00, 0x07, 0xFF, 0x00, 0x00, 0x00, 0xFF,
    0xF4, 0x00, 0x00, 0x0F, 0xFF, 0xFD, 0x00, 0x00, 0xFF, 0xFF, 0xF8, 0x00, 0x0F, 0xFF, 0xFF, 0xE0,
    0x00, 0x00, 0x6F, 0xFF, 0x00, 0x00, 0x00, 0x7F, 0xF8, 0x00, 0x00, 0x01, 0xFF, 0xC0, 0x00, 0x00,
    0x0F, 0xFC, 0x00, 0x00, 0x00, 0xFF, 0xC0, 0x00, 0x00, 0x0F, 0xFC, 0x00, 0x00, 0x01, 0xFF, 0xC0,
    0x00, 0x00, 0x3F, 0xF8, 0xB9, 0x00, 0x1F, 0xFF, 0x4B, 0xFF, 0xFF, 0xFF, 0xE0, 0xBF, 0xFF, 0xFF,
    0xFC, 0x07, 0xFF, 0xFF, 0xFE, 0x00, 0x06, 0xFF, 0xF9, 0x00, 0x00, 0x00, 0x3F, 0xFF, 0xFF, 0x00,
    0x00, 0x0F, 0xFF, 0xFF, 0xC0, 0x00, 0x03, 0xFF, 0xFF, 0xF0, 0x00, 0x00, 0xFF, 0xFF, 0xFC, 0x00,
    0x00, 0x00, 0x00, 0x00, 0x00, 0x00, 0x00, 0x00, 0x00, 0x00, 0x0F, 0xFC, 0x00, 0x02, 0xFF, 0xF3,
    0xFF, 0x00, 0x00, 0xFF, 0xFC, 0xFF, 0xC0, 0x00, 0x7F, 0xFF, 0x3F, 0xF0, 0x00, 0x3F, 0xFF, 0xCF,
    0xFC, 0x00, 0x1F, 0xFF, 0xF3, 0xFF, 0x00, 0x0F, 0xFF, 0xFC, 0xFF, 0xC0, 0x07, 0xFB, 0xFF, 0x3F,
    0xF0, 0x03, 0xFC, 0xFF, 0xCF, 0xFC, 0x01, 0xFE, 0x3F, 0xF3, 0xFF, 0x00, 0xFF, 0x0F, 0xFC, 0xFF,
    0xC0, 0x3F, 0x83, 0xFF, 0x3F, 0xF0, 0x2F, 0xC0, 0xFF, 0xCF, 0xFC, 0x0F, 0xE0, 0x3F, 0xF3, 0xFF,
    0x0B, 0xF4, 0x0F, 0xFC, 0xFF, 0xC3, 0xFC, 0x03, 0xFF, 0x3F, 0xF2, 0xFD, 0x00, 0xFF, 0xCF, 0xFC,
    0xFF, 0x00, 0x3F, 0xF3, 0xFF, 0xBF, 0x40, 0x0F, 0xFC, 0xFF, 0xFF, 0xC0, 0x03, 0xFF, 0x3F, 0xFF,
    0xD0, 0x00, 0xFF, 0xCF, 0xFF, 0xF0, 0x00, 0x3F, 0xF3, 0xFF, 0xF8, 0x00, 0x0F, 0xFC, 0xFF, 0xFC,
    0x00, 0x03, 0xFF, 0x3F, 0xFE, 0x00, 0x00, 0xFF, 0xC0, 0x03, 0xFF, 0xFF, 0xF0, 0x00, 0x3F, 0xFF,
    0xFF, 0x00, 0x03, 0xFF, 0xFF, 0xF0, 0x00, 0x3F, 0xFF, 0xFF, 0x00, 0x00, 0x00, 0x00, 0x00, 0x0F,
    0xFC, 0x00, 0x3F, 0xFC, 0xFF, 0xC0, 0x0B, 0xFF, 0xCF, 0xFC, 0x00, 0xFF, 0xFC, 0xFF, 0xC0, 0x2F,
    0xFF, 0xCF, 0xFC, 0x03, 0xFF, 0xFC, 0xFF, 0xC0, 0x7F, 0xFF, 0xCF, 0xFC, 0x0F, 0xFF, 0xFC, 0xFF,
    0xC1, 0xFD, 0xFF, 0xCF, 0xFC, 0x3F, 0xCF, 0xFC, 0xFF, 0xC7, 0xF4, 0xFF, 0xCF, 0xFC, 0xFF, 0x0F,
    0xFC, 0xFF, 0xDF, 0xD0, 0xFF, 0xCF, 0xFF, 0xFC, 0x0F, 0xFC, 0xFF, 0xFF, 0x80, 0xFF, 0xCF, 0xFF,
    0xF0, 0x0F, 0xFC, 0xFF, 0xFE, 0x00, 0xFF, 0xCF, 0xFF, 0xC0, 0x0F, 0xFC, 0xFF, 0xF8, 0x00, 0xFF,
    0xCF, 0xFF, 0x00, 0x0F, 0xFC, 0x00, 0x7F, 0x41, 0xFD, 0x00, 0x00, 0x3F, 0xF0, 0xFF, 0xC0, 0x00,
    0x0F, 0xFC, 0x3F, 0xF0, 0x00, 0x01, 0xF8, 0x02, 0xF4, 0x00, 0x00, 0x00, 0x00, 0x00, 0x00, 0x00,
    0x00, 0x00, 0x00, 0x00, 0x00, 0x00, 0x00, 0x00, 0x00, 0x03, 0xFF, 0x00, 0x00, 0xBF, 0xFC, 0xFF,
    0xC0, 0x00, 0x3F, 0xFF, 0x3F, 0xF0, 0x00, 0x2F, 0xFF, 0xCF, 0xFC, 0x00, 0x0F, 0xFF, 0xF3, 0xFF,
    0x00, 0x07, 0xFF, 0xFC, 0xFF, 0xC0, 0x03, 0xFF, 0xFF, 0x3F, 0xF0, 0x01, 0xFE, 0xFF, 0xCF, 0xFC,
    0x00, 0xFF, 0x3F, 0xF3, 0xFF, 0x00, 0x7F, 0x8F, 0xFC, 0xFF, 0xC0, 0x3F, 0xC3, 0xFF, 0x3F, 0xF0,
    0x1F, 0xE0, 0xFF, 0xCF, 0xFC, 0x0B, 0xF0, 0x3F, 0xF3, 0xFF, 0x03, 0xFC, 0x0F, 0xFC, 0xFF, 0xC2,
    0xFD, 0x03, 0xFF, 0x3F, 0xF0, 0xFF, 0x00, 0xFF, 0xCF, 0xFC, 0xBF, 0x40, 0x3F, 0xF3, 0xFF, 0x3F,
    0xC0, 0x0F, 0xFC, 0xFF, 0xEF, 0xD0, 0x03, 0xFF, 0x3F, 0xFF, 0xF0, 0x00, 0xFF, 0xCF, 0xFF, 0xF8,
    0x00, 0x3F, 0xF3, 0xFF, 0xFC, 0x00, 0x0F, 0xFC, 0xFF, 0xFE, 0x00, 0x03, 0xFF, 0x3F, 0xFF, 0x00,
    0x00, 0xFF, 0xCF, 0xFF, 0x80, 0x00, 0x3F, 0xF0, 0x03, 0xF0, 0x03, 0xF0, 0x00, 0xFF, 0xC0, 0xFF,
    0xC0, 0x0F, 0xFC, 0x0F, 0xFC, 0x00, 0xFF, 0xC0, 0xFF, 0xC0, 0x03, 0xF0, 0x03, 0xF0, 0x00, 0x00,
    0x00, 0x00, 0x00, 0x00, 0x00, 0x00, 0x00, 0x0F, 0xFC, 0x00, 0x3F, 0xFC, 0xFF, 0xC0, 0x07, 0xFF,
    0xCF, 0xFC, 0x00, 0xFF, 0xFC, 0xFF, 0xC0, 0x1F, 0xFF, 0xCF, 0xFC, 0x03, 0xFF, 0xFC, 0xFF, 0xC0,
    0x7F, 0xFF, 0xCF, 0xFC, 0x0F, 0xFB, 0xFC, 0xFF, 0xC1, 0xFD, 0xFF, 0xCF, 0xFC, 0x3F, 0xCF, 0xFC,
    0xFF, 0xC7, 0xF4, 0xFF, 0xCF, 0xFC, 0xFF, 0x0F, 0xFC, 0xFF, 0xDF, 0xD0, 0xFF, 0xCF, 0xFF, 0xFC,
    0x0F, 0xFC, 0xFF, 0xFF, 0x40, 0xFF, 0xCF, 0xFF, 0xF0, 0x0F, 0xFC, 0xFF, 0xFD, 0x00, 0xFF, 0xCF,
    0xFF, 0xC0, 0x0F, 0xFC, 0xFF, 0xF8, 0x00, 0xFF, 0xCF, 0xFF, 0x00, 0x0F, 0xFC, 0x00, 0x1F, 0xD0,
    0x7F, 0x40, 0x00, 0x00, 0xFF, 0xC3, 0xFF, 0x00, 0x00, 0x03, 0xFF, 0x0F, 0xFC, 0x00, 0x00, 0x02,
    0xF4, 0x1F, 0x80, 0x00, 0x00, 0x00, 0x00, 0x00, 0x00, 0x00, 0x00, 0x00, 0x00, 0x00, 0x00, 0x00,
    0x00, 0x00, 0x00, 0x00, 0x00, 0x00, 0x00, 0x00, 0x00, 0x00, 0x00, 0x00, 0x06, 0xFF, 0xF9, 0x00,
    0x00, 0x01, 0xFF, 0xFF, 0xFF, 0x40, 0x00, 0x2F, 0xFF, 0xFF, 0xFF, 0x80, 0x01, 0xFF, 0xFF, 0xFF,
    0xFF, 0x80, 0x0F, 0xFF, 0x40, 0x1F, 0xFF, 0x40, 0xBF, 0xF0, 0x00, 0x0F, 0xFF, 0x03, 0xFF, 0x00,
    0x00, 0x0F, 0xFC, 0x1F, 0xFC, 0x00, 0x00, 0x2F, 0xF8, 0xBF, 0xD0, 0x00, 0x00, 0x7F, 0xE3, 0xFF,
    0x00, 0x00, 0x00, 0xFF, 0xCF, 0xFC, 0x00, 0x00, 0x03, 0xFF, 0x3F, 0xF0, 0x00, 0x00, 0x0F, 0xFC,
    0xFF, 0xC0, 0x00, 0x00, 0x3F, 0xF3, 0xFF, 0x00, 0x00, 0x00, 0xFF, 0xCF, 0xFC, 0x00, 0x00, 0x03,
    0xFF, 0x2F, 0xF4, 0x00, 0x00, 0x1F, 0xF8, 0x7F, 0xF0, 0x00, 0x00, 0xBF, 0xD0, 0xFF, 0xC0, 0x00,
    0x03, 0xFF, 0x02, 0xFF, 0xC0, 0x00, 0x3F, 0xFC, 0x03, 0xFF, 0xD0, 0x07, 0xFF, 0xC0, 0x07, 0xFF,
    0xFF, 0xFF, 0xFE, 0x00, 0x0B, 0xFF, 0xFF, 0xFF, 0xE0, 0x00, 0x07, 0xFF, 0xFF, 0xFD, 0x00, 0x00,
    0x01, 0xBF, 0xFE, 0x40, 0x00, 0x00, 0xFC, 0x07, 0xF0, 0x00, 0x3F, 0xF0, 0xFF, 0xC0, 0x03, 0xFF,
    0x0F, 0xFC, 0x00, 0x3F, 0xF0, 0xFF, 0xC0, 0x00, 0xFC, 0x07, 0xF0, 0x00, 0x00, 0x00, 0x00, 0x00,
    0x00, 0x00, 0x00, 0x00, 0x00, 0x01, 0xBF, 0xE4, 0x00, 0x01, 0xFF, 0xFF, 0xF4, 0x00, 0xBF, 0xFF,
    0xFF, 0xE0, 0x1F, 0xFF, 0xFF, 0xFF, 0x43, 0xFF, 0x80, 0x2F, 0xFC, 0x7F, 0xF0, 0x00, 0xFF, 0xDB,
    0xFD, 0x00, 0x07, 0xFE, 0xFF, 0xC0, 0x00, 0x3F, 0xFF, 0xFC, 0x00, 0x03, 0xFF, 0xFF, 0xC0, 0x00,
    0x3F, 0xFF, 0xFC, 0x00, 0x03, 0xFF, 0xFF, 0xC0, 0x00, 0x3F, 0xFB, 0xFD, 0x00, 0x07, 0xFE, 0x7F,
    0xF0, 0x00, 0xFF, 0xD3, 0xFF, 0xC0, 0x2F, 0xFC, 0x1F, 0xFF, 0xFF, 0xFF, 0x40, 0x7F, 0xFF, 0xFF,
    0xE0, 0x01, 0xFF, 0xFF, 0xF4, 0x00, 0x01, 0xBF, 0xE4, 0x00, 0x00, 0x02, 0xBF, 0xFA, 0x00, 0x00,
    0x00, 0xFF, 0xFF, 0xFF, 0xC0, 0x00, 0x1F, 0xFF, 0xFF, 0xFF, 0xD0, 0x01, 0xFF, 0xFF, 0xFF, 0xFF,
    0xD0, 0x0F, 0xFF, 0x40, 0x07, 0xFF, 0xC0, 0xBF, 0xE0, 0x00, 0x02, 0xFF, 0x83, 0xFF, 0x00, 0x00,
    0x03, 0xFF, 0x1F, 0xF4, 0x00, 0x00, 0x07, 0xFD, 0xBF, 0xC0, 0x00, 0x00, 0x0F, 0xFB, 0xFF, 0xFF,
    0xFF, 0xFF, 0xFF, 0xFF, 0xFF, 0xFF, 0xFF, 0xFF, 0xFF, 0xFF, 0xFF, 0xFF, 0xFF, 0xFF, 0xFF, 0xFF,
    0xFF, 0xFF, 0xFF, 0xFF, 0xFF, 0xFF, 0x00, 0x00, 0x00, 0x3F, 0xFF, 0xFC, 0x00, 0x00, 0x00, 0xFF,
    0xEF, 0xF4, 0x00, 0x00, 0x07, 0xFE, 0x7F, 0xE0, 0x00, 0x00, 0x2F, 0xF4, 0xFF, 0xC0, 0x00, 0x00,
    0xFF, 0xC2, 0xFF, 0xC0, 0x00, 0x0F, 0xFE, 0x03, 0xFF, 0xD0, 0x01, 0xFF, 0xF0, 0x07, 0xFF, 0xFF,
    0xFF, 0xFF, 0x40, 0x07, 0xFF, 0xFF, 0xFF, 0xF4, 0x00, 0x02, 0xFF, 0xFF, 0xFE, 0x00, 0x00, 0x00,
    0xAF, 0xFE, 0x80, 0x00, 0x00, 0x1B, 0xFE, 0x40, 0x00, 0x1F, 0xFF, 0xFF, 0x40, 0x0B, 0xFF, 0xFF,
    0xFD, 0x01, 0xFF, 0xFF, 0xFF, 0xF4, 0x3F, 0xF8, 0x02, 0xFF, 0xC7, 0xFF, 0x00, 0x0F, 0xFD, 0xBF,
    0xD0, 0x00, 0x7F, 0xEF, 0xFF, 0xFF, 0xFF, 0xFF, 0xFF, 0xFF, 0xFF, 0xFF, 0xFF, 0xFF, 0xFF, 0xFF,
    0xFF, 0xFF, 0xFF, 0xFF, 0xFF, 0xFF, 0xFD, 0x00, 0x07, 0xFF, 0xBF, 0xE0, 0x00, 0xBF, 0xE7, 0xFF,
    0x00, 0x0F, 0xFD, 0x3F, 0xFC, 0x03, 0xFF, 0xC1, 0xFF, 0xFF, 0xFF, 0xF4, 0x07, 0xFF, 0xFF, 0xFE,
    0x00, 0x1F, 0xFF, 0xFF, 0x40, 0x00, 0x1B, 0xFE, 0x40, 0x00, 0x00, 0x0F, 0xC0, 0x7F, 0x00, 0x00,
    0x00, 0xFF, 0xC3, 0xFF, 0x00, 0x00, 0x03, 0xFF, 0x0F, 0xFC, 0x00, 0x00, 0x0F, 0xFC, 0x3F, 0xF0,
    0x00, 0x00, 0x0F, 0xC0, 0x7F, 0x00, 0x00, 0x00, 0x00, 0x00, 0x00, 0x00, 0x00, 0x00, 0x00, 0x00,
    0x00, 0x00, 0x00, 0x00, 0x00, 0x00, 0x00, 0x00, 0x00, 0x02, 0xBF, 0xFA, 0x00, 0x00, 0x00, 0xFF,
    0xFF, 0xFF, 0xC0, 0x00, 0x1F, 0xFF, 0xFF, 0xFF, 0xD0, 0x01, 0xFF, 0xFF, 0xFF, 0xFF, 0xD0, 0x0F,
    0xFF, 0x40, 0x07, 0xFF, 0xC0, 0xBF, 0xE0, 0x00, 0x02, 0xFF, 0x83, 0xFF, 0x00, 0x00, 0x03, 0xFF,
    0x1F, 0xF4, 0x00, 0x00, 0x07, 0xFD, 0xBF, 0xC0, 0x00, 0x00, 0x0F, 0xFB, 0xFF, 0xFF, 0xFF, 0xFF,
    0xFF, 0xFF, 0xFF, 0xFF, 0xFF, 0xFF, 0xFF, 0xFF, 0xFF, 0xFF, 0xFF, 0xFF, 0xFF, 0xFF, 0xFF, 0xFF,
    0xFF, 0xFF, 0xFF, 0xFF, 0x00, 0x00, 0x00, 0x3F, 0xFF, 0xFC, 0x00, 0x00, 0x00, 0xFF, 0xEF, 0xF4,
    0x00, 0x00, 0x07, 0xFE, 0x7F, 0xE0, 0x00, 0x00, 0x2F, 0xF4, 0xFF, 0xC0, 0x00, 0x00, 0xFF, 0xC2,
    0xFF, 0xC0, 0x00, 0x0F, 0xFE, 0x03, 0xFF, 0xD0, 0x01, 0xFF, 0xF0, 0x07, 0xFF, 0xFF, 0xFF, 0xFF,
    0x40, 0x07, 0xFF, 0xFF, 0xFF, 0xF4, 0x00, 0x02, 0xFF, 0xFF, 0xFE, 0x00, 0x00, 0x00, 0xAF, 0xFE,
    0x80, 0x00, 0x00, 0xFC, 0x07, 0xF0, 0x00, 0x3F, 0xF0, 0xFF, 0xC0, 0x03, 0xFF, 0x0F, 0xFC, 0x00,
    0x3F, 0xF0, 0xFF, 0xC0, 0x00, 0xFC, 0x07, 0xF0, 0x00, 0x00, 0x00, 0x00, 0x00, 0x00, 0x00, 0x00,
    0x00, 0x00, 0x01, 0xBF, 0xE4, 0x00, 0x01, 0xFF, 0xFF, 0xF4, 0x00, 0xBF, 0xFF, 0xFF, 0xD0, 0x1F,
    0xFF, 0xFF, 0xFF, 0x43, 0xFF, 0x80, 0x3F, 0xFC, 0x7F, 0xF0, 0x00, 0xFF, 0xDB, 0xFD, 0x00, 0x0B,
    0xFE, 0xFF, 0xFF, 0xFF, 0xFF, 0xFF, 0xFF, 0xFF, 0xFF, 0xFF, 0xFF, 0xFF, 0xFF, 0xFF, 0xFF, 0xFF,
    0xFF, 0xFF, 0xFF, 0xFF, 0xD0, 0x00, 0xBF, 0xFB, 0xFE, 0x00, 0x0F, 0xFE, 0x7F, 0xF0, 0x01, 0xFF,
    0xD3, 0xFF, 0xC0, 0x7F, 0xFC, 0x1F, 0xFF, 0xFF, 0xFF, 0x40, 0x7F, 0xFF, 0xFF, 0xE0, 0x01, 0xFF,
    0xFF, 0xF4, 0x00, 0x01, 0xBF, 0xE4, 0x00, 0x07, 0xF4, 0x1F, 0xD0, 0x00, 0x3F, 0xF0, 0xFF, 0xC0,
    0x00, 0xFF, 0xC3, 0xFF, 0x00, 0x00, 0xBD, 0x03, 0xF4, 0x00, 0x00, 0x00, 0x00, 0x00, 0x00, 0x00,
    0x00, 0x00, 0x00, 0x00, 0x00, 0x00, 0x00, 0x00, 0x00, 0x00, 0x00, 0x00, 0x00, 0x02, 0xBF, 0xFE,
    0x00, 0x02, 0xFF, 0xFF, 0xFF, 0xC0, 0x0B, 0xFF, 0xFF, 0xFF, 0xD0, 0x0F, 0xFF, 0xFF, 0xFF, 0xD0,
    0x2E, 0x40, 0x07, 0xFF, 0xC0, 0x00, 0x00, 0x03, 0xFF, 0x80, 0x00, 0x00, 0x03, 0xFF, 0x00, 0x00,
    0x00, 0x0B, 0xFD, 0x00, 0x00, 0x00, 0x1F, 0xF8, 0x0B, 0xFF, 0xFF, 0xFF, 0xF0, 0x2F, 0xFF, 0xFF,
    0xFF, 0xC0, 0xBF, 0xFF, 0xFF, 0xFF, 0x02, 0xFF, 0xFF, 0xFF, 0xFC, 0x00, 0x00, 0x00, 0x3F, 0xF0,
    0x00, 0x00, 0x01, 0xFF, 0xC0, 0x00, 0x00, 0x07, 0xFE, 0x00, 0x00, 0x00, 0x3F, 0xF4, 0x00, 0x00,
    0x01, 0xFF, 0xC0, 0x00, 0x00, 0x0F, 0xFE, 0x2E, 0x40, 0x02, 0xFF, 0xF0, 0xBF, 0xFF, 0xFF, 0xFF,
    0x42, 0xFF, 0xFF, 0xFF, 0xF4, 0x07, 0xFF, 0xFF, 0xFE, 0x00, 0x01, 0xBF, 0xFE, 0x40, 0x00, 0x0F,
    0xC0, 0x3F, 0x00, 0x3F, 0xF0, 0xFF, 0xC0, 0x3F, 0xF0, 0xFF, 0xC0, 0x3F, 0xF0, 0xFF, 0xC0, 0x0F,
    0xC0, 0x3F, 0x00, 0x00, 0x00, 0x00, 0x00, 0x00, 0x00, 0x00, 0x00, 0x0B, 0xFF, 0xE0, 0x00, 0x7F,
    0xFF, 0xFE, 0x00, 0x3F, 0xFF, 0xFF, 0x80, 0x2F, 0xFF, 0xFF, 0xE0, 0x14, 0x01, 0xFF, 0xF0, 0x00,
    0x00, 0x3F, 0xF8, 0x00, 0x00, 0x1F, 0xFC, 0x03, 0xFF, 0xFF, 0xFC, 0x03, 0xFF, 0xFF, 0xFC, 0x03,
    0xFF, 0xFF, 0xFC, 0x03, 0xFF, 0xFF, 0xFC, 0x00, 0x00, 0x0F, 0xFC, 0x00, 0x00, 0x2F, 0xF8, 0x00,
    0x00, 0x3F, 0xF4, 0x64, 0x01, 0xFF, 0xF0, 0xBF, 0xFF, 0xFF, 0xD0, 0xBF, 0xFF, 0xFF, 0x80, 0x7F,
    0xFF, 0xFE, 0x00, 0x1B, 0xFF, 0xD0, 0x00, 0x00, 0x3F, 0xFF, 0xFF, 0x00, 0x00, 0x03, 0xFF, 0xFF,
    0xF0, 0x00, 0x00, 0x3F, 0xFF, 0xFF, 0x00, 0x00, 0x03, 0xFF, 0xFF, 0xF0, 0x00, 0x00, 0x00, 0x00,
    0x00, 0x00, 0x00, 0x00, 0x00, 0x00, 0x00, 0x00, 0xBF, 0xE0, 0x00, 0x00, 0xFF, 0xC3, 0xFF, 0x00,
    0x00, 0x2F, 0xF4, 0x3F, 0xF4, 0x00, 0x03, 0xFF, 0x01, 0xFF, 0x80, 0x00, 0x7F, 0xE0, 0x0F, 0xFC,
    0x00, 0x0B, 0xFC, 0x00, 0x7F, 0xE0, 0x00, 0xFF, 0x80, 0x03, 0xFF, 0x00, 0x1F, 0xF4, 0x00, 0x2F,
    0xF4, 0x03, 0xFF, 0x00, 0x00, 0xFF, 0x80, 0x3F, 0xD0, 0x00, 0x0B, 0xFC, 0x0B, 0xFC, 0x00, 0x00,
    0x3F, 0xE0, 0xFF, 0x80, 0x00, 0x02, 0xFF, 0x1F, 0xF0, 0x00, 0x00, 0x1F, 0xF6, 0xFF, 0x00, 0x00,
    0x00, 0xFF, 0xFF, 0xD0, 0x00, 0x00, 0x07, 0xFF, 0xFC, 0x00, 0x00, 0x00, 0x3F, 0xFF, 0x80, 0x00,
    0x00, 0x01, 0xFF, 0xF0, 0x00, 0x00, 0x00, 0x0F, 0xFE, 0x00, 0x00, 0x00, 0x01, 0xFF, 0xC0, 0x00,
    0x00, 0x00, 0x7F, 0xF8, 0x00, 0x00, 0x0F, 0xFF, 0xFF, 0x00, 0x00, 0x00, 0xFF, 0xFF, 0xC0, 0x00,
    0x00, 0x0F, 0xFF, 0xF0, 0x00, 0x00, 0x00, 0xBF, 0xE4, 0x00, 0x00, 0x00, 0x00, 0x3F, 0xFF, 0xFF,
    0x00, 0x00, 0x3F, 0xFF, 0xFF, 0x00, 0x00, 0x3F, 0xFF, 0xFF, 0x00, 0x00, 0x3F, 0xFF, 0xFF, 0x00,
    0x00, 0x00, 0x00, 0x00, 0x00, 0x3F, 0xF8, 0x00, 0x07, 0xFF, 0x2F, 0xFC, 0x00, 0x0B, 0xFD, 0x0F,
    0xFC, 0x00, 0x0F, 0xFC, 0x0B, 0xFE, 0x00, 0x1F, 0xF8, 0x07, 0xFF, 0x00, 0x2F, 0xF4, 0x03, 0xFF,
    0x00, 0x3F, 0xF0, 0x02, 0xFF, 0x40, 0x3F, 0xE0, 0x00, 0xFF, 0x80, 0xBF, 0xD0, 0x00, 0xFF, 0xC0,
    0xFF, 0xC0, 0x00, 0x7F, 0xD0, 0xFF, 0x80, 0x00, 0x3F, 0xE1, 0xFF, 0x00, 0x00, 0x2F, 0xF2, 0xFF,
    0x00, 0x00, 0x0F, 0xF7, 0xFD, 0x00, 0x00, 0x0F, 0xFB, 0xFC, 0x00, 0x00, 0x07, 0xFF, 0xF8, 0x00,
    0x00, 0x03, 0xFF, 0xF4, 0x00, 0x00, 0x02, 0xFF, 0xF0, 0x00, 0x00, 0x01, 0xFF, 0xE0, 0x00, 0x00,
    0x00, 0xFF, 0xC0, 0x00, 0x00, 0x00, 0xFF, 0xC0, 0x00, 0x00, 0x01, 0xFF, 0x80, 0x00, 0x00, 0x03,
    0xFF, 0x00, 0x00, 0x00, 0x0F, 0xFE, 0x00, 0x00, 0x0F, 0xFF, 0xFC, 0x00, 0x00, 0x0F, 0xFF, 0xF4,
    0x00, 0x00, 0x0F, 0xFF, 0xD0, 0x00, 0x00, 0x0F, 0xFE, 0x00, 0x00, 0x00, 0x00, 0x1F, 0xD0, 0x7F,
    0x40, 0x00, 0x03, 0xFF, 0x0F, 0xFC, 0x00, 0x00, 0x3F, 0xF0, 0xFF, 0xC0, 0x00, 0x00, 0xBD, 0x07,
    0xE0, 0x00, 0x00, 0x00, 0x00, 0x00, 0x00, 0x00, 0x00, 0x00, 0x00, 0x00, 0x00, 0x00, 0x00, 0x00,
    0x00, 0x00, 0x00, 0x00, 0x00, 0x00, 0x00, 0x00, 0xBF, 0xF0, 0x00, 0x00, 0xBF, 0xE3, 0xFF, 0x40,
    0x00, 0x0F, 0xFC, 0x2F, 0xFC, 0x00, 0x01, 0xFF, 0x80, 0xFF, 0xD0, 0x00, 0x2F, 0xF0, 0x0B, 0xFE,
    0x00, 0x03, 0xFF, 0x00, 0x3F, 0xF0, 0x00, 0x7F, 0xD0, 0x02, 0xFF, 0x40, 0x0F, 0xFC, 0x00, 0x0F,
    0xFC, 0x01, 0xFF, 0x40, 0x00, 0xBF, 0xC0, 0x2F, 0xF0, 0x00, 0x03, 0xFE, 0x03, 0xFE, 0x00, 0x00,
    0x2F, 0xF0, 0x7F, 0xC0, 0x00, 0x00, 0xFF, 0x4F, 0xF8, 0x00, 0x00, 0x0B, 0xFC, 0xFF, 0x40, 0x00,
    0x00, 0x3F, 0xFF, 0xF0, 0x00, 0x00, 0x02, 0xFF, 0xFD, 0x00, 0x00, 0x00, 0x0F, 0xFF, 0xC0, 0x00,
    0x00, 0x00, 0xBF, 0xF8, 0x00, 0x00, 0x00, 0x07, 0xFF, 0x00, 0x00, 0x00, 0x00, 0xBF, 0xE0, 0x00,
    0x00, 0x00, 0x2F, 0xFC, 0x00, 0x00, 0x0F, 0xFF, 0xFF, 0x40, 0x00, 0x00, 0xFF, 0xFF, 0xE0, 0x00,
    0x00, 0x0F, 0xFF, 0xF4, 0x00, 0x00, 0x00, 0xBF, 0xF8, 0x00, 0x00, 0x00, 0x00, 0x3F, 0x01, 0xFC,
    0x00, 0x00, 0xFF, 0xC3, 0xFF, 0x00, 0x00, 0xFF, 0xC3, 0xFF, 0x00, 0x00, 0xFF, 0xC3, 0xFF, 0x00,
    0x00, 0x3F, 0x01, 0xFC, 0x00, 0x00, 0x00, 0x00, 0x00, 0x00, 0x00, 0x00, 0x00, 0x00, 0x00, 0x7F,
    0xF0, 0x00, 0x0F, 0xFD, 0x3F, 0xF4, 0x00, 0x0F, 0xFC, 0x2F, 0xFC, 0x00, 0x1F, 0xF8, 0x0F, 0xFC,
    0x00, 0x3F, 0xF4, 0x0F, 0xFD, 0x00, 0x3F, 0xF0, 0x07, 0xFE, 0x00, 0x7F, 0xE0, 0x03, 0xFF, 0x00,
    0xBF, 0xC0, 0x02, 0xFF, 0x40, 0xFF, 0xC0, 0x00, 0xFF, 0x81, 0xFF, 0x80, 0x00, 0xBF, 0xC2, 0xFF,
    0x00, 0x00, 0x7F, 0xC3, 0xFF, 0x00, 0x00, 0x3F, 0xE3, 0xFD, 0x00, 0x00, 0x1F, 0xF7, 0xFC, 0x00,
    0x00, 0x0F, 0xFB, 0xF8, 0x00, 0x00, 0x0B, 0xFF, 0xF4, 0x00, 0x00, 0x07, 0xFF, 0xF0, 0x00, 0x00,
    0x03, 0xFF, 0xE0, 0x00, 0x00, 0x01, 0xFF, 0xC0, 0x00, 0x00, 0x00, 0xFF, 0xC0, 0x00, 0x00, 0x00,
    0xFF, 0x40, 0x00, 0x00, 0x01, 0xFF, 0x00, 0x00, 0x00, 0x03, 0xFE, 0x00, 0x00, 0x00, 0x1F, 0xFC,
    0x00, 0x00, 0x2F, 0xFF, 0xF8, 0x00, 0x00, 0x2F, 0xFF, 0xF0, 0x00, 0x00, 0x2F, 0xFF, 0xC0, 0x00,
    0x00, 0x1F, 0xF9, 0x00, 0x00, 0x00, 0x00, 0x00, 0x3F, 0xF1, 0xFF, 0x80, 0x00, 0x07, 0xFD, 0x3F,
    0xE0, 0x00, 0x00, 0xFF, 0x4B, 0xF8, 0x00, 0x00, 0x3F, 0xC1, 0xFD, 0x00, 0x00, 0x0B, 0xE0, 0x3F,
    0x00, 0x00, 0x00, 0x00, 0x00, 0x00, 0x00, 0x00, 0x00, 0x00, 0x00, 0x00, 0x00, 0x00, 0x00, 0x00,
    0x00, 0x00, 0xBF, 0xF0, 0x00, 0x00, 0xFF, 0xC3, 0xFF, 0x00, 0x00, 0x1F, 0xF8, 0x3F, 0xF8, 0x00,
    0x02, 0xFF, 0x41, 0xFF, 0xC0, 0x00, 0x3F, 0xF0, 0x0F, 0xFD, 0x00, 0x07, 0xFD, 0x00, 0x7F, 0xE0,
    0x00, 0xFF, 0xC0, 0x03, 0xFF, 0x00, 0x0F, 0xF8, 0x00, 0x1F, 0xF8, 0x02, 0xFF, 0x00, 0x00, 0xFF,
    0xC0, 0x3F, 0xE0, 0x00, 0x0B, 0xFD, 0x07, 0xFD, 0x00, 0x00, 0x3F, 0xE0, 0xBF, 0xC0, 0x00, 0x02,
    0xFF, 0x0F, 0xF4, 0x00, 0x00, 0x0F, 0xFA, 0xFF, 0x00, 0x00, 0x00, 0xBF, 0xFF, 0xE0, 0x00, 0x00,
    0x03, 0xFF, 0xFC, 0x00, 0x00, 0x00, 0x3F, 0xFF, 0x80, 0x00, 0x00, 0x01, 0xFF, 0xF4, 0x00, 0x00,
    0x00, 0x0F, 0xFF, 0x00, 0x00, 0x00, 0x00, 0xFF, 0xD0, 0x00, 0x00, 0x00, 0x7F, 0xF8, 0x00, 0x00,
    0x0F, 0xFF, 0xFF, 0x00, 0x00, 0x00, 0xFF, 0xFF, 0xD0, 0x00, 0x00, 0x0F, 0xFF, 0xF4, 0x00, 0x00,
    0x00, 0xBF, 0xE4, 0x00, 0x00, 0x00, 0x00, 0x01, 0xFF, 0x8F, 0xFC, 0x00, 0x03, 0xFE, 0x2F, 0xF0,
    0x00, 0x0B, 0xF8, 0x7F, 0xC0, 0x00, 0x1F, 0xD0, 0xFE, 0x00, 0x00, 0x3F, 0x02, 0xF8, 0x00, 0x00,
    0x00, 0x00, 0x00, 0x00, 0x00, 0x00, 0x00, 0x00, 0x00, 0x3F, 0xF4, 0x00, 0x07, 0xFE, 0x2F, 0xF8,
    0x00, 0x0F, 0xFD, 0x0F, 0xFC, 0x00, 0x0F, 0xFC, 0x0F, 0xFC, 0x00, 0x1F, 0xF8, 0x07, 0xFE, 0x00,
    0x2F, 0xF0, 0x03, 0xFF, 0x00, 0x3F, 0xF0, 0x02, 0xFF, 0x00, 0x7F, 0xD0, 0x01, 0xFF, 0x80, 0xBF,
    0xC0, 0x00, 0xFF, 0xC0, 0xFF, 0xC0, 0x00, 0xBF, 0xC1, 0xFF, 0x40, 0x00, 0x3F, 0xD2, 0xFF, 0x00,
    0x00, 0x3F, 0xF3, 0xFE, 0x00, 0x00, 0x1F, 0xF3, 0xFD, 0x00, 0x00, 0x0F, 0xFB, 0xFC, 0x00, 0x00,
    0x0B, 0xFF, 0xF8, 0x00, 0x00, 0x03, 0xFF, 0xF0, 0x00, 0x00, 0x03, 0xFF, 0xF0, 0x00, 0x00, 0x01,
    0xFF, 0xD0, 0x00, 0x00, 0x00, 0xFF, 0xC0, 0x00, 0x00, 0x00, 0xFF, 0x80, 0x00, 0x00, 0x02, 0xFF,
    0x40, 0x00, 0x00, 0x03, 0xFF, 0x00, 0x00, 0x00, 0x0F, 0xFE, 0x00, 0x00, 0x0F, 0xFF, 0xFC, 0x00,
    0x00, 0x0F, 0xFF, 0xF4, 0x00, 0x00, 0x0F, 0xFF, 0xD0, 0x00, 0x00, 0x0F, 0xFE, 0x00, 0x00, 0x00,
    0x01, 0xFD, 0x07, 0xF4, 0x00, 0x0F, 0xFC, 0x3F, 0xF0, 0x00, 0x3F, 0xF0, 0xFF, 0xC0, 0x00, 0x2F,
    0x41, 0xF8, 0x00, 0x00, 0x00, 0x00, 0x00, 0x00, 0x00, 0x00, 0x00, 0x00, 0x00, 0x00, 0x00, 0x00,
    0x00, 0x3F, 0xF0, 0x00, 0x03, 0xFF, 0xFF, 0xC0, 0x00, 0x0F, 0xFF, 0xFF, 0x00, 0x00, 0x3F, 0xFF,
    0xFC, 0x00, 0x00, 0xFF, 0xFF, 0xF0, 0x00, 0x03, 0xFF, 0xFF, 0xC0, 0x00, 0x0F, 0xFF, 0xFF, 0x00,
    0x00, 0x3F, 0xFF, 0xFC, 0x00, 0x00, 0xFF, 0xFF, 0xF0, 0x00, 0x03, 0xFF, 0xFF, 0xE0, 0x00, 0x0F,
    0xFE, 0xFF, 0xE0, 0x06, 0xFF, 0xF3, 0xFF, 0xFF, 0xFF, 0xFF, 0xCB, 0xFF, 0xFF, 0xFF, 0xFF, 0x07,
    0xFF, 0xFF, 0xFF, 0xFC, 0x01, 0xBF, 0xE9, 0x3F, 0xF0, 0x00, 0x00, 0x00, 0xFF, 0xC0, 0x00, 0x00,
    0x03, 0xFF, 0x00, 0x00, 0x00, 0x0F, 0xFC, 0x00, 0x00, 0x00, 0x3F, 0xF0, 0x00, 0x00, 0x00, 0xFF,
    0xC0, 0x00, 0x00, 0x03, 0xFF, 0x00, 0x00, 0x00, 0x0F, 0xFC, 0x00, 0x00, 0x00, 0x3F, 0xF0, 0x00,
    0x00, 0x00, 0xFF, 0xC0, 0x03, 0xF0, 0x1F, 0xC0, 0x03, 0xFF, 0x0F, 0xFC, 0x00, 0xFF, 0xC3, 0xFF,
    0x00, 0x3F, 0xF0, 0xFF, 0xC0, 0x03, 0xF0, 0x1F, 0xC0, 0x00, 0x00, 0x00, 0x00, 0x00, 0x00, 0x00,
    0x00, 0x03, 0xFF, 0x00, 0x03, 0xFF, 0xFF, 0xC0, 0x00, 0xFF, 0xFF, 0xF0, 0x00, 0x3F, 0xFF, 0xFC,
    0x00, 0x0F, 0xFF, 0xFF, 0x00, 0x03, 0xFF, 0xFF, 0xC0, 0x00, 0xFF, 0xFF, 0xF0, 0x00, 0x3F, 0xFF,
    0xFD, 0x00, 0x0F, 0xFF, 0xFF, 0xD0, 0x1B, 0xFF, 0x7F, 0xFF, 0xFF, 0xFF, 0xCF, 0xFF, 0xFF, 0xFF,
    0xF0, 0xFF, 0xFF, 0xFF, 0xFC, 0x06, 0xFF, 0x93, 0xFF, 0x00, 0x00, 0x00, 0xFF, 0xC0, 0x00, 0x00,
    0x3F, 0xF0, 0x00, 0x00, 0x0F, 0xFC, 0x00, 0x00, 0x03, 0xFF, 0x00, 0x00, 0x00, 0xFF, 0xC0, 0x00,
    0x00, 0x3F, 0xF0, 0xFF, 0xFF, 0xFF, 0xFF, 0xFF, 0xFF, 0xFF, 0xFF, 0xFF, 0xFF, 0xFF, 0xFF, 0xFF,
    0xFF, 0xFF, 0xFF, 0xC0, 0x00, 0x03, 0xFF, 0x00, 0x00, 0x0F, 0xFC, 0x00, 0x00, 0x3F, 0xF0, 0x00,
    0x00, 0xFF, 0xC0, 0x00, 0x03, 0xFF, 0x00, 0x00, 0x0F, 0xFC, 0x00, 0x00, 0x3F, 0xF0, 0x00, 0x00,
    0xFF, 0xC0, 0x00, 0x03, 0xFF, 0x00, 0x00, 0x0F, 0xFC, 0x00, 0x00, 0x3F, 0xF0, 0x00, 0x00, 0xFF,
    0xC0, 0x00, 0x03, 0xFF, 0x00, 0x00, 0x0F, 0xFC, 0x00, 0x00, 0x3F, 0xFF, 0xFC, 0x00, 0xFF, 0xFF,
    0xF0, 0x03, 0xFF, 0xFF, 0xC0, 0x0F, 0xFF, 0xFF, 0x00, 0x3F, 0xFF, 0xFC, 0x00, 0x00, 0x3F, 0xF0,
    0x00, 0x00, 0xFF, 0xC0, 0x00, 0x03, 0xFF, 0x00, 0x00, 0x0F, 0xFC, 0x00, 0x00, 0x3F, 0xF0, 0x00,
    0x00, 0xFF, 0xC0, 0x00, 0x03, 0xFF, 0x00, 0x00, 0xFF, 0xFF, 0xFF, 0xBF, 0xFF, 0xFF, 0xEF, 0xFF,
    0xFF, 0xFB, 0xFF, 0xFF, 0xFD, 0xFF, 0xC0, 0x00, 0x3F, 0xF0, 0x00, 0x0F, 0xFC, 0x00, 0x03, 0xFF,
    0x00, 0x00, 0xFF, 0xC0, 0x00, 0x3F, 0xF0, 0x00, 0x0F, 0xFC, 0x00, 0x03, 0xFF, 0x00, 0x00, 0xFF,
    0xC0, 0x00, 0x3F, 0xF0, 0x00, 0x0F, 0xFC, 0x00, 0x03, 0xFF, 0xFF, 0xC0, 0xFF, 0xFF, 0xF0, 0x3F,
    0xFF, 0xFC, 0x0F, 0xFF, 0xFF, 0x00, 0x00, 0xFF, 0xC0, 0x00, 0x3F, 0xF0, 0x00, 0x0F, 0xFC, 0x00,
    0x03, 0xFF, 0x00, 0x00, 0xFF, 0xC0, 0x00, 0x3F, 0xF0, 0x00, 0x00, 0x07, 0xF4, 0x1F, 0xD0, 0x00,
    0x00, 0x03, 0xFF, 0x0F, 0xFC, 0x00, 0x00, 0x00, 0xFF, 0xC3, 0xFF, 0x00, 0x00, 0x00, 0x0B, 0xD0,
    0x7E, 0x00, 0x00, 0x00, 0x00, 0x00, 0x00, 0x00, 0x00, 0x00, 0x00, 0x00, 0x00, 0x00, 0x00, 0x00,
    0x00, 0x00, 0x00, 0x00, 0x00, 0x03, 0xFF, 0x00, 0x00, 0x00, 0x03, 0xFF, 0xFF, 0xC0, 0x00, 0x00,
    0x00, 0xFF, 0xFF, 0xF0, 0x00, 0x00, 0x00, 0x3F, 0xFF, 0xFC, 0x00, 0x00, 0x00, 0x0F, 0xFF, 0xFF,
    0x00, 0x00, 0x00, 0x03, 0xFF, 0xFF, 0xC0, 0x00, 0x00, 0x00, 0xFF, 0xFF, 0xF0, 0x00, 0x00, 0x00,
    0x3F, 0xFF, 0xFC, 0x00, 0x00, 0x00, 0x0F, 0xFF, 0xFF, 0xFF, 0xE4, 0x00, 0x03, 0xFF, 0xFF, 0xFF,
    0xFF, 0xE0, 0x00, 0xFF, 0xFF, 0xFF, 0xFF, 0xFF, 0x00, 0x3F, 0xFF, 0xFF, 0xFF, 0xFF, 0xF0, 0x0F,
    0xFF, 0xFF, 0x00, 0x6F, 0xFD, 0x03, 0xFF, 0xFF, 0xC0, 0x02, 0xFF, 0x80, 0xFF, 0xFF, 0xF0, 0x00,
    0x7F, 0xF0, 0x3F, 0xFF, 0xFC, 0x00, 0x0F, 0xFC, 0x0F, 0xFF, 0xFF, 0x00, 0x03, 0xFF, 0x03, 0xFF,
    0xFF, 0xC0, 0x01, 0xFF, 0xC0, 0xFF, 0xFF, 0xF0, 0x00, 0xBF, 0xE0, 0x3F, 0xFF, 0xFC, 0x00, 0xBF,
    0xF4, 0x0F, 0xFF, 0xFF, 0xFF, 0xFF, 0xFC, 0x03, 0xFF, 0xFF, 0xFF, 0xFF, 0xFC, 0x00, 0xFF, 0xFF,
    0xFF, 0xFF, 0xFC, 0x00, 0x3F, 0xFF, 0xFF, 0xFF, 0xE0, 0x00, 0x0F, 0xFC, 0x00, 0x0F, 0xC0, 0x0F,
    0xC0, 0x00, 0x00, 0x3F, 0xF0, 0x3F, 0xF0, 0x00, 0x00, 0x3F, 0xF0, 0x3F, 0xF0, 0x00, 0x00, 0x3F,
    0xF0, 0x3F, 0xF0, 0x00, 0x00, 0x0F, 0xC0, 0x0F, 0xC0, 0x00, 0x00, 0x00, 0x00, 0x00, 0x00, 0x00,
    0x00, 0x00, 0x00, 0x00, 0x00, 0x00, 0xFF, 0xC0, 0x00, 0x00, 0x0F, 0xFC, 0xFF, 0xC0, 0x00, 0x00,
    0x0F, 0xFC, 0xFF, 0xC0, 0x00, 0x00, 0x0F, 0xFC, 0xFF, 0xC0, 0x00, 0x00, 0x0F, 0xFC, 0xFF, 0xC0,
    0x00, 0x00, 0x0F, 0xFC, 0xFF, 0xC0, 0x00, 0x00, 0x0F, 0xFC, 0xFF, 0xFF, 0xE8, 0x00, 0x0F, 0xFC,
    0xFF, 0xFF, 0xFF, 0x80, 0x0F, 0xFC, 0xFF, 0xFF, 0xFF, 0xF0, 0x0F, 0xFC, 0xFF, 0xFF, 0xFF, 0xF4,
    0x0F, 0xFC, 0xFF, 0xC0, 0x3F, 0xFC, 0x0F, 0xFC, 0xFF, 0xC0, 0x0F, 0xFC, 0x0F, 0xFC, 0xFF, 0xC0,
    0x0F, 0xFC, 0x0F, 0xFC, 0xFF, 0xC0, 0x0F, 0xFC, 0x0F, 0xFC, 0xFF, 0xC0, 0x3F, 0xFC, 0x0F, 0xFC,
    0xFF, 0xFF, 0xFF, 0xF4, 0x0F, 0xFC, 0xFF, 0xFF, 0xFF, 0xF0, 0x0F, 0xFC, 0xFF, 0xFF, 0xFF, 0xC0,
    0x0F, 0xFC, 0xFF, 0xFF, 0xF9, 0x00, 0x0F, 0xFC, 0x0F, 0xFF, 0xFF, 0xFF, 0xC3, 0xFF, 0xFF, 0xFF,
    0xF0, 0xFF, 0xFF, 0xFF, 0xFC, 0x3F, 0xFF, 0xFF, 0xFF, 0x0F, 0xFC, 0x00, 0x00, 0x03, 0xFF, 0x00,
    0x00, 0x00, 0xFF, 0xC0, 0x00, 0x00, 0x3F, 0xF0, 0x00, 0x00, 0x0F, 0xFC, 0x00, 0x00, 0x03, 0xFF,
    0x00, 0x00, 0x0F, 0xFF, 0xFF, 0xFF, 0x03, 0xFF, 0xFF, 0xFF, 0xC0, 0xFF, 0xFF, 0xFF, 0xF0, 0x3F,
    0xFF, 0xFF, 0xFC, 0x00, 0xFF, 0xC0, 0x00, 0x00, 0x3F, 0xF0, 0x00, 0x00, 0x0F, 0xFC, 0x00, 0x00,
    0x03, 0xFF, 0x00, 0x00, 0x00, 0xFF, 0xC0, 0x00, 0x00, 0x3F, 0xF0, 0x00, 0x00, 0x0F, 0xFF, 0xFF,
    0x00, 0x03, 0xFF, 0xFF, 0xC0, 0x00, 0xFF, 0xFF, 0xF0, 0x00, 0x3F, 0xFF, 0xFC, 0x00, 0x00, 0x03,
    0xFF, 0x00, 0x00, 0x00, 0xFF, 0xC0, 0x00, 0x00, 0x3F, 0xF0, 0x00, 0x00, 0x1F, 0xFC, 0x00, 0x02,
    0xFF, 0xFE, 0x00, 0x00, 0xBF, 0xFF, 0x40, 0x00, 0x2F, 0xFF, 0x40, 0x00, 0x07, 0xFE, 0x40, 0x00,
    0x0F, 0xFF, 0xFF, 0xFE, 0x0F, 0xFF, 0xFF, 0xFE, 0x0F, 0xFF, 0xFF, 0xFE, 0x0F, 0xFF, 0xFF, 0xFD,
    0x0F, 0xFC, 0x00, 0x00, 0x0F, 0xFC, 0x00, 0x00, 0x0F, 0xFC, 0x00, 0x00, 0x0F, 0xFC, 0x00, 0x00,
    0xFF, 0xFF, 0xFF, 0xC0, 0xFF, 0xFF, 0xFF, 0xC0, 0xFF, 0xFF, 0xFF, 0xC0, 0xFF, 0xFF, 0xFF, 0xC0,
    0x0F, 0xFC, 0x00, 0x00, 0x0F, 0xFC, 0x00, 0x00, 0x0F, 0xFC, 0x00, 0x00, 0x0F, 0xFF, 0xA8, 0x00,
    0x0F, 0xFF, 0xFC, 0x00, 0x0F, 0xFF, 0xFC, 0x00, 0x0F, 0xFF, 0xFC, 0x00, 0x00, 0x03, 0xFC, 0x00,
    0x00, 0x03, 0xFC, 0x00, 0x00, 0x03, 0xFC, 0x00, 0x00, 0x07, 0xFC, 0x00, 0x01, 0xFF, 0xFC, 0x00,
    0x01, 0xFF, 0xF4, 0x00, 0x01, 0xFF, 0xF0, 0x00, 0x00, 0xFF, 0x80, 0x00, 0x3F, 0xF8, 0x00, 0x00,
    0xFF, 0xE0, 0x07, 0xFF, 0x40, 0x00, 0xFF, 0xF0, 0x00, 0xBF, 0xF0, 0x00, 0x7F, 0xF4, 0x00, 0x0F,
    0xFD, 0x00, 0x3F, 0xF8, 0x00, 0x01, 0xFF, 0xC0, 0x2F, 0xFC, 0x00, 0x00, 0x2F, 0xF8, 0x0F, 0xFD,
    0x00, 0x00, 0x03, 0xFF, 0x4B, 0xFF, 0x00, 0x00, 0x00, 0x7F, 0xF7, 0xFF, 0x00, 0x00, 0x00, 0x0F,
    0xFF, 0xFF, 0x80, 0x00, 0x00, 0x00, 0xFF, 0xFF, 0xC0, 0x00, 0x00, 0x00, 0x2F, 0xFF, 0xD0, 0x00,
    0x00, 0x00, 0x03, 0xFF, 0xE0, 0x00, 0x00, 0x00, 0x01, 0xFF, 0xF8, 0x00, 0x00, 0x00, 0x00, 0xFF,
    0xFF, 0x40, 0x00, 0x00, 0x00, 0xBF, 0xFF, 0xF0, 0x00, 0x00, 0x00, 0x7F, 0xFF, 0xFE, 0x00, 0x00,
    0x00, 0x3F, 0xF8, 0xFF, 0xD0, 0x00, 0x00, 0x2F, 0xFC, 0x1F, 0xFC, 0x00, 0x00, 0x0F, 0xFD, 0x03,
    0xFF, 0x80, 0x00, 0x0F, 0xFE, 0x00, 0x3F, 0xF9, 0x54, 0x07, 0xFF, 0x00, 0x0B, 0xFF, 0xFF, 0x03,
    0xFF, 0x40, 0x00, 0xFF, 0xFF, 0xC3, 0xFF, 0xC0, 0x00, 0x1F, 0xFF, 0xF1, 0xFF, 0xD0, 0x00, 0x03,
    0xFF, 0xFC, 0x00, 0x00, 0x00, 0x00, 0x03, 0xFF, 0x00, 0x00, 0x00, 0x00, 0x00, 0xFF, 0xC0, 0x00,
    0x00, 0x00, 0x00, 0x3F, 0xF0, 0x00, 0x00, 0x00, 0x00, 0x2F, 0xFC, 0x00, 0x00, 0x00, 0x03, 0xFF,
    0xFE, 0x00, 0x00, 0x00, 0x00, 0xFF, 0xFF, 0x00, 0x00, 0x00, 0x00, 0x3F, 0xFF, 0x40, 0x00, 0x00,
    0x00, 0x0B, 0xFE, 0x00, 0x2F, 0xFC, 0x00, 0x2F, 0xFC, 0x03, 0xFF, 0x80, 0x0F, 0xFE, 0x00, 0x7F,
    0xF0, 0x0B, 0xFF, 0x00, 0x0F, 0xFE, 0x07, 0xFF, 0x00, 0x00, 0xFF, 0xC3, 0xFF, 0x80, 0x00, 0x2F,
    0xFE, 0xFF, 0xC0, 0x00, 0x03, 0xFF, 0xFF, 0xD0, 0x00, 0x00, 0x7F, 0xFF, 0xE0, 0x00, 0x00, 0x0B,
    0xFF, 0xF0, 0x00, 0x00, 0x01, 0xFF, 0xF8, 0x00, 0x00, 0x00, 0xFF, 0xFF, 0x00, 0x00, 0x00, 0xBF,
    0xFF, 0xF0, 0x00, 0x00, 0x3F, 0xFF, 0xFE, 0x00, 0x00, 0x3F, 0xF9, 0xFF, 0xD0, 0x00, 0x1F, 0xFC,
    0x2F, 0xFC, 0x00, 0x0F, 0xFD, 0x03, 0xFF, 0xFF, 0x0B, 0xFF, 0x00, 0x7F, 0xFF, 0xC7, 0xFF, 0x00,
    0x0F, 0xFF, 0xF3, 0xFF, 0x80, 0x01, 0xFF, 0xFC, 0x00, 0x00, 0x00, 0x00, 0xFF, 0x00, 0x00, 0x00,
    0x00, 0x3F, 0xC0, 0x00, 0x00, 0x00, 0x0F, 0xF0, 0x00, 0x00, 0x00, 0x07, 0xFC, 0x00, 0x00, 0x00,
    0xBF, 0xFF, 0x00, 0x00, 0x00, 0x2F, 0xFF, 0x40, 0x00, 0x00, 0x0B, 0xFF, 0xC0, 0x00, 0x00, 0x01,
    0xFF, 0x80, 0x3F, 0xFC, 0x00, 0x00, 0xFF, 0xF0, 0x7F, 0xF4, 0x00, 0x07, 0xFF, 0x40, 0xBF, 0xF0,
    0x00, 0x3F, 0xF8, 0x00, 0xFF, 0xE0, 0x02, 0xFF, 0xC0, 0x01, 0xFF, 0xC0, 0x0F, 0xFD, 0x00, 0x03,
    0xFF, 0x80, 0xBF, 0xF0, 0x00, 0x03, 0xFF, 0x47, 0xFF, 0x40, 0x00, 0x0B, 0xFF, 0x3F, 0xF8, 0x00,
    0x00, 0x0F, 0xFF, 0xFF, 0xC0, 0x00, 0x00, 0x1F, 0xFF, 0xFD, 0x00, 0x00, 0xFF, 0xFF, 0xFF, 0xFF,
    0xFC, 0x03, 0xFF, 0xFF, 0xFF, 0xFF, 0xF0, 0x0F, 0xFF, 0xFF, 0xFF, 0xFF, 0xC0, 0x3F, 0xFF, 0xFF,
    0xFF, 0xFF, 0x00, 0x00, 0xBF, 0xFF, 0xF4, 0x00, 0x00, 0x03, 0xFF, 0xFF, 0xF0, 0x00, 0x00, 0x3F,
    0xFC, 0xFF, 0xE0, 0x00, 0x01, 0xFF, 0xC1, 0xFF, 0xD0, 0x00, 0x0F, 0xFE, 0x02, 0xFF, 0xC0, 0x00,
    0xFF, 0xF0, 0x03, 0xFF, 0x80, 0x07, 0xFF, 0x40, 0x07, 0xFF, 0x40, 0x3F, 0xF8, 0x00, 0x0B, 0xFF,
    0x03, 0xFF, 0xC0, 0x00, 0x0F, 0xFF, 0x1F, 0xFD, 0x00, 0x00, 0x1F, 0xFD, 0x3F, 0xF8, 0x00, 0x2F,
    0xFC, 0x1F, 0xFD, 0x00, 0x3F, 0xF4, 0x0B, 0xFF, 0x00, 0xFF, 0xE0, 0x03, 0xFF, 0x41, 0xFF, 0xC0,
    0x02, 0xFF, 0xC3, 0xFF, 0x80, 0x00, 0xFF, 0xD7, 0xFF, 0x00, 0x00, 0x7F, 0xFF, 0xFD, 0x00, 0x00,
    0x3F, 0xFF, 0xFC, 0x00, 0x0F, 0xFF, 0xFF, 0xFF, 0xF0, 0x0F, 0xFF, 0xFF, 0xFF, 0xF0, 0x0F, 0xFF,
    0xFF, 0xFF, 0xF0, 0x0F, 0xFF, 0xFF, 0xFF, 0xF0, 0x00, 0x3F, 0xFF, 0xFC, 0x00, 0x00, 0xBF, 0xEB,
    0xFE, 0x00, 0x01, 0xFF, 0xC3, 0xFF, 0x40, 0x03, 0xFF, 0x41, 0xFF, 0xC0, 0x0F, 0xFE, 0x00, 0xBF,
    0xF0, 0x1F, 0xFC, 0x00, 0x3F, 0xF4, 0x3F, 0xF4, 0x00, 0x1F, 0xFC, 0x00, 0x90, 0x00, 0x2D, 0x00,
    0x02, 0xD0, 0xFF, 0xFC, 0x30, 0x2D, 0x0C, 0x1D, 0x03, 0x0D, 0x00, 0xC0, 0x00, 0x30, 0x00, 0x0C,
    0x00, 0x03, 0x00, 0x00, 0xC0, 0x00, 0x30, 0x00, 0x0C, 0x00, 0x03, 0x00, 0x00, 0xC0, 0x00, 0x30,
    0x00, 0x0C, 0x00, 0x03, 0x00, 0x00, 0xC0, 0x00, 0x30, 0x00, 0x0C, 0x00, 0x03, 0x00, 0x00, 0xC0,
    0x00, 0x30, 0x00, 0x0C, 0x00, 0x03, 0x00, 0x00, 0xC0, 0x00, 0x00, 0x00, 0x00, 0x01, 0x80, 0x07,
    0x40, 0x1D, 0x00, 0x7F, 0xFF, 0x2D, 0x07, 0x0B, 0x03, 0x02, 0x83, 0x00, 0x03, 0x00, 0x03, 0x00,
    0x03, 0x00, 0x03, 0x00, 0x03, 0x00, 0x03, 0x00, 0x03, 0x00, 0x03, 0x00, 0x03, 0x00, 0x03, 0x00,
    0x03, 0x00, 0x03, 0x00, 0x03, 0x00, 0x03, 0x00, 0x03, 0x00, 0x03, 0x00, 0x03, 0x00, 0x03, 0x00,
    0x03, 0x00, 0x03, 0x00, 0x03, 0x00, 0x00, 0xFF, 0xFF, 0xFF, 0xFF, 0xFF, 0xFF, 0xFF, 0xFF, 0xFF,
    0xFF, 0xFF, 0xFF, 0xFF, 0xFF, 0xFF, 0xFF, 0xFF, 0xFF, 0xFF, 0xFF, 0xFF, 0xFF, 0xFF, 0xFF, 0xFF,
    0xFF, 0xFF, 0xFF, 0xFF, 0xFF, 0xFF, 0xFF, 0xFF, 0xFF, 0xFF, 0xFF, 0xFF, 0xFF, 0xFF, 0xFF, 0xFF,
    0xFF, 0xFF, 0xFF, 0xFF, 0xFF, 0xFF, 0xFF, 0xFF, 0xFF, 0xFF, 0xFF, 0xFF, 0xFF, 0xFF, 0xFF, 0xFF,
    0xFF, 0xFF, 0xFF, 0xFF, 0xFF, 0xFF, 0xFF, 0xFF, 0xFF, 0xFF, 0xFF, 0xFF, 0xFF, 0xFF, 0xFF, 0xFF,
    0xFF, 0xFF, 0xFF, 0xFF, 0xFF, 0xFF, 0xFF, 0xFF, 0xFF, 0xFF, 0xFF, 0xFF, 0xFF, 0xFF, 0xFF, 0xFF,
    0xFF, 0xFF, 0xFF, 0xFF, 0xFF, 0xFF, 0xFF, 0xFF, 0xFF, 0xFF, 0xFF, 0xFF, 0xFF, 0xFF, 0xFF, 0xFF,
    0xFF, 0xFF, 0xFF, 0xFF, 0xFF, 0xFF, 0xFF, 0x00, 0xFF, 0xFF, 0x00, 0xFF, 0xFF, 0x00, 0xFF, 0xFF,
    0x00, 0xFF, 0xFF, 0x00, 0xFF, 0xFF, 0x00, 0xFF, 0xFF, 0x00, 0xFF, 0xFF, 0x00, 0xFF, 0xFF, 0x00,
    0xFF, 0xFF, 0x00, 0xFF, 0xFF, 0x00, 0xFF, 0xFF, 0x00, 0xFF, 0xFF, 0x00, 0xFF, 0xFF, 0x00, 0xFF,
    0xFF, 0x00, 0xFF, 0xFF, 0x00, 0xFF, 0xFF, 0x00, 0xFF, 0xFF, 0x00, 0xFF, 0xFF, 0x00, 0xFF, 0xFF,
    0x00, 0xFF, 0xFF, 0x00, 0xFF, 0xFF, 0x00, 0xFF, 0xFF, 0x00, 0xFF, 0xFF, 0x00, 0xFF, 0xFF, 0x00,
    0xFF, 0xFF, 0x00, 0xFF, 0xFF, 0x00, 0xFF, 0xFF, 0x00, 0xFF, 0xFF, 0x00, 0xFF, 0xFF, 0x00, 0xFF,
    0xFF, 0x00, 0xFF, 0xFF, 0x00, 0xFF, 0xFF, 0x00, 0xFF, 0xFF, 0x00, 0xFF, 0xFF, 0xFF, 0xFF, 0xFF,
    0xFF, 0xFF, 0xFF, 0x00, 0x00, 0x00, 0x00, 0x00, 0x00, 0x00, 0x00, 0x00, 0x00, 0x0F, 0xFF, 0xFF,
    0xFF, 0xFF, 0xFF, 0xFF, 0xF0, 0x03, 0xF8, 0x1F, 0xD0, 0xFF, 0x43, 0xFC, 0x2F, 0xF0, 0xFF, 0x87,
    0xFD, 0x1F, 0xF4, 0x0F, 0xF8, 0x3F, 0xD1, 0xFF, 0x0B, 0xFC, 0x3F, 0xD0, 0xFF, 0x07, 0xF8, 0x1F,
    0xC0, 0x0B, 0xFC, 0x0F, 0xFC, 0x0F, 0xF8, 0x0F, 0xF4, 0x1F, 0xF0, 0x2F, 0xE0, 0x3F, 0xC0, 0x3F,
    0x80, 0x7F, 0xD1, 0xFF, 0x43, 0xFE, 0x0B, 0xFC, 0x0F, 0xF0, 0x3F, 0xD0, 0x7F, 0x40, 0xFE, 0x03,
    0xF8, 0x07, 0xF4, 0x1F, 0xD0, 0x3F, 0xC0, 0xFF, 0x40, 0xFF, 0x03, 0xFC, 0x0B, 0xF8, 0x2F, 0xF0,
    0x3F, 0xD0, 0xFF, 0x81, 0xFF, 0x07, 0xFD, 0x0B, 0xFC, 0x1F, 0xF4, 0x3F, 0xF0, 0x0F, 0xF8, 0x1F,
    0xF4, 0x3F, 0xD0, 0xBF, 0xC1, 0xFF, 0x03, 0xFF, 0x0B, 0xFC, 0x0F, 0xF4, 0x3F, 0xD0, 0x3F, 0xC0,
    0xFF, 0x01, 0xFE, 0x07, 0xF8, 0x0B, 0xF0, 0x1F, 0xC0, 0x3F, 0xC0, 0x1F, 0xF4, 0x3F, 0xF0, 0xBF,
    0xC0, 0xFF, 0x83, 0xFF, 0x03, 0xFD, 0x0F, 0xF4, 0x1F, 0xF0, 0x3F, 0xC0, 0xBF, 0x81, 0xFE, 0x03,
    0xFD, 0x0B, 0xF4, 0x0F, 0xF0, 0x3F, 0xC0, 0x7F, 0x40, 0x7F, 0xD0, 0xFF, 0xC1, 0xFF, 0x42, 0xFF,
    0x03, 0xFE, 0x07, 0xFC, 0x0B, 0xFC, 0x0F, 0xF4, 0x0F, 0xF0, 0x2F, 0xE0, 0x3F, 0xD0, 0x3F, 0xC0,
    0x7F, 0x40, 0xFF, 0x00, 0xFE, 0x01, 0xFD, 0x00, 0x7F, 0xD0, 0x00, 0x03, 0xFC, 0x00, 0x00, 0x3F,
    0xC0, 0x00, 0x03, 0xFC, 0x00, 0x00, 0x3F, 0xC0, 0x00, 0x02, 0xF8, 0x00, 0x54, 0x2F, 0x81, 0x5B,
    0xFF, 0xFF, 0xFE, 0xBF, 0xFF, 0xFF, 0xEB, 0xFF, 0xFF, 0xFE, 0x54, 0x3F, 0xC1, 0x50, 0x03, 0xFC,
    0x00, 0x00, 0x3F, 0xC0, 0x00, 0x03, 0xFC, 0x00, 0x00, 0x3F, 0xC0, 0x00, 0x03, 0xFC, 0x00, 0x00,
    0x3F, 0xC0, 0x00, 0x03, 0xFC, 0x00, 0x00, 0x3F, 0xC0, 0x00, 0x03, 0xFC, 0x00, 0x00, 0x3F, 0xC0,
    0x00, 0x03, 0xFC, 0x00, 0x00, 0x3F, 0xC0, 0x00, 0x03, 0xFC, 0x00, 0x00, 0x3F, 0xC0, 0x00, 0x03,
    0xFC, 0x00, 0x00, 0x7F, 0xD0, 0x00, 0x03, 0xFC, 0x00, 0x00, 0x3F, 0xC0, 0x00, 0x03, 0xFC, 0x00,
    0x00, 0x2F, 0x80, 0x00, 0x02, 0xF8, 0x00, 0xFF, 0xFF, 0xFF, 0xFF, 0xFF, 0xFF, 0xFF, 0xFF, 0xFF,
    0xFF, 0xFE, 0xA6, 0xF9, 0xAB, 0x00, 0x2F, 0x80, 0x00, 0x03, 0xFC, 0x00, 0x00, 0x3F, 0xC0, 0x00,
    0x03, 0xFC, 0x00, 0x00, 0x3F, 0xC0, 0x00, 0x02, 0xF8, 0x00, 0xEA, 0x6F, 0x9A, 0xBF, 0xFF, 0xFF,
    0xFF, 0xFF, 0xFF, 0xFF, 0xFF, 0xFF, 0xFF, 0xFF, 0x00, 0x2F, 0x80, 0x00, 0x02, 0xF8, 0x00, 0x00,
    0x3F, 0xC0, 0x00, 0x03, 0xFC, 0x00, 0x00, 0x3F, 0xC0, 0x00, 0x07, 0xFD, 0x00, 0x0B, 0xF8, 0x0F,
    0xFF, 0xC7, 0xFF, 0xF7, 0xFF, 0xFF, 0xFF, 0xFF, 0xFF, 0xFF, 0xFF, 0xFF, 0xFF, 0xFF, 0xFF, 0x7F,
    0xFF, 0x4F, 0xFF, 0xC0, 0xBF, 0x80, 0x00, 0x00, 0x03, 0x00, 0x00, 0x0F, 0x80, 0x00, 0x3F, 0xD0,
    0x00, 0xFF, 0xE0, 0x03, 0xFF, 0xF8, 0x0F, 0xFF, 0xFD, 0x3F, 0xFF, 0xFC, 0xFF, 0xFF, 0x43, 0xFF,
    0xE0, 0x0F, 0xFD, 0x00, 0x3F, 0x40, 0x00, 0xE0, 0x00, 0x01, 0x00, 0x00, 0x00, 0x2F, 0x8B, 0xFE,
    0xFF, 0xFF, 0xFF, 0xBF, 0xE2, 0xF8, 0x2F, 0x80, 0x02, 0xF8, 0xBF, 0xE0, 0x0B, 0xFE, 0xFF, 0xF0,
    0x0F, 0xFF, 0xFF, 0xF0, 0x0F, 0xFF, 0xBF, 0xE0, 0x0B, 0xFE, 0x2F, 0x80, 0x02, 0xF8, 0x2F, 0x80,
    0x0B, 0xE0, 0x02, 0xF8, 0xBF, 0xE0, 0x2F, 0xF8, 0x0B, 0xFE, 0xFF, 0xF0, 0x3F, 0xFC, 0x0F, 0xFF,
    0xFF, 0xF0, 0x3F, 0xFC, 0x0F, 0xFF, 0xBF, 0xE0, 0x2F, 0xF8, 0x0B, 0xFE, 0x2F, 0x80, 0x0B, 0xE0,
    0x02, 0xF8, 0x2F, 0x8B, 0xFE, 0xFF, 0xFF, 0xFF, 0xBF, 0xE2, 0xF8, 0x3F, 0xFF, 0x4C, 0x00, 0x03,
    0x00, 0x00, 0xC0, 0x00, 0x30, 0x00, 0x0C, 0x00, 0x03, 0x00, 0x00, 0xC0, 0x00, 0x30, 0x00, 0x0C,
    0x00, 0x03, 0x00, 0x00, 0xC0, 0x00, 0x30, 0x00, 0x0C, 0x00, 0x03, 0x00, 0x00, 0xC0, 0x00, 0x30,
    0x00, 0x0C, 0x00, 0x03, 0x00, 0x00, 0xC0, 0x00, 0x30, 0x00, 0x0C, 0x00, 0x03, 0x00, 0x00, 0xC0,
    0x00, 0x30, 0x00, 0x00, 0x00, 0x00, 0xBF, 0xFF, 0x00, 0x07, 0x00, 0x03, 0x00, 0x03, 0x00, 0x03,
    0x00, 0x03, 0x00, 0x03, 0x00, 0x03, 0x00, 0x03, 0x00, 0x03, 0x00, 0x03, 0x00, 0x03, 0x00, 0x03,
    0x00, 0x03, 0x00, 0x03, 0x00, 0x03, 0x00, 0x03, 0x00, 0x03, 0x00, 0x03, 0x00, 0x03, 0x00, 0x03,
    0x00, 0x03, 0x00, 0x03, 0x00, 0x03, 0x00, 0x03, 0x00, 0x00, 0xFF, 0xFF, 0xFF, 0xFF, 0xFF, 0xFF,
    0xFF, 0xFF, 0xFF, 0xFF, 0xFF, 0xFF, 0xFF, 0xFF, 0x03, 0x00, 0x03, 0x00, 0x03, 0x00, 0x03, 0x00,
    0x03, 0x00, 0x03, 0x00, 0x03, 0x00, 0x03, 0x00, 0x03, 0x00, 0x03, 0x00, 0x03, 0x00, 0x03, 0x00,
    0x03, 0x00, 0x03, 0x00, 0x03, 0x00, 0x03, 0x00, 0x03, 0x00, 0x03, 0x00, 0x03, 0x00, 0x03, 0x00,
    0x03, 0x00, 0x3F, 0xFF, 0x0C, 0x00, 0x03, 0x00, 0x00, 0xC0, 0x00, 0x30, 0x00, 0x0C, 0x00, 0x03,
    0xFF, 0xF0, 0x07, 0x00, 0x00, 0xC0, 0x00, 0x30, 0x00, 0x0C, 0x00, 0x03, 0x00, 0x00, 0xC0, 0x00,
    0x30, 0x00, 0x0C, 0x00, 0x03, 0x00, 0x00, 0xC0, 0x00, 0x30, 0x00, 0x0C, 0x00, 0x03, 0x00, 0x00,
    0xC0, 0x00, 0x30, 0x00, 0x0C, 0x00, 0x03, 0x00, 0x00, 0xC0, 0x00, 0x30, 0x00, 0x0C, 0x00, 0x03,
    0x00, 0x00, 0x00, 0x00, 0x7F, 0xFF, 0x00, 0x07, 0x00, 0x03, 0x00, 0x03, 0x00, 0x03, 0x00, 0x03,
    0x7F, 0xFF, 0x01, 0xC0, 0x00, 0xC0, 0x00, 0xC0, 0x00, 0xC0, 0x00, 0xC0, 0x00, 0xC0, 0x00, 0xC0,
    0x00, 0xC0, 0x00, 0xC0, 0x00, 0xC0, 0x00, 0xC0, 0x00, 0xC0, 0x00, 0xC0, 0x00, 0xC0, 0x00, 0xC0,
    0x00, 0xC0, 0x00, 0xC0, 0x00, 0xC0, 0x00, 0xC0, 0x00, 0xC0, 0x00, 0xC0, 0x00, 0x00, 0x02, 0xFE,
    0x00, 0x00, 0x07, 0xF4, 0x00, 0x00, 0x00, 0x00, 0x07, 0xFF, 0xF0, 0x00, 0x03, 0xFC, 0x00, 0x00,
    0x00, 0x00, 0x03, 0xFF, 0xFF, 0x00, 0x02, 0xFC, 0x00, 0x00, 0x00, 0x00, 0x01, 0xFF, 0xFF, 0xD0,
    0x00, 0xFE, 0x00, 0x00, 0x00, 0x00, 0x00, 0xFF, 0x8B, 0xF8, 0x00, 0xBF, 0x00, 0x00, 0x00, 0x00,
    0x00, 0x3F, 0xC0, 0xFF, 0x00, 0x3F, 0x80, 0x00, 0x00, 0x00, 0x00, 0x0F, 0xF0, 0x3F, 0xC0, 0x3F,
    0xC0, 0x00, 0x00, 0x00, 0x00, 0x03, 0xFC, 0x0F, 0xF0, 0x1F, 0xD0, 0x00, 0x00, 0x00, 0x00, 0x00,
    0xFF, 0x03, 0xFC, 0x0F, 0xF0, 0xBF, 0x40, 0x00, 0x7F, 0x90, 0x2F, 0xC0, 0xFE, 0x0B, 0xF0, 0xFF,
    0xFC, 0x00, 0xFF, 0xFE, 0x07, 0xF8, 0xBF, 0x43, 0xF8, 0xFF, 0xFF, 0x80, 0xBF, 0xFF, 0xE0, 0xFF,
    0xFF, 0xC2, 0xFC, 0x7F, 0xFF, 0xF0, 0x3F, 0xFF, 0xFC, 0x1F, 0xFF, 0xD0, 0xFE, 0x2F, 0xE2, 0xFE,
    0x2F, 0xF0, 0xFF, 0x80, 0xBF, 0x80, 0xFF, 0x0F, 0xF4, 0x7F, 0xCF, 0xF4, 0x1F, 0xF0, 0x00, 0x00,
    0x7F, 0x43, 0xFC, 0x0F, 0xF3, 0xFC, 0x03, 0xFC, 0x00, 0x00, 0x3F, 0xC0, 0xFF, 0x03, 0xFC, 0xFF,
    0x00, 0xFF, 0x00, 0x00, 0x1F, 0xD0, 0x3F, 0xC0, 0xFF, 0x3F, 0xC0, 0x3F, 0xC0, 0x00, 0x0F, 0xE0,
    0x0F, 0xF0, 0x3F, 0xCF, 0xF0, 0x0F, 0xF0, 0x00, 0x0B, 0xF0, 0x03, 0xFC, 0x0F, 0xF3, 0xFC, 0x03,
    0xFC, 0x00, 0x03, 0xF8, 0x00, 0xBF, 0x47, 0xF8, 0xBF, 0x41, 0xFE, 0x00, 0x02, 0xFC, 0x00, 0x1F,
    0xE2, 0xFD, 0x0F, 0xF0, 0xFF, 0x00, 0x01, 0xFD, 0x00, 0x03, 0xFF, 0xFF, 0x02, 0xFF, 0xFF, 0x80,
    0x00, 0xFF, 0x00, 0x00, 0x3F, 0xFF, 0x00, 0x3F, 0xFF, 0xC0, 0x00, 0x7F, 0x40, 0x00, 0x02, 0xFE,
    0x00, 0x01, 0xFF, 0x40, 0x02, 0xFE, 0x00, 0x00, 0x07, 0xF4, 0x00, 0x00, 0x00, 0x00, 0x00, 0x00,
    0x00, 0x01, 0xFF, 0xFC, 0x00, 0x00, 0xFE, 0x00, 0x00, 0x00, 0x00, 0x00, 0x00, 0x00, 0x00, 0x3F,
    0xFF, 0xF0, 0x00, 0x2F, 0xC0, 0x00, 0x00, 0x00, 0x00, 0x00, 0x00, 0x00, 0x07, 0xFF, 0xFF, 0x40,
    0x03, 0xF8, 0x00, 0x00, 0x00, 0x00, 0x00, 0x00, 0x00, 0x00, 0xBF, 0x8B, 0xF8, 0x00, 0xBF, 0x00,
    0x00, 0x00, 0x00, 0x00, 0x00, 0x00, 0x00, 0x0F, 0xF0, 0x3F, 0xC0, 0x0F, 0xD0, 0x00, 0x00, 0x00,
    0x00, 0x00, 0x00, 0x00, 0x00, 0xFF, 0x03, 0xFC, 0x03, 0xFC, 0x00, 0x00, 0x00, 0x00, 0x00, 0x00,
    0x00, 0x00, 0x0F, 0xF0, 0x3F, 0xC0, 0x7F, 0x40, 0x00, 0x00, 0x00, 0x00, 0x00, 0x00, 0x00, 0x00,
    0xFF, 0x03, 0xFC, 0x0F, 0xF0, 0xBF, 0x80, 0x00, 0x2F, 0xE0, 0x00, 0x1F, 0xE4, 0x0F, 0xF0, 0x3F,
    0xC1, 0xFC, 0x3F, 0xFF, 0x00, 0x0F, 0xFF, 0xC0, 0x0F, 0xFF, 0xE0, 0xBF, 0x8B, 0xF8, 0x3F, 0x8F,
    0xFF, 0xF8, 0x03, 0xFF, 0xFE, 0x02, 0xFF, 0xFF, 0x87, 0xFF, 0xFF, 0x4B, 0xF1, 0xFF, 0xFF, 0xC0,
    0x7F, 0xFF, 0xF0, 0x3F, 0xFF, 0xFC, 0x3F, 0xFF, 0xF0, 0xFE, 0x2F, 0xE2, 0xFE, 0x0B, 0xF8, 0xBF,
    0x8B, 0xFC, 0x3F, 0xE0, 0xFF, 0xFC, 0x2F, 0xC3, 0xFC, 0x0F, 0xF0, 0xFF, 0x03, 0xFC, 0xFF, 0x41,
    0xFF, 0x02, 0xFE, 0x07, 0xF4, 0x3F, 0xC0, 0xFF, 0x0F, 0xF0, 0x3F, 0xCF, 0xF0, 0x0F, 0xF0, 0x00,
    0x00, 0xFF, 0x03, 0xFC, 0x0F, 0xF0, 0xFF, 0x03, 0xFC, 0xFF, 0x00, 0xFF, 0x00, 0x00, 0x1F, 0xD0,
    0x3F, 0xC0, 0xFF, 0x0F, 0xF0, 0x3F, 0xCF, 0xF0, 0x0F, 0xF0, 0x00, 0x03, 0xF8, 0x03, 0xFC, 0x0F,
    0xF0, 0xFF, 0x03, 0xFC, 0xFF, 0x00, 0xFF, 0x00, 0x00, 0xBF, 0x00, 0x3F, 0xC0, 0xFF, 0x0F, 0xF0,
    0x3F, 0xCF, 0xF4, 0x1F, 0xF0, 0x00, 0x0F, 0xE0, 0x02, 0xFE, 0x2F, 0xE0, 0xBF, 0x8B, 0xF8, 0xBF,
    0x83, 0xFE, 0x00, 0x02, 0xFC, 0x00, 0x0F, 0xFF, 0xFD, 0x03, 0xFF, 0xFF, 0x43, 0xFF, 0xFF, 0xC0,
    0x00, 0x3F, 0x40, 0x00, 0xBF, 0xFF, 0xC0, 0x2F, 0xFF, 0xF0, 0x2F, 0xFF, 0xF8, 0x00, 0x0F, 0xF0,
    0x00, 0x03, 0xFF, 0xF0, 0x00, 0xFF, 0xFC, 0x00, 0xFF, 0xFF, 0x00, 0x01, 0xFD, 0x00, 0x00, 0x0B,
    0xF8, 0x00, 0x02, 0xFE, 0x00, 0x01, 0xFF, 0x40, 0x00, 0x7F, 0xC0, 0x0F, 0xF4, 0x01, 0xFF, 0x00,
    0x3F, 0xC0, 0x07, 0xF8, 0x00, 0xFF, 0x00, 0x1F, 0xD0, 0x03, 0xF8, 0x00, 0x3F, 0x00, 0x00, 0x00,
    0x7F, 0xC0, 0xFF, 0x40, 0x3F, 0xD0, 0xBF, 0xC0, 0x1F, 0xF0, 0x3F, 0xC0, 0x0F, 0xF0, 0x1F, 0xE0,
    0x07, 0xF8, 0x0F, 0xF0, 0x03, 0xFC, 0x07, 0xF4, 0x01, 0xFD, 0x03, 0xF8, 0x00, 0xFE, 0x01, 0xFC,
    0x00, 0x3F, 0x00, 0xFD, 0x00, 0x00, 0x00, 0x7F, 0xC0, 0xFF, 0x42, 0xFF, 0x00, 0x3F, 0xD0, 0xBF,
    0xC0, 0xFF, 0x00, 0x1F, 0xF0, 0x3F, 0xC0, 0xBF, 0x80, 0x0F, 0xF0, 0x1F, 0xE0, 0x3F, 0xC0, 0x07,
    0xF8, 0x0F, 0xF0, 0x2F, 0xD0, 0x03, 0xFC, 0x07, 0xF4, 0x0F, 0xE0, 0x01, 0xFD, 0x03, 0xF8, 0x0B,
    0xF0, 0x00, 0xFE, 0x01, 0xFC, 0x03, 0xF4, 0x00, 0x3F, 0x00, 0xFD, 0x01, 0xFC, 0x00, 0x00, 0x3F,
    0xD0, 0x01, 0xFF, 0x00, 0x0B, 0xF4, 0x00, 0x3F, 0xC0, 0x01, 0xFD, 0x00, 0x0F, 0xF0, 0x00, 0x3F,
    0x40, 0x02, 0xFC, 0x00, 0x0F, 0xD0, 0x3F, 0xD0, 0xBF, 0xC0, 0x07, 0xFC, 0x0F, 0xF4, 0x00, 0xBF,
    0x41, 0xFF, 0x00, 0x0F, 0xF0, 0x2F, 0xD0, 0x01, 0xFD, 0x03, 0xF8, 0x00, 0x3F, 0xC0, 0x7F, 0x00,
    0x03, 0xF4, 0x0F, 0xE0, 0x00, 0xBF, 0x00, 0xFC, 0x00, 0x0F, 0xD0, 0x2F, 0x80, 0x3F, 0xD0, 0xBF,
    0xC1, 0xFF, 0x00, 0x07, 0xFC, 0x0F, 0xF4, 0x2F, 0xE0, 0x00, 0xBF, 0x41, 0xFF, 0x03, 0xFC, 0x00,
    0x0F, 0xF0, 0x2F, 0xD0, 0x7F, 0x80, 0x01, 0xFD, 0x03, 0xF8, 0x0B, 0xF0, 0x00, 0x3F, 0xC0, 0x7F,
    0x00, 0xFE, 0x00, 0x03, 0xF4, 0x0F, 0xE0, 0x2F, 0xC0, 0x00, 0xBF, 0x00, 0xFC, 0x03, 0xF8, 0x00,
    0x0F, 0xD0, 0x2F, 0x80, 0x7F, 0x00, 0x00, 0x2E, 0x00, 0x00, 0x0F, 0xC0, 0x00, 0x07, 0xF8, 0x00,
    0x03, 0xFF, 0x00, 0x01, 0xF7, 0xE0, 0x00, 0xFC, 0xBC, 0x00, 0x7D, 0x0F, 0x80, 0x3F, 0x02, 0xF0,
    0x0F, 0x40, 0x3E, 0x0B, 0xC0, 0x0B, 0xC3, 0xE0, 0x00, 0xF8, 0x00, 0x00, 0x00, 0x02, 0xD0, 0x00,
    0x7F, 0xC0, 0x0F, 0xFC, 0x03, 0xFF, 0x40, 0xBF, 0xE0, 0x1F, 0xFC, 0x07, 0xFF, 0x00, 0xFF, 0xD0,
    0x0B, 0xFF, 0x00, 0x2F, 0xF8, 0x00, 0xFF, 0xD0, 0x03, 0xFF, 0x00, 0x1F, 0xFC, 0x00, 0xBF, 0xD0,
    0x02, 0xE0, 0x00, 0x00, 0x00, 0x00, 0x00, 0x00, 0x78, 0x00, 0x3F, 0xD0, 0x03, 0xFF, 0x00, 0x1F,
    0xFC, 0x00, 0xBF, 0xE0, 0x03, 0xFF, 0x40, 0x0F, 0xFD, 0x00, 0x7F, 0xF0, 0x0F, 0xFE, 0x02, 0xFF,
    0x80, 0x7F, 0xF0, 0x0F, 0xFC, 0x03, 0xFF, 0x40, 0x7F, 0xE0, 0x00, 0xB8, 0x00, 0x00, 0x00, 0x00,
    0x00, 0x00, 0x03, 0xF4, 0x00, 0x00, 0x02, 0xC0, 0x03, 0xFF, 0x00, 0x0E, 0x02, 0xFD, 0x00, 0xFF,
    0xC0, 0x1F, 0xF0, 0xBF, 0xD0, 0x3F, 0xF0, 0x1F, 0xFC, 0x0B, 0xFE, 0x03, 0xF4, 0x1F, 0xF8, 0x00,
    0xBF, 0xE0, 0x00, 0x2F, 0xF8, 0x00, 0x07, 0xFE, 0x00, 0x2F, 0xF8, 0x00, 0x00, 0x7F, 0xF0, 0x2F,
    0xF4, 0x00, 0x00, 0x07, 0xFF, 0x7F, 0xF4, 0x00, 0x0F, 0xD0, 0x7F, 0xFF, 0xF4, 0x1F, 0xCF, 0xFC,
    0x03, 0xFF, 0xF0, 0x0F, 0xFF, 0xFF, 0x00, 0x7F, 0xF4, 0x03, 0xFF, 0xFF, 0xC0, 0x3F, 0xFF, 0x00,
    0xFF, 0xCF, 0xD0, 0x3F, 0xFF, 0xF0, 0x1F, 0xC0, 0x00, 0x3F, 0xF3, 0xFF, 0x00, 0x00, 0x00, 0x3F,
    0xF0, 0x3F, 0xF0, 0x00, 0x00, 0x3F, 0xF0, 0x03, 0xFF, 0x00, 0x00, 0x3F, 0xF0, 0x00, 0x3F, 0xF0,
    0x00, 0x3F, 0xF0, 0x00, 0x03, 0xFF, 0x00, 0x3F, 0xF0, 0x0F, 0xD0, 0x3F, 0xF0, 0x3F, 0xF0, 0x0F,
    0xFC, 0x03, 0xFF, 0x0B, 0xF0, 0x03, 0xFF, 0x00, 0x3F, 0x80, 0xB0, 0x00, 0xFF, 0xC0, 0x03, 0x80,
    0x00, 0x00, 0x0F, 0xD0, 0x00, 0x00, 0xFF, 0xC0, 0x0F, 0xFF, 0xFF, 0x00, 0x3F, 0xFF, 0xFC, 0x00,
    0xFF, 0xFF, 0xF0, 0x03, 0xFF, 0xFF, 0xC0, 0x0F, 0xFF, 0xFF, 0x00, 0x3F, 0xFF, 0xFC, 0x00, 0xFF,
    0xFF, 0xF0, 0x03, 0xFF, 0xFF, 0xC0, 0x0F, 0xFF, 0xFF, 0x00, 0x3F, 0xFF, 0xFC, 0x00, 0xFF, 0xFF,
    0xF0, 0x03, 0xFF, 0xFF, 0xC0, 0x0F, 0xFF, 0xFF, 0x00, 0x3F, 0xFF, 0xFC, 0x00, 0xFF, 0xFF, 0xF0,
    0x03, 0xFF, 0x00, 0x00, 0x00, 0x00, 0x00, 0x00, 0x00, 0x02, 0xF8, 0x00, 0xBE, 0x2F, 0xF8, 0x0B,
    0xFE, 0xFF, 0xF0, 0x3F, 0xFF, 0xFF, 0xC0, 0xFF, 0xFB, 0xFE, 0x02, 0xFF, 0x8B, 0xE0, 0x02, 0xF8,
    0x00, 0x6F, 0xFE, 0x40, 0x0B, 0xFF, 0xFF, 0xE0, 0x3F, 0xFF, 0xFF, 0xFC, 0x1F, 0xFF, 0xFF, 0xFD,
    0x0F, 0xFF, 0xC7, 0xFF, 0x06, 0x3F, 0xC0, 0xFF, 0x00, 0x3F, 0xC0, 0xFF, 0x00, 0x3F, 0xC0, 0xFF,
    0x00, 0x3F, 0xC2, 0xFE, 0x00, 0x3F, 0xCB, 0xFC, 0x00, 0x3F, 0xFF, 0xF4, 0x00, 0x3F, 0xFF, 0xD0,
    0x00, 0x3F, 0xFF, 0x00, 0x00, 0x3F, 0xFC, 0x00, 0x00, 0x3F, 0xF0, 0x00, 0x00, 0x3F, 0xE0, 0x00,
    0x00, 0x3F, 0xE0, 0x00, 0x00, 0x00, 0x00, 0x00, 0x00, 0x0F, 0xC0, 0x00, 0x00, 0x3F, 0xF0, 0x00,
    0x00, 0x3F, 0xF0, 0x00, 0x00, 0x3F, 0xF0, 0x00, 0x00, 0x2F, 0xF0, 0x00, 0x00, 0x0F, 0xC0, 0x00,
    0xFF, 0xFF, 0xFF, 0xFF, 0xFF, 0xFF, 0xFF, 0xFF, 0xFF, 0xFF, 0xFF, 0xFF, 0xFF, 0xFF, 0xFF, 0xFF,
    0xFF, 0x00, 0x00, 0x00, 0x00, 0x00, 0x38, 0x00, 0x00, 0x00, 0x1D, 0x3C, 0x00, 0x00, 0x00, 0x3C,
    0x0F, 0x00, 0x00, 0x00, 0xB8, 0x07, 0xD0, 0x00, 0x03, 0xE0, 0x01, 0xFE, 0x41, 0x7F, 0x80, 0x00,
    0x7F, 0xFF, 0xFD, 0x00, 0x00, 0x06, 0xFF, 0x90, 0x00, 0x00, 0x00, 0x00, 0x00, 0x00, 0x00, 0x0B,
    0xFF, 0xE0, 0x00, 0x00, 0x7F, 0xFF, 0xFE, 0x00, 0x02, 0xF9, 0x00, 0x6F, 0xC0, 0x0B, 0xC0, 0x00,
    0x02, 0xF0, 0x1F, 0x00, 0x00, 0x00, 0xB8, 0x3C, 0x00, 0x00, 0x00, 0x3C, 0x24, 0x00, 0x00, 0x00,
    0x0C, 0x00, 0x00, 0x00, 0x00, 0x00, 0x00, 0x00, 0x07, 0xC0, 0x00, 0x00, 0xFC, 0x00, 0x00, 0x1F,
    0x40, 0x00, 0x03, 0xF0, 0x00, 0x00, 0x3D, 0x00, 0x00, 0x0B, 0xC0, 0x00, 0x00, 0xF4, 0x00, 0x00,
    0x2F, 0x00, 0x00, 0x03, 0xE0, 0x00, 0x00, 0xBC, 0x00, 0x00, 0x0F, 0x80, 0x00, 0x01, 0xF0, 0x00,
    0x00, 0x3F, 0x00, 0x00, 0x07, 0xF8, 0x00, 0x00, 0xFF, 0xC0, 0x00, 0x1F, 0x7E, 0x00, 0x02, 0xF1,
    0xF0, 0x00, 0x3D, 0x0F, 0x80, 0x0B, 0xC0, 0x7C, 0x00, 0xF4, 0x03, 0xE0, 0x2F, 0x00, 0x2F, 0x03,
    0xE0, 0x00, 0xF4, 0x00, 0x00, 0x00, 0x00, 0xBF, 0x80, 0x00, 0x00, 0x00, 0x00, 0x00, 0x00, 0x00,
    0x1F, 0xD0, 0x00, 0x00, 0x00, 0x00, 0x00, 0x00, 0x00, 0x07, 0xF4, 0x00, 0x00, 0x00, 0x00, 0x00,
    0x00, 0x00, 0x01, 0xFD, 0x00, 0x00, 0x00, 0x00, 0x00, 0x00, 0x01, 0x00, 0x3F, 0x00, 0x10, 0x00,
    0x00, 0x00, 0x00, 0x00, 0xFE, 0x4F, 0xC6, 0xFC, 0x00, 0x00, 0x00, 0x00, 0x00, 0x3F, 0xFF, 0xFF,
    0xFF, 0x40, 0x00, 0x00, 0x00, 0x00, 0x1F, 0xFF, 0xFF, 0xFF, 0xD0, 0x00, 0x00, 0x00, 0x00, 0x06,
    0xBF, 0xFF, 0xFF, 0xE4, 0x00, 0x00, 0x00, 0x00, 0x00, 0x00, 0x7F, 0xF4, 0x00, 0x00, 0x00, 0x00,
    0x00, 0x00, 0x00, 0x3F, 0xFF, 0x00, 0x00, 0x00, 0x00, 0x00, 0x00, 0x00, 0x3F, 0xDF, 0xF0, 0x00,
    0x00, 0x00, 0x00, 0x00, 0x00, 0x2F, 0xE2, 0xFE, 0x00, 0x00, 0x00, 0x00, 0x00, 0x00, 0x1F, 0xF4,
    0x3F, 0xD0, 0x00, 0x00, 0x00, 0x00, 0x00, 0x02, 0xFC, 0x0B, 0xE0, 0x00, 0x00, 0x00, 0x00, 0x3F,
    0xC0, 0x09, 0x00, 0x80, 0x1F, 0xF0, 0x00, 0x00, 0x0F, 0xF0, 0x00, 0x00, 0x00, 0x03, 0xFC, 0x00,
    0x00, 0x02, 0xFC, 0x00, 0x00, 0x00, 0x00, 0xFE, 0x00, 0x00, 0x00, 0xBF, 0x00, 0x00, 0x00, 0x00,
    0x3F, 0x80, 0x00, 0x40, 0x2F, 0xC0, 0x14, 0x00, 0x50, 0x0F, 0xD0, 0x04, 0x7F, 0x47, 0xE1, 0xBF,
    0x00, 0x3F, 0x93, 0xF4, 0x7F, 0x6F, 0xFF, 0xFF, 0xFF, 0xC0, 0x0F, 0xFF, 0xFF, 0xFF, 0xEB, 0xFF,
    0xFF, 0xFF, 0xF0, 0x03, 0xFF, 0xFF, 0xFF, 0xFA, 0xBF, 0xFF, 0xFF, 0xF8, 0x00, 0xAF, 0xFF, 0xFF,
    0xFE, 0x00, 0x2F, 0xFC, 0x00, 0x00, 0x00, 0x0F, 0xFE, 0x00, 0x00, 0x1F, 0xFF, 0xC0, 0x00, 0x00,
    0x0F, 0xFF, 0xD0, 0x00, 0x0F, 0xFB, 0xF8, 0x00, 0x00, 0x0B, 0xF7, 0xFC, 0x00, 0x0F, 0xF4, 0xFF,
    0x40, 0x00, 0x07, 0xFC, 0x7F, 0xC0, 0x0B, 0xFC, 0x2F, 0xF0, 0x00, 0x03, 0xFE, 0x0F, 0xF8, 0x00,
    0xFE, 0x03, 0xF4, 0x00, 0x00, 0x7F, 0x01, 0xFC, 0x00, 0x07, 0x00, 0xA0, 0x00, 0x00, 0x01, 0x80,
    0x34, 0x00, 0xFF, 0xFF, 0xFF, 0xFF, 0xFF, 0xFF, 0xFF, 0xFF, 0xFF, 0x00, 0x00, 0x00, 0x1F, 0xD0,
    0x00, 0x00, 0x03, 0xFC, 0x00, 0x00, 0x00, 0xBF, 0x40, 0x00, 0x00, 0x0F, 0xF0, 0x00, 0x00, 0x02,
    0xFC, 0x00, 0x00, 0x00, 0x3F, 0x80, 0x00, 0x00, 0x0F, 0xF0, 0x00, 0x00, 0x01, 0xFE, 0x00, 0x00,
    0x00, 0x3F, 0xC0, 0x00, 0x00, 0x07, 0xF4, 0x00, 0x00, 0x00, 0xFF, 0x00, 0x00, 0x00, 0x2F, 0xD0,
    0x00, 0x00, 0x03, 0xFC, 0x00, 0x00, 0x00, 0xBF, 0x40, 0x00, 0x00, 0x0F, 0xE0, 0x00, 0x00, 0x02,
    0xFC, 0x00, 0x00, 0x00, 0x7F, 0x80, 0x00, 0x00, 0x0F, 0xF0, 0x00, 0x00, 0x01, 0xFE, 0x00, 0x00,
    0x00, 0x3F, 0xC0, 0x00, 0x00, 0x07, 0xF4, 0x00, 0x00, 0x00, 0xFF, 0x00, 0x00, 0x00, 0x2F, 0xD0,
    0x00, 0x00, 0x03, 0xFC, 0x00, 0x00, 0x00, 0xFF, 0xFF, 0xFF, 0xFF, 0xFF, 0xFF, 0xFF, 0xFF, 0xFF,
    0x00, 0xFF, 0x00, 0xFF, 0x00, 0xFF, 0x00, 0xFF, 0x00, 0xFF, 0x00, 0xFF, 0x00, 0xFF, 0x00, 0xFF,
    0x00, 0xFF, 0xFF, 0xFF, 0xFF, 0xFF, 0xFF, 0xFF, 0xFF, 0xFF, 0x00, 0xFF, 0x00, 0xFF, 0x00, 0xFF,
    0x00, 0xFF, 0x00, 0xFF, 0x00, 0xFF, 0x00, 0xFF, 0x00, 0xFF, 0x00, 0xFF, 0xFF, 0xFF, 0xFF, 0xFF,
    0xFF, 0xFF, 0xFF, 0xBF, 0xFF, 0x6F, 0xFF, 0xDB, 0xFF, 0xF5, 0xFF, 0xFD, 0x00, 0xFF, 0x40, 0x3F,
    0xD0, 0x0F, 0xF4, 0x03, 0xFD, 0x00, 0xFF, 0x40, 0x3F, 0xD0, 0x0F, 0xF4, 0x03, 0xFD, 0x00, 0xFF,
    0x5F, 0xFF, 0xDB, 0xFF, 0xF6, 0xFF, 0xFD, 0xBF, 0xFF, 0x40, 0x3F, 0xD0, 0x0F, 0xF4, 0x03, 0xFD,
    0x00, 0xFF, 0x40, 0x3F, 0xD0, 0x0F, 0xF4, 0x03, 0xFD, 0x00, 0xFF, 0x40, 0x3F, 0xD7, 0xFF, 0xF6,
    0xFF, 0xFD, 0xBF, 0xFF, 0x6F, 0xFF, 0xD0, 0x01, 0xBF, 0xF9, 0x00, 0x01, 0xBF, 0xF9, 0x00, 0x2F,
    0xFF, 0xFF, 0xD0, 0x7F, 0xFF, 0xFF, 0xC0, 0xBF, 0xFF, 0xFF, 0xF0, 0xFF, 0xFF, 0xFF, 0xF0, 0x3F,
    0xFF, 0xFF, 0xF8, 0x7F, 0xFF, 0xFF, 0xF8, 0x2E, 0x40, 0x2F, 0xFC, 0x2E, 0x40, 0x2F, 0xFC, 0x00,
    0x00, 0x0F, 0xFC, 0x00, 0x00, 0x0F, 0xFC, 0x00, 0x00, 0x0F, 0xFC, 0x00, 0x00, 0x0F, 0xFC, 0x00,
    0x00, 0x1F, 0xFC, 0x00, 0x00, 0x2F, 0xFC, 0x00, 0x00, 0x7F, 0xF4, 0x00, 0x00, 0xBF, 0xF4, 0x00,
    0x01, 0xFF, 0xE0, 0x00, 0x03, 0xFF, 0xD0, 0x00, 0x0B, 0xFF, 0x80, 0x00, 0x1F, 0xFF, 0x40, 0x00,
    0x1F, 0xFD, 0x00, 0x00, 0x3F, 0xF8, 0x00, 0x00, 0x2F, 0xF4, 0x00, 0x00, 0xBF, 0xD0, 0x00, 0x00,
    0x3F, 0xD0, 0x00, 0x00, 0xFF, 0x40, 0x00, 0x00, 0x3F, 0xC0, 0x00, 0x00, 0xFF, 0x00, 0x00, 0x00,
    0x2A, 0x80, 0x00, 0x00, 0xAA, 0x00, 0x00, 0x00, 0x00, 0x00, 0x00, 0x00, 0x00, 0x00, 0x00, 0x00,
    0x00, 0x00, 0x00, 0x00, 0x00, 0x00, 0x00, 0x00, 0x3F, 0x00, 0x00, 0x00, 0x3F, 0x00, 0x00, 0x00,
    0xFF, 0xC0, 0x00, 0x00, 0xFF, 0xC0, 0x00, 0x00, 0xFF, 0xC0, 0x00, 0x00, 0xFF, 0xC0, 0x00, 0x00,
    0xFF, 0xC0, 0x00, 0x00, 0xFF, 0xC0, 0x00, 0x00, 0xBF, 0xC0, 0x00, 0x00, 0xBF, 0xC0, 0x00, 0x00,
    0x3F, 0x00, 0x00, 0x00, 0x3F, 0x00, 0x00, 0x01, 0xBF, 0xF9, 0x00, 0x0F, 0xFC, 0x7F, 0xFF, 0xFF,
    0xC0, 0x0F, 0xFC, 0xBF, 0xFF, 0xFF, 0xF0, 0x0F, 0xFC, 0x3F, 0xFF, 0xFF, 0xF8, 0x0F, 0xFC, 0x2E,
    0x40, 0x2F, 0xFC, 0x0F, 0xFC, 0x00, 0x00, 0x0F, 0xFC, 0x0F, 0xFC, 0x00, 0x00, 0x0F, 0xFC, 0x0F,
    0xFC, 0x00, 0x00, 0x1F, 0xFC, 0x0F, 0xFC, 0x00, 0x00, 0x3F, 0xF8, 0x0F, 0xFC, 0x00, 0x00, 0xFF,
    0xF0, 0x0F, 0xFC, 0x00, 0x07, 0xFF, 0xC0, 0x0F, 0xFC, 0x00, 0x0F, 0xFF, 0x00, 0x0F, 0xFC, 0x00,
    0x2F, 0xF8, 0x00, 0x0F, 0xFC, 0x00, 0x3F, 0xE0, 0x00, 0x0F, 0xFC, 0x00, 0x3F, 0xC0, 0x00, 0x0F,
    0xFC, 0x00, 0x3F, 0xC0, 0x00, 0x0F, 0xFC, 0x00, 0x00, 0x00, 0x00, 0x00, 0x00, 0x00, 0x00, 0x00,
    0x00, 0x00, 0x00, 0x00, 0x3F, 0x00, 0x00, 0x02, 0xF8, 0x00, 0xFF, 0xC0, 0x00, 0x0B, 0xFE, 0x00,
    0xFF, 0xC0, 0x00, 0x0F, 0xFF, 0x00, 0xFF, 0xC0, 0x00, 0x0F, 0xFF, 0x00, 0xBF, 0xC0, 0x00, 0x0B,
    0xFE, 0x00, 0x3F, 0x00, 0x00, 0x02, 0xF8, 0xFF, 0xC0, 0x01, 0xBF, 0xF9, 0x00, 0xFF, 0xC0, 0x7F,
    0xFF, 0xFF, 0xC0, 0xFF, 0xC0, 0xBF, 0xFF, 0xFF, 0xF0, 0xFF, 0xC0, 0x3F, 0xFF, 0xFF, 0xF8, 0xFF,
    0xC0, 0x2E, 0x40, 0x2F, 0xFC, 0xFF, 0xC0, 0x00, 0x00, 0x0F, 0xFC, 0xFF, 0xC0, 0x00, 0x00, 0x0F,
    0xFC, 0xFF, 0xC0, 0x00, 0x00, 0x1F, 0xFC, 0xFF, 0xC0, 0x00, 0x00, 0x7F, 0xF4, 0xFF, 0xC0, 0x00,
    0x02, 0xFF, 0xE0, 0xFF, 0xC0, 0x00, 0x0F, 0xFF, 0x80, 0xFF, 0xC0, 0x00, 0x3F, 0xFD, 0x00, 0xFF,
    0xC0, 0x00, 0xBF, 0xF0, 0x00, 0xFF, 0xC0, 0x00, 0xFF, 0x80, 0x00, 0xFF, 0xC0, 0x00, 0xFF, 0x00,
    0x00, 0xFF, 0xC0, 0x00, 0xFF, 0x00, 0x00, 0x00, 0x00, 0x00, 0x00, 0x00, 0x00, 0x00, 0x00, 0x00,
    0x00, 0x00, 0x00, 0x2F, 0x80, 0x00, 0x3F, 0x00, 0x00, 0xBF, 0xE0, 0x00, 0xFF, 0xC0, 0x00, 0xFF,
    0xF0, 0x00, 0xFF, 0xC0, 0x00, 0xFF, 0xF0, 0x00, 0xFF, 0xC0, 0x00, 0xBF, 0xE0, 0x00, 0xBF, 0xC0,
    0x00, 0x2F, 0x80, 0x00, 0x3F, 0x00, 0x00, 0xFF, 0xFF, 0xFF, 0xFF, 0xFF, 0xFF, 0xFF, 0xFF, 0xFF,
    0xFF, 0xFF, 0xFF, 0xFF, 0xFF, 0xFF, 0xFE, 0x00, 0x00, 0x03, 0xFC, 0x00, 0x00, 0x0F, 0xF4, 0x00,
    0x00, 0x1F, 0xF0, 0x00, 0x00, 0x3F, 0xD0, 0x00, 0x00, 0xBF, 0xC0, 0x00, 0x00, 0xFF, 0x40, 0x00,
    0x02, 0xFF, 0x00, 0x00, 0x07, 0xFC, 0x00, 0x00, 0x0F, 0xF8, 0x00, 0x00, 0x1F, 0xF0, 0x00, 0x00,
    0x3F, 0xE0, 0x00, 0x00, 0xBF, 0xC0, 0x00, 0x00, 0xFF, 0x40, 0x00, 0x03, 0xFF, 0x00, 0x00, 0x07,
    0xFD, 0x00, 0x00, 0xFF, 0xFF, 0xFF, 0x80, 0x3F, 0xFF, 0xFF, 0xFE, 0x0F, 0xFF, 0xFF, 0xFF, 0xE3,
    0xF0, 0xFF, 0xFF, 0xFC, 0xFC, 0x3F, 0xFF, 0xFF, 0xBF, 0x0F, 0xFF, 0xFF, 0xFF, 0xC3, 0xFF, 0xFF,
    0xFF, 0xF0, 0xFF, 0xFF, 0xFF, 0xFC, 0x3F, 0xFF, 0xFF, 0xFF, 0x0F, 0xFF, 0xFF, 0xFF, 0xC3, 0xFF,
    0xFF, 0xFF, 0xF0, 0xFF, 0xFF, 0xFE, 0xFC, 0x3F, 0xFF, 0xFF, 0x7F, 0x0F, 0xFF, 0xFF, 0xCF, 0xC3,
    0xFF, 0xFF, 0xD3, 0xF0, 0xFF, 0xFF, 0xD0, 0xFC, 0x3F, 0xAA, 0x40, 0x3F, 0x0F, 0xC0, 0x00, 0x0F,
    0xC3, 0xF0, 0x00, 0x03, 0xF0, 0xFC, 0x00, 0x00, 0xFC, 0x3F, 0x00, 0x00, 0x3F, 0x0F, 0xC0, 0x00,
    0x0F, 0xC3, 0xF0, 0x00, 0x03, 0xF0, 0xFC, 0x00, 0x00, 0xFC, 0x3F, 0x00, 0x00, 0x3F, 0x0F, 0xC0,
    0x00, 0x0F, 0xC3, 0xF0, 0x00, 0x03, 0xF0, 0xFC, 0x00, 0x00, 0xFC, 0x3F, 0x00, 0x00, 0x3F, 0x0F,
    0xC0, 0x00, 0x00, 0x00, 0xBF, 0xFF, 0xFF, 0xC2, 0xFF, 0xFF, 0xFF, 0xF1, 0xFF, 0xFF, 0xFF, 0xFC,
    0xFF, 0xFF, 0xFF, 0xFF, 0x7F, 0xFF, 0xFF, 0x0F, 0xEF, 0xFF, 0xFF, 0xC3, 0xFF, 0xFF, 0xFF, 0xF0,
    0xFF, 0xFF, 0xFF, 0xFC, 0x3F, 0xFF, 0xFF, 0xFF, 0x0F, 0xFF, 0xFF, 0xFF, 0xC3, 0xFF, 0xFF, 0xFF,
    0xF0, 0xFF, 0xFF, 0xFF, 0xFC, 0x3F, 0xBF, 0xFF, 0xFF, 0x0F, 0xDF, 0xFF, 0xFF, 0xC3, 0xF3, 0xFF,
    0xFF, 0xFF, 0xFC, 0x7F, 0xFF, 0xFF, 0xFF, 0x0B, 0xFF, 0xFF, 0xFF, 0xC0, 0x2F, 0xFF, 0xFF, 0xF0,
    0xFF, 0xFF, 0xFF, 0x80, 0x3F, 0xFF, 0xFF, 0xFE, 0x0F, 0xFF, 0xFF, 0xFF, 0xD3, 0xFF, 0xFF, 0xFF,
    0xFC, 0xFC, 0x3F, 0xFF, 0xFF, 0x7F, 0x0F, 0xFF, 0xFF, 0xEF, 0xC3, 0xFF, 0xFF, 0xFF, 0xF0, 0xFF,
    0xFF, 0xFF, 0xFC, 0x3F, 0xFF, 0xFF, 0xFF, 0x0F, 0xFF, 0xFF, 0xFF, 0xC3, 0xFF, 0xFF, 0xFF, 0xF0,
    0xFF, 0xFF, 0xFF, 0xFC, 0x3F, 0xFF, 0xFF, 0xBF, 0x0F, 0xFF, 0xFF, 0xDF, 0xFF, 0xFF, 0xFF, 0xF3,
    0xFF, 0xFF, 0xFF, 0xF4, 0xFF, 0xFF, 0xFF, 0xF8, 0x3F, 0xFF, 0xFF, 0xE0, 0x00, 0x00, 0x03, 0xFC,
    0x00, 0x00, 0x00, 0x3F, 0xC0, 0x00, 0x00, 0x03, 0xFC, 0x00, 0x00, 0x00, 0x3F, 0xC0, 0x00, 0x04,
    0x02, 0xF8, 0x01, 0x42, 0xF9, 0x2F, 0x86, 0xF8, 0x2F, 0xFF, 0xFF, 0xFF, 0xC3, 0xFF, 0xFF, 0xFF,
    0xFC, 0x2B, 0xFF, 0xFF, 0xFF, 0x80, 0x00, 0xFF, 0xF0, 0x00, 0x00, 0x2F, 0xFF, 0x80, 0x00, 0x07,
    0xFA, 0xFD, 0x00, 0x00, 0xFF, 0x0F, 0xF0, 0x00, 0x3F, 0xF0, 0xBF, 0xC0, 0x01, 0xFD, 0x03, 0xF4,
    0x00, 0x01, 0xC0, 0x24, 0x00, 0x3F, 0x0B, 0xFC, 0xFF, 0xCF, 0xFC, 0xBF, 0xC3, 0xF0, 0x00, 0x00,
    0x00, 0x00, 0x00, 0x00, 0x00, 0x00, 0x00, 0x00, 0x00, 0x00, 0x00, 0x00, 0x00, 0xFF, 0x8B, 0xF8,
    0x7F, 0xC3, 0xFC, 0x2F, 0xC1, 0xFD, 0x0F, 0xE0, 0x7F, 0x00, 0x00, 0x00, 0x00, 0x00, 0x00, 0x0B,
    0xFF, 0xE0, 0x00, 0x00, 0x7F, 0xFF, 0xFE, 0x00, 0x02, 0xF9, 0x00, 0x6F, 0xC0, 0x0B, 0xC0, 0x00,
    0x02, 0xF0, 0x1F, 0x00, 0x00, 0x00, 0xB8, 0x3C, 0x00, 0x00, 0x00, 0x3C, 0x24, 0x00, 0x00, 0x00,
    0x0C, 0x00, 0x00, 0x00, 0x00, 0x00, 0x00, 0x00, 0x00, 0x00, 0x00, 0x00, 0x00, 0x00, 0x00, 0x00,
    0x00, 0x00, 0x00, 0x00, 0x00, 0x00, 0x00, 0x00, 0x00, 0x00, 0x00, 0x00, 0x00, 0x00, 0x00, 0x00,
    0x00, 0x00, 0x00, 0x00, 0x00, 0x00, 0x00, 0x00, 0x00, 0x00, 0x00, 0x00, 0x00, 0x00, 0x00, 0x00,
    0x00, 0x00, 0x00, 0x00, 0x00, 0x00, 0x00, 0x00, 0x00, 0x00, 0x00, 0x00, 0x00, 0x00, 0x00, 0x00,
    0x00, 0x00, 0x00, 0x00, 0x00, 0x00, 0x00, 0x00, 0x00, 0x00, 0x00, 0x00, 0x00, 0x00, 0x00, 0x00,
    0x00, 0x00, 0x00, 0x00, 0x00, 0x00, 0x00, 0x00, 0x00, 0x00, 0x00, 0x00, 0x00, 0x00, 0x00, 0x00,
    0x00, 0x00, 0x00, 0x00, 0x00, 0x00, 0x00, 0x00, 0x00, 0x00, 0x38, 0x00, 0x00, 0x00, 0x1D, 0x3C,
    0x00, 0x00, 0x00, 0x3C, 0x0F, 0x00, 0x00, 0x00, 0xB8, 0x07, 0xD0, 0x00, 0x03, 0xE0, 0x01, 0xFE,
    0x41, 0x7F, 0x80, 0x00, 0x7F, 0xFF, 0xFD, 0x00, 0x00, 0x06, 0xFF, 0x90, 0x00, 0x00, 0x03, 0xFC,
    0x00, 0x00, 0x00, 0x3F, 0xC0, 0x00, 0x00, 0x03, 0xFC, 0x00, 0x00, 0x00, 0x3F, 0xC0, 0x00, 0x14,
    0x02, 0xF8, 0x01, 0x42, 0xFE, 0x2F, 0x8B, 0xF8, 0x2F, 0xFF, 0xFF, 0xFF, 0xC3, 0xFF, 0xFF, 0xFF,
    0xFC, 0x1A, 0xFF, 0xFF, 0xFA, 0x80, 0x00, 0xFF, 0xF0, 0x00, 0x00, 0x2F, 0xFF, 0xC0, 0x00, 0x07,
    0xFA, 0xFE, 0x00, 0x00, 0xFF, 0x0F, 0xF4, 0x00, 0x3F, 0xE0, 0xBF, 0xC0, 0x00, 0xBD, 0x03, 0xE0,
    0x00, 0x00, 0x80, 0x10, 0x00, 0x00, 0x00, 0x00, 0x00, 0x00, 0x00, 0x3F, 0xC0, 0x00, 0x00, 0x03,
    0xFC, 0x00, 0x00, 0x00, 0x3F, 0xC0, 0x00, 0x00, 0x03, 0xFC, 0x00, 0x00, 0x40, 0x2F, 0x80, 0x14,
    0x2F, 0x92, 0xF8, 0x6F, 0x82, 0xFF, 0xFF, 0xFF, 0xFC, 0x3F, 0xFF, 0xFF, 0xFF, 0xC2, 0xBF, 0xFF,
    0xFF, 0xF8, 0x00, 0x0F, 0xFF, 0x00, 0x00, 0x02, 0xFF, 0xF8, 0x00, 0x00, 0x7F, 0xAF, 0xD0, 0x00,
    0x0F, 0xF0, 0xFF, 0x00, 0x03, 0xFF, 0x0B, 0xFC, 0x00, 0x1F, 0xD0, 0x3F, 0x40, 0x00, 0x1C, 0x02,
    0x40, 0x00, 0x0F, 0xC0, 0x03, 0xFC, 0xBF, 0xC0, 0x1F, 0xD3, 0xFF, 0x00, 0xBF, 0x0F, 0xFC, 0x03,
    0xF4, 0x2F, 0xF0, 0x2F, 0xC0, 0x3F, 0x00, 0xFE, 0x00, 0x00, 0x07, 0xF0, 0x00, 0x00, 0x3F, 0x80,
    0x00, 0x01, 0xFD, 0x00, 0x00, 0x0B, 0xF0, 0x00, 0x00, 0x3F, 0x40, 0x00, 0x02, 0xFC, 0x00, 0x00,
    0x0F, 0xE0, 0x00, 0x00, 0x7F, 0x00, 0x00, 0x03, 0xF8, 0x00, 0x00, 0x1F, 0xD0, 0x00, 0x00, 0xFF,
    0x00, 0x00, 0x03, 0xF4, 0x00, 0x00, 0x2F, 0xC0, 0x3F, 0x00, 0xFE, 0x03, 0xFF, 0x0B, 0xF0, 0x0F,
    0xFC, 0x3F, 0x80, 0x3F, 0xF1, 0xFC, 0x00, 0xFF, 0x8F, 0xF0, 0x00, 0xFC, 0x00, 0x6F, 0xFE, 0x94,
    0x00, 0x00, 0x00, 0x68, 0x03, 0xFF, 0xFF, 0xFF, 0xF9, 0x40, 0x02, 0xFC, 0x0F, 0xFF, 0xFF, 0xFF,
    0xFF, 0xFF, 0xFF, 0xF8, 0x3F, 0xFF, 0xFF, 0xFF, 0xFF, 0xFF, 0xFF, 0xF0, 0x7F, 0x40, 0x01, 0xAF,
    0xFF, 0xFF, 0xFF, 0x80, 0x68, 0x00, 0x00, 0x00, 0x16, 0xFF, 0xF8, 0x00, 0x00, 0x00, 0x00, 0x00,
    0x00, 0x00, 0x0B, 0xFF, 0xE0, 0x00, 0x00, 0x7F, 0xFF, 0xFE, 0x00, 0x02, 0xF9, 0x00, 0x6F, 0xC0,
    0x0B, 0xC0, 0x00, 0x02, 0xF0, 0x1F, 0x00, 0x00, 0x00, 0xB8, 0x3C, 0x00, 0x00, 0x00, 0x3C, 0x24,
    0x00, 0x00, 0x00, 0x0C, 0x00, 0x00, 0x00, 0x00, 0x00, 0x00, 0x03, 0xF0, 0x00, 0x00, 0x40, 0xFC,
    0x04, 0x00, 0xB8, 0x3F, 0x0B, 0x80, 0x7F, 0x8F, 0xCB, 0xF4, 0x0B, 0xFB, 0xFB, 0xF4, 0x00, 0xBF,
    0xFF, 0xF4, 0x00, 0x0B, 0xFF, 0xF4, 0x03, 0xFF, 0xFF, 0xFF, 0xFF, 0xFF, 0xFF, 0xFF, 0xFF, 0xFF,
    0xFF, 0xFF, 0xFF, 0xF0, 0x0B, 0xFF, 0xF8, 0x00, 0x0B, 0xFF, 0xFF, 0x80, 0x0B, 0xF7, 0xFB, 0xF8,
    0x07, 0xF4, 0xFC, 0xBF, 0x40, 0xB4, 0x3F, 0x0B, 0x40, 0x04, 0x0F, 0xC0, 0x40, 0x00, 0x03, 0xF0,
    0x00, 0x00, 0x00, 0x00, 0x03, 0xF4, 0x00, 0x00, 0x0F, 0xFC, 0x00, 0x00, 0x0F, 0xFC, 0x00, 0x00,
    0x0F, 0xFC, 0x00, 0x00, 0x03, 0xF4, 0x00, 0x00, 0x00, 0x00, 0x00, 0x00, 0x00, 0x00, 0x00, 0x00,
    0x00, 0x00, 0x00, 0x00, 0x00, 0x00, 0x3F, 0x40, 0x00, 0x00, 0xFF, 0xC0, 0x00, 0x00, 0xFF, 0xC0,
    0x00, 0x00, 0xFF, 0xC0, 0x00, 0x00, 0x3F, 0x40, 0x00, 0x00, 0x00, 0x00, 0x00, 0x00, 0x00, 0x00,
    0x00, 0x00, 0x00, 0x00, 0x00, 0x00, 0x00, 0x00, 0x00, 0x00, 0x00, 0x00, 0x00, 0x00, 0x00, 0x00,
    0x03, 0xF4, 0x00, 0x00, 0x0F, 0xFC, 0x00, 0x00, 0x0F, 0xFC, 0x00, 0x00, 0x0F, 0xFC, 0x00, 0x00,
    0x03, 0xF4, 0x00, 0x7F, 0xC1, 0xFF, 0x07, 0xFC, 0x1F, 0xF0, 0x03, 0xFD, 0x0F, 0xF4, 0x3F, 0xD0,
    0xFF, 0x40, 0x1F, 0xF0, 0x7F, 0xC1, 0xFF, 0x07, 0xFC, 0x00, 0xFF, 0x03, 0xFC, 0x0F, 0xF0, 0x3F,
    0xC0, 0x07, 0xF8, 0x1F, 0xE0, 0x7F, 0x81, 0xFE, 0x00, 0x3F, 0xC0, 0xFF, 0x02, 0xFC, 0x0B, 0xF0,
    0x01, 0xFD, 0x03, 0xF4, 0x0F, 0xD0, 0x3F, 0x40, 0x0F, 0xE0, 0x2F, 0x80, 0xBE, 0x02, 0xF8, 0x00,
    0x3F, 0x00, 0xFC, 0x03, 0xF0, 0x0F, 0xC0, 0x00, 0x00, 0x00, 0x03, 0xF4, 0x00, 0x00, 0x00, 0x00,
    0x00, 0xFF, 0xC0, 0x00, 0x00, 0x00, 0x00, 0x0F, 0xFC, 0x00, 0x00, 0x00, 0x00, 0x00, 0xFF, 0xC0,
    0x00, 0x00, 0x00, 0x00, 0x03, 0xF4, 0x00, 0x00, 0x00, 0x00, 0x00, 0x00, 0x00, 0x00, 0x00, 0x00,
    0x00, 0x00, 0x00, 0x00, 0x00, 0x00, 0x00, 0x00, 0x00, 0x00, 0x00, 0x00, 0x00, 0x00, 0x00, 0x00,
    0x00, 0x00, 0x03, 0xF4, 0x00, 0x00, 0x00, 0x03, 0xF4, 0xFF, 0xC0, 0x00, 0x00, 0x00, 0xFF, 0xCF,
    0xFC, 0x00, 0x00, 0x00, 0x0F, 0xFC, 0xFF, 0xC0, 0x00, 0x00, 0x00, 0xFF, 0xC3, 0xF4, 0x00, 0x00,
    0x00, 0x03, 0xF4, 0x00, 0x00, 0x00, 0x00, 0x00, 0x00, 0x00, 0x00, 0x00, 0x00, 0x00, 0x00, 0x00,
    0x00, 0x00, 0x00, 0x00, 0x00, 0x00, 0x00, 0x00, 0x00, 0x00, 0x00, 0x00, 0x00, 0x00, 0x00, 0x00,
    0x00, 0x00, 0x00, 0x00, 0x00, 0x00, 0x3F, 0x40, 0x00, 0x00, 0x00, 0x00, 0x0F, 0xFC, 0x00, 0x00,
    0x00, 0x00, 0x00, 0xFF, 0xC0, 0x00, 0x00, 0x00, 0x00, 0x0F, 0xFC, 0x00, 0x00, 0x00, 0x00, 0x00,
    0x3F, 0x40, 0x00, 0x00, 0x3F, 0x40, 0x00, 0x00, 0x00, 0x3F, 0x4F, 0xFC, 0x00, 0x00, 0x00, 0x0F,
    0xFC, 0xFF, 0xC0, 0x00, 0x00, 0x00, 0xFF, 0xCF, 0xFC, 0x00, 0x00, 0x00, 0x0F, 0xFC, 0x3F, 0x40,
    0x00, 0x00, 0x00, 0x3F, 0x40, 0x00, 0x00, 0x00, 0x00, 0x00, 0x00, 0x00, 0x00, 0x00, 0x00, 0x00,
    0x00, 0x00, 0x00, 0x00, 0x00, 0x00, 0x00, 0x00, 0x00, 0x00, 0x00, 0x00, 0x00, 0x00, 0x00, 0x00,
    0x00, 0x3F, 0x40, 0x00, 0x00, 0x00, 0x00, 0x0F, 0xFC, 0x00, 0x00, 0x00, 0x00, 0x00, 0xFF, 0xC0,
    0x00, 0x00, 0x00, 0x00, 0x0F, 0xFC, 0x00, 0x00, 0x00, 0x00, 0x00, 0x3F, 0x40, 0x00, 0x00, 0x00,
    0x00, 0x00, 0x00, 0x00, 0x00, 0x00, 0x00, 0x00, 0x00, 0x00, 0x00, 0x00, 0x00, 0x00, 0x00, 0x00,
    0x00, 0x00, 0x00, 0x00, 0x00, 0x00, 0x00, 0x00, 0x00, 0x00, 0x00, 0x00, 0x00, 0x00, 0x00, 0x03,
    0xF4, 0x00, 0x00, 0x00, 0x03, 0xF4, 0xFF, 0xC0, 0x00, 0x00, 0x00, 0xFF, 0xCF, 0xFC, 0x00, 0x00,
    0x00, 0x0F, 0xFC, 0xFF, 0xC0, 0x00, 0x00, 0x00, 0xFF, 0xC3, 0xF4, 0x00, 0x00, 0x00, 0x03, 0xF4,
    0x3F, 0x0F, 0xFC, 0xFF, 0xCF, 0xFC, 0xBF, 0xC3, 0xF0, 0x00, 0x00, 0x00, 0x00, 0x00, 0x00, 0x00,
    0x00, 0x00, 0x00, 0x00, 0x00, 0x00, 0x00, 0x00, 0x00, 0x00, 0x00, 0x3F, 0x0F, 0xFC, 0xFF, 0xCF,
    0xFC, 0xBF, 0xC3, 0xF0, 0x00, 0x00, 0xFC, 0x00, 0x00, 0x00, 0x03, 0xFF, 0x00, 0x00, 0x00, 0x03,
    0xFF, 0x00, 0x00, 0x00, 0x03, 0xFF, 0x00, 0x00, 0x00, 0x02, 0xFF, 0x00, 0x00, 0x00, 0x00, 0xFC,
    0x00, 0x00, 0x00, 0x00, 0x00, 0x00, 0x00, 0x00, 0x00, 0x00, 0x00, 0x00, 0x00, 0x00, 0x00, 0x00,
    0x00, 0x00, 0x00, 0x00, 0x00, 0x00, 0x3F, 0x00, 0x00, 0x03, 0xF0, 0xFF, 0xC0, 0x00, 0x0F, 0xFC,
    0xFF, 0xC0, 0x00, 0x0F, 0xFC, 0xFF, 0xC0, 0x00, 0x0F, 0xFC, 0xBF, 0xC0, 0x00, 0x0B, 0xFC, 0x3F,
    0x00, 0x00, 0x03, 0xF0, 0x00, 0x00, 0x00, 0x00, 0x00, 0x00, 0x00, 0x00, 0x00, 0x00, 0x00, 0x00,
    0x00, 0x00, 0x00, 0x00, 0x00, 0x00, 0x00, 0x00, 0x00, 0x00, 0x00, 0x00, 0x00, 0x00, 0x00, 0xFC,
    0x00, 0x00, 0x00, 0x03, 0xFF, 0x00, 0x00, 0x00, 0x03, 0xFF, 0x00, 0x00, 0x00, 0x03, 0xFF, 0x00,
    0x00, 0x00, 0x02, 0xFF, 0x00, 0x00, 0x00, 0x00, 0xFC, 0x00, 0x00, 0x00, 0x00, 0x03, 0xFC, 0x00,
    0x00, 0x00, 0x00, 0x00, 0x3F, 0xC0, 0x00, 0x00, 0x03, 0xF0, 0x03, 0xFC, 0x00, 0xFC, 0x00, 0xFF,
    0xC0, 0x3F, 0xC0, 0x3F, 0xF0, 0x0F, 0xFC, 0x03, 0xFC, 0x03, 0xFF, 0x00, 0xFF, 0xC0, 0x3F, 0xC0,
    0x3F, 0xF0, 0x0B, 0xFC, 0x03, 0xFC, 0x03, 0xFE, 0x00, 0x3F, 0x00, 0x3F, 0xC0, 0x0F, 0xC0, 0x00,
    0x00, 0x03, 0xFC, 0x00, 0x00, 0x00, 0x00, 0x00, 0x3F, 0xC0, 0x00, 0x00, 0x00, 0x00, 0x03, 0xFC,
    0x00, 0x00, 0x00, 0x00, 0x00, 0x3F, 0xC0, 0x00, 0x00, 0xFF, 0xFF, 0xFF, 0xFF, 0xFF, 0xFF, 0xFF,
    0xFF, 0xFF, 0xFF, 0xFF, 0xFF, 0xFF, 0xFF, 0xFF, 0xFF, 0xFF, 0xFF, 0xFF, 0xFF, 0xFF, 0xFF, 0xFF,
    0xFF, 0xFF, 0xFF, 0x00, 0x00, 0x03, 0xFC, 0x00, 0x00, 0x00, 0x00, 0x00, 0x3F, 0xC0, 0x00, 0x00,
    0x00, 0x00, 0x03, 0xFC, 0x00, 0x00, 0x00, 0x3F, 0x00, 0x3F, 0xC0, 0x0F, 0xC0, 0x0F, 0xFC, 0x03,
    0xFC, 0x03, 0xFF, 0x00, 0xFF, 0xC0, 0x3F, 0xC0, 0x3F, 0xF0, 0x0F, 0xFC, 0x03, 0xFC, 0x03, 0xFF,
    0x00, 0xBF, 0xC0, 0x3F, 0xC0, 0x3F, 0xE0, 0x03, 0xF0, 0x03, 0xFC, 0x00, 0xFC, 0x00, 0x00, 0x00,
    0x3F, 0xC0, 0x00, 0x00, 0x00, 0x00, 0x03, 0xFC, 0x00, 0x00, 0x00, 0x2F, 0x8B, 0xFE, 0xFF, 0xFF,
    0xFF, 0xBF, 0xE2, 0xF8, 0x00, 0x00, 0x00, 0x00, 0x00, 0x00, 0x2F, 0x8B, 0xFE, 0xFF, 0xFF, 0xFF,
    0xBF, 0xE2, 0xF8, 0x00, 0x00, 0x00, 0x00, 0x00, 0x00, 0x2F, 0x8B, 0xFE, 0xFF, 0xFF, 0xFF, 0xBF,
    0xE2, 0xF8, 0x3F, 0x4F, 0xFC, 0xFF, 0xCF, 0xFC, 0x3F, 0x43, 0xF4, 0xFF, 0xCF, 0xFC, 0xFF, 0xC3,
    0xF4, 0x00, 0x00, 0x00, 0x3F, 0x4F, 0xFC, 0xFF, 0xCF, 0xFC, 0x3F, 0x40, 0x00, 0x00, 0x03, 0xF4,
    0xFF, 0xCF, 0xFC, 0xFF, 0xC3, 0xF4, 0xFF, 0xFF, 0x07, 0x00, 0x03, 0x00, 0x03, 0x00, 0x03, 0x00,
    0x03, 0x00, 0xFF, 0xFF, 0x07, 0x00, 0x03, 0x00, 0x03, 0x00, 0x03, 0x00, 0x03, 0x00, 0x03, 0x00,
    0x03, 0x00, 0x03, 0x00, 0x03, 0x00, 0x03, 0x00, 0x03, 0x00, 0x03, 0x00, 0x03, 0x00, 0x03, 0x00,
    0x03, 0x00, 0x03, 0x00, 0x03, 0x00, 0x03, 0x00, 0x03, 0x00, 0x03, 0x00, 0x03, 0x00, 0x00, 0x00,
    0x3F, 0xFF, 0x30, 0x07, 0x30, 0x03, 0x30, 0x03, 0x30, 0x03, 0x30, 0x03, 0x3F, 0xFF, 0x01, 0xC0,
    0x00, 0xC0, 0x00, 0xC0, 0x00, 0xC0, 0x00, 0xC0, 0x00, 0xC0, 0x00, 0xC0, 0x00, 0xC0, 0x00, 0xC0,
    0x00, 0xC0, 0x00, 0xC0, 0x00, 0xC0, 0x00, 0xC0, 0x00, 0xC0, 0x00, 0xC0, 0x00, 0xC0, 0x00, 0xC0,
    0x00, 0xC0, 0x00, 0xC0, 0x00, 0xC0, 0x00, 0xC0, 0x00, 0x00, 0x3F, 0xFF, 0x0B, 0xFF, 0x40, 0xFF,
    0xC0, 0x2F, 0xD0, 0x03, 0xF0, 0x00, 0x74, 0x00, 0x0C, 0x00, 0x03, 0x00, 0x00, 0xC0, 0x00, 0x30,
    0x00, 0x0C, 0x00, 0x03, 0x00, 0x00, 0xC0, 0x00, 0x30, 0x00, 0x0C, 0x00, 0x03, 0x00, 0x00, 0xC0,
    0x00, 0x30, 0x00, 0x0C, 0x00, 0x03, 0x00, 0x00, 0xC0, 0x00, 0x30, 0x00, 0x0C, 0x00, 0x03, 0x00,
    0x00, 0xC0, 0x00, 0x30, 0x00, 0x0C, 0x00, 0x03, 0x00, 0x00, 0x00, 0x00, 0x30, 0x00, 0x2D, 0x00,
    0x0F, 0xC0, 0x0B, 0xF4, 0x03, 0xFF, 0x02, 0xFF, 0xD0, 0xFF, 0xFC, 0x00, 0xC0, 0x00, 0x30, 0x00,
    0x0C, 0x00, 0x03, 0x00, 0x00, 0xC0, 0x00, 0x30, 0x00, 0x0C, 0x00, 0x03, 0x00, 0x00, 0xC0, 0x00,
    0x30, 0x00, 0x0C, 0x00, 0x03, 0x00, 0x00, 0xC0, 0x00, 0x30, 0x00, 0x0C, 0x00, 0x03, 0x00, 0x00,
    0xC0, 0x00, 0x30, 0x00, 0x0C, 0x00, 0x03, 0x00, 0x00, 0xC0, 0x00, 0x00, 0x00, 0x00, 0x70, 0x00,
    0x7F, 0x00, 0x78, 0xB0, 0x38, 0x0F, 0x07, 0x4B, 0x00, 0x7F, 0x00, 0x07, 0x00, 0x00, 0xC0, 0x00,
    0x30, 0x00, 0x0C, 0x00, 0x03, 0x00, 0x00, 0xC0, 0x00, 0x30, 0x00, 0x0C, 0x00, 0x03, 0x00, 0x00,
    0xC0, 0x00, 0x30, 0x00, 0x0C, 0x00, 0x03, 0x00, 0x00, 0xC0, 0x00, 0x30, 0x00, 0x0C, 0x00, 0x03,
    0x00, 0x00, 0xC0, 0x00, 0x30, 0x00, 0x0C, 0x00, 0x03, 0x00, 0x00, 0xC0, 0x00, 0xFF, 0x00, 0x07,
    0x00, 0x03, 0x00, 0x03, 0x00, 0x03, 0x00, 0x03, 0x00, 0xFF, 0xFF, 0x07, 0x00, 0x03, 0x00, 0x03,
    0x00, 0x03, 0x00, 0x03, 0x00, 0x03, 0x00, 0x03, 0x00, 0x03, 0x00, 0x03, 0x00, 0x03, 0x00, 0x03,
    0x00, 0x03, 0x00, 0x03, 0x00, 0x03, 0x00, 0x03, 0x00, 0x03, 0x00, 0x03, 0x00, 0x03, 0x00, 0x03,
    0x00, 0x03, 0x00, 0x03, 0x00, 0x00, 0x00, 0x02, 0xFE, 0x00, 0x1F, 0xFF, 0xD0, 0x3F, 0xFF, 0xF0,
    0x7F, 0xDF, 0xF4, 0xBF, 0x47, 0xFC, 0xFF, 0x03, 0xFC, 0xFF, 0x03, 0xFC, 0xFF, 0x03, 0xFC, 0xFF,
    0x03, 0xFC, 0xFF, 0x03, 0xFC, 0xBF, 0x47, 0xFC, 0x7F, 0xDF, 0xF4, 0x3F, 0xFF, 0xF0, 0x0F, 0xFF,
    0xD0, 0x02, 0xFE, 0x00, 0xBC, 0xFD, 0xBC, 0x00, 0xFD, 0xFD, 0xFD, 0xFD, 0xFD, 0xFD, 0xFD, 0xFD,
    0xFD, 0xFD, 0xFD, 0x00, 0x0A, 0xA0, 0x00, 0x3F, 0xF0, 0x00, 0xBF, 0xF0, 0x01, 0xFF, 0xF0, 0x03,
    0xEF, 0xF0, 0x0B, 0xCF, 0xF0, 0x1F, 0x4F, 0xF0, 0x3E, 0x0F, 0xF0, 0xBD, 0x5F, 0xF5, 0xFF, 0xFF,
    0xFF, 0xFF, 0xFF, 0xFF, 0xFF, 0xFF, 0xFF, 0x00, 0x0F, 0xF0, 0x00, 0x0F, 0xF0, 0x00, 0x0A, 0xA0,
    0x2F, 0xFF, 0xF0, 0x3F, 0xFF, 0xF0, 0x3F, 0xFF, 0xF0, 0x3F, 0x55, 0x50, 0x3F, 0x00, 0x00, 0x3F,
    0xFE, 0x40, 0x3F, 0xFF, 0xE0, 0x3F, 0xFF, 0xF8, 0x00, 0x0B, 0xFC, 0x00, 0x03, 0xFC, 0x00, 0x03,
    0xFC, 0xB9, 0x6F, 0xFC, 0xBF, 0xFF, 0xF4, 0xBF, 0xFF, 0xE0, 0x1B, 0xFE, 0x40, 0x00, 0xBF, 0xE0,
    0x1F, 0xFF, 0xC1, 0xFF, 0xFF, 0x0F, 0xFE, 0x54, 0x7F, 0xC0, 0x02, 0xFD, 0x00, 0x0F, 0xF7, 0xFD,
    0x3F, 0xFF, 0xFD, 0xFF, 0x87, 0xFF, 0xFC, 0x0F, 0xFF, 0xF4, 0x3F, 0xEF, 0xF7, 0xFF, 0x3F, 0xFF,
    0xF4, 0x7F, 0xFF, 0x80, 0x2F, 0xF4, 0x00, 0x55, 0x55, 0x57, 0xFF, 0xFF, 0xFF, 0xFF, 0xFF, 0xFF,
    0xFF, 0xFF, 0x00, 0x03, 0xF8, 0x00, 0x2F, 0xC0, 0x00, 0xFE, 0x00, 0x0B, 0xF0, 0x00, 0x3F, 0xC0,
    0x01, 0xFD, 0x00, 0x0F, 0xF0, 0x00, 0x7F, 0x40, 0x03, 0xFC, 0x00, 0x1F, 0xE0, 0x00, 0xFF, 0x00,
    0x02, 0xA4, 0x00, 0x02, 0xFE, 0x00, 0x7F, 0xFF, 0x43, 0xFF, 0xFF, 0x0F, 0xC0, 0xFC, 0x3F, 0x03,
    0xF0, 0xBF, 0x6F, 0x40, 0xFF, 0xF4, 0x03, 0xFF, 0xE0, 0x7F, 0xEF, 0xF3, 0xF4, 0x1F, 0xFF, 0xC0,
    0x3F, 0xFF, 0x41, 0xFF, 0xBF, 0xFF, 0xF8, 0xFF, 0xFF, 0xC0, 0x7F, 0xF4, 0x00, 0x00, 0x54, 0x00,
    0x0B, 0xFF, 0x80, 0x3F, 0xFF, 0xE0, 0xBF, 0xFF, 0xF4, 0xFF, 0x8B, 0xF8, 0xFF, 0x03, 0xFC, 0xFF,
    0x03, 0xFC, 0xFF, 0x8B, 0xFC, 0x7F, 0xFF, 0xFC, 0x1F, 0xF7, 0xFC, 0x00, 0x07, 0xF8, 0x00, 0x0F,
    0xF4, 0x15, 0x7F, 0xF0, 0x3F, 0xFF, 0xD0, 0x3F, 0xFF, 0x80, 0x2F, 0xF8, 0x00, 0x03, 0xF0, 0x00,
    0x3F, 0x00, 0x03, 0xF0, 0x00, 0x3F, 0x00, 0xFF, 0xFF, 0xFF, 0xFF, 0xFF, 0x03, 0xF0, 0x00, 0x3F,
    0x00, 0x03, 0xF0, 0x00, 0x3F, 0x00, 0x55, 0x55, 0x5F, 0xFF, 0xFF, 0xFF, 0xFF, 0xF0, 0x00, 0x00,
    0x0F, 0xFF, 0xFF, 0xFF, 0xFF, 0xF0, 0x00, 0x00, 0x00, 0x00, 0x0F, 0xFF, 0xFF, 0xFF, 0xFF, 0xF0,
    0x07, 0xE0, 0xFC, 0x2F, 0x43, 0xF0, 0x7E, 0x0B, 0xD0, 0xFD, 0x0F, 0xC0, 0xFC, 0x0F, 0xC0, 0xFC,
    0x0F, 0xC0, 0xFD, 0x0B, 0xD0, 0x7E, 0x03, 0xF0, 0x2F, 0x40, 0xFC, 0x07, 0xE0, 0xBD, 0x03, 0xF0,
    0x1F, 0x80, 0xFC, 0x0B, 0xD0, 0x7E, 0x07, 0xF0, 0x3F, 0x03, 0xF0, 0x3F, 0x03, 0xF0, 0x3F, 0x07,
    0xE0, 0x7E, 0x0B, 0xD0, 0xFC, 0x1F, 0x83, 0xF0, 0xBD, 0x00, 0xF4, 0xBF, 0x93, 0xFF, 0xFF, 0xDF,
    0xF4, 0x3F, 0xFF, 0x40, 0x3F, 0xFC, 0x00, 0xFF, 0xF0, 0x03, 0xFF, 0xC0, 0x0F, 0xFF, 0x00, 0x3F,
    0xFC, 0x00, 0xFF, 0xF0, 0x03, 0xFF, 0xC0, 0x0F, 0xC0, 0x02, 0xFE, 0x00, 0x1F, 0xFF, 0xD0, 0x3F,
    0xFF, 0xF0, 0x7F, 0xDF, 0xF4, 0xBF, 0x47, 0xFC, 0xFF, 0x03, 0xFC, 0xFF, 0x03, 0xFC, 0xFF, 0x03,
    0xFC, 0xFF, 0x03, 0xFC, 0xFF, 0x03, 0xFC, 0xBF, 0x47, 0xFC, 0x7F, 0xDF, 0xF4, 0x3F, 0xFF, 0xF0,
    0x0F, 0xFF, 0xD0, 0x02, 0xFE, 0x00, 0x00, 0x3F, 0xC0, 0x1F, 0xFC, 0x0B, 0xFF, 0xC3, 0xFF, 0xFC,
    0x3F, 0x7F, 0xC0, 0xC3, 0xFC, 0x00, 0x3F, 0xC0, 0x03, 0xFC, 0x00, 0x3F, 0xC0, 0x03, 0xFC, 0x00,
    0x3F, 0xC0, 0x03, 0xFC, 0x00, 0x3F, 0xC0, 0x03, 0xFC, 0x01, 0xFF, 0x80, 0x1F, 0xFF, 0xF0, 0x3F,
    0xFF, 0xFC, 0x0F, 0x9B, 0xFC, 0x05, 0x03, 0xFC, 0x00, 0x03, 0xFC, 0x00, 0x0B, 0xF4, 0x00, 0x1F,
    0xF0, 0x00, 0x7F, 0xC0, 0x01, 0xFF, 0x00, 0x07, 0xFC, 0x00, 0x1F, 0xF5, 0x55, 0x3F, 0xFF, 0xFF,
    0x3F, 0xFF, 0xFF, 0x3F, 0xFF, 0xFF, 0x00, 0x15, 0x00, 0x01, 0xFF, 0xFD, 0x02, 0xFF, 0xFF, 0xD0,
    0xBF, 0xFF, 0xFC, 0x0E, 0x41, 0xFF, 0x00, 0x00, 0x3F, 0xC0, 0x00, 0x2F, 0xD0, 0x07, 0xFF, 0xD0,
    0x01, 0xFF, 0xE0, 0x00, 0x7F, 0xFF, 0x00, 0x00, 0x1F, 0xF0, 0x00, 0x03, 0xFC, 0x3E, 0x57, 0xFF,
    0x0F, 0xFF, 0xFF, 0x83, 0xFF, 0xFF, 0xC0, 0x1B, 0xFE, 0x40, 0x00, 0x1F, 0xF0, 0x00, 0x3F, 0xF0,
    0x00, 0xFF, 0xF0, 0x01, 0xFF, 0xF0, 0x03, 0xDF, 0xF0, 0x0F, 0xCF, 0xF0, 0x1F, 0x4F, 0xF0, 0x3E,
    0x0F, 0xF0, 0xBD, 0x5F, 0xF5, 0xFF, 0xFF, 0xFF, 0xFF, 0xFF, 0xFF, 0xFF, 0xFF, 0xFF, 0x00, 0x0F,
    0xF0, 0x00, 0x0F, 0xF0, 0x00, 0x0A, 0xA0, 0x2F, 0xFF, 0xF0, 0x3F, 0xFF, 0xF0, 0x3F, 0xFF, 0xF0,
    0x3F, 0x55, 0x50, 0x3F, 0x00, 0x00, 0x3F, 0xFE, 0x40, 0x3F, 0xFF, 0xE0, 0x3F, 0xFF, 0xF8, 0x00,
    0x0B, 0xFC, 0x00, 0x03, 0xFC, 0x00, 0x03, 0xFC, 0xB9, 0x6F, 0xFC, 0xBF, 0xFF, 0xF4, 0xBF, 0xFF,
    0xE0, 0x1B, 0xFE, 0x40, 0x00, 0x05, 0x40, 0x0B, 0xFF, 0xC0, 0xFF, 0xFF, 0x0B, 0xFF, 0xFC, 0x3F,
    0xE0, 0x02, 0xFF, 0x00, 0x0B, 0xF4, 0x00, 0x3F, 0xDF, 0xF4, 0xFF, 0xFF, 0xF7, 0xFE, 0x1F, 0xFF,
    0xF0, 0x3F, 0xFF, 0xD0, 0xFF, 0x7F, 0xDF, 0xFC, 0xFF, 0xFF, 0xD1, 0xFF, 0xFE, 0x00, 0xBF, 0xD0,
    0x55, 0x55, 0x57, 0xFF, 0xFF, 0xFF, 0xFF, 0xFF, 0xFF, 0xFF, 0xFF, 0x00, 0x03, 0xF8, 0x00, 0x2F,
    0xC0, 0x00, 0xFE, 0x00, 0x0B, 0xF0, 0x00, 0x3F, 0xC0, 0x01, 0xFD, 0x00, 0x0F, 0xF0, 0x00, 0x7F,
    0x40, 0x03, 0xFC, 0x00, 0x1F, 0xE0, 0x00, 0xFF, 0x00, 0x02, 0xA4, 0x00, 0x02, 0xFE, 0x00, 0x7F,
    0xFF, 0x43, 0xFF, 0xFF, 0x0F, 0xC0, 0xFC, 0x3F, 0x03, 0xF0, 0xBF, 0x6F, 0x40, 0xFF, 0xF4, 0x03,
    0xFF, 0xE0, 0x3F, 0xEF, 0xF3, 0xF4, 0x1F, 0xFF, 0xC0, 0x3F, 0xFF, 0x41, 0xFF, 0xBF, 0xFF, 0xF8,
    0xFF, 0xFF, 0xC0, 0x7F, 0xF4, 0x00, 0x00, 0x54, 0x00, 0x0B, 0xFF, 0x80, 0x3F, 0xFF, 0xE0, 0xBF,
    0xFF, 0xF4, 0xFF, 0x8B, 0xF8, 0xFF, 0x03, 0xFC, 0xFF, 0x03, 0xFC, 0xFF, 0x87, 0xFC, 0x7F, 0xFF,
    0xFC, 0x1F, 0xF7, 0xFC, 0x00, 0x07, 0xF8, 0x00, 0x0F, 0xF4, 0x15, 0xBF, 0xF0, 0x3F, 0xFF, 0xD0,
    0x3F, 0xFF, 0x80, 0x2F, 0xF8, 0x00, 0x03, 0xF0, 0x00, 0x3F, 0x00, 0x03, 0xF0, 0x00, 0x3F, 0x00,
    0xFF, 0xFF, 0xFF, 0xFF, 0xFF, 0x03, 0xF0, 0x00, 0x3F, 0x00, 0x03, 0xF0, 0x00, 0x3F, 0x00, 0x55,
    0x55, 0x5F, 0xFF, 0xFF, 0xFF, 0xFF, 0xF0, 0x00, 0x00, 0x0F, 0xFF, 0xFF, 0xFF, 0xFF, 0xF0, 0x00,
    0x00, 0x00, 0x00, 0x0F, 0xFF, 0xFF, 0xFF, 0xFF, 0xF0, 0x07, 0xE0, 0xFC, 0x2F, 0x43, 0xF0, 0x7E,
    0x0B, 0xD0, 0xFD, 0x0F, 0xC0, 0xFC, 0x0F, 0xC0, 0xFC, 0x0F, 0xC0, 0xFD, 0x0B, 0xD0, 0x7E, 0x03,
    0xF0, 0x2F, 0x40, 0xFC, 0x07, 0xE0, 0xBD, 0x03, 0xF0, 0x1F, 0x80, 0xFC, 0x0B, 0xD0, 0x7E, 0x07,
    0xF0, 0x3F, 0x03, 0xF0, 0x3F, 0x03, 0xF0, 0x3F, 0x07, 0xF0, 0x7E, 0x0B, 0xD0, 0xFC, 0x1F, 0x83,
    0xF0, 0xBD, 0x00, 0x07, 0xFF, 0x40, 0xBF, 0xFF, 0x80, 0xE5, 0xBF, 0x00, 0x00, 0xFD, 0x0B, 0xFF,
    0xF5, 0xFF, 0xFF, 0xDF, 0xF5, 0x7F, 0x7F, 0x40, 0xFD, 0xFF, 0x5F, 0xF5, 0xFF, 0xFB, 0xD1, 0xFE,
    0x0F, 0x40, 0x06, 0xFF, 0x40, 0xBF, 0xFF, 0x87, 0xF9, 0x7F, 0x6F, 0x80, 0x7F, 0xFF, 0xFF, 0xFF,
    0xFF, 0xFF, 0xFF, 0xE5, 0x55, 0x6F, 0x80, 0x00, 0x7F, 0x95, 0xB4, 0x7F, 0xFF, 0xD0, 0x2F, 0xFE,
    0x00, 0x06, 0xFF, 0x40, 0x2F, 0xFF, 0xE0, 0x7F, 0x97, 0xF8, 0xBE, 0x01, 0xFC, 0xFD, 0x00, 0xFC,
    0xFD, 0x00, 0xFD, 0xFD, 0x00, 0xFC, 0xBE, 0x01, 0xFC, 0x7F, 0x97, 0xF8, 0x1F, 0xFF, 0xE0, 0x02,
    0xFF, 0x40, 0x7F, 0x40, 0xFF, 0x0B, 0xF0, 0x7F, 0x00, 0xFE, 0x3F, 0x40, 0x0F, 0xFF, 0x80, 0x02,
    0xFF, 0xC0, 0x00, 0x3F, 0xE0, 0x00, 0x2F, 0xFC, 0x00, 0x1F, 0xEF, 0xC0, 0x0F, 0xD3, 0xF8, 0x0F,
    0xF0, 0x3F, 0x4B, 0xF0, 0x0B, 0xF0, 0x1B, 0xFE, 0x01, 0xFF, 0xFF, 0x47, 0x95, 0xBF, 0x40, 0x00,
    0xBE, 0x55, 0x56, 0xFF, 0xFF, 0xFF, 0xFF, 0xFF, 0xFF, 0xFF, 0x40, 0x7E, 0x7F, 0x57, 0xF4, 0xBF,
    0xFF, 0x80, 0x7F, 0xE4, 0x00, 0xFC, 0x00, 0x03, 0xF0, 0x00, 0x0F, 0xC0, 0x00, 0x3F, 0x00, 0x00,
    0xFC, 0xBF, 0x83, 0xFF, 0xFF, 0xDF, 0xF4, 0x3F, 0xFF, 0x40, 0x3F, 0xFC, 0x00, 0xFF, 0xF0, 0x03,
    0xFF, 0xC0, 0x0F, 0xFF, 0x00, 0x3F, 0xFC, 0x00, 0xFF, 0xF0, 0x03, 0xFF, 0xC0, 0x0F, 0xC0, 0xFC,
    0x00, 0x00, 0xFC, 0x00, 0x00, 0xFC, 0x00, 0x00, 0xFC, 0x00, 0x00, 0xFC, 0x03, 0xF8, 0xFC, 0x0F,
    0xE0, 0xFC, 0x3F, 0x80, 0xFC, 0xFF, 0x00, 0xFE, 0xFC, 0x00, 0xFF, 0xFC, 0x00, 0xFF, 0xFF, 0x00,
    0xFC, 0x3F, 0x80, 0xFC, 0x0F, 0xD0, 0xFC, 0x07, 0xF4, 0xFC, 0x02, 0xFC, 0xFF, 0xFF, 0xFF, 0xFF,
    0xFF, 0xFF, 0xFF, 0xFF, 0xFF, 0xFF, 0xFF, 0xC0, 0xF4, 0xBF, 0x46, 0xFD, 0x3F, 0xFF, 0xFF, 0xFF,
    0xDF, 0xF4, 0xBF, 0xD2, 0xFF, 0xF4, 0x0F, 0xD0, 0x3F, 0xFC, 0x03, 0xF0, 0x0F, 0xFF, 0x00, 0xFC,
    0x03, 0xFF, 0xC0, 0x3F, 0x00, 0xFF, 0xF0, 0x0F, 0xC0, 0x3F, 0xFC, 0x03, 0xF0, 0x0F, 0xFF, 0x00,
    0xFC, 0x03, 0xFF, 0xC0, 0x3F, 0x00, 0xFC, 0xF4, 0xBF, 0x93, 0xFF, 0xFF, 0xDF, 0xF4, 0x3F, 0xFF,
    0x40, 0x3F, 0xFC, 0x00, 0xFF, 0xF0, 0x03, 0xFF, 0xC0, 0x0F, 0xFF, 0x00, 0x3F, 0xFC, 0x00, 0xFF,
    0xF0, 0x03, 0xFF, 0xC0, 0x0F, 0xC0, 0xF8, 0xBF, 0x83, 0xFF, 0xFF, 0xCF, 0xF4, 0x7F, 0x7F, 0x40,
    0x7F, 0xFC, 0x00, 0xFF, 0xF0, 0x03, 0xFF, 0xC0, 0x0F, 0xFF, 0x40, 0x7F, 0xFF, 0x47, 0xF7, 0xFF,
    0xFF, 0x8F, 0xCB, 0xF4, 0x3F, 0x00, 0x00, 0xFC, 0x00, 0x03, 0xF0, 0x00, 0x0F, 0xC0, 0x00, 0x3F,
    0x00, 0x00, 0x1B, 0xFE, 0x6F, 0xFF, 0xEF, 0xD0, 0x63, 0xF4, 0x00, 0xBF, 0xE4, 0x07, 0xFF, 0xC0,
    0x1B, 0xFC, 0x00, 0x3F, 0xE4, 0x1F, 0xFF, 0xFF, 0xDB, 0xFF, 0x90, 0x01, 0x80, 0x07, 0xC0, 0x0F,
    0xC0, 0x7F, 0xFF, 0xFF, 0xFF, 0x0F, 0xC0, 0x0F, 0xC0, 0x0F, 0xC0, 0x0F, 0xC0, 0x0F, 0xC0, 0x0F,
    0xC0, 0x0F, 0xE6, 0x0B, 0xFF, 0x02, 0xFE, 0x00, 0x7F, 0xF9, 0x00, 0x00, 0x3F, 0xFF, 0xF4, 0x00,
    0x0F, 0xFF, 0xFF, 0x00, 0x03, 0xFF, 0xFF, 0xF0, 0x00, 0x7F, 0xF8, 0x05, 0x00, 0x0B, 0xFE, 0x00,
    0x00, 0x00, 0xFF, 0xD0, 0x00, 0x00, 0x0F, 0xFC, 0x0F, 0xFF, 0xFE, 0xFF, 0xC0, 0xFF, 0xFF, 0xEF,
    0xFC, 0x0F, 0xFF, 0xFE, 0xFF, 0xD0, 0xFF, 0xFF, 0xDB, 0xFE, 0x0F, 0xF0, 0x00, 0x7F, 0xF4, 0xFF,
    0x00, 0x03, 0xFF, 0xFF, 0xFF, 0xFC, 0x1F, 0xFF, 0xFF, 0xFF, 0xC0, 0x7F, 0xFF, 0xFF, 0xFC, 0x00,
    0x7F, 0xFF, 0xFF, 0xC0, 0x00, 0x0F, 0xF0, 0x00, 0x00, 0x00, 0xFF, 0x00, 0x00, 0x00, 0x0F, 0xF0,
    0x00, 0x00, 0x00, 0xFF, 0xFF, 0xD0, 0x00, 0x0F, 0xFF, 0xFE, 0x00, 0x00, 0xFF, 0xFF, 0xE0, 0x00,
    0x0F, 0xFF, 0xFE, 0x00, 0x00, 0x0F, 0x0B, 0xC0, 0x00, 0x00, 0x7C, 0x2E, 0x00, 0x00, 0x02, 0xF4,
    0xF4, 0x00, 0x02, 0xFF, 0xFF, 0xE0, 0x00, 0xBF, 0xFF, 0xFF, 0xF0, 0x0B, 0xFF, 0xFF, 0xFF, 0xC0,
    0xBF, 0xFF, 0xFF, 0xFE, 0x07, 0xFF, 0xFF, 0x0F, 0xF4, 0x3F, 0xFD, 0xB8, 0x3D, 0x01, 0xFF, 0xD3,
    0xD0, 0xF0, 0x0B, 0xFF, 0x0F, 0x47, 0xC0, 0x3F, 0xF4, 0x3C, 0x2E, 0x00, 0xFF, 0xD1, 0xF0, 0xB8,
    0x03, 0xFF, 0x0B, 0x83, 0xD0, 0x0F, 0xFC, 0x3D, 0x0F, 0x00, 0x3F, 0xF0, 0xF4, 0x7C, 0x00, 0xFF,
    0xD3, 0xC2, 0xF0, 0x02, 0xFF, 0x9F, 0x0B, 0x80, 0x07, 0xFF, 0xB8, 0x3D, 0x00, 0x0F, 0xFF, 0xE0,
    0xF0, 0x00, 0x2F, 0xFF, 0x47, 0xC0, 0x40, 0x3F, 0xFF, 0xAF, 0xBF, 0x00, 0x7F, 0xFF, 0xFF, 0xFC,
    0x00, 0x7F, 0xFF, 0xFF, 0xF0, 0x00, 0x3F, 0xFF, 0xFF, 0xC0, 0x00, 0xFA, 0xFE, 0x90, 0x00, 0x03,
    0xC1, 0xF0, 0x00, 0x00, 0x1F, 0x0B, 0x80, 0x00, 0x00, 0x24, 0x19, 0x00, 0x00, 0x00, 0x02, 0xFF,
    0xF9, 0x00, 0x03, 0xFF, 0xFF, 0xFC, 0x01, 0xFF, 0xFF, 0xFF, 0xC0, 0x7F, 0xFF, 0xFF, 0xF4, 0x0F,
    0xFF, 0x40, 0x1B, 0x02, 0xFF, 0xC0, 0x00, 0x00, 0x3F, 0xF4, 0x00, 0x00, 0x07, 0xFF, 0x00, 0x00,
    0x00, 0xBF, 0xE0, 0x00, 0x00, 0x0F, 0xFD, 0x03, 0xE0, 0xFC, 0xFF, 0xC0, 0x3F, 0x3F, 0xCF, 0xFC,
    0x03, 0xFF, 0xFC, 0xFF, 0xC0, 0x3F, 0xFF, 0x8F, 0xFC, 0x03, 0xFF, 0x00, 0xFF, 0xD0, 0x3F, 0xC0,
    0x0B, 0xFE, 0x03, 0xFC, 0x00, 0xBF, 0xF0, 0x3F, 0xC0, 0x07, 0xFF, 0x83, 0xFC, 0x00, 0x3F, 0xFE,
    0x3F, 0xC1, 0x41, 0xFF, 0xFF, 0xFF, 0xF8, 0x0F, 0xFF, 0xFF, 0xFF, 0x80, 0x3F, 0xFF, 0xFF, 0xF8,
    0x00, 0xBF, 0xFF, 0xFF, 0x40, 0x00, 0xBF, 0xFE, 0x40, 0x0F, 0xFF, 0xFF, 0xFF, 0x83, 0xFF, 0xFF,
    0xFF, 0xE0, 0xFF, 0xFF, 0xFF, 0xF8, 0x3F, 0xFF, 0xFF, 0xFD, 0x0F, 0xFC, 0x00, 0x00, 0x03, 0xFF,
    0x00, 0x00, 0x00, 0xFF, 0xC0, 0x00, 0x00, 0x3F, 0xF0, 0x00, 0x00, 0x0F, 0xFC, 0x00, 0x00, 0x03,
    0xFF, 0x00, 0x00, 0x00, 0xFF, 0xFF, 0xFF, 0xF0, 0x3F, 0xFF, 0xFF, 0xFC, 0x0F, 0xFF, 0xFF, 0xFF,
    0x03, 0xFF, 0xFF, 0xFF, 0xC0, 0xFF, 0xC0, 0x00, 0x00, 0x3F, 0xF0, 0x00, 0x00, 0x0F, 0xFC, 0x00,
    0x00, 0x3F, 0xFF, 0xFF, 0xF0, 0x0F, 0xFF, 0xFF, 0xFC, 0x03, 0xFF, 0xFF, 0xFF, 0x00, 0x0F, 0xFC,
    0x00, 0x00, 0x03, 0xFF, 0x00, 0x00, 0x00, 0xFF, 0xC0, 0x00, 0x00, 0x3F, 0xF0, 0x00, 0x00, 0x00,
    0x06, 0xFF, 0xE4, 0x00, 0x0F, 0xFF, 0xFF, 0xC0, 0x0F, 0xFF, 0xFF, 0xF0, 0x0B, 0xFF, 0xFF, 0xF8,
    0x03, 0xFF, 0x80, 0x18, 0x00, 0xFF, 0xC0, 0x00, 0x00, 0x3F, 0xF0, 0x00, 0x00, 0x0F, 0xFC, 0x00,
    0x00, 0xFF, 0xFF, 0xFF, 0xF0, 0x3F, 0xFF, 0xFF, 0xFC, 0x0F, 0xFF, 0xFF, 0xFF, 0x00, 0x0F, 0xFC,
    0x00, 0x00, 0x03, 0xFF, 0x00, 0x00, 0x3F, 0xFF, 0xFF, 0xFC, 0x0F, 0xFF, 0xFF, 0xFF, 0x03, 0xFF,
    0xFF, 0xFF, 0xC0, 0x03, 0xFF, 0x00, 0x00, 0x01, 0xFF, 0x80, 0x00, 0x00, 0xFF, 0xC0, 0x00, 0x00,
    0xBF, 0xD0, 0x00, 0x00, 0xFF, 0xFF, 0xFF, 0xFF, 0xFF, 0xFF, 0xFF, 0xFF, 0xFF, 0xFF, 0xFF, 0xFF,
    0xFF, 0xFF, 0xFF, 0xFF, 0xFF, 0x00, 0x00, 0x00, 0x00, 0x3F, 0x00, 0x00, 0x00, 0x00, 0x00, 0x00,
    0x7F, 0x00, 0x00, 0x00, 0x00, 0x00, 0x00, 0xBD, 0x00, 0x00, 0x00, 0x00, 0x00, 0x00, 0xFC, 0x00,
    0x00, 0xFF, 0x02, 0xFF, 0x92, 0xFF, 0xFE, 0x00, 0xFF, 0x5F, 0xFF, 0xFB, 0xFF, 0xFF, 0xD0, 0xFF,
    0xFF, 0xFF, 0xFF, 0xFF, 0xFF, 0xF0, 0xFF, 0xFF, 0xFF, 0xFF, 0xFF, 0xFF, 0xF8, 0xFF, 0xF8, 0x0F,
    0xFF, 0xE0, 0x3F, 0xFC, 0xFF, 0xF0, 0x07, 0xFF, 0xC0, 0x1F, 0xFC, 0xFF, 0xD0, 0x03, 0xFF, 0x40,
    0x0F, 0xFC, 0xFF, 0xD0, 0x03, 0xFF, 0x40, 0x0F, 0xFC, 0xFF, 0xC0, 0x03, 0xFF, 0x00, 0x0F, 0xFC,
    0xFF, 0xC0, 0x03, 0xFF, 0x00, 0x0F, 0xFC, 0xFF, 0xC0, 0x03, 0xFF, 0x00, 0x0F, 0xFC, 0xFF, 0xC0,
    0x07, 0xFF, 0x00, 0x0F, 0xFC, 0xFF, 0xC0, 0x0F, 0xFF, 0x00, 0x0F, 0xFC, 0xFF, 0xC0, 0x0F, 0xFF,
    0x00, 0x0F, 0xFC, 0xFF, 0xC0, 0x2F, 0xFF, 0x00, 0x0F, 0xFC, 0xFF, 0xC0, 0x3F, 0xFF, 0x00, 0x0F,
    0xFC, 0xFF, 0xC0, 0x7F, 0xFF, 0x00, 0x0F, 0xFC, 0xFF, 0xC0, 0xFF, 0xFF, 0x00, 0x0F, 0xFC, 0xFF,
    0xC1, 0xFF, 0xFF, 0x00, 0x0F, 0xFC, 0x00, 0x03, 0xF4, 0x00, 0x00, 0x00, 0x00, 0x00, 0x03, 0xF0,
    0x00, 0x00, 0x00, 0x00, 0x00, 0x0B, 0xD0, 0x00, 0x00, 0x00, 0x00, 0x00, 0x0F, 0xC0, 0x00, 0x00,
    0x00, 0x00, 0x0F, 0xFE, 0x00, 0x3F, 0xC0, 0xFF, 0xF0, 0x03, 0xFC, 0x0F, 0xFF, 0x40, 0x3F, 0xC0,
    0xFF, 0xF8, 0x03, 0xFC, 0x0F, 0xFF, 0xC0, 0x3F, 0xC0, 0xFF, 0xFC, 0x03, 0xFC, 0x0F, 0xFB, 0xE0,
    0x3F, 0xC0, 0xFF, 0x7F, 0x03, 0xFC, 0xFF, 0xFF, 0xFF, 0xFF, 0xFF, 0xFF, 0xFF, 0xFF, 0xFF, 0xAF,
    0xFA, 0xFE, 0xBF, 0xE0, 0xFF, 0x0F, 0xC3, 0xFC, 0x0F, 0xF0, 0xFD, 0x3F, 0xCF, 0xFF, 0xFF, 0xFF,
    0xFF, 0xFF, 0xFF, 0xFF, 0xFF, 0xFF, 0xFF, 0xFF, 0xFF, 0xFF, 0x0F, 0xF0, 0x3F, 0x7F, 0xC0, 0xFF,
    0x02, 0xFB, 0xFC, 0x0F, 0xF0, 0x0F, 0xFF, 0xC0, 0xFF, 0x00, 0xFF, 0xFC, 0x0F, 0xF0, 0x0B, 0xFF,
    0xC0, 0xFF, 0x00, 0x7F, 0xFC, 0x0F, 0xF0, 0x03, 0xFF, 0xC0, 0xFF, 0x00, 0x2F, 0xFC, 0xFF, 0xFF,
    0xE4, 0x00, 0x00, 0x00, 0x0F, 0xFF, 0xFF, 0xF4, 0x00, 0x00, 0x00, 0xFF, 0xFF, 0xFF, 0xD0, 0x00,
    0x00, 0x0F, 0xFF, 0xFF, 0xFF, 0x00, 0x00, 0x00, 0xFF, 0xC0, 0x7F, 0xF8, 0x00, 0x00, 0x0F, 0xFC,
    0x01, 0xFF, 0xC0, 0x15, 0x00, 0xFF, 0xC0, 0x0F, 0xFC, 0x03, 0xF0, 0x0F, 0xFC, 0x00, 0xFF, 0xC0,
    0xBF, 0x00, 0xFF, 0xC0, 0x0F, 0xFC, 0x0F, 0xF0, 0x0F, 0xFC, 0x02, 0xFF, 0xC1, 0xFF, 0xFF, 0xFF,
    0xC0, 0xBF, 0xF8, 0xBF, 0xFF, 0xFF, 0xFF, 0xFF, 0xFF, 0x3F, 0xFF, 0xFF, 0xFF, 0xFF, 0xFF, 0xD3,
    0xFF, 0xFF, 0xFF, 0xFF, 0xFF, 0xF0, 0x03, 0xFF, 0x00, 0xFF, 0xFF, 0xA0, 0x00, 0x3F, 0xF0, 0x0F,
    0xFC, 0x00, 0x00, 0x03, 0xFF, 0x00, 0xFF, 0xC0, 0x00, 0x00, 0x3F, 0xF0, 0x0F, 0xFC, 0x00, 0x00,
    0x03, 0xFF, 0x00, 0xFF, 0xC0, 0x00, 0x00, 0x3F, 0xF0, 0x0F, 0xFC, 0x00, 0x00, 0x03, 0xFF, 0x81,
    0xFF, 0xC0, 0x00, 0x00, 0x3F, 0xFF, 0xFF, 0xFC, 0x00, 0x00, 0x01, 0xFF, 0xFF, 0xFF, 0xC0, 0x00,
    0x00, 0x0F, 0xFF, 0xFF, 0xFC, 0x00, 0x00, 0x00, 0x1F, 0xFE, 0xFF, 0xFF, 0xE4, 0x00, 0x00, 0x00,
    0x03, 0xFF, 0xFF, 0xFC, 0x00, 0x00, 0x00, 0x0F, 0xFF, 0xFF, 0xFC, 0x00, 0x00, 0x00, 0x3F, 0xFF,
    0xFF, 0xF4, 0x00, 0x00, 0x00, 0xFF, 0xC0, 0xFF, 0xF0, 0x00, 0x00, 0x03, 0xFF, 0x01, 0xFF, 0xC0,
    0x1B, 0xFE, 0x4F, 0xFC, 0x03, 0xFF, 0x02, 0xFF, 0xFF, 0xBF, 0xF0, 0x0F, 0xFC, 0x1F, 0xFF, 0xFD,
    0xFF, 0xC0, 0x7F, 0xF0, 0xFF, 0xFF, 0xF3, 0xFF, 0x03, 0xFF, 0x43, 0xFD, 0x01, 0x8F, 0xFF, 0xFF,
    0xFC, 0x0F, 0xF0, 0x00, 0x3F, 0xFF, 0xFF, 0xC0, 0x3F, 0xE0, 0x00, 0xFF, 0xFF, 0xF8, 0x00, 0xBF,
    0xF4, 0x03, 0xFF, 0xFF, 0xF0, 0x00, 0xFF, 0xFC, 0x0F, 0xFC, 0x7F, 0xC0, 0x00, 0xBF, 0xFD, 0x3F,
    0xF0, 0xFF, 0x80, 0x00, 0x3F, 0xFD, 0xFF, 0xC2, 0xFF, 0x00, 0x00, 0x1F, 0xFF, 0xFF, 0x07, 0xFE,
    0x00, 0x00, 0x1F, 0xFF, 0xFC, 0x0F, 0xFC, 0x00, 0x00, 0x3F, 0xFF, 0xF0, 0x2F, 0xF8, 0x39, 0x01,
    0xFF, 0xFF, 0xC0, 0x7F, 0xF0, 0xFF, 0xFF, 0xFB, 0xFF, 0x00, 0xFF, 0xE3, 0xFF, 0xFF, 0xCF, 0xFC,
    0x02, 0xFF, 0xCF, 0xFF, 0xFD, 0x3F, 0xF0, 0x07, 0xFF, 0x5B, 0xFF, 0x80, 0xBF, 0x40, 0x1F, 0xF4,
    0x01, 0xFE, 0x7F, 0x40, 0x1F, 0xF4, 0x02, 0xFD, 0x7F, 0x80, 0x2F, 0xF8, 0x02, 0xFC, 0x3F, 0xC0,
    0x3F, 0xFC, 0x03, 0xFC, 0x3F, 0xC0, 0x3F, 0xFC, 0x03, 0xFC, 0x3F, 0xC0, 0x3F, 0xFC, 0x03, 0xF8,
    0x2F, 0xC0, 0x7E, 0xBD, 0x03, 0xF8, 0x2F, 0xD0, 0x7E, 0xBD, 0x07, 0xF4, 0x1F, 0xD0, 0xBD, 0x7E,
    0x07, 0xF0, 0x0F, 0xE0, 0xBC, 0x7E, 0x0B, 0xF0, 0xAF, 0xFA, 0xFE, 0xBF, 0xAF, 0xFA, 0xFF, 0xFF,
    0xFF, 0xFF, 0xFF, 0xFF, 0xFF, 0xFF, 0xFF, 0xFF, 0xFF, 0xFF, 0x0B, 0xF1, 0xF8, 0x3F, 0x4F, 0xD0,
    0x07, 0xF2, 0xF8, 0x2F, 0x9F, 0xD0, 0x03, 0xF6, 0xF4, 0x1F, 0x9F, 0xC0, 0x03, 0xF7, 0xF4, 0x1F,
    0xDF, 0xC0, 0x03, 0xFB, 0xF0, 0x0F, 0xEF, 0xC0, 0x02, 0xFF, 0xF0, 0x0F, 0xFF, 0x80, 0x02, 0xFF,
    0xF0, 0x0F, 0xFF, 0x40, 0x01, 0xFF, 0xE0, 0x0B, 0xFF, 0x40, 0x00, 0xFF, 0xD0, 0x07, 0xFF, 0x00,
    0x00, 0xFF, 0xD0, 0x07, 0xFF, 0x00, 0x00, 0xFF, 0xC0, 0x03, 0xFF, 0x00, 0xFF, 0xFF, 0xFF, 0x90,
    0x00, 0x3F, 0xFF, 0xFF, 0xFF, 0xFF, 0x00, 0x0F, 0xFF, 0xFF, 0xFF, 0xFF, 0xF0, 0x03, 0xFF, 0xFF,
    0xFF, 0xFF, 0xFF, 0x00, 0xFF, 0xFF, 0x00, 0x01, 0xFF, 0xD0, 0x3F, 0xFF, 0xC0, 0xFF, 0x0F, 0xF8,
    0x0F, 0xFF, 0xF0, 0x3F, 0xC1, 0xFF, 0x03, 0xFF, 0xFC, 0x0F, 0xF0, 0x3F, 0xC0, 0xFF, 0xFF, 0x03,
    0xFC, 0x0F, 0xF0, 0x3F, 0xFF, 0xC0, 0xFF, 0x03, 0xFC, 0x0F, 0xFF, 0xF0, 0x3F, 0xC0, 0xFF, 0x03,
    0xFF, 0xFC, 0x0F, 0xF0, 0x3F, 0xC0, 0xFF, 0xFF, 0x03, 0xFC, 0x0F, 0xF0, 0x3F, 0xFF, 0xC0, 0xFF,
    0x03, 0xFC, 0x0F, 0xFF, 0xF0, 0x3F, 0xC0, 0xFF, 0x03, 0xFF, 0xFC, 0x0F, 0xF0, 0x3F, 0xC0, 0xFF,
    0xFF, 0x03, 0xFC, 0x0F, 0xF0, 0x3F, 0xFF, 0xC0, 0xFF, 0x01, 0x54, 0x1F, 0xFF, 0xF0, 0x3F, 0xC0,
    0x00, 0x0F, 0xFB, 0xFC, 0x0F, 0xF0, 0x00, 0x1F, 0xFD, 0xFF, 0x03, 0xFF, 0xFF, 0xFF, 0xFF, 0x3F,
    0xC0, 0xFF, 0xFF, 0xFF, 0xFF, 0x0F, 0xF0, 0x3F, 0xFF, 0xFF, 0xFF, 0x03, 0xFC, 0x0F, 0xFF, 0xFF,
    0xF9, 0x00, 0x00, 0x00, 0x00, 0xFF, 0xC0, 0x00, 0x00, 0x00, 0xFF, 0xC0, 0x00, 0x03, 0xFF, 0xFF,
    0xFF, 0x00, 0x03, 0xFF, 0xFF, 0xFF, 0x00, 0x03, 0xFF, 0xFF, 0xFF, 0x00, 0x03, 0xFF, 0xFF, 0xFF,
    0x00, 0x00, 0x00, 0xFF, 0xC0, 0x00, 0x00, 0x00, 0xFF, 0xC0, 0x00, 0xBF, 0xE0, 0xFF, 0xC0, 0x07,
    0xFF, 0xFC, 0xFF, 0xC0, 0x1F, 0xFF, 0xFF, 0xFF, 0xC0, 0x3F, 0xFF, 0xFF, 0xFF, 0xC0, 0x7F, 0xF8,
    0x0B, 0xFF, 0xC0, 0xBF, 0xF0, 0x02, 0xFF, 0xC0, 0xFF, 0xD0, 0x01, 0xFF, 0xC0, 0xFF, 0xC0, 0x00,
    0xFF, 0xC0, 0xFF, 0xC0, 0x00, 0xFF, 0xC0, 0xFF, 0xC0, 0x00, 0xFF, 0xC0, 0xFF, 0xC0, 0x00, 0xFF,
    0xC0, 0xFF, 0xD0, 0x00, 0xFF, 0xC0, 0xBF, 0xF0, 0x02, 0xFF, 0xC0, 0x7F, 0xF8, 0x07, 0xFF, 0xC0,
    0x3F, 0xFF, 0xFF, 0xFF, 0xC0, 0x1F, 0xFF, 0xFF, 0xFF, 0xC0, 0x07, 0xFF, 0xF8, 0xFF, 0xC0, 0x00,
    0xBF, 0xD0, 0x7F, 0xC0, 0x00, 0x00, 0x00, 0x00, 0x00, 0x00, 0x00, 0x00, 0x00, 0x00, 0x00, 0x00,
    0x00, 0x00, 0x00, 0x0F, 0xFF, 0xFF, 0xFF, 0x00, 0x0F, 0xFF, 0xFF, 0xFF, 0x00, 0x00, 0x00, 0x6F,
    0xFE, 0x40, 0x00, 0xBF, 0xFF, 0xFE, 0x00, 0x3F, 0xFF, 0xFF, 0xD0, 0x0F, 0xFF, 0xFF, 0xFC, 0x02,
    0xFF, 0xE0, 0x06, 0x40, 0x3F, 0xF4, 0x00, 0x00, 0x07, 0xFF, 0x00, 0x00, 0x00, 0xBF, 0xD0, 0x00,
    0x00, 0xFF, 0xFF, 0xFF, 0xF0, 0x0F, 0xFF, 0xFF, 0xFF, 0x00, 0xFF, 0xFF, 0xFF, 0xF0, 0x00, 0xFF,
    0xC0, 0x00, 0x00, 0x0F, 0xFC, 0x00, 0x00, 0x0F, 0xFF, 0xFF, 0xFC, 0x00, 0xFF, 0xFF, 0xFF, 0xC0,
    0x0F, 0xFF, 0xFF, 0xFC, 0x00, 0x0B, 0xFD, 0x00, 0x00, 0x00, 0x7F, 0xF0, 0x00, 0x00, 0x03, 0xFF,
    0x80, 0x00, 0x00, 0x1F, 0xFE, 0x00, 0x18, 0x00, 0xFF, 0xFF, 0xFF, 0xC0, 0x03, 0xFF, 0xFF, 0xFC,
    0x00, 0x0B, 0xFF, 0xFF, 0xC0, 0x00, 0x06, 0xFF, 0xE4, 0x0F, 0xFC, 0x00, 0x3F, 0xF0, 0x3F, 0xF0,
    0x01, 0xFF, 0x80, 0xFF, 0xC0, 0x0F, 0xFC, 0x03, 0xFF, 0x00, 0xBF, 0xC0, 0x0F, 0xFC, 0x03, 0xFE,
    0x00, 0x3F, 0xF0, 0x3F, 0xF0, 0x00, 0xFF, 0xC1, 0xFF, 0x40, 0x03, 0xFF, 0x0F, 0xF8, 0x00, 0x0F,
    0xFC, 0xBF, 0xC0, 0x00, 0x3F, 0xF7, 0xFD, 0x00, 0x0F, 0xFF, 0xFF, 0xFF, 0xFC, 0x3F, 0xFF, 0xFF,
    0xFF, 0xF0, 0xFF, 0xFF, 0xFF, 0xFF, 0xC3, 0xFF, 0xFF, 0xFF, 0xFF, 0x00, 0xFF, 0xF7, 0xFC, 0x00,
    0x03, 0xFF, 0x0F, 0xFC, 0x00, 0x0F, 0xFC, 0x1F, 0xF4, 0x00, 0x3F, 0xF0, 0x3F, 0xF0, 0x00, 0xFF,
    0xC0, 0xBF, 0xD0, 0x03, 0xFF, 0x00, 0xFF, 0xC0, 0x0F, 0xFC, 0x02, 0xFF, 0x80, 0x3F, 0xF0, 0x03,
    0xFF, 0x00, 0xFF, 0xC0, 0x0B, 0xFE, 0x03, 0xFF, 0x00, 0x0F, 0xFC, 0xFF, 0xFF, 0xFF, 0xFF, 0xFF,
    0xFF, 0xFF, 0xFF, 0xFF, 0xFF, 0xFF, 0xFF, 0xFF, 0xFF, 0xFF, 0xFF, 0xFF, 0xFF, 0x00, 0x0F, 0xFC,
    0x00, 0x00, 0x00, 0xFF, 0xC1, 0x80, 0x00, 0x0F, 0xFC, 0xBD, 0x00, 0x00, 0xFF, 0xFF, 0xD0, 0x00,
    0x0F, 0xFF, 0xE0, 0x00, 0x00, 0xFF, 0xF4, 0x00, 0x00, 0x0F, 0xFC, 0x00, 0x00, 0x03, 0xFF, 0xC1,
    0x40, 0x01, 0xFF, 0xFC, 0xBD, 0x00, 0xBF, 0xFF, 0xFF, 0xD0, 0x07, 0xCF, 0xFF, 0xF0, 0x00, 0x10,
    0xFF, 0xF4, 0x00, 0x00, 0x0F, 0xFC, 0x00, 0x00, 0x03, 0xFF, 0xC0, 0x00, 0x01, 0xFF, 0xFC, 0x00,
    0x00, 0xBF, 0xFF, 0xC0, 0x00, 0x07, 0xCF, 0xFC, 0x00, 0x00, 0x20, 0xFF, 0xC0, 0x00, 0x00, 0x0F,
    0xFC, 0x00, 0x00, 0x00, 0xFF, 0xC0, 0x00, 0x01, 0xBF, 0xFF, 0x90, 0x00, 0x00, 0x00, 0x00, 0x0F,
    0xFF, 0xFF, 0xFF, 0x40, 0x00, 0x00, 0x00, 0x02, 0xFF, 0xFF, 0xFF, 0xF8, 0x00, 0x00, 0x00, 0x00,
    0x3F, 0xFF, 0xFF, 0xFF, 0xC0, 0x00, 0x00, 0x00, 0x05, 0x00, 0x02, 0xFF, 0xF8, 0x00, 0x00, 0x00,
    0x00, 0x1F, 0xF8, 0x0F, 0xFF, 0x00, 0x00, 0x00, 0x00, 0x07, 0xFD, 0x00, 0xFF, 0xE0, 0x00, 0x00,
    0x00, 0x02, 0xFF, 0x00, 0x2F, 0xFC, 0x00, 0x00, 0x00, 0x00, 0xFF, 0xC0, 0x03, 0xFF, 0x00, 0x00,
    0x00, 0x00, 0x3F, 0xE0, 0x00, 0xFF, 0xC0, 0x00, 0x00, 0x00, 0x1F, 0xF8, 0x00, 0x3F, 0xF0, 0x00,
    0x00, 0x00, 0x0B, 0xFD, 0x00, 0x0F, 0xFC, 0x00, 0x00, 0x00, 0x02, 0xFF, 0x00, 0x03, 0xFF, 0x00,
    0xBF, 0xE0, 0x00, 0xFF, 0xC0, 0x01, 0xFF, 0xC1, 0xFF, 0xFF, 0x40, 0x3F, 0xE0, 0x00, 0xBF, 0xE1,
    0xFF, 0xFF, 0xF4, 0x1F, 0xF8, 0x00, 0x3F, 0xF4, 0xFF, 0x82, 0xFE, 0x0B, 0xFD, 0x00, 0x2F, 0xFC,
    0x7F, 0xC0, 0x3F, 0xC2, 0xFF, 0x00, 0x1F, 0xFD, 0x2F, 0xD0, 0x0F, 0xF0, 0xFF, 0xC0, 0x1F, 0xFF,
    0x0F, 0xF0, 0x03, 0xFC, 0x3F, 0xE0, 0x7F, 0xFF, 0x03, 0xFC, 0x02, 0xFE, 0x1F, 0xFF, 0xFF, 0xFF,
    0x01, 0xFF, 0x41, 0xFF, 0x4B, 0xFF, 0xFF, 0xFF, 0x00, 0xBF, 0xFF, 0xFF, 0xC3, 0xFF, 0xFF, 0xFD,
    0x00, 0x3F, 0xFF, 0xFF, 0xC0, 0xFF, 0xFF, 0xE4, 0x00, 0x0F, 0xF6, 0xFF, 0x40, 0x00, 0x00, 0x00,
    0x00, 0x03, 0xFC, 0x00, 0x00, 0x00, 0x00, 0x00, 0x00, 0x01, 0xFF, 0x00, 0x00, 0x00, 0x00, 0x00,
    0x00, 0x00, 0xBF, 0x80, 0x00, 0x00, 0x00, 0x00, 0x00, 0x00, 0x3F, 0xD0, 0x00, 0x00, 0x00, 0x00,
    0x00, 0x00, 0x0F, 0xF0, 0x00, 0x00, 0x00, 0x00, 0x00, 0x00, 0x03, 0xFC, 0x00, 0x00, 0x00, 0x00,
    0x00, 0x00, 0x01, 0xFF, 0x00, 0x00, 0x00, 0x00, 0x00, 0x00, 0x00, 0xBF, 0x80, 0x00, 0x00, 0x00,
    0x00, 0x07, 0xFE, 0x40, 0x00, 0x00, 0x3F, 0xFF, 0xE0, 0x00, 0x00, 0xFF, 0xFF, 0xF4, 0x00, 0x01,
    0xFF, 0xFF, 0xF8, 0x00, 0x03, 0xFF, 0x87, 0xFC, 0x00, 0x03, 0xFF, 0x03, 0xFC, 0x00, 0x03, 0xFF,
    0x03, 0xFC, 0x00, 0x03, 0xFF, 0x03, 0xFC, 0x00, 0x03, 0xFF, 0x43, 0xFC, 0x00, 0x02, 0xFF, 0x87,
    0xF8, 0x00, 0x00, 0xFF, 0xCB, 0xF4, 0x00, 0x00, 0xBF, 0xEF, 0xF0, 0x00, 0x00, 0x3F, 0xFF, 0xD0,
    0x00, 0x00, 0x2F, 0xFF, 0xC0, 0x00, 0x00, 0x0F, 0xFF, 0x40, 0x00, 0x28, 0x0B, 0xFF, 0x00, 0x00,
    0x3C, 0x07, 0xFF, 0x40, 0x00, 0xBE, 0x0F, 0xFF, 0xC0, 0x00, 0xFF, 0x2F, 0xFF, 0xD0, 0x02, 0xFF,
    0xFF, 0xBF, 0xE0, 0x07, 0xFF, 0xFE, 0x3F, 0xF0, 0x0F, 0xE7, 0xFC, 0x3F, 0xF4, 0x1F, 0xC3, 0xF4,
    0x2F, 0xF8, 0x3F, 0x80, 0xE0, 0x1F, 0xFC, 0x00, 0x00, 0x40, 0x0F, 0xFC, 0x00, 0x00, 0x00, 0x0F,
    0xFC, 0x00, 0x00, 0x00, 0x0F, 0xFC, 0x00, 0x00, 0x00, 0x1F, 0xFC, 0x00, 0x00, 0x03, 0xFF, 0xFC,
    0x00, 0x00, 0x03, 0xFF, 0xF4, 0x00, 0x00, 0x03, 0xFF, 0xE0, 0x00, 0x00, 0x03, 0xFE, 0x40, 0x0F,
    0xFF, 0xFF, 0x80, 0x00, 0x3F, 0xFF, 0xFF, 0xE0, 0x00, 0xFF, 0xFF, 0xFF, 0xE0, 0x03, 0xFF, 0xFF,
    0xFF, 0xD0, 0x0F, 0xFC, 0x07, 0xFF, 0x83, 0xFF, 0xFF, 0xFF, 0xFF, 0xFF, 0xFF, 0xFF, 0xFF, 0xFF,
    0xC7, 0xFF, 0x00, 0x3F, 0xF4, 0x0F, 0xFC, 0x00, 0xFF, 0xC0, 0x7F, 0xF0, 0x03, 0xFF, 0x4F, 0xFF,
    0xFF, 0xFF, 0xFF, 0xFF, 0xFF, 0xFF, 0xFF, 0xFF, 0x0F, 0xFC, 0x03, 0xFF, 0x40, 0x3F, 0xF0, 0x2F,
    0xFC, 0x00, 0xFF, 0xFF, 0xFF, 0xE0, 0x03, 0xFF, 0xFF, 0xFE, 0x00, 0x0F, 0xFF, 0xFF, 0xE0, 0x00,
    0x3F, 0xFF, 0xE4, 0x00, 0x00, 0xFF, 0xC0, 0x00, 0x00, 0x03, 0xFF, 0x00, 0x00, 0x00, 0x0F, 0xFC,
    0x00, 0x00, 0x00, 0x3F, 0xF0, 0x00, 0x00, 0x00, 0xFF, 0xC0, 0x00, 0x00, 0x03, 0xFF, 0x00, 0x00,
    0x00, 0x00, 0x00, 0x0F, 0xC0, 0x00, 0x00, 0x00, 0x0F, 0xC0, 0x00, 0x00, 0x00, 0xAF, 0xFF, 0x90,
    0x00, 0x1F, 0xFF, 0xFF, 0xFE, 0x00, 0xBF, 0xFF, 0xFF, 0xFD, 0x03, 0xFF, 0xFF, 0xFF, 0xFC, 0x0F,
    0xFF, 0xEF, 0xC0, 0xB8, 0x1F, 0xFF, 0x0F, 0xC0, 0x00, 0x3F, 0xFC, 0x0F, 0xC0, 0x00, 0x7F, 0xF0,
    0x0F, 0xC0, 0x00, 0xBF, 0xE0, 0x0F, 0xC0, 0x00, 0xFF, 0xD0, 0x0F, 0xC0, 0x00, 0xFF, 0xC0, 0x0F,
    0xFF, 0xFF, 0xFF, 0xC0, 0x0F, 0xFF, 0xFF, 0xFF, 0xC0, 0x0F, 0xFF, 0xFF, 0xFF, 0xC0, 0x0F, 0xFF,
    0xFF, 0xFF, 0xD0, 0x0F, 0xC3, 0xFF, 0xBF, 0xE0, 0x0F, 0xC3, 0xFF, 0x7F, 0xF0, 0x0F, 0xC3, 0xFF,
    0x3F, 0xF4, 0x0F, 0xC3, 0xFF, 0x2F, 0xFD, 0x0F, 0xC3, 0xFF, 0x0F, 0xFF, 0x8F, 0xC7, 0xFF, 0x07,
    0xFF, 0xFF, 0xFF, 0xFF, 0x01, 0xFF, 0xFF, 0xFF, 0xFF, 0x00, 0x3F, 0xFF, 0xFF, 0xFF, 0x00, 0x02,
    0xFF, 0xFE, 0x90, 0x00, 0x00, 0x0F, 0xC0, 0x00, 0x00, 0x00, 0x0F, 0xC0, 0x00, 0x00, 0x00, 0x0A,
    0x40, 0x00, 0x00, 0x00, 0x7F, 0xF4, 0x00, 0x00, 0x00, 0x03, 0xFF, 0xF0, 0x00, 0x00, 0x00, 0x0F,
    0xFF, 0xC0, 0x00, 0x00, 0x00, 0xBF, 0xFF, 0x40, 0x00, 0x00, 0x03, 0xFF, 0xFF, 0x00, 0x00, 0x00,
    0x0F, 0xF7, 0xFC, 0x00, 0x00, 0x00, 0xBF, 0xCF, 0xF8, 0x00, 0x00, 0x03, 0xFE, 0x2F, 0xF0, 0x00,
    0x2A, 0xAF, 0xFA, 0xBF, 0xEA, 0xA0, 0xFF, 0xFF, 0xFF, 0xFF, 0xFF, 0xC3, 0xFF, 0xFF, 0xFF, 0xFF,
    0xFF, 0x00, 0x1F, 0xF4, 0x07, 0xFD, 0x00, 0x00, 0xBF, 0xC0, 0x0F, 0xF8, 0x00, 0xFF, 0xFF, 0xFF,
    0xFF, 0xFF, 0xC3, 0xFF, 0xFF, 0xFF, 0xFF, 0xFF, 0x0F, 0xFF, 0xFF, 0xFF, 0xFF, 0xFC, 0x03, 0xFF,
    0x00, 0x03, 0xFF, 0x00, 0x0F, 0xF8, 0x00, 0x0B, 0xFC, 0x00, 0xBF, 0xD0, 0x00, 0x1F, 0xF8, 0x03,
    0xFF, 0x00, 0x00, 0x3F, 0xF0, 0x0F, 0xFC, 0x00, 0x00, 0xBF, 0xC0, 0xBF, 0xD0, 0x00, 0x01, 0xFF,
    0x83, 0xFF, 0x00, 0x00, 0x03, 0xFF, 0x0F, 0xFC, 0x00, 0x00, 0x0F, 0xFC, 0x00, 0x6F, 0xFF, 0x90,
    0x01, 0xFF, 0xFF, 0xFF, 0xC0, 0x0F, 0xFF, 0xFF, 0xFF, 0x00, 0xBF, 0xFF, 0xFF, 0xF8, 0x07, 0x90,
    0x02, 0xFF, 0xC0, 0x00, 0x00, 0x0F, 0xFC, 0x00, 0x00, 0x01, 0xFF, 0xCF, 0xFF, 0xFF, 0xFF, 0xFF,
    0xFF, 0xFF, 0xFF, 0xFF, 0xFF, 0xFF, 0xFF, 0xFF, 0xFF, 0x00, 0x7F, 0xFF, 0xF8, 0x00, 0x2F, 0xFF,
    0xF8, 0x00, 0xFF, 0xFF, 0xFF, 0xFF, 0xFF, 0xFF, 0xFF, 0xFF, 0xFF, 0xFF, 0xFF, 0xFF, 0xFF, 0xF3,
    0xFF, 0x40, 0x00, 0x00, 0x3F, 0xF0, 0x00, 0x00, 0x03, 0xFF, 0x00, 0x00, 0x00, 0x3F, 0xF4, 0x00,
    0x00, 0x42, 0xFF, 0xD0, 0x01, 0xBC, 0x0F, 0xFF, 0xFF, 0xFF, 0xC0, 0x7F, 0xFF, 0xFF, 0xFC, 0x01,
    0xFF, 0xFF, 0xFF, 0xC0, 0x01, 0xBF, 0xFE, 0x40, 0x00, 0x00, 0x0F, 0xC0, 0x00, 0x00, 0x06, 0xFE,
    0x40, 0x00, 0x1F, 0xFF, 0xFF, 0x90, 0x0B, 0xFF, 0xFF, 0xFE, 0x02, 0xFF, 0xFF, 0xFF, 0xD0, 0xBF,
    0xFF, 0xFF, 0xFC, 0x1F, 0xFF, 0x4F, 0xC2, 0x83, 0xFF, 0xC0, 0xFC, 0x00, 0x3F, 0xF4, 0x0F, 0xC0,
    0x07, 0xFF, 0x00, 0xFC, 0x00, 0xBF, 0xE0, 0x0F, 0xC0, 0x0F, 0xFD, 0x00, 0xFC, 0x00, 0xFF, 0xC0,
    0x0F, 0xC0, 0x0F, 0xFC, 0x00, 0xFC, 0x00, 0xFF, 0xC0, 0x0F, 0xC0, 0x0F, 0xFC, 0x00, 0xFC, 0x00,
    0xFF, 0xD0, 0x0F, 0xC0, 0x0B, 0xFE, 0x00, 0xFC, 0x00, 0x7F, 0xF0, 0x0F, 0xC0, 0x03, 0xFF, 0x80,
    0xFC, 0x00, 0x3F, 0xFD, 0x0F, 0xC0, 0x41, 0xFF, 0xFD, 0xFD, 0xBC, 0x0B, 0xFF, 0xFF, 0xFF, 0xC0,
    0x2F, 0xFF, 0xFF, 0xFC, 0x00, 0x7F, 0xFF, 0xFF, 0xC0, 0x00, 0x6F, 0xFF, 0xD0, 0x00, 0x00, 0x0F,
    0xC0, 0x00, 0x00, 0x00, 0xFC, 0x00, 0x00, 0x00, 0x0F, 0xC0, 0x00, 0x00, 0x7F, 0x00, 0x2F, 0xC0,
    0x00, 0x0B, 0xF0, 0x03, 0xFC, 0x00, 0x00, 0xFF, 0x00, 0x7F, 0xC0, 0x00, 0x1F, 0xF0, 0x0F, 0xFC,
    0x00, 0x07, 0xFF, 0xFF, 0xFF, 0xFF, 0xF3, 0xFF, 0xFF, 0xFF, 0xFF, 0xFF, 0xBF, 0xFF, 0xFF, 0xFF,
    0xFF, 0xF7, 0xFF, 0xFF, 0xFF, 0xFF, 0xFF, 0x03, 0xFF, 0x00, 0xFF, 0xC0, 0x00, 0x3F, 0xF0, 0x0F,
    0xFC, 0x00, 0x03, 0xFF, 0x00, 0xFF, 0xC0, 0x00, 0x3F, 0xF0, 0x0F, 0xFC, 0x00, 0x03, 0xFF, 0x00,
    0xFF, 0xC0, 0x00, 0x3F, 0xF0, 0x0F, 0xFC, 0x00, 0x03, 0xFF, 0x00, 0xFF, 0xC0, 0x00, 0x3F, 0xF0,
    0x0F, 0xFC, 0x00, 0x03, 0xFF, 0x00, 0xFF, 0xC0, 0x00, 0x3F, 0xF0, 0x0F, 0xFC, 0x00, 0x03, 0xFF,
    0x00, 0xFF, 0xE0, 0x10, 0x3F, 0xF0, 0x0F, 0xFF, 0xFF, 0x03, 0xFF, 0x00, 0x7F, 0xFF, 0xF0, 0x3F,
    0xF0, 0x02, 0xFF, 0xFF, 0x03, 0xFF, 0x00, 0x06, 0xFF, 0xE0, 0x00, 0x00, 0x02, 0xFF, 0xF9, 0x00,
    0x00, 0x02, 0xFF, 0xFF, 0xFE, 0x00, 0x00, 0xBF, 0xFF, 0xFF, 0xE0, 0x00, 0x1F, 0xFF, 0xFF, 0xFC,
    0x00, 0x03, 0xFF, 0xC0, 0x1B, 0x80, 0x00, 0x3F, 0xF0, 0x00, 0x00, 0x00, 0x03, 0xFF, 0x00, 0x00,
    0x00, 0x00, 0x3F, 0xF4, 0x00, 0x00, 0x00, 0x03, 0xFF, 0xD0, 0x00, 0x00, 0x00, 0x1F, 0xFF, 0xD0,
    0x00, 0x00, 0x00, 0xBF, 0xFF, 0xD0, 0x00, 0x00, 0x02, 0xFF, 0xFF, 0xC0, 0x00, 0x00, 0x07, 0xFF,
    0xFF, 0x00, 0x00, 0x00, 0x06, 0xFF, 0xFC, 0x00, 0x00, 0x00, 0x02, 0xFF, 0xE0, 0x00, 0x00, 0x00,
    0x07, 0xFF, 0x7F, 0x1F, 0xE1, 0xFC, 0x1F, 0xFF, 0xFF, 0xFF, 0xFF, 0xF0, 0xFF, 0xE3, 0xE0, 0xBE,
    0x1F, 0x0F, 0xFF, 0xBD, 0x03, 0xC0, 0xF2, 0xFE, 0x3F, 0xE4, 0x7C, 0x0F, 0xBF, 0xC0, 0xFF, 0xFF,
    0xFF, 0xFF, 0xF4, 0x03, 0xFF, 0xFF, 0xFF, 0xFD, 0x00, 0x3C, 0x6B, 0xFF, 0xF9, 0x00, 0x03, 0xC0,
    0x3C, 0x0F, 0x00, 0x00, 0x3C, 0x03, 0xC0, 0xF0, 0x00, 0x02, 0x80, 0x28, 0x0A, 0x00, 0x00, 0xFF,
    0xFF, 0xFF, 0xFF, 0xFF, 0xFF, 0xFF, 0xFF, 0xFF, 0xFF, 0xFF, 0xFF, 0xFF, 0xFF, 0xFF, 0xFF, 0xFF,
    0xFF, 0x00, 0x00, 0x00, 0x00, 0x00, 0x00, 0x00, 0x00, 0x00, 0x00, 0x00, 0x00, 0x00, 0x0F, 0xFF,
    0xFF, 0xFF, 0xFF, 0xFF, 0xFF, 0xFF, 0xFF, 0xFF, 0xFF, 0xFF, 0xFF, 0xFF, 0xFF, 0xFF, 0xFF, 0xFF,
    0xF0, 0x00, 0xFF, 0xC0, 0x00, 0x00, 0x0F, 0xFC, 0x00, 0x00, 0x00, 0xFF, 0xC0, 0x00, 0x00, 0x0F,
    0xFC, 0x00, 0x00, 0x00, 0xFF, 0xC0, 0x00, 0x00, 0x0F, 0xFC, 0x00, 0x00, 0x00, 0xFF, 0xC0, 0x00,
    0x00, 0x0F, 0xFC, 0x00, 0x00, 0x00, 0xFF, 0xC0, 0x00, 0x00, 0x0F, 0xFC, 0x00, 0x00, 0x00, 0xFF,
    0xC0, 0x00, 0x00, 0x0F, 0xFC, 0x00, 0x00, 0x00, 0xFF, 0xC0, 0x00, 0xAA, 0xAA, 0xAA, 0xAB, 0xFF,
    0xFF, 0xFF, 0xFA, 0xAF, 0xFF, 0xAA, 0x80, 0x0B, 0xFE, 0x00, 0x00, 0x0F, 0xFC, 0x03, 0xFF, 0xFF,
    0xFF, 0xFF, 0xFF, 0xFF, 0xFF, 0xFF, 0xFF, 0xFF, 0xFF, 0x00, 0x0F, 0xFC, 0x00, 0x00, 0xBF, 0xF0,
    0x00, 0x1F, 0xFF, 0x80, 0x3F, 0xFF, 0xFC, 0x00, 0xFF, 0xFF, 0xC0, 0x03, 0xFF, 0xF4, 0x00, 0x0B,
    0xFE, 0x00, 0x00, 0x0F, 0xFC, 0x00, 0x00, 0x1F, 0xFC, 0x00, 0x00, 0x3F, 0xF8, 0x00, 0x00, 0x7F,
    0xF0, 0x00, 0x00, 0xBF, 0xF0, 0x00, 0x00, 0xFF, 0xE0, 0x00, 0x02, 0xFF, 0xC0, 0x00, 0x03, 0xFF,
    0xC0, 0x00, 0x07, 0xFF, 0x80, 0x03, 0xFF, 0x00, 0x00, 0x00, 0x3F, 0xF0, 0x00, 0x00, 0x03, 0xFF,
    0x00, 0x40, 0x00, 0x3F, 0xF1, 0xFC, 0x00, 0x03, 0xFF, 0xFF, 0xC0, 0x00, 0x3F, 0xFF, 0xE4, 0x00,
    0x7F, 0xFF, 0xD0, 0x00, 0x0F, 0xFF, 0xF0, 0x08, 0x00, 0xFF, 0xFF, 0x6F, 0xC0, 0x04, 0x3F, 0xFF,
    0xFC, 0x00, 0x03, 0xFF, 0xFE, 0x40, 0x07, 0xFF, 0xF9, 0x00, 0x00, 0xFF, 0xFF, 0x00, 0x2F, 0xFF,
    0xBF, 0xF0, 0x02, 0xFF, 0x43, 0xFF, 0x00, 0x2F, 0xF0, 0x3F, 0xF0, 0x03, 0xFE, 0x03, 0xFF, 0x00,
    0x3F, 0xD0, 0x3F, 0xF0, 0x0F, 0xFC, 0x03, 0xFF, 0x02, 0xFF, 0x80, 0x3F, 0xF5, 0xFF, 0xF0, 0x03,
    0xFF, 0xFF, 0xFD, 0x00, 0x3F, 0xFF, 0xFF, 0x40, 0x03, 0xFF, 0xFF, 0x80, 0x00, 0x3F, 0xFE, 0x40,
    0x00, 0x0B, 0xFD, 0x00, 0x00, 0x00, 0x00, 0x03, 0xFF, 0xF8, 0x00, 0x00, 0x00, 0x00, 0xB8, 0x0B,
    0xD0, 0x00, 0x00, 0x00, 0x0F, 0x00, 0x3F, 0x00, 0x00, 0x00, 0x00, 0xF8, 0x03, 0xF0, 0x00, 0x00,
    0x00, 0x0F, 0xFF, 0xFF, 0xFF, 0xFF, 0xFE, 0x40, 0x7F, 0xFF, 0xFF, 0xFF, 0xFF, 0xFF, 0x02, 0xFF,
    0xFF, 0xFF, 0xFF, 0xFF, 0xFC, 0x02, 0xFF, 0xFF, 0xFF, 0xFF, 0xFF, 0xD0, 0x00, 0x3F, 0x00, 0x00,
    0x00, 0xBF, 0x00, 0x03, 0xF0, 0x00, 0x00, 0x02, 0xF0, 0x00, 0x3F, 0x03, 0xC1, 0xC0, 0x0F, 0x00,
    0x03, 0xF1, 0xFF, 0x7F, 0x00, 0xF0, 0x00, 0x3F, 0xBF, 0xFF, 0xFC, 0x2E, 0x00, 0x03, 0xFF, 0x8F,
    0xFB, 0xFF, 0xC0, 0x00, 0x2F, 0xD0, 0x3D, 0x0F, 0xF4, 0x00, 0x07, 0xF8, 0x00, 0x40, 0x00, 0x00,
    0x02, 0xFF, 0xC0, 0x00, 0x00, 0x00, 0x00, 0xFE, 0xFF, 0x00, 0x00, 0x00, 0x00, 0x07, 0x47, 0xFD,
    0x00, 0x19, 0x00, 0x00, 0x00, 0x2F, 0xFF, 0xFF, 0xD0, 0x00, 0x00, 0x00, 0xFF, 0xFF, 0xFD, 0x00,
    0x00, 0x00, 0x02, 0xFF, 0xFF, 0xD0, 0x00, 0x00, 0x00, 0x01, 0xBF, 0xF8, 0x00, 0x00, 0x00, 0x0F,
    0xFC, 0x00, 0x00, 0x00, 0x00, 0x00, 0xFF, 0xC0, 0x00, 0x00, 0x00, 0x00, 0x0F, 0xFC, 0x00, 0x00,
    0x00, 0x00, 0x00, 0xFF, 0xC0, 0x00, 0x00, 0x00, 0x00, 0x0F, 0xFC, 0x00, 0x00, 0x00, 0x00, 0x00,
    0xFF, 0xC0, 0x00, 0x00, 0x00, 0x00, 0x1F, 0xFC, 0x00, 0x00, 0x00, 0x01, 0xBF, 0xFF, 0xFF, 0xE0,
    0x00, 0x00, 0xFF, 0xFF, 0xFF, 0xFF, 0xF0, 0x00, 0x3F, 0xFF, 0xFF, 0xFF, 0xFF, 0xD0, 0x0F, 0xFF,
    0xFF, 0xFF, 0xFF, 0xFF, 0x02, 0xFF, 0xE4, 0xFF, 0xC1, 0xFF, 0xF8, 0x3F, 0xF8, 0x0F, 0xFC, 0x02,
    0xFF, 0xC7, 0xFF, 0x00, 0xFF, 0xC0, 0x0F, 0xFD, 0xBF, 0xE0, 0x0F, 0xFC, 0x00, 0xBF, 0xEF, 0xFD,
    0x00, 0xFF, 0xC0, 0x07, 0xFF, 0xFF, 0xC0, 0x0F, 0xFC, 0x00, 0x3F, 0xFF, 0xFC, 0x00, 0xFF, 0xC0,
    0x03, 0xFF, 0xFF, 0xC0, 0x0F, 0xFC, 0x00, 0x3F, 0xFF, 0xFC, 0x00, 0x00, 0x00, 0x03, 0xFF, 0xFF,
    0xC0, 0x00, 0x00, 0x00, 0x3F, 0xFF, 0xFC, 0x00, 0x00, 0x00, 0x03, 0xFF, 0xFF, 0xC0, 0x00, 0x00,
    0x00, 0x3F, 0xFF, 0xFC, 0x00, 0x00, 0x00, 0x03, 0xFF, 0x03, 0xFF, 0xFF, 0xE4, 0x00, 0x03, 0xFF,
    0xFF, 0xFF, 0x80, 0x03, 0xFF, 0xFF, 0xFF, 0xE0, 0x03, 0xFF, 0xFF, 0xFF, 0xF4, 0x03, 0xFF, 0x00,
    0x7F, 0xFC, 0x03, 0xFF, 0x00, 0x1F, 0xFC, 0x03, 0xFF, 0x00, 0x0F, 0xFC, 0x03, 0xFF, 0x00, 0x0F,
    0xFC, 0x03, 0xFF, 0x00, 0x1F, 0xFC, 0x03, 0xFF, 0x00, 0x7F, 0xF8, 0x7F, 0xFF, 0xFF, 0xFF, 0xF0,
    0xBF, 0xFF, 0xFF, 0xFF, 0xD0, 0xBF, 0xFF, 0xFF, 0xFF, 0x40, 0xBF, 0xFF, 0xFF, 0xE4, 0x00, 0x03,
    0xFF, 0x00, 0x00, 0x00, 0x03, 0xFF, 0x00, 0x00, 0x00, 0x03, 0xFF, 0x00, 0x00, 0x00, 0xBF, 0xFF,
    0xFF, 0xC0, 0x00, 0xBF, 0xFF, 0xFF, 0xC0, 0x00, 0xBF, 0xFF, 0xFF, 0xC0, 0x00, 0x7F, 0xFF, 0xFF,
    0xC0, 0x00, 0x03, 0xFF, 0x00, 0x00, 0x00, 0x03, 0xFF, 0x00, 0x00, 0x00, 0x03, 0xFF, 0x00, 0x00,
    0x00, 0x00, 0x00, 0xFC, 0x3C, 0x00, 0x00, 0x00, 0x03, 0xF0, 0xF0, 0x00, 0x00, 0x00, 0x1F, 0xFF,
    0xD0, 0x00, 0x00, 0x0B, 0xFF, 0xFF, 0xF8, 0x00, 0x01, 0xFF, 0xFF, 0xFF, 0xFD, 0x00, 0x1F, 0xFF,
    0xFF, 0xFF, 0xFD, 0x00, 0xFF, 0xFF, 0xC3, 0xFF, 0xFC, 0x0B, 0xFF, 0x3F, 0x0F, 0x3F, 0xF8, 0x3F,
    0xF0, 0xFC, 0x3C, 0x7F, 0xF2, 0xFF, 0xC3, 0xF0, 0xF0, 0xFF, 0xDB, 0xFD, 0x0F, 0xC3, 0xC2, 0xFF,
    0xBF, 0xF4, 0x3F, 0x0F, 0x07, 0xFF, 0xFF, 0xC0, 0xFC, 0x3C, 0x0F, 0xFF, 0xFF, 0x03, 0xF0, 0xF0,
    0x3F, 0xFF, 0xFC, 0x05, 0x41, 0x40, 0x55, 0x7F, 0xF4, 0x00, 0x00, 0x00, 0x00, 0xBF, 0xD0, 0x00,
    0x00, 0x00, 0x01, 0xFF, 0x80, 0x00, 0x00, 0x00, 0x03, 0xFF, 0x00, 0x00, 0x00, 0x00, 0x07, 0xFF,
    0x00, 0x00, 0x00, 0x00, 0x0B, 0xFE, 0x00, 0x00, 0x00, 0x00, 0x0B, 0xFF, 0x40, 0x00, 0x00, 0x01,
    0xAF, 0xFF, 0xFF, 0xFF, 0xFC, 0x0F, 0xFF, 0xFF, 0xFF, 0xFF, 0xF0, 0x3F, 0xFF, 0xFF, 0xFF, 0xFF,
    0xC0, 0xFF, 0xFF, 0xFF, 0xFF, 0xFF, 0x00, 0x00, 0xF0, 0xF0, 0x00, 0x03, 0xC3, 0xC0, 0x00, 0x0F,
    0x0F, 0x00, 0x00, 0x3C, 0x3C, 0x00, 0xFF, 0xFF, 0xF4, 0x03, 0xFF, 0xFF, 0xFD, 0x0F, 0xFF, 0xFF,
    0xFC, 0x3F, 0xFF, 0xFF, 0xF8, 0xFF, 0xC0, 0xBF, 0xF3, 0xFF, 0x00, 0xFF, 0xCF, 0xFC, 0x03, 0xFF,
    0x3F, 0xF0, 0x0F, 0xFC, 0xFF, 0xC0, 0xBF, 0xE3, 0xFF, 0xFF, 0xFF, 0x0F, 0xFF, 0xFF, 0xF4, 0x3F,
    0xFF, 0xFF, 0xE0, 0xFF, 0xFF, 0xFF, 0xF3, 0xFF, 0x01, 0xFF, 0xDF, 0xFC, 0x01, 0xFF, 0xFF, 0xF0,
    0x03, 0xFF, 0xFF, 0xC0, 0x0F, 0xFF, 0xFF, 0x00, 0x3F, 0xFF, 0xFC, 0x02, 0xFF, 0xFF, 0xF0, 0x1F,
    0xFE, 0xFF, 0xFF, 0xFF, 0xF3, 0xFF, 0xFF, 0xFF, 0x4F, 0xFF, 0xFF, 0xF4, 0x3F, 0xFF, 0xFD, 0x00,
    0x00, 0xF0, 0xF0, 0x00, 0x03, 0xC3, 0xC0, 0x00, 0x0F, 0x0F, 0x00, 0x00, 0x28, 0x28, 0x00, 0x00,
    0x1B, 0xFF, 0x90, 0x07, 0xFF, 0xFF, 0xE0, 0xBF, 0xFF, 0xFF, 0x47, 0xFF, 0xFF, 0xFC, 0x3F, 0xFD,
    0x01, 0x91, 0xFF, 0xC0, 0x00, 0x0B, 0xFE, 0x00, 0x00, 0x3F, 0xF4, 0x00, 0x00, 0xFF, 0xC0, 0x00,
    0x03, 0xFF, 0x00, 0x00, 0x0F, 0xFC, 0x00, 0x00, 0x3F, 0xF4, 0x00, 0x00, 0xBF, 0xE0, 0x00, 0x01,
    0xFF, 0xC0, 0x00, 0x03, 0xFF, 0xD0, 0x0B, 0x4B, 0xFF, 0xFF, 0xFD, 0x0F, 0xFF, 0xFF, 0xF4, 0x0B,
    0xFF, 0xFF, 0xD0, 0x02, 0xFF, 0xF4, 0x00, 0x00, 0x00, 0x00, 0x00, 0x00, 0x00, 0x03, 0xFF, 0xFF,
    0xFF, 0xEF, 0xFF, 0xFF, 0xFF, 0xBF, 0xFF, 0xFF, 0xFE, 0xFF, 0xFF, 0xFF, 0xF8, 0x2A, 0xAA, 0xAA,
    0xAA, 0x8F, 0xFF, 0xFF, 0xFF, 0xF3, 0xFF, 0xFF, 0xFF, 0xFC, 0xFF, 0xFF, 0xFF, 0xFF, 0x00, 0x00,
    0x00, 0x00, 0x00, 0x00, 0x00, 0x00, 0x00, 0x00, 0x00, 0x1D, 0x00, 0x00, 0x00, 0x00, 0x00, 0x00,
    0x01, 0xFD, 0x00, 0x00, 0x00, 0x00, 0x00, 0x00, 0x1F, 0xFD, 0x00, 0x00, 0x00, 0x00, 0x00, 0x01,
    0xFF, 0xFD, 0x00, 0x00, 0x00, 0x00, 0x00, 0x1F, 0xFF, 0xFE, 0x00, 0x00, 0x00, 0x00, 0x01, 0xFF,
    0xFF, 0xFE, 0x00, 0x00, 0x00, 0x00, 0x1F, 0xE4, 0x02, 0xFE, 0x00, 0x00, 0x00, 0x01, 0xF8, 0x00,
    0x00, 0xFE, 0x00, 0x00, 0x00, 0x1F, 0xE0, 0x00, 0x00, 0xFE, 0x00, 0x00, 0x00, 0xFF, 0xC1, 0xB8,
    0x03, 0xFE, 0x00, 0x00, 0x0F, 0xFF, 0xBF, 0xF4, 0x0B, 0xFE, 0x00, 0x00, 0xFF, 0xFF, 0xFF, 0xD0,
    0x2F, 0xFE, 0x00, 0x0F, 0xFF, 0xFF, 0xFF, 0x00, 0xFF, 0xFE, 0x00, 0xFF, 0xFF, 0xFF, 0xF0, 0x07,
    0xFF, 0xFE, 0x0F, 0xFF, 0xFF, 0xFF, 0x00, 0x7F, 0xFF, 0xFE, 0x3F, 0xFF, 0xFF, 0xF0, 0x07, 0xFF,
    0xFF, 0xF4, 0x3F, 0xFF, 0xFF, 0x80, 0xBF, 0xFF, 0xFF, 0x40, 0x3F, 0xFF, 0xFD, 0x03, 0xFF, 0xFF,
    0xF4, 0x00, 0x3F, 0xFF, 0xF4, 0x1F, 0xFF, 0xFF, 0x40, 0x00, 0x3F, 0xFF, 0xFF, 0xFF, 0xFF, 0xF4,
    0x00, 0x00, 0x3F, 0xFF, 0xFF, 0xFF, 0xFF, 0x40, 0x00, 0x00, 0x3F, 0xFE, 0x0B, 0xFF, 0xF4, 0x00,
    0x00, 0x00, 0x3F, 0xF0, 0x0F, 0xFF, 0x40, 0x00, 0x00, 0x00, 0x3F, 0xC0, 0x2F, 0xF4, 0x00, 0x00,
    0x00, 0x00, 0x3F, 0x00, 0xFF, 0x40, 0x00, 0x00, 0x00, 0x00, 0x3F, 0x5F, 0xF4, 0x00, 0x00, 0x00,
    0x00, 0x00, 0x3F, 0xFF, 0x40, 0x00, 0x00, 0x00, 0x00, 0x00, 0x3F, 0xF4, 0x00, 0x00, 0x00, 0x00,
    0x00, 0x00, 0x3F, 0x40, 0x00, 0x00, 0x00, 0x00, 0x00, 0x00, 0x34, 0x00, 0x00, 0x00, 0x00, 0x00,
    0x00, 0x00, 0x00, 0x00, 0x00, 0x00,
};

static const EpdGlyph notosans_16_boldGlyphs[] = {
    { 0, 0, 0, 0, 0, 0, 0 }, //  
    { 0, 0, 9, 0, 0, 0, 0 }, // 
    { 0, 0, 9, 0, 0, 0, 0 }, //  
    { 6, 24, 10, 2, 24, 36, 0 }, // !
    { 12, 9, 16, 2, 24, 27, 36 }, // "
    { 20, 24, 22, 1, 24, 120, 63 }, // #
    { 17, 28, 18, 1, 26, 119, 183 }, // $
    { 28, 24, 30, 1, 24, 168, 302 }, // %
    { 24, 24, 25, 1, 24, 144, 470 }, // &
    { 5, 9, 9, 2, 24, 12, 614 }, // '
    { 9, 30, 11, 1, 24, 68, 626 }, // (
    { 9, 30, 11, 1, 24, 68, 694 }, // )
    { 18, 16, 18, 0, 26, 72, 762 }, // *
    { 16, 17, 18, 1, 21, 68, 834 }, // +
    { 7, 8, 10, 1, 4, 14, 902 }, // ,
    { 9, 4, 11, 1, 11, 9, 916 }, // -
    { 6, 6, 10, 2, 6, 9, 925 }, // .
    { 14, 24, 14, 0, 24, 84, 934 }, // /
    { 17, 24, 19, 1, 24, 102, 1018 }, // 0
    { 13, 24, 19, 2, 24, 78, 1120 }, // 1
    { 18, 24, 19, 0, 24, 108, 1198 }, // 2
    { 17, 24, 19, 1, 24, 102, 1306 }, // 3
    { 18, 24, 19, 1, 24, 108, 1408 }, // 4
    { 17, 24, 19, 2, 24, 102, 1516 }, // 5
    { 17, 24, 19, 1, 24, 102, 1618 }, // 6
    { 17, 24, 19, 1, 24, 102, 1720 }, // 7
    { 17, 24, 19, 1, 24, 102, 1822 }, // 8
    { 17, 24, 19, 1, 24, 102, 1924 }, // 9
    { 6, 19, 10, 2, 19, 29, 2026 }, // :
    { 7, 24, 9, 1, 19, 42, 2055 }, // ;
    { 16, 19, 18, 1, 22, 76, 2097 }, // <
    { 16, 10, 18, 1, 17, 40, 2173 }, // =
    { 16, 19, 18, 1, 22, 76, 2213 }, // >
    { 16, 24, 16, 0, 24, 96, 2289 }, // ?
    { 27, 26, 31, 2, 24, 176, 2385 }, // @
    { 24, 24, 23, 0, 24, 144, 2561 }, // A
    { 18, 24, 23, 3, 24, 108, 2705 }, // B
    { 19, 24, 22, 2, 24, 114, 2813 }, // C
    { 20, 24, 25, 3, 24, 120, 2927 }, // D
    { 14, 24, 18, 3, 24, 84, 3047 }, // E
    { 14, 24, 18, 3, 24, 84, 3131 }, // F
    { 20, 24, 25, 2, 24, 120, 3215 }, // G
    { 20, 24, 25, 3, 24, 120, 3335 }, // H
    { 11, 24, 13, 1, 24, 66, 3455 }, // I
    { 12, 31, 11, -3, 24, 93, 3521 }, // J
    { 20, 24, 22, 3, 24, 120, 3614 }, // K
    { 15, 24, 19, 3, 24, 90, 3734 }, // L
    { 27, 24, 32, 3, 24, 162, 3824 }, // M
    { 21, 24, 27, 3, 24, 126, 3986 }, // N
    { 23, 24, 26, 2, 24, 138, 4112 }, // O
    { 17, 24, 21, 3, 24, 102, 4250 }, // P
    { 23, 30, 26, 2, 24, 173, 4352 }, // Q
    { 20, 24, 22, 3, 24, 120, 4525 }, // R
    { 17, 24, 18, 1, 24, 102, 4645 }, // S
    { 18, 24, 20, 1, 24, 108, 4747 }, // T
    { 20, 24, 26, 3, 24, 120, 4855 }, // U
    { 22, 24, 22, 0, 24, 132, 4975 }, // V
    { 33, 24, 32, 0, 24, 198, 5107 }, // W
    { 23, 24, 22, 0, 24, 138, 5305 }, // X
    { 21, 24, 21, 0, 24, 126, 5443 }, // Y
    { 18, 24, 20, 1, 24, 108, 5569 }, // Z
    { 8, 30, 11, 2, 24, 60, 5677 }, // [
    { 14, 24, 14, 0, 24, 84, 5737 }, // <backslash>
    { 8, 30, 10, 0, 24, 60, 5821 }, // ]
    { 19, 16, 19, 0, 25, 76, 5881 }, // ^
    { 14, 3, 14, 0, -2, 11, 5957 }, // _
    { 10, 6, 12, 1, 27, 15, 5968 }, // `
    { 17, 19, 20, 1, 19, 81, 5983 }, // a
    { 17, 26, 21, 2, 26, 111, 6064 }, // b
    { 15, 19, 17, 2, 19, 72, 6175 }, // c
    { 18, 26, 22, 2, 26, 117, 6247 }, // d
    { 17, 19, 21, 2, 19, 81, 6364 }, // e
    { 14, 26, 14, 1, 26, 91, 6445 }, // f
    { 18, 27, 22, 2, 19, 122, 6536 }, // g
    { 17, 26, 21, 2, 26, 111, 6658 }, // h
    { 6, 26, 10, 2, 26, 39, 6769 }, // i
    { 10, 34, 9, -2, 26, 85, 6808 }, // j
    { 19, 26, 21, 3, 26, 124, 6893 }, // k
    { 6, 26, 10, 2, 26, 39, 7017 }, // l
    { 28, 19, 32, 2, 19, 133, 7056 }, // m
    { 17, 19, 21, 2, 19, 81, 7189 }, // n
    { 18, 19, 22, 2, 19, 86, 7270 }, // o
    { 17, 27, 21, 2, 19, 115, 7356 }, // p
    { 18, 27, 22, 2, 19, 122, 7471 }, // q
    { 13, 19, 15, 2, 19, 62, 7593 }, // r
    { 14, 19, 17, 2, 19, 67, 7655 }, // s
    { 13, 23, 15, 1, 23, 75, 7722 }, // t
    { 17, 19, 21, 2, 19, 81, 7797 }, // u
    { 20, 19, 19, 0, 19, 95, 7878 }, // v
    { 29, 19, 29, 0, 19, 138, 7973 }, // w
    { 20, 19, 19, 0, 19, 95, 8111 }, // x
    { 20, 27, 19, -1, 19, 135, 8206 }, // y
    { 14, 19, 16, 1, 19, 67, 8341 }, // z
    { 11, 30, 13, 1, 24, 83, 8408 }, // {
    { 4, 34, 18, 7, 26, 34, 8491 }, // |
    { 12, 30, 13, 1, 24, 90, 8525 }, // }
    { 16, 7, 18, 1, 15, 28, 8615 }, // ~
    { 0, 0, 9, 0, 0, 0, 8643 }, //  
    { 6, 25, 9, 2, 19, 38, 8643 }, // ¡
    { 15, 24, 19, 2, 24, 90, 8681 }, // ¢
    { 17, 24, 19, 1, 24, 102, 8771 }, // £
    { 17, 18, 19, 1, 21, 77, 8873 }, // ¤
    { 21, 24, 19, -1, 24, 126, 8950 }, // ¥
    { 4, 34, 18, 7, 26, 34, 9076 }, // ¦
    { 13, 26, 17, 2, 26, 85, 9110 }, // §
    { 12, 4, 20, 4, 25, 12, 9195 }, // ¨
    { 25, 26, 28, 2, 26, 163, 9207 }, // ©
    { 11, 12, 13, 1, 25, 33, 9370 }, // ª
    { 19, 17, 20, 1, 18, 81, 9403 }, // «
    { 17, 10, 19, 1, 14, 43, 9484 }, // ¬
    { 9, 4, 11, 1, 11, 9, 9527 }, // ­
    { 25, 26, 28, 2, 26, 163, 9536 }, // ®
    { 17, 4, 17, 0, 30, 17, 9699 }, // ¯
    { 11, 11, 13, 1, 24, 31, 9716 }, // °
    { 16, 22, 18, 1, 22, 88, 9747 }, // ±
    { 12, 15, 13, 0, 29, 45, 9835 }, // ²
    { 13, 15, 13, 0, 29, 49, 9880 }, // ³
    { 10, 6, 12, 1, 27, 15, 9929 }, // ´
    { 17, 27, 21, 2, 19, 115, 9944 }, // µ
    { 17, 30, 22, 2, 26, 128, 10059 }, // ¶
    { 6, 6, 10, 2, 15, 9, 10187 }, // ·
    { 8, 8, 10, 1, 0, 16, 10196 }, // ¸
    { 10, 14, 14, 1, 28, 35, 10212 }, // ¹
    { 11, 12, 13, 1, 24, 33, 10247 }, // º
    { 19, 17, 21, 1, 18, 81, 10280 }, // »
    { 27, 25, 28, 0, 25, 169, 10361 }, // ¼
    { 28, 25, 29, 0, 25, 175, 10530 }, // ½
    { 27, 25, 29, 1, 25, 169, 10705 }, // ¾
    { 15, 25, 16, 1, 19, 94, 10874 }, // ¿
    { 24, 32, 23, 0, 32, 192, 10968 }, // À
    { 24, 32, 23, 0, 32, 192, 11160 }, // Á
    { 24, 32, 23, 0, 32, 192, 11352 }, // Â
    { 24, 32, 23, 0, 32, 192, 11544 }, // Ã
    { 24, 31, 24, 0, 31, 186, 11736 }, // Ä
    { 24, 30, 22, -1, 30, 180, 11922 }, // Å
    { 30, 24, 32, 0, 24, 180, 12102 }, // Æ
    { 19, 32, 22, 2, 24, 152, 12282 }, // Ç
    { 14, 32, 18, 3, 32, 112, 12434 }, // È
    { 14, 32, 18, 3, 32, 112, 12546 }, // É
    { 14, 32, 18, 3, 32, 112, 12658 }, // Ê
    { 14, 31, 18, 3, 31, 109, 12770 }, // Ë
    { 12, 32, 13, 0, 32, 96, 12879 }, // Ì
    { 12, 32, 13, 1, 32, 96, 12975 }, // Í
    { 15, 32, 13, -1, 32, 120, 13071 }, // Î
    { 12, 31, 14, 1, 31, 93, 13191 }, // Ï
    { 22, 24, 25, 1, 24, 132, 13284 }, // Ð
    { 21, 32, 27, 3, 32, 168, 13416 }, // Ñ
    { 23, 33, 26, 2, 33, 190, 13584 }, // Ò
    { 23, 33, 26, 2, 33, 190, 13774 }, // Ó
    { 23, 33, 26, 2, 33, 190, 13964 }, // Ô
    { 23, 32, 26, 2, 32, 184, 14154 }, // Õ
    { 23, 32, 26, 2, 32, 184, 14338 }, // Ö
    { 15, 16, 19, 2, 20, 60, 14522 }, // ×
    { 23, 27, 26, 2, 25, 156, 14582 }, // Ø
    { 20, 33, 26, 3, 33, 165, 14738 }, // Ù
    { 20, 33, 26, 3, 33, 165, 14903 }, // Ú
    { 20, 33, 26, 3, 33, 165, 15068 }, // Û
    { 20, 32, 26, 3, 32, 160, 15233 }, // Ü
    { 21, 32, 21, 0, 32, 168, 15393 }, // Ý
    { 17, 24, 21, 3, 24, 102, 15561 }, // Þ
    { 20, 26, 23, 2, 26, 130, 15663 }, // ß
    { 17, 26, 20, 1, 26, 111, 15793 }, // à
    { 17, 26, 20, 1, 26, 111, 15904 }, // á
    { 17, 26, 20, 1, 26, 111, 16015 }, // â
    { 17, 27, 20, 1, 27, 115, 16126 }, // ã
    { 17, 26, 20, 1, 26, 111, 16241 }, // ä
    { 17, 29, 20, 1, 29, 124, 16352 }, // å
    { 28, 19, 30, 1, 19, 133, 16476 }, // æ
    { 15, 27, 17, 2, 19, 102, 16609 }, // ç
    { 17, 26, 21, 2, 26, 111, 16711 }, // è
    { 17, 26, 21, 2, 26, 111, 16822 }, // é
    { 17, 26, 21, 2, 26, 111, 16933 }, // ê
    { 17, 26, 21, 2, 26, 111, 17044 }, // ë
    { 10, 26, 10, -1, 26, 65, 17155 }, // ì
    { 11, 26, 10, 1, 26, 72, 17220 }, // í
    { 15, 26, 10, -3, 26, 98, 17292 }, // î
    { 12, 26, 10, -1, 26, 78, 17390 }, // ï
    { 18, 27, 22, 2, 27, 122, 17468 }, // ð
    { 17, 27, 21, 2, 27, 115, 17590 }, // ñ
    { 18, 26, 22, 2, 26, 117, 17705 }, // ò
    { 18, 26, 22, 2, 26, 117, 17822 }, // ó
    { 18, 26, 22, 2, 26, 117, 17939 }, // ô
    { 18, 27, 22, 2, 27, 122, 18056 }, // õ
    { 18, 26, 22, 2, 26, 117, 18178 }, // ö
    { 16, 17, 18, 1, 21, 68, 18295 }, // ÷
    { 18, 21, 21, 1, 20, 95, 18363 }, // ø
    { 17, 26, 21, 2, 26, 111, 18458 }, // ù
    { 17, 26, 21, 2, 26, 111, 18569 }, // ú
    { 17, 26, 21, 2, 26, 111, 18680 }, // û
    { 17, 26, 21, 2, 26, 111, 18791 }, // ü
    { 20, 34, 19, -1, 26, 170, 18902 }, // ý
    { 17, 34, 21, 2, 26, 145, 19072 }, // þ
    { 20, 34, 20, 0, 26, 170, 19217 }, // ÿ
    { 24, 30, 23, 0, 30, 180, 19387 }, // Ā
    { 17, 24, 20, 1, 24, 102, 19567 }, // ā
    { 24, 32, 24, 0, 32, 192, 19669 }, // Ă
    { 17, 26, 20, 1, 26, 111, 19861 }, // ă
    { 25, 32, 24, -1, 24, 200, 19972 }, // Ą
    { 17, 27, 20, 1, 19, 115, 20172 }, // ą
    { 19, 33, 22, 2, 33, 157, 20287 }, // Ć
    { 15, 26, 17, 2, 26, 98, 20444 }, // ć
    { 19, 33, 22, 2, 33, 157, 20542 }, // Ĉ
    { 15, 26, 17, 2, 26, 98, 20699 }, // ĉ
    { 19, 32, 22, 2, 32, 152, 20797 }, // Ċ
    { 15, 26, 17, 2, 26, 98, 20949 }, // ċ
    { 19, 33, 22, 2, 33, 157, 21047 }, // Č
    { 16, 26, 17, 2, 26, 104, 21204 }, // č
    { 20, 32, 25, 3, 32, 160, 21308 }, // Ď
    { 25, 26, 22, 2, 26, 163, 21468 }, // ď
    { 22, 24, 25, 1, 24, 132, 21631 }, // Đ
    { 20, 26, 23, 2, 26, 130, 21763 }, // đ
    { 14, 30, 18, 3, 30, 105, 21893 }, // Ē
    { 17, 24, 21, 2, 24, 102, 21998 }, // ē
    { 14, 32, 19, 3, 32, 112, 22100 }, // Ĕ
    { 17, 26, 21, 2, 26, 111, 22212 }, // ĕ
    { 14, 32, 18, 3, 32, 112, 22323 }, // Ė
    { 17, 26, 21, 2, 26, 111, 22435 }, // ė
    { 14, 32, 19, 3, 24, 112, 22546 }, // Ę
    { 17, 27, 20, 2, 19, 115, 22658 }, // ę
    { 15, 32, 18, 3, 32, 120, 22773 }, // Ě
    { 17, 26, 21, 2, 26, 111, 22893 }, // ě
    { 20, 33, 25, 2, 33, 165, 23004 }, // Ĝ
    { 18, 34, 22, 2, 26, 153, 23169 }, // ĝ
    { 20, 33, 25, 2, 33, 165, 23322 }, // Ğ
    { 18, 34, 22, 2, 26, 153, 23487 }, // ğ
    { 20, 32, 25, 2, 32, 160, 23640 }, // Ġ
    { 18, 34, 22, 2, 26, 153, 23800 }, // ġ
    { 20, 31, 25, 2, 24, 155, 23953 }, // Ģ
    { 18, 34, 22, 2, 26, 153, 24108 }, // ģ
    { 20, 32, 25, 3, 32, 160, 24261 }, // Ĥ
    { 22, 34, 21, -3, 34, 187, 24421 }, // ĥ
    { 26, 24, 26, 0, 24, 156, 24608 }, // Ħ
    { 20, 26, 23, 1, 26, 130, 24764 }, // ħ
    { 15, 32, 13, -2, 32, 120, 24894 }, // Ĩ
    { 15, 27, 10, -3, 27, 102, 25014 }, // ĩ
    { 11, 30, 13, 1, 30, 83, 25116 }, // Ī
    { 11, 24, 11, 0, 24, 66, 25199 }, // ī
    { 13, 32, 14, 1, 32, 104, 25265 }, // Ĭ
    { 13, 26, 10, -1, 26, 85, 25369 }, // ĭ
    { 11, 32, 13, 1, 24, 88, 25454 }, // Į
    { 7, 34, 10, 1, 26, 60, 25542 }, // į
    { 11, 32, 13, 1, 32, 88, 25602 }, // İ
    { 6, 19, 10, 2, 19, 29, 25690 }, // ı
    { 21, 31, 24, 1, 24, 163, 25719 }, // Ĳ
    { 16, 34, 20, 2, 26, 136, 25882 }, // ĳ
    { 16, 39, 11, -3, 32, 156, 26018 }, // Ĵ
    { 14, 34, 10, -2, 26, 119, 26174 }, // ĵ
    { 20, 31, 22, 3, 24, 155, 26293 }, // Ķ
    { 19, 33, 21, 3, 26, 157, 26448 }, // ķ
    { 19, 19, 21, 3, 19, 91, 26605 }, // ĸ
    { 16, 32, 19, 2, 32, 128, 26696 }, // Ĺ
    { 11, 34, 10, 1, 34, 94, 26824 }, // ĺ
    { 15, 31, 19, 3, 24, 117, 26918 }, // Ļ
    { 7, 33, 10, 1, 26, 58, 27035 }, // ļ
    { 16, 24, 19, 3, 24, 96, 27093 }, // Ľ
    { 13, 26, 10, 2, 26, 85, 27189 }, // ľ
    { 15, 24, 19, 3, 24, 90, 27274 }, // Ŀ
    { 12, 26, 12, 2, 26, 78, 27364 }, // ŀ
    { 18, 24, 19, 0, 24, 108, 27442 }, // Ł
    { 12, 26, 11, 0, 26, 78, 27550 }, // ł
    { 21, 32, 27, 3, 32, 168, 27628 }, // Ń
    { 17, 26, 21, 2, 26, 111, 27796 }, // ń
    { 21, 31, 27, 3, 24, 163, 27907 }, // Ņ
    { 17, 26, 21, 2, 19, 111, 28070 }, // ņ
    { 21, 32, 27, 3, 32, 168, 28181 }, // Ň
    { 17, 26, 21, 2, 26, 111, 28349 }, // ň
    { 24, 24, 26, 0, 24, 144, 28460 }, // ŉ
    { 21, 31, 27, 3, 24, 163, 28604 }, // Ŋ
    { 17, 27, 21, 2, 19, 115, 28767 }, // ŋ
    { 23, 30, 26, 2, 30, 173, 28882 }, // Ō
    { 18, 24, 22, 2, 24, 108, 29055 }, // ō
    { 23, 33, 26, 2, 33, 190, 29163 }, // Ŏ
    { 18, 26, 22, 2, 26, 117, 29353 }, // ŏ
    { 23, 32, 26, 2, 32, 184, 29470 }, // Ő
    { 18, 26, 22, 2, 26, 117, 29654 }, // ő
    { 29, 24, 32, 2, 24, 174, 29771 }, // Œ
    { 30, 19, 32, 1, 19, 143, 29945 }, // œ
    { 20, 32, 22, 3, 32, 160, 30088 }, // Ŕ
    { 13, 26, 15, 2, 26, 85, 30248 }, // ŕ
    { 20, 31, 22, 3, 24, 155, 30333 }, // Ŗ
    { 14, 26, 15, 1, 19, 91, 30488 }, // ŗ
    { 20, 32, 22, 3, 32, 160, 30579 }, // Ř
    { 15, 26, 15, 1, 26, 98, 30739 }, // ř
    { 17, 33, 18, 1, 33, 141, 30837 }, // Ś
    { 14, 26, 17, 2, 26, 91, 30978 }, // ś
    { 17, 33, 18, 1, 33, 141, 31069 }, // Ŝ
    { 15, 26, 17, 1, 26, 98, 31210 }, // ŝ
    { 17, 32, 18, 1, 24, 136, 31308 }, // Ş
    { 14, 27, 17, 2, 19, 95, 31444 }, // ş
    { 17, 33, 18, 1, 33, 141, 31539 }, // Š
    { 16, 26, 17, 1, 26, 104, 31680 }, // š
    { 18, 32, 20, 1, 24, 144, 31784 }, // Ţ
    { 13, 31, 15, 1, 23, 101, 31928 }, // ţ
    { 18, 32, 20, 1, 32, 144, 32029 }, // Ť
    { 19, 26, 15, 1, 26, 124, 32173 }, // ť
    { 18, 24, 20, 1, 24, 108, 32297 }, // Ŧ
    { 13, 23, 15, 1, 23, 75, 32405 }, // ŧ
    { 20, 32, 26, 3, 32, 160, 32480 }, // Ũ
    { 17, 27, 21, 2, 27, 115, 32640 }, // ũ
    { 20, 30, 26, 3, 30, 150, 32755 }, // Ū
    { 17, 24, 21, 2, 24, 102, 32905 }, // ū
    { 20, 33, 26, 3, 33, 165, 33007 }, // Ŭ
    { 17, 26, 21, 2, 26, 111, 33172 }, // ŭ
    { 20, 35, 26, 3, 35, 175, 33283 }, // Ů
    { 17, 29, 21, 2, 29, 124, 33458 }, // ů
    { 20, 32, 26, 3, 32, 160, 33582 }, // Ű
    { 17, 26, 21, 2, 26, 111, 33742 }, // ű
    { 20, 32, 26, 3, 24, 160, 33853 }, // Ų
    { 17, 27, 21, 2, 19, 115, 34013 }, // ų
    { 33, 32, 32, 0, 32, 264, 34128 }, // Ŵ
    { 29, 26, 29, 0, 26, 189, 34392 }, // ŵ
    { 21, 32, 21, 0, 32, 168, 34581 }, // Ŷ
    { 20, 34, 19, -1, 26, 170, 34749 }, // ŷ
    { 22, 31, 22, 0, 31, 171, 34919 }, // Ÿ
    { 18, 32, 20, 1, 32, 144, 35090 }, // Ź
    { 14, 26, 16, 1, 26, 91, 35234 }, // ź
    { 18, 32, 20, 1, 32, 144, 35325 }, // Ż
    { 14, 26, 16, 1, 26, 91, 35469 }, // ż
    { 18, 32, 20, 1, 32, 144, 35560 }, // Ž
    { 15, 26, 16, 1, 26, 98, 35704 }, // ž
    { 12, 26, 13, 3, 26, 78, 35802 }, // ſ
    { 10, 6, 0, -18, 27, 15, 35880 }, // ̀
    { 11, 6, 0, -13, 27, 17, 35895 }, // ́
    { 14, 6, 0, -7, 27, 21, 35912 }, // ̂
    { 15, 5, 0, -19, 26, 19, 35933 }, // ̃
    { 11, 4, 0, -5, 25, 11, 35952 }, // ̄
    { 14, 4, 0, -7, 29, 14, 35963 }, // ̅
    { 13, 6, 0, -6, 27, 20, 35977 }, // ̆
    { 6, 5, 0, -3, 26, 8, 35997 }, // ̇
    { 12, 4, 0, -6, 25, 12, 36005 }, // ̈
    { 8, 8, 0, -14, 29, 16, 36017 }, // ̉
    { 8, 8, 0, -4, 29, 16, 36033 }, // ̊
    { 16, 5, 0, -6, 26, 20, 36049 }, // ̋
    { 15, 6, 0, -7, 27, 23, 36069 }, // ̌
    { 3, 6, 0, -2, 26, 5, 36092 }, // ̍
    { 9, 6, 0, -4, 26, 14, 36097 }, // ̎
    { 14, 5, 0, -19, 26, 18, 36111 }, // ̏
    { 12, 8, 0, -6, 29, 24, 36129 }, // ̐
    { 13, 6, 0, -6, 27, 20, 36153 }, // ̑
    { 8, 8, 0, -4, 24, 16, 36173 }, // ̒
    { 8, 8, 0, -4, 24, 16, 36189 }, // ̓
    { 8, 8, 0, -4, 24, 16, 36205 }, // ̔
    { 8, 8, 0, -4, 24, 16, 36221 }, // ̕
    { 11, 6, 0, -6, -1, 17, 36237 }, // ̖
    { 10, 6, 0, -5, -1, 15, 36254 }, // ̗
    { 7, 7, 0, -3, 0, 13, 36269 }, // ̘
    { 6, 7, 0, -3, 0, 11, 36282 }, // ̙
    { 9, 9, 10, 1, 27, 21, 36293 }, // ̚
    { 9, 8, 0, -3, 26, 18, 36314 }, // ̛
    { 4, 8, 0, -2, 0, 8, 36332 }, // ̜
    { 7, 6, 0, -3, -1, 11, 36340 }, // ̝
    { 7, 7, 0, -3, -1, 13, 36351 }, // ̞
    { 7, 7, 0, -3, -1, 13, 36364 }, // ̟
    { 7, 3, 0, -3, -3, 6, 36377 }, // ̠
    { 8, 10, 0, -8, 2, 20, 36383 }, // ̡
    { 8, 10, 0, 0, 2, 20, 36403 }, // ̢
    { 6, 5, 0, -14, -2, 8, 36423 }, // ̣
    { 12, 4, 0, -6, -3, 12, 36431 }, // ̤
    { 8, 8, 0, -4, 0, 16, 36443 }, // ̥
    { 6, 5, 0, -3, -3, 8, 36459 }, // ̦
    { 8, 8, 0, -4, 0, 16, 36467 }, // ̧
    { 7, 9, 0, -3, 1, 16, 36483 }, // ̨
    { 3, 6, 0, -2, -1, 5, 36499 }, // ̩
    { 12, 7, 0, -6, -1, 21, 36504 }, // ̪
    { 13, 4, 0, -6, -2, 13, 36525 }, // ̫
    { 15, 6, 0, -7, -1, 23, 36538 }, // ̬
    { 14, 6, 0, -7, -1, 21, 36561 }, // ̭
    { 13, 6, 0, -6, -1, 20, 36582 }, // ̮
    { 13, 6, 0, -6, -1, 20, 36602 }, // ̯
    { 14, 5, 0, -7, -2, 18, 36622 }, // ̰
    { 11, 4, 0, -5, -2, 11, 36640 }, // ̱
    { 16, 3, 0, -8, -2, 12, 36651 }, // ̲
    { 14, 7, 0, -8, -1, 25, 36663 }, // ̳
    { 15, 5, 0, -7, 12, 19, 36688 }, // ̴
    { 14, 4, 0, -7, 12, 14, 36707 }, // ̵
    { 24, 4, 0, -12, 12, 24, 36721 }, // ̶
    { 12, 11, 0, -6, 15, 33, 36745 }, // ̷
    { 14, 28, 0, -7, 26, 98, 36778 }, // ̸
    { 5, 8, 0, -2, 0, 10, 36876 }, // ̹
    { 12, 6, 0, -6, -1, 18, 36886 }, // ̺
    { 13, 7, 0, -6, -1, 23, 36904 }, // ̻
    { 13, 4, 0, -6, -2, 13, 36927 }, // ̼
    { 8, 8, 0, -4, 27, 16, 36940 }, // ̽
    { 5, 10, 0, -2, 30, 13, 36956 }, // ̾
    { 14, 7, 0, -8, 33, 25, 36969 }, // ̿
    { 11, 6, 0, -8, 27, 17, 36994 }, // ̀
    { 10, 6, 0, -2, 27, 15, 37011 }, // ́
    { 14, 5, 0, -7, 26, 18, 37026 }, // ͂
    { 5, 7, 0, -3, 27, 9, 37044 }, // ̓
    { 17, 6, 0, -7, 27, 26, 37053 }, // ̈́
    { 6, 6, 0, -1, -2, 9, 37079 }, // ͅ
    { 15, 7, 0, -7, 27, 27, 37088 }, // ͆
    { 14, 7, 0, -8, -1, 25, 37115 }, // ͇
    { 9, 6, 0, -4, -1, 14, 37140 }, // ͈
    { 7, 7, 0, -3, -1, 13, 37154 }, // ͉
    { 14, 8, 0, -7, 27, 28, 37167 }, // ͊
    { 13, 13, 0, -7, 32, 43, 37195 }, // ͋
    { 12, 9, 0, -6, 30, 27, 37238 }, // ͌
    { 13, 8, 0, -7, 0, 26, 37265 }, // ͍
    { 7, 8, 0, -3, 0, 14, 37291 }, // ͎
    { 24, 24, 0, -12, 24, 144, 37305 }, // ͏
    { 6, 7, 0, -3, 27, 11, 37449 }, // ͐
    { 4, 8, 0, -2, 28, 8, 37460 }, // ͑
    { 12, 8, 0, -6, 29, 24, 37468 }, // ͒
    { 8, 7, 0, -4, -1, 14, 37492 }, // ͓
    { 6, 7, 0, -3, -1, 11, 37506 }, // ͔
    { 6, 7, 0, -3, -1, 11, 37517 }, // ͕
    { 13, 7, 0, -6, -1, 23, 37528 }, // ͖
    { 5, 8, 0, -2, 28, 10, 37551 }, // ͗
    { 6, 5, 0, 3, 26, 8, 37561 }, // ͘
    { 8, 7, 0, -4, -1, 14, 37569 }, // ͙
    { 13, 7, 0, -6, -1, 23, 37583 }, // ͚
    { 8, 7, 0, -4, 27, 14, 37606 }, // ͛
    { 28, 7, 0, -14, -1, 49, 37620 }, // ͜
    { 28, 7, 0, -14, 27, 49, 37669 }, // ͝
    { 20, 3, 0, -10, 24, 15, 37718 }, // ͞
    { 20, 3, 0, -10, -2, 15, 37733 }, // ͟
    { 28, 6, 0, -14, 27, 42, 37748 }, // ͠
    { 28, 8, 0, -14, 30, 56, 37790 }, // ͡
    { 27, 8, 0, -12, -1, 54, 37846 }, // ͢
    { 8, 8, 0, -3, 29, 16, 37900 }, // ͣ
    { 8, 9, 0, -3, 30, 18, 37916 }, // ͤ
    { 3, 10, 0, -1, 31, 8, 37934 }, // ͥ
    { 8, 8, 0, -4, 29, 16, 37942 }, // ͦ
    { 8, 7, 0, -3, 28, 14, 37958 }, // ͧ
    { 7, 8, 0, -3, 29, 14, 37972 }, // ͨ
    { 8, 11, 0, -4, 32, 22, 37986 }, // ͩ
    { 8, 10, 0, -3, 31, 20, 38008 }, // ͪ
    { 13, 8, 0, -6, 29, 26, 38028 }, // ͫ
    { 6, 8, 0, -2, 29, 12, 38054 }, // ͬ
    { 6, 9, 0, -2, 30, 14, 38066 }, // ͭ
    { 9, 8, 0, -4, 29, 18, 38080 }, // ͮ
    { 10, 7, 0, -5, 28, 18, 38098 }, // ͯ
    { 14, 32, 19, 3, 32, 112, 38116 }, // Ѐ
    { 14, 32, 19, 3, 32, 112, 38228 }, // Ё
    { 24, 24, 26, 1, 24, 144, 38340 }, // Ђ
    { 15, 32, 19, 3, 32, 120, 38484 }, // Ѓ
    { 19, 24, 22, 2, 24, 114, 38604 }, // Є
    { 17, 24, 18, 1, 24, 102, 38718 }, // Ѕ
    { 6, 24, 11, 3, 24, 36, 38820 }, // І
    { 10, 32, 12, 1, 32, 80, 38856 }, // Ї
    { 12, 31, 11, -3, 24, 93, 38936 }, // Ј
    { 33, 24, 36, 1, 24, 198, 39029 }, // Љ
    { 31, 24, 36, 3, 24, 186, 39227 }, // Њ
    { 24, 24, 26, 1, 24, 144, 39413 }, // Ћ
    { 20, 32, 23, 3, 32, 160, 39557 }, // Ќ
    { 21, 32, 26, 3, 32, 168, 39717 }, // Ѝ
    { 22, 32, 22, 0, 32, 176, 39885 }, // Ў
    { 20, 29, 26, 3, 24, 145, 40061 }, // Џ
    { 24, 24, 23, 0, 24, 144, 40206 }, // А
    { 17, 24, 22, 3, 24, 102, 40350 }, // Б
    { 18, 24, 23, 3, 24, 108, 40452 }, // В
    { 15, 24, 19, 3, 24, 90, 40560 }, // Г
    { 26, 30, 27, 1, 24, 195, 40650 }, // Д
    { 14, 24, 19, 3, 24, 84, 40845 }, // Е
    { 33, 24, 33, 0, 24, 198, 40929 }, // Ж
    { 18, 24, 20, 1, 24, 108, 41127 }, // З
    { 21, 24, 26, 3, 24, 126, 41235 }, // И
    { 21, 32, 26, 3, 32, 168, 41361 }, // Й
    { 20, 24, 23, 3, 24, 120, 41529 }, // К
    { 22, 24, 26, 1, 24, 132, 41649 }, // Л
    { 27, 24, 32, 3, 24, 162, 41781 }, // М
    { 20, 24, 26, 3, 24, 120, 41943 }, // Н
    { 23, 24, 26, 2, 24, 138, 42063 }, // О
    { 20, 24, 25, 3, 24, 120, 42201 }, // П
    { 17, 24, 21, 3, 24, 102, 42321 }, // Р
    { 19, 24, 22, 2, 24, 114, 42423 }, // С
    { 18, 24, 20, 1, 24, 108, 42537 }, // Т
    { 22, 24, 22, 0, 24, 132, 42645 }, // У
    { 27, 24, 30, 2, 24, 162, 42777 }, // Ф
    { 24, 24, 22, -1, 24, 144, 42939 }, // Х
    { 23, 30, 27, 3, 24, 173, 43083 }, // Ц
    { 19, 24, 24, 2, 24, 114, 43256 }, // Ч
    { 30, 24, 35, 3, 24, 180, 43370 }, // Ш
    { 33, 31, 37, 3, 24, 256, 43550 }, // Щ
    { 23, 24, 26, 1, 24, 138, 43806 }, // Ъ
    { 25, 24, 31, 3, 24, 150, 43944 }, // Ы
    { 17, 24, 22, 3, 24, 102, 44094 }, // Ь
    { 20, 24, 22, 1, 24, 120, 44196 }, // Э
    { 29, 24, 34, 3, 24, 174, 44316 }, // Ю
    { 20, 24, 23, 0, 24, 120, 44490 }, // Я
    { 17, 19, 19, 1, 19, 81, 44610 }, // а
    { 18, 27, 21, 2, 27, 122, 44691 }, // б
    { 17, 19, 19, 2, 19, 81, 44813 }, // в
    { 13, 19, 16, 3, 19, 62, 44894 }, // г
    { 21, 25, 23, 1, 19, 132, 44956 }, // д
    { 17, 19, 19, 1, 19, 81, 45088 }, // е
    { 30, 19, 29, -1, 19, 143, 45169 }, // ж
    { 16, 19, 16, 0, 19, 76, 45312 }, // з
    { 18, 19, 23, 3, 19, 86, 45388 }, // и
    { 18, 27, 23, 3, 27, 122, 45474 }, // й
    { 18, 19, 21, 3, 19, 86, 45596 }, // к
    { 19, 19, 22, 1, 19, 91, 45682 }, // л
    { 23, 19, 29, 3, 19, 110, 45773 }, // м
    { 17, 19, 23, 3, 19, 81, 45883 }, // н
    { 18, 19, 20, 1, 19, 86, 45964 }, // о
    { 17, 19, 22, 3, 19, 81, 46050 }, // п
    { 17, 27, 22, 3, 19, 115, 46131 }, // р
    { 16, 19, 17, 1, 19, 76, 46246 }, // с
    { 16, 19, 18, 1, 19, 76, 46322 }, // т
    { 21, 27, 19, -1, 19, 142, 46398 }, // у
    { 25, 34, 27, 1, 26, 213, 46540 }, // ф
    { 20, 19, 20, 0, 19, 95, 46753 }, // х
    { 19, 25, 22, 2, 19, 119, 46848 }, // ц
    { 17, 19, 22, 2, 19, 81, 46967 }, // ч
    { 27, 19, 33, 3, 19, 129, 47048 }, // ш
    { 29, 25, 33, 3, 19, 182, 47177 }, // щ
    { 21, 19, 23, 1, 19, 100, 47359 }, // ъ
    { 24, 19, 29, 3, 19, 114, 47459 }, // ы
    { 16, 19, 20, 3, 19, 76, 47573 }, // ь
    { 17, 19, 17, 0, 19, 81, 47649 }, // э
    { 25, 19, 29, 3, 19, 119, 47730 }, // ю
    { 18, 19, 20, 0, 19, 86, 47849 }, // я
    { 17, 27, 19, 1, 27, 115, 47935 }, // ѐ
    { 17, 26, 19, 1, 26, 111, 48050 }, // ё
    { 20, 34, 22, 0, 26, 170, 48161 }, // ђ
    { 13, 26, 16, 3, 26, 85, 48331 }, // ѓ
    { 16, 19, 17, 1, 19, 76, 48416 }, // є
    { 14, 19, 16, 1, 19, 67, 48492 }, // ѕ
    { 6, 26, 11, 3, 26, 39, 48559 }, // і
    { 9, 26, 11, 1, 26, 59, 48598 }, // ї
    { 10, 34, 9, -2, 26, 85, 48657 }, // ј
    { 29, 19, 30, 1, 19, 138, 48742 }, // љ
    { 27, 19, 31, 3, 19, 129, 48880 }, // њ
    { 20, 26, 22, 0, 26, 130, 49009 }, // ћ
    { 18, 26, 21, 3, 26, 117, 49139 }, // ќ
    { 18, 26, 23, 3, 26, 117, 49256 }, // ѝ
    { 21, 35, 19, -1, 27, 184, 49373 }, // ў
    { 17, 24, 22, 3, 19, 102, 49557 }, // џ
    { 31, 24, 32, 1, 24, 186, 49659 }, // Ѡ
    { 28, 19, 29, 1, 19, 133, 49845 }, // ѡ
    { 21, 24, 23, 0, 24, 126, 49978 }, // Ѣ
    { 21, 23, 23, 1, 23, 121, 50104 }, // ѣ
    { 28, 24, 32, 3, 24, 168, 50225 }, // Ѥ
    { 24, 19, 27, 2, 19, 114, 50393 }, // ѥ
    { 24, 24, 24, 0, 24, 144, 50507 }, // Ѧ
    { 22, 19, 22, 0, 19, 105, 50651 }, // ѧ
    { 30, 24, 33, 3, 24, 180, 50756 }, // Ѩ
    { 28, 19, 31, 3, 19, 133, 50936 }, // ѩ
    { 27, 24, 27, 0, 24, 162, 51069 }, // Ѫ
    { 22, 19, 22, 0, 19, 105, 51231 }, // ѫ
    { 33, 24, 36, 3, 24, 198, 51336 }, // Ѭ
    { 27, 19, 30, 3, 19, 129, 51534 }, // ѭ
    { 19, 38, 21, 1, 30, 181, 51663 }, // Ѯ
    { 18, 32, 19, 1, 24, 144, 51844 }, // ѯ
    { 24, 24, 30, 3, 24, 144, 51988 }, // Ѱ
    { 24, 34, 27, 2, 26, 204, 52132 }, // ѱ
    { 23, 24, 27, 2, 24, 138, 52336 }, // Ѳ
    { 18, 19, 21, 1, 19, 86, 52474 }, // ѳ
    { 24, 24, 24, 0, 24, 144, 52560 }, // Ѵ
    { 21, 19, 20, -1, 19, 100, 52704 }, // ѵ
    { 24, 32, 24, 0, 32, 192, 52804 }, // Ѷ
    { 21, 26, 20, -1, 26, 137, 52996 }, // ѷ
    { 43, 32, 44, 2, 24, 344, 53133 }, // Ѹ
    { 38, 27, 40, 2, 19, 257, 53477 }, // ѹ
    { 24, 29, 28, 2, 27, 174, 53734 }, // Ѻ
    { 20, 22, 24, 2, 20, 110, 53908 }, // ѻ
    { 33, 38, 36, 2, 38, 314, 54018 }, // Ѽ
    { 29, 32, 32, 2, 32, 232, 54332 }, // ѽ
    { 31, 31, 32, 1, 31, 241, 54564 }, // Ѿ
    { 28, 25, 29, 1, 25, 175, 54805 }, // ѿ
    { 20, 32, 23, 2, 24, 160, 54980 }, // Ҁ
    { 15, 27, 17, 1, 19, 102, 55140 }, // ҁ
    { 18, 23, 20, 1, 22, 104, 55242 }, // ҂
    { 13, 6, 0, -16, 25, 20, 55346 }, // ҃
    { 13, 6, 0, -15, 27, 20, 55366 }, // ҄
    { 5, 7, 0, -11, 27, 9, 55386 }, // ҅
    { 5, 7, 0, -11, 27, 9, 55395 }, // ҆
    { 13, 6, 0, -6, 32, 20, 55404 }, // ҇
    { 38, 36, 0, -19, 28, 342, 55424 }, // ҈
    { 37, 38, 0, -18, 28, 352, 55766 }, // ҉
    { 27, 40, 30, 3, 33, 270, 56118 }, // Ҋ
    { 24, 33, 27, 3, 27, 198, 56388 }, // ҋ
    { 19, 24, 22, 1, 24, 114, 56586 }, // Ҍ
    { 20, 26, 21, 1, 26, 130, 56700 }, // ҍ
    { 17, 24, 21, 3, 24, 102, 56830 }, // Ҏ
    { 17, 27, 22, 3, 19, 115, 56932 }, // ҏ
    { 16, 30, 20, 3, 30, 120, 57047 }, // Ґ
    { 15, 24, 18, 3, 24, 90, 57167 }, // ґ
    { 17, 24, 19, 1, 24, 102, 57257 }, // Ғ
    { 16, 19, 17, 1, 19, 76, 57359 }, // ғ
    { 20, 32, 25, 3, 24, 160, 57435 }, // Ҕ
    { 16, 27, 20, 3, 19, 108, 57595 }, // ҕ
    { 35, 31, 34, -1, 24, 272, 57703 }, // Җ
    { 33, 26, 32, -1, 19, 215, 57975 }, // җ
    { 17, 32, 20, 1, 24, 136, 58190 }, // Ҙ
    { 16, 27, 17, 1, 19, 108, 58326 }, // ҙ
    { 22, 31, 26, 3, 24, 171, 58434 }, // Қ
    { 19, 26, 22, 2, 19, 124, 58605 }, // қ
    { 20, 24, 22, 3, 24, 120, 58729 }, // Ҝ
    { 19, 19, 20, 2, 19, 91, 58849 }, // ҝ
    { 22, 24, 23, 1, 24, 132, 58940 }, // Ҟ
    { 21, 26, 22, 1, 26, 137, 59072 }, // ҟ
    { 26, 24, 25, 0, 24, 156, 59209 }, // Ҡ
    { 24, 19, 24, 0, 19, 114, 59365 }, // ҡ
    { 24, 31, 28, 3, 24, 186, 59479 }, // Ң
    { 23, 25, 26, 3, 19, 144, 59665 }, // ң
    { 25, 24, 28, 3, 24, 150, 59809 }, // Ҥ
    { 23, 19, 26, 3, 19, 110, 59959 }, // ҥ
    { 33, 32, 38, 3, 24, 264, 60069 }, // Ҧ
    { 26, 27, 30, 3, 19, 176, 60333 }, // ҧ
    { 23, 25, 26, 2, 24, 144, 60509 }, // Ҩ
    { 19, 20, 21, 1, 19, 95, 60653 }, // ҩ
    { 19, 32, 22, 2, 24, 152, 60748 }, // Ҫ
    { 15, 27, 17, 2, 19, 102, 60900 }, // ҫ
    { 18, 31, 20, 1, 24, 140, 61002 }, // Ҭ
    { 17, 25, 19, 1, 19, 107, 61142 }, // ҭ
    { 21, 24, 21, 0, 24, 126, 61249 }, // Ү
    { 21, 27, 19, -1, 19, 142, 61375 }, // ү
    { 21, 24, 21, 0, 24, 126, 61517 }, // Ұ
    { 20, 27, 18, -1, 19, 135, 61643 }, // ұ
    { 26, 31, 25, -1, 24, 202, 61778 }, // Ҳ
    { 22, 26, 22, 0, 19, 143, 61980 }, // ҳ
    { 30, 32, 32, 1, 24, 240, 62123 }, // Ҵ
    { 25, 27, 27, 1, 19, 169, 62363 }, // ҵ
    { 24, 31, 27, 2, 24, 186, 62532 }, // Ҷ
    { 22, 25, 25, 2, 19, 138, 62718 }, // ҷ
    { 20, 24, 25, 2, 24, 120, 62856 }, // Ҹ
    { 18, 19, 22, 2, 19, 86, 62976 }, // ҹ
    { 20, 24, 25, 3, 24, 120, 63062 }, // Һ
    { 17, 26, 21, 2, 26, 111, 63182 }, // һ
    { 29, 24, 32, 0, 24, 174, 63293 }, // Ҽ
    { 23, 19, 24, 0, 19, 110, 63467 }, // ҽ
    { 29, 30, 32, 0, 24, 218, 63577 }, // Ҿ
    { 23, 26, 24, 0, 19, 150, 63795 }, // ҿ
    { 11, 24, 13, 1, 24, 66, 63945 }, // Ӏ
    { 33, 32, 33, 0, 32, 264, 64011 }, // Ӂ
    { 30, 27, 29, -1, 27, 203, 64275 }, // ӂ
    { 21, 32, 26, 3, 24, 168, 64478 }, // Ӄ
    { 19, 27, 22, 3, 19, 129, 64646 }, // ӄ
    { 28, 31, 28, 0, 24, 217, 64775 }, // Ӆ
    { 24, 26, 24, 0, 19, 156, 64992 }, // ӆ
    { 20, 32, 25, 3, 24, 160, 65148 }, // Ӈ
    { 17, 27, 23, 3, 19, 115, 65308 }, // ӈ
    { 25, 31, 28, 3, 24, 194, 65423 }, // Ӊ
    { 22, 25, 25, 3, 19, 138, 65617 }, // ӊ
    { 20, 31, 25, 2, 24, 155, 65755 }, // Ӌ
    { 18, 25, 22, 2, 19, 113, 65910 }, // ӌ
    { 32, 31, 35, 3, 24, 248, 66023 }, // Ӎ
    { 28, 25, 31, 3, 19, 175, 66271 }, // ӎ
    { 11, 24, 13, 1, 24, 66, 66446 }, // ӏ
    { 24, 32, 23, 0, 32, 192, 66512 }, // Ӑ
    { 17, 27, 19, 1, 27, 115, 66704 }, // ӑ
    { 24, 31, 24, 0, 31, 186, 66819 }, // Ӓ
    { 17, 26, 19, 1, 26, 111, 67005 }, // ӓ
    { 30, 24, 32, 0, 24, 180, 67116 }, // Ӕ
    { 28, 19, 30, 1, 19, 133, 67296 }, // ӕ
    { 14, 32, 18, 3, 32, 112, 67429 }, // Ӗ
    { 17, 27, 21, 2, 27, 115, 67541 }, // ӗ
    { 23, 24, 27, 3, 24, 138, 67656 }, // Ә
    { 17, 19, 21, 2, 19, 81, 67794 }, // ә
    { 23, 32, 27, 3, 32, 184, 67875 }, // Ӛ
    { 17, 26, 21, 2, 26, 111, 68059 }, // ӛ
    { 33, 31, 33, 0, 31, 256, 68170 }, // Ӝ
    { 30, 26, 29, 0, 26, 195, 68426 }, // ӝ
    { 18, 32, 20, 1, 32, 144, 68621 }, // Ӟ
    { 16, 26, 16, 0, 26, 104, 68765 }, // ӟ
    { 18, 24, 20, 1, 24, 108, 68869 }, // Ӡ
    { 18, 27, 18, 0, 19, 122, 68977 }, // ӡ
    { 21, 30, 26, 3, 30, 158, 69099 }, // Ӣ
    { 18, 24, 23, 3, 24, 108, 69257 }, // ӣ
    { 21, 31, 26, 3, 31, 163, 69365 }, // Ӥ
    { 18, 26, 23, 3, 26, 117, 69528 }, // ӥ
    { 23, 32, 26, 2, 32, 184, 69645 }, // Ӧ
    { 18, 26, 22, 2, 26, 117, 69829 }, // ӧ
    { 23, 24, 27, 2, 24, 138, 69946 }, // Ө
    { 18, 19, 21, 1, 19, 86, 70084 }, // ө
    { 23, 32, 27, 2, 32, 184, 70170 }, // Ӫ
    { 18, 26, 21, 1, 26, 117, 70354 }, // ӫ
    { 19, 32, 22, 1, 32, 152, 70471 }, // Ӭ
    { 16, 26, 17, 1, 26, 104, 70623 }, // ӭ
    { 22, 30, 21, 0, 30, 165, 70727 }, // Ӯ
    { 20, 32, 19, -1, 24, 160, 70892 }, // ӯ
    { 22, 32, 22, 0, 32, 176, 71052 }, // Ӱ
    { 20, 34, 20, 0, 26, 170, 71228 }, // ӱ
    { 22, 32, 22, 0, 32, 176, 71398 }, // Ӳ
    { 20, 34, 19, -1, 26, 170, 71574 }, // ӳ
    { 19, 31, 24, 2, 31, 148, 71744 }, // Ӵ
    { 17, 26, 22, 2, 26, 111, 71892 }, // ӵ
    { 15, 31, 19, 3, 24, 117, 72003 }, // Ӷ
    { 13, 25, 16, 3, 19, 82, 72120 }, // ӷ
    { 25, 31, 31, 3, 31, 194, 72202 }, // Ӹ
    { 24, 26, 29, 3, 26, 156, 72396 }, // ӹ
    { 17, 32, 19, 1, 24, 136, 72552 }, // Ӻ
    { 16, 27, 17, 1, 19, 108, 72688 }, // ӻ
    { 25, 32, 25, 0, 24, 200, 72796 }, // Ӽ
    { 21, 27, 21, -1, 19, 142, 72996 }, // ӽ
    { 23, 24, 23, 0, 24, 138, 73138 }, // Ӿ
    { 20, 19, 20, 0, 19, 95, 73276 }, // ӿ
    { 0, 0, 17, 0, 0, 0, 73371 }, //  
    { 0, 0, 33, 0, 0, 0, 73371 }, //  
    { 0, 0, 17, 0, 0, 0, 73371 }, //  
    { 0, 0, 33, 0, 0, 0, 73371 }, //  
    { 0, 0, 11, 0, 0, 0, 73371 }, //  
    { 0, 0, 8, 0, 0, 0, 73371 }, //  
    { 0, 0, 6, 0, 0, 0, 73371 }, //  
    { 0, 0, 19, 0, 0, 0, 73371 }, //  
    { 0, 0, 9, 0, 0, 0, 73371 }, //  
    { 0, 0, 6, 0, 0, 0, 73371 }, //  
    { 0, 0, 3, 0, 0, 0, 73371 }, //  
    { 0, 0, 0, 0, 0, 0, 73371 }, // ​
    { 0, 0, 0, 0, 0, 0, 73371 }, // ‌
    { 0, 0, 0, 0, 0, 0, 73371 }, // ‍
    { 9, 29, 0, -1, 24, 66, 73371 }, // ‎
    { 8, 29, 0, -7, 24, 58, 73437 }, // ‏
    { 9, 4, 11, 1, 11, 9, 73495 }, // ‐
    { 9, 4, 11, 1, 11, 9, 73504 }, // ‑
    { 17, 4, 19, 1, 14, 17, 73513 }, // ‒
    { 14, 4, 16, 1, 11, 14, 73530 }, // –
    { 31, 4, 33, 1, 11, 31, 73544 }, // —
    { 31, 4, 33, 1, 11, 31, 73575 }, // ―
    { 12, 34, 18, 3, 26, 102, 73606 }, // ‖
    { 14, 7, 14, 0, -1, 25, 73708 }, // ‗
    { 7, 8, 7, 0, 24, 14, 73733 }, // ‘
    { 7, 8, 7, 0, 24, 14, 73747 }, // ’
    { 8, 8, 10, 0, 4, 16, 73761 }, // ‚
    { 7, 8, 7, 0, 24, 14, 73777 }, // ‛
    { 15, 8, 15, 0, 24, 30, 73791 }, // “
    { 15, 8, 15, 0, 24, 30, 73821 }, // ”
    { 15, 8, 17, 1, 4, 30, 73851 }, // „
    { 15, 8, 15, 0, 24, 30, 73881 }, // ‟
    { 14, 26, 16, 1, 26, 91, 73911 }, // †
    { 14, 26, 18, 2, 26, 91, 74002 }, // ‡
    { 9, 11, 13, 2, 18, 25, 74093 }, // •
    { 11, 14, 13, 2, 20, 39, 74118 }, // ‣
    { 6, 6, 16, 5, 6, 9, 74157 }, // ․
    { 16, 6, 20, 2, 6, 24, 74166 }, // ‥
    { 24, 6, 28, 2, 6, 36, 74190 }, // …
    { 6, 6, 10, 2, 12, 9, 74226 }, // ‧
    { 0, 0, 20, 0, 0, 0, 74235 }, //  
    { 0, 0, 20, 0, 0, 0, 74235 }, //  
    { 9, 26, 0, -1, 21, 59, 74235 }, // ‪
    { 8, 26, 0, -7, 21, 52, 74294 }, // ‫
    { 8, 28, 0, -4, 23, 56, 74346 }, // ‬
    { 9, 29, 0, -5, 24, 66, 74402 }, // ‭
    { 8, 29, 0, -4, 24, 58, 74468 }, // ‮
    { 0, 0, 6, 0, 0, 0, 74526 }, //  
    { 41, 24, 43, 1, 24, 246, 74526 }, // ‰
    { 54, 24, 56, 1, 24, 324, 74772 }, // ‱
    { 10, 9, 10, 1, 24, 23, 75096 }, // ′
    { 17, 9, 17, 1, 24, 39, 75119 }, // ″
    { 25, 9, 25, 1, 24, 57, 75158 }, // ‴
    { 10, 9, 14, 1, 24, 23, 75215 }, // ‵
    { 17, 9, 21, 1, 24, 39, 75238 }, // ‶
    { 25, 9, 29, 1, 24, 57, 75277 }, // ‷
    { 13, 11, 14, 0, 3, 36, 75334 }, // ‸
    { 10, 17, 12, 1, 18, 43, 75370 }, // ‹
    { 10, 17, 12, 1, 18, 43, 75413 }, // ›
    { 25, 24, 29, 2, 24, 150, 75456 }, // ※
    { 15, 24, 19, 2, 24, 90, 75606 }, // ‼
    { 16, 24, 16, -1, 24, 96, 75696 }, // ‽
    { 17, 4, 17, 0, 30, 17, 75792 }, // ‾
    { 20, 8, 20, 0, 0, 40, 75809 }, // ‿
    { 20, 9, 20, 0, 28, 45, 75849 }, // ⁀
    { 14, 22, 14, 0, 14, 77, 75894 }, // ⁁
    { 37, 31, 37, 0, 26, 287, 75971 }, // ⁂
    { 9, 4, 12, 2, 11, 9, 76258 }, // ⁃
    { 18, 24, 4, -7, 24, 108, 76267 }, // ⁄
    { 8, 30, 11, 2, 24, 60, 76375 }, // ⁅
    { 9, 30, 11, 0, 24, 68, 76435 }, // ⁆
    { 32, 24, 32, 0, 24, 192, 76503 }, // ⁇
    { 24, 24, 26, 0, 24, 144, 76695 }, // ⁈
    { 24, 24, 26, 2, 24, 144, 76839 }, // ⁉
    { 16, 19, 19, 1, 19, 76, 76983 }, // ⁊
    { 17, 30, 22, 3, 26, 128, 77059 }, // ⁋
    { 17, 18, 22, 2, 19, 77, 77187 }, // ⁌
    { 17, 18, 22, 3, 19, 77, 77264 }, // ⁍
    { 18, 16, 18, 0, 9, 72, 77341 }, // ⁎
    { 6, 24, 9, 2, 19, 36, 77413 }, // ⁏
    { 20, 36, 20, 0, 28, 180, 77449 }, // ⁐
    { 18, 33, 18, 0, 26, 149, 77629 }, // ⁑
    { 15, 24, 16, 0, 24, 90, 77778 }, // ⁒
    { 32, 6, 33, 1, 13, 48, 77868 }, // ⁓
    { 20, 9, 20, 0, 0, 45, 77916 }, // ⁔
    { 17, 17, 19, 1, 17, 73, 77961 }, // ⁕
    { 16, 24, 19, 2, 24, 96, 78034 }, // ⁖
    { 31, 9, 31, 1, 24, 70, 78130 }, // ⁗
    { 26, 24, 29, 2, 24, 156, 78200 }, // ⁘
    { 26, 24, 29, 2, 24, 156, 78356 }, // ⁙
    { 6, 24, 9, 2, 24, 36, 78512 }, // ⁚
    { 20, 27, 23, 2, 27, 135, 78548 }, // ⁛
    { 26, 27, 28, 1, 26, 176, 78683 }, // ⁜
    { 6, 26, 10, 2, 26, 39, 78859 }, // ⁝
    { 6, 24, 9, 2, 24, 36, 78898 }, // ⁞
    { 0, 0, 7, 0, 0, 0, 78934 }, //  
    { 0, 0, 20, 0, 0, 0, 78934 }, // ⁠
    { 0, 0, 20, 0, 0, 0, 78934 }, // ⁡
    { 0, 0, 20, 0, 0, 0, 78934 }, // ⁢
    { 0, 0, 20, 0, 0, 0, 78934 }, // ⁣
    { 0, 0, 20, 0, 0, 0, 78934 }, // ⁤
    { 0, 0, 0, 0, 0, 0, 78934 }, // ⁦
    { 0, 0, 0, 0, 0, 0, 78934 }, // ⁧
    { 0, 0, 0, 0, 0, 0, 78934 }, // ⁨
    { 0, 0, 0, 0, 0, 0, 78934 }, // ⁩
    { 8, 29, 0, -4, 24, 58, 78934 }, // ⁪
    { 8, 29, 0, -5, 24, 58, 78992 }, // ⁫
    { 9, 28, 0, -4, 23, 63, 79050 }, // ⁬
    { 9, 29, 0, -4, 24, 66, 79113 }, // ⁭
    { 9, 29, 0, -4, 24, 66, 79179 }, // ⁮
    { 8, 29, 0, -4, 24, 58, 79245 }, // ⁯
    { 12, 15, 13, 1, 29, 45, 79303 }, // ⁰
    { 4, 15, 7, 2, 25, 15, 79348 }, // ⁱ
    { 12, 15, 14, 1, 29, 45, 79363 }, // ⁴
    { 12, 15, 13, 1, 29, 45, 79408 }, // ⁵
    { 11, 15, 13, 1, 29, 42, 79453 }, // ⁶
    { 11, 16, 13, 1, 29, 44, 79495 }, // ⁷
    { 11, 15, 13, 1, 29, 42, 79539 }, // ⁸
    { 12, 16, 13, 1, 30, 48, 79581 }, // ⁹
    { 10, 10, 12, 1, 25, 25, 79629 }, // ⁺
    { 10, 3, 12, 1, 22, 8, 79654 }, // ⁻
    { 10, 7, 12, 1, 24, 18, 79662 }, // ⁼
    { 6, 19, 8, 2, 31, 29, 79680 }, // ⁽
    { 6, 19, 8, 0, 31, 29, 79709 }, // ⁾
    { 11, 11, 15, 2, 21, 31, 79738 }, // ⁿ
    { 12, 15, 13, 1, 10, 45, 79769 }, // ₀
    { 10, 14, 14, 1, 10, 35, 79814 }, // ₁
    { 12, 15, 13, 0, 11, 45, 79849 }, // ₂
    { 13, 16, 13, 0, 11, 52, 79894 }, // ₃
    { 12, 15, 14, 1, 10, 45, 79946 }, // ₄
    { 12, 15, 13, 1, 10, 45, 79991 }, // ₅
    { 11, 16, 13, 1, 11, 44, 80036 }, // ₆
    { 11, 16, 13, 1, 11, 44, 80080 }, // ₇
    { 11, 15, 13, 1, 10, 42, 80124 }, // ₈
    { 12, 16, 13, 1, 11, 48, 80166 }, // ₉
    { 10, 10, 12, 1, 8, 25, 80214 }, // ₊
    { 10, 3, 12, 1, 5, 8, 80239 }, // ₋
    { 10, 7, 12, 1, 7, 18, 80247 }, // ₌
    { 6, 19, 8, 2, 12, 29, 80265 }, // ₍
    { 6, 19, 8, 0, 12, 29, 80294 }, // ₎
    { 11, 11, 13, 1, 8, 31, 80323 }, // ₐ
    { 11, 11, 13, 1, 8, 31, 80354 }, // ₑ
    { 12, 11, 13, 1, 8, 33, 80385 }, // ₒ
    { 13, 11, 13, 0, 8, 36, 80418 }, // ₓ
    { 11, 11, 13, 1, 8, 31, 80454 }, // ₔ
    { 11, 15, 15, 2, 12, 42, 80485 }, // ₕ
    { 12, 15, 13, 2, 12, 45, 80527 }, // ₖ
    { 3, 15, 7, 2, 12, 12, 80572 }, // ₗ
    { 17, 11, 21, 2, 8, 47, 80584 }, // ₘ
    { 11, 11, 15, 2, 8, 31, 80631 }, // ₙ
    { 11, 16, 14, 2, 8, 44, 80662 }, // ₚ
    { 9, 11, 11, 1, 8, 25, 80706 }, // ₛ
    { 8, 14, 10, 1, 11, 28, 80731 }, // ₜ
    { 18, 24, 19, 1, 24, 108, 80759 }, // ₠
    { 19, 29, 20, 1, 26, 138, 80867 }, // ₡
    { 18, 24, 19, 1, 24, 108, 81005 }, // ₢
    { 17, 24, 19, 1, 24, 102, 81113 }, // ₣
    { 17, 24, 19, 1, 24, 102, 81215 }, // ₤
    { 28, 27, 32, 2, 23, 189, 81317 }, // ₥
    { 18, 24, 20, 1, 24, 108, 81506 }, // ₦
    { 26, 24, 30, 3, 24, 156, 81614 }, // ₧
    { 27, 24, 30, 2, 24, 162, 81770 }, // ₨
    { 24, 24, 26, 1, 24, 144, 81932 }, // ₩
    { 25, 24, 31, 3, 24, 150, 82076 }, // ₪
    { 20, 31, 23, 2, 26, 155, 82226 }, // ₫
    { 18, 24, 19, 1, 24, 108, 82381 }, // €
    { 19, 24, 20, 1, 24, 114, 82489 }, // ₭
    { 18, 24, 20, 1, 24, 108, 82603 }, // ₮
    { 33, 32, 34, 0, 24, 264, 82711 }, // ₯
    { 20, 32, 20, -1, 24, 160, 82975 }, // ₰
    { 19, 24, 21, 1, 24, 114, 83135 }, // ₱
    { 20, 29, 25, 2, 26, 145, 83249 }, // ₲
    { 23, 24, 23, 0, 24, 138, 83394 }, // ₳
    { 18, 24, 20, 1, 24, 108, 83532 }, // ₴
    { 18, 29, 21, 2, 26, 131, 83640 }, // ₵
    { 22, 23, 23, 0, 23, 127, 83771 }, // ₶
    { 22, 27, 24, 1, 24, 149, 83898 }, // ₷
    { 18, 24, 20, 1, 24, 108, 84047 }, // ₸
    { 15, 24, 19, 2, 24, 90, 84155 }, // ₹
    { 18, 24, 20, 1, 24, 108, 84245 }, // ₺
    { 26, 24, 28, 1, 24, 156, 84353 }, // ₻
    { 26, 24, 30, 2, 24, 156, 84509 }, // ₼
    { 20, 24, 20, 0, 24, 120, 84665 }, // ₽
    { 23, 26, 27, 2, 26, 150, 84785 }, // ₾
    { 15, 32, 19, 3, 28, 120, 84935 }, // ₿
    { 15, 25, 17, 1, 19, 94, 85055 }, // ⃀
    { 17, 4, 19, 1, 14, 17, 85149 }, // −
    { 31, 32, 33, 1, 26, 248, 85166 }, // �
};

static const EpdUnicodeInterval notosans_16_boldIntervals[] = {
    { 0x0, 0x0, 0x0 },
    { 0xD, 0xD, 0x1 },
    { 0x20, 0x7E, 0x2 },
    { 0xA0, 0xFF, 0x61 },
    { 0x100, 0x17F, 0xC1 },
    { 0x300, 0x36F, 0x141 },
    { 0x400, 0x4FF, 0x1B1 },
    { 0x2000, 0x2064, 0x2B1 },
    { 0x2066, 0x206F, 0x316 },
    { 0x2070, 0x2071, 0x320 },
    { 0x2074, 0x208E, 0x322 },
    { 0x2090, 0x209C, 0x33D },
    { 0x20A0, 0x20C0, 0x34A },
    { 0x2212, 0x2212, 0x36B },
    { 0xFFFD, 0xFFFD, 0x36C },
};

static const EpdFontData notosans_16_bold = {
    notosans_16_boldBitmaps,
    notosans_16_boldGlyphs,
    notosans_16_boldIntervals,
    15,
    45,
    36,
    -10,
    true,
};
